source,target,weight,correlation
LPIN1,ADCY1,1,1
LPIN1,ANXA11,1,1
LPIN1,ATP1B3,1,1
LPIN1,BCL7A,1,1
LPIN1,C8ORF58,1,1
LPIN1,CISD3,1,1
LPIN1,COMMD3,1,1
LPIN1,CUTA,1,1
LPIN1,DHRS1,1,1
LPIN1,ETV1,1,1
LPIN1,FAM122B,1,1
LPIN1,FAM149B1,1,1
LPIN1,FKBP11,1,1
LPIN1,GBP3,1,1
LPIN1,GLCCI1,1,1
LPIN1,HERC4,1,1
LPIN1,HMCN1,1,1
LPIN1,ITGB5,1,1
LPIN1,KLF6,1,1
LPIN1,KRBA1,1,1
LPIN1,LRIG1,1,1
LPIN1,METTL14,1,1
LPIN1,MMP15,1,1
LPIN1,NDFIP1,1,1
LPIN1,NOMO1,1,1
LPIN1,NT5DC2,1,1
LPIN1,PGRMC1,1,1
LPIN1,PPIA,1,1
LPIN1,RAD17,1,1
LPIN1,ROR1,1,1
LPIN1,SHROOM1,1,1
LPIN1,SLC1A1,1,1
LPIN1,SMAP2,1,1
LPIN1,SORCS1,1,1
LPIN1,ST6GAL1,1,1
LPIN1,TBC1D22B,1,1
LPIN1,THOC2,1,1
LPIN1,TMEM5,1,1
LPIN1,TMEM54,1,1
LPIN1,TMEM62,1,1
TMEM161A,ETFB,1,1
TMEM161A,FABP7,1,1
TMEM161A,GORAB,1,1
TMEM161A,RIDA,1,1
CHST10,AIMP2,1,1
CHST10,ARMCX5,1,1
CHST10,CEP170B,1,1
CHST10,COX18,1,1
CHST10,DGKI,1,1
CHST10,DUS3L,1,1
CHST10,ELOVL2,1,1
CHST10,GPD2,1,1
CHST10,HOXD13,1,1
CHST10,LIN28B,1,1
CHST10,NKRF,1,1
CHST10,PINX1,1,1
CHST10,SEMA3D,1,1
CHST10,SWAP70,1,1
CHST10,TIMM44,1,1
CHST10,TPM3P9,1,1
CHST10,UBASH3B,1,1
CHST10,UBE3C,1,1
CITED4,AC004980.7,1,1
CITED4,ACPP,1,1
CITED4,ADGRB1,1,1
CITED4,AFAP1L2,1,1
CITED4,AGMO,1,1
CITED4,ALG13,1,1
CITED4,ANGPTL1,1,1
CITED4,ARHGAP6,1,1
CITED4,ARPP21,1,1
CITED4,ART3,1,1
CITED4,ATP2B1,1,1
CITED4,ATP9A,1,1
CITED4,ATXN1,1,1
CITED4,C1QTNF3,1,1
CITED4,C1QTNF3-AMACR,1,1
CITED4,CA12,1,1
CITED4,CDC42EP3,1,1
CITED4,CELSR1,1,1
CITED4,CEMIP,1,1
CITED4,CHURC1-FNTB,1,1
CITED4,COL9A2,1,1
CITED4,COL9A3,1,1
CITED4,COLGALT2,1,1
CITED4,CSGALNACT1,1,1
CITED4,CT45A1,1,1
CITED4,CT45A10,1,1
CITED4,CT45A3,1,1
CITED4,CT45A5,1,1
CITED4,CT45A8,1,1
CITED4,CT45A9,1,1
CITED4,CT55,1,1
CITED4,CYB561,1,1
CITED4,DGAT2,1,1
CITED4,DIS3L2,1,1
CITED4,DMRT2,1,1
CITED4,DMRTA1,1,1
CITED4,DNAH9,1,1
CITED4,DOK1,1,1
CITED4,DUSP2,1,1
CITED4,EBF3,1,1
CITED4,EGFLAM,1,1
CITED4,EMILIN1,1,1
CITED4,ENG,1,1
CITED4,EPHB3,1,1
CITED4,FAM117B,1,1
CITED4,FAM212B,1,1
CITED4,FAM86B1,1,1
CITED4,FOXF1,1,1
CITED4,FREM1,1,1
CITED4,FST,1,1
CITED4,GALNT5,1,1
CITED4,GLI2,1,1
CITED4,GLUD2,1,1
CITED4,GPC1,1,1
CITED4,GRIK4,1,1
CITED4,HS3ST3B1,1,1
CITED4,ICOSLG,1,1
CITED4,IGFBP5,1,1
CITED4,IL13RA2,1,1
CITED4,IL27RA,1,1
CITED4,ITPRIPL2,1,1
CITED4,JARID2,1,1
CITED4,JKAMP,1,1
CITED4,KALRN,1,1
CITED4,KCNC3,1,1
CITED4,KDM5C,1,1
CITED4,LAMA4,1,1
CITED4,LIFR,1,1
CITED4,LONRF2,1,1
CITED4,LOXL3,1,1
CITED4,LPL,1,1
CITED4,MAGEA4,1,1
CITED4,MEOX2,1,1
CITED4,MICALL2,1,1
CITED4,MRPS6,1,1
CITED4,NDRG1,1,1
CITED4,NKX2-5,1,1
CITED4,NPTX1,1,1
CITED4,NPTX2,1,1
CITED4,NR0B1,1,1
CITED4,NR4A2,1,1
CITED4,OLFML3,1,1
CITED4,PAPSS2,1,1
CITED4,PATZ1,1,1
CITED4,PCDHA1,1,1
CITED4,PCDHA10,1,1
CITED4,PCDHA11,1,1
CITED4,PCDHA13,1,1
CITED4,PCDHB15,1,1
CITED4,PCDHB16,1,1
CITED4,PCDHB17P,1,1
CITED4,PCDHB2,1,1
CITED4,PCDHB3,1,1
CITED4,PCDHB5,1,1
CITED4,PCDHGA3,1,1
CITED4,PCDHGA7,1,1
CITED4,PCSK5,1,1
CITED4,PHLDB1,1,1
CITED4,PIP5K1B,1,1
CITED4,PLXNB2,1,1
CITED4,POU3F3,1,1
CITED4,PRR4,1,1
CITED4,PRRX1,1,1
CITED4,PTPRD,1,1
CITED4,RAB36,1,1
CITED4,RAB7B,1,1
CITED4,RBMS1,1,1
CITED4,RELN,1,1
CITED4,RNASET2,1,1
CITED4,ROBO1,1,1
CITED4,RP11-61L23.2,1,1
CITED4,RP11-958N24.2,1,1
CITED4,RYR2,1,1
CITED4,S100A13,1,1
CITED4,SARM1,1,1
CITED4,SCARA5,1,1
CITED4,SCRG1,1,1
CITED4,SERPINE2,1,1
CITED4,SERTAD4,1,1
CITED4,SLC1A3,1,1
CITED4,SLC35E4,1,1
CITED4,SLC39A4,1,1
CITED4,SLC43A2,1,1
CITED4,SLC5A3,1,1
CITED4,SNED1,1,1
CITED4,SOX8,1,1
CITED4,ST8SIA5,1,1
CITED4,STK32B,1,1
CITED4,SYTL5,1,1
CITED4,TBL2,1,1
CITED4,TBXAS1,1,1
CITED4,TCAF2,1,1
CITED4,TCN1,1,1
CITED4,TDRD1,1,1
CITED4,TESC,1,1
CITED4,TGFA,1,1
CITED4,THRB,1,1
CITED4,TIMP1,1,1
CITED4,TMEM2,1,1
CITED4,TNFAIP6,1,1
CITED4,TRIM51CP,1,1
CITED4,TRIM9,1,1
CITED4,UNC13A,1,1
CITED4,UNC5C,1,1
CITED4,UPF3A,1,1
CITED4,WBSCR22,1,1
CITED4,XYLT1,1,1
CITED4,ZBTB45P2,1,1
CITED4,ZNF860,1,1
MPP6,ABCC1,1,1
MPP6,AIMP2,1,1
MPP6,ATG101,1,1
MPP6,ATR,1,1
MPP6,C16ORF52,1,1
MPP6,CEP170B,1,1
MPP6,DDX56,1,1
MPP6,DNAAF5,1,1
MPP6,DUS3L,1,1
MPP6,EBF1,1,1
MPP6,EDEM1,1,1
MPP6,EFTUD2,1,1
MPP6,FAM3C,1,1
MPP6,FRMD4A,1,1
MPP6,GAPDH,1,1
MPP6,GPD2,1,1
MPP6,GSPT1,1,1
MPP6,HOXD13,1,1
MPP6,HYOU1,1,1
MPP6,ITGA4,1,1
MPP6,JMJD4,1,1
MPP6,JRK,1,1
MPP6,KDELC2,1,1
MPP6,KRI1,1,1
MPP6,LRRC59,1,1
MPP6,MAGT1,1,1
MPP6,MMADHC,1,1
MPP6,NMD3,1,1
MPP6,NOC2LP1,1,1
MPP6,POFUT1,1,1
MPP6,POLR2F,1,1
MPP6,PPP6R1,1,1
MPP6,PTPN1,1,1
MPP6,RABEPK,1,1
MPP6,RAP1B,1,1
MPP6,RPAP3,1,1
MPP6,RRP15,1,1
MPP6,SEC61A1,1,1
MPP6,SH3KBP1,1,1
MPP6,SNAPC2,1,1
MPP6,SRPRB,1,1
MPP6,TIMM44,1,1
MPP6,TMEM45A,1,1
MPP6,TPM3P9,1,1
MPP6,TRIM24,1,1
MPP6,TXNDC17,1,1
MPP6,UBASH3B,1,1
MPP6,UNC80,1,1
MPP6,ZNF275,1,1
ARMCX5,ANGPT1,1,1
ARMCX5,ARHGAP25,1,1
ARMCX5,ASB2,1,1
ARMCX5,ASCC3,1,1
ARMCX5,ATP2B1,1,1
ARMCX5,CEMIP,1,1
ARMCX5,CEP170B,1,1
ARMCX5,CHRNA6,1,1
ARMCX5,CLEC2B,1,1
ARMCX5,CSGALNACT1,1,1
ARMCX5,DGKI,1,1
ARMCX5,DOCK4,1,1
ARMCX5,DPY19L1,1,1
ARMCX5,EBF1,1,1
ARMCX5,EDEM3,1,1
ARMCX5,FABP5,1,1
ARMCX5,FAM102A,1,1
ARMCX5,FKBP14,1,1
ARMCX5,FNTB,1,1
ARMCX5,FZD1,1,1
ARMCX5,HES1,1,1
ARMCX5,IL1RAP,1,1
ARMCX5,ITPR2,1,1
ARMCX5,JKAMP,1,1
ARMCX5,KCNC4,1,1
ARMCX5,KCNK5,1,1
ARMCX5,KIAA0040,1,1
ARMCX5,LIN28B,1,1
ARMCX5,MAML2,1,1
ARMCX5,MPZL1,1,1
ARMCX5,MRAP2,1,1
ARMCX5,MTUS1,1,1
ARMCX5,MYO6,1,1
ARMCX5,NSF,1,1
ARMCX5,P4HA1,1,1
ARMCX5,PLPP3,1,1
ARMCX5,RC3H1,1,1
ARMCX5,ROR1,1,1
ARMCX5,SH3TC1,1,1
ARMCX5,SLC1A1,1,1
ARMCX5,SOX5,1,1
ARMCX5,SPRY4,1,1
ARMCX5,SRPRB,1,1
ARMCX5,STIM2,1,1
ARMCX5,STON2,1,1
ARMCX5,SUN1,1,1
ARMCX5,SWAP70,1,1
ARMCX5,TMEM87A,1,1
ARMCX5,TMEM87B,1,1
ARMCX5,TNFAIP6,1,1
ARMCX5,TNRC18,1,1
ARMCX5,TOR3A,1,1
ARMCX5,TRAF4,1,1
ARMCX5,TRIM47,1,1
ARMCX5,TRIM51,1,1
ARMCX5,TRIM51CP,1,1
ARMCX5,XIAP,1,1
ARMCX5,XPR1,1,1
ARMCX5,ZBTB33,1,1
ARMCX5,ZC3H7A,1,1
ARMCX5,ZNF468,1,1
ARMCX5,ZNF556,1,1
ARMCX5,ZNF654,1,1
ARMCX5,ZSCAN5A,1,1
MTCH1,ACSS2,1,1
MTCH1,ATP5SL,1,1
MTCH1,CELSR1,1,1
MTCH1,CHST2,1,1
MTCH1,GLUD1,1,1
MTCH1,NFIA,1,1
MTCH1,PCDH7,1,1
MTCH1,PMS2CL,1,1
MTCH1,PPP2R2D,1,1
MTCH1,SREBF1,1,1
MTCH1,TBC1D15,1,1
MTCH1,ZNF33B,1,1
ENTPD4,AC007040.11,1,1
ENTPD4,ACTR1A,1,1
ENTPD4,ADAMTS9,1,1
ENTPD4,AMOT,1,1
ENTPD4,AMPD2,1,1
ENTPD4,AP1S1,1,1
ENTPD4,ASB9,1,1
ENTPD4,BX004987.1,1,1
ENTPD4,C5ORF15,1,1
ENTPD4,CALM1,1,1
ENTPD4,CMTM8,1,1
ENTPD4,CNKSR3,1,1
ENTPD4,COL19A1,1,1
ENTPD4,COLGALT1,1,1
ENTPD4,DARS2,1,1
ENTPD4,DLX5,1,1
ENTPD4,ECE2,1,1
ENTPD4,EIF3I,1,1
ENTPD4,ELOVL2,1,1
ENTPD4,EN2,1,1
ENTPD4,ETV4,1,1
ENTPD4,FMN2,1,1
ENTPD4,FUCA2,1,1
ENTPD4,GATA4,1,1
ENTPD4,GPC6,1,1
ENTPD4,ICAM1,1,1
ENTPD4,IPO8,1,1
ENTPD4,KDELR2,1,1
ENTPD4,KDSR,1,1
ENTPD4,KIAA1191,1,1
ENTPD4,MAPK14,1,1
ENTPD4,MCTS1,1,1
ENTPD4,MEGF10,1,1
ENTPD4,MGAT5B,1,1
ENTPD4,MICU1,1,1
ENTPD4,MLLT10,1,1
ENTPD4,MYD88,1,1
ENTPD4,MYH14,1,1
ENTPD4,NOA1,1,1
ENTPD4,P4HB,1,1
ENTPD4,PAQR7,1,1
ENTPD4,PDGFRL,1,1
ENTPD4,PHB,1,1
ENTPD4,PI15,1,1
ENTPD4,PLPP3,1,1
ENTPD4,PMP2,1,1
ENTPD4,PNMA2,1,1
ENTPD4,POLR2F,1,1
ENTPD4,RCN2,1,1
ENTPD4,RFX5,1,1
ENTPD4,RPTOR,1,1
ENTPD4,RUFY1,1,1
ENTPD4,SECISBP2,1,1
ENTPD4,SEMA3D,1,1
ENTPD4,SLC4A7,1,1
ENTPD4,SMAD4,1,1
ENTPD4,SNTB1,1,1
ENTPD4,SOBP,1,1
ENTPD4,TBRG4,1,1
ENTPD4,TMEM261,1,1
ENTPD4,UBASH3B,1,1
ENTPD4,UXS1,1,1
ENTPD4,WDR37,1,1
ENTPD4,ZDHHC3,1,1
ENTPD4,ZMYND11,1,1
ENTPD4,ZNF593,1,1
ENTPD4,ZRANB1,1,1
ATP6AP2,AMZ2,1,1
ATP6AP2,ARPC5,1,1
ATP6AP2,BCL7A,1,1
ATP6AP2,CNPY2,1,1
ATP6AP2,FKBP9,1,1
ATP6AP2,GINM1,1,1
ATP6AP2,LRP4,1,1
ATP6AP2,LY96,1,1
ATP6AP2,NFYA,1,1
ATP6AP2,TNFRSF19,1,1
POLR2F,AC007040.11,1,1
POLR2F,ACAD9,1,1
POLR2F,ACTN2,1,1
POLR2F,ACTR1A,1,1
POLR2F,ADAM15,1,1
POLR2F,ADAMTS9,1,1
POLR2F,AIMP2,1,1
POLR2F,AMOT,1,1
POLR2F,AMPD2,1,1
POLR2F,ANGPT1,1,1
POLR2F,ANKRD54,1,1
POLR2F,APOO,1,1
POLR2F,ARHGAP25,1,1
POLR2F,ASB9,1,1
POLR2F,ATR,1,1
POLR2F,BCAP31,1,1
POLR2F,BX004987.1,1,1
POLR2F,C16ORF52,1,1
POLR2F,C5ORF15,1,1
POLR2F,C9ORF3,1,1
POLR2F,CENPL,1,1
POLR2F,CMTM8,1,1
POLR2F,CNIH3,1,1
POLR2F,COL19A1,1,1
POLR2F,COLGALT1,1,1
POLR2F,COPA,1,1
POLR2F,COPB2,1,1
POLR2F,COX18,1,1
POLR2F,CPD,1,1
POLR2F,DARS2,1,1
POLR2F,DLX5,1,1
POLR2F,DPY19L1,1,1
POLR2F,DUS3L,1,1
POLR2F,EBF1,1,1
POLR2F,ECE2,1,1
POLR2F,EIF3I,1,1
POLR2F,ELOVL2,1,1
POLR2F,EN2,1,1
POLR2F,ENOX1,1,1
POLR2F,EPDR1,1,1
POLR2F,ERLEC1,1,1
POLR2F,ETV4,1,1
POLR2F,EXOC1,1,1
POLR2F,FABP5,1,1
POLR2F,FAM149B1,1,1
POLR2F,FAM198B,1,1
POLR2F,FAM3C,1,1
POLR2F,FCGR2A,1,1
POLR2F,FGF13,1,1
POLR2F,FMN2,1,1
POLR2F,FUCA2,1,1
POLR2F,GAD1,1,1
POLR2F,GAPDH,1,1
POLR2F,GHR,1,1
POLR2F,GPC6,1,1
POLR2F,GPD2,1,1
POLR2F,GULP1,1,1
POLR2F,HOXD13,1,1
POLR2F,ICAM1,1,1
POLR2F,IL1RAP,1,1
POLR2F,IPO8,1,1
POLR2F,JMJD4,1,1
POLR2F,KCNK5,1,1
POLR2F,KDELR2,1,1
POLR2F,KDSR,1,1
POLR2F,KIAA1191,1,1
POLR2F,LIN28B,1,1
POLR2F,MAGT1,1,1
POLR2F,ME1,1,1
POLR2F,MEGF10,1,1
POLR2F,MICU1,1,1
POLR2F,MLLT10,1,1
POLR2F,MRAP2,1,1
POLR2F,MRPL32,1,1
POLR2F,MYD88,1,1
POLR2F,MYH14,1,1
POLR2F,NDUFAF2,1,1
POLR2F,NOA1,1,1
POLR2F,NOC2LP1,1,1
POLR2F,NOMO3,1,1
POLR2F,NPAS1,1,1
POLR2F,P4HB,1,1
POLR2F,PAQR7,1,1
POLR2F,PCOLCE2,1,1
POLR2F,PDGFRL,1,1
POLR2F,PGF,1,1
POLR2F,PGM1,1,1
POLR2F,PGM3,1,1
POLR2F,PHB,1,1
POLR2F,PI15,1,1
POLR2F,PIEZO2,1,1
POLR2F,PLPP3,1,1
POLR2F,POLD2,1,1
POLR2F,PPARD,1,1
POLR2F,PPIA,1,1
POLR2F,PRDX6,1,1
POLR2F,RABL6,1,1
POLR2F,RAD17,1,1
POLR2F,RCN2,1,1
POLR2F,RFX5,1,1
POLR2F,ROR1,1,1
POLR2F,RUFY1,1,1
POLR2F,SCG2,1,1
POLR2F,SECISBP2,1,1
POLR2F,SEMA3D,1,1
POLR2F,SH3KBP1,1,1
POLR2F,SLC19A3,1,1
POLR2F,SLC26A2,1,1
POLR2F,SLC26A4,1,1
POLR2F,SLC4A7,1,1
POLR2F,SNTB1,1,1
POLR2F,SNX18P3,1,1
POLR2F,SOBP,1,1
POLR2F,SRPRB,1,1
POLR2F,STON2,1,1
POLR2F,SUN1,1,1
POLR2F,TBRG4,1,1
POLR2F,TIMM44,1,1
POLR2F,TMEM261,1,1
POLR2F,TMEM45A,1,1
POLR2F,TMEM5,1,1
POLR2F,TPM3P9,1,1
POLR2F,TVP23B,1,1
POLR2F,UBASH3B,1,1
POLR2F,UNC80,1,1
POLR2F,WDR37,1,1
POLR2F,ZDHHC3,1,1
POLR2F,ZNF593,1,1
RP11-61L23.2,AC004980.7,1,1
RP11-61L23.2,ACPP,1,1
RP11-61L23.2,ADGRB1,1,1
RP11-61L23.2,AFAP1L2,1,1
RP11-61L23.2,AGMO,1,1
RP11-61L23.2,ALS2CR11,1,1
RP11-61L23.2,ANGPTL1,1,1
RP11-61L23.2,ANK3,1,1
RP11-61L23.2,ARHGAP6,1,1
RP11-61L23.2,ARPP21,1,1
RP11-61L23.2,ATP9A,1,1
RP11-61L23.2,ATXN1,1,1
RP11-61L23.2,C1QTNF3,1,1
RP11-61L23.2,C1QTNF3-AMACR,1,1
RP11-61L23.2,CA12,1,1
RP11-61L23.2,CHURC1-FNTB,1,1
RP11-61L23.2,COL9A2,1,1
RP11-61L23.2,COLGALT2,1,1
RP11-61L23.2,CT45A1,1,1
RP11-61L23.2,CT45A10,1,1
RP11-61L23.2,CT45A3,1,1
RP11-61L23.2,CT45A5,1,1
RP11-61L23.2,CT45A8,1,1
RP11-61L23.2,CT45A9,1,1
RP11-61L23.2,CT55,1,1
RP11-61L23.2,CYB561,1,1
RP11-61L23.2,DMRT2,1,1
RP11-61L23.2,DNAH9,1,1
RP11-61L23.2,DUSP2,1,1
RP11-61L23.2,EBF3,1,1
RP11-61L23.2,EGFLAM,1,1
RP11-61L23.2,EMILIN1,1,1
RP11-61L23.2,ENG,1,1
RP11-61L23.2,EPHB3,1,1
RP11-61L23.2,FAM212B,1,1
RP11-61L23.2,FAM86B1,1,1
RP11-61L23.2,FOXF1,1,1
RP11-61L23.2,FSCN1,1,1
RP11-61L23.2,FST,1,1
RP11-61L23.2,GALNT5,1,1
RP11-61L23.2,GLI2,1,1
RP11-61L23.2,GPC1,1,1
RP11-61L23.2,GRIK4,1,1
RP11-61L23.2,IGFBP5,1,1
RP11-61L23.2,IL13RA2,1,1
RP11-61L23.2,IL27RA,1,1
RP11-61L23.2,ITPRIPL2,1,1
RP11-61L23.2,JARID2,1,1
RP11-61L23.2,KALRN,1,1
RP11-61L23.2,KCNC3,1,1
RP11-61L23.2,KDM5C,1,1
RP11-61L23.2,KIAA1671,1,1
RP11-61L23.2,LIFR,1,1
RP11-61L23.2,LONRF2,1,1
RP11-61L23.2,LOXL3,1,1
RP11-61L23.2,LPL,1,1
RP11-61L23.2,MAGEA4,1,1
RP11-61L23.2,MEOX2,1,1
RP11-61L23.2,MICALL2,1,1
RP11-61L23.2,MRPS6,1,1
RP11-61L23.2,NDRG1,1,1
RP11-61L23.2,NDUFA8,1,1
RP11-61L23.2,NKX2-5,1,1
RP11-61L23.2,NPTX2,1,1
RP11-61L23.2,NR0B1,1,1
RP11-61L23.2,NR4A2,1,1
RP11-61L23.2,OLFML3,1,1
RP11-61L23.2,P2RY1,1,1
RP11-61L23.2,PAPSS2,1,1
RP11-61L23.2,PATZ1,1,1
RP11-61L23.2,PCDHA1,1,1
RP11-61L23.2,PCDHA10,1,1
RP11-61L23.2,PCDHA11,1,1
RP11-61L23.2,PCDHA13,1,1
RP11-61L23.2,PCDHA5,1,1
RP11-61L23.2,PCDHA7,1,1
RP11-61L23.2,PCDHB15,1,1
RP11-61L23.2,PCDHB16,1,1
RP11-61L23.2,PCDHB17P,1,1
RP11-61L23.2,PCDHB2,1,1
RP11-61L23.2,PCDHB3,1,1
RP11-61L23.2,PCDHB7,1,1
RP11-61L23.2,PCDHGA3,1,1
RP11-61L23.2,PCDHGA7,1,1
RP11-61L23.2,PCSK5,1,1
RP11-61L23.2,PHLDB1,1,1
RP11-61L23.2,PIP5K1B,1,1
RP11-61L23.2,PLXNB2,1,1
RP11-61L23.2,POU3F3,1,1
RP11-61L23.2,PPFIA4,1,1
RP11-61L23.2,PRKAR1B,1,1
RP11-61L23.2,PRR4,1,1
RP11-61L23.2,PRRX1,1,1
RP11-61L23.2,PTPRD,1,1
RP11-61L23.2,RAB36,1,1
RP11-61L23.2,RAB7B,1,1
RP11-61L23.2,RELN,1,1
RP11-61L23.2,RNF175,1,1
RP11-61L23.2,RYR2,1,1
RP11-61L23.2,S100A13,1,1
RP11-61L23.2,SARM1,1,1
RP11-61L23.2,SCARA5,1,1
RP11-61L23.2,SCRG1,1,1
RP11-61L23.2,SH3RF3,1,1
RP11-61L23.2,SLC1A3,1,1
RP11-61L23.2,SLC35E4,1,1
RP11-61L23.2,SLC43A2,1,1
RP11-61L23.2,SLC5A3,1,1
RP11-61L23.2,SNED1,1,1
RP11-61L23.2,ST8SIA5,1,1
RP11-61L23.2,SYTL5,1,1
RP11-61L23.2,TBL2,1,1
RP11-61L23.2,TBXAS1,1,1
RP11-61L23.2,TCAF2,1,1
RP11-61L23.2,TCN1,1,1
RP11-61L23.2,TDRD1,1,1
RP11-61L23.2,TENM1,1,1
RP11-61L23.2,TESC,1,1
RP11-61L23.2,TGFA,1,1
RP11-61L23.2,THRB,1,1
RP11-61L23.2,TMEM2,1,1
RP11-61L23.2,TRIM9,1,1
RP11-61L23.2,TYW1B,1,1
RP11-61L23.2,UNC13A,1,1
RP11-61L23.2,UNC5C,1,1
RP11-61L23.2,XYLT1,1,1
RP11-61L23.2,ZBTB45P2,1,1
RP11-61L23.2,ZNF860,1,1
S100A10,C17ORF89,1,1
S100A10,DUSP14,1,1
S100A10,EIF2B3,1,1
S100A10,ERAL1,1,1
S100A10,EXTL2,1,1
S100A10,FAM72A,1,1
S100A10,FZD5,1,1
S100A10,L1CAM,1,1
S100A10,LRRC59,1,1
S100A10,MRPL4,1,1
S100A10,NOC2LP1,1,1
S100A10,OFD1,1,1
S100A10,PELP1,1,1
S100A10,PTK7,1,1
S100A10,PUM3,1,1
S100A10,SEC31A,1,1
S100A10,SPHK1,1,1
LAMC1,ACSS2,1,1
LAMC1,ACTN2,1,1
LAMC1,ACTR1A,1,1
LAMC1,ADAM15,1,1
LAMC1,ADCY1,1,1
LAMC1,AHR,1,1
LAMC1,ALG13,1,1
LAMC1,ANGPT1,1,1
LAMC1,ANKRD54,1,1
LAMC1,ANXA11,1,1
LAMC1,APOO,1,1
LAMC1,ARHGAP25,1,1
LAMC1,ART3,1,1
LAMC1,ATP9A,1,1
LAMC1,BCL7A,1,1
LAMC1,BPNT1,1,1
LAMC1,C3ORF67,1,1
LAMC1,C9ORF3,1,1
LAMC1,CC2D1A,1,1
LAMC1,CELSR1,1,1
LAMC1,CEP70,1,1
LAMC1,CHPF,1,1
LAMC1,CHST2,1,1
LAMC1,CISD3,1,1
LAMC1,CMB9-22P13.1,1,1
LAMC1,CNIH3,1,1
LAMC1,CNPY2,1,1
LAMC1,COL11A2,1,1
LAMC1,COL22A1,1,1
LAMC1,COL9A3,1,1
LAMC1,COLGALT1,1,1
LAMC1,COPB2,1,1
LAMC1,CPD,1,1
LAMC1,CRISPLD1,1,1
LAMC1,CSGALNACT1,1,1
LAMC1,CUTA,1,1
LAMC1,CXCL16,1,1
LAMC1,CXORF56,1,1
LAMC1,CXORF57,1,1
LAMC1,DEPTOR,1,1
LAMC1,DGAT2,1,1
LAMC1,DNAJB12,1,1
LAMC1,DOK1,1,1
LAMC1,ENOX1,1,1
LAMC1,EPB41L2,1,1
LAMC1,EPHA3,1,1
LAMC1,ERLIN2,1,1
LAMC1,ETV1,1,1
LAMC1,FABP5,1,1
LAMC1,FABP7,1,1
LAMC1,FAM133A,1,1
LAMC1,FAM175A,1,1
LAMC1,FAM188B,1,1
LAMC1,FAM198B,1,1
LAMC1,FAM46C,1,1
LAMC1,FGF13,1,1
LAMC1,FKBP10,1,1
LAMC1,FKBP11,1,1
LAMC1,FKBP14,1,1
LAMC1,FKBP9,1,1
LAMC1,FKBP9P1,1,1
LAMC1,FREM1,1,1
LAMC1,GAS7,1,1
LAMC1,GDF15,1,1
LAMC1,GHR,1,1
LAMC1,GLCCI1,1,1
LAMC1,GLUD2,1,1
LAMC1,GNS,1,1
LAMC1,GORAB,1,1
LAMC1,GPC3,1,1
LAMC1,GPC4,1,1
LAMC1,GRIK2,1,1
LAMC1,HMCN1,1,1
LAMC1,IARS2,1,1
LAMC1,ID4,1,1
LAMC1,IFI16,1,1
LAMC1,IL1RAP,1,1
LAMC1,IL6ST,1,1
LAMC1,INTS10,1,1
LAMC1,ITGB5,1,1
LAMC1,ITIH5,1,1
LAMC1,ITPR2,1,1
LAMC1,ITPRIPL2,1,1
LAMC1,KCNK5,1,1
LAMC1,KIFAP3,1,1
LAMC1,KYAT3,1,1
LAMC1,LAMA4,1,1
LAMC1,LAMB1,1,1
LAMC1,LAMC3,1,1
LAMC1,LMLN,1,1
LAMC1,LYPLAL1,1,1
LAMC1,MAFB,1,1
LAMC1,MAP7D3,1,1
LAMC1,MATK,1,1
LAMC1,ME1,1,1
LAMC1,METTL23,1,1
LAMC1,MMP15,1,1
LAMC1,MPZL1,1,1
LAMC1,MRAP2,1,1
LAMC1,MTUS1,1,1
LAMC1,MYD88,1,1
LAMC1,MYO6,1,1
LAMC1,NDFIP1,1,1
LAMC1,NFKBIE,1,1
LAMC1,NOMO3,1,1
LAMC1,NPAS1,1,1
LAMC1,NPTX1,1,1
LAMC1,NR1D1,1,1
LAMC1,NSF,1,1
LAMC1,NSUN5,1,1
LAMC1,NT5DC2,1,1
LAMC1,P3H1,1,1
LAMC1,P3H2,1,1
LAMC1,PCOLCE2,1,1
LAMC1,PDDC1,1,1
LAMC1,PGBD1,1,1
LAMC1,PGF,1,1
LAMC1,PGM1,1,1
LAMC1,PGM3,1,1
LAMC1,PGRMC1,1,1
LAMC1,PIEZO2,1,1
LAMC1,PLPP1,1,1
LAMC1,PLXNB3,1,1
LAMC1,PMS2CL,1,1
LAMC1,PODXL2,1,1
LAMC1,PPFIA3,1,1
LAMC1,PPIC,1,1
LAMC1,PPP2R2D,1,1
LAMC1,PRDX4,1,1
LAMC1,PRDX6,1,1
LAMC1,PSMD9,1,1
LAMC1,PTGFRN,1,1
LAMC1,RAB23,1,1
LAMC1,RAD17,1,1
LAMC1,RNASET2,1,1
LAMC1,RNF152,1,1
LAMC1,RNF216,1,1
LAMC1,ROBO1,1,1
LAMC1,ROR1,1,1
LAMC1,SCRG1,1,1
LAMC1,SDC2,1,1
LAMC1,SDSL,1,1
LAMC1,SERPINE2,1,1
LAMC1,SEZ6L2,1,1
LAMC1,SHROOM1,1,1
LAMC1,SLC19A3,1,1
LAMC1,SLC1A1,1,1
LAMC1,SLC26A2,1,1
LAMC1,SLC26A4,1,1
LAMC1,SLC2A3,1,1
LAMC1,SMAP2,1,1
LAMC1,SORCS1,1,1
LAMC1,SOX5,1,1
LAMC1,SPATS1,1,1
LAMC1,SPRY4,1,1
LAMC1,SRPX,1,1
LAMC1,ST6GAL1,1,1
LAMC1,STAT3,1,1
LAMC1,STK32B,1,1
LAMC1,STON2,1,1
LAMC1,SUN1,1,1
LAMC1,TBC1D22B,1,1
LAMC1,TGFB3,1,1
LAMC1,TIMP1,1,1
LAMC1,TMEM62,1,1
LAMC1,TMEM67,1,1
LAMC1,TNFAIP6,1,1
LAMC1,TNFRSF19,1,1
LAMC1,TOR3A,1,1
LAMC1,TPD52L1,1,1
LAMC1,TPGS2,1,1
LAMC1,TRIM47,1,1
LAMC1,TRIM9,1,1
LAMC1,TRPM3,1,1
LAMC1,TVP23B,1,1
LAMC1,WNK4,1,1
LAMC1,WWTR1,1,1
LAMC1,XPR1,1,1
LAMC1,ZBTB33,1,1
LAMC1,ZDHHC16,1,1
LAMC1,ZNF33B,1,1
LAMC1,ZNF556,1,1
LAMC1,ZNF595,1,1
LAMC1,ZNF736,1,1
LAMC1,ZSCAN5A,1,1
TMEM261,ACTR1A,1,1
TMEM261,ADGRA3,1,1
TMEM261,AL354822.1,1,1
TMEM261,ASB9,1,1
TMEM261,ATP5B,1,1
TMEM261,BTBD6,1,1
TMEM261,BX004987.1,1,1
TMEM261,CALM1,1,1
TMEM261,CASP10,1,1
TMEM261,CLASP2,1,1
TMEM261,CMTM8,1,1
TMEM261,EIF3I,1,1
TMEM261,ETV4,1,1
TMEM261,EXOC1,1,1
TMEM261,FUCA2,1,1
TMEM261,GATA4,1,1
TMEM261,GCAT,1,1
TMEM261,GPC6,1,1
TMEM261,IPO8,1,1
TMEM261,KDELR2,1,1
TMEM261,KDSR,1,1
TMEM261,KIAA1191,1,1
TMEM261,MCTS1,1,1
TMEM261,MICU1,1,1
TMEM261,MLLT10,1,1
TMEM261,MYD88,1,1
TMEM261,NOA1,1,1
TMEM261,PAQR7,1,1
TMEM261,PDGFRL,1,1
TMEM261,PYCR2,1,1
TMEM261,ROCK1,1,1
TMEM261,SECISBP2,1,1
TMEM261,SHROOM3,1,1
TMEM261,SNTB1,1,1
TMEM261,TBRG4,1,1
TMEM261,WDR37,1,1
TMEM261,ZDHHC3,1,1
TMEM261,ZMYND11,1,1
RFX5,ACTR1A,1,1
RFX5,ASB9,1,1
RFX5,CENPL,1,1
RFX5,DARS2,1,1
RFX5,ELOVL2,1,1
RFX5,EXOC1,1,1
RFX5,FAM149B1,1,1
RFX5,FUCA2,1,1
RFX5,HEBP2,1,1
RFX5,ICAM1,1,1
RFX5,KDELR2,1,1
RFX5,KIAA1191,1,1
RFX5,MAPK14,1,1
RFX5,MEGF10,1,1
RFX5,MICU1,1,1
RFX5,MLLT10,1,1
RFX5,MRPL32,1,1
RFX5,MYH14,1,1
RFX5,PHB,1,1
RFX5,PLPP3,1,1
RFX5,PPARD,1,1
RFX5,RCN2,1,1
RFX5,SECISBP2,1,1
RFX5,SEMA3D,1,1
RFX5,SHROOM3,1,1
RFX5,SLC35D2,1,1
RFX5,SLC4A7,1,1
RFX5,SUDS3,1,1
RFX5,TMEM45A,1,1
RFX5,TMEM5,1,1
RFX5,UBASH3B,1,1
RFX5,UBE3C,1,1
RFX5,ZRANB1,1,1
GALNT12,BIN3,1,1
GALNT12,CASP10,1,1
GALNT12,CCSAP,1,1
GALNT12,CHST6,1,1
GALNT12,CMTM8,1,1
GALNT12,CPM,1,1
GALNT12,CPVL,1,1
GALNT12,CST1,1,1
GALNT12,CXXC1,1,1
GALNT12,EDEM2,1,1
GALNT12,EFCAB7,1,1
GALNT12,FCGR2A,1,1
GALNT12,GCAT,1,1
GALNT12,HOXA13,1,1
GALNT12,IFI35,1,1
GALNT12,ITGA9,1,1
GALNT12,KDELR3,1,1
GALNT12,NAPG,1,1
GALNT12,PDGFRL,1,1
GALNT12,PI15,1,1
GALNT12,RELL1,1,1
GALNT12,RTN4IP1,1,1
GALNT12,SLC22A5,1,1
RCN1P2,FIP1L1,1,1
GDF1,ADAP1,1,1
GDF1,ASB4,1,1
GDF1,BAALC,1,1
GDF1,BMP6,1,1
GDF1,C1ORF115,1,1
GDF1,CACNA1H,1,1
GDF1,CBSL,1,1
GDF1,CHRDL1,1,1
GDF1,CNTNAP4,1,1
GDF1,COASY,1,1
GDF1,COQ6,1,1
GDF1,CSMD1,1,1
GDF1,CTAG2,1,1
GDF1,FAM134B,1,1
GDF1,FMOD,1,1
GDF1,FOLH1,1,1
GDF1,GABRG3,1,1
GDF1,GAGE1,1,1
GDF1,GAGE12J,1,1
GDF1,GAGE13,1,1
GDF1,GAGE2E,1,1
GDF1,KCNG4,1,1
GDF1,MDH2,1,1
GDF1,MYO3B,1,1
GDF1,NTN1,1,1
GDF1,OLFM2,1,1
GDF1,PAGE5,1,1
GDF1,PITPNC1,1,1
GDF1,PRKCD,1,1
GDF1,RADIL,1,1
GDF1,SLC40A1,1,1
GDF1,SOD3,1,1
GDF1,SPATS1,1,1
GDF1,TARS2,1,1
GDF1,TEX11,1,1
GDF1,WNK4,1,1
MAST4,DHRS1,1,1
MAST4,SMAD2,1,1
MAST4,ZNF252P,1,1
P4HB,AC007040.11,1,1
P4HB,ACAD9,1,1
P4HB,ACTN2,1,1
P4HB,ACTR1A,1,1
P4HB,ADAM15,1,1
P4HB,ADAMTS9,1,1
P4HB,ADCY1,1,1
P4HB,AHR,1,1
P4HB,AMOT,1,1
P4HB,ANKRD54,1,1
P4HB,APOO,1,1
P4HB,ASB9,1,1
P4HB,ATP1B3,1,1
P4HB,ATP5B,1,1
P4HB,ATXN3,1,1
P4HB,C9ORF3,1,1
P4HB,CASP10,1,1
P4HB,CCSAP,1,1
P4HB,CENPL,1,1
P4HB,CHST6,1,1
P4HB,CMB9-22P13.1,1,1
P4HB,CMTM8,1,1
P4HB,CNIH3,1,1
P4HB,COL19A1,1,1
P4HB,COLGALT1,1,1
P4HB,CPD,1,1
P4HB,CRAMP1,1,1
P4HB,CST1,1,1
P4HB,DARS2,1,1
P4HB,DGKH,1,1
P4HB,DNAJB12,1,1
P4HB,DOCK10,1,1
P4HB,EIF3I,1,1
P4HB,EN2,1,1
P4HB,ENOX1,1,1
P4HB,EPDR1,1,1
P4HB,ETV1,1,1
P4HB,ETV4,1,1
P4HB,EXOC1,1,1
P4HB,FABP5,1,1
P4HB,FAM149B1,1,1
P4HB,FCGR2A,1,1
P4HB,FGF13,1,1
P4HB,FKBP11,1,1
P4HB,FKBP14,1,1
P4HB,FMN2,1,1
P4HB,FOXK1,1,1
P4HB,FUCA2,1,1
P4HB,GAD1,1,1
P4HB,GALNT2,1,1
P4HB,GATA4,1,1
P4HB,GCAT,1,1
P4HB,GHR,1,1
P4HB,GMDS,1,1
P4HB,GORAB,1,1
P4HB,GPC6,1,1
P4HB,ICAM1,1,1
P4HB,KAT5,1,1
P4HB,KCNK5,1,1
P4HB,KDELR2,1,1
P4HB,KIAA1191,1,1
P4HB,MAN1B1,1,1
P4HB,MBD4,1,1
P4HB,MCTS1,1,1
P4HB,MEGF10,1,1
P4HB,METTL14,1,1
P4HB,MLLT10,1,1
P4HB,MYD88,1,1
P4HB,MYH14,1,1
P4HB,NDUFAF2,1,1
P4HB,NOMO1,1,1
P4HB,PAQR7,1,1
P4HB,PCOLCE2,1,1
P4HB,PDGFRL,1,1
P4HB,PGF,1,1
P4HB,PGM1,1,1
P4HB,PGRMC1,1,1
P4HB,PI15,1,1
P4HB,PLPP3,1,1
P4HB,PMP2,1,1
P4HB,PPIA,1,1
P4HB,PRDX4,1,1
P4HB,PRKAB1,1,1
P4HB,PSPH,1,1
P4HB,PWWP2A,1,1
P4HB,RAD17,1,1
P4HB,RCN2,1,1
P4HB,ROR1,1,1
P4HB,SECISBP2,1,1
P4HB,SEPT7,1,1
P4HB,SHROOM1,1,1
P4HB,SLC19A3,1,1
P4HB,SLC22A5,1,1
P4HB,SLC26A2,1,1
P4HB,SLC44A1,1,1
P4HB,SMAP2,1,1
P4HB,SNTB1,1,1
P4HB,SOBP,1,1
P4HB,SRPX,1,1
P4HB,ST6GAL1,1,1
P4HB,SUN1,1,1
P4HB,SUN2,1,1
P4HB,TBCC,1,1
P4HB,TBRG4,1,1
P4HB,TIMMDC1,1,1
P4HB,TIPRL,1,1
P4HB,TMEM5,1,1
P4HB,TMEM62,1,1
P4HB,TRAPPC10,1,1
P4HB,TVP23B,1,1
P4HB,VAC14,1,1
P4HB,WDR37,1,1
P4HB,ZBTB33,1,1
P4HB,ZDHHC3,1,1
P4HB,ZFP28,1,1
P4HB,ZNF71,1,1
TRIT1,ASL,1,1
TRIT1,ATP1B1,1,1
TRIT1,CEP70,1,1
TRIT1,COPA,1,1
TRIT1,COPB2,1,1
TRIT1,CTDSP1,1,1
TRIT1,DYNLT3,1,1
TRIT1,EIF3I,1,1
TRIT1,ENOX1,1,1
TRIT1,FAM133A,1,1
TRIT1,FAM46C,1,1
TRIT1,FMN2,1,1
TRIT1,FOXD2,1,1
TRIT1,FZD5,1,1
TRIT1,GAPDH,1,1
TRIT1,GHR,1,1
TRIT1,GPC3,1,1
TRIT1,GPC4,1,1
TRIT1,GPC6,1,1
TRIT1,GULP1,1,1
TRIT1,HIF1A,1,1
TRIT1,HMCES,1,1
TRIT1,ITIH5,1,1
TRIT1,LAPTM4B,1,1
TRIT1,LRP2,1,1
TRIT1,MAMDC2,1,1
TRIT1,ME1,1,1
TRIT1,MFSD13A,1,1
TRIT1,MYO5B,1,1
TRIT1,NSUN5,1,1
TRIT1,OAZ1,1,1
TRIT1,OFD1,1,1
TRIT1,PCCB,1,1
TRIT1,PGM3,1,1
TRIT1,PIEZO2,1,1
TRIT1,POLD2,1,1
TRIT1,PPP1R13B,1,1
TRIT1,PRDX6,1,1
TRIT1,PTGFRN,1,1
TRIT1,PTK7,1,1
TRIT1,PTPN1,1,1
TRIT1,RNF152,1,1
TRIT1,RNF216,1,1
TRIT1,SEC14L1,1,1
TRIT1,SLC26A4,1,1
TRIT1,SNX18P3,1,1
TRIT1,SPARC,1,1
TRIT1,SPATS1,1,1
TRIT1,TBC1D10B,1,1
TRIT1,TGFB3,1,1
TRIT1,TIGD1,1,1
TRIT1,TNFRSF21,1,1
TRIT1,TPD52L1,1,1
TRIT1,TRPM8,1,1
TRIT1,TSPAN13,1,1
TRIT1,UNC80,1,1
TRIT1,WWTR1,1,1
TRIT1,ZDHHC16,1,1
PPP6R1,ABCC1,1,1
PPP6R1,AIMP2,1,1
PPP6R1,ATG101,1,1
PPP6R1,DCUN1D5,1,1
PPP6R1,DDX56,1,1
PPP6R1,DNAAF5,1,1
PPP6R1,DUS3L,1,1
PPP6R1,EFTUD2,1,1
PPP6R1,EIF2B3,1,1
PPP6R1,EIF5A,1,1
PPP6R1,FRMD4A,1,1
PPP6R1,GSPT1,1,1
PPP6R1,HOXD13,1,1
PPP6R1,HYOU1,1,1
PPP6R1,ITGA4,1,1
PPP6R1,JMJD4,1,1
PPP6R1,JRK,1,1
PPP6R1,KRI1,1,1
PPP6R1,LRRC59,1,1
PPP6R1,MAGEA2,1,1
PPP6R1,MMADHC,1,1
PPP6R1,NOC2LP1,1,1
PPP6R1,PHF14,1,1
PPP6R1,POFUT1,1,1
PPP6R1,PSME3,1,1
PPP6R1,PTPN1,1,1
PPP6R1,RABEPK,1,1
PPP6R1,RAP1B,1,1
PPP6R1,RCL1,1,1
PPP6R1,SEC61A1,1,1
PPP6R1,SH3KBP1,1,1
PPP6R1,SNAPC2,1,1
PPP6R1,STRA13,1,1
PPP6R1,TIMM44,1,1
PPP6R1,TXNDC17,1,1
MCUR1,AP1AR,1,1
MCUR1,DTX2,1,1
MCUR1,SMARCAD1,1,1
MCUR1,VPS26A,1,1
CERKL,ABCC1,1,1
CERKL,ASPH,1,1
CERKL,ATG101,1,1
CERKL,ATR,1,1
CERKL,C16ORF52,1,1
CERKL,CD55,1,1
CERKL,CDK14,1,1
CERKL,COPA,1,1
CERKL,DYNLT3,1,1
CERKL,EPRS,1,1
CERKL,ERCC6,1,1
CERKL,FAM72A,1,1
CERKL,FOXD2,1,1
CERKL,FZD5,1,1
CERKL,GAPDH,1,1
CERKL,GARS,1,1
CERKL,GOLIM4,1,1
CERKL,HIF1A,1,1
CERKL,HSP90B1,1,1
CERKL,IMPAD1,1,1
CERKL,ITGA4,1,1
CERKL,LBX2,1,1
CERKL,LGALSL,1,1
CERKL,MAPK11,1,1
CERKL,MFSD14A,1,1
CERKL,MMADHC,1,1
CERKL,MORF4L2,1,1
CERKL,MPLKIP,1,1
CERKL,MRPL4,1,1
CERKL,MSN,1,1
CERKL,MYO5B,1,1
CERKL,NMD3,1,1
CERKL,NOC2LP1,1,1
CERKL,OFD1,1,1
CERKL,PALLD,1,1
CERKL,PHACTR2,1,1
CERKL,PHLDB3,1,1
CERKL,PSMD10,1,1
CERKL,PSMG3,1,1
CERKL,PTK7,1,1
CERKL,SCAMP5,1,1
CERKL,SDHD,1,1
CERKL,SEC14L1,1,1
CERKL,SLC7A6OS,1,1
CERKL,SMO,1,1
CERKL,SP100,1,1
CERKL,SPARC,1,1
CERKL,SPHK1,1,1
CERKL,STYX,1,1
CERKL,TBC1D10B,1,1
CERKL,TPI1,1,1
CERKL,TSPAN13,1,1
CERKL,UCK1,1,1
CERKL,ULBP2,1,1
CERKL,VPS4B,1,1
SEPT7,AC007040.11,1,1
SEPT7,ACAD9,1,1
SEPT7,ACTR1A,1,1
SEPT7,ADAMTS9,1,1
SEPT7,ADCY1,1,1
SEPT7,AMOT,1,1
SEPT7,ANKRD54,1,1
SEPT7,ARHGAP25,1,1
SEPT7,ATAT1,1,1
SEPT7,ATP1B3,1,1
SEPT7,BPNT1,1,1
SEPT7,CCSAP,1,1
SEPT7,CENPL,1,1
SEPT7,CLCC1,1,1
SEPT7,CLTC,1,1
SEPT7,CMBL,1,1
SEPT7,COL19A1,1,1
SEPT7,COLGALT1,1,1
SEPT7,COMMD3,1,1
SEPT7,CPD,1,1
SEPT7,CRISPLD1,1,1
SEPT7,CUTA,1,1
SEPT7,DARS2,1,1
SEPT7,DOCK10,1,1
SEPT7,DPY19L1,1,1
SEPT7,EDEM3,1,1
SEPT7,ENOX1,1,1
SEPT7,EPDR1,1,1
SEPT7,ETV1,1,1
SEPT7,FABP5,1,1
SEPT7,FAM122B,1,1
SEPT7,FAM149B1,1,1
SEPT7,FCGR2A,1,1
SEPT7,FGF13,1,1
SEPT7,FKBP14,1,1
SEPT7,FKBP9P1,1,1
SEPT7,FMN2,1,1
SEPT7,FOXK1,1,1
SEPT7,GALNT2,1,1
SEPT7,GHR,1,1
SEPT7,GPD2,1,1
SEPT7,HMCN1,1,1
SEPT7,IARS2,1,1
SEPT7,ICAM1,1,1
SEPT7,INTS10,1,1
SEPT7,ITGB5,1,1
SEPT7,JMJD8,1,1
SEPT7,KCNK5,1,1
SEPT7,KIAA1191,1,1
SEPT7,KRBA1,1,1
SEPT7,LIN28B,1,1
SEPT7,MAN1A2,1,1
SEPT7,MBTPS2,1,1
SEPT7,MEGF10,1,1
SEPT7,MRAP2,1,1
SEPT7,MTUS1,1,1
SEPT7,MYH14,1,1
SEPT7,MYL9,1,1
SEPT7,MYO6,1,1
SEPT7,N4BP2L2,1,1
SEPT7,NAPG,1,1
SEPT7,NOMO1,1,1
SEPT7,NSF,1,1
SEPT7,PDGFRL,1,1
SEPT7,PGM1,1,1
SEPT7,PGRMC1,1,1
SEPT7,PIEZO2,1,1
SEPT7,PLPP3,1,1
SEPT7,PNMA2,1,1
SEPT7,PPIA,1,1
SEPT7,RAD17,1,1
SEPT7,RCN2,1,1
SEPT7,ROR1,1,1
SEPT7,RPL17,1,1
SEPT7,RPL23,1,1
SEPT7,SH3GLB2,1,1
SEPT7,SLC1A1,1,1
SEPT7,SLC26A2,1,1
SEPT7,SLC26A4,1,1
SEPT7,SLC7A2,1,1
SEPT7,SMAP2,1,1
SEPT7,SPHK2,1,1
SEPT7,SSFA2,1,1
SEPT7,ST6GAL1,1,1
SEPT7,STAG2,1,1
SEPT7,STON2,1,1
SEPT7,SUN1,1,1
SEPT7,SWAP70,1,1
SEPT7,TBRG4,1,1
SEPT7,THOC2,1,1
SEPT7,TIPRL,1,1
SEPT7,TMEM5,1,1
SEPT7,TPM3P9,1,1
SEPT7,XPR1,1,1
SEPT7,ZBTB33,1,1
SEPT7,ZSCAN5A,1,1
UBAC2,ANXA11,1,1
UBAC2,DHRS1,1,1
UBAC2,GLTSCR2,1,1
MILR1,ADGRL2,1,1
MILR1,ADORA2B,1,1
MILR1,ANK3,1,1
MILR1,ANKH,1,1
MILR1,BATF3,1,1
MILR1,C16ORF72,1,1
MILR1,CDKL1,1,1
MILR1,CHPF2,1,1
MILR1,CPNE3,1,1
MILR1,CRIP2,1,1
MILR1,EBF3,1,1
MILR1,F12,1,1
MILR1,F2RL2,1,1
MILR1,FGFRL1,1,1
MILR1,FSCN1,1,1
MILR1,FUT8,1,1
MILR1,GLI2,1,1
MILR1,HS6ST2,1,1
MILR1,ITGA5,1,1
MILR1,KDM5C,1,1
MILR1,KDM6A,1,1
MILR1,KIAA1671,1,1
MILR1,LANCL3,1,1
MILR1,LHX6,1,1
MILR1,LIMS1,1,1
MILR1,MAGEA4,1,1
MILR1,METTL7B,1,1
MILR1,MIPOL1,1,1
MILR1,NFIC,1,1
MILR1,NFIX,1,1
MILR1,NLGN4X,1,1
MILR1,OAF,1,1
MILR1,OCIAD1,1,1
MILR1,PCDHA4,1,1
MILR1,PCDHA5,1,1
MILR1,PCDHA7,1,1
MILR1,PCDHAC2,1,1
MILR1,PCDHB12,1,1
MILR1,PKD1P5,1,1
MILR1,PLCH1,1,1
MILR1,PNPO,1,1
MILR1,PRKAR1B,1,1
MILR1,PTPA,1,1
MILR1,RAP1GAP2,1,1
MILR1,RNF175,1,1
MILR1,RNF7,1,1
MILR1,RP5-862P8.2,1,1
MILR1,RPS6KA3,1,1
MILR1,SCAMP5,1,1
MILR1,SERINC3,1,1
MILR1,SERPINH1,1,1
MILR1,SLC25A16,1,1
MILR1,SLC35E4,1,1
MILR1,SLC35G2,1,1
MILR1,SLC43A2,1,1
MILR1,SLC4A8,1,1
MILR1,SLC9A7,1,1
MILR1,SRPX2,1,1
MILR1,SYAP1,1,1
MILR1,TGFB1,1,1
MILR1,TMTC3,1,1
MILR1,TYW1B,1,1
MILR1,UBA1,1,1
MILR1,UFC1,1,1
MILR1,VCAN,1,1
MILR1,YBX3,1,1
MILR1,YWHAG,1,1
ECM1,AMZ2,1,1
ECM1,BECN1,1,1
ECM1,BORCS7,1,1
ECM1,C1ORF115,1,1
ECM1,C6ORF120,1,1
ECM1,CCM2,1,1
ECM1,CRISPLD1,1,1
ECM1,EPB41L2,1,1
ECM1,FIP1L1,1,1
ECM1,FKBP9,1,1
ECM1,GPR37,1,1
ECM1,IFI16,1,1
ECM1,IL13RA1,1,1
ECM1,KIFAP3,1,1
ECM1,LDLRAP1,1,1
ECM1,LRP4,1,1
ECM1,MAGED1,1,1
ECM1,MAP7D3,1,1
ECM1,METTL23,1,1
ECM1,NKAP,1,1
ECM1,NR1D1,1,1
ECM1,RAB6B,1,1
ECM1,VPS25,1,1
RAP1GAP2,ABCC1,1,1
RAP1GAP2,ABHD11,1,1
RAP1GAP2,ADGRL2,1,1
RAP1GAP2,ADORA2B,1,1
RAP1GAP2,AGO2,1,1
RAP1GAP2,ANKH,1,1
RAP1GAP2,ATG101,1,1
RAP1GAP2,BATF3,1,1
RAP1GAP2,C16ORF72,1,1
RAP1GAP2,C17ORF89,1,1
RAP1GAP2,C17ORF96,1,1
RAP1GAP2,C4ORF32,1,1
RAP1GAP2,CDK14,1,1
RAP1GAP2,CDKL1,1,1
RAP1GAP2,COTL1,1,1
RAP1GAP2,DARS,1,1
RAP1GAP2,DCUN1D5,1,1
RAP1GAP2,DNAJB11,1,1
RAP1GAP2,EIF1AX,1,1
RAP1GAP2,EPRS,1,1
RAP1GAP2,F12,1,1
RAP1GAP2,F2RL2,1,1
RAP1GAP2,FGF2,1,1
RAP1GAP2,FGFRL1,1,1
RAP1GAP2,FOXD2,1,1
RAP1GAP2,FREM2,1,1
RAP1GAP2,FRMD6,1,1
RAP1GAP2,FUT8,1,1
RAP1GAP2,GATB,1,1
RAP1GAP2,GOLIM4,1,1
RAP1GAP2,IMPAD1,1,1
RAP1GAP2,ITPR3,1,1
RAP1GAP2,JRK,1,1
RAP1GAP2,KAT8,1,1
RAP1GAP2,KIAA1328,1,1
RAP1GAP2,L3HYPDH,1,1
RAP1GAP2,LANCL3,1,1
RAP1GAP2,LHX6,1,1
RAP1GAP2,LIMS1,1,1
RAP1GAP2,LRFN1,1,1
RAP1GAP2,MAGEA2,1,1
RAP1GAP2,MAP3K5,1,1
RAP1GAP2,MIPOL1,1,1
RAP1GAP2,MMADHC,1,1
RAP1GAP2,MMP16,1,1
RAP1GAP2,NFIC,1,1
RAP1GAP2,NMD3,1,1
RAP1GAP2,OSMR,1,1
RAP1GAP2,PCDHA4,1,1
RAP1GAP2,PCDHA5,1,1
RAP1GAP2,PCDHA7,1,1
RAP1GAP2,PCDHB12,1,1
RAP1GAP2,PELI1,1,1
RAP1GAP2,PKD1P5,1,1
RAP1GAP2,POLRMT,1,1
RAP1GAP2,PRKAR1B,1,1
RAP1GAP2,PRMT5,1,1
RAP1GAP2,PROSER2,1,1
RAP1GAP2,PTK7,1,1
RAP1GAP2,PTPRA,1,1
RAP1GAP2,PURB,1,1
RAP1GAP2,RND3,1,1
RAP1GAP2,RNF7,1,1
RAP1GAP2,RP5-862P8.2,1,1
RAP1GAP2,RPS6KA3,1,1
RAP1GAP2,SERINC3,1,1
RAP1GAP2,SLC43A2,1,1
RAP1GAP2,SNRPB2,1,1
RAP1GAP2,SPHK1,1,1
RAP1GAP2,SYAP1,1,1
RAP1GAP2,TPI1,1,1
RAP1GAP2,TSPAN13,1,1
RAP1GAP2,UBA1,1,1
RAP1GAP2,VCAN,1,1
RAP1GAP2,WDR11,1,1
RAP1GAP2,WT1,1,1
RAP1GAP2,YKT6,1,1
RAP1GAP2,YWHAG,1,1
RAP1GAP2,ZFX,1,1
RAP1GAP2,ZNF335,1,1
RAP1GAP2,ZNF92,1,1
SLC35D2,FAM149B1,1,1
SLC35D2,HEBP2,1,1
SLC35D2,HERC4,1,1
SLC35D2,INTS6,1,1
SLC35D2,KIAA1191,1,1
SLC35D2,MICU1,1,1
SLC35D2,PHB,1,1
SLC35D2,PPARD,1,1
SLC35D2,SMAD4,1,1
SLC35D2,SUDS3,1,1
SLC35D2,WDR48,1,1
SLC35D2,ZRANB1,1,1
TEX11,ADAP1,1,1
TEX11,ADGRB1,1,1
TEX11,APRT,1,1
TEX11,ARHGDIB,1,1
TEX11,ASB4,1,1
TEX11,B3GNT7,1,1
TEX11,B4GALNT3,1,1
TEX11,BMP6,1,1
TEX11,C1QTNF3-AMACR,1,1
TEX11,C1ORF115,1,1
TEX11,CACNA1H,1,1
TEX11,CBSL,1,1
TEX11,CC2D1A,1,1
TEX11,CHRDL1,1,1
TEX11,COL9A2,1,1
TEX11,COL9A3,1,1
TEX11,CSMD1,1,1
TEX11,CT45A1,1,1
TEX11,CT45A10,1,1
TEX11,CT45A5,1,1
TEX11,CT45A6,1,1
TEX11,CT45A8,1,1
TEX11,CT45A9,1,1
TEX11,CT55,1,1
TEX11,CTAG2,1,1
TEX11,DEPTOR,1,1
TEX11,DSCR8,1,1
TEX11,EMILIN1,1,1
TEX11,EYA2,1,1
TEX11,FMOD,1,1
TEX11,FOLH1,1,1
TEX11,GABRG3,1,1
TEX11,GAGE1,1,1
TEX11,GAGE12J,1,1
TEX11,GAGE13,1,1
TEX11,GAGE2E,1,1
TEX11,GDF15,1,1
TEX11,GREB1L,1,1
TEX11,GUCY1B3,1,1
TEX11,IFI16,1,1
TEX11,ITGA10,1,1
TEX11,ITIH5,1,1
TEX11,KCNG4,1,1
TEX11,LAMA2,1,1
TEX11,LAMC3,1,1
TEX11,LDLRAD4,1,1
TEX11,LOXL3,1,1
TEX11,LRP2,1,1
TEX11,MAGEA4,1,1
TEX11,MATK,1,1
TEX11,MDH2,1,1
TEX11,MEOX2,1,1
TEX11,MYO3B,1,1
TEX11,NDRG1,1,1
TEX11,NDUFA8,1,1
TEX11,NKX2-5,1,1
TEX11,NSUN5,1,1
TEX11,NTN1,1,1
TEX11,PAGE5,1,1
TEX11,PATZ1,1,1
TEX11,PCDHA1,1,1
TEX11,PCDHB11,1,1
TEX11,PCDHB5,1,1
TEX11,PCDHB6,1,1
TEX11,PCOLCE,1,1
TEX11,PCSK5,1,1
TEX11,PCSK6,1,1
TEX11,PITPNC1,1,1
TEX11,PLBD1,1,1
TEX11,POU3F3,1,1
TEX11,PPIC,1,1
TEX11,PRKCD,1,1
TEX11,PTPRD,1,1
TEX11,RADIL,1,1
TEX11,RELN,1,1
TEX11,RGS16,1,1
TEX11,RNASET2,1,1
TEX11,ROBO1,1,1
TEX11,SLC39A4,1,1
TEX11,SOD3,1,1
TEX11,SPATS1,1,1
TEX11,STK26,1,1
TEX11,TESC,1,1
TEX11,TIGD1,1,1
TEX11,TNS2,1,1
TEX11,UNC5C,1,1
TEX11,UROC1,1,1
TEX11,WBSCR22,1,1
TEX11,WNK4,1,1
C16ORF70,B4GALT4,1,1
C16ORF70,C6ORF120,1,1
C16ORF70,C8ORF58,1,1
C16ORF70,COPG1,1,1
C16ORF70,ETV1,1,1
C16ORF70,GDI2,1,1
C16ORF70,GTF2B,1,1
C16ORF70,HMCN1,1,1
C16ORF70,ITGB5,1,1
C16ORF70,MAN1B1,1,1
C16ORF70,MRPL57,1,1
C16ORF70,NDFIP1,1,1
C16ORF70,NT5DC2,1,1
C16ORF70,PGRMC1,1,1
C16ORF70,PPFIA3,1,1
C16ORF70,PPP2R2D,1,1
C16ORF70,PSMD9,1,1
C16ORF70,RAD54L2,1,1
C16ORF70,SDSL,1,1
C16ORF70,SORCS1,1,1
C16ORF70,TBC1D8B,1,1
C16ORF70,TMEM62,1,1
C16ORF70,TXNL1,1,1
C16ORF70,ZNF33B,1,1
CPVL,AARS2,1,1
CPVL,ACAD9,1,1
CPVL,ACTR1A,1,1
CPVL,ADAM15,1,1
CPVL,ADAMTS9,1,1
CPVL,ADCY1,1,1
CPVL,ANKRD19P,1,1
CPVL,ANKRD54,1,1
CPVL,APOO,1,1
CPVL,B4GALT4,1,1
CPVL,B9D1,1,1
CPVL,C3ORF67,1,1
CPVL,C8ORF58,1,1
CPVL,CASP10,1,1
CPVL,CCSAP,1,1
CPVL,CHST6,1,1
CPVL,CMB9-22P13.1,1,1
CPVL,CMTM8,1,1
CPVL,COL22A1,1,1
CPVL,COLGALT1,1,1
CPVL,COPG1,1,1
CPVL,COPZ1,1,1
CPVL,CPM,1,1
CPVL,CRISPLD1,1,1
CPVL,CST1,1,1
CPVL,EFCAB7,1,1
CPVL,ENOX1,1,1
CPVL,ETFB,1,1
CPVL,ETV1,1,1
CPVL,FABP7,1,1
CPVL,FAHD2A,1,1
CPVL,FCGR2A,1,1
CPVL,FKBP11,1,1
CPVL,FYB,1,1
CPVL,GAD1,1,1
CPVL,GALNT2,1,1
CPVL,GCAT,1,1
CPVL,GHR,1,1
CPVL,GORAB,1,1
CPVL,HEY2,1,1
CPVL,HMCES,1,1
CPVL,HMCN1,1,1
CPVL,HOXA13,1,1
CPVL,IFI35,1,1
CPVL,INTS10,1,1
CPVL,ITGA9,1,1
CPVL,ITGB5,1,1
CPVL,KLF6,1,1
CPVL,LIG3,1,1
CPVL,MBD4,1,1
CPVL,METTL23,1,1
CPVL,MYD88,1,1
CPVL,NAPG,1,1
CPVL,NDUFV2,1,1
CPVL,NOMO1,1,1
CPVL,PCCB,1,1
CPVL,PDGFRL,1,1
CPVL,PDZD4,1,1
CPVL,PGM1,1,1
CPVL,PGRMC1,1,1
CPVL,PI15,1,1
CPVL,PIEZO2,1,1
CPVL,PLSCR4,1,1
CPVL,PNMA2,1,1
CPVL,PODXL2,1,1
CPVL,PPIA,1,1
CPVL,PPP1R13B,1,1
CPVL,PRKAB1,1,1
CPVL,PWWP2A,1,1
CPVL,RAB23,1,1
CPVL,RCN2,1,1
CPVL,RELL1,1,1
CPVL,RTN4IP1,1,1
CPVL,SDSL,1,1
CPVL,SLC22A5,1,1
CPVL,SLC26A2,1,1
CPVL,SLC35G1,1,1
CPVL,SLC44A1,1,1
CPVL,SMAP2,1,1
CPVL,SNTB1,1,1
CPVL,SORCS1,1,1
CPVL,SRPX,1,1
CPVL,TBC1D8,1,1
CPVL,TBRG4,1,1
CPVL,TPD52L1,1,1
CPVL,TRPM3,1,1
CPVL,ZNF280A,1,1
AIMP2,BCAP31,1,1
AIMP2,CENPL,1,1
AIMP2,CEP170B,1,1
AIMP2,COL19A1,1,1
AIMP2,COX18,1,1
AIMP2,DDX56,1,1
AIMP2,DGKI,1,1
AIMP2,DUS3L,1,1
AIMP2,EBF1,1,1
AIMP2,ECE2,1,1
AIMP2,ELOVL2,1,1
AIMP2,EN2,1,1
AIMP2,FAM3C,1,1
AIMP2,GPD2,1,1
AIMP2,HOXD13,1,1
AIMP2,JMJD4,1,1
AIMP2,KIAA1191,1,1
AIMP2,LIMK1,1,1
AIMP2,LIN28B,1,1
AIMP2,MAGT1,1,1
AIMP2,MAP2K3,1,1
AIMP2,MEGF10,1,1
AIMP2,MRPL32,1,1
AIMP2,PFKFB4,1,1
AIMP2,PHB,1,1
AIMP2,PLPP3,1,1
AIMP2,POFUT1,1,1
AIMP2,SEMA3D,1,1
AIMP2,SNAPC2,1,1
AIMP2,STON2,1,1
AIMP2,TIMM44,1,1
AIMP2,TMEM45A,1,1
AIMP2,TPM3P9,1,1
AIMP2,UBASH3B,1,1
AIMP2,UBE3C,1,1
AIMP2,ZNF593,1,1
POSTN,LIMS3,1,1
POSTN,RGS5,1,1
POSTN,SUCNR1,1,1
SS18,ACTR1A,1,1
SS18,ADAMTS9,1,1
SS18,AMPD2,1,1
SS18,ANKRD26,1,1
SS18,CHL1,1,1
SS18,CHPT1,1,1
SS18,CMB9-22P13.1,1,1
SS18,CMBL,1,1
SS18,COLGALT1,1,1
SS18,CPM,1,1
SS18,CST1,1,1
SS18,CXXC1,1,1
SS18,DGKH,1,1
SS18,DOCK10,1,1
SS18,DRG2,1,1
SS18,EXTL1,1,1
SS18,FCGR2A,1,1
SS18,GALNT2,1,1
SS18,GATA4,1,1
SS18,GORAB,1,1
SS18,GTF2B,1,1
SS18,ISOC2,1,1
SS18,MAN1B1,1,1
SS18,MBD2,1,1
SS18,METTL14,1,1
SS18,MPG,1,1
SS18,MRPL57,1,1
SS18,MYH14,1,1
SS18,NOMO1,1,1
SS18,PAN3,1,1
SS18,PDCD6IP,1,1
SS18,PDGFRL,1,1
SS18,PDZD4,1,1
SS18,PGRMC1,1,1
SS18,PI15,1,1
SS18,PMP2,1,1
SS18,PWWP2A,1,1
SS18,RAD17,1,1
SS18,RC3H2,1,1
SS18,RHOA,1,1
SS18,RUBCN,1,1
SS18,SLC22A5,1,1
SS18,SLC26A2,1,1
SS18,SLC35G1,1,1
SS18,SLC44A1,1,1
SS18,SMAD4,1,1
SS18,SMC6,1,1
SS18,STX2,1,1
SS18,TBRG4,1,1
SS18,TIMMDC1,1,1
SS18,TMEM62,1,1
SS18,TRAPPC10,1,1
SS18,UPF2,1,1
SS18,WAC,1,1
SS18,WDR37,1,1
SS18,ZFP28,1,1
SS18,ZMYND11,1,1
SS18,ZNF280A,1,1
SS18,ZNF506,1,1
SS18,ZNF71,1,1
ZNF506,AC007040.11,1,1
ZNF506,ACTR1A,1,1
ZNF506,ADAMTS9,1,1
ZNF506,AMPD2,1,1
ZNF506,ASB9,1,1
ZNF506,ATP1B3,1,1
ZNF506,CCSAP,1,1
ZNF506,CHL1,1,1
ZNF506,CHPT1,1,1
ZNF506,CLCC1,1,1
ZNF506,CMBL,1,1
ZNF506,CNKSR3,1,1
ZNF506,COLGALT1,1,1
ZNF506,DARS2,1,1
ZNF506,DGKH,1,1
ZNF506,DOCK10,1,1
ZNF506,DRG2,1,1
ZNF506,EPDR1,1,1
ZNF506,ETV1,1,1
ZNF506,ETV4,1,1
ZNF506,FAM149B1,1,1
ZNF506,FCGR2A,1,1
ZNF506,FOXK1,1,1
ZNF506,GALNT2,1,1
ZNF506,GATA4,1,1
ZNF506,GORAB,1,1
ZNF506,H1FX,1,1
ZNF506,HMCN1,1,1
ZNF506,ICAM1,1,1
ZNF506,ISOC2,1,1
ZNF506,ITGB3,1,1
ZNF506,ITGB5,1,1
ZNF506,KDELR2,1,1
ZNF506,KLF6,1,1
ZNF506,LRIG1,1,1
ZNF506,MBD2,1,1
ZNF506,MEGF10,1,1
ZNF506,METTL14,1,1
ZNF506,MGAT5B,1,1
ZNF506,MRPL57,1,1
ZNF506,MYH14,1,1
ZNF506,MYL9,1,1
ZNF506,NAPG,1,1
ZNF506,NOA1,1,1
ZNF506,NOMO1,1,1
ZNF506,NT5DC2,1,1
ZNF506,PAN3,1,1
ZNF506,PDCD6IP,1,1
ZNF506,PDGFRL,1,1
ZNF506,PDZD4,1,1
ZNF506,PGRMC1,1,1
ZNF506,PI15,1,1
ZNF506,PMP2,1,1
ZNF506,PNMA2,1,1
ZNF506,PPIA,1,1
ZNF506,RAD17,1,1
ZNF506,RBAK,1,1
ZNF506,RHOA,1,1
ZNF506,RHOC,1,1
ZNF506,RPTOR,1,1
ZNF506,RTN4IP1,1,1
ZNF506,RUBCN,1,1
ZNF506,SEC11A,1,1
ZNF506,SLC22A5,1,1
ZNF506,SLC26A2,1,1
ZNF506,SMAD4,1,1
ZNF506,SSFA2,1,1
ZNF506,ST6GAL1,1,1
ZNF506,STX2,1,1
ZNF506,SUN2,1,1
ZNF506,TBRG4,1,1
ZNF506,THOC2,1,1
ZNF506,TIMMDC1,1,1
ZNF506,TIPRL,1,1
ZNF506,TMEM5,1,1
ZNF506,UPF2,1,1
ZNF506,WAC,1,1
ZNF506,WDR37,1,1
ZNF506,WDR48,1,1
ZNF506,ZFP28,1,1
ZNF506,ZNF71,1,1
ZNF12,FAM3C2,1,1
ZNF12,SHROOM4,1,1
GSPT1,AASDHPPT,1,1
GSPT1,AP3D1,1,1
GSPT1,ASCC3,1,1
GSPT1,ATG101,1,1
GSPT1,ATR,1,1
GSPT1,CEP170B,1,1
GSPT1,CNBP,1,1
GSPT1,DCUN1D5,1,1
GSPT1,DDX56,1,1
GSPT1,DLX2,1,1
GSPT1,DNAAF5,1,1
GSPT1,DUS3L,1,1
GSPT1,EIF1AX,1,1
GSPT1,FNTB,1,1
GSPT1,FXN,1,1
GSPT1,GRPEL1,1,1
GSPT1,HOXD13,1,1
GSPT1,IRAK4,1,1
GSPT1,JRK,1,1
GSPT1,KDELC2,1,1
GSPT1,KRI1,1,1
GSPT1,LRRC59,1,1
GSPT1,LSG1,1,1
GSPT1,MMADHC,1,1
GSPT1,NMD3,1,1
GSPT1,NOC2LP1,1,1
GSPT1,POFUT1,1,1
GSPT1,PSME3,1,1
GSPT1,PTPN1,1,1
GSPT1,RAP1B,1,1
GSPT1,RRP15,1,1
GSPT1,SEC61A1,1,1
GSPT1,SH3KBP1,1,1
GSPT1,SMC1A,1,1
GSPT1,SNAPC2,1,1
GSPT1,SRPRB,1,1
GSPT1,TOR1AIP2,1,1
GSPT1,TPI1,1,1
GSPT1,TRIM24,1,1
GSPT1,ZNF275,1,1
GSPT1,ZNF654,1,1
KNOP1,CTDSP1,1,1
KNOP1,EPRS,1,1
KNOP1,ZFYVE27,1,1
ACTR1A,AARS2,1,1
ACTR1A,AC007040.11,1,1
ACTR1A,ACAD9,1,1
ACTR1A,ACTN2,1,1
ACTR1A,ADAM15,1,1
ACTR1A,ADAMTS9,1,1
ACTR1A,ADCY1,1,1
ACTR1A,AHR,1,1
ACTR1A,AMOT,1,1
ACTR1A,AMPD2,1,1
ACTR1A,ANKRD19P,1,1
ACTR1A,ANKRD26,1,1
ACTR1A,ANKRD54,1,1
ACTR1A,APOO,1,1
ACTR1A,ARHGAP25,1,1
ACTR1A,ASB9,1,1
ACTR1A,ATP1B3,1,1
ACTR1A,BX004987.1,1,1
ACTR1A,C3ORF67,1,1
ACTR1A,C9ORF3,1,1
ACTR1A,CASP10,1,1
ACTR1A,CCSAP,1,1
ACTR1A,CENPL,1,1
ACTR1A,CHST6,1,1
ACTR1A,CLCC1,1,1
ACTR1A,CMB9-22P13.1,1,1
ACTR1A,CMBL,1,1
ACTR1A,CMTM8,1,1
ACTR1A,CNIH3,1,1
ACTR1A,CNKSR3,1,1
ACTR1A,COL19A1,1,1
ACTR1A,COL22A1,1,1
ACTR1A,COLGALT1,1,1
ACTR1A,COPA,1,1
ACTR1A,COPB2,1,1
ACTR1A,CPD,1,1
ACTR1A,CRISPLD1,1,1
ACTR1A,CST1,1,1
ACTR1A,DARS2,1,1
ACTR1A,DGKH,1,1
ACTR1A,DLX5,1,1
ACTR1A,DNAJB12,1,1
ACTR1A,DOCK10,1,1
ACTR1A,DOCK4,1,1
ACTR1A,DPY19L1,1,1
ACTR1A,EBF1,1,1
ACTR1A,ECE2,1,1
ACTR1A,EIF3I,1,1
ACTR1A,ELOVL2,1,1
ACTR1A,ENOX1,1,1
ACTR1A,EPDR1,1,1
ACTR1A,ERLEC1,1,1
ACTR1A,ETV1,1,1
ACTR1A,ETV4,1,1
ACTR1A,EXOC1,1,1
ACTR1A,FAM149B1,1,1
ACTR1A,FAM198B,1,1
ACTR1A,FCGR2A,1,1
ACTR1A,FGF13,1,1
ACTR1A,FKBP11,1,1
ACTR1A,FKBP14,1,1
ACTR1A,FMN2,1,1
ACTR1A,FOXK1,1,1
ACTR1A,FUCA2,1,1
ACTR1A,GAD1,1,1
ACTR1A,GALNT2,1,1
ACTR1A,GATA4,1,1
ACTR1A,GHR,1,1
ACTR1A,GORAB,1,1
ACTR1A,GPC4,1,1
ACTR1A,GPC6,1,1
ACTR1A,HMCES,1,1
ACTR1A,HMCN1,1,1
ACTR1A,HOXA13,1,1
ACTR1A,ICAM1,1,1
ACTR1A,IL1RAP,1,1
ACTR1A,INTS10,1,1
ACTR1A,ITGB5,1,1
ACTR1A,KCNK5,1,1
ACTR1A,KDELR2,1,1
ACTR1A,KDSR,1,1
ACTR1A,KIAA1191,1,1
ACTR1A,LIG3,1,1
ACTR1A,LIN28B,1,1
ACTR1A,MAGEC1,1,1
ACTR1A,MAPK14,1,1
ACTR1A,MBD4,1,1
ACTR1A,MCTS1,1,1
ACTR1A,ME1,1,1
ACTR1A,MEGF10,1,1
ACTR1A,METTL14,1,1
ACTR1A,MICU1,1,1
ACTR1A,MLLT10,1,1
ACTR1A,MRAP2,1,1
ACTR1A,MRPL57,1,1
ACTR1A,MYD88,1,1
ACTR1A,MYH14,1,1
ACTR1A,NAPG,1,1
ACTR1A,NOA1,1,1
ACTR1A,NOMO1,1,1
ACTR1A,NOMO3,1,1
ACTR1A,P4HA1,1,1
ACTR1A,PAN3,1,1
ACTR1A,PAQR7,1,1
ACTR1A,PCOLCE2,1,1
ACTR1A,PDGFRL,1,1
ACTR1A,PGF,1,1
ACTR1A,PGM1,1,1
ACTR1A,PGM3,1,1
ACTR1A,PGRMC1,1,1
ACTR1A,PI15,1,1
ACTR1A,PIEZO2,1,1
ACTR1A,PLPP3,1,1
ACTR1A,PMP2,1,1
ACTR1A,PNMA2,1,1
ACTR1A,POLD2,1,1
ACTR1A,PPARD,1,1
ACTR1A,PPIA,1,1
ACTR1A,PRDX6,1,1
ACTR1A,PTGFRN,1,1
ACTR1A,PWWP2A,1,1
ACTR1A,RABL6,1,1
ACTR1A,RAD17,1,1
ACTR1A,RBAK,1,1
ACTR1A,RCN2,1,1
ACTR1A,RELL1,1,1
ACTR1A,RHOA,1,1
ACTR1A,ROR1,1,1
ACTR1A,RUFY1,1,1
ACTR1A,SCG2,1,1
ACTR1A,SECISBP2,1,1
ACTR1A,SEMA3D,1,1
ACTR1A,SHROOM1,1,1
ACTR1A,SLC19A3,1,1
ACTR1A,SLC1A1,1,1
ACTR1A,SLC22A5,1,1
ACTR1A,SLC26A2,1,1
ACTR1A,SLC26A4,1,1
ACTR1A,SLC35G1,1,1
ACTR1A,SLC44A1,1,1
ACTR1A,SMAD4,1,1
ACTR1A,SMAP2,1,1
ACTR1A,SNTB1,1,1
ACTR1A,SNX18P3,1,1
ACTR1A,SOBP,1,1
ACTR1A,SRPX,1,1
ACTR1A,ST6GAL1,1,1
ACTR1A,STON2,1,1
ACTR1A,SUDS3,1,1
ACTR1A,SUN1,1,1
ACTR1A,SUN2,1,1
ACTR1A,TBCC,1,1
ACTR1A,TBRG4,1,1
ACTR1A,TIMMDC1,1,1
ACTR1A,TMEM5,1,1
ACTR1A,TMEM62,1,1
ACTR1A,TMEM67,1,1
ACTR1A,TPGS2,1,1
ACTR1A,TVP23B,1,1
ACTR1A,UBASH3B,1,1
ACTR1A,UNC80,1,1
ACTR1A,VAC14,1,1
ACTR1A,VTI1A,1,1
ACTR1A,WAC,1,1
ACTR1A,WDR37,1,1
ACTR1A,ZDHHC3,1,1
ACTR1A,ZSCAN5A,1,1
SLC35A4,ABCA8,1,1
SLC35A4,ANKRD45,1,1
SLC35A4,ARHGAP20,1,1
SLC35A4,ASB4,1,1
SLC35A4,ASL,1,1
SLC35A4,ASTN2,1,1
SLC35A4,B3GNT7,1,1
SLC35A4,B4GALNT3,1,1
SLC35A4,BFSP1,1,1
SLC35A4,BMP6,1,1
SLC35A4,CBSL,1,1
SLC35A4,CC2D1A,1,1
SLC35A4,CEP70,1,1
SLC35A4,CGREF1,1,1
SLC35A4,CHPF,1,1
SLC35A4,COL22A1,1,1
SLC35A4,COL9A1,1,1
SLC35A4,COL9A2,1,1
SLC35A4,COL9A3,1,1
SLC35A4,COQ6,1,1
SLC35A4,CSMD1,1,1
SLC35A4,CT45A1,1,1
SLC35A4,CT45A6,1,1
SLC35A4,DGAT2,1,1
SLC35A4,DNAJB12,1,1
SLC35A4,DSCR8,1,1
SLC35A4,DYNLT3,1,1
SLC35A4,ERLIN2,1,1
SLC35A4,EYA2,1,1
SLC35A4,FAM133A,1,1
SLC35A4,FAM46C,1,1
SLC35A4,FBF1,1,1
SLC35A4,FKBP10,1,1
SLC35A4,FMOD,1,1
SLC35A4,FOLH1,1,1
SLC35A4,GABRG3,1,1
SLC35A4,GPC1,1,1
SLC35A4,GPC4,1,1
SLC35A4,GREB1L,1,1
SLC35A4,HIF1A,1,1
SLC35A4,IGFBP2,1,1
SLC35A4,ITGA10,1,1
SLC35A4,ITGAX,1,1
SLC35A4,ITIH5,1,1
SLC35A4,ITIH6,1,1
SLC35A4,JUNB,1,1
SLC35A4,LAMA2,1,1
SLC35A4,LAMB1,1,1
SLC35A4,LAMC3,1,1
SLC35A4,LDLRAD4,1,1
SLC35A4,LRP2,1,1
SLC35A4,LYPLAL1,1,1
SLC35A4,MAFB,1,1
SLC35A4,MAMDC2,1,1
SLC35A4,MAOB,1,1
SLC35A4,MAPRE3,1,1
SLC35A4,MGP,1,1
SLC35A4,MYO3B,1,1
SLC35A4,NPTXR,1,1
SLC35A4,NR1D1,1,1
SLC35A4,NTN1,1,1
SLC35A4,OAZ1,1,1
SLC35A4,OPHN1,1,1
SLC35A4,P3H1,1,1
SLC35A4,P3H4,1,1
SLC35A4,PAPSS2,1,1
SLC35A4,PATZ1,1,1
SLC35A4,PCDHA1,1,1
SLC35A4,PCDHB11,1,1
SLC35A4,PCDHB5,1,1
SLC35A4,PCDHB6,1,1
SLC35A4,PCOLCE,1,1
SLC35A4,PCSK6,1,1
SLC35A4,PDDC1,1,1
SLC35A4,PHLDB3,1,1
SLC35A4,PITPNC1,1,1
SLC35A4,PLBD1,1,1
SLC35A4,PLEKHS1,1,1
SLC35A4,PMS2CL,1,1
SLC35A4,PODXL2,1,1
SLC35A4,PPIC,1,1
SLC35A4,PPP2R2B,1,1
SLC35A4,PTGFRN,1,1
SLC35A4,RIDA,1,1
SLC35A4,RNF152,1,1
SLC35A4,RP11-111F5.5,1,1
SLC35A4,RYR2,1,1
SLC35A4,SDC2,1,1
SLC35A4,SERPINA3,1,1
SLC35A4,SEZ6L2,1,1
SLC35A4,SNX18P3,1,1
SLC35A4,SPARC,1,1
SLC35A4,SPATS1,1,1
SLC35A4,SULF1,1,1
SLC35A4,TBC1D10B,1,1
SLC35A4,TGFB3,1,1
SLC35A4,TIGD1,1,1
SLC35A4,TMEM67,1,1
SLC35A4,TNFRSF21,1,1
SLC35A4,TPD52L1,1,1
SLC35A4,TRIM9,1,1
SLC35A4,TRPM3,1,1
SLC35A4,TRPM8,1,1
SLC35A4,UPF3A,1,1
SLC35A4,UROC1,1,1
SLC35A4,WNK4,1,1
SLC35A4,WWTR1,1,1
SLC35A4,ZDHHC16,1,1
SLC35A4,ZNF595,1,1
SLC35A4,ZNF710,1,1
PSMG4,ASPH,1,1
PSMG4,C17ORF89,1,1
PSMG4,CCNE1,1,1
PSMG4,CDK14,1,1
PSMG4,CDK5RAP1,1,1
PSMG4,CHML,1,1
PSMG4,CNBP,1,1
PSMG4,COTL1,1,1
PSMG4,CTU2,1,1
PSMG4,DLX1,1,1
PSMG4,EFNA5,1,1
PSMG4,EIF2B3,1,1
PSMG4,EIF5A,1,1
PSMG4,EPRS,1,1
PSMG4,F11R,1,1
PSMG4,FAM72A,1,1
PSMG4,FOXD2,1,1
PSMG4,FRMD6,1,1
PSMG4,FZD5,1,1
PSMG4,GATB,1,1
PSMG4,HOXB4,1,1
PSMG4,MAPK11,1,1
PSMG4,MAVS,1,1
PSMG4,MORF4L2,1,1
PSMG4,MRPL3,1,1
PSMG4,MRPL4,1,1
PSMG4,NECAP2,1,1
PSMG4,NMD3,1,1
PSMG4,PDHX,1,1
PSMG4,PHKA1,1,1
PSMG4,PROSER2,1,1
PSMG4,PTK7,1,1
PSMG4,SDHD,1,1
PSMG4,SMO,1,1
PSMG4,SPHK1,1,1
PSMG4,UBE3B,1,1
SNX18P3,AARS2,1,1
SNX18P3,ACTN2,1,1
SNX18P3,ADAM15,1,1
SNX18P3,ADCY1,1,1
SNX18P3,AHR,1,1
SNX18P3,ANGPT1,1,1
SNX18P3,ANKRD19P,1,1
SNX18P3,ANKRD54,1,1
SNX18P3,ARHGAP20,1,1
SNX18P3,ARHGAP25,1,1
SNX18P3,ASL,1,1
SNX18P3,ATP1B1,1,1
SNX18P3,C3ORF67,1,1
SNX18P3,CASP10,1,1
SNX18P3,CC2D1A,1,1
SNX18P3,CEP70,1,1
SNX18P3,CHST6,1,1
SNX18P3,CNIH3,1,1
SNX18P3,COL22A1,1,1
SNX18P3,COL9A3,1,1
SNX18P3,COLGALT1,1,1
SNX18P3,COPA,1,1
SNX18P3,COPB2,1,1
SNX18P3,COQ3,1,1
SNX18P3,CPD,1,1
SNX18P3,DGAT2,1,1
SNX18P3,DLX5,1,1
SNX18P3,DOK1,1,1
SNX18P3,DYNLT3,1,1
SNX18P3,EIF3I,1,1
SNX18P3,ENAH,1,1
SNX18P3,ENOX1,1,1
SNX18P3,EPHA3,1,1
SNX18P3,ERLEC1,1,1
SNX18P3,FABP7,1,1
SNX18P3,FAM133A,1,1
SNX18P3,FAM188B,1,1
SNX18P3,FAM198B,1,1
SNX18P3,FAM46C,1,1
SNX18P3,FGF13,1,1
SNX18P3,FKBP10,1,1
SNX18P3,FMN2,1,1
SNX18P3,FYB,1,1
SNX18P3,GAD1,1,1
SNX18P3,GAPDH,1,1
SNX18P3,GHR,1,1
SNX18P3,GPC3,1,1
SNX18P3,GPC4,1,1
SNX18P3,GPC6,1,1
SNX18P3,GULP1,1,1
SNX18P3,HEY2,1,1
SNX18P3,HIF1A,1,1
SNX18P3,HMCES,1,1
SNX18P3,IARS2,1,1
SNX18P3,IL1RAP,1,1
SNX18P3,INTS10,1,1
SNX18P3,ITIH5,1,1
SNX18P3,KDSR,1,1
SNX18P3,LAMB1,1,1
SNX18P3,LAMC3,1,1
SNX18P3,LAPTM4B,1,1
SNX18P3,LIG3,1,1
SNX18P3,LRP2,1,1
SNX18P3,LYPLAL1,1,1
SNX18P3,MAMDC2,1,1
SNX18P3,MAOB,1,1
SNX18P3,MATK,1,1
SNX18P3,MBD4,1,1
SNX18P3,ME1,1,1
SNX18P3,MRAP2,1,1
SNX18P3,MYD88,1,1
SNX18P3,MYO5B,1,1
SNX18P3,NDUFA9,1,1
SNX18P3,NOC2LP1,1,1
SNX18P3,NOMO3,1,1
SNX18P3,NPAS1,1,1
SNX18P3,NSUN5,1,1
SNX18P3,OAZ1,1,1
SNX18P3,OFD1,1,1
SNX18P3,P3H1,1,1
SNX18P3,P3H2,1,1
SNX18P3,PAQR7,1,1
SNX18P3,PCCB,1,1
SNX18P3,PCOLCE2,1,1
SNX18P3,PDDC1,1,1
SNX18P3,PDGFRL,1,1
SNX18P3,PGF,1,1
SNX18P3,PGM1,1,1
SNX18P3,PGM3,1,1
SNX18P3,PHLDB3,1,1
SNX18P3,PI15,1,1
SNX18P3,PIEZO2,1,1
SNX18P3,PITPNC1,1,1
SNX18P3,PLEKHS1,1,1
SNX18P3,PLXNB3,1,1
SNX18P3,PODXL2,1,1
SNX18P3,POLD2,1,1
SNX18P3,PPP1R13B,1,1
SNX18P3,PRDX6,1,1
SNX18P3,PTGFRN,1,1
SNX18P3,RAB23,1,1
SNX18P3,RAPGEF5,1,1
SNX18P3,RCN2,1,1
SNX18P3,RELL1,1,1
SNX18P3,RNF152,1,1
SNX18P3,RNF216,1,1
SNX18P3,RPN1,1,1
SNX18P3,SDC2,1,1
SNX18P3,SEC14L1,1,1
SNX18P3,SEZ6L2,1,1
SNX18P3,SLC19A3,1,1
SNX18P3,SLC26A2,1,1
SNX18P3,SLC26A4,1,1
SNX18P3,SNTB1,1,1
SNX18P3,SPARC,1,1
SNX18P3,SPATS1,1,1
SNX18P3,SRPRB,1,1
SNX18P3,SRPX,1,1
SNX18P3,TBC1D10B,1,1
SNX18P3,TGFB3,1,1
SNX18P3,TIGD1,1,1
SNX18P3,TMEM67,1,1
SNX18P3,TPD52L1,1,1
SNX18P3,TPGS2,1,1
SNX18P3,TRIM9,1,1
SNX18P3,TRPM3,1,1
SNX18P3,TRPM8,1,1
SNX18P3,TSPAN13,1,1
SNX18P3,TVP23B,1,1
SNX18P3,UNC80,1,1
SNX18P3,WWTR1,1,1
SNX18P3,XPR1,1,1
SNX18P3,ZDHHC16,1,1
SNX18P3,ZNF595,1,1
SNX18P3,ZSCAN5A,1,1
LDLRAD4,ABCA8,1,1
LDLRAD4,ACAD11,1,1
LDLRAD4,ADAP1,1,1
LDLRAD4,ADGRB1,1,1
LDLRAD4,AFAP1L2,1,1
LDLRAD4,AGMO,1,1
LDLRAD4,AKAP6,1,1
LDLRAD4,ALG13,1,1
LDLRAD4,ANKRD45,1,1
LDLRAD4,ARHGAP20,1,1
LDLRAD4,ARHGAP6,1,1
LDLRAD4,ARHGDIB,1,1
LDLRAD4,ASB4,1,1
LDLRAD4,ASL,1,1
LDLRAD4,ASTN2,1,1
LDLRAD4,ATOH8,1,1
LDLRAD4,ATP1B1,1,1
LDLRAD4,ATP9A,1,1
LDLRAD4,B3GALT1,1,1
LDLRAD4,B3GNT7,1,1
LDLRAD4,B4GALNT3,1,1
LDLRAD4,BAALC,1,1
LDLRAD4,BFSP1,1,1
LDLRAD4,BMP6,1,1
LDLRAD4,BST2,1,1
LDLRAD4,C12ORF60,1,1
LDLRAD4,C1QTNF3-AMACR,1,1
LDLRAD4,C1ORF115,1,1
LDLRAD4,CA12,1,1
LDLRAD4,CACNA1H,1,1
LDLRAD4,CADM4,1,1
LDLRAD4,CBLB,1,1
LDLRAD4,CBSL,1,1
LDLRAD4,CC2D1A,1,1
LDLRAD4,CCDC113,1,1
LDLRAD4,CCDC78,1,1
LDLRAD4,CDH12,1,1
LDLRAD4,CEP70,1,1
LDLRAD4,CGREF1,1,1
LDLRAD4,CHPF,1,1
LDLRAD4,CHRDL1,1,1
LDLRAD4,CHURC1-FNTB,1,1
LDLRAD4,CNTNAP4,1,1
LDLRAD4,COL22A1,1,1
LDLRAD4,COL9A1,1,1
LDLRAD4,COL9A2,1,1
LDLRAD4,COL9A3,1,1
LDLRAD4,COQ6,1,1
LDLRAD4,CSMD1,1,1
LDLRAD4,CT45A1,1,1
LDLRAD4,CT45A10,1,1
LDLRAD4,CT45A3,1,1
LDLRAD4,CT45A5,1,1
LDLRAD4,CT45A6,1,1
LDLRAD4,CT45A8,1,1
LDLRAD4,CT45A9,1,1
LDLRAD4,CT55,1,1
LDLRAD4,CTBP2,1,1
LDLRAD4,DDX43,1,1
LDLRAD4,DEPTOR,1,1
LDLRAD4,DGAT2,1,1
LDLRAD4,DMRTA1,1,1
LDLRAD4,DNAH9,1,1
LDLRAD4,DNAJB6,1,1
LDLRAD4,DNAJC30,1,1
LDLRAD4,DOK1,1,1
LDLRAD4,DSCR8,1,1
LDLRAD4,EGFLAM,1,1
LDLRAD4,EIF4H,1,1
LDLRAD4,EMILIN1,1,1
LDLRAD4,ERLIN2,1,1
LDLRAD4,EYA2,1,1
LDLRAD4,FAM133A,1,1
LDLRAD4,FAM134B,1,1
LDLRAD4,FAM212B,1,1
LDLRAD4,FAM46C,1,1
LDLRAD4,FAM86B1,1,1
LDLRAD4,FBF1,1,1
LDLRAD4,FKBP10,1,1
LDLRAD4,FMOD,1,1
LDLRAD4,FOLH1,1,1
LDLRAD4,FOXP2,1,1
LDLRAD4,FREM1,1,1
LDLRAD4,GABRG3,1,1
LDLRAD4,GAGE1,1,1
LDLRAD4,GALNT5,1,1
LDLRAD4,GDF15,1,1
LDLRAD4,GPC1,1,1
LDLRAD4,GPC3,1,1
LDLRAD4,GPC4,1,1
LDLRAD4,GPR37,1,1
LDLRAD4,GREB1L,1,1
LDLRAD4,GRIK4,1,1
LDLRAD4,GUCY1B3,1,1
LDLRAD4,HS3ST3B1,1,1
LDLRAD4,IFI16,1,1
LDLRAD4,IGFBP2,1,1
LDLRAD4,IL13RA2,1,1
LDLRAD4,ITGA10,1,1
LDLRAD4,ITGAX,1,1
LDLRAD4,ITIH5,1,1
LDLRAD4,ITIH6,1,1
LDLRAD4,ITPRIPL2,1,1
LDLRAD4,JARID2,1,1
LDLRAD4,JSRP1,1,1
LDLRAD4,JUNB,1,1
LDLRAD4,KALRN,1,1
LDLRAD4,KCNC3,1,1
LDLRAD4,KCNG4,1,1
LDLRAD4,KIAA0895,1,1
LDLRAD4,LAMA2,1,1
LDLRAD4,LAMA4,1,1
LDLRAD4,LAMB1,1,1
LDLRAD4,LAMC3,1,1
LDLRAD4,LOXL3,1,1
LDLRAD4,LPCAT3,1,1
LDLRAD4,LRP2,1,1
LDLRAD4,LYPLAL1,1,1
LDLRAD4,MAFB,1,1
LDLRAD4,MAGEA4,1,1
LDLRAD4,MAMDC2,1,1
LDLRAD4,MAOB,1,1
LDLRAD4,MAPRE3,1,1
LDLRAD4,MATK,1,1
LDLRAD4,MDH2,1,1
LDLRAD4,MDM2,1,1
LDLRAD4,MEOX2,1,1
LDLRAD4,MGP,1,1
LDLRAD4,MICALL2,1,1
LDLRAD4,MRPS6,1,1
LDLRAD4,MYO3B,1,1
LDLRAD4,MYO5B,1,1
LDLRAD4,NDRG1,1,1
LDLRAD4,NDUFA8,1,1
LDLRAD4,NKX2-5,1,1
LDLRAD4,NPHP1,1,1
LDLRAD4,NPTX1,1,1
LDLRAD4,NPTXR,1,1
LDLRAD4,NR0B1,1,1
LDLRAD4,NSUN5,1,1
LDLRAD4,NTN1,1,1
LDLRAD4,OAF,1,1
LDLRAD4,OLFM2,1,1
LDLRAD4,OPHN1,1,1
LDLRAD4,P3H1,1,1
LDLRAD4,P3H2,1,1
LDLRAD4,P3H4,1,1
LDLRAD4,PAGE5,1,1
LDLRAD4,PAPSS2,1,1
LDLRAD4,PATZ1,1,1
LDLRAD4,PCDHA1,1,1
LDLRAD4,PCDHA10,1,1
LDLRAD4,PCDHB11,1,1
LDLRAD4,PCDHB15,1,1
LDLRAD4,PCDHB16,1,1
LDLRAD4,PCDHB17P,1,1
LDLRAD4,PCDHB3,1,1
LDLRAD4,PCDHB5,1,1
LDLRAD4,PCDHB6,1,1
LDLRAD4,PCDHB7,1,1
LDLRAD4,PCOLCE,1,1
LDLRAD4,PCSK5,1,1
LDLRAD4,PCSK6,1,1
LDLRAD4,PDDC1,1,1
LDLRAD4,PITPNC1,1,1
LDLRAD4,PLBD1,1,1
LDLRAD4,PLEKHS1,1,1
LDLRAD4,PLXNB2,1,1
LDLRAD4,PMS2CL,1,1
LDLRAD4,POU3F3,1,1
LDLRAD4,PPFIA4,1,1
LDLRAD4,PPIC,1,1
LDLRAD4,PPP2R2B,1,1
LDLRAD4,PRKCD,1,1
LDLRAD4,PTGFRN,1,1
LDLRAD4,PTPRD,1,1
LDLRAD4,RADIL,1,1
LDLRAD4,RELN,1,1
LDLRAD4,RGS16,1,1
LDLRAD4,RNASET2,1,1
LDLRAD4,RNF152,1,1
LDLRAD4,RNF175,1,1
LDLRAD4,ROBO1,1,1
LDLRAD4,RORA,1,1
LDLRAD4,RP11-111F5.5,1,1
LDLRAD4,RP11-111K18.1,1,1
LDLRAD4,RYR2,1,1
LDLRAD4,S100A13,1,1
LDLRAD4,SBNO2,1,1
LDLRAD4,SCARA5,1,1
LDLRAD4,SCCPDH,1,1
LDLRAD4,SCRG1,1,1
LDLRAD4,SDC2,1,1
LDLRAD4,SDK2,1,1
LDLRAD4,SEL1L3,1,1
LDLRAD4,SEMA3E,1,1
LDLRAD4,SERPINA3,1,1
LDLRAD4,SERPINE2,1,1
LDLRAD4,SEZ6L2,1,1
LDLRAD4,SLC1A3,1,1
LDLRAD4,SLC39A4,1,1
LDLRAD4,SMIM3,1,1
LDLRAD4,SNAI1,1,1
LDLRAD4,SOCS2,1,1
LDLRAD4,SOD3,1,1
LDLRAD4,SPATS1,1,1
LDLRAD4,SREBF1,1,1
LDLRAD4,STAT3,1,1
LDLRAD4,STK26,1,1
LDLRAD4,STK32B,1,1
LDLRAD4,SULF1,1,1
LDLRAD4,TACO1,1,1
LDLRAD4,TENM1,1,1
LDLRAD4,TESC,1,1
LDLRAD4,TGFB3,1,1
LDLRAD4,THRB,1,1
LDLRAD4,TIGD1,1,1
LDLRAD4,TNFRSF21,1,1
LDLRAD4,TNS2,1,1
LDLRAD4,TPD52L1,1,1
LDLRAD4,TRIM9,1,1
LDLRAD4,TRPM8,1,1
LDLRAD4,UNC13A,1,1
LDLRAD4,UNC5C,1,1
LDLRAD4,UPF3A,1,1
LDLRAD4,UROC1,1,1
LDLRAD4,VPS25,1,1
LDLRAD4,WBSCR22,1,1
LDLRAD4,WNK4,1,1
LDLRAD4,WWTR1,1,1
LDLRAD4,ZNF536,1,1
LDLRAD4,ZNF595,1,1
LDLRAD4,BP-21264C1.1,1,1
CNTNAP4,ABCA8,1,1
CNTNAP4,ACAD11,1,1
CNTNAP4,ADA,1,1
CNTNAP4,ARHGAP20,1,1
CNTNAP4,ARHGDIB,1,1
CNTNAP4,AZGP1,1,1
CNTNAP4,B3GNT7,1,1
CNTNAP4,BAALC,1,1
CNTNAP4,BFSP1,1,1
CNTNAP4,BMP6,1,1
CNTNAP4,C8ORF48,1,1
CNTNAP4,CACNA1H,1,1
CNTNAP4,CBLB,1,1
CNTNAP4,CBSL,1,1
CNTNAP4,CCDC113,1,1
CNTNAP4,CCDC78,1,1
CNTNAP4,CEBPD,1,1
CNTNAP4,CGREF1,1,1
CNTNAP4,COASY,1,1
CNTNAP4,COL9A1,1,1
CNTNAP4,COQ6,1,1
CNTNAP4,CSMD1,1,1
CNTNAP4,CT45A6,1,1
CNTNAP4,DEPDC7,1,1
CNTNAP4,DSCR8,1,1
CNTNAP4,DZIP3,1,1
CNTNAP4,EGFL7,1,1
CNTNAP4,EYA2,1,1
CNTNAP4,FAM134B,1,1
CNTNAP4,FBF1,1,1
CNTNAP4,FDXR,1,1
CNTNAP4,FMOD,1,1
CNTNAP4,FOLH1,1,1
CNTNAP4,GABRG3,1,1
CNTNAP4,GREB1L,1,1
CNTNAP4,ITGAX,1,1
CNTNAP4,KIAA0895,1,1
CNTNAP4,LAMA2,1,1
CNTNAP4,LPCAT3,1,1
CNTNAP4,LRP2,1,1
CNTNAP4,MAOB,1,1
CNTNAP4,MAPRE3,1,1
CNTNAP4,MDH2,1,1
CNTNAP4,MGP,1,1
CNTNAP4,MYO3B,1,1
CNTNAP4,NPTXR,1,1
CNTNAP4,NTN1,1,1
CNTNAP4,OLFM2,1,1
CNTNAP4,OPHN1,1,1
CNTNAP4,PCOLCE,1,1
CNTNAP4,PCSK6,1,1
CNTNAP4,PEX5L,1,1
CNTNAP4,PITPNC1,1,1
CNTNAP4,PNPLA4,1,1
CNTNAP4,PPP2R2B,1,1
CNTNAP4,PRIMA1,1,1
CNTNAP4,PRKCD,1,1
CNTNAP4,PYROXD2,1,1
CNTNAP4,RADIL,1,1
CNTNAP4,RNASE1,1,1
CNTNAP4,RP11-111F5.5,1,1
CNTNAP4,RP11-43F13.1,1,1
CNTNAP4,SDK2,1,1
CNTNAP4,SEMA3E,1,1
CNTNAP4,SERPINA3,1,1
CNTNAP4,SEZ6L2,1,1
CNTNAP4,SKIV2L,1,1
CNTNAP4,SLC29A4,1,1
CNTNAP4,SLC40A1,1,1
CNTNAP4,SLC5A4,1,1
CNTNAP4,SOCS2,1,1
CNTNAP4,SOD3,1,1
CNTNAP4,SPAG4,1,1
CNTNAP4,SPATS1,1,1
CNTNAP4,STAT3,1,1
CNTNAP4,SULF1,1,1
CNTNAP4,TACO1,1,1
CNTNAP4,TARS2,1,1
CNTNAP4,TF,1,1
CNTNAP4,TNFRSF21,1,1
CNTNAP4,TRPM8,1,1
CNTNAP4,UROC1,1,1
CNTNAP4,WBSCR27,1,1
TMEM178B,CARD6,1,1
TMEM178B,CRIP2,1,1
TMEM178B,CXXC5,1,1
TMEM178B,F2RL2,1,1
TMEM178B,ITGA5,1,1
TMEM178B,KIAA1671,1,1
TMEM178B,PCDHA5,1,1
TMEM178B,PCDHA7,1,1
TMEM178B,PCDHAC2,1,1
TMEM178B,PPFIA4,1,1
TMEM178B,SLC9A7,1,1
TMEM178B,TNFRSF1A,1,1
RNF175,ABCA8,1,1
RNF175,ADAP1,1,1
RNF175,ADGRB1,1,1
RNF175,AFAP1L2,1,1
RNF175,AGMO,1,1
RNF175,AKAP6,1,1
RNF175,ALS2CR11,1,1
RNF175,ANK3,1,1
RNF175,ANKH,1,1
RNF175,ANKRD45,1,1
RNF175,ARHGAP6,1,1
RNF175,ARHGDIB,1,1
RNF175,ARPP21,1,1
RNF175,ASB4,1,1
RNF175,ASTN2,1,1
RNF175,ATP1B1,1,1
RNF175,B3GNT7,1,1
RNF175,B4GALNT3,1,1
RNF175,BATF3,1,1
RNF175,BCAR3,1,1
RNF175,BMP6,1,1
RNF175,C10ORF76,1,1
RNF175,C17ORF96,1,1
RNF175,C1QTNF3,1,1
RNF175,C1QTNF3-AMACR,1,1
RNF175,CA12,1,1
RNF175,CBSL,1,1
RNF175,CCDC113,1,1
RNF175,CDH12,1,1
RNF175,CHURC1-FNTB,1,1
RNF175,COL9A1,1,1
RNF175,COL9A2,1,1
RNF175,COL9A3,1,1
RNF175,COLGALT2,1,1
RNF175,CRIP2,1,1
RNF175,CT45A1,1,1
RNF175,CT45A10,1,1
RNF175,CT45A3,1,1
RNF175,CT45A5,1,1
RNF175,CT45A6,1,1
RNF175,CT45A8,1,1
RNF175,CT45A9,1,1
RNF175,CT55,1,1
RNF175,DMRTA1,1,1
RNF175,DNAH9,1,1
RNF175,DNAJB6,1,1
RNF175,DNAJC30,1,1
RNF175,DSCR8,1,1
RNF175,DUSP23,1,1
RNF175,DYNLT3,1,1
RNF175,EGFLAM,1,1
RNF175,EIF4H,1,1
RNF175,EMILIN1,1,1
RNF175,EYA2,1,1
RNF175,F12,1,1
RNF175,F2RL2,1,1
RNF175,FAM117B,1,1
RNF175,FAM212B,1,1
RNF175,FAM86B1,1,1
RNF175,FMOD,1,1
RNF175,FOLH1,1,1
RNF175,FOXF1,1,1
RNF175,FREM1,1,1
RNF175,FREM2,1,1
RNF175,FSCN1,1,1
RNF175,FSIP2,1,1
RNF175,GABRG3,1,1
RNF175,GALNT5,1,1
RNF175,GLI2,1,1
RNF175,GPC1,1,1
RNF175,GREB1L,1,1
RNF175,GRIK4,1,1
RNF175,IGFBP2,1,1
RNF175,IL13RA2,1,1
RNF175,ITGA5,1,1
RNF175,ITIH6,1,1
RNF175,KALRN,1,1
RNF175,KDM5C,1,1
RNF175,KIAA1671,1,1
RNF175,LAMA2,1,1
RNF175,LOXL3,1,1
RNF175,MAGEA4,1,1
RNF175,MAMDC2,1,1
RNF175,MEOX2,1,1
RNF175,MGP,1,1
RNF175,MICALL2,1,1
RNF175,MMP16,1,1
RNF175,MRPS6,1,1
RNF175,MYO5B,1,1
RNF175,NDRG1,1,1
RNF175,NDUFA8,1,1
RNF175,NFATC2IP,1,1
RNF175,NGRN,1,1
RNF175,NKX2-5,1,1
RNF175,NPTXR,1,1
RNF175,NTN1,1,1
RNF175,OAF,1,1
RNF175,P3H4,1,1
RNF175,PAPSS2,1,1
RNF175,PATZ1,1,1
RNF175,PCDHA1,1,1
RNF175,PCDHA10,1,1
RNF175,PCDHA11,1,1
RNF175,PCDHA4,1,1
RNF175,PCDHA5,1,1
RNF175,PCDHA7,1,1
RNF175,PCDHAC2,1,1
RNF175,PCDHB11,1,1
RNF175,PCDHB12,1,1
RNF175,PCDHB15,1,1
RNF175,PCDHB16,1,1
RNF175,PCDHB17P,1,1
RNF175,PCDHB2,1,1
RNF175,PCDHB3,1,1
RNF175,PCDHB5,1,1
RNF175,PCDHB6,1,1
RNF175,PCDHB7,1,1
RNF175,PCOLCE,1,1
RNF175,PCSK5,1,1
RNF175,PCSK6,1,1
RNF175,PKD1P5,1,1
RNF175,PLBD1,1,1
RNF175,PLCXD1,1,1
RNF175,PLEKHS1,1,1
RNF175,PLXNB2,1,1
RNF175,PNPO,1,1
RNF175,POLRMT,1,1
RNF175,POU3F3,1,1
RNF175,PPFIA4,1,1
RNF175,PPP2R2B,1,1
RNF175,PRKAR1B,1,1
RNF175,PTPA,1,1
RNF175,PTPRD,1,1
RNF175,RANBP17,1,1
RNF175,RELN,1,1
RNF175,RGS16,1,1
RNF175,RNF7,1,1
RNF175,RP11-111K18.1,1,1
RNF175,RP5-862P8.2,1,1
RNF175,RPS6KA3,1,1
RNF175,RYR2,1,1
RNF175,SCAMP5,1,1
RNF175,SCARA5,1,1
RNF175,SCCPDH,1,1
RNF175,SCRG1,1,1
RNF175,SEC14L1,1,1
RNF175,SEL1L3,1,1
RNF175,SERINC3,1,1
RNF175,SLC1A3,1,1
RNF175,SLC25A16,1,1
RNF175,SLC35E4,1,1
RNF175,SLC43A2,1,1
RNF175,SLC9A7,1,1
RNF175,SMIM3,1,1
RNF175,SMTN,1,1
RNF175,SNAI1,1,1
RNF175,SRPX2,1,1
RNF175,STK26,1,1
RNF175,SULF1,1,1
RNF175,SYAP1,1,1
RNF175,TCAF2,1,1
RNF175,TENM1,1,1
RNF175,TESC,1,1
RNF175,THRB,1,1
RNF175,TIGD1,1,1
RNF175,TMED7-TICAM2,1,1
RNF175,TNFRSF1A,1,1
RNF175,TRIM9,1,1
RNF175,TSPAN13,1,1
RNF175,TSR3,1,1
RNF175,TYW1B,1,1
RNF175,UBA1,1,1
RNF175,UNC13A,1,1
RNF175,UNC5C,1,1
RNF175,UROC1,1,1
RNF175,WBSCR22,1,1
RNF175,BP-21264C1.1,1,1
SNAP47,OAZ1,1,1
CA12,ABCA8,1,1
CA12,AC004980.7,1,1
CA12,ACPP,1,1
CA12,ADGRB1,1,1
CA12,AFAP1L2,1,1
CA12,AGMO,1,1
CA12,AKAP6,1,1
CA12,ALS2CR11,1,1
CA12,ANGPTL1,1,1
CA12,ANK3,1,1
CA12,ANKH,1,1
CA12,ANKRD45,1,1
CA12,ARCN1,1,1
CA12,ARHGAP5,1,1
CA12,ARHGAP6,1,1
CA12,ARHGDIB,1,1
CA12,ARPP21,1,1
CA12,ART3,1,1
CA12,ASB3,1,1
CA12,ASB4,1,1
CA12,ASTN2,1,1
CA12,ATP1B1,1,1
CA12,ATP2B1,1,1
CA12,ATP9A,1,1
CA12,B3GNT7,1,1
CA12,B4GALNT3,1,1
CA12,BATF3,1,1
CA12,BST2,1,1
CA12,C17ORF96,1,1
CA12,C1QTNF3,1,1
CA12,C1QTNF3-AMACR,1,1
CA12,CADM4,1,1
CA12,CD276,1,1
CA12,CDH12,1,1
CA12,CEP70,1,1
CA12,CHURC1-FNTB,1,1
CA12,COL9A2,1,1
CA12,COL9A3,1,1
CA12,COLGALT2,1,1
CA12,CT45A1,1,1
CA12,CT45A10,1,1
CA12,CT45A3,1,1
CA12,CT45A5,1,1
CA12,CT45A6,1,1
CA12,CT45A8,1,1
CA12,CT45A9,1,1
CA12,CT55,1,1
CA12,CYB561,1,1
CA12,DDX43,1,1
CA12,DGAT2,1,1
CA12,DMRT2,1,1
CA12,DMRTA1,1,1
CA12,DNAH9,1,1
CA12,DNAJB6,1,1
CA12,DNAJC30,1,1
CA12,DOK1,1,1
CA12,DUSP2,1,1
CA12,DYNLT3,1,1
CA12,EBF3,1,1
CA12,EGFLAM,1,1
CA12,EIF4H,1,1
CA12,EMILIN1,1,1
CA12,ENAH,1,1
CA12,ENG,1,1
CA12,EPHA3,1,1
CA12,EPHB3,1,1
CA12,EYA2,1,1
CA12,F2RL2,1,1
CA12,FAM117B,1,1
CA12,FAM212B,1,1
CA12,FAM86B1,1,1
CA12,FGFRL1,1,1
CA12,FOXF1,1,1
CA12,FREM1,1,1
CA12,FREM2,1,1
CA12,FSCN1,1,1
CA12,FSIP2,1,1
CA12,FST,1,1
CA12,GALNT5,1,1
CA12,GLI2,1,1
CA12,GPC1,1,1
CA12,GREB1L,1,1
CA12,GRIK4,1,1
CA12,IGFBP2,1,1
CA12,IGFBP5,1,1
CA12,IL13RA2,1,1
CA12,IL27RA,1,1
CA12,ITIH6,1,1
CA12,ITPRIPL2,1,1
CA12,JARID2,1,1
CA12,KALRN,1,1
CA12,KANSL2,1,1
CA12,KCNC3,1,1
CA12,KDM5C,1,1
CA12,KIAA1671,1,1
CA12,LAMA2,1,1
CA12,LAMA4,1,1
CA12,LIFR,1,1
CA12,LONRF2,1,1
CA12,LOXL3,1,1
CA12,LPL,1,1
CA12,MAGEA4,1,1
CA12,MATK,1,1
CA12,MEOX2,1,1
CA12,MGP,1,1
CA12,MICALL2,1,1
CA12,MMP16,1,1
CA12,MRPS6,1,1
CA12,NDRG1,1,1
CA12,NDUFA8,1,1
CA12,NGRN,1,1
CA12,NKX2-5,1,1
CA12,NPTX1,1,1
CA12,NR0B1,1,1
CA12,NR4A2,1,1
CA12,NTN1,1,1
CA12,OAF,1,1
CA12,OLFML3,1,1
CA12,P3H4,1,1
CA12,PAPSS2,1,1
CA12,PATZ1,1,1
CA12,PCDH1,1,1
CA12,PCDHA1,1,1
CA12,PCDHA10,1,1
CA12,PCDHA11,1,1
CA12,PCDHA13,1,1
CA12,PCDHA5,1,1
CA12,PCDHA7,1,1
CA12,PCDHAC2,1,1
CA12,PCDHB11,1,1
CA12,PCDHB12,1,1
CA12,PCDHB15,1,1
CA12,PCDHB16,1,1
CA12,PCDHB17P,1,1
CA12,PCDHB2,1,1
CA12,PCDHB3,1,1
CA12,PCDHB5,1,1
CA12,PCDHB6,1,1
CA12,PCDHB7,1,1
CA12,PCDHGA3,1,1
CA12,PCDHGA7,1,1
CA12,PCOLCE,1,1
CA12,PCSK5,1,1
CA12,PCSK6,1,1
CA12,PHLDB1,1,1
CA12,PIP5K1B,1,1
CA12,PLBD1,1,1
CA12,PLCXD1,1,1
CA12,PLEKHS1,1,1
CA12,PLXNB2,1,1
CA12,PNPO,1,1
CA12,POU3F3,1,1
CA12,PPFIA4,1,1
CA12,PRKAR1B,1,1
CA12,PRR4,1,1
CA12,PRRX1,1,1
CA12,PTPA,1,1
CA12,PTPRD,1,1
CA12,RAB7B,1,1
CA12,RANBP17,1,1
CA12,RBMS1,1,1
CA12,RELN,1,1
CA12,RGS16,1,1
CA12,ROBO1,1,1
CA12,RP11-111K18.1,1,1
CA12,RP5-862P8.2,1,1
CA12,RYR2,1,1
CA12,S100A13,1,1
CA12,SARM1,1,1
CA12,SCARA5,1,1
CA12,SCRG1,1,1
CA12,SEL1L3,1,1
CA12,SERPINE2,1,1
CA12,SLC35E4,1,1
CA12,SLC39A4,1,1
CA12,SLC43A2,1,1
CA12,SLC5A3,1,1
CA12,SMIM3,1,1
CA12,SNAI1,1,1
CA12,SNED1,1,1
CA12,ST8SIA5,1,1
CA12,STK26,1,1
CA12,STK32B,1,1
CA12,SYTL5,1,1
CA12,TBXAS1,1,1
CA12,TCAF2,1,1
CA12,TCN1,1,1
CA12,TDRD1,1,1
CA12,TENM1,1,1
CA12,TESC,1,1
CA12,TGFA,1,1
CA12,TGFB3,1,1
CA12,THRB,1,1
CA12,TIGD1,1,1
CA12,TMEM2,1,1
CA12,TMTC3,1,1
CA12,TNFAIP6,1,1
CA12,TNFRSF1A,1,1
CA12,TRIM9,1,1
CA12,TSPAN13,1,1
CA12,TSR3,1,1
CA12,TYW1B,1,1
CA12,UBA1,1,1
CA12,UNC13A,1,1
CA12,UNC5C,1,1
CA12,WBSCR22,1,1
CA12,XIAP,1,1
CA12,ZBTB45P2,1,1
CA12,ZNF595,1,1
CA12,BP-21264C1.1,1,1
ARPP21,ABCA8,1,1
ARPP21,AC004980.7,1,1
ARPP21,ACPP,1,1
ARPP21,ADGRB1,1,1
ARPP21,AFAP1L2,1,1
ARPP21,AGMO,1,1
ARPP21,AKAP6,1,1
ARPP21,ALG13,1,1
ARPP21,ALS2CR11,1,1
ARPP21,ANGPTL1,1,1
ARPP21,ANK3,1,1
ARPP21,ANKRD45,1,1
ARPP21,AP3D1,1,1
ARPP21,ARCN1,1,1
ARPP21,ARHGAP5,1,1
ARPP21,ARHGAP6,1,1
ARPP21,ART3,1,1
ARPP21,ASB3,1,1
ARPP21,ASTN2,1,1
ARPP21,ATP11C,1,1
ARPP21,ATP1B1,1,1
ARPP21,ATP2B1,1,1
ARPP21,ATP9A,1,1
ARPP21,B3GNT7,1,1
ARPP21,B4GALNT3,1,1
ARPP21,BST2,1,1
ARPP21,C1QTNF3,1,1
ARPP21,C1QTNF3-AMACR,1,1
ARPP21,CD276,1,1
ARPP21,CDH12,1,1
ARPP21,CELSR1,1,1
ARPP21,CEMIP,1,1
ARPP21,CEP70,1,1
ARPP21,CHURC1-FNTB,1,1
ARPP21,COL11A2,1,1
ARPP21,COL9A2,1,1
ARPP21,COL9A3,1,1
ARPP21,COLGALT2,1,1
ARPP21,CSGALNACT1,1,1
ARPP21,CT45A1,1,1
ARPP21,CT45A10,1,1
ARPP21,CT45A3,1,1
ARPP21,CT45A5,1,1
ARPP21,CT45A8,1,1
ARPP21,CT45A9,1,1
ARPP21,CT55,1,1
ARPP21,CYB561,1,1
ARPP21,DDX43,1,1
ARPP21,DGAT2,1,1
ARPP21,DLX2,1,1
ARPP21,DMRT2,1,1
ARPP21,DMRTA1,1,1
ARPP21,DNAH9,1,1
ARPP21,DOK1,1,1
ARPP21,DUSP2,1,1
ARPP21,DYNLT3,1,1
ARPP21,EGFLAM,1,1
ARPP21,EIF1AXP1,1,1
ARPP21,EIF4H,1,1
ARPP21,EMILIN1,1,1
ARPP21,ENAH,1,1
ARPP21,ENG,1,1
ARPP21,EPHA3,1,1
ARPP21,EPHB3,1,1
ARPP21,ERLIN2,1,1
ARPP21,EYA2,1,1
ARPP21,FAM117B,1,1
ARPP21,FAM133A,1,1
ARPP21,FAM212B,1,1
ARPP21,FAM46C,1,1
ARPP21,FAM86B1,1,1
ARPP21,FOXF1,1,1
ARPP21,FREM1,1,1
ARPP21,FREM2,1,1
ARPP21,FSIP2,1,1
ARPP21,FST,1,1
ARPP21,GALNT5,1,1
ARPP21,GLI2,1,1
ARPP21,GLUD2,1,1
ARPP21,GPC1,1,1
ARPP21,GPC3,1,1
ARPP21,GRIK4,1,1
ARPP21,IGFBP2,1,1
ARPP21,IGFBP3,1,1
ARPP21,IGFBP5,1,1
ARPP21,IL13RA2,1,1
ARPP21,IL27RA,1,1
ARPP21,IL6ST,1,1
ARPP21,ITIH6,1,1
ARPP21,ITPRIPL2,1,1
ARPP21,JARID2,1,1
ARPP21,JKAMP,1,1
ARPP21,KALRN,1,1
ARPP21,KCNC3,1,1
ARPP21,KDM5C,1,1
ARPP21,KIAA0040,1,1
ARPP21,KIAA1328,1,1
ARPP21,LAMA4,1,1
ARPP21,LIFR,1,1
ARPP21,LONRF2,1,1
ARPP21,LOXL3,1,1
ARPP21,LPL,1,1
ARPP21,MAFB,1,1
ARPP21,MAGEA4,1,1
ARPP21,MATK,1,1
ARPP21,MEOX2,1,1
ARPP21,MICALL2,1,1
ARPP21,MMP16,1,1
ARPP21,MRPS6,1,1
ARPP21,NDRG1,1,1
ARPP21,NKX2-5,1,1
ARPP21,NPTX1,1,1
ARPP21,NR0B1,1,1
ARPP21,NR4A2,1,1
ARPP21,OAF,1,1
ARPP21,OLFML3,1,1
ARPP21,P3H2,1,1
ARPP21,PAPSS2,1,1
ARPP21,PATZ1,1,1
ARPP21,PCDH1,1,1
ARPP21,PCDHA1,1,1
ARPP21,PCDHA10,1,1
ARPP21,PCDHA11,1,1
ARPP21,PCDHA13,1,1
ARPP21,PCDHA5,1,1
ARPP21,PCDHA7,1,1
ARPP21,PCDHAC2,1,1
ARPP21,PCDHB11,1,1
ARPP21,PCDHB15,1,1
ARPP21,PCDHB16,1,1
ARPP21,PCDHB17P,1,1
ARPP21,PCDHB2,1,1
ARPP21,PCDHB3,1,1
ARPP21,PCDHB5,1,1
ARPP21,PCDHB6,1,1
ARPP21,PCDHB7,1,1
ARPP21,PCDHGA3,1,1
ARPP21,PCDHGA7,1,1
ARPP21,PCDHGB1,1,1
ARPP21,PCSK5,1,1
ARPP21,PDDC1,1,1
ARPP21,PHLDB1,1,1
ARPP21,PLBD1,1,1
ARPP21,PLEKHS1,1,1
ARPP21,PLXNB2,1,1
ARPP21,PLXNB3,1,1
ARPP21,POM121C,1,1
ARPP21,POU3F3,1,1
ARPP21,PPFIA4,1,1
ARPP21,PRR4,1,1
ARPP21,PRRX1,1,1
ARPP21,PTPRD,1,1
ARPP21,RAB36,1,1
ARPP21,RAB7B,1,1
ARPP21,RBMS1,1,1
ARPP21,RCC1L,1,1
ARPP21,RELN,1,1
ARPP21,RGS5,1,1
ARPP21,RNF128,1,1
ARPP21,ROBO1,1,1
ARPP21,RPN1,1,1
ARPP21,RYR2,1,1
ARPP21,S100A13,1,1
ARPP21,SARM1,1,1
ARPP21,SCARA5,1,1
ARPP21,SCRG1,1,1
ARPP21,SERPINE2,1,1
ARPP21,SLC35E4,1,1
ARPP21,SLC43A2,1,1
ARPP21,SLC5A3,1,1
ARPP21,SNAI1,1,1
ARPP21,SNED1,1,1
ARPP21,SOX8,1,1
ARPP21,SPRY4,1,1
ARPP21,ST8SIA5,1,1
ARPP21,STK32B,1,1
ARPP21,SYTL5,1,1
ARPP21,TBXAS1,1,1
ARPP21,TCAF2,1,1
ARPP21,TCN1,1,1
ARPP21,TDRD1,1,1
ARPP21,TENM1,1,1
ARPP21,TESC,1,1
ARPP21,TGFA,1,1
ARPP21,TGFB3,1,1
ARPP21,THRB,1,1
ARPP21,TIMP1,1,1
ARPP21,TNFAIP6,1,1
ARPP21,TOR1AIP2,1,1
ARPP21,TOR3A,1,1
ARPP21,TRIM47,1,1
ARPP21,TRIM51CP,1,1
ARPP21,TRIM9,1,1
ARPP21,UNC13A,1,1
ARPP21,UNC5C,1,1
ARPP21,UPF3A,1,1
ARPP21,WBSCR22,1,1
ARPP21,WWTR1,1,1
ARPP21,XIAP,1,1
ARPP21,XPR1,1,1
ARPP21,XYLT1,1,1
ARPP21,ZBTB45P2,1,1
ARPP21,ZNF595,1,1
ARPP21,ZNF860,1,1
ADGRL2,ADORA2B,1,1
ADGRL2,ANKH,1,1
ADGRL2,BATF3,1,1
ADGRL2,C16ORF72,1,1
ADGRL2,C4ORF32,1,1
ADGRL2,CDKL1,1,1
ADGRL2,CHPF2,1,1
ADGRL2,CPNE3,1,1
ADGRL2,EBF3,1,1
ADGRL2,F2RL2,1,1
ADGRL2,FGFRL1,1,1
ADGRL2,FSCN1,1,1
ADGRL2,GLI2,1,1
ADGRL2,HOXC8,1,1
ADGRL2,HS6ST2,1,1
ADGRL2,KDM5C,1,1
ADGRL2,KDM6A,1,1
ADGRL2,KIAA1671,1,1
ADGRL2,KLF16,1,1
ADGRL2,LANCL3,1,1
ADGRL2,LHX6,1,1
ADGRL2,LIMS1,1,1
ADGRL2,LRIF1,1,1
ADGRL2,METTL7B,1,1
ADGRL2,MIPOL1,1,1
ADGRL2,NFIC,1,1
ADGRL2,OCIAD1,1,1
ADGRL2,PACRGL,1,1
ADGRL2,PCDHA4,1,1
ADGRL2,PCDHA5,1,1
ADGRL2,PCDHA7,1,1
ADGRL2,PCDHAC2,1,1
ADGRL2,PCDHB12,1,1
ADGRL2,PLCH1,1,1
ADGRL2,PRKAR1B,1,1
ADGRL2,RND3,1,1
ADGRL2,RNF7,1,1
ADGRL2,RP5-862P8.2,1,1
ADGRL2,SERPINH1,1,1
ADGRL2,SLC35G2,1,1
ADGRL2,SLC43A2,1,1
ADGRL2,SLC4A8,1,1
ADGRL2,SLC9A7,1,1
ADGRL2,TCAF2,1,1
ADGRL2,TMEM2,1,1
ADGRL2,TMTC3,1,1
ADGRL2,TXLNG,1,1
ADGRL2,VCAN,1,1
ADGRL2,YKT6,1,1
ADGRL2,YWHAG,1,1
ADGRL2,ZFX,1,1
SRPX,AARS2,1,1
SRPX,ACAD9,1,1
SRPX,ACTN2,1,1
SRPX,ADAM15,1,1
SRPX,ADCY1,1,1
SRPX,AHR,1,1
SRPX,ANKRD19P,1,1
SRPX,ANKRD54,1,1
SRPX,APOO,1,1
SRPX,ARHGAP25,1,1
SRPX,C3ORF67,1,1
SRPX,CASP10,1,1
SRPX,CHST6,1,1
SRPX,CMB9-22P13.1,1,1
SRPX,CMTM8,1,1
SRPX,CNIH3,1,1
SRPX,COL22A1,1,1
SRPX,COLGALT1,1,1
SRPX,COPA,1,1
SRPX,COPB2,1,1
SRPX,CPD,1,1
SRPX,CRISPLD1,1,1
SRPX,DNAJB12,1,1
SRPX,EIF3I,1,1
SRPX,ENOX1,1,1
SRPX,ETV1,1,1
SRPX,FABP5,1,1
SRPX,FABP7,1,1
SRPX,FAM198B,1,1
SRPX,FAM46C,1,1
SRPX,FCGR2A,1,1
SRPX,FGF13,1,1
SRPX,FKBP10,1,1
SRPX,FKBP11,1,1
SRPX,FKBP14,1,1
SRPX,FKBP9P1,1,1
SRPX,FMN2,1,1
SRPX,GAD1,1,1
SRPX,GHR,1,1
SRPX,GMDS,1,1
SRPX,GORAB,1,1
SRPX,GPC3,1,1
SRPX,GPC4,1,1
SRPX,GPC6,1,1
SRPX,HEY2,1,1
SRPX,HIF1A,1,1
SRPX,HMCES,1,1
SRPX,IARS2,1,1
SRPX,ICAM1,1,1
SRPX,ID4,1,1
SRPX,INTS10,1,1
SRPX,LAMB1,1,1
SRPX,LAMC3,1,1
SRPX,LYPLAL1,1,1
SRPX,ME1,1,1
SRPX,MRAP2,1,1
SRPX,MYD88,1,1
SRPX,NDUFA9,1,1
SRPX,NPAS1,1,1
SRPX,OAZ1,1,1
SRPX,P3H1,1,1
SRPX,PAQR7,1,1
SRPX,PCCB,1,1
SRPX,PCOLCE2,1,1
SRPX,PDDC1,1,1
SRPX,PDGFRL,1,1
SRPX,PGF,1,1
SRPX,PGM1,1,1
SRPX,PGM3,1,1
SRPX,PI15,1,1
SRPX,PIEZO2,1,1
SRPX,PODXL2,1,1
SRPX,POLD2,1,1
SRPX,PPIA,1,1
SRPX,PPP1R13B,1,1
SRPX,PRDX4,1,1
SRPX,PRDX6,1,1
SRPX,PTGFRN,1,1
SRPX,RAB23,1,1
SRPX,RCN2,1,1
SRPX,RELL1,1,1
SRPX,RNF216,1,1
SRPX,ROR1,1,1
SRPX,SDC2,1,1
SRPX,SDSL,1,1
SRPX,SLC19A3,1,1
SRPX,SLC26A2,1,1
SRPX,SLC26A4,1,1
SRPX,SLC44A1,1,1
SRPX,SMAP2,1,1
SRPX,SNTB1,1,1
SRPX,SPARC,1,1
SRPX,SPATS1,1,1
SRPX,SUN1,1,1
SRPX,TMEM67,1,1
SRPX,TPD52L1,1,1
SRPX,TRPM3,1,1
SRPX,XPR1,1,1
NKRF,B3GNT2,1,1
NKRF,CLTC,1,1
NKRF,EDEM3,1,1
NKRF,NBEAL1,1,1
NKRF,PINX1,1,1
NKRF,SLC7A2,1,1
NKRF,SSFA2,1,1
NKRF,SWAP70,1,1
NKRF,THOC2,1,1
NKRF,TMEM87A,1,1
KDELR1,PLPP1,1,1
BPNT1,ACTN2,1,1
BPNT1,ADAM15,1,1
BPNT1,ADCY1,1,1
BPNT1,ALG13,1,1
BPNT1,ANGPT1,1,1
BPNT1,ANKRD54,1,1
BPNT1,ANXA11,1,1
BPNT1,APOO,1,1
BPNT1,ARHGAP25,1,1
BPNT1,ATP11C,1,1
BPNT1,BCL7A,1,1
BPNT1,C6ORF120,1,1
BPNT1,C9ORF3,1,1
BPNT1,CISD3,1,1
BPNT1,CLCC1,1,1
BPNT1,CLEC2B,1,1
BPNT1,COL22A1,1,1
BPNT1,CPD,1,1
BPNT1,CRISPLD1,1,1
BPNT1,CSGALNACT1,1,1
BPNT1,CUTA,1,1
BPNT1,CXORF56,1,1
BPNT1,CXORF57,1,1
BPNT1,DEPTOR,1,1
BPNT1,DGAT2,1,1
BPNT1,DOCK4,1,1
BPNT1,DOK1,1,1
BPNT1,EPB41L2,1,1
BPNT1,EPHA3,1,1
BPNT1,ERLIN2,1,1
BPNT1,ETV1,1,1
BPNT1,FABP5,1,1
BPNT1,FAM149B1,1,1
BPNT1,FAM175A,1,1
BPNT1,FAM188B,1,1
BPNT1,FAM198B,1,1
BPNT1,FAM46C,1,1
BPNT1,FGF13,1,1
BPNT1,FKBP11,1,1
BPNT1,FKBP14,1,1
BPNT1,FKBP9,1,1
BPNT1,FKBP9P1,1,1
BPNT1,FOXK1,1,1
BPNT1,GAS7,1,1
BPNT1,GHR,1,1
BPNT1,GLCCI1,1,1
BPNT1,GLUD2,1,1
BPNT1,GNS,1,1
BPNT1,GPC3,1,1
BPNT1,GPC4,1,1
BPNT1,GRIK2,1,1
BPNT1,HMCN1,1,1
BPNT1,IARS2,1,1
BPNT1,ID4,1,1
BPNT1,IFI16,1,1
BPNT1,IL1RAP,1,1
BPNT1,IL6ST,1,1
BPNT1,INTS10,1,1
BPNT1,ITGB5,1,1
BPNT1,ITPR2,1,1
BPNT1,ITPRIPL2,1,1
BPNT1,KCNK5,1,1
BPNT1,KIFAP3,1,1
BPNT1,LAMA4,1,1
BPNT1,LAMB1,1,1
BPNT1,LAMC3,1,1
BPNT1,LDLRAP1,1,1
BPNT1,LMLN,1,1
BPNT1,MAP7D3,1,1
BPNT1,MATK,1,1
BPNT1,ME1,1,1
BPNT1,MMP15,1,1
BPNT1,MPZL1,1,1
BPNT1,MRAP2,1,1
BPNT1,MTUS1,1,1
BPNT1,MYO6,1,1
BPNT1,NDFIP1,1,1
BPNT1,NFKBIE,1,1
BPNT1,NPAS1,1,1
BPNT1,NPTX1,1,1
BPNT1,NR1D1,1,1
BPNT1,NSF,1,1
BPNT1,NT5DC2,1,1
BPNT1,P3H1,1,1
BPNT1,P3H2,1,1
BPNT1,PDDC1,1,1
BPNT1,PGF,1,1
BPNT1,PGM1,1,1
BPNT1,PGM3,1,1
BPNT1,PIEZO2,1,1
BPNT1,PMS2CL,1,1
BPNT1,PPFIA3,1,1
BPNT1,PPP2R2D,1,1
BPNT1,PRDX6,1,1
BPNT1,PSMD9,1,1
BPNT1,PTGFRN,1,1
BPNT1,RAD17,1,1
BPNT1,RNASET2,1,1
BPNT1,RNF152,1,1
BPNT1,ROBO1,1,1
BPNT1,ROR1,1,1
BPNT1,SDC2,1,1
BPNT1,SDSL,1,1
BPNT1,SHROOM1,1,1
BPNT1,SLC19A3,1,1
BPNT1,SLC1A1,1,1
BPNT1,SLC26A2,1,1
BPNT1,SLC26A4,1,1
BPNT1,SLC2A3,1,1
BPNT1,SMAP2,1,1
BPNT1,SORCS1,1,1
BPNT1,SOX5,1,1
BPNT1,SPRY4,1,1
BPNT1,ST6GAL1,1,1
BPNT1,STK32B,1,1
BPNT1,SUN1,1,1
BPNT1,TIMP1,1,1
BPNT1,TMEM62,1,1
BPNT1,TNFAIP6,1,1
BPNT1,TOR3A,1,1
BPNT1,TPD52L1,1,1
BPNT1,TPGS2,1,1
BPNT1,TRIM47,1,1
BPNT1,WWTR1,1,1
BPNT1,XPR1,1,1
BPNT1,ZBTB33,1,1
BPNT1,ZC3H7A,1,1
BPNT1,ZDHHC16,1,1
BPNT1,ZNF33B,1,1
BPNT1,ZNF556,1,1
BPNT1,ZNF595,1,1
BPNT1,ZNF736,1,1
BPNT1,ZSCAN5A,1,1
CXORF56,ALG13,1,1
CXORF56,ANXA11,1,1
CXORF56,ARHGEF1,1,1
CXORF56,ASB2,1,1
CXORF56,ATP11C,1,1
CXORF56,BCL7A,1,1
CXORF56,C6ORF120,1,1
CXORF56,CELSR1,1,1
CXORF56,CHST2,1,1
CXORF56,CISD3,1,1
CXORF56,COL11A2,1,1
CXORF56,CSGALNACT1,1,1
CXORF56,CTSL,1,1
CXORF56,CUBN,1,1
CXORF56,CUTA,1,1
CXORF56,CXORF57,1,1
CXORF56,DEPTOR,1,1
CXORF56,EPB41L2,1,1
CXORF56,ERLIN2,1,1
CXORF56,FAM173A,1,1
CXORF56,FIP1L1,1,1
CXORF56,FKBP14,1,1
CXORF56,FKBP9,1,1
CXORF56,FKBP9P1,1,1
CXORF56,FLRT2,1,1
CXORF56,GAS7,1,1
CXORF56,GLCCI1,1,1
CXORF56,GLUD1,1,1
CXORF56,GLUD2,1,1
CXORF56,GNS,1,1
CXORF56,GPR37,1,1
CXORF56,GRIK2,1,1
CXORF56,ID4,1,1
CXORF56,IFI16,1,1
CXORF56,IL13RA1,1,1
CXORF56,INTS10,1,1
CXORF56,ITPR2,1,1
CXORF56,ITPRIPL2,1,1
CXORF56,KAT7,1,1
CXORF56,KIFAP3,1,1
CXORF56,KYAT3,1,1
CXORF56,LAMA4,1,1
CXORF56,LDLRAP1,1,1
CXORF56,LMLN,1,1
CXORF56,LY96,1,1
CXORF56,MAP7D3,1,1
CXORF56,MMP15,1,1
CXORF56,MPZL1,1,1
CXORF56,MTUS1,1,1
CXORF56,NAT8L,1,1
CXORF56,NDFIP1,1,1
CXORF56,NFIA,1,1
CXORF56,NFKBIE,1,1
CXORF56,NR1D1,1,1
CXORF56,NSF,1,1
CXORF56,PCDH7,1,1
CXORF56,PMS2CL,1,1
CXORF56,PPFIA3,1,1
CXORF56,RNASET2,1,1
CXORF56,RNF157,1,1
CXORF56,ROBO1,1,1
CXORF56,RP11-958N24.2,1,1
CXORF56,SLC2A3,1,1
CXORF56,SOX5,1,1
CXORF56,TCTN1,1,1
CXORF56,TNFAIP6,1,1
CXORF56,TNFRSF19,1,1
CXORF56,TOR3A,1,1
CXORF56,TRAFD1,1,1
CXORF56,XPR1,1,1
CXORF56,XYLT1,1,1
CXORF56,ZC3H7A,1,1
CXORF56,ZNF33B,1,1
WAC,ADAM15,1,1
WAC,ADCY1,1,1
WAC,AHR,1,1
WAC,ANKRD26,1,1
WAC,ANKRD54,1,1
WAC,APOO,1,1
WAC,ATP1B3,1,1
WAC,B4GALT4,1,1
WAC,C9ORF3,1,1
WAC,CMB9-22P13.1,1,1
WAC,CNIH3,1,1
WAC,CNOT6,1,1
WAC,COLGALT1,1,1
WAC,DGKH,1,1
WAC,DRG2,1,1
WAC,EIF4B,1,1
WAC,ENOX1,1,1
WAC,ETV1,1,1
WAC,EXTL1,1,1
WAC,FCGR2A,1,1
WAC,FER,1,1
WAC,FKBP11,1,1
WAC,GALNT2,1,1
WAC,GORAB,1,1
WAC,GTF2B,1,1
WAC,HMCN1,1,1
WAC,ITGB5,1,1
WAC,KLF6,1,1
WAC,MAN1B1,1,1
WAC,MAPK14,1,1
WAC,METTL14,1,1
WAC,MYD88,1,1
WAC,MYH14,1,1
WAC,NOMO1,1,1
WAC,NT5DC2,1,1
WAC,PAN3,1,1
WAC,PDCD6IP,1,1
WAC,PDGFRL,1,1
WAC,PGBD1,1,1
WAC,PGF,1,1
WAC,PGRMC1,1,1
WAC,PI15,1,1
WAC,PPP2R2D,1,1
WAC,PWWP2A,1,1
WAC,PYCR2,1,1
WAC,RAD17,1,1
WAC,RC3H2,1,1
WAC,RELL1,1,1
WAC,RHOA,1,1
WAC,SAMD9L,1,1
WAC,SECISBP2,1,1
WAC,SHROOM1,1,1
WAC,SLC19A3,1,1
WAC,SLC22A5,1,1
WAC,SLC26A2,1,1
WAC,SLC35G1,1,1
WAC,SLC44A1,1,1
WAC,SMAD4,1,1
WAC,SMAP2,1,1
WAC,SORCS1,1,1
WAC,STX2,1,1
WAC,SUDS3,1,1
WAC,TBC1D22B,1,1
WAC,TIMMDC1,1,1
WAC,TMEM5,1,1
WAC,TMEM62,1,1
WAC,TRAPPC10,1,1
WAC,TVP23B,1,1
WAC,UPF2,1,1
WAC,VTI1A,1,1
WAC,WDR48,1,1
WAC,ZNF280A,1,1
WAC,ZNF736,1,1
WAC,ZRANB1,1,1
RNF6,BTBD6,1,1
RNF6,CALM1,1,1
RNF6,CLASP2,1,1
RNF6,MPG,1,1
RNF6,PATL1,1,1
RNF6,PWWP2A,1,1
RNF6,PYCR2,1,1
RNF6,RC3H2,1,1
RNF6,ROCK1,1,1
RNF6,SMC6,1,1
RNF6,TRAPPC10,1,1
RNF6,UPF2,1,1
RNF6,YTHDC1,1,1
TF,ATP1B2,1,1
TF,BCL3,1,1
TF,CEBPD,1,1
TF,FAM134B,1,1
TF,FDXR,1,1
TF,KIAA0895,1,1
TF,PEX5L,1,1
TF,PRIMA1,1,1
TF,PYROXD2,1,1
TF,RNASE1,1,1
TF,SLC40A1,1,1
TF,SLC5A4,1,1
POLR1D,FOXK1,1,1
POLR1D,ITGB5,1,1
POLR1D,LIG3,1,1
POLR1D,MRPL57,1,1
POLR1D,PPFIA3,1,1
POLR1D,RPL12,1,1
POLR1D,RPL17,1,1
POLR1D,RPL23,1,1
POLR1D,RPLP1,1,1
POLR1D,SEC11A,1,1
POLR1D,TMEM14C,1,1
MYO1E,AGTPBP1,1,1
MYO1E,ALG13,1,1
MYO1E,ANXA11,1,1
MYO1E,COL11A2,1,1
MYO1E,CSGALNACT1,1,1
MYO1E,CXORF57,1,1
MYO1E,DIS3L2,1,1
MYO1E,HS3ST3B1,1,1
MYO1E,ILK,1,1
MYO1E,KYAT3,1,1
MYO1E,RP11-22B23.1,1,1
MYO1E,SMAD2,1,1
MYO1E,TBC1D22B,1,1
CSAG3,ACP6,1,1
CSAG3,ADCK2,1,1
CSAG3,APP,1,1
CSAG3,CD55,1,1
CSAG3,CDK14,1,1
CSAG3,GPKOW,1,1
CSAG3,ITFG2,1,1
CSAG3,KIAA0141,1,1
CSAG3,LBX2,1,1
CSAG3,LGALSL,1,1
CSAG3,MAPK11,1,1
CSAG3,MFSD14A,1,1
CSAG3,MORF4L2,1,1
CSAG3,MPLKIP,1,1
CSAG3,MTX1,1,1
CSAG3,PHACTR2,1,1
CSAG3,PHKA1,1,1
CSAG3,PSMD10,1,1
CSAG3,PSMG3,1,1
CSAG3,SCAF4,1,1
CSAG3,SDHD,1,1
CSAG3,SRI,1,1
CSAG3,ZNF518A,1,1
PUM3,C17ORF89,1,1
PUM3,CDK5RAP1,1,1
PUM3,CHML,1,1
PUM3,CNBP,1,1
PUM3,DUSP14,1,1
PUM3,DYNLRB1,1,1
PUM3,EIF2B3,1,1
PUM3,EXTL2,1,1
PUM3,FRMD6,1,1
PUM3,IRAK4,1,1
PUM3,PTK7,1,1
PUM3,SPHK1,1,1
PUM3,UBE3B,1,1
PUM3,ZNF107,1,1
AP1S1,AC007040.11,1,1
AP1S1,AFG3L1P,1,1
AP1S1,AMPD2,1,1
AP1S1,ASB9,1,1
AP1S1,BX004987.1,1,1
AP1S1,C5ORF15,1,1
AP1S1,CNKSR3,1,1
AP1S1,DARS2,1,1
AP1S1,DLX5,1,1
AP1S1,ECE2,1,1
AP1S1,ELOVL2,1,1
AP1S1,ETV4,1,1
AP1S1,GATA4,1,1
AP1S1,IPO8,1,1
AP1S1,KDELR2,1,1
AP1S1,KDM1B,1,1
AP1S1,LIMK1,1,1
AP1S1,MCTS1,1,1
AP1S1,MLLT10,1,1
AP1S1,NOA1,1,1
AP1S1,PMP2,1,1
AP1S1,RPTOR,1,1
AP1S1,SEMA3D,1,1
AP1S1,TAF6L,1,1
AP1S1,UXS1,1,1
AP1S1,WDR37,1,1
AP1S1,ZDHHC3,1,1
AP1S1,ZMYND11,1,1
CUBN,ADGRB1,1,1
CUBN,AFAP1L2,1,1
CUBN,AGMO,1,1
CUBN,AKAP6,1,1
CUBN,ALG13,1,1
CUBN,AMACR,1,1
CUBN,ARHGAP6,1,1
CUBN,ASTN2,1,1
CUBN,ATP11C,1,1
CUBN,ATP9A,1,1
CUBN,B3GALT1,1,1
CUBN,C1QTNF3,1,1
CUBN,C1QTNF3-AMACR,1,1
CUBN,CADM4,1,1
CUBN,CALCOCO2,1,1
CUBN,CCM2,1,1
CUBN,CELSR1,1,1
CUBN,COL9A3,1,1
CUBN,CSGALNACT1,1,1
CUBN,CT45A1,1,1
CUBN,CT45A10,1,1
CUBN,CT45A3,1,1
CUBN,CT45A5,1,1
CUBN,CT45A8,1,1
CUBN,CT45A9,1,1
CUBN,CTSL,1,1
CUBN,CXORF57,1,1
CUBN,CYB561,1,1
CUBN,DDX43,1,1
CUBN,DEPTOR,1,1
CUBN,DNAH9,1,1
CUBN,DNAJC30,1,1
CUBN,EGFLAM,1,1
CUBN,EPHB3,1,1
CUBN,ERLIN2,1,1
CUBN,FAM212B,1,1
CUBN,FREM1,1,1
CUBN,FUNDC1,1,1
CUBN,GALNT5,1,1
CUBN,GDF15,1,1
CUBN,GLUD2,1,1
CUBN,GPC1,1,1
CUBN,GPR37,1,1
CUBN,GRIK2,1,1
CUBN,GRIK4,1,1
CUBN,GUCY1B3,1,1
CUBN,HK1,1,1
CUBN,IL13RA2,1,1
CUBN,INSR,1,1
CUBN,ITPRIPL2,1,1
CUBN,KAT7,1,1
CUBN,KCNC3,1,1
CUBN,KIFAP3,1,1
CUBN,LAMA4,1,1
CUBN,LDLRAP1,1,1
CUBN,LMLN,1,1
CUBN,MAFB,1,1
CUBN,MAP2,1,1
CUBN,MBTPS1,1,1
CUBN,MEOX2,1,1
CUBN,NCSTN,1,1
CUBN,NFIA,1,1
CUBN,NKX2-5,1,1
CUBN,NPHP1,1,1
CUBN,NR0B1,1,1
CUBN,PCDH7,1,1
CUBN,PCDHA10,1,1
CUBN,PCDHB17P,1,1
CUBN,PCDHB3,1,1
CUBN,PCDHB5,1,1
CUBN,PCDHB6,1,1
CUBN,PCDHGA3,1,1
CUBN,PCDHGA7,1,1
CUBN,PLXNB2,1,1
CUBN,POU3F3,1,1
CUBN,PPIC,1,1
CUBN,PPP3CB,1,1
CUBN,PTCHD4,1,1
CUBN,PTPRZ1,1,1
CUBN,RELN,1,1
CUBN,ROBO1,1,1
CUBN,RORA,1,1
CUBN,RP11-958N24.2,1,1
CUBN,RPL27A,1,1
CUBN,S100A13,1,1
CUBN,SARM1,1,1
CUBN,SCARA5,1,1
CUBN,SCRG1,1,1
CUBN,SERPINE2,1,1
CUBN,SLC2A3,1,1
CUBN,SOX8,1,1
CUBN,STAT3,1,1
CUBN,STK32B,1,1
CUBN,TBL2,1,1
CUBN,TESC,1,1
CUBN,TIMM10B,1,1
CUBN,TNFAIP6,1,1
CUBN,TNS2,1,1
CUBN,TRAFD1,1,1
CUBN,TRIM9,1,1
CUBN,UNC13A,1,1
CUBN,UNC5C,1,1
CUBN,USP9X,1,1
CUBN,UTRN,1,1
CUBN,XYLT1,1,1
CUBN,ZBTB45P2,1,1
CUBN,ZNF536,1,1
CUBN,ZNF595,1,1
SLC39A7,CD55,1,1
SLC39A7,HEY2,1,1
SLC39A7,HIF1A,1,1
SLC39A7,HSPB8,1,1
SLC39A7,KREMEN2,1,1
SLC39A7,LBX2,1,1
SLC39A7,LGALSL,1,1
SLC39A7,MED17,1,1
SLC39A7,MLF 1.00,1,1
SLC39A7,MPLKIP,1,1
SLC39A7,PPP1R13B,1,1
SLC39A7,SPARC,1,1
SLC39A7,TNFRSF21,1,1
SLC39A7,ZDHHC6,1,1
PCSK6,ABCA8,1,1
PCSK6,ADAP1,1,1
PCSK6,ADGRB1,1,1
PCSK6,AFAP1L2,1,1
PCSK6,AGMO,1,1
PCSK6,AKAP6,1,1
PCSK6,ALG13,1,1
PCSK6,ANKRD45,1,1
PCSK6,ARHGAP20,1,1
PCSK6,ARHGAP6,1,1
PCSK6,ARHGDIB,1,1
PCSK6,ASB4,1,1
PCSK6,ASL,1,1
PCSK6,ASTN2,1,1
PCSK6,ATOH8,1,1
PCSK6,ATP1B1,1,1
PCSK6,ATP9A,1,1
PCSK6,AZGP1,1,1
PCSK6,B3GALT1,1,1
PCSK6,B3GNT7,1,1
PCSK6,B4GALNT3,1,1
PCSK6,BAALC,1,1
PCSK6,BFSP1,1,1
PCSK6,BMP6,1,1
PCSK6,BST2,1,1
PCSK6,C12ORF60,1,1
PCSK6,C1QTNF3-AMACR,1,1
PCSK6,C1ORF115,1,1
PCSK6,CACNA1H,1,1
PCSK6,CADM4,1,1
PCSK6,CBLB,1,1
PCSK6,CBSL,1,1
PCSK6,CC2D1A,1,1
PCSK6,CCDC113,1,1
PCSK6,CCDC78,1,1
PCSK6,CDH12,1,1
PCSK6,CEP70,1,1
PCSK6,CGREF1,1,1
PCSK6,CHPF,1,1
PCSK6,CHRDL1,1,1
PCSK6,CHURC1-FNTB,1,1
PCSK6,COL22A1,1,1
PCSK6,COL9A1,1,1
PCSK6,COL9A2,1,1
PCSK6,COL9A3,1,1
PCSK6,COQ3,1,1
PCSK6,COQ6,1,1
PCSK6,CSMD1,1,1
PCSK6,CT45A1,1,1
PCSK6,CT45A10,1,1
PCSK6,CT45A3,1,1
PCSK6,CT45A5,1,1
PCSK6,CT45A6,1,1
PCSK6,CT45A8,1,1
PCSK6,CT45A9,1,1
PCSK6,CT55,1,1
PCSK6,DDX43,1,1
PCSK6,DEPTOR,1,1
PCSK6,DGAT2,1,1
PCSK6,DMRTA1,1,1
PCSK6,DNAH9,1,1
PCSK6,DNAJB6,1,1
PCSK6,DNAJC30,1,1
PCSK6,DOK1,1,1
PCSK6,DSCR8,1,1
PCSK6,EGFLAM,1,1
PCSK6,EIF4H,1,1
PCSK6,EMILIN1,1,1
PCSK6,EPHA3,1,1
PCSK6,ERLIN2,1,1
PCSK6,EYA2,1,1
PCSK6,FAM133A,1,1
PCSK6,FAM134B,1,1
PCSK6,FAM212B,1,1
PCSK6,FAM46C,1,1
PCSK6,FAM86B1,1,1
PCSK6,FBF1,1,1
PCSK6,FKBP10,1,1
PCSK6,FMOD,1,1
PCSK6,FOLH1,1,1
PCSK6,FREM1,1,1
PCSK6,GABRG3,1,1
PCSK6,GAGE1,1,1
PCSK6,GALNT5,1,1
PCSK6,GDF15,1,1
PCSK6,GPC1,1,1
PCSK6,GPC3,1,1
PCSK6,GPC4,1,1
PCSK6,GREB1L,1,1
PCSK6,GRIK4,1,1
PCSK6,GUCY1B3,1,1
PCSK6,HS3ST3B1,1,1
PCSK6,IFI16,1,1
PCSK6,IGFBP2,1,1
PCSK6,IL13RA2,1,1
PCSK6,ITGA10,1,1
PCSK6,ITGAX,1,1
PCSK6,ITIH5,1,1
PCSK6,ITIH6,1,1
PCSK6,ITPRIPL2,1,1
PCSK6,JARID2,1,1
PCSK6,JSRP1,1,1
PCSK6,JUNB,1,1
PCSK6,KALRN,1,1
PCSK6,KCNC3,1,1
PCSK6,KCNG4,1,1
PCSK6,KIAA0895,1,1
PCSK6,LAMA2,1,1
PCSK6,LAMA4,1,1
PCSK6,LAMB1,1,1
PCSK6,LAMC3,1,1
PCSK6,LOXL3,1,1
PCSK6,LPCAT3,1,1
PCSK6,LRP2,1,1
PCSK6,LYPLAL1,1,1
PCSK6,MAFB,1,1
PCSK6,MAGEA4,1,1
PCSK6,MAMDC2,1,1
PCSK6,MAOB,1,1
PCSK6,MAPRE3,1,1
PCSK6,MATK,1,1
PCSK6,MDH2,1,1
PCSK6,MDM2,1,1
PCSK6,MEOX2,1,1
PCSK6,MGP,1,1
PCSK6,MICALL2,1,1
PCSK6,MRPS6,1,1
PCSK6,MYO3B,1,1
PCSK6,MYO5B,1,1
PCSK6,NDRG1,1,1
PCSK6,NDUFA8,1,1
PCSK6,NKX2-5,1,1
PCSK6,NPHP1,1,1
PCSK6,NPTX1,1,1
PCSK6,NPTXR,1,1
PCSK6,NR0B1,1,1
PCSK6,NSUN5,1,1
PCSK6,NTN1,1,1
PCSK6,OAF,1,1
PCSK6,OAZ1,1,1
PCSK6,OLFM2,1,1
PCSK6,OPHN1,1,1
PCSK6,P3H1,1,1
PCSK6,P3H2,1,1
PCSK6,P3H4,1,1
PCSK6,PAGE5,1,1
PCSK6,PAPSS2,1,1
PCSK6,PATZ1,1,1
PCSK6,PCDHA1,1,1
PCSK6,PCDHA10,1,1
PCSK6,PCDHB11,1,1
PCSK6,PCDHB15,1,1
PCSK6,PCDHB16,1,1
PCSK6,PCDHB17P,1,1
PCSK6,PCDHB3,1,1
PCSK6,PCDHB5,1,1
PCSK6,PCDHB6,1,1
PCSK6,PCDHB7,1,1
PCSK6,PCOLCE,1,1
PCSK6,PCSK5,1,1
PCSK6,PDDC1,1,1
PCSK6,PITPNC1,1,1
PCSK6,PLBD1,1,1
PCSK6,PLEKHS1,1,1
PCSK6,PLXNB2,1,1
PCSK6,PMS2CL,1,1
PCSK6,POU3F3,1,1
PCSK6,PPFIA4,1,1
PCSK6,PPIC,1,1
PCSK6,PPP2R2B,1,1
PCSK6,PPP3CB,1,1
PCSK6,PRDX6,1,1
PCSK6,PRKCD,1,1
PCSK6,PTGFRN,1,1
PCSK6,PTPRD,1,1
PCSK6,RADIL,1,1
PCSK6,RAPGEF5,1,1
PCSK6,RELN,1,1
PCSK6,RGS16,1,1
PCSK6,RNASET2,1,1
PCSK6,RNF152,1,1
PCSK6,ROBO1,1,1
PCSK6,RP11-111F5.5,1,1
PCSK6,RP11-111K18.1,1,1
PCSK6,RYR2,1,1
PCSK6,S100A13,1,1
PCSK6,SBNO2,1,1
PCSK6,SCARA5,1,1
PCSK6,SCCPDH,1,1
PCSK6,SCRG1,1,1
PCSK6,SDC2,1,1
PCSK6,SDK2,1,1
PCSK6,SEL1L3,1,1
PCSK6,SEMA3E,1,1
PCSK6,SERPINA3,1,1
PCSK6,SERPINE2,1,1
PCSK6,SEZ6L2,1,1
PCSK6,SKIV2L,1,1
PCSK6,SLC1A3,1,1
PCSK6,SLC39A4,1,1
PCSK6,SMIM3,1,1
PCSK6,SNAI1,1,1
PCSK6,SOCS2,1,1
PCSK6,SOD3,1,1
PCSK6,SPARC,1,1
PCSK6,SPATS1,1,1
PCSK6,SREBF1,1,1
PCSK6,STAT3,1,1
PCSK6,STK26,1,1
PCSK6,STK32B,1,1
PCSK6,SULF1,1,1
PCSK6,TACO1,1,1
PCSK6,TENM1,1,1
PCSK6,TESC,1,1
PCSK6,TGFB3,1,1
PCSK6,THRB,1,1
PCSK6,TIGD1,1,1
PCSK6,TNFRSF21,1,1
PCSK6,TNS2,1,1
PCSK6,TPD52L1,1,1
PCSK6,TRIM9,1,1
PCSK6,TRPM8,1,1
PCSK6,UNC13A,1,1
PCSK6,UNC5C,1,1
PCSK6,UPF3A,1,1
PCSK6,UROC1,1,1
PCSK6,VPS25,1,1
PCSK6,WBSCR22,1,1
PCSK6,WNK4,1,1
PCSK6,WWTR1,1,1
PCSK6,ZDHHC16,1,1
PCSK6,ZNF536,1,1
PCSK6,ZNF595,1,1
PCSK6,BP-21264C1.1,1,1
MET,ACBD5,1,1
BLZF1,ANGPTL1,1,1
BLZF1,ATP2B1,1,1
BLZF1,DLX2,1,1
BLZF1,DMRT2,1,1
BLZF1,F2RL1,1,1
BLZF1,ICOSLG,1,1
BLZF1,JKAMP,1,1
BLZF1,LONRF2,1,1
BLZF1,LPL,1,1
BLZF1,PCDHA13,1,1
BLZF1,POM121,1,1
BLZF1,POM121C,1,1
BLZF1,RAB36,1,1
BLZF1,RNF128,1,1
BLZF1,SNED1,1,1
BLZF1,ST8SIA5,1,1
BLZF1,SYTL5,1,1
BLZF1,TBXAS1,1,1
BLZF1,TGFA,1,1
BLZF1,TRIM51CP,1,1
C9ORF3,ACTN2,1,1
C9ORF3,ADAM15,1,1
C9ORF3,ADCY1,1,1
C9ORF3,AHR,1,1
C9ORF3,ALG13,1,1
C9ORF3,ANGPT1,1,1
C9ORF3,ANKRD54,1,1
C9ORF3,APOO,1,1
C9ORF3,ARHGAP25,1,1
C9ORF3,BCAP31,1,1
C9ORF3,CHRNA6,1,1
C9ORF3,CISD3,1,1
C9ORF3,CNIH3,1,1
C9ORF3,COLGALT1,1,1
C9ORF3,CPD,1,1
C9ORF3,CSGALNACT1,1,1
C9ORF3,DGKH,1,1
C9ORF3,DOK1,1,1
C9ORF3,DPY19L1,1,1
C9ORF3,EBF1,1,1
C9ORF3,EPHA3,1,1
C9ORF3,ETV1,1,1
C9ORF3,FABP5,1,1
C9ORF3,FAM188B,1,1
C9ORF3,FAM198B,1,1
C9ORF3,FAM46C,1,1
C9ORF3,FGF13,1,1
C9ORF3,FKBP11,1,1
C9ORF3,FKBP14,1,1
C9ORF3,FKBP9P1,1,1
C9ORF3,FMN2,1,1
C9ORF3,FNTB,1,1
C9ORF3,GHR,1,1
C9ORF3,GLCCI1,1,1
C9ORF3,GPC3,1,1
C9ORF3,GPC4,1,1
C9ORF3,HEBP2,1,1
C9ORF3,ICAM1,1,1
C9ORF3,ID4,1,1
C9ORF3,IL1RAP,1,1
C9ORF3,INTS10,1,1
C9ORF3,KCNK5,1,1
C9ORF3,LAMA4,1,1
C9ORF3,LAMB1,1,1
C9ORF3,LYPLAL1,1,1
C9ORF3,ME1,1,1
C9ORF3,METTL14,1,1
C9ORF3,MMP15,1,1
C9ORF3,MRAP2,1,1
C9ORF3,MYD88,1,1
C9ORF3,MYH14,1,1
C9ORF3,MYO6,1,1
C9ORF3,NOMO3,1,1
C9ORF3,NPAS1,1,1
C9ORF3,NPTX1,1,1
C9ORF3,P3H1,1,1
C9ORF3,P3H2,1,1
C9ORF3,P4HA1,1,1
C9ORF3,PCOLCE2,1,1
C9ORF3,PGF,1,1
C9ORF3,PGM1,1,1
C9ORF3,PIEZO2,1,1
C9ORF3,PLPP3,1,1
C9ORF3,PLXNB3,1,1
C9ORF3,PMS2CL,1,1
C9ORF3,PPP2R2D,1,1
C9ORF3,PRDX4,1,1
C9ORF3,PRDX6,1,1
C9ORF3,PTGFRN,1,1
C9ORF3,RAD17,1,1
C9ORF3,RNF152,1,1
C9ORF3,ROR1,1,1
C9ORF3,RPN1,1,1
C9ORF3,SHROOM1,1,1
C9ORF3,SLC19A3,1,1
C9ORF3,SLC1A1,1,1
C9ORF3,SLC26A4,1,1
C9ORF3,SMAP2,1,1
C9ORF3,SPRY4,1,1
C9ORF3,SRPRB,1,1
C9ORF3,ST6GAL1,1,1
C9ORF3,STIM2,1,1
C9ORF3,STON2,1,1
C9ORF3,SUDS3,1,1
C9ORF3,SUN1,1,1
C9ORF3,TBC1D22B,1,1
C9ORF3,TIMP1,1,1
C9ORF3,TMEM62,1,1
C9ORF3,TNRC18,1,1
C9ORF3,TOR3A,1,1
C9ORF3,TPGS2,1,1
C9ORF3,TVP23B,1,1
C9ORF3,UNC80,1,1
C9ORF3,VTI1A,1,1
C9ORF3,XPR1,1,1
C9ORF3,ZDHHC16,1,1
C9ORF3,ZSCAN5A,1,1
C9ORF3,ZXDC,1,1
SNAI1,ABCA8,1,1
SNAI1,ACPP,1,1
SNAI1,ADGRB1,1,1
SNAI1,AFAP1L2,1,1
SNAI1,AGMO,1,1
SNAI1,AKAP6,1,1
SNAI1,ALS2CR11,1,1
SNAI1,ANK3,1,1
SNAI1,ANKRD45,1,1
SNAI1,ARCN1,1,1
SNAI1,ARHGAP6,1,1
SNAI1,ARHGDIB,1,1
SNAI1,ASB3,1,1
SNAI1,ASL,1,1
SNAI1,ASTN2,1,1
SNAI1,ATP1B1,1,1
SNAI1,B3GNT7,1,1
SNAI1,B4GALNT3,1,1
SNAI1,BST2,1,1
SNAI1,C17ORF96,1,1
SNAI1,C1QTNF3,1,1
SNAI1,C1QTNF3-AMACR,1,1
SNAI1,CC2D1A,1,1
SNAI1,CDH12,1,1
SNAI1,CEP70,1,1
SNAI1,CHURC1-FNTB,1,1
SNAI1,COL9A1,1,1
SNAI1,COL9A2,1,1
SNAI1,COL9A3,1,1
SNAI1,COLGALT2,1,1
SNAI1,CT45A1,1,1
SNAI1,CT45A10,1,1
SNAI1,CT45A3,1,1
SNAI1,CT45A6,1,1
SNAI1,CT45A8,1,1
SNAI1,CT45A9,1,1
SNAI1,CT55,1,1
SNAI1,DGAT2,1,1
SNAI1,DMRTA1,1,1
SNAI1,DNAH9,1,1
SNAI1,DOK1,1,1
SNAI1,DSCR8,1,1
SNAI1,DYNLT3,1,1
SNAI1,EGFLAM,1,1
SNAI1,EIF1AXP1,1,1
SNAI1,EIF4H,1,1
SNAI1,ENAH,1,1
SNAI1,EPHB3,1,1
SNAI1,ERLIN2,1,1
SNAI1,EYA2,1,1
SNAI1,F2RL2,1,1
SNAI1,FAM117B,1,1
SNAI1,FAM133A,1,1
SNAI1,FAM212B,1,1
SNAI1,FAM46C,1,1
SNAI1,FAM86B1,1,1
SNAI1,FOLH1,1,1
SNAI1,FOXD2,1,1
SNAI1,FREM1,1,1
SNAI1,FREM2,1,1
SNAI1,FSIP2,1,1
SNAI1,GALNT5,1,1
SNAI1,GPC1,1,1
SNAI1,GPC3,1,1
SNAI1,GPC4,1,1
SNAI1,GREB1L,1,1
SNAI1,GRIK4,1,1
SNAI1,IGFBP2,1,1
SNAI1,IGFBP3,1,1
SNAI1,IL13RA2,1,1
SNAI1,IL27RA,1,1
SNAI1,IL6ST,1,1
SNAI1,ITIH5,1,1
SNAI1,ITIH6,1,1
SNAI1,ITPRIPL2,1,1
SNAI1,JARID2,1,1
SNAI1,KALRN,1,1
SNAI1,KCNC3,1,1
SNAI1,KDM5C,1,1
SNAI1,KIAA1328,1,1
SNAI1,LAMA2,1,1
SNAI1,LAMA4,1,1
SNAI1,LIFR,1,1
SNAI1,LOXL3,1,1
SNAI1,LYPLAL1,1,1
SNAI1,MAFB,1,1
SNAI1,MAGEA4,1,1
SNAI1,MAMDC2,1,1
SNAI1,MEOX2,1,1
SNAI1,MGP,1,1
SNAI1,MICALL2,1,1
SNAI1,MMP16,1,1
SNAI1,MRPS6,1,1
SNAI1,MYO5B,1,1
SNAI1,NKX2-5,1,1
SNAI1,NPTXR,1,1
SNAI1,NTN1,1,1
SNAI1,OAF,1,1
SNAI1,OFD1,1,1
SNAI1,OLFML3,1,1
SNAI1,OPHN1,1,1
SNAI1,P3H1,1,1
SNAI1,P3H2,1,1
SNAI1,P3H4,1,1
SNAI1,PAPSS2,1,1
SNAI1,PATZ1,1,1
SNAI1,PCDH1,1,1
SNAI1,PCDHA1,1,1
SNAI1,PCDHA10,1,1
SNAI1,PCDHA11,1,1
SNAI1,PCDHA13,1,1
SNAI1,PCDHA5,1,1
SNAI1,PCDHA7,1,1
SNAI1,PCDHAC2,1,1
SNAI1,PCDHB11,1,1
SNAI1,PCDHB15,1,1
SNAI1,PCDHB16,1,1
SNAI1,PCDHB17P,1,1
SNAI1,PCDHB2,1,1
SNAI1,PCDHB3,1,1
SNAI1,PCDHB5,1,1
SNAI1,PCDHB6,1,1
SNAI1,PCDHB7,1,1
SNAI1,PCDHGA3,1,1
SNAI1,PCDHGB1,1,1
SNAI1,PCOLCE,1,1
SNAI1,PCSK5,1,1
SNAI1,PDDC1,1,1
SNAI1,PHLDB3,1,1
SNAI1,PLBD1,1,1
SNAI1,PLEKHS1,1,1
SNAI1,PLXNB3,1,1
SNAI1,POU3F3,1,1
SNAI1,PPFIA4,1,1
SNAI1,PPP2R2B,1,1
SNAI1,PTGFRN,1,1
SNAI1,PTPRD,1,1
SNAI1,RAB7B,1,1
SNAI1,RAPGEF5,1,1
SNAI1,RBMS1,1,1
SNAI1,RELN,1,1
SNAI1,RNF152,1,1
SNAI1,RPN1,1,1
SNAI1,RPS6KA3,1,1
SNAI1,RYR2,1,1
SNAI1,SCARA5,1,1
SNAI1,SCRG1,1,1
SNAI1,SEC14L1,1,1
SNAI1,SEL1L3,1,1
SNAI1,SERINC3,1,1
SNAI1,SERPINE2,1,1
SNAI1,SLC35E4,1,1
SNAI1,SLC5A3,1,1
SNAI1,SNED1,1,1
SNAI1,SPRY4,1,1
SNAI1,STK32B,1,1
SNAI1,SULF1,1,1
SNAI1,SYTL5,1,1
SNAI1,TBC1D10B,1,1
SNAI1,TCN1,1,1
SNAI1,TENM1,1,1
SNAI1,TESC,1,1
SNAI1,TGFA,1,1
SNAI1,TGFB3,1,1
SNAI1,THRB,1,1
SNAI1,TIGD1,1,1
SNAI1,TMEM67,1,1
SNAI1,TNFAIP6,1,1
SNAI1,TOR1AIP2,1,1
SNAI1,TRIM9,1,1
SNAI1,TRPM8,1,1
SNAI1,TSPAN13,1,1
SNAI1,TSR3,1,1
SNAI1,UNC13A,1,1
SNAI1,UNC5C,1,1
SNAI1,UNC80,1,1
SNAI1,UPF3A,1,1
SNAI1,WBSCR22,1,1
SNAI1,WWTR1,1,1
SNAI1,XIAP,1,1
SNAI1,ZDHHC16,1,1
SNAI1,ZNF595,1,1
SNAI1,BP-21264C1.1,1,1
BCAR3,CTDP1,1,1
BCAR3,NFATC2IP,1,1
BCAR3,PCDHB12,1,1
BCAR3,PNPO,1,1
BCAR3,PTPA,1,1
BCAR3,TNFRSF1A,1,1
BCAR3,UBA1,1,1
CBLB,ABCA8,1,1
CBLB,ACAD11,1,1
CBLB,ADGRL1,1,1
CBLB,ANKRD45,1,1
CBLB,ARHGAP20,1,1
CBLB,ASB4,1,1
CBLB,ASTN2,1,1
CBLB,ATOH8,1,1
CBLB,AZGP1,1,1
CBLB,B3GALT1,1,1
CBLB,B3GNT7,1,1
CBLB,B4GALNT3,1,1
CBLB,BAALC,1,1
CBLB,BFSP1,1,1
CBLB,BMP6,1,1
CBLB,BST2,1,1
CBLB,C12ORF60,1,1
CBLB,C1ORF115,1,1
CBLB,C8ORF48,1,1
CBLB,CACNA1H,1,1
CBLB,CADM4,1,1
CBLB,CBSL,1,1
CBLB,CCDC78,1,1
CBLB,CHPF,1,1
CBLB,COL9A1,1,1
CBLB,CSMD1,1,1
CBLB,CT45A1,1,1
CBLB,CT45A6,1,1
CBLB,DDX43,1,1
CBLB,DNAJC30,1,1
CBLB,DSCR8,1,1
CBLB,DZIP3,1,1
CBLB,EYA2,1,1
CBLB,FAM134B,1,1
CBLB,FBF1,1,1
CBLB,FDXR,1,1
CBLB,FKBP10,1,1
CBLB,FMOD,1,1
CBLB,FOLH1,1,1
CBLB,GDF15,1,1
CBLB,GPR37,1,1
CBLB,GREB1L,1,1
CBLB,GRIK2,1,1
CBLB,GUCY1B3,1,1
CBLB,HERC2P3,1,1
CBLB,HK1,1,1
CBLB,IFI16,1,1
CBLB,IGFBP2,1,1
CBLB,ITGAX,1,1
CBLB,ITIH5,1,1
CBLB,ITIH6,1,1
CBLB,JRKL,1,1
CBLB,JUNB,1,1
CBLB,KIAA0895,1,1
CBLB,KIFAP3,1,1
CBLB,LAMA2,1,1
CBLB,LAMC3,1,1
CBLB,LPCAT3,1,1
CBLB,LRP2,1,1
CBLB,MAFB,1,1
CBLB,MAGED1,1,1
CBLB,MAOB,1,1
CBLB,MAP2,1,1
CBLB,MAPRE3,1,1
CBLB,MGP,1,1
CBLB,MORN2,1,1
CBLB,MYO3B,1,1
CBLB,NAP1L5,1,1
CBLB,NPHP1,1,1
CBLB,NR1D1,1,1
CBLB,NTN1,1,1
CBLB,OLFM2,1,1
CBLB,OPHN1,1,1
CBLB,PCDHB5,1,1
CBLB,PCDHB6,1,1
CBLB,PEX5L,1,1
CBLB,PIGS,1,1
CBLB,PITPNC1,1,1
CBLB,PLBD1,1,1
CBLB,PPIC,1,1
CBLB,PPP2R2B,1,1
CBLB,PPP3CB,1,1
CBLB,PRIMA1,1,1
CBLB,PRKCD,1,1
CBLB,RADIL,1,1
CBLB,RNASE1,1,1
CBLB,RORA,1,1
CBLB,RP11-111F5.5,1,1
CBLB,RP11-43F13.1,1,1
CBLB,SDC2,1,1
CBLB,SDK2,1,1
CBLB,SEMA3E,1,1
CBLB,SERPINA3,1,1
CBLB,SEZ6L2,1,1
CBLB,SKIV2L,1,1
CBLB,SLC40A1,1,1
CBLB,SOCS2,1,1
CBLB,SOD3,1,1
CBLB,SPATS1,1,1
CBLB,SRGAP2,1,1
CBLB,STAG3L3,1,1
CBLB,STAT3,1,1
CBLB,SULF1,1,1
CBLB,TNS2,1,1
CBLB,TRPM8,1,1
CBLB,UROC1,1,1
CBLB,VPS25,1,1
CBLB,WNK4,1,1
CBLB,ZNF536,1,1
CBLB,ZNF841,1,1
ASPH,C17ORF89,1,1
ASPH,CDK14,1,1
ASPH,CHML,1,1
ASPH,CNBP,1,1
ASPH,COTL1,1,1
ASPH,COX10,1,1
ASPH,CTU2,1,1
ASPH,DLX1,1,1
ASPH,EFNA5,1,1
ASPH,EIF2B3,1,1
ASPH,EIF5A,1,1
ASPH,EPRS,1,1
ASPH,ETNK2,1,1
ASPH,FAM72A,1,1
ASPH,FRMD6,1,1
ASPH,GATB,1,1
ASPH,GOLIM4,1,1
ASPH,IMPAD1,1,1
ASPH,ITFG2,1,1
ASPH,LRFN1,1,1
ASPH,LSM 12.00,1,1
ASPH,MAGEA2,1,1
ASPH,MAVS,1,1
ASPH,MMADHC,1,1
ASPH,MORF4L2,1,1
ASPH,MRPL3,1,1
ASPH,NECAP2,1,1
ASPH,NMD3,1,1
ASPH,PDHX,1,1
ASPH,PHKA1,1,1
ASPH,PROSER2,1,1
ASPH,PTK7,1,1
ASPH,PURB,1,1
ASPH,RCL1,1,1
ASPH,SDHD,1,1
ASPH,SH2B1,1,1
ASPH,SLC7A6OS,1,1
ASPH,SMO,1,1
ASPH,SPHK1,1,1
ASPH,STYX,1,1
ASPH,TPI1,1,1
ASPH,UBE3B,1,1
ASPH,ZNF121,1,1
ASPH,ZNF518A,1,1
NLGN4X,BATF3,1,1
NLGN4X,CKB,1,1
NLGN4X,CPNE3,1,1
NLGN4X,DUSP23,1,1
NLGN4X,FSCN1,1,1
NLGN4X,NFIX,1,1
NLGN4X,PCDHB12,1,1
NLGN4X,PNPO,1,1
NLGN4X,PTPA,1,1
NLGN4X,RGS16,1,1
NLGN4X,RP5-862P8.2,1,1
NLGN4X,SRPX2,1,1
NLGN4X,TYW1B,1,1
NLGN4X,YBX3,1,1
FRMD4A,ABCC1,1,1
FRMD4A,ADGRE5,1,1
FRMD4A,ATG101,1,1
FRMD4A,C16ORF52,1,1
FRMD4A,CD276,1,1
FRMD4A,DNAAF5,1,1
FRMD4A,DNAJB11,1,1
FRMD4A,EDEM1,1,1
FRMD4A,ERCC1,1,1
FRMD4A,FNDC3B,1,1
FRMD4A,HSP90B1,1,1
FRMD4A,HYOU1,1,1
FRMD4A,IFNAR1,1,1
FRMD4A,MANSC1,1,1
FRMD4A,MMADHC,1,1
FRMD4A,PELI1,1,1
FRMD4A,PHC2,1,1
FRMD4A,RNF128,1,1
FRMD4A,SEC61A1,1,1
FRMD4A,SH3KBP1,1,1
FRMD4A,SP100,1,1
FRMD4A,TRIM24,1,1
FRMD4A,ZNF654,1,1
GTF2B,AHR,1,1
GTF2B,ANKRD26,1,1
GTF2B,APOO,1,1
GTF2B,ARHGEF18,1,1
GTF2B,B4GALT4,1,1
GTF2B,C8ORF58,1,1
GTF2B,CMB9-22P13.1,1,1
GTF2B,CNPY2,1,1
GTF2B,DGKH,1,1
GTF2B,DNAJB12,1,1
GTF2B,ETV1,1,1
GTF2B,EXTL1,1,1
GTF2B,FAHD2A,1,1
GTF2B,GALNT2,1,1
GTF2B,GLCCI1,1,1
GTF2B,GORAB,1,1
GTF2B,KLF6,1,1
GTF2B,LRIG1,1,1
GTF2B,MAN1B1,1,1
GTF2B,METTL14,1,1
GTF2B,MRPL57,1,1
GTF2B,MYH14,1,1
GTF2B,NDFIP1,1,1
GTF2B,NOMO1,1,1
GTF2B,NT5DC2,1,1
GTF2B,PAN3,1,1
GTF2B,PGBD1,1,1
GTF2B,PGRMC1,1,1
GTF2B,PPP2R2D,1,1
GTF2B,PRR12,1,1
GTF2B,PSMD9,1,1
GTF2B,PWWP2A,1,1
GTF2B,SAMD9L,1,1
GTF2B,SHROOM1,1,1
GTF2B,SLC43A1,1,1
GTF2B,SLC44A1,1,1
GTF2B,TIMMDC1,1,1
GTF2B,TMEM62,1,1
GTF2B,TRAPPC10,1,1
GTF2B,UPF2,1,1
PRR12,AMZ2,1,1
PRR12,CMB9-22P13.1,1,1
PRR12,COPG1,1,1
PRR12,DNAJB12,1,1
PRR12,ETFB,1,1
PRR12,FAHD2A,1,1
PRR12,MAN1B1,1,1
PRR12,METTL23,1,1
PRR12,NFYA,1,1
PRR12,PHLDA1,1,1
PRR12,PSMD9,1,1
PRR12,SDSL,1,1
PRR12,TMEM62,1,1
VIMP,ADA,1,1
VIMP,GDNF,1,1
VIMP,RBM20,1,1
VIMP,ZBTB20,1,1
ZNF556,ANKRD54,1,1
ZNF556,ARHGAP25,1,1
ZNF556,ATP1B3,1,1
ZNF556,CHRNA6,1,1
ZNF556,CLCC1,1,1
ZNF556,CLEC2B,1,1
ZNF556,COL19A1,1,1
ZNF556,CPD,1,1
ZNF556,CSGALNACT1,1,1
ZNF556,CUTA,1,1
ZNF556,CXCL16,1,1
ZNF556,DOCK4,1,1
ZNF556,DPY19L1,1,1
ZNF556,EDEM3,1,1
ZNF556,EPDR1,1,1
ZNF556,ETV1,1,1
ZNF556,FAM198B,1,1
ZNF556,FAM46A,1,1
ZNF556,FGF13,1,1
ZNF556,FKBP14,1,1
ZNF556,FKBP9P1,1,1
ZNF556,FOXK1,1,1
ZNF556,G6PD,1,1
ZNF556,GAS7,1,1
ZNF556,GLCCI1,1,1
ZNF556,GNS,1,1
ZNF556,GPC3,1,1
ZNF556,HMCN1,1,1
ZNF556,ICAM1,1,1
ZNF556,IL1RAP,1,1
ZNF556,IL6ST,1,1
ZNF556,INTS10,1,1
ZNF556,ITGB5,1,1
ZNF556,ITPR2,1,1
ZNF556,KCNK5,1,1
ZNF556,LRIG1,1,1
ZNF556,MAML2,1,1
ZNF556,ME1,1,1
ZNF556,METTL14,1,1
ZNF556,MMP15,1,1
ZNF556,MRAP2,1,1
ZNF556,MRPL57,1,1
ZNF556,MTUS1,1,1
ZNF556,MYO6,1,1
ZNF556,NDFIP1,1,1
ZNF556,NOMO1,1,1
ZNF556,NOMO3,1,1
ZNF556,NSF,1,1
ZNF556,NT5DC2,1,1
ZNF556,P4HA1,1,1
ZNF556,PCOLCE2,1,1
ZNF556,PLPP3,1,1
ZNF556,PPFIA3,1,1
ZNF556,PPP2R2D,1,1
ZNF556,ROR1,1,1
ZNF556,SCG2,1,1
ZNF556,SHROOM1,1,1
ZNF556,SHROOM4,1,1
ZNF556,SLC19A3,1,1
ZNF556,SLC1A1,1,1
ZNF556,SLC26A4,1,1
ZNF556,SMAP2,1,1
ZNF556,SORCS1,1,1
ZNF556,SOX5,1,1
ZNF556,SPHK2,1,1
ZNF556,SPRY4,1,1
ZNF556,ST3GAL1,1,1
ZNF556,ST6GAL1,1,1
ZNF556,STAG2,1,1
ZNF556,SUN1,1,1
ZNF556,SWAP70,1,1
ZNF556,TMEM5,1,1
ZNF556,TMEM62,1,1
ZNF556,TOR3A,1,1
ZNF556,TVP23B,1,1
ZNF556,XPR1,1,1
ZNF556,ZSCAN5A,1,1
ATHL1,ADA,1,1
ATHL1,BCL3,1,1
ATHL1,CCDC113,1,1
ATHL1,CGREF1,1,1
ATHL1,CHN1,1,1
ATHL1,GABRG3,1,1
ATHL1,GBP2,1,1
ATHL1,METTL22,1,1
ATHL1,NPTXR,1,1
ATHL1,RBM20,1,1
ATHL1,SLC29A4,1,1
ATHL1,SPAG4,1,1
ATHL1,WBSCR27,1,1
ATHL1,ZBTB20,1,1
ZNF761,C1ORF131,1,1
ZNF761,GTF2F1,1,1
ZNF761,HOXC8,1,1
ZNF761,PACRGL,1,1
FAM72A,CTU2,1,1
FAM72A,EIF2B3,1,1
FAM72A,EIF5A,1,1
FAM72A,ERAL1,1,1
FAM72A,FZD5,1,1
FAM72A,GAPDH,1,1
FAM72A,MORF4L2,1,1
FAM72A,MPLKIP,1,1
FAM72A,MRPL4,1,1
FAM72A,NMD3,1,1
FAM72A,NOC2LP1,1,1
FAM72A,RABEPK,1,1
FAM72A,SDHD,1,1
FAM72A,SMO,1,1
FAM72A,SPHK1,1,1
TMED7-TICAM2,ANK3,1,1
TMED7-TICAM2,ARHGDIB,1,1
TMED7-TICAM2,CCDC113,1,1
TMED7-TICAM2,LAMA2,1,1
TMED7-TICAM2,MAGEA4,1,1
TMED7-TICAM2,NGRN,1,1
TMED7-TICAM2,OAF,1,1
TMED7-TICAM2,P3H4,1,1
TMED7-TICAM2,PCDHB11,1,1
TMED7-TICAM2,PCDHB7,1,1
TMED7-TICAM2,PCOLCE,1,1
TMED7-TICAM2,RGS16,1,1
TMED7-TICAM2,SCCPDH,1,1
TMED7-TICAM2,BP-21264C1.1,1,1
FREM1,ABCA8,1,1
FREM1,AC004980.7,1,1
FREM1,ACPP,1,1
FREM1,ADGRB1,1,1
FREM1,AFAP1L2,1,1
FREM1,AGMO,1,1
FREM1,AKAP6,1,1
FREM1,ALG13,1,1
FREM1,ALS2CR11,1,1
FREM1,ANGPT1,1,1
FREM1,ANGPTL1,1,1
FREM1,ANK3,1,1
FREM1,ANKRD45,1,1
FREM1,AP3D1,1,1
FREM1,ARCN1,1,1
FREM1,ARHGAP20,1,1
FREM1,ARHGAP25,1,1
FREM1,ARHGAP5,1,1
FREM1,ARHGAP6,1,1
FREM1,ARHGDIB,1,1
FREM1,ART3,1,1
FREM1,ASB3,1,1
FREM1,ASB4,1,1
FREM1,ASL,1,1
FREM1,ASTN2,1,1
FREM1,ATP11C,1,1
FREM1,ATP1B1,1,1
FREM1,ATP2B1,1,1
FREM1,ATP9A,1,1
FREM1,B3GALT1,1,1
FREM1,B3GNT7,1,1
FREM1,B4GALNT3,1,1
FREM1,BST2,1,1
FREM1,C1QTNF3,1,1
FREM1,C1QTNF3-AMACR,1,1
FREM1,CBSL,1,1
FREM1,CC2D1A,1,1
FREM1,CDH12,1,1
FREM1,CELSR1,1,1
FREM1,CEP70,1,1
FREM1,CHURC1-FNTB,1,1
FREM1,COL11A2,1,1
FREM1,COL22A1,1,1
FREM1,COL9A1,1,1
FREM1,COL9A2,1,1
FREM1,COL9A3,1,1
FREM1,COLGALT2,1,1
FREM1,CSGALNACT1,1,1
FREM1,CSMD1,1,1
FREM1,CT45A1,1,1
FREM1,CT45A10,1,1
FREM1,CT45A3,1,1
FREM1,CT45A5,1,1
FREM1,CT45A6,1,1
FREM1,CT45A8,1,1
FREM1,CT45A9,1,1
FREM1,CT55,1,1
FREM1,CXCL16,1,1
FREM1,DDX43,1,1
FREM1,DGAT2,1,1
FREM1,DMRT2,1,1
FREM1,DMRTA1,1,1
FREM1,DNAH9,1,1
FREM1,DOK1,1,1
FREM1,DSCR8,1,1
FREM1,DYNLT3,1,1
FREM1,EGFLAM,1,1
FREM1,EIF1AXP1,1,1
FREM1,EIF4H,1,1
FREM1,EMILIN1,1,1
FREM1,ENAH,1,1
FREM1,EPHA3,1,1
FREM1,EPHB3,1,1
FREM1,ERLIN2,1,1
FREM1,EYA2,1,1
FREM1,FAM117B,1,1
FREM1,FAM133A,1,1
FREM1,FAM188B,1,1
FREM1,FAM198B,1,1
FREM1,FAM212B,1,1
FREM1,FAM46C,1,1
FREM1,FAM86B1,1,1
FREM1,FKBP9P1,1,1
FREM1,FMOD,1,1
FREM1,FOLH1,1,1
FREM1,FOXF1,1,1
FREM1,FREM2,1,1
FREM1,FSIP2,1,1
FREM1,GALNT5,1,1
FREM1,GDF15,1,1
FREM1,GLUD2,1,1
FREM1,GPC1,1,1
FREM1,GPC3,1,1
FREM1,GPC4,1,1
FREM1,GREB1L,1,1
FREM1,GRIK4,1,1
FREM1,HS3ST3B1,1,1
FREM1,IGFBP2,1,1
FREM1,IGFBP3,1,1
FREM1,IGFBP5,1,1
FREM1,IL13RA2,1,1
FREM1,IL1RAP,1,1
FREM1,IL27RA,1,1
FREM1,IL6ST,1,1
FREM1,ITIH5,1,1
FREM1,ITIH6,1,1
FREM1,ITPR2,1,1
FREM1,ITPRIPL2,1,1
FREM1,JARID2,1,1
FREM1,JKAMP,1,1
FREM1,KALRN,1,1
FREM1,KCNC3,1,1
FREM1,LAMA2,1,1
FREM1,LAMA4,1,1
FREM1,LAMB1,1,1
FREM1,LIFR,1,1
FREM1,LONRF2,1,1
FREM1,LOXL3,1,1
FREM1,LPL,1,1
FREM1,LRRC75A,1,1
FREM1,LYPLAL1,1,1
FREM1,MAFB,1,1
FREM1,MAGEA4,1,1
FREM1,MAMDC2,1,1
FREM1,MATK,1,1
FREM1,MEOX2,1,1
FREM1,MGP,1,1
FREM1,MICALL2,1,1
FREM1,MMP16,1,1
FREM1,MRAP2,1,1
FREM1,MRPS6,1,1
FREM1,MTUS1,1,1
FREM1,NDRG1,1,1
FREM1,NKX2-5,1,1
FREM1,NPAS1,1,1
FREM1,NPHP1,1,1
FREM1,NPTX1,1,1
FREM1,NR0B1,1,1
FREM1,NSUN5,1,1
FREM1,NTN1,1,1
FREM1,OAF,1,1
FREM1,OLFML3,1,1
FREM1,P3H1,1,1
FREM1,P3H2,1,1
FREM1,PAPSS2,1,1
FREM1,PATZ1,1,1
FREM1,PCDH1,1,1
FREM1,PCDHA1,1,1
FREM1,PCDHA10,1,1
FREM1,PCDHA11,1,1
FREM1,PCDHA13,1,1
FREM1,PCDHA5,1,1
FREM1,PCDHA7,1,1
FREM1,PCDHB11,1,1
FREM1,PCDHB15,1,1
FREM1,PCDHB16,1,1
FREM1,PCDHB17P,1,1
FREM1,PCDHB2,1,1
FREM1,PCDHB3,1,1
FREM1,PCDHB5,1,1
FREM1,PCDHB6,1,1
FREM1,PCDHB7,1,1
FREM1,PCDHGA3,1,1
FREM1,PCDHGA7,1,1
FREM1,PCDHGB1,1,1
FREM1,PCOLCE,1,1
FREM1,PCOLCE2,1,1
FREM1,PCSK5,1,1
FREM1,PDDC1,1,1
FREM1,PGM3,1,1
FREM1,PLBD1,1,1
FREM1,PLEKHS1,1,1
FREM1,PLXNB2,1,1
FREM1,PLXNB3,1,1
FREM1,PMS2CL,1,1
FREM1,POU3F3,1,1
FREM1,PPFIA4,1,1
FREM1,PPIC,1,1
FREM1,PPP2R2B,1,1
FREM1,PRDX6,1,1
FREM1,PRPSAP2,1,1
FREM1,PRRX1,1,1
FREM1,PTGFRN,1,1
FREM1,PTPRD,1,1
FREM1,RAB7B,1,1
FREM1,RAPGEF5,1,1
FREM1,RBMS1,1,1
FREM1,RCC1L,1,1
FREM1,RELN,1,1
FREM1,RNF128,1,1
FREM1,RNF152,1,1
FREM1,ROBO1,1,1
FREM1,RP11-111K18.1,1,1
FREM1,RPN1,1,1
FREM1,RYR2,1,1
FREM1,S100A13,1,1
FREM1,SARM1,1,1
FREM1,SBNO2,1,1
FREM1,SCARA5,1,1
FREM1,SCRG1,1,1
FREM1,SDC2,1,1
FREM1,SEC14L1,1,1
FREM1,SEL1L3,1,1
FREM1,SERPINE2,1,1
FREM1,SLC19A3,1,1
FREM1,SLC26A4,1,1
FREM1,SLC2A3,1,1
FREM1,SLC35E4,1,1
FREM1,SLC39A4,1,1
FREM1,SLC5A3,1,1
FREM1,SNED1,1,1
FREM1,SOX8,1,1
FREM1,SPRY4,1,1
FREM1,SRPRB,1,1
FREM1,ST8SIA5,1,1
FREM1,STK32B,1,1
FREM1,SULF1,1,1
FREM1,SYTL5,1,1
FREM1,TBC1D10B,1,1
FREM1,TBXAS1,1,1
FREM1,TCAF2,1,1
FREM1,TCN1,1,1
FREM1,TDRD1,1,1
FREM1,TENM1,1,1
FREM1,TESC,1,1
FREM1,TGFA,1,1
FREM1,TGFB3,1,1
FREM1,THRB,1,1
FREM1,TIGD1,1,1
FREM1,TIMP1,1,1
FREM1,TMEM67,1,1
FREM1,TNFAIP6,1,1
FREM1,TOR1AIP2,1,1
FREM1,TOR3A,1,1
FREM1,TPD52L1,1,1
FREM1,TPGS2,1,1
FREM1,TRIM47,1,1
FREM1,TRIM51CP,1,1
FREM1,TRIM9,1,1
FREM1,TRPM8,1,1
FREM1,UNC13A,1,1
FREM1,UNC5C,1,1
FREM1,UNC80,1,1
FREM1,UPF3A,1,1
FREM1,UROC1,1,1
FREM1,WBSCR22,1,1
FREM1,WNK4,1,1
FREM1,WWTR1,1,1
FREM1,XIAP,1,1
FREM1,XPR1,1,1
FREM1,XYLT1,1,1
FREM1,ZBTB45P2,1,1
FREM1,ZDHHC16,1,1
FREM1,ZNF595,1,1
FREM1,BP-21264C1.1,1,1
ABHD11,C17ORF89,1,1
ABHD11,C17ORF96,1,1
ABHD11,CDKL1,1,1
ABHD11,CHML,1,1
ABHD11,COTL1,1,1
ABHD11,EFNA5,1,1
ABHD11,EIF1AX,1,1
ABHD11,EIF2B3,1,1
ABHD11,EPRS,1,1
ABHD11,F11R,1,1
ABHD11,FGF2,1,1
ABHD11,FOXD2,1,1
ABHD11,FREM2,1,1
ABHD11,FRMD6,1,1
ABHD11,HOXB4,1,1
ABHD11,IMPAD1,1,1
ABHD11,KIAA1328,1,1
ABHD11,LIMS1,1,1
ABHD11,LRFN1,1,1
ABHD11,MAGEA2,1,1
ABHD11,MMADHC,1,1
ABHD11,MMP16,1,1
ABHD11,MYO5B,1,1
ABHD11,NMD3,1,1
ABHD11,PCDHA4,1,1
ABHD11,POLRMT,1,1
ABHD11,PRMT5,1,1
ABHD11,PROSER2,1,1
ABHD11,PTPRA,1,1
ABHD11,RCL1,1,1
ABHD11,RND3,1,1
ABHD11,SEC14L1,1,1
ABHD11,SNRPB2,1,1
ABHD11,SPHK1,1,1
ABHD11,SYAP1,1,1
ABHD11,TPI1,1,1
ABHD11,TSPAN13,1,1
ABHD11,WT1,1,1
ABHD11,YKT6,1,1
ABHD11,ZNF335,1,1
TNFRSF1A,ANK3,1,1
TNFRSF1A,CNDP2,1,1
TNFRSF1A,CRIP2,1,1
TNFRSF1A,DNAJB6,1,1
TNFRSF1A,DNAJC30,1,1
TNFRSF1A,FSCN1,1,1
TNFRSF1A,GLI2,1,1
TNFRSF1A,ITGA5,1,1
TNFRSF1A,MICALL2,1,1
TNFRSF1A,MRPS6,1,1
TNFRSF1A,NFATC2IP,1,1
TNFRSF1A,NR4A2,1,1
TNFRSF1A,P3H4,1,1
TNFRSF1A,PCDHA1,1,1
TNFRSF1A,PCDHA7,1,1
TNFRSF1A,PCDHB16,1,1
TNFRSF1A,PCDHB7,1,1
TNFRSF1A,PLXNB2,1,1
TNFRSF1A,PNPO,1,1
TNFRSF1A,PPFIA4,1,1
TNFRSF1A,PTPA,1,1
TNFRSF1A,RGS16,1,1
TNFRSF1A,SH3RF3,1,1
TNFRSF1A,SLC35E4,1,1
TNFRSF1A,SLC9A7,1,1
TNFRSF1A,TGFB1,1,1
TNFRSF1A,TYW1B,1,1
VKORC1L1,AGO2,1,1
VKORC1L1,B3GALNT2,1,1
VKORC1L1,DARS,1,1
VKORC1L1,PRMT5,1,1
VKORC1L1,PURB,1,1
VKORC1L1,RND3,1,1
VKORC1L1,TIMM22,1,1
VKORC1L1,TXLNG,1,1
VKORC1L1,UBA5,1,1
VKORC1L1,ZFAND2B,1,1
VKORC1L1,ZFX,1,1
NR4A2,AC004980.7,1,1
NR4A2,ACPP,1,1
NR4A2,AFAP1L2,1,1
NR4A2,AGMO,1,1
NR4A2,ANGPTL1,1,1
NR4A2,ARHGAP5,1,1
NR4A2,ARHGAP6,1,1
NR4A2,ATP2B1,1,1
NR4A2,ATP9A,1,1
NR4A2,ATXN1,1,1
NR4A2,BBX,1,1
NR4A2,C1QTNF3,1,1
NR4A2,CD276,1,1
NR4A2,COLGALT2,1,1
NR4A2,CT45A3,1,1
NR4A2,DMRT2,1,1
NR4A2,DNAH9,1,1
NR4A2,EGFLAM,1,1
NR4A2,EPHB3,1,1
NR4A2,FAM117B,1,1
NR4A2,FAM212B,1,1
NR4A2,FAM86B1,1,1
NR4A2,FOXF1,1,1
NR4A2,GLI2,1,1
NR4A2,GPC1,1,1
NR4A2,IGFBP5,1,1
NR4A2,IL13RA2,1,1
NR4A2,IL27RA,1,1
NR4A2,JKAMP,1,1
NR4A2,KCNC3,1,1
NR4A2,KIAA1671,1,1
NR4A2,LIFR,1,1
NR4A2,LONRF2,1,1
NR4A2,LPL,1,1
NR4A2,MICALL2,1,1
NR4A2,NCSTN,1,1
NR4A2,NR0B1,1,1
NR4A2,OLFML3,1,1
NR4A2,PCDHA10,1,1
NR4A2,PCDHA11,1,1
NR4A2,PCDHA13,1,1
NR4A2,PCDHA7,1,1
NR4A2,PCDHB17P,1,1
NR4A2,PCDHB2,1,1
NR4A2,PCDHGA3,1,1
NR4A2,PCDHGA7,1,1
NR4A2,PCDHGB1,1,1
NR4A2,PHLDB1,1,1
NR4A2,PRR4,1,1
NR4A2,PRRX1,1,1
NR4A2,RAB36,1,1
NR4A2,RAB7B,1,1
NR4A2,SCARA5,1,1
NR4A2,SLC35E4,1,1
NR4A2,SLC43A2,1,1
NR4A2,SLC5A3,1,1
NR4A2,SNED1,1,1
NR4A2,ST8SIA5,1,1
NR4A2,SYTL5,1,1
NR4A2,TBXAS1,1,1
NR4A2,TCAF2,1,1
NR4A2,TCN1,1,1
NR4A2,TDRD1,1,1
NR4A2,TGFA,1,1
NR4A2,TMTC3,1,1
NR4A2,UNC13A,1,1
NR4A2,ZBTB45P2,1,1
STARD10,BRE,1,1
STARD10,DYNLRB1,1,1
STARD10,ZNF92,1,1
APRT,ACSS2,1,1
APRT,ASB4,1,1
APRT,AZGP1,1,1
APRT,C12ORF60,1,1
APRT,C1ORF115,1,1
APRT,CACNA1H,1,1
APRT,CDC42EP3,1,1
APRT,DEPTOR,1,1
APRT,GDF15,1,1
APRT,HS3ST3B1,1,1
APRT,IFI16,1,1
APRT,ITGA10,1,1
APRT,KCNG4,1,1
APRT,KIFAP3,1,1
APRT,LAMB1,1,1
APRT,LAMC3,1,1
APRT,NFIA,1,1
APRT,NTN1,1,1
APRT,PMS2CL,1,1
APRT,PRDX4,1,1
APRT,RNASET2,1,1
APRT,ROBO1,1,1
APRT,S100A13,1,1
APRT,SLC39A4,1,1
APRT,SPATS1,1,1
APRT,TIPARP,1,1
APRT,TNS2,1,1
APRT,VPS25,1,1
APRT,WNK4,1,1
LPL,AC004980.7,1,1
LPL,ACPP,1,1
LPL,ADGRB1,1,1
LPL,AFAP1L2,1,1
LPL,AGMO,1,1
LPL,ALG13,1,1
LPL,ANGPTL1,1,1
LPL,ARHGAP5,1,1
LPL,ARHGAP6,1,1
LPL,ART3,1,1
LPL,ASB2,1,1
LPL,ASCC3,1,1
LPL,ATP11C,1,1
LPL,ATP2B1,1,1
LPL,ATP9A,1,1
LPL,ATXN1,1,1
LPL,C1QTNF3,1,1
LPL,C1QTNF3-AMACR,1,1
LPL,CD276,1,1
LPL,CELSR1,1,1
LPL,CEMIP,1,1
LPL,COLGALT2,1,1
LPL,CSGALNACT1,1,1
LPL,CT45A3,1,1
LPL,CT45A5,1,1
LPL,CT45A8,1,1
LPL,CT45A9,1,1
LPL,DLX2,1,1
LPL,DMRT2,1,1
LPL,DNAH9,1,1
LPL,DUSP2,1,1
LPL,EGFLAM,1,1
LPL,EGR3,1,1
LPL,ENG,1,1
LPL,EPHA3,1,1
LPL,EPHB3,1,1
LPL,FAM117B,1,1
LPL,FAM212B,1,1
LPL,FAM86B1,1,1
LPL,FNTB,1,1
LPL,FOXF1,1,1
LPL,FSIP2,1,1
LPL,FZD1,1,1
LPL,GLI2,1,1
LPL,GLUD2,1,1
LPL,ICOSLG,1,1
LPL,IGFBP3,1,1
LPL,IGFBP5,1,1
LPL,IL13RA2,1,1
LPL,IL27RA,1,1
LPL,ITPRIPL2,1,1
LPL,JKAMP,1,1
LPL,KCNC3,1,1
LPL,KDR,1,1
LPL,KIAA0040,1,1
LPL,LAMA4,1,1
LPL,LIFR,1,1
LPL,LONRF2,1,1
LPL,LOXL3,1,1
LPL,MMP16,1,1
LPL,MTAP,1,1
LPL,NCSTN,1,1
LPL,NDRG1,1,1
LPL,NKX2-5,1,1
LPL,NPTX1,1,1
LPL,NR0B1,1,1
LPL,OLFML3,1,1
LPL,PCDHA10,1,1
LPL,PCDHA11,1,1
LPL,PCDHA13,1,1
LPL,PCDHB17P,1,1
LPL,PCDHB2,1,1
LPL,PCDHB3,1,1
LPL,PCDHGA3,1,1
LPL,PCDHGA7,1,1
LPL,PCDHGB1,1,1
LPL,PIP5K1B,1,1
LPL,POM121C,1,1
LPL,POU3F3,1,1
LPL,PRR4,1,1
LPL,PRRX1,1,1
LPL,RAB36,1,1
LPL,RAB7B,1,1
LPL,RBMS1,1,1
LPL,RNF128,1,1
LPL,RNF157,1,1
LPL,ROBO1,1,1
LPL,RP11-958N24.2,1,1
LPL,SARM1,1,1
LPL,SBDS,1,1
LPL,SCARA5,1,1
LPL,SCRG1,1,1
LPL,SERPINE2,1,1
LPL,SERTAD4,1,1
LPL,SLC35E4,1,1
LPL,SLC43A2,1,1
LPL,SLC5A3,1,1
LPL,SNED1,1,1
LPL,SOX8,1,1
LPL,SPRY4,1,1
LPL,ST8SIA5,1,1
LPL,STK32B,1,1
LPL,SYTL5,1,1
LPL,TBL2,1,1
LPL,TBXAS1,1,1
LPL,TCAF2,1,1
LPL,TCN1,1,1
LPL,TDRD1,1,1
LPL,TESC,1,1
LPL,TGFA,1,1
LPL,TIMP1,1,1
LPL,TMEM2,1,1
LPL,TNFAIP6,1,1
LPL,TRAF4,1,1
LPL,TRIM47,1,1
LPL,TRIM51CP,1,1
LPL,TRIM9,1,1
LPL,UNC13A,1,1
LPL,UNC5C,1,1
LPL,USP7,1,1
LPL,XIAP,1,1
LPL,XYLT1,1,1
LPL,ZBTB45P2,1,1
LPL,ZNF721,1,1
LPL,ZNF860,1,1
CHM,ANGPT1,1,1
CHM,ARCN1,1,1
CHM,ARHGAP25,1,1
CHM,ARHGAP5,1,1
CHM,ATP2B1,1,1
CHM,CHRNA6,1,1
CHM,CLEC2B,1,1
CHM,CYB5A,1,1
CHM,DPY19L1,1,1
CHM,ENAH,1,1
CHM,ERLIN2,1,1
CHM,IL1RAP,1,1
CHM,IL6ST,1,1
CHM,KCNK5,1,1
CHM,KIAA0040,1,1
CHM,MAN1A2,1,1
CHM,MRAP2,1,1
CHM,MTUS1,1,1
CHM,NSF,1,1
CHM,P3H2,1,1
CHM,RAB7B,1,1
CHM,RNF128,1,1
CHM,RPN1,1,1
CHM,SPRY4,1,1
CHM,STK32B,1,1
CHM,TGFA,1,1
CHM,TRIM47,1,1
CHM,TRIM51CP,1,1
CHM,XIAP,1,1
CHM,XPR1,1,1
CHM,ZNF654,1,1
MYO6,ADCY1,1,1
MYO6,ANKRD54,1,1
MYO6,ANXA11,1,1
MYO6,APOO,1,1
MYO6,ARHGAP25,1,1
MYO6,ATP1B3,1,1
MYO6,BCL7A,1,1
MYO6,CISD3,1,1
MYO6,CLCC1,1,1
MYO6,CLEC2B,1,1
MYO6,COLGALT1,1,1
MYO6,COMMD3,1,1
MYO6,CPD,1,1
MYO6,CUTA,1,1
MYO6,DOCK4,1,1
MYO6,DPY19L1,1,1
MYO6,EPDR1,1,1
MYO6,ETV1,1,1
MYO6,FABP5,1,1
MYO6,FAM102A,1,1
MYO6,FAM122B,1,1
MYO6,FAM149B1,1,1
MYO6,FAM175A,1,1
MYO6,FAM188B,1,1
MYO6,FAM198B,1,1
MYO6,FGF13,1,1
MYO6,FKBP14,1,1
MYO6,FKBP9P1,1,1
MYO6,FOXK1,1,1
MYO6,GALNT2,1,1
MYO6,GLCCI1,1,1
MYO6,ICAM1,1,1
MYO6,ID4,1,1
MYO6,IL1RAP,1,1
MYO6,KCNK5,1,1
MYO6,LIN28B,1,1
MYO6,LRIG1,1,1
MYO6,MAML2,1,1
MYO6,METTL14,1,1
MYO6,MMP15,1,1
MYO6,MRAP2,1,1
MYO6,MTUS1,1,1
MYO6,MYH14,1,1
MYO6,NDFIP1,1,1
MYO6,NFKBIE,1,1
MYO6,NOMO1,1,1
MYO6,NSF,1,1
MYO6,P4HA1,1,1
MYO6,PCOLCE2,1,1
MYO6,PGBD1,1,1
MYO6,PGF,1,1
MYO6,PGM1,1,1
MYO6,PGRMC1,1,1
MYO6,PLPP3,1,1
MYO6,PPIA,1,1
MYO6,RAD17,1,1
MYO6,ROR1,1,1
MYO6,SHROOM1,1,1
MYO6,SLC19A3,1,1
MYO6,SLC1A1,1,1
MYO6,SLC26A4,1,1
MYO6,SMAP2,1,1
MYO6,SOX5,1,1
MYO6,ST6GAL1,1,1
MYO6,STIM2,1,1
MYO6,SUN1,1,1
MYO6,TMEM5,1,1
MYO6,TMEM62,1,1
MYO6,TMEM87A,1,1
MYO6,TNRC18,1,1
MYO6,TOR3A,1,1
MYO6,TVP23B,1,1
MYO6,XPR1,1,1
MYO6,ZBTB33,1,1
MYO6,ZC3H7A,1,1
MYO6,ZSCAN5A,1,1
PLPP1,ACSS2,1,1
PLPP1,ATOH8,1,1
PLPP1,ATP5SL,1,1
PLPP1,CHPF,1,1
PLPP1,COL11A2,1,1
PLPP1,EHD4,1,1
PLPP1,FKBP10,1,1
PLPP1,FRG1,1,1
PLPP1,GPC1,1,1
PLPP1,GRIK2,1,1
PLPP1,HS3ST3B1,1,1
PLPP1,ITGA10,1,1
PLPP1,LAMB1,1,1
PLPP1,LYPLAL1,1,1
PLPP1,MAGED1,1,1
PLPP1,MAPRE3,1,1
PLPP1,METTL21B,1,1
PLPP1,NR1D1,1,1
PLPP1,P3H1,1,1
PLPP1,P4HA2,1,1
PLPP1,PMS2CL,1,1
PLPP1,PPIC,1,1
PLPP1,PPP2R2D,1,1
PLPP1,SDC2,1,1
PLPP1,SEZ6L2,1,1
PLPP1,SLC2A3,1,1
PLPP1,SLC39A4,1,1
PLPP1,UPF3A,1,1
PLPP1,ZNF710,1,1
UFC1,ANKH,1,1
UFC1,BATF3,1,1
UFC1,CPNE3,1,1
UFC1,CTDP1,1,1
UFC1,EHBP1,1,1
UFC1,FSCN1,1,1
UFC1,HS6ST2,1,1
UFC1,ITGA5,1,1
UFC1,OCIAD1,1,1
UFC1,PCDHA4,1,1
UFC1,PCDHB12,1,1
UFC1,PKD1P5,1,1
UFC1,RP5-862P8.2,1,1
UFC1,SERPINH1,1,1
UFC1,SLC4A8,1,1
UFC1,SLC9A7,1,1
UFC1,SRPX2,1,1
UFC1,VCAN,1,1
UFC1,YBX3,1,1
MAGED1,AMZ2,1,1
MAGED1,ATOH8,1,1
MAGED1,AZGP1,1,1
MAGED1,B9D1,1,1
MAGED1,BORCS7,1,1
MAGED1,C12ORF60,1,1
MAGED1,C8ORF48,1,1
MAGED1,CHPF,1,1
MAGED1,COPG1,1,1
MAGED1,ETFB,1,1
MAGED1,FAHD2A,1,1
MAGED1,FBF1,1,1
MAGED1,FKBP9,1,1
MAGED1,GPR37,1,1
MAGED1,GRIK2,1,1
MAGED1,HERC2P3,1,1
MAGED1,IFI16,1,1
MAGED1,IFT122,1,1
MAGED1,IL13RA1,1,1
MAGED1,KIFAP3,1,1
MAGED1,KLF9,1,1
MAGED1,LDLRAP1,1,1
MAGED1,LGMN,1,1
MAGED1,LPCAT3,1,1
MAGED1,MAOB,1,1
MAGED1,MAP7D3,1,1
MAGED1,MAPRE3,1,1
MAGED1,METTL23,1,1
MAGED1,MOSPD2,1,1
MAGED1,NKAP,1,1
MAGED1,NR1D1,1,1
MAGED1,PHLDA1,1,1
MAGED1,PIGS,1,1
MAGED1,PPIC,1,1
MAGED1,RELL2,1,1
MAGED1,SCARF2,1,1
MAGED1,SDC2,1,1
MAGED1,SDSL,1,1
MAGED1,SEZ6L2,1,1
MAGED1,SLC2A3,1,1
MAGED1,SMARCAD1,1,1
MAGED1,STAG3L3,1,1
MAGED1,STAT3,1,1
MAGED1,TCTN1,1,1
MAGED1,TMEM229B,1,1
MAGED1,TNS2,1,1
MAGED1,TXNL1,1,1
MAGED1,ZNF33B,1,1
WDR48,ANKRD26,1,1
WDR48,ATP1B3,1,1
WDR48,C17ORF58,1,1
WDR48,CHL1,1,1
WDR48,CHPT1,1,1
WDR48,CMBL,1,1
WDR48,CPM,1,1
WDR48,DOCK10,1,1
WDR48,ETV4,1,1
WDR48,EXTL1,1,1
WDR48,FER,1,1
WDR48,GATA4,1,1
WDR48,HERC4,1,1
WDR48,MAPK14,1,1
WDR48,MICU1,1,1
WDR48,MYH14,1,1
WDR48,PAN3,1,1
WDR48,PDCD6IP,1,1
WDR48,PGRMC1,1,1
WDR48,PMP2,1,1
WDR48,RHOA,1,1
WDR48,RTN4IP1,1,1
WDR48,RUBCN,1,1
WDR48,SMAD4,1,1
WDR48,STX2,1,1
WDR48,SUN2,1,1
WDR48,TBRG4,1,1
WDR48,TIMMDC1,1,1
WDR48,WDR37,1,1
WDR48,ZRANB1,1,1
PCDHA5,AC004980.7,1,1
PCDHA5,ACPP,1,1
PCDHA5,ADGRB1,1,1
PCDHA5,ADORA2B,1,1
PCDHA5,AFAP1L2,1,1
PCDHA5,AGMO,1,1
PCDHA5,AKAP6,1,1
PCDHA5,ALS2CR11,1,1
PCDHA5,ANK3,1,1
PCDHA5,ANKH,1,1
PCDHA5,ANKRD45,1,1
PCDHA5,ARHGAP6,1,1
PCDHA5,ARHGDIB,1,1
PCDHA5,ATP1B1,1,1
PCDHA5,BATF3,1,1
PCDHA5,C17ORF96,1,1
PCDHA5,C1QTNF3,1,1
PCDHA5,C1QTNF3-AMACR,1,1
PCDHA5,CD276,1,1
PCDHA5,CDH12,1,1
PCDHA5,CDKL1,1,1
PCDHA5,CHURC1-FNTB,1,1
PCDHA5,COL9A2,1,1
PCDHA5,COLGALT2,1,1
PCDHA5,CRIP2,1,1
PCDHA5,CT45A1,1,1
PCDHA5,CT45A10,1,1
PCDHA5,CT45A3,1,1
PCDHA5,CT45A5,1,1
PCDHA5,CT45A8,1,1
PCDHA5,CT45A9,1,1
PCDHA5,CT55,1,1
PCDHA5,DMRT2,1,1
PCDHA5,DMRTA1,1,1
PCDHA5,DNAH9,1,1
PCDHA5,DUSP23,1,1
PCDHA5,DYNLT3,1,1
PCDHA5,EBF3,1,1
PCDHA5,EGFLAM,1,1
PCDHA5,EIF1AXP1,1,1
PCDHA5,EIF4H,1,1
PCDHA5,EPHB3,1,1
PCDHA5,F12,1,1
PCDHA5,F2RL2,1,1
PCDHA5,FAM117B,1,1
PCDHA5,FAM212B,1,1
PCDHA5,FAM86B1,1,1
PCDHA5,FGFRL1,1,1
PCDHA5,FOXF1,1,1
PCDHA5,FREM2,1,1
PCDHA5,FSCN1,1,1
PCDHA5,FSIP2,1,1
PCDHA5,FST,1,1
PCDHA5,FUT8,1,1
PCDHA5,GALNT5,1,1
PCDHA5,GLI2,1,1
PCDHA5,GRIK4,1,1
PCDHA5,IL13RA2,1,1
PCDHA5,IL27RA,1,1
PCDHA5,ITGA5,1,1
PCDHA5,JARID2,1,1
PCDHA5,KALRN,1,1
PCDHA5,KCNC3,1,1
PCDHA5,KDM5C,1,1
PCDHA5,KIAA1328,1,1
PCDHA5,KIAA1671,1,1
PCDHA5,L3HYPDH,1,1
PCDHA5,LAMA2,1,1
PCDHA5,LIFR,1,1
PCDHA5,LIMS1,1,1
PCDHA5,LONRF2,1,1
PCDHA5,LOXL3,1,1
PCDHA5,MAGEA4,1,1
PCDHA5,METTL7B,1,1
PCDHA5,MICALL2,1,1
PCDHA5,MIPOL1,1,1
PCDHA5,MMP16,1,1
PCDHA5,MRPS6,1,1
PCDHA5,MYO5B,1,1
PCDHA5,NDRG1,1,1
PCDHA5,NGRN,1,1
PCDHA5,NKX2-5,1,1
PCDHA5,OAF,1,1
PCDHA5,OLFML3,1,1
PCDHA5,P2RY1,1,1
PCDHA5,P3H4,1,1
PCDHA5,PACRGL,1,1
PCDHA5,PAPSS2,1,1
PCDHA5,PCDH1,1,1
PCDHA5,PCDHA1,1,1
PCDHA5,PCDHA10,1,1
PCDHA5,PCDHA11,1,1
PCDHA5,PCDHA13,1,1
PCDHA5,PCDHA4,1,1
PCDHA5,PCDHA7,1,1
PCDHA5,PCDHAC2,1,1
PCDHA5,PCDHB11,1,1
PCDHA5,PCDHB12,1,1
PCDHA5,PCDHB15,1,1
PCDHA5,PCDHB16,1,1
PCDHA5,PCDHB17P,1,1
PCDHA5,PCDHB2,1,1
PCDHA5,PCDHB3,1,1
PCDHA5,PCDHB5,1,1
PCDHA5,PCDHB6,1,1
PCDHA5,PCDHB7,1,1
PCDHA5,PCOLCE,1,1
PCDHA5,PCSK5,1,1
PCDHA5,PKD1P5,1,1
PCDHA5,PLCXD1,1,1
PCDHA5,POU3F3,1,1
PCDHA5,PPFIA4,1,1
PCDHA5,PRKAR1B,1,1
PCDHA5,PRR4,1,1
PCDHA5,PRRX1,1,1
PCDHA5,PTPA,1,1
PCDHA5,PTPRD,1,1
PCDHA5,RAB7B,1,1
PCDHA5,RANBP17,1,1
PCDHA5,RBMS1,1,1
PCDHA5,RELN,1,1
PCDHA5,RGS16,1,1
PCDHA5,RNF7,1,1
PCDHA5,RP5-862P8.2,1,1
PCDHA5,RPS6KA3,1,1
PCDHA5,RYR2,1,1
PCDHA5,SCARA5,1,1
PCDHA5,SCRG1,1,1
PCDHA5,SEL1L3,1,1
PCDHA5,SERINC3,1,1
PCDHA5,SERPINE2,1,1
PCDHA5,SERPINH1,1,1
PCDHA5,SLC25A16,1,1
PCDHA5,SLC35E4,1,1
PCDHA5,SLC35G2,1,1
PCDHA5,SLC43A2,1,1
PCDHA5,SLC9A7,1,1
PCDHA5,SNED1,1,1
PCDHA5,SRPX2,1,1
PCDHA5,ST8SIA5,1,1
PCDHA5,STK26,1,1
PCDHA5,SYAP1,1,1
PCDHA5,SYTL5,1,1
PCDHA5,TBXAS1,1,1
PCDHA5,TCAF2,1,1
PCDHA5,TCN1,1,1
PCDHA5,TDRD1,1,1
PCDHA5,TENM1,1,1
PCDHA5,TESC,1,1
PCDHA5,TGFA,1,1
PCDHA5,THRB,1,1
PCDHA5,TIGD1,1,1
PCDHA5,TMEM2,1,1
PCDHA5,TMTC3,1,1
PCDHA5,TRIM9,1,1
PCDHA5,TSPAN13,1,1
PCDHA5,TSR3,1,1
PCDHA5,TYW1B,1,1
PCDHA5,UBA1,1,1
PCDHA5,UNC13A,1,1
PCDHA5,UNC5C,1,1
PCDHA5,WBSCR22,1,1
PCDHA5,WT1,1,1
PCDHA5,YWHAG,1,1
PCDHA5,ZBTB45P2,1,1
PCDHA5,ZNF92,1,1
PCDHA5,BP-21264C1.1,1,1
FAHD2A,ADAM15,1,1
FAHD2A,ADCY1,1,1
FAHD2A,AMZ2,1,1
FAHD2A,APOO,1,1
FAHD2A,ARPC5,1,1
FAHD2A,AZGP1,1,1
FAHD2A,B4GALT4,1,1
FAHD2A,B9D1,1,1
FAHD2A,BORCS7,1,1
FAHD2A,C3ORF67,1,1
FAHD2A,C8ORF58,1,1
FAHD2A,CMB9-22P13.1,1,1
FAHD2A,CNPY2,1,1
FAHD2A,COPG1,1,1
FAHD2A,COPZ1,1,1
FAHD2A,CRISPLD1,1,1
FAHD2A,ETFB,1,1
FAHD2A,EXTL1,1,1
FAHD2A,FABP7,1,1
FAHD2A,FKBP11,1,1
FAHD2A,FKBP9,1,1
FAHD2A,GORAB,1,1
FAHD2A,HMCN1,1,1
FAHD2A,ITGA9,1,1
FAHD2A,KLF6,1,1
FAHD2A,MAN1B1,1,1
FAHD2A,METTL23,1,1
FAHD2A,MGAT4A,1,1
FAHD2A,NDFIP1,1,1
FAHD2A,NDUFV2,1,1
FAHD2A,NFYA,1,1
FAHD2A,PGBD1,1,1
FAHD2A,PGRMC1,1,1
FAHD2A,PHLDA1,1,1
FAHD2A,PLSCR4,1,1
FAHD2A,PPP2R2D,1,1
FAHD2A,PRDX4,1,1
FAHD2A,PWWP2A,1,1
FAHD2A,RAB23,1,1
FAHD2A,RELL2,1,1
FAHD2A,SDSL,1,1
FAHD2A,SHROOM1,1,1
FAHD2A,SLC35G1,1,1
FAHD2A,SLC43A1,1,1
FAHD2A,SLC44A1,1,1
FAHD2A,SMAP2,1,1
FAHD2A,SORCS1,1,1
FAHD2A,TBC1D8,1,1
FAHD2A,TMEM229B,1,1
FAHD2A,TMEM62,1,1
FAHD2A,ZNF33B,1,1
GGNBP2,AMACR,1,1
GGNBP2,ATP11C,1,1
GGNBP2,GSDMD,1,1
GGNBP2,ICK,1,1
GGNBP2,KANSL2,1,1
GGNBP2,KAT7,1,1
GGNBP2,PCED1A,1,1
GGNBP2,RCC1L,1,1
GGNBP2,RNF5,1,1
GGNBP2,SBDS,1,1
GGNBP2,TRAFD1,1,1
GGNBP2,ZNF721,1,1
PHLDB3,ANGPT1,1,1
PHLDB3,APC2,1,1
PHLDB3,ASL,1,1
PHLDB3,CC2D1A,1,1
PHLDB3,CEP70,1,1
PHLDB3,COL9A2,1,1
PHLDB3,COL9A3,1,1
PHLDB3,COPA,1,1
PHLDB3,COPB2,1,1
PHLDB3,DGAT2,1,1
PHLDB3,DMRTA1,1,1
PHLDB3,DOK1,1,1
PHLDB3,DYNLT3,1,1
PHLDB3,EPHA3,1,1
PHLDB3,ERLIN2,1,1
PHLDB3,FAM133A,1,1
PHLDB3,FAM188B,1,1
PHLDB3,FAM46C,1,1
PHLDB3,FKBP10,1,1
PHLDB3,FREM2,1,1
PHLDB3,GPC3,1,1
PHLDB3,GPC4,1,1
PHLDB3,HIF1A,1,1
PHLDB3,ITIH5,1,1
PHLDB3,LOXL3,1,1
PHLDB3,MAMDC2,1,1
PHLDB3,MATK,1,1
PHLDB3,ME1,1,1
PHLDB3,MFSD14A,1,1
PHLDB3,NOMO3,1,1
PHLDB3,NPAS1,1,1
PHLDB3,OAF,1,1
PHLDB3,OFD1,1,1
PHLDB3,P3H1,1,1
PHLDB3,P3H2,1,1
PHLDB3,PGM3,1,1
PHLDB3,PITPNC1,1,1
PHLDB3,PLXNB3,1,1
PHLDB3,PTGFRN,1,1
PHLDB3,RABL6,1,1
PHLDB3,RNF152,1,1
PHLDB3,RNF216,1,1
PHLDB3,RP11-111K18.1,1,1
PHLDB3,RPN1,1,1
PHLDB3,SEC14L1,1,1
PHLDB3,SERPINE2,1,1
PHLDB3,SLC26A4,1,1
PHLDB3,SPARC,1,1
PHLDB3,TBC1D10B,1,1
PHLDB3,TGFB3,1,1
PHLDB3,TIGD1,1,1
PHLDB3,TMEM67,1,1
PHLDB3,TPGS2,1,1
PHLDB3,TRIM9,1,1
PHLDB3,TSPAN13,1,1
PHLDB3,UNC80,1,1
PHLDB3,WWTR1,1,1
PHLDB3,ZNF595,1,1
FZD5,ATR,1,1
FZD5,C17ORF89,1,1
FZD5,CDK14,1,1
FZD5,CNBP,1,1
FZD5,EIF2B3,1,1
FZD5,EXTL2,1,1
FZD5,FOXD2,1,1
FZD5,FRMD6,1,1
FZD5,GAPDH,1,1
FZD5,GOLIM4,1,1
FZD5,ITGA4,1,1
FZD5,KDELC2,1,1
FZD5,LRRC59,1,1
FZD5,MMADHC,1,1
FZD5,MSN,1,1
FZD5,NMD3,1,1
FZD5,NOC2LP1,1,1
FZD5,OFD1,1,1
FZD5,PTK7,1,1
FZD5,RABEPK,1,1
FZD5,SPHK1,1,1
FZD5,TBC1D10B,1,1
STX3,C18ORF8,1,1
STX3,CLOCK,1,1
STX3,MECP2,1,1
STX3,ZNF440,1,1
CCT3,ABHD14A,1,1
CCT3,ATP13A3,1,1
CCT3,C8ORF33,1,1
CCT3,CCNE1,1,1
CCT3,CNBP,1,1
CCT3,DLX1,1,1
CCT3,EFTUD2,1,1
CCT3,EIF2B3,1,1
CCT3,EIF5A,1,1
CCT3,FXN,1,1
CCT3,LSM 12.00,1,1
CCT3,MPST,1,1
CCT3,MRPL3,1,1
CCT3,PHF14,1,1
CCT3,PRMT5,1,1
CCT3,RAB21,1,1
CCT3,RCL1,1,1
CCT3,SMARCA4,1,1
CCT3,STK16,1,1
CCT3,TMX1,1,1
CCT3,U2SURP,1,1
CCT3,UBE3B,1,1
CCT3,VAPA,1,1
CCT3,ZNF121,1,1
SCCPDH,ABCA8,1,1
SCCPDH,ADAP1,1,1
SCCPDH,ANKRD45,1,1
SCCPDH,ARHGDIB,1,1
SCCPDH,ASB4,1,1
SCCPDH,ASTN2,1,1
SCCPDH,B3GNT7,1,1
SCCPDH,B4GALNT3,1,1
SCCPDH,BMP6,1,1
SCCPDH,BST2,1,1
SCCPDH,CACNA1H,1,1
SCCPDH,CBSL,1,1
SCCPDH,CCDC113,1,1
SCCPDH,CDH12,1,1
SCCPDH,CGREF1,1,1
SCCPDH,CHURC1-FNTB,1,1
SCCPDH,COL9A1,1,1
SCCPDH,CSMD1,1,1
SCCPDH,CT45A1,1,1
SCCPDH,CT45A6,1,1
SCCPDH,DNAJB6,1,1
SCCPDH,DNAJC30,1,1
SCCPDH,DSCR8,1,1
SCCPDH,EGFL7,1,1
SCCPDH,EMILIN1,1,1
SCCPDH,EYA2,1,1
SCCPDH,FMOD,1,1
SCCPDH,FOLH1,1,1
SCCPDH,GABRG3,1,1
SCCPDH,GREB1L,1,1
SCCPDH,GRIK4,1,1
SCCPDH,GUCY1B3,1,1
SCCPDH,IGFBP2,1,1
SCCPDH,ITIH6,1,1
SCCPDH,LAMA2,1,1
SCCPDH,MDH2,1,1
SCCPDH,MGP,1,1
SCCPDH,MIDN,1,1
SCCPDH,MRPS6,1,1
SCCPDH,MYO3B,1,1
SCCPDH,NDUFA8,1,1
SCCPDH,NGRN,1,1
SCCPDH,NPTXR,1,1
SCCPDH,NTN1,1,1
SCCPDH,P3H4,1,1
SCCPDH,PATZ1,1,1
SCCPDH,PCDHA1,1,1
SCCPDH,PCDHB11,1,1
SCCPDH,PCDHB5,1,1
SCCPDH,PCDHB6,1,1
SCCPDH,PCDHB7,1,1
SCCPDH,PCOLCE,1,1
SCCPDH,PCSK5,1,1
SCCPDH,PLBD1,1,1
SCCPDH,PPP2R2B,1,1
SCCPDH,RADIL,1,1
SCCPDH,RANBP17,1,1
SCCPDH,RYR2,1,1
SCCPDH,SEL1L3,1,1
SCCPDH,SEMA3E,1,1
SCCPDH,SERPINA3,1,1
SCCPDH,SMIM3,1,1
SCCPDH,SOCS2,1,1
SCCPDH,SOD3,1,1
SCCPDH,STK26,1,1
SCCPDH,SULF1,1,1
SCCPDH,THRB,1,1
SCCPDH,UROC1,1,1
SCCPDH,BP-21264C1.1,1,1
CKB,CTDP1,1,1
CKB,EHBP1,1,1
CKB,F12,1,1
CKB,GDNF,1,1
CKB,PKD1P5,1,1
CKB,RBM20,1,1
CKB,SEC23A,1,1
CKB,SRPX2,1,1
CKB,STYXL1,1,1
CKB,UBALD2,1,1
CKB,ZBTB20,1,1
OXLD1,REEP6,1,1
NDFIP1,ADCY1,1,1
NDFIP1,AHR,1,1
NDFIP1,ANKRD54,1,1
NDFIP1,APOO,1,1
NDFIP1,ATP1B3,1,1
NDFIP1,ATP5SL,1,1
NDFIP1,BCL7A,1,1
NDFIP1,BORCS7,1,1
NDFIP1,C6ORF120,1,1
NDFIP1,C8ORF58,1,1
NDFIP1,CLCC1,1,1
NDFIP1,CNPY2,1,1
NDFIP1,COPG1,1,1
NDFIP1,CPD,1,1
NDFIP1,CRISPLD1,1,1
NDFIP1,CUTA,1,1
NDFIP1,DHX40,1,1
NDFIP1,DNAJB12,1,1
NDFIP1,DOCK4,1,1
NDFIP1,ETV1,1,1
NDFIP1,FAM122B,1,1
NDFIP1,FKBP11,1,1
NDFIP1,FKBP14,1,1
NDFIP1,FKBP9,1,1
NDFIP1,FKBP9P1,1,1
NDFIP1,FLRT2,1,1
NDFIP1,FOXK1,1,1
NDFIP1,GALNT2,1,1
NDFIP1,GAS7,1,1
NDFIP1,GLCCI1,1,1
NDFIP1,GNS,1,1
NDFIP1,HMCN1,1,1
NDFIP1,ID4,1,1
NDFIP1,IL13RA1,1,1
NDFIP1,INTS10,1,1
NDFIP1,ITGB5,1,1
NDFIP1,ITPR2,1,1
NDFIP1,KLF6,1,1
NDFIP1,KRBA1,1,1
NDFIP1,LRIG1,1,1
NDFIP1,LRP4,1,1
NDFIP1,LY96,1,1
NDFIP1,MAML2,1,1
NDFIP1,MAN1B1,1,1
NDFIP1,MMP15,1,1
NDFIP1,MPZL1,1,1
NDFIP1,MRPL57,1,1
NDFIP1,NFKBIE,1,1
NDFIP1,NOMO1,1,1
NDFIP1,NR1D1,1,1
NDFIP1,NSF,1,1
NDFIP1,NT5DC2,1,1
NDFIP1,PGBD1,1,1
NDFIP1,PGRMC1,1,1
NDFIP1,PPFIA3,1,1
NDFIP1,PPP2R2D,1,1
NDFIP1,PSMD9,1,1
NDFIP1,ROR1,1,1
NDFIP1,SDSL,1,1
NDFIP1,SHROOM1,1,1
NDFIP1,SLC19A3,1,1
NDFIP1,SLC1A1,1,1
NDFIP1,SLC2A3,1,1
NDFIP1,SMAP2,1,1
NDFIP1,SORCS1,1,1
NDFIP1,SOX5,1,1
NDFIP1,ST6GAL1,1,1
NDFIP1,SUN1,1,1
NDFIP1,TCTN1,1,1
NDFIP1,TMEM62,1,1
NDFIP1,TNFRSF19,1,1
NDFIP1,ZBTB33,1,1
NDFIP1,ZNF33B,1,1
NDFIP1,ZSCAN5A,1,1
SMC1A,AP3D1,1,1
SMC1A,ASCC3,1,1
SMC1A,CNBP,1,1
SMC1A,DNAAF5,1,1
SMC1A,EIF1AX,1,1
SMC1A,GNB4,1,1
SMC1A,GOLIM4,1,1
SMC1A,IRAK4,1,1
SMC1A,JRK,1,1
SMC1A,KDELC2,1,1
SMC1A,LRRC59,1,1
SMC1A,LSG1,1,1
SMC1A,MFSD13A,1,1
SMC1A,MMADHC,1,1
SMC1A,NMD3,1,1
SMC1A,PSME3,1,1
SMC1A,PTPN1,1,1
SMC1A,RAP1B,1,1
SMC1A,RECQL,1,1
SMC1A,RRP15,1,1
SMC1A,SEC61A1,1,1
SMC1A,TOR1AIP2,1,1
SMC1A,TPI1,1,1
SMC1A,TRIM24,1,1
SMC1A,WT1,1,1
SMC1A,ZNF275,1,1
SMC1A,ZNF654,1,1
FAM149B1,AC007040.11,1,1
FAM149B1,ACAD9,1,1
FAM149B1,ADAM15,1,1
FAM149B1,ADAMTS9,1,1
FAM149B1,ADCY1,1,1
FAM149B1,AMOT,1,1
FAM149B1,AMPD2,1,1
FAM149B1,ANKRD54,1,1
FAM149B1,APOO,1,1
FAM149B1,ARHGAP25,1,1
FAM149B1,ASB9,1,1
FAM149B1,ATP1B3,1,1
FAM149B1,CCSAP,1,1
FAM149B1,CENPL,1,1
FAM149B1,CLCC1,1,1
FAM149B1,CLTC,1,1
FAM149B1,CMBL,1,1
FAM149B1,COL19A1,1,1
FAM149B1,COLGALT1,1,1
FAM149B1,COMMD3,1,1
FAM149B1,CPD,1,1
FAM149B1,CUTA,1,1
FAM149B1,DARS2,1,1
FAM149B1,DLX5,1,1
FAM149B1,DOCK10,1,1
FAM149B1,DPY19L1,1,1
FAM149B1,ELOVL2,1,1
FAM149B1,ENOX1,1,1
FAM149B1,EPDR1,1,1
FAM149B1,ETV1,1,1
FAM149B1,FABP5,1,1
FAM149B1,FAM175A,1,1
FAM149B1,FAM198B,1,1
FAM149B1,FCGR2A,1,1
FAM149B1,FGF13,1,1
FAM149B1,FKBP11,1,1
FAM149B1,FKBP14,1,1
FAM149B1,FMN2,1,1
FAM149B1,FOXK1,1,1
FAM149B1,FUCA2,1,1
FAM149B1,GAD1,1,1
FAM149B1,GALNT2,1,1
FAM149B1,GATA4,1,1
FAM149B1,GHR,1,1
FAM149B1,GPD2,1,1
FAM149B1,HERC4,1,1
FAM149B1,HMCN1,1,1
FAM149B1,ICAM1,1,1
FAM149B1,INTS10,1,1
FAM149B1,ITGB5,1,1
FAM149B1,KCNK5,1,1
FAM149B1,KDELR2,1,1
FAM149B1,KIAA1191,1,1
FAM149B1,KRBA1,1,1
FAM149B1,LIG3,1,1
FAM149B1,LIN28B,1,1
FAM149B1,MBD4,1,1
FAM149B1,ME1,1,1
FAM149B1,MEGF10,1,1
FAM149B1,METTL14,1,1
FAM149B1,MRPL32,1,1
FAM149B1,MTIF2,1,1
FAM149B1,MYD88,1,1
FAM149B1,MYH14,1,1
FAM149B1,MYL9,1,1
FAM149B1,N4BP2L2,1,1
FAM149B1,NAPG,1,1
FAM149B1,NDUFA9,1,1
FAM149B1,NDUFAF2,1,1
FAM149B1,NOMO1,1,1
FAM149B1,NOMO3,1,1
FAM149B1,NSF,1,1
FAM149B1,PCOLCE2,1,1
FAM149B1,PDGFRL,1,1
FAM149B1,PGF,1,1
FAM149B1,PGM1,1,1
FAM149B1,PGRMC1,1,1
FAM149B1,PHB,1,1
FAM149B1,PI15,1,1
FAM149B1,PIEZO2,1,1
FAM149B1,PLPP3,1,1
FAM149B1,PMP2,1,1
FAM149B1,PNMA2,1,1
FAM149B1,PPARD,1,1
FAM149B1,PPIA,1,1
FAM149B1,RAD17,1,1
FAM149B1,RCN2,1,1
FAM149B1,RELL1,1,1
FAM149B1,ROR1,1,1
FAM149B1,RPTOR,1,1
FAM149B1,SEMA3D,1,1
FAM149B1,SHROOM1,1,1
FAM149B1,SLC19A3,1,1
FAM149B1,SLC1A1,1,1
FAM149B1,SLC26A2,1,1
FAM149B1,SLC26A4,1,1
FAM149B1,SLC7A2,1,1
FAM149B1,SMAD4,1,1
FAM149B1,SMAP2,1,1
FAM149B1,SNTB1,1,1
FAM149B1,SSFA2,1,1
FAM149B1,ST6GAL1,1,1
FAM149B1,SUDS3,1,1
FAM149B1,SUN1,1,1
FAM149B1,SUN2,1,1
FAM149B1,TBRG4,1,1
FAM149B1,THOC2,1,1
FAM149B1,TMEM5,1,1
FAM149B1,TVP23B,1,1
FAM149B1,UBASH3B,1,1
FAM149B1,UBE3C,1,1
FAM149B1,ZBTB33,1,1
FAM149B1,ZSCAN5A,1,1
KRI1,AASDHPPT,1,1
KRI1,ATG101,1,1
KRI1,CNBP,1,1
KRI1,DBR1,1,1
KRI1,DCUN1D5,1,1
KRI1,DDX56,1,1
KRI1,DLX1,1,1
KRI1,DNAAF5,1,1
KRI1,DUS3L,1,1
KRI1,EFTUD2,1,1
KRI1,EIF2B3,1,1
KRI1,EIF5A,1,1
KRI1,FAM98A,1,1
KRI1,FXN,1,1
KRI1,GRPEL1,1,1
KRI1,IRAK4,1,1
KRI1,JRK,1,1
KRI1,KDELC2,1,1
KRI1,LRRC59,1,1
KRI1,LSG1,1,1
KRI1,MMADHC,1,1
KRI1,POFUT1,1,1
KRI1,RABEPK,1,1
KRI1,RAP1B,1,1
KRI1,RCL1,1,1
KRI1,RRP15,1,1
KRI1,SEC61A1,1,1
KRI1,STK16,1,1
KRI1,TRIM24,1,1
KRI1,TXNDC17,1,1
KRI1,ZNF275,1,1
COL22A1,AARS2,1,1
COL22A1,ABCA8,1,1
COL22A1,ADAM15,1,1
COL22A1,ADCY1,1,1
COL22A1,AHR,1,1
COL22A1,ANKRD19P,1,1
COL22A1,ANKRD45,1,1
COL22A1,ANKRD54,1,1
COL22A1,APOO,1,1
COL22A1,ARHGAP20,1,1
COL22A1,ARHGAP25,1,1
COL22A1,ASL,1,1
COL22A1,ASTN2,1,1
COL22A1,ATOH8,1,1
COL22A1,AZGP1,1,1
COL22A1,B4GALNT3,1,1
COL22A1,B9D1,1,1
COL22A1,BFSP1,1,1
COL22A1,C3ORF67,1,1
COL22A1,CC2D1A,1,1
COL22A1,CCDC78,1,1
COL22A1,CEP70,1,1
COL22A1,CHPF,1,1
COL22A1,CHST6,1,1
COL22A1,CMB9-22P13.1,1,1
COL22A1,CNIH3,1,1
COL22A1,COL9A1,1,1
COL22A1,COL9A3,1,1
COL22A1,COPB2,1,1
COL22A1,CPD,1,1
COL22A1,CRISPLD1,1,1
COL22A1,CSMD1,1,1
COL22A1,CXCL16,1,1
COL22A1,DGAT2,1,1
COL22A1,DNAJB12,1,1
COL22A1,DSCR8,1,1
COL22A1,ENOX1,1,1
COL22A1,ERLIN2,1,1
COL22A1,EYA2,1,1
COL22A1,FABP7,1,1
COL22A1,FAM133A,1,1
COL22A1,FAM198B,1,1
COL22A1,FAM46C,1,1
COL22A1,FBF1,1,1
COL22A1,FCGR2A,1,1
COL22A1,FGF13,1,1
COL22A1,FKBP10,1,1
COL22A1,FKBP11,1,1
COL22A1,FKBP14,1,1
COL22A1,FKBP9P1,1,1
COL22A1,FMN2,1,1
COL22A1,FMOD,1,1
COL22A1,FOLH1,1,1
COL22A1,FYB,1,1
COL22A1,GAD1,1,1
COL22A1,GHR,1,1
COL22A1,GORAB,1,1
COL22A1,GPC3,1,1
COL22A1,GPC4,1,1
COL22A1,GRIK2,1,1
COL22A1,HEY2,1,1
COL22A1,HIF1A,1,1
COL22A1,HMCES,1,1
COL22A1,HMCN1,1,1
COL22A1,HOXA13,1,1
COL22A1,ID4,1,1
COL22A1,IFI16,1,1
COL22A1,IGFBP2,1,1
COL22A1,IL6ST,1,1
COL22A1,INTS10,1,1
COL22A1,ITGAX,1,1
COL22A1,ITGB5,1,1
COL22A1,ITIH5,1,1
COL22A1,ITIH6,1,1
COL22A1,ITPR2,1,1
COL22A1,LAMB1,1,1
COL22A1,LAMC3,1,1
COL22A1,LIG3,1,1
COL22A1,LRP2,1,1
COL22A1,LYPLAL1,1,1
COL22A1,MAFB,1,1
COL22A1,MAMDC2,1,1
COL22A1,MAOB,1,1
COL22A1,MAP7D3,1,1
COL22A1,MAPRE3,1,1
COL22A1,METTL23,1,1
COL22A1,MGP,1,1
COL22A1,MMP15,1,1
COL22A1,MRAP2,1,1
COL22A1,MYD88,1,1
COL22A1,MYO3B,1,1
COL22A1,NOMO3,1,1
COL22A1,NR1D1,1,1
COL22A1,NSUN5,1,1
COL22A1,NTN1,1,1
COL22A1,OAZ1,1,1
COL22A1,OPHN1,1,1
COL22A1,P3H1,1,1
COL22A1,P3H2,1,1
COL22A1,PCCB,1,1
COL22A1,PCDHB5,1,1
COL22A1,PCDHB6,1,1
COL22A1,PCOLCE2,1,1
COL22A1,PDDC1,1,1
COL22A1,PDGFRL,1,1
COL22A1,PGF,1,1
COL22A1,PGM3,1,1
COL22A1,PIEZO2,1,1
COL22A1,PLBD1,1,1
COL22A1,PLEKHS1,1,1
COL22A1,PMS2CL,1,1
COL22A1,PODXL2,1,1
COL22A1,POLD2,1,1
COL22A1,PPIC,1,1
COL22A1,PPP1R13B,1,1
COL22A1,PPP2R2B,1,1
COL22A1,PRDX6,1,1
COL22A1,PTGFRN,1,1
COL22A1,RAB23,1,1
COL22A1,RAPGEF5,1,1
COL22A1,RELL1,1,1
COL22A1,RIDA,1,1
COL22A1,RNF152,1,1
COL22A1,RNF216,1,1
COL22A1,RP11-111F5.5,1,1
COL22A1,SDC2,1,1
COL22A1,SDSL,1,1
COL22A1,SERPINA3,1,1
COL22A1,SEZ6L2,1,1
COL22A1,SLC19A3,1,1
COL22A1,SLC26A2,1,1
COL22A1,SLC26A4,1,1
COL22A1,SLC2A3,1,1
COL22A1,SMAP2,1,1
COL22A1,SORCS1,1,1
COL22A1,SPARC,1,1
COL22A1,SPATS1,1,1
COL22A1,STAT3,1,1
COL22A1,SULF1,1,1
COL22A1,TBC1D10B,1,1
COL22A1,TBC1D8,1,1
COL22A1,TGFB3,1,1
COL22A1,TMEM67,1,1
COL22A1,TPD52L1,1,1
COL22A1,TPGS2,1,1
COL22A1,TRIM9,1,1
COL22A1,TRPM3,1,1
COL22A1,TRPM8,1,1
COL22A1,TVP23B,1,1
COL22A1,UROC1,1,1
COL22A1,WWTR1,1,1
COL22A1,XPR1,1,1
COL22A1,ZDHHC16,1,1
COL22A1,ZNF33B,1,1
COL22A1,ZNF595,1,1
COL22A1,ZNF710,1,1
COL22A1,ZSCAN5A,1,1
ADCK2,CD55,1,1
ADCK2,ITFG2,1,1
ADCK2,KIAA0141,1,1
ADCK2,MAPK11,1,1
ADCK2,MORF4L2,1,1
ADCK2,MPLKIP,1,1
ADCK2,MTX1,1,1
ADCK2,PHKA1,1,1
ADCK2,PSMG3,1,1
ADCK2,SDHD,1,1
ADCK2,SEC22A,1,1
ADCK2,SRI,1,1
HSD17B7,DUSP23,1,1
HSD17B7,PACRGL,1,1
HSD17B7,PLCXD1,1,1
HSD17B7,PTPN12,1,1
GREB1L,ABCA8,1,1
GREB1L,ADAP1,1,1
GREB1L,ADGRB1,1,1
GREB1L,AFAP1L2,1,1
GREB1L,AGMO,1,1
GREB1L,AKAP6,1,1
GREB1L,ALS2CR11,1,1
GREB1L,ANK3,1,1
GREB1L,ANKRD45,1,1
GREB1L,ARHGAP20,1,1
GREB1L,ARHGAP6,1,1
GREB1L,ARHGDIB,1,1
GREB1L,ASB4,1,1
GREB1L,ASL,1,1
GREB1L,ASTN2,1,1
GREB1L,ATP1B1,1,1
GREB1L,ATP9A,1,1
GREB1L,B3GALT1,1,1
GREB1L,B3GNT7,1,1
GREB1L,B4GALNT3,1,1
GREB1L,BAALC,1,1
GREB1L,BFSP1,1,1
GREB1L,BMP6,1,1
GREB1L,BST2,1,1
GREB1L,C12ORF60,1,1
GREB1L,C1QTNF3-AMACR,1,1
GREB1L,C1ORF115,1,1
GREB1L,CACNA1H,1,1
GREB1L,CADM4,1,1
GREB1L,CBSL,1,1
GREB1L,CC2D1A,1,1
GREB1L,CCDC113,1,1
GREB1L,CCDC78,1,1
GREB1L,CDH12,1,1
GREB1L,CEP70,1,1
GREB1L,CGREF1,1,1
GREB1L,CHPF,1,1
GREB1L,CHURC1-FNTB,1,1
GREB1L,COL9A1,1,1
GREB1L,COL9A2,1,1
GREB1L,COL9A3,1,1
GREB1L,CSMD1,1,1
GREB1L,CT45A1,1,1
GREB1L,CT45A10,1,1
GREB1L,CT45A3,1,1
GREB1L,CT45A5,1,1
GREB1L,CT45A6,1,1
GREB1L,CT45A8,1,1
GREB1L,CT45A9,1,1
GREB1L,CT55,1,1
GREB1L,CTBP2,1,1
GREB1L,DDX43,1,1
GREB1L,DGAT2,1,1
GREB1L,DMRTA1,1,1
GREB1L,DNAH9,1,1
GREB1L,DNAJB6,1,1
GREB1L,DNAJC30,1,1
GREB1L,DOK1,1,1
GREB1L,DSCR8,1,1
GREB1L,EGFLAM,1,1
GREB1L,EIF4H,1,1
GREB1L,EMILIN1,1,1
GREB1L,ERLIN2,1,1
GREB1L,EYA2,1,1
GREB1L,FAM133A,1,1
GREB1L,FAM134B,1,1
GREB1L,FAM212B,1,1
GREB1L,FAM46C,1,1
GREB1L,FAM86B1,1,1
GREB1L,FBF1,1,1
GREB1L,FKBP10,1,1
GREB1L,FMOD,1,1
GREB1L,FOLH1,1,1
GREB1L,GABRG3,1,1
GREB1L,GALNT5,1,1
GREB1L,GDF15,1,1
GREB1L,GPC1,1,1
GREB1L,GPC4,1,1
GREB1L,GRIK4,1,1
GREB1L,GUCY1B3,1,1
GREB1L,HS3ST3B1,1,1
GREB1L,IFI16,1,1
GREB1L,IGFBP2,1,1
GREB1L,IL13RA2,1,1
GREB1L,ITGA10,1,1
GREB1L,ITGAX,1,1
GREB1L,ITIH5,1,1
GREB1L,ITIH6,1,1
GREB1L,ITPRIPL2,1,1
GREB1L,JARID2,1,1
GREB1L,JUNB,1,1
GREB1L,KALRN,1,1
GREB1L,KCNC3,1,1
GREB1L,LAMA2,1,1
GREB1L,LAMA4,1,1
GREB1L,LAMB1,1,1
GREB1L,LAMC3,1,1
GREB1L,LOXL3,1,1
GREB1L,LPCAT3,1,1
GREB1L,LRP2,1,1
GREB1L,MAFB,1,1
GREB1L,MAGEA4,1,1
GREB1L,MAMDC2,1,1
GREB1L,MAPRE3,1,1
GREB1L,MATK,1,1
GREB1L,MDH2,1,1
GREB1L,MDM2,1,1
GREB1L,MEOX2,1,1
GREB1L,MGP,1,1
GREB1L,MICALL2,1,1
GREB1L,MRPS6,1,1
GREB1L,MYO3B,1,1
GREB1L,MYO5B,1,1
GREB1L,NDRG1,1,1
GREB1L,NDUFA8,1,1
GREB1L,NKX2-5,1,1
GREB1L,NPHP1,1,1
GREB1L,NPTX1,1,1
GREB1L,NPTXR,1,1
GREB1L,NR0B1,1,1
GREB1L,NSUN5,1,1
GREB1L,NTN1,1,1
GREB1L,OAF,1,1
GREB1L,OPHN1,1,1
GREB1L,P3H1,1,1
GREB1L,P3H2,1,1
GREB1L,P3H4,1,1
GREB1L,PAPSS2,1,1
GREB1L,PATZ1,1,1
GREB1L,PCDHA1,1,1
GREB1L,PCDHA10,1,1
GREB1L,PCDHB11,1,1
GREB1L,PCDHB15,1,1
GREB1L,PCDHB16,1,1
GREB1L,PCDHB17P,1,1
GREB1L,PCDHB2,1,1
GREB1L,PCDHB3,1,1
GREB1L,PCDHB5,1,1
GREB1L,PCDHB6,1,1
GREB1L,PCDHB7,1,1
GREB1L,PCOLCE,1,1
GREB1L,PCSK5,1,1
GREB1L,PDDC1,1,1
GREB1L,PITPNC1,1,1
GREB1L,PLBD1,1,1
GREB1L,PLEKHS1,1,1
GREB1L,PLXNB2,1,1
GREB1L,PMS2CL,1,1
GREB1L,POU3F3,1,1
GREB1L,PPFIA4,1,1
GREB1L,PPIC,1,1
GREB1L,PPP2R2B,1,1
GREB1L,PPP3CB,1,1
GREB1L,PRKCD,1,1
GREB1L,PTGFRN,1,1
GREB1L,PTPRD,1,1
GREB1L,RADIL,1,1
GREB1L,RAPGEF5,1,1
GREB1L,RELN,1,1
GREB1L,RGS16,1,1
GREB1L,RNF152,1,1
GREB1L,ROBO1,1,1
GREB1L,RORA,1,1
GREB1L,RP11-111F5.5,1,1
GREB1L,RP11-111K18.1,1,1
GREB1L,RYR2,1,1
GREB1L,S100A13,1,1
GREB1L,SBNO2,1,1
GREB1L,SCARA5,1,1
GREB1L,SCRG1,1,1
GREB1L,SDC2,1,1
GREB1L,SDK2,1,1
GREB1L,SEL1L3,1,1
GREB1L,SEMA3E,1,1
GREB1L,SERPINA3,1,1
GREB1L,SERPINE2,1,1
GREB1L,SEZ6L2,1,1
GREB1L,SLC1A3,1,1
GREB1L,SLC39A4,1,1
GREB1L,SMIM3,1,1
GREB1L,SOCS2,1,1
GREB1L,SOD3,1,1
GREB1L,SPATS1,1,1
GREB1L,SREBF1,1,1
GREB1L,STAT3,1,1
GREB1L,STK26,1,1
GREB1L,STK32B,1,1
GREB1L,SULF1,1,1
GREB1L,TENM1,1,1
GREB1L,TESC,1,1
GREB1L,TGFB3,1,1
GREB1L,THRB,1,1
GREB1L,TIGD1,1,1
GREB1L,TNFRSF21,1,1
GREB1L,TNS2,1,1
GREB1L,TPD52L1,1,1
GREB1L,TRIM9,1,1
GREB1L,TRPM8,1,1
GREB1L,TSR3,1,1
GREB1L,UNC13A,1,1
GREB1L,UNC5C,1,1
GREB1L,UPF3A,1,1
GREB1L,UROC1,1,1
GREB1L,USP9X,1,1
GREB1L,VPS25,1,1
GREB1L,WBSCR22,1,1
GREB1L,WNK4,1,1
GREB1L,WWTR1,1,1
GREB1L,ZDHHC16,1,1
GREB1L,ZNF536,1,1
GREB1L,ZNF595,1,1
GREB1L,BP-21264C1.1,1,1
HAX1,APC2,1,1
HAX1,F12,1,1
HAX1,PSMD10,1,1
HAX1,SCAMP5,1,1
HAX1,SERINC3,1,1
HAX1,UBA1,1,1
PTAR1,AL354822.1,1,1
PTAR1,BX004987.1,1,1
PTAR1,PHLDA3,1,1
PTAR1,RNF215,1,1
NPTXR,ABCA8,1,1
NPTXR,ADA,1,1
NPTXR,ADAP1,1,1
NPTXR,ANK3,1,1
NPTXR,ANKRD45,1,1
NPTXR,ARHGAP20,1,1
NPTXR,ARHGDIB,1,1
NPTXR,ASB4,1,1
NPTXR,ASL,1,1
NPTXR,ASTN2,1,1
NPTXR,ATP1B1,1,1
NPTXR,B3GNT7,1,1
NPTXR,B4GALNT3,1,1
NPTXR,BAALC,1,1
NPTXR,BFSP1,1,1
NPTXR,BMP6,1,1
NPTXR,C10ORF76,1,1
NPTXR,CBSL,1,1
NPTXR,CCDC113,1,1
NPTXR,CDH12,1,1
NPTXR,CGREF1,1,1
NPTXR,COL9A1,1,1
NPTXR,COL9A2,1,1
NPTXR,COQ6,1,1
NPTXR,CSMD1,1,1
NPTXR,CT45A1,1,1
NPTXR,CT45A6,1,1
NPTXR,CT55,1,1
NPTXR,DSCR8,1,1
NPTXR,EYA2,1,1
NPTXR,F12,1,1
NPTXR,FAM133A,1,1
NPTXR,FAM134B,1,1
NPTXR,FMOD,1,1
NPTXR,FOLH1,1,1
NPTXR,FOXD2,1,1
NPTXR,GABRG3,1,1
NPTXR,GRIK4,1,1
NPTXR,ICAM5,1,1
NPTXR,IGFBP2,1,1
NPTXR,ITGAX,1,1
NPTXR,ITIH5,1,1
NPTXR,ITIH6,1,1
NPTXR,JUNB,1,1
NPTXR,LAMA2,1,1
NPTXR,LRP2,1,1
NPTXR,MAGEA4,1,1
NPTXR,MAMDC2,1,1
NPTXR,MDH2,1,1
NPTXR,MDM2,1,1
NPTXR,MGP,1,1
NPTXR,MYO3B,1,1
NPTXR,MYO5B,1,1
NPTXR,NGRN,1,1
NPTXR,NTN1,1,1
NPTXR,OAF,1,1
NPTXR,OPHN1,1,1
NPTXR,P3H4,1,1
NPTXR,PATZ1,1,1
NPTXR,PCDHA1,1,1
NPTXR,PCDHAC2,1,1
NPTXR,PCDHB11,1,1
NPTXR,PCDHB16,1,1
NPTXR,PCDHB5,1,1
NPTXR,PCDHB6,1,1
NPTXR,PCDHB7,1,1
NPTXR,PCOLCE,1,1
NPTXR,PCSK5,1,1
NPTXR,PEX5L,1,1
NPTXR,PITPNC1,1,1
NPTXR,PLBD1,1,1
NPTXR,PLEKHS1,1,1
NPTXR,PNPLA4,1,1
NPTXR,PPFIA4,1,1
NPTXR,PPP2R2B,1,1
NPTXR,PSMD10,1,1
NPTXR,RADIL,1,1
NPTXR,RANBP17,1,1
NPTXR,RBM20,1,1
NPTXR,RGS16,1,1
NPTXR,RNASE1,1,1
NPTXR,RP11-111F5.5,1,1
NPTXR,RP11-43F13.1,1,1
NPTXR,RYR2,1,1
NPTXR,SDK2,1,1
NPTXR,SEL1L3,1,1
NPTXR,SEMA3E,1,1
NPTXR,SERPINA3,1,1
NPTXR,SOCS2,1,1
NPTXR,SOD3,1,1
NPTXR,SPAG4,1,1
NPTXR,SRPX2,1,1
NPTXR,STK26,1,1
NPTXR,STYXL1,1,1
NPTXR,SULF1,1,1
NPTXR,TACO1,1,1
NPTXR,THRB,1,1
NPTXR,TNFRSF21,1,1
NPTXR,TRPM8,1,1
NPTXR,TSR3,1,1
NPTXR,UBE2I,1,1
NPTXR,UROC1,1,1
NPTXR,WBSCR22,1,1
NPTXR,WBSCR27,1,1
NPTXR,BP-21264C1.1,1,1
FOXK1,AC007040.11,1,1
FOXK1,ACAD9,1,1
FOXK1,ADAMTS9,1,1
FOXK1,ADCY1,1,1
FOXK1,AMOT,1,1
FOXK1,AMPD2,1,1
FOXK1,ANKRD54,1,1
FOXK1,ARGLU1,1,1
FOXK1,ARHGAP25,1,1
FOXK1,ATP1B3,1,1
FOXK1,C8ORF58,1,1
FOXK1,CCSAP,1,1
FOXK1,CENPL,1,1
FOXK1,CEP85L,1,1
FOXK1,CHPT1,1,1
FOXK1,CLCC1,1,1
FOXK1,CLEC2B,1,1
FOXK1,CLTC,1,1
FOXK1,CMBL,1,1
FOXK1,COL19A1,1,1
FOXK1,COLGALT1,1,1
FOXK1,CPD,1,1
FOXK1,CRISPLD1,1,1
FOXK1,CUTA,1,1
FOXK1,DARS2,1,1
FOXK1,DHX40,1,1
FOXK1,DOCK10,1,1
FOXK1,DOCK4,1,1
FOXK1,DPY19L1,1,1
FOXK1,EDEM3,1,1
FOXK1,ELOVL2,1,1
FOXK1,EPDR1,1,1
FOXK1,ETV1,1,1
FOXK1,FAM122B,1,1
FOXK1,FCGR2A,1,1
FOXK1,FGF13,1,1
FOXK1,FKBP14,1,1
FOXK1,FRK,1,1
FOXK1,GALNT2,1,1
FOXK1,GHR,1,1
FOXK1,GLCCI1,1,1
FOXK1,GPD2,1,1
FOXK1,HMCN1,1,1
FOXK1,ICAM1,1,1
FOXK1,ITGB3,1,1
FOXK1,ITGB5,1,1
FOXK1,KCNK5,1,1
FOXK1,KRBA1,1,1
FOXK1,LIN28B,1,1
FOXK1,LRIG1,1,1
FOXK1,MAML2,1,1
FOXK1,MAN1A2,1,1
FOXK1,MBTPS2,1,1
FOXK1,MEGF10,1,1
FOXK1,METTL14,1,1
FOXK1,MRPL57,1,1
FOXK1,MYH14,1,1
FOXK1,MYL9,1,1
FOXK1,N4BP2L2,1,1
FOXK1,NAPG,1,1
FOXK1,NOMO1,1,1
FOXK1,NSF,1,1
FOXK1,NT5DC2,1,1
FOXK1,P4HA1,1,1
FOXK1,PDGFRL,1,1
FOXK1,PGM1,1,1
FOXK1,PGRMC1,1,1
FOXK1,PLPP3,1,1
FOXK1,PNMA2,1,1
FOXK1,PPFIA3,1,1
FOXK1,PPIA,1,1
FOXK1,PSMD9,1,1
FOXK1,RAD17,1,1
FOXK1,RBAK,1,1
FOXK1,RCN2,1,1
FOXK1,RHOC,1,1
FOXK1,ROR1,1,1
FOXK1,RPL17,1,1
FOXK1,RPL23,1,1
FOXK1,RPTOR,1,1
FOXK1,SCG2,1,1
FOXK1,SH3GLB2,1,1
FOXK1,SHROOM1,1,1
FOXK1,SHROOM4,1,1
FOXK1,SLC1A1,1,1
FOXK1,SLC26A2,1,1
FOXK1,SLC7A2,1,1
FOXK1,SMAP2,1,1
FOXK1,SOX5,1,1
FOXK1,SPHK2,1,1
FOXK1,SSFA2,1,1
FOXK1,ST6GAL1,1,1
FOXK1,STAG2,1,1
FOXK1,SUN1,1,1
FOXK1,SUN2,1,1
FOXK1,SWAP70,1,1
FOXK1,THOC2,1,1
FOXK1,TMEM14C,1,1
FOXK1,TMEM5,1,1
FOXK1,TMEM62,1,1
FOXK1,TMEM87A,1,1
FOXK1,TNRC18,1,1
FOXK1,TVP23B,1,1
FOXK1,ZBTB33,1,1
FOXK1,ZSCAN5A,1,1
ICOSLG,AC004980.7,1,1
ICOSLG,ANGPTL1,1,1
ICOSLG,ATP2B1,1,1
ICOSLG,CELSR1,1,1
ICOSLG,CEMIP,1,1
ICOSLG,DLX2,1,1
ICOSLG,DMRT2,1,1
ICOSLG,DUSP2,1,1
ICOSLG,EGR3,1,1
ICOSLG,ENG,1,1
ICOSLG,EPHB3,1,1
ICOSLG,F2RL1,1,1
ICOSLG,FAM102A,1,1
ICOSLG,FZD1,1,1
ICOSLG,IGFBP5,1,1
ICOSLG,IL27RA,1,1
ICOSLG,JKAMP,1,1
ICOSLG,KIAA0040,1,1
ICOSLG,LONRF2,1,1
ICOSLG,MGLL,1,1
ICOSLG,OLFML3,1,1
ICOSLG,PCDHA11,1,1
ICOSLG,PCDHA13,1,1
ICOSLG,PCDHGB1,1,1
ICOSLG,PRRX1,1,1
ICOSLG,RAB36,1,1
ICOSLG,RAB7B,1,1
ICOSLG,RC3H1,1,1
ICOSLG,RNF128,1,1
ICOSLG,SLC5A3,1,1
ICOSLG,SNED1,1,1
ICOSLG,SOX8,1,1
ICOSLG,SPRY4,1,1
ICOSLG,ST8SIA5,1,1
ICOSLG,SYTL5,1,1
ICOSLG,TBXAS1,1,1
ICOSLG,TGFA,1,1
ICOSLG,TIMP1,1,1
ICOSLG,TRAF4,1,1
ICOSLG,TRIM51,1,1
ICOSLG,TRIM51CP,1,1
PDLIM2,GLTSCR2,1,1
HIF1A,ADAM15,1,1
HIF1A,ANKRD19P,1,1
HIF1A,ASL,1,1
HIF1A,CASP10,1,1
HIF1A,CC2D1A,1,1
HIF1A,CD55,1,1
HIF1A,CEP70,1,1
HIF1A,CHST6,1,1
HIF1A,CMTM8,1,1
HIF1A,CNIH3,1,1
HIF1A,COPA,1,1
HIF1A,COPB2,1,1
HIF1A,DLX5,1,1
HIF1A,DYNLT3,1,1
HIF1A,EIF3I,1,1
HIF1A,ENOX1,1,1
HIF1A,ERCC6,1,1
HIF1A,ERLEC1,1,1
HIF1A,FAM133A,1,1
HIF1A,FAM46C,1,1
HIF1A,FKBP10,1,1
HIF1A,FMN2,1,1
HIF1A,FOXD2,1,1
HIF1A,FYB,1,1
HIF1A,GAPDH,1,1
HIF1A,GHR,1,1
HIF1A,GPC4,1,1
HIF1A,GPC6,1,1
HIF1A,GULP1,1,1
HIF1A,HACD3,1,1
HIF1A,HEY2,1,1
HIF1A,HMCES,1,1
HIF1A,HSPB8,1,1
HIF1A,IPO8,1,1
HIF1A,ITIH5,1,1
HIF1A,KDSR,1,1
HIF1A,KREMEN2,1,1
HIF1A,LBX2,1,1
HIF1A,LGALSL,1,1
HIF1A,LRP2,1,1
HIF1A,MAMDC2,1,1
HIF1A,ME1,1,1
HIF1A,MED17,1,1
HIF1A,MSN,1,1
HIF1A,MYO5B,1,1
HIF1A,OAZ1,1,1
HIF1A,OFD1,1,1
HIF1A,P3H1,1,1
HIF1A,PAQR7,1,1
HIF1A,PCCB,1,1
HIF1A,PCOLCE2,1,1
HIF1A,PGM3,1,1
HIF1A,PIEZO2,1,1
HIF1A,POLD2,1,1
HIF1A,PPP1R13B,1,1
HIF1A,PRDX6,1,1
HIF1A,PTCD2,1,1
HIF1A,PTGFRN,1,1
HIF1A,RABL6,1,1
HIF1A,RELL1,1,1
HIF1A,RNF152,1,1
HIF1A,RNF216,1,1
HIF1A,SEC14L1,1,1
HIF1A,SNTB1,1,1
HIF1A,SPARC,1,1
HIF1A,TBC1D10B,1,1
HIF1A,TGFB3,1,1
HIF1A,TMEM67,1,1
HIF1A,TNFRSF21,1,1
HIF1A,TPD52L1,1,1
HIF1A,TRPM3,1,1
HIF1A,TRPM8,1,1
HIF1A,ULBP2,1,1
HIF1A,UNC80,1,1
HIF1A,WWTR1,1,1
HIF1A,ZDHHC16,1,1
HIF1A,ZDHHC6,1,1
JMJD8,ARGLU1,1,1
JMJD8,KRBA1,1,1
JMJD8,MBTPS2,1,1
JMJD8,PIGA,1,1
JMJD8,RAB3GAP2,1,1
JMJD8,RPL17,1,1
JMJD8,SH3GLB2,1,1
THRB,ABCA8,1,1
THRB,AC004980.7,1,1
THRB,ACPP,1,1
THRB,ADGRB1,1,1
THRB,AFAP1L2,1,1
THRB,AGMO,1,1
THRB,AKAP6,1,1
THRB,ALG13,1,1
THRB,ALS2CR11,1,1
THRB,ANK3,1,1
THRB,ANKRD45,1,1
THRB,ARHGAP20,1,1
THRB,ARHGAP5,1,1
THRB,ARHGAP6,1,1
THRB,ARHGDIB,1,1
THRB,ART3,1,1
THRB,ASB3,1,1
THRB,ASB4,1,1
THRB,ASL,1,1
THRB,ASTN2,1,1
THRB,ATP1B1,1,1
THRB,ATP9A,1,1
THRB,B3GALT1,1,1
THRB,B3GNT7,1,1
THRB,B4GALNT3,1,1
THRB,BMP6,1,1
THRB,BST2,1,1
THRB,C1QTNF3,1,1
THRB,C1QTNF3-AMACR,1,1
THRB,CADM4,1,1
THRB,CBSL,1,1
THRB,CC2D1A,1,1
THRB,CCDC113,1,1
THRB,CDH12,1,1
THRB,CELSR1,1,1
THRB,CEP70,1,1
THRB,CHPF,1,1
THRB,CHURC1-FNTB,1,1
THRB,COL11A2,1,1
THRB,COL9A1,1,1
THRB,COL9A2,1,1
THRB,COL9A3,1,1
THRB,COLGALT2,1,1
THRB,CSGALNACT1,1,1
THRB,CSMD1,1,1
THRB,CT45A1,1,1
THRB,CT45A10,1,1
THRB,CT45A3,1,1
THRB,CT45A5,1,1
THRB,CT45A6,1,1
THRB,CT45A8,1,1
THRB,CT45A9,1,1
THRB,CT55,1,1
THRB,CTBP2,1,1
THRB,CYB561,1,1
THRB,DDX43,1,1
THRB,DGAT2,1,1
THRB,DMRT2,1,1
THRB,DMRTA1,1,1
THRB,DNAH9,1,1
THRB,DNAJB6,1,1
THRB,DNAJC30,1,1
THRB,DOK1,1,1
THRB,DSCR8,1,1
THRB,DYNLT3,1,1
THRB,EGFLAM,1,1
THRB,EIF1AXP1,1,1
THRB,EIF4H,1,1
THRB,EMILIN1,1,1
THRB,ENAH,1,1
THRB,EPHA3,1,1
THRB,EPHB3,1,1
THRB,ERLIN2,1,1
THRB,EYA2,1,1
THRB,FAM117B,1,1
THRB,FAM133A,1,1
THRB,FAM212B,1,1
THRB,FAM46C,1,1
THRB,FAM86B1,1,1
THRB,FMOD,1,1
THRB,FOLH1,1,1
THRB,FOXF1,1,1
THRB,FREM2,1,1
THRB,FSIP2,1,1
THRB,GABRG3,1,1
THRB,GALNT5,1,1
THRB,GDF15,1,1
THRB,GLI2,1,1
THRB,GLUD2,1,1
THRB,GPC1,1,1
THRB,GPC3,1,1
THRB,GPC4,1,1
THRB,GRIK4,1,1
THRB,GUCY1B3,1,1
THRB,HS3ST3B1,1,1
THRB,IGFBP2,1,1
THRB,IGFBP3,1,1
THRB,IL13RA2,1,1
THRB,IL27RA,1,1
THRB,IL6ST,1,1
THRB,ILK,1,1
THRB,ITGA10,1,1
THRB,ITGAX,1,1
THRB,ITIH5,1,1
THRB,ITIH6,1,1
THRB,ITPRIPL2,1,1
THRB,JARID2,1,1
THRB,KALRN,1,1
THRB,KCNC3,1,1
THRB,KDM5C,1,1
THRB,LAMA2,1,1
THRB,LAMA4,1,1
THRB,LAMB1,1,1
THRB,LIFR,1,1
THRB,LONRF2,1,1
THRB,LOXL3,1,1
THRB,LRRC75A,1,1
THRB,LYPLAL1,1,1
THRB,MAFB,1,1
THRB,MAGEA4,1,1
THRB,MAMDC2,1,1
THRB,MATK,1,1
THRB,MEOX2,1,1
THRB,MGP,1,1
THRB,MICALL2,1,1
THRB,MMP16,1,1
THRB,MRPS6,1,1
THRB,MYO3B,1,1
THRB,MYO5B,1,1
THRB,NDRG1,1,1
THRB,NDUFA8,1,1
THRB,NGRN,1,1
THRB,NKX2-5,1,1
THRB,NPHP1,1,1
THRB,NPTX1,1,1
THRB,NR0B1,1,1
THRB,NTN1,1,1
THRB,OAF,1,1
THRB,OLFML3,1,1
THRB,OPHN1,1,1
THRB,P3H1,1,1
THRB,P3H2,1,1
THRB,P3H4,1,1
THRB,PAPSS2,1,1
THRB,PATZ1,1,1
THRB,PCDH1,1,1
THRB,PCDHA1,1,1
THRB,PCDHA10,1,1
THRB,PCDHA11,1,1
THRB,PCDHA13,1,1
THRB,PCDHA7,1,1
THRB,PCDHAC2,1,1
THRB,PCDHB11,1,1
THRB,PCDHB15,1,1
THRB,PCDHB16,1,1
THRB,PCDHB17P,1,1
THRB,PCDHB2,1,1
THRB,PCDHB3,1,1
THRB,PCDHB5,1,1
THRB,PCDHB6,1,1
THRB,PCDHB7,1,1
THRB,PCDHGA3,1,1
THRB,PCDHGA7,1,1
THRB,PCDHGB1,1,1
THRB,PCOLCE,1,1
THRB,PCSK5,1,1
THRB,PDDC1,1,1
THRB,PITPNC1,1,1
THRB,PLBD1,1,1
THRB,PLEKHS1,1,1
THRB,PLXNB2,1,1
THRB,PLXNB3,1,1
THRB,PMS2CL,1,1
THRB,POU3F3,1,1
THRB,PPFIA4,1,1
THRB,PPIC,1,1
THRB,PPP2R2B,1,1
THRB,PRR4,1,1
THRB,PRRX1,1,1
THRB,PTGFRN,1,1
THRB,PTPRD,1,1
THRB,RAB7B,1,1
THRB,RADIL,1,1
THRB,RANBP17,1,1
THRB,RAPGEF5,1,1
THRB,RBMS1,1,1
THRB,RCC1L,1,1
THRB,RELN,1,1
THRB,RGS16,1,1
THRB,RNF152,1,1
THRB,ROBO1,1,1
THRB,RP11-111F5.5,1,1
THRB,RP11-111K18.1,1,1
THRB,RYR2,1,1
THRB,S100A13,1,1
THRB,SARM1,1,1
THRB,SBNO2,1,1
THRB,SCARA5,1,1
THRB,SCRG1,1,1
THRB,SDC2,1,1
THRB,SEC14L1,1,1
THRB,SEL1L3,1,1
THRB,SEMA3E,1,1
THRB,SERPINA3,1,1
THRB,SERPINE2,1,1
THRB,SLC1A3,1,1
THRB,SLC35E4,1,1
THRB,SLC39A4,1,1
THRB,SLC5A3,1,1
THRB,SMIM3,1,1
THRB,SMTN,1,1
THRB,SNED1,1,1
THRB,SPATS1,1,1
THRB,SREBF1,1,1
THRB,ST8SIA5,1,1
THRB,STK26,1,1
THRB,STK32B,1,1
THRB,SULF1,1,1
THRB,SYTL5,1,1
THRB,TBC1D10B,1,1
THRB,TBXAS1,1,1
THRB,TCAF2,1,1
THRB,TCN1,1,1
THRB,TDRD1,1,1
THRB,TENM1,1,1
THRB,TESC,1,1
THRB,TGFA,1,1
THRB,TGFB3,1,1
THRB,TIGD1,1,1
THRB,TIMP1,1,1
THRB,TNFAIP6,1,1
THRB,TRIM9,1,1
THRB,TRPM8,1,1
THRB,TSPAN13,1,1
THRB,TSR3,1,1
THRB,TYW1B,1,1
THRB,UNC13A,1,1
THRB,UNC5C,1,1
THRB,UPF3A,1,1
THRB,UROC1,1,1
THRB,USP9X,1,1
THRB,WBSCR22,1,1
THRB,WNK4,1,1
THRB,WWTR1,1,1
THRB,XIAP,1,1
THRB,ZBTB45P2,1,1
THRB,ZDHHC16,1,1
THRB,ZNF536,1,1
THRB,ZNF595,1,1
THRB,BP-21264C1.1,1,1
ACSS2,ALG13,1,1
ACSS2,ATOH8,1,1
ACSS2,ATP5SL,1,1
ACSS2,ATP9A,1,1
ACSS2,BST2,1,1
ACSS2,CELSR1,1,1
ACSS2,CHPF,1,1
ACSS2,CHST2,1,1
ACSS2,COL11A2,1,1
ACSS2,COL9A3,1,1
ACSS2,CSGALNACT1,1,1
ACSS2,DEPTOR,1,1
ACSS2,DOK1,1,1
ACSS2,EHD4,1,1
ACSS2,ERLIN2,1,1
ACSS2,GAS7,1,1
ACSS2,GDF15,1,1
ACSS2,GLUD1,1,1
ACSS2,GLUD2,1,1
ACSS2,GPC1,1,1
ACSS2,GPR37,1,1
ACSS2,GRIK2,1,1
ACSS2,HS3ST3B1,1,1
ACSS2,ID4,1,1
ACSS2,ITGA10,1,1
ACSS2,ITPR2,1,1
ACSS2,ITPRIPL2,1,1
ACSS2,KIFAP3,1,1
ACSS2,LAMA4,1,1
ACSS2,LAMB1,1,1
ACSS2,LMLN,1,1
ACSS2,LYPLAL1,1,1
ACSS2,MAFB,1,1
ACSS2,METTL21B,1,1
ACSS2,MMP15,1,1
ACSS2,NFIA,1,1
ACSS2,NPHP1,1,1
ACSS2,NR1D1,1,1
ACSS2,P3H1,1,1
ACSS2,P4HA2,1,1
ACSS2,PATZ1,1,1
ACSS2,PMS2CL,1,1
ACSS2,PPIC,1,1
ACSS2,PPP2R2D,1,1
ACSS2,RNASET2,1,1
ACSS2,ROBO1,1,1
ACSS2,S100A13,1,1
ACSS2,SCRG1,1,1
ACSS2,SDC2,1,1
ACSS2,SLC2A3,1,1
ACSS2,SLC39A4,1,1
ACSS2,SREBF1,1,1
ACSS2,TIMP1,1,1
ACSS2,TNFRSF19,1,1
ACSS2,TNS2,1,1
ACSS2,TOR3A,1,1
ACSS2,UPF3A,1,1
FNTB,ACTN2,1,1
FNTB,ADGRE5,1,1
FNTB,ALG13,1,1
FNTB,ANGPT1,1,1
FNTB,ANGPTL1,1,1
FNTB,AP3D1,1,1
FNTB,ARHGAP25,1,1
FNTB,ART3,1,1
FNTB,ASCC3,1,1
FNTB,ATG101,1,1
FNTB,ATP2B1,1,1
FNTB,BCAP31,1,1
FNTB,C1QTNF3,1,1
FNTB,CEMIP,1,1
FNTB,CEP170B,1,1
FNTB,CEP70,1,1
FNTB,COLGALT2,1,1
FNTB,CSGALNACT1,1,1
FNTB,CT45A5,1,1
FNTB,DGAT2,1,1
FNTB,DLX2,1,1
FNTB,DMRT2,1,1
FNTB,DNAAF5,1,1
FNTB,DOK1,1,1
FNTB,DUS3L,1,1
FNTB,DUSP2,1,1
FNTB,EBF1,1,1
FNTB,EIF1AX,1,1
FNTB,EPHA3,1,1
FNTB,FABP5,1,1
FNTB,FAM188B,1,1
FNTB,FAM198B,1,1
FNTB,FAM212B,1,1
FNTB,FAM46C,1,1
FNTB,GPC3,1,1
FNTB,HOXD13,1,1
FNTB,IGFBP5,1,1
FNTB,IL1RAP,1,1
FNTB,IL27RA,1,1
FNTB,JKAMP,1,1
FNTB,KCNC3,1,1
FNTB,KCNC4,1,1
FNTB,KCNK5,1,1
FNTB,KIAA0040,1,1
FNTB,LAMA4,1,1
FNTB,LONRF2,1,1
FNTB,LRRC59,1,1
FNTB,MATK,1,1
FNTB,ME1,1,1
FNTB,MMP16,1,1
FNTB,MRAP2,1,1
FNTB,MTUS1,1,1
FNTB,NOC2LP1,1,1
FNTB,NOMO3,1,1
FNTB,NPAS1,1,1
FNTB,NPTX1,1,1
FNTB,P3H2,1,1
FNTB,PHC2,1,1
FNTB,PIP5K1B,1,1
FNTB,PLXNB3,1,1
FNTB,PRDX6,1,1
FNTB,PTPN1,1,1
FNTB,RAB7B,1,1
FNTB,RBMS1,1,1
FNTB,RC3H1,1,1
FNTB,RNF128,1,1
FNTB,RNF152,1,1
FNTB,RPN1,1,1
FNTB,SARM1,1,1
FNTB,SEC61A1,1,1
FNTB,SERPINE2,1,1
FNTB,SH3KBP1,1,1
FNTB,SH3TC1,1,1
FNTB,SLC26A4,1,1
FNTB,SNAPC2,1,1
FNTB,SPRY4,1,1
FNTB,SRPRB,1,1
FNTB,STK32B,1,1
FNTB,STON2,1,1
FNTB,SUN1,1,1
FNTB,TDRD1,1,1
FNTB,TGFA,1,1
FNTB,TGFB3,1,1
FNTB,TIMP1,1,1
FNTB,TNFAIP6,1,1
FNTB,TOR1AIP2,1,1
FNTB,TOR3A,1,1
FNTB,TRAF4,1,1
FNTB,TRIM51,1,1
FNTB,TRIM51CP,1,1
FNTB,UNC13A,1,1
FNTB,UNC80,1,1
FNTB,XIAP,1,1
FNTB,XPR1,1,1
FNTB,ZNF654,1,1
FNTB,ZXDC,1,1
TCAF2,ABCF2,1,1
TCAF2,AC004980.7,1,1
TCAF2,ACPP,1,1
TCAF2,ADGRB1,1,1
TCAF2,ADORA2B,1,1
TCAF2,AFAP1L2,1,1
TCAF2,AGMO,1,1
TCAF2,ALS2CR11,1,1
TCAF2,ANGPTL1,1,1
TCAF2,ANK3,1,1
TCAF2,ARHGAP6,1,1
TCAF2,ART3,1,1
TCAF2,ATP1B1,1,1
TCAF2,ATP2B1,1,1
TCAF2,C17ORF96,1,1
TCAF2,C1QTNF3,1,1
TCAF2,C1QTNF3-AMACR,1,1
TCAF2,CCDC61,1,1
TCAF2,CD276,1,1
TCAF2,CEMIP,1,1
TCAF2,CHPF2,1,1
TCAF2,COL9A2,1,1
TCAF2,COLGALT2,1,1
TCAF2,CT45A10,1,1
TCAF2,CT45A3,1,1
TCAF2,CT45A5,1,1
TCAF2,CT45A8,1,1
TCAF2,CT45A9,1,1
TCAF2,CT55,1,1
TCAF2,DLX2,1,1
TCAF2,DMRT2,1,1
TCAF2,DMRTA1,1,1
TCAF2,DNAH9,1,1
TCAF2,DUSP2,1,1
TCAF2,EBF3,1,1
TCAF2,EGFLAM,1,1
TCAF2,EIF1AX,1,1
TCAF2,EIF4H,1,1
TCAF2,ENG,1,1
TCAF2,EPHB3,1,1
TCAF2,F2RL2,1,1
TCAF2,FAM117B,1,1
TCAF2,FAM212B,1,1
TCAF2,FAM86B1,1,1
TCAF2,FGF2,1,1
TCAF2,FGFRL1,1,1
TCAF2,FOXF1,1,1
TCAF2,FREM2,1,1
TCAF2,FSCN1,1,1
TCAF2,FSIP2,1,1
TCAF2,FST,1,1
TCAF2,GALNT5,1,1
TCAF2,GLI2,1,1
TCAF2,GTF2F1,1,1
TCAF2,IGFBP3,1,1
TCAF2,IGFBP5,1,1
TCAF2,IL13RA2,1,1
TCAF2,IL27RA,1,1
TCAF2,JKAMP,1,1
TCAF2,KALRN,1,1
TCAF2,KCNC3,1,1
TCAF2,KDM5C,1,1
TCAF2,KIAA1328,1,1
TCAF2,KIAA1671,1,1
TCAF2,L3HYPDH,1,1
TCAF2,LIFR,1,1
TCAF2,LIMS1,1,1
TCAF2,LONRF2,1,1
TCAF2,LOXL3,1,1
TCAF2,MAGEA4,1,1
TCAF2,MICALL2,1,1
TCAF2,MIPOL1,1,1
TCAF2,MMP16,1,1
TCAF2,MRPS6,1,1
TCAF2,NDRG1,1,1
TCAF2,NKX2-5,1,1
TCAF2,NR0B1,1,1
TCAF2,OAF,1,1
TCAF2,OLFML3,1,1
TCAF2,P2RY1,1,1
TCAF2,PAPSS2,1,1
TCAF2,PCDH1,1,1
TCAF2,PCDHA1,1,1
TCAF2,PCDHA10,1,1
TCAF2,PCDHA11,1,1
TCAF2,PCDHA13,1,1
TCAF2,PCDHA7,1,1
TCAF2,PCDHAC2,1,1
TCAF2,PCDHB12,1,1
TCAF2,PCDHB15,1,1
TCAF2,PCDHB16,1,1
TCAF2,PCDHB17P,1,1
TCAF2,PCDHB2,1,1
TCAF2,PCDHB3,1,1
TCAF2,PCDHB7,1,1
TCAF2,PCDHGA7,1,1
TCAF2,PCSK5,1,1
TCAF2,PHLDB1,1,1
TCAF2,PIP5K1B,1,1
TCAF2,POM121C,1,1
TCAF2,POU3F3,1,1
TCAF2,PRKAR1B,1,1
TCAF2,PRR4,1,1
TCAF2,PRRX1,1,1
TCAF2,PTPRD,1,1
TCAF2,RAB36,1,1
TCAF2,RAB7B,1,1
TCAF2,RBMS1,1,1
TCAF2,RELN,1,1
TCAF2,RNF128,1,1
TCAF2,RNF7,1,1
TCAF2,RP5-862P8.2,1,1
TCAF2,RYR2,1,1
TCAF2,SARM1,1,1
TCAF2,SCARA5,1,1
TCAF2,SCRG1,1,1
TCAF2,SERPINE2,1,1
TCAF2,SERTAD4,1,1
TCAF2,SLC35E4,1,1
TCAF2,SLC35G2,1,1
TCAF2,SLC43A2,1,1
TCAF2,SLC5A3,1,1
TCAF2,SNED1,1,1
TCAF2,ST8SIA5,1,1
TCAF2,SYTL5,1,1
TCAF2,TBXAS1,1,1
TCAF2,TCN1,1,1
TCAF2,TDRD1,1,1
TCAF2,TENM1,1,1
TCAF2,TESC,1,1
TCAF2,TGFA,1,1
TCAF2,TMEM2,1,1
TCAF2,TMTC3,1,1
TCAF2,TRIM51CP,1,1
TCAF2,TRIM9,1,1
TCAF2,TSPAN13,1,1
TCAF2,TYW1B,1,1
TCAF2,UNC13A,1,1
TCAF2,UNC5C,1,1
TCAF2,USP7,1,1
TCAF2,WBSCR22,1,1
TCAF2,WT1,1,1
TCAF2,YWHAG,1,1
TCAF2,ZBTB45P2,1,1
GPATCH1,CNDP2,1,1
GPATCH1,NDST1,1,1
GPATCH1,SH3RF3,1,1
CECR7,NOMO3,1,1
CECR7,ZXDC,1,1
FMN2,AARS2,1,1
FMN2,AC007040.11,1,1
FMN2,ACAD9,1,1
FMN2,ACTN2,1,1
FMN2,ADAM15,1,1
FMN2,ADAMTS9,1,1
FMN2,ADCY1,1,1
FMN2,AHR,1,1
FMN2,AMOT,1,1
FMN2,ANGPT1,1,1
FMN2,ANKRD54,1,1
FMN2,APOO,1,1
FMN2,ARHGAP25,1,1
FMN2,ASB9,1,1
FMN2,ASL,1,1
FMN2,ATR,1,1
FMN2,BCAP31,1,1
FMN2,BX004987.1,1,1
FMN2,C16ORF52,1,1
FMN2,CASP10,1,1
FMN2,CENPL,1,1
FMN2,CEP70,1,1
FMN2,CHST6,1,1
FMN2,CMTM8,1,1
FMN2,CNIH3,1,1
FMN2,COL19A1,1,1
FMN2,COLGALT1,1,1
FMN2,COPA,1,1
FMN2,COPB2,1,1
FMN2,CPD,1,1
FMN2,DARS2,1,1
FMN2,DLX5,1,1
FMN2,DPY19L1,1,1
FMN2,DUS3L,1,1
FMN2,EBF1,1,1
FMN2,EIF3I,1,1
FMN2,ENOX1,1,1
FMN2,EPDR1,1,1
FMN2,EPHA3,1,1
FMN2,ERLEC1,1,1
FMN2,EXOC1,1,1
FMN2,FABP5,1,1
FMN2,FAM133A,1,1
FMN2,FAM188B,1,1
FMN2,FAM198B,1,1
FMN2,FAM46C,1,1
FMN2,FCGR2A,1,1
FMN2,FGF13,1,1
FMN2,FKBP14,1,1
FMN2,FUCA2,1,1
FMN2,GAD1,1,1
FMN2,GAPDH,1,1
FMN2,GHR,1,1
FMN2,GPC3,1,1
FMN2,GPC4,1,1
FMN2,GPC6,1,1
FMN2,GPD2,1,1
FMN2,GULP1,1,1
FMN2,HMCES,1,1
FMN2,HOXD13,1,1
FMN2,IARS2,1,1
FMN2,ICAM1,1,1
FMN2,IL1RAP,1,1
FMN2,INTS10,1,1
FMN2,IPO8,1,1
FMN2,ITGA4,1,1
FMN2,JMJD4,1,1
FMN2,KCNK5,1,1
FMN2,KDELR2,1,1
FMN2,KDSR,1,1
FMN2,KIAA1191,1,1
FMN2,LAMB1,1,1
FMN2,LIG3,1,1
FMN2,LYPLAL1,1,1
FMN2,MBD4,1,1
FMN2,ME1,1,1
FMN2,MLLT10,1,1
FMN2,MRAP2,1,1
FMN2,MYD88,1,1
FMN2,NDUFA9,1,1
FMN2,NDUFAF2,1,1
FMN2,NOA1,1,1
FMN2,NOC2LP1,1,1
FMN2,NOMO3,1,1
FMN2,NPAS1,1,1
FMN2,OFD1,1,1
FMN2,P3H1,1,1
FMN2,P3H2,1,1
FMN2,PAQR7,1,1
FMN2,PCOLCE2,1,1
FMN2,PDGFRL,1,1
FMN2,PGF,1,1
FMN2,PGM1,1,1
FMN2,PGM3,1,1
FMN2,PHB,1,1
FMN2,PI15,1,1
FMN2,PIEZO2,1,1
FMN2,PLPP3,1,1
FMN2,PNMA2,1,1
FMN2,POLD2,1,1
FMN2,PPIA,1,1
FMN2,PRDX6,1,1
FMN2,PTGFRN,1,1
FMN2,RABL6,1,1
FMN2,RAD17,1,1
FMN2,RCN2,1,1
FMN2,RELL1,1,1
FMN2,RNF152,1,1
FMN2,RNF216,1,1
FMN2,ROR1,1,1
FMN2,RPN1,1,1
FMN2,RUFY1,1,1
FMN2,SCG2,1,1
FMN2,SEMA3D,1,1
FMN2,SH3KBP1,1,1
FMN2,SLC19A3,1,1
FMN2,SLC26A2,1,1
FMN2,SLC26A4,1,1
FMN2,SNTB1,1,1
FMN2,SPARC,1,1
FMN2,SRPRB,1,1
FMN2,STON2,1,1
FMN2,SUN1,1,1
FMN2,TBC1D10B,1,1
FMN2,TBRG4,1,1
FMN2,TGFB3,1,1
FMN2,TIMM44,1,1
FMN2,TMEM67,1,1
FMN2,TOR1AIP2,1,1
FMN2,TPD52L1,1,1
FMN2,TPGS2,1,1
FMN2,TPM3P9,1,1
FMN2,TVP23B,1,1
FMN2,UBASH3B,1,1
FMN2,ULBP2,1,1
FMN2,UNC80,1,1
FMN2,WWTR1,1,1
FMN2,ZDHHC16,1,1
FMN2,ZDHHC3,1,1
FMN2,ZNF593,1,1
FMN2,ZSCAN5A,1,1
PHLDA3,AL354822.1,1,1
PHLDA3,BX004987.1,1,1
PHLDA3,CASP10,1,1
PHLDA3,HSPB8,1,1
PHLDA3,IPO8,1,1
PHLDA3,LINC00116,1,1
PHLDA3,RNF215,1,1
PHLDA3,SNTB1,1,1
PHLDA3,ZDHHC6,1,1
PCDHA4,ACTG1,1,1
PCDHA4,ADORA2B,1,1
PCDHA4,ANK3,1,1
PCDHA4,ANKH,1,1
PCDHA4,BATF3,1,1
PCDHA4,C10ORF76,1,1
PCDHA4,C17ORF96,1,1
PCDHA4,C18ORF8,1,1
PCDHA4,C4ORF32,1,1
PCDHA4,CDK14,1,1
PCDHA4,CDKL1,1,1
PCDHA4,CPNE3,1,1
PCDHA4,DUSP23,1,1
PCDHA4,EHBP1,1,1
PCDHA4,EIF4H,1,1
PCDHA4,EPRS,1,1
PCDHA4,F12,1,1
PCDHA4,F2RL2,1,1
PCDHA4,FGF2,1,1
PCDHA4,FGFRL1,1,1
PCDHA4,FOXD2,1,1
PCDHA4,FREM2,1,1
PCDHA4,FSCN1,1,1
PCDHA4,FUT8,1,1
PCDHA4,HS6ST2,1,1
PCDHA4,ICAM5,1,1
PCDHA4,KDM5C,1,1
PCDHA4,KIAA1328,1,1
PCDHA4,KIAA1671,1,1
PCDHA4,L3HYPDH,1,1
PCDHA4,LANCL3,1,1
PCDHA4,LHX6,1,1
PCDHA4,LIMS1,1,1
PCDHA4,MAGEA4,1,1
PCDHA4,METTL7B,1,1
PCDHA4,MIPOL1,1,1
PCDHA4,MMP16,1,1
PCDHA4,MYO5B,1,1
PCDHA4,NFIC,1,1
PCDHA4,OAF,1,1
PCDHA4,OCIAD1,1,1
PCDHA4,OSMR,1,1
PCDHA4,PCDHA7,1,1
PCDHA4,PCDHAC2,1,1
PCDHA4,PCDHB12,1,1
PCDHA4,PCDHB16,1,1
PCDHA4,PCDHB7,1,1
PCDHA4,PKD1P5,1,1
PCDHA4,PRKAR1B,1,1
PCDHA4,PTPN12,1,1
PCDHA4,RNF7,1,1
PCDHA4,RP5-862P8.2,1,1
PCDHA4,RPS6KA3,1,1
PCDHA4,SCAMP5,1,1
PCDHA4,SERINC3,1,1
PCDHA4,SERPINH1,1,1
PCDHA4,SLC35G2,1,1
PCDHA4,SLC43A2,1,1
PCDHA4,SLC4A8,1,1
PCDHA4,SLC9A7,1,1
PCDHA4,SRPX2,1,1
PCDHA4,STYXL1,1,1
PCDHA4,SYAP1,1,1
PCDHA4,TSPAN13,1,1
PCDHA4,TYW1B,1,1
PCDHA4,UBA1,1,1
PCDHA4,VCAN,1,1
PCDHA4,WT1,1,1
PCDHA4,YKT6,1,1
PCDHA4,YWHAG,1,1
PCDHA4,ZNF335,1,1
PCDHA4,BP-21264C1.1,1,1
MED17,EIF3L,1,1
MED17,HSPB8,1,1
MED17,KREMEN2,1,1
MED17,LBX2,1,1
MED17,LGALSL,1,1
MED17,ZDHHC6,1,1
GBP2,ACP6,1,1
GBP2,ADA,1,1
GBP2,ASIC1,1,1
GBP2,BCL3,1,1
GBP2,CGREF1,1,1
GBP2,METTL22,1,1
GBP2,PNPLA4,1,1
GBP2,UBALD2,1,1
GBP2,WBSCR27,1,1
METRN,SCAF4,1,1
PRMT5,AGO2,1,1
PRMT5,COTL1,1,1
PRMT5,FXN,1,1
PRMT5,KLF16,1,1
PRMT5,LSM 12.00,1,1
PRMT5,MAGEA2,1,1
PRMT5,MPST,1,1
PRMT5,MRPL3,1,1
PRMT5,RCL1,1,1
PRMT5,RND3,1,1
PRMT5,SNRPB2,1,1
PRMT5,TDG,1,1
PRMT5,TXLNG,1,1
PRMT5,UBA5,1,1
PRMT5,WDR11,1,1
PRMT5,YKT6,1,1
PRMT5,ZFX,1,1
GDF15,ABCA8,1,1
GDF15,ACAD11,1,1
GDF15,ADGRB1,1,1
GDF15,ADGRL1,1,1
GDF15,AFAP1L2,1,1
GDF15,AGMO,1,1
GDF15,AKAP6,1,1
GDF15,ALG13,1,1
GDF15,ANKRD45,1,1
GDF15,ARHGAP20,1,1
GDF15,ARHGAP6,1,1
GDF15,ARHGDIB,1,1
GDF15,ASB4,1,1
GDF15,ASTN2,1,1
GDF15,ATOH8,1,1
GDF15,ATP11C,1,1
GDF15,ATP9A,1,1
GDF15,AZGP1,1,1
GDF15,B3GALT1,1,1
GDF15,B3GNT7,1,1
GDF15,B4GALNT3,1,1
GDF15,BMP6,1,1
GDF15,BST2,1,1
GDF15,C12ORF60,1,1
GDF15,C1QTNF3-AMACR,1,1
GDF15,C1ORF115,1,1
GDF15,CACNA1H,1,1
GDF15,CADM4,1,1
GDF15,CBSL,1,1
GDF15,CC2D1A,1,1
GDF15,CCM2,1,1
GDF15,CDH12,1,1
GDF15,CHPF,1,1
GDF15,CHURC1-FNTB,1,1
GDF15,COL11A2,1,1
GDF15,COL9A1,1,1
GDF15,COL9A2,1,1
GDF15,COL9A3,1,1
GDF15,CSGALNACT1,1,1
GDF15,CSMD1,1,1
GDF15,CT45A1,1,1
GDF15,CT45A10,1,1
GDF15,CT45A3,1,1
GDF15,CT45A5,1,1
GDF15,CT45A6,1,1
GDF15,CT45A8,1,1
GDF15,CT45A9,1,1
GDF15,CT55,1,1
GDF15,CXORF57,1,1
GDF15,CYB561,1,1
GDF15,DDX43,1,1
GDF15,DEPTOR,1,1
GDF15,DGAT2,1,1
GDF15,DNAH9,1,1
GDF15,DNAJB6,1,1
GDF15,DNAJC30,1,1
GDF15,DOK1,1,1
GDF15,DSCR8,1,1
GDF15,EGFLAM,1,1
GDF15,EMILIN1,1,1
GDF15,EPB41L2,1,1
GDF15,ERLIN2,1,1
GDF15,EYA2,1,1
GDF15,FAM133A,1,1
GDF15,FAM212B,1,1
GDF15,FAM46C,1,1
GDF15,FAM86B1,1,1
GDF15,FBF1,1,1
GDF15,FMOD,1,1
GDF15,FOLH1,1,1
GDF15,FOXP2,1,1
GDF15,FUNDC1,1,1
GDF15,GABRG3,1,1
GDF15,GALNT5,1,1
GDF15,GLUD2,1,1
GDF15,GPC1,1,1
GDF15,GPC3,1,1
GDF15,GPC4,1,1
GDF15,GPR37,1,1
GDF15,GRIK2,1,1
GDF15,GRIK4,1,1
GDF15,GUCY1B3,1,1
GDF15,HK1,1,1
GDF15,HS3ST3B1,1,1
GDF15,IFI16,1,1
GDF15,IGFBP2,1,1
GDF15,IL13RA2,1,1
GDF15,INSR,1,1
GDF15,ITGA10,1,1
GDF15,ITIH5,1,1
GDF15,ITIH6,1,1
GDF15,ITPRIPL2,1,1
GDF15,JARID2,1,1
GDF15,JSRP1,1,1
GDF15,KALRN,1,1
GDF15,KCNC3,1,1
GDF15,KIFAP3,1,1
GDF15,LAMA2,1,1
GDF15,LAMA4,1,1
GDF15,LAMB1,1,1
GDF15,LAMC3,1,1
GDF15,LDLRAP1,1,1
GDF15,LOXL3,1,1
GDF15,LPCAT3,1,1
GDF15,LRP2,1,1
GDF15,MAFB,1,1
GDF15,MAP2,1,1
GDF15,MAP7D3,1,1
GDF15,MAPRE3,1,1
GDF15,MATK,1,1
GDF15,MDH2,1,1
GDF15,MEOX2,1,1
GDF15,MGP,1,1
GDF15,MORN2,1,1
GDF15,MYO3B,1,1
GDF15,NAP1L5,1,1
GDF15,NDUFA8,1,1
GDF15,NFIA,1,1
GDF15,NKX2-5,1,1
GDF15,NPHP1,1,1
GDF15,NPTX1,1,1
GDF15,NR0B1,1,1
GDF15,NR1D1,1,1
GDF15,NSUN5,1,1
GDF15,NTN1,1,1
GDF15,P3H1,1,1
GDF15,P3H2,1,1
GDF15,PAPSS2,1,1
GDF15,PATZ1,1,1
GDF15,PCDHA1,1,1
GDF15,PCDHA10,1,1
GDF15,PCDHB11,1,1
GDF15,PCDHB15,1,1
GDF15,PCDHB17P,1,1
GDF15,PCDHB3,1,1
GDF15,PCDHB5,1,1
GDF15,PCDHB6,1,1
GDF15,PCDHB7,1,1
GDF15,PCDHGA7,1,1
GDF15,PCOLCE,1,1
GDF15,PCSK5,1,1
GDF15,PDDC1,1,1
GDF15,PITPNC1,1,1
GDF15,PLBD1,1,1
GDF15,PLEKHS1,1,1
GDF15,PLXNB2,1,1
GDF15,PMS2CL,1,1
GDF15,POU3F3,1,1
GDF15,PPFIA4,1,1
GDF15,PPIC,1,1
GDF15,PPP2R2B,1,1
GDF15,PPP3CB,1,1
GDF15,PRKCD,1,1
GDF15,PTCHD4,1,1
GDF15,PTGFRN,1,1
GDF15,PTPRD,1,1
GDF15,RADIL,1,1
GDF15,RCC1L,1,1
GDF15,RELN,1,1
GDF15,RNASET2,1,1
GDF15,ROBO1,1,1
GDF15,RORA,1,1
GDF15,RP11-111F5.5,1,1
GDF15,RP11-958N24.2,1,1
GDF15,RYR2,1,1
GDF15,S100A13,1,1
GDF15,SBNO2,1,1
GDF15,SCARA5,1,1
GDF15,SCRG1,1,1
GDF15,SDC2,1,1
GDF15,SDK2,1,1
GDF15,SEL1L3,1,1
GDF15,SEMA3E,1,1
GDF15,SERPINA3,1,1
GDF15,SERPINE2,1,1
GDF15,SEZ6L2,1,1
GDF15,SLC2A3,1,1
GDF15,SLC39A4,1,1
GDF15,SMIM3,1,1
GDF15,SOD3,1,1
GDF15,SPATS1,1,1
GDF15,SREBF1,1,1
GDF15,STAT3,1,1
GDF15,STK32B,1,1
GDF15,SULF1,1,1
GDF15,TENM1,1,1
GDF15,TESC,1,1
GDF15,TGFB3,1,1
GDF15,TIMM10B,1,1
GDF15,TNFAIP6,1,1
GDF15,TNS2,1,1
GDF15,TPD52L1,1,1
GDF15,TRAFD1,1,1
GDF15,TRIM9,1,1
GDF15,TRPM8,1,1
GDF15,UNC13A,1,1
GDF15,UNC5C,1,1
GDF15,UPF3A,1,1
GDF15,UROC1,1,1
GDF15,USP9X,1,1
GDF15,VPS25,1,1
GDF15,WNK4,1,1
GDF15,XYLT1,1,1
GDF15,ZNF536,1,1
GDF15,ZNF595,1,1
GDF15,ZNF841,1,1
PCDHB3,ABCA8,1,1
PCDHB3,AC004980.7,1,1
PCDHB3,ACPP,1,1
PCDHB3,ADGRB1,1,1
PCDHB3,AFAP1L2,1,1
PCDHB3,AGMO,1,1
PCDHB3,AKAP6,1,1
PCDHB3,ALG13,1,1
PCDHB3,ALS2CR11,1,1
PCDHB3,ANGPTL1,1,1
PCDHB3,ANK3,1,1
PCDHB3,ANKRD45,1,1
PCDHB3,ARCN1,1,1
PCDHB3,ARHGAP20,1,1
PCDHB3,ARHGAP5,1,1
PCDHB3,ARHGAP6,1,1
PCDHB3,ARHGDIB,1,1
PCDHB3,ART3,1,1
PCDHB3,ASB3,1,1
PCDHB3,ASB4,1,1
PCDHB3,ASL,1,1
PCDHB3,ASTN2,1,1
PCDHB3,ATP11C,1,1
PCDHB3,ATP1B1,1,1
PCDHB3,ATP2B1,1,1
PCDHB3,ATP9A,1,1
PCDHB3,B3GALT1,1,1
PCDHB3,B3GNT7,1,1
PCDHB3,B4GALNT3,1,1
PCDHB3,BMP6,1,1
PCDHB3,BST2,1,1
PCDHB3,C1QTNF3,1,1
PCDHB3,C1QTNF3-AMACR,1,1
PCDHB3,CADM4,1,1
PCDHB3,CBSL,1,1
PCDHB3,CC2D1A,1,1
PCDHB3,CD276,1,1
PCDHB3,CDH12,1,1
PCDHB3,CELSR1,1,1
PCDHB3,CEP70,1,1
PCDHB3,CHURC1-FNTB,1,1
PCDHB3,COL11A2,1,1
PCDHB3,COL9A1,1,1
PCDHB3,COL9A2,1,1
PCDHB3,COL9A3,1,1
PCDHB3,COLGALT2,1,1
PCDHB3,CSGALNACT1,1,1
PCDHB3,CSMD1,1,1
PCDHB3,CT45A1,1,1
PCDHB3,CT45A10,1,1
PCDHB3,CT45A3,1,1
PCDHB3,CT45A5,1,1
PCDHB3,CT45A6,1,1
PCDHB3,CT45A8,1,1
PCDHB3,CT45A9,1,1
PCDHB3,CT55,1,1
PCDHB3,CTBP2,1,1
PCDHB3,CYB561,1,1
PCDHB3,DDX43,1,1
PCDHB3,DEPTOR,1,1
PCDHB3,DGAT2,1,1
PCDHB3,DMRT2,1,1
PCDHB3,DMRTA1,1,1
PCDHB3,DNAH9,1,1
PCDHB3,DNAJB6,1,1
PCDHB3,DNAJC30,1,1
PCDHB3,DOK1,1,1
PCDHB3,DSCR8,1,1
PCDHB3,DYNLT3,1,1
PCDHB3,EGFLAM,1,1
PCDHB3,EIF1AXP1,1,1
PCDHB3,EIF4H,1,1
PCDHB3,EMILIN1,1,1
PCDHB3,ENAH,1,1
PCDHB3,ENG,1,1
PCDHB3,EPHA3,1,1
PCDHB3,EPHB3,1,1
PCDHB3,ERLIN2,1,1
PCDHB3,EYA2,1,1
PCDHB3,FAM117B,1,1
PCDHB3,FAM133A,1,1
PCDHB3,FAM212B,1,1
PCDHB3,FAM46C,1,1
PCDHB3,FAM86B1,1,1
PCDHB3,FMOD,1,1
PCDHB3,FOLH1,1,1
PCDHB3,FOXF1,1,1
PCDHB3,FREM2,1,1
PCDHB3,FSIP2,1,1
PCDHB3,GALNT5,1,1
PCDHB3,GLI2,1,1
PCDHB3,GLUD2,1,1
PCDHB3,GPC1,1,1
PCDHB3,GPC3,1,1
PCDHB3,GPC4,1,1
PCDHB3,GRIK4,1,1
PCDHB3,GUCY1B3,1,1
PCDHB3,HS3ST3B1,1,1
PCDHB3,IGFBP2,1,1
PCDHB3,IGFBP3,1,1
PCDHB3,IGFBP5,1,1
PCDHB3,IL13RA2,1,1
PCDHB3,IL27RA,1,1
PCDHB3,IL6ST,1,1
PCDHB3,ILK,1,1
PCDHB3,ITGA10,1,1
PCDHB3,ITIH5,1,1
PCDHB3,ITIH6,1,1
PCDHB3,ITPRIPL2,1,1
PCDHB3,JARID2,1,1
PCDHB3,KALRN,1,1
PCDHB3,KCNC3,1,1
PCDHB3,KDM5C,1,1
PCDHB3,LAMA2,1,1
PCDHB3,LAMA4,1,1
PCDHB3,LAMB1,1,1
PCDHB3,LIFR,1,1
PCDHB3,LONRF2,1,1
PCDHB3,LOXL3,1,1
PCDHB3,LRRC75A,1,1
PCDHB3,LYPLAL1,1,1
PCDHB3,MAFB,1,1
PCDHB3,MAGEA4,1,1
PCDHB3,MAMDC2,1,1
PCDHB3,MATK,1,1
PCDHB3,MEOX2,1,1
PCDHB3,MGP,1,1
PCDHB3,MICALL2,1,1
PCDHB3,MMP16,1,1
PCDHB3,MRPS6,1,1
PCDHB3,MYO3B,1,1
PCDHB3,MYO5B,1,1
PCDHB3,NDRG1,1,1
PCDHB3,NDUFA8,1,1
PCDHB3,NGRN,1,1
PCDHB3,NKX2-5,1,1
PCDHB3,NPAS1,1,1
PCDHB3,NPHP1,1,1
PCDHB3,NPTX1,1,1
PCDHB3,NR0B1,1,1
PCDHB3,NSUN5,1,1
PCDHB3,NTN1,1,1
PCDHB3,OAF,1,1
PCDHB3,OLFML3,1,1
PCDHB3,P3H1,1,1
PCDHB3,P3H2,1,1
PCDHB3,P3H4,1,1
PCDHB3,PAPSS2,1,1
PCDHB3,PATZ1,1,1
PCDHB3,PCDH1,1,1
PCDHB3,PCDHA1,1,1
PCDHB3,PCDHA10,1,1
PCDHB3,PCDHA11,1,1
PCDHB3,PCDHA13,1,1
PCDHB3,PCDHA7,1,1
PCDHB3,PCDHAC2,1,1
PCDHB3,PCDHB11,1,1
PCDHB3,PCDHB15,1,1
PCDHB3,PCDHB16,1,1
PCDHB3,PCDHB17P,1,1
PCDHB3,PCDHB2,1,1
PCDHB3,PCDHB5,1,1
PCDHB3,PCDHB6,1,1
PCDHB3,PCDHB7,1,1
PCDHB3,PCDHGA3,1,1
PCDHB3,PCDHGA7,1,1
PCDHB3,PCDHGB1,1,1
PCDHB3,PCOLCE,1,1
PCDHB3,PCSK5,1,1
PCDHB3,PDDC1,1,1
PCDHB3,PITPNC1,1,1
PCDHB3,PLBD1,1,1
PCDHB3,PLEKHS1,1,1
PCDHB3,PLXNB2,1,1
PCDHB3,PLXNB3,1,1
PCDHB3,PMS2CL,1,1
PCDHB3,POU3F3,1,1
PCDHB3,PPFIA4,1,1
PCDHB3,PPIC,1,1
PCDHB3,PPP2R2B,1,1
PCDHB3,PRR4,1,1
PCDHB3,PRRX1,1,1
PCDHB3,PTGFRN,1,1
PCDHB3,PTPRD,1,1
PCDHB3,RAB7B,1,1
PCDHB3,RADIL,1,1
PCDHB3,RANBP17,1,1
PCDHB3,RBMS1,1,1
PCDHB3,RCC1L,1,1
PCDHB3,RELN,1,1
PCDHB3,RGS16,1,1
PCDHB3,RNASET2,1,1
PCDHB3,RNF152,1,1
PCDHB3,ROBO1,1,1
PCDHB3,RP11-111F5.5,1,1
PCDHB3,RP11-111K18.1,1,1
PCDHB3,RPN1,1,1
PCDHB3,RYR2,1,1
PCDHB3,S100A13,1,1
PCDHB3,SARM1,1,1
PCDHB3,SBNO2,1,1
PCDHB3,SCARA5,1,1
PCDHB3,SCRG1,1,1
PCDHB3,SDC2,1,1
PCDHB3,SEC14L1,1,1
PCDHB3,SEL1L3,1,1
PCDHB3,SERPINA3,1,1
PCDHB3,SERPINE2,1,1
PCDHB3,SLC1A3,1,1
PCDHB3,SLC35E4,1,1
PCDHB3,SLC39A4,1,1
PCDHB3,SLC43A2,1,1
PCDHB3,SLC5A3,1,1
PCDHB3,SMIM3,1,1
PCDHB3,SNED1,1,1
PCDHB3,SPATS1,1,1
PCDHB3,SPRY4,1,1
PCDHB3,ST8SIA5,1,1
PCDHB3,STK26,1,1
PCDHB3,STK32B,1,1
PCDHB3,SULF1,1,1
PCDHB3,SYTL5,1,1
PCDHB3,TBC1D10B,1,1
PCDHB3,TBXAS1,1,1
PCDHB3,TCN1,1,1
PCDHB3,TDRD1,1,1
PCDHB3,TENM1,1,1
PCDHB3,TESC,1,1
PCDHB3,TGFA,1,1
PCDHB3,TGFB3,1,1
PCDHB3,TIGD1,1,1
PCDHB3,TIMP1,1,1
PCDHB3,TNFAIP6,1,1
PCDHB3,TOR1AIP2,1,1
PCDHB3,TRIM51CP,1,1
PCDHB3,TRIM9,1,1
PCDHB3,TRPM8,1,1
PCDHB3,TSPAN13,1,1
PCDHB3,TSR3,1,1
PCDHB3,TYW1B,1,1
PCDHB3,UNC13A,1,1
PCDHB3,UNC5C,1,1
PCDHB3,UPF3A,1,1
PCDHB3,UROC1,1,1
PCDHB3,WBSCR22,1,1
PCDHB3,WNK4,1,1
PCDHB3,WWTR1,1,1
PCDHB3,XIAP,1,1
PCDHB3,XPR1,1,1
PCDHB3,XYLT1,1,1
PCDHB3,ZBTB45P2,1,1
PCDHB3,ZDHHC16,1,1
PCDHB3,ZNF536,1,1
PCDHB3,ZNF595,1,1
PCDHB3,BP-21264C1.1,1,1
FAM46A,CHRNA6,1,1
FAM46A,CLEC2B,1,1
FAM46A,DOCK4,1,1
FAM46A,DPY19L1,1,1
FAM46A,EDEM3,1,1
FAM46A,ETV1,1,1
FAM46A,LRIG1,1,1
FAM46A,MAML2,1,1
FAM46A,P4HA1,1,1
FAM46A,SHROOM1,1,1
FAM46A,SHROOM4,1,1
FAM46A,SLC1A1,1,1
FAM46A,ST6GAL1,1,1
FAM46A,TMEM5,1,1
FAM46A,TNRC18,1,1
ACPP,ABCA8,1,1
ACPP,AC004980.7,1,1
ACPP,ADGRB1,1,1
ACPP,AFAP1L2,1,1
ACPP,AGMO,1,1
ACPP,AKAP6,1,1
ACPP,ALG13,1,1
ACPP,ALS2CR11,1,1
ACPP,ANGPTL1,1,1
ACPP,ANK3,1,1
ACPP,ANKRD45,1,1
ACPP,ARCN1,1,1
ACPP,ARHGAP5,1,1
ACPP,ARHGAP6,1,1
ACPP,ART3,1,1
ACPP,ASB3,1,1
ACPP,ASTN2,1,1
ACPP,ATP11C,1,1
ACPP,ATP1B1,1,1
ACPP,ATP2B1,1,1
ACPP,ATP9A,1,1
ACPP,B3GNT7,1,1
ACPP,B4GALNT3,1,1
ACPP,BST2,1,1
ACPP,C1QTNF3,1,1
ACPP,C1QTNF3-AMACR,1,1
ACPP,CD276,1,1
ACPP,CDH12,1,1
ACPP,CELSR1,1,1
ACPP,CEP70,1,1
ACPP,CHURC1-FNTB,1,1
ACPP,COL11A2,1,1
ACPP,COL9A2,1,1
ACPP,COL9A3,1,1
ACPP,COLGALT2,1,1
ACPP,CSGALNACT1,1,1
ACPP,CT45A1,1,1
ACPP,CT45A10,1,1
ACPP,CT45A3,1,1
ACPP,CT45A5,1,1
ACPP,CT45A8,1,1
ACPP,CT45A9,1,1
ACPP,CT55,1,1
ACPP,CXCL16,1,1
ACPP,DDX43,1,1
ACPP,DGAT2,1,1
ACPP,DLX2,1,1
ACPP,DMRT2,1,1
ACPP,DMRTA1,1,1
ACPP,DNAH9,1,1
ACPP,DOK1,1,1
ACPP,DYNLT3,1,1
ACPP,EGFLAM,1,1
ACPP,EIF1AXP1,1,1
ACPP,EIF4H,1,1
ACPP,ENAH,1,1
ACPP,ENG,1,1
ACPP,EPHA3,1,1
ACPP,EPHB3,1,1
ACPP,ERLIN2,1,1
ACPP,EYA2,1,1
ACPP,FAM117B,1,1
ACPP,FAM133A,1,1
ACPP,FAM212B,1,1
ACPP,FAM46C,1,1
ACPP,FAM86B1,1,1
ACPP,FOXF1,1,1
ACPP,FREM2,1,1
ACPP,FSIP2,1,1
ACPP,GALNT5,1,1
ACPP,GLI2,1,1
ACPP,GLUD2,1,1
ACPP,GPC1,1,1
ACPP,GPC3,1,1
ACPP,GRIK4,1,1
ACPP,IGFBP2,1,1
ACPP,IGFBP3,1,1
ACPP,IGFBP5,1,1
ACPP,IL13RA2,1,1
ACPP,IL27RA,1,1
ACPP,IL6ST,1,1
ACPP,ITIH6,1,1
ACPP,ITPR2,1,1
ACPP,ITPRIPL2,1,1
ACPP,JARID2,1,1
ACPP,JKAMP,1,1
ACPP,KALRN,1,1
ACPP,KCNC3,1,1
ACPP,KDM5C,1,1
ACPP,KIAA0040,1,1
ACPP,LAMA4,1,1
ACPP,LIFR,1,1
ACPP,LIMS3,1,1
ACPP,LMLN,1,1
ACPP,LONRF2,1,1
ACPP,LOXL3,1,1
ACPP,MAFB,1,1
ACPP,MAGEA4,1,1
ACPP,MATK,1,1
ACPP,MEOX2,1,1
ACPP,MGP,1,1
ACPP,MICALL2,1,1
ACPP,MMP16,1,1
ACPP,MRPS6,1,1
ACPP,NDRG1,1,1
ACPP,NKX2-5,1,1
ACPP,NPTX1,1,1
ACPP,NR0B1,1,1
ACPP,OAF,1,1
ACPP,OLFML3,1,1
ACPP,P3H2,1,1
ACPP,PAPSS2,1,1
ACPP,PATZ1,1,1
ACPP,PCDH1,1,1
ACPP,PCDHA1,1,1
ACPP,PCDHA10,1,1
ACPP,PCDHA11,1,1
ACPP,PCDHA13,1,1
ACPP,PCDHA7,1,1
ACPP,PCDHB15,1,1
ACPP,PCDHB16,1,1
ACPP,PCDHB17P,1,1
ACPP,PCDHB2,1,1
ACPP,PCDHB5,1,1
ACPP,PCDHB6,1,1
ACPP,PCDHB7,1,1
ACPP,PCDHGA3,1,1
ACPP,PCDHGA7,1,1
ACPP,PCDHGB1,1,1
ACPP,PCSK5,1,1
ACPP,PDDC1,1,1
ACPP,PLBD1,1,1
ACPP,PLEKHS1,1,1
ACPP,PLXNB2,1,1
ACPP,PLXNB3,1,1
ACPP,POU3F3,1,1
ACPP,PPFIA4,1,1
ACPP,PRR4,1,1
ACPP,PRRX1,1,1
ACPP,PTPRD,1,1
ACPP,RAB36,1,1
ACPP,RAB7B,1,1
ACPP,RBMS1,1,1
ACPP,RCC1L,1,1
ACPP,RELN,1,1
ACPP,RGS5,1,1
ACPP,RNF128,1,1
ACPP,ROBO1,1,1
ACPP,RPN1,1,1
ACPP,RYR2,1,1
ACPP,S100A13,1,1
ACPP,SARM1,1,1
ACPP,SCARA5,1,1
ACPP,SCRG1,1,1
ACPP,SEL1L3,1,1
ACPP,SERPINE2,1,1
ACPP,SLC35E4,1,1
ACPP,SLC43A2,1,1
ACPP,SLC5A3,1,1
ACPP,SNED1,1,1
ACPP,SOX8,1,1
ACPP,SPRY4,1,1
ACPP,ST8SIA5,1,1
ACPP,STK32B,1,1
ACPP,SULF1,1,1
ACPP,SYTL5,1,1
ACPP,TBXAS1,1,1
ACPP,TCN1,1,1
ACPP,TDRD1,1,1
ACPP,TENM1,1,1
ACPP,TESC,1,1
ACPP,TGFA,1,1
ACPP,TGFB3,1,1
ACPP,TIMP1,1,1
ACPP,TNFAIP6,1,1
ACPP,TRIM47,1,1
ACPP,TRIM51CP,1,1
ACPP,TRIM9,1,1
ACPP,UNC13A,1,1
ACPP,UNC5C,1,1
ACPP,UPF3A,1,1
ACPP,WBSCR22,1,1
ACPP,WWTR1,1,1
ACPP,XIAP,1,1
ACPP,XYLT1,1,1
ACPP,ZBTB45P2,1,1
ACPP,ZNF595,1,1
ROBO1,ABCA8,1,1
ROBO1,AC004980.7,1,1
ROBO1,ACTN2,1,1
ROBO1,ADGRB1,1,1
ROBO1,AFAP1L2,1,1
ROBO1,AGMO,1,1
ROBO1,AKAP6,1,1
ROBO1,ALG13,1,1
ROBO1,ANGPT1,1,1
ROBO1,ANKRD45,1,1
ROBO1,ARHGAP20,1,1
ROBO1,ARHGAP5,1,1
ROBO1,ARHGAP6,1,1
ROBO1,ARHGDIB,1,1
ROBO1,ART3,1,1
ROBO1,ASB3,1,1
ROBO1,ASB4,1,1
ROBO1,ASTN2,1,1
ROBO1,ATP11C,1,1
ROBO1,ATP1B1,1,1
ROBO1,ATP2B1,1,1
ROBO1,ATP9A,1,1
ROBO1,B3GALT1,1,1
ROBO1,B3GNT7,1,1
ROBO1,B4GALNT3,1,1
ROBO1,BMP6,1,1
ROBO1,BST2,1,1
ROBO1,C1QTNF3,1,1
ROBO1,C1QTNF3-AMACR,1,1
ROBO1,C1ORF115,1,1
ROBO1,CACNA1H,1,1
ROBO1,CADM4,1,1
ROBO1,CBSL,1,1
ROBO1,CC2D1A,1,1
ROBO1,CELSR1,1,1
ROBO1,CEMIP,1,1
ROBO1,CEP70,1,1
ROBO1,CHPF,1,1
ROBO1,CHURC1-FNTB,1,1
ROBO1,COL11A2,1,1
ROBO1,COL9A2,1,1
ROBO1,COL9A3,1,1
ROBO1,COLGALT2,1,1
ROBO1,CSGALNACT1,1,1
ROBO1,CSMD1,1,1
ROBO1,CT45A1,1,1
ROBO1,CT45A10,1,1
ROBO1,CT45A3,1,1
ROBO1,CT45A5,1,1
ROBO1,CT45A6,1,1
ROBO1,CT45A8,1,1
ROBO1,CT45A9,1,1
ROBO1,CT55,1,1
ROBO1,CXORF57,1,1
ROBO1,CYB561,1,1
ROBO1,DDX43,1,1
ROBO1,DEPTOR,1,1
ROBO1,DGAT2,1,1
ROBO1,DMRT2,1,1
ROBO1,DMRTA1,1,1
ROBO1,DNAH9,1,1
ROBO1,DNAJC30,1,1
ROBO1,DOK1,1,1
ROBO1,DSCR8,1,1
ROBO1,DUSP2,1,1
ROBO1,DYNLT3,1,1
ROBO1,EGFLAM,1,1
ROBO1,EMILIN1,1,1
ROBO1,ENAH,1,1
ROBO1,ENG,1,1
ROBO1,EPB41L2,1,1
ROBO1,EPHA3,1,1
ROBO1,EPHB3,1,1
ROBO1,ERLIN2,1,1
ROBO1,EYA2,1,1
ROBO1,FAM117B,1,1
ROBO1,FAM133A,1,1
ROBO1,FAM188B,1,1
ROBO1,FAM198B,1,1
ROBO1,FAM212B,1,1
ROBO1,FAM46C,1,1
ROBO1,FAM86B1,1,1
ROBO1,FKBP9P1,1,1
ROBO1,FMOD,1,1
ROBO1,FOLH1,1,1
ROBO1,FOXF1,1,1
ROBO1,FREM2,1,1
ROBO1,FSIP2,1,1
ROBO1,GALNT5,1,1
ROBO1,GLUD2,1,1
ROBO1,GPC1,1,1
ROBO1,GPC3,1,1
ROBO1,GPC4,1,1
ROBO1,GPR37,1,1
ROBO1,GRIK4,1,1
ROBO1,GUCY1B3,1,1
ROBO1,HS3ST3B1,1,1
ROBO1,IARS2,1,1
ROBO1,ID4,1,1
ROBO1,IFI16,1,1
ROBO1,IGFBP2,1,1
ROBO1,IGFBP5,1,1
ROBO1,IL13RA2,1,1
ROBO1,IL27RA,1,1
ROBO1,IL6ST,1,1
ROBO1,INTS10,1,1
ROBO1,ITGA10,1,1
ROBO1,ITIH5,1,1
ROBO1,ITIH6,1,1
ROBO1,ITPR2,1,1
ROBO1,ITPRIPL2,1,1
ROBO1,JARID2,1,1
ROBO1,JKAMP,1,1
ROBO1,KALRN,1,1
ROBO1,KCNC3,1,1
ROBO1,KDR,1,1
ROBO1,KIFAP3,1,1
ROBO1,LAMA2,1,1
ROBO1,LAMA4,1,1
ROBO1,LAMB1,1,1
ROBO1,LAMC3,1,1
ROBO1,LMLN,1,1
ROBO1,LONRF2,1,1
ROBO1,LOXL3,1,1
ROBO1,LRRC75A,1,1
ROBO1,LYPLAL1,1,1
ROBO1,MAFB,1,1
ROBO1,MAGEA4,1,1
ROBO1,MATK,1,1
ROBO1,MEOX2,1,1
ROBO1,MGP,1,1
ROBO1,MICALL2,1,1
ROBO1,MMP15,1,1
ROBO1,MRAP2,1,1
ROBO1,MTUS1,1,1
ROBO1,MYO3B,1,1
ROBO1,NDRG1,1,1
ROBO1,NDUFA8,1,1
ROBO1,NFIA,1,1
ROBO1,NKX2-5,1,1
ROBO1,NPAS1,1,1
ROBO1,NPHP1,1,1
ROBO1,NPTX1,1,1
ROBO1,NR0B1,1,1
ROBO1,NR1D1,1,1
ROBO1,NSUN5,1,1
ROBO1,NTN1,1,1
ROBO1,OAF,1,1
ROBO1,OLFML3,1,1
ROBO1,P3H1,1,1
ROBO1,P3H2,1,1
ROBO1,PAPSS2,1,1
ROBO1,PATZ1,1,1
ROBO1,PCDHA1,1,1
ROBO1,PCDHA10,1,1
ROBO1,PCDHA11,1,1
ROBO1,PCDHB11,1,1
ROBO1,PCDHB15,1,1
ROBO1,PCDHB16,1,1
ROBO1,PCDHB17P,1,1
ROBO1,PCDHB2,1,1
ROBO1,PCDHB5,1,1
ROBO1,PCDHB6,1,1
ROBO1,PCDHB7,1,1
ROBO1,PCDHGA3,1,1
ROBO1,PCDHGA7,1,1
ROBO1,PCOLCE,1,1
ROBO1,PCSK5,1,1
ROBO1,PDDC1,1,1
ROBO1,PITPNC1,1,1
ROBO1,PLBD1,1,1
ROBO1,PLEKHS1,1,1
ROBO1,PLXNB2,1,1
ROBO1,PLXNB3,1,1
ROBO1,PMS2CL,1,1
ROBO1,POU3F3,1,1
ROBO1,PPIC,1,1
ROBO1,PPP3CB,1,1
ROBO1,PRDX6,1,1
ROBO1,PRRX1,1,1
ROBO1,PTGFRN,1,1
ROBO1,PTPRD,1,1
ROBO1,RAB7B,1,1
ROBO1,RBMS1,1,1
ROBO1,RCC1L,1,1
ROBO1,RELN,1,1
ROBO1,RNASET2,1,1
ROBO1,RNF152,1,1
ROBO1,RORA,1,1
ROBO1,RP11-111K18.1,1,1
ROBO1,RP11-958N24.2,1,1
ROBO1,RPN1,1,1
ROBO1,RYR2,1,1
ROBO1,S100A13,1,1
ROBO1,SARM1,1,1
ROBO1,SCARA5,1,1
ROBO1,SCRG1,1,1
ROBO1,SDC2,1,1
ROBO1,SERPINE2,1,1
ROBO1,SLC26A4,1,1
ROBO1,SLC2A3,1,1
ROBO1,SLC39A4,1,1
ROBO1,SLC5A3,1,1
ROBO1,SPATS1,1,1
ROBO1,SPRY4,1,1
ROBO1,SREBF1,1,1
ROBO1,STAT3,1,1
ROBO1,STK32B,1,1
ROBO1,SYTL5,1,1
ROBO1,TBXAS1,1,1
ROBO1,TCN1,1,1
ROBO1,TDRD1,1,1
ROBO1,TENM1,1,1
ROBO1,TESC,1,1
ROBO1,TGFA,1,1
ROBO1,TGFB3,1,1
ROBO1,TIGD1,1,1
ROBO1,TIMP1,1,1
ROBO1,TNFAIP6,1,1
ROBO1,TNS2,1,1
ROBO1,TOR3A,1,1
ROBO1,TPD52L1,1,1
ROBO1,TPGS2,1,1
ROBO1,TRAFD1,1,1
ROBO1,TRIM47,1,1
ROBO1,TRIM51CP,1,1
ROBO1,TRIM9,1,1
ROBO1,TRPM8,1,1
ROBO1,UNC13A,1,1
ROBO1,UNC5C,1,1
ROBO1,UPF3A,1,1
ROBO1,UROC1,1,1
ROBO1,VPS25,1,1
ROBO1,WBSCR22,1,1
ROBO1,WNK4,1,1
ROBO1,WWTR1,1,1
ROBO1,XIAP,1,1
ROBO1,XPR1,1,1
ROBO1,XYLT1,1,1
ROBO1,ZBTB45P2,1,1
ROBO1,ZDHHC16,1,1
ROBO1,ZNF536,1,1
ROBO1,ZNF595,1,1
ADGRE5,ABCC1,1,1
ADGRE5,ACVR1,1,1
ADGRE5,ATG101,1,1
ADGRE5,ATP2B1,1,1
ADGRE5,C16ORF52,1,1
ADGRE5,CD276,1,1
ADGRE5,CEMIP,1,1
ADGRE5,CEP170B,1,1
ADGRE5,DLX2,1,1
ADGRE5,DNAAF5,1,1
ADGRE5,EBF1,1,1
ADGRE5,EDEM1,1,1
ADGRE5,ERCC1,1,1
ADGRE5,FAM3C,1,1
ADGRE5,FNDC3B,1,1
ADGRE5,HOXD13,1,1
ADGRE5,IFNAR1,1,1
ADGRE5,IL1RAP,1,1
ADGRE5,ITGA4,1,1
ADGRE5,KIAA0040,1,1
ADGRE5,MANSC1,1,1
ADGRE5,MMP16,1,1
ADGRE5,PFKFB4,1,1
ADGRE5,PHC2,1,1
ADGRE5,RAB7B,1,1
ADGRE5,RNF128,1,1
ADGRE5,RPN1,1,1
ADGRE5,SEC61A1,1,1
ADGRE5,SH3KBP1,1,1
ADGRE5,SNAPC2,1,1
ADGRE5,SRPRB,1,1
ADGRE5,TGFA,1,1
ADGRE5,TRIM24,1,1
ADGRE5,TRIM51,1,1
ADGRE5,TRIM51CP,1,1
ADGRE5,ZNF654,1,1
PCDH1,AC004980.7,1,1
PCDH1,ADGRB1,1,1
PCDH1,AFAP1L2,1,1
PCDH1,AGMO,1,1
PCDH1,AKAP6,1,1
PCDH1,ALG13,1,1
PCDH1,ALS2CR11,1,1
PCDH1,ANGPTL1,1,1
PCDH1,ANKRD45,1,1
PCDH1,AP3D1,1,1
PCDH1,ARCN1,1,1
PCDH1,ARHGAP5,1,1
PCDH1,ARHGAP6,1,1
PCDH1,ASB3,1,1
PCDH1,ASTN2,1,1
PCDH1,ATP1B1,1,1
PCDH1,ATP2B1,1,1
PCDH1,ATP9A,1,1
PCDH1,B4GALNT3,1,1
PCDH1,C1QTNF3,1,1
PCDH1,C1QTNF3-AMACR,1,1
PCDH1,CDH12,1,1
PCDH1,CELSR1,1,1
PCDH1,CEP70,1,1
PCDH1,COL9A2,1,1
PCDH1,COL9A3,1,1
PCDH1,COLGALT2,1,1
PCDH1,CSGALNACT1,1,1
PCDH1,CT45A10,1,1
PCDH1,CT45A3,1,1
PCDH1,CT45A8,1,1
PCDH1,CT45A9,1,1
PCDH1,DGAT2,1,1
PCDH1,DLX2,1,1
PCDH1,DMRT2,1,1
PCDH1,DMRTA1,1,1
PCDH1,DNAH9,1,1
PCDH1,DOK1,1,1
PCDH1,DYNLT3,1,1
PCDH1,EGFLAM,1,1
PCDH1,EIF1AXP1,1,1
PCDH1,EIF4H,1,1
PCDH1,ENAH,1,1
PCDH1,EPHB3,1,1
PCDH1,ERLIN2,1,1
PCDH1,FAM117B,1,1
PCDH1,FAM133A,1,1
PCDH1,FAM212B,1,1
PCDH1,FAM86B1,1,1
PCDH1,FREM2,1,1
PCDH1,FSIP2,1,1
PCDH1,GALNT5,1,1
PCDH1,GPC3,1,1
PCDH1,GRIK4,1,1
PCDH1,IGFBP2,1,1
PCDH1,IGFBP3,1,1
PCDH1,IL13RA2,1,1
PCDH1,IL27RA,1,1
PCDH1,IL6ST,1,1
PCDH1,ITIH6,1,1
PCDH1,ITPRIPL2,1,1
PCDH1,JKAMP,1,1
PCDH1,KALRN,1,1
PCDH1,KCNC3,1,1
PCDH1,KIAA1328,1,1
PCDH1,LAMA4,1,1
PCDH1,LIFR,1,1
PCDH1,LIMS3,1,1
PCDH1,LONRF2,1,1
PCDH1,LOXL3,1,1
PCDH1,MAFB,1,1
PCDH1,MAGEA4,1,1
PCDH1,MICALL2,1,1
PCDH1,MMP16,1,1
PCDH1,NKX2-5,1,1
PCDH1,OLFML3,1,1
PCDH1,P3H2,1,1
PCDH1,PAPSS2,1,1
PCDH1,PCDHA1,1,1
PCDH1,PCDHA10,1,1
PCDH1,PCDHA11,1,1
PCDH1,PCDHA13,1,1
PCDH1,PCDHA7,1,1
PCDH1,PCDHB15,1,1
PCDH1,PCDHB16,1,1
PCDH1,PCDHB17P,1,1
PCDH1,PCDHB2,1,1
PCDH1,PCDHB5,1,1
PCDH1,PCDHB6,1,1
PCDH1,PCDHB7,1,1
PCDH1,PCDHGA3,1,1
PCDH1,PCDHGA7,1,1
PCDH1,PCDHGB1,1,1
PCDH1,PLEKHS1,1,1
PCDH1,PLXNB3,1,1
PCDH1,PPFIA4,1,1
PCDH1,PRPSAP2,1,1
PCDH1,PRRX1,1,1
PCDH1,RAB7B,1,1
PCDH1,RAPGEF5,1,1
PCDH1,RBMS1,1,1
PCDH1,RGS5,1,1
PCDH1,RNF128,1,1
PCDH1,RPN1,1,1
PCDH1,RYR2,1,1
PCDH1,SARM1,1,1
PCDH1,SCARA5,1,1
PCDH1,SCRG1,1,1
PCDH1,SERPINE2,1,1
PCDH1,SLC35E4,1,1
PCDH1,SLC5A3,1,1
PCDH1,SNED1,1,1
PCDH1,SPRY4,1,1
PCDH1,ST8SIA5,1,1
PCDH1,STK32B,1,1
PCDH1,SYTL5,1,1
PCDH1,TBXAS1,1,1
PCDH1,TCN1,1,1
PCDH1,TDRD1,1,1
PCDH1,TENM1,1,1
PCDH1,TESC,1,1
PCDH1,TGFA,1,1
PCDH1,TGFB3,1,1
PCDH1,TMEM67,1,1
PCDH1,TNFAIP6,1,1
PCDH1,TRIM51CP,1,1
PCDH1,TRIM9,1,1
PCDH1,UNC13A,1,1
PCDH1,UNC5C,1,1
PCDH1,WWTR1,1,1
PCDH1,XIAP,1,1
PCDH1,XYLT1,1,1
PCDH1,ZNF595,1,1
ASB2,ALG13,1,1
ASB2,AMACR,1,1
ASB2,ANGPTL1,1,1
ASB2,ARHGAP5,1,1
ASB2,ATP11C,1,1
ASB2,ATP2B1,1,1
ASB2,CELSR1,1,1
ASB2,CEMIP,1,1
ASB2,CLEC2B,1,1
ASB2,CSGALNACT1,1,1
ASB2,CTSL,1,1
ASB2,EGR3,1,1
ASB2,EPHB3,1,1
ASB2,FAM102A,1,1
ASB2,FAM3C2,1,1
ASB2,FLRT2,1,1
ASB2,FZD1,1,1
ASB2,GAS7,1,1
ASB2,GLUD2,1,1
ASB2,GNS,1,1
ASB2,IL6ST,1,1
ASB2,ITPR2,1,1
ASB2,JKAMP,1,1
ASB2,KCNC4,1,1
ASB2,KIAA0040,1,1
ASB2,LAMA4,1,1
ASB2,LMLN,1,1
ASB2,LONRF2,1,1
ASB2,MPZL1,1,1
ASB2,MTUS1,1,1
ASB2,PCDH7,1,1
ASB2,PCDHGA7,1,1
ASB2,RNF157,1,1
ASB2,SLC22A18AS,1,1
ASB2,SLC5A3,1,1
ASB2,SOX5,1,1
ASB2,SOX8,1,1
ASB2,SPRY4,1,1
ASB2,ST8SIA5,1,1
ASB2,STK32B,1,1
ASB2,SYNE3,1,1
ASB2,SYTL5,1,1
ASB2,TNFAIP6,1,1
ASB2,TOR3A,1,1
ASB2,TRIM47,1,1
ASB2,TRIM51CP,1,1
ASB2,XIAP,1,1
ASB2,XYLT1,1,1
ASB2,ZC3H7A,1,1
ASB2,ZNF468,1,1
ASB2,ZNF721,1,1
ASB2,ZNF860,1,1
BTBD6,ADGRA3,1,1
BTBD6,AL354822.1,1,1
BTBD6,BX004987.1,1,1
BTBD6,CALM1,1,1
BTBD6,CASP10,1,1
BTBD6,GNA11,1,1
BTBD6,HACD3,1,1
BTBD6,KDSR,1,1
BTBD6,LINC00116,1,1
BTBD6,MLLT10,1,1
BTBD6,MOGS,1,1
BTBD6,PATL1,1,1
BTBD6,PYCR2,1,1
BTBD6,RNF215,1,1
BTBD6,ROCK1,1,1
BTBD6,SNTB1,1,1
BTBD6,VPS35,1,1
BTBD6,YTHDC1,1,1
BTBD6,ZDHHC6,1,1
CTSL,AMACR,1,1
CTSL,ATP11C,1,1
CTSL,ATP9A,1,1
CTSL,CALCOCO2,1,1
CTSL,CELSR1,1,1
CTSL,CHST2,1,1
CTSL,CSGALNACT1,1,1
CTSL,FLRT2,1,1
CTSL,FZD1,1,1
CTSL,GAS7,1,1
CTSL,GLUD2,1,1
CTSL,GNS,1,1
CTSL,ITPR2,1,1
CTSL,ITPRIPL2,1,1
CTSL,KAT7,1,1
CTSL,LAMA4,1,1
CTSL,LMLN,1,1
CTSL,MMP15,1,1
CTSL,MPZL1,1,1
CTSL,NAT8L,1,1
CTSL,NCSTN,1,1
CTSL,NDUFA2,1,1
CTSL,NFIA,1,1
CTSL,PCDH7,1,1
CTSL,PTPRZ1,1,1
CTSL,RNF157,1,1
CTSL,RP11-958N24.2,1,1
CTSL,SOX5,1,1
CTSL,SOX8,1,1
CTSL,SYNE3,1,1
CTSL,TBL2,1,1
CTSL,TNFAIP6,1,1
CTSL,TRAFD1,1,1
CTSL,UTRN,1,1
CTSL,WDR63,1,1
CTSL,XYLT1,1,1
CTSL,ZNF468,1,1
CTSL,ZNF721,1,1
FABP5,ACTN2,1,1
FABP5,ADCY1,1,1
FABP5,ANGPT1,1,1
FABP5,ANKRD54,1,1
FABP5,APOO,1,1
FABP5,ARHGAP25,1,1
FABP5,ART3,1,1
FABP5,ASCC3,1,1
FABP5,BCAP31,1,1
FABP5,CEMIP,1,1
FABP5,CENPL,1,1
FABP5,CEP170B,1,1
FABP5,CISD3,1,1
FABP5,COLGALT1,1,1
FABP5,CPD,1,1
FABP5,CSGALNACT1,1,1
FABP5,DOK1,1,1
FABP5,DPY19L1,1,1
FABP5,EBF1,1,1
FABP5,EPDR1,1,1
FABP5,EPHA3,1,1
FABP5,FAM188B,1,1
FABP5,FAM198B,1,1
FABP5,FAM46C,1,1
FABP5,FGF13,1,1
FABP5,FKBP14,1,1
FABP5,FKBP9P1,1,1
FABP5,GHR,1,1
FABP5,GPC3,1,1
FABP5,GPD2,1,1
FABP5,HES1,1,1
FABP5,IARS2,1,1
FABP5,ICAM1,1,1
FABP5,ID4,1,1
FABP5,IL1RAP,1,1
FABP5,INTS10,1,1
FABP5,KCNK5,1,1
FABP5,LAMB1,1,1
FABP5,LIN28B,1,1
FABP5,MATK,1,1
FABP5,ME1,1,1
FABP5,MMP15,1,1
FABP5,MRAP2,1,1
FABP5,MRPL32,1,1
FABP5,MTUS1,1,1
FABP5,MYD88,1,1
FABP5,NDUFAF2,1,1
FABP5,NFKBIE,1,1
FABP5,NOMO3,1,1
FABP5,NPAS1,1,1
FABP5,NPTX1,1,1
FABP5,NSF,1,1
FABP5,PGF,1,1
FABP5,PGM1,1,1
FABP5,PRDX6,1,1
FABP5,PTGFRN,1,1
FABP5,RAD17,1,1
FABP5,RNASET2,1,1
FABP5,RNF152,1,1
FABP5,ROR1,1,1
FABP5,RPN1,1,1
FABP5,SH3KBP1,1,1
FABP5,SH3TC1,1,1
FABP5,SLC19A3,1,1
FABP5,SLC1A1,1,1
FABP5,SLC26A4,1,1
FABP5,SMAP2,1,1
FABP5,SNAPC2,1,1
FABP5,SRPRB,1,1
FABP5,STIM2,1,1
FABP5,STK32B,1,1
FABP5,STON2,1,1
FABP5,SUN1,1,1
FABP5,TNFAIP6,1,1
FABP5,TOR1AIP2,1,1
FABP5,TOR3A,1,1
FABP5,TPM3P9,1,1
FABP5,TRIM47,1,1
FABP5,UNC80,1,1
FABP5,XPR1,1,1
FABP5,ZBTB33,1,1
FABP5,ZSCAN5A,1,1
ASTN2,ABCA8,1,1
ASTN2,ADGRB1,1,1
ASTN2,AFAP1L2,1,1
ASTN2,AGMO,1,1
ASTN2,AKAP6,1,1
ASTN2,ALG13,1,1
ASTN2,ALS2CR11,1,1
ASTN2,ANK3,1,1
ASTN2,ANKRD45,1,1
ASTN2,ARCN1,1,1
ASTN2,ARHGAP20,1,1
ASTN2,ARHGAP5,1,1
ASTN2,ARHGAP6,1,1
ASTN2,ARHGDIB,1,1
ASTN2,ASB3,1,1
ASTN2,ASB4,1,1
ASTN2,ASL,1,1
ASTN2,ATP11C,1,1
ASTN2,ATP1B1,1,1
ASTN2,ATP9A,1,1
ASTN2,B3GALT1,1,1
ASTN2,B3GNT7,1,1
ASTN2,B4GALNT3,1,1
ASTN2,BFSP1,1,1
ASTN2,BMP6,1,1
ASTN2,BST2,1,1
ASTN2,C12ORF60,1,1
ASTN2,C1QTNF3,1,1
ASTN2,C1QTNF3-AMACR,1,1
ASTN2,CACNA1H,1,1
ASTN2,CADM4,1,1
ASTN2,CBSL,1,1
ASTN2,CC2D1A,1,1
ASTN2,CCDC113,1,1
ASTN2,CDH12,1,1
ASTN2,CEP70,1,1
ASTN2,CHPF,1,1
ASTN2,CHURC1-FNTB,1,1
ASTN2,COL11A2,1,1
ASTN2,COL9A1,1,1
ASTN2,COL9A2,1,1
ASTN2,COL9A3,1,1
ASTN2,COLGALT2,1,1
ASTN2,CSGALNACT1,1,1
ASTN2,CSMD1,1,1
ASTN2,CT45A1,1,1
ASTN2,CT45A10,1,1
ASTN2,CT45A3,1,1
ASTN2,CT45A5,1,1
ASTN2,CT45A6,1,1
ASTN2,CT45A8,1,1
ASTN2,CT45A9,1,1
ASTN2,CT55,1,1
ASTN2,DDX43,1,1
ASTN2,DGAT2,1,1
ASTN2,DMRTA1,1,1
ASTN2,DNAH9,1,1
ASTN2,DNAJB6,1,1
ASTN2,DNAJC30,1,1
ASTN2,DOK1,1,1
ASTN2,DSCR8,1,1
ASTN2,DYNLT3,1,1
ASTN2,EGFLAM,1,1
ASTN2,EIF4H,1,1
ASTN2,EMILIN1,1,1
ASTN2,ENAH,1,1
ASTN2,EPHA3,1,1
ASTN2,EPHB3,1,1
ASTN2,ERLIN2,1,1
ASTN2,EYA2,1,1
ASTN2,FAM133A,1,1
ASTN2,FAM212B,1,1
ASTN2,FAM46C,1,1
ASTN2,FAM86B1,1,1
ASTN2,FKBP10,1,1
ASTN2,FMOD,1,1
ASTN2,FOLH1,1,1
ASTN2,FREM2,1,1
ASTN2,FSIP2,1,1
ASTN2,FUNDC1,1,1
ASTN2,GABRG3,1,1
ASTN2,GALNT5,1,1
ASTN2,GLUD2,1,1
ASTN2,GPC1,1,1
ASTN2,GPC3,1,1
ASTN2,GPC4,1,1
ASTN2,GPR37,1,1
ASTN2,GRIK2,1,1
ASTN2,GRIK4,1,1
ASTN2,GUCY1B3,1,1
ASTN2,HS3ST3B1,1,1
ASTN2,IFI16,1,1
ASTN2,IGFBP2,1,1
ASTN2,IGFBP3,1,1
ASTN2,IL13RA2,1,1
ASTN2,IL6ST,1,1
ASTN2,ITGA10,1,1
ASTN2,ITGAX,1,1
ASTN2,ITIH5,1,1
ASTN2,ITIH6,1,1
ASTN2,ITPRIPL2,1,1
ASTN2,JARID2,1,1
ASTN2,KALRN,1,1
ASTN2,KCNC3,1,1
ASTN2,LAMA2,1,1
ASTN2,LAMA4,1,1
ASTN2,LAMB1,1,1
ASTN2,LAMC3,1,1
ASTN2,LOXL3,1,1
ASTN2,LRP2,1,1
ASTN2,LRRC75A,1,1
ASTN2,LYPLAL1,1,1
ASTN2,MAFB,1,1
ASTN2,MAGEA4,1,1
ASTN2,MAMDC2,1,1
ASTN2,MAOB,1,1
ASTN2,MAPRE3,1,1
ASTN2,MATK,1,1
ASTN2,MDH2,1,1
ASTN2,MEOX2,1,1
ASTN2,MGP,1,1
ASTN2,MICALL2,1,1
ASTN2,MRPS6,1,1
ASTN2,MYO3B,1,1
ASTN2,MYO5B,1,1
ASTN2,NDRG1,1,1
ASTN2,NDUFA8,1,1
ASTN2,NKX2-5,1,1
ASTN2,NPHP1,1,1
ASTN2,NPTX1,1,1
ASTN2,NR0B1,1,1
ASTN2,NSUN5,1,1
ASTN2,NTN1,1,1
ASTN2,OAF,1,1
ASTN2,OLFML3,1,1
ASTN2,OPHN1,1,1
ASTN2,P3H1,1,1
ASTN2,P3H2,1,1
ASTN2,P3H4,1,1
ASTN2,PAPSS2,1,1
ASTN2,PATZ1,1,1
ASTN2,PCDHA1,1,1
ASTN2,PCDHA10,1,1
ASTN2,PCDHA11,1,1
ASTN2,PCDHB11,1,1
ASTN2,PCDHB15,1,1
ASTN2,PCDHB16,1,1
ASTN2,PCDHB17P,1,1
ASTN2,PCDHB2,1,1
ASTN2,PCDHB5,1,1
ASTN2,PCDHB6,1,1
ASTN2,PCDHB7,1,1
ASTN2,PCDHGA3,1,1
ASTN2,PCDHGA7,1,1
ASTN2,PCOLCE,1,1
ASTN2,PCSK5,1,1
ASTN2,PDDC1,1,1
ASTN2,PITPNC1,1,1
ASTN2,PLBD1,1,1
ASTN2,PLEKHS1,1,1
ASTN2,PLXNB2,1,1
ASTN2,PLXNB3,1,1
ASTN2,PMS2CL,1,1
ASTN2,POU3F3,1,1
ASTN2,PPFIA4,1,1
ASTN2,PPIC,1,1
ASTN2,PPP2R2B,1,1
ASTN2,PPP3CB,1,1
ASTN2,PTGFRN,1,1
ASTN2,PTPRD,1,1
ASTN2,RADIL,1,1
ASTN2,RAPGEF5,1,1
ASTN2,RCC1L,1,1
ASTN2,RELN,1,1
ASTN2,RNF152,1,1
ASTN2,RORA,1,1
ASTN2,RP11-111F5.5,1,1
ASTN2,RP11-111K18.1,1,1
ASTN2,RYR2,1,1
ASTN2,S100A13,1,1
ASTN2,SBNO2,1,1
ASTN2,SCARA5,1,1
ASTN2,SCRG1,1,1
ASTN2,SDC2,1,1
ASTN2,SDK2,1,1
ASTN2,SEL1L3,1,1
ASTN2,SEMA3E,1,1
ASTN2,SERPINA3,1,1
ASTN2,SERPINE2,1,1
ASTN2,SEZ6L2,1,1
ASTN2,SLC2A3,1,1
ASTN2,SLC35E4,1,1
ASTN2,SLC39A4,1,1
ASTN2,SLC5A3,1,1
ASTN2,SMIM3,1,1
ASTN2,SOD3,1,1
ASTN2,SPATS1,1,1
ASTN2,SREBF1,1,1
ASTN2,STAT3,1,1
ASTN2,STK26,1,1
ASTN2,STK32B,1,1
ASTN2,SULF1,1,1
ASTN2,SYTL5,1,1
ASTN2,TBC1D10B,1,1
ASTN2,TCN1,1,1
ASTN2,TDRD1,1,1
ASTN2,TENM1,1,1
ASTN2,TESC,1,1
ASTN2,TGFB3,1,1
ASTN2,TIGD1,1,1
ASTN2,TIMP1,1,1
ASTN2,TNFAIP6,1,1
ASTN2,TNFRSF21,1,1
ASTN2,TNS2,1,1
ASTN2,TPD52L1,1,1
ASTN2,TRAFD1,1,1
ASTN2,TRIM9,1,1
ASTN2,TRPM8,1,1
ASTN2,TSR3,1,1
ASTN2,UNC13A,1,1
ASTN2,UNC5C,1,1
ASTN2,UPF3A,1,1
ASTN2,UROC1,1,1
ASTN2,USP9X,1,1
ASTN2,VPS25,1,1
ASTN2,WBSCR22,1,1
ASTN2,WNK4,1,1
ASTN2,WWTR1,1,1
ASTN2,XIAP,1,1
ASTN2,XPR1,1,1
ASTN2,ZBTB45P2,1,1
ASTN2,ZDHHC16,1,1
ASTN2,ZNF536,1,1
ASTN2,ZNF595,1,1
ASTN2,BP-21264C1.1,1,1
PCSK5,ABCA8,1,1
PCSK5,ADAP1,1,1
PCSK5,ADGRB1,1,1
PCSK5,AFAP1L2,1,1
PCSK5,AGMO,1,1
PCSK5,AKAP6,1,1
PCSK5,ALG13,1,1
PCSK5,ALS2CR11,1,1
PCSK5,ANK3,1,1
PCSK5,ANKRD45,1,1
PCSK5,ARHGAP20,1,1
PCSK5,ARHGAP6,1,1
PCSK5,ARHGDIB,1,1
PCSK5,ART3,1,1
PCSK5,ASB4,1,1
PCSK5,ASL,1,1
PCSK5,ATP1B1,1,1
PCSK5,ATP9A,1,1
PCSK5,B3GNT7,1,1
PCSK5,B4GALNT3,1,1
PCSK5,BMP6,1,1
PCSK5,BST2,1,1
PCSK5,C1QTNF3,1,1
PCSK5,C1QTNF3-AMACR,1,1
PCSK5,C1ORF115,1,1
PCSK5,CACNA1H,1,1
PCSK5,CADM4,1,1
PCSK5,CBSL,1,1
PCSK5,CC2D1A,1,1
PCSK5,CCDC113,1,1
PCSK5,CDH12,1,1
PCSK5,CEP70,1,1
PCSK5,CHRDL1,1,1
PCSK5,CHURC1-FNTB,1,1
PCSK5,COL9A1,1,1
PCSK5,COL9A2,1,1
PCSK5,COL9A3,1,1
PCSK5,COLGALT2,1,1
PCSK5,CSMD1,1,1
PCSK5,CT45A1,1,1
PCSK5,CT45A10,1,1
PCSK5,CT45A3,1,1
PCSK5,CT45A5,1,1
PCSK5,CT45A6,1,1
PCSK5,CT45A8,1,1
PCSK5,CT45A9,1,1
PCSK5,CT55,1,1
PCSK5,CTBP2,1,1
PCSK5,CYB561,1,1
PCSK5,DDX43,1,1
PCSK5,DEPTOR,1,1
PCSK5,DGAT2,1,1
PCSK5,DMRTA1,1,1
PCSK5,DNAH9,1,1
PCSK5,DNAJB6,1,1
PCSK5,DNAJC30,1,1
PCSK5,DOK1,1,1
PCSK5,DSCR8,1,1
PCSK5,DYNLT3,1,1
PCSK5,EGFLAM,1,1
PCSK5,EIF4H,1,1
PCSK5,EMILIN1,1,1
PCSK5,ENAH,1,1
PCSK5,EPHA3,1,1
PCSK5,EPHB3,1,1
PCSK5,ERLIN2,1,1
PCSK5,EYA2,1,1
PCSK5,FAM117B,1,1
PCSK5,FAM133A,1,1
PCSK5,FAM212B,1,1
PCSK5,FAM46C,1,1
PCSK5,FAM86B1,1,1
PCSK5,FMOD,1,1
PCSK5,FOLH1,1,1
PCSK5,FOXF1,1,1
PCSK5,FREM2,1,1
PCSK5,FSCN1,1,1
PCSK5,FSIP2,1,1
PCSK5,GABRG3,1,1
PCSK5,GALNT5,1,1
PCSK5,GLI2,1,1
PCSK5,GPC1,1,1
PCSK5,GPC3,1,1
PCSK5,GRIK4,1,1
PCSK5,GUCY1B3,1,1
PCSK5,HS3ST3B1,1,1
PCSK5,IGFBP2,1,1
PCSK5,IGFBP5,1,1
PCSK5,IL13RA2,1,1
PCSK5,IL27RA,1,1
PCSK5,ITGA10,1,1
PCSK5,ITIH5,1,1
PCSK5,ITIH6,1,1
PCSK5,ITPRIPL2,1,1
PCSK5,JARID2,1,1
PCSK5,KALRN,1,1
PCSK5,KCNC3,1,1
PCSK5,KCNG4,1,1
PCSK5,KDM5C,1,1
PCSK5,LAMA2,1,1
PCSK5,LAMA4,1,1
PCSK5,LAMB1,1,1
PCSK5,LOXL3,1,1
PCSK5,MAFB,1,1
PCSK5,MAGEA4,1,1
PCSK5,MAMDC2,1,1
PCSK5,MATK,1,1
PCSK5,MDH2,1,1
PCSK5,MEOX2,1,1
PCSK5,MGP,1,1
PCSK5,MICALL2,1,1
PCSK5,MMP16,1,1
PCSK5,MRPS6,1,1
PCSK5,MYO3B,1,1
PCSK5,MYO5B,1,1
PCSK5,NDRG1,1,1
PCSK5,NDUFA8,1,1
PCSK5,NGRN,1,1
PCSK5,NKX2-5,1,1
PCSK5,NPHP1,1,1
PCSK5,NPTX1,1,1
PCSK5,NR0B1,1,1
PCSK5,NSUN5,1,1
PCSK5,NTN1,1,1
PCSK5,OAF,1,1
PCSK5,OLFML3,1,1
PCSK5,P3H1,1,1
PCSK5,P3H2,1,1
PCSK5,P3H4,1,1
PCSK5,PAPSS2,1,1
PCSK5,PATZ1,1,1
PCSK5,PCDHA1,1,1
PCSK5,PCDHA10,1,1
PCSK5,PCDHA11,1,1
PCSK5,PCDHA7,1,1
PCSK5,PCDHAC2,1,1
PCSK5,PCDHB11,1,1
PCSK5,PCDHB12,1,1
PCSK5,PCDHB15,1,1
PCSK5,PCDHB16,1,1
PCSK5,PCDHB17P,1,1
PCSK5,PCDHB2,1,1
PCSK5,PCDHB5,1,1
PCSK5,PCDHB6,1,1
PCSK5,PCDHB7,1,1
PCSK5,PCDHGA7,1,1
PCSK5,PCOLCE,1,1
PCSK5,PDDC1,1,1
PCSK5,PITPNC1,1,1
PCSK5,PLBD1,1,1
PCSK5,PLEKHS1,1,1
PCSK5,PLXNB2,1,1
PCSK5,PLXNB3,1,1
PCSK5,POLRMT,1,1
PCSK5,POU3F3,1,1
PCSK5,PPFIA4,1,1
PCSK5,PPIC,1,1
PCSK5,PPP2R2B,1,1
PCSK5,PRR4,1,1
PCSK5,PRRX1,1,1
PCSK5,PTPA,1,1
PCSK5,PTPRD,1,1
PCSK5,RAB7B,1,1
PCSK5,RADIL,1,1
PCSK5,RANBP17,1,1
PCSK5,RBMS1,1,1
PCSK5,RELN,1,1
PCSK5,RGS16,1,1
PCSK5,RNASET2,1,1
PCSK5,RNF152,1,1
PCSK5,RP11-111F5.5,1,1
PCSK5,RP11-111K18.1,1,1
PCSK5,RP5-862P8.2,1,1
PCSK5,RYR2,1,1
PCSK5,S100A13,1,1
PCSK5,SARM1,1,1
PCSK5,SBNO2,1,1
PCSK5,SCARA5,1,1
PCSK5,SCRG1,1,1
PCSK5,SDC2,1,1
PCSK5,SEC14L1,1,1
PCSK5,SEL1L3,1,1
PCSK5,SERPINA3,1,1
PCSK5,SERPINE2,1,1
PCSK5,SLC1A3,1,1
PCSK5,SLC35E4,1,1
PCSK5,SLC39A4,1,1
PCSK5,SLC43A2,1,1
PCSK5,SMIM3,1,1
PCSK5,SMTN,1,1
PCSK5,SPATS1,1,1
PCSK5,STK26,1,1
PCSK5,STK32B,1,1
PCSK5,SULF1,1,1
PCSK5,SYTL5,1,1
PCSK5,TBXAS1,1,1
PCSK5,TCN1,1,1
PCSK5,TDRD1,1,1
PCSK5,TENM1,1,1
PCSK5,TESC,1,1
PCSK5,TGFB3,1,1
PCSK5,TIGD1,1,1
PCSK5,TNFAIP6,1,1
PCSK5,TNS2,1,1
PCSK5,TRIM9,1,1
PCSK5,TRPM8,1,1
PCSK5,TSPAN13,1,1
PCSK5,TSR3,1,1
PCSK5,TYW1B,1,1
PCSK5,UBA1,1,1
PCSK5,UNC13A,1,1
PCSK5,UNC5C,1,1
PCSK5,UPF3A,1,1
PCSK5,UROC1,1,1
PCSK5,WBSCR22,1,1
PCSK5,WNK4,1,1
PCSK5,WWTR1,1,1
PCSK5,ZBTB45P2,1,1
PCSK5,ZNF536,1,1
PCSK5,ZNF595,1,1
PCSK5,BP-21264C1.1,1,1
EXTL2,DUSP14,1,1
EXTL2,ERAL1,1,1
EXTL2,FAM98A,1,1
EXTL2,MFSD13A,1,1
EXTL2,PELP1,1,1
EXTL2,RUFY1,1,1
SREBF1,ABCA8,1,1
SREBF1,AKAP6,1,1
SREBF1,ALG13,1,1
SREBF1,ANKRD45,1,1
SREBF1,ARHGAP20,1,1
SREBF1,B3GALT1,1,1
SREBF1,B3GNT7,1,1
SREBF1,B4GALNT3,1,1
SREBF1,BST2,1,1
SREBF1,C1QTNF3-AMACR,1,1
SREBF1,CADM4,1,1
SREBF1,CC2D1A,1,1
SREBF1,CELSR1,1,1
SREBF1,CHPF,1,1
SREBF1,COL11A2,1,1
SREBF1,COL9A3,1,1
SREBF1,CSGALNACT1,1,1
SREBF1,CT45A1,1,1
SREBF1,CT45A10,1,1
SREBF1,CT45A6,1,1
SREBF1,CT45A8,1,1
SREBF1,CT45A9,1,1
SREBF1,DNAJB6,1,1
SREBF1,DOK1,1,1
SREBF1,DTX2,1,1
SREBF1,EMILIN1,1,1
SREBF1,EYA2,1,1
SREBF1,FAM86B1,1,1
SREBF1,GALNT5,1,1
SREBF1,GPC1,1,1
SREBF1,GRIK4,1,1
SREBF1,HS3ST3B1,1,1
SREBF1,IGFBP2,1,1
SREBF1,ITGA10,1,1
SREBF1,ITIH5,1,1
SREBF1,ITIH6,1,1
SREBF1,ITPRIPL2,1,1
SREBF1,LAMA2,1,1
SREBF1,LAMA4,1,1
SREBF1,LAMB1,1,1
SREBF1,LYPLAL1,1,1
SREBF1,MAFB,1,1
SREBF1,MGP,1,1
SREBF1,MICALL2,1,1
SREBF1,NFIA,1,1
SREBF1,NPHP1,1,1
SREBF1,NPTX2,1,1
SREBF1,NR0B1,1,1
SREBF1,NTN1,1,1
SREBF1,P3H1,1,1
SREBF1,PATZ1,1,1
SREBF1,PCDHB5,1,1
SREBF1,PCDHB6,1,1
SREBF1,PLBD1,1,1
SREBF1,PMS2CL,1,1
SREBF1,PPIC,1,1
SREBF1,PPP2R2B,1,1
SREBF1,PTPRD,1,1
SREBF1,RELN,1,1
SREBF1,RP11-111F5.5,1,1
SREBF1,S100A13,1,1
SREBF1,SBNO2,1,1
SREBF1,SCARA5,1,1
SREBF1,SCRG1,1,1
SREBF1,SDC2,1,1
SREBF1,SLC1A3,1,1
SREBF1,SLC39A4,1,1
SREBF1,TIMP1,1,1
SREBF1,TNS2,1,1
SREBF1,UNC5C,1,1
SREBF1,UPF3A,1,1
SREBF1,VPS26A,1,1
SREBF1,WNK4,1,1
SREBF1,ZNF595,1,1
ISOC2,CHL1,1,1
ISOC2,GATA4,1,1
ISOC2,MBD2,1,1
ISOC2,PDZD4,1,1
ISOC2,STX2,1,1
ISOC2,TBRG4,1,1
ISOC2,TIMMDC1,1,1
ISOC2,ZMYND11,1,1
RABEPK,ATG101,1,1
RABEPK,CCNE1,1,1
RABEPK,CNBP,1,1
RABEPK,COTL1,1,1
RABEPK,CTU2,1,1
RABEPK,DDX56,1,1
RABEPK,DLX1,1,1
RABEPK,DUSP14,1,1
RABEPK,EFTUD2,1,1
RABEPK,EIF2B3,1,1
RABEPK,EIF5A,1,1
RABEPK,ERAL1,1,1
RABEPK,FAM98A,1,1
RABEPK,GAPDH,1,1
RABEPK,ITGA4,1,1
RABEPK,JRK,1,1
RABEPK,KDELC2,1,1
RABEPK,LRRC59,1,1
RABEPK,MAGEA2,1,1
RABEPK,MMADHC,1,1
RABEPK,MRPL3,1,1
RABEPK,MRPL4,1,1
RABEPK,NMD3,1,1
RABEPK,NOC2LP1,1,1
RABEPK,PELP1,1,1
RABEPK,PHF14,1,1
RABEPK,POFUT1,1,1
RABEPK,RCL1,1,1
RABEPK,SPHK1,1,1
RABEPK,STRA13,1,1
RABEPK,TPI1,1,1
RABEPK,TXNDC17,1,1
RABEPK,VAPA,1,1
JMJD4,BCAP31,1,1
JMJD4,CEP170B,1,1
JMJD4,COX18,1,1
JMJD4,DDX56,1,1
JMJD4,DUS3L,1,1
JMJD4,EBF1,1,1
JMJD4,GULP1,1,1
JMJD4,HOXD13,1,1
JMJD4,ME1,1,1
JMJD4,NOA1,1,1
JMJD4,NOC2LP1,1,1
JMJD4,NOMO3,1,1
JMJD4,PHB,1,1
JMJD4,SEMA3D,1,1
JMJD4,STON2,1,1
JMJD4,TIMM44,1,1
JMJD4,TPM3P9,1,1
JMJD4,UBASH3B,1,1
JMJD4,ZNF593,1,1
DGAT2,ABCA8,1,1
DGAT2,AC004980.7,1,1
DGAT2,ACTN2,1,1
DGAT2,ADGRB1,1,1
DGAT2,AFAP1L2,1,1
DGAT2,AGMO,1,1
DGAT2,AKAP6,1,1
DGAT2,ALG13,1,1
DGAT2,ANGPT1,1,1
DGAT2,ANKRD45,1,1
DGAT2,ANKRD54,1,1
DGAT2,AP3D1,1,1
DGAT2,ARCN1,1,1
DGAT2,ARHGAP20,1,1
DGAT2,ARHGAP25,1,1
DGAT2,ARHGAP5,1,1
DGAT2,ARHGAP6,1,1
DGAT2,ARHGDIB,1,1
DGAT2,ART3,1,1
DGAT2,ASB3,1,1
DGAT2,ASB4,1,1
DGAT2,ASCC3,1,1
DGAT2,ASL,1,1
DGAT2,ATP11C,1,1
DGAT2,ATP1B1,1,1
DGAT2,ATP2B1,1,1
DGAT2,ATP9A,1,1
DGAT2,B3GNT7,1,1
DGAT2,B4GALNT3,1,1
DGAT2,BMP6,1,1
DGAT2,BST2,1,1
DGAT2,C1QTNF3,1,1
DGAT2,C1QTNF3-AMACR,1,1
DGAT2,CBSL,1,1
DGAT2,CC2D1A,1,1
DGAT2,CD276,1,1
DGAT2,CDH12,1,1
DGAT2,CELSR1,1,1
DGAT2,CEMIP,1,1
DGAT2,CEP70,1,1
DGAT2,CHPF,1,1
DGAT2,CHURC1-FNTB,1,1
DGAT2,COL11A2,1,1
DGAT2,COL9A1,1,1
DGAT2,COL9A2,1,1
DGAT2,COL9A3,1,1
DGAT2,COLGALT2,1,1
DGAT2,COPA,1,1
DGAT2,COPB2,1,1
DGAT2,CSGALNACT1,1,1
DGAT2,CSMD1,1,1
DGAT2,CT45A1,1,1
DGAT2,CT45A10,1,1
DGAT2,CT45A3,1,1
DGAT2,CT45A5,1,1
DGAT2,CT45A6,1,1
DGAT2,CT45A8,1,1
DGAT2,CT45A9,1,1
DGAT2,CT55,1,1
DGAT2,DEPTOR,1,1
DGAT2,DMRT2,1,1
DGAT2,DMRTA1,1,1
DGAT2,DNAH9,1,1
DGAT2,DOK1,1,1
DGAT2,DSCR8,1,1
DGAT2,DYNLT3,1,1
DGAT2,EGFLAM,1,1
DGAT2,EIF4H,1,1
DGAT2,EMILIN1,1,1
DGAT2,ENAH,1,1
DGAT2,EPHA3,1,1
DGAT2,EPHB3,1,1
DGAT2,ERLIN2,1,1
DGAT2,EYA2,1,1
DGAT2,FAM117B,1,1
DGAT2,FAM133A,1,1
DGAT2,FAM188B,1,1
DGAT2,FAM198B,1,1
DGAT2,FAM212B,1,1
DGAT2,FAM46C,1,1
DGAT2,FAM86B1,1,1
DGAT2,FGF13,1,1
DGAT2,FKBP10,1,1
DGAT2,FKBP14,1,1
DGAT2,FKBP9P1,1,1
DGAT2,FMOD,1,1
DGAT2,FOLH1,1,1
DGAT2,FOXF1,1,1
DGAT2,FREM2,1,1
DGAT2,FSIP2,1,1
DGAT2,GALNT5,1,1
DGAT2,GHR,1,1
DGAT2,GLUD2,1,1
DGAT2,GPC1,1,1
DGAT2,GPC3,1,1
DGAT2,GPC4,1,1
DGAT2,GRIK4,1,1
DGAT2,HS3ST3B1,1,1
DGAT2,IARS2,1,1
DGAT2,ID4,1,1
DGAT2,IFI16,1,1
DGAT2,IGFBP2,1,1
DGAT2,IGFBP3,1,1
DGAT2,IGFBP5,1,1
DGAT2,IL13RA2,1,1
DGAT2,IL1RAP,1,1
DGAT2,IL27RA,1,1
DGAT2,IL6ST,1,1
DGAT2,INTS10,1,1
DGAT2,ITGA10,1,1
DGAT2,ITIH5,1,1
DGAT2,ITIH6,1,1
DGAT2,ITPR2,1,1
DGAT2,ITPRIPL2,1,1
DGAT2,JARID2,1,1
DGAT2,JKAMP,1,1
DGAT2,KALRN,1,1
DGAT2,KCNC3,1,1
DGAT2,LAMA2,1,1
DGAT2,LAMA4,1,1
DGAT2,LAMB1,1,1
DGAT2,LAMC3,1,1
DGAT2,LONRF2,1,1
DGAT2,LOXL3,1,1
DGAT2,LRP2,1,1
DGAT2,LRRC75A,1,1
DGAT2,LYPLAL1,1,1
DGAT2,MAFB,1,1
DGAT2,MAGEA4,1,1
DGAT2,MAMDC2,1,1
DGAT2,MATK,1,1
DGAT2,ME1,1,1
DGAT2,MEOX2,1,1
DGAT2,MGP,1,1
DGAT2,MICALL2,1,1
DGAT2,MMP15,1,1
DGAT2,MMP16,1,1
DGAT2,MRAP2,1,1
DGAT2,MTUS1,1,1
DGAT2,MYO3B,1,1
DGAT2,MYO5B,1,1
DGAT2,NDRG1,1,1
DGAT2,NKX2-5,1,1
DGAT2,NOMO3,1,1
DGAT2,NPAS1,1,1
DGAT2,NPTX1,1,1
DGAT2,NR0B1,1,1
DGAT2,NR1D1,1,1
DGAT2,NSUN5,1,1
DGAT2,NTN1,1,1
DGAT2,OAF,1,1
DGAT2,OFD1,1,1
DGAT2,OLFML3,1,1
DGAT2,P3H1,1,1
DGAT2,P3H2,1,1
DGAT2,PAPSS2,1,1
DGAT2,PATZ1,1,1
DGAT2,PCDHA1,1,1
DGAT2,PCDHA10,1,1
DGAT2,PCDHA11,1,1
DGAT2,PCDHB11,1,1
DGAT2,PCDHB15,1,1
DGAT2,PCDHB16,1,1
DGAT2,PCDHB17P,1,1
DGAT2,PCDHB2,1,1
DGAT2,PCDHB5,1,1
DGAT2,PCDHB6,1,1
DGAT2,PCDHB7,1,1
DGAT2,PCDHGA7,1,1
DGAT2,PCOLCE,1,1
DGAT2,PCOLCE2,1,1
DGAT2,PDDC1,1,1
DGAT2,PGF,1,1
DGAT2,PGM3,1,1
DGAT2,PIEZO2,1,1
DGAT2,PITPNC1,1,1
DGAT2,PLBD1,1,1
DGAT2,PLEKHS1,1,1
DGAT2,PLXNB3,1,1
DGAT2,PMS2CL,1,1
DGAT2,POU3F3,1,1
DGAT2,PPIC,1,1
DGAT2,PPP2R2B,1,1
DGAT2,PRDX6,1,1
DGAT2,PRPSAP2,1,1
DGAT2,PRRX1,1,1
DGAT2,PTGFRN,1,1
DGAT2,PTPRD,1,1
DGAT2,RAB7B,1,1
DGAT2,RAPGEF5,1,1
DGAT2,RBMS1,1,1
DGAT2,RCC1L,1,1
DGAT2,RELN,1,1
DGAT2,RNASET2,1,1
DGAT2,RNF128,1,1
DGAT2,RNF152,1,1
DGAT2,RNF216,1,1
DGAT2,RP11-111F5.5,1,1
DGAT2,RP11-111K18.1,1,1
DGAT2,RPN1,1,1
DGAT2,RYR2,1,1
DGAT2,S100A13,1,1
DGAT2,SARM1,1,1
DGAT2,SCARA5,1,1
DGAT2,SCRG1,1,1
DGAT2,SDC2,1,1
DGAT2,SEC14L1,1,1
DGAT2,SEL1L3,1,1
DGAT2,SERPINE2,1,1
DGAT2,SLC19A3,1,1
DGAT2,SLC1A3,1,1
DGAT2,SLC26A4,1,1
DGAT2,SLC39A4,1,1
DGAT2,SLC5A3,1,1
DGAT2,SPARC,1,1
DGAT2,SPATS1,1,1
DGAT2,SPRY4,1,1
DGAT2,SRPRB,1,1
DGAT2,STK32B,1,1
DGAT2,SULF1,1,1
DGAT2,SUN1,1,1
DGAT2,SYTL5,1,1
DGAT2,TBC1D10B,1,1
DGAT2,TBXAS1,1,1
DGAT2,TCN1,1,1
DGAT2,TDRD1,1,1
DGAT2,TENM1,1,1
DGAT2,TESC,1,1
DGAT2,TGFA,1,1
DGAT2,TGFB3,1,1
DGAT2,TIGD1,1,1
DGAT2,TIMP1,1,1
DGAT2,TMEM67,1,1
DGAT2,TNFAIP6,1,1
DGAT2,TOR1AIP2,1,1
DGAT2,TOR3A,1,1
DGAT2,TPD52L1,1,1
DGAT2,TPGS2,1,1
DGAT2,TRIM47,1,1
DGAT2,TRIM51CP,1,1
DGAT2,TRIM9,1,1
DGAT2,TRPM8,1,1
DGAT2,TSPAN13,1,1
DGAT2,UNC13A,1,1
DGAT2,UNC5C,1,1
DGAT2,UNC80,1,1
DGAT2,UPF3A,1,1
DGAT2,UROC1,1,1
DGAT2,WBSCR22,1,1
DGAT2,WNK4,1,1
DGAT2,WWTR1,1,1
DGAT2,XIAP,1,1
DGAT2,XPR1,1,1
DGAT2,ZDHHC16,1,1
DGAT2,ZNF595,1,1
DGAT2,ZSCAN5A,1,1
DGAT2,BP-21264C1.1,1,1
ZNF92,C16ORF72,1,1
ZNF92,C17ORF89,1,1
ZNF92,CDKL1,1,1
ZNF92,CPNE3,1,1
ZNF92,DTD2,1,1
ZNF92,DYNLRB1,1,1
ZNF92,EIF1AX,1,1
ZNF92,EIF4H,1,1
ZNF92,FST,1,1
ZNF92,KDM5C,1,1
ZNF92,LDHB,1,1
ZNF92,LIMS1,1,1
ZNF92,MIPOL1,1,1
ZNF92,MMP16,1,1
ZNF92,NFIC,1,1
ZNF92,PCDHAC2,1,1
ZNF92,PRKAR1B,1,1
ZNF92,PTK7,1,1
ZNF92,PTPN12,1,1
ZNF92,RECQL,1,1
ZNF92,RP5-862P8.2,1,1
ZNF92,SNRPB2,1,1
ZNF92,SPHK1,1,1
ZNF92,SYAP1,1,1
ZNF92,TPI1,1,1
ZNF92,WT1,1,1
ZNF92,YWHAG,1,1
ZNF92,ZNF107,1,1
ST6GAL1,AC007040.11,1,1
ST6GAL1,ACAD9,1,1
ST6GAL1,ACTN2,1,1
ST6GAL1,ADAM15,1,1
ST6GAL1,ADAMTS9,1,1
ST6GAL1,ADCY1,1,1
ST6GAL1,AHR,1,1
ST6GAL1,AMOT,1,1
ST6GAL1,ANKRD54,1,1
ST6GAL1,APOO,1,1
ST6GAL1,ARHGAP25,1,1
ST6GAL1,ATP1B3,1,1
ST6GAL1,B4GALT4,1,1
ST6GAL1,C6ORF120,1,1
ST6GAL1,C8ORF58,1,1
ST6GAL1,CCSAP,1,1
ST6GAL1,CHRNA6,1,1
ST6GAL1,CLCC1,1,1
ST6GAL1,CLEC2B,1,1
ST6GAL1,CMB9-22P13.1,1,1
ST6GAL1,CMBL,1,1
ST6GAL1,COL19A1,1,1
ST6GAL1,COLGALT1,1,1
ST6GAL1,CPD,1,1
ST6GAL1,CRISPLD1,1,1
ST6GAL1,CUTA,1,1
ST6GAL1,CXCL16,1,1
ST6GAL1,DHX40,1,1
ST6GAL1,DOCK4,1,1
ST6GAL1,DPY19L1,1,1
ST6GAL1,EDEM3,1,1
ST6GAL1,ENOX1,1,1
ST6GAL1,EPDR1,1,1
ST6GAL1,ETV1,1,1
ST6GAL1,FAM122B,1,1
ST6GAL1,FAM198B,1,1
ST6GAL1,FCGR2A,1,1
ST6GAL1,FGF13,1,1
ST6GAL1,FKBP11,1,1
ST6GAL1,FKBP14,1,1
ST6GAL1,FKBP9P1,1,1
ST6GAL1,FRK,1,1
ST6GAL1,GALNT2,1,1
ST6GAL1,GHR,1,1
ST6GAL1,GLCCI1,1,1
ST6GAL1,HMCN1,1,1
ST6GAL1,ICAM1,1,1
ST6GAL1,ID4,1,1
ST6GAL1,IL1RAP,1,1
ST6GAL1,INTS10,1,1
ST6GAL1,ITGB5,1,1
ST6GAL1,ITPR2,1,1
ST6GAL1,KCNK5,1,1
ST6GAL1,KLF6,1,1
ST6GAL1,KRBA1,1,1
ST6GAL1,LIG3,1,1
ST6GAL1,LIN28B,1,1
ST6GAL1,LRIG1,1,1
ST6GAL1,MAML2,1,1
ST6GAL1,MAN1A2,1,1
ST6GAL1,MBTPS2,1,1
ST6GAL1,ME1,1,1
ST6GAL1,MEGF10,1,1
ST6GAL1,METTL14,1,1
ST6GAL1,MMP15,1,1
ST6GAL1,MRAP2,1,1
ST6GAL1,MRPL57,1,1
ST6GAL1,MTUS1,1,1
ST6GAL1,MYD88,1,1
ST6GAL1,MYH14,1,1
ST6GAL1,N4BP2L2,1,1
ST6GAL1,NAPG,1,1
ST6GAL1,NFKBIE,1,1
ST6GAL1,NOMO1,1,1
ST6GAL1,NOMO3,1,1
ST6GAL1,NSF,1,1
ST6GAL1,NT5DC2,1,1
ST6GAL1,P4HA1,1,1
ST6GAL1,PCOLCE2,1,1
ST6GAL1,PDGFRL,1,1
ST6GAL1,PGBD1,1,1
ST6GAL1,PGF,1,1
ST6GAL1,PGM1,1,1
ST6GAL1,PGM3,1,1
ST6GAL1,PGRMC1,1,1
ST6GAL1,PI15,1,1
ST6GAL1,PIEZO2,1,1
ST6GAL1,PLPP3,1,1
ST6GAL1,PNMA2,1,1
ST6GAL1,PPFIA3,1,1
ST6GAL1,PPIA,1,1
ST6GAL1,PPP2R2D,1,1
ST6GAL1,PSMD9,1,1
ST6GAL1,PTGFRN,1,1
ST6GAL1,RAD17,1,1
ST6GAL1,RCN2,1,1
ST6GAL1,RHOC,1,1
ST6GAL1,ROR1,1,1
ST6GAL1,RPL17,1,1
ST6GAL1,SCG2,1,1
ST6GAL1,SDSL,1,1
ST6GAL1,SHROOM1,1,1
ST6GAL1,SHROOM4,1,1
ST6GAL1,SLC19A3,1,1
ST6GAL1,SLC1A1,1,1
ST6GAL1,SLC22A5,1,1
ST6GAL1,SLC26A2,1,1
ST6GAL1,SLC26A4,1,1
ST6GAL1,SLC35G1,1,1
ST6GAL1,SMAP2,1,1
ST6GAL1,SORCS1,1,1
ST6GAL1,SOX5,1,1
ST6GAL1,SPHK2,1,1
ST6GAL1,SSFA2,1,1
ST6GAL1,ST3GAL1,1,1
ST6GAL1,STAG2,1,1
ST6GAL1,STON2,1,1
ST6GAL1,SUN1,1,1
ST6GAL1,SUN2,1,1
ST6GAL1,SWAP70,1,1
ST6GAL1,THOC2,1,1
ST6GAL1,TMEM14C,1,1
ST6GAL1,TMEM5,1,1
ST6GAL1,TMEM62,1,1
ST6GAL1,TNRC18,1,1
ST6GAL1,TVP23B,1,1
ST6GAL1,XPR1,1,1
ST6GAL1,ZBTB33,1,1
ST6GAL1,ZSCAN5A,1,1
PLXNB2,ABCA8,1,1
PLXNB2,ADGRB1,1,1
PLXNB2,AFAP1L2,1,1
PLXNB2,AGMO,1,1
PLXNB2,AKAP6,1,1
PLXNB2,ALS2CR11,1,1
PLXNB2,ANK3,1,1
PLXNB2,ANKRD45,1,1
PLXNB2,ARHGAP5,1,1
PLXNB2,ARHGAP6,1,1
PLXNB2,ARHGDIB,1,1
PLXNB2,ASB4,1,1
PLXNB2,ATP9A,1,1
PLXNB2,ATXN1,1,1
PLXNB2,B3GALT1,1,1
PLXNB2,B3GNT7,1,1
PLXNB2,B4GALNT3,1,1
PLXNB2,BST2,1,1
PLXNB2,C1QTNF3,1,1
PLXNB2,C1QTNF3-AMACR,1,1
PLXNB2,CADM4,1,1
PLXNB2,CBSL,1,1
PLXNB2,CDH12,1,1
PLXNB2,CHURC1-FNTB,1,1
PLXNB2,COL5A2,1,1
PLXNB2,COL9A2,1,1
PLXNB2,COL9A3,1,1
PLXNB2,CT45A1,1,1
PLXNB2,CT45A10,1,1
PLXNB2,CT45A3,1,1
PLXNB2,CT45A5,1,1
PLXNB2,CT45A6,1,1
PLXNB2,CT45A8,1,1
PLXNB2,CT45A9,1,1
PLXNB2,CT55,1,1
PLXNB2,CTBP2,1,1
PLXNB2,CYB561,1,1
PLXNB2,DDX43,1,1
PLXNB2,DNAH9,1,1
PLXNB2,DNAJB6,1,1
PLXNB2,DNAJC30,1,1
PLXNB2,EGFLAM,1,1
PLXNB2,EMILIN1,1,1
PLXNB2,EPHB3,1,1
PLXNB2,EYA2,1,1
PLXNB2,FAM212B,1,1
PLXNB2,FAM86B1,1,1
PLXNB2,FOXF1,1,1
PLXNB2,FOXP2,1,1
PLXNB2,GALNT5,1,1
PLXNB2,GLI2,1,1
PLXNB2,GPC1,1,1
PLXNB2,GRIK4,1,1
PLXNB2,GUCY1B3,1,1
PLXNB2,IGFBP2,1,1
PLXNB2,IL13RA2,1,1
PLXNB2,INSR,1,1
PLXNB2,ITIH6,1,1
PLXNB2,ITPRIPL2,1,1
PLXNB2,KALRN,1,1
PLXNB2,KCNC3,1,1
PLXNB2,KDM5C,1,1
PLXNB2,LAMA2,1,1
PLXNB2,LOXL3,1,1
PLXNB2,MAFB,1,1
PLXNB2,MAGEA4,1,1
PLXNB2,MAP2,1,1
PLXNB2,MEOX2,1,1
PLXNB2,MGP,1,1
PLXNB2,MICALL2,1,1
PLXNB2,MRPS6,1,1
PLXNB2,NAP1L5,1,1
PLXNB2,NCSTN,1,1
PLXNB2,NDRG1,1,1
PLXNB2,NDUFA8,1,1
PLXNB2,NKX2-5,1,1
PLXNB2,NPHP1,1,1
PLXNB2,NR0B1,1,1
PLXNB2,NTN1,1,1
PLXNB2,OLFML3,1,1
PLXNB2,PAPSS2,1,1
PLXNB2,PATZ1,1,1
PLXNB2,PCDHA1,1,1
PLXNB2,PCDHA10,1,1
PLXNB2,PCDHA11,1,1
PLXNB2,PCDHB11,1,1
PLXNB2,PCDHB15,1,1
PLXNB2,PCDHB16,1,1
PLXNB2,PCDHB17P,1,1
PLXNB2,PCDHB2,1,1
PLXNB2,PCDHB5,1,1
PLXNB2,PCDHB6,1,1
PLXNB2,PCDHB7,1,1
PLXNB2,PCDHGA3,1,1
PLXNB2,PCDHGA7,1,1
PLXNB2,PCOLCE,1,1
PLXNB2,PHLDB1,1,1
PLXNB2,PLBD1,1,1
PLXNB2,POU3F3,1,1
PLXNB2,PPFIA4,1,1
PLXNB2,PPP2R2B,1,1
PLXNB2,PRR4,1,1
PLXNB2,PRRX1,1,1
PLXNB2,PTCHD4,1,1
PLXNB2,PTPRD,1,1
PLXNB2,PTPRZ1,1,1
PLXNB2,RELN,1,1
PLXNB2,RGS16,1,1
PLXNB2,RORA,1,1
PLXNB2,RYR2,1,1
PLXNB2,S100A13,1,1
PLXNB2,SBNO2,1,1
PLXNB2,SCARA5,1,1
PLXNB2,SCRG1,1,1
PLXNB2,SCYL1,1,1
PLXNB2,SEL1L3,1,1
PLXNB2,SERPINE2,1,1
PLXNB2,SLC35E4,1,1
PLXNB2,SLC39A4,1,1
PLXNB2,SMIM3,1,1
PLXNB2,SNED1,1,1
PLXNB2,SNX1,1,1
PLXNB2,STK26,1,1
PLXNB2,SULF1,1,1
PLXNB2,SYTL5,1,1
PLXNB2,TCN1,1,1
PLXNB2,TDRD1,1,1
PLXNB2,TENM1,1,1
PLXNB2,TESC,1,1
PLXNB2,TIMM10B,1,1
PLXNB2,TNS2,1,1
PLXNB2,TRAFD1,1,1
PLXNB2,TRIM9,1,1
PLXNB2,UNC13A,1,1
PLXNB2,UNC5C,1,1
PLXNB2,USP9X,1,1
PLXNB2,XYLT1,1,1
PLXNB2,ZBTB45P2,1,1
PLXNB2,ZNF536,1,1
PLXNB2,ZNF595,1,1
DEPTOR,ADGRB1,1,1
DEPTOR,AFAP1L2,1,1
DEPTOR,AGMO,1,1
DEPTOR,ALG13,1,1
DEPTOR,ARHGAP6,1,1
DEPTOR,ART3,1,1
DEPTOR,ASB4,1,1
DEPTOR,ATP11C,1,1
DEPTOR,ATP9A,1,1
DEPTOR,B3GNT7,1,1
DEPTOR,B4GALNT3,1,1
DEPTOR,C1QTNF3-AMACR,1,1
DEPTOR,C1ORF115,1,1
DEPTOR,CACNA1H,1,1
DEPTOR,CADM4,1,1
DEPTOR,CALCOCO2,1,1
DEPTOR,CC2D1A,1,1
DEPTOR,CCM2,1,1
DEPTOR,CHPF,1,1
DEPTOR,CHST2,1,1
DEPTOR,CISD3,1,1
DEPTOR,COL11A2,1,1
DEPTOR,COL9A3,1,1
DEPTOR,CSGALNACT1,1,1
DEPTOR,CT45A1,1,1
DEPTOR,CT45A10,1,1
DEPTOR,CT45A3,1,1
DEPTOR,CT45A5,1,1
DEPTOR,CT45A6,1,1
DEPTOR,CT45A8,1,1
DEPTOR,CT45A9,1,1
DEPTOR,CXORF57,1,1
DEPTOR,CYB561,1,1
DEPTOR,DOK1,1,1
DEPTOR,EMILIN1,1,1
DEPTOR,ENG,1,1
DEPTOR,EPHA3,1,1
DEPTOR,ERLIN2,1,1
DEPTOR,EYA2,1,1
DEPTOR,FAM212B,1,1
DEPTOR,FAM46C,1,1
DEPTOR,FOXP2,1,1
DEPTOR,FUNDC1,1,1
DEPTOR,GLUD2,1,1
DEPTOR,GPC1,1,1
DEPTOR,GPR37,1,1
DEPTOR,GUCY1B3,1,1
DEPTOR,ID4,1,1
DEPTOR,IFI16,1,1
DEPTOR,IL13RA2,1,1
DEPTOR,ITGA10,1,1
DEPTOR,ITIH5,1,1
DEPTOR,ITPRIPL2,1,1
DEPTOR,KCNC3,1,1
DEPTOR,KDR,1,1
DEPTOR,KIFAP3,1,1
DEPTOR,LAMA4,1,1
DEPTOR,LAMB1,1,1
DEPTOR,LAMC3,1,1
DEPTOR,LDLRAP1,1,1
DEPTOR,LOXL3,1,1
DEPTOR,MAFB,1,1
DEPTOR,MAP2,1,1
DEPTOR,MATK,1,1
DEPTOR,MEOX2,1,1
DEPTOR,MMP15,1,1
DEPTOR,NDRG1,1,1
DEPTOR,NDUFA8,1,1
DEPTOR,NFIA,1,1
DEPTOR,NKX2-5,1,1
DEPTOR,NPHP1,1,1
DEPTOR,NPTX1,1,1
DEPTOR,NR0B1,1,1
DEPTOR,NR1D1,1,1
DEPTOR,NTN1,1,1
DEPTOR,P3H1,1,1
DEPTOR,PATZ1,1,1
DEPTOR,PCDH7,1,1
DEPTOR,PCDHB17P,1,1
DEPTOR,PCDHB5,1,1
DEPTOR,PCDHB6,1,1
DEPTOR,PCDHGA7,1,1
DEPTOR,PLBD1,1,1
DEPTOR,PMS2CL,1,1
DEPTOR,POU3F3,1,1
DEPTOR,PPIC,1,1
DEPTOR,PPP3CB,1,1
DEPTOR,RCC1L,1,1
DEPTOR,RELN,1,1
DEPTOR,RNASET2,1,1
DEPTOR,RORA,1,1
DEPTOR,RP11-958N24.2,1,1
DEPTOR,S100A13,1,1
DEPTOR,SCRG1,1,1
DEPTOR,SDC2,1,1
DEPTOR,SLC39A4,1,1
DEPTOR,SPATS1,1,1
DEPTOR,STK32B,1,1
DEPTOR,TBL2,1,1
DEPTOR,TESC,1,1
DEPTOR,TIMP1,1,1
DEPTOR,TNFAIP6,1,1
DEPTOR,TNS2,1,1
DEPTOR,TOR3A,1,1
DEPTOR,TRAFD1,1,1
DEPTOR,TRIM9,1,1
DEPTOR,UNC13A,1,1
DEPTOR,UNC5C,1,1
DEPTOR,VPS25,1,1
DEPTOR,WNK4,1,1
DEPTOR,XPR1,1,1
DEPTOR,ZNF595,1,1
AMOT,AC007040.11,1,1
AMOT,ACAD9,1,1
AMOT,ADAMTS9,1,1
AMOT,AMPD2,1,1
AMOT,ANKRD54,1,1
AMOT,ARHGAP25,1,1
AMOT,ASB9,1,1
AMOT,ATP1B3,1,1
AMOT,ATP5B,1,1
AMOT,BX004987.1,1,1
AMOT,CCSAP,1,1
AMOT,CENPL,1,1
AMOT,CHST6,1,1
AMOT,CLTC,1,1
AMOT,CMTM8,1,1
AMOT,COL19A1,1,1
AMOT,COLGALT1,1,1
AMOT,COPB2,1,1
AMOT,COX18,1,1
AMOT,CPD,1,1
AMOT,DARS2,1,1
AMOT,DLX5,1,1
AMOT,DPY19L1,1,1
AMOT,ECE2,1,1
AMOT,ELOVL2,1,1
AMOT,ENOX1,1,1
AMOT,EPDR1,1,1
AMOT,ERLEC1,1,1
AMOT,ETV4,1,1
AMOT,FCGR2A,1,1
AMOT,FGF13,1,1
AMOT,FUCA2,1,1
AMOT,GAD1,1,1
AMOT,GALNT2,1,1
AMOT,GATA4,1,1
AMOT,GHR,1,1
AMOT,GPC6,1,1
AMOT,GPD2,1,1
AMOT,GULP1,1,1
AMOT,ICAM1,1,1
AMOT,IPO8,1,1
AMOT,ITGB5,1,1
AMOT,KCNK5,1,1
AMOT,KDELR2,1,1
AMOT,KIAA1191,1,1
AMOT,LIG3,1,1
AMOT,LIN28B,1,1
AMOT,MAGEC1,1,1
AMOT,MBD4,1,1
AMOT,MCTS1,1,1
AMOT,ME1,1,1
AMOT,MEGF10,1,1
AMOT,MGAT5B,1,1
AMOT,MTIF2,1,1
AMOT,MYD88,1,1
AMOT,MYH14,1,1
AMOT,MYL9,1,1
AMOT,N4BP2L2,1,1
AMOT,NAPG,1,1
AMOT,NDUFAF2,1,1
AMOT,NOA1,1,1
AMOT,NOMO1,1,1
AMOT,NOMO3,1,1
AMOT,NSF,1,1
AMOT,PAQR7,1,1
AMOT,PCOLCE2,1,1
AMOT,PDGFRL,1,1
AMOT,PGM1,1,1
AMOT,PGM3,1,1
AMOT,PHB,1,1
AMOT,PI15,1,1
AMOT,PIEZO2,1,1
AMOT,PLPP3,1,1
AMOT,PMP2,1,1
AMOT,PNMA2,1,1
AMOT,PPARD,1,1
AMOT,PPIA,1,1
AMOT,RBAK,1,1
AMOT,RCN2,1,1
AMOT,RELL1,1,1
AMOT,RNF216,1,1
AMOT,ROR1,1,1
AMOT,RPL17,1,1
AMOT,RPL23,1,1
AMOT,RPTOR,1,1
AMOT,RUFY1,1,1
AMOT,SCG2,1,1
AMOT,SEMA3D,1,1
AMOT,SLC26A2,1,1
AMOT,SLC26A4,1,1
AMOT,SLC7A2,1,1
AMOT,SNTB1,1,1
AMOT,SOBP,1,1
AMOT,SSFA2,1,1
AMOT,STON2,1,1
AMOT,TBRG4,1,1
AMOT,TMEM5,1,1
AMOT,TPM3P9,1,1
AMOT,TVP23B,1,1
AMOT,UBASH3B,1,1
AMOT,UBE3C,1,1
AMOT,ZDHHC3,1,1
AMOT,ZNF593,1,1
SLC22A18AS,EGR3,1,1
SLC22A18AS,FZD1,1,1
SLC22A18AS,RNF157,1,1
SLC22A18AS,ZNF468,1,1
SLC22A18AS,ZNF860,1,1
NPTX1,ABCA8,1,1
NPTX1,AC004980.7,1,1
NPTX1,ACTN2,1,1
NPTX1,ADGRB1,1,1
NPTX1,AFAP1L2,1,1
NPTX1,AGMO,1,1
NPTX1,AKAP6,1,1
NPTX1,ALG13,1,1
NPTX1,ANGPT1,1,1
NPTX1,ANGPTL1,1,1
NPTX1,ANKRD45,1,1
NPTX1,AP3D1,1,1
NPTX1,ARHGAP25,1,1
NPTX1,ARHGAP6,1,1
NPTX1,ART3,1,1
NPTX1,ASB3,1,1
NPTX1,ASB4,1,1
NPTX1,ASCC3,1,1
NPTX1,ASL,1,1
NPTX1,ATP11C,1,1
NPTX1,ATP1B1,1,1
NPTX1,ATP2B1,1,1
NPTX1,ATP9A,1,1
NPTX1,B3GNT7,1,1
NPTX1,B4GALNT3,1,1
NPTX1,BCAP31,1,1
NPTX1,C1QTNF3,1,1
NPTX1,C1QTNF3-AMACR,1,1
NPTX1,CC2D1A,1,1
NPTX1,CD276,1,1
NPTX1,CELSR1,1,1
NPTX1,CEMIP,1,1
NPTX1,CEP70,1,1
NPTX1,CHPF,1,1
NPTX1,CHURC1-FNTB,1,1
NPTX1,COL9A2,1,1
NPTX1,COL9A3,1,1
NPTX1,COLGALT2,1,1
NPTX1,CSGALNACT1,1,1
NPTX1,CT45A1,1,1
NPTX1,CT45A10,1,1
NPTX1,CT45A3,1,1
NPTX1,CT45A5,1,1
NPTX1,CT45A6,1,1
NPTX1,CT45A8,1,1
NPTX1,CT45A9,1,1
NPTX1,CT55,1,1
NPTX1,DMRT2,1,1
NPTX1,DMRTA1,1,1
NPTX1,DNAH9,1,1
NPTX1,DOK1,1,1
NPTX1,DUSP2,1,1
NPTX1,DYNLT3,1,1
NPTX1,EGFLAM,1,1
NPTX1,EMILIN1,1,1
NPTX1,ENAH,1,1
NPTX1,ENG,1,1
NPTX1,EPHA3,1,1
NPTX1,EPHB3,1,1
NPTX1,ERLIN2,1,1
NPTX1,EYA2,1,1
NPTX1,FAM117B,1,1
NPTX1,FAM133A,1,1
NPTX1,FAM188B,1,1
NPTX1,FAM198B,1,1
NPTX1,FAM212B,1,1
NPTX1,FAM46C,1,1
NPTX1,FAM86B1,1,1
NPTX1,FKBP14,1,1
NPTX1,FKBP9P1,1,1
NPTX1,FOXF1,1,1
NPTX1,FREM2,1,1
NPTX1,FSIP2,1,1
NPTX1,GALNT5,1,1
NPTX1,GLUD2,1,1
NPTX1,GPC1,1,1
NPTX1,GPC3,1,1
NPTX1,GPC4,1,1
NPTX1,GRIK4,1,1
NPTX1,HS3ST3B1,1,1
NPTX1,IARS2,1,1
NPTX1,ID4,1,1
NPTX1,IGFBP2,1,1
NPTX1,IGFBP5,1,1
NPTX1,IL13RA2,1,1
NPTX1,IL1RAP,1,1
NPTX1,IL27RA,1,1
NPTX1,IL6ST,1,1
NPTX1,INTS10,1,1
NPTX1,ITGA10,1,1
NPTX1,ITIH5,1,1
NPTX1,ITIH6,1,1
NPTX1,ITPR2,1,1
NPTX1,ITPRIPL2,1,1
NPTX1,JKAMP,1,1
NPTX1,KALRN,1,1
NPTX1,KCNC3,1,1
NPTX1,KDR,1,1
NPTX1,KIAA0040,1,1
NPTX1,LAMA4,1,1
NPTX1,LAMB1,1,1
NPTX1,LAMC3,1,1
NPTX1,LONRF2,1,1
NPTX1,LOXL3,1,1
NPTX1,LYPLAL1,1,1
NPTX1,MAFB,1,1
NPTX1,MAGEA4,1,1
NPTX1,MATK,1,1
NPTX1,ME1,1,1
NPTX1,MEOX2,1,1
NPTX1,MICALL2,1,1
NPTX1,MMP15,1,1
NPTX1,MMP16,1,1
NPTX1,MRAP2,1,1
NPTX1,MTUS1,1,1
NPTX1,NDRG1,1,1
NPTX1,NKX2-5,1,1
NPTX1,NOMO3,1,1
NPTX1,NPAS1,1,1
NPTX1,NR0B1,1,1
NPTX1,NR1D1,1,1
NPTX1,NSUN5,1,1
NPTX1,NTN1,1,1
NPTX1,OLFML3,1,1
NPTX1,P3H1,1,1
NPTX1,P3H2,1,1
NPTX1,PAPSS2,1,1
NPTX1,PATZ1,1,1
NPTX1,PCDHA1,1,1
NPTX1,PCDHA10,1,1
NPTX1,PCDHA11,1,1
NPTX1,PCDHB15,1,1
NPTX1,PCDHB16,1,1
NPTX1,PCDHB17P,1,1
NPTX1,PCDHB2,1,1
NPTX1,PCDHB5,1,1
NPTX1,PCDHB6,1,1
NPTX1,PCDHB7,1,1
NPTX1,PCDHGA7,1,1
NPTX1,PDDC1,1,1
NPTX1,PGF,1,1
NPTX1,PGM3,1,1
NPTX1,PIP5K1B,1,1
NPTX1,PITPNC1,1,1
NPTX1,PLBD1,1,1
NPTX1,PLEKHS1,1,1
NPTX1,PLXNB3,1,1
NPTX1,PMS2CL,1,1
NPTX1,POU3F3,1,1
NPTX1,PPIC,1,1
NPTX1,PRDX6,1,1
NPTX1,PRRX1,1,1
NPTX1,PTGFRN,1,1
NPTX1,PTPRD,1,1
NPTX1,RAB7B,1,1
NPTX1,RBMS1,1,1
NPTX1,RELN,1,1
NPTX1,RNASET2,1,1
NPTX1,RNF128,1,1
NPTX1,RNF152,1,1
NPTX1,RPN1,1,1
NPTX1,RYR2,1,1
NPTX1,S100A13,1,1
NPTX1,SARM1,1,1
NPTX1,SCARA5,1,1
NPTX1,SCRG1,1,1
NPTX1,SDC2,1,1
NPTX1,SEC14L1,1,1
NPTX1,SERPINE2,1,1
NPTX1,SLC19A3,1,1
NPTX1,SLC26A4,1,1
NPTX1,SLC39A4,1,1
NPTX1,SPATS1,1,1
NPTX1,SPRY4,1,1
NPTX1,SRPRB,1,1
NPTX1,STK32B,1,1
NPTX1,STON2,1,1
NPTX1,SUN1,1,1
NPTX1,SYTL5,1,1
NPTX1,TBC1D10B,1,1
NPTX1,TBXAS1,1,1
NPTX1,TCN1,1,1
NPTX1,TDRD1,1,1
NPTX1,TESC,1,1
NPTX1,TGFA,1,1
NPTX1,TGFB3,1,1
NPTX1,TIGD1,1,1
NPTX1,TIMP1,1,1
NPTX1,TNFAIP6,1,1
NPTX1,TOR1AIP2,1,1
NPTX1,TOR3A,1,1
NPTX1,TPD52L1,1,1
NPTX1,TPGS2,1,1
NPTX1,TRIM47,1,1
NPTX1,TRIM51CP,1,1
NPTX1,TRIM9,1,1
NPTX1,TSPAN13,1,1
NPTX1,UNC13A,1,1
NPTX1,UNC5C,1,1
NPTX1,UNC80,1,1
NPTX1,UPF3A,1,1
NPTX1,WBSCR22,1,1
NPTX1,WNK4,1,1
NPTX1,WWTR1,1,1
NPTX1,XIAP,1,1
NPTX1,XPR1,1,1
NPTX1,ZBTB45P2,1,1
NPTX1,ZDHHC16,1,1
NPTX1,ZNF595,1,1
SORCS1,ADAM15,1,1
SORCS1,ADCY1,1,1
SORCS1,ANKRD54,1,1
SORCS1,APOO,1,1
SORCS1,ATP1B3,1,1
SORCS1,B4GALT4,1,1
SORCS1,BORCS7,1,1
SORCS1,C3ORF67,1,1
SORCS1,C8ORF58,1,1
SORCS1,CISD3,1,1
SORCS1,CMB9-22P13.1,1,1
SORCS1,CNOT6,1,1
SORCS1,COPG1,1,1
SORCS1,CPD,1,1
SORCS1,CRISPLD1,1,1
SORCS1,CUTA,1,1
SORCS1,DGKH,1,1
SORCS1,ENOX1,1,1
SORCS1,ETV1,1,1
SORCS1,FAM175A,1,1
SORCS1,FCGR2A,1,1
SORCS1,FKBP11,1,1
SORCS1,FKBP14,1,1
SORCS1,FKBP9,1,1
SORCS1,FKBP9P1,1,1
SORCS1,GALNT2,1,1
SORCS1,GAS7,1,1
SORCS1,GDI2,1,1
SORCS1,GHR,1,1
SORCS1,GLCCI1,1,1
SORCS1,GORAB,1,1
SORCS1,GRIK2,1,1
SORCS1,HMCN1,1,1
SORCS1,ID4,1,1
SORCS1,IL13RA1,1,1
SORCS1,INTS10,1,1
SORCS1,ITGA9,1,1
SORCS1,ITGB5,1,1
SORCS1,KLF6,1,1
SORCS1,LIG3,1,1
SORCS1,MAN1B1,1,1
SORCS1,METTL14,1,1
SORCS1,METTL23,1,1
SORCS1,MMP15,1,1
SORCS1,MRPL57,1,1
SORCS1,NFKBIE,1,1
SORCS1,NOMO1,1,1
SORCS1,NR1D1,1,1
SORCS1,NT5DC2,1,1
SORCS1,PGBD1,1,1
SORCS1,PGF,1,1
SORCS1,PGRMC1,1,1
SORCS1,PPFIA3,1,1
SORCS1,PPP2R2D,1,1
SORCS1,PSMD9,1,1
SORCS1,PTGFRN,1,1
SORCS1,PWWP2A,1,1
SORCS1,RAD17,1,1
SORCS1,RELL2,1,1
SORCS1,ROR1,1,1
SORCS1,SCARF2,1,1
SORCS1,SDSL,1,1
SORCS1,SHROOM1,1,1
SORCS1,SLC19A3,1,1
SORCS1,SLC1A1,1,1
SORCS1,SLC26A2,1,1
SORCS1,SLC35G1,1,1
SORCS1,SMAP2,1,1
SORCS1,TMEM62,1,1
SORCS1,TRPM3,1,1
SORCS1,TXNL1,1,1
SORCS1,ZNF33B,1,1
SORCS1,ZNF736,1,1
SORCS1,ZSCAN5A,1,1
NPTN,ANKS1A,1,1
NPTN,B3GNT2,1,1
NPTN,MFSD1,1,1
NPTN,TMEM131,1,1
NPTN,TMEM87A,1,1
NPTN,TMEM87B,1,1
CT55,ABCA8,1,1
CT55,AC004980.7,1,1
CT55,ADAP1,1,1
CT55,ADGRB1,1,1
CT55,AFAP1L2,1,1
CT55,AGMO,1,1
CT55,AKAP6,1,1
CT55,ALS2CR11,1,1
CT55,ANK3,1,1
CT55,ANKH,1,1
CT55,ANKRD45,1,1
CT55,ARCN1,1,1
CT55,ARHGAP6,1,1
CT55,ARHGDIB,1,1
CT55,ART3,1,1
CT55,ASB4,1,1
CT55,ASL,1,1
CT55,ATP1B1,1,1
CT55,ATP9A,1,1
CT55,B3GNT7,1,1
CT55,B4GALNT3,1,1
CT55,BATF3,1,1
CT55,BMP6,1,1
CT55,BST2,1,1
CT55,C17ORF96,1,1
CT55,C1QTNF3,1,1
CT55,C1QTNF3-AMACR,1,1
CT55,CADM4,1,1
CT55,CBSL,1,1
CT55,CC2D1A,1,1
CT55,CD276,1,1
CT55,CDH12,1,1
CT55,CEP70,1,1
CT55,CHRDL1,1,1
CT55,CHURC1-FNTB,1,1
CT55,COL9A2,1,1
CT55,COL9A3,1,1
CT55,COLGALT2,1,1
CT55,CSMD1,1,1
CT55,CT45A1,1,1
CT55,CT45A10,1,1
CT55,CT45A3,1,1
CT55,CT45A5,1,1
CT55,CT45A6,1,1
CT55,CT45A8,1,1
CT55,CT45A9,1,1
CT55,DMRT2,1,1
CT55,DMRTA1,1,1
CT55,DNAH9,1,1
CT55,DNAJC30,1,1
CT55,DOK1,1,1
CT55,DSCR8,1,1
CT55,DUSP23,1,1
CT55,DYNLT3,1,1
CT55,EGFLAM,1,1
CT55,EIF4H,1,1
CT55,EMILIN1,1,1
CT55,ENAH,1,1
CT55,EPHA3,1,1
CT55,EPHB3,1,1
CT55,EYA2,1,1
CT55,FAM117B,1,1
CT55,FAM133A,1,1
CT55,FAM212B,1,1
CT55,FAM46C,1,1
CT55,FAM86B1,1,1
CT55,FMOD,1,1
CT55,FOLH1,1,1
CT55,FOXF1,1,1
CT55,FREM2,1,1
CT55,FSCN1,1,1
CT55,FSIP2,1,1
CT55,FST,1,1
CT55,GALNT5,1,1
CT55,GLI2,1,1
CT55,GPC1,1,1
CT55,GRIK4,1,1
CT55,GUCY1B3,1,1
CT55,IGFBP2,1,1
CT55,IGFBP5,1,1
CT55,IL13RA2,1,1
CT55,IL27RA,1,1
CT55,ITIH5,1,1
CT55,ITIH6,1,1
CT55,ITPRIPL2,1,1
CT55,JARID2,1,1
CT55,KALRN,1,1
CT55,KCNC3,1,1
CT55,KDM5C,1,1
CT55,KIAA1671,1,1
CT55,LAMA2,1,1
CT55,LAMA4,1,1
CT55,LONRF2,1,1
CT55,LOXL3,1,1
CT55,MAFB,1,1
CT55,MAGEA4,1,1
CT55,MAMDC2,1,1
CT55,MATK,1,1
CT55,MEOX2,1,1
CT55,MGP,1,1
CT55,MICALL2,1,1
CT55,MMP16,1,1
CT55,MRPS6,1,1
CT55,MYO5B,1,1
CT55,NDRG1,1,1
CT55,NDUFA8,1,1
CT55,NGRN,1,1
CT55,NKX2-5,1,1
CT55,NR0B1,1,1
CT55,NTN1,1,1
CT55,OAF,1,1
CT55,OLFML3,1,1
CT55,P3H2,1,1
CT55,P3H4,1,1
CT55,PAPSS2,1,1
CT55,PATZ1,1,1
CT55,PCDHA1,1,1
CT55,PCDHA10,1,1
CT55,PCDHA11,1,1
CT55,PCDHA7,1,1
CT55,PCDHAC2,1,1
CT55,PCDHB11,1,1
CT55,PCDHB12,1,1
CT55,PCDHB15,1,1
CT55,PCDHB16,1,1
CT55,PCDHB17P,1,1
CT55,PCDHB2,1,1
CT55,PCDHB5,1,1
CT55,PCDHB6,1,1
CT55,PCDHB7,1,1
CT55,PCDHGA7,1,1
CT55,PCOLCE,1,1
CT55,PDDC1,1,1
CT55,PITPNC1,1,1
CT55,PLBD1,1,1
CT55,PLEKHS1,1,1
CT55,PLXNB3,1,1
CT55,PNPO,1,1
CT55,POLRMT,1,1
CT55,POU3F3,1,1
CT55,PPFIA4,1,1
CT55,PRKAR1B,1,1
CT55,PRR4,1,1
CT55,PRRX1,1,1
CT55,PTPA,1,1
CT55,PTPRD,1,1
CT55,RAB7B,1,1
CT55,RANBP17,1,1
CT55,RBMS1,1,1
CT55,RELN,1,1
CT55,RGS16,1,1
CT55,RNF152,1,1
CT55,RP11-111K18.1,1,1
CT55,RP5-862P8.2,1,1
CT55,RYR2,1,1
CT55,SARM1,1,1
CT55,SBNO2,1,1
CT55,SCARA5,1,1
CT55,SCRG1,1,1
CT55,SEC14L1,1,1
CT55,SEL1L3,1,1
CT55,SERPINE2,1,1
CT55,SLC1A3,1,1
CT55,SLC35E4,1,1
CT55,SLC39A4,1,1
CT55,SLC43A2,1,1
CT55,SMIM3,1,1
CT55,SPATS1,1,1
CT55,STK26,1,1
CT55,STK32B,1,1
CT55,SYAP1,1,1
CT55,SYTL5,1,1
CT55,TBXAS1,1,1
CT55,TCN1,1,1
CT55,TDRD1,1,1
CT55,TENM1,1,1
CT55,TESC,1,1
CT55,TGFA,1,1
CT55,TGFB3,1,1
CT55,TIGD1,1,1
CT55,TNFAIP6,1,1
CT55,TRIM9,1,1
CT55,TSPAN13,1,1
CT55,TSR3,1,1
CT55,TYW1B,1,1
CT55,UBA1,1,1
CT55,UNC13A,1,1
CT55,UNC5C,1,1
CT55,UPF3A,1,1
CT55,UROC1,1,1
CT55,WBSCR22,1,1
CT55,WNK4,1,1
CT55,WT1,1,1
CT55,WWTR1,1,1
CT55,ZBTB45P2,1,1
CT55,ZNF595,1,1
CT55,BP-21264C1.1,1,1
RECQL,CCDC61,1,1
RECQL,CPNE3,1,1
RECQL,DTD2,1,1
RECQL,DYNLRB1,1,1
RECQL,EIF4H,1,1
RECQL,GNB4,1,1
RECQL,LDHB,1,1
RECQL,OGFRL1,1,1
RECQL,OSBPL8,1,1
RECQL,PRKAR1B,1,1
RECQL,RNF7,1,1
RECQL,WT1,1,1
RECQL,YWHAG,1,1
RECQL,ZNF107,1,1
MAP1A,RTKN,1,1
PPFIA4,ABCA8,1,1
PPFIA4,ADGRB1,1,1
PPFIA4,AFAP1L2,1,1
PPFIA4,AGMO,1,1
PPFIA4,AKAP6,1,1
PPFIA4,ALS2CR11,1,1
PPFIA4,ANK3,1,1
PPFIA4,ANKRD45,1,1
PPFIA4,ARHGAP5,1,1
PPFIA4,ARHGAP6,1,1
PPFIA4,ARHGDIB,1,1
PPFIA4,ASB4,1,1
PPFIA4,ATP1B1,1,1
PPFIA4,ATP9A,1,1
PPFIA4,B3GALT1,1,1
PPFIA4,B3GNT7,1,1
PPFIA4,B4GALNT3,1,1
PPFIA4,BMP6,1,1
PPFIA4,BST2,1,1
PPFIA4,C1QTNF3,1,1
PPFIA4,C1QTNF3-AMACR,1,1
PPFIA4,CADM4,1,1
PPFIA4,CBSL,1,1
PPFIA4,CCDC113,1,1
PPFIA4,CCDC144B,1,1
PPFIA4,CDH12,1,1
PPFIA4,CHURC1-FNTB,1,1
PPFIA4,COL5A2,1,1
PPFIA4,COL9A1,1,1
PPFIA4,COL9A2,1,1
PPFIA4,COL9A3,1,1
PPFIA4,COLGALT2,1,1
PPFIA4,CSMD1,1,1
PPFIA4,CT45A1,1,1
PPFIA4,CT45A10,1,1
PPFIA4,CT45A3,1,1
PPFIA4,CT45A5,1,1
PPFIA4,CT45A6,1,1
PPFIA4,CT45A8,1,1
PPFIA4,CT45A9,1,1
PPFIA4,CTBP2,1,1
PPFIA4,CYB561,1,1
PPFIA4,DDX43,1,1
PPFIA4,DMRTA1,1,1
PPFIA4,DNAH9,1,1
PPFIA4,DNAJB6,1,1
PPFIA4,DNAJC30,1,1
PPFIA4,DSCR8,1,1
PPFIA4,EGFLAM,1,1
PPFIA4,EIF4H,1,1
PPFIA4,EMILIN1,1,1
PPFIA4,EPHB3,1,1
PPFIA4,EYA2,1,1
PPFIA4,F2RL2,1,1
PPFIA4,FAM133A,1,1
PPFIA4,FAM212B,1,1
PPFIA4,FAM86B1,1,1
PPFIA4,FMOD,1,1
PPFIA4,FOLH1,1,1
PPFIA4,FOXF1,1,1
PPFIA4,FSCN1,1,1
PPFIA4,FSIP2,1,1
PPFIA4,GALNT5,1,1
PPFIA4,GLI2,1,1
PPFIA4,GPC1,1,1
PPFIA4,GRIK4,1,1
PPFIA4,GUCY1B3,1,1
PPFIA4,IGFBP2,1,1
PPFIA4,IGFBP3,1,1
PPFIA4,IL13RA2,1,1
PPFIA4,ITIH5,1,1
PPFIA4,ITIH6,1,1
PPFIA4,ITPRIPL2,1,1
PPFIA4,JARID2,1,1
PPFIA4,KALRN,1,1
PPFIA4,KCNC3,1,1
PPFIA4,KDM5C,1,1
PPFIA4,LAMA2,1,1
PPFIA4,LIFR,1,1
PPFIA4,LOXL3,1,1
PPFIA4,MAFB,1,1
PPFIA4,MAGEA4,1,1
PPFIA4,MEOX2,1,1
PPFIA4,MGP,1,1
PPFIA4,MICALL2,1,1
PPFIA4,MRPS6,1,1
PPFIA4,NDUFA8,1,1
PPFIA4,NGRN,1,1
PPFIA4,NKX2-5,1,1
PPFIA4,NPHP1,1,1
PPFIA4,NR0B1,1,1
PPFIA4,NTN1,1,1
PPFIA4,OAF,1,1
PPFIA4,OLFML3,1,1
PPFIA4,P3H4,1,1
PPFIA4,PAPSS2,1,1
PPFIA4,PATZ1,1,1
PPFIA4,PCDHA1,1,1
PPFIA4,PCDHA10,1,1
PPFIA4,PCDHA11,1,1
PPFIA4,PCDHA13,1,1
PPFIA4,PCDHA7,1,1
PPFIA4,PCDHAC2,1,1
PPFIA4,PCDHB11,1,1
PPFIA4,PCDHB15,1,1
PPFIA4,PCDHB16,1,1
PPFIA4,PCDHB17P,1,1
PPFIA4,PCDHB2,1,1
PPFIA4,PCDHB5,1,1
PPFIA4,PCDHB6,1,1
PPFIA4,PCDHB7,1,1
PPFIA4,PCDHGA3,1,1
PPFIA4,PCDHGA7,1,1
PPFIA4,PCOLCE,1,1
PPFIA4,PLBD1,1,1
PPFIA4,PLEKHS1,1,1
PPFIA4,POU3F3,1,1
PPFIA4,PPP2R2B,1,1
PPFIA4,PRR4,1,1
PPFIA4,PRRX1,1,1
PPFIA4,PTPRD,1,1
PPFIA4,RANBP17,1,1
PPFIA4,RELN,1,1
PPFIA4,RGS16,1,1
PPFIA4,RYR2,1,1
PPFIA4,S100A13,1,1
PPFIA4,SBNO2,1,1
PPFIA4,SCARA5,1,1
PPFIA4,SCRG1,1,1
PPFIA4,SEL1L3,1,1
PPFIA4,SEMA3E,1,1
PPFIA4,SERPINA3,1,1
PPFIA4,SERPINE2,1,1
PPFIA4,SLC35E4,1,1
PPFIA4,SLC5A3,1,1
PPFIA4,SMIM3,1,1
PPFIA4,SMTN,1,1
PPFIA4,SNED1,1,1
PPFIA4,STK26,1,1
PPFIA4,SULF1,1,1
PPFIA4,SYTL5,1,1
PPFIA4,TBXAS1,1,1
PPFIA4,TCN1,1,1
PPFIA4,TENM1,1,1
PPFIA4,TESC,1,1
PPFIA4,TRIM9,1,1
PPFIA4,TSR3,1,1
PPFIA4,TYW1B,1,1
PPFIA4,UNC13A,1,1
PPFIA4,UNC5C,1,1
PPFIA4,UROC1,1,1
PPFIA4,USP9X,1,1
PPFIA4,WBSCR22,1,1
PPFIA4,ZBTB45P2,1,1
PPFIA4,ZNF536,1,1
PPFIA4,ZNF595,1,1
PPFIA4,BP-21264C1.1,1,1
ELOVL2,AC007040.11,1,1
ELOVL2,ADAMTS9,1,1
ELOVL2,AMPD2,1,1
ELOVL2,ASB9,1,1
ELOVL2,ATXN3,1,1
ELOVL2,B3GNT2,1,1
ELOVL2,C5ORF15,1,1
ELOVL2,CENPL,1,1
ELOVL2,CEP85L,1,1
ELOVL2,CLCC1,1,1
ELOVL2,CLTC,1,1
ELOVL2,CNKSR3,1,1
ELOVL2,COL19A1,1,1
ELOVL2,COLGALT1,1,1
ELOVL2,COX18,1,1
ELOVL2,DARS2,1,1
ELOVL2,DGKI,1,1
ELOVL2,DOCK10,1,1
ELOVL2,DPY19L1,1,1
ELOVL2,DUS3L,1,1
ELOVL2,EBF1,1,1
ELOVL2,ECE2,1,1
ELOVL2,EN2,1,1
ELOVL2,EPDR1,1,1
ELOVL2,ETV4,1,1
ELOVL2,FAM3C,1,1
ELOVL2,FGF13,1,1
ELOVL2,FUCA2,1,1
ELOVL2,GPD2,1,1
ELOVL2,H1FX,1,1
ELOVL2,HOXD13,1,1
ELOVL2,ICAM1,1,1
ELOVL2,ITGB3,1,1
ELOVL2,KCNK5,1,1
ELOVL2,KDELR2,1,1
ELOVL2,KDM1B,1,1
ELOVL2,KIAA1191,1,1
ELOVL2,LIMK1,1,1
ELOVL2,LIN28B,1,1
ELOVL2,MAGT1,1,1
ELOVL2,MAN1A2,1,1
ELOVL2,MAP2K3,1,1
ELOVL2,MEGF10,1,1
ELOVL2,MGAT5B,1,1
ELOVL2,MYH14,1,1
ELOVL2,MYL9,1,1
ELOVL2,NOA1,1,1
ELOVL2,P4HA1,1,1
ELOVL2,PAQR7,1,1
ELOVL2,PFKFB4,1,1
ELOVL2,PGM1,1,1
ELOVL2,PHB,1,1
ELOVL2,PLAT,1,1
ELOVL2,PLPP3,1,1
ELOVL2,PMP2,1,1
ELOVL2,PPARD,1,1
ELOVL2,RCN2,1,1
ELOVL2,RHOC,1,1
ELOVL2,RPTOR,1,1
ELOVL2,SEMA3D,1,1
ELOVL2,SH2B3,1,1
ELOVL2,SLC4A7,1,1
ELOVL2,SLC7A2,1,1
ELOVL2,SOBP,1,1
ELOVL2,SSFA2,1,1
ELOVL2,STON2,1,1
ELOVL2,SWAP70,1,1
ELOVL2,TBRG4,1,1
ELOVL2,TIMM44,1,1
ELOVL2,TMEM45A,1,1
ELOVL2,TMEM5,1,1
ELOVL2,TMEM87B,1,1
ELOVL2,TNRC18,1,1
ELOVL2,TPM3P9,1,1
ELOVL2,UBASH3B,1,1
ELOVL2,UBE3C,1,1
ELOVL2,UXS1,1,1
ELOVL2,VAC14,1,1
ELOVL2,WDR37,1,1
ELOVL2,ZDHHC3,1,1
ELOVL2,ZNF593,1,1
VSIG10,AGTPBP1,1,1
VSIG10,FAM175A,1,1
VSIG10,KAT2A,1,1
VSIG10,TMEM54,1,1
MPG,MBD2,1,1
MPG,PATL1,1,1
MPG,PWWP2A,1,1
MPG,RUBCN,1,1
MPG,SMC6,1,1
MPG,TIMMDC1,1,1
MPG,TRAPPC10,1,1
MPG,UPF2,1,1
MPG,YTHDC1,1,1
MPG,ZFP28,1,1
MPG,ZMYND11,1,1
ZSCAN5A,ACTN2,1,1
ZSCAN5A,ADAM15,1,1
ZSCAN5A,ADCY1,1,1
ZSCAN5A,AHR,1,1
ZSCAN5A,ALG13,1,1
ZSCAN5A,ANGPT1,1,1
ZSCAN5A,ANKRD54,1,1
ZSCAN5A,APOO,1,1
ZSCAN5A,ARHGAP25,1,1
ZSCAN5A,ATP1B3,1,1
ZSCAN5A,CEP70,1,1
ZSCAN5A,CHRNA6,1,1
ZSCAN5A,CLCC1,1,1
ZSCAN5A,CLEC2B,1,1
ZSCAN5A,CNIH3,1,1
ZSCAN5A,COLGALT1,1,1
ZSCAN5A,COPB2,1,1
ZSCAN5A,CPD,1,1
ZSCAN5A,CRISPLD1,1,1
ZSCAN5A,CSGALNACT1,1,1
ZSCAN5A,CUTA,1,1
ZSCAN5A,CXCL16,1,1
ZSCAN5A,DOCK4,1,1
ZSCAN5A,DOK1,1,1
ZSCAN5A,DPY19L1,1,1
ZSCAN5A,EBF1,1,1
ZSCAN5A,ENAH,1,1
ZSCAN5A,ENOX1,1,1
ZSCAN5A,EPDR1,1,1
ZSCAN5A,EPHA3,1,1
ZSCAN5A,ERLEC1,1,1
ZSCAN5A,ERLIN2,1,1
ZSCAN5A,ETV1,1,1
ZSCAN5A,FAM133A,1,1
ZSCAN5A,FAM175A,1,1
ZSCAN5A,FAM188B,1,1
ZSCAN5A,FAM198B,1,1
ZSCAN5A,FAM46C,1,1
ZSCAN5A,FGF13,1,1
ZSCAN5A,FKBP11,1,1
ZSCAN5A,FKBP14,1,1
ZSCAN5A,FKBP9P1,1,1
ZSCAN5A,GAS7,1,1
ZSCAN5A,GHR,1,1
ZSCAN5A,GLCCI1,1,1
ZSCAN5A,GLUD2,1,1
ZSCAN5A,GNS,1,1
ZSCAN5A,GPC3,1,1
ZSCAN5A,GPC4,1,1
ZSCAN5A,GPD2,1,1
ZSCAN5A,GRIK2,1,1
ZSCAN5A,HMCN1,1,1
ZSCAN5A,IARS2,1,1
ZSCAN5A,ICAM1,1,1
ZSCAN5A,ID4,1,1
ZSCAN5A,IL1RAP,1,1
ZSCAN5A,IL6ST,1,1
ZSCAN5A,INTS10,1,1
ZSCAN5A,ITGB5,1,1
ZSCAN5A,ITPR2,1,1
ZSCAN5A,KCNC4,1,1
ZSCAN5A,KCNK5,1,1
ZSCAN5A,KIAA0040,1,1
ZSCAN5A,LAMA4,1,1
ZSCAN5A,LAMB1,1,1
ZSCAN5A,LIN28B,1,1
ZSCAN5A,LYPLAL1,1,1
ZSCAN5A,MAML2,1,1
ZSCAN5A,ME1,1,1
ZSCAN5A,METTL14,1,1
ZSCAN5A,MMP15,1,1
ZSCAN5A,MRAP2,1,1
ZSCAN5A,MRPL57,1,1
ZSCAN5A,MTUS1,1,1
ZSCAN5A,NOMO3,1,1
ZSCAN5A,NPAS1,1,1
ZSCAN5A,NSF,1,1
ZSCAN5A,NT5DC2,1,1
ZSCAN5A,P3H1,1,1
ZSCAN5A,P3H2,1,1
ZSCAN5A,P4HA1,1,1
ZSCAN5A,PCOLCE2,1,1
ZSCAN5A,PDDC1,1,1
ZSCAN5A,PGF,1,1
ZSCAN5A,PGM1,1,1
ZSCAN5A,PGM3,1,1
ZSCAN5A,PGRMC1,1,1
ZSCAN5A,PIEZO2,1,1
ZSCAN5A,PLPP3,1,1
ZSCAN5A,PLXNB3,1,1
ZSCAN5A,PMS2CL,1,1
ZSCAN5A,PPFIA3,1,1
ZSCAN5A,PPP2R2D,1,1
ZSCAN5A,PRDX6,1,1
ZSCAN5A,PRPSAP2,1,1
ZSCAN5A,PTGFRN,1,1
ZSCAN5A,RAD17,1,1
ZSCAN5A,RCN2,1,1
ZSCAN5A,RNF152,1,1
ZSCAN5A,ROR1,1,1
ZSCAN5A,RPN1,1,1
ZSCAN5A,SCG2,1,1
ZSCAN5A,SDC2,1,1
ZSCAN5A,SERPINE2,1,1
ZSCAN5A,SHROOM1,1,1
ZSCAN5A,SLC19A3,1,1
ZSCAN5A,SLC1A1,1,1
ZSCAN5A,SLC26A2,1,1
ZSCAN5A,SLC26A4,1,1
ZSCAN5A,SMAP2,1,1
ZSCAN5A,SOX5,1,1
ZSCAN5A,SPRY4,1,1
ZSCAN5A,SRPRB,1,1
ZSCAN5A,STK32B,1,1
ZSCAN5A,STON2,1,1
ZSCAN5A,SUN1,1,1
ZSCAN5A,TGFB3,1,1
ZSCAN5A,TIMP1,1,1
ZSCAN5A,TMEM5,1,1
ZSCAN5A,TMEM62,1,1
ZSCAN5A,TMEM67,1,1
ZSCAN5A,TNFAIP6,1,1
ZSCAN5A,TNRC18,1,1
ZSCAN5A,TOR3A,1,1
ZSCAN5A,TPD52L1,1,1
ZSCAN5A,TPGS2,1,1
ZSCAN5A,TRIM47,1,1
ZSCAN5A,TVP23B,1,1
ZSCAN5A,UNC80,1,1
ZSCAN5A,WWTR1,1,1
ZSCAN5A,XIAP,1,1
ZSCAN5A,XPR1,1,1
ZSCAN5A,ZBTB33,1,1
ZSCAN5A,ZDHHC16,1,1
ZSCAN5A,ZNF33B,1,1
ZSCAN5A,ZNF595,1,1
ZSCAN5A,ZNF736,1,1
PCDHB12,ACTG1,1,1
PCDHB12,ADORA2B,1,1
PCDHB12,ANK3,1,1
PCDHB12,ANKH,1,1
PCDHB12,ARHGDIB,1,1
PCDHB12,BATF3,1,1
PCDHB12,C10ORF76,1,1
PCDHB12,C17ORF96,1,1
PCDHB12,CDKL1,1,1
PCDHB12,COL9A2,1,1
PCDHB12,COLGALT2,1,1
PCDHB12,CPNE3,1,1
PCDHB12,CRIP2,1,1
PCDHB12,DMRTA1,1,1
PCDHB12,DUSP23,1,1
PCDHB12,EIF4H,1,1
PCDHB12,F12,1,1
PCDHB12,F2RL2,1,1
PCDHB12,FGFRL1,1,1
PCDHB12,FOXF1,1,1
PCDHB12,FREM2,1,1
PCDHB12,FSCN1,1,1
PCDHB12,FUT8,1,1
PCDHB12,GLI2,1,1
PCDHB12,ITGA5,1,1
PCDHB12,KDM5C,1,1
PCDHB12,KIAA1671,1,1
PCDHB12,LANCL3,1,1
PCDHB12,LHX6,1,1
PCDHB12,MAGEA4,1,1
PCDHB12,MICALL2,1,1
PCDHB12,MIPOL1,1,1
PCDHB12,MMP16,1,1
PCDHB12,NFIC,1,1
PCDHB12,NFIX,1,1
PCDHB12,NGRN,1,1
PCDHB12,OAF,1,1
PCDHB12,P3H4,1,1
PCDHB12,PCDHA1,1,1
PCDHB12,PCDHA7,1,1
PCDHB12,PCDHAC2,1,1
PCDHB12,PCDHB11,1,1
PCDHB12,PCDHB16,1,1
PCDHB12,PCDHB7,1,1
PCDHB12,PKD1P5,1,1
PCDHB12,PLCH1,1,1
PCDHB12,PNPO,1,1
PCDHB12,POLRMT,1,1
PCDHB12,PRKAR1B,1,1
PCDHB12,PTPA,1,1
PCDHB12,PTPN12,1,1
PCDHB12,RGS16,1,1
PCDHB12,RNF7,1,1
PCDHB12,RP5-862P8.2,1,1
PCDHB12,RPS6KA3,1,1
PCDHB12,SCAMP5,1,1
PCDHB12,SERINC3,1,1
PCDHB12,SERPINH1,1,1
PCDHB12,SLC25A16,1,1
PCDHB12,SLC35E4,1,1
PCDHB12,SLC43A2,1,1
PCDHB12,SLC9A7,1,1
PCDHB12,SRPX2,1,1
PCDHB12,STK26,1,1
PCDHB12,STYXL1,1,1
PCDHB12,SYAP1,1,1
PCDHB12,TIGD1,1,1
PCDHB12,TSPAN13,1,1
PCDHB12,TSR3,1,1
PCDHB12,TYW1B,1,1
PCDHB12,UBA1,1,1
PCDHB12,VCAN,1,1
PCDHB12,WT1,1,1
PCDHB12,BP-21264C1.1,1,1
NSUN5,ABCA8,1,1
NSUN5,ADGRB1,1,1
NSUN5,AGMO,1,1
NSUN5,ALG13,1,1
NSUN5,ANGPT1,1,1
NSUN5,ANKRD45,1,1
NSUN5,ARHGAP20,1,1
NSUN5,ART3,1,1
NSUN5,ASB4,1,1
NSUN5,ASL,1,1
NSUN5,ATP1B1,1,1
NSUN5,B3GNT7,1,1
NSUN5,B4GALNT3,1,1
NSUN5,BMP6,1,1
NSUN5,C1QTNF3-AMACR,1,1
NSUN5,CBSL,1,1
NSUN5,CC2D1A,1,1
NSUN5,CEP70,1,1
NSUN5,CHPF,1,1
NSUN5,COL9A1,1,1
NSUN5,COL9A2,1,1
NSUN5,COL9A3,1,1
NSUN5,COQ3,1,1
NSUN5,CSMD1,1,1
NSUN5,CT45A1,1,1
NSUN5,CT45A10,1,1
NSUN5,CT45A3,1,1
NSUN5,CT45A6,1,1
NSUN5,CT45A8,1,1
NSUN5,CT45A9,1,1
NSUN5,CXORF57,1,1
NSUN5,DMRTA1,1,1
NSUN5,DOK1,1,1
NSUN5,DSCR8,1,1
NSUN5,EPHA3,1,1
NSUN5,EYA2,1,1
NSUN5,FAM133A,1,1
NSUN5,FAM188B,1,1
NSUN5,FAM198B,1,1
NSUN5,FAM46C,1,1
NSUN5,FMOD,1,1
NSUN5,FOLH1,1,1
NSUN5,GALNT5,1,1
NSUN5,GPC3,1,1
NSUN5,GPC4,1,1
NSUN5,GRIK4,1,1
NSUN5,HMCES,1,1
NSUN5,ID4,1,1
NSUN5,IFI16,1,1
NSUN5,IGFBP2,1,1
NSUN5,INTS10,1,1
NSUN5,ITIH5,1,1
NSUN5,ITIH6,1,1
NSUN5,JPH1,1,1
NSUN5,JSRP1,1,1
NSUN5,LAMA4,1,1
NSUN5,LAMB1,1,1
NSUN5,LAMC3,1,1
NSUN5,LOXL3,1,1
NSUN5,LRP2,1,1
NSUN5,LRRC75A,1,1
NSUN5,LYPLAL1,1,1
NSUN5,MAFB,1,1
NSUN5,MAMDC2,1,1
NSUN5,MAOB,1,1
NSUN5,MATK,1,1
NSUN5,MEOX2,1,1
NSUN5,MGP,1,1
NSUN5,MRAP2,1,1
NSUN5,MYO3B,1,1
NSUN5,MYO5B,1,1
NSUN5,NDUFA9,1,1
NSUN5,NKX2-5,1,1
NSUN5,NPAS1,1,1
NSUN5,NTN1,1,1
NSUN5,OFD1,1,1
NSUN5,P3H1,1,1
NSUN5,P3H2,1,1
NSUN5,PAPSS2,1,1
NSUN5,PCDHB5,1,1
NSUN5,PCDHB6,1,1
NSUN5,PDDC1,1,1
NSUN5,PGM3,1,1
NSUN5,PIEZO2,1,1
NSUN5,PITPNC1,1,1
NSUN5,PLBD1,1,1
NSUN5,PLEKHS1,1,1
NSUN5,PODXL2,1,1
NSUN5,POLD2,1,1
NSUN5,POU3F3,1,1
NSUN5,PPIC,1,1
NSUN5,PRDX6,1,1
NSUN5,PRPSAP2,1,1
NSUN5,PTGFRN,1,1
NSUN5,RELN,1,1
NSUN5,RNASET2,1,1
NSUN5,RNF152,1,1
NSUN5,RNF216,1,1
NSUN5,RP11-111F5.5,1,1
NSUN5,RYR2,1,1
NSUN5,SCRG1,1,1
NSUN5,SDC2,1,1
NSUN5,SERPINE2,1,1
NSUN5,SEZ6L2,1,1
NSUN5,SLC26A4,1,1
NSUN5,SPARC,1,1
NSUN5,SPATS1,1,1
NSUN5,TBC1D10B,1,1
NSUN5,TESC,1,1
NSUN5,TGFB3,1,1
NSUN5,TIGD1,1,1
NSUN5,TM2D3,1,1
NSUN5,TPD52L1,1,1
NSUN5,TRIM9,1,1
NSUN5,TRPM8,1,1
NSUN5,UNC5C,1,1
NSUN5,UROC1,1,1
NSUN5,WBSCR22,1,1
NSUN5,WNK4,1,1
NSUN5,WWTR1,1,1
NSUN5,XPR1,1,1
NSUN5,ZDHHC16,1,1
NSUN5,ZNF595,1,1
STRA13,MIER2,1,1
LAMB1,ABCA8,1,1
LAMB1,ACTN2,1,1
LAMB1,ADAM15,1,1
LAMB1,ADCY1,1,1
LAMB1,ADGRB1,1,1
LAMB1,AFAP1L2,1,1
LAMB1,AGMO,1,1
LAMB1,AHR,1,1
LAMB1,AKAP6,1,1
LAMB1,ALG13,1,1
LAMB1,ANGPT1,1,1
LAMB1,ANKRD19P,1,1
LAMB1,ANKRD45,1,1
LAMB1,ANKRD54,1,1
LAMB1,APOO,1,1
LAMB1,ARHGAP20,1,1
LAMB1,ARHGAP25,1,1
LAMB1,ARHGAP6,1,1
LAMB1,ART3,1,1
LAMB1,ASB4,1,1
LAMB1,ASL,1,1
LAMB1,ATOH8,1,1
LAMB1,ATP9A,1,1
LAMB1,B3GNT7,1,1
LAMB1,B4GALNT3,1,1
LAMB1,BST2,1,1
LAMB1,C1QTNF3-AMACR,1,1
LAMB1,C3ORF67,1,1
LAMB1,CBSL,1,1
LAMB1,CC2D1A,1,1
LAMB1,CELSR1,1,1
LAMB1,CEP70,1,1
LAMB1,CHPF,1,1
LAMB1,CHURC1-FNTB,1,1
LAMB1,CMB9-22P13.1,1,1
LAMB1,CNIH3,1,1
LAMB1,COL11A2,1,1
LAMB1,COL9A2,1,1
LAMB1,COL9A3,1,1
LAMB1,COPA,1,1
LAMB1,COPB2,1,1
LAMB1,CPD,1,1
LAMB1,CRISPLD1,1,1
LAMB1,CSGALNACT1,1,1
LAMB1,CSMD1,1,1
LAMB1,CT45A1,1,1
LAMB1,CT45A10,1,1
LAMB1,CT45A3,1,1
LAMB1,CT45A6,1,1
LAMB1,CT45A8,1,1
LAMB1,CT45A9,1,1
LAMB1,CXCL16,1,1
LAMB1,CXORF57,1,1
LAMB1,DMRTA1,1,1
LAMB1,DNAH9,1,1
LAMB1,DNAJB12,1,1
LAMB1,DOK1,1,1
LAMB1,DSCR8,1,1
LAMB1,DYNLT3,1,1
LAMB1,EGFLAM,1,1
LAMB1,ENAH,1,1
LAMB1,ENOX1,1,1
LAMB1,EPB41L2,1,1
LAMB1,EPHA3,1,1
LAMB1,ERLIN2,1,1
LAMB1,EYA2,1,1
LAMB1,FABP7,1,1
LAMB1,FAM133A,1,1
LAMB1,FAM188B,1,1
LAMB1,FAM198B,1,1
LAMB1,FAM212B,1,1
LAMB1,FAM46C,1,1
LAMB1,FAM86B1,1,1
LAMB1,FGF13,1,1
LAMB1,FKBP10,1,1
LAMB1,FKBP11,1,1
LAMB1,FKBP14,1,1
LAMB1,FKBP9P1,1,1
LAMB1,FMOD,1,1
LAMB1,FOLH1,1,1
LAMB1,GALNT5,1,1
LAMB1,GHR,1,1
LAMB1,GLUD2,1,1
LAMB1,GPC1,1,1
LAMB1,GPC3,1,1
LAMB1,GPC4,1,1
LAMB1,GRIK2,1,1
LAMB1,GRIK4,1,1
LAMB1,HMCES,1,1
LAMB1,HS3ST3B1,1,1
LAMB1,IARS2,1,1
LAMB1,ID4,1,1
LAMB1,IFI16,1,1
LAMB1,IGFBP2,1,1
LAMB1,IL13RA2,1,1
LAMB1,IL1RAP,1,1
LAMB1,IL6ST,1,1
LAMB1,INTS10,1,1
LAMB1,ITGA10,1,1
LAMB1,ITIH5,1,1
LAMB1,ITIH6,1,1
LAMB1,ITPR2,1,1
LAMB1,ITPRIPL2,1,1
LAMB1,KCNC3,1,1
LAMB1,KCNK5,1,1
LAMB1,KIFAP3,1,1
LAMB1,LAMA4,1,1
LAMB1,LAMC3,1,1
LAMB1,LOXL3,1,1
LAMB1,LRP2,1,1
LAMB1,LYPLAL1,1,1
LAMB1,MAFB,1,1
LAMB1,MAMDC2,1,1
LAMB1,MAOB,1,1
LAMB1,MATK,1,1
LAMB1,ME1,1,1
LAMB1,MEOX2,1,1
LAMB1,METTL23,1,1
LAMB1,MGP,1,1
LAMB1,MMP15,1,1
LAMB1,MRAP2,1,1
LAMB1,MTUS1,1,1
LAMB1,MYD88,1,1
LAMB1,MYO3B,1,1
LAMB1,NKX2-5,1,1
LAMB1,NOMO3,1,1
LAMB1,NPAS1,1,1
LAMB1,NR1D1,1,1
LAMB1,NTN1,1,1
LAMB1,OAZ1,1,1
LAMB1,P3H1,1,1
LAMB1,P3H2,1,1
LAMB1,PAPSS2,1,1
LAMB1,PATZ1,1,1
LAMB1,PCDHA10,1,1
LAMB1,PCDHB15,1,1
LAMB1,PCDHB17P,1,1
LAMB1,PCDHB5,1,1
LAMB1,PCDHB6,1,1
LAMB1,PCOLCE2,1,1
LAMB1,PDDC1,1,1
LAMB1,PGF,1,1
LAMB1,PGM1,1,1
LAMB1,PGM3,1,1
LAMB1,PIEZO2,1,1
LAMB1,PITPNC1,1,1
LAMB1,PLBD1,1,1
LAMB1,PLEKHS1,1,1
LAMB1,PLXNB3,1,1
LAMB1,PMS2CL,1,1
LAMB1,PODXL2,1,1
LAMB1,PPIC,1,1
LAMB1,PPP2R2B,1,1
LAMB1,PPP2R2D,1,1
LAMB1,PRDX4,1,1
LAMB1,PRDX6,1,1
LAMB1,PTGFRN,1,1
LAMB1,RAB23,1,1
LAMB1,RELN,1,1
LAMB1,RNASET2,1,1
LAMB1,RNF152,1,1
LAMB1,RNF216,1,1
LAMB1,ROR1,1,1
LAMB1,RP11-111F5.5,1,1
LAMB1,RPN1,1,1
LAMB1,RYR2,1,1
LAMB1,S100A13,1,1
LAMB1,SCARA5,1,1
LAMB1,SCRG1,1,1
LAMB1,SDC2,1,1
LAMB1,SDSL,1,1
LAMB1,SERPINE2,1,1
LAMB1,SEZ6L2,1,1
LAMB1,SHROOM1,1,1
LAMB1,SLC19A3,1,1
LAMB1,SLC26A4,1,1
LAMB1,SLC2A3,1,1
LAMB1,SLC39A4,1,1
LAMB1,SMAP2,1,1
LAMB1,SPARC,1,1
LAMB1,SPATS1,1,1
LAMB1,SPRY4,1,1
LAMB1,SRPRB,1,1
LAMB1,STAT3,1,1
LAMB1,STK32B,1,1
LAMB1,SUN1,1,1
LAMB1,TBC1D10B,1,1
LAMB1,TESC,1,1
LAMB1,TGFB3,1,1
LAMB1,TIMP1,1,1
LAMB1,TMEM62,1,1
LAMB1,TMEM67,1,1
LAMB1,TNFAIP6,1,1
LAMB1,TOR1AIP2,1,1
LAMB1,TOR3A,1,1
LAMB1,TPD52L1,1,1
LAMB1,TPGS2,1,1
LAMB1,TRIM47,1,1
LAMB1,TRIM9,1,1
LAMB1,TRPM3,1,1
LAMB1,TRPM8,1,1
LAMB1,TVP23B,1,1
LAMB1,UNC13A,1,1
LAMB1,UNC5C,1,1
LAMB1,UNC80,1,1
LAMB1,UPF3A,1,1
LAMB1,WBSCR22,1,1
LAMB1,WNK4,1,1
LAMB1,WWTR1,1,1
LAMB1,XPR1,1,1
LAMB1,ZDHHC16,1,1
LAMB1,ZNF33B,1,1
LAMB1,ZNF595,1,1
LAMB1,ZNF710,1,1
GPRC5B,ARHGEF1,1,1
GPRC5B,C6ORF120,1,1
GPRC5B,DNAJC15,1,1
GPRC5B,LRP4,1,1
GPRC5B,LY96,1,1
GPRC5B,RAB6B,1,1
GPRC5B,SNX13,1,1
FAM155B,ABCC1,1,1
FAM155B,ACTN2,1,1
FAM155B,ANGPT1,1,1
FAM155B,ATG101,1,1
FAM155B,BCAP31,1,1
FAM155B,COPA,1,1
FAM155B,DNAAF5,1,1
FAM155B,DYNLT3,1,1
FAM155B,EPHA3,1,1
FAM155B,GAPDH,1,1
FAM155B,MATK,1,1
FAM155B,ME1,1,1
FAM155B,NOC2LP1,1,1
FAM155B,NPAS1,1,1
FAM155B,OFD1,1,1
FAM155B,POLRMT,1,1
FAM155B,SEC14L1,1,1
FAM155B,TIGD1,1,1
FAM155B,TSPAN13,1,1
FAM155B,UNC80,1,1
FAM155B,ZCCHC7,1,1
RNF7,ADORA2B,1,1
RNF7,ANK3,1,1
RNF7,ANKH,1,1
RNF7,BATF3,1,1
RNF7,C16ORF72,1,1
RNF7,C17ORF96,1,1
RNF7,CDKL1,1,1
RNF7,CHPF2,1,1
RNF7,CPNE3,1,1
RNF7,EIF4H,1,1
RNF7,F2RL2,1,1
RNF7,FGFRL1,1,1
RNF7,FUT8,1,1
RNF7,GLI2,1,1
RNF7,HS6ST2,1,1
RNF7,KDM5C,1,1
RNF7,KDM6A,1,1
RNF7,KIAA1328,1,1
RNF7,KIAA1671,1,1
RNF7,LANCL3,1,1
RNF7,LHX6,1,1
RNF7,LIMS1,1,1
RNF7,MAGEA4,1,1
RNF7,METTL7B,1,1
RNF7,MIPOL1,1,1
RNF7,MMP16,1,1
RNF7,NFIC,1,1
RNF7,OAF,1,1
RNF7,OCIAD1,1,1
RNF7,OGFRL1,1,1
RNF7,PACRGL,1,1
RNF7,PCDHA7,1,1
RNF7,PCDHAC2,1,1
RNF7,PCDHB16,1,1
RNF7,PLCH1,1,1
RNF7,PRKAR1B,1,1
RNF7,RP5-862P8.2,1,1
RNF7,RPS6KA3,1,1
RNF7,SERINC3,1,1
RNF7,SLC35G2,1,1
RNF7,SLC43A2,1,1
RNF7,SLC4A8,1,1
RNF7,SLC9A7,1,1
RNF7,SRPX2,1,1
RNF7,SYAP1,1,1
RNF7,TMTC3,1,1
RNF7,TYW1B,1,1
RNF7,UBA1,1,1
RNF7,VCAN,1,1
RNF7,WT1,1,1
RNF7,YKT6,1,1
RNF7,YWHAG,1,1
NANOS1,BIN3,1,1
NANOS1,IFI35,1,1
NANOS1,ITGA9,1,1
NANOS1,KDELR3,1,1
NANOS1,PLSCR4,1,1
MRPL3,ABHD14A,1,1
MRPL3,ATP13A3,1,1
MRPL3,C17ORF89,1,1
MRPL3,CCNE1,1,1
MRPL3,CNBP,1,1
MRPL3,COTL1,1,1
MRPL3,CTU2,1,1
MRPL3,DLX1,1,1
MRPL3,EFNA5,1,1
MRPL3,EFTUD2,1,1
MRPL3,EIF2B3,1,1
MRPL3,EIF5A,1,1
MRPL3,F11R,1,1
MRPL3,FRMD6,1,1
MRPL3,GOLIM4,1,1
MRPL3,IMPAD1,1,1
MRPL3,ITPR3,1,1
MRPL3,JRK,1,1
MRPL3,LRFN1,1,1
MRPL3,LSM 12.00,1,1
MRPL3,MAGEA2,1,1
MRPL3,MED14,1,1
MRPL3,MMADHC,1,1
MRPL3,MPST,1,1
MRPL3,NECAP2,1,1
MRPL3,NMD3,1,1
MRPL3,PTPRA,1,1
MRPL3,PURB,1,1
MRPL3,RCL1,1,1
MRPL3,SMO,1,1
MRPL3,SPHK1,1,1
MRPL3,TMX1,1,1
MRPL3,TPI1,1,1
MRPL3,TXNDC17,1,1
MRPL3,U2SURP,1,1
MRPL3,UBE3B,1,1
MRPL3,VAPA,1,1
MRPL3,ZNF121,1,1
VPS35,ADGRA3,1,1
VPS35,CNIH3,1,1
VPS35,KDSR,1,1
VPS35,PATL1,1,1
VPS35,PYCR2,1,1
VPS35,RNASEH2C,1,1
VPS35,ROCK1,1,1
VPS35,SMARCA5,1,1
VPS35,VTI1A,1,1
MTFR1,FAM72D,1,1
MTFR1,SRI,1,1
MLF 1.00,FAM72C,1,1
MLF 1.00,MAPK11,1,1
MLF 1.00,MPLKIP,1,1
MLF 1.00,UBE2I,1,1
MLF 1.00,ZFYVE27,1,1
LPCAT3,ACAD11,1,1
LPCAT3,ADGRL1,1,1
LPCAT3,ARHGAP20,1,1
LPCAT3,ATOH8,1,1
LPCAT3,AZGP1,1,1
LPCAT3,B3GALT1,1,1
LPCAT3,B3GNT7,1,1
LPCAT3,BAALC,1,1
LPCAT3,BFSP1,1,1
LPCAT3,BMP6,1,1
LPCAT3,C12ORF60,1,1
LPCAT3,C1ORF115,1,1
LPCAT3,C8ORF48,1,1
LPCAT3,CACNA1H,1,1
LPCAT3,CADM4,1,1
LPCAT3,CBSL,1,1
LPCAT3,CCDC78,1,1
LPCAT3,CCM2,1,1
LPCAT3,CHPF,1,1
LPCAT3,COL9A1,1,1
LPCAT3,CSMD1,1,1
LPCAT3,CT45A6,1,1
LPCAT3,DEPDC7,1,1
LPCAT3,DNAJC30,1,1
LPCAT3,DSCR8,1,1
LPCAT3,DZIP3,1,1
LPCAT3,EGFL7,1,1
LPCAT3,EYA2,1,1
LPCAT3,FAM134B,1,1
LPCAT3,FBF1,1,1
LPCAT3,FDXR,1,1
LPCAT3,FMOD,1,1
LPCAT3,FOXP2,1,1
LPCAT3,FUNDC1,1,1
LPCAT3,GK5,1,1
LPCAT3,GPR37,1,1
LPCAT3,GUCY1B3,1,1
LPCAT3,HERC2P3,1,1
LPCAT3,IFI16,1,1
LPCAT3,IQCK,1,1
LPCAT3,KIAA0895,1,1
LPCAT3,KIFAP3,1,1
LPCAT3,LGMN,1,1
LPCAT3,MAP2,1,1
LPCAT3,MAPRE3,1,1
LPCAT3,MDH2,1,1
LPCAT3,MEAF6,1,1
LPCAT3,MGP,1,1
LPCAT3,MORN2,1,1
LPCAT3,MYO3B,1,1
LPCAT3,NAP1L5,1,1
LPCAT3,NKAP,1,1
LPCAT3,NPHP1,1,1
LPCAT3,NTN1,1,1
LPCAT3,OLFM2,1,1
LPCAT3,PEX5L,1,1
LPCAT3,PIGS,1,1
LPCAT3,PPIC,1,1
LPCAT3,PPP2R2B,1,1
LPCAT3,PRKCD,1,1
LPCAT3,PYROXD2,1,1
LPCAT3,RADIL,1,1
LPCAT3,RNASE1,1,1
LPCAT3,RORA,1,1
LPCAT3,SDK2,1,1
LPCAT3,SEMA3E,1,1
LPCAT3,SERPINA3,1,1
LPCAT3,SEZ6L2,1,1
LPCAT3,SLC27A5,1,1
LPCAT3,SLC40A1,1,1
LPCAT3,SLC5A4,1,1
LPCAT3,SLC9A3,1,1
LPCAT3,SMIM20,1,1
LPCAT3,SMIM3,1,1
LPCAT3,SOCS2,1,1
LPCAT3,SOD3,1,1
LPCAT3,STAT3,1,1
LPCAT3,TAF1C,1,1
LPCAT3,TIMM10B,1,1
LPCAT3,TNS2,1,1
LPCAT3,TSPAN33,1,1
LPCAT3,UROC1,1,1
LPCAT3,VPS25,1,1
LPCAT3,WNK4,1,1
LPCAT3,ZNF841,1,1
SARM1,AC004980.7,1,1
SARM1,ADGRB1,1,1
SARM1,AFAP1L2,1,1
SARM1,AGMO,1,1
SARM1,ALG13,1,1
SARM1,ANGPT1,1,1
SARM1,ANGPTL1,1,1
SARM1,AP3D1,1,1
SARM1,ARCN1,1,1
SARM1,ARHGAP5,1,1
SARM1,ARHGAP6,1,1
SARM1,ART3,1,1
SARM1,ASB3,1,1
SARM1,ATP11C,1,1
SARM1,ATP2B1,1,1
SARM1,ATP9A,1,1
SARM1,C17ORF96,1,1
SARM1,C1QTNF3,1,1
SARM1,C1QTNF3-AMACR,1,1
SARM1,CC2D1A,1,1
SARM1,CD276,1,1
SARM1,CELSR1,1,1
SARM1,CEMIP,1,1
SARM1,CEP70,1,1
SARM1,COL9A2,1,1
SARM1,COL9A3,1,1
SARM1,COLGALT2,1,1
SARM1,CSGALNACT1,1,1
SARM1,CT45A1,1,1
SARM1,CT45A10,1,1
SARM1,CT45A3,1,1
SARM1,CT45A5,1,1
SARM1,CT45A8,1,1
SARM1,CT45A9,1,1
SARM1,DLX2,1,1
SARM1,DMRT2,1,1
SARM1,DMRTA1,1,1
SARM1,DNAH9,1,1
SARM1,DOK1,1,1
SARM1,DUSP2,1,1
SARM1,EGFLAM,1,1
SARM1,ENAH,1,1
SARM1,ENG,1,1
SARM1,EPHA3,1,1
SARM1,EPHB3,1,1
SARM1,ERLIN2,1,1
SARM1,FAM117B,1,1
SARM1,FAM133A,1,1
SARM1,FAM188B,1,1
SARM1,FAM212B,1,1
SARM1,FAM46C,1,1
SARM1,FAM86B1,1,1
SARM1,FOXF1,1,1
SARM1,FREM2,1,1
SARM1,FSIP2,1,1
SARM1,GALNT5,1,1
SARM1,GLI2,1,1
SARM1,GLUD2,1,1
SARM1,GPC1,1,1
SARM1,GPC3,1,1
SARM1,GRIK4,1,1
SARM1,IGFBP3,1,1
SARM1,IGFBP5,1,1
SARM1,IL13RA2,1,1
SARM1,IL1RAP,1,1
SARM1,IL27RA,1,1
SARM1,IL6ST,1,1
SARM1,ITPRIPL2,1,1
SARM1,JKAMP,1,1
SARM1,KALRN,1,1
SARM1,KCNC3,1,1
SARM1,KIAA0040,1,1
SARM1,KIAA1328,1,1
SARM1,LAMA4,1,1
SARM1,LIFR,1,1
SARM1,LONRF2,1,1
SARM1,LOXL3,1,1
SARM1,MAGEA4,1,1
SARM1,MATK,1,1
SARM1,MEOX2,1,1
SARM1,MICALL2,1,1
SARM1,MMP16,1,1
SARM1,MRAP2,1,1
SARM1,NDRG1,1,1
SARM1,NKX2-5,1,1
SARM1,NPAS1,1,1
SARM1,NR0B1,1,1
SARM1,OLFML3,1,1
SARM1,P3H2,1,1
SARM1,PAPSS2,1,1
SARM1,PCDHA1,1,1
SARM1,PCDHA10,1,1
SARM1,PCDHA11,1,1
SARM1,PCDHA13,1,1
SARM1,PCDHB15,1,1
SARM1,PCDHB16,1,1
SARM1,PCDHB17P,1,1
SARM1,PCDHB2,1,1
SARM1,PCDHB5,1,1
SARM1,PCDHGA3,1,1
SARM1,PCDHGA7,1,1
SARM1,PIP5K1B,1,1
SARM1,PLXNB3,1,1
SARM1,POU3F3,1,1
SARM1,PRPSAP2,1,1
SARM1,PRR4,1,1
SARM1,PRRX1,1,1
SARM1,RAB7B,1,1
SARM1,RBMS1,1,1
SARM1,RC3H1,1,1
SARM1,RELN,1,1
SARM1,RNF128,1,1
SARM1,RNF152,1,1
SARM1,RPN1,1,1
SARM1,RYR2,1,1
SARM1,SCARA5,1,1
SARM1,SCRG1,1,1
SARM1,SERPINE2,1,1
SARM1,SLC26A4,1,1
SARM1,SLC35E4,1,1
SARM1,SLC43A2,1,1
SARM1,SLC5A3,1,1
SARM1,SNED1,1,1
SARM1,SPRY4,1,1
SARM1,SRPRB,1,1
SARM1,ST8SIA5,1,1
SARM1,STK32B,1,1
SARM1,SYTL5,1,1
SARM1,TBXAS1,1,1
SARM1,TCN1,1,1
SARM1,TDRD1,1,1
SARM1,TENM1,1,1
SARM1,TESC,1,1
SARM1,TGFA,1,1
SARM1,TGFB3,1,1
SARM1,TIMP1,1,1
SARM1,TNFAIP6,1,1
SARM1,TOR1AIP2,1,1
SARM1,TOR3A,1,1
SARM1,TPGS2,1,1
SARM1,TRAF4,1,1
SARM1,TRIM51CP,1,1
SARM1,TRIM9,1,1
SARM1,UNC13A,1,1
SARM1,UNC5C,1,1
SARM1,UPF3A,1,1
SARM1,WWTR1,1,1
SARM1,XIAP,1,1
SARM1,XPR1,1,1
SARM1,XYLT1,1,1
SARM1,ZBTB45P2,1,1
SARM1,ZNF595,1,1
ASB3,ADGRB1,1,1
ASB3,AFAP1L2,1,1
ASB3,AGMO,1,1
ASB3,AKAP6,1,1
ASB3,ALG13,1,1
ASB3,ANGPT1,1,1
ASB3,ANGPTL1,1,1
ASB3,ARCN1,1,1
ASB3,ARHGAP25,1,1
ASB3,ARHGAP5,1,1
ASB3,ARHGAP6,1,1
ASB3,ART3,1,1
ASB3,ATP11C,1,1
ASB3,ATP2B1,1,1
ASB3,ATP9A,1,1
ASB3,C1QTNF3,1,1
ASB3,C1QTNF3-AMACR,1,1
ASB3,CD276,1,1
ASB3,CEP70,1,1
ASB3,COL9A2,1,1
ASB3,COL9A3,1,1
ASB3,COLGALT2,1,1
ASB3,CSGALNACT1,1,1
ASB3,CT45A1,1,1
ASB3,CT45A10,1,1
ASB3,CT45A3,1,1
ASB3,CT45A5,1,1
ASB3,CT45A8,1,1
ASB3,CT45A9,1,1
ASB3,DMRT2,1,1
ASB3,DMRTA1,1,1
ASB3,DNAH9,1,1
ASB3,DOK1,1,1
ASB3,DYNLT3,1,1
ASB3,EGFLAM,1,1
ASB3,ENAH,1,1
ASB3,EPHA3,1,1
ASB3,EPHB3,1,1
ASB3,ERLIN2,1,1
ASB3,FAM117B,1,1
ASB3,FAM133A,1,1
ASB3,FAM212B,1,1
ASB3,FAM46C,1,1
ASB3,FAM86B1,1,1
ASB3,FSIP2,1,1
ASB3,GALNT5,1,1
ASB3,GLUD2,1,1
ASB3,GPC1,1,1
ASB3,GPC3,1,1
ASB3,GPC4,1,1
ASB3,GRIK4,1,1
ASB3,IGFBP3,1,1
ASB3,IL13RA2,1,1
ASB3,IL1RAP,1,1
ASB3,IL27RA,1,1
ASB3,IL6ST,1,1
ASB3,ITIH5,1,1
ASB3,ITPR2,1,1
ASB3,ITPRIPL2,1,1
ASB3,JARID2,1,1
ASB3,KALRN,1,1
ASB3,KCNC3,1,1
ASB3,LAMA4,1,1
ASB3,LIFR,1,1
ASB3,LONRF2,1,1
ASB3,LOXL3,1,1
ASB3,MATK,1,1
ASB3,MEOX2,1,1
ASB3,MMP16,1,1
ASB3,MRAP2,1,1
ASB3,MTUS1,1,1
ASB3,NDRG1,1,1
ASB3,NKX2-5,1,1
ASB3,NPAS1,1,1
ASB3,OLFML3,1,1
ASB3,P3H2,1,1
ASB3,PAPSS2,1,1
ASB3,PCDHA1,1,1
ASB3,PCDHA10,1,1
ASB3,PCDHA11,1,1
ASB3,PCDHB15,1,1
ASB3,PCDHB16,1,1
ASB3,PCDHB17P,1,1
ASB3,PCDHB2,1,1
ASB3,PCDHB5,1,1
ASB3,PCDHB6,1,1
ASB3,PCDHGA7,1,1
ASB3,PDDC1,1,1
ASB3,PLEKHS1,1,1
ASB3,PLXNB3,1,1
ASB3,PTGFRN,1,1
ASB3,RAB7B,1,1
ASB3,RBMS1,1,1
ASB3,RELN,1,1
ASB3,RNF128,1,1
ASB3,RNF152,1,1
ASB3,RP11-111K18.1,1,1
ASB3,RPN1,1,1
ASB3,RYR2,1,1
ASB3,SCARA5,1,1
ASB3,SCRG1,1,1
ASB3,SEC14L1,1,1
ASB3,SERPINE2,1,1
ASB3,SLC26A4,1,1
ASB3,SLC5A3,1,1
ASB3,SPRY4,1,1
ASB3,ST8SIA5,1,1
ASB3,STK32B,1,1
ASB3,SYTL5,1,1
ASB3,TCN1,1,1
ASB3,TDRD1,1,1
ASB3,TENM1,1,1
ASB3,TESC,1,1
ASB3,TGFA,1,1
ASB3,TGFB3,1,1
ASB3,TIMP1,1,1
ASB3,TNFAIP6,1,1
ASB3,TOR3A,1,1
ASB3,TRIM47,1,1
ASB3,TRIM51CP,1,1
ASB3,TRIM9,1,1
ASB3,UNC13A,1,1
ASB3,UNC5C,1,1
ASB3,WWTR1,1,1
ASB3,XIAP,1,1
ASB3,XPR1,1,1
ASB3,ZNF595,1,1
PLCH1,ADORA2B,1,1
PLCH1,ANKH,1,1
PLCH1,CHPF2,1,1
PLCH1,F2RL2,1,1
PLCH1,FGFRL1,1,1
PLCH1,FSCN1,1,1
PLCH1,GLI2,1,1
PLCH1,KIAA1671,1,1
PLCH1,LANCL3,1,1
PLCH1,LHX6,1,1
PLCH1,LIMS1,1,1
PLCH1,METTL7B,1,1
PLCH1,PCDHA7,1,1
PLCH1,PRKAR1B,1,1
PLCH1,SERPINH1,1,1
PLCH1,SLC35G2,1,1
PLCH1,SLC43A2,1,1
PLCH1,SLC9A7,1,1
PLCH1,TMTC3,1,1
PLCH1,UBA1,1,1
PLCH1,YWHAG,1,1
PLXNB3,AC004980.7,1,1
PLXNB3,ACTN2,1,1
PLXNB3,ADGRB1,1,1
PLXNB3,AFAP1L2,1,1
PLXNB3,AGMO,1,1
PLXNB3,AKAP6,1,1
PLXNB3,ALG13,1,1
PLXNB3,ANGPT1,1,1
PLXNB3,ANGPTL1,1,1
PLXNB3,AP3D1,1,1
PLXNB3,ARHGAP25,1,1
PLXNB3,ARHGAP6,1,1
PLXNB3,ART3,1,1
PLXNB3,ASB4,1,1
PLXNB3,ASCC3,1,1
PLXNB3,ASL,1,1
PLXNB3,ATP1B1,1,1
PLXNB3,ATP2B1,1,1
PLXNB3,ATP9A,1,1
PLXNB3,B4GALNT3,1,1
PLXNB3,C16ORF52,1,1
PLXNB3,C17ORF96,1,1
PLXNB3,C1QTNF3,1,1
PLXNB3,C1QTNF3-AMACR,1,1
PLXNB3,CC2D1A,1,1
PLXNB3,CD276,1,1
PLXNB3,CELSR1,1,1
PLXNB3,CEMIP,1,1
PLXNB3,CEP70,1,1
PLXNB3,CHURC1-FNTB,1,1
PLXNB3,CNIH3,1,1
PLXNB3,COL9A2,1,1
PLXNB3,COL9A3,1,1
PLXNB3,COLGALT2,1,1
PLXNB3,COPA,1,1
PLXNB3,COPB2,1,1
PLXNB3,CSGALNACT1,1,1
PLXNB3,CT45A1,1,1
PLXNB3,CT45A10,1,1
PLXNB3,CT45A3,1,1
PLXNB3,CT45A5,1,1
PLXNB3,CT45A8,1,1
PLXNB3,CT45A9,1,1
PLXNB3,DLX2,1,1
PLXNB3,DMRT2,1,1
PLXNB3,DMRTA1,1,1
PLXNB3,DNAH9,1,1
PLXNB3,DOK1,1,1
PLXNB3,DYNLT3,1,1
PLXNB3,EBF1,1,1
PLXNB3,EGFLAM,1,1
PLXNB3,ENAH,1,1
PLXNB3,EPHA3,1,1
PLXNB3,EPHB3,1,1
PLXNB3,ERLIN2,1,1
PLXNB3,FAM117B,1,1
PLXNB3,FAM133A,1,1
PLXNB3,FAM188B,1,1
PLXNB3,FAM198B,1,1
PLXNB3,FAM212B,1,1
PLXNB3,FAM46C,1,1
PLXNB3,FAM86B1,1,1
PLXNB3,FGF13,1,1
PLXNB3,FOXF1,1,1
PLXNB3,FREM2,1,1
PLXNB3,FSIP2,1,1
PLXNB3,G6PD,1,1
PLXNB3,GALNT5,1,1
PLXNB3,GLUD2,1,1
PLXNB3,GPC1,1,1
PLXNB3,GPC3,1,1
PLXNB3,GPC4,1,1
PLXNB3,GRIK4,1,1
PLXNB3,HS3ST3B1,1,1
PLXNB3,IGFBP3,1,1
PLXNB3,IGFBP5,1,1
PLXNB3,IL13RA2,1,1
PLXNB3,IL1RAP,1,1
PLXNB3,IL27RA,1,1
PLXNB3,IL6ST,1,1
PLXNB3,ITIH5,1,1
PLXNB3,ITIH6,1,1
PLXNB3,ITPR2,1,1
PLXNB3,ITPRIPL2,1,1
PLXNB3,JKAMP,1,1
PLXNB3,KALRN,1,1
PLXNB3,KCNC3,1,1
PLXNB3,KCNK5,1,1
PLXNB3,KIAA0040,1,1
PLXNB3,KIAA1328,1,1
PLXNB3,LAMA4,1,1
PLXNB3,LIFR,1,1
PLXNB3,LONRF2,1,1
PLXNB3,LOXL3,1,1
PLXNB3,LSM 10.00,1,1
PLXNB3,LYPLAL1,1,1
PLXNB3,MAFB,1,1
PLXNB3,MAGEA4,1,1
PLXNB3,MATK,1,1
PLXNB3,ME1,1,1
PLXNB3,MEOX2,1,1
PLXNB3,MICALL2,1,1
PLXNB3,MMP16,1,1
PLXNB3,MRAP2,1,1
PLXNB3,NDRG1,1,1
PLXNB3,NKX2-5,1,1
PLXNB3,NOMO3,1,1
PLXNB3,NPAS1,1,1
PLXNB3,NR0B1,1,1
PLXNB3,OAF,1,1
PLXNB3,OFD1,1,1
PLXNB3,OLFML3,1,1
PLXNB3,P3H1,1,1
PLXNB3,P3H2,1,1
PLXNB3,PAPSS2,1,1
PLXNB3,PATZ1,1,1
PLXNB3,PCDHA1,1,1
PLXNB3,PCDHA10,1,1
PLXNB3,PCDHA11,1,1
PLXNB3,PCDHB15,1,1
PLXNB3,PCDHB16,1,1
PLXNB3,PCDHB17P,1,1
PLXNB3,PCDHB2,1,1
PLXNB3,PCDHB5,1,1
PLXNB3,PCDHB6,1,1
PLXNB3,PCDHB7,1,1
PLXNB3,PCDHGA7,1,1
PLXNB3,PCOLCE2,1,1
PLXNB3,PDDC1,1,1
PLXNB3,PGF,1,1
PLXNB3,PGM3,1,1
PLXNB3,PIEZO2,1,1
PLXNB3,PLBD1,1,1
PLXNB3,PLEKHS1,1,1
PLXNB3,PMS2CL,1,1
PLXNB3,POU3F3,1,1
PLXNB3,PRDX6,1,1
PLXNB3,PRRX1,1,1
PLXNB3,PTGFRN,1,1
PLXNB3,PTPRD,1,1
PLXNB3,RAB7B,1,1
PLXNB3,RBMS1,1,1
PLXNB3,RELN,1,1
PLXNB3,RNASET2,1,1
PLXNB3,RNF128,1,1
PLXNB3,RNF152,1,1
PLXNB3,RPN1,1,1
PLXNB3,RYR2,1,1
PLXNB3,SCARA5,1,1
PLXNB3,SCRG1,1,1
PLXNB3,SDC2,1,1
PLXNB3,SEC14L1,1,1
PLXNB3,SERPINE2,1,1
PLXNB3,SH3KBP1,1,1
PLXNB3,SLC19A3,1,1
PLXNB3,SLC26A4,1,1
PLXNB3,SLC5A3,1,1
PLXNB3,SNED1,1,1
PLXNB3,SPARC,1,1
PLXNB3,SPRY4,1,1
PLXNB3,SRPRB,1,1
PLXNB3,ST8SIA5,1,1
PLXNB3,STK32B,1,1
PLXNB3,STON2,1,1
PLXNB3,SUN1,1,1
PLXNB3,SYTL5,1,1
PLXNB3,TBC1D10B,1,1
PLXNB3,TCN1,1,1
PLXNB3,TDRD1,1,1
PLXNB3,TENM1,1,1
PLXNB3,TESC,1,1
PLXNB3,TGFA,1,1
PLXNB3,TGFB3,1,1
PLXNB3,TIGD1,1,1
PLXNB3,TIMP1,1,1
PLXNB3,TMEM67,1,1
PLXNB3,TNFAIP6,1,1
PLXNB3,TOR1AIP2,1,1
PLXNB3,TOR3A,1,1
PLXNB3,TPD52L1,1,1
PLXNB3,TPGS2,1,1
PLXNB3,TRIM51CP,1,1
PLXNB3,TRIM9,1,1
PLXNB3,TSPAN13,1,1
PLXNB3,TVP23B,1,1
PLXNB3,UNC13A,1,1
PLXNB3,UNC5C,1,1
PLXNB3,UNC80,1,1
PLXNB3,UPF3A,1,1
PLXNB3,WBSCR22,1,1
PLXNB3,WWTR1,1,1
PLXNB3,XIAP,1,1
PLXNB3,XPR1,1,1
PLXNB3,ZDHHC16,1,1
PLXNB3,ZNF595,1,1
SEC22A,DGUOK,1,1
AC007040.11,ACAD9,1,1
AC007040.11,ADAMTS9,1,1
AC007040.11,AMPD2,1,1
AC007040.11,ANKRD54,1,1
AC007040.11,ASB9,1,1
AC007040.11,ATP1B3,1,1
AC007040.11,BX004987.1,1,1
AC007040.11,C5ORF15,1,1
AC007040.11,CASP10,1,1
AC007040.11,CCSAP,1,1
AC007040.11,CENPL,1,1
AC007040.11,CHL1,1,1
AC007040.11,CHST6,1,1
AC007040.11,CLTC,1,1
AC007040.11,CMBL,1,1
AC007040.11,CMTM8,1,1
AC007040.11,CNKSR3,1,1
AC007040.11,COL19A1,1,1
AC007040.11,COLGALT1,1,1
AC007040.11,COPA,1,1
AC007040.11,COPB2,1,1
AC007040.11,COX18,1,1
AC007040.11,CPD,1,1
AC007040.11,CST1,1,1
AC007040.11,DARS2,1,1
AC007040.11,DLX5,1,1
AC007040.11,DOCK10,1,1
AC007040.11,DPY19L1,1,1
AC007040.11,ECE2,1,1
AC007040.11,EIF3I,1,1
AC007040.11,ENOX1,1,1
AC007040.11,EPDR1,1,1
AC007040.11,ERLEC1,1,1
AC007040.11,ETV4,1,1
AC007040.11,FCGR2A,1,1
AC007040.11,FGF13,1,1
AC007040.11,FUCA2,1,1
AC007040.11,GAD1,1,1
AC007040.11,GALNT2,1,1
AC007040.11,GATA4,1,1
AC007040.11,GHR,1,1
AC007040.11,GPC6,1,1
AC007040.11,GPD2,1,1
AC007040.11,GULP1,1,1
AC007040.11,HMCES,1,1
AC007040.11,HMCN1,1,1
AC007040.11,ICAM1,1,1
AC007040.11,IPO8,1,1
AC007040.11,ITGB5,1,1
AC007040.11,KCNK5,1,1
AC007040.11,KDELR2,1,1
AC007040.11,KDM1B,1,1
AC007040.11,KDSR,1,1
AC007040.11,KIAA1191,1,1
AC007040.11,LIG3,1,1
AC007040.11,LIN28B,1,1
AC007040.11,MAGEC1,1,1
AC007040.11,MBD4,1,1
AC007040.11,MCTS1,1,1
AC007040.11,ME1,1,1
AC007040.11,MEGF10,1,1
AC007040.11,METTL14,1,1
AC007040.11,MGAT5B,1,1
AC007040.11,MLLT10,1,1
AC007040.11,MYD88,1,1
AC007040.11,MYH14,1,1
AC007040.11,MYL9,1,1
AC007040.11,NAPG,1,1
AC007040.11,NOA1,1,1
AC007040.11,NOMO1,1,1
AC007040.11,NOMO3,1,1
AC007040.11,PAQR7,1,1
AC007040.11,PCOLCE2,1,1
AC007040.11,PDGFRL,1,1
AC007040.11,PGM1,1,1
AC007040.11,PGM3,1,1
AC007040.11,PGRMC1,1,1
AC007040.11,PHB,1,1
AC007040.11,PI15,1,1
AC007040.11,PIEZO2,1,1
AC007040.11,PLPP3,1,1
AC007040.11,PMP2,1,1
AC007040.11,PNMA2,1,1
AC007040.11,PPIA,1,1
AC007040.11,RABL6,1,1
AC007040.11,RAD17,1,1
AC007040.11,RBAK,1,1
AC007040.11,RCN2,1,1
AC007040.11,RELL1,1,1
AC007040.11,RHOA,1,1
AC007040.11,RNF216,1,1
AC007040.11,ROR1,1,1
AC007040.11,RPTOR,1,1
AC007040.11,SCG2,1,1
AC007040.11,SEC11A,1,1
AC007040.11,SEMA3D,1,1
AC007040.11,SLC22A5,1,1
AC007040.11,SLC26A2,1,1
AC007040.11,SMAD4,1,1
AC007040.11,SNTB1,1,1
AC007040.11,SOBP,1,1
AC007040.11,SUN2,1,1
AC007040.11,TBRG4,1,1
AC007040.11,TMEM5,1,1
AC007040.11,TPM3P9,1,1
AC007040.11,TVP23B,1,1
AC007040.11,UBASH3B,1,1
AC007040.11,WDR37,1,1
AC007040.11,ZDHHC3,1,1
AC007040.11,ZNF593,1,1
COL9A1,ABCA8,1,1
COL9A1,ACAD11,1,1
COL9A1,ADA,1,1
COL9A1,ADAP1,1,1
COL9A1,AFAP1L2,1,1
COL9A1,AKAP6,1,1
COL9A1,ANKRD45,1,1
COL9A1,ARHGAP20,1,1
COL9A1,ARHGDIB,1,1
COL9A1,ASB4,1,1
COL9A1,ASL,1,1
COL9A1,ATOH8,1,1
COL9A1,ATP1B1,1,1
COL9A1,AZGP1,1,1
COL9A1,B3GALT1,1,1
COL9A1,B3GNT7,1,1
COL9A1,B4GALNT3,1,1
COL9A1,BAALC,1,1
COL9A1,BFSP1,1,1
COL9A1,BMP6,1,1
COL9A1,BST2,1,1
COL9A1,C12ORF60,1,1
COL9A1,C1QTNF3-AMACR,1,1
COL9A1,C1ORF115,1,1
COL9A1,CACNA1H,1,1
COL9A1,CADM4,1,1
COL9A1,CBSL,1,1
COL9A1,CC2D1A,1,1
COL9A1,CCDC113,1,1
COL9A1,CCDC78,1,1
COL9A1,CDH12,1,1
COL9A1,CGREF1,1,1
COL9A1,CHPF,1,1
COL9A1,CHURC1-FNTB,1,1
COL9A1,COL9A2,1,1
COL9A1,COL9A3,1,1
COL9A1,COQ3,1,1
COL9A1,COQ6,1,1
COL9A1,CSMD1,1,1
COL9A1,CT45A1,1,1
COL9A1,CT45A10,1,1
COL9A1,CT45A6,1,1
COL9A1,CT45A8,1,1
COL9A1,CT45A9,1,1
COL9A1,DDX43,1,1
COL9A1,DEPDC7,1,1
COL9A1,DNAH9,1,1
COL9A1,DNAJB6,1,1
COL9A1,DNAJC30,1,1
COL9A1,DSCR8,1,1
COL9A1,DZIP3,1,1
COL9A1,EGFL7,1,1
COL9A1,EMILIN1,1,1
COL9A1,EYA2,1,1
COL9A1,FAM133A,1,1
COL9A1,FAM134B,1,1
COL9A1,FAM86B1,1,1
COL9A1,FBF1,1,1
COL9A1,FKBP10,1,1
COL9A1,FMOD,1,1
COL9A1,FOLH1,1,1
COL9A1,GABRG3,1,1
COL9A1,GALNT5,1,1
COL9A1,GPC1,1,1
COL9A1,GPC4,1,1
COL9A1,GRIK4,1,1
COL9A1,GUCY1B3,1,1
COL9A1,IFI16,1,1
COL9A1,IGFBP2,1,1
COL9A1,ITGA10,1,1
COL9A1,ITGAX,1,1
COL9A1,ITIH5,1,1
COL9A1,ITIH6,1,1
COL9A1,ITPRIPL2,1,1
COL9A1,JUNB,1,1
COL9A1,KALRN,1,1
COL9A1,KIAA0895,1,1
COL9A1,LAMA2,1,1
COL9A1,LAMC3,1,1
COL9A1,LRP2,1,1
COL9A1,MAFB,1,1
COL9A1,MAMDC2,1,1
COL9A1,MAOB,1,1
COL9A1,MAPRE3,1,1
COL9A1,MDH2,1,1
COL9A1,MDM2,1,1
COL9A1,MEOX2,1,1
COL9A1,MGP,1,1
COL9A1,MYO3B,1,1
COL9A1,NDUFA8,1,1
COL9A1,NPHP1,1,1
COL9A1,NTN1,1,1
COL9A1,OAF,1,1
COL9A1,OLFM2,1,1
COL9A1,OPHN1,1,1
COL9A1,P3H1,1,1
COL9A1,P3H4,1,1
COL9A1,PAPSS2,1,1
COL9A1,PATZ1,1,1
COL9A1,PCDHA1,1,1
COL9A1,PCDHB11,1,1
COL9A1,PCDHB15,1,1
COL9A1,PCDHB16,1,1
COL9A1,PCDHB17P,1,1
COL9A1,PCDHB5,1,1
COL9A1,PCDHB6,1,1
COL9A1,PCDHB7,1,1
COL9A1,PCOLCE,1,1
COL9A1,PDDC1,1,1
COL9A1,PEX5L,1,1
COL9A1,PITPNC1,1,1
COL9A1,PLBD1,1,1
COL9A1,PLEKHS1,1,1
COL9A1,PNPLA4,1,1
COL9A1,POU3F3,1,1
COL9A1,PPIC,1,1
COL9A1,PPP2R2B,1,1
COL9A1,PRIMA1,1,1
COL9A1,PRKCD,1,1
COL9A1,PTPRD,1,1
COL9A1,RADIL,1,1
COL9A1,RAPGEF5,1,1
COL9A1,RELN,1,1
COL9A1,RNASE1,1,1
COL9A1,RP11-111F5.5,1,1
COL9A1,RP11-43F13.1,1,1
COL9A1,RYR2,1,1
COL9A1,SBNO2,1,1
COL9A1,SCARA5,1,1
COL9A1,SCRG1,1,1
COL9A1,SDC2,1,1
COL9A1,SDK2,1,1
COL9A1,SEL1L3,1,1
COL9A1,SEMA3E,1,1
COL9A1,SERPINA3,1,1
COL9A1,SEZ6L2,1,1
COL9A1,SKIV2L,1,1
COL9A1,SLC39A4,1,1
COL9A1,SLC40A1,1,1
COL9A1,SLC5A4,1,1
COL9A1,SMIM3,1,1
COL9A1,SOCS2,1,1
COL9A1,SOD3,1,1
COL9A1,SPATS1,1,1
COL9A1,STAT3,1,1
COL9A1,STK26,1,1
COL9A1,SULF1,1,1
COL9A1,TACO1,1,1
COL9A1,TENM1,1,1
COL9A1,TGFB3,1,1
COL9A1,TNFRSF21,1,1
COL9A1,TNS2,1,1
COL9A1,TPD52L1,1,1
COL9A1,TRIM9,1,1
COL9A1,TRPM8,1,1
COL9A1,UNC5C,1,1
COL9A1,UROC1,1,1
COL9A1,VPS25,1,1
COL9A1,WBSCR22,1,1
COL9A1,WBSCR27,1,1
COL9A1,WNK4,1,1
COL9A1,ZNF536,1,1
COL9A1,ZNF595,1,1
COL9A1,BP-21264C1.1,1,1
MAP3K5,ABCC1,1,1
MAP3K5,ATG101,1,1
MAP3K5,C17ORF96,1,1
MAP3K5,C18ORF8,1,1
MAP3K5,CRELD2,1,1
MAP3K5,DCUN1D5,1,1
MAP3K5,DNAJB11,1,1
MAP3K5,EIF1AX,1,1
MAP3K5,ERCC1,1,1
MAP3K5,FGF2,1,1
MAP3K5,GTF2H2C_2,1,1
MAP3K5,IMPAD1,1,1
MAP3K5,KAT8,1,1
MAP3K5,KIAA1328,1,1
MAP3K5,L3HYPDH,1,1
MAP3K5,LIMS1,1,1
MAP3K5,MGLL,1,1
MAP3K5,MIPOL1,1,1
MAP3K5,MMADHC,1,1
MAP3K5,MMP16,1,1
MAP3K5,SLC43A2,1,1
MAP3K5,SP100,1,1
MAP3K5,TAB1,1,1
MAP3K5,TOR1AIP2,1,1
MAP3K5,TPI1,1,1
MAP3K5,ZNF335,1,1
AMACR,ARHGAP5,1,1
AMACR,ATP11C,1,1
AMACR,ATP9A,1,1
AMACR,ATXN1,1,1
AMACR,CALCOCO2,1,1
AMACR,DDX43,1,1
AMACR,EPHB3,1,1
AMACR,GALNT10,1,1
AMACR,GLUD2,1,1
AMACR,GSDMD,1,1
AMACR,ICK,1,1
AMACR,KAT7,1,1
AMACR,LMBR1,1,1
AMACR,LMLN,1,1
AMACR,NCSTN,1,1
AMACR,NR0B1,1,1
AMACR,PCDHGA3,1,1
AMACR,PCDHGA7,1,1
AMACR,PCED1A,1,1
AMACR,PTPRZ1,1,1
AMACR,RCC1L,1,1
AMACR,RORA,1,1
AMACR,RP11-958N24.2,1,1
AMACR,SBDS,1,1
AMACR,SLC5A3,1,1
AMACR,SOX8,1,1
AMACR,TBL2,1,1
AMACR,TDRD9,1,1
AMACR,TRAFD1,1,1
AMACR,USP9X,1,1
AMACR,UTRN,1,1
AMACR,XYLT1,1,1
AMACR,ZBTB45P2,1,1
AMACR,ZNF28,1,1
AMACR,ZNF721,1,1
AMACR,ZNF860,1,1
SUN1,ACTN2,1,1
SUN1,ADAM15,1,1
SUN1,ADCY1,1,1
SUN1,AHR,1,1
SUN1,ALG13,1,1
SUN1,ANGPT1,1,1
SUN1,ANKRD54,1,1
SUN1,APOO,1,1
SUN1,ARHGAP25,1,1
SUN1,ART3,1,1
SUN1,ATP1B3,1,1
SUN1,BCAP31,1,1
SUN1,CENPL,1,1
SUN1,CEP70,1,1
SUN1,CHRNA6,1,1
SUN1,CISD3,1,1
SUN1,CLCC1,1,1
SUN1,CLEC2B,1,1
SUN1,CMB9-22P13.1,1,1
SUN1,CNIH3,1,1
SUN1,COL19A1,1,1
SUN1,COLGALT1,1,1
SUN1,COPB2,1,1
SUN1,CPD,1,1
SUN1,CRISPLD1,1,1
SUN1,CSGALNACT1,1,1
SUN1,CUTA,1,1
SUN1,DNAJB12,1,1
SUN1,DOCK4,1,1
SUN1,DOK1,1,1
SUN1,DPY19L1,1,1
SUN1,EBF1,1,1
SUN1,ENOX1,1,1
SUN1,EPDR1,1,1
SUN1,EPHA3,1,1
SUN1,ERLIN2,1,1
SUN1,ETV1,1,1
SUN1,FAM188B,1,1
SUN1,FAM198B,1,1
SUN1,FAM46C,1,1
SUN1,FGF13,1,1
SUN1,FKBP11,1,1
SUN1,FKBP14,1,1
SUN1,FKBP9P1,1,1
SUN1,GHR,1,1
SUN1,GLCCI1,1,1
SUN1,GLUD2,1,1
SUN1,GPC3,1,1
SUN1,GPC4,1,1
SUN1,IARS2,1,1
SUN1,ICAM1,1,1
SUN1,ID4,1,1
SUN1,IL1RAP,1,1
SUN1,INTS10,1,1
SUN1,ITPR2,1,1
SUN1,KCNK5,1,1
SUN1,KIAA1191,1,1
SUN1,KYAT3,1,1
SUN1,LAMA4,1,1
SUN1,LIN28B,1,1
SUN1,LYPLAL1,1,1
SUN1,MAML2,1,1
SUN1,MATK,1,1
SUN1,ME1,1,1
SUN1,METTL14,1,1
SUN1,MMP15,1,1
SUN1,MPZL1,1,1
SUN1,MRAP2,1,1
SUN1,MRPL32,1,1
SUN1,MTUS1,1,1
SUN1,MYD88,1,1
SUN1,MYH14,1,1
SUN1,NDUFAF2,1,1
SUN1,NFKBIE,1,1
SUN1,NOMO3,1,1
SUN1,NPAS1,1,1
SUN1,NSF,1,1
SUN1,P3H1,1,1
SUN1,P3H2,1,1
SUN1,P4HA1,1,1
SUN1,PCOLCE2,1,1
SUN1,PDDC1,1,1
SUN1,PGBD1,1,1
SUN1,PGF,1,1
SUN1,PGM1,1,1
SUN1,PGM3,1,1
SUN1,PIEZO2,1,1
SUN1,PLPP3,1,1
SUN1,PMS2CL,1,1
SUN1,PPIA,1,1
SUN1,PPP2R2D,1,1
SUN1,PRDX4,1,1
SUN1,PRDX6,1,1
SUN1,PTGFRN,1,1
SUN1,RAD17,1,1
SUN1,RCN2,1,1
SUN1,RNASET2,1,1
SUN1,RNF152,1,1
SUN1,ROR1,1,1
SUN1,RPN1,1,1
SUN1,SCG2,1,1
SUN1,SDC2,1,1
SUN1,SH3KBP1,1,1
SUN1,SH3TC1,1,1
SUN1,SHROOM1,1,1
SUN1,SLC19A3,1,1
SUN1,SLC1A1,1,1
SUN1,SLC26A2,1,1
SUN1,SLC26A4,1,1
SUN1,SMAP2,1,1
SUN1,SPRY4,1,1
SUN1,SRPRB,1,1
SUN1,STIM2,1,1
SUN1,STK32B,1,1
SUN1,STON2,1,1
SUN1,TBC1D22B,1,1
SUN1,TGFB3,1,1
SUN1,TIMP1,1,1
SUN1,TMEM5,1,1
SUN1,TMEM62,1,1
SUN1,TMEM67,1,1
SUN1,TNFAIP6,1,1
SUN1,TNRC18,1,1
SUN1,TOR1AIP2,1,1
SUN1,TOR3A,1,1
SUN1,TPGS2,1,1
SUN1,TRIM47,1,1
SUN1,TVP23B,1,1
SUN1,UNC80,1,1
SUN1,WWTR1,1,1
SUN1,XPR1,1,1
SUN1,ZBTB33,1,1
SUN1,ZDHHC16,1,1
ZMYND11,AMPD2,1,1
ZMYND11,ASB9,1,1
ZMYND11,BX004987.1,1,1
ZMYND11,CALM1,1,1
ZMYND11,EDEM2,1,1
ZMYND11,ETV4,1,1
ZMYND11,GATA4,1,1
ZMYND11,GCAT,1,1
ZMYND11,KDELR2,1,1
ZMYND11,MCTS1,1,1
ZMYND11,MICU1,1,1
ZMYND11,MLLT10,1,1
ZMYND11,MYH14,1,1
ZMYND11,NOA1,1,1
ZMYND11,PATL1,1,1
ZMYND11,PMP2,1,1
ZMYND11,RHOA,1,1
ZMYND11,RPTOR,1,1
ZMYND11,RTN4IP1,1,1
ZMYND11,RUBCN,1,1
ZMYND11,SECISBP2,1,1
ZMYND11,STX2,1,1
ZMYND11,TBRG4,1,1
ZMYND11,TIMMDC1,1,1
ZMYND11,TRAPPC10,1,1
ZMYND11,VAC14,1,1
ZMYND11,WDR37,1,1
ZMYND11,YTHDC1,1,1
ZMYND11,ZDHHC3,1,1
ZMYND11,ZFP28,1,1
ZMYND11,ZRANB1,1,1
MYL9,ACAD9,1,1
MYL9,ADAMTS9,1,1
MYL9,AMPD2,1,1
MYL9,ARGLU1,1,1
MYL9,ASB9,1,1
MYL9,ATAT1,1,1
MYL9,ATP1B3,1,1
MYL9,ATP5B,1,1
MYL9,ATXN3,1,1
MYL9,CCSAP,1,1
MYL9,CENPL,1,1
MYL9,CEP85L,1,1
MYL9,CHL1,1,1
MYL9,CHPT1,1,1
MYL9,CLTC,1,1
MYL9,CMBL,1,1
MYL9,CMTM8,1,1
MYL9,COL19A1,1,1
MYL9,COLGALT1,1,1
MYL9,DARS2,1,1
MYL9,DLX5,1,1
MYL9,DOCK10,1,1
MYL9,ECE2,1,1
MYL9,EDEM2,1,1
MYL9,EN2,1,1
MYL9,EPDR1,1,1
MYL9,ETV4,1,1
MYL9,FCGR2A,1,1
MYL9,FUCA2,1,1
MYL9,GALNT2,1,1
MYL9,GATA4,1,1
MYL9,GCAT,1,1
MYL9,ICAM1,1,1
MYL9,IPO8,1,1
MYL9,ITGB3,1,1
MYL9,KDELR2,1,1
MYL9,KDM1B,1,1
MYL9,KIAA1191,1,1
MYL9,KRBA1,1,1
MYL9,MBTPS2,1,1
MYL9,MCTS1,1,1
MYL9,MEGF10,1,1
MYL9,MGAT5B,1,1
MYL9,MTIF2,1,1
MYL9,MYH14,1,1
MYL9,NAPG,1,1
MYL9,NOMO1,1,1
MYL9,PDGFRL,1,1
MYL9,PI15,1,1
MYL9,PMP2,1,1
MYL9,PNMA2,1,1
MYL9,PPARD,1,1
MYL9,PPIA,1,1
MYL9,RBAK,1,1
MYL9,RCN2,1,1
MYL9,RPL17,1,1
MYL9,RPTOR,1,1
MYL9,RTN4IP1,1,1
MYL9,SH3GLB2,1,1
MYL9,SLC26A2,1,1
MYL9,SLC7A2,1,1
MYL9,SOBP,1,1
MYL9,SSFA2,1,1
MYL9,SUN2,1,1
MYL9,TBRG4,1,1
MYL9,THOC2,1,1
MYL9,TIPRL,1,1
MYL9,TMEM5,1,1
MYL9,UXS1,1,1
MYL9,VAC14,1,1
MYL9,WDR37,1,1
MYL9,ZDHHC3,1,1
INTS8,FKBP4,1,1
INTS8,FREM2,1,1
INTS8,TIGD1,1,1
INTS8,WBSCR22,1,1
INTS8,ZCCHC7,1,1
CPM,ANKRD26,1,1
CPM,B4GALT4,1,1
CPM,BIN3,1,1
CPM,C17ORF58,1,1
CPM,CCSAP,1,1
CPM,CHL1,1,1
CPM,CHPT1,1,1
CPM,CMBL,1,1
CPM,COPZ1,1,1
CPM,CST1,1,1
CPM,CXXC1,1,1
CPM,DOCK10,1,1
CPM,EDEM2,1,1
CPM,EFCAB7,1,1
CPM,EXTL1,1,1
CPM,FCGR2A,1,1
CPM,GALNT2,1,1
CPM,GATA4,1,1
CPM,GCAT,1,1
CPM,GNAO1,1,1
CPM,HOXA13,1,1
CPM,IFI35,1,1
CPM,ITGA9,1,1
CPM,KDELR3,1,1
CPM,KLF6,1,1
CPM,MYH14,1,1
CPM,NAPG,1,1
CPM,NDUFV2,1,1
CPM,NOMO1,1,1
CPM,PAN3,1,1
CPM,PDCD6IP,1,1
CPM,PDGFRL,1,1
CPM,PDZD4,1,1
CPM,PGRMC1,1,1
CPM,PI15,1,1
CPM,PLSCR4,1,1
CPM,PPIA,1,1
CPM,PRKAB1,1,1
CPM,PWWP2A,1,1
CPM,RBAK,1,1
CPM,RTN4IP1,1,1
CPM,SLC22A5,1,1
CPM,SLC35G1,1,1
CPM,SLC44A1,1,1
CPM,SMAD4,1,1
CPM,STX2,1,1
CPM,TBRG4,1,1
CPM,TIMMDC1,1,1
CPM,TRAPPC10,1,1
CPM,ZNF280A,1,1
B3GALNT2,DARS,1,1
B3GALNT2,GTF2E1,1,1
B3GALNT2,TXLNG,1,1
PRIMA1,BAALC,1,1
PRIMA1,BFSP1,1,1
PRIMA1,C8ORF48,1,1
PRIMA1,CCDC78,1,1
PRIMA1,DZIP3,1,1
PRIMA1,FAM134B,1,1
PRIMA1,FDXR,1,1
PRIMA1,KIAA0895,1,1
PRIMA1,OLFM2,1,1
PRIMA1,PEX5L,1,1
PRIMA1,PRKCD,1,1
PRIMA1,RNASE1,1,1
PRIMA1,RP11-43F13.1,1,1
PRIMA1,SDK2,1,1
PRIMA1,SEMA3E,1,1
PRIMA1,SERPINA3,1,1
PRIMA1,SLC40A1,1,1
PRIMA1,SLC5A4,1,1
PRIMA1,SOCS2,1,1
PRIMA1,SOD3,1,1
CHML,C10ORF76,1,1
CHML,C17ORF89,1,1
CHML,CDK14,1,1
CHML,CDK5RAP1,1,1
CHML,CDKL1,1,1
CHML,CTDSP1,1,1
CHML,DNER,1,1
CHML,EFNA5,1,1
CHML,EPRS,1,1
CHML,F11R,1,1
CHML,F12,1,1
CHML,FOXD2,1,1
CHML,FRMD6,1,1
CHML,HOXB4,1,1
CHML,MAVS,1,1
CHML,MRPL4,1,1
CHML,MYO5B,1,1
CHML,NECAP2,1,1
CHML,PDHX,1,1
CHML,PKD1P5,1,1
CHML,PROSER2,1,1
CHML,PTK7,1,1
CHML,PTPN12,1,1
CHML,SDHD,1,1
CHML,SPHK1,1,1
CHML,SYAP1,1,1
CHML,WT1,1,1
CHML,ZFYVE27,1,1
CHML,ZNF107,1,1
ZNF841,AZGP1,1,1
ZNF841,C12ORF60,1,1
ZNF841,C1ORF115,1,1
ZNF841,CACNA1H,1,1
ZNF841,CCM2,1,1
ZNF841,DEPDC7,1,1
ZNF841,DZIP3,1,1
ZNF841,FBF1,1,1
ZNF841,GK5,1,1
ZNF841,GPR37,1,1
ZNF841,GUCY1B3,1,1
ZNF841,HERC2P3,1,1
ZNF841,IFI16,1,1
ZNF841,KIFAP3,1,1
ZNF841,LGMN,1,1
ZNF841,MAP2,1,1
ZNF841,MORN2,1,1
ZNF841,NAP1L5,1,1
ZNF841,NKAP,1,1
ZNF841,PIGS,1,1
ZNF841,PRKCD,1,1
ZNF841,RADIL,1,1
ZNF841,RORA,1,1
ZNF841,STAT3,1,1
ZNF841,TNS2,1,1
CXXC5,CACNA2D1,1,1
CXXC5,CHPF2,1,1
CXXC5,CRIP2,1,1
CXXC5,EBF3,1,1
CXXC5,F2RL2,1,1
CXXC5,FLII,1,1
CXXC5,GLI2,1,1
CXXC5,ITGA5,1,1
CXXC5,KDM5C,1,1
CXXC5,KIAA1671,1,1
CXXC5,METTL7B,1,1
CXXC5,P2RY1,1,1
CXXC5,PCDHA7,1,1
CXXC5,PHLDB1,1,1
CXXC5,SERPINH1,1,1
CXXC5,SLC35G2,1,1
CXXC5,TGFB1,1,1
P2RY1,CACNA2D1,1,1
P2RY1,CHPF2,1,1
P2RY1,EBF3,1,1
P2RY1,F2RL2,1,1
P2RY1,FGFRL1,1,1
P2RY1,GLI2,1,1
P2RY1,GTF2F1,1,1
P2RY1,KDM5C,1,1
P2RY1,KIAA1671,1,1
P2RY1,LIFR,1,1
P2RY1,METTL7B,1,1
P2RY1,OGFRL1,1,1
P2RY1,PCDHA7,1,1
P2RY1,PRKAR1B,1,1
P2RY1,PRR4,1,1
P2RY1,RAB36,1,1
P2RY1,SLC35E4,1,1
P2RY1,SLC35G2,1,1
P2RY1,SNED1,1,1
P2RY1,TBXAS1,1,1
P2RY1,TMEM2,1,1
P2RY1,TMTC3,1,1
P2RY1,YWHAG,1,1
ANK3,ABCA8,1,1
ANK3,ADGRB1,1,1
ANK3,ADORA2B,1,1
ANK3,AFAP1L2,1,1
ANK3,AGMO,1,1
ANK3,AKAP6,1,1
ANK3,ALS2CR11,1,1
ANK3,ANKH,1,1
ANK3,ANKRD45,1,1
ANK3,ARHGAP6,1,1
ANK3,ARHGDIB,1,1
ANK3,ASB4,1,1
ANK3,ATP1B1,1,1
ANK3,B3GNT7,1,1
ANK3,B4GALNT3,1,1
ANK3,BATF3,1,1
ANK3,C10ORF76,1,1
ANK3,C17ORF96,1,1
ANK3,C1QTNF3,1,1
ANK3,C1QTNF3-AMACR,1,1
ANK3,CCDC113,1,1
ANK3,CDH12,1,1
ANK3,CDKL1,1,1
ANK3,CHURC1-FNTB,1,1
ANK3,COL9A2,1,1
ANK3,COLGALT2,1,1
ANK3,CT45A1,1,1
ANK3,CT45A10,1,1
ANK3,CT45A3,1,1
ANK3,CT45A6,1,1
ANK3,CT45A8,1,1
ANK3,CT45A9,1,1
ANK3,DMRTA1,1,1
ANK3,DNAH9,1,1
ANK3,DUSP23,1,1
ANK3,DYNLT3,1,1
ANK3,EBF3,1,1
ANK3,EGFLAM,1,1
ANK3,EIF1AXP1,1,1
ANK3,EIF4H,1,1
ANK3,EMILIN1,1,1
ANK3,EYA2,1,1
ANK3,F12,1,1
ANK3,F2RL2,1,1
ANK3,FAM117B,1,1
ANK3,FAM86B1,1,1
ANK3,FGFRL1,1,1
ANK3,FOXD2,1,1
ANK3,FOXF1,1,1
ANK3,FREM2,1,1
ANK3,FSCN1,1,1
ANK3,FSIP2,1,1
ANK3,FST,1,1
ANK3,GALNT5,1,1
ANK3,GLI2,1,1
ANK3,GRIK4,1,1
ANK3,IGFBP2,1,1
ANK3,IL13RA2,1,1
ANK3,ITGA5,1,1
ANK3,ITIH6,1,1
ANK3,KALRN,1,1
ANK3,KDM5C,1,1
ANK3,KIAA1328,1,1
ANK3,KIAA1671,1,1
ANK3,LAMA2,1,1
ANK3,LIFR,1,1
ANK3,LOXL3,1,1
ANK3,MAGEA4,1,1
ANK3,MAMDC2,1,1
ANK3,MEOX2,1,1
ANK3,MGP,1,1
ANK3,MICALL2,1,1
ANK3,MIPOL1,1,1
ANK3,MMP16,1,1
ANK3,MRPS6,1,1
ANK3,MYO5B,1,1
ANK3,NGRN,1,1
ANK3,NKX2-5,1,1
ANK3,OAF,1,1
ANK3,P3H4,1,1
ANK3,PAPSS2,1,1
ANK3,PATZ1,1,1
ANK3,PCDHA1,1,1
ANK3,PCDHA10,1,1
ANK3,PCDHA11,1,1
ANK3,PCDHA7,1,1
ANK3,PCDHAC2,1,1
ANK3,PCDHB11,1,1
ANK3,PCDHB15,1,1
ANK3,PCDHB16,1,1
ANK3,PCDHB17P,1,1
ANK3,PCDHB2,1,1
ANK3,PCDHB5,1,1
ANK3,PCDHB6,1,1
ANK3,PCDHB7,1,1
ANK3,PCOLCE,1,1
ANK3,PKD1P5,1,1
ANK3,PLBD1,1,1
ANK3,PLCXD1,1,1
ANK3,PLEKHS1,1,1
ANK3,PNPO,1,1
ANK3,POLRMT,1,1
ANK3,POU3F3,1,1
ANK3,PRKAR1B,1,1
ANK3,PTPA,1,1
ANK3,PTPN12,1,1
ANK3,PTPRD,1,1
ANK3,RANBP17,1,1
ANK3,RELN,1,1
ANK3,RGS16,1,1
ANK3,RP5-862P8.2,1,1
ANK3,RPS6KA3,1,1
ANK3,RYR2,1,1
ANK3,SCAMP5,1,1
ANK3,SCARA5,1,1
ANK3,SEC14L1,1,1
ANK3,SEL1L3,1,1
ANK3,SERINC3,1,1
ANK3,SLC25A16,1,1
ANK3,SLC35E4,1,1
ANK3,SLC35G2,1,1
ANK3,SLC43A2,1,1
ANK3,SLC9A7,1,1
ANK3,SRPX2,1,1
ANK3,STK26,1,1
ANK3,SYAP1,1,1
ANK3,TCN1,1,1
ANK3,TENM1,1,1
ANK3,TESC,1,1
ANK3,TIGD1,1,1
ANK3,TRIM9,1,1
ANK3,TSPAN13,1,1
ANK3,TSR3,1,1
ANK3,TYW1B,1,1
ANK3,UBA1,1,1
ANK3,UNC13A,1,1
ANK3,UNC5C,1,1
ANK3,WBSCR22,1,1
ANK3,WT1,1,1
ANK3,BP-21264C1.1,1,1
KDELR2,ACAD9,1,1
KDELR2,ADAMTS9,1,1
KDELR2,AMPD2,1,1
KDELR2,ASB9,1,1
KDELR2,ATP1B3,1,1
KDELR2,ATP5B,1,1
KDELR2,ATXN3,1,1
KDELR2,BX004987.1,1,1
KDELR2,C5ORF15,1,1
KDELR2,CCSAP,1,1
KDELR2,CENPL,1,1
KDELR2,CEP85L,1,1
KDELR2,CHL1,1,1
KDELR2,CLTC,1,1
KDELR2,CMTM8,1,1
KDELR2,CNKSR3,1,1
KDELR2,COL19A1,1,1
KDELR2,COLGALT1,1,1
KDELR2,DARS2,1,1
KDELR2,DLX5,1,1
KDELR2,DOCK10,1,1
KDELR2,ECE2,1,1
KDELR2,EN2,1,1
KDELR2,EPDR1,1,1
KDELR2,ETV4,1,1
KDELR2,EXOC1,1,1
KDELR2,FCGR2A,1,1
KDELR2,FGF13,1,1
KDELR2,FUCA2,1,1
KDELR2,GALNT2,1,1
KDELR2,GATA4,1,1
KDELR2,GCAT,1,1
KDELR2,GPC6,1,1
KDELR2,H1FX,1,1
KDELR2,ICAM1,1,1
KDELR2,IPO8,1,1
KDELR2,KAT5,1,1
KDELR2,KDM1B,1,1
KDELR2,KDSR,1,1
KDELR2,KIAA1191,1,1
KDELR2,LIMK1,1,1
KDELR2,LIN28B,1,1
KDELR2,MAGT1,1,1
KDELR2,MCTS1,1,1
KDELR2,MEGF10,1,1
KDELR2,MGAT5B,1,1
KDELR2,MICU1,1,1
KDELR2,MLLT10,1,1
KDELR2,MTIF2,1,1
KDELR2,MYD88,1,1
KDELR2,MYH14,1,1
KDELR2,NOA1,1,1
KDELR2,NOMO1,1,1
KDELR2,PAQR7,1,1
KDELR2,PDGFRL,1,1
KDELR2,PGM1,1,1
KDELR2,PHB,1,1
KDELR2,PI15,1,1
KDELR2,PLPP3,1,1
KDELR2,PMP2,1,1
KDELR2,PNMA2,1,1
KDELR2,PPARD,1,1
KDELR2,PPIA,1,1
KDELR2,RAD17,1,1
KDELR2,RBAK,1,1
KDELR2,RCN2,1,1
KDELR2,RHOA,1,1
KDELR2,RPTOR,1,1
KDELR2,RUBCN,1,1
KDELR2,SECISBP2,1,1
KDELR2,SEMA3D,1,1
KDELR2,SLC22A5,1,1
KDELR2,SLC26A2,1,1
KDELR2,SLC44A1,1,1
KDELR2,SLC4A7,1,1
KDELR2,SLC7A2,1,1
KDELR2,SNTB1,1,1
KDELR2,SOBP,1,1
KDELR2,SUN2,1,1
KDELR2,TBRG4,1,1
KDELR2,TIMMDC1,1,1
KDELR2,TIPRL,1,1
KDELR2,TMEM5,1,1
KDELR2,UBASH3B,1,1
KDELR2,UXS1,1,1
KDELR2,VAC14,1,1
KDELR2,WDR37,1,1
KDELR2,ZDHHC3,1,1
KDELR2,ZFP28,1,1
KDELR2,ZNF593,1,1
KDELR2,ZRANB1,1,1
SHROOM3,ACBD5,1,1
SHROOM3,ADGRA3,1,1
SHROOM3,CLASP2,1,1
SHROOM3,MAPK14,1,1
SHROOM3,MICU1,1,1
SHROOM3,MLLT10,1,1
SHROOM3,PTPN23,1,1
SHROOM3,PTPN9,1,1
SHROOM3,SECISBP2,1,1
SHROOM3,WDR37,1,1
SHROOM3,ZRANB1,1,1
EDEM3,B3GNT2,1,1
EDEM3,CLCC1,1,1
EDEM3,CLTC,1,1
EDEM3,DGKI,1,1
EDEM3,DOCK4,1,1
EDEM3,DPY19L1,1,1
EDEM3,EPDR1,1,1
EDEM3,ETV1,1,1
EDEM3,FAM122B,1,1
EDEM3,GALNT2,1,1
EDEM3,H1FX,1,1
EDEM3,ITGB3,1,1
EDEM3,LIN28B,1,1
EDEM3,LRIG1,1,1
EDEM3,MAML2,1,1
EDEM3,MAN1A2,1,1
EDEM3,MEGF10,1,1
EDEM3,MFSD1,1,1
EDEM3,MRPL57,1,1
EDEM3,NSF,1,1
EDEM3,P4HA1,1,1
EDEM3,PLPP3,1,1
EDEM3,RHOC,1,1
EDEM3,SH3BP5,1,1
EDEM3,SHROOM4,1,1
EDEM3,SLC1A1,1,1
EDEM3,SLC7A2,1,1
EDEM3,SOX5,1,1
EDEM3,SSFA2,1,1
EDEM3,STAG2,1,1
EDEM3,SWAP70,1,1
EDEM3,THOC2,1,1
EDEM3,TMEM131,1,1
EDEM3,TMEM14C,1,1
EDEM3,TMEM5,1,1
EDEM3,TMEM87A,1,1
EDEM3,TMEM87B,1,1
EDEM3,TNRC18,1,1
EDEM3,ZBTB33,1,1
LHX6,ANKH,1,1
LHX6,C17ORF96,1,1
LHX6,C4ORF32,1,1
LHX6,DNAJB11,1,1
LHX6,EHBP1,1,1
LHX6,F12,1,1
LHX6,F2RL2,1,1
LHX6,FGFRL1,1,1
LHX6,FUT8,1,1
LHX6,GATB,1,1
LHX6,HS6ST2,1,1
LHX6,IMPAD1,1,1
LHX6,KIAA1328,1,1
LHX6,LANCL3,1,1
LHX6,LIMS1,1,1
LHX6,METTL7B,1,1
LHX6,MIPOL1,1,1
LHX6,OCIAD1,1,1
LHX6,OSMR,1,1
LHX6,PKD1P5,1,1
LHX6,PURB,1,1
LHX6,RPS6KA3,1,1
LHX6,SCAMP5,1,1
LHX6,SERINC3,1,1
LHX6,SLC4A8,1,1
LHX6,SLC9A7,1,1
LHX6,SP100,1,1
LHX6,SRPX2,1,1
LHX6,SYAP1,1,1
LHX6,UBA1,1,1
LHX6,VCAN,1,1
LHX6,ZNF335,1,1
PDCD6IP,ANKRD26,1,1
PDCD6IP,B4GALT4,1,1
PDCD6IP,BIN3,1,1
PDCD6IP,C17ORF58,1,1
PDCD6IP,CHL1,1,1
PDCD6IP,CHPT1,1,1
PDCD6IP,CMBL,1,1
PDCD6IP,DOCK10,1,1
PDCD6IP,EXTL1,1,1
PDCD6IP,GALNT2,1,1
PDCD6IP,GATA4,1,1
PDCD6IP,GCAT,1,1
PDCD6IP,HERC4,1,1
PDCD6IP,KLF6,1,1
PDCD6IP,METTL14,1,1
PDCD6IP,MYH14,1,1
PDCD6IP,NOMO1,1,1
PDCD6IP,PAN3,1,1
PDCD6IP,PDZD4,1,1
PDCD6IP,PGRMC1,1,1
PDCD6IP,PMP2,1,1
PDCD6IP,PWWP2A,1,1
PDCD6IP,RC3H2,1,1
PDCD6IP,RHOA,1,1
PDCD6IP,RTN4IP1,1,1
PDCD6IP,SLC22A5,1,1
PDCD6IP,SLC44A1,1,1
PDCD6IP,SMAD4,1,1
PDCD6IP,STX2,1,1
PDCD6IP,TBRG4,1,1
PDCD6IP,TIMMDC1,1,1
PDCD6IP,UPF2,1,1
PDCD6IP,ZNF280A,1,1
PDCD6IP,ZNF71,1,1
PDCD6IP,ZRANB1,1,1
RELL1,AARS2,1,1
RELL1,ACAD9,1,1
RELL1,ADAM15,1,1
RELL1,ADAMTS9,1,1
RELL1,ADCY1,1,1
RELL1,AHR,1,1
RELL1,ANKRD19P,1,1
RELL1,ANKRD54,1,1
RELL1,B4GALT4,1,1
RELL1,B9D1,1,1
RELL1,BX004987.1,1,1
RELL1,C3ORF67,1,1
RELL1,CASP10,1,1
RELL1,CCSAP,1,1
RELL1,CHST6,1,1
RELL1,CMB9-22P13.1,1,1
RELL1,CMTM8,1,1
RELL1,COLGALT1,1,1
RELL1,COPB2,1,1
RELL1,CPD,1,1
RELL1,CRISPLD1,1,1
RELL1,CST1,1,1
RELL1,DLX5,1,1
RELL1,EIF3I,1,1
RELL1,ENOX1,1,1
RELL1,ETV1,1,1
RELL1,FABP7,1,1
RELL1,FCGR2A,1,1
RELL1,FGF13,1,1
RELL1,FKBP11,1,1
RELL1,FYB,1,1
RELL1,GAD1,1,1
RELL1,GATA4,1,1
RELL1,GCAT,1,1
RELL1,GHR,1,1
RELL1,GORAB,1,1
RELL1,GPC4,1,1
RELL1,GPC6,1,1
RELL1,HEY2,1,1
RELL1,HMCES,1,1
RELL1,HMCN1,1,1
RELL1,HOXA13,1,1
RELL1,ICAM1,1,1
RELL1,IPO8,1,1
RELL1,ITGA9,1,1
RELL1,ITGB5,1,1
RELL1,KDSR,1,1
RELL1,LIG3,1,1
RELL1,MAOB,1,1
RELL1,MBD4,1,1
RELL1,MLLT10,1,1
RELL1,MYD88,1,1
RELL1,MYH14,1,1
RELL1,NAPG,1,1
RELL1,NUDT4,1,1
RELL1,PAQR7,1,1
RELL1,PCCB,1,1
RELL1,PCOLCE2,1,1
RELL1,PDGFRL,1,1
RELL1,PGM1,1,1
RELL1,PGM3,1,1
RELL1,PGRMC1,1,1
RELL1,PI15,1,1
RELL1,PIEZO2,1,1
RELL1,PNMA2,1,1
RELL1,PODXL2,1,1
RELL1,POLD2,1,1
RELL1,PPIA,1,1
RELL1,PPP1R13B,1,1
RELL1,RAB23,1,1
RELL1,RCN2,1,1
RELL1,RNF216,1,1
RELL1,SDSL,1,1
RELL1,SLC22A5,1,1
RELL1,SLC26A2,1,1
RELL1,SLC35G1,1,1
RELL1,SLC44A1,1,1
RELL1,SMAP2,1,1
RELL1,SNTB1,1,1
RELL1,TBC1D8,1,1
RELL1,TBRG4,1,1
RELL1,TPD52L1,1,1
RELL1,TRPM3,1,1
RELL1,TVP23B,1,1
RELL1,ZDHHC3,1,1
RELL1,ZNF280A,1,1
ARHGEF1,BCL7A,1,1
ARHGEF1,BECN1,1,1
ARHGEF1,BORCS7,1,1
ARHGEF1,C6ORF120,1,1
ARHGEF1,FAM173A,1,1
ARHGEF1,FIP1L1,1,1
ARHGEF1,FKBP9,1,1
ARHGEF1,GLUD1,1,1
ARHGEF1,GNS,1,1
ARHGEF1,IL13RA1,1,1
ARHGEF1,LRP4,1,1
ARHGEF1,LY96,1,1
ARHGEF1,NKAP,1,1
ARHGEF1,TCTN1,1,1
ARHGEF1,WDR55,1,1
ARHGEF1,ZNF33B,1,1
EP400NL,SCARF2,1,1
EP400NL,STAG3L3,1,1
SLC9A3,ACAD11,1,1
SLC9A3,DTX2,1,1
SLC9A3,GK5,1,1
SLC9A3,HERC2P3,1,1
SLC9A3,LGMN,1,1
SLC9A3,MEAF6,1,1
SLC9A3,NAP1L5,1,1
SLC9A3,SLC27A5,1,1
SLC9A3,TAF1C,1,1
SLC9A3,TSPAN33,1,1
MSN,APP,1,1
MSN,CD55,1,1
MSN,CDK14,1,1
MSN,COPA,1,1
MSN,EPRS,1,1
MSN,FOXD2,1,1
MSN,GAPDH,1,1
MSN,ITFG2,1,1
MSN,ITGA4,1,1
MSN,LBX2,1,1
MSN,LGALSL,1,1
MSN,MAPK11,1,1
MSN,MORF4L2,1,1
MSN,NMD3,1,1
MSN,PALLD,1,1
MSN,PHACTR2,1,1
MSN,PSMG3,1,1
MSN,SEC14L1,1,1
MSN,UCK1,1,1
MSN,ULBP2,1,1
LRIG1,ATP1B3,1,1
LRIG1,C8ORF58,1,1
LRIG1,CEP85L,1,1
LRIG1,CHPT1,1,1
LRIG1,CLCC1,1,1
LRIG1,CMBL,1,1
LRIG1,COL19A1,1,1
LRIG1,COMMD3,1,1
LRIG1,CUTA,1,1
LRIG1,DDX59,1,1
LRIG1,DOCK10,1,1
LRIG1,DOCK4,1,1
LRIG1,ETV1,1,1
LRIG1,FAM122B,1,1
LRIG1,FKBP14,1,1
LRIG1,GALNT2,1,1
LRIG1,GLCCI1,1,1
LRIG1,H1FX,1,1
LRIG1,ICAM1,1,1
LRIG1,ITGB3,1,1
LRIG1,KLF6,1,1
LRIG1,KRBA1,1,1
LRIG1,MAML2,1,1
LRIG1,MEGF10,1,1
LRIG1,METTL14,1,1
LRIG1,MYH14,1,1
LRIG1,NOMO1,1,1
LRIG1,NSF,1,1
LRIG1,NT5DC2,1,1
LRIG1,P4HA1,1,1
LRIG1,PAN3,1,1
LRIG1,PGBD1,1,1
LRIG1,PGRMC1,1,1
LRIG1,PLPP3,1,1
LRIG1,PPIA,1,1
LRIG1,RAD17,1,1
LRIG1,ROR1,1,1
LRIG1,SAMD9L,1,1
LRIG1,SH3BP5,1,1
LRIG1,SHROOM1,1,1
LRIG1,SLC1A1,1,1
LRIG1,SMAD4,1,1
LRIG1,SSFA2,1,1
LRIG1,STAG2,1,1
LRIG1,SUN2,1,1
LRIG1,SWAP70,1,1
LRIG1,THOC2,1,1
LRIG1,TMEM131,1,1
LRIG1,TMEM5,1,1
LRIG1,TMEM62,1,1
LRIG1,TMEM87A,1,1
LRIG1,TNRC18,1,1
LRIG1,ZBTB33,1,1
NKAP,AZGP1,1,1
NKAP,BECN1,1,1
NKAP,BORCS7,1,1
NKAP,C12ORF60,1,1
NKAP,C19ORF43,1,1
NKAP,CCM2,1,1
NKAP,FBF1,1,1
NKAP,FIP1L1,1,1
NKAP,FKBP9,1,1
NKAP,FUNDC1,1,1
NKAP,GINM1,1,1
NKAP,GLUD1,1,1
NKAP,GPR37,1,1
NKAP,HERC2P3,1,1
NKAP,IFI16,1,1
NKAP,IFT122,1,1
NKAP,IL13RA1,1,1
NKAP,KIFAP3,1,1
NKAP,LDLRAP1,1,1
NKAP,LGMN,1,1
NKAP,MAP2,1,1
NKAP,MAP7D3,1,1
NKAP,MBTPS1,1,1
NKAP,MORN2,1,1
NKAP,PIGS,1,1
NKAP,RAB6B,1,1
NKAP,RORA,1,1
NKAP,SLC2A3,1,1
NKAP,STAT3,1,1
NKAP,TCTN1,1,1
NKAP,TNS2,1,1
NKAP,WDR55,1,1
NKAP,ZNF33B,1,1
GTF2E1,ZNF282,1,1
PIP5K1B,AC004980.7,1,1
PIP5K1B,ADGRB1,1,1
PIP5K1B,AGMO,1,1
PIP5K1B,ANGPTL1,1,1
PIP5K1B,ART3,1,1
PIP5K1B,ATP2B1,1,1
PIP5K1B,C1QTNF3,1,1
PIP5K1B,CEMIP,1,1
PIP5K1B,COLGALT2,1,1
PIP5K1B,CT45A3,1,1
PIP5K1B,CT45A5,1,1
PIP5K1B,DMRT2,1,1
PIP5K1B,DUSP2,1,1
PIP5K1B,ENG,1,1
PIP5K1B,EPHA3,1,1
PIP5K1B,FAM117B,1,1
PIP5K1B,FAM212B,1,1
PIP5K1B,FKBP4,1,1
PIP5K1B,FOXF1,1,1
PIP5K1B,FZD1,1,1
PIP5K1B,GTF2F1,1,1
PIP5K1B,IGFBP5,1,1
PIP5K1B,IL13RA2,1,1
PIP5K1B,IL27RA,1,1
PIP5K1B,JKAMP,1,1
PIP5K1B,KCNC3,1,1
PIP5K1B,KDR,1,1
PIP5K1B,LONRF2,1,1
PIP5K1B,LOXL3,1,1
PIP5K1B,MATK,1,1
PIP5K1B,NDRG1,1,1
PIP5K1B,NKX2-5,1,1
PIP5K1B,NR0B1,1,1
PIP5K1B,PCDHA11,1,1
PIP5K1B,PCDHB2,1,1
PIP5K1B,PCDHGA7,1,1
PIP5K1B,PRR4,1,1
PIP5K1B,PRRX1,1,1
PIP5K1B,RAB7B,1,1
PIP5K1B,RBMS1,1,1
PIP5K1B,RNF128,1,1
PIP5K1B,SERTAD4,1,1
PIP5K1B,SLC43A2,1,1
PIP5K1B,ST8SIA5,1,1
PIP5K1B,STK32B,1,1
PIP5K1B,SYTL5,1,1
PIP5K1B,TBXAS1,1,1
PIP5K1B,TDRD1,1,1
PIP5K1B,TESC,1,1
PIP5K1B,TGFA,1,1
PIP5K1B,TMEM2,1,1
PIP5K1B,TNFAIP6,1,1
PIP5K1B,TRAF4,1,1
PIP5K1B,TRIM51CP,1,1
PIP5K1B,UNC13A,1,1
PIP5K1B,USP7,1,1
PIP5K1B,ZBTB45P2,1,1
PIP5K1B,ZNF860,1,1
PHLDB1,AC004980.7,1,1
PHLDB1,ARHGAP6,1,1
PHLDB1,ATXN1,1,1
PHLDB1,C1QTNF3,1,1
PHLDB1,CBARP,1,1
PHLDB1,CRIP2,1,1
PHLDB1,CYB561,1,1
PHLDB1,DMRT2,1,1
PHLDB1,EPHB3,1,1
PHLDB1,FOXF1,1,1
PHLDB1,GLI2,1,1
PHLDB1,IGFBP5,1,1
PHLDB1,KDM5C,1,1
PHLDB1,KIAA1671,1,1
PHLDB1,LONRF2,1,1
PHLDB1,MICALL2,1,1
PHLDB1,MRPS6,1,1
PHLDB1,OLFML3,1,1
PHLDB1,PCDHA11,1,1
PHLDB1,PCDHA7,1,1
PHLDB1,PCDHB2,1,1
PHLDB1,PCDHGA3,1,1
PHLDB1,PCDHGA7,1,1
PHLDB1,PRR4,1,1
PHLDB1,PRRX1,1,1
PHLDB1,RAB36,1,1
PHLDB1,SIK3,1,1
PHLDB1,SLC35E4,1,1
PHLDB1,SLC43A2,1,1
PHLDB1,SNED1,1,1
PHLDB1,ST8SIA5,1,1
PHLDB1,SYTL5,1,1
PHLDB1,TBXAS1,1,1
PHLDB1,TDRD1,1,1
PHLDB1,ZBTB45P2,1,1
ZDHHC16,ACTN2,1,1
ZDHHC16,ADAM15,1,1
ZDHHC16,AFAP1L2,1,1
ZDHHC16,AGMO,1,1
ZDHHC16,ALG13,1,1
ZDHHC16,ANGPT1,1,1
ZDHHC16,ANKRD54,1,1
ZDHHC16,AP3D1,1,1
ZDHHC16,ARHGAP20,1,1
ZDHHC16,ARHGAP25,1,1
ZDHHC16,ART3,1,1
ZDHHC16,ASL,1,1
ZDHHC16,ATP1B1,1,1
ZDHHC16,B4GALNT3,1,1
ZDHHC16,C1QTNF3-AMACR,1,1
ZDHHC16,CC2D1A,1,1
ZDHHC16,CEP70,1,1
ZDHHC16,CNIH3,1,1
ZDHHC16,COL9A3,1,1
ZDHHC16,COPA,1,1
ZDHHC16,COPB2,1,1
ZDHHC16,CPD,1,1
ZDHHC16,CSGALNACT1,1,1
ZDHHC16,CT45A1,1,1
ZDHHC16,CT45A10,1,1
ZDHHC16,CT45A3,1,1
ZDHHC16,CT45A8,1,1
ZDHHC16,CT45A9,1,1
ZDHHC16,CXCL16,1,1
ZDHHC16,DMRTA1,1,1
ZDHHC16,DOK1,1,1
ZDHHC16,DYNLT3,1,1
ZDHHC16,ENAH,1,1
ZDHHC16,ENOX1,1,1
ZDHHC16,EPHA3,1,1
ZDHHC16,ERLIN2,1,1
ZDHHC16,FAM133A,1,1
ZDHHC16,FAM188B,1,1
ZDHHC16,FAM198B,1,1
ZDHHC16,FAM212B,1,1
ZDHHC16,FAM46C,1,1
ZDHHC16,FAM86B1,1,1
ZDHHC16,FGF13,1,1
ZDHHC16,FKBP10,1,1
ZDHHC16,FKBP11,1,1
ZDHHC16,FKBP14,1,1
ZDHHC16,FKBP9P1,1,1
ZDHHC16,FSIP2,1,1
ZDHHC16,GALNT5,1,1
ZDHHC16,GHR,1,1
ZDHHC16,GLUD2,1,1
ZDHHC16,GPC3,1,1
ZDHHC16,GPC4,1,1
ZDHHC16,GRIK4,1,1
ZDHHC16,HMCES,1,1
ZDHHC16,IARS2,1,1
ZDHHC16,ID4,1,1
ZDHHC16,IGFBP2,1,1
ZDHHC16,IL13RA2,1,1
ZDHHC16,IL1RAP,1,1
ZDHHC16,IL6ST,1,1
ZDHHC16,INTS10,1,1
ZDHHC16,ITIH5,1,1
ZDHHC16,ITIH6,1,1
ZDHHC16,ITPR2,1,1
ZDHHC16,ITPRIPL2,1,1
ZDHHC16,KCNC3,1,1
ZDHHC16,KCNK5,1,1
ZDHHC16,LAMA4,1,1
ZDHHC16,LAMC3,1,1
ZDHHC16,LIG3,1,1
ZDHHC16,LOXL3,1,1
ZDHHC16,LRP2,1,1
ZDHHC16,LRRC75A,1,1
ZDHHC16,LYPLAL1,1,1
ZDHHC16,MAFB,1,1
ZDHHC16,MATK,1,1
ZDHHC16,ME1,1,1
ZDHHC16,MEOX2,1,1
ZDHHC16,MMP15,1,1
ZDHHC16,MRAP2,1,1
ZDHHC16,MYD88,1,1
ZDHHC16,MYO5B,1,1
ZDHHC16,NOMO3,1,1
ZDHHC16,NPAS1,1,1
ZDHHC16,NTN1,1,1
ZDHHC16,OFD1,1,1
ZDHHC16,P3H1,1,1
ZDHHC16,P3H2,1,1
ZDHHC16,PAPSS2,1,1
ZDHHC16,PCDHA10,1,1
ZDHHC16,PCDHB17P,1,1
ZDHHC16,PCDHB5,1,1
ZDHHC16,PCDHB6,1,1
ZDHHC16,PCOLCE2,1,1
ZDHHC16,PDDC1,1,1
ZDHHC16,PGF,1,1
ZDHHC16,PGM3,1,1
ZDHHC16,PIEZO2,1,1
ZDHHC16,PLBD1,1,1
ZDHHC16,PLEKHS1,1,1
ZDHHC16,PMS2CL,1,1
ZDHHC16,PPIC,1,1
ZDHHC16,PRDX6,1,1
ZDHHC16,PRPSAP2,1,1
ZDHHC16,PTGFRN,1,1
ZDHHC16,RELN,1,1
ZDHHC16,RNF152,1,1
ZDHHC16,RNF216,1,1
ZDHHC16,ROR1,1,1
ZDHHC16,RPN1,1,1
ZDHHC16,SCARA5,1,1
ZDHHC16,SCRG1,1,1
ZDHHC16,SDC2,1,1
ZDHHC16,SEC14L1,1,1
ZDHHC16,SERPINE2,1,1
ZDHHC16,SLC19A3,1,1
ZDHHC16,SLC26A4,1,1
ZDHHC16,SPARC,1,1
ZDHHC16,SPATS1,1,1
ZDHHC16,SPRY4,1,1
ZDHHC16,SRPRB,1,1
ZDHHC16,STK32B,1,1
ZDHHC16,STON2,1,1
ZDHHC16,TBC1D10B,1,1
ZDHHC16,TGFB3,1,1
ZDHHC16,TIGD1,1,1
ZDHHC16,TIMP1,1,1
ZDHHC16,TMEM67,1,1
ZDHHC16,TNFAIP6,1,1
ZDHHC16,TOR1AIP2,1,1
ZDHHC16,TOR3A,1,1
ZDHHC16,TPD52L1,1,1
ZDHHC16,TPGS2,1,1
ZDHHC16,TRIM9,1,1
ZDHHC16,TRPM3,1,1
ZDHHC16,TRPM8,1,1
ZDHHC16,TVP23B,1,1
ZDHHC16,UNC13A,1,1
ZDHHC16,UNC5C,1,1
ZDHHC16,UNC80,1,1
ZDHHC16,WBSCR22,1,1
ZDHHC16,WNK4,1,1
ZDHHC16,WWTR1,1,1
ZDHHC16,XIAP,1,1
ZDHHC16,XPR1,1,1
ZDHHC16,ZNF595,1,1
SUDS3,EXOC1,1,1
SUDS3,FER,1,1
SUDS3,FKBP11,1,1
SUDS3,HEBP2,1,1
SUDS3,TBC1D22B,1,1
ZNF710,AHR,1,1
ZNF710,ARHGAP20,1,1
ZNF710,ATOH8,1,1
ZNF710,CHPF,1,1
ZNF710,COQ6,1,1
ZNF710,FKBP10,1,1
ZNF710,HS3ST3B1,1,1
ZNF710,ITGA10,1,1
ZNF710,LAMC3,1,1
ZNF710,LYPLAL1,1,1
ZNF710,MAOB,1,1
ZNF710,P3H1,1,1
ZNF710,PDDC1,1,1
ZNF710,PMS2CL,1,1
ZNF710,PODXL2,1,1
ZNF710,PPIC,1,1
ZNF710,PRDX4,1,1
ZNF710,RIDA,1,1
ZNF710,RP11-111F5.5,1,1
ZNF710,SDC2,1,1
ZNF710,SEZ6L2,1,1
ZNF710,TPD52L1,1,1
CD276,ABCC1,1,1
CD276,AC004980.7,1,1
CD276,ADGRB1,1,1
CD276,AFAP1L2,1,1
CD276,AGMO,1,1
CD276,ANGPTL1,1,1
CD276,ARHGAP5,1,1
CD276,ARHGAP6,1,1
CD276,ART3,1,1
CD276,ASCC3,1,1
CD276,ATP2B1,1,1
CD276,C17ORF96,1,1
CD276,C1QTNF3,1,1
CD276,CEMIP,1,1
CD276,CEP70,1,1
CD276,COL9A2,1,1
CD276,COLGALT2,1,1
CD276,CT45A3,1,1
CD276,CT45A5,1,1
CD276,DLX2,1,1
CD276,DMRT2,1,1
CD276,DMRTA1,1,1
CD276,DOK1,1,1
CD276,DYNLT3,1,1
CD276,EGFLAM,1,1
CD276,EIF1AX,1,1
CD276,ENAH,1,1
CD276,EPHA3,1,1
CD276,EPHB3,1,1
CD276,ERCC1,1,1
CD276,FAM117B,1,1
CD276,FAM212B,1,1
CD276,FOXF1,1,1
CD276,FREM2,1,1
CD276,FSIP2,1,1
CD276,FUT8,1,1
CD276,IGFBP5,1,1
CD276,IL13RA2,1,1
CD276,IL27RA,1,1
CD276,KCNC3,1,1
CD276,KIAA1328,1,1
CD276,KIAA1671,1,1
CD276,LIFR,1,1
CD276,LONRF2,1,1
CD276,LOXL3,1,1
CD276,MAGEA4,1,1
CD276,MICALL2,1,1
CD276,MIPOL1,1,1
CD276,MMP16,1,1
CD276,NDRG1,1,1
CD276,NKX2-5,1,1
CD276,OAF,1,1
CD276,OLFML3,1,1
CD276,PAPSS2,1,1
CD276,PCDHA1,1,1
CD276,PCDHA10,1,1
CD276,PCDHA11,1,1
CD276,PCDHA7,1,1
CD276,PCDHB16,1,1
CD276,PCDHB17P,1,1
CD276,PCDHB2,1,1
CD276,PRRX1,1,1
CD276,RAB7B,1,1
CD276,RBMS1,1,1
CD276,RNF128,1,1
CD276,RP11-111K18.1,1,1
CD276,RPN1,1,1
CD276,RPS6KA3,1,1
CD276,SEC14L1,1,1
CD276,SERINC3,1,1
CD276,SERPINE2,1,1
CD276,SH3KBP1,1,1
CD276,SLC43A2,1,1
CD276,SLC5A3,1,1
CD276,SNED1,1,1
CD276,ST8SIA5,1,1
CD276,STK32B,1,1
CD276,SYTL5,1,1
CD276,TBXAS1,1,1
CD276,TCN1,1,1
CD276,TDRD1,1,1
CD276,TESC,1,1
CD276,TGFA,1,1
CD276,TGFB3,1,1
CD276,TIGD1,1,1
CD276,TMTC3,1,1
CD276,TNFAIP6,1,1
CD276,TOR1AIP2,1,1
CD276,TRIM51CP,1,1
CD276,TRIM9,1,1
CD276,TSPAN13,1,1
CD276,UBA1,1,1
CD276,UNC13A,1,1
CD276,XIAP,1,1
COL5A2,AKAP6,1,1
COL5A2,B3GALT1,1,1
COL5A2,BST2,1,1
COL5A2,CADM4,1,1
COL5A2,CCDC144B,1,1
COL5A2,CYB561,1,1
COL5A2,DDX43,1,1
COL5A2,DNAJB6,1,1
COL5A2,DNAJC30,1,1
COL5A2,EMILIN1,1,1
COL5A2,FOXP2,1,1
COL5A2,GUCY1B3,1,1
COL5A2,INSR,1,1
COL5A2,MRPS6,1,1
COL5A2,NAP1L5,1,1
COL5A2,NDST1,1,1
COL5A2,NPHP1,1,1
COL5A2,PTCHD4,1,1
COL5A2,RORA,1,1
COL5A2,S100A13,1,1
COL5A2,SCYL1,1,1
COL5A2,SH3RF3,1,1
COL5A2,SMIM20,1,1
COL5A2,SMIM3,1,1
COL5A2,SNX1,1,1
COL5A2,TIMM10B,1,1
COL5A2,USP9X,1,1
COL5A2,UTRN,1,1
COL5A2,ZNF536,1,1
GK5,DEPDC7,1,1
GK5,DZIP3,1,1
GK5,HERC2P3,1,1
GK5,LGMN,1,1
GK5,MORN2,1,1
GK5,NAP1L5,1,1
GK5,PIGS,1,1
GK5,TAF1C,1,1
GK5,TSPAN33,1,1
DLX5,ACAD9,1,1
DLX5,AMPD2,1,1
DLX5,ANKRD54,1,1
DLX5,ASB9,1,1
DLX5,ATR,1,1
DLX5,BX004987.1,1,1
DLX5,C16ORF52,1,1
DLX5,C5ORF15,1,1
DLX5,CCSAP,1,1
DLX5,CENPL,1,1
DLX5,CHST6,1,1
DLX5,CMTM8,1,1
DLX5,CNIH3,1,1
DLX5,CNKSR3,1,1
DLX5,COLGALT1,1,1
DLX5,COPA,1,1
DLX5,COPB2,1,1
DLX5,COX18,1,1
DLX5,CPD,1,1
DLX5,DARS2,1,1
DLX5,DPY19L1,1,1
DLX5,EIF3I,1,1
DLX5,ENOX1,1,1
DLX5,EPDR1,1,1
DLX5,ERLEC1,1,1
DLX5,FAM3C,1,1
DLX5,FCGR2A,1,1
DLX5,FGF13,1,1
DLX5,FUCA2,1,1
DLX5,GATA4,1,1
DLX5,GHR,1,1
DLX5,GPC6,1,1
DLX5,GULP1,1,1
DLX5,ICAM1,1,1
DLX5,IPO8,1,1
DLX5,KCNK5,1,1
DLX5,KDSR,1,1
DLX5,KIAA1191,1,1
DLX5,LIG3,1,1
DLX5,MAGEC1,1,1
DLX5,MBD4,1,1
DLX5,MCTS1,1,1
DLX5,MLLT10,1,1
DLX5,MYH14,1,1
DLX5,NAPG,1,1
DLX5,NOA1,1,1
DLX5,NOMO3,1,1
DLX5,PAQR7,1,1
DLX5,PCOLCE2,1,1
DLX5,PDGFRL,1,1
DLX5,PGM1,1,1
DLX5,PGM3,1,1
DLX5,PI15,1,1
DLX5,PIEZO2,1,1
DLX5,PLPP3,1,1
DLX5,PMP2,1,1
DLX5,PNMA2,1,1
DLX5,POLD2,1,1
DLX5,RABL6,1,1
DLX5,RCN2,1,1
DLX5,RPTOR,1,1
DLX5,SCG2,1,1
DLX5,SEMA3D,1,1
DLX5,SLC26A2,1,1
DLX5,SNTB1,1,1
DLX5,TBRG4,1,1
DLX5,TMEM67,1,1
DLX5,TVP23B,1,1
DLX5,UBASH3B,1,1
DLX5,WDR37,1,1
DLX5,ZDHHC3,1,1
GAGE1,ADAP1,1,1
GAGE1,ASB4,1,1
GAGE1,BAALC,1,1
GAGE1,BMP6,1,1
GAGE1,C1ORF115,1,1
GAGE1,CACNA1H,1,1
GAGE1,CBSL,1,1
GAGE1,CHRDL1,1,1
GAGE1,COASY,1,1
GAGE1,CSMD1,1,1
GAGE1,CT45A6,1,1
GAGE1,CTAG2,1,1
GAGE1,FMOD,1,1
GAGE1,FOLH1,1,1
GAGE1,GAGE12J,1,1
GAGE1,GAGE13,1,1
GAGE1,GAGE2E,1,1
GAGE1,KCNG4,1,1
GAGE1,MDH2,1,1
GAGE1,MEOX2,1,1
GAGE1,MYO3B,1,1
GAGE1,NDUFA8,1,1
GAGE1,NTN1,1,1
GAGE1,PAGE5,1,1
GAGE1,PCOLCE,1,1
GAGE1,PITPNC1,1,1
GAGE1,PRKCD,1,1
GAGE1,RADIL,1,1
GAGE1,RGS16,1,1
GAGE1,SOD3,1,1
GAGE1,SPATS1,1,1
GAGE1,WNK4,1,1
RADIL,ABCA8,1,1
RADIL,ACAD11,1,1
RADIL,ADAP1,1,1
RADIL,ADGRL1,1,1
RADIL,AKAP6,1,1
RADIL,ANKRD45,1,1
RADIL,ARHGAP20,1,1
RADIL,ARHGDIB,1,1
RADIL,ASB4,1,1
RADIL,ATOH8,1,1
RADIL,AZGP1,1,1
RADIL,B3GALT1,1,1
RADIL,B3GNT7,1,1
RADIL,B4GALNT3,1,1
RADIL,BAALC,1,1
RADIL,BFSP1,1,1
RADIL,BMP6,1,1
RADIL,BST2,1,1
RADIL,C12ORF60,1,1
RADIL,C1QTNF3-AMACR,1,1
RADIL,C1ORF115,1,1
RADIL,CACNA1H,1,1
RADIL,CADM4,1,1
RADIL,CBSL,1,1
RADIL,CCDC113,1,1
RADIL,CCDC78,1,1
RADIL,CDH12,1,1
RADIL,CGREF1,1,1
RADIL,CHPF,1,1
RADIL,CHRDL1,1,1
RADIL,CHURC1-FNTB,1,1
RADIL,COASY,1,1
RADIL,COL9A3,1,1
RADIL,COQ6,1,1
RADIL,CSMD1,1,1
RADIL,CT45A1,1,1
RADIL,CT45A10,1,1
RADIL,CT45A6,1,1
RADIL,CT45A8,1,1
RADIL,CT45A9,1,1
RADIL,DDX43,1,1
RADIL,DEPDC7,1,1
RADIL,DNAJB6,1,1
RADIL,DNAJC30,1,1
RADIL,DSCR8,1,1
RADIL,DZIP3,1,1
RADIL,EGFL7,1,1
RADIL,EMILIN1,1,1
RADIL,EYA2,1,1
RADIL,FAM134B,1,1
RADIL,FBF1,1,1
RADIL,FDXR,1,1
RADIL,FMOD,1,1
RADIL,FOLH1,1,1
RADIL,FOXP2,1,1
RADIL,FUNDC1,1,1
RADIL,GABRG3,1,1
RADIL,GAGE12J,1,1
RADIL,GALNT5,1,1
RADIL,GPC1,1,1
RADIL,GPR37,1,1
RADIL,GRIK4,1,1
RADIL,GUCY1B3,1,1
RADIL,IFI16,1,1
RADIL,IGFBP2,1,1
RADIL,ITGA10,1,1
RADIL,ITGAX,1,1
RADIL,ITIH5,1,1
RADIL,ITIH6,1,1
RADIL,JUNB,1,1
RADIL,KCNG4,1,1
RADIL,KIAA0895,1,1
RADIL,LAMA2,1,1
RADIL,LAMC3,1,1
RADIL,LRP2,1,1
RADIL,MAFB,1,1
RADIL,MAMDC2,1,1
RADIL,MAOB,1,1
RADIL,MAPRE3,1,1
RADIL,MDH2,1,1
RADIL,MEOX2,1,1
RADIL,MGP,1,1
RADIL,MORN2,1,1
RADIL,MYO3B,1,1
RADIL,NAP1L5,1,1
RADIL,NDUFA8,1,1
RADIL,NPHP1,1,1
RADIL,NTN1,1,1
RADIL,OLFM2,1,1
RADIL,OPHN1,1,1
RADIL,P3H4,1,1
RADIL,PAGE5,1,1
RADIL,PATZ1,1,1
RADIL,PCDHA1,1,1
RADIL,PCDHB11,1,1
RADIL,PCDHB5,1,1
RADIL,PCDHB6,1,1
RADIL,PCDHB7,1,1
RADIL,PCOLCE,1,1
RADIL,PEX5L,1,1
RADIL,PITPNC1,1,1
RADIL,PLBD1,1,1
RADIL,PLEKHS1,1,1
RADIL,POU3F3,1,1
RADIL,PPIC,1,1
RADIL,PPP2R2B,1,1
RADIL,PRKCD,1,1
RADIL,PTPRD,1,1
RADIL,PYROXD2,1,1
RADIL,RELN,1,1
RADIL,RNASE1,1,1
RADIL,RORA,1,1
RADIL,RP11-111F5.5,1,1
RADIL,RYR2,1,1
RADIL,SBNO2,1,1
RADIL,SDC2,1,1
RADIL,SDK2,1,1
RADIL,SEL1L3,1,1
RADIL,SEMA3E,1,1
RADIL,SERPINA3,1,1
RADIL,SEZ6L2,1,1
RADIL,SLC39A4,1,1
RADIL,SLC40A1,1,1
RADIL,SLC5A4,1,1
RADIL,SMIM20,1,1
RADIL,SMIM3,1,1
RADIL,SNX1,1,1
RADIL,SOCS2,1,1
RADIL,SOD3,1,1
RADIL,SPATS1,1,1
RADIL,STAT3,1,1
RADIL,STK26,1,1
RADIL,SULF1,1,1
RADIL,TACO1,1,1
RADIL,TNFRSF21,1,1
RADIL,TNS2,1,1
RADIL,TRPM8,1,1
RADIL,UNC5C,1,1
RADIL,UROC1,1,1
RADIL,VPS25,1,1
RADIL,WBSCR27,1,1
RADIL,WNK4,1,1
RADIL,ZNF536,1,1
RADIL,ZNF595,1,1
MYO5B,ABCA8,1,1
MYO5B,AFAP1L2,1,1
MYO5B,AGMO,1,1
MYO5B,ANKRD45,1,1
MYO5B,ARHGDIB,1,1
MYO5B,ASB4,1,1
MYO5B,ASL,1,1
MYO5B,ATP1B1,1,1
MYO5B,B3GNT7,1,1
MYO5B,B4GALNT3,1,1
MYO5B,BATF3,1,1
MYO5B,BMP6,1,1
MYO5B,C10ORF76,1,1
MYO5B,C17ORF89,1,1
MYO5B,C17ORF96,1,1
MYO5B,C1QTNF3-AMACR,1,1
MYO5B,CBSL,1,1
MYO5B,CC2D1A,1,1
MYO5B,CDH12,1,1
MYO5B,CDK14,1,1
MYO5B,CEP70,1,1
MYO5B,CHURC1-FNTB,1,1
MYO5B,COL9A2,1,1
MYO5B,COL9A3,1,1
MYO5B,COLGALT2,1,1
MYO5B,CSMD1,1,1
MYO5B,CT45A1,1,1
MYO5B,CT45A10,1,1
MYO5B,CT45A6,1,1
MYO5B,CT45A8,1,1
MYO5B,CT45A9,1,1
MYO5B,CTDSP1,1,1
MYO5B,DMRTA1,1,1
MYO5B,DNER,1,1
MYO5B,DYNLT3,1,1
MYO5B,EIF4H,1,1
MYO5B,EPRS,1,1
MYO5B,EYA2,1,1
MYO5B,F12,1,1
MYO5B,FAM117B,1,1
MYO5B,FAM133A,1,1
MYO5B,FAM46C,1,1
MYO5B,FAM86B1,1,1
MYO5B,FOLH1,1,1
MYO5B,FOXD2,1,1
MYO5B,FREM2,1,1
MYO5B,FSIP2,1,1
MYO5B,GALNT5,1,1
MYO5B,GRIK4,1,1
MYO5B,IGFBP2,1,1
MYO5B,ITIH5,1,1
MYO5B,ITIH6,1,1
MYO5B,KALRN,1,1
MYO5B,LAMA2,1,1
MYO5B,LAPTM4B,1,1
MYO5B,LOXL3,1,1
MYO5B,MAGEA4,1,1
MYO5B,MAMDC2,1,1
MYO5B,MAPK11,1,1
MYO5B,MATK,1,1
MYO5B,MEOX2,1,1
MYO5B,MGP,1,1
MYO5B,MMP16,1,1
MYO5B,MRPL4,1,1
MYO5B,NKX2-5,1,1
MYO5B,NTN1,1,1
MYO5B,OAF,1,1
MYO5B,OFD1,1,1
MYO5B,P3H4,1,1
MYO5B,PAPSS2,1,1
MYO5B,PCDHA1,1,1
MYO5B,PCDHAC2,1,1
MYO5B,PCDHB11,1,1
MYO5B,PCDHB16,1,1
MYO5B,PCDHB17P,1,1
MYO5B,PCDHB5,1,1
MYO5B,PCDHB6,1,1
MYO5B,PCDHB7,1,1
MYO5B,PCOLCE,1,1
MYO5B,PITPNC1,1,1
MYO5B,PKD1P5,1,1
MYO5B,PLBD1,1,1
MYO5B,PLEKHS1,1,1
MYO5B,POLRMT,1,1
MYO5B,POU3F3,1,1
MYO5B,PSMD10,1,1
MYO5B,PTK7,1,1
MYO5B,RBMS1,1,1
MYO5B,RELN,1,1
MYO5B,RNF152,1,1
MYO5B,RPS6KA3,1,1
MYO5B,RYR2,1,1
MYO5B,SCARA5,1,1
MYO5B,SDHD,1,1
MYO5B,SEC14L1,1,1
MYO5B,SLC1A3,1,1
MYO5B,SPARC,1,1
MYO5B,SPATS1,1,1
MYO5B,SPHK1,1,1
MYO5B,STK26,1,1
MYO5B,SYAP1,1,1
MYO5B,TBC1D10B,1,1
MYO5B,TGFB3,1,1
MYO5B,TIGD1,1,1
MYO5B,TNFRSF21,1,1
MYO5B,TOR1AIP2,1,1
MYO5B,TPI1,1,1
MYO5B,TRIM9,1,1
MYO5B,TRPM8,1,1
MYO5B,TSPAN13,1,1
MYO5B,UBA1,1,1
MYO5B,UNC5C,1,1
MYO5B,WBSCR22,1,1
MYO5B,WT1,1,1
MYO5B,WWTR1,1,1
MYO5B,ZNF595,1,1
MYO5B,BP-21264C1.1,1,1
EIF1,OCIAD1,1,1
EIF1,SERPINH1,1,1
PATL1,ADGRA3,1,1
PATL1,CALM1,1,1
PATL1,CLASP2,1,1
PATL1,PYCR2,1,1
PATL1,ROCK1,1,1
PATL1,SMC6,1,1
PATL1,TRAPPC10,1,1
PATL1,UPF2,1,1
PATL1,YTHDC1,1,1
UNC5C,ABCA8,1,1
UNC5C,AC004980.7,1,1
UNC5C,ADGRB1,1,1
UNC5C,AFAP1L2,1,1
UNC5C,AGMO,1,1
UNC5C,AKAP6,1,1
UNC5C,ALG13,1,1
UNC5C,ALS2CR11,1,1
UNC5C,ANGPT1,1,1
UNC5C,ANKRD45,1,1
UNC5C,ARHGAP20,1,1
UNC5C,ARHGAP5,1,1
UNC5C,ARHGAP6,1,1
UNC5C,ARHGDIB,1,1
UNC5C,ART3,1,1
UNC5C,ASB4,1,1
UNC5C,ASL,1,1
UNC5C,ATP11C,1,1
UNC5C,ATP1B1,1,1
UNC5C,ATP2B1,1,1
UNC5C,ATP9A,1,1
UNC5C,B3GALT1,1,1
UNC5C,B3GNT7,1,1
UNC5C,B4GALNT3,1,1
UNC5C,BMP6,1,1
UNC5C,BST2,1,1
UNC5C,C1QTNF3,1,1
UNC5C,C1QTNF3-AMACR,1,1
UNC5C,C1ORF115,1,1
UNC5C,CACNA1H,1,1
UNC5C,CADM4,1,1
UNC5C,CBSL,1,1
UNC5C,CC2D1A,1,1
UNC5C,CDH12,1,1
UNC5C,CELSR1,1,1
UNC5C,CEP70,1,1
UNC5C,CHPF,1,1
UNC5C,CHURC1-FNTB,1,1
UNC5C,COL11A2,1,1
UNC5C,COL9A2,1,1
UNC5C,COL9A3,1,1
UNC5C,COLGALT2,1,1
UNC5C,CSGALNACT1,1,1
UNC5C,CSMD1,1,1
UNC5C,CT45A1,1,1
UNC5C,CT45A10,1,1
UNC5C,CT45A3,1,1
UNC5C,CT45A5,1,1
UNC5C,CT45A6,1,1
UNC5C,CT45A8,1,1
UNC5C,CT45A9,1,1
UNC5C,CYB561,1,1
UNC5C,DDX43,1,1
UNC5C,DMRT2,1,1
UNC5C,DMRTA1,1,1
UNC5C,DNAH9,1,1
UNC5C,DNAJB6,1,1
UNC5C,DNAJC30,1,1
UNC5C,DOK1,1,1
UNC5C,DSCR8,1,1
UNC5C,DYNLT3,1,1
UNC5C,EGFLAM,1,1
UNC5C,EIF4H,1,1
UNC5C,EMILIN1,1,1
UNC5C,ENAH,1,1
UNC5C,ENG,1,1
UNC5C,EPHA3,1,1
UNC5C,EPHB3,1,1
UNC5C,ERLIN2,1,1
UNC5C,EYA2,1,1
UNC5C,FAM117B,1,1
UNC5C,FAM133A,1,1
UNC5C,FAM188B,1,1
UNC5C,FAM212B,1,1
UNC5C,FAM46C,1,1
UNC5C,FAM86B1,1,1
UNC5C,FMOD,1,1
UNC5C,FOLH1,1,1
UNC5C,FOXF1,1,1
UNC5C,FREM2,1,1
UNC5C,FSIP2,1,1
UNC5C,GALNT5,1,1
UNC5C,GLI2,1,1
UNC5C,GLUD2,1,1
UNC5C,GPC1,1,1
UNC5C,GPC3,1,1
UNC5C,GPC4,1,1
UNC5C,GRIK4,1,1
UNC5C,GUCY1B3,1,1
UNC5C,HS3ST3B1,1,1
UNC5C,IFI16,1,1
UNC5C,IGFBP2,1,1
UNC5C,IGFBP5,1,1
UNC5C,IL13RA2,1,1
UNC5C,IL27RA,1,1
UNC5C,ILK,1,1
UNC5C,ITGA10,1,1
UNC5C,ITIH5,1,1
UNC5C,ITIH6,1,1
UNC5C,ITPRIPL2,1,1
UNC5C,JARID2,1,1
UNC5C,KALRN,1,1
UNC5C,KCNC3,1,1
UNC5C,KDR,1,1
UNC5C,LAMA2,1,1
UNC5C,LAMA4,1,1
UNC5C,LAMC3,1,1
UNC5C,LONRF2,1,1
UNC5C,LOXL3,1,1
UNC5C,LRRC75A,1,1
UNC5C,LYPLAL1,1,1
UNC5C,MAFB,1,1
UNC5C,MAGEA4,1,1
UNC5C,MAMDC2,1,1
UNC5C,MATK,1,1
UNC5C,MDH2,1,1
UNC5C,MEOX2,1,1
UNC5C,MGP,1,1
UNC5C,MICALL2,1,1
UNC5C,MMP16,1,1
UNC5C,MRAP2,1,1
UNC5C,MRPS6,1,1
UNC5C,MYO3B,1,1
UNC5C,NDRG1,1,1
UNC5C,NDUFA8,1,1
UNC5C,NFIA,1,1
UNC5C,NKX2-5,1,1
UNC5C,NPAS1,1,1
UNC5C,NPHP1,1,1
UNC5C,NR0B1,1,1
UNC5C,NTN1,1,1
UNC5C,OAF,1,1
UNC5C,OLFML3,1,1
UNC5C,P3H1,1,1
UNC5C,P3H2,1,1
UNC5C,P3H4,1,1
UNC5C,PAPSS2,1,1
UNC5C,PATZ1,1,1
UNC5C,PCDHA1,1,1
UNC5C,PCDHA10,1,1
UNC5C,PCDHA11,1,1
UNC5C,PCDHB11,1,1
UNC5C,PCDHB15,1,1
UNC5C,PCDHB16,1,1
UNC5C,PCDHB17P,1,1
UNC5C,PCDHB2,1,1
UNC5C,PCDHB5,1,1
UNC5C,PCDHB6,1,1
UNC5C,PCDHB7,1,1
UNC5C,PCDHGA3,1,1
UNC5C,PCDHGA7,1,1
UNC5C,PCOLCE,1,1
UNC5C,PDDC1,1,1
UNC5C,PITPNC1,1,1
UNC5C,PLBD1,1,1
UNC5C,PLEKHS1,1,1
UNC5C,PMS2CL,1,1
UNC5C,POU3F3,1,1
UNC5C,PPIC,1,1
UNC5C,PPP2R2B,1,1
UNC5C,PRDX6,1,1
UNC5C,PRR4,1,1
UNC5C,PRRX1,1,1
UNC5C,PTGFRN,1,1
UNC5C,PTPRD,1,1
UNC5C,RAB7B,1,1
UNC5C,RBMS1,1,1
UNC5C,RCC1L,1,1
UNC5C,RELN,1,1
UNC5C,RGS16,1,1
UNC5C,RNASET2,1,1
UNC5C,RNF152,1,1
UNC5C,RP11-111F5.5,1,1
UNC5C,RP11-111K18.1,1,1
UNC5C,RP11-958N24.2,1,1
UNC5C,RPN1,1,1
UNC5C,RYR2,1,1
UNC5C,S100A13,1,1
UNC5C,SBNO2,1,1
UNC5C,SCARA5,1,1
UNC5C,SCRG1,1,1
UNC5C,SDC2,1,1
UNC5C,SEC14L1,1,1
UNC5C,SEL1L3,1,1
UNC5C,SERPINE2,1,1
UNC5C,SLC1A3,1,1
UNC5C,SLC26A4,1,1
UNC5C,SLC35E4,1,1
UNC5C,SLC39A4,1,1
UNC5C,SLC5A3,1,1
UNC5C,SMIM3,1,1
UNC5C,SNED1,1,1
UNC5C,SPATS1,1,1
UNC5C,ST8SIA5,1,1
UNC5C,STK26,1,1
UNC5C,STK32B,1,1
UNC5C,SULF1,1,1
UNC5C,SYTL5,1,1
UNC5C,TBXAS1,1,1
UNC5C,TCN1,1,1
UNC5C,TDRD1,1,1
UNC5C,TENM1,1,1
UNC5C,TESC,1,1
UNC5C,TGFA,1,1
UNC5C,TGFB3,1,1
UNC5C,TIGD1,1,1
UNC5C,TIMP1,1,1
UNC5C,TNFAIP6,1,1
UNC5C,TNS2,1,1
UNC5C,TOR1AIP2,1,1
UNC5C,TOR3A,1,1
UNC5C,TRAFD1,1,1
UNC5C,TRIM9,1,1
UNC5C,TRPM8,1,1
UNC5C,TSPAN13,1,1
UNC5C,TYW1B,1,1
UNC5C,UNC13A,1,1
UNC5C,UPF3A,1,1
UNC5C,UROC1,1,1
UNC5C,WBSCR22,1,1
UNC5C,WNK4,1,1
UNC5C,WWTR1,1,1
UNC5C,XIAP,1,1
UNC5C,XPR1,1,1
UNC5C,ZBTB45P2,1,1
UNC5C,ZNF536,1,1
UNC5C,ZNF595,1,1
UNC5C,BP-21264C1.1,1,1
DZIP3,ACAD11,1,1
DZIP3,B3GALT1,1,1
DZIP3,BAALC,1,1
DZIP3,C12ORF60,1,1
DZIP3,CADM4,1,1
DZIP3,CSMD1,1,1
DZIP3,DEPDC7,1,1
DZIP3,DNAJC30,1,1
DZIP3,DSCR8,1,1
DZIP3,EGFL7,1,1
DZIP3,FAHD2B,1,1
DZIP3,FAM134B,1,1
DZIP3,FBF1,1,1
DZIP3,FDXR,1,1
DZIP3,FMOD,1,1
DZIP3,GUCY1B3,1,1
DZIP3,HERC2P3,1,1
DZIP3,IQCK,1,1
DZIP3,JRKL,1,1
DZIP3,KIAA0895,1,1
DZIP3,MAP2,1,1
DZIP3,MAPRE3,1,1
DZIP3,MEAF6,1,1
DZIP3,MORN2,1,1
DZIP3,NAP1L5,1,1
DZIP3,OLFM2,1,1
DZIP3,PEX5L,1,1
DZIP3,PIGS,1,1
DZIP3,PRKCD,1,1
DZIP3,PYROXD2,1,1
DZIP3,RNASE1,1,1
DZIP3,RP11-43F13.1,1,1
DZIP3,SDK2,1,1
DZIP3,SEMA3E,1,1
DZIP3,SERPINA3,1,1
DZIP3,SLC27A5,1,1
DZIP3,SLC40A1,1,1
DZIP3,SLC5A4,1,1
DZIP3,SMIM20,1,1
DZIP3,SOCS2,1,1
DZIP3,SOD3,1,1
DZIP3,STAT3,1,1
DZIP3,TIMM10B,1,1
DZIP3,TNS2,1,1
DZIP3,UROC1,1,1
CEMIP,AC004980.7,1,1
CEMIP,ACTN2,1,1
CEMIP,ADGRB1,1,1
CEMIP,AGMO,1,1
CEMIP,ALG13,1,1
CEMIP,ANGPT1,1,1
CEMIP,ANGPTL1,1,1
CEMIP,AP3D1,1,1
CEMIP,ARHGAP6,1,1
CEMIP,ART3,1,1
CEMIP,ASCC3,1,1
CEMIP,ATP2B1,1,1
CEMIP,BCAP31,1,1
CEMIP,C1QTNF3,1,1
CEMIP,CEP170B,1,1
CEMIP,COLGALT2,1,1
CEMIP,CSGALNACT1,1,1
CEMIP,CT45A3,1,1
CEMIP,CT45A5,1,1
CEMIP,DLX2,1,1
CEMIP,DMRT2,1,1
CEMIP,DNAAF5,1,1
CEMIP,DOK1,1,1
CEMIP,DUSP2,1,1
CEMIP,EBF1,1,1
CEMIP,EIF1AX,1,1
CEMIP,ENG,1,1
CEMIP,EPHA3,1,1
CEMIP,EPHB3,1,1
CEMIP,FAM117B,1,1
CEMIP,FAM188B,1,1
CEMIP,FAM212B,1,1
CEMIP,FOXF1,1,1
CEMIP,FZD1,1,1
CEMIP,GLUD2,1,1
CEMIP,IGFBP5,1,1
CEMIP,IL13RA2,1,1
CEMIP,IL1RAP,1,1
CEMIP,IL27RA,1,1
CEMIP,JKAMP,1,1
CEMIP,KCNC3,1,1
CEMIP,KCNC4,1,1
CEMIP,KDR,1,1
CEMIP,KIAA0040,1,1
CEMIP,LAMA4,1,1
CEMIP,LONRF2,1,1
CEMIP,LOXL3,1,1
CEMIP,MATK,1,1
CEMIP,MMP16,1,1
CEMIP,MRAP2,1,1
CEMIP,MTUS1,1,1
CEMIP,NDRG1,1,1
CEMIP,NKX2-5,1,1
CEMIP,NPAS1,1,1
CEMIP,NR0B1,1,1
CEMIP,OLFML3,1,1
CEMIP,P3H2,1,1
CEMIP,PCDHA11,1,1
CEMIP,PCDHB2,1,1
CEMIP,PCDHGA7,1,1
CEMIP,PHC2,1,1
CEMIP,POM121C,1,1
CEMIP,PRRX1,1,1
CEMIP,RAB7B,1,1
CEMIP,RBMS1,1,1
CEMIP,RC3H1,1,1
CEMIP,RNF128,1,1
CEMIP,RPN1,1,1
CEMIP,SERPINE2,1,1
CEMIP,SERTAD4,1,1
CEMIP,SH3KBP1,1,1
CEMIP,SH3TC1,1,1
CEMIP,SNAPC2,1,1
CEMIP,SNED1,1,1
CEMIP,SPRY4,1,1
CEMIP,SRPRB,1,1
CEMIP,ST8SIA5,1,1
CEMIP,STK32B,1,1
CEMIP,STON2,1,1
CEMIP,SYNE3,1,1
CEMIP,SYTL5,1,1
CEMIP,TBXAS1,1,1
CEMIP,TCN1,1,1
CEMIP,TDRD1,1,1
CEMIP,TESC,1,1
CEMIP,TGFA,1,1
CEMIP,TIMP1,1,1
CEMIP,TNFAIP6,1,1
CEMIP,TOR1AIP2,1,1
CEMIP,TOR3A,1,1
CEMIP,TRAF4,1,1
CEMIP,TRIM47,1,1
CEMIP,TRIM51,1,1
CEMIP,TRIM51CP,1,1
CEMIP,UNC13A,1,1
CEMIP,USP7,1,1
CEMIP,XIAP,1,1
CEMIP,XPR1,1,1
CEMIP,ZNF654,1,1
CEMIP,ZNF860,1,1
ZCCHC9,C15ORF38-AP3S2,1,1
ZCCHC9,EBF3,1,1
ZCCHC9,ZNF700,1,1
FAM3C2,CHRNA6,1,1
FAM3C2,CLEC2B,1,1
FAM3C2,KCNC4,1,1
FAM3C2,MTUS1,1,1
FAM3C2,STAG2,1,1
FAM3C2,TMEM87B,1,1
FAM3C2,TRIM47,1,1
DNAH9,ABCA8,1,1
DNAH9,AC004980.7,1,1
DNAH9,ADGRB1,1,1
DNAH9,AFAP1L2,1,1
DNAH9,AGMO,1,1
DNAH9,AKAP6,1,1
DNAH9,ALG13,1,1
DNAH9,ALS2CR11,1,1
DNAH9,ANGPTL1,1,1
DNAH9,ANKRD45,1,1
DNAH9,ARCN1,1,1
DNAH9,ARHGAP5,1,1
DNAH9,ARHGAP6,1,1
DNAH9,ARHGDIB,1,1
DNAH9,ART3,1,1
DNAH9,ASB4,1,1
DNAH9,ATP11C,1,1
DNAH9,ATP1B1,1,1
DNAH9,ATP2B1,1,1
DNAH9,ATP9A,1,1
DNAH9,B3GALT1,1,1
DNAH9,B3GNT7,1,1
DNAH9,B4GALNT3,1,1
DNAH9,BST2,1,1
DNAH9,C1QTNF3,1,1
DNAH9,C1QTNF3-AMACR,1,1
DNAH9,CADM4,1,1
DNAH9,CC2D1A,1,1
DNAH9,CDH12,1,1
DNAH9,CELSR1,1,1
DNAH9,CEP70,1,1
DNAH9,CHURC1-FNTB,1,1
DNAH9,COL11A2,1,1
DNAH9,COL9A2,1,1
DNAH9,COL9A3,1,1
DNAH9,COLGALT2,1,1
DNAH9,CSGALNACT1,1,1
DNAH9,CT45A1,1,1
DNAH9,CT45A10,1,1
DNAH9,CT45A3,1,1
DNAH9,CT45A5,1,1
DNAH9,CT45A6,1,1
DNAH9,CT45A8,1,1
DNAH9,CT45A9,1,1
DNAH9,CYB561,1,1
DNAH9,DDX43,1,1
DNAH9,DMRT2,1,1
DNAH9,DMRTA1,1,1
DNAH9,DNAJB6,1,1
DNAH9,DNAJC30,1,1
DNAH9,DOK1,1,1
DNAH9,DSCR8,1,1
DNAH9,DYNLT3,1,1
DNAH9,EGFLAM,1,1
DNAH9,EIF1AXP1,1,1
DNAH9,EIF4H,1,1
DNAH9,EMILIN1,1,1
DNAH9,ENAH,1,1
DNAH9,ENG,1,1
DNAH9,EPHA3,1,1
DNAH9,EPHB3,1,1
DNAH9,ERLIN2,1,1
DNAH9,EYA2,1,1
DNAH9,FAM117B,1,1
DNAH9,FAM133A,1,1
DNAH9,FAM212B,1,1
DNAH9,FAM46C,1,1
DNAH9,FAM86B1,1,1
DNAH9,FOLH1,1,1
DNAH9,FOXF1,1,1
DNAH9,FREM2,1,1
DNAH9,FSIP2,1,1
DNAH9,GALNT5,1,1
DNAH9,GLI2,1,1
DNAH9,GLUD2,1,1
DNAH9,GPC1,1,1
DNAH9,GPC3,1,1
DNAH9,GRIK4,1,1
DNAH9,GUCY1B3,1,1
DNAH9,HS3ST3B1,1,1
DNAH9,IGFBP2,1,1
DNAH9,IGFBP3,1,1
DNAH9,IGFBP5,1,1
DNAH9,IL13RA2,1,1
DNAH9,IL27RA,1,1
DNAH9,IL6ST,1,1
DNAH9,ITIH5,1,1
DNAH9,ITIH6,1,1
DNAH9,ITPRIPL2,1,1
DNAH9,JARID2,1,1
DNAH9,JKAMP,1,1
DNAH9,KALRN,1,1
DNAH9,KCNC3,1,1
DNAH9,KDM5C,1,1
DNAH9,LAMA2,1,1
DNAH9,LAMA4,1,1
DNAH9,LIFR,1,1
DNAH9,LIMS3,1,1
DNAH9,LONRF2,1,1
DNAH9,LOXL3,1,1
DNAH9,LRRC75A,1,1
DNAH9,LYPLAL1,1,1
DNAH9,MAFB,1,1
DNAH9,MAGEA4,1,1
DNAH9,MAMDC2,1,1
DNAH9,MATK,1,1
DNAH9,MEOX2,1,1
DNAH9,MGP,1,1
DNAH9,MICALL2,1,1
DNAH9,MMP16,1,1
DNAH9,MRPS6,1,1
DNAH9,NDRG1,1,1
DNAH9,NKX2-5,1,1
DNAH9,NPHP1,1,1
DNAH9,NR0B1,1,1
DNAH9,NTN1,1,1
DNAH9,OAF,1,1
DNAH9,OLFML3,1,1
DNAH9,P3H1,1,1
DNAH9,P3H2,1,1
DNAH9,P3H4,1,1
DNAH9,PAPSS2,1,1
DNAH9,PATZ1,1,1
DNAH9,PCDHA1,1,1
DNAH9,PCDHA10,1,1
DNAH9,PCDHA11,1,1
DNAH9,PCDHA13,1,1
DNAH9,PCDHA7,1,1
DNAH9,PCDHAC2,1,1
DNAH9,PCDHB11,1,1
DNAH9,PCDHB15,1,1
DNAH9,PCDHB16,1,1
DNAH9,PCDHB17P,1,1
DNAH9,PCDHB2,1,1
DNAH9,PCDHB5,1,1
DNAH9,PCDHB6,1,1
DNAH9,PCDHB7,1,1
DNAH9,PCDHGA3,1,1
DNAH9,PCDHGA7,1,1
DNAH9,PCDHGB1,1,1
DNAH9,PCOLCE,1,1
DNAH9,PDDC1,1,1
DNAH9,PLBD1,1,1
DNAH9,PLEKHS1,1,1
DNAH9,PMS2CL,1,1
DNAH9,POU3F3,1,1
DNAH9,PPIC,1,1
DNAH9,PPP2R2B,1,1
DNAH9,PRR4,1,1
DNAH9,PRRX1,1,1
DNAH9,PTGFRN,1,1
DNAH9,PTPRD,1,1
DNAH9,RAB7B,1,1
DNAH9,RAPGEF5,1,1
DNAH9,RBMS1,1,1
DNAH9,RCC1L,1,1
DNAH9,RELN,1,1
DNAH9,RNF128,1,1
DNAH9,RNF152,1,1
DNAH9,RP11-111K18.1,1,1
DNAH9,RPN1,1,1
DNAH9,RYR2,1,1
DNAH9,S100A13,1,1
DNAH9,SBNO2,1,1
DNAH9,SCARA5,1,1
DNAH9,SCRG1,1,1
DNAH9,SDC2,1,1
DNAH9,SEL1L3,1,1
DNAH9,SERPINE2,1,1
DNAH9,SLC35E4,1,1
DNAH9,SLC39A4,1,1
DNAH9,SLC43A2,1,1
DNAH9,SLC5A3,1,1
DNAH9,SMIM3,1,1
DNAH9,SNED1,1,1
DNAH9,SOX8,1,1
DNAH9,SPRY4,1,1
DNAH9,ST8SIA5,1,1
DNAH9,STK32B,1,1
DNAH9,SULF1,1,1
DNAH9,SYTL5,1,1
DNAH9,TBXAS1,1,1
DNAH9,TCN1,1,1
DNAH9,TDRD1,1,1
DNAH9,TENM1,1,1
DNAH9,TESC,1,1
DNAH9,TGFA,1,1
DNAH9,TGFB3,1,1
DNAH9,TIMP1,1,1
DNAH9,TNFAIP6,1,1
DNAH9,TRIM51CP,1,1
DNAH9,TRIM9,1,1
DNAH9,TRPM8,1,1
DNAH9,TSR3,1,1
DNAH9,UNC13A,1,1
DNAH9,UPF3A,1,1
DNAH9,USP9X,1,1
DNAH9,WBSCR22,1,1
DNAH9,WWTR1,1,1
DNAH9,XIAP,1,1
DNAH9,XYLT1,1,1
DNAH9,ZBTB45P2,1,1
DNAH9,ZNF595,1,1
DNAH9,BP-21264C1.1,1,1
IMPAD1,ABCC1,1,1
IMPAD1,ADAM17,1,1
IMPAD1,ATG101,1,1
IMPAD1,BCL9,1,1
IMPAD1,C17ORF89,1,1
IMPAD1,C17ORF96,1,1
IMPAD1,C4ORF32,1,1
IMPAD1,CDK14,1,1
IMPAD1,CNBP,1,1
IMPAD1,COTL1,1,1
IMPAD1,DARS,1,1
IMPAD1,DCUN1D5,1,1
IMPAD1,DLX1,1,1
IMPAD1,DNAAF5,1,1
IMPAD1,DNAJB11,1,1
IMPAD1,EIF1AX,1,1
IMPAD1,EIF2B3,1,1
IMPAD1,EIF5A,1,1
IMPAD1,EPRS,1,1
IMPAD1,FGF2,1,1
IMPAD1,FOXD2,1,1
IMPAD1,FRMD6,1,1
IMPAD1,FUT8,1,1
IMPAD1,GATB,1,1
IMPAD1,GOLIM4,1,1
IMPAD1,HSP90B1,1,1
IMPAD1,HYOU1,1,1
IMPAD1,ITGA4,1,1
IMPAD1,ITPR3,1,1
IMPAD1,JRK,1,1
IMPAD1,KAT8,1,1
IMPAD1,KIAA1328,1,1
IMPAD1,L3HYPDH,1,1
IMPAD1,LIMS1,1,1
IMPAD1,LRFN1,1,1
IMPAD1,LRRC59,1,1
IMPAD1,MAGEA2,1,1
IMPAD1,MIPOL1,1,1
IMPAD1,MMADHC,1,1
IMPAD1,MMP16,1,1
IMPAD1,NMD3,1,1
IMPAD1,OSMR,1,1
IMPAD1,PELI1,1,1
IMPAD1,POLRMT,1,1
IMPAD1,PROSER2,1,1
IMPAD1,PTK7,1,1
IMPAD1,PURB,1,1
IMPAD1,RCL1,1,1
IMPAD1,RND3,1,1
IMPAD1,RPS6KA3,1,1
IMPAD1,SDE2,1,1
IMPAD1,SERINC3,1,1
IMPAD1,SLC7A6OS,1,1
IMPAD1,SNRPB2,1,1
IMPAD1,SP100,1,1
IMPAD1,SPHK1,1,1
IMPAD1,STYX,1,1
IMPAD1,SYAP1,1,1
IMPAD1,TPI1,1,1
IMPAD1,TSPAN13,1,1
IMPAD1,WDR11,1,1
IMPAD1,WT1,1,1
IMPAD1,YKT6,1,1
IMPAD1,ZNF335,1,1
ATP2B1,AC004980.7,1,1
ATP2B1,ADGRB1,1,1
ATP2B1,AFAP1L2,1,1
ATP2B1,AGMO,1,1
ATP2B1,ALG13,1,1
ATP2B1,ANGPT1,1,1
ATP2B1,ANGPTL1,1,1
ATP2B1,AP3D1,1,1
ATP2B1,ARHGAP25,1,1
ATP2B1,ARHGAP5,1,1
ATP2B1,ARHGAP6,1,1
ATP2B1,ART3,1,1
ATP2B1,ASCC3,1,1
ATP2B1,ATP9A,1,1
ATP2B1,C1QTNF3,1,1
ATP2B1,CELSR1,1,1
ATP2B1,CEP70,1,1
ATP2B1,CHRNA6,1,1
ATP2B1,CLEC2B,1,1
ATP2B1,COL9A2,1,1
ATP2B1,COLGALT2,1,1
ATP2B1,CSGALNACT1,1,1
ATP2B1,CT45A3,1,1
ATP2B1,CT45A5,1,1
ATP2B1,CT45A8,1,1
ATP2B1,CT45A9,1,1
ATP2B1,DLX2,1,1
ATP2B1,DMRT2,1,1
ATP2B1,DMRTA1,1,1
ATP2B1,DOK1,1,1
ATP2B1,DUSP2,1,1
ATP2B1,EDEM1,1,1
ATP2B1,EGFLAM,1,1
ATP2B1,EIF1AX,1,1
ATP2B1,ENAH,1,1
ATP2B1,ENG,1,1
ATP2B1,EPHA3,1,1
ATP2B1,EPHB3,1,1
ATP2B1,ERLIN2,1,1
ATP2B1,FAM117B,1,1
ATP2B1,FAM212B,1,1
ATP2B1,FAM86B1,1,1
ATP2B1,FOXF1,1,1
ATP2B1,FREM2,1,1
ATP2B1,FSIP2,1,1
ATP2B1,FZD1,1,1
ATP2B1,G6PD,1,1
ATP2B1,GALNT5,1,1
ATP2B1,GLUD2,1,1
ATP2B1,GNB4,1,1
ATP2B1,GPC3,1,1
ATP2B1,IGFBP3,1,1
ATP2B1,IGFBP5,1,1
ATP2B1,IL13RA2,1,1
ATP2B1,IL1RAP,1,1
ATP2B1,IL27RA,1,1
ATP2B1,IL6ST,1,1
ATP2B1,ITPR2,1,1
ATP2B1,ITPRIPL2,1,1
ATP2B1,JKAMP,1,1
ATP2B1,KALRN,1,1
ATP2B1,KCNC3,1,1
ATP2B1,KCNC4,1,1
ATP2B1,KIAA0040,1,1
ATP2B1,KIAA1328,1,1
ATP2B1,LAMA4,1,1
ATP2B1,LIFR,1,1
ATP2B1,LONRF2,1,1
ATP2B1,LOXL3,1,1
ATP2B1,MGLL,1,1
ATP2B1,MICALL2,1,1
ATP2B1,MMP16,1,1
ATP2B1,MRAP2,1,1
ATP2B1,MTUS1,1,1
ATP2B1,NDRG1,1,1
ATP2B1,NKX2-5,1,1
ATP2B1,NPAS1,1,1
ATP2B1,NR0B1,1,1
ATP2B1,OLFML3,1,1
ATP2B1,P3H2,1,1
ATP2B1,PAPSS2,1,1
ATP2B1,PCDHA10,1,1
ATP2B1,PCDHA11,1,1
ATP2B1,PCDHA13,1,1
ATP2B1,PCDHB15,1,1
ATP2B1,PCDHB17P,1,1
ATP2B1,PCDHB2,1,1
ATP2B1,PCDHGA3,1,1
ATP2B1,PCDHGA7,1,1
ATP2B1,PCDHGB1,1,1
ATP2B1,POM121C,1,1
ATP2B1,PRRX1,1,1
ATP2B1,RAB36,1,1
ATP2B1,RAB7B,1,1
ATP2B1,RBMS1,1,1
ATP2B1,RC3H1,1,1
ATP2B1,RGS5,1,1
ATP2B1,RNF128,1,1
ATP2B1,RPN1,1,1
ATP2B1,SCARA5,1,1
ATP2B1,SCRG1,1,1
ATP2B1,SEC61A1,1,1
ATP2B1,SERPINE2,1,1
ATP2B1,SERTAD4,1,1
ATP2B1,SH3KBP1,1,1
ATP2B1,SLC43A2,1,1
ATP2B1,SLC5A3,1,1
ATP2B1,SNED1,1,1
ATP2B1,SOX8,1,1
ATP2B1,SPRY4,1,1
ATP2B1,SRPRB,1,1
ATP2B1,ST8SIA5,1,1
ATP2B1,STK32B,1,1
ATP2B1,SYTL5,1,1
ATP2B1,TBXAS1,1,1
ATP2B1,TCN1,1,1
ATP2B1,TDRD1,1,1
ATP2B1,TENM1,1,1
ATP2B1,TESC,1,1
ATP2B1,TGFA,1,1
ATP2B1,TGFB3,1,1
ATP2B1,TIMP1,1,1
ATP2B1,TNFAIP6,1,1
ATP2B1,TOR1AIP2,1,1
ATP2B1,TOR3A,1,1
ATP2B1,TRAF4,1,1
ATP2B1,TRIM47,1,1
ATP2B1,TRIM51,1,1
ATP2B1,TRIM51CP,1,1
ATP2B1,TRIM9,1,1
ATP2B1,UNC13A,1,1
ATP2B1,UNC80,1,1
ATP2B1,USP7,1,1
ATP2B1,WWTR1,1,1
ATP2B1,XIAP,1,1
ATP2B1,XPR1,1,1
ATP2B1,XYLT1,1,1
ATP2B1,ZBTB45P2,1,1
ATP2B1,ZNF654,1,1
ATP2B1,ZNF860,1,1
CACNA2D1,ADORA2B,1,1
CACNA2D1,ANKH,1,1
CACNA2D1,C15ORF38-AP3S2,1,1
CACNA2D1,EBF3,1,1
CACNA2D1,FLII,1,1
CACNA2D1,FSCN1,1,1
CACNA2D1,ITGA5,1,1
CACNA2D1,KDM5C,1,1
CACNA2D1,KDM6A,1,1
CACNA2D1,KIAA1671,1,1
CACNA2D1,NFIX,1,1
CACNA2D1,OSBPL10,1,1
CACNA2D1,PCDHAC2,1,1
CACNA2D1,PLCXD1,1,1
CACNA2D1,PRKAR1B,1,1
CACNA2D1,PTPA,1,1
CACNA2D1,RP5-862P8.2,1,1
CACNA2D1,SERPINH1,1,1
CACNA2D1,SH3RF3,1,1
CACNA2D1,SRPX2,1,1
CACNA2D1,TGFB1,1,1
CACNA2D1,TYW1B,1,1
CACNA2D1,ZNF700,1,1
RHOA,ADAMTS9,1,1
RHOA,AMPD2,1,1
RHOA,C5ORF15,1,1
RHOA,CHL1,1,1
RHOA,CHPT1,1,1
RHOA,CMBL,1,1
RHOA,CNKSR3,1,1
RHOA,DGKH,1,1
RHOA,DOCK10,1,1
RHOA,ETV4,1,1
RHOA,FCGR2A,1,1
RHOA,GALNT2,1,1
RHOA,GATA4,1,1
RHOA,H1FX,1,1
RHOA,ICAM1,1,1
RHOA,ITGB3,1,1
RHOA,MAPK14,1,1
RHOA,MBD2,1,1
RHOA,MEGF10,1,1
RHOA,METTL14,1,1
RHOA,MICU1,1,1
RHOA,MRPL57,1,1
RHOA,MYH14,1,1
RHOA,NAPG,1,1
RHOA,NOA1,1,1
RHOA,NOMO1,1,1
RHOA,PAN3,1,1
RHOA,PDGFRL,1,1
RHOA,PGRMC1,1,1
RHOA,PMP2,1,1
RHOA,PWWP2A,1,1
RHOA,RAD17,1,1
RHOA,RBAK,1,1
RHOA,RC3H2,1,1
RHOA,RHOC,1,1
RHOA,RPTOR,1,1
RHOA,RUBCN,1,1
RHOA,SLC22A5,1,1
RHOA,SMAD4,1,1
RHOA,SMC6,1,1
RHOA,STX2,1,1
RHOA,SUN2,1,1
RHOA,TBRG4,1,1
RHOA,TIMMDC1,1,1
RHOA,TMEM5,1,1
RHOA,TRAPPC10,1,1
RHOA,UPF2,1,1
RHOA,VAC14,1,1
RHOA,WDR37,1,1
RHOA,ZFP28,1,1
RHOA,ZNF71,1,1
RHOA,ZRANB1,1,1
FSIP2,ABCA8,1,1
FSIP2,AC004980.7,1,1
FSIP2,ADGRB1,1,1
FSIP2,AFAP1L2,1,1
FSIP2,AGMO,1,1
FSIP2,AKAP6,1,1
FSIP2,ALG13,1,1
FSIP2,ALS2CR11,1,1
FSIP2,ANGPT1,1,1
FSIP2,ANGPTL1,1,1
FSIP2,ANKRD45,1,1
FSIP2,AP3D1,1,1
FSIP2,ARCN1,1,1
FSIP2,ARHGAP5,1,1
FSIP2,ARHGAP6,1,1
FSIP2,ART3,1,1
FSIP2,ASCC3,1,1
FSIP2,ATP1B1,1,1
FSIP2,ATP9A,1,1
FSIP2,B4GALNT3,1,1
FSIP2,C17ORF96,1,1
FSIP2,C1QTNF3,1,1
FSIP2,C1QTNF3-AMACR,1,1
FSIP2,CDH12,1,1
FSIP2,CEP70,1,1
FSIP2,CHURC1-FNTB,1,1
FSIP2,COL9A2,1,1
FSIP2,COL9A3,1,1
FSIP2,COLGALT2,1,1
FSIP2,CSGALNACT1,1,1
FSIP2,CT45A1,1,1
FSIP2,CT45A10,1,1
FSIP2,CT45A3,1,1
FSIP2,CT45A5,1,1
FSIP2,CT45A8,1,1
FSIP2,CT45A9,1,1
FSIP2,DLX2,1,1
FSIP2,DMRT2,1,1
FSIP2,DMRTA1,1,1
FSIP2,DOK1,1,1
FSIP2,DYNLT3,1,1
FSIP2,EGFLAM,1,1
FSIP2,EIF1AX,1,1
FSIP2,EIF1AXP1,1,1
FSIP2,EIF4H,1,1
FSIP2,ENAH,1,1
FSIP2,EPHA3,1,1
FSIP2,EPHB3,1,1
FSIP2,ERLIN2,1,1
FSIP2,EYA2,1,1
FSIP2,FAM117B,1,1
FSIP2,FAM133A,1,1
FSIP2,FAM212B,1,1
FSIP2,FAM46C,1,1
FSIP2,FAM86B1,1,1
FSIP2,FOXF1,1,1
FSIP2,FREM2,1,1
FSIP2,GALNT5,1,1
FSIP2,GLUD2,1,1
FSIP2,GPC3,1,1
FSIP2,GRIK4,1,1
FSIP2,IGFBP2,1,1
FSIP2,IGFBP3,1,1
FSIP2,IGFBP5,1,1
FSIP2,IL13RA2,1,1
FSIP2,IL1RAP,1,1
FSIP2,IL27RA,1,1
FSIP2,IL6ST,1,1
FSIP2,ITIH5,1,1
FSIP2,ITIH6,1,1
FSIP2,ITPRIPL2,1,1
FSIP2,JARID2,1,1
FSIP2,KALRN,1,1
FSIP2,KCNC3,1,1
FSIP2,KDM5C,1,1
FSIP2,KIAA1328,1,1
FSIP2,LAMA4,1,1
FSIP2,LIFR,1,1
FSIP2,LONRF2,1,1
FSIP2,LOXL3,1,1
FSIP2,LRRC75A,1,1
FSIP2,MAFB,1,1
FSIP2,MAGEA4,1,1
FSIP2,MATK,1,1
FSIP2,MEOX2,1,1
FSIP2,MICALL2,1,1
FSIP2,MMP16,1,1
FSIP2,MRPS6,1,1
FSIP2,NDRG1,1,1
FSIP2,NKX2-5,1,1
FSIP2,NPAS1,1,1
FSIP2,NR0B1,1,1
FSIP2,OAF,1,1
FSIP2,OFD1,1,1
FSIP2,OLFML3,1,1
FSIP2,P3H2,1,1
FSIP2,PAPSS2,1,1
FSIP2,PCDHA1,1,1
FSIP2,PCDHA10,1,1
FSIP2,PCDHA11,1,1
FSIP2,PCDHA13,1,1
FSIP2,PCDHA7,1,1
FSIP2,PCDHAC2,1,1
FSIP2,PCDHB11,1,1
FSIP2,PCDHB15,1,1
FSIP2,PCDHB16,1,1
FSIP2,PCDHB17P,1,1
FSIP2,PCDHB2,1,1
FSIP2,PCDHB5,1,1
FSIP2,PCDHB6,1,1
FSIP2,PCDHB7,1,1
FSIP2,PCDHGA3,1,1
FSIP2,PCDHGA7,1,1
FSIP2,PCDHGB1,1,1
FSIP2,PDDC1,1,1
FSIP2,PLBD1,1,1
FSIP2,PLEKHS1,1,1
FSIP2,POU3F3,1,1
FSIP2,PRPSAP2,1,1
FSIP2,PRRX1,1,1
FSIP2,PTPN1,1,1
FSIP2,RAB7B,1,1
FSIP2,RAPGEF5,1,1
FSIP2,RBMS1,1,1
FSIP2,RCC1L,1,1
FSIP2,RELN,1,1
FSIP2,RNF128,1,1
FSIP2,RNF152,1,1
FSIP2,RPN1,1,1
FSIP2,RYR2,1,1
FSIP2,SCARA5,1,1
FSIP2,SCRG1,1,1
FSIP2,SEC14L1,1,1
FSIP2,SERPINE2,1,1
FSIP2,SLC35E4,1,1
FSIP2,SLC43A2,1,1
FSIP2,SLC5A3,1,1
FSIP2,SNED1,1,1
FSIP2,SPRY4,1,1
FSIP2,SRPRB,1,1
FSIP2,ST8SIA5,1,1
FSIP2,STK32B,1,1
FSIP2,SYTL5,1,1
FSIP2,TBC1D10B,1,1
FSIP2,TBXAS1,1,1
FSIP2,TCN1,1,1
FSIP2,TDRD1,1,1
FSIP2,TENM1,1,1
FSIP2,TESC,1,1
FSIP2,TGFA,1,1
FSIP2,TGFB3,1,1
FSIP2,TIGD1,1,1
FSIP2,TIMP1,1,1
FSIP2,TNFAIP6,1,1
FSIP2,TOR1AIP2,1,1
FSIP2,TRIM51CP,1,1
FSIP2,TRIM9,1,1
FSIP2,TSPAN13,1,1
FSIP2,UNC13A,1,1
FSIP2,UNC80,1,1
FSIP2,USP7,1,1
FSIP2,WBSCR22,1,1
FSIP2,WT1,1,1
FSIP2,WWTR1,1,1
FSIP2,XIAP,1,1
FSIP2,ZBTB45P2,1,1
FSIP2,ZNF595,1,1
FSIP2,ZNF654,1,1
FSIP2,BP-21264C1.1,1,1
FAM117B,AC004980.7,1,1
FAM117B,ADGRB1,1,1
FAM117B,AFAP1L2,1,1
FAM117B,AGMO,1,1
FAM117B,ALS2CR11,1,1
FAM117B,ANGPT1,1,1
FAM117B,ANGPTL1,1,1
FAM117B,AP3D1,1,1
FAM117B,ARCN1,1,1
FAM117B,ARHGAP5,1,1
FAM117B,ARHGAP6,1,1
FAM117B,ART3,1,1
FAM117B,ASCC3,1,1
FAM117B,ATP1B1,1,1
FAM117B,ATP9A,1,1
FAM117B,C17ORF96,1,1
FAM117B,C1QTNF3,1,1
FAM117B,C1QTNF3-AMACR,1,1
FAM117B,CEP70,1,1
FAM117B,CHURC1-FNTB,1,1
FAM117B,COL9A2,1,1
FAM117B,COL9A3,1,1
FAM117B,COLGALT2,1,1
FAM117B,CT45A1,1,1
FAM117B,CT45A10,1,1
FAM117B,CT45A3,1,1
FAM117B,CT45A5,1,1
FAM117B,CT45A8,1,1
FAM117B,CT45A9,1,1
FAM117B,DLX2,1,1
FAM117B,DMRT2,1,1
FAM117B,DMRTA1,1,1
FAM117B,DOK1,1,1
FAM117B,DUSP2,1,1
FAM117B,DYNLT3,1,1
FAM117B,EGFLAM,1,1
FAM117B,EIF1AX,1,1
FAM117B,EIF4H,1,1
FAM117B,ENAH,1,1
FAM117B,EPHA3,1,1
FAM117B,EPHB3,1,1
FAM117B,ERLIN2,1,1
FAM117B,F2RL2,1,1
FAM117B,FAM212B,1,1
FAM117B,FAM86B1,1,1
FAM117B,FGFRL1,1,1
FAM117B,FOXF1,1,1
FAM117B,FREM2,1,1
FAM117B,FUT8,1,1
FAM117B,GALNT5,1,1
FAM117B,GLI2,1,1
FAM117B,GRIK4,1,1
FAM117B,IGFBP3,1,1
FAM117B,IGFBP5,1,1
FAM117B,IL13RA2,1,1
FAM117B,IL27RA,1,1
FAM117B,ITPRIPL2,1,1
FAM117B,KALRN,1,1
FAM117B,KCNC3,1,1
FAM117B,KDM5C,1,1
FAM117B,KIAA0040,1,1
FAM117B,KIAA1328,1,1
FAM117B,KIAA1671,1,1
FAM117B,L3HYPDH,1,1
FAM117B,LAMA4,1,1
FAM117B,LIFR,1,1
FAM117B,LIMS1,1,1
FAM117B,LONRF2,1,1
FAM117B,LOXL3,1,1
FAM117B,MAGEA4,1,1
FAM117B,MATK,1,1
FAM117B,MEOX2,1,1
FAM117B,MICALL2,1,1
FAM117B,MIPOL1,1,1
FAM117B,MMP16,1,1
FAM117B,NDRG1,1,1
FAM117B,NKX2-5,1,1
FAM117B,NR0B1,1,1
FAM117B,OAF,1,1
FAM117B,OLFML3,1,1
FAM117B,P3H2,1,1
FAM117B,PAPSS2,1,1
FAM117B,PATZ1,1,1
FAM117B,PCDHA1,1,1
FAM117B,PCDHA10,1,1
FAM117B,PCDHA11,1,1
FAM117B,PCDHA13,1,1
FAM117B,PCDHA7,1,1
FAM117B,PCDHAC2,1,1
FAM117B,PCDHB15,1,1
FAM117B,PCDHB16,1,1
FAM117B,PCDHB17P,1,1
FAM117B,PCDHB2,1,1
FAM117B,PCDHB5,1,1
FAM117B,PCDHB7,1,1
FAM117B,PCDHGA7,1,1
FAM117B,PCDHGB1,1,1
FAM117B,POLRMT,1,1
FAM117B,POU3F3,1,1
FAM117B,PRKAR1B,1,1
FAM117B,PRR4,1,1
FAM117B,PRRX1,1,1
FAM117B,PTPRD,1,1
FAM117B,RAB7B,1,1
FAM117B,RBMS1,1,1
FAM117B,RELN,1,1
FAM117B,RNF128,1,1
FAM117B,RP11-111K18.1,1,1
FAM117B,RPN1,1,1
FAM117B,RPS6KA3,1,1
FAM117B,RYR2,1,1
FAM117B,SCARA5,1,1
FAM117B,SCRG1,1,1
FAM117B,SEC14L1,1,1
FAM117B,SERINC3,1,1
FAM117B,SERPINE2,1,1
FAM117B,SH3KBP1,1,1
FAM117B,SLC35E4,1,1
FAM117B,SLC43A2,1,1
FAM117B,SLC5A3,1,1
FAM117B,SNED1,1,1
FAM117B,SPRY4,1,1
FAM117B,SRPRB,1,1
FAM117B,ST8SIA5,1,1
FAM117B,STK32B,1,1
FAM117B,SYTL5,1,1
FAM117B,TBC1D10B,1,1
FAM117B,TBXAS1,1,1
FAM117B,TCN1,1,1
FAM117B,TDRD1,1,1
FAM117B,TENM1,1,1
FAM117B,TESC,1,1
FAM117B,TGFA,1,1
FAM117B,TGFB3,1,1
FAM117B,TIGD1,1,1
FAM117B,TMEM2,1,1
FAM117B,TMTC3,1,1
FAM117B,TNFAIP6,1,1
FAM117B,TOR1AIP2,1,1
FAM117B,TRIM51CP,1,1
FAM117B,TRIM9,1,1
FAM117B,TSPAN13,1,1
FAM117B,UBA1,1,1
FAM117B,UNC13A,1,1
FAM117B,UNC80,1,1
FAM117B,WBSCR22,1,1
FAM117B,WT1,1,1
FAM117B,WWTR1,1,1
FAM117B,XIAP,1,1
FAM117B,YWHAG,1,1
FAM117B,ZBTB45P2,1,1
FAM117B,ZNF595,1,1
FAM117B,ZNF654,1,1
ZNF33B,AZGP1,1,1
ZNF33B,BCL7A,1,1
ZNF33B,BORCS7,1,1
ZNF33B,CHPF,1,1
ZNF33B,CISD3,1,1
ZNF33B,CMB9-22P13.1,1,1
ZNF33B,COL11A2,1,1
ZNF33B,COPG1,1,1
ZNF33B,CRISPLD1,1,1
ZNF33B,CUTA,1,1
ZNF33B,CXORF57,1,1
ZNF33B,EPB41L2,1,1
ZNF33B,ERLIN2,1,1
ZNF33B,ETV1,1,1
ZNF33B,FAM175A,1,1
ZNF33B,FBF1,1,1
ZNF33B,FKBP11,1,1
ZNF33B,FKBP14,1,1
ZNF33B,FKBP9,1,1
ZNF33B,FKBP9P1,1,1
ZNF33B,FUNDC1,1,1
ZNF33B,GAS7,1,1
ZNF33B,GDI2,1,1
ZNF33B,GLUD1,1,1
ZNF33B,GNS,1,1
ZNF33B,GPR37,1,1
ZNF33B,GRIK2,1,1
ZNF33B,HMCN1,1,1
ZNF33B,ID4,1,1
ZNF33B,IFI16,1,1
ZNF33B,IFT122,1,1
ZNF33B,IL13RA1,1,1
ZNF33B,INTS10,1,1
ZNF33B,ITGB5,1,1
ZNF33B,ITPR2,1,1
ZNF33B,KIFAP3,1,1
ZNF33B,LAMC3,1,1
ZNF33B,LDLRAP1,1,1
ZNF33B,MAP7D3,1,1
ZNF33B,METTL23,1,1
ZNF33B,MMP15,1,1
ZNF33B,NFKBIE,1,1
ZNF33B,NR1D1,1,1
ZNF33B,NT5DC2,1,1
ZNF33B,PGF,1,1
ZNF33B,PMS2CL,1,1
ZNF33B,PPFIA3,1,1
ZNF33B,PPIC,1,1
ZNF33B,PPP2R2D,1,1
ZNF33B,PSMD9,1,1
ZNF33B,PTGFRN,1,1
ZNF33B,SCARF2,1,1
ZNF33B,SDC2,1,1
ZNF33B,SDSL,1,1
ZNF33B,SEZ6L2,1,1
ZNF33B,SHROOM1,1,1
ZNF33B,SLC19A3,1,1
ZNF33B,SLC2A3,1,1
ZNF33B,SMAP2,1,1
ZNF33B,STAT3,1,1
ZNF33B,TBC1D22B,1,1
ZNF33B,TCTN1,1,1
ZNF33B,TMEM62,1,1
ZNF33B,TXNL1,1,1
ZNF33B,XPR1,1,1
ZNF33B,ZNF736,1,1
ZC3H7A,ANXA11,1,1
ZC3H7A,BCL7A,1,1
ZC3H7A,C1ORF27,1,1
ZC3H7A,CHST2,1,1
ZC3H7A,CISD3,1,1
ZC3H7A,CUTA,1,1
ZC3H7A,FAM122B,1,1
ZC3H7A,FAM173A,1,1
ZC3H7A,FKBP14,1,1
ZC3H7A,FLRT2,1,1
ZC3H7A,FZD1,1,1
ZC3H7A,GAS7,1,1
ZC3H7A,GLCCI1,1,1
ZC3H7A,GNS,1,1
ZC3H7A,KCNC4,1,1
ZC3H7A,MAML2,1,1
ZC3H7A,MMP15,1,1
ZC3H7A,MPZL1,1,1
ZC3H7A,MTUS1,1,1
ZC3H7A,NAT8L,1,1
ZC3H7A,NFKBIE,1,1
ZC3H7A,NSF,1,1
ZC3H7A,SOX5,1,1
ZC3H7A,STAG2,1,1
ZC3H7A,SWAP70,1,1
ZC3H7A,TMEM87A,1,1
ZC3H7A,TOR3A,1,1
ZC3H7A,ZBTB33,1,1
ZC3H7A,ZNF468,1,1
KALRN,ABCA8,1,1
KALRN,AC004980.7,1,1
KALRN,ADGRB1,1,1
KALRN,AFAP1L2,1,1
KALRN,AGMO,1,1
KALRN,AKAP6,1,1
KALRN,ALG13,1,1
KALRN,ALS2CR11,1,1
KALRN,ANGPTL1,1,1
KALRN,ANKRD45,1,1
KALRN,ARCN1,1,1
KALRN,ARHGAP5,1,1
KALRN,ARHGAP6,1,1
KALRN,ARHGDIB,1,1
KALRN,ASB4,1,1
KALRN,ASL,1,1
KALRN,ATP1B1,1,1
KALRN,ATP9A,1,1
KALRN,B3GALT1,1,1
KALRN,B3GNT7,1,1
KALRN,B4GALNT3,1,1
KALRN,BST2,1,1
KALRN,C1QTNF3,1,1
KALRN,C1QTNF3-AMACR,1,1
KALRN,CBSL,1,1
KALRN,CDH12,1,1
KALRN,CEP70,1,1
KALRN,CHURC1-FNTB,1,1
KALRN,COL9A2,1,1
KALRN,COL9A3,1,1
KALRN,COLGALT2,1,1
KALRN,CSGALNACT1,1,1
KALRN,CT45A1,1,1
KALRN,CT45A10,1,1
KALRN,CT45A3,1,1
KALRN,CT45A5,1,1
KALRN,CT45A6,1,1
KALRN,CT45A8,1,1
KALRN,CT45A9,1,1
KALRN,DDX43,1,1
KALRN,DMRT2,1,1
KALRN,DMRTA1,1,1
KALRN,DNAJB6,1,1
KALRN,DNAJC30,1,1
KALRN,DOK1,1,1
KALRN,DSCR8,1,1
KALRN,DYNLT3,1,1
KALRN,EGFLAM,1,1
KALRN,EIF1AXP1,1,1
KALRN,EIF4H,1,1
KALRN,EMILIN1,1,1
KALRN,ENAH,1,1
KALRN,EPHA3,1,1
KALRN,EPHB3,1,1
KALRN,ERLIN2,1,1
KALRN,EYA2,1,1
KALRN,F2RL2,1,1
KALRN,FAM133A,1,1
KALRN,FAM212B,1,1
KALRN,FAM46C,1,1
KALRN,FAM86B1,1,1
KALRN,FMOD,1,1
KALRN,FOLH1,1,1
KALRN,FOXF1,1,1
KALRN,FREM2,1,1
KALRN,FST,1,1
KALRN,GALNT5,1,1
KALRN,GLI2,1,1
KALRN,GLUD2,1,1
KALRN,GPC1,1,1
KALRN,GPC3,1,1
KALRN,GRIK4,1,1
KALRN,HS3ST3B1,1,1
KALRN,IGFBP2,1,1
KALRN,IGFBP3,1,1
KALRN,IL13RA2,1,1
KALRN,IL27RA,1,1
KALRN,IL6ST,1,1
KALRN,ITIH5,1,1
KALRN,ITIH6,1,1
KALRN,ITPRIPL2,1,1
KALRN,JARID2,1,1
KALRN,KCNC3,1,1
KALRN,KDM5C,1,1
KALRN,KIAA1328,1,1
KALRN,LAMA2,1,1
KALRN,LAMA4,1,1
KALRN,LIFR,1,1
KALRN,LIMS3,1,1
KALRN,LONRF2,1,1
KALRN,LOXL3,1,1
KALRN,LYPLAL1,1,1
KALRN,MAFB,1,1
KALRN,MAGEA4,1,1
KALRN,MAMDC2,1,1
KALRN,MATK,1,1
KALRN,MEOX2,1,1
KALRN,MGP,1,1
KALRN,MICALL2,1,1
KALRN,MMP16,1,1
KALRN,MRPS6,1,1
KALRN,NDRG1,1,1
KALRN,NGRN,1,1
KALRN,NKX2-5,1,1
KALRN,NR0B1,1,1
KALRN,NTN1,1,1
KALRN,OAF,1,1
KALRN,OLFML3,1,1
KALRN,P3H1,1,1
KALRN,P3H2,1,1
KALRN,P3H4,1,1
KALRN,PAPSS2,1,1
KALRN,PATZ1,1,1
KALRN,PCDHA1,1,1
KALRN,PCDHA10,1,1
KALRN,PCDHA11,1,1
KALRN,PCDHA13,1,1
KALRN,PCDHA7,1,1
KALRN,PCDHAC2,1,1
KALRN,PCDHB11,1,1
KALRN,PCDHB15,1,1
KALRN,PCDHB16,1,1
KALRN,PCDHB17P,1,1
KALRN,PCDHB2,1,1
KALRN,PCDHB5,1,1
KALRN,PCDHB6,1,1
KALRN,PCDHB7,1,1
KALRN,PCDHGA3,1,1
KALRN,PCDHGA7,1,1
KALRN,PCDHGB1,1,1
KALRN,PCOLCE,1,1
KALRN,PDDC1,1,1
KALRN,PLBD1,1,1
KALRN,PLEKHS1,1,1
KALRN,POU3F3,1,1
KALRN,PPP2R2B,1,1
KALRN,PRR4,1,1
KALRN,PRRX1,1,1
KALRN,PTPRD,1,1
KALRN,RAB7B,1,1
KALRN,RANBP17,1,1
KALRN,RAPGEF5,1,1
KALRN,RBMS1,1,1
KALRN,RELN,1,1
KALRN,RNF152,1,1
KALRN,RPN1,1,1
KALRN,RPS6KA3,1,1
KALRN,RYR2,1,1
KALRN,S100A13,1,1
KALRN,SBNO2,1,1
KALRN,SCARA5,1,1
KALRN,SCRG1,1,1
KALRN,SEC14L1,1,1
KALRN,SEL1L3,1,1
KALRN,SERPINE2,1,1
KALRN,SLC35E4,1,1
KALRN,SLC39A4,1,1
KALRN,SLC43A2,1,1
KALRN,SLC5A3,1,1
KALRN,SMIM3,1,1
KALRN,SNED1,1,1
KALRN,SPRY4,1,1
KALRN,ST8SIA5,1,1
KALRN,STK26,1,1
KALRN,STK32B,1,1
KALRN,SULF1,1,1
KALRN,SYTL5,1,1
KALRN,TBC1D10B,1,1
KALRN,TBXAS1,1,1
KALRN,TCN1,1,1
KALRN,TDRD1,1,1
KALRN,TENM1,1,1
KALRN,TESC,1,1
KALRN,TGFA,1,1
KALRN,TGFB3,1,1
KALRN,TIGD1,1,1
KALRN,TIMP1,1,1
KALRN,TNFAIP6,1,1
KALRN,TRIM51CP,1,1
KALRN,TRIM9,1,1
KALRN,TRPM8,1,1
KALRN,TSPAN13,1,1
KALRN,TSR3,1,1
KALRN,UNC13A,1,1
KALRN,UPF3A,1,1
KALRN,UROC1,1,1
KALRN,WBSCR22,1,1
KALRN,WWTR1,1,1
KALRN,XIAP,1,1
KALRN,ZBTB45P2,1,1
KALRN,ZNF595,1,1
KALRN,BP-21264C1.1,1,1
ALS2CR11,ABCA8,1,1
ALS2CR11,ADGRB1,1,1
ALS2CR11,AFAP1L2,1,1
ALS2CR11,AGMO,1,1
ALS2CR11,AKAP6,1,1
ALS2CR11,ANKRD45,1,1
ALS2CR11,ARHGAP6,1,1
ALS2CR11,ARHGDIB,1,1
ALS2CR11,ATP1B1,1,1
ALS2CR11,B3GNT7,1,1
ALS2CR11,B4GALNT3,1,1
ALS2CR11,C1QTNF3,1,1
ALS2CR11,C1QTNF3-AMACR,1,1
ALS2CR11,CDH12,1,1
ALS2CR11,CHURC1-FNTB,1,1
ALS2CR11,COL9A2,1,1
ALS2CR11,COLGALT2,1,1
ALS2CR11,CT45A1,1,1
ALS2CR11,CT45A10,1,1
ALS2CR11,CT45A3,1,1
ALS2CR11,CT45A8,1,1
ALS2CR11,CT45A9,1,1
ALS2CR11,CTBP2,1,1
ALS2CR11,DDX43,1,1
ALS2CR11,DMRT2,1,1
ALS2CR11,DMRTA1,1,1
ALS2CR11,DNAJC30,1,1
ALS2CR11,EGFLAM,1,1
ALS2CR11,EIF1AXP1,1,1
ALS2CR11,EIF4H,1,1
ALS2CR11,EPHB3,1,1
ALS2CR11,EYA2,1,1
ALS2CR11,F2RL2,1,1
ALS2CR11,FAM212B,1,1
ALS2CR11,FAM86B1,1,1
ALS2CR11,FOXF1,1,1
ALS2CR11,FREM2,1,1
ALS2CR11,FST,1,1
ALS2CR11,GALNT5,1,1
ALS2CR11,GLI2,1,1
ALS2CR11,GRIK4,1,1
ALS2CR11,IGFBP2,1,1
ALS2CR11,IGFBP3,1,1
ALS2CR11,IL13RA2,1,1
ALS2CR11,ITIH6,1,1
ALS2CR11,ITPRIPL2,1,1
ALS2CR11,KCNC3,1,1
ALS2CR11,KDM5C,1,1
ALS2CR11,KIAA1671,1,1
ALS2CR11,LAMA2,1,1
ALS2CR11,LIFR,1,1
ALS2CR11,LONRF2,1,1
ALS2CR11,LOXL3,1,1
ALS2CR11,LRRC75A,1,1
ALS2CR11,MAFB,1,1
ALS2CR11,MAGEA4,1,1
ALS2CR11,MGP,1,1
ALS2CR11,MICALL2,1,1
ALS2CR11,MMP16,1,1
ALS2CR11,MRPS6,1,1
ALS2CR11,NKX2-5,1,1
ALS2CR11,OAF,1,1
ALS2CR11,OLFML3,1,1
ALS2CR11,PAPSS2,1,1
ALS2CR11,PCDHA1,1,1
ALS2CR11,PCDHA10,1,1
ALS2CR11,PCDHA11,1,1
ALS2CR11,PCDHA13,1,1
ALS2CR11,PCDHA7,1,1
ALS2CR11,PCDHAC2,1,1
ALS2CR11,PCDHB11,1,1
ALS2CR11,PCDHB15,1,1
ALS2CR11,PCDHB16,1,1
ALS2CR11,PCDHB17P,1,1
ALS2CR11,PCDHB2,1,1
ALS2CR11,PCDHB5,1,1
ALS2CR11,PCDHB6,1,1
ALS2CR11,PCDHB7,1,1
ALS2CR11,PCDHGA3,1,1
ALS2CR11,PCDHGA7,1,1
ALS2CR11,PCDHGB1,1,1
ALS2CR11,PCOLCE,1,1
ALS2CR11,PLBD1,1,1
ALS2CR11,PLEKHS1,1,1
ALS2CR11,POU3F3,1,1
ALS2CR11,PRKAR1B,1,1
ALS2CR11,PRR4,1,1
ALS2CR11,RELN,1,1
ALS2CR11,RYR2,1,1
ALS2CR11,SCARA5,1,1
ALS2CR11,SCRG1,1,1
ALS2CR11,SEL1L3,1,1
ALS2CR11,SERPINE2,1,1
ALS2CR11,SLC35E4,1,1
ALS2CR11,SLC43A2,1,1
ALS2CR11,SLC5A3,1,1
ALS2CR11,SNED1,1,1
ALS2CR11,STK26,1,1
ALS2CR11,SULF1,1,1
ALS2CR11,SYTL5,1,1
ALS2CR11,TBXAS1,1,1
ALS2CR11,TCN1,1,1
ALS2CR11,TENM1,1,1
ALS2CR11,TESC,1,1
ALS2CR11,TRIM9,1,1
ALS2CR11,TYW1B,1,1
ALS2CR11,UNC13A,1,1
ALS2CR11,WBSCR22,1,1
ALS2CR11,ZBTB45P2,1,1
ALS2CR11,BP-21264C1.1,1,1
OAF,ABCA8,1,1
OAF,ADGRB1,1,1
OAF,AFAP1L2,1,1
OAF,AGMO,1,1
OAF,AKAP6,1,1
OAF,ANAPC13,1,1
OAF,ANKH,1,1
OAF,ANKRD45,1,1
OAF,ARCN1,1,1
OAF,ARHGAP6,1,1
OAF,ARHGDIB,1,1
OAF,ASB4,1,1
OAF,ASL,1,1
OAF,ATP1B1,1,1
OAF,B3GNT7,1,1
OAF,B4GALNT3,1,1
OAF,BATF3,1,1
OAF,BMP6,1,1
OAF,C10ORF76,1,1
OAF,C17ORF96,1,1
OAF,C1QTNF3,1,1
OAF,C1QTNF3-AMACR,1,1
OAF,CBSL,1,1
OAF,CC2D1A,1,1
OAF,CCDC113,1,1
OAF,CDH12,1,1
OAF,CEP70,1,1
OAF,CGREF1,1,1
OAF,CHURC1-FNTB,1,1
OAF,COL9A2,1,1
OAF,COL9A3,1,1
OAF,COLGALT2,1,1
OAF,CSMD1,1,1
OAF,CT45A1,1,1
OAF,CT45A10,1,1
OAF,CT45A3,1,1
OAF,CT45A5,1,1
OAF,CT45A6,1,1
OAF,CT45A8,1,1
OAF,CT45A9,1,1
OAF,CTDSP1,1,1
OAF,DMRTA1,1,1
OAF,DSCR8,1,1
OAF,DUSP23,1,1
OAF,DYNLT3,1,1
OAF,EGFLAM,1,1
OAF,EIF1AXP1,1,1
OAF,EIF4H,1,1
OAF,EMILIN1,1,1
OAF,ENAH,1,1
OAF,EYA2,1,1
OAF,F12,1,1
OAF,F2RL2,1,1
OAF,FAM133A,1,1
OAF,FAM212B,1,1
OAF,FAM86B1,1,1
OAF,FMOD,1,1
OAF,FOLH1,1,1
OAF,FOXD2,1,1
OAF,FOXF1,1,1
OAF,FREM2,1,1
OAF,FSCN1,1,1
OAF,GABRG3,1,1
OAF,GALNT5,1,1
OAF,GLI2,1,1
OAF,GPC1,1,1
OAF,GRIK4,1,1
OAF,IGFBP2,1,1
OAF,IL13RA2,1,1
OAF,ITIH5,1,1
OAF,ITIH6,1,1
OAF,JARID2,1,1
OAF,KCNC3,1,1
OAF,KDM5C,1,1
OAF,KIAA1328,1,1
OAF,KIAA1671,1,1
OAF,LAMA2,1,1
OAF,LIFR,1,1
OAF,LOXL3,1,1
OAF,MAFB,1,1
OAF,MAGEA4,1,1
OAF,MAMDC2,1,1
OAF,MATK,1,1
OAF,MEOX2,1,1
OAF,MGP,1,1
OAF,MICALL2,1,1
OAF,MIPOL1,1,1
OAF,MMP16,1,1
OAF,MRPS6,1,1
OAF,NDRG1,1,1
OAF,NDUFA8,1,1
OAF,NGRN,1,1
OAF,NKX2-5,1,1
OAF,NTN1,1,1
OAF,OFD1,1,1
OAF,P3H4,1,1
OAF,PAPSS2,1,1
OAF,PATZ1,1,1
OAF,PCDHA1,1,1
OAF,PCDHA10,1,1
OAF,PCDHA11,1,1
OAF,PCDHA7,1,1
OAF,PCDHAC2,1,1
OAF,PCDHB11,1,1
OAF,PCDHB15,1,1
OAF,PCDHB16,1,1
OAF,PCDHB17P,1,1
OAF,PCDHB2,1,1
OAF,PCDHB5,1,1
OAF,PCDHB6,1,1
OAF,PCDHB7,1,1
OAF,PCOLCE,1,1
OAF,PITPNC1,1,1
OAF,PKD1P5,1,1
OAF,PLBD1,1,1
OAF,PLEKHS1,1,1
OAF,PNPO,1,1
OAF,POLRMT,1,1
OAF,POU3F3,1,1
OAF,PPP2R2B,1,1
OAF,PRKAR1B,1,1
OAF,PTPA,1,1
OAF,PTPRD,1,1
OAF,RANBP17,1,1
OAF,RBMS1,1,1
OAF,RELN,1,1
OAF,RGS16,1,1
OAF,RP11-111K18.1,1,1
OAF,RP5-862P8.2,1,1
OAF,RPS6KA3,1,1
OAF,RYR2,1,1
OAF,SCAMP5,1,1
OAF,SCARA5,1,1
OAF,SCRG1,1,1
OAF,SEC14L1,1,1
OAF,SEL1L3,1,1
OAF,SERINC3,1,1
OAF,SERPINE2,1,1
OAF,SLC1A3,1,1
OAF,SLC35E4,1,1
OAF,SLC43A2,1,1
OAF,SLC9A7,1,1
OAF,SRPX2,1,1
OAF,STK26,1,1
OAF,STK32B,1,1
OAF,SULF1,1,1
OAF,SYAP1,1,1
OAF,TBC1D10B,1,1
OAF,TCN1,1,1
OAF,TENM1,1,1
OAF,TESC,1,1
OAF,TGFB3,1,1
OAF,TIGD1,1,1
OAF,TNFRSF21,1,1
OAF,TRIM9,1,1
OAF,TSPAN13,1,1
OAF,TSR3,1,1
OAF,TYW1B,1,1
OAF,UBA1,1,1
OAF,UNC13A,1,1
OAF,UPF3A,1,1
OAF,UROC1,1,1
OAF,WBSCR22,1,1
OAF,WNK4,1,1
OAF,WT1,1,1
OAF,WWTR1,1,1
OAF,ZNF595,1,1
OAF,BP-21264C1.1,1,1
ASL,ABCA8,1,1
ASL,ADAM15,1,1
ASL,AKAP6,1,1
ASL,ANKRD19P,1,1
ASL,ANKRD45,1,1
ASL,ARHGAP20,1,1
ASL,ARHGDIB,1,1
ASL,ASB4,1,1
ASL,ATP1B1,1,1
ASL,B3GNT7,1,1
ASL,B4GALNT3,1,1
ASL,BFSP1,1,1
ASL,BMP6,1,1
ASL,C1QTNF3-AMACR,1,1
ASL,C3ORF67,1,1
ASL,CBSL,1,1
ASL,CC2D1A,1,1
ASL,CDH12,1,1
ASL,CEP70,1,1
ASL,CGREF1,1,1
ASL,CHPF,1,1
ASL,CNIH3,1,1
ASL,COL9A2,1,1
ASL,COL9A3,1,1
ASL,COPA,1,1
ASL,COPB2,1,1
ASL,COQ3,1,1
ASL,CSMD1,1,1
ASL,CT45A1,1,1
ASL,CT45A10,1,1
ASL,CT45A6,1,1
ASL,CT45A8,1,1
ASL,CT45A9,1,1
ASL,DMRTA1,1,1
ASL,DOK1,1,1
ASL,DSCR8,1,1
ASL,DYNLT3,1,1
ASL,ENOX1,1,1
ASL,EPHA3,1,1
ASL,EYA2,1,1
ASL,FAM133A,1,1
ASL,FAM198B,1,1
ASL,FAM46C,1,1
ASL,FAM86B1,1,1
ASL,FKBP10,1,1
ASL,FMOD,1,1
ASL,FOLH1,1,1
ASL,FOXD2,1,1
ASL,FREM2,1,1
ASL,GALNT5,1,1
ASL,GHR,1,1
ASL,GPC3,1,1
ASL,GPC4,1,1
ASL,GRIK4,1,1
ASL,HEY2,1,1
ASL,HMCES,1,1
ASL,HS3ST3B1,1,1
ASL,IGFBP2,1,1
ASL,ITGA10,1,1
ASL,ITGAX,1,1
ASL,ITIH5,1,1
ASL,ITIH6,1,1
ASL,LAMA2,1,1
ASL,LAMC3,1,1
ASL,LOXL3,1,1
ASL,LRP2,1,1
ASL,LYPLAL1,1,1
ASL,MAFB,1,1
ASL,MAMDC2,1,1
ASL,MAOB,1,1
ASL,MATK,1,1
ASL,ME1,1,1
ASL,MEOX2,1,1
ASL,MGP,1,1
ASL,MYO3B,1,1
ASL,NOMO3,1,1
ASL,NPAS1,1,1
ASL,NTN1,1,1
ASL,OAZ1,1,1
ASL,OFD1,1,1
ASL,OPHN1,1,1
ASL,P3H1,1,1
ASL,P3H2,1,1
ASL,P3H4,1,1
ASL,PAPSS2,1,1
ASL,PATZ1,1,1
ASL,PCDHA1,1,1
ASL,PCDHB11,1,1
ASL,PCDHB5,1,1
ASL,PCDHB6,1,1
ASL,PCDHB7,1,1
ASL,PCOLCE,1,1
ASL,PCOLCE2,1,1
ASL,PDDC1,1,1
ASL,PGM3,1,1
ASL,PIEZO2,1,1
ASL,PITPNC1,1,1
ASL,PLBD1,1,1
ASL,PLEKHS1,1,1
ASL,PMS2CL,1,1
ASL,PODXL2,1,1
ASL,POLD2,1,1
ASL,PPIC,1,1
ASL,PPP1R13B,1,1
ASL,PPP2R2B,1,1
ASL,PRDX6,1,1
ASL,PTGFRN,1,1
ASL,RAPGEF5,1,1
ASL,RELN,1,1
ASL,RIDA,1,1
ASL,RNF152,1,1
ASL,RNF216,1,1
ASL,RP11-111F5.5,1,1
ASL,RYR2,1,1
ASL,SCARA5,1,1
ASL,SCRG1,1,1
ASL,SDC2,1,1
ASL,SEC14L1,1,1
ASL,SERPINA3,1,1
ASL,SERPINE2,1,1
ASL,SEZ6L2,1,1
ASL,SKIV2L,1,1
ASL,SLC1A3,1,1
ASL,SLC26A4,1,1
ASL,SPARC,1,1
ASL,SPATS1,1,1
ASL,SULF1,1,1
ASL,TBC1D10B,1,1
ASL,TGFB3,1,1
ASL,TIGD1,1,1
ASL,TMEM67,1,1
ASL,TNFRSF21,1,1
ASL,TPD52L1,1,1
ASL,TPGS2,1,1
ASL,TRIM9,1,1
ASL,TRPM3,1,1
ASL,TRPM8,1,1
ASL,TSPAN13,1,1
ASL,UNC80,1,1
ASL,UPF3A,1,1
ASL,UROC1,1,1
ASL,WBSCR22,1,1
ASL,WNK4,1,1
ASL,WWTR1,1,1
ASL,ZNF595,1,1
ASL,BP-21264C1.1,1,1
AHR,ACAD9,1,1
AHR,ADAM15,1,1
AHR,ADCY1,1,1
AHR,ANKRD19P,1,1
AHR,ANKRD26,1,1
AHR,ANKRD54,1,1
AHR,APOO,1,1
AHR,ARHGAP25,1,1
AHR,C3ORF67,1,1
AHR,CHST6,1,1
AHR,CMB9-22P13.1,1,1
AHR,CNIH3,1,1
AHR,CNPY2,1,1
AHR,COLGALT1,1,1
AHR,COPB2,1,1
AHR,CPD,1,1
AHR,CRISPLD1,1,1
AHR,CXCL16,1,1
AHR,DGKH,1,1
AHR,DNAJB12,1,1
AHR,ENOX1,1,1
AHR,ETV1,1,1
AHR,FABP7,1,1
AHR,FAM198B,1,1
AHR,FAM46C,1,1
AHR,FCGR2A,1,1
AHR,FGF13,1,1
AHR,FKBP10,1,1
AHR,FKBP11,1,1
AHR,FKBP14,1,1
AHR,FKBP9P1,1,1
AHR,FYB,1,1
AHR,GAD1,1,1
AHR,GHR,1,1
AHR,GLCCI1,1,1
AHR,GORAB,1,1
AHR,GPC3,1,1
AHR,GPC4,1,1
AHR,GPC6,1,1
AHR,HEY2,1,1
AHR,HMCN1,1,1
AHR,HOXA13,1,1
AHR,ICAM1,1,1
AHR,ID4,1,1
AHR,INTS10,1,1
AHR,ITGB5,1,1
AHR,ITPR2,1,1
AHR,KCNK5,1,1
AHR,LYPLAL1,1,1
AHR,MAN1B1,1,1
AHR,MAOB,1,1
AHR,METTL14,1,1
AHR,MMP15,1,1
AHR,MRAP2,1,1
AHR,MYD88,1,1
AHR,MYH14,1,1
AHR,P3H1,1,1
AHR,PAQR7,1,1
AHR,PCOLCE2,1,1
AHR,PDDC1,1,1
AHR,PDGFRL,1,1
AHR,PGBD1,1,1
AHR,PGF,1,1
AHR,PGM1,1,1
AHR,PGRMC1,1,1
AHR,PI15,1,1
AHR,PIEZO2,1,1
AHR,PMS2CL,1,1
AHR,PPIA,1,1
AHR,PPP2R2D,1,1
AHR,PRDX4,1,1
AHR,PRDX6,1,1
AHR,PTGFRN,1,1
AHR,RAB23,1,1
AHR,RAD17,1,1
AHR,RCN2,1,1
AHR,ROR1,1,1
AHR,SCG2,1,1
AHR,SDC2,1,1
AHR,SDSL,1,1
AHR,SECISBP2,1,1
AHR,SHROOM1,1,1
AHR,SLC19A3,1,1
AHR,SLC26A2,1,1
AHR,SLC26A4,1,1
AHR,SLC35G1,1,1
AHR,SLC44A1,1,1
AHR,SMAP2,1,1
AHR,SNTB1,1,1
AHR,TBCC,1,1
AHR,TIMP1,1,1
AHR,TMEM5,1,1
AHR,TMEM62,1,1
AHR,TMEM67,1,1
AHR,TPD52L1,1,1
AHR,TPGS2,1,1
AHR,TRPM3,1,1
AHR,TVP23B,1,1
IGFBP5,AC004980.7,1,1
IGFBP5,ADGRB1,1,1
IGFBP5,AFAP1L2,1,1
IGFBP5,AGMO,1,1
IGFBP5,ALG13,1,1
IGFBP5,ANGPTL1,1,1
IGFBP5,AP3D1,1,1
IGFBP5,ARHGAP5,1,1
IGFBP5,ARHGAP6,1,1
IGFBP5,ART3,1,1
IGFBP5,ASCC3,1,1
IGFBP5,ATP11C,1,1
IGFBP5,ATP9A,1,1
IGFBP5,ATXN1,1,1
IGFBP5,C1QTNF3,1,1
IGFBP5,C1QTNF3-AMACR,1,1
IGFBP5,COL9A2,1,1
IGFBP5,COLGALT2,1,1
IGFBP5,CSGALNACT1,1,1
IGFBP5,CT45A10,1,1
IGFBP5,CT45A3,1,1
IGFBP5,CT45A5,1,1
IGFBP5,CT45A8,1,1
IGFBP5,CT45A9,1,1
IGFBP5,DLX2,1,1
IGFBP5,DMRT2,1,1
IGFBP5,DMRTA1,1,1
IGFBP5,DOK1,1,1
IGFBP5,DUSP2,1,1
IGFBP5,EGFLAM,1,1
IGFBP5,ENG,1,1
IGFBP5,EPHA3,1,1
IGFBP5,EPHB3,1,1
IGFBP5,ERLIN2,1,1
IGFBP5,FAM212B,1,1
IGFBP5,FAM86B1,1,1
IGFBP5,FOXF1,1,1
IGFBP5,FREM2,1,1
IGFBP5,FZD1,1,1
IGFBP5,GALNT5,1,1
IGFBP5,GLI2,1,1
IGFBP5,GLUD2,1,1
IGFBP5,GTF2F1,1,1
IGFBP5,IGFBP3,1,1
IGFBP5,IL13RA2,1,1
IGFBP5,IL27RA,1,1
IGFBP5,ITPRIPL2,1,1
IGFBP5,JKAMP,1,1
IGFBP5,KCNC3,1,1
IGFBP5,KDR,1,1
IGFBP5,KIAA0040,1,1
IGFBP5,KIAA1671,1,1
IGFBP5,LAMA4,1,1
IGFBP5,LIFR,1,1
IGFBP5,LONRF2,1,1
IGFBP5,LOXL3,1,1
IGFBP5,MAGEA4,1,1
IGFBP5,MATK,1,1
IGFBP5,MEOX2,1,1
IGFBP5,MICALL2,1,1
IGFBP5,MMP16,1,1
IGFBP5,NDRG1,1,1
IGFBP5,NKX2-5,1,1
IGFBP5,NR0B1,1,1
IGFBP5,OLFML3,1,1
IGFBP5,PAPSS2,1,1
IGFBP5,PCDHA10,1,1
IGFBP5,PCDHA11,1,1
IGFBP5,PCDHA13,1,1
IGFBP5,PCDHB17P,1,1
IGFBP5,PCDHB2,1,1
IGFBP5,PCDHGA3,1,1
IGFBP5,PCDHGA7,1,1
IGFBP5,POM121C,1,1
IGFBP5,POU3F3,1,1
IGFBP5,PRR4,1,1
IGFBP5,PRRX1,1,1
IGFBP5,RAB36,1,1
IGFBP5,RAB7B,1,1
IGFBP5,RBMS1,1,1
IGFBP5,RELN,1,1
IGFBP5,RNF128,1,1
IGFBP5,RNF157,1,1
IGFBP5,RPN1,1,1
IGFBP5,SCARA5,1,1
IGFBP5,SCRG1,1,1
IGFBP5,SERPINE2,1,1
IGFBP5,SERTAD4,1,1
IGFBP5,SLC35E4,1,1
IGFBP5,SLC43A2,1,1
IGFBP5,SLC5A3,1,1
IGFBP5,SNED1,1,1
IGFBP5,SOX8,1,1
IGFBP5,SPRY4,1,1
IGFBP5,ST8SIA5,1,1
IGFBP5,STK32B,1,1
IGFBP5,SYTL5,1,1
IGFBP5,TBL2,1,1
IGFBP5,TBXAS1,1,1
IGFBP5,TCN1,1,1
IGFBP5,TDRD1,1,1
IGFBP5,TESC,1,1
IGFBP5,TGFA,1,1
IGFBP5,TMEM2,1,1
IGFBP5,TMTC3,1,1
IGFBP5,TNFAIP6,1,1
IGFBP5,TOR1AIP2,1,1
IGFBP5,TRAF4,1,1
IGFBP5,TRIM51CP,1,1
IGFBP5,TRIM9,1,1
IGFBP5,UNC13A,1,1
IGFBP5,USP7,1,1
IGFBP5,XIAP,1,1
IGFBP5,XYLT1,1,1
IGFBP5,ZBTB45P2,1,1
IGFBP5,ZNF721,1,1
IGFBP5,ZNF860,1,1
CBX1,AP1AR,1,1
CBX1,POFUT2,1,1
DNER,ATP5D,1,1
DNER,BATF3,1,1
DNER,C10ORF76,1,1
DNER,CCDC113,1,1
DNER,CHRDL1,1,1
DNER,CTDSP1,1,1
DNER,DUSP23,1,1
DNER,FOXRED1,1,1
DNER,LDHB,1,1
DNER,PTPN12,1,1
DNER,STK26,1,1
DNER,TACO1,1,1
DNER,TNFRSF21,1,1
DNER,BP-21264C1.1,1,1
FNDC3B,ANGPT1,1,1
FNDC3B,ARHGAP25,1,1
FNDC3B,ATG101,1,1
FNDC3B,ATR,1,1
FNDC3B,C16ORF52,1,1
FNDC3B,CEP170B,1,1
FNDC3B,CHRNA6,1,1
FNDC3B,CLEC2B,1,1
FNDC3B,COPA,1,1
FNDC3B,COX18,1,1
FNDC3B,DLX2,1,1
FNDC3B,DPY19L1,1,1
FNDC3B,DUS3L,1,1
FNDC3B,EBF1,1,1
FNDC3B,EDEM1,1,1
FNDC3B,ERCC1,1,1
FNDC3B,ERLEC1,1,1
FNDC3B,FAM3C,1,1
FNDC3B,HOXD13,1,1
FNDC3B,IL1RAP,1,1
FNDC3B,ITGA4,1,1
FNDC3B,KCNK5,1,1
FNDC3B,KIAA0040,1,1
FNDC3B,MAGT1,1,1
FNDC3B,MAN1A2,1,1
FNDC3B,ME1,1,1
FNDC3B,NOC2LP1,1,1
FNDC3B,NOMO3,1,1
FNDC3B,PCOLCE2,1,1
FNDC3B,PFKFB4,1,1
FNDC3B,PLAT,1,1
FNDC3B,PLPP3,1,1
FNDC3B,RABL6,1,1
FNDC3B,RAP2C,1,1
FNDC3B,RNF128,1,1
FNDC3B,RPN1,1,1
FNDC3B,SCG2,1,1
FNDC3B,SEC61A1,1,1
FNDC3B,SH3KBP1,1,1
FNDC3B,SPRY4,1,1
FNDC3B,SRPRB,1,1
FNDC3B,STON2,1,1
FNDC3B,TMEM158,1,1
FNDC3B,TMEM67,1,1
FNDC3B,TRIM24,1,1
FNDC3B,TVP23B,1,1
FNDC3B,UNC80,1,1
FNDC3B,ZNF654,1,1
ZNF440,ANAPC13,1,1
ZNF440,C18ORF8,1,1
ZNF440,CLOCK,1,1
ZNF440,GTF2H2C_2,1,1
ZNF440,MECP2,1,1
ZNF440,ZNF335,1,1
CASP10,AARS2,1,1
CASP10,ACAD9,1,1
CASP10,ADAM15,1,1
CASP10,ADAMTS9,1,1
CASP10,ADCY1,1,1
CASP10,AL354822.1,1,1
CASP10,ANKRD19P,1,1
CASP10,ATP5B,1,1
CASP10,B9D1,1,1
CASP10,BX004987.1,1,1
CASP10,C3ORF67,1,1
CASP10,CCSAP,1,1
CASP10,CHST6,1,1
CASP10,CMB9-22P13.1,1,1
CASP10,CMTM8,1,1
CASP10,COLGALT1,1,1
CASP10,COPB2,1,1
CASP10,CST1,1,1
CASP10,EIF3I,1,1
CASP10,ENOX1,1,1
CASP10,EXOC1,1,1
CASP10,FABP7,1,1
CASP10,FCGR2A,1,1
CASP10,FYB,1,1
CASP10,GAD1,1,1
CASP10,GATA4,1,1
CASP10,GCAT,1,1
CASP10,GHR,1,1
CASP10,GMDS,1,1
CASP10,GNAO1,1,1
CASP10,GORAB,1,1
CASP10,GPC6,1,1
CASP10,HEY2,1,1
CASP10,HMCES,1,1
CASP10,HOXA13,1,1
CASP10,IPO8,1,1
CASP10,ITGA9,1,1
CASP10,KDSR,1,1
CASP10,KREMEN2,1,1
CASP10,LIG3,1,1
CASP10,LINC00116,1,1
CASP10,MBD4,1,1
CASP10,MCTS1,1,1
CASP10,MLLT10,1,1
CASP10,MYD88,1,1
CASP10,NDUFA9,1,1
CASP10,PAQR7,1,1
CASP10,PDGFRL,1,1
CASP10,PGM1,1,1
CASP10,PI15,1,1
CASP10,PNMA2,1,1
CASP10,PODXL2,1,1
CASP10,POLD2,1,1
CASP10,PPIA,1,1
CASP10,PPP1R13B,1,1
CASP10,PYCR2,1,1
CASP10,RAB23,1,1
CASP10,RCN2,1,1
CASP10,RTN4IP1,1,1
CASP10,SLC22A5,1,1
CASP10,SLC26A2,1,1
CASP10,SLC35G1,1,1
CASP10,SLC44A1,1,1
CASP10,SNTB1,1,1
CASP10,SPARC,1,1
CASP10,TBC1D8,1,1
CASP10,TBRG4,1,1
CASP10,TRPM3,1,1
CASP10,WDR37,1,1
CASP10,YTHDC1,1,1
CASP10,ZDHHC3,1,1
CASP10,ZDHHC6,1,1
CASP10,ZNF280A,1,1
GORAB,AARS2,1,1
GORAB,ADAM15,1,1
GORAB,ADAMTS9,1,1
GORAB,ADCY1,1,1
GORAB,ANKRD19P,1,1
GORAB,ANKRD26,1,1
GORAB,ANKRD54,1,1
GORAB,APOO,1,1
GORAB,B4GALT4,1,1
GORAB,B9D1,1,1
GORAB,C3ORF67,1,1
GORAB,CHST6,1,1
GORAB,CMB9-22P13.1,1,1
GORAB,CNIH3,1,1
GORAB,CNOT6,1,1
GORAB,COLGALT1,1,1
GORAB,COPG1,1,1
GORAB,CRISPLD1,1,1
GORAB,CST1,1,1
GORAB,DGKH,1,1
GORAB,DNAJB12,1,1
GORAB,DRG2,1,1
GORAB,ENOX1,1,1
GORAB,ETFB,1,1
GORAB,ETV1,1,1
GORAB,EXTL1,1,1
GORAB,FABP7,1,1
GORAB,FCGR2A,1,1
GORAB,FGF13,1,1
GORAB,FKBP10,1,1
GORAB,FKBP11,1,1
GORAB,FKBP14,1,1
GORAB,GAD1,1,1
GORAB,GALNT2,1,1
GORAB,GCAT,1,1
GORAB,GDI2,1,1
GORAB,GHR,1,1
GORAB,HEY2,1,1
GORAB,HMCES,1,1
GORAB,HMCN1,1,1
GORAB,HOXA13,1,1
GORAB,ID4,1,1
GORAB,INTS10,1,1
GORAB,ITGA9,1,1
GORAB,ITGB5,1,1
GORAB,KLF6,1,1
GORAB,LAMC3,1,1
GORAB,LIG3,1,1
GORAB,MAN1B1,1,1
GORAB,METTL14,1,1
GORAB,METTL23,1,1
GORAB,MRPL57,1,1
GORAB,MYD88,1,1
GORAB,MYH14,1,1
GORAB,NOMO1,1,1
GORAB,NR1D1,1,1
GORAB,NT5DC2,1,1
GORAB,PAN3,1,1
GORAB,PDGFRL,1,1
GORAB,PDZD4,1,1
GORAB,PGF,1,1
GORAB,PGM1,1,1
GORAB,PGRMC1,1,1
GORAB,PI15,1,1
GORAB,PIEZO2,1,1
GORAB,PODXL2,1,1
GORAB,PPIA,1,1
GORAB,PPP2R2D,1,1
GORAB,PRKAB1,1,1
GORAB,PWWP2A,1,1
GORAB,PYCR2,1,1
GORAB,RAB23,1,1
GORAB,RAD17,1,1
GORAB,ROR1,1,1
GORAB,SDSL,1,1
GORAB,SEZ6L2,1,1
GORAB,SHROOM1,1,1
GORAB,SLC22A5,1,1
GORAB,SLC26A2,1,1
GORAB,SLC35G1,1,1
GORAB,SLC44A1,1,1
GORAB,SMAD4,1,1
GORAB,SMAP2,1,1
GORAB,SNTB1,1,1
GORAB,STX2,1,1
GORAB,TBC1D8,1,1
GORAB,TBRG4,1,1
GORAB,TIMMDC1,1,1
GORAB,TMEM62,1,1
GORAB,TRAPPC10,1,1
GORAB,TRPM3,1,1
GORAB,TXNL1,1,1
GORAB,UPF2,1,1
GORAB,VTI1A,1,1
GORAB,ZNF280A,1,1
GORAB,ZNF736,1,1
MYO3B,ABCA8,1,1
MYO3B,ADA,1,1
MYO3B,ADAP1,1,1
MYO3B,AKAP6,1,1
MYO3B,ANKRD45,1,1
MYO3B,ARHGAP20,1,1
MYO3B,ARHGDIB,1,1
MYO3B,ASB4,1,1
MYO3B,ATOH8,1,1
MYO3B,AZGP1,1,1
MYO3B,B3GALT1,1,1
MYO3B,B3GNT7,1,1
MYO3B,B4GALNT3,1,1
MYO3B,BAALC,1,1
MYO3B,BFSP1,1,1
MYO3B,BMP6,1,1
MYO3B,BST2,1,1
MYO3B,C12ORF60,1,1
MYO3B,C1QTNF3-AMACR,1,1
MYO3B,C1ORF115,1,1
MYO3B,CACNA1H,1,1
MYO3B,CADM4,1,1
MYO3B,CBSL,1,1
MYO3B,CC2D1A,1,1
MYO3B,CCDC113,1,1
MYO3B,CCDC78,1,1
MYO3B,CDH12,1,1
MYO3B,CGREF1,1,1
MYO3B,CHPF,1,1
MYO3B,CHRDL1,1,1
MYO3B,CHURC1-FNTB,1,1
MYO3B,COL9A2,1,1
MYO3B,COL9A3,1,1
MYO3B,COQ3,1,1
MYO3B,COQ6,1,1
MYO3B,CSMD1,1,1
MYO3B,CT45A1,1,1
MYO3B,CT45A10,1,1
MYO3B,CT45A6,1,1
MYO3B,CT45A8,1,1
MYO3B,CT45A9,1,1
MYO3B,DDX43,1,1
MYO3B,DEPDC7,1,1
MYO3B,DNAJC30,1,1
MYO3B,DSCR8,1,1
MYO3B,EGFL7,1,1
MYO3B,EMILIN1,1,1
MYO3B,EYA2,1,1
MYO3B,FAM133A,1,1
MYO3B,FAM134B,1,1
MYO3B,FAM46C,1,1
MYO3B,FBF1,1,1
MYO3B,FKBP10,1,1
MYO3B,FMOD,1,1
MYO3B,FOLH1,1,1
MYO3B,GABRG3,1,1
MYO3B,GAGE12J,1,1
MYO3B,GALNT5,1,1
MYO3B,GPC4,1,1
MYO3B,GRIK4,1,1
MYO3B,GUCY1B3,1,1
MYO3B,IFI16,1,1
MYO3B,IGFBP2,1,1
MYO3B,ITGA10,1,1
MYO3B,ITGAX,1,1
MYO3B,ITIH5,1,1
MYO3B,ITIH6,1,1
MYO3B,JSRP1,1,1
MYO3B,JUNB,1,1
MYO3B,KCNG4,1,1
MYO3B,KIAA0895,1,1
MYO3B,LAMA2,1,1
MYO3B,LAMC3,1,1
MYO3B,LRP2,1,1
MYO3B,LYPLAL1,1,1
MYO3B,MAFB,1,1
MYO3B,MAMDC2,1,1
MYO3B,MAOB,1,1
MYO3B,MAPRE3,1,1
MYO3B,MATK,1,1
MYO3B,MDH2,1,1
MYO3B,MDM2,1,1
MYO3B,MEOX2,1,1
MYO3B,MGP,1,1
MYO3B,NDUFA8,1,1
MYO3B,NPHP1,1,1
MYO3B,NTN1,1,1
MYO3B,OAZ1,1,1
MYO3B,OLFM2,1,1
MYO3B,OPHN1,1,1
MYO3B,P3H1,1,1
MYO3B,P3H4,1,1
MYO3B,PAGE5,1,1
MYO3B,PAPSS2,1,1
MYO3B,PATZ1,1,1
MYO3B,PCDHA1,1,1
MYO3B,PCDHB11,1,1
MYO3B,PCDHB5,1,1
MYO3B,PCDHB6,1,1
MYO3B,PCDHB7,1,1
MYO3B,PCOLCE,1,1
MYO3B,PDDC1,1,1
MYO3B,PEX5L,1,1
MYO3B,PITPNC1,1,1
MYO3B,PLBD1,1,1
MYO3B,PLEKHS1,1,1
MYO3B,PODXL2,1,1
MYO3B,POU3F3,1,1
MYO3B,PPIC,1,1
MYO3B,PPP1R13B,1,1
MYO3B,PPP2R2B,1,1
MYO3B,PRKCD,1,1
MYO3B,PTGFRN,1,1
MYO3B,RELN,1,1
MYO3B,RNASE1,1,1
MYO3B,RP11-111F5.5,1,1
MYO3B,RP11-43F13.1,1,1
MYO3B,RYR2,1,1
MYO3B,SBNO2,1,1
MYO3B,SCARA5,1,1
MYO3B,SDC2,1,1
MYO3B,SDK2,1,1
MYO3B,SEL1L3,1,1
MYO3B,SEMA3E,1,1
MYO3B,SERPINA3,1,1
MYO3B,SEZ6L2,1,1
MYO3B,SKIV2L,1,1
MYO3B,SLC39A4,1,1
MYO3B,SLC40A1,1,1
MYO3B,SLC5A4,1,1
MYO3B,SMIM3,1,1
MYO3B,SOCS2,1,1
MYO3B,SOD3,1,1
MYO3B,SPARC,1,1
MYO3B,SPATS1,1,1
MYO3B,SRGAP2,1,1
MYO3B,STAT3,1,1
MYO3B,STK26,1,1
MYO3B,SULF1,1,1
MYO3B,TACO1,1,1
MYO3B,TARS2,1,1
MYO3B,TGFB3,1,1
MYO3B,TNFRSF21,1,1
MYO3B,TNS2,1,1
MYO3B,TPD52L1,1,1
MYO3B,TRIM9,1,1
MYO3B,TRPM8,1,1
MYO3B,UROC1,1,1
MYO3B,VPS25,1,1
MYO3B,WBSCR22,1,1
MYO3B,WBSCR27,1,1
MYO3B,WNK4,1,1
MYO3B,ZNF595,1,1
MYO3B,BP-21264C1.1,1,1
UNC13A,ABCA8,1,1
UNC13A,AC004980.7,1,1
UNC13A,ADGRB1,1,1
UNC13A,AFAP1L2,1,1
UNC13A,AGMO,1,1
UNC13A,AKAP6,1,1
UNC13A,ALG13,1,1
UNC13A,ANGPT1,1,1
UNC13A,ANGPTL1,1,1
UNC13A,ANKRD45,1,1
UNC13A,AP3D1,1,1
UNC13A,ARCN1,1,1
UNC13A,ARHGAP5,1,1
UNC13A,ARHGAP6,1,1
UNC13A,ARHGDIB,1,1
UNC13A,ART3,1,1
UNC13A,ASB4,1,1
UNC13A,ATP11C,1,1
UNC13A,ATP1B1,1,1
UNC13A,ATP9A,1,1
UNC13A,B3GNT7,1,1
UNC13A,B4GALNT3,1,1
UNC13A,BST2,1,1
UNC13A,C17ORF96,1,1
UNC13A,C1QTNF3,1,1
UNC13A,C1QTNF3-AMACR,1,1
UNC13A,CADM4,1,1
UNC13A,CBSL,1,1
UNC13A,CC2D1A,1,1
UNC13A,CDH12,1,1
UNC13A,CELSR1,1,1
UNC13A,CEP70,1,1
UNC13A,CHURC1-FNTB,1,1
UNC13A,COL11A2,1,1
UNC13A,COL9A2,1,1
UNC13A,COL9A3,1,1
UNC13A,COLGALT2,1,1
UNC13A,CSGALNACT1,1,1
UNC13A,CT45A1,1,1
UNC13A,CT45A10,1,1
UNC13A,CT45A3,1,1
UNC13A,CT45A5,1,1
UNC13A,CT45A6,1,1
UNC13A,CT45A8,1,1
UNC13A,CT45A9,1,1
UNC13A,CYB561,1,1
UNC13A,DDX43,1,1
UNC13A,DLX2,1,1
UNC13A,DMRT2,1,1
UNC13A,DMRTA1,1,1
UNC13A,DNAJC30,1,1
UNC13A,DOK1,1,1
UNC13A,DUSP2,1,1
UNC13A,DYNLT3,1,1
UNC13A,EGFLAM,1,1
UNC13A,EIF4H,1,1
UNC13A,EMILIN1,1,1
UNC13A,ENAH,1,1
UNC13A,ENG,1,1
UNC13A,EPHA3,1,1
UNC13A,EPHB3,1,1
UNC13A,ERLIN2,1,1
UNC13A,EYA2,1,1
UNC13A,FAM133A,1,1
UNC13A,FAM212B,1,1
UNC13A,FAM46C,1,1
UNC13A,FAM86B1,1,1
UNC13A,FOXF1,1,1
UNC13A,FREM2,1,1
UNC13A,GALNT5,1,1
UNC13A,GLI2,1,1
UNC13A,GLUD2,1,1
UNC13A,GPC1,1,1
UNC13A,GPC3,1,1
UNC13A,GRIK4,1,1
UNC13A,HS3ST3B1,1,1
UNC13A,IGFBP2,1,1
UNC13A,IGFBP3,1,1
UNC13A,IL13RA2,1,1
UNC13A,IL27RA,1,1
UNC13A,IL6ST,1,1
UNC13A,ITIH5,1,1
UNC13A,ITIH6,1,1
UNC13A,ITPRIPL2,1,1
UNC13A,JARID2,1,1
UNC13A,JKAMP,1,1
UNC13A,KCNC3,1,1
UNC13A,KDM5C,1,1
UNC13A,KDR,1,1
UNC13A,LAMA2,1,1
UNC13A,LAMA4,1,1
UNC13A,LIFR,1,1
UNC13A,LONRF2,1,1
UNC13A,LOXL3,1,1
UNC13A,LRRC75A,1,1
UNC13A,MAFB,1,1
UNC13A,MAGEA4,1,1
UNC13A,MATK,1,1
UNC13A,MEOX2,1,1
UNC13A,MGP,1,1
UNC13A,MICALL2,1,1
UNC13A,MMP16,1,1
UNC13A,MRAP2,1,1
UNC13A,MRPS6,1,1
UNC13A,NDRG1,1,1
UNC13A,NDUFA8,1,1
UNC13A,NKX2-5,1,1
UNC13A,NPAS1,1,1
UNC13A,NPHP1,1,1
UNC13A,NR0B1,1,1
UNC13A,NTN1,1,1
UNC13A,OLFML3,1,1
UNC13A,P3H1,1,1
UNC13A,P3H2,1,1
UNC13A,PAPSS2,1,1
UNC13A,PATZ1,1,1
UNC13A,PCDHA1,1,1
UNC13A,PCDHA10,1,1
UNC13A,PCDHA11,1,1
UNC13A,PCDHA13,1,1
UNC13A,PCDHA7,1,1
UNC13A,PCDHB11,1,1
UNC13A,PCDHB15,1,1
UNC13A,PCDHB16,1,1
UNC13A,PCDHB17P,1,1
UNC13A,PCDHB2,1,1
UNC13A,PCDHB5,1,1
UNC13A,PCDHB6,1,1
UNC13A,PCDHB7,1,1
UNC13A,PCDHGA3,1,1
UNC13A,PCDHGA7,1,1
UNC13A,PCDHGB1,1,1
UNC13A,PCOLCE,1,1
UNC13A,PDDC1,1,1
UNC13A,PLBD1,1,1
UNC13A,PLEKHS1,1,1
UNC13A,PMS2CL,1,1
UNC13A,POU3F3,1,1
UNC13A,PPIC,1,1
UNC13A,PRDX6,1,1
UNC13A,PRR4,1,1
UNC13A,PRRX1,1,1
UNC13A,PTGFRN,1,1
UNC13A,PTPRD,1,1
UNC13A,RAB7B,1,1
UNC13A,RBMS1,1,1
UNC13A,RCC1L,1,1
UNC13A,RELN,1,1
UNC13A,RNASET2,1,1
UNC13A,RNF128,1,1
UNC13A,RNF152,1,1
UNC13A,RP11-111K18.1,1,1
UNC13A,RP11-958N24.2,1,1
UNC13A,RPN1,1,1
UNC13A,RYR2,1,1
UNC13A,S100A13,1,1
UNC13A,SBNO2,1,1
UNC13A,SCARA5,1,1
UNC13A,SCRG1,1,1
UNC13A,SEC14L1,1,1
UNC13A,SERPINE2,1,1
UNC13A,SLC1A3,1,1
UNC13A,SLC35E4,1,1
UNC13A,SLC39A4,1,1
UNC13A,SLC43A2,1,1
UNC13A,SLC5A3,1,1
UNC13A,SNED1,1,1
UNC13A,SOX8,1,1
UNC13A,SPRY4,1,1
UNC13A,SRPRB,1,1
UNC13A,ST8SIA5,1,1
UNC13A,STK32B,1,1
UNC13A,SYTL5,1,1
UNC13A,TBXAS1,1,1
UNC13A,TCN1,1,1
UNC13A,TDRD1,1,1
UNC13A,TENM1,1,1
UNC13A,TESC,1,1
UNC13A,TGFA,1,1
UNC13A,TGFB3,1,1
UNC13A,TIGD1,1,1
UNC13A,TIMP1,1,1
UNC13A,TNFAIP6,1,1
UNC13A,TOR1AIP2,1,1
UNC13A,TOR3A,1,1
UNC13A,TRIM51CP,1,1
UNC13A,TRIM9,1,1
UNC13A,TSPAN13,1,1
UNC13A,UPF3A,1,1
UNC13A,WBSCR22,1,1
UNC13A,WNK4,1,1
UNC13A,WWTR1,1,1
UNC13A,XIAP,1,1
UNC13A,XPR1,1,1
UNC13A,XYLT1,1,1
UNC13A,ZBTB45P2,1,1
UNC13A,ZNF595,1,1
UNC13A,ZNF860,1,1
UNC13A,BP-21264C1.1,1,1
F2RL2,ADORA2B,1,1
F2RL2,ANKH,1,1
F2RL2,BATF3,1,1
F2RL2,C16ORF72,1,1
F2RL2,C17ORF96,1,1
F2RL2,CHPF2,1,1
F2RL2,COLGALT2,1,1
F2RL2,CRIP2,1,1
F2RL2,DMRTA1,1,1
F2RL2,EBF3,1,1
F2RL2,EIF4H,1,1
F2RL2,FGFRL1,1,1
F2RL2,FOXF1,1,1
F2RL2,FSCN1,1,1
F2RL2,FUT8,1,1
F2RL2,GLI2,1,1
F2RL2,ITGA5,1,1
F2RL2,KDM5C,1,1
F2RL2,KIAA1328,1,1
F2RL2,KIAA1671,1,1
F2RL2,L3HYPDH,1,1
F2RL2,LIFR,1,1
F2RL2,LIMS1,1,1
F2RL2,MAGEA4,1,1
F2RL2,METTL7B,1,1
F2RL2,MICALL2,1,1
F2RL2,MIPOL1,1,1
F2RL2,MMP16,1,1
F2RL2,MRPS6,1,1
F2RL2,OCIAD1,1,1
F2RL2,PACRGL,1,1
F2RL2,PCDHA7,1,1
F2RL2,PCDHAC2,1,1
F2RL2,PCDHB16,1,1
F2RL2,PCDHB2,1,1
F2RL2,PCDHB7,1,1
F2RL2,PRKAR1B,1,1
F2RL2,RP5-862P8.2,1,1
F2RL2,RPS6KA3,1,1
F2RL2,SERINC3,1,1
F2RL2,SERPINH1,1,1
F2RL2,SLC25A16,1,1
F2RL2,SLC35E4,1,1
F2RL2,SLC35G2,1,1
F2RL2,SLC43A2,1,1
F2RL2,SLC9A7,1,1
F2RL2,SNED1,1,1
F2RL2,SRPX2,1,1
F2RL2,SYAP1,1,1
F2RL2,TBXAS1,1,1
F2RL2,TENM1,1,1
F2RL2,TMEM2,1,1
F2RL2,TMTC3,1,1
F2RL2,TYW1B,1,1
F2RL2,UBA1,1,1
F2RL2,YWHAG,1,1
F2RL2,BP-21264C1.1,1,1
ANGPT1,ACTN2,1,1
ANGPT1,ADGRB1,1,1
ANGPT1,AGMO,1,1
ANGPT1,ALG13,1,1
ANGPT1,ANKRD54,1,1
ANGPT1,AP3D1,1,1
ANGPT1,ARHGAP25,1,1
ANGPT1,ARHGAP6,1,1
ANGPT1,ART3,1,1
ANGPT1,ASCC3,1,1
ANGPT1,BCAP31,1,1
ANGPT1,C16ORF52,1,1
ANGPT1,C1QTNF3,1,1
ANGPT1,CC2D1A,1,1
ANGPT1,CEP170B,1,1
ANGPT1,CEP70,1,1
ANGPT1,CHRNA6,1,1
ANGPT1,CLEC2B,1,1
ANGPT1,CNIH3,1,1
ANGPT1,COL9A2,1,1
ANGPT1,COL9A3,1,1
ANGPT1,COLGALT2,1,1
ANGPT1,COPA,1,1
ANGPT1,COPB2,1,1
ANGPT1,CPD,1,1
ANGPT1,CSGALNACT1,1,1
ANGPT1,CT45A10,1,1
ANGPT1,CT45A3,1,1
ANGPT1,CT45A5,1,1
ANGPT1,CT45A8,1,1
ANGPT1,CT45A9,1,1
ANGPT1,DLX2,1,1
ANGPT1,DMRTA1,1,1
ANGPT1,DNAAF5,1,1
ANGPT1,DOK1,1,1
ANGPT1,DPY19L1,1,1
ANGPT1,DUS3L,1,1
ANGPT1,DYNLT3,1,1
ANGPT1,EBF1,1,1
ANGPT1,ENAH,1,1
ANGPT1,EPDR1,1,1
ANGPT1,EPHA3,1,1
ANGPT1,ERLEC1,1,1
ANGPT1,ERLIN2,1,1
ANGPT1,FAM133A,1,1
ANGPT1,FAM188B,1,1
ANGPT1,FAM198B,1,1
ANGPT1,FAM212B,1,1
ANGPT1,FAM46C,1,1
ANGPT1,FGF13,1,1
ANGPT1,FKBP14,1,1
ANGPT1,FKBP9P1,1,1
ANGPT1,FREM2,1,1
ANGPT1,GHR,1,1
ANGPT1,GLUD2,1,1
ANGPT1,GPC3,1,1
ANGPT1,GPC4,1,1
ANGPT1,GPD2,1,1
ANGPT1,HOXD13,1,1
ANGPT1,IARS2,1,1
ANGPT1,ID4,1,1
ANGPT1,IL13RA2,1,1
ANGPT1,IL1RAP,1,1
ANGPT1,IL27RA,1,1
ANGPT1,IL6ST,1,1
ANGPT1,INTS10,1,1
ANGPT1,ITIH5,1,1
ANGPT1,ITPR2,1,1
ANGPT1,ITPRIPL2,1,1
ANGPT1,JKAMP,1,1
ANGPT1,KCNC3,1,1
ANGPT1,KCNC4,1,1
ANGPT1,KCNK5,1,1
ANGPT1,KIAA0040,1,1
ANGPT1,LAMA4,1,1
ANGPT1,LOXL3,1,1
ANGPT1,LYPLAL1,1,1
ANGPT1,MATK,1,1
ANGPT1,ME1,1,1
ANGPT1,MEOX2,1,1
ANGPT1,MMP15,1,1
ANGPT1,MMP16,1,1
ANGPT1,MRAP2,1,1
ANGPT1,MTUS1,1,1
ANGPT1,NDRG1,1,1
ANGPT1,NKX2-5,1,1
ANGPT1,NOC2LP1,1,1
ANGPT1,NOMO3,1,1
ANGPT1,NPAS1,1,1
ANGPT1,NSF,1,1
ANGPT1,OFD1,1,1
ANGPT1,P3H1,1,1
ANGPT1,P3H2,1,1
ANGPT1,PAPSS2,1,1
ANGPT1,PCDHA10,1,1
ANGPT1,PCDHA11,1,1
ANGPT1,PCDHB17P,1,1
ANGPT1,PCDHB2,1,1
ANGPT1,PCOLCE2,1,1
ANGPT1,PDDC1,1,1
ANGPT1,PGF,1,1
ANGPT1,PGM1,1,1
ANGPT1,PGM3,1,1
ANGPT1,PIEZO2,1,1
ANGPT1,PMS2CL,1,1
ANGPT1,PRDX6,1,1
ANGPT1,PRPSAP2,1,1
ANGPT1,PTGFRN,1,1
ANGPT1,PTPN1,1,1
ANGPT1,RAB7B,1,1
ANGPT1,RBMS1,1,1
ANGPT1,RC3H1,1,1
ANGPT1,RNASET2,1,1
ANGPT1,RNF128,1,1
ANGPT1,RNF152,1,1
ANGPT1,RNF216,1,1
ANGPT1,ROR1,1,1
ANGPT1,RPN1,1,1
ANGPT1,SCRG1,1,1
ANGPT1,SEC14L1,1,1
ANGPT1,SEC61A1,1,1
ANGPT1,SERPINE2,1,1
ANGPT1,SH3KBP1,1,1
ANGPT1,SH3TC1,1,1
ANGPT1,SLC19A3,1,1
ANGPT1,SLC26A4,1,1
ANGPT1,SNAPC2,1,1
ANGPT1,SPRY4,1,1
ANGPT1,SRPRB,1,1
ANGPT1,STK32B,1,1
ANGPT1,STON2,1,1
ANGPT1,TBC1D10B,1,1
ANGPT1,TDRD1,1,1
ANGPT1,TESC,1,1
ANGPT1,TGFA,1,1
ANGPT1,TGFB3,1,1
ANGPT1,TIGD1,1,1
ANGPT1,TIMP1,1,1
ANGPT1,TMEM67,1,1
ANGPT1,TNFAIP6,1,1
ANGPT1,TOR1AIP2,1,1
ANGPT1,TOR3A,1,1
ANGPT1,TPD52L1,1,1
ANGPT1,TPGS2,1,1
ANGPT1,TRIM47,1,1
ANGPT1,TRIM51,1,1
ANGPT1,TRIM51CP,1,1
ANGPT1,TRIM9,1,1
ANGPT1,TSPAN13,1,1
ANGPT1,TVP23B,1,1
ANGPT1,UNC80,1,1
ANGPT1,WBSCR22,1,1
ANGPT1,WWTR1,1,1
ANGPT1,XIAP,1,1
ANGPT1,XPR1,1,1
ANGPT1,ZNF595,1,1
ANGPT1,ZNF654,1,1
COPA,ACTN2,1,1
COPA,ANKRD54,1,1
COPA,AP3D1,1,1
COPA,ARHGAP25,1,1
COPA,ATR,1,1
COPA,C16ORF52,1,1
COPA,CC2D1A,1,1
COPA,CD55,1,1
COPA,CEP70,1,1
COPA,CHST6,1,1
COPA,CMTM8,1,1
COPA,CNIH3,1,1
COPA,COPB2,1,1
COPA,CPD,1,1
COPA,DMRTA1,1,1
COPA,DOK1,1,1
COPA,DYNLT3,1,1
COPA,EBF1,1,1
COPA,EIF3I,1,1
COPA,ENAH,1,1
COPA,ENOX1,1,1
COPA,EPHA3,1,1
COPA,ERLEC1,1,1
COPA,FAM133A,1,1
COPA,FAM188B,1,1
COPA,FAM198B,1,1
COPA,FAM46C,1,1
COPA,FGF13,1,1
COPA,FKBP10,1,1
COPA,FOXD2,1,1
COPA,GAPDH,1,1
COPA,GHR,1,1
COPA,GPC3,1,1
COPA,GPC4,1,1
COPA,GPC6,1,1
COPA,GULP1,1,1
COPA,HMCES,1,1
COPA,HSPB8,1,1
COPA,ICAM1,1,1
COPA,IL1RAP,1,1
COPA,IPO8,1,1
COPA,ITGA4,1,1
COPA,KCNK5,1,1
COPA,KDSR,1,1
COPA,LGALSL,1,1
COPA,MAMDC2,1,1
COPA,ME1,1,1
COPA,MRAP2,1,1
COPA,NOC2LP1,1,1
COPA,NOMO3,1,1
COPA,NPAS1,1,1
COPA,OFD1,1,1
COPA,P3H1,1,1
COPA,P3H2,1,1
COPA,PAQR7,1,1
COPA,PCOLCE2,1,1
COPA,PGM1,1,1
COPA,PGM3,1,1
COPA,PIEZO2,1,1
COPA,POLD2,1,1
COPA,PRDX6,1,1
COPA,PTGFRN,1,1
COPA,RABL6,1,1
COPA,RCN2,1,1
COPA,RNF152,1,1
COPA,RNF216,1,1
COPA,RPN1,1,1
COPA,SCG2,1,1
COPA,SEC14L1,1,1
COPA,SH3KBP1,1,1
COPA,SLC26A4,1,1
COPA,SNTB1,1,1
COPA,SPARC,1,1
COPA,SRPRB,1,1
COPA,STON2,1,1
COPA,TBC1D10B,1,1
COPA,TGFB3,1,1
COPA,TIGD1,1,1
COPA,TMEM67,1,1
COPA,TOR1AIP2,1,1
COPA,TPD52L1,1,1
COPA,TPGS2,1,1
COPA,TSPAN13,1,1
COPA,TVP23B,1,1
COPA,UCK1,1,1
COPA,ULBP2,1,1
COPA,UNC80,1,1
COPA,WWTR1,1,1
COPA,ZDHHC6,1,1
LIMK1,AMPD2,1,1
LIMK1,ANKS1A,1,1
LIMK1,ASB9,1,1
LIMK1,ATXN3,1,1
LIMK1,B3GNT2,1,1
LIMK1,C5ORF15,1,1
LIMK1,CEP85L,1,1
LIMK1,CLTC,1,1
LIMK1,CNKSR3,1,1
LIMK1,COL19A1,1,1
LIMK1,COX18,1,1
LIMK1,DGKI,1,1
LIMK1,ECE2,1,1
LIMK1,EN2,1,1
LIMK1,ITGB3,1,1
LIMK1,KDM1B,1,1
LIMK1,LIN28B,1,1
LIMK1,MAP2K3,1,1
LIMK1,MEGF10,1,1
LIMK1,PFKFB4,1,1
LIMK1,PLAT,1,1
LIMK1,PLPP3,1,1
LIMK1,RHOC,1,1
LIMK1,SEMA3D,1,1
LIMK1,SH2B3,1,1
LIMK1,SLC7A2,1,1
LIMK1,TMEM131,1,1
LIMK1,TMEM87B,1,1
LIMK1,UBE3C,1,1
LIMK1,UXS1,1,1
SNTB1,AARS2,1,1
SNTB1,ACAD9,1,1
SNTB1,ADAM15,1,1
SNTB1,ADAMTS9,1,1
SNTB1,ADCY1,1,1
SNTB1,AL354822.1,1,1
SNTB1,ANKRD19P,1,1
SNTB1,ANKRD54,1,1
SNTB1,ASB9,1,1
SNTB1,ATP5B,1,1
SNTB1,BX004987.1,1,1
SNTB1,C3ORF67,1,1
SNTB1,CCSAP,1,1
SNTB1,CENPL,1,1
SNTB1,CHST6,1,1
SNTB1,CMB9-22P13.1,1,1
SNTB1,CMTM8,1,1
SNTB1,CNIH3,1,1
SNTB1,COLGALT1,1,1
SNTB1,COPB2,1,1
SNTB1,CPD,1,1
SNTB1,CST1,1,1
SNTB1,DARS2,1,1
SNTB1,EIF3I,1,1
SNTB1,ENOX1,1,1
SNTB1,EPDR1,1,1
SNTB1,ERLEC1,1,1
SNTB1,ETV4,1,1
SNTB1,EXOC1,1,1
SNTB1,FABP7,1,1
SNTB1,FCGR2A,1,1
SNTB1,FGF13,1,1
SNTB1,FUCA2,1,1
SNTB1,FYB,1,1
SNTB1,GAD1,1,1
SNTB1,GATA4,1,1
SNTB1,GCAT,1,1
SNTB1,GHR,1,1
SNTB1,GPC6,1,1
SNTB1,HEY2,1,1
SNTB1,HMCES,1,1
SNTB1,HMCN1,1,1
SNTB1,HOXA13,1,1
SNTB1,ICAM1,1,1
SNTB1,IPO8,1,1
SNTB1,ITGA9,1,1
SNTB1,ITGB5,1,1
SNTB1,KDSR,1,1
SNTB1,KIAA1191,1,1
SNTB1,LIG3,1,1
SNTB1,MAGEC1,1,1
SNTB1,MBD4,1,1
SNTB1,MCTS1,1,1
SNTB1,MLLT10,1,1
SNTB1,MYD88,1,1
SNTB1,MYH14,1,1
SNTB1,NAPG,1,1
SNTB1,NOA1,1,1
SNTB1,NOMO3,1,1
SNTB1,NUDT4,1,1
SNTB1,PAQR7,1,1
SNTB1,PCOLCE2,1,1
SNTB1,PDGFRL,1,1
SNTB1,PGM1,1,1
SNTB1,PGM3,1,1
SNTB1,PGRMC1,1,1
SNTB1,PI15,1,1
SNTB1,PIEZO2,1,1
SNTB1,PMP2,1,1
SNTB1,PNMA2,1,1
SNTB1,POLD2,1,1
SNTB1,PPIA,1,1
SNTB1,PPP1R13B,1,1
SNTB1,PYCR2,1,1
SNTB1,RABL6,1,1
SNTB1,RCN2,1,1
SNTB1,RNF216,1,1
SNTB1,RPTOR,1,1
SNTB1,RUFY1,1,1
SNTB1,SCG2,1,1
SNTB1,SECISBP2,1,1
SNTB1,SLC22A5,1,1
SNTB1,SLC26A2,1,1
SNTB1,SLC35G1,1,1
SNTB1,SLC44A1,1,1
SNTB1,SPARC,1,1
SNTB1,TBRG4,1,1
SNTB1,TRPM3,1,1
SNTB1,TVP23B,1,1
SNTB1,WDR37,1,1
SNTB1,ZDHHC3,1,1
SNTB1,ZDHHC6,1,1
SNTB1,ZNF280A,1,1
PCDHA13,AC004980.7,1,1
PCDHA13,ADGRB1,1,1
PCDHA13,AFAP1L2,1,1
PCDHA13,AGMO,1,1
PCDHA13,AKAP6,1,1
PCDHA13,ALG13,1,1
PCDHA13,ANGPTL1,1,1
PCDHA13,ARHGAP5,1,1
PCDHA13,ARHGAP6,1,1
PCDHA13,ATP9A,1,1
PCDHA13,C1QTNF3,1,1
PCDHA13,C1QTNF3-AMACR,1,1
PCDHA13,CELSR1,1,1
PCDHA13,COLGALT2,1,1
PCDHA13,CSGALNACT1,1,1
PCDHA13,CT45A3,1,1
PCDHA13,CT45A8,1,1
PCDHA13,CT45A9,1,1
PCDHA13,DLX2,1,1
PCDHA13,DMRT2,1,1
PCDHA13,DMRTA1,1,1
PCDHA13,EGFLAM,1,1
PCDHA13,ENAH,1,1
PCDHA13,EPHB3,1,1
PCDHA13,F2RL1,1,1
PCDHA13,FAM212B,1,1
PCDHA13,FAM86B1,1,1
PCDHA13,FOXF1,1,1
PCDHA13,GALNT5,1,1
PCDHA13,GLI2,1,1
PCDHA13,GLUD2,1,1
PCDHA13,GRIK4,1,1
PCDHA13,IGFBP3,1,1
PCDHA13,IL13RA2,1,1
PCDHA13,IL27RA,1,1
PCDHA13,IL6ST,1,1
PCDHA13,ITPRIPL2,1,1
PCDHA13,JARID2,1,1
PCDHA13,JKAMP,1,1
PCDHA13,KCNC3,1,1
PCDHA13,KDM5C,1,1
PCDHA13,KIAA0040,1,1
PCDHA13,LAMA4,1,1
PCDHA13,LIFR,1,1
PCDHA13,LIMS3,1,1
PCDHA13,LONRF2,1,1
PCDHA13,LOXL3,1,1
PCDHA13,MICALL2,1,1
PCDHA13,MMP16,1,1
PCDHA13,MRPS6,1,1
PCDHA13,NR0B1,1,1
PCDHA13,OLFML3,1,1
PCDHA13,P3H2,1,1
PCDHA13,PAPSS2,1,1
PCDHA13,PCDHA10,1,1
PCDHA13,PCDHA11,1,1
PCDHA13,PCDHA7,1,1
PCDHA13,PCDHB15,1,1
PCDHA13,PCDHB16,1,1
PCDHA13,PCDHB17P,1,1
PCDHA13,PCDHB2,1,1
PCDHA13,PCDHGA3,1,1
PCDHA13,PCDHGA7,1,1
PCDHA13,PCDHGB1,1,1
PCDHA13,POM121C,1,1
PCDHA13,PRR4,1,1
PCDHA13,PRRX1,1,1
PCDHA13,RAB36,1,1
PCDHA13,RAB7B,1,1
PCDHA13,RBMS1,1,1
PCDHA13,RGS5,1,1
PCDHA13,RNF128,1,1
PCDHA13,SCARA5,1,1
PCDHA13,SCRG1,1,1
PCDHA13,SERPINE2,1,1
PCDHA13,SLC35E4,1,1
PCDHA13,SLC5A3,1,1
PCDHA13,SNED1,1,1
PCDHA13,SOX8,1,1
PCDHA13,SPRY4,1,1
PCDHA13,ST8SIA5,1,1
PCDHA13,STK32B,1,1
PCDHA13,SYTL5,1,1
PCDHA13,TBXAS1,1,1
PCDHA13,TCN1,1,1
PCDHA13,TDRD1,1,1
PCDHA13,TENM1,1,1
PCDHA13,TGFA,1,1
PCDHA13,TIMP1,1,1
PCDHA13,TNFAIP6,1,1
PCDHA13,TRIM51CP,1,1
PCDHA13,TRIM9,1,1
PCDHA13,XIAP,1,1
PCDHA13,XYLT1,1,1
PCDHA13,ZBTB45P2,1,1
CXORF57,ALG13,1,1
CXORF57,ANXA11,1,1
CXORF57,COL11A2,1,1
CXORF57,COL9A3,1,1
CXORF57,CSGALNACT1,1,1
CXORF57,CUTA,1,1
CXORF57,EPB41L2,1,1
CXORF57,FAM46C,1,1
CXORF57,FBF1,1,1
CXORF57,FUNDC1,1,1
CXORF57,GLUD2,1,1
CXORF57,GPR37,1,1
CXORF57,GRIK2,1,1
CXORF57,ID4,1,1
CXORF57,IFI16,1,1
CXORF57,INTS10,1,1
CXORF57,ITGA10,1,1
CXORF57,ITIH5,1,1
CXORF57,JSRP1,1,1
CXORF57,KIFAP3,1,1
CXORF57,LAMA4,1,1
CXORF57,LAMC3,1,1
CXORF57,LDLRAP1,1,1
CXORF57,LGR4,1,1
CXORF57,MAFB,1,1
CXORF57,MAP2,1,1
CXORF57,MAP7D3,1,1
CXORF57,MMP15,1,1
CXORF57,NFIA,1,1
CXORF57,NPHP1,1,1
CXORF57,NR1D1,1,1
CXORF57,P3H1,1,1
CXORF57,PMS2CL,1,1
CXORF57,RNASET2,1,1
CXORF57,SCARF2,1,1
CXORF57,SCRG1,1,1
CXORF57,SDC2,1,1
CXORF57,SLC2A3,1,1
CXORF57,STAT3,1,1
CXORF57,TBC1D22B,1,1
CXORF57,TM2D3,1,1
CXORF57,TNS2,1,1
CXORF57,TOR3A,1,1
CXORF57,TRAFD1,1,1
CXORF57,ZNF595,1,1
DYNLT3,ABCA8,1,1
DYNLT3,ABCC1,1,1
DYNLT3,ADGRB1,1,1
DYNLT3,AFAP1L2,1,1
DYNLT3,AGMO,1,1
DYNLT3,ANKRD45,1,1
DYNLT3,AP3D1,1,1
DYNLT3,ARHGAP6,1,1
DYNLT3,ART3,1,1
DYNLT3,ASB4,1,1
DYNLT3,ATP1B1,1,1
DYNLT3,B3GNT7,1,1
DYNLT3,B4GALNT3,1,1
DYNLT3,C17ORF96,1,1
DYNLT3,C1QTNF3,1,1
DYNLT3,C1QTNF3-AMACR,1,1
DYNLT3,CC2D1A,1,1
DYNLT3,CDH12,1,1
DYNLT3,CDK14,1,1
DYNLT3,CEP70,1,1
DYNLT3,CHURC1-FNTB,1,1
DYNLT3,COL9A2,1,1
DYNLT3,COL9A3,1,1
DYNLT3,COLGALT2,1,1
DYNLT3,COPB2,1,1
DYNLT3,CT45A1,1,1
DYNLT3,CT45A10,1,1
DYNLT3,CT45A3,1,1
DYNLT3,CT45A5,1,1
DYNLT3,CT45A6,1,1
DYNLT3,CT45A8,1,1
DYNLT3,CT45A9,1,1
DYNLT3,DMRTA1,1,1
DYNLT3,DOK1,1,1
DYNLT3,EGFLAM,1,1
DYNLT3,EIF1AX,1,1
DYNLT3,EIF4H,1,1
DYNLT3,ENAH,1,1
DYNLT3,EPHA3,1,1
DYNLT3,EPRS,1,1
DYNLT3,ERCC6,1,1
DYNLT3,ERLIN2,1,1
DYNLT3,EYA2,1,1
DYNLT3,F12,1,1
DYNLT3,FAM133A,1,1
DYNLT3,FAM212B,1,1
DYNLT3,FAM46C,1,1
DYNLT3,FAM86B1,1,1
DYNLT3,FOLH1,1,1
DYNLT3,FOXD2,1,1
DYNLT3,FOXF1,1,1
DYNLT3,FREM2,1,1
DYNLT3,FUT8,1,1
DYNLT3,GALNT5,1,1
DYNLT3,GPC3,1,1
DYNLT3,GPC4,1,1
DYNLT3,GRIK4,1,1
DYNLT3,IGFBP2,1,1
DYNLT3,IL13RA2,1,1
DYNLT3,IL1RAP,1,1
DYNLT3,IL27RA,1,1
DYNLT3,ITGA4,1,1
DYNLT3,ITIH5,1,1
DYNLT3,ITIH6,1,1
DYNLT3,KCNC3,1,1
DYNLT3,KIAA1328,1,1
DYNLT3,L3HYPDH,1,1
DYNLT3,LAMA2,1,1
DYNLT3,LIFR,1,1
DYNLT3,LOXL3,1,1
DYNLT3,LYPLAL1,1,1
DYNLT3,MAGEA4,1,1
DYNLT3,MAMDC2,1,1
DYNLT3,MATK,1,1
DYNLT3,MEOX2,1,1
DYNLT3,MICALL2,1,1
DYNLT3,MIPOL1,1,1
DYNLT3,MMADHC,1,1
DYNLT3,MMP16,1,1
DYNLT3,MRAP2,1,1
DYNLT3,NDRG1,1,1
DYNLT3,NKX2-5,1,1
DYNLT3,NOC2LP1,1,1
DYNLT3,NPAS1,1,1
DYNLT3,NTN1,1,1
DYNLT3,OFD1,1,1
DYNLT3,P3H1,1,1
DYNLT3,P3H2,1,1
DYNLT3,P3H4,1,1
DYNLT3,PAPSS2,1,1
DYNLT3,PATZ1,1,1
DYNLT3,PCDHA1,1,1
DYNLT3,PCDHA10,1,1
DYNLT3,PCDHA11,1,1
DYNLT3,PCDHA7,1,1
DYNLT3,PCDHB11,1,1
DYNLT3,PCDHB15,1,1
DYNLT3,PCDHB16,1,1
DYNLT3,PCDHB17P,1,1
DYNLT3,PCDHB2,1,1
DYNLT3,PCDHB5,1,1
DYNLT3,PCDHB6,1,1
DYNLT3,PCDHB7,1,1
DYNLT3,PDDC1,1,1
DYNLT3,PGM3,1,1
DYNLT3,PITPNC1,1,1
DYNLT3,PLBD1,1,1
DYNLT3,PLEKHS1,1,1
DYNLT3,POLRMT,1,1
DYNLT3,POU3F3,1,1
DYNLT3,PRDX6,1,1
DYNLT3,PSMD10,1,1
DYNLT3,PTGFRN,1,1
DYNLT3,PTK7,1,1
DYNLT3,PTPRD,1,1
DYNLT3,RAB7B,1,1
DYNLT3,RBMS1,1,1
DYNLT3,RELN,1,1
DYNLT3,RNF128,1,1
DYNLT3,RNF152,1,1
DYNLT3,RP11-111K18.1,1,1
DYNLT3,RPN1,1,1
DYNLT3,RPS6KA3,1,1
DYNLT3,RYR2,1,1
DYNLT3,SCAMP5,1,1
DYNLT3,SCARA5,1,1
DYNLT3,SCRG1,1,1
DYNLT3,SEC14L1,1,1
DYNLT3,SERINC3,1,1
DYNLT3,SERPINE2,1,1
DYNLT3,SH3KBP1,1,1
DYNLT3,SLC26A4,1,1
DYNLT3,SLC43A2,1,1
DYNLT3,SPARC,1,1
DYNLT3,SRPRB,1,1
DYNLT3,STK32B,1,1
DYNLT3,SYAP1,1,1
DYNLT3,TBC1D10B,1,1
DYNLT3,TCN1,1,1
DYNLT3,TENM1,1,1
DYNLT3,TESC,1,1
DYNLT3,TGFA,1,1
DYNLT3,TGFB3,1,1
DYNLT3,TIGD1,1,1
DYNLT3,TMEM67,1,1
DYNLT3,TNFAIP6,1,1
DYNLT3,TOR1AIP2,1,1
DYNLT3,TPGS2,1,1
DYNLT3,TPI1,1,1
DYNLT3,TRIM9,1,1
DYNLT3,TRPM8,1,1
DYNLT3,TSPAN13,1,1
DYNLT3,TSR3,1,1
DYNLT3,UBA1,1,1
DYNLT3,UNC80,1,1
DYNLT3,UPF3A,1,1
DYNLT3,WBSCR22,1,1
DYNLT3,WT1,1,1
DYNLT3,WWTR1,1,1
DYNLT3,XIAP,1,1
DYNLT3,ZCCHC7,1,1
DYNLT3,ZNF595,1,1
DYNLT3,BP-21264C1.1,1,1
PTPN1,AP3D1,1,1
PTPN1,ASCC3,1,1
PTPN1,ATG101,1,1
PTPN1,ATP1B1,1,1
PTPN1,C17ORF96,1,1
PTPN1,DLX2,1,1
PTPN1,DMRTA1,1,1
PTPN1,DNAAF5,1,1
PTPN1,DUS3L,1,1
PTPN1,EIF1AX,1,1
PTPN1,ENAH,1,1
PTPN1,EPHA3,1,1
PTPN1,FREM2,1,1
PTPN1,GAPDH,1,1
PTPN1,GOLIM4,1,1
PTPN1,JRK,1,1
PTPN1,KDELC2,1,1
PTPN1,KIAA1328,1,1
PTPN1,LRRC59,1,1
PTPN1,LSG1,1,1
PTPN1,MAGEA2,1,1
PTPN1,MFSD13A,1,1
PTPN1,MMADHC,1,1
PTPN1,MMP16,1,1
PTPN1,NMD3,1,1
PTPN1,NOC2LP1,1,1
PTPN1,NPAS1,1,1
PTPN1,OFD1,1,1
PTPN1,POLRMT,1,1
PTPN1,PRPSAP2,1,1
PTPN1,PTK7,1,1
PTPN1,RBMS1,1,1
PTPN1,RNF128,1,1
PTPN1,RPN1,1,1
PTPN1,SEC14L1,1,1
PTPN1,SEC61A1,1,1
PTPN1,SH3KBP1,1,1
PTPN1,SNAPC2,1,1
PTPN1,SNRPB2,1,1
PTPN1,SPHK1,1,1
PTPN1,SRPRB,1,1
PTPN1,TBC1D10B,1,1
PTPN1,TGFB3,1,1
PTPN1,TOR1AIP2,1,1
PTPN1,TPI1,1,1
PTPN1,TRIM24,1,1
PTPN1,TSPAN13,1,1
PTPN1,UNC80,1,1
PTPN1,WT1,1,1
PTPN1,YKT6,1,1
PTPN1,ZNF654,1,1
TNS2,ABCA8,1,1
TNS2,ACAD11,1,1
TNS2,ADGRB1,1,1
TNS2,ADGRL1,1,1
TNS2,ANKRD45,1,1
TNS2,ARHGAP20,1,1
TNS2,ASB4,1,1
TNS2,ATOH8,1,1
TNS2,ATP9A,1,1
TNS2,AZGP1,1,1
TNS2,B3GALT1,1,1
TNS2,B3GNT7,1,1
TNS2,B4GALNT3,1,1
TNS2,BMP6,1,1
TNS2,BST2,1,1
TNS2,C12ORF60,1,1
TNS2,C1QTNF3-AMACR,1,1
TNS2,C1ORF115,1,1
TNS2,CACNA1H,1,1
TNS2,CADM4,1,1
TNS2,CALCOCO2,1,1
TNS2,CBSL,1,1
TNS2,CC2D1A,1,1
TNS2,CCM2,1,1
TNS2,CHPF,1,1
TNS2,COL11A2,1,1
TNS2,COL9A3,1,1
TNS2,CSMD1,1,1
TNS2,CT45A1,1,1
TNS2,CT45A10,1,1
TNS2,CT45A6,1,1
TNS2,CT45A8,1,1
TNS2,CT45A9,1,1
TNS2,DDX43,1,1
TNS2,DEPDC7,1,1
TNS2,DNAJB6,1,1
TNS2,DNAJC30,1,1
TNS2,DSCR8,1,1
TNS2,DTX2,1,1
TNS2,EMILIN1,1,1
TNS2,EYA2,1,1
TNS2,FBF1,1,1
TNS2,FMOD,1,1
TNS2,FOLH1,1,1
TNS2,FOXP2,1,1
TNS2,FUNDC1,1,1
TNS2,GALNT5,1,1
TNS2,GPC1,1,1
TNS2,GPR37,1,1
TNS2,GRIK2,1,1
TNS2,GRIK4,1,1
TNS2,GUCY1B3,1,1
TNS2,HERC2P3,1,1
TNS2,HS3ST3B1,1,1
TNS2,IFI16,1,1
TNS2,IGFBP2,1,1
TNS2,INSR,1,1
TNS2,ITGA10,1,1
TNS2,ITIH5,1,1
TNS2,ITIH6,1,1
TNS2,ITPRIPL2,1,1
TNS2,KIFAP3,1,1
TNS2,LAMA2,1,1
TNS2,LAMC3,1,1
TNS2,LDLRAP1,1,1
TNS2,LGMN,1,1
TNS2,MAFB,1,1
TNS2,MAP2,1,1
TNS2,MAPRE3,1,1
TNS2,MBTPS1,1,1
TNS2,MDH2,1,1
TNS2,MEOX2,1,1
TNS2,MGP,1,1
TNS2,MORN2,1,1
TNS2,NAP1L5,1,1
TNS2,NDUFA8,1,1
TNS2,NFIA,1,1
TNS2,NPHP1,1,1
TNS2,NR0B1,1,1
TNS2,NR1D1,1,1
TNS2,NTN1,1,1
TNS2,P3H1,1,1
TNS2,PATZ1,1,1
TNS2,PCDHB5,1,1
TNS2,PCDHB6,1,1
TNS2,PCOLCE,1,1
TNS2,PIGS,1,1
TNS2,PITPNC1,1,1
TNS2,PLBD1,1,1
TNS2,PMS2CL,1,1
TNS2,POU3F3,1,1
TNS2,PPIC,1,1
TNS2,PPP2R2B,1,1
TNS2,PPP3CB,1,1
TNS2,PRKCD,1,1
TNS2,RELN,1,1
TNS2,RNASET2,1,1
TNS2,RORA,1,1
TNS2,RP11-111F5.5,1,1
TNS2,RP11-958N24.2,1,1
TNS2,S100A13,1,1
TNS2,SBNO2,1,1
TNS2,SCRG1,1,1
TNS2,SDC2,1,1
TNS2,SERPINA3,1,1
TNS2,SEZ6L2,1,1
TNS2,SLC27A5,1,1
TNS2,SLC2A3,1,1
TNS2,SLC39A4,1,1
TNS2,SMIM20,1,1
TNS2,SMIM3,1,1
TNS2,SOD3,1,1
TNS2,SPATS1,1,1
TNS2,STAT3,1,1
TNS2,TIMM10B,1,1
TNS2,TRAFD1,1,1
TNS2,TRPM8,1,1
TNS2,UROC1,1,1
TNS2,VPS25,1,1
TNS2,WNK4,1,1
TNS2,ZNF536,1,1
TNS2,ZNF595,1,1
PHACTR2,ACP6,1,1
PHACTR2,CD55,1,1
PHACTR2,CDK14,1,1
PHACTR2,FOXD2,1,1
PHACTR2,ITFG2,1,1
PHACTR2,LBX2,1,1
PHACTR2,LGALSL,1,1
PHACTR2,MFSD14A,1,1
PHACTR2,MORF4L2,1,1
PHACTR2,OSMR,1,1
PHACTR2,PHKA1,1,1
PHACTR2,PSMG3,1,1
PHACTR2,SCAMP5,1,1
PHACTR2,SP100,1,1
PHACTR2,ULBP2,1,1
LBX2,ACP6,1,1
LBX2,APP,1,1
LBX2,CD55,1,1
LBX2,EIF3L,1,1
LBX2,KREMEN2,1,1
LBX2,LGALSL,1,1
LBX2,MAPK11,1,1
LBX2,MORF4L2,1,1
LBX2,MPLKIP,1,1
LBX2,PSMG3,1,1
LBX2,ULBP2,1,1
SEC62,B3GNT2,1,1
TM2D3,INTS10,1,1
TM2D3,JPH1,1,1
TM2D3,JSRP1,1,1
TM2D3,LAMC3,1,1
TM2D3,PRPSAP2,1,1
TM2D3,SCARF2,1,1
PAPSS2,ABCA8,1,1
PAPSS2,AC004980.7,1,1
PAPSS2,ADGRB1,1,1
PAPSS2,AFAP1L2,1,1
PAPSS2,AGMO,1,1
PAPSS2,AKAP6,1,1
PAPSS2,ALG13,1,1
PAPSS2,ANGPTL1,1,1
PAPSS2,ANKRD45,1,1
PAPSS2,AP3D1,1,1
PAPSS2,ARCN1,1,1
PAPSS2,ARHGAP20,1,1
PAPSS2,ARHGAP5,1,1
PAPSS2,ARHGAP6,1,1
PAPSS2,ARHGDIB,1,1
PAPSS2,ART3,1,1
PAPSS2,ASB4,1,1
PAPSS2,ATP1B1,1,1
PAPSS2,ATP9A,1,1
PAPSS2,B3GALT1,1,1
PAPSS2,B3GNT7,1,1
PAPSS2,B4GALNT3,1,1
PAPSS2,BMP6,1,1
PAPSS2,BST2,1,1
PAPSS2,C17ORF96,1,1
PAPSS2,C1QTNF3,1,1
PAPSS2,C1QTNF3-AMACR,1,1
PAPSS2,CBSL,1,1
PAPSS2,CC2D1A,1,1
PAPSS2,CDH12,1,1
PAPSS2,CEP70,1,1
PAPSS2,CHURC1-FNTB,1,1
PAPSS2,COL9A2,1,1
PAPSS2,COL9A3,1,1
PAPSS2,COLGALT2,1,1
PAPSS2,CSGALNACT1,1,1
PAPSS2,CSMD1,1,1
PAPSS2,CT45A1,1,1
PAPSS2,CT45A10,1,1
PAPSS2,CT45A3,1,1
PAPSS2,CT45A5,1,1
PAPSS2,CT45A6,1,1
PAPSS2,CT45A8,1,1
PAPSS2,CT45A9,1,1
PAPSS2,DDX43,1,1
PAPSS2,DMRT2,1,1
PAPSS2,DMRTA1,1,1
PAPSS2,DNAJB6,1,1
PAPSS2,DOK1,1,1
PAPSS2,DSCR8,1,1
PAPSS2,EGFLAM,1,1
PAPSS2,EIF1AXP1,1,1
PAPSS2,EIF4H,1,1
PAPSS2,EMILIN1,1,1
PAPSS2,ENAH,1,1
PAPSS2,EPHA3,1,1
PAPSS2,EPHB3,1,1
PAPSS2,ERLIN2,1,1
PAPSS2,EYA2,1,1
PAPSS2,FAM133A,1,1
PAPSS2,FAM212B,1,1
PAPSS2,FAM46C,1,1
PAPSS2,FAM86B1,1,1
PAPSS2,FMOD,1,1
PAPSS2,FOLH1,1,1
PAPSS2,FOXF1,1,1
PAPSS2,FREM2,1,1
PAPSS2,GALNT5,1,1
PAPSS2,GLUD2,1,1
PAPSS2,GPC1,1,1
PAPSS2,GPC3,1,1
PAPSS2,GPC4,1,1
PAPSS2,GRIK4,1,1
PAPSS2,HS3ST3B1,1,1
PAPSS2,IGFBP2,1,1
PAPSS2,IGFBP3,1,1
PAPSS2,IL13RA2,1,1
PAPSS2,IL27RA,1,1
PAPSS2,IL6ST,1,1
PAPSS2,ILK,1,1
PAPSS2,ITGA10,1,1
PAPSS2,ITIH5,1,1
PAPSS2,ITIH6,1,1
PAPSS2,ITPRIPL2,1,1
PAPSS2,JARID2,1,1
PAPSS2,KCNC3,1,1
PAPSS2,KDM5C,1,1
PAPSS2,LAMA2,1,1
PAPSS2,LAMA4,1,1
PAPSS2,LAMC3,1,1
PAPSS2,LIFR,1,1
PAPSS2,LONRF2,1,1
PAPSS2,LOXL3,1,1
PAPSS2,LRP2,1,1
PAPSS2,LRRC75A,1,1
PAPSS2,LYPLAL1,1,1
PAPSS2,MAFB,1,1
PAPSS2,MAGEA4,1,1
PAPSS2,MAMDC2,1,1
PAPSS2,MATK,1,1
PAPSS2,MEOX2,1,1
PAPSS2,MGP,1,1
PAPSS2,MICALL2,1,1
PAPSS2,MMP16,1,1
PAPSS2,MRAP2,1,1
PAPSS2,MRPS6,1,1
PAPSS2,NDRG1,1,1
PAPSS2,NDUFA8,1,1
PAPSS2,NKX2-5,1,1
PAPSS2,NPAS1,1,1
PAPSS2,NR0B1,1,1
PAPSS2,NTN1,1,1
PAPSS2,OFD1,1,1
PAPSS2,OLFML3,1,1
PAPSS2,P3H1,1,1
PAPSS2,P3H2,1,1
PAPSS2,P3H4,1,1
PAPSS2,PATZ1,1,1
PAPSS2,PCDHA1,1,1
PAPSS2,PCDHA10,1,1
PAPSS2,PCDHA11,1,1
PAPSS2,PCDHA7,1,1
PAPSS2,PCDHAC2,1,1
PAPSS2,PCDHB11,1,1
PAPSS2,PCDHB15,1,1
PAPSS2,PCDHB16,1,1
PAPSS2,PCDHB17P,1,1
PAPSS2,PCDHB2,1,1
PAPSS2,PCDHB5,1,1
PAPSS2,PCDHB6,1,1
PAPSS2,PCDHB7,1,1
PAPSS2,PCDHGA3,1,1
PAPSS2,PCDHGA7,1,1
PAPSS2,PCOLCE,1,1
PAPSS2,PDDC1,1,1
PAPSS2,PITPNC1,1,1
PAPSS2,PLBD1,1,1
PAPSS2,PLEKHS1,1,1
PAPSS2,PMS2CL,1,1
PAPSS2,POU3F3,1,1
PAPSS2,PPIC,1,1
PAPSS2,PPP2R2B,1,1
PAPSS2,PRDX6,1,1
PAPSS2,PRR4,1,1
PAPSS2,PRRX1,1,1
PAPSS2,PTGFRN,1,1
PAPSS2,PTPRD,1,1
PAPSS2,RAB7B,1,1
PAPSS2,RAPGEF5,1,1
PAPSS2,RBMS1,1,1
PAPSS2,RCC1L,1,1
PAPSS2,RELN,1,1
PAPSS2,RGS16,1,1
PAPSS2,RNASET2,1,1
PAPSS2,RNF152,1,1
PAPSS2,RP11-111F5.5,1,1
PAPSS2,RP11-111K18.1,1,1
PAPSS2,RPN1,1,1
PAPSS2,RYR2,1,1
PAPSS2,S100A13,1,1
PAPSS2,SBNO2,1,1
PAPSS2,SCARA5,1,1
PAPSS2,SCRG1,1,1
PAPSS2,SDC2,1,1
PAPSS2,SEC14L1,1,1
PAPSS2,SEL1L3,1,1
PAPSS2,SERPINE2,1,1
PAPSS2,SLC1A3,1,1
PAPSS2,SLC26A4,1,1
PAPSS2,SLC35E4,1,1
PAPSS2,SLC39A4,1,1
PAPSS2,SLC43A2,1,1
PAPSS2,SLC5A3,1,1
PAPSS2,SMIM3,1,1
PAPSS2,SNED1,1,1
PAPSS2,SPATS1,1,1
PAPSS2,SPRY4,1,1
PAPSS2,SRPRB,1,1
PAPSS2,ST8SIA5,1,1
PAPSS2,STK26,1,1
PAPSS2,STK32B,1,1
PAPSS2,SULF1,1,1
PAPSS2,SYTL5,1,1
PAPSS2,TBC1D10B,1,1
PAPSS2,TBXAS1,1,1
PAPSS2,TCN1,1,1
PAPSS2,TDRD1,1,1
PAPSS2,TENM1,1,1
PAPSS2,TESC,1,1
PAPSS2,TGFA,1,1
PAPSS2,TGFB3,1,1
PAPSS2,TIGD1,1,1
PAPSS2,TIMP1,1,1
PAPSS2,TNFAIP6,1,1
PAPSS2,TOR1AIP2,1,1
PAPSS2,TOR3A,1,1
PAPSS2,TPD52L1,1,1
PAPSS2,TRIM51CP,1,1
PAPSS2,TRIM9,1,1
PAPSS2,TRPM8,1,1
PAPSS2,TSPAN13,1,1
PAPSS2,TSR3,1,1
PAPSS2,UNC80,1,1
PAPSS2,UPF3A,1,1
PAPSS2,UROC1,1,1
PAPSS2,WBSCR22,1,1
PAPSS2,WNK4,1,1
PAPSS2,WWTR1,1,1
PAPSS2,XIAP,1,1
PAPSS2,XPR1,1,1
PAPSS2,ZBTB45P2,1,1
PAPSS2,ZNF595,1,1
PAPSS2,BP-21264C1.1,1,1
METTL7B,ADORA2B,1,1
METTL7B,ANKH,1,1
METTL7B,C16ORF72,1,1
METTL7B,CHPF2,1,1
METTL7B,DNAJB11,1,1
METTL7B,FGFRL1,1,1
METTL7B,FUT8,1,1
METTL7B,KDM5C,1,1
METTL7B,KIAA1671,1,1
METTL7B,LIMS1,1,1
METTL7B,LRIF1,1,1
METTL7B,MIPOL1,1,1
METTL7B,OCIAD1,1,1
METTL7B,PCDHA7,1,1
METTL7B,PCDHAC2,1,1
METTL7B,PRKAR1B,1,1
METTL7B,RPS6KA3,1,1
METTL7B,SERPINH1,1,1
METTL7B,SLC35G2,1,1
METTL7B,SLC4A8,1,1
METTL7B,SLC9A7,1,1
METTL7B,TMTC3,1,1
METTL7B,YWHAG,1,1
PGM3,ACAD9,1,1
PGM3,ACTN2,1,1
PGM3,ADAM15,1,1
PGM3,ADCY1,1,1
PGM3,ALG13,1,1
PGM3,ANKRD54,1,1
PGM3,AP3D1,1,1
PGM3,ARHGAP25,1,1
PGM3,ATR,1,1
PGM3,CC2D1A,1,1
PGM3,CENPL,1,1
PGM3,CEP70,1,1
PGM3,CHST6,1,1
PGM3,CLEC2B,1,1
PGM3,CNIH3,1,1
PGM3,COL9A3,1,1
PGM3,COLGALT1,1,1
PGM3,COPB2,1,1
PGM3,CPD,1,1
PGM3,CRISPLD1,1,1
PGM3,CSGALNACT1,1,1
PGM3,CXCL16,1,1
PGM3,DMRTA1,1,1
PGM3,DOK1,1,1
PGM3,DPY19L1,1,1
PGM3,EBF1,1,1
PGM3,ENAH,1,1
PGM3,ENOX1,1,1
PGM3,EPDR1,1,1
PGM3,EPHA3,1,1
PGM3,ERLEC1,1,1
PGM3,ERLIN2,1,1
PGM3,FAM133A,1,1
PGM3,FAM188B,1,1
PGM3,FAM198B,1,1
PGM3,FAM46C,1,1
PGM3,FCGR2A,1,1
PGM3,FGF13,1,1
PGM3,FKBP10,1,1
PGM3,FKBP11,1,1
PGM3,FKBP14,1,1
PGM3,FKBP9P1,1,1
PGM3,GHR,1,1
PGM3,GPC3,1,1
PGM3,GPC4,1,1
PGM3,GPC6,1,1
PGM3,GULP1,1,1
PGM3,HMCES,1,1
PGM3,HMCN1,1,1
PGM3,IARS2,1,1
PGM3,ICAM1,1,1
PGM3,ID4,1,1
PGM3,IL1RAP,1,1
PGM3,IL6ST,1,1
PGM3,INTS10,1,1
PGM3,ITGB5,1,1
PGM3,ITIH5,1,1
PGM3,ITPR2,1,1
PGM3,KCNK5,1,1
PGM3,LAMA4,1,1
PGM3,LAMC3,1,1
PGM3,LIG3,1,1
PGM3,LYPLAL1,1,1
PGM3,MATK,1,1
PGM3,ME1,1,1
PGM3,MRAP2,1,1
PGM3,MTUS1,1,1
PGM3,MYD88,1,1
PGM3,NOC2LP1,1,1
PGM3,NOMO3,1,1
PGM3,NPAS1,1,1
PGM3,NSF,1,1
PGM3,OFD1,1,1
PGM3,P3H1,1,1
PGM3,P3H2,1,1
PGM3,PAQR7,1,1
PGM3,PCOLCE2,1,1
PGM3,PDDC1,1,1
PGM3,PDGFRL,1,1
PGM3,PGF,1,1
PGM3,PGM1,1,1
PGM3,PIEZO2,1,1
PGM3,PLEKHS1,1,1
PGM3,POLD2,1,1
PGM3,PPP1R13B,1,1
PGM3,PRDX6,1,1
PGM3,PRPSAP2,1,1
PGM3,PTGFRN,1,1
PGM3,RABL6,1,1
PGM3,RAPGEF5,1,1
PGM3,RCN2,1,1
PGM3,RNF152,1,1
PGM3,RNF216,1,1
PGM3,ROR1,1,1
PGM3,RPN1,1,1
PGM3,SCG2,1,1
PGM3,SDC2,1,1
PGM3,SEC14L1,1,1
PGM3,SERPINE2,1,1
PGM3,SLC19A3,1,1
PGM3,SLC26A2,1,1
PGM3,SLC26A4,1,1
PGM3,SPARC,1,1
PGM3,SPRY4,1,1
PGM3,SRPRB,1,1
PGM3,STK32B,1,1
PGM3,STON2,1,1
PGM3,TBC1D10B,1,1
PGM3,TGFB3,1,1
PGM3,TMEM67,1,1
PGM3,TNFAIP6,1,1
PGM3,TOR1AIP2,1,1
PGM3,TPD52L1,1,1
PGM3,TPGS2,1,1
PGM3,TRIM9,1,1
PGM3,TRPM3,1,1
PGM3,TRPM8,1,1
PGM3,TVP23B,1,1
PGM3,UNC80,1,1
PGM3,WWTR1,1,1
PGM3,XIAP,1,1
PGM3,XPR1,1,1
PGM3,ZNF595,1,1
ARPC5,AMZ2,1,1
ARPC5,FKBP9,1,1
ARPC5,MGAT4A,1,1
ARPC5,NFYA,1,1
ARPC5,PHLDA1,1,1
KIAA0895,ARHGAP20,1,1
KIAA0895,ATOH8,1,1
KIAA0895,AZGP1,1,1
KIAA0895,BAALC,1,1
KIAA0895,BFSP1,1,1
KIAA0895,BMP6,1,1
KIAA0895,C8ORF48,1,1
KIAA0895,CBSL,1,1
KIAA0895,CCDC78,1,1
KIAA0895,CEBPD,1,1
KIAA0895,CGREF1,1,1
KIAA0895,COQ6,1,1
KIAA0895,CSMD1,1,1
KIAA0895,DEPDC7,1,1
KIAA0895,DSCR8,1,1
KIAA0895,EGFL7,1,1
KIAA0895,FAM134B,1,1
KIAA0895,FBF1,1,1
KIAA0895,FDXR,1,1
KIAA0895,FMOD,1,1
KIAA0895,FOLH1,1,1
KIAA0895,GABRG3,1,1
KIAA0895,ITGAX,1,1
KIAA0895,KLF9,1,1
KIAA0895,LRP2,1,1
KIAA0895,MAOB,1,1
KIAA0895,MAPRE3,1,1
KIAA0895,MDH2,1,1
KIAA0895,MGP,1,1
KIAA0895,OLFM2,1,1
KIAA0895,OPHN1,1,1
KIAA0895,PEX5L,1,1
KIAA0895,PITPNC1,1,1
KIAA0895,PNPLA4,1,1
KIAA0895,PPP2R2B,1,1
KIAA0895,PRKCD,1,1
KIAA0895,PYROXD2,1,1
KIAA0895,RNASE1,1,1
KIAA0895,SDK2,1,1
KIAA0895,SEMA3E,1,1
KIAA0895,SERPINA3,1,1
KIAA0895,SEZ6L2,1,1
KIAA0895,SKIV2L,1,1
KIAA0895,SLC40A1,1,1
KIAA0895,SLC5A4,1,1
KIAA0895,SOCS2,1,1
KIAA0895,SOD3,1,1
KIAA0895,SRGAP2B,1,1
KIAA0895,STAT3,1,1
KIAA0895,TACO1,1,1
KIAA0895,TARS2,1,1
KIAA0895,TNFRSF21,1,1
KIAA0895,TRPM8,1,1
KIAA0895,UROC1,1,1
KIAA0895,WBSCR27,1,1
GNA11,ADGRA3,1,1
GNA11,LARP1,1,1
GNA11,PYCR2,1,1
GNA11,YTHDC1,1,1
FSCN1,ADORA2B,1,1
FSCN1,ANKH,1,1
FSCN1,ARHGDIB,1,1
FSCN1,BATF3,1,1
FSCN1,C10ORF76,1,1
FSCN1,CNDP2,1,1
FSCN1,COL9A2,1,1
FSCN1,CPNE3,1,1
FSCN1,CRIP2,1,1
FSCN1,DUSP23,1,1
FSCN1,EBF3,1,1
FSCN1,FGFRL1,1,1
FSCN1,FOXF1,1,1
FSCN1,GLI2,1,1
FSCN1,ITGA5,1,1
FSCN1,KDM5C,1,1
FSCN1,KIAA1671,1,1
FSCN1,LANCL3,1,1
FSCN1,MAGEA4,1,1
FSCN1,MICALL2,1,1
FSCN1,MRPS6,1,1
FSCN1,NFIX,1,1
FSCN1,NGRN,1,1
FSCN1,OCIAD1,1,1
FSCN1,OSBPL10,1,1
FSCN1,P3H4,1,1
FSCN1,PCDHA1,1,1
FSCN1,PCDHA7,1,1
FSCN1,PCDHAC2,1,1
FSCN1,PCDHB11,1,1
FSCN1,PCDHB16,1,1
FSCN1,PCDHB7,1,1
FSCN1,PCOLCE,1,1
FSCN1,PKD1P5,1,1
FSCN1,PLCXD1,1,1
FSCN1,PNPO,1,1
FSCN1,POU3F3,1,1
FSCN1,PRKAR1B,1,1
FSCN1,PTPA,1,1
FSCN1,PTPRD,1,1
FSCN1,RANBP17,1,1
FSCN1,RGS16,1,1
FSCN1,RP5-862P8.2,1,1
FSCN1,SERPINH1,1,1
FSCN1,SH3RF3,1,1
FSCN1,SLC25A16,1,1
FSCN1,SLC35E4,1,1
FSCN1,SLC43A2,1,1
FSCN1,SLC9A7,1,1
FSCN1,SMTN,1,1
FSCN1,SRPX2,1,1
FSCN1,STK26,1,1
FSCN1,SYAP1,1,1
FSCN1,TGFB1,1,1
FSCN1,TYW1B,1,1
FSCN1,UBA1,1,1
FSCN1,VCAN,1,1
FSCN1,YBX3,1,1
FSCN1,ZNF700,1,1
FSCN1,BP-21264C1.1,1,1
ASIC1,COQ6,1,1
ASIC1,EIF3L,1,1
ASIC1,KREMEN2,1,1
ASIC1,TNFRSF21,1,1
YKT6,ABCF2,1,1
YKT6,AGO2,1,1
YKT6,C17ORF89,1,1
YKT6,C17ORF96,1,1
YKT6,CDKL1,1,1
YKT6,COTL1,1,1
YKT6,DARS,1,1
YKT6,EIF1AX,1,1
YKT6,FRMD6,1,1
YKT6,GOLIM4,1,1
YKT6,ITPR3,1,1
YKT6,JRK,1,1
YKT6,KIAA1328,1,1
YKT6,KLF16,1,1
YKT6,L3HYPDH,1,1
YKT6,LIMS1,1,1
YKT6,LSG1,1,1
YKT6,MAGEA2,1,1
YKT6,MIPOL1,1,1
YKT6,MMADHC,1,1
YKT6,MMP16,1,1
YKT6,NMD3,1,1
YKT6,RND3,1,1
YKT6,SNRPB2,1,1
YKT6,TPI1,1,1
YKT6,WT1,1,1
YKT6,YWHAG,1,1
YKT6,ZFX,1,1
YKT6,ZNF335,1,1
RTKN,FBXO9,1,1
RTKN,S1PR2,1,1
RTKN,WDR63,1,1
CHPT1,ADAMTS9,1,1
CHPT1,AMPD2,1,1
CHPT1,ATAT1,1,1
CHPT1,ATP1B3,1,1
CHPT1,ATXN3,1,1
CHPT1,C17ORF58,1,1
CHPT1,CCSAP,1,1
CHPT1,CEP85L,1,1
CHPT1,CHL1,1,1
CHPT1,CLCC1,1,1
CHPT1,CLTC,1,1
CHPT1,CMBL,1,1
CHPT1,COMMD3,1,1
CHPT1,DARS2,1,1
CHPT1,DOCK10,1,1
CHPT1,ETV4,1,1
CHPT1,GALNT2,1,1
CHPT1,GATA4,1,1
CHPT1,HERC4,1,1
CHPT1,ITGB3,1,1
CHPT1,KRBA1,1,1
CHPT1,MEGF10,1,1
CHPT1,METTL14,1,1
CHPT1,MYH14,1,1
CHPT1,NOMO1,1,1
CHPT1,PAN3,1,1
CHPT1,PGRMC1,1,1
CHPT1,PMP2,1,1
CHPT1,PPIA,1,1
CHPT1,RAD17,1,1
CHPT1,RBAK,1,1
CHPT1,RPTOR,1,1
CHPT1,RUBCN,1,1
CHPT1,SH3GLB2,1,1
CHPT1,SLC22A5,1,1
CHPT1,SLC7A2,1,1
CHPT1,SMAD4,1,1
CHPT1,SSFA2,1,1
CHPT1,STX2,1,1
CHPT1,SUN2,1,1
CHPT1,TBRG4,1,1
CHPT1,THOC2,1,1
CHPT1,TIMMDC1,1,1
CHPT1,TIPRL,1,1
CHPT1,TMEM5,1,1
CHPT1,UXS1,1,1
CHPT1,VAC14,1,1
CHPT1,ZFP28,1,1
CHPT1,ZRANB1,1,1
DCUN1D3,KLF9,1,1
DCUN1D3,MED9,1,1
DCUN1D3,PHLDA1,1,1
DCUN1D3,REEP6,1,1
DYNLRB1,C17ORF89,1,1
DYNLRB1,CDKL1,1,1
DYNLRB1,CPNE3,1,1
DYNLRB1,LDHB,1,1
DYNLRB1,RNF144B,1,1
DYNLRB1,WDR11,1,1
DYNLRB1,ZNF107,1,1
SHROOM4,CLCC1,1,1
SHROOM4,CLEC2B,1,1
SHROOM4,DHX40,1,1
SHROOM4,DOCK4,1,1
SHROOM4,DPY19L1,1,1
SHROOM4,ETV1,1,1
SHROOM4,ITGB3,1,1
SHROOM4,MAML2,1,1
SHROOM4,MAN1A2,1,1
SHROOM4,MRPL57,1,1
SHROOM4,NSF,1,1
SHROOM4,NT5DC2,1,1
SHROOM4,P4HA1,1,1
SHROOM4,PPFIA3,1,1
SHROOM4,RHOC,1,1
SHROOM4,RPL17,1,1
SHROOM4,SH3BP5,1,1
SHROOM4,SLC1A1,1,1
SHROOM4,SOX5,1,1
SHROOM4,SPHK2,1,1
SHROOM4,SSFA2,1,1
SHROOM4,STAG2,1,1
SHROOM4,SWAP70,1,1
SHROOM4,TMEM14C,1,1
SHROOM4,TMEM87A,1,1
CPD,ACAD9,1,1
CPD,ACTN2,1,1
CPD,ADAM15,1,1
CPD,ADAMTS9,1,1
CPD,ADCY1,1,1
CPD,ANKRD54,1,1
CPD,APOO,1,1
CPD,ARHGAP25,1,1
CPD,ATP1B3,1,1
CPD,CCSAP,1,1
CPD,CENPL,1,1
CPD,CEP70,1,1
CPD,CHRNA6,1,1
CPD,CHST6,1,1
CPD,CLCC1,1,1
CPD,CLEC2B,1,1
CPD,CMB9-22P13.1,1,1
CPD,CMTM8,1,1
CPD,CNIH3,1,1
CPD,COL19A1,1,1
CPD,COLGALT1,1,1
CPD,COPB2,1,1
CPD,CRISPLD1,1,1
CPD,CSGALNACT1,1,1
CPD,CUTA,1,1
CPD,CXCL16,1,1
CPD,DNAJB12,1,1
CPD,DOCK4,1,1
CPD,DPY19L1,1,1
CPD,EBF1,1,1
CPD,ENOX1,1,1
CPD,EPDR1,1,1
CPD,EPHA3,1,1
CPD,ERLEC1,1,1
CPD,ETV1,1,1
CPD,FAM188B,1,1
CPD,FAM198B,1,1
CPD,FAM46C,1,1
CPD,FCGR2A,1,1
CPD,FGF13,1,1
CPD,FKBP11,1,1
CPD,FKBP14,1,1
CPD,FKBP9P1,1,1
CPD,GAD1,1,1
CPD,GALNT2,1,1
CPD,GHR,1,1
CPD,GLCCI1,1,1
CPD,GPC3,1,1
CPD,GPC4,1,1
CPD,GPC6,1,1
CPD,GPD2,1,1
CPD,HMCES,1,1
CPD,HMCN1,1,1
CPD,IARS2,1,1
CPD,ICAM1,1,1
CPD,ID4,1,1
CPD,IL1RAP,1,1
CPD,IL6ST,1,1
CPD,INTS10,1,1
CPD,ITGB5,1,1
CPD,ITPR2,1,1
CPD,KCNK5,1,1
CPD,KIAA1191,1,1
CPD,KRBA1,1,1
CPD,LIG3,1,1
CPD,LIN28B,1,1
CPD,MAN1A2,1,1
CPD,MBD4,1,1
CPD,MBTPS2,1,1
CPD,ME1,1,1
CPD,METTL14,1,1
CPD,MMP15,1,1
CPD,MRAP2,1,1
CPD,MRPL57,1,1
CPD,MTUS1,1,1
CPD,MYD88,1,1
CPD,MYH14,1,1
CPD,N4BP2L2,1,1
CPD,NAPG,1,1
CPD,NDUFAF2,1,1
CPD,NOMO1,1,1
CPD,NOMO3,1,1
CPD,NPAS1,1,1
CPD,NSF,1,1
CPD,NT5DC2,1,1
CPD,P3H1,1,1
CPD,P3H2,1,1
CPD,P4HA1,1,1
CPD,PAQR7,1,1
CPD,PCOLCE2,1,1
CPD,PDDC1,1,1
CPD,PDGFRL,1,1
CPD,PGF,1,1
CPD,PGM1,1,1
CPD,PGRMC1,1,1
CPD,PI15,1,1
CPD,PIEZO2,1,1
CPD,PLPP3,1,1
CPD,PNMA2,1,1
CPD,PPFIA3,1,1
CPD,PPIA,1,1
CPD,PPP2R2D,1,1
CPD,PRDX6,1,1
CPD,PSMD9,1,1
CPD,PTGFRN,1,1
CPD,RAD17,1,1
CPD,RCN2,1,1
CPD,RNF152,1,1
CPD,RNF216,1,1
CPD,ROR1,1,1
CPD,RPL17,1,1
CPD,SCG2,1,1
CPD,SDSL,1,1
CPD,SHROOM1,1,1
CPD,SLC19A3,1,1
CPD,SLC1A1,1,1
CPD,SLC26A2,1,1
CPD,SLC26A4,1,1
CPD,SMAP2,1,1
CPD,SOX5,1,1
CPD,SPHK2,1,1
CPD,SPRY4,1,1
CPD,STON2,1,1
CPD,TBCC,1,1
CPD,TMEM5,1,1
CPD,TMEM62,1,1
CPD,TMEM67,1,1
CPD,TOR3A,1,1
CPD,TPD52L1,1,1
CPD,TPGS2,1,1
CPD,TRIM47,1,1
CPD,TRPM3,1,1
CPD,TVP23B,1,1
CPD,UNC80,1,1
CPD,WWTR1,1,1
CPD,XPR1,1,1
CPD,ZBTB33,1,1
RELN,ABCA8,1,1
RELN,AC004980.7,1,1
RELN,ADAP1,1,1
RELN,ADGRB1,1,1
RELN,AFAP1L2,1,1
RELN,AGMO,1,1
RELN,AKAP6,1,1
RELN,ALG13,1,1
RELN,ANKRD45,1,1
RELN,ARHGAP20,1,1
RELN,ARHGAP5,1,1
RELN,ARHGAP6,1,1
RELN,ARHGDIB,1,1
RELN,ART3,1,1
RELN,ASB4,1,1
RELN,ATP11C,1,1
RELN,ATP1B1,1,1
RELN,ATP9A,1,1
RELN,B3GALT1,1,1
RELN,B3GNT7,1,1
RELN,B4GALNT3,1,1
RELN,BMP6,1,1
RELN,BST2,1,1
RELN,C1QTNF3,1,1
RELN,C1QTNF3-AMACR,1,1
RELN,C1ORF115,1,1
RELN,CACNA1H,1,1
RELN,CADM4,1,1
RELN,CBSL,1,1
RELN,CC2D1A,1,1
RELN,CDH12,1,1
RELN,CEP70,1,1
RELN,CHPF,1,1
RELN,CHRDL1,1,1
RELN,CHURC1-FNTB,1,1
RELN,COL9A2,1,1
RELN,COL9A3,1,1
RELN,COLGALT2,1,1
RELN,CSGALNACT1,1,1
RELN,CSMD1,1,1
RELN,CT45A1,1,1
RELN,CT45A10,1,1
RELN,CT45A3,1,1
RELN,CT45A5,1,1
RELN,CT45A6,1,1
RELN,CT45A8,1,1
RELN,CT45A9,1,1
RELN,CYB561,1,1
RELN,DDX43,1,1
RELN,DMRT2,1,1
RELN,DMRTA1,1,1
RELN,DNAJB6,1,1
RELN,DNAJC30,1,1
RELN,DOK1,1,1
RELN,DSCR8,1,1
RELN,EGFLAM,1,1
RELN,EIF4H,1,1
RELN,EMILIN1,1,1
RELN,ENAH,1,1
RELN,ENG,1,1
RELN,EPHA3,1,1
RELN,EPHB3,1,1
RELN,ERLIN2,1,1
RELN,EYA2,1,1
RELN,FAM133A,1,1
RELN,FAM212B,1,1
RELN,FAM46C,1,1
RELN,FAM86B1,1,1
RELN,FMOD,1,1
RELN,FOLH1,1,1
RELN,FOXF1,1,1
RELN,FREM2,1,1
RELN,GABRG3,1,1
RELN,GALNT5,1,1
RELN,GLUD2,1,1
RELN,GPC1,1,1
RELN,GPC3,1,1
RELN,GPC4,1,1
RELN,GRIK4,1,1
RELN,GUCY1B3,1,1
RELN,HS3ST3B1,1,1
RELN,IFI16,1,1
RELN,IGFBP2,1,1
RELN,IL13RA2,1,1
RELN,IL27RA,1,1
RELN,ILK,1,1
RELN,ITGA10,1,1
RELN,ITIH5,1,1
RELN,ITIH6,1,1
RELN,ITPRIPL2,1,1
RELN,JARID2,1,1
RELN,KCNC3,1,1
RELN,KCNG4,1,1
RELN,LAMA2,1,1
RELN,LAMA4,1,1
RELN,LAMC3,1,1
RELN,LONRF2,1,1
RELN,LOXL3,1,1
RELN,LRP2,1,1
RELN,LRRC75A,1,1
RELN,LYPLAL1,1,1
RELN,MAFB,1,1
RELN,MAGEA4,1,1
RELN,MAMDC2,1,1
RELN,MATK,1,1
RELN,MDH2,1,1
RELN,MEOX2,1,1
RELN,MGP,1,1
RELN,MICALL2,1,1
RELN,MRPS6,1,1
RELN,NDRG1,1,1
RELN,NDUFA8,1,1
RELN,NKX2-5,1,1
RELN,NPAS1,1,1
RELN,NPHP1,1,1
RELN,NR0B1,1,1
RELN,NTN1,1,1
RELN,OLFML3,1,1
RELN,P3H1,1,1
RELN,P3H2,1,1
RELN,P3H4,1,1
RELN,PATZ1,1,1
RELN,PCDHA1,1,1
RELN,PCDHA10,1,1
RELN,PCDHA11,1,1
RELN,PCDHB11,1,1
RELN,PCDHB15,1,1
RELN,PCDHB16,1,1
RELN,PCDHB17P,1,1
RELN,PCDHB2,1,1
RELN,PCDHB5,1,1
RELN,PCDHB6,1,1
RELN,PCDHB7,1,1
RELN,PCDHGA7,1,1
RELN,PCOLCE,1,1
RELN,PDDC1,1,1
RELN,PITPNC1,1,1
RELN,PLBD1,1,1
RELN,PLEKHS1,1,1
RELN,PMS2CL,1,1
RELN,POU3F3,1,1
RELN,PPIC,1,1
RELN,PPP2R2B,1,1
RELN,PRDX6,1,1
RELN,PRR4,1,1
RELN,PRRX1,1,1
RELN,PTGFRN,1,1
RELN,PTPRD,1,1
RELN,RAB7B,1,1
RELN,RBMS1,1,1
RELN,RCC1L,1,1
RELN,RGS16,1,1
RELN,RNASET2,1,1
RELN,RNF152,1,1
RELN,RP11-111F5.5,1,1
RELN,RP11-111K18.1,1,1
RELN,RYR2,1,1
RELN,S100A13,1,1
RELN,SBNO2,1,1
RELN,SCARA5,1,1
RELN,SCRG1,1,1
RELN,SDC2,1,1
RELN,SEC14L1,1,1
RELN,SEL1L3,1,1
RELN,SERPINA3,1,1
RELN,SERPINE2,1,1
RELN,SLC1A3,1,1
RELN,SLC35E4,1,1
RELN,SLC39A4,1,1
RELN,SMIM3,1,1
RELN,SPATS1,1,1
RELN,STAT3,1,1
RELN,STK26,1,1
RELN,STK32B,1,1
RELN,SULF1,1,1
RELN,SYTL5,1,1
RELN,TBXAS1,1,1
RELN,TCN1,1,1
RELN,TDRD1,1,1
RELN,TENM1,1,1
RELN,TESC,1,1
RELN,TGFA,1,1
RELN,TGFB3,1,1
RELN,TIGD1,1,1
RELN,TIMP1,1,1
RELN,TNFAIP6,1,1
RELN,TRAFD1,1,1
RELN,TRIM9,1,1
RELN,TRPM8,1,1
RELN,TSPAN13,1,1
RELN,TYW1B,1,1
RELN,UPF3A,1,1
RELN,UROC1,1,1
RELN,VPS25,1,1
RELN,WBSCR22,1,1
RELN,WNK4,1,1
RELN,WWTR1,1,1
RELN,XIAP,1,1
RELN,XPR1,1,1
RELN,ZBTB45P2,1,1
RELN,ZNF536,1,1
RELN,ZNF595,1,1
RELN,BP-21264C1.1,1,1
FUT8,ANKH,1,1
FUT8,C17ORF96,1,1
FUT8,C4ORF32,1,1
FUT8,DNAJB11,1,1
FUT8,DPY19L4,1,1
FUT8,F12,1,1
FUT8,FREM2,1,1
FUT8,KIAA1328,1,1
FUT8,LIMS1,1,1
FUT8,MIPOL1,1,1
FUT8,MMP16,1,1
FUT8,OSMR,1,1
FUT8,PCDHA7,1,1
FUT8,PCDHAC2,1,1
FUT8,PELI1,1,1
FUT8,RPS6KA3,1,1
FUT8,SCAMP5,1,1
FUT8,SERINC3,1,1
FUT8,SLC43A2,1,1
FUT8,SLC9A7,1,1
FUT8,SYAP1,1,1
FUT8,TSPAN13,1,1
FUT8,TSR3,1,1
FUT8,UBA1,1,1
UBE2I,ADA,1,1
UBE2I,FOXD2,1,1
UBE2I,MAMDC2,1,1
UBE2I,MAPK11,1,1
UBE2I,MFSD14A,1,1
UBE2I,PSMD10,1,1
ANAPC11,GUK1,1,1
ANAPC11,MGAT4A,1,1
STK26,ABCA8,1,1
STK26,ADAP1,1,1
STK26,ADGRB1,1,1
STK26,AFAP1L2,1,1
STK26,AGMO,1,1
STK26,AKAP6,1,1
STK26,ANKRD45,1,1
STK26,ARHGDIB,1,1
STK26,ASB4,1,1
STK26,ATP1B1,1,1
STK26,B3GNT7,1,1
STK26,B4GALNT3,1,1
STK26,BATF3,1,1
STK26,BMP6,1,1
STK26,BST2,1,1
STK26,C1QTNF3-AMACR,1,1
STK26,CACNA1H,1,1
STK26,CADM4,1,1
STK26,CBSL,1,1
STK26,CCDC113,1,1
STK26,CDH12,1,1
STK26,CGREF1,1,1
STK26,CHRDL1,1,1
STK26,CHURC1-FNTB,1,1
STK26,COL9A2,1,1
STK26,CSMD1,1,1
STK26,CT45A1,1,1
STK26,CT45A10,1,1
STK26,CT45A3,1,1
STK26,CT45A6,1,1
STK26,CT45A8,1,1
STK26,CT45A9,1,1
STK26,CTBP2,1,1
STK26,DDX43,1,1
STK26,DNAJB6,1,1
STK26,DNAJC30,1,1
STK26,DSCR8,1,1
STK26,DUSP23,1,1
STK26,EIF4H,1,1
STK26,EMILIN1,1,1
STK26,EYA2,1,1
STK26,FAM86B1,1,1
STK26,FMOD,1,1
STK26,FOLH1,1,1
STK26,GABRG3,1,1
STK26,GALNT5,1,1
STK26,GRIK4,1,1
STK26,GUCY1B3,1,1
STK26,IGFBP2,1,1
STK26,ITIH5,1,1
STK26,ITIH6,1,1
STK26,KDM5C,1,1
STK26,LAMA2,1,1
STK26,LOXL3,1,1
STK26,MAGEA4,1,1
STK26,MAMDC2,1,1
STK26,MDH2,1,1
STK26,MDM2,1,1
STK26,MEOX2,1,1
STK26,MGP,1,1
STK26,MIDN,1,1
STK26,MRPS6,1,1
STK26,NDUFA8,1,1
STK26,NGRN,1,1
STK26,NKX2-5,1,1
STK26,NTN1,1,1
STK26,P3H4,1,1
STK26,PATZ1,1,1
STK26,PCDHA1,1,1
STK26,PCDHA10,1,1
STK26,PCDHAC2,1,1
STK26,PCDHB11,1,1
STK26,PCDHB15,1,1
STK26,PCDHB16,1,1
STK26,PCDHB17P,1,1
STK26,PCDHB5,1,1
STK26,PCDHB6,1,1
STK26,PCDHB7,1,1
STK26,PCOLCE,1,1
STK26,PITPNC1,1,1
STK26,PLBD1,1,1
STK26,PLCXD1,1,1
STK26,POU3F3,1,1
STK26,PPP2R2B,1,1
STK26,PTPA,1,1
STK26,PTPRD,1,1
STK26,RANBP17,1,1
STK26,RGS16,1,1
STK26,RP11-111K18.1,1,1
STK26,RP5-862P8.2,1,1
STK26,RYR2,1,1
STK26,SCARA5,1,1
STK26,SEL1L3,1,1
STK26,SEMA3E,1,1
STK26,SERPINA3,1,1
STK26,SLC35E4,1,1
STK26,SMIM3,1,1
STK26,SMTN,1,1
STK26,SNX1,1,1
STK26,SOCS2,1,1
STK26,SOD3,1,1
STK26,SRPX2,1,1
STK26,SULF1,1,1
STK26,TENM1,1,1
STK26,TESC,1,1
STK26,TSR3,1,1
STK26,TYW1B,1,1
STK26,UROC1,1,1
STK26,WBSCR22,1,1
STK26,WBSCR27,1,1
STK26,WNK4,1,1
STK26,BP-21264C1.1,1,1
ZCCHC7,EPRS,1,1
ZCCHC7,FREM2,1,1
ZCCHC7,POLRMT,1,1
ZCCHC7,SNRPB2,1,1
ZCCHC7,TIGD1,1,1
ZCCHC7,TPI1,1,1
ZCCHC7,TSPAN13,1,1
ZRANB1,AMPD2,1,1
ZRANB1,ANKRD26,1,1
ZRANB1,ASB9,1,1
ZRANB1,DOCK10,1,1
ZRANB1,ETV4,1,1
ZRANB1,FER,1,1
ZRANB1,FUCA2,1,1
ZRANB1,GATA4,1,1
ZRANB1,MAPK14,1,1
ZRANB1,MEGF10,1,1
ZRANB1,METTL14,1,1
ZRANB1,MICU1,1,1
ZRANB1,MLLT10,1,1
ZRANB1,MYH14,1,1
ZRANB1,PAN3,1,1
ZRANB1,PMP2,1,1
ZRANB1,RAD17,1,1
ZRANB1,RUBCN,1,1
ZRANB1,SECISBP2,1,1
ZRANB1,SMAD4,1,1
ZRANB1,STX2,1,1
ZRANB1,SUN2,1,1
ZRANB1,TBRG4,1,1
ZRANB1,TIMMDC1,1,1
ZRANB1,TRAPPC10,1,1
ZRANB1,UPF2,1,1
ZRANB1,VAC14,1,1
ZRANB1,WDR37,1,1
ZRANB1,ZFP28,1,1
PGF,AARS2,1,1
PGF,ACTN2,1,1
PGF,ADAM15,1,1
PGF,ADAMTS9,1,1
PGF,ADCY1,1,1
PGF,ANKRD19P,1,1
PGF,ANKRD54,1,1
PGF,APOO,1,1
PGF,ARHGAP25,1,1
PGF,BCAP31,1,1
PGF,C3ORF67,1,1
PGF,CC2D1A,1,1
PGF,CEP70,1,1
PGF,CHPF,1,1
PGF,CISD3,1,1
PGF,CMB9-22P13.1,1,1
PGF,CNIH3,1,1
PGF,COLGALT1,1,1
PGF,COPB2,1,1
PGF,CRISPLD1,1,1
PGF,CSGALNACT1,1,1
PGF,DGKH,1,1
PGF,DNAJB12,1,1
PGF,DOK1,1,1
PGF,ENOX1,1,1
PGF,EPHA3,1,1
PGF,ETV1,1,1
PGF,FABP7,1,1
PGF,FAM133A,1,1
PGF,FAM188B,1,1
PGF,FAM198B,1,1
PGF,FAM46C,1,1
PGF,FCGR2A,1,1
PGF,FGF13,1,1
PGF,FKBP10,1,1
PGF,FKBP11,1,1
PGF,FKBP14,1,1
PGF,FKBP9P1,1,1
PGF,GAD1,1,1
PGF,GHR,1,1
PGF,GLCCI1,1,1
PGF,GPC3,1,1
PGF,GPC4,1,1
PGF,GPC6,1,1
PGF,HMCES,1,1
PGF,HMCN1,1,1
PGF,IARS2,1,1
PGF,ICAM1,1,1
PGF,ID4,1,1
PGF,IL1RAP,1,1
PGF,INTS10,1,1
PGF,ITGB5,1,1
PGF,ITIH5,1,1
PGF,ITPR2,1,1
PGF,KCNK5,1,1
PGF,LAMA4,1,1
PGF,LAMC3,1,1
PGF,LIG3,1,1
PGF,LYPLAL1,1,1
PGF,MAN1B1,1,1
PGF,MATK,1,1
PGF,ME1,1,1
PGF,METTL14,1,1
PGF,METTL23,1,1
PGF,MMP15,1,1
PGF,MRAP2,1,1
PGF,MYD88,1,1
PGF,MYH14,1,1
PGF,NDUFA9,1,1
PGF,NFKBIE,1,1
PGF,NOMO3,1,1
PGF,NPAS1,1,1
PGF,NR1D1,1,1
PGF,NSF,1,1
PGF,NT5DC2,1,1
PGF,P3H1,1,1
PGF,P3H2,1,1
PGF,PCOLCE2,1,1
PGF,PDDC1,1,1
PGF,PDGFRL,1,1
PGF,PGBD1,1,1
PGF,PGM1,1,1
PGF,PGRMC1,1,1
PGF,PI15,1,1
PGF,PIEZO2,1,1
PGF,PMS2CL,1,1
PGF,PODXL2,1,1
PGF,POLD2,1,1
PGF,PPFIA3,1,1
PGF,PPIA,1,1
PGF,PPP2R2D,1,1
PGF,PRDX4,1,1
PGF,PRDX6,1,1
PGF,PTGFRN,1,1
PGF,PWWP2A,1,1
PGF,RAB23,1,1
PGF,RAD17,1,1
PGF,RCN2,1,1
PGF,RNASET2,1,1
PGF,RNF152,1,1
PGF,RNF216,1,1
PGF,ROR1,1,1
PGF,SDC2,1,1
PGF,SDSL,1,1
PGF,SEZ6L2,1,1
PGF,SHROOM1,1,1
PGF,SLC19A3,1,1
PGF,SLC1A1,1,1
PGF,SLC26A2,1,1
PGF,SLC26A4,1,1
PGF,SLC35G1,1,1
PGF,SLC44A1,1,1
PGF,SMAP2,1,1
PGF,SPARC,1,1
PGF,SPATS1,1,1
PGF,STON2,1,1
PGF,TGFB3,1,1
PGF,TIMP1,1,1
PGF,TMEM62,1,1
PGF,TMEM67,1,1
PGF,TOR3A,1,1
PGF,TPD52L1,1,1
PGF,TPGS2,1,1
PGF,TRPM3,1,1
PGF,TVP23B,1,1
PGF,UNC80,1,1
PGF,VTI1A,1,1
PGF,WWTR1,1,1
PGF,XPR1,1,1
PGF,ZNF595,1,1
PGF,ZNF736,1,1
UBALD2,ADA,1,1
UBALD2,STYXL1,1,1
FAM173A,ANXA11,1,1
FAM173A,BCL7A,1,1
FAM173A,CUTA,1,1
FAM173A,FAM122B,1,1
FAM173A,FIP1L1,1,1
FAM173A,GNS,1,1
FAM173A,LRP4,1,1
FAM173A,LY96,1,1
FAM173A,NAT8L,1,1
FAM173A,SMU1,1,1
RLF,B3GNT2,1,1
RLF,MAN1A2,1,1
RLF,NCK1,1,1
RLF,PFKFB4,1,1
RLF,TMEM87B,1,1
SLC4A8,ADORA2B,1,1
SLC4A8,ANKH,1,1
SLC4A8,C16ORF72,1,1
SLC4A8,C4ORF32,1,1
SLC4A8,CDKL1,1,1
SLC4A8,CPNE3,1,1
SLC4A8,FGFRL1,1,1
SLC4A8,HOXC8,1,1
SLC4A8,HS6ST2,1,1
SLC4A8,KDM6A,1,1
SLC4A8,LANCL3,1,1
SLC4A8,LIMS1,1,1
SLC4A8,NFIC,1,1
SLC4A8,OCIAD1,1,1
SLC4A8,RND3,1,1
SLC4A8,SERPINH1,1,1
SLC4A8,SLC35G2,1,1
SLC4A8,SRPX2,1,1
SLC4A8,TXLNG,1,1
SLC4A8,UBA5,1,1
SLC4A8,VCAN,1,1
SMC6,DGKH,1,1
SMC6,DRG2,1,1
SMC6,PWWP2A,1,1
SMC6,RC3H2,1,1
SMC6,RUBCN,1,1
SMC6,TIMMDC1,1,1
SMC6,TRAPPC10,1,1
SMC6,UPF2,1,1
SMC6,ZFP28,1,1
SMC6,ZNF71,1,1
AZGP1,AMZ2,1,1
AZGP1,ARHGAP20,1,1
AZGP1,ATOH8,1,1
AZGP1,B9D1,1,1
AZGP1,BAALC,1,1
AZGP1,BFSP1,1,1
AZGP1,C12ORF60,1,1
AZGP1,C3ORF67,1,1
AZGP1,C8ORF48,1,1
AZGP1,CCDC78,1,1
AZGP1,CHPF,1,1
AZGP1,CMB9-22P13.1,1,1
AZGP1,COPG1,1,1
AZGP1,CSMD1,1,1
AZGP1,DEPDC7,1,1
AZGP1,ETFB,1,1
AZGP1,FABP7,1,1
AZGP1,FBF1,1,1
AZGP1,FKBP10,1,1
AZGP1,FKBP11,1,1
AZGP1,FKBP9,1,1
AZGP1,FMOD,1,1
AZGP1,GPR37,1,1
AZGP1,GRIK2,1,1
AZGP1,HERC2P3,1,1
AZGP1,IFI16,1,1
AZGP1,IFT122,1,1
AZGP1,IL13RA1,1,1
AZGP1,ITGA10,1,1
AZGP1,ITIH5,1,1
AZGP1,KIFAP3,1,1
AZGP1,KLF9,1,1
AZGP1,LAMC3,1,1
AZGP1,LGMN,1,1
AZGP1,LRP2,1,1
AZGP1,MAOB,1,1
AZGP1,MAP7D3,1,1
AZGP1,MAPRE3,1,1
AZGP1,METTL23,1,1
AZGP1,NR1D1,1,1
AZGP1,OLFM2,1,1
AZGP1,P3H1,1,1
AZGP1,PHLDA1,1,1
AZGP1,PIGS,1,1
AZGP1,PODXL2,1,1
AZGP1,PPIC,1,1
AZGP1,PRKCD,1,1
AZGP1,PYROXD2,1,1
AZGP1,RAB23,1,1
AZGP1,RELL2,1,1
AZGP1,RP11-111F5.5,1,1
AZGP1,SCARF2,1,1
AZGP1,SDC2,1,1
AZGP1,SDK2,1,1
AZGP1,SDSL,1,1
AZGP1,SEZ6L2,1,1
AZGP1,SLC2A3,1,1
AZGP1,SMARCAD1,1,1
AZGP1,SOD3,1,1
AZGP1,SPATS1,1,1
AZGP1,STAG3L3,1,1
AZGP1,STAT3,1,1
AZGP1,TBC1D8,1,1
AZGP1,TPD52L1,1,1
AZGP1,TRPM3,1,1
AZGP1,TRPM8,1,1
AZGP1,TSPAN33,1,1
AZGP1,UROC1,1,1
AZGP1,WNK4,1,1
CTBP2,ABCA8,1,1
CTBP2,ANKRD45,1,1
CTBP2,ARHGDIB,1,1
CTBP2,B3GNT7,1,1
CTBP2,CADM4,1,1
CTBP2,CDH12,1,1
CTBP2,CT45A1,1,1
CTBP2,CT45A6,1,1
CTBP2,DNAJC30,1,1
CTBP2,DUSP23,1,1
CTBP2,EIF4H,1,1
CTBP2,EYA2,1,1
CTBP2,GALNT5,1,1
CTBP2,GRIK4,1,1
CTBP2,GUCY1B3,1,1
CTBP2,IGFBP2,1,1
CTBP2,JPH1,1,1
CTBP2,LAMA2,1,1
CTBP2,MDM2,1,1
CTBP2,MGP,1,1
CTBP2,MRPS6,1,1
CTBP2,PCDHB11,1,1
CTBP2,PCDHB5,1,1
CTBP2,PCDHB6,1,1
CTBP2,PCDHB7,1,1
CTBP2,PCOLCE,1,1
CTBP2,PLBD1,1,1
CTBP2,RYR2,1,1
CTBP2,SCYL1,1,1
CTBP2,SMTN,1,1
CTBP2,SULF1,1,1
CTBP2,ZNF536,1,1
CTBP2,BP-21264C1.1,1,1
POM121C,ABCF2,1,1
POM121C,AC004980.7,1,1
POM121C,ANGPTL1,1,1
POM121C,C1QTNF3,1,1
POM121C,C3ORF58,1,1
POM121C,CCDC61,1,1
POM121C,COLGALT2,1,1
POM121C,DLX2,1,1
POM121C,DMRT2,1,1
POM121C,EIF1AX,1,1
POM121C,F2RL1,1,1
POM121C,FST,1,1
POM121C,GNB4,1,1
POM121C,GRPEL1,1,1
POM121C,GTF2F1,1,1
POM121C,IL27RA,1,1
POM121C,JKAMP,1,1
POM121C,KIAA1328,1,1
POM121C,KLF16,1,1
POM121C,L3HYPDH,1,1
POM121C,LIFR,1,1
POM121C,LIMS1,1,1
POM121C,LONRF2,1,1
POM121C,MGLL,1,1
POM121C,MMP16,1,1
POM121C,OLFML3,1,1
POM121C,PCDHA11,1,1
POM121C,PCDHB2,1,1
POM121C,POM121,1,1
POM121C,PRRX1,1,1
POM121C,RAB36,1,1
POM121C,RAB7B,1,1
POM121C,RBMS1,1,1
POM121C,RNF128,1,1
POM121C,SERTAD4,1,1
POM121C,SLC43A2,1,1
POM121C,SNED1,1,1
POM121C,ST8SIA5,1,1
POM121C,SYTL5,1,1
POM121C,TBXAS1,1,1
POM121C,TDRD1,1,1
POM121C,TGFA,1,1
POM121C,TMEM2,1,1
POM121C,TMTC3,1,1
POM121C,TRIM24,1,1
POM121C,TRIM51CP,1,1
POM121C,USP7,1,1
POM121C,YWHAG,1,1
DGKI,B3GNT2,1,1
DGKI,CEP170B,1,1
DGKI,COX18,1,1
DGKI,DPY19L1,1,1
DGKI,EDEM1,1,1
DGKI,GPD2,1,1
DGKI,HES1,1,1
DGKI,HOXD13,1,1
DGKI,KCNC4,1,1
DGKI,LIN28B,1,1
DGKI,MAGT1,1,1
DGKI,MEGF10,1,1
DGKI,P4HA1,1,1
DGKI,PFKFB4,1,1
DGKI,PLPP3,1,1
DGKI,SWAP70,1,1
DGKI,TMEM45A,1,1
DGKI,TMEM87A,1,1
DGKI,TMEM87B,1,1
DGKI,TNRC18,1,1
DGKI,TRIM51,1,1
DGKI,UBE3C,1,1
AARSD1,SEC31A,1,1
OSBPL10,C15ORF38-AP3S2,1,1
OSBPL10,CNDP2,1,1
OSBPL10,EBF3,1,1
OSBPL10,FLII,1,1
OSBPL10,ITGA5,1,1
OSBPL10,MIDN,1,1
OSBPL10,MRPS6,1,1
OSBPL10,NFIX,1,1
OSBPL10,PLCXD1,1,1
OSBPL10,PTPA,1,1
OSBPL10,RANBP17,1,1
OSBPL10,SH3RF3,1,1
OSBPL10,SNX1,1,1
OSBPL10,ZNF700,1,1
PPP2R2D,ADAM15,1,1
PPP2R2D,ADCY1,1,1
PPP2R2D,ANKRD54,1,1
PPP2R2D,APOO,1,1
PPP2R2D,ATP5SL,1,1
PPP2R2D,BCL7A,1,1
PPP2R2D,C6ORF120,1,1
PPP2R2D,C8ORF58,1,1
PPP2R2D,CISD3,1,1
PPP2R2D,CMB9-22P13.1,1,1
PPP2R2D,CNPY2,1,1
PPP2R2D,COPG1,1,1
PPP2R2D,CRISPLD1,1,1
PPP2R2D,CSGALNACT1,1,1
PPP2R2D,CUTA,1,1
PPP2R2D,DGKH,1,1
PPP2R2D,DNAJB12,1,1
PPP2R2D,EHD4,1,1
PPP2R2D,ETV1,1,1
PPP2R2D,FAM188B,1,1
PPP2R2D,FAM198B,1,1
PPP2R2D,FKBP11,1,1
PPP2R2D,FKBP14,1,1
PPP2R2D,FKBP9,1,1
PPP2R2D,FKBP9P1,1,1
PPP2R2D,GAS7,1,1
PPP2R2D,GDI2,1,1
PPP2R2D,GLCCI1,1,1
PPP2R2D,GRIK2,1,1
PPP2R2D,HMCN1,1,1
PPP2R2D,ID4,1,1
PPP2R2D,INTS10,1,1
PPP2R2D,ITGB5,1,1
PPP2R2D,ITPR2,1,1
PPP2R2D,LYPLAL1,1,1
PPP2R2D,MAML2,1,1
PPP2R2D,MAN1B1,1,1
PPP2R2D,METTL14,1,1
PPP2R2D,METTL23,1,1
PPP2R2D,MMP15,1,1
PPP2R2D,MPZL1,1,1
PPP2R2D,MRPL57,1,1
PPP2R2D,NR1D1,1,1
PPP2R2D,NT5DC2,1,1
PPP2R2D,P3H1,1,1
PPP2R2D,PGBD1,1,1
PPP2R2D,PGRMC1,1,1
PPP2R2D,PMS2CL,1,1
PPP2R2D,PPFIA3,1,1
PPP2R2D,PRDX4,1,1
PPP2R2D,PSMD9,1,1
PPP2R2D,PTGFRN,1,1
PPP2R2D,RAD17,1,1
PPP2R2D,ROR1,1,1
PPP2R2D,SAMD9L,1,1
PPP2R2D,SDC2,1,1
PPP2R2D,SDSL,1,1
PPP2R2D,SHROOM1,1,1
PPP2R2D,SLC19A3,1,1
PPP2R2D,SLC1A1,1,1
PPP2R2D,SLC2A3,1,1
PPP2R2D,SLC43A1,1,1
PPP2R2D,SMAP2,1,1
PPP2R2D,TBC1D22B,1,1
PPP2R2D,TCTN1,1,1
PPP2R2D,TIMP1,1,1
PPP2R2D,TMEM62,1,1
PPP2R2D,TNFRSF19,1,1
PPP2R2D,TOR3A,1,1
PPP2R2D,TPGS2,1,1
PPP2R2D,XPR1,1,1
CUTA,ADCY1,1,1
CUTA,ANKRD54,1,1
CUTA,ANXA11,1,1
CUTA,APOO,1,1
CUTA,ATP1B3,1,1
CUTA,BCL7A,1,1
CUTA,C6ORF120,1,1
CUTA,C8ORF58,1,1
CUTA,CISD3,1,1
CUTA,CLCC1,1,1
CUTA,COMMD3,1,1
CUTA,CRISPLD1,1,1
CUTA,DHRS1,1,1
CUTA,DOCK4,1,1
CUTA,ETV1,1,1
CUTA,FAM122B,1,1
CUTA,FAM175A,1,1
CUTA,FKBP11,1,1
CUTA,FKBP14,1,1
CUTA,FKBP9,1,1
CUTA,FKBP9P1,1,1
CUTA,GALNT2,1,1
CUTA,GAS7,1,1
CUTA,GBP3,1,1
CUTA,GLCCI1,1,1
CUTA,GNS,1,1
CUTA,HMCN1,1,1
CUTA,ID4,1,1
CUTA,INTS10,1,1
CUTA,ITGB5,1,1
CUTA,ITPR2,1,1
CUTA,KRBA1,1,1
CUTA,KYAT3,1,1
CUTA,MAML2,1,1
CUTA,MMP15,1,1
CUTA,MPZL1,1,1
CUTA,MTUS1,1,1
CUTA,NFKBIE,1,1
CUTA,NOMO1,1,1
CUTA,NSF,1,1
CUTA,NT5DC2,1,1
CUTA,PGRMC1,1,1
CUTA,PPFIA3,1,1
CUTA,PPIA,1,1
CUTA,RAD17,1,1
CUTA,ROR1,1,1
CUTA,SHROOM1,1,1
CUTA,SLC19A3,1,1
CUTA,SLC1A1,1,1
CUTA,SMAP2,1,1
CUTA,SOX5,1,1
CUTA,SPHK2,1,1
CUTA,TBC1D22B,1,1
CUTA,TMEM5,1,1
CUTA,TMEM62,1,1
CUTA,TOR3A,1,1
CUTA,XPR1,1,1
CUTA,ZBTB33,1,1
RTN4IP1,ADAMTS9,1,1
RTN4IP1,BIN3,1,1
RTN4IP1,C17ORF58,1,1
RTN4IP1,CCSAP,1,1
RTN4IP1,CHL1,1,1
RTN4IP1,CMBL,1,1
RTN4IP1,CST1,1,1
RTN4IP1,DARS2,1,1
RTN4IP1,DOCK10,1,1
RTN4IP1,EDEM2,1,1
RTN4IP1,EFCAB7,1,1
RTN4IP1,ETV4,1,1
RTN4IP1,EXTL1,1,1
RTN4IP1,FCGR2A,1,1
RTN4IP1,FUCA2,1,1
RTN4IP1,GALNT2,1,1
RTN4IP1,GATA4,1,1
RTN4IP1,GCAT,1,1
RTN4IP1,GNAO1,1,1
RTN4IP1,HOXA13,1,1
RTN4IP1,IFI35,1,1
RTN4IP1,ITGA9,1,1
RTN4IP1,KDELR3,1,1
RTN4IP1,MCTS1,1,1
RTN4IP1,MGAT5B,1,1
RTN4IP1,MTIF2,1,1
RTN4IP1,MYH14,1,1
RTN4IP1,NAPG,1,1
RTN4IP1,NUDT4,1,1
RTN4IP1,PDGFRL,1,1
RTN4IP1,PDZD4,1,1
RTN4IP1,PI15,1,1
RTN4IP1,PMP2,1,1
RTN4IP1,PNMA2,1,1
RTN4IP1,PPIA,1,1
RTN4IP1,PRKAB1,1,1
RTN4IP1,RBAK,1,1
RTN4IP1,RPTOR,1,1
RTN4IP1,SLC22A5,1,1
RTN4IP1,SLC44A1,1,1
RTN4IP1,STX2,1,1
RTN4IP1,TBRG4,1,1
RTN4IP1,TIMMDC1,1,1
RTN4IP1,TIPRL,1,1
RTN4IP1,WDR37,1,1
RTN4IP1,ZDHHC3,1,1
RTN4IP1,ZNF280A,1,1
FRK,ARHGAP25,1,1
FRK,CEP85L,1,1
FRK,CHRNA6,1,1
FRK,COL19A1,1,1
FRK,EPDR1,1,1
FRK,ERLEC1,1,1
FRK,ICAM1,1,1
FRK,ITGB3,1,1
FRK,MAGEC1,1,1
FRK,MAN1A2,1,1
FRK,MBTPS2,1,1
FRK,PLPP3,1,1
FRK,SCG2,1,1
FRK,SEMA3D,1,1
FRK,SPHK2,1,1
FRK,TBCC,1,1
FRK,TMEM5,1,1
ENG,AC004980.7,1,1
ENG,ADGRB1,1,1
ENG,AFAP1L2,1,1
ENG,AGMO,1,1
ENG,ALG13,1,1
ENG,ANGPTL1,1,1
ENG,ARHGAP6,1,1
ENG,ART3,1,1
ENG,ATP11C,1,1
ENG,ATP9A,1,1
ENG,ATXN1,1,1
ENG,C1QTNF3,1,1
ENG,C1QTNF3-AMACR,1,1
ENG,CELSR1,1,1
ENG,COL9A2,1,1
ENG,COLGALT2,1,1
ENG,CSGALNACT1,1,1
ENG,CT45A10,1,1
ENG,CT45A3,1,1
ENG,CT45A5,1,1
ENG,CT45A8,1,1
ENG,CT45A9,1,1
ENG,CYB561,1,1
ENG,DMRT2,1,1
ENG,DOK1,1,1
ENG,DUSP2,1,1
ENG,EGFLAM,1,1
ENG,EPHA3,1,1
ENG,EPHB3,1,1
ENG,FAM212B,1,1
ENG,FAM86B1,1,1
ENG,FOXF1,1,1
ENG,FZD1,1,1
ENG,GLUD2,1,1
ENG,GPC1,1,1
ENG,IL13RA2,1,1
ENG,IL27RA,1,1
ENG,ITPRIPL2,1,1
ENG,JARID2,1,1
ENG,JKAMP,1,1
ENG,KCNC3,1,1
ENG,KDR,1,1
ENG,LAMA4,1,1
ENG,LONRF2,1,1
ENG,LOXL3,1,1
ENG,MATK,1,1
ENG,MEOX2,1,1
ENG,MICALL2,1,1
ENG,NDRG1,1,1
ENG,NKX2-5,1,1
ENG,NPTX2,1,1
ENG,NR0B1,1,1
ENG,OLFML3,1,1
ENG,PCDHA10,1,1
ENG,PCDHA11,1,1
ENG,PCDHB17P,1,1
ENG,PCDHB2,1,1
ENG,PCDHGA7,1,1
ENG,POU3F3,1,1
ENG,PRR4,1,1
ENG,PRRX1,1,1
ENG,PTPRZ1,1,1
ENG,RAB36,1,1
ENG,RAB7B,1,1
ENG,RBMS1,1,1
ENG,RNASET2,1,1
ENG,RNF157,1,1
ENG,RP11-958N24.2,1,1
ENG,S100A13,1,1
ENG,SCARA5,1,1
ENG,SCRG1,1,1
ENG,SERPINE2,1,1
ENG,SERTAD4,1,1
ENG,SLC35E4,1,1
ENG,SNED1,1,1
ENG,SOX8,1,1
ENG,ST8SIA5,1,1
ENG,STK32B,1,1
ENG,SYTL5,1,1
ENG,TBL2,1,1
ENG,TBXAS1,1,1
ENG,TCN1,1,1
ENG,TDRD1,1,1
ENG,TESC,1,1
ENG,TGFA,1,1
ENG,TIMP1,1,1
ENG,TMEM2,1,1
ENG,TNFAIP6,1,1
ENG,TOR3A,1,1
ENG,TRAF4,1,1
ENG,TRIM51CP,1,1
ENG,TRIM9,1,1
ENG,XYLT1,1,1
ENG,ZBTB45P2,1,1
ENG,ZNF721,1,1
ENG,ZNF860,1,1
KAT7,ATP11C,1,1
KAT7,CALCOCO2,1,1
KAT7,CCM2,1,1
KAT7,CSNK1E,1,1
KAT7,EPB41L2,1,1
KAT7,FUNDC1,1,1
KAT7,GPR37,1,1
KAT7,GSDMD,1,1
KAT7,INSR,1,1
KAT7,LDLRAP1,1,1
KAT7,MAP2,1,1
KAT7,NFIA,1,1
KAT7,RCC1L,1,1
KAT7,RORA,1,1
KAT7,RP11-958N24.2,1,1
KAT7,RPL27A,1,1
KAT7,TRAFD1,1,1
KAT7,UTRN,1,1
ZNF252P,HERC4,1,1
ZNF252P,SEMA4G,1,1
ZNF252P,SMAD2,1,1
RIDA,AARS2,1,1
RIDA,ADAM15,1,1
RIDA,ANKRD19P,1,1
RIDA,ARHGAP20,1,1
RIDA,BFSP1,1,1
RIDA,C3ORF67,1,1
RIDA,COQ3,1,1
RIDA,COQ6,1,1
RIDA,ETFB,1,1
RIDA,FABP7,1,1
RIDA,FKBP10,1,1
RIDA,HEY2,1,1
RIDA,KREMEN2,1,1
RIDA,LAMC3,1,1
RIDA,LRP2,1,1
RIDA,MAOB,1,1
RIDA,PITPNC1,1,1
RIDA,PODXL2,1,1
RIDA,POLD2,1,1
RIDA,RAB23,1,1
RIDA,RP11-111F5.5,1,1
RIDA,SDC2,1,1
RIDA,SEZ6L2,1,1
RIDA,SPARC,1,1
RIDA,SPATS1,1,1
RIDA,TARS2,1,1
RIDA,TBC1D8,1,1
RIDA,TNFRSF21,1,1
RIDA,TPD52L1,1,1
RIDA,TRPM8,1,1
ERAL1,C8ORF33,1,1
ERAL1,CNBP,1,1
ERAL1,DDX56,1,1
ERAL1,DUSP14,1,1
ERAL1,EFTUD2,1,1
ERAL1,EIF2B3,1,1
ERAL1,EIF5A,1,1
ERAL1,FAM98A,1,1
ERAL1,JRK,1,1
ERAL1,KDELC2,1,1
ERAL1,LRRC59,1,1
ERAL1,NOC2LP1,1,1
ERAL1,PELP1,1,1
ERAL1,PHB,1,1
ERAL1,UBASH3B,1,1
FST,AFAP1L2,1,1
FST,ANAPC13,1,1
FST,ATP1B1,1,1
FST,C1QTNF3,1,1
FST,COLGALT2,1,1
FST,DTD2,1,1
FST,EBF3,1,1
FST,EIF1AX,1,1
FST,EIF4H,1,1
FST,FAM188A,1,1
FST,FAM86B1,1,1
FST,FGF2,1,1
FST,FGFRL1,1,1
FST,FOXF1,1,1
FST,FREM2,1,1
FST,GLI2,1,1
FST,KDM5C,1,1
FST,L3HYPDH,1,1
FST,LIFR,1,1
FST,MAGEA4,1,1
FST,MIPOL1,1,1
FST,MMP16,1,1
FST,MRPS6,1,1
FST,NRSN2,1,1
FST,OLFML3,1,1
FST,PCDHA10,1,1
FST,PCDHA11,1,1
FST,PCDHA7,1,1
FST,PCDHAC2,1,1
FST,PCDHB16,1,1
FST,PCDHB2,1,1
FST,PRKAR1B,1,1
FST,PRRX1,1,1
FST,RP5-862P8.2,1,1
FST,SLC35E4,1,1
FST,SLC35G2,1,1
FST,SLC43A2,1,1
FST,SMTN,1,1
FST,SNED1,1,1
FST,TBXAS1,1,1
FST,TMEM2,1,1
FST,USP7,1,1
FST,WBSCR22,1,1
FST,WT1,1,1
FST,YWHAG,1,1
KLF9,ATOH8,1,1
KLF9,B9D1,1,1
KLF9,C8ORF48,1,1
KLF9,CEBPD,1,1
KLF9,ETFB,1,1
KLF9,FBF1,1,1
KLF9,FDXR,1,1
KLF9,MED9,1,1
KLF9,MOSPD2,1,1
KLF9,OLFM2,1,1
KLF9,PHLDA1,1,1
KLF9,PPARGC1A,1,1
KLF9,PYROXD2,1,1
KLF9,REEP6,1,1
KLF9,SLC5A4,1,1
KLF9,SRGAP2B,1,1
KLF9,STAG3L3,1,1
KLF9,TBC1D8,1,1
WRNIP1,CHN1,1,1
WRNIP1,CNDP2,1,1
WRNIP1,MIDN,1,1
WRNIP1,SH3RF3,1,1
ANXA11,AGTPBP1,1,1
ANXA11,BCL7A,1,1
ANXA11,CSGALNACT1,1,1
ANXA11,DHRS1,1,1
ANXA11,FAM175A,1,1
ANXA11,GBP3,1,1
ANXA11,ID4,1,1
ANXA11,KYAT3,1,1
ANXA11,MMP15,1,1
ANXA11,MPZL1,1,1
ANXA11,NAT8L,1,1
ANXA11,RP11-22B23.1,1,1
ANXA11,SMAD2,1,1
ANXA11,STIM2,1,1
ANXA11,TBC1D22B,1,1
ANXA11,TMEM54,1,1
ANXA11,TOR3A,1,1
NR1D1,ADAM15,1,1
NR1D1,ADCY1,1,1
NR1D1,ALG13,1,1
NR1D1,ANKRD54,1,1
NR1D1,APOO,1,1
NR1D1,ARHGAP20,1,1
NR1D1,ATOH8,1,1
NR1D1,ATP9A,1,1
NR1D1,BORCS7,1,1
NR1D1,C3ORF67,1,1
NR1D1,CC2D1A,1,1
NR1D1,CHPF,1,1
NR1D1,CISD3,1,1
NR1D1,CMB9-22P13.1,1,1
NR1D1,COL9A3,1,1
NR1D1,COPG1,1,1
NR1D1,CRISPLD1,1,1
NR1D1,CSGALNACT1,1,1
NR1D1,DNAJB12,1,1
NR1D1,DOK1,1,1
NR1D1,EPB41L2,1,1
NR1D1,EPHA3,1,1
NR1D1,ERLIN2,1,1
NR1D1,ETFB,1,1
NR1D1,FABP7,1,1
NR1D1,FAM188B,1,1
NR1D1,FAM198B,1,1
NR1D1,FAM46C,1,1
NR1D1,FBF1,1,1
NR1D1,FKBP10,1,1
NR1D1,FKBP11,1,1
NR1D1,FKBP14,1,1
NR1D1,FKBP9,1,1
NR1D1,FKBP9P1,1,1
NR1D1,GAS7,1,1
NR1D1,GDI2,1,1
NR1D1,GHR,1,1
NR1D1,GLUD2,1,1
NR1D1,GPC1,1,1
NR1D1,GPC3,1,1
NR1D1,GPC4,1,1
NR1D1,GPR37,1,1
NR1D1,GRIK2,1,1
NR1D1,HMCN1,1,1
NR1D1,ID4,1,1
NR1D1,IFI16,1,1
NR1D1,IL13RA1,1,1
NR1D1,INTS10,1,1
NR1D1,ITIH5,1,1
NR1D1,ITPR2,1,1
NR1D1,ITPRIPL2,1,1
NR1D1,KIFAP3,1,1
NR1D1,LAMA4,1,1
NR1D1,LAMC3,1,1
NR1D1,LDLRAP1,1,1
NR1D1,LRP2,1,1
NR1D1,LYPLAL1,1,1
NR1D1,MAFB,1,1
NR1D1,MAP7D3,1,1
NR1D1,MAPRE3,1,1
NR1D1,MATK,1,1
NR1D1,METTL23,1,1
NR1D1,MMP15,1,1
NR1D1,MRAP2,1,1
NR1D1,NFIA,1,1
NR1D1,NPAS1,1,1
NR1D1,NTN1,1,1
NR1D1,P3H1,1,1
NR1D1,P3H2,1,1
NR1D1,PDDC1,1,1
NR1D1,PMS2CL,1,1
NR1D1,PODXL2,1,1
NR1D1,PPFIA3,1,1
NR1D1,PPIC,1,1
NR1D1,PRDX6,1,1
NR1D1,PSMD9,1,1
NR1D1,PTGFRN,1,1
NR1D1,RELL2,1,1
NR1D1,RNASET2,1,1
NR1D1,RNF152,1,1
NR1D1,ROR1,1,1
NR1D1,SDC2,1,1
NR1D1,SDSL,1,1
NR1D1,SEZ6L2,1,1
NR1D1,SLC19A3,1,1
NR1D1,SLC26A4,1,1
NR1D1,SLC2A3,1,1
NR1D1,SMAP2,1,1
NR1D1,SPATS1,1,1
NR1D1,STAT3,1,1
NR1D1,TMEM62,1,1
NR1D1,TOR3A,1,1
NR1D1,TPD52L1,1,1
NR1D1,TPGS2,1,1
NR1D1,TRPM3,1,1
NR1D1,TRPM8,1,1
NR1D1,TXNL1,1,1
NR1D1,WNK4,1,1
NR1D1,WWTR1,1,1
NR1D1,XPR1,1,1
NR1D1,ZNF595,1,1
AMPD2,ADAMTS9,1,1
AMPD2,ASB9,1,1
AMPD2,ATP1B3,1,1
AMPD2,ATXN3,1,1
AMPD2,C5ORF15,1,1
AMPD2,CCSAP,1,1
AMPD2,CEP85L,1,1
AMPD2,CHL1,1,1
AMPD2,CLTC,1,1
AMPD2,CMBL,1,1
AMPD2,CMTM8,1,1
AMPD2,CNKSR3,1,1
AMPD2,COL19A1,1,1
AMPD2,COLGALT1,1,1
AMPD2,DARS2,1,1
AMPD2,DOCK10,1,1
AMPD2,ECE2,1,1
AMPD2,EN2,1,1
AMPD2,EPDR1,1,1
AMPD2,ETV4,1,1
AMPD2,FUCA2,1,1
AMPD2,GALNT2,1,1
AMPD2,GATA4,1,1
AMPD2,H1FX,1,1
AMPD2,ICAM1,1,1
AMPD2,ICE2,1,1
AMPD2,ITGB3,1,1
AMPD2,KDM1B,1,1
AMPD2,KIAA1191,1,1
AMPD2,LIN28B,1,1
AMPD2,MAGEC1,1,1
AMPD2,MCTS1,1,1
AMPD2,MEGF10,1,1
AMPD2,METTL14,1,1
AMPD2,MGAT5B,1,1
AMPD2,MICU1,1,1
AMPD2,MLLT10,1,1
AMPD2,MYH14,1,1
AMPD2,NAPG,1,1
AMPD2,NOA1,1,1
AMPD2,NOMO1,1,1
AMPD2,PAN3,1,1
AMPD2,PDGFRL,1,1
AMPD2,PI15,1,1
AMPD2,PLPP3,1,1
AMPD2,PMP2,1,1
AMPD2,PNMA2,1,1
AMPD2,PPIA,1,1
AMPD2,RAD17,1,1
AMPD2,RBAK,1,1
AMPD2,RHOC,1,1
AMPD2,RPTOR,1,1
AMPD2,RUBCN,1,1
AMPD2,SEMA3D,1,1
AMPD2,SLC22A5,1,1
AMPD2,SLC7A2,1,1
AMPD2,SMAD4,1,1
AMPD2,SOBP,1,1
AMPD2,SSFA2,1,1
AMPD2,STX2,1,1
AMPD2,SUN2,1,1
AMPD2,TBRG4,1,1
AMPD2,THOC2,1,1
AMPD2,TIMMDC1,1,1
AMPD2,TIPRL,1,1
AMPD2,TMEM5,1,1
AMPD2,UXS1,1,1
AMPD2,VAC14,1,1
AMPD2,WDR37,1,1
AMPD2,ZDHHC3,1,1
AMPD2,ZFP28,1,1
MAGEA4,ABCA8,1,1
MAGEA4,AC004980.7,1,1
MAGEA4,ADGRB1,1,1
MAGEA4,AFAP1L2,1,1
MAGEA4,AGMO,1,1
MAGEA4,AKAP6,1,1
MAGEA4,ANKH,1,1
MAGEA4,ANKRD45,1,1
MAGEA4,ARCN1,1,1
MAGEA4,ARHGAP6,1,1
MAGEA4,ARHGDIB,1,1
MAGEA4,ART3,1,1
MAGEA4,ASB4,1,1
MAGEA4,ATP1B1,1,1
MAGEA4,ATP9A,1,1
MAGEA4,B3GNT7,1,1
MAGEA4,B4GALNT3,1,1
MAGEA4,BATF3,1,1
MAGEA4,BMP6,1,1
MAGEA4,BST2,1,1
MAGEA4,C10ORF76,1,1
MAGEA4,C17ORF96,1,1
MAGEA4,C1QTNF3,1,1
MAGEA4,C1QTNF3-AMACR,1,1
MAGEA4,CBSL,1,1
MAGEA4,CC2D1A,1,1
MAGEA4,CCDC113,1,1
MAGEA4,CDH12,1,1
MAGEA4,CEP70,1,1
MAGEA4,CHURC1-FNTB,1,1
MAGEA4,COL9A2,1,1
MAGEA4,COL9A3,1,1
MAGEA4,COLGALT2,1,1
MAGEA4,CT45A1,1,1
MAGEA4,CT45A10,1,1
MAGEA4,CT45A3,1,1
MAGEA4,CT45A5,1,1
MAGEA4,CT45A6,1,1
MAGEA4,CT45A8,1,1
MAGEA4,CT45A9,1,1
MAGEA4,DMRT2,1,1
MAGEA4,DMRTA1,1,1
MAGEA4,DNAJB6,1,1
MAGEA4,DNAJC30,1,1
MAGEA4,DOK1,1,1
MAGEA4,DSCR8,1,1
MAGEA4,DUSP23,1,1
MAGEA4,EBF3,1,1
MAGEA4,EGFLAM,1,1
MAGEA4,EIF4H,1,1
MAGEA4,EMILIN1,1,1
MAGEA4,ENAH,1,1
MAGEA4,EPHA3,1,1
MAGEA4,EPHB3,1,1
MAGEA4,EYA2,1,1
MAGEA4,F12,1,1
MAGEA4,FAM133A,1,1
MAGEA4,FAM212B,1,1
MAGEA4,FAM46C,1,1
MAGEA4,FAM86B1,1,1
MAGEA4,FGFRL1,1,1
MAGEA4,FMOD,1,1
MAGEA4,FOLH1,1,1
MAGEA4,FOXF1,1,1
MAGEA4,FREM2,1,1
MAGEA4,GALNT5,1,1
MAGEA4,GLI2,1,1
MAGEA4,GPC1,1,1
MAGEA4,GRIK4,1,1
MAGEA4,IGFBP2,1,1
MAGEA4,IL13RA2,1,1
MAGEA4,IL27RA,1,1
MAGEA4,ITIH5,1,1
MAGEA4,ITIH6,1,1
MAGEA4,ITPRIPL2,1,1
MAGEA4,JARID2,1,1
MAGEA4,KCNC3,1,1
MAGEA4,KDM5C,1,1
MAGEA4,KIAA1328,1,1
MAGEA4,KIAA1671,1,1
MAGEA4,LAMA2,1,1
MAGEA4,LIFR,1,1
MAGEA4,LONRF2,1,1
MAGEA4,LOXL3,1,1
MAGEA4,MAFB,1,1
MAGEA4,MAMDC2,1,1
MAGEA4,MATK,1,1
MAGEA4,MEOX2,1,1
MAGEA4,MGP,1,1
MAGEA4,MICALL2,1,1
MAGEA4,MIPOL1,1,1
MAGEA4,MMP16,1,1
MAGEA4,MRPS6,1,1
MAGEA4,NDRG1,1,1
MAGEA4,NDUFA8,1,1
MAGEA4,NGRN,1,1
MAGEA4,NKX2-5,1,1
MAGEA4,NR0B1,1,1
MAGEA4,NTN1,1,1
MAGEA4,OLFML3,1,1
MAGEA4,P3H2,1,1
MAGEA4,P3H4,1,1
MAGEA4,PATZ1,1,1
MAGEA4,PCDHA1,1,1
MAGEA4,PCDHA10,1,1
MAGEA4,PCDHA11,1,1
MAGEA4,PCDHA7,1,1
MAGEA4,PCDHAC2,1,1
MAGEA4,PCDHB11,1,1
MAGEA4,PCDHB15,1,1
MAGEA4,PCDHB16,1,1
MAGEA4,PCDHB17P,1,1
MAGEA4,PCDHB2,1,1
MAGEA4,PCDHB5,1,1
MAGEA4,PCDHB6,1,1
MAGEA4,PCDHB7,1,1
MAGEA4,PCDHGA7,1,1
MAGEA4,PCOLCE,1,1
MAGEA4,PITPNC1,1,1
MAGEA4,PKD1P5,1,1
MAGEA4,PLBD1,1,1
MAGEA4,PLEKHS1,1,1
MAGEA4,PNPO,1,1
MAGEA4,POLRMT,1,1
MAGEA4,POU3F3,1,1
MAGEA4,PRKAR1B,1,1
MAGEA4,PRR4,1,1
MAGEA4,PRRX1,1,1
MAGEA4,PTPA,1,1
MAGEA4,PTPRD,1,1
MAGEA4,RAB7B,1,1
MAGEA4,RANBP17,1,1
MAGEA4,RBMS1,1,1
MAGEA4,RGS16,1,1
MAGEA4,RP11-111K18.1,1,1
MAGEA4,RP5-862P8.2,1,1
MAGEA4,RPS6KA3,1,1
MAGEA4,RYR2,1,1
MAGEA4,SCARA5,1,1
MAGEA4,SCRG1,1,1
MAGEA4,SEC14L1,1,1
MAGEA4,SEL1L3,1,1
MAGEA4,SERINC3,1,1
MAGEA4,SERPINE2,1,1
MAGEA4,SLC1A3,1,1
MAGEA4,SLC25A16,1,1
MAGEA4,SLC35E4,1,1
MAGEA4,SLC43A2,1,1
MAGEA4,SLC9A7,1,1
MAGEA4,SRPX2,1,1
MAGEA4,STK32B,1,1
MAGEA4,SULF1,1,1
MAGEA4,SYAP1,1,1
MAGEA4,SYTL5,1,1
MAGEA4,TBC1D10B,1,1
MAGEA4,TBXAS1,1,1
MAGEA4,TCN1,1,1
MAGEA4,TDRD1,1,1
MAGEA4,TENM1,1,1
MAGEA4,TESC,1,1
MAGEA4,TGFA,1,1
MAGEA4,TGFB3,1,1
MAGEA4,TIGD1,1,1
MAGEA4,TRIM9,1,1
MAGEA4,TSPAN13,1,1
MAGEA4,TSR3,1,1
MAGEA4,TYW1B,1,1
MAGEA4,UBA1,1,1
MAGEA4,UPF3A,1,1
MAGEA4,WBSCR22,1,1
MAGEA4,WNK4,1,1
MAGEA4,WT1,1,1
MAGEA4,WWTR1,1,1
MAGEA4,ZBTB45P2,1,1
MAGEA4,ZNF595,1,1
MAGEA4,BP-21264C1.1,1,1
VAC14,ADAMTS9,1,1
VAC14,ASB9,1,1
VAC14,ATAT1,1,1
VAC14,ATP1B3,1,1
VAC14,ATXN3,1,1
VAC14,CCSAP,1,1
VAC14,CEP85L,1,1
VAC14,CHL1,1,1
VAC14,CLTC,1,1
VAC14,CMBL,1,1
VAC14,CRAMP1,1,1
VAC14,CXXC1,1,1
VAC14,DARS2,1,1
VAC14,DOCK10,1,1
VAC14,EDEM2,1,1
VAC14,EN2,1,1
VAC14,ETV4,1,1
VAC14,FUCA2,1,1
VAC14,GALNT2,1,1
VAC14,GATA4,1,1
VAC14,ICAM1,1,1
VAC14,ITGB3,1,1
VAC14,MBTPS2,1,1
VAC14,MCTS1,1,1
VAC14,MEGF10,1,1
VAC14,MLLT10,1,1
VAC14,MYH14,1,1
VAC14,NOMO1,1,1
VAC14,PDGFRL,1,1
VAC14,PMP2,1,1
VAC14,PPIA,1,1
VAC14,RBAK,1,1
VAC14,RPTOR,1,1
VAC14,RUBCN,1,1
VAC14,SECISBP2,1,1
VAC14,SH3GLB2,1,1
VAC14,SLC44A1,1,1
VAC14,SLC4A7,1,1
VAC14,SOBP,1,1
VAC14,SUN2,1,1
VAC14,TBCC,1,1
VAC14,TBRG4,1,1
VAC14,TIMMDC1,1,1
VAC14,TIPRL,1,1
VAC14,TMEM5,1,1
VAC14,TRAPPC10,1,1
VAC14,UXS1,1,1
VAC14,WDR37,1,1
VAC14,ZDHHC3,1,1
VAC14,ZFP28,1,1
BRPF3,ACP6,1,1
BRPF3,C18ORF8,1,1
OSBPL8,GNB4,1,1
LIFR,AC004980.7,1,1
LIFR,ADGRB1,1,1
LIFR,AFAP1L2,1,1
LIFR,AGMO,1,1
LIFR,AKAP6,1,1
LIFR,ANGPTL1,1,1
LIFR,ARHGAP5,1,1
LIFR,ARHGAP6,1,1
LIFR,ATP1B1,1,1
LIFR,C17ORF96,1,1
LIFR,C1QTNF3,1,1
LIFR,C1QTNF3-AMACR,1,1
LIFR,CEP70,1,1
LIFR,COL9A2,1,1
LIFR,COLGALT2,1,1
LIFR,CT45A3,1,1
LIFR,CT45A8,1,1
LIFR,CT45A9,1,1
LIFR,DLX2,1,1
LIFR,DMRT2,1,1
LIFR,DMRTA1,1,1
LIFR,EGFLAM,1,1
LIFR,EIF1AX,1,1
LIFR,EIF1AXP1,1,1
LIFR,EIF4H,1,1
LIFR,ENAH,1,1
LIFR,EPHB3,1,1
LIFR,F2RL1,1,1
LIFR,FAM212B,1,1
LIFR,FAM86B1,1,1
LIFR,FGFRL1,1,1
LIFR,FOXF1,1,1
LIFR,FREM2,1,1
LIFR,GALNT5,1,1
LIFR,GLI2,1,1
LIFR,GRIK4,1,1
LIFR,IGFBP3,1,1
LIFR,IL13RA2,1,1
LIFR,IL27RA,1,1
LIFR,IL6ST,1,1
LIFR,ITPRIPL2,1,1
LIFR,JARID2,1,1
LIFR,JKAMP,1,1
LIFR,KCNC3,1,1
LIFR,KDM5C,1,1
LIFR,KIAA0040,1,1
LIFR,KIAA1328,1,1
LIFR,KIAA1671,1,1
LIFR,L3HYPDH,1,1
LIFR,LAMA4,1,1
LIFR,LIMS1,1,1
LIFR,LIMS3,1,1
LIFR,LONRF2,1,1
LIFR,LOXL3,1,1
LIFR,MGLL,1,1
LIFR,MICALL2,1,1
LIFR,MIPOL1,1,1
LIFR,MMP16,1,1
LIFR,MRPS6,1,1
LIFR,NKX2-5,1,1
LIFR,OLFML3,1,1
LIFR,P3H2,1,1
LIFR,PCDHA1,1,1
LIFR,PCDHA10,1,1
LIFR,PCDHA11,1,1
LIFR,PCDHA7,1,1
LIFR,PCDHAC2,1,1
LIFR,PCDHB15,1,1
LIFR,PCDHB16,1,1
LIFR,PCDHB17P,1,1
LIFR,PCDHB2,1,1
LIFR,PCDHB7,1,1
LIFR,PCDHGA3,1,1
LIFR,PCDHGA7,1,1
LIFR,PCDHGB1,1,1
LIFR,PLEKHS1,1,1
LIFR,PRR4,1,1
LIFR,PRRX1,1,1
LIFR,RAB36,1,1
LIFR,RAB7B,1,1
LIFR,RBMS1,1,1
LIFR,RGS5,1,1
LIFR,RNF128,1,1
LIFR,RPN1,1,1
LIFR,RPS6KA3,1,1
LIFR,RYR2,1,1
LIFR,SCARA5,1,1
LIFR,SCRG1,1,1
LIFR,SERPINE2,1,1
LIFR,SLC35E4,1,1
LIFR,SLC35G2,1,1
LIFR,SLC43A2,1,1
LIFR,SLC5A3,1,1
LIFR,SNED1,1,1
LIFR,SPRY4,1,1
LIFR,ST8SIA5,1,1
LIFR,STK32B,1,1
LIFR,SYTL5,1,1
LIFR,TBXAS1,1,1
LIFR,TCN1,1,1
LIFR,TDRD1,1,1
LIFR,TENM1,1,1
LIFR,TGFA,1,1
LIFR,TMEM2,1,1
LIFR,TMTC3,1,1
LIFR,TNFAIP6,1,1
LIFR,TRIM51CP,1,1
LIFR,TRIM9,1,1
LIFR,XIAP,1,1
LIFR,ZBTB45P2,1,1
TBC1D8B,PPFIA3,1,1
TBC1D8B,PSMD9,1,1
TBC1D8B,SDSL,1,1
TBC1D8B,TCAF1,1,1
TBC1D8B,TXNL1,1,1
NFIX,ADORA2B,1,1
NFIX,BATF3,1,1
NFIX,CNDP2,1,1
NFIX,ITGA5,1,1
NFIX,PLCXD1,1,1
NFIX,PNPO,1,1
NFIX,PTPA,1,1
NFIX,RGS16,1,1
NFIX,RP5-862P8.2,1,1
NFIX,SERPINH1,1,1
NFIX,SH3RF3,1,1
NFIX,SLC25A16,1,1
NFIX,TGFB1,1,1
NFIX,TYW1B,1,1
NFIX,YBX3,1,1
NFIX,ZNF700,1,1
GNL3L,ATP13A3,1,1
GNL3L,DDX3X,1,1
GNL3L,MPST,1,1
GNL3L,RAB21,1,1
C3ORF67,AARS2,1,1
C3ORF67,ADAM15,1,1
C3ORF67,ADCY1,1,1
C3ORF67,ANKRD19P,1,1
C3ORF67,ANKRD54,1,1
C3ORF67,APOO,1,1
C3ORF67,ARHGAP20,1,1
C3ORF67,ATOH8,1,1
C3ORF67,B4GALT4,1,1
C3ORF67,B9D1,1,1
C3ORF67,BFSP1,1,1
C3ORF67,C8ORF48,1,1
C3ORF67,CHPF,1,1
C3ORF67,CHST6,1,1
C3ORF67,CMB9-22P13.1,1,1
C3ORF67,COLGALT1,1,1
C3ORF67,COPB2,1,1
C3ORF67,COPG1,1,1
C3ORF67,CRISPLD1,1,1
C3ORF67,CST1,1,1
C3ORF67,DNAJB12,1,1
C3ORF67,ENOX1,1,1
C3ORF67,ETFB,1,1
C3ORF67,FABP7,1,1
C3ORF67,FBF1,1,1
C3ORF67,FCGR2A,1,1
C3ORF67,FKBP10,1,1
C3ORF67,FKBP11,1,1
C3ORF67,FKBP9P1,1,1
C3ORF67,FYB,1,1
C3ORF67,GAD1,1,1
C3ORF67,GHR,1,1
C3ORF67,GPC4,1,1
C3ORF67,HEY2,1,1
C3ORF67,HMCES,1,1
C3ORF67,HMCN1,1,1
C3ORF67,HOXA13,1,1
C3ORF67,ID4,1,1
C3ORF67,IFI16,1,1
C3ORF67,INTS10,1,1
C3ORF67,ITGA9,1,1
C3ORF67,ITGB5,1,1
C3ORF67,ITIH5,1,1
C3ORF67,LAMC3,1,1
C3ORF67,LIG3,1,1
C3ORF67,LRP2,1,1
C3ORF67,MAOB,1,1
C3ORF67,MBD4,1,1
C3ORF67,METTL23,1,1
C3ORF67,MYD88,1,1
C3ORF67,OAZ1,1,1
C3ORF67,P3H1,1,1
C3ORF67,PCCB,1,1
C3ORF67,PDGFRL,1,1
C3ORF67,PGRMC1,1,1
C3ORF67,PI15,1,1
C3ORF67,PIEZO2,1,1
C3ORF67,PODXL2,1,1
C3ORF67,POLD2,1,1
C3ORF67,PPP1R13B,1,1
C3ORF67,PRDX4,1,1
C3ORF67,PRDX6,1,1
C3ORF67,PTGFRN,1,1
C3ORF67,RAB23,1,1
C3ORF67,RNF216,1,1
C3ORF67,SDC2,1,1
C3ORF67,SDSL,1,1
C3ORF67,SEZ6L2,1,1
C3ORF67,SLC19A3,1,1
C3ORF67,SLC26A2,1,1
C3ORF67,SLC35G1,1,1
C3ORF67,SLC44A1,1,1
C3ORF67,SMAP2,1,1
C3ORF67,SPARC,1,1
C3ORF67,SPATS1,1,1
C3ORF67,TBC1D8,1,1
C3ORF67,TPD52L1,1,1
C3ORF67,TRPM3,1,1
C3ORF67,TRPM8,1,1
C3ORF67,ZNF280A,1,1
GMDS,ADAMTS9,1,1
GMDS,AFG3L1P,1,1
GMDS,CMTM8,1,1
GMDS,CRAMP1,1,1
GMDS,CXXC1,1,1
GMDS,EDEM2,1,1
GMDS,EIF3I,1,1
GMDS,GAD1,1,1
GMDS,GATA4,1,1
GMDS,GCAT,1,1
GMDS,MCTS1,1,1
GMDS,MYD88,1,1
GMDS,PGM1,1,1
GMDS,PI15,1,1
GMDS,PRKAB1,1,1
GMDS,SLC22A5,1,1
GMDS,SLC26A2,1,1
GMDS,SLC44A1,1,1
GMDS,TBRG4,1,1
GMDS,WDR37,1,1
GMDS,ZDHHC3,1,1
GOLM1,FIP1L1,1,1
GOLM1,KYAT3,1,1
GOLM1,NAT8L,1,1
GOLM1,TNFRSF19,1,1
WDR37,ADAMTS9,1,1
WDR37,ADGRA3,1,1
WDR37,ANKRD26,1,1
WDR37,ASB9,1,1
WDR37,BX004987.1,1,1
WDR37,C5ORF15,1,1
WDR37,CALM1,1,1
WDR37,CCSAP,1,1
WDR37,CHL1,1,1
WDR37,CMTM8,1,1
WDR37,CNKSR3,1,1
WDR37,COL19A1,1,1
WDR37,COLGALT1,1,1
WDR37,DARS2,1,1
WDR37,DOCK10,1,1
WDR37,ECE2,1,1
WDR37,EN2,1,1
WDR37,ETV4,1,1
WDR37,FCGR2A,1,1
WDR37,FUCA2,1,1
WDR37,GALNT2,1,1
WDR37,GATA4,1,1
WDR37,GCAT,1,1
WDR37,GPC6,1,1
WDR37,ICAM1,1,1
WDR37,KDSR,1,1
WDR37,KIAA1191,1,1
WDR37,MAPK14,1,1
WDR37,MCTS1,1,1
WDR37,MEGF10,1,1
WDR37,METTL14,1,1
WDR37,MICU1,1,1
WDR37,MLLT10,1,1
WDR37,MYD88,1,1
WDR37,MYH14,1,1
WDR37,NOA1,1,1
WDR37,PAN3,1,1
WDR37,PAQR7,1,1
WDR37,PDGFRL,1,1
WDR37,PI15,1,1
WDR37,PMP2,1,1
WDR37,PNMA2,1,1
WDR37,PWWP2A,1,1
WDR37,RBAK,1,1
WDR37,RCN2,1,1
WDR37,RPTOR,1,1
WDR37,RUBCN,1,1
WDR37,SECISBP2,1,1
WDR37,SEMA3D,1,1
WDR37,SLC22A5,1,1
WDR37,SLC26A2,1,1
WDR37,SLC44A1,1,1
WDR37,SMAD4,1,1
WDR37,SOBP,1,1
WDR37,STX2,1,1
WDR37,SUN2,1,1
WDR37,TBRG4,1,1
WDR37,TIMMDC1,1,1
WDR37,TIPRL,1,1
WDR37,TRAPPC10,1,1
WDR37,UPF2,1,1
WDR37,UXS1,1,1
WDR37,ZDHHC3,1,1
WDR37,ZFP28,1,1
WDR37,ZNF280A,1,1
SMTN,ANAPC13,1,1
SMTN,ARHGDIB,1,1
SMTN,BST2,1,1
SMTN,C15ORF38-AP3S2,1,1
SMTN,CCDC113,1,1
SMTN,EIF4H,1,1
SMTN,EMILIN1,1,1
SMTN,LAMA2,1,1
SMTN,MRPS6,1,1
SMTN,NRSN2,1,1
SMTN,P3H4,1,1
SMTN,PCDHB11,1,1
SMTN,PCDHB7,1,1
SMTN,PCOLCE,1,1
SMTN,PTPRD,1,1
SMTN,RANBP17,1,1
SMTN,SBNO2,1,1
SMTN,SLC1A3,1,1
SMTN,SMIM3,1,1
SMTN,WBSCR22,1,1
SMTN,ZNF700,1,1
SMTN,BP-21264C1.1,1,1
POLD2,AARS2,1,1
POLD2,ACAD9,1,1
POLD2,ADAM15,1,1
POLD2,ANKRD19P,1,1
POLD2,ANKRD54,1,1
POLD2,ATP5B,1,1
POLD2,BX004987.1,1,1
POLD2,CHST6,1,1
POLD2,CMTM8,1,1
POLD2,CNIH3,1,1
POLD2,COLGALT1,1,1
POLD2,COPB2,1,1
POLD2,COQ3,1,1
POLD2,EIF3I,1,1
POLD2,ENOX1,1,1
POLD2,EXOC1,1,1
POLD2,FABP7,1,1
POLD2,FGF13,1,1
POLD2,FKBP10,1,1
POLD2,FYB,1,1
POLD2,GAD1,1,1
POLD2,GAPDH,1,1
POLD2,GHR,1,1
POLD2,GPC4,1,1
POLD2,GPC6,1,1
POLD2,HEY2,1,1
POLD2,HMCES,1,1
POLD2,HOXA13,1,1
POLD2,IPO8,1,1
POLD2,KDSR,1,1
POLD2,KREMEN2,1,1
POLD2,LAMC3,1,1
POLD2,LAPTM4B,1,1
POLD2,LGALSL,1,1
POLD2,LIG3,1,1
POLD2,LRP2,1,1
POLD2,MAOB,1,1
POLD2,MBD4,1,1
POLD2,ME1,1,1
POLD2,MLLT10,1,1
POLD2,MRPS24,1,1
POLD2,MYD88,1,1
POLD2,NDUFA9,1,1
POLD2,NOC2LP1,1,1
POLD2,NOMO3,1,1
POLD2,OAZ1,1,1
POLD2,OFD1,1,1
POLD2,PAQR7,1,1
POLD2,PCCB,1,1
POLD2,PCOLCE2,1,1
POLD2,PDGFRL,1,1
POLD2,PGM1,1,1
POLD2,PI15,1,1
POLD2,PIEZO2,1,1
POLD2,PODXL2,1,1
POLD2,PPP1R13B,1,1
POLD2,PRDX6,1,1
POLD2,RAB23,1,1
POLD2,RCN2,1,1
POLD2,RNF152,1,1
POLD2,RNF216,1,1
POLD2,RUFY1,1,1
POLD2,SLC26A2,1,1
POLD2,SLC26A4,1,1
POLD2,SPARC,1,1
POLD2,TBC1D10B,1,1
POLD2,TPD52L1,1,1
POLD2,TRPM3,1,1
IL6ST,ADGRB1,1,1
IL6ST,AFAP1L2,1,1
IL6ST,AGMO,1,1
IL6ST,AKAP6,1,1
IL6ST,ALG13,1,1
IL6ST,ARHGAP25,1,1
IL6ST,ARHGAP5,1,1
IL6ST,ARHGAP6,1,1
IL6ST,ATP11C,1,1
IL6ST,ATP9A,1,1
IL6ST,B4GALNT3,1,1
IL6ST,C1QTNF3,1,1
IL6ST,C1QTNF3-AMACR,1,1
IL6ST,CELSR1,1,1
IL6ST,CEP70,1,1
IL6ST,CHRNA6,1,1
IL6ST,CLEC2B,1,1
IL6ST,COL11A2,1,1
IL6ST,COL9A3,1,1
IL6ST,COLGALT2,1,1
IL6ST,COPB2,1,1
IL6ST,CSGALNACT1,1,1
IL6ST,CT45A3,1,1
IL6ST,CT45A8,1,1
IL6ST,CT45A9,1,1
IL6ST,CXCL16,1,1
IL6ST,DMRT2,1,1
IL6ST,DMRTA1,1,1
IL6ST,DOCK4,1,1
IL6ST,DOK1,1,1
IL6ST,DPY19L1,1,1
IL6ST,EGFLAM,1,1
IL6ST,ENAH,1,1
IL6ST,EPB41L2,1,1
IL6ST,EPHA3,1,1
IL6ST,EPHB3,1,1
IL6ST,ERLIN2,1,1
IL6ST,FAM133A,1,1
IL6ST,FAM188B,1,1
IL6ST,FAM198B,1,1
IL6ST,FAM212B,1,1
IL6ST,FAM46C,1,1
IL6ST,FAM86B1,1,1
IL6ST,FKBP14,1,1
IL6ST,FKBP9P1,1,1
IL6ST,G6PD,1,1
IL6ST,GALNT5,1,1
IL6ST,GAS7,1,1
IL6ST,GLUD2,1,1
IL6ST,GNS,1,1
IL6ST,GPC1,1,1
IL6ST,GPC3,1,1
IL6ST,GPC4,1,1
IL6ST,GRIK2,1,1
IL6ST,GRIK4,1,1
IL6ST,IGFBP2,1,1
IL6ST,IGFBP3,1,1
IL6ST,IL13RA2,1,1
IL6ST,IL1RAP,1,1
IL6ST,IL27RA,1,1
IL6ST,ITIH5,1,1
IL6ST,ITIH6,1,1
IL6ST,ITPR2,1,1
IL6ST,ITPRIPL2,1,1
IL6ST,JKAMP,1,1
IL6ST,KCNC3,1,1
IL6ST,KCNK5,1,1
IL6ST,KIAA0040,1,1
IL6ST,LAMA4,1,1
IL6ST,LMLN,1,1
IL6ST,LONRF2,1,1
IL6ST,LOXL3,1,1
IL6ST,LYPLAL1,1,1
IL6ST,MAFB,1,1
IL6ST,MMP15,1,1
IL6ST,MRAP2,1,1
IL6ST,MTUS1,1,1
IL6ST,NOMO3,1,1
IL6ST,NPAS1,1,1
IL6ST,OLFML3,1,1
IL6ST,P3H1,1,1
IL6ST,P3H2,1,1
IL6ST,P4HA2,1,1
IL6ST,PCDHA10,1,1
IL6ST,PCDHA11,1,1
IL6ST,PCDHB15,1,1
IL6ST,PCDHB17P,1,1
IL6ST,PCDHB2,1,1
IL6ST,PCDHB5,1,1
IL6ST,PCDHB6,1,1
IL6ST,PCDHGA3,1,1
IL6ST,PCDHGA7,1,1
IL6ST,PCDHGB1,1,1
IL6ST,PCOLCE2,1,1
IL6ST,PDDC1,1,1
IL6ST,PIEZO2,1,1
IL6ST,PLEKHS1,1,1
IL6ST,PMS2CL,1,1
IL6ST,PRDX6,1,1
IL6ST,PRPSAP2,1,1
IL6ST,PTGFRN,1,1
IL6ST,RAB7B,1,1
IL6ST,RAPGEF5,1,1
IL6ST,RGS5,1,1
IL6ST,RNF128,1,1
IL6ST,RNF152,1,1
IL6ST,RPN1,1,1
IL6ST,RYR2,1,1
IL6ST,SCARA5,1,1
IL6ST,SCRG1,1,1
IL6ST,SDC2,1,1
IL6ST,SERPINE2,1,1
IL6ST,SLC19A3,1,1
IL6ST,SLC26A4,1,1
IL6ST,SLC2A3,1,1
IL6ST,SLC5A3,1,1
IL6ST,SNED1,1,1
IL6ST,SOX5,1,1
IL6ST,SOX8,1,1
IL6ST,SPRY4,1,1
IL6ST,SRPRB,1,1
IL6ST,ST8SIA5,1,1
IL6ST,STK32B,1,1
IL6ST,SYTL5,1,1
IL6ST,TCN1,1,1
IL6ST,TENM1,1,1
IL6ST,TGFA,1,1
IL6ST,TGFB3,1,1
IL6ST,TIMP1,1,1
IL6ST,TMEM67,1,1
IL6ST,TNFAIP6,1,1
IL6ST,TOR3A,1,1
IL6ST,TPD52L1,1,1
IL6ST,TPGS2,1,1
IL6ST,TRIM47,1,1
IL6ST,TRIM51CP,1,1
IL6ST,TRIM9,1,1
IL6ST,TVP23B,1,1
IL6ST,UNC80,1,1
IL6ST,WWTR1,1,1
IL6ST,XIAP,1,1
IL6ST,XPR1,1,1
IL6ST,XYLT1,1,1
IL6ST,ZNF595,1,1
IL6ST,ZNF654,1,1
PCDHAC2,ABCA8,1,1
PCDHAC2,ADORA2B,1,1
PCDHAC2,AFAP1L2,1,1
PCDHAC2,AGMO,1,1
PCDHAC2,ANKH,1,1
PCDHAC2,ANKRD45,1,1
PCDHAC2,ARHGAP6,1,1
PCDHAC2,ARHGDIB,1,1
PCDHAC2,ATP1B1,1,1
PCDHAC2,BATF3,1,1
PCDHAC2,C10ORF76,1,1
PCDHAC2,C17ORF96,1,1
PCDHAC2,C1QTNF3-AMACR,1,1
PCDHAC2,CDH12,1,1
PCDHAC2,CDKL1,1,1
PCDHAC2,CHURC1-FNTB,1,1
PCDHAC2,COL9A2,1,1
PCDHAC2,COLGALT2,1,1
PCDHAC2,CPNE3,1,1
PCDHAC2,CT45A8,1,1
PCDHAC2,CT45A9,1,1
PCDHAC2,DMRTA1,1,1
PCDHAC2,DUSP23,1,1
PCDHAC2,EBF3,1,1
PCDHAC2,EGFLAM,1,1
PCDHAC2,EIF1AXP1,1,1
PCDHAC2,EIF4H,1,1
PCDHAC2,F12,1,1
PCDHAC2,FAM86B1,1,1
PCDHAC2,FGFRL1,1,1
PCDHAC2,FOXD2,1,1
PCDHAC2,FOXF1,1,1
PCDHAC2,FREM2,1,1
PCDHAC2,GALNT5,1,1
PCDHAC2,GLI2,1,1
PCDHAC2,GRIK4,1,1
PCDHAC2,ICAM5,1,1
PCDHAC2,IL13RA2,1,1
PCDHAC2,ITGA5,1,1
PCDHAC2,KDM5C,1,1
PCDHAC2,KIAA1328,1,1
PCDHAC2,KIAA1671,1,1
PCDHAC2,L3HYPDH,1,1
PCDHAC2,LAMA2,1,1
PCDHAC2,LIMS1,1,1
PCDHAC2,LOXL3,1,1
PCDHAC2,MICALL2,1,1
PCDHAC2,MIPOL1,1,1
PCDHAC2,MMP16,1,1
PCDHAC2,MRPS6,1,1
PCDHAC2,NGRN,1,1
PCDHAC2,NKX2-5,1,1
PCDHAC2,P3H4,1,1
PCDHAC2,PACRGL,1,1
PCDHAC2,PCDHA1,1,1
PCDHAC2,PCDHA10,1,1
PCDHAC2,PCDHA7,1,1
PCDHAC2,PCDHB11,1,1
PCDHAC2,PCDHB15,1,1
PCDHAC2,PCDHB16,1,1
PCDHAC2,PCDHB17P,1,1
PCDHAC2,PCDHB2,1,1
PCDHAC2,PCDHB5,1,1
PCDHAC2,PCDHB7,1,1
PCDHAC2,PCOLCE,1,1
PCDHAC2,PKD1P5,1,1
PCDHAC2,PLCXD1,1,1
PCDHAC2,POU3F3,1,1
PCDHAC2,PRKAR1B,1,1
PCDHAC2,PTPA,1,1
PCDHAC2,PTPN12,1,1
PCDHAC2,PTPRD,1,1
PCDHAC2,RANBP17,1,1
PCDHAC2,RGS16,1,1
PCDHAC2,RP5-862P8.2,1,1
PCDHAC2,RPS6KA3,1,1
PCDHAC2,RYR2,1,1
PCDHAC2,SCARA5,1,1
PCDHAC2,SEL1L3,1,1
PCDHAC2,SERINC3,1,1
PCDHAC2,SERPINH1,1,1
PCDHAC2,SLC25A16,1,1
PCDHAC2,SLC35E4,1,1
PCDHAC2,SLC35G2,1,1
PCDHAC2,SLC43A2,1,1
PCDHAC2,SLC9A7,1,1
PCDHAC2,SRPX2,1,1
PCDHAC2,SYAP1,1,1
PCDHAC2,TENM1,1,1
PCDHAC2,TIGD1,1,1
PCDHAC2,TSPAN13,1,1
PCDHAC2,TSR3,1,1
PCDHAC2,TYW1B,1,1
PCDHAC2,UBA1,1,1
PCDHAC2,WBSCR22,1,1
PCDHAC2,WT1,1,1
PCDHAC2,YWHAG,1,1
PCDHAC2,BP-21264C1.1,1,1
SGK223,AMER1,1,1
SGK223,TDG,1,1
LSM 12.00,COTL1,1,1
LSM 12.00,DLX1,1,1
LSM 12.00,EFNA5,1,1
LSM 12.00,EIF5A,1,1
LSM 12.00,F11R,1,1
LSM 12.00,ITPR3,1,1
LSM 12.00,LRFN1,1,1
LSM 12.00,MAGEA2,1,1
LSM 12.00,MPST,1,1
LSM 12.00,PTPRA,1,1
LSM 12.00,PURB,1,1
LSM 12.00,RCL1,1,1
LSM 12.00,RND3,1,1
LSM 12.00,UBE3B,1,1
LSM 12.00,ZNF121,1,1
TESC,ABCA8,1,1
TESC,AC004980.7,1,1
TESC,ADGRB1,1,1
TESC,AFAP1L2,1,1
TESC,AGMO,1,1
TESC,AKAP6,1,1
TESC,ALG13,1,1
TESC,ANGPTL1,1,1
TESC,ANKRD45,1,1
TESC,AP3D1,1,1
TESC,ARHGAP5,1,1
TESC,ARHGAP6,1,1
TESC,ARHGDIB,1,1
TESC,ART3,1,1
TESC,ASB4,1,1
TESC,ATP11C,1,1
TESC,ATP1B1,1,1
TESC,ATP9A,1,1
TESC,B3GNT7,1,1
TESC,B4GALNT3,1,1
TESC,BMP6,1,1
TESC,BST2,1,1
TESC,C1QTNF3,1,1
TESC,C1QTNF3-AMACR,1,1
TESC,CADM4,1,1
TESC,CBSL,1,1
TESC,CC2D1A,1,1
TESC,CDH12,1,1
TESC,CEP70,1,1
TESC,CHURC1-FNTB,1,1
TESC,COL9A2,1,1
TESC,COL9A3,1,1
TESC,COLGALT2,1,1
TESC,CSGALNACT1,1,1
TESC,CT45A1,1,1
TESC,CT45A10,1,1
TESC,CT45A3,1,1
TESC,CT45A5,1,1
TESC,CT45A6,1,1
TESC,CT45A8,1,1
TESC,CT45A9,1,1
TESC,CYB561,1,1
TESC,DDX43,1,1
TESC,DMRT2,1,1
TESC,DMRTA1,1,1
TESC,DNAJB6,1,1
TESC,DNAJC30,1,1
TESC,DOK1,1,1
TESC,DUSP2,1,1
TESC,EGFLAM,1,1
TESC,EIF4H,1,1
TESC,EMILIN1,1,1
TESC,ENAH,1,1
TESC,EPHA3,1,1
TESC,EPHB3,1,1
TESC,ERLIN2,1,1
TESC,EYA2,1,1
TESC,FAM133A,1,1
TESC,FAM212B,1,1
TESC,FAM46C,1,1
TESC,FAM86B1,1,1
TESC,FMOD,1,1
TESC,FOLH1,1,1
TESC,FOXF1,1,1
TESC,FREM2,1,1
TESC,GALNT5,1,1
TESC,GLI2,1,1
TESC,GLUD2,1,1
TESC,GPC1,1,1
TESC,GPC3,1,1
TESC,GRIK4,1,1
TESC,GUCY1B3,1,1
TESC,HS3ST3B1,1,1
TESC,IGFBP2,1,1
TESC,IL13RA2,1,1
TESC,IL27RA,1,1
TESC,ILK,1,1
TESC,ITGA10,1,1
TESC,ITIH5,1,1
TESC,ITIH6,1,1
TESC,ITPRIPL2,1,1
TESC,JARID2,1,1
TESC,JKAMP,1,1
TESC,KANSL2,1,1
TESC,KCNC3,1,1
TESC,KDM5C,1,1
TESC,KDR,1,1
TESC,LAMA2,1,1
TESC,LAMA4,1,1
TESC,LONRF2,1,1
TESC,LOXL3,1,1
TESC,LRRC75A,1,1
TESC,MAFB,1,1
TESC,MATK,1,1
TESC,MEOX2,1,1
TESC,MGP,1,1
TESC,MICALL2,1,1
TESC,MMP16,1,1
TESC,MRAP2,1,1
TESC,MRPS6,1,1
TESC,NDRG1,1,1
TESC,NDUFA8,1,1
TESC,NKX2-5,1,1
TESC,NPAS1,1,1
TESC,NPHP1,1,1
TESC,NR0B1,1,1
TESC,NTN1,1,1
TESC,OLFML3,1,1
TESC,P3H1,1,1
TESC,P3H2,1,1
TESC,P3H4,1,1
TESC,PATZ1,1,1
TESC,PCDHA1,1,1
TESC,PCDHA10,1,1
TESC,PCDHA11,1,1
TESC,PCDHA7,1,1
TESC,PCDHB11,1,1
TESC,PCDHB15,1,1
TESC,PCDHB16,1,1
TESC,PCDHB17P,1,1
TESC,PCDHB2,1,1
TESC,PCDHB5,1,1
TESC,PCDHB6,1,1
TESC,PCDHB7,1,1
TESC,PCDHGA3,1,1
TESC,PCDHGA7,1,1
TESC,PCOLCE,1,1
TESC,PDDC1,1,1
TESC,PITPNC1,1,1
TESC,PLBD1,1,1
TESC,PLEKHS1,1,1
TESC,PMS2CL,1,1
TESC,POU3F3,1,1
TESC,PPIC,1,1
TESC,PRDX6,1,1
TESC,PRR4,1,1
TESC,PRRX1,1,1
TESC,PTGFRN,1,1
TESC,PTPRD,1,1
TESC,RAB7B,1,1
TESC,RBMS1,1,1
TESC,RCC1L,1,1
TESC,RGS16,1,1
TESC,RNASET2,1,1
TESC,RNF152,1,1
TESC,RP11-111K18.1,1,1
TESC,RP11-958N24.2,1,1
TESC,RPN1,1,1
TESC,RYR2,1,1
TESC,S100A13,1,1
TESC,SCARA5,1,1
TESC,SCRG1,1,1
TESC,SDC2,1,1
TESC,SERPINE2,1,1
TESC,SLC1A3,1,1
TESC,SLC35E4,1,1
TESC,SLC39A4,1,1
TESC,SLC43A2,1,1
TESC,SLC5A3,1,1
TESC,SMIM3,1,1
TESC,SNED1,1,1
TESC,SPATS1,1,1
TESC,ST8SIA5,1,1
TESC,STK32B,1,1
TESC,SYTL5,1,1
TESC,TBXAS1,1,1
TESC,TCN1,1,1
TESC,TDRD1,1,1
TESC,TENM1,1,1
TESC,TGFA,1,1
TESC,TGFB3,1,1
TESC,TIGD1,1,1
TESC,TIMP1,1,1
TESC,TNFAIP6,1,1
TESC,TOR1AIP2,1,1
TESC,TOR3A,1,1
TESC,TRAFD1,1,1
TESC,TRIM51CP,1,1
TESC,TRIM9,1,1
TESC,TSPAN13,1,1
TESC,TYW1B,1,1
TESC,UPF3A,1,1
TESC,WBSCR22,1,1
TESC,WNK4,1,1
TESC,WWTR1,1,1
TESC,XIAP,1,1
TESC,XPR1,1,1
TESC,ZBTB45P2,1,1
TESC,ZNF536,1,1
TESC,ZNF595,1,1
TESC,BP-21264C1.1,1,1
P4HA2,ATP9A,1,1
P4HA2,CELSR1,1,1
P4HA2,COL11A2,1,1
P4HA2,CSGALNACT1,1,1
P4HA2,CXCL16,1,1
P4HA2,ERLIN2,1,1
P4HA2,G6PD,1,1
P4HA2,GAS7,1,1
P4HA2,GLUD2,1,1
P4HA2,GNS,1,1
P4HA2,GRIK2,1,1
P4HA2,ITPR2,1,1
P4HA2,ITPRIPL2,1,1
P4HA2,LAMA4,1,1
P4HA2,LMLN,1,1
P4HA2,METTL21B,1,1
P4HA2,MMP15,1,1
P4HA2,PMS2CL,1,1
P4HA2,SLC2A3,1,1
P4HA2,SOX5,1,1
P4HA2,SOX8,1,1
P4HA2,TIMP1,1,1
P4HA2,XYLT1,1,1
FKBP10,AARS2,1,1
FKBP10,ABCA8,1,1
FKBP10,ADAM15,1,1
FKBP10,ADCY1,1,1
FKBP10,ANKRD19P,1,1
FKBP10,ANKRD45,1,1
FKBP10,ANKRD54,1,1
FKBP10,APOO,1,1
FKBP10,ARHGAP20,1,1
FKBP10,ATOH8,1,1
FKBP10,B3GNT7,1,1
FKBP10,B4GALNT3,1,1
FKBP10,B9D1,1,1
FKBP10,BFSP1,1,1
FKBP10,BMP6,1,1
FKBP10,CBSL,1,1
FKBP10,CC2D1A,1,1
FKBP10,CCDC78,1,1
FKBP10,CEP70,1,1
FKBP10,CHPF,1,1
FKBP10,CHST6,1,1
FKBP10,CMB9-22P13.1,1,1
FKBP10,CNIH3,1,1
FKBP10,COL9A3,1,1
FKBP10,COPB2,1,1
FKBP10,COQ6,1,1
FKBP10,CRISPLD1,1,1
FKBP10,CSMD1,1,1
FKBP10,CT45A6,1,1
FKBP10,DNAJB12,1,1
FKBP10,DOK1,1,1
FKBP10,DSCR8,1,1
FKBP10,ENOX1,1,1
FKBP10,ETFB,1,1
FKBP10,EYA2,1,1
FKBP10,FABP7,1,1
FKBP10,FAM133A,1,1
FKBP10,FAM198B,1,1
FKBP10,FAM46C,1,1
FKBP10,FBF1,1,1
FKBP10,FKBP11,1,1
FKBP10,FMOD,1,1
FKBP10,FOLH1,1,1
FKBP10,FYB,1,1
FKBP10,GAD1,1,1
FKBP10,GHR,1,1
FKBP10,GPC3,1,1
FKBP10,GPC4,1,1
FKBP10,HEY2,1,1
FKBP10,HMCES,1,1
FKBP10,ID4,1,1
FKBP10,IFI16,1,1
FKBP10,IGFBP2,1,1
FKBP10,INTS10,1,1
FKBP10,ITGA10,1,1
FKBP10,ITGAX,1,1
FKBP10,ITIH5,1,1
FKBP10,ITIH6,1,1
FKBP10,JUNB,1,1
FKBP10,KREMEN2,1,1
FKBP10,LAMC3,1,1
FKBP10,LRP2,1,1
FKBP10,LYPLAL1,1,1
FKBP10,MAFB,1,1
FKBP10,MAMDC2,1,1
FKBP10,MAOB,1,1
FKBP10,MAPRE3,1,1
FKBP10,METTL23,1,1
FKBP10,MGP,1,1
FKBP10,MYD88,1,1
FKBP10,NTN1,1,1
FKBP10,OAZ1,1,1
FKBP10,OPHN1,1,1
FKBP10,P3H1,1,1
FKBP10,PATZ1,1,1
FKBP10,PCDHB5,1,1
FKBP10,PCDHB6,1,1
FKBP10,PDDC1,1,1
FKBP10,PIEZO2,1,1
FKBP10,PITPNC1,1,1
FKBP10,PLBD1,1,1
FKBP10,PLEKHS1,1,1
FKBP10,PMS2CL,1,1
FKBP10,PODXL2,1,1
FKBP10,PPIC,1,1
FKBP10,PPP1R13B,1,1
FKBP10,PPP2R2B,1,1
FKBP10,PRDX6,1,1
FKBP10,PTGFRN,1,1
FKBP10,RAB23,1,1
FKBP10,RNF152,1,1
FKBP10,RNF216,1,1
FKBP10,RP11-111F5.5,1,1
FKBP10,SDC2,1,1
FKBP10,SDK2,1,1
FKBP10,SDSL,1,1
FKBP10,SERPINA3,1,1
FKBP10,SEZ6L2,1,1
FKBP10,SKIV2L,1,1
FKBP10,SLC19A3,1,1
FKBP10,SLC26A4,1,1
FKBP10,SOD3,1,1
FKBP10,SPARC,1,1
FKBP10,SPATS1,1,1
FKBP10,SRGAP2,1,1
FKBP10,STAT3,1,1
FKBP10,TBC1D10B,1,1
FKBP10,TBC1D8,1,1
FKBP10,TGFB3,1,1
FKBP10,TMEM67,1,1
FKBP10,TNFRSF21,1,1
FKBP10,TPD52L1,1,1
FKBP10,TPGS2,1,1
FKBP10,TRPM3,1,1
FKBP10,TRPM8,1,1
FKBP10,UPF3A,1,1
FKBP10,UROC1,1,1
FKBP10,WNK4,1,1
FKBP10,WWTR1,1,1
FKBP10,ZNF595,1,1
B3GAT1,NPTX2,1,1
B3GAT1,TBC1D15,1,1
B3GAT1,TNFRSF11B,1,1
TMEM18,ACTG1,1,1
TMEM18,FMR1,1,1
PROSER2,C17ORF89,1,1
PROSER2,C4ORF32,1,1
PROSER2,CDKL1,1,1
PROSER2,COTL1,1,1
PROSER2,CPNE3,1,1
PROSER2,CTDSP1,1,1
PROSER2,EFNA5,1,1
PROSER2,EPRS,1,1
PROSER2,F11R,1,1
PROSER2,FRMD6,1,1
PROSER2,NECAP2,1,1
PROSER2,NFIC,1,1
PROSER2,PDHX,1,1
PROSER2,PTPN12,1,1
PROSER2,RND3,1,1
PROSER2,SYAP1,1,1
PROSER2,UBA5,1,1
PROSER2,UBE3B,1,1
PROSER2,WDR11,1,1
PROSER2,ZFYVE27,1,1
PROSER2,ZNF107,1,1
MORF4L1,CLIP1,1,1
CYP1A1,ACTN2,1,1
CYP1A1,BCAP31,1,1
FAM133A,ABCA8,1,1
FAM133A,ADAM15,1,1
FAM133A,ADGRB1,1,1
FAM133A,AFAP1L2,1,1
FAM133A,AGMO,1,1
FAM133A,AKAP6,1,1
FAM133A,ALG13,1,1
FAM133A,ANKRD45,1,1
FAM133A,ARCN1,1,1
FAM133A,ARHGAP20,1,1
FAM133A,ARHGAP25,1,1
FAM133A,ARHGAP6,1,1
FAM133A,ARHGDIB,1,1
FAM133A,ART3,1,1
FAM133A,ASB4,1,1
FAM133A,ATP1B1,1,1
FAM133A,ATP9A,1,1
FAM133A,B3GALT1,1,1
FAM133A,B3GNT7,1,1
FAM133A,B4GALNT3,1,1
FAM133A,BFSP1,1,1
FAM133A,BMP6,1,1
FAM133A,BST2,1,1
FAM133A,C1QTNF3,1,1
FAM133A,C1QTNF3-AMACR,1,1
FAM133A,CBSL,1,1
FAM133A,CC2D1A,1,1
FAM133A,CDH12,1,1
FAM133A,CEP70,1,1
FAM133A,CHPF,1,1
FAM133A,CHURC1-FNTB,1,1
FAM133A,COL11A2,1,1
FAM133A,COL9A2,1,1
FAM133A,COL9A3,1,1
FAM133A,COLGALT2,1,1
FAM133A,COPB2,1,1
FAM133A,CSGALNACT1,1,1
FAM133A,CSMD1,1,1
FAM133A,CT45A1,1,1
FAM133A,CT45A10,1,1
FAM133A,CT45A3,1,1
FAM133A,CT45A5,1,1
FAM133A,CT45A6,1,1
FAM133A,CT45A8,1,1
FAM133A,CT45A9,1,1
FAM133A,CXCL16,1,1
FAM133A,DMRTA1,1,1
FAM133A,DOK1,1,1
FAM133A,DSCR8,1,1
FAM133A,EGFLAM,1,1
FAM133A,EIF1AXP1,1,1
FAM133A,EIF4H,1,1
FAM133A,EMILIN1,1,1
FAM133A,ENAH,1,1
FAM133A,EPHA3,1,1
FAM133A,EPHB3,1,1
FAM133A,ERLIN2,1,1
FAM133A,EYA2,1,1
FAM133A,FAM188B,1,1
FAM133A,FAM198B,1,1
FAM133A,FAM212B,1,1
FAM133A,FAM46C,1,1
FAM133A,FAM86B1,1,1
FAM133A,FKBP9P1,1,1
FAM133A,FMOD,1,1
FAM133A,FOLH1,1,1
FAM133A,FREM2,1,1
FAM133A,GALNT5,1,1
FAM133A,GHR,1,1
FAM133A,GLUD2,1,1
FAM133A,GPC1,1,1
FAM133A,GPC3,1,1
FAM133A,GPC4,1,1
FAM133A,GRIK2,1,1
FAM133A,GRIK4,1,1
FAM133A,HMCES,1,1
FAM133A,HS3ST3B1,1,1
FAM133A,IARS2,1,1
FAM133A,ID4,1,1
FAM133A,IFI16,1,1
FAM133A,IGFBP2,1,1
FAM133A,IGFBP3,1,1
FAM133A,IL13RA2,1,1
FAM133A,IL1RAP,1,1
FAM133A,INTS10,1,1
FAM133A,ITGA10,1,1
FAM133A,ITGAX,1,1
FAM133A,ITIH5,1,1
FAM133A,ITIH6,1,1
FAM133A,ITPR2,1,1
FAM133A,ITPRIPL2,1,1
FAM133A,JARID2,1,1
FAM133A,KCNC3,1,1
FAM133A,LAMA2,1,1
FAM133A,LAMA4,1,1
FAM133A,LAMC3,1,1
FAM133A,LOXL3,1,1
FAM133A,LRP2,1,1
FAM133A,LRRC75A,1,1
FAM133A,LYPLAL1,1,1
FAM133A,MAFB,1,1
FAM133A,MAMDC2,1,1
FAM133A,MAOB,1,1
FAM133A,MATK,1,1
FAM133A,ME1,1,1
FAM133A,MEOX2,1,1
FAM133A,MGP,1,1
FAM133A,MICALL2,1,1
FAM133A,MRAP2,1,1
FAM133A,NKX2-5,1,1
FAM133A,NOMO3,1,1
FAM133A,NPAS1,1,1
FAM133A,NTN1,1,1
FAM133A,OAZ1,1,1
FAM133A,OFD1,1,1
FAM133A,OPHN1,1,1
FAM133A,P3H1,1,1
FAM133A,P3H2,1,1
FAM133A,P3H4,1,1
FAM133A,PATZ1,1,1
FAM133A,PCDHA1,1,1
FAM133A,PCDHA10,1,1
FAM133A,PCDHA11,1,1
FAM133A,PCDHB11,1,1
FAM133A,PCDHB15,1,1
FAM133A,PCDHB16,1,1
FAM133A,PCDHB17P,1,1
FAM133A,PCDHB2,1,1
FAM133A,PCDHB5,1,1
FAM133A,PCDHB6,1,1
FAM133A,PCDHB7,1,1
FAM133A,PCOLCE,1,1
FAM133A,PCOLCE2,1,1
FAM133A,PDDC1,1,1
FAM133A,PIEZO2,1,1
FAM133A,PITPNC1,1,1
FAM133A,PLBD1,1,1
FAM133A,PLEKHS1,1,1
FAM133A,PMS2CL,1,1
FAM133A,POU3F3,1,1
FAM133A,PPIC,1,1
FAM133A,PPP2R2B,1,1
FAM133A,PRDX6,1,1
FAM133A,PRPSAP2,1,1
FAM133A,PTGFRN,1,1
FAM133A,PTPRD,1,1
FAM133A,RAPGEF5,1,1
FAM133A,RBMS1,1,1
FAM133A,RNF152,1,1
FAM133A,RNF216,1,1
FAM133A,RP11-111F5.5,1,1
FAM133A,RPN1,1,1
FAM133A,RYR2,1,1
FAM133A,SBNO2,1,1
FAM133A,SCARA5,1,1
FAM133A,SCRG1,1,1
FAM133A,SDC2,1,1
FAM133A,SEC14L1,1,1
FAM133A,SEL1L3,1,1
FAM133A,SERPINA3,1,1
FAM133A,SERPINE2,1,1
FAM133A,SEZ6L2,1,1
FAM133A,SLC19A3,1,1
FAM133A,SLC26A4,1,1
FAM133A,SLC39A4,1,1
FAM133A,SPARC,1,1
FAM133A,SPATS1,1,1
FAM133A,SPRY4,1,1
FAM133A,SRPRB,1,1
FAM133A,STAT3,1,1
FAM133A,STK32B,1,1
FAM133A,SULF1,1,1
FAM133A,TBC1D10B,1,1
FAM133A,TCN1,1,1
FAM133A,TENM1,1,1
FAM133A,TGFB3,1,1
FAM133A,TIGD1,1,1
FAM133A,TIMP1,1,1
FAM133A,TMEM67,1,1
FAM133A,TNFAIP6,1,1
FAM133A,TNFRSF21,1,1
FAM133A,TOR1AIP2,1,1
FAM133A,TOR3A,1,1
FAM133A,TPD52L1,1,1
FAM133A,TPGS2,1,1
FAM133A,TRIM9,1,1
FAM133A,TRPM3,1,1
FAM133A,TRPM8,1,1
FAM133A,TSPAN13,1,1
FAM133A,UNC80,1,1
FAM133A,UPF3A,1,1
FAM133A,UROC1,1,1
FAM133A,WBSCR22,1,1
FAM133A,WNK4,1,1
FAM133A,WWTR1,1,1
FAM133A,XIAP,1,1
FAM133A,XPR1,1,1
FAM133A,ZNF595,1,1
FAM133A,BP-21264C1.1,1,1
PCDHB15,ABCA8,1,1
PCDHB15,AC004980.7,1,1
PCDHB15,ADGRB1,1,1
PCDHB15,AFAP1L2,1,1
PCDHB15,AGMO,1,1
PCDHB15,AKAP6,1,1
PCDHB15,ALG13,1,1
PCDHB15,ANKRD45,1,1
PCDHB15,ARCN1,1,1
PCDHB15,ARHGAP20,1,1
PCDHB15,ARHGAP5,1,1
PCDHB15,ARHGAP6,1,1
PCDHB15,ARHGDIB,1,1
PCDHB15,ASB4,1,1
PCDHB15,ATP1B1,1,1
PCDHB15,ATP9A,1,1
PCDHB15,B3GALT1,1,1
PCDHB15,B3GNT7,1,1
PCDHB15,B4GALNT3,1,1
PCDHB15,BST2,1,1
PCDHB15,C1QTNF3,1,1
PCDHB15,C1QTNF3-AMACR,1,1
PCDHB15,CADM4,1,1
PCDHB15,CBSL,1,1
PCDHB15,CC2D1A,1,1
PCDHB15,CDH12,1,1
PCDHB15,CELSR1,1,1
PCDHB15,CEP70,1,1
PCDHB15,CHURC1-FNTB,1,1
PCDHB15,COL11A2,1,1
PCDHB15,COL9A2,1,1
PCDHB15,COL9A3,1,1
PCDHB15,COLGALT2,1,1
PCDHB15,CSGALNACT1,1,1
PCDHB15,CSMD1,1,1
PCDHB15,CT45A1,1,1
PCDHB15,CT45A10,1,1
PCDHB15,CT45A3,1,1
PCDHB15,CT45A5,1,1
PCDHB15,CT45A6,1,1
PCDHB15,CT45A8,1,1
PCDHB15,CT45A9,1,1
PCDHB15,DDX43,1,1
PCDHB15,DMRT2,1,1
PCDHB15,DMRTA1,1,1
PCDHB15,DNAJB6,1,1
PCDHB15,DNAJC30,1,1
PCDHB15,DOK1,1,1
PCDHB15,DSCR8,1,1
PCDHB15,EGFLAM,1,1
PCDHB15,EIF1AXP1,1,1
PCDHB15,EIF4H,1,1
PCDHB15,EMILIN1,1,1
PCDHB15,ENAH,1,1
PCDHB15,EPHA3,1,1
PCDHB15,EPHB3,1,1
PCDHB15,ERLIN2,1,1
PCDHB15,EYA2,1,1
PCDHB15,FAM212B,1,1
PCDHB15,FAM46C,1,1
PCDHB15,FAM86B1,1,1
PCDHB15,FMOD,1,1
PCDHB15,FOLH1,1,1
PCDHB15,FOXF1,1,1
PCDHB15,FREM2,1,1
PCDHB15,GALNT5,1,1
PCDHB15,GLUD2,1,1
PCDHB15,GPC1,1,1
PCDHB15,GPC3,1,1
PCDHB15,GRIK4,1,1
PCDHB15,GUCY1B3,1,1
PCDHB15,HS3ST3B1,1,1
PCDHB15,IGFBP2,1,1
PCDHB15,IGFBP3,1,1
PCDHB15,IL13RA2,1,1
PCDHB15,IL27RA,1,1
PCDHB15,ITIH5,1,1
PCDHB15,ITIH6,1,1
PCDHB15,ITPRIPL2,1,1
PCDHB15,JARID2,1,1
PCDHB15,KCNC3,1,1
PCDHB15,KDM5C,1,1
PCDHB15,LAMA2,1,1
PCDHB15,LAMA4,1,1
PCDHB15,LIMS3,1,1
PCDHB15,LONRF2,1,1
PCDHB15,LOXL3,1,1
PCDHB15,LRRC75A,1,1
PCDHB15,MAFB,1,1
PCDHB15,MAMDC2,1,1
PCDHB15,MATK,1,1
PCDHB15,MEOX2,1,1
PCDHB15,MGP,1,1
PCDHB15,MICALL2,1,1
PCDHB15,MMP16,1,1
PCDHB15,MRPS6,1,1
PCDHB15,NDRG1,1,1
PCDHB15,NKX2-5,1,1
PCDHB15,NPHP1,1,1
PCDHB15,NR0B1,1,1
PCDHB15,NTN1,1,1
PCDHB15,OLFML3,1,1
PCDHB15,OPHN1,1,1
PCDHB15,P3H1,1,1
PCDHB15,P3H2,1,1
PCDHB15,P3H4,1,1
PCDHB15,PATZ1,1,1
PCDHB15,PCDHA1,1,1
PCDHB15,PCDHA10,1,1
PCDHB15,PCDHA11,1,1
PCDHB15,PCDHA7,1,1
PCDHB15,PCDHB11,1,1
PCDHB15,PCDHB16,1,1
PCDHB15,PCDHB17P,1,1
PCDHB15,PCDHB2,1,1
PCDHB15,PCDHB5,1,1
PCDHB15,PCDHB6,1,1
PCDHB15,PCDHB7,1,1
PCDHB15,PCDHGA3,1,1
PCDHB15,PCDHGA7,1,1
PCDHB15,PCDHGB1,1,1
PCDHB15,PCOLCE,1,1
PCDHB15,PDDC1,1,1
PCDHB15,PLBD1,1,1
PCDHB15,PLEKHS1,1,1
PCDHB15,POU3F3,1,1
PCDHB15,PPIC,1,1
PCDHB15,PPP2R2B,1,1
PCDHB15,PRRX1,1,1
PCDHB15,PTGFRN,1,1
PCDHB15,PTPRD,1,1
PCDHB15,RAB7B,1,1
PCDHB15,RAPGEF5,1,1
PCDHB15,RBMS1,1,1
PCDHB15,RCC1L,1,1
PCDHB15,RNF152,1,1
PCDHB15,RYR2,1,1
PCDHB15,S100A13,1,1
PCDHB15,SBNO2,1,1
PCDHB15,SCARA5,1,1
PCDHB15,SCRG1,1,1
PCDHB15,SDC2,1,1
PCDHB15,SEL1L3,1,1
PCDHB15,SERPINA3,1,1
PCDHB15,SERPINE2,1,1
PCDHB15,SLC35E4,1,1
PCDHB15,SLC39A4,1,1
PCDHB15,SLC5A3,1,1
PCDHB15,SMIM3,1,1
PCDHB15,SNED1,1,1
PCDHB15,SPRY4,1,1
PCDHB15,ST8SIA5,1,1
PCDHB15,STK32B,1,1
PCDHB15,SULF1,1,1
PCDHB15,SYTL5,1,1
PCDHB15,TBXAS1,1,1
PCDHB15,TCN1,1,1
PCDHB15,TDRD1,1,1
PCDHB15,TENM1,1,1
PCDHB15,TGFA,1,1
PCDHB15,TGFB3,1,1
PCDHB15,TIMP1,1,1
PCDHB15,TNFAIP6,1,1
PCDHB15,TRIM9,1,1
PCDHB15,TRPM8,1,1
PCDHB15,TSR3,1,1
PCDHB15,UPF3A,1,1
PCDHB15,UROC1,1,1
PCDHB15,USP9X,1,1
PCDHB15,WBSCR22,1,1
PCDHB15,WWTR1,1,1
PCDHB15,XIAP,1,1
PCDHB15,XYLT1,1,1
PCDHB15,ZBTB45P2,1,1
PCDHB15,ZNF595,1,1
PCDHB15,BP-21264C1.1,1,1
TMEM131,ANKS1A,1,1
TMEM131,B3GNT2,1,1
TMEM131,CEP85L,1,1
TMEM131,CLCC1,1,1
TMEM131,CLTC,1,1
TMEM131,ITGB3,1,1
TMEM131,MEGF10,1,1
TMEM131,MFSD1,1,1
TMEM131,P4HA1,1,1
TMEM131,SH2B3,1,1
TMEM131,SH3BP5,1,1
TMEM131,SLC7A2,1,1
TMEM131,SSFA2,1,1
TMEM131,STAG2,1,1
TMEM131,SWAP70,1,1
TMEM131,THOC2,1,1
TMEM131,TMEM87A,1,1
TMEM131,TMEM87B,1,1
TMEM131,TNRC18,1,1
ARHGDIB,ABCA8,1,1
ARHGDIB,ADA,1,1
ARHGDIB,ADAP1,1,1
ARHGDIB,ADGRB1,1,1
ARHGDIB,AFAP1L2,1,1
ARHGDIB,AGMO,1,1
ARHGDIB,AKAP6,1,1
ARHGDIB,ANKRD45,1,1
ARHGDIB,ARHGAP20,1,1
ARHGDIB,ARHGAP6,1,1
ARHGDIB,ASB4,1,1
ARHGDIB,ATP1B1,1,1
ARHGDIB,ATP9A,1,1
ARHGDIB,B3GALT1,1,1
ARHGDIB,B3GNT7,1,1
ARHGDIB,B4GALNT3,1,1
ARHGDIB,BAALC,1,1
ARHGDIB,BATF3,1,1
ARHGDIB,BFSP1,1,1
ARHGDIB,BMP6,1,1
ARHGDIB,BST2,1,1
ARHGDIB,C1QTNF3-AMACR,1,1
ARHGDIB,CACNA1H,1,1
ARHGDIB,CADM4,1,1
ARHGDIB,CBSL,1,1
ARHGDIB,CC2D1A,1,1
ARHGDIB,CCDC113,1,1
ARHGDIB,CDH12,1,1
ARHGDIB,CGREF1,1,1
ARHGDIB,CHRDL1,1,1
ARHGDIB,CHURC1-FNTB,1,1
ARHGDIB,COL9A2,1,1
ARHGDIB,COL9A3,1,1
ARHGDIB,COLGALT2,1,1
ARHGDIB,CSMD1,1,1
ARHGDIB,CT45A1,1,1
ARHGDIB,CT45A10,1,1
ARHGDIB,CT45A3,1,1
ARHGDIB,CT45A5,1,1
ARHGDIB,CT45A6,1,1
ARHGDIB,CT45A8,1,1
ARHGDIB,CT45A9,1,1
ARHGDIB,DDX43,1,1
ARHGDIB,DMRTA1,1,1
ARHGDIB,DNAJB6,1,1
ARHGDIB,DNAJC30,1,1
ARHGDIB,DSCR8,1,1
ARHGDIB,EGFLAM,1,1
ARHGDIB,EIF1AXP1,1,1
ARHGDIB,EIF4H,1,1
ARHGDIB,EMILIN1,1,1
ARHGDIB,EYA2,1,1
ARHGDIB,FAM134B,1,1
ARHGDIB,FAM86B1,1,1
ARHGDIB,FMOD,1,1
ARHGDIB,FOLH1,1,1
ARHGDIB,FREM2,1,1
ARHGDIB,GABRG3,1,1
ARHGDIB,GALNT5,1,1
ARHGDIB,GPC1,1,1
ARHGDIB,GRIK4,1,1
ARHGDIB,GUCY1B3,1,1
ARHGDIB,HS3ST3B1,1,1
ARHGDIB,IGFBP2,1,1
ARHGDIB,IL13RA2,1,1
ARHGDIB,ITGA10,1,1
ARHGDIB,ITGAX,1,1
ARHGDIB,ITIH5,1,1
ARHGDIB,ITIH6,1,1
ARHGDIB,ITPRIPL2,1,1
ARHGDIB,JARID2,1,1
ARHGDIB,JUNB,1,1
ARHGDIB,LAMA2,1,1
ARHGDIB,LOXL3,1,1
ARHGDIB,LRP2,1,1
ARHGDIB,MAFB,1,1
ARHGDIB,MAMDC2,1,1
ARHGDIB,MATK,1,1
ARHGDIB,MDH2,1,1
ARHGDIB,MDM2,1,1
ARHGDIB,MEOX2,1,1
ARHGDIB,MGP,1,1
ARHGDIB,MICALL2,1,1
ARHGDIB,MRPS6,1,1
ARHGDIB,NDUFA8,1,1
ARHGDIB,NGRN,1,1
ARHGDIB,NKX2-5,1,1
ARHGDIB,NPHP1,1,1
ARHGDIB,NTN1,1,1
ARHGDIB,OPHN1,1,1
ARHGDIB,P3H4,1,1
ARHGDIB,PATZ1,1,1
ARHGDIB,PCDHA1,1,1
ARHGDIB,PCDHA10,1,1
ARHGDIB,PCDHB11,1,1
ARHGDIB,PCDHB16,1,1
ARHGDIB,PCDHB17P,1,1
ARHGDIB,PCDHB2,1,1
ARHGDIB,PCDHB5,1,1
ARHGDIB,PCDHB6,1,1
ARHGDIB,PCDHB7,1,1
ARHGDIB,PCOLCE,1,1
ARHGDIB,PDDC1,1,1
ARHGDIB,PITPNC1,1,1
ARHGDIB,PLBD1,1,1
ARHGDIB,PLEKHS1,1,1
ARHGDIB,POU3F3,1,1
ARHGDIB,PPIC,1,1
ARHGDIB,PPP2R2B,1,1
ARHGDIB,PTPA,1,1
ARHGDIB,PTPRD,1,1
ARHGDIB,RANBP17,1,1
ARHGDIB,RGS16,1,1
ARHGDIB,RP11-111F5.5,1,1
ARHGDIB,RP5-862P8.2,1,1
ARHGDIB,RYR2,1,1
ARHGDIB,SBNO2,1,1
ARHGDIB,SCARA5,1,1
ARHGDIB,SCRG1,1,1
ARHGDIB,SDK2,1,1
ARHGDIB,SEL1L3,1,1
ARHGDIB,SEMA3E,1,1
ARHGDIB,SERPINA3,1,1
ARHGDIB,SERPINE2,1,1
ARHGDIB,SLC1A3,1,1
ARHGDIB,SLC35E4,1,1
ARHGDIB,SLC39A4,1,1
ARHGDIB,SMIM3,1,1
ARHGDIB,SNX1,1,1
ARHGDIB,SOCS2,1,1
ARHGDIB,SOD3,1,1
ARHGDIB,SPATS1,1,1
ARHGDIB,SULF1,1,1
ARHGDIB,TACO1,1,1
ARHGDIB,TENM1,1,1
ARHGDIB,TGFB3,1,1
ARHGDIB,TIGD1,1,1
ARHGDIB,TNFRSF21,1,1
ARHGDIB,TRIM9,1,1
ARHGDIB,TRPM8,1,1
ARHGDIB,TSR3,1,1
ARHGDIB,TYW1B,1,1
ARHGDIB,UPF3A,1,1
ARHGDIB,UROC1,1,1
ARHGDIB,WBSCR22,1,1
ARHGDIB,WBSCR27,1,1
ARHGDIB,WNK4,1,1
ARHGDIB,ZNF595,1,1
ARHGDIB,BP-21264C1.1,1,1
TBC1D25,ARHGEF18,1,1
WBSCR22,ABCA8,1,1
WBSCR22,ADGRB1,1,1
WBSCR22,AFAP1L2,1,1
WBSCR22,AGMO,1,1
WBSCR22,AKAP6,1,1
WBSCR22,ALG13,1,1
WBSCR22,ANAPC13,1,1
WBSCR22,ANKRD45,1,1
WBSCR22,ARHGAP20,1,1
WBSCR22,ARHGAP6,1,1
WBSCR22,ART3,1,1
WBSCR22,ASB4,1,1
WBSCR22,ATP1B1,1,1
WBSCR22,B3GNT7,1,1
WBSCR22,B4GALNT3,1,1
WBSCR22,BATF3,1,1
WBSCR22,BMP6,1,1
WBSCR22,BST2,1,1
WBSCR22,C10ORF76,1,1
WBSCR22,C17ORF96,1,1
WBSCR22,C1QTNF3,1,1
WBSCR22,C1QTNF3-AMACR,1,1
WBSCR22,CBSL,1,1
WBSCR22,CC2D1A,1,1
WBSCR22,CDH12,1,1
WBSCR22,CEP70,1,1
WBSCR22,CHRDL1,1,1
WBSCR22,CHURC1-FNTB,1,1
WBSCR22,COL9A2,1,1
WBSCR22,COL9A3,1,1
WBSCR22,COLGALT2,1,1
WBSCR22,CSMD1,1,1
WBSCR22,CT45A1,1,1
WBSCR22,CT45A10,1,1
WBSCR22,CT45A3,1,1
WBSCR22,CT45A5,1,1
WBSCR22,CT45A6,1,1
WBSCR22,CT45A8,1,1
WBSCR22,CT45A9,1,1
WBSCR22,DMRTA1,1,1
WBSCR22,DOK1,1,1
WBSCR22,DSCR8,1,1
WBSCR22,EGFLAM,1,1
WBSCR22,EIF1AX,1,1
WBSCR22,EIF4H,1,1
WBSCR22,EMILIN1,1,1
WBSCR22,ENAH,1,1
WBSCR22,EPHA3,1,1
WBSCR22,EPHB3,1,1
WBSCR22,EYA2,1,1
WBSCR22,FAM212B,1,1
WBSCR22,FAM46C,1,1
WBSCR22,FAM86B1,1,1
WBSCR22,FMOD,1,1
WBSCR22,FOLH1,1,1
WBSCR22,FOXF1,1,1
WBSCR22,FREM2,1,1
WBSCR22,GALNT5,1,1
WBSCR22,GPC1,1,1
WBSCR22,GPC3,1,1
WBSCR22,GPC4,1,1
WBSCR22,GRIK4,1,1
WBSCR22,HS3ST3B1,1,1
WBSCR22,IGFBP2,1,1
WBSCR22,IL13RA2,1,1
WBSCR22,IL27RA,1,1
WBSCR22,ILK,1,1
WBSCR22,ITGA10,1,1
WBSCR22,ITIH5,1,1
WBSCR22,ITIH6,1,1
WBSCR22,ITPRIPL2,1,1
WBSCR22,JARID2,1,1
WBSCR22,KCNC3,1,1
WBSCR22,LAMA2,1,1
WBSCR22,LAMA4,1,1
WBSCR22,LOXL3,1,1
WBSCR22,LYPLAL1,1,1
WBSCR22,MAFB,1,1
WBSCR22,MAMDC2,1,1
WBSCR22,MATK,1,1
WBSCR22,MEOX2,1,1
WBSCR22,MGP,1,1
WBSCR22,MICALL2,1,1
WBSCR22,MMP16,1,1
WBSCR22,MRPS6,1,1
WBSCR22,NDRG1,1,1
WBSCR22,NDUFA8,1,1
WBSCR22,NGRN,1,1
WBSCR22,NKX2-5,1,1
WBSCR22,NPAS1,1,1
WBSCR22,NR0B1,1,1
WBSCR22,NTN1,1,1
WBSCR22,OFD1,1,1
WBSCR22,P3H1,1,1
WBSCR22,P3H2,1,1
WBSCR22,P3H4,1,1
WBSCR22,PATZ1,1,1
WBSCR22,PCDHA1,1,1
WBSCR22,PCDHA10,1,1
WBSCR22,PCDHA11,1,1
WBSCR22,PCDHB11,1,1
WBSCR22,PCDHB16,1,1
WBSCR22,PCDHB17P,1,1
WBSCR22,PCDHB2,1,1
WBSCR22,PCDHB5,1,1
WBSCR22,PCDHB6,1,1
WBSCR22,PCDHB7,1,1
WBSCR22,PCOLCE,1,1
WBSCR22,PDDC1,1,1
WBSCR22,PITPNC1,1,1
WBSCR22,PLBD1,1,1
WBSCR22,PLEKHS1,1,1
WBSCR22,POLRMT,1,1
WBSCR22,POU3F3,1,1
WBSCR22,PPP2R2B,1,1
WBSCR22,PRDX6,1,1
WBSCR22,PRRX1,1,1
WBSCR22,PTK7,1,1
WBSCR22,PTPRD,1,1
WBSCR22,RBMS1,1,1
WBSCR22,RGS16,1,1
WBSCR22,RNASET2,1,1
WBSCR22,RNF152,1,1
WBSCR22,RP11-111F5.5,1,1
WBSCR22,RP11-111K18.1,1,1
WBSCR22,RP5-862P8.2,1,1
WBSCR22,RPN1,1,1
WBSCR22,RYR2,1,1
WBSCR22,SCARA5,1,1
WBSCR22,SCRG1,1,1
WBSCR22,SDC2,1,1
WBSCR22,SEC14L1,1,1
WBSCR22,SEL1L3,1,1
WBSCR22,SERPINE2,1,1
WBSCR22,SLC1A3,1,1
WBSCR22,SLC35E4,1,1
WBSCR22,SLC39A4,1,1
WBSCR22,SLC43A2,1,1
WBSCR22,SPATS1,1,1
WBSCR22,SPHK1,1,1
WBSCR22,STK32B,1,1
WBSCR22,SULF1,1,1
WBSCR22,SYAP1,1,1
WBSCR22,TBC1D10B,1,1
WBSCR22,TCN1,1,1
WBSCR22,TDRD1,1,1
WBSCR22,TENM1,1,1
WBSCR22,TGFB3,1,1
WBSCR22,TIGD1,1,1
WBSCR22,TNFAIP6,1,1
WBSCR22,TNFRSF21,1,1
WBSCR22,TOR1AIP2,1,1
WBSCR22,TRIM9,1,1
WBSCR22,TRPM8,1,1
WBSCR22,TSPAN13,1,1
WBSCR22,TSR3,1,1
WBSCR22,TYW1B,1,1
WBSCR22,UPF3A,1,1
WBSCR22,UROC1,1,1
WBSCR22,WNK4,1,1
WBSCR22,WT1,1,1
WBSCR22,WWTR1,1,1
WBSCR22,ZNF595,1,1
WBSCR22,BP-21264C1.1,1,1
RPLP1,RPL12,1,1
RPLP1,RPL17,1,1
RPLP1,RPL23,1,1
VPS25,ABCA8,1,1
VPS25,ADAP1,1,1
VPS25,ARHGAP20,1,1
VPS25,ASB4,1,1
VPS25,ATP9A,1,1
VPS25,B3GNT7,1,1
VPS25,B4GALNT3,1,1
VPS25,BMP6,1,1
VPS25,C12ORF60,1,1
VPS25,C1ORF115,1,1
VPS25,CACNA1H,1,1
VPS25,CBSL,1,1
VPS25,CCM2,1,1
VPS25,COQ6,1,1
VPS25,CSMD1,1,1
VPS25,CT45A1,1,1
VPS25,CT45A10,1,1
VPS25,CT45A6,1,1
VPS25,DDX43,1,1
VPS25,DNAJB6,1,1
VPS25,DNAJC30,1,1
VPS25,DSCR8,1,1
VPS25,EGFL7,1,1
VPS25,EMILIN1,1,1
VPS25,EYA2,1,1
VPS25,FMOD,1,1
VPS25,FOLH1,1,1
VPS25,FOXO1,1,1
VPS25,FOXP2,1,1
VPS25,GPC1,1,1
VPS25,GPR37,1,1
VPS25,GUCY1B3,1,1
VPS25,IFI16,1,1
VPS25,ITIH5,1,1
VPS25,KIFAP3,1,1
VPS25,MAPRE3,1,1
VPS25,MDH2,1,1
VPS25,MEOX2,1,1
VPS25,MGP,1,1
VPS25,MORN2,1,1
VPS25,NAP1L5,1,1
VPS25,NDUFA8,1,1
VPS25,NPHP1,1,1
VPS25,NTN1,1,1
VPS25,PATZ1,1,1
VPS25,PCDHB5,1,1
VPS25,PCDHB6,1,1
VPS25,PITPNC1,1,1
VPS25,PLBD1,1,1
VPS25,PPIC,1,1
VPS25,PPP3CB,1,1
VPS25,RORA,1,1
VPS25,S100A13,1,1
VPS25,SLC39A4,1,1
VPS25,SMIM20,1,1
VPS25,SMIM3,1,1
VPS25,SOCS2,1,1
VPS25,SOD3,1,1
VPS25,SRGAP2,1,1
VPS25,STAT3,1,1
VPS25,TDRD9,1,1
VPS25,UROC1,1,1
VPS25,WNK4,1,1
EIF2B3,ABHD14A,1,1
EIF2B3,C17ORF89,1,1
EIF2B3,C8ORF33,1,1
EIF2B3,CCNE1,1,1
EIF2B3,CNBP,1,1
EIF2B3,COTL1,1,1
EIF2B3,COX10,1,1
EIF2B3,CTU2,1,1
EIF2B3,DLX1,1,1
EIF2B3,DUSP14,1,1
EIF2B3,EFNA5,1,1
EIF2B3,EFTUD2,1,1
EIF2B3,EIF5A,1,1
EIF2B3,EPRS,1,1
EIF2B3,ETNK2,1,1
EIF2B3,FRMD6,1,1
EIF2B3,FXN,1,1
EIF2B3,GAPDH,1,1
EIF2B3,GOLIM4,1,1
EIF2B3,JRK,1,1
EIF2B3,KDELC2,1,1
EIF2B3,LRFN1,1,1
EIF2B3,LRRC59,1,1
EIF2B3,MAGEA2,1,1
EIF2B3,MED14,1,1
EIF2B3,MMADHC,1,1
EIF2B3,MPST,1,1
EIF2B3,MRPL4,1,1
EIF2B3,NMD3,1,1
EIF2B3,NOC2LP1,1,1
EIF2B3,PHF14,1,1
EIF2B3,PTK7,1,1
EIF2B3,RCL1,1,1
EIF2B3,SMO,1,1
EIF2B3,SNRPB2,1,1
EIF2B3,SPHK1,1,1
EIF2B3,TPI1,1,1
EIF2B3,TXNDC17,1,1
EIF2B3,UBE3B,1,1
EIF2B3,VAPA,1,1
EIF2B3,ZNF121,1,1
TPD52L1,AARS2,1,1
TPD52L1,ABCA8,1,1
TPD52L1,ADAM15,1,1
TPD52L1,ADCY1,1,1
TPD52L1,AKAP6,1,1
TPD52L1,ALG13,1,1
TPD52L1,ANKRD19P,1,1
TPD52L1,ANKRD45,1,1
TPD52L1,ANKRD54,1,1
TPD52L1,APOO,1,1
TPD52L1,ARHGAP20,1,1
TPD52L1,ARHGAP25,1,1
TPD52L1,ASB4,1,1
TPD52L1,ATOH8,1,1
TPD52L1,B3GNT7,1,1
TPD52L1,B4GALNT3,1,1
TPD52L1,B9D1,1,1
TPD52L1,BFSP1,1,1
TPD52L1,BMP6,1,1
TPD52L1,CBSL,1,1
TPD52L1,CC2D1A,1,1
TPD52L1,CCDC78,1,1
TPD52L1,CEP70,1,1
TPD52L1,CHPF,1,1
TPD52L1,CHST6,1,1
TPD52L1,CMB9-22P13.1,1,1
TPD52L1,CNIH3,1,1
TPD52L1,COL9A3,1,1
TPD52L1,COPB2,1,1
TPD52L1,COQ3,1,1
TPD52L1,CRISPLD1,1,1
TPD52L1,CSMD1,1,1
TPD52L1,CT45A1,1,1
TPD52L1,CT45A6,1,1
TPD52L1,DNAJB12,1,1
TPD52L1,DOK1,1,1
TPD52L1,DSCR8,1,1
TPD52L1,ENAH,1,1
TPD52L1,ENOX1,1,1
TPD52L1,EPHA3,1,1
TPD52L1,ERLIN2,1,1
TPD52L1,EYA2,1,1
TPD52L1,FABP7,1,1
TPD52L1,FAM188B,1,1
TPD52L1,FAM198B,1,1
TPD52L1,FAM46C,1,1
TPD52L1,FBF1,1,1
TPD52L1,FGF13,1,1
TPD52L1,FKBP11,1,1
TPD52L1,FKBP14,1,1
TPD52L1,FKBP9P1,1,1
TPD52L1,FMOD,1,1
TPD52L1,FOLH1,1,1
TPD52L1,FYB,1,1
TPD52L1,GAD1,1,1
TPD52L1,GHR,1,1
TPD52L1,GPC3,1,1
TPD52L1,GPC4,1,1
TPD52L1,GRIK2,1,1
TPD52L1,GRIK4,1,1
TPD52L1,HEY2,1,1
TPD52L1,HMCES,1,1
TPD52L1,HMCN1,1,1
TPD52L1,IARS2,1,1
TPD52L1,ID4,1,1
TPD52L1,IFI16,1,1
TPD52L1,IGFBP2,1,1
TPD52L1,INTS10,1,1
TPD52L1,ITGAX,1,1
TPD52L1,ITIH5,1,1
TPD52L1,ITIH6,1,1
TPD52L1,ITPRIPL2,1,1
TPD52L1,JSRP1,1,1
TPD52L1,LAMC3,1,1
TPD52L1,LIG3,1,1
TPD52L1,LRP2,1,1
TPD52L1,LYPLAL1,1,1
TPD52L1,MAFB,1,1
TPD52L1,MAMDC2,1,1
TPD52L1,MAOB,1,1
TPD52L1,MAP7D3,1,1
TPD52L1,MAPRE3,1,1
TPD52L1,MATK,1,1
TPD52L1,ME1,1,1
TPD52L1,METTL23,1,1
TPD52L1,MGP,1,1
TPD52L1,MMP15,1,1
TPD52L1,MRAP2,1,1
TPD52L1,MYD88,1,1
TPD52L1,NOMO3,1,1
TPD52L1,NPAS1,1,1
TPD52L1,NTN1,1,1
TPD52L1,OAZ1,1,1
TPD52L1,OFD1,1,1
TPD52L1,OPHN1,1,1
TPD52L1,P3H1,1,1
TPD52L1,P3H2,1,1
TPD52L1,PCCB,1,1
TPD52L1,PCDHB5,1,1
TPD52L1,PCDHB6,1,1
TPD52L1,PCOLCE2,1,1
TPD52L1,PDDC1,1,1
TPD52L1,PGM1,1,1
TPD52L1,PIEZO2,1,1
TPD52L1,PITPNC1,1,1
TPD52L1,PLBD1,1,1
TPD52L1,PLEKHS1,1,1
TPD52L1,PMS2CL,1,1
TPD52L1,PODXL2,1,1
TPD52L1,PPIC,1,1
TPD52L1,PPP1R13B,1,1
TPD52L1,PPP2R2B,1,1
TPD52L1,PRDX6,1,1
TPD52L1,PTGFRN,1,1
TPD52L1,RAB23,1,1
TPD52L1,RAPGEF5,1,1
TPD52L1,RNF152,1,1
TPD52L1,RNF216,1,1
TPD52L1,RP11-111F5.5,1,1
TPD52L1,RYR2,1,1
TPD52L1,SDC2,1,1
TPD52L1,SDK2,1,1
TPD52L1,SDSL,1,1
TPD52L1,SERPINA3,1,1
TPD52L1,SERPINE2,1,1
TPD52L1,SEZ6L2,1,1
TPD52L1,SLC19A3,1,1
TPD52L1,SLC26A2,1,1
TPD52L1,SLC26A4,1,1
TPD52L1,SLC2A3,1,1
TPD52L1,SMAP2,1,1
TPD52L1,SPARC,1,1
TPD52L1,SPATS1,1,1
TPD52L1,STAT3,1,1
TPD52L1,SULF1,1,1
TPD52L1,TBC1D10B,1,1
TPD52L1,TBC1D8,1,1
TPD52L1,TGFB3,1,1
TPD52L1,TMEM67,1,1
TPD52L1,TNFRSF21,1,1
TPD52L1,TPGS2,1,1
TPD52L1,TRIM9,1,1
TPD52L1,TRPM3,1,1
TPD52L1,TRPM8,1,1
TPD52L1,UROC1,1,1
TPD52L1,WNK4,1,1
TPD52L1,WWTR1,1,1
TPD52L1,XPR1,1,1
TPD52L1,ZNF595,1,1
CNIH3,AARS2,1,1
CNIH3,ACTN2,1,1
CNIH3,ADAM15,1,1
CNIH3,ADCY1,1,1
CNIH3,ADGRA3,1,1
CNIH3,ANKRD54,1,1
CNIH3,APOO,1,1
CNIH3,ARHGAP25,1,1
CNIH3,BCAP31,1,1
CNIH3,C16ORF52,1,1
CNIH3,CC2D1A,1,1
CNIH3,CEP70,1,1
CNIH3,CHST6,1,1
CNIH3,CMB9-22P13.1,1,1
CNIH3,CMTM8,1,1
CNIH3,COLGALT1,1,1
CNIH3,COPB2,1,1
CNIH3,DGKH,1,1
CNIH3,DNAJB12,1,1
CNIH3,DOK1,1,1
CNIH3,DPY19L1,1,1
CNIH3,EBF1,1,1
CNIH3,EIF3I,1,1
CNIH3,ENOX1,1,1
CNIH3,ERLEC1,1,1
CNIH3,EXOC1,1,1
CNIH3,FAM188B,1,1
CNIH3,FAM198B,1,1
CNIH3,FAM46C,1,1
CNIH3,FCGR2A,1,1
CNIH3,FGF13,1,1
CNIH3,FKBP11,1,1
CNIH3,FKBP14,1,1
CNIH3,GAD1,1,1
CNIH3,GHR,1,1
CNIH3,GPC3,1,1
CNIH3,GPC4,1,1
CNIH3,GPC6,1,1
CNIH3,ICAM1,1,1
CNIH3,IL1RAP,1,1
CNIH3,KAT5,1,1
CNIH3,KCNK5,1,1
CNIH3,KDSR,1,1
CNIH3,KIAA1191,1,1
CNIH3,LYPLAL1,1,1
CNIH3,ME1,1,1
CNIH3,METTL14,1,1
CNIH3,MLLT10,1,1
CNIH3,MRAP2,1,1
CNIH3,MYD88,1,1
CNIH3,MYH14,1,1
CNIH3,NOMO3,1,1
CNIH3,NPAS1,1,1
CNIH3,P3H1,1,1
CNIH3,P3H2,1,1
CNIH3,PAQR7,1,1
CNIH3,PCOLCE2,1,1
CNIH3,PDGFRL,1,1
CNIH3,PGM1,1,1
CNIH3,PI15,1,1
CNIH3,PIEZO2,1,1
CNIH3,PLPP3,1,1
CNIH3,PMS2CL,1,1
CNIH3,PRDX6,1,1
CNIH3,PTGFRN,1,1
CNIH3,PYCR2,1,1
CNIH3,RABL6,1,1
CNIH3,RAD17,1,1
CNIH3,RCN2,1,1
CNIH3,RNF152,1,1
CNIH3,ROR1,1,1
CNIH3,RPN1,1,1
CNIH3,SCG2,1,1
CNIH3,SDC2,1,1
CNIH3,SECISBP2,1,1
CNIH3,SLC19A3,1,1
CNIH3,SLC26A2,1,1
CNIH3,SLC26A4,1,1
CNIH3,SMAP2,1,1
CNIH3,SPARC,1,1
CNIH3,SRPRB,1,1
CNIH3,STON2,1,1
CNIH3,TBC1D10B,1,1
CNIH3,TGFB3,1,1
CNIH3,TIMP1,1,1
CNIH3,TMEM67,1,1
CNIH3,TPGS2,1,1
CNIH3,TVP23B,1,1
CNIH3,UNC80,1,1
CNIH3,VTI1A,1,1
CNIH3,WWTR1,1,1
FAM46C,ABCA8,1,1
FAM46C,ACTN2,1,1
FAM46C,ADAM15,1,1
FAM46C,ADGRB1,1,1
FAM46C,AFAP1L2,1,1
FAM46C,AGMO,1,1
FAM46C,AKAP6,1,1
FAM46C,ALG13,1,1
FAM46C,ANKRD45,1,1
FAM46C,ANKRD54,1,1
FAM46C,AP3D1,1,1
FAM46C,APOO,1,1
FAM46C,ARHGAP20,1,1
FAM46C,ARHGAP25,1,1
FAM46C,ARHGAP6,1,1
FAM46C,ART3,1,1
FAM46C,ASB4,1,1
FAM46C,ATP1B1,1,1
FAM46C,ATP9A,1,1
FAM46C,B3GNT7,1,1
FAM46C,B4GALNT3,1,1
FAM46C,BCAP31,1,1
FAM46C,BMP6,1,1
FAM46C,BST2,1,1
FAM46C,C1QTNF3,1,1
FAM46C,C1QTNF3-AMACR,1,1
FAM46C,CBSL,1,1
FAM46C,CC2D1A,1,1
FAM46C,CEP70,1,1
FAM46C,CHPF,1,1
FAM46C,CHURC1-FNTB,1,1
FAM46C,COL11A2,1,1
FAM46C,COL9A2,1,1
FAM46C,COL9A3,1,1
FAM46C,COLGALT2,1,1
FAM46C,COPB2,1,1
FAM46C,CSGALNACT1,1,1
FAM46C,CSMD1,1,1
FAM46C,CT45A1,1,1
FAM46C,CT45A10,1,1
FAM46C,CT45A3,1,1
FAM46C,CT45A5,1,1
FAM46C,CT45A6,1,1
FAM46C,CT45A8,1,1
FAM46C,CT45A9,1,1
FAM46C,CXCL16,1,1
FAM46C,DMRTA1,1,1
FAM46C,DOK1,1,1
FAM46C,DSCR8,1,1
FAM46C,EGFLAM,1,1
FAM46C,EMILIN1,1,1
FAM46C,ENAH,1,1
FAM46C,ENOX1,1,1
FAM46C,EPHA3,1,1
FAM46C,EPHB3,1,1
FAM46C,ERLIN2,1,1
FAM46C,EYA2,1,1
FAM46C,FAM188B,1,1
FAM46C,FAM198B,1,1
FAM46C,FAM212B,1,1
FAM46C,FAM86B1,1,1
FAM46C,FGF13,1,1
FAM46C,FKBP11,1,1
FAM46C,FKBP14,1,1
FAM46C,FKBP9P1,1,1
FAM46C,FMOD,1,1
FAM46C,FOLH1,1,1
FAM46C,FREM2,1,1
FAM46C,GALNT5,1,1
FAM46C,GHR,1,1
FAM46C,GLUD2,1,1
FAM46C,GPC1,1,1
FAM46C,GPC3,1,1
FAM46C,GPC4,1,1
FAM46C,GRIK2,1,1
FAM46C,GRIK4,1,1
FAM46C,HMCES,1,1
FAM46C,HS3ST3B1,1,1
FAM46C,IARS2,1,1
FAM46C,ID4,1,1
FAM46C,IFI16,1,1
FAM46C,IGFBP2,1,1
FAM46C,IL13RA2,1,1
FAM46C,IL1RAP,1,1
FAM46C,IL27RA,1,1
FAM46C,INTS10,1,1
FAM46C,ITGA10,1,1
FAM46C,ITIH5,1,1
FAM46C,ITIH6,1,1
FAM46C,ITPR2,1,1
FAM46C,ITPRIPL2,1,1
FAM46C,KCNC3,1,1
FAM46C,KCNK5,1,1
FAM46C,LAMA2,1,1
FAM46C,LAMA4,1,1
FAM46C,LAMC3,1,1
FAM46C,LOXL3,1,1
FAM46C,LRP2,1,1
FAM46C,LRRC75A,1,1
FAM46C,LYPLAL1,1,1
FAM46C,MAFB,1,1
FAM46C,MAMDC2,1,1
FAM46C,MAOB,1,1
FAM46C,MATK,1,1
FAM46C,ME1,1,1
FAM46C,MEOX2,1,1
FAM46C,MGP,1,1
FAM46C,MICALL2,1,1
FAM46C,MMP15,1,1
FAM46C,MRAP2,1,1
FAM46C,MTUS1,1,1
FAM46C,NDRG1,1,1
FAM46C,NKX2-5,1,1
FAM46C,NOMO3,1,1
FAM46C,NPAS1,1,1
FAM46C,NR0B1,1,1
FAM46C,NTN1,1,1
FAM46C,OAZ1,1,1
FAM46C,OFD1,1,1
FAM46C,P3H1,1,1
FAM46C,P3H2,1,1
FAM46C,PATZ1,1,1
FAM46C,PCDHA1,1,1
FAM46C,PCDHA10,1,1
FAM46C,PCDHA11,1,1
FAM46C,PCDHB11,1,1
FAM46C,PCDHB16,1,1
FAM46C,PCDHB17P,1,1
FAM46C,PCDHB2,1,1
FAM46C,PCDHB5,1,1
FAM46C,PCDHB6,1,1
FAM46C,PCDHB7,1,1
FAM46C,PCOLCE2,1,1
FAM46C,PDDC1,1,1
FAM46C,PGM1,1,1
FAM46C,PIEZO2,1,1
FAM46C,PITPNC1,1,1
FAM46C,PLBD1,1,1
FAM46C,PLEKHS1,1,1
FAM46C,PMS2CL,1,1
FAM46C,PODXL2,1,1
FAM46C,POU3F3,1,1
FAM46C,PPIC,1,1
FAM46C,PRDX6,1,1
FAM46C,PRPSAP2,1,1
FAM46C,PTGFRN,1,1
FAM46C,PTPRD,1,1
FAM46C,RAB7B,1,1
FAM46C,RAPGEF5,1,1
FAM46C,RBMS1,1,1
FAM46C,RNASET2,1,1
FAM46C,RNF152,1,1
FAM46C,RNF216,1,1
FAM46C,ROR1,1,1
FAM46C,RP11-111F5.5,1,1
FAM46C,RPN1,1,1
FAM46C,RYR2,1,1
FAM46C,SCARA5,1,1
FAM46C,SCRG1,1,1
FAM46C,SDC2,1,1
FAM46C,SEC14L1,1,1
FAM46C,SERPINE2,1,1
FAM46C,SEZ6L2,1,1
FAM46C,SLC19A3,1,1
FAM46C,SLC26A4,1,1
FAM46C,SLC39A4,1,1
FAM46C,SMAP2,1,1
FAM46C,SPARC,1,1
FAM46C,SPATS1,1,1
FAM46C,SPRY4,1,1
FAM46C,SRPRB,1,1
FAM46C,STK32B,1,1
FAM46C,STON2,1,1
FAM46C,TBC1D10B,1,1
FAM46C,TCN1,1,1
FAM46C,TDRD1,1,1
FAM46C,TENM1,1,1
FAM46C,TGFA,1,1
FAM46C,TGFB3,1,1
FAM46C,TIGD1,1,1
FAM46C,TIMP1,1,1
FAM46C,TMEM67,1,1
FAM46C,TNFAIP6,1,1
FAM46C,TOR1AIP2,1,1
FAM46C,TOR3A,1,1
FAM46C,TPGS2,1,1
FAM46C,TRIM47,1,1
FAM46C,TRIM9,1,1
FAM46C,TRPM8,1,1
FAM46C,TSPAN13,1,1
FAM46C,TVP23B,1,1
FAM46C,UNC80,1,1
FAM46C,UPF3A,1,1
FAM46C,UROC1,1,1
FAM46C,WNK4,1,1
FAM46C,WWTR1,1,1
FAM46C,XIAP,1,1
FAM46C,XPR1,1,1
FAM46C,ZNF595,1,1
FGF2,ABCC1,1,1
FGF2,ANAPC13,1,1
FGF2,ATG101,1,1
FGF2,ATP1B1,1,1
FGF2,C17ORF89,1,1
FGF2,C17ORF96,1,1
FGF2,C3ORF58,1,1
FGF2,COLGALT2,1,1
FGF2,COTL1,1,1
FGF2,DCUN1D5,1,1
FGF2,DLX2,1,1
FGF2,EIF1AX,1,1
FGF2,FREM2,1,1
FGF2,GOLIM4,1,1
FGF2,GTF2H2C_2,1,1
FGF2,KIAA1328,1,1
FGF2,L3HYPDH,1,1
FGF2,LIMS1,1,1
FGF2,MIPOL1,1,1
FGF2,MMADHC,1,1
FGF2,MMP16,1,1
FGF2,NMD3,1,1
FGF2,SEC14L1,1,1
FGF2,SLC43A2,1,1
FGF2,SNRPB2,1,1
FGF2,SPHK1,1,1
FGF2,TAB1,1,1
FGF2,TOR1AIP2,1,1
FGF2,TPI1,1,1
FGF2,TSPAN13,1,1
FGF2,WDR11,1,1
FGF2,WT1,1,1
FGF2,ZNF335,1,1
AP1AR,GDI2,1,1
AP1AR,RELL2,1,1
AP1AR,SMARCAD1,1,1
METTL23,ADAM15,1,1
METTL23,ADCY1,1,1
METTL23,AMZ2,1,1
METTL23,ANKRD19P,1,1
METTL23,ANKRD54,1,1
METTL23,APOO,1,1
METTL23,ARHGAP20,1,1
METTL23,ATOH8,1,1
METTL23,B4GALT4,1,1
METTL23,B9D1,1,1
METTL23,BORCS7,1,1
METTL23,C8ORF48,1,1
METTL23,CHPF,1,1
METTL23,CMB9-22P13.1,1,1
METTL23,COPG1,1,1
METTL23,CRISPLD1,1,1
METTL23,DNAJB12,1,1
METTL23,ENOX1,1,1
METTL23,ETFB,1,1
METTL23,FABP7,1,1
METTL23,FBF1,1,1
METTL23,FKBP11,1,1
METTL23,FKBP9,1,1
METTL23,GAD1,1,1
METTL23,GDI2,1,1
METTL23,GHR,1,1
METTL23,GPC4,1,1
METTL23,GRIK2,1,1
METTL23,HEY2,1,1
METTL23,HMCES,1,1
METTL23,HMCN1,1,1
METTL23,ID4,1,1
METTL23,IFI16,1,1
METTL23,IL13RA1,1,1
METTL23,INTS10,1,1
METTL23,KIFAP3,1,1
METTL23,LAMC3,1,1
METTL23,LDLRAP1,1,1
METTL23,LRP2,1,1
METTL23,MAN1B1,1,1
METTL23,MAOB,1,1
METTL23,MAP7D3,1,1
METTL23,MAPRE3,1,1
METTL23,MMP15,1,1
METTL23,P3H1,1,1
METTL23,PGRMC1,1,1
METTL23,PHLDA1,1,1
METTL23,PODXL2,1,1
METTL23,PPFIA3,1,1
METTL23,PPIC,1,1
METTL23,PPP1R13B,1,1
METTL23,PRDX4,1,1
METTL23,RAB23,1,1
METTL23,RELL2,1,1
METTL23,SCARF2,1,1
METTL23,SDC2,1,1
METTL23,SDSL,1,1
METTL23,SEZ6L2,1,1
METTL23,SLC35G1,1,1
METTL23,SLC43A1,1,1
METTL23,SMAP2,1,1
METTL23,SPATS1,1,1
METTL23,STAT3,1,1
METTL23,TBC1D8,1,1
METTL23,TMEM62,1,1
METTL23,TRPM3,1,1
METTL23,TXNL1,1,1
TNFRSF21,ABCA8,1,1
TNFRSF21,ADA,1,1
TNFRSF21,ANKRD45,1,1
TNFRSF21,ARHGAP20,1,1
TNFRSF21,ASB4,1,1
TNFRSF21,ATP1B1,1,1
TNFRSF21,B3GNT7,1,1
TNFRSF21,B4GALNT3,1,1
TNFRSF21,BAALC,1,1
TNFRSF21,BFSP1,1,1
TNFRSF21,BMP6,1,1
TNFRSF21,CBSL,1,1
TNFRSF21,CC2D1A,1,1
TNFRSF21,CCDC113,1,1
TNFRSF21,CCDC78,1,1
TNFRSF21,CDH12,1,1
TNFRSF21,CGREF1,1,1
TNFRSF21,CHRDL1,1,1
TNFRSF21,COQ3,1,1
TNFRSF21,COQ6,1,1
TNFRSF21,CSMD1,1,1
TNFRSF21,CT45A1,1,1
TNFRSF21,CT45A6,1,1
TNFRSF21,DSCR8,1,1
TNFRSF21,EYA2,1,1
TNFRSF21,FAM134B,1,1
TNFRSF21,FAM72C,1,1
TNFRSF21,FMOD,1,1
TNFRSF21,FOLH1,1,1
TNFRSF21,GABRG3,1,1
TNFRSF21,IGFBP2,1,1
TNFRSF21,ITGAX,1,1
TNFRSF21,ITIH5,1,1
TNFRSF21,ITIH6,1,1
TNFRSF21,KREMEN2,1,1
TNFRSF21,LAMA2,1,1
TNFRSF21,LAMC3,1,1
TNFRSF21,LAPTM4B,1,1
TNFRSF21,LRP2,1,1
TNFRSF21,MAMDC2,1,1
TNFRSF21,MAOB,1,1
TNFRSF21,MDH2,1,1
TNFRSF21,MDM2,1,1
TNFRSF21,MGP,1,1
TNFRSF21,NTN1,1,1
TNFRSF21,OAZ1,1,1
TNFRSF21,OLFM2,1,1
TNFRSF21,OPHN1,1,1
TNFRSF21,P3H4,1,1
TNFRSF21,PCDHB11,1,1
TNFRSF21,PCDHB5,1,1
TNFRSF21,PCDHB6,1,1
TNFRSF21,PCDHB7,1,1
TNFRSF21,PCOLCE,1,1
TNFRSF21,PEX5L,1,1
TNFRSF21,PITPNC1,1,1
TNFRSF21,PLBD1,1,1
TNFRSF21,PLEKHS1,1,1
TNFRSF21,PODXL2,1,1
TNFRSF21,PPP2R2B,1,1
TNFRSF21,RNASE1,1,1
TNFRSF21,RP11-111F5.5,1,1
TNFRSF21,RYR2,1,1
TNFRSF21,SDC2,1,1
TNFRSF21,SDK2,1,1
TNFRSF21,SEL1L3,1,1
TNFRSF21,SEMA3E,1,1
TNFRSF21,SERPINA3,1,1
TNFRSF21,SEZ6L2,1,1
TNFRSF21,SKIV2L,1,1
TNFRSF21,SLC40A1,1,1
TNFRSF21,SOD3,1,1
TNFRSF21,SPARC,1,1
TNFRSF21,SPATS1,1,1
TNFRSF21,SULF1,1,1
TNFRSF21,TACO1,1,1
TNFRSF21,TARS2,1,1
TNFRSF21,TBC1D10B,1,1
TNFRSF21,TIGD1,1,1
TNFRSF21,TRPM8,1,1
TNFRSF21,UROC1,1,1
TNFRSF21,WBSCR27,1,1
TNFRSF21,WNK4,1,1
TNFRSF21,BP-21264C1.1,1,1
TMEM158,CHRNA6,1,1
TMEM158,EDEM1,1,1
TMEM158,PLAT,1,1
TMEM158,PLPP3,1,1
TMEM158,SCG2,1,1
TMEM158,TMEM45A,1,1
ULBP2,C16ORF52,1,1
ULBP2,CD55,1,1
ULBP2,EIF3I,1,1
ULBP2,GAPDH,1,1
ULBP2,GARS,1,1
ULBP2,GPC6,1,1
ULBP2,HACD3,1,1
ULBP2,HSPB8,1,1
ULBP2,IPO8,1,1
ULBP2,ITGA4,1,1
ULBP2,LGALSL,1,1
ULBP2,MORF4L2,1,1
ULBP2,PAQR7,1,1
ULBP2,RABL6,1,1
ULBP2,SPARC,1,1
ULBP2,ZDHHC6,1,1
ADA,BAALC,1,1
ADA,BFSP1,1,1
ADA,BMP6,1,1
ADA,C10ORF76,1,1
ADA,CCDC113,1,1
ADA,CCDC78,1,1
ADA,CGREF1,1,1
ADA,COQ6,1,1
ADA,CSMD1,1,1
ADA,DSCR8,1,1
ADA,FAM134B,1,1
ADA,FMOD,1,1
ADA,FOLH1,1,1
ADA,GABRG3,1,1
ADA,ITGAX,1,1
ADA,JUNB,1,1
ADA,LAMA2,1,1
ADA,MAMDC2,1,1
ADA,MAOA,1,1
ADA,P3H4,1,1
ADA,PCDHB11,1,1
ADA,PCOLCE,1,1
ADA,PEX5L,1,1
ADA,PITPNC1,1,1
ADA,PSMD10,1,1
ADA,RBM20,1,1
ADA,RNASE1,1,1
ADA,RP11-43F13.1,1,1
ADA,SDK2,1,1
ADA,SEMA3E,1,1
ADA,SERPINA3,1,1
ADA,SLC29A4,1,1
ADA,SOD3,1,1
ADA,SPAG4,1,1
ADA,STYXL1,1,1
ADA,TARS2,1,1
ADA,UROC1,1,1
ADA,WBSCR27,1,1
ADA,BP-21264C1.1,1,1
SEMA3E,ABCA8,1,1
SEMA3E,ACAD11,1,1
SEMA3E,ADAP1,1,1
SEMA3E,AKAP6,1,1
SEMA3E,ANKRD45,1,1
SEMA3E,ARHGAP20,1,1
SEMA3E,ASB4,1,1
SEMA3E,B3GALT1,1,1
SEMA3E,B3GNT7,1,1
SEMA3E,B4GALNT3,1,1
SEMA3E,BAALC,1,1
SEMA3E,BFSP1,1,1
SEMA3E,BMP6,1,1
SEMA3E,BST2,1,1
SEMA3E,C12ORF60,1,1
SEMA3E,CACNA1H,1,1
SEMA3E,CADM4,1,1
SEMA3E,CBSL,1,1
SEMA3E,CCDC113,1,1
SEMA3E,CCDC78,1,1
SEMA3E,CDH12,1,1
SEMA3E,CGREF1,1,1
SEMA3E,COQ6,1,1
SEMA3E,CSMD1,1,1
SEMA3E,CT45A1,1,1
SEMA3E,CT45A6,1,1
SEMA3E,DDX43,1,1
SEMA3E,DEPDC7,1,1
SEMA3E,DNAJC30,1,1
SEMA3E,DSCR8,1,1
SEMA3E,EGFL7,1,1
SEMA3E,EMILIN1,1,1
SEMA3E,EYA2,1,1
SEMA3E,FAM134B,1,1
SEMA3E,FDXR,1,1
SEMA3E,FMOD,1,1
SEMA3E,FOLH1,1,1
SEMA3E,GABRG3,1,1
SEMA3E,GRIK4,1,1
SEMA3E,GUCY1B3,1,1
SEMA3E,IGFBP2,1,1
SEMA3E,ITGAX,1,1
SEMA3E,ITIH5,1,1
SEMA3E,ITIH6,1,1
SEMA3E,JUNB,1,1
SEMA3E,LAMA2,1,1
SEMA3E,LRP2,1,1
SEMA3E,MAFB,1,1
SEMA3E,MAMDC2,1,1
SEMA3E,MAPRE3,1,1
SEMA3E,MDH2,1,1
SEMA3E,MDM2,1,1
SEMA3E,MGP,1,1
SEMA3E,NTN1,1,1
SEMA3E,OLFM2,1,1
SEMA3E,OPHN1,1,1
SEMA3E,P3H4,1,1
SEMA3E,PCDHA1,1,1
SEMA3E,PCDHB11,1,1
SEMA3E,PCDHB5,1,1
SEMA3E,PCDHB6,1,1
SEMA3E,PCDHB7,1,1
SEMA3E,PCOLCE,1,1
SEMA3E,PEX5L,1,1
SEMA3E,PITPNC1,1,1
SEMA3E,PLBD1,1,1
SEMA3E,PLEKHS1,1,1
SEMA3E,PPIC,1,1
SEMA3E,PPP2R2B,1,1
SEMA3E,PRKCD,1,1
SEMA3E,RNASE1,1,1
SEMA3E,RP11-111F5.5,1,1
SEMA3E,RP11-43F13.1,1,1
SEMA3E,RYR2,1,1
SEMA3E,SBNO2,1,1
SEMA3E,SDK2,1,1
SEMA3E,SEL1L3,1,1
SEMA3E,SERPINA3,1,1
SEMA3E,SLC40A1,1,1
SEMA3E,SLC5A4,1,1
SEMA3E,SMIM3,1,1
SEMA3E,SOCS2,1,1
SEMA3E,SOD3,1,1
SEMA3E,SPAG4,1,1
SEMA3E,STAT3,1,1
SEMA3E,SULF1,1,1
SEMA3E,TACO1,1,1
SEMA3E,TRPM8,1,1
SEMA3E,UROC1,1,1
SEMA3E,WBSCR27,1,1
RP11-111K18.1,ABCA8,1,1
RP11-111K18.1,ADGRB1,1,1
RP11-111K18.1,AFAP1L2,1,1
RP11-111K18.1,AGMO,1,1
RP11-111K18.1,ANKRD45,1,1
RP11-111K18.1,ARCN1,1,1
RP11-111K18.1,ARHGAP5,1,1
RP11-111K18.1,ARHGAP6,1,1
RP11-111K18.1,ASB4,1,1
RP11-111K18.1,ATP9A,1,1
RP11-111K18.1,B3GNT7,1,1
RP11-111K18.1,C1QTNF3,1,1
RP11-111K18.1,C1QTNF3-AMACR,1,1
RP11-111K18.1,CBSL,1,1
RP11-111K18.1,CC2D1A,1,1
RP11-111K18.1,CEP70,1,1
RP11-111K18.1,COL9A2,1,1
RP11-111K18.1,COL9A3,1,1
RP11-111K18.1,COLGALT2,1,1
RP11-111K18.1,CT45A1,1,1
RP11-111K18.1,CT45A10,1,1
RP11-111K18.1,CT45A3,1,1
RP11-111K18.1,CT45A5,1,1
RP11-111K18.1,CT45A6,1,1
RP11-111K18.1,CT45A8,1,1
RP11-111K18.1,CT45A9,1,1
RP11-111K18.1,DMRTA1,1,1
RP11-111K18.1,ENAH,1,1
RP11-111K18.1,EPHA3,1,1
RP11-111K18.1,ERLIN2,1,1
RP11-111K18.1,EYA2,1,1
RP11-111K18.1,FAM212B,1,1
RP11-111K18.1,FAM86B1,1,1
RP11-111K18.1,FOLH1,1,1
RP11-111K18.1,FOXF1,1,1
RP11-111K18.1,FREM2,1,1
RP11-111K18.1,GALNT5,1,1
RP11-111K18.1,GRIK4,1,1
RP11-111K18.1,IL13RA2,1,1
RP11-111K18.1,ITIH5,1,1
RP11-111K18.1,ITPRIPL2,1,1
RP11-111K18.1,KCNC3,1,1
RP11-111K18.1,LAMA2,1,1
RP11-111K18.1,LOXL3,1,1
RP11-111K18.1,MAMDC2,1,1
RP11-111K18.1,MATK,1,1
RP11-111K18.1,MEOX2,1,1
RP11-111K18.1,NDRG1,1,1
RP11-111K18.1,NKX2-5,1,1
RP11-111K18.1,NTN1,1,1
RP11-111K18.1,PATZ1,1,1
RP11-111K18.1,PCDHA1,1,1
RP11-111K18.1,PCDHA10,1,1
RP11-111K18.1,PCDHB11,1,1
RP11-111K18.1,PCDHB16,1,1
RP11-111K18.1,PCDHB17P,1,1
RP11-111K18.1,PCDHB2,1,1
RP11-111K18.1,PCDHB5,1,1
RP11-111K18.1,PCDHB6,1,1
RP11-111K18.1,PCDHB7,1,1
RP11-111K18.1,PCOLCE,1,1
RP11-111K18.1,PITPNC1,1,1
RP11-111K18.1,PLBD1,1,1
RP11-111K18.1,POU3F3,1,1
RP11-111K18.1,PPIC,1,1
RP11-111K18.1,PRR4,1,1
RP11-111K18.1,RBMS1,1,1
RP11-111K18.1,RGS16,1,1
RP11-111K18.1,RYR2,1,1
RP11-111K18.1,SCARA5,1,1
RP11-111K18.1,SEC14L1,1,1
RP11-111K18.1,SERPINE2,1,1
RP11-111K18.1,STK32B,1,1
RP11-111K18.1,TGFB3,1,1
RP11-111K18.1,TIGD1,1,1
RP11-111K18.1,TRIM9,1,1
RP11-111K18.1,TSPAN13,1,1
RP11-111K18.1,UBA1,1,1
RP11-111K18.1,WWTR1,1,1
RP11-111K18.1,ZNF595,1,1
RP11-111K18.1,BP-21264C1.1,1,1
SMO,CNBP,1,1
SMO,CTU2,1,1
SMO,EIF5A,1,1
SMO,ETNK2,1,1
SMO,GAPDH,1,1
SMO,MORF4L2,1,1
SMO,NMD3,1,1
SMO,PSMG3,1,1
SMO,PTK7,1,1
SMO,SDHD,1,1
SMO,SLC7A6OS,1,1
SMO,SPHK1,1,1
SMO,STYX,1,1
SMO,TXNDC17,1,1
SMO,UCK1,1,1
DIS3L2,CDC42EP3,1,1
DIS3L2,ILK,1,1
DIS3L2,NR0B1,1,1
DIS3L2,NRSN2,1,1
DIS3L2,PRRX1,1,1
DIS3L2,S100A13,1,1
DIS3L2,ZNF721,1,1
ANKRD54,AARS2,1,1
ANKRD54,ACAD9,1,1
ANKRD54,ACTN2,1,1
ANKRD54,ADAM15,1,1
ANKRD54,ADAMTS9,1,1
ANKRD54,ADCY1,1,1
ANKRD54,ANKRD19P,1,1
ANKRD54,APOO,1,1
ANKRD54,ARHGAP25,1,1
ANKRD54,ATP1B3,1,1
ANKRD54,B4GALT4,1,1
ANKRD54,BCAP31,1,1
ANKRD54,CCSAP,1,1
ANKRD54,CENPL,1,1
ANKRD54,CHST6,1,1
ANKRD54,CLCC1,1,1
ANKRD54,CMB9-22P13.1,1,1
ANKRD54,CMTM8,1,1
ANKRD54,COL19A1,1,1
ANKRD54,COLGALT1,1,1
ANKRD54,COPB2,1,1
ANKRD54,CRISPLD1,1,1
ANKRD54,CSGALNACT1,1,1
ANKRD54,CST1,1,1
ANKRD54,DGKH,1,1
ANKRD54,DNAJB12,1,1
ANKRD54,DOK1,1,1
ANKRD54,DPY19L1,1,1
ANKRD54,EBF1,1,1
ANKRD54,ENOX1,1,1
ANKRD54,EPDR1,1,1
ANKRD54,EPHA3,1,1
ANKRD54,ETV1,1,1
ANKRD54,FABP7,1,1
ANKRD54,FAM188B,1,1
ANKRD54,FAM198B,1,1
ANKRD54,FCGR2A,1,1
ANKRD54,FGF13,1,1
ANKRD54,FKBP11,1,1
ANKRD54,FKBP14,1,1
ANKRD54,FKBP9P1,1,1
ANKRD54,GAD1,1,1
ANKRD54,GALNT2,1,1
ANKRD54,GHR,1,1
ANKRD54,GLCCI1,1,1
ANKRD54,GPC3,1,1
ANKRD54,GPC4,1,1
ANKRD54,GPC6,1,1
ANKRD54,HMCES,1,1
ANKRD54,HMCN1,1,1
ANKRD54,IARS2,1,1
ANKRD54,ICAM1,1,1
ANKRD54,ID4,1,1
ANKRD54,IL1RAP,1,1
ANKRD54,INTS10,1,1
ANKRD54,ITGB5,1,1
ANKRD54,ITPR2,1,1
ANKRD54,KCNK5,1,1
ANKRD54,KIAA1191,1,1
ANKRD54,LAMC3,1,1
ANKRD54,LIG3,1,1
ANKRD54,LYPLAL1,1,1
ANKRD54,MAN1B1,1,1
ANKRD54,MBD4,1,1
ANKRD54,ME1,1,1
ANKRD54,METTL14,1,1
ANKRD54,MMP15,1,1
ANKRD54,MRAP2,1,1
ANKRD54,MRPL57,1,1
ANKRD54,MTUS1,1,1
ANKRD54,MYD88,1,1
ANKRD54,MYH14,1,1
ANKRD54,N4BP2L2,1,1
ANKRD54,NAPG,1,1
ANKRD54,NDUFA9,1,1
ANKRD54,NDUFAF2,1,1
ANKRD54,NFKBIE,1,1
ANKRD54,NOMO1,1,1
ANKRD54,NOMO3,1,1
ANKRD54,NPAS1,1,1
ANKRD54,NSF,1,1
ANKRD54,NT5DC2,1,1
ANKRD54,P3H1,1,1
ANKRD54,P3H2,1,1
ANKRD54,PAQR7,1,1
ANKRD54,PCOLCE2,1,1
ANKRD54,PDDC1,1,1
ANKRD54,PDGFRL,1,1
ANKRD54,PGBD1,1,1
ANKRD54,PGM1,1,1
ANKRD54,PGRMC1,1,1
ANKRD54,PI15,1,1
ANKRD54,PIEZO2,1,1
ANKRD54,PLPP3,1,1
ANKRD54,PMS2CL,1,1
ANKRD54,PNMA2,1,1
ANKRD54,PODXL2,1,1
ANKRD54,PPFIA3,1,1
ANKRD54,PPIA,1,1
ANKRD54,PPP1R13B,1,1
ANKRD54,PRDX4,1,1
ANKRD54,PRDX6,1,1
ANKRD54,PTGFRN,1,1
ANKRD54,RAB23,1,1
ANKRD54,RAD17,1,1
ANKRD54,RCN2,1,1
ANKRD54,RNF152,1,1
ANKRD54,RNF216,1,1
ANKRD54,ROR1,1,1
ANKRD54,SCG2,1,1
ANKRD54,SDC2,1,1
ANKRD54,SDSL,1,1
ANKRD54,SHROOM1,1,1
ANKRD54,SLC19A3,1,1
ANKRD54,SLC1A1,1,1
ANKRD54,SLC26A2,1,1
ANKRD54,SLC26A4,1,1
ANKRD54,SLC35G1,1,1
ANKRD54,SLC44A1,1,1
ANKRD54,SMAP2,1,1
ANKRD54,STON2,1,1
ANKRD54,TBRG4,1,1
ANKRD54,TGFB3,1,1
ANKRD54,TMEM5,1,1
ANKRD54,TMEM62,1,1
ANKRD54,TMEM67,1,1
ANKRD54,TOR3A,1,1
ANKRD54,TPGS2,1,1
ANKRD54,TRPM3,1,1
ANKRD54,TVP23B,1,1
ANKRD54,UNC80,1,1
ANKRD54,WWTR1,1,1
ANKRD54,XPR1,1,1
ANKRD54,ZBTB33,1,1
ANKRD54,ZNF736,1,1
LDHB,BATF3,1,1
LDHB,CDKL1,1,1
LDHB,CPNE3,1,1
LDHB,DUSP23,1,1
LDHB,EIF4H,1,1
LDHB,NGRN,1,1
LDHB,PRKAR1B,1,1
LDHB,PTPN12,1,1
LDHB,RANBP17,1,1
LDHB,RNF144B,1,1
LDHB,RP5-862P8.2,1,1
LDHB,TYW1B,1,1
LDHB,BP-21264C1.1,1,1
MTX1,GPKOW,1,1
MTX1,SCAF4,1,1
MTX1,SNAPC5,1,1
PRKAB1,ADAMTS9,1,1
PRKAB1,ADCY1,1,1
PRKAB1,APOO,1,1
PRKAB1,ATP1B3,1,1
PRKAB1,C17ORF58,1,1
PRKAB1,C8ORF58,1,1
PRKAB1,CCSAP,1,1
PRKAB1,CMB9-22P13.1,1,1
PRKAB1,CMTM8,1,1
PRKAB1,COLGALT1,1,1
PRKAB1,CST1,1,1
PRKAB1,CXXC1,1,1
PRKAB1,DOCK10,1,1
PRKAB1,FCGR2A,1,1
PRKAB1,GAD1,1,1
PRKAB1,GALNT2,1,1
PRKAB1,GCAT,1,1
PRKAB1,HOXA13,1,1
PRKAB1,ITGA9,1,1
PRKAB1,MYD88,1,1
PRKAB1,MYH14,1,1
PRKAB1,NDUFV2,1,1
PRKAB1,NOMO1,1,1
PRKAB1,PDGFRL,1,1
PRKAB1,PGRMC1,1,1
PRKAB1,PI15,1,1
PRKAB1,PPIA,1,1
PRKAB1,PWWP2A,1,1
PRKAB1,SLC22A5,1,1
PRKAB1,SLC26A2,1,1
PRKAB1,SLC35G1,1,1
PRKAB1,SLC44A1,1,1
PRKAB1,SMAP2,1,1
PRKAB1,TBRG4,1,1
PRKAB1,TIMMDC1,1,1
PRKAB1,TRAPPC10,1,1
PRKAB1,ZNF280A,1,1
GPC6,AARS2,1,1
GPC6,ACAD9,1,1
GPC6,ADAM15,1,1
GPC6,ADAMTS9,1,1
GPC6,ANKRD19P,1,1
GPC6,ARHGAP25,1,1
GPC6,ASB9,1,1
GPC6,BX004987.1,1,1
GPC6,C16ORF52,1,1
GPC6,CD55,1,1
GPC6,CHST6,1,1
GPC6,CMTM8,1,1
GPC6,COLGALT1,1,1
GPC6,COPB2,1,1
GPC6,CST1,1,1
GPC6,EBF1,1,1
GPC6,EIF3I,1,1
GPC6,ENOX1,1,1
GPC6,EPDR1,1,1
GPC6,ERLEC1,1,1
GPC6,EXOC1,1,1
GPC6,FCGR2A,1,1
GPC6,FGF13,1,1
GPC6,GAD1,1,1
GPC6,GAPDH,1,1
GPC6,GHR,1,1
GPC6,GPC4,1,1
GPC6,GULP1,1,1
GPC6,HACD3,1,1
GPC6,HMCES,1,1
GPC6,HOXA13,1,1
GPC6,HSPB8,1,1
GPC6,ICAM1,1,1
GPC6,IPO8,1,1
GPC6,KAT5,1,1
GPC6,KCNK5,1,1
GPC6,KDSR,1,1
GPC6,KIAA1191,1,1
GPC6,LGALSL,1,1
GPC6,LIG3,1,1
GPC6,MBD4,1,1
GPC6,ME1,1,1
GPC6,MLLT10,1,1
GPC6,MYD88,1,1
GPC6,NOA1,1,1
GPC6,NOC2LP1,1,1
GPC6,NOMO3,1,1
GPC6,OFD1,1,1
GPC6,PAQR7,1,1
GPC6,PCOLCE2,1,1
GPC6,PDGFRL,1,1
GPC6,PGM1,1,1
GPC6,PI15,1,1
GPC6,PIEZO2,1,1
GPC6,PLPP3,1,1
GPC6,PRDX6,1,1
GPC6,PTGFRN,1,1
GPC6,RABL6,1,1
GPC6,RCN2,1,1
GPC6,RNF216,1,1
GPC6,RUFY1,1,1
GPC6,SCG2,1,1
GPC6,SLC22A5,1,1
GPC6,SLC26A2,1,1
GPC6,SLC26A4,1,1
GPC6,SOBP,1,1
GPC6,SPARC,1,1
GPC6,TBC1D10B,1,1
GPC6,TBRG4,1,1
GPC6,TMEM67,1,1
GPC6,TVP23B,1,1
GPC6,UNC80,1,1
GPC6,ZDHHC3,1,1
GPC6,ZDHHC6,1,1
LOXL3,ABCA8,1,1
LOXL3,AC004980.7,1,1
LOXL3,ADGRB1,1,1
LOXL3,AFAP1L2,1,1
LOXL3,AGMO,1,1
LOXL3,AKAP6,1,1
LOXL3,ALG13,1,1
LOXL3,ANGPTL1,1,1
LOXL3,ANKRD45,1,1
LOXL3,AP3D1,1,1
LOXL3,ARCN1,1,1
LOXL3,ARHGAP5,1,1
LOXL3,ARHGAP6,1,1
LOXL3,ART3,1,1
LOXL3,ASB4,1,1
LOXL3,ATP11C,1,1
LOXL3,ATP1B1,1,1
LOXL3,ATP9A,1,1
LOXL3,B3GNT7,1,1
LOXL3,B4GALNT3,1,1
LOXL3,BMP6,1,1
LOXL3,BST2,1,1
LOXL3,C17ORF96,1,1
LOXL3,C1QTNF3,1,1
LOXL3,C1QTNF3-AMACR,1,1
LOXL3,CADM4,1,1
LOXL3,CBSL,1,1
LOXL3,CC2D1A,1,1
LOXL3,CDH12,1,1
LOXL3,CEP70,1,1
LOXL3,CHURC1-FNTB,1,1
LOXL3,COL9A2,1,1
LOXL3,COL9A3,1,1
LOXL3,COLGALT2,1,1
LOXL3,CSGALNACT1,1,1
LOXL3,CSMD1,1,1
LOXL3,CT45A1,1,1
LOXL3,CT45A10,1,1
LOXL3,CT45A3,1,1
LOXL3,CT45A5,1,1
LOXL3,CT45A6,1,1
LOXL3,CT45A8,1,1
LOXL3,CT45A9,1,1
LOXL3,DDX43,1,1
LOXL3,DMRT2,1,1
LOXL3,DMRTA1,1,1
LOXL3,DNAJC30,1,1
LOXL3,DOK1,1,1
LOXL3,DSCR8,1,1
LOXL3,DUSP2,1,1
LOXL3,EGFLAM,1,1
LOXL3,EIF1AX,1,1
LOXL3,EIF1AXP1,1,1
LOXL3,EIF4H,1,1
LOXL3,EMILIN1,1,1
LOXL3,ENAH,1,1
LOXL3,EPHA3,1,1
LOXL3,EPHB3,1,1
LOXL3,ERLIN2,1,1
LOXL3,EYA2,1,1
LOXL3,FAM188B,1,1
LOXL3,FAM198B,1,1
LOXL3,FAM212B,1,1
LOXL3,FAM86B1,1,1
LOXL3,FMOD,1,1
LOXL3,FOLH1,1,1
LOXL3,FOXF1,1,1
LOXL3,FREM2,1,1
LOXL3,GALNT5,1,1
LOXL3,GLI2,1,1
LOXL3,GLUD2,1,1
LOXL3,GPC1,1,1
LOXL3,GPC3,1,1
LOXL3,GPC4,1,1
LOXL3,GRIK4,1,1
LOXL3,HS3ST3B1,1,1
LOXL3,IGFBP2,1,1
LOXL3,IGFBP3,1,1
LOXL3,IL13RA2,1,1
LOXL3,IL27RA,1,1
LOXL3,ITGA10,1,1
LOXL3,ITIH5,1,1
LOXL3,ITIH6,1,1
LOXL3,ITPRIPL2,1,1
LOXL3,JARID2,1,1
LOXL3,JKAMP,1,1
LOXL3,KCNC3,1,1
LOXL3,KDM5C,1,1
LOXL3,KIAA1328,1,1
LOXL3,LAMA2,1,1
LOXL3,LAMA4,1,1
LOXL3,LONRF2,1,1
LOXL3,LRRC75A,1,1
LOXL3,LYPLAL1,1,1
LOXL3,MAFB,1,1
LOXL3,MAMDC2,1,1
LOXL3,MATK,1,1
LOXL3,MEOX2,1,1
LOXL3,MGP,1,1
LOXL3,MICALL2,1,1
LOXL3,MMP16,1,1
LOXL3,MRAP2,1,1
LOXL3,MRPS6,1,1
LOXL3,NDRG1,1,1
LOXL3,NDUFA8,1,1
LOXL3,NKX2-5,1,1
LOXL3,NPAS1,1,1
LOXL3,NPHP1,1,1
LOXL3,NR0B1,1,1
LOXL3,NTN1,1,1
LOXL3,OFD1,1,1
LOXL3,OLFML3,1,1
LOXL3,P3H1,1,1
LOXL3,P3H2,1,1
LOXL3,P3H4,1,1
LOXL3,PATZ1,1,1
LOXL3,PCDHA1,1,1
LOXL3,PCDHA10,1,1
LOXL3,PCDHA11,1,1
LOXL3,PCDHA7,1,1
LOXL3,PCDHB11,1,1
LOXL3,PCDHB16,1,1
LOXL3,PCDHB17P,1,1
LOXL3,PCDHB2,1,1
LOXL3,PCDHB5,1,1
LOXL3,PCDHB6,1,1
LOXL3,PCDHB7,1,1
LOXL3,PCDHGA3,1,1
LOXL3,PCDHGA7,1,1
LOXL3,PCOLCE,1,1
LOXL3,PDDC1,1,1
LOXL3,PITPNC1,1,1
LOXL3,PLBD1,1,1
LOXL3,PLEKHS1,1,1
LOXL3,PMS2CL,1,1
LOXL3,POLRMT,1,1
LOXL3,POU3F3,1,1
LOXL3,PPIC,1,1
LOXL3,PPP2R2B,1,1
LOXL3,PRDX6,1,1
LOXL3,PRR4,1,1
LOXL3,PRRX1,1,1
LOXL3,PTGFRN,1,1
LOXL3,PTPRD,1,1
LOXL3,RAB7B,1,1
LOXL3,RBMS1,1,1
LOXL3,RCC1L,1,1
LOXL3,RGS16,1,1
LOXL3,RNASET2,1,1
LOXL3,RNF128,1,1
LOXL3,RNF152,1,1
LOXL3,RPN1,1,1
LOXL3,RYR2,1,1
LOXL3,S100A13,1,1
LOXL3,SBNO2,1,1
LOXL3,SCARA5,1,1
LOXL3,SCRG1,1,1
LOXL3,SDC2,1,1
LOXL3,SEC14L1,1,1
LOXL3,SEL1L3,1,1
LOXL3,SERPINE2,1,1
LOXL3,SLC1A3,1,1
LOXL3,SLC26A4,1,1
LOXL3,SLC35E4,1,1
LOXL3,SLC39A4,1,1
LOXL3,SLC43A2,1,1
LOXL3,SLC5A3,1,1
LOXL3,SNED1,1,1
LOXL3,SPATS1,1,1
LOXL3,SPRY4,1,1
LOXL3,SRPRB,1,1
LOXL3,ST8SIA5,1,1
LOXL3,STK32B,1,1
LOXL3,SULF1,1,1
LOXL3,SYTL5,1,1
LOXL3,TBC1D10B,1,1
LOXL3,TBXAS1,1,1
LOXL3,TCN1,1,1
LOXL3,TDRD1,1,1
LOXL3,TENM1,1,1
LOXL3,TGFA,1,1
LOXL3,TGFB3,1,1
LOXL3,TIGD1,1,1
LOXL3,TIMP1,1,1
LOXL3,TNFAIP6,1,1
LOXL3,TOR1AIP2,1,1
LOXL3,TOR3A,1,1
LOXL3,TPGS2,1,1
LOXL3,TRIM51CP,1,1
LOXL3,TRIM9,1,1
LOXL3,TRPM8,1,1
LOXL3,TSPAN13,1,1
LOXL3,TYW1B,1,1
LOXL3,UBA1,1,1
LOXL3,UNC80,1,1
LOXL3,UPF3A,1,1
LOXL3,UROC1,1,1
LOXL3,WNK4,1,1
LOXL3,WWTR1,1,1
LOXL3,XIAP,1,1
LOXL3,XPR1,1,1
LOXL3,ZBTB45P2,1,1
LOXL3,ZNF595,1,1
LOXL3,BP-21264C1.1,1,1
TRAFD1,ADGRB1,1,1
TRAFD1,AFAP1L2,1,1
TRAFD1,AGMO,1,1
TRAFD1,AKAP6,1,1
TRAFD1,ARHGAP6,1,1
TRAFD1,ATP11C,1,1
TRAFD1,ATP9A,1,1
TRAFD1,B3GALT1,1,1
TRAFD1,C1QTNF3-AMACR,1,1
TRAFD1,CADM4,1,1
TRAFD1,CALCOCO2,1,1
TRAFD1,CCM2,1,1
TRAFD1,COL11A2,1,1
TRAFD1,CSNK1E,1,1
TRAFD1,CT45A1,1,1
TRAFD1,CT45A10,1,1
TRAFD1,CT45A3,1,1
TRAFD1,CT45A8,1,1
TRAFD1,CT45A9,1,1
TRAFD1,CYB561,1,1
TRAFD1,DDX43,1,1
TRAFD1,EMILIN1,1,1
TRAFD1,EPB41L2,1,1
TRAFD1,FUNDC1,1,1
TRAFD1,GALNT5,1,1
TRAFD1,GLUD2,1,1
TRAFD1,GPR37,1,1
TRAFD1,GRIK4,1,1
TRAFD1,GSDMD,1,1
TRAFD1,GUCY1B3,1,1
TRAFD1,HK1,1,1
TRAFD1,IFI16,1,1
TRAFD1,IL13RA2,1,1
TRAFD1,INSR,1,1
TRAFD1,ITPRIPL2,1,1
TRAFD1,JPH1,1,1
TRAFD1,KIFAP3,1,1
TRAFD1,LAMA4,1,1
TRAFD1,LDLRAP1,1,1
TRAFD1,MAFB,1,1
TRAFD1,MAP2,1,1
TRAFD1,NFIA,1,1
TRAFD1,NPHP1,1,1
TRAFD1,NR0B1,1,1
TRAFD1,PCDHB17P,1,1
TRAFD1,PCDHB5,1,1
TRAFD1,PCDHGA7,1,1
TRAFD1,PCED1A,1,1
TRAFD1,PPP3CB,1,1
TRAFD1,PTCHD4,1,1
TRAFD1,PTPRZ1,1,1
TRAFD1,RCC1L,1,1
TRAFD1,RORA,1,1
TRAFD1,RP11-958N24.2,1,1
TRAFD1,RPL27A,1,1
TRAFD1,S100A13,1,1
TRAFD1,SCRG1,1,1
TRAFD1,SLC39A4,1,1
TRAFD1,STAT3,1,1
TRAFD1,TBL2,1,1
TRAFD1,USP9X,1,1
TRAFD1,UTRN,1,1
TRAFD1,XYLT1,1,1
TRAFD1,ZBTB45P2,1,1
TRAFD1,ZNF536,1,1
TRAFD1,ZNF595,1,1
RAB6B,AMZ2,1,1
RAB6B,BECN1,1,1
RAB6B,BORCS7,1,1
RAB6B,COPG1,1,1
RAB6B,FKBP9,1,1
RAB6B,IL13RA1,1,1
RAB6B,LRP4,1,1
RAB6B,MGAT4A,1,1
RAB6B,MOSPD2,1,1
RAB6B,TMEM229B,1,1
RAB6B,WDR55,1,1
ZNF407,CTDP1,1,1
C6ORF120,AMZ2,1,1
C6ORF120,BCL7A,1,1
C6ORF120,BORCS7,1,1
C6ORF120,C8ORF58,1,1
C6ORF120,COPG1,1,1
C6ORF120,CRISPLD1,1,1
C6ORF120,DHX40,1,1
C6ORF120,DNAJC15,1,1
C6ORF120,ETV1,1,1
C6ORF120,FAM122B,1,1
C6ORF120,FKBP14,1,1
C6ORF120,FKBP9,1,1
C6ORF120,FKBP9P1,1,1
C6ORF120,GAS7,1,1
C6ORF120,GLCCI1,1,1
C6ORF120,GNS,1,1
C6ORF120,HMCN1,1,1
C6ORF120,IL13RA1,1,1
C6ORF120,KRBA1,1,1
C6ORF120,LRP4,1,1
C6ORF120,LY96,1,1
C6ORF120,NT5DC2,1,1
C6ORF120,PPFIA3,1,1
C6ORF120,PSMD9,1,1
C6ORF120,SDSL,1,1
C6ORF120,SHROOM1,1,1
C6ORF120,SNX13,1,1
C6ORF120,SOX5,1,1
C6ORF120,TCTN1,1,1
C6ORF120,TMEM62,1,1
SEMA4G,HEBP2,1,1
SEMA4G,L1CAM,1,1
SEMA4G,SMAD2,1,1
NCSTN,AC004980.7,1,1
NCSTN,ARHGAP5,1,1
NCSTN,ATP11C,1,1
NCSTN,ATP9A,1,1
NCSTN,ATXN1,1,1
NCSTN,CALCOCO2,1,1
NCSTN,CYB561,1,1
NCSTN,LMLN,1,1
NCSTN,NFIA,1,1
NCSTN,NR0B1,1,1
NCSTN,PCDHGA7,1,1
NCSTN,PRR4,1,1
NCSTN,PTPRZ1,1,1
NCSTN,RNF157,1,1
NCSTN,RP11-958N24.2,1,1
NCSTN,S100A13,1,1
NCSTN,SOX8,1,1
NCSTN,TBC1D19,1,1
NCSTN,TBL2,1,1
NCSTN,XYLT1,1,1
NCSTN,ZBTB45P2,1,1
NCSTN,ZNF28,1,1
NCSTN,ZNF860,1,1
SCAF4,EHBP1,1,1
SCAF4,ITFG2,1,1
SCAF4,PHKA1,1,1
SCAF4,STYXL1,1,1
SCAF4,ZNF518A,1,1
PCOLCE,ABCA8,1,1
PCOLCE,ADAP1,1,1
PCOLCE,ADGRB1,1,1
PCOLCE,AFAP1L2,1,1
PCOLCE,AGMO,1,1
PCOLCE,AKAP6,1,1
PCOLCE,ANKRD45,1,1
PCOLCE,ARHGAP20,1,1
PCOLCE,ARHGAP6,1,1
PCOLCE,ASB4,1,1
PCOLCE,ATP1B1,1,1
PCOLCE,ATP9A,1,1
PCOLCE,B3GALT1,1,1
PCOLCE,B3GNT7,1,1
PCOLCE,B4GALNT3,1,1
PCOLCE,BAALC,1,1
PCOLCE,BFSP1,1,1
PCOLCE,BMP6,1,1
PCOLCE,BST2,1,1
PCOLCE,C1QTNF3-AMACR,1,1
PCOLCE,C1ORF115,1,1
PCOLCE,CACNA1H,1,1
PCOLCE,CADM4,1,1
PCOLCE,CBSL,1,1
PCOLCE,CC2D1A,1,1
PCOLCE,CCDC113,1,1
PCOLCE,CDH12,1,1
PCOLCE,CGREF1,1,1
PCOLCE,CHPF,1,1
PCOLCE,CHRDL1,1,1
PCOLCE,CHURC1-FNTB,1,1
PCOLCE,COASY,1,1
PCOLCE,COL9A2,1,1
PCOLCE,COL9A3,1,1
PCOLCE,COLGALT2,1,1
PCOLCE,COQ6,1,1
PCOLCE,CSMD1,1,1
PCOLCE,CT45A1,1,1
PCOLCE,CT45A10,1,1
PCOLCE,CT45A3,1,1
PCOLCE,CT45A5,1,1
PCOLCE,CT45A6,1,1
PCOLCE,CT45A8,1,1
PCOLCE,CT45A9,1,1
PCOLCE,DDX43,1,1
PCOLCE,DMRTA1,1,1
PCOLCE,DNAJB6,1,1
PCOLCE,DNAJC30,1,1
PCOLCE,DSCR8,1,1
PCOLCE,EGFLAM,1,1
PCOLCE,EIF4H,1,1
PCOLCE,EMILIN1,1,1
PCOLCE,EYA2,1,1
PCOLCE,FAM134B,1,1
PCOLCE,FAM86B1,1,1
PCOLCE,FMOD,1,1
PCOLCE,FOLH1,1,1
PCOLCE,FREM2,1,1
PCOLCE,GABRG3,1,1
PCOLCE,GALNT5,1,1
PCOLCE,GPC1,1,1
PCOLCE,GRIK4,1,1
PCOLCE,GUCY1B3,1,1
PCOLCE,HS3ST3B1,1,1
PCOLCE,IGFBP2,1,1
PCOLCE,IL13RA2,1,1
PCOLCE,ITGA10,1,1
PCOLCE,ITGAX,1,1
PCOLCE,ITIH5,1,1
PCOLCE,ITIH6,1,1
PCOLCE,ITPRIPL2,1,1
PCOLCE,JARID2,1,1
PCOLCE,JUNB,1,1
PCOLCE,KCNG4,1,1
PCOLCE,LAMA2,1,1
PCOLCE,LRP2,1,1
PCOLCE,MAFB,1,1
PCOLCE,MAMDC2,1,1
PCOLCE,MAPRE3,1,1
PCOLCE,MATK,1,1
PCOLCE,MDH2,1,1
PCOLCE,MDM2,1,1
PCOLCE,MEOX2,1,1
PCOLCE,MGP,1,1
PCOLCE,MICALL2,1,1
PCOLCE,MIDN,1,1
PCOLCE,MRPS6,1,1
PCOLCE,NDRG1,1,1
PCOLCE,NDUFA8,1,1
PCOLCE,NGRN,1,1
PCOLCE,NKX2-5,1,1
PCOLCE,NPHP1,1,1
PCOLCE,NTN1,1,1
PCOLCE,OLFM2,1,1
PCOLCE,OPHN1,1,1
PCOLCE,P3H1,1,1
PCOLCE,P3H4,1,1
PCOLCE,PATZ1,1,1
PCOLCE,PCDHA1,1,1
PCOLCE,PCDHA10,1,1
PCOLCE,PCDHB11,1,1
PCOLCE,PCDHB16,1,1
PCOLCE,PCDHB17P,1,1
PCOLCE,PCDHB5,1,1
PCOLCE,PCDHB6,1,1
PCOLCE,PCDHB7,1,1
PCOLCE,PDDC1,1,1
PCOLCE,PITPNC1,1,1
PCOLCE,PLBD1,1,1
PCOLCE,PLEKHS1,1,1
PCOLCE,POU3F3,1,1
PCOLCE,PPIC,1,1
PCOLCE,PPP2R2B,1,1
PCOLCE,PTPA,1,1
PCOLCE,PTPRD,1,1
PCOLCE,RANBP17,1,1
PCOLCE,RGS16,1,1
PCOLCE,RP11-111F5.5,1,1
PCOLCE,RYR2,1,1
PCOLCE,SBNO2,1,1
PCOLCE,SCARA5,1,1
PCOLCE,SCRG1,1,1
PCOLCE,SDC2,1,1
PCOLCE,SDK2,1,1
PCOLCE,SEL1L3,1,1
PCOLCE,SERPINA3,1,1
PCOLCE,SLC1A3,1,1
PCOLCE,SLC35E4,1,1
PCOLCE,SLC39A4,1,1
PCOLCE,SMIM3,1,1
PCOLCE,SNX1,1,1
PCOLCE,SOCS2,1,1
PCOLCE,SOD3,1,1
PCOLCE,SPATS1,1,1
PCOLCE,SULF1,1,1
PCOLCE,TENM1,1,1
PCOLCE,TGFB3,1,1
PCOLCE,TIGD1,1,1
PCOLCE,TRIM9,1,1
PCOLCE,TRPM8,1,1
PCOLCE,TSR3,1,1
PCOLCE,TYW1B,1,1
PCOLCE,UPF3A,1,1
PCOLCE,UROC1,1,1
PCOLCE,WBSCR27,1,1
PCOLCE,WNK4,1,1
PCOLCE,ZNF595,1,1
PCOLCE,BP-21264C1.1,1,1
FER,ANKRD26,1,1
FER,MYH14,1,1
FER,SECISBP2,1,1
FER,TRAPPC10,1,1
FER,VTI1A,1,1
RNASET2,ACTN2,1,1
RNASET2,ADGRB1,1,1
RNASET2,AFAP1L2,1,1
RNASET2,AGMO,1,1
RNASET2,ALG13,1,1
RNASET2,ARHGAP6,1,1
RNASET2,ART3,1,1
RNASET2,ASB4,1,1
RNASET2,ATP9A,1,1
RNASET2,B4GALNT3,1,1
RNASET2,C1QTNF3-AMACR,1,1
RNASET2,C1ORF115,1,1
RNASET2,CC2D1A,1,1
RNASET2,CHPF,1,1
RNASET2,CHST2,1,1
RNASET2,CHURC1-FNTB,1,1
RNASET2,CISD3,1,1
RNASET2,COL11A2,1,1
RNASET2,COL9A2,1,1
RNASET2,COL9A3,1,1
RNASET2,CSGALNACT1,1,1
RNASET2,CT45A1,1,1
RNASET2,CT45A10,1,1
RNASET2,CT45A3,1,1
RNASET2,CT45A5,1,1
RNASET2,CT45A6,1,1
RNASET2,CT45A8,1,1
RNASET2,CT45A9,1,1
RNASET2,DOK1,1,1
RNASET2,EMILIN1,1,1
RNASET2,EPHA3,1,1
RNASET2,ERLIN2,1,1
RNASET2,EYA2,1,1
RNASET2,FAM188B,1,1
RNASET2,FAM198B,1,1
RNASET2,FAM212B,1,1
RNASET2,FKBP9P1,1,1
RNASET2,GLUD2,1,1
RNASET2,GPC1,1,1
RNASET2,GPC3,1,1
RNASET2,GPC4,1,1
RNASET2,HS3ST3B1,1,1
RNASET2,ID4,1,1
RNASET2,IFI16,1,1
RNASET2,IL13RA2,1,1
RNASET2,ITGA10,1,1
RNASET2,ITIH5,1,1
RNASET2,ITPRIPL2,1,1
RNASET2,KCNC3,1,1
RNASET2,KDR,1,1
RNASET2,KIFAP3,1,1
RNASET2,LAMA4,1,1
RNASET2,LAMC3,1,1
RNASET2,LYPLAL1,1,1
RNASET2,MAFB,1,1
RNASET2,MATK,1,1
RNASET2,MEOX2,1,1
RNASET2,MMP15,1,1
RNASET2,MRAP2,1,1
RNASET2,NAT8L,1,1
RNASET2,NDRG1,1,1
RNASET2,NFIA,1,1
RNASET2,NKX2-5,1,1
RNASET2,NPAS1,1,1
RNASET2,NR0B1,1,1
RNASET2,NTN1,1,1
RNASET2,P3H1,1,1
RNASET2,P3H2,1,1
RNASET2,PATZ1,1,1
RNASET2,PCDHB17P,1,1
RNASET2,PCDHB5,1,1
RNASET2,PCDHB6,1,1
RNASET2,PCDHGA7,1,1
RNASET2,PDDC1,1,1
RNASET2,PLBD1,1,1
RNASET2,PMS2CL,1,1
RNASET2,POU3F3,1,1
RNASET2,PPIC,1,1
RNASET2,PRDX6,1,1
RNASET2,PTGFRN,1,1
RNASET2,PTPRD,1,1
RNASET2,RNF152,1,1
RNASET2,RP11-958N24.2,1,1
RNASET2,S100A13,1,1
RNASET2,SCRG1,1,1
RNASET2,SDC2,1,1
RNASET2,SERPINE2,1,1
RNASET2,SLC26A4,1,1
RNASET2,SLC39A4,1,1
RNASET2,SPATS1,1,1
RNASET2,STK32B,1,1
RNASET2,TDRD1,1,1
RNASET2,TGFB3,1,1
RNASET2,TIMP1,1,1
RNASET2,TNFAIP6,1,1
RNASET2,TOR3A,1,1
RNASET2,TRIM9,1,1
RNASET2,WNK4,1,1
RNASET2,XPR1,1,1
RNASET2,ZNF595,1,1
SKIV2L,ARHGAP20,1,1
SKIV2L,BAALC,1,1
SKIV2L,BFSP1,1,1
SKIV2L,BMP6,1,1
SKIV2L,CBSL,1,1
SKIV2L,CC2D1A,1,1
SKIV2L,CCDC78,1,1
SKIV2L,CHPF,1,1
SKIV2L,CSMD1,1,1
SKIV2L,DSCR8,1,1
SKIV2L,FBF1,1,1
SKIV2L,FMOD,1,1
SKIV2L,FOLH1,1,1
SKIV2L,LAMC3,1,1
SKIV2L,LRP2,1,1
SKIV2L,MAMDC2,1,1
SKIV2L,MAOB,1,1
SKIV2L,MAPRE3,1,1
SKIV2L,NTN1,1,1
SKIV2L,OLFM2,1,1
SKIV2L,PITPNC1,1,1
SKIV2L,PODXL2,1,1
SKIV2L,PPIC,1,1
SKIV2L,PRKCD,1,1
SKIV2L,RP11-111F5.5,1,1
SKIV2L,SERPINA3,1,1
SKIV2L,SEZ6L2,1,1
SKIV2L,SOD3,1,1
SKIV2L,SPATS1,1,1
SKIV2L,TARS2,1,1
SKIV2L,TRPM8,1,1
SKIV2L,UROC1,1,1
C15ORF38-AP3S2,CNDP2,1,1
C15ORF38-AP3S2,ITGA5,1,1
C15ORF38-AP3S2,SH3RF3,1,1
C15ORF38-AP3S2,TBC1D22A,1,1
C15ORF38-AP3S2,ZNF700,1,1
GLTSCR2,CEP295,1,1
GLTSCR2,DHRS1,1,1
GLTSCR2,NBEAL1,1,1
CSNK1E,ATP11C,1,1
CSNK1E,DDX43,1,1
CSNK1E,EPB41L2,1,1
CSNK1E,JPH1,1,1
CSNK1E,LRRC75A,1,1
CSNK1E,MAP7D3,1,1
CSNK1E,PPP3CB,1,1
CSNK1E,RCC1L,1,1
CSNK1E,USP9X,1,1
ACAD9,ADAM15,1,1
ACAD9,ADAMTS9,1,1
ACAD9,ADCY1,1,1
ACAD9,APOO,1,1
ACAD9,ATP1B3,1,1
ACAD9,ATP5B,1,1
ACAD9,CCSAP,1,1
ACAD9,CENPL,1,1
ACAD9,CHST6,1,1
ACAD9,CMB9-22P13.1,1,1
ACAD9,CMTM8,1,1
ACAD9,COLGALT1,1,1
ACAD9,COPB2,1,1
ACAD9,CRISPLD1,1,1
ACAD9,CST1,1,1
ACAD9,DARS2,1,1
ACAD9,ENOX1,1,1
ACAD9,EPDR1,1,1
ACAD9,ERLEC1,1,1
ACAD9,ETV1,1,1
ACAD9,EXOC1,1,1
ACAD9,FCGR2A,1,1
ACAD9,FGF13,1,1
ACAD9,FKBP11,1,1
ACAD9,FKBP14,1,1
ACAD9,FKBP9P1,1,1
ACAD9,FUCA2,1,1
ACAD9,GAD1,1,1
ACAD9,GALNT2,1,1
ACAD9,GATA4,1,1
ACAD9,GCAT,1,1
ACAD9,GHR,1,1
ACAD9,GPD2,1,1
ACAD9,HMCES,1,1
ACAD9,HMCN1,1,1
ACAD9,HOXA13,1,1
ACAD9,IARS2,1,1
ACAD9,ICAM1,1,1
ACAD9,IPO8,1,1
ACAD9,ITGA9,1,1
ACAD9,ITGB5,1,1
ACAD9,KCNK5,1,1
ACAD9,KIAA1191,1,1
ACAD9,KRBA1,1,1
ACAD9,LIG3,1,1
ACAD9,MBD4,1,1
ACAD9,MCTS1,1,1
ACAD9,MTIF2,1,1
ACAD9,MYD88,1,1
ACAD9,MYH14,1,1
ACAD9,N4BP2L2,1,1
ACAD9,NAPG,1,1
ACAD9,NDUFAF2,1,1
ACAD9,NOMO1,1,1
ACAD9,PAQR7,1,1
ACAD9,PCOLCE2,1,1
ACAD9,PDGFRL,1,1
ACAD9,PGM1,1,1
ACAD9,PGRMC1,1,1
ACAD9,PI15,1,1
ACAD9,PIEZO2,1,1
ACAD9,PNMA2,1,1
ACAD9,PPARD,1,1
ACAD9,PPIA,1,1
ACAD9,RAB23,1,1
ACAD9,RBAK,1,1
ACAD9,RCN2,1,1
ACAD9,ROR1,1,1
ACAD9,SHROOM1,1,1
ACAD9,SLC26A2,1,1
ACAD9,SLC26A4,1,1
ACAD9,SLC44A1,1,1
ACAD9,SMAP2,1,1
ACAD9,TBRG4,1,1
ACAD9,TIPRL,1,1
ACAD9,TMEM5,1,1
ACAD9,TVP23B,1,1
ACAD9,ZDHHC3,1,1
ITPR2,AGMO,1,1
ITPR2,ALG13,1,1
ITPR2,ARHGAP25,1,1
ITPR2,ARHGAP6,1,1
ITPR2,ATP11C,1,1
ITPR2,ATP9A,1,1
ITPR2,BCL7A,1,1
ITPR2,CELSR1,1,1
ITPR2,CEP70,1,1
ITPR2,CHRNA6,1,1
ITPR2,CHST2,1,1
ITPR2,CLEC2B,1,1
ITPR2,COL11A2,1,1
ITPR2,COL9A3,1,1
ITPR2,CRISPLD1,1,1
ITPR2,CSGALNACT1,1,1
ITPR2,CXCL16,1,1
ITPR2,DOCK4,1,1
ITPR2,DOK1,1,1
ITPR2,DPY19L1,1,1
ITPR2,EGFLAM,1,1
ITPR2,ENAH,1,1
ITPR2,EPB41L2,1,1
ITPR2,EPHA3,1,1
ITPR2,EPHB3,1,1
ITPR2,ERLIN2,1,1
ITPR2,ETV1,1,1
ITPR2,FAM188B,1,1
ITPR2,FAM198B,1,1
ITPR2,FAM212B,1,1
ITPR2,FKBP14,1,1
ITPR2,FKBP9P1,1,1
ITPR2,FLRT2,1,1
ITPR2,G6PD,1,1
ITPR2,GAS7,1,1
ITPR2,GLCCI1,1,1
ITPR2,GLUD2,1,1
ITPR2,GNS,1,1
ITPR2,GPC1,1,1
ITPR2,GPC3,1,1
ITPR2,GPC4,1,1
ITPR2,GRIK2,1,1
ITPR2,IARS2,1,1
ITPR2,ID4,1,1
ITPR2,IGFBP3,1,1
ITPR2,IL1RAP,1,1
ITPR2,INTS10,1,1
ITPR2,ITPRIPL2,1,1
ITPR2,JKAMP,1,1
ITPR2,KCNC3,1,1
ITPR2,KCNK5,1,1
ITPR2,KYAT3,1,1
ITPR2,LAMA4,1,1
ITPR2,LMLN,1,1
ITPR2,LYPLAL1,1,1
ITPR2,MAFB,1,1
ITPR2,MAML2,1,1
ITPR2,METTL21B,1,1
ITPR2,MMP15,1,1
ITPR2,MPZL1,1,1
ITPR2,MRAP2,1,1
ITPR2,MTUS1,1,1
ITPR2,NAT8L,1,1
ITPR2,NPAS1,1,1
ITPR2,NSF,1,1
ITPR2,P3H1,1,1
ITPR2,P3H2,1,1
ITPR2,PCDHGA7,1,1
ITPR2,PCOLCE2,1,1
ITPR2,PDDC1,1,1
ITPR2,PIEZO2,1,1
ITPR2,PMS2CL,1,1
ITPR2,PPFIA3,1,1
ITPR2,PRDX6,1,1
ITPR2,PSMD9,1,1
ITPR2,PTGFRN,1,1
ITPR2,RNF152,1,1
ITPR2,ROR1,1,1
ITPR2,RPN1,1,1
ITPR2,S100A13,1,1
ITPR2,SCRG1,1,1
ITPR2,SDC2,1,1
ITPR2,SERPINE2,1,1
ITPR2,SHROOM1,1,1
ITPR2,SLC19A3,1,1
ITPR2,SLC1A1,1,1
ITPR2,SLC26A4,1,1
ITPR2,SLC2A3,1,1
ITPR2,SLC5A3,1,1
ITPR2,SOX5,1,1
ITPR2,SOX8,1,1
ITPR2,SPRY4,1,1
ITPR2,STK32B,1,1
ITPR2,TCN1,1,1
ITPR2,TGFB3,1,1
ITPR2,TIMP1,1,1
ITPR2,TMEM62,1,1
ITPR2,TMEM67,1,1
ITPR2,TNFAIP6,1,1
ITPR2,TNFRSF19,1,1
ITPR2,TOR3A,1,1
ITPR2,TPGS2,1,1
ITPR2,TRIM47,1,1
ITPR2,TRIM51CP,1,1
ITPR2,TRIM9,1,1
ITPR2,WWTR1,1,1
ITPR2,XIAP,1,1
ITPR2,XPR1,1,1
ITPR2,XYLT1,1,1
ITPR2,ZNF595,1,1
ABCC1,ATG101,1,1
ABCC1,ATR,1,1
ABCC1,C16ORF52,1,1
ABCC1,C17ORF96,1,1
ABCC1,COTL1,1,1
ABCC1,DNAAF5,1,1
ABCC1,DNAJB11,1,1
ABCC1,EIF1AX,1,1
ABCC1,ERCC1,1,1
ABCC1,GAPDH,1,1
ABCC1,GARS,1,1
ABCC1,HSP90B1,1,1
ABCC1,HYOU1,1,1
ABCC1,ITGA4,1,1
ABCC1,KIAA1328,1,1
ABCC1,L3HYPDH,1,1
ABCC1,LRFN1,1,1
ABCC1,MAGEA2,1,1
ABCC1,MMADHC,1,1
ABCC1,MMP16,1,1
ABCC1,NMD3,1,1
ABCC1,NOC2LP1,1,1
ABCC1,OFD1,1,1
ABCC1,RPN1,1,1
ABCC1,SEC14L1,1,1
ABCC1,SH3KBP1,1,1
ABCC1,SNRPB2,1,1
ABCC1,SP100,1,1
ABCC1,STYX,1,1
ABCC1,TOR1AIP2,1,1
ABCC1,TPI1,1,1
ABCC1,TSPAN13,1,1
ABCC1,UCK1,1,1
ABCC1,UNC80,1,1
ABCC1,ZNF335,1,1
SMIM20,ACAD11,1,1
SMIM20,C12ORF60,1,1
SMIM20,C1ORF115,1,1
SMIM20,CACNA1H,1,1
SMIM20,CCM2,1,1
SMIM20,DEPDC7,1,1
SMIM20,DNAJB6,1,1
SMIM20,DNAJC30,1,1
SMIM20,EGFL7,1,1
SMIM20,EMILIN1,1,1
SMIM20,FOXO1,1,1
SMIM20,FOXP2,1,1
SMIM20,GUCY1B3,1,1
SMIM20,IQCK,1,1
SMIM20,MDH2,1,1
SMIM20,MEAF6,1,1
SMIM20,MORN2,1,1
SMIM20,NAP1L5,1,1
SMIM20,NPHP1,1,1
SMIM20,RORA,1,1
SMIM20,SLC39A4,1,1
SMIM20,SMIM3,1,1
SMIM20,SOCS2,1,1
SMIM20,TIMM10B,1,1
SH3RF3,CNDP2,1,1
SH3RF3,CRIP2,1,1
SH3RF3,CYB561,1,1
SH3RF3,DNAJB6,1,1
SH3RF3,ITGA5,1,1
SH3RF3,MIDN,1,1
SH3RF3,MRPS6,1,1
SH3RF3,NDST1,1,1
SH3RF3,PTPA,1,1
SH3RF3,RANBP17,1,1
SH3RF3,SNX1,1,1
SH3RF3,TGFB1,1,1
SH3RF3,ZNF700,1,1
NDUFA9,AARS2,1,1
NDUFA9,ADAM15,1,1
NDUFA9,ADCY1,1,1
NDUFA9,ANKRD19P,1,1
NDUFA9,APOO,1,1
NDUFA9,ATP5B,1,1
NDUFA9,CENPL,1,1
NDUFA9,COLGALT1,1,1
NDUFA9,EIF3I,1,1
NDUFA9,ENOX1,1,1
NDUFA9,FABP7,1,1
NDUFA9,FKBP11,1,1
NDUFA9,GAD1,1,1
NDUFA9,GHR,1,1
NDUFA9,HMCES,1,1
NDUFA9,INTS10,1,1
NDUFA9,LAMC3,1,1
NDUFA9,LIG3,1,1
NDUFA9,MBD4,1,1
NDUFA9,MRPS24,1,1
NDUFA9,MYD88,1,1
NDUFA9,PGM1,1,1
NDUFA9,PHB,1,1
NDUFA9,PI15,1,1
NDUFA9,PODXL2,1,1
NDUFA9,PPIA,1,1
NDUFA9,PRDX6,1,1
NDUFA9,RAB23,1,1
NDUFA9,RCN2,1,1
NDUFA9,RNF216,1,1
NDUFA9,SLC26A2,1,1
NDUFA9,SMAP2,1,1
NDUFA9,TBRG4,1,1
CHN1,CXORF38,1,1
CHN1,ETV3,1,1
CHN1,MIDN,1,1
CHN1,ZBTB20,1,1
FMOD,ABCA8,1,1
FMOD,ACAD11,1,1
FMOD,ADAP1,1,1
FMOD,ADGRB1,1,1
FMOD,AFAP1L2,1,1
FMOD,AGMO,1,1
FMOD,AKAP6,1,1
FMOD,ANKRD45,1,1
FMOD,ARHGAP20,1,1
FMOD,ASB4,1,1
FMOD,ATOH8,1,1
FMOD,ATP1B1,1,1
FMOD,B3GALT1,1,1
FMOD,B3GNT7,1,1
FMOD,B4GALNT3,1,1
FMOD,BAALC,1,1
FMOD,BFSP1,1,1
FMOD,BMP6,1,1
FMOD,BST2,1,1
FMOD,C12ORF60,1,1
FMOD,C1QTNF3-AMACR,1,1
FMOD,C1ORF115,1,1
FMOD,CACNA1H,1,1
FMOD,CADM4,1,1
FMOD,CBSL,1,1
FMOD,CC2D1A,1,1
FMOD,CCDC113,1,1
FMOD,CCDC78,1,1
FMOD,CDH12,1,1
FMOD,CGREF1,1,1
FMOD,CHPF,1,1
FMOD,CHRDL1,1,1
FMOD,CHURC1-FNTB,1,1
FMOD,COASY,1,1
FMOD,COL9A2,1,1
FMOD,COL9A3,1,1
FMOD,COQ3,1,1
FMOD,COQ6,1,1
FMOD,CSMD1,1,1
FMOD,CT45A1,1,1
FMOD,CT45A10,1,1
FMOD,CT45A6,1,1
FMOD,CT45A8,1,1
FMOD,CT45A9,1,1
FMOD,DDX43,1,1
FMOD,DEPDC7,1,1
FMOD,DNAJB6,1,1
FMOD,DNAJC30,1,1
FMOD,DSCR8,1,1
FMOD,EGFL7,1,1
FMOD,EMILIN1,1,1
FMOD,EYA2,1,1
FMOD,FAM134B,1,1
FMOD,FAM86B1,1,1
FMOD,FBF1,1,1
FMOD,FOLH1,1,1
FMOD,GABRG3,1,1
FMOD,GALNT5,1,1
FMOD,GPC1,1,1
FMOD,GPC4,1,1
FMOD,GRIK4,1,1
FMOD,GUCY1B3,1,1
FMOD,IFI16,1,1
FMOD,IGFBP2,1,1
FMOD,ITGA10,1,1
FMOD,ITGAX,1,1
FMOD,ITIH5,1,1
FMOD,ITIH6,1,1
FMOD,ITPRIPL2,1,1
FMOD,JSRP1,1,1
FMOD,JUNB,1,1
FMOD,KCNG4,1,1
FMOD,LAMA2,1,1
FMOD,LAMC3,1,1
FMOD,LRP2,1,1
FMOD,MAFB,1,1
FMOD,MAMDC2,1,1
FMOD,MAOB,1,1
FMOD,MAPRE3,1,1
FMOD,MATK,1,1
FMOD,MDH2,1,1
FMOD,MDM2,1,1
FMOD,MEOX2,1,1
FMOD,MGP,1,1
FMOD,NDUFA8,1,1
FMOD,NKX2-5,1,1
FMOD,NPHP1,1,1
FMOD,NTN1,1,1
FMOD,OAZ1,1,1
FMOD,OLFM2,1,1
FMOD,OPHN1,1,1
FMOD,P3H1,1,1
FMOD,P3H4,1,1
FMOD,PAGE5,1,1
FMOD,PATZ1,1,1
FMOD,PCDHA1,1,1
FMOD,PCDHB11,1,1
FMOD,PCDHB16,1,1
FMOD,PCDHB17P,1,1
FMOD,PCDHB5,1,1
FMOD,PCDHB6,1,1
FMOD,PCDHB7,1,1
FMOD,PDDC1,1,1
FMOD,PEX5L,1,1
FMOD,PITPNC1,1,1
FMOD,PLBD1,1,1
FMOD,PLEKHS1,1,1
FMOD,POU3F3,1,1
FMOD,PPIC,1,1
FMOD,PPP2R2B,1,1
FMOD,PRKCD,1,1
FMOD,PTPRD,1,1
FMOD,RGS16,1,1
FMOD,RNASE1,1,1
FMOD,RP11-111F5.5,1,1
FMOD,RP11-43F13.1,1,1
FMOD,RYR2,1,1
FMOD,SBNO2,1,1
FMOD,SCARA5,1,1
FMOD,SCRG1,1,1
FMOD,SDC2,1,1
FMOD,SDK2,1,1
FMOD,SEL1L3,1,1
FMOD,SERPINA3,1,1
FMOD,SEZ6L2,1,1
FMOD,SLC39A4,1,1
FMOD,SLC40A1,1,1
FMOD,SLC5A4,1,1
FMOD,SMIM3,1,1
FMOD,SOCS2,1,1
FMOD,SOD3,1,1
FMOD,SPATS1,1,1
FMOD,STAT3,1,1
FMOD,SULF1,1,1
FMOD,TACO1,1,1
FMOD,TARS2,1,1
FMOD,TENM1,1,1
FMOD,TGFB3,1,1
FMOD,TRIM9,1,1
FMOD,TRPM8,1,1
FMOD,UPF3A,1,1
FMOD,UROC1,1,1
FMOD,WBSCR27,1,1
FMOD,WNK4,1,1
FMOD,ZNF536,1,1
FMOD,ZNF595,1,1
FMOD,BP-21264C1.1,1,1
UPF3A,ABCA8,1,1
UPF3A,ADGRB1,1,1
UPF3A,AFAP1L2,1,1
UPF3A,AGMO,1,1
UPF3A,AKAP6,1,1
UPF3A,ALG13,1,1
UPF3A,ANKRD45,1,1
UPF3A,ARHGAP20,1,1
UPF3A,ARHGAP6,1,1
UPF3A,ART3,1,1
UPF3A,ASB4,1,1
UPF3A,ATP9A,1,1
UPF3A,B3GALT1,1,1
UPF3A,B3GNT7,1,1
UPF3A,B4GALNT3,1,1
UPF3A,BST2,1,1
UPF3A,C1QTNF3,1,1
UPF3A,C1QTNF3-AMACR,1,1
UPF3A,CADM4,1,1
UPF3A,CBSL,1,1
UPF3A,CC2D1A,1,1
UPF3A,CDH12,1,1
UPF3A,CELSR1,1,1
UPF3A,CEP70,1,1
UPF3A,CHPF,1,1
UPF3A,CHURC1-FNTB,1,1
UPF3A,COL11A2,1,1
UPF3A,COL9A2,1,1
UPF3A,COL9A3,1,1
UPF3A,COLGALT2,1,1
UPF3A,CSGALNACT1,1,1
UPF3A,CSMD1,1,1
UPF3A,CT45A1,1,1
UPF3A,CT45A10,1,1
UPF3A,CT45A3,1,1
UPF3A,CT45A5,1,1
UPF3A,CT45A6,1,1
UPF3A,CT45A8,1,1
UPF3A,CT45A9,1,1
UPF3A,DMRTA1,1,1
UPF3A,DOK1,1,1
UPF3A,DSCR8,1,1
UPF3A,EGFLAM,1,1
UPF3A,EMILIN1,1,1
UPF3A,EPHA3,1,1
UPF3A,EPHB3,1,1
UPF3A,ERLIN2,1,1
UPF3A,EYA2,1,1
UPF3A,FAM188B,1,1
UPF3A,FAM198B,1,1
UPF3A,FAM212B,1,1
UPF3A,FAM86B1,1,1
UPF3A,FOLH1,1,1
UPF3A,FRG1,1,1
UPF3A,GALNT5,1,1
UPF3A,GPC1,1,1
UPF3A,GPC3,1,1
UPF3A,GPC4,1,1
UPF3A,GRIK4,1,1
UPF3A,HS3ST3B1,1,1
UPF3A,IGFBP2,1,1
UPF3A,IL13RA2,1,1
UPF3A,IL27RA,1,1
UPF3A,ITGA10,1,1
UPF3A,ITIH5,1,1
UPF3A,ITIH6,1,1
UPF3A,ITPRIPL2,1,1
UPF3A,JUNB,1,1
UPF3A,KCNC3,1,1
UPF3A,LAMA2,1,1
UPF3A,LAMA4,1,1
UPF3A,LAMC3,1,1
UPF3A,LSM 10.00,1,1
UPF3A,LYPLAL1,1,1
UPF3A,MAFB,1,1
UPF3A,MAMDC2,1,1
UPF3A,MAPRE3,1,1
UPF3A,MATK,1,1
UPF3A,MEOX2,1,1
UPF3A,MGP,1,1
UPF3A,MICALL2,1,1
UPF3A,NDRG1,1,1
UPF3A,NKX2-5,1,1
UPF3A,NPHP1,1,1
UPF3A,NR0B1,1,1
UPF3A,NTN1,1,1
UPF3A,OLFML3,1,1
UPF3A,P3H1,1,1
UPF3A,P3H2,1,1
UPF3A,P3H4,1,1
UPF3A,PATZ1,1,1
UPF3A,PCDHA1,1,1
UPF3A,PCDHA10,1,1
UPF3A,PCDHA11,1,1
UPF3A,PCDHB11,1,1
UPF3A,PCDHB16,1,1
UPF3A,PCDHB17P,1,1
UPF3A,PCDHB2,1,1
UPF3A,PCDHB5,1,1
UPF3A,PCDHB6,1,1
UPF3A,PCDHB7,1,1
UPF3A,PCDHGA7,1,1
UPF3A,PDDC1,1,1
UPF3A,PITPNC1,1,1
UPF3A,PLBD1,1,1
UPF3A,PLEKHS1,1,1
UPF3A,PMS2CL,1,1
UPF3A,POU3F3,1,1
UPF3A,PPIC,1,1
UPF3A,PPP2R2B,1,1
UPF3A,PRRX1,1,1
UPF3A,PTGFRN,1,1
UPF3A,PTPRD,1,1
UPF3A,RAB7B,1,1
UPF3A,RNF152,1,1
UPF3A,RP11-111F5.5,1,1
UPF3A,RPN1,1,1
UPF3A,RYR2,1,1
UPF3A,S100A13,1,1
UPF3A,SBNO2,1,1
UPF3A,SCARA5,1,1
UPF3A,SCRG1,1,1
UPF3A,SDC2,1,1
UPF3A,SEL1L3,1,1
UPF3A,SERPINE2,1,1
UPF3A,SLC1A3,1,1
UPF3A,SLC35E4,1,1
UPF3A,SLC39A4,1,1
UPF3A,SPATS1,1,1
UPF3A,STK32B,1,1
UPF3A,SULF1,1,1
UPF3A,TCN1,1,1
UPF3A,TENM1,1,1
UPF3A,TGFB3,1,1
UPF3A,TIGD1,1,1
UPF3A,TIMP1,1,1
UPF3A,TMEM67,1,1
UPF3A,TNFAIP6,1,1
UPF3A,TPGS2,1,1
UPF3A,TRIM9,1,1
UPF3A,TRPM8,1,1
UPF3A,WNK4,1,1
UPF3A,WWTR1,1,1
UPF3A,ZNF595,1,1
GAGE13,ADAP1,1,1
GAGE13,ASB4,1,1
GAGE13,C1ORF115,1,1
GAGE13,CACNA1H,1,1
GAGE13,CHRDL1,1,1
GAGE13,CTAG2,1,1
GAGE13,GAGE12J,1,1
GAGE13,GAGE2E,1,1
GAGE13,KCNG4,1,1
GAGE13,MDH2,1,1
GAGE13,PAGE5,1,1
GAGE13,PITPNC1,1,1
GAGE13,SPATS1,1,1
GAGE13,WNK4,1,1
SCAMP5,ANKH,1,1
SCAMP5,APC2,1,1
SCAMP5,C17ORF96,1,1
SCAMP5,C18ORF8,1,1
SCAMP5,CDK14,1,1
SCAMP5,EHBP1,1,1
SCAMP5,EPRS,1,1
SCAMP5,F12,1,1
SCAMP5,FOXD2,1,1
SCAMP5,ICAM5,1,1
SCAMP5,KIAA1328,1,1
SCAMP5,MIPOL1,1,1
SCAMP5,OSMR,1,1
SCAMP5,PSMD10,1,1
SCAMP5,RPS6KA3,1,1
SCAMP5,SEC14L1,1,1
SCAMP5,SERINC3,1,1
SCAMP5,SLC9A7,1,1
SCAMP5,SP100,1,1
SCAMP5,SRPX2,1,1
SCAMP5,SYAP1,1,1
SCAMP5,TSPAN13,1,1
SCAMP5,UBA1,1,1
LRRC59,AP3D1,1,1
LRRC59,ATG101,1,1
LRRC59,ATR,1,1
LRRC59,C17ORF96,1,1
LRRC59,CNBP,1,1
LRRC59,COTL1,1,1
LRRC59,DCUN1D5,1,1
LRRC59,DDX56,1,1
LRRC59,DNAAF5,1,1
LRRC59,DUS3L,1,1
LRRC59,DUSP14,1,1
LRRC59,EFTUD2,1,1
LRRC59,EIF1AX,1,1
LRRC59,EIF5A,1,1
LRRC59,FAM98A,1,1
LRRC59,FXN,1,1
LRRC59,GAPDH,1,1
LRRC59,GOLIM4,1,1
LRRC59,HOXD13,1,1
LRRC59,ITGA4,1,1
LRRC59,JRK,1,1
LRRC59,KDELC2,1,1
LRRC59,LSG1,1,1
LRRC59,MAGEA2,1,1
LRRC59,MMADHC,1,1
LRRC59,NMD3,1,1
LRRC59,NOC2LP1,1,1
LRRC59,OFD1,1,1
LRRC59,PELP1,1,1
LRRC59,POFUT1,1,1
LRRC59,POLRMT,1,1
LRRC59,PSME3,1,1
LRRC59,PTK7,1,1
LRRC59,RAP1B,1,1
LRRC59,RCL1,1,1
LRRC59,RRP15,1,1
LRRC59,SEC61A1,1,1
LRRC59,SH3KBP1,1,1
LRRC59,SNAPC2,1,1
LRRC59,SNRPB2,1,1
LRRC59,SPHK1,1,1
LRRC59,SRPRB,1,1
LRRC59,TIMM44,1,1
LRRC59,TOR1AIP2,1,1
LRRC59,TPI1,1,1
LRRC59,TRIM24,1,1
LRRC59,TXNDC17,1,1
LRRC59,UBASH3B,1,1
LRRC59,UNC80,1,1
LRRC59,WT1,1,1
LRRC59,ZNF275,1,1
RNF152,ABCA8,1,1
RNF152,ACTN2,1,1
RNF152,ADAM15,1,1
RNF152,ADGRB1,1,1
RNF152,AFAP1L2,1,1
RNF152,AGMO,1,1
RNF152,AKAP6,1,1
RNF152,ALG13,1,1
RNF152,ANKRD45,1,1
RNF152,AP3D1,1,1
RNF152,ARHGAP20,1,1
RNF152,ARHGAP25,1,1
RNF152,ARHGAP6,1,1
RNF152,ART3,1,1
RNF152,ASB4,1,1
RNF152,ATP1B1,1,1
RNF152,B3GNT7,1,1
RNF152,B4GALNT3,1,1
RNF152,BCAP31,1,1
RNF152,C1QTNF3,1,1
RNF152,C1QTNF3-AMACR,1,1
RNF152,CC2D1A,1,1
RNF152,CEP70,1,1
RNF152,CHPF,1,1
RNF152,COL9A2,1,1
RNF152,COL9A3,1,1
RNF152,COLGALT2,1,1
RNF152,COPB2,1,1
RNF152,CSGALNACT1,1,1
RNF152,CT45A1,1,1
RNF152,CT45A10,1,1
RNF152,CT45A3,1,1
RNF152,CT45A5,1,1
RNF152,CT45A6,1,1
RNF152,CT45A8,1,1
RNF152,CT45A9,1,1
RNF152,DMRTA1,1,1
RNF152,DOK1,1,1
RNF152,EGFLAM,1,1
RNF152,ENAH,1,1
RNF152,ENOX1,1,1
RNF152,EPHA3,1,1
RNF152,ERLIN2,1,1
RNF152,EYA2,1,1
RNF152,FAM188B,1,1
RNF152,FAM198B,1,1
RNF152,FAM212B,1,1
RNF152,FAM86B1,1,1
RNF152,FGF13,1,1
RNF152,FKBP11,1,1
RNF152,FKBP14,1,1
RNF152,FKBP9P1,1,1
RNF152,FOLH1,1,1
RNF152,FREM2,1,1
RNF152,GALNT5,1,1
RNF152,GHR,1,1
RNF152,GLUD2,1,1
RNF152,GPC1,1,1
RNF152,GPC3,1,1
RNF152,GPC4,1,1
RNF152,GRIK4,1,1
RNF152,HMCES,1,1
RNF152,HS3ST3B1,1,1
RNF152,ID4,1,1
RNF152,IGFBP2,1,1
RNF152,IL13RA2,1,1
RNF152,IL1RAP,1,1
RNF152,IL27RA,1,1
RNF152,INTS10,1,1
RNF152,ITGA10,1,1
RNF152,ITIH5,1,1
RNF152,ITIH6,1,1
RNF152,ITPRIPL2,1,1
RNF152,KCNC3,1,1
RNF152,KCNK5,1,1
RNF152,LAMA4,1,1
RNF152,LAMC3,1,1
RNF152,LRP2,1,1
RNF152,LYPLAL1,1,1
RNF152,MAFB,1,1
RNF152,MAMDC2,1,1
RNF152,MATK,1,1
RNF152,ME1,1,1
RNF152,MEOX2,1,1
RNF152,MGP,1,1
RNF152,MICALL2,1,1
RNF152,MMP15,1,1
RNF152,MRAP2,1,1
RNF152,MYD88,1,1
RNF152,NDRG1,1,1
RNF152,NKX2-5,1,1
RNF152,NOC2LP1,1,1
RNF152,NOMO3,1,1
RNF152,NPAS1,1,1
RNF152,NTN1,1,1
RNF152,OFD1,1,1
RNF152,P3H1,1,1
RNF152,P3H2,1,1
RNF152,PATZ1,1,1
RNF152,PCDHA1,1,1
RNF152,PCDHA10,1,1
RNF152,PCDHB17P,1,1
RNF152,PCDHB5,1,1
RNF152,PCDHB6,1,1
RNF152,PCOLCE2,1,1
RNF152,PDDC1,1,1
RNF152,PIEZO2,1,1
RNF152,PITPNC1,1,1
RNF152,PLBD1,1,1
RNF152,PLEKHS1,1,1
RNF152,PMS2CL,1,1
RNF152,PODXL2,1,1
RNF152,POU3F3,1,1
RNF152,PPIC,1,1
RNF152,PRDX6,1,1
RNF152,PRPSAP2,1,1
RNF152,PTGFRN,1,1
RNF152,RAB7B,1,1
RNF152,RAPGEF5,1,1
RNF152,RBMS1,1,1
RNF152,RNF216,1,1
RNF152,ROR1,1,1
RNF152,RP11-111F5.5,1,1
RNF152,RPN1,1,1
RNF152,RYR2,1,1
RNF152,SCARA5,1,1
RNF152,SCRG1,1,1
RNF152,SDC2,1,1
RNF152,SEC14L1,1,1
RNF152,SERPINE2,1,1
RNF152,SEZ6L2,1,1
RNF152,SLC19A3,1,1
RNF152,SLC1A3,1,1
RNF152,SLC26A4,1,1
RNF152,SPARC,1,1
RNF152,SPATS1,1,1
RNF152,SPRY4,1,1
RNF152,SRPRB,1,1
RNF152,STK32B,1,1
RNF152,STON2,1,1
RNF152,TBC1D10B,1,1
RNF152,TGFB3,1,1
RNF152,TIGD1,1,1
RNF152,TIMP1,1,1
RNF152,TMEM67,1,1
RNF152,TNFAIP6,1,1
RNF152,TOR1AIP2,1,1
RNF152,TOR3A,1,1
RNF152,TPGS2,1,1
RNF152,TRIM9,1,1
RNF152,TRPM8,1,1
RNF152,TSPAN13,1,1
RNF152,TVP23B,1,1
RNF152,UNC80,1,1
RNF152,WNK4,1,1
RNF152,WWTR1,1,1
RNF152,XIAP,1,1
RNF152,XPR1,1,1
RNF152,ZNF595,1,1
PTPA,ADAP1,1,1
PTPA,ADORA2B,1,1
PTPA,ANKH,1,1
PTPA,BATF3,1,1
PTPA,CCDC113,1,1
PTPA,CNDP2,1,1
PTPA,CRIP2,1,1
PTPA,DUSP23,1,1
PTPA,FOXF1,1,1
PTPA,GLI2,1,1
PTPA,ITGA5,1,1
PTPA,KDM5C,1,1
PTPA,KIAA1671,1,1
PTPA,MIDN,1,1
PTPA,MRPS6,1,1
PTPA,NDUFA8,1,1
PTPA,NGRN,1,1
PTPA,P3H4,1,1
PTPA,PCDHA1,1,1
PTPA,PCDHA7,1,1
PTPA,PCDHB11,1,1
PTPA,PCDHB16,1,1
PTPA,PCDHB7,1,1
PTPA,PKD1P5,1,1
PTPA,PLCXD1,1,1
PTPA,PNPO,1,1
PTPA,POU3F3,1,1
PTPA,PRKAR1B,1,1
PTPA,RANBP17,1,1
PTPA,RGS16,1,1
PTPA,RP5-862P8.2,1,1
PTPA,SERPINH1,1,1
PTPA,SLC25A16,1,1
PTPA,SLC35E4,1,1
PTPA,SLC9A7,1,1
PTPA,SNX1,1,1
PTPA,SRPX2,1,1
PTPA,TGFB1,1,1
PTPA,TYW1B,1,1
PTPA,UBA1,1,1
PTPA,BP-21264C1.1,1,1
TIMM44,ATG101,1,1
TIMM44,ATR,1,1
TIMM44,BCAP31,1,1
TIMM44,C16ORF52,1,1
TIMM44,C5ORF15,1,1
TIMM44,CENPL,1,1
TIMM44,CEP170B,1,1
TIMM44,COX18,1,1
TIMM44,DDX56,1,1
TIMM44,DNAAF5,1,1
TIMM44,DUS3L,1,1
TIMM44,EBF1,1,1
TIMM44,ECE2,1,1
TIMM44,FAM3C,1,1
TIMM44,GPD2,1,1
TIMM44,GULP1,1,1
TIMM44,HOXD13,1,1
TIMM44,ITGA4,1,1
TIMM44,KIAA1191,1,1
TIMM44,LIN28B,1,1
TIMM44,MAGT1,1,1
TIMM44,NOA1,1,1
TIMM44,NOC2LP1,1,1
TIMM44,NOMO3,1,1
TIMM44,PFKFB4,1,1
TIMM44,PHB,1,1
TIMM44,SEMA3D,1,1
TIMM44,SH3KBP1,1,1
TIMM44,SNAPC2,1,1
TIMM44,STON2,1,1
TIMM44,TMEM45A,1,1
TIMM44,TPM3P9,1,1
TIMM44,UBASH3B,1,1
TIMM44,ZNF593,1,1
SYAP1,ADORA2B,1,1
SYAP1,ANKH,1,1
SYAP1,ATP1B1,1,1
SYAP1,BATF3,1,1
SYAP1,C10ORF76,1,1
SYAP1,C17ORF89,1,1
SYAP1,C17ORF96,1,1
SYAP1,C4ORF32,1,1
SYAP1,CDK14,1,1
SYAP1,CDKL1,1,1
SYAP1,COTL1,1,1
SYAP1,CPNE3,1,1
SYAP1,CTDSP1,1,1
SYAP1,DUSP23,1,1
SYAP1,EFNA5,1,1
SYAP1,EHBP1,1,1
SYAP1,EIF4H,1,1
SYAP1,EPRS,1,1
SYAP1,F12,1,1
SYAP1,FGFRL1,1,1
SYAP1,FOXD2,1,1
SYAP1,FREM2,1,1
SYAP1,GATB,1,1
SYAP1,KDM5C,1,1
SYAP1,LANCL3,1,1
SYAP1,LIMS1,1,1
SYAP1,MIPOL1,1,1
SYAP1,MMP16,1,1
SYAP1,NECAP2,1,1
SYAP1,NFIC,1,1
SYAP1,NGRN,1,1
SYAP1,OSMR,1,1
SYAP1,PCDHA7,1,1
SYAP1,PCDHB16,1,1
SYAP1,PHKA1,1,1
SYAP1,PKD1P5,1,1
SYAP1,POLRMT,1,1
SYAP1,PRKAR1B,1,1
SYAP1,PSMD10,1,1
SYAP1,PTK7,1,1
SYAP1,PTPN12,1,1
SYAP1,RP5-862P8.2,1,1
SYAP1,RPS6KA3,1,1
SYAP1,SDHD,1,1
SYAP1,SEC14L1,1,1
SYAP1,SERINC3,1,1
SYAP1,SNRPB2,1,1
SYAP1,SPHK1,1,1
SYAP1,SRPX2,1,1
SYAP1,STYXL1,1,1
SYAP1,TIGD1,1,1
SYAP1,TPI1,1,1
SYAP1,TSPAN13,1,1
SYAP1,TYW1B,1,1
SYAP1,UBA1,1,1
SYAP1,VCAN,1,1
SYAP1,WDR11,1,1
SYAP1,WT1,1,1
SYAP1,YBX3,1,1
SYAP1,ZFYVE27,1,1
SYAP1,ZNF335,1,1
SYAP1,BP-21264C1.1,1,1
DTD2,GNB4,1,1
DTD2,KANSL2,1,1
DTD2,USP7,1,1
DTD2,ZNF107,1,1
LMLN,ALG13,1,1
LMLN,ATP11C,1,1
LMLN,ATP9A,1,1
LMLN,CELSR1,1,1
LMLN,CHST2,1,1
LMLN,COL11A2,1,1
LMLN,CSGALNACT1,1,1
LMLN,EPHB3,1,1
LMLN,ERLIN2,1,1
LMLN,FAM212B,1,1
LMLN,FLRT2,1,1
LMLN,FZD1,1,1
LMLN,GAS7,1,1
LMLN,GLUD1,1,1
LMLN,GLUD2,1,1
LMLN,GNS,1,1
LMLN,GPR37,1,1
LMLN,GRIK2,1,1
LMLN,ITPRIPL2,1,1
LMLN,JKAMP,1,1
LMLN,KCNC3,1,1
LMLN,LAMA4,1,1
LMLN,METTL21B,1,1
LMLN,MMP15,1,1
LMLN,MPZL1,1,1
LMLN,MTUS1,1,1
LMLN,NAT8L,1,1
LMLN,NFIA,1,1
LMLN,NR0B1,1,1
LMLN,PCDH7,1,1
LMLN,PCDHGA3,1,1
LMLN,PCDHGA7,1,1
LMLN,PTPRZ1,1,1
LMLN,RC3H1,1,1
LMLN,RNF157,1,1
LMLN,RP11-958N24.2,1,1
LMLN,S100A13,1,1
LMLN,SCRG1,1,1
LMLN,SERPINE2,1,1
LMLN,SLC2A3,1,1
LMLN,SLC5A3,1,1
LMLN,SOX5,1,1
LMLN,SOX8,1,1
LMLN,SPRY4,1,1
LMLN,SYNE3,1,1
LMLN,TBL2,1,1
LMLN,TCN1,1,1
LMLN,TIMP1,1,1
LMLN,TNFAIP6,1,1
LMLN,TNFRSF19,1,1
LMLN,TOR3A,1,1
LMLN,XIAP,1,1
LMLN,XPR1,1,1
LMLN,XYLT1,1,1
TNRC18,ATP1B3,1,1
TNRC18,B3GNT2,1,1
TNRC18,CHRNA6,1,1
TNRC18,CLCC1,1,1
TNRC18,CLEC2B,1,1
TNRC18,CLTC,1,1
TNRC18,COL19A1,1,1
TNRC18,DOCK4,1,1
TNRC18,DPY19L1,1,1
TNRC18,EBF1,1,1
TNRC18,EPDR1,1,1
TNRC18,FAM122B,1,1
TNRC18,GPD2,1,1
TNRC18,H1FX,1,1
TNRC18,HES1,1,1
TNRC18,ICAM1,1,1
TNRC18,ITGB3,1,1
TNRC18,KCNC4,1,1
TNRC18,KCNK5,1,1
TNRC18,LIN28B,1,1
TNRC18,MAGT1,1,1
TNRC18,MAML2,1,1
TNRC18,MEGF10,1,1
TNRC18,MFSD1,1,1
TNRC18,NSF,1,1
TNRC18,P4HA1,1,1
TNRC18,PLPP3,1,1
TNRC18,RAD17,1,1
TNRC18,RHOC,1,1
TNRC18,ROR1,1,1
TNRC18,SEMA3D,1,1
TNRC18,SLC1A1,1,1
TNRC18,SLC7A2,1,1
TNRC18,STIM2,1,1
TNRC18,STON2,1,1
TNRC18,SWAP70,1,1
TNRC18,TMEM45A,1,1
TNRC18,TMEM5,1,1
TNRC18,TMEM87A,1,1
TNRC18,TMEM87B,1,1
TNRC18,UBE3C,1,1
TNRC18,ZBTB33,1,1
METTL21B,BECN1,1,1
METTL21B,C12ORF60,1,1
METTL21B,C19ORF43,1,1
METTL21B,CALCOCO2,1,1
METTL21B,COL11A2,1,1
METTL21B,EPB41L2,1,1
METTL21B,FLRT2,1,1
METTL21B,FOXO1,1,1
METTL21B,GAS7,1,1
METTL21B,GINM1,1,1
METTL21B,GLUD2,1,1
METTL21B,GNS,1,1
METTL21B,GPR37,1,1
METTL21B,IFT122,1,1
METTL21B,IL13RA1,1,1
METTL21B,KIFAP3,1,1
METTL21B,LY96,1,1
METTL21B,RORA,1,1
METTL21B,RP11-958N24.2,1,1
METTL21B,S100A13,1,1
METTL21B,SLC2A3,1,1
METTL21B,TCTN1,1,1
METTL21B,TMED10,1,1
METTL21B,TNFRSF19,1,1
IQCK,BECN1,1,1
IQCK,C12ORF60,1,1
IQCK,C19ORF43,1,1
IQCK,FOXO1,1,1
IQCK,HERC2P3,1,1
IQCK,LGMN,1,1
IQCK,MEAF6,1,1
IQCK,MORN2,1,1
IQCK,NAP1L5,1,1
IQCK,PIGS,1,1
CLPX,ICK,1,1
CLPX,TIGAR,1,1
C10ORF76,ALG11,1,1
C10ORF76,ANAPC13,1,1
C10ORF76,ANKH,1,1
C10ORF76,ATP1B1,1,1
C10ORF76,ATP5D,1,1
C10ORF76,BATF3,1,1
C10ORF76,C17ORF89,1,1
C10ORF76,C18ORF8,1,1
C10ORF76,CCDC113,1,1
C10ORF76,CDK14,1,1
C10ORF76,CTDP1,1,1
C10ORF76,F12,1,1
C10ORF76,FOXD2,1,1
C10ORF76,FOXRED1,1,1
C10ORF76,GATB,1,1
C10ORF76,GDNF,1,1
C10ORF76,GPKOW,1,1
C10ORF76,MAVS,1,1
C10ORF76,MECP2,1,1
C10ORF76,NGRN,1,1
C10ORF76,P3H4,1,1
C10ORF76,PCDHB11,1,1
C10ORF76,PHKA1,1,1
C10ORF76,PKD1P5,1,1
C10ORF76,PSMD10,1,1
C10ORF76,RP5-862P8.2,1,1
C10ORF76,SDHD,1,1
C10ORF76,SPHK1,1,1
C10ORF76,SRPX2,1,1
C10ORF76,STYXL1,1,1
C10ORF76,TSPAN13,1,1
C10ORF76,TYW1B,1,1
C10ORF76,ZNF335,1,1
C10ORF76,BP-21264C1.1,1,1
HSPB8,CHST6,1,1
HSPB8,COPB2,1,1
HSPB8,PPP1R13B,1,1
HSPB8,RABL6,1,1
HSPB8,RNF216,1,1
HSPB8,ZDHHC6,1,1
FOXD2,ABCD3,1,1
FOXD2,ATP1B1,1,1
FOXD2,C17ORF89,1,1
FOXD2,C17ORF96,1,1
FOXD2,CD55,1,1
FOXD2,CDK14,1,1
FOXD2,CTDSP1,1,1
FOXD2,DMRTA1,1,1
FOXD2,EPRS,1,1
FOXD2,F12,1,1
FOXD2,FREM2,1,1
FOXD2,GAPDH,1,1
FOXD2,GOLIM4,1,1
FOXD2,ICAM5,1,1
FOXD2,MAMDC2,1,1
FOXD2,MAPK11,1,1
FOXD2,MFSD14A,1,1
FOXD2,MORF4L2,1,1
FOXD2,NMD3,1,1
FOXD2,OFD1,1,1
FOXD2,OSMR,1,1
FOXD2,PHKA1,1,1
FOXD2,PKD1P5,1,1
FOXD2,POLRMT,1,1
FOXD2,PSMD10,1,1
FOXD2,PTK7,1,1
FOXD2,RPS6KA3,1,1
FOXD2,SDHD,1,1
FOXD2,SEC14L1,1,1
FOXD2,SERINC3,1,1
FOXD2,SPARC,1,1
FOXD2,SPHK1,1,1
FOXD2,TBC1D10B,1,1
FOXD2,TIGD1,1,1
FOXD2,TPI1,1,1
FOXD2,TSPAN13,1,1
FOXD2,UBA1,1,1
FOXD2,WT1,1,1
FOXD2,ZNF335,1,1
FOXD2,BP-21264C1.1,1,1
GOLIM4,ATR,1,1
GOLIM4,BCL9,1,1
GOLIM4,C17ORF89,1,1
GOLIM4,C17ORF96,1,1
GOLIM4,CDK14,1,1
GOLIM4,CNBP,1,1
GOLIM4,COTL1,1,1
GOLIM4,EIF1AX,1,1
GOLIM4,EPRS,1,1
GOLIM4,FRMD6,1,1
GOLIM4,ITGA4,1,1
GOLIM4,JRK,1,1
GOLIM4,KDELC2,1,1
GOLIM4,KIAA1328,1,1
GOLIM4,L3HYPDH,1,1
GOLIM4,LSG1,1,1
GOLIM4,MIPOL1,1,1
GOLIM4,MMADHC,1,1
GOLIM4,MMP16,1,1
GOLIM4,NMD3,1,1
GOLIM4,NOC2LP1,1,1
GOLIM4,OFD1,1,1
GOLIM4,PELI1,1,1
GOLIM4,PTK7,1,1
GOLIM4,SDE2,1,1
GOLIM4,SPHK1,1,1
GOLIM4,STYX,1,1
GOLIM4,TBC1D10B,1,1
GOLIM4,TPI1,1,1
GOLIM4,TRIM24,1,1
GOLIM4,WT1,1,1
GOLIM4,ZNF335,1,1
ME1,ACTN2,1,1
ME1,ADAM15,1,1
ME1,ADAMTS9,1,1
ME1,ADCY1,1,1
ME1,AP3D1,1,1
ME1,APOO,1,1
ME1,ARHGAP25,1,1
ME1,ART3,1,1
ME1,BCAP31,1,1
ME1,C16ORF52,1,1
ME1,CC2D1A,1,1
ME1,CENPL,1,1
ME1,CEP170B,1,1
ME1,CEP70,1,1
ME1,CHRNA6,1,1
ME1,CLEC2B,1,1
ME1,CMTM8,1,1
ME1,COL19A1,1,1
ME1,COLGALT1,1,1
ME1,COPB2,1,1
ME1,CSGALNACT1,1,1
ME1,DOK1,1,1
ME1,DPY19L1,1,1
ME1,DUS3L,1,1
ME1,EBF1,1,1
ME1,ENAH,1,1
ME1,ENOX1,1,1
ME1,EPDR1,1,1
ME1,EPHA3,1,1
ME1,ERLEC1,1,1
ME1,FAM188B,1,1
ME1,FAM198B,1,1
ME1,FGF13,1,1
ME1,FKBP14,1,1
ME1,FKBP9P1,1,1
ME1,GAD1,1,1
ME1,GHR,1,1
ME1,GPC3,1,1
ME1,GPC4,1,1
ME1,GPD2,1,1
ME1,GULP1,1,1
ME1,HMCES,1,1
ME1,HOXD13,1,1
ME1,IARS2,1,1
ME1,ICAM1,1,1
ME1,ID4,1,1
ME1,IL1RAP,1,1
ME1,INTS10,1,1
ME1,KCNK5,1,1
ME1,KIAA0040,1,1
ME1,KIAA1191,1,1
ME1,LAMA4,1,1
ME1,LIG3,1,1
ME1,LIN28B,1,1
ME1,LYPLAL1,1,1
ME1,MATK,1,1
ME1,MRAP2,1,1
ME1,MTUS1,1,1
ME1,MYD88,1,1
ME1,NDUFAF2,1,1
ME1,NOC2LP1,1,1
ME1,NOMO3,1,1
ME1,NPAS1,1,1
ME1,NSF,1,1
ME1,OFD1,1,1
ME1,P3H1,1,1
ME1,P3H2,1,1
ME1,PAQR7,1,1
ME1,PCOLCE2,1,1
ME1,PDGFRL,1,1
ME1,PGM1,1,1
ME1,PIEZO2,1,1
ME1,PLPP3,1,1
ME1,PRDX6,1,1
ME1,PTGFRN,1,1
ME1,RABL6,1,1
ME1,RAD17,1,1
ME1,RCN2,1,1
ME1,RNF216,1,1
ME1,ROR1,1,1
ME1,RPN1,1,1
ME1,RUFY1,1,1
ME1,SCG2,1,1
ME1,SEC14L1,1,1
ME1,SEMA3D,1,1
ME1,SERPINE2,1,1
ME1,SH3KBP1,1,1
ME1,SLC19A3,1,1
ME1,SLC1A1,1,1
ME1,SLC26A2,1,1
ME1,SLC26A4,1,1
ME1,SMAP2,1,1
ME1,SPARC,1,1
ME1,SPRY4,1,1
ME1,SRPRB,1,1
ME1,STK32B,1,1
ME1,STON2,1,1
ME1,TBC1D10B,1,1
ME1,TGFB3,1,1
ME1,TIMP1,1,1
ME1,TMEM67,1,1
ME1,TNFAIP6,1,1
ME1,TOR1AIP2,1,1
ME1,TOR3A,1,1
ME1,TPGS2,1,1
ME1,TPM3P9,1,1
ME1,TVP23B,1,1
ME1,UBASH3B,1,1
ME1,UNC80,1,1
ME1,WWTR1,1,1
ME1,XPR1,1,1
ME1,ZNF595,1,1
ASCC3,ALG13,1,1
ASCC3,ANGPTL1,1,1
ASCC3,AP3D1,1,1
ASCC3,ART3,1,1
ASCC3,BCAP31,1,1
ASCC3,C1QTNF3,1,1
ASCC3,CEP70,1,1
ASCC3,COLGALT2,1,1
ASCC3,CSGALNACT1,1,1
ASCC3,DLX2,1,1
ASCC3,DMRT2,1,1
ASCC3,DNAAF5,1,1
ASCC3,EDEM1,1,1
ASCC3,EIF1AX,1,1
ASCC3,ENAH,1,1
ASCC3,EPHA3,1,1
ASCC3,FAM212B,1,1
ASCC3,GNB4,1,1
ASCC3,IARS2,1,1
ASCC3,IL1RAP,1,1
ASCC3,IL27RA,1,1
ASCC3,JKAMP,1,1
ASCC3,KCNC3,1,1
ASCC3,KIAA0040,1,1
ASCC3,LONRF2,1,1
ASCC3,MMP16,1,1
ASCC3,MRAP2,1,1
ASCC3,MTUS1,1,1
ASCC3,NPAS1,1,1
ASCC3,P3H2,1,1
ASCC3,PCDHA11,1,1
ASCC3,PRDX6,1,1
ASCC3,RAB7B,1,1
ASCC3,RAP2C,1,1
ASCC3,RBMS1,1,1
ASCC3,RNF128,1,1
ASCC3,RPN1,1,1
ASCC3,SEC61A1,1,1
ASCC3,SERPINE2,1,1
ASCC3,SH3KBP1,1,1
ASCC3,SH3TC1,1,1
ASCC3,SLC26A4,1,1
ASCC3,SNAPC2,1,1
ASCC3,SPRY4,1,1
ASCC3,SRPRB,1,1
ASCC3,STK32B,1,1
ASCC3,STON2,1,1
ASCC3,SYTL5,1,1
ASCC3,TDRD1,1,1
ASCC3,TGFA,1,1
ASCC3,TGFB3,1,1
ASCC3,TNFAIP6,1,1
ASCC3,TOR1AIP2,1,1
ASCC3,TOR3A,1,1
ASCC3,TRIM24,1,1
ASCC3,TRIM47,1,1
ASCC3,TRIM51,1,1
ASCC3,TRIM51CP,1,1
ASCC3,UNC80,1,1
ASCC3,XIAP,1,1
ASCC3,XPR1,1,1
ASCC3,ZNF654,1,1
CLTC,ASB9,1,1
CLTC,ATAT1,1,1
CLTC,ATP1B3,1,1
CLTC,ATXN3,1,1
CLTC,B3GNT2,1,1
CLTC,CENPL,1,1
CLTC,CEP85L,1,1
CLTC,CLCC1,1,1
CLTC,CMBL,1,1
CLTC,COL19A1,1,1
CLTC,DARS2,1,1
CLTC,DOCK10,1,1
CLTC,ECE2,1,1
CLTC,EN2,1,1
CLTC,EPDR1,1,1
CLTC,GALNT2,1,1
CLTC,GPD2,1,1
CLTC,ICAM1,1,1
CLTC,ITGB3,1,1
CLTC,KDM1B,1,1
CLTC,KIAA1191,1,1
CLTC,LIN28B,1,1
CLTC,MAGEC1,1,1
CLTC,MAN1A2,1,1
CLTC,MBTPS2,1,1
CLTC,MEGF10,1,1
CLTC,MFSD1,1,1
CLTC,MGAT5B,1,1
CLTC,NOMO1,1,1
CLTC,PLPP3,1,1
CLTC,PMP2,1,1
CLTC,RBAK,1,1
CLTC,RHOC,1,1
CLTC,RPL17,1,1
CLTC,RPTOR,1,1
CLTC,SEMA3D,1,1
CLTC,SH2B3,1,1
CLTC,SH3GLB2,1,1
CLTC,SLC7A2,1,1
CLTC,SSFA2,1,1
CLTC,STAG2,1,1
CLTC,SUN2,1,1
CLTC,SWAP70,1,1
CLTC,THOC2,1,1
CLTC,TIPRL,1,1
CLTC,TMEM5,1,1
CLTC,TMEM87A,1,1
CLTC,UBASH3B,1,1
CLTC,UBE3C,1,1
CLTC,UXS1,1,1
CLASP2,ACBD5,1,1
CLASP2,ADGRA3,1,1
CLASP2,BOD1L1,1,1
CLASP2,CALM1,1,1
CLASP2,KDSR,1,1
CLASP2,MICU1,1,1
CLASP2,MLLT10,1,1
CLASP2,PTPN23,1,1
CLASP2,PTPN9,1,1
CLASP2,PYCR2,1,1
CLASP2,ROCK1,1,1
CLASP2,RSRC2,1,1
P4HA1,ARHGAP25,1,1
P4HA1,ATP1B3,1,1
P4HA1,C5ORF15,1,1
P4HA1,CHRNA6,1,1
P4HA1,CLCC1,1,1
P4HA1,CLEC2B,1,1
P4HA1,CNKSR3,1,1
P4HA1,COL19A1,1,1
P4HA1,COX18,1,1
P4HA1,DOCK4,1,1
P4HA1,DPY19L1,1,1
P4HA1,EBF1,1,1
P4HA1,EPDR1,1,1
P4HA1,ETV1,1,1
P4HA1,FAM102A,1,1
P4HA1,FGF13,1,1
P4HA1,FKBP14,1,1
P4HA1,GALNT2,1,1
P4HA1,GLCCI1,1,1
P4HA1,GPD2,1,1
P4HA1,H1FX,1,1
P4HA1,HES1,1,1
P4HA1,ICAM1,1,1
P4HA1,IL1RAP,1,1
P4HA1,ITGB3,1,1
P4HA1,KCNC4,1,1
P4HA1,KCNK5,1,1
P4HA1,LIN28B,1,1
P4HA1,MAML2,1,1
P4HA1,MAN1A2,1,1
P4HA1,MEGF10,1,1
P4HA1,METTL14,1,1
P4HA1,MRPL57,1,1
P4HA1,MYH14,1,1
P4HA1,NSF,1,1
P4HA1,PGM1,1,1
P4HA1,PLAT,1,1
P4HA1,PLPP3,1,1
P4HA1,RAD17,1,1
P4HA1,RHOC,1,1
P4HA1,ROR1,1,1
P4HA1,SCG2,1,1
P4HA1,SEMA3D,1,1
P4HA1,SHROOM1,1,1
P4HA1,SLC19A3,1,1
P4HA1,SLC1A1,1,1
P4HA1,STIM2,1,1
P4HA1,STON2,1,1
P4HA1,SWAP70,1,1
P4HA1,TMEM5,1,1
P4HA1,TMEM62,1,1
P4HA1,TMEM87A,1,1
P4HA1,TMEM87B,1,1
P4HA1,TRIM51,1,1
P4HA1,TVP23B,1,1
P4HA1,ZBTB33,1,1
CBSL,ABCA8,1,1
CBSL,ACAD11,1,1
CBSL,ADAP1,1,1
CBSL,ADGRB1,1,1
CBSL,ADGRL1,1,1
CBSL,AFAP1L2,1,1
CBSL,AGMO,1,1
CBSL,AKAP6,1,1
CBSL,ANKRD45,1,1
CBSL,ARHGAP20,1,1
CBSL,ARHGAP6,1,1
CBSL,ASB4,1,1
CBSL,ATP1B1,1,1
CBSL,ATP9A,1,1
CBSL,B3GALT1,1,1
CBSL,B3GNT7,1,1
CBSL,B4GALNT3,1,1
CBSL,BAALC,1,1
CBSL,BFSP1,1,1
CBSL,BMP6,1,1
CBSL,BST2,1,1
CBSL,C12ORF60,1,1
CBSL,C1QTNF3-AMACR,1,1
CBSL,C1ORF115,1,1
CBSL,CACNA1H,1,1
CBSL,CADM4,1,1
CBSL,CC2D1A,1,1
CBSL,CCDC113,1,1
CBSL,CCDC78,1,1
CBSL,CDH12,1,1
CBSL,CGREF1,1,1
CBSL,CHPF,1,1
CBSL,CHRDL1,1,1
CBSL,CHURC1-FNTB,1,1
CBSL,COASY,1,1
CBSL,COL9A2,1,1
CBSL,COL9A3,1,1
CBSL,COQ3,1,1
CBSL,COQ6,1,1
CBSL,CSMD1,1,1
CBSL,CT45A1,1,1
CBSL,CT45A10,1,1
CBSL,CT45A3,1,1
CBSL,CT45A5,1,1
CBSL,CT45A6,1,1
CBSL,CT45A8,1,1
CBSL,CT45A9,1,1
CBSL,DDX43,1,1
CBSL,DEPDC7,1,1
CBSL,DMRTA1,1,1
CBSL,DNAJB6,1,1
CBSL,DNAJC30,1,1
CBSL,DSCR8,1,1
CBSL,EGFL7,1,1
CBSL,EMILIN1,1,1
CBSL,EYA2,1,1
CBSL,FAM134B,1,1
CBSL,FAM86B1,1,1
CBSL,FBF1,1,1
CBSL,FOLH1,1,1
CBSL,GABRG3,1,1
CBSL,GAGE12J,1,1
CBSL,GAGE2E,1,1
CBSL,GALNT5,1,1
CBSL,GPC1,1,1
CBSL,GPC4,1,1
CBSL,GRIK4,1,1
CBSL,GUCY1B3,1,1
CBSL,HS3ST3B1,1,1
CBSL,IFI16,1,1
CBSL,IGFBP2,1,1
CBSL,IL13RA2,1,1
CBSL,ITGA10,1,1
CBSL,ITGAX,1,1
CBSL,ITIH5,1,1
CBSL,ITIH6,1,1
CBSL,ITPRIPL2,1,1
CBSL,JSRP1,1,1
CBSL,JUNB,1,1
CBSL,KCNG4,1,1
CBSL,LAMA2,1,1
CBSL,LAMC3,1,1
CBSL,LRP2,1,1
CBSL,MAFB,1,1
CBSL,MAMDC2,1,1
CBSL,MAOB,1,1
CBSL,MAPRE3,1,1
CBSL,MATK,1,1
CBSL,MDH2,1,1
CBSL,MDM2,1,1
CBSL,MEOX2,1,1
CBSL,MGP,1,1
CBSL,NDUFA8,1,1
CBSL,NKX2-5,1,1
CBSL,NPHP1,1,1
CBSL,NTN1,1,1
CBSL,OLFM2,1,1
CBSL,OPHN1,1,1
CBSL,P3H1,1,1
CBSL,P3H4,1,1
CBSL,PAGE5,1,1
CBSL,PATZ1,1,1
CBSL,PCDHA1,1,1
CBSL,PCDHA10,1,1
CBSL,PCDHB11,1,1
CBSL,PCDHB16,1,1
CBSL,PCDHB17P,1,1
CBSL,PCDHB5,1,1
CBSL,PCDHB6,1,1
CBSL,PCDHB7,1,1
CBSL,PDDC1,1,1
CBSL,PEX5L,1,1
CBSL,PITPNC1,1,1
CBSL,PLBD1,1,1
CBSL,PLEKHS1,1,1
CBSL,POU3F3,1,1
CBSL,PPIC,1,1
CBSL,PPP2R2B,1,1
CBSL,PRKCD,1,1
CBSL,PTPRD,1,1
CBSL,RGS16,1,1
CBSL,RNASE1,1,1
CBSL,RP11-111F5.5,1,1
CBSL,RYR2,1,1
CBSL,SBNO2,1,1
CBSL,SCARA5,1,1
CBSL,SCRG1,1,1
CBSL,SDC2,1,1
CBSL,SDK2,1,1
CBSL,SEL1L3,1,1
CBSL,SERPINA3,1,1
CBSL,SEZ6L2,1,1
CBSL,SLC1A3,1,1
CBSL,SLC39A4,1,1
CBSL,SLC40A1,1,1
CBSL,SMIM3,1,1
CBSL,SOCS2,1,1
CBSL,SOD3,1,1
CBSL,SPATS1,1,1
CBSL,STAT3,1,1
CBSL,SULF1,1,1
CBSL,TACO1,1,1
CBSL,TGFB3,1,1
CBSL,TIGD1,1,1
CBSL,TRIM9,1,1
CBSL,TRPM8,1,1
CBSL,UROC1,1,1
CBSL,WNK4,1,1
CBSL,ZNF536,1,1
CBSL,ZNF595,1,1
CBSL,BP-21264C1.1,1,1
SPHK1,ATP1B1,1,1
SPHK1,C17ORF89,1,1
SPHK1,C17ORF96,1,1
SPHK1,CDK14,1,1
SPHK1,CNBP,1,1
SPHK1,COTL1,1,1
SPHK1,CTDSP1,1,1
SPHK1,CTU2,1,1
SPHK1,EFNA5,1,1
SPHK1,EIF1AX,1,1
SPHK1,EIF4H,1,1
SPHK1,EIF5A,1,1
SPHK1,EPRS,1,1
SPHK1,F11R,1,1
SPHK1,FREM2,1,1
SPHK1,FRMD6,1,1
SPHK1,GAPDH,1,1
SPHK1,GATB,1,1
SPHK1,JRK,1,1
SPHK1,MAGEA2,1,1
SPHK1,MAVS,1,1
SPHK1,MMADHC,1,1
SPHK1,MRPL4,1,1
SPHK1,NMD3,1,1
SPHK1,NOC2LP1,1,1
SPHK1,OFD1,1,1
SPHK1,POLRMT,1,1
SPHK1,PTK7,1,1
SPHK1,RCL1,1,1
SPHK1,SDHD,1,1
SPHK1,SEC14L1,1,1
SPHK1,SNRPB2,1,1
SPHK1,TBC1D10B,1,1
SPHK1,TIGD1,1,1
SPHK1,TOR1AIP2,1,1
SPHK1,TPI1,1,1
SPHK1,TSPAN13,1,1
SPHK1,UBE3B,1,1
SPHK1,WT1,1,1
SPHK1,ZNF335,1,1
SLC2A3,AKAP6,1,1
SLC2A3,ALG13,1,1
SLC2A3,ARHGAP20,1,1
SLC2A3,ATOH8,1,1
SLC2A3,ATP11C,1,1
SLC2A3,ATP5SL,1,1
SLC2A3,ATP9A,1,1
SLC2A3,B3GALT1,1,1
SLC2A3,B4GALNT3,1,1
SLC2A3,BCL7A,1,1
SLC2A3,BORCS7,1,1
SLC2A3,BST2,1,1
SLC2A3,C12ORF60,1,1
SLC2A3,C19ORF43,1,1
SLC2A3,CELSR1,1,1
SLC2A3,CHPF,1,1
SLC2A3,COL11A2,1,1
SLC2A3,COL9A3,1,1
SLC2A3,CRISPLD1,1,1
SLC2A3,CSGALNACT1,1,1
SLC2A3,CXCL16,1,1
SLC2A3,DDX43,1,1
SLC2A3,EPB41L2,1,1
SLC2A3,ERLIN2,1,1
SLC2A3,FKBP14,1,1
SLC2A3,FKBP9,1,1
SLC2A3,FKBP9P1,1,1
SLC2A3,FLRT2,1,1
SLC2A3,FUNDC1,1,1
SLC2A3,GAS7,1,1
SLC2A3,GLUD1,1,1
SLC2A3,GLUD2,1,1
SLC2A3,GNS,1,1
SLC2A3,GPC1,1,1
SLC2A3,GPC3,1,1
SLC2A3,GPC4,1,1
SLC2A3,GPR37,1,1
SLC2A3,GRIK2,1,1
SLC2A3,ID4,1,1
SLC2A3,IFI16,1,1
SLC2A3,IFT122,1,1
SLC2A3,IGFBP2,1,1
SLC2A3,IL13RA1,1,1
SLC2A3,INTS10,1,1
SLC2A3,ITIH5,1,1
SLC2A3,ITIH6,1,1
SLC2A3,ITPRIPL2,1,1
SLC2A3,KIFAP3,1,1
SLC2A3,LAMA4,1,1
SLC2A3,LDLRAP1,1,1
SLC2A3,LGR4,1,1
SLC2A3,MAFB,1,1
SLC2A3,MAP7D3,1,1
SLC2A3,MMP15,1,1
SLC2A3,MTUS1,1,1
SLC2A3,NFIA,1,1
SLC2A3,NPHP1,1,1
SLC2A3,P3H1,1,1
SLC2A3,P3H2,1,1
SLC2A3,PDDC1,1,1
SLC2A3,PLEKHS1,1,1
SLC2A3,PMS2CL,1,1
SLC2A3,PPFIA3,1,1
SLC2A3,PPIC,1,1
SLC2A3,PPP3CB,1,1
SLC2A3,PTGFRN,1,1
SLC2A3,RORA,1,1
SLC2A3,S100A13,1,1
SLC2A3,SCARF2,1,1
SLC2A3,SCRG1,1,1
SLC2A3,SDC2,1,1
SLC2A3,SDSL,1,1
SLC2A3,SERPINE2,1,1
SLC2A3,SLC19A3,1,1
SLC2A3,SOX5,1,1
SLC2A3,STAT3,1,1
SLC2A3,TCTN1,1,1
SLC2A3,TIMP1,1,1
SLC2A3,TNFRSF19,1,1
SLC2A3,TOR3A,1,1
SLC2A3,XPR1,1,1
SLC2A3,ZNF595,1,1
KYAT3,BCL7A,1,1
KYAT3,CHST2,1,1
KYAT3,CNPY2,1,1
KYAT3,COL11A2,1,1
KYAT3,CSGALNACT1,1,1
KYAT3,EHD4,1,1
KYAT3,EPB41L2,1,1
KYAT3,FIP1L1,1,1
KYAT3,FKBP9P1,1,1
KYAT3,FLRT2,1,1
KYAT3,ID4,1,1
KYAT3,LY96,1,1
KYAT3,MMP15,1,1
KYAT3,MPZL1,1,1
KYAT3,MTUS1,1,1
KYAT3,NAT8L,1,1
KYAT3,PRDX4,1,1
KYAT3,TBC1D22B,1,1
KYAT3,TNFRSF19,1,1
KYAT3,TOR3A,1,1
PCDHB16,ABCA8,1,1
PCDHB16,AC004980.7,1,1
PCDHB16,ADGRB1,1,1
PCDHB16,AFAP1L2,1,1
PCDHB16,AGMO,1,1
PCDHB16,AKAP6,1,1
PCDHB16,ANAPC13,1,1
PCDHB16,ANKH,1,1
PCDHB16,ANKRD45,1,1
PCDHB16,ARCN1,1,1
PCDHB16,ARHGAP5,1,1
PCDHB16,ARHGAP6,1,1
PCDHB16,ASB4,1,1
PCDHB16,ATP1B1,1,1
PCDHB16,ATP9A,1,1
PCDHB16,B3GNT7,1,1
PCDHB16,B4GALNT3,1,1
PCDHB16,BATF3,1,1
PCDHB16,BMP6,1,1
PCDHB16,BST2,1,1
PCDHB16,C17ORF96,1,1
PCDHB16,C1QTNF3,1,1
PCDHB16,C1QTNF3-AMACR,1,1
PCDHB16,CC2D1A,1,1
PCDHB16,CCDC113,1,1
PCDHB16,CDH12,1,1
PCDHB16,CEP70,1,1
PCDHB16,CHURC1-FNTB,1,1
PCDHB16,COL9A2,1,1
PCDHB16,COL9A3,1,1
PCDHB16,COLGALT2,1,1
PCDHB16,CSMD1,1,1
PCDHB16,CT45A1,1,1
PCDHB16,CT45A10,1,1
PCDHB16,CT45A3,1,1
PCDHB16,CT45A5,1,1
PCDHB16,CT45A6,1,1
PCDHB16,CT45A8,1,1
PCDHB16,CT45A9,1,1
PCDHB16,DDX43,1,1
PCDHB16,DMRT2,1,1
PCDHB16,DMRTA1,1,1
PCDHB16,DNAJB6,1,1
PCDHB16,DNAJC30,1,1
PCDHB16,DOK1,1,1
PCDHB16,DSCR8,1,1
PCDHB16,EGFLAM,1,1
PCDHB16,EIF1AXP1,1,1
PCDHB16,EIF4H,1,1
PCDHB16,EMILIN1,1,1
PCDHB16,ENAH,1,1
PCDHB16,EPHB3,1,1
PCDHB16,EYA2,1,1
PCDHB16,FAM212B,1,1
PCDHB16,FAM86B1,1,1
PCDHB16,FOLH1,1,1
PCDHB16,FOXF1,1,1
PCDHB16,FREM2,1,1
PCDHB16,GALNT5,1,1
PCDHB16,GLI2,1,1
PCDHB16,GPC1,1,1
PCDHB16,GRIK4,1,1
PCDHB16,IGFBP2,1,1
PCDHB16,IGFBP3,1,1
PCDHB16,IL13RA2,1,1
PCDHB16,IL27RA,1,1
PCDHB16,ITIH5,1,1
PCDHB16,ITIH6,1,1
PCDHB16,ITPRIPL2,1,1
PCDHB16,JARID2,1,1
PCDHB16,KCNC3,1,1
PCDHB16,KDM5C,1,1
PCDHB16,KIAA1328,1,1
PCDHB16,KIAA1671,1,1
PCDHB16,LAMA2,1,1
PCDHB16,LONRF2,1,1
PCDHB16,MAFB,1,1
PCDHB16,MAMDC2,1,1
PCDHB16,MATK,1,1
PCDHB16,MEOX2,1,1
PCDHB16,MGP,1,1
PCDHB16,MICALL2,1,1
PCDHB16,MIPOL1,1,1
PCDHB16,MMP16,1,1
PCDHB16,MRPS6,1,1
PCDHB16,NDRG1,1,1
PCDHB16,NDUFA8,1,1
PCDHB16,NGRN,1,1
PCDHB16,NKX2-5,1,1
PCDHB16,NR0B1,1,1
PCDHB16,NTN1,1,1
PCDHB16,OLFML3,1,1
PCDHB16,P3H2,1,1
PCDHB16,P3H4,1,1
PCDHB16,PATZ1,1,1
PCDHB16,PCDHA1,1,1
PCDHB16,PCDHA10,1,1
PCDHB16,PCDHA11,1,1
PCDHB16,PCDHA7,1,1
PCDHB16,PCDHB11,1,1
PCDHB16,PCDHB17P,1,1
PCDHB16,PCDHB2,1,1
PCDHB16,PCDHB5,1,1
PCDHB16,PCDHB6,1,1
PCDHB16,PCDHB7,1,1
PCDHB16,PCDHGA3,1,1
PCDHB16,PCDHGA7,1,1
PCDHB16,PDDC1,1,1
PCDHB16,PLBD1,1,1
PCDHB16,PLEKHS1,1,1
PCDHB16,POLRMT,1,1
PCDHB16,POU3F3,1,1
PCDHB16,PPP2R2B,1,1
PCDHB16,PRKAR1B,1,1
PCDHB16,PRR4,1,1
PCDHB16,PRRX1,1,1
PCDHB16,PTPRD,1,1
PCDHB16,RAB7B,1,1
PCDHB16,RANBP17,1,1
PCDHB16,RBMS1,1,1
PCDHB16,RGS16,1,1
PCDHB16,RP5-862P8.2,1,1
PCDHB16,RPS6KA3,1,1
PCDHB16,RYR2,1,1
PCDHB16,SBNO2,1,1
PCDHB16,SCARA5,1,1
PCDHB16,SCRG1,1,1
PCDHB16,SEC14L1,1,1
PCDHB16,SEL1L3,1,1
PCDHB16,SERINC3,1,1
PCDHB16,SERPINE2,1,1
PCDHB16,SLC1A3,1,1
PCDHB16,SLC35E4,1,1
PCDHB16,SLC43A2,1,1
PCDHB16,SLC5A3,1,1
PCDHB16,SLC9A7,1,1
PCDHB16,SMIM3,1,1
PCDHB16,SNED1,1,1
PCDHB16,SRPX2,1,1
PCDHB16,ST8SIA5,1,1
PCDHB16,STK32B,1,1
PCDHB16,SULF1,1,1
PCDHB16,SYTL5,1,1
PCDHB16,TBC1D10B,1,1
PCDHB16,TBXAS1,1,1
PCDHB16,TCN1,1,1
PCDHB16,TDRD1,1,1
PCDHB16,TENM1,1,1
PCDHB16,TGFA,1,1
PCDHB16,TGFB3,1,1
PCDHB16,TIGD1,1,1
PCDHB16,TNFAIP6,1,1
PCDHB16,TRIM9,1,1
PCDHB16,TSPAN13,1,1
PCDHB16,TSR3,1,1
PCDHB16,TYW1B,1,1
PCDHB16,UBA1,1,1
PCDHB16,UROC1,1,1
PCDHB16,WT1,1,1
PCDHB16,WWTR1,1,1
PCDHB16,XIAP,1,1
PCDHB16,ZBTB45P2,1,1
PCDHB16,ZNF595,1,1
PCDHB16,BP-21264C1.1,1,1
TXNDC17,ATG101,1,1
TXNDC17,ATR,1,1
TXNDC17,CNBP,1,1
TXNDC17,DDX56,1,1
TXNDC17,DLX1,1,1
TXNDC17,EFTUD2,1,1
TXNDC17,EIF5A,1,1
TXNDC17,GAPDH,1,1
TXNDC17,HSP90B1,1,1
TXNDC17,HYOU1,1,1
TXNDC17,ITGA4,1,1
TXNDC17,JRK,1,1
TXNDC17,KDELC2,1,1
TXNDC17,MAGEA2,1,1
TXNDC17,MED14,1,1
TXNDC17,MMADHC,1,1
TXNDC17,NMD3,1,1
TXNDC17,NOC2LP1,1,1
TXNDC17,PHF14,1,1
TXNDC17,POFUT1,1,1
TXNDC17,RAP1B,1,1
TXNDC17,RCL1,1,1
TXNDC17,SLC7A6OS,1,1
TXNDC17,STYX,1,1
TXNDC17,TMX1,1,1
TXNDC17,U2SURP,1,1
B4GALNT3,ABCA8,1,1
B4GALNT3,ADGRB1,1,1
B4GALNT3,AFAP1L2,1,1
B4GALNT3,AGMO,1,1
B4GALNT3,AKAP6,1,1
B4GALNT3,ALG13,1,1
B4GALNT3,ANKRD45,1,1
B4GALNT3,ARHGAP20,1,1
B4GALNT3,ARHGAP6,1,1
B4GALNT3,ASB4,1,1
B4GALNT3,ATOH8,1,1
B4GALNT3,ATP1B1,1,1
B4GALNT3,ATP9A,1,1
B4GALNT3,B3GALT1,1,1
B4GALNT3,B3GNT7,1,1
B4GALNT3,BFSP1,1,1
B4GALNT3,BMP6,1,1
B4GALNT3,BST2,1,1
B4GALNT3,C12ORF60,1,1
B4GALNT3,C1QTNF3,1,1
B4GALNT3,C1QTNF3-AMACR,1,1
B4GALNT3,C1ORF115,1,1
B4GALNT3,CACNA1H,1,1
B4GALNT3,CADM4,1,1
B4GALNT3,CC2D1A,1,1
B4GALNT3,CCDC113,1,1
B4GALNT3,CDH12,1,1
B4GALNT3,CEP70,1,1
B4GALNT3,CHPF,1,1
B4GALNT3,CHURC1-FNTB,1,1
B4GALNT3,COL11A2,1,1
B4GALNT3,COL9A2,1,1
B4GALNT3,COL9A3,1,1
B4GALNT3,COLGALT2,1,1
B4GALNT3,CSGALNACT1,1,1
B4GALNT3,CSMD1,1,1
B4GALNT3,CT45A1,1,1
B4GALNT3,CT45A10,1,1
B4GALNT3,CT45A3,1,1
B4GALNT3,CT45A5,1,1
B4GALNT3,CT45A6,1,1
B4GALNT3,CT45A8,1,1
B4GALNT3,CT45A9,1,1
B4GALNT3,DDX43,1,1
B4GALNT3,DMRTA1,1,1
B4GALNT3,DNAJB6,1,1
B4GALNT3,DNAJC30,1,1
B4GALNT3,DOK1,1,1
B4GALNT3,DSCR8,1,1
B4GALNT3,EGFLAM,1,1
B4GALNT3,EIF4H,1,1
B4GALNT3,EMILIN1,1,1
B4GALNT3,ENAH,1,1
B4GALNT3,EPHA3,1,1
B4GALNT3,EPHB3,1,1
B4GALNT3,ERLIN2,1,1
B4GALNT3,EYA2,1,1
B4GALNT3,FAM212B,1,1
B4GALNT3,FAM86B1,1,1
B4GALNT3,FOLH1,1,1
B4GALNT3,FREM2,1,1
B4GALNT3,FUNDC1,1,1
B4GALNT3,GABRG3,1,1
B4GALNT3,GALNT5,1,1
B4GALNT3,GLUD2,1,1
B4GALNT3,GPC1,1,1
B4GALNT3,GPC3,1,1
B4GALNT3,GPC4,1,1
B4GALNT3,GPR37,1,1
B4GALNT3,GRIK2,1,1
B4GALNT3,GRIK4,1,1
B4GALNT3,GUCY1B3,1,1
B4GALNT3,HS3ST3B1,1,1
B4GALNT3,IFI16,1,1
B4GALNT3,IGFBP2,1,1
B4GALNT3,IL13RA2,1,1
B4GALNT3,ILK,1,1
B4GALNT3,ITGA10,1,1
B4GALNT3,ITGAX,1,1
B4GALNT3,ITIH5,1,1
B4GALNT3,ITIH6,1,1
B4GALNT3,ITPRIPL2,1,1
B4GALNT3,JARID2,1,1
B4GALNT3,KCNC3,1,1
B4GALNT3,LAMA2,1,1
B4GALNT3,LAMA4,1,1
B4GALNT3,LAMC3,1,1
B4GALNT3,LRP2,1,1
B4GALNT3,LRRC75A,1,1
B4GALNT3,LYPLAL1,1,1
B4GALNT3,MAFB,1,1
B4GALNT3,MAMDC2,1,1
B4GALNT3,MAOB,1,1
B4GALNT3,MAPRE3,1,1
B4GALNT3,MATK,1,1
B4GALNT3,MDH2,1,1
B4GALNT3,MEOX2,1,1
B4GALNT3,MGP,1,1
B4GALNT3,MICALL2,1,1
B4GALNT3,MRPS6,1,1
B4GALNT3,NDRG1,1,1
B4GALNT3,NDUFA8,1,1
B4GALNT3,NKX2-5,1,1
B4GALNT3,NPHP1,1,1
B4GALNT3,NR0B1,1,1
B4GALNT3,NTN1,1,1
B4GALNT3,OLFML3,1,1
B4GALNT3,OPHN1,1,1
B4GALNT3,P3H1,1,1
B4GALNT3,P3H2,1,1
B4GALNT3,P3H4,1,1
B4GALNT3,PATZ1,1,1
B4GALNT3,PCDHA1,1,1
B4GALNT3,PCDHA10,1,1
B4GALNT3,PCDHA11,1,1
B4GALNT3,PCDHB11,1,1
B4GALNT3,PCDHB17P,1,1
B4GALNT3,PCDHB2,1,1
B4GALNT3,PCDHB5,1,1
B4GALNT3,PCDHB6,1,1
B4GALNT3,PCDHB7,1,1
B4GALNT3,PCDHGA3,1,1
B4GALNT3,PCDHGA7,1,1
B4GALNT3,PDDC1,1,1
B4GALNT3,PITPNC1,1,1
B4GALNT3,PLBD1,1,1
B4GALNT3,PLEKHS1,1,1
B4GALNT3,PMS2CL,1,1
B4GALNT3,POU3F3,1,1
B4GALNT3,PPIC,1,1
B4GALNT3,PPP2R2B,1,1
B4GALNT3,PPP3CB,1,1
B4GALNT3,PRDX6,1,1
B4GALNT3,PTGFRN,1,1
B4GALNT3,PTPRD,1,1
B4GALNT3,RAPGEF5,1,1
B4GALNT3,RCC1L,1,1
B4GALNT3,RORA,1,1
B4GALNT3,RP11-111F5.5,1,1
B4GALNT3,RYR2,1,1
B4GALNT3,S100A13,1,1
B4GALNT3,SBNO2,1,1
B4GALNT3,SCARA5,1,1
B4GALNT3,SCRG1,1,1
B4GALNT3,SDC2,1,1
B4GALNT3,SDK2,1,1
B4GALNT3,SEL1L3,1,1
B4GALNT3,SERPINA3,1,1
B4GALNT3,SERPINE2,1,1
B4GALNT3,SEZ6L2,1,1
B4GALNT3,SLC1A3,1,1
B4GALNT3,SLC35E4,1,1
B4GALNT3,SLC39A4,1,1
B4GALNT3,SMIM3,1,1
B4GALNT3,SOD3,1,1
B4GALNT3,SPATS1,1,1
B4GALNT3,STAT3,1,1
B4GALNT3,STK32B,1,1
B4GALNT3,SULF1,1,1
B4GALNT3,TBC1D10B,1,1
B4GALNT3,TCN1,1,1
B4GALNT3,TENM1,1,1
B4GALNT3,TGFB3,1,1
B4GALNT3,TIGD1,1,1
B4GALNT3,TIMP1,1,1
B4GALNT3,TNFAIP6,1,1
B4GALNT3,TRIM9,1,1
B4GALNT3,TRPM8,1,1
B4GALNT3,TSR3,1,1
B4GALNT3,UROC1,1,1
B4GALNT3,USP9X,1,1
B4GALNT3,WNK4,1,1
B4GALNT3,WWTR1,1,1
B4GALNT3,XPR1,1,1
B4GALNT3,ZBTB45P2,1,1
B4GALNT3,ZNF536,1,1
B4GALNT3,ZNF595,1,1
B4GALNT3,BP-21264C1.1,1,1
KAT5,AFG3L1P,1,1
KAT5,CMTM8,1,1
KAT5,CNKSR3,1,1
KAT5,MOGS,1,1
KAT5,PSPH,1,1
KAT5,ZFP28,1,1
USP7,ABCF2,1,1
USP7,AC004980.7,1,1
USP7,ANGPTL1,1,1
USP7,AP3D1,1,1
USP7,C1QTNF3,1,1
USP7,C3ORF58,1,1
USP7,CCDC61,1,1
USP7,DLX2,1,1
USP7,DMRT2,1,1
USP7,DUSP2,1,1
USP7,EIF1AX,1,1
USP7,GNB4,1,1
USP7,GRPEL1,1,1
USP7,GTF2F1,1,1
USP7,KDM5C,1,1
USP7,KLF16,1,1
USP7,LONRF2,1,1
USP7,MMP16,1,1
USP7,PCDHA11,1,1
USP7,PCDHB2,1,1
USP7,POM121,1,1
USP7,RAB36,1,1
USP7,RBMS1,1,1
USP7,RNF128,1,1
USP7,SERTAD4,1,1
USP7,SLC43A2,1,1
USP7,SNED1,1,1
USP7,ST8SIA5,1,1
USP7,SYTL5,1,1
USP7,TBXAS1,1,1
USP7,TDRD1,1,1
USP7,TGFA,1,1
USP7,TMEM2,1,1
USP7,TRIM51CP,1,1
USP7,WT1,1,1
USP7,YWHAG,1,1
CLEC2B,ALG13,1,1
CLEC2B,ARHGAP25,1,1
CLEC2B,CEP170B,1,1
CLEC2B,CHRNA6,1,1
CLEC2B,CSGALNACT1,1,1
CLEC2B,CXCL16,1,1
CLEC2B,DOCK4,1,1
CLEC2B,DPY19L1,1,1
CLEC2B,EBF1,1,1
CLEC2B,ENAH,1,1
CLEC2B,EPDR1,1,1
CLEC2B,FAM102A,1,1
CLEC2B,FAM188B,1,1
CLEC2B,FAM198B,1,1
CLEC2B,FGF13,1,1
CLEC2B,FKBP14,1,1
CLEC2B,G6PD,1,1
CLEC2B,GPC3,1,1
CLEC2B,GPD2,1,1
CLEC2B,IGFBP3,1,1
CLEC2B,IL1RAP,1,1
CLEC2B,JKAMP,1,1
CLEC2B,KCNC4,1,1
CLEC2B,KCNK5,1,1
CLEC2B,KIAA0040,1,1
CLEC2B,LAMA4,1,1
CLEC2B,LIN28B,1,1
CLEC2B,MAML2,1,1
CLEC2B,MAN1A2,1,1
CLEC2B,MRAP2,1,1
CLEC2B,MTUS1,1,1
CLEC2B,NOMO3,1,1
CLEC2B,NPAS1,1,1
CLEC2B,NSF,1,1
CLEC2B,P3H2,1,1
CLEC2B,PCOLCE2,1,1
CLEC2B,PLPP3,1,1
CLEC2B,PRPSAP2,1,1
CLEC2B,RC3H1,1,1
CLEC2B,ROR1,1,1
CLEC2B,RPN1,1,1
CLEC2B,SCG2,1,1
CLEC2B,SLC19A3,1,1
CLEC2B,SLC1A1,1,1
CLEC2B,SLC26A4,1,1
CLEC2B,SOX5,1,1
CLEC2B,SPRY4,1,1
CLEC2B,SRPRB,1,1
CLEC2B,STON2,1,1
CLEC2B,SWAP70,1,1
CLEC2B,TIMP1,1,1
CLEC2B,TMEM67,1,1
CLEC2B,TNFAIP6,1,1
CLEC2B,TOR3A,1,1
CLEC2B,TPGS2,1,1
CLEC2B,TRIM47,1,1
CLEC2B,TRIM51,1,1
CLEC2B,TRIM51CP,1,1
CLEC2B,TVP23B,1,1
CLEC2B,UNC80,1,1
CLEC2B,XIAP,1,1
CLEC2B,XPR1,1,1
CLEC2B,ZNF654,1,1
FKBP4,MRM1,1,1
FKBP4,SERTAD4,1,1
FKBP4,TRAF4,1,1
EBF1,ACTN2,1,1
EBF1,AP3D1,1,1
EBF1,ARHGAP25,1,1
EBF1,ATG101,1,1
EBF1,ATR,1,1
EBF1,BCAP31,1,1
EBF1,C16ORF52,1,1
EBF1,C5ORF15,1,1
EBF1,CENPL,1,1
EBF1,CEP170B,1,1
EBF1,CHRNA6,1,1
EBF1,COL19A1,1,1
EBF1,COLGALT1,1,1
EBF1,COX18,1,1
EBF1,DNAAF5,1,1
EBF1,DPY19L1,1,1
EBF1,DUS3L,1,1
EBF1,EDEM1,1,1
EBF1,EPDR1,1,1
EBF1,EPHA3,1,1
EBF1,ERLEC1,1,1
EBF1,FAM188B,1,1
EBF1,FAM198B,1,1
EBF1,FAM3C,1,1
EBF1,FGF13,1,1
EBF1,FKBP14,1,1
EBF1,GHR,1,1
EBF1,GPD2,1,1
EBF1,HES1,1,1
EBF1,HOXD13,1,1
EBF1,ICAM1,1,1
EBF1,IL1RAP,1,1
EBF1,KCNC4,1,1
EBF1,KCNK5,1,1
EBF1,KIAA0040,1,1
EBF1,KIAA1191,1,1
EBF1,LIN28B,1,1
EBF1,MAGT1,1,1
EBF1,MAN1A2,1,1
EBF1,MEGF10,1,1
EBF1,MRAP2,1,1
EBF1,MRPL32,1,1
EBF1,NDUFAF2,1,1
EBF1,NOC2LP1,1,1
EBF1,NOMO3,1,1
EBF1,NPAS1,1,1
EBF1,NSF,1,1
EBF1,PAQR7,1,1
EBF1,PCOLCE2,1,1
EBF1,PFKFB4,1,1
EBF1,PGM1,1,1
EBF1,PLPP3,1,1
EBF1,PRDX6,1,1
EBF1,RABL6,1,1
EBF1,RCN2,1,1
EBF1,ROR1,1,1
EBF1,RPN1,1,1
EBF1,SCG2,1,1
EBF1,SEC61A1,1,1
EBF1,SEMA3D,1,1
EBF1,SH3KBP1,1,1
EBF1,SH3TC1,1,1
EBF1,SLC1A1,1,1
EBF1,SLC26A4,1,1
EBF1,SNAPC2,1,1
EBF1,SOBP,1,1
EBF1,SPRY4,1,1
EBF1,SRPRB,1,1
EBF1,STON2,1,1
EBF1,TMEM45A,1,1
EBF1,TOR1AIP2,1,1
EBF1,TPGS2,1,1
EBF1,TPM3P9,1,1
EBF1,TRIM51,1,1
EBF1,TVP23B,1,1
EBF1,UBASH3B,1,1
EBF1,UBE3C,1,1
EBF1,UNC80,1,1
EBF1,XPR1,1,1
EBF1,ZNF593,1,1
EBF1,ZNF654,1,1
EBF1,ZXDC,1,1
LIMS3,IGFBP3,1,1
LIMS3,PCDHGA3,1,1
LIMS3,PCDHGB1,1,1
LIMS3,RGS5,1,1
LIMS3,SLC5A3,1,1
LIMS3,SUCNR1,1,1
LIMS3,TENM1,1,1
PPARGC1A,ADCK3,1,1
PPARGC1A,C8ORF48,1,1
PPARGC1A,FAHD2B,1,1
PPARGC1A,FAHD2CP,1,1
PPARGC1A,MED9,1,1
PPARGC1A,MOSPD2,1,1
PPARGC1A,PHLDA1,1,1
FAM102A,ACVR1,1,1
FAM102A,CHRNA6,1,1
FAM102A,EGR3,1,1
FAM102A,FZD1,1,1
FAM102A,G6PD,1,1
FAM102A,JKAMP,1,1
FAM102A,KCNC4,1,1
FAM102A,KIAA0040,1,1
FAM102A,MAML2,1,1
FAM102A,SOX5,1,1
FAM102A,SPRY4,1,1
FAM102A,STIM2,1,1
FAM102A,TRAF4,1,1
FAM102A,TRIM51,1,1
C1QTNF3-AMACR,ABCA8,1,1
C1QTNF3-AMACR,AC004980.7,1,1
C1QTNF3-AMACR,ADGRB1,1,1
C1QTNF3-AMACR,AFAP1L2,1,1
C1QTNF3-AMACR,AGMO,1,1
C1QTNF3-AMACR,AKAP6,1,1
C1QTNF3-AMACR,ALG13,1,1
C1QTNF3-AMACR,ANKRD45,1,1
C1QTNF3-AMACR,ARHGAP20,1,1
C1QTNF3-AMACR,ARHGAP5,1,1
C1QTNF3-AMACR,ARHGAP6,1,1
C1QTNF3-AMACR,ART3,1,1
C1QTNF3-AMACR,ASB4,1,1
C1QTNF3-AMACR,ATP11C,1,1
C1QTNF3-AMACR,ATP1B1,1,1
C1QTNF3-AMACR,ATP9A,1,1
C1QTNF3-AMACR,B3GALT1,1,1
C1QTNF3-AMACR,B3GNT7,1,1
C1QTNF3-AMACR,BMP6,1,1
C1QTNF3-AMACR,BST2,1,1
C1QTNF3-AMACR,C1QTNF3,1,1
C1QTNF3-AMACR,C1ORF115,1,1
C1QTNF3-AMACR,CACNA1H,1,1
C1QTNF3-AMACR,CADM4,1,1
C1QTNF3-AMACR,CC2D1A,1,1
C1QTNF3-AMACR,CDH12,1,1
C1QTNF3-AMACR,CELSR1,1,1
C1QTNF3-AMACR,CEP70,1,1
C1QTNF3-AMACR,CHPF,1,1
C1QTNF3-AMACR,CHURC1-FNTB,1,1
C1QTNF3-AMACR,COL11A2,1,1
C1QTNF3-AMACR,COL9A2,1,1
C1QTNF3-AMACR,COL9A3,1,1
C1QTNF3-AMACR,COLGALT2,1,1
C1QTNF3-AMACR,CSGALNACT1,1,1
C1QTNF3-AMACR,CSMD1,1,1
C1QTNF3-AMACR,CT45A1,1,1
C1QTNF3-AMACR,CT45A10,1,1
C1QTNF3-AMACR,CT45A3,1,1
C1QTNF3-AMACR,CT45A5,1,1
C1QTNF3-AMACR,CT45A6,1,1
C1QTNF3-AMACR,CT45A8,1,1
C1QTNF3-AMACR,CT45A9,1,1
C1QTNF3-AMACR,CYB561,1,1
C1QTNF3-AMACR,DDX43,1,1
C1QTNF3-AMACR,DMRT2,1,1
C1QTNF3-AMACR,DMRTA1,1,1
C1QTNF3-AMACR,DNAJB6,1,1
C1QTNF3-AMACR,DNAJC30,1,1
C1QTNF3-AMACR,DOK1,1,1
C1QTNF3-AMACR,DSCR8,1,1
C1QTNF3-AMACR,EGFLAM,1,1
C1QTNF3-AMACR,EIF4H,1,1
C1QTNF3-AMACR,EMILIN1,1,1
C1QTNF3-AMACR,ENAH,1,1
C1QTNF3-AMACR,EPHA3,1,1
C1QTNF3-AMACR,EPHB3,1,1
C1QTNF3-AMACR,ERLIN2,1,1
C1QTNF3-AMACR,EYA2,1,1
C1QTNF3-AMACR,FAM212B,1,1
C1QTNF3-AMACR,FAM86B1,1,1
C1QTNF3-AMACR,FOLH1,1,1
C1QTNF3-AMACR,FOXF1,1,1
C1QTNF3-AMACR,FREM2,1,1
C1QTNF3-AMACR,GABRG3,1,1
C1QTNF3-AMACR,GALNT5,1,1
C1QTNF3-AMACR,GLI2,1,1
C1QTNF3-AMACR,GLUD2,1,1
C1QTNF3-AMACR,GPC1,1,1
C1QTNF3-AMACR,GPC3,1,1
C1QTNF3-AMACR,GPC4,1,1
C1QTNF3-AMACR,GRIK4,1,1
C1QTNF3-AMACR,GUCY1B3,1,1
C1QTNF3-AMACR,HS3ST3B1,1,1
C1QTNF3-AMACR,IFI16,1,1
C1QTNF3-AMACR,IGFBP2,1,1
C1QTNF3-AMACR,IGFBP3,1,1
C1QTNF3-AMACR,IL13RA2,1,1
C1QTNF3-AMACR,IL27RA,1,1
C1QTNF3-AMACR,ILK,1,1
C1QTNF3-AMACR,ITGA10,1,1
C1QTNF3-AMACR,ITIH5,1,1
C1QTNF3-AMACR,ITIH6,1,1
C1QTNF3-AMACR,ITPRIPL2,1,1
C1QTNF3-AMACR,JARID2,1,1
C1QTNF3-AMACR,KCNC3,1,1
C1QTNF3-AMACR,KDM5C,1,1
C1QTNF3-AMACR,LAMA2,1,1
C1QTNF3-AMACR,LAMA4,1,1
C1QTNF3-AMACR,LAMC3,1,1
C1QTNF3-AMACR,LONRF2,1,1
C1QTNF3-AMACR,LRRC75A,1,1
C1QTNF3-AMACR,LYPLAL1,1,1
C1QTNF3-AMACR,MAFB,1,1
C1QTNF3-AMACR,MAMDC2,1,1
C1QTNF3-AMACR,MATK,1,1
C1QTNF3-AMACR,MDH2,1,1
C1QTNF3-AMACR,MEOX2,1,1
C1QTNF3-AMACR,MGP,1,1
C1QTNF3-AMACR,MICALL2,1,1
C1QTNF3-AMACR,MMP16,1,1
C1QTNF3-AMACR,MRPS6,1,1
C1QTNF3-AMACR,NDRG1,1,1
C1QTNF3-AMACR,NDUFA8,1,1
C1QTNF3-AMACR,NKX2-5,1,1
C1QTNF3-AMACR,NPAS1,1,1
C1QTNF3-AMACR,NPHP1,1,1
C1QTNF3-AMACR,NR0B1,1,1
C1QTNF3-AMACR,NTN1,1,1
C1QTNF3-AMACR,OLFML3,1,1
C1QTNF3-AMACR,P3H1,1,1
C1QTNF3-AMACR,P3H2,1,1
C1QTNF3-AMACR,P3H4,1,1
C1QTNF3-AMACR,PATZ1,1,1
C1QTNF3-AMACR,PCDHA1,1,1
C1QTNF3-AMACR,PCDHA10,1,1
C1QTNF3-AMACR,PCDHA11,1,1
C1QTNF3-AMACR,PCDHA7,1,1
C1QTNF3-AMACR,PCDHB11,1,1
C1QTNF3-AMACR,PCDHB17P,1,1
C1QTNF3-AMACR,PCDHB2,1,1
C1QTNF3-AMACR,PCDHB5,1,1
C1QTNF3-AMACR,PCDHB6,1,1
C1QTNF3-AMACR,PCDHB7,1,1
C1QTNF3-AMACR,PCDHGA3,1,1
C1QTNF3-AMACR,PCDHGA7,1,1
C1QTNF3-AMACR,PDDC1,1,1
C1QTNF3-AMACR,PITPNC1,1,1
C1QTNF3-AMACR,PLBD1,1,1
C1QTNF3-AMACR,PLEKHS1,1,1
C1QTNF3-AMACR,PMS2CL,1,1
C1QTNF3-AMACR,POU3F3,1,1
C1QTNF3-AMACR,PPIC,1,1
C1QTNF3-AMACR,PPP2R2B,1,1
C1QTNF3-AMACR,PRDX6,1,1
C1QTNF3-AMACR,PRR4,1,1
C1QTNF3-AMACR,PRRX1,1,1
C1QTNF3-AMACR,PTGFRN,1,1
C1QTNF3-AMACR,PTPRD,1,1
C1QTNF3-AMACR,RAB7B,1,1
C1QTNF3-AMACR,RANBP17,1,1
C1QTNF3-AMACR,RBMS1,1,1
C1QTNF3-AMACR,RCC1L,1,1
C1QTNF3-AMACR,RGS16,1,1
C1QTNF3-AMACR,RORA,1,1
C1QTNF3-AMACR,RP11-111F5.5,1,1
C1QTNF3-AMACR,RP11-958N24.2,1,1
C1QTNF3-AMACR,RYR2,1,1
C1QTNF3-AMACR,S100A13,1,1
C1QTNF3-AMACR,SBNO2,1,1
C1QTNF3-AMACR,SCARA5,1,1
C1QTNF3-AMACR,SCRG1,1,1
C1QTNF3-AMACR,SDC2,1,1
C1QTNF3-AMACR,SEL1L3,1,1
C1QTNF3-AMACR,SERPINA3,1,1
C1QTNF3-AMACR,SERPINE2,1,1
C1QTNF3-AMACR,SLC1A3,1,1
C1QTNF3-AMACR,SLC35E4,1,1
C1QTNF3-AMACR,SLC39A4,1,1
C1QTNF3-AMACR,SLC5A3,1,1
C1QTNF3-AMACR,SMIM3,1,1
C1QTNF3-AMACR,SNED1,1,1
C1QTNF3-AMACR,SPATS1,1,1
C1QTNF3-AMACR,ST8SIA5,1,1
C1QTNF3-AMACR,STAT3,1,1
C1QTNF3-AMACR,STK32B,1,1
C1QTNF3-AMACR,SULF1,1,1
C1QTNF3-AMACR,SYTL5,1,1
C1QTNF3-AMACR,TBXAS1,1,1
C1QTNF3-AMACR,TCN1,1,1
C1QTNF3-AMACR,TDRD1,1,1
C1QTNF3-AMACR,TENM1,1,1
C1QTNF3-AMACR,TGFA,1,1
C1QTNF3-AMACR,TGFB3,1,1
C1QTNF3-AMACR,TIGD1,1,1
C1QTNF3-AMACR,TIMP1,1,1
C1QTNF3-AMACR,TNFAIP6,1,1
C1QTNF3-AMACR,TRIM9,1,1
C1QTNF3-AMACR,TRPM8,1,1
C1QTNF3-AMACR,TSPAN13,1,1
C1QTNF3-AMACR,TSR3,1,1
C1QTNF3-AMACR,TYW1B,1,1
C1QTNF3-AMACR,UROC1,1,1
C1QTNF3-AMACR,WNK4,1,1
C1QTNF3-AMACR,WWTR1,1,1
C1QTNF3-AMACR,XIAP,1,1
C1QTNF3-AMACR,XPR1,1,1
C1QTNF3-AMACR,XYLT1,1,1
C1QTNF3-AMACR,ZBTB45P2,1,1
C1QTNF3-AMACR,ZNF536,1,1
C1QTNF3-AMACR,ZNF595,1,1
C1QTNF3-AMACR,BP-21264C1.1,1,1
TMTC3,AC004980.7,1,1
TMTC3,ADORA2B,1,1
TMTC3,ANGPTL1,1,1
TMTC3,CHPF2,1,1
TMTC3,COLGALT2,1,1
TMTC3,DMRT2,1,1
TMTC3,EBF3,1,1
TMTC3,FGFRL1,1,1
TMTC3,FOXF1,1,1
TMTC3,GLI2,1,1
TMTC3,GTF2F1,1,1
TMTC3,IL27RA,1,1
TMTC3,KDM5C,1,1
TMTC3,KIAA1671,1,1
TMTC3,LIMS1,1,1
TMTC3,LONRF2,1,1
TMTC3,LRIF1,1,1
TMTC3,MIPOL1,1,1
TMTC3,MMP16,1,1
TMTC3,OCIAD1,1,1
TMTC3,OGFRL1,1,1
TMTC3,PCDHA11,1,1
TMTC3,PCDHA7,1,1
TMTC3,PCDHB2,1,1
TMTC3,PRKAR1B,1,1
TMTC3,PRR4,1,1
TMTC3,RAB36,1,1
TMTC3,RP5-862P8.2,1,1
TMTC3,SLC35E4,1,1
TMTC3,SLC35G2,1,1
TMTC3,SLC43A2,1,1
TMTC3,SLC9A7,1,1
TMTC3,SNED1,1,1
TMTC3,ST8SIA5,1,1
TMTC3,SYTL5,1,1
TMTC3,TBXAS1,1,1
TMTC3,TDRD1,1,1
TMTC3,TGFA,1,1
TMTC3,TMEM2,1,1
TMTC3,YWHAG,1,1
PPFIA3,ADCY1,1,1
PPFIA3,APOO,1,1
PPFIA3,B4GALT4,1,1
PPFIA3,BORCS7,1,1
PPFIA3,C8ORF58,1,1
PPFIA3,CLCC1,1,1
PPFIA3,CMB9-22P13.1,1,1
PPFIA3,COPG1,1,1
PPFIA3,CRISPLD1,1,1
PPFIA3,DHX40,1,1
PPFIA3,DOCK4,1,1
PPFIA3,ETV1,1,1
PPFIA3,FKBP11,1,1
PPFIA3,FKBP14,1,1
PPFIA3,FKBP9,1,1
PPFIA3,FKBP9P1,1,1
PPFIA3,GALNT2,1,1
PPFIA3,GAS7,1,1
PPFIA3,GDI2,1,1
PPFIA3,GHR,1,1
PPFIA3,GLCCI1,1,1
PPFIA3,GNS,1,1
PPFIA3,GRIK2,1,1
PPFIA3,HMCN1,1,1
PPFIA3,ID4,1,1
PPFIA3,IL13RA1,1,1
PPFIA3,INTS10,1,1
PPFIA3,ITGB5,1,1
PPFIA3,KIFAP3,1,1
PPFIA3,LDLRAP1,1,1
PPFIA3,MAN1B1,1,1
PPFIA3,METTL14,1,1
PPFIA3,MMP15,1,1
PPFIA3,MRPL57,1,1
PPFIA3,NFKBIE,1,1
PPFIA3,NSF,1,1
PPFIA3,NT5DC2,1,1
PPFIA3,PGBD1,1,1
PPFIA3,PGRMC1,1,1
PPFIA3,PSMD9,1,1
PPFIA3,PTGFRN,1,1
PPFIA3,ROR1,1,1
PPFIA3,SCARF2,1,1
PPFIA3,SDSL,1,1
PPFIA3,SHROOM1,1,1
PPFIA3,SLC19A3,1,1
PPFIA3,SLC1A1,1,1
PPFIA3,SLC26A2,1,1
PPFIA3,SLC35G1,1,1
PPFIA3,SMAP2,1,1
PPFIA3,SOX5,1,1
PPFIA3,TMEM14C,1,1
PPFIA3,TMEM62,1,1
PPFIA3,TPGS2,1,1
PPFIA3,TXNL1,1,1
PPFIA3,XPR1,1,1
PPFIA3,ZNF736,1,1
TGFA,AC004980.7,1,1
TGFA,ADGRB1,1,1
TGFA,AFAP1L2,1,1
TGFA,AGMO,1,1
TGFA,ALG13,1,1
TGFA,ANGPTL1,1,1
TGFA,AP3D1,1,1
TGFA,ARHGAP5,1,1
TGFA,ARHGAP6,1,1
TGFA,ART3,1,1
TGFA,ATP9A,1,1
TGFA,C17ORF96,1,1
TGFA,C1QTNF3,1,1
TGFA,CELSR1,1,1
TGFA,CEP70,1,1
TGFA,CHURC1-FNTB,1,1
TGFA,COL9A2,1,1
TGFA,COL9A3,1,1
TGFA,COLGALT2,1,1
TGFA,CSGALNACT1,1,1
TGFA,CT45A10,1,1
TGFA,CT45A3,1,1
TGFA,CT45A5,1,1
TGFA,CT45A8,1,1
TGFA,CT45A9,1,1
TGFA,DLX2,1,1
TGFA,DMRT2,1,1
TGFA,DMRTA1,1,1
TGFA,DOK1,1,1
TGFA,DUSP2,1,1
TGFA,EGFLAM,1,1
TGFA,EIF1AX,1,1
TGFA,ENAH,1,1
TGFA,EPHA3,1,1
TGFA,EPHB3,1,1
TGFA,ERLIN2,1,1
TGFA,FAM212B,1,1
TGFA,FAM86B1,1,1
TGFA,FOXF1,1,1
TGFA,FREM2,1,1
TGFA,GALNT5,1,1
TGFA,GLI2,1,1
TGFA,GLUD2,1,1
TGFA,GPC1,1,1
TGFA,GPC3,1,1
TGFA,GRIK4,1,1
TGFA,IGFBP3,1,1
TGFA,IL13RA2,1,1
TGFA,IL1RAP,1,1
TGFA,IL27RA,1,1
TGFA,ITPRIPL2,1,1
TGFA,JKAMP,1,1
TGFA,KCNC3,1,1
TGFA,KDM5C,1,1
TGFA,KIAA0040,1,1
TGFA,KIAA1328,1,1
TGFA,LAMA4,1,1
TGFA,LONRF2,1,1
TGFA,MATK,1,1
TGFA,MEOX2,1,1
TGFA,MGLL,1,1
TGFA,MICALL2,1,1
TGFA,MMP16,1,1
TGFA,MTUS1,1,1
TGFA,NDRG1,1,1
TGFA,NKX2-5,1,1
TGFA,NPAS1,1,1
TGFA,NR0B1,1,1
TGFA,OLFML3,1,1
TGFA,P3H2,1,1
TGFA,PCDHA1,1,1
TGFA,PCDHA10,1,1
TGFA,PCDHA11,1,1
TGFA,PCDHA7,1,1
TGFA,PCDHB17P,1,1
TGFA,PCDHB2,1,1
TGFA,PCDHGA3,1,1
TGFA,PCDHGA7,1,1
TGFA,PCDHGB1,1,1
TGFA,POU3F3,1,1
TGFA,PRR4,1,1
TGFA,PRRX1,1,1
TGFA,RAB36,1,1
TGFA,RAB7B,1,1
TGFA,RBMS1,1,1
TGFA,RC3H1,1,1
TGFA,RNF128,1,1
TGFA,RPN1,1,1
TGFA,RYR2,1,1
TGFA,SCARA5,1,1
TGFA,SCRG1,1,1
TGFA,SERPINE2,1,1
TGFA,SERTAD4,1,1
TGFA,SH3KBP1,1,1
TGFA,SLC35E4,1,1
TGFA,SLC43A2,1,1
TGFA,SLC5A3,1,1
TGFA,SNED1,1,1
TGFA,SOX8,1,1
TGFA,SPRY4,1,1
TGFA,SRPRB,1,1
TGFA,ST8SIA5,1,1
TGFA,STK32B,1,1
TGFA,SYTL5,1,1
TGFA,TBXAS1,1,1
TGFA,TCN1,1,1
TGFA,TDRD1,1,1
TGFA,TENM1,1,1
TGFA,TGFB3,1,1
TGFA,TIMP1,1,1
TGFA,TMEM2,1,1
TGFA,TNFAIP6,1,1
TGFA,TOR1AIP2,1,1
TGFA,TOR3A,1,1
TGFA,TRAF4,1,1
TGFA,TRIM47,1,1
TGFA,TRIM51,1,1
TGFA,TRIM51CP,1,1
TGFA,TRIM9,1,1
TGFA,UNC80,1,1
TGFA,WWTR1,1,1
TGFA,XIAP,1,1
TGFA,XPR1,1,1
TGFA,XYLT1,1,1
TGFA,ZBTB45P2,1,1
TGFA,ZNF595,1,1
TGFA,ZNF654,1,1
TGFA,ZNF860,1,1
DCUN1D5,AASDHPPT,1,1
DCUN1D5,ATG101,1,1
DCUN1D5,C17ORF96,1,1
DCUN1D5,COTL1,1,1
DCUN1D5,DNAAF5,1,1
DCUN1D5,DNAJB11,1,1
DCUN1D5,EIF1AX,1,1
DCUN1D5,FXN,1,1
DCUN1D5,GRPEL1,1,1
DCUN1D5,JRK,1,1
DCUN1D5,L3HYPDH,1,1
DCUN1D5,LIMS1,1,1
DCUN1D5,MAGEA2,1,1
DCUN1D5,MMADHC,1,1
DCUN1D5,POFUT1,1,1
DCUN1D5,RAP1B,1,1
DCUN1D5,RCL1,1,1
DCUN1D5,SNRPB2,1,1
DCUN1D5,TIMM22,1,1
DCUN1D5,TPI1,1,1
DCUN1D5,WDR11,1,1
DCUN1D5,WT1,1,1
RBM20,EHBP1,1,1
RBM20,GDNF,1,1
RBM20,ICAM5,1,1
RBM20,SEC23A,1,1
RBM20,SRPX2,1,1
RBM20,STYXL1,1,1
RBM20,WBSCR27,1,1
RBM20,ZBTB20,1,1
POM121,CCDC61,1,1
POM121,GTF2F1,1,1
TRIM24,AASDHPPT,1,1
TRIM24,AP3D1,1,1
TRIM24,ATG101,1,1
TRIM24,ATR,1,1
TRIM24,C17ORF96,1,1
TRIM24,CEP170B,1,1
TRIM24,DLX2,1,1
TRIM24,DNAAF5,1,1
TRIM24,DUS3L,1,1
TRIM24,EDEM1,1,1
TRIM24,EIF1AX,1,1
TRIM24,HOXD13,1,1
TRIM24,JRK,1,1
TRIM24,KDELC2,1,1
TRIM24,KIAA0040,1,1
TRIM24,KIAA1328,1,1
TRIM24,LSG1,1,1
TRIM24,MANSC1,1,1
TRIM24,MMADHC,1,1
TRIM24,MMP16,1,1
TRIM24,NMD3,1,1
TRIM24,NOC2LP1,1,1
TRIM24,PELI1,1,1
TRIM24,POFUT1,1,1
TRIM24,RAP1B,1,1
TRIM24,RBMS1,1,1
TRIM24,RNF128,1,1
TRIM24,RRP15,1,1
TRIM24,SEC61A1,1,1
TRIM24,SH3KBP1,1,1
TRIM24,SNAPC2,1,1
TRIM24,SRPRB,1,1
TRIM24,TOR1AIP2,1,1
TRIM24,UNC80,1,1
TRIM24,ZNF275,1,1
TRIM24,ZNF654,1,1
APC2,NFATC2IP,1,1
MPST,ABHD14A,1,1
MPST,ATP13A3,1,1
MPST,CCNE1,1,1
MPST,CNBP,1,1
MPST,DDX3X,1,1
MPST,DLX1,1,1
MPST,EIF5A,1,1
MPST,FRMD6,1,1
MPST,ITPR3,1,1
MPST,RAB21,1,1
MPST,RCL1,1,1
MPST,UBA5,1,1
MPST,UBE3B,1,1
MPST,VAPA,1,1
MPST,ZNF121,1,1
FKBP14,ACTN2,1,1
FKBP14,ADAM15,1,1
FKBP14,ADAMTS9,1,1
FKBP14,ADCY1,1,1
FKBP14,ALG13,1,1
FKBP14,APOO,1,1
FKBP14,ARHGAP25,1,1
FKBP14,ATP1B3,1,1
FKBP14,BCL7A,1,1
FKBP14,C8ORF58,1,1
FKBP14,CENPL,1,1
FKBP14,CEP70,1,1
FKBP14,CHRNA6,1,1
FKBP14,CISD3,1,1
FKBP14,CLCC1,1,1
FKBP14,CMB9-22P13.1,1,1
FKBP14,COLGALT1,1,1
FKBP14,COPB2,1,1
FKBP14,CRISPLD1,1,1
FKBP14,CSGALNACT1,1,1
FKBP14,CXCL16,1,1
FKBP14,DNAJB12,1,1
FKBP14,DOCK4,1,1
FKBP14,DOK1,1,1
FKBP14,DPY19L1,1,1
FKBP14,ENOX1,1,1
FKBP14,EPB41L2,1,1
FKBP14,EPDR1,1,1
FKBP14,EPHA3,1,1
FKBP14,ERLIN2,1,1
FKBP14,ETV1,1,1
FKBP14,FAM122B,1,1
FKBP14,FAM188B,1,1
FKBP14,FAM198B,1,1
FKBP14,FCGR2A,1,1
FKBP14,FGF13,1,1
FKBP14,FKBP11,1,1
FKBP14,FKBP9P1,1,1
FKBP14,GALNT2,1,1
FKBP14,GAS7,1,1
FKBP14,GHR,1,1
FKBP14,GLCCI1,1,1
FKBP14,GLUD2,1,1
FKBP14,GNS,1,1
FKBP14,GPC3,1,1
FKBP14,GPC4,1,1
FKBP14,HMCN1,1,1
FKBP14,IARS2,1,1
FKBP14,ICAM1,1,1
FKBP14,ID4,1,1
FKBP14,IL1RAP,1,1
FKBP14,INTS10,1,1
FKBP14,ITGB5,1,1
FKBP14,KCNK5,1,1
FKBP14,KRBA1,1,1
FKBP14,LAMA4,1,1
FKBP14,LAMC3,1,1
FKBP14,LYPLAL1,1,1
FKBP14,MAML2,1,1
FKBP14,MAN1B1,1,1
FKBP14,METTL14,1,1
FKBP14,MMP15,1,1
FKBP14,MPZL1,1,1
FKBP14,MRAP2,1,1
FKBP14,MRPL57,1,1
FKBP14,MTUS1,1,1
FKBP14,MYD88,1,1
FKBP14,MYH14,1,1
FKBP14,N4BP2L2,1,1
FKBP14,NFKBIE,1,1
FKBP14,NOMO1,1,1
FKBP14,NOMO3,1,1
FKBP14,NPAS1,1,1
FKBP14,NSF,1,1
FKBP14,NT5DC2,1,1
FKBP14,P3H1,1,1
FKBP14,P3H2,1,1
FKBP14,PCOLCE2,1,1
FKBP14,PDDC1,1,1
FKBP14,PDGFRL,1,1
FKBP14,PGBD1,1,1
FKBP14,PGM1,1,1
FKBP14,PGRMC1,1,1
FKBP14,PIEZO2,1,1
FKBP14,PLPP3,1,1
FKBP14,PMS2CL,1,1
FKBP14,PPIA,1,1
FKBP14,PRDX4,1,1
FKBP14,PRDX6,1,1
FKBP14,PSMD9,1,1
FKBP14,PTGFRN,1,1
FKBP14,RAD17,1,1
FKBP14,RCN2,1,1
FKBP14,RNF216,1,1
FKBP14,ROR1,1,1
FKBP14,SCG2,1,1
FKBP14,SDC2,1,1
FKBP14,SDSL,1,1
FKBP14,SHROOM1,1,1
FKBP14,SLC19A3,1,1
FKBP14,SLC1A1,1,1
FKBP14,SLC26A2,1,1
FKBP14,SLC26A4,1,1
FKBP14,SMAP2,1,1
FKBP14,SOX5,1,1
FKBP14,SPRY4,1,1
FKBP14,SRPRB,1,1
FKBP14,STK32B,1,1
FKBP14,STON2,1,1
FKBP14,TBC1D22B,1,1
FKBP14,TIMP1,1,1
FKBP14,TMEM5,1,1
FKBP14,TMEM62,1,1
FKBP14,TMEM67,1,1
FKBP14,TNFAIP6,1,1
FKBP14,TOR3A,1,1
FKBP14,TPGS2,1,1
FKBP14,TRIM47,1,1
FKBP14,TVP23B,1,1
FKBP14,UNC80,1,1
FKBP14,WWTR1,1,1
FKBP14,XPR1,1,1
FKBP14,ZBTB33,1,1
FKBP14,ZNF595,1,1
PRDX4,ADAM15,1,1
PRDX4,ADCY1,1,1
PRDX4,APOO,1,1
PRDX4,BCL7A,1,1
PRDX4,CMB9-22P13.1,1,1
PRDX4,CNPY2,1,1
PRDX4,CRISPLD1,1,1
PRDX4,DNAJB12,1,1
PRDX4,ETFB,1,1
PRDX4,FABP7,1,1
PRDX4,FAM198B,1,1
PRDX4,FKBP11,1,1
PRDX4,FKBP9,1,1
PRDX4,FKBP9P1,1,1
PRDX4,ID4,1,1
PRDX4,INTS10,1,1
PRDX4,LAMC3,1,1
PRDX4,LYPLAL1,1,1
PRDX4,MMP15,1,1
PRDX4,MYD88,1,1
PRDX4,PGRMC1,1,1
PRDX4,PMS2CL,1,1
PRDX4,PODXL2,1,1
PRDX4,PRDX6,1,1
PRDX4,RAB23,1,1
PRDX4,SDC2,1,1
PRDX4,SHROOM1,1,1
PRDX4,SLC19A3,1,1
PRDX4,SLC43A1,1,1
PRDX4,SLC44A1,1,1
PRDX4,SMAP2,1,1
PRDX4,TBC1D22B,1,1
PRDX4,TMEM62,1,1
PRDX4,ZMAT2,1,1
ETV4,ADAMTS9,1,1
ETV4,ASB9,1,1
ETV4,ATP5B,1,1
ETV4,ATXN3,1,1
ETV4,BX004987.1,1,1
ETV4,CCSAP,1,1
ETV4,CHL1,1,1
ETV4,CMTM8,1,1
ETV4,COL19A1,1,1
ETV4,COLGALT1,1,1
ETV4,DARS2,1,1
ETV4,DOCK10,1,1
ETV4,ECE2,1,1
ETV4,EDEM2,1,1
ETV4,EN2,1,1
ETV4,FUCA2,1,1
ETV4,GALNT2,1,1
ETV4,GATA4,1,1
ETV4,GCAT,1,1
ETV4,ICAM1,1,1
ETV4,KDM1B,1,1
ETV4,KIAA1191,1,1
ETV4,MCTS1,1,1
ETV4,MEGF10,1,1
ETV4,MGAT5B,1,1
ETV4,MICU1,1,1
ETV4,MLLT10,1,1
ETV4,MTIF2,1,1
ETV4,MYH14,1,1
ETV4,NOA1,1,1
ETV4,PAQR7,1,1
ETV4,PDGFRL,1,1
ETV4,PHB,1,1
ETV4,PI15,1,1
ETV4,PMP2,1,1
ETV4,PNMA2,1,1
ETV4,PPARD,1,1
ETV4,PPIA,1,1
ETV4,RBAK,1,1
ETV4,RCN2,1,1
ETV4,RPTOR,1,1
ETV4,RUBCN,1,1
ETV4,SECISBP2,1,1
ETV4,SEMA3D,1,1
ETV4,SLC44A1,1,1
ETV4,SLC4A7,1,1
ETV4,SOBP,1,1
ETV4,SUN2,1,1
ETV4,TBRG4,1,1
ETV4,TIMMDC1,1,1
ETV4,TIPRL,1,1
ETV4,UXS1,1,1
ETV4,ZDHHC3,1,1
ETV4,ZFP28,1,1
GCAT,AARS2,1,1
GCAT,ADAMTS9,1,1
GCAT,AL354822.1,1,1
GCAT,ANKRD26,1,1
GCAT,ATP5B,1,1
GCAT,BIN3,1,1
GCAT,BX004987.1,1,1
GCAT,CCSAP,1,1
GCAT,CHL1,1,1
GCAT,CHST6,1,1
GCAT,CMTM8,1,1
GCAT,COLGALT1,1,1
GCAT,CST1,1,1
GCAT,DARS2,1,1
GCAT,DOCK10,1,1
GCAT,EDEM2,1,1
GCAT,EFCAB7,1,1
GCAT,ENOX1,1,1
GCAT,EXTL1,1,1
GCAT,FCGR2A,1,1
GCAT,FUCA2,1,1
GCAT,GAD1,1,1
GCAT,GATA4,1,1
GCAT,GNAO1,1,1
GCAT,HOXA13,1,1
GCAT,IFI35,1,1
GCAT,ITGA9,1,1
GCAT,KDELR3,1,1
GCAT,MBD4,1,1
GCAT,MCTS1,1,1
GCAT,MLLT10,1,1
GCAT,MTIF2,1,1
GCAT,MYD88,1,1
GCAT,MYH14,1,1
GCAT,NAPG,1,1
GCAT,NUDT4,1,1
GCAT,PDGFRL,1,1
GCAT,PDZD4,1,1
GCAT,PGRMC1,1,1
GCAT,PI15,1,1
GCAT,PMP2,1,1
GCAT,PNMA2,1,1
GCAT,PPIA,1,1
GCAT,RCN2,1,1
GCAT,RPTOR,1,1
GCAT,SECISBP2,1,1
GCAT,SLC22A5,1,1
GCAT,SLC26A2,1,1
GCAT,SLC44A1,1,1
GCAT,STX2,1,1
GCAT,TBRG4,1,1
GCAT,TIMMDC1,1,1
GCAT,TIPRL,1,1
GCAT,ZDHHC3,1,1
GCAT,ZNF280A,1,1
PCDHA1,ABCA8,1,1
PCDHA1,ADAP1,1,1
PCDHA1,ADGRB1,1,1
PCDHA1,AFAP1L2,1,1
PCDHA1,AGMO,1,1
PCDHA1,AKAP6,1,1
PCDHA1,ANKH,1,1
PCDHA1,ANKRD45,1,1
PCDHA1,ARCN1,1,1
PCDHA1,ARHGAP20,1,1
PCDHA1,ARHGAP5,1,1
PCDHA1,ARHGAP6,1,1
PCDHA1,ART3,1,1
PCDHA1,ASB4,1,1
PCDHA1,ATP1B1,1,1
PCDHA1,ATP9A,1,1
PCDHA1,B3GALT1,1,1
PCDHA1,B3GNT7,1,1
PCDHA1,BATF3,1,1
PCDHA1,BMP6,1,1
PCDHA1,BST2,1,1
PCDHA1,C1QTNF3,1,1
PCDHA1,CADM4,1,1
PCDHA1,CC2D1A,1,1
PCDHA1,CCDC113,1,1
PCDHA1,CDH12,1,1
PCDHA1,CEP70,1,1
PCDHA1,CHURC1-FNTB,1,1
PCDHA1,COL9A2,1,1
PCDHA1,COL9A3,1,1
PCDHA1,COLGALT2,1,1
PCDHA1,CSMD1,1,1
PCDHA1,CT45A1,1,1
PCDHA1,CT45A10,1,1
PCDHA1,CT45A3,1,1
PCDHA1,CT45A5,1,1
PCDHA1,CT45A6,1,1
PCDHA1,CT45A8,1,1
PCDHA1,CT45A9,1,1
PCDHA1,DDX43,1,1
PCDHA1,DMRTA1,1,1
PCDHA1,DNAJB6,1,1
PCDHA1,DNAJC30,1,1
PCDHA1,DOK1,1,1
PCDHA1,DSCR8,1,1
PCDHA1,EGFLAM,1,1
PCDHA1,EIF4H,1,1
PCDHA1,EMILIN1,1,1
PCDHA1,ENAH,1,1
PCDHA1,EPHA3,1,1
PCDHA1,EPHB3,1,1
PCDHA1,ERLIN2,1,1
PCDHA1,EYA2,1,1
PCDHA1,FAM212B,1,1
PCDHA1,FAM86B1,1,1
PCDHA1,FOLH1,1,1
PCDHA1,FOXF1,1,1
PCDHA1,FREM2,1,1
PCDHA1,GABRG3,1,1
PCDHA1,GALNT5,1,1
PCDHA1,GLI2,1,1
PCDHA1,GPC1,1,1
PCDHA1,GRIK4,1,1
PCDHA1,GUCY1B3,1,1
PCDHA1,HS3ST3B1,1,1
PCDHA1,IGFBP2,1,1
PCDHA1,IL13RA2,1,1
PCDHA1,IL27RA,1,1
PCDHA1,ITGA10,1,1
PCDHA1,ITIH5,1,1
PCDHA1,ITIH6,1,1
PCDHA1,ITPRIPL2,1,1
PCDHA1,JARID2,1,1
PCDHA1,KCNC3,1,1
PCDHA1,KDM5C,1,1
PCDHA1,LAMA2,1,1
PCDHA1,LAMA4,1,1
PCDHA1,MAFB,1,1
PCDHA1,MAMDC2,1,1
PCDHA1,MATK,1,1
PCDHA1,MDH2,1,1
PCDHA1,MEOX2,1,1
PCDHA1,MGP,1,1
PCDHA1,MICALL2,1,1
PCDHA1,MMP16,1,1
PCDHA1,MRPS6,1,1
PCDHA1,NDRG1,1,1
PCDHA1,NDUFA8,1,1
PCDHA1,NGRN,1,1
PCDHA1,NKX2-5,1,1
PCDHA1,NPHP1,1,1
PCDHA1,NR0B1,1,1
PCDHA1,NTN1,1,1
PCDHA1,OLFML3,1,1
PCDHA1,P3H1,1,1
PCDHA1,P3H2,1,1
PCDHA1,P3H4,1,1
PCDHA1,PATZ1,1,1
PCDHA1,PCDHA10,1,1
PCDHA1,PCDHA11,1,1
PCDHA1,PCDHA7,1,1
PCDHA1,PCDHB11,1,1
PCDHA1,PCDHB17P,1,1
PCDHA1,PCDHB2,1,1
PCDHA1,PCDHB5,1,1
PCDHA1,PCDHB6,1,1
PCDHA1,PCDHB7,1,1
PCDHA1,PCDHGA3,1,1
PCDHA1,PCDHGA7,1,1
PCDHA1,PDDC1,1,1
PCDHA1,PITPNC1,1,1
PCDHA1,PLBD1,1,1
PCDHA1,PLEKHS1,1,1
PCDHA1,PNPO,1,1
PCDHA1,POU3F3,1,1
PCDHA1,PPIC,1,1
PCDHA1,PPP2R2B,1,1
PCDHA1,PRKAR1B,1,1
PCDHA1,PRR4,1,1
PCDHA1,PRRX1,1,1
PCDHA1,PTPRD,1,1
PCDHA1,RAB7B,1,1
PCDHA1,RANBP17,1,1
PCDHA1,RBMS1,1,1
PCDHA1,RGS16,1,1
PCDHA1,RP11-111F5.5,1,1
PCDHA1,RP5-862P8.2,1,1
PCDHA1,RPS6KA3,1,1
PCDHA1,RYR2,1,1
PCDHA1,S100A13,1,1
PCDHA1,SBNO2,1,1
PCDHA1,SCARA5,1,1
PCDHA1,SCRG1,1,1
PCDHA1,SEC14L1,1,1
PCDHA1,SEL1L3,1,1
PCDHA1,SERPINA3,1,1
PCDHA1,SERPINE2,1,1
PCDHA1,SLC1A3,1,1
PCDHA1,SLC35E4,1,1
PCDHA1,SLC39A4,1,1
PCDHA1,SLC43A2,1,1
PCDHA1,SMIM3,1,1
PCDHA1,SPATS1,1,1
PCDHA1,STK32B,1,1
PCDHA1,SULF1,1,1
PCDHA1,SYTL5,1,1
PCDHA1,TBC1D10B,1,1
PCDHA1,TBXAS1,1,1
PCDHA1,TCN1,1,1
PCDHA1,TDRD1,1,1
PCDHA1,TENM1,1,1
PCDHA1,TGFB3,1,1
PCDHA1,TIGD1,1,1
PCDHA1,TNFAIP6,1,1
PCDHA1,TRIM9,1,1
PCDHA1,TRPM8,1,1
PCDHA1,TSPAN13,1,1
PCDHA1,TSR3,1,1
PCDHA1,TYW1B,1,1
PCDHA1,UBA1,1,1
PCDHA1,UROC1,1,1
PCDHA1,WNK4,1,1
PCDHA1,WWTR1,1,1
PCDHA1,ZBTB45P2,1,1
PCDHA1,ZNF595,1,1
PCDHA1,BP-21264C1.1,1,1
AP3D1,AGMO,1,1
AP3D1,ANGPTL1,1,1
AP3D1,ARCN1,1,1
AP3D1,ARHGAP25,1,1
AP3D1,ARHGAP6,1,1
AP3D1,ART3,1,1
AP3D1,C17ORF96,1,1
AP3D1,C1QTNF3,1,1
AP3D1,CEP170B,1,1
AP3D1,CEP70,1,1
AP3D1,COLGALT2,1,1
AP3D1,CT45A3,1,1
AP3D1,CT45A5,1,1
AP3D1,DLX2,1,1
AP3D1,DMRT2,1,1
AP3D1,DMRTA1,1,1
AP3D1,DNAAF5,1,1
AP3D1,DOK1,1,1
AP3D1,DUS3L,1,1
AP3D1,EIF1AX,1,1
AP3D1,ENAH,1,1
AP3D1,EPHA3,1,1
AP3D1,FAM188B,1,1
AP3D1,FAM212B,1,1
AP3D1,FREM2,1,1
AP3D1,GPC3,1,1
AP3D1,IL13RA2,1,1
AP3D1,IL1RAP,1,1
AP3D1,IL27RA,1,1
AP3D1,KCNC3,1,1
AP3D1,KIAA0040,1,1
AP3D1,KIAA1328,1,1
AP3D1,LAMA4,1,1
AP3D1,LONRF2,1,1
AP3D1,LRRC75A,1,1
AP3D1,MATK,1,1
AP3D1,MFSD13A,1,1
AP3D1,MMADHC,1,1
AP3D1,MMP16,1,1
AP3D1,MRAP2,1,1
AP3D1,NKX2-5,1,1
AP3D1,NOC2LP1,1,1
AP3D1,NOMO3,1,1
AP3D1,NPAS1,1,1
AP3D1,OFD1,1,1
AP3D1,P3H2,1,1
AP3D1,PCDHA10,1,1
AP3D1,PCDHA11,1,1
AP3D1,PCDHB17P,1,1
AP3D1,PCDHB2,1,1
AP3D1,POLRMT,1,1
AP3D1,PRDX6,1,1
AP3D1,PRPSAP2,1,1
AP3D1,RAB7B,1,1
AP3D1,RBMS1,1,1
AP3D1,RC3H1,1,1
AP3D1,RNF128,1,1
AP3D1,RPN1,1,1
AP3D1,SEC14L1,1,1
AP3D1,SEC61A1,1,1
AP3D1,SERPINE2,1,1
AP3D1,SH3KBP1,1,1
AP3D1,SLC26A4,1,1
AP3D1,SPRY4,1,1
AP3D1,SRPRB,1,1
AP3D1,STK32B,1,1
AP3D1,STON2,1,1
AP3D1,SYTL5,1,1
AP3D1,TBC1D10B,1,1
AP3D1,TDRD1,1,1
AP3D1,TGFB3,1,1
AP3D1,TIGD1,1,1
AP3D1,TNFAIP6,1,1
AP3D1,TOR1AIP2,1,1
AP3D1,TRIM51CP,1,1
AP3D1,TRIM9,1,1
AP3D1,TSPAN13,1,1
AP3D1,UNC80,1,1
AP3D1,WT1,1,1
AP3D1,WWTR1,1,1
AP3D1,XIAP,1,1
AP3D1,XPR1,1,1
AP3D1,ZNF595,1,1
AP3D1,ZNF654,1,1
LIG3,AARS2,1,1
LIG3,ADAM15,1,1
LIG3,ADAMTS9,1,1
LIG3,ADCY1,1,1
LIG3,ANKRD19P,1,1
LIG3,B4GALT4,1,1
LIG3,CCSAP,1,1
LIG3,CHST6,1,1
LIG3,CMB9-22P13.1,1,1
LIG3,CMTM8,1,1
LIG3,COLGALT1,1,1
LIG3,COPB2,1,1
LIG3,CRISPLD1,1,1
LIG3,CST1,1,1
LIG3,ENOX1,1,1
LIG3,EPDR1,1,1
LIG3,FABP7,1,1
LIG3,FCGR2A,1,1
LIG3,FGF13,1,1
LIG3,FKBP11,1,1
LIG3,FYB,1,1
LIG3,GAD1,1,1
LIG3,GHR,1,1
LIG3,GPC4,1,1
LIG3,HEY2,1,1
LIG3,HMCES,1,1
LIG3,HMCN1,1,1
LIG3,HOXA13,1,1
LIG3,ICAM1,1,1
LIG3,ID4,1,1
LIG3,INTS10,1,1
LIG3,ITGA9,1,1
LIG3,ITGB5,1,1
LIG3,MBD4,1,1
LIG3,METTL14,1,1
LIG3,MYD88,1,1
LIG3,NAPG,1,1
LIG3,NOMO3,1,1
LIG3,PDGFRL,1,1
LIG3,PGM1,1,1
LIG3,PGRMC1,1,1
LIG3,PI15,1,1
LIG3,PIEZO2,1,1
LIG3,PNMA2,1,1
LIG3,PODXL2,1,1
LIG3,PPP1R13B,1,1
LIG3,PTGFRN,1,1
LIG3,RAB23,1,1
LIG3,RCN2,1,1
LIG3,RNF216,1,1
LIG3,ROR1,1,1
LIG3,SDSL,1,1
LIG3,SEC11A,1,1
LIG3,SLC22A5,1,1
LIG3,SLC26A2,1,1
LIG3,SLC26A4,1,1
LIG3,SLC35G1,1,1
LIG3,SMAP2,1,1
LIG3,TBC1D8,1,1
LIG3,TBRG4,1,1
LIG3,TPGS2,1,1
LIG3,TRPM3,1,1
LIG3,TVP23B,1,1
LIG3,TXNL1,1,1
LIG3,YTHDC2,1,1
LIG3,ZNF736,1,1
FXN,C8ORF33,1,1
FXN,EFTUD2,1,1
FXN,EIF5A,1,1
FXN,GRPEL1,1,1
FXN,IRAK4,1,1
FXN,JRK,1,1
FXN,MAGEA2,1,1
FXN,PSME3,1,1
FXN,RAP1B,1,1
FXN,RCL1,1,1
FXN,SMARCA4,1,1
FXN,SNRPB2,1,1
FXN,TIMM22,1,1
GDI2,ARF6,1,1
GDI2,CMB9-22P13.1,1,1
GDI2,CNOT6,1,1
GDI2,COPG1,1,1
GDI2,GRIK2,1,1
GDI2,HMCN1,1,1
GDI2,ITGB5,1,1
GDI2,MAN1B1,1,1
GDI2,METTL14,1,1
GDI2,MRPL57,1,1
GDI2,NT5DC2,1,1
GDI2,PSMD9,1,1
GDI2,RELL2,1,1
GDI2,SDSL,1,1
GDI2,SLC35G1,1,1
GDI2,TMEM62,1,1
GDI2,TXNL1,1,1
GDI2,ZNF736,1,1
RYR2,ABCA8,1,1
RYR2,ADGRB1,1,1
RYR2,AFAP1L2,1,1
RYR2,AGMO,1,1
RYR2,AKAP6,1,1
RYR2,ALG13,1,1
RYR2,ANKRD45,1,1
RYR2,ARCN1,1,1
RYR2,ARHGAP20,1,1
RYR2,ARHGAP5,1,1
RYR2,ARHGAP6,1,1
RYR2,ART3,1,1
RYR2,ASB4,1,1
RYR2,ATP1B1,1,1
RYR2,ATP9A,1,1
RYR2,B3GALT1,1,1
RYR2,B3GNT7,1,1
RYR2,BMP6,1,1
RYR2,BST2,1,1
RYR2,C1QTNF3,1,1
RYR2,CADM4,1,1
RYR2,CC2D1A,1,1
RYR2,CCDC113,1,1
RYR2,CDH12,1,1
RYR2,CEP70,1,1
RYR2,CGREF1,1,1
RYR2,CHPF,1,1
RYR2,CHURC1-FNTB,1,1
RYR2,COL9A2,1,1
RYR2,COL9A3,1,1
RYR2,COLGALT2,1,1
RYR2,CSMD1,1,1
RYR2,CT45A1,1,1
RYR2,CT45A10,1,1
RYR2,CT45A3,1,1
RYR2,CT45A5,1,1
RYR2,CT45A6,1,1
RYR2,CT45A8,1,1
RYR2,CT45A9,1,1
RYR2,DDX43,1,1
RYR2,DMRT2,1,1
RYR2,DMRTA1,1,1
RYR2,DNAJB6,1,1
RYR2,DNAJC30,1,1
RYR2,DOK1,1,1
RYR2,DSCR8,1,1
RYR2,EGFLAM,1,1
RYR2,EIF1AXP1,1,1
RYR2,EIF4H,1,1
RYR2,EMILIN1,1,1
RYR2,ENAH,1,1
RYR2,EPHA3,1,1
RYR2,EPHB3,1,1
RYR2,ERLIN2,1,1
RYR2,EYA2,1,1
RYR2,FAM212B,1,1
RYR2,FAM86B1,1,1
RYR2,FOLH1,1,1
RYR2,FOXF1,1,1
RYR2,FREM2,1,1
RYR2,GABRG3,1,1
RYR2,GALNT5,1,1
RYR2,GLI2,1,1
RYR2,GLUD2,1,1
RYR2,GPC1,1,1
RYR2,GPC3,1,1
RYR2,GPC4,1,1
RYR2,GRIK4,1,1
RYR2,GUCY1B3,1,1
RYR2,HS3ST3B1,1,1
RYR2,IGFBP2,1,1
RYR2,IGFBP3,1,1
RYR2,IL13RA2,1,1
RYR2,IL27RA,1,1
RYR2,ITGA10,1,1
RYR2,ITGAX,1,1
RYR2,ITIH5,1,1
RYR2,ITIH6,1,1
RYR2,ITPRIPL2,1,1
RYR2,JARID2,1,1
RYR2,KCNC3,1,1
RYR2,KDM5C,1,1
RYR2,LAMA2,1,1
RYR2,LAMA4,1,1
RYR2,LONRF2,1,1
RYR2,LRP2,1,1
RYR2,LRRC75A,1,1
RYR2,LYPLAL1,1,1
RYR2,MAFB,1,1
RYR2,MAMDC2,1,1
RYR2,MATK,1,1
RYR2,MDH2,1,1
RYR2,MEOX2,1,1
RYR2,MGP,1,1
RYR2,MICALL2,1,1
RYR2,MMP16,1,1
RYR2,MRPS6,1,1
RYR2,NDRG1,1,1
RYR2,NDUFA8,1,1
RYR2,NGRN,1,1
RYR2,NKX2-5,1,1
RYR2,NPHP1,1,1
RYR2,NR0B1,1,1
RYR2,NTN1,1,1
RYR2,OLFML3,1,1
RYR2,OPHN1,1,1
RYR2,P3H1,1,1
RYR2,P3H2,1,1
RYR2,P3H4,1,1
RYR2,PATZ1,1,1
RYR2,PCDHA10,1,1
RYR2,PCDHA11,1,1
RYR2,PCDHA7,1,1
RYR2,PCDHB11,1,1
RYR2,PCDHB17P,1,1
RYR2,PCDHB2,1,1
RYR2,PCDHB5,1,1
RYR2,PCDHB6,1,1
RYR2,PCDHB7,1,1
RYR2,PCDHGA3,1,1
RYR2,PCDHGA7,1,1
RYR2,PDDC1,1,1
RYR2,PITPNC1,1,1
RYR2,PLBD1,1,1
RYR2,PLEKHS1,1,1
RYR2,PMS2CL,1,1
RYR2,POU3F3,1,1
RYR2,PPIC,1,1
RYR2,PPP2R2B,1,1
RYR2,PRR4,1,1
RYR2,PRRX1,1,1
RYR2,PTGFRN,1,1
RYR2,PTPRD,1,1
RYR2,RAB7B,1,1
RYR2,RANBP17,1,1
RYR2,RAPGEF5,1,1
RYR2,RBMS1,1,1
RYR2,RGS16,1,1
RYR2,RP11-111F5.5,1,1
RYR2,S100A13,1,1
RYR2,SBNO2,1,1
RYR2,SCARA5,1,1
RYR2,SCRG1,1,1
RYR2,SDC2,1,1
RYR2,SEC14L1,1,1
RYR2,SEL1L3,1,1
RYR2,SERPINA3,1,1
RYR2,SERPINE2,1,1
RYR2,SLC1A3,1,1
RYR2,SLC35E4,1,1
RYR2,SLC39A4,1,1
RYR2,SLC5A3,1,1
RYR2,SMIM3,1,1
RYR2,SNED1,1,1
RYR2,SPATS1,1,1
RYR2,STK32B,1,1
RYR2,SULF1,1,1
RYR2,SYTL5,1,1
RYR2,TBC1D10B,1,1
RYR2,TBXAS1,1,1
RYR2,TCN1,1,1
RYR2,TDRD1,1,1
RYR2,TENM1,1,1
RYR2,TGFB3,1,1
RYR2,TIGD1,1,1
RYR2,TIMP1,1,1
RYR2,TNFAIP6,1,1
RYR2,TRIM9,1,1
RYR2,TRPM8,1,1
RYR2,TSPAN13,1,1
RYR2,TSR3,1,1
RYR2,TYW1B,1,1
RYR2,UBA1,1,1
RYR2,UROC1,1,1
RYR2,WNK4,1,1
RYR2,WWTR1,1,1
RYR2,XIAP,1,1
RYR2,ZBTB45P2,1,1
RYR2,ZNF536,1,1
RYR2,ZNF595,1,1
RYR2,BP-21264C1.1,1,1
MGAT4A,AMZ2,1,1
MGAT4A,UQCRC2,1,1
CEP70,ABCA8,1,1
CEP70,ACTN2,1,1
CEP70,ADGRB1,1,1
CEP70,AFAP1L2,1,1
CEP70,AGMO,1,1
CEP70,AKAP6,1,1
CEP70,ALG13,1,1
CEP70,ANKRD45,1,1
CEP70,ARCN1,1,1
CEP70,ARHGAP20,1,1
CEP70,ARHGAP25,1,1
CEP70,ARHGAP5,1,1
CEP70,ARHGAP6,1,1
CEP70,ART3,1,1
CEP70,ASB4,1,1
CEP70,ATP1B1,1,1
CEP70,ATP9A,1,1
CEP70,B3GNT7,1,1
CEP70,C17ORF96,1,1
CEP70,C1QTNF3,1,1
CEP70,CC2D1A,1,1
CEP70,CDH12,1,1
CEP70,CHURC1-FNTB,1,1
CEP70,COL9A2,1,1
CEP70,COL9A3,1,1
CEP70,COLGALT2,1,1
CEP70,COPB2,1,1
CEP70,CSGALNACT1,1,1
CEP70,CT45A1,1,1
CEP70,CT45A10,1,1
CEP70,CT45A3,1,1
CEP70,CT45A5,1,1
CEP70,CT45A6,1,1
CEP70,CT45A8,1,1
CEP70,CT45A9,1,1
CEP70,CXCL16,1,1
CEP70,DMRT2,1,1
CEP70,DMRTA1,1,1
CEP70,DOK1,1,1
CEP70,EGFLAM,1,1
CEP70,EIF4H,1,1
CEP70,ENAH,1,1
CEP70,EPHA3,1,1
CEP70,EPHB3,1,1
CEP70,ERLEC1,1,1
CEP70,ERLIN2,1,1
CEP70,EYA2,1,1
CEP70,FAM188B,1,1
CEP70,FAM198B,1,1
CEP70,FAM212B,1,1
CEP70,FAM86B1,1,1
CEP70,FGF13,1,1
CEP70,FKBP9P1,1,1
CEP70,FOLH1,1,1
CEP70,FREM2,1,1
CEP70,GALNT5,1,1
CEP70,GHR,1,1
CEP70,GLUD2,1,1
CEP70,GPC1,1,1
CEP70,GPC3,1,1
CEP70,GPC4,1,1
CEP70,GRIK4,1,1
CEP70,HS3ST3B1,1,1
CEP70,IARS2,1,1
CEP70,IGFBP2,1,1
CEP70,IGFBP3,1,1
CEP70,IL13RA2,1,1
CEP70,IL1RAP,1,1
CEP70,IL27RA,1,1
CEP70,ITIH5,1,1
CEP70,ITIH6,1,1
CEP70,ITPRIPL2,1,1
CEP70,JARID2,1,1
CEP70,KCNC3,1,1
CEP70,KCNK5,1,1
CEP70,KIAA0040,1,1
CEP70,LAMA2,1,1
CEP70,LAMA4,1,1
CEP70,LAMC3,1,1
CEP70,LONRF2,1,1
CEP70,LYPLAL1,1,1
CEP70,MAFB,1,1
CEP70,MAMDC2,1,1
CEP70,MATK,1,1
CEP70,MEOX2,1,1
CEP70,MGP,1,1
CEP70,MICALL2,1,1
CEP70,MMP16,1,1
CEP70,MRAP2,1,1
CEP70,MTUS1,1,1
CEP70,NDRG1,1,1
CEP70,NKX2-5,1,1
CEP70,NOMO3,1,1
CEP70,NPAS1,1,1
CEP70,NR0B1,1,1
CEP70,NTN1,1,1
CEP70,OFD1,1,1
CEP70,OLFML3,1,1
CEP70,P3H1,1,1
CEP70,P3H2,1,1
CEP70,PATZ1,1,1
CEP70,PCDHA10,1,1
CEP70,PCDHA11,1,1
CEP70,PCDHB11,1,1
CEP70,PCDHB17P,1,1
CEP70,PCDHB2,1,1
CEP70,PCDHB5,1,1
CEP70,PCDHB6,1,1
CEP70,PCDHB7,1,1
CEP70,PCDHGA7,1,1
CEP70,PCOLCE2,1,1
CEP70,PDDC1,1,1
CEP70,PIEZO2,1,1
CEP70,PITPNC1,1,1
CEP70,PLBD1,1,1
CEP70,PLEKHS1,1,1
CEP70,PMS2CL,1,1
CEP70,POU3F3,1,1
CEP70,PPIC,1,1
CEP70,PRDX6,1,1
CEP70,PTGFRN,1,1
CEP70,PTPRD,1,1
CEP70,RAB7B,1,1
CEP70,RAPGEF5,1,1
CEP70,RBMS1,1,1
CEP70,RNF128,1,1
CEP70,RNF216,1,1
CEP70,RPN1,1,1
CEP70,SCARA5,1,1
CEP70,SCRG1,1,1
CEP70,SDC2,1,1
CEP70,SEC14L1,1,1
CEP70,SERPINE2,1,1
CEP70,SH3KBP1,1,1
CEP70,SLC19A3,1,1
CEP70,SLC26A4,1,1
CEP70,SLC39A4,1,1
CEP70,SLC5A3,1,1
CEP70,SPARC,1,1
CEP70,SPATS1,1,1
CEP70,SPRY4,1,1
CEP70,SRPRB,1,1
CEP70,STK32B,1,1
CEP70,STON2,1,1
CEP70,SULF1,1,1
CEP70,SYTL5,1,1
CEP70,TBC1D10B,1,1
CEP70,TCN1,1,1
CEP70,TDRD1,1,1
CEP70,TENM1,1,1
CEP70,TGFB3,1,1
CEP70,TIGD1,1,1
CEP70,TIMP1,1,1
CEP70,TMEM67,1,1
CEP70,TNFAIP6,1,1
CEP70,TOR1AIP2,1,1
CEP70,TOR3A,1,1
CEP70,TPGS2,1,1
CEP70,TRIM47,1,1
CEP70,TRIM51CP,1,1
CEP70,TRIM9,1,1
CEP70,TRPM8,1,1
CEP70,TSPAN13,1,1
CEP70,TVP23B,1,1
CEP70,UNC80,1,1
CEP70,WNK4,1,1
CEP70,WWTR1,1,1
CEP70,XIAP,1,1
CEP70,XPR1,1,1
CEP70,ZNF595,1,1
CEP70,ZNF654,1,1
CEP70,BP-21264C1.1,1,1
OSMR,C18ORF8,1,1
OSMR,C4ORF32,1,1
OSMR,CDK14,1,1
OSMR,COTL1,1,1
OSMR,EHBP1,1,1
OSMR,EPRS,1,1
OSMR,F12,1,1
OSMR,GATB,1,1
OSMR,ICAM5,1,1
OSMR,ITFG2,1,1
OSMR,MIPOL1,1,1
OSMR,NECAP2,1,1
OSMR,PHKA1,1,1
OSMR,RPS6KA3,1,1
OSMR,SERINC3,1,1
OSMR,SP100,1,1
OSMR,ZNF335,1,1
MYD88,AARS2,1,1
MYD88,ACTN2,1,1
MYD88,ADAM15,1,1
MYD88,ADAMTS9,1,1
MYD88,ADCY1,1,1
MYD88,ANKRD19P,1,1
MYD88,ANKRD26,1,1
MYD88,APOO,1,1
MYD88,ASB9,1,1
MYD88,ATP1B3,1,1
MYD88,ATP5B,1,1
MYD88,CCSAP,1,1
MYD88,CENPL,1,1
MYD88,CHST6,1,1
MYD88,CMB9-22P13.1,1,1
MYD88,CMTM8,1,1
MYD88,COLGALT1,1,1
MYD88,COPB2,1,1
MYD88,CRISPLD1,1,1
MYD88,CST1,1,1
MYD88,DNAJB12,1,1
MYD88,EIF3I,1,1
MYD88,ENOX1,1,1
MYD88,EPDR1,1,1
MYD88,ETV1,1,1
MYD88,EXOC1,1,1
MYD88,FABP7,1,1
MYD88,FAM198B,1,1
MYD88,FCGR2A,1,1
MYD88,FGF13,1,1
MYD88,FKBP11,1,1
MYD88,GAD1,1,1
MYD88,GALNT2,1,1
MYD88,GHR,1,1
MYD88,GPC4,1,1
MYD88,HEY2,1,1
MYD88,HMCES,1,1
MYD88,HMCN1,1,1
MYD88,HOXA13,1,1
MYD88,ICAM1,1,1
MYD88,ID4,1,1
MYD88,INTS10,1,1
MYD88,ITGB5,1,1
MYD88,KDSR,1,1
MYD88,KIAA1191,1,1
MYD88,LAMC3,1,1
MYD88,MBD4,1,1
MYD88,METTL14,1,1
MYD88,MLLT10,1,1
MYD88,MRAP2,1,1
MYD88,MRPS24,1,1
MYD88,MYH14,1,1
MYD88,NOMO1,1,1
MYD88,NOMO3,1,1
MYD88,PAQR7,1,1
MYD88,PCOLCE2,1,1
MYD88,PDGFRL,1,1
MYD88,PGM1,1,1
MYD88,PGRMC1,1,1
MYD88,PI15,1,1
MYD88,PIEZO2,1,1
MYD88,PNMA2,1,1
MYD88,PODXL2,1,1
MYD88,PPIA,1,1
MYD88,PRDX6,1,1
MYD88,PTGFRN,1,1
MYD88,PWWP2A,1,1
MYD88,RAB23,1,1
MYD88,RAD17,1,1
MYD88,RCN2,1,1
MYD88,RNF216,1,1
MYD88,ROR1,1,1
MYD88,RUFY1,1,1
MYD88,SECISBP2,1,1
MYD88,SLC19A3,1,1
MYD88,SLC22A5,1,1
MYD88,SLC26A2,1,1
MYD88,SLC26A4,1,1
MYD88,SLC35G1,1,1
MYD88,SLC44A1,1,1
MYD88,SMAD4,1,1
MYD88,SMAP2,1,1
MYD88,TBRG4,1,1
MYD88,TGIF2-C20ORF24,1,1
MYD88,TRPM3,1,1
MYD88,TVP23B,1,1
MYD88,ZDHHC3,1,1
MYD88,ZNF280A,1,1
ANAPC13,ATP1B1,1,1
ANAPC13,C18ORF8,1,1
ANAPC13,COL9A2,1,1
ANAPC13,EIF4H,1,1
ANAPC13,HS3ST3B1,1,1
ANAPC13,L3HYPDH,1,1
ANAPC13,MICALL2,1,1
ANAPC13,P3H4,1,1
ANAPC13,PTPRD,1,1
ANAPC13,SLC1A3,1,1
ANAPC13,BP-21264C1.1,1,1
HYOU1,ADAM17,1,1
HYOU1,ATG101,1,1
HYOU1,COTL1,1,1
HYOU1,DNAAF5,1,1
HYOU1,DNAJB11,1,1
HYOU1,ERCC1,1,1
HYOU1,GARS,1,1
HYOU1,HSP90B1,1,1
HYOU1,ITGA4,1,1
HYOU1,ITPR3,1,1
HYOU1,LRFN1,1,1
HYOU1,MAGEA2,1,1
HYOU1,MMADHC,1,1
HYOU1,NMD3,1,1
HYOU1,PELI1,1,1
HYOU1,POFUT1,1,1
HYOU1,RCL1,1,1
HYOU1,SDE2,1,1
HYOU1,SLC7A6OS,1,1
HYOU1,SP100,1,1
HYOU1,STYX,1,1
CXCL16,ALG13,1,1
CXCL16,ARHGAP25,1,1
CXCL16,CELSR1,1,1
CXCL16,CHRNA6,1,1
CXCL16,CSGALNACT1,1,1
CXCL16,DOCK4,1,1
CXCL16,DPY19L1,1,1
CXCL16,ENAH,1,1
CXCL16,ERLIN2,1,1
CXCL16,ETV1,1,1
CXCL16,FAM198B,1,1
CXCL16,FKBP9P1,1,1
CXCL16,G6PD,1,1
CXCL16,GAS7,1,1
CXCL16,GLUD2,1,1
CXCL16,GNS,1,1
CXCL16,GPC3,1,1
CXCL16,GPC4,1,1
CXCL16,GRIK2,1,1
CXCL16,IGFBP3,1,1
CXCL16,IL1RAP,1,1
CXCL16,ITPRIPL2,1,1
CXCL16,KCNK5,1,1
CXCL16,LAMA4,1,1
CXCL16,LYPLAL1,1,1
CXCL16,MAFB,1,1
CXCL16,MMP15,1,1
CXCL16,MRAP2,1,1
CXCL16,MTUS1,1,1
CXCL16,NOMO3,1,1
CXCL16,P3H1,1,1
CXCL16,P3H2,1,1
CXCL16,PCOLCE2,1,1
CXCL16,PIEZO2,1,1
CXCL16,PLEKHS1,1,1
CXCL16,PMS2CL,1,1
CXCL16,PTGFRN,1,1
CXCL16,RAPGEF5,1,1
CXCL16,ROR1,1,1
CXCL16,SCG2,1,1
CXCL16,SDC2,1,1
CXCL16,SERPINE2,1,1
CXCL16,SHROOM1,1,1
CXCL16,SLC19A3,1,1
CXCL16,SLC1A1,1,1
CXCL16,SLC26A4,1,1
CXCL16,SOX5,1,1
CXCL16,SPRY4,1,1
CXCL16,TIMP1,1,1
CXCL16,TMEM67,1,1
CXCL16,TNFAIP6,1,1
CXCL16,TOR3A,1,1
CXCL16,TPGS2,1,1
CXCL16,TRIM47,1,1
CXCL16,TVP23B,1,1
CXCL16,WWTR1,1,1
CXCL16,XIAP,1,1
CXCL16,XPR1,1,1
CXCL16,ZNF595,1,1
SCRG1,ABCA8,1,1
SCRG1,AC004980.7,1,1
SCRG1,ADGRB1,1,1
SCRG1,AFAP1L2,1,1
SCRG1,AGMO,1,1
SCRG1,AKAP6,1,1
SCRG1,ALG13,1,1
SCRG1,ANGPTL1,1,1
SCRG1,ANKRD45,1,1
SCRG1,ARHGAP20,1,1
SCRG1,ARHGAP5,1,1
SCRG1,ARHGAP6,1,1
SCRG1,ART3,1,1
SCRG1,ASB4,1,1
SCRG1,ATP11C,1,1
SCRG1,ATP1B1,1,1
SCRG1,ATP9A,1,1
SCRG1,B3GALT1,1,1
SCRG1,B3GNT7,1,1
SCRG1,BST2,1,1
SCRG1,C1QTNF3,1,1
SCRG1,CADM4,1,1
SCRG1,CC2D1A,1,1
SCRG1,CDH12,1,1
SCRG1,CELSR1,1,1
SCRG1,CHPF,1,1
SCRG1,CHURC1-FNTB,1,1
SCRG1,COL11A2,1,1
SCRG1,COL9A2,1,1
SCRG1,COL9A3,1,1
SCRG1,COLGALT2,1,1
SCRG1,CSGALNACT1,1,1
SCRG1,CSMD1,1,1
SCRG1,CT45A1,1,1
SCRG1,CT45A10,1,1
SCRG1,CT45A3,1,1
SCRG1,CT45A5,1,1
SCRG1,CT45A6,1,1
SCRG1,CT45A8,1,1
SCRG1,CT45A9,1,1
SCRG1,CYB561,1,1
SCRG1,DDX43,1,1
SCRG1,DMRT2,1,1
SCRG1,DMRTA1,1,1
SCRG1,DNAJB6,1,1
SCRG1,DNAJC30,1,1
SCRG1,DOK1,1,1
SCRG1,DSCR8,1,1
SCRG1,EGFLAM,1,1
SCRG1,EIF1AXP1,1,1
SCRG1,EIF4H,1,1
SCRG1,EMILIN1,1,1
SCRG1,ENAH,1,1
SCRG1,EPHA3,1,1
SCRG1,EPHB3,1,1
SCRG1,ERLIN2,1,1
SCRG1,EYA2,1,1
SCRG1,FAM188B,1,1
SCRG1,FAM198B,1,1
SCRG1,FAM212B,1,1
SCRG1,FAM86B1,1,1
SCRG1,FOLH1,1,1
SCRG1,FOXF1,1,1
SCRG1,FREM2,1,1
SCRG1,GALNT5,1,1
SCRG1,GLUD2,1,1
SCRG1,GPC1,1,1
SCRG1,GPC3,1,1
SCRG1,GPC4,1,1
SCRG1,GRIK4,1,1
SCRG1,GUCY1B3,1,1
SCRG1,HS3ST3B1,1,1
SCRG1,IGFBP2,1,1
SCRG1,IGFBP3,1,1
SCRG1,IL13RA2,1,1
SCRG1,IL27RA,1,1
SCRG1,ILK,1,1
SCRG1,ITGA10,1,1
SCRG1,ITIH5,1,1
SCRG1,ITIH6,1,1
SCRG1,ITPRIPL2,1,1
SCRG1,JARID2,1,1
SCRG1,JKAMP,1,1
SCRG1,KCNC3,1,1
SCRG1,LAMA2,1,1
SCRG1,LAMA4,1,1
SCRG1,LAMC3,1,1
SCRG1,LONRF2,1,1
SCRG1,LRRC75A,1,1
SCRG1,LYPLAL1,1,1
SCRG1,MAFB,1,1
SCRG1,MATK,1,1
SCRG1,MEOX2,1,1
SCRG1,MGP,1,1
SCRG1,MICALL2,1,1
SCRG1,MMP15,1,1
SCRG1,MMP16,1,1
SCRG1,MRAP2,1,1
SCRG1,MRPS6,1,1
SCRG1,NDRG1,1,1
SCRG1,NDUFA8,1,1
SCRG1,NFIA,1,1
SCRG1,NKX2-5,1,1
SCRG1,NPAS1,1,1
SCRG1,NPHP1,1,1
SCRG1,NR0B1,1,1
SCRG1,NTN1,1,1
SCRG1,OLFML3,1,1
SCRG1,P3H1,1,1
SCRG1,P3H2,1,1
SCRG1,P3H4,1,1
SCRG1,PATZ1,1,1
SCRG1,PCDHA10,1,1
SCRG1,PCDHA11,1,1
SCRG1,PCDHB11,1,1
SCRG1,PCDHB17P,1,1
SCRG1,PCDHB2,1,1
SCRG1,PCDHB5,1,1
SCRG1,PCDHB6,1,1
SCRG1,PCDHB7,1,1
SCRG1,PCDHGA3,1,1
SCRG1,PCDHGA7,1,1
SCRG1,PCDHGB1,1,1
SCRG1,PDDC1,1,1
SCRG1,PLBD1,1,1
SCRG1,PLEKHS1,1,1
SCRG1,PMS2CL,1,1
SCRG1,POU3F3,1,1
SCRG1,PPIC,1,1
SCRG1,PPP2R2B,1,1
SCRG1,PRDX6,1,1
SCRG1,PRR4,1,1
SCRG1,PRRX1,1,1
SCRG1,PTGFRN,1,1
SCRG1,PTPRD,1,1
SCRG1,RAB7B,1,1
SCRG1,RBMS1,1,1
SCRG1,RCC1L,1,1
SCRG1,RP11-111F5.5,1,1
SCRG1,RP11-958N24.2,1,1
SCRG1,RPN1,1,1
SCRG1,S100A13,1,1
SCRG1,SBNO2,1,1
SCRG1,SCARA5,1,1
SCRG1,SDC2,1,1
SCRG1,SEL1L3,1,1
SCRG1,SERPINE2,1,1
SCRG1,SLC1A3,1,1
SCRG1,SLC26A4,1,1
SCRG1,SLC35E4,1,1
SCRG1,SLC39A4,1,1
SCRG1,SLC5A3,1,1
SCRG1,SMIM3,1,1
SCRG1,SNED1,1,1
SCRG1,SOX8,1,1
SCRG1,SPATS1,1,1
SCRG1,SPRY4,1,1
SCRG1,ST8SIA5,1,1
SCRG1,STK32B,1,1
SCRG1,SULF1,1,1
SCRG1,SYTL5,1,1
SCRG1,TBXAS1,1,1
SCRG1,TCN1,1,1
SCRG1,TDRD1,1,1
SCRG1,TENM1,1,1
SCRG1,TGFB3,1,1
SCRG1,TIGD1,1,1
SCRG1,TIMP1,1,1
SCRG1,TNFAIP6,1,1
SCRG1,TOR1AIP2,1,1
SCRG1,TOR3A,1,1
SCRG1,TPGS2,1,1
SCRG1,TRIM51CP,1,1
SCRG1,TRIM9,1,1
SCRG1,TRPM8,1,1
SCRG1,UROC1,1,1
SCRG1,WNK4,1,1
SCRG1,WWTR1,1,1
SCRG1,XIAP,1,1
SCRG1,XPR1,1,1
SCRG1,XYLT1,1,1
SCRG1,ZBTB45P2,1,1
SCRG1,ZNF536,1,1
SCRG1,ZNF595,1,1
GPC3,ABCA8,1,1
GPC3,ACTN2,1,1
GPC3,ADAM15,1,1
GPC3,ADGRB1,1,1
GPC3,AFAP1L2,1,1
GPC3,AGMO,1,1
GPC3,AKAP6,1,1
GPC3,ALG13,1,1
GPC3,ANKRD45,1,1
GPC3,APOO,1,1
GPC3,ARHGAP25,1,1
GPC3,ARHGAP6,1,1
GPC3,ART3,1,1
GPC3,ASB4,1,1
GPC3,ATP11C,1,1
GPC3,ATP1B1,1,1
GPC3,ATP9A,1,1
GPC3,B3GNT7,1,1
GPC3,C1QTNF3,1,1
GPC3,CC2D1A,1,1
GPC3,CELSR1,1,1
GPC3,CHPF,1,1
GPC3,CHRNA6,1,1
GPC3,CHURC1-FNTB,1,1
GPC3,COL11A2,1,1
GPC3,COL9A2,1,1
GPC3,COL9A3,1,1
GPC3,COLGALT2,1,1
GPC3,COPB2,1,1
GPC3,CRISPLD1,1,1
GPC3,CSGALNACT1,1,1
GPC3,CT45A1,1,1
GPC3,CT45A10,1,1
GPC3,CT45A3,1,1
GPC3,CT45A5,1,1
GPC3,CT45A6,1,1
GPC3,CT45A8,1,1
GPC3,CT45A9,1,1
GPC3,DMRTA1,1,1
GPC3,DOK1,1,1
GPC3,EGFLAM,1,1
GPC3,ENAH,1,1
GPC3,ENOX1,1,1
GPC3,EPHA3,1,1
GPC3,EPHB3,1,1
GPC3,ERLIN2,1,1
GPC3,EYA2,1,1
GPC3,FAM188B,1,1
GPC3,FAM198B,1,1
GPC3,FAM212B,1,1
GPC3,FAM86B1,1,1
GPC3,FGF13,1,1
GPC3,FKBP11,1,1
GPC3,FKBP9P1,1,1
GPC3,FREM2,1,1
GPC3,GALNT5,1,1
GPC3,GHR,1,1
GPC3,GLUD2,1,1
GPC3,GPC1,1,1
GPC3,GPC4,1,1
GPC3,GRIK2,1,1
GPC3,GRIK4,1,1
GPC3,HMCES,1,1
GPC3,HS3ST3B1,1,1
GPC3,IARS2,1,1
GPC3,ID4,1,1
GPC3,IGFBP2,1,1
GPC3,IGFBP3,1,1
GPC3,IL13RA2,1,1
GPC3,IL1RAP,1,1
GPC3,IL27RA,1,1
GPC3,INTS10,1,1
GPC3,ITIH5,1,1
GPC3,ITIH6,1,1
GPC3,ITPRIPL2,1,1
GPC3,JKAMP,1,1
GPC3,KCNC3,1,1
GPC3,KCNK5,1,1
GPC3,KIAA0040,1,1
GPC3,LAMA4,1,1
GPC3,LAMC3,1,1
GPC3,LRRC75A,1,1
GPC3,LYPLAL1,1,1
GPC3,MAFB,1,1
GPC3,MATK,1,1
GPC3,MEOX2,1,1
GPC3,MGP,1,1
GPC3,MMP15,1,1
GPC3,MRAP2,1,1
GPC3,MTUS1,1,1
GPC3,NKX2-5,1,1
GPC3,NOMO3,1,1
GPC3,NPAS1,1,1
GPC3,NSF,1,1
GPC3,NTN1,1,1
GPC3,OFD1,1,1
GPC3,P3H1,1,1
GPC3,P3H2,1,1
GPC3,PATZ1,1,1
GPC3,PCDHA10,1,1
GPC3,PCDHA11,1,1
GPC3,PCDHB17P,1,1
GPC3,PCDHB2,1,1
GPC3,PCDHB5,1,1
GPC3,PCDHB6,1,1
GPC3,PCOLCE2,1,1
GPC3,PDDC1,1,1
GPC3,PGM1,1,1
GPC3,PIEZO2,1,1
GPC3,PLBD1,1,1
GPC3,PLEKHS1,1,1
GPC3,PMS2CL,1,1
GPC3,POU3F3,1,1
GPC3,PPIC,1,1
GPC3,PRDX6,1,1
GPC3,PRPSAP2,1,1
GPC3,PTGFRN,1,1
GPC3,RAB7B,1,1
GPC3,RAPGEF5,1,1
GPC3,RBMS1,1,1
GPC3,RNF216,1,1
GPC3,ROR1,1,1
GPC3,RPN1,1,1
GPC3,SCARA5,1,1
GPC3,SDC2,1,1
GPC3,SEC14L1,1,1
GPC3,SERPINE2,1,1
GPC3,SEZ6L2,1,1
GPC3,SH3KBP1,1,1
GPC3,SLC19A3,1,1
GPC3,SLC26A4,1,1
GPC3,SMAP2,1,1
GPC3,SPARC,1,1
GPC3,SPATS1,1,1
GPC3,SPRY4,1,1
GPC3,SRPRB,1,1
GPC3,STK32B,1,1
GPC3,STON2,1,1
GPC3,TBC1D10B,1,1
GPC3,TCN1,1,1
GPC3,TDRD1,1,1
GPC3,TENM1,1,1
GPC3,TGFB3,1,1
GPC3,TIMP1,1,1
GPC3,TMEM67,1,1
GPC3,TNFAIP6,1,1
GPC3,TOR1AIP2,1,1
GPC3,TOR3A,1,1
GPC3,TPGS2,1,1
GPC3,TRIM47,1,1
GPC3,TRIM51CP,1,1
GPC3,TRIM9,1,1
GPC3,TRPM8,1,1
GPC3,TVP23B,1,1
GPC3,UNC80,1,1
GPC3,WNK4,1,1
GPC3,WWTR1,1,1
GPC3,XIAP,1,1
GPC3,XPR1,1,1
GPC3,ZNF595,1,1
PGM1,ACTN2,1,1
PGM1,ADAM15,1,1
PGM1,ADAMTS9,1,1
PGM1,ADCY1,1,1
PGM1,APOO,1,1
PGM1,ARHGAP25,1,1
PGM1,ASB9,1,1
PGM1,ATP1B3,1,1
PGM1,BCAP31,1,1
PGM1,CCSAP,1,1
PGM1,CENPL,1,1
PGM1,CHST6,1,1
PGM1,CLCC1,1,1
PGM1,CMB9-22P13.1,1,1
PGM1,CMTM8,1,1
PGM1,COL19A1,1,1
PGM1,COLGALT1,1,1
PGM1,COPB2,1,1
PGM1,CRISPLD1,1,1
PGM1,DARS2,1,1
PGM1,DNAJB12,1,1
PGM1,DPY19L1,1,1
PGM1,EIF3I,1,1
PGM1,ENOX1,1,1
PGM1,EPDR1,1,1
PGM1,ERLEC1,1,1
PGM1,ETV1,1,1
PGM1,FAM188B,1,1
PGM1,FAM198B,1,1
PGM1,FCGR2A,1,1
PGM1,FGF13,1,1
PGM1,FKBP11,1,1
PGM1,FKBP9P1,1,1
PGM1,GAD1,1,1
PGM1,GALNT2,1,1
PGM1,GHR,1,1
PGM1,GPC4,1,1
PGM1,GPD2,1,1
PGM1,HMCES,1,1
PGM1,HMCN1,1,1
PGM1,IARS2,1,1
PGM1,ICAM1,1,1
PGM1,ID4,1,1
PGM1,IL1RAP,1,1
PGM1,INTS10,1,1
PGM1,ITGB5,1,1
PGM1,KCNK5,1,1
PGM1,KIAA1191,1,1
PGM1,KRBA1,1,1
PGM1,LIN28B,1,1
PGM1,MAN1A2,1,1
PGM1,MBD4,1,1
PGM1,MBTPS2,1,1
PGM1,MEGF10,1,1
PGM1,METTL14,1,1
PGM1,MRAP2,1,1
PGM1,MRPL57,1,1
PGM1,MTUS1,1,1
PGM1,MYH14,1,1
PGM1,N4BP2L2,1,1
PGM1,NAPG,1,1
PGM1,NDUFAF2,1,1
PGM1,NOMO1,1,1
PGM1,NOMO3,1,1
PGM1,NPAS1,1,1
PGM1,NSF,1,1
PGM1,PAQR7,1,1
PGM1,PCOLCE2,1,1
PGM1,PDGFRL,1,1
PGM1,PGRMC1,1,1
PGM1,PI15,1,1
PGM1,PIEZO2,1,1
PGM1,PLPP3,1,1
PGM1,PNMA2,1,1
PGM1,PPIA,1,1
PGM1,PRDX6,1,1
PGM1,PSPH,1,1
PGM1,PTGFRN,1,1
PGM1,RAD17,1,1
PGM1,RCN2,1,1
PGM1,RNF216,1,1
PGM1,ROR1,1,1
PGM1,RPTOR,1,1
PGM1,SCG2,1,1
PGM1,SECISBP2,1,1
PGM1,SEMA3D,1,1
PGM1,SHROOM1,1,1
PGM1,SLC19A3,1,1
PGM1,SLC1A1,1,1
PGM1,SLC26A2,1,1
PGM1,SLC26A4,1,1
PGM1,SLC44A1,1,1
PGM1,SMAP2,1,1
PGM1,STON2,1,1
PGM1,SUN2,1,1
PGM1,TBCC,1,1
PGM1,TBRG4,1,1
PGM1,TIPRL,1,1
PGM1,TMEM5,1,1
PGM1,TMEM62,1,1
PGM1,TMEM67,1,1
PGM1,TPGS2,1,1
PGM1,TVP23B,1,1
PGM1,UBASH3B,1,1
PGM1,UNC80,1,1
PGM1,XPR1,1,1
PGM1,ZBTB33,1,1
PGM1,ZDHHC3,1,1
G6PD,ARHGAP25,1,1
G6PD,CELSR1,1,1
G6PD,CHRNA6,1,1
G6PD,CSGALNACT1,1,1
G6PD,GLUD2,1,1
G6PD,IL1RAP,1,1
G6PD,KIAA0040,1,1
G6PD,LAMA4,1,1
G6PD,P3H2,1,1
G6PD,SLC19A3,1,1
G6PD,SLC1A1,1,1
G6PD,SPRY4,1,1
G6PD,TIMP1,1,1
G6PD,TNFAIP6,1,1
G6PD,TRIM51CP,1,1
BCAP31,ACTN2,1,1
BCAP31,ARHGAP25,1,1
BCAP31,ART3,1,1
BCAP31,CEP170B,1,1
BCAP31,DNAAF5,1,1
BCAP31,DOK1,1,1
BCAP31,DUS3L,1,1
BCAP31,EPHA3,1,1
BCAP31,FAM188B,1,1
BCAP31,FAM198B,1,1
BCAP31,FGF13,1,1
BCAP31,GPD2,1,1
BCAP31,HES1,1,1
BCAP31,HOXD13,1,1
BCAP31,IL1RAP,1,1
BCAP31,KCNK5,1,1
BCAP31,LIN28B,1,1
BCAP31,MAGT1,1,1
BCAP31,MATK,1,1
BCAP31,MRAP2,1,1
BCAP31,MRPL32,1,1
BCAP31,NDUFAF2,1,1
BCAP31,NOC2LP1,1,1
BCAP31,NOMO3,1,1
BCAP31,NPAS1,1,1
BCAP31,PRDX6,1,1
BCAP31,ROR1,1,1
BCAP31,RPN1,1,1
BCAP31,SH3KBP1,1,1
BCAP31,SH3TC1,1,1
BCAP31,SLC26A4,1,1
BCAP31,SNAPC2,1,1
BCAP31,SRPRB,1,1
BCAP31,STON2,1,1
BCAP31,TOR1AIP2,1,1
BCAP31,TOR3A,1,1
BCAP31,TPM3P9,1,1
BCAP31,UNC80,1,1
BCAP31,XPR1,1,1
BCAP31,ZXDC,1,1
GTF2H2C_2,ACLY,1,1
GTF2H2C_2,CLIP1,1,1
GTF2H2C_2,L3HYPDH,1,1
GTF2H2C_2,MECP2,1,1
GTF2H2C_2,OCIAD1,1,1
GTF2H2C_2,WDR11,1,1
CHRNA6,ACVR1,1,1
CHRNA6,ARHGAP25,1,1
CHRNA6,CEP170B,1,1
CHRNA6,COL19A1,1,1
CHRNA6,CSGALNACT1,1,1
CHRNA6,DOCK4,1,1
CHRNA6,DPY19L1,1,1
CHRNA6,EDEM1,1,1
CHRNA6,EPDR1,1,1
CHRNA6,ERLEC1,1,1
CHRNA6,FAM198B,1,1
CHRNA6,FGF13,1,1
CHRNA6,GPD2,1,1
CHRNA6,HOXD13,1,1
CHRNA6,ICAM1,1,1
CHRNA6,IL1RAP,1,1
CHRNA6,KCNC4,1,1
CHRNA6,KCNK5,1,1
CHRNA6,KIAA0040,1,1
CHRNA6,LIN28B,1,1
CHRNA6,MAML2,1,1
CHRNA6,MAN1A2,1,1
CHRNA6,MRAP2,1,1
CHRNA6,MTUS1,1,1
CHRNA6,NOMO3,1,1
CHRNA6,NPAS1,1,1
CHRNA6,NSF,1,1
CHRNA6,P3H2,1,1
CHRNA6,PCOLCE2,1,1
CHRNA6,PLPP3,1,1
CHRNA6,RNF128,1,1
CHRNA6,ROR1,1,1
CHRNA6,RPN1,1,1
CHRNA6,SCG2,1,1
CHRNA6,SEC61A1,1,1
CHRNA6,SEMA3D,1,1
CHRNA6,SH3KBP1,1,1
CHRNA6,SLC19A3,1,1
CHRNA6,SLC1A1,1,1
CHRNA6,SLC26A4,1,1
CHRNA6,SOX5,1,1
CHRNA6,SPRY4,1,1
CHRNA6,SRPRB,1,1
CHRNA6,STIM2,1,1
CHRNA6,STON2,1,1
CHRNA6,SWAP70,1,1
CHRNA6,TIMP1,1,1
CHRNA6,TMEM45A,1,1
CHRNA6,TMEM87B,1,1
CHRNA6,TOR3A,1,1
CHRNA6,TRIM47,1,1
CHRNA6,TRIM51,1,1
CHRNA6,TRIM51CP,1,1
CHRNA6,TVP23B,1,1
CHRNA6,UNC80,1,1
CHRNA6,XIAP,1,1
CHRNA6,XPR1,1,1
CHRNA6,ZNF654,1,1
NBEAL1,ATF6B,1,1
NBEAL1,HERC4,1,1
NBEAL1,PINX1,1,1
NBEAL1,RPL12,1,1
NBEAL1,RPL17,1,1
NBEAL1,RPL23,1,1
NBEAL1,SSFA2,1,1
NUBP2,UTRN,1,1
TYW1,C1ORF131,1,1
TYW1,NRSN2,1,1
TYW1,PRR4,1,1
TYW1,ZBTB45P2,1,1
TYW1,ZNF28,1,1
TSR3,ABCA8,1,1
TSR3,AFAP1L2,1,1
TSR3,AKAP6,1,1
TSR3,ANKH,1,1
TSR3,ANKRD45,1,1
TSR3,ATP1B1,1,1
TSR3,B3GNT7,1,1
TSR3,CCDC113,1,1
TSR3,CDH12,1,1
TSR3,CGREF1,1,1
TSR3,CHURC1-FNTB,1,1
TSR3,COL9A2,1,1
TSR3,CT45A1,1,1
TSR3,CT45A6,1,1
TSR3,CT45A8,1,1
TSR3,CT45A9,1,1
TSR3,DMRTA1,1,1
TSR3,EIF4H,1,1
TSR3,EYA2,1,1
TSR3,FAM86B1,1,1
TSR3,FOLH1,1,1
TSR3,GABRG3,1,1
TSR3,GALNT5,1,1
TSR3,GRIK4,1,1
TSR3,IGFBP2,1,1
TSR3,ITIH6,1,1
TSR3,LAMA2,1,1
TSR3,MAMDC2,1,1
TSR3,MGP,1,1
TSR3,MICALL2,1,1
TSR3,MRPS6,1,1
TSR3,P3H4,1,1
TSR3,PATZ1,1,1
TSR3,PCDHA10,1,1
TSR3,PCDHA7,1,1
TSR3,PCDHB11,1,1
TSR3,PCDHB17P,1,1
TSR3,PCDHB5,1,1
TSR3,PCDHB6,1,1
TSR3,PCDHB7,1,1
TSR3,PLBD1,1,1
TSR3,PLEKHS1,1,1
TSR3,PPP2R2B,1,1
TSR3,PTPRD,1,1
TSR3,RANBP17,1,1
TSR3,RPS6KA3,1,1
TSR3,SCARA5,1,1
TSR3,SEL1L3,1,1
TSR3,SLC9A7,1,1
TSR3,SRPX2,1,1
TSR3,SULF1,1,1
TSR3,TENM1,1,1
TSR3,TIGD1,1,1
TSR3,TYW1B,1,1
TSR3,BP-21264C1.1,1,1
KANSL2,CHURC1-FNTB,1,1
KANSL2,EIF4H,1,1
KANSL2,ILK,1,1
KANSL2,JARID2,1,1
KANSL2,NKX2-5,1,1
KANSL2,NRSN2,1,1
KANSL2,PCED1A,1,1
KANSL2,POU3F3,1,1
KANSL2,RCC1L,1,1
KANSL2,ZBTB45P2,1,1
KANSL2,ZNF721,1,1
C19ORF60,TSPAN33,1,1
POFUT1,ATG101,1,1
POFUT1,ATP13A3,1,1
POFUT1,CNBP,1,1
POFUT1,DDX56,1,1
POFUT1,DNAAF5,1,1
POFUT1,DUS3L,1,1
POFUT1,EDEM1,1,1
POFUT1,EFTUD2,1,1
POFUT1,HOXD13,1,1
POFUT1,JRK,1,1
POFUT1,KDELC2,1,1
POFUT1,LSG1,1,1
POFUT1,MMADHC,1,1
POFUT1,NMD3,1,1
POFUT1,NOC2LP1,1,1
POFUT1,PSME3,1,1
POFUT1,RAP1B,1,1
POFUT1,RCL1,1,1
POFUT1,RPAP3,1,1
POFUT1,RRP15,1,1
POFUT1,SEC61A1,1,1
POFUT1,SH3KBP1,1,1
POFUT1,SNAPC2,1,1
POFUT1,STK16,1,1
POFUT1,U2SURP,1,1
POFUT1,ZNF275,1,1
MAOB,AARS2,1,1
MAOB,ABCA8,1,1
MAOB,ADAM15,1,1
MAOB,ANKRD19P,1,1
MAOB,ANKRD45,1,1
MAOB,ARHGAP20,1,1
MAOB,ATOH8,1,1
MAOB,B9D1,1,1
MAOB,BAALC,1,1
MAOB,BFSP1,1,1
MAOB,BMP6,1,1
MAOB,C8ORF48,1,1
MAOB,CC2D1A,1,1
MAOB,CCDC78,1,1
MAOB,CHPF,1,1
MAOB,CHST6,1,1
MAOB,CMB9-22P13.1,1,1
MAOB,COL9A3,1,1
MAOB,COPB2,1,1
MAOB,COQ3,1,1
MAOB,COQ6,1,1
MAOB,CRISPLD1,1,1
MAOB,CSMD1,1,1
MAOB,DSCR8,1,1
MAOB,ENOX1,1,1
MAOB,EYA2,1,1
MAOB,FABP7,1,1
MAOB,FAM134B,1,1
MAOB,FBF1,1,1
MAOB,FKBP11,1,1
MAOB,FOLH1,1,1
MAOB,FYB,1,1
MAOB,GHR,1,1
MAOB,GPC4,1,1
MAOB,GRIK2,1,1
MAOB,HEY2,1,1
MAOB,HMCES,1,1
MAOB,IFI16,1,1
MAOB,IGFBP2,1,1
MAOB,ITGAX,1,1
MAOB,ITIH5,1,1
MAOB,ITIH6,1,1
MAOB,LAMC3,1,1
MAOB,LRP2,1,1
MAOB,LYPLAL1,1,1
MAOB,MAFB,1,1
MAOB,MAMDC2,1,1
MAOB,MAPRE3,1,1
MAOB,MGP,1,1
MAOB,NTN1,1,1
MAOB,OAZ1,1,1
MAOB,OLFM2,1,1
MAOB,OPHN1,1,1
MAOB,P3H1,1,1
MAOB,PCCB,1,1
MAOB,PCDHB6,1,1
MAOB,PDDC1,1,1
MAOB,PIEZO2,1,1
MAOB,PITPNC1,1,1
MAOB,PLBD1,1,1
MAOB,PLEKHS1,1,1
MAOB,PODXL2,1,1
MAOB,PPIC,1,1
MAOB,PPP1R13B,1,1
MAOB,PPP2R2B,1,1
MAOB,PTGFRN,1,1
MAOB,RAB23,1,1
MAOB,RAPGEF5,1,1
MAOB,RNASE1,1,1
MAOB,RP11-111F5.5,1,1
MAOB,SDC2,1,1
MAOB,SDK2,1,1
MAOB,SDSL,1,1
MAOB,SERPINA3,1,1
MAOB,SEZ6L2,1,1
MAOB,SOD3,1,1
MAOB,SPARC,1,1
MAOB,SPATS1,1,1
MAOB,STAT3,1,1
MAOB,SULF1,1,1
MAOB,TBC1D8,1,1
MAOB,TRPM3,1,1
MAOB,TRPM8,1,1
MAOB,UROC1,1,1
MAOB,ZNF595,1,1
DNAJB11,ADAM17,1,1
DNAJB11,AGO2,1,1
DNAJB11,C17ORF96,1,1
DNAJB11,C4ORF32,1,1
DNAJB11,ERP44,1,1
DNAJB11,FGFRL1,1,1
DNAJB11,ITPR3,1,1
DNAJB11,KAT8,1,1
DNAJB11,KIAA1328,1,1
DNAJB11,L3HYPDH,1,1
DNAJB11,LIMS1,1,1
DNAJB11,MIPOL1,1,1
DNAJB11,OCIAD1,1,1
DNAJB11,PELI1,1,1
DNAJB11,PURB,1,1
DNAJB11,SERINC3,1,1
DNAJB11,SP100,1,1
DNAJB11,ZFX,1,1
AC004980.7,ADGRB1,1,1
AC004980.7,AFAP1L2,1,1
AC004980.7,AGMO,1,1
AC004980.7,ALG13,1,1
AC004980.7,ANGPTL1,1,1
AC004980.7,ARHGAP5,1,1
AC004980.7,ARHGAP6,1,1
AC004980.7,ART3,1,1
AC004980.7,ATP9A,1,1
AC004980.7,ATXN1,1,1
AC004980.7,C1QTNF3,1,1
AC004980.7,CELSR1,1,1
AC004980.7,COL9A2,1,1
AC004980.7,COLGALT2,1,1
AC004980.7,CSGALNACT1,1,1
AC004980.7,CT45A10,1,1
AC004980.7,CT45A3,1,1
AC004980.7,CT45A5,1,1
AC004980.7,CT45A8,1,1
AC004980.7,CT45A9,1,1
AC004980.7,CYB561,1,1
AC004980.7,DLX2,1,1
AC004980.7,DMRT2,1,1
AC004980.7,DMRTA1,1,1
AC004980.7,DOK1,1,1
AC004980.7,DUSP2,1,1
AC004980.7,EBF3,1,1
AC004980.7,EGFLAM,1,1
AC004980.7,EPHA3,1,1
AC004980.7,EPHB3,1,1
AC004980.7,FAM212B,1,1
AC004980.7,FAM86B1,1,1
AC004980.7,FOXF1,1,1
AC004980.7,FREM2,1,1
AC004980.7,GALNT5,1,1
AC004980.7,GLI2,1,1
AC004980.7,GLUD2,1,1
AC004980.7,GPC1,1,1
AC004980.7,GRIK4,1,1
AC004980.7,IGFBP3,1,1
AC004980.7,IL13RA2,1,1
AC004980.7,IL27RA,1,1
AC004980.7,ITPRIPL2,1,1
AC004980.7,JARID2,1,1
AC004980.7,JKAMP,1,1
AC004980.7,KCNC3,1,1
AC004980.7,KDM5C,1,1
AC004980.7,KIAA0040,1,1
AC004980.7,KIAA1671,1,1
AC004980.7,LAMA4,1,1
AC004980.7,LONRF2,1,1
AC004980.7,MGLL,1,1
AC004980.7,MICALL2,1,1
AC004980.7,MMP16,1,1
AC004980.7,MRPS6,1,1
AC004980.7,NDRG1,1,1
AC004980.7,NKX2-5,1,1
AC004980.7,NR0B1,1,1
AC004980.7,OLFML3,1,1
AC004980.7,P3H2,1,1
AC004980.7,PCDHA10,1,1
AC004980.7,PCDHA11,1,1
AC004980.7,PCDHA7,1,1
AC004980.7,PCDHB17P,1,1
AC004980.7,PCDHB2,1,1
AC004980.7,PCDHGA3,1,1
AC004980.7,PCDHGA7,1,1
AC004980.7,PCDHGB1,1,1
AC004980.7,POU3F3,1,1
AC004980.7,PRR4,1,1
AC004980.7,PRRX1,1,1
AC004980.7,PTPRD,1,1
AC004980.7,RAB36,1,1
AC004980.7,RAB7B,1,1
AC004980.7,RBMS1,1,1
AC004980.7,RNF128,1,1
AC004980.7,RPN1,1,1
AC004980.7,S100A13,1,1
AC004980.7,SCARA5,1,1
AC004980.7,SERPINE2,1,1
AC004980.7,SERTAD4,1,1
AC004980.7,SLC35E4,1,1
AC004980.7,SLC43A2,1,1
AC004980.7,SLC5A3,1,1
AC004980.7,SNED1,1,1
AC004980.7,SOX8,1,1
AC004980.7,SPRY4,1,1
AC004980.7,ST8SIA5,1,1
AC004980.7,STK32B,1,1
AC004980.7,SYTL5,1,1
AC004980.7,TBL2,1,1
AC004980.7,TBXAS1,1,1
AC004980.7,TCN1,1,1
AC004980.7,TDRD1,1,1
AC004980.7,TENM1,1,1
AC004980.7,TIMP1,1,1
AC004980.7,TMEM2,1,1
AC004980.7,TNFAIP6,1,1
AC004980.7,TRAF4,1,1
AC004980.7,TRIM51CP,1,1
AC004980.7,TRIM9,1,1
AC004980.7,XIAP,1,1
AC004980.7,XYLT1,1,1
AC004980.7,ZBTB45P2,1,1
AC004980.7,ZNF860,1,1
AGO2,AMOTL1,1,1
AGO2,C16ORF72,1,1
AGO2,C4ORF32,1,1
AGO2,DARS,1,1
AGO2,ITPR3,1,1
AGO2,LIMS1,1,1
AGO2,PURB,1,1
AGO2,RND3,1,1
AGO2,TDG,1,1
AGO2,TXLNG,1,1
AGO2,UBA5,1,1
AGO2,ZFX,1,1
BAZ1B,ICK,1,1
BAZ1B,SBDS,1,1
SDE2,ADAM17,1,1
SDE2,ATP13A3,1,1
SDE2,ATR,1,1
SDE2,BCL9,1,1
SDE2,ITGA4,1,1
SDE2,ITPR3,1,1
SDE2,LSG1,1,1
SDE2,MAGEA2,1,1
SDE2,MED14,1,1
SDE2,NMD3,1,1
SDE2,PELI1,1,1
SDE2,SLC7A6OS,1,1
SDE2,STYX,1,1
FOXP2,ACAD11,1,1
FOXP2,ATP9A,1,1
FOXP2,B3GALT1,1,1
FOXP2,B3GNT7,1,1
FOXP2,BST2,1,1
FOXP2,C12ORF60,1,1
FOXP2,C1ORF115,1,1
FOXP2,CACNA1H,1,1
FOXP2,CADM4,1,1
FOXP2,CALCOCO2,1,1
FOXP2,CCM2,1,1
FOXP2,CDC42EP3,1,1
FOXP2,CYB561,1,1
FOXP2,DDX43,1,1
FOXP2,DEPDC7,1,1
FOXP2,DNAJB6,1,1
FOXP2,DNAJC30,1,1
FOXP2,EMILIN1,1,1
FOXP2,FUNDC1,1,1
FOXP2,GPC1,1,1
FOXP2,GPR37,1,1
FOXP2,GUCY1B3,1,1
FOXP2,INSR,1,1
FOXP2,ITGA10,1,1
FOXP2,LGMN,1,1
FOXP2,MAP2,1,1
FOXP2,MORN2,1,1
FOXP2,NAP1L5,1,1
FOXP2,NDUFA8,1,1
FOXP2,NFIA,1,1
FOXP2,NPHP1,1,1
FOXP2,NR0B1,1,1
FOXP2,RORA,1,1
FOXP2,RP11-958N24.2,1,1
FOXP2,S100A13,1,1
FOXP2,SBNO2,1,1
FOXP2,SLC39A4,1,1
FOXP2,SMIM3,1,1
FOXP2,TIMM10B,1,1
SDK2,ABCA8,1,1
SDK2,ACAD11,1,1
SDK2,AKAP6,1,1
SDK2,ANKRD45,1,1
SDK2,ARHGAP20,1,1
SDK2,ATOH8,1,1
SDK2,B3GALT1,1,1
SDK2,B3GNT7,1,1
SDK2,BAALC,1,1
SDK2,BFSP1,1,1
SDK2,BMP6,1,1
SDK2,BST2,1,1
SDK2,C12ORF60,1,1
SDK2,C8ORF48,1,1
SDK2,CCDC113,1,1
SDK2,CCDC78,1,1
SDK2,CDH12,1,1
SDK2,CGREF1,1,1
SDK2,CHPF,1,1
SDK2,COQ3,1,1
SDK2,COQ6,1,1
SDK2,CSMD1,1,1
SDK2,CT45A6,1,1
SDK2,DEPDC7,1,1
SDK2,DSCR8,1,1
SDK2,EGFL7,1,1
SDK2,EYA2,1,1
SDK2,FAM134B,1,1
SDK2,FBF1,1,1
SDK2,FDXR,1,1
SDK2,FOLH1,1,1
SDK2,GABRG3,1,1
SDK2,GUCY1B3,1,1
SDK2,IGFBP2,1,1
SDK2,ITGAX,1,1
SDK2,ITIH5,1,1
SDK2,ITIH6,1,1
SDK2,JUNB,1,1
SDK2,LAMA2,1,1
SDK2,LRP2,1,1
SDK2,MAFB,1,1
SDK2,MAMDC2,1,1
SDK2,MAPRE3,1,1
SDK2,MDH2,1,1
SDK2,MDM2,1,1
SDK2,MGP,1,1
SDK2,NTN1,1,1
SDK2,OLFM2,1,1
SDK2,OPHN1,1,1
SDK2,P3H4,1,1
SDK2,PCDHB11,1,1
SDK2,PCDHB5,1,1
SDK2,PCDHB6,1,1
SDK2,PEX5L,1,1
SDK2,PITPNC1,1,1
SDK2,PLBD1,1,1
SDK2,PLEKHS1,1,1
SDK2,PNPLA4,1,1
SDK2,PPIC,1,1
SDK2,PPP2R2B,1,1
SDK2,PRKCD,1,1
SDK2,PYROXD2,1,1
SDK2,RNASE1,1,1
SDK2,RP11-111F5.5,1,1
SDK2,RP11-43F13.1,1,1
SDK2,SDC2,1,1
SDK2,SEL1L3,1,1
SDK2,SERPINA3,1,1
SDK2,SEZ6L2,1,1
SDK2,SLC40A1,1,1
SDK2,SLC5A4,1,1
SDK2,SMIM3,1,1
SDK2,SOCS2,1,1
SDK2,SOD3,1,1
SDK2,SPAG4,1,1
SDK2,STAT3,1,1
SDK2,SULF1,1,1
SDK2,TACO1,1,1
SDK2,TARS2,1,1
SDK2,TRPM8,1,1
SDK2,UROC1,1,1
SDK2,WBSCR27,1,1
UBASH3B,ASB9,1,1
UBASH3B,ATR,1,1
UBASH3B,CENPL,1,1
UBASH3B,CEP170B,1,1
UBASH3B,COL19A1,1,1
UBASH3B,COX18,1,1
UBASH3B,DARS2,1,1
UBASH3B,DDX56,1,1
UBASH3B,DUS3L,1,1
UBASH3B,ECE2,1,1
UBASH3B,EPDR1,1,1
UBASH3B,ERLEC1,1,1
UBASH3B,FAM3C,1,1
UBASH3B,FGF13,1,1
UBASH3B,FUCA2,1,1
UBASH3B,GPD2,1,1
UBASH3B,GULP1,1,1
UBASH3B,HOXD13,1,1
UBASH3B,ICAM1,1,1
UBASH3B,IPO8,1,1
UBASH3B,KCNK5,1,1
UBASH3B,KIAA1191,1,1
UBASH3B,LIN28B,1,1
UBASH3B,MAGT1,1,1
UBASH3B,MEGF10,1,1
UBASH3B,NDUFAF2,1,1
UBASH3B,NOA1,1,1
UBASH3B,NOC2LP1,1,1
UBASH3B,PAQR7,1,1
UBASH3B,PHB,1,1
UBASH3B,PLPP3,1,1
UBASH3B,RCN2,1,1
UBASH3B,SEMA3D,1,1
UBASH3B,SNAPC2,1,1
UBASH3B,STON2,1,1
UBASH3B,TMEM45A,1,1
UBASH3B,TPM3P9,1,1
UBASH3B,UBE3C,1,1
UBASH3B,ZDHHC3,1,1
UBASH3B,ZNF593,1,1
TIMM22,GRPEL1,1,1
SULF1,ABCA8,1,1
SULF1,ADGRB1,1,1
SULF1,AFAP1L2,1,1
SULF1,AGMO,1,1
SULF1,AKAP6,1,1
SULF1,ANKRD45,1,1
SULF1,ARHGAP20,1,1
SULF1,ARHGAP6,1,1
SULF1,ASB4,1,1
SULF1,ATOH8,1,1
SULF1,ATP1B1,1,1
SULF1,ATP9A,1,1
SULF1,B3GALT1,1,1
SULF1,B3GNT7,1,1
SULF1,BFSP1,1,1
SULF1,BMP6,1,1
SULF1,BST2,1,1
SULF1,C12ORF60,1,1
SULF1,CADM4,1,1
SULF1,CCDC113,1,1
SULF1,CCDC78,1,1
SULF1,CDH12,1,1
SULF1,CGREF1,1,1
SULF1,CHPF,1,1
SULF1,CHURC1-FNTB,1,1
SULF1,COL9A2,1,1
SULF1,COL9A3,1,1
SULF1,CSMD1,1,1
SULF1,CT45A1,1,1
SULF1,CT45A10,1,1
SULF1,CT45A6,1,1
SULF1,CT45A8,1,1
SULF1,CT45A9,1,1
SULF1,DDX43,1,1
SULF1,DMRTA1,1,1
SULF1,DNAJB6,1,1
SULF1,DNAJC30,1,1
SULF1,DSCR8,1,1
SULF1,EGFLAM,1,1
SULF1,EIF1AXP1,1,1
SULF1,EIF4H,1,1
SULF1,EMILIN1,1,1
SULF1,EYA2,1,1
SULF1,FAM86B1,1,1
SULF1,FOLH1,1,1
SULF1,GABRG3,1,1
SULF1,GALNT5,1,1
SULF1,GPC1,1,1
SULF1,GRIK4,1,1
SULF1,GUCY1B3,1,1
SULF1,HS3ST3B1,1,1
SULF1,IGFBP2,1,1
SULF1,IL13RA2,1,1
SULF1,ITGA10,1,1
SULF1,ITGAX,1,1
SULF1,ITIH5,1,1
SULF1,ITIH6,1,1
SULF1,ITPRIPL2,1,1
SULF1,JARID2,1,1
SULF1,JUNB,1,1
SULF1,LAMA2,1,1
SULF1,LRP2,1,1
SULF1,MAFB,1,1
SULF1,MAMDC2,1,1
SULF1,MAPRE3,1,1
SULF1,MDM2,1,1
SULF1,MEOX2,1,1
SULF1,MGP,1,1
SULF1,MICALL2,1,1
SULF1,MRPS6,1,1
SULF1,NPHP1,1,1
SULF1,NTN1,1,1
SULF1,OPHN1,1,1
SULF1,P3H1,1,1
SULF1,P3H2,1,1
SULF1,P3H4,1,1
SULF1,PATZ1,1,1
SULF1,PCDHA10,1,1
SULF1,PCDHB11,1,1
SULF1,PCDHB17P,1,1
SULF1,PCDHB5,1,1
SULF1,PCDHB6,1,1
SULF1,PCDHB7,1,1
SULF1,PDDC1,1,1
SULF1,PITPNC1,1,1
SULF1,PLBD1,1,1
SULF1,PLEKHS1,1,1
SULF1,POU3F3,1,1
SULF1,PPIC,1,1
SULF1,PPP2R2B,1,1
SULF1,PTPRD,1,1
SULF1,RAPGEF5,1,1
SULF1,RNASE1,1,1
SULF1,RP11-111F5.5,1,1
SULF1,SBNO2,1,1
SULF1,SCARA5,1,1
SULF1,SDC2,1,1
SULF1,SEL1L3,1,1
SULF1,SERPINA3,1,1
SULF1,SERPINE2,1,1
SULF1,SLC39A4,1,1
SULF1,SMIM3,1,1
SULF1,SOCS2,1,1
SULF1,SOD3,1,1
SULF1,STAT3,1,1
SULF1,TENM1,1,1
SULF1,TGFB3,1,1
SULF1,TRIM9,1,1
SULF1,TRPM8,1,1
SULF1,UROC1,1,1
SULF1,USP9X,1,1
SULF1,WNK4,1,1
SULF1,WWTR1,1,1
SULF1,ZNF595,1,1
SULF1,BP-21264C1.1,1,1
YTHDC2,RABL6,1,1
YTHDC2,SEC11A,1,1
TRIM47,ALG13,1,1
TRIM47,ARHGAP25,1,1
TRIM47,ARHGAP5,1,1
TRIM47,ART3,1,1
TRIM47,ATP11C,1,1
TRIM47,ATP9A,1,1
TRIM47,C1QTNF3,1,1
TRIM47,CSGALNACT1,1,1
TRIM47,ENAH,1,1
TRIM47,EPHA3,1,1
TRIM47,EPHB3,1,1
TRIM47,ERLIN2,1,1
TRIM47,FAM212B,1,1
TRIM47,FKBP9P1,1,1
TRIM47,FLRT2,1,1
TRIM47,FZD1,1,1
TRIM47,GLUD2,1,1
TRIM47,GNS,1,1
TRIM47,IARS2,1,1
TRIM47,IGFBP3,1,1
TRIM47,IL1RAP,1,1
TRIM47,IL27RA,1,1
TRIM47,ITPRIPL2,1,1
TRIM47,JKAMP,1,1
TRIM47,KCNC3,1,1
TRIM47,KCNK5,1,1
TRIM47,KIAA0040,1,1
TRIM47,LAMA4,1,1
TRIM47,MPZL1,1,1
TRIM47,MRAP2,1,1
TRIM47,MTUS1,1,1
TRIM47,NPAS1,1,1
TRIM47,NSF,1,1
TRIM47,P3H2,1,1
TRIM47,PCDHA11,1,1
TRIM47,PCDHGA7,1,1
TRIM47,PTGFRN,1,1
TRIM47,RAB7B,1,1
TRIM47,ROR1,1,1
TRIM47,RPN1,1,1
TRIM47,SERPINE2,1,1
TRIM47,SH3TC1,1,1
TRIM47,SLC26A4,1,1
TRIM47,SLC5A3,1,1
TRIM47,SOX5,1,1
TRIM47,SPRY4,1,1
TRIM47,SRPRB,1,1
TRIM47,STK32B,1,1
TRIM47,SYTL5,1,1
TRIM47,TCN1,1,1
TRIM47,TIMP1,1,1
TRIM47,TNFAIP6,1,1
TRIM47,TOR3A,1,1
TRIM47,TRIM51CP,1,1
TRIM47,XIAP,1,1
TRIM47,XPR1,1,1
TRIM47,ZBTB33,1,1
TRIM47,ZNF654,1,1
PMP2,ADAMTS9,1,1
PMP2,ASB9,1,1
PMP2,ATAT1,1,1
PMP2,ATP1B3,1,1
PMP2,ATXN3,1,1
PMP2,BX004987.1,1,1
PMP2,CCSAP,1,1
PMP2,CENPL,1,1
PMP2,CEP85L,1,1
PMP2,CHL1,1,1
PMP2,CMBL,1,1
PMP2,CMTM8,1,1
PMP2,CNKSR3,1,1
PMP2,COL19A1,1,1
PMP2,COLGALT1,1,1
PMP2,DARS2,1,1
PMP2,DOCK10,1,1
PMP2,ECE2,1,1
PMP2,EDEM2,1,1
PMP2,EN2,1,1
PMP2,EPDR1,1,1
PMP2,FCGR2A,1,1
PMP2,FUCA2,1,1
PMP2,GALNT2,1,1
PMP2,GATA4,1,1
PMP2,ICAM1,1,1
PMP2,ITGB3,1,1
PMP2,KDM1B,1,1
PMP2,KIAA1191,1,1
PMP2,MCTS1,1,1
PMP2,MEGF10,1,1
PMP2,METTL14,1,1
PMP2,MGAT5B,1,1
PMP2,MICU1,1,1
PMP2,MLLT10,1,1
PMP2,MTIF2,1,1
PMP2,MYH14,1,1
PMP2,NAPG,1,1
PMP2,NOA1,1,1
PMP2,NOMO1,1,1
PMP2,PAN3,1,1
PMP2,PDGFRL,1,1
PMP2,PHB,1,1
PMP2,PI15,1,1
PMP2,PNMA2,1,1
PMP2,PPARD,1,1
PMP2,PPIA,1,1
PMP2,RBAK,1,1
PMP2,RCN2,1,1
PMP2,RPTOR,1,1
PMP2,RUBCN,1,1
PMP2,SECISBP2,1,1
PMP2,SEMA3D,1,1
PMP2,SH3GLB2,1,1
PMP2,SLC22A5,1,1
PMP2,SLC26A2,1,1
PMP2,SLC4A7,1,1
PMP2,SLC7A2,1,1
PMP2,SMAD4,1,1
PMP2,SOBP,1,1
PMP2,SSFA2,1,1
PMP2,STX2,1,1
PMP2,SUN2,1,1
PMP2,TBRG4,1,1
PMP2,THOC2,1,1
PMP2,TIMMDC1,1,1
PMP2,TIPRL,1,1
PMP2,TMEM5,1,1
PMP2,UXS1,1,1
PMP2,ZDHHC3,1,1
PMP2,ZFP28,1,1
ACTG1,ANKH,1,1
ACTG1,CRIP2,1,1
ACTG1,FMR1,1,1
ACTG1,SRPX2,1,1
TDRD1,ADGRB1,1,1
TDRD1,AFAP1L2,1,1
TDRD1,AGMO,1,1
TDRD1,AKAP6,1,1
TDRD1,ALG13,1,1
TDRD1,ANGPTL1,1,1
TDRD1,ARHGAP5,1,1
TDRD1,ARHGAP6,1,1
TDRD1,ART3,1,1
TDRD1,ASB4,1,1
TDRD1,ATP11C,1,1
TDRD1,ATP9A,1,1
TDRD1,ATXN1,1,1
TDRD1,C17ORF96,1,1
TDRD1,C1QTNF3,1,1
TDRD1,CELSR1,1,1
TDRD1,CHURC1-FNTB,1,1
TDRD1,COL9A2,1,1
TDRD1,COL9A3,1,1
TDRD1,COLGALT2,1,1
TDRD1,CSGALNACT1,1,1
TDRD1,CT45A1,1,1
TDRD1,CT45A10,1,1
TDRD1,CT45A3,1,1
TDRD1,CT45A5,1,1
TDRD1,CT45A8,1,1
TDRD1,CT45A9,1,1
TDRD1,CYB561,1,1
TDRD1,DLX2,1,1
TDRD1,DMRT2,1,1
TDRD1,DMRTA1,1,1
TDRD1,DOK1,1,1
TDRD1,DUSP2,1,1
TDRD1,EGFLAM,1,1
TDRD1,EIF1AX,1,1
TDRD1,EIF4H,1,1
TDRD1,EMILIN1,1,1
TDRD1,ENAH,1,1
TDRD1,EPHA3,1,1
TDRD1,EPHB3,1,1
TDRD1,ERLIN2,1,1
TDRD1,FAM212B,1,1
TDRD1,FAM86B1,1,1
TDRD1,FOXF1,1,1
TDRD1,FREM2,1,1
TDRD1,FZD1,1,1
TDRD1,GALNT5,1,1
TDRD1,GLI2,1,1
TDRD1,GLUD2,1,1
TDRD1,GPC1,1,1
TDRD1,GRIK4,1,1
TDRD1,GTF2F1,1,1
TDRD1,IGFBP3,1,1
TDRD1,IL13RA2,1,1
TDRD1,IL27RA,1,1
TDRD1,ITPRIPL2,1,1
TDRD1,JARID2,1,1
TDRD1,JKAMP,1,1
TDRD1,KCNC3,1,1
TDRD1,KDM5C,1,1
TDRD1,KDR,1,1
TDRD1,KIAA0040,1,1
TDRD1,KIAA1328,1,1
TDRD1,KIAA1671,1,1
TDRD1,LAMA4,1,1
TDRD1,LONRF2,1,1
TDRD1,MATK,1,1
TDRD1,MEOX2,1,1
TDRD1,MICALL2,1,1
TDRD1,MMP16,1,1
TDRD1,MRPS6,1,1
TDRD1,NDRG1,1,1
TDRD1,NKX2-5,1,1
TDRD1,NPAS1,1,1
TDRD1,NR0B1,1,1
TDRD1,OLFML3,1,1
TDRD1,P3H2,1,1
TDRD1,PATZ1,1,1
TDRD1,PCDHA10,1,1
TDRD1,PCDHA11,1,1
TDRD1,PCDHA7,1,1
TDRD1,PCDHB17P,1,1
TDRD1,PCDHB2,1,1
TDRD1,PCDHB5,1,1
TDRD1,PCDHB6,1,1
TDRD1,PCDHB7,1,1
TDRD1,PCDHGA3,1,1
TDRD1,PCDHGA7,1,1
TDRD1,PCDHGB1,1,1
TDRD1,POU3F3,1,1
TDRD1,PRR4,1,1
TDRD1,PRRX1,1,1
TDRD1,PTPRD,1,1
TDRD1,RAB36,1,1
TDRD1,RAB7B,1,1
TDRD1,RBMS1,1,1
TDRD1,RNF128,1,1
TDRD1,RP11-958N24.2,1,1
TDRD1,RPN1,1,1
TDRD1,S100A13,1,1
TDRD1,SCARA5,1,1
TDRD1,SERPINE2,1,1
TDRD1,SERTAD4,1,1
TDRD1,SLC35E4,1,1
TDRD1,SLC43A2,1,1
TDRD1,SLC5A3,1,1
TDRD1,SNED1,1,1
TDRD1,SOX8,1,1
TDRD1,SPRY4,1,1
TDRD1,SRPRB,1,1
TDRD1,ST8SIA5,1,1
TDRD1,STK32B,1,1
TDRD1,SYTL5,1,1
TDRD1,TBL2,1,1
TDRD1,TBXAS1,1,1
TDRD1,TCN1,1,1
TDRD1,TENM1,1,1
TDRD1,TGFB3,1,1
TDRD1,TIMP1,1,1
TDRD1,TMEM2,1,1
TDRD1,TNFAIP6,1,1
TDRD1,TOR1AIP2,1,1
TDRD1,TOR3A,1,1
TDRD1,TRAF4,1,1
TDRD1,TRIM51CP,1,1
TDRD1,TRIM9,1,1
TDRD1,XIAP,1,1
TDRD1,XPR1,1,1
TDRD1,XYLT1,1,1
TDRD1,ZBTB45P2,1,1
TDRD1,ZNF595,1,1
TDRD1,ZNF721,1,1
TDRD1,ZNF860,1,1
TMEM11,DUSP14,1,1
TMEM11,FAM98A,1,1
TMEM11,PELP1,1,1
PLPP3,ACTN2,1,1
PLPP3,ADAMTS9,1,1
PLPP3,ARHGAP25,1,1
PLPP3,ASB9,1,1
PLPP3,ATP1B3,1,1
PLPP3,B3GNT2,1,1
PLPP3,C16ORF52,1,1
PLPP3,C5ORF15,1,1
PLPP3,CENPL,1,1
PLPP3,CEP170B,1,1
PLPP3,CEP85L,1,1
PLPP3,CLCC1,1,1
PLPP3,CMTM8,1,1
PLPP3,CNKSR3,1,1
PLPP3,COL19A1,1,1
PLPP3,COLGALT1,1,1
PLPP3,COX18,1,1
PLPP3,DARS2,1,1
PLPP3,DOCK4,1,1
PLPP3,DPY19L1,1,1
PLPP3,DUS3L,1,1
PLPP3,ECE2,1,1
PLPP3,EN2,1,1
PLPP3,EPDR1,1,1
PLPP3,ERLEC1,1,1
PLPP3,ETV1,1,1
PLPP3,FAM3C,1,1
PLPP3,FGF13,1,1
PLPP3,GALNT2,1,1
PLPP3,GHR,1,1
PLPP3,GPD2,1,1
PLPP3,H1FX,1,1
PLPP3,HOXD13,1,1
PLPP3,ICAM1,1,1
PLPP3,IL1RAP,1,1
PLPP3,ITGB3,1,1
PLPP3,KCNK5,1,1
PLPP3,KIAA1191,1,1
PLPP3,LIN28B,1,1
PLPP3,MAGEC1,1,1
PLPP3,MAGT1,1,1
PLPP3,MAN1A2,1,1
PLPP3,MEGF10,1,1
PLPP3,METTL14,1,1
PLPP3,MRAP2,1,1
PLPP3,MYH14,1,1
PLPP3,NDUFAF2,1,1
PLPP3,NOA1,1,1
PLPP3,NOMO1,1,1
PLPP3,NOMO3,1,1
PLPP3,NSF,1,1
PLPP3,PAQR7,1,1
PLPP3,PCOLCE2,1,1
PLPP3,PDGFRL,1,1
PLPP3,PLAT,1,1
PLPP3,RABL6,1,1
PLPP3,RAD17,1,1
PLPP3,RCN2,1,1
PLPP3,RHOC,1,1
PLPP3,ROR1,1,1
PLPP3,SCG2,1,1
PLPP3,SEMA3D,1,1
PLPP3,SH3KBP1,1,1
PLPP3,SLC19A3,1,1
PLPP3,SLC1A1,1,1
PLPP3,SLC26A2,1,1
PLPP3,SLC26A4,1,1
PLPP3,SLC7A2,1,1
PLPP3,SOBP,1,1
PLPP3,SSFA2,1,1
PLPP3,STIM2,1,1
PLPP3,STON2,1,1
PLPP3,SUN2,1,1
PLPP3,SWAP70,1,1
PLPP3,TMEM45A,1,1
PLPP3,TMEM5,1,1
PLPP3,TMEM87A,1,1
PLPP3,TMEM87B,1,1
PLPP3,TVP23B,1,1
PLPP3,UBE3C,1,1
PLPP3,UNC80,1,1
PLPP3,UXS1,1,1
ATR,ATG101,1,1
ATR,BCL9,1,1
ATR,C16ORF52,1,1
ATR,COX18,1,1
ATR,DDX56,1,1
ATR,DNAAF5,1,1
ATR,DUS3L,1,1
ATR,ERLEC1,1,1
ATR,FAM3C,1,1
ATR,GAPDH,1,1
ATR,GARS,1,1
ATR,GULP1,1,1
ATR,HOXD13,1,1
ATR,IL1RAP,1,1
ATR,ITGA4,1,1
ATR,JRK,1,1
ATR,KCNK5,1,1
ATR,KDELC2,1,1
ATR,MAGT1,1,1
ATR,MMADHC,1,1
ATR,NMD3,1,1
ATR,NOC2LP1,1,1
ATR,NOMO3,1,1
ATR,OFD1,1,1
ATR,PAQR7,1,1
ATR,PCOLCE2,1,1
ATR,RABL6,1,1
ATR,RAP2C,1,1
ATR,RPN1,1,1
ATR,SEC61A1,1,1
ATR,SH3KBP1,1,1
ATR,SLC7A6OS,1,1
ATR,SRPRB,1,1
ATR,STYX,1,1
ATR,TBC1D10B,1,1
ATR,TMEM67,1,1
ATR,TOR1AIP2,1,1
ATR,UCK1,1,1
ATR,UNC80,1,1
ATR,ZNF654,1,1
GAS7,ALG13,1,1
GAS7,ATP11C,1,1
GAS7,BCL7A,1,1
GAS7,CELSR1,1,1
GAS7,CHST2,1,1
GAS7,COL11A2,1,1
GAS7,CSGALNACT1,1,1
GAS7,DOCK4,1,1
GAS7,EPB41L2,1,1
GAS7,ERLIN2,1,1
GAS7,FKBP9P1,1,1
GAS7,FLRT2,1,1
GAS7,GLCCI1,1,1
GAS7,GLUD1,1,1
GAS7,GLUD2,1,1
GAS7,GNS,1,1
GAS7,GRIK2,1,1
GAS7,ID4,1,1
GAS7,IL13RA1,1,1
GAS7,ITPRIPL2,1,1
GAS7,KIFAP3,1,1
GAS7,LAMA4,1,1
GAS7,LDLRAP1,1,1
GAS7,MAML2,1,1
GAS7,MMP15,1,1
GAS7,MPZL1,1,1
GAS7,MTUS1,1,1
GAS7,NAT8L,1,1
GAS7,NFIA,1,1
GAS7,NSF,1,1
GAS7,NT5DC2,1,1
GAS7,PCDH7,1,1
GAS7,PMS2CL,1,1
GAS7,PSMD9,1,1
GAS7,SHROOM1,1,1
GAS7,SLC19A3,1,1
GAS7,SLC1A1,1,1
GAS7,SOX5,1,1
GAS7,SOX8,1,1
GAS7,TCTN1,1,1
GAS7,TIMP1,1,1
GAS7,TMEM62,1,1
GAS7,TNFRSF19,1,1
GAS7,TOR3A,1,1
GAS7,XPR1,1,1
GAS7,XYLT1,1,1
ECE2,ADAMTS9,1,1
ECE2,ASB9,1,1
ECE2,ATXN3,1,1
ECE2,C5ORF15,1,1
ECE2,CEP85L,1,1
ECE2,CNKSR3,1,1
ECE2,COL19A1,1,1
ECE2,COX18,1,1
ECE2,DARS2,1,1
ECE2,DOCK10,1,1
ECE2,EN2,1,1
ECE2,EPDR1,1,1
ECE2,FAM3C,1,1
ECE2,FUCA2,1,1
ECE2,GATA4,1,1
ECE2,H1FX,1,1
ECE2,HOXD13,1,1
ECE2,ICAM1,1,1
ECE2,ITGB3,1,1
ECE2,KDM1B,1,1
ECE2,KIAA1191,1,1
ECE2,LIN28B,1,1
ECE2,MAGT1,1,1
ECE2,MAP2K3,1,1
ECE2,MEGF10,1,1
ECE2,MGAT5B,1,1
ECE2,MICU1,1,1
ECE2,MYH14,1,1
ECE2,NOA1,1,1
ECE2,PHB,1,1
ECE2,RHOC,1,1
ECE2,RPTOR,1,1
ECE2,SEMA3D,1,1
ECE2,SH2B3,1,1
ECE2,SLC4A7,1,1
ECE2,SLC7A2,1,1
ECE2,SOBP,1,1
ECE2,TBRG4,1,1
ECE2,UBE3C,1,1
ECE2,UXS1,1,1
ECE2,ZDHHC3,1,1
ECE2,ZNF593,1,1
SDC2,ABCA8,1,1
SDC2,ADAM15,1,1
SDC2,ADCY1,1,1
SDC2,ADGRB1,1,1
SDC2,AFAP1L2,1,1
SDC2,AGMO,1,1
SDC2,AKAP6,1,1
SDC2,ALG13,1,1
SDC2,ANKRD19P,1,1
SDC2,ANKRD45,1,1
SDC2,APOO,1,1
SDC2,ARHGAP20,1,1
SDC2,ARHGAP25,1,1
SDC2,ASB4,1,1
SDC2,ATOH8,1,1
SDC2,ATP9A,1,1
SDC2,B3GALT1,1,1
SDC2,B3GNT7,1,1
SDC2,BFSP1,1,1
SDC2,BMP6,1,1
SDC2,BST2,1,1
SDC2,C12ORF60,1,1
SDC2,CACNA1H,1,1
SDC2,CC2D1A,1,1
SDC2,CCDC78,1,1
SDC2,CDH12,1,1
SDC2,CHPF,1,1
SDC2,CHURC1-FNTB,1,1
SDC2,CMB9-22P13.1,1,1
SDC2,COL11A2,1,1
SDC2,COL9A2,1,1
SDC2,COL9A3,1,1
SDC2,COPB2,1,1
SDC2,COQ3,1,1
SDC2,COQ6,1,1
SDC2,CRISPLD1,1,1
SDC2,CSGALNACT1,1,1
SDC2,CSMD1,1,1
SDC2,CT45A1,1,1
SDC2,CT45A10,1,1
SDC2,CT45A6,1,1
SDC2,CT45A8,1,1
SDC2,CT45A9,1,1
SDC2,DMRTA1,1,1
SDC2,DNAJB12,1,1
SDC2,DOK1,1,1
SDC2,DSCR8,1,1
SDC2,EMILIN1,1,1
SDC2,ENAH,1,1
SDC2,ENOX1,1,1
SDC2,EPB41L2,1,1
SDC2,EPHA3,1,1
SDC2,ERLIN2,1,1
SDC2,EYA2,1,1
SDC2,FABP7,1,1
SDC2,FAM188B,1,1
SDC2,FAM198B,1,1
SDC2,FAM86B1,1,1
SDC2,FBF1,1,1
SDC2,FKBP11,1,1
SDC2,FKBP9P1,1,1
SDC2,FOLH1,1,1
SDC2,FYB,1,1
SDC2,GALNT5,1,1
SDC2,GHR,1,1
SDC2,GLUD2,1,1
SDC2,GPC1,1,1
SDC2,GPC4,1,1
SDC2,GRIK2,1,1
SDC2,GRIK4,1,1
SDC2,HEY2,1,1
SDC2,HMCES,1,1
SDC2,HS3ST3B1,1,1
SDC2,ID4,1,1
SDC2,IFI16,1,1
SDC2,IGFBP2,1,1
SDC2,INTS10,1,1
SDC2,ITGA10,1,1
SDC2,ITGAX,1,1
SDC2,ITIH5,1,1
SDC2,ITIH6,1,1
SDC2,ITPRIPL2,1,1
SDC2,JSRP1,1,1
SDC2,KIFAP3,1,1
SDC2,LAMA2,1,1
SDC2,LAMA4,1,1
SDC2,LAMC3,1,1
SDC2,LRP2,1,1
SDC2,LYPLAL1,1,1
SDC2,MAFB,1,1
SDC2,MAMDC2,1,1
SDC2,MAP7D3,1,1
SDC2,MAPRE3,1,1
SDC2,MATK,1,1
SDC2,MEOX2,1,1
SDC2,MGP,1,1
SDC2,MMP15,1,1
SDC2,MRAP2,1,1
SDC2,NPAS1,1,1
SDC2,NPHP1,1,1
SDC2,NTN1,1,1
SDC2,OAZ1,1,1
SDC2,OPHN1,1,1
SDC2,P3H1,1,1
SDC2,P3H2,1,1
SDC2,PATZ1,1,1
SDC2,PCDHA10,1,1
SDC2,PCDHB11,1,1
SDC2,PCDHB17P,1,1
SDC2,PCDHB5,1,1
SDC2,PCDHB6,1,1
SDC2,PCOLCE2,1,1
SDC2,PDDC1,1,1
SDC2,PIEZO2,1,1
SDC2,PITPNC1,1,1
SDC2,PLBD1,1,1
SDC2,PLEKHS1,1,1
SDC2,PMS2CL,1,1
SDC2,PODXL2,1,1
SDC2,PPIC,1,1
SDC2,PPP1R13B,1,1
SDC2,PPP2R2B,1,1
SDC2,PRDX6,1,1
SDC2,PTGFRN,1,1
SDC2,RAB23,1,1
SDC2,RAPGEF5,1,1
SDC2,RNF216,1,1
SDC2,RP11-111F5.5,1,1
SDC2,S100A13,1,1
SDC2,SCARA5,1,1
SDC2,SCARF2,1,1
SDC2,SDSL,1,1
SDC2,SEL1L3,1,1
SDC2,SERPINA3,1,1
SDC2,SERPINE2,1,1
SDC2,SEZ6L2,1,1
SDC2,SLC19A3,1,1
SDC2,SLC26A4,1,1
SDC2,SLC39A4,1,1
SDC2,SMAP2,1,1
SDC2,SOD3,1,1
SDC2,SPARC,1,1
SDC2,SPATS1,1,1
SDC2,STAT3,1,1
SDC2,STK32B,1,1
SDC2,TBC1D10B,1,1
SDC2,TBC1D8,1,1
SDC2,TGFB3,1,1
SDC2,TIMP1,1,1
SDC2,TMEM67,1,1
SDC2,TNFAIP6,1,1
SDC2,TOR3A,1,1
SDC2,TPGS2,1,1
SDC2,TRIM9,1,1
SDC2,TRPM3,1,1
SDC2,TRPM8,1,1
SDC2,UROC1,1,1
SDC2,WNK4,1,1
SDC2,WWTR1,1,1
SDC2,XPR1,1,1
SDC2,ZNF595,1,1
YTHDC1,AL354822.1,1,1
YTHDC1,CALM1,1,1
YTHDC1,HACD3,1,1
YTHDC1,HOXA13,1,1
YTHDC1,KDSR,1,1
YTHDC1,LINC00116,1,1
YTHDC1,MOGS,1,1
YTHDC1,PWWP2A,1,1
YTHDC1,PYCR2,1,1
YTHDC1,RNF215,1,1
CNDP2,CCDC144B,1,1
CNDP2,CRIP2,1,1
CNDP2,DNAJB6,1,1
CNDP2,ITGA5,1,1
CNDP2,MIDN,1,1
CNDP2,MRPS6,1,1
CNDP2,NDST1,1,1
CNDP2,RANBP17,1,1
CNDP2,SNX1,1,1
CNDP2,TGFB1,1,1
CNDP2,ZNF700,1,1
RPL5,LRRC75A,1,1
RPL5,MDM2,1,1
SH3KBP1,ACTN2,1,1
SH3KBP1,ARHGAP25,1,1
SH3KBP1,ART3,1,1
SH3KBP1,ATG101,1,1
SH3KBP1,C16ORF52,1,1
SH3KBP1,C17ORF96,1,1
SH3KBP1,CEP170B,1,1
SH3KBP1,DLX2,1,1
SH3KBP1,DNAAF5,1,1
SH3KBP1,DPY19L1,1,1
SH3KBP1,DUS3L,1,1
SH3KBP1,EDEM1,1,1
SH3KBP1,EIF1AX,1,1
SH3KBP1,ENAH,1,1
SH3KBP1,EPHA3,1,1
SH3KBP1,ERCC1,1,1
SH3KBP1,ERLEC1,1,1
SH3KBP1,FAM198B,1,1
SH3KBP1,FAM3C,1,1
SH3KBP1,FGF13,1,1
SH3KBP1,GPD2,1,1
SH3KBP1,HOXD13,1,1
SH3KBP1,IL1RAP,1,1
SH3KBP1,IL27RA,1,1
SH3KBP1,ITGA4,1,1
SH3KBP1,KCNK5,1,1
SH3KBP1,KIAA0040,1,1
SH3KBP1,KIAA1328,1,1
SH3KBP1,LIN28B,1,1
SH3KBP1,MAGT1,1,1
SH3KBP1,MANSC1,1,1
SH3KBP1,MMADHC,1,1
SH3KBP1,MMP16,1,1
SH3KBP1,MRAP2,1,1
SH3KBP1,NDUFAF2,1,1
SH3KBP1,NOC2LP1,1,1
SH3KBP1,NOMO3,1,1
SH3KBP1,NPAS1,1,1
SH3KBP1,OFD1,1,1
SH3KBP1,P3H2,1,1
SH3KBP1,PCOLCE2,1,1
SH3KBP1,PFKFB4,1,1
SH3KBP1,PHC2,1,1
SH3KBP1,PRDX6,1,1
SH3KBP1,RAB7B,1,1
SH3KBP1,RAP2C,1,1
SH3KBP1,RBMS1,1,1
SH3KBP1,RNF128,1,1
SH3KBP1,RPN1,1,1
SH3KBP1,SCG2,1,1
SH3KBP1,SEC14L1,1,1
SH3KBP1,SEC61A1,1,1
SH3KBP1,SH3TC1,1,1
SH3KBP1,SLC26A4,1,1
SH3KBP1,SNAPC2,1,1
SH3KBP1,SPRY4,1,1
SH3KBP1,SRPRB,1,1
SH3KBP1,STK32B,1,1
SH3KBP1,STON2,1,1
SH3KBP1,TBC1D10B,1,1
SH3KBP1,TGFB3,1,1
SH3KBP1,TMEM45A,1,1
SH3KBP1,TMEM67,1,1
SH3KBP1,TOR1AIP2,1,1
SH3KBP1,TRIM51,1,1
SH3KBP1,TRIM51CP,1,1
SH3KBP1,TVP23B,1,1
SH3KBP1,UNC80,1,1
SH3KBP1,WWTR1,1,1
SH3KBP1,XIAP,1,1
SH3KBP1,ZNF275,1,1
SH3KBP1,ZNF654,1,1
UROC1,ABCA8,1,1
UROC1,ACAD11,1,1
UROC1,ADAP1,1,1
UROC1,AFAP1L2,1,1
UROC1,AKAP6,1,1
UROC1,ANKRD45,1,1
UROC1,ARHGAP20,1,1
UROC1,ASB4,1,1
UROC1,ATOH8,1,1
UROC1,ATP1B1,1,1
UROC1,B3GALT1,1,1
UROC1,B3GNT7,1,1
UROC1,BAALC,1,1
UROC1,BFSP1,1,1
UROC1,BMP6,1,1
UROC1,BST2,1,1
UROC1,C12ORF60,1,1
UROC1,C1ORF115,1,1
UROC1,CACNA1H,1,1
UROC1,CADM4,1,1
UROC1,CC2D1A,1,1
UROC1,CCDC113,1,1
UROC1,CCDC78,1,1
UROC1,CDH12,1,1
UROC1,CGREF1,1,1
UROC1,CHPF,1,1
UROC1,CHRDL1,1,1
UROC1,CHURC1-FNTB,1,1
UROC1,COL9A2,1,1
UROC1,COL9A3,1,1
UROC1,COQ3,1,1
UROC1,COQ6,1,1
UROC1,CSMD1,1,1
UROC1,CT45A1,1,1
UROC1,CT45A10,1,1
UROC1,CT45A6,1,1
UROC1,CT45A8,1,1
UROC1,CT45A9,1,1
UROC1,DDX43,1,1
UROC1,DEPDC7,1,1
UROC1,DNAJB6,1,1
UROC1,DNAJC30,1,1
UROC1,DSCR8,1,1
UROC1,EGFL7,1,1
UROC1,EMILIN1,1,1
UROC1,EYA2,1,1
UROC1,FAM134B,1,1
UROC1,FAM86B1,1,1
UROC1,FBF1,1,1
UROC1,FOLH1,1,1
UROC1,GABRG3,1,1
UROC1,GALNT5,1,1
UROC1,GPC1,1,1
UROC1,GPC4,1,1
UROC1,GRIK4,1,1
UROC1,GUCY1B3,1,1
UROC1,IFI16,1,1
UROC1,IGFBP2,1,1
UROC1,ITGA10,1,1
UROC1,ITGAX,1,1
UROC1,ITIH5,1,1
UROC1,ITIH6,1,1
UROC1,ITPRIPL2,1,1
UROC1,JUNB,1,1
UROC1,LAMA2,1,1
UROC1,LAMC3,1,1
UROC1,LRP2,1,1
UROC1,MAFB,1,1
UROC1,MAMDC2,1,1
UROC1,MAPRE3,1,1
UROC1,MDH2,1,1
UROC1,MDM2,1,1
UROC1,MEOX2,1,1
UROC1,MGP,1,1
UROC1,NDUFA8,1,1
UROC1,NPHP1,1,1
UROC1,NTN1,1,1
UROC1,OLFM2,1,1
UROC1,OPHN1,1,1
UROC1,P3H1,1,1
UROC1,P3H4,1,1
UROC1,PATZ1,1,1
UROC1,PCDHB11,1,1
UROC1,PCDHB17P,1,1
UROC1,PCDHB5,1,1
UROC1,PCDHB6,1,1
UROC1,PCDHB7,1,1
UROC1,PDDC1,1,1
UROC1,PEX5L,1,1
UROC1,PITPNC1,1,1
UROC1,PLBD1,1,1
UROC1,PLEKHS1,1,1
UROC1,PNPLA4,1,1
UROC1,POU3F3,1,1
UROC1,PPIC,1,1
UROC1,PPP2R2B,1,1
UROC1,PRKCD,1,1
UROC1,PTPRD,1,1
UROC1,RAPGEF5,1,1
UROC1,RNASE1,1,1
UROC1,RP11-111F5.5,1,1
UROC1,RP11-43F13.1,1,1
UROC1,SBNO2,1,1
UROC1,SCARA5,1,1
UROC1,SEL1L3,1,1
UROC1,SERPINA3,1,1
UROC1,SEZ6L2,1,1
UROC1,SLC39A4,1,1
UROC1,SLC40A1,1,1
UROC1,SLC5A4,1,1
UROC1,SMIM3,1,1
UROC1,SOCS2,1,1
UROC1,SOD3,1,1
UROC1,SPATS1,1,1
UROC1,STAT3,1,1
UROC1,TACO1,1,1
UROC1,TENM1,1,1
UROC1,TGFB3,1,1
UROC1,TRIM9,1,1
UROC1,TRPM8,1,1
UROC1,WBSCR27,1,1
UROC1,WNK4,1,1
UROC1,ZNF536,1,1
UROC1,ZNF595,1,1
UROC1,BP-21264C1.1,1,1
LGALSL,APP,1,1
LGALSL,BX004987.1,1,1
LGALSL,CD55,1,1
LGALSL,CDK14,1,1
LGALSL,EIF3I,1,1
LGALSL,ERCC6,1,1
LGALSL,GAPDH,1,1
LGALSL,HACD3,1,1
LGALSL,IPO8,1,1
LGALSL,MAPK11,1,1
LGALSL,MORF4L2,1,1
LGALSL,MPLKIP,1,1
LGALSL,PAQR7,1,1
LGALSL,PSMG3,1,1
LGALSL,PTCD2,1,1
LGALSL,SDHD,1,1
LGALSL,SPARC,1,1
LGALSL,TBC1D10B,1,1
LGALSL,UCK1,1,1
LGALSL,ZDHHC6,1,1
RP11-22B23.1,GBP3,1,1
RP11-22B23.1,SMAD2,1,1
CMBL,ADAMTS9,1,1
CMBL,ATP1B3,1,1
CMBL,B4GALT4,1,1
CMBL,C17ORF58,1,1
CMBL,C8ORF58,1,1
CMBL,CCSAP,1,1
CMBL,CEP85L,1,1
CMBL,CHL1,1,1
CMBL,CLCC1,1,1
CMBL,COLGALT1,1,1
CMBL,CXXC1,1,1
CMBL,DARS2,1,1
CMBL,DOCK10,1,1
CMBL,EFCAB7,1,1
CMBL,EPDR1,1,1
CMBL,ETV1,1,1
CMBL,EXTL1,1,1
CMBL,FAM122B,1,1
CMBL,FCGR2A,1,1
CMBL,GALNT2,1,1
CMBL,GATA4,1,1
CMBL,HERC4,1,1
CMBL,HMCN1,1,1
CMBL,ICAM1,1,1
CMBL,ITGA9,1,1
CMBL,ITGB3,1,1
CMBL,ITGB5,1,1
CMBL,KLF6,1,1
CMBL,KRBA1,1,1
CMBL,MAGEC1,1,1
CMBL,MBTPS2,1,1
CMBL,MEGF10,1,1
CMBL,METTL14,1,1
CMBL,MRPL57,1,1
CMBL,MYH14,1,1
CMBL,NAPG,1,1
CMBL,NOMO1,1,1
CMBL,NT5DC2,1,1
CMBL,PAN3,1,1
CMBL,PDGFRL,1,1
CMBL,PDZD4,1,1
CMBL,PGRMC1,1,1
CMBL,PI15,1,1
CMBL,PNMA2,1,1
CMBL,PPIA,1,1
CMBL,RAD17,1,1
CMBL,RBAK,1,1
CMBL,RHOC,1,1
CMBL,RPL17,1,1
CMBL,RPTOR,1,1
CMBL,RUBCN,1,1
CMBL,SHROOM1,1,1
CMBL,SLC1A1,1,1
CMBL,SLC22A5,1,1
CMBL,SLC26A2,1,1
CMBL,SMAD4,1,1
CMBL,SSFA2,1,1
CMBL,STX2,1,1
CMBL,SUN2,1,1
CMBL,TBRG4,1,1
CMBL,THOC2,1,1
CMBL,TIMMDC1,1,1
CMBL,TIPRL,1,1
CMBL,TMEM14C,1,1
CMBL,TMEM5,1,1
CMBL,TMEM62,1,1
CMBL,ZFP28,1,1
CMBL,ZNF71,1,1
TGFB1,CRIP2,1,1
TGFB1,ITGA5,1,1
TGFB1,KIAA1671,1,1
TGFB1,SERPINH1,1,1
TGFB1,SLC25A16,1,1
USPL1,SPHK2,1,1
USPL1,TGIF2-C20ORF24,1,1
KDM5C,ADGRB1,1,1
KDM5C,ADORA2B,1,1
KDM5C,AFAP1L2,1,1
KDM5C,AGMO,1,1
KDM5C,ANGPTL1,1,1
KDM5C,ANKH,1,1
KDM5C,ARHGAP6,1,1
KDM5C,ATP1B1,1,1
KDM5C,BATF3,1,1
KDM5C,C16ORF72,1,1
KDM5C,C17ORF96,1,1
KDM5C,C1QTNF3,1,1
KDM5C,CCDC61,1,1
KDM5C,CDKL1,1,1
KDM5C,CHPF2,1,1
KDM5C,CHURC1-FNTB,1,1
KDM5C,COL9A2,1,1
KDM5C,COLGALT2,1,1
KDM5C,CT45A10,1,1
KDM5C,CT45A3,1,1
KDM5C,CT45A5,1,1
KDM5C,CT45A8,1,1
KDM5C,CT45A9,1,1
KDM5C,DMRT2,1,1
KDM5C,DMRTA1,1,1
KDM5C,DUSP23,1,1
KDM5C,EBF3,1,1
KDM5C,EGFLAM,1,1
KDM5C,EIF4H,1,1
KDM5C,EPHB3,1,1
KDM5C,FAM212B,1,1
KDM5C,FAM86B1,1,1
KDM5C,FGFRL1,1,1
KDM5C,FOXF1,1,1
KDM5C,FREM2,1,1
KDM5C,GALNT5,1,1
KDM5C,GLI2,1,1
KDM5C,GRIK4,1,1
KDM5C,GTF2F1,1,1
KDM5C,IL13RA2,1,1
KDM5C,ITGA5,1,1
KDM5C,KCNC3,1,1
KDM5C,KIAA1328,1,1
KDM5C,KIAA1671,1,1
KDM5C,L3HYPDH,1,1
KDM5C,LIMS1,1,1
KDM5C,LONRF2,1,1
KDM5C,MICALL2,1,1
KDM5C,MIPOL1,1,1
KDM5C,MMP16,1,1
KDM5C,MRPS6,1,1
KDM5C,NDRG1,1,1
KDM5C,NGRN,1,1
KDM5C,NKX2-5,1,1
KDM5C,OLFML3,1,1
KDM5C,PACRGL,1,1
KDM5C,PCDHA10,1,1
KDM5C,PCDHA11,1,1
KDM5C,PCDHA7,1,1
KDM5C,PCDHB11,1,1
KDM5C,PCDHB17P,1,1
KDM5C,PCDHB2,1,1
KDM5C,PCDHB7,1,1
KDM5C,PCDHGA7,1,1
KDM5C,PLCXD1,1,1
KDM5C,POU3F3,1,1
KDM5C,PRKAR1B,1,1
KDM5C,PRR4,1,1
KDM5C,PRRX1,1,1
KDM5C,RANBP17,1,1
KDM5C,RBMS1,1,1
KDM5C,RP5-862P8.2,1,1
KDM5C,RPS6KA3,1,1
KDM5C,SCARA5,1,1
KDM5C,SERPINH1,1,1
KDM5C,SLC25A16,1,1
KDM5C,SLC35E4,1,1
KDM5C,SLC35G2,1,1
KDM5C,SLC43A2,1,1
KDM5C,SLC9A7,1,1
KDM5C,SNED1,1,1
KDM5C,SRPX2,1,1
KDM5C,ST8SIA5,1,1
KDM5C,SYTL5,1,1
KDM5C,TBXAS1,1,1
KDM5C,TCN1,1,1
KDM5C,TENM1,1,1
KDM5C,TMEM2,1,1
KDM5C,TYW1B,1,1
KDM5C,UBA1,1,1
KDM5C,WT1,1,1
KDM5C,YWHAG,1,1
KDM5C,ZBTB45P2,1,1
KDM5C,BP-21264C1.1,1,1
VAPA,CNBP,1,1
VAPA,DLX1,1,1
VAPA,EFTUD2,1,1
VAPA,EIF5A,1,1
VAPA,RCL1,1,1
VAPA,STK16,1,1
VAPA,TMX1,1,1
VAPA,U2SURP,1,1
VAPA,ZNF121,1,1
ARHGAP5,ADGRB1,1,1
ARHGAP5,AFAP1L2,1,1
ARHGAP5,AGMO,1,1
ARHGAP5,AKAP6,1,1
ARHGAP5,ALG13,1,1
ARHGAP5,ANGPTL1,1,1
ARHGAP5,ARCN1,1,1
ARHGAP5,ARHGAP6,1,1
ARHGAP5,ATP11C,1,1
ARHGAP5,ATP9A,1,1
ARHGAP5,ATXN1,1,1
ARHGAP5,C1QTNF3,1,1
ARHGAP5,CHURC1-FNTB,1,1
ARHGAP5,COL9A2,1,1
ARHGAP5,COLGALT2,1,1
ARHGAP5,CSGALNACT1,1,1
ARHGAP5,CT45A10,1,1
ARHGAP5,CT45A3,1,1
ARHGAP5,CT45A5,1,1
ARHGAP5,CT45A8,1,1
ARHGAP5,CT45A9,1,1
ARHGAP5,DDX43,1,1
ARHGAP5,DMRT2,1,1
ARHGAP5,DMRTA1,1,1
ARHGAP5,EGFLAM,1,1
ARHGAP5,ENAH,1,1
ARHGAP5,EPHB3,1,1
ARHGAP5,ERLIN2,1,1
ARHGAP5,FAM212B,1,1
ARHGAP5,FAM86B1,1,1
ARHGAP5,FOXF1,1,1
ARHGAP5,GALNT5,1,1
ARHGAP5,GLUD2,1,1
ARHGAP5,GPC1,1,1
ARHGAP5,GRIK4,1,1
ARHGAP5,IGFBP3,1,1
ARHGAP5,IL13RA2,1,1
ARHGAP5,IL27RA,1,1
ARHGAP5,ITPRIPL2,1,1
ARHGAP5,JARID2,1,1
ARHGAP5,KCNC3,1,1
ARHGAP5,LAMA4,1,1
ARHGAP5,LONRF2,1,1
ARHGAP5,MRPS6,1,1
ARHGAP5,NDRG1,1,1
ARHGAP5,NKX2-5,1,1
ARHGAP5,NR0B1,1,1
ARHGAP5,OLFML3,1,1
ARHGAP5,P3H2,1,1
ARHGAP5,PCDHA10,1,1
ARHGAP5,PCDHA11,1,1
ARHGAP5,PCDHA7,1,1
ARHGAP5,PCDHB17P,1,1
ARHGAP5,PCDHB2,1,1
ARHGAP5,PCDHB5,1,1
ARHGAP5,PCDHB7,1,1
ARHGAP5,PCDHGA3,1,1
ARHGAP5,PCDHGA7,1,1
ARHGAP5,PCDHGB1,1,1
ARHGAP5,POU3F3,1,1
ARHGAP5,PRR4,1,1
ARHGAP5,PRRX1,1,1
ARHGAP5,RAB7B,1,1
ARHGAP5,RBMS1,1,1
ARHGAP5,RCC1L,1,1
ARHGAP5,RNF128,1,1
ARHGAP5,RP11-958N24.2,1,1
ARHGAP5,S100A13,1,1
ARHGAP5,SCARA5,1,1
ARHGAP5,SERPINE2,1,1
ARHGAP5,SLC5A3,1,1
ARHGAP5,SNED1,1,1
ARHGAP5,SOX8,1,1
ARHGAP5,SPRY4,1,1
ARHGAP5,ST8SIA5,1,1
ARHGAP5,STK32B,1,1
ARHGAP5,SYTL5,1,1
ARHGAP5,TBXAS1,1,1
ARHGAP5,TCN1,1,1
ARHGAP5,TDRD9,1,1
ARHGAP5,TENM1,1,1
ARHGAP5,TNFAIP6,1,1
ARHGAP5,TRIM51CP,1,1
ARHGAP5,TRIM9,1,1
ARHGAP5,XIAP,1,1
ARHGAP5,XYLT1,1,1
ARHGAP5,ZBTB45P2,1,1
ARHGAP5,ZNF595,1,1
ARHGAP5,ZNF721,1,1
ARHGAP5,ZNF860,1,1
CT45A3,ABCA8,1,1
CT45A3,ADGRB1,1,1
CT45A3,AFAP1L2,1,1
CT45A3,AGMO,1,1
CT45A3,AKAP6,1,1
CT45A3,ALG13,1,1
CT45A3,ANGPTL1,1,1
CT45A3,ANKRD45,1,1
CT45A3,ARCN1,1,1
CT45A3,ARHGAP6,1,1
CT45A3,ART3,1,1
CT45A3,ASB4,1,1
CT45A3,ATP11C,1,1
CT45A3,ATP1B1,1,1
CT45A3,ATP9A,1,1
CT45A3,B3GNT7,1,1
CT45A3,BST2,1,1
CT45A3,C17ORF96,1,1
CT45A3,C1QTNF3,1,1
CT45A3,CADM4,1,1
CT45A3,CC2D1A,1,1
CT45A3,CDH12,1,1
CT45A3,CELSR1,1,1
CT45A3,CHURC1-FNTB,1,1
CT45A3,COL9A2,1,1
CT45A3,COL9A3,1,1
CT45A3,COLGALT2,1,1
CT45A3,CSGALNACT1,1,1
CT45A3,CT45A1,1,1
CT45A3,CT45A10,1,1
CT45A3,CT45A5,1,1
CT45A3,CT45A6,1,1
CT45A3,CT45A8,1,1
CT45A3,CT45A9,1,1
CT45A3,CYB561,1,1
CT45A3,DDX43,1,1
CT45A3,DMRT2,1,1
CT45A3,DMRTA1,1,1
CT45A3,DNAJB6,1,1
CT45A3,DNAJC30,1,1
CT45A3,DOK1,1,1
CT45A3,DUSP2,1,1
CT45A3,EGFLAM,1,1
CT45A3,EIF4H,1,1
CT45A3,EMILIN1,1,1
CT45A3,ENAH,1,1
CT45A3,EPHA3,1,1
CT45A3,EPHB3,1,1
CT45A3,ERLIN2,1,1
CT45A3,EYA2,1,1
CT45A3,FAM212B,1,1
CT45A3,FAM86B1,1,1
CT45A3,FOLH1,1,1
CT45A3,FOXF1,1,1
CT45A3,FREM2,1,1
CT45A3,GALNT5,1,1
CT45A3,GLI2,1,1
CT45A3,GLUD2,1,1
CT45A3,GPC1,1,1
CT45A3,GRIK4,1,1
CT45A3,GUCY1B3,1,1
CT45A3,HS3ST3B1,1,1
CT45A3,IGFBP2,1,1
CT45A3,IGFBP3,1,1
CT45A3,IL13RA2,1,1
CT45A3,IL27RA,1,1
CT45A3,ILK,1,1
CT45A3,ITGA10,1,1
CT45A3,ITIH5,1,1
CT45A3,ITIH6,1,1
CT45A3,ITPRIPL2,1,1
CT45A3,JARID2,1,1
CT45A3,JKAMP,1,1
CT45A3,KCNC3,1,1
CT45A3,KDR,1,1
CT45A3,LAMA2,1,1
CT45A3,LAMA4,1,1
CT45A3,LONRF2,1,1
CT45A3,LRRC75A,1,1
CT45A3,MAFB,1,1
CT45A3,MATK,1,1
CT45A3,MEOX2,1,1
CT45A3,MGP,1,1
CT45A3,MICALL2,1,1
CT45A3,MMP16,1,1
CT45A3,MRAP2,1,1
CT45A3,MRPS6,1,1
CT45A3,NDRG1,1,1
CT45A3,NDUFA8,1,1
CT45A3,NKX2-5,1,1
CT45A3,NPAS1,1,1
CT45A3,NPHP1,1,1
CT45A3,NR0B1,1,1
CT45A3,NTN1,1,1
CT45A3,OLFML3,1,1
CT45A3,P3H1,1,1
CT45A3,P3H2,1,1
CT45A3,P3H4,1,1
CT45A3,PATZ1,1,1
CT45A3,PCDHA10,1,1
CT45A3,PCDHA11,1,1
CT45A3,PCDHA7,1,1
CT45A3,PCDHB11,1,1
CT45A3,PCDHB17P,1,1
CT45A3,PCDHB2,1,1
CT45A3,PCDHB5,1,1
CT45A3,PCDHB6,1,1
CT45A3,PCDHB7,1,1
CT45A3,PCDHGA3,1,1
CT45A3,PCDHGA7,1,1
CT45A3,PDDC1,1,1
CT45A3,PLBD1,1,1
CT45A3,PLEKHS1,1,1
CT45A3,PMS2CL,1,1
CT45A3,POU3F3,1,1
CT45A3,PPIC,1,1
CT45A3,PRDX6,1,1
CT45A3,PRR4,1,1
CT45A3,PRRX1,1,1
CT45A3,PTGFRN,1,1
CT45A3,PTPRD,1,1
CT45A3,RAB7B,1,1
CT45A3,RBMS1,1,1
CT45A3,RCC1L,1,1
CT45A3,RGS16,1,1
CT45A3,RNF128,1,1
CT45A3,RP11-958N24.2,1,1
CT45A3,RPN1,1,1
CT45A3,S100A13,1,1
CT45A3,SBNO2,1,1
CT45A3,SCARA5,1,1
CT45A3,SEC14L1,1,1
CT45A3,SEL1L3,1,1
CT45A3,SERPINE2,1,1
CT45A3,SLC1A3,1,1
CT45A3,SLC35E4,1,1
CT45A3,SLC39A4,1,1
CT45A3,SLC43A2,1,1
CT45A3,SLC5A3,1,1
CT45A3,SMIM3,1,1
CT45A3,SNED1,1,1
CT45A3,SOX8,1,1
CT45A3,SPRY4,1,1
CT45A3,ST8SIA5,1,1
CT45A3,STK32B,1,1
CT45A3,SYTL5,1,1
CT45A3,TBXAS1,1,1
CT45A3,TCN1,1,1
CT45A3,TENM1,1,1
CT45A3,TGFB3,1,1
CT45A3,TIGD1,1,1
CT45A3,TIMP1,1,1
CT45A3,TNFAIP6,1,1
CT45A3,TOR1AIP2,1,1
CT45A3,TOR3A,1,1
CT45A3,TRIM51CP,1,1
CT45A3,TRIM9,1,1
CT45A3,TSPAN13,1,1
CT45A3,TYW1B,1,1
CT45A3,WNK4,1,1
CT45A3,WWTR1,1,1
CT45A3,XIAP,1,1
CT45A3,XPR1,1,1
CT45A3,XYLT1,1,1
CT45A3,ZBTB45P2,1,1
CT45A3,ZNF595,1,1
CT45A3,ZNF860,1,1
CT45A3,BP-21264C1.1,1,1
APP,CD55,1,1
APP,GARS,1,1
APP,HACD3,1,1
APP,HOXA5,1,1
APP,ITFG2,1,1
APP,MORF4L2,1,1
APP,MPLKIP,1,1
APP,PALLD,1,1
APP,PSMG3,1,1
APP,RNF181,1,1
APP,SLC7A6OS,1,1
APP,SRI,1,1
SNX1,ACAD11,1,1
SNX1,ADAP1,1,1
SNX1,CADM4,1,1
SNX1,CCDC113,1,1
SNX1,DNAJB6,1,1
SNX1,DNAJC30,1,1
SNX1,EMILIN1,1,1
SNX1,GABRG3,1,1
SNX1,GUCY1B3,1,1
SNX1,LAMA2,1,1
SNX1,MIDN,1,1
SNX1,MRPS6,1,1
SNX1,NDST1,1,1
SNX1,NDUFA8,1,1
SNX1,PLCXD1,1,1
SNX1,RANBP17,1,1
SNX1,RGS16,1,1
SNX1,SCYL1,1,1
SNX1,SLC27A5,1,1
SNX1,SMIM3,1,1
SNX1,SOCS2,1,1
SNX1,TIMM10B,1,1
SRGAP2B,B9D1,1,1
SRGAP2B,C8ORF48,1,1
SRGAP2B,CCDC78,1,1
SRGAP2B,FBF1,1,1
SRGAP2B,MAPRE3,1,1
SRGAP2B,REEP6,1,1
GBP3,AGTPBP1,1,1
GBP3,FAM175A,1,1
GBP3,TBC1D22B,1,1
GBP3,TMEM54,1,1
MED14,ABHD14A,1,1
MED14,ATP13A3,1,1
MED14,CNBP,1,1
MED14,COTL1,1,1
MED14,DLX1,1,1
MED14,EFTUD2,1,1
MED14,EIF5A,1,1
MED14,ITPR3,1,1
MED14,LRFN1,1,1
MED14,MAGEA2,1,1
MED14,NMD3,1,1
MED14,PHF14,1,1
MED14,RCL1,1,1
MED14,STK16,1,1
CHST2,AGTPBP1,1,1
CHST2,ALG13,1,1
CHST2,ATP5SL,1,1
CHST2,BCL7A,1,1
CHST2,C1ORF27,1,1
CHST2,CELSR1,1,1
CHST2,CISD3,1,1
CHST2,CNPY2,1,1
CHST2,COL11A2,1,1
CHST2,CSGALNACT1,1,1
CHST2,FBXO9,1,1
CHST2,FLRT2,1,1
CHST2,GINM1,1,1
CHST2,GLUD2,1,1
CHST2,LAMA4,1,1
CHST2,LY96,1,1
CHST2,MAML2,1,1
CHST2,MMP15,1,1
CHST2,MPZL1,1,1
CHST2,NAT8L,1,1
CHST2,NFIA,1,1
CHST2,PCDH7,1,1
CHST2,PMS2CL,1,1
CHST2,RNF157,1,1
CHST2,RP11-958N24.2,1,1
CHST2,TIMP1,1,1
CHST2,TNFRSF19,1,1
CHST2,TOR3A,1,1
LY96,BCL7A,1,1
LY96,BECN1,1,1
LY96,FIP1L1,1,1
LY96,FKBP9,1,1
LY96,FLRT2,1,1
LY96,GINM1,1,1
LY96,IL13RA1,1,1
LY96,LRP4,1,1
LY96,LRRK2,1,1
LY96,MPZL1,1,1
LY96,NAT8L,1,1
LY96,SMU1,1,1
LY96,TCTN1,1,1
LY96,TNFRSF19,1,1
EPB41L2,ALG13,1,1
EPB41L2,ATP11C,1,1
EPB41L2,ATP9A,1,1
EPB41L2,B3GALT1,1,1
EPB41L2,BORCS7,1,1
EPB41L2,C12ORF60,1,1
EPB41L2,COL11A2,1,1
EPB41L2,CRISPLD1,1,1
EPB41L2,CSGALNACT1,1,1
EPB41L2,DDX43,1,1
EPB41L2,ERLIN2,1,1
EPB41L2,FKBP9,1,1
EPB41L2,FKBP9P1,1,1
EPB41L2,FLRT2,1,1
EPB41L2,GLUD2,1,1
EPB41L2,GNS,1,1
EPB41L2,GPR37,1,1
EPB41L2,GRIK2,1,1
EPB41L2,IARS2,1,1
EPB41L2,ID4,1,1
EPB41L2,IFI16,1,1
EPB41L2,IL13RA1,1,1
EPB41L2,INTS10,1,1
EPB41L2,ITPRIPL2,1,1
EPB41L2,KIFAP3,1,1
EPB41L2,LAMA4,1,1
EPB41L2,LDLRAP1,1,1
EPB41L2,MAFB,1,1
EPB41L2,MAP7D3,1,1
EPB41L2,MMP15,1,1
EPB41L2,MTUS1,1,1
EPB41L2,PDDC1,1,1
EPB41L2,PPIC,1,1
EPB41L2,PPP3CB,1,1
EPB41L2,PTGFRN,1,1
EPB41L2,RCC1L,1,1
EPB41L2,RORA,1,1
EPB41L2,STAT3,1,1
EPB41L2,TDRD9,1,1
EPB41L2,TNFRSF19,1,1
EPB41L2,TOR3A,1,1
EPB41L2,XPR1,1,1
EPB41L2,ZNF595,1,1
HOXD13,ARHGAP25,1,1
HOXD13,ATG101,1,1
HOXD13,C16ORF52,1,1
HOXD13,C5ORF15,1,1
HOXD13,CENPL,1,1
HOXD13,CEP170B,1,1
HOXD13,COL19A1,1,1
HOXD13,COX18,1,1
HOXD13,DDX56,1,1
HOXD13,DNAAF5,1,1
HOXD13,DPY19L1,1,1
HOXD13,DUS3L,1,1
HOXD13,EDEM1,1,1
HOXD13,EPDR1,1,1
HOXD13,ERLEC1,1,1
HOXD13,FAM3C,1,1
HOXD13,FGF13,1,1
HOXD13,GPD2,1,1
HOXD13,ICAM1,1,1
HOXD13,IL1RAP,1,1
HOXD13,KCNC4,1,1
HOXD13,KCNK5,1,1
HOXD13,KIAA0040,1,1
HOXD13,KIAA1191,1,1
HOXD13,LIN28B,1,1
HOXD13,MAGT1,1,1
HOXD13,NOC2LP1,1,1
HOXD13,NOMO3,1,1
HOXD13,PFKFB4,1,1
HOXD13,PHC2,1,1
HOXD13,PLAT,1,1
HOXD13,RPN1,1,1
HOXD13,SEC61A1,1,1
HOXD13,SEMA3D,1,1
HOXD13,SNAPC2,1,1
HOXD13,SRPRB,1,1
HOXD13,STON2,1,1
HOXD13,TMEM45A,1,1
HOXD13,TMEM87B,1,1
HOXD13,TPM3P9,1,1
HOXD13,TRIM51,1,1
HOXD13,UBE3C,1,1
HOXD13,UNC80,1,1
HOXD13,ZNF593,1,1
HOXD13,ZNF654,1,1
HOXD13,ZXDC,1,1
LDLRAP1,BECN1,1,1
LDLRAP1,BORCS7,1,1
LDLRAP1,CCM2,1,1
LDLRAP1,FBF1,1,1
LDLRAP1,FKBP9,1,1
LDLRAP1,FUNDC1,1,1
LDLRAP1,GLUD1,1,1
LDLRAP1,GNS,1,1
LDLRAP1,GPR37,1,1
LDLRAP1,GRIK2,1,1
LDLRAP1,ID4,1,1
LDLRAP1,IFI16,1,1
LDLRAP1,IFT122,1,1
LDLRAP1,IL13RA1,1,1
LDLRAP1,KIFAP3,1,1
LDLRAP1,MAP2,1,1
LDLRAP1,MAP7D3,1,1
LDLRAP1,MBTPS1,1,1
LDLRAP1,MMP15,1,1
LDLRAP1,NFIA,1,1
LDLRAP1,SCARF2,1,1
LDLRAP1,STAT3,1,1
LDLRAP1,TCTN1,1,1
MGP,ABCA8,1,1
MGP,ADAP1,1,1
MGP,ADGRB1,1,1
MGP,AFAP1L2,1,1
MGP,AGMO,1,1
MGP,AKAP6,1,1
MGP,ANKRD45,1,1
MGP,ARHGAP20,1,1
MGP,ARHGAP6,1,1
MGP,ASB4,1,1
MGP,ATOH8,1,1
MGP,ATP1B1,1,1
MGP,ATP9A,1,1
MGP,B3GALT1,1,1
MGP,B3GNT7,1,1
MGP,BAALC,1,1
MGP,BFSP1,1,1
MGP,BMP6,1,1
MGP,BST2,1,1
MGP,C12ORF60,1,1
MGP,C1ORF115,1,1
MGP,CACNA1H,1,1
MGP,CADM4,1,1
MGP,CC2D1A,1,1
MGP,CCDC113,1,1
MGP,CCDC78,1,1
MGP,CDH12,1,1
MGP,CGREF1,1,1
MGP,CHPF,1,1
MGP,CHURC1-FNTB,1,1
MGP,COL9A2,1,1
MGP,COL9A3,1,1
MGP,COQ6,1,1
MGP,CSMD1,1,1
MGP,CT45A1,1,1
MGP,CT45A10,1,1
MGP,CT45A6,1,1
MGP,CT45A8,1,1
MGP,CT45A9,1,1
MGP,DDX43,1,1
MGP,DMRTA1,1,1
MGP,DNAJB6,1,1
MGP,DNAJC30,1,1
MGP,DSCR8,1,1
MGP,EGFLAM,1,1
MGP,EIF4H,1,1
MGP,EMILIN1,1,1
MGP,ENAH,1,1
MGP,ERLIN2,1,1
MGP,EYA2,1,1
MGP,FAM134B,1,1
MGP,FAM212B,1,1
MGP,FAM86B1,1,1
MGP,FBF1,1,1
MGP,FOLH1,1,1
MGP,GABRG3,1,1
MGP,GALNT5,1,1
MGP,GPC1,1,1
MGP,GPC4,1,1
MGP,GRIK4,1,1
MGP,GUCY1B3,1,1
MGP,HS3ST3B1,1,1
MGP,IFI16,1,1
MGP,IGFBP2,1,1
MGP,IL13RA2,1,1
MGP,ITGA10,1,1
MGP,ITGAX,1,1
MGP,ITIH5,1,1
MGP,ITIH6,1,1
MGP,ITPRIPL2,1,1
MGP,JARID2,1,1
MGP,JUNB,1,1
MGP,LAMA2,1,1
MGP,LAMC3,1,1
MGP,LRP2,1,1
MGP,LYPLAL1,1,1
MGP,MAFB,1,1
MGP,MAMDC2,1,1
MGP,MAPRE3,1,1
MGP,MATK,1,1
MGP,MDH2,1,1
MGP,MDM2,1,1
MGP,MEOX2,1,1
MGP,MICALL2,1,1
MGP,MRPS6,1,1
MGP,NDUFA8,1,1
MGP,NKX2-5,1,1
MGP,NPHP1,1,1
MGP,NTN1,1,1
MGP,OLFM2,1,1
MGP,OPHN1,1,1
MGP,P3H1,1,1
MGP,P3H2,1,1
MGP,P3H4,1,1
MGP,PATZ1,1,1
MGP,PCDHA10,1,1
MGP,PCDHB11,1,1
MGP,PCDHB17P,1,1
MGP,PCDHB5,1,1
MGP,PCDHB6,1,1
MGP,PCDHB7,1,1
MGP,PDDC1,1,1
MGP,PITPNC1,1,1
MGP,PLBD1,1,1
MGP,PLEKHS1,1,1
MGP,PMS2CL,1,1
MGP,POU3F3,1,1
MGP,PPIC,1,1
MGP,PPP2R2B,1,1
MGP,PRKCD,1,1
MGP,PTGFRN,1,1
MGP,PTPRD,1,1
MGP,RANBP17,1,1
MGP,RAPGEF5,1,1
MGP,RNASE1,1,1
MGP,RP11-111F5.5,1,1
MGP,RP11-43F13.1,1,1
MGP,S100A13,1,1
MGP,SBNO2,1,1
MGP,SCARA5,1,1
MGP,SEL1L3,1,1
MGP,SERPINA3,1,1
MGP,SERPINE2,1,1
MGP,SEZ6L2,1,1
MGP,SLC39A4,1,1
MGP,SMIM3,1,1
MGP,SOCS2,1,1
MGP,SOD3,1,1
MGP,SPATS1,1,1
MGP,STAT3,1,1
MGP,TENM1,1,1
MGP,TGFB3,1,1
MGP,TRIM9,1,1
MGP,TRPM8,1,1
MGP,USP9X,1,1
MGP,WNK4,1,1
MGP,WWTR1,1,1
MGP,ZNF536,1,1
MGP,ZNF595,1,1
MGP,BP-21264C1.1,1,1
PCDHA7,ADGRB1,1,1
PCDHA7,ADORA2B,1,1
PCDHA7,AFAP1L2,1,1
PCDHA7,AGMO,1,1
PCDHA7,ANGPTL1,1,1
PCDHA7,ANKH,1,1
PCDHA7,ARHGAP6,1,1
PCDHA7,ATP1B1,1,1
PCDHA7,BATF3,1,1
PCDHA7,C17ORF96,1,1
PCDHA7,C1QTNF3,1,1
PCDHA7,CDH12,1,1
PCDHA7,CHPF2,1,1
PCDHA7,CHURC1-FNTB,1,1
PCDHA7,COL9A2,1,1
PCDHA7,COLGALT2,1,1
PCDHA7,CRIP2,1,1
PCDHA7,CT45A8,1,1
PCDHA7,CT45A9,1,1
PCDHA7,DMRT2,1,1
PCDHA7,DMRTA1,1,1
PCDHA7,EBF3,1,1
PCDHA7,EGFLAM,1,1
PCDHA7,EIF4H,1,1
PCDHA7,EPHB3,1,1
PCDHA7,FAM212B,1,1
PCDHA7,FAM86B1,1,1
PCDHA7,FGFRL1,1,1
PCDHA7,FOXF1,1,1
PCDHA7,FREM2,1,1
PCDHA7,GALNT5,1,1
PCDHA7,GLI2,1,1
PCDHA7,GRIK4,1,1
PCDHA7,IGFBP3,1,1
PCDHA7,IL13RA2,1,1
PCDHA7,IL27RA,1,1
PCDHA7,ITGA5,1,1
PCDHA7,KCNC3,1,1
PCDHA7,KIAA1328,1,1
PCDHA7,KIAA1671,1,1
PCDHA7,L3HYPDH,1,1
PCDHA7,LIMS1,1,1
PCDHA7,LONRF2,1,1
PCDHA7,MICALL2,1,1
PCDHA7,MIPOL1,1,1
PCDHA7,MMP16,1,1
PCDHA7,MRPS6,1,1
PCDHA7,NGRN,1,1
PCDHA7,NKX2-5,1,1
PCDHA7,OLFML3,1,1
PCDHA7,PACRGL,1,1
PCDHA7,PCDHA10,1,1
PCDHA7,PCDHA11,1,1
PCDHA7,PCDHB11,1,1
PCDHA7,PCDHB17P,1,1
PCDHA7,PCDHB2,1,1
PCDHA7,PCDHB7,1,1
PCDHA7,PCDHGA7,1,1
PCDHA7,PCDHGB1,1,1
PCDHA7,POU3F3,1,1
PCDHA7,PRKAR1B,1,1
PCDHA7,PRR4,1,1
PCDHA7,PRRX1,1,1
PCDHA7,PTPRD,1,1
PCDHA7,RAB7B,1,1
PCDHA7,RBMS1,1,1
PCDHA7,RP5-862P8.2,1,1
PCDHA7,RPS6KA3,1,1
PCDHA7,SCARA5,1,1
PCDHA7,SERINC3,1,1
PCDHA7,SERPINH1,1,1
PCDHA7,SLC25A16,1,1
PCDHA7,SLC35E4,1,1
PCDHA7,SLC35G2,1,1
PCDHA7,SLC43A2,1,1
PCDHA7,SLC5A3,1,1
PCDHA7,SLC9A7,1,1
PCDHA7,SNED1,1,1
PCDHA7,SRPX2,1,1
PCDHA7,ST8SIA5,1,1
PCDHA7,SYTL5,1,1
PCDHA7,TBXAS1,1,1
PCDHA7,TCN1,1,1
PCDHA7,TENM1,1,1
PCDHA7,TMEM2,1,1
PCDHA7,TRIM9,1,1
PCDHA7,TSPAN13,1,1
PCDHA7,TYW1B,1,1
PCDHA7,UBA1,1,1
PCDHA7,WT1,1,1
PCDHA7,YWHAG,1,1
PCDHA7,ZBTB45P2,1,1
PCDHA7,BP-21264C1.1,1,1
MAVS,C17ORF89,1,1
MAVS,C18ORF8,1,1
MAVS,CDK14,1,1
MAVS,EFNA5,1,1
MAVS,F11R,1,1
MAVS,GATB,1,1
MAVS,KAT8,1,1
MAVS,MECP2,1,1
MAVS,MRPL4,1,1
MAVS,NECAP2,1,1
MAVS,PHKA1,1,1
MAVS,PTPRA,1,1
MAVS,SDHD,1,1
MAVS,TRIM56,1,1
MAVS,UBE3B,1,1
MAVS,WDR11,1,1
MAVS,ZNF335,1,1
MBD4,AARS2,1,1
MBD4,ADAM15,1,1
MBD4,ADCY1,1,1
MBD4,ANKRD19P,1,1
MBD4,ATP5B,1,1
MBD4,BX004987.1,1,1
MBD4,CCSAP,1,1
MBD4,CENPL,1,1
MBD4,CHST6,1,1
MBD4,CMB9-22P13.1,1,1
MBD4,CMTM8,1,1
MBD4,COLGALT1,1,1
MBD4,COPB2,1,1
MBD4,CST1,1,1
MBD4,DARS2,1,1
MBD4,EIF3I,1,1
MBD4,ENOX1,1,1
MBD4,EXOC1,1,1
MBD4,FABP7,1,1
MBD4,FCGR2A,1,1
MBD4,FGF13,1,1
MBD4,FKBP11,1,1
MBD4,FUCA2,1,1
MBD4,FYB,1,1
MBD4,GAD1,1,1
MBD4,GATA4,1,1
MBD4,GHR,1,1
MBD4,HEY2,1,1
MBD4,HMCES,1,1
MBD4,HOXA13,1,1
MBD4,ICAM1,1,1
MBD4,IPO8,1,1
MBD4,ITGA9,1,1
MBD4,KIAA1191,1,1
MBD4,MCTS1,1,1
MBD4,MLLT10,1,1
MBD4,MYH14,1,1
MBD4,NAPG,1,1
MBD4,NUDT4,1,1
MBD4,PAQR7,1,1
MBD4,PCCB,1,1
MBD4,PCOLCE2,1,1
MBD4,PDGFRL,1,1
MBD4,PGRMC1,1,1
MBD4,PI15,1,1
MBD4,PIEZO2,1,1
MBD4,PNMA2,1,1
MBD4,PPIA,1,1
MBD4,RAB23,1,1
MBD4,RCN2,1,1
MBD4,RUFY1,1,1
MBD4,SLC26A2,1,1
MBD4,SLC44A1,1,1
MBD4,TBC1D8,1,1
MBD4,TBRG4,1,1
MBD4,TRPM3,1,1
MBD4,ZDHHC3,1,1
MBD4,ZNF280A,1,1
NGRN,ANKH,1,1
NGRN,ATP1B1,1,1
NGRN,BATF3,1,1
NGRN,CCDC113,1,1
NGRN,CDH12,1,1
NGRN,CHURC1-FNTB,1,1
NGRN,COL9A2,1,1
NGRN,CPNE3,1,1
NGRN,CXORF38,1,1
NGRN,DUSP23,1,1
NGRN,EIF4H,1,1
NGRN,EMILIN1,1,1
NGRN,JARID2,1,1
NGRN,LAMA2,1,1
NGRN,MIDN,1,1
NGRN,MRPS6,1,1
NGRN,OGFRL1,1,1
NGRN,P3H4,1,1
NGRN,PCDHB11,1,1
NGRN,PCDHB7,1,1
NGRN,PKD1P5,1,1
NGRN,PLBD1,1,1
NGRN,PLCXD1,1,1
NGRN,PNPO,1,1
NGRN,POU3F3,1,1
NGRN,PRKAR1B,1,1
NGRN,PTPN12,1,1
NGRN,RANBP17,1,1
NGRN,RGS16,1,1
NGRN,RP5-862P8.2,1,1
NGRN,SEL1L3,1,1
NGRN,SMIM3,1,1
NGRN,SRPX2,1,1
NGRN,TYW1B,1,1
NGRN,UBA1,1,1
NGRN,BP-21264C1.1,1,1
SYNJ1,MECP2,1,1
SYNJ1,TRIM56,1,1
C5ORF15,ASB9,1,1
C5ORF15,C16ORF52,1,1
C5ORF15,CNKSR3,1,1
C5ORF15,COL19A1,1,1
C5ORF15,COX18,1,1
C5ORF15,DPY19L1,1,1
C5ORF15,EPDR1,1,1
C5ORF15,FAM3C,1,1
C5ORF15,H1FX,1,1
C5ORF15,ICAM1,1,1
C5ORF15,KCNK5,1,1
C5ORF15,KDM1B,1,1
C5ORF15,KIAA1191,1,1
C5ORF15,LIN28B,1,1
C5ORF15,MAGT1,1,1
C5ORF15,MEGF10,1,1
C5ORF15,MICU1,1,1
C5ORF15,MLLT10,1,1
C5ORF15,NOA1,1,1
C5ORF15,PFKFB4,1,1
C5ORF15,PLAT,1,1
C5ORF15,RABL6,1,1
C5ORF15,RGPD6,1,1
C5ORF15,RHOC,1,1
C5ORF15,SCG2,1,1
C5ORF15,SEMA3D,1,1
C5ORF15,SLC4A7,1,1
C5ORF15,TMEM45A,1,1
C5ORF15,TVP23B,1,1
C5ORF15,UXS1,1,1
C5ORF15,ZDHHC3,1,1
ITGB3,B3GNT2,1,1
ITGB3,CEP85L,1,1
ITGB3,CNKSR3,1,1
ITGB3,COL19A1,1,1
ITGB3,DARS2,1,1
ITGB3,DOCK4,1,1
ITGB3,EPDR1,1,1
ITGB3,GALNT2,1,1
ITGB3,ICAM1,1,1
ITGB3,ICE2,1,1
ITGB3,LIN28B,1,1
ITGB3,MAGEC1,1,1
ITGB3,MAN1A2,1,1
ITGB3,MBTPS2,1,1
ITGB3,MEGF10,1,1
ITGB3,MFSD1,1,1
ITGB3,RBAK,1,1
ITGB3,RHOC,1,1
ITGB3,RPTOR,1,1
ITGB3,SEMA3D,1,1
ITGB3,SH3BP5,1,1
ITGB3,SLC7A2,1,1
ITGB3,SSFA2,1,1
ITGB3,SUN2,1,1
ITGB3,THOC2,1,1
ITGB3,TMEM5,1,1
ITGB3,UXS1,1,1
COPZ1,AMZ2,1,1
COPZ1,B4GALT4,1,1
COPZ1,BIN3,1,1
COPZ1,C17ORF58,1,1
COPZ1,C8ORF58,1,1
COPZ1,COPG1,1,1
COPZ1,EFCAB7,1,1
COPZ1,EXTL1,1,1
COPZ1,IDH3G,1,1
COPZ1,ITGA9,1,1
COPZ1,KLF6,1,1
COPZ1,NDUFV2,1,1
COPZ1,PC,1,1
COPZ1,PDZD4,1,1
COPZ1,PLSCR4,1,1
SLC5A4,ATP1B2,1,1
SLC5A4,BAALC,1,1
SLC5A4,BFSP1,1,1
SLC5A4,C8ORF48,1,1
SLC5A4,CEBPD,1,1
SLC5A4,COQ6,1,1
SLC5A4,CSMD1,1,1
SLC5A4,DEPDC7,1,1
SLC5A4,DSCR8,1,1
SLC5A4,EGFL7,1,1
SLC5A4,FAM134B,1,1
SLC5A4,FDXR,1,1
SLC5A4,ITGAX,1,1
SLC5A4,MED9,1,1
SLC5A4,OLFM2,1,1
SLC5A4,PEX5L,1,1
SLC5A4,PNPLA4,1,1
SLC5A4,PRKCD,1,1
SLC5A4,PYROXD2,1,1
SLC5A4,RNASE1,1,1
SLC5A4,SERPINA3,1,1
SLC5A4,SLC40A1,1,1
SLC5A4,SOCS2,1,1
SLC5A4,SOD3,1,1
SLC5A4,TARS2,1,1
SLC5A4,WBSCR27,1,1
RORA,AKAP6,1,1
RORA,ANKRD45,1,1
RORA,ATP11C,1,1
RORA,ATP9A,1,1
RORA,B3GALT1,1,1
RORA,B3GNT7,1,1
RORA,BECN1,1,1
RORA,BST2,1,1
RORA,C12ORF60,1,1
RORA,C19ORF43,1,1
RORA,C1ORF115,1,1
RORA,CADM4,1,1
RORA,CALCOCO2,1,1
RORA,CCM2,1,1
RORA,CYB561,1,1
RORA,DDX43,1,1
RORA,DNAJB6,1,1
RORA,DNAJC30,1,1
RORA,ELMO1,1,1
RORA,EMILIN1,1,1
RORA,EYA2,1,1
RORA,FOXO1,1,1
RORA,FUNDC1,1,1
RORA,GALNT5,1,1
RORA,GLUD2,1,1
RORA,GPC1,1,1
RORA,GPR37,1,1
RORA,GRIK4,1,1
RORA,GUCY1B3,1,1
RORA,IFI16,1,1
RORA,INSR,1,1
RORA,ITPRIPL2,1,1
RORA,KIFAP3,1,1
RORA,MAFB,1,1
RORA,MAP2,1,1
RORA,MBTPS1,1,1
RORA,MORN2,1,1
RORA,NAP1L5,1,1
RORA,NDUFA8,1,1
RORA,NFIA,1,1
RORA,NPHP1,1,1
RORA,NR0B1,1,1
RORA,PCDHB5,1,1
RORA,PCDHB6,1,1
RORA,PCDHGA7,1,1
RORA,PLBD1,1,1
RORA,PPIC,1,1
RORA,PPP3CB,1,1
RORA,PTCHD4,1,1
RORA,PTPRZ1,1,1
RORA,RCC1L,1,1
RORA,RP11-958N24.2,1,1
RORA,RPL27A,1,1
RORA,S100A13,1,1
RORA,SLC39A4,1,1
RORA,SMIM3,1,1
RORA,STAT3,1,1
RORA,TDRD9,1,1
RORA,TIMM10B,1,1
RORA,USP9X,1,1
RORA,UTRN,1,1
RORA,XYLT1,1,1
RORA,ZNF536,1,1
GALNT5,ABCA8,1,1
GALNT5,ADGRB1,1,1
GALNT5,AFAP1L2,1,1
GALNT5,AGMO,1,1
GALNT5,AKAP6,1,1
GALNT5,ALG13,1,1
GALNT5,ANKRD45,1,1
GALNT5,ARCN1,1,1
GALNT5,ARHGAP20,1,1
GALNT5,ARHGAP6,1,1
GALNT5,ART3,1,1
GALNT5,ASB4,1,1
GALNT5,ATP11C,1,1
GALNT5,ATP1B1,1,1
GALNT5,ATP9A,1,1
GALNT5,B3GALT1,1,1
GALNT5,B3GNT7,1,1
GALNT5,BMP6,1,1
GALNT5,BST2,1,1
GALNT5,C1QTNF3,1,1
GALNT5,CADM4,1,1
GALNT5,CC2D1A,1,1
GALNT5,CDH12,1,1
GALNT5,CELSR1,1,1
GALNT5,CHPF,1,1
GALNT5,CHURC1-FNTB,1,1
GALNT5,COL11A2,1,1
GALNT5,COL9A2,1,1
GALNT5,COL9A3,1,1
GALNT5,COLGALT2,1,1
GALNT5,CSGALNACT1,1,1
GALNT5,CSMD1,1,1
GALNT5,CT45A1,1,1
GALNT5,CT45A10,1,1
GALNT5,CT45A5,1,1
GALNT5,CT45A6,1,1
GALNT5,CT45A8,1,1
GALNT5,CT45A9,1,1
GALNT5,CYB561,1,1
GALNT5,DDX43,1,1
GALNT5,DMRT2,1,1
GALNT5,DMRTA1,1,1
GALNT5,DNAJB6,1,1
GALNT5,DNAJC30,1,1
GALNT5,DOK1,1,1
GALNT5,DSCR8,1,1
GALNT5,EGFLAM,1,1
GALNT5,EIF1AXP1,1,1
GALNT5,EIF4H,1,1
GALNT5,EMILIN1,1,1
GALNT5,ENAH,1,1
GALNT5,EPHA3,1,1
GALNT5,EPHB3,1,1
GALNT5,ERLIN2,1,1
GALNT5,EYA2,1,1
GALNT5,FAM212B,1,1
GALNT5,FAM86B1,1,1
GALNT5,FOLH1,1,1
GALNT5,FOXF1,1,1
GALNT5,FREM2,1,1
GALNT5,GLI2,1,1
GALNT5,GLUD2,1,1
GALNT5,GPC1,1,1
GALNT5,GPC4,1,1
GALNT5,GRIK4,1,1
GALNT5,GUCY1B3,1,1
GALNT5,HS3ST3B1,1,1
GALNT5,IGFBP2,1,1
GALNT5,IGFBP3,1,1
GALNT5,IL13RA2,1,1
GALNT5,IL27RA,1,1
GALNT5,ILK,1,1
GALNT5,ITGA10,1,1
GALNT5,ITIH5,1,1
GALNT5,ITIH6,1,1
GALNT5,ITPRIPL2,1,1
GALNT5,JARID2,1,1
GALNT5,KCNC3,1,1
GALNT5,LAMA2,1,1
GALNT5,LAMA4,1,1
GALNT5,LONRF2,1,1
GALNT5,LRRC75A,1,1
GALNT5,LYPLAL1,1,1
GALNT5,MAFB,1,1
GALNT5,MAMDC2,1,1
GALNT5,MATK,1,1
GALNT5,MEOX2,1,1
GALNT5,MICALL2,1,1
GALNT5,MMP16,1,1
GALNT5,MRPS6,1,1
GALNT5,NDRG1,1,1
GALNT5,NDUFA8,1,1
GALNT5,NKX2-5,1,1
GALNT5,NPHP1,1,1
GALNT5,NR0B1,1,1
GALNT5,NTN1,1,1
GALNT5,OLFML3,1,1
GALNT5,OPHN1,1,1
GALNT5,P3H1,1,1
GALNT5,P3H2,1,1
GALNT5,P3H4,1,1
GALNT5,PATZ1,1,1
GALNT5,PCDHA10,1,1
GALNT5,PCDHA11,1,1
GALNT5,PCDHB11,1,1
GALNT5,PCDHB17P,1,1
GALNT5,PCDHB2,1,1
GALNT5,PCDHB5,1,1
GALNT5,PCDHB6,1,1
GALNT5,PCDHB7,1,1
GALNT5,PCDHGA3,1,1
GALNT5,PCDHGA7,1,1
GALNT5,PCDHGB1,1,1
GALNT5,PDDC1,1,1
GALNT5,PITPNC1,1,1
GALNT5,PLBD1,1,1
GALNT5,PLEKHS1,1,1
GALNT5,PMS2CL,1,1
GALNT5,POU3F3,1,1
GALNT5,PPIC,1,1
GALNT5,PPP2R2B,1,1
GALNT5,PPP3CB,1,1
GALNT5,PRR4,1,1
GALNT5,PRRX1,1,1
GALNT5,PTGFRN,1,1
GALNT5,PTPRD,1,1
GALNT5,RAB7B,1,1
GALNT5,RAPGEF5,1,1
GALNT5,RBMS1,1,1
GALNT5,RCC1L,1,1
GALNT5,RP11-111F5.5,1,1
GALNT5,S100A13,1,1
GALNT5,SBNO2,1,1
GALNT5,SCARA5,1,1
GALNT5,SEL1L3,1,1
GALNT5,SERPINA3,1,1
GALNT5,SERPINE2,1,1
GALNT5,SLC1A3,1,1
GALNT5,SLC35E4,1,1
GALNT5,SLC39A4,1,1
GALNT5,SLC5A3,1,1
GALNT5,SMIM3,1,1
GALNT5,SNED1,1,1
GALNT5,SPATS1,1,1
GALNT5,SPRY4,1,1
GALNT5,ST8SIA5,1,1
GALNT5,STAT3,1,1
GALNT5,STK32B,1,1
GALNT5,SYTL5,1,1
GALNT5,TBXAS1,1,1
GALNT5,TCN1,1,1
GALNT5,TENM1,1,1
GALNT5,TGFB3,1,1
GALNT5,TIGD1,1,1
GALNT5,TIMP1,1,1
GALNT5,TNFAIP6,1,1
GALNT5,TRIM9,1,1
GALNT5,TRPM8,1,1
GALNT5,USP9X,1,1
GALNT5,WNK4,1,1
GALNT5,WWTR1,1,1
GALNT5,XIAP,1,1
GALNT5,XPR1,1,1
GALNT5,XYLT1,1,1
GALNT5,ZBTB45P2,1,1
GALNT5,ZNF536,1,1
GALNT5,ZNF595,1,1
GALNT5,BP-21264C1.1,1,1
RPL27A,CALCOCO2,1,1
RPL27A,CCM2,1,1
RPL27A,ELMO1,1,1
RPL27A,GPR37,1,1
RPL27A,GSDMD,1,1
RPL27A,INSR,1,1
RPL27A,MAP2,1,1
RPL27A,NAAA,1,1
RPL27A,NKD1,1,1
RPL27A,PTCHD4,1,1
RPL27A,PTPRZ1,1,1
RPL27A,UTRN,1,1
ITPR3,ABHD14A,1,1
ITPR3,ADAM17,1,1
ITPR3,ATP13A3,1,1
ITPR3,BCL9,1,1
ITPR3,C4ORF32,1,1
ITPR3,CNBP,1,1
ITPR3,COTL1,1,1
ITPR3,DARS,1,1
ITPR3,DLX1,1,1
ITPR3,LRFN1,1,1
ITPR3,MAGEA2,1,1
ITPR3,MMADHC,1,1
ITPR3,NMD3,1,1
ITPR3,PELI1,1,1
ITPR3,PURB,1,1
ITPR3,RCL1,1,1
ITPR3,STYX,1,1
PCCB,AARS2,1,1
PCCB,ADAM15,1,1
PCCB,ANKRD19P,1,1
PCCB,ARHGAP20,1,1
PCCB,BFSP1,1,1
PCCB,CHST6,1,1
PCCB,COPB2,1,1
PCCB,COQ3,1,1
PCCB,CRISPLD1,1,1
PCCB,ENOX1,1,1
PCCB,FABP7,1,1
PCCB,FYB,1,1
PCCB,GAD1,1,1
PCCB,HEY2,1,1
PCCB,HMCES,1,1
PCCB,HOXA13,1,1
PCCB,LAPTM4B,1,1
PCCB,LRP2,1,1
PCCB,OAZ1,1,1
PCCB,PIEZO2,1,1
PCCB,PODXL2,1,1
PCCB,PPP1R13B,1,1
PCCB,RAB23,1,1
PCCB,SPARC,1,1
PCCB,TBC1D8,1,1
PCCB,TRPM3,1,1
PCCB,TRPM8,1,1
ZDHHC3,ADAMTS9,1,1
ZDHHC3,ASB9,1,1
ZDHHC3,ATP5B,1,1
ZDHHC3,BX004987.1,1,1
ZDHHC3,CCSAP,1,1
ZDHHC3,CENPL,1,1
ZDHHC3,CHL1,1,1
ZDHHC3,CHST6,1,1
ZDHHC3,CMTM8,1,1
ZDHHC3,CNKSR3,1,1
ZDHHC3,COL19A1,1,1
ZDHHC3,COLGALT1,1,1
ZDHHC3,DARS2,1,1
ZDHHC3,DOCK10,1,1
ZDHHC3,EIF3I,1,1
ZDHHC3,ENOX1,1,1
ZDHHC3,EPDR1,1,1
ZDHHC3,FCGR2A,1,1
ZDHHC3,FUCA2,1,1
ZDHHC3,GATA4,1,1
ZDHHC3,ICAM1,1,1
ZDHHC3,IPO8,1,1
ZDHHC3,KDM1B,1,1
ZDHHC3,KDSR,1,1
ZDHHC3,KIAA1191,1,1
ZDHHC3,MAGEC1,1,1
ZDHHC3,MCTS1,1,1
ZDHHC3,MEGF10,1,1
ZDHHC3,MGAT5B,1,1
ZDHHC3,MICU1,1,1
ZDHHC3,MLLT10,1,1
ZDHHC3,MTIF2,1,1
ZDHHC3,MYH14,1,1
ZDHHC3,NAPG,1,1
ZDHHC3,NOA1,1,1
ZDHHC3,NUDT4,1,1
ZDHHC3,PAQR7,1,1
ZDHHC3,PDGFRL,1,1
ZDHHC3,PHB,1,1
ZDHHC3,PI15,1,1
ZDHHC3,PNMA2,1,1
ZDHHC3,RBAK,1,1
ZDHHC3,RCN2,1,1
ZDHHC3,RPTOR,1,1
ZDHHC3,SECISBP2,1,1
ZDHHC3,SEMA3D,1,1
ZDHHC3,SLC4A7,1,1
ZDHHC3,SOBP,1,1
ZDHHC3,SUN2,1,1
ZDHHC3,TBRG4,1,1
ZDHHC3,TIPRL,1,1
ZDHHC3,UXS1,1,1
SLC1A1,ACTN2,1,1
SLC1A1,ADAMTS9,1,1
SLC1A1,ADCY1,1,1
SLC1A1,APOO,1,1
SLC1A1,ARHGAP25,1,1
SLC1A1,ATP1B3,1,1
SLC1A1,CISD3,1,1
SLC1A1,CLCC1,1,1
SLC1A1,COL19A1,1,1
SLC1A1,COLGALT1,1,1
SLC1A1,CSGALNACT1,1,1
SLC1A1,DOCK4,1,1
SLC1A1,DPY19L1,1,1
SLC1A1,EPDR1,1,1
SLC1A1,ETV1,1,1
SLC1A1,FAM122B,1,1
SLC1A1,FAM175A,1,1
SLC1A1,FAM188B,1,1
SLC1A1,FAM198B,1,1
SLC1A1,FCGR2A,1,1
SLC1A1,FGF13,1,1
SLC1A1,FKBP11,1,1
SLC1A1,FKBP9P1,1,1
SLC1A1,GALNT2,1,1
SLC1A1,GHR,1,1
SLC1A1,GLCCI1,1,1
SLC1A1,HMCN1,1,1
SLC1A1,ICAM1,1,1
SLC1A1,ID4,1,1
SLC1A1,IL1RAP,1,1
SLC1A1,INTS10,1,1
SLC1A1,ITGB5,1,1
SLC1A1,KCNK5,1,1
SLC1A1,LIN28B,1,1
SLC1A1,MAML2,1,1
SLC1A1,MEGF10,1,1
SLC1A1,METTL14,1,1
SLC1A1,MMP15,1,1
SLC1A1,MPZL1,1,1
SLC1A1,MRAP2,1,1
SLC1A1,MRPL57,1,1
SLC1A1,MTUS1,1,1
SLC1A1,MYH14,1,1
SLC1A1,NFKBIE,1,1
SLC1A1,NOMO1,1,1
SLC1A1,NOMO3,1,1
SLC1A1,NSF,1,1
SLC1A1,NT5DC2,1,1
SLC1A1,PCOLCE2,1,1
SLC1A1,PGRMC1,1,1
SLC1A1,PSMD9,1,1
SLC1A1,PTGFRN,1,1
SLC1A1,RAD17,1,1
SLC1A1,RHOC,1,1
SLC1A1,ROR1,1,1
SLC1A1,SCG2,1,1
SLC1A1,SHROOM1,1,1
SLC1A1,SLC19A3,1,1
SLC1A1,SLC26A2,1,1
SLC1A1,SLC26A4,1,1
SLC1A1,SMAP2,1,1
SLC1A1,SOX5,1,1
SLC1A1,SPHK2,1,1
SLC1A1,SPRY4,1,1
SLC1A1,ST3GAL1,1,1
SLC1A1,STAG2,1,1
SLC1A1,STIM2,1,1
SLC1A1,STON2,1,1
SLC1A1,SWAP70,1,1
SLC1A1,THOC2,1,1
SLC1A1,TMEM5,1,1
SLC1A1,TMEM62,1,1
SLC1A1,TMEM87A,1,1
SLC1A1,TOR3A,1,1
SLC1A1,TPGS2,1,1
SLC1A1,TVP23B,1,1
SLC1A1,XPR1,1,1
SLC1A1,ZBTB33,1,1
SLC1A1,ZNF736,1,1
MGLL,ANGPTL1,1,1
MGLL,DLX2,1,1
MGLL,DMRT2,1,1
MGLL,F2RL1,1,1
MGLL,IL27RA,1,1
MGLL,JKAMP,1,1
MGLL,L3HYPDH,1,1
MGLL,LONRF2,1,1
MGLL,OLFML3,1,1
MGLL,PRRX1,1,1
MGLL,RAB7B,1,1
MGLL,RNF128,1,1
MGLL,SNED1,1,1
MGLL,ST8SIA5,1,1
MGLL,SYTL5,1,1
MGLL,TAB1,1,1
MGLL,TRIM51CP,1,1
PNPO,ADAP1,1,1
PNPO,ANKH,1,1
PNPO,BATF3,1,1
PNPO,CTDP1,1,1
PNPO,FOXF1,1,1
PNPO,ITGA5,1,1
PNPO,PCDHB11,1,1
PNPO,PKD1P5,1,1
PNPO,RANBP17,1,1
PNPO,RGS16,1,1
PNPO,RP5-862P8.2,1,1
PNPO,SRPX2,1,1
PNPO,TYW1B,1,1
PNPO,UBA1,1,1
PAQR7,ADAMTS9,1,1
PAQR7,ARHGAP25,1,1
PAQR7,ASB9,1,1
PAQR7,ATP5B,1,1
PAQR7,BX004987.1,1,1
PAQR7,C16ORF52,1,1
PAQR7,CENPL,1,1
PAQR7,CHST6,1,1
PAQR7,CMTM8,1,1
PAQR7,COL19A1,1,1
PAQR7,COLGALT1,1,1
PAQR7,COPB2,1,1
PAQR7,DARS2,1,1
PAQR7,EGLN2,1,1
PAQR7,EIF3I,1,1
PAQR7,ENOX1,1,1
PAQR7,EPDR1,1,1
PAQR7,ERLEC1,1,1
PAQR7,EXOC1,1,1
PAQR7,FAM3C,1,1
PAQR7,FCGR2A,1,1
PAQR7,FGF13,1,1
PAQR7,FUCA2,1,1
PAQR7,GAD1,1,1
PAQR7,GAPDH,1,1
PAQR7,GHR,1,1
PAQR7,GPD2,1,1
PAQR7,GULP1,1,1
PAQR7,ICAM1,1,1
PAQR7,IPO8,1,1
PAQR7,ITGA4,1,1
PAQR7,KCNK5,1,1
PAQR7,KDSR,1,1
PAQR7,KIAA1191,1,1
PAQR7,MAGT1,1,1
PAQR7,MCTS1,1,1
PAQR7,MLLT10,1,1
PAQR7,NDUFAF2,1,1
PAQR7,NOA1,1,1
PAQR7,NOC2LP1,1,1
PAQR7,NOMO3,1,1
PAQR7,OFD1,1,1
PAQR7,PCOLCE2,1,1
PAQR7,PDGFRL,1,1
PAQR7,PHB,1,1
PAQR7,PI15,1,1
PAQR7,PIEZO2,1,1
PAQR7,PPIA,1,1
PAQR7,PRDX6,1,1
PAQR7,RABL6,1,1
PAQR7,RCN2,1,1
PAQR7,ROR1,1,1
PAQR7,RUFY1,1,1
PAQR7,SCG2,1,1
PAQR7,SECISBP2,1,1
PAQR7,SEMA3D,1,1
PAQR7,SLC26A2,1,1
PAQR7,SLC26A4,1,1
PAQR7,SOBP,1,1
PAQR7,STON2,1,1
PAQR7,TBC1D10B,1,1
PAQR7,TBCC,1,1
PAQR7,TBRG4,1,1
PAQR7,TMEM67,1,1
PAQR7,TVP23B,1,1
PAQR7,UCK1,1,1
PAQR7,UNC80,1,1
EFCAB7,ARGLU1,1,1
EFCAB7,B4GALT4,1,1
EFCAB7,BIN3,1,1
EFCAB7,C17ORF58,1,1
EFCAB7,C8ORF58,1,1
EFCAB7,CCSAP,1,1
EFCAB7,CHL1,1,1
EFCAB7,CRISPLD1,1,1
EFCAB7,CST1,1,1
EFCAB7,CXXC1,1,1
EFCAB7,EDEM2,1,1
EFCAB7,EXTL1,1,1
EFCAB7,FCGR2A,1,1
EFCAB7,GALNT2,1,1
EFCAB7,HMCN1,1,1
EFCAB7,IDH3G,1,1
EFCAB7,ITGA9,1,1
EFCAB7,ITGB5,1,1
EFCAB7,KLF6,1,1
EFCAB7,KRBA1,1,1
EFCAB7,MAN1B1,1,1
EFCAB7,NAPG,1,1
EFCAB7,NDUFV2,1,1
EFCAB7,NOMO1,1,1
EFCAB7,PC,1,1
EFCAB7,PDZD4,1,1
EFCAB7,PGRMC1,1,1
EFCAB7,PI15,1,1
EFCAB7,PLSCR4,1,1
EFCAB7,PNMA2,1,1
EFCAB7,PPIA,1,1
EFCAB7,SDSL,1,1
EFCAB7,SLC22A5,1,1
EFCAB7,SLC26A2,1,1
EFCAB7,SLC35G1,1,1
EFCAB7,SLC44A1,1,1
EFCAB7,TIMMDC1,1,1
EFCAB7,ZNF280A,1,1
PFKFB4,ACVR1,1,1
PFKFB4,C16ORF52,1,1
PFKFB4,CEP170B,1,1
PFKFB4,COX18,1,1
PFKFB4,DUS3L,1,1
PFKFB4,EDEM1,1,1
PFKFB4,FAM3C,1,1
PFKFB4,GPD2,1,1
PFKFB4,LIN28B,1,1
PFKFB4,MAGT1,1,1
PFKFB4,PHC2,1,1
PFKFB4,PLAT,1,1
PFKFB4,SEC61A1,1,1
PFKFB4,SEMA3D,1,1
PFKFB4,TMEM45A,1,1
PFKFB4,TMEM87B,1,1
PFKFB4,TRIM51,1,1
PFKFB4,UBE3C,1,1
RP5-862P8.2,ADORA2B,1,1
RP5-862P8.2,ANKH,1,1
RP5-862P8.2,ATP1B1,1,1
RP5-862P8.2,BATF3,1,1
RP5-862P8.2,C17ORF96,1,1
RP5-862P8.2,CDKL1,1,1
RP5-862P8.2,COL9A2,1,1
RP5-862P8.2,COLGALT2,1,1
RP5-862P8.2,CPNE3,1,1
RP5-862P8.2,DUSP23,1,1
RP5-862P8.2,EBF3,1,1
RP5-862P8.2,EIF4H,1,1
RP5-862P8.2,F12,1,1
RP5-862P8.2,FGFRL1,1,1
RP5-862P8.2,FOXF1,1,1
RP5-862P8.2,FREM2,1,1
RP5-862P8.2,GLI2,1,1
RP5-862P8.2,HS6ST2,1,1
RP5-862P8.2,ITGA5,1,1
RP5-862P8.2,KDM6A,1,1
RP5-862P8.2,KIAA1671,1,1
RP5-862P8.2,LANCL3,1,1
RP5-862P8.2,LIMS1,1,1
RP5-862P8.2,MIPOL1,1,1
RP5-862P8.2,MMP16,1,1
RP5-862P8.2,MRPS6,1,1
RP5-862P8.2,NFIC,1,1
RP5-862P8.2,OCIAD1,1,1
RP5-862P8.2,PACRGL,1,1
RP5-862P8.2,PCDHB11,1,1
RP5-862P8.2,PCDHB2,1,1
RP5-862P8.2,PCDHB7,1,1
RP5-862P8.2,PKD1P5,1,1
RP5-862P8.2,PLCXD1,1,1
RP5-862P8.2,POU3F3,1,1
RP5-862P8.2,PRKAR1B,1,1
RP5-862P8.2,PTPN12,1,1
RP5-862P8.2,RANBP17,1,1
RP5-862P8.2,RGS16,1,1
RP5-862P8.2,RPS6KA3,1,1
RP5-862P8.2,SERPINH1,1,1
RP5-862P8.2,SLC25A16,1,1
RP5-862P8.2,SLC35E4,1,1
RP5-862P8.2,SLC35G2,1,1
RP5-862P8.2,SLC43A2,1,1
RP5-862P8.2,SLC9A7,1,1
RP5-862P8.2,SRPX2,1,1
RP5-862P8.2,TMEM2,1,1
RP5-862P8.2,TYW1B,1,1
RP5-862P8.2,UBA1,1,1
RP5-862P8.2,VCAN,1,1
RP5-862P8.2,WT1,1,1
RP5-862P8.2,YBX3,1,1
RP5-862P8.2,YWHAG,1,1
RP5-862P8.2,BP-21264C1.1,1,1
KIAA1191,ADAMTS9,1,1
KIAA1191,ARHGAP25,1,1
KIAA1191,ASB9,1,1
KIAA1191,ATP5B,1,1
KIAA1191,ATXN3,1,1
KIAA1191,BX004987.1,1,1
KIAA1191,CENPL,1,1
KIAA1191,CMTM8,1,1
KIAA1191,CNKSR3,1,1
KIAA1191,COL19A1,1,1
KIAA1191,COLGALT1,1,1
KIAA1191,COX18,1,1
KIAA1191,DARS2,1,1
KIAA1191,DDX56,1,1
KIAA1191,DPY19L1,1,1
KIAA1191,DUS3L,1,1
KIAA1191,EN2,1,1
KIAA1191,ENOX1,1,1
KIAA1191,EPDR1,1,1
KIAA1191,ERLEC1,1,1
KIAA1191,EXOC1,1,1
KIAA1191,FAM3C,1,1
KIAA1191,FCGR2A,1,1
KIAA1191,FGF13,1,1
KIAA1191,FUCA2,1,1
KIAA1191,GATA4,1,1
KIAA1191,GHR,1,1
KIAA1191,GPD2,1,1
KIAA1191,ICAM1,1,1
KIAA1191,IPO8,1,1
KIAA1191,KCNK5,1,1
KIAA1191,LIN28B,1,1
KIAA1191,MAGEC1,1,1
KIAA1191,MAGT1,1,1
KIAA1191,MCTS1,1,1
KIAA1191,MEGF10,1,1
KIAA1191,MICU1,1,1
KIAA1191,MLLT10,1,1
KIAA1191,MRPL32,1,1
KIAA1191,MYH14,1,1
KIAA1191,NDUFAF2,1,1
KIAA1191,NOA1,1,1
KIAA1191,NOC2LP1,1,1
KIAA1191,NOMO3,1,1
KIAA1191,PCOLCE2,1,1
KIAA1191,PDGFRL,1,1
KIAA1191,PHB,1,1
KIAA1191,PI15,1,1
KIAA1191,PIEZO2,1,1
KIAA1191,PNMA2,1,1
KIAA1191,PPARD,1,1
KIAA1191,PPIA,1,1
KIAA1191,RAD17,1,1
KIAA1191,RCN2,1,1
KIAA1191,ROR1,1,1
KIAA1191,RPTOR,1,1
KIAA1191,RUFY1,1,1
KIAA1191,SCG2,1,1
KIAA1191,SECISBP2,1,1
KIAA1191,SEMA3D,1,1
KIAA1191,SLC26A2,1,1
KIAA1191,SLC4A7,1,1
KIAA1191,SLC7A2,1,1
KIAA1191,SOBP,1,1
KIAA1191,STON2,1,1
KIAA1191,TBRG4,1,1
KIAA1191,TMEM45A,1,1
KIAA1191,TMEM5,1,1
KIAA1191,TPM3P9,1,1
KIAA1191,TVP23B,1,1
KIAA1191,UBE3C,1,1
KIAA1191,UNC80,1,1
KIAA1191,UXS1,1,1
KIAA1191,ZNF593,1,1
WDR63,RNF157,1,1
ATOH8,ABCA8,1,1
ATOH8,ARHGAP20,1,1
ATOH8,B3GALT1,1,1
ATOH8,B9D1,1,1
ATOH8,BFSP1,1,1
ATOH8,BST2,1,1
ATOH8,C12ORF60,1,1
ATOH8,C8ORF48,1,1
ATOH8,CCDC78,1,1
ATOH8,CHPF,1,1
ATOH8,COPG1,1,1
ATOH8,COQ6,1,1
ATOH8,CSMD1,1,1
ATOH8,DSCR8,1,1
ATOH8,FBF1,1,1
ATOH8,FKBP9,1,1
ATOH8,FUNDC1,1,1
ATOH8,FYB,1,1
ATOH8,GRIK2,1,1
ATOH8,HERC2P3,1,1
ATOH8,HEY2,1,1
ATOH8,IFI16,1,1
ATOH8,IFT122,1,1
ATOH8,IGFBP2,1,1
ATOH8,ITGAX,1,1
ATOH8,ITIH5,1,1
ATOH8,ITIH6,1,1
ATOH8,KIFAP3,1,1
ATOH8,LAMC3,1,1
ATOH8,LRP2,1,1
ATOH8,LYPLAL1,1,1
ATOH8,MAFB,1,1
ATOH8,MAPRE3,1,1
ATOH8,OLFM2,1,1
ATOH8,OPHN1,1,1
ATOH8,P3H1,1,1
ATOH8,PHLDA1,1,1
ATOH8,PMS2CL,1,1
ATOH8,PPIC,1,1
ATOH8,PPP2R2B,1,1
ATOH8,RP11-111F5.5,1,1
ATOH8,SCARF2,1,1
ATOH8,SDSL,1,1
ATOH8,SERPINA3,1,1
ATOH8,SEZ6L2,1,1
ATOH8,SOD3,1,1
ATOH8,STAT3,1,1
ATOH8,TBC1D8,1,1
ATOH8,TRPM3,1,1
ATOH8,TRPM8,1,1
ATP1B3,ADAMTS9,1,1
ATP1B3,ADCY1,1,1
ATP1B3,APOO,1,1
ATP1B3,ATAT1,1,1
ATP1B3,ATXN3,1,1
ATP1B3,B4GALT4,1,1
ATP1B3,C17ORF58,1,1
ATP1B3,C8ORF58,1,1
ATP1B3,CCSAP,1,1
ATP1B3,CENPL,1,1
ATP1B3,CHL1,1,1
ATP1B3,CLCC1,1,1
ATP1B3,COL19A1,1,1
ATP1B3,COLGALT1,1,1
ATP1B3,COMMD3,1,1
ATP1B3,CRISPLD1,1,1
ATP1B3,DARS2,1,1
ATP1B3,DOCK10,1,1
ATP1B3,ENOX1,1,1
ATP1B3,EPDR1,1,1
ATP1B3,ETV1,1,1
ATP1B3,FAM122B,1,1
ATP1B3,FCGR2A,1,1
ATP1B3,FGF13,1,1
ATP1B3,FKBP11,1,1
ATP1B3,GALNT2,1,1
ATP1B3,GATA4,1,1
ATP1B3,GHR,1,1
ATP1B3,GLCCI1,1,1
ATP1B3,HERC4,1,1
ATP1B3,HMCN1,1,1
ATP1B3,ICAM1,1,1
ATP1B3,ITGB5,1,1
ATP1B3,KLF6,1,1
ATP1B3,KRBA1,1,1
ATP1B3,MAN1B1,1,1
ATP1B3,MBTPS2,1,1
ATP1B3,MEGF10,1,1
ATP1B3,METTL14,1,1
ATP1B3,MRPL57,1,1
ATP1B3,MYH14,1,1
ATP1B3,N4BP2L2,1,1
ATP1B3,NAPG,1,1
ATP1B3,NOMO1,1,1
ATP1B3,NSF,1,1
ATP1B3,NT5DC2,1,1
ATP1B3,PAN3,1,1
ATP1B3,PDGFRL,1,1
ATP1B3,PGBD1,1,1
ATP1B3,PGRMC1,1,1
ATP1B3,PI15,1,1
ATP1B3,PNMA2,1,1
ATP1B3,PPARD,1,1
ATP1B3,PPIA,1,1
ATP1B3,RAD17,1,1
ATP1B3,RBAK,1,1
ATP1B3,RCN2,1,1
ATP1B3,ROR1,1,1
ATP1B3,RPL17,1,1
ATP1B3,RPTOR,1,1
ATP1B3,SH3GLB2,1,1
ATP1B3,SHROOM1,1,1
ATP1B3,SLC22A5,1,1
ATP1B3,SLC26A2,1,1
ATP1B3,SLC44A1,1,1
ATP1B3,SLC7A2,1,1
ATP1B3,SMAD4,1,1
ATP1B3,SMAP2,1,1
ATP1B3,SSFA2,1,1
ATP1B3,STAG2,1,1
ATP1B3,STX2,1,1
ATP1B3,SUN2,1,1
ATP1B3,TBRG4,1,1
ATP1B3,THOC2,1,1
ATP1B3,TIMMDC1,1,1
ATP1B3,TIPRL,1,1
ATP1B3,TMEM14C,1,1
ATP1B3,TMEM5,1,1
ATP1B3,TMEM62,1,1
ATP1B3,ZBTB33,1,1
SNAPC2,CEP170B,1,1
SNAPC2,DDX56,1,1
SNAPC2,DNAAF5,1,1
SNAPC2,DUS3L,1,1
SNAPC2,EDEM1,1,1
SNAPC2,GPD2,1,1
SNAPC2,IL1RAP,1,1
SNAPC2,KCNC4,1,1
SNAPC2,KIAA0040,1,1
SNAPC2,LIN28B,1,1
SNAPC2,MAGT1,1,1
SNAPC2,NDUFAF2,1,1
SNAPC2,NPAS1,1,1
SNAPC2,PHC2,1,1
SNAPC2,RPN1,1,1
SNAPC2,SEC61A1,1,1
SNAPC2,SH3TC1,1,1
SNAPC2,SRPRB,1,1
SNAPC2,STON2,1,1
SNAPC2,TMEM45A,1,1
SNAPC2,TOR1AIP2,1,1
SNAPC2,TRIM51,1,1
SNAPC2,UBE3C,1,1
SNAPC2,UNC80,1,1
SNAPC2,ZNF654,1,1
ROCK1,ACBD5,1,1
ROCK1,ADGRA3,1,1
ROCK1,BOD1L1,1,1
ROCK1,CALM1,1,1
ROCK1,KDSR,1,1
ROCK1,PTPN9,1,1
ROCK1,PYCR2,1,1
ROCK1,RIPK1,1,1
ROCK1,RSRC2,1,1
C3ORF58,ABCF2,1,1
C3ORF58,GRPEL1,1,1
C3ORF58,KLF16,1,1
C3ORF58,TMEM2,1,1
C3ORF58,YWHAG,1,1
C3ORF58,ZFX,1,1
SLC43A1,APOO,1,1
SLC43A1,BCL7A,1,1
SLC43A1,CISD3,1,1
SLC43A1,CNPY2,1,1
SLC43A1,ETFB,1,1
SLC43A1,FKBP9,1,1
SLC43A1,GLCCI1,1,1
SLC43A1,ID4,1,1
SLC43A1,MAN1B1,1,1
SLC43A1,PGBD1,1,1
SLC43A1,SMAP2,1,1
SLC43A1,TMEM62,1,1
SLC43A1,ZMAT2,1,1
GALNT2,ADAMTS9,1,1
GALNT2,ADCY1,1,1
GALNT2,ANKRD26,1,1
GALNT2,APOO,1,1
GALNT2,ATXN3,1,1
GALNT2,B4GALT4,1,1
GALNT2,C17ORF58,1,1
GALNT2,C8ORF58,1,1
GALNT2,CCSAP,1,1
GALNT2,CHL1,1,1
GALNT2,CLCC1,1,1
GALNT2,CMB9-22P13.1,1,1
GALNT2,COL19A1,1,1
GALNT2,COLGALT1,1,1
GALNT2,CRISPLD1,1,1
GALNT2,CST1,1,1
GALNT2,CXXC1,1,1
GALNT2,DARS2,1,1
GALNT2,DGKH,1,1
GALNT2,DOCK10,1,1
GALNT2,DPY19L1,1,1
GALNT2,EDEM2,1,1
GALNT2,ENOX1,1,1
GALNT2,EPDR1,1,1
GALNT2,ETV1,1,1
GALNT2,FAM122B,1,1
GALNT2,FCGR2A,1,1
GALNT2,FGF13,1,1
GALNT2,FKBP11,1,1
GALNT2,GAD1,1,1
GALNT2,GATA4,1,1
GALNT2,GHR,1,1
GALNT2,GLCCI1,1,1
GALNT2,H1FX,1,1
GALNT2,HMCN1,1,1
GALNT2,ICAM1,1,1
GALNT2,ITGA9,1,1
GALNT2,ITGB5,1,1
GALNT2,KLF6,1,1
GALNT2,KRBA1,1,1
GALNT2,MAN1B1,1,1
GALNT2,MBTPS2,1,1
GALNT2,MEGF10,1,1
GALNT2,METTL14,1,1
GALNT2,MRPL57,1,1
GALNT2,MYH14,1,1
GALNT2,N4BP2L2,1,1
GALNT2,NAPG,1,1
GALNT2,NOMO1,1,1
GALNT2,NSF,1,1
GALNT2,NT5DC2,1,1
GALNT2,PAN3,1,1
GALNT2,PDGFRL,1,1
GALNT2,PGBD1,1,1
GALNT2,PGRMC1,1,1
GALNT2,PI15,1,1
GALNT2,PNMA2,1,1
GALNT2,PPIA,1,1
GALNT2,PSMD9,1,1
GALNT2,PWWP2A,1,1
GALNT2,RAD17,1,1
GALNT2,RBAK,1,1
GALNT2,RCN2,1,1
GALNT2,RHOC,1,1
GALNT2,ROR1,1,1
GALNT2,RPL17,1,1
GALNT2,RPTOR,1,1
GALNT2,RUBCN,1,1
GALNT2,SDSL,1,1
GALNT2,SECISBP2,1,1
GALNT2,SH3GLB2,1,1
GALNT2,SHROOM1,1,1
GALNT2,SLC22A5,1,1
GALNT2,SLC26A2,1,1
GALNT2,SLC35G1,1,1
GALNT2,SLC44A1,1,1
GALNT2,SMAD4,1,1
GALNT2,SMAP2,1,1
GALNT2,SSFA2,1,1
GALNT2,STX2,1,1
GALNT2,SUN2,1,1
GALNT2,TBRG4,1,1
GALNT2,THOC2,1,1
GALNT2,TIMMDC1,1,1
GALNT2,TIPRL,1,1
GALNT2,TMEM14C,1,1
GALNT2,TMEM5,1,1
GALNT2,TMEM62,1,1
GALNT2,ZBTB33,1,1
GALNT2,ZFP28,1,1
GALNT2,ZNF71,1,1
PRKCD,ACAD11,1,1
PRKCD,ARHGAP20,1,1
PRKCD,ASB4,1,1
PRKCD,B3GNT7,1,1
PRKCD,BAALC,1,1
PRKCD,BFSP1,1,1
PRKCD,BMP6,1,1
PRKCD,C12ORF60,1,1
PRKCD,C1ORF115,1,1
PRKCD,C8ORF48,1,1
PRKCD,CACNA1H,1,1
PRKCD,CCDC78,1,1
PRKCD,CHPF,1,1
PRKCD,COQ6,1,1
PRKCD,CSMD1,1,1
PRKCD,CT45A6,1,1
PRKCD,DEPDC7,1,1
PRKCD,DSCR8,1,1
PRKCD,EGFL7,1,1
PRKCD,EYA2,1,1
PRKCD,FAM134B,1,1
PRKCD,FBF1,1,1
PRKCD,FDXR,1,1
PRKCD,FOLH1,1,1
PRKCD,GABRG3,1,1
PRKCD,GAGE12J,1,1
PRKCD,GUCY1B3,1,1
PRKCD,HK1,1,1
PRKCD,IFI16,1,1
PRKCD,ITGAX,1,1
PRKCD,ITIH5,1,1
PRKCD,JSRP1,1,1
PRKCD,KCNG4,1,1
PRKCD,KIFAP3,1,1
PRKCD,LAMC3,1,1
PRKCD,LRP2,1,1
PRKCD,MAPRE3,1,1
PRKCD,MDH2,1,1
PRKCD,NTN1,1,1
PRKCD,OLFM2,1,1
PRKCD,PAGE5,1,1
PRKCD,PEX5L,1,1
PRKCD,PITPNC1,1,1
PRKCD,PPIC,1,1
PRKCD,PYROXD2,1,1
PRKCD,RNASE1,1,1
PRKCD,RP11-111F5.5,1,1
PRKCD,SERPINA3,1,1
PRKCD,SEZ6L2,1,1
PRKCD,SLC40A1,1,1
PRKCD,SOCS2,1,1
PRKCD,SOD3,1,1
PRKCD,SPATS1,1,1
PRKCD,STAT3,1,1
PRKCD,TARS2,1,1
PRKCD,TRPM8,1,1
PRKCD,WNK4,1,1
LYPLAL1,ABCA8,1,1
LYPLAL1,ADAM15,1,1
LYPLAL1,AFAP1L2,1,1
LYPLAL1,AGMO,1,1
LYPLAL1,AKAP6,1,1
LYPLAL1,ALG13,1,1
LYPLAL1,ANKRD45,1,1
LYPLAL1,APOO,1,1
LYPLAL1,ARHGAP20,1,1
LYPLAL1,ARHGAP25,1,1
LYPLAL1,ASB4,1,1
LYPLAL1,ATP1B1,1,1
LYPLAL1,B3GNT7,1,1
LYPLAL1,BST2,1,1
LYPLAL1,CC2D1A,1,1
LYPLAL1,CHPF,1,1
LYPLAL1,COL11A2,1,1
LYPLAL1,COL9A2,1,1
LYPLAL1,COL9A3,1,1
LYPLAL1,COPB2,1,1
LYPLAL1,CSGALNACT1,1,1
LYPLAL1,CSMD1,1,1
LYPLAL1,CT45A1,1,1
LYPLAL1,CT45A10,1,1
LYPLAL1,CT45A6,1,1
LYPLAL1,CT45A8,1,1
LYPLAL1,CT45A9,1,1
LYPLAL1,DMRTA1,1,1
LYPLAL1,DNAJB12,1,1
LYPLAL1,DOK1,1,1
LYPLAL1,EGFLAM,1,1
LYPLAL1,ENAH,1,1
LYPLAL1,ENOX1,1,1
LYPLAL1,EPHA3,1,1
LYPLAL1,ERLIN2,1,1
LYPLAL1,EYA2,1,1
LYPLAL1,FAM188B,1,1
LYPLAL1,FAM198B,1,1
LYPLAL1,FAM212B,1,1
LYPLAL1,FAM86B1,1,1
LYPLAL1,FKBP11,1,1
LYPLAL1,FKBP9P1,1,1
LYPLAL1,FOLH1,1,1
LYPLAL1,GHR,1,1
LYPLAL1,GLUD2,1,1
LYPLAL1,GPC1,1,1
LYPLAL1,GPC4,1,1
LYPLAL1,GRIK2,1,1
LYPLAL1,GRIK4,1,1
LYPLAL1,HS3ST3B1,1,1
LYPLAL1,ID4,1,1
LYPLAL1,IGFBP2,1,1
LYPLAL1,IL1RAP,1,1
LYPLAL1,INTS10,1,1
LYPLAL1,ITGA10,1,1
LYPLAL1,ITIH5,1,1
LYPLAL1,ITIH6,1,1
LYPLAL1,ITPRIPL2,1,1
LYPLAL1,JARID2,1,1
LYPLAL1,LAMA4,1,1
LYPLAL1,LAMC3,1,1
LYPLAL1,LRP2,1,1
LYPLAL1,MAFB,1,1
LYPLAL1,MAMDC2,1,1
LYPLAL1,MATK,1,1
LYPLAL1,MEOX2,1,1
LYPLAL1,MMP15,1,1
LYPLAL1,MRAP2,1,1
LYPLAL1,NOMO3,1,1
LYPLAL1,NPAS1,1,1
LYPLAL1,NTN1,1,1
LYPLAL1,OFD1,1,1
LYPLAL1,P3H1,1,1
LYPLAL1,P3H2,1,1
LYPLAL1,PATZ1,1,1
LYPLAL1,PCDHA10,1,1
LYPLAL1,PCDHB17P,1,1
LYPLAL1,PCDHB5,1,1
LYPLAL1,PCDHB6,1,1
LYPLAL1,PCOLCE2,1,1
LYPLAL1,PDDC1,1,1
LYPLAL1,PIEZO2,1,1
LYPLAL1,PITPNC1,1,1
LYPLAL1,PLBD1,1,1
LYPLAL1,PLEKHS1,1,1
LYPLAL1,PMS2CL,1,1
LYPLAL1,PODXL2,1,1
LYPLAL1,PPIC,1,1
LYPLAL1,PPP2R2B,1,1
LYPLAL1,PRDX6,1,1
LYPLAL1,PTGFRN,1,1
LYPLAL1,PTPRD,1,1
LYPLAL1,RAPGEF5,1,1
LYPLAL1,ROR1,1,1
LYPLAL1,RP11-111F5.5,1,1
LYPLAL1,RPN1,1,1
LYPLAL1,SCARA5,1,1
LYPLAL1,SERPINE2,1,1
LYPLAL1,SEZ6L2,1,1
LYPLAL1,SLC19A3,1,1
LYPLAL1,SLC26A4,1,1
LYPLAL1,SLC39A4,1,1
LYPLAL1,SPARC,1,1
LYPLAL1,SPATS1,1,1
LYPLAL1,SPRY4,1,1
LYPLAL1,SRPRB,1,1
LYPLAL1,STK32B,1,1
LYPLAL1,TBC1D10B,1,1
LYPLAL1,TGFB3,1,1
LYPLAL1,TIMP1,1,1
LYPLAL1,TMEM67,1,1
LYPLAL1,TNFAIP6,1,1
LYPLAL1,TOR3A,1,1
LYPLAL1,TPGS2,1,1
LYPLAL1,TRIM9,1,1
LYPLAL1,TRPM3,1,1
LYPLAL1,TRPM8,1,1
LYPLAL1,TVP23B,1,1
LYPLAL1,UNC80,1,1
LYPLAL1,WNK4,1,1
LYPLAL1,WWTR1,1,1
LYPLAL1,XPR1,1,1
LYPLAL1,ZNF595,1,1
PCDHGA3,ADGRB1,1,1
PCDHGA3,AFAP1L2,1,1
PCDHGA3,AGMO,1,1
PCDHGA3,AKAP6,1,1
PCDHGA3,ALG13,1,1
PCDHGA3,ANGPTL1,1,1
PCDHGA3,ANKRD45,1,1
PCDHGA3,ARHGAP6,1,1
PCDHGA3,ATP11C,1,1
PCDHGA3,ATP9A,1,1
PCDHGA3,B3GALT1,1,1
PCDHGA3,C1QTNF3,1,1
PCDHGA3,CADM4,1,1
PCDHGA3,CELSR1,1,1
PCDHGA3,COLGALT2,1,1
PCDHGA3,CSGALNACT1,1,1
PCDHGA3,CT45A10,1,1
PCDHGA3,CT45A5,1,1
PCDHGA3,CT45A8,1,1
PCDHGA3,CT45A9,1,1
PCDHGA3,CYB561,1,1
PCDHGA3,DDX43,1,1
PCDHGA3,DMRT2,1,1
PCDHGA3,DMRTA1,1,1
PCDHGA3,EGFLAM,1,1
PCDHGA3,ENAH,1,1
PCDHGA3,EPHB3,1,1
PCDHGA3,ERLIN2,1,1
PCDHGA3,FAM212B,1,1
PCDHGA3,FAM86B1,1,1
PCDHGA3,GLUD2,1,1
PCDHGA3,GPC1,1,1
PCDHGA3,GRIK4,1,1
PCDHGA3,IGFBP3,1,1
PCDHGA3,IL13RA2,1,1
PCDHGA3,IL27RA,1,1
PCDHGA3,ITIH6,1,1
PCDHGA3,ITPRIPL2,1,1
PCDHGA3,KCNC3,1,1
PCDHGA3,LAMA4,1,1
PCDHGA3,LONRF2,1,1
PCDHGA3,MAFB,1,1
PCDHGA3,MICALL2,1,1
PCDHGA3,MRPS6,1,1
PCDHGA3,NKX2-5,1,1
PCDHGA3,NPHP1,1,1
PCDHGA3,NR0B1,1,1
PCDHGA3,OLFML3,1,1
PCDHGA3,P3H2,1,1
PCDHGA3,PCDHA10,1,1
PCDHGA3,PCDHA11,1,1
PCDHGA3,PCDHB17P,1,1
PCDHGA3,PCDHB2,1,1
PCDHGA3,PCDHB5,1,1
PCDHGA3,PCDHB6,1,1
PCDHGA3,PCDHB7,1,1
PCDHGA3,PCDHGA7,1,1
PCDHGA3,PCDHGB1,1,1
PCDHGA3,PLEKHS1,1,1
PCDHGA3,PRR4,1,1
PCDHGA3,PRRX1,1,1
PCDHGA3,PTPRZ1,1,1
PCDHGA3,RAB36,1,1
PCDHGA3,RAB7B,1,1
PCDHGA3,RGS5,1,1
PCDHGA3,SCARA5,1,1
PCDHGA3,SERPINE2,1,1
PCDHGA3,SLC35E4,1,1
PCDHGA3,SLC5A3,1,1
PCDHGA3,SNED1,1,1
PCDHGA3,SOX8,1,1
PCDHGA3,SPRY4,1,1
PCDHGA3,ST8SIA5,1,1
PCDHGA3,STK32B,1,1
PCDHGA3,SYTL5,1,1
PCDHGA3,TBXAS1,1,1
PCDHGA3,TCN1,1,1
PCDHGA3,TENM1,1,1
PCDHGA3,TNFAIP6,1,1
PCDHGA3,TRIM51CP,1,1
PCDHGA3,TRIM9,1,1
PCDHGA3,USP9X,1,1
PCDHGA3,XIAP,1,1
PCDHGA3,XYLT1,1,1
PCDHGA3,ZBTB45P2,1,1
PCDHGA3,ZNF536,1,1
PCDHGA3,ZNF595,1,1
SEC14L1,AFAP1L2,1,1
SEC14L1,AGMO,1,1
SEC14L1,ART3,1,1
SEC14L1,ATG101,1,1
SEC14L1,ATP1B1,1,1
SEC14L1,C17ORF96,1,1
SEC14L1,CC2D1A,1,1
SEC14L1,CDK14,1,1
SEC14L1,COL9A2,1,1
SEC14L1,COL9A3,1,1
SEC14L1,COLGALT2,1,1
SEC14L1,COPB2,1,1
SEC14L1,CT45A1,1,1
SEC14L1,CT45A10,1,1
SEC14L1,CT45A8,1,1
SEC14L1,CT45A9,1,1
SEC14L1,CTDSP1,1,1
SEC14L1,DMRTA1,1,1
SEC14L1,DOK1,1,1
SEC14L1,EIF1AX,1,1
SEC14L1,EIF4H,1,1
SEC14L1,ENAH,1,1
SEC14L1,EPHA3,1,1
SEC14L1,EPRS,1,1
SEC14L1,F12,1,1
SEC14L1,FAM212B,1,1
SEC14L1,FAM86B1,1,1
SEC14L1,FREM2,1,1
SEC14L1,GAPDH,1,1
SEC14L1,GPC4,1,1
SEC14L1,IL13RA2,1,1
SEC14L1,ITIH5,1,1
SEC14L1,KIAA1328,1,1
SEC14L1,MAMDC2,1,1
SEC14L1,MATK,1,1
SEC14L1,MEOX2,1,1
SEC14L1,MICALL2,1,1
SEC14L1,MMADHC,1,1
SEC14L1,MMP16,1,1
SEC14L1,NKX2-5,1,1
SEC14L1,NMD3,1,1
SEC14L1,NOC2LP1,1,1
SEC14L1,NOMO3,1,1
SEC14L1,NPAS1,1,1
SEC14L1,OFD1,1,1
SEC14L1,P3H1,1,1
SEC14L1,P3H2,1,1
SEC14L1,PCDHA10,1,1
SEC14L1,PCDHB11,1,1
SEC14L1,PCDHB17P,1,1
SEC14L1,PCDHB2,1,1
SEC14L1,PCDHB5,1,1
SEC14L1,PCDHB7,1,1
SEC14L1,PLEKHS1,1,1
SEC14L1,POLRMT,1,1
SEC14L1,PRDX6,1,1
SEC14L1,PTGFRN,1,1
SEC14L1,RAB7B,1,1
SEC14L1,RBMS1,1,1
SEC14L1,RNF216,1,1
SEC14L1,RPN1,1,1
SEC14L1,RPS6KA3,1,1
SEC14L1,SCARA5,1,1
SEC14L1,SERINC3,1,1
SEC14L1,SERPINE2,1,1
SEC14L1,SLC26A4,1,1
SEC14L1,SPARC,1,1
SEC14L1,SRPRB,1,1
SEC14L1,STK32B,1,1
SEC14L1,TBC1D10B,1,1
SEC14L1,TGFB3,1,1
SEC14L1,TIGD1,1,1
SEC14L1,TMEM67,1,1
SEC14L1,TOR1AIP2,1,1
SEC14L1,TPI1,1,1
SEC14L1,TRIM9,1,1
SEC14L1,TSPAN13,1,1
SEC14L1,UBA1,1,1
SEC14L1,UNC80,1,1
SEC14L1,WT1,1,1
SEC14L1,WWTR1,1,1
SEC14L1,ZNF595,1,1
SEC14L1,BP-21264C1.1,1,1
MRPL4,C17ORF89,1,1
MRPL4,CDK14,1,1
MRPL4,CTU2,1,1
MRPL4,EFNA5,1,1
MRPL4,EIF5A,1,1
MRPL4,EPRS,1,1
MRPL4,GAPDH,1,1
MRPL4,MMADHC,1,1
MRPL4,NOC2LP1,1,1
MRPL4,OFD1,1,1
MRPL4,PELP1,1,1
MRPL4,POLRMT,1,1
MRPL4,PTK7,1,1
MRPL4,SDHD,1,1
MRPL4,SEC31A,1,1
MRPL4,TPI1,1,1
MRPL4,TSPAN13,1,1
MRPL4,ZNF335,1,1
TMEM14C,CLCC1,1,1
TMEM14C,DHX40,1,1
TMEM14C,FAM122B,1,1
TMEM14C,KRBA1,1,1
TMEM14C,MRPL57,1,1
TMEM14C,NOMO1,1,1
TMEM14C,NSF,1,1
TMEM14C,NT5DC2,1,1
TMEM14C,RAB3GAP2,1,1
TMEM14C,RPL17,1,1
TMEM14C,SH3BP5,1,1
TMEM14C,SSFA2,1,1
TMEM14C,STAG2,1,1
TMEM14C,THOC2,1,1
BCL9,ADAM17,1,1
BCL9,ATP13A3,1,1
BCL9,ITGA4,1,1
BCL9,NMD3,1,1
BCL9,PELI1,1,1
BCL9,PURB,1,1
BCL9,SLC7A6OS,1,1
BCL9,STYX,1,1
SMARCA5,MFSD14A,1,1
SMARCA5,RIPK1,1,1
SMARCA5,VPS4B,1,1
CELSR1,ADGRB1,1,1
CELSR1,AFAP1L2,1,1
CELSR1,AGMO,1,1
CELSR1,AKAP6,1,1
CELSR1,ALG13,1,1
CELSR1,ANGPTL1,1,1
CELSR1,ARHGAP6,1,1
CELSR1,ATP11C,1,1
CELSR1,ATP9A,1,1
CELSR1,BST2,1,1
CELSR1,C1QTNF3,1,1
CELSR1,COL11A2,1,1
CELSR1,COL9A3,1,1
CELSR1,CSGALNACT1,1,1
CELSR1,CT45A8,1,1
CELSR1,CT45A9,1,1
CELSR1,CYB561,1,1
CELSR1,DMRT2,1,1
CELSR1,DOK1,1,1
CELSR1,EGFLAM,1,1
CELSR1,EPHA3,1,1
CELSR1,EPHB3,1,1
CELSR1,ERLIN2,1,1
CELSR1,FAM212B,1,1
CELSR1,FAM86B1,1,1
CELSR1,GLUD2,1,1
CELSR1,GPC1,1,1
CELSR1,GRIK2,1,1
CELSR1,GRIK4,1,1
CELSR1,HS3ST3B1,1,1
CELSR1,IGFBP3,1,1
CELSR1,IL13RA2,1,1
CELSR1,IL27RA,1,1
CELSR1,ITPRIPL2,1,1
CELSR1,JKAMP,1,1
CELSR1,KCNC3,1,1
CELSR1,LAMA4,1,1
CELSR1,LONRF2,1,1
CELSR1,MAFB,1,1
CELSR1,MICALL2,1,1
CELSR1,MMP15,1,1
CELSR1,NFIA,1,1
CELSR1,NPHP1,1,1
CELSR1,NR0B1,1,1
CELSR1,OLFML3,1,1
CELSR1,P3H2,1,1
CELSR1,PCDH7,1,1
CELSR1,PCDHA10,1,1
CELSR1,PCDHA11,1,1
CELSR1,PCDHB17P,1,1
CELSR1,PCDHB2,1,1
CELSR1,PCDHGA7,1,1
CELSR1,PCDHGB1,1,1
CELSR1,PMS2CL,1,1
CELSR1,PRRX1,1,1
CELSR1,PTPRZ1,1,1
CELSR1,RAB7B,1,1
CELSR1,RC3H1,1,1
CELSR1,RNF157,1,1
CELSR1,RP11-958N24.2,1,1
CELSR1,S100A13,1,1
CELSR1,SCARA5,1,1
CELSR1,SERPINE2,1,1
CELSR1,SLC5A3,1,1
CELSR1,SNED1,1,1
CELSR1,SOX8,1,1
CELSR1,SPRY4,1,1
CELSR1,ST8SIA5,1,1
CELSR1,STK32B,1,1
CELSR1,SYNE3,1,1
CELSR1,SYTL5,1,1
CELSR1,TCN1,1,1
CELSR1,TIMP1,1,1
CELSR1,TNFAIP6,1,1
CELSR1,TOR3A,1,1
CELSR1,TRIM51CP,1,1
CELSR1,TRIM9,1,1
CELSR1,XIAP,1,1
CELSR1,XPR1,1,1
CELSR1,XYLT1,1,1
CELSR1,ZNF595,1,1
SLC39A4,ABCA8,1,1
SLC39A4,ADGRB1,1,1
SLC39A4,AFAP1L2,1,1
SLC39A4,AGMO,1,1
SLC39A4,AKAP6,1,1
SLC39A4,ALG13,1,1
SLC39A4,ANKRD45,1,1
SLC39A4,ARHGAP20,1,1
SLC39A4,ARHGAP6,1,1
SLC39A4,ART3,1,1
SLC39A4,ASB4,1,1
SLC39A4,ATP9A,1,1
SLC39A4,B3GALT1,1,1
SLC39A4,B3GNT7,1,1
SLC39A4,BMP6,1,1
SLC39A4,BST2,1,1
SLC39A4,C12ORF60,1,1
SLC39A4,C1QTNF3,1,1
SLC39A4,C1ORF115,1,1
SLC39A4,CACNA1H,1,1
SLC39A4,CADM4,1,1
SLC39A4,CC2D1A,1,1
SLC39A4,CCM2,1,1
SLC39A4,CDC42EP3,1,1
SLC39A4,CDH12,1,1
SLC39A4,CHPF,1,1
SLC39A4,CHURC1-FNTB,1,1
SLC39A4,COL11A2,1,1
SLC39A4,COL9A2,1,1
SLC39A4,COL9A3,1,1
SLC39A4,CSGALNACT1,1,1
SLC39A4,CSMD1,1,1
SLC39A4,CT45A1,1,1
SLC39A4,CT45A10,1,1
SLC39A4,CT45A5,1,1
SLC39A4,CT45A6,1,1
SLC39A4,CT45A8,1,1
SLC39A4,CT45A9,1,1
SLC39A4,CYB561,1,1
SLC39A4,DDX43,1,1
SLC39A4,DNAJB6,1,1
SLC39A4,DNAJC30,1,1
SLC39A4,DOK1,1,1
SLC39A4,DSCR8,1,1
SLC39A4,EGFLAM,1,1
SLC39A4,EMILIN1,1,1
SLC39A4,EPHA3,1,1
SLC39A4,EPHB3,1,1
SLC39A4,ERLIN2,1,1
SLC39A4,EYA2,1,1
SLC39A4,FAM212B,1,1
SLC39A4,FAM86B1,1,1
SLC39A4,FOLH1,1,1
SLC39A4,FUNDC1,1,1
SLC39A4,GABRG3,1,1
SLC39A4,GLUD2,1,1
SLC39A4,GPC1,1,1
SLC39A4,GPR37,1,1
SLC39A4,GRIK4,1,1
SLC39A4,GUCY1B3,1,1
SLC39A4,HS3ST3B1,1,1
SLC39A4,IFI16,1,1
SLC39A4,IGFBP2,1,1
SLC39A4,IL13RA2,1,1
SLC39A4,ILK,1,1
SLC39A4,ITGA10,1,1
SLC39A4,ITIH5,1,1
SLC39A4,ITIH6,1,1
SLC39A4,ITPRIPL2,1,1
SLC39A4,JARID2,1,1
SLC39A4,KCNC3,1,1
SLC39A4,KIFAP3,1,1
SLC39A4,LAMA2,1,1
SLC39A4,LAMA4,1,1
SLC39A4,LAMC3,1,1
SLC39A4,MAFB,1,1
SLC39A4,MATK,1,1
SLC39A4,MDH2,1,1
SLC39A4,MEOX2,1,1
SLC39A4,MICALL2,1,1
SLC39A4,MRPS6,1,1
SLC39A4,NDRG1,1,1
SLC39A4,NDUFA8,1,1
SLC39A4,NFIA,1,1
SLC39A4,NKX2-5,1,1
SLC39A4,NPHP1,1,1
SLC39A4,NPTX2,1,1
SLC39A4,NR0B1,1,1
SLC39A4,NTN1,1,1
SLC39A4,P3H1,1,1
SLC39A4,P3H2,1,1
SLC39A4,P3H4,1,1
SLC39A4,PATZ1,1,1
SLC39A4,PCDHA10,1,1
SLC39A4,PCDHB11,1,1
SLC39A4,PCDHB17P,1,1
SLC39A4,PCDHB5,1,1
SLC39A4,PCDHB6,1,1
SLC39A4,PCDHB7,1,1
SLC39A4,PCDHGA7,1,1
SLC39A4,PDDC1,1,1
SLC39A4,PITPNC1,1,1
SLC39A4,PLBD1,1,1
SLC39A4,PLEKHS1,1,1
SLC39A4,PMS2CL,1,1
SLC39A4,POU3F3,1,1
SLC39A4,PPIC,1,1
SLC39A4,PPP2R2B,1,1
SLC39A4,PRRX1,1,1
SLC39A4,PTPRD,1,1
SLC39A4,RCC1L,1,1
SLC39A4,RP11-111F5.5,1,1
SLC39A4,RP11-958N24.2,1,1
SLC39A4,S100A13,1,1
SLC39A4,SBNO2,1,1
SLC39A4,SCARA5,1,1
SLC39A4,SEL1L3,1,1
SLC39A4,SERPINE2,1,1
SLC39A4,SMIM3,1,1
SLC39A4,SPATS1,1,1
SLC39A4,STAT3,1,1
SLC39A4,STK32B,1,1
SLC39A4,TGFB3,1,1
SLC39A4,TIMP1,1,1
SLC39A4,TNFAIP6,1,1
SLC39A4,TOR3A,1,1
SLC39A4,TRIM9,1,1
SLC39A4,TRPM8,1,1
SLC39A4,WNK4,1,1
SLC39A4,ZBTB45P2,1,1
SLC39A4,ZNF595,1,1
ATXN3,ADAMTS9,1,1
ATXN3,ASB9,1,1
ATXN3,ATAT1,1,1
ATXN3,CEP85L,1,1
ATXN3,COL19A1,1,1
ATXN3,DARS2,1,1
ATXN3,DOCK10,1,1
ATXN3,EN2,1,1
ATXN3,EPDR1,1,1
ATXN3,FUCA2,1,1
ATXN3,GATA4,1,1
ATXN3,ICAM1,1,1
ATXN3,MAP2K3,1,1
ATXN3,MEGF10,1,1
ATXN3,MYH14,1,1
ATXN3,NME1-NME2,1,1
ATXN3,NOMO1,1,1
ATXN3,PHB,1,1
ATXN3,PPIA,1,1
ATXN3,RPTOR,1,1
ATXN3,SEMA3D,1,1
ATXN3,SH3GLB2,1,1
ATXN3,SLC7A2,1,1
ATXN3,SOBP,1,1
ATXN3,SSFA2,1,1
ATXN3,SUN2,1,1
ATXN3,TBRG4,1,1
ATXN3,THOC2,1,1
ATXN3,TIPRL,1,1
ATXN3,TMEM5,1,1
ATXN3,UBE3C,1,1
ATXN3,UXS1,1,1
ATXN3,ZFP28,1,1
TRAPPC10,ADGRA3,1,1
TRAPPC10,ANKRD26,1,1
TRAPPC10,DDX59,1,1
TRAPPC10,DGKH,1,1
TRAPPC10,EXTL1,1,1
TRAPPC10,KLF6,1,1
TRAPPC10,MAN1B1,1,1
TRAPPC10,MYH14,1,1
TRAPPC10,PGBD1,1,1
TRAPPC10,PWWP2A,1,1
TRAPPC10,RC3H2,1,1
TRAPPC10,RUBCN,1,1
TRAPPC10,SECISBP2,1,1
TRAPPC10,SLC22A5,1,1
TRAPPC10,SLC44A1,1,1
TRAPPC10,STX2,1,1
TRAPPC10,TIMMDC1,1,1
TRAPPC10,UPF2,1,1
TRAPPC10,ZFP28,1,1
TRAPPC10,ZNF280A,1,1
TRAPPC10,ZNF71,1,1
SRPRB,ACTN2,1,1
SRPRB,AGMO,1,1
SRPRB,ALG13,1,1
SRPRB,ARHGAP25,1,1
SRPRB,ART3,1,1
SRPRB,ATG101,1,1
SRPRB,C16ORF52,1,1
SRPRB,C1QTNF3,1,1
SRPRB,CEP170B,1,1
SRPRB,COL9A3,1,1
SRPRB,COLGALT2,1,1
SRPRB,CSGALNACT1,1,1
SRPRB,DLX2,1,1
SRPRB,DMRTA1,1,1
SRPRB,DNAAF5,1,1
SRPRB,DOK1,1,1
SRPRB,DPY19L1,1,1
SRPRB,DUS3L,1,1
SRPRB,EDEM1,1,1
SRPRB,EIF1AX,1,1
SRPRB,ENAH,1,1
SRPRB,EPHA3,1,1
SRPRB,ERLEC1,1,1
SRPRB,FAM188B,1,1
SRPRB,FAM198B,1,1
SRPRB,FAM212B,1,1
SRPRB,FGF13,1,1
SRPRB,FREM2,1,1
SRPRB,GPC4,1,1
SRPRB,GPD2,1,1
SRPRB,IL1RAP,1,1
SRPRB,IL27RA,1,1
SRPRB,JKAMP,1,1
SRPRB,KCNC3,1,1
SRPRB,KCNK5,1,1
SRPRB,KIAA0040,1,1
SRPRB,LAMA4,1,1
SRPRB,MATK,1,1
SRPRB,MMADHC,1,1
SRPRB,MMP16,1,1
SRPRB,MRAP2,1,1
SRPRB,MTUS1,1,1
SRPRB,NDUFAF2,1,1
SRPRB,NOC2LP1,1,1
SRPRB,NOMO3,1,1
SRPRB,NPAS1,1,1
SRPRB,OFD1,1,1
SRPRB,P3H1,1,1
SRPRB,P3H2,1,1
SRPRB,PCOLCE2,1,1
SRPRB,PDDC1,1,1
SRPRB,PIEZO2,1,1
SRPRB,PRDX6,1,1
SRPRB,PTGFRN,1,1
SRPRB,RAB7B,1,1
SRPRB,RBMS1,1,1
SRPRB,RC3H1,1,1
SRPRB,RNF128,1,1
SRPRB,ROR1,1,1
SRPRB,RPN1,1,1
SRPRB,SEC61A1,1,1
SRPRB,SERPINE2,1,1
SRPRB,SH3TC1,1,1
SRPRB,SLC19A3,1,1
SRPRB,SLC26A4,1,1
SRPRB,SPRY4,1,1
SRPRB,STK32B,1,1
SRPRB,STON2,1,1
SRPRB,TBC1D10B,1,1
SRPRB,TGFB3,1,1
SRPRB,TIMP1,1,1
SRPRB,TMEM67,1,1
SRPRB,TNFAIP6,1,1
SRPRB,TOR1AIP2,1,1
SRPRB,TOR3A,1,1
SRPRB,TPGS2,1,1
SRPRB,TRIM51,1,1
SRPRB,TRIM51CP,1,1
SRPRB,TRIM9,1,1
SRPRB,TSPAN13,1,1
SRPRB,TVP23B,1,1
SRPRB,UNC80,1,1
SRPRB,WWTR1,1,1
SRPRB,XIAP,1,1
SRPRB,XPR1,1,1
SRPRB,ZNF595,1,1
SRPRB,ZNF654,1,1
DMRTA1,ABCA8,1,1
DMRTA1,ADGRB1,1,1
DMRTA1,AFAP1L2,1,1
DMRTA1,AGMO,1,1
DMRTA1,AKAP6,1,1
DMRTA1,ALG13,1,1
DMRTA1,ANGPTL1,1,1
DMRTA1,ANKRD45,1,1
DMRTA1,ARCN1,1,1
DMRTA1,ARHGAP6,1,1
DMRTA1,ART3,1,1
DMRTA1,ASB4,1,1
DMRTA1,ATP1B1,1,1
DMRTA1,ATP9A,1,1
DMRTA1,B3GNT7,1,1
DMRTA1,BST2,1,1
DMRTA1,C17ORF96,1,1
DMRTA1,C1QTNF3,1,1
DMRTA1,CC2D1A,1,1
DMRTA1,CDH12,1,1
DMRTA1,CHURC1-FNTB,1,1
DMRTA1,COL9A2,1,1
DMRTA1,COL9A3,1,1
DMRTA1,COLGALT2,1,1
DMRTA1,CSGALNACT1,1,1
DMRTA1,CT45A1,1,1
DMRTA1,CT45A10,1,1
DMRTA1,CT45A5,1,1
DMRTA1,CT45A6,1,1
DMRTA1,CT45A8,1,1
DMRTA1,CT45A9,1,1
DMRTA1,DLX2,1,1
DMRTA1,DMRT2,1,1
DMRTA1,DOK1,1,1
DMRTA1,EGFLAM,1,1
DMRTA1,EIF1AX,1,1
DMRTA1,EIF1AXP1,1,1
DMRTA1,EIF4H,1,1
DMRTA1,EMILIN1,1,1
DMRTA1,ENAH,1,1
DMRTA1,EPHA3,1,1
DMRTA1,EPHB3,1,1
DMRTA1,ERLIN2,1,1
DMRTA1,EYA2,1,1
DMRTA1,FAM212B,1,1
DMRTA1,FAM86B1,1,1
DMRTA1,FOLH1,1,1
DMRTA1,FOXF1,1,1
DMRTA1,FREM2,1,1
DMRTA1,GLI2,1,1
DMRTA1,GLUD2,1,1
DMRTA1,GPC1,1,1
DMRTA1,GPC4,1,1
DMRTA1,GRIK4,1,1
DMRTA1,HS3ST3B1,1,1
DMRTA1,IGFBP2,1,1
DMRTA1,IGFBP3,1,1
DMRTA1,IL13RA2,1,1
DMRTA1,IL1RAP,1,1
DMRTA1,IL27RA,1,1
DMRTA1,ITIH5,1,1
DMRTA1,ITIH6,1,1
DMRTA1,ITPRIPL2,1,1
DMRTA1,JARID2,1,1
DMRTA1,KCNC3,1,1
DMRTA1,KIAA1328,1,1
DMRTA1,L3HYPDH,1,1
DMRTA1,LAMA2,1,1
DMRTA1,LAMA4,1,1
DMRTA1,LONRF2,1,1
DMRTA1,LRRC75A,1,1
DMRTA1,MAFB,1,1
DMRTA1,MAMDC2,1,1
DMRTA1,MATK,1,1
DMRTA1,MEOX2,1,1
DMRTA1,MICALL2,1,1
DMRTA1,MIPOL1,1,1
DMRTA1,MMP16,1,1
DMRTA1,MRAP2,1,1
DMRTA1,MRPS6,1,1
DMRTA1,NDRG1,1,1
DMRTA1,NKX2-5,1,1
DMRTA1,NPAS1,1,1
DMRTA1,NR0B1,1,1
DMRTA1,NTN1,1,1
DMRTA1,OFD1,1,1
DMRTA1,OLFML3,1,1
DMRTA1,P3H1,1,1
DMRTA1,P3H2,1,1
DMRTA1,P3H4,1,1
DMRTA1,PATZ1,1,1
DMRTA1,PCDHA10,1,1
DMRTA1,PCDHA11,1,1
DMRTA1,PCDHB11,1,1
DMRTA1,PCDHB17P,1,1
DMRTA1,PCDHB2,1,1
DMRTA1,PCDHB5,1,1
DMRTA1,PCDHB6,1,1
DMRTA1,PCDHB7,1,1
DMRTA1,PCDHGA7,1,1
DMRTA1,PCDHGB1,1,1
DMRTA1,PDDC1,1,1
DMRTA1,PITPNC1,1,1
DMRTA1,PLBD1,1,1
DMRTA1,PLEKHS1,1,1
DMRTA1,POLRMT,1,1
DMRTA1,POU3F3,1,1
DMRTA1,PRDX6,1,1
DMRTA1,PRRX1,1,1
DMRTA1,PTGFRN,1,1
DMRTA1,PTPRD,1,1
DMRTA1,RAB7B,1,1
DMRTA1,RAPGEF5,1,1
DMRTA1,RBMS1,1,1
DMRTA1,RNF128,1,1
DMRTA1,RPN1,1,1
DMRTA1,RPS6KA3,1,1
DMRTA1,SCARA5,1,1
DMRTA1,SEL1L3,1,1
DMRTA1,SERINC3,1,1
DMRTA1,SERPINE2,1,1
DMRTA1,SLC1A3,1,1
DMRTA1,SLC26A4,1,1
DMRTA1,SLC35E4,1,1
DMRTA1,SLC43A2,1,1
DMRTA1,SLC5A3,1,1
DMRTA1,SNED1,1,1
DMRTA1,SPRY4,1,1
DMRTA1,ST8SIA5,1,1
DMRTA1,STK32B,1,1
DMRTA1,SYTL5,1,1
DMRTA1,TBC1D10B,1,1
DMRTA1,TBXAS1,1,1
DMRTA1,TCN1,1,1
DMRTA1,TENM1,1,1
DMRTA1,TGFB3,1,1
DMRTA1,TIGD1,1,1
DMRTA1,TIMP1,1,1
DMRTA1,TMEM67,1,1
DMRTA1,TNFAIP6,1,1
DMRTA1,TOR1AIP2,1,1
DMRTA1,TPGS2,1,1
DMRTA1,TRIM51CP,1,1
DMRTA1,TRIM9,1,1
DMRTA1,TRPM8,1,1
DMRTA1,TSPAN13,1,1
DMRTA1,TYW1B,1,1
DMRTA1,UBA1,1,1
DMRTA1,UNC80,1,1
DMRTA1,WNK4,1,1
DMRTA1,WT1,1,1
DMRTA1,WWTR1,1,1
DMRTA1,XIAP,1,1
DMRTA1,XPR1,1,1
DMRTA1,ZBTB45P2,1,1
DMRTA1,ZNF595,1,1
DMRTA1,BP-21264C1.1,1,1
GRPEL1,AASDHPPT,1,1
GRPEL1,ABCF2,1,1
GRPEL1,IRAK4,1,1
GRPEL1,KLF16,1,1
GRPEL1,PSME3,1,1
GRPEL1,RAP1B,1,1
GRPEL1,RRP15,1,1
PPARD,CCSAP,1,1
PPARD,CENPL,1,1
PPARD,COLGALT1,1,1
PPARD,COMMD3,1,1
PPARD,DARS2,1,1
PPARD,DOCK10,1,1
PPARD,FUCA2,1,1
PPARD,HEBP2,1,1
PPARD,HERC4,1,1
PPARD,ICAM1,1,1
PPARD,MEGF10,1,1
PPARD,MRPL32,1,1
PPARD,MTIF2,1,1
PPARD,MYH14,1,1
PPARD,PDGFRL,1,1
PPARD,PHB,1,1
PPARD,PPIA,1,1
PPARD,RBAK,1,1
PPARD,RCN2,1,1
PPARD,SLC4A7,1,1
PPARD,SLC7A2,1,1
PPARD,TBRG4,1,1
PPARD,TMEM5,1,1
PPARD,UBE3C,1,1
RNF5,FLOT1,1,1
RNF5,ZNF721,1,1
ENOX1,AARS2,1,1
ENOX1,ACTN2,1,1
ENOX1,ADAM15,1,1
ENOX1,ADAMTS9,1,1
ENOX1,ADCY1,1,1
ENOX1,ANKRD19P,1,1
ENOX1,ANKRD26,1,1
ENOX1,APOO,1,1
ENOX1,ARHGAP25,1,1
ENOX1,ATP5B,1,1
ENOX1,B4GALT4,1,1
ENOX1,B9D1,1,1
ENOX1,BX004987.1,1,1
ENOX1,CCSAP,1,1
ENOX1,CENPL,1,1
ENOX1,CHST6,1,1
ENOX1,CMB9-22P13.1,1,1
ENOX1,CMTM8,1,1
ENOX1,COLGALT1,1,1
ENOX1,COPB2,1,1
ENOX1,CRISPLD1,1,1
ENOX1,CST1,1,1
ENOX1,DNAJB12,1,1
ENOX1,EIF3I,1,1
ENOX1,EPDR1,1,1
ENOX1,ERLEC1,1,1
ENOX1,ETV1,1,1
ENOX1,EXOC1,1,1
ENOX1,FABP7,1,1
ENOX1,FAM198B,1,1
ENOX1,FCGR2A,1,1
ENOX1,FGF13,1,1
ENOX1,FKBP11,1,1
ENOX1,FKBP9P1,1,1
ENOX1,FYB,1,1
ENOX1,GAD1,1,1
ENOX1,GATA4,1,1
ENOX1,GHR,1,1
ENOX1,GPC4,1,1
ENOX1,HEY2,1,1
ENOX1,HMCES,1,1
ENOX1,HMCN1,1,1
ENOX1,HOXA13,1,1
ENOX1,IARS2,1,1
ENOX1,ICAM1,1,1
ENOX1,ID4,1,1
ENOX1,INTS10,1,1
ENOX1,IPO8,1,1
ENOX1,ITGA9,1,1
ENOX1,ITGB5,1,1
ENOX1,KCNK5,1,1
ENOX1,KDSR,1,1
ENOX1,LAMC3,1,1
ENOX1,LRP2,1,1
ENOX1,METTL14,1,1
ENOX1,MLLT10,1,1
ENOX1,MRAP2,1,1
ENOX1,MYH14,1,1
ENOX1,NAPG,1,1
ENOX1,NOMO1,1,1
ENOX1,NOMO3,1,1
ENOX1,OAZ1,1,1
ENOX1,P3H1,1,1
ENOX1,PCOLCE2,1,1
ENOX1,PDGFRL,1,1
ENOX1,PGRMC1,1,1
ENOX1,PI15,1,1
ENOX1,PIEZO2,1,1
ENOX1,PNMA2,1,1
ENOX1,PODXL2,1,1
ENOX1,PPIA,1,1
ENOX1,PPP1R13B,1,1
ENOX1,PRDX6,1,1
ENOX1,PTGFRN,1,1
ENOX1,RAB23,1,1
ENOX1,RAD17,1,1
ENOX1,RCN2,1,1
ENOX1,RNF216,1,1
ENOX1,ROR1,1,1
ENOX1,SCG2,1,1
ENOX1,SDSL,1,1
ENOX1,SECISBP2,1,1
ENOX1,SEZ6L2,1,1
ENOX1,SHROOM1,1,1
ENOX1,SLC19A3,1,1
ENOX1,SLC22A5,1,1
ENOX1,SLC26A2,1,1
ENOX1,SLC26A4,1,1
ENOX1,SLC35G1,1,1
ENOX1,SLC44A1,1,1
ENOX1,SMAP2,1,1
ENOX1,SPARC,1,1
ENOX1,TBC1D8,1,1
ENOX1,TBRG4,1,1
ENOX1,TMEM62,1,1
ENOX1,TMEM67,1,1
ENOX1,TPGS2,1,1
ENOX1,TRPM3,1,1
ENOX1,TVP23B,1,1
ENOX1,WWTR1,1,1
ENOX1,ZNF280A,1,1
ANKRD45,ABCA8,1,1
ANKRD45,ADGRB1,1,1
ANKRD45,AFAP1L2,1,1
ANKRD45,AGMO,1,1
ANKRD45,AKAP6,1,1
ANKRD45,ALG13,1,1
ANKRD45,ARHGAP20,1,1
ANKRD45,ARHGAP6,1,1
ANKRD45,ASB4,1,1
ANKRD45,ATP1B1,1,1
ANKRD45,ATP9A,1,1
ANKRD45,B3GALT1,1,1
ANKRD45,B3GNT7,1,1
ANKRD45,BFSP1,1,1
ANKRD45,BMP6,1,1
ANKRD45,BST2,1,1
ANKRD45,C12ORF60,1,1
ANKRD45,C1QTNF3,1,1
ANKRD45,CACNA1H,1,1
ANKRD45,CADM4,1,1
ANKRD45,CC2D1A,1,1
ANKRD45,CCDC113,1,1
ANKRD45,CCDC78,1,1
ANKRD45,CDH12,1,1
ANKRD45,CGREF1,1,1
ANKRD45,CHPF,1,1
ANKRD45,CHURC1-FNTB,1,1
ANKRD45,COL11A2,1,1
ANKRD45,COL9A2,1,1
ANKRD45,COL9A3,1,1
ANKRD45,COLGALT2,1,1
ANKRD45,CSMD1,1,1
ANKRD45,CT45A1,1,1
ANKRD45,CT45A10,1,1
ANKRD45,CT45A5,1,1
ANKRD45,CT45A6,1,1
ANKRD45,CT45A8,1,1
ANKRD45,CT45A9,1,1
ANKRD45,DDX43,1,1
ANKRD45,DNAJB6,1,1
ANKRD45,DNAJC30,1,1
ANKRD45,DOK1,1,1
ANKRD45,DSCR8,1,1
ANKRD45,EGFLAM,1,1
ANKRD45,EIF1AXP1,1,1
ANKRD45,EIF4H,1,1
ANKRD45,EMILIN1,1,1
ANKRD45,ENAH,1,1
ANKRD45,EPHB3,1,1
ANKRD45,ERLIN2,1,1
ANKRD45,EYA2,1,1
ANKRD45,FAM212B,1,1
ANKRD45,FAM86B1,1,1
ANKRD45,FOLH1,1,1
ANKRD45,GABRG3,1,1
ANKRD45,GPC1,1,1
ANKRD45,GPC4,1,1
ANKRD45,GRIK4,1,1
ANKRD45,GUCY1B3,1,1
ANKRD45,HS3ST3B1,1,1
ANKRD45,IFI16,1,1
ANKRD45,IGFBP2,1,1
ANKRD45,IL13RA2,1,1
ANKRD45,ITGA10,1,1
ANKRD45,ITGAX,1,1
ANKRD45,ITIH5,1,1
ANKRD45,ITIH6,1,1
ANKRD45,ITPRIPL2,1,1
ANKRD45,JARID2,1,1
ANKRD45,JUNB,1,1
ANKRD45,KCNC3,1,1
ANKRD45,LAMA2,1,1
ANKRD45,LAMA4,1,1
ANKRD45,LAMC3,1,1
ANKRD45,LRP2,1,1
ANKRD45,MAFB,1,1
ANKRD45,MAMDC2,1,1
ANKRD45,MAPRE3,1,1
ANKRD45,MATK,1,1
ANKRD45,MDH2,1,1
ANKRD45,MDM2,1,1
ANKRD45,MEOX2,1,1
ANKRD45,MICALL2,1,1
ANKRD45,MRPS6,1,1
ANKRD45,NDUFA8,1,1
ANKRD45,NKX2-5,1,1
ANKRD45,NPHP1,1,1
ANKRD45,NR0B1,1,1
ANKRD45,NTN1,1,1
ANKRD45,OLFML3,1,1
ANKRD45,OPHN1,1,1
ANKRD45,P3H1,1,1
ANKRD45,P3H2,1,1
ANKRD45,P3H4,1,1
ANKRD45,PATZ1,1,1
ANKRD45,PCDHA10,1,1
ANKRD45,PCDHA11,1,1
ANKRD45,PCDHB11,1,1
ANKRD45,PCDHB17P,1,1
ANKRD45,PCDHB2,1,1
ANKRD45,PCDHB5,1,1
ANKRD45,PCDHB6,1,1
ANKRD45,PCDHB7,1,1
ANKRD45,PCDHGA7,1,1
ANKRD45,PDDC1,1,1
ANKRD45,PITPNC1,1,1
ANKRD45,PLBD1,1,1
ANKRD45,PLEKHS1,1,1
ANKRD45,PMS2CL,1,1
ANKRD45,POU3F3,1,1
ANKRD45,PPIC,1,1
ANKRD45,PPP2R2B,1,1
ANKRD45,PPP3CB,1,1
ANKRD45,PTGFRN,1,1
ANKRD45,PTPRD,1,1
ANKRD45,RANBP17,1,1
ANKRD45,RAPGEF5,1,1
ANKRD45,RP11-111F5.5,1,1
ANKRD45,S100A13,1,1
ANKRD45,SBNO2,1,1
ANKRD45,SCARA5,1,1
ANKRD45,SEL1L3,1,1
ANKRD45,SERPINA3,1,1
ANKRD45,SERPINE2,1,1
ANKRD45,SEZ6L2,1,1
ANKRD45,SLC1A3,1,1
ANKRD45,SLC35E4,1,1
ANKRD45,SMIM3,1,1
ANKRD45,SOCS2,1,1
ANKRD45,SOD3,1,1
ANKRD45,SPATS1,1,1
ANKRD45,STAT3,1,1
ANKRD45,STK32B,1,1
ANKRD45,TCN1,1,1
ANKRD45,TENM1,1,1
ANKRD45,TGFB3,1,1
ANKRD45,TIGD1,1,1
ANKRD45,TNFAIP6,1,1
ANKRD45,TRIM9,1,1
ANKRD45,TRPM8,1,1
ANKRD45,USP9X,1,1
ANKRD45,WNK4,1,1
ANKRD45,WWTR1,1,1
ANKRD45,ZBTB45P2,1,1
ANKRD45,ZNF536,1,1
ANKRD45,ZNF595,1,1
ANKRD45,BP-21264C1.1,1,1
PAN3,ADAMTS9,1,1
PAN3,ANKRD26,1,1
PAN3,B4GALT4,1,1
PAN3,CHL1,1,1
PAN3,CNOT6,1,1
PAN3,COLGALT1,1,1
PAN3,DGKH,1,1
PAN3,DOCK10,1,1
PAN3,DRG2,1,1
PAN3,EIF4B,1,1
PAN3,EXTL1,1,1
PAN3,HERC4,1,1
PAN3,ITGB5,1,1
PAN3,KLF6,1,1
PAN3,MAPK14,1,1
PAN3,MEGF10,1,1
PAN3,METTL14,1,1
PAN3,MRPL57,1,1
PAN3,MYH14,1,1
PAN3,NOMO1,1,1
PAN3,NT5DC2,1,1
PAN3,PDZD4,1,1
PAN3,PGRMC1,1,1
PAN3,PWWP2A,1,1
PAN3,RAD17,1,1
PAN3,RC3H2,1,1
PAN3,RUBCN,1,1
PAN3,SLC22A5,1,1
PAN3,SMAD4,1,1
PAN3,STX2,1,1
PAN3,SUN2,1,1
PAN3,TBRG4,1,1
PAN3,TIMMDC1,1,1
PAN3,TMEM5,1,1
PAN3,UPF2,1,1
PAN3,ZNF280A,1,1
PNMA2,ADAMTS9,1,1
PNMA2,ADCY1,1,1
PNMA2,ANKRD26,1,1
PNMA2,ASB9,1,1
PNMA2,B4GALT4,1,1
PNMA2,BX004987.1,1,1
PNMA2,CCSAP,1,1
PNMA2,CENPL,1,1
PNMA2,CHL1,1,1
PNMA2,CHST6,1,1
PNMA2,CMTM8,1,1
PNMA2,COLGALT1,1,1
PNMA2,DARS2,1,1
PNMA2,DOCK10,1,1
PNMA2,EDEM2,1,1
PNMA2,EPDR1,1,1
PNMA2,ETV1,1,1
PNMA2,FCGR2A,1,1
PNMA2,FGF13,1,1
PNMA2,FKBP11,1,1
PNMA2,FUCA2,1,1
PNMA2,GAD1,1,1
PNMA2,GATA4,1,1
PNMA2,GHR,1,1
PNMA2,HMCES,1,1
PNMA2,HMCN1,1,1
PNMA2,HOXA13,1,1
PNMA2,ICAM1,1,1
PNMA2,IPO8,1,1
PNMA2,ITGA9,1,1
PNMA2,ITGB5,1,1
PNMA2,MAGEC1,1,1
PNMA2,MCTS1,1,1
PNMA2,METTL14,1,1
PNMA2,MGAT5B,1,1
PNMA2,MLLT10,1,1
PNMA2,MRPL57,1,1
PNMA2,MYH14,1,1
PNMA2,NAPG,1,1
PNMA2,NOA1,1,1
PNMA2,NOMO1,1,1
PNMA2,NUDT4,1,1
PNMA2,PDGFRL,1,1
PNMA2,PGRMC1,1,1
PNMA2,PI15,1,1
PNMA2,PIEZO2,1,1
PNMA2,PPIA,1,1
PNMA2,RAD17,1,1
PNMA2,RCN2,1,1
PNMA2,RPTOR,1,1
PNMA2,SLC26A2,1,1
PNMA2,SLC44A1,1,1
PNMA2,SMAD4,1,1
PNMA2,SMAP2,1,1
PNMA2,STX2,1,1
PNMA2,SUN2,1,1
PNMA2,TBRG4,1,1
PNMA2,TIMMDC1,1,1
PNMA2,TIPRL,1,1
PNMA2,TMEM5,1,1
GHR,AARS2,1,1
GHR,ACTN2,1,1
GHR,ADAM15,1,1
GHR,ADAMTS9,1,1
GHR,ADCY1,1,1
GHR,ANKRD19P,1,1
GHR,APOO,1,1
GHR,ARHGAP25,1,1
GHR,B4GALT4,1,1
GHR,CC2D1A,1,1
GHR,CCSAP,1,1
GHR,CENPL,1,1
GHR,CHST6,1,1
GHR,CMB9-22P13.1,1,1
GHR,CMTM8,1,1
GHR,COLGALT1,1,1
GHR,COPB2,1,1
GHR,CRISPLD1,1,1
GHR,CST1,1,1
GHR,DNAJB12,1,1
GHR,DPY19L1,1,1
GHR,EIF3I,1,1
GHR,EPDR1,1,1
GHR,EPHA3,1,1
GHR,ERLEC1,1,1
GHR,ETV1,1,1
GHR,FABP7,1,1
GHR,FAM188B,1,1
GHR,FAM198B,1,1
GHR,FCGR2A,1,1
GHR,FGF13,1,1
GHR,FKBP11,1,1
GHR,FKBP9P1,1,1
GHR,FYB,1,1
GHR,GAD1,1,1
GHR,GPC4,1,1
GHR,GULP1,1,1
GHR,HEY2,1,1
GHR,HMCES,1,1
GHR,HMCN1,1,1
GHR,HOXA13,1,1
GHR,IARS2,1,1
GHR,ICAM1,1,1
GHR,ID4,1,1
GHR,IL1RAP,1,1
GHR,INTS10,1,1
GHR,ITGB5,1,1
GHR,ITIH5,1,1
GHR,KCNK5,1,1
GHR,KDSR,1,1
GHR,LAMC3,1,1
GHR,METTL14,1,1
GHR,MMP15,1,1
GHR,MRAP2,1,1
GHR,MRPL57,1,1
GHR,MYH14,1,1
GHR,NAPG,1,1
GHR,NOMO1,1,1
GHR,NOMO3,1,1
GHR,NPAS1,1,1
GHR,NSF,1,1
GHR,OAZ1,1,1
GHR,P3H1,1,1
GHR,P3H2,1,1
GHR,PCOLCE2,1,1
GHR,PDDC1,1,1
GHR,PDGFRL,1,1
GHR,PGRMC1,1,1
GHR,PI15,1,1
GHR,PIEZO2,1,1
GHR,PODXL2,1,1
GHR,PPIA,1,1
GHR,PPP1R13B,1,1
GHR,PRDX6,1,1
GHR,PTGFRN,1,1
GHR,RAB23,1,1
GHR,RABL6,1,1
GHR,RAD17,1,1
GHR,RCN2,1,1
GHR,RNF216,1,1
GHR,ROR1,1,1
GHR,SCG2,1,1
GHR,SDSL,1,1
GHR,SEZ6L2,1,1
GHR,SHROOM1,1,1
GHR,SLC19A3,1,1
GHR,SLC22A5,1,1
GHR,SLC26A2,1,1
GHR,SLC26A4,1,1
GHR,SLC35G1,1,1
GHR,SLC44A1,1,1
GHR,SMAP2,1,1
GHR,SPARC,1,1
GHR,SPATS1,1,1
GHR,STON2,1,1
GHR,TBC1D10B,1,1
GHR,TBC1D8,1,1
GHR,TBRG4,1,1
GHR,TGFB3,1,1
GHR,TMEM62,1,1
GHR,TMEM67,1,1
GHR,TPGS2,1,1
GHR,TRPM3,1,1
GHR,TVP23B,1,1
GHR,UNC80,1,1
GHR,WWTR1,1,1
GHR,XPR1,1,1
GHR,ZNF736,1,1
DRG2,ANKRD26,1,1
DRG2,ARF6,1,1
DRG2,CALM1,1,1
DRG2,CNOT6,1,1
DRG2,DGKH,1,1
DRG2,EIF4B,1,1
DRG2,METTL14,1,1
DRG2,MICU1,1,1
DRG2,PPP3CC,1,1
DRG2,PWWP2A,1,1
DRG2,RAD17,1,1
DRG2,RC3H2,1,1
DRG2,SMAD4,1,1
DRG2,TIMMDC1,1,1
DRG2,UPF2,1,1
DRG2,VTI1A,1,1
UNC80,ACTN2,1,1
UNC80,ARHGAP25,1,1
UNC80,ART3,1,1
UNC80,ATG101,1,1
UNC80,ATP1B1,1,1
UNC80,C16ORF52,1,1
UNC80,C17ORF96,1,1
UNC80,CC2D1A,1,1
UNC80,CEP170B,1,1
UNC80,COLGALT2,1,1
UNC80,COPB2,1,1
UNC80,CSGALNACT1,1,1
UNC80,DLX2,1,1
UNC80,DNAAF5,1,1
UNC80,DOK1,1,1
UNC80,DPY19L1,1,1
UNC80,DUS3L,1,1
UNC80,EIF1AX,1,1
UNC80,ENAH,1,1
UNC80,EPDR1,1,1
UNC80,EPHA3,1,1
UNC80,ERLEC1,1,1
UNC80,ERLIN2,1,1
UNC80,FAM188B,1,1
UNC80,FAM198B,1,1
UNC80,FAM212B,1,1
UNC80,FAM3C,1,1
UNC80,FGF13,1,1
UNC80,FREM2,1,1
UNC80,GAPDH,1,1
UNC80,GPC4,1,1
UNC80,GPD2,1,1
UNC80,GULP1,1,1
UNC80,ICAM1,1,1
UNC80,IL1RAP,1,1
UNC80,IL27RA,1,1
UNC80,ITGA4,1,1
UNC80,KCNC3,1,1
UNC80,KCNK5,1,1
UNC80,KIAA0040,1,1
UNC80,LAMA4,1,1
UNC80,MATK,1,1
UNC80,MMADHC,1,1
UNC80,MMP16,1,1
UNC80,MRAP2,1,1
UNC80,NDUFAF2,1,1
UNC80,NOC2LP1,1,1
UNC80,NOMO3,1,1
UNC80,NPAS1,1,1
UNC80,OFD1,1,1
UNC80,P3H1,1,1
UNC80,P3H2,1,1
UNC80,PCOLCE2,1,1
UNC80,PDDC1,1,1
UNC80,PIEZO2,1,1
UNC80,PRDX6,1,1
UNC80,PTGFRN,1,1
UNC80,RAB7B,1,1
UNC80,RABL6,1,1
UNC80,RBMS1,1,1
UNC80,RCN2,1,1
UNC80,RNF128,1,1
UNC80,RNF216,1,1
UNC80,ROR1,1,1
UNC80,RPN1,1,1
UNC80,SCG2,1,1
UNC80,SEC61A1,1,1
UNC80,SERPINE2,1,1
UNC80,SLC19A3,1,1
UNC80,SLC26A4,1,1
UNC80,SPARC,1,1
UNC80,SPRY4,1,1
UNC80,STK32B,1,1
UNC80,STON2,1,1
UNC80,TBC1D10B,1,1
UNC80,TGFB3,1,1
UNC80,TIGD1,1,1
UNC80,TIMP1,1,1
UNC80,TMEM67,1,1
UNC80,TNFAIP6,1,1
UNC80,TOR1AIP2,1,1
UNC80,TOR3A,1,1
UNC80,TPGS2,1,1
UNC80,TRIM51CP,1,1
UNC80,TRIM9,1,1
UNC80,TSPAN13,1,1
UNC80,TVP23B,1,1
UNC80,WWTR1,1,1
UNC80,XIAP,1,1
UNC80,XPR1,1,1
UNC80,ZNF595,1,1
UNC80,ZNF654,1,1
C18ORF8,CDK14,1,1
C18ORF8,F12,1,1
C18ORF8,GATB,1,1
C18ORF8,PHKA1,1,1
C18ORF8,PSMD10,1,1
C18ORF8,RPS6KA3,1,1
IFI35,BIN3,1,1
IFI35,EXTL1,1,1
IFI35,GNAO1,1,1
IFI35,HOXA13,1,1
IFI35,ITGA9,1,1
IFI35,KDELR3,1,1
IFI35,PC,1,1
IFI35,PLSCR4,1,1
IFI35,ZNF280A,1,1
PTPRD,ABCA8,1,1
PTPRD,ADGRB1,1,1
PTPRD,AFAP1L2,1,1
PTPRD,AGMO,1,1
PTPRD,AKAP6,1,1
PTPRD,ALG13,1,1
PTPRD,ARHGAP6,1,1
PTPRD,ART3,1,1
PTPRD,ASB4,1,1
PTPRD,ATP1B1,1,1
PTPRD,ATP9A,1,1
PTPRD,B3GNT7,1,1
PTPRD,BMP6,1,1
PTPRD,BST2,1,1
PTPRD,C1QTNF3,1,1
PTPRD,CADM4,1,1
PTPRD,CC2D1A,1,1
PTPRD,CDC42EP3,1,1
PTPRD,CDH12,1,1
PTPRD,CHURC1-FNTB,1,1
PTPRD,COL9A2,1,1
PTPRD,COL9A3,1,1
PTPRD,COLGALT2,1,1
PTPRD,CSMD1,1,1
PTPRD,CT45A1,1,1
PTPRD,CT45A10,1,1
PTPRD,CT45A5,1,1
PTPRD,CT45A6,1,1
PTPRD,CT45A8,1,1
PTPRD,CT45A9,1,1
PTPRD,CYB561,1,1
PTPRD,DNAJB6,1,1
PTPRD,DNAJC30,1,1
PTPRD,DOK1,1,1
PTPRD,DSCR8,1,1
PTPRD,EGFLAM,1,1
PTPRD,EIF4H,1,1
PTPRD,EMILIN1,1,1
PTPRD,EPHA3,1,1
PTPRD,EPHB3,1,1
PTPRD,EYA2,1,1
PTPRD,FAM212B,1,1
PTPRD,FAM86B1,1,1
PTPRD,FOLH1,1,1
PTPRD,FOXF1,1,1
PTPRD,FREM2,1,1
PTPRD,GABRG3,1,1
PTPRD,GLI2,1,1
PTPRD,GPC1,1,1
PTPRD,GRIK4,1,1
PTPRD,GUCY1B3,1,1
PTPRD,HS3ST3B1,1,1
PTPRD,IGFBP2,1,1
PTPRD,IL13RA2,1,1
PTPRD,IL27RA,1,1
PTPRD,ITGA10,1,1
PTPRD,ITIH5,1,1
PTPRD,ITIH6,1,1
PTPRD,ITPRIPL2,1,1
PTPRD,JARID2,1,1
PTPRD,KCNC3,1,1
PTPRD,LAMA2,1,1
PTPRD,LAMA4,1,1
PTPRD,MAFB,1,1
PTPRD,MAMDC2,1,1
PTPRD,MATK,1,1
PTPRD,MEOX2,1,1
PTPRD,MICALL2,1,1
PTPRD,MRPS6,1,1
PTPRD,NDRG1,1,1
PTPRD,NDUFA8,1,1
PTPRD,NKX2-5,1,1
PTPRD,NPHP1,1,1
PTPRD,NPTX2,1,1
PTPRD,NR0B1,1,1
PTPRD,NTN1,1,1
PTPRD,OLFML3,1,1
PTPRD,P3H1,1,1
PTPRD,P3H4,1,1
PTPRD,PATZ1,1,1
PTPRD,PCDHA10,1,1
PTPRD,PCDHA11,1,1
PTPRD,PCDHB11,1,1
PTPRD,PCDHB17P,1,1
PTPRD,PCDHB2,1,1
PTPRD,PCDHB5,1,1
PTPRD,PCDHB6,1,1
PTPRD,PCDHB7,1,1
PTPRD,PCDHGA7,1,1
PTPRD,PDDC1,1,1
PTPRD,PITPNC1,1,1
PTPRD,PLBD1,1,1
PTPRD,PLEKHS1,1,1
PTPRD,PMS2CL,1,1
PTPRD,POU3F3,1,1
PTPRD,PPIC,1,1
PTPRD,PPP2R2B,1,1
PTPRD,PRRX1,1,1
PTPRD,RANBP17,1,1
PTPRD,RGS16,1,1
PTPRD,RP11-111F5.5,1,1
PTPRD,S100A13,1,1
PTPRD,SBNO2,1,1
PTPRD,SCARA5,1,1
PTPRD,SEL1L3,1,1
PTPRD,SERPINE2,1,1
PTPRD,SLC1A3,1,1
PTPRD,SLC35E4,1,1
PTPRD,SLC43A2,1,1
PTPRD,SMIM3,1,1
PTPRD,STK32B,1,1
PTPRD,SYTL5,1,1
PTPRD,TBXAS1,1,1
PTPRD,TCN1,1,1
PTPRD,TENM1,1,1
PTPRD,TGFB3,1,1
PTPRD,TIGD1,1,1
PTPRD,TNFAIP6,1,1
PTPRD,TRIM9,1,1
PTPRD,TSPAN13,1,1
PTPRD,TYW1B,1,1
PTPRD,WNK4,1,1
PTPRD,ZBTB45P2,1,1
PTPRD,ZNF595,1,1
PTPRD,BP-21264C1.1,1,1
UBE3C,B3GNT2,1,1
UBE3C,CENPL,1,1
UBE3C,CEP170B,1,1
UBE3C,COL19A1,1,1
UBE3C,COX18,1,1
UBE3C,DARS2,1,1
UBE3C,DDX56,1,1
UBE3C,DPY19L1,1,1
UBE3C,DUS3L,1,1
UBE3C,EPDR1,1,1
UBE3C,ERLEC1,1,1
UBE3C,FAM3C,1,1
UBE3C,GPD2,1,1
UBE3C,ICAM1,1,1
UBE3C,KCNK5,1,1
UBE3C,LIN28B,1,1
UBE3C,MAGT1,1,1
UBE3C,MEGF10,1,1
UBE3C,NDUFAF2,1,1
UBE3C,PHB,1,1
UBE3C,SEC61A1,1,1
UBE3C,SEMA3D,1,1
UBE3C,SLC7A2,1,1
UBE3C,SWAP70,1,1
UBE3C,TMEM45A,1,1
UBE3C,TMEM87A,1,1
UBE3C,TMEM87B,1,1
UBE3C,TPM3P9,1,1
UBE3C,UXS1,1,1
BORCS7,AMZ2,1,1
BORCS7,C8ORF58,1,1
BORCS7,COPG1,1,1
BORCS7,CRISPLD1,1,1
BORCS7,FKBP9,1,1
BORCS7,FKBP9P1,1,1
BORCS7,IFI16,1,1
BORCS7,IL13RA1,1,1
BORCS7,KIFAP3,1,1
BORCS7,LRP4,1,1
BORCS7,MAP7D3,1,1
BORCS7,PSMD9,1,1
BORCS7,SDSL,1,1
BORCS7,STAT3,1,1
STYXL1,ANKH,1,1
STYXL1,BATF3,1,1
STYXL1,CTDP1,1,1
STYXL1,EHBP1,1,1
STYXL1,F12,1,1
STYXL1,GDNF,1,1
STYXL1,ICAM5,1,1
STYXL1,MAPK11,1,1
STYXL1,PHKA1,1,1
STYXL1,PKD1P5,1,1
STYXL1,PSMD10,1,1
STYXL1,SDHD,1,1
STYXL1,SEC23A,1,1
STYXL1,SRPX2,1,1
STYXL1,ZFYVE27,1,1
STYXL1,BP-21264C1.1,1,1
GAPDH,ATG101,1,1
GAPDH,CD55,1,1
GAPDH,CDK14,1,1
GAPDH,CTU2,1,1
GAPDH,EIF3I,1,1
GAPDH,EIF5A,1,1
GAPDH,EPRS,1,1
GAPDH,ERCC6,1,1
GAPDH,ITGA4,1,1
GAPDH,MAPK11,1,1
GAPDH,MIER2,1,1
GAPDH,MMADHC,1,1
GAPDH,MORF4L2,1,1
GAPDH,MPLKIP,1,1
GAPDH,NMD3,1,1
GAPDH,NOC2LP1,1,1
GAPDH,OFD1,1,1
GAPDH,POLRMT,1,1
GAPDH,PSMG3,1,1
GAPDH,PTK7,1,1
GAPDH,SDHD,1,1
GAPDH,SLC7A6OS,1,1
GAPDH,SPARC,1,1
GAPDH,STYX,1,1
GAPDH,TBC1D10B,1,1
GAPDH,TPI1,1,1
GAPDH,TSPAN13,1,1
GAPDH,UCK1,1,1
FAM122B,BCL7A,1,1
FAM122B,C8ORF58,1,1
FAM122B,CLCC1,1,1
FAM122B,COMMD3,1,1
FAM122B,DOCK4,1,1
FAM122B,ETV1,1,1
FAM122B,GLCCI1,1,1
FAM122B,KRBA1,1,1
FAM122B,MAML2,1,1
FAM122B,N4BP2L2,1,1
FAM122B,NOMO1,1,1
FAM122B,NSF,1,1
FAM122B,NT5DC2,1,1
FAM122B,ROR1,1,1
FAM122B,RPL17,1,1
FAM122B,SHROOM1,1,1
FAM122B,SOX5,1,1
FAM122B,SSFA2,1,1
FAM122B,STAG2,1,1
FAM122B,SWAP70,1,1
FAM122B,THOC2,1,1
FAM122B,TMEM5,1,1
FAM122B,TMEM87A,1,1
FAM122B,ZBTB33,1,1
KCNK5,ACTN2,1,1
KCNK5,ARHGAP25,1,1
KCNK5,C16ORF52,1,1
KCNK5,CENPL,1,1
KCNK5,CEP170B,1,1
KCNK5,CLCC1,1,1
KCNK5,COL19A1,1,1
KCNK5,COLGALT1,1,1
KCNK5,COPB2,1,1
KCNK5,COX18,1,1
KCNK5,CSGALNACT1,1,1
KCNK5,DOCK4,1,1
KCNK5,DPY19L1,1,1
KCNK5,DUS3L,1,1
KCNK5,EDEM1,1,1
KCNK5,ENAH,1,1
KCNK5,EPDR1,1,1
KCNK5,EPHA3,1,1
KCNK5,ERLEC1,1,1
KCNK5,ETV1,1,1
KCNK5,FAM188B,1,1
KCNK5,FAM198B,1,1
KCNK5,FAM3C,1,1
KCNK5,FCGR2A,1,1
KCNK5,FGF13,1,1
KCNK5,FKBP9P1,1,1
KCNK5,GPC4,1,1
KCNK5,GPD2,1,1
KCNK5,GULP1,1,1
KCNK5,ICAM1,1,1
KCNK5,IL1RAP,1,1
KCNK5,KCNC4,1,1
KCNK5,KIAA0040,1,1
KCNK5,LIN28B,1,1
KCNK5,MAGT1,1,1
KCNK5,MAN1A2,1,1
KCNK5,MEGF10,1,1
KCNK5,MRAP2,1,1
KCNK5,MTUS1,1,1
KCNK5,NDUFAF2,1,1
KCNK5,NOC2LP1,1,1
KCNK5,NOMO3,1,1
KCNK5,NPAS1,1,1
KCNK5,NSF,1,1
KCNK5,P3H2,1,1
KCNK5,PCOLCE2,1,1
KCNK5,PDGFRL,1,1
KCNK5,PIEZO2,1,1
KCNK5,PRDX6,1,1
KCNK5,PTGFRN,1,1
KCNK5,RABL6,1,1
KCNK5,RAD17,1,1
KCNK5,RCN2,1,1
KCNK5,ROR1,1,1
KCNK5,RPN1,1,1
KCNK5,SCG2,1,1
KCNK5,SEC61A1,1,1
KCNK5,SEMA3D,1,1
KCNK5,SLC19A3,1,1
KCNK5,SLC26A2,1,1
KCNK5,SLC26A4,1,1
KCNK5,SPRY4,1,1
KCNK5,STIM2,1,1
KCNK5,STON2,1,1
KCNK5,SWAP70,1,1
KCNK5,TIMP1,1,1
KCNK5,TMEM45A,1,1
KCNK5,TMEM5,1,1
KCNK5,TMEM67,1,1
KCNK5,TNFAIP6,1,1
KCNK5,TOR1AIP2,1,1
KCNK5,TOR3A,1,1
KCNK5,TPGS2,1,1
KCNK5,TPM3P9,1,1
KCNK5,TRIM51,1,1
KCNK5,TRIM51CP,1,1
KCNK5,TVP23B,1,1
KCNK5,WWTR1,1,1
KCNK5,XIAP,1,1
KCNK5,XPR1,1,1
KCNK5,ZBTB33,1,1
KCNK5,ZNF654,1,1
TPGS2,ACTN2,1,1
TPGS2,ADAM15,1,1
TPGS2,ALG13,1,1
TPGS2,APOO,1,1
TPGS2,ARHGAP25,1,1
TPGS2,ART3,1,1
TPGS2,CC2D1A,1,1
TPGS2,CHPF,1,1
TPGS2,COL9A3,1,1
TPGS2,COPB2,1,1
TPGS2,CSGALNACT1,1,1
TPGS2,DOK1,1,1
TPGS2,DPY19L1,1,1
TPGS2,ENAH,1,1
TPGS2,EPHA3,1,1
TPGS2,ERLIN2,1,1
TPGS2,FAM188B,1,1
TPGS2,FAM198B,1,1
TPGS2,FAM212B,1,1
TPGS2,FGF13,1,1
TPGS2,FKBP9P1,1,1
TPGS2,GLUD2,1,1
TPGS2,GPC4,1,1
TPGS2,GRIK2,1,1
TPGS2,HMCES,1,1
TPGS2,ICAM1,1,1
TPGS2,ID4,1,1
TPGS2,IL1RAP,1,1
TPGS2,INTS10,1,1
TPGS2,ITIH5,1,1
TPGS2,ITPRIPL2,1,1
TPGS2,LAMA4,1,1
TPGS2,LAMC3,1,1
TPGS2,MAFB,1,1
TPGS2,MATK,1,1
TPGS2,MMP15,1,1
TPGS2,MRAP2,1,1
TPGS2,NOMO3,1,1
TPGS2,NPAS1,1,1
TPGS2,NSF,1,1
TPGS2,OFD1,1,1
TPGS2,P3H1,1,1
TPGS2,P3H2,1,1
TPGS2,PCOLCE2,1,1
TPGS2,PDDC1,1,1
TPGS2,PIEZO2,1,1
TPGS2,PLEKHS1,1,1
TPGS2,PMS2CL,1,1
TPGS2,PPIC,1,1
TPGS2,PRDX6,1,1
TPGS2,PTGFRN,1,1
TPGS2,RABL6,1,1
TPGS2,RNF216,1,1
TPGS2,ROR1,1,1
TPGS2,RPN1,1,1
TPGS2,SCG2,1,1
TPGS2,SERPINE2,1,1
TPGS2,SEZ6L2,1,1
TPGS2,SLC19A3,1,1
TPGS2,SLC26A4,1,1
TPGS2,SMAP2,1,1
TPGS2,SPARC,1,1
TPGS2,SPRY4,1,1
TPGS2,STK32B,1,1
TPGS2,STON2,1,1
TPGS2,TBC1D10B,1,1
TPGS2,TGFB3,1,1
TPGS2,TIMP1,1,1
TPGS2,TMEM67,1,1
TPGS2,TNFAIP6,1,1
TPGS2,TOR3A,1,1
TPGS2,TRIM9,1,1
TPGS2,TVP23B,1,1
TPGS2,WWTR1,1,1
TPGS2,XIAP,1,1
TPGS2,XPR1,1,1
TPGS2,ZNF595,1,1
TPGS2,ZNF736,1,1
DARS2,ADAMTS9,1,1
DARS2,ASB9,1,1
DARS2,ATAT1,1,1
DARS2,ATP5B,1,1
DARS2,BX004987.1,1,1
DARS2,CCSAP,1,1
DARS2,CENPL,1,1
DARS2,CEP85L,1,1
DARS2,CHL1,1,1
DARS2,CMTM8,1,1
DARS2,CNKSR3,1,1
DARS2,COL19A1,1,1
DARS2,COLGALT1,1,1
DARS2,DOCK10,1,1
DARS2,EN2,1,1
DARS2,EPDR1,1,1
DARS2,FCGR2A,1,1
DARS2,FGF13,1,1
DARS2,FUCA2,1,1
DARS2,GATA4,1,1
DARS2,GPD2,1,1
DARS2,ICAM1,1,1
DARS2,IPO8,1,1
DARS2,KDM1B,1,1
DARS2,LIN28B,1,1
DARS2,MAGEC1,1,1
DARS2,MBTPS2,1,1
DARS2,MCTS1,1,1
DARS2,MEGF10,1,1
DARS2,MGAT5B,1,1
DARS2,MLLT10,1,1
DARS2,MTIF2,1,1
DARS2,MYH14,1,1
DARS2,NAPG,1,1
DARS2,NOA1,1,1
DARS2,NOMO1,1,1
DARS2,PDGFRL,1,1
DARS2,PHB,1,1
DARS2,PI15,1,1
DARS2,PPIA,1,1
DARS2,RBAK,1,1
DARS2,RCN2,1,1
DARS2,RPTOR,1,1
DARS2,SECISBP2,1,1
DARS2,SEMA3D,1,1
DARS2,SH3GLB2,1,1
DARS2,SLC26A2,1,1
DARS2,SLC4A7,1,1
DARS2,SLC7A2,1,1
DARS2,SOBP,1,1
DARS2,SSFA2,1,1
DARS2,SUN2,1,1
DARS2,TBRG4,1,1
DARS2,TIPRL,1,1
DARS2,TMEM5,1,1
DARS2,UXS1,1,1
MDH2,ABCA8,1,1
MDH2,ADAP1,1,1
MDH2,ARHGAP20,1,1
MDH2,ASB4,1,1
MDH2,B3GNT7,1,1
MDH2,BAALC,1,1
MDH2,BFSP1,1,1
MDH2,BMP6,1,1
MDH2,BST2,1,1
MDH2,C12ORF60,1,1
MDH2,C1ORF115,1,1
MDH2,CACNA1H,1,1
MDH2,CCDC113,1,1
MDH2,CGREF1,1,1
MDH2,CHRDL1,1,1
MDH2,CHURC1-FNTB,1,1
MDH2,COASY,1,1
MDH2,COL9A2,1,1
MDH2,COL9A3,1,1
MDH2,COQ3,1,1
MDH2,COQ6,1,1
MDH2,CSMD1,1,1
MDH2,CT45A1,1,1
MDH2,CT45A10,1,1
MDH2,CT45A6,1,1
MDH2,CT45A8,1,1
MDH2,CT45A9,1,1
MDH2,DEPDC7,1,1
MDH2,DNAJB6,1,1
MDH2,DNAJC30,1,1
MDH2,DSCR8,1,1
MDH2,EGFL7,1,1
MDH2,EMILIN1,1,1
MDH2,EYA2,1,1
MDH2,FAM134B,1,1
MDH2,FOLH1,1,1
MDH2,GABRG3,1,1
MDH2,GAGE12J,1,1
MDH2,GAGE2E,1,1
MDH2,GUCY1B3,1,1
MDH2,IFI16,1,1
MDH2,IGFBP2,1,1
MDH2,ITGA10,1,1
MDH2,ITGAX,1,1
MDH2,ITIH5,1,1
MDH2,KCNG4,1,1
MDH2,LAMA2,1,1
MDH2,LAMC3,1,1
MDH2,LRP2,1,1
MDH2,MAMDC2,1,1
MDH2,MAPRE3,1,1
MDH2,MEOX2,1,1
MDH2,NDUFA8,1,1
MDH2,NTN1,1,1
MDH2,OAZ1,1,1
MDH2,OLFM2,1,1
MDH2,P3H4,1,1
MDH2,PAGE5,1,1
MDH2,PATZ1,1,1
MDH2,PCDHB11,1,1
MDH2,PCDHB5,1,1
MDH2,PCDHB6,1,1
MDH2,PCDHB7,1,1
MDH2,PITPNC1,1,1
MDH2,PLBD1,1,1
MDH2,POU3F3,1,1
MDH2,PPIC,1,1
MDH2,PPP2R2B,1,1
MDH2,RGS16,1,1
MDH2,SERPINA3,1,1
MDH2,SLC40A1,1,1
MDH2,SMIM3,1,1
MDH2,SOCS2,1,1
MDH2,SOD3,1,1
MDH2,SPATS1,1,1
MDH2,TACO1,1,1
MDH2,TRPM8,1,1
MDH2,WNK4,1,1
RAB36,ANGPTL1,1,1
RAB36,ATXN1,1,1
RAB36,C1QTNF3,1,1
RAB36,CHPF2,1,1
RAB36,DMRT2,1,1
RAB36,DUSP2,1,1
RAB36,EBF3,1,1
RAB36,EPHB3,1,1
RAB36,F2RL1,1,1
RAB36,GLI2,1,1
RAB36,IL27RA,1,1
RAB36,JKAMP,1,1
RAB36,LONRF2,1,1
RAB36,OLFML3,1,1
RAB36,PCDHA11,1,1
RAB36,PCDHB2,1,1
RAB36,PCDHGA7,1,1
RAB36,PCDHGB1,1,1
RAB36,PRRX1,1,1
RAB36,SERTAD4,1,1
RAB36,SLC43A2,1,1
RAB36,SLC5A3,1,1
RAB36,SNED1,1,1
RAB36,SOX8,1,1
RAB36,ST8SIA5,1,1
RAB36,SYTL5,1,1
RAB36,TBXAS1,1,1
RAB36,TCN1,1,1
RAB36,TMEM2,1,1
RAB36,TRIM51CP,1,1
RAB36,ZBTB45P2,1,1
RAB36,ZNF860,1,1
CDKL1,ADORA2B,1,1
CDKL1,ANKH,1,1
CDKL1,BATF3,1,1
CDKL1,C16ORF72,1,1
CDKL1,C17ORF89,1,1
CDKL1,CPNE3,1,1
CDKL1,DUSP23,1,1
CDKL1,F11R,1,1
CDKL1,FGFRL1,1,1
CDKL1,FRMD6,1,1
CDKL1,HOXC8,1,1
CDKL1,HS6ST2,1,1
CDKL1,KDM6A,1,1
CDKL1,LANCL3,1,1
CDKL1,LIMS1,1,1
CDKL1,MIPOL1,1,1
CDKL1,NFIC,1,1
CDKL1,PACRGL,1,1
CDKL1,PKD1P5,1,1
CDKL1,PRKAR1B,1,1
CDKL1,PTPN12,1,1
CDKL1,RND3,1,1
CDKL1,SRPX2,1,1
CDKL1,TYW1B,1,1
CDKL1,UBA5,1,1
CDKL1,VCAN,1,1
CDKL1,WDR11,1,1
CDKL1,WT1,1,1
CDKL1,YBX3,1,1
CDKL1,YWHAG,1,1
CDKL1,ZNF107,1,1
CDKL1,ZNF335,1,1
OLFML3,ADGRB1,1,1
OLFML3,AFAP1L2,1,1
OLFML3,AGMO,1,1
OLFML3,AKAP6,1,1
OLFML3,ALG13,1,1
OLFML3,ANGPTL1,1,1
OLFML3,ARHGAP6,1,1
OLFML3,ART3,1,1
OLFML3,ATP11C,1,1
OLFML3,ATP9A,1,1
OLFML3,ATXN1,1,1
OLFML3,BST2,1,1
OLFML3,C1QTNF3,1,1
OLFML3,CHURC1-FNTB,1,1
OLFML3,COL9A2,1,1
OLFML3,COL9A3,1,1
OLFML3,COLGALT2,1,1
OLFML3,CSGALNACT1,1,1
OLFML3,CT45A1,1,1
OLFML3,CT45A10,1,1
OLFML3,CT45A5,1,1
OLFML3,CT45A8,1,1
OLFML3,CT45A9,1,1
OLFML3,CYB561,1,1
OLFML3,DDX43,1,1
OLFML3,DLX2,1,1
OLFML3,DMRT2,1,1
OLFML3,DOK1,1,1
OLFML3,DUSP2,1,1
OLFML3,EGFLAM,1,1
OLFML3,EIF4H,1,1
OLFML3,ENAH,1,1
OLFML3,EPHA3,1,1
OLFML3,EPHB3,1,1
OLFML3,ERLIN2,1,1
OLFML3,FAM212B,1,1
OLFML3,FAM86B1,1,1
OLFML3,FOXF1,1,1
OLFML3,FREM2,1,1
OLFML3,GLI2,1,1
OLFML3,GLUD2,1,1
OLFML3,GPC1,1,1
OLFML3,GRIK4,1,1
OLFML3,HS3ST3B1,1,1
OLFML3,IGFBP3,1,1
OLFML3,IL13RA2,1,1
OLFML3,IL27RA,1,1
OLFML3,ITIH6,1,1
OLFML3,ITPRIPL2,1,1
OLFML3,JARID2,1,1
OLFML3,JKAMP,1,1
OLFML3,KCNC3,1,1
OLFML3,KIAA0040,1,1
OLFML3,KIAA1671,1,1
OLFML3,LAMA4,1,1
OLFML3,LONRF2,1,1
OLFML3,MAFB,1,1
OLFML3,MEOX2,1,1
OLFML3,MICALL2,1,1
OLFML3,MMP16,1,1
OLFML3,MRPS6,1,1
OLFML3,NDRG1,1,1
OLFML3,NKX2-5,1,1
OLFML3,NR0B1,1,1
OLFML3,P3H2,1,1
OLFML3,PATZ1,1,1
OLFML3,PCDHA10,1,1
OLFML3,PCDHA11,1,1
OLFML3,PCDHB17P,1,1
OLFML3,PCDHB2,1,1
OLFML3,PCDHB5,1,1
OLFML3,PCDHB6,1,1
OLFML3,PCDHB7,1,1
OLFML3,PCDHGA7,1,1
OLFML3,PCDHGB1,1,1
OLFML3,PLEKHS1,1,1
OLFML3,POU3F3,1,1
OLFML3,PRR4,1,1
OLFML3,PRRX1,1,1
OLFML3,RAB7B,1,1
OLFML3,RBMS1,1,1
OLFML3,RGS5,1,1
OLFML3,RNF128,1,1
OLFML3,RPN1,1,1
OLFML3,S100A13,1,1
OLFML3,SCARA5,1,1
OLFML3,SERPINE2,1,1
OLFML3,SLC35E4,1,1
OLFML3,SLC43A2,1,1
OLFML3,SLC5A3,1,1
OLFML3,SNED1,1,1
OLFML3,SOX8,1,1
OLFML3,SPRY4,1,1
OLFML3,ST8SIA5,1,1
OLFML3,STK32B,1,1
OLFML3,SYTL5,1,1
OLFML3,TBXAS1,1,1
OLFML3,TCN1,1,1
OLFML3,TENM1,1,1
OLFML3,TGFB3,1,1
OLFML3,TIMP1,1,1
OLFML3,TMEM2,1,1
OLFML3,TNFAIP6,1,1
OLFML3,TRIM51CP,1,1
OLFML3,TRIM9,1,1
OLFML3,XIAP,1,1
OLFML3,XYLT1,1,1
OLFML3,ZBTB45P2,1,1
OLFML3,ZNF595,1,1
OLFML3,ZNF860,1,1
NRSN2,ILK,1,1
SERPINB1,HOXC8,1,1
ST3GAL1,GLCCI1,1,1
ST3GAL1,SPHK2,1,1
CISD3,ACTN2,1,1
CISD3,BCL7A,1,1
CISD3,C1ORF27,1,1
CISD3,GLCCI1,1,1
CISD3,ID4,1,1
CISD3,INTS10,1,1
CISD3,MMP15,1,1
CISD3,MPZL1,1,1
CISD3,NAT8L,1,1
CISD3,NFKBIE,1,1
CISD3,PCDH7,1,1
CISD3,ROR1,1,1
CISD3,SLC19A3,1,1
CISD3,SMAP2,1,1
CISD3,TMEM62,1,1
CISD3,TOR3A,1,1
CISD3,ZBTB33,1,1
ITIH5,ABCA8,1,1
ITIH5,ADAM15,1,1
ITIH5,ADGRB1,1,1
ITIH5,AFAP1L2,1,1
ITIH5,AGMO,1,1
ITIH5,AKAP6,1,1
ITIH5,ALG13,1,1
ITIH5,ARHGAP20,1,1
ITIH5,ARHGAP6,1,1
ITIH5,ART3,1,1
ITIH5,ASB4,1,1
ITIH5,ATP1B1,1,1
ITIH5,ATP9A,1,1
ITIH5,B3GALT1,1,1
ITIH5,B3GNT7,1,1
ITIH5,BFSP1,1,1
ITIH5,BMP6,1,1
ITIH5,BST2,1,1
ITIH5,C1ORF115,1,1
ITIH5,CACNA1H,1,1
ITIH5,CADM4,1,1
ITIH5,CC2D1A,1,1
ITIH5,CCDC78,1,1
ITIH5,CDH12,1,1
ITIH5,CGREF1,1,1
ITIH5,CHPF,1,1
ITIH5,CHURC1-FNTB,1,1
ITIH5,COL9A2,1,1
ITIH5,COL9A3,1,1
ITIH5,COLGALT2,1,1
ITIH5,COPB2,1,1
ITIH5,COQ3,1,1
ITIH5,COQ6,1,1
ITIH5,CSGALNACT1,1,1
ITIH5,CSMD1,1,1
ITIH5,CT45A1,1,1
ITIH5,CT45A10,1,1
ITIH5,CT45A5,1,1
ITIH5,CT45A6,1,1
ITIH5,CT45A8,1,1
ITIH5,CT45A9,1,1
ITIH5,DDX43,1,1
ITIH5,DNAJC30,1,1
ITIH5,DOK1,1,1
ITIH5,DSCR8,1,1
ITIH5,EGFLAM,1,1
ITIH5,EIF4H,1,1
ITIH5,EMILIN1,1,1
ITIH5,ENAH,1,1
ITIH5,EPHA3,1,1
ITIH5,ERLIN2,1,1
ITIH5,EYA2,1,1
ITIH5,FAM188B,1,1
ITIH5,FAM198B,1,1
ITIH5,FAM212B,1,1
ITIH5,FAM86B1,1,1
ITIH5,FBF1,1,1
ITIH5,FKBP9P1,1,1
ITIH5,FOLH1,1,1
ITIH5,FREM2,1,1
ITIH5,GABRG3,1,1
ITIH5,GLUD2,1,1
ITIH5,GPC1,1,1
ITIH5,GPC4,1,1
ITIH5,GRIK2,1,1
ITIH5,GRIK4,1,1
ITIH5,GUCY1B3,1,1
ITIH5,HMCES,1,1
ITIH5,HS3ST3B1,1,1
ITIH5,ID4,1,1
ITIH5,IFI16,1,1
ITIH5,IGFBP2,1,1
ITIH5,IL13RA2,1,1
ITIH5,INTS10,1,1
ITIH5,ITGA10,1,1
ITIH5,ITGAX,1,1
ITIH5,ITIH6,1,1
ITIH5,ITPRIPL2,1,1
ITIH5,JARID2,1,1
ITIH5,JSRP1,1,1
ITIH5,KCNC3,1,1
ITIH5,LAMA2,1,1
ITIH5,LAMA4,1,1
ITIH5,LAMC3,1,1
ITIH5,LRP2,1,1
ITIH5,LRRC75A,1,1
ITIH5,MAFB,1,1
ITIH5,MAMDC2,1,1
ITIH5,MAPRE3,1,1
ITIH5,MATK,1,1
ITIH5,MEOX2,1,1
ITIH5,MICALL2,1,1
ITIH5,MRAP2,1,1
ITIH5,NDRG1,1,1
ITIH5,NDUFA8,1,1
ITIH5,NKX2-5,1,1
ITIH5,NPAS1,1,1
ITIH5,NPHP1,1,1
ITIH5,NR0B1,1,1
ITIH5,NTN1,1,1
ITIH5,OAZ1,1,1
ITIH5,OFD1,1,1
ITIH5,OPHN1,1,1
ITIH5,P3H1,1,1
ITIH5,P3H2,1,1
ITIH5,P3H4,1,1
ITIH5,PATZ1,1,1
ITIH5,PCDHA10,1,1
ITIH5,PCDHB11,1,1
ITIH5,PCDHB17P,1,1
ITIH5,PCDHB5,1,1
ITIH5,PCDHB6,1,1
ITIH5,PCDHB7,1,1
ITIH5,PDDC1,1,1
ITIH5,PIEZO2,1,1
ITIH5,PITPNC1,1,1
ITIH5,PLBD1,1,1
ITIH5,PLEKHS1,1,1
ITIH5,PMS2CL,1,1
ITIH5,PODXL2,1,1
ITIH5,POU3F3,1,1
ITIH5,PPIC,1,1
ITIH5,PPP1R13B,1,1
ITIH5,PPP2R2B,1,1
ITIH5,PRDX6,1,1
ITIH5,PTGFRN,1,1
ITIH5,RAB23,1,1
ITIH5,RAPGEF5,1,1
ITIH5,RNF216,1,1
ITIH5,RP11-111F5.5,1,1
ITIH5,S100A13,1,1
ITIH5,SBNO2,1,1
ITIH5,SCARA5,1,1
ITIH5,SEL1L3,1,1
ITIH5,SERPINA3,1,1
ITIH5,SERPINE2,1,1
ITIH5,SEZ6L2,1,1
ITIH5,SLC19A3,1,1
ITIH5,SLC1A3,1,1
ITIH5,SLC26A4,1,1
ITIH5,SMIM3,1,1
ITIH5,SOD3,1,1
ITIH5,SPARC,1,1
ITIH5,SPATS1,1,1
ITIH5,STAT3,1,1
ITIH5,STK32B,1,1
ITIH5,TBC1D10B,1,1
ITIH5,TENM1,1,1
ITIH5,TGFB3,1,1
ITIH5,TIGD1,1,1
ITIH5,TIMP1,1,1
ITIH5,TMEM67,1,1
ITIH5,TNFAIP6,1,1
ITIH5,TOR3A,1,1
ITIH5,TRIM9,1,1
ITIH5,TRPM3,1,1
ITIH5,TRPM8,1,1
ITIH5,TSPAN13,1,1
ITIH5,WNK4,1,1
ITIH5,WWTR1,1,1
ITIH5,XPR1,1,1
ITIH5,ZNF595,1,1
ITIH5,BP-21264C1.1,1,1
TXLNG,C16ORF72,1,1
TXLNG,C4ORF32,1,1
TXLNG,DARS,1,1
TXLNG,DOT1L,1,1
TXLNG,HOXC8,1,1
TXLNG,HS6ST2,1,1
TXLNG,LANCL3,1,1
TXLNG,NFIC,1,1
TXLNG,RND3,1,1
TXLNG,TDG,1,1
TXLNG,UBA5,1,1
TXLNG,VCAN,1,1
TXLNG,ZFX,1,1
EFTUD2,ABHD14A,1,1
EFTUD2,ATP13A3,1,1
EFTUD2,C8ORF33,1,1
EFTUD2,CNBP,1,1
EFTUD2,DBR1,1,1
EFTUD2,DDX56,1,1
EFTUD2,DLX1,1,1
EFTUD2,EIF5A,1,1
EFTUD2,JRK,1,1
EFTUD2,KDELC2,1,1
EFTUD2,PHF14,1,1
EFTUD2,PSME3,1,1
EFTUD2,RAP1B,1,1
EFTUD2,RCL1,1,1
EFTUD2,RPAP3,1,1
EFTUD2,STK16,1,1
EFTUD2,TMX1,1,1
EFTUD2,U2SURP,1,1
MBTPS2,ARGLU1,1,1
MBTPS2,ATAT1,1,1
MBTPS2,CCSAP,1,1
MBTPS2,CEP85L,1,1
MBTPS2,CLCC1,1,1
MBTPS2,CXXC1,1,1
MBTPS2,DPY19L1,1,1
MBTPS2,EPDR1,1,1
MBTPS2,ETV1,1,1
MBTPS2,ICAM1,1,1
MBTPS2,KRBA1,1,1
MBTPS2,MAGEC1,1,1
MBTPS2,MAN1A2,1,1
MBTPS2,MRPL57,1,1
MBTPS2,N4BP2L2,1,1
MBTPS2,NAPG,1,1
MBTPS2,NOMO1,1,1
MBTPS2,NSF,1,1
MBTPS2,PPIA,1,1
MBTPS2,RBAK,1,1
MBTPS2,RHOC,1,1
MBTPS2,RPL17,1,1
MBTPS2,RPTOR,1,1
MBTPS2,SH3GLB2,1,1
MBTPS2,SLC7A2,1,1
MBTPS2,SSFA2,1,1
MBTPS2,STAG2,1,1
MBTPS2,SUN2,1,1
MBTPS2,TBCC,1,1
MBTPS2,THOC2,1,1
MBTPS2,TIPRL,1,1
MBTPS2,TMEM5,1,1
DSCR8,ABCA8,1,1
DSCR8,ACAD11,1,1
DSCR8,ADAP1,1,1
DSCR8,ADGRB1,1,1
DSCR8,AFAP1L2,1,1
DSCR8,AGMO,1,1
DSCR8,AKAP6,1,1
DSCR8,ARHGAP20,1,1
DSCR8,ASB4,1,1
DSCR8,ATP1B1,1,1
DSCR8,B3GALT1,1,1
DSCR8,B3GNT7,1,1
DSCR8,BAALC,1,1
DSCR8,BFSP1,1,1
DSCR8,BMP6,1,1
DSCR8,BST2,1,1
DSCR8,C12ORF60,1,1
DSCR8,C1ORF115,1,1
DSCR8,CACNA1H,1,1
DSCR8,CADM4,1,1
DSCR8,CC2D1A,1,1
DSCR8,CCDC113,1,1
DSCR8,CCDC78,1,1
DSCR8,CDH12,1,1
DSCR8,CGREF1,1,1
DSCR8,CHPF,1,1
DSCR8,CHURC1-FNTB,1,1
DSCR8,COL9A2,1,1
DSCR8,COL9A3,1,1
DSCR8,COQ3,1,1
DSCR8,COQ6,1,1
DSCR8,CSMD1,1,1
DSCR8,CT45A1,1,1
DSCR8,CT45A10,1,1
DSCR8,CT45A6,1,1
DSCR8,CT45A8,1,1
DSCR8,CT45A9,1,1
DSCR8,DDX43,1,1
DSCR8,DEPDC7,1,1
DSCR8,DNAJB6,1,1
DSCR8,DNAJC30,1,1
DSCR8,EGFL7,1,1
DSCR8,EMILIN1,1,1
DSCR8,EYA2,1,1
DSCR8,FAM134B,1,1
DSCR8,FAM86B1,1,1
DSCR8,FBF1,1,1
DSCR8,FOLH1,1,1
DSCR8,GABRG3,1,1
DSCR8,GPC1,1,1
DSCR8,GPC4,1,1
DSCR8,GRIK4,1,1
DSCR8,GUCY1B3,1,1
DSCR8,HS3ST3B1,1,1
DSCR8,IFI16,1,1
DSCR8,IGFBP2,1,1
DSCR8,ITGA10,1,1
DSCR8,ITGAX,1,1
DSCR8,ITIH6,1,1
DSCR8,ITPRIPL2,1,1
DSCR8,JUNB,1,1
DSCR8,LAMA2,1,1
DSCR8,LAMC3,1,1
DSCR8,LRP2,1,1
DSCR8,MAFB,1,1
DSCR8,MAMDC2,1,1
DSCR8,MAPRE3,1,1
DSCR8,MDM2,1,1
DSCR8,MEOX2,1,1
DSCR8,NDUFA8,1,1
DSCR8,NPHP1,1,1
DSCR8,NTN1,1,1
DSCR8,OLFM2,1,1
DSCR8,OPHN1,1,1
DSCR8,P3H1,1,1
DSCR8,P3H4,1,1
DSCR8,PATZ1,1,1
DSCR8,PCDHA10,1,1
DSCR8,PCDHB11,1,1
DSCR8,PCDHB17P,1,1
DSCR8,PCDHB5,1,1
DSCR8,PCDHB6,1,1
DSCR8,PCDHB7,1,1
DSCR8,PDDC1,1,1
DSCR8,PEX5L,1,1
DSCR8,PITPNC1,1,1
DSCR8,PLBD1,1,1
DSCR8,PLEKHS1,1,1
DSCR8,POU3F3,1,1
DSCR8,PPIC,1,1
DSCR8,PPP2R2B,1,1
DSCR8,RAPGEF5,1,1
DSCR8,RNASE1,1,1
DSCR8,RP11-111F5.5,1,1
DSCR8,RP11-43F13.1,1,1
DSCR8,SBNO2,1,1
DSCR8,SCARA5,1,1
DSCR8,SEL1L3,1,1
DSCR8,SERPINA3,1,1
DSCR8,SEZ6L2,1,1
DSCR8,SLC40A1,1,1
DSCR8,SMIM3,1,1
DSCR8,SOCS2,1,1
DSCR8,SOD3,1,1
DSCR8,SPATS1,1,1
DSCR8,STAT3,1,1
DSCR8,TACO1,1,1
DSCR8,TENM1,1,1
DSCR8,TGFB3,1,1
DSCR8,TRIM9,1,1
DSCR8,TRPM8,1,1
DSCR8,WBSCR27,1,1
DSCR8,WNK4,1,1
DSCR8,ZNF536,1,1
DSCR8,ZNF595,1,1
DSCR8,BP-21264C1.1,1,1
AGTPBP1,BCL7A,1,1
AGTPBP1,TBC1D15,1,1
AGTPBP1,TBC1D22B,1,1
AGTPBP1,TMEM54,1,1
SH3TC1,ACTN2,1,1
SH3TC1,ART3,1,1
SH3TC1,CEP170B,1,1
SH3TC1,EPHA3,1,1
SH3TC1,FAM188B,1,1
SH3TC1,FZD1,1,1
SH3TC1,HES1,1,1
SH3TC1,IL1RAP,1,1
SH3TC1,JKAMP,1,1
SH3TC1,KCNC4,1,1
SH3TC1,KDR,1,1
SH3TC1,KIAA0040,1,1
SH3TC1,MRAP2,1,1
SH3TC1,MTUS1,1,1
SH3TC1,NPAS1,1,1
SH3TC1,RPN1,1,1
SH3TC1,SLC26A4,1,1
SH3TC1,STON2,1,1
SH3TC1,TOR3A,1,1
SH3TC1,TRIM51,1,1
SH3TC1,TRIM51CP,1,1
SH3TC1,XPR1,1,1
SH3TC1,ZBTB33,1,1
DUSP2,ADGRB1,1,1
DUSP2,AFAP1L2,1,1
DUSP2,AGMO,1,1
DUSP2,ANGPTL1,1,1
DUSP2,ARHGAP6,1,1
DUSP2,ART3,1,1
DUSP2,ATXN1,1,1
DUSP2,C1QTNF3,1,1
DUSP2,COLGALT2,1,1
DUSP2,CT45A5,1,1
DUSP2,DMRT2,1,1
DUSP2,EPHA3,1,1
DUSP2,EPHB3,1,1
DUSP2,FAM212B,1,1
DUSP2,FOXF1,1,1
DUSP2,FZD1,1,1
DUSP2,GLI2,1,1
DUSP2,GTF2F1,1,1
DUSP2,IL13RA2,1,1
DUSP2,IL27RA,1,1
DUSP2,JKAMP,1,1
DUSP2,KCNC3,1,1
DUSP2,KDR,1,1
DUSP2,LAMA4,1,1
DUSP2,LONRF2,1,1
DUSP2,NDRG1,1,1
DUSP2,NKX2-5,1,1
DUSP2,NR0B1,1,1
DUSP2,PCDHA11,1,1
DUSP2,PCDHB2,1,1
DUSP2,PCDHGA7,1,1
DUSP2,PRR4,1,1
DUSP2,PRRX1,1,1
DUSP2,RAB7B,1,1
DUSP2,RBMS1,1,1
DUSP2,RNF128,1,1
DUSP2,RNF157,1,1
DUSP2,SERTAD4,1,1
DUSP2,SLC43A2,1,1
DUSP2,SNED1,1,1
DUSP2,ST8SIA5,1,1
DUSP2,STK32B,1,1
DUSP2,SYTL5,1,1
DUSP2,TBL2,1,1
DUSP2,TBXAS1,1,1
DUSP2,TCN1,1,1
DUSP2,TMEM2,1,1
DUSP2,TNFAIP6,1,1
DUSP2,TRAF4,1,1
DUSP2,TRIM51CP,1,1
DUSP2,XIAP,1,1
DUSP2,ZBTB45P2,1,1
DUSP2,ZNF860,1,1
ADAM15,AARS2,1,1
ADAM15,ACTN2,1,1
ADAM15,ADAMTS9,1,1
ADAM15,ADCY1,1,1
ADAM15,ANKRD19P,1,1
ADAM15,ANKRD26,1,1
ADAM15,APOO,1,1
ADAM15,ARHGAP20,1,1
ADAM15,ARHGAP25,1,1
ADAM15,B4GALT4,1,1
ADAM15,B9D1,1,1
ADAM15,CC2D1A,1,1
ADAM15,CHPF,1,1
ADAM15,CHST6,1,1
ADAM15,CMB9-22P13.1,1,1
ADAM15,CMTM8,1,1
ADAM15,COLGALT1,1,1
ADAM15,COPB2,1,1
ADAM15,CRISPLD1,1,1
ADAM15,CST1,1,1
ADAM15,DGKH,1,1
ADAM15,DNAJB12,1,1
ADAM15,EIF3I,1,1
ADAM15,ETFB,1,1
ADAM15,ETV1,1,1
ADAM15,EXOC1,1,1
ADAM15,FABP7,1,1
ADAM15,FAM188B,1,1
ADAM15,FAM198B,1,1
ADAM15,FCGR2A,1,1
ADAM15,FGF13,1,1
ADAM15,FKBP11,1,1
ADAM15,FKBP9P1,1,1
ADAM15,FYB,1,1
ADAM15,GAD1,1,1
ADAM15,GPC4,1,1
ADAM15,HEY2,1,1
ADAM15,HMCES,1,1
ADAM15,HMCN1,1,1
ADAM15,HOXA13,1,1
ADAM15,ICAM1,1,1
ADAM15,ID4,1,1
ADAM15,INTS10,1,1
ADAM15,ITGA9,1,1
ADAM15,ITGB5,1,1
ADAM15,KLF6,1,1
ADAM15,LAMC3,1,1
ADAM15,LRP2,1,1
ADAM15,MAN1B1,1,1
ADAM15,METTL14,1,1
ADAM15,MMP15,1,1
ADAM15,MRAP2,1,1
ADAM15,MYH14,1,1
ADAM15,NOMO3,1,1
ADAM15,NPAS1,1,1
ADAM15,OAZ1,1,1
ADAM15,P3H1,1,1
ADAM15,PCOLCE2,1,1
ADAM15,PDGFRL,1,1
ADAM15,PGRMC1,1,1
ADAM15,PI15,1,1
ADAM15,PIEZO2,1,1
ADAM15,PMS2CL,1,1
ADAM15,PODXL2,1,1
ADAM15,PPIA,1,1
ADAM15,PPP1R13B,1,1
ADAM15,PRDX6,1,1
ADAM15,PTGFRN,1,1
ADAM15,PWWP2A,1,1
ADAM15,RAB23,1,1
ADAM15,RAD17,1,1
ADAM15,RCN2,1,1
ADAM15,RNF216,1,1
ADAM15,ROR1,1,1
ADAM15,SDSL,1,1
ADAM15,SEZ6L2,1,1
ADAM15,SHROOM1,1,1
ADAM15,SLC19A3,1,1
ADAM15,SLC26A2,1,1
ADAM15,SLC26A4,1,1
ADAM15,SLC35G1,1,1
ADAM15,SLC44A1,1,1
ADAM15,SMAP2,1,1
ADAM15,SPARC,1,1
ADAM15,SPATS1,1,1
ADAM15,TBC1D8,1,1
ADAM15,TBRG4,1,1
ADAM15,TMEM62,1,1
ADAM15,TMEM67,1,1
ADAM15,TRPM3,1,1
ADAM15,TRPM8,1,1
ADAM15,TVP23B,1,1
ADAM15,VTI1A,1,1
ADAM15,WWTR1,1,1
CT45A1,ABCA8,1,1
CT45A1,ADAP1,1,1
CT45A1,ADGRB1,1,1
CT45A1,AFAP1L2,1,1
CT45A1,AGMO,1,1
CT45A1,AKAP6,1,1
CT45A1,ALG13,1,1
CT45A1,ARHGAP20,1,1
CT45A1,ARHGAP6,1,1
CT45A1,ART3,1,1
CT45A1,ASB4,1,1
CT45A1,ATP11C,1,1
CT45A1,ATP1B1,1,1
CT45A1,ATP9A,1,1
CT45A1,B3GALT1,1,1
CT45A1,B3GNT7,1,1
CT45A1,BMP6,1,1
CT45A1,BST2,1,1
CT45A1,C1QTNF3,1,1
CT45A1,C1ORF115,1,1
CT45A1,CACNA1H,1,1
CT45A1,CADM4,1,1
CT45A1,CC2D1A,1,1
CT45A1,CCDC113,1,1
CT45A1,CDH12,1,1
CT45A1,CHPF,1,1
CT45A1,CHRDL1,1,1
CT45A1,CHURC1-FNTB,1,1
CT45A1,COL9A2,1,1
CT45A1,COL9A3,1,1
CT45A1,COLGALT2,1,1
CT45A1,CSGALNACT1,1,1
CT45A1,CSMD1,1,1
CT45A1,CT45A10,1,1
CT45A1,CT45A5,1,1
CT45A1,CT45A6,1,1
CT45A1,CT45A8,1,1
CT45A1,CT45A9,1,1
CT45A1,CYB561,1,1
CT45A1,DDX43,1,1
CT45A1,DNAJB6,1,1
CT45A1,DNAJC30,1,1
CT45A1,DOK1,1,1
CT45A1,EGFLAM,1,1
CT45A1,EIF4H,1,1
CT45A1,EMILIN1,1,1
CT45A1,ENAH,1,1
CT45A1,EPHA3,1,1
CT45A1,EPHB3,1,1
CT45A1,ERLIN2,1,1
CT45A1,EYA2,1,1
CT45A1,FAM212B,1,1
CT45A1,FAM86B1,1,1
CT45A1,FOLH1,1,1
CT45A1,FOXF1,1,1
CT45A1,FREM2,1,1
CT45A1,GABRG3,1,1
CT45A1,GLUD2,1,1
CT45A1,GPC1,1,1
CT45A1,GPC4,1,1
CT45A1,GRIK4,1,1
CT45A1,GUCY1B3,1,1
CT45A1,HS3ST3B1,1,1
CT45A1,IFI16,1,1
CT45A1,IGFBP2,1,1
CT45A1,IL13RA2,1,1
CT45A1,IL27RA,1,1
CT45A1,ILK,1,1
CT45A1,ITGA10,1,1
CT45A1,ITGAX,1,1
CT45A1,ITIH6,1,1
CT45A1,ITPRIPL2,1,1
CT45A1,JARID2,1,1
CT45A1,KCNC3,1,1
CT45A1,KCNG4,1,1
CT45A1,LAMA2,1,1
CT45A1,LAMA4,1,1
CT45A1,LAMC3,1,1
CT45A1,LRP2,1,1
CT45A1,LRRC75A,1,1
CT45A1,MAFB,1,1
CT45A1,MAMDC2,1,1
CT45A1,MAPRE3,1,1
CT45A1,MATK,1,1
CT45A1,MEOX2,1,1
CT45A1,MICALL2,1,1
CT45A1,MRPS6,1,1
CT45A1,NDRG1,1,1
CT45A1,NDUFA8,1,1
CT45A1,NKX2-5,1,1
CT45A1,NPAS1,1,1
CT45A1,NPHP1,1,1
CT45A1,NR0B1,1,1
CT45A1,NTN1,1,1
CT45A1,P3H1,1,1
CT45A1,P3H2,1,1
CT45A1,P3H4,1,1
CT45A1,PATZ1,1,1
CT45A1,PCDHA10,1,1
CT45A1,PCDHA11,1,1
CT45A1,PCDHB11,1,1
CT45A1,PCDHB17P,1,1
CT45A1,PCDHB2,1,1
CT45A1,PCDHB5,1,1
CT45A1,PCDHB6,1,1
CT45A1,PCDHB7,1,1
CT45A1,PCDHGA7,1,1
CT45A1,PDDC1,1,1
CT45A1,PITPNC1,1,1
CT45A1,PLBD1,1,1
CT45A1,PLEKHS1,1,1
CT45A1,PMS2CL,1,1
CT45A1,POU3F3,1,1
CT45A1,PPIC,1,1
CT45A1,PPP2R2B,1,1
CT45A1,PPP3CB,1,1
CT45A1,PRDX6,1,1
CT45A1,PRRX1,1,1
CT45A1,PTGFRN,1,1
CT45A1,RANBP17,1,1
CT45A1,RBMS1,1,1
CT45A1,RCC1L,1,1
CT45A1,RGS16,1,1
CT45A1,RP11-111F5.5,1,1
CT45A1,S100A13,1,1
CT45A1,SBNO2,1,1
CT45A1,SCARA5,1,1
CT45A1,SEL1L3,1,1
CT45A1,SERPINA3,1,1
CT45A1,SERPINE2,1,1
CT45A1,SEZ6L2,1,1
CT45A1,SLC1A3,1,1
CT45A1,SLC35E4,1,1
CT45A1,SMIM3,1,1
CT45A1,SOD3,1,1
CT45A1,SPATS1,1,1
CT45A1,STAT3,1,1
CT45A1,STK32B,1,1
CT45A1,SYTL5,1,1
CT45A1,TCN1,1,1
CT45A1,TENM1,1,1
CT45A1,TGFB3,1,1
CT45A1,TIGD1,1,1
CT45A1,TIMP1,1,1
CT45A1,TNFAIP6,1,1
CT45A1,TRIM9,1,1
CT45A1,TRPM8,1,1
CT45A1,TSPAN13,1,1
CT45A1,TYW1B,1,1
CT45A1,WNK4,1,1
CT45A1,WWTR1,1,1
CT45A1,XPR1,1,1
CT45A1,ZBTB45P2,1,1
CT45A1,ZNF536,1,1
CT45A1,ZNF595,1,1
CT45A1,BP-21264C1.1,1,1
C8ORF33,CNBP,1,1
C8ORF33,DBR1,1,1
C8ORF33,DUSP14,1,1
C8ORF33,EIF5A,1,1
C8ORF33,PSME3,1,1
C8ORF33,SMARCA4,1,1
C8ORF33,STK16,1,1
NOMO3,ACTN2,1,1
NOMO3,ARHGAP25,1,1
NOMO3,C16ORF52,1,1
NOMO3,CC2D1A,1,1
NOMO3,CENPL,1,1
NOMO3,CEP170B,1,1
NOMO3,COLGALT1,1,1
NOMO3,COPB2,1,1
NOMO3,COX18,1,1
NOMO3,CSGALNACT1,1,1
NOMO3,DOCK4,1,1
NOMO3,DOK1,1,1
NOMO3,DPY19L1,1,1
NOMO3,DUS3L,1,1
NOMO3,ENAH,1,1
NOMO3,EPDR1,1,1
NOMO3,EPHA3,1,1
NOMO3,ERLEC1,1,1
NOMO3,FAM188B,1,1
NOMO3,FAM198B,1,1
NOMO3,FGF13,1,1
NOMO3,GPC4,1,1
NOMO3,GULP1,1,1
NOMO3,ICAM1,1,1
NOMO3,ID4,1,1
NOMO3,IL1RAP,1,1
NOMO3,INTS10,1,1
NOMO3,ITGB5,1,1
NOMO3,KDSR,1,1
NOMO3,KIAA0040,1,1
NOMO3,LAMA4,1,1
NOMO3,LIN28B,1,1
NOMO3,MRAP2,1,1
NOMO3,NOC2LP1,1,1
NOMO3,NPAS1,1,1
NOMO3,NSF,1,1
NOMO3,OFD1,1,1
NOMO3,P3H1,1,1
NOMO3,P3H2,1,1
NOMO3,PCOLCE2,1,1
NOMO3,PDGFRL,1,1
NOMO3,PIEZO2,1,1
NOMO3,PRDX6,1,1
NOMO3,PRPSAP2,1,1
NOMO3,PTGFRN,1,1
NOMO3,RABL6,1,1
NOMO3,RAD17,1,1
NOMO3,RCN2,1,1
NOMO3,RNF216,1,1
NOMO3,ROR1,1,1
NOMO3,RPN1,1,1
NOMO3,SCG2,1,1
NOMO3,SERPINE2,1,1
NOMO3,SLC19A3,1,1
NOMO3,SLC26A4,1,1
NOMO3,SPARC,1,1
NOMO3,SPRY4,1,1
NOMO3,STON2,1,1
NOMO3,TBC1D10B,1,1
NOMO3,TGFB3,1,1
NOMO3,TIMP1,1,1
NOMO3,TMEM67,1,1
NOMO3,TNFAIP6,1,1
NOMO3,TOR1AIP2,1,1
NOMO3,TOR3A,1,1
NOMO3,TVP23B,1,1
NOMO3,WWTR1,1,1
NOMO3,XPR1,1,1
NOMO3,ZNF595,1,1
NOMO3,ZNF736,1,1
ZNF518A,ABCD3,1,1
ZNF518A,CDK14,1,1
ZNF518A,EFNA5,1,1
ZNF518A,ITFG2,1,1
ZNF518A,MAPK11,1,1
ZNF518A,MORF4L2,1,1
ZNF518A,NECAP2,1,1
ZNF518A,PALLD,1,1
ZNF518A,PHKA1,1,1
ZNF518A,ZFYVE27,1,1
BBX,RELB,1,1
CT45A6,ABCA8,1,1
CT45A6,ADAP1,1,1
CT45A6,ADGRB1,1,1
CT45A6,AFAP1L2,1,1
CT45A6,AGMO,1,1
CT45A6,AKAP6,1,1
CT45A6,ALG13,1,1
CT45A6,ARHGAP20,1,1
CT45A6,ARHGAP6,1,1
CT45A6,ASB4,1,1
CT45A6,ATP1B1,1,1
CT45A6,ATP9A,1,1
CT45A6,B3GALT1,1,1
CT45A6,B3GNT7,1,1
CT45A6,BAALC,1,1
CT45A6,BFSP1,1,1
CT45A6,BMP6,1,1
CT45A6,BST2,1,1
CT45A6,C12ORF60,1,1
CT45A6,C1QTNF3,1,1
CT45A6,C1ORF115,1,1
CT45A6,CACNA1H,1,1
CT45A6,CADM4,1,1
CT45A6,CC2D1A,1,1
CT45A6,CCDC113,1,1
CT45A6,CCDC78,1,1
CT45A6,CDH12,1,1
CT45A6,CGREF1,1,1
CT45A6,CHPF,1,1
CT45A6,CHRDL1,1,1
CT45A6,CHURC1-FNTB,1,1
CT45A6,COL9A2,1,1
CT45A6,COL9A3,1,1
CT45A6,COLGALT2,1,1
CT45A6,COQ6,1,1
CT45A6,CSMD1,1,1
CT45A6,CT45A10,1,1
CT45A6,CT45A5,1,1
CT45A6,CT45A8,1,1
CT45A6,CT45A9,1,1
CT45A6,DDX43,1,1
CT45A6,DNAJB6,1,1
CT45A6,DNAJC30,1,1
CT45A6,DOK1,1,1
CT45A6,EGFLAM,1,1
CT45A6,EIF4H,1,1
CT45A6,EMILIN1,1,1
CT45A6,ENAH,1,1
CT45A6,EPHA3,1,1
CT45A6,ERLIN2,1,1
CT45A6,EYA2,1,1
CT45A6,FAM134B,1,1
CT45A6,FAM212B,1,1
CT45A6,FAM86B1,1,1
CT45A6,FBF1,1,1
CT45A6,FOLH1,1,1
CT45A6,FREM2,1,1
CT45A6,GABRG3,1,1
CT45A6,GAGE12J,1,1
CT45A6,GPC1,1,1
CT45A6,GPC4,1,1
CT45A6,GRIK4,1,1
CT45A6,GUCY1B3,1,1
CT45A6,HS3ST3B1,1,1
CT45A6,IFI16,1,1
CT45A6,IGFBP2,1,1
CT45A6,IL13RA2,1,1
CT45A6,ITGA10,1,1
CT45A6,ITGAX,1,1
CT45A6,ITIH6,1,1
CT45A6,ITPRIPL2,1,1
CT45A6,JARID2,1,1
CT45A6,JSRP1,1,1
CT45A6,JUNB,1,1
CT45A6,KCNC3,1,1
CT45A6,KCNG4,1,1
CT45A6,LAMA2,1,1
CT45A6,LAMA4,1,1
CT45A6,LAMC3,1,1
CT45A6,LRP2,1,1
CT45A6,MAFB,1,1
CT45A6,MAMDC2,1,1
CT45A6,MAPRE3,1,1
CT45A6,MATK,1,1
CT45A6,MDM2,1,1
CT45A6,MEOX2,1,1
CT45A6,MICALL2,1,1
CT45A6,MRPS6,1,1
CT45A6,NDRG1,1,1
CT45A6,NDUFA8,1,1
CT45A6,NKX2-5,1,1
CT45A6,NPHP1,1,1
CT45A6,NR0B1,1,1
CT45A6,NTN1,1,1
CT45A6,OLFM2,1,1
CT45A6,OPHN1,1,1
CT45A6,P3H1,1,1
CT45A6,P3H2,1,1
CT45A6,P3H4,1,1
CT45A6,PAGE5,1,1
CT45A6,PATZ1,1,1
CT45A6,PCDHA10,1,1
CT45A6,PCDHB11,1,1
CT45A6,PCDHB17P,1,1
CT45A6,PCDHB2,1,1
CT45A6,PCDHB5,1,1
CT45A6,PCDHB6,1,1
CT45A6,PCDHB7,1,1
CT45A6,PDDC1,1,1
CT45A6,PITPNC1,1,1
CT45A6,PLBD1,1,1
CT45A6,PLEKHS1,1,1
CT45A6,PMS2CL,1,1
CT45A6,POU3F3,1,1
CT45A6,PPIC,1,1
CT45A6,PPP2R2B,1,1
CT45A6,PTGFRN,1,1
CT45A6,RANBP17,1,1
CT45A6,RGS16,1,1
CT45A6,RP11-111F5.5,1,1
CT45A6,S100A13,1,1
CT45A6,SBNO2,1,1
CT45A6,SCARA5,1,1
CT45A6,SEL1L3,1,1
CT45A6,SERPINA3,1,1
CT45A6,SERPINE2,1,1
CT45A6,SEZ6L2,1,1
CT45A6,SLC1A3,1,1
CT45A6,SLC35E4,1,1
CT45A6,SMIM3,1,1
CT45A6,SOCS2,1,1
CT45A6,SOD3,1,1
CT45A6,SPATS1,1,1
CT45A6,STAT3,1,1
CT45A6,STK32B,1,1
CT45A6,TENM1,1,1
CT45A6,TGFB3,1,1
CT45A6,TIGD1,1,1
CT45A6,TNFAIP6,1,1
CT45A6,TRIM9,1,1
CT45A6,TRPM8,1,1
CT45A6,WNK4,1,1
CT45A6,WWTR1,1,1
CT45A6,ZBTB45P2,1,1
CT45A6,ZNF536,1,1
CT45A6,ZNF595,1,1
CT45A6,BP-21264C1.1,1,1
MTUS1,ACTN2,1,1
MTUS1,ALG13,1,1
MTUS1,ARHGAP25,1,1
MTUS1,ART3,1,1
MTUS1,ATP11C,1,1
MTUS1,CSGALNACT1,1,1
MTUS1,DOCK4,1,1
MTUS1,DOK1,1,1
MTUS1,DPY19L1,1,1
MTUS1,ENAH,1,1
MTUS1,EPHA3,1,1
MTUS1,ERLIN2,1,1
MTUS1,ETV1,1,1
MTUS1,FAM188B,1,1
MTUS1,FAM198B,1,1
MTUS1,FAM212B,1,1
MTUS1,FGF13,1,1
MTUS1,FKBP9P1,1,1
MTUS1,FLRT2,1,1
MTUS1,FZD1,1,1
MTUS1,GLUD2,1,1
MTUS1,GNS,1,1
MTUS1,IARS2,1,1
MTUS1,ID4,1,1
MTUS1,IL1RAP,1,1
MTUS1,IL27RA,1,1
MTUS1,INTS10,1,1
MTUS1,ITPRIPL2,1,1
MTUS1,JKAMP,1,1
MTUS1,KCNC3,1,1
MTUS1,KCNC4,1,1
MTUS1,KIAA0040,1,1
MTUS1,LAMA4,1,1
MTUS1,MAML2,1,1
MTUS1,MMP15,1,1
MTUS1,MPZL1,1,1
MTUS1,MRAP2,1,1
MTUS1,NAT8L,1,1
MTUS1,NPAS1,1,1
MTUS1,NSF,1,1
MTUS1,P3H2,1,1
MTUS1,PCOLCE2,1,1
MTUS1,PDDC1,1,1
MTUS1,PRDX6,1,1
MTUS1,PTGFRN,1,1
MTUS1,RAB7B,1,1
MTUS1,ROR1,1,1
MTUS1,RPN1,1,1
MTUS1,SERPINE2,1,1
MTUS1,SLC19A3,1,1
MTUS1,SLC26A4,1,1
MTUS1,SOX5,1,1
MTUS1,SPRY4,1,1
MTUS1,STK32B,1,1
MTUS1,STON2,1,1
MTUS1,TIMP1,1,1
MTUS1,TNFAIP6,1,1
MTUS1,TOR3A,1,1
MTUS1,TRIM51,1,1
MTUS1,TRIM51CP,1,1
MTUS1,WWTR1,1,1
MTUS1,XIAP,1,1
MTUS1,XPR1,1,1
MTUS1,ZBTB33,1,1
MTUS1,ZNF595,1,1
MTUS1,ZNF654,1,1
GABRG3,ABCA8,1,1
GABRG3,ACAD11,1,1
GABRG3,ADAP1,1,1
GABRG3,ADGRL1,1,1
GABRG3,ARHGAP20,1,1
GABRG3,ASB4,1,1
GABRG3,B3GNT7,1,1
GABRG3,BAALC,1,1
GABRG3,BFSP1,1,1
GABRG3,BMP6,1,1
GABRG3,BST2,1,1
GABRG3,CACNA1H,1,1
GABRG3,CADM4,1,1
GABRG3,CCDC113,1,1
GABRG3,CCDC78,1,1
GABRG3,CDH12,1,1
GABRG3,CGREF1,1,1
GABRG3,CHPF,1,1
GABRG3,CHRDL1,1,1
GABRG3,COASY,1,1
GABRG3,COL9A2,1,1
GABRG3,COQ6,1,1
GABRG3,CSMD1,1,1
GABRG3,CT45A10,1,1
GABRG3,DEPDC7,1,1
GABRG3,DNAJB6,1,1
GABRG3,DNAJC30,1,1
GABRG3,EGFL7,1,1
GABRG3,EMILIN1,1,1
GABRG3,EYA2,1,1
GABRG3,FAM134B,1,1
GABRG3,FOLH1,1,1
GABRG3,GRIK4,1,1
GABRG3,GUCY1B3,1,1
GABRG3,IGFBP2,1,1
GABRG3,ITGA10,1,1
GABRG3,ITGAX,1,1
GABRG3,ITIH6,1,1
GABRG3,JUNB,1,1
GABRG3,LAMA2,1,1
GABRG3,LRP2,1,1
GABRG3,MAMDC2,1,1
GABRG3,MAPRE3,1,1
GABRG3,MEOX2,1,1
GABRG3,MIDN,1,1
GABRG3,NDUFA8,1,1
GABRG3,NTN1,1,1
GABRG3,OLFM2,1,1
GABRG3,OPHN1,1,1
GABRG3,P3H4,1,1
GABRG3,PATZ1,1,1
GABRG3,PCDHB11,1,1
GABRG3,PCDHB5,1,1
GABRG3,PCDHB6,1,1
GABRG3,PCDHB7,1,1
GABRG3,PEX5L,1,1
GABRG3,PITPNC1,1,1
GABRG3,PLBD1,1,1
GABRG3,PNPLA4,1,1
GABRG3,PPIC,1,1
GABRG3,PPP2R2B,1,1
GABRG3,RANBP17,1,1
GABRG3,RGS16,1,1
GABRG3,RNASE1,1,1
GABRG3,RP11-111F5.5,1,1
GABRG3,SBNO2,1,1
GABRG3,SEL1L3,1,1
GABRG3,SERPINA3,1,1
GABRG3,SLC29A4,1,1
GABRG3,SLC40A1,1,1
GABRG3,SMIM3,1,1
GABRG3,SOCS2,1,1
GABRG3,SOD3,1,1
GABRG3,SPAG4,1,1
GABRG3,SPATS1,1,1
GABRG3,TRPM8,1,1
GABRG3,WBSCR27,1,1
GABRG3,WNK4,1,1
GABRG3,BP-21264C1.1,1,1
TBC1D15,ATP5SL,1,1
DGKH,ADCY1,1,1
DGKH,ANKRD26,1,1
DGKH,APOO,1,1
DGKH,ARF6,1,1
DGKH,B4GALT4,1,1
DGKH,C8ORF58,1,1
DGKH,CMB9-22P13.1,1,1
DGKH,CNOT6,1,1
DGKH,CNPY2,1,1
DGKH,COLGALT1,1,1
DGKH,DDX59,1,1
DGKH,ETV1,1,1
DGKH,FKBP11,1,1
DGKH,H1FX,1,1
DGKH,HMCN1,1,1
DGKH,ITGB5,1,1
DGKH,KLF6,1,1
DGKH,MAN1B1,1,1
DGKH,METTL14,1,1
DGKH,MRPL57,1,1
DGKH,MYH14,1,1
DGKH,NOMO1,1,1
DGKH,PDGFRL,1,1
DGKH,PGBD1,1,1
DGKH,PGRMC1,1,1
DGKH,PWWP2A,1,1
DGKH,RAD17,1,1
DGKH,SHROOM1,1,1
DGKH,SLC19A3,1,1
DGKH,SLC35G1,1,1
DGKH,SLC44A1,1,1
DGKH,SMAD4,1,1
DGKH,SMAP2,1,1
DGKH,STX2,1,1
DGKH,TIMMDC1,1,1
DGKH,TMEM62,1,1
DGKH,UPF2,1,1
DGKH,VTI1A,1,1
DGKH,ZFP28,1,1
DGKH,ZNF71,1,1
INTS10,ACTN2,1,1
INTS10,ADCY1,1,1
INTS10,ALG13,1,1
INTS10,ANKRD19P,1,1
INTS10,APOO,1,1
INTS10,ARHGAP25,1,1
INTS10,CC2D1A,1,1
INTS10,CHPF,1,1
INTS10,CMB9-22P13.1,1,1
INTS10,COL9A3,1,1
INTS10,COLGALT1,1,1
INTS10,COPB2,1,1
INTS10,CRISPLD1,1,1
INTS10,CSGALNACT1,1,1
INTS10,DNAJB12,1,1
INTS10,DOK1,1,1
INTS10,EPHA3,1,1
INTS10,ERLIN2,1,1
INTS10,ETV1,1,1
INTS10,FABP7,1,1
INTS10,FAM188B,1,1
INTS10,FAM198B,1,1
INTS10,FBF1,1,1
INTS10,FCGR2A,1,1
INTS10,FGF13,1,1
INTS10,FKBP11,1,1
INTS10,FKBP9,1,1
INTS10,FKBP9P1,1,1
INTS10,GAD1,1,1
INTS10,GLCCI1,1,1
INTS10,GLUD2,1,1
INTS10,GPC4,1,1
INTS10,GRIK2,1,1
INTS10,HMCES,1,1
INTS10,HMCN1,1,1
INTS10,IARS2,1,1
INTS10,ID4,1,1
INTS10,IFI16,1,1
INTS10,ITGB5,1,1
INTS10,JSRP1,1,1
INTS10,KIFAP3,1,1
INTS10,LAMA4,1,1
INTS10,LAMC3,1,1
INTS10,LRP2,1,1
INTS10,MAFB,1,1
INTS10,MAP7D3,1,1
INTS10,MATK,1,1
INTS10,MMP15,1,1
INTS10,MRAP2,1,1
INTS10,NFKBIE,1,1
INTS10,NPAS1,1,1
INTS10,NSF,1,1
INTS10,NT5DC2,1,1
INTS10,P3H1,1,1
INTS10,P3H2,1,1
INTS10,PCOLCE2,1,1
INTS10,PDDC1,1,1
INTS10,PGRMC1,1,1
INTS10,PIEZO2,1,1
INTS10,PMS2CL,1,1
INTS10,PODXL2,1,1
INTS10,PPIC,1,1
INTS10,PPP1R13B,1,1
INTS10,PRDX6,1,1
INTS10,PTGFRN,1,1
INTS10,RAB23,1,1
INTS10,RNF216,1,1
INTS10,ROR1,1,1
INTS10,SDSL,1,1
INTS10,SEZ6L2,1,1
INTS10,SHROOM1,1,1
INTS10,SLC19A3,1,1
INTS10,SLC26A2,1,1
INTS10,SLC26A4,1,1
INTS10,SLC35G1,1,1
INTS10,SMAP2,1,1
INTS10,SPATS1,1,1
INTS10,STAT3,1,1
INTS10,STK32B,1,1
INTS10,TBC1D22B,1,1
INTS10,TGFB3,1,1
INTS10,TMEM62,1,1
INTS10,TNFAIP6,1,1
INTS10,TOR3A,1,1
INTS10,TRPM3,1,1
INTS10,TRPM8,1,1
INTS10,WWTR1,1,1
INTS10,XPR1,1,1
INTS10,ZNF595,1,1
TBC1D22B,ADCY1,1,1
TBC1D22B,BCL7A,1,1
TBC1D22B,DHRS1,1,1
TBC1D22B,ETV1,1,1
TBC1D22B,FKBP11,1,1
TBC1D22B,GLCCI1,1,1
TBC1D22B,ID4,1,1
TBC1D22B,MMP15,1,1
TBC1D22B,PGRMC1,1,1
TBC1D22B,SHROOM1,1,1
TBC1D22B,SLC19A3,1,1
TBC1D22B,TMEM54,1,1
ITGB5,ADAMTS9,1,1
ITGB5,ADCY1,1,1
ITGB5,APOO,1,1
ITGB5,ARHGAP25,1,1
ITGB5,B4GALT4,1,1
ITGB5,C8ORF58,1,1
ITGB5,CCSAP,1,1
ITGB5,CHST6,1,1
ITGB5,CLCC1,1,1
ITGB5,CMB9-22P13.1,1,1
ITGB5,COLGALT1,1,1
ITGB5,COPG1,1,1
ITGB5,CRISPLD1,1,1
ITGB5,DOCK4,1,1
ITGB5,EPDR1,1,1
ITGB5,ETV1,1,1
ITGB5,FAM175A,1,1
ITGB5,FAM198B,1,1
ITGB5,FCGR2A,1,1
ITGB5,FGF13,1,1
ITGB5,FKBP11,1,1
ITGB5,FKBP9P1,1,1
ITGB5,GAD1,1,1
ITGB5,GLCCI1,1,1
ITGB5,GRIK2,1,1
ITGB5,HMCES,1,1
ITGB5,HMCN1,1,1
ITGB5,HOXA13,1,1
ITGB5,ICAM1,1,1
ITGB5,ID4,1,1
ITGB5,ITGA9,1,1
ITGB5,KLF6,1,1
ITGB5,KRBA1,1,1
ITGB5,MAN1B1,1,1
ITGB5,METTL14,1,1
ITGB5,MMP15,1,1
ITGB5,MRPL57,1,1
ITGB5,MYH14,1,1
ITGB5,NAPG,1,1
ITGB5,NOMO1,1,1
ITGB5,NSF,1,1
ITGB5,NT5DC2,1,1
ITGB5,PCOLCE2,1,1
ITGB5,PDGFRL,1,1
ITGB5,PGRMC1,1,1
ITGB5,PI15,1,1
ITGB5,PIEZO2,1,1
ITGB5,PPIA,1,1
ITGB5,PSMD9,1,1
ITGB5,PTGFRN,1,1
ITGB5,RAD17,1,1
ITGB5,RCN2,1,1
ITGB5,ROR1,1,1
ITGB5,RPL17,1,1
ITGB5,SDSL,1,1
ITGB5,SHROOM1,1,1
ITGB5,SLC19A3,1,1
ITGB5,SLC22A5,1,1
ITGB5,SLC26A2,1,1
ITGB5,SLC35G1,1,1
ITGB5,SMAD4,1,1
ITGB5,SMAP2,1,1
ITGB5,SPHK2,1,1
ITGB5,STX2,1,1
ITGB5,SUN2,1,1
ITGB5,TBRG4,1,1
ITGB5,TMEM5,1,1
ITGB5,TMEM62,1,1
ITGB5,TRPM3,1,1
ITGB5,TVP23B,1,1
ITGB5,TXNL1,1,1
ITGB5,ZNF736,1,1
TMX1,ATP13A3,1,1
TMX1,CNBP,1,1
TMX1,DLAT,1,1
TMX1,DLX1,1,1
TMX1,PHF14,1,1
TMX1,RAP1B,1,1
TMX1,STK16,1,1
TMX1,U2SURP,1,1
TMX1,ZNF121,1,1
NDUFA8,ABCA8,1,1
NDUFA8,ADAP1,1,1
NDUFA8,ADGRB1,1,1
NDUFA8,AFAP1L2,1,1
NDUFA8,AGMO,1,1
NDUFA8,AKAP6,1,1
NDUFA8,ARHGAP6,1,1
NDUFA8,ASB4,1,1
NDUFA8,ATP9A,1,1
NDUFA8,B3GNT7,1,1
NDUFA8,BMP6,1,1
NDUFA8,BST2,1,1
NDUFA8,C1ORF115,1,1
NDUFA8,CACNA1H,1,1
NDUFA8,CADM4,1,1
NDUFA8,CDC42EP3,1,1
NDUFA8,CHRDL1,1,1
NDUFA8,CHURC1-FNTB,1,1
NDUFA8,COL9A2,1,1
NDUFA8,COL9A3,1,1
NDUFA8,CSMD1,1,1
NDUFA8,CT45A10,1,1
NDUFA8,CT45A5,1,1
NDUFA8,CT45A8,1,1
NDUFA8,CT45A9,1,1
NDUFA8,CYB561,1,1
NDUFA8,DDX43,1,1
NDUFA8,DNAJB6,1,1
NDUFA8,DNAJC30,1,1
NDUFA8,EMILIN1,1,1
NDUFA8,EYA2,1,1
NDUFA8,FAM86B1,1,1
NDUFA8,FOLH1,1,1
NDUFA8,FOXF1,1,1
NDUFA8,GPC1,1,1
NDUFA8,GRIK4,1,1
NDUFA8,GUCY1B3,1,1
NDUFA8,IGFBP2,1,1
NDUFA8,IL13RA2,1,1
NDUFA8,ITGA10,1,1
NDUFA8,ITPRIPL2,1,1
NDUFA8,KCNC3,1,1
NDUFA8,KCNG4,1,1
NDUFA8,LAMA2,1,1
NDUFA8,MAFB,1,1
NDUFA8,MATK,1,1
NDUFA8,MEOX2,1,1
NDUFA8,MICALL2,1,1
NDUFA8,MRPS6,1,1
NDUFA8,NAP1L5,1,1
NDUFA8,NDRG1,1,1
NDUFA8,NKX2-5,1,1
NDUFA8,NPHP1,1,1
NDUFA8,NR0B1,1,1
NDUFA8,NTN1,1,1
NDUFA8,P3H4,1,1
NDUFA8,PATZ1,1,1
NDUFA8,PCDHA10,1,1
NDUFA8,PCDHB11,1,1
NDUFA8,PCDHB17P,1,1
NDUFA8,PCDHB5,1,1
NDUFA8,PCDHB6,1,1
NDUFA8,PCDHB7,1,1
NDUFA8,PCDHGA7,1,1
NDUFA8,PITPNC1,1,1
NDUFA8,PLBD1,1,1
NDUFA8,POU3F3,1,1
NDUFA8,PPIC,1,1
NDUFA8,PRR4,1,1
NDUFA8,RANBP17,1,1
NDUFA8,RGS16,1,1
NDUFA8,S100A13,1,1
NDUFA8,SBNO2,1,1
NDUFA8,SCARA5,1,1
NDUFA8,SMIM3,1,1
NDUFA8,SPATS1,1,1
NDUFA8,TRIM9,1,1
NDUFA8,TYW1B,1,1
NDUFA8,WNK4,1,1
NDUFA8,ZBTB45P2,1,1
NDUFA8,ZNF536,1,1
NDUFA8,ZNF595,1,1
AASDHPPT,ABCF2,1,1
AASDHPPT,DLX2,1,1
AASDHPPT,DNAAF5,1,1
AASDHPPT,EIF1AX,1,1
AASDHPPT,MANSC1,1,1
AASDHPPT,RAP1B,1,1
AASDHPPT,RRP15,1,1
OGFRL1,ARL13B,1,1
OGFRL1,CARD6,1,1
OGFRL1,PRKAR1B,1,1
MAGT1,C16ORF52,1,1
MAGT1,CENPL,1,1
MAGT1,COL19A1,1,1
MAGT1,COX18,1,1
MAGT1,DDX56,1,1
MAGT1,DPY19L1,1,1
MAGT1,DUS3L,1,1
MAGT1,EDEM1,1,1
MAGT1,EN2,1,1
MAGT1,EPDR1,1,1
MAGT1,ERLEC1,1,1
MAGT1,FAM3C,1,1
MAGT1,GPD2,1,1
MAGT1,LIN28B,1,1
MAGT1,MAP2K3,1,1
MAGT1,MEGF10,1,1
MAGT1,PLAT,1,1
MAGT1,SEC61A1,1,1
MAGT1,SEMA3D,1,1
MAGT1,SLC4A7,1,1
MAGT1,STON2,1,1
MAGT1,TMEM45A,1,1
MAGT1,TPM3P9,1,1
RAP1B,ATP13A3,1,1
RAP1B,CNBP,1,1
RAP1B,DBR1,1,1
RAP1B,DLAT,1,1
RAP1B,DNAAF5,1,1
RAP1B,IRAK4,1,1
RAP1B,JRK,1,1
RAP1B,KDELC2,1,1
RAP1B,LSG1,1,1
RAP1B,MMADHC,1,1
RAP1B,PMVK,1,1
RAP1B,PSME3,1,1
RAP1B,RPAP3,1,1
RAP1B,RRP15,1,1
RAP1B,SEC61A1,1,1
RAP1B,STK16,1,1
RAP1B,U2SURP,1,1
RAP1B,ZNF275,1,1
PCDHB5,ABCA8,1,1
PCDHB5,ADGRB1,1,1
PCDHB5,AFAP1L2,1,1
PCDHB5,AGMO,1,1
PCDHB5,AKAP6,1,1
PCDHB5,ALG13,1,1
PCDHB5,ARCN1,1,1
PCDHB5,ARHGAP20,1,1
PCDHB5,ARHGAP6,1,1
PCDHB5,ART3,1,1
PCDHB5,ASB4,1,1
PCDHB5,ATP11C,1,1
PCDHB5,ATP1B1,1,1
PCDHB5,ATP9A,1,1
PCDHB5,B3GALT1,1,1
PCDHB5,B3GNT7,1,1
PCDHB5,BFSP1,1,1
PCDHB5,BMP6,1,1
PCDHB5,BST2,1,1
PCDHB5,C1QTNF3,1,1
PCDHB5,C1ORF115,1,1
PCDHB5,CACNA1H,1,1
PCDHB5,CADM4,1,1
PCDHB5,CC2D1A,1,1
PCDHB5,CCDC113,1,1
PCDHB5,CDH12,1,1
PCDHB5,CHPF,1,1
PCDHB5,CHURC1-FNTB,1,1
PCDHB5,COL11A2,1,1
PCDHB5,COL9A2,1,1
PCDHB5,COL9A3,1,1
PCDHB5,COLGALT2,1,1
PCDHB5,CSGALNACT1,1,1
PCDHB5,CSMD1,1,1
PCDHB5,CT45A10,1,1
PCDHB5,CT45A5,1,1
PCDHB5,CT45A8,1,1
PCDHB5,CT45A9,1,1
PCDHB5,CYB561,1,1
PCDHB5,DDX43,1,1
PCDHB5,DNAJB6,1,1
PCDHB5,DNAJC30,1,1
PCDHB5,DOK1,1,1
PCDHB5,EGFLAM,1,1
PCDHB5,EIF1AXP1,1,1
PCDHB5,EIF4H,1,1
PCDHB5,EMILIN1,1,1
PCDHB5,ENAH,1,1
PCDHB5,EPHA3,1,1
PCDHB5,EPHB3,1,1
PCDHB5,ERLIN2,1,1
PCDHB5,EYA2,1,1
PCDHB5,FAM212B,1,1
PCDHB5,FAM86B1,1,1
PCDHB5,FOLH1,1,1
PCDHB5,FOXF1,1,1
PCDHB5,FREM2,1,1
PCDHB5,GLUD2,1,1
PCDHB5,GPC1,1,1
PCDHB5,GPC4,1,1
PCDHB5,GRIK4,1,1
PCDHB5,GUCY1B3,1,1
PCDHB5,HS3ST3B1,1,1
PCDHB5,IFI16,1,1
PCDHB5,IGFBP2,1,1
PCDHB5,IGFBP3,1,1
PCDHB5,IL13RA2,1,1
PCDHB5,IL27RA,1,1
PCDHB5,ILK,1,1
PCDHB5,ITGA10,1,1
PCDHB5,ITGAX,1,1
PCDHB5,ITIH6,1,1
PCDHB5,ITPRIPL2,1,1
PCDHB5,JARID2,1,1
PCDHB5,KCNC3,1,1
PCDHB5,LAMA2,1,1
PCDHB5,LAMA4,1,1
PCDHB5,LAMC3,1,1
PCDHB5,LRP2,1,1
PCDHB5,LRRC75A,1,1
PCDHB5,MAFB,1,1
PCDHB5,MAMDC2,1,1
PCDHB5,MAPRE3,1,1
PCDHB5,MATK,1,1
PCDHB5,MEOX2,1,1
PCDHB5,MICALL2,1,1
PCDHB5,MRPS6,1,1
PCDHB5,NDRG1,1,1
PCDHB5,NKX2-5,1,1
PCDHB5,NPHP1,1,1
PCDHB5,NR0B1,1,1
PCDHB5,NTN1,1,1
PCDHB5,OPHN1,1,1
PCDHB5,P3H1,1,1
PCDHB5,P3H2,1,1
PCDHB5,P3H4,1,1
PCDHB5,PATZ1,1,1
PCDHB5,PCDHA10,1,1
PCDHB5,PCDHA11,1,1
PCDHB5,PCDHB11,1,1
PCDHB5,PCDHB17P,1,1
PCDHB5,PCDHB2,1,1
PCDHB5,PCDHB6,1,1
PCDHB5,PCDHB7,1,1
PCDHB5,PCDHGA7,1,1
PCDHB5,PDDC1,1,1
PCDHB5,PITPNC1,1,1
PCDHB5,PLBD1,1,1
PCDHB5,PLEKHS1,1,1
PCDHB5,PMS2CL,1,1
PCDHB5,POU3F3,1,1
PCDHB5,PPIC,1,1
PCDHB5,PPP2R2B,1,1
PCDHB5,PPP3CB,1,1
PCDHB5,PRDX6,1,1
PCDHB5,PRRX1,1,1
PCDHB5,PTGFRN,1,1
PCDHB5,RANBP17,1,1
PCDHB5,RAPGEF5,1,1
PCDHB5,RBMS1,1,1
PCDHB5,RCC1L,1,1
PCDHB5,RGS16,1,1
PCDHB5,RP11-111F5.5,1,1
PCDHB5,S100A13,1,1
PCDHB5,SBNO2,1,1
PCDHB5,SCARA5,1,1
PCDHB5,SEL1L3,1,1
PCDHB5,SERPINA3,1,1
PCDHB5,SERPINE2,1,1
PCDHB5,SEZ6L2,1,1
PCDHB5,SLC1A3,1,1
PCDHB5,SLC35E4,1,1
PCDHB5,SLC5A3,1,1
PCDHB5,SMIM3,1,1
PCDHB5,SOD3,1,1
PCDHB5,SPATS1,1,1
PCDHB5,STAT3,1,1
PCDHB5,STK32B,1,1
PCDHB5,SYTL5,1,1
PCDHB5,TBC1D10B,1,1
PCDHB5,TCN1,1,1
PCDHB5,TENM1,1,1
PCDHB5,TGFB3,1,1
PCDHB5,TIGD1,1,1
PCDHB5,TIMP1,1,1
PCDHB5,TNFAIP6,1,1
PCDHB5,TRIM9,1,1
PCDHB5,TRPM8,1,1
PCDHB5,TSPAN13,1,1
PCDHB5,USP9X,1,1
PCDHB5,WNK4,1,1
PCDHB5,WWTR1,1,1
PCDHB5,XIAP,1,1
PCDHB5,XPR1,1,1
PCDHB5,ZBTB45P2,1,1
PCDHB5,ZNF536,1,1
PCDHB5,ZNF595,1,1
PCDHB5,BP-21264C1.1,1,1
DOCK4,ARHGAP25,1,1
DOCK4,CLCC1,1,1
DOCK4,COL19A1,1,1
DOCK4,DPY19L1,1,1
DOCK4,EPDR1,1,1
DOCK4,ETV1,1,1
DOCK4,FGF13,1,1
DOCK4,FKBP9P1,1,1
DOCK4,GLCCI1,1,1
DOCK4,GNS,1,1
DOCK4,HMCN1,1,1
DOCK4,ICAM1,1,1
DOCK4,IL1RAP,1,1
DOCK4,LIN28B,1,1
DOCK4,MAML2,1,1
DOCK4,MAN1A2,1,1
DOCK4,METTL14,1,1
DOCK4,MMP15,1,1
DOCK4,MRPL57,1,1
DOCK4,NSF,1,1
DOCK4,NT5DC2,1,1
DOCK4,PCOLCE2,1,1
DOCK4,PSMD9,1,1
DOCK4,ROR1,1,1
DOCK4,SCG2,1,1
DOCK4,SHROOM1,1,1
DOCK4,SLC19A3,1,1
DOCK4,SOX5,1,1
DOCK4,SPHK2,1,1
DOCK4,SPRY4,1,1
DOCK4,STAG2,1,1
DOCK4,SWAP70,1,1
DOCK4,TMEM5,1,1
DOCK4,TMEM62,1,1
DOCK4,TVP23B,1,1
VTI1A,ANKRD26,1,1
VTI1A,APOO,1,1
VTI1A,ARF6,1,1
VTI1A,CALM1,1,1
VTI1A,CNOT6,1,1
VTI1A,FKBP11,1,1
VTI1A,METTL14,1,1
VTI1A,PGBD1,1,1
VTI1A,PWWP2A,1,1
VTI1A,RAD17,1,1
VTI1A,UPF2,1,1
VTI1A,ZNF71,1,1
SHPK,ADCK3,1,1
TMEM87A,B3GNT2,1,1
TMEM87A,CEP85L,1,1
TMEM87A,CLCC1,1,1
TMEM87A,COMMD3,1,1
TMEM87A,HES1,1,1
TMEM87A,KCNC4,1,1
TMEM87A,LIN28B,1,1
TMEM87A,MAML2,1,1
TMEM87A,MEGF10,1,1
TMEM87A,MFSD1,1,1
TMEM87A,NSF,1,1
TMEM87A,SH3BP5,1,1
TMEM87A,SLC7A2,1,1
TMEM87A,SSFA2,1,1
TMEM87A,STAG2,1,1
TMEM87A,STIM2,1,1
TMEM87A,SWAP70,1,1
TMEM87A,THOC2,1,1
TMEM87A,TMEM5,1,1
TMEM87A,TMEM87B,1,1
TMEM87A,ZBTB33,1,1
SH3BP5,B3GNT2,1,1
SH3BP5,CEP85L,1,1
SH3BP5,CLCC1,1,1
SH3BP5,ICE2,1,1
SH3BP5,SSFA2,1,1
SH3BP5,THOC2,1,1
ZFYVE27,CTDSP1,1,1
ZFYVE27,EHBP1,1,1
ZFYVE27,F12,1,1
ZFYVE27,PDHX,1,1
ZFYVE27,PHKA1,1,1
ZFYVE27,PTPN12,1,1
ZFYVE27,SEC23A,1,1
SLC35E4,ADGRB1,1,1
SLC35E4,AFAP1L2,1,1
SLC35E4,AGMO,1,1
SLC35E4,AKAP6,1,1
SLC35E4,ANGPTL1,1,1
SLC35E4,ANKH,1,1
SLC35E4,ARHGAP6,1,1
SLC35E4,ASB4,1,1
SLC35E4,ATP1B1,1,1
SLC35E4,B3GNT7,1,1
SLC35E4,BATF3,1,1
SLC35E4,C17ORF96,1,1
SLC35E4,C1QTNF3,1,1
SLC35E4,CDH12,1,1
SLC35E4,CHURC1-FNTB,1,1
SLC35E4,COL9A2,1,1
SLC35E4,COL9A3,1,1
SLC35E4,COLGALT2,1,1
SLC35E4,CT45A10,1,1
SLC35E4,CT45A5,1,1
SLC35E4,CT45A8,1,1
SLC35E4,CT45A9,1,1
SLC35E4,CYB561,1,1
SLC35E4,DMRT2,1,1
SLC35E4,EBF3,1,1
SLC35E4,EGFLAM,1,1
SLC35E4,EIF4H,1,1
SLC35E4,EMILIN1,1,1
SLC35E4,EPHB3,1,1
SLC35E4,FAM212B,1,1
SLC35E4,FAM86B1,1,1
SLC35E4,FGFRL1,1,1
SLC35E4,FOXF1,1,1
SLC35E4,FREM2,1,1
SLC35E4,GLI2,1,1
SLC35E4,GPC1,1,1
SLC35E4,GRIK4,1,1
SLC35E4,IL13RA2,1,1
SLC35E4,IL27RA,1,1
SLC35E4,ITPRIPL2,1,1
SLC35E4,KCNC3,1,1
SLC35E4,KIAA1328,1,1
SLC35E4,KIAA1671,1,1
SLC35E4,LAMA2,1,1
SLC35E4,LONRF2,1,1
SLC35E4,MEOX2,1,1
SLC35E4,MICALL2,1,1
SLC35E4,MMP16,1,1
SLC35E4,MRPS6,1,1
SLC35E4,NDRG1,1,1
SLC35E4,NKX2-5,1,1
SLC35E4,NR0B1,1,1
SLC35E4,P3H4,1,1
SLC35E4,PATZ1,1,1
SLC35E4,PCDHA10,1,1
SLC35E4,PCDHA11,1,1
SLC35E4,PCDHB11,1,1
SLC35E4,PCDHB17P,1,1
SLC35E4,PCDHB2,1,1
SLC35E4,PCDHB6,1,1
SLC35E4,PCDHB7,1,1
SLC35E4,PCDHGA7,1,1
SLC35E4,PLBD1,1,1
SLC35E4,POU3F3,1,1
SLC35E4,PRKAR1B,1,1
SLC35E4,PRR4,1,1
SLC35E4,PRRX1,1,1
SLC35E4,RAB7B,1,1
SLC35E4,RBMS1,1,1
SLC35E4,RGS16,1,1
SLC35E4,SBNO2,1,1
SLC35E4,SCARA5,1,1
SLC35E4,SERPINE2,1,1
SLC35E4,SLC1A3,1,1
SLC35E4,SLC35G2,1,1
SLC35E4,SLC43A2,1,1
SLC35E4,SLC5A3,1,1
SLC35E4,SLC9A7,1,1
SLC35E4,SNED1,1,1
SLC35E4,ST8SIA5,1,1
SLC35E4,SYTL5,1,1
SLC35E4,TBXAS1,1,1
SLC35E4,TCN1,1,1
SLC35E4,TENM1,1,1
SLC35E4,TIGD1,1,1
SLC35E4,TMEM2,1,1
SLC35E4,TRIM9,1,1
SLC35E4,TYW1B,1,1
SLC35E4,UBA1,1,1
SLC35E4,YWHAG,1,1
SLC35E4,ZBTB45P2,1,1
SLC35E4,BP-21264C1.1,1,1
SOCS2,ABCA8,1,1
SOCS2,ACAD11,1,1
SOCS2,ADAP1,1,1
SOCS2,ADGRL1,1,1
SOCS2,ARHGAP20,1,1
SOCS2,B3GNT7,1,1
SOCS2,BAALC,1,1
SOCS2,BFSP1,1,1
SOCS2,BMP6,1,1
SOCS2,BST2,1,1
SOCS2,C12ORF60,1,1
SOCS2,CACNA1H,1,1
SOCS2,CCDC113,1,1
SOCS2,CCDC78,1,1
SOCS2,CDH12,1,1
SOCS2,CGREF1,1,1
SOCS2,COASY,1,1
SOCS2,COQ6,1,1
SOCS2,CSMD1,1,1
SOCS2,DEPDC7,1,1
SOCS2,DNAJB6,1,1
SOCS2,DNAJC30,1,1
SOCS2,EGFL7,1,1
SOCS2,EMILIN1,1,1
SOCS2,EYA2,1,1
SOCS2,FAM134B,1,1
SOCS2,FDXR,1,1
SOCS2,FOLH1,1,1
SOCS2,GUCY1B3,1,1
SOCS2,IGFBP2,1,1
SOCS2,ITGAX,1,1
SOCS2,JUNB,1,1
SOCS2,LAMA2,1,1
SOCS2,MAPRE3,1,1
SOCS2,MEAF6,1,1
SOCS2,NAP1L5,1,1
SOCS2,NTN1,1,1
SOCS2,OLFM2,1,1
SOCS2,OPHN1,1,1
SOCS2,P3H4,1,1
SOCS2,PCDHB11,1,1
SOCS2,PEX5L,1,1
SOCS2,PLBD1,1,1
SOCS2,PNPLA4,1,1
SOCS2,PPP2R2B,1,1
SOCS2,PYROXD2,1,1
SOCS2,RNASE1,1,1
SOCS2,RP11-43F13.1,1,1
SOCS2,SEL1L3,1,1
SOCS2,SERPINA3,1,1
SOCS2,SLC27A5,1,1
SOCS2,SLC29A4,1,1
SOCS2,SLC40A1,1,1
SOCS2,SMIM3,1,1
SOCS2,SOD3,1,1
SOCS2,SPAG4,1,1
SOCS2,WBSCR27,1,1
CSMD1,ABCA8,1,1
CSMD1,ACAD11,1,1
CSMD1,ADAP1,1,1
CSMD1,AFAP1L2,1,1
CSMD1,AGMO,1,1
CSMD1,AKAP6,1,1
CSMD1,ARHGAP20,1,1
CSMD1,ASB4,1,1
CSMD1,ATP1B1,1,1
CSMD1,B3GALT1,1,1
CSMD1,B3GNT7,1,1
CSMD1,BAALC,1,1
CSMD1,BFSP1,1,1
CSMD1,BMP6,1,1
CSMD1,BST2,1,1
CSMD1,C12ORF60,1,1
CSMD1,C1ORF115,1,1
CSMD1,CACNA1H,1,1
CSMD1,CADM4,1,1
CSMD1,CC2D1A,1,1
CSMD1,CCDC113,1,1
CSMD1,CCDC78,1,1
CSMD1,CDH12,1,1
CSMD1,CGREF1,1,1
CSMD1,CHPF,1,1
CSMD1,CHRDL1,1,1
CSMD1,CHURC1-FNTB,1,1
CSMD1,COL9A2,1,1
CSMD1,COL9A3,1,1
CSMD1,COQ3,1,1
CSMD1,COQ6,1,1
CSMD1,CT45A10,1,1
CSMD1,CT45A8,1,1
CSMD1,CT45A9,1,1
CSMD1,DDX43,1,1
CSMD1,DEPDC7,1,1
CSMD1,DNAJC30,1,1
CSMD1,EGFL7,1,1
CSMD1,EMILIN1,1,1
CSMD1,EYA2,1,1
CSMD1,FAM134B,1,1
CSMD1,FAM86B1,1,1
CSMD1,FBF1,1,1
CSMD1,FOLH1,1,1
CSMD1,GPC1,1,1
CSMD1,GPC4,1,1
CSMD1,GRIK4,1,1
CSMD1,GUCY1B3,1,1
CSMD1,IFI16,1,1
CSMD1,IGFBP2,1,1
CSMD1,ITGA10,1,1
CSMD1,ITGAX,1,1
CSMD1,ITIH6,1,1
CSMD1,ITPRIPL2,1,1
CSMD1,JSRP1,1,1
CSMD1,JUNB,1,1
CSMD1,KCNG4,1,1
CSMD1,LAMA2,1,1
CSMD1,LAMC3,1,1
CSMD1,LRP2,1,1
CSMD1,MAFB,1,1
CSMD1,MAMDC2,1,1
CSMD1,MAPRE3,1,1
CSMD1,MATK,1,1
CSMD1,MDM2,1,1
CSMD1,MEOX2,1,1
CSMD1,NPHP1,1,1
CSMD1,NTN1,1,1
CSMD1,OAZ1,1,1
CSMD1,OLFM2,1,1
CSMD1,OPHN1,1,1
CSMD1,P3H1,1,1
CSMD1,P3H4,1,1
CSMD1,PAGE5,1,1
CSMD1,PATZ1,1,1
CSMD1,PCDHB11,1,1
CSMD1,PCDHB17P,1,1
CSMD1,PCDHB6,1,1
CSMD1,PCDHB7,1,1
CSMD1,PDDC1,1,1
CSMD1,PEX5L,1,1
CSMD1,PITPNC1,1,1
CSMD1,PLBD1,1,1
CSMD1,PLEKHS1,1,1
CSMD1,PODXL2,1,1
CSMD1,POU3F3,1,1
CSMD1,PPIC,1,1
CSMD1,PPP2R2B,1,1
CSMD1,PTGFRN,1,1
CSMD1,RAPGEF5,1,1
CSMD1,RNASE1,1,1
CSMD1,RP11-111F5.5,1,1
CSMD1,RP11-43F13.1,1,1
CSMD1,SBNO2,1,1
CSMD1,SCARA5,1,1
CSMD1,SEL1L3,1,1
CSMD1,SERPINA3,1,1
CSMD1,SEZ6L2,1,1
CSMD1,SLC40A1,1,1
CSMD1,SMIM3,1,1
CSMD1,SOD3,1,1
CSMD1,SPARC,1,1
CSMD1,SPATS1,1,1
CSMD1,SRGAP2,1,1
CSMD1,STAT3,1,1
CSMD1,TACO1,1,1
CSMD1,TARS2,1,1
CSMD1,TGFB3,1,1
CSMD1,TRIM9,1,1
CSMD1,TRPM8,1,1
CSMD1,WBSCR27,1,1
CSMD1,WNK4,1,1
CSMD1,ZNF536,1,1
CSMD1,ZNF595,1,1
CSMD1,BP-21264C1.1,1,1
LONRF2,ADGRB1,1,1
LONRF2,AFAP1L2,1,1
LONRF2,AGMO,1,1
LONRF2,ALG13,1,1
LONRF2,ANGPTL1,1,1
LONRF2,ARHGAP6,1,1
LONRF2,ART3,1,1
LONRF2,ATP11C,1,1
LONRF2,ATP9A,1,1
LONRF2,ATXN1,1,1
LONRF2,C1QTNF3,1,1
LONRF2,CHURC1-FNTB,1,1
LONRF2,COL9A2,1,1
LONRF2,COLGALT2,1,1
LONRF2,CSGALNACT1,1,1
LONRF2,CT45A10,1,1
LONRF2,CT45A5,1,1
LONRF2,CT45A8,1,1
LONRF2,CT45A9,1,1
LONRF2,DLX2,1,1
LONRF2,DMRT2,1,1
LONRF2,DOK1,1,1
LONRF2,EGFLAM,1,1
LONRF2,EIF1AX,1,1
LONRF2,ENAH,1,1
LONRF2,EPHA3,1,1
LONRF2,EPHB3,1,1
LONRF2,ERLIN2,1,1
LONRF2,FAM212B,1,1
LONRF2,FAM86B1,1,1
LONRF2,FOXF1,1,1
LONRF2,FREM2,1,1
LONRF2,FZD1,1,1
LONRF2,GLI2,1,1
LONRF2,GLUD2,1,1
LONRF2,GPC1,1,1
LONRF2,GRIK4,1,1
LONRF2,GTF2F1,1,1
LONRF2,IGFBP3,1,1
LONRF2,IL13RA2,1,1
LONRF2,IL27RA,1,1
LONRF2,ITPRIPL2,1,1
LONRF2,JARID2,1,1
LONRF2,JKAMP,1,1
LONRF2,KCNC3,1,1
LONRF2,KIAA0040,1,1
LONRF2,KIAA1328,1,1
LONRF2,KIAA1671,1,1
LONRF2,LAMA4,1,1
LONRF2,MICALL2,1,1
LONRF2,MMP16,1,1
LONRF2,MRPS6,1,1
LONRF2,NDRG1,1,1
LONRF2,NKX2-5,1,1
LONRF2,NR0B1,1,1
LONRF2,P3H2,1,1
LONRF2,PCDHA10,1,1
LONRF2,PCDHA11,1,1
LONRF2,PCDHB17P,1,1
LONRF2,PCDHB2,1,1
LONRF2,PCDHGA7,1,1
LONRF2,PCDHGB1,1,1
LONRF2,POU3F3,1,1
LONRF2,PRR4,1,1
LONRF2,PRRX1,1,1
LONRF2,RAB7B,1,1
LONRF2,RBMS1,1,1
LONRF2,RC3H1,1,1
LONRF2,RNF128,1,1
LONRF2,RPN1,1,1
LONRF2,SCARA5,1,1
LONRF2,SERPINE2,1,1
LONRF2,SERTAD4,1,1
LONRF2,SLC43A2,1,1
LONRF2,SLC5A3,1,1
LONRF2,SNED1,1,1
LONRF2,SOX8,1,1
LONRF2,SPRY4,1,1
LONRF2,ST8SIA5,1,1
LONRF2,STK32B,1,1
LONRF2,SYTL5,1,1
LONRF2,TBXAS1,1,1
LONRF2,TCN1,1,1
LONRF2,TENM1,1,1
LONRF2,TIMP1,1,1
LONRF2,TMEM2,1,1
LONRF2,TNFAIP6,1,1
LONRF2,TOR1AIP2,1,1
LONRF2,TRAF4,1,1
LONRF2,TRIM51CP,1,1
LONRF2,TRIM9,1,1
LONRF2,XIAP,1,1
LONRF2,XYLT1,1,1
LONRF2,ZBTB45P2,1,1
LONRF2,ZNF721,1,1
LONRF2,ZNF860,1,1
MIPOL1,ADORA2B,1,1
MIPOL1,ANKH,1,1
MIPOL1,ATP1B1,1,1
MIPOL1,BATF3,1,1
MIPOL1,C16ORF72,1,1
MIPOL1,C17ORF96,1,1
MIPOL1,C4ORF32,1,1
MIPOL1,COLGALT2,1,1
MIPOL1,EIF1AX,1,1
MIPOL1,EIF4H,1,1
MIPOL1,F12,1,1
MIPOL1,FGFRL1,1,1
MIPOL1,FREM2,1,1
MIPOL1,KAT8,1,1
MIPOL1,KIAA1328,1,1
MIPOL1,KIAA1671,1,1
MIPOL1,L3HYPDH,1,1
MIPOL1,LANCL3,1,1
MIPOL1,LIMS1,1,1
MIPOL1,MMADHC,1,1
MIPOL1,MMP16,1,1
MIPOL1,OCIAD1,1,1
MIPOL1,PCDHB2,1,1
MIPOL1,PELI1,1,1
MIPOL1,PRKAR1B,1,1
MIPOL1,RBMS1,1,1
MIPOL1,RPS6KA3,1,1
MIPOL1,SERINC3,1,1
MIPOL1,SLC35G2,1,1
MIPOL1,SLC43A2,1,1
MIPOL1,SLC9A7,1,1
MIPOL1,SNRPB2,1,1
MIPOL1,SRPX2,1,1
MIPOL1,TPI1,1,1
MIPOL1,TSPAN13,1,1
MIPOL1,UBA1,1,1
MIPOL1,VCAN,1,1
MIPOL1,WDR11,1,1
MIPOL1,WT1,1,1
MIPOL1,YWHAG,1,1
MIPOL1,ZNF335,1,1
FAM86B1,ABCA8,1,1
FAM86B1,ADGRB1,1,1
FAM86B1,AFAP1L2,1,1
FAM86B1,AGMO,1,1
FAM86B1,AKAP6,1,1
FAM86B1,ALG13,1,1
FAM86B1,ANGPTL1,1,1
FAM86B1,ARHGAP20,1,1
FAM86B1,ARHGAP6,1,1
FAM86B1,ART3,1,1
FAM86B1,ASB4,1,1
FAM86B1,ATP1B1,1,1
FAM86B1,ATP9A,1,1
FAM86B1,B3GALT1,1,1
FAM86B1,B3GNT7,1,1
FAM86B1,BMP6,1,1
FAM86B1,BST2,1,1
FAM86B1,C1QTNF3,1,1
FAM86B1,CADM4,1,1
FAM86B1,CC2D1A,1,1
FAM86B1,CDH12,1,1
FAM86B1,CHURC1-FNTB,1,1
FAM86B1,COL11A2,1,1
FAM86B1,COL9A2,1,1
FAM86B1,COL9A3,1,1
FAM86B1,COLGALT2,1,1
FAM86B1,CSGALNACT1,1,1
FAM86B1,CT45A10,1,1
FAM86B1,CT45A5,1,1
FAM86B1,CT45A8,1,1
FAM86B1,CT45A9,1,1
FAM86B1,CYB561,1,1
FAM86B1,DDX43,1,1
FAM86B1,DMRT2,1,1
FAM86B1,DNAJB6,1,1
FAM86B1,DNAJC30,1,1
FAM86B1,DOK1,1,1
FAM86B1,EGFLAM,1,1
FAM86B1,EIF1AXP1,1,1
FAM86B1,EIF4H,1,1
FAM86B1,EMILIN1,1,1
FAM86B1,ENAH,1,1
FAM86B1,EPHA3,1,1
FAM86B1,EPHB3,1,1
FAM86B1,ERLIN2,1,1
FAM86B1,EYA2,1,1
FAM86B1,FAM212B,1,1
FAM86B1,FOLH1,1,1
FAM86B1,FOXF1,1,1
FAM86B1,FREM2,1,1
FAM86B1,GLI2,1,1
FAM86B1,GLUD2,1,1
FAM86B1,GPC1,1,1
FAM86B1,GPC4,1,1
FAM86B1,GRIK4,1,1
FAM86B1,GUCY1B3,1,1
FAM86B1,HS3ST3B1,1,1
FAM86B1,IGFBP2,1,1
FAM86B1,IGFBP3,1,1
FAM86B1,IL13RA2,1,1
FAM86B1,IL27RA,1,1
FAM86B1,ITGA10,1,1
FAM86B1,ITIH6,1,1
FAM86B1,ITPRIPL2,1,1
FAM86B1,JARID2,1,1
FAM86B1,JKAMP,1,1
FAM86B1,KCNC3,1,1
FAM86B1,LAMA2,1,1
FAM86B1,LAMA4,1,1
FAM86B1,MAFB,1,1
FAM86B1,MAMDC2,1,1
FAM86B1,MATK,1,1
FAM86B1,MEOX2,1,1
FAM86B1,MICALL2,1,1
FAM86B1,MMP16,1,1
FAM86B1,MRPS6,1,1
FAM86B1,NDRG1,1,1
FAM86B1,NKX2-5,1,1
FAM86B1,NPHP1,1,1
FAM86B1,NR0B1,1,1
FAM86B1,NTN1,1,1
FAM86B1,P3H1,1,1
FAM86B1,P3H2,1,1
FAM86B1,P3H4,1,1
FAM86B1,PATZ1,1,1
FAM86B1,PCDHA10,1,1
FAM86B1,PCDHA11,1,1
FAM86B1,PCDHB11,1,1
FAM86B1,PCDHB17P,1,1
FAM86B1,PCDHB2,1,1
FAM86B1,PCDHB6,1,1
FAM86B1,PCDHB7,1,1
FAM86B1,PCDHGA7,1,1
FAM86B1,PCDHGB1,1,1
FAM86B1,PDDC1,1,1
FAM86B1,PLBD1,1,1
FAM86B1,PLEKHS1,1,1
FAM86B1,PMS2CL,1,1
FAM86B1,POU3F3,1,1
FAM86B1,PPIC,1,1
FAM86B1,PPP2R2B,1,1
FAM86B1,PRR4,1,1
FAM86B1,PRRX1,1,1
FAM86B1,PTGFRN,1,1
FAM86B1,RAB7B,1,1
FAM86B1,RBMS1,1,1
FAM86B1,RP11-111F5.5,1,1
FAM86B1,RPN1,1,1
FAM86B1,S100A13,1,1
FAM86B1,SBNO2,1,1
FAM86B1,SCARA5,1,1
FAM86B1,SEL1L3,1,1
FAM86B1,SERPINE2,1,1
FAM86B1,SLC1A3,1,1
FAM86B1,SLC43A2,1,1
FAM86B1,SLC5A3,1,1
FAM86B1,SMIM3,1,1
FAM86B1,SNED1,1,1
FAM86B1,SPRY4,1,1
FAM86B1,ST8SIA5,1,1
FAM86B1,STK32B,1,1
FAM86B1,SYTL5,1,1
FAM86B1,TBC1D10B,1,1
FAM86B1,TBXAS1,1,1
FAM86B1,TCN1,1,1
FAM86B1,TENM1,1,1
FAM86B1,TGFB3,1,1
FAM86B1,TIGD1,1,1
FAM86B1,TIMP1,1,1
FAM86B1,TNFAIP6,1,1
FAM86B1,TOR1AIP2,1,1
FAM86B1,TRIM51CP,1,1
FAM86B1,TRIM9,1,1
FAM86B1,TRPM8,1,1
FAM86B1,TSPAN13,1,1
FAM86B1,WNK4,1,1
FAM86B1,WWTR1,1,1
FAM86B1,XIAP,1,1
FAM86B1,XYLT1,1,1
FAM86B1,ZBTB45P2,1,1
FAM86B1,ZNF595,1,1
FAM86B1,BP-21264C1.1,1,1
MAGEC1,CCSAP,1,1
MAGEC1,CNKSR3,1,1
MAGEC1,EPDR1,1,1
MAGEC1,GATA4,1,1
MAGEC1,ICAM1,1,1
MAGEC1,MEGF10,1,1
MAGEC1,MYH14,1,1
MAGEC1,NAPG,1,1
MAGEC1,PDGFRL,1,1
MAGEC1,RBAK,1,1
MAGEC1,RPTOR,1,1
MAGEC1,SCG2,1,1
MAGEC1,SEMA3D,1,1
MAGEC1,SUN2,1,1
MAGEC1,TMEM5,1,1
LSG1,AMOTL1,1,1
LSG1,ATP13A3,1,1
LSG1,CNBP,1,1
LSG1,DNAAF5,1,1
LSG1,EIF1AX,1,1
LSG1,JRK,1,1
LSG1,KDELC2,1,1
LSG1,MMADHC,1,1
LSG1,NMD3,1,1
LSG1,SEC61A1,1,1
LSG1,ZNF275,1,1
MCTS1,ADAMTS9,1,1
MCTS1,ASB9,1,1
MCTS1,ATP5B,1,1
MCTS1,BX004987.1,1,1
MCTS1,CCSAP,1,1
MCTS1,CHL1,1,1
MCTS1,CHST6,1,1
MCTS1,CMTM8,1,1
MCTS1,COLGALT1,1,1
MCTS1,DOCK10,1,1
MCTS1,EDEM2,1,1
MCTS1,EIF3I,1,1
MCTS1,EXOC1,1,1
MCTS1,FUCA2,1,1
MCTS1,GAD1,1,1
MCTS1,GATA4,1,1
MCTS1,GNAO1,1,1
MCTS1,IPO8,1,1
MCTS1,KDSR,1,1
MCTS1,MGAT5B,1,1
MCTS1,MLLT10,1,1
MCTS1,MTIF2,1,1
MCTS1,MYH14,1,1
MCTS1,NAPG,1,1
MCTS1,NOA1,1,1
MCTS1,NUDT4,1,1
MCTS1,PDGFRL,1,1
MCTS1,PHB,1,1
MCTS1,PI15,1,1
MCTS1,PPIA,1,1
MCTS1,RBAK,1,1
MCTS1,RCN2,1,1
MCTS1,RPTOR,1,1
MCTS1,SECISBP2,1,1
MCTS1,SLC44A1,1,1
MCTS1,SOBP,1,1
MCTS1,SUN2,1,1
MCTS1,TBRG4,1,1
MCTS1,TIMMDC1,1,1
MCTS1,TIPRL,1,1
MCTS1,ZFP28,1,1
MCTS1,ZNF280A,1,1
CT45A8,ABCA8,1,1
CT45A8,ADGRB1,1,1
CT45A8,AFAP1L2,1,1
CT45A8,AGMO,1,1
CT45A8,AKAP6,1,1
CT45A8,ALG13,1,1
CT45A8,ARCN1,1,1
CT45A8,ARHGAP20,1,1
CT45A8,ARHGAP6,1,1
CT45A8,ART3,1,1
CT45A8,ASB4,1,1
CT45A8,ATP11C,1,1
CT45A8,ATP1B1,1,1
CT45A8,ATP9A,1,1
CT45A8,B3GALT1,1,1
CT45A8,B3GNT7,1,1
CT45A8,BMP6,1,1
CT45A8,BST2,1,1
CT45A8,C1QTNF3,1,1
CT45A8,C1ORF115,1,1
CT45A8,CACNA1H,1,1
CT45A8,CADM4,1,1
CT45A8,CC2D1A,1,1
CT45A8,CDH12,1,1
CT45A8,CHPF,1,1
CT45A8,CHURC1-FNTB,1,1
CT45A8,COL11A2,1,1
CT45A8,COL9A2,1,1
CT45A8,COL9A3,1,1
CT45A8,COLGALT2,1,1
CT45A8,CSGALNACT1,1,1
CT45A8,CT45A10,1,1
CT45A8,CT45A5,1,1
CT45A8,CT45A9,1,1
CT45A8,CYB561,1,1
CT45A8,DDX43,1,1
CT45A8,DMRT2,1,1
CT45A8,DNAJB6,1,1
CT45A8,DNAJC30,1,1
CT45A8,DOK1,1,1
CT45A8,EGFLAM,1,1
CT45A8,EIF1AXP1,1,1
CT45A8,EIF4H,1,1
CT45A8,EMILIN1,1,1
CT45A8,ENAH,1,1
CT45A8,EPHA3,1,1
CT45A8,EPHB3,1,1
CT45A8,ERLIN2,1,1
CT45A8,EYA2,1,1
CT45A8,FAM212B,1,1
CT45A8,FOLH1,1,1
CT45A8,FOXF1,1,1
CT45A8,FREM2,1,1
CT45A8,GLI2,1,1
CT45A8,GLUD2,1,1
CT45A8,GPC1,1,1
CT45A8,GPC4,1,1
CT45A8,GRIK4,1,1
CT45A8,GUCY1B3,1,1
CT45A8,HS3ST3B1,1,1
CT45A8,IFI16,1,1
CT45A8,IGFBP2,1,1
CT45A8,IGFBP3,1,1
CT45A8,IL13RA2,1,1
CT45A8,IL27RA,1,1
CT45A8,ILK,1,1
CT45A8,ITGA10,1,1
CT45A8,ITIH6,1,1
CT45A8,ITPRIPL2,1,1
CT45A8,JARID2,1,1
CT45A8,KCNC3,1,1
CT45A8,LAMA2,1,1
CT45A8,LAMA4,1,1
CT45A8,LAMC3,1,1
CT45A8,LRRC75A,1,1
CT45A8,MAFB,1,1
CT45A8,MAMDC2,1,1
CT45A8,MATK,1,1
CT45A8,MEOX2,1,1
CT45A8,MICALL2,1,1
CT45A8,MMP16,1,1
CT45A8,MRPS6,1,1
CT45A8,NDRG1,1,1
CT45A8,NKX2-5,1,1
CT45A8,NPAS1,1,1
CT45A8,NPHP1,1,1
CT45A8,NR0B1,1,1
CT45A8,NTN1,1,1
CT45A8,P3H1,1,1
CT45A8,P3H2,1,1
CT45A8,P3H4,1,1
CT45A8,PATZ1,1,1
CT45A8,PCDHA10,1,1
CT45A8,PCDHA11,1,1
CT45A8,PCDHB11,1,1
CT45A8,PCDHB17P,1,1
CT45A8,PCDHB2,1,1
CT45A8,PCDHB6,1,1
CT45A8,PCDHB7,1,1
CT45A8,PCDHGA7,1,1
CT45A8,PDDC1,1,1
CT45A8,PITPNC1,1,1
CT45A8,PLBD1,1,1
CT45A8,PLEKHS1,1,1
CT45A8,PMS2CL,1,1
CT45A8,POU3F3,1,1
CT45A8,PPIC,1,1
CT45A8,PPP2R2B,1,1
CT45A8,PPP3CB,1,1
CT45A8,PRDX6,1,1
CT45A8,PRR4,1,1
CT45A8,PRRX1,1,1
CT45A8,PTGFRN,1,1
CT45A8,RAB7B,1,1
CT45A8,RBMS1,1,1
CT45A8,RCC1L,1,1
CT45A8,RGS16,1,1
CT45A8,RP11-111F5.5,1,1
CT45A8,RPN1,1,1
CT45A8,S100A13,1,1
CT45A8,SBNO2,1,1
CT45A8,SCARA5,1,1
CT45A8,SEL1L3,1,1
CT45A8,SERPINA3,1,1
CT45A8,SERPINE2,1,1
CT45A8,SLC1A3,1,1
CT45A8,SLC43A2,1,1
CT45A8,SLC5A3,1,1
CT45A8,SMIM3,1,1
CT45A8,SNED1,1,1
CT45A8,SPATS1,1,1
CT45A8,SPRY4,1,1
CT45A8,ST8SIA5,1,1
CT45A8,STK32B,1,1
CT45A8,SYTL5,1,1
CT45A8,TBC1D10B,1,1
CT45A8,TBXAS1,1,1
CT45A8,TCN1,1,1
CT45A8,TENM1,1,1
CT45A8,TGFB3,1,1
CT45A8,TIGD1,1,1
CT45A8,TIMP1,1,1
CT45A8,TNFAIP6,1,1
CT45A8,TOR3A,1,1
CT45A8,TRIM9,1,1
CT45A8,TRPM8,1,1
CT45A8,TSPAN13,1,1
CT45A8,TYW1B,1,1
CT45A8,WNK4,1,1
CT45A8,WWTR1,1,1
CT45A8,XIAP,1,1
CT45A8,XPR1,1,1
CT45A8,XYLT1,1,1
CT45A8,ZBTB45P2,1,1
CT45A8,ZNF536,1,1
CT45A8,ZNF595,1,1
CT45A8,BP-21264C1.1,1,1
KDELR3,BIN3,1,1
KDELR3,EXTL1,1,1
KDELR3,GNAO1,1,1
KDELR3,HOXA13,1,1
KDELR3,ITGA9,1,1
KDELR3,PC,1,1
KDELR3,PLSCR4,1,1
KDELR3,ZNF280A,1,1
IGFBP3,ADGRB1,1,1
IGFBP3,AFAP1L2,1,1
IGFBP3,AGMO,1,1
IGFBP3,AKAP6,1,1
IGFBP3,ALG13,1,1
IGFBP3,ANGPTL1,1,1
IGFBP3,ARHGAP6,1,1
IGFBP3,ATP9A,1,1
IGFBP3,C1QTNF3,1,1
IGFBP3,COL9A3,1,1
IGFBP3,COLGALT2,1,1
IGFBP3,CSGALNACT1,1,1
IGFBP3,CT45A9,1,1
IGFBP3,DLX2,1,1
IGFBP3,DMRT2,1,1
IGFBP3,EGFLAM,1,1
IGFBP3,EIF1AXP1,1,1
IGFBP3,ENAH,1,1
IGFBP3,EPHB3,1,1
IGFBP3,ERLIN2,1,1
IGFBP3,FAM212B,1,1
IGFBP3,GLUD2,1,1
IGFBP3,GRIK4,1,1
IGFBP3,IL13RA2,1,1
IGFBP3,IL1RAP,1,1
IGFBP3,IL27RA,1,1
IGFBP3,ITIH6,1,1
IGFBP3,ITPRIPL2,1,1
IGFBP3,JARID2,1,1
IGFBP3,JKAMP,1,1
IGFBP3,KCNC3,1,1
IGFBP3,KIAA0040,1,1
IGFBP3,LAMA4,1,1
IGFBP3,MAFB,1,1
IGFBP3,MICALL2,1,1
IGFBP3,MMP16,1,1
IGFBP3,NKX2-5,1,1
IGFBP3,NR0B1,1,1
IGFBP3,P3H2,1,1
IGFBP3,PCDHA10,1,1
IGFBP3,PCDHA11,1,1
IGFBP3,PCDHB17P,1,1
IGFBP3,PCDHB2,1,1
IGFBP3,PCDHGA7,1,1
IGFBP3,PCDHGB1,1,1
IGFBP3,PLEKHS1,1,1
IGFBP3,PRPSAP2,1,1
IGFBP3,PRRX1,1,1
IGFBP3,RAB7B,1,1
IGFBP3,RBMS1,1,1
IGFBP3,RGS5,1,1
IGFBP3,RNF128,1,1
IGFBP3,RPN1,1,1
IGFBP3,SCARA5,1,1
IGFBP3,SERPINE2,1,1
IGFBP3,SLC5A3,1,1
IGFBP3,SNED1,1,1
IGFBP3,SOX8,1,1
IGFBP3,SPRY4,1,1
IGFBP3,ST8SIA5,1,1
IGFBP3,STK32B,1,1
IGFBP3,SYTL5,1,1
IGFBP3,TBXAS1,1,1
IGFBP3,TCN1,1,1
IGFBP3,TENM1,1,1
IGFBP3,TGFB3,1,1
IGFBP3,TIMP1,1,1
IGFBP3,TNFAIP6,1,1
IGFBP3,TRIM51CP,1,1
IGFBP3,TRIM9,1,1
IGFBP3,WWTR1,1,1
IGFBP3,XIAP,1,1
IGFBP3,XYLT1,1,1
IGFBP3,ZBTB45P2,1,1
IGFBP3,ZNF595,1,1
IGFBP3,ZNF654,1,1
CHRDL1,ADAP1,1,1
CHRDL1,ASB4,1,1
CHRDL1,ATP5D,1,1
CHRDL1,B3GNT7,1,1
CHRDL1,BAALC,1,1
CHRDL1,BMP6,1,1
CHRDL1,C1ORF115,1,1
CHRDL1,CACNA1H,1,1
CHRDL1,CCDC113,1,1
CHRDL1,COASY,1,1
CHRDL1,CTAG2,1,1
CHRDL1,EMILIN1,1,1
CHRDL1,EYA2,1,1
CHRDL1,FOLH1,1,1
CHRDL1,GAGE12J,1,1
CHRDL1,GAGE2E,1,1
CHRDL1,KCNG4,1,1
CHRDL1,LAMA2,1,1
CHRDL1,MEOX2,1,1
CHRDL1,NTN1,1,1
CHRDL1,P3H4,1,1
CHRDL1,PAGE5,1,1
CHRDL1,PCDHB11,1,1
CHRDL1,PITPNC1,1,1
CHRDL1,POU3F3,1,1
CHRDL1,RGS16,1,1
CHRDL1,SOD3,1,1
CHRDL1,SPATS1,1,1
CHRDL1,TACO1,1,1
CHRDL1,WNK4,1,1
MAPRE3,ABCA8,1,1
MAPRE3,ACAD11,1,1
MAPRE3,ADGRL1,1,1
MAPRE3,ARHGAP20,1,1
MAPRE3,ASB4,1,1
MAPRE3,B3GALT1,1,1
MAPRE3,B3GNT7,1,1
MAPRE3,BAALC,1,1
MAPRE3,BFSP1,1,1
MAPRE3,BMP6,1,1
MAPRE3,BST2,1,1
MAPRE3,C1ORF115,1,1
MAPRE3,C8ORF48,1,1
MAPRE3,CACNA1H,1,1
MAPRE3,CADM4,1,1
MAPRE3,CC2D1A,1,1
MAPRE3,CCDC78,1,1
MAPRE3,CHPF,1,1
MAPRE3,COL9A3,1,1
MAPRE3,COQ6,1,1
MAPRE3,DNAJC30,1,1
MAPRE3,EYA2,1,1
MAPRE3,FAM134B,1,1
MAPRE3,FBF1,1,1
MAPRE3,FOLH1,1,1
MAPRE3,GRIK2,1,1
MAPRE3,GUCY1B3,1,1
MAPRE3,IFI16,1,1
MAPRE3,IGFBP2,1,1
MAPRE3,ITGA10,1,1
MAPRE3,ITGAX,1,1
MAPRE3,ITIH6,1,1
MAPRE3,JUNB,1,1
MAPRE3,KIFAP3,1,1
MAPRE3,LAMA2,1,1
MAPRE3,LAMC3,1,1
MAPRE3,LRP2,1,1
MAPRE3,MAFB,1,1
MAPRE3,MAMDC2,1,1
MAPRE3,MAP2,1,1
MAPRE3,NPHP1,1,1
MAPRE3,NTN1,1,1
MAPRE3,OLFM2,1,1
MAPRE3,OPHN1,1,1
MAPRE3,P3H1,1,1
MAPRE3,PATZ1,1,1
MAPRE3,PCDHB6,1,1
MAPRE3,PITPNC1,1,1
MAPRE3,PLBD1,1,1
MAPRE3,PMS2CL,1,1
MAPRE3,PODXL2,1,1
MAPRE3,PPIC,1,1
MAPRE3,PPP2R2B,1,1
MAPRE3,RNASE1,1,1
MAPRE3,RP11-111F5.5,1,1
MAPRE3,RP11-43F13.1,1,1
MAPRE3,SERPINA3,1,1
MAPRE3,SEZ6L2,1,1
MAPRE3,SLC40A1,1,1
MAPRE3,SOD3,1,1
MAPRE3,SPATS1,1,1
MAPRE3,SRGAP2,1,1
MAPRE3,STAG3L3,1,1
MAPRE3,STAT3,1,1
MAPRE3,TRPM8,1,1
MAPRE3,WNK4,1,1
MAPRE3,ZNF536,1,1
MAPRE3,ZNF595,1,1
ZNF28,ATXN1,1,1
ZNF28,GSDMD,1,1
ZNF28,ICK,1,1
ZNF28,RP11-958N24.2,1,1
ZNF28,SBDS,1,1
ZNF28,TBL2,1,1
ZNF28,ZNF721,1,1
ZNF28,ZNF860,1,1
PLSCR4,AMZ2,1,1
PLSCR4,B4GALT4,1,1
PLSCR4,B9D1,1,1
PLSCR4,BIN3,1,1
PLSCR4,COPG1,1,1
PLSCR4,EXTL1,1,1
PLSCR4,HMCN1,1,1
PLSCR4,HOXA13,1,1
PLSCR4,ITGA9,1,1
PLSCR4,NAPG,1,1
PLSCR4,PC,1,1
PLSCR4,PDZD4,1,1
PLSCR4,PGRMC1,1,1
PLSCR4,PHLDA1,1,1
PLSCR4,SDSL,1,1
PLSCR4,TBC1D8,1,1
PLSCR4,ZNF280A,1,1
SYNE3,ART3,1,1
SYNE3,ATP11C,1,1
SYNE3,ATP9A,1,1
SYNE3,ERLIN2,1,1
SYNE3,FZD1,1,1
SYNE3,GLUD2,1,1
SYNE3,LAMA4,1,1
SYNE3,RAB7B,1,1
SYNE3,RNF157,1,1
SYNE3,RP11-958N24.2,1,1
SYNE3,STK32B,1,1
SYNE3,TNFAIP6,1,1
ZNF595,ABCA8,1,1
ZNF595,ADGRB1,1,1
ZNF595,AFAP1L2,1,1
ZNF595,AGMO,1,1
ZNF595,AKAP6,1,1
ZNF595,ALG13,1,1
ZNF595,ARCN1,1,1
ZNF595,ARHGAP20,1,1
ZNF595,ARHGAP25,1,1
ZNF595,ARHGAP6,1,1
ZNF595,ART3,1,1
ZNF595,ASB4,1,1
ZNF595,ATP11C,1,1
ZNF595,ATP1B1,1,1
ZNF595,ATP9A,1,1
ZNF595,B3GALT1,1,1
ZNF595,B3GNT7,1,1
ZNF595,BMP6,1,1
ZNF595,BST2,1,1
ZNF595,C1QTNF3,1,1
ZNF595,CADM4,1,1
ZNF595,CC2D1A,1,1
ZNF595,CDH12,1,1
ZNF595,CHPF,1,1
ZNF595,CHURC1-FNTB,1,1
ZNF595,COL11A2,1,1
ZNF595,COL9A2,1,1
ZNF595,COL9A3,1,1
ZNF595,COLGALT2,1,1
ZNF595,COPB2,1,1
ZNF595,CSGALNACT1,1,1
ZNF595,CT45A10,1,1
ZNF595,CT45A5,1,1
ZNF595,CT45A9,1,1
ZNF595,DDX43,1,1
ZNF595,DNAJC30,1,1
ZNF595,DOK1,1,1
ZNF595,EGFLAM,1,1
ZNF595,EIF4H,1,1
ZNF595,EMILIN1,1,1
ZNF595,ENAH,1,1
ZNF595,EPHA3,1,1
ZNF595,EPHB3,1,1
ZNF595,ERLIN2,1,1
ZNF595,EYA2,1,1
ZNF595,FAM188B,1,1
ZNF595,FAM198B,1,1
ZNF595,FAM212B,1,1
ZNF595,FKBP9P1,1,1
ZNF595,FOLH1,1,1
ZNF595,FREM2,1,1
ZNF595,GLUD2,1,1
ZNF595,GPC1,1,1
ZNF595,GPC4,1,1
ZNF595,GRIK2,1,1
ZNF595,GRIK4,1,1
ZNF595,GUCY1B3,1,1
ZNF595,HS3ST3B1,1,1
ZNF595,IARS2,1,1
ZNF595,ID4,1,1
ZNF595,IFI16,1,1
ZNF595,IGFBP2,1,1
ZNF595,IL13RA2,1,1
ZNF595,IL1RAP,1,1
ZNF595,IL27RA,1,1
ZNF595,ITGA10,1,1
ZNF595,ITGAX,1,1
ZNF595,ITIH6,1,1
ZNF595,ITPRIPL2,1,1
ZNF595,JARID2,1,1
ZNF595,KCNC3,1,1
ZNF595,LAMA2,1,1
ZNF595,LAMA4,1,1
ZNF595,LAMC3,1,1
ZNF595,LRP2,1,1
ZNF595,LRRC75A,1,1
ZNF595,MAFB,1,1
ZNF595,MAMDC2,1,1
ZNF595,MAP7D3,1,1
ZNF595,MATK,1,1
ZNF595,MEOX2,1,1
ZNF595,MICALL2,1,1
ZNF595,MMP15,1,1
ZNF595,MRAP2,1,1
ZNF595,NDRG1,1,1
ZNF595,NKX2-5,1,1
ZNF595,NPAS1,1,1
ZNF595,NPHP1,1,1
ZNF595,NR0B1,1,1
ZNF595,NTN1,1,1
ZNF595,OFD1,1,1
ZNF595,OPHN1,1,1
ZNF595,P3H1,1,1
ZNF595,P3H2,1,1
ZNF595,P3H4,1,1
ZNF595,PATZ1,1,1
ZNF595,PCDHA10,1,1
ZNF595,PCDHA11,1,1
ZNF595,PCDHB11,1,1
ZNF595,PCDHB17P,1,1
ZNF595,PCDHB2,1,1
ZNF595,PCDHB6,1,1
ZNF595,PCDHB7,1,1
ZNF595,PCDHGA7,1,1
ZNF595,PCOLCE2,1,1
ZNF595,PDDC1,1,1
ZNF595,PIEZO2,1,1
ZNF595,PITPNC1,1,1
ZNF595,PLBD1,1,1
ZNF595,PLEKHS1,1,1
ZNF595,PMS2CL,1,1
ZNF595,POU3F3,1,1
ZNF595,PPIC,1,1
ZNF595,PPP2R2B,1,1
ZNF595,PPP3CB,1,1
ZNF595,PRDX6,1,1
ZNF595,PRPSAP2,1,1
ZNF595,PTGFRN,1,1
ZNF595,RAB7B,1,1
ZNF595,RAPGEF5,1,1
ZNF595,RBMS1,1,1
ZNF595,RCC1L,1,1
ZNF595,RNF216,1,1
ZNF595,RP11-111F5.5,1,1
ZNF595,RPN1,1,1
ZNF595,S100A13,1,1
ZNF595,SBNO2,1,1
ZNF595,SCARA5,1,1
ZNF595,SEL1L3,1,1
ZNF595,SERPINA3,1,1
ZNF595,SERPINE2,1,1
ZNF595,SEZ6L2,1,1
ZNF595,SLC19A3,1,1
ZNF595,SLC26A4,1,1
ZNF595,SLC5A3,1,1
ZNF595,SMIM3,1,1
ZNF595,SPARC,1,1
ZNF595,SPATS1,1,1
ZNF595,SPRY4,1,1
ZNF595,STAT3,1,1
ZNF595,STK32B,1,1
ZNF595,SYTL5,1,1
ZNF595,TBC1D10B,1,1
ZNF595,TCN1,1,1
ZNF595,TENM1,1,1
ZNF595,TGFB3,1,1
ZNF595,TIGD1,1,1
ZNF595,TIMP1,1,1
ZNF595,TMEM67,1,1
ZNF595,TNFAIP6,1,1
ZNF595,TOR1AIP2,1,1
ZNF595,TOR3A,1,1
ZNF595,TRIM9,1,1
ZNF595,TRPM8,1,1
ZNF595,TSPAN13,1,1
ZNF595,WNK4,1,1
ZNF595,WWTR1,1,1
ZNF595,XIAP,1,1
ZNF595,XPR1,1,1
ZNF595,ZNF536,1,1
ZNF595,BP-21264C1.1,1,1
TMEM229B,AMZ2,1,1
TMEM229B,COPG1,1,1
TMEM229B,FKBP9,1,1
TMEM229B,IL13RA1,1,1
TMEM229B,MOSPD2,1,1
TMEM229B,PHLDA1,1,1
TMEM229B,POLM,1,1
TMEM229B,RELL2,1,1
TBRG4,AARS2,1,1
TBRG4,ADAMTS9,1,1
TBRG4,ADCY1,1,1
TBRG4,ANKRD26,1,1
TBRG4,APOO,1,1
TBRG4,ASB9,1,1
TBRG4,ATP5B,1,1
TBRG4,BX004987.1,1,1
TBRG4,CCSAP,1,1
TBRG4,CENPL,1,1
TBRG4,CHL1,1,1
TBRG4,CHST6,1,1
TBRG4,CMB9-22P13.1,1,1
TBRG4,CMTM8,1,1
TBRG4,COL19A1,1,1
TBRG4,COLGALT1,1,1
TBRG4,CST1,1,1
TBRG4,DOCK10,1,1
TBRG4,EDEM2,1,1
TBRG4,EIF3I,1,1
TBRG4,EN2,1,1
TBRG4,EPDR1,1,1
TBRG4,ETV1,1,1
TBRG4,EXOC1,1,1
TBRG4,FCGR2A,1,1
TBRG4,FGF13,1,1
TBRG4,FUCA2,1,1
TBRG4,GAD1,1,1
TBRG4,GATA4,1,1
TBRG4,GNAO1,1,1
TBRG4,HMCN1,1,1
TBRG4,HOXA13,1,1
TBRG4,ICAM1,1,1
TBRG4,ITGA9,1,1
TBRG4,KDSR,1,1
TBRG4,MEGF10,1,1
TBRG4,METTL14,1,1
TBRG4,MGAT5B,1,1
TBRG4,MLLT10,1,1
TBRG4,MTIF2,1,1
TBRG4,MYH14,1,1
TBRG4,NAPG,1,1
TBRG4,NOA1,1,1
TBRG4,NOMO1,1,1
TBRG4,PDGFRL,1,1
TBRG4,PGRMC1,1,1
TBRG4,PHB,1,1
TBRG4,PI15,1,1
TBRG4,PPIA,1,1
TBRG4,RAD17,1,1
TBRG4,RBAK,1,1
TBRG4,RCN2,1,1
TBRG4,RPTOR,1,1
TBRG4,SECISBP2,1,1
TBRG4,SLC22A5,1,1
TBRG4,SLC26A2,1,1
TBRG4,SLC35G1,1,1
TBRG4,SLC44A1,1,1
TBRG4,SMAD4,1,1
TBRG4,SMAP2,1,1
TBRG4,SOBP,1,1
TBRG4,STX2,1,1
TBRG4,SUN2,1,1
TBRG4,TIMMDC1,1,1
TBRG4,TIPRL,1,1
TBRG4,TMEM5,1,1
TBRG4,ZFP28,1,1
TBRG4,ZNF280A,1,1
GPD2,ARHGAP25,1,1
GPD2,CENPL,1,1
GPD2,CEP170B,1,1
GPD2,COL19A1,1,1
GPD2,COX18,1,1
GPD2,DPY19L1,1,1
GPD2,DUS3L,1,1
GPD2,EDEM1,1,1
GPD2,EPDR1,1,1
GPD2,ERLEC1,1,1
GPD2,FAM3C,1,1
GPD2,FGF13,1,1
GPD2,GULP1,1,1
GPD2,IARS2,1,1
GPD2,ICAM1,1,1
GPD2,IL1RAP,1,1
GPD2,LIN28B,1,1
GPD2,MAN1A2,1,1
GPD2,MEGF10,1,1
GPD2,MRAP2,1,1
GPD2,NCK1,1,1
GPD2,NDUFAF2,1,1
GPD2,NSF,1,1
GPD2,PCOLCE2,1,1
GPD2,PHB,1,1
GPD2,PIGA,1,1
GPD2,RCN2,1,1
GPD2,ROR1,1,1
GPD2,SEC61A1,1,1
GPD2,SEMA3D,1,1
GPD2,SLC26A4,1,1
GPD2,SLC7A2,1,1
GPD2,STON2,1,1
GPD2,SWAP70,1,1
GPD2,TMEM45A,1,1
GPD2,TMEM87B,1,1
GPD2,TPM3P9,1,1
GPD2,ZNF654,1,1
FAHD2CP,ATP1B2,1,1
FAHD2CP,FAHD2B,1,1
FAHD2CP,OPN3,1,1
FAHD2CP,PYROXD2,1,1
HK1,B3GALT1,1,1
HK1,CADM4,1,1
HK1,DDX43,1,1
HK1,DNAJC30,1,1
HK1,ELMO1,1,1
HK1,GPR37,1,1
HK1,GUCY1B3,1,1
HK1,IFI16,1,1
HK1,INSR,1,1
HK1,JPH1,1,1
HK1,JSRP1,1,1
HK1,MAP2,1,1
HK1,PPP3CB,1,1
HK1,PTCHD4,1,1
HK1,RP11-43F13.1,1,1
HK1,STAT3,1,1
HK1,USP9X,1,1
HK1,ZNF536,1,1
MYH14,ADAMTS9,1,1
MYH14,ADCY1,1,1
MYH14,ANKRD26,1,1
MYH14,APOO,1,1
MYH14,ASB9,1,1
MYH14,B4GALT4,1,1
MYH14,C17ORF58,1,1
MYH14,C8ORF58,1,1
MYH14,CCSAP,1,1
MYH14,CENPL,1,1
MYH14,CHL1,1,1
MYH14,CLCC1,1,1
MYH14,CMB9-22P13.1,1,1
MYH14,CMTM8,1,1
MYH14,COL19A1,1,1
MYH14,COLGALT1,1,1
MYH14,CST1,1,1
MYH14,DDX59,1,1
MYH14,DOCK10,1,1
MYH14,EPDR1,1,1
MYH14,ETV1,1,1
MYH14,EXOC1,1,1
MYH14,EXTL1,1,1
MYH14,FCGR2A,1,1
MYH14,FGF13,1,1
MYH14,FKBP11,1,1
MYH14,FUCA2,1,1
MYH14,GAD1,1,1
MYH14,GATA4,1,1
MYH14,H1FX,1,1
MYH14,HERC4,1,1
MYH14,HMCN1,1,1
MYH14,ICAM1,1,1
MYH14,KLF6,1,1
MYH14,KRBA1,1,1
MYH14,MAN1B1,1,1
MYH14,MAPK14,1,1
MYH14,MEGF10,1,1
MYH14,METTL14,1,1
MYH14,MICU1,1,1
MYH14,MLLT10,1,1
MYH14,MRPL57,1,1
MYH14,NAPG,1,1
MYH14,NOA1,1,1
MYH14,NOMO1,1,1
MYH14,PDGFRL,1,1
MYH14,PGRMC1,1,1
MYH14,PI15,1,1
MYH14,PPIA,1,1
MYH14,PWWP2A,1,1
MYH14,RAD17,1,1
MYH14,RBAK,1,1
MYH14,RCN2,1,1
MYH14,ROR1,1,1
MYH14,RPTOR,1,1
MYH14,RUBCN,1,1
MYH14,SECISBP2,1,1
MYH14,SEMA3D,1,1
MYH14,SHROOM1,1,1
MYH14,SLC22A5,1,1
MYH14,SLC26A2,1,1
MYH14,SLC35G1,1,1
MYH14,SLC44A1,1,1
MYH14,SLC4A7,1,1
MYH14,SMAD4,1,1
MYH14,SMAP2,1,1
MYH14,SOBP,1,1
MYH14,STX2,1,1
MYH14,SUN2,1,1
MYH14,THOC2,1,1
MYH14,TIMMDC1,1,1
MYH14,TIPRL,1,1
MYH14,TMEM5,1,1
MYH14,TMEM62,1,1
MYH14,TVP23B,1,1
MYH14,UPF2,1,1
MYH14,ZFP28,1,1
MYH14,ZNF280A,1,1
MYH14,ZNF71,1,1
RBAK,ADAMTS9,1,1
RBAK,ASB9,1,1
RBAK,ATAT1,1,1
RBAK,C17ORF58,1,1
RBAK,CCSAP,1,1
RBAK,CEP85L,1,1
RBAK,CHL1,1,1
RBAK,CMTM8,1,1
RBAK,CNKSR3,1,1
RBAK,CST1,1,1
RBAK,DOCK10,1,1
RBAK,EDEM2,1,1
RBAK,EPDR1,1,1
RBAK,FCGR2A,1,1
RBAK,GATA4,1,1
RBAK,ICAM1,1,1
RBAK,KDM1B,1,1
RBAK,KRBA1,1,1
RBAK,MEGF10,1,1
RBAK,MGAT5B,1,1
RBAK,MTIF2,1,1
RBAK,NAPG,1,1
RBAK,NOMO1,1,1
RBAK,PDGFRL,1,1
RBAK,PI15,1,1
RBAK,PPIA,1,1
RBAK,RPTOR,1,1
RBAK,RUBCN,1,1
RBAK,SH3GLB2,1,1
RBAK,SLC22A5,1,1
RBAK,SLC26A2,1,1
RBAK,SLC7A2,1,1
RBAK,SOBP,1,1
RBAK,SSFA2,1,1
RBAK,SUN2,1,1
RBAK,THOC2,1,1
RBAK,TIMMDC1,1,1
RBAK,TIPRL,1,1
RBAK,TMEM5,1,1
RBAK,UXS1,1,1
RBAK,ZFP28,1,1
SLC1A3,ABCA8,1,1
SLC1A3,ADGRB1,1,1
SLC1A3,AFAP1L2,1,1
SLC1A3,AGMO,1,1
SLC1A3,ASB4,1,1
SLC1A3,ATP1B1,1,1
SLC1A3,B3GNT7,1,1
SLC1A3,BST2,1,1
SLC1A3,CC2D1A,1,1
SLC1A3,CHURC1-FNTB,1,1
SLC1A3,COL9A2,1,1
SLC1A3,COL9A3,1,1
SLC1A3,COLGALT2,1,1
SLC1A3,CT45A10,1,1
SLC1A3,CT45A5,1,1
SLC1A3,CT45A9,1,1
SLC1A3,DOK1,1,1
SLC1A3,EIF4H,1,1
SLC1A3,EMILIN1,1,1
SLC1A3,EYA2,1,1
SLC1A3,FREM2,1,1
SLC1A3,GPC1,1,1
SLC1A3,GRIK4,1,1
SLC1A3,HS3ST3B1,1,1
SLC1A3,IL13RA2,1,1
SLC1A3,ITGA10,1,1
SLC1A3,LAMA2,1,1
SLC1A3,MATK,1,1
SLC1A3,MEOX2,1,1
SLC1A3,MICALL2,1,1
SLC1A3,NKX2-5,1,1
SLC1A3,NTN1,1,1
SLC1A3,P3H4,1,1
SLC1A3,PATZ1,1,1
SLC1A3,PCDHA10,1,1
SLC1A3,PCDHB11,1,1
SLC1A3,PCDHB17P,1,1
SLC1A3,PCDHB6,1,1
SLC1A3,PCDHB7,1,1
SLC1A3,PLBD1,1,1
SLC1A3,POU3F3,1,1
SLC1A3,RGS16,1,1
SLC1A3,RP11-111F5.5,1,1
SLC1A3,SBNO2,1,1
SLC1A3,SCARA5,1,1
SLC1A3,TGFB3,1,1
SLC1A3,TIGD1,1,1
SLC1A3,TRIM9,1,1
SLC1A3,WNK4,1,1
SLC1A3,BP-21264C1.1,1,1
IDH3G,NDUFV2,1,1
HOXB4,C17ORF89,1,1
HOXB4,CCNE1,1,1
HOXB4,EFNA5,1,1
HOXB4,FRMD6,1,1
TMEM45A,C16ORF52,1,1
TMEM45A,CEP170B,1,1
TMEM45A,COL19A1,1,1
TMEM45A,DDX56,1,1
TMEM45A,DPY19L1,1,1
TMEM45A,DUS3L,1,1
TMEM45A,EDEM1,1,1
TMEM45A,ERLEC1,1,1
TMEM45A,FAM3C,1,1
TMEM45A,LIN28B,1,1
TMEM45A,MEGF10,1,1
TMEM45A,NDUFAF2,1,1
TMEM45A,PLAT,1,1
TMEM45A,SCG2,1,1
TMEM45A,SEC61A1,1,1
TMEM45A,SEMA3D,1,1
TMEM45A,STON2,1,1
TMEM45A,ZXDC,1,1
DUSP14,CNBP,1,1
DUSP14,DBR1,1,1
DUSP14,EIF5A,1,1
DUSP14,FAM98A,1,1
DUSP14,KDELC2,1,1
DUSP14,PELP1,1,1
B4GALT4,ADCY1,1,1
B4GALT4,AMZ2,1,1
B4GALT4,ANKRD19P,1,1
B4GALT4,ANKRD26,1,1
B4GALT4,APOO,1,1
B4GALT4,B9D1,1,1
B4GALT4,BIN3,1,1
B4GALT4,C17ORF58,1,1
B4GALT4,C8ORF58,1,1
B4GALT4,CCSAP,1,1
B4GALT4,CMB9-22P13.1,1,1
B4GALT4,COLGALT1,1,1
B4GALT4,COPG1,1,1
B4GALT4,CRISPLD1,1,1
B4GALT4,CST1,1,1
B4GALT4,ETFB,1,1
B4GALT4,ETV1,1,1
B4GALT4,EXTL1,1,1
B4GALT4,FABP7,1,1
B4GALT4,FCGR2A,1,1
B4GALT4,FKBP11,1,1
B4GALT4,FKBP9,1,1
B4GALT4,FYB,1,1
B4GALT4,GAD1,1,1
B4GALT4,HEY2,1,1
B4GALT4,HMCN1,1,1
B4GALT4,HOXA13,1,1
B4GALT4,ITGA9,1,1
B4GALT4,KLF6,1,1
B4GALT4,MAN1B1,1,1
B4GALT4,METTL14,1,1
B4GALT4,MRPL57,1,1
B4GALT4,NAPG,1,1
B4GALT4,NDUFV2,1,1
B4GALT4,NOMO1,1,1
B4GALT4,NT5DC2,1,1
B4GALT4,PDGFRL,1,1
B4GALT4,PDZD4,1,1
B4GALT4,PGRMC1,1,1
B4GALT4,PI15,1,1
B4GALT4,PPIA,1,1
B4GALT4,PWWP2A,1,1
B4GALT4,RAB23,1,1
B4GALT4,SDSL,1,1
B4GALT4,SHROOM1,1,1
B4GALT4,SLC22A5,1,1
B4GALT4,SLC26A2,1,1
B4GALT4,SLC35G1,1,1
B4GALT4,SLC44A1,1,1
B4GALT4,SMAD4,1,1
B4GALT4,SMAP2,1,1
B4GALT4,STX2,1,1
B4GALT4,TBC1D8,1,1
B4GALT4,TIMMDC1,1,1
B4GALT4,TMEM62,1,1
B4GALT4,TRPM3,1,1
B4GALT4,TXNL1,1,1
B4GALT4,ZNF280A,1,1
PTPN23,ACBD5,1,1
PTPN23,ADGRA3,1,1
SBNO2,ABCA8,1,1
SBNO2,ADGRB1,1,1
SBNO2,AFAP1L2,1,1
SBNO2,AGMO,1,1
SBNO2,AKAP6,1,1
SBNO2,ARHGAP20,1,1
SBNO2,ARHGAP6,1,1
SBNO2,ASB4,1,1
SBNO2,ATP9A,1,1
SBNO2,B3GALT1,1,1
SBNO2,B3GNT7,1,1
SBNO2,BMP6,1,1
SBNO2,BST2,1,1
SBNO2,CADM4,1,1
SBNO2,CCDC113,1,1
SBNO2,CDH12,1,1
SBNO2,CHPF,1,1
SBNO2,CHURC1-FNTB,1,1
SBNO2,COL9A2,1,1
SBNO2,COL9A3,1,1
SBNO2,CT45A10,1,1
SBNO2,CT45A9,1,1
SBNO2,CYB561,1,1
SBNO2,DDX43,1,1
SBNO2,DNAJB6,1,1
SBNO2,DNAJC30,1,1
SBNO2,EGFLAM,1,1
SBNO2,EIF1AXP1,1,1
SBNO2,EMILIN1,1,1
SBNO2,EYA2,1,1
SBNO2,FOLH1,1,1
SBNO2,GPC1,1,1
SBNO2,GRIK4,1,1
SBNO2,GUCY1B3,1,1
SBNO2,HS3ST3B1,1,1
SBNO2,IGFBP2,1,1
SBNO2,IL13RA2,1,1
SBNO2,ITGA10,1,1
SBNO2,ITIH6,1,1
SBNO2,ITPRIPL2,1,1
SBNO2,JARID2,1,1
SBNO2,LAMA2,1,1
SBNO2,MAFB,1,1
SBNO2,MEOX2,1,1
SBNO2,MICALL2,1,1
SBNO2,MRPS6,1,1
SBNO2,NAP1L5,1,1
SBNO2,NKX2-5,1,1
SBNO2,NPHP1,1,1
SBNO2,NTN1,1,1
SBNO2,P3H4,1,1
SBNO2,PATZ1,1,1
SBNO2,PCDHA10,1,1
SBNO2,PCDHB11,1,1
SBNO2,PCDHB17P,1,1
SBNO2,PCDHB6,1,1
SBNO2,PCDHB7,1,1
SBNO2,PLBD1,1,1
SBNO2,PLEKHS1,1,1
SBNO2,POU3F3,1,1
SBNO2,PPP2R2B,1,1
SBNO2,RP11-111F5.5,1,1
SBNO2,S100A13,1,1
SBNO2,SCARA5,1,1
SBNO2,SEL1L3,1,1
SBNO2,SERPINA3,1,1
SBNO2,SERPINE2,1,1
SBNO2,SMIM3,1,1
SBNO2,TENM1,1,1
SBNO2,TRIM9,1,1
SBNO2,WNK4,1,1
LMBR1,CALCOCO2,1,1
LMBR1,GALNT10,1,1
LMBR1,TDRD9,1,1
LMBR1,TMED10,1,1
SIK3,KIAA1671,1,1
ATP5B,AARS2,1,1
ATP5B,ASB9,1,1
ATP5B,BX004987.1,1,1
ATP5B,CCSAP,1,1
ATP5B,CENPL,1,1
ATP5B,CHST6,1,1
ATP5B,CMTM8,1,1
ATP5B,COLGALT1,1,1
ATP5B,EIF3I,1,1
ATP5B,EXOC1,1,1
ATP5B,FUCA2,1,1
ATP5B,GAD1,1,1
ATP5B,GATA4,1,1
ATP5B,IPO8,1,1
ATP5B,MLLT10,1,1
ATP5B,MRPS24,1,1
ATP5B,MTIF2,1,1
ATP5B,PDGFRL,1,1
ATP5B,PHB,1,1
ATP5B,PI15,1,1
ATP5B,PPIA,1,1
ATP5B,RCN2,1,1
ATP5B,SLC26A2,1,1
PLEKHS1,ABCA8,1,1
PLEKHS1,ADGRB1,1,1
PLEKHS1,AFAP1L2,1,1
PLEKHS1,AGMO,1,1
PLEKHS1,AKAP6,1,1
PLEKHS1,ALG13,1,1
PLEKHS1,ARCN1,1,1
PLEKHS1,ARHGAP20,1,1
PLEKHS1,ARHGAP6,1,1
PLEKHS1,ASB4,1,1
PLEKHS1,ATP1B1,1,1
PLEKHS1,ATP9A,1,1
PLEKHS1,B3GALT1,1,1
PLEKHS1,B3GNT7,1,1
PLEKHS1,BFSP1,1,1
PLEKHS1,BMP6,1,1
PLEKHS1,BST2,1,1
PLEKHS1,C1QTNF3,1,1
PLEKHS1,CC2D1A,1,1
PLEKHS1,CDH12,1,1
PLEKHS1,CHPF,1,1
PLEKHS1,CHURC1-FNTB,1,1
PLEKHS1,COL11A2,1,1
PLEKHS1,COL9A2,1,1
PLEKHS1,COL9A3,1,1
PLEKHS1,COLGALT2,1,1
PLEKHS1,COPB2,1,1
PLEKHS1,CSGALNACT1,1,1
PLEKHS1,CT45A10,1,1
PLEKHS1,CT45A5,1,1
PLEKHS1,CT45A9,1,1
PLEKHS1,DDX43,1,1
PLEKHS1,DOK1,1,1
PLEKHS1,EGFLAM,1,1
PLEKHS1,EIF1AXP1,1,1
PLEKHS1,EIF4H,1,1
PLEKHS1,EMILIN1,1,1
PLEKHS1,ENAH,1,1
PLEKHS1,EPHA3,1,1
PLEKHS1,EPHB3,1,1
PLEKHS1,ERLIN2,1,1
PLEKHS1,EYA2,1,1
PLEKHS1,FAM198B,1,1
PLEKHS1,FAM212B,1,1
PLEKHS1,FOLH1,1,1
PLEKHS1,FREM2,1,1
PLEKHS1,GLUD2,1,1
PLEKHS1,GPC1,1,1
PLEKHS1,GPC4,1,1
PLEKHS1,GRIK2,1,1
PLEKHS1,GRIK4,1,1
PLEKHS1,HS3ST3B1,1,1
PLEKHS1,IGFBP2,1,1
PLEKHS1,IL13RA2,1,1
PLEKHS1,ITGA10,1,1
PLEKHS1,ITGAX,1,1
PLEKHS1,ITIH6,1,1
PLEKHS1,ITPRIPL2,1,1
PLEKHS1,JARID2,1,1
PLEKHS1,KCNC3,1,1
PLEKHS1,LAMA2,1,1
PLEKHS1,LAMA4,1,1
PLEKHS1,LAMC3,1,1
PLEKHS1,LRP2,1,1
PLEKHS1,LRRC75A,1,1
PLEKHS1,MAFB,1,1
PLEKHS1,MAMDC2,1,1
PLEKHS1,MATK,1,1
PLEKHS1,MEOX2,1,1
PLEKHS1,MICALL2,1,1
PLEKHS1,MRPS6,1,1
PLEKHS1,NKX2-5,1,1
PLEKHS1,NPAS1,1,1
PLEKHS1,NTN1,1,1
PLEKHS1,OFD1,1,1
PLEKHS1,OPHN1,1,1
PLEKHS1,P3H1,1,1
PLEKHS1,P3H2,1,1
PLEKHS1,P3H4,1,1
PLEKHS1,PATZ1,1,1
PLEKHS1,PCDHA10,1,1
PLEKHS1,PCDHA11,1,1
PLEKHS1,PCDHB11,1,1
PLEKHS1,PCDHB17P,1,1
PLEKHS1,PCDHB2,1,1
PLEKHS1,PCDHB6,1,1
PLEKHS1,PCDHB7,1,1
PLEKHS1,PCDHGA7,1,1
PLEKHS1,PCOLCE2,1,1
PLEKHS1,PDDC1,1,1
PLEKHS1,PIEZO2,1,1
PLEKHS1,PITPNC1,1,1
PLEKHS1,PLBD1,1,1
PLEKHS1,PMS2CL,1,1
PLEKHS1,POU3F3,1,1
PLEKHS1,PPIC,1,1
PLEKHS1,PPP2R2B,1,1
PLEKHS1,PRDX6,1,1
PLEKHS1,PTGFRN,1,1
PLEKHS1,RAPGEF5,1,1
PLEKHS1,RP11-111F5.5,1,1
PLEKHS1,RPN1,1,1
PLEKHS1,S100A13,1,1
PLEKHS1,SCARA5,1,1
PLEKHS1,SEL1L3,1,1
PLEKHS1,SERPINA3,1,1
PLEKHS1,SERPINE2,1,1
PLEKHS1,SEZ6L2,1,1
PLEKHS1,SLC26A4,1,1
PLEKHS1,SLC5A3,1,1
PLEKHS1,SMIM3,1,1
PLEKHS1,SPARC,1,1
PLEKHS1,SPATS1,1,1
PLEKHS1,SPRY4,1,1
PLEKHS1,STAT3,1,1
PLEKHS1,STK32B,1,1
PLEKHS1,TBC1D10B,1,1
PLEKHS1,TCN1,1,1
PLEKHS1,TENM1,1,1
PLEKHS1,TGFB3,1,1
PLEKHS1,TIGD1,1,1
PLEKHS1,TIMP1,1,1
PLEKHS1,TMEM67,1,1
PLEKHS1,TNFAIP6,1,1
PLEKHS1,TRIM9,1,1
PLEKHS1,TRPM8,1,1
PLEKHS1,WNK4,1,1
PLEKHS1,WWTR1,1,1
PLEKHS1,XIAP,1,1
PLEKHS1,XPR1,1,1
PLEKHS1,BP-21264C1.1,1,1
SUN2,ADAMTS9,1,1
SUN2,ASB9,1,1
SUN2,ATAT1,1,1
SUN2,C17ORF58,1,1
SUN2,CCSAP,1,1
SUN2,CEP85L,1,1
SUN2,CHL1,1,1
SUN2,COLGALT1,1,1
SUN2,CXXC1,1,1
SUN2,DOCK10,1,1
SUN2,EDEM2,1,1
SUN2,EPDR1,1,1
SUN2,ETV1,1,1
SUN2,FCGR2A,1,1
SUN2,FUCA2,1,1
SUN2,GATA4,1,1
SUN2,ICAM1,1,1
SUN2,KLF6,1,1
SUN2,KRBA1,1,1
SUN2,MEGF10,1,1
SUN2,METTL14,1,1
SUN2,MRPL57,1,1
SUN2,NAPG,1,1
SUN2,NOMO1,1,1
SUN2,PDGFRL,1,1
SUN2,PGRMC1,1,1
SUN2,PI15,1,1
SUN2,PPIA,1,1
SUN2,RAD17,1,1
SUN2,RHOC,1,1
SUN2,RPTOR,1,1
SUN2,RUBCN,1,1
SUN2,SECISBP2,1,1
SUN2,SH3GLB2,1,1
SUN2,SHROOM1,1,1
SUN2,SLC26A2,1,1
SUN2,SLC44A1,1,1
SUN2,SMAD4,1,1
SUN2,SSFA2,1,1
SUN2,STX2,1,1
SUN2,THOC2,1,1
SUN2,TIMMDC1,1,1
SUN2,TIPRL,1,1
SUN2,TMEM5,1,1
SUN2,ZFP28,1,1
SUN2,ZNF71,1,1
DLX2,ABCF2,1,1
DLX2,ANGPTL1,1,1
DLX2,ART3,1,1
DLX2,C17ORF96,1,1
DLX2,C1QTNF3,1,1
DLX2,CEP170B,1,1
DLX2,COLGALT2,1,1
DLX2,DMRT2,1,1
DLX2,DNAAF5,1,1
DLX2,EDEM1,1,1
DLX2,EGFLAM,1,1
DLX2,EIF1AX,1,1
DLX2,ENAH,1,1
DLX2,EPHB3,1,1
DLX2,FAM212B,1,1
DLX2,FREM2,1,1
DLX2,GNB4,1,1
DLX2,IFNAR1,1,1
DLX2,IL13RA2,1,1
DLX2,IL1RAP,1,1
DLX2,IL27RA,1,1
DLX2,JKAMP,1,1
DLX2,KCNC3,1,1
DLX2,KIAA0040,1,1
DLX2,KIAA1328,1,1
DLX2,L3HYPDH,1,1
DLX2,LIMS1,1,1
DLX2,MANSC1,1,1
DLX2,MMADHC,1,1
DLX2,MMP16,1,1
DLX2,PCDHA11,1,1
DLX2,PCDHB2,1,1
DLX2,PCDHGB1,1,1
DLX2,PHC2,1,1
DLX2,PRRX1,1,1
DLX2,RAB7B,1,1
DLX2,RBMS1,1,1
DLX2,RC3H1,1,1
DLX2,RNF128,1,1
DLX2,RPN1,1,1
DLX2,SEC61A1,1,1
DLX2,SERPINE2,1,1
DLX2,SLC43A2,1,1
DLX2,SLC5A3,1,1
DLX2,SNED1,1,1
DLX2,SPRY4,1,1
DLX2,ST8SIA5,1,1
DLX2,SYTL5,1,1
DLX2,TBXAS1,1,1
DLX2,TCN1,1,1
DLX2,TNFAIP6,1,1
DLX2,TOR1AIP2,1,1
DLX2,TRIM51,1,1
DLX2,TRIM51CP,1,1
DLX2,XIAP,1,1
DLX2,ZNF275,1,1
DLX2,ZNF654,1,1
SNRPB2,ABCF2,1,1
SNRPB2,ATG101,1,1
SNRPB2,C17ORF89,1,1
SNRPB2,C17ORF96,1,1
SNRPB2,COTL1,1,1
SNRPB2,DNAAF5,1,1
SNRPB2,EIF1AX,1,1
SNRPB2,EPRS,1,1
SNRPB2,FREM2,1,1
SNRPB2,JRK,1,1
SNRPB2,KIAA1328,1,1
SNRPB2,LIMS1,1,1
SNRPB2,LRFN1,1,1
SNRPB2,MAGEA2,1,1
SNRPB2,MMADHC,1,1
SNRPB2,MMP16,1,1
SNRPB2,POLRMT,1,1
SNRPB2,RCL1,1,1
SNRPB2,RND3,1,1
SNRPB2,SLC43A2,1,1
SNRPB2,TIGD1,1,1
SNRPB2,TPI1,1,1
SNRPB2,TSPAN13,1,1
SNRPB2,WT1,1,1
SNRPB2,YWHAG,1,1
SNRPB2,ZNF335,1,1
PSMG3,CD55,1,1
PSMG3,GARS,1,1
PSMG3,HOXA5,1,1
PSMG3,ITFG2,1,1
PSMG3,MIER2,1,1
PSMG3,MORF4L2,1,1
PSMG3,MPLKIP,1,1
PSMG3,SLC7A6OS,1,1
PSMG3,SRI,1,1
STC1,F2RL1,1,1
STC1,SERPIND1,1,1
IL13RA1,AMZ2,1,1
IL13RA1,BCL7A,1,1
IL13RA1,BECN1,1,1
IL13RA1,C19ORF43,1,1
IL13RA1,COPG1,1,1
IL13RA1,FKBP9,1,1
IL13RA1,GLUD1,1,1
IL13RA1,GNS,1,1
IL13RA1,GPR37,1,1
IL13RA1,GRIK2,1,1
IL13RA1,IFT122,1,1
IL13RA1,KIFAP3,1,1
IL13RA1,LGMN,1,1
IL13RA1,LRP4,1,1
IL13RA1,MAP7D3,1,1
IL13RA1,MMP15,1,1
IL13RA1,PIGS,1,1
IL13RA1,SCARF2,1,1
IL13RA1,SDSL,1,1
IL13RA1,STAT3,1,1
IL13RA1,TCTN1,1,1
STAG2,CLCC1,1,1
STAG2,COMMD3,1,1
STAG2,DHX40,1,1
STAG2,EPDR1,1,1
STAG2,KRBA1,1,1
STAG2,MAML2,1,1
STAG2,MFSD1,1,1
STAG2,N4BP2L2,1,1
STAG2,NOMO1,1,1
STAG2,NSF,1,1
STAG2,RPL17,1,1
STAG2,SLC7A2,1,1
STAG2,SOX5,1,1
STAG2,SSFA2,1,1
STAG2,SWAP70,1,1
STAG2,THOC2,1,1
STAG2,TMEM5,1,1
STAG2,ZBTB33,1,1
IL27RA,ADGRB1,1,1
IL27RA,AFAP1L2,1,1
IL27RA,AGMO,1,1
IL27RA,AKAP6,1,1
IL27RA,ALG13,1,1
IL27RA,ANGPTL1,1,1
IL27RA,ARHGAP6,1,1
IL27RA,ART3,1,1
IL27RA,ATP1B1,1,1
IL27RA,ATP9A,1,1
IL27RA,C17ORF96,1,1
IL27RA,C1QTNF3,1,1
IL27RA,CHURC1-FNTB,1,1
IL27RA,COL9A2,1,1
IL27RA,COL9A3,1,1
IL27RA,COLGALT2,1,1
IL27RA,CSGALNACT1,1,1
IL27RA,CT45A10,1,1
IL27RA,CT45A5,1,1
IL27RA,CT45A9,1,1
IL27RA,DMRT2,1,1
IL27RA,DOK1,1,1
IL27RA,EGFLAM,1,1
IL27RA,EIF1AX,1,1
IL27RA,ENAH,1,1
IL27RA,EPHA3,1,1
IL27RA,EPHB3,1,1
IL27RA,ERLIN2,1,1
IL27RA,FAM212B,1,1
IL27RA,FOXF1,1,1
IL27RA,FREM2,1,1
IL27RA,FZD1,1,1
IL27RA,GLI2,1,1
IL27RA,GLUD2,1,1
IL27RA,GPC1,1,1
IL27RA,GRIK4,1,1
IL27RA,IL13RA2,1,1
IL27RA,IL1RAP,1,1
IL27RA,ITPRIPL2,1,1
IL27RA,JARID2,1,1
IL27RA,JKAMP,1,1
IL27RA,KCNC3,1,1
IL27RA,KIAA0040,1,1
IL27RA,KIAA1328,1,1
IL27RA,LAMA4,1,1
IL27RA,MATK,1,1
IL27RA,MEOX2,1,1
IL27RA,MICALL2,1,1
IL27RA,MMP16,1,1
IL27RA,MRAP2,1,1
IL27RA,MTAP,1,1
IL27RA,NDRG1,1,1
IL27RA,NKX2-5,1,1
IL27RA,NPAS1,1,1
IL27RA,NR0B1,1,1
IL27RA,P3H2,1,1
IL27RA,PATZ1,1,1
IL27RA,PCDHA10,1,1
IL27RA,PCDHA11,1,1
IL27RA,PCDHB17P,1,1
IL27RA,PCDHB2,1,1
IL27RA,PCDHGA7,1,1
IL27RA,PCDHGB1,1,1
IL27RA,PDDC1,1,1
IL27RA,POU3F3,1,1
IL27RA,PRR4,1,1
IL27RA,PRRX1,1,1
IL27RA,RAB7B,1,1
IL27RA,RBMS1,1,1
IL27RA,RNF128,1,1
IL27RA,RPN1,1,1
IL27RA,S100A13,1,1
IL27RA,SCARA5,1,1
IL27RA,SERPINE2,1,1
IL27RA,SERTAD4,1,1
IL27RA,SLC43A2,1,1
IL27RA,SLC5A3,1,1
IL27RA,SNED1,1,1
IL27RA,SOX8,1,1
IL27RA,SPRY4,1,1
IL27RA,ST8SIA5,1,1
IL27RA,STK32B,1,1
IL27RA,SYTL5,1,1
IL27RA,TBXAS1,1,1
IL27RA,TCN1,1,1
IL27RA,TENM1,1,1
IL27RA,TGFB3,1,1
IL27RA,TIMP1,1,1
IL27RA,TMEM2,1,1
IL27RA,TNFAIP6,1,1
IL27RA,TOR1AIP2,1,1
IL27RA,TOR3A,1,1
IL27RA,TRIM51CP,1,1
IL27RA,TRIM9,1,1
IL27RA,WWTR1,1,1
IL27RA,XIAP,1,1
IL27RA,XPR1,1,1
IL27RA,ZBTB45P2,1,1
IL27RA,ZNF654,1,1
IL27RA,ZNF860,1,1
PCDHB2,ABCA8,1,1
PCDHB2,ADGRB1,1,1
PCDHB2,AFAP1L2,1,1
PCDHB2,AGMO,1,1
PCDHB2,AKAP6,1,1
PCDHB2,ALG13,1,1
PCDHB2,ANGPTL1,1,1
PCDHB2,ARCN1,1,1
PCDHB2,ARHGAP6,1,1
PCDHB2,ART3,1,1
PCDHB2,ASB4,1,1
PCDHB2,ATP1B1,1,1
PCDHB2,ATP9A,1,1
PCDHB2,B3GNT7,1,1
PCDHB2,BST2,1,1
PCDHB2,C17ORF96,1,1
PCDHB2,C1QTNF3,1,1
PCDHB2,CDH12,1,1
PCDHB2,CHURC1-FNTB,1,1
PCDHB2,COL9A2,1,1
PCDHB2,COL9A3,1,1
PCDHB2,COLGALT2,1,1
PCDHB2,CSGALNACT1,1,1
PCDHB2,CT45A10,1,1
PCDHB2,CT45A5,1,1
PCDHB2,CT45A9,1,1
PCDHB2,CYB561,1,1
PCDHB2,DMRT2,1,1
PCDHB2,DOK1,1,1
PCDHB2,EBF3,1,1
PCDHB2,EGFLAM,1,1
PCDHB2,EIF1AX,1,1
PCDHB2,EIF1AXP1,1,1
PCDHB2,EIF4H,1,1
PCDHB2,EMILIN1,1,1
PCDHB2,ENAH,1,1
PCDHB2,EPHA3,1,1
PCDHB2,EPHB3,1,1
PCDHB2,ERLIN2,1,1
PCDHB2,EYA2,1,1
PCDHB2,FAM212B,1,1
PCDHB2,FGFRL1,1,1
PCDHB2,FOXF1,1,1
PCDHB2,FREM2,1,1
PCDHB2,GLI2,1,1
PCDHB2,GLUD2,1,1
PCDHB2,GPC1,1,1
PCDHB2,GRIK4,1,1
PCDHB2,IGFBP2,1,1
PCDHB2,IL13RA2,1,1
PCDHB2,ITIH6,1,1
PCDHB2,ITPRIPL2,1,1
PCDHB2,JARID2,1,1
PCDHB2,JKAMP,1,1
PCDHB2,KCNC3,1,1
PCDHB2,KIAA1328,1,1
PCDHB2,KIAA1671,1,1
PCDHB2,L3HYPDH,1,1
PCDHB2,LAMA2,1,1
PCDHB2,LAMA4,1,1
PCDHB2,MAFB,1,1
PCDHB2,MATK,1,1
PCDHB2,MEOX2,1,1
PCDHB2,MICALL2,1,1
PCDHB2,MMP16,1,1
PCDHB2,MRPS6,1,1
PCDHB2,NDRG1,1,1
PCDHB2,NKX2-5,1,1
PCDHB2,NR0B1,1,1
PCDHB2,P3H2,1,1
PCDHB2,PATZ1,1,1
PCDHB2,PCDHA10,1,1
PCDHB2,PCDHA11,1,1
PCDHB2,PCDHB11,1,1
PCDHB2,PCDHB17P,1,1
PCDHB2,PCDHB6,1,1
PCDHB2,PCDHB7,1,1
PCDHB2,PCDHGA7,1,1
PCDHB2,PCDHGB1,1,1
PCDHB2,PDDC1,1,1
PCDHB2,PLBD1,1,1
PCDHB2,POU3F3,1,1
PCDHB2,PRKAR1B,1,1
PCDHB2,PRR4,1,1
PCDHB2,PRRX1,1,1
PCDHB2,RAB7B,1,1
PCDHB2,RBMS1,1,1
PCDHB2,RNF128,1,1
PCDHB2,RPN1,1,1
PCDHB2,S100A13,1,1
PCDHB2,SCARA5,1,1
PCDHB2,SEL1L3,1,1
PCDHB2,SERPINE2,1,1
PCDHB2,SLC43A2,1,1
PCDHB2,SLC5A3,1,1
PCDHB2,SNED1,1,1
PCDHB2,SOX8,1,1
PCDHB2,SPRY4,1,1
PCDHB2,ST8SIA5,1,1
PCDHB2,STK32B,1,1
PCDHB2,SYTL5,1,1
PCDHB2,TBXAS1,1,1
PCDHB2,TCN1,1,1
PCDHB2,TENM1,1,1
PCDHB2,TGFB3,1,1
PCDHB2,TIGD1,1,1
PCDHB2,TIMP1,1,1
PCDHB2,TMEM2,1,1
PCDHB2,TNFAIP6,1,1
PCDHB2,TOR1AIP2,1,1
PCDHB2,TRIM51CP,1,1
PCDHB2,TRIM9,1,1
PCDHB2,TSPAN13,1,1
PCDHB2,TYW1B,1,1
PCDHB2,UBA1,1,1
PCDHB2,WWTR1,1,1
PCDHB2,XIAP,1,1
PCDHB2,XYLT1,1,1
PCDHB2,ZBTB45P2,1,1
PCDHB2,BP-21264C1.1,1,1
EHD4,ATP5SL,1,1
EHD4,BCL7A,1,1
EHD4,CNPY2,1,1
EHD4,DNAJB12,1,1
EHD4,NFYA,1,1
EHD4,PMS2CL,1,1
EHD4,TNFRSF19,1,1
SCARF2,CHPF,1,1
SCARF2,COPG1,1,1
SCARF2,FBF1,1,1
SCARF2,FUNDC1,1,1
SCARF2,GRIK2,1,1
SCARF2,IFT122,1,1
SCARF2,KIFAP3,1,1
SCARF2,MMP15,1,1
SCARF2,RELL2,1,1
SCARF2,SDSL,1,1
SCARF2,SEZ6L2,1,1
SCARF2,STAG3L3,1,1
SCARF2,STAT3,1,1
SEMA3D,ADAMTS9,1,1
SEMA3D,ASB9,1,1
SEMA3D,C16ORF52,1,1
SEMA3D,CENPL,1,1
SEMA3D,CEP170B,1,1
SEMA3D,CEP85L,1,1
SEMA3D,CNKSR3,1,1
SEMA3D,COL19A1,1,1
SEMA3D,COX18,1,1
SEMA3D,DPY19L1,1,1
SEMA3D,DUS3L,1,1
SEMA3D,EN2,1,1
SEMA3D,EPDR1,1,1
SEMA3D,ERLEC1,1,1
SEMA3D,FAM3C,1,1
SEMA3D,FGF13,1,1
SEMA3D,FUCA2,1,1
SEMA3D,ICAM1,1,1
SEMA3D,LIN28B,1,1
SEMA3D,MAP2K3,1,1
SEMA3D,MEGF10,1,1
SEMA3D,NDUFAF2,1,1
SEMA3D,NOA1,1,1
SEMA3D,PHB,1,1
SEMA3D,PLAT,1,1
SEMA3D,RCN2,1,1
SEMA3D,RHOC,1,1
SEMA3D,ROR1,1,1
SEMA3D,RPTOR,1,1
SEMA3D,SCG2,1,1
SEMA3D,SLC4A7,1,1
SEMA3D,SLC7A2,1,1
SEMA3D,SOBP,1,1
SEMA3D,STON2,1,1
SEMA3D,TMEM5,1,1
SEMA3D,TPM3P9,1,1
SEMA3D,TVP23B,1,1
SEMA3D,UXS1,1,1
SEMA3D,ZNF593,1,1
CDCA3,CDK5RAP1,1,1
CDCA3,CTU2,1,1
CDCA3,EIF5A,1,1
CDCA3,HAUS7,1,1
CDCA3,UBE3B,1,1
COQ6,ABCA8,1,1
COQ6,ARHGAP20,1,1
COQ6,B3GNT7,1,1
COQ6,BAALC,1,1
COQ6,BFSP1,1,1
COQ6,BMP6,1,1
COQ6,CACNA1H,1,1
COQ6,CCDC113,1,1
COQ6,CCDC78,1,1
COQ6,CGREF1,1,1
COQ6,CHPF,1,1
COQ6,COASY,1,1
COQ6,COQ3,1,1
COQ6,EGFL7,1,1
COQ6,EIF3L,1,1
COQ6,EYA2,1,1
COQ6,FAM134B,1,1
COQ6,FOLH1,1,1
COQ6,ITGAX,1,1
COQ6,JUNB,1,1
COQ6,KREMEN2,1,1
COQ6,LAMA2,1,1
COQ6,LAMC3,1,1
COQ6,LRP2,1,1
COQ6,MAMDC2,1,1
COQ6,NTN1,1,1
COQ6,OAZ1,1,1
COQ6,OLFM2,1,1
COQ6,OPHN1,1,1
COQ6,P3H4,1,1
COQ6,PCDHB11,1,1
COQ6,PEX5L,1,1
COQ6,PITPNC1,1,1
COQ6,PNPLA4,1,1
COQ6,PODXL2,1,1
COQ6,PPIC,1,1
COQ6,PPP2R2B,1,1
COQ6,RNASE1,1,1
COQ6,RP11-111F5.5,1,1
COQ6,SERPINA3,1,1
COQ6,SEZ6L2,1,1
COQ6,SLC40A1,1,1
COQ6,SOD3,1,1
COQ6,SPATS1,1,1
COQ6,SRGAP2,1,1
COQ6,TARS2,1,1
COQ6,TRPM8,1,1
COQ6,WBSCR27,1,1
COQ6,WNK4,1,1
PRR4,ADGRB1,1,1
PRR4,AFAP1L2,1,1
PRR4,AGMO,1,1
PRR4,ANGPTL1,1,1
PRR4,ARHGAP6,1,1
PRR4,ATP9A,1,1
PRR4,ATXN1,1,1
PRR4,C1QTNF3,1,1
PRR4,COL9A2,1,1
PRR4,COLGALT2,1,1
PRR4,CT45A10,1,1
PRR4,CT45A5,1,1
PRR4,CT45A9,1,1
PRR4,CYB561,1,1
PRR4,DMRT2,1,1
PRR4,EBF3,1,1
PRR4,EGFLAM,1,1
PRR4,EPHB3,1,1
PRR4,FAM212B,1,1
PRR4,FOXF1,1,1
PRR4,GLI2,1,1
PRR4,GRIK4,1,1
PRR4,IL13RA2,1,1
PRR4,ITPRIPL2,1,1
PRR4,KCNC3,1,1
PRR4,KIAA1671,1,1
PRR4,MEOX2,1,1
PRR4,MICALL2,1,1
PRR4,MRPS6,1,1
PRR4,NDRG1,1,1
PRR4,NKX2-5,1,1
PRR4,NR0B1,1,1
PRR4,PCDHA10,1,1
PRR4,PCDHA11,1,1
PRR4,PCDHB17P,1,1
PRR4,PCDHB7,1,1
PRR4,PCDHGA7,1,1
PRR4,POU3F3,1,1
PRR4,PRKAR1B,1,1
PRR4,PRRX1,1,1
PRR4,RAB7B,1,1
PRR4,RBMS1,1,1
PRR4,SCARA5,1,1
PRR4,SLC43A2,1,1
PRR4,SLC5A3,1,1
PRR4,SNED1,1,1
PRR4,ST8SIA5,1,1
PRR4,SYTL5,1,1
PRR4,TBL2,1,1
PRR4,TBXAS1,1,1
PRR4,TCN1,1,1
PRR4,TYW1B,1,1
PRR4,ZBTB45P2,1,1
PRR4,ZNF860,1,1
COL9A3,ABCA8,1,1
COL9A3,ADGRB1,1,1
COL9A3,AFAP1L2,1,1
COL9A3,AGMO,1,1
COL9A3,AKAP6,1,1
COL9A3,ALG13,1,1
COL9A3,ARHGAP20,1,1
COL9A3,ARHGAP6,1,1
COL9A3,ART3,1,1
COL9A3,ASB4,1,1
COL9A3,ATP11C,1,1
COL9A3,ATP1B1,1,1
COL9A3,ATP9A,1,1
COL9A3,B3GALT1,1,1
COL9A3,B3GNT7,1,1
COL9A3,BMP6,1,1
COL9A3,BST2,1,1
COL9A3,C1QTNF3,1,1
COL9A3,CACNA1H,1,1
COL9A3,CADM4,1,1
COL9A3,CC2D1A,1,1
COL9A3,CDH12,1,1
COL9A3,CHPF,1,1
COL9A3,CHURC1-FNTB,1,1
COL9A3,COL11A2,1,1
COL9A3,COL9A2,1,1
COL9A3,COLGALT2,1,1
COL9A3,COPB2,1,1
COL9A3,CSGALNACT1,1,1
COL9A3,CT45A10,1,1
COL9A3,CT45A5,1,1
COL9A3,CT45A9,1,1
COL9A3,DDX43,1,1
COL9A3,DNAJC30,1,1
COL9A3,DOK1,1,1
COL9A3,EGFLAM,1,1
COL9A3,EIF4H,1,1
COL9A3,EMILIN1,1,1
COL9A3,ENAH,1,1
COL9A3,EPHA3,1,1
COL9A3,EPHB3,1,1
COL9A3,ERLIN2,1,1
COL9A3,EYA2,1,1
COL9A3,FAM188B,1,1
COL9A3,FAM198B,1,1
COL9A3,FAM212B,1,1
COL9A3,FKBP9P1,1,1
COL9A3,FOLH1,1,1
COL9A3,FOXF1,1,1
COL9A3,FREM2,1,1
COL9A3,GLUD2,1,1
COL9A3,GPC1,1,1
COL9A3,GPC4,1,1
COL9A3,GRIK2,1,1
COL9A3,GRIK4,1,1
COL9A3,GUCY1B3,1,1
COL9A3,HS3ST3B1,1,1
COL9A3,ID4,1,1
COL9A3,IFI16,1,1
COL9A3,IGFBP2,1,1
COL9A3,IL13RA2,1,1
COL9A3,ILK,1,1
COL9A3,ITGA10,1,1
COL9A3,ITIH6,1,1
COL9A3,ITPRIPL2,1,1
COL9A3,JARID2,1,1
COL9A3,KCNC3,1,1
COL9A3,LAMA2,1,1
COL9A3,LAMA4,1,1
COL9A3,LAMC3,1,1
COL9A3,LRP2,1,1
COL9A3,LRRC75A,1,1
COL9A3,MAFB,1,1
COL9A3,MAMDC2,1,1
COL9A3,MATK,1,1
COL9A3,MEOX2,1,1
COL9A3,MICALL2,1,1
COL9A3,MMP15,1,1
COL9A3,MRAP2,1,1
COL9A3,MRPS6,1,1
COL9A3,NDRG1,1,1
COL9A3,NKX2-5,1,1
COL9A3,NPAS1,1,1
COL9A3,NPHP1,1,1
COL9A3,NR0B1,1,1
COL9A3,NTN1,1,1
COL9A3,OFD1,1,1
COL9A3,P3H1,1,1
COL9A3,P3H2,1,1
COL9A3,P3H4,1,1
COL9A3,PATZ1,1,1
COL9A3,PCDHA10,1,1
COL9A3,PCDHA11,1,1
COL9A3,PCDHB11,1,1
COL9A3,PCDHB17P,1,1
COL9A3,PCDHB6,1,1
COL9A3,PCDHB7,1,1
COL9A3,PCDHGA7,1,1
COL9A3,PDDC1,1,1
COL9A3,PIEZO2,1,1
COL9A3,PITPNC1,1,1
COL9A3,PLBD1,1,1
COL9A3,PMS2CL,1,1
COL9A3,POU3F3,1,1
COL9A3,PPIC,1,1
COL9A3,PPP2R2B,1,1
COL9A3,PRDX6,1,1
COL9A3,PRRX1,1,1
COL9A3,PTGFRN,1,1
COL9A3,RAB7B,1,1
COL9A3,RAPGEF5,1,1
COL9A3,RBMS1,1,1
COL9A3,RCC1L,1,1
COL9A3,RP11-111F5.5,1,1
COL9A3,RPN1,1,1
COL9A3,S100A13,1,1
COL9A3,SCARA5,1,1
COL9A3,SEL1L3,1,1
COL9A3,SERPINA3,1,1
COL9A3,SERPINE2,1,1
COL9A3,SEZ6L2,1,1
COL9A3,SLC19A3,1,1
COL9A3,SLC26A4,1,1
COL9A3,SMIM3,1,1
COL9A3,SPARC,1,1
COL9A3,SPATS1,1,1
COL9A3,SPRY4,1,1
COL9A3,STAT3,1,1
COL9A3,STK32B,1,1
COL9A3,SYTL5,1,1
COL9A3,TBC1D10B,1,1
COL9A3,TCN1,1,1
COL9A3,TENM1,1,1
COL9A3,TGFB3,1,1
COL9A3,TIGD1,1,1
COL9A3,TIMP1,1,1
COL9A3,TMEM67,1,1
COL9A3,TNFAIP6,1,1
COL9A3,TOR1AIP2,1,1
COL9A3,TOR3A,1,1
COL9A3,TRIM9,1,1
COL9A3,TRPM8,1,1
COL9A3,TSPAN13,1,1
COL9A3,WNK4,1,1
COL9A3,WWTR1,1,1
COL9A3,XIAP,1,1
COL9A3,XPR1,1,1
COL9A3,ZBTB45P2,1,1
COL9A3,ZNF536,1,1
COL9A3,BP-21264C1.1,1,1
AGMO,ABCA8,1,1
AGMO,ADGRB1,1,1
AGMO,AFAP1L2,1,1
AGMO,AKAP6,1,1
AGMO,ALG13,1,1
AGMO,ANGPTL1,1,1
AGMO,ARCN1,1,1
AGMO,ARHGAP6,1,1
AGMO,ART3,1,1
AGMO,ASB4,1,1
AGMO,ATP11C,1,1
AGMO,ATP1B1,1,1
AGMO,ATP9A,1,1
AGMO,B3GALT1,1,1
AGMO,B3GNT7,1,1
AGMO,BMP6,1,1
AGMO,BST2,1,1
AGMO,C1QTNF3,1,1
AGMO,CADM4,1,1
AGMO,CC2D1A,1,1
AGMO,CDH12,1,1
AGMO,CHURC1-FNTB,1,1
AGMO,COL11A2,1,1
AGMO,COL9A2,1,1
AGMO,COLGALT2,1,1
AGMO,CSGALNACT1,1,1
AGMO,CT45A10,1,1
AGMO,CT45A5,1,1
AGMO,CT45A9,1,1
AGMO,CYB561,1,1
AGMO,DDX43,1,1
AGMO,DMRT2,1,1
AGMO,DNAJB6,1,1
AGMO,DNAJC30,1,1
AGMO,DOK1,1,1
AGMO,EGFLAM,1,1
AGMO,EIF1AXP1,1,1
AGMO,EIF4H,1,1
AGMO,EMILIN1,1,1
AGMO,ENAH,1,1
AGMO,EPHA3,1,1
AGMO,EPHB3,1,1
AGMO,ERLIN2,1,1
AGMO,EYA2,1,1
AGMO,FAM188B,1,1
AGMO,FAM198B,1,1
AGMO,FAM212B,1,1
AGMO,FOLH1,1,1
AGMO,FOXF1,1,1
AGMO,FREM2,1,1
AGMO,GLI2,1,1
AGMO,GLUD2,1,1
AGMO,GPC1,1,1
AGMO,GPC4,1,1
AGMO,GRIK4,1,1
AGMO,GUCY1B3,1,1
AGMO,HS3ST3B1,1,1
AGMO,IGFBP2,1,1
AGMO,IL13RA2,1,1
AGMO,ILK,1,1
AGMO,ITGA10,1,1
AGMO,ITIH6,1,1
AGMO,ITPRIPL2,1,1
AGMO,JARID2,1,1
AGMO,JKAMP,1,1
AGMO,KCNC3,1,1
AGMO,LAMA2,1,1
AGMO,LAMA4,1,1
AGMO,LRRC75A,1,1
AGMO,MAFB,1,1
AGMO,MATK,1,1
AGMO,MEOX2,1,1
AGMO,MICALL2,1,1
AGMO,MMP16,1,1
AGMO,MRAP2,1,1
AGMO,MRPS6,1,1
AGMO,NDRG1,1,1
AGMO,NKX2-5,1,1
AGMO,NPAS1,1,1
AGMO,NPHP1,1,1
AGMO,NR0B1,1,1
AGMO,NTN1,1,1
AGMO,P3H1,1,1
AGMO,P3H2,1,1
AGMO,P3H4,1,1
AGMO,PATZ1,1,1
AGMO,PCDHA10,1,1
AGMO,PCDHA11,1,1
AGMO,PCDHB11,1,1
AGMO,PCDHB17P,1,1
AGMO,PCDHB6,1,1
AGMO,PCDHB7,1,1
AGMO,PCDHGA7,1,1
AGMO,PCDHGB1,1,1
AGMO,PDDC1,1,1
AGMO,PITPNC1,1,1
AGMO,PLBD1,1,1
AGMO,PMS2CL,1,1
AGMO,POU3F3,1,1
AGMO,PPIC,1,1
AGMO,PPP2R2B,1,1
AGMO,PRDX6,1,1
AGMO,PRRX1,1,1
AGMO,PTGFRN,1,1
AGMO,RAB7B,1,1
AGMO,RBMS1,1,1
AGMO,RCC1L,1,1
AGMO,RNF128,1,1
AGMO,RP11-958N24.2,1,1
AGMO,RPN1,1,1
AGMO,S100A13,1,1
AGMO,SCARA5,1,1
AGMO,SEL1L3,1,1
AGMO,SERPINE2,1,1
AGMO,SLC26A4,1,1
AGMO,SLC43A2,1,1
AGMO,SLC5A3,1,1
AGMO,SMIM3,1,1
AGMO,SNED1,1,1
AGMO,SOX8,1,1
AGMO,SPATS1,1,1
AGMO,SPRY4,1,1
AGMO,ST8SIA5,1,1
AGMO,STK32B,1,1
AGMO,SYTL5,1,1
AGMO,TBXAS1,1,1
AGMO,TCN1,1,1
AGMO,TENM1,1,1
AGMO,TGFB3,1,1
AGMO,TIGD1,1,1
AGMO,TIMP1,1,1
AGMO,TNFAIP6,1,1
AGMO,TOR1AIP2,1,1
AGMO,TOR3A,1,1
AGMO,TRIM51CP,1,1
AGMO,TRIM9,1,1
AGMO,TRPM8,1,1
AGMO,TSPAN13,1,1
AGMO,WNK4,1,1
AGMO,WWTR1,1,1
AGMO,XIAP,1,1
AGMO,XPR1,1,1
AGMO,XYLT1,1,1
AGMO,ZBTB45P2,1,1
AGMO,ZNF536,1,1
AGMO,BP-21264C1.1,1,1
MMP15,ACTN2,1,1
MMP15,ADCY1,1,1
MMP15,ALG13,1,1
MMP15,APOO,1,1
MMP15,ARHGAP25,1,1
MMP15,ATP11C,1,1
MMP15,BCL7A,1,1
MMP15,CHPF,1,1
MMP15,CNPY2,1,1
MMP15,COL11A2,1,1
MMP15,CRISPLD1,1,1
MMP15,CSGALNACT1,1,1
MMP15,DOK1,1,1
MMP15,EPHA3,1,1
MMP15,ERLIN2,1,1
MMP15,ETV1,1,1
MMP15,FAM175A,1,1
MMP15,FAM188B,1,1
MMP15,FAM198B,1,1
MMP15,FGF13,1,1
MMP15,FKBP11,1,1
MMP15,FKBP9,1,1
MMP15,FKBP9P1,1,1
MMP15,GLCCI1,1,1
MMP15,GLUD2,1,1
MMP15,GNS,1,1
MMP15,GPC4,1,1
MMP15,GPR37,1,1
MMP15,GRIK2,1,1
MMP15,HMCN1,1,1
MMP15,ID4,1,1
MMP15,IFI16,1,1
MMP15,IL1RAP,1,1
MMP15,ITPRIPL2,1,1
MMP15,KIFAP3,1,1
MMP15,LAMA4,1,1
MMP15,LAMC3,1,1
MMP15,MAFB,1,1
MMP15,MAML2,1,1
MMP15,MAP7D3,1,1
MMP15,MATK,1,1
MMP15,MPZL1,1,1
MMP15,MRAP2,1,1
MMP15,NAT8L,1,1
MMP15,NFIA,1,1
MMP15,NFKBIE,1,1
MMP15,NPAS1,1,1
MMP15,NSF,1,1
MMP15,NT5DC2,1,1
MMP15,P3H1,1,1
MMP15,P3H2,1,1
MMP15,PCDH7,1,1
MMP15,PCOLCE2,1,1
MMP15,PDDC1,1,1
MMP15,PGBD1,1,1
MMP15,PIEZO2,1,1
MMP15,PMS2CL,1,1
MMP15,PPIC,1,1
MMP15,PRDX6,1,1
MMP15,PSMD9,1,1
MMP15,PTGFRN,1,1
MMP15,RAD17,1,1
MMP15,ROR1,1,1
MMP15,SDSL,1,1
MMP15,SERPINE2,1,1
MMP15,SHROOM1,1,1
MMP15,SLC19A3,1,1
MMP15,SLC26A4,1,1
MMP15,SMAP2,1,1
MMP15,SOX5,1,1
MMP15,SPRY4,1,1
MMP15,STK32B,1,1
MMP15,TCTN1,1,1
MMP15,TIMP1,1,1
MMP15,TMEM62,1,1
MMP15,TNFAIP6,1,1
MMP15,TNFRSF19,1,1
MMP15,TOR3A,1,1
MMP15,TVP23B,1,1
MMP15,WWTR1,1,1
MMP15,XPR1,1,1
MMP15,ZNF736,1,1
ITGAX,ABCA8,1,1
ITGAX,AKAP6,1,1
ITGAX,ARHGAP20,1,1
ITGAX,B3GALT1,1,1
ITGAX,B3GNT7,1,1
ITGAX,BAALC,1,1
ITGAX,BFSP1,1,1
ITGAX,BMP6,1,1
ITGAX,BST2,1,1
ITGAX,CC2D1A,1,1
ITGAX,CCDC113,1,1
ITGAX,CCDC78,1,1
ITGAX,CDH12,1,1
ITGAX,CGREF1,1,1
ITGAX,CHPF,1,1
ITGAX,COQ3,1,1
ITGAX,EYA2,1,1
ITGAX,FAM134B,1,1
ITGAX,FBF1,1,1
ITGAX,FOLH1,1,1
ITGAX,FYB,1,1
ITGAX,GPC4,1,1
ITGAX,GRIK4,1,1
ITGAX,HEY2,1,1
ITGAX,IGFBP2,1,1
ITGAX,ITIH6,1,1
ITGAX,JUNB,1,1
ITGAX,LAMA2,1,1
ITGAX,LAMC3,1,1
ITGAX,LRP2,1,1
ITGAX,MAFB,1,1
ITGAX,MAMDC2,1,1
ITGAX,NTN1,1,1
ITGAX,OAZ1,1,1
ITGAX,OLFM2,1,1
ITGAX,OPHN1,1,1
ITGAX,P3H1,1,1
ITGAX,P3H4,1,1
ITGAX,PCDHB11,1,1
ITGAX,PCDHB6,1,1
ITGAX,PEX5L,1,1
ITGAX,PITPNC1,1,1
ITGAX,PLBD1,1,1
ITGAX,PNPLA4,1,1
ITGAX,PPIC,1,1
ITGAX,PPP1R13B,1,1
ITGAX,PPP2R2B,1,1
ITGAX,RAPGEF5,1,1
ITGAX,RNASE1,1,1
ITGAX,RP11-111F5.5,1,1
ITGAX,SEL1L3,1,1
ITGAX,SERPINA3,1,1
ITGAX,SEZ6L2,1,1
ITGAX,SLC40A1,1,1
ITGAX,SMIM3,1,1
ITGAX,SOD3,1,1
ITGAX,SPARC,1,1
ITGAX,SPATS1,1,1
ITGAX,STAT3,1,1
ITGAX,TRPM3,1,1
ITGAX,TRPM8,1,1
ITGAX,WBSCR27,1,1
ITGAX,WNK4,1,1
TIMMDC1,ADAMTS9,1,1
TIMMDC1,ANKRD26,1,1
TIMMDC1,BIN3,1,1
TIMMDC1,C17ORF58,1,1
TIMMDC1,C8ORF58,1,1
TIMMDC1,CCSAP,1,1
TIMMDC1,CHL1,1,1
TIMMDC1,CMB9-22P13.1,1,1
TIMMDC1,COLGALT1,1,1
TIMMDC1,CST1,1,1
TIMMDC1,CXXC1,1,1
TIMMDC1,DOCK10,1,1
TIMMDC1,EDEM2,1,1
TIMMDC1,EXTL1,1,1
TIMMDC1,FCGR2A,1,1
TIMMDC1,GATA4,1,1
TIMMDC1,H1FX,1,1
TIMMDC1,KLF6,1,1
TIMMDC1,MAN1B1,1,1
TIMMDC1,MBD2,1,1
TIMMDC1,METTL14,1,1
TIMMDC1,MRPL57,1,1
TIMMDC1,NAPG,1,1
TIMMDC1,NOMO1,1,1
TIMMDC1,PDGFRL,1,1
TIMMDC1,PDZD4,1,1
TIMMDC1,PGRMC1,1,1
TIMMDC1,PI15,1,1
TIMMDC1,PPIA,1,1
TIMMDC1,PWWP2A,1,1
TIMMDC1,RAD17,1,1
TIMMDC1,RC3H2,1,1
TIMMDC1,RPTOR,1,1
TIMMDC1,RUBCN,1,1
TIMMDC1,SECISBP2,1,1
TIMMDC1,SLC22A5,1,1
TIMMDC1,SLC26A2,1,1
TIMMDC1,SLC35G1,1,1
TIMMDC1,SLC44A1,1,1
TIMMDC1,SMAD4,1,1
TIMMDC1,STX2,1,1
TIMMDC1,TIPRL,1,1
TIMMDC1,TMEM62,1,1
TIMMDC1,UPF2,1,1
TIMMDC1,ZFP28,1,1
TIMMDC1,ZNF280A,1,1
TIMMDC1,ZNF71,1,1
FAM72C,CGREF1,1,1
FAM72C,MAPK11,1,1
CDK14,C17ORF89,1,1
CDK14,C17ORF96,1,1
CDK14,CD55,1,1
CDK14,COTL1,1,1
CDK14,CTDSP1,1,1
CDK14,EFNA5,1,1
CDK14,EPRS,1,1
CDK14,F12,1,1
CDK14,FRMD6,1,1
CDK14,GATB,1,1
CDK14,ITGA4,1,1
CDK14,MAPK11,1,1
CDK14,MFSD14A,1,1
CDK14,MMADHC,1,1
CDK14,MORF4L2,1,1
CDK14,MPLKIP,1,1
CDK14,NECAP2,1,1
CDK14,NMD3,1,1
CDK14,OFD1,1,1
CDK14,PALLD,1,1
CDK14,PDHX,1,1
CDK14,PHKA1,1,1
CDK14,POLRMT,1,1
CDK14,PSMD10,1,1
CDK14,PTK7,1,1
CDK14,RPS6KA3,1,1
CDK14,SDHD,1,1
CDK14,SERINC3,1,1
CDK14,STYX,1,1
CDK14,TBC1D10B,1,1
CDK14,TPI1,1,1
CDK14,TSPAN13,1,1
CDK14,WT1,1,1
CDK14,ZNF335,1,1
ITIH6,ABCA8,1,1
ITIH6,ADGRB1,1,1
ITIH6,AFAP1L2,1,1
ITIH6,AKAP6,1,1
ITIH6,ALG13,1,1
ITIH6,ARHGAP20,1,1
ITIH6,ARHGAP6,1,1
ITIH6,ASB4,1,1
ITIH6,ATP1B1,1,1
ITIH6,ATP9A,1,1
ITIH6,B3GALT1,1,1
ITIH6,B3GNT7,1,1
ITIH6,BFSP1,1,1
ITIH6,BMP6,1,1
ITIH6,BST2,1,1
ITIH6,C1QTNF3,1,1
ITIH6,CADM4,1,1
ITIH6,CC2D1A,1,1
ITIH6,CCDC113,1,1
ITIH6,CDH12,1,1
ITIH6,CGREF1,1,1
ITIH6,CHPF,1,1
ITIH6,CHURC1-FNTB,1,1
ITIH6,COL11A2,1,1
ITIH6,COL9A2,1,1
ITIH6,COLGALT2,1,1
ITIH6,CSGALNACT1,1,1
ITIH6,CT45A10,1,1
ITIH6,CT45A5,1,1
ITIH6,CT45A9,1,1
ITIH6,DDX43,1,1
ITIH6,DNAJB6,1,1
ITIH6,DNAJC30,1,1
ITIH6,DOK1,1,1
ITIH6,EGFLAM,1,1
ITIH6,EIF1AXP1,1,1
ITIH6,EIF4H,1,1
ITIH6,EMILIN1,1,1
ITIH6,ENAH,1,1
ITIH6,EPHA3,1,1
ITIH6,EPHB3,1,1
ITIH6,ERLIN2,1,1
ITIH6,EYA2,1,1
ITIH6,FAM212B,1,1
ITIH6,FOLH1,1,1
ITIH6,GLUD2,1,1
ITIH6,GPC1,1,1
ITIH6,GPC4,1,1
ITIH6,GRIK2,1,1
ITIH6,GRIK4,1,1
ITIH6,GUCY1B3,1,1
ITIH6,HS3ST3B1,1,1
ITIH6,IFI16,1,1
ITIH6,IGFBP2,1,1
ITIH6,IL13RA2,1,1
ITIH6,ITGA10,1,1
ITIH6,ITPRIPL2,1,1
ITIH6,JARID2,1,1
ITIH6,KCNC3,1,1
ITIH6,LAMA2,1,1
ITIH6,LAMA4,1,1
ITIH6,LAMC3,1,1
ITIH6,LRP2,1,1
ITIH6,LRRC75A,1,1
ITIH6,MAFB,1,1
ITIH6,MAMDC2,1,1
ITIH6,MATK,1,1
ITIH6,MDM2,1,1
ITIH6,MEOX2,1,1
ITIH6,MICALL2,1,1
ITIH6,MRPS6,1,1
ITIH6,NKX2-5,1,1
ITIH6,NPHP1,1,1
ITIH6,NR0B1,1,1
ITIH6,NTN1,1,1
ITIH6,OPHN1,1,1
ITIH6,P3H1,1,1
ITIH6,P3H2,1,1
ITIH6,P3H4,1,1
ITIH6,PATZ1,1,1
ITIH6,PCDHA10,1,1
ITIH6,PCDHA11,1,1
ITIH6,PCDHB11,1,1
ITIH6,PCDHB17P,1,1
ITIH6,PCDHB6,1,1
ITIH6,PCDHB7,1,1
ITIH6,PCDHGA7,1,1
ITIH6,PDDC1,1,1
ITIH6,PITPNC1,1,1
ITIH6,PLBD1,1,1
ITIH6,PMS2CL,1,1
ITIH6,POU3F3,1,1
ITIH6,PPIC,1,1
ITIH6,PPP2R2B,1,1
ITIH6,PPP3CB,1,1
ITIH6,PTGFRN,1,1
ITIH6,RAPGEF5,1,1
ITIH6,RCC1L,1,1
ITIH6,RP11-111F5.5,1,1
ITIH6,S100A13,1,1
ITIH6,SCARA5,1,1
ITIH6,SEL1L3,1,1
ITIH6,SERPINA3,1,1
ITIH6,SERPINE2,1,1
ITIH6,SEZ6L2,1,1
ITIH6,SLC5A3,1,1
ITIH6,SMIM3,1,1
ITIH6,SOD3,1,1
ITIH6,SPATS1,1,1
ITIH6,STAT3,1,1
ITIH6,STK32B,1,1
ITIH6,TBC1D10B,1,1
ITIH6,TCN1,1,1
ITIH6,TENM1,1,1
ITIH6,TGFB3,1,1
ITIH6,TIGD1,1,1
ITIH6,TIMP1,1,1
ITIH6,TNFAIP6,1,1
ITIH6,TRIM9,1,1
ITIH6,TRPM8,1,1
ITIH6,USP9X,1,1
ITIH6,WNK4,1,1
ITIH6,WWTR1,1,1
ITIH6,ZNF536,1,1
ITIH6,BP-21264C1.1,1,1
CT45A9,ABCA8,1,1
CT45A9,ADGRB1,1,1
CT45A9,AFAP1L2,1,1
CT45A9,AKAP6,1,1
CT45A9,ALG13,1,1
CT45A9,ANGPTL1,1,1
CT45A9,ARCN1,1,1
CT45A9,ARHGAP20,1,1
CT45A9,ARHGAP6,1,1
CT45A9,ART3,1,1
CT45A9,ASB4,1,1
CT45A9,ATP11C,1,1
CT45A9,ATP1B1,1,1
CT45A9,ATP9A,1,1
CT45A9,B3GALT1,1,1
CT45A9,B3GNT7,1,1
CT45A9,BMP6,1,1
CT45A9,BST2,1,1
CT45A9,C1QTNF3,1,1
CT45A9,C1ORF115,1,1
CT45A9,CACNA1H,1,1
CT45A9,CADM4,1,1
CT45A9,CC2D1A,1,1
CT45A9,CDH12,1,1
CT45A9,CHPF,1,1
CT45A9,CHURC1-FNTB,1,1
CT45A9,COL11A2,1,1
CT45A9,COL9A2,1,1
CT45A9,COLGALT2,1,1
CT45A9,CSGALNACT1,1,1
CT45A9,CT45A10,1,1
CT45A9,CT45A5,1,1
CT45A9,CYB561,1,1
CT45A9,DDX43,1,1
CT45A9,DMRT2,1,1
CT45A9,DNAJB6,1,1
CT45A9,DNAJC30,1,1
CT45A9,DOK1,1,1
CT45A9,EGFLAM,1,1
CT45A9,EIF4H,1,1
CT45A9,EMILIN1,1,1
CT45A9,ENAH,1,1
CT45A9,EPHA3,1,1
CT45A9,EPHB3,1,1
CT45A9,ERLIN2,1,1
CT45A9,EYA2,1,1
CT45A9,FAM212B,1,1
CT45A9,FOLH1,1,1
CT45A9,FOXF1,1,1
CT45A9,FREM2,1,1
CT45A9,GLI2,1,1
CT45A9,GLUD2,1,1
CT45A9,GPC1,1,1
CT45A9,GPC4,1,1
CT45A9,GRIK4,1,1
CT45A9,GUCY1B3,1,1
CT45A9,HS3ST3B1,1,1
CT45A9,IFI16,1,1
CT45A9,IGFBP2,1,1
CT45A9,IL13RA2,1,1
CT45A9,ILK,1,1
CT45A9,ITGA10,1,1
CT45A9,ITPRIPL2,1,1
CT45A9,JARID2,1,1
CT45A9,KCNC3,1,1
CT45A9,LAMA2,1,1
CT45A9,LAMA4,1,1
CT45A9,LAMC3,1,1
CT45A9,LRRC75A,1,1
CT45A9,MAFB,1,1
CT45A9,MAMDC2,1,1
CT45A9,MATK,1,1
CT45A9,MEOX2,1,1
CT45A9,MICALL2,1,1
CT45A9,MMP16,1,1
CT45A9,MRPS6,1,1
CT45A9,NDRG1,1,1
CT45A9,NKX2-5,1,1
CT45A9,NPAS1,1,1
CT45A9,NPHP1,1,1
CT45A9,NR0B1,1,1
CT45A9,NTN1,1,1
CT45A9,P3H1,1,1
CT45A9,P3H2,1,1
CT45A9,P3H4,1,1
CT45A9,PATZ1,1,1
CT45A9,PCDHA10,1,1
CT45A9,PCDHA11,1,1
CT45A9,PCDHB11,1,1
CT45A9,PCDHB17P,1,1
CT45A9,PCDHB6,1,1
CT45A9,PCDHB7,1,1
CT45A9,PCDHGA7,1,1
CT45A9,PDDC1,1,1
CT45A9,PITPNC1,1,1
CT45A9,PLBD1,1,1
CT45A9,PMS2CL,1,1
CT45A9,POU3F3,1,1
CT45A9,PPIC,1,1
CT45A9,PPP2R2B,1,1
CT45A9,PPP3CB,1,1
CT45A9,PRDX6,1,1
CT45A9,PRRX1,1,1
CT45A9,PTGFRN,1,1
CT45A9,RAB7B,1,1
CT45A9,RBMS1,1,1
CT45A9,RCC1L,1,1
CT45A9,RGS16,1,1
CT45A9,RP11-111F5.5,1,1
CT45A9,RP11-958N24.2,1,1
CT45A9,RPN1,1,1
CT45A9,S100A13,1,1
CT45A9,SCARA5,1,1
CT45A9,SEL1L3,1,1
CT45A9,SERPINA3,1,1
CT45A9,SERPINE2,1,1
CT45A9,SLC43A2,1,1
CT45A9,SLC5A3,1,1
CT45A9,SMIM3,1,1
CT45A9,SNED1,1,1
CT45A9,SPATS1,1,1
CT45A9,SPRY4,1,1
CT45A9,ST8SIA5,1,1
CT45A9,STK32B,1,1
CT45A9,SYTL5,1,1
CT45A9,TBC1D10B,1,1
CT45A9,TBXAS1,1,1
CT45A9,TCN1,1,1
CT45A9,TENM1,1,1
CT45A9,TGFB3,1,1
CT45A9,TIGD1,1,1
CT45A9,TIMP1,1,1
CT45A9,TNFAIP6,1,1
CT45A9,TOR3A,1,1
CT45A9,TRIM9,1,1
CT45A9,TRPM8,1,1
CT45A9,TSPAN13,1,1
CT45A9,TYW1B,1,1
CT45A9,WNK4,1,1
CT45A9,WWTR1,1,1
CT45A9,XIAP,1,1
CT45A9,XPR1,1,1
CT45A9,XYLT1,1,1
CT45A9,ZBTB45P2,1,1
CT45A9,ZNF536,1,1
CT45A9,BP-21264C1.1,1,1
EXTL1,ANKRD26,1,1
EXTL1,BIN3,1,1
EXTL1,C17ORF58,1,1
EXTL1,C8ORF58,1,1
EXTL1,CHL1,1,1
EXTL1,HOXA13,1,1
EXTL1,ITGA9,1,1
EXTL1,KLF6,1,1
EXTL1,PDZD4,1,1
EXTL1,PGRMC1,1,1
EXTL1,PWWP2A,1,1
EXTL1,RC3H2,1,1
EXTL1,SLC35G1,1,1
EXTL1,SLC44A1,1,1
EXTL1,SMAD4,1,1
EXTL1,STX2,1,1
EXTL1,UPF2,1,1
EXTL1,ZNF280A,1,1
B3GALT1,ABCA8,1,1
B3GALT1,ADGRB1,1,1
B3GALT1,AFAP1L2,1,1
B3GALT1,AKAP6,1,1
B3GALT1,ARHGAP20,1,1
B3GALT1,ARHGAP6,1,1
B3GALT1,ASB4,1,1
B3GALT1,ATP11C,1,1
B3GALT1,ATP9A,1,1
B3GALT1,B3GNT7,1,1
B3GALT1,BMP6,1,1
B3GALT1,BST2,1,1
B3GALT1,C12ORF60,1,1
B3GALT1,CADM4,1,1
B3GALT1,CDH12,1,1
B3GALT1,CHPF,1,1
B3GALT1,COL11A2,1,1
B3GALT1,CT45A10,1,1
B3GALT1,CYB561,1,1
B3GALT1,DDX43,1,1
B3GALT1,DNAJB6,1,1
B3GALT1,DNAJC30,1,1
B3GALT1,EGFLAM,1,1
B3GALT1,ELMO1,1,1
B3GALT1,EMILIN1,1,1
B3GALT1,ERLIN2,1,1
B3GALT1,EYA2,1,1
B3GALT1,FBF1,1,1
B3GALT1,FOLH1,1,1
B3GALT1,FUNDC1,1,1
B3GALT1,GLUD2,1,1
B3GALT1,GPC1,1,1
B3GALT1,GPR37,1,1
B3GALT1,GRIK2,1,1
B3GALT1,GRIK4,1,1
B3GALT1,GUCY1B3,1,1
B3GALT1,IFI16,1,1
B3GALT1,IGFBP2,1,1
B3GALT1,IL13RA2,1,1
B3GALT1,INSR,1,1
B3GALT1,ITPRIPL2,1,1
B3GALT1,KIFAP3,1,1
B3GALT1,LAMA2,1,1
B3GALT1,LAMA4,1,1
B3GALT1,MAFB,1,1
B3GALT1,MAP2,1,1
B3GALT1,MRPS6,1,1
B3GALT1,NAP1L5,1,1
B3GALT1,NFIA,1,1
B3GALT1,NPHP1,1,1
B3GALT1,NTN1,1,1
B3GALT1,OPHN1,1,1
B3GALT1,P3H1,1,1
B3GALT1,PATZ1,1,1
B3GALT1,PCDHA10,1,1
B3GALT1,PCDHB17P,1,1
B3GALT1,PCDHB6,1,1
B3GALT1,PCDHB7,1,1
B3GALT1,PLBD1,1,1
B3GALT1,PPIC,1,1
B3GALT1,PPP2R2B,1,1
B3GALT1,PPP3CB,1,1
B3GALT1,PTCHD4,1,1
B3GALT1,RP11-111F5.5,1,1
B3GALT1,S100A13,1,1
B3GALT1,SCARA5,1,1
B3GALT1,SEL1L3,1,1
B3GALT1,SERPINA3,1,1
B3GALT1,SERPINE2,1,1
B3GALT1,SMIM3,1,1
B3GALT1,STAT3,1,1
B3GALT1,TENM1,1,1
B3GALT1,TIMM10B,1,1
B3GALT1,TRIM9,1,1
B3GALT1,TRPM8,1,1
B3GALT1,USP9X,1,1
B3GALT1,XYLT1,1,1
B3GALT1,ZNF536,1,1
XRN1,SEC23A,1,1
OAZ1,ANKRD19P,1,1
OAZ1,ARHGAP20,1,1
OAZ1,BFSP1,1,1
OAZ1,COPB2,1,1
OAZ1,COQ3,1,1
OAZ1,CRISPLD1,1,1
OAZ1,EIF3L,1,1
OAZ1,FABP7,1,1
OAZ1,FOLH1,1,1
OAZ1,GAD1,1,1
OAZ1,GPC4,1,1
OAZ1,HEY2,1,1
OAZ1,HMCES,1,1
OAZ1,IARS2,1,1
OAZ1,IFI16,1,1
OAZ1,JSRP1,1,1
OAZ1,KREMEN2,1,1
OAZ1,LAMC3,1,1
OAZ1,LAPTM4B,1,1
OAZ1,LRP2,1,1
OAZ1,MAMDC2,1,1
OAZ1,NTN1,1,1
OAZ1,P3H1,1,1
OAZ1,PDDC1,1,1
OAZ1,PIEZO2,1,1
OAZ1,PITPNC1,1,1
OAZ1,PODXL2,1,1
OAZ1,PPIC,1,1
OAZ1,PPP1R13B,1,1
OAZ1,PTGFRN,1,1
OAZ1,RAB23,1,1
OAZ1,RNF216,1,1
OAZ1,SEZ6L2,1,1
OAZ1,SPARC,1,1
OAZ1,SPATS1,1,1
OAZ1,TACO1,1,1
OAZ1,TARS2,1,1
OAZ1,TBC1D8,1,1
OAZ1,TRPM3,1,1
OAZ1,TRPM8,1,1
TRIM51CP,ACVR1,1,1
TRIM51CP,ADGRB1,1,1
TRIM51CP,AFAP1L2,1,1
TRIM51CP,ALG13,1,1
TRIM51CP,ANGPTL1,1,1
TRIM51CP,ARHGAP25,1,1
TRIM51CP,ARHGAP6,1,1
TRIM51CP,ART3,1,1
TRIM51CP,ATP9A,1,1
TRIM51CP,C1QTNF3,1,1
TRIM51CP,CEP170B,1,1
TRIM51CP,COLGALT2,1,1
TRIM51CP,CSGALNACT1,1,1
TRIM51CP,CT45A5,1,1
TRIM51CP,DMRT2,1,1
TRIM51CP,DOK1,1,1
TRIM51CP,EDEM1,1,1
TRIM51CP,EGFLAM,1,1
TRIM51CP,EIF1AX,1,1
TRIM51CP,ENAH,1,1
TRIM51CP,EPHA3,1,1
TRIM51CP,EPHB3,1,1
TRIM51CP,ERLIN2,1,1
TRIM51CP,FAM212B,1,1
TRIM51CP,FOXF1,1,1
TRIM51CP,FZD1,1,1
TRIM51CP,GLUD2,1,1
TRIM51CP,IL13RA2,1,1
TRIM51CP,IL1RAP,1,1
TRIM51CP,ITPRIPL2,1,1
TRIM51CP,JKAMP,1,1
TRIM51CP,KCNC3,1,1
TRIM51CP,KCNC4,1,1
TRIM51CP,KIAA0040,1,1
TRIM51CP,KIAA1328,1,1
TRIM51CP,LAMA4,1,1
TRIM51CP,MMP16,1,1
TRIM51CP,MRAP2,1,1
TRIM51CP,NDRG1,1,1
TRIM51CP,NKX2-5,1,1
TRIM51CP,NPAS1,1,1
TRIM51CP,NR0B1,1,1
TRIM51CP,P3H2,1,1
TRIM51CP,PCDHA10,1,1
TRIM51CP,PCDHA11,1,1
TRIM51CP,PCDHB17P,1,1
TRIM51CP,PCDHGA7,1,1
TRIM51CP,PCDHGB1,1,1
TRIM51CP,PHC2,1,1
TRIM51CP,PRRX1,1,1
TRIM51CP,RAB7B,1,1
TRIM51CP,RBMS1,1,1
TRIM51CP,RC3H1,1,1
TRIM51CP,RNF128,1,1
TRIM51CP,RPN1,1,1
TRIM51CP,SCARA5,1,1
TRIM51CP,SEC61A1,1,1
TRIM51CP,SERPINE2,1,1
TRIM51CP,SERTAD4,1,1
TRIM51CP,SLC5A3,1,1
TRIM51CP,SNED1,1,1
TRIM51CP,SOX8,1,1
TRIM51CP,SPRY4,1,1
TRIM51CP,ST8SIA5,1,1
TRIM51CP,STK32B,1,1
TRIM51CP,STON2,1,1
TRIM51CP,SYTL5,1,1
TRIM51CP,TBXAS1,1,1
TRIM51CP,TCN1,1,1
TRIM51CP,TGFB3,1,1
TRIM51CP,TIMP1,1,1
TRIM51CP,TNFAIP6,1,1
TRIM51CP,TOR1AIP2,1,1
TRIM51CP,TOR3A,1,1
TRIM51CP,TRAF4,1,1
TRIM51CP,TRIM51,1,1
TRIM51CP,TRIM9,1,1
TRIM51CP,WWTR1,1,1
TRIM51CP,XIAP,1,1
TRIM51CP,XPR1,1,1
TRIM51CP,XYLT1,1,1
TRIM51CP,ZNF654,1,1
TRIM51CP,ZNF860,1,1
MDM2,ABCA8,1,1
MDM2,B3GNT7,1,1
MDM2,BMP6,1,1
MDM2,CDH12,1,1
MDM2,EYA2,1,1
MDM2,FOLH1,1,1
MDM2,IGFBP2,1,1
MDM2,JPH1,1,1
MDM2,MAMDC2,1,1
MDM2,PCDHB11,1,1
MDM2,PLBD1,1,1
MDM2,RP11-43F13.1,1,1
MDM2,SERPINA3,1,1
MDM2,TACO1,1,1
MDM2,TRPM8,1,1
MDM2,BP-21264C1.1,1,1
EGFLAM,ABCA8,1,1
EGFLAM,ADGRB1,1,1
EGFLAM,AFAP1L2,1,1
EGFLAM,AKAP6,1,1
EGFLAM,ALG13,1,1
EGFLAM,ANGPTL1,1,1
EGFLAM,ARCN1,1,1
EGFLAM,ARHGAP6,1,1
EGFLAM,ART3,1,1
EGFLAM,ASB4,1,1
EGFLAM,ATP11C,1,1
EGFLAM,ATP1B1,1,1
EGFLAM,ATP9A,1,1
EGFLAM,B3GNT7,1,1
EGFLAM,BST2,1,1
EGFLAM,C1QTNF3,1,1
EGFLAM,CADM4,1,1
EGFLAM,CC2D1A,1,1
EGFLAM,CDH12,1,1
EGFLAM,CHURC1-FNTB,1,1
EGFLAM,COL11A2,1,1
EGFLAM,COL9A2,1,1
EGFLAM,COLGALT2,1,1
EGFLAM,CSGALNACT1,1,1
EGFLAM,CT45A10,1,1
EGFLAM,CT45A5,1,1
EGFLAM,CYB561,1,1
EGFLAM,DDX43,1,1
EGFLAM,DMRT2,1,1
EGFLAM,DNAJC30,1,1
EGFLAM,DOK1,1,1
EGFLAM,EIF1AXP1,1,1
EGFLAM,EIF4H,1,1
EGFLAM,EMILIN1,1,1
EGFLAM,ENAH,1,1
EGFLAM,EPHA3,1,1
EGFLAM,EPHB3,1,1
EGFLAM,ERLIN2,1,1
EGFLAM,EYA2,1,1
EGFLAM,FAM212B,1,1
EGFLAM,FOXF1,1,1
EGFLAM,FREM2,1,1
EGFLAM,GLI2,1,1
EGFLAM,GLUD2,1,1
EGFLAM,GPC1,1,1
EGFLAM,GRIK4,1,1
EGFLAM,HS3ST3B1,1,1
EGFLAM,IGFBP2,1,1
EGFLAM,IL13RA2,1,1
EGFLAM,ITPRIPL2,1,1
EGFLAM,JARID2,1,1
EGFLAM,JKAMP,1,1
EGFLAM,KCNC3,1,1
EGFLAM,LAMA2,1,1
EGFLAM,LAMA4,1,1
EGFLAM,LRRC75A,1,1
EGFLAM,MAFB,1,1
EGFLAM,MATK,1,1
EGFLAM,MEOX2,1,1
EGFLAM,MICALL2,1,1
EGFLAM,MMP16,1,1
EGFLAM,MRPS6,1,1
EGFLAM,NDRG1,1,1
EGFLAM,NKX2-5,1,1
EGFLAM,NPHP1,1,1
EGFLAM,NR0B1,1,1
EGFLAM,NTN1,1,1
EGFLAM,P3H1,1,1
EGFLAM,P3H2,1,1
EGFLAM,PATZ1,1,1
EGFLAM,PCDHA10,1,1
EGFLAM,PCDHA11,1,1
EGFLAM,PCDHB11,1,1
EGFLAM,PCDHB17P,1,1
EGFLAM,PCDHB6,1,1
EGFLAM,PCDHB7,1,1
EGFLAM,PCDHGA7,1,1
EGFLAM,PCDHGB1,1,1
EGFLAM,PDDC1,1,1
EGFLAM,PLBD1,1,1
EGFLAM,PMS2CL,1,1
EGFLAM,POU3F3,1,1
EGFLAM,PPP2R2B,1,1
EGFLAM,PRRX1,1,1
EGFLAM,PTGFRN,1,1
EGFLAM,RAB7B,1,1
EGFLAM,RBMS1,1,1
EGFLAM,RCC1L,1,1
EGFLAM,RNF128,1,1
EGFLAM,RPN1,1,1
EGFLAM,S100A13,1,1
EGFLAM,SCARA5,1,1
EGFLAM,SEL1L3,1,1
EGFLAM,SERPINE2,1,1
EGFLAM,SLC43A2,1,1
EGFLAM,SLC5A3,1,1
EGFLAM,SMIM3,1,1
EGFLAM,SNED1,1,1
EGFLAM,SOX8,1,1
EGFLAM,SPRY4,1,1
EGFLAM,ST8SIA5,1,1
EGFLAM,STK32B,1,1
EGFLAM,SYTL5,1,1
EGFLAM,TBXAS1,1,1
EGFLAM,TCN1,1,1
EGFLAM,TENM1,1,1
EGFLAM,TGFB3,1,1
EGFLAM,TIMP1,1,1
EGFLAM,TNFAIP6,1,1
EGFLAM,TOR1AIP2,1,1
EGFLAM,TOR3A,1,1
EGFLAM,TRIM9,1,1
EGFLAM,WWTR1,1,1
EGFLAM,XIAP,1,1
EGFLAM,XPR1,1,1
EGFLAM,XYLT1,1,1
EGFLAM,ZBTB45P2,1,1
EGFLAM,BP-21264C1.1,1,1
RPL17,ARGLU1,1,1
RPL17,CCSAP,1,1
RPL17,CLCC1,1,1
RPL17,EPDR1,1,1
RPL17,ICAM1,1,1
RPL17,KRBA1,1,1
RPL17,N4BP2L2,1,1
RPL17,NAPG,1,1
RPL17,NOMO1,1,1
RPL17,NSF,1,1
RPL17,RAB3GAP2,1,1
RPL17,RPL12,1,1
RPL17,RPL23,1,1
RPL17,SSFA2,1,1
RPL17,SWAP70,1,1
RPL17,THOC2,1,1
APOO,AARS2,1,1
APOO,ACTN2,1,1
APOO,ADAMTS9,1,1
APOO,ADCY1,1,1
APOO,ANKRD19P,1,1
APOO,ANKRD26,1,1
APOO,ARHGAP25,1,1
APOO,C8ORF58,1,1
APOO,CMB9-22P13.1,1,1
APOO,CNPY2,1,1
APOO,COLGALT1,1,1
APOO,CRISPLD1,1,1
APOO,DNAJB12,1,1
APOO,EPDR1,1,1
APOO,ETFB,1,1
APOO,ETV1,1,1
APOO,FABP7,1,1
APOO,FAM188B,1,1
APOO,FAM198B,1,1
APOO,FCGR2A,1,1
APOO,FGF13,1,1
APOO,FKBP11,1,1
APOO,FKBP9P1,1,1
APOO,GAD1,1,1
APOO,GLCCI1,1,1
APOO,GPC4,1,1
APOO,HMCES,1,1
APOO,HMCN1,1,1
APOO,IARS2,1,1
APOO,ICAM1,1,1
APOO,ID4,1,1
APOO,KLF6,1,1
APOO,LAMC3,1,1
APOO,MAN1B1,1,1
APOO,METTL14,1,1
APOO,MRAP2,1,1
APOO,NFKBIE,1,1
APOO,NOMO1,1,1
APOO,NPAS1,1,1
APOO,NSF,1,1
APOO,NT5DC2,1,1
APOO,P3H1,1,1
APOO,PCOLCE2,1,1
APOO,PDGFRL,1,1
APOO,PGBD1,1,1
APOO,PGRMC1,1,1
APOO,PI15,1,1
APOO,PIEZO2,1,1
APOO,PMS2CL,1,1
APOO,PODXL2,1,1
APOO,PPIA,1,1
APOO,PRDX6,1,1
APOO,PTGFRN,1,1
APOO,PWWP2A,1,1
APOO,RAB23,1,1
APOO,RAD17,1,1
APOO,RCN2,1,1
APOO,ROR1,1,1
APOO,SDSL,1,1
APOO,SECISBP2,1,1
APOO,SHROOM1,1,1
APOO,SLC19A3,1,1
APOO,SLC26A2,1,1
APOO,SLC26A4,1,1
APOO,SLC35G1,1,1
APOO,SLC44A1,1,1
APOO,SMAP2,1,1
APOO,TMEM5,1,1
APOO,TMEM62,1,1
APOO,TOR3A,1,1
APOO,TVP23B,1,1
APOO,XPR1,1,1
APOO,ZBTB33,1,1
FLRT2,ATP11C,1,1
FLRT2,BCL7A,1,1
FLRT2,CSGALNACT1,1,1
FLRT2,EGR3,1,1
FLRT2,GALNT10,1,1
FLRT2,GINM1,1,1
FLRT2,GLUD2,1,1
FLRT2,GNS,1,1
FLRT2,MAML2,1,1
FLRT2,MPZL1,1,1
FLRT2,NAT8L,1,1
FLRT2,PCDH7,1,1
FLRT2,RNF157,1,1
FLRT2,RP11-958N24.2,1,1
FLRT2,SOX5,1,1
FLRT2,SOX8,1,1
FLRT2,TNFRSF19,1,1
FLRT2,TOR3A,1,1
FUCA2,ADAMTS9,1,1
FUCA2,ASB9,1,1
FUCA2,BX004987.1,1,1
FUCA2,CCSAP,1,1
FUCA2,CENPL,1,1
FUCA2,CHL1,1,1
FUCA2,CMTM8,1,1
FUCA2,COLGALT1,1,1
FUCA2,DOCK10,1,1
FUCA2,EXOC1,1,1
FUCA2,GATA4,1,1
FUCA2,ICAM1,1,1
FUCA2,IPO8,1,1
FUCA2,MEGF10,1,1
FUCA2,MGAT5B,1,1
FUCA2,MICU1,1,1
FUCA2,MLLT10,1,1
FUCA2,MTIF2,1,1
FUCA2,NOA1,1,1
FUCA2,NUDT4,1,1
FUCA2,PDGFRL,1,1
FUCA2,PHB,1,1
FUCA2,PI15,1,1
FUCA2,PPIA,1,1
FUCA2,RCN2,1,1
FUCA2,RPTOR,1,1
FUCA2,SECISBP2,1,1
FUCA2,SLC4A7,1,1
FUCA2,TIPRL,1,1
FUCA2,ZNF593,1,1
ITGA5,ADORA2B,1,1
ITGA5,ANKH,1,1
ITGA5,CRIP2,1,1
ITGA5,EBF3,1,1
ITGA5,GLI2,1,1
ITGA5,KIAA1671,1,1
ITGA5,MIDN,1,1
ITGA5,PLCXD1,1,1
ITGA5,PRKAR1B,1,1
ITGA5,SERPINH1,1,1
ITGA5,SLC25A16,1,1
ITGA5,SLC9A7,1,1
ITGA5,SRPX2,1,1
ITGA5,TYW1B,1,1
ITGA5,ZNF700,1,1
ANKRD28,GOSR1,1,1
ANKRD28,KDM6A,1,1
ANKRD28,PACRGL,1,1
DHX40,DNAJC15,1,1
DHX40,GNS,1,1
DHX40,MRPL57,1,1
DHX40,NSF,1,1
DHX40,NT5DC2,1,1
DHX40,PSMD9,1,1
DHX40,RAB3GAP2,1,1
DHX40,SOX5,1,1
PCDHGB1,AFAP1L2,1,1
PCDHGB1,AKAP6,1,1
PCDHGB1,ALG13,1,1
PCDHGB1,ANGPTL1,1,1
PCDHGB1,ARHGAP6,1,1
PCDHGB1,C1QTNF3,1,1
PCDHGB1,COLGALT2,1,1
PCDHGB1,CSGALNACT1,1,1
PCDHGB1,DMRT2,1,1
PCDHGB1,ENAH,1,1
PCDHGB1,EPHB3,1,1
PCDHGB1,F2RL1,1,1
PCDHGB1,FAM212B,1,1
PCDHGB1,GRIK4,1,1
PCDHGB1,IL13RA2,1,1
PCDHGB1,ITPRIPL2,1,1
PCDHGB1,JKAMP,1,1
PCDHGB1,KCNC3,1,1
PCDHGB1,KIAA0040,1,1
PCDHGB1,LAMA4,1,1
PCDHGB1,P3H2,1,1
PCDHGB1,PCDHA10,1,1
PCDHGB1,PCDHA11,1,1
PCDHGB1,PCDHB17P,1,1
PCDHGB1,PCDHGA7,1,1
PCDHGB1,PRRX1,1,1
PCDHGB1,RAB7B,1,1
PCDHGB1,RGS5,1,1
PCDHGB1,RNF128,1,1
PCDHGB1,SCARA5,1,1
PCDHGB1,SERPINE2,1,1
PCDHGB1,SLC5A3,1,1
PCDHGB1,SNED1,1,1
PCDHGB1,SOX8,1,1
PCDHGB1,SPRY4,1,1
PCDHGB1,ST8SIA5,1,1
PCDHGB1,SUCNR1,1,1
PCDHGB1,SYTL5,1,1
PCDHGB1,TBXAS1,1,1
PCDHGB1,TCN1,1,1
PCDHGB1,TENM1,1,1
PCDHGB1,TIMP1,1,1
PCDHGB1,TNFAIP6,1,1
PCDHGB1,TRIM9,1,1
PCDHGB1,XIAP,1,1
PCDHGB1,XYLT1,1,1
PAGE5,ADAP1,1,1
PAGE5,ASB4,1,1
PAGE5,BAALC,1,1
PAGE5,BMP6,1,1
PAGE5,C1ORF115,1,1
PAGE5,CACNA1H,1,1
PAGE5,CTAG2,1,1
PAGE5,FOLH1,1,1
PAGE5,GAGE12J,1,1
PAGE5,GAGE2E,1,1
PAGE5,KCNG4,1,1
PAGE5,LRP2,1,1
PAGE5,NTN1,1,1
PAGE5,OLFM2,1,1
PAGE5,PITPNC1,1,1
PAGE5,SOD3,1,1
PAGE5,SPATS1,1,1
PAGE5,TARS2,1,1
PAGE5,WNK4,1,1
PSMD9,ADCY1,1,1
PSMD9,C8ORF58,1,1
PSMD9,CLCC1,1,1
PSMD9,CMB9-22P13.1,1,1
PSMD9,COPG1,1,1
PSMD9,CRISPLD1,1,1
PSMD9,DNAJB12,1,1
PSMD9,ETV1,1,1
PSMD9,FCGR2A,1,1
PSMD9,FKBP9P1,1,1
PSMD9,GLCCI1,1,1
PSMD9,HMCN1,1,1
PSMD9,ID4,1,1
PSMD9,MAN1B1,1,1
PSMD9,MRPL57,1,1
PSMD9,NSF,1,1
PSMD9,NT5DC2,1,1
PSMD9,PGBD1,1,1
PSMD9,RAD54L2,1,1
PSMD9,ROR1,1,1
PSMD9,SDSL,1,1
PSMD9,SHROOM1,1,1
PSMD9,SMAP2,1,1
PSMD9,SOX5,1,1
PSMD9,TMEM62,1,1
PKD1P5,ADORA2B,1,1
PKD1P5,ANKH,1,1
PKD1P5,BATF3,1,1
PKD1P5,CPNE3,1,1
PKD1P5,CTDP1,1,1
PKD1P5,DUSP23,1,1
PKD1P5,EHBP1,1,1
PKD1P5,EPRS,1,1
PKD1P5,F12,1,1
PKD1P5,GATB,1,1
PKD1P5,GDNF,1,1
PKD1P5,NFIC,1,1
PKD1P5,PHKA1,1,1
PKD1P5,PRKAR1B,1,1
PKD1P5,PTPN12,1,1
PKD1P5,RPS6KA3,1,1
PKD1P5,SLC25A16,1,1
PKD1P5,SLC9A7,1,1
PKD1P5,SRPX2,1,1
PKD1P5,TYW1B,1,1
PKD1P5,UBA1,1,1
PKD1P5,VCAN,1,1
PKD1P5,YBX3,1,1
PKD1P5,BP-21264C1.1,1,1
SEC11A,MGAT5B,1,1
SEC11A,ZNF736,1,1
RAB21,ABHD14A,1,1
RAB21,ATP13A3,1,1
RAB21,DDX3X,1,1
RAB21,DLX1,1,1
RAB21,ZNF121,1,1
ITFG2,LRFN1,1,1
ITFG2,MORF4L2,1,1
ITFG2,NECAP2,1,1
ITFG2,PHKA1,1,1
ITFG2,SLC7A6OS,1,1
ITFG2,SRI,1,1
ITFG2,STYX,1,1
PPP3CB,AKAP6,1,1
PPP3CB,ATP11C,1,1
PPP3CB,ATP9A,1,1
PPP3CB,C12ORF60,1,1
PPP3CB,CADM4,1,1
PPP3CB,CCM2,1,1
PPP3CB,DDX43,1,1
PPP3CB,EYA2,1,1
PPP3CB,GLUD2,1,1
PPP3CB,GPR37,1,1
PPP3CB,GRIK4,1,1
PPP3CB,GUCY1B3,1,1
PPP3CB,IFI16,1,1
PPP3CB,IGFBP2,1,1
PPP3CB,INSR,1,1
PPP3CB,ITPRIPL2,1,1
PPP3CB,JPH1,1,1
PPP3CB,KIFAP3,1,1
PPP3CB,MAFB,1,1
PPP3CB,MAP2,1,1
PPP3CB,NPHP1,1,1
PPP3CB,PCDHB6,1,1
PPP3CB,PLBD1,1,1
PPP3CB,RCC1L,1,1
PPP3CB,STAT3,1,1
PPP3CB,TDRD9,1,1
PPP3CB,USP9X,1,1
PPP3CB,ZNF536,1,1
ZNF721,ATP11C,1,1
ZNF721,C1QTNF3,1,1
ZNF721,DMRT2,1,1
ZNF721,GLUD2,1,1
ZNF721,ICK,1,1
ZNF721,KCNC3,1,1
ZNF721,NR0B1,1,1
ZNF721,PCDHGA7,1,1
ZNF721,PCED1A,1,1
ZNF721,RCC1L,1,1
ZNF721,RNF157,1,1
ZNF721,RP11-958N24.2,1,1
ZNF721,SBDS,1,1
ZNF721,SOX8,1,1
ZNF721,ST8SIA5,1,1
ZNF721,TBL2,1,1
ZNF721,TBXAS1,1,1
ZNF721,ZBTB45P2,1,1
ZNF721,ZNF860,1,1
EGFL8,ETNK2,1,1
EGFL8,SH2B1,1,1
MANSC1,ATG101,1,1
MANSC1,DNAAF5,1,1
MANSC1,EDEM1,1,1
MANSC1,ERCC1,1,1
MANSC1,IFNAR1,1,1
MANSC1,PHC2,1,1
MANSC1,RNF128,1,1
BST2,ABCA8,1,1
BST2,ACAD11,1,1
BST2,ADGRB1,1,1
BST2,AFAP1L2,1,1
BST2,AKAP6,1,1
BST2,ALG13,1,1
BST2,ARHGAP20,1,1
BST2,ARHGAP6,1,1
BST2,ASB4,1,1
BST2,ATP1B1,1,1
BST2,ATP9A,1,1
BST2,B3GNT7,1,1
BST2,BMP6,1,1
BST2,C12ORF60,1,1
BST2,C1QTNF3,1,1
BST2,CADM4,1,1
BST2,CC2D1A,1,1
BST2,CCDC113,1,1
BST2,CDH12,1,1
BST2,CHPF,1,1
BST2,CHURC1-FNTB,1,1
BST2,COL11A2,1,1
BST2,COL9A2,1,1
BST2,CT45A10,1,1
BST2,CYB561,1,1
BST2,DDX43,1,1
BST2,DNAJB6,1,1
BST2,DNAJC30,1,1
BST2,EMILIN1,1,1
BST2,EPHB3,1,1
BST2,ERLIN2,1,1
BST2,EYA2,1,1
BST2,FAM212B,1,1
BST2,FOLH1,1,1
BST2,FUNDC1,1,1
BST2,GPC1,1,1
BST2,GRIK2,1,1
BST2,GRIK4,1,1
BST2,GUCY1B3,1,1
BST2,HS3ST3B1,1,1
BST2,IFI16,1,1
BST2,IGFBP2,1,1
BST2,IL13RA2,1,1
BST2,ILK,1,1
BST2,ITGA10,1,1
BST2,ITPRIPL2,1,1
BST2,JARID2,1,1
BST2,JUNB,1,1
BST2,KCNC3,1,1
BST2,LAMA2,1,1
BST2,LAMA4,1,1
BST2,LRP2,1,1
BST2,MAFB,1,1
BST2,MAMDC2,1,1
BST2,MEOX2,1,1
BST2,MICALL2,1,1
BST2,MRPS6,1,1
BST2,NAP1L5,1,1
BST2,NKX2-5,1,1
BST2,NPHP1,1,1
BST2,NR0B1,1,1
BST2,NTN1,1,1
BST2,OPHN1,1,1
BST2,P3H1,1,1
BST2,P3H2,1,1
BST2,P3H4,1,1
BST2,PATZ1,1,1
BST2,PCDHA10,1,1
BST2,PCDHA11,1,1
BST2,PCDHB11,1,1
BST2,PCDHB17P,1,1
BST2,PCDHB6,1,1
BST2,PCDHB7,1,1
BST2,PCDHGA7,1,1
BST2,PDDC1,1,1
BST2,PITPNC1,1,1
BST2,PLBD1,1,1
BST2,PMS2CL,1,1
BST2,POU3F3,1,1
BST2,PPIC,1,1
BST2,PPP2R2B,1,1
BST2,RANBP17,1,1
BST2,RAPGEF5,1,1
BST2,RP11-111F5.5,1,1
BST2,S100A13,1,1
BST2,SCARA5,1,1
BST2,SEL1L3,1,1
BST2,SERPINA3,1,1
BST2,SERPINE2,1,1
BST2,SMIM3,1,1
BST2,SOD3,1,1
BST2,STAT3,1,1
BST2,TCN1,1,1
BST2,TENM1,1,1
BST2,TGFB3,1,1
BST2,TIMP1,1,1
BST2,TNFAIP6,1,1
BST2,TRIM9,1,1
BST2,TRPM8,1,1
BST2,WNK4,1,1
BST2,WWTR1,1,1
BST2,ZNF536,1,1
P3H1,ABCA8,1,1
P3H1,ACTN2,1,1
P3H1,ADCY1,1,1
P3H1,ADGRB1,1,1
P3H1,AFAP1L2,1,1
P3H1,AKAP6,1,1
P3H1,ALG13,1,1
P3H1,ANKRD19P,1,1
P3H1,ARHGAP20,1,1
P3H1,ARHGAP25,1,1
P3H1,ARHGAP6,1,1
P3H1,ART3,1,1
P3H1,ASB4,1,1
P3H1,ATP1B1,1,1
P3H1,ATP9A,1,1
P3H1,B3GNT7,1,1
P3H1,BFSP1,1,1
P3H1,BMP6,1,1
P3H1,CC2D1A,1,1
P3H1,CDH12,1,1
P3H1,CHPF,1,1
P3H1,CHURC1-FNTB,1,1
P3H1,CMB9-22P13.1,1,1
P3H1,COL11A2,1,1
P3H1,COL9A2,1,1
P3H1,COPB2,1,1
P3H1,CRISPLD1,1,1
P3H1,CSGALNACT1,1,1
P3H1,CT45A10,1,1
P3H1,CT45A5,1,1
P3H1,DNAJB12,1,1
P3H1,DOK1,1,1
P3H1,EMILIN1,1,1
P3H1,ENAH,1,1
P3H1,EPHA3,1,1
P3H1,ERLIN2,1,1
P3H1,EYA2,1,1
P3H1,FABP7,1,1
P3H1,FAM188B,1,1
P3H1,FAM198B,1,1
P3H1,FAM212B,1,1
P3H1,FBF1,1,1
P3H1,FGF13,1,1
P3H1,FKBP11,1,1
P3H1,FKBP9P1,1,1
P3H1,FOLH1,1,1
P3H1,GLUD2,1,1
P3H1,GPC1,1,1
P3H1,GPC4,1,1
P3H1,GRIK2,1,1
P3H1,GRIK4,1,1
P3H1,HMCES,1,1
P3H1,HS3ST3B1,1,1
P3H1,ID4,1,1
P3H1,IFI16,1,1
P3H1,IGFBP2,1,1
P3H1,IL13RA2,1,1
P3H1,IL1RAP,1,1
P3H1,ITGA10,1,1
P3H1,ITPRIPL2,1,1
P3H1,KCNC3,1,1
P3H1,KIFAP3,1,1
P3H1,LAMA2,1,1
P3H1,LAMA4,1,1
P3H1,LAMC3,1,1
P3H1,LRP2,1,1
P3H1,MAFB,1,1
P3H1,MAMDC2,1,1
P3H1,MATK,1,1
P3H1,MEOX2,1,1
P3H1,MICALL2,1,1
P3H1,MRAP2,1,1
P3H1,NKX2-5,1,1
P3H1,NPAS1,1,1
P3H1,NTN1,1,1
P3H1,OFD1,1,1
P3H1,P3H2,1,1
P3H1,PATZ1,1,1
P3H1,PCDHA10,1,1
P3H1,PCDHB11,1,1
P3H1,PCDHB17P,1,1
P3H1,PCDHB6,1,1
P3H1,PCDHB7,1,1
P3H1,PCOLCE2,1,1
P3H1,PDDC1,1,1
P3H1,PIEZO2,1,1
P3H1,PITPNC1,1,1
P3H1,PLBD1,1,1
P3H1,PMS2CL,1,1
P3H1,PODXL2,1,1
P3H1,POU3F3,1,1
P3H1,PPIC,1,1
P3H1,PPP1R13B,1,1
P3H1,PPP2R2B,1,1
P3H1,PRDX6,1,1
P3H1,PTGFRN,1,1
P3H1,RAB23,1,1
P3H1,RAPGEF5,1,1
P3H1,RNF216,1,1
P3H1,ROR1,1,1
P3H1,RP11-111F5.5,1,1
P3H1,RPN1,1,1
P3H1,S100A13,1,1
P3H1,SCARA5,1,1
P3H1,SERPINA3,1,1
P3H1,SERPINE2,1,1
P3H1,SEZ6L2,1,1
P3H1,SLC19A3,1,1
P3H1,SLC26A4,1,1
P3H1,SMAP2,1,1
P3H1,SPARC,1,1
P3H1,SPATS1,1,1
P3H1,SPRY4,1,1
P3H1,STAT3,1,1
P3H1,STK32B,1,1
P3H1,TBC1D10B,1,1
P3H1,TGFB3,1,1
P3H1,TIGD1,1,1
P3H1,TIMP1,1,1
P3H1,TMEM67,1,1
P3H1,TNFAIP6,1,1
P3H1,TOR3A,1,1
P3H1,TRIM9,1,1
P3H1,TRPM3,1,1
P3H1,TRPM8,1,1
P3H1,TVP23B,1,1
P3H1,WNK4,1,1
P3H1,WWTR1,1,1
P3H1,XPR1,1,1
AARS2,ADAMTS9,1,1
AARS2,ADCY1,1,1
AARS2,ANKRD19P,1,1
AARS2,ANKRD26,1,1
AARS2,B9D1,1,1
AARS2,CHST6,1,1
AARS2,CMB9-22P13.1,1,1
AARS2,CMTM8,1,1
AARS2,COLGALT1,1,1
AARS2,COPB2,1,1
AARS2,CST1,1,1
AARS2,EIF3I,1,1
AARS2,EXOC1,1,1
AARS2,FABP7,1,1
AARS2,FCGR2A,1,1
AARS2,FKBP11,1,1
AARS2,GAD1,1,1
AARS2,GPC4,1,1
AARS2,HEY2,1,1
AARS2,HMCES,1,1
AARS2,HOXA13,1,1
AARS2,KDSR,1,1
AARS2,KREMEN2,1,1
AARS2,LAMC3,1,1
AARS2,MRPS24,1,1
AARS2,PDGFRL,1,1
AARS2,PGRMC1,1,1
AARS2,PI15,1,1
AARS2,PIEZO2,1,1
AARS2,PODXL2,1,1
AARS2,PPP1R13B,1,1
AARS2,PRDX6,1,1
AARS2,PYCR2,1,1
AARS2,RAB23,1,1
AARS2,RCN2,1,1
AARS2,RNF216,1,1
AARS2,SLC26A2,1,1
AARS2,SLC35G1,1,1
AARS2,SLC44A1,1,1
AARS2,SMAP2,1,1
AARS2,SPARC,1,1
AARS2,TBC1D8,1,1
AARS2,TRPM3,1,1
AARS2,ZNF280A,1,1
PTPN9,ACBD5,1,1
PTPN9,BOD1L1,1,1
CCDC61,ABCF2,1,1
CCDC61,GNB4,1,1
CCDC61,GTF2F1,1,1
CCDC61,KLF16,1,1
CCDC61,METTL16,1,1
CCDC61,PRKAR1B,1,1
CCDC61,TBXAS1,1,1
CCDC61,TMEM2,1,1
CCDC61,YWHAG,1,1
NT5DC2,ADCY1,1,1
NT5DC2,BCL7A,1,1
NT5DC2,C8ORF58,1,1
NT5DC2,CLCC1,1,1
NT5DC2,CMB9-22P13.1,1,1
NT5DC2,COPG1,1,1
NT5DC2,CRISPLD1,1,1
NT5DC2,ETV1,1,1
NT5DC2,FCGR2A,1,1
NT5DC2,FKBP11,1,1
NT5DC2,FKBP9,1,1
NT5DC2,GLCCI1,1,1
NT5DC2,HMCN1,1,1
NT5DC2,ID4,1,1
NT5DC2,KLF6,1,1
NT5DC2,KRBA1,1,1
NT5DC2,MAML2,1,1
NT5DC2,MAN1B1,1,1
NT5DC2,METTL14,1,1
NT5DC2,MRPL57,1,1
NT5DC2,NFKBIE,1,1
NT5DC2,NOMO1,1,1
NT5DC2,NSF,1,1
NT5DC2,PGBD1,1,1
NT5DC2,PGRMC1,1,1
NT5DC2,RAD17,1,1
NT5DC2,ROR1,1,1
NT5DC2,SAMD9L,1,1
NT5DC2,SDSL,1,1
NT5DC2,SHROOM1,1,1
NT5DC2,SLC19A3,1,1
NT5DC2,SLC22A5,1,1
NT5DC2,SLC26A2,1,1
NT5DC2,SLC35G1,1,1
NT5DC2,SMAP2,1,1
NT5DC2,SOX5,1,1
NT5DC2,SPHK2,1,1
NT5DC2,THOC2,1,1
NT5DC2,TMEM5,1,1
NT5DC2,TMEM62,1,1
NT5DC2,TXNL1,1,1
NT5DC2,ZNF736,1,1
ERLIN2,ABCA8,1,1
ERLIN2,ACTN2,1,1
ERLIN2,ADGRB1,1,1
ERLIN2,AFAP1L2,1,1
ERLIN2,AKAP6,1,1
ERLIN2,ALG13,1,1
ERLIN2,ARHGAP25,1,1
ERLIN2,ARHGAP6,1,1
ERLIN2,ART3,1,1
ERLIN2,ASB4,1,1
ERLIN2,ATP11C,1,1
ERLIN2,ATP9A,1,1
ERLIN2,B3GNT7,1,1
ERLIN2,C1QTNF3,1,1
ERLIN2,CC2D1A,1,1
ERLIN2,CHPF,1,1
ERLIN2,CHURC1-FNTB,1,1
ERLIN2,COL11A2,1,1
ERLIN2,COL9A2,1,1
ERLIN2,COLGALT2,1,1
ERLIN2,CSGALNACT1,1,1
ERLIN2,CT45A10,1,1
ERLIN2,CT45A5,1,1
ERLIN2,DDX43,1,1
ERLIN2,DMRT2,1,1
ERLIN2,DOK1,1,1
ERLIN2,ENAH,1,1
ERLIN2,EPHA3,1,1
ERLIN2,EPHB3,1,1
ERLIN2,EYA2,1,1
ERLIN2,FAM188B,1,1
ERLIN2,FAM198B,1,1
ERLIN2,FAM212B,1,1
ERLIN2,FKBP9P1,1,1
ERLIN2,GLUD2,1,1
ERLIN2,GNS,1,1
ERLIN2,GPC1,1,1
ERLIN2,GPC4,1,1
ERLIN2,GRIK2,1,1
ERLIN2,GRIK4,1,1
ERLIN2,IARS2,1,1
ERLIN2,ID4,1,1
ERLIN2,IGFBP2,1,1
ERLIN2,IL13RA2,1,1
ERLIN2,IL1RAP,1,1
ERLIN2,ITPRIPL2,1,1
ERLIN2,JKAMP,1,1
ERLIN2,KCNC3,1,1
ERLIN2,LAMA4,1,1
ERLIN2,LAMC3,1,1
ERLIN2,MAFB,1,1
ERLIN2,MATK,1,1
ERLIN2,MEOX2,1,1
ERLIN2,MICALL2,1,1
ERLIN2,MRAP2,1,1
ERLIN2,NDRG1,1,1
ERLIN2,NFIA,1,1
ERLIN2,NKX2-5,1,1
ERLIN2,NPAS1,1,1
ERLIN2,NPHP1,1,1
ERLIN2,NR0B1,1,1
ERLIN2,NTN1,1,1
ERLIN2,P3H2,1,1
ERLIN2,PATZ1,1,1
ERLIN2,PCDHA10,1,1
ERLIN2,PCDHA11,1,1
ERLIN2,PCDHB17P,1,1
ERLIN2,PCDHB6,1,1
ERLIN2,PCDHB7,1,1
ERLIN2,PCDHGA7,1,1
ERLIN2,PDDC1,1,1
ERLIN2,PIEZO2,1,1
ERLIN2,PLBD1,1,1
ERLIN2,PMS2CL,1,1
ERLIN2,POU3F3,1,1
ERLIN2,PPIC,1,1
ERLIN2,PRDX6,1,1
ERLIN2,PRRX1,1,1
ERLIN2,PTGFRN,1,1
ERLIN2,RAB7B,1,1
ERLIN2,RBMS1,1,1
ERLIN2,RP11-958N24.2,1,1
ERLIN2,RPN1,1,1
ERLIN2,S100A13,1,1
ERLIN2,SCARA5,1,1
ERLIN2,SERPINE2,1,1
ERLIN2,SLC19A3,1,1
ERLIN2,SLC26A4,1,1
ERLIN2,SLC5A3,1,1
ERLIN2,SOX8,1,1
ERLIN2,SPATS1,1,1
ERLIN2,SPRY4,1,1
ERLIN2,ST8SIA5,1,1
ERLIN2,STAT3,1,1
ERLIN2,STK32B,1,1
ERLIN2,SYTL5,1,1
ERLIN2,TBC1D10B,1,1
ERLIN2,TCN1,1,1
ERLIN2,TENM1,1,1
ERLIN2,TGFB3,1,1
ERLIN2,TIMP1,1,1
ERLIN2,TMEM67,1,1
ERLIN2,TNFAIP6,1,1
ERLIN2,TOR3A,1,1
ERLIN2,TRIM9,1,1
ERLIN2,TRPM8,1,1
ERLIN2,WNK4,1,1
ERLIN2,WWTR1,1,1
ERLIN2,XIAP,1,1
ERLIN2,XPR1,1,1
ERLIN2,XYLT1,1,1
ERLIN2,ZBTB45P2,1,1
IRAK4,BRE,1,1
IRAK4,CNBP,1,1
IRAK4,DBR1,1,1
IRAK4,RRP15,1,1
IRAK4,STK16,1,1
PODXL2,ADCY1,1,1
PODXL2,ANKRD19P,1,1
PODXL2,ARHGAP20,1,1
PODXL2,B9D1,1,1
PODXL2,BFSP1,1,1
PODXL2,CC2D1A,1,1
PODXL2,CHPF,1,1
PODXL2,CHST6,1,1
PODXL2,CMB9-22P13.1,1,1
PODXL2,COLGALT1,1,1
PODXL2,COPB2,1,1
PODXL2,COQ3,1,1
PODXL2,CRISPLD1,1,1
PODXL2,EIF3I,1,1
PODXL2,ETFB,1,1
PODXL2,FABP7,1,1
PODXL2,FAM198B,1,1
PODXL2,FBF1,1,1
PODXL2,FKBP11,1,1
PODXL2,FOLH1,1,1
PODXL2,FYB,1,1
PODXL2,GAD1,1,1
PODXL2,GPC4,1,1
PODXL2,HEY2,1,1
PODXL2,HMCES,1,1
PODXL2,HOXA13,1,1
PODXL2,ID4,1,1
PODXL2,IFI16,1,1
PODXL2,JSRP1,1,1
PODXL2,KREMEN2,1,1
PODXL2,LAMC3,1,1
PODXL2,LAPTM4B,1,1
PODXL2,LRP2,1,1
PODXL2,NTN1,1,1
PODXL2,PDDC1,1,1
PODXL2,PI15,1,1
PODXL2,PIEZO2,1,1
PODXL2,PITPNC1,1,1
PODXL2,PPIC,1,1
PODXL2,PPP1R13B,1,1
PODXL2,PRDX6,1,1
PODXL2,PTGFRN,1,1
PODXL2,RAB23,1,1
PODXL2,RNF216,1,1
PODXL2,SDSL,1,1
PODXL2,SEZ6L2,1,1
PODXL2,SLC26A2,1,1
PODXL2,SLC26A4,1,1
PODXL2,SLC35G1,1,1
PODXL2,SMAP2,1,1
PODXL2,SPARC,1,1
PODXL2,SPATS1,1,1
PODXL2,TARS2,1,1
PODXL2,TBC1D8,1,1
PODXL2,TRPM3,1,1
PODXL2,TRPM8,1,1
PODXL2,WNK4,1,1
SLC9A7,ANKH,1,1
SLC9A7,BATF3,1,1
SLC9A7,CHPF2,1,1
SLC9A7,CRIP2,1,1
SLC9A7,FGFRL1,1,1
SLC9A7,GLI2,1,1
SLC9A7,ICAM5,1,1
SLC9A7,KIAA1671,1,1
SLC9A7,MICALL2,1,1
SLC9A7,OCIAD1,1,1
SLC9A7,PRKAR1B,1,1
SLC9A7,RPS6KA3,1,1
SLC9A7,SERINC3,1,1
SLC9A7,SERPINH1,1,1
SLC9A7,SLC25A16,1,1
SLC9A7,SLC35G2,1,1
SLC9A7,SLC43A2,1,1
SLC9A7,SRPX2,1,1
SLC9A7,TYW1B,1,1
SLC9A7,UBA1,1,1
PCDHA11,ABCA8,1,1
PCDHA11,ADGRB1,1,1
PCDHA11,AFAP1L2,1,1
PCDHA11,AKAP6,1,1
PCDHA11,ALG13,1,1
PCDHA11,ANGPTL1,1,1
PCDHA11,ARCN1,1,1
PCDHA11,ARHGAP6,1,1
PCDHA11,ART3,1,1
PCDHA11,ASB4,1,1
PCDHA11,ATP11C,1,1
PCDHA11,ATP1B1,1,1
PCDHA11,ATP9A,1,1
PCDHA11,ATXN1,1,1
PCDHA11,C1QTNF3,1,1
PCDHA11,CHURC1-FNTB,1,1
PCDHA11,COL9A2,1,1
PCDHA11,COLGALT2,1,1
PCDHA11,CSGALNACT1,1,1
PCDHA11,CT45A10,1,1
PCDHA11,CT45A5,1,1
PCDHA11,CYB561,1,1
PCDHA11,DDX43,1,1
PCDHA11,DMRT2,1,1
PCDHA11,DOK1,1,1
PCDHA11,EIF4H,1,1
PCDHA11,EMILIN1,1,1
PCDHA11,ENAH,1,1
PCDHA11,EPHA3,1,1
PCDHA11,EPHB3,1,1
PCDHA11,EYA2,1,1
PCDHA11,FAM212B,1,1
PCDHA11,FOXF1,1,1
PCDHA11,FREM2,1,1
PCDHA11,GLI2,1,1
PCDHA11,GLUD2,1,1
PCDHA11,GPC1,1,1
PCDHA11,GRIK4,1,1
PCDHA11,IGFBP2,1,1
PCDHA11,IL13RA2,1,1
PCDHA11,ITPRIPL2,1,1
PCDHA11,JARID2,1,1
PCDHA11,JKAMP,1,1
PCDHA11,KCNC3,1,1
PCDHA11,KIAA0040,1,1
PCDHA11,KIAA1328,1,1
PCDHA11,KIAA1671,1,1
PCDHA11,LAMA4,1,1
PCDHA11,MAFB,1,1
PCDHA11,MATK,1,1
PCDHA11,MEOX2,1,1
PCDHA11,MICALL2,1,1
PCDHA11,MMP16,1,1
PCDHA11,MRPS6,1,1
PCDHA11,NDRG1,1,1
PCDHA11,NKX2-5,1,1
PCDHA11,NPAS1,1,1
PCDHA11,NR0B1,1,1
PCDHA11,P3H2,1,1
PCDHA11,PATZ1,1,1
PCDHA11,PCDHA10,1,1
PCDHA11,PCDHB11,1,1
PCDHA11,PCDHB17P,1,1
PCDHA11,PCDHB6,1,1
PCDHA11,PCDHB7,1,1
PCDHA11,PCDHGA7,1,1
PCDHA11,PDDC1,1,1
PCDHA11,PLBD1,1,1
PCDHA11,POU3F3,1,1
PCDHA11,PRRX1,1,1
PCDHA11,RAB7B,1,1
PCDHA11,RBMS1,1,1
PCDHA11,RCC1L,1,1
PCDHA11,RNF128,1,1
PCDHA11,RPN1,1,1
PCDHA11,S100A13,1,1
PCDHA11,SCARA5,1,1
PCDHA11,SERPINE2,1,1
PCDHA11,SLC43A2,1,1
PCDHA11,SLC5A3,1,1
PCDHA11,SNED1,1,1
PCDHA11,SOX8,1,1
PCDHA11,SPRY4,1,1
PCDHA11,ST8SIA5,1,1
PCDHA11,STK32B,1,1
PCDHA11,SYTL5,1,1
PCDHA11,TBXAS1,1,1
PCDHA11,TCN1,1,1
PCDHA11,TENM1,1,1
PCDHA11,TGFB3,1,1
PCDHA11,TIMP1,1,1
PCDHA11,TMEM2,1,1
PCDHA11,TNFAIP6,1,1
PCDHA11,TOR1AIP2,1,1
PCDHA11,TOR3A,1,1
PCDHA11,TRIM9,1,1
PCDHA11,WWTR1,1,1
PCDHA11,XIAP,1,1
PCDHA11,XPR1,1,1
PCDHA11,XYLT1,1,1
PCDHA11,ZBTB45P2,1,1
PCDHA11,ZNF860,1,1
RUBCN,CHL1,1,1
RUBCN,DOCK10,1,1
RUBCN,GATA4,1,1
RUBCN,H1FX,1,1
RUBCN,MBD2,1,1
RUBCN,MEGF10,1,1
RUBCN,METTL14,1,1
RUBCN,RC3H2,1,1
RUBCN,RHOC,1,1
RUBCN,SECISBP2,1,1
RUBCN,SLC22A5,1,1
RUBCN,SMAD4,1,1
RUBCN,STX2,1,1
RUBCN,TIPRL,1,1
RUBCN,UPF2,1,1
RUBCN,ZFP28,1,1
RUBCN,ZNF71,1,1
BCL3,CEBPD,1,1
BCL3,PEX5L,1,1
BCL3,SLC29A4,1,1
BCL3,WBSCR27,1,1
PCDHB7,ABCA8,1,1
PCDHB7,ADAP1,1,1
PCDHB7,ADGRB1,1,1
PCDHB7,AFAP1L2,1,1
PCDHB7,AKAP6,1,1
PCDHB7,ANKH,1,1
PCDHB7,ARCN1,1,1
PCDHB7,ARHGAP20,1,1
PCDHB7,ARHGAP6,1,1
PCDHB7,ASB4,1,1
PCDHB7,ATP1B1,1,1
PCDHB7,ATP9A,1,1
PCDHB7,B3GNT7,1,1
PCDHB7,BATF3,1,1
PCDHB7,BMP6,1,1
PCDHB7,C1QTNF3,1,1
PCDHB7,CADM4,1,1
PCDHB7,CC2D1A,1,1
PCDHB7,CCDC113,1,1
PCDHB7,CDH12,1,1
PCDHB7,CGREF1,1,1
PCDHB7,CHURC1-FNTB,1,1
PCDHB7,COL9A2,1,1
PCDHB7,COLGALT2,1,1
PCDHB7,CT45A10,1,1
PCDHB7,CT45A5,1,1
PCDHB7,DDX43,1,1
PCDHB7,DNAJB6,1,1
PCDHB7,DNAJC30,1,1
PCDHB7,DOK1,1,1
PCDHB7,EIF1AXP1,1,1
PCDHB7,EIF4H,1,1
PCDHB7,EMILIN1,1,1
PCDHB7,ENAH,1,1
PCDHB7,EPHB3,1,1
PCDHB7,EYA2,1,1
PCDHB7,FAM212B,1,1
PCDHB7,FOLH1,1,1
PCDHB7,FOXF1,1,1
PCDHB7,FREM2,1,1
PCDHB7,GLI2,1,1
PCDHB7,GPC1,1,1
PCDHB7,GRIK4,1,1
PCDHB7,GUCY1B3,1,1
PCDHB7,HS3ST3B1,1,1
PCDHB7,IGFBP2,1,1
PCDHB7,IL13RA2,1,1
PCDHB7,ITPRIPL2,1,1
PCDHB7,JARID2,1,1
PCDHB7,KCNC3,1,1
PCDHB7,LAMA2,1,1
PCDHB7,MAFB,1,1
PCDHB7,MAMDC2,1,1
PCDHB7,MATK,1,1
PCDHB7,MEOX2,1,1
PCDHB7,MICALL2,1,1
PCDHB7,MMP16,1,1
PCDHB7,MRPS6,1,1
PCDHB7,NDRG1,1,1
PCDHB7,NKX2-5,1,1
PCDHB7,NPHP1,1,1
PCDHB7,NR0B1,1,1
PCDHB7,NTN1,1,1
PCDHB7,P3H2,1,1
PCDHB7,P3H4,1,1
PCDHB7,PATZ1,1,1
PCDHB7,PCDHA10,1,1
PCDHB7,PCDHB11,1,1
PCDHB7,PCDHB17P,1,1
PCDHB7,PCDHB6,1,1
PCDHB7,PCDHGA7,1,1
PCDHB7,PDDC1,1,1
PCDHB7,PITPNC1,1,1
PCDHB7,PLBD1,1,1
PCDHB7,POU3F3,1,1
PCDHB7,PPIC,1,1
PCDHB7,PPP2R2B,1,1
PCDHB7,PRKAR1B,1,1
PCDHB7,PRRX1,1,1
PCDHB7,RANBP17,1,1
PCDHB7,RBMS1,1,1
PCDHB7,RGS16,1,1
PCDHB7,RP11-111F5.5,1,1
PCDHB7,RPS6KA3,1,1
PCDHB7,SCARA5,1,1
PCDHB7,SEL1L3,1,1
PCDHB7,SERPINA3,1,1
PCDHB7,SERPINE2,1,1
PCDHB7,SLC43A2,1,1
PCDHB7,SMIM3,1,1
PCDHB7,SPATS1,1,1
PCDHB7,SRPX2,1,1
PCDHB7,STK32B,1,1
PCDHB7,SYTL5,1,1
PCDHB7,TBC1D10B,1,1
PCDHB7,TBXAS1,1,1
PCDHB7,TCN1,1,1
PCDHB7,TENM1,1,1
PCDHB7,TGFB3,1,1
PCDHB7,TIGD1,1,1
PCDHB7,TNFAIP6,1,1
PCDHB7,TRIM9,1,1
PCDHB7,TRPM8,1,1
PCDHB7,TSPAN13,1,1
PCDHB7,TYW1B,1,1
PCDHB7,UBA1,1,1
PCDHB7,WNK4,1,1
PCDHB7,WWTR1,1,1
PCDHB7,ZBTB45P2,1,1
PCDHB7,BP-21264C1.1,1,1
SERTAD4,ABCF2,1,1
SERTAD4,ANGPTL1,1,1
SERTAD4,ART3,1,1
SERTAD4,C1QTNF3,1,1
SERTAD4,CT45A5,1,1
SERTAD4,DMRT2,1,1
SERTAD4,FOXF1,1,1
SERTAD4,GTF2F1,1,1
SERTAD4,JKAMP,1,1
SERTAD4,NDRG1,1,1
SERTAD4,PRRX1,1,1
SERTAD4,RNF128,1,1
SERTAD4,SLC43A2,1,1
SERTAD4,ST8SIA5,1,1
SERTAD4,SYTL5,1,1
SERTAD4,TBXAS1,1,1
SERTAD4,TMEM2,1,1
SERTAD4,TRAF4,1,1
SERTAD4,ZNF860,1,1
ENAH,ABCA8,1,1
ENAH,ADGRB1,1,1
ENAH,AFAP1L2,1,1
ENAH,AKAP6,1,1
ENAH,ALG13,1,1
ENAH,ANGPTL1,1,1
ENAH,ARCN1,1,1
ENAH,ARHGAP25,1,1
ENAH,ARHGAP6,1,1
ENAH,ART3,1,1
ENAH,ATP11C,1,1
ENAH,ATP1B1,1,1
ENAH,ATP9A,1,1
ENAH,C1QTNF3,1,1
ENAH,CC2D1A,1,1
ENAH,CDH12,1,1
ENAH,CHURC1-FNTB,1,1
ENAH,COL9A2,1,1
ENAH,COLGALT2,1,1
ENAH,COPB2,1,1
ENAH,CSGALNACT1,1,1
ENAH,CT45A10,1,1
ENAH,CT45A5,1,1
ENAH,DMRT2,1,1
ENAH,DOK1,1,1
ENAH,EIF1AX,1,1
ENAH,EIF4H,1,1
ENAH,EPHA3,1,1
ENAH,EPHB3,1,1
ENAH,EYA2,1,1
ENAH,FAM188B,1,1
ENAH,FAM198B,1,1
ENAH,FAM212B,1,1
ENAH,FKBP9P1,1,1
ENAH,FREM2,1,1
ENAH,GLUD2,1,1
ENAH,GPC1,1,1
ENAH,GPC4,1,1
ENAH,GRIK4,1,1
ENAH,IARS2,1,1
ENAH,IGFBP2,1,1
ENAH,IL13RA2,1,1
ENAH,IL1RAP,1,1
ENAH,ITPRIPL2,1,1
ENAH,JARID2,1,1
ENAH,JKAMP,1,1
ENAH,KCNC3,1,1
ENAH,KIAA0040,1,1
ENAH,KIAA1328,1,1
ENAH,LAMA4,1,1
ENAH,LRRC75A,1,1
ENAH,MAFB,1,1
ENAH,MATK,1,1
ENAH,MEOX2,1,1
ENAH,MICALL2,1,1
ENAH,MMP16,1,1
ENAH,MRAP2,1,1
ENAH,NDRG1,1,1
ENAH,NKX2-5,1,1
ENAH,NPAS1,1,1
ENAH,NR0B1,1,1
ENAH,OFD1,1,1
ENAH,P3H2,1,1
ENAH,PATZ1,1,1
ENAH,PCDHA10,1,1
ENAH,PCDHB17P,1,1
ENAH,PCDHB6,1,1
ENAH,PCDHGA7,1,1
ENAH,PCOLCE2,1,1
ENAH,PDDC1,1,1
ENAH,PIEZO2,1,1
ENAH,PLBD1,1,1
ENAH,PMS2CL,1,1
ENAH,POU3F3,1,1
ENAH,PRDX6,1,1
ENAH,PRPSAP2,1,1
ENAH,PRRX1,1,1
ENAH,PTGFRN,1,1
ENAH,RAB7B,1,1
ENAH,RAPGEF5,1,1
ENAH,RBMS1,1,1
ENAH,RCC1L,1,1
ENAH,RNF128,1,1
ENAH,RPN1,1,1
ENAH,SCARA5,1,1
ENAH,SERPINE2,1,1
ENAH,SLC26A4,1,1
ENAH,SLC5A3,1,1
ENAH,SNED1,1,1
ENAH,SPRY4,1,1
ENAH,ST8SIA5,1,1
ENAH,STK32B,1,1
ENAH,SYTL5,1,1
ENAH,TBC1D10B,1,1
ENAH,TBXAS1,1,1
ENAH,TCN1,1,1
ENAH,TENM1,1,1
ENAH,TGFB3,1,1
ENAH,TIGD1,1,1
ENAH,TIMP1,1,1
ENAH,TMEM67,1,1
ENAH,TNFAIP6,1,1
ENAH,TOR1AIP2,1,1
ENAH,TOR3A,1,1
ENAH,TRIM9,1,1
ENAH,TRPM8,1,1
ENAH,TSPAN13,1,1
ENAH,WWTR1,1,1
ENAH,XIAP,1,1
ENAH,XPR1,1,1
ENAH,ZNF654,1,1
MAP2,ATP11C,1,1
MAP2,ATP9A,1,1
MAP2,C1ORF115,1,1
MAP2,CADM4,1,1
MAP2,CALCOCO2,1,1
MAP2,CCM2,1,1
MAP2,CYB561,1,1
MAP2,DDX43,1,1
MAP2,DNAJC30,1,1
MAP2,ELMO1,1,1
MAP2,FUNDC1,1,1
MAP2,GLUD1,1,1
MAP2,GPR37,1,1
MAP2,GUCY1B3,1,1
MAP2,IFI16,1,1
MAP2,INSR,1,1
MAP2,KIFAP3,1,1
MAP2,LGMN,1,1
MAP2,MAFB,1,1
MAP2,MBTPS1,1,1
MAP2,MORN2,1,1
MAP2,NAP1L5,1,1
MAP2,NFIA,1,1
MAP2,NKD1,1,1
MAP2,NPHP1,1,1
MAP2,PPIC,1,1
MAP2,PTCHD4,1,1
MAP2,PTPRZ1,1,1
MAP2,STAT3,1,1
MAP2,TIMM10B,1,1
MAP2,USP9X,1,1
MAP2,ZNF536,1,1
CTU2,C17ORF89,1,1
CTU2,CCNE1,1,1
CTU2,COTL1,1,1
CTU2,COX10,1,1
CTU2,DLX1,1,1
CTU2,EFNA5,1,1
CTU2,EIF5A,1,1
CTU2,FAM72D,1,1
CTU2,HAUS7,1,1
CTU2,RCL1,1,1
CTU2,SDHD,1,1
PTPRZ1,ATP11C,1,1
PTPRZ1,ATP9A,1,1
PTPRZ1,ATXN1,1,1
PTPRZ1,CADM4,1,1
PTPRZ1,CALCOCO2,1,1
PTPRZ1,CYB561,1,1
PTPRZ1,DDX43,1,1
PTPRZ1,GLUD1,1,1
PTPRZ1,GLUD2,1,1
PTPRZ1,GPR37,1,1
PTPRZ1,GSDMD,1,1
PTPRZ1,ITPRIPL2,1,1
PTPRZ1,LAMA4,1,1
PTPRZ1,NFIA,1,1
PTPRZ1,NPHP1,1,1
PTPRZ1,NR0B1,1,1
PTPRZ1,PCDH7,1,1
PTPRZ1,PCDHGA7,1,1
PTPRZ1,RNF157,1,1
PTPRZ1,RP11-958N24.2,1,1
PTPRZ1,S100A13,1,1
PTPRZ1,SOX8,1,1
PTPRZ1,TBL2,1,1
PTPRZ1,UTRN,1,1
PTPRZ1,XYLT1,1,1
PTPRZ1,ZBTB45P2,1,1
PTPRZ1,ZNF536,1,1
PTPRZ1,ZNF860,1,1
DNAAF5,ABCF2,1,1
DNAAF5,ATG101,1,1
DNAAF5,C17ORF96,1,1
DNAAF5,CEP170B,1,1
DNAAF5,COTL1,1,1
DNAAF5,DDX56,1,1
DNAAF5,DUS3L,1,1
DNAAF5,EDEM1,1,1
DNAAF5,EIF1AX,1,1
DNAAF5,ERCC1,1,1
DNAAF5,FREM2,1,1
DNAAF5,ITGA4,1,1
DNAAF5,JRK,1,1
DNAAF5,KIAA1328,1,1
DNAAF5,MAGEA2,1,1
DNAAF5,MMADHC,1,1
DNAAF5,MMP16,1,1
DNAAF5,NMD3,1,1
DNAAF5,NOC2LP1,1,1
DNAAF5,PHC2,1,1
DNAAF5,POLRMT,1,1
DNAAF5,RBMS1,1,1
DNAAF5,RNF128,1,1
DNAAF5,RPN1,1,1
DNAAF5,SEC61A1,1,1
DNAAF5,STON2,1,1
DNAAF5,TOR1AIP2,1,1
DNAAF5,TPI1,1,1
DNAAF5,TSPAN13,1,1
DNAAF5,ZNF654,1,1
BOD1L1,ACBD5,1,1
BOD1L1,APC,1,1
RGS16,ABCA8,1,1
RGS16,ADAP1,1,1
RGS16,ADGRB1,1,1
RGS16,AFAP1L2,1,1
RGS16,ALG11,1,1
RGS16,ASB4,1,1
RGS16,B3GNT7,1,1
RGS16,BATF3,1,1
RGS16,BMP6,1,1
RGS16,CCDC113,1,1
RGS16,COL9A2,1,1
RGS16,CT45A10,1,1
RGS16,CT45A5,1,1
RGS16,DNAJB6,1,1
RGS16,DNAJC30,1,1
RGS16,DUSP23,1,1
RGS16,EMILIN1,1,1
RGS16,EYA2,1,1
RGS16,FOLH1,1,1
RGS16,FOXF1,1,1
RGS16,FREM2,1,1
RGS16,GLI2,1,1
RGS16,KCNG4,1,1
RGS16,LAMA2,1,1
RGS16,MAMDC2,1,1
RGS16,MEOX2,1,1
RGS16,MICALL2,1,1
RGS16,NDRG1,1,1
RGS16,NKX2-5,1,1
RGS16,NTN1,1,1
RGS16,P3H4,1,1
RGS16,PATZ1,1,1
RGS16,PCDHB11,1,1
RGS16,PCDHB6,1,1
RGS16,PITPNC1,1,1
RGS16,PLBD1,1,1
RGS16,POU3F3,1,1
RGS16,SLC25A16,1,1
RGS16,TIGD1,1,1
RGS16,TSPAN13,1,1
RGS16,TYW1B,1,1
RGS16,UBA1,1,1
RGS16,WNK4,1,1
RGS16,BP-21264C1.1,1,1
RCC1L,ADGRB1,1,1
RCC1L,AFAP1L2,1,1
RCC1L,AKAP6,1,1
RCC1L,ALG13,1,1
RCC1L,ARHGAP6,1,1
RCC1L,ATP11C,1,1
RCC1L,ATP9A,1,1
RCC1L,C1QTNF3,1,1
RCC1L,CHURC1-FNTB,1,1
RCC1L,COL11A2,1,1
RCC1L,CSGALNACT1,1,1
RCC1L,CT45A10,1,1
RCC1L,CT45A5,1,1
RCC1L,DDX43,1,1
RCC1L,EMILIN1,1,1
RCC1L,EPHB3,1,1
RCC1L,EYA2,1,1
RCC1L,FAM212B,1,1
RCC1L,GLUD2,1,1
RCC1L,GPR37,1,1
RCC1L,GRIK4,1,1
RCC1L,GUCY1B3,1,1
RCC1L,IL13RA2,1,1
RCC1L,ILK,1,1
RCC1L,ITPRIPL2,1,1
RCC1L,JARID2,1,1
RCC1L,KCNC3,1,1
RCC1L,LAMA4,1,1
RCC1L,LRRC75A,1,1
RCC1L,MAFB,1,1
RCC1L,MEOX2,1,1
RCC1L,MRPS6,1,1
RCC1L,NKX2-5,1,1
RCC1L,NR0B1,1,1
RCC1L,P3H2,1,1
RCC1L,PCDHA10,1,1
RCC1L,PCDHB17P,1,1
RCC1L,PCDHB6,1,1
RCC1L,PCDHGA7,1,1
RCC1L,PCED1A,1,1
RCC1L,PDDC1,1,1
RCC1L,PLBD1,1,1
RCC1L,POU3F3,1,1
RCC1L,RP11-958N24.2,1,1
RCC1L,S100A13,1,1
RCC1L,SCARA5,1,1
RCC1L,SERPINE2,1,1
RCC1L,SMIM3,1,1
RCC1L,STK32B,1,1
RCC1L,TCN1,1,1
RCC1L,TDRD9,1,1
RCC1L,TNFAIP6,1,1
RCC1L,TOR3A,1,1
RCC1L,TRIM9,1,1
RCC1L,ZBTB45P2,1,1
C4ORF32,ADAM17,1,1
C4ORF32,C16ORF72,1,1
C4ORF32,COTL1,1,1
C4ORF32,DARS,1,1
C4ORF32,HS6ST2,1,1
C4ORF32,KAT8,1,1
C4ORF32,LANCL3,1,1
C4ORF32,LIMS1,1,1
C4ORF32,NFIC,1,1
C4ORF32,OCIAD1,1,1
C4ORF32,PELI1,1,1
C4ORF32,PURB,1,1
C4ORF32,RND3,1,1
C4ORF32,UBA5,1,1
C4ORF32,VCAN,1,1
C4ORF32,WDR11,1,1
C4ORF32,ZFAND2B,1,1
C4ORF32,ZFX,1,1
LANCL3,ADORA2B,1,1
LANCL3,ANKH,1,1
LANCL3,BATF3,1,1
LANCL3,C16ORF72,1,1
LANCL3,CPNE3,1,1
LANCL3,FGFRL1,1,1
LANCL3,HOXC8,1,1
LANCL3,HS6ST2,1,1
LANCL3,KDM6A,1,1
LANCL3,KIAA1671,1,1
LANCL3,LIMS1,1,1
LANCL3,NFIC,1,1
LANCL3,OCIAD1,1,1
LANCL3,PRKAR1B,1,1
LANCL3,RND3,1,1
LANCL3,SERPINH1,1,1
LANCL3,SLC43A2,1,1
LANCL3,TYW1B,1,1
LANCL3,VCAN,1,1
LANCL3,YBX3,1,1
LANCL3,YWHAG,1,1
JKAMP,ADGRB1,1,1
JKAMP,AFAP1L2,1,1
JKAMP,ALG13,1,1
JKAMP,ANGPTL1,1,1
JKAMP,ARHGAP6,1,1
JKAMP,ART3,1,1
JKAMP,C1QTNF3,1,1
JKAMP,COLGALT2,1,1
JKAMP,CSGALNACT1,1,1
JKAMP,CT45A5,1,1
JKAMP,DMRT2,1,1
JKAMP,DOK1,1,1
JKAMP,EGR3,1,1
JKAMP,EPHA3,1,1
JKAMP,EPHB3,1,1
JKAMP,FAM212B,1,1
JKAMP,FOXF1,1,1
JKAMP,FZD1,1,1
JKAMP,GLUD2,1,1
JKAMP,IL13RA2,1,1
JKAMP,IL1RAP,1,1
JKAMP,ITPRIPL2,1,1
JKAMP,KCNC3,1,1
JKAMP,KCNC4,1,1
JKAMP,KIAA0040,1,1
JKAMP,LAMA4,1,1
JKAMP,MMP16,1,1
JKAMP,NDRG1,1,1
JKAMP,NKX2-5,1,1
JKAMP,NPAS1,1,1
JKAMP,NR0B1,1,1
JKAMP,P3H2,1,1
JKAMP,PCDHA10,1,1
JKAMP,PCDHB17P,1,1
JKAMP,PCDHGA7,1,1
JKAMP,PRRX1,1,1
JKAMP,RAB7B,1,1
JKAMP,RBMS1,1,1
JKAMP,RC3H1,1,1
JKAMP,RNF128,1,1
JKAMP,RNF157,1,1
JKAMP,RPN1,1,1
JKAMP,SERPINE2,1,1
JKAMP,SLC5A3,1,1
JKAMP,SNED1,1,1
JKAMP,SOX8,1,1
JKAMP,SPRY4,1,1
JKAMP,ST8SIA5,1,1
JKAMP,STK32B,1,1
JKAMP,SYTL5,1,1
JKAMP,TBXAS1,1,1
JKAMP,TCN1,1,1
JKAMP,TIMP1,1,1
JKAMP,TNFAIP6,1,1
JKAMP,TOR1AIP2,1,1
JKAMP,TOR3A,1,1
JKAMP,TRAF4,1,1
JKAMP,TRIM51,1,1
JKAMP,TRIM9,1,1
JKAMP,XIAP,1,1
JKAMP,XPR1,1,1
JKAMP,XYLT1,1,1
JKAMP,ZNF654,1,1
JKAMP,ZNF860,1,1
EPRS,C17ORF89,1,1
EPRS,C17ORF96,1,1
EPRS,COTL1,1,1
EPRS,COX10,1,1
EPRS,CTDSP1,1,1
EPRS,EFNA5,1,1
EPRS,F12,1,1
EPRS,FREM2,1,1
EPRS,FRMD6,1,1
EPRS,GATB,1,1
EPRS,ITGA4,1,1
EPRS,JRK,1,1
EPRS,LRFN1,1,1
EPRS,MAGEA2,1,1
EPRS,MAPK11,1,1
EPRS,MMADHC,1,1
EPRS,MORF4L2,1,1
EPRS,NMD3,1,1
EPRS,OFD1,1,1
EPRS,PALLD,1,1
EPRS,PDHX,1,1
EPRS,POLRMT,1,1
EPRS,PSMD10,1,1
EPRS,PTK7,1,1
EPRS,RPS6KA3,1,1
EPRS,SDHD,1,1
EPRS,SERINC3,1,1
EPRS,STYX,1,1
EPRS,TIGD1,1,1
EPRS,TPI1,1,1
EPRS,TSPAN13,1,1
EPRS,UBA1,1,1
EPRS,WT1,1,1
EPRS,ZNF335,1,1
PGBD1,ADCY1,1,1
PGBD1,BCL7A,1,1
PGBD1,C8ORF58,1,1
PGBD1,CNPY2,1,1
PGBD1,DDX59,1,1
PGBD1,ETV1,1,1
PGBD1,FKBP11,1,1
PGBD1,GLCCI1,1,1
PGBD1,HMCN1,1,1
PGBD1,KLF6,1,1
PGBD1,MAN1B1,1,1
PGBD1,METTL14,1,1
PGBD1,MRPL57,1,1
PGBD1,NOMO1,1,1
PGBD1,PGRMC1,1,1
PGBD1,PWWP2A,1,1
PGBD1,RAD17,1,1
PGBD1,ROR1,1,1
PGBD1,SHROOM1,1,1
PGBD1,SLC19A3,1,1
PGBD1,SMAP2,1,1
PGBD1,STX2,1,1
PGBD1,TMEM62,1,1
PGBD1,UPF2,1,1
PGBD1,ZNF71,1,1
MAPK14,MICU1,1,1
MAPK14,SECISBP2,1,1
MAPK14,SMAD4,1,1
KLF6,ADCY1,1,1
KLF6,C17ORF58,1,1
KLF6,C8ORF58,1,1
KLF6,CCSAP,1,1
KLF6,CMB9-22P13.1,1,1
KLF6,COPG1,1,1
KLF6,DDX59,1,1
KLF6,ETV1,1,1
KLF6,FCGR2A,1,1
KLF6,FKBP11,1,1
KLF6,FKBP9,1,1
KLF6,GLCCI1,1,1
KLF6,HMCN1,1,1
KLF6,ITGA9,1,1
KLF6,KRBA1,1,1
KLF6,MAN1B1,1,1
KLF6,METTL14,1,1
KLF6,MRPL57,1,1
KLF6,NAPG,1,1
KLF6,NOMO1,1,1
KLF6,PDGFRL,1,1
KLF6,PGRMC1,1,1
KLF6,PPIA,1,1
KLF6,PWWP2A,1,1
KLF6,RAD17,1,1
KLF6,SDSL,1,1
KLF6,SHROOM1,1,1
KLF6,SLC26A2,1,1
KLF6,SLC35G1,1,1
KLF6,SLC44A1,1,1
KLF6,SMAP2,1,1
KLF6,STX2,1,1
KLF6,TMEM5,1,1
KLF6,TMEM62,1,1
KLF6,UPF2,1,1
KLF6,ZNF71,1,1
HEY2,ADCY1,1,1
HEY2,ANKRD19P,1,1
HEY2,ARHGAP20,1,1
HEY2,B9D1,1,1
HEY2,BFSP1,1,1
HEY2,C8ORF48,1,1
HEY2,CHST6,1,1
HEY2,CMB9-22P13.1,1,1
HEY2,COPB2,1,1
HEY2,CRISPLD1,1,1
HEY2,CST1,1,1
HEY2,ETFB,1,1
HEY2,FABP7,1,1
HEY2,FCGR2A,1,1
HEY2,FKBP11,1,1
HEY2,FYB,1,1
HEY2,GAD1,1,1
HEY2,GPC4,1,1
HEY2,HMCES,1,1
HEY2,HMCN1,1,1
HEY2,HOXA13,1,1
HEY2,ITGA9,1,1
HEY2,KREMEN2,1,1
HEY2,LAMC3,1,1
HEY2,LRP2,1,1
HEY2,PDGFRL,1,1
HEY2,PI15,1,1
HEY2,PIEZO2,1,1
HEY2,PPP1R13B,1,1
HEY2,RAB23,1,1
HEY2,SDSL,1,1
HEY2,SEZ6L2,1,1
HEY2,SLC26A2,1,1
HEY2,SLC35G1,1,1
HEY2,SPARC,1,1
HEY2,TBC1D8,1,1
HEY2,TRPM3,1,1
HEY2,TRPM8,1,1
SPRY4,ACTN2,1,1
SPRY4,ADGRB1,1,1
SPRY4,AFAP1L2,1,1
SPRY4,ALG13,1,1
SPRY4,ANGPTL1,1,1
SPRY4,ARHGAP25,1,1
SPRY4,ARHGAP6,1,1
SPRY4,ART3,1,1
SPRY4,ATP11C,1,1
SPRY4,ATP9A,1,1
SPRY4,C1QTNF3,1,1
SPRY4,CEP170B,1,1
SPRY4,COLGALT2,1,1
SPRY4,CSGALNACT1,1,1
SPRY4,DMRT2,1,1
SPRY4,DOK1,1,1
SPRY4,DPY19L1,1,1
SPRY4,EPHA3,1,1
SPRY4,EPHB3,1,1
SPRY4,FAM188B,1,1
SPRY4,FAM198B,1,1
SPRY4,FAM212B,1,1
SPRY4,FGF13,1,1
SPRY4,FKBP9P1,1,1
SPRY4,GLUD2,1,1
SPRY4,GPC4,1,1
SPRY4,GRIK4,1,1
SPRY4,IL13RA2,1,1
SPRY4,IL1RAP,1,1
SPRY4,ITPRIPL2,1,1
SPRY4,KCNC3,1,1
SPRY4,KCNC4,1,1
SPRY4,KIAA0040,1,1
SPRY4,LAMA4,1,1
SPRY4,MAFB,1,1
SPRY4,MATK,1,1
SPRY4,MMP16,1,1
SPRY4,MRAP2,1,1
SPRY4,NPAS1,1,1
SPRY4,NR0B1,1,1
SPRY4,NSF,1,1
SPRY4,P3H2,1,1
SPRY4,PCDHA10,1,1
SPRY4,PCDHB17P,1,1
SPRY4,PCDHGA7,1,1
SPRY4,PCOLCE2,1,1
SPRY4,PDDC1,1,1
SPRY4,PMS2CL,1,1
SPRY4,PRDX6,1,1
SPRY4,PRPSAP2,1,1
SPRY4,PRRX1,1,1
SPRY4,PTGFRN,1,1
SPRY4,RAB7B,1,1
SPRY4,RBMS1,1,1
SPRY4,RC3H1,1,1
SPRY4,RNF128,1,1
SPRY4,ROR1,1,1
SPRY4,RPN1,1,1
SPRY4,SCARA5,1,1
SPRY4,SCG2,1,1
SPRY4,SERPINE2,1,1
SPRY4,SLC19A3,1,1
SPRY4,SLC26A4,1,1
SPRY4,SLC5A3,1,1
SPRY4,SNED1,1,1
SPRY4,SOX5,1,1
SPRY4,SOX8,1,1
SPRY4,ST8SIA5,1,1
SPRY4,STK32B,1,1
SPRY4,STON2,1,1
SPRY4,SYTL5,1,1
SPRY4,TBXAS1,1,1
SPRY4,TCN1,1,1
SPRY4,TGFB3,1,1
SPRY4,TIMP1,1,1
SPRY4,TMEM67,1,1
SPRY4,TNFAIP6,1,1
SPRY4,TOR1AIP2,1,1
SPRY4,TOR3A,1,1
SPRY4,TRAF4,1,1
SPRY4,TRIM51,1,1
SPRY4,TRIM9,1,1
SPRY4,TVP23B,1,1
SPRY4,WWTR1,1,1
SPRY4,XIAP,1,1
SPRY4,XPR1,1,1
SPRY4,XYLT1,1,1
SPRY4,ZNF654,1,1
HMCES,ADCY1,1,1
HMCES,ANKRD19P,1,1
HMCES,B9D1,1,1
HMCES,BFSP1,1,1
HMCES,CC2D1A,1,1
HMCES,CHST6,1,1
HMCES,CMB9-22P13.1,1,1
HMCES,CMTM8,1,1
HMCES,COLGALT1,1,1
HMCES,COPB2,1,1
HMCES,CRISPLD1,1,1
HMCES,CST1,1,1
HMCES,EIF3I,1,1
HMCES,FABP7,1,1
HMCES,FAM198B,1,1
HMCES,FCGR2A,1,1
HMCES,FGF13,1,1
HMCES,FKBP11,1,1
HMCES,FYB,1,1
HMCES,GAD1,1,1
HMCES,GPC4,1,1
HMCES,HMCN1,1,1
HMCES,HOXA13,1,1
HMCES,ID4,1,1
HMCES,JSRP1,1,1
HMCES,KREMEN2,1,1
HMCES,LAMC3,1,1
HMCES,LRP2,1,1
HMCES,PDGFRL,1,1
HMCES,PGRMC1,1,1
HMCES,PI15,1,1
HMCES,PIEZO2,1,1
HMCES,PPP1R13B,1,1
HMCES,PRDX6,1,1
HMCES,PTGFRN,1,1
HMCES,RAB23,1,1
HMCES,RCN2,1,1
HMCES,RNF216,1,1
HMCES,SDSL,1,1
HMCES,SEZ6L2,1,1
HMCES,SLC26A2,1,1
HMCES,SLC26A4,1,1
HMCES,SLC35G1,1,1
HMCES,SMAP2,1,1
HMCES,SPARC,1,1
HMCES,SPATS1,1,1
HMCES,TBC1D8,1,1
HMCES,TRPM3,1,1
HMCES,TRPM8,1,1
MAGEA2,ABHD14A,1,1
MAGEA2,ATG101,1,1
MAGEA2,ATP13A1,1,1
MAGEA2,C17ORF89,1,1
MAGEA2,C17ORF96,1,1
MAGEA2,CNBP,1,1
MAGEA2,COTL1,1,1
MAGEA2,DLX1,1,1
MAGEA2,EIF1AX,1,1
MAGEA2,EIF5A,1,1
MAGEA2,FRMD6,1,1
MAGEA2,GATB,1,1
MAGEA2,HSP90B1,1,1
MAGEA2,JRK,1,1
MAGEA2,LIMS1,1,1
MAGEA2,LRFN1,1,1
MAGEA2,MMADHC,1,1
MAGEA2,NMD3,1,1
MAGEA2,PHF14,1,1
MAGEA2,POLRMT,1,1
MAGEA2,PURB,1,1
MAGEA2,RCL1,1,1
MAGEA2,STYX,1,1
MAGEA2,TPI1,1,1
MAGEA2,WT1,1,1
MAGEA2,ZNF335,1,1
FYB,ANKRD19P,1,1
FYB,ARHGAP20,1,1
FYB,B9D1,1,1
FYB,BFSP1,1,1
FYB,C8ORF48,1,1
FYB,CHST6,1,1
FYB,CMB9-22P13.1,1,1
FYB,COPB2,1,1
FYB,CRISPLD1,1,1
FYB,FABP7,1,1
FYB,FCGR2A,1,1
FYB,FKBP11,1,1
FYB,GAD1,1,1
FYB,GPC4,1,1
FYB,HMCN1,1,1
FYB,HOXA13,1,1
FYB,ITGA9,1,1
FYB,LRP2,1,1
FYB,OPHN1,1,1
FYB,PDGFRL,1,1
FYB,PI15,1,1
FYB,PIEZO2,1,1
FYB,PPP1R13B,1,1
FYB,RAB23,1,1
FYB,SDSL,1,1
FYB,SEZ6L2,1,1
FYB,SPARC,1,1
FYB,TBC1D8,1,1
FYB,TRPM3,1,1
FYB,TRPM8,1,1
RHOC,CEP85L,1,1
RHOC,CLCC1,1,1
RHOC,CNKSR3,1,1
RHOC,COL19A1,1,1
RHOC,COX18,1,1
RHOC,DPY19L1,1,1
RHOC,EPDR1,1,1
RHOC,H1FX,1,1
RHOC,ICAM1,1,1
RHOC,LIN28B,1,1
RHOC,MAN1A2,1,1
RHOC,MEGF10,1,1
RHOC,METTL14,1,1
RHOC,MRPL57,1,1
RHOC,PLAT,1,1
RHOC,RGPD6,1,1
RHOC,SCG2,1,1
RHOC,SSFA2,1,1
RHOC,TMEM5,1,1
RHOC,UXS1,1,1
NFKBIE,ACTN2,1,1
NFKBIE,BCL7A,1,1
NFKBIE,C1ORF27,1,1
NFKBIE,CLCC1,1,1
NFKBIE,FAM175A,1,1
NFKBIE,FAM188B,1,1
NFKBIE,GLCCI1,1,1
NFKBIE,ID4,1,1
NFKBIE,MAML2,1,1
NFKBIE,MPZL1,1,1
NFKBIE,NSF,1,1
NFKBIE,RAD17,1,1
NFKBIE,ROR1,1,1
NFKBIE,SMAP2,1,1
NFKBIE,SOX5,1,1
NFKBIE,TMEM62,1,1
NFKBIE,TOR3A,1,1
NFKBIE,ZBTB33,1,1
FAM98A,NOC2LP1,1,1
FAM98A,PELP1,1,1
ATP1B1,ABCA8,1,1
ATP1B1,ADGRB1,1,1
ATP1B1,AFAP1L2,1,1
ATP1B1,AKAP6,1,1
ATP1B1,ARHGAP6,1,1
ATP1B1,ASB4,1,1
ATP1B1,B3GNT7,1,1
ATP1B1,BATF3,1,1
ATP1B1,BMP6,1,1
ATP1B1,C17ORF89,1,1
ATP1B1,C17ORF96,1,1
ATP1B1,C1QTNF3,1,1
ATP1B1,CC2D1A,1,1
ATP1B1,CDH12,1,1
ATP1B1,CHURC1-FNTB,1,1
ATP1B1,COL9A2,1,1
ATP1B1,COLGALT2,1,1
ATP1B1,CT45A10,1,1
ATP1B1,CT45A5,1,1
ATP1B1,CTDSP1,1,1
ATP1B1,DOK1,1,1
ATP1B1,EIF1AX,1,1
ATP1B1,EIF1AXP1,1,1
ATP1B1,EIF4H,1,1
ATP1B1,EMILIN1,1,1
ATP1B1,EPHA3,1,1
ATP1B1,EYA2,1,1
ATP1B1,FAM212B,1,1
ATP1B1,FOLH1,1,1
ATP1B1,FOXF1,1,1
ATP1B1,FREM2,1,1
ATP1B1,GPC4,1,1
ATP1B1,GRIK4,1,1
ATP1B1,HS3ST3B1,1,1
ATP1B1,IGFBP2,1,1
ATP1B1,IL13RA2,1,1
ATP1B1,ILK,1,1
ATP1B1,JARID2,1,1
ATP1B1,KCNC3,1,1
ATP1B1,L3HYPDH,1,1
ATP1B1,LAMA2,1,1
ATP1B1,MAFB,1,1
ATP1B1,MAMDC2,1,1
ATP1B1,MATK,1,1
ATP1B1,MEOX2,1,1
ATP1B1,MICALL2,1,1
ATP1B1,MMP16,1,1
ATP1B1,MRPS6,1,1
ATP1B1,NDRG1,1,1
ATP1B1,NKX2-5,1,1
ATP1B1,NTN1,1,1
ATP1B1,OFD1,1,1
ATP1B1,P3H2,1,1
ATP1B1,P3H4,1,1
ATP1B1,PATZ1,1,1
ATP1B1,PCDHA10,1,1
ATP1B1,PCDHB11,1,1
ATP1B1,PCDHB17P,1,1
ATP1B1,PCDHB6,1,1
ATP1B1,PDDC1,1,1
ATP1B1,PITPNC1,1,1
ATP1B1,PLBD1,1,1
ATP1B1,POLRMT,1,1
ATP1B1,POU3F3,1,1
ATP1B1,PPP2R2B,1,1
ATP1B1,PRDX6,1,1
ATP1B1,PTK7,1,1
ATP1B1,RAPGEF5,1,1
ATP1B1,RBMS1,1,1
ATP1B1,RPN1,1,1
ATP1B1,RPS6KA3,1,1
ATP1B1,SCARA5,1,1
ATP1B1,SEL1L3,1,1
ATP1B1,SERPINE2,1,1
ATP1B1,SLC43A2,1,1
ATP1B1,SPATS1,1,1
ATP1B1,STK32B,1,1
ATP1B1,TBC1D10B,1,1
ATP1B1,TCN1,1,1
ATP1B1,TENM1,1,1
ATP1B1,TGFB3,1,1
ATP1B1,TIGD1,1,1
ATP1B1,TOR1AIP2,1,1
ATP1B1,TPI1,1,1
ATP1B1,TRIM9,1,1
ATP1B1,TRPM8,1,1
ATP1B1,TSPAN13,1,1
ATP1B1,TYW1B,1,1
ATP1B1,WNK4,1,1
ATP1B1,WT1,1,1
ATP1B1,WWTR1,1,1
ATP1B1,BP-21264C1.1,1,1
TMEM67,ALG13,1,1
TMEM67,ARHGAP25,1,1
TMEM67,C16ORF52,1,1
TMEM67,CC2D1A,1,1
TMEM67,COPB2,1,1
TMEM67,CSGALNACT1,1,1
TMEM67,DNAJB12,1,1
TMEM67,DOK1,1,1
TMEM67,DPY19L1,1,1
TMEM67,EPHA3,1,1
TMEM67,ERLEC1,1,1
TMEM67,FAM188B,1,1
TMEM67,FAM198B,1,1
TMEM67,FGF13,1,1
TMEM67,FKBP9P1,1,1
TMEM67,GPC4,1,1
TMEM67,ICAM1,1,1
TMEM67,IL1RAP,1,1
TMEM67,ITPRIPL2,1,1
TMEM67,LAMA4,1,1
TMEM67,MAMDC2,1,1
TMEM67,MRAP2,1,1
TMEM67,NPAS1,1,1
TMEM67,OFD1,1,1
TMEM67,P3H2,1,1
TMEM67,PCOLCE2,1,1
TMEM67,PDDC1,1,1
TMEM67,PIEZO2,1,1
TMEM67,PMS2CL,1,1
TMEM67,PRDX6,1,1
TMEM67,PTGFRN,1,1
TMEM67,RABL6,1,1
TMEM67,RAPGEF5,1,1
TMEM67,RNF216,1,1
TMEM67,ROR1,1,1
TMEM67,RPN1,1,1
TMEM67,SCG2,1,1
TMEM67,SERPINE2,1,1
TMEM67,SLC19A3,1,1
TMEM67,SLC26A4,1,1
TMEM67,SPARC,1,1
TMEM67,STK32B,1,1
TMEM67,STON2,1,1
TMEM67,TBC1D10B,1,1
TMEM67,TGFB3,1,1
TMEM67,TIMP1,1,1
TMEM67,TNFAIP6,1,1
TMEM67,TOR1AIP2,1,1
TMEM67,TRIM9,1,1
TMEM67,TRPM8,1,1
TMEM67,TVP23B,1,1
TMEM67,WWTR1,1,1
TMEM67,XIAP,1,1
TMEM67,XPR1,1,1
SYTL5,ADGRB1,1,1
SYTL5,AFAP1L2,1,1
SYTL5,AKAP6,1,1
SYTL5,ALG13,1,1
SYTL5,ANGPTL1,1,1
SYTL5,ARHGAP6,1,1
SYTL5,ART3,1,1
SYTL5,ATP11C,1,1
SYTL5,ATP9A,1,1
SYTL5,ATXN1,1,1
SYTL5,C1QTNF3,1,1
SYTL5,CHURC1-FNTB,1,1
SYTL5,COL9A2,1,1
SYTL5,COLGALT2,1,1
SYTL5,CSGALNACT1,1,1
SYTL5,CT45A10,1,1
SYTL5,CT45A5,1,1
SYTL5,CYB561,1,1
SYTL5,DMRT2,1,1
SYTL5,DOK1,1,1
SYTL5,EIF1AX,1,1
SYTL5,EIF4H,1,1
SYTL5,EPHA3,1,1
SYTL5,EPHB3,1,1
SYTL5,FAM212B,1,1
SYTL5,FOXF1,1,1
SYTL5,FREM2,1,1
SYTL5,GLI2,1,1
SYTL5,GLUD2,1,1
SYTL5,GPC1,1,1
SYTL5,GRIK4,1,1
SYTL5,IL13RA2,1,1
SYTL5,ITPRIPL2,1,1
SYTL5,JARID2,1,1
SYTL5,KCNC3,1,1
SYTL5,KIAA0040,1,1
SYTL5,KIAA1328,1,1
SYTL5,KIAA1671,1,1
SYTL5,LAMA4,1,1
SYTL5,MEOX2,1,1
SYTL5,MICALL2,1,1
SYTL5,MMP16,1,1
SYTL5,MRPS6,1,1
SYTL5,NDRG1,1,1
SYTL5,NKX2-5,1,1
SYTL5,NR0B1,1,1
SYTL5,P3H2,1,1
SYTL5,PCDHA10,1,1
SYTL5,PCDHB17P,1,1
SYTL5,PCDHGA7,1,1
SYTL5,POU3F3,1,1
SYTL5,PRRX1,1,1
SYTL5,RAB7B,1,1
SYTL5,RBMS1,1,1
SYTL5,RNF128,1,1
SYTL5,RPN1,1,1
SYTL5,S100A13,1,1
SYTL5,SCARA5,1,1
SYTL5,SERPINE2,1,1
SYTL5,SLC43A2,1,1
SYTL5,SLC5A3,1,1
SYTL5,SNED1,1,1
SYTL5,SOX8,1,1
SYTL5,ST8SIA5,1,1
SYTL5,STK32B,1,1
SYTL5,TBXAS1,1,1
SYTL5,TCN1,1,1
SYTL5,TENM1,1,1
SYTL5,TGFB3,1,1
SYTL5,TIMP1,1,1
SYTL5,TMEM2,1,1
SYTL5,TNFAIP6,1,1
SYTL5,TOR1AIP2,1,1
SYTL5,TRIM9,1,1
SYTL5,XIAP,1,1
SYTL5,XYLT1,1,1
SYTL5,ZBTB45P2,1,1
SYTL5,ZNF860,1,1
HAUS7,CDK5RAP1,1,1
HAUS7,EIF5A,1,1
HAUS7,FAM72D,1,1
MED9,ATP1B2,1,1
MED9,C8ORF48,1,1
MED9,CEBPD,1,1
MED9,PHLDA1,1,1
MED9,PYROXD2,1,1
MED9,REEP6,1,1
TMEM87B,ACVR1,1,1
TMEM87B,B3GNT2,1,1
TMEM87B,DPY19L1,1,1
TMEM87B,EDEM1,1,1
TMEM87B,HES1,1,1
TMEM87B,KCNC4,1,1
TMEM87B,LIN28B,1,1
TMEM87B,MAN1A2,1,1
TMEM87B,MFSD1,1,1
TMEM87B,SH2B3,1,1
TMEM87B,SLC7A2,1,1
TMEM87B,SWAP70,1,1
TMEM87B,TRIM51,1,1
C1ORF115,ADAP1,1,1
C1ORF115,ARHGAP20,1,1
C1ORF115,ASB4,1,1
C1ORF115,B3GNT7,1,1
C1ORF115,BAALC,1,1
C1ORF115,BMP6,1,1
C1ORF115,C12ORF60,1,1
C1ORF115,CACNA1H,1,1
C1ORF115,CADM4,1,1
C1ORF115,CCM2,1,1
C1ORF115,CT45A10,1,1
C1ORF115,DEPDC7,1,1
C1ORF115,DNAJC30,1,1
C1ORF115,EGFL7,1,1
C1ORF115,EMILIN1,1,1
C1ORF115,EYA2,1,1
C1ORF115,FBF1,1,1
C1ORF115,FOLH1,1,1
C1ORF115,GAGE12J,1,1
C1ORF115,GAGE2E,1,1
C1ORF115,GPR37,1,1
C1ORF115,GUCY1B3,1,1
C1ORF115,IFI16,1,1
C1ORF115,ITGA10,1,1
C1ORF115,JSRP1,1,1
C1ORF115,KCNG4,1,1
C1ORF115,KIFAP3,1,1
C1ORF115,LAMA2,1,1
C1ORF115,MEOX2,1,1
C1ORF115,MORN2,1,1
C1ORF115,NAP1L5,1,1
C1ORF115,NPHP1,1,1
C1ORF115,NTN1,1,1
C1ORF115,PATZ1,1,1
C1ORF115,PCDHB6,1,1
C1ORF115,PITPNC1,1,1
C1ORF115,PLBD1,1,1
C1ORF115,POU3F3,1,1
C1ORF115,PPIC,1,1
C1ORF115,SMIM3,1,1
C1ORF115,SOD3,1,1
C1ORF115,SPATS1,1,1
C1ORF115,STAT3,1,1
C1ORF115,WNK4,1,1
KDR,ADGRB1,1,1
KDR,ART3,1,1
KDR,CT45A5,1,1
KDR,DOK1,1,1
KDR,EPHA3,1,1
KDR,GLUD2,1,1
KDR,KCNC3,1,1
KDR,MATK,1,1
KDR,MEOX2,1,1
KDR,NDRG1,1,1
KDR,NKX2-5,1,1
KDR,NR0B1,1,1
KDR,POU3F3,1,1
KDR,RP11-958N24.2,1,1
KDR,STK32B,1,1
KDR,TBL2,1,1
KDR,TNFAIP6,1,1
KDR,TOR3A,1,1
KDR,ZNF860,1,1
SHROOM1,ADCY1,1,1
SHROOM1,ARHGAP25,1,1
SHROOM1,BCL7A,1,1
SHROOM1,C8ORF58,1,1
SHROOM1,CCSAP,1,1
SHROOM1,CLCC1,1,1
SHROOM1,CMB9-22P13.1,1,1
SHROOM1,CNPY2,1,1
SHROOM1,COLGALT1,1,1
SHROOM1,COPG1,1,1
SHROOM1,CRISPLD1,1,1
SHROOM1,DNAJB12,1,1
SHROOM1,ETV1,1,1
SHROOM1,FAM198B,1,1
SHROOM1,FCGR2A,1,1
SHROOM1,FGF13,1,1
SHROOM1,FKBP11,1,1
SHROOM1,FKBP9,1,1
SHROOM1,FKBP9P1,1,1
SHROOM1,GLCCI1,1,1
SHROOM1,HMCN1,1,1
SHROOM1,ICAM1,1,1
SHROOM1,ID4,1,1
SHROOM1,KRBA1,1,1
SHROOM1,MAML2,1,1
SHROOM1,MAN1B1,1,1
SHROOM1,METTL14,1,1
SHROOM1,MRPL57,1,1
SHROOM1,NAPG,1,1
SHROOM1,NOMO1,1,1
SHROOM1,NSF,1,1
SHROOM1,PCOLCE2,1,1
SHROOM1,PDGFRL,1,1
SHROOM1,PGRMC1,1,1
SHROOM1,PIEZO2,1,1
SHROOM1,PPIA,1,1
SHROOM1,RAD17,1,1
SHROOM1,ROR1,1,1
SHROOM1,SAMD9L,1,1
SHROOM1,SDSL,1,1
SHROOM1,SLC19A3,1,1
SHROOM1,SLC26A2,1,1
SHROOM1,SLC35G1,1,1
SHROOM1,SLC44A1,1,1
SHROOM1,SMAP2,1,1
SHROOM1,SOX5,1,1
SHROOM1,TMEM5,1,1
SHROOM1,TMEM62,1,1
SHROOM1,TVP23B,1,1
SHROOM1,ZBTB33,1,1
COQ3,ARHGAP20,1,1
COQ3,BAALC,1,1
COQ3,BFSP1,1,1
COQ3,BMP6,1,1
COQ3,CGREF1,1,1
COQ3,FAM134B,1,1
COQ3,FOLH1,1,1
COQ3,LAMC3,1,1
COQ3,LAPTM4B,1,1
COQ3,LRP2,1,1
COQ3,MAMDC2,1,1
COQ3,PITPNC1,1,1
COQ3,RAB23,1,1
COQ3,SERPINA3,1,1
COQ3,SOD3,1,1
COQ3,SPARC,1,1
COQ3,SPATS1,1,1
COQ3,TACO1,1,1
COQ3,TARS2,1,1
COQ3,TRPM8,1,1
PELP1,DDX56,1,1
PELP1,DUS3L,1,1
PELP1,NOC2LP1,1,1
PELP1,PHB,1,1
PELP1,RUFY1,1,1
FZD1,ANGPTL1,1,1
FZD1,ART3,1,1
FZD1,CSGALNACT1,1,1
FZD1,EGR3,1,1
FZD1,GLUD2,1,1
FZD1,KCNC4,1,1
FZD1,KIAA0040,1,1
FZD1,MPZL1,1,1
FZD1,NAT8L,1,1
FZD1,RNF157,1,1
FZD1,SOX8,1,1
FZD1,ST8SIA5,1,1
FZD1,TNFAIP6,1,1
FZD1,TOR3A,1,1
FZD1,TRAF4,1,1
FZD1,TRIM51,1,1
FZD1,XIAP,1,1
FZD1,ZNF468,1,1
FZD1,ZNF860,1,1
RPAP3,PHF14,1,1
RPAP3,PSME3,1,1
RPAP3,STK16,1,1
ASB4,ABCA8,1,1
ASB4,ADAP1,1,1
ASB4,ADGRB1,1,1
ASB4,AFAP1L2,1,1
ASB4,AKAP6,1,1
ASB4,ALG13,1,1
ASB4,ARHGAP20,1,1
ASB4,ARHGAP6,1,1
ASB4,ART3,1,1
ASB4,ATP9A,1,1
ASB4,B3GNT7,1,1
ASB4,BFSP1,1,1
ASB4,BMP6,1,1
ASB4,C1QTNF3,1,1
ASB4,CACNA1H,1,1
ASB4,CADM4,1,1
ASB4,CC2D1A,1,1
ASB4,CCDC113,1,1
ASB4,CDH12,1,1
ASB4,CHPF,1,1
ASB4,CHURC1-FNTB,1,1
ASB4,COL9A2,1,1
ASB4,COLGALT2,1,1
ASB4,CT45A10,1,1
ASB4,CT45A5,1,1
ASB4,DDX43,1,1
ASB4,DNAJB6,1,1
ASB4,DNAJC30,1,1
ASB4,DOK1,1,1
ASB4,EIF4H,1,1
ASB4,EMILIN1,1,1
ASB4,EPHA3,1,1
ASB4,EYA2,1,1
ASB4,FAM212B,1,1
ASB4,FOLH1,1,1
ASB4,FOXF1,1,1
ASB4,FREM2,1,1
ASB4,GAGE12J,1,1
ASB4,GAGE2E,1,1
ASB4,GPC1,1,1
ASB4,GPC4,1,1
ASB4,GRIK4,1,1
ASB4,GUCY1B3,1,1
ASB4,HS3ST3B1,1,1
ASB4,IFI16,1,1
ASB4,IGFBP2,1,1
ASB4,IL13RA2,1,1
ASB4,ITGA10,1,1
ASB4,ITPRIPL2,1,1
ASB4,JARID2,1,1
ASB4,JSRP1,1,1
ASB4,KCNC3,1,1
ASB4,KCNG4,1,1
ASB4,LAMA2,1,1
ASB4,LAMA4,1,1
ASB4,LAMC3,1,1
ASB4,LRP2,1,1
ASB4,MAFB,1,1
ASB4,MAMDC2,1,1
ASB4,MATK,1,1
ASB4,MEOX2,1,1
ASB4,MICALL2,1,1
ASB4,MRPS6,1,1
ASB4,NDRG1,1,1
ASB4,NKX2-5,1,1
ASB4,NPAS1,1,1
ASB4,NPHP1,1,1
ASB4,NR0B1,1,1
ASB4,NTN1,1,1
ASB4,P3H2,1,1
ASB4,P3H4,1,1
ASB4,PATZ1,1,1
ASB4,PCDHA10,1,1
ASB4,PCDHB11,1,1
ASB4,PCDHB17P,1,1
ASB4,PCDHB6,1,1
ASB4,PCDHGA7,1,1
ASB4,PDDC1,1,1
ASB4,PITPNC1,1,1
ASB4,PLBD1,1,1
ASB4,PMS2CL,1,1
ASB4,POU3F3,1,1
ASB4,PPIC,1,1
ASB4,PPP2R2B,1,1
ASB4,PRDX6,1,1
ASB4,PTGFRN,1,1
ASB4,RP11-111F5.5,1,1
ASB4,S100A13,1,1
ASB4,SCARA5,1,1
ASB4,SEL1L3,1,1
ASB4,SERPINA3,1,1
ASB4,SERPINE2,1,1
ASB4,SEZ6L2,1,1
ASB4,SMIM3,1,1
ASB4,SOD3,1,1
ASB4,SPATS1,1,1
ASB4,STAT3,1,1
ASB4,STK32B,1,1
ASB4,TENM1,1,1
ASB4,TGFB3,1,1
ASB4,TIGD1,1,1
ASB4,TNFAIP6,1,1
ASB4,TRIM9,1,1
ASB4,TRPM8,1,1
ASB4,TSPAN13,1,1
ASB4,WNK4,1,1
ASB4,WWTR1,1,1
ASB4,ZBTB45P2,1,1
ASB4,ZNF536,1,1
ASB4,BP-21264C1.1,1,1
GDNF,BATF3,1,1
GDNF,DUSP23,1,1
GDNF,EHBP1,1,1
GDNF,SEC23A,1,1
GDNF,SRPX2,1,1
GDNF,ZBTB20,1,1
C19ORF43,BECN1,1,1
C19ORF43,C12ORF60,1,1
C19ORF43,CCM2,1,1
C19ORF43,FOXO1,1,1
C19ORF43,FUNDC1,1,1
C19ORF43,GINM1,1,1
C19ORF43,GLUD1,1,1
C19ORF43,GPR37,1,1
C19ORF43,HERC2P3,1,1
C19ORF43,IFT122,1,1
C19ORF43,KIFAP3,1,1
C19ORF43,LGMN,1,1
C19ORF43,LGR4,1,1
C19ORF43,MORN2,1,1
C19ORF43,PIGS,1,1
C19ORF43,TCTN1,1,1
C19ORF43,TMED10,1,1
TXNL1,B9D1,1,1
TXNL1,COPG1,1,1
TXNL1,HMCN1,1,1
TXNL1,MRPL57,1,1
TXNL1,PDZD4,1,1
TXNL1,RAD54L2,1,1
TXNL1,RELL2,1,1
TXNL1,SDSL,1,1
TXNL1,SLC35G1,1,1
FGFRL1,ADORA2B,1,1
FGFRL1,ANKH,1,1
FGFRL1,BATF3,1,1
FGFRL1,C16ORF72,1,1
FGFRL1,C17ORF96,1,1
FGFRL1,CHPF2,1,1
FGFRL1,COLGALT2,1,1
FGFRL1,CPNE3,1,1
FGFRL1,EBF3,1,1
FGFRL1,FOXF1,1,1
FGFRL1,GLI2,1,1
FGFRL1,GTF2F1,1,1
FGFRL1,HOXC8,1,1
FGFRL1,HS6ST2,1,1
FGFRL1,KDM6A,1,1
FGFRL1,KIAA1328,1,1
FGFRL1,KIAA1671,1,1
FGFRL1,KLF16,1,1
FGFRL1,L3HYPDH,1,1
FGFRL1,LIMS1,1,1
FGFRL1,LRIF1,1,1
FGFRL1,MMP16,1,1
FGFRL1,NFIC,1,1
FGFRL1,OCIAD1,1,1
FGFRL1,PACRGL,1,1
FGFRL1,PRKAR1B,1,1
FGFRL1,SERPINH1,1,1
FGFRL1,SLC35G2,1,1
FGFRL1,SLC43A2,1,1
FGFRL1,TBXAS1,1,1
FGFRL1,TMEM2,1,1
FGFRL1,TYW1B,1,1
FGFRL1,UBA1,1,1
FGFRL1,VCAN,1,1
FGFRL1,WT1,1,1
FGFRL1,YWHAG,1,1
MATK,ABCA8,1,1
MATK,ACTN2,1,1
MATK,ADGRB1,1,1
MATK,AFAP1L2,1,1
MATK,AKAP6,1,1
MATK,ALG13,1,1
MATK,ARHGAP25,1,1
MATK,ARHGAP6,1,1
MATK,ART3,1,1
MATK,ATP11C,1,1
MATK,ATP9A,1,1
MATK,B3GNT7,1,1
MATK,BMP6,1,1
MATK,C1QTNF3,1,1
MATK,CC2D1A,1,1
MATK,CHPF,1,1
MATK,CHURC1-FNTB,1,1
MATK,COL9A2,1,1
MATK,COLGALT2,1,1
MATK,CSGALNACT1,1,1
MATK,CT45A10,1,1
MATK,CT45A5,1,1
MATK,DOK1,1,1
MATK,EIF4H,1,1
MATK,EMILIN1,1,1
MATK,EPHA3,1,1
MATK,EPHB3,1,1
MATK,EYA2,1,1
MATK,FAM188B,1,1
MATK,FAM198B,1,1
MATK,FAM212B,1,1
MATK,FKBP9P1,1,1
MATK,FOLH1,1,1
MATK,FOXF1,1,1
MATK,FREM2,1,1
MATK,GLUD2,1,1
MATK,GPC1,1,1
MATK,GPC4,1,1
MATK,GRIK4,1,1
MATK,HS3ST3B1,1,1
MATK,IARS2,1,1
MATK,ID4,1,1
MATK,IFI16,1,1
MATK,IGFBP2,1,1
MATK,IL13RA2,1,1
MATK,IL1RAP,1,1
MATK,ITGA10,1,1
MATK,ITPRIPL2,1,1
MATK,KCNC3,1,1
MATK,KCNG4,1,1
MATK,LAMA2,1,1
MATK,LAMA4,1,1
MATK,LAMC3,1,1
MATK,LRP2,1,1
MATK,MAFB,1,1
MATK,MEOX2,1,1
MATK,MICALL2,1,1
MATK,MMP16,1,1
MATK,MRAP2,1,1
MATK,NDRG1,1,1
MATK,NKX2-5,1,1
MATK,NPAS1,1,1
MATK,NR0B1,1,1
MATK,NTN1,1,1
MATK,OFD1,1,1
MATK,P3H2,1,1
MATK,PATZ1,1,1
MATK,PCDHA10,1,1
MATK,PCDHB11,1,1
MATK,PCDHB17P,1,1
MATK,PCDHB6,1,1
MATK,PCDHGA7,1,1
MATK,PDDC1,1,1
MATK,PITPNC1,1,1
MATK,PLBD1,1,1
MATK,PMS2CL,1,1
MATK,POU3F3,1,1
MATK,PPIC,1,1
MATK,PRDX6,1,1
MATK,PRRX1,1,1
MATK,PTGFRN,1,1
MATK,RAB7B,1,1
MATK,RBMS1,1,1
MATK,RNF216,1,1
MATK,RPN1,1,1
MATK,SCARA5,1,1
MATK,SERPINE2,1,1
MATK,SLC26A4,1,1
MATK,SPATS1,1,1
MATK,STK32B,1,1
MATK,TBC1D10B,1,1
MATK,TCN1,1,1
MATK,TGFB3,1,1
MATK,TIGD1,1,1
MATK,TIMP1,1,1
MATK,TNFAIP6,1,1
MATK,TOR1AIP2,1,1
MATK,TOR3A,1,1
MATK,TRIM9,1,1
MATK,TRPM8,1,1
MATK,TSPAN13,1,1
MATK,WNK4,1,1
MATK,WWTR1,1,1
MATK,XIAP,1,1
MATK,XPR1,1,1
PURB,ADAM17,1,1
PURB,ATP13A3,1,1
PURB,COTL1,1,1
PURB,DARS,1,1
PURB,KAT8,1,1
PURB,LIMS1,1,1
PURB,NMD3,1,1
PURB,PELI1,1,1
PURB,RND3,1,1
PURB,STYX,1,1
PURB,UBA5,1,1
PURB,ZFAND2B,1,1
PURB,ZFX,1,1
PURB,ZNF121,1,1
KRBA1,ADCY1,1,1
KRBA1,ATAT1,1,1
KRBA1,C17ORF58,1,1
KRBA1,C8ORF58,1,1
KRBA1,CCSAP,1,1
KRBA1,CLCC1,1,1
KRBA1,COMMD3,1,1
KRBA1,CRISPLD1,1,1
KRBA1,DOCK10,1,1
KRBA1,EPDR1,1,1
KRBA1,ETV1,1,1
KRBA1,FCGR2A,1,1
KRBA1,GLCCI1,1,1
KRBA1,HMCN1,1,1
KRBA1,ICAM1,1,1
KRBA1,ITGA9,1,1
KRBA1,N4BP2L2,1,1
KRBA1,NAPG,1,1
KRBA1,NOMO1,1,1
KRBA1,NSF,1,1
KRBA1,PGRMC1,1,1
KRBA1,PPIA,1,1
KRBA1,ROR1,1,1
KRBA1,SH3GLB2,1,1
KRBA1,SLC26A2,1,1
KRBA1,SMAP2,1,1
KRBA1,SSFA2,1,1
KRBA1,THOC2,1,1
KRBA1,TIPRL,1,1
KRBA1,TMEM5,1,1
KRBA1,ZBTB33,1,1
FAM212B,ABCA8,1,1
FAM212B,ADGRB1,1,1
FAM212B,AFAP1L2,1,1
FAM212B,AKAP6,1,1
FAM212B,ALG13,1,1
FAM212B,ANGPTL1,1,1
FAM212B,ARCN1,1,1
FAM212B,ARHGAP6,1,1
FAM212B,ART3,1,1
FAM212B,ATP11C,1,1
FAM212B,ATP9A,1,1
FAM212B,B3GNT7,1,1
FAM212B,C17ORF96,1,1
FAM212B,C1QTNF3,1,1
FAM212B,CC2D1A,1,1
FAM212B,CDH12,1,1
FAM212B,CHURC1-FNTB,1,1
FAM212B,COL11A2,1,1
FAM212B,COL9A2,1,1
FAM212B,COLGALT2,1,1
FAM212B,CSGALNACT1,1,1
FAM212B,CT45A10,1,1
FAM212B,CT45A5,1,1
FAM212B,CYB561,1,1
FAM212B,DDX43,1,1
FAM212B,DMRT2,1,1
FAM212B,DOK1,1,1
FAM212B,EIF4H,1,1
FAM212B,EMILIN1,1,1
FAM212B,EPHA3,1,1
FAM212B,EPHB3,1,1
FAM212B,EYA2,1,1
FAM212B,FAM188B,1,1
FAM212B,FAM198B,1,1
FAM212B,FOXF1,1,1
FAM212B,FREM2,1,1
FAM212B,GLI2,1,1
FAM212B,GLUD2,1,1
FAM212B,GPC1,1,1
FAM212B,GPC4,1,1
FAM212B,GRIK4,1,1
FAM212B,HS3ST3B1,1,1
FAM212B,IGFBP2,1,1
FAM212B,IL13RA2,1,1
FAM212B,IL1RAP,1,1
FAM212B,ITPRIPL2,1,1
FAM212B,JARID2,1,1
FAM212B,KCNC3,1,1
FAM212B,KIAA0040,1,1
FAM212B,KIAA1328,1,1
FAM212B,LAMA2,1,1
FAM212B,LAMA4,1,1
FAM212B,LRRC75A,1,1
FAM212B,MAFB,1,1
FAM212B,MEOX2,1,1
FAM212B,MICALL2,1,1
FAM212B,MMP16,1,1
FAM212B,MRAP2,1,1
FAM212B,MRPS6,1,1
FAM212B,NDRG1,1,1
FAM212B,NKX2-5,1,1
FAM212B,NPAS1,1,1
FAM212B,NPHP1,1,1
FAM212B,NR0B1,1,1
FAM212B,NTN1,1,1
FAM212B,P3H2,1,1
FAM212B,PATZ1,1,1
FAM212B,PCDHA10,1,1
FAM212B,PCDHB11,1,1
FAM212B,PCDHB17P,1,1
FAM212B,PCDHB6,1,1
FAM212B,PCDHGA7,1,1
FAM212B,PDDC1,1,1
FAM212B,PLBD1,1,1
FAM212B,PMS2CL,1,1
FAM212B,POU3F3,1,1
FAM212B,PRDX6,1,1
FAM212B,PRPSAP2,1,1
FAM212B,PRRX1,1,1
FAM212B,PTGFRN,1,1
FAM212B,RAB7B,1,1
FAM212B,RBMS1,1,1
FAM212B,RC3H1,1,1
FAM212B,RNF128,1,1
FAM212B,RPN1,1,1
FAM212B,S100A13,1,1
FAM212B,SCARA5,1,1
FAM212B,SERPINE2,1,1
FAM212B,SLC26A4,1,1
FAM212B,SLC43A2,1,1
FAM212B,SLC5A3,1,1
FAM212B,SNED1,1,1
FAM212B,SOX8,1,1
FAM212B,ST8SIA5,1,1
FAM212B,STK32B,1,1
FAM212B,TBXAS1,1,1
FAM212B,TCN1,1,1
FAM212B,TENM1,1,1
FAM212B,TGFB3,1,1
FAM212B,TIGD1,1,1
FAM212B,TIMP1,1,1
FAM212B,TNFAIP6,1,1
FAM212B,TOR1AIP2,1,1
FAM212B,TOR3A,1,1
FAM212B,TRIM9,1,1
FAM212B,TSPAN13,1,1
FAM212B,WNK4,1,1
FAM212B,WWTR1,1,1
FAM212B,XIAP,1,1
FAM212B,XPR1,1,1
FAM212B,XYLT1,1,1
FAM212B,ZBTB45P2,1,1
FAM212B,ZNF860,1,1
TPI1,ATG101,1,1
TPI1,C17ORF89,1,1
TPI1,C17ORF96,1,1
TPI1,CNBP,1,1
TPI1,COTL1,1,1
TPI1,EIF1AX,1,1
TPI1,EIF5A,1,1
TPI1,ETNK2,1,1
TPI1,FREM2,1,1
TPI1,GATB,1,1
TPI1,ITGA4,1,1
TPI1,JRK,1,1
TPI1,KDELC2,1,1
TPI1,KIAA1328,1,1
TPI1,L3HYPDH,1,1
TPI1,LIMS1,1,1
TPI1,LRFN1,1,1
TPI1,MMADHC,1,1
TPI1,MMP16,1,1
TPI1,NMD3,1,1
TPI1,NOC2LP1,1,1
TPI1,OFD1,1,1
TPI1,POLRMT,1,1
TPI1,PTK7,1,1
TPI1,RBMS1,1,1
TPI1,RCL1,1,1
TPI1,SDHD,1,1
TPI1,SERINC3,1,1
TPI1,STYX,1,1
TPI1,TBC1D10B,1,1
TPI1,TIGD1,1,1
TPI1,TOR1AIP2,1,1
TPI1,TSPAN13,1,1
TPI1,WDR11,1,1
TPI1,WT1,1,1
TPI1,ZNF335,1,1
STK16,ATP13A3,1,1
STK16,CNBP,1,1
STK16,DBR1,1,1
STK16,DLX1,1,1
STK16,KDELC2,1,1
STK16,PHF14,1,1
STK16,PSME3,1,1
STK16,U2SURP,1,1
MFSD13A,LRRC75A,1,1
MFSD13A,PRPSAP2,1,1
TRIM9,ABCA8,1,1
TRIM9,ADGRB1,1,1
TRIM9,AFAP1L2,1,1
TRIM9,AKAP6,1,1
TRIM9,ALG13,1,1
TRIM9,ANGPTL1,1,1
TRIM9,ARCN1,1,1
TRIM9,ARHGAP20,1,1
TRIM9,ARHGAP25,1,1
TRIM9,ARHGAP6,1,1
TRIM9,ART3,1,1
TRIM9,ATP11C,1,1
TRIM9,ATP9A,1,1
TRIM9,B3GNT7,1,1
TRIM9,BMP6,1,1
TRIM9,C1QTNF3,1,1
TRIM9,CADM4,1,1
TRIM9,CC2D1A,1,1
TRIM9,CDH12,1,1
TRIM9,CHPF,1,1
TRIM9,CHURC1-FNTB,1,1
TRIM9,COL11A2,1,1
TRIM9,COL9A2,1,1
TRIM9,COLGALT2,1,1
TRIM9,CSGALNACT1,1,1
TRIM9,CT45A10,1,1
TRIM9,CT45A5,1,1
TRIM9,DDX43,1,1
TRIM9,DMRT2,1,1
TRIM9,DNAJC30,1,1
TRIM9,DOK1,1,1
TRIM9,EIF1AXP1,1,1
TRIM9,EIF4H,1,1
TRIM9,EMILIN1,1,1
TRIM9,EPHA3,1,1
TRIM9,EPHB3,1,1
TRIM9,EYA2,1,1
TRIM9,FAM188B,1,1
TRIM9,FAM198B,1,1
TRIM9,FKBP9P1,1,1
TRIM9,FOLH1,1,1
TRIM9,FOXF1,1,1
TRIM9,FREM2,1,1
TRIM9,GLUD2,1,1
TRIM9,GPC1,1,1
TRIM9,GPC4,1,1
TRIM9,GRIK4,1,1
TRIM9,GUCY1B3,1,1
TRIM9,HS3ST3B1,1,1
TRIM9,IGFBP2,1,1
TRIM9,IL13RA2,1,1
TRIM9,IL1RAP,1,1
TRIM9,ITGA10,1,1
TRIM9,ITPRIPL2,1,1
TRIM9,JARID2,1,1
TRIM9,KCNC3,1,1
TRIM9,LAMA2,1,1
TRIM9,LAMA4,1,1
TRIM9,LAMC3,1,1
TRIM9,LRP2,1,1
TRIM9,LRRC75A,1,1
TRIM9,MAFB,1,1
TRIM9,MAMDC2,1,1
TRIM9,MEOX2,1,1
TRIM9,MICALL2,1,1
TRIM9,MMP16,1,1
TRIM9,MRAP2,1,1
TRIM9,MRPS6,1,1
TRIM9,NDRG1,1,1
TRIM9,NKX2-5,1,1
TRIM9,NPAS1,1,1
TRIM9,NPHP1,1,1
TRIM9,NR0B1,1,1
TRIM9,NTN1,1,1
TRIM9,OFD1,1,1
TRIM9,P3H2,1,1
TRIM9,P3H4,1,1
TRIM9,PATZ1,1,1
TRIM9,PCDHA10,1,1
TRIM9,PCDHB11,1,1
TRIM9,PCDHB17P,1,1
TRIM9,PCDHB6,1,1
TRIM9,PCDHGA7,1,1
TRIM9,PDDC1,1,1
TRIM9,PITPNC1,1,1
TRIM9,PLBD1,1,1
TRIM9,PMS2CL,1,1
TRIM9,POU3F3,1,1
TRIM9,PPIC,1,1
TRIM9,PPP2R2B,1,1
TRIM9,PRDX6,1,1
TRIM9,PRPSAP2,1,1
TRIM9,PRRX1,1,1
TRIM9,PTGFRN,1,1
TRIM9,RAB7B,1,1
TRIM9,RAPGEF5,1,1
TRIM9,RBMS1,1,1
TRIM9,RNF128,1,1
TRIM9,RP11-111F5.5,1,1
TRIM9,RPN1,1,1
TRIM9,S100A13,1,1
TRIM9,SCARA5,1,1
TRIM9,SEL1L3,1,1
TRIM9,SERPINE2,1,1
TRIM9,SLC26A4,1,1
TRIM9,SLC5A3,1,1
TRIM9,SMIM3,1,1
TRIM9,SNED1,1,1
TRIM9,SPATS1,1,1
TRIM9,ST8SIA5,1,1
TRIM9,STK32B,1,1
TRIM9,TBC1D10B,1,1
TRIM9,TBXAS1,1,1
TRIM9,TCN1,1,1
TRIM9,TENM1,1,1
TRIM9,TGFB3,1,1
TRIM9,TIGD1,1,1
TRIM9,TIMP1,1,1
TRIM9,TNFAIP6,1,1
TRIM9,TOR1AIP2,1,1
TRIM9,TOR3A,1,1
TRIM9,TRPM8,1,1
TRIM9,TSPAN13,1,1
TRIM9,WNK4,1,1
TRIM9,WWTR1,1,1
TRIM9,XIAP,1,1
TRIM9,XPR1,1,1
TRIM9,XYLT1,1,1
TRIM9,ZBTB45P2,1,1
TRIM9,BP-21264C1.1,1,1
ICE2,SSFA2,1,1
PLAT,C16ORF52,1,1
PLAT,CNKSR3,1,1
PLAT,COX18,1,1
PLAT,DPY19L1,1,1
PLAT,EDEM1,1,1
PLAT,ERLEC1,1,1
PLAT,FAM3C,1,1
PLAT,LIN28B,1,1
PLAT,MAN1A2,1,1
PLAT,RABL6,1,1
PLAT,RGPD6,1,1
PLAT,SCG2,1,1
WDR11,C17ORF89,1,1
WDR11,COTL1,1,1
WDR11,EFNA5,1,1
WDR11,F11R,1,1
WDR11,GATB,1,1
WDR11,KAT8,1,1
WDR11,L3HYPDH,1,1
WDR11,LIMS1,1,1
WDR11,MECP2,1,1
WDR11,NECAP2,1,1
WDR11,OCIAD1,1,1
WDR11,RND3,1,1
WDR11,RNF144B,1,1
WDR11,TRIM56,1,1
WDR11,UBA5,1,1
WDR11,UBE3B,1,1
WDR11,VCAN,1,1
WDR11,WT1,1,1
WDR11,ZFAND2B,1,1
WDR11,ZNF335,1,1
SPHK2,ETV1,1,1
SPHK2,HMCN1,1,1
SPHK2,ICAM1,1,1
SPHK2,NSF,1,1
SPHK2,ROR1,1,1
PLCXD1,BATF3,1,1
PLCXD1,DUSP23,1,1
PLCXD1,MRPS6,1,1
PLCXD1,PACRGL,1,1
PLCXD1,PRKAR1B,1,1
PLCXD1,PTPN12,1,1
PLCXD1,RANBP17,1,1
PLCXD1,TYW1B,1,1
MIDN,ADAP1,1,1
MIDN,CCDC113,1,1
MIDN,CDK16,1,1
MIDN,COASY,1,1
MIDN,CTDP1,1,1
MIDN,CXORF38,1,1
MIDN,P3H4,1,1
MIDN,RANBP17,1,1
MIDN,ZBTB20,1,1
HACD3,AL354822.1,1,1
HACD3,BX004987.1,1,1
HACD3,CD55,1,1
HACD3,HOXA5,1,1
HACD3,KDSR,1,1
HACD3,MFSD14A,1,1
HACD3,MOGS,1,1
HACD3,PYCR2,1,1
HACD3,RABL6,1,1
HACD3,RNF215,1,1
HACD3,ZDHHC6,1,1
ELMO1,CADM4,1,1
ELMO1,INSR,1,1
ELMO1,NAAA,1,1
ELMO1,NAP1L5,1,1
ELMO1,NKD1,1,1
ELMO1,PABPC1,1,1
ELMO1,PTCHD4,1,1
ELMO1,TIMM10B,1,1
ELMO1,USP9X,1,1
ELMO1,UTRN,1,1
ELMO1,ZNF536,1,1
SLC22A5,ADAMTS9,1,1
SLC22A5,ADCY1,1,1
SLC22A5,ANKRD26,1,1
SLC22A5,CCSAP,1,1
SLC22A5,CHL1,1,1
SLC22A5,CHST6,1,1
SLC22A5,CMB9-22P13.1,1,1
SLC22A5,CMTM8,1,1
SLC22A5,COLGALT1,1,1
SLC22A5,CST1,1,1
SLC22A5,CXXC1,1,1
SLC22A5,DOCK10,1,1
SLC22A5,EDEM2,1,1
SLC22A5,ETV1,1,1
SLC22A5,FCGR2A,1,1
SLC22A5,GAD1,1,1
SLC22A5,GATA4,1,1
SLC22A5,HMCN1,1,1
SLC22A5,HOXA13,1,1
SLC22A5,ICAM1,1,1
SLC22A5,ITGA9,1,1
SLC22A5,MAN1B1,1,1
SLC22A5,METTL14,1,1
SLC22A5,MRPL57,1,1
SLC22A5,NAPG,1,1
SLC22A5,NOMO1,1,1
SLC22A5,PDGFRL,1,1
SLC22A5,PDZD4,1,1
SLC22A5,PGRMC1,1,1
SLC22A5,PI15,1,1
SLC22A5,PPIA,1,1
SLC22A5,PWWP2A,1,1
SLC22A5,SLC26A2,1,1
SLC22A5,SLC35G1,1,1
SLC22A5,SLC44A1,1,1
SLC22A5,SMAD4,1,1
SLC22A5,SMAP2,1,1
SLC22A5,STX2,1,1
SLC22A5,TMEM62,1,1
SLC22A5,UPF2,1,1
SLC22A5,ZNF280A,1,1
ETV1,ADAMTS9,1,1
ETV1,ADCY1,1,1
ETV1,ARHGAP25,1,1
ETV1,BCL7A,1,1
ETV1,C8ORF58,1,1
ETV1,CCSAP,1,1
ETV1,CLCC1,1,1
ETV1,CMB9-22P13.1,1,1
ETV1,COL19A1,1,1
ETV1,COLGALT1,1,1
ETV1,COPG1,1,1
ETV1,CRISPLD1,1,1
ETV1,DNAJB12,1,1
ETV1,DOCK10,1,1
ETV1,DPY19L1,1,1
ETV1,EPDR1,1,1
ETV1,FAM198B,1,1
ETV1,FCGR2A,1,1
ETV1,FGF13,1,1
ETV1,FKBP11,1,1
ETV1,FKBP9,1,1
ETV1,FKBP9P1,1,1
ETV1,GLCCI1,1,1
ETV1,HMCN1,1,1
ETV1,ICAM1,1,1
ETV1,ID4,1,1
ETV1,ITGA9,1,1
ETV1,MAML2,1,1
ETV1,MAN1B1,1,1
ETV1,METTL14,1,1
ETV1,MRAP2,1,1
ETV1,MRPL57,1,1
ETV1,N4BP2L2,1,1
ETV1,NAPG,1,1
ETV1,NOMO1,1,1
ETV1,NSF,1,1
ETV1,PCOLCE2,1,1
ETV1,PDGFRL,1,1
ETV1,PGRMC1,1,1
ETV1,PI15,1,1
ETV1,PIEZO2,1,1
ETV1,PPIA,1,1
ETV1,PTGFRN,1,1
ETV1,RAD17,1,1
ETV1,RCN2,1,1
ETV1,ROR1,1,1
ETV1,SAMD9L,1,1
ETV1,SCG2,1,1
ETV1,SDSL,1,1
ETV1,SLC19A3,1,1
ETV1,SLC26A2,1,1
ETV1,SLC26A4,1,1
ETV1,SLC35G1,1,1
ETV1,SLC44A1,1,1
ETV1,SMAD4,1,1
ETV1,SMAP2,1,1
ETV1,SOX5,1,1
ETV1,TBCC,1,1
ETV1,THOC2,1,1
ETV1,TMEM5,1,1
ETV1,TMEM62,1,1
ETV1,TVP23B,1,1
ETV1,ZBTB33,1,1
KIAA1671,ADORA2B,1,1
KIAA1671,ANKH,1,1
KIAA1671,BATF3,1,1
KIAA1671,C1QTNF3,1,1
KIAA1671,CHPF2,1,1
KIAA1671,COLGALT2,1,1
KIAA1671,CRIP2,1,1
KIAA1671,DMRT2,1,1
KIAA1671,EBF3,1,1
KIAA1671,FOXF1,1,1
KIAA1671,GLI2,1,1
KIAA1671,GTF2F1,1,1
KIAA1671,KIAA1328,1,1
KIAA1671,LIMS1,1,1
KIAA1671,MICALL2,1,1
KIAA1671,MMP16,1,1
KIAA1671,MRPS6,1,1
KIAA1671,OCIAD1,1,1
KIAA1671,PACRGL,1,1
KIAA1671,PRKAR1B,1,1
KIAA1671,PRRX1,1,1
KIAA1671,SERPINH1,1,1
KIAA1671,SLC25A16,1,1
KIAA1671,SLC35G2,1,1
KIAA1671,SLC43A2,1,1
KIAA1671,SNED1,1,1
KIAA1671,TBXAS1,1,1
KIAA1671,TMEM2,1,1
KIAA1671,TYW1B,1,1
KIAA1671,UBA1,1,1
KIAA1671,YWHAG,1,1
KIAA1671,ZBTB45P2,1,1
RABL6,ARHGAP25,1,1
RABL6,C16ORF52,1,1
RABL6,CMTM8,1,1
RABL6,CNKSR3,1,1
RABL6,COPB2,1,1
RABL6,COX18,1,1
RABL6,DPY19L1,1,1
RABL6,ERLEC1,1,1
RABL6,FAM3C,1,1
RABL6,FGF13,1,1
RABL6,GARS,1,1
RABL6,GULP1,1,1
RABL6,ICAM1,1,1
RABL6,IL1RAP,1,1
RABL6,ITGA4,1,1
RABL6,KDSR,1,1
RABL6,NOA1,1,1
RABL6,PCOLCE2,1,1
RABL6,PIEZO2,1,1
RABL6,RGPD6,1,1
RABL6,RNF216,1,1
RABL6,SCG2,1,1
RABL6,STON2,1,1
RABL6,TVP23B,1,1
RABL6,WWTR1,1,1
GAD1,ADAMTS9,1,1
GAD1,ADCY1,1,1
GAD1,ANKRD19P,1,1
GAD1,ANKRD26,1,1
GAD1,B9D1,1,1
GAD1,BX004987.1,1,1
GAD1,CCSAP,1,1
GAD1,CHST6,1,1
GAD1,CMB9-22P13.1,1,1
GAD1,CMTM8,1,1
GAD1,COLGALT1,1,1
GAD1,COPB2,1,1
GAD1,CRISPLD1,1,1
GAD1,CST1,1,1
GAD1,DNAJB12,1,1
GAD1,EIF3I,1,1
GAD1,ETFB,1,1
GAD1,EXOC1,1,1
GAD1,FABP7,1,1
GAD1,FCGR2A,1,1
GAD1,FGF13,1,1
GAD1,FKBP11,1,1
GAD1,GATA4,1,1
GAD1,GPC4,1,1
GAD1,HMCN1,1,1
GAD1,HOXA13,1,1
GAD1,ICAM1,1,1
GAD1,ITGA9,1,1
GAD1,KDSR,1,1
GAD1,LAMC3,1,1
GAD1,NAPG,1,1
GAD1,NOMO1,1,1
GAD1,PDGFRL,1,1
GAD1,PGRMC1,1,1
GAD1,PI15,1,1
GAD1,PIEZO2,1,1
GAD1,PPIA,1,1
GAD1,PPP1R13B,1,1
GAD1,PRDX6,1,1
GAD1,PWWP2A,1,1
GAD1,RAB23,1,1
GAD1,RAD17,1,1
GAD1,RCN2,1,1
GAD1,RNF216,1,1
GAD1,ROR1,1,1
GAD1,SDSL,1,1
GAD1,SLC26A2,1,1
GAD1,SLC35G1,1,1
GAD1,SLC44A1,1,1
GAD1,SMAP2,1,1
GAD1,SPARC,1,1
GAD1,TBC1D8,1,1
GAD1,TRPM3,1,1
GAD1,ZNF280A,1,1
NKX2-5,ABCA8,1,1
NKX2-5,ADGRB1,1,1
NKX2-5,AFAP1L2,1,1
NKX2-5,AKAP6,1,1
NKX2-5,ALG13,1,1
NKX2-5,ANGPTL1,1,1
NKX2-5,ARHGAP6,1,1
NKX2-5,ART3,1,1
NKX2-5,ATP11C,1,1
NKX2-5,ATP9A,1,1
NKX2-5,B3GNT7,1,1
NKX2-5,BMP6,1,1
NKX2-5,C17ORF96,1,1
NKX2-5,C1QTNF3,1,1
NKX2-5,CADM4,1,1
NKX2-5,CC2D1A,1,1
NKX2-5,CDH12,1,1
NKX2-5,CHURC1-FNTB,1,1
NKX2-5,COL9A2,1,1
NKX2-5,COLGALT2,1,1
NKX2-5,CSGALNACT1,1,1
NKX2-5,CT45A10,1,1
NKX2-5,CT45A5,1,1
NKX2-5,CYB561,1,1
NKX2-5,DDX43,1,1
NKX2-5,DMRT2,1,1
NKX2-5,DNAJB6,1,1
NKX2-5,DNAJC30,1,1
NKX2-5,DOK1,1,1
NKX2-5,EIF4H,1,1
NKX2-5,EMILIN1,1,1
NKX2-5,EPHA3,1,1
NKX2-5,EPHB3,1,1
NKX2-5,EYA2,1,1
NKX2-5,FOLH1,1,1
NKX2-5,FOXF1,1,1
NKX2-5,FREM2,1,1
NKX2-5,GLI2,1,1
NKX2-5,GLUD2,1,1
NKX2-5,GPC1,1,1
NKX2-5,GRIK4,1,1
NKX2-5,GUCY1B3,1,1
NKX2-5,HS3ST3B1,1,1
NKX2-5,IGFBP2,1,1
NKX2-5,IL13RA2,1,1
NKX2-5,ILK,1,1
NKX2-5,ITGA10,1,1
NKX2-5,ITPRIPL2,1,1
NKX2-5,JARID2,1,1
NKX2-5,KCNC3,1,1
NKX2-5,LAMA2,1,1
NKX2-5,LAMA4,1,1
NKX2-5,LRRC75A,1,1
NKX2-5,MAFB,1,1
NKX2-5,MEOX2,1,1
NKX2-5,MICALL2,1,1
NKX2-5,MMP16,1,1
NKX2-5,MRPS6,1,1
NKX2-5,NDRG1,1,1
NKX2-5,NPAS1,1,1
NKX2-5,NPHP1,1,1
NKX2-5,NR0B1,1,1
NKX2-5,NTN1,1,1
NKX2-5,P3H2,1,1
NKX2-5,P3H4,1,1
NKX2-5,PATZ1,1,1
NKX2-5,PCDHA10,1,1
NKX2-5,PCDHB11,1,1
NKX2-5,PCDHB17P,1,1
NKX2-5,PCDHB6,1,1
NKX2-5,PCDHGA7,1,1
NKX2-5,PDDC1,1,1
NKX2-5,PITPNC1,1,1
NKX2-5,PLBD1,1,1
NKX2-5,PMS2CL,1,1
NKX2-5,POU3F3,1,1
NKX2-5,PPIC,1,1
NKX2-5,PRDX6,1,1
NKX2-5,PRRX1,1,1
NKX2-5,PTGFRN,1,1
NKX2-5,RAB7B,1,1
NKX2-5,RBMS1,1,1
NKX2-5,RP11-958N24.2,1,1
NKX2-5,RPN1,1,1
NKX2-5,S100A13,1,1
NKX2-5,SCARA5,1,1
NKX2-5,SERPINE2,1,1
NKX2-5,SLC43A2,1,1
NKX2-5,SLC5A3,1,1
NKX2-5,SMIM3,1,1
NKX2-5,SNED1,1,1
NKX2-5,SPATS1,1,1
NKX2-5,ST8SIA5,1,1
NKX2-5,STK32B,1,1
NKX2-5,TBXAS1,1,1
NKX2-5,TCN1,1,1
NKX2-5,TENM1,1,1
NKX2-5,TGFB3,1,1
NKX2-5,TIGD1,1,1
NKX2-5,TIMP1,1,1
NKX2-5,TNFAIP6,1,1
NKX2-5,TOR1AIP2,1,1
NKX2-5,TOR3A,1,1
NKX2-5,TSPAN13,1,1
NKX2-5,TYW1B,1,1
NKX2-5,WNK4,1,1
NKX2-5,WWTR1,1,1
NKX2-5,XIAP,1,1
NKX2-5,XPR1,1,1
NKX2-5,ZBTB45P2,1,1
NKX2-5,BP-21264C1.1,1,1
RCL1,ABHD14A,1,1
RCL1,ATG101,1,1
RCL1,ATP13A3,1,1
RCL1,CCNE1,1,1
RCL1,CNBP,1,1
RCL1,COTL1,1,1
RCL1,DLX1,1,1
RCL1,EFNA5,1,1
RCL1,EIF5A,1,1
RCL1,FRMD6,1,1
RCL1,JRK,1,1
RCL1,LRFN1,1,1
RCL1,MMADHC,1,1
RCL1,NMD3,1,1
RCL1,PHF14,1,1
RCL1,U2SURP,1,1
RCL1,UBE3B,1,1
RCL1,ZNF121,1,1
ZDHHC6,AL354822.1,1,1
ZDHHC6,CD55,1,1
ZDHHC6,CHST6,1,1
ZDHHC6,EIF3I,1,1
ZDHHC6,KDSR,1,1
ZDHHC6,KREMEN2,1,1
ZDHHC6,MFSD14A,1,1
ZDHHC6,RNF215,1,1
ZDHHC6,SPARC,1,1
PEX5L,ARHGAP20,1,1
PEX5L,BAALC,1,1
PEX5L,BFSP1,1,1
PEX5L,BMP6,1,1
PEX5L,C8ORF48,1,1
PEX5L,CCDC113,1,1
PEX5L,CCDC78,1,1
PEX5L,CEBPD,1,1
PEX5L,CGREF1,1,1
PEX5L,DEPDC7,1,1
PEX5L,EGFL7,1,1
PEX5L,FAM134B,1,1
PEX5L,FDXR,1,1
PEX5L,FOLH1,1,1
PEX5L,LRP2,1,1
PEX5L,OLFM2,1,1
PEX5L,OPHN1,1,1
PEX5L,PNPLA4,1,1
PEX5L,PPP2R2B,1,1
PEX5L,PYROXD2,1,1
PEX5L,RNASE1,1,1
PEX5L,SERPINA3,1,1
PEX5L,SLC29A4,1,1
PEX5L,SLC40A1,1,1
PEX5L,SOD3,1,1
PEX5L,SPAG4,1,1
PEX5L,TACO1,1,1
PEX5L,TARS2,1,1
PEX5L,WBSCR27,1,1
VCAN,ADORA2B,1,1
VCAN,ANKH,1,1
VCAN,BATF3,1,1
VCAN,C16ORF72,1,1
VCAN,CPNE3,1,1
VCAN,HOXC8,1,1
VCAN,HS6ST2,1,1
VCAN,KDM6A,1,1
VCAN,LIMS1,1,1
VCAN,MECP2,1,1
VCAN,NFIC,1,1
VCAN,OCIAD1,1,1
VCAN,PRKAR1B,1,1
VCAN,RND3,1,1
VCAN,SERPINH1,1,1
VCAN,SRPX2,1,1
VCAN,TYW1B,1,1
VCAN,YBX3,1,1
VCAN,YWHAG,1,1
VCAN,ZNF335,1,1
SLC35G1,ADAMTS9,1,1
SLC35G1,ADCY1,1,1
SLC35G1,ANKRD19P,1,1
SLC35G1,ANKRD26,1,1
SLC35G1,B9D1,1,1
SLC35G1,CHST6,1,1
SLC35G1,CMB9-22P13.1,1,1
SLC35G1,CMTM8,1,1
SLC35G1,CNOT6,1,1
SLC35G1,COLGALT1,1,1
SLC35G1,COPG1,1,1
SLC35G1,CRISPLD1,1,1
SLC35G1,CST1,1,1
SLC35G1,DNAJB12,1,1
SLC35G1,ETFB,1,1
SLC35G1,FABP7,1,1
SLC35G1,FCGR2A,1,1
SLC35G1,FKBP11,1,1
SLC35G1,HMCN1,1,1
SLC35G1,HOXA13,1,1
SLC35G1,ITGA9,1,1
SLC35G1,MAN1B1,1,1
SLC35G1,METTL14,1,1
SLC35G1,NAPG,1,1
SLC35G1,NOMO1,1,1
SLC35G1,PDGFRL,1,1
SLC35G1,PDZD4,1,1
SLC35G1,PGRMC1,1,1
SLC35G1,PI15,1,1
SLC35G1,PPP1R13B,1,1
SLC35G1,PWWP2A,1,1
SLC35G1,RAB23,1,1
SLC35G1,RAD17,1,1
SLC35G1,RELL2,1,1
SLC35G1,SDSL,1,1
SLC35G1,SEZ6L2,1,1
SLC35G1,SLC26A2,1,1
SLC35G1,SLC44A1,1,1
SLC35G1,SMAD4,1,1
SLC35G1,SMAP2,1,1
SLC35G1,TBC1D8,1,1
SLC35G1,TMEM62,1,1
SLC35G1,TRPM3,1,1
SLC35G1,UPF2,1,1
SLC35G1,ZNF280A,1,1
SDSL,ADCY1,1,1
SDSL,AMZ2,1,1
SDSL,ANKRD19P,1,1
SDSL,B9D1,1,1
SDSL,C8ORF48,1,1
SDSL,C8ORF58,1,1
SDSL,CHST6,1,1
SDSL,CMB9-22P13.1,1,1
SDSL,COPG1,1,1
SDSL,CRISPLD1,1,1
SDSL,DNAJB12,1,1
SDSL,ETFB,1,1
SDSL,FABP7,1,1
SDSL,FBF1,1,1
SDSL,FCGR2A,1,1
SDSL,FKBP11,1,1
SDSL,FKBP9,1,1
SDSL,FKBP9P1,1,1
SDSL,GPC4,1,1
SDSL,GRIK2,1,1
SDSL,HMCN1,1,1
SDSL,HOXA13,1,1
SDSL,ID4,1,1
SDSL,ITGA9,1,1
SDSL,LAMC3,1,1
SDSL,MAN1B1,1,1
SDSL,MAP7D3,1,1
SDSL,MRPL57,1,1
SDSL,NAPG,1,1
SDSL,PDGFRL,1,1
SDSL,PGRMC1,1,1
SDSL,PI15,1,1
SDSL,PIEZO2,1,1
SDSL,PPP1R13B,1,1
SDSL,PTGFRN,1,1
SDSL,RAB23,1,1
SDSL,RELL2,1,1
SDSL,SEZ6L2,1,1
SDSL,SLC19A3,1,1
SDSL,SLC26A2,1,1
SDSL,SMAP2,1,1
SDSL,STAT3,1,1
SDSL,TBC1D8,1,1
SDSL,TMEM62,1,1
SDSL,TRPM3,1,1
NDUFAF2,ARHGAP25,1,1
NDUFAF2,CENPL,1,1
NDUFAF2,EPDR1,1,1
NDUFAF2,ERLEC1,1,1
NDUFAF2,EXOC1,1,1
NDUFAF2,FGF13,1,1
NDUFAF2,HEBP2,1,1
NDUFAF2,IARS2,1,1
NDUFAF2,MRAP2,1,1
NDUFAF2,PCOLCE2,1,1
NDUFAF2,PHB,1,1
NDUFAF2,PRDX6,1,1
NDUFAF2,RCN2,1,1
NDUFAF2,ROR1,1,1
NDUFAF2,SLC26A4,1,1
C12ORF60,ABCA8,1,1
C12ORF60,ACAD11,1,1
C12ORF60,ARHGAP20,1,1
C12ORF60,B3GNT7,1,1
C12ORF60,BECN1,1,1
C12ORF60,CACNA1H,1,1
C12ORF60,CCM2,1,1
C12ORF60,DDX43,1,1
C12ORF60,DEPDC7,1,1
C12ORF60,EGFL7,1,1
C12ORF60,EMILIN1,1,1
C12ORF60,EYA2,1,1
C12ORF60,FBF1,1,1
C12ORF60,FOXO1,1,1
C12ORF60,FUNDC1,1,1
C12ORF60,GPR37,1,1
C12ORF60,GUCY1B3,1,1
C12ORF60,HERC2P3,1,1
C12ORF60,IFI16,1,1
C12ORF60,IGFBP2,1,1
C12ORF60,ITGA10,1,1
C12ORF60,KIFAP3,1,1
C12ORF60,LGMN,1,1
C12ORF60,MAFB,1,1
C12ORF60,MEAF6,1,1
C12ORF60,MORN2,1,1
C12ORF60,NAP1L5,1,1
C12ORF60,NPHP1,1,1
C12ORF60,PIGS,1,1
C12ORF60,PLBD1,1,1
C12ORF60,PPIC,1,1
C12ORF60,PPP2R2B,1,1
C12ORF60,PYROXD2,1,1
C12ORF60,S100A13,1,1
C12ORF60,SERPINA3,1,1
C12ORF60,SMIM3,1,1
C12ORF60,SOD3,1,1
C12ORF60,STAT3,1,1
ATF6B,EMC10,1,1
EGFL7,ACAD11,1,1
EGFL7,ARHGAP20,1,1
EGFL7,BAALC,1,1
EGFL7,BFSP1,1,1
EGFL7,BMP6,1,1
EGFL7,CACNA1H,1,1
EGFL7,DEPDC7,1,1
EGFL7,FAM134B,1,1
EGFL7,FDXR,1,1
EGFL7,GUCY1B3,1,1
EGFL7,IFI16,1,1
EGFL7,MORN2,1,1
EGFL7,OLFM2,1,1
EGFL7,PYROXD2,1,1
EGFL7,RNASE1,1,1
EGFL7,SERPINA3,1,1
EGFL7,SLC40A1,1,1
EGFL7,SMIM3,1,1
EGFL7,SOD3,1,1
CNPY2,ATP5SL,1,1
CNPY2,BCL7A,1,1
CNPY2,FKBP11,1,1
CNPY2,FKBP9,1,1
CNPY2,GINM1,1,1
CNPY2,GLCCI1,1,1
CNPY2,TCTN1,1,1
CNPY2,TMEM62,1,1
CNPY2,TNFRSF19,1,1
SH3GLB2,ATAT1,1,1
SH3GLB2,CCSAP,1,1
SH3GLB2,CEP85L,1,1
SH3GLB2,DOCK10,1,1
SH3GLB2,MEGF10,1,1
SH3GLB2,NOMO1,1,1
SH3GLB2,PPIA,1,1
SH3GLB2,RPTOR,1,1
SH3GLB2,SLC7A2,1,1
SH3GLB2,SSFA2,1,1
SH3GLB2,THOC2,1,1
SH3GLB2,TIPRL,1,1
SH3GLB2,TMEM5,1,1
SH3GLB2,UXS1,1,1
CHURC1-FNTB,ABCA8,1,1
CHURC1-FNTB,ADGRB1,1,1
CHURC1-FNTB,AFAP1L2,1,1
CHURC1-FNTB,AKAP6,1,1
CHURC1-FNTB,ALG13,1,1
CHURC1-FNTB,ARHGAP20,1,1
CHURC1-FNTB,ARHGAP6,1,1
CHURC1-FNTB,ART3,1,1
CHURC1-FNTB,ATP9A,1,1
CHURC1-FNTB,B3GNT7,1,1
CHURC1-FNTB,BMP6,1,1
CHURC1-FNTB,C1QTNF3,1,1
CHURC1-FNTB,CADM4,1,1
CHURC1-FNTB,CDH12,1,1
CHURC1-FNTB,COL11A2,1,1
CHURC1-FNTB,COL9A2,1,1
CHURC1-FNTB,COLGALT2,1,1
CHURC1-FNTB,CSGALNACT1,1,1
CHURC1-FNTB,CT45A10,1,1
CHURC1-FNTB,CT45A5,1,1
CHURC1-FNTB,DDX43,1,1
CHURC1-FNTB,DMRT2,1,1
CHURC1-FNTB,DNAJC30,1,1
CHURC1-FNTB,DOK1,1,1
CHURC1-FNTB,EIF4H,1,1
CHURC1-FNTB,EMILIN1,1,1
CHURC1-FNTB,EPHA3,1,1
CHURC1-FNTB,EPHB3,1,1
CHURC1-FNTB,EYA2,1,1
CHURC1-FNTB,FOLH1,1,1
CHURC1-FNTB,FOXF1,1,1
CHURC1-FNTB,FREM2,1,1
CHURC1-FNTB,GLUD2,1,1
CHURC1-FNTB,GPC1,1,1
CHURC1-FNTB,GRIK4,1,1
CHURC1-FNTB,GUCY1B3,1,1
CHURC1-FNTB,HS3ST3B1,1,1
CHURC1-FNTB,IGFBP2,1,1
CHURC1-FNTB,IL13RA2,1,1
CHURC1-FNTB,ILK,1,1
CHURC1-FNTB,ITGA10,1,1
CHURC1-FNTB,ITPRIPL2,1,1
CHURC1-FNTB,JARID2,1,1
CHURC1-FNTB,KCNC3,1,1
CHURC1-FNTB,LAMA2,1,1
CHURC1-FNTB,LAMA4,1,1
CHURC1-FNTB,LRRC75A,1,1
CHURC1-FNTB,MAFB,1,1
CHURC1-FNTB,MAMDC2,1,1
CHURC1-FNTB,MEOX2,1,1
CHURC1-FNTB,MICALL2,1,1
CHURC1-FNTB,MRPS6,1,1
CHURC1-FNTB,NDRG1,1,1
CHURC1-FNTB,NPHP1,1,1
CHURC1-FNTB,NR0B1,1,1
CHURC1-FNTB,NTN1,1,1
CHURC1-FNTB,P3H2,1,1
CHURC1-FNTB,P3H4,1,1
CHURC1-FNTB,PATZ1,1,1
CHURC1-FNTB,PCDHA10,1,1
CHURC1-FNTB,PCDHB11,1,1
CHURC1-FNTB,PCDHB17P,1,1
CHURC1-FNTB,PCDHB6,1,1
CHURC1-FNTB,PCDHGA7,1,1
CHURC1-FNTB,PDDC1,1,1
CHURC1-FNTB,PLBD1,1,1
CHURC1-FNTB,POU3F3,1,1
CHURC1-FNTB,PPIC,1,1
CHURC1-FNTB,PPP2R2B,1,1
CHURC1-FNTB,PRRX1,1,1
CHURC1-FNTB,RANBP17,1,1
CHURC1-FNTB,RBMS1,1,1
CHURC1-FNTB,S100A13,1,1
CHURC1-FNTB,SCARA5,1,1
CHURC1-FNTB,SEL1L3,1,1
CHURC1-FNTB,SERPINA3,1,1
CHURC1-FNTB,SERPINE2,1,1
CHURC1-FNTB,SLC5A3,1,1
CHURC1-FNTB,SMIM3,1,1
CHURC1-FNTB,SNED1,1,1
CHURC1-FNTB,STK32B,1,1
CHURC1-FNTB,TBXAS1,1,1
CHURC1-FNTB,TCN1,1,1
CHURC1-FNTB,TENM1,1,1
CHURC1-FNTB,TGFB3,1,1
CHURC1-FNTB,TIGD1,1,1
CHURC1-FNTB,TNFAIP6,1,1
CHURC1-FNTB,TRPM8,1,1
CHURC1-FNTB,WNK4,1,1
CHURC1-FNTB,WWTR1,1,1
CHURC1-FNTB,XIAP,1,1
CHURC1-FNTB,ZBTB45P2,1,1
CHURC1-FNTB,BP-21264C1.1,1,1
CST1,ADAMTS9,1,1
CST1,ADCY1,1,1
CST1,ANKRD19P,1,1
CST1,CCSAP,1,1
CST1,CHL1,1,1
CST1,CHST6,1,1
CST1,CMB9-22P13.1,1,1
CST1,CMTM8,1,1
CST1,COLGALT1,1,1
CST1,FABP7,1,1
CST1,FCGR2A,1,1
CST1,FKBP11,1,1
CST1,GATA4,1,1
CST1,HMCN1,1,1
CST1,HOXA13,1,1
CST1,ITGA9,1,1
CST1,NAPG,1,1
CST1,NOMO1,1,1
CST1,PDGFRL,1,1
CST1,PGRMC1,1,1
CST1,PI15,1,1
CST1,PPIA,1,1
CST1,RAB23,1,1
CST1,RCN2,1,1
CST1,SLC26A2,1,1
CST1,SLC44A1,1,1
CST1,SMAP2,1,1
CST1,TBC1D8,1,1
CST1,TRPM3,1,1
CST1,ZNF280A,1,1
PCDHB17P,ABCA8,1,1
PCDHB17P,ADGRB1,1,1
PCDHB17P,AFAP1L2,1,1
PCDHB17P,AKAP6,1,1
PCDHB17P,ALG13,1,1
PCDHB17P,ANGPTL1,1,1
PCDHB17P,ARCN1,1,1
PCDHB17P,ARHGAP6,1,1
PCDHB17P,ART3,1,1
PCDHB17P,ATP11C,1,1
PCDHB17P,ATP9A,1,1
PCDHB17P,B3GNT7,1,1
PCDHB17P,BMP6,1,1
PCDHB17P,C1QTNF3,1,1
PCDHB17P,CADM4,1,1
PCDHB17P,CC2D1A,1,1
PCDHB17P,CDH12,1,1
PCDHB17P,COL11A2,1,1
PCDHB17P,COL9A2,1,1
PCDHB17P,COLGALT2,1,1
PCDHB17P,CSGALNACT1,1,1
PCDHB17P,CT45A10,1,1
PCDHB17P,CT45A5,1,1
PCDHB17P,CYB561,1,1
PCDHB17P,DDX43,1,1
PCDHB17P,DMRT2,1,1
PCDHB17P,DNAJB6,1,1
PCDHB17P,DNAJC30,1,1
PCDHB17P,DOK1,1,1
PCDHB17P,EIF1AXP1,1,1
PCDHB17P,EIF4H,1,1
PCDHB17P,EMILIN1,1,1
PCDHB17P,EPHA3,1,1
PCDHB17P,EPHB3,1,1
PCDHB17P,EYA2,1,1
PCDHB17P,FOLH1,1,1
PCDHB17P,FOXF1,1,1
PCDHB17P,FREM2,1,1
PCDHB17P,GLI2,1,1
PCDHB17P,GLUD2,1,1
PCDHB17P,GPC1,1,1
PCDHB17P,GPC4,1,1
PCDHB17P,GRIK4,1,1
PCDHB17P,GUCY1B3,1,1
PCDHB17P,HS3ST3B1,1,1
PCDHB17P,IGFBP2,1,1
PCDHB17P,IL13RA2,1,1
PCDHB17P,ILK,1,1
PCDHB17P,ITGA10,1,1
PCDHB17P,ITPRIPL2,1,1
PCDHB17P,JARID2,1,1
PCDHB17P,KCNC3,1,1
PCDHB17P,LAMA2,1,1
PCDHB17P,LAMA4,1,1
PCDHB17P,LRRC75A,1,1
PCDHB17P,MAFB,1,1
PCDHB17P,MAMDC2,1,1
PCDHB17P,MEOX2,1,1
PCDHB17P,MICALL2,1,1
PCDHB17P,MMP16,1,1
PCDHB17P,MRPS6,1,1
PCDHB17P,NDRG1,1,1
PCDHB17P,NPAS1,1,1
PCDHB17P,NPHP1,1,1
PCDHB17P,NR0B1,1,1
PCDHB17P,NTN1,1,1
PCDHB17P,P3H2,1,1
PCDHB17P,P3H4,1,1
PCDHB17P,PATZ1,1,1
PCDHB17P,PCDHA10,1,1
PCDHB17P,PCDHB11,1,1
PCDHB17P,PCDHB6,1,1
PCDHB17P,PCDHGA7,1,1
PCDHB17P,PDDC1,1,1
PCDHB17P,PLBD1,1,1
PCDHB17P,PMS2CL,1,1
PCDHB17P,POU3F3,1,1
PCDHB17P,PPIC,1,1
PCDHB17P,PPP2R2B,1,1
PCDHB17P,PRRX1,1,1
PCDHB17P,PTGFRN,1,1
PCDHB17P,RAB7B,1,1
PCDHB17P,RBMS1,1,1
PCDHB17P,RNF128,1,1
PCDHB17P,RPN1,1,1
PCDHB17P,S100A13,1,1
PCDHB17P,SCARA5,1,1
PCDHB17P,SEL1L3,1,1
PCDHB17P,SERPINE2,1,1
PCDHB17P,SLC43A2,1,1
PCDHB17P,SLC5A3,1,1
PCDHB17P,SMIM3,1,1
PCDHB17P,SNED1,1,1
PCDHB17P,SOX8,1,1
PCDHB17P,ST8SIA5,1,1
PCDHB17P,STK32B,1,1
PCDHB17P,TBXAS1,1,1
PCDHB17P,TCN1,1,1
PCDHB17P,TENM1,1,1
PCDHB17P,TGFB3,1,1
PCDHB17P,TIGD1,1,1
PCDHB17P,TIMP1,1,1
PCDHB17P,TNFAIP6,1,1
PCDHB17P,TOR1AIP2,1,1
PCDHB17P,TOR3A,1,1
PCDHB17P,TRPM8,1,1
PCDHB17P,TSPAN13,1,1
PCDHB17P,WNK4,1,1
PCDHB17P,WWTR1,1,1
PCDHB17P,XIAP,1,1
PCDHB17P,XPR1,1,1
PCDHB17P,XYLT1,1,1
PCDHB17P,ZBTB45P2,1,1
PCDHB17P,ZNF536,1,1
PCDHB17P,BP-21264C1.1,1,1
OLFM2,ACAD11,1,1
OLFM2,ARHGAP20,1,1
OLFM2,B3GNT7,1,1
OLFM2,BAALC,1,1
OLFM2,BFSP1,1,1
OLFM2,BMP6,1,1
OLFM2,C8ORF48,1,1
OLFM2,CACNA1H,1,1
OLFM2,CCDC113,1,1
OLFM2,CCDC78,1,1
OLFM2,CGREF1,1,1
OLFM2,CHPF,1,1
OLFM2,COASY,1,1
OLFM2,DEPDC7,1,1
OLFM2,EYA2,1,1
OLFM2,FAM134B,1,1
OLFM2,FBF1,1,1
OLFM2,FDXR,1,1
OLFM2,FOLH1,1,1
OLFM2,IFI16,1,1
OLFM2,JUNB,1,1
OLFM2,LAMA2,1,1
OLFM2,LRP2,1,1
OLFM2,NTN1,1,1
OLFM2,PITPNC1,1,1
OLFM2,PPIC,1,1
OLFM2,PPP2R2B,1,1
OLFM2,PYROXD2,1,1
OLFM2,RNASE1,1,1
OLFM2,RP11-111F5.5,1,1
OLFM2,SERPINA3,1,1
OLFM2,SEZ6L2,1,1
OLFM2,SLC40A1,1,1
OLFM2,SOD3,1,1
OLFM2,SPATS1,1,1
OLFM2,STAT3,1,1
OLFM2,TARS2,1,1
OLFM2,TRPM8,1,1
OLFM2,WBSCR27,1,1
NDRG1,ADGRB1,1,1
NDRG1,AFAP1L2,1,1
NDRG1,ALG13,1,1
NDRG1,ANGPTL1,1,1
NDRG1,ARHGAP6,1,1
NDRG1,ART3,1,1
NDRG1,ATP9A,1,1
NDRG1,B3GNT7,1,1
NDRG1,C17ORF96,1,1
NDRG1,C1QTNF3,1,1
NDRG1,CC2D1A,1,1
NDRG1,COL9A2,1,1
NDRG1,COLGALT2,1,1
NDRG1,CT45A10,1,1
NDRG1,CT45A5,1,1
NDRG1,CYB561,1,1
NDRG1,DMRT2,1,1
NDRG1,DOK1,1,1
NDRG1,EIF4H,1,1
NDRG1,EMILIN1,1,1
NDRG1,EPHA3,1,1
NDRG1,EPHB3,1,1
NDRG1,EYA2,1,1
NDRG1,FOXF1,1,1
NDRG1,FREM2,1,1
NDRG1,GLI2,1,1
NDRG1,GLUD2,1,1
NDRG1,GPC1,1,1
NDRG1,GRIK4,1,1
NDRG1,IL13RA2,1,1
NDRG1,ITPRIPL2,1,1
NDRG1,JARID2,1,1
NDRG1,KCNC3,1,1
NDRG1,LAMA4,1,1
NDRG1,MEOX2,1,1
NDRG1,MICALL2,1,1
NDRG1,MMP16,1,1
NDRG1,MRPS6,1,1
NDRG1,NPAS1,1,1
NDRG1,NR0B1,1,1
NDRG1,NTN1,1,1
NDRG1,P3H2,1,1
NDRG1,PATZ1,1,1
NDRG1,PCDHA10,1,1
NDRG1,PCDHB11,1,1
NDRG1,PCDHB6,1,1
NDRG1,PCDHGA7,1,1
NDRG1,PLBD1,1,1
NDRG1,POU3F3,1,1
NDRG1,PRRX1,1,1
NDRG1,RAB7B,1,1
NDRG1,RBMS1,1,1
NDRG1,RNF128,1,1
NDRG1,SCARA5,1,1
NDRG1,SERPINE2,1,1
NDRG1,SLC43A2,1,1
NDRG1,SNED1,1,1
NDRG1,ST8SIA5,1,1
NDRG1,STK32B,1,1
NDRG1,TBXAS1,1,1
NDRG1,TCN1,1,1
NDRG1,TGFB3,1,1
NDRG1,TIGD1,1,1
NDRG1,TNFAIP6,1,1
NDRG1,TOR1AIP2,1,1
NDRG1,TSPAN13,1,1
NDRG1,TYW1B,1,1
NDRG1,WNK4,1,1
NDRG1,XIAP,1,1
NDRG1,ZBTB45P2,1,1
NDRG1,ZNF860,1,1
DPY19L1,ACTN2,1,1
DPY19L1,ARHGAP25,1,1
DPY19L1,C16ORF52,1,1
DPY19L1,CENPL,1,1
DPY19L1,CEP170B,1,1
DPY19L1,CLCC1,1,1
DPY19L1,CNKSR3,1,1
DPY19L1,COL19A1,1,1
DPY19L1,COX18,1,1
DPY19L1,CSGALNACT1,1,1
DPY19L1,EPDR1,1,1
DPY19L1,ERLEC1,1,1
DPY19L1,FAM188B,1,1
DPY19L1,FAM198B,1,1
DPY19L1,FAM3C,1,1
DPY19L1,FGF13,1,1
DPY19L1,H1FX,1,1
DPY19L1,ICAM1,1,1
DPY19L1,IL1RAP,1,1
DPY19L1,KCNC4,1,1
DPY19L1,KIAA0040,1,1
DPY19L1,LIN28B,1,1
DPY19L1,MAML2,1,1
DPY19L1,MAN1A2,1,1
DPY19L1,MEGF10,1,1
DPY19L1,MRAP2,1,1
DPY19L1,NPAS1,1,1
DPY19L1,NSF,1,1
DPY19L1,PCOLCE2,1,1
DPY19L1,PIEZO2,1,1
DPY19L1,RAD17,1,1
DPY19L1,RCN2,1,1
DPY19L1,ROR1,1,1
DPY19L1,RPN1,1,1
DPY19L1,SCG2,1,1
DPY19L1,SLC19A3,1,1
DPY19L1,SLC26A4,1,1
DPY19L1,SOX5,1,1
DPY19L1,STIM2,1,1
DPY19L1,STON2,1,1
DPY19L1,SWAP70,1,1
DPY19L1,TMEM5,1,1
DPY19L1,TOR3A,1,1
DPY19L1,TRIM51,1,1
DPY19L1,TVP23B,1,1
DPY19L1,XPR1,1,1
DPY19L1,ZBTB33,1,1
DPY19L1,ZNF654,1,1
SERINC3,ANKH,1,1
SERINC3,C17ORF96,1,1
SERINC3,COLGALT2,1,1
SERINC3,F12,1,1
SERINC3,FREM2,1,1
SERINC3,GATB,1,1
SERINC3,ICAM5,1,1
SERINC3,KIAA1328,1,1
SERINC3,LIMS1,1,1
SERINC3,MMP16,1,1
SERINC3,RPS6KA3,1,1
SERINC3,SLC43A2,1,1
SERINC3,SP100,1,1
SERINC3,TSPAN13,1,1
SERINC3,UBA1,1,1
DOK1,ABCA8,1,1
DOK1,ACTN2,1,1
DOK1,ADGRB1,1,1
DOK1,AFAP1L2,1,1
DOK1,AKAP6,1,1
DOK1,ALG13,1,1
DOK1,ANGPTL1,1,1
DOK1,ARHGAP25,1,1
DOK1,ARHGAP6,1,1
DOK1,ART3,1,1
DOK1,ATP9A,1,1
DOK1,B3GNT7,1,1
DOK1,C1QTNF3,1,1
DOK1,CC2D1A,1,1
DOK1,CHPF,1,1
DOK1,COL11A2,1,1
DOK1,COL9A2,1,1
DOK1,COLGALT2,1,1
DOK1,CSGALNACT1,1,1
DOK1,CT45A10,1,1
DOK1,CT45A5,1,1
DOK1,DMRT2,1,1
DOK1,EMILIN1,1,1
DOK1,EPHA3,1,1
DOK1,EPHB3,1,1
DOK1,EYA2,1,1
DOK1,FAM188B,1,1
DOK1,FAM198B,1,1
DOK1,FGF13,1,1
DOK1,FKBP9P1,1,1
DOK1,FOXF1,1,1
DOK1,FREM2,1,1
DOK1,GLUD2,1,1
DOK1,GPC1,1,1
DOK1,GPC4,1,1
DOK1,GRIK4,1,1
DOK1,HS3ST3B1,1,1
DOK1,ID4,1,1
DOK1,IGFBP2,1,1
DOK1,IL13RA2,1,1
DOK1,IL1RAP,1,1
DOK1,ITGA10,1,1
DOK1,ITPRIPL2,1,1
DOK1,KCNC3,1,1
DOK1,KIAA0040,1,1
DOK1,LAMA4,1,1
DOK1,LAMC3,1,1
DOK1,LSM 10.00,1,1
DOK1,MAFB,1,1
DOK1,MEOX2,1,1
DOK1,MICALL2,1,1
DOK1,MMP16,1,1
DOK1,MRAP2,1,1
DOK1,NPAS1,1,1
DOK1,NR0B1,1,1
DOK1,NTN1,1,1
DOK1,OFD1,1,1
DOK1,P3H2,1,1
DOK1,PATZ1,1,1
DOK1,PCDHA10,1,1
DOK1,PCDHB11,1,1
DOK1,PCDHB6,1,1
DOK1,PCDHGA7,1,1
DOK1,PCOLCE2,1,1
DOK1,PDDC1,1,1
DOK1,PIEZO2,1,1
DOK1,PITPNC1,1,1
DOK1,PLBD1,1,1
DOK1,PMS2CL,1,1
DOK1,POU3F3,1,1
DOK1,PPIC,1,1
DOK1,PRDX6,1,1
DOK1,PRRX1,1,1
DOK1,PTGFRN,1,1
DOK1,RAB7B,1,1
DOK1,RBMS1,1,1
DOK1,RNF128,1,1
DOK1,RNF216,1,1
DOK1,RPN1,1,1
DOK1,S100A13,1,1
DOK1,SCARA5,1,1
DOK1,SERPINE2,1,1
DOK1,SLC19A3,1,1
DOK1,SLC26A4,1,1
DOK1,SPATS1,1,1
DOK1,STK32B,1,1
DOK1,STON2,1,1
DOK1,TBC1D10B,1,1
DOK1,TCN1,1,1
DOK1,TGFB3,1,1
DOK1,TIGD1,1,1
DOK1,TIMP1,1,1
DOK1,TNFAIP6,1,1
DOK1,TOR1AIP2,1,1
DOK1,TOR3A,1,1
DOK1,TRPM8,1,1
DOK1,TSPAN13,1,1
DOK1,WNK4,1,1
DOK1,WWTR1,1,1
DOK1,XIAP,1,1
DOK1,XPR1,1,1
NAP1L5,ACAD11,1,1
NAP1L5,ADGRL1,1,1
NAP1L5,CADM4,1,1
NAP1L5,CALCOCO2,1,1
NAP1L5,CCM2,1,1
NAP1L5,DDX43,1,1
NAP1L5,DEPDC7,1,1
NAP1L5,DNAJB6,1,1
NAP1L5,DNAJC30,1,1
NAP1L5,EMILIN1,1,1
NAP1L5,FOXO1,1,1
NAP1L5,FUNDC1,1,1
NAP1L5,GPR37,1,1
NAP1L5,GUCY1B3,1,1
NAP1L5,HERC2P3,1,1
NAP1L5,INSR,1,1
NAP1L5,KIFAP3,1,1
NAP1L5,LGMN,1,1
NAP1L5,MBTPS1,1,1
NAP1L5,MEAF6,1,1
NAP1L5,MORN2,1,1
NAP1L5,NFIA,1,1
NAP1L5,NPHP1,1,1
NAP1L5,PIGS,1,1
NAP1L5,PPP2R2B,1,1
NAP1L5,PTCHD4,1,1
NAP1L5,S100A13,1,1
NAP1L5,SCYL1,1,1
NAP1L5,SLC27A5,1,1
NAP1L5,SMIM3,1,1
NAP1L5,STAT3,1,1
NAP1L5,TAF1C,1,1
NAP1L5,TIMM10B,1,1
NAP1L5,ZNF536,1,1
CCDC113,ABCA8,1,1
CCDC113,ACAD11,1,1
CCDC113,ADAP1,1,1
CCDC113,ATP5D,1,1
CCDC113,B3GNT7,1,1
CCDC113,BAALC,1,1
CCDC113,BFSP1,1,1
CCDC113,BMP6,1,1
CCDC113,CDH12,1,1
CCDC113,CGREF1,1,1
CCDC113,COASY,1,1
CCDC113,CXORF38,1,1
CCDC113,DNAJB6,1,1
CCDC113,DNAJC30,1,1
CCDC113,EMILIN1,1,1
CCDC113,EYA2,1,1
CCDC113,FAM134B,1,1
CCDC113,FOLH1,1,1
CCDC113,GUCY1B3,1,1
CCDC113,IGFBP2,1,1
CCDC113,JUNB,1,1
CCDC113,LAMA2,1,1
CCDC113,MAMDC2,1,1
CCDC113,NTN1,1,1
CCDC113,P3H4,1,1
CCDC113,PATZ1,1,1
CCDC113,PCDHB11,1,1
CCDC113,PCDHB6,1,1
CCDC113,PITPNC1,1,1
CCDC113,PLBD1,1,1
CCDC113,PPP2R2B,1,1
CCDC113,RANBP17,1,1
CCDC113,RNASE1,1,1
CCDC113,RP11-111F5.5,1,1
CCDC113,RP11-43F13.1,1,1
CCDC113,SEL1L3,1,1
CCDC113,SERPINA3,1,1
CCDC113,SLC29A4,1,1
CCDC113,SLC40A1,1,1
CCDC113,SMIM3,1,1
CCDC113,SOD3,1,1
CCDC113,SPAG4,1,1
CCDC113,SRPX2,1,1
CCDC113,TYW1B,1,1
CCDC113,WBSCR27,1,1
CCDC113,ZBTB20,1,1
CCDC113,BP-21264C1.1,1,1
SMIM3,ABCA8,1,1
SMIM3,ACAD11,1,1
SMIM3,ADAP1,1,1
SMIM3,ADGRB1,1,1
SMIM3,AFAP1L2,1,1
SMIM3,AKAP6,1,1
SMIM3,ARHGAP20,1,1
SMIM3,ARHGAP6,1,1
SMIM3,ATP9A,1,1
SMIM3,B3GNT7,1,1
SMIM3,BAALC,1,1
SMIM3,BMP6,1,1
SMIM3,CACNA1H,1,1
SMIM3,CADM4,1,1
SMIM3,CDH12,1,1
SMIM3,COL9A2,1,1
SMIM3,CT45A10,1,1
SMIM3,CYB561,1,1
SMIM3,DDX43,1,1
SMIM3,DEPDC7,1,1
SMIM3,DNAJB6,1,1
SMIM3,DNAJC30,1,1
SMIM3,EMILIN1,1,1
SMIM3,EYA2,1,1
SMIM3,FOLH1,1,1
SMIM3,FUNDC1,1,1
SMIM3,GPC1,1,1
SMIM3,GRIK4,1,1
SMIM3,GUCY1B3,1,1
SMIM3,HS3ST3B1,1,1
SMIM3,IGFBP2,1,1
SMIM3,IL13RA2,1,1
SMIM3,ITGA10,1,1
SMIM3,ITPRIPL2,1,1
SMIM3,JARID2,1,1
SMIM3,LAMA2,1,1
SMIM3,MAFB,1,1
SMIM3,MEOX2,1,1
SMIM3,MORN2,1,1
SMIM3,MRPS6,1,1
SMIM3,NPHP1,1,1
SMIM3,NR0B1,1,1
SMIM3,NTN1,1,1
SMIM3,P3H4,1,1
SMIM3,PATZ1,1,1
SMIM3,PCDHA10,1,1
SMIM3,PCDHB11,1,1
SMIM3,PCDHB6,1,1
SMIM3,PLBD1,1,1
SMIM3,POU3F3,1,1
SMIM3,PPIC,1,1
SMIM3,PPP2R2B,1,1
SMIM3,RANBP17,1,1
SMIM3,RP11-111F5.5,1,1
SMIM3,S100A13,1,1
SMIM3,SCARA5,1,1
SMIM3,SEL1L3,1,1
SMIM3,SERPINA3,1,1
SMIM3,SOD3,1,1
SMIM3,STAT3,1,1
SMIM3,TENM1,1,1
SMIM3,TRPM8,1,1
SMIM3,USP9X,1,1
SMIM3,WNK4,1,1
HS6ST2,ADORA2B,1,1
HS6ST2,ANKH,1,1
HS6ST2,BATF3,1,1
HS6ST2,C16ORF72,1,1
HS6ST2,CPNE3,1,1
HS6ST2,HOXC8,1,1
HS6ST2,KDM6A,1,1
HS6ST2,LIMS1,1,1
HS6ST2,NFIC,1,1
HS6ST2,OCIAD1,1,1
HS6ST2,PRKAR1B,1,1
HS6ST2,RND3,1,1
HS6ST2,SERPINH1,1,1
HS6ST2,SRPX2,1,1
HS6ST2,UBA5,1,1
HS6ST2,YBX3,1,1
HS6ST2,YWHAG,1,1
ABHD14A,CCNE1,1,1
ABHD14A,CNBP,1,1
ABHD14A,COTL1,1,1
ABHD14A,COX10,1,1
ABHD14A,DLX1,1,1
ABHD14A,EIF5A,1,1
ABHD14A,FRMD6,1,1
ABHD14A,NMD3,1,1
ABHD14A,PHF14,1,1
MGAT5B,ADAMTS9,1,1
MGAT5B,ASB9,1,1
MGAT5B,CHL1,1,1
MGAT5B,DOCK10,1,1
MGAT5B,GATA4,1,1
MGAT5B,KDM1B,1,1
MGAT5B,MTIF2,1,1
MGAT5B,NOA1,1,1
MGAT5B,RPTOR,1,1
FOXRED1,ATP5D,1,1
FOXRED1,GPKOW,1,1
PCDHB11,ABCA8,1,1
PCDHB11,ADAP1,1,1
PCDHB11,ADGRB1,1,1
PCDHB11,AFAP1L2,1,1
PCDHB11,AKAP6,1,1
PCDHB11,ARHGAP20,1,1
PCDHB11,ARHGAP6,1,1
PCDHB11,ATP9A,1,1
PCDHB11,B3GNT7,1,1
PCDHB11,BATF3,1,1
PCDHB11,BFSP1,1,1
PCDHB11,BMP6,1,1
PCDHB11,C1QTNF3,1,1
PCDHB11,CACNA1H,1,1
PCDHB11,CADM4,1,1
PCDHB11,CC2D1A,1,1
PCDHB11,CDH12,1,1
PCDHB11,CGREF1,1,1
PCDHB11,CHPF,1,1
PCDHB11,COL9A2,1,1
PCDHB11,COLGALT2,1,1
PCDHB11,CT45A10,1,1
PCDHB11,CT45A5,1,1
PCDHB11,DDX43,1,1
PCDHB11,DNAJB6,1,1
PCDHB11,DNAJC30,1,1
PCDHB11,EIF4H,1,1
PCDHB11,EMILIN1,1,1
PCDHB11,EYA2,1,1
PCDHB11,FOLH1,1,1
PCDHB11,FOXF1,1,1
PCDHB11,FREM2,1,1
PCDHB11,GPC1,1,1
PCDHB11,GRIK4,1,1
PCDHB11,GUCY1B3,1,1
PCDHB11,HS3ST3B1,1,1
PCDHB11,IGFBP2,1,1
PCDHB11,IL13RA2,1,1
PCDHB11,ITGA10,1,1
PCDHB11,ITPRIPL2,1,1
PCDHB11,JARID2,1,1
PCDHB11,JUNB,1,1
PCDHB11,KCNC3,1,1
PCDHB11,LAMA2,1,1
PCDHB11,LRP2,1,1
PCDHB11,MAFB,1,1
PCDHB11,MAMDC2,1,1
PCDHB11,MEOX2,1,1
PCDHB11,MICALL2,1,1
PCDHB11,MRPS6,1,1
PCDHB11,NPHP1,1,1
PCDHB11,NTN1,1,1
PCDHB11,OPHN1,1,1
PCDHB11,P3H4,1,1
PCDHB11,PATZ1,1,1
PCDHB11,PCDHA10,1,1
PCDHB11,PCDHB6,1,1
PCDHB11,PDDC1,1,1
PCDHB11,PITPNC1,1,1
PCDHB11,PLBD1,1,1
PCDHB11,POU3F3,1,1
PCDHB11,PPIC,1,1
PCDHB11,PPP2R2B,1,1
PCDHB11,RANBP17,1,1
PCDHB11,RP11-111F5.5,1,1
PCDHB11,SCARA5,1,1
PCDHB11,SEL1L3,1,1
PCDHB11,SERPINA3,1,1
PCDHB11,SERPINE2,1,1
PCDHB11,SOD3,1,1
PCDHB11,SPATS1,1,1
PCDHB11,STK32B,1,1
PCDHB11,TENM1,1,1
PCDHB11,TGFB3,1,1
PCDHB11,TIGD1,1,1
PCDHB11,TRPM8,1,1
PCDHB11,TSPAN13,1,1
PCDHB11,TYW1B,1,1
PCDHB11,UBA1,1,1
PCDHB11,WNK4,1,1
PCDHB11,WWTR1,1,1
PCDHB11,BP-21264C1.1,1,1
APC,TP53BP2,1,1
SP100,ADAM17,1,1
SP100,ATG101,1,1
SP100,COTL1,1,1
SP100,ERCC1,1,1
SP100,GATB,1,1
SP100,HSP90B1,1,1
SP100,LRFN1,1,1
SP100,STYX,1,1
SP100,UCK1,1,1
ITGA10,ABCA8,1,1
ITGA10,ADGRB1,1,1
ITGA10,AFAP1L2,1,1
ITGA10,AKAP6,1,1
ITGA10,ALG13,1,1
ITGA10,ARHGAP20,1,1
ITGA10,B3GNT7,1,1
ITGA10,BMP6,1,1
ITGA10,CACNA1H,1,1
ITGA10,CADM4,1,1
ITGA10,CC2D1A,1,1
ITGA10,CDC42EP3,1,1
ITGA10,CHPF,1,1
ITGA10,COL11A2,1,1
ITGA10,COL9A2,1,1
ITGA10,CT45A10,1,1
ITGA10,DNAJB6,1,1
ITGA10,DTX2,1,1
ITGA10,EMILIN1,1,1
ITGA10,EYA2,1,1
ITGA10,FBF1,1,1
ITGA10,FOLH1,1,1
ITGA10,GPC1,1,1
ITGA10,GPC4,1,1
ITGA10,GRIK4,1,1
ITGA10,GUCY1B3,1,1
ITGA10,HS3ST3B1,1,1
ITGA10,IFI16,1,1
ITGA10,IGFBP2,1,1
ITGA10,ITPRIPL2,1,1
ITGA10,LAMA2,1,1
ITGA10,LAMA4,1,1
ITGA10,LAMC3,1,1
ITGA10,LRP2,1,1
ITGA10,MAFB,1,1
ITGA10,MEOX2,1,1
ITGA10,MICALL2,1,1
ITGA10,NPHP1,1,1
ITGA10,NPTX2,1,1
ITGA10,NR0B1,1,1
ITGA10,NTN1,1,1
ITGA10,P3H4,1,1
ITGA10,PATZ1,1,1
ITGA10,PCDHB6,1,1
ITGA10,PDDC1,1,1
ITGA10,PITPNC1,1,1
ITGA10,PLBD1,1,1
ITGA10,PMS2CL,1,1
ITGA10,POU3F3,1,1
ITGA10,PPIC,1,1
ITGA10,PPP2R2B,1,1
ITGA10,RP11-111F5.5,1,1
ITGA10,S100A13,1,1
ITGA10,SCARA5,1,1
ITGA10,SERPINA3,1,1
ITGA10,SEZ6L2,1,1
ITGA10,SOD3,1,1
ITGA10,SPATS1,1,1
ITGA10,TGFB3,1,1
ITGA10,TIMP1,1,1
ITGA10,TIPARP,1,1
ITGA10,TRPM8,1,1
ITGA10,VPS26A,1,1
ITGA10,WNK4,1,1
PALLD,ABCD3,1,1
PALLD,MORF4L2,1,1
PALLD,MPLKIP,1,1
PALLD,SLC7A6OS,1,1
CXORF38,CDK16,1,1
CXORF38,RANBP17,1,1
CXORF38,ZBTB20,1,1
HMCN1,ADAMTS9,1,1
HMCN1,ADCY1,1,1
HMCN1,ANKRD19P,1,1
HMCN1,ANKRD26,1,1
HMCN1,ARHGAP25,1,1
HMCN1,B9D1,1,1
HMCN1,C8ORF58,1,1
HMCN1,CCSAP,1,1
HMCN1,CHST6,1,1
HMCN1,CLCC1,1,1
HMCN1,CMB9-22P13.1,1,1
HMCN1,COLGALT1,1,1
HMCN1,COPG1,1,1
HMCN1,CRISPLD1,1,1
HMCN1,DNAJB12,1,1
HMCN1,EPDR1,1,1
HMCN1,FABP7,1,1
HMCN1,FAM198B,1,1
HMCN1,FCGR2A,1,1
HMCN1,FGF13,1,1
HMCN1,FKBP11,1,1
HMCN1,FKBP9,1,1
HMCN1,FKBP9P1,1,1
HMCN1,GLCCI1,1,1
HMCN1,GPC4,1,1
HMCN1,GRIK2,1,1
HMCN1,HOXA13,1,1
HMCN1,ICAM1,1,1
HMCN1,ID4,1,1
HMCN1,ITGA9,1,1
HMCN1,MAN1B1,1,1
HMCN1,METTL14,1,1
HMCN1,MRPL57,1,1
HMCN1,NAPG,1,1
HMCN1,NOMO1,1,1
HMCN1,NSF,1,1
HMCN1,PCOLCE2,1,1
HMCN1,PDGFRL,1,1
HMCN1,PDZD4,1,1
HMCN1,PGRMC1,1,1
HMCN1,PI15,1,1
HMCN1,PIEZO2,1,1
HMCN1,PPIA,1,1
HMCN1,PPP1R13B,1,1
HMCN1,PTGFRN,1,1
HMCN1,PWWP2A,1,1
HMCN1,RAB23,1,1
HMCN1,RAD17,1,1
HMCN1,ROR1,1,1
HMCN1,SLC19A3,1,1
HMCN1,SLC26A2,1,1
HMCN1,SLC26A4,1,1
HMCN1,SLC44A1,1,1
HMCN1,SMAD4,1,1
HMCN1,SMAP2,1,1
HMCN1,TBC1D8,1,1
HMCN1,TMEM5,1,1
HMCN1,TMEM62,1,1
HMCN1,TRPM3,1,1
HMCN1,TVP23B,1,1
HMCN1,ZNF736,1,1
WT1,ABCF2,1,1
WT1,ANKH,1,1
WT1,BATF3,1,1
WT1,C17ORF89,1,1
WT1,C17ORF96,1,1
WT1,COLGALT2,1,1
WT1,COTL1,1,1
WT1,CTDSP1,1,1
WT1,EIF1AX,1,1
WT1,EIF4H,1,1
WT1,F11R,1,1
WT1,F12,1,1
WT1,FREM2,1,1
WT1,FRMD6,1,1
WT1,JRK,1,1
WT1,KIAA1328,1,1
WT1,L3HYPDH,1,1
WT1,LIMS1,1,1
WT1,MMADHC,1,1
WT1,MMP16,1,1
WT1,NFIC,1,1
WT1,NMD3,1,1
WT1,OFD1,1,1
WT1,POLRMT,1,1
WT1,PRKAR1B,1,1
WT1,PTK7,1,1
WT1,RBMS1,1,1
WT1,RPS6KA3,1,1
WT1,SLC43A2,1,1
WT1,TIGD1,1,1
WT1,TOR1AIP2,1,1
WT1,TSPAN13,1,1
WT1,UBA1,1,1
WT1,YWHAG,1,1
WT1,ZNF107,1,1
WT1,ZNF335,1,1
WT1,BP-21264C1.1,1,1
CC2D1A,ABCA8,1,1
CC2D1A,ACTN2,1,1
CC2D1A,ADGRB1,1,1
CC2D1A,AFAP1L2,1,1
CC2D1A,AKAP6,1,1
CC2D1A,ALG13,1,1
CC2D1A,ARHGAP20,1,1
CC2D1A,ARHGAP6,1,1
CC2D1A,ART3,1,1
CC2D1A,ATP9A,1,1
CC2D1A,B3GNT7,1,1
CC2D1A,BFSP1,1,1
CC2D1A,BMP6,1,1
CC2D1A,CDH12,1,1
CC2D1A,CHPF,1,1
CC2D1A,COL9A2,1,1
CC2D1A,COLGALT2,1,1
CC2D1A,COPB2,1,1
CC2D1A,CSGALNACT1,1,1
CC2D1A,CT45A10,1,1
CC2D1A,CT45A5,1,1
CC2D1A,EMILIN1,1,1
CC2D1A,EPHA3,1,1
CC2D1A,EYA2,1,1
CC2D1A,FAM188B,1,1
CC2D1A,FAM198B,1,1
CC2D1A,FBF1,1,1
CC2D1A,FKBP9P1,1,1
CC2D1A,FOLH1,1,1
CC2D1A,FREM2,1,1
CC2D1A,GLUD2,1,1
CC2D1A,GPC1,1,1
CC2D1A,GPC4,1,1
CC2D1A,GRIK4,1,1
CC2D1A,HS3ST3B1,1,1
CC2D1A,ID4,1,1
CC2D1A,IFI16,1,1
CC2D1A,IGFBP2,1,1
CC2D1A,IL13RA2,1,1
CC2D1A,ITPRIPL2,1,1
CC2D1A,KCNC3,1,1
CC2D1A,LAMA2,1,1
CC2D1A,LAMA4,1,1
CC2D1A,LAMC3,1,1
CC2D1A,LRP2,1,1
CC2D1A,MAFB,1,1
CC2D1A,MAMDC2,1,1
CC2D1A,MEOX2,1,1
CC2D1A,MICALL2,1,1
CC2D1A,MRAP2,1,1
CC2D1A,NPAS1,1,1
CC2D1A,NTN1,1,1
CC2D1A,OFD1,1,1
CC2D1A,P3H2,1,1
CC2D1A,P3H4,1,1
CC2D1A,PATZ1,1,1
CC2D1A,PCDHA10,1,1
CC2D1A,PCDHB6,1,1
CC2D1A,PDDC1,1,1
CC2D1A,PIEZO2,1,1
CC2D1A,PITPNC1,1,1
CC2D1A,PLBD1,1,1
CC2D1A,PMS2CL,1,1
CC2D1A,POU3F3,1,1
CC2D1A,PPIC,1,1
CC2D1A,PPP2R2B,1,1
CC2D1A,PRDX6,1,1
CC2D1A,PTGFRN,1,1
CC2D1A,RNF216,1,1
CC2D1A,RP11-111F5.5,1,1
CC2D1A,RPN1,1,1
CC2D1A,SCARA5,1,1
CC2D1A,SERPINE2,1,1
CC2D1A,SEZ6L2,1,1
CC2D1A,SLC26A4,1,1
CC2D1A,SPARC,1,1
CC2D1A,SPATS1,1,1
CC2D1A,SRGAP2,1,1
CC2D1A,STAT3,1,1
CC2D1A,STK32B,1,1
CC2D1A,TBC1D10B,1,1
CC2D1A,TGFB3,1,1
CC2D1A,TIGD1,1,1
CC2D1A,TIMP1,1,1
CC2D1A,TNFAIP6,1,1
CC2D1A,TRPM8,1,1
CC2D1A,TSPAN13,1,1
CC2D1A,WNK4,1,1
CC2D1A,WWTR1,1,1
CC2D1A,XPR1,1,1
PSME3,DLAT,1,1
PSME3,RRP15,1,1
PTPRA,COTL1,1,1
PTPRA,EFNA5,1,1
PTPRA,F11R,1,1
PTPRA,FRMD6,1,1
PTPRA,MECP2,1,1
PTPRA,NECAP2,1,1
PTPRA,ZNF335,1,1
ANKRD26,ADGRA3,1,1
ANKRD26,CALM1,1,1
ANKRD26,CMB9-22P13.1,1,1
ANKRD26,CNOT6,1,1
ANKRD26,COLGALT1,1,1
ANKRD26,FKBP11,1,1
ANKRD26,HOXA13,1,1
ANKRD26,KDSR,1,1
ANKRD26,MAN1B1,1,1
ANKRD26,METTL14,1,1
ANKRD26,MLLT10,1,1
ANKRD26,PDGFRL,1,1
ANKRD26,PDZD4,1,1
ANKRD26,PGRMC1,1,1
ANKRD26,PI15,1,1
ANKRD26,PWWP2A,1,1
ANKRD26,PYCR2,1,1
ANKRD26,RAD17,1,1
ANKRD26,RC3H2,1,1
ANKRD26,SECISBP2,1,1
ANKRD26,SLC44A1,1,1
ANKRD26,SMAD4,1,1
ANKRD26,STX2,1,1
ANKRD26,UPF2,1,1
ANKRD26,ZNF280A,1,1
ADCK3,MOSPD2,1,1
ZBTB20,CDK16,1,1
ZBTB20,SLC29A4,1,1
ZBTB20,SPAG4,1,1
ZBTB20,WBSCR27,1,1
GAGE2E,ADAP1,1,1
GAGE2E,CACNA1H,1,1
GAGE2E,CTAG2,1,1
GAGE2E,GAGE12J,1,1
GAGE2E,KCNG4,1,1
GAGE2E,NTN1,1,1
GAGE2E,PITPNC1,1,1
GAGE2E,SPATS1,1,1
GAGE2E,WNK4,1,1
PTGFRN,ABCA8,1,1
PTGFRN,ACTN2,1,1
PTGFRN,ADCY1,1,1
PTGFRN,ADGRB1,1,1
PTGFRN,AFAP1L2,1,1
PTGFRN,AKAP6,1,1
PTGFRN,ALG13,1,1
PTGFRN,ANKRD19P,1,1
PTGFRN,ARHGAP20,1,1
PTGFRN,ARHGAP25,1,1
PTGFRN,ARHGAP6,1,1
PTGFRN,ART3,1,1
PTGFRN,ATP9A,1,1
PTGFRN,B3GNT7,1,1
PTGFRN,CHPF,1,1
PTGFRN,CMB9-22P13.1,1,1
PTGFRN,COL9A2,1,1
PTGFRN,COPB2,1,1
PTGFRN,CRISPLD1,1,1
PTGFRN,CSGALNACT1,1,1
PTGFRN,CT45A10,1,1
PTGFRN,DNAJB12,1,1
PTGFRN,EPHA3,1,1
PTGFRN,EYA2,1,1
PTGFRN,FABP7,1,1
PTGFRN,FAM188B,1,1
PTGFRN,FAM198B,1,1
PTGFRN,FGF13,1,1
PTGFRN,FKBP11,1,1
PTGFRN,FKBP9P1,1,1
PTGFRN,FOLH1,1,1
PTGFRN,GLUD2,1,1
PTGFRN,GPC1,1,1
PTGFRN,GPC4,1,1
PTGFRN,GRIK2,1,1
PTGFRN,GRIK4,1,1
PTGFRN,IARS2,1,1
PTGFRN,ID4,1,1
PTGFRN,IFI16,1,1
PTGFRN,IGFBP2,1,1
PTGFRN,IL13RA2,1,1
PTGFRN,IL1RAP,1,1
PTGFRN,ITPRIPL2,1,1
PTGFRN,KCNC3,1,1
PTGFRN,LAMA4,1,1
PTGFRN,LAMC3,1,1
PTGFRN,LRP2,1,1
PTGFRN,MAFB,1,1
PTGFRN,MAMDC2,1,1
PTGFRN,MAP7D3,1,1
PTGFRN,MEOX2,1,1
PTGFRN,MRAP2,1,1
PTGFRN,NPAS1,1,1
PTGFRN,NSF,1,1
PTGFRN,NTN1,1,1
PTGFRN,OFD1,1,1
PTGFRN,P3H2,1,1
PTGFRN,PATZ1,1,1
PTGFRN,PCDHA10,1,1
PTGFRN,PCDHB6,1,1
PTGFRN,PCOLCE2,1,1
PTGFRN,PDDC1,1,1
PTGFRN,PIEZO2,1,1
PTGFRN,PITPNC1,1,1
PTGFRN,PLBD1,1,1
PTGFRN,PMS2CL,1,1
PTGFRN,PPIC,1,1
PTGFRN,PPP1R13B,1,1
PTGFRN,PRDX6,1,1
PTGFRN,RAB23,1,1
PTGFRN,RAPGEF5,1,1
PTGFRN,RNF216,1,1
PTGFRN,ROR1,1,1
PTGFRN,RPN1,1,1
PTGFRN,SCARA5,1,1
PTGFRN,SERPINE2,1,1
PTGFRN,SEZ6L2,1,1
PTGFRN,SLC19A3,1,1
PTGFRN,SLC26A2,1,1
PTGFRN,SLC26A4,1,1
PTGFRN,SMAP2,1,1
PTGFRN,SPARC,1,1
PTGFRN,SPATS1,1,1
PTGFRN,STAT3,1,1
PTGFRN,STK32B,1,1
PTGFRN,STON2,1,1
PTGFRN,TBC1D10B,1,1
PTGFRN,TGFB3,1,1
PTGFRN,TIMP1,1,1
PTGFRN,TNFAIP6,1,1
PTGFRN,TOR3A,1,1
PTGFRN,TRPM3,1,1
PTGFRN,TRPM8,1,1
PTGFRN,TVP23B,1,1
PTGFRN,WNK4,1,1
PTGFRN,WWTR1,1,1
PTGFRN,XIAP,1,1
PTGFRN,XPR1,1,1
C16ORF72,ADORA2B,1,1
C16ORF72,ANKH,1,1
C16ORF72,CPNE3,1,1
C16ORF72,EBF3,1,1
C16ORF72,HOXC8,1,1
C16ORF72,KDM6A,1,1
C16ORF72,LIMS1,1,1
C16ORF72,NFIC,1,1
C16ORF72,OCIAD1,1,1
C16ORF72,PACRGL,1,1
C16ORF72,PRKAR1B,1,1
C16ORF72,RND3,1,1
C16ORF72,SLC35G2,1,1
C16ORF72,TDG,1,1
C16ORF72,UBA5,1,1
C16ORF72,YWHAG,1,1
C16ORF72,ZFX,1,1
RPN1,ACTN2,1,1
RPN1,ADGRB1,1,1
RPN1,AFAP1L2,1,1
RPN1,ALG13,1,1
RPN1,ANGPTL1,1,1
RPN1,ARHGAP25,1,1
RPN1,ARHGAP6,1,1
RPN1,ART3,1,1
RPN1,ATG101,1,1
RPN1,C16ORF52,1,1
RPN1,C17ORF96,1,1
RPN1,C1QTNF3,1,1
RPN1,CEP170B,1,1
RPN1,COL9A2,1,1
RPN1,COLGALT2,1,1
RPN1,COPB2,1,1
RPN1,CSGALNACT1,1,1
RPN1,CT45A5,1,1
RPN1,DMRT2,1,1
RPN1,DUS3L,1,1
RPN1,EDEM1,1,1
RPN1,EIF1AX,1,1
RPN1,EPHA3,1,1
RPN1,EPHB3,1,1
RPN1,ERCC1,1,1
RPN1,ERLEC1,1,1
RPN1,FAM188B,1,1
RPN1,FAM198B,1,1
RPN1,FGF13,1,1
RPN1,FREM2,1,1
RPN1,GLUD2,1,1
RPN1,GPC4,1,1
RPN1,IL13RA2,1,1
RPN1,IL1RAP,1,1
RPN1,ITGA4,1,1
RPN1,ITPRIPL2,1,1
RPN1,KCNC3,1,1
RPN1,KIAA0040,1,1
RPN1,KIAA1328,1,1
RPN1,LAMA4,1,1
RPN1,MICALL2,1,1
RPN1,MMADHC,1,1
RPN1,MMP16,1,1
RPN1,MRAP2,1,1
RPN1,NOC2LP1,1,1
RPN1,NPAS1,1,1
RPN1,OFD1,1,1
RPN1,P3H2,1,1
RPN1,PCDHA10,1,1
RPN1,PCOLCE2,1,1
RPN1,PDDC1,1,1
RPN1,PIEZO2,1,1
RPN1,PMS2CL,1,1
RPN1,PRDX6,1,1
RPN1,PRPSAP2,1,1
RPN1,RAB7B,1,1
RPN1,RBMS1,1,1
RPN1,RNF128,1,1
RPN1,ROR1,1,1
RPN1,SCARA5,1,1
RPN1,SCG2,1,1
RPN1,SEC61A1,1,1
RPN1,SERPINE2,1,1
RPN1,SLC19A3,1,1
RPN1,SLC26A4,1,1
RPN1,SLC5A3,1,1
RPN1,ST8SIA5,1,1
RPN1,STK32B,1,1
RPN1,STON2,1,1
RPN1,TBC1D10B,1,1
RPN1,TCN1,1,1
RPN1,TGFB3,1,1
RPN1,TIGD1,1,1
RPN1,TIMP1,1,1
RPN1,TNFAIP6,1,1
RPN1,TOR1AIP2,1,1
RPN1,TOR3A,1,1
RPN1,TRIM51,1,1
RPN1,TSPAN13,1,1
RPN1,TVP23B,1,1
RPN1,WWTR1,1,1
RPN1,XIAP,1,1
RPN1,XPR1,1,1
RPN1,ZNF654,1,1
BFSP1,ABCA8,1,1
BFSP1,ANKRD19P,1,1
BFSP1,ARHGAP20,1,1
BFSP1,B3GNT7,1,1
BFSP1,B9D1,1,1
BFSP1,BAALC,1,1
BFSP1,BMP6,1,1
BFSP1,C8ORF48,1,1
BFSP1,CACNA1H,1,1
BFSP1,CCDC78,1,1
BFSP1,CDH12,1,1
BFSP1,CGREF1,1,1
BFSP1,CHPF,1,1
BFSP1,EYA2,1,1
BFSP1,FABP7,1,1
BFSP1,FAM134B,1,1
BFSP1,FBF1,1,1
BFSP1,FDXR,1,1
BFSP1,FOLH1,1,1
BFSP1,GPC4,1,1
BFSP1,IFI16,1,1
BFSP1,IGFBP2,1,1
BFSP1,JUNB,1,1
BFSP1,KREMEN2,1,1
BFSP1,LAMA2,1,1
BFSP1,LAMC3,1,1
BFSP1,LRP2,1,1
BFSP1,MAFB,1,1
BFSP1,MAMDC2,1,1
BFSP1,NTN1,1,1
BFSP1,OPHN1,1,1
BFSP1,PCDHB6,1,1
BFSP1,PITPNC1,1,1
BFSP1,PLBD1,1,1
BFSP1,PNPLA4,1,1
BFSP1,PPIC,1,1
BFSP1,PPP1R13B,1,1
BFSP1,PPP2R2B,1,1
BFSP1,RAB23,1,1
BFSP1,RNASE1,1,1
BFSP1,RP11-111F5.5,1,1
BFSP1,SEL1L3,1,1
BFSP1,SERPINA3,1,1
BFSP1,SEZ6L2,1,1
BFSP1,SLC40A1,1,1
BFSP1,SOD3,1,1
BFSP1,SPARC,1,1
BFSP1,SPATS1,1,1
BFSP1,STAT3,1,1
BFSP1,TACO1,1,1
BFSP1,TARS2,1,1
BFSP1,TBC1D8,1,1
BFSP1,TRPM3,1,1
BFSP1,TRPM8,1,1
BFSP1,WBSCR27,1,1
BFSP1,WNK4,1,1
TENM1,ABCA8,1,1
TENM1,ADGRB1,1,1
TENM1,AFAP1L2,1,1
TENM1,AKAP6,1,1
TENM1,ALG13,1,1
TENM1,ARCN1,1,1
TENM1,ARHGAP6,1,1
TENM1,ATP9A,1,1
TENM1,B3GNT7,1,1
TENM1,C1QTNF3,1,1
TENM1,CADM4,1,1
TENM1,CDH12,1,1
TENM1,COL9A2,1,1
TENM1,COLGALT2,1,1
TENM1,CT45A10,1,1
TENM1,CT45A5,1,1
TENM1,DDX43,1,1
TENM1,DMRT2,1,1
TENM1,DNAJB6,1,1
TENM1,DNAJC30,1,1
TENM1,EIF1AXP1,1,1
TENM1,EIF4H,1,1
TENM1,EMILIN1,1,1
TENM1,EPHB3,1,1
TENM1,EYA2,1,1
TENM1,FOLH1,1,1
TENM1,FOXF1,1,1
TENM1,FREM2,1,1
TENM1,GLI2,1,1
TENM1,GPC1,1,1
TENM1,GRIK4,1,1
TENM1,HS3ST3B1,1,1
TENM1,IGFBP2,1,1
TENM1,IL13RA2,1,1
TENM1,ITPRIPL2,1,1
TENM1,JARID2,1,1
TENM1,KCNC3,1,1
TENM1,LAMA2,1,1
TENM1,LAMA4,1,1
TENM1,MAFB,1,1
TENM1,MAMDC2,1,1
TENM1,MEOX2,1,1
TENM1,MICALL2,1,1
TENM1,MMP16,1,1
TENM1,MRPS6,1,1
TENM1,NPHP1,1,1
TENM1,NR0B1,1,1
TENM1,NTN1,1,1
TENM1,OPHN1,1,1
TENM1,P3H2,1,1
TENM1,P3H4,1,1
TENM1,PATZ1,1,1
TENM1,PCDHA10,1,1
TENM1,PCDHB6,1,1
TENM1,PCDHGA7,1,1
TENM1,PDDC1,1,1
TENM1,PLBD1,1,1
TENM1,POU3F3,1,1
TENM1,PPP2R2B,1,1
TENM1,PRRX1,1,1
TENM1,RAB7B,1,1
TENM1,RAPGEF5,1,1
TENM1,RBMS1,1,1
TENM1,S100A13,1,1
TENM1,SCARA5,1,1
TENM1,SEL1L3,1,1
TENM1,SERPINE2,1,1
TENM1,SLC5A3,1,1
TENM1,SNED1,1,1
TENM1,ST8SIA5,1,1
TENM1,STK32B,1,1
TENM1,TBXAS1,1,1
TENM1,TCN1,1,1
TENM1,TGFB3,1,1
TENM1,TNFAIP6,1,1
TENM1,TRPM8,1,1
TENM1,USP9X,1,1
TENM1,WWTR1,1,1
TENM1,XIAP,1,1
TENM1,ZBTB45P2,1,1
TENM1,BP-21264C1.1,1,1
FOXF1,ADGRB1,1,1
FOXF1,AFAP1L2,1,1
FOXF1,ANGPTL1,1,1
FOXF1,ARHGAP6,1,1
FOXF1,ART3,1,1
FOXF1,ATP9A,1,1
FOXF1,C17ORF96,1,1
FOXF1,C1QTNF3,1,1
FOXF1,COL9A2,1,1
FOXF1,COLGALT2,1,1
FOXF1,CT45A10,1,1
FOXF1,CT45A5,1,1
FOXF1,CYB561,1,1
FOXF1,DMRT2,1,1
FOXF1,EBF3,1,1
FOXF1,EIF4H,1,1
FOXF1,EMILIN1,1,1
FOXF1,EPHA3,1,1
FOXF1,EPHB3,1,1
FOXF1,FREM2,1,1
FOXF1,GLI2,1,1
FOXF1,GPC1,1,1
FOXF1,GRIK4,1,1
FOXF1,GTF2F1,1,1
FOXF1,IL13RA2,1,1
FOXF1,ITPRIPL2,1,1
FOXF1,KCNC3,1,1
FOXF1,KIAA1328,1,1
FOXF1,LAMA4,1,1
FOXF1,MEOX2,1,1
FOXF1,MICALL2,1,1
FOXF1,MMP16,1,1
FOXF1,MRPS6,1,1
FOXF1,NR0B1,1,1
FOXF1,PATZ1,1,1
FOXF1,PCDHA10,1,1
FOXF1,PCDHGA7,1,1
FOXF1,POU3F3,1,1
FOXF1,PRKAR1B,1,1
FOXF1,PRRX1,1,1
FOXF1,RAB7B,1,1
FOXF1,RBMS1,1,1
FOXF1,RNF128,1,1
FOXF1,SCARA5,1,1
FOXF1,SERPINE2,1,1
FOXF1,SLC43A2,1,1
FOXF1,SLC5A3,1,1
FOXF1,SNED1,1,1
FOXF1,ST8SIA5,1,1
FOXF1,STK32B,1,1
FOXF1,TBXAS1,1,1
FOXF1,TCN1,1,1
FOXF1,TGFB3,1,1
FOXF1,TIGD1,1,1
FOXF1,TMEM2,1,1
FOXF1,TNFAIP6,1,1
FOXF1,TSPAN13,1,1
FOXF1,TYW1B,1,1
FOXF1,UBA1,1,1
FOXF1,XIAP,1,1
FOXF1,YWHAG,1,1
FOXF1,ZBTB45P2,1,1
FOXF1,ZNF860,1,1
GRIK4,ABCA8,1,1
GRIK4,ADGRB1,1,1
GRIK4,AFAP1L2,1,1
GRIK4,AKAP6,1,1
GRIK4,ALG13,1,1
GRIK4,ARCN1,1,1
GRIK4,ARHGAP20,1,1
GRIK4,ARHGAP6,1,1
GRIK4,ART3,1,1
GRIK4,ATP11C,1,1
GRIK4,ATP9A,1,1
GRIK4,B3GNT7,1,1
GRIK4,BMP6,1,1
GRIK4,C1QTNF3,1,1
GRIK4,CADM4,1,1
GRIK4,CDH12,1,1
GRIK4,CHPF,1,1
GRIK4,COL11A2,1,1
GRIK4,COL9A2,1,1
GRIK4,COLGALT2,1,1
GRIK4,CSGALNACT1,1,1
GRIK4,CT45A10,1,1
GRIK4,CT45A5,1,1
GRIK4,CYB561,1,1
GRIK4,DDX43,1,1
GRIK4,DMRT2,1,1
GRIK4,DNAJB6,1,1
GRIK4,DNAJC30,1,1
GRIK4,EIF1AXP1,1,1
GRIK4,EIF4H,1,1
GRIK4,EMILIN1,1,1
GRIK4,EPHA3,1,1
GRIK4,EPHB3,1,1
GRIK4,EYA2,1,1
GRIK4,FOLH1,1,1
GRIK4,FREM2,1,1
GRIK4,GLUD2,1,1
GRIK4,GPC1,1,1
GRIK4,GPC4,1,1
GRIK4,GUCY1B3,1,1
GRIK4,HS3ST3B1,1,1
GRIK4,IFI16,1,1
GRIK4,IGFBP2,1,1
GRIK4,IL13RA2,1,1
GRIK4,ILK,1,1
GRIK4,ITPRIPL2,1,1
GRIK4,JARID2,1,1
GRIK4,KCNC3,1,1
GRIK4,LAMA2,1,1
GRIK4,LAMA4,1,1
GRIK4,LAMC3,1,1
GRIK4,LRP2,1,1
GRIK4,LRRC75A,1,1
GRIK4,MAFB,1,1
GRIK4,MAMDC2,1,1
GRIK4,MEOX2,1,1
GRIK4,MICALL2,1,1
GRIK4,MRPS6,1,1
GRIK4,NPHP1,1,1
GRIK4,NR0B1,1,1
GRIK4,NTN1,1,1
GRIK4,OPHN1,1,1
GRIK4,P3H2,1,1
GRIK4,P3H4,1,1
GRIK4,PATZ1,1,1
GRIK4,PCDHA10,1,1
GRIK4,PCDHB6,1,1
GRIK4,PCDHGA7,1,1
GRIK4,PDDC1,1,1
GRIK4,PITPNC1,1,1
GRIK4,PLBD1,1,1
GRIK4,PMS2CL,1,1
GRIK4,POU3F3,1,1
GRIK4,PPIC,1,1
GRIK4,PPP2R2B,1,1
GRIK4,PRRX1,1,1
GRIK4,RAB7B,1,1
GRIK4,RANBP17,1,1
GRIK4,RAPGEF5,1,1
GRIK4,RBMS1,1,1
GRIK4,RP11-111F5.5,1,1
GRIK4,S100A13,1,1
GRIK4,SCARA5,1,1
GRIK4,SEL1L3,1,1
GRIK4,SERPINA3,1,1
GRIK4,SERPINE2,1,1
GRIK4,SLC5A3,1,1
GRIK4,SNED1,1,1
GRIK4,SPATS1,1,1
GRIK4,ST8SIA5,1,1
GRIK4,STAT3,1,1
GRIK4,STK32B,1,1
GRIK4,TBC1D10B,1,1
GRIK4,TBXAS1,1,1
GRIK4,TCN1,1,1
GRIK4,TGFB3,1,1
GRIK4,TIGD1,1,1
GRIK4,TIMP1,1,1
GRIK4,TNFAIP6,1,1
GRIK4,TRPM8,1,1
GRIK4,USP9X,1,1
GRIK4,WNK4,1,1
GRIK4,WWTR1,1,1
GRIK4,XIAP,1,1
GRIK4,XYLT1,1,1
GRIK4,ZBTB45P2,1,1
GRIK4,ZNF536,1,1
GRIK4,BP-21264C1.1,1,1
F2RL1,ANGPTL1,1,1
F2RL1,RGS5,1,1
F2RL1,SERPIND1,1,1
F2RL1,SNED1,1,1
F2RL1,ST8SIA5,1,1
PYCR2,ADGRA3,1,1
PYCR2,AL354822.1,1,1
PYCR2,CALM1,1,1
PYCR2,HOXA13,1,1
PYCR2,KDSR,1,1
PYCR2,LINC00116,1,1
PYCR2,MLLT10,1,1
PYCR2,RNASEH2C,1,1
DEPDC7,ACAD11,1,1
DEPDC7,BAALC,1,1
DEPDC7,BMP6,1,1
DEPDC7,CACNA1H,1,1
DEPDC7,COASY,1,1
DEPDC7,FAM134B,1,1
DEPDC7,FDXR,1,1
DEPDC7,GUCY1B3,1,1
DEPDC7,HERC2P3,1,1
DEPDC7,MEAF6,1,1
DEPDC7,MORN2,1,1
DEPDC7,PYROXD2,1,1
DEPDC7,RNASE1,1,1
DEPDC7,SERPINA3,1,1
DEPDC7,SLC27A5,1,1
DEPDC7,SLC40A1,1,1
DEPDC7,SOD3,1,1
DEPDC7,TAF1C,1,1
KREMEN2,ANKRD19P,1,1
KREMEN2,B9D1,1,1
KREMEN2,EIF3I,1,1
KREMEN2,EIF3L,1,1
KREMEN2,FABP7,1,1
KREMEN2,LRP2,1,1
KREMEN2,MAMDC2,1,1
KREMEN2,PITPNC1,1,1
KREMEN2,PPP1R13B,1,1
KREMEN2,SPARC,1,1
KREMEN2,TARS2,1,1
SH2B3,ANKS1A,1,1
SH2B3,B3GNT2,1,1
SH2B3,CEP85L,1,1
SH2B3,MAP2K3,1,1
SH2B3,MEGF10,1,1
SH2B3,MFSD1,1,1
SH2B3,SLC7A2,1,1
SH2B3,UXS1,1,1
TIPRL,ADAMTS9,1,1
TIPRL,ATAT1,1,1
TIPRL,C17ORF58,1,1
TIPRL,CCSAP,1,1
TIPRL,CHL1,1,1
TIPRL,COLGALT1,1,1
TIPRL,CRAMP1,1,1
TIPRL,CXXC1,1,1
TIPRL,DOCK10,1,1
TIPRL,EDEM2,1,1
TIPRL,EPDR1,1,1
TIPRL,FCGR2A,1,1
TIPRL,GATA4,1,1
TIPRL,ICAM1,1,1
TIPRL,MEGF10,1,1
TIPRL,MTIF2,1,1
TIPRL,NAPG,1,1
TIPRL,NOMO1,1,1
TIPRL,PDGFRL,1,1
TIPRL,PGRMC1,1,1
TIPRL,PI15,1,1
TIPRL,PPIA,1,1
TIPRL,PSPH,1,1
TIPRL,RCN2,1,1
TIPRL,RPTOR,1,1
TIPRL,SECISBP2,1,1
TIPRL,SLC26A2,1,1
TIPRL,SLC44A1,1,1
TIPRL,TBCC,1,1
TIPRL,THOC2,1,1
TIPRL,TMEM5,1,1
TIPRL,ZFP28,1,1
KDELC2,ATP13A3,1,1
KDELC2,CNBP,1,1
KDELC2,DUS3L,1,1
KDELC2,EIF1AX,1,1
KDELC2,JRK,1,1
KDELC2,MMADHC,1,1
KDELC2,NMD3,1,1
KDELC2,NOC2LP1,1,1
KDELC2,PTK7,1,1
KDELC2,RRP15,1,1
KDELC2,SEC61A1,1,1
KDELC2,ZNF275,1,1
CRELD2,ATG101,1,1
CRELD2,LSM 10.00,1,1
CRELD2,TOR1AIP2,1,1
ACBD5,ADGRA3,1,1
SLC29A4,BAALC,1,1
SLC29A4,CGREF1,1,1
SLC29A4,COASY,1,1
SLC29A4,FAM134B,1,1
SLC29A4,FDXR,1,1
SLC29A4,RNASE1,1,1
SLC29A4,SLC40A1,1,1
SLC29A4,SPAG4,1,1
SLC29A4,WBSCR27,1,1
TAF1C,ACAD11,1,1
TAF1C,DTX2,1,1
TAF1C,SLC27A5,1,1
TAF6L,AFG3L1P,1,1
TAF6L,SKAP2,1,1
NR0B1,ABCA8,1,1
NR0B1,ADGRB1,1,1
NR0B1,AFAP1L2,1,1
NR0B1,AKAP6,1,1
NR0B1,ALG13,1,1
NR0B1,ANGPTL1,1,1
NR0B1,ARHGAP6,1,1
NR0B1,ART3,1,1
NR0B1,ATP11C,1,1
NR0B1,ATP9A,1,1
NR0B1,ATXN1,1,1
NR0B1,B3GNT7,1,1
NR0B1,C1QTNF3,1,1
NR0B1,CADM4,1,1
NR0B1,CDC42EP3,1,1
NR0B1,COL11A2,1,1
NR0B1,COL9A2,1,1
NR0B1,COLGALT2,1,1
NR0B1,CSGALNACT1,1,1
NR0B1,CT45A10,1,1
NR0B1,CT45A5,1,1
NR0B1,CYB561,1,1
NR0B1,DDX43,1,1
NR0B1,DMRT2,1,1
NR0B1,DNAJB6,1,1
NR0B1,DNAJC30,1,1
NR0B1,EMILIN1,1,1
NR0B1,EPHA3,1,1
NR0B1,EPHB3,1,1
NR0B1,EYA2,1,1
NR0B1,GLI2,1,1
NR0B1,GLUD2,1,1
NR0B1,GPC1,1,1
NR0B1,GUCY1B3,1,1
NR0B1,HS3ST3B1,1,1
NR0B1,IGFBP2,1,1
NR0B1,IL13RA2,1,1
NR0B1,ILK,1,1
NR0B1,ITPRIPL2,1,1
NR0B1,JARID2,1,1
NR0B1,KCNC3,1,1
NR0B1,LAMA4,1,1
NR0B1,MAFB,1,1
NR0B1,MEOX2,1,1
NR0B1,MICALL2,1,1
NR0B1,MRPS6,1,1
NR0B1,NFIA,1,1
NR0B1,NPHP1,1,1
NR0B1,NPTX2,1,1
NR0B1,NTN1,1,1
NR0B1,P3H2,1,1
NR0B1,PATZ1,1,1
NR0B1,PCDHA10,1,1
NR0B1,PCDHB6,1,1
NR0B1,PCDHGA7,1,1
NR0B1,PDDC1,1,1
NR0B1,PLBD1,1,1
NR0B1,PMS2CL,1,1
NR0B1,POU3F3,1,1
NR0B1,PRRX1,1,1
NR0B1,RAB7B,1,1
NR0B1,RBMS1,1,1
NR0B1,RNF157,1,1
NR0B1,RP11-958N24.2,1,1
NR0B1,S100A13,1,1
NR0B1,SCARA5,1,1
NR0B1,SERPINE2,1,1
NR0B1,SLC5A3,1,1
NR0B1,SNED1,1,1
NR0B1,SOX8,1,1
NR0B1,ST8SIA5,1,1
NR0B1,STK32B,1,1
NR0B1,TBL2,1,1
NR0B1,TBXAS1,1,1
NR0B1,TCN1,1,1
NR0B1,TGFB3,1,1
NR0B1,TIMP1,1,1
NR0B1,TNFAIP6,1,1
NR0B1,TOR3A,1,1
NR0B1,WNK4,1,1
NR0B1,XIAP,1,1
NR0B1,XPR1,1,1
NR0B1,XYLT1,1,1
NR0B1,ZBTB45P2,1,1
NR0B1,ZNF860,1,1
LRFN1,ATG101,1,1
LRFN1,ATP13A1,1,1
LRFN1,COTL1,1,1
LRFN1,DLX1,1,1
LRFN1,EIF5A,1,1
LRFN1,GATB,1,1
LRFN1,HSP90B1,1,1
LRFN1,MMADHC,1,1
LRFN1,STYX,1,1
LRFN1,ZNF335,1,1
MBTPS1,CALCOCO2,1,1
MBTPS1,CCM2,1,1
MBTPS1,FAM111A,1,1
MBTPS1,FOXO1,1,1
MBTPS1,GLUD1,1,1
MBTPS1,GPR37,1,1
MBTPS1,JRKL,1,1
MBTPS1,KIFAP3,1,1
MBTPS1,NFIA,1,1
MBTPS1,NPHP1,1,1
IFI16,ABCA8,1,1
IFI16,ARHGAP20,1,1
IFI16,ATP9A,1,1
IFI16,B3GNT7,1,1
IFI16,BAALC,1,1
IFI16,BMP6,1,1
IFI16,CACNA1H,1,1
IFI16,CCM2,1,1
IFI16,CHPF,1,1
IFI16,CRISPLD1,1,1
IFI16,CT45A10,1,1
IFI16,DDX43,1,1
IFI16,EMILIN1,1,1
IFI16,ETFB,1,1
IFI16,EYA2,1,1
IFI16,FBF1,1,1
IFI16,FKBP9P1,1,1
IFI16,FOLH1,1,1
IFI16,FUNDC1,1,1
IFI16,GPC4,1,1
IFI16,GPR37,1,1
IFI16,GRIK2,1,1
IFI16,GUCY1B3,1,1
IFI16,ID4,1,1
IFI16,IGFBP2,1,1
IFI16,ITPRIPL2,1,1
IFI16,JPH1,1,1
IFI16,JSRP1,1,1
IFI16,KCNG4,1,1
IFI16,KIFAP3,1,1
IFI16,LAMC3,1,1
IFI16,LRP2,1,1
IFI16,MAFB,1,1
IFI16,MAP7D3,1,1
IFI16,MEOX2,1,1
IFI16,MORN2,1,1
IFI16,NPHP1,1,1
IFI16,NTN1,1,1
IFI16,PCDHB6,1,1
IFI16,PDDC1,1,1
IFI16,PITPNC1,1,1
IFI16,PLBD1,1,1
IFI16,PMS2CL,1,1
IFI16,PPIC,1,1
IFI16,PPP2R2B,1,1
IFI16,RAB23,1,1
IFI16,SERPINA3,1,1
IFI16,SEZ6L2,1,1
IFI16,SOD3,1,1
IFI16,SPATS1,1,1
IFI16,STAT3,1,1
IFI16,TRPM8,1,1
IFI16,WNK4,1,1
CNOT6,ARF6,1,1
CNOT6,EIF4B,1,1
CNOT6,FKBP11,1,1
CNOT6,METTL14,1,1
CNOT6,PGRMC1,1,1
CNOT6,PPP3CC,1,1
CNOT6,PWWP2A,1,1
CNOT6,RAD17,1,1
CNOT6,RC3H2,1,1
CNOT6,SMAD4,1,1
CNOT6,UPF2,1,1
CNOT6,ZNF736,1,1
CGREF1,ABCA8,1,1
CGREF1,ARHGAP20,1,1
CGREF1,B3GNT7,1,1
CGREF1,BAALC,1,1
CGREF1,BMP6,1,1
CGREF1,CCDC78,1,1
CGREF1,CDH12,1,1
CGREF1,COASY,1,1
CGREF1,EYA2,1,1
CGREF1,FAM134B,1,1
CGREF1,FOLH1,1,1
CGREF1,IGFBP2,1,1
CGREF1,JUNB,1,1
CGREF1,LAMA2,1,1
CGREF1,LRP2,1,1
CGREF1,MAMDC2,1,1
CGREF1,NTN1,1,1
CGREF1,OPHN1,1,1
CGREF1,P3H4,1,1
CGREF1,PCDHB6,1,1
CGREF1,PITPNC1,1,1
CGREF1,PLBD1,1,1
CGREF1,PNPLA4,1,1
CGREF1,PPP2R2B,1,1
CGREF1,PSMD10,1,1
CGREF1,RNASE1,1,1
CGREF1,RP11-111F5.5,1,1
CGREF1,SEL1L3,1,1
CGREF1,SERPINA3,1,1
CGREF1,SLC40A1,1,1
CGREF1,SOD3,1,1
CGREF1,SPAG4,1,1
CGREF1,TACO1,1,1
CGREF1,TARS2,1,1
CGREF1,TRPM8,1,1
CGREF1,WBSCR27,1,1
CGREF1,BP-21264C1.1,1,1
BP-21264C1.1,ABCA8,1,1
BP-21264C1.1,ADGRB1,1,1
BP-21264C1.1,AFAP1L2,1,1
BP-21264C1.1,AKAP6,1,1
BP-21264C1.1,ANKH,1,1
BP-21264C1.1,ARHGAP6,1,1
BP-21264C1.1,B3GNT7,1,1
BP-21264C1.1,BATF3,1,1
BP-21264C1.1,BMP6,1,1
BP-21264C1.1,C17ORF89,1,1
BP-21264C1.1,C17ORF96,1,1
BP-21264C1.1,CDH12,1,1
BP-21264C1.1,COL9A2,1,1
BP-21264C1.1,COLGALT2,1,1
BP-21264C1.1,CT45A10,1,1
BP-21264C1.1,CTDSP1,1,1
BP-21264C1.1,DUSP23,1,1
BP-21264C1.1,EIF1AXP1,1,1
BP-21264C1.1,EIF4H,1,1
BP-21264C1.1,EMILIN1,1,1
BP-21264C1.1,EYA2,1,1
BP-21264C1.1,F12,1,1
BP-21264C1.1,FOLH1,1,1
BP-21264C1.1,FREM2,1,1
BP-21264C1.1,IGFBP2,1,1
BP-21264C1.1,IL13RA2,1,1
BP-21264C1.1,LAMA2,1,1
BP-21264C1.1,MAMDC2,1,1
BP-21264C1.1,MEOX2,1,1
BP-21264C1.1,MICALL2,1,1
BP-21264C1.1,MMP16,1,1
BP-21264C1.1,MRPS6,1,1
BP-21264C1.1,NTN1,1,1
BP-21264C1.1,OFD1,1,1
BP-21264C1.1,P3H4,1,1
BP-21264C1.1,PATZ1,1,1
BP-21264C1.1,PCDHA10,1,1
BP-21264C1.1,PCDHB6,1,1
BP-21264C1.1,PITPNC1,1,1
BP-21264C1.1,PLBD1,1,1
BP-21264C1.1,POLRMT,1,1
BP-21264C1.1,POU3F3,1,1
BP-21264C1.1,PPP2R2B,1,1
BP-21264C1.1,PRKAR1B,1,1
BP-21264C1.1,PSMD10,1,1
BP-21264C1.1,PTK7,1,1
BP-21264C1.1,PTPN12,1,1
BP-21264C1.1,RANBP17,1,1
BP-21264C1.1,RPS6KA3,1,1
BP-21264C1.1,SCARA5,1,1
BP-21264C1.1,SEL1L3,1,1
BP-21264C1.1,SERPINA3,1,1
BP-21264C1.1,SRPX2,1,1
BP-21264C1.1,TBC1D10B,1,1
BP-21264C1.1,TGFB3,1,1
BP-21264C1.1,TIGD1,1,1
BP-21264C1.1,TRPM8,1,1
BP-21264C1.1,TSPAN13,1,1
BP-21264C1.1,TYW1B,1,1
BP-21264C1.1,UBA1,1,1
CPNE3,ADORA2B,1,1
CPNE3,ANKH,1,1
CPNE3,BATF3,1,1
CPNE3,DUSP23,1,1
CPNE3,KDM6A,1,1
CPNE3,NFIC,1,1
CPNE3,PRKAR1B,1,1
CPNE3,PTPN12,1,1
CPNE3,RND3,1,1
CPNE3,SRPX2,1,1
CPNE3,TYW1B,1,1
CPNE3,YBX3,1,1
CPNE3,YWHAG,1,1
TBL2,ADGRB1,1,1
TBL2,ATP11C,1,1
TBL2,ATP9A,1,1
TBL2,ATXN1,1,1
TBL2,C1QTNF3,1,1
TBL2,CALCOCO2,1,1
TBL2,CT45A5,1,1
TBL2,CYB561,1,1
TBL2,GLUD2,1,1
TBL2,GSDMD,1,1
TBL2,ICK,1,1
TBL2,KCNC3,1,1
TBL2,NFIA,1,1
TBL2,PCDH7,1,1
TBL2,PCDHGA7,1,1
TBL2,PRRX1,1,1
TBL2,RNF157,1,1
TBL2,RP11-958N24.2,1,1
TBL2,S100A13,1,1
TBL2,SBDS,1,1
TBL2,SOX8,1,1
TBL2,XYLT1,1,1
TBL2,ZBTB45P2,1,1
TBL2,ZNF860,1,1
ZNF335,BATF3,1,1
ZNF335,C17ORF89,1,1
ZNF335,C17ORF96,1,1
ZNF335,COTL1,1,1
ZNF335,EFNA5,1,1
ZNF335,EIF1AX,1,1
ZNF335,F11R,1,1
ZNF335,F12,1,1
ZNF335,FRMD6,1,1
ZNF335,GATB,1,1
ZNF335,JRK,1,1
ZNF335,KIAA1328,1,1
ZNF335,L3HYPDH,1,1
ZNF335,LIMS1,1,1
ZNF335,MECP2,1,1
ZNF335,MMADHC,1,1
ZNF335,NECAP2,1,1
ZNF335,NMD3,1,1
ZNF335,POLRMT,1,1
ZNF335,RND3,1,1
ZNF335,TSPAN13,1,1
TOR3A,ACTN2,1,1
TOR3A,ADGRB1,1,1
TOR3A,AFAP1L2,1,1
TOR3A,ALG13,1,1
TOR3A,ARHGAP25,1,1
TOR3A,ARHGAP6,1,1
TOR3A,ART3,1,1
TOR3A,ATP11C,1,1
TOR3A,ATP9A,1,1
TOR3A,BCL7A,1,1
TOR3A,C1QTNF3,1,1
TOR3A,COL11A2,1,1
TOR3A,CSGALNACT1,1,1
TOR3A,CT45A10,1,1
TOR3A,CT45A5,1,1
TOR3A,EPHA3,1,1
TOR3A,EPHB3,1,1
TOR3A,FAM188B,1,1
TOR3A,FAM198B,1,1
TOR3A,FGF13,1,1
TOR3A,FKBP9P1,1,1
TOR3A,GLCCI1,1,1
TOR3A,GLUD2,1,1
TOR3A,GNS,1,1
TOR3A,GPC1,1,1
TOR3A,GPC4,1,1
TOR3A,IARS2,1,1
TOR3A,ID4,1,1
TOR3A,IL13RA2,1,1
TOR3A,IL1RAP,1,1
TOR3A,ITPRIPL2,1,1
TOR3A,KCNC3,1,1
TOR3A,KIAA0040,1,1
TOR3A,LAMA4,1,1
TOR3A,LAMC3,1,1
TOR3A,MAFB,1,1
TOR3A,MAML2,1,1
TOR3A,MEOX2,1,1
TOR3A,MPZL1,1,1
TOR3A,MRAP2,1,1
TOR3A,NAT8L,1,1
TOR3A,NPAS1,1,1
TOR3A,NSF,1,1
TOR3A,P3H2,1,1
TOR3A,PCDHA10,1,1
TOR3A,PCDHGA7,1,1
TOR3A,PCOLCE2,1,1
TOR3A,PDDC1,1,1
TOR3A,PMS2CL,1,1
TOR3A,PRDX6,1,1
TOR3A,RAB7B,1,1
TOR3A,ROR1,1,1
TOR3A,S100A13,1,1
TOR3A,SERPINE2,1,1
TOR3A,SLC19A3,1,1
TOR3A,SLC26A4,1,1
TOR3A,SMAP2,1,1
TOR3A,SOX5,1,1
TOR3A,STIM2,1,1
TOR3A,STK32B,1,1
TOR3A,STON2,1,1
TOR3A,TCN1,1,1
TOR3A,TGFB3,1,1
TOR3A,TIMP1,1,1
TOR3A,TNFAIP6,1,1
TOR3A,TNFRSF19,1,1
TOR3A,TOR1AIP2,1,1
TOR3A,WWTR1,1,1
TOR3A,XIAP,1,1
TOR3A,XPR1,1,1
TOR3A,ZBTB33,1,1
OPN3,ATP1B2,1,1
OPN3,CEBPD,1,1
RAB18,HNRNPH3,1,1
FAHD2B,FDXR,1,1
FAHD2B,HERC2P3,1,1
FAHD2B,MEAF6,1,1
FAHD2B,PIGS,1,1
FAHD2B,PYROXD2,1,1
FAHD2B,TSPAN33,1,1
PGRMC1,ADAMTS9,1,1
PGRMC1,ADCY1,1,1
PGRMC1,C17ORF58,1,1
PGRMC1,C8ORF58,1,1
PGRMC1,CCSAP,1,1
PGRMC1,CHL1,1,1
PGRMC1,CHST6,1,1
PGRMC1,CMB9-22P13.1,1,1
PGRMC1,COLGALT1,1,1
PGRMC1,COPG1,1,1
PGRMC1,CRISPLD1,1,1
PGRMC1,DOCK10,1,1
PGRMC1,EPDR1,1,1
PGRMC1,FABP7,1,1
PGRMC1,FCGR2A,1,1
PGRMC1,FGF13,1,1
PGRMC1,FKBP11,1,1
PGRMC1,GATA4,1,1
PGRMC1,GLCCI1,1,1
PGRMC1,HERC4,1,1
PGRMC1,HOXA13,1,1
PGRMC1,ICAM1,1,1
PGRMC1,ID4,1,1
PGRMC1,ITGA9,1,1
PGRMC1,MAN1B1,1,1
PGRMC1,METTL14,1,1
PGRMC1,MRPL57,1,1
PGRMC1,NAPG,1,1
PGRMC1,NOMO1,1,1
PGRMC1,PDGFRL,1,1
PGRMC1,PDZD4,1,1
PGRMC1,PI15,1,1
PGRMC1,PIEZO2,1,1
PGRMC1,PPIA,1,1
PGRMC1,PWWP2A,1,1
PGRMC1,RAD17,1,1
PGRMC1,RCN2,1,1
PGRMC1,ROR1,1,1
PGRMC1,SLC19A3,1,1
PGRMC1,SLC26A2,1,1
PGRMC1,SLC44A1,1,1
PGRMC1,SMAD4,1,1
PGRMC1,SMAP2,1,1
PGRMC1,STX2,1,1
PGRMC1,TMEM5,1,1
PGRMC1,TMEM62,1,1
PGRMC1,TRPM3,1,1
PGRMC1,UPF2,1,1
PGRMC1,ZNF280A,1,1
PGRMC1,ZNF736,1,1
PPIC,ABCA8,1,1
PPIC,ADGRB1,1,1
PPIC,ADGRL1,1,1
PPIC,AFAP1L2,1,1
PPIC,AKAP6,1,1
PPIC,ALG13,1,1
PPIC,ARHGAP20,1,1
PPIC,ARHGAP6,1,1
PPIC,ATP9A,1,1
PPIC,B3GNT7,1,1
PPIC,BAALC,1,1
PPIC,BMP6,1,1
PPIC,CACNA1H,1,1
PPIC,CADM4,1,1
PPIC,CCDC78,1,1
PPIC,CDH12,1,1
PPIC,CHPF,1,1
PPIC,COL11A2,1,1
PPIC,COL9A2,1,1
PPIC,CT45A10,1,1
PPIC,DDX43,1,1
PPIC,DNAJC30,1,1
PPIC,EMILIN1,1,1
PPIC,EPHA3,1,1
PPIC,EYA2,1,1
PPIC,FAM188B,1,1
PPIC,FAM198B,1,1
PPIC,FBF1,1,1
PPIC,FKBP9P1,1,1
PPIC,FOLH1,1,1
PPIC,FUNDC1,1,1
PPIC,GLUD2,1,1
PPIC,GPC1,1,1
PPIC,GPC4,1,1
PPIC,GPR37,1,1
PPIC,GRIK2,1,1
PPIC,GUCY1B3,1,1
PPIC,HS3ST3B1,1,1
PPIC,ID4,1,1
PPIC,IGFBP2,1,1
PPIC,IL13RA2,1,1
PPIC,ITPRIPL2,1,1
PPIC,JUNB,1,1
PPIC,KIFAP3,1,1
PPIC,LAMA2,1,1
PPIC,LAMA4,1,1
PPIC,LAMC3,1,1
PPIC,LRP2,1,1
PPIC,MAFB,1,1
PPIC,MAMDC2,1,1
PPIC,MAP7D3,1,1
PPIC,MEOX2,1,1
PPIC,NFIA,1,1
PPIC,NPHP1,1,1
PPIC,NTN1,1,1
PPIC,OPHN1,1,1
PPIC,P3H2,1,1
PPIC,P3H4,1,1
PPIC,PATZ1,1,1
PPIC,PCDHA10,1,1
PPIC,PCDHB6,1,1
PPIC,PDDC1,1,1
PPIC,PITPNC1,1,1
PPIC,PLBD1,1,1
PPIC,PMS2CL,1,1
PPIC,POU3F3,1,1
PPIC,PPP2R2B,1,1
PPIC,PRDX6,1,1
PPIC,RP11-111F5.5,1,1
PPIC,S100A13,1,1
PPIC,SCARA5,1,1
PPIC,SEL1L3,1,1
PPIC,SERPINA3,1,1
PPIC,SERPINE2,1,1
PPIC,SEZ6L2,1,1
PPIC,SOD3,1,1
PPIC,SPATS1,1,1
PPIC,SRGAP2,1,1
PPIC,STAT3,1,1
PPIC,STK32B,1,1
PPIC,TGFB3,1,1
PPIC,TNFAIP6,1,1
PPIC,TRPM8,1,1
PPIC,WNK4,1,1
PPIC,WWTR1,1,1
PPIC,XPR1,1,1
PPIC,ZNF536,1,1
KLF16,ABCF2,1,1
KLF16,GTF2F1,1,1
KLF16,HOXC8,1,1
KLF16,LIMS1,1,1
KLF16,METTL16,1,1
KLF16,TMEM2,1,1
KLF16,YWHAG,1,1
KLF16,ZFX,1,1
GATB,C17ORF89,1,1
GATB,COTL1,1,1
GATB,EFNA5,1,1
GATB,F11R,1,1
GATB,F12,1,1
GATB,KAT8,1,1
GATB,MMADHC,1,1
GATB,NECAP2,1,1
GATB,PHKA1,1,1
GATB,PTK7,1,1
GATB,SDHD,1,1
GATB,STYX,1,1
FAM72D,COX10,1,1
FAM72D,PDHX,1,1
SERPINH1,ACLY,1,1
SERPINH1,ADORA2B,1,1
SERPINH1,ANKH,1,1
SERPINH1,BATF3,1,1
SERPINH1,CHPF2,1,1
SERPINH1,CRIP2,1,1
SERPINH1,EBF3,1,1
SERPINH1,GLI2,1,1
SERPINH1,KDM6A,1,1
SERPINH1,OCIAD1,1,1
SERPINH1,PRKAR1B,1,1
SERPINH1,SLC25A16,1,1
SERPINH1,SLC35G2,1,1
SERPINH1,SRPX2,1,1
SERPINH1,TYW1B,1,1
SERPINH1,YBX3,1,1
PLBD1,ABCA8,1,1
PLBD1,ADAP1,1,1
PLBD1,ADGRB1,1,1
PLBD1,AFAP1L2,1,1
PLBD1,AKAP6,1,1
PLBD1,ALG13,1,1
PLBD1,ARHGAP20,1,1
PLBD1,ARHGAP6,1,1
PLBD1,ATP9A,1,1
PLBD1,B3GNT7,1,1
PLBD1,BMP6,1,1
PLBD1,C1QTNF3,1,1
PLBD1,CACNA1H,1,1
PLBD1,CADM4,1,1
PLBD1,CDH12,1,1
PLBD1,CHPF,1,1
PLBD1,COL11A2,1,1
PLBD1,COL9A2,1,1
PLBD1,COLGALT2,1,1
PLBD1,CT45A10,1,1
PLBD1,CT45A5,1,1
PLBD1,DDX43,1,1
PLBD1,DNAJB6,1,1
PLBD1,DNAJC30,1,1
PLBD1,EIF4H,1,1
PLBD1,EMILIN1,1,1
PLBD1,EPHA3,1,1
PLBD1,EPHB3,1,1
PLBD1,EYA2,1,1
PLBD1,FOLH1,1,1
PLBD1,FREM2,1,1
PLBD1,GLUD2,1,1
PLBD1,GPC1,1,1
PLBD1,GPC4,1,1
PLBD1,GUCY1B3,1,1
PLBD1,HS3ST3B1,1,1
PLBD1,IGFBP2,1,1
PLBD1,IL13RA2,1,1
PLBD1,ITPRIPL2,1,1
PLBD1,JARID2,1,1
PLBD1,JUNB,1,1
PLBD1,KCNC3,1,1
PLBD1,LAMA2,1,1
PLBD1,LAMA4,1,1
PLBD1,LAMC3,1,1
PLBD1,LRP2,1,1
PLBD1,LRRC75A,1,1
PLBD1,MAFB,1,1
PLBD1,MAMDC2,1,1
PLBD1,MEOX2,1,1
PLBD1,MICALL2,1,1
PLBD1,MRPS6,1,1
PLBD1,NPHP1,1,1
PLBD1,NTN1,1,1
PLBD1,OPHN1,1,1
PLBD1,P3H2,1,1
PLBD1,P3H4,1,1
PLBD1,PATZ1,1,1
PLBD1,PCDHA10,1,1
PLBD1,PCDHB6,1,1
PLBD1,PCDHGA7,1,1
PLBD1,PDDC1,1,1
PLBD1,PITPNC1,1,1
PLBD1,PMS2CL,1,1
PLBD1,POU3F3,1,1
PLBD1,PPP2R2B,1,1
PLBD1,RANBP17,1,1
PLBD1,RAPGEF5,1,1
PLBD1,RP11-111F5.5,1,1
PLBD1,S100A13,1,1
PLBD1,SCARA5,1,1
PLBD1,SEL1L3,1,1
PLBD1,SERPINA3,1,1
PLBD1,SERPINE2,1,1
PLBD1,SEZ6L2,1,1
PLBD1,SOD3,1,1
PLBD1,SPATS1,1,1
PLBD1,STAT3,1,1
PLBD1,STK32B,1,1
PLBD1,TCN1,1,1
PLBD1,TGFB3,1,1
PLBD1,TIGD1,1,1
PLBD1,TNFAIP6,1,1
PLBD1,TRPM8,1,1
PLBD1,USP9X,1,1
PLBD1,WNK4,1,1
PLBD1,WWTR1,1,1
PLBD1,ZBTB45P2,1,1
PLBD1,ZNF536,1,1
RBMS1,ABCF2,1,1
RBMS1,ADGRB1,1,1
RBMS1,AFAP1L2,1,1
RBMS1,ALG13,1,1
RBMS1,ANGPTL1,1,1
RBMS1,ARCN1,1,1
RBMS1,ARHGAP6,1,1
RBMS1,ART3,1,1
RBMS1,C17ORF96,1,1
RBMS1,C1QTNF3,1,1
RBMS1,COL9A2,1,1
RBMS1,COLGALT2,1,1
RBMS1,CSGALNACT1,1,1
RBMS1,CT45A10,1,1
RBMS1,CT45A5,1,1
RBMS1,DMRT2,1,1
RBMS1,EIF1AX,1,1
RBMS1,EIF4H,1,1
RBMS1,EPHA3,1,1
RBMS1,EPHB3,1,1
RBMS1,FAM188B,1,1
RBMS1,FREM2,1,1
RBMS1,GLI2,1,1
RBMS1,IL13RA2,1,1
RBMS1,IL1RAP,1,1
RBMS1,ITPRIPL2,1,1
RBMS1,KCNC3,1,1
RBMS1,KIAA0040,1,1
RBMS1,KIAA1328,1,1
RBMS1,L3HYPDH,1,1
RBMS1,LAMA4,1,1
RBMS1,MEOX2,1,1
RBMS1,MICALL2,1,1
RBMS1,MMADHC,1,1
RBMS1,MMP16,1,1
RBMS1,MRAP2,1,1
RBMS1,NPAS1,1,1
RBMS1,OFD1,1,1
RBMS1,P3H2,1,1
RBMS1,PCDHA10,1,1
RBMS1,PCDHGA7,1,1
RBMS1,POLRMT,1,1
RBMS1,POU3F3,1,1
RBMS1,PRPSAP2,1,1
RBMS1,PRRX1,1,1
RBMS1,RAB7B,1,1
RBMS1,RNF128,1,1
RBMS1,SCARA5,1,1
RBMS1,SERPINE2,1,1
RBMS1,SLC43A2,1,1
RBMS1,SLC5A3,1,1
RBMS1,SNED1,1,1
RBMS1,ST8SIA5,1,1
RBMS1,STK32B,1,1
RBMS1,TBC1D10B,1,1
RBMS1,TBXAS1,1,1
RBMS1,TCN1,1,1
RBMS1,TGFB3,1,1
RBMS1,TIGD1,1,1
RBMS1,TMEM2,1,1
RBMS1,TNFAIP6,1,1
RBMS1,TOR1AIP2,1,1
RBMS1,TSPAN13,1,1
RBMS1,UBA1,1,1
RBMS1,WWTR1,1,1
RBMS1,XIAP,1,1
RBMS1,XPR1,1,1
RBMS1,ZBTB45P2,1,1
RBMS1,ZNF654,1,1
COL11A2,ABCA8,1,1
COL11A2,ADGRB1,1,1
COL11A2,AFAP1L2,1,1
COL11A2,AKAP6,1,1
COL11A2,ALG13,1,1
COL11A2,ARHGAP6,1,1
COL11A2,ATP9A,1,1
COL11A2,CHPF,1,1
COL11A2,CSGALNACT1,1,1
COL11A2,DDX43,1,1
COL11A2,EPHB3,1,1
COL11A2,FAM198B,1,1
COL11A2,FKBP9P1,1,1
COL11A2,FUNDC1,1,1
COL11A2,GLUD2,1,1
COL11A2,GPC1,1,1
COL11A2,GPR37,1,1
COL11A2,GRIK2,1,1
COL11A2,HS3ST3B1,1,1
COL11A2,ID4,1,1
COL11A2,IGFBP2,1,1
COL11A2,IL13RA2,1,1
COL11A2,ITPRIPL2,1,1
COL11A2,JARID2,1,1
COL11A2,KCNC3,1,1
COL11A2,KIFAP3,1,1
COL11A2,LAMA4,1,1
COL11A2,LGR4,1,1
COL11A2,MAFB,1,1
COL11A2,NFIA,1,1
COL11A2,NPHP1,1,1
COL11A2,P3H2,1,1
COL11A2,PATZ1,1,1
COL11A2,PCDH7,1,1
COL11A2,PCDHA10,1,1
COL11A2,PCDHB6,1,1
COL11A2,PCDHGA7,1,1
COL11A2,PDDC1,1,1
COL11A2,PMS2CL,1,1
COL11A2,RP11-958N24.2,1,1
COL11A2,S100A13,1,1
COL11A2,SCARA5,1,1
COL11A2,SERPINE2,1,1
COL11A2,SOX8,1,1
COL11A2,TCN1,1,1
COL11A2,TIMP1,1,1
COL11A2,TNFAIP6,1,1
COL11A2,TNFRSF19,1,1
COL11A2,XPR1,1,1
COL11A2,XYLT1,1,1
HOXA13,ADCY1,1,1
HOXA13,AL354822.1,1,1
HOXA13,ANKRD19P,1,1
HOXA13,B9D1,1,1
HOXA13,BX004987.1,1,1
HOXA13,CCSAP,1,1
HOXA13,CHST6,1,1
HOXA13,CMB9-22P13.1,1,1
HOXA13,CMTM8,1,1
HOXA13,COLGALT1,1,1
HOXA13,FABP7,1,1
HOXA13,FCGR2A,1,1
HOXA13,FKBP11,1,1
HOXA13,GNAO1,1,1
HOXA13,ITGA9,1,1
HOXA13,KDSR,1,1
HOXA13,NAPG,1,1
HOXA13,NUDT4,1,1
HOXA13,PDGFRL,1,1
HOXA13,PI15,1,1
HOXA13,PIEZO2,1,1
HOXA13,PPP1R13B,1,1
HOXA13,PWWP2A,1,1
HOXA13,RAB23,1,1
HOXA13,RCN2,1,1
HOXA13,SLC26A2,1,1
HOXA13,SLC44A1,1,1
HOXA13,TBC1D8,1,1
HOXA13,TRPM3,1,1
HOXA13,ZNF280A,1,1
SUCNR1,RGS5,1,1
VPS4B,CD55,1,1
VPS4B,MFSD14A,1,1
VPS4B,MIER2,1,1
VPS4B,MORF4L2,1,1
VPS4B,PSMD10,1,1
VPS4B,RIPK1,1,1
SLC7A2,ASB9,1,1
SLC7A2,ATAT1,1,1
SLC7A2,B3GNT2,1,1
SLC7A2,CENPL,1,1
SLC7A2,CEP85L,1,1
SLC7A2,CLCC1,1,1
SLC7A2,COL19A1,1,1
SLC7A2,COMMD3,1,1
SLC7A2,DOCK10,1,1
SLC7A2,EN2,1,1
SLC7A2,EPDR1,1,1
SLC7A2,ICAM1,1,1
SLC7A2,KDM1B,1,1
SLC7A2,LIN28B,1,1
SLC7A2,MEGF10,1,1
SLC7A2,MFSD1,1,1
SLC7A2,RPTOR,1,1
SLC7A2,SSFA2,1,1
SLC7A2,SWAP70,1,1
SLC7A2,THOC2,1,1
SLC7A2,TMEM5,1,1
SLC7A2,UXS1,1,1
ATG101,C16ORF52,1,1
ATG101,C17ORF96,1,1
ATG101,COTL1,1,1
ATG101,DDX56,1,1
ATG101,DUS3L,1,1
ATG101,EIF1AX,1,1
ATG101,ERCC1,1,1
ATG101,HSP90B1,1,1
ATG101,ITGA4,1,1
ATG101,JRK,1,1
ATG101,MMADHC,1,1
ATG101,MMP16,1,1
ATG101,NMD3,1,1
ATG101,NOC2LP1,1,1
ATG101,OFD1,1,1
ATG101,PELI1,1,1
ATG101,SEC61A1,1,1
ATG101,STYX,1,1
ATG101,TOR1AIP2,1,1
ATG101,TSPAN13,1,1
ATG101,UCK1,1,1
ADGRA3,KDSR,1,1
ADGRA3,MAFG,1,1
ADGRA3,MLLT10,1,1
ADGRA3,RNASEH2C,1,1
ADGRA3,SECISBP2,1,1
RND3,COTL1,1,1
RND3,DARS,1,1
RND3,F11R,1,1
RND3,KAT8,1,1
RND3,LIMS1,1,1
RND3,NFIC,1,1
RND3,TDG,1,1
RND3,UBA5,1,1
RND3,YWHAG,1,1
RND3,ZFAND2B,1,1
RND3,ZFX,1,1
BX004987.1,AL354822.1,1,1
BX004987.1,ASB9,1,1
BX004987.1,CHST6,1,1
BX004987.1,CMTM8,1,1
BX004987.1,EIF3I,1,1
BX004987.1,FCGR2A,1,1
BX004987.1,GATA4,1,1
BX004987.1,GNAO1,1,1
BX004987.1,IPO8,1,1
BX004987.1,KDSR,1,1
BX004987.1,MLLT10,1,1
BX004987.1,NOA1,1,1
BX004987.1,NUDT4,1,1
BX004987.1,PDGFRL,1,1
BX004987.1,PI15,1,1
BX004987.1,RCN2,1,1
BX004987.1,RNF215,1,1
HES1,C1ORF27,1,1
HES1,KCNC4,1,1
HES1,LIN28B,1,1
HES1,MRPL32,1,1
HES1,STIM2,1,1
HES1,STON2,1,1
HES1,SWAP70,1,1
HES1,TRIM51,1,1
HES1,ZBTB33,1,1
SH2B1,DARS,1,1
SH2B1,ZFAND2B,1,1
CDK16,CTDP1,1,1
CTDP1,ANKH,1,1
CTDP1,SRPX2,1,1
PPP2R2B,ABCA8,1,1
PPP2R2B,ACAD11,1,1
PPP2R2B,AFAP1L2,1,1
PPP2R2B,AKAP6,1,1
PPP2R2B,ARHGAP20,1,1
PPP2R2B,ARHGAP6,1,1
PPP2R2B,ATP9A,1,1
PPP2R2B,B3GNT7,1,1
PPP2R2B,BAALC,1,1
PPP2R2B,BMP6,1,1
PPP2R2B,CACNA1H,1,1
PPP2R2B,CADM4,1,1
PPP2R2B,CCDC78,1,1
PPP2R2B,CDH12,1,1
PPP2R2B,CHPF,1,1
PPP2R2B,COL9A2,1,1
PPP2R2B,CT45A10,1,1
PPP2R2B,DDX43,1,1
PPP2R2B,DNAJB6,1,1
PPP2R2B,DNAJC30,1,1
PPP2R2B,EMILIN1,1,1
PPP2R2B,EYA2,1,1
PPP2R2B,FAM134B,1,1
PPP2R2B,FOLH1,1,1
PPP2R2B,GPC1,1,1
PPP2R2B,GUCY1B3,1,1
PPP2R2B,HS3ST3B1,1,1
PPP2R2B,IGFBP2,1,1
PPP2R2B,ITPRIPL2,1,1
PPP2R2B,JARID2,1,1
PPP2R2B,JUNB,1,1
PPP2R2B,LAMA2,1,1
PPP2R2B,LAMC3,1,1
PPP2R2B,LRP2,1,1
PPP2R2B,MAFB,1,1
PPP2R2B,MAMDC2,1,1
PPP2R2B,MEOX2,1,1
PPP2R2B,MICALL2,1,1
PPP2R2B,MRPS6,1,1
PPP2R2B,NPHP1,1,1
PPP2R2B,NTN1,1,1
PPP2R2B,OPHN1,1,1
PPP2R2B,P3H4,1,1
PPP2R2B,PATZ1,1,1
PPP2R2B,PCDHA10,1,1
PPP2R2B,PCDHB6,1,1
PPP2R2B,PDDC1,1,1
PPP2R2B,PITPNC1,1,1
PPP2R2B,PMS2CL,1,1
PPP2R2B,PNPLA4,1,1
PPP2R2B,POU3F3,1,1
PPP2R2B,RAPGEF5,1,1
PPP2R2B,RNASE1,1,1
PPP2R2B,RP11-111F5.5,1,1
PPP2R2B,RP11-43F13.1,1,1
PPP2R2B,S100A13,1,1
PPP2R2B,SCARA5,1,1
PPP2R2B,SEL1L3,1,1
PPP2R2B,SERPINA3,1,1
PPP2R2B,SERPINE2,1,1
PPP2R2B,SEZ6L2,1,1
PPP2R2B,SOD3,1,1
PPP2R2B,SPAG4,1,1
PPP2R2B,SPATS1,1,1
PPP2R2B,STAT3,1,1
PPP2R2B,TRPM8,1,1
PPP2R2B,WBSCR27,1,1
PPP2R2B,WNK4,1,1
PCED1A,ICK,1,1
PCED1A,SBDS,1,1
PCED1A,TDRD9,1,1
SCYL1,CADM4,1,1
SCYL1,DNAJC30,1,1
SCYL1,GUCY1B3,1,1
SCYL1,INSR,1,1
SCYL1,NAAA,1,1
SCYL1,PTCHD4,1,1
SCYL1,SLC27A5,1,1
SCYL1,TIMM10B,1,1
SCYL1,ZNF536,1,1
SERPINE2,ABCA8,1,1
SERPINE2,ADGRB1,1,1
SERPINE2,AFAP1L2,1,1
SERPINE2,AKAP6,1,1
SERPINE2,ALG13,1,1
SERPINE2,ANGPTL1,1,1
SERPINE2,ARCN1,1,1
SERPINE2,ARHGAP25,1,1
SERPINE2,ARHGAP6,1,1
SERPINE2,ART3,1,1
SERPINE2,ATP11C,1,1
SERPINE2,ATP9A,1,1
SERPINE2,B3GNT7,1,1
SERPINE2,C1QTNF3,1,1
SERPINE2,CDH12,1,1
SERPINE2,COL9A2,1,1
SERPINE2,COLGALT2,1,1
SERPINE2,CSGALNACT1,1,1
SERPINE2,CT45A10,1,1
SERPINE2,CT45A5,1,1
SERPINE2,DDX43,1,1
SERPINE2,DMRT2,1,1
SERPINE2,EIF1AXP1,1,1
SERPINE2,EIF4H,1,1
SERPINE2,EMILIN1,1,1
SERPINE2,EPHA3,1,1
SERPINE2,EPHB3,1,1
SERPINE2,EYA2,1,1
SERPINE2,FAM188B,1,1
SERPINE2,FAM198B,1,1
SERPINE2,FKBP9P1,1,1
SERPINE2,FOLH1,1,1
SERPINE2,FREM2,1,1
SERPINE2,GLUD2,1,1
SERPINE2,GPC1,1,1
SERPINE2,GPC4,1,1
SERPINE2,HS3ST3B1,1,1
SERPINE2,IGFBP2,1,1
SERPINE2,IL13RA2,1,1
SERPINE2,IL1RAP,1,1
SERPINE2,ITPRIPL2,1,1
SERPINE2,JARID2,1,1
SERPINE2,KCNC3,1,1
SERPINE2,KIAA0040,1,1
SERPINE2,LAMA2,1,1
SERPINE2,LAMA4,1,1
SERPINE2,LAMC3,1,1
SERPINE2,LRRC75A,1,1
SERPINE2,MAFB,1,1
SERPINE2,MAMDC2,1,1
SERPINE2,MEOX2,1,1
SERPINE2,MICALL2,1,1
SERPINE2,MMP16,1,1
SERPINE2,MRAP2,1,1
SERPINE2,MRPS6,1,1
SERPINE2,NPAS1,1,1
SERPINE2,NTN1,1,1
SERPINE2,OFD1,1,1
SERPINE2,P3H2,1,1
SERPINE2,PATZ1,1,1
SERPINE2,PCDHA10,1,1
SERPINE2,PCDHB6,1,1
SERPINE2,PCDHGA7,1,1
SERPINE2,PCOLCE2,1,1
SERPINE2,PDDC1,1,1
SERPINE2,PIEZO2,1,1
SERPINE2,PMS2CL,1,1
SERPINE2,POU3F3,1,1
SERPINE2,PRDX6,1,1
SERPINE2,PRPSAP2,1,1
SERPINE2,PRRX1,1,1
SERPINE2,RAB7B,1,1
SERPINE2,RAPGEF5,1,1
SERPINE2,RNF128,1,1
SERPINE2,S100A13,1,1
SERPINE2,SCARA5,1,1
SERPINE2,SEL1L3,1,1
SERPINE2,SLC19A3,1,1
SERPINE2,SLC26A4,1,1
SERPINE2,SLC5A3,1,1
SERPINE2,SNED1,1,1
SERPINE2,SOX8,1,1
SERPINE2,ST8SIA5,1,1
SERPINE2,STK32B,1,1
SERPINE2,TBC1D10B,1,1
SERPINE2,TBXAS1,1,1
SERPINE2,TCN1,1,1
SERPINE2,TGFB3,1,1
SERPINE2,TIGD1,1,1
SERPINE2,TIMP1,1,1
SERPINE2,TNFAIP6,1,1
SERPINE2,TOR1AIP2,1,1
SERPINE2,TRPM8,1,1
SERPINE2,TSPAN13,1,1
SERPINE2,WNK4,1,1
SERPINE2,WWTR1,1,1
SERPINE2,XIAP,1,1
SERPINE2,XPR1,1,1
SERPINE2,XYLT1,1,1
SERPINE2,ZBTB45P2,1,1
GALNT10,FABP5P7,1,1
GALNT10,TDRD9,1,1
GALNT10,UTRN,1,1
LRIF1,CHPF2,1,1
LRIF1,LIMS1,1,1
LRIF1,SLC35G2,1,1
LRIF1,YWHAG,1,1
TOR1AIP2,ACTN2,1,1
TOR1AIP2,ADGRB1,1,1
TOR1AIP2,AFAP1L2,1,1
TOR1AIP2,ALG13,1,1
TOR1AIP2,ANGPTL1,1,1
TOR1AIP2,ARHGAP25,1,1
TOR1AIP2,ARHGAP6,1,1
TOR1AIP2,ART3,1,1
TOR1AIP2,C17ORF96,1,1
TOR1AIP2,C1QTNF3,1,1
TOR1AIP2,CEP170B,1,1
TOR1AIP2,COL9A2,1,1
TOR1AIP2,COLGALT2,1,1
TOR1AIP2,CSGALNACT1,1,1
TOR1AIP2,CT45A5,1,1
TOR1AIP2,DMRT2,1,1
TOR1AIP2,DUS3L,1,1
TOR1AIP2,EIF1AX,1,1
TOR1AIP2,EIF4H,1,1
TOR1AIP2,EPHA3,1,1
TOR1AIP2,EPHB3,1,1
TOR1AIP2,FAM188B,1,1
TOR1AIP2,FAM198B,1,1
TOR1AIP2,FGF13,1,1
TOR1AIP2,FREM2,1,1
TOR1AIP2,IL13RA2,1,1
TOR1AIP2,IL1RAP,1,1
TOR1AIP2,KCNC3,1,1
TOR1AIP2,KIAA0040,1,1
TOR1AIP2,KIAA1328,1,1
TOR1AIP2,L3HYPDH,1,1
TOR1AIP2,LAMA4,1,1
TOR1AIP2,MMADHC,1,1
TOR1AIP2,MMP16,1,1
TOR1AIP2,MRAP2,1,1
TOR1AIP2,NOC2LP1,1,1
TOR1AIP2,NPAS1,1,1
TOR1AIP2,OFD1,1,1
TOR1AIP2,P3H2,1,1
TOR1AIP2,PCDHA10,1,1
TOR1AIP2,PCOLCE2,1,1
TOR1AIP2,PDDC1,1,1
TOR1AIP2,POLRMT,1,1
TOR1AIP2,PRDX6,1,1
TOR1AIP2,PRPSAP2,1,1
TOR1AIP2,RAB7B,1,1
TOR1AIP2,RNF128,1,1
TOR1AIP2,SEC61A1,1,1
TOR1AIP2,SLC26A4,1,1
TOR1AIP2,STK32B,1,1
TOR1AIP2,STON2,1,1
TOR1AIP2,TBC1D10B,1,1
TOR1AIP2,TCN1,1,1
TOR1AIP2,TGFB3,1,1
TOR1AIP2,TIGD1,1,1
TOR1AIP2,TIMP1,1,1
TOR1AIP2,TNFAIP6,1,1
TOR1AIP2,TSPAN13,1,1
TOR1AIP2,WWTR1,1,1
TOR1AIP2,XIAP,1,1
TOR1AIP2,XPR1,1,1
TOR1AIP2,ZNF654,1,1
SOBP,ADAMTS9,1,1
SOBP,ASB9,1,1
SOBP,CEP85L,1,1
SOBP,CMTM8,1,1
SOBP,CNKSR3,1,1
SOBP,COL19A1,1,1
SOBP,COLGALT1,1,1
SOBP,DOCK10,1,1
SOBP,EN2,1,1
SOBP,EPDR1,1,1
SOBP,FGF13,1,1
SOBP,GATA4,1,1
SOBP,ICAM1,1,1
SOBP,MEGF10,1,1
SOBP,NOA1,1,1
SOBP,PDGFRL,1,1
SOBP,PHB,1,1
SOBP,RCN2,1,1
SOBP,SLC26A2,1,1
SOBP,TMEM5,1,1
SOBP,UXS1,1,1
ART3,ACTN2,1,1
ART3,ADGRB1,1,1
ART3,AFAP1L2,1,1
ART3,ALG13,1,1
ART3,ANGPTL1,1,1
ART3,ARHGAP25,1,1
ART3,ARHGAP6,1,1
ART3,ATP11C,1,1
ART3,ATP9A,1,1
ART3,C17ORF96,1,1
ART3,C1QTNF3,1,1
ART3,COL9A2,1,1
ART3,COLGALT2,1,1
ART3,CSGALNACT1,1,1
ART3,CT45A10,1,1
ART3,CT45A5,1,1
ART3,DMRT2,1,1
ART3,EPHA3,1,1
ART3,EPHB3,1,1
ART3,FAM188B,1,1
ART3,FAM198B,1,1
ART3,FREM2,1,1
ART3,GLUD2,1,1
ART3,GPC1,1,1
ART3,GPC4,1,1
ART3,IL13RA2,1,1
ART3,IL1RAP,1,1
ART3,ITPRIPL2,1,1
ART3,KCNC3,1,1
ART3,KIAA0040,1,1
ART3,LAMA4,1,1
ART3,MEOX2,1,1
ART3,MICALL2,1,1
ART3,MMP16,1,1
ART3,MRAP2,1,1
ART3,MRM1,1,1
ART3,NPAS1,1,1
ART3,NTN1,1,1
ART3,P3H2,1,1
ART3,PATZ1,1,1
ART3,PCDHA10,1,1
ART3,PCDHB6,1,1
ART3,PCDHGA7,1,1
ART3,PDDC1,1,1
ART3,PMS2CL,1,1
ART3,POU3F3,1,1
ART3,PRDX6,1,1
ART3,PRRX1,1,1
ART3,RAB7B,1,1
ART3,RC3H1,1,1
ART3,RNF128,1,1
ART3,SCARA5,1,1
ART3,SLC26A4,1,1
ART3,SLC43A2,1,1
ART3,SNED1,1,1
ART3,ST8SIA5,1,1
ART3,STK32B,1,1
ART3,STON2,1,1
ART3,TBXAS1,1,1
ART3,TCN1,1,1
ART3,TGFB3,1,1
ART3,TIGD1,1,1
ART3,TIMP1,1,1
ART3,TNFAIP6,1,1
ART3,TRAF4,1,1
ART3,TSPAN13,1,1
ART3,WNK4,1,1
ART3,WWTR1,1,1
ART3,XIAP,1,1
ART3,XPR1,1,1
ART3,ZBTB45P2,1,1
PDDC1,ABCA8,1,1
PDDC1,ADGRB1,1,1
PDDC1,AFAP1L2,1,1
PDDC1,AKAP6,1,1
PDDC1,ALG13,1,1
PDDC1,ARHGAP20,1,1
PDDC1,ARHGAP25,1,1
PDDC1,ARHGAP6,1,1
PDDC1,ATP9A,1,1
PDDC1,B3GNT7,1,1
PDDC1,BMP6,1,1
PDDC1,C1QTNF3,1,1
PDDC1,CDH12,1,1
PDDC1,CHPF,1,1
PDDC1,COL9A2,1,1
PDDC1,COLGALT2,1,1
PDDC1,COPB2,1,1
PDDC1,CSGALNACT1,1,1
PDDC1,CT45A10,1,1
PDDC1,CT45A5,1,1
PDDC1,DNAJB12,1,1
PDDC1,EMILIN1,1,1
PDDC1,EPHA3,1,1
PDDC1,EYA2,1,1
PDDC1,FAM188B,1,1
PDDC1,FAM198B,1,1
PDDC1,FKBP9P1,1,1
PDDC1,FOLH1,1,1
PDDC1,FREM2,1,1
PDDC1,GLUD2,1,1
PDDC1,GPC1,1,1
PDDC1,GPC4,1,1
PDDC1,HS3ST3B1,1,1
PDDC1,IARS2,1,1
PDDC1,ID4,1,1
PDDC1,IGFBP2,1,1
PDDC1,IL13RA2,1,1
PDDC1,IL1RAP,1,1
PDDC1,ITPRIPL2,1,1
PDDC1,JARID2,1,1
PDDC1,KCNC3,1,1
PDDC1,LAMA2,1,1
PDDC1,LAMA4,1,1
PDDC1,LAMC3,1,1
PDDC1,LRP2,1,1
PDDC1,MAFB,1,1
PDDC1,MAMDC2,1,1
PDDC1,MEOX2,1,1
PDDC1,MICALL2,1,1
PDDC1,MRAP2,1,1
PDDC1,NPAS1,1,1
PDDC1,NTN1,1,1
PDDC1,OFD1,1,1
PDDC1,OPHN1,1,1
PDDC1,P3H2,1,1
PDDC1,PATZ1,1,1
PDDC1,PCDHA10,1,1
PDDC1,PCDHB6,1,1
PDDC1,PCOLCE2,1,1
PDDC1,PIEZO2,1,1
PDDC1,PITPNC1,1,1
PDDC1,PMS2CL,1,1
PDDC1,POU3F3,1,1
PDDC1,PRDX6,1,1
PDDC1,RP11-111F5.5,1,1
PDDC1,S100A13,1,1
PDDC1,SCARA5,1,1
PDDC1,SEL1L3,1,1
PDDC1,SEZ6L2,1,1
PDDC1,SLC19A3,1,1
PDDC1,SLC26A4,1,1
PDDC1,SPARC,1,1
PDDC1,SPATS1,1,1
PDDC1,STAT3,1,1
PDDC1,STK32B,1,1
PDDC1,TBC1D10B,1,1
PDDC1,TCN1,1,1
PDDC1,TGFB3,1,1
PDDC1,TIGD1,1,1
PDDC1,TIMP1,1,1
PDDC1,TNFAIP6,1,1
PDDC1,TRPM8,1,1
PDDC1,WNK4,1,1
PDDC1,WWTR1,1,1
PDDC1,XIAP,1,1
PDDC1,XPR1,1,1
ICAM1,ACTN2,1,1
ICAM1,ADAMTS9,1,1
ICAM1,ADCY1,1,1
ICAM1,ARHGAP25,1,1
ICAM1,ASB9,1,1
ICAM1,CCSAP,1,1
ICAM1,CENPL,1,1
ICAM1,CEP85L,1,1
ICAM1,CHST6,1,1
ICAM1,CLCC1,1,1
ICAM1,CMTM8,1,1
ICAM1,CNKSR3,1,1
ICAM1,COL19A1,1,1
ICAM1,COLGALT1,1,1
ICAM1,COPB2,1,1
ICAM1,COX18,1,1
ICAM1,DOCK10,1,1
ICAM1,EN2,1,1
ICAM1,EPDR1,1,1
ICAM1,ERLEC1,1,1
ICAM1,FAM198B,1,1
ICAM1,FAM3C,1,1
ICAM1,FCGR2A,1,1
ICAM1,FGF13,1,1
ICAM1,FKBP11,1,1
ICAM1,GATA4,1,1
ICAM1,GULP1,1,1
ICAM1,H1FX,1,1
ICAM1,IL1RAP,1,1
ICAM1,LIN28B,1,1
ICAM1,MAN1A2,1,1
ICAM1,MEGF10,1,1
ICAM1,METTL14,1,1
ICAM1,MLLT10,1,1
ICAM1,MRAP2,1,1
ICAM1,MRPL57,1,1
ICAM1,N4BP2L2,1,1
ICAM1,NAPG,1,1
ICAM1,NOA1,1,1
ICAM1,NOMO1,1,1
ICAM1,NSF,1,1
ICAM1,PCOLCE2,1,1
ICAM1,PDGFRL,1,1
ICAM1,PHB,1,1
ICAM1,PI15,1,1
ICAM1,PIEZO2,1,1
ICAM1,PPIA,1,1
ICAM1,PRDX6,1,1
ICAM1,RAD17,1,1
ICAM1,RCN2,1,1
ICAM1,ROR1,1,1
ICAM1,RPTOR,1,1
ICAM1,SCG2,1,1
ICAM1,SECISBP2,1,1
ICAM1,SLC19A3,1,1
ICAM1,SLC26A2,1,1
ICAM1,SLC26A4,1,1
ICAM1,SLC4A7,1,1
ICAM1,SMAD4,1,1
ICAM1,SMAP2,1,1
ICAM1,SSFA2,1,1
ICAM1,STON2,1,1
ICAM1,SWAP70,1,1
ICAM1,TBCC,1,1
ICAM1,THOC2,1,1
ICAM1,TMEM5,1,1
ICAM1,TMEM62,1,1
ICAM1,TPM3P9,1,1
ICAM1,TVP23B,1,1
ICAM1,UXS1,1,1
NDST1,ACAD11,1,1
NDST1,DNAJB6,1,1
NDST1,SLC27A5,1,1
NDST1,TIMM10B,1,1
FAM134B,ABCA8,1,1
FAM134B,ACAD11,1,1
FAM134B,ADAP1,1,1
FAM134B,ARHGAP20,1,1
FAM134B,B3GNT7,1,1
FAM134B,BAALC,1,1
FAM134B,BMP6,1,1
FAM134B,C8ORF48,1,1
FAM134B,CACNA1H,1,1
FAM134B,CCDC78,1,1
FAM134B,CEBPD,1,1
FAM134B,COASY,1,1
FAM134B,EYA2,1,1
FAM134B,FBF1,1,1
FAM134B,FDXR,1,1
FAM134B,FOLH1,1,1
FAM134B,JUNB,1,1
FAM134B,LAMA2,1,1
FAM134B,LRP2,1,1
FAM134B,MAMDC2,1,1
FAM134B,MAOA,1,1
FAM134B,NTN1,1,1
FAM134B,OPHN1,1,1
FAM134B,PITPNC1,1,1
FAM134B,PNPLA4,1,1
FAM134B,PYROXD2,1,1
FAM134B,RNASE1,1,1
FAM134B,SERPINA3,1,1
FAM134B,SLC40A1,1,1
FAM134B,SOD3,1,1
FAM134B,SPAG4,1,1
FAM134B,SPATS1,1,1
FAM134B,TACO1,1,1
FAM134B,TARS2,1,1
FAM134B,TRPM8,1,1
FAM134B,WBSCR27,1,1
B9D1,ANKRD19P,1,1
B9D1,C8ORF48,1,1
B9D1,CHST6,1,1
B9D1,CMB9-22P13.1,1,1
B9D1,COPG1,1,1
B9D1,CRISPLD1,1,1
B9D1,ETFB,1,1
B9D1,FABP7,1,1
B9D1,FBF1,1,1
B9D1,FKBP11,1,1
B9D1,ITGA9,1,1
B9D1,LAMC3,1,1
B9D1,LRP2,1,1
B9D1,PHLDA1,1,1
B9D1,PI15,1,1
B9D1,PPP1R13B,1,1
B9D1,RAB23,1,1
B9D1,RELL2,1,1
B9D1,SEZ6L2,1,1
B9D1,TBC1D8,1,1
B9D1,TRPM3,1,1
PDGFRL,ADAMTS9,1,1
PDGFRL,ADCY1,1,1
PDGFRL,ANKRD19P,1,1
PDGFRL,ARHGAP25,1,1
PDGFRL,ASB9,1,1
PDGFRL,CCSAP,1,1
PDGFRL,CENPL,1,1
PDGFRL,CHL1,1,1
PDGFRL,CHST6,1,1
PDGFRL,CMB9-22P13.1,1,1
PDGFRL,CMTM8,1,1
PDGFRL,COL19A1,1,1
PDGFRL,COLGALT1,1,1
PDGFRL,COPB2,1,1
PDGFRL,CRISPLD1,1,1
PDGFRL,DNAJB12,1,1
PDGFRL,DOCK10,1,1
PDGFRL,EIF3I,1,1
PDGFRL,EPDR1,1,1
PDGFRL,ERLEC1,1,1
PDGFRL,EXOC1,1,1
PDGFRL,FABP7,1,1
PDGFRL,FCGR2A,1,1
PDGFRL,FGF13,1,1
PDGFRL,FKBP11,1,1
PDGFRL,GATA4,1,1
PDGFRL,IPO8,1,1
PDGFRL,ITGA9,1,1
PDGFRL,KDSR,1,1
PDGFRL,MEGF10,1,1
PDGFRL,METTL14,1,1
PDGFRL,MLLT10,1,1
PDGFRL,MRPL57,1,1
PDGFRL,NAPG,1,1
PDGFRL,NOA1,1,1
PDGFRL,NOMO1,1,1
PDGFRL,PCOLCE2,1,1
PDGFRL,PI15,1,1
PDGFRL,PIEZO2,1,1
PDGFRL,PPIA,1,1
PDGFRL,PWWP2A,1,1
PDGFRL,RAB23,1,1
PDGFRL,RAD17,1,1
PDGFRL,RCN2,1,1
PDGFRL,ROR1,1,1
PDGFRL,RPTOR,1,1
PDGFRL,RUFY1,1,1
PDGFRL,SCG2,1,1
PDGFRL,SECISBP2,1,1
PDGFRL,SLC19A3,1,1
PDGFRL,SLC26A2,1,1
PDGFRL,SLC44A1,1,1
PDGFRL,SMAD4,1,1
PDGFRL,SMAP2,1,1
PDGFRL,STX2,1,1
PDGFRL,TBCC,1,1
PDGFRL,TMEM5,1,1
PDGFRL,TMEM62,1,1
PDGFRL,TRPM3,1,1
PDGFRL,TVP23B,1,1
PDGFRL,ZFP28,1,1
PDGFRL,ZNF280A,1,1
CCDC78,ABCA8,1,1
CCDC78,ACAD11,1,1
CCDC78,ADGRL1,1,1
CCDC78,ARHGAP20,1,1
CCDC78,B3GNT7,1,1
CCDC78,BAALC,1,1
CCDC78,BMP6,1,1
CCDC78,C8ORF48,1,1
CCDC78,CHPF,1,1
CCDC78,EYA2,1,1
CCDC78,FBF1,1,1
CCDC78,FDXR,1,1
CCDC78,FOLH1,1,1
CCDC78,IGFBP2,1,1
CCDC78,JUNB,1,1
CCDC78,LAMA2,1,1
CCDC78,LAMC3,1,1
CCDC78,LRP2,1,1
CCDC78,MAMDC2,1,1
CCDC78,NTN1,1,1
CCDC78,OPHN1,1,1
CCDC78,PITPNC1,1,1
CCDC78,PPP1R13B,1,1
CCDC78,RNASE1,1,1
CCDC78,RP11-111F5.5,1,1
CCDC78,RP11-43F13.1,1,1
CCDC78,SERPINA3,1,1
CCDC78,SEZ6L2,1,1
CCDC78,SLC40A1,1,1
CCDC78,SOD3,1,1
CCDC78,SPATS1,1,1
CCDC78,SRGAP2,1,1
CCDC78,STAG3L3,1,1
CCDC78,STAT3,1,1
CCDC78,TARS2,1,1
CCDC78,TRPM8,1,1
CMTM8,ADAMTS9,1,1
CMTM8,ADCY1,1,1
CMTM8,ANKRD19P,1,1
CMTM8,ASB9,1,1
CMTM8,CCSAP,1,1
CMTM8,CENPL,1,1
CMTM8,CHST6,1,1
CMTM8,CMB9-22P13.1,1,1
CMTM8,COL19A1,1,1
CMTM8,COLGALT1,1,1
CMTM8,COPB2,1,1
CMTM8,EIF3I,1,1
CMTM8,EPDR1,1,1
CMTM8,ERLEC1,1,1
CMTM8,EXOC1,1,1
CMTM8,FCGR2A,1,1
CMTM8,FGF13,1,1
CMTM8,GATA4,1,1
CMTM8,IPO8,1,1
CMTM8,ITGA9,1,1
CMTM8,KDSR,1,1
CMTM8,MLLT10,1,1
CMTM8,NAPG,1,1
CMTM8,NOA1,1,1
CMTM8,PI15,1,1
CMTM8,PIEZO2,1,1
CMTM8,PPIA,1,1
CMTM8,RCN2,1,1
CMTM8,RUFY1,1,1
CMTM8,SCG2,1,1
CMTM8,SECISBP2,1,1
CMTM8,SLC26A2,1,1
CMTM8,SLC44A1,1,1
CMTM8,TVP23B,1,1
CMTM8,ZNF280A,1,1
L1CAM,AP3S2,1,1
L1CAM,HEBP2,1,1
L1CAM,SMAD2,1,1
ADAM17,ERP44,1,1
ADAM17,HSP90B1,1,1
ADAM17,PELI1,1,1
ADAM17,SLC7A6OS,1,1
ADAM17,STYX,1,1
RNF215,AL354822.1,1,1
RNF215,KDSR,1,1
RNF215,MOGS,1,1
ABCD3,MFSD14A,1,1
FAM3C,C16ORF52,1,1
FAM3C,CNKSR3,1,1
FAM3C,COL19A1,1,1
FAM3C,COX18,1,1
FAM3C,DDX56,1,1
FAM3C,DUS3L,1,1
FAM3C,EDEM1,1,1
FAM3C,ERLEC1,1,1
FAM3C,ITGA4,1,1
FAM3C,LIN28B,1,1
FAM3C,MAN1A2,1,1
FAM3C,NOC2LP1,1,1
FAM3C,SCG2,1,1
FAM3C,SEC61A1,1,1
FAM3C,STON2,1,1
PPP1R15A,PNPLA4,1,1
RAB3GAP1,CLOCK,1,1
SLC27A5,ACAD11,1,1
SLC27A5,ADAP1,1,1
SLC27A5,ADGRL1,1,1
SLC27A5,CADM4,1,1
SLC27A5,DNAJC30,1,1
SLC27A5,GUCY1B3,1,1
SLC27A5,MEAF6,1,1
SLC27A5,NPHP1,1,1
SLC27A5,TIMM10B,1,1
MTAP,ZNF860,1,1
TRIM6,FBXO9,1,1
NDUFV2,ADCY1,1,1
NDUFV2,AMZ2,1,1
NDUFV2,BIN3,1,1
NDUFV2,C17ORF58,1,1
NDUFV2,C8ORF58,1,1
NDUFV2,CRISPLD1,1,1
NDUFV2,CXXC1,1,1
NDUFV2,ITGA9,1,1
NDUFV2,PPIA,1,1
NDUFV2,SLC44A1,1,1
NDUFV2,ZNF280A,1,1
SMARCAD1,DTX2,1,1
SMARCAD1,HERC2P3,1,1
SMARCAD1,LGMN,1,1
SMARCAD1,RELL2,1,1
SMARCAD1,TSPAN33,1,1
SNX13,DNAJC15,1,1
SNX13,LRP4,1,1
CLIP1,ACLY,1,1
TCN1,ABCA8,1,1
TCN1,ADGRB1,1,1
TCN1,AFAP1L2,1,1
TCN1,AKAP6,1,1
TCN1,ALG13,1,1
TCN1,ANGPTL1,1,1
TCN1,ARCN1,1,1
TCN1,ARHGAP6,1,1
TCN1,ATP11C,1,1
TCN1,ATP9A,1,1
TCN1,C1QTNF3,1,1
TCN1,CDH12,1,1
TCN1,COL9A2,1,1
TCN1,COLGALT2,1,1
TCN1,CSGALNACT1,1,1
TCN1,CT45A10,1,1
TCN1,CT45A5,1,1
TCN1,CYB561,1,1
TCN1,DDX43,1,1
TCN1,DMRT2,1,1
TCN1,EIF1AXP1,1,1
TCN1,EIF4H,1,1
TCN1,EMILIN1,1,1
TCN1,EPHA3,1,1
TCN1,EPHB3,1,1
TCN1,FREM2,1,1
TCN1,GLI2,1,1
TCN1,GLUD2,1,1
TCN1,GPC1,1,1
TCN1,IGFBP2,1,1
TCN1,IL13RA2,1,1
TCN1,ITPRIPL2,1,1
TCN1,JARID2,1,1
TCN1,KCNC3,1,1
TCN1,KIAA0040,1,1
TCN1,KIAA1328,1,1
TCN1,LAMA4,1,1
TCN1,MAFB,1,1
TCN1,MEOX2,1,1
TCN1,MICALL2,1,1
TCN1,MMP16,1,1
TCN1,MRPS6,1,1
TCN1,P3H2,1,1
TCN1,PATZ1,1,1
TCN1,PCDHA10,1,1
TCN1,PCDHB6,1,1
TCN1,PCDHGA7,1,1
TCN1,POU3F3,1,1
TCN1,PRRX1,1,1
TCN1,RAB7B,1,1
TCN1,RGS5,1,1
TCN1,RNF128,1,1
TCN1,S100A13,1,1
TCN1,SCARA5,1,1
TCN1,SLC43A2,1,1
TCN1,SLC5A3,1,1
TCN1,SNED1,1,1
TCN1,SOX8,1,1
TCN1,ST8SIA5,1,1
TCN1,STK32B,1,1
TCN1,TBXAS1,1,1
TCN1,TGFB3,1,1
TCN1,TIMP1,1,1
TCN1,TNFAIP6,1,1
TCN1,WWTR1,1,1
TCN1,XIAP,1,1
TCN1,XPR1,1,1
TCN1,XYLT1,1,1
TCN1,ZBTB45P2,1,1
TCN1,ZNF860,1,1
CDC42EP3,EMILIN1,1,1
CDC42EP3,HS3ST3B1,1,1
CDC42EP3,NPTX2,1,1
CDC42EP3,S100A13,1,1
CDC42EP3,TIPARP,1,1
C17ORF96,ABCF2,1,1
C17ORF96,ANKH,1,1
C17ORF96,C17ORF89,1,1
C17ORF96,C1QTNF3,1,1
C17ORF96,COL9A2,1,1
C17ORF96,COLGALT2,1,1
C17ORF96,COTL1,1,1
C17ORF96,EIF1AX,1,1
C17ORF96,EIF4H,1,1
C17ORF96,ERCC1,1,1
C17ORF96,F12,1,1
C17ORF96,FREM2,1,1
C17ORF96,GLI2,1,1
C17ORF96,JRK,1,1
C17ORF96,KIAA1328,1,1
C17ORF96,L3HYPDH,1,1
C17ORF96,LIMS1,1,1
C17ORF96,MICALL2,1,1
C17ORF96,MMADHC,1,1
C17ORF96,MMP16,1,1
C17ORF96,NMD3,1,1
C17ORF96,NOC2LP1,1,1
C17ORF96,OFD1,1,1
C17ORF96,POLRMT,1,1
C17ORF96,PRKAR1B,1,1
C17ORF96,RAB7B,1,1
C17ORF96,RNF128,1,1
C17ORF96,RPS6KA3,1,1
C17ORF96,SLC43A2,1,1
C17ORF96,TBC1D10B,1,1
C17ORF96,TGFB3,1,1
C17ORF96,TIGD1,1,1
C17ORF96,TMEM2,1,1
C17ORF96,TSPAN13,1,1
C17ORF96,UBA1,1,1
C17ORF96,YWHAG,1,1
ACAD11,ADAP1,1,1
ACAD11,ADGRL1,1,1
ACAD11,B3GNT7,1,1
ACAD11,BAALC,1,1
ACAD11,BMP6,1,1
ACAD11,CADM4,1,1
ACAD11,COASY,1,1
ACAD11,DNAJB6,1,1
ACAD11,DNAJC30,1,1
ACAD11,EMILIN1,1,1
ACAD11,FDXR,1,1
ACAD11,GUCY1B3,1,1
ACAD11,HERC2P3,1,1
ACAD11,JUNB,1,1
ACAD11,LAMA2,1,1
ACAD11,MEAF6,1,1
ACAD11,MORN2,1,1
ACAD11,NPHP1,1,1
ACAD11,PYROXD2,1,1
ACAD11,RP11-111F5.5,1,1
ACAD11,SERPINA3,1,1
ACAD11,SLC40A1,1,1
ACAD11,SOD3,1,1
ACAD11,SPAG4,1,1
ACAD11,TIMM10B,1,1
UBE3B,C17ORF89,1,1
UBE3B,CDK5RAP1,1,1
UBE3B,CNBP,1,1
UBE3B,DLX1,1,1
UBE3B,EFNA5,1,1
UBE3B,EIF5A,1,1
UBE3B,F11R,1,1
UBE3B,FRMD6,1,1
UBE3B,ZNF121,1,1
CRISPLD1,ADCY1,1,1
CRISPLD1,AMZ2,1,1
CRISPLD1,ANKRD19P,1,1
CRISPLD1,ARHGAP25,1,1
CRISPLD1,C8ORF58,1,1
CRISPLD1,CCSAP,1,1
CRISPLD1,CHST6,1,1
CRISPLD1,CMB9-22P13.1,1,1
CRISPLD1,COLGALT1,1,1
CRISPLD1,COPB2,1,1
CRISPLD1,COPG1,1,1
CRISPLD1,DNAJB12,1,1
CRISPLD1,ETFB,1,1
CRISPLD1,FABP7,1,1
CRISPLD1,FAM198B,1,1
CRISPLD1,FCGR2A,1,1
CRISPLD1,FGF13,1,1
CRISPLD1,FKBP11,1,1
CRISPLD1,FKBP9,1,1
CRISPLD1,FKBP9P1,1,1
CRISPLD1,GLCCI1,1,1
CRISPLD1,GPC4,1,1
CRISPLD1,IARS2,1,1
CRISPLD1,ID4,1,1
CRISPLD1,ITGA9,1,1
CRISPLD1,LAMC3,1,1
CRISPLD1,MAN1B1,1,1
CRISPLD1,MAP7D3,1,1
CRISPLD1,MRAP2,1,1
CRISPLD1,MRPL57,1,1
CRISPLD1,N4BP2L2,1,1
CRISPLD1,NAPG,1,1
CRISPLD1,NOMO1,1,1
CRISPLD1,NSF,1,1
CRISPLD1,PCOLCE2,1,1
CRISPLD1,PI15,1,1
CRISPLD1,PIEZO2,1,1
CRISPLD1,PPIA,1,1
CRISPLD1,PPP1R13B,1,1
CRISPLD1,PRDX6,1,1
CRISPLD1,RAB23,1,1
CRISPLD1,RNF216,1,1
CRISPLD1,ROR1,1,1
CRISPLD1,SEZ6L2,1,1
CRISPLD1,SLC19A3,1,1
CRISPLD1,SLC26A2,1,1
CRISPLD1,SLC26A4,1,1
CRISPLD1,SLC44A1,1,1
CRISPLD1,SMAP2,1,1
CRISPLD1,TBC1D8,1,1
CRISPLD1,TMEM62,1,1
CRISPLD1,TRPM3,1,1
CRISPLD1,XPR1,1,1
THOC2,ATAT1,1,1
THOC2,CCSAP,1,1
THOC2,CEP85L,1,1
THOC2,CHL1,1,1
THOC2,CLCC1,1,1
THOC2,COMMD3,1,1
THOC2,DOCK10,1,1
THOC2,EPDR1,1,1
THOC2,HERC4,1,1
THOC2,MEGF10,1,1
THOC2,N4BP2L2,1,1
THOC2,NOMO1,1,1
THOC2,PPIA,1,1
THOC2,SSFA2,1,1
THOC2,SWAP70,1,1
THOC2,TMEM5,1,1
TDG,UBA5,1,1
TDG,ZFX,1,1
SLC7A6OS,GARS,1,1
SLC7A6OS,HSP90B1,1,1
SLC7A6OS,ITGA4,1,1
SLC7A6OS,MORF4L2,1,1
SLC7A6OS,NMD3,1,1
SLC7A6OS,STYX,1,1
SLC7A6OS,UCK1,1,1
ZNF736,ARF6,1,1
ZNF736,EIF4B,1,1
ZNF736,FAM175A,1,1
ZNF736,FAM188B,1,1
ZNF736,FAM198B,1,1
ZNF736,FKBP11,1,1
ZNF736,GRIK2,1,1
ZNF736,ID4,1,1
ZNF736,METTL14,1,1
ZNF736,MRPL57,1,1
ZNF736,PIEZO2,1,1
ZNF736,RAD17,1,1
ZNF736,SLC19A3,1,1
ZNF736,TVP23B,1,1
RRP15,DBR1,1,1
RRP15,SEC61A1,1,1
RRP15,ZNF275,1,1
FREM2,ADGRB1,1,1
FREM2,AFAP1L2,1,1
FREM2,ANGPTL1,1,1
FREM2,ARCN1,1,1
FREM2,ARHGAP6,1,1
FREM2,B3GNT7,1,1
FREM2,BATF3,1,1
FREM2,C1QTNF3,1,1
FREM2,COL9A2,1,1
FREM2,COLGALT2,1,1
FREM2,CT45A10,1,1
FREM2,CT45A5,1,1
FREM2,DMRT2,1,1
FREM2,EIF1AX,1,1
FREM2,EIF4H,1,1
FREM2,EPHA3,1,1
FREM2,EPHB3,1,1
FREM2,EYA2,1,1
FREM2,F12,1,1
FREM2,GLI2,1,1
FREM2,IL13RA2,1,1
FREM2,KCNC3,1,1
FREM2,KIAA1328,1,1
FREM2,L3HYPDH,1,1
FREM2,LAMA2,1,1
FREM2,MAMDC2,1,1
FREM2,MEOX2,1,1
FREM2,MICALL2,1,1
FREM2,MMADHC,1,1
FREM2,MMP16,1,1
FREM2,NPAS1,1,1
FREM2,NTN1,1,1
FREM2,OFD1,1,1
FREM2,P3H2,1,1
FREM2,P3H4,1,1
FREM2,PATZ1,1,1
FREM2,PCDHA10,1,1
FREM2,PCDHB6,1,1
FREM2,POLRMT,1,1
FREM2,POU3F3,1,1
FREM2,PRKAR1B,1,1
FREM2,PRRX1,1,1
FREM2,PTK7,1,1
FREM2,RAB7B,1,1
FREM2,RNF128,1,1
FREM2,RPS6KA3,1,1
FREM2,SCARA5,1,1
FREM2,SLC43A2,1,1
FREM2,STK32B,1,1
FREM2,TBC1D10B,1,1
FREM2,TBXAS1,1,1
FREM2,TGFB3,1,1
FREM2,TIGD1,1,1
FREM2,TMEM2,1,1
FREM2,TNFAIP6,1,1
FREM2,TSPAN13,1,1
FREM2,TYW1B,1,1
FREM2,UBA1,1,1
FREM2,WWTR1,1,1
FREM2,XIAP,1,1
H1FX,CLCC1,1,1
H1FX,CNKSR3,1,1
H1FX,EPDR1,1,1
H1FX,LIN28B,1,1
H1FX,MEGF10,1,1
H1FX,METTL14,1,1
H1FX,RAD17,1,1
H1FX,SLC4A7,1,1
H1FX,TMEM5,1,1
H1FX,UXS1,1,1
H1FX,ZFP28,1,1
H1FX,ZNF71,1,1
RNF128,AFAP1L2,1,1
RNF128,ANGPTL1,1,1
RNF128,ARHGAP6,1,1
RNF128,C1QTNF3,1,1
RNF128,CEP170B,1,1
RNF128,COLGALT2,1,1
RNF128,CSGALNACT1,1,1
RNF128,CT45A5,1,1
RNF128,DMRT2,1,1
RNF128,EDEM1,1,1
RNF128,EIF1AX,1,1
RNF128,EPHA3,1,1
RNF128,EPHB3,1,1
RNF128,ERCC1,1,1
RNF128,IFNAR1,1,1
RNF128,IL13RA2,1,1
RNF128,IL1RAP,1,1
RNF128,KCNC3,1,1
RNF128,KCNC4,1,1
RNF128,KIAA0040,1,1
RNF128,KIAA1328,1,1
RNF128,L3HYPDH,1,1
RNF128,LAMA4,1,1
RNF128,MMP16,1,1
RNF128,NPAS1,1,1
RNF128,P3H2,1,1
RNF128,PCDHA10,1,1
RNF128,PCDHGA7,1,1
RNF128,PHC2,1,1
RNF128,PRRX1,1,1
RNF128,RAB7B,1,1
RNF128,RC3H1,1,1
RNF128,SEC61A1,1,1
RNF128,SLC43A2,1,1
RNF128,SLC5A3,1,1
RNF128,SNED1,1,1
RNF128,ST8SIA5,1,1
RNF128,STK32B,1,1
RNF128,TBXAS1,1,1
RNF128,TGFB3,1,1
RNF128,TIMP1,1,1
RNF128,TNFAIP6,1,1
RNF128,TRAF4,1,1
RNF128,TRIM51,1,1
RNF128,XIAP,1,1
RNF128,ZNF654,1,1
NAT8L,BCL7A,1,1
NAT8L,C1ORF27,1,1
NAT8L,CSGALNACT1,1,1
NAT8L,FBXO9,1,1
NAT8L,FIP1L1,1,1
NAT8L,GINM1,1,1
NAT8L,GLUD2,1,1
NAT8L,GNS,1,1
NAT8L,MAML2,1,1
NAT8L,MPZL1,1,1
NAT8L,NFIA,1,1
NAT8L,PCDH7,1,1
NAT8L,RNF157,1,1
NAT8L,RP11-958N24.2,1,1
NAT8L,TNFRSF19,1,1
SLC35G2,ADORA2B,1,1
SLC35G2,ANKH,1,1
SLC35G2,CHPF2,1,1
SLC35G2,EBF3,1,1
SLC35G2,GLI2,1,1
SLC35G2,L3HYPDH,1,1
SLC35G2,LIMS1,1,1
SLC35G2,PACRGL,1,1
SLC35G2,PRKAR1B,1,1
SLC35G2,SLC43A2,1,1
SLC35G2,TMEM2,1,1
SLC35G2,YWHAG,1,1
ADCY1,ACTN2,1,1
ADCY1,ADAMTS9,1,1
ADCY1,ANKRD19P,1,1
ADCY1,ARHGAP25,1,1
ADCY1,C8ORF58,1,1
ADCY1,CCSAP,1,1
ADCY1,CENPL,1,1
ADCY1,CHST6,1,1
ADCY1,CMB9-22P13.1,1,1
ADCY1,COLGALT1,1,1
ADCY1,COPB2,1,1
ADCY1,COPG1,1,1
ADCY1,DNAJB12,1,1
ADCY1,EPDR1,1,1
ADCY1,ETFB,1,1
ADCY1,FABP7,1,1
ADCY1,FAM198B,1,1
ADCY1,FCGR2A,1,1
ADCY1,FGF13,1,1
ADCY1,FKBP11,1,1
ADCY1,FKBP9,1,1
ADCY1,FKBP9P1,1,1
ADCY1,GLCCI1,1,1
ADCY1,GPC4,1,1
ADCY1,IARS2,1,1
ADCY1,ID4,1,1
ADCY1,ITGA9,1,1
ADCY1,LAMC3,1,1
ADCY1,MAN1B1,1,1
ADCY1,METTL14,1,1
ADCY1,MRAP2,1,1
ADCY1,N4BP2L2,1,1
ADCY1,NAPG,1,1
ADCY1,NOMO1,1,1
ADCY1,NSF,1,1
ADCY1,PCOLCE2,1,1
ADCY1,PI15,1,1
ADCY1,PIEZO2,1,1
ADCY1,PPIA,1,1
ADCY1,PRDX6,1,1
ADCY1,PWWP2A,1,1
ADCY1,RAB23,1,1
ADCY1,RAD17,1,1
ADCY1,RCN2,1,1
ADCY1,ROR1,1,1
ADCY1,SLC19A3,1,1
ADCY1,SLC26A2,1,1
ADCY1,SLC26A4,1,1
ADCY1,SLC44A1,1,1
ADCY1,SMAP2,1,1
ADCY1,TBC1D8,1,1
ADCY1,TMEM5,1,1
ADCY1,TMEM62,1,1
ADCY1,TRPM3,1,1
ADCY1,TVP23B,1,1
ADCY1,XPR1,1,1
ADCY1,ZBTB33,1,1
ADCY1,ZNF280A,1,1
RP11-111F5.5,ABCA8,1,1
RP11-111F5.5,AKAP6,1,1
RP11-111F5.5,ARHGAP20,1,1
RP11-111F5.5,B3GNT7,1,1
RP11-111F5.5,BAALC,1,1
RP11-111F5.5,BMP6,1,1
RP11-111F5.5,CDH12,1,1
RP11-111F5.5,CHPF,1,1
RP11-111F5.5,COL9A2,1,1
RP11-111F5.5,CT45A10,1,1
RP11-111F5.5,EMILIN1,1,1
RP11-111F5.5,EYA2,1,1
RP11-111F5.5,FBF1,1,1
RP11-111F5.5,FOLH1,1,1
RP11-111F5.5,GPC1,1,1
RP11-111F5.5,GPC4,1,1
RP11-111F5.5,HS3ST3B1,1,1
RP11-111F5.5,IGFBP2,1,1
RP11-111F5.5,JUNB,1,1
RP11-111F5.5,LAMA2,1,1
RP11-111F5.5,LAMC3,1,1
RP11-111F5.5,LRP2,1,1
RP11-111F5.5,MAFB,1,1
RP11-111F5.5,MAMDC2,1,1
RP11-111F5.5,MEOX2,1,1
RP11-111F5.5,MICALL2,1,1
RP11-111F5.5,NPHP1,1,1
RP11-111F5.5,NTN1,1,1
RP11-111F5.5,OPHN1,1,1
RP11-111F5.5,P3H4,1,1
RP11-111F5.5,PATZ1,1,1
RP11-111F5.5,PCDHB6,1,1
RP11-111F5.5,PITPNC1,1,1
RP11-111F5.5,PMS2CL,1,1
RP11-111F5.5,RAPGEF5,1,1
RP11-111F5.5,SCARA5,1,1
RP11-111F5.5,SEL1L3,1,1
RP11-111F5.5,SERPINA3,1,1
RP11-111F5.5,SEZ6L2,1,1
RP11-111F5.5,SOD3,1,1
RP11-111F5.5,SPATS1,1,1
RP11-111F5.5,STAT3,1,1
RP11-111F5.5,TRPM8,1,1
RP11-111F5.5,VPS26A,1,1
RP11-111F5.5,WNK4,1,1
MMP16,ABCF2,1,1
MMP16,ADGRB1,1,1
MMP16,AFAP1L2,1,1
MMP16,ANGPTL1,1,1
MMP16,ARHGAP6,1,1
MMP16,C1QTNF3,1,1
MMP16,COL9A2,1,1
MMP16,COLGALT2,1,1
MMP16,CT45A10,1,1
MMP16,CT45A5,1,1
MMP16,DMRT2,1,1
MMP16,EIF1AX,1,1
MMP16,EIF4H,1,1
MMP16,EPHA3,1,1
MMP16,EPHB3,1,1
MMP16,ERCC1,1,1
MMP16,GLI2,1,1
MMP16,IL13RA2,1,1
MMP16,KCNC3,1,1
MMP16,KIAA0040,1,1
MMP16,KIAA1328,1,1
MMP16,L3HYPDH,1,1
MMP16,LIMS1,1,1
MMP16,MICALL2,1,1
MMP16,MMADHC,1,1
MMP16,NPAS1,1,1
MMP16,OFD1,1,1
MMP16,P3H2,1,1
MMP16,PCDHA10,1,1
MMP16,POLRMT,1,1
MMP16,POU3F3,1,1
MMP16,PRKAR1B,1,1
MMP16,PRRX1,1,1
MMP16,RAB7B,1,1
MMP16,RPS6KA3,1,1
MMP16,SCARA5,1,1
MMP16,SLC43A2,1,1
MMP16,SLC5A3,1,1
MMP16,SNED1,1,1
MMP16,ST8SIA5,1,1
MMP16,STK32B,1,1
MMP16,TBC1D10B,1,1
MMP16,TBXAS1,1,1
MMP16,TGFB3,1,1
MMP16,TIGD1,1,1
MMP16,TMEM2,1,1
MMP16,TNFAIP6,1,1
MMP16,TSPAN13,1,1
MMP16,UBA1,1,1
MMP16,WWTR1,1,1
MMP16,XIAP,1,1
MMP16,YWHAG,1,1
MMP16,ZNF654,1,1
ERLEC1,ARHGAP25,1,1
ERLEC1,C16ORF52,1,1
ERLEC1,CENPL,1,1
ERLEC1,COL19A1,1,1
ERLEC1,COPB2,1,1
ERLEC1,COX18,1,1
ERLEC1,DUS3L,1,1
ERLEC1,EPDR1,1,1
ERLEC1,FAM198B,1,1
ERLEC1,FGF13,1,1
ERLEC1,GULP1,1,1
ERLEC1,IL1RAP,1,1
ERLEC1,IPO8,1,1
ERLEC1,ITGA4,1,1
ERLEC1,LIN28B,1,1
ERLEC1,MAN1A2,1,1
ERLEC1,MRAP2,1,1
ERLEC1,NOC2LP1,1,1
ERLEC1,OFD1,1,1
ERLEC1,PCOLCE2,1,1
ERLEC1,PIEZO2,1,1
ERLEC1,RCN2,1,1
ERLEC1,ROR1,1,1
ERLEC1,SCG2,1,1
ERLEC1,SEC61A1,1,1
ERLEC1,SLC26A4,1,1
ERLEC1,STON2,1,1
ERLEC1,TBC1D10B,1,1
ERLEC1,TVP23B,1,1
ERLEC1,WWTR1,1,1
ERLEC1,ZNF654,1,1
PDZD4,BIN3,1,1
PDZD4,CHL1,1,1
PDZD4,ITGA9,1,1
PDZD4,METTL14,1,1
PDZD4,PWWP2A,1,1
PDZD4,RC3H2,1,1
PDZD4,SMAD4,1,1
PDZD4,STX2,1,1
PDZD4,ZNF280A,1,1
ATP11C,ADGRB1,1,1
ATP11C,AFAP1L2,1,1
ATP11C,AKAP6,1,1
ATP11C,ALG13,1,1
ATP11C,ARHGAP6,1,1
ATP11C,ATP9A,1,1
ATP11C,C1QTNF3,1,1
ATP11C,CALCOCO2,1,1
ATP11C,CSGALNACT1,1,1
ATP11C,CT45A10,1,1
ATP11C,CT45A5,1,1
ATP11C,DDX43,1,1
ATP11C,DMRT2,1,1
ATP11C,EPHA3,1,1
ATP11C,EPHB3,1,1
ATP11C,FKBP9P1,1,1
ATP11C,GLUD2,1,1
ATP11C,GNS,1,1
ATP11C,GPC1,1,1
ATP11C,GPR37,1,1
ATP11C,IL13RA2,1,1
ATP11C,ITPRIPL2,1,1
ATP11C,KCNC3,1,1
ATP11C,LAMA4,1,1
ATP11C,MAFB,1,1
ATP11C,MEOX2,1,1
ATP11C,NFIA,1,1
ATP11C,NPHP1,1,1
ATP11C,P3H2,1,1
ATP11C,PCDH7,1,1
ATP11C,PCDHA10,1,1
ATP11C,PCDHGA7,1,1
ATP11C,RNF157,1,1
ATP11C,RP11-958N24.2,1,1
ATP11C,S100A13,1,1
ATP11C,SCARA5,1,1
ATP11C,SLC5A3,1,1
ATP11C,SOX5,1,1
ATP11C,SOX8,1,1
ATP11C,ST8SIA5,1,1
ATP11C,STK32B,1,1
ATP11C,TIMP1,1,1
ATP11C,TNFAIP6,1,1
ATP11C,USP9X,1,1
ATP11C,UTRN,1,1
ATP11C,XIAP,1,1
ATP11C,XPR1,1,1
ATP11C,XYLT1,1,1
ATP11C,ZBTB45P2,1,1
ATP11C,ZNF468,1,1
ATP11C,ZNF536,1,1
AP3S2,ILK,1,1
STK32B,ABCA8,1,1
STK32B,ACTN2,1,1
STK32B,ADGRB1,1,1
STK32B,AFAP1L2,1,1
STK32B,AKAP6,1,1
STK32B,ALG13,1,1
STK32B,ANGPTL1,1,1
STK32B,ARCN1,1,1
STK32B,ARHGAP25,1,1
STK32B,ARHGAP6,1,1
STK32B,ATP9A,1,1
STK32B,B3GNT7,1,1
STK32B,C1QTNF3,1,1
STK32B,COL9A2,1,1
STK32B,COLGALT2,1,1
STK32B,CSGALNACT1,1,1
STK32B,CT45A10,1,1
STK32B,CT45A5,1,1
STK32B,DMRT2,1,1
STK32B,EMILIN1,1,1
STK32B,EPHA3,1,1
STK32B,EPHB3,1,1
STK32B,EYA2,1,1
STK32B,FAM188B,1,1
STK32B,FAM198B,1,1
STK32B,FKBP9P1,1,1
STK32B,GLUD2,1,1
STK32B,GPC1,1,1
STK32B,GPC4,1,1
STK32B,IARS2,1,1
STK32B,ID4,1,1
STK32B,IGFBP2,1,1
STK32B,IL13RA2,1,1
STK32B,IL1RAP,1,1
STK32B,ITPRIPL2,1,1
STK32B,JARID2,1,1
STK32B,KCNC3,1,1
STK32B,KIAA0040,1,1
STK32B,LAMA4,1,1
STK32B,LAMC3,1,1
STK32B,LRRC75A,1,1
STK32B,MAFB,1,1
STK32B,MEOX2,1,1
STK32B,MICALL2,1,1
STK32B,MRAP2,1,1
STK32B,NPAS1,1,1
STK32B,NTN1,1,1
STK32B,P3H2,1,1
STK32B,PATZ1,1,1
STK32B,PCDHA10,1,1
STK32B,PCDHB6,1,1
STK32B,PCDHGA7,1,1
STK32B,PMS2CL,1,1
STK32B,POU3F3,1,1
STK32B,PRDX6,1,1
STK32B,PRRX1,1,1
STK32B,RAB7B,1,1
STK32B,S100A13,1,1
STK32B,SCARA5,1,1
STK32B,SLC19A3,1,1
STK32B,SLC26A4,1,1
STK32B,SLC5A3,1,1
STK32B,SNED1,1,1
STK32B,SPATS1,1,1
STK32B,ST8SIA5,1,1
STK32B,TBC1D10B,1,1
STK32B,TBXAS1,1,1
STK32B,TGFB3,1,1
STK32B,TIGD1,1,1
STK32B,TIMP1,1,1
STK32B,TNFAIP6,1,1
STK32B,TSPAN13,1,1
STK32B,WNK4,1,1
STK32B,WWTR1,1,1
STK32B,XIAP,1,1
STK32B,XPR1,1,1
STK32B,XYLT1,1,1
STK32B,ZBTB45P2,1,1
STK32B,ZNF654,1,1
MORN2,BECN1,1,1
MORN2,CACNA1H,1,1
MORN2,CCM2,1,1
MORN2,DDX43,1,1
MORN2,FUNDC1,1,1
MORN2,GPR37,1,1
MORN2,GUCY1B3,1,1
MORN2,HERC2P3,1,1
MORN2,INSR,1,1
MORN2,KIFAP3,1,1
MORN2,LGMN,1,1
MORN2,NPHP1,1,1
MORN2,PIGS,1,1
MORN2,STAT3,1,1
MORN2,TIMM10B,1,1
TMEM54,C1ORF27,1,1
TMEM54,STIM2,1,1
UCK1,C16ORF52,1,1
UCK1,CD55,1,1
UCK1,ERCC6,1,1
UCK1,GARS,1,1
UCK1,HSP90B1,1,1
UCK1,ITGA4,1,1
UCK1,MORF4L2,1,1
UCK1,NOC2LP1,1,1
UCK1,PTCD2,1,1
UCK1,STYX,1,1
UCK1,TBC1D10B,1,1
TYW1B,ADAP1,1,1
TYW1B,ADGRB1,1,1
TYW1B,ADORA2B,1,1
TYW1B,AFAP1L2,1,1
TYW1B,ANKH,1,1
TYW1B,BATF3,1,1
TYW1B,COL9A2,1,1
TYW1B,COLGALT2,1,1
TYW1B,CRIP2,1,1
TYW1B,CT45A10,1,1
TYW1B,CT45A5,1,1
TYW1B,DUSP23,1,1
TYW1B,EBF3,1,1
TYW1B,EIF4H,1,1
TYW1B,EMILIN1,1,1
TYW1B,F12,1,1
TYW1B,GLI2,1,1
TYW1B,LAMA2,1,1
TYW1B,MEOX2,1,1
TYW1B,MICALL2,1,1
TYW1B,MRPS6,1,1
TYW1B,NFIC,1,1
TYW1B,P3H4,1,1
TYW1B,POU3F3,1,1
TYW1B,PRKAR1B,1,1
TYW1B,PTPN12,1,1
TYW1B,RANBP17,1,1
TYW1B,RPS6KA3,1,1
TYW1B,SLC25A16,1,1
TYW1B,SLC43A2,1,1
TYW1B,SRPX2,1,1
TYW1B,TIGD1,1,1
TYW1B,TSPAN13,1,1
TYW1B,UBA1,1,1
MOSPD2,C8ORF48,1,1
MOSPD2,COPG1,1,1
MOSPD2,PHLDA1,1,1
MOSPD2,POLM,1,1
MOSPD2,RELL2,1,1
MOSPD2,STAG3L3,1,1
DNAJC30,ABCA8,1,1
DNAJC30,ADAP1,1,1
DNAJC30,ADGRB1,1,1
DNAJC30,ADGRL1,1,1
DNAJC30,AFAP1L2,1,1
DNAJC30,AKAP6,1,1
DNAJC30,ARHGAP6,1,1
DNAJC30,ATP9A,1,1
DNAJC30,B3GNT7,1,1
DNAJC30,BMP6,1,1
DNAJC30,CACNA1H,1,1
DNAJC30,CADM4,1,1
DNAJC30,CDH12,1,1
DNAJC30,COL9A2,1,1
DNAJC30,CT45A10,1,1
DNAJC30,CYB561,1,1
DNAJC30,DDX43,1,1
DNAJC30,DNAJB6,1,1
DNAJC30,EMILIN1,1,1
DNAJC30,EYA2,1,1
DNAJC30,FOLH1,1,1
DNAJC30,GPC1,1,1
DNAJC30,GUCY1B3,1,1
DNAJC30,IGFBP2,1,1
DNAJC30,IL13RA2,1,1
DNAJC30,INSR,1,1
DNAJC30,ITPRIPL2,1,1
DNAJC30,JUNB,1,1
DNAJC30,LAMA2,1,1
DNAJC30,MAFB,1,1
DNAJC30,MEOX2,1,1
DNAJC30,MRPS6,1,1
DNAJC30,NPHP1,1,1
DNAJC30,NTN1,1,1
DNAJC30,P3H4,1,1
DNAJC30,PATZ1,1,1
DNAJC30,PCDHA10,1,1
DNAJC30,PCDHB6,1,1
DNAJC30,POU3F3,1,1
DNAJC30,PTCHD4,1,1
DNAJC30,RANBP17,1,1
DNAJC30,RP11-43F13.1,1,1
DNAJC30,S100A13,1,1
DNAJC30,SCARA5,1,1
DNAJC30,SEL1L3,1,1
DNAJC30,SERPINA3,1,1
DNAJC30,SOD3,1,1
DNAJC30,STAT3,1,1
DNAJC30,TIMM10B,1,1
DNAJC30,USP9X,1,1
DNAJC30,WNK4,1,1
DNAJC30,ZBTB45P2,1,1
DNAJC30,ZNF536,1,1
GAGE12J,ADAP1,1,1
GAGE12J,BAALC,1,1
GAGE12J,BMP6,1,1
GAGE12J,CACNA1H,1,1
GAGE12J,COASY,1,1
GAGE12J,CTAG2,1,1
GAGE12J,FOLH1,1,1
GAGE12J,KCNG4,1,1
GAGE12J,NTN1,1,1
GAGE12J,PITPNC1,1,1
GAGE12J,SOD3,1,1
GAGE12J,SPATS1,1,1
GAGE12J,TARS2,1,1
GAGE12J,WNK4,1,1
MTIF2,ADAMTS9,1,1
MTIF2,ATAT1,1,1
MTIF2,CCSAP,1,1
MTIF2,CENPL,1,1
MTIF2,CHL1,1,1
MTIF2,COLGALT1,1,1
MTIF2,DOCK10,1,1
MTIF2,GATA4,1,1
MTIF2,PHB,1,1
MTIF2,PPIA,1,1
MTIF2,RCN2,1,1
PITPNC1,ABCA8,1,1
PITPNC1,ADAP1,1,1
PITPNC1,ADGRB1,1,1
PITPNC1,ARHGAP20,1,1
PITPNC1,B3GNT7,1,1
PITPNC1,BAALC,1,1
PITPNC1,BMP6,1,1
PITPNC1,CACNA1H,1,1
PITPNC1,CDH12,1,1
PITPNC1,CHPF,1,1
PITPNC1,COL9A2,1,1
PITPNC1,CT45A10,1,1
PITPNC1,EMILIN1,1,1
PITPNC1,EYA2,1,1
PITPNC1,FBF1,1,1
PITPNC1,FOLH1,1,1
PITPNC1,GPC1,1,1
PITPNC1,GPC4,1,1
PITPNC1,IGFBP2,1,1
PITPNC1,JSRP1,1,1
PITPNC1,JUNB,1,1
PITPNC1,KCNG4,1,1
PITPNC1,LAMA2,1,1
PITPNC1,LAMC3,1,1
PITPNC1,LRP2,1,1
PITPNC1,MAFB,1,1
PITPNC1,MAMDC2,1,1
PITPNC1,MEOX2,1,1
PITPNC1,NTN1,1,1
PITPNC1,P3H4,1,1
PITPNC1,PATZ1,1,1
PITPNC1,PCDHB6,1,1
PITPNC1,PMS2CL,1,1
PITPNC1,POU3F3,1,1
PITPNC1,SERPINA3,1,1
PITPNC1,SEZ6L2,1,1
PITPNC1,SOD3,1,1
PITPNC1,SPARC,1,1
PITPNC1,SPATS1,1,1
PITPNC1,SRGAP2,1,1
PITPNC1,TACO1,1,1
PITPNC1,TARS2,1,1
PITPNC1,TGFB3,1,1
PITPNC1,TIGD1,1,1
PITPNC1,TRPM8,1,1
PITPNC1,TSPAN13,1,1
PITPNC1,WNK4,1,1
PITPNC1,WWTR1,1,1
SBDS,ATXN1,1,1
SBDS,GSDMD,1,1
SBDS,ICK,1,1
SBDS,RNF157,1,1
SBDS,ZNF860,1,1
RAD17,ACTN2,1,1
RAD17,ADAMTS9,1,1
RAD17,ARHGAP25,1,1
RAD17,CENPL,1,1
RAD17,CLCC1,1,1
RAD17,CMB9-22P13.1,1,1
RAD17,COL19A1,1,1
RAD17,COLGALT1,1,1
RAD17,DOCK10,1,1
RAD17,EIF4B,1,1
RAD17,EPDR1,1,1
RAD17,FAM175A,1,1
RAD17,FAM188B,1,1
RAD17,FAM198B,1,1
RAD17,FCGR2A,1,1
RAD17,FGF13,1,1
RAD17,FKBP11,1,1
RAD17,GLCCI1,1,1
RAD17,ID4,1,1
RAD17,LIN28B,1,1
RAD17,MAN1B1,1,1
RAD17,MEGF10,1,1
RAD17,METTL14,1,1
RAD17,MRPL57,1,1
RAD17,NOMO1,1,1
RAD17,NSF,1,1
RAD17,PCOLCE2,1,1
RAD17,PI15,1,1
RAD17,PIEZO2,1,1
RAD17,PPIA,1,1
RAD17,PWWP2A,1,1
RAD17,RCN2,1,1
RAD17,ROR1,1,1
RAD17,SECISBP2,1,1
RAD17,SLC19A3,1,1
RAD17,SLC26A2,1,1
RAD17,SLC26A4,1,1
RAD17,SLC44A1,1,1
RAD17,SMAD4,1,1
RAD17,SMAP2,1,1
RAD17,STX2,1,1
RAD17,TMEM5,1,1
RAD17,TMEM62,1,1
RAD17,TVP23B,1,1
RAD17,UPF2,1,1
RAD17,ZNF71,1,1
SMAP2,ACTN2,1,1
SMAP2,ADAMTS9,1,1
SMAP2,ANKRD19P,1,1
SMAP2,ARHGAP25,1,1
SMAP2,C8ORF58,1,1
SMAP2,CCSAP,1,1
SMAP2,CLCC1,1,1
SMAP2,CMB9-22P13.1,1,1
SMAP2,COLGALT1,1,1
SMAP2,COPB2,1,1
SMAP2,COPG1,1,1
SMAP2,DNAJB12,1,1
SMAP2,EPDR1,1,1
SMAP2,ETFB,1,1
SMAP2,FABP7,1,1
SMAP2,FAM188B,1,1
SMAP2,FAM198B,1,1
SMAP2,FCGR2A,1,1
SMAP2,FGF13,1,1
SMAP2,FKBP11,1,1
SMAP2,FKBP9,1,1
SMAP2,FKBP9P1,1,1
SMAP2,GLCCI1,1,1
SMAP2,GPC4,1,1
SMAP2,IARS2,1,1
SMAP2,ID4,1,1
SMAP2,LAMC3,1,1
SMAP2,MAN1B1,1,1
SMAP2,METTL14,1,1
SMAP2,MRAP2,1,1
SMAP2,MRPL57,1,1
SMAP2,N4BP2L2,1,1
SMAP2,NAPG,1,1
SMAP2,NOMO1,1,1
SMAP2,NPAS1,1,1
SMAP2,NSF,1,1
SMAP2,PCOLCE2,1,1
SMAP2,PI15,1,1
SMAP2,PIEZO2,1,1
SMAP2,PMS2CL,1,1
SMAP2,PPIA,1,1
SMAP2,PRDX6,1,1
SMAP2,PWWP2A,1,1
SMAP2,RAB23,1,1
SMAP2,RCN2,1,1
SMAP2,RNF216,1,1
SMAP2,ROR1,1,1
SMAP2,SLC19A3,1,1
SMAP2,SLC26A2,1,1
SMAP2,SLC26A4,1,1
SMAP2,SLC44A1,1,1
SMAP2,TMEM5,1,1
SMAP2,TMEM62,1,1
SMAP2,TRPM3,1,1
SMAP2,TVP23B,1,1
SMAP2,XPR1,1,1
SMAP2,ZBTB33,1,1
FOXO1,TMED10,1,1
B3GNT7,ABCA8,1,1
B3GNT7,ADAP1,1,1
B3GNT7,ADGRB1,1,1
B3GNT7,ADGRL1,1,1
B3GNT7,AFAP1L2,1,1
B3GNT7,AKAP6,1,1
B3GNT7,ALG13,1,1
B3GNT7,ARHGAP20,1,1
B3GNT7,ARHGAP6,1,1
B3GNT7,ATP9A,1,1
B3GNT7,BAALC,1,1
B3GNT7,BMP6,1,1
B3GNT7,C1QTNF3,1,1
B3GNT7,CACNA1H,1,1
B3GNT7,CADM4,1,1
B3GNT7,CDH12,1,1
B3GNT7,CHPF,1,1
B3GNT7,COL9A2,1,1
B3GNT7,COLGALT2,1,1
B3GNT7,CT45A10,1,1
B3GNT7,CT45A5,1,1
B3GNT7,DDX43,1,1
B3GNT7,DNAJB6,1,1
B3GNT7,EIF4H,1,1
B3GNT7,EMILIN1,1,1
B3GNT7,EPHA3,1,1
B3GNT7,EYA2,1,1
B3GNT7,FBF1,1,1
B3GNT7,FOLH1,1,1
B3GNT7,GPC1,1,1
B3GNT7,GPC4,1,1
B3GNT7,GUCY1B3,1,1
B3GNT7,HS3ST3B1,1,1
B3GNT7,IGFBP2,1,1
B3GNT7,IL13RA2,1,1
B3GNT7,ITPRIPL2,1,1
B3GNT7,JARID2,1,1
B3GNT7,JUNB,1,1
B3GNT7,KCNC3,1,1
B3GNT7,KCNG4,1,1
B3GNT7,LAMA2,1,1
B3GNT7,LAMA4,1,1
B3GNT7,LAMC3,1,1
B3GNT7,LRP2,1,1
B3GNT7,MAFB,1,1
B3GNT7,MAMDC2,1,1
B3GNT7,MEOX2,1,1
B3GNT7,MICALL2,1,1
B3GNT7,MRPS6,1,1
B3GNT7,NPHP1,1,1
B3GNT7,NTN1,1,1
B3GNT7,OPHN1,1,1
B3GNT7,P3H2,1,1
B3GNT7,P3H4,1,1
B3GNT7,PATZ1,1,1
B3GNT7,PCDHA10,1,1
B3GNT7,PCDHB6,1,1
B3GNT7,PCDHGA7,1,1
B3GNT7,PMS2CL,1,1
B3GNT7,POU3F3,1,1
B3GNT7,RANBP17,1,1
B3GNT7,RP11-43F13.1,1,1
B3GNT7,S100A13,1,1
B3GNT7,SCARA5,1,1
B3GNT7,SEL1L3,1,1
B3GNT7,SERPINA3,1,1
B3GNT7,SEZ6L2,1,1
B3GNT7,SOD3,1,1
B3GNT7,SPATS1,1,1
B3GNT7,STAT3,1,1
B3GNT7,TGFB3,1,1
B3GNT7,TIGD1,1,1
B3GNT7,TNFAIP6,1,1
B3GNT7,TRPM8,1,1
B3GNT7,USP9X,1,1
B3GNT7,WNK4,1,1
B3GNT7,WWTR1,1,1
B3GNT7,ZBTB45P2,1,1
B3GNT7,ZNF536,1,1
RNASE1,ARHGAP20,1,1
RNASE1,BAALC,1,1
RNASE1,BMP6,1,1
RNASE1,C8ORF48,1,1
RNASE1,CEBPD,1,1
RNASE1,FDXR,1,1
RNASE1,FOLH1,1,1
RNASE1,LRP2,1,1
RNASE1,OPHN1,1,1
RNASE1,PNPLA4,1,1
RNASE1,PYROXD2,1,1
RNASE1,SERPINA3,1,1
RNASE1,SLC40A1,1,1
RNASE1,SOD3,1,1
RNASE1,SPAG4,1,1
RNASE1,TACO1,1,1
RNASE1,TARS2,1,1
RNASE1,TRPM8,1,1
RNASE1,WBSCR27,1,1
DARS,COTL1,1,1
DARS,LIMS1,1,1
DARS,PELI1,1,1
DARS,UBA5,1,1
DARS,ZFAND2B,1,1
DARS,ZFX,1,1
BLOC1S5,INTS6,1,1
FAM188B,ACTN2,1,1
FAM188B,ALG13,1,1
FAM188B,ARHGAP25,1,1
FAM188B,CHPF,1,1
FAM188B,COPB2,1,1
FAM188B,CSGALNACT1,1,1
FAM188B,EPHA3,1,1
FAM188B,FAM198B,1,1
FAM188B,FGF13,1,1
FAM188B,FKBP9P1,1,1
FAM188B,GLUD2,1,1
FAM188B,GPC4,1,1
FAM188B,IARS2,1,1
FAM188B,ID4,1,1
FAM188B,IL1RAP,1,1
FAM188B,ITPRIPL2,1,1
FAM188B,KCNC3,1,1
FAM188B,LAMA4,1,1
FAM188B,LAMC3,1,1
FAM188B,MRAP2,1,1
FAM188B,NPAS1,1,1
FAM188B,NSF,1,1
FAM188B,P3H2,1,1
FAM188B,PCOLCE2,1,1
FAM188B,PIEZO2,1,1
FAM188B,PMS2CL,1,1
FAM188B,PRDX6,1,1
FAM188B,RAB7B,1,1
FAM188B,RNF216,1,1
FAM188B,ROR1,1,1
FAM188B,SLC19A3,1,1
FAM188B,SLC26A4,1,1
FAM188B,SPATS1,1,1
FAM188B,STON2,1,1
FAM188B,TGFB3,1,1
FAM188B,TIMP1,1,1
FAM188B,TNFAIP6,1,1
FAM188B,TVP23B,1,1
FAM188B,WWTR1,1,1
FAM188B,XIAP,1,1
FAM188B,XPR1,1,1
NTN1,ABCA8,1,1
NTN1,ADAP1,1,1
NTN1,ADGRB1,1,1
NTN1,AFAP1L2,1,1
NTN1,AKAP6,1,1
NTN1,ALG13,1,1
NTN1,ARHGAP20,1,1
NTN1,ARHGAP6,1,1
NTN1,ATP9A,1,1
NTN1,BAALC,1,1
NTN1,BMP6,1,1
NTN1,CACNA1H,1,1
NTN1,CADM4,1,1
NTN1,CDH12,1,1
NTN1,CHPF,1,1
NTN1,COL9A2,1,1
NTN1,COLGALT2,1,1
NTN1,CT45A10,1,1
NTN1,CT45A5,1,1
NTN1,DDX43,1,1
NTN1,DNAJB6,1,1
NTN1,EIF4H,1,1
NTN1,EMILIN1,1,1
NTN1,EPHA3,1,1
NTN1,EYA2,1,1
NTN1,FBF1,1,1
NTN1,FOLH1,1,1
NTN1,GPC1,1,1
NTN1,GPC4,1,1
NTN1,GUCY1B3,1,1
NTN1,HS3ST3B1,1,1
NTN1,IGFBP2,1,1
NTN1,IL13RA2,1,1
NTN1,ITPRIPL2,1,1
NTN1,JARID2,1,1
NTN1,JSRP1,1,1
NTN1,JUNB,1,1
NTN1,KCNC3,1,1
NTN1,KCNG4,1,1
NTN1,LAMA2,1,1
NTN1,LAMA4,1,1
NTN1,LAMC3,1,1
NTN1,LRP2,1,1
NTN1,MAFB,1,1
NTN1,MAMDC2,1,1
NTN1,MEOX2,1,1
NTN1,MICALL2,1,1
NTN1,NPHP1,1,1
NTN1,OPHN1,1,1
NTN1,P3H2,1,1
NTN1,P3H4,1,1
NTN1,PATZ1,1,1
NTN1,PCDHA10,1,1
NTN1,PCDHB6,1,1
NTN1,PMS2CL,1,1
NTN1,POU3F3,1,1
NTN1,PRDX6,1,1
NTN1,S100A13,1,1
NTN1,SCARA5,1,1
NTN1,SEL1L3,1,1
NTN1,SERPINA3,1,1
NTN1,SEZ6L2,1,1
NTN1,SOD3,1,1
NTN1,SPARC,1,1
NTN1,SPATS1,1,1
NTN1,STAT3,1,1
NTN1,TACO1,1,1
NTN1,TGFB3,1,1
NTN1,TIGD1,1,1
NTN1,TNFAIP6,1,1
NTN1,TRPM8,1,1
NTN1,TSPAN13,1,1
NTN1,WNK4,1,1
NTN1,WWTR1,1,1
NTN1,ZNF536,1,1
TIMM10B,CADM4,1,1
TIMM10B,CALCOCO2,1,1
TIMM10B,CCM2,1,1
TIMM10B,CYB561,1,1
TIMM10B,DDX43,1,1
TIMM10B,DNAJB6,1,1
TIMM10B,GPR37,1,1
TIMM10B,GUCY1B3,1,1
TIMM10B,INSR,1,1
TIMM10B,NFIA,1,1
TIMM10B,NPHP1,1,1
TIMM10B,PTCHD4,1,1
TIMM10B,ZNF536,1,1
DLX1,ATP13A3,1,1
DLX1,CCNE1,1,1
DLX1,CNBP,1,1
DLX1,COTL1,1,1
DLX1,EFNA5,1,1
DLX1,EIF5A,1,1
DLX1,FRMD6,1,1
DLX1,JRK,1,1
DLX1,MMADHC,1,1
DLX1,NMD3,1,1
DLX1,PHF14,1,1
DLX1,U2SURP,1,1
DLX1,ZNF121,1,1
CDH12,ABCA8,1,1
CDH12,ADGRB1,1,1
CDH12,AFAP1L2,1,1
CDH12,AKAP6,1,1
CDH12,ARHGAP20,1,1
CDH12,ARHGAP6,1,1
CDH12,ATP9A,1,1
CDH12,BMP6,1,1
CDH12,CADM4,1,1
CDH12,COL9A2,1,1
CDH12,COLGALT2,1,1
CDH12,CT45A10,1,1
CDH12,DDX43,1,1
CDH12,DNAJB6,1,1
CDH12,EIF1AXP1,1,1
CDH12,EIF4H,1,1
CDH12,EMILIN1,1,1
CDH12,EYA2,1,1
CDH12,FOLH1,1,1
CDH12,GPC1,1,1
CDH12,GUCY1B3,1,1
CDH12,IGFBP2,1,1
CDH12,IL13RA2,1,1
CDH12,ITPRIPL2,1,1
CDH12,JARID2,1,1
CDH12,JUNB,1,1
CDH12,LAMA2,1,1
CDH12,LRP2,1,1
CDH12,MAFB,1,1
CDH12,MAMDC2,1,1
CDH12,MEOX2,1,1
CDH12,MICALL2,1,1
CDH12,MRPS6,1,1
CDH12,NPHP1,1,1
CDH12,OPHN1,1,1
CDH12,P3H2,1,1
CDH12,P3H4,1,1
CDH12,PATZ1,1,1
CDH12,PCDHA10,1,1
CDH12,PCDHB6,1,1
CDH12,POU3F3,1,1
CDH12,RANBP17,1,1
CDH12,RAPGEF5,1,1
CDH12,RP11-43F13.1,1,1
CDH12,SCARA5,1,1
CDH12,SEL1L3,1,1
CDH12,SERPINA3,1,1
CDH12,SOD3,1,1
CDH12,STAT3,1,1
CDH12,TGFB3,1,1
CDH12,TRPM8,1,1
CDH12,USP9X,1,1
CDH12,WNK4,1,1
CDH12,WWTR1,1,1
SRGAP2,FOLH1,1,1
SRGAP2,JUNB,1,1
SRGAP2,MAMDC2,1,1
SRGAP2,TRPM8,1,1
SLC26A4,ACTN2,1,1
SLC26A4,ALG13,1,1
SLC26A4,ARHGAP25,1,1
SLC26A4,CENPL,1,1
SLC26A4,COLGALT1,1,1
SLC26A4,COPB2,1,1
SLC26A4,CSGALNACT1,1,1
SLC26A4,DNAJB12,1,1
SLC26A4,EPDR1,1,1
SLC26A4,EPHA3,1,1
SLC26A4,FAM198B,1,1
SLC26A4,FGF13,1,1
SLC26A4,FKBP11,1,1
SLC26A4,FKBP9P1,1,1
SLC26A4,GLUD2,1,1
SLC26A4,GPC4,1,1
SLC26A4,IARS2,1,1
SLC26A4,ID4,1,1
SLC26A4,IL1RAP,1,1
SLC26A4,ITPRIPL2,1,1
SLC26A4,KCNC3,1,1
SLC26A4,KIAA0040,1,1
SLC26A4,LAMA4,1,1
SLC26A4,LAMC3,1,1
SLC26A4,MAFB,1,1
SLC26A4,MRAP2,1,1
SLC26A4,NPAS1,1,1
SLC26A4,NSF,1,1
SLC26A4,OFD1,1,1
SLC26A4,P3H2,1,1
SLC26A4,PCOLCE2,1,1
SLC26A4,PIEZO2,1,1
SLC26A4,PMS2CL,1,1
SLC26A4,PRDX6,1,1
SLC26A4,RAB7B,1,1
SLC26A4,RCN2,1,1
SLC26A4,RNF216,1,1
SLC26A4,ROR1,1,1
SLC26A4,SCG2,1,1
SLC26A4,SLC19A3,1,1
SLC26A4,SLC26A2,1,1
SLC26A4,SPARC,1,1
SLC26A4,SPATS1,1,1
SLC26A4,STON2,1,1
SLC26A4,TBC1D10B,1,1
SLC26A4,TGFB3,1,1
SLC26A4,TIMP1,1,1
SLC26A4,TNFAIP6,1,1
SLC26A4,TRPM8,1,1
SLC26A4,TVP23B,1,1
SLC26A4,WWTR1,1,1
SLC26A4,XIAP,1,1
SLC26A4,XPR1,1,1
SLC26A4,ZBTB33,1,1
SLC26A4,ZNF654,1,1
TBXAS1,ADGRB1,1,1
TBXAS1,AFAP1L2,1,1
TBXAS1,ALG13,1,1
TBXAS1,ANGPTL1,1,1
TBXAS1,ARHGAP6,1,1
TBXAS1,ATP9A,1,1
TBXAS1,ATXN1,1,1
TBXAS1,C1QTNF3,1,1
TBXAS1,COL9A2,1,1
TBXAS1,COLGALT2,1,1
TBXAS1,CT45A10,1,1
TBXAS1,CT45A5,1,1
TBXAS1,DMRT2,1,1
TBXAS1,EBF3,1,1
TBXAS1,EIF1AX,1,1
TBXAS1,EIF4H,1,1
TBXAS1,EPHA3,1,1
TBXAS1,EPHB3,1,1
TBXAS1,GLI2,1,1
TBXAS1,GLUD2,1,1
TBXAS1,GNB4,1,1
TBXAS1,GTF2F1,1,1
TBXAS1,IL13RA2,1,1
TBXAS1,ITPRIPL2,1,1
TBXAS1,JARID2,1,1
TBXAS1,KCNC3,1,1
TBXAS1,KIAA1328,1,1
TBXAS1,LAMA4,1,1
TBXAS1,MEOX2,1,1
TBXAS1,MICALL2,1,1
TBXAS1,MRPS6,1,1
TBXAS1,PCDHA10,1,1
TBXAS1,PCDHGA7,1,1
TBXAS1,POU3F3,1,1
TBXAS1,PRKAR1B,1,1
TBXAS1,PRRX1,1,1
TBXAS1,RAB7B,1,1
TBXAS1,SCARA5,1,1
TBXAS1,SLC43A2,1,1
TBXAS1,SLC5A3,1,1
TBXAS1,SNED1,1,1
TBXAS1,SOX8,1,1
TBXAS1,ST8SIA5,1,1
TBXAS1,TMEM2,1,1
TBXAS1,TNFAIP6,1,1
TBXAS1,XIAP,1,1
TBXAS1,XYLT1,1,1
TBXAS1,YWHAG,1,1
TBXAS1,ZBTB45P2,1,1
TBXAS1,ZNF860,1,1
CD55,ACP6,1,1
CD55,EIF3I,1,1
CD55,ERCC6,1,1
CD55,MAPK11,1,1
CD55,MFSD14A,1,1
CD55,MORF4L2,1,1
CD55,MPLKIP,1,1
CD55,SDHD,1,1
CD55,SPARC,1,1
CTAG2,KCNG4,1,1
MAMDC2,ABCA8,1,1
MAMDC2,AFAP1L2,1,1
MAMDC2,AKAP6,1,1
MAMDC2,ARHGAP20,1,1
MAMDC2,BMP6,1,1
MAMDC2,CHPF,1,1
MAMDC2,COL9A2,1,1
MAMDC2,COPB2,1,1
MAMDC2,CT45A10,1,1
MAMDC2,EIF4H,1,1
MAMDC2,EMILIN1,1,1
MAMDC2,EYA2,1,1
MAMDC2,FOLH1,1,1
MAMDC2,GPC4,1,1
MAMDC2,IGFBP2,1,1
MAMDC2,JUNB,1,1
MAMDC2,LAMA2,1,1
MAMDC2,LAMC3,1,1
MAMDC2,LRP2,1,1
MAMDC2,MAFB,1,1
MAMDC2,MEOX2,1,1
MAMDC2,MICALL2,1,1
MAMDC2,OFD1,1,1
MAMDC2,OPHN1,1,1
MAMDC2,P3H2,1,1
MAMDC2,P3H4,1,1
MAMDC2,PATZ1,1,1
MAMDC2,PCDHA10,1,1
MAMDC2,PCDHB6,1,1
MAMDC2,POU3F3,1,1
MAMDC2,PSMD10,1,1
MAMDC2,RAPGEF5,1,1
MAMDC2,SCARA5,1,1
MAMDC2,SEL1L3,1,1
MAMDC2,SERPINA3,1,1
MAMDC2,SEZ6L2,1,1
MAMDC2,SOD3,1,1
MAMDC2,SPARC,1,1
MAMDC2,SPATS1,1,1
MAMDC2,TBC1D10B,1,1
MAMDC2,TGFB3,1,1
MAMDC2,TIGD1,1,1
MAMDC2,TRPM8,1,1
MAMDC2,TSPAN13,1,1
MAMDC2,WBSCR27,1,1
MAMDC2,WNK4,1,1
MAMDC2,WWTR1,1,1
MRAP2,ACTN2,1,1
MRAP2,ALG13,1,1
MRAP2,ARHGAP25,1,1
MRAP2,CENPL,1,1
MRAP2,CEP170B,1,1
MRAP2,COLGALT1,1,1
MRAP2,COPB2,1,1
MRAP2,CSGALNACT1,1,1
MRAP2,DNAJB12,1,1
MRAP2,EPDR1,1,1
MRAP2,EPHA3,1,1
MRAP2,FAM198B,1,1
MRAP2,FGF13,1,1
MRAP2,FKBP11,1,1
MRAP2,FKBP9P1,1,1
MRAP2,GLUD2,1,1
MRAP2,GPC4,1,1
MRAP2,IARS2,1,1
MRAP2,ID4,1,1
MRAP2,IL13RA2,1,1
MRAP2,IL1RAP,1,1
MRAP2,ITPRIPL2,1,1
MRAP2,KCNC3,1,1
MRAP2,KIAA0040,1,1
MRAP2,LAMA4,1,1
MRAP2,LAMC3,1,1
MRAP2,NPAS1,1,1
MRAP2,NSF,1,1
MRAP2,OFD1,1,1
MRAP2,P3H2,1,1
MRAP2,PCOLCE2,1,1
MRAP2,PIEZO2,1,1
MRAP2,PMS2CL,1,1
MRAP2,PRDX6,1,1
MRAP2,RAB7B,1,1
MRAP2,RCN2,1,1
MRAP2,RNF216,1,1
MRAP2,ROR1,1,1
MRAP2,SLC19A3,1,1
MRAP2,SLC26A2,1,1
MRAP2,SPATS1,1,1
MRAP2,STON2,1,1
MRAP2,TBC1D10B,1,1
MRAP2,TGFB3,1,1
MRAP2,TIMP1,1,1
MRAP2,TNFAIP6,1,1
MRAP2,TVP23B,1,1
MRAP2,WWTR1,1,1
MRAP2,XIAP,1,1
MRAP2,XPR1,1,1
MRAP2,ZBTB33,1,1
MRAP2,ZNF654,1,1
ZNF536,ABCA8,1,1
ZNF536,ADGRB1,1,1
ZNF536,ADGRL1,1,1
ZNF536,AFAP1L2,1,1
ZNF536,AKAP6,1,1
ZNF536,ATP9A,1,1
ZNF536,CADM4,1,1
ZNF536,CT45A10,1,1
ZNF536,CYB561,1,1
ZNF536,DDX43,1,1
ZNF536,EMILIN1,1,1
ZNF536,EYA2,1,1
ZNF536,FUNDC1,1,1
ZNF536,GPC1,1,1
ZNF536,GPR37,1,1
ZNF536,GUCY1B3,1,1
ZNF536,IGFBP2,1,1
ZNF536,INSR,1,1
ZNF536,ITPRIPL2,1,1
ZNF536,KIFAP3,1,1
ZNF536,MAFB,1,1
ZNF536,MEOX2,1,1
ZNF536,NFIA,1,1
ZNF536,NKD1,1,1
ZNF536,NPHP1,1,1
ZNF536,PCDHB6,1,1
ZNF536,POU3F3,1,1
ZNF536,PTCHD4,1,1
ZNF536,RP11-43F13.1,1,1
ZNF536,SCARA5,1,1
ZNF536,STAT3,1,1
ZNF536,USP9X,1,1
ZNF536,XYLT1,1,1
PCOLCE2,ACTN2,1,1
PCOLCE2,ALG13,1,1
PCOLCE2,ARHGAP25,1,1
PCOLCE2,C16ORF52,1,1
PCOLCE2,CENPL,1,1
PCOLCE2,CHST6,1,1
PCOLCE2,COLGALT1,1,1
PCOLCE2,COPB2,1,1
PCOLCE2,CSGALNACT1,1,1
PCOLCE2,DNAJB12,1,1
PCOLCE2,EPDR1,1,1
PCOLCE2,EPHA3,1,1
PCOLCE2,FAM198B,1,1
PCOLCE2,FCGR2A,1,1
PCOLCE2,FGF13,1,1
PCOLCE2,FKBP11,1,1
PCOLCE2,FKBP9P1,1,1
PCOLCE2,GPC4,1,1
PCOLCE2,IARS2,1,1
PCOLCE2,ID4,1,1
PCOLCE2,IL1RAP,1,1
PCOLCE2,NPAS1,1,1
PCOLCE2,NSF,1,1
PCOLCE2,OFD1,1,1
PCOLCE2,P3H2,1,1
PCOLCE2,PI15,1,1
PCOLCE2,PIEZO2,1,1
PCOLCE2,PRDX6,1,1
PCOLCE2,RCN2,1,1
PCOLCE2,RNF216,1,1
PCOLCE2,ROR1,1,1
PCOLCE2,SCG2,1,1
PCOLCE2,SLC19A3,1,1
PCOLCE2,SLC26A2,1,1
PCOLCE2,SPARC,1,1
PCOLCE2,STON2,1,1
PCOLCE2,TBC1D10B,1,1
PCOLCE2,TGFB3,1,1
PCOLCE2,TIMP1,1,1
PCOLCE2,TMEM5,1,1
PCOLCE2,TRPM3,1,1
PCOLCE2,TVP23B,1,1
PCOLCE2,WWTR1,1,1
PCOLCE2,XPR1,1,1
ABCA8,ADGRB1,1,1
ABCA8,AFAP1L2,1,1
ABCA8,AKAP6,1,1
ABCA8,ALG13,1,1
ABCA8,ARHGAP20,1,1
ABCA8,ARHGAP6,1,1
ABCA8,ATP9A,1,1
ABCA8,BAALC,1,1
ABCA8,BMP6,1,1
ABCA8,C1QTNF3,1,1
ABCA8,CACNA1H,1,1
ABCA8,CADM4,1,1
ABCA8,CHPF,1,1
ABCA8,COL9A2,1,1
ABCA8,COLGALT2,1,1
ABCA8,CT45A10,1,1
ABCA8,CT45A5,1,1
ABCA8,DDX43,1,1
ABCA8,DNAJB6,1,1
ABCA8,EIF1AXP1,1,1
ABCA8,EIF4H,1,1
ABCA8,EMILIN1,1,1
ABCA8,EPHB3,1,1
ABCA8,EYA2,1,1
ABCA8,FOLH1,1,1
ABCA8,GPC1,1,1
ABCA8,GPC4,1,1
ABCA8,GUCY1B3,1,1
ABCA8,HS3ST3B1,1,1
ABCA8,IGFBP2,1,1
ABCA8,IL13RA2,1,1
ABCA8,ITPRIPL2,1,1
ABCA8,JARID2,1,1
ABCA8,JUNB,1,1
ABCA8,KCNC3,1,1
ABCA8,LAMA2,1,1
ABCA8,LAMA4,1,1
ABCA8,LAMC3,1,1
ABCA8,LRP2,1,1
ABCA8,MAFB,1,1
ABCA8,MEOX2,1,1
ABCA8,MICALL2,1,1
ABCA8,MRPS6,1,1
ABCA8,NPHP1,1,1
ABCA8,OPHN1,1,1
ABCA8,P3H2,1,1
ABCA8,P3H4,1,1
ABCA8,PATZ1,1,1
ABCA8,PCDHA10,1,1
ABCA8,PCDHB6,1,1
ABCA8,PCDHGA7,1,1
ABCA8,PMS2CL,1,1
ABCA8,POU3F3,1,1
ABCA8,RANBP17,1,1
ABCA8,RAPGEF5,1,1
ABCA8,S100A13,1,1
ABCA8,SCARA5,1,1
ABCA8,SEL1L3,1,1
ABCA8,SERPINA3,1,1
ABCA8,SEZ6L2,1,1
ABCA8,SOD3,1,1
ABCA8,SPATS1,1,1
ABCA8,STAT3,1,1
ABCA8,TGFB3,1,1
ABCA8,TIGD1,1,1
ABCA8,TNFAIP6,1,1
ABCA8,TRPM8,1,1
ABCA8,USP9X,1,1
ABCA8,WNK4,1,1
ABCA8,WWTR1,1,1
STYX,COTL1,1,1
STYX,ETNK2,1,1
STYX,GARS,1,1
STYX,HSP90B1,1,1
STYX,ITGA4,1,1
STYX,MMADHC,1,1
STYX,MORF4L2,1,1
STYX,NMD3,1,1
STYX,PELI1,1,1
RAB3GAP2,ARGLU1,1,1
RAB3GAP2,RAD54L2,1,1
GNAO1,AL354822.1,1,1
GNAO1,BIN3,1,1
GNAO1,EDEM2,1,1
GNAO1,GATA4,1,1
GNAO1,ZNF280A,1,1
METTL14,ADAMTS9,1,1
METTL14,ARF6,1,1
METTL14,C8ORF58,1,1
METTL14,CCSAP,1,1
METTL14,CHL1,1,1
METTL14,CLCC1,1,1
METTL14,CMB9-22P13.1,1,1
METTL14,COL19A1,1,1
METTL14,COLGALT1,1,1
METTL14,DOCK10,1,1
METTL14,EIF4B,1,1
METTL14,EPDR1,1,1
METTL14,FAM175A,1,1
METTL14,FCGR2A,1,1
METTL14,FGF13,1,1
METTL14,FKBP11,1,1
METTL14,GLCCI1,1,1
METTL14,MAN1B1,1,1
METTL14,MEGF10,1,1
METTL14,MRPL57,1,1
METTL14,NAPG,1,1
METTL14,NOA1,1,1
METTL14,NOMO1,1,1
METTL14,PI15,1,1
METTL14,PPIA,1,1
METTL14,PWWP2A,1,1
METTL14,ROR1,1,1
METTL14,SLC19A3,1,1
METTL14,SLC26A2,1,1
METTL14,SLC44A1,1,1
METTL14,SMAD4,1,1
METTL14,STX2,1,1
METTL14,TMEM5,1,1
METTL14,TMEM62,1,1
METTL14,TVP23B,1,1
METTL14,UPF2,1,1
METTL14,ZFP28,1,1
METTL14,ZNF71,1,1
CCNE1,CNBP,1,1
CCNE1,COX10,1,1
CCNE1,EFNA5,1,1
CCNE1,EIF5A,1,1
CCNE1,FRMD6,1,1
CCNE1,PHF14,1,1
JRK,CNBP,1,1
JRK,COTL1,1,1
JRK,DDX56,1,1
JRK,EIF1AX,1,1
JRK,EIF5A,1,1
JRK,ITGA4,1,1
JRK,MMADHC,1,1
JRK,NMD3,1,1
JRK,NOC2LP1,1,1
JRK,SEC61A1,1,1
GATA4,ADAMTS9,1,1
GATA4,ASB9,1,1
GATA4,CCSAP,1,1
GATA4,CHL1,1,1
GATA4,CHST6,1,1
GATA4,COLGALT1,1,1
GATA4,DOCK10,1,1
GATA4,EDEM2,1,1
GATA4,FCGR2A,1,1
GATA4,IPO8,1,1
GATA4,MEGF10,1,1
GATA4,MLLT10,1,1
GATA4,NAPG,1,1
GATA4,NOA1,1,1
GATA4,NOMO1,1,1
GATA4,NUDT4,1,1
GATA4,PI15,1,1
GATA4,PPIA,1,1
GATA4,RCN2,1,1
GATA4,RPTOR,1,1
GATA4,SECISBP2,1,1
GATA4,SLC26A2,1,1
GATA4,SLC44A1,1,1
GATA4,SMAD4,1,1
GATA4,STX2,1,1
GATA4,UXS1,1,1
GATA4,ZFP28,1,1
GATA4,ZNF280A,1,1
ACP6,PHKA1,1,1
ATP5D,ALG11,1,1
ATP5D,COASY,1,1
ATP5D,GPKOW,1,1
CHPF,ADGRL1,1,1
CHPF,AKAP6,1,1
CHPF,ARHGAP20,1,1
CHPF,ATP9A,1,1
CHPF,BMP6,1,1
CHPF,COL9A2,1,1
CHPF,CT45A10,1,1
CHPF,EMILIN1,1,1
CHPF,EYA2,1,1
CHPF,FAM198B,1,1
CHPF,FBF1,1,1
CHPF,FOLH1,1,1
CHPF,GPC1,1,1
CHPF,GPC4,1,1
CHPF,GRIK2,1,1
CHPF,HS3ST3B1,1,1
CHPF,ID4,1,1
CHPF,IGFBP2,1,1
CHPF,ITPRIPL2,1,1
CHPF,JUNB,1,1
CHPF,KIFAP3,1,1
CHPF,LAMA2,1,1
CHPF,LAMA4,1,1
CHPF,LAMC3,1,1
CHPF,LRP2,1,1
CHPF,MAFB,1,1
CHPF,MEOX2,1,1
CHPF,NPHP1,1,1
CHPF,P3H2,1,1
CHPF,PATZ1,1,1
CHPF,PCDHB6,1,1
CHPF,PMS2CL,1,1
CHPF,PPP1R13B,1,1
CHPF,PRDX6,1,1
CHPF,SERPINA3,1,1
CHPF,SEZ6L2,1,1
CHPF,SOD3,1,1
CHPF,SPARC,1,1
CHPF,SPATS1,1,1
CHPF,STAT3,1,1
CHPF,TGFB3,1,1
CHPF,TRPM3,1,1
CHPF,TRPM8,1,1
CHPF,WNK4,1,1
CHPF,WWTR1,1,1
FKBP9P1,ACTN2,1,1
FKBP9P1,ALG13,1,1
FKBP9P1,ARHGAP25,1,1
FKBP9P1,ATP9A,1,1
FKBP9P1,BCL7A,1,1
FKBP9P1,CMB9-22P13.1,1,1
FKBP9P1,COPB2,1,1
FKBP9P1,CSGALNACT1,1,1
FKBP9P1,DNAJB12,1,1
FKBP9P1,EPHA3,1,1
FKBP9P1,FAM198B,1,1
FKBP9P1,FCGR2A,1,1
FKBP9P1,FGF13,1,1
FKBP9P1,FKBP11,1,1
FKBP9P1,FKBP9,1,1
FKBP9P1,GLCCI1,1,1
FKBP9P1,GLUD2,1,1
FKBP9P1,GNS,1,1
FKBP9P1,GPC4,1,1
FKBP9P1,GRIK2,1,1
FKBP9P1,IARS2,1,1
FKBP9P1,ID4,1,1
FKBP9P1,IL1RAP,1,1
FKBP9P1,ITPRIPL2,1,1
FKBP9P1,KIFAP3,1,1
FKBP9P1,LAMA4,1,1
FKBP9P1,LAMC3,1,1
FKBP9P1,MAFB,1,1
FKBP9P1,MAP7D3,1,1
FKBP9P1,NPAS1,1,1
FKBP9P1,NSF,1,1
FKBP9P1,P3H2,1,1
FKBP9P1,PIEZO2,1,1
FKBP9P1,PMS2CL,1,1
FKBP9P1,PRDX6,1,1
FKBP9P1,RAB23,1,1
FKBP9P1,ROR1,1,1
FKBP9P1,SLC19A3,1,1
FKBP9P1,SLC26A2,1,1
FKBP9P1,SOX5,1,1
FKBP9P1,STAT3,1,1
FKBP9P1,TGFB3,1,1
FKBP9P1,TIMP1,1,1
FKBP9P1,TMEM62,1,1
FKBP9P1,TNFAIP6,1,1
FKBP9P1,TRPM3,1,1
FKBP9P1,TRPM8,1,1
FKBP9P1,WWTR1,1,1
FKBP9P1,XPR1,1,1
FKBP9P1,ZBTB33,1,1
KIAA0040,ACVR1,1,1
KIAA0040,ALG13,1,1
KIAA0040,ANGPTL1,1,1
KIAA0040,ARHGAP25,1,1
KIAA0040,C1QTNF3,1,1
KIAA0040,CEP170B,1,1
KIAA0040,CSGALNACT1,1,1
KIAA0040,DMRT2,1,1
KIAA0040,EDEM1,1,1
KIAA0040,EPHA3,1,1
KIAA0040,EPHB3,1,1
KIAA0040,GLUD2,1,1
KIAA0040,IL1RAP,1,1
KIAA0040,KCNC3,1,1
KIAA0040,KCNC4,1,1
KIAA0040,LAMA4,1,1
KIAA0040,NPAS1,1,1
KIAA0040,P3H2,1,1
KIAA0040,PHC2,1,1
KIAA0040,RAB7B,1,1
KIAA0040,RC3H1,1,1
KIAA0040,SEC61A1,1,1
KIAA0040,SLC5A3,1,1
KIAA0040,SNED1,1,1
KIAA0040,ST8SIA5,1,1
KIAA0040,STON2,1,1
KIAA0040,TIMP1,1,1
KIAA0040,TNFAIP6,1,1
KIAA0040,TRAF4,1,1
KIAA0040,TRIM51,1,1
KIAA0040,XIAP,1,1
KIAA0040,XPR1,1,1
KIAA0040,ZNF654,1,1
FABP7,ANKRD19P,1,1
FABP7,ARHGAP20,1,1
FABP7,CHST6,1,1
FABP7,CMB9-22P13.1,1,1
FABP7,COLGALT1,1,1
FABP7,COPB2,1,1
FABP7,DNAJB12,1,1
FABP7,EIF3I,1,1
FABP7,ETFB,1,1
FABP7,FBF1,1,1
FABP7,FCGR2A,1,1
FABP7,FKBP11,1,1
FABP7,GPC4,1,1
FABP7,ID4,1,1
FABP7,ITGA9,1,1
FABP7,LAMC3,1,1
FABP7,LRP2,1,1
FABP7,PI15,1,1
FABP7,PIEZO2,1,1
FABP7,PPIA,1,1
FABP7,PPP1R13B,1,1
FABP7,PRDX6,1,1
FABP7,RAB23,1,1
FABP7,RNF216,1,1
FABP7,SEZ6L2,1,1
FABP7,SLC26A2,1,1
FABP7,SLC44A1,1,1
FABP7,SPARC,1,1
FABP7,SPATS1,1,1
FABP7,TBC1D8,1,1
FABP7,TRPM3,1,1
FABP7,ZNF280A,1,1
CMB9-22P13.1,ADAMTS9,1,1
CMB9-22P13.1,ANKRD19P,1,1
CMB9-22P13.1,C8ORF58,1,1
CMB9-22P13.1,CCSAP,1,1
CMB9-22P13.1,CHST6,1,1
CMB9-22P13.1,COLGALT1,1,1
CMB9-22P13.1,COPB2,1,1
CMB9-22P13.1,COPG1,1,1
CMB9-22P13.1,DNAJB12,1,1
CMB9-22P13.1,ETFB,1,1
CMB9-22P13.1,FAM198B,1,1
CMB9-22P13.1,FCGR2A,1,1
CMB9-22P13.1,FGF13,1,1
CMB9-22P13.1,FKBP11,1,1
CMB9-22P13.1,FKBP9,1,1
CMB9-22P13.1,GPC4,1,1
CMB9-22P13.1,ID4,1,1
CMB9-22P13.1,ITGA9,1,1
CMB9-22P13.1,LAMC3,1,1
CMB9-22P13.1,MAN1B1,1,1
CMB9-22P13.1,NAPG,1,1
CMB9-22P13.1,NOMO1,1,1
CMB9-22P13.1,PI15,1,1
CMB9-22P13.1,PIEZO2,1,1
CMB9-22P13.1,PPIA,1,1
CMB9-22P13.1,PPP1R13B,1,1
CMB9-22P13.1,PRDX6,1,1
CMB9-22P13.1,PWWP2A,1,1
CMB9-22P13.1,RAB23,1,1
CMB9-22P13.1,RCN2,1,1
CMB9-22P13.1,ROR1,1,1
CMB9-22P13.1,SEZ6L2,1,1
CMB9-22P13.1,SLC19A3,1,1
CMB9-22P13.1,SLC26A2,1,1
CMB9-22P13.1,SLC44A1,1,1
CMB9-22P13.1,TBC1D8,1,1
CMB9-22P13.1,TMEM62,1,1
CMB9-22P13.1,TRPM3,1,1
CMB9-22P13.1,TVP23B,1,1
CMB9-22P13.1,ZNF280A,1,1
PYROXD2,ATP1B2,1,1
PYROXD2,BAALC,1,1
PYROXD2,C8ORF48,1,1
PYROXD2,CEBPD,1,1
PYROXD2,FDXR,1,1
PYROXD2,HERC2P3,1,1
PYROXD2,MEAF6,1,1
PYROXD2,PIGS,1,1
PYROXD2,SLC40A1,1,1
PYROXD2,SOD3,1,1
PYROXD2,TSPAN33,1,1
ACVR1,EDEM1,1,1
ACVR1,KCNC4,1,1
ACVR1,PHC2,1,1
ACVR1,TRIM51,1,1
ACVR1,ZNF654,1,1
MRPS6,ADGRB1,1,1
MRPS6,AFAP1L2,1,1
MRPS6,AKAP6,1,1
MRPS6,ARHGAP6,1,1
MRPS6,ATP9A,1,1
MRPS6,ATXN1,1,1
MRPS6,C1QTNF3,1,1
MRPS6,CADM4,1,1
MRPS6,CCDC144B,1,1
MRPS6,COL9A2,1,1
MRPS6,COLGALT2,1,1
MRPS6,CT45A10,1,1
MRPS6,CT45A5,1,1
MRPS6,CYB561,1,1
MRPS6,DDX43,1,1
MRPS6,DMRT2,1,1
MRPS6,DNAJB6,1,1
MRPS6,EBF3,1,1
MRPS6,EIF1AXP1,1,1
MRPS6,EIF4H,1,1
MRPS6,EMILIN1,1,1
MRPS6,EPHB3,1,1
MRPS6,EYA2,1,1
MRPS6,GLI2,1,1
MRPS6,GPC1,1,1
MRPS6,GUCY1B3,1,1
MRPS6,IGFBP2,1,1
MRPS6,IL13RA2,1,1
MRPS6,ITPRIPL2,1,1
MRPS6,JARID2,1,1
MRPS6,KCNC3,1,1
MRPS6,LAMA2,1,1
MRPS6,MAFB,1,1
MRPS6,MEOX2,1,1
MRPS6,MICALL2,1,1
MRPS6,NPHP1,1,1
MRPS6,P3H4,1,1
MRPS6,PATZ1,1,1
MRPS6,PCDHA10,1,1
MRPS6,PCDHB6,1,1
MRPS6,PCDHGA7,1,1
MRPS6,POU3F3,1,1
MRPS6,PRKAR1B,1,1
MRPS6,PRRX1,1,1
MRPS6,RANBP17,1,1
MRPS6,S100A13,1,1
MRPS6,SCARA5,1,1
MRPS6,SEL1L3,1,1
MRPS6,SLC5A3,1,1
MRPS6,SNED1,1,1
MRPS6,ZBTB45P2,1,1
NOMO1,ADAMTS9,1,1
NOMO1,ATAT1,1,1
NOMO1,C17ORF58,1,1
NOMO1,C8ORF58,1,1
NOMO1,CCSAP,1,1
NOMO1,CEP85L,1,1
NOMO1,CHL1,1,1
NOMO1,CLCC1,1,1
NOMO1,COL19A1,1,1
NOMO1,COLGALT1,1,1
NOMO1,COMMD3,1,1
NOMO1,CXXC1,1,1
NOMO1,DOCK10,1,1
NOMO1,EPDR1,1,1
NOMO1,FCGR2A,1,1
NOMO1,FGF13,1,1
NOMO1,FKBP11,1,1
NOMO1,GLCCI1,1,1
NOMO1,HERC4,1,1
NOMO1,ITGA9,1,1
NOMO1,MAN1B1,1,1
NOMO1,MEGF10,1,1
NOMO1,MRPL57,1,1
NOMO1,N4BP2L2,1,1
NOMO1,NAPG,1,1
NOMO1,NSF,1,1
NOMO1,PI15,1,1
NOMO1,PPIA,1,1
NOMO1,RCN2,1,1
NOMO1,ROR1,1,1
NOMO1,RPTOR,1,1
NOMO1,SLC26A2,1,1
NOMO1,SLC44A1,1,1
NOMO1,SMAD4,1,1
NOMO1,SSFA2,1,1
NOMO1,STX2,1,1
NOMO1,TMEM5,1,1
NOMO1,TMEM62,1,1
NOMO1,ZBTB33,1,1
NOMO1,ZFP28,1,1
NOMO1,ZNF71,1,1
DDX43,ADGRB1,1,1
DDX43,AFAP1L2,1,1
DDX43,AKAP6,1,1
DDX43,ALG13,1,1
DDX43,ARHGAP6,1,1
DDX43,ATP9A,1,1
DDX43,C1QTNF3,1,1
DDX43,CADM4,1,1
DDX43,CALCOCO2,1,1
DDX43,CCM2,1,1
DDX43,CT45A10,1,1
DDX43,CYB561,1,1
DDX43,DNAJB6,1,1
DDX43,EMILIN1,1,1
DDX43,EPHB3,1,1
DDX43,EYA2,1,1
DDX43,FUNDC1,1,1
DDX43,GLUD2,1,1
DDX43,GPC1,1,1
DDX43,GPR37,1,1
DDX43,GUCY1B3,1,1
DDX43,IGFBP2,1,1
DDX43,IL13RA2,1,1
DDX43,INSR,1,1
DDX43,ITPRIPL2,1,1
DDX43,JARID2,1,1
DDX43,KCNC3,1,1
DDX43,LAMA2,1,1
DDX43,LAMA4,1,1
DDX43,MAFB,1,1
DDX43,MEOX2,1,1
DDX43,NFIA,1,1
DDX43,NPHP1,1,1
DDX43,PATZ1,1,1
DDX43,PCDHA10,1,1
DDX43,PCDHB6,1,1
DDX43,PCDHGA7,1,1
DDX43,POU3F3,1,1
DDX43,PTCHD4,1,1
DDX43,RP11-958N24.2,1,1
DDX43,S100A13,1,1
DDX43,SCARA5,1,1
DDX43,SEL1L3,1,1
DDX43,SERPINA3,1,1
DDX43,STAT3,1,1
DDX43,TDRD9,1,1
DDX43,USP9X,1,1
DDX43,UTRN,1,1
DDX43,XYLT1,1,1
DDX43,ZBTB45P2,1,1
PMS2CL,ACTN2,1,1
PMS2CL,ADGRB1,1,1
PMS2CL,AFAP1L2,1,1
PMS2CL,AKAP6,1,1
PMS2CL,ALG13,1,1
PMS2CL,ARHGAP20,1,1
PMS2CL,ARHGAP25,1,1
PMS2CL,ARHGAP6,1,1
PMS2CL,ATP9A,1,1
PMS2CL,COL9A2,1,1
PMS2CL,CSGALNACT1,1,1
PMS2CL,CT45A10,1,1
PMS2CL,CT45A5,1,1
PMS2CL,DNAJB12,1,1
PMS2CL,EMILIN1,1,1
PMS2CL,EPHA3,1,1
PMS2CL,EYA2,1,1
PMS2CL,FAM198B,1,1
PMS2CL,FKBP11,1,1
PMS2CL,GLUD2,1,1
PMS2CL,GPC1,1,1
PMS2CL,GPC4,1,1
PMS2CL,GRIK2,1,1
PMS2CL,HS3ST3B1,1,1
PMS2CL,ID4,1,1
PMS2CL,IGFBP2,1,1
PMS2CL,IL13RA2,1,1
PMS2CL,ITPRIPL2,1,1
PMS2CL,KCNC3,1,1
PMS2CL,KIFAP3,1,1
PMS2CL,LAMA4,1,1
PMS2CL,LAMC3,1,1
PMS2CL,LRP2,1,1
PMS2CL,MAFB,1,1
PMS2CL,MEOX2,1,1
PMS2CL,MICALL2,1,1
PMS2CL,NFIA,1,1
PMS2CL,NPAS1,1,1
PMS2CL,NPHP1,1,1
PMS2CL,P3H2,1,1
PMS2CL,PATZ1,1,1
PMS2CL,PCDHA10,1,1
PMS2CL,PCDHB6,1,1
PMS2CL,PIEZO2,1,1
PMS2CL,POU3F3,1,1
PMS2CL,PRDX6,1,1
PMS2CL,S100A13,1,1
PMS2CL,SCARA5,1,1
PMS2CL,SEZ6L2,1,1
PMS2CL,SLC19A3,1,1
PMS2CL,SPATS1,1,1
PMS2CL,STAT3,1,1
PMS2CL,TGFB3,1,1
PMS2CL,TIMP1,1,1
PMS2CL,TNFAIP6,1,1
PMS2CL,TRPM8,1,1
PMS2CL,WNK4,1,1
PMS2CL,WWTR1,1,1
PMS2CL,XPR1,1,1
N4BP2L2,C8ORF58,1,1
N4BP2L2,CCSAP,1,1
N4BP2L2,CLCC1,1,1
N4BP2L2,COMMD3,1,1
N4BP2L2,EPDR1,1,1
N4BP2L2,NSF,1,1
N4BP2L2,PPIA,1,1
N4BP2L2,ROR1,1,1
N4BP2L2,SLC26A2,1,1
N4BP2L2,SSFA2,1,1
N4BP2L2,TMEM5,1,1
N4BP2L2,ZBTB33,1,1
ZNF121,CNBP,1,1
ZNF121,EIF5A,1,1
ZNF121,U2SURP,1,1
ROR1,ACTN2,1,1
ROR1,ADAMTS9,1,1
ROR1,ARHGAP25,1,1
ROR1,CCSAP,1,1
ROR1,CENPL,1,1
ROR1,CLCC1,1,1
ROR1,COL19A1,1,1
ROR1,COLGALT1,1,1
ROR1,COPB2,1,1
ROR1,CSGALNACT1,1,1
ROR1,DNAJB12,1,1
ROR1,EPDR1,1,1
ROR1,EPHA3,1,1
ROR1,FAM198B,1,1
ROR1,FCGR2A,1,1
ROR1,FGF13,1,1
ROR1,FKBP11,1,1
ROR1,GLCCI1,1,1
ROR1,GPC4,1,1
ROR1,IARS2,1,1
ROR1,ID4,1,1
ROR1,IL1RAP,1,1
ROR1,LIN28B,1,1
ROR1,MAML2,1,1
ROR1,MAN1A2,1,1
ROR1,MEGF10,1,1
ROR1,MRPL57,1,1
ROR1,NPAS1,1,1
ROR1,NSF,1,1
ROR1,P3H2,1,1
ROR1,PI15,1,1
ROR1,PIEZO2,1,1
ROR1,PPIA,1,1
ROR1,PRDX6,1,1
ROR1,RCN2,1,1
ROR1,SCG2,1,1
ROR1,SLC19A3,1,1
ROR1,SLC26A2,1,1
ROR1,SOX5,1,1
ROR1,STIM2,1,1
ROR1,STON2,1,1
ROR1,SWAP70,1,1
ROR1,TIMP1,1,1
ROR1,TMEM5,1,1
ROR1,TMEM62,1,1
ROR1,TVP23B,1,1
ROR1,WWTR1,1,1
ROR1,XPR1,1,1
ROR1,ZBTB33,1,1
RIPK1,MIER2,1,1
RIPK1,MOGS,1,1
DBT,INTS6,1,1
ICAM5,ANKH,1,1
ICAM5,EHBP1,1,1
ICAM5,F12,1,1
ICAM5,RPS6KA3,1,1
ICAM5,SRPX2,1,1
UBA1,ANKH,1,1
UBA1,BATF3,1,1
UBA1,COL9A2,1,1
UBA1,COLGALT2,1,1
UBA1,EIF4H,1,1
UBA1,F12,1,1
UBA1,KIAA1328,1,1
UBA1,POLRMT,1,1
UBA1,PRKAR1B,1,1
UBA1,RPS6KA3,1,1
UBA1,SLC43A2,1,1
UBA1,SRPX2,1,1
UBA1,TIGD1,1,1
UBA1,TSPAN13,1,1
KAT2A,GOLGA8A,1,1
C17ORF89,BATF3,1,1
C17ORF89,CNBP,1,1
C17ORF89,COTL1,1,1
C17ORF89,CTDSP1,1,1
C17ORF89,EFNA5,1,1
C17ORF89,EIF1AX,1,1
C17ORF89,EIF4H,1,1
C17ORF89,EIF5A,1,1
C17ORF89,F11R,1,1
C17ORF89,F12,1,1
C17ORF89,FRMD6,1,1
C17ORF89,L3HYPDH,1,1
C17ORF89,MMADHC,1,1
C17ORF89,NECAP2,1,1
C17ORF89,NMD3,1,1
C17ORF89,OFD1,1,1
C17ORF89,PDHX,1,1
C17ORF89,POLRMT,1,1
C17ORF89,PTK7,1,1
C17ORF89,SDHD,1,1
C17ORF89,TIGD1,1,1
C17ORF89,TSPAN13,1,1
C17ORF89,ZNF107,1,1
STAT3,AKAP6,1,1
STAT3,ARHGAP20,1,1
STAT3,ATP9A,1,1
STAT3,BMP6,1,1
STAT3,C8ORF48,1,1
STAT3,CACNA1H,1,1
STAT3,CADM4,1,1
STAT3,EMILIN1,1,1
STAT3,EYA2,1,1
STAT3,FBF1,1,1
STAT3,FOLH1,1,1
STAT3,FUNDC1,1,1
STAT3,GPC4,1,1
STAT3,GPR37,1,1
STAT3,GRIK2,1,1
STAT3,GUCY1B3,1,1
STAT3,IFT122,1,1
STAT3,IGFBP2,1,1
STAT3,ITPRIPL2,1,1
STAT3,JSRP1,1,1
STAT3,KIFAP3,1,1
STAT3,LAMA2,1,1
STAT3,LAMC3,1,1
STAT3,LRP2,1,1
STAT3,MAFB,1,1
STAT3,MAP7D3,1,1
STAT3,NPHP1,1,1
STAT3,OPHN1,1,1
STAT3,PCDHB6,1,1
STAT3,PIGS,1,1
STAT3,SEL1L3,1,1
STAT3,SERPINA3,1,1
STAT3,SEZ6L2,1,1
STAT3,SOD3,1,1
STAT3,SPATS1,1,1
STAT3,TRPM3,1,1
STAT3,TRPM8,1,1
STAT3,USP9X,1,1
STAT3,WNK4,1,1
EPDR1,ACTN2,1,1
EPDR1,ADAMTS9,1,1
EPDR1,ARHGAP25,1,1
EPDR1,ASB9,1,1
EPDR1,CCSAP,1,1
EPDR1,CENPL,1,1
EPDR1,CEP85L,1,1
EPDR1,CLCC1,1,1
EPDR1,CNKSR3,1,1
EPDR1,COL19A1,1,1
EPDR1,COLGALT1,1,1
EPDR1,COPB2,1,1
EPDR1,COX18,1,1
EPDR1,DOCK10,1,1
EPDR1,EN2,1,1
EPDR1,FAM198B,1,1
EPDR1,FCGR2A,1,1
EPDR1,FGF13,1,1
EPDR1,GULP1,1,1
EPDR1,IARS2,1,1
EPDR1,IL1RAP,1,1
EPDR1,LIN28B,1,1
EPDR1,MAN1A2,1,1
EPDR1,MEGF10,1,1
EPDR1,MRPL57,1,1
EPDR1,NAPG,1,1
EPDR1,NOA1,1,1
EPDR1,NSF,1,1
EPDR1,PI15,1,1
EPDR1,PIEZO2,1,1
EPDR1,PPIA,1,1
EPDR1,RCN2,1,1
EPDR1,RPL23,1,1
EPDR1,RPTOR,1,1
EPDR1,SCG2,1,1
EPDR1,SLC19A3,1,1
EPDR1,SLC26A2,1,1
EPDR1,SSFA2,1,1
EPDR1,STON2,1,1
EPDR1,SWAP70,1,1
EPDR1,TMEM5,1,1
EPDR1,TPM3P9,1,1
EPDR1,TVP23B,1,1
EPDR1,ZBTB33,1,1
UTRN,CALCOCO2,1,1
UTRN,GSDMD,1,1
UTRN,INSR,1,1
UTRN,PTCHD4,1,1
UTRN,SOX8,1,1
UTRN,USP9X,1,1
UTRN,XYLT1,1,1
MFSD1,B3GNT2,1,1
MFSD1,CEP85L,1,1
MFSD1,SSFA2,1,1
MFSD1,SWAP70,1,1
OPHN1,AKAP6,1,1
OPHN1,ARHGAP20,1,1
OPHN1,BMP6,1,1
OPHN1,EYA2,1,1
OPHN1,FOLH1,1,1
OPHN1,IGFBP2,1,1
OPHN1,JUNB,1,1
OPHN1,LAMA2,1,1
OPHN1,LRP2,1,1
OPHN1,MAFB,1,1
OPHN1,P3H4,1,1
OPHN1,PCDHB6,1,1
OPHN1,PNPLA4,1,1
OPHN1,RAPGEF5,1,1
OPHN1,SEL1L3,1,1
OPHN1,SERPINA3,1,1
OPHN1,SOD3,1,1
OPHN1,TRPM3,1,1
OPHN1,TRPM8,1,1
TBCC,CCSAP,1,1
TBCC,CRAMP1,1,1
TBCC,CXXC1,1,1
TBCC,DNAJB12,1,1
TBCC,EGLN2,1,1
TBCC,FCGR2A,1,1
TBCC,PSPH,1,1
TBCC,RGPD6,1,1
TBCC,SECISBP2,1,1
TBCC,SLC26A2,1,1
TMEM5,ADAMTS9,1,1
TMEM5,ARHGAP25,1,1
TMEM5,ASB9,1,1
TMEM5,C8ORF58,1,1
TMEM5,CCSAP,1,1
TMEM5,CENPL,1,1
TMEM5,CEP85L,1,1
TMEM5,CHL1,1,1
TMEM5,CLCC1,1,1
TMEM5,CNKSR3,1,1
TMEM5,COL19A1,1,1
TMEM5,COLGALT1,1,1
TMEM5,COMMD3,1,1
TMEM5,DOCK10,1,1
TMEM5,FCGR2A,1,1
TMEM5,FGF13,1,1
TMEM5,FKBP11,1,1
TMEM5,GLCCI1,1,1
TMEM5,HERC4,1,1
TMEM5,LIN28B,1,1
TMEM5,MAML2,1,1
TMEM5,MEGF10,1,1
TMEM5,MRPL57,1,1
TMEM5,NAPG,1,1
TMEM5,NSF,1,1
TMEM5,PI15,1,1
TMEM5,PPIA,1,1
TMEM5,RCN2,1,1
TMEM5,RPTOR,1,1
TMEM5,SAMD9L,1,1
TMEM5,SCG2,1,1
TMEM5,SECISBP2,1,1
TMEM5,SLC19A3,1,1
TMEM5,SLC26A2,1,1
TMEM5,SLC4A7,1,1
TMEM5,SMAD4,1,1
TMEM5,SSFA2,1,1
TMEM5,STIM2,1,1
TMEM5,SWAP70,1,1
TMEM5,TMEM62,1,1
TMEM5,TVP23B,1,1
TMEM5,UXS1,1,1
TMEM5,ZBTB33,1,1
TMEM5,ZFP28,1,1
TMEM5,ZNF71,1,1
JSRP1,ARHGAP20,1,1
JSRP1,CACNA1H,1,1
JSRP1,FBF1,1,1
JSRP1,GPC4,1,1
JSRP1,JPH1,1,1
JSRP1,KCNG4,1,1
JSRP1,LAMC3,1,1
JSRP1,LRP2,1,1
JSRP1,MAP7D3,1,1
JSRP1,RAB23,1,1
JSRP1,SEZ6L2,1,1
JSRP1,SPATS1,1,1
JSRP1,TRPM8,1,1
JSRP1,WNK4,1,1
KAT8,OCIAD1,1,1
KAT8,TAB1,1,1
KAT8,TRIM56,1,1
KAT8,ZFAND2B,1,1
MICU1,ASB9,1,1
MICU1,CALM1,1,1
MICU1,KDSR,1,1
MICU1,MEGF10,1,1
MICU1,MLLT10,1,1
MICU1,NOA1,1,1
MICU1,SECISBP2,1,1
MICU1,SLC4A7,1,1
MICU1,SMAD4,1,1
MICU1,ZNF593,1,1
TRIM51,ANGPTL1,1,1
TRIM51,CEP170B,1,1
TRIM51,EDEM1,1,1
TRIM51,IL1RAP,1,1
TRIM51,KCNC4,1,1
TRIM51,LIN28B,1,1
TRIM51,PHC2,1,1
TRIM51,RAB7B,1,1
TRIM51,RC3H1,1,1
TRIM51,SEC61A1,1,1
TRIM51,STIM2,1,1
TRIM51,STON2,1,1
TRIM51,TRAF4,1,1
TRIM51,XIAP,1,1
TRIM51,ZNF654,1,1
TRIM51,ZXDC,1,1
SSFA2,ATAT1,1,1
SSFA2,B3GNT2,1,1
SSFA2,CCSAP,1,1
SSFA2,CEP85L,1,1
SSFA2,CLCC1,1,1
SSFA2,COL19A1,1,1
SSFA2,COMMD3,1,1
SSFA2,DOCK10,1,1
SSFA2,LIN28B,1,1
SSFA2,MEGF10,1,1
SSFA2,NSF,1,1
SSFA2,PPIA,1,1
SSFA2,RPL23,1,1
SSFA2,RPTOR,1,1
SSFA2,SWAP70,1,1
SSFA2,UXS1,1,1
DHRS1,COMMD3,1,1
DHRS1,SMAD2,1,1
SEZ6L2,ANKRD19P,1,1
SEZ6L2,ARHGAP20,1,1
SEZ6L2,BAALC,1,1
SEZ6L2,BMP6,1,1
SEZ6L2,C8ORF48,1,1
SEZ6L2,ETFB,1,1
SEZ6L2,EYA2,1,1
SEZ6L2,FAM198B,1,1
SEZ6L2,FBF1,1,1
SEZ6L2,FKBP11,1,1
SEZ6L2,FOLH1,1,1
SEZ6L2,GPC4,1,1
SEZ6L2,GRIK2,1,1
SEZ6L2,ID4,1,1
SEZ6L2,IGFBP2,1,1
SEZ6L2,KIFAP3,1,1
SEZ6L2,LAMC3,1,1
SEZ6L2,LRP2,1,1
SEZ6L2,MAFB,1,1
SEZ6L2,MAP7D3,1,1
SEZ6L2,PCDHB6,1,1
SEZ6L2,PIEZO2,1,1
SEZ6L2,PPP1R13B,1,1
SEZ6L2,PRDX6,1,1
SEZ6L2,RAB23,1,1
SEZ6L2,RELL2,1,1
SEZ6L2,RNF216,1,1
SEZ6L2,SERPINA3,1,1
SEZ6L2,SOD3,1,1
SEZ6L2,SPARC,1,1
SEZ6L2,SPATS1,1,1
SEZ6L2,STAG3L3,1,1
SEZ6L2,TBC1D8,1,1
SEZ6L2,TRPM3,1,1
SEZ6L2,TRPM8,1,1
SEZ6L2,WNK4,1,1
SEZ6L2,WWTR1,1,1
ARHGAP20,AKAP6,1,1
ARHGAP20,ANKRD19P,1,1
ARHGAP20,BAALC,1,1
ARHGAP20,BMP6,1,1
ARHGAP20,C8ORF48,1,1
ARHGAP20,CACNA1H,1,1
ARHGAP20,COL9A2,1,1
ARHGAP20,CT45A10,1,1
ARHGAP20,EMILIN1,1,1
ARHGAP20,EYA2,1,1
ARHGAP20,FBF1,1,1
ARHGAP20,FOLH1,1,1
ARHGAP20,GPC1,1,1
ARHGAP20,GPC4,1,1
ARHGAP20,GRIK2,1,1
ARHGAP20,GUCY1B3,1,1
ARHGAP20,HS3ST3B1,1,1
ARHGAP20,IGFBP2,1,1
ARHGAP20,ITPRIPL2,1,1
ARHGAP20,JUNB,1,1
ARHGAP20,LAMA2,1,1
ARHGAP20,LAMC3,1,1
ARHGAP20,LRP2,1,1
ARHGAP20,MAFB,1,1
ARHGAP20,MEOX2,1,1
ARHGAP20,NPHP1,1,1
ARHGAP20,P3H2,1,1
ARHGAP20,P3H4,1,1
ARHGAP20,PATZ1,1,1
ARHGAP20,PCDHB6,1,1
ARHGAP20,PIEZO2,1,1
ARHGAP20,PNPLA4,1,1
ARHGAP20,PPP1R13B,1,1
ARHGAP20,PRDX6,1,1
ARHGAP20,RAB23,1,1
ARHGAP20,RAPGEF5,1,1
ARHGAP20,SCARA5,1,1
ARHGAP20,SEL1L3,1,1
ARHGAP20,SERPINA3,1,1
ARHGAP20,SLC40A1,1,1
ARHGAP20,SOD3,1,1
ARHGAP20,SPARC,1,1
ARHGAP20,SPATS1,1,1
ARHGAP20,TBC1D8,1,1
ARHGAP20,TGFB3,1,1
ARHGAP20,TRPM3,1,1
ARHGAP20,TRPM8,1,1
ARHGAP20,WNK4,1,1
ARHGAP20,WWTR1,1,1
SAMD9L,TMEM62,1,1
ZNF654,ANGPTL1,1,1
ZNF654,ARHGAP25,1,1
ZNF654,CEP170B,1,1
ZNF654,DUS3L,1,1
ZNF654,EDEM1,1,1
ZNF654,EIF1AX,1,1
ZNF654,EPHA3,1,1
ZNF654,IL1RAP,1,1
ZNF654,KCNC4,1,1
ZNF654,NPAS1,1,1
ZNF654,P3H2,1,1
ZNF654,PHC2,1,1
ZNF654,RAB7B,1,1
ZNF654,RAP2C,1,1
ZNF654,SEC61A1,1,1
ZNF654,STON2,1,1
ZNF654,TNFAIP6,1,1
ZNF654,XIAP,1,1
ZNF654,XPR1,1,1
ZNF654,ZNF275,1,1
AFAP1L2,ADGRB1,1,1
AFAP1L2,AKAP6,1,1
AFAP1L2,ALG13,1,1
AFAP1L2,ANGPTL1,1,1
AFAP1L2,ARCN1,1,1
AFAP1L2,ARHGAP6,1,1
AFAP1L2,ATP9A,1,1
AFAP1L2,BMP6,1,1
AFAP1L2,C1QTNF3,1,1
AFAP1L2,CADM4,1,1
AFAP1L2,COL9A2,1,1
AFAP1L2,COLGALT2,1,1
AFAP1L2,CSGALNACT1,1,1
AFAP1L2,CT45A10,1,1
AFAP1L2,CT45A5,1,1
AFAP1L2,CYB561,1,1
AFAP1L2,DMRT2,1,1
AFAP1L2,DNAJB6,1,1
AFAP1L2,EIF1AXP1,1,1
AFAP1L2,EIF4H,1,1
AFAP1L2,EMILIN1,1,1
AFAP1L2,EPHA3,1,1
AFAP1L2,EPHB3,1,1
AFAP1L2,EYA2,1,1
AFAP1L2,FOLH1,1,1
AFAP1L2,GLI2,1,1
AFAP1L2,GLUD2,1,1
AFAP1L2,GPC1,1,1
AFAP1L2,GPC4,1,1
AFAP1L2,GUCY1B3,1,1
AFAP1L2,HS3ST3B1,1,1
AFAP1L2,IGFBP2,1,1
AFAP1L2,IL13RA2,1,1
AFAP1L2,ILK,1,1
AFAP1L2,ITPRIPL2,1,1
AFAP1L2,JARID2,1,1
AFAP1L2,KCNC3,1,1
AFAP1L2,LAMA2,1,1
AFAP1L2,LAMA4,1,1
AFAP1L2,LRRC75A,1,1
AFAP1L2,MAFB,1,1
AFAP1L2,MEOX2,1,1
AFAP1L2,MICALL2,1,1
AFAP1L2,NPAS1,1,1
AFAP1L2,NPHP1,1,1
AFAP1L2,P3H2,1,1
AFAP1L2,P3H4,1,1
AFAP1L2,PATZ1,1,1
AFAP1L2,PCDHA10,1,1
AFAP1L2,PCDHB6,1,1
AFAP1L2,PCDHGA7,1,1
AFAP1L2,POU3F3,1,1
AFAP1L2,PRRX1,1,1
AFAP1L2,RAB7B,1,1
AFAP1L2,S100A13,1,1
AFAP1L2,SCARA5,1,1
AFAP1L2,SEL1L3,1,1
AFAP1L2,SLC43A2,1,1
AFAP1L2,SLC5A3,1,1
AFAP1L2,SNED1,1,1
AFAP1L2,SOX8,1,1
AFAP1L2,ST8SIA5,1,1
AFAP1L2,TGFB3,1,1
AFAP1L2,TIGD1,1,1
AFAP1L2,TIMP1,1,1
AFAP1L2,TNFAIP6,1,1
AFAP1L2,TRPM8,1,1
AFAP1L2,TSPAN13,1,1
AFAP1L2,WNK4,1,1
AFAP1L2,WWTR1,1,1
AFAP1L2,XIAP,1,1
AFAP1L2,XPR1,1,1
AFAP1L2,XYLT1,1,1
AFAP1L2,ZBTB45P2,1,1
BMP6,ADAP1,1,1
BMP6,ADGRB1,1,1
BMP6,ADGRL1,1,1
BMP6,AKAP6,1,1
BMP6,BAALC,1,1
BMP6,CACNA1H,1,1
BMP6,CADM4,1,1
BMP6,COASY,1,1
BMP6,COL9A2,1,1
BMP6,CT45A10,1,1
BMP6,DNAJB6,1,1
BMP6,EMILIN1,1,1
BMP6,EYA2,1,1
BMP6,FBF1,1,1
BMP6,FOLH1,1,1
BMP6,GPC1,1,1
BMP6,GUCY1B3,1,1
BMP6,IGFBP2,1,1
BMP6,JUNB,1,1
BMP6,KCNG4,1,1
BMP6,LAMA2,1,1
BMP6,LAMC3,1,1
BMP6,LRP2,1,1
BMP6,MAFB,1,1
BMP6,MEOX2,1,1
BMP6,NPHP1,1,1
BMP6,P3H4,1,1
BMP6,PATZ1,1,1
BMP6,PCDHB6,1,1
BMP6,POU3F3,1,1
BMP6,RP11-43F13.1,1,1
BMP6,SCARA5,1,1
BMP6,SEL1L3,1,1
BMP6,SERPINA3,1,1
BMP6,SLC40A1,1,1
BMP6,SOD3,1,1
BMP6,SPATS1,1,1
BMP6,TACO1,1,1
BMP6,TARS2,1,1
BMP6,TGFB3,1,1
BMP6,TIGD1,1,1
BMP6,TRPM8,1,1
BMP6,WBSCR27,1,1
BMP6,WNK4,1,1
SMAD9,NUDT4,1,1
POU3F3,ADAP1,1,1
POU3F3,ADGRB1,1,1
POU3F3,AKAP6,1,1
POU3F3,ALG13,1,1
POU3F3,ARHGAP6,1,1
POU3F3,ATP9A,1,1
POU3F3,C1QTNF3,1,1
POU3F3,CACNA1H,1,1
POU3F3,CADM4,1,1
POU3F3,COL9A2,1,1
POU3F3,COLGALT2,1,1
POU3F3,CT45A10,1,1
POU3F3,CT45A5,1,1
POU3F3,CYB561,1,1
POU3F3,DMRT2,1,1
POU3F3,DNAJB6,1,1
POU3F3,EIF4H,1,1
POU3F3,EMILIN1,1,1
POU3F3,EPHA3,1,1
POU3F3,EPHB3,1,1
POU3F3,EYA2,1,1
POU3F3,FOLH1,1,1
POU3F3,GLI2,1,1
POU3F3,GLUD2,1,1
POU3F3,GPC1,1,1
POU3F3,GUCY1B3,1,1
POU3F3,HS3ST3B1,1,1
POU3F3,IGFBP2,1,1
POU3F3,IL13RA2,1,1
POU3F3,ILK,1,1
POU3F3,ITPRIPL2,1,1
POU3F3,JARID2,1,1
POU3F3,KCNC3,1,1
POU3F3,KCNG4,1,1
POU3F3,LAMA2,1,1
POU3F3,LAMA4,1,1
POU3F3,MAFB,1,1
POU3F3,MEOX2,1,1
POU3F3,MICALL2,1,1
POU3F3,NPHP1,1,1
POU3F3,P3H2,1,1
POU3F3,P3H4,1,1
POU3F3,PATZ1,1,1
POU3F3,PCDHA10,1,1
POU3F3,PCDHB6,1,1
POU3F3,PCDHGA7,1,1
POU3F3,PRRX1,1,1
POU3F3,RAB7B,1,1
POU3F3,RANBP17,1,1
POU3F3,S100A13,1,1
POU3F3,SCARA5,1,1
POU3F3,SEL1L3,1,1
POU3F3,SLC43A2,1,1
POU3F3,SPATS1,1,1
POU3F3,TGFB3,1,1
POU3F3,TIGD1,1,1
POU3F3,TNFAIP6,1,1
POU3F3,TSPAN13,1,1
POU3F3,WNK4,1,1
POU3F3,WWTR1,1,1
POU3F3,ZBTB45P2,1,1
HERC2P3,BECN1,1,1
HERC2P3,C8ORF48,1,1
HERC2P3,CCM2,1,1
HERC2P3,FBF1,1,1
HERC2P3,GPR37,1,1
HERC2P3,IFT122,1,1
HERC2P3,KIFAP3,1,1
HERC2P3,LGMN,1,1
HERC2P3,MEAF6,1,1
HERC2P3,PIGS,1,1
HERC2P3,TSPAN33,1,1
C1QTNF3,ADGRB1,1,1
C1QTNF3,AKAP6,1,1
C1QTNF3,ALG13,1,1
C1QTNF3,ANGPTL1,1,1
C1QTNF3,ARCN1,1,1
C1QTNF3,ARHGAP6,1,1
C1QTNF3,ATP9A,1,1
C1QTNF3,ATXN1,1,1
C1QTNF3,COL9A2,1,1
C1QTNF3,COLGALT2,1,1
C1QTNF3,CSGALNACT1,1,1
C1QTNF3,CT45A10,1,1
C1QTNF3,CT45A5,1,1
C1QTNF3,CYB561,1,1
C1QTNF3,DMRT2,1,1
C1QTNF3,EIF4H,1,1
C1QTNF3,EMILIN1,1,1
C1QTNF3,EPHA3,1,1
C1QTNF3,EPHB3,1,1
C1QTNF3,EYA2,1,1
C1QTNF3,GLI2,1,1
C1QTNF3,GLUD2,1,1
C1QTNF3,GPC1,1,1
C1QTNF3,HS3ST3B1,1,1
C1QTNF3,IGFBP2,1,1
C1QTNF3,IL13RA2,1,1
C1QTNF3,ITPRIPL2,1,1
C1QTNF3,JARID2,1,1
C1QTNF3,KCNC3,1,1
C1QTNF3,KIAA1328,1,1
C1QTNF3,LAMA4,1,1
C1QTNF3,MAFB,1,1
C1QTNF3,MEOX2,1,1
C1QTNF3,MICALL2,1,1
C1QTNF3,NPAS1,1,1
C1QTNF3,P3H2,1,1
C1QTNF3,PATZ1,1,1
C1QTNF3,PCDHA10,1,1
C1QTNF3,PCDHB6,1,1
C1QTNF3,PCDHGA7,1,1
C1QTNF3,PRRX1,1,1
C1QTNF3,RAB7B,1,1
C1QTNF3,RP11-958N24.2,1,1
C1QTNF3,S100A13,1,1
C1QTNF3,SCARA5,1,1
C1QTNF3,SLC43A2,1,1
C1QTNF3,SLC5A3,1,1
C1QTNF3,SNED1,1,1
C1QTNF3,SOX8,1,1
C1QTNF3,ST8SIA5,1,1
C1QTNF3,TGFB3,1,1
C1QTNF3,TIMP1,1,1
C1QTNF3,TMEM2,1,1
C1QTNF3,TNFAIP6,1,1
C1QTNF3,WWTR1,1,1
C1QTNF3,XIAP,1,1
C1QTNF3,XPR1,1,1
C1QTNF3,XYLT1,1,1
C1QTNF3,ZBTB45P2,1,1
C1QTNF3,ZNF860,1,1
ZNF559,SHANK3,1,1
ZNF559,ZNF860,1,1
PPP3CC,ARF6,1,1
EPHB3,ADGRB1,1,1
EPHB3,AKAP6,1,1
EPHB3,ALG13,1,1
EPHB3,ANGPTL1,1,1
EPHB3,ARHGAP6,1,1
EPHB3,ATP9A,1,1
EPHB3,ATXN1,1,1
EPHB3,COL9A2,1,1
EPHB3,COLGALT2,1,1
EPHB3,CSGALNACT1,1,1
EPHB3,CT45A10,1,1
EPHB3,CT45A5,1,1
EPHB3,CYB561,1,1
EPHB3,DMRT2,1,1
EPHB3,EIF4H,1,1
EPHB3,EMILIN1,1,1
EPHB3,EPHA3,1,1
EPHB3,GLI2,1,1
EPHB3,GLUD2,1,1
EPHB3,GPC1,1,1
EPHB3,HS3ST3B1,1,1
EPHB3,IGFBP2,1,1
EPHB3,IL13RA2,1,1
EPHB3,ITPRIPL2,1,1
EPHB3,JARID2,1,1
EPHB3,KCNC3,1,1
EPHB3,LAMA4,1,1
EPHB3,MAFB,1,1
EPHB3,MEOX2,1,1
EPHB3,MICALL2,1,1
EPHB3,P3H2,1,1
EPHB3,PATZ1,1,1
EPHB3,PCDHA10,1,1
EPHB3,PCDHB6,1,1
EPHB3,PCDHGA7,1,1
EPHB3,PRRX1,1,1
EPHB3,RAB7B,1,1
EPHB3,RP11-958N24.2,1,1
EPHB3,S100A13,1,1
EPHB3,SCARA5,1,1
EPHB3,SLC43A2,1,1
EPHB3,SLC5A3,1,1
EPHB3,SNED1,1,1
EPHB3,SOX8,1,1
EPHB3,ST8SIA5,1,1
EPHB3,TGFB3,1,1
EPHB3,TIMP1,1,1
EPHB3,TNFAIP6,1,1
EPHB3,WWTR1,1,1
EPHB3,XIAP,1,1
EPHB3,XPR1,1,1
EPHB3,XYLT1,1,1
EPHB3,ZBTB45P2,1,1
EPHB3,ZNF860,1,1
JRKL,PTCHD4,1,1
CRIP2,ANKH,1,1
CRIP2,GLI2,1,1
CRIP2,NFATC2IP,1,1
CRIP2,SLC25A16,1,1
MAOA,TACO1,1,1
MAOA,WBSCR27,1,1
AMZ2,C8ORF48,1,1
AMZ2,C8ORF58,1,1
AMZ2,COPG1,1,1
AMZ2,ETFB,1,1
AMZ2,FKBP9,1,1
AMZ2,LRP4,1,1
AMZ2,NFYA,1,1
AMZ2,PHLDA1,1,1
EMC10,RPL23,1,1
MPLKIP,MAPK11,1,1
MPLKIP,MORF4L2,1,1
MPLKIP,PSMD10,1,1
MPLKIP,SDHD,1,1
SLC44A1,ADAMTS9,1,1
SLC44A1,ANKRD19P,1,1
SLC44A1,C17ORF58,1,1
SLC44A1,C8ORF58,1,1
SLC44A1,CCSAP,1,1
SLC44A1,CHL1,1,1
SLC44A1,CHST6,1,1
SLC44A1,COLGALT1,1,1
SLC44A1,CXXC1,1,1
SLC44A1,DNAJB12,1,1
SLC44A1,DOCK10,1,1
SLC44A1,EDEM2,1,1
SLC44A1,EXOC1,1,1
SLC44A1,FCGR2A,1,1
SLC44A1,FKBP11,1,1
SLC44A1,ITGA9,1,1
SLC44A1,MAN1B1,1,1
SLC44A1,MLLT10,1,1
SLC44A1,NAPG,1,1
SLC44A1,PI15,1,1
SLC44A1,PPIA,1,1
SLC44A1,PWWP2A,1,1
SLC44A1,RCN2,1,1
SLC44A1,SECISBP2,1,1
SLC44A1,SLC26A2,1,1
SLC44A1,SMAD4,1,1
SLC44A1,STX2,1,1
SLC44A1,TMEM62,1,1
SLC44A1,UPF2,1,1
SLC44A1,ZFP28,1,1
SLC44A1,ZNF280A,1,1
BAALC,ADAP1,1,1
BAALC,C8ORF48,1,1
BAALC,CACNA1H,1,1
BAALC,COASY,1,1
BAALC,EYA2,1,1
BAALC,FBF1,1,1
BAALC,FDXR,1,1
BAALC,FOLH1,1,1
BAALC,JUNB,1,1
BAALC,LAMA2,1,1
BAALC,LRP2,1,1
BAALC,PNPLA4,1,1
BAALC,SERPINA3,1,1
BAALC,SLC40A1,1,1
BAALC,SOD3,1,1
BAALC,SPATS1,1,1
BAALC,TACO1,1,1
BAALC,TARS2,1,1
BAALC,TRPM8,1,1
BAALC,WBSCR27,1,1
BAALC,WNK4,1,1
COX10,EFNA5,1,1
COX10,EIF5A,1,1
COX10,PDHX,1,1
RAB7B,ADGRB1,1,1
RAB7B,ALG13,1,1
RAB7B,ANGPTL1,1,1
RAB7B,ARHGAP6,1,1
RAB7B,ATP9A,1,1
RAB7B,COL9A2,1,1
RAB7B,COLGALT2,1,1
RAB7B,CSGALNACT1,1,1
RAB7B,CT45A10,1,1
RAB7B,CT45A5,1,1
RAB7B,DMRT2,1,1
RAB7B,EIF1AX,1,1
RAB7B,EPHA3,1,1
RAB7B,ERCC1,1,1
RAB7B,GLI2,1,1
RAB7B,GLUD2,1,1
RAB7B,GPC1,1,1
RAB7B,IL13RA2,1,1
RAB7B,IL1RAP,1,1
RAB7B,ITPRIPL2,1,1
RAB7B,KCNC3,1,1
RAB7B,KIAA1328,1,1
RAB7B,LAMA4,1,1
RAB7B,MEOX2,1,1
RAB7B,MICALL2,1,1
RAB7B,NPAS1,1,1
RAB7B,P3H2,1,1
RAB7B,PCDHA10,1,1
RAB7B,PCDHGA7,1,1
RAB7B,PRRX1,1,1
RAB7B,SCARA5,1,1
RAB7B,SLC43A2,1,1
RAB7B,SLC5A3,1,1
RAB7B,SNED1,1,1
RAB7B,ST8SIA5,1,1
RAB7B,TGFB3,1,1
RAB7B,TIGD1,1,1
RAB7B,TIMP1,1,1
RAB7B,TNFAIP6,1,1
RAB7B,TSPAN13,1,1
RAB7B,WWTR1,1,1
RAB7B,XIAP,1,1
RAB7B,XPR1,1,1
RAB7B,ZBTB45P2,1,1
RNF216,ACTN2,1,1
RNF216,ANKRD19P,1,1
RNF216,ARHGAP25,1,1
RNF216,CHST6,1,1
RNF216,COLGALT1,1,1
RNF216,COPB2,1,1
RNF216,EIF3I,1,1
RNF216,EPHA3,1,1
RNF216,FAM198B,1,1
RNF216,FGF13,1,1
RNF216,GPC4,1,1
RNF216,GULP1,1,1
RNF216,IARS2,1,1
RNF216,ID4,1,1
RNF216,LAMC3,1,1
RNF216,LRP2,1,1
RNF216,NPAS1,1,1
RNF216,OFD1,1,1
RNF216,P3H2,1,1
RNF216,PI15,1,1
RNF216,PIEZO2,1,1
RNF216,PPP1R13B,1,1
RNF216,PRDX6,1,1
RNF216,RAB23,1,1
RNF216,RCN2,1,1
RNF216,SLC26A2,1,1
RNF216,SPARC,1,1
RNF216,SPATS1,1,1
RNF216,TBC1D10B,1,1
RNF216,TGFB3,1,1
RNF216,TRPM3,1,1
RNF216,TRPM8,1,1
RNF216,WWTR1,1,1
RNF216,XPR1,1,1
GINM1,ATP5SL,1,1
GINM1,BCL7A,1,1
GINM1,BECN1,1,1
GINM1,FBXO9,1,1
GINM1,FIP1L1,1,1
GINM1,GLUD1,1,1
GINM1,LRP4,1,1
GINM1,LRRK2,1,1
GINM1,TCTN1,1,1
GINM1,TNFRSF19,1,1
GLI2,ADGRB1,1,1
GLI2,ADORA2B,1,1
GLI2,ANGPTL1,1,1
GLI2,ANKH,1,1
GLI2,ARHGAP6,1,1
GLI2,CHPF2,1,1
GLI2,COL9A2,1,1
GLI2,COLGALT2,1,1
GLI2,CT45A10,1,1
GLI2,CT45A5,1,1
GLI2,CYB561,1,1
GLI2,DMRT2,1,1
GLI2,EBF3,1,1
GLI2,EIF4H,1,1
GLI2,GTF2F1,1,1
GLI2,IL13RA2,1,1
GLI2,KCNC3,1,1
GLI2,KIAA1328,1,1
GLI2,MICALL2,1,1
GLI2,PCDHA10,1,1
GLI2,PCDHGA7,1,1
GLI2,PRKAR1B,1,1
GLI2,PRRX1,1,1
GLI2,SCARA5,1,1
GLI2,SLC25A16,1,1
GLI2,SLC43A2,1,1
GLI2,SNED1,1,1
GLI2,ST8SIA5,1,1
GLI2,TMEM2,1,1
GLI2,YWHAG,1,1
GLI2,ZBTB45P2,1,1
NKD1,INSR,1,1
NKD1,NAAA,1,1
NKD1,PABPC1,1,1
NKD1,PTCHD4,1,1
EYA2,ADAP1,1,1
EYA2,ADGRB1,1,1
EYA2,AKAP6,1,1
EYA2,ALG13,1,1
EYA2,ARHGAP6,1,1
EYA2,ATP9A,1,1
EYA2,CACNA1H,1,1
EYA2,CADM4,1,1
EYA2,COL9A2,1,1
EYA2,COLGALT2,1,1
EYA2,CT45A10,1,1
EYA2,CT45A5,1,1
EYA2,DNAJB6,1,1
EYA2,EIF4H,1,1
EYA2,EMILIN1,1,1
EYA2,EPHA3,1,1
EYA2,FBF1,1,1
EYA2,FOLH1,1,1
EYA2,GPC1,1,1
EYA2,GPC4,1,1
EYA2,GUCY1B3,1,1
EYA2,HS3ST3B1,1,1
EYA2,IGFBP2,1,1
EYA2,IL13RA2,1,1
EYA2,ITPRIPL2,1,1
EYA2,JARID2,1,1
EYA2,JUNB,1,1
EYA2,KCNC3,1,1
EYA2,KCNG4,1,1
EYA2,LAMA2,1,1
EYA2,LAMA4,1,1
EYA2,LAMC3,1,1
EYA2,LRP2,1,1
EYA2,MAFB,1,1
EYA2,MEOX2,1,1
EYA2,MICALL2,1,1
EYA2,NPHP1,1,1
EYA2,P3H2,1,1
EYA2,P3H4,1,1
EYA2,PATZ1,1,1
EYA2,PCDHA10,1,1
EYA2,PCDHB6,1,1
EYA2,PCDHGA7,1,1
EYA2,RANBP17,1,1
EYA2,RAPGEF5,1,1
EYA2,S100A13,1,1
EYA2,SCARA5,1,1
EYA2,SEL1L3,1,1
EYA2,SERPINA3,1,1
EYA2,SOD3,1,1
EYA2,SPATS1,1,1
EYA2,TGFB3,1,1
EYA2,TIGD1,1,1
EYA2,TNFAIP6,1,1
EYA2,TRPM8,1,1
EYA2,USP9X,1,1
EYA2,WNK4,1,1
EYA2,WWTR1,1,1
RGS5,SERPIND1,1,1
RGS5,SLC5A3,1,1
RGS5,SNED1,1,1
RGS5,ST8SIA5,1,1
MLLT10,ADAMTS9,1,1
MLLT10,ASB9,1,1
MLLT10,CALM1,1,1
MLLT10,CHST6,1,1
MLLT10,COLGALT1,1,1
MLLT10,EIF3I,1,1
MLLT10,EXOC1,1,1
MLLT10,IPO8,1,1
MLLT10,KDSR,1,1
MLLT10,NOA1,1,1
MLLT10,PI15,1,1
MLLT10,RCN2,1,1
MLLT10,RPTOR,1,1
MLLT10,SECISBP2,1,1
MLLT10,SLC4A7,1,1
MLLT10,ZFP28,1,1
MEAF6,FDXR,1,1
MEAF6,TSPAN33,1,1
ANKRD19P,CHST6,1,1
ANKRD19P,COLGALT1,1,1
ANKRD19P,COPB2,1,1
ANKRD19P,DNAJB12,1,1
ANKRD19P,EIF3I,1,1
ANKRD19P,ETFB,1,1
ANKRD19P,FBF1,1,1
ANKRD19P,FCGR2A,1,1
ANKRD19P,FKBP11,1,1
ANKRD19P,GPC4,1,1
ANKRD19P,ITGA9,1,1
ANKRD19P,LAMC3,1,1
ANKRD19P,LRP2,1,1
ANKRD19P,PI15,1,1
ANKRD19P,PIEZO2,1,1
ANKRD19P,PPP1R13B,1,1
ANKRD19P,PRDX6,1,1
ANKRD19P,RAB23,1,1
ANKRD19P,RCN2,1,1
ANKRD19P,SLC26A2,1,1
ANKRD19P,SPARC,1,1
ANKRD19P,SPATS1,1,1
ANKRD19P,TBC1D8,1,1
ANKRD19P,TRPM3,1,1
ANKRD19P,TRPM8,1,1
ANKRD19P,ZNF280A,1,1
PHC2,CEP170B,1,1
PHC2,EDEM1,1,1
PHC2,ERCC1,1,1
PHC2,KCNC4,1,1
PHC2,SEC61A1,1,1
NFIA,ADGRB1,1,1
NFIA,ALG13,1,1
NFIA,ATP9A,1,1
NFIA,CADM4,1,1
NFIA,CALCOCO2,1,1
NFIA,CCM2,1,1
NFIA,CSGALNACT1,1,1
NFIA,CYB561,1,1
NFIA,FUNDC1,1,1
NFIA,GLUD1,1,1
NFIA,GLUD2,1,1
NFIA,GPC1,1,1
NFIA,GPR37,1,1
NFIA,ITPRIPL2,1,1
NFIA,KIFAP3,1,1
NFIA,LAMA4,1,1
NFIA,MAFB,1,1
NFIA,NPHP1,1,1
NFIA,PCDH7,1,1
NFIA,PCDHGA7,1,1
NFIA,RNF157,1,1
NFIA,RP11-958N24.2,1,1
NFIA,S100A13,1,1
NFIA,SOX8,1,1
NFIA,TNFAIP6,1,1
NFIA,TNFRSF19,1,1
NFIA,XYLT1,1,1
C1ORF131,ADORA2B,1,1
C1ORF131,EBF3,1,1
C1ORF131,GTF2F1,1,1
C1ORF131,HOXC8,1,1
C1ORF131,TMEM2,1,1
XIAP,ADGRB1,1,1
XIAP,AKAP6,1,1
XIAP,ALG13,1,1
XIAP,ANGPTL1,1,1
XIAP,ARCN1,1,1
XIAP,ARHGAP25,1,1
XIAP,ARHGAP6,1,1
XIAP,ATP9A,1,1
XIAP,COL9A2,1,1
XIAP,COLGALT2,1,1
XIAP,CSGALNACT1,1,1
XIAP,CT45A10,1,1
XIAP,CT45A5,1,1
XIAP,DMRT2,1,1
XIAP,EPHA3,1,1
XIAP,FAM198B,1,1
XIAP,GLUD2,1,1
XIAP,IL13RA2,1,1
XIAP,IL1RAP,1,1
XIAP,ITPRIPL2,1,1
XIAP,KCNC3,1,1
XIAP,KCNC4,1,1
XIAP,KIAA1328,1,1
XIAP,LAMA4,1,1
XIAP,LRRC75A,1,1
XIAP,MAFB,1,1
XIAP,NPAS1,1,1
XIAP,P3H2,1,1
XIAP,PCDHA10,1,1
XIAP,PCDHGA7,1,1
XIAP,PRDX6,1,1
XIAP,PRPSAP2,1,1
XIAP,PRRX1,1,1
XIAP,RC3H1,1,1
XIAP,SCARA5,1,1
XIAP,SLC5A3,1,1
XIAP,SNED1,1,1
XIAP,SOX8,1,1
XIAP,ST8SIA5,1,1
XIAP,STON2,1,1
XIAP,TGFB3,1,1
XIAP,TIMP1,1,1
XIAP,TNFAIP6,1,1
XIAP,WWTR1,1,1
XIAP,XPR1,1,1
XIAP,XYLT1,1,1
XIAP,ZBTB45P2,1,1
ANKH,ADORA2B,1,1
ANKH,BATF3,1,1
ANKH,DUSP23,1,1
ANKH,EHBP1,1,1
ANKH,EIF4H,1,1
ANKH,F12,1,1
ANKH,KDM6A,1,1
ANKH,LIMS1,1,1
ANKH,NFIC,1,1
ANKH,OCIAD1,1,1
ANKH,PRKAR1B,1,1
ANKH,PTPN12,1,1
ANKH,RPS6KA3,1,1
ANKH,SLC25A16,1,1
ANKH,SLC43A2,1,1
ANKH,SRPX2,1,1
ANKH,YBX3,1,1
ANKH,YWHAG,1,1
ZFP28,ADAMTS9,1,1
ZFP28,ASB9,1,1
ZFP28,CHL1,1,1
ZFP28,DDX59,1,1
ZFP28,DOCK10,1,1
ZFP28,EDEM2,1,1
ZFP28,HNRNPH3,1,1
ZFP28,MEGF10,1,1
ZFP28,RPTOR,1,1
ZFP28,SECISBP2,1,1
ZFP28,STX2,1,1
ZFP28,UPF2,1,1
ZFP28,ZNF71,1,1
FCGR2A,ADAMTS9,1,1
FCGR2A,C17ORF58,1,1
FCGR2A,C8ORF58,1,1
FCGR2A,CCSAP,1,1
FCGR2A,CENPL,1,1
FCGR2A,CHL1,1,1
FCGR2A,CHST6,1,1
FCGR2A,COLGALT1,1,1
FCGR2A,COPB2,1,1
FCGR2A,CXXC1,1,1
FCGR2A,DNAJB12,1,1
FCGR2A,DOCK10,1,1
FCGR2A,EDEM2,1,1
FCGR2A,FGF13,1,1
FCGR2A,FKBP11,1,1
FCGR2A,ITGA9,1,1
FCGR2A,MAN1B1,1,1
FCGR2A,MRPL57,1,1
FCGR2A,NAPG,1,1
FCGR2A,PI15,1,1
FCGR2A,PIEZO2,1,1
FCGR2A,PPIA,1,1
FCGR2A,RAB23,1,1
FCGR2A,RCN2,1,1
FCGR2A,SLC19A3,1,1
FCGR2A,SLC26A2,1,1
FCGR2A,SMAD4,1,1
FCGR2A,TBC1D8,1,1
FCGR2A,TMEM62,1,1
FCGR2A,TRPM3,1,1
FCGR2A,TVP23B,1,1
FCGR2A,ZNF280A,1,1
DUS3L,C16ORF52,1,1
DUS3L,CENPL,1,1
DUS3L,CEP170B,1,1
DUS3L,COX18,1,1
DUS3L,DDX56,1,1
DUS3L,FGF13,1,1
DUS3L,IL1RAP,1,1
DUS3L,LIN28B,1,1
DUS3L,NOC2LP1,1,1
DUS3L,PHB,1,1
DUS3L,SEC61A1,1,1
DUS3L,STON2,1,1
DUS3L,TPM3P9,1,1
DUS3L,ZNF593,1,1
DUS3L,ZXDC,1,1
ILK,ADGRB1,1,1
ILK,ALG13,1,1
ILK,ARHGAP6,1,1
ILK,CT45A10,1,1
ILK,EIF4H,1,1
ILK,EMILIN1,1,1
ILK,HS3ST3B1,1,1
ILK,IL13RA2,1,1
ILK,JARID2,1,1
ILK,S100A13,1,1
COMMD3,ATAT1,1,1
COMMD3,DOCK10,1,1
COMMD3,HERC4,1,1
COMMD3,PPIA,1,1
RUFY1,EXOC1,1,1
RUFY1,NOC2LP1,1,1
RUFY1,PHB,1,1
RUFY1,RCN2,1,1
TSPAN13,ADGRB1,1,1
TSPAN13,BATF3,1,1
TSPAN13,COL9A2,1,1
TSPAN13,COLGALT2,1,1
TSPAN13,COTL1,1,1
TSPAN13,CT45A10,1,1
TSPAN13,CT45A5,1,1
TSPAN13,CTDSP1,1,1
TSPAN13,EIF1AX,1,1
TSPAN13,EIF4H,1,1
TSPAN13,EPHA3,1,1
TSPAN13,F12,1,1
TSPAN13,FOLH1,1,1
TSPAN13,IL13RA2,1,1
TSPAN13,KCNC3,1,1
TSPAN13,KIAA1328,1,1
TSPAN13,L3HYPDH,1,1
TSPAN13,MEOX2,1,1
TSPAN13,MICALL2,1,1
TSPAN13,MMADHC,1,1
TSPAN13,NMD3,1,1
TSPAN13,NOC2LP1,1,1
TSPAN13,NPAS1,1,1
TSPAN13,OFD1,1,1
TSPAN13,P3H2,1,1
TSPAN13,PATZ1,1,1
TSPAN13,PCDHA10,1,1
TSPAN13,PCDHB6,1,1
TSPAN13,POLRMT,1,1
TSPAN13,PSMD10,1,1
TSPAN13,PTK7,1,1
TSPAN13,RPS6KA3,1,1
TSPAN13,SCARA5,1,1
TSPAN13,SDHD,1,1
TSPAN13,SLC43A2,1,1
TSPAN13,SPARC,1,1
TSPAN13,TBC1D10B,1,1
TSPAN13,TGFB3,1,1
TSPAN13,TIGD1,1,1
TSPAN13,WWTR1,1,1
ATP1B2,CEBPD,1,1
ATP1B2,FDXR,1,1
ATP1B2,SLC40A1,1,1
FBF1,C8ORF48,1,1
FBF1,CACNA1H,1,1
FBF1,ETFB,1,1
FBF1,FOLH1,1,1
FBF1,GPC4,1,1
FBF1,GPR37,1,1
FBF1,GRIK2,1,1
FBF1,ID4,1,1
FBF1,KIFAP3,1,1
FBF1,LAMC3,1,1
FBF1,LRP2,1,1
FBF1,MAFB,1,1
FBF1,MAP7D3,1,1
FBF1,PPP1R13B,1,1
FBF1,RAB23,1,1
FBF1,RELL2,1,1
FBF1,SERPINA3,1,1
FBF1,SLC40A1,1,1
FBF1,SOD3,1,1
FBF1,SPATS1,1,1
FBF1,STAG3L3,1,1
FBF1,TBC1D8,1,1
FBF1,TRPM3,1,1
FBF1,TRPM8,1,1
FBF1,WNK4,1,1
IARS2,ACTN2,1,1
IARS2,ARHGAP25,1,1
IARS2,CENPL,1,1
IARS2,COPB2,1,1
IARS2,EPHA3,1,1
IARS2,FAM198B,1,1
IARS2,FGF13,1,1
IARS2,GLUD2,1,1
IARS2,GPC4,1,1
IARS2,ID4,1,1
IARS2,IL1RAP,1,1
IARS2,LAMC3,1,1
IARS2,MAP7D3,1,1
IARS2,NPAS1,1,1
IARS2,NSF,1,1
IARS2,P3H2,1,1
IARS2,PIEZO2,1,1
IARS2,PRDX6,1,1
IARS2,TGFB3,1,1
IARS2,WWTR1,1,1
IARS2,XPR1,1,1
IARS2,ZBTB33,1,1
RAPGEF5,AKAP6,1,1
RAPGEF5,EIF1AXP1,1,1
RAPGEF5,GPC4,1,1
RAPGEF5,IGFBP2,1,1
RAPGEF5,MAFB,1,1
RAPGEF5,OFD1,1,1
RAPGEF5,P3H2,1,1
RAPGEF5,PCDHA10,1,1
RAPGEF5,PCDHB6,1,1
RAPGEF5,PIEZO2,1,1
RAPGEF5,SCARA5,1,1
RAPGEF5,SEL1L3,1,1
RAPGEF5,SERPINA3,1,1
RAPGEF5,SPARC,1,1
RAPGEF5,TBC1D10B,1,1
RAPGEF5,TGFB3,1,1
RAPGEF5,TRPM8,1,1
RAPGEF5,WWTR1,1,1
RAD54L2,MAN1B1,1,1
RAD54L2,MRPL57,1,1
TSPAN33,DTX2,1,1
TSPAN33,LGMN,1,1
TSPAN33,PIGS,1,1
TSPAN33,STAG3L3,1,1
PRKAR1B,ADORA2B,1,1
PRKAR1B,BATF3,1,1
PRKAR1B,COLGALT2,1,1
PRKAR1B,DUSP23,1,1
PRKAR1B,EBF3,1,1
PRKAR1B,EIF4H,1,1
PRKAR1B,GTF2F1,1,1
PRKAR1B,HOXC8,1,1
PRKAR1B,KDM6A,1,1
PRKAR1B,LIMS1,1,1
PRKAR1B,NFIC,1,1
PRKAR1B,OCIAD1,1,1
PRKAR1B,PACRGL,1,1
PRKAR1B,PTPN12,1,1
PRKAR1B,SLC25A16,1,1
PRKAR1B,SLC43A2,1,1
PRKAR1B,SRPX2,1,1
PRKAR1B,TMEM2,1,1
PRKAR1B,YWHAG,1,1
LGR4,FUNDC1,1,1
LGR4,IFT122,1,1
PRPSAP2,EPHA3,1,1
PRPSAP2,IL1RAP,1,1
PRPSAP2,LRRC75A,1,1
PRPSAP2,NPAS1,1,1
PRPSAP2,OFD1,1,1
PRPSAP2,P3H2,1,1
PRPSAP2,RC3H1,1,1
PRPSAP2,TGFB3,1,1
PRPSAP2,TNFAIP6,1,1
PRPSAP2,WWTR1,1,1
IPO8,ASB9,1,1
IPO8,CENPL,1,1
IPO8,CHST6,1,1
IPO8,COPB2,1,1
IPO8,EIF3I,1,1
IPO8,GULP1,1,1
IPO8,NOA1,1,1
IPO8,PI15,1,1
IPO8,RCN2,1,1
KIAA0141,HOXA5,1,1
KIAA0141,MAPK11,1,1
KIAA0141,SRI,1,1
GTF2F1,ABCF2,1,1
GTF2F1,ADORA2B,1,1
GTF2F1,ANGPTL1,1,1
GTF2F1,DMRT2,1,1
GTF2F1,EBF3,1,1
GTF2F1,SLC43A2,1,1
GTF2F1,TMEM2,1,1
GTF2F1,YWHAG,1,1
HS3ST3B1,ADGRB1,1,1
HS3ST3B1,AKAP6,1,1
HS3ST3B1,ALG13,1,1
HS3ST3B1,ARHGAP6,1,1
HS3ST3B1,ATP9A,1,1
HS3ST3B1,COL9A2,1,1
HS3ST3B1,COLGALT2,1,1
HS3ST3B1,CSGALNACT1,1,1
HS3ST3B1,CT45A10,1,1
HS3ST3B1,CT45A5,1,1
HS3ST3B1,EMILIN1,1,1
HS3ST3B1,EPHA3,1,1
HS3ST3B1,FAM198B,1,1
HS3ST3B1,GPC1,1,1
HS3ST3B1,GPC4,1,1
HS3ST3B1,IGFBP2,1,1
HS3ST3B1,IL13RA2,1,1
HS3ST3B1,ITPRIPL2,1,1
HS3ST3B1,JARID2,1,1
HS3ST3B1,KCNC3,1,1
HS3ST3B1,LAMA2,1,1
HS3ST3B1,LAMA4,1,1
HS3ST3B1,LAMC3,1,1
HS3ST3B1,MAFB,1,1
HS3ST3B1,MEOX2,1,1
HS3ST3B1,MICALL2,1,1
HS3ST3B1,NPHP1,1,1
HS3ST3B1,NPTX2,1,1
HS3ST3B1,P3H2,1,1
HS3ST3B1,P3H4,1,1
HS3ST3B1,PATZ1,1,1
HS3ST3B1,PCDHA10,1,1
HS3ST3B1,PCDHB6,1,1
HS3ST3B1,PCDHGA7,1,1
HS3ST3B1,PRDX6,1,1
HS3ST3B1,PRRX1,1,1
HS3ST3B1,S100A13,1,1
HS3ST3B1,SCARA5,1,1
HS3ST3B1,TGFB3,1,1
HS3ST3B1,TIMP1,1,1
HS3ST3B1,TNFAIP6,1,1
HS3ST3B1,TRPM8,1,1
HS3ST3B1,WNK4,1,1
HS3ST3B1,WWTR1,1,1
CACNA1H,ADAP1,1,1
CACNA1H,COASY,1,1
CACNA1H,CT45A10,1,1
CACNA1H,EMILIN1,1,1
CACNA1H,FOLH1,1,1
CACNA1H,GPR37,1,1
CACNA1H,GUCY1B3,1,1
CACNA1H,IGFBP2,1,1
CACNA1H,KCNG4,1,1
CACNA1H,LAMA2,1,1
CACNA1H,LAMC3,1,1
CACNA1H,LRP2,1,1
CACNA1H,MEOX2,1,1
CACNA1H,PATZ1,1,1
CACNA1H,PCDHB6,1,1
CACNA1H,SERPINA3,1,1
CACNA1H,SLC40A1,1,1
CACNA1H,SOD3,1,1
CACNA1H,SPATS1,1,1
CACNA1H,TRPM8,1,1
CACNA1H,WNK4,1,1
ERCC1,C16ORF52,1,1
ERCC1,EDEM1,1,1
ERCC1,KIAA1328,1,1
LIN28B,ARHGAP25,1,1
LIN28B,B3GNT2,1,1
LIN28B,C16ORF52,1,1
LIN28B,CENPL,1,1
LIN28B,CEP170B,1,1
LIN28B,CLCC1,1,1
LIN28B,CNKSR3,1,1
LIN28B,COL19A1,1,1
LIN28B,COX18,1,1
LIN28B,EDEM1,1,1
LIN28B,EN2,1,1
LIN28B,FGF13,1,1
LIN28B,IL1RAP,1,1
LIN28B,KCNC4,1,1
LIN28B,MAN1A2,1,1
LIN28B,MEGF10,1,1
LIN28B,NSF,1,1
LIN28B,SCG2,1,1
LIN28B,STIM2,1,1
LIN28B,STON2,1,1
LIN28B,SWAP70,1,1
LIN28B,TPM3P9,1,1
LIN28B,TVP23B,1,1
LIN28B,UXS1,1,1
LIN28B,ZNF593,1,1
LIN28B,ZXDC,1,1
LAPTM4B,EIF3I,1,1
LAPTM4B,PTK7,1,1
LAPTM4B,SDHD,1,1
LAPTM4B,SPARC,1,1
LAPTM4B,SPATS1,1,1
LAPTM4B,TACO1,1,1
CTDSP1,EIF4H,1,1
CTDSP1,F12,1,1
CTDSP1,MAPK11,1,1
CTDSP1,OFD1,1,1
CTDSP1,PDHX,1,1
CTDSP1,POLRMT,1,1
CTDSP1,PTK7,1,1
CTDSP1,PTPN12,1,1
CTDSP1,SDHD,1,1
CTDSP1,TIGD1,1,1
CTDSP1,ZNF107,1,1
SDHD,EFNA5,1,1
SDHD,ERCC6,1,1
SDHD,F12,1,1
SDHD,MAPK11,1,1
SDHD,MORF4L2,1,1
SDHD,NECAP2,1,1
SDHD,PDHX,1,1
SDHD,PHKA1,1,1
SDHD,POLRMT,1,1
SDHD,PSMD10,1,1
SDHD,PTK7,1,1
PCDHB6,ADGRB1,1,1
PCDHB6,AKAP6,1,1
PCDHB6,ALG13,1,1
PCDHB6,ARCN1,1,1
PCDHB6,ARHGAP6,1,1
PCDHB6,ATP9A,1,1
PCDHB6,CADM4,1,1
PCDHB6,COL9A2,1,1
PCDHB6,COLGALT2,1,1
PCDHB6,CSGALNACT1,1,1
PCDHB6,CT45A10,1,1
PCDHB6,CT45A5,1,1
PCDHB6,DNAJB6,1,1
PCDHB6,EIF1AXP1,1,1
PCDHB6,EIF4H,1,1
PCDHB6,EMILIN1,1,1
PCDHB6,EPHA3,1,1
PCDHB6,FOLH1,1,1
PCDHB6,GLUD2,1,1
PCDHB6,GPC1,1,1
PCDHB6,GPC4,1,1
PCDHB6,GUCY1B3,1,1
PCDHB6,IGFBP2,1,1
PCDHB6,IL13RA2,1,1
PCDHB6,ITPRIPL2,1,1
PCDHB6,JARID2,1,1
PCDHB6,JUNB,1,1
PCDHB6,KCNC3,1,1
PCDHB6,LAMA2,1,1
PCDHB6,LAMA4,1,1
PCDHB6,LAMC3,1,1
PCDHB6,LRP2,1,1
PCDHB6,LRRC75A,1,1
PCDHB6,MAFB,1,1
PCDHB6,MEOX2,1,1
PCDHB6,MICALL2,1,1
PCDHB6,NPHP1,1,1
PCDHB6,P3H2,1,1
PCDHB6,P3H4,1,1
PCDHB6,PATZ1,1,1
PCDHB6,PCDHA10,1,1
PCDHB6,PCDHGA7,1,1
PCDHB6,PRDX6,1,1
PCDHB6,S100A13,1,1
PCDHB6,SCARA5,1,1
PCDHB6,SEL1L3,1,1
PCDHB6,SERPINA3,1,1
PCDHB6,SOD3,1,1
PCDHB6,SPATS1,1,1
PCDHB6,TBC1D10B,1,1
PCDHB6,TGFB3,1,1
PCDHB6,TIGD1,1,1
PCDHB6,TIMP1,1,1
PCDHB6,TNFAIP6,1,1
PCDHB6,TRPM8,1,1
PCDHB6,USP9X,1,1
PCDHB6,WNK4,1,1
PCDHB6,WWTR1,1,1
PCDHB6,ZBTB45P2,1,1
RP11-958N24.2,ADGRB1,1,1
RP11-958N24.2,ALG13,1,1
RP11-958N24.2,ARHGAP6,1,1
RP11-958N24.2,ATP9A,1,1
RP11-958N24.2,ATXN1,1,1
RP11-958N24.2,CADM4,1,1
RP11-958N24.2,CALCOCO2,1,1
RP11-958N24.2,CCM2,1,1
RP11-958N24.2,CSGALNACT1,1,1
RP11-958N24.2,CT45A5,1,1
RP11-958N24.2,CYB561,1,1
RP11-958N24.2,EMILIN1,1,1
RP11-958N24.2,GLUD2,1,1
RP11-958N24.2,GPC1,1,1
RP11-958N24.2,GPR37,1,1
RP11-958N24.2,GSDMD,1,1
RP11-958N24.2,IL13RA2,1,1
RP11-958N24.2,ITPRIPL2,1,1
RP11-958N24.2,KCNC3,1,1
RP11-958N24.2,LAMA4,1,1
RP11-958N24.2,NPHP1,1,1
RP11-958N24.2,PCDH7,1,1
RP11-958N24.2,PCDHGA7,1,1
RP11-958N24.2,PRRX1,1,1
RP11-958N24.2,RNF157,1,1
RP11-958N24.2,S100A13,1,1
RP11-958N24.2,SOX8,1,1
RP11-958N24.2,TNFAIP6,1,1
RP11-958N24.2,TNFRSF19,1,1
RP11-958N24.2,XYLT1,1,1
RP11-958N24.2,ZBTB45P2,1,1
RP11-958N24.2,ZNF860,1,1
JPH1,LRRC75A,1,1
JPH1,MAP7D3,1,1
PIEZO2,ACTN2,1,1
PIEZO2,ARHGAP25,1,1
PIEZO2,CENPL,1,1
PIEZO2,CHST6,1,1
PIEZO2,COLGALT1,1,1
PIEZO2,COPB2,1,1
PIEZO2,DNAJB12,1,1
PIEZO2,EIF3I,1,1
PIEZO2,EPHA3,1,1
PIEZO2,FAM198B,1,1
PIEZO2,FGF13,1,1
PIEZO2,FKBP11,1,1
PIEZO2,GPC4,1,1
PIEZO2,GRIK2,1,1
PIEZO2,GULP1,1,1
PIEZO2,ID4,1,1
PIEZO2,IL1RAP,1,1
PIEZO2,LAMC3,1,1
PIEZO2,LRP2,1,1
PIEZO2,NPAS1,1,1
PIEZO2,NSF,1,1
PIEZO2,OFD1,1,1
PIEZO2,P3H2,1,1
PIEZO2,PI15,1,1
PIEZO2,PPP1R13B,1,1
PIEZO2,PRDX6,1,1
PIEZO2,RAB23,1,1
PIEZO2,RCN2,1,1
PIEZO2,SCG2,1,1
PIEZO2,SLC19A3,1,1
PIEZO2,SLC26A2,1,1
PIEZO2,SPARC,1,1
PIEZO2,SPATS1,1,1
PIEZO2,STON2,1,1
PIEZO2,TBC1D10B,1,1
PIEZO2,TGFB3,1,1
PIEZO2,TRPM3,1,1
PIEZO2,TRPM8,1,1
PIEZO2,TVP23B,1,1
PIEZO2,WWTR1,1,1
PIEZO2,XPR1,1,1
DMRT2,ADGRB1,1,1
DMRT2,ALG13,1,1
DMRT2,ANGPTL1,1,1
DMRT2,ARHGAP6,1,1
DMRT2,ATP9A,1,1
DMRT2,ATXN1,1,1
DMRT2,COL9A2,1,1
DMRT2,COLGALT2,1,1
DMRT2,CSGALNACT1,1,1
DMRT2,CT45A10,1,1
DMRT2,CT45A5,1,1
DMRT2,EBF3,1,1
DMRT2,EIF1AX,1,1
DMRT2,EPHA3,1,1
DMRT2,GLUD2,1,1
DMRT2,GNB4,1,1
DMRT2,GPC1,1,1
DMRT2,IL13RA2,1,1
DMRT2,ITPRIPL2,1,1
DMRT2,JARID2,1,1
DMRT2,KCNC3,1,1
DMRT2,KIAA1328,1,1
DMRT2,LAMA4,1,1
DMRT2,MICALL2,1,1
DMRT2,P3H2,1,1
DMRT2,PCDHA10,1,1
DMRT2,PCDHGA7,1,1
DMRT2,PRRX1,1,1
DMRT2,RC3H1,1,1
DMRT2,SCARA5,1,1
DMRT2,SLC43A2,1,1
DMRT2,SLC5A3,1,1
DMRT2,SNED1,1,1
DMRT2,SOX8,1,1
DMRT2,ST8SIA5,1,1
DMRT2,TIMP1,1,1
DMRT2,TMEM2,1,1
DMRT2,TNFAIP6,1,1
DMRT2,TRAF4,1,1
DMRT2,XYLT1,1,1
DMRT2,ZBTB45P2,1,1
DMRT2,ZNF860,1,1
FDXR,C8ORF48,1,1
FDXR,CEBPD,1,1
FDXR,COASY,1,1
FDXR,FAM220A,1,1
FDXR,SERPINA3,1,1
FDXR,SLC40A1,1,1
FDXR,SOD3,1,1
FDXR,SPAG4,1,1
FDXR,TARS2,1,1
FDXR,WBSCR27,1,1
CEP85L,ASB9,1,1
CEP85L,ATAT1,1,1
CEP85L,B3GNT2,1,1
CEP85L,CNKSR3,1,1
CEP85L,COL19A1,1,1
CEP85L,DOCK10,1,1
CEP85L,EN2,1,1
CEP85L,KDM1B,1,1
CEP85L,MEGF10,1,1
CEP85L,UXS1,1,1
MGEA5,ARF6,1,1
MGEA5,PWWP2A,1,1
EFNA5,CDK5RAP1,1,1
EFNA5,COTL1,1,1
EFNA5,EIF5A,1,1
EFNA5,F11R,1,1
EFNA5,FRMD6,1,1
EFNA5,MORF4L2,1,1
EFNA5,NECAP2,1,1
EFNA5,PDHX,1,1
EFNA5,PHKA1,1,1
EXOC1,CHST6,1,1
EXOC1,COLGALT1,1,1
EXOC1,EIF3I,1,1
EXOC1,HEBP2,1,1
EXOC1,MAFG,1,1
EXOC1,MRPS24,1,1
EXOC1,PI15,1,1
EXOC1,RCN2,1,1
EXOC1,SECISBP2,1,1
HERC4,CCSAP,1,1
HERC4,CHL1,1,1
HERC4,DOCK10,1,1
HERC4,PPIA,1,1
HERC4,SMAD4,1,1
S100A13,ADGRB1,1,1
S100A13,AKAP6,1,1
S100A13,ALG13,1,1
S100A13,ARHGAP6,1,1
S100A13,ATP9A,1,1
S100A13,CADM4,1,1
S100A13,COL9A2,1,1
S100A13,CSGALNACT1,1,1
S100A13,CT45A10,1,1
S100A13,CT45A5,1,1
S100A13,CYB561,1,1
S100A13,DNAJB6,1,1
S100A13,EMILIN1,1,1
S100A13,FUNDC1,1,1
S100A13,GLUD2,1,1
S100A13,GPC1,1,1
S100A13,GPR37,1,1
S100A13,GUCY1B3,1,1
S100A13,IGFBP2,1,1
S100A13,IL13RA2,1,1
S100A13,ITPRIPL2,1,1
S100A13,JARID2,1,1
S100A13,KCNC3,1,1
S100A13,LAMA2,1,1
S100A13,LAMA4,1,1
S100A13,MAFB,1,1
S100A13,MEOX2,1,1
S100A13,MICALL2,1,1
S100A13,NPHP1,1,1
S100A13,NPTX2,1,1
S100A13,P3H2,1,1
S100A13,PATZ1,1,1
S100A13,PCDHA10,1,1
S100A13,PCDHGA7,1,1
S100A13,PRRX1,1,1
S100A13,SCARA5,1,1
S100A13,SLC5A3,1,1
S100A13,SOX8,1,1
S100A13,TIMP1,1,1
S100A13,TNFAIP6,1,1
S100A13,TNFRSF19,1,1
S100A13,WNK4,1,1
S100A13,XYLT1,1,1
S100A13,ZBTB45P2,1,1
TBC1D22A,RANBP17,1,1
TBC1D22A,RNF144B,1,1
TIPARP,DTX2,1,1
TIPARP,NPTX2,1,1
EIF1AXP1,AKAP6,1,1
EIF1AXP1,ARHGAP6,1,1
EIF1AXP1,EIF4H,1,1
EIF1AXP1,IGFBP2,1,1
EIF1AXP1,IL13RA2,1,1
EIF1AXP1,JARID2,1,1
EIF1AXP1,PCDHA10,1,1
EIF1AXP1,SCARA5,1,1
EIF1AXP1,SEL1L3,1,1
LRP2,C8ORF48,1,1
LRP2,COPB2,1,1
LRP2,CT45A10,1,1
LRP2,ETFB,1,1
LRP2,FOLH1,1,1
LRP2,GPC4,1,1
LRP2,IGFBP2,1,1
LRP2,LAMA2,1,1
LRP2,LAMC3,1,1
LRP2,MAFB,1,1
LRP2,MEOX2,1,1
LRP2,PATZ1,1,1
LRP2,PPP1R13B,1,1
LRP2,PRDX6,1,1
LRP2,RAB23,1,1
LRP2,SERPINA3,1,1
LRP2,SLC40A1,1,1
LRP2,SOD3,1,1
LRP2,SPARC,1,1
LRP2,SPATS1,1,1
LRP2,TACO1,1,1
LRP2,TARS2,1,1
LRP2,TBC1D8,1,1
LRP2,TGFB3,1,1
LRP2,TRPM3,1,1
LRP2,TRPM8,1,1
LRP2,WNK4,1,1
LRP2,WWTR1,1,1
WDR55,BECN1,1,1
WDR55,LRP4,1,1
F11R,COTL1,1,1
F11R,FRMD6,1,1
F11R,MECP2,1,1
F11R,NECAP2,1,1
F11R,TRIM56,1,1
NOC2LP1,C16ORF52,1,1
NOC2LP1,DDX56,1,1
NOC2LP1,EIF1AX,1,1
NOC2LP1,FGF13,1,1
NOC2LP1,GULP1,1,1
NOC2LP1,IL1RAP,1,1
NOC2LP1,ITGA4,1,1
NOC2LP1,MMADHC,1,1
NOC2LP1,NMD3,1,1
NOC2LP1,NPAS1,1,1
NOC2LP1,OFD1,1,1
NOC2LP1,POLRMT,1,1
NOC2LP1,PRDX6,1,1
NOC2LP1,PTK7,1,1
NOC2LP1,SEC61A1,1,1
NOC2LP1,STON2,1,1
NOC2LP1,TBC1D10B,1,1
NOC2LP1,TGFB3,1,1
NFIC,ADORA2B,1,1
NFIC,BATF3,1,1
NFIC,DUSP23,1,1
NFIC,HOXC8,1,1
NFIC,KDM6A,1,1
NFIC,LIMS1,1,1
NFIC,PACRGL,1,1
NFIC,PTPN12,1,1
NFIC,SRPX2,1,1
NFIC,YBX3,1,1
NFIC,YWHAG,1,1
DNAJB12,COPB2,1,1
DNAJB12,CRAMP1,1,1
DNAJB12,EGLN2,1,1
DNAJB12,FAM198B,1,1
DNAJB12,FGF13,1,1
DNAJB12,FKBP11,1,1
DNAJB12,GPC4,1,1
DNAJB12,ID4,1,1
DNAJB12,MAN1B1,1,1
DNAJB12,NFYA,1,1
DNAJB12,PRDX6,1,1
DNAJB12,SLC19A3,1,1
DNAJB12,SLC26A2,1,1
DNAJB12,TMEM62,1,1
DNAJB12,TRPM3,1,1
PC,BIN3,1,1
GPC1,ADGRB1,1,1
GPC1,AKAP6,1,1
GPC1,ALG13,1,1
GPC1,ARHGAP6,1,1
GPC1,ATP9A,1,1
GPC1,CADM4,1,1
GPC1,COL9A2,1,1
GPC1,COLGALT2,1,1
GPC1,CSGALNACT1,1,1
GPC1,CT45A10,1,1
GPC1,CT45A5,1,1
GPC1,CYB561,1,1
GPC1,DNAJB6,1,1
GPC1,EMILIN1,1,1
GPC1,EPHA3,1,1
GPC1,FOLH1,1,1
GPC1,GLUD2,1,1
GPC1,GPC4,1,1
GPC1,GUCY1B3,1,1
GPC1,IGFBP2,1,1
GPC1,IL13RA2,1,1
GPC1,ITPRIPL2,1,1
GPC1,JARID2,1,1
GPC1,KCNC3,1,1
GPC1,LAMA2,1,1
GPC1,LAMA4,1,1
GPC1,MAFB,1,1
GPC1,MEOX2,1,1
GPC1,MICALL2,1,1
GPC1,NPHP1,1,1
GPC1,NPTX2,1,1
GPC1,P3H2,1,1
GPC1,P3H4,1,1
GPC1,PATZ1,1,1
GPC1,PCDHA10,1,1
GPC1,PCDHGA7,1,1
GPC1,PRRX1,1,1
GPC1,SCARA5,1,1
GPC1,SEL1L3,1,1
GPC1,SLC5A3,1,1
GPC1,SNED1,1,1
GPC1,TGFB3,1,1
GPC1,TIMP1,1,1
GPC1,TNFAIP6,1,1
GPC1,TRPM8,1,1
GPC1,WNK4,1,1
GPC1,WWTR1,1,1
GPC1,XYLT1,1,1
GPC1,ZBTB45P2,1,1
STX2,ADAMTS9,1,1
STX2,CCSAP,1,1
STX2,CHL1,1,1
STX2,COLGALT1,1,1
STX2,DOCK10,1,1
STX2,HNRNPH3,1,1
STX2,MAN1B1,1,1
STX2,MBD2,1,1
STX2,MRPL57,1,1
STX2,NAPG,1,1
STX2,PI15,1,1
STX2,PPIA,1,1
STX2,PWWP2A,1,1
STX2,RC3H2,1,1
STX2,RPTOR,1,1
STX2,SMAD4,1,1
STX2,UPF2,1,1
STX2,ZNF280A,1,1
STX2,ZNF71,1,1
MAFG,MRPS24,1,1
MAFG,SECISBP2,1,1
PI15,ADAMTS9,1,1
PI15,ASB9,1,1
PI15,CCSAP,1,1
PI15,CENPL,1,1
PI15,CHL1,1,1
PI15,CHST6,1,1
PI15,COLGALT1,1,1
PI15,COPB2,1,1
PI15,CXXC1,1,1
PI15,DOCK10,1,1
PI15,EDEM2,1,1
PI15,EIF3I,1,1
PI15,FGF13,1,1
PI15,FKBP11,1,1
PI15,ITGA9,1,1
PI15,KDSR,1,1
PI15,NAPG,1,1
PI15,NOA1,1,1
PI15,NUDT4,1,1
PI15,PPIA,1,1
PI15,PPP1R13B,1,1
PI15,PWWP2A,1,1
PI15,RAB23,1,1
PI15,RCN2,1,1
PI15,RPTOR,1,1
PI15,SECISBP2,1,1
PI15,SLC26A2,1,1
PI15,SMAD4,1,1
PI15,TBC1D8,1,1
PI15,TRPM3,1,1
PI15,TVP23B,1,1
PI15,ZNF280A,1,1
SWAP70,B3GNT2,1,1
SWAP70,CEP170B,1,1
SWAP70,CLCC1,1,1
SWAP70,COL19A1,1,1
SWAP70,KCNC4,1,1
SWAP70,MAML2,1,1
SWAP70,MAN1A2,1,1
SWAP70,MEGF10,1,1
SWAP70,NSF,1,1
SWAP70,SOX5,1,1
SWAP70,ZBTB33,1,1
TACO1,FOLH1,1,1
TACO1,SERPINA3,1,1
TACO1,SLC40A1,1,1
TACO1,SOD3,1,1
TACO1,SPATS1,1,1
TACO1,TARS2,1,1
FRG1,VPS26A,1,1
TNFAIP6,ACTN2,1,1
TNFAIP6,ADGRB1,1,1
TNFAIP6,AKAP6,1,1
TNFAIP6,ALG13,1,1
TNFAIP6,ANGPTL1,1,1
TNFAIP6,ARHGAP25,1,1
TNFAIP6,ARHGAP6,1,1
TNFAIP6,ATP9A,1,1
TNFAIP6,COL9A2,1,1
TNFAIP6,COLGALT2,1,1
TNFAIP6,CSGALNACT1,1,1
TNFAIP6,CT45A10,1,1
TNFAIP6,CT45A5,1,1
TNFAIP6,EPHA3,1,1
TNFAIP6,FAM198B,1,1
TNFAIP6,GLUD2,1,1
TNFAIP6,GPC4,1,1
TNFAIP6,ID4,1,1
TNFAIP6,IGFBP2,1,1
TNFAIP6,IL13RA2,1,1
TNFAIP6,IL1RAP,1,1
TNFAIP6,ITPRIPL2,1,1
TNFAIP6,JARID2,1,1
TNFAIP6,KCNC3,1,1
TNFAIP6,LAMA4,1,1
TNFAIP6,LRRC75A,1,1
TNFAIP6,MAFB,1,1
TNFAIP6,MEOX2,1,1
TNFAIP6,MICALL2,1,1
TNFAIP6,NPAS1,1,1
TNFAIP6,P3H2,1,1
TNFAIP6,PATZ1,1,1
TNFAIP6,PCDHA10,1,1
TNFAIP6,PCDHGA7,1,1
TNFAIP6,PRDX6,1,1
TNFAIP6,PRRX1,1,1
TNFAIP6,RC3H1,1,1
TNFAIP6,RNF157,1,1
TNFAIP6,SCARA5,1,1
TNFAIP6,SLC19A3,1,1
TNFAIP6,SLC5A3,1,1
TNFAIP6,SNED1,1,1
TNFAIP6,SOX8,1,1
TNFAIP6,ST8SIA5,1,1
TNFAIP6,STON2,1,1
TNFAIP6,TGFB3,1,1
TNFAIP6,TIMP1,1,1
TNFAIP6,TRAF4,1,1
TNFAIP6,WNK4,1,1
TNFAIP6,WWTR1,1,1
TNFAIP6,XPR1,1,1
TNFAIP6,XYLT1,1,1
TNFAIP6,ZBTB45P2,1,1
ATP5SL,BCL7A,1,1
ATP5SL,FKBP9,1,1
ATP5SL,GLUD1,1,1
ATP5SL,IFT122,1,1
ATP5SL,TCTN1,1,1
ATP5SL,TNFRSF19,1,1
JARID2,ADGRB1,1,1
JARID2,AKAP6,1,1
JARID2,ALG13,1,1
JARID2,ARHGAP6,1,1
JARID2,ATP9A,1,1
JARID2,COL9A2,1,1
JARID2,COLGALT2,1,1
JARID2,CT45A10,1,1
JARID2,CT45A5,1,1
JARID2,DNAJB6,1,1
JARID2,EIF4H,1,1
JARID2,EMILIN1,1,1
JARID2,GLUD2,1,1
JARID2,GUCY1B3,1,1
JARID2,IGFBP2,1,1
JARID2,IL13RA2,1,1
JARID2,ITPRIPL2,1,1
JARID2,KCNC3,1,1
JARID2,LAMA2,1,1
JARID2,LAMA4,1,1
JARID2,MAFB,1,1
JARID2,MEOX2,1,1
JARID2,MICALL2,1,1
JARID2,P3H2,1,1
JARID2,PATZ1,1,1
JARID2,PCDHA10,1,1
JARID2,PCDHGA7,1,1
JARID2,PRRX1,1,1
JARID2,RANBP17,1,1
JARID2,SCARA5,1,1
JARID2,SEL1L3,1,1
JARID2,SLC5A3,1,1
JARID2,SNED1,1,1
JARID2,ST8SIA5,1,1
JARID2,TGFB3,1,1
JARID2,TIMP1,1,1
JARID2,ZBTB45P2,1,1
PELI1,AMOTL1,1,1
PELI1,ATP13A3,1,1
PELI1,COTL1,1,1
PELI1,EIF1AX,1,1
PELI1,IFNAR1,1,1
PELI1,KIAA1328,1,1
PELI1,LIMS1,1,1
PELI1,MMADHC,1,1
PELI1,NMD3,1,1
CCSAP,ADAMTS9,1,1
CCSAP,ARGLU1,1,1
CCSAP,ASB9,1,1
CCSAP,ATAT1,1,1
CCSAP,C17ORF58,1,1
CCSAP,C8ORF58,1,1
CCSAP,CENPL,1,1
CCSAP,CHL1,1,1
CCSAP,CHST6,1,1
CCSAP,COLGALT1,1,1
CCSAP,CXXC1,1,1
CCSAP,DOCK10,1,1
CCSAP,EDEM2,1,1
CCSAP,FGF13,1,1
CCSAP,FKBP11,1,1
CCSAP,ITGA9,1,1
CCSAP,NAPG,1,1
CCSAP,PPIA,1,1
CCSAP,RCN2,1,1
CCSAP,RPTOR,1,1
CCSAP,SLC26A2,1,1
CCSAP,SMAD4,1,1
CCSAP,ZNF280A,1,1
UBA5,ZFAND2B,1,1
UBA5,ZFX,1,1
MPZL1,BCL7A,1,1
MPZL1,C1ORF27,1,1
MPZL1,CSGALNACT1,1,1
MPZL1,GLCCI1,1,1
MPZL1,GLUD2,1,1
MPZL1,GNS,1,1
MPZL1,ID4,1,1
MPZL1,MAML2,1,1
MPZL1,NSF,1,1
MPZL1,PCDH7,1,1
MPZL1,RNF157,1,1
MPZL1,SOX5,1,1
MPZL1,STIM2,1,1
MPZL1,TMEM62,1,1
MPZL1,TNFRSF19,1,1
MPZL1,XPR1,1,1
MPZL1,ZBTB33,1,1
LRRC75A,ADGRB1,1,1
LRRC75A,AKAP6,1,1
LRRC75A,ARCN1,1,1
LRRC75A,ARHGAP6,1,1
LRRC75A,CT45A10,1,1
LRRC75A,EIF4H,1,1
LRRC75A,IL13RA2,1,1
LRRC75A,ITPRIPL2,1,1
LRRC75A,MAFB,1,1
LRRC75A,MEOX2,1,1
LRRC75A,P3H2,1,1
LRRC75A,PCDHA10,1,1
LRRC75A,SCARA5,1,1
LRRC75A,TGFB3,1,1
GARS,C16ORF52,1,1
GARS,HOXA5,1,1
GARS,HSP90B1,1,1
GARS,ITGA4,1,1
U2SURP,CNBP,1,1
U2SURP,DBR1,1,1
U2SURP,EIF5A,1,1
U2SURP,PHF14,1,1
MAP2K3,ANKS1A,1,1
MAP2K3,EN2,1,1
MAP2K3,UXS1,1,1
ZNF700,CCDC144B,1,1
GNB4,EIF1AX,1,1
PCDHGA7,ADGRB1,1,1
PCDHGA7,AKAP6,1,1
PCDHGA7,ALG13,1,1
PCDHGA7,ANGPTL1,1,1
PCDHGA7,ARHGAP6,1,1
PCDHGA7,ATP9A,1,1
PCDHGA7,ATXN1,1,1
PCDHGA7,CADM4,1,1
PCDHGA7,COL9A2,1,1
PCDHGA7,COLGALT2,1,1
PCDHGA7,CSGALNACT1,1,1
PCDHGA7,CT45A10,1,1
PCDHGA7,CT45A5,1,1
PCDHGA7,CYB561,1,1
PCDHGA7,EMILIN1,1,1
PCDHGA7,EPHA3,1,1
PCDHGA7,GLUD2,1,1
PCDHGA7,IGFBP2,1,1
PCDHGA7,IL13RA2,1,1
PCDHGA7,ITPRIPL2,1,1
PCDHGA7,KCNC3,1,1
PCDHGA7,LAMA4,1,1
PCDHGA7,MAFB,1,1
PCDHGA7,MEOX2,1,1
PCDHGA7,MICALL2,1,1
PCDHGA7,NPHP1,1,1
PCDHGA7,P3H2,1,1
PCDHGA7,PATZ1,1,1
PCDHGA7,PCDHA10,1,1
PCDHGA7,PRRX1,1,1
PCDHGA7,SCARA5,1,1
PCDHGA7,SLC5A3,1,1
PCDHGA7,SNED1,1,1
PCDHGA7,SOX8,1,1
PCDHGA7,ST8SIA5,1,1
PCDHGA7,TGFB3,1,1
PCDHGA7,TIMP1,1,1
PCDHGA7,XYLT1,1,1
PCDHGA7,ZBTB45P2,1,1
PCDHGA7,ZNF860,1,1
C16ORF52,ARHGAP25,1,1
C16ORF52,COX18,1,1
C16ORF52,EDEM1,1,1
C16ORF52,FGF13,1,1
C16ORF52,IL1RAP,1,1
C16ORF52,ITGA4,1,1
C16ORF52,SCG2,1,1
C16ORF52,SEC61A1,1,1
C16ORF52,STON2,1,1
C16ORF52,TBC1D10B,1,1
C16ORF52,TVP23B,1,1
MEOX2,ADAP1,1,1
MEOX2,ADGRB1,1,1
MEOX2,AKAP6,1,1
MEOX2,ALG13,1,1
MEOX2,ARHGAP6,1,1
MEOX2,ATP9A,1,1
MEOX2,CADM4,1,1
MEOX2,COL9A2,1,1
MEOX2,COLGALT2,1,1
MEOX2,CSGALNACT1,1,1
MEOX2,CT45A10,1,1
MEOX2,CT45A5,1,1
MEOX2,CYB561,1,1
MEOX2,DNAJB6,1,1
MEOX2,EIF4H,1,1
MEOX2,EMILIN1,1,1
MEOX2,EPHA3,1,1
MEOX2,FOLH1,1,1
MEOX2,GLUD2,1,1
MEOX2,GPC4,1,1
MEOX2,GUCY1B3,1,1
MEOX2,IGFBP2,1,1
MEOX2,IL13RA2,1,1
MEOX2,ITPRIPL2,1,1
MEOX2,KCNC3,1,1
MEOX2,KCNG4,1,1
MEOX2,LAMA2,1,1
MEOX2,LAMA4,1,1
MEOX2,LAMC3,1,1
MEOX2,MAFB,1,1
MEOX2,MICALL2,1,1
MEOX2,NPAS1,1,1
MEOX2,NPHP1,1,1
MEOX2,P3H2,1,1
MEOX2,P3H4,1,1
MEOX2,PATZ1,1,1
MEOX2,PCDHA10,1,1
MEOX2,PRDX6,1,1
MEOX2,PRRX1,1,1
MEOX2,SCARA5,1,1
MEOX2,SEL1L3,1,1
MEOX2,SPATS1,1,1
MEOX2,TGFB3,1,1
MEOX2,TIGD1,1,1
MEOX2,TIMP1,1,1
MEOX2,TRPM8,1,1
MEOX2,WNK4,1,1
MEOX2,WWTR1,1,1
MEOX2,XPR1,1,1
MEOX2,ZBTB45P2,1,1
FOLH1,ADAP1,1,1
FOLH1,ADGRB1,1,1
FOLH1,AKAP6,1,1
FOLH1,CADM4,1,1
FOLH1,COL9A2,1,1
FOLH1,CT45A10,1,1
FOLH1,EIF4H,1,1
FOLH1,EMILIN1,1,1
FOLH1,GPC4,1,1
FOLH1,GUCY1B3,1,1
FOLH1,IGFBP2,1,1
FOLH1,IL13RA2,1,1
FOLH1,ITPRIPL2,1,1
FOLH1,JUNB,1,1
FOLH1,KCNG4,1,1
FOLH1,LAMA2,1,1
FOLH1,LAMC3,1,1
FOLH1,MAFB,1,1
FOLH1,NPHP1,1,1
FOLH1,P3H4,1,1
FOLH1,PATZ1,1,1
FOLH1,PCDHA10,1,1
FOLH1,SCARA5,1,1
FOLH1,SEL1L3,1,1
FOLH1,SERPINA3,1,1
FOLH1,SLC40A1,1,1
FOLH1,SOD3,1,1
FOLH1,SPARC,1,1
FOLH1,SPATS1,1,1
FOLH1,TARS2,1,1
FOLH1,TBC1D10B,1,1
FOLH1,TGFB3,1,1
FOLH1,TIGD1,1,1
FOLH1,TRPM8,1,1
FOLH1,WBSCR27,1,1
FOLH1,WNK4,1,1
FOLH1,WWTR1,1,1
ITGA4,DDX56,1,1
ITGA4,GULP1,1,1
ITGA4,HSP90B1,1,1
ITGA4,MMADHC,1,1
ITGA4,MORF4L2,1,1
ITGA4,NMD3,1,1
ITGA4,OFD1,1,1
ITGA4,SEC61A1,1,1
ITGA4,TBC1D10B,1,1
TRAF4,ANGPTL1,1,1
TRAF4,CEP170B,1,1
TRAF4,KCNC3,1,1
TRAF4,KCNC4,1,1
TRAF4,RC3H1,1,1
TRAF4,RNF157,1,1
TRAF4,ST8SIA5,1,1
FAM175A,EIF4B,1,1
FAM175A,FAM198B,1,1
FAM175A,ID4,1,1
FAM175A,NSF,1,1
MMADHC,CNBP,1,1
MMADHC,COTL1,1,1
MMADHC,EIF1AX,1,1
MMADHC,EIF5A,1,1
MMADHC,ETNK2,1,1
MMADHC,HSP90B1,1,1
MMADHC,KIAA1328,1,1
MMADHC,L3HYPDH,1,1
MMADHC,LIMS1,1,1
MMADHC,NMD3,1,1
MMADHC,OFD1,1,1
MMADHC,POLRMT,1,1
MMADHC,PTK7,1,1
MMADHC,SEC61A1,1,1
MMADHC,TBC1D10B,1,1
MMADHC,ZNF275,1,1
SOX8,ADGRB1,1,1
SOX8,ALG13,1,1
SOX8,ANGPTL1,1,1
SOX8,ARHGAP6,1,1
SOX8,ATP9A,1,1
SOX8,ATXN1,1,1
SOX8,CSGALNACT1,1,1
SOX8,CYB561,1,1
SOX8,EGR3,1,1
SOX8,GLUD2,1,1
SOX8,GNS,1,1
SOX8,IL13RA2,1,1
SOX8,ITPRIPL2,1,1
SOX8,KCNC3,1,1
SOX8,LAMA4,1,1
SOX8,PCDH7,1,1
SOX8,PCDHA10,1,1
SOX8,PRRX1,1,1
SOX8,RNF157,1,1
SOX8,SCARA5,1,1
SOX8,SLC5A3,1,1
SOX8,SNED1,1,1
SOX8,ST8SIA5,1,1
SOX8,TIMP1,1,1
SOX8,XYLT1,1,1
SOX8,ZBTB45P2,1,1
SOX8,ZNF860,1,1
TMEM62,BCL7A,1,1
TMEM62,C8ORF58,1,1
TMEM62,CLCC1,1,1
TMEM62,COLGALT1,1,1
TMEM62,COPG1,1,1
TMEM62,FAM198B,1,1
TMEM62,FGF13,1,1
TMEM62,FKBP11,1,1
TMEM62,FKBP9,1,1
TMEM62,GLCCI1,1,1
TMEM62,ID4,1,1
TMEM62,MAML2,1,1
TMEM62,MAN1B1,1,1
TMEM62,MRPL57,1,1
TMEM62,NSF,1,1
TMEM62,PPIA,1,1
TMEM62,PWWP2A,1,1
TMEM62,SLC19A3,1,1
TMEM62,SLC26A2,1,1
TMEM62,SOX5,1,1
TMEM62,ZBTB33,1,1
SLC5A3,ADGRB1,1,1
SLC5A3,AKAP6,1,1
SLC5A3,ALG13,1,1
SLC5A3,ANGPTL1,1,1
SLC5A3,ARHGAP6,1,1
SLC5A3,ATP9A,1,1
SLC5A3,COL9A2,1,1
SLC5A3,COLGALT2,1,1
SLC5A3,CSGALNACT1,1,1
SLC5A3,CT45A10,1,1
SLC5A3,CT45A5,1,1
SLC5A3,GLUD2,1,1
SLC5A3,IL13RA2,1,1
SLC5A3,ITPRIPL2,1,1
SLC5A3,KCNC3,1,1
SLC5A3,LAMA4,1,1
SLC5A3,MAFB,1,1
SLC5A3,MICALL2,1,1
SLC5A3,P3H2,1,1
SLC5A3,PCDHA10,1,1
SLC5A3,PRRX1,1,1
SLC5A3,SCARA5,1,1
SLC5A3,SNED1,1,1
SLC5A3,ST8SIA5,1,1
SLC5A3,TIMP1,1,1
SLC5A3,WWTR1,1,1
SLC5A3,XYLT1,1,1
SLC5A3,ZBTB45P2,1,1
SLC26A2,ACTN2,1,1
SLC26A2,ADAMTS9,1,1
SLC26A2,ARHGAP25,1,1
SLC26A2,ASB9,1,1
SLC26A2,C8ORF58,1,1
SLC26A2,CENPL,1,1
SLC26A2,CHL1,1,1
SLC26A2,CHST6,1,1
SLC26A2,CLCC1,1,1
SLC26A2,COL19A1,1,1
SLC26A2,COLGALT1,1,1
SLC26A2,COPB2,1,1
SLC26A2,CXXC1,1,1
SLC26A2,DOCK10,1,1
SLC26A2,EIF3I,1,1
SLC26A2,FAM198B,1,1
SLC26A2,FGF13,1,1
SLC26A2,FKBP11,1,1
SLC26A2,GLCCI1,1,1
SLC26A2,GPC4,1,1
SLC26A2,ID4,1,1
SLC26A2,ITGA9,1,1
SLC26A2,MAN1B1,1,1
SLC26A2,MRPL57,1,1
SLC26A2,NAPG,1,1
SLC26A2,NSF,1,1
SLC26A2,PPIA,1,1
SLC26A2,PRDX6,1,1
SLC26A2,PWWP2A,1,1
SLC26A2,RAB23,1,1
SLC26A2,RCN2,1,1
SLC26A2,SECISBP2,1,1
SLC26A2,SLC19A3,1,1
SLC26A2,SMAD4,1,1
SLC26A2,TRPM3,1,1
SLC26A2,TVP23B,1,1
SLC26A2,ZBTB33,1,1
SLC26A2,ZNF280A,1,1
MAN1A2,ARHGAP25,1,1
MAN1A2,CLCC1,1,1
MAN1A2,CNKSR3,1,1
MAN1A2,COL19A1,1,1
MAN1A2,COX18,1,1
MAN1A2,FGF13,1,1
MAN1A2,IL1RAP,1,1
MAN1A2,NSF,1,1
MAN1A2,RGPD6,1,1
MAN1A2,SCG2,1,1
ADORA2B,BATF3,1,1
ADORA2B,CHPF2,1,1
ADORA2B,DUSP23,1,1
ADORA2B,EBF3,1,1
ADORA2B,HOXC8,1,1
ADORA2B,KDM6A,1,1
ADORA2B,LIMS1,1,1
ADORA2B,OCIAD1,1,1
ADORA2B,PACRGL,1,1
ADORA2B,SLC25A16,1,1
ADORA2B,SLC43A2,1,1
ADORA2B,SRPX2,1,1
ADORA2B,TMEM2,1,1
ADORA2B,YBX3,1,1
ADORA2B,YWHAG,1,1
NSF,ACTN2,1,1
NSF,ARHGAP25,1,1
NSF,CENPL,1,1
NSF,CLCC1,1,1
NSF,COL19A1,1,1
NSF,COLGALT1,1,1
NSF,CSGALNACT1,1,1
NSF,FAM198B,1,1
NSF,FGF13,1,1
NSF,GLCCI1,1,1
NSF,GNS,1,1
NSF,ID4,1,1
NSF,IL1RAP,1,1
NSF,KCNC4,1,1
NSF,MAML2,1,1
NSF,MRPL57,1,1
NSF,NPAS1,1,1
NSF,PPIA,1,1
NSF,PRDX6,1,1
NSF,SLC19A3,1,1
NSF,SOX5,1,1
NSF,STON2,1,1
NSF,TVP23B,1,1
NSF,XPR1,1,1
NSF,ZBTB33,1,1
NECAP2,COTL1,1,1
NECAP2,FRMD6,1,1
NECAP2,MECP2,1,1
NECAP2,MORF4L2,1,1
NECAP2,PDHX,1,1
NECAP2,PHKA1,1,1
MRPL57,C8ORF58,1,1
MRPL57,CLCC1,1,1
MRPL57,MAN1B1,1,1
MRPL57,NAPG,1,1
P3H2,ACTN2,1,1
P3H2,ADGRB1,1,1
P3H2,AKAP6,1,1
P3H2,ALG13,1,1
P3H2,ANGPTL1,1,1
P3H2,ARCN1,1,1
P3H2,ARHGAP25,1,1
P3H2,ARHGAP6,1,1
P3H2,ATP9A,1,1
P3H2,COL9A2,1,1
P3H2,COLGALT2,1,1
P3H2,COPB2,1,1
P3H2,CSGALNACT1,1,1
P3H2,CT45A10,1,1
P3H2,CT45A5,1,1
P3H2,EPHA3,1,1
P3H2,FAM198B,1,1
P3H2,FGF13,1,1
P3H2,GLUD2,1,1
P3H2,GPC4,1,1
P3H2,GRIK2,1,1
P3H2,ID4,1,1
P3H2,IGFBP2,1,1
P3H2,IL13RA2,1,1
P3H2,IL1RAP,1,1
P3H2,ITPRIPL2,1,1
P3H2,KCNC3,1,1
P3H2,LAMA4,1,1
P3H2,LAMC3,1,1
P3H2,MAFB,1,1
P3H2,MICALL2,1,1
P3H2,NPAS1,1,1
P3H2,OFD1,1,1
P3H2,PATZ1,1,1
P3H2,PCDHA10,1,1
P3H2,PRDX6,1,1
P3H2,PRRX1,1,1
P3H2,RC3H1,1,1
P3H2,SCARA5,1,1
P3H2,SLC19A3,1,1
P3H2,SNED1,1,1
P3H2,SPATS1,1,1
P3H2,ST8SIA5,1,1
P3H2,STON2,1,1
P3H2,TBC1D10B,1,1
P3H2,TGFB3,1,1
P3H2,TIGD1,1,1
P3H2,TIMP1,1,1
P3H2,TRPM8,1,1
P3H2,TVP23B,1,1
P3H2,WNK4,1,1
P3H2,WWTR1,1,1
P3H2,XPR1,1,1
SOX5,ARHGAP25,1,1
SOX5,CLCC1,1,1
SOX5,CSGALNACT1,1,1
SOX5,GLCCI1,1,1
SOX5,GLUD2,1,1
SOX5,GNS,1,1
SOX5,ID4,1,1
SOX5,IL1RAP,1,1
SOX5,KCNC4,1,1
SOX5,MAML2,1,1
SOX5,SLC19A3,1,1
SOX5,XPR1,1,1
SOX5,ZBTB33,1,1
PHB,ADAMTS9,1,1
PHB,ASB9,1,1
PHB,CENPL,1,1
PHB,COL19A1,1,1
PHB,COLGALT1,1,1
PHB,DDX56,1,1
PHB,EN2,1,1
PHB,MEGF10,1,1
PHB,MRPL32,1,1
PHB,NOA1,1,1
PHB,RCN2,1,1
PHB,TPM3P9,1,1
PHB,ZNF593,1,1
TGFB3,ACTN2,1,1
TGFB3,ADGRB1,1,1
TGFB3,AKAP6,1,1
TGFB3,ALG13,1,1
TGFB3,ARCN1,1,1
TGFB3,ARHGAP25,1,1
TGFB3,ARHGAP6,1,1
TGFB3,ATP9A,1,1
TGFB3,COL9A2,1,1
TGFB3,COLGALT2,1,1
TGFB3,COPB2,1,1
TGFB3,CSGALNACT1,1,1
TGFB3,CT45A10,1,1
TGFB3,CT45A5,1,1
TGFB3,EIF4H,1,1
TGFB3,EMILIN1,1,1
TGFB3,EPHA3,1,1
TGFB3,FAM198B,1,1
TGFB3,FGF13,1,1
TGFB3,GLUD2,1,1
TGFB3,GPC4,1,1
TGFB3,ID4,1,1
TGFB3,IGFBP2,1,1
TGFB3,IL13RA2,1,1
TGFB3,IL1RAP,1,1
TGFB3,ITPRIPL2,1,1
TGFB3,KCNC3,1,1
TGFB3,LAMA2,1,1
TGFB3,LAMA4,1,1
TGFB3,LAMC3,1,1
TGFB3,MAFB,1,1
TGFB3,MICALL2,1,1
TGFB3,NPAS1,1,1
TGFB3,OFD1,1,1
TGFB3,PATZ1,1,1
TGFB3,PCDHA10,1,1
TGFB3,POLRMT,1,1
TGFB3,PRDX6,1,1
TGFB3,SCARA5,1,1
TGFB3,SLC19A3,1,1
TGFB3,SPARC,1,1
TGFB3,SPATS1,1,1
TGFB3,STON2,1,1
TGFB3,TBC1D10B,1,1
TGFB3,TIGD1,1,1
TGFB3,TIMP1,1,1
TGFB3,TRPM8,1,1
TGFB3,WNK4,1,1
TGFB3,WWTR1,1,1
TGFB3,XPR1,1,1
ANKS1A,B3GNT2,1,1
FIP1L1,BECN1,1,1
FIP1L1,CCM2,1,1
FIP1L1,GPR37,1,1
FIP1L1,LRP4,1,1
FIP1L1,TNFRSF19,1,1
YBX3,BATF3,1,1
YBX3,DUSP23,1,1
YBX3,KDM6A,1,1
YBX3,MECP2,1,1
YBX3,PTPN12,1,1
YBX3,SRPX2,1,1
UPF2,ARF6,1,1
UPF2,CALM1,1,1
UPF2,MAN1B1,1,1
UPF2,MBD2,1,1
UPF2,PWWP2A,1,1
UPF2,RC3H2,1,1
UPF2,SMAD4,1,1
UPF2,ZNF71,1,1
CDK5RAP1,FRMD6,1,1
CDK5RAP1,PDHX,1,1
INTS6,EIF4B,1,1
INTS6,SMAD4,1,1
TIGD1,ADGRB1,1,1
TIGD1,ARHGAP6,1,1
TIGD1,COL9A2,1,1
TIGD1,COLGALT2,1,1
TIGD1,CT45A10,1,1
TIGD1,CT45A5,1,1
TIGD1,EIF1AX,1,1
TIGD1,EIF4H,1,1
TIGD1,EPHA3,1,1
TIGD1,F12,1,1
TIGD1,GPC4,1,1
TIGD1,IGFBP2,1,1
TIGD1,IL13RA2,1,1
TIGD1,KCNC3,1,1
TIGD1,KIAA1328,1,1
TIGD1,LAMA2,1,1
TIGD1,MICALL2,1,1
TIGD1,NPAS1,1,1
TIGD1,OFD1,1,1
TIGD1,P3H4,1,1
TIGD1,PATZ1,1,1
TIGD1,PCDHA10,1,1
TIGD1,POLRMT,1,1
TIGD1,PRDX6,1,1
TIGD1,PSMD10,1,1
TIGD1,PTK7,1,1
TIGD1,RPS6KA3,1,1
TIGD1,SCARA5,1,1
TIGD1,SPARC,1,1
TIGD1,SPATS1,1,1
TIGD1,TBC1D10B,1,1
TIGD1,TRPM8,1,1
TIGD1,WNK4,1,1
TIGD1,WWTR1,1,1
RGPD6,SCG2,1,1
AFG3L1P,PSPH,1,1
SPATS1,ADGRB1,1,1
SPATS1,COL9A2,1,1
SPATS1,COPB2,1,1
SPATS1,CT45A10,1,1
SPATS1,EMILIN1,1,1
SPATS1,EPHA3,1,1
SPATS1,FAM198B,1,1
SPATS1,GPC4,1,1
SPATS1,ID4,1,1
SPATS1,IGFBP2,1,1
SPATS1,ITPRIPL2,1,1
SPATS1,KCNG4,1,1
SPATS1,LAMA2,1,1
SPATS1,LAMC3,1,1
SPATS1,MAFB,1,1
SPATS1,NPAS1,1,1
SPATS1,PATZ1,1,1
SPATS1,PPP1R13B,1,1
SPATS1,PRDX6,1,1
SPATS1,RAB23,1,1
SPATS1,SERPINA3,1,1
SPATS1,SOD3,1,1
SPATS1,SPARC,1,1
SPATS1,TARS2,1,1
SPATS1,TBC1D10B,1,1
SPATS1,TRPM3,1,1
SPATS1,TRPM8,1,1
SPATS1,WNK4,1,1
SPATS1,WWTR1,1,1
COX18,CEP170B,1,1
COX18,CNKSR3,1,1
COX18,COL19A1,1,1
COX18,FGF13,1,1
COX18,KDM1B,1,1
COX18,MEGF10,1,1
COX18,NOA1,1,1
COX18,SCG2,1,1
COX18,SLC4A7,1,1
COX18,STON2,1,1
COX18,TPM3P9,1,1
COX18,TVP23B,1,1
COX18,ZNF593,1,1
TARS2,PPP1R13B,1,1
TARS2,SLC40A1,1,1
TARS2,SOD3,1,1
GPKOW,PDHX,1,1
GPKOW,PSMD10,1,1
XYLT1,ADGRB1,1,1
XYLT1,AKAP6,1,1
XYLT1,ALG13,1,1
XYLT1,ANGPTL1,1,1
XYLT1,ARHGAP6,1,1
XYLT1,ATP9A,1,1
XYLT1,CADM4,1,1
XYLT1,CSGALNACT1,1,1
XYLT1,CYB561,1,1
XYLT1,GLUD2,1,1
XYLT1,GNS,1,1
XYLT1,IL13RA2,1,1
XYLT1,ITPRIPL2,1,1
XYLT1,KCNC3,1,1
XYLT1,LAMA4,1,1
XYLT1,MAFB,1,1
XYLT1,NPHP1,1,1
XYLT1,PCDH7,1,1
XYLT1,PCDHA10,1,1
XYLT1,PRRX1,1,1
XYLT1,RC3H1,1,1
XYLT1,RNF157,1,1
XYLT1,SCARA5,1,1
XYLT1,SNED1,1,1
XYLT1,ST8SIA5,1,1
XYLT1,TIMP1,1,1
XYLT1,ZBTB45P2,1,1
XYLT1,ZNF860,1,1
ST8SIA5,ADGRB1,1,1
ST8SIA5,ALG13,1,1
ST8SIA5,ANGPTL1,1,1
ST8SIA5,ARHGAP6,1,1
ST8SIA5,ATP9A,1,1
ST8SIA5,ATXN1,1,1
ST8SIA5,COLGALT2,1,1
ST8SIA5,CSGALNACT1,1,1
ST8SIA5,CT45A5,1,1
ST8SIA5,GLUD2,1,1
ST8SIA5,IL13RA2,1,1
ST8SIA5,ITPRIPL2,1,1
ST8SIA5,KCNC3,1,1
ST8SIA5,KIAA1328,1,1
ST8SIA5,LAMA4,1,1
ST8SIA5,MICALL2,1,1
ST8SIA5,PCDHA10,1,1
ST8SIA5,PRRX1,1,1
ST8SIA5,RC3H1,1,1
ST8SIA5,SCARA5,1,1
ST8SIA5,SLC43A2,1,1
ST8SIA5,SNED1,1,1
ST8SIA5,TIMP1,1,1
ST8SIA5,TMEM2,1,1
ST8SIA5,ZBTB45P2,1,1
ST8SIA5,ZNF860,1,1
KCNG4,ADAP1,1,1
KCNG4,CT45A10,1,1
KCNG4,EMILIN1,1,1
KCNG4,LAMC3,1,1
KCNG4,SOD3,1,1
KCNG4,WNK4,1,1
AKAP6,ADGRB1,1,1
AKAP6,ALG13,1,1
AKAP6,ARCN1,1,1
AKAP6,ARHGAP6,1,1
AKAP6,ATP9A,1,1
AKAP6,CADM4,1,1
AKAP6,COL9A2,1,1
AKAP6,COLGALT2,1,1
AKAP6,CSGALNACT1,1,1
AKAP6,CT45A10,1,1
AKAP6,CT45A5,1,1
AKAP6,CYB561,1,1
AKAP6,DNAJB6,1,1
AKAP6,EIF4H,1,1
AKAP6,EMILIN1,1,1
AKAP6,GLUD2,1,1
AKAP6,GPC4,1,1
AKAP6,GRIK2,1,1
AKAP6,GUCY1B3,1,1
AKAP6,IGFBP2,1,1
AKAP6,IL13RA2,1,1
AKAP6,ITPRIPL2,1,1
AKAP6,KCNC3,1,1
AKAP6,LAMA2,1,1
AKAP6,LAMA4,1,1
AKAP6,MAFB,1,1
AKAP6,MICALL2,1,1
AKAP6,NPHP1,1,1
AKAP6,P3H4,1,1
AKAP6,PATZ1,1,1
AKAP6,PCDHA10,1,1
AKAP6,PRRX1,1,1
AKAP6,SCARA5,1,1
AKAP6,SEL1L3,1,1
AKAP6,SERPINA3,1,1
AKAP6,SNED1,1,1
AKAP6,TIMP1,1,1
AKAP6,TRPM8,1,1
AKAP6,USP9X,1,1
AKAP6,WNK4,1,1
AKAP6,WWTR1,1,1
AKAP6,ZBTB45P2,1,1
CRAMP1,CXXC1,1,1
CRAMP1,EGLN2,1,1
CRAMP1,PSPH,1,1
CRAMP1,REXO4,1,1
CRAMP1,SECISBP2,1,1
LAMA2,ADAP1,1,1
LAMA2,ADGRB1,1,1
LAMA2,ARHGAP6,1,1
LAMA2,ATP9A,1,1
LAMA2,CADM4,1,1
LAMA2,COL9A2,1,1
LAMA2,COLGALT2,1,1
LAMA2,CT45A10,1,1
LAMA2,CT45A5,1,1
LAMA2,DNAJB6,1,1
LAMA2,EIF4H,1,1
LAMA2,EMILIN1,1,1
LAMA2,GUCY1B3,1,1
LAMA2,IGFBP2,1,1
LAMA2,IL13RA2,1,1
LAMA2,ITPRIPL2,1,1
LAMA2,JUNB,1,1
LAMA2,LAMC3,1,1
LAMA2,MAFB,1,1
LAMA2,MICALL2,1,1
LAMA2,NPHP1,1,1
LAMA2,P3H4,1,1
LAMA2,PATZ1,1,1
LAMA2,PCDHA10,1,1
LAMA2,RANBP17,1,1
LAMA2,RP11-43F13.1,1,1
LAMA2,SCARA5,1,1
LAMA2,SEL1L3,1,1
LAMA2,SERPINA3,1,1
LAMA2,SOD3,1,1
LAMA2,TRPM8,1,1
LAMA2,WBSCR27,1,1
LAMA2,WNK4,1,1
LAMA2,WWTR1,1,1
EMILIN1,ADAP1,1,1
EMILIN1,ADGRB1,1,1
EMILIN1,ALG13,1,1
EMILIN1,ARHGAP6,1,1
EMILIN1,ATP9A,1,1
EMILIN1,CADM4,1,1
EMILIN1,COL9A2,1,1
EMILIN1,COLGALT2,1,1
EMILIN1,CT45A10,1,1
EMILIN1,CT45A5,1,1
EMILIN1,CYB561,1,1
EMILIN1,DNAJB6,1,1
EMILIN1,EIF4H,1,1
EMILIN1,GPR37,1,1
EMILIN1,GUCY1B3,1,1
EMILIN1,IGFBP2,1,1
EMILIN1,IL13RA2,1,1
EMILIN1,ITPRIPL2,1,1
EMILIN1,KCNC3,1,1
EMILIN1,LAMA4,1,1
EMILIN1,MAFB,1,1
EMILIN1,MICALL2,1,1
EMILIN1,NPHP1,1,1
EMILIN1,P3H4,1,1
EMILIN1,PATZ1,1,1
EMILIN1,PCDHA10,1,1
EMILIN1,PRRX1,1,1
EMILIN1,RANBP17,1,1
EMILIN1,SCARA5,1,1
EMILIN1,SEL1L3,1,1
EMILIN1,SERPINA3,1,1
EMILIN1,SOD3,1,1
EMILIN1,TRPM8,1,1
EMILIN1,WNK4,1,1
EMILIN1,ZBTB45P2,1,1
PPIA,ADAMTS9,1,1
PPIA,ASB9,1,1
PPIA,ATAT1,1,1
PPIA,C17ORF58,1,1
PPIA,C8ORF58,1,1
PPIA,CENPL,1,1
PPIA,CHL1,1,1
PPIA,CHST6,1,1
PPIA,CLCC1,1,1
PPIA,COL19A1,1,1
PPIA,COLGALT1,1,1
PPIA,DOCK10,1,1
PPIA,EN2,1,1
PPIA,FGF13,1,1
PPIA,FKBP11,1,1
PPIA,GLCCI1,1,1
PPIA,ITGA9,1,1
PPIA,MAN1B1,1,1
PPIA,MEGF10,1,1
PPIA,MRPS24,1,1
PPIA,NAPG,1,1
PPIA,RCN2,1,1
PPIA,RPTOR,1,1
PPIA,SECISBP2,1,1
PPIA,SMAD4,1,1
PPIA,ZBTB33,1,1
PPIA,ZNF280A,1,1
GUCY1B3,ADAP1,1,1
GUCY1B3,ADGRB1,1,1
GUCY1B3,ARHGAP6,1,1
GUCY1B3,ATP9A,1,1
GUCY1B3,CADM4,1,1
GUCY1B3,CCM2,1,1
GUCY1B3,CT45A10,1,1
GUCY1B3,CYB561,1,1
GUCY1B3,DNAJB6,1,1
GUCY1B3,FUNDC1,1,1
GUCY1B3,GPR37,1,1
GUCY1B3,IGFBP2,1,1
GUCY1B3,IL13RA2,1,1
GUCY1B3,INSR,1,1
GUCY1B3,ITPRIPL2,1,1
GUCY1B3,MAFB,1,1
GUCY1B3,NPHP1,1,1
GUCY1B3,P3H4,1,1
GUCY1B3,PATZ1,1,1
GUCY1B3,PCDHA10,1,1
GUCY1B3,PTCHD4,1,1
GUCY1B3,SCARA5,1,1
GUCY1B3,SEL1L3,1,1
GUCY1B3,SERPINA3,1,1
GUCY1B3,SOD3,1,1
GUCY1B3,USP9X,1,1
GUCY1B3,WNK4,1,1
GUCY1B3,ZBTB45P2,1,1
ZNF593,ADAMTS9,1,1
ZNF593,ASB9,1,1
ZNF593,CENPL,1,1
ZNF593,COLGALT1,1,1
ZNF593,DDX56,1,1
ZNF593,EN2,1,1
ZNF593,MEGF10,1,1
ZNF593,NOA1,1,1
ZNF593,TPM3P9,1,1
PSMD10,F12,1,1
PSMD10,MAPK11,1,1
PSMD10,MFSD14A,1,1
PSMD10,MORF4L2,1,1
PSMD10,PHKA1,1,1
MEGF10,ADAMTS9,1,1
MEGF10,ASB9,1,1
MEGF10,B3GNT2,1,1
MEGF10,CENPL,1,1
MEGF10,CHL1,1,1
MEGF10,CLCC1,1,1
MEGF10,CNKSR3,1,1
MEGF10,COL19A1,1,1
MEGF10,COLGALT1,1,1
MEGF10,DOCK10,1,1
MEGF10,EN2,1,1
MEGF10,FGF13,1,1
MEGF10,KDM1B,1,1
MEGF10,NOA1,1,1
MEGF10,RCN2,1,1
MEGF10,RPTOR,1,1
MEGF10,SECISBP2,1,1
MEGF10,SLC4A7,1,1
MEGF10,SMAD4,1,1
MEGF10,TVP23B,1,1
MEGF10,UXS1,1,1
PHF14,CNBP,1,1
PHF14,DDX56,1,1
PHF14,EIF5A,1,1
COL9A2,ADGRB1,1,1
COL9A2,ALG13,1,1
COL9A2,ARHGAP6,1,1
COL9A2,ATP9A,1,1
COL9A2,COLGALT2,1,1
COL9A2,CSGALNACT1,1,1
COL9A2,CT45A10,1,1
COL9A2,CT45A5,1,1
COL9A2,DNAJB6,1,1
COL9A2,EIF4H,1,1
COL9A2,EPHA3,1,1
COL9A2,GLUD2,1,1
COL9A2,GPC4,1,1
COL9A2,IGFBP2,1,1
COL9A2,IL13RA2,1,1
COL9A2,ITPRIPL2,1,1
COL9A2,KCNC3,1,1
COL9A2,LAMA4,1,1
COL9A2,MAFB,1,1
COL9A2,MICALL2,1,1
COL9A2,NPAS1,1,1
COL9A2,OFD1,1,1
COL9A2,P3H4,1,1
COL9A2,PATZ1,1,1
COL9A2,PCDHA10,1,1
COL9A2,POLRMT,1,1
COL9A2,PRDX6,1,1
COL9A2,PRRX1,1,1
COL9A2,SCARA5,1,1
COL9A2,SEL1L3,1,1
COL9A2,SLC43A2,1,1
COL9A2,SNED1,1,1
COL9A2,TBC1D10B,1,1
COL9A2,TIMP1,1,1
COL9A2,TRPM8,1,1
COL9A2,WNK4,1,1
COL9A2,WWTR1,1,1
COL9A2,ZBTB45P2,1,1
ACTN2,ADAMTS9,1,1
ACTN2,ARHGAP25,1,1
ACTN2,CEP170B,1,1
ACTN2,COL19A1,1,1
ACTN2,COLGALT1,1,1
ACTN2,COPB2,1,1
ACTN2,CSGALNACT1,1,1
ACTN2,EPHA3,1,1
ACTN2,FAM198B,1,1
ACTN2,FGF13,1,1
ACTN2,GLCCI1,1,1
ACTN2,GPC4,1,1
ACTN2,ID4,1,1
ACTN2,IL1RAP,1,1
ACTN2,LAMA4,1,1
ACTN2,MRPL32,1,1
ACTN2,NPAS1,1,1
ACTN2,PRDX6,1,1
ACTN2,SLC19A3,1,1
ACTN2,STON2,1,1
ACTN2,TIMP1,1,1
ACTN2,TVP23B,1,1
ACTN2,WWTR1,1,1
ACTN2,XPR1,1,1
ACTN2,ZBTB33,1,1
PTPN12,BATF3,1,1
PTPN12,DUSP23,1,1
PTPN12,PACRGL,1,1
PTPN12,SRPX2,1,1
PTPN12,ZNF107,1,1
HOXC8,EBF3,1,1
HOXC8,YWHAG,1,1
RAP2C,EDEM1,1,1
PABPC1,NAAA,1,1
PABPC1,PTCHD4,1,1
CYB561,ADGRB1,1,1
CYB561,ARHGAP6,1,1
CYB561,ATP9A,1,1
CYB561,ATXN1,1,1
CYB561,CADM4,1,1
CYB561,CALCOCO2,1,1
CYB561,CT45A10,1,1
CYB561,CT45A5,1,1
CYB561,DNAJB6,1,1
CYB561,IL13RA2,1,1
CYB561,ITPRIPL2,1,1
CYB561,KCNC3,1,1
CYB561,MICALL2,1,1
CYB561,NPHP1,1,1
CYB561,NPTX2,1,1
CYB561,PATZ1,1,1
CYB561,PCDHA10,1,1
CYB561,PRRX1,1,1
CYB561,PTCHD4,1,1
CYB561,SCARA5,1,1
CYB561,ZBTB45P2,1,1
CYB561,ZNF860,1,1
COPG1,C8ORF48,1,1
COPG1,C8ORF58,1,1
COPG1,ETFB,1,1
COPG1,FKBP11,1,1
COPG1,FKBP9,1,1
COPG1,GRIK2,1,1
COPG1,IFT122,1,1
COPG1,ITGA9,1,1
COPG1,KIFAP3,1,1
COPG1,MAN1B1,1,1
COPG1,PHLDA1,1,1
COPG1,RELL2,1,1
COPG1,TBC1D8,1,1
COPG1,TCTN1,1,1
COPG1,TRPM3,1,1
LRP4,BCL7A,1,1
LRP4,DNAJC15,1,1
LRP4,FKBP9,1,1
LRP4,LRRK2,1,1
LRP4,SMU1,1,1
LRP4,TCTN1,1,1
LRP4,TNFRSF19,1,1
ADGRB1,ALG13,1,1
ADGRB1,ANGPTL1,1,1
ADGRB1,ARHGAP6,1,1
ADGRB1,ATP9A,1,1
ADGRB1,CADM4,1,1
ADGRB1,COLGALT2,1,1
ADGRB1,CSGALNACT1,1,1
ADGRB1,CT45A10,1,1
ADGRB1,CT45A5,1,1
ADGRB1,DNAJB6,1,1
ADGRB1,EIF4H,1,1
ADGRB1,EPHA3,1,1
ADGRB1,GLUD2,1,1
ADGRB1,IGFBP2,1,1
ADGRB1,IL13RA2,1,1
ADGRB1,ITPRIPL2,1,1
ADGRB1,KCNC3,1,1
ADGRB1,LAMA4,1,1
ADGRB1,MAFB,1,1
ADGRB1,MICALL2,1,1
ADGRB1,NPAS1,1,1
ADGRB1,NPHP1,1,1
ADGRB1,P3H4,1,1
ADGRB1,PATZ1,1,1
ADGRB1,PCDHA10,1,1
ADGRB1,PRRX1,1,1
ADGRB1,SCARA5,1,1
ADGRB1,SEL1L3,1,1
ADGRB1,SLC43A2,1,1
ADGRB1,SNED1,1,1
ADGRB1,TIMP1,1,1
ADGRB1,WNK4,1,1
ADGRB1,WWTR1,1,1
ADGRB1,XPR1,1,1
ADGRB1,ZBTB45P2,1,1
ADGRB1,ZNF860,1,1
CEBPD,SLC40A1,1,1
FBXO9,LRRK2,1,1
FBXO9,PCDH7,1,1
FBXO9,S1PR2,1,1
SLC4A7,ASB9,1,1
SLC4A7,CENPL,1,1
SLC4A7,CNKSR3,1,1
SLC4A7,KDM1B,1,1
SLC4A7,NOA1,1,1
SLC4A7,UXS1,1,1
GLCCI1,ARHGAP25,1,1
GLCCI1,BCL7A,1,1
GLCCI1,C8ORF58,1,1
GLCCI1,CLCC1,1,1
GLCCI1,FKBP11,1,1
GLCCI1,ID4,1,1
GLCCI1,MAML2,1,1
GLCCI1,SLC19A3,1,1
GLCCI1,STIM2,1,1
GLCCI1,ZBTB33,1,1
MORF4L2,MAPK11,1,1
MORF4L2,MFSD14A,1,1
MORF4L2,NMD3,1,1
MORF4L2,PHKA1,1,1
NPHP1,ADGRL1,1,1
NPHP1,ALG13,1,1
NPHP1,ARHGAP6,1,1
NPHP1,ATP9A,1,1
NPHP1,CADM4,1,1
NPHP1,CALCOCO2,1,1
NPHP1,CCM2,1,1
NPHP1,CT45A10,1,1
NPHP1,CT45A5,1,1
NPHP1,DNAJB6,1,1
NPHP1,FUNDC1,1,1
NPHP1,GLUD2,1,1
NPHP1,GPR37,1,1
NPHP1,GRIK2,1,1
NPHP1,IGFBP2,1,1
NPHP1,IL13RA2,1,1
NPHP1,INSR,1,1
NPHP1,ITPRIPL2,1,1
NPHP1,KIFAP3,1,1
NPHP1,LAMA4,1,1
NPHP1,MAFB,1,1
NPHP1,MICALL2,1,1
NPHP1,PATZ1,1,1
NPHP1,PCDHA10,1,1
NPHP1,PTCHD4,1,1
NPHP1,SCARA5,1,1
NPHP1,SEL1L3,1,1
NPHP1,SERPINA3,1,1
NPHP1,USP9X,1,1
NPHP1,WNK4,1,1
NPHP1,ZBTB45P2,1,1
MAML2,BCL7A,1,1
MAML2,CLCC1,1,1
MAML2,CSGALNACT1,1,1
MAML2,GNS,1,1
MAML2,KCNC4,1,1
MAML2,SLC19A3,1,1
MAML2,STIM2,1,1
MAML2,ZBTB33,1,1
EGLN2,PSPH,1,1
EGLN2,PTCD2,1,1
OSTC,ERCC6,1,1
FRMD6,CNBP,1,1
FRMD6,COTL1,1,1
FRMD6,EIF5A,1,1
FRMD6,NMD3,1,1
FRMD6,PDHX,1,1
FRMD6,PTK7,1,1
NUDT4,AL354822.1,1,1
NUDT4,CHST6,1,1
NUDT4,NAPG,1,1
PHLDA1,C8ORF48,1,1
PHLDA1,REEP6,1,1
PHLDA1,RELL2,1,1
PHLDA1,TBC1D8,1,1
GLUD2,ALG13,1,1
GLUD2,ANGPTL1,1,1
GLUD2,ARHGAP25,1,1
GLUD2,ARHGAP6,1,1
GLUD2,ATP9A,1,1
GLUD2,COLGALT2,1,1
GLUD2,CSGALNACT1,1,1
GLUD2,CT45A10,1,1
GLUD2,CT45A5,1,1
GLUD2,EPHA3,1,1
GLUD2,FAM198B,1,1
GLUD2,GNS,1,1
GLUD2,GPC4,1,1
GLUD2,GPR37,1,1
GLUD2,GRIK2,1,1
GLUD2,ID4,1,1
GLUD2,IL13RA2,1,1
GLUD2,IL1RAP,1,1
GLUD2,ITPRIPL2,1,1
GLUD2,KCNC3,1,1
GLUD2,KIFAP3,1,1
GLUD2,LAMA4,1,1
GLUD2,MAFB,1,1
GLUD2,NPAS1,1,1
GLUD2,PATZ1,1,1
GLUD2,PCDH7,1,1
GLUD2,PCDHA10,1,1
GLUD2,PRDX6,1,1
GLUD2,PRRX1,1,1
GLUD2,RNF157,1,1
GLUD2,SCARA5,1,1
GLUD2,SLC19A3,1,1
GLUD2,SNED1,1,1
GLUD2,TIMP1,1,1
GLUD2,TNFRSF19,1,1
GLUD2,WWTR1,1,1
GLUD2,XPR1,1,1
GLUD2,ZBTB45P2,1,1
RPL12,RPL23,1,1
COLGALT2,ALG13,1,1
COLGALT2,ANGPTL1,1,1
COLGALT2,ARCN1,1,1
COLGALT2,ARHGAP6,1,1
COLGALT2,ATP9A,1,1
COLGALT2,CSGALNACT1,1,1
COLGALT2,CT45A10,1,1
COLGALT2,CT45A5,1,1
COLGALT2,EBF3,1,1
COLGALT2,EIF1AX,1,1
COLGALT2,EIF4H,1,1
COLGALT2,EPHA3,1,1
COLGALT2,IGFBP2,1,1
COLGALT2,IL13RA2,1,1
COLGALT2,ITPRIPL2,1,1
COLGALT2,KCNC3,1,1
COLGALT2,KIAA1328,1,1
COLGALT2,L3HYPDH,1,1
COLGALT2,LAMA4,1,1
COLGALT2,MAFB,1,1
COLGALT2,MICALL2,1,1
COLGALT2,NPAS1,1,1
COLGALT2,PATZ1,1,1
COLGALT2,PCDHA10,1,1
COLGALT2,POLRMT,1,1
COLGALT2,PRRX1,1,1
COLGALT2,RPS6KA3,1,1
COLGALT2,SCARA5,1,1
COLGALT2,SLC43A2,1,1
COLGALT2,SNED1,1,1
COLGALT2,TBC1D10B,1,1
COLGALT2,TIMP1,1,1
COLGALT2,TMEM2,1,1
COLGALT2,WWTR1,1,1
COLGALT2,ZBTB45P2,1,1
BCL7A,C1ORF27,1,1
BCL7A,FKBP9,1,1
BCL7A,GNS,1,1
BCL7A,ID4,1,1
BCL7A,LRRK2,1,1
BCL7A,TCTN1,1,1
BCL7A,TNFRSF19,1,1
BCL7A,ZBTB33,1,1
TVP23B,ADAMTS9,1,1
TVP23B,ARHGAP25,1,1
TVP23B,CENPL,1,1
TVP23B,CNKSR3,1,1
TVP23B,COL19A1,1,1
TVP23B,COLGALT1,1,1
TVP23B,COPB2,1,1
TVP23B,CSGALNACT1,1,1
TVP23B,FAM198B,1,1
TVP23B,FGF13,1,1
TVP23B,FKBP11,1,1
TVP23B,GPC4,1,1
TVP23B,IL1RAP,1,1
TVP23B,KDSR,1,1
TVP23B,NOA1,1,1
TVP23B,NPAS1,1,1
TVP23B,PRDX6,1,1
TVP23B,RCN2,1,1
TVP23B,SCG2,1,1
TVP23B,SLC19A3,1,1
TVP23B,STON2,1,1
TVP23B,TIMP1,1,1
TVP23B,WWTR1,1,1
TVP23B,XPR1,1,1
ID4,ALG13,1,1
ID4,ARHGAP25,1,1
ID4,COLGALT1,1,1
ID4,CSGALNACT1,1,1
ID4,EPHA3,1,1
ID4,FAM198B,1,1
ID4,FGF13,1,1
ID4,FKBP11,1,1
ID4,FKBP9,1,1
ID4,GPC4,1,1
ID4,GRIK2,1,1
ID4,IL1RAP,1,1
ID4,ITPRIPL2,1,1
ID4,KIFAP3,1,1
ID4,LAMA4,1,1
ID4,LAMC3,1,1
ID4,MAFB,1,1
ID4,MAP7D3,1,1
ID4,NPAS1,1,1
ID4,PRDX6,1,1
ID4,RAB23,1,1
ID4,SLC19A3,1,1
ID4,TIMP1,1,1
ID4,WNK4,1,1
ID4,WWTR1,1,1
ID4,XPR1,1,1
ID4,ZBTB33,1,1
COTL1,CNBP,1,1
COTL1,EIF1AX,1,1
COTL1,EIF5A,1,1
COTL1,LIMS1,1,1
COTL1,NMD3,1,1
COTL1,POLRMT,1,1
COTL1,PTK7,1,1
COTL1,ZFX,1,1
ARHGAP6,ALG13,1,1
ARHGAP6,ANGPTL1,1,1
ARHGAP6,ARCN1,1,1
ARHGAP6,ATP9A,1,1
ARHGAP6,CADM4,1,1
ARHGAP6,CSGALNACT1,1,1
ARHGAP6,CT45A10,1,1
ARHGAP6,CT45A5,1,1
ARHGAP6,DNAJB6,1,1
ARHGAP6,EIF4H,1,1
ARHGAP6,EPHA3,1,1
ARHGAP6,IGFBP2,1,1
ARHGAP6,IL13RA2,1,1
ARHGAP6,ITPRIPL2,1,1
ARHGAP6,KCNC3,1,1
ARHGAP6,LAMA4,1,1
ARHGAP6,MAFB,1,1
ARHGAP6,MICALL2,1,1
ARHGAP6,NPAS1,1,1
ARHGAP6,PATZ1,1,1
ARHGAP6,PCDHA10,1,1
ARHGAP6,PRRX1,1,1
ARHGAP6,SCARA5,1,1
ARHGAP6,SEL1L3,1,1
ARHGAP6,SLC43A2,1,1
ARHGAP6,SNED1,1,1
ARHGAP6,TIMP1,1,1
ARHGAP6,WNK4,1,1
ARHGAP6,WWTR1,1,1
ARHGAP6,XPR1,1,1
ARHGAP6,ZBTB45P2,1,1
PRDX6,ALG13,1,1
PRDX6,ARHGAP25,1,1
PRDX6,CENPL,1,1
PRDX6,COLGALT1,1,1
PRDX6,COPB2,1,1
PRDX6,CSGALNACT1,1,1
PRDX6,CT45A10,1,1
PRDX6,EPHA3,1,1
PRDX6,FAM198B,1,1
PRDX6,FGF13,1,1
PRDX6,FKBP11,1,1
PRDX6,GPC4,1,1
PRDX6,IL1RAP,1,1
PRDX6,ITPRIPL2,1,1
PRDX6,KCNC3,1,1
PRDX6,LAMA4,1,1
PRDX6,LAMC3,1,1
PRDX6,MAFB,1,1
PRDX6,NPAS1,1,1
PRDX6,OFD1,1,1
PRDX6,RAB23,1,1
PRDX6,RCN2,1,1
PRDX6,SLC19A3,1,1
PRDX6,SPARC,1,1
PRDX6,STON2,1,1
PRDX6,TBC1D10B,1,1
PRDX6,TIMP1,1,1
PRDX6,TRPM8,1,1
PRDX6,WNK4,1,1
PRDX6,WWTR1,1,1
PRDX6,XPR1,1,1
MRPS24,COLGALT1,1,1
MRPS24,TGIF2-C20ORF24,1,1
PTCHD4,CADM4,1,1
PTCHD4,CALCOCO2,1,1
PTCHD4,GPR37,1,1
PTCHD4,INSR,1,1
PTCHD4,NAAA,1,1
PTCHD4,USP9X,1,1
STAG3L3,C8ORF48,1,1
STAG3L3,RELL2,1,1
SMU1,LRRK2,1,1
HOXA5,MOGS,1,1
PCDHA10,ALG13,1,1
PCDHA10,ANGPTL1,1,1
PCDHA10,ARCN1,1,1
PCDHA10,ATP9A,1,1
PCDHA10,CADM4,1,1
PCDHA10,CSGALNACT1,1,1
PCDHA10,CT45A10,1,1
PCDHA10,CT45A5,1,1
PCDHA10,DNAJB6,1,1
PCDHA10,EIF4H,1,1
PCDHA10,EPHA3,1,1
PCDHA10,IGFBP2,1,1
PCDHA10,IL13RA2,1,1
PCDHA10,ITPRIPL2,1,1
PCDHA10,KCNC3,1,1
PCDHA10,LAMA4,1,1
PCDHA10,MAFB,1,1
PCDHA10,MICALL2,1,1
PCDHA10,NPAS1,1,1
PCDHA10,P3H4,1,1
PCDHA10,PATZ1,1,1
PCDHA10,PRRX1,1,1
PCDHA10,SCARA5,1,1
PCDHA10,SEL1L3,1,1
PCDHA10,SLC43A2,1,1
PCDHA10,SNED1,1,1
PCDHA10,TIMP1,1,1
PCDHA10,TRPM8,1,1
PCDHA10,WNK4,1,1
PCDHA10,WWTR1,1,1
PCDHA10,XPR1,1,1
PCDHA10,ZBTB45P2,1,1
ICK,ATXN1,1,1
ICK,GSDMD,1,1
ICK,ZBTB45P2,1,1
ICK,ZNF860,1,1
NAPG,ADAMTS9,1,1
NAPG,ARGLU1,1,1
NAPG,C17ORF58,1,1
NAPG,C8ORF58,1,1
NAPG,CHL1,1,1
NAPG,CHST6,1,1
NAPG,COLGALT1,1,1
NAPG,CXXC1,1,1
NAPG,DOCK10,1,1
NAPG,EDEM2,1,1
NAPG,FKBP11,1,1
NAPG,ITGA9,1,1
NAPG,RCN2,1,1
NAPG,RPTOR,1,1
NAPG,SMAD4,1,1
NAPG,ZNF280A,1,1
TAB1,L3HYPDH,1,1
SLC19A3,ALG13,1,1
SLC19A3,ARHGAP25,1,1
SLC19A3,COLGALT1,1,1
SLC19A3,COPB2,1,1
SLC19A3,CSGALNACT1,1,1
SLC19A3,EPHA3,1,1
SLC19A3,FAM198B,1,1
SLC19A3,FGF13,1,1
SLC19A3,FKBP11,1,1
SLC19A3,GPC4,1,1
SLC19A3,GRIK2,1,1
SLC19A3,IL1RAP,1,1
SLC19A3,LAMA4,1,1
SLC19A3,LAMC3,1,1
SLC19A3,NPAS1,1,1
SLC19A3,SCG2,1,1
SLC19A3,STON2,1,1
SLC19A3,TIMP1,1,1
SLC19A3,TRPM3,1,1
SLC19A3,WWTR1,1,1
SLC19A3,XPR1,1,1
ARHGAP25,ALG13,1,1
ARHGAP25,CENPL,1,1
ARHGAP25,CEP170B,1,1
ARHGAP25,COL19A1,1,1
ARHGAP25,COLGALT1,1,1
ARHGAP25,COPB2,1,1
ARHGAP25,CSGALNACT1,1,1
ARHGAP25,EPHA3,1,1
ARHGAP25,FAM198B,1,1
ARHGAP25,FGF13,1,1
ARHGAP25,FKBP11,1,1
ARHGAP25,GPC4,1,1
ARHGAP25,IL1RAP,1,1
ARHGAP25,LAMA4,1,1
ARHGAP25,NPAS1,1,1
ARHGAP25,RCN2,1,1
ARHGAP25,SCG2,1,1
ARHGAP25,STON2,1,1
ARHGAP25,TBC1D10B,1,1
ARHGAP25,TIMP1,1,1
ARHGAP25,WWTR1,1,1
ARHGAP25,XPR1,1,1
PDHX,MAPK11,1,1
PDHX,PHKA1,1,1
RP11-43F13.1,ADGRL1,1,1
RP11-43F13.1,JUNB,1,1
RP11-43F13.1,SEL1L3,1,1
RP11-43F13.1,SERPINA3,1,1
RP11-43F13.1,SOD3,1,1
RP11-43F13.1,SPAG4,1,1
RP11-43F13.1,WBSCR27,1,1
PTK7,EIF1AX,1,1
PTK7,EIF4H,1,1
PTK7,ETNK2,1,1
PTK7,NMD3,1,1
PTK7,OFD1,1,1
PTK7,POLRMT,1,1
PTK7,TBC1D10B,1,1
PTK7,ZNF107,1,1
SNED1,ALG13,1,1
SNED1,ANGPTL1,1,1
SNED1,ATP9A,1,1
SNED1,ATXN1,1,1
SNED1,CSGALNACT1,1,1
SNED1,CT45A10,1,1
SNED1,CT45A5,1,1
SNED1,IL13RA2,1,1
SNED1,ITPRIPL2,1,1
SNED1,KCNC3,1,1
SNED1,KIAA1328,1,1
SNED1,LAMA4,1,1
SNED1,MICALL2,1,1
SNED1,PRRX1,1,1
SNED1,SCARA5,1,1
SNED1,SLC43A2,1,1
SNED1,TIMP1,1,1
SNED1,TMEM2,1,1
SNED1,ZBTB45P2,1,1
SNED1,ZNF860,1,1
TPM3P9,CENPL,1,1
TPM3P9,CEP170B,1,1
TPM3P9,DDX56,1,1
TPM3P9,FGF13,1,1
TPM3P9,GULP1,1,1
TPM3P9,MRPL32,1,1
TPM3P9,NOA1,1,1
TPM3P9,STON2,1,1
TPM3P9,TGIF2-C20ORF24,1,1
CLCC1,ADAMTS9,1,1
CLCC1,COL19A1,1,1
CLCC1,COLGALT1,1,1
CLCC1,DOCK10,1,1
CLCC1,FGF13,1,1
CLCC1,STON2,1,1
CLCC1,ZBTB33,1,1
HEBP2,MRPL32,1,1
FKBP11,C8ORF58,1,1
FKBP11,CHST6,1,1
FKBP11,COLGALT1,1,1
FKBP11,ETFB,1,1
FKBP11,FAM198B,1,1
FKBP11,FGF13,1,1
FKBP11,FKBP9,1,1
FKBP11,GPC4,1,1
FKBP11,GRIK2,1,1
FKBP11,ITGA9,1,1
FKBP11,LAMC3,1,1
FKBP11,MAN1B1,1,1
FKBP11,PPP1R13B,1,1
FKBP11,PWWP2A,1,1
FKBP11,RAB23,1,1
FKBP11,RCN2,1,1
FKBP11,SMAD4,1,1
FKBP11,TBC1D8,1,1
FKBP11,TRPM3,1,1
GLUD1,CCM2,1,1
GLUD1,GNS,1,1
GLUD1,GPR37,1,1
GLUD1,GRIK2,1,1
GLUD1,IFT122,1,1
GLUD1,KIFAP3,1,1
GLUD1,LGMN,1,1
GLUD1,PCDH7,1,1
GLUD1,TCTN1,1,1
GLUD1,TNFRSF19,1,1
WNK4,ADAP1,1,1
WNK4,ALG13,1,1
WNK4,ATP9A,1,1
WNK4,CADM4,1,1
WNK4,CT45A10,1,1
WNK4,CT45A5,1,1
WNK4,EPHA3,1,1
WNK4,GPC4,1,1
WNK4,IGFBP2,1,1
WNK4,IL13RA2,1,1
WNK4,ITPRIPL2,1,1
WNK4,KCNC3,1,1
WNK4,KIFAP3,1,1
WNK4,LAMA4,1,1
WNK4,LAMC3,1,1
WNK4,MAFB,1,1
WNK4,MICALL2,1,1
WNK4,NPAS1,1,1
WNK4,P3H4,1,1
WNK4,PATZ1,1,1
WNK4,SCARA5,1,1
WNK4,SERPINA3,1,1
WNK4,SOD3,1,1
WNK4,TRPM8,1,1
WNK4,WWTR1,1,1
SPARC,CHST6,1,1
SPARC,COPB2,1,1
SPARC,EIF3I,1,1
SPARC,FAM198B,1,1
SPARC,GPC4,1,1
SPARC,KDSR,1,1
SPARC,LAMC3,1,1
SPARC,NPAS1,1,1
SPARC,OFD1,1,1
SPARC,PPP1R13B,1,1
SPARC,RAB23,1,1
SPARC,TBC1D10B,1,1
SPARC,TRPM3,1,1
SPARC,TRPM8,1,1
SPARC,WWTR1,1,1
GNS,ALG13,1,1
GNS,CSGALNACT1,1,1
GNS,GRIK2,1,1
GNS,LAMA4,1,1
GNS,PCDH7,1,1
GNS,RNF157,1,1
GNS,TNFRSF19,1,1
GNS,XPR1,1,1
CHL1,ADAMTS9,1,1
CHL1,ASB9,1,1
CHL1,C17ORF58,1,1
CHL1,COLGALT1,1,1
CHL1,DOCK10,1,1
CHL1,EDEM2,1,1
CHL1,RPTOR,1,1
CHL1,SMAD4,1,1
CHL1,ZNF280A,1,1
DOCK10,ADAMTS9,1,1
DOCK10,ASB9,1,1
DOCK10,ATAT1,1,1
DOCK10,C17ORF58,1,1
DOCK10,COL19A1,1,1
DOCK10,COLGALT1,1,1
DOCK10,EDEM2,1,1
DOCK10,EN2,1,1
DOCK10,RPTOR,1,1
DOCK10,SECISBP2,1,1
DOCK10,SMAD4,1,1
DOCK10,UXS1,1,1
DOCK10,ZNF280A,1,1
NMD3,ATP13A3,1,1
NMD3,CNBP,1,1
NMD3,EIF1AX,1,1
NMD3,EIF5A,1,1
NMD3,OFD1,1,1
NMD3,TBC1D10B,1,1
MFSD14A,MAPK11,1,1
TDRD9,ATP9A,1,1
TBC1D19,ATXN1,1,1
TBC1D19,ZNF860,1,1
ZNF275,EDEM1,1,1
ZNF275,EIF1AX,1,1
ZNF275,SEC61A1,1,1
SLC43A2,ABCF2,1,1
SLC43A2,ANGPTL1,1,1
SLC43A2,BATF3,1,1
SLC43A2,CHPF2,1,1
SLC43A2,CT45A5,1,1
SLC43A2,EBF3,1,1
SLC43A2,EIF1AX,1,1
SLC43A2,EIF4H,1,1
SLC43A2,IL13RA2,1,1
SLC43A2,KCNC3,1,1
SLC43A2,KIAA1328,1,1
SLC43A2,L3HYPDH,1,1
SLC43A2,LIMS1,1,1
SLC43A2,MICALL2,1,1
SLC43A2,OCIAD1,1,1
SLC43A2,PRRX1,1,1
SLC43A2,RPS6KA3,1,1
SLC43A2,SCARA5,1,1
SLC43A2,TMEM2,1,1
SLC43A2,YWHAG,1,1
SLC43A2,ZBTB45P2,1,1
ATP9A,ALG13,1,1
ATP9A,ANGPTL1,1,1
ATP9A,ARCN1,1,1
ATP9A,CADM4,1,1
ATP9A,CALCOCO2,1,1
ATP9A,CSGALNACT1,1,1
ATP9A,CT45A10,1,1
ATP9A,CT45A5,1,1
ATP9A,DNAJB6,1,1
ATP9A,EPHA3,1,1
ATP9A,GPR37,1,1
ATP9A,IGFBP2,1,1
ATP9A,IL13RA2,1,1
ATP9A,ITPRIPL2,1,1
ATP9A,KCNC3,1,1
ATP9A,KIFAP3,1,1
ATP9A,LAMA4,1,1
ATP9A,MAFB,1,1
ATP9A,MICALL2,1,1
ATP9A,PATZ1,1,1
ATP9A,PRRX1,1,1
ATP9A,SCARA5,1,1
ATP9A,SEL1L3,1,1
ATP9A,TIMP1,1,1
ATP9A,USP9X,1,1
ATP9A,WWTR1,1,1
ATP9A,XPR1,1,1
ATP9A,ZBTB45P2,1,1
BIN3,CXXC1,1,1
BIN3,EDEM2,1,1
BIN3,ITGA9,1,1
BIN3,ZNF280A,1,1
ZNF280A,ADAMTS9,1,1
ZNF280A,C17ORF58,1,1
ZNF280A,CHST6,1,1
ZNF280A,COLGALT1,1,1
ZNF280A,ITGA9,1,1
ZNF280A,PWWP2A,1,1
ZNF280A,SMAD4,1,1
ZNF280A,TBC1D8,1,1
HNRNPH3,EDEM2,1,1
HNRNPH3,RPTOR,1,1
AL354822.1,CALM1,1,1
AL354822.1,CHST6,1,1
AL354822.1,KDSR,1,1
AL354822.1,LINC00116,1,1
EIF3I,CHST6,1,1
EIF3I,COLGALT1,1,1
EIF3I,COPB2,1,1
EIF3I,FGF13,1,1
EIF3I,KDSR,1,1
EIF3I,OFD1,1,1
EIF3I,RCN2,1,1
EIF3I,TBC1D10B,1,1
BATF3,ALG11,1,1
BATF3,DUSP23,1,1
BATF3,EIF4H,1,1
BATF3,F12,1,1
BATF3,P3H4,1,1
BATF3,POLRMT,1,1
BATF3,RANBP17,1,1
BATF3,RPS6KA3,1,1
BATF3,SLC25A16,1,1
BATF3,SRPX2,1,1
EIF1AX,ABCF2,1,1
EIF1AX,ANGPTL1,1,1
EIF1AX,EIF4H,1,1
EIF1AX,KIAA1328,1,1
EIF1AX,L3HYPDH,1,1
EIF1AX,LIMS1,1,1
EIF1AX,OFD1,1,1
EIF1AX,POLRMT,1,1
EIF1AX,SEC61A1,1,1
EIF1AX,TMEM2,1,1
EIF1AX,YWHAG,1,1
ADAP1,CADM4,1,1
ADAP1,COASY,1,1
ADAP1,CT45A10,1,1
ADAP1,DNAJB6,1,1
ADAP1,P3H4,1,1
ADAP1,PATZ1,1,1
ADAP1,RANBP17,1,1
ADAP1,SERPINA3,1,1
ADAP1,SOD3,1,1
FKBP9,C8ORF58,1,1
FKBP9,ETFB,1,1
FKBP9,GRIK2,1,1
FKBP9,IFT122,1,1
FKBP9,KIFAP3,1,1
FKBP9,MAP7D3,1,1
FKBP9,NFYA,1,1
FKBP9,TCTN1,1,1
FKBP9,TNFRSF19,1,1
PNPLA4,JUNB,1,1
PNPLA4,SERPINA3,1,1
PNPLA4,SOD3,1,1
PNPLA4,WBSCR27,1,1
NAAA,INSR,1,1
CADM4,ADGRL1,1,1
CADM4,CALCOCO2,1,1
CADM4,CCM2,1,1
CADM4,CT45A10,1,1
CADM4,CT45A5,1,1
CADM4,DNAJB6,1,1
CADM4,FUNDC1,1,1
CADM4,GPR37,1,1
CADM4,IGFBP2,1,1
CADM4,IL13RA2,1,1
CADM4,INSR,1,1
CADM4,ITPRIPL2,1,1
CADM4,MAFB,1,1
CADM4,MICALL2,1,1
CADM4,PATZ1,1,1
CADM4,SCARA5,1,1
CADM4,SEL1L3,1,1
CADM4,SERPINA3,1,1
CADM4,USP9X,1,1
CADM4,ZBTB45P2,1,1
CXXC1,C8ORF58,1,1
CXXC1,EDEM2,1,1
CXXC1,ITGA9,1,1
CXXC1,MAN1B1,1,1
CXXC1,REXO4,1,1
C8ORF48,ETFB,1,1
C8ORF48,PPP1R13B,1,1
C8ORF48,REEP6,1,1
C8ORF48,RELL2,1,1
C8ORF48,SLC40A1,1,1
C8ORF48,TBC1D8,1,1
C8ORF48,TRPM3,1,1
EDEM1,CEP170B,1,1
EDEM1,IFNAR1,1,1
EDEM1,IL1RAP,1,1
EDEM1,KCNC4,1,1
EDEM1,SEC61A1,1,1
LIMS1,ABCF2,1,1
LIMS1,CHPF2,1,1
LIMS1,KIAA1328,1,1
LIMS1,L3HYPDH,1,1
LIMS1,OCIAD1,1,1
LIMS1,RPS6KA3,1,1
LIMS1,TMEM2,1,1
LIMS1,YWHAG,1,1
LIMS1,ZFX,1,1
DNAJB6,CT45A10,1,1
DNAJB6,IGFBP2,1,1
DNAJB6,JUNB,1,1
DNAJB6,MAFB,1,1
DNAJB6,MICALL2,1,1
DNAJB6,P3H4,1,1
DNAJB6,PATZ1,1,1
DNAJB6,RANBP17,1,1
DNAJB6,SCARA5,1,1
DNAJB6,SEL1L3,1,1
DNAJB6,ZBTB45P2,1,1
NFATC2IP,JUNB,1,1
VPS26A,DTX2,1,1
SOD3,COASY,1,1
SOD3,IGFBP2,1,1
SOD3,JUNB,1,1
SOD3,LAMC3,1,1
SOD3,MAFB,1,1
SOD3,P3H4,1,1
SOD3,PATZ1,1,1
SOD3,SEL1L3,1,1
SOD3,SERPINA3,1,1
SOD3,SLC40A1,1,1
SOD3,TRPM8,1,1
SOD3,WBSCR27,1,1
RC3H1,ALG13,1,1
RC3H1,ANGPTL1,1,1
RC3H1,CEP170B,1,1
RC3H1,CSGALNACT1,1,1
RC3H1,EPHA3,1,1
RC3H1,IL1RAP,1,1
RC3H1,KCNC3,1,1
RC3H1,KCNC4,1,1
RC3H1,LAMA4,1,1
RC3H1,XPR1,1,1
KDM1B,ASB9,1,1
KDM1B,CNKSR3,1,1
KDM1B,EN2,1,1
KDM1B,NOA1,1,1
KDM1B,UXS1,1,1
GPR37,BECN1,1,1
GPR37,CALCOCO2,1,1
GPR37,CCM2,1,1
GPR37,FUNDC1,1,1
GPR37,GRIK2,1,1
GPR37,IFT122,1,1
GPR37,INSR,1,1
GPR37,ITPRIPL2,1,1
GPR37,KIFAP3,1,1
GPR37,LGMN,1,1
GPR37,MAFB,1,1
GPR37,MAP7D3,1,1
GPR37,PIGS,1,1
GPR37,USP9X,1,1
FGF13,ADAMTS9,1,1
FGF13,ASB9,1,1
FGF13,CENPL,1,1
FGF13,CHST6,1,1
FGF13,COL19A1,1,1
FGF13,COLGALT1,1,1
FGF13,COPB2,1,1
FGF13,EPHA3,1,1
FGF13,FAM198B,1,1
FGF13,GPC4,1,1
FGF13,GULP1,1,1
FGF13,IL1RAP,1,1
FGF13,KDSR,1,1
FGF13,NOA1,1,1
FGF13,NPAS1,1,1
FGF13,OFD1,1,1
FGF13,RCN2,1,1
FGF13,SCG2,1,1
FGF13,STON2,1,1
FGF13,TBC1D10B,1,1
FGF13,WWTR1,1,1
FGF13,XPR1,1,1
FGF13,ZBTB33,1,1
EIF4B,ARF6,1,1
EIF4B,SMAD4,1,1
CSGALNACT1,ALG13,1,1
CSGALNACT1,ANGPTL1,1,1
CSGALNACT1,CT45A10,1,1
CSGALNACT1,CT45A5,1,1
CSGALNACT1,EPHA3,1,1
CSGALNACT1,FAM198B,1,1
CSGALNACT1,GPC4,1,1
CSGALNACT1,GRIK2,1,1
CSGALNACT1,IL13RA2,1,1
CSGALNACT1,IL1RAP,1,1
CSGALNACT1,ITPRIPL2,1,1
CSGALNACT1,KCNC3,1,1
CSGALNACT1,LAMA4,1,1
CSGALNACT1,MAFB,1,1
CSGALNACT1,NPAS1,1,1
CSGALNACT1,PATZ1,1,1
CSGALNACT1,PCDH7,1,1
CSGALNACT1,PRRX1,1,1
CSGALNACT1,RNF157,1,1
CSGALNACT1,SCARA5,1,1
CSGALNACT1,STON2,1,1
CSGALNACT1,TIMP1,1,1
CSGALNACT1,TNFRSF19,1,1
CSGALNACT1,WWTR1,1,1
CSGALNACT1,XPR1,1,1
GPC4,ALG13,1,1
GPC4,CHST6,1,1
GPC4,COPB2,1,1
GPC4,CT45A10,1,1
GPC4,EPHA3,1,1
GPC4,FAM198B,1,1
GPC4,GRIK2,1,1
GPC4,IGFBP2,1,1
GPC4,IL1RAP,1,1
GPC4,ITPRIPL2,1,1
GPC4,LAMA4,1,1
GPC4,LAMC3,1,1
GPC4,MAFB,1,1
GPC4,NPAS1,1,1
GPC4,OFD1,1,1
GPC4,PATZ1,1,1
GPC4,PPP1R13B,1,1
GPC4,RAB23,1,1
GPC4,SCARA5,1,1
GPC4,TBC1D10B,1,1
GPC4,TIMP1,1,1
GPC4,TRPM3,1,1
GPC4,TRPM8,1,1
GPC4,WWTR1,1,1
GPC4,XPR1,1,1
STIM2,C1ORF27,1,1
STIM2,KCNC4,1,1
STIM2,STON2,1,1
STIM2,ZBTB33,1,1
STIM2,ZXDC,1,1
COLGALT1,ADAMTS9,1,1
COLGALT1,ASB9,1,1
COLGALT1,CENPL,1,1
COLGALT1,CHST6,1,1
COLGALT1,COL19A1,1,1
COLGALT1,COPB2,1,1
COLGALT1,FAM198B,1,1
COLGALT1,KDSR,1,1
COLGALT1,MAN1B1,1,1
COLGALT1,NOA1,1,1
COLGALT1,PWWP2A,1,1
COLGALT1,RCN2,1,1
COLGALT1,RPTOR,1,1
COLGALT1,SECISBP2,1,1
COLGALT1,SMAD4,1,1
COLGALT1,STON2,1,1
SCG2,CNKSR3,1,1
SCG2,COL19A1,1,1
SCG2,COPB2,1,1
SCG2,FAM198B,1,1
SCG2,IL1RAP,1,1
SCG2,KDSR,1,1
SCG2,NOA1,1,1
SCG2,RCN2,1,1
SCG2,STON2,1,1
SCG2,WWTR1,1,1
LAMC3,COPB2,1,1
LAMC3,CT45A10,1,1
LAMC3,EPHA3,1,1
LAMC3,ETFB,1,1
LAMC3,FAM198B,1,1
LAMC3,GRIK2,1,1
LAMC3,IGFBP2,1,1
LAMC3,ITPRIPL2,1,1
LAMC3,KIFAP3,1,1
LAMC3,LAMA4,1,1
LAMC3,MAFB,1,1
LAMC3,MAP7D3,1,1
LAMC3,NPAS1,1,1
LAMC3,PATZ1,1,1
LAMC3,PPP1R13B,1,1
LAMC3,RAB23,1,1
LAMC3,SERPINA3,1,1
LAMC3,TBC1D8,1,1
LAMC3,TRPM3,1,1
LAMC3,TRPM8,1,1
LAMC3,WWTR1,1,1
LAMC3,XPR1,1,1
OFD1,COPB2,1,1
OFD1,EIF4H,1,1
OFD1,EPHA3,1,1
OFD1,FAM198B,1,1
OFD1,GULP1,1,1
OFD1,IL1RAP,1,1
OFD1,KIAA1328,1,1
OFD1,NPAS1,1,1
OFD1,POLRMT,1,1
OFD1,TBC1D10B,1,1
OFD1,WWTR1,1,1
WBSCR27,COASY,1,1
WBSCR27,JUNB,1,1
WBSCR27,P3H4,1,1
WBSCR27,SERPINA3,1,1
WBSCR27,SLC40A1,1,1
WBSCR27,SPAG4,1,1
CT45A10,ALG13,1,1
CT45A10,ARCN1,1,1
CT45A10,CT45A5,1,1
CT45A10,EIF4H,1,1
CT45A10,EPHA3,1,1
CT45A10,IGFBP2,1,1
CT45A10,IL13RA2,1,1
CT45A10,ITPRIPL2,1,1
CT45A10,KCNC3,1,1
CT45A10,LAMA4,1,1
CT45A10,MAFB,1,1
CT45A10,MICALL2,1,1
CT45A10,NPAS1,1,1
CT45A10,P3H4,1,1
CT45A10,PATZ1,1,1
CT45A10,PRRX1,1,1
CT45A10,SCARA5,1,1
CT45A10,SEL1L3,1,1
CT45A10,SERPINA3,1,1
CT45A10,TIMP1,1,1
CT45A10,TRPM8,1,1
CT45A10,WWTR1,1,1
CT45A10,XPR1,1,1
CT45A10,ZBTB45P2,1,1
INSR,CALCOCO2,1,1
INSR,CCM2,1,1
INSR,USP9X,1,1
KIAA1328,ANGPTL1,1,1
KIAA1328,L3HYPDH,1,1
KIAA1328,POLRMT,1,1
KIAA1328,RPS6KA3,1,1
KIAA1328,YWHAG,1,1
PTCD2,ERCC6,1,1
PTCD2,TBC1D10B,1,1
ZBTB45P2,ALG13,1,1
ZBTB45P2,ANGPTL1,1,1
ZBTB45P2,ATXN1,1,1
ZBTB45P2,CT45A5,1,1
ZBTB45P2,EBF3,1,1
ZBTB45P2,EIF4H,1,1
ZBTB45P2,IL13RA2,1,1
ZBTB45P2,ITPRIPL2,1,1
ZBTB45P2,KCNC3,1,1
ZBTB45P2,LAMA4,1,1
ZBTB45P2,MICALL2,1,1
ZBTB45P2,PATZ1,1,1
ZBTB45P2,PRRX1,1,1
ZBTB45P2,SCARA5,1,1
ZBTB45P2,ZNF860,1,1
EGR3,RNF157,1,1
TCTN1,IFT122,1,1
TCTN1,KIFAP3,1,1
TCTN1,TNFRSF19,1,1
SECISBP2,ADAMTS9,1,1
SECISBP2,ASB9,1,1
SECISBP2,KDSR,1,1
SECISBP2,RCN2,1,1
SECISBP2,SMAD4,1,1
SPAG4,JUNB,1,1
SPAG4,SEL1L3,1,1
SPAG4,SERPINA3,1,1
KDM6A,PACRGL,1,1
KDM6A,SRPX2,1,1
MAPK11,F12,1,1
MAPK11,PHKA1,1,1
RELL2,ETFB,1,1
SERPINA3,IGFBP2,1,1
SERPINA3,JUNB,1,1
SERPINA3,MAFB,1,1
SERPINA3,P3H4,1,1
SERPINA3,PATZ1,1,1
SERPINA3,SCARA5,1,1
SERPINA3,SEL1L3,1,1
SERPINA3,SLC40A1,1,1
SERPINA3,TRPM8,1,1
CEP170B,COL19A1,1,1
CEP170B,IL1RAP,1,1
CEP170B,KCNC4,1,1
CEP170B,NPAS1,1,1
CEP170B,SEC61A1,1,1
CEP170B,STON2,1,1
CEP170B,ZXDC,1,1
SRPX2,DUSP23,1,1
SRPX2,EHBP1,1,1
SRPX2,F12,1,1
SRPX2,P3H4,1,1
SRPX2,RANBP17,1,1
SRPX2,RPS6KA3,1,1
SRPX2,SLC25A16,1,1
CT45A5,ALG13,1,1
CT45A5,ANGPTL1,1,1
CT45A5,EIF4H,1,1
CT45A5,EPHA3,1,1
CT45A5,IL13RA2,1,1
CT45A5,ITPRIPL2,1,1
CT45A5,KCNC3,1,1
CT45A5,LAMA4,1,1
CT45A5,MAFB,1,1
CT45A5,MICALL2,1,1
CT45A5,NPAS1,1,1
CT45A5,PATZ1,1,1
CT45A5,PRRX1,1,1
CT45A5,SCARA5,1,1
CT45A5,TIMP1,1,1
CT45A5,WWTR1,1,1
CT45A5,XPR1,1,1
CT45A5,ZNF860,1,1
JUNB,ADGRL1,1,1
JUNB,IGFBP2,1,1
JUNB,P3H4,1,1
JUNB,PATZ1,1,1
JUNB,SEL1L3,1,1
JUNB,TRPM8,1,1
ZNF71,C8ORF58,1,1
ZNF71,DDX59,1,1
ZNF71,MAN1B1,1,1
ZNF71,PWWP2A,1,1
XPR1,ALG13,1,1
XPR1,COPB2,1,1
XPR1,EPHA3,1,1
XPR1,FAM198B,1,1
XPR1,IL13RA2,1,1
XPR1,IL1RAP,1,1
XPR1,ITPRIPL2,1,1
XPR1,KCNC3,1,1
XPR1,LAMA4,1,1
XPR1,MAFB,1,1
XPR1,MAP7D3,1,1
XPR1,NPAS1,1,1
XPR1,SCARA5,1,1
XPR1,STON2,1,1
XPR1,TBC1D10B,1,1
XPR1,TIMP1,1,1
XPR1,WWTR1,1,1
XPR1,ZBTB33,1,1
QDPR,UQCRC2,1,1
ASB9,ADAMTS9,1,1
ASB9,CENPL,1,1
ASB9,CNKSR3,1,1
ASB9,COL19A1,1,1
ASB9,EN2,1,1
ASB9,KDSR,1,1
ASB9,NOA1,1,1
ASB9,RCN2,1,1
ASB9,RPTOR,1,1
ASB9,SMAD4,1,1
ASB9,UXS1,1,1
CALM1,KDSR,1,1
STON2,CENPL,1,1
STON2,COL19A1,1,1
STON2,EPHA3,1,1
STON2,FAM198B,1,1
STON2,IL1RAP,1,1
STON2,KCNC4,1,1
STON2,MRPL32,1,1
STON2,NPAS1,1,1
STON2,RCN2,1,1
STON2,SEC61A1,1,1
STON2,WWTR1,1,1
STON2,ZBTB33,1,1
STON2,ZXDC,1,1
IFT122,FUNDC1,1,1
IFT122,GRIK2,1,1
IFT122,KIFAP3,1,1
IFT122,LGMN,1,1
IFT122,PIGS,1,1
SLC40A1,COASY,1,1
LAMA4,ALG13,1,1
LAMA4,ANGPTL1,1,1
LAMA4,EPHA3,1,1
LAMA4,FAM198B,1,1
LAMA4,GRIK2,1,1
LAMA4,IGFBP2,1,1
LAMA4,IL13RA2,1,1
LAMA4,IL1RAP,1,1
LAMA4,ITPRIPL2,1,1
LAMA4,KCNC3,1,1
LAMA4,MAFB,1,1
LAMA4,MICALL2,1,1
LAMA4,NPAS1,1,1
LAMA4,PATZ1,1,1
LAMA4,PCDH7,1,1
LAMA4,PRRX1,1,1
LAMA4,RNF157,1,1
LAMA4,SCARA5,1,1
LAMA4,TIMP1,1,1
LAMA4,WWTR1,1,1
ITPRIPL2,ALG13,1,1
ITPRIPL2,ANGPTL1,1,1
ITPRIPL2,ARCN1,1,1
ITPRIPL2,EPHA3,1,1
ITPRIPL2,FAM198B,1,1
ITPRIPL2,GRIK2,1,1
ITPRIPL2,IGFBP2,1,1
ITPRIPL2,IL13RA2,1,1
ITPRIPL2,IL1RAP,1,1
ITPRIPL2,KCNC3,1,1
ITPRIPL2,KIFAP3,1,1
ITPRIPL2,MAFB,1,1
ITPRIPL2,MICALL2,1,1
ITPRIPL2,NPAS1,1,1
ITPRIPL2,PATZ1,1,1
ITPRIPL2,PRRX1,1,1
ITPRIPL2,SCARA5,1,1
ITPRIPL2,SEL1L3,1,1
ITPRIPL2,TIMP1,1,1
ITPRIPL2,TRPM8,1,1
ITPRIPL2,USP9X,1,1
ITPRIPL2,WWTR1,1,1
ZFX,YWHAG,1,1
DDX3X,ATP13A3,1,1
TRPM3,CHST6,1,1
TRPM3,COPB2,1,1
TRPM3,ETFB,1,1
TRPM3,GRIK2,1,1
TRPM3,ITGA9,1,1
TRPM3,PPP1R13B,1,1
TRPM3,RAB23,1,1
TRPM3,TBC1D8,1,1
TRPM3,TRPM8,1,1
TRPM3,WWTR1,1,1
MBD2,RC3H2,1,1
B3GNT2,COL19A1,1,1
B3GNT2,UXS1,1,1
PPP1R13B,CHST6,1,1
PPP1R13B,COPB2,1,1
PPP1R13B,RAB23,1,1
PPP1R13B,TBC1D8,1,1
PPP1R13B,TRPM8,1,1
MAP7D3,GRIK2,1,1
MAP7D3,KIFAP3,1,1
MAP7D3,MAFB,1,1
ZC2HC1A,ERCC6,1,1
LGMN,BECN1,1,1
LGMN,CCM2,1,1
LGMN,DTX2,1,1
LGMN,FUNDC1,1,1
LGMN,KIFAP3,1,1
LGMN,PIGS,1,1
CHST6,ADAMTS9,1,1
CHST6,COPB2,1,1
CHST6,ITGA9,1,1
CHST6,KDSR,1,1
CHST6,RAB23,1,1
CHST6,RCN2,1,1
CHST6,TBC1D8,1,1
F12,DUSP23,1,1
F12,EHBP1,1,1
F12,PHKA1,1,1
F12,POLRMT,1,1
F12,RPS6KA3,1,1
ALG11,DUSP23,1,1
ATP13A3,AMOTL1,1,1
ATP13A3,CNBP,1,1
EIF4H,ARCN1,1,1
EIF4H,DUSP23,1,1
EIF4H,IGFBP2,1,1
EIF4H,IL13RA2,1,1
EIF4H,KCNC3,1,1
EIF4H,MICALL2,1,1
EIF4H,P3H4,1,1
EIF4H,PATZ1,1,1
EIF4H,POLRMT,1,1
EIF4H,RANBP17,1,1
EIF4H,SCARA5,1,1
EIF4H,SEL1L3,1,1
EIF4H,ZNF107,1,1
GSDMD,ATXN1,1,1
TBC1D8,ETFB,1,1
TBC1D8,ITGA9,1,1
TBC1D8,RAB23,1,1
RANBP17,P3H4,1,1
RANBP17,PATZ1,1,1
RANBP17,SEL1L3,1,1
KDSR,MOGS,1,1
KDSR,NOA1,1,1
KDSR,RCN2,1,1
ARCN1,IL13RA2,1,1
ARCN1,SCARA5,1,1
ARCN1,WWTR1,1,1
SHANK3,ALG2,1,1
CNKSR3,COL19A1,1,1
CNKSR3,NOA1,1,1
CNKSR3,UXS1,1,1
BECN1,CCM2,1,1
BECN1,KIFAP3,1,1
BECN1,PIGS,1,1
BECN1,TMED10,1,1
C1ORF27,PCDH7,1,1
FUNDC1,CCM2,1,1
FUNDC1,GRIK2,1,1
FUNDC1,KIFAP3,1,1
FUNDC1,MAFB,1,1
CHPF2,OCIAD1,1,1
CHPF2,TMEM2,1,1
CHPF2,YWHAG,1,1
GRIK2,ALG13,1,1
GRIK2,FAM198B,1,1
GRIK2,IGFBP2,1,1
GRIK2,KIFAP3,1,1
GRIK2,MAFB,1,1
GRIK2,TRPM8,1,1
GRIK2,WWTR1,1,1
SMAD4,ADAMTS9,1,1
SMAD4,NOA1,1,1
SMAD4,PWWP2A,1,1
SMAD4,RC3H2,1,1
LRRK2,TNFRSF19,1,1
CCM2,CALCOCO2,1,1
CCM2,KIFAP3,1,1
CCM2,PIGS,1,1
RAB23,COPB2,1,1
RAB23,ETFB,1,1
RAB23,TRPM8,1,1
TGIF2-C20ORF24,MRPL32,1,1
C17ORF58,C8ORF58,1,1
C17ORF58,ITGA9,1,1
TMED10,CALCOCO2,1,1
RPTOR,ADAMTS9,1,1
RPTOR,COL19A1,1,1
RPTOR,EDEM2,1,1
RPTOR,NOA1,1,1
RPTOR,RCN2,1,1
RPTOR,UXS1,1,1
SCARA5,ALG13,1,1
SCARA5,ANGPTL1,1,1
SCARA5,EPHA3,1,1
SCARA5,IGFBP2,1,1
SCARA5,IL13RA2,1,1
SCARA5,KCNC3,1,1
SCARA5,MAFB,1,1
SCARA5,MICALL2,1,1
SCARA5,NPAS1,1,1
SCARA5,P3H4,1,1
SCARA5,PATZ1,1,1
SCARA5,PRRX1,1,1
SCARA5,SEL1L3,1,1
SCARA5,TBC1D10B,1,1
SCARA5,TIMP1,1,1
SCARA5,TRPM8,1,1
SCARA5,USP9X,1,1
SCARA5,WWTR1,1,1
CNBP,EIF5A,1,1
MICALL2,ALG13,1,1
MICALL2,ANGPTL1,1,1
MICALL2,EPHA3,1,1
MICALL2,IGFBP2,1,1
MICALL2,IL13RA2,1,1
MICALL2,KCNC3,1,1
MICALL2,MAFB,1,1
MICALL2,P3H4,1,1
MICALL2,PATZ1,1,1
MICALL2,PRRX1,1,1
MICALL2,SEL1L3,1,1
MICALL2,TIMP1,1,1
MICALL2,WWTR1,1,1
CEP295,DNAJC15,1,1
TRPM8,COPB2,1,1
TRPM8,IGFBP2,1,1
TRPM8,MAFB,1,1
TRPM8,P3H4,1,1
TRPM8,PATZ1,1,1
TRPM8,SEL1L3,1,1
TRPM8,TBC1D10B,1,1
TRPM8,WWTR1,1,1
NOA1,ADAMTS9,1,1
NOA1,CENPL,1,1
NOA1,COL19A1,1,1
NOA1,RCN2,1,1
NOA1,UXS1,1,1
TNFRSF19,PCDH7,1,1
PATZ1,ALG13,1,1
PATZ1,EPHA3,1,1
PATZ1,IGFBP2,1,1
PATZ1,IL13RA2,1,1
PATZ1,KCNC3,1,1
PATZ1,MAFB,1,1
PATZ1,P3H4,1,1
PATZ1,PRRX1,1,1
PATZ1,SEL1L3,1,1
PATZ1,TIMP1,1,1
PATZ1,WWTR1,1,1
TIMP1,ALG13,1,1
TIMP1,ANGPTL1,1,1
TIMP1,EPHA3,1,1
TIMP1,FAM198B,1,1
TIMP1,IL13RA2,1,1
TIMP1,IL1RAP,1,1
TIMP1,KCNC3,1,1
TIMP1,MAFB,1,1
TIMP1,NPAS1,1,1
TIMP1,PRRX1,1,1
TIMP1,WWTR1,1,1
DUSP23,PACRGL,1,1
USP9X,IGFBP2,1,1
USP9X,MAFB,1,1
USP9X,SEL1L3,1,1
COL19A1,ADAMTS9,1,1
COL19A1,CENPL,1,1
COL19A1,EN2,1,1
COL19A1,RCN2,1,1
COL19A1,UXS1,1,1
ARGLU1,EDEM2,1,1
RC3H2,PWWP2A,1,1
DDX56,SEC61A1,1,1
NPAS1,ALG13,1,1
NPAS1,COPB2,1,1
NPAS1,EPHA3,1,1
NPAS1,FAM198B,1,1
NPAS1,IL13RA2,1,1
NPAS1,IL1RAP,1,1
NPAS1,KCNC3,1,1
NPAS1,TBC1D10B,1,1
NPAS1,WWTR1,1,1
EBF3,OCIAD1,1,1
EBF3,PRRX1,1,1
EBF3,TMEM2,1,1
EBF3,YWHAG,1,1
ETNK2,EIF5A,1,1
IL13RA2,ALG13,1,1
IL13RA2,ANGPTL1,1,1
IL13RA2,EPHA3,1,1
IL13RA2,IGFBP2,1,1
IL13RA2,KCNC3,1,1
IL13RA2,MAFB,1,1
IL13RA2,PRRX1,1,1
IL13RA2,SEL1L3,1,1
IL13RA2,WWTR1,1,1
IL13RA2,ZNF860,1,1
ZNF860,ANGPTL1,1,1
ZNF860,ATXN1,1,1
ZNF860,KCNC3,1,1
ZNF860,PRRX1,1,1
ZNF860,RNF157,1,1
ALG13,ANGPTL1,1,1
ALG13,EPHA3,1,1
ALG13,FAM198B,1,1
ALG13,IGFBP2,1,1
ALG13,IL1RAP,1,1
ALG13,KCNC3,1,1
ALG13,MAFB,1,1
ALG13,PRRX1,1,1
ALG13,WWTR1,1,1
CENPL,ADAMTS9,1,1
CENPL,COPB2,1,1
CENPL,GULP1,1,1
CENPL,MRPL32,1,1
CENPL,RCN2,1,1
ITGA9,C8ORF58,1,1
ITGA9,EDEM2,1,1
SEL1L3,IGFBP2,1,1
SEL1L3,MAFB,1,1
SEL1L3,P3H4,1,1
SEL1L3,WWTR1,1,1
EHBP1,PHKA1,1,1
EHBP1,SEC23A,1,1
GULP1,COPB2,1,1
GULP1,RCN2,1,1
GULP1,TBC1D10B,1,1
CALCOCO2,KIFAP3,1,1
IGFBP2,KCNC3,1,1
IGFBP2,MAFB,1,1
IGFBP2,P3H4,1,1
IGFBP2,TBC1D10B,1,1
IGFBP2,WWTR1,1,1
ERCC6,TBC1D10B,1,1
PRRX1,ANGPTL1,1,1
PRRX1,ATXN1,1,1
PRRX1,EPHA3,1,1
PRRX1,KCNC3,1,1
PRRX1,NPTX2,1,1
PRRX1,TMEM2,1,1
KCNC4,IL1RAP,1,1
KCNC4,ZNF468,1,1
MAN1B1,C8ORF58,1,1
MAN1B1,PWWP2A,1,1
P3H4,MAFB,1,1
TRIM56,MECP2,1,1
IL1RAP,COPB2,1,1
IL1RAP,EPHA3,1,1
IL1RAP,FAM198B,1,1
IL1RAP,KCNC3,1,1
IL1RAP,SEC61A1,1,1
IL1RAP,TBC1D10B,1,1
IL1RAP,WWTR1,1,1
ANGPTL1,EPHA3,1,1
ANGPTL1,KCNC3,1,1
ANGPTL1,TMEM2,1,1
OCIAD1,L3HYPDH,1,1
RNF157,PCDH7,1,1
RNF157,ZNF468,1,1
PACRGL,YWHAG,1,1
FAM198B,COPB2,1,1
FAM198B,EPHA3,1,1
FAM198B,KCNC3,1,1
FAM198B,MAFB,1,1
FAM198B,RCN2,1,1
FAM198B,TBC1D10B,1,1
FAM198B,WWTR1,1,1
MAFB,EPHA3,1,1
MAFB,KCNC3,1,1
MAFB,KIFAP3,1,1
MAFB,WWTR1,1,1
TMEM2,ABCF2,1,1
TMEM2,L3HYPDH,1,1
TMEM2,YWHAG,1,1
EPHA3,COPB2,1,1
EPHA3,KCNC3,1,1
EPHA3,TBC1D10B,1,1
EPHA3,WWTR1,1,1
COPB2,RCN2,1,1
COPB2,TBC1D10B,1,1
COPB2,WWTR1,1,1
REXO4,SURF6,1,1
YWHAG,ABCF2,1,1
YWHAG,L3HYPDH,1,1
RCN2,ADAMTS9,1,1
KCNC3,WWTR1,1,1
EN2,ADAMTS9,1,1
EN2,UXS1,1,1
ADAMTS9,PWWP2A,1,1
L3HYPDH,RPS6KA3,1,1
KIFAP3,PIGS,1,1
POLRMT,TBC1D10B,1,1
WWTR1,TBC1D10B,1,1
