source,target,weight,correlation
PRAME,AC013461.1,1,1
PRAME,AGPAT3,1,1
PRAME,AKNA,1,1
PRAME,ANKRD9,1,1
PRAME,ATP5E,1,1
PRAME,ATP5G1,1,1
PRAME,C19ORF24,1,1
PRAME,CCDC127,1,1
PRAME,CCNC,1,1
PRAME,CDIP1,1,1
PRAME,CDR2,1,1
PRAME,CTBP1,1,1
PRAME,CUL4B,1,1
PRAME,CYCS,1,1
PRAME,DDHD2,1,1
PRAME,DMKN,1,1
PRAME,DTX3,1,1
PRAME,DYM,1,1
PRAME,ECHDC2,1,1
PRAME,FAM72B,1,1
PRAME,FBXW5,1,1
PRAME,GCNT1,1,1
PRAME,GINS4,1,1
PRAME,HJURP,1,1
PRAME,IGHMBP2,1,1
PRAME,KHNYN,1,1
PRAME,LRP5,1,1
PRAME,LRRC57,1,1
PRAME,MIA,1,1
PRAME,MMP2,1,1
PRAME,NAA38,1,1
PRAME,NINL,1,1
PRAME,NME2,1,1
PRAME,NRN1,1,1
PRAME,PARP12,1,1
PRAME,PLCB1,1,1
PRAME,POGZ,1,1
PRAME,PRKAR2B,1,1
PRAME,PRR11,1,1
PRAME,PRR7,1,1
PRAME,PSMA2,1,1
PRAME,PSMB1,1,1
PRAME,RITA1,1,1
PRAME,RPA3,1,1
PRAME,SETD4,1,1
PRAME,SHFM1,1,1
PRAME,SLC39A3,1,1
PRAME,TBC1D13,1,1
PRAME,TFB1M,1,1
PRAME,TMEM263,1,1
PRAME,TPMT,1,1
PRAME,VTI1B,1,1
PRAME,ZBTB44,1,1
PRAME,ZNF629,1,1
PRAME,ZNF69,1,1
NDUFB9,FAM72B,1,1
NDUFB9,HJURP,1,1
ARHGAP21,AHCY,1,1
ARHGAP21,ALDH2,1,1
ARHGAP21,ARMCX4,1,1
ARHGAP21,ATP5G1,1,1
ARHGAP21,AUTS2,1,1
ARHGAP21,BOLA3,1,1
ARHGAP21,C17ORF53,1,1
ARHGAP21,DCAF15,1,1
ARHGAP21,DIP2A,1,1
ARHGAP21,DLG3,1,1
ARHGAP21,EPC1,1,1
ARHGAP21,FAM72B,1,1
ARHGAP21,FASN,1,1
ARHGAP21,FBXO25,1,1
ARHGAP21,FBXO27,1,1
ARHGAP21,GCNT1,1,1
ARHGAP21,JOSD1,1,1
ARHGAP21,NEK9,1,1
ARHGAP21,NINL,1,1
ARHGAP21,OTUD1,1,1
ARHGAP21,POGZ,1,1
ARHGAP21,PRKAR2B,1,1
ARHGAP21,RAB2B,1,1
ARHGAP21,RPA3,1,1
ARHGAP21,SAP18,1,1
ARHGAP21,SNX15,1,1
ARHGAP21,SPAG5,1,1
ARHGAP21,TBC1D13,1,1
ARHGAP21,TGFB1I1,1,1
ARHGAP21,TMEM184C,1,1
ARHGAP21,TROAP,1,1
ARHGAP21,VPS13C,1,1
ARHGAP21,WBP1L,1,1
ARHGAP21,ZNF629,1,1
ARHGAP21,ZNF69,1,1
EPC1,ARHGEF7,1,1
EPC1,ATP5E,1,1
EPC1,FAM72B,1,1
EPC1,NAA38,1,1
EPC1,POGZ,1,1
EPC1,PRR7,1,1
EPC1,RPA3,1,1
EPC1,TBC1D13,1,1
PDIA4,AK1,1,1
PDIA4,AKNA,1,1
PDIA4,ARHGEF7,1,1
PDIA4,ARMCX4,1,1
PDIA4,AUTS2,1,1
PDIA4,C12ORF45,1,1
PDIA4,CD58,1,1
PDIA4,CYCS,1,1
PDIA4,DMKN,1,1
PDIA4,DNAJC10,1,1
PDIA4,DYM,1,1
PDIA4,EIF3B,1,1
PDIA4,EIF4EBP2,1,1
PDIA4,EXT2,1,1
PDIA4,GPI,1,1
PDIA4,GPR3,1,1
PDIA4,GTF2F2,1,1
PDIA4,HOXA3,1,1
PDIA4,HPRT1,1,1
PDIA4,KPNA5,1,1
PDIA4,LCLAT1,1,1
PDIA4,LMAN1,1,1
PDIA4,LRP5,1,1
PDIA4,MANEAL,1,1
PDIA4,MBD1,1,1
PDIA4,MYDGF,1,1
PDIA4,NINL,1,1
PDIA4,NOL12,1,1
PDIA4,NUDT3,1,1
PDIA4,PDIA6,1,1
PDIA4,PDK1,1,1
PDIA4,PERP,1,1
PDIA4,PGK 1.00,1,1
PDIA4,PHF6,1,1
PDIA4,PLCB1,1,1
PDIA4,PRR14,1,1
PDIA4,PSMB6,1,1
PDIA4,PXN,1,1
PDIA4,PYCRL,1,1
PDIA4,RAB11B,1,1
PDIA4,SLC30A5,1,1
PDIA4,SMG6,1,1
PDIA4,SORBS3,1,1
PDIA4,STK24,1,1
PDIA4,SYDE1,1,1
PDIA4,TGFB1I1,1,1
PDIA4,TLCD1,1,1
PDIA4,TMEM209,1,1
PDIA4,TPMT,1,1
PDIA4,TSPAN17,1,1
PDIA4,TWIST1,1,1
PDIA4,UFSP2,1,1
PDIA4,VTI1B,1,1
PDIA4,WNT10B,1,1
PDIA4,ZNF629,1,1
PDIA4,ZNF69,1,1
PDHA1,ADAMTS7,1,1
PDHA1,ARHGEF7,1,1
PDHA1,ATP5G1,1,1
PDHA1,BOLA3,1,1
PDHA1,CS,1,1
PDHA1,DMKN,1,1
PDHA1,DTX3,1,1
PDHA1,ECHDC2,1,1
PDHA1,FAM72B,1,1
PDHA1,GPI,1,1
PDHA1,GPSM3,1,1
PDHA1,H2AFV,1,1
PDHA1,MPV17L2,1,1
PDHA1,MTMR11,1,1
PDHA1,PSMB1,1,1
PDHA1,RALGDS,1,1
PDHA1,RPA3,1,1
PDHA1,SHFM1,1,1
PDHA1,SOX12,1,1
PDHA1,SUCLG1,1,1
PDHA1,SUFU,1,1
PDHA1,SV2A,1,1
PDHA1,TBC1D13,1,1
PDHA1,TPT1,1,1
PDHA1,TSC2,1,1
MKNK2,AGPAT3,1,1
MKNK2,ASCC1,1,1
MKNK2,C19ORF24,1,1
MKNK2,CCDC174,1,1
MKNK2,CCNB1IP1,1,1
MKNK2,CLUH,1,1
MKNK2,CORO1B,1,1
MKNK2,EIF3B,1,1
MKNK2,FGFR1OP,1,1
MKNK2,NIPSNAP3A,1,1
MKNK2,PAIP2,1,1
MKNK2,PSMB6,1,1
MKNK2,PSME1,1,1
MKNK2,SAMD8,1,1
MKNK2,TBC1D12,1,1
MKNK2,TRMT1,1,1
MKNK2,TTC26,1,1
MKNK2,VPS39,1,1
MKNK2,ZFP62,1,1
MKNK2,ZNF512,1,1
ANKRD9,ACOT2,1,1
ANKRD9,B3GLCT,1,1
ANKRD9,C19ORF24,1,1
ANKRD9,CCDC127,1,1
ANKRD9,CDIP1,1,1
ANKRD9,DDHD2,1,1
ANKRD9,DYM,1,1
ANKRD9,EIF4EBP2,1,1
ANKRD9,ELP2,1,1
ANKRD9,LRRC57,1,1
ANKRD9,NIPSNAP3A,1,1
ANKRD9,PANK1,1,1
ANKRD9,PDK1,1,1
ANKRD9,PLCB1,1,1
ANKRD9,PRR7,1,1
ANKRD9,RAB11B,1,1
ANKRD9,RCBTB1,1,1
ANKRD9,RHOBTB1,1,1
ANKRD9,STK32C,1,1
ANKRD9,TNC,1,1
ANKRD9,TSPAN17,1,1
ANKRD9,UFSP2,1,1
ANKRD9,UNC93B1,1,1
ANKRD9,ZBTB44,1,1
ANKRD9,ZNF439,1,1
ANKRD9,ZNF69,1,1
ZNF410,RP5-1022E24.6,1,1
ZNF410,ZFP57,1,1
TBC1D12,AP5M1,1,1
TBC1D12,ARL8A,1,1
TBC1D12,ASCC1,1,1
TBC1D12,BOLA3,1,1
TBC1D12,BST1,1,1
TBC1D12,CCDC174,1,1
TBC1D12,CHTF8,1,1
TBC1D12,DYM,1,1
TBC1D12,GNL1,1,1
TBC1D12,HIF1AN,1,1
TBC1D12,MTMR14,1,1
TBC1D12,MYL12A,1,1
TBC1D12,NIPSNAP3A,1,1
TBC1D12,NUDT3,1,1
TBC1D12,PAIP2,1,1
TBC1D12,PSMB6,1,1
TBC1D12,SAMD8,1,1
TBC1D12,SOX12,1,1
TBC1D12,TMCO3,1,1
TBC1D12,ZNF197,1,1
TBC1D12,ZNF512,1,1
CCDC174,AGPAT3,1,1
CCDC174,AK1,1,1
CCDC174,ARL8A,1,1
CCDC174,ATP5G1,1,1
CCDC174,AUP1,1,1
CCDC174,BOLA3,1,1
CCDC174,BRWD1,1,1
CCDC174,BST1,1,1
CCDC174,C19ORF24,1,1
CCDC174,C6ORF47,1,1
CCDC174,CBX3,1,1
CCDC174,CCNB1IP1,1,1
CCDC174,CCNC,1,1
CCDC174,CCT6A,1,1
CCDC174,CDIP1,1,1
CCDC174,CDR2,1,1
CCDC174,CORO1B,1,1
CCDC174,CUL4B,1,1
CCDC174,CYCS,1,1
CCDC174,DDX54,1,1
CCDC174,DMKN,1,1
CCDC174,DUSP16,1,1
CCDC174,DYM,1,1
CCDC174,FBXW5,1,1
CCDC174,FGFR1OP,1,1
CCDC174,GINS4,1,1
CCDC174,GPI,1,1
CCDC174,GPSM3,1,1
CCDC174,HSD17B10,1,1
CCDC174,ICA1,1,1
CCDC174,ING4,1,1
CCDC174,IST1,1,1
CCDC174,MMP2,1,1
CCDC174,MPV17L2,1,1
CCDC174,MRPS7,1,1
CCDC174,NEK9,1,1
CCDC174,NIPSNAP3A,1,1
CCDC174,NME2,1,1
CCDC174,PRKX,1,1
CCDC174,PRRC2B,1,1
CCDC174,PSEN1,1,1
CCDC174,PSMA2,1,1
CCDC174,PSMB6,1,1
CCDC174,PYCRL,1,1
CCDC174,RABGAP1,1,1
CCDC174,RALGDS,1,1
CCDC174,RPA1,1,1
CCDC174,SAMD8,1,1
CCDC174,SENP7,1,1
CCDC174,SHISA5,1,1
CCDC174,SLC39A3,1,1
CCDC174,SNRNP40,1,1
CCDC174,SUFU,1,1
CCDC174,TCN2,1,1
CCDC174,TRMT1,1,1
CCDC174,TTC26,1,1
CCDC174,VPS39,1,1
CCDC174,ZFP62,1,1
CCDC174,ZNF512,1,1
CCDC174,ZNF69,1,1
CCDC174,ZSCAN26,1,1
TBL1XR1,AUTS2,1,1
TBL1XR1,DNAH14,1,1
TBL1XR1,ELP2,1,1
TBL1XR1,HPRT1,1,1
TBL1XR1,MANEAL,1,1
TBL1XR1,MPHOSPH8,1,1
TBL1XR1,MYDGF,1,1
TBL1XR1,PDIA6,1,1
TBL1XR1,PGK 1.00,1,1
TBL1XR1,PI4K2A,1,1
TBL1XR1,PRR14,1,1
TBL1XR1,RAB11B,1,1
TBL1XR1,SEC61G,1,1
TBL1XR1,SNX15,1,1
TBL1XR1,SORBS3,1,1
TBL1XR1,SURF4,1,1
TBL1XR1,TGFB1I1,1,1
TBL1XR1,TLCD1,1,1
TBL1XR1,TMEM138,1,1
TBL1XR1,UNC93B1,1,1
HSD17B4,CHD2,1,1
HSD17B4,MARCH9,1,1
HSD17B4,PGPEP1,1,1
USP49,ABHD17A,1,1
USP49,AC013461.1,1,1
USP49,AKNA,1,1
USP49,ALDH2,1,1
USP49,ARMCX4,1,1
USP49,C17ORF53,1,1
USP49,CDIP1,1,1
USP49,DIP2A,1,1
USP49,DTX3,1,1
USP49,ECHDC2,1,1
USP49,EIF4A1,1,1
USP49,FBXO27,1,1
USP49,FBXW5,1,1
USP49,GAS6,1,1
USP49,GINS4,1,1
USP49,IGHMBP2,1,1
USP49,KIAA1715,1,1
USP49,MCCC2,1,1
USP49,NINL,1,1
USP49,PACS2,1,1
USP49,PDK1,1,1
USP49,POGZ,1,1
USP49,PPM1F,1,1
USP49,PRKAR2B,1,1
USP49,PRR11,1,1
USP49,PRR14,1,1
USP49,PSMB1,1,1
USP49,RAB2B,1,1
USP49,ROBO3,1,1
USP49,SMARCD3,1,1
USP49,STK32C,1,1
USP49,USP21,1,1
USP49,VDAC1,1,1
USP49,WDR17,1,1
USP49,ZNF250,1,1
USP49,ZNF629,1,1
SIRT3,ARID5A,1,1
SIRT3,AUP1,1,1
SIRT3,EIF4G1,1,1
SIRT3,METTL8,1,1
SIRT3,PLEKHA2,1,1
SIRT3,PRRC2B,1,1
SIRT3,SF3A1,1,1
SIRT3,TFRC,1,1
SIRT3,VTA1,1,1
ZNF219,CENPN,1,1
ZNF219,LRSAM1,1,1
ZNF219,MARCH9,1,1
ZNF219,RBL2,1,1
ZNF219,TBC1D17,1,1
ZNF219,VAMP5,1,1
DCAF15,AHCY,1,1
DCAF15,CHD2,1,1
DCAF15,CUEDC2,1,1
DCAF15,DLG3,1,1
DCAF15,JOSD1,1,1
DCAF15,MSTO1,1,1
DCAF15,NEK9,1,1
DCAF15,NOC4L,1,1
DCAF15,OTUD1,1,1
DCAF15,PMM2,1,1
DCAF15,SLC25A19,1,1
DCAF15,SPAG5,1,1
DCAF15,TRAP1,1,1
DCAF15,WBP1L,1,1
AGPAT3,ACOT2,1,1
AGPAT3,AUP1,1,1
AGPAT3,BRWD1,1,1
AGPAT3,C19ORF24,1,1
AGPAT3,CCNC,1,1
AGPAT3,CDR2,1,1
AGPAT3,CYCS,1,1
AGPAT3,DYM,1,1
AGPAT3,EIF4EBP2,1,1
AGPAT3,FBXW5,1,1
AGPAT3,FGFR1OP,1,1
AGPAT3,ICA1,1,1
AGPAT3,IST1,1,1
AGPAT3,MMP2,1,1
AGPAT3,NIPSNAP3A,1,1
AGPAT3,PKIB,1,1
AGPAT3,PRKX,1,1
AGPAT3,PSEN1,1,1
AGPAT3,PSMA2,1,1
AGPAT3,PSME1,1,1
AGPAT3,RABGAP1,1,1
AGPAT3,RCBTB1,1,1
AGPAT3,RHOBTB1,1,1
AGPAT3,SENP7,1,1
AGPAT3,SLC39A3,1,1
AGPAT3,TTC26,1,1
AGPAT3,VPS39,1,1
AGPAT3,WHSC1L1,1,1
AGPAT3,ZBTB44,1,1
AGPAT3,ZCCHC6,1,1
AGPAT3,ZNF512,1,1
AGPAT3,ZNF69,1,1
GCNT1,AC013461.1,1,1
GCNT1,AK1,1,1
GCNT1,AKNA,1,1
GCNT1,ALDH2,1,1
GCNT1,ARHGAP45,1,1
GCNT1,ARMCX4,1,1
GCNT1,ATP5G1,1,1
GCNT1,AUTS2,1,1
GCNT1,BST1,1,1
GCNT1,BTBD9,1,1
GCNT1,C6ORF47,1,1
GCNT1,CCDC127,1,1
GCNT1,CCNC,1,1
GCNT1,CDIP1,1,1
GCNT1,CHTF8,1,1
GCNT1,CYCS,1,1
GCNT1,DMKN,1,1
GCNT1,DYM,1,1
GCNT1,EIF4EBP2,1,1
GCNT1,FAM72B,1,1
GCNT1,FASN,1,1
GCNT1,FBXW5,1,1
GCNT1,KDM2A,1,1
GCNT1,KHNYN,1,1
GCNT1,MMP2,1,1
GCNT1,NCOA4,1,1
GCNT1,PARP12,1,1
GCNT1,PLCB1,1,1
GCNT1,POGZ,1,1
GCNT1,PRKAR2B,1,1
GCNT1,PRKX,1,1
GCNT1,PRR11,1,1
GCNT1,PRR7,1,1
GCNT1,PSEN1,1,1
GCNT1,RAB6A,1,1
GCNT1,RABGAP1,1,1
GCNT1,RHOBTB1,1,1
GCNT1,RPA3,1,1
GCNT1,SAP18,1,1
GCNT1,SMG6,1,1
GCNT1,TBC1D13,1,1
GCNT1,TFB1M,1,1
GCNT1,TRIM32,1,1
GCNT1,TSPAN17,1,1
GCNT1,UBE2Q1,1,1
GCNT1,VTI1B,1,1
GCNT1,WBP1L,1,1
GCNT1,WDFY3,1,1
GCNT1,WHSC1L1,1,1
GCNT1,ZBTB44,1,1
GCNT1,ZMIZ1,1,1
GCNT1,ZNF439,1,1
GCNT1,ZNF629,1,1
GCNT1,ZNF69,1,1
GCNT1,ZSCAN29,1,1
MBD1,AK1,1,1
MBD1,AKNA,1,1
MBD1,ARHGEF7,1,1
MBD1,AUTS2,1,1
MBD1,BOLA3,1,1
MBD1,BZW2,1,1
MBD1,CTIF,1,1
MBD1,DMKN,1,1
MBD1,DNAJC10,1,1
MBD1,DTX3,1,1
MBD1,ECHDC2,1,1
MBD1,EXT2,1,1
MBD1,FAM72B,1,1
MBD1,FBXO27,1,1
MBD1,GPI,1,1
MBD1,GTF2F2,1,1
MBD1,HIF1AN,1,1
MBD1,HOXA3,1,1
MBD1,HPRT1,1,1
MBD1,LMAN1,1,1
MBD1,MYDGF,1,1
MBD1,NDST2,1,1
MBD1,NKTR,1,1
MBD1,NUDT3,1,1
MBD1,PDIA6,1,1
MBD1,PGK 1.00,1,1
MBD1,PSMB1,1,1
MBD1,PTPN21,1,1
MBD1,SMG6,1,1
MBD1,SNX15,1,1
MBD1,SORBS3,1,1
MBD1,SOX12,1,1
MBD1,SV2A,1,1
MBD1,SYDE1,1,1
MBD1,TBC1D13,1,1
MBD1,TPMT,1,1
MBD1,TSC2,1,1
MBD1,ZNF331,1,1
MBD1,ZSCAN29,1,1
RAB6A,ARID5A,1,1
RAB6A,BST1,1,1
RAB6A,BTBD9,1,1
RAB6A,CCDC127,1,1
RAB6A,DLG3,1,1
RAB6A,DYM,1,1
RAB6A,EIF4EBP2,1,1
RAB6A,FASN,1,1
RAB6A,FBXO25,1,1
RAB6A,HNRNPUL2-BSCL2,1,1
RAB6A,ING4,1,1
RAB6A,MMP2,1,1
RAB6A,MSTO1,1,1
RAB6A,MTMR14,1,1
RAB6A,MYL12A,1,1
RAB6A,NIPSNAP3A,1,1
RAB6A,OTUD1,1,1
RAB6A,PAIP2,1,1
RAB6A,PKIB,1,1
RAB6A,PSEN1,1,1
RAB6A,RCBTB1,1,1
RAB6A,RHOBTB1,1,1
RAB6A,SLC6A17,1,1
RAB6A,SNRNP40,1,1
RAB6A,TMCO3,1,1
RAB6A,UNC93B1,1,1
RAB6A,WBP1L,1,1
RAB6A,WDR1,1,1
RAB6A,ZCCHC6,1,1
RAB6A,ZNF439,1,1
RAB6A,ZNF69,1,1
ZFAND6,FAM162A,1,1
ZFAND6,NRN1,1,1
ZFAND6,PRR7,1,1
ZFAND6,TBC1D13,1,1
PRR7,AC013461.1,1,1
PRR7,AKNA,1,1
PRR7,ALDH2,1,1
PRR7,ARHGEF7,1,1
PRR7,ARMCX4,1,1
PRR7,ATP5G1,1,1
PRR7,AUTS2,1,1
PRR7,CCDC127,1,1
PRR7,CDIP1,1,1
PRR7,DMKN,1,1
PRR7,DYM,1,1
PRR7,ECHDC2,1,1
PRR7,ELP2,1,1
PRR7,FAM72B,1,1
PRR7,FASN,1,1
PRR7,FBXW5,1,1
PRR7,IGHMBP2,1,1
PRR7,MANEAL,1,1
PRR7,NAA38,1,1
PRR7,NINL,1,1
PRR7,NRN1,1,1
PRR7,PANK1,1,1
PRR7,PLCB1,1,1
PRR7,POGZ,1,1
PRR7,PRKAR2B,1,1
PRR7,PRR11,1,1
PRR7,PRR14,1,1
PRR7,RAB11B,1,1
PRR7,RPA3,1,1
PRR7,SAP18,1,1
PRR7,SNX15,1,1
PRR7,TBC1D13,1,1
PRR7,TFAP2C,1,1
PRR7,TFB1M,1,1
PRR7,TGFB1I1,1,1
PRR7,TMEM184C,1,1
PRR7,TSPAN17,1,1
PRR7,UBALD1,1,1
PRR7,UFSP2,1,1
PRR7,VTI1B,1,1
PRR7,ZBTB44,1,1
PRR7,ZNF629,1,1
PRR7,ZNF69,1,1
SHANK1,ARHGAP45,1,1
SHANK1,ARL8A,1,1
SHANK1,DNAJB5,1,1
SHANK1,DNAJC18,1,1
SHANK1,DUSP16,1,1
SHANK1,GPSM3,1,1
SHANK1,MAP4,1,1
SHANK1,PTPN21,1,1
SHANK1,RP5-1022E24.6,1,1
SHANK1,TCN2,1,1
SHANK1,ZFP57,1,1
MIA,ATP5E,1,1
MIA,BAG1,1,1
MIA,BTBD19,1,1
MIA,GLE1,1,1
MIA,KDM2A,1,1
MIA,LRP5,1,1
MIA,NAA38,1,1
MIA,NRN1,1,1
MIA,PARP12,1,1
MIA,PLCB1,1,1
MIA,RTF1,1,1
MIA,TFB1M,1,1
MIA,TMEM263,1,1
MIA,UBE2Q1,1,1
MIA,VTI1B,1,1
MIA,WHSC1L1,1,1
MIA,ZBTB44,1,1
MIA,ZMIZ1,1,1
DNAH14,ARPIN,1,1
DNAH14,AUTS2,1,1
DNAH14,BZW2,1,1
DNAH14,FASN,1,1
DNAH14,HIF1AN,1,1
DNAH14,HPRT1,1,1
DNAH14,MPHOSPH8,1,1
DNAH14,MTMR14,1,1
DNAH14,MYDGF,1,1
DNAH14,NDST2,1,1
DNAH14,OTUD1,1,1
DNAH14,PI4K2A,1,1
DNAH14,RAB11B,1,1
DNAH14,RPA3,1,1
DNAH14,SAP18,1,1
DNAH14,SHOX2,1,1
DNAH14,SNX15,1,1
DNAH14,SORBS3,1,1
DNAH14,TGFB1I1,1,1
DNAH14,TMEM184C,1,1
DNAH14,UBALD1,1,1
DNAH14,UNC93B1,1,1
DNAH14,ZNF331,1,1
PHF6,CBX3,1,1
PHF6,CCNC,1,1
PHF6,CTBP1,1,1
PHF6,DNAJC10,1,1
PHF6,DTX3,1,1
PHF6,ECHDC2,1,1
PHF6,EXT2,1,1
PHF6,FBXW5,1,1
PHF6,HOXA3,1,1
PHF6,ITGA6,1,1
PHF6,LRP5,1,1
PHF6,NKTR,1,1
PHF6,PSMA2,1,1
PHF6,PSMB1,1,1
PHF6,RITA1,1,1
PHF6,SHFM1,1,1
PHF6,SLC30A5,1,1
PHF6,SLC39A3,1,1
PHF6,SYDE1,1,1
PHF6,TMEM209,1,1
PHF6,TPMT,1,1
RAB11B,AC013461.1,1,1
RAB11B,AGO3,1,1
RAB11B,AKNA,1,1
RAB11B,ALDH2,1,1
RAB11B,ARMCX4,1,1
RAB11B,AUTS2,1,1
RAB11B,B3GALNT1,1,1
RAB11B,CDIP1,1,1
RAB11B,DYM,1,1
RAB11B,EIF4EBP2,1,1
RAB11B,ELP2,1,1
RAB11B,FASN,1,1
RAB11B,FBXO25,1,1
RAB11B,HOXA3,1,1
RAB11B,MANEAL,1,1
RAB11B,MPHOSPH8,1,1
RAB11B,MYDGF,1,1
RAB11B,NCOA4,1,1
RAB11B,NINL,1,1
RAB11B,NRN1,1,1
RAB11B,PANK1,1,1
RAB11B,PDK1,1,1
RAB11B,PRKAR2B,1,1
RAB11B,PRR14,1,1
RAB11B,SAP18,1,1
RAB11B,SHOX2,1,1
RAB11B,SMG6,1,1
RAB11B,SNX15,1,1
RAB11B,STK24,1,1
RAB11B,TFAP2C,1,1
RAB11B,TFB1M,1,1
RAB11B,TGFB1I1,1,1
RAB11B,TLCD1,1,1
RAB11B,TMEM138,1,1
RAB11B,TMEM184C,1,1
RAB11B,TSPAN17,1,1
RAB11B,UFSP2,1,1
RAB11B,UNC93B1,1,1
RAB11B,WBP1L,1,1
RAB11B,ZNF439,1,1
RAB11B,ZNF629,1,1
RAB11B,ZNF69,1,1
ZACN,SBF2,1,1
NIPSNAP3A,ACOT2,1,1
NIPSNAP3A,AK1,1,1
NIPSNAP3A,AP5M1,1,1
NIPSNAP3A,ARID5A,1,1
NIPSNAP3A,AUP1,1,1
NIPSNAP3A,BOLA3,1,1
NIPSNAP3A,BST1,1,1
NIPSNAP3A,C19ORF24,1,1
NIPSNAP3A,CHTF8,1,1
NIPSNAP3A,CUEDC2,1,1
NIPSNAP3A,CYCS,1,1
NIPSNAP3A,DYM,1,1
NIPSNAP3A,EIF4EBP2,1,1
NIPSNAP3A,ELOVL6,1,1
NIPSNAP3A,GNL1,1,1
NIPSNAP3A,MANEAL,1,1
NIPSNAP3A,MMP2,1,1
NIPSNAP3A,MSTO1,1,1
NIPSNAP3A,MTMR14,1,1
NIPSNAP3A,MYL12A,1,1
NIPSNAP3A,NEK9,1,1
NIPSNAP3A,NOL12,1,1
NIPSNAP3A,NUDT3,1,1
NIPSNAP3A,OTUD1,1,1
NIPSNAP3A,PAIP2,1,1
NIPSNAP3A,PSEN1,1,1
NIPSNAP3A,PSMB6,1,1
NIPSNAP3A,PYCRL,1,1
NIPSNAP3A,RABGAP1,1,1
NIPSNAP3A,RHOBTB1,1,1
NIPSNAP3A,SAMD8,1,1
NIPSNAP3A,TGFB1I1,1,1
NIPSNAP3A,TMCO3,1,1
NIPSNAP3A,UFSP2,1,1
NIPSNAP3A,UNC93B1,1,1
NIPSNAP3A,WBP1L,1,1
NIPSNAP3A,ZNF439,1,1
NIPSNAP3A,ZNF512,1,1
NIPSNAP3A,ZNF69,1,1
BTBD19,GLE1,1,1
BTBD19,RTF1,1,1
CORO1B,ADAMTS7,1,1
CORO1B,ARHGEF25,1,1
CORO1B,ARL8A,1,1
CORO1B,BRWD1,1,1
CORO1B,CBX3,1,1
CORO1B,CCNB1IP1,1,1
CORO1B,CCNC,1,1
CORO1B,CCT6A,1,1
CORO1B,CDR2,1,1
CORO1B,CUL4B,1,1
CORO1B,CYCS,1,1
CORO1B,DDX54,1,1
CORO1B,DNAJB5,1,1
CORO1B,FGFR1OP,1,1
CORO1B,GINS4,1,1
CORO1B,GPSM3,1,1
CORO1B,ICA1,1,1
CORO1B,ING4,1,1
CORO1B,IST1,1,1
CORO1B,KPNA2,1,1
CORO1B,LRSAM1,1,1
CORO1B,MAP6D1,1,1
CORO1B,MMP2,1,1
CORO1B,PRRC2B,1,1
CORO1B,PSMA2,1,1
CORO1B,PWP1,1,1
CORO1B,RABGAP1,1,1
CORO1B,RALGDS,1,1
CORO1B,RPA1,1,1
CORO1B,SENP7,1,1
CORO1B,SF3A1,1,1
CORO1B,SHISA5,1,1
CORO1B,SLC39A3,1,1
CORO1B,STX5,1,1
CORO1B,SUFU,1,1
CORO1B,TCN2,1,1
CORO1B,TTC26,1,1
CORO1B,TXNDC5,1,1
CORO1B,VPS39,1,1
CORO1B,ZFP62,1,1
CORO1B,ZNF250,1,1
CORO1B,ZNF512,1,1
CORO1B,ZSCAN26,1,1
PYCRL,AC013461.1,1,1
PYCRL,AK1,1,1
PYCRL,AKNA,1,1
PYCRL,AUP1,1,1
PYCRL,BOLA3,1,1
PYCRL,BOP 1.00,1,1
PYCRL,C12ORF45,1,1
PYCRL,C19ORF24,1,1
PYCRL,CAD,1,1
PYCRL,CBX3,1,1
PYCRL,CCNB1IP1,1,1
PYCRL,CCT6A,1,1
PYCRL,CDC27,1,1
PYCRL,CDIP1,1,1
PYCRL,CLUH,1,1
PYCRL,CUEDC2,1,1
PYCRL,CYCS,1,1
PYCRL,DDX54,1,1
PYCRL,DLEU1,1,1
PYCRL,DMKN,1,1
PYCRL,DNAJC10,1,1
PYCRL,DYM,1,1
PYCRL,EIF3B,1,1
PYCRL,EIF4A1,1,1
PYCRL,ELP2,1,1
PYCRL,EOGT,1,1
PYCRL,EXT2,1,1
PYCRL,FGFR1OP,1,1
PYCRL,GINS4,1,1
PYCRL,GPI,1,1
PYCRL,GPR3,1,1
PYCRL,HOXA3,1,1
PYCRL,HPRT1,1,1
PYCRL,IKBIP,1,1
PYCRL,ING4,1,1
PYCRL,LCLAT1,1,1
PYCRL,LMAN1,1,1
PYCRL,LRSAM1,1,1
PYCRL,MANEAL,1,1
PYCRL,MAP6D1,1,1
PYCRL,MRPS7,1,1
PYCRL,NEK9,1,1
PYCRL,NOL12,1,1
PYCRL,NUDT3,1,1
PYCRL,PDK1,1,1
PYCRL,PERP,1,1
PYCRL,PES 1.00,1,1
PYCRL,PMM2,1,1
PYCRL,PRR14,1,1
PYCRL,PRRC2B,1,1
PYCRL,PSKH1,1,1
PYCRL,PSMA2,1,1
PYCRL,PSMB6,1,1
PYCRL,PUS7,1,1
PYCRL,PXN,1,1
PYCRL,RAB30,1,1
PYCRL,RABGAP1,1,1
PYCRL,RITA1,1,1
PYCRL,RNF149,1,1
PYCRL,SELT,1,1
PYCRL,SENP7,1,1
PYCRL,SF3A1,1,1
PYCRL,SLC30A5,1,1
PYCRL,SLC39A3,1,1
PYCRL,SPSB3,1,1
PYCRL,SSR1,1,1
PYCRL,TMEM209,1,1
PYCRL,TPMT,1,1
PYCRL,TRMT1,1,1
PYCRL,TTC26,1,1
PYCRL,TWIST1,1,1
PYCRL,UFSP2,1,1
PYCRL,VPS39,1,1
PYCRL,VRK2,1,1
PYCRL,WNT10B,1,1
PYCRL,ZNF250,1,1
PYCRL,ZNF69,1,1
PYCRL,ZNRF3,1,1
USP21,AC013461.1,1,1
USP21,ADAMTS7,1,1
USP21,AKNA,1,1
USP21,ALDH2,1,1
USP21,ARHGEF7,1,1
USP21,CCNC,1,1
USP21,CDIP1,1,1
USP21,CTIF,1,1
USP21,CUL4B,1,1
USP21,DDX54,1,1
USP21,DIP2A,1,1
USP21,DMKN,1,1
USP21,DNAJC10,1,1
USP21,DTX3,1,1
USP21,ECHDC2,1,1
USP21,EIF4A2,1,1
USP21,EOGT,1,1
USP21,EXT2,1,1
USP21,FAM72B,1,1
USP21,FBXO27,1,1
USP21,FBXW5,1,1
USP21,GAS6,1,1
USP21,GINS4,1,1
USP21,GPSM3,1,1
USP21,IGHMBP2,1,1
USP21,MTMR11,1,1
USP21,NINL,1,1
USP21,PACS2,1,1
USP21,PLCB1,1,1
USP21,POGZ,1,1
USP21,PRKAR2B,1,1
USP21,PRR11,1,1
USP21,PRR14,1,1
USP21,PSKH1,1,1
USP21,PSMA2,1,1
USP21,PSMB1,1,1
USP21,RALGDS,1,1
USP21,SETD4,1,1
USP21,SHFM1,1,1
USP21,SHISA5,1,1
USP21,SMARCD3,1,1
USP21,SPSB3,1,1
USP21,SV2A,1,1
USP21,TBC1D13,1,1
USP21,TXNDC5,1,1
USP21,VRK2,1,1
USP21,ZNF250,1,1
RAB11FIP1,DZIP1,1,1
RAB11FIP1,GPER1,1,1
RAB11FIP1,USF3,1,1
RAB11FIP1,ZFP57,1,1
XRRA1,COL18A1,1,1
XRRA1,LDHAP7,1,1
XRRA1,PPOX,1,1
XRRA1,PWP1,1,1
XRRA1,RP11-384K6.6,1,1
USP8,CNTNAP3B,1,1
USP8,GPER1,1,1
JOSD1,AHCY,1,1
JOSD1,ANKRD17,1,1
JOSD1,ARPIN,1,1
JOSD1,CHD2,1,1
JOSD1,CLIP3,1,1
JOSD1,DLG3,1,1
JOSD1,FASN,1,1
JOSD1,FBXO25,1,1
JOSD1,GCSH,1,1
JOSD1,MPHOSPH8,1,1
JOSD1,MSTO1,1,1
JOSD1,TGFB1I1,1,1
JOSD1,TMEM138,1,1
JOSD1,TRAP1,1,1
IKBIP,ATG4A,1,1
IKBIP,ATP2A2,1,1
IKBIP,C12ORF45,1,1
IKBIP,CBX3,1,1
IKBIP,CCNB1IP1,1,1
IKBIP,CCT6A,1,1
IKBIP,CDC27,1,1
IKBIP,CLUH,1,1
IKBIP,DHX9,1,1
IKBIP,DNAJC10,1,1
IKBIP,DNAJC2,1,1
IKBIP,EIF3B,1,1
IKBIP,EOGT,1,1
IKBIP,FGFR1OP,1,1
IKBIP,GPR3,1,1
IKBIP,ITGA6,1,1
IKBIP,KIAA1715,1,1
IKBIP,LCLAT1,1,1
IKBIP,MAP6D1,1,1
IKBIP,METTL8,1,1
IKBIP,MTDH,1,1
IKBIP,NRXN3,1,1
IKBIP,NT5C3A,1,1
IKBIP,PES 1.00,1,1
IKBIP,PUS7,1,1
IKBIP,PXN,1,1
IKBIP,RAB30,1,1
IKBIP,RNF149,1,1
IKBIP,SELT,1,1
IKBIP,SF3A1,1,1
IKBIP,SLC12A2,1,1
IKBIP,SLC30A5,1,1
IKBIP,SLC39A14,1,1
IKBIP,SSR1,1,1
IKBIP,TFRC,1,1
IKBIP,TMEM209,1,1
IKBIP,TTC26,1,1
IKBIP,UGDH,1,1
IKBIP,WNT10B,1,1
SUCLG1,TSC2,1,1
AUTS2,AC013461.1,1,1
AUTS2,AGO3,1,1
AUTS2,AHCY,1,1
AUTS2,AK1,1,1
AUTS2,AKNA,1,1
AUTS2,ALDH2,1,1
AUTS2,ARHGEF7,1,1
AUTS2,ARMCX4,1,1
AUTS2,ARPIN,1,1
AUTS2,B3GALNT1,1,1
AUTS2,BST1,1,1
AUTS2,BZW2,1,1
AUTS2,CDIP1,1,1
AUTS2,CTIF,1,1
AUTS2,DMKN,1,1
AUTS2,DNAJC10,1,1
AUTS2,DYM,1,1
AUTS2,EIF4EBP2,1,1
AUTS2,ELP2,1,1
AUTS2,FASN,1,1
AUTS2,FBXO25,1,1
AUTS2,FBXO27,1,1
AUTS2,GNL1,1,1
AUTS2,GTF2F2,1,1
AUTS2,HIF1AN,1,1
AUTS2,HOXA3,1,1
AUTS2,HPRT1,1,1
AUTS2,KPNA5,1,1
AUTS2,LMAN1,1,1
AUTS2,MANEAL,1,1
AUTS2,MPHOSPH8,1,1
AUTS2,MTMR14,1,1
AUTS2,MYDGF,1,1
AUTS2,NCOA4,1,1
AUTS2,NEK9,1,1
AUTS2,NINL,1,1
AUTS2,NUDT3,1,1
AUTS2,PANK1,1,1
AUTS2,PDIA6,1,1
AUTS2,PERP,1,1
AUTS2,PGK 1.00,1,1
AUTS2,PI4K2A,1,1
AUTS2,POGZ,1,1
AUTS2,PRKAR2B,1,1
AUTS2,PRR14,1,1
AUTS2,PSMD3,1,1
AUTS2,RPA3,1,1
AUTS2,SAP18,1,1
AUTS2,SEC61G,1,1
AUTS2,SMG6,1,1
AUTS2,SNX15,1,1
AUTS2,SORBS3,1,1
AUTS2,STK24,1,1
AUTS2,SURF4,1,1
AUTS2,SYDE1,1,1
AUTS2,TBC1D13,1,1
AUTS2,TGFB1I1,1,1
AUTS2,TLCD1,1,1
AUTS2,TMEM138,1,1
AUTS2,TMEM184C,1,1
AUTS2,TPMT,1,1
AUTS2,TSPAN17,1,1
AUTS2,TWIST1,1,1
AUTS2,TXNDC12,1,1
AUTS2,UFSP2,1,1
AUTS2,UNC93B1,1,1
AUTS2,VTI1B,1,1
AUTS2,WBP1L,1,1
AUTS2,WDFY3,1,1
AUTS2,ZNF439,1,1
AUTS2,ZNF629,1,1
AUTS2,ZNF69,1,1
AUTS2,ZSCAN29,1,1
ZNF302,ELOVL6,1,1
ZNF302,MYL12A,1,1
ZNF302,ZNF197,1,1
ZNF609,ZCCHC6,1,1
PARD3B,AKNA,1,1
PARD3B,ARHGAP45,1,1
PARD3B,ARID5B,1,1
PARD3B,BST1,1,1
PARD3B,CRYBG3,1,1
PARD3B,DUSP16,1,1
PARD3B,DZIP1,1,1
PARD3B,FBXO25,1,1
PARD3B,GPER1,1,1
PARD3B,HNRNPUL2-BSCL2,1,1
PARD3B,KDM3B,1,1
PARD3B,MAP4,1,1
PARD3B,MPRIP,1,1
PARD3B,NCOA4,1,1
PARD3B,PRKX,1,1
PARD3B,PTPN21,1,1
PARD3B,RABGAP1,1,1
PARD3B,SLC2A3P1,1,1
PARD3B,SLC6A17,1,1
PARD3B,TRIM32,1,1
PARD3B,VTI1B,1,1
PARD3B,WDFY3,1,1
PARD3B,ZFP57,1,1
PARD3B,ZNF629,1,1
PARD3B,ZNF69,1,1
PARD3B,ZSCAN29,1,1
KDM2A,BAG1,1,1
KDM2A,COPE,1,1
KDM2A,FAM162A,1,1
KDM2A,NAA38,1,1
KDM2A,NCOA4,1,1
KDM2A,NRN1,1,1
KDM2A,PARP12,1,1
KDM2A,RPA3,1,1
KDM2A,RTF1,1,1
KDM2A,SMG6,1,1
KDM2A,TBC1D13,1,1
KDM2A,TFB1M,1,1
KDM2A,UBE2Q1,1,1
KDM2A,VTI1B,1,1
KDM2A,WHSC1L1,1,1
KDM2A,ZBTB44,1,1
KDM2A,ZMIZ1,1,1
KDM2A,ZSCAN29,1,1
PKIB,ACOT2,1,1
PKIB,ARID5A,1,1
PKIB,EIF4EBP2,1,1
PKIB,PSEN1,1,1
PKIB,RCBTB1,1,1
PKIB,RHOBTB1,1,1
PKIB,WDR1,1,1
PKIB,ZNF439,1,1
DHX15,DHX9,1,1
DHX15,DNAJC2,1,1
DHX15,MTDH,1,1
DHX15,PRPF8,1,1
DHX15,RRN3,1,1
BTBD9,ARID5B,1,1
BTBD9,BST1,1,1
BTBD9,CCDC127,1,1
BTBD9,DYM,1,1
BTBD9,FASN,1,1
BTBD9,FBXO25,1,1
BTBD9,GPER1,1,1
BTBD9,HNRNPUL2-BSCL2,1,1
BTBD9,KDM3B,1,1
BTBD9,KHNYN,1,1
BTBD9,NCOA4,1,1
BTBD9,NDUFA11,1,1
BTBD9,PAM16,1,1
BTBD9,RCBTB1,1,1
BTBD9,RHOBTB1,1,1
BTBD9,SLC6A17,1,1
BTBD9,TFB1M,1,1
BTBD9,TRIM32,1,1
BTBD9,USF3,1,1
BTBD9,WBP1L,1,1
BTBD9,WDFY3,1,1
BTBD9,WDR1,1,1
BTBD9,ZCCHC6,1,1
BTBD9,ZNF395,1,1
BTBD9,ZNF439,1,1
BTBD9,ZNF69,1,1
PPP2R5B,DMPK,1,1
PPP2R5B,MAP4,1,1
PPP2R5B,MTMR11,1,1
PPP2R5B,ROBO3,1,1
PPP2R5B,TROAP,1,1
LZTS2,CIC,1,1
LZTS2,CLIP3,1,1
LZTS2,DLG3,1,1
LZTS2,DNAJC18,1,1
LZTS2,DUSP16,1,1
LZTS2,GCSH,1,1
LZTS2,LRSAM1,1,1
LZTS2,MARCH9,1,1
LZTS2,SOX12,1,1
LZTS2,TBC1D17,1,1
LZTS2,VAMP5,1,1
MRM2,AC013461.1,1,1
MRM2,AES,1,1
MRM2,ATG4A,1,1
MRM2,ATP2A2,1,1
MRM2,AUP1,1,1
MRM2,BOP 1.00,1,1
MRM2,CCDC28B,1,1
MRM2,CCT6A,1,1
MRM2,CDC27,1,1
MRM2,CYCS,1,1
MRM2,EIF4A1,1,1
MRM2,EIF4A2,1,1
MRM2,EIF4G1,1,1
MRM2,GINS4,1,1
MRM2,HAT1,1,1
MRM2,ING4,1,1
MRM2,ITGA6,1,1
MRM2,KHNYN,1,1
MRM2,MCCC2,1,1
MRM2,METTL8,1,1
MRM2,NRXN3,1,1
MRM2,PACS2,1,1
MRM2,PDK1,1,1
MRM2,PPM1F,1,1
MRM2,PSMA2,1,1
MRM2,SENP7,1,1
MRM2,SF3A1,1,1
MRM2,SLC30A5,1,1
MRM2,SLC39A14,1,1
MRM2,SNRNP40,1,1
MRM2,STK32C,1,1
MRM2,TFRC,1,1
MRM2,UTP18,1,1
MRM2,VTA1,1,1
MRM2,ZNF445,1,1
MRM2,ZNRF3,1,1
AK1,AC013461.1,1,1
AK1,AHCY,1,1
AK1,AKNA,1,1
AK1,ALDH2,1,1
AK1,ARL8A,1,1
AK1,ASCC1,1,1
AK1,AUP1,1,1
AK1,BOLA3,1,1
AK1,BOP 1.00,1,1
AK1,BST1,1,1
AK1,C12ORF45,1,1
AK1,C17ORF53,1,1
AK1,C19ORF24,1,1
AK1,C6ORF47,1,1
AK1,CAD,1,1
AK1,CCDC127,1,1
AK1,CCNB1IP1,1,1
AK1,CCT6A,1,1
AK1,CDIP1,1,1
AK1,CTIF,1,1
AK1,CUEDC2,1,1
AK1,CUL4B,1,1
AK1,CYCS,1,1
AK1,DDX54,1,1
AK1,DIP2A,1,1
AK1,DLEU1,1,1
AK1,DLG3,1,1
AK1,DMKN,1,1
AK1,DNAJC10,1,1
AK1,DUSP16,1,1
AK1,DYM,1,1
AK1,ECHDC2,1,1
AK1,ELP2,1,1
AK1,EOGT,1,1
AK1,EXT2,1,1
AK1,FAM72B,1,1
AK1,FASN,1,1
AK1,FBXO25,1,1
AK1,FBXO27,1,1
AK1,FBXW5,1,1
AK1,GINS4,1,1
AK1,GNL1,1,1
AK1,GPI,1,1
AK1,GPR3,1,1
AK1,GPSM3,1,1
AK1,HIF1AN,1,1
AK1,HOXA3,1,1
AK1,HPRT1,1,1
AK1,ICA1,1,1
AK1,ING4,1,1
AK1,LMAN1,1,1
AK1,LRSAM1,1,1
AK1,MANEAL,1,1
AK1,MAP6D1,1,1
AK1,MMP2,1,1
AK1,MRPS7,1,1
AK1,MTMR11,1,1
AK1,MTMR14,1,1
AK1,MYL12A,1,1
AK1,NDST2,1,1
AK1,NEK9,1,1
AK1,NINL,1,1
AK1,NOL12,1,1
AK1,NUDT3,1,1
AK1,OTUD1,1,1
AK1,PES 1.00,1,1
AK1,PI4K2A,1,1
AK1,PMM2,1,1
AK1,PRKAR2B,1,1
AK1,PRR11,1,1
AK1,PRR14,1,1
AK1,PRRC2B,1,1
AK1,PSKH1,1,1
AK1,PSMA2,1,1
AK1,PSMB6,1,1
AK1,PSMD3,1,1
AK1,PTPN21,1,1
AK1,PUS7,1,1
AK1,RAB2B,1,1
AK1,RABGAP1,1,1
AK1,RFC2,1,1
AK1,RPA3,1,1
AK1,SELT,1,1
AK1,SENP7,1,1
AK1,SNRNP40,1,1
AK1,SNX15,1,1
AK1,SORBS3,1,1
AK1,SOX12,1,1
AK1,SPAG5,1,1
AK1,SPSB3,1,1
AK1,SUFU,1,1
AK1,SV2A,1,1
AK1,TCN2,1,1
AK1,TGFB1I1,1,1
AK1,UFSP2,1,1
AK1,UNC93B1,1,1
AK1,VAMP5,1,1
AK1,VPS39,1,1
AK1,VRK2,1,1
AK1,VTI1B,1,1
AK1,WBP1L,1,1
AK1,WNT10B,1,1
AK1,ZNF248,1,1
AK1,ZNF250,1,1
AK1,ZNF331,1,1
AK1,ZNF512,1,1
AK1,ZNF629,1,1
AK1,ZNF69,1,1
AK1,ZSCAN29,1,1
SSBP2,PLCB3,1,1
ZNF248,AC013461.1,1,1
ZNF248,ARMC8,1,1
ZNF248,ASCC1,1,1
ZNF248,C1ORF123,1,1
ZNF248,CAD,1,1
ZNF248,CCT6A,1,1
ZNF248,CUEDC2,1,1
ZNF248,CYCS,1,1
ZNF248,DYNLT1,1,1
ZNF248,ELP2,1,1
ZNF248,EOGT,1,1
ZNF248,HPRT1,1,1
ZNF248,LRSAM1,1,1
ZNF248,MTMR14,1,1
ZNF248,NDST2,1,1
ZNF248,NEK9,1,1
ZNF248,NOL12,1,1
ZNF248,OTUD1,1,1
ZNF248,PES 1.00,1,1
ZNF248,PI4K2A,1,1
ZNF248,PMM2,1,1
ZNF248,PRKAR2B,1,1
ZNF248,PRR14,1,1
ZNF248,PSKH1,1,1
ZNF248,RAB2B,1,1
ZNF248,SELT,1,1
ZNF248,SLC37A4,1,1
ZNF248,SNX15,1,1
ZNF248,SOX12,1,1
ZNF248,SPSB3,1,1
ZNF248,ST3GAL3,1,1
ZNF248,TFAP2C,1,1
ZNF248,UNC93B1,1,1
ZNF248,VRK2,1,1
ZNF248,ZNF331,1,1
ZNF248,ZNF512,1,1
CYCS,AC013461.1,1,1
CYCS,AKNA,1,1
CYCS,ALDH2,1,1
CYCS,ARID5A,1,1
CYCS,AUP1,1,1
CYCS,BOP 1.00,1,1
CYCS,C19ORF24,1,1
CYCS,C6ORF47,1,1
CYCS,CAD,1,1
CYCS,CCDC127,1,1
CYCS,CCNB1IP1,1,1
CYCS,CCNC,1,1
CYCS,CCT6A,1,1
CYCS,CDIP1,1,1
CYCS,CDR2,1,1
CYCS,CUEDC2,1,1
CYCS,CUL4B,1,1
CYCS,DDX54,1,1
CYCS,DMKN,1,1
CYCS,DNAJC10,1,1
CYCS,DTX3,1,1
CYCS,DYM,1,1
CYCS,ECHDC2,1,1
CYCS,EIF4A1,1,1
CYCS,ELP2,1,1
CYCS,EXT2,1,1
CYCS,FAM72B,1,1
CYCS,FBXW5,1,1
CYCS,FGFR1OP,1,1
CYCS,GINS4,1,1
CYCS,GPSM3,1,1
CYCS,HAT1,1,1
CYCS,HJURP,1,1
CYCS,HOXA3,1,1
CYCS,ICA1,1,1
CYCS,ING4,1,1
CYCS,IST1,1,1
CYCS,ITGA6,1,1
CYCS,KHNYN,1,1
CYCS,LRSAM1,1,1
CYCS,MANEAL,1,1
CYCS,MCCC2,1,1
CYCS,METTL8,1,1
CYCS,MMP2,1,1
CYCS,MRPS7,1,1
CYCS,NEK9,1,1
CYCS,NINL,1,1
CYCS,NOL12,1,1
CYCS,OTUD1,1,1
CYCS,PACS2,1,1
CYCS,PDK1,1,1
CYCS,PMM2,1,1
CYCS,PRKAR2B,1,1
CYCS,PRR11,1,1
CYCS,PRR14,1,1
CYCS,PRRC2B,1,1
CYCS,PSEN1,1,1
CYCS,PSKH1,1,1
CYCS,PSMA2,1,1
CYCS,RAB2B,1,1
CYCS,RABGAP1,1,1
CYCS,RHOBTB1,1,1
CYCS,RITA1,1,1
CYCS,SELT,1,1
CYCS,SENP7,1,1
CYCS,SF3A1,1,1
CYCS,SLC30A5,1,1
CYCS,SLC39A3,1,1
CYCS,SNRNP40,1,1
CYCS,SPSB3,1,1
CYCS,STK32C,1,1
CYCS,TFAP2C,1,1
CYCS,TMEM209,1,1
CYCS,TPMT,1,1
CYCS,TTC26,1,1
CYCS,UFSP2,1,1
CYCS,UNC93B1,1,1
CYCS,VPS39,1,1
CYCS,VTA1,1,1
CYCS,VTI1B,1,1
CYCS,WBP1L,1,1
CYCS,WNT10B,1,1
CYCS,ZNF250,1,1
CYCS,ZNF331,1,1
CYCS,ZNF445,1,1
CYCS,ZNF512,1,1
CYCS,ZNF629,1,1
CYCS,ZNF69,1,1
BAG1,CRYBG3,1,1
BAG1,DDX6,1,1
BAG1,NCOA4,1,1
BAG1,NRN1,1,1
BAG1,PARP12,1,1
BAG1,RTF1,1,1
BAG1,SAP18,1,1
BAG1,TAF3,1,1
BAG1,TFB1M,1,1
BAG1,UBE2Q1,1,1
TRAP1,AHCY,1,1
TRAP1,ARPIN,1,1
TRAP1,BZW2,1,1
TRAP1,MPHOSPH8,1,1
TRAP1,PI4K2A,1,1
TRAP1,PSMD3,1,1
TRAP1,SLC25A19,1,1
TRAP1,SNX15,1,1
TRAP1,SORBS3,1,1
TRAP1,TGFB1I1,1,1
TRAP1,TMEM138,1,1
TRAP1,TMEM184C,1,1
DMKN,AC013461.1,1,1
DMKN,ADAMTS7,1,1
DMKN,AKNA,1,1
DMKN,ALDH2,1,1
DMKN,ARHGAP45,1,1
DMKN,ARHGEF7,1,1
DMKN,ARL8A,1,1
DMKN,ATP5E,1,1
DMKN,ATP5G1,1,1
DMKN,AUP1,1,1
DMKN,BOLA3,1,1
DMKN,BST1,1,1
DMKN,C19ORF24,1,1
DMKN,CBX3,1,1
DMKN,CCNB1IP1,1,1
DMKN,CCNC,1,1
DMKN,CCT6A,1,1
DMKN,CDIP1,1,1
DMKN,CDR2,1,1
DMKN,CS,1,1
DMKN,CTIF,1,1
DMKN,CUL4B,1,1
DMKN,DDX54,1,1
DMKN,DNAJC10,1,1
DMKN,DTX3,1,1
DMKN,DYM,1,1
DMKN,ECHDC2,1,1
DMKN,EIF3B,1,1
DMKN,EML3,1,1
DMKN,EOGT,1,1
DMKN,EXT2,1,1
DMKN,FAM72B,1,1
DMKN,FBXO27,1,1
DMKN,FBXW5,1,1
DMKN,GINS4,1,1
DMKN,GNL1,1,1
DMKN,GPI,1,1
DMKN,GPSM3,1,1
DMKN,HIF1AN,1,1
DMKN,HOXA3,1,1
DMKN,IST1,1,1
DMKN,KPNA2,1,1
DMKN,LMAN1,1,1
DMKN,LRSAM1,1,1
DMKN,MANEAL,1,1
DMKN,MAP6D1,1,1
DMKN,MPV17L2,1,1
DMKN,MTMR11,1,1
DMKN,NEK9,1,1
DMKN,NINL,1,1
DMKN,NOL12,1,1
DMKN,NUDT3,1,1
DMKN,PLCB1,1,1
DMKN,POGZ,1,1
DMKN,PRKAR2B,1,1
DMKN,PRKX,1,1
DMKN,PRR11,1,1
DMKN,PRR14,1,1
DMKN,PSKH1,1,1
DMKN,PSMA2,1,1
DMKN,PSMB1,1,1
DMKN,PSMB6,1,1
DMKN,PTPN21,1,1
DMKN,RABGAP1,1,1
DMKN,RALGDS,1,1
DMKN,RITA1,1,1
DMKN,RPA1,1,1
DMKN,RPA3,1,1
DMKN,SENP7,1,1
DMKN,SHFM1,1,1
DMKN,SHISA5,1,1
DMKN,SLC39A3,1,1
DMKN,SNRNP40,1,1
DMKN,SNX15,1,1
DMKN,SOX12,1,1
DMKN,SUFU,1,1
DMKN,SV2A,1,1
DMKN,SYDE1,1,1
DMKN,TBC1D13,1,1
DMKN,TCN2,1,1
DMKN,TMEM209,1,1
DMKN,TPT1,1,1
DMKN,TTC26,1,1
DMKN,TXNDC5,1,1
DMKN,UBE2Q1,1,1
DMKN,UFSP2,1,1
DMKN,VPS39,1,1
DMKN,VRK2,1,1
DMKN,VTI1B,1,1
DMKN,ZMIZ1,1,1
DMKN,ZNF250,1,1
DMKN,ZNF512,1,1
DMKN,ZNF629,1,1
DMKN,ZNF69,1,1
DMKN,ZSCAN29,1,1
GAS6,DMPK,1,1
GAS6,DTX3,1,1
GAS6,EML3,1,1
GAS6,IFNAR2,1,1
GAS6,IRGQ,1,1
GAS6,MTMR11,1,1
GAS6,POGZ,1,1
GAS6,PSMB1,1,1
GAS6,ROBO3,1,1
GAS6,SHFM1,1,1
GAS6,SMARCD3,1,1
GAS6,SV2A,1,1
GAS6,SYDE1,1,1
GAS6,TXNDC5,1,1
GAS6,ZNF250,1,1
CCDC28B,AC013461.1,1,1
CCDC28B,AES,1,1
CCDC28B,ALDH2,1,1
CCDC28B,ARHGEF25,1,1
CCDC28B,C17ORF53,1,1
CCDC28B,CCDC127,1,1
CCDC28B,CDIP1,1,1
CCDC28B,DDX54,1,1
CCDC28B,DIP2A,1,1
CCDC28B,EIF4A1,1,1
CCDC28B,GINS4,1,1
CCDC28B,HAT1,1,1
CCDC28B,HJURP,1,1
CCDC28B,ICA1,1,1
CCDC28B,ING4,1,1
CCDC28B,KHNYN,1,1
CCDC28B,LRSAM1,1,1
CCDC28B,MAP4,1,1
CCDC28B,MARCH9,1,1
CCDC28B,MCCC2,1,1
CCDC28B,MTMR11,1,1
CCDC28B,PACS2,1,1
CCDC28B,PRR11,1,1
CCDC28B,PRRC2B,1,1
CCDC28B,PSKH1,1,1
CCDC28B,PSMA2,1,1
CCDC28B,RAB2B,1,1
CCDC28B,RBL2,1,1
CCDC28B,ROBO3,1,1
CCDC28B,SENP7,1,1
CCDC28B,SMARCD3,1,1
CCDC28B,SNRNP40,1,1
CCDC28B,TBC1D17,1,1
CCDC28B,ZNF250,1,1
SIX5,HELZ2,1,1
SIX5,ICA1,1,1
SIX5,PLCB3,1,1
SIX5,ZSCAN26,1,1
SMG6,AKNA,1,1
SMG6,ARHGEF7,1,1
SMG6,ARMCX4,1,1
SMG6,ARPIN,1,1
SMG6,BAHD1,1,1
SMG6,BST1,1,1
SMG6,BZW2,1,1
SMG6,CHTF8,1,1
SMG6,CTIF,1,1
SMG6,DNAJC10,1,1
SMG6,DYM,1,1
SMG6,EIF4EBP2,1,1
SMG6,FASN,1,1
SMG6,GNL1,1,1
SMG6,GTF2F2,1,1
SMG6,HIF1AN,1,1
SMG6,HOXA3,1,1
SMG6,LMAN1,1,1
SMG6,MYDGF,1,1
SMG6,NCOA4,1,1
SMG6,NUDT3,1,1
SMG6,PANK1,1,1
SMG6,PDIA6,1,1
SMG6,PRKX,1,1
SMG6,PTPN21,1,1
SMG6,RPA3,1,1
SMG6,SAP18,1,1
SMG6,SLC2A3P1,1,1
SMG6,SLF2,1,1
SMG6,SNX15,1,1
SMG6,SORBS3,1,1
SMG6,STK24,1,1
SMG6,SYDE1,1,1
SMG6,TBC1D13,1,1
SMG6,TFB1M,1,1
SMG6,TGFB1I1,1,1
SMG6,TMEM138,1,1
SMG6,TMEM184C,1,1
SMG6,TSPAN17,1,1
SMG6,TWIST1,1,1
SMG6,UBE2Q1,1,1
SMG6,VTI1B,1,1
SMG6,ZNF331,1,1
SMG6,ZNF629,1,1
SMG6,ZNF69,1,1
SMG6,ZSCAN29,1,1
SHISA5,ADAMTS7,1,1
SHISA5,ARHGEF25,1,1
SHISA5,C16ORF45,1,1
SHISA5,CBX3,1,1
SHISA5,CCNB1IP1,1,1
SHISA5,CCNC,1,1
SHISA5,CDR2,1,1
SHISA5,CUL4B,1,1
SHISA5,DDX54,1,1
SHISA5,DTL,1,1
SHISA5,DTX3,1,1
SHISA5,ECHDC2,1,1
SHISA5,EML3,1,1
SHISA5,EOGT,1,1
SHISA5,FBXW5,1,1
SHISA5,GINS4,1,1
SHISA5,GPI,1,1
SHISA5,GPSM3,1,1
SHISA5,ICA1,1,1
SHISA5,IST1,1,1
SHISA5,KPNA2,1,1
SHISA5,MAP6D1,1,1
SHISA5,MTMR11,1,1
SHISA5,PSMA2,1,1
SHISA5,PSMB1,1,1
SHISA5,RALGDS,1,1
SHISA5,RITA1,1,1
SHISA5,RPA1,1,1
SHISA5,SETD4,1,1
SHISA5,SHFM1,1,1
SHISA5,SLC12A2,1,1
SHISA5,SLC39A3,1,1
SHISA5,SPSB3,1,1
SHISA5,STX5,1,1
SHISA5,SUFU,1,1
SHISA5,SV2A,1,1
SHISA5,TPT1,1,1
SHISA5,TXNDC5,1,1
SHISA5,VPS39,1,1
SHISA5,VRK2,1,1
SHISA5,ZNF250,1,1
SHISA5,ZNF512,1,1
SHISA5,ZSCAN26,1,1
PPM1F,ATP2A2,1,1
PPM1F,CDC27,1,1
PPM1F,EIF4A1,1,1
PPM1F,ITGA6,1,1
PPM1F,ITGB8,1,1
PPM1F,MCCC2,1,1
PPM1F,MEF2A,1,1
PPM1F,PDK1,1,1
PPM1F,SLC39A14,1,1
PPM1F,TNC,1,1
LRSAM1,AC013461.1,1,1
LRSAM1,AES,1,1
LRSAM1,ALDH2,1,1
LRSAM1,ARHGEF25,1,1
LRSAM1,ARMC8,1,1
LRSAM1,AUP1,1,1
LRSAM1,BOP 1.00,1,1
LRSAM1,BST1,1,1
LRSAM1,C12ORF45,1,1
LRSAM1,C17ORF53,1,1
LRSAM1,C6ORF47,1,1
LRSAM1,CAD,1,1
LRSAM1,CCT6A,1,1
LRSAM1,CTIF,1,1
LRSAM1,CUEDC2,1,1
LRSAM1,CUL4B,1,1
LRSAM1,DDX54,1,1
LRSAM1,DIP2A,1,1
LRSAM1,DLEU1,1,1
LRSAM1,DLG3,1,1
LRSAM1,DTL,1,1
LRSAM1,DUSP16,1,1
LRSAM1,EIF4A1,1,1
LRSAM1,FBXO25,1,1
LRSAM1,FBXO27,1,1
LRSAM1,GINS4,1,1
LRSAM1,GNL1,1,1
LRSAM1,GPSM3,1,1
LRSAM1,HPRT1,1,1
LRSAM1,ICA1,1,1
LRSAM1,ING4,1,1
LRSAM1,MARCH9,1,1
LRSAM1,MRPS7,1,1
LRSAM1,MTMR11,1,1
LRSAM1,MTMR14,1,1
LRSAM1,NEK9,1,1
LRSAM1,NOL12,1,1
LRSAM1,OTUD1,1,1
LRSAM1,PES 1.00,1,1
LRSAM1,PMM2,1,1
LRSAM1,PRKAR2B,1,1
LRSAM1,PRR14,1,1
LRSAM1,PRRC2B,1,1
LRSAM1,PSKH1,1,1
LRSAM1,PUS7,1,1
LRSAM1,RAB2B,1,1
LRSAM1,RABGAP1,1,1
LRSAM1,RBL2,1,1
LRSAM1,RFC2,1,1
LRSAM1,RMND5B,1,1
LRSAM1,ROBO3,1,1
LRSAM1,SELT,1,1
LRSAM1,SENP7,1,1
LRSAM1,SNRNP40,1,1
LRSAM1,SNX15,1,1
LRSAM1,SOX12,1,1
LRSAM1,SPAG5,1,1
LRSAM1,SPSB3,1,1
LRSAM1,SUFU,1,1
LRSAM1,TBC1D17,1,1
LRSAM1,TCN2,1,1
LRSAM1,UNC93B1,1,1
LRSAM1,VAMP5,1,1
LRSAM1,VDAC1,1,1
LRSAM1,VPS39,1,1
LRSAM1,VRK2,1,1
LRSAM1,WBP1L,1,1
LRSAM1,ZNF250,1,1
LRSAM1,ZNF331,1,1
LRSAM1,ZNF512,1,1
LRSAM1,ZNF69,1,1
TMEM209,ATP2A2,1,1
TMEM209,AUP1,1,1
TMEM209,C12ORF45,1,1
TMEM209,CBX3,1,1
TMEM209,CCNB1IP1,1,1
TMEM209,CCNC,1,1
TMEM209,CCT6A,1,1
TMEM209,CDC27,1,1
TMEM209,CHFR,1,1
TMEM209,CTBP1,1,1
TMEM209,CUL4B,1,1
TMEM209,DNAJC10,1,1
TMEM209,EIF3B,1,1
TMEM209,EOGT,1,1
TMEM209,EXT2,1,1
TMEM209,FBXW5,1,1
TMEM209,FGFR1OP,1,1
TMEM209,HOXA3,1,1
TMEM209,IST1,1,1
TMEM209,ITGA6,1,1
TMEM209,LCLAT1,1,1
TMEM209,LMAN1,1,1
TMEM209,LRP5,1,1
TMEM209,MAP6D1,1,1
TMEM209,NRXN3,1,1
TMEM209,PSMA2,1,1
TMEM209,PUS7,1,1
TMEM209,PXN,1,1
TMEM209,RABGAP1,1,1
TMEM209,RITA1,1,1
TMEM209,SLC12A2,1,1
TMEM209,SLC30A5,1,1
TMEM209,SLC39A14,1,1
TMEM209,SLC39A3,1,1
TMEM209,SSR1,1,1
TMEM209,TPMT,1,1
TMEM209,TTC26,1,1
TMEM209,UGDH,1,1
TMEM209,VPS39,1,1
TMEM209,WNT10B,1,1
AP2A2,CLIP3,1,1
C19ORF24,AC013461.1,1,1
C19ORF24,AUP1,1,1
C19ORF24,CAD,1,1
C19ORF24,CCNB1IP1,1,1
C19ORF24,CCNC,1,1
C19ORF24,CCT6A,1,1
C19ORF24,CDIP1,1,1
C19ORF24,CUEDC2,1,1
C19ORF24,CUL4B,1,1
C19ORF24,DDX54,1,1
C19ORF24,DNAJC10,1,1
C19ORF24,DYM,1,1
C19ORF24,ECHDC2,1,1
C19ORF24,EIF3B,1,1
C19ORF24,EIF4A1,1,1
C19ORF24,EIF4A2,1,1
C19ORF24,EIF4EBP2,1,1
C19ORF24,ELP2,1,1
C19ORF24,EOGT,1,1
C19ORF24,EXT2,1,1
C19ORF24,FBXW5,1,1
C19ORF24,GINS4,1,1
C19ORF24,GPI,1,1
C19ORF24,ICA1,1,1
C19ORF24,ITGA6,1,1
C19ORF24,MANEAL,1,1
C19ORF24,MMP2,1,1
C19ORF24,NEK9,1,1
C19ORF24,NOL12,1,1
C19ORF24,NUDT3,1,1
C19ORF24,PAIP2,1,1
C19ORF24,PLCB1,1,1
C19ORF24,PRR14,1,1
C19ORF24,PRRC2B,1,1
C19ORF24,PSKH1,1,1
C19ORF24,PSMA2,1,1
C19ORF24,PSMB6,1,1
C19ORF24,RABGAP1,1,1
C19ORF24,RHOBTB1,1,1
C19ORF24,RITA1,1,1
C19ORF24,SENP7,1,1
C19ORF24,SF3A1,1,1
C19ORF24,SLC39A3,1,1
C19ORF24,SNRNP40,1,1
C19ORF24,STK32C,1,1
C19ORF24,TTC26,1,1
C19ORF24,UFSP2,1,1
C19ORF24,UNC93B1,1,1
C19ORF24,WNT10B,1,1
C19ORF24,ZNF512,1,1
C19ORF24,ZNF69,1,1
PES 1.00,C12ORF45,1,1
PES 1.00,C1ORF123,1,1
PES 1.00,CAD,1,1
PES 1.00,CCT6A,1,1
PES 1.00,CUEDC2,1,1
PES 1.00,DLEU1,1,1
PES 1.00,DNAJC2,1,1
PES 1.00,EIF3B,1,1
PES 1.00,EOGT,1,1
PES 1.00,GPR3,1,1
PES 1.00,HPRT1,1,1
PES 1.00,LCLAT1,1,1
PES 1.00,MANEAL,1,1
PES 1.00,NEK9,1,1
PES 1.00,NOL12,1,1
PES 1.00,PERP,1,1
PES 1.00,PGK 1.00,1,1
PES 1.00,PMM2,1,1
PES 1.00,PRR14,1,1
PES 1.00,PSMD3,1,1
PES 1.00,PUS7,1,1
PES 1.00,RAB30,1,1
PES 1.00,RNF149,1,1
PES 1.00,SEC61G,1,1
PES 1.00,SELT,1,1
PES 1.00,SLC37A4,1,1
PES 1.00,TLCD1,1,1
PES 1.00,TWIST1,1,1
PES 1.00,UNC93B1,1,1
PES 1.00,WNT10B,1,1
PES 1.00,ZNRF3,1,1
RFC2,ABCB10,1,1
RFC2,AHCY,1,1
RFC2,ARMC8,1,1
RFC2,BOLA3,1,1
RFC2,BZW2,1,1
RFC2,C17ORF53,1,1
RFC2,CS,1,1
RFC2,CTIF,1,1
RFC2,FBXO27,1,1
RFC2,GDI1,1,1
RFC2,HPRT1,1,1
RFC2,MTMR14,1,1
RFC2,MYDGF,1,1
RFC2,NDST2,1,1
RFC2,NEK9,1,1
RFC2,OTUD1,1,1
RFC2,PGK 1.00,1,1
RFC2,PI4K2A,1,1
RFC2,PSMD3,1,1
RFC2,RMND5B,1,1
RFC2,SLC25A19,1,1
RFC2,SNX15,1,1
RFC2,SORBS3,1,1
RFC2,SOX12,1,1
RFC2,SPAG5,1,1
RFC2,SPTAN1,1,1
RFC2,SRP68,1,1
RFC2,TOP2A,1,1
RFC2,VAMP5,1,1
RFC2,ZNF331,1,1
RFC2,ZSWIM8,1,1
PRKX,AKNA,1,1
PRKX,ARHGAP45,1,1
PRKX,ARL8A,1,1
PRKX,ATP6V1D,1,1
PRKX,BRWD1,1,1
PRKX,BST1,1,1
PRKX,CCNC,1,1
PRKX,CDIP1,1,1
PRKX,CHTF8,1,1
PRKX,CUL4B,1,1
PRKX,DNAJC10,1,1
PRKX,DYM,1,1
PRKX,EIF4EBP2,1,1
PRKX,EXT2,1,1
PRKX,FBXW5,1,1
PRKX,GPSM3,1,1
PRKX,GTF2F2,1,1
PRKX,HIF1AN,1,1
PRKX,IST1,1,1
PRKX,NUDT3,1,1
PRKX,PTPN21,1,1
PRKX,RABGAP1,1,1
PRKX,RTF1,1,1
PRKX,SYDE1,1,1
PRKX,TCN2,1,1
PRKX,UBE2Q1,1,1
PRKX,VPS39,1,1
PRKX,VTI1B,1,1
PRKX,WHSC1L1,1,1
PRKX,ZMIZ1,1,1
PRKX,ZNF69,1,1
PRKX,ZSCAN29,1,1
IST1,ARHGAP45,1,1
IST1,BRWD1,1,1
IST1,CBX3,1,1
IST1,CCNC,1,1
IST1,CDIP1,1,1
IST1,CHFR,1,1
IST1,CUL4B,1,1
IST1,DZIP1,1,1
IST1,EXT2,1,1
IST1,FBXW5,1,1
IST1,FGFR1OP,1,1
IST1,GPSM3,1,1
IST1,ITGA6,1,1
IST1,KHNYN,1,1
IST1,NME2,1,1
IST1,PSMA2,1,1
IST1,PTPN21,1,1
IST1,RABGAP1,1,1
IST1,RALGDS,1,1
IST1,SENP7,1,1
IST1,SLC30A5,1,1
IST1,SLC39A3,1,1
IST1,SSR1,1,1
IST1,TCN2,1,1
IST1,VPS39,1,1
IST1,VTI1B,1,1
IST1,ZBTB44,1,1
IST1,ZMIZ1,1,1
IST1,ZNF250,1,1
IST1,ZNF69,1,1
IST1,ZSCAN26,1,1
IST1,ZSCAN29,1,1
MRPS7,ARHGEF25,1,1
MRPS7,BOP 1.00,1,1
MRPS7,CCNB1IP1,1,1
MRPS7,CCT6A,1,1
MRPS7,CLUH,1,1
MRPS7,DDX54,1,1
MRPS7,EIF4A1,1,1
MRPS7,EIF4A2,1,1
MRPS7,GINS4,1,1
MRPS7,GPI,1,1
MRPS7,HAT1,1,1
MRPS7,HSD17B10,1,1
MRPS7,ICA1,1,1
MRPS7,ING4,1,1
MRPS7,KPNA2,1,1
MRPS7,METTL8,1,1
MRPS7,NEK9,1,1
MRPS7,PRRC2B,1,1
MRPS7,PSKH1,1,1
MRPS7,PSMA2,1,1
MRPS7,RBL2,1,1
MRPS7,RITA1,1,1
MRPS7,RPA1,1,1
MRPS7,SENP7,1,1
MRPS7,SF3A1,1,1
MRPS7,SLC39A3,1,1
MRPS7,SNRNP40,1,1
MRPS7,UTP18,1,1
MRPS7,VDAC1,1,1
MRPS7,VRK2,1,1
MRPS7,ZSCAN26,1,1
ZNF629,ABHD17A,1,1
ZNF629,AC013461.1,1,1
ZNF629,AKNA,1,1
ZNF629,ALDH2,1,1
ZNF629,ARHGAP45,1,1
ZNF629,ARMCX4,1,1
ZNF629,AUP1,1,1
ZNF629,CCDC127,1,1
ZNF629,CCNC,1,1
ZNF629,CDIP1,1,1
ZNF629,DDHD2,1,1
ZNF629,DPYSL2,1,1
ZNF629,DYM,1,1
ZNF629,DZIP1,1,1
ZNF629,ECHDC2,1,1
ZNF629,FAM72B,1,1
ZNF629,FASN,1,1
ZNF629,FBXO25,1,1
ZNF629,FBXO27,1,1
ZNF629,FBXW5,1,1
ZNF629,GINS4,1,1
ZNF629,HOXA3,1,1
ZNF629,KDM3B,1,1
ZNF629,KHNYN,1,1
ZNF629,LRP5,1,1
ZNF629,LRRC57,1,1
ZNF629,MAP4,1,1
ZNF629,MCCC2,1,1
ZNF629,NCOA4,1,1
ZNF629,NINL,1,1
ZNF629,NRN1,1,1
ZNF629,PACS2,1,1
ZNF629,PAM16,1,1
ZNF629,PANK1,1,1
ZNF629,PARP12,1,1
ZNF629,PLCB1,1,1
ZNF629,POGZ,1,1
ZNF629,PRKAR2B,1,1
ZNF629,PRR11,1,1
ZNF629,PRR14,1,1
ZNF629,PSMA2,1,1
ZNF629,PSMB1,1,1
ZNF629,PTPN21,1,1
ZNF629,RAB2B,1,1
ZNF629,RABGAP1,1,1
ZNF629,RHOBTB1,1,1
ZNF629,RPA3,1,1
ZNF629,SAP18,1,1
ZNF629,SHFM1,1,1
ZNF629,SLC6A17,1,1
ZNF629,SYDE1,1,1
ZNF629,TBC1D13,1,1
ZNF629,TFB1M,1,1
ZNF629,TGFB1I1,1,1
ZNF629,TPMT,1,1
ZNF629,TRIM32,1,1
ZNF629,TSPAN17,1,1
ZNF629,TXNDC12,1,1
ZNF629,VTI1B,1,1
ZNF629,WBP1L,1,1
ZNF629,WDFY3,1,1
ZNF629,ZBTB44,1,1
ZNF629,ZMIZ1,1,1
ZNF629,ZNF250,1,1
ZNF629,ZNF439,1,1
ZNF629,ZNF69,1,1
ZNF629,ZSCAN29,1,1
RPL13,C16ORF45,1,1
RPL13,CCNB1IP1,1,1
RPL13,COL18A1,1,1
RPL13,COMMD6,1,1
RPL13,EOGT,1,1
RPL13,IFI27L1,1,1
RPL13,RAB40C,1,1
RPL13,TPT1,1,1
RPL13,VRK2,1,1
ASB8,AES,1,1
ASB8,DZIP1,1,1
ASB8,GTF2H5,1,1
ASB8,SLC39A14,1,1
SETD4,ABHD17A,1,1
SETD4,AC013461.1,1,1
SETD4,ADAMTS7,1,1
SETD4,C16ORF45,1,1
SETD4,CCNC,1,1
SETD4,CTBP1,1,1
SETD4,CUL4B,1,1
SETD4,DTX3,1,1
SETD4,ECHDC2,1,1
SETD4,FAM72B,1,1
SETD4,FBXW5,1,1
SETD4,IGHMBP2,1,1
SETD4,NKTR,1,1
SETD4,PLCB1,1,1
SETD4,PRR11,1,1
SETD4,PSMA2,1,1
SETD4,PSMB1,1,1
SETD4,RITA1,1,1
SETD4,RP11-384K6.6,1,1
SETD4,RPA1,1,1
SETD4,SHFM1,1,1
SETD4,SLC39A3,1,1
SETD4,SMARCD3,1,1
SETD4,TMEM263,1,1
SETD4,TXNDC5,1,1
SETD4,UQCRFS1,1,1
IFNAR2,ARHGAP45,1,1
IFNAR2,EML3,1,1
IFNAR2,POGZ,1,1
IFNAR2,PSMB1,1,1
IFNAR2,PTPN21,1,1
IFNAR2,SHFM1,1,1
IFNAR2,SYDE1,1,1
IFNAR2,ZMIZ1,1,1
IFNAR2,ZSCAN29,1,1
SEC14L2,CD58,1,1
SEC14L2,KPNA5,1,1
SEC14L2,MANEAL,1,1
SEC14L2,NRXN3,1,1
SEC14L2,PDK1,1,1
SEC14L2,PERP,1,1
SEC14L2,PXN,1,1
SEC14L2,RNF149,1,1
SEC14L2,SEC61G,1,1
SEC14L2,SLC37A4,1,1
SEC14L2,SPIDR,1,1
SEC14L2,WNT10B,1,1
SEC14L2,ZNRF3,1,1
HOXA3,AC013461.1,1,1
HOXA3,AKNA,1,1
HOXA3,ARHGEF7,1,1
HOXA3,ARMCX4,1,1
HOXA3,C12ORF45,1,1
HOXA3,CD58,1,1
HOXA3,CDIP1,1,1
HOXA3,CTBP1,1,1
HOXA3,DNAJC10,1,1
HOXA3,DTX3,1,1
HOXA3,ECHDC2,1,1
HOXA3,EXT2,1,1
HOXA3,FBXW5,1,1
HOXA3,GPR3,1,1
HOXA3,GTF2F2,1,1
HOXA3,IGHMBP2,1,1
HOXA3,ITGA6,1,1
HOXA3,LCLAT1,1,1
HOXA3,LMAN1,1,1
HOXA3,LRP5,1,1
HOXA3,MANEAL,1,1
HOXA3,MCCC2,1,1
HOXA3,NINL,1,1
HOXA3,NKTR,1,1
HOXA3,NOL12,1,1
HOXA3,NUDT3,1,1
HOXA3,PDK1,1,1
HOXA3,PERP,1,1
HOXA3,PLCB1,1,1
HOXA3,PRR14,1,1
HOXA3,PSMB1,1,1
HOXA3,RITA1,1,1
HOXA3,SLC30A5,1,1
HOXA3,SSR1,1,1
HOXA3,SYDE1,1,1
HOXA3,TLCD1,1,1
HOXA3,TPMT,1,1
HOXA3,TSPAN17,1,1
HOXA3,TWIST1,1,1
HOXA3,UFSP2,1,1
HOXA3,VTI1B,1,1
HOXA3,WNT10B,1,1
PDIA6,ARMCX4,1,1
PDIA6,ARPIN,1,1
PDIA6,BZW2,1,1
PDIA6,GTF2F2,1,1
PDIA6,HPRT1,1,1
PDIA6,LMAN1,1,1
PDIA6,MANEAL,1,1
PDIA6,MPHOSPH8,1,1
PDIA6,MYDGF,1,1
PDIA6,PERP,1,1
PDIA6,PGK 1.00,1,1
PDIA6,SEC61G,1,1
PDIA6,SNX15,1,1
PDIA6,SORBS3,1,1
PDIA6,STK24,1,1
PDIA6,SURF4,1,1
PDIA6,TGFB1I1,1,1
PDIA6,TLCD1,1,1
PDIA6,TMEM138,1,1
PDIA6,TWIST1,1,1
NKTR,ARHGEF7,1,1
NKTR,CTBP1,1,1
NKTR,DNAJC10,1,1
NKTR,DTX3,1,1
NKTR,ECHDC2,1,1
NKTR,EXT2,1,1
NKTR,IGHMBP2,1,1
NKTR,PLCB1,1,1
NKTR,RAB40C,1,1
NKTR,RITA1,1,1
NKTR,TPMT,1,1
EIF4G1,CAD,1,1
EIF4G1,CCT6A,1,1
EIF4G1,CUEDC2,1,1
EIF4G1,DDX54,1,1
EIF4G1,DNAJC2,1,1
EIF4G1,EIF4A1,1,1
EIF4G1,EIF4A2,1,1
EIF4G1,ELP2,1,1
EIF4G1,GINS4,1,1
EIF4G1,ING4,1,1
EIF4G1,MCCC2,1,1
EIF4G1,METTL8,1,1
EIF4G1,NRXN3,1,1
EIF4G1,PMM2,1,1
EIF4G1,PRPF8,1,1
EIF4G1,PSKH1,1,1
EIF4G1,SELT,1,1
EIF4G1,SF3A1,1,1
EIF4G1,STK32C,1,1
EIF4G1,TFRC,1,1
EIF4G1,UNC93B1,1,1
EIF4G1,UTP18,1,1
EIF4G1,VTA1,1,1
EIF4G1,ZNF445,1,1
EIF4G1,ZNRF3,1,1
VTI1B,AC013461.1,1,1
VTI1B,AKNA,1,1
VTI1B,ARHGAP45,1,1
VTI1B,ARMCX4,1,1
VTI1B,ATP5E,1,1
VTI1B,BOLA3,1,1
VTI1B,BST1,1,1
VTI1B,CCNC,1,1
VTI1B,CDIP1,1,1
VTI1B,CTIF,1,1
VTI1B,DDHD2,1,1
VTI1B,DYM,1,1
VTI1B,DZIP1,1,1
VTI1B,EIF4EBP2,1,1
VTI1B,EXT2,1,1
VTI1B,FAM72B,1,1
VTI1B,FASN,1,1
VTI1B,FBXO25,1,1
VTI1B,FBXW5,1,1
VTI1B,GTF2F2,1,1
VTI1B,HIF1AN,1,1
VTI1B,KDM3B,1,1
VTI1B,LRP5,1,1
VTI1B,MAP4,1,1
VTI1B,MPRIP,1,1
VTI1B,NCOA4,1,1
VTI1B,NEK9,1,1
VTI1B,NINL,1,1
VTI1B,NME2,1,1
VTI1B,NUDT3,1,1
VTI1B,PARP12,1,1
VTI1B,PLCB1,1,1
VTI1B,POGZ,1,1
VTI1B,PRKAR2B,1,1
VTI1B,PRR14,1,1
VTI1B,PSMA2,1,1
VTI1B,PSMB1,1,1
VTI1B,PTPN21,1,1
VTI1B,RABGAP1,1,1
VTI1B,RHOBTB1,1,1
VTI1B,RPA3,1,1
VTI1B,SAP18,1,1
VTI1B,SHFM1,1,1
VTI1B,SLC6A17,1,1
VTI1B,SYDE1,1,1
VTI1B,TBC1D13,1,1
VTI1B,TCN2,1,1
VTI1B,TFB1M,1,1
VTI1B,TGFB1I1,1,1
VTI1B,TRIM32,1,1
VTI1B,TSPAN17,1,1
VTI1B,UBE2Q1,1,1
VTI1B,VPS39,1,1
VTI1B,WBP1L,1,1
VTI1B,WDFY3,1,1
VTI1B,WHSC1L1,1,1
VTI1B,ZBTB44,1,1
VTI1B,ZMIZ1,1,1
VTI1B,ZNF250,1,1
VTI1B,ZNF439,1,1
VTI1B,ZNF69,1,1
VTI1B,ZSCAN29,1,1
EPHA5,AGO3,1,1
EPHA5,AP5M1,1,1
EPHA5,ARPIN,1,1
EPHA5,B3GALNT1,1,1
EPHA5,B3GLCT,1,1
EPHA5,EIF4EBP2,1,1
EPHA5,GTF2F2,1,1
EPHA5,MYL12A,1,1
EPHA5,NUDT3,1,1
EPHA5,SLF2,1,1
EPHA5,STK24,1,1
EPHA5,STMN1,1,1
EPHA5,WDR1,1,1
EPHA5,ZNF197,1,1
EPHA5,ZNF439,1,1
DZIP1,ARHGAP45,1,1
DZIP1,DDHD2,1,1
DZIP1,GPER1,1,1
DZIP1,GTF2H5,1,1
DZIP1,KHNYN,1,1
DZIP1,NCOA4,1,1
DZIP1,RABGAP1,1,1
DZIP1,RHOBTB1,1,1
DZIP1,SLC6A17,1,1
DZIP1,TRIM32,1,1
DZIP1,WDFY3,1,1
DZIP1,ZBTB44,1,1
RABGAP1,AKNA,1,1
RABGAP1,ARHGAP45,1,1
RABGAP1,ARID5B,1,1
RABGAP1,ARL8A,1,1
RABGAP1,ATP6V1D,1,1
RABGAP1,AUP1,1,1
RABGAP1,BOLA3,1,1
RABGAP1,BRWD1,1,1
RABGAP1,BST1,1,1
RABGAP1,C6ORF47,1,1
RABGAP1,CCDC127,1,1
RABGAP1,CCNC,1,1
RABGAP1,CCT6A,1,1
RABGAP1,CDIP1,1,1
RABGAP1,CDR2,1,1
RABGAP1,CUL4B,1,1
RABGAP1,DDX54,1,1
RABGAP1,DLG3,1,1
RABGAP1,DUSP16,1,1
RABGAP1,DYM,1,1
RABGAP1,EIF4EBP2,1,1
RABGAP1,FASN,1,1
RABGAP1,FBXO25,1,1
RABGAP1,FBXW5,1,1
RABGAP1,FGFR1OP,1,1
RABGAP1,GINS4,1,1
RABGAP1,GNL1,1,1
RABGAP1,GPSM3,1,1
RABGAP1,HIF1AN,1,1
RABGAP1,ICA1,1,1
RABGAP1,ING4,1,1
RABGAP1,KHNYN,1,1
RABGAP1,MAP4,1,1
RABGAP1,MMP2,1,1
RABGAP1,MPV17L2,1,1
RABGAP1,NEK9,1,1
RABGAP1,NME2,1,1
RABGAP1,NUDT3,1,1
RABGAP1,PARP12,1,1
RABGAP1,POGZ,1,1
RABGAP1,PRRC2B,1,1
RABGAP1,PSMA2,1,1
RABGAP1,PSMB1,1,1
RABGAP1,PTPN21,1,1
RABGAP1,RALGDS,1,1
RABGAP1,RHOBTB1,1,1
RABGAP1,RPA3,1,1
RABGAP1,SAMD8,1,1
RABGAP1,SBF2,1,1
RABGAP1,SENP7,1,1
RABGAP1,SLC39A3,1,1
RABGAP1,SLC6A17,1,1
RABGAP1,SNRNP40,1,1
RABGAP1,SOX12,1,1
RABGAP1,SUFU,1,1
RABGAP1,SYDE1,1,1
RABGAP1,TCN2,1,1
RABGAP1,TRIM32,1,1
RABGAP1,TRMT1,1,1
RABGAP1,VPS39,1,1
RABGAP1,WBP1L,1,1
RABGAP1,WDFY3,1,1
RABGAP1,WHSC1L1,1,1
RABGAP1,ZBTB44,1,1
RABGAP1,ZCCHC6,1,1
RABGAP1,ZMIZ1,1,1
RABGAP1,ZNF250,1,1
RABGAP1,ZNF439,1,1
RABGAP1,ZNF512,1,1
RABGAP1,ZNF69,1,1
RABGAP1,ZSCAN29,1,1
STX5,ADAMTS7,1,1
STX5,ARHGEF25,1,1
STX5,CCDC106,1,1
STX5,DMPK,1,1
STX5,DNAJB5,1,1
STX5,DTL,1,1
STX5,EML3,1,1
STX5,GPSM3,1,1
STX5,KPNA2,1,1
STX5,MTMR11,1,1
STX5,RALGDS,1,1
STX5,RHOB,1,1
STX5,SUFU,1,1
STX5,TXNDC5,1,1
STX5,VAMP5,1,1
STX5,ZSCAN26,1,1
RAB30,C12ORF45,1,1
RAB30,CD58,1,1
RAB30,CDC27,1,1
RAB30,DHX9,1,1
RAB30,DNAJC2,1,1
RAB30,EIF3B,1,1
RAB30,GPR3,1,1
RAB30,LCLAT1,1,1
RAB30,NT5C3A,1,1
RAB30,PUS7,1,1
RAB30,PXN,1,1
RAB30,RNF149,1,1
RAB30,SLC12A2,1,1
RAB30,SSR1,1,1
RAB30,WNT10B,1,1
PSMA2,AC013461.1,1,1
PSMA2,ADAMTS7,1,1
PSMA2,AKNA,1,1
PSMA2,ALDH2,1,1
PSMA2,ARHGEF25,1,1
PSMA2,AUP1,1,1
PSMA2,CBX3,1,1
PSMA2,CCNB1IP1,1,1
PSMA2,CCNC,1,1
PSMA2,CCT6A,1,1
PSMA2,CDC27,1,1
PSMA2,CDIP1,1,1
PSMA2,CDR2,1,1
PSMA2,CUL4B,1,1
PSMA2,DDX54,1,1
PSMA2,DTX3,1,1
PSMA2,DYM,1,1
PSMA2,ECHDC2,1,1
PSMA2,EIF4A1,1,1
PSMA2,FAM72B,1,1
PSMA2,FBXW5,1,1
PSMA2,FGFR1OP,1,1
PSMA2,GINS4,1,1
PSMA2,GPSM3,1,1
PSMA2,HAT1,1,1
PSMA2,HJURP,1,1
PSMA2,ICA1,1,1
PSMA2,ING4,1,1
PSMA2,ITGA6,1,1
PSMA2,KHNYN,1,1
PSMA2,KPNA2,1,1
PSMA2,MCCC2,1,1
PSMA2,MMP2,1,1
PSMA2,MPV17L2,1,1
PSMA2,MTMR11,1,1
PSMA2,NME2,1,1
PSMA2,PACS2,1,1
PSMA2,POGZ,1,1
PSMA2,PRR11,1,1
PSMA2,PRRC2B,1,1
PSMA2,PSMB1,1,1
PSMA2,RALGDS,1,1
PSMA2,RITA1,1,1
PSMA2,ROBO3,1,1
PSMA2,RPA1,1,1
PSMA2,SENP7,1,1
PSMA2,SF3A1,1,1
PSMA2,SHFM1,1,1
PSMA2,SLC30A5,1,1
PSMA2,SLC39A3,1,1
PSMA2,SNRNP40,1,1
PSMA2,SSR1,1,1
PSMA2,TTC26,1,1
PSMA2,TXNDC5,1,1
PSMA2,VPS39,1,1
PSMA2,ZBTB44,1,1
PSMA2,ZMIZ1,1,1
PSMA2,ZNF250,1,1
PSMA2,ZNF512,1,1
PSMA2,ZNF69,1,1
PSMA2,ZSCAN26,1,1
NOL12,ASCC1,1,1
NOL12,AUP1,1,1
NOL12,BOLA3,1,1
NOL12,BZW2,1,1
NOL12,C12ORF45,1,1
NOL12,CAD,1,1
NOL12,CCNB1IP1,1,1
NOL12,CCT6A,1,1
NOL12,CLUH,1,1
NOL12,CTIF,1,1
NOL12,CUEDC2,1,1
NOL12,DNAJC10,1,1
NOL12,DYM,1,1
NOL12,EIF3B,1,1
NOL12,ELOVL6,1,1
NOL12,EOGT,1,1
NOL12,EXT2,1,1
NOL12,GNL1,1,1
NOL12,GPI,1,1
NOL12,GPR3,1,1
NOL12,HIF1AN,1,1
NOL12,HPRT1,1,1
NOL12,LCLAT1,1,1
NOL12,LMAN1,1,1
NOL12,MANEAL,1,1
NOL12,MAP6D1,1,1
NOL12,MYL12A,1,1
NOL12,NDST2,1,1
NOL12,NEK9,1,1
NOL12,NUDT3,1,1
NOL12,PAIP2,1,1
NOL12,PERP,1,1
NOL12,PGK 1.00,1,1
NOL12,PI4K2A,1,1
NOL12,PRR14,1,1
NOL12,PSMB6,1,1
NOL12,PSMD3,1,1
NOL12,PUS7,1,1
NOL12,TPT1,1,1
NOL12,TTC26,1,1
NOL12,TWIST1,1,1
NOL12,UFSP2,1,1
NOL12,VRK2,1,1
NOL12,WNT10B,1,1
NOL12,ZNF331,1,1
ZBTB7A,NDUFA11,1,1
ZBTB7A,ZCCHC6,1,1
SPSB3,AC013461.1,1,1
SPSB3,ARHGEF25,1,1
SPSB3,ARMC8,1,1
SPSB3,C1ORF123,1,1
SPSB3,CCNB1IP1,1,1
SPSB3,CCT6A,1,1
SPSB3,CDC27,1,1
SPSB3,CTIF,1,1
SPSB3,CUEDC2,1,1
SPSB3,CUL4B,1,1
SPSB3,DDX54,1,1
SPSB3,DTL,1,1
SPSB3,ECHDC2,1,1
SPSB3,EIF4A2,1,1
SPSB3,EOGT,1,1
SPSB3,FBXO27,1,1
SPSB3,GINS4,1,1
SPSB3,HPRT1,1,1
SPSB3,KIAA1715,1,1
SPSB3,MAP6D1,1,1
SPSB3,METTL8,1,1
SPSB3,MTDH,1,1
SPSB3,MTMR11,1,1
SPSB3,NEK9,1,1
SPSB3,PRKAR2B,1,1
SPSB3,PRR11,1,1
SPSB3,PRR14,1,1
SPSB3,PSKH1,1,1
SPSB3,PUS7,1,1
SPSB3,RAB2B,1,1
SPSB3,SELT,1,1
SPSB3,SMARCD3,1,1
SPSB3,SNX15,1,1
SPSB3,SOX12,1,1
SPSB3,SSR1,1,1
SPSB3,SV2A,1,1
SPSB3,TBC1D17,1,1
SPSB3,TXNDC5,1,1
SPSB3,VAMP5,1,1
SPSB3,VRK2,1,1
SPSB3,WNT10B,1,1
SPSB3,ZNF250,1,1
ANKRD17,ARPIN,1,1
ANKRD17,BAHD1,1,1
ANKRD17,MPHOSPH8,1,1
ANKRD17,TMEM138,1,1
TFB1M,AKNA,1,1
TFB1M,ARMCX4,1,1
TFB1M,ATP5E,1,1
TFB1M,CDIP1,1,1
TFB1M,COPE,1,1
TFB1M,DDHD2,1,1
TFB1M,DPYSL2,1,1
TFB1M,DYM,1,1
TFB1M,FAM72B,1,1
TFB1M,FBXW5,1,1
TFB1M,KDM3B,1,1
TFB1M,LRP5,1,1
TFB1M,LRRC57,1,1
TFB1M,MRPL24,1,1
TFB1M,NAA38,1,1
TFB1M,NCOA4,1,1
TFB1M,NDUFA11,1,1
TFB1M,NRN1,1,1
TFB1M,PARP12,1,1
TFB1M,POGZ,1,1
TFB1M,RHOBTB1,1,1
TFB1M,RPA3,1,1
TFB1M,SAP18,1,1
TFB1M,TBC1D13,1,1
TFB1M,TRIM32,1,1
TFB1M,TSPAN17,1,1
TFB1M,UBE2Q1,1,1
TFB1M,WDFY3,1,1
TFB1M,ZBTB44,1,1
TFB1M,ZNF69,1,1
ALDH2,ABHD17A,1,1
ALDH2,AC013461.1,1,1
ALDH2,AHCY,1,1
ALDH2,AKNA,1,1
ALDH2,ARMCX4,1,1
ALDH2,BOP 1.00,1,1
ALDH2,C17ORF53,1,1
ALDH2,CCDC127,1,1
ALDH2,CCT6A,1,1
ALDH2,CDIP1,1,1
ALDH2,CS,1,1
ALDH2,CUEDC2,1,1
ALDH2,DDX54,1,1
ALDH2,DIP2A,1,1
ALDH2,DYM,1,1
ALDH2,ECHDC2,1,1
ALDH2,EIF4A1,1,1
ALDH2,EIF4A2,1,1
ALDH2,ELP2,1,1
ALDH2,FAM72B,1,1
ALDH2,FASN,1,1
ALDH2,FBXO25,1,1
ALDH2,FBXO27,1,1
ALDH2,FBXW5,1,1
ALDH2,GINS4,1,1
ALDH2,HAT1,1,1
ALDH2,HJURP,1,1
ALDH2,ING4,1,1
ALDH2,KHNYN,1,1
ALDH2,MANEAL,1,1
ALDH2,MCCC2,1,1
ALDH2,MMP2,1,1
ALDH2,MTMR11,1,1
ALDH2,NEK9,1,1
ALDH2,NINL,1,1
ALDH2,OTUD1,1,1
ALDH2,PACS2,1,1
ALDH2,PMM2,1,1
ALDH2,POGZ,1,1
ALDH2,PRKAR2B,1,1
ALDH2,PRR11,1,1
ALDH2,PRR14,1,1
ALDH2,PSKH1,1,1
ALDH2,RAB2B,1,1
ALDH2,RPA3,1,1
ALDH2,SMARCD3,1,1
ALDH2,SNRNP40,1,1
ALDH2,SNX15,1,1
ALDH2,SPAG5,1,1
ALDH2,STK32C,1,1
ALDH2,TBC1D13,1,1
ALDH2,TFAP2C,1,1
ALDH2,TGFB1I1,1,1
ALDH2,UFSP2,1,1
ALDH2,UNC93B1,1,1
ALDH2,VDAC1,1,1
ALDH2,WBP1L,1,1
ALDH2,ZNF250,1,1
ALDH2,ZNF69,1,1
SPTAN1,CLIP3,1,1
SPTAN1,GCSH,1,1
SPTAN1,ZSWIM8,1,1
OXA1L,ARID5A,1,1
OXA1L,STK32C,1,1
OXA1L,VTA1,1,1
OXA1L,ZNF445,1,1
BAHD1,CRYBG3,1,1
BAHD1,NCOA4,1,1
BAHD1,SAP18,1,1
BAHD1,SETMAR,1,1
BAHD1,SLC2A3P1,1,1
BAHD1,SLF2,1,1
BAHD1,TMEM138,1,1
OTUD1,AC013461.1,1,1
OTUD1,AHCY,1,1
OTUD1,ARMC8,1,1
OTUD1,BOLA3,1,1
OTUD1,BOP 1.00,1,1
OTUD1,C17ORF53,1,1
OTUD1,C6ORF47,1,1
OTUD1,CAD,1,1
OTUD1,CAMLG,1,1
OTUD1,CCT6A,1,1
OTUD1,CHD2,1,1
OTUD1,CS,1,1
OTUD1,CUEDC2,1,1
OTUD1,DDX54,1,1
OTUD1,DIP2A,1,1
OTUD1,DLG3,1,1
OTUD1,DYM,1,1
OTUD1,DYNLT1,1,1
OTUD1,EIF4A1,1,1
OTUD1,ELP2,1,1
OTUD1,FAM72B,1,1
OTUD1,FASN,1,1
OTUD1,FBXO25,1,1
OTUD1,FBXO27,1,1
OTUD1,GINS4,1,1
OTUD1,GNL1,1,1
OTUD1,HIF1AN,1,1
OTUD1,HPRT1,1,1
OTUD1,ING4,1,1
OTUD1,MANEAL,1,1
OTUD1,MSTO1,1,1
OTUD1,MTMR14,1,1
OTUD1,MYL12A,1,1
OTUD1,NDST2,1,1
OTUD1,NEK9,1,1
OTUD1,NINL,1,1
OTUD1,PI4K2A,1,1
OTUD1,PMM2,1,1
OTUD1,PRKAR2B,1,1
OTUD1,PRR11,1,1
OTUD1,PRR14,1,1
OTUD1,PSKH1,1,1
OTUD1,PSMD3,1,1
OTUD1,RAB2B,1,1
OTUD1,RPA3,1,1
OTUD1,SLC25A19,1,1
OTUD1,SNRNP40,1,1
OTUD1,SNX15,1,1
OTUD1,SOX12,1,1
OTUD1,SPAG5,1,1
OTUD1,ST3GAL3,1,1
OTUD1,TFAP2C,1,1
OTUD1,TGFB1I1,1,1
OTUD1,UNC93B1,1,1
OTUD1,VAMP5,1,1
OTUD1,WBP1L,1,1
OTUD1,ZNF331,1,1
OTUD1,ZNF69,1,1
RPS6,COMMD6,1,1
RPS6,DYNLT1,1,1
RPS6,ELOVL6,1,1
RPS6,SRP68,1,1
CHD2,CLIP3,1,1
CHD2,DLG3,1,1
CHD2,GCSH,1,1
CHD2,MSTO1,1,1
CHD2,NOC4L,1,1
CHD2,PGPEP1,1,1
CHD2,PMM2,1,1
CHD2,SLC25A19,1,1
CHD2,TMCO3,1,1
SUFU,ARL8A,1,1
SUFU,ASCC1,1,1
SUFU,BOLA3,1,1
SUFU,BST1,1,1
SUFU,C6ORF47,1,1
SUFU,CCDC106,1,1
SUFU,CTIF,1,1
SUFU,CUL4B,1,1
SUFU,DCTN2,1,1
SUFU,DNAJB5,1,1
SUFU,DUSP16,1,1
SUFU,EML3,1,1
SUFU,FBXO27,1,1
SUFU,GNL1,1,1
SUFU,GPI,1,1
SUFU,GPSM3,1,1
SUFU,HIF1AN,1,1
SUFU,MAP6D1,1,1
SUFU,MTMR11,1,1
SUFU,MTMR14,1,1
SUFU,NEK9,1,1
SUFU,PTPN21,1,1
SUFU,RALGDS,1,1
SUFU,RMND5B,1,1
SUFU,SAMD8,1,1
SUFU,SOX12,1,1
SUFU,SV2A,1,1
SUFU,TCN2,1,1
SUFU,VAMP5,1,1
SUFU,VPS39,1,1
SUFU,VRK2,1,1
SUFU,ZNF250,1,1
SUFU,ZNF331,1,1
SUFU,ZNF512,1,1
SUFU,ZSCAN29,1,1
PACS2,ABHD17A,1,1
PACS2,AC013461.1,1,1
PACS2,AKNA,1,1
PACS2,ARHGEF25,1,1
PACS2,C17ORF53,1,1
PACS2,CCDC127,1,1
PACS2,CCNC,1,1
PACS2,CDIP1,1,1
PACS2,CENPA,1,1
PACS2,DDX54,1,1
PACS2,DIP2A,1,1
PACS2,DPYSL2,1,1
PACS2,ECHDC2,1,1
PACS2,EIF4A1,1,1
PACS2,FBXO27,1,1
PACS2,FBXW5,1,1
PACS2,GINS4,1,1
PACS2,HAT1,1,1
PACS2,HJURP,1,1
PACS2,ING4,1,1
PACS2,KHNYN,1,1
PACS2,MAP4,1,1
PACS2,MCCC2,1,1
PACS2,MTMR11,1,1
PACS2,NINL,1,1
PACS2,POGZ,1,1
PACS2,PRKAR2B,1,1
PACS2,PRR11,1,1
PACS2,PRR14,1,1
PACS2,PSKH1,1,1
PACS2,PSMB1,1,1
PACS2,RAB2B,1,1
PACS2,ROBO3,1,1
PACS2,SHFM1,1,1
PACS2,SMARCD3,1,1
PACS2,SNRNP40,1,1
PACS2,TXNDC5,1,1
PACS2,UQCRFS1,1,1
PACS2,VDAC1,1,1
PACS2,WDR17,1,1
PACS2,ZNF250,1,1
ZFP57,ARHGAP45,1,1
ZFP57,RP5-1022E24.6,1,1
GTF2F2,AGO3,1,1
GTF2F2,ARHGEF7,1,1
GTF2F2,ARPIN,1,1
GTF2F2,B3GALNT1,1,1
GTF2F2,BZW2,1,1
GTF2F2,CHTF8,1,1
GTF2F2,DNAJC10,1,1
GTF2F2,DYM,1,1
GTF2F2,EIF4EBP2,1,1
GTF2F2,EXT2,1,1
GTF2F2,GNL1,1,1
GTF2F2,HIF1AN,1,1
GTF2F2,KLHL42,1,1
GTF2F2,KPNA5,1,1
GTF2F2,LMAN1,1,1
GTF2F2,MYDGF,1,1
GTF2F2,MYL12A,1,1
GTF2F2,NUDT3,1,1
GTF2F2,PANK1,1,1
GTF2F2,PLCB1,1,1
GTF2F2,PSMB6,1,1
GTF2F2,RTF1,1,1
GTF2F2,SAP18,1,1
GTF2F2,SLF2,1,1
GTF2F2,SORBS3,1,1
GTF2F2,STK24,1,1
GTF2F2,SYDE1,1,1
GTF2F2,TGFB1I1,1,1
GTF2F2,TSPAN17,1,1
GTF2F2,TWIST1,1,1
GTF2F2,ZNF197,1,1
GTF2F2,ZNF69,1,1
GTF2F2,ZSCAN29,1,1
SLF2,AGO3,1,1
SLF2,B3GALNT1,1,1
SLF2,EIF4EBP2,1,1
SLF2,NCOA4,1,1
SLF2,PANK1,1,1
SLF2,SAP18,1,1
SLF2,STK24,1,1
SLF2,TSPAN17,1,1
SLF2,ZNF439,1,1
ZNF395,CCDC127,1,1
ZNF395,DDHD2,1,1
ZNF395,DPYSL2,1,1
ZNF395,KHNYN,1,1
ZNF395,LRRC57,1,1
ZNF395,NDUFA11,1,1
ZNF395,PAM16,1,1
ZNF395,RCBTB1,1,1
ZNF395,RHOBTB1,1,1
ZNF395,TRIM32,1,1
ZNF395,USF3,1,1
ZNF395,ZBTB44,1,1
ZNF395,ZCCHC6,1,1
C20ORF96,ARMC8,1,1
C20ORF96,C17ORF53,1,1
C20ORF96,HNRNPA2B1,1,1
C20ORF96,TBC1D17,1,1
C20ORF96,TOP2A,1,1
TPMT,AC013461.1,1,1
TPMT,AKNA,1,1
TPMT,ARMCX4,1,1
TPMT,CD58,1,1
TPMT,CDIP1,1,1
TPMT,CTBP1,1,1
TPMT,DNAJC10,1,1
TPMT,DTX3,1,1
TPMT,ECHDC2,1,1
TPMT,EXT2,1,1
TPMT,FBXW5,1,1
TPMT,IGHMBP2,1,1
TPMT,ITGA6,1,1
TPMT,LCLAT1,1,1
TPMT,LMAN1,1,1
TPMT,LRP5,1,1
TPMT,MANEAL,1,1
TPMT,MCCC2,1,1
TPMT,NINL,1,1
TPMT,PDK1,1,1
TPMT,PLCB1,1,1
TPMT,PRR14,1,1
TPMT,PXN,1,1
TPMT,SLC30A5,1,1
TPMT,SSR1,1,1
TPMT,SYDE1,1,1
TPMT,TMEM263,1,1
TPMT,TNC,1,1
TPMT,TSPAN17,1,1
TPMT,UFSP2,1,1
TPMT,WNT10B,1,1
HPRT1,AHCY,1,1
HPRT1,ARPIN,1,1
HPRT1,BZW2,1,1
HPRT1,C12ORF45,1,1
HPRT1,C1ORF123,1,1
HPRT1,CAD,1,1
HPRT1,CAMLG,1,1
HPRT1,CTIF,1,1
HPRT1,CUEDC2,1,1
HPRT1,DLEU1,1,1
HPRT1,DNAJC10,1,1
HPRT1,ELP2,1,1
HPRT1,FBXO27,1,1
HPRT1,GCSH,1,1
HPRT1,GNL1,1,1
HPRT1,GPR3,1,1
HPRT1,HIF1AN,1,1
HPRT1,LMAN1,1,1
HPRT1,MANEAL,1,1
HPRT1,MPHOSPH8,1,1
HPRT1,MTMR14,1,1
HPRT1,MYDGF,1,1
HPRT1,MYL12A,1,1
HPRT1,NDST2,1,1
HPRT1,NEK9,1,1
HPRT1,NUDT3,1,1
HPRT1,PERP,1,1
HPRT1,PGK 1.00,1,1
HPRT1,PI4K2A,1,1
HPRT1,PMM2,1,1
HPRT1,PRR14,1,1
HPRT1,PSMD3,1,1
HPRT1,PUS7,1,1
HPRT1,SEC61G,1,1
HPRT1,SELT,1,1
HPRT1,SLC25A19,1,1
HPRT1,SNX15,1,1
HPRT1,SORBS3,1,1
HPRT1,SOX12,1,1
HPRT1,SRP68,1,1
HPRT1,SURF4,1,1
HPRT1,TGFB1I1,1,1
HPRT1,TLCD1,1,1
HPRT1,TWIST1,1,1
HPRT1,UNC93B1,1,1
HPRT1,WNT10B,1,1
HPRT1,ZNF331,1,1
KPNA5,CD58,1,1
KPNA5,DNAJC10,1,1
KPNA5,LMAN1,1,1
KPNA5,PERP,1,1
MPHOSPH8,AHCY,1,1
MPHOSPH8,ARPIN,1,1
MPHOSPH8,B3GALNT1,1,1
MPHOSPH8,FASN,1,1
MPHOSPH8,MTMR14,1,1
MPHOSPH8,MYDGF,1,1
MPHOSPH8,MYL12A,1,1
MPHOSPH8,PANK1,1,1
MPHOSPH8,PI4K2A,1,1
MPHOSPH8,PSMD3,1,1
MPHOSPH8,SAP18,1,1
MPHOSPH8,SEC61G,1,1
MPHOSPH8,SHOX2,1,1
MPHOSPH8,SNX15,1,1
MPHOSPH8,SORBS3,1,1
MPHOSPH8,STK24,1,1
MPHOSPH8,TGFB1I1,1,1
MPHOSPH8,TLCD1,1,1
MPHOSPH8,TMEM138,1,1
MPHOSPH8,TMEM184C,1,1
MPHOSPH8,TSPAN17,1,1
MPHOSPH8,UBALD1,1,1
MPHOSPH8,UNC93B1,1,1
MPHOSPH8,WBP1L,1,1
AGO3,ARPIN,1,1
AGO3,B3GALNT1,1,1
AGO3,B3GLCT,1,1
AGO3,EIF4EBP2,1,1
AGO3,PANK1,1,1
AGO3,SAP18,1,1
AGO3,STK24,1,1
AGO3,TLCD1,1,1
AGO3,TSPAN17,1,1
DUSP16,ARHGAP45,1,1
DUSP16,ARID5B,1,1
DUSP16,ARL8A,1,1
DUSP16,BRWD1,1,1
DUSP16,BST1,1,1
DUSP16,C6ORF47,1,1
DUSP16,DCTN2,1,1
DUSP16,DDX54,1,1
DUSP16,DLG3,1,1
DUSP16,DNAJB5,1,1
DUSP16,DNAJC18,1,1
DUSP16,FBXO25,1,1
DUSP16,GNL1,1,1
DUSP16,GPSM3,1,1
DUSP16,ING4,1,1
DUSP16,MAP4,1,1
DUSP16,NEK9,1,1
DUSP16,PRRC2B,1,1
DUSP16,PTPN21,1,1
DUSP16,SAMD8,1,1
DUSP16,SBF2,1,1
DUSP16,SENP7,1,1
DUSP16,SOX12,1,1
DUSP16,TCN2,1,1
DUSP16,VAMP5,1,1
DUSP16,VPS13C,1,1
DUSP16,VPS39,1,1
DUSP16,WDFY3,1,1
DUSP16,ZNF250,1,1
DUSP16,ZNF69,1,1
DENND5B,RP5-1022E24.6,1,1
SRP68,ABCB10,1,1
SRP68,BZW2,1,1
SRP68,C1ORF123,1,1
SRP68,CAMLG,1,1
SRP68,COMMD6,1,1
SRP68,CS,1,1
SRP68,NDST2,1,1
SRP68,PGK 1.00,1,1
SRP68,PI4K2A,1,1
SRP68,PSMD3,1,1
SRP68,SORBS3,1,1
RPA3,ARHGEF7,1,1
RPA3,ATP5E,1,1
RPA3,ATP5G1,1,1
RPA3,BOLA3,1,1
RPA3,BST1,1,1
RPA3,BZW2,1,1
RPA3,CDIP1,1,1
RPA3,CHTF8,1,1
RPA3,DYM,1,1
RPA3,ECHDC2,1,1
RPA3,FAM162A,1,1
RPA3,FAM72B,1,1
RPA3,FASN,1,1
RPA3,FBXO27,1,1
RPA3,FBXW5,1,1
RPA3,HIF1AN,1,1
RPA3,MTMR14,1,1
RPA3,NAA38,1,1
RPA3,NEK9,1,1
RPA3,NINL,1,1
RPA3,NUDT3,1,1
RPA3,PARP12,1,1
RPA3,PI4K2A,1,1
RPA3,POGZ,1,1
RPA3,PRKAR2B,1,1
RPA3,PRR11,1,1
RPA3,SAP18,1,1
RPA3,SNX15,1,1
RPA3,SOX12,1,1
RPA3,SPAG5,1,1
RPA3,SV2A,1,1
RPA3,TBC1D13,1,1
RPA3,TGFB1I1,1,1
RPA3,TMEM184C,1,1
RPA3,UBE2Q1,1,1
RPA3,ZNF331,1,1
RPA3,ZNF69,1,1
RPA3,ZSCAN29,1,1
TMCO3,AP5M1,1,1
TMCO3,ARID5A,1,1
TMCO3,CAMLG,1,1
TMCO3,MSTO1,1,1
TMCO3,MTMR14,1,1
TMCO3,MYL12A,1,1
TMCO3,PAIP2,1,1
TMCO3,ZNF197,1,1
HAT1,AC013461.1,1,1
HAT1,ARHGEF25,1,1
HAT1,C16ORF45,1,1
HAT1,CCNC,1,1
HAT1,CCT6A,1,1
HAT1,CDIP1,1,1
HAT1,CDKN1C,1,1
HAT1,CDR2,1,1
HAT1,DDX54,1,1
HAT1,DIP2A,1,1
HAT1,EIF4A1,1,1
HAT1,EIF4A2,1,1
HAT1,FBXW5,1,1
HAT1,GINS4,1,1
HAT1,HJURP,1,1
HAT1,ICA1,1,1
HAT1,ING4,1,1
HAT1,KHNYN,1,1
HAT1,KPNA2,1,1
HAT1,MMP2,1,1
HAT1,PRR11,1,1
HAT1,PSKH1,1,1
HAT1,RAB2B,1,1
HAT1,RPA1,1,1
HAT1,SENP7,1,1
HAT1,SNRNP40,1,1
HAT1,TAP1,1,1
HAT1,UQCRFS1,1,1
HAT1,VTA1,1,1
HAT1,ZSCAN26,1,1
COMMD6,ABCB10,1,1
COMMD6,C1ORF123,1,1
COMMD6,NDST2,1,1
COMMD6,TPT1,1,1
COMMD6,VRK2,1,1
POGZ,AC013461.1,1,1
POGZ,AKNA,1,1
POGZ,ARHGAP45,1,1
POGZ,ARHGEF7,1,1
POGZ,ARMCX4,1,1
POGZ,ATP5E,1,1
POGZ,ATP5G1,1,1
POGZ,BOLA3,1,1
POGZ,CCNC,1,1
POGZ,CDIP1,1,1
POGZ,CTIF,1,1
POGZ,CUL4B,1,1
POGZ,DDX54,1,1
POGZ,DIP2A,1,1
POGZ,DPYSL2,1,1
POGZ,DTX3,1,1
POGZ,DYM,1,1
POGZ,ECHDC2,1,1
POGZ,FAM72B,1,1
POGZ,FBXO25,1,1
POGZ,FBXO27,1,1
POGZ,FBXW5,1,1
POGZ,GINS4,1,1
POGZ,GPSM3,1,1
POGZ,MAP4,1,1
POGZ,MTMR11,1,1
POGZ,NAA38,1,1
POGZ,NEK9,1,1
POGZ,NINL,1,1
POGZ,NME2,1,1
POGZ,PARP12,1,1
POGZ,PLCB1,1,1
POGZ,PRKAR2B,1,1
POGZ,PRR11,1,1
POGZ,PSMB1,1,1
POGZ,PTPN21,1,1
POGZ,RALGDS,1,1
POGZ,ROBO3,1,1
POGZ,SHFM1,1,1
POGZ,SLC39A3,1,1
POGZ,SMARCD3,1,1
POGZ,SV2A,1,1
POGZ,SYDE1,1,1
POGZ,TBC1D13,1,1
POGZ,UBE2Q1,1,1
POGZ,WDFY3,1,1
POGZ,ZBTB44,1,1
POGZ,ZMIZ1,1,1
POGZ,ZNF250,1,1
POGZ,ZNF69,1,1
POGZ,ZSCAN29,1,1
SF3A1,ARHGEF25,1,1
SF3A1,ATG4A,1,1
SF3A1,ATP2A2,1,1
SF3A1,AUP1,1,1
SF3A1,CBX3,1,1
SF3A1,CCNB1IP1,1,1
SF3A1,CCT6A,1,1
SF3A1,CDC27,1,1
SF3A1,CLUH,1,1
SF3A1,DDX54,1,1
SF3A1,EIF3B,1,1
SF3A1,EIF4A1,1,1
SF3A1,EIF4A2,1,1
SF3A1,FGFR1OP,1,1
SF3A1,GINS4,1,1
SF3A1,ICA1,1,1
SF3A1,ITGA6,1,1
SF3A1,LDHAP7,1,1
SF3A1,METTL8,1,1
SF3A1,PPOX,1,1
SF3A1,PRRC2B,1,1
SF3A1,PWP1,1,1
SF3A1,RITA1,1,1
SF3A1,SENP7,1,1
SF3A1,SLC39A3,1,1
SF3A1,SNRNP40,1,1
SF3A1,TFRC,1,1
SF3A1,TTC26,1,1
SF3A1,UTP18,1,1
SF3A1,VTA1,1,1
SF3A1,ZFP62,1,1
SF3A1,ZSCAN26,1,1
KPNA2,ADAMTS7,1,1
KPNA2,ARHGEF25,1,1
KPNA2,CBX3,1,1
KPNA2,CDR2,1,1
KPNA2,CUL4B,1,1
KPNA2,DDX54,1,1
KPNA2,EML3,1,1
KPNA2,FAM64A,1,1
KPNA2,GINS4,1,1
KPNA2,GPI,1,1
KPNA2,GPSM3,1,1
KPNA2,ICA1,1,1
KPNA2,MTMR11,1,1
KPNA2,PRR11,1,1
KPNA2,PSMB1,1,1
KPNA2,RALGDS,1,1
KPNA2,RPA1,1,1
KPNA2,SLC39A3,1,1
KPNA2,TXNDC5,1,1
KPNA2,VRK2,1,1
KPNA2,ZNF250,1,1
KPNA2,ZSCAN26,1,1
DDHD2,AKNA,1,1
DDHD2,ARMCX4,1,1
DDHD2,AUP1,1,1
DDHD2,CCDC127,1,1
DDHD2,CDIP1,1,1
DDHD2,DYM,1,1
DDHD2,EIF4EBP2,1,1
DDHD2,FBXW5,1,1
DDHD2,KHNYN,1,1
DDHD2,LRP5,1,1
DDHD2,LRRC57,1,1
DDHD2,NCOA4,1,1
DDHD2,NDUFA11,1,1
DDHD2,PAM16,1,1
DDHD2,PANK1,1,1
DDHD2,RCBTB1,1,1
DDHD2,RHOBTB1,1,1
DDHD2,SLC6A17,1,1
DDHD2,TNC,1,1
DDHD2,TRIM32,1,1
DDHD2,TSPAN17,1,1
DDHD2,WDFY3,1,1
DDHD2,ZBTB44,1,1
DDHD2,ZNF439,1,1
DDHD2,ZNF69,1,1
PDK1,AC013461.1,1,1
PDK1,CD58,1,1
PDK1,CTBP1,1,1
PDK1,EIF4A1,1,1
PDK1,ELP2,1,1
PDK1,IGHMBP2,1,1
PDK1,ITGA6,1,1
PDK1,ITGB8,1,1
PDK1,MANEAL,1,1
PDK1,MCCC2,1,1
PDK1,MEF2A,1,1
PDK1,NINL,1,1
PDK1,NRXN3,1,1
PDK1,PRR14,1,1
PDK1,SLC37A4,1,1
PDK1,SLC39A14,1,1
PDK1,SPIDR,1,1
PDK1,STK32C,1,1
PDK1,TNC,1,1
PDK1,UFSP2,1,1
PDK1,WNT10B,1,1
PDK1,ZNF445,1,1
PDK1,ZNRF3,1,1
CTBP1,ABHD17A,1,1
CTBP1,AC013461.1,1,1
CTBP1,CCNC,1,1
CTBP1,DTX3,1,1
CTBP1,ECHDC2,1,1
CTBP1,EXT2,1,1
CTBP1,FBXW5,1,1
CTBP1,FKBP5,1,1
CTBP1,IGHMBP2,1,1
CTBP1,ITGA6,1,1
CTBP1,MCCC2,1,1
CTBP1,MEF2A,1,1
CTBP1,PLCB1,1,1
CTBP1,RAB40C,1,1
CTBP1,RITA1,1,1
CTBP1,RP11-384K6.6,1,1
CTBP1,STK32C,1,1
CTBP1,TMEM263,1,1
CTBP1,TNC,1,1
CLUH,C12ORF45,1,1
CLUH,CBX3,1,1
CLUH,CCNB1IP1,1,1
CLUH,CCT6A,1,1
CLUH,EIF3B,1,1
CLUH,EOGT,1,1
CLUH,FGFR1OP,1,1
CLUH,GPI,1,1
CLUH,MAP6D1,1,1
CLUH,NT5C3A,1,1
CLUH,PQBP1,1,1
CLUH,PSMB6,1,1
CLUH,PUS7,1,1
CLUH,PWP1,1,1
CLUH,SLC12A2,1,1
CLUH,TPT1,1,1
CLUH,TTC26,1,1
CLUH,VRK2,1,1
VAMP5,ARL8A,1,1
VAMP5,ARMC8,1,1
VAMP5,ASCC1,1,1
VAMP5,CCDC106,1,1
VAMP5,CCT6A,1,1
VAMP5,CTIF,1,1
VAMP5,DCTN2,1,1
VAMP5,DDX54,1,1
VAMP5,DLG3,1,1
VAMP5,DNAJB5,1,1
VAMP5,DNAJC18,1,1
VAMP5,DTL,1,1
VAMP5,EML3,1,1
VAMP5,FBXO27,1,1
VAMP5,GDI1,1,1
VAMP5,GINS4,1,1
VAMP5,GNL1,1,1
VAMP5,GPSM3,1,1
VAMP5,HNRNPA2B1,1,1
VAMP5,ING4,1,1
VAMP5,MTMR11,1,1
VAMP5,NEK9,1,1
VAMP5,PSKH1,1,1
VAMP5,RBL2,1,1
VAMP5,RHOB,1,1
VAMP5,RMND5B,1,1
VAMP5,SOX12,1,1
VAMP5,SPAG5,1,1
VAMP5,TBC1D17,1,1
VAMP5,TCN2,1,1
VAMP5,VDAC1,1,1
VAMP5,VRK2,1,1
VAMP5,ZNF250,1,1
VAMP5,ZNF331,1,1
VAMP5,ZSWIM8,1,1
CHFR,SLC30A5,1,1
CENPN,HNRNPA2B1,1,1
CENPN,KIF4A,1,1
CENPN,TBC1D17,1,1
ROBO3,AC013461.1,1,1
ROBO3,AES,1,1
ROBO3,ARHGEF25,1,1
ROBO3,CDC27,1,1
ROBO3,CDIP1,1,1
ROBO3,DDX54,1,1
ROBO3,DTL,1,1
ROBO3,EML3,1,1
ROBO3,GINS4,1,1
ROBO3,ING4,1,1
ROBO3,MAP4,1,1
ROBO3,MTMR11,1,1
ROBO3,SENP7,1,1
ROBO3,SMARCD3,1,1
ROBO3,SSR1,1,1
ROBO3,TXNDC5,1,1
ROBO3,VDAC1,1,1
ROBO3,ZNF250,1,1
PXN,ATP2A2,1,1
PXN,C12ORF45,1,1
PXN,CD58,1,1
PXN,CDC27,1,1
PXN,DNAJC10,1,1
PXN,EIF3B,1,1
PXN,EOGT,1,1
PXN,EXT2,1,1
PXN,GPR3,1,1
PXN,ITGA6,1,1
PXN,LCLAT1,1,1
PXN,NRXN3,1,1
PXN,PERP,1,1
PXN,PUS7,1,1
PXN,RNF149,1,1
PXN,SLC12A2,1,1
PXN,SLC30A5,1,1
PXN,SLC39A14,1,1
PXN,SSR1,1,1
PXN,UGDH,1,1
PXN,WNT10B,1,1
DCTN2,ARL8A,1,1
DCTN2,DNAJB5,1,1
TGFB1I1,AHCY,1,1
TGFB1I1,AKNA,1,1
TGFB1I1,ARMCX4,1,1
TGFB1I1,ARPIN,1,1
TGFB1I1,B3GALNT1,1,1
TGFB1I1,BST1,1,1
TGFB1I1,BZW2,1,1
TGFB1I1,CAD,1,1
TGFB1I1,CUEDC2,1,1
TGFB1I1,DLG3,1,1
TGFB1I1,DYM,1,1
TGFB1I1,EIF4EBP2,1,1
TGFB1I1,ELP2,1,1
TGFB1I1,FASN,1,1
TGFB1I1,FBXO25,1,1
TGFB1I1,FBXO27,1,1
TGFB1I1,GCSH,1,1
TGFB1I1,GNL1,1,1
TGFB1I1,HIF1AN,1,1
TGFB1I1,MANEAL,1,1
TGFB1I1,MSTO1,1,1
TGFB1I1,MTMR14,1,1
TGFB1I1,MYDGF,1,1
TGFB1I1,MYL12A,1,1
TGFB1I1,NEK9,1,1
TGFB1I1,NINL,1,1
TGFB1I1,NUDT3,1,1
TGFB1I1,PANK1,1,1
TGFB1I1,PGK 1.00,1,1
TGFB1I1,PI4K2A,1,1
TGFB1I1,PMM2,1,1
TGFB1I1,PRKAR2B,1,1
TGFB1I1,PRR14,1,1
TGFB1I1,PSMD3,1,1
TGFB1I1,SAP18,1,1
TGFB1I1,SEC61G,1,1
TGFB1I1,SHOX2,1,1
TGFB1I1,SNX15,1,1
TGFB1I1,SORBS3,1,1
TGFB1I1,STK24,1,1
TGFB1I1,SURF4,1,1
TGFB1I1,TFAP2C,1,1
TGFB1I1,TLCD1,1,1
TGFB1I1,TMEM138,1,1
TGFB1I1,TMEM184C,1,1
TGFB1I1,TSPAN17,1,1
TGFB1I1,TWIST1,1,1
TGFB1I1,UBALD1,1,1
TGFB1I1,UFSP2,1,1
TGFB1I1,UNC93B1,1,1
TGFB1I1,WBP1L,1,1
TGFB1I1,ZNF331,1,1
TGFB1I1,ZNF439,1,1
TGFB1I1,ZNF69,1,1
VDAC1,AHCY,1,1
VDAC1,ARHGEF25,1,1
VDAC1,BOP 1.00,1,1
VDAC1,C17ORF53,1,1
VDAC1,CS,1,1
VDAC1,DDX54,1,1
VDAC1,DIP2A,1,1
VDAC1,FBXO27,1,1
VDAC1,GINS4,1,1
VDAC1,MTMR11,1,1
VDAC1,NEK9,1,1
VDAC1,RAB2B,1,1
VDAC1,SMARCD3,1,1
VDAC1,SPAG5,1,1
VDAC1,TBC1D17,1,1
VDAC1,TOP2A,1,1
VDAC1,ZNF250,1,1
ELP2,AC013461.1,1,1
ELP2,ARID5A,1,1
ELP2,ARMCX4,1,1
ELP2,BOP 1.00,1,1
ELP2,C14ORF1,1,1
ELP2,CAD,1,1
ELP2,CCDC127,1,1
ELP2,CCT6A,1,1
ELP2,CDIP1,1,1
ELP2,CUEDC2,1,1
ELP2,DYM,1,1
ELP2,DYNLT1,1,1
ELP2,EIF4A1,1,1
ELP2,FASN,1,1
ELP2,GINS4,1,1
ELP2,ING4,1,1
ELP2,MANEAL,1,1
ELP2,MCCC2,1,1
ELP2,NEK9,1,1
ELP2,NINL,1,1
ELP2,PANK1,1,1
ELP2,PMM2,1,1
ELP2,PRKAR2B,1,1
ELP2,PRR14,1,1
ELP2,PSKH1,1,1
ELP2,RAB2B,1,1
ELP2,SELT,1,1
ELP2,SLC37A4,1,1
ELP2,SPIDR,1,1
ELP2,STK32C,1,1
ELP2,TFAP2C,1,1
ELP2,TLCD1,1,1
ELP2,UFSP2,1,1
ELP2,UNC93B1,1,1
ELP2,VTA1,1,1
ELP2,WBP1L,1,1
ELP2,WNT10B,1,1
ELP2,ZNF69,1,1
ELP2,ZNRF3,1,1
ZNF322,ARID5A,1,1
NOC4L,CAD,1,1
NOC4L,MSTO1,1,1
NOC4L,SLC25A19,1,1
PSMB6,ATP5G1,1,1
PSMB6,AUP1,1,1
PSMB6,BOLA3,1,1
PSMB6,C12ORF45,1,1
PSMB6,CCNB1IP1,1,1
PSMB6,CHTF8,1,1
PSMB6,CUL4B,1,1
PSMB6,DDX54,1,1
PSMB6,DNAJC10,1,1
PSMB6,DYM,1,1
PSMB6,ECHDC2,1,1
PSMB6,EIF3B,1,1
PSMB6,EIF4EBP2,1,1
PSMB6,ELOVL6,1,1
PSMB6,EOGT,1,1
PSMB6,EXT2,1,1
PSMB6,GNL1,1,1
PSMB6,GPI,1,1
PSMB6,GPR3,1,1
PSMB6,HIF1AN,1,1
PSMB6,MANEAL,1,1
PSMB6,MYL12A,1,1
PSMB6,NEK9,1,1
PSMB6,NUDT3,1,1
PSMB6,PAIP2,1,1
PSMB6,PLCB1,1,1
PSMB6,SLC39A3,1,1
PSMB6,TPT1,1,1
PSMB6,TTC26,1,1
PSMB6,UFSP2,1,1
PSMB6,VRK2,1,1
PSMB6,WNT10B,1,1
PSMB6,ZNF512,1,1
PSMB6,ZNF69,1,1
HSD17B10,AUP1,1,1
HSD17B10,CDR2,1,1
HSD17B10,DDX54,1,1
HSD17B10,MPV17L2,1,1
HSD17B10,PRRC2B,1,1
HSD17B10,SAMD8,1,1
HSD17B10,SENP7,1,1
HSD17B10,SNRNP40,1,1
SLC25A19,AHCY,1,1
SLC25A19,CAD,1,1
SLC25A19,CAMLG,1,1
SLC25A19,CUEDC2,1,1
SLC25A19,GCSH,1,1
SLC25A19,MSTO1,1,1
SLC25A19,PMM2,1,1
SLC25A19,PSMD3,1,1
ARID5A,AUP1,1,1
ARID5A,BOP 1.00,1,1
ARID5A,CCDC127,1,1
ARID5A,CUEDC2,1,1
ARID5A,DYM,1,1
ARID5A,ING4,1,1
ARID5A,MMP2,1,1
ARID5A,MSTO1,1,1
ARID5A,PRRC2B,1,1
ARID5A,PSEN1,1,1
ARID5A,RCBTB1,1,1
ARID5A,RHOBTB1,1,1
ARID5A,TFAP2C,1,1
ARID5A,VTA1,1,1
ARID5A,WBP1L,1,1
ARID5A,ZCCHC6,1,1
ARID5A,ZNF439,1,1
ARID5A,ZNF69,1,1
MARCH9,AES,1,1
MARCH9,DNAJC18,1,1
MARCH9,ING4,1,1
MARCH9,PGPEP1,1,1
MARCH9,RBL2,1,1
MARCH9,TBC1D17,1,1
DHX9,ATG4A,1,1
DHX9,DNAJC2,1,1
DHX9,METTL8,1,1
DHX9,MTDH,1,1
DHX9,PUS7,1,1
DHX9,TFRC,1,1
DHX9,UTP14A,1,1
SNX15,AC013461.1,1,1
SNX15,AHCY,1,1
SNX15,AKNA,1,1
SNX15,ARHGEF7,1,1
SNX15,ARMCX4,1,1
SNX15,BOLA3,1,1
SNX15,BZW2,1,1
SNX15,C17ORF53,1,1
SNX15,CS,1,1
SNX15,CTIF,1,1
SNX15,CUEDC2,1,1
SNX15,DLG3,1,1
SNX15,ECHDC2,1,1
SNX15,FAM72B,1,1
SNX15,FASN,1,1
SNX15,FBXO27,1,1
SNX15,GNL1,1,1
SNX15,HIF1AN,1,1
SNX15,LMAN1,1,1
SNX15,MANEAL,1,1
SNX15,MTMR14,1,1
SNX15,MYDGF,1,1
SNX15,NDST2,1,1
SNX15,NEK9,1,1
SNX15,NINL,1,1
SNX15,PGK 1.00,1,1
SNX15,PI4K2A,1,1
SNX15,PRKAR2B,1,1
SNX15,PRR11,1,1
SNX15,PRR14,1,1
SNX15,PSKH1,1,1
SNX15,PSMD3,1,1
SNX15,RAB2B,1,1
SNX15,SAP18,1,1
SNX15,SORBS3,1,1
SNX15,SOX12,1,1
SNX15,SPAG5,1,1
SNX15,SV2A,1,1
SNX15,SYDE1,1,1
SNX15,TBC1D13,1,1
SNX15,TLCD1,1,1
SNX15,TMEM138,1,1
SNX15,TMEM184C,1,1
SNX15,TOP2A,1,1
SNX15,UNC93B1,1,1
SNX15,WBP1L,1,1
SNX15,ZNF331,1,1
SNX15,ZNF69,1,1
SNX15,ZSCAN29,1,1
LRP5,AKNA,1,1
LRP5,EXT2,1,1
LRP5,MPRIP,1,1
LRP5,PARP12,1,1
LRP5,PLCB1,1,1
LRP5,RTF1,1,1
LRP5,SLC30A5,1,1
LRP5,SYDE1,1,1
SURF4,GCSH,1,1
SURF4,MANEAL,1,1
SURF4,MYDGF,1,1
SURF4,PERP,1,1
SURF4,PGK 1.00,1,1
SURF4,PSMD3,1,1
SURF4,SEC61G,1,1
SURF4,SORBS3,1,1
SURF4,TLCD1,1,1
FAN1,MEF2A,1,1
FAN1,RP11-384K6.6,1,1
TCN2,ARHGAP45,1,1
TCN2,ARID5B,1,1
TCN2,ARL8A,1,1
TCN2,ATP6V1D,1,1
TCN2,BRWD1,1,1
TCN2,BST1,1,1
TCN2,C6ORF47,1,1
TCN2,CDR2,1,1
TCN2,CUL4B,1,1
TCN2,DDX54,1,1
TCN2,DLG3,1,1
TCN2,DNAJB5,1,1
TCN2,DNAJC18,1,1
TCN2,GNL1,1,1
TCN2,GPSM3,1,1
TCN2,ICA1,1,1
TCN2,ING4,1,1
TCN2,NME2,1,1
TCN2,PRRC2B,1,1
TCN2,PTPN21,1,1
TCN2,RALGDS,1,1
TCN2,SAMD8,1,1
TCN2,SBF2,1,1
TCN2,SENP7,1,1
TCN2,SOX12,1,1
TCN2,VPS13C,1,1
TCN2,VPS39,1,1
TCN2,ZMIZ1,1,1
TCN2,ZNF250,1,1
TCN2,ZNF512,1,1
TCN2,ZNF69,1,1
TCN2,ZSCAN26,1,1
WNT10B,C12ORF45,1,1
WNT10B,C1ORF123,1,1
WNT10B,CAD,1,1
WNT10B,CCNB1IP1,1,1
WNT10B,CCT6A,1,1
WNT10B,CD58,1,1
WNT10B,CDC27,1,1
WNT10B,DNAJC10,1,1
WNT10B,DNAJC2,1,1
WNT10B,EIF3B,1,1
WNT10B,EOGT,1,1
WNT10B,EXT2,1,1
WNT10B,GPR3,1,1
WNT10B,LCLAT1,1,1
WNT10B,LMAN1,1,1
WNT10B,MANEAL,1,1
WNT10B,MAP6D1,1,1
WNT10B,NRXN3,1,1
WNT10B,NUDT3,1,1
WNT10B,PERP,1,1
WNT10B,PGK 1.00,1,1
WNT10B,PRR14,1,1
WNT10B,PUS7,1,1
WNT10B,RNF149,1,1
WNT10B,SEC61G,1,1
WNT10B,SELT,1,1
WNT10B,SLC12A2,1,1
WNT10B,SLC30A5,1,1
WNT10B,SLC37A4,1,1
WNT10B,SLC39A14,1,1
WNT10B,SSR1,1,1
WNT10B,TLCD1,1,1
WNT10B,TWIST1,1,1
WNT10B,UFSP2,1,1
WNT10B,ZNRF3,1,1
RP11-384K6.6,COL18A1,1,1
RP11-384K6.6,LDHAP7,1,1
RP11-384K6.6,RAB40C,1,1
RP11-384K6.6,RITA1,1,1
TSPAN17,AKNA,1,1
TSPAN17,ARMCX4,1,1
TSPAN17,ARPIN,1,1
TSPAN17,B3GALNT1,1,1
TSPAN17,CDIP1,1,1
TSPAN17,DYM,1,1
TSPAN17,EIF4EBP2,1,1
TSPAN17,FASN,1,1
TSPAN17,FBXO25,1,1
TSPAN17,HNRNPUL2-BSCL2,1,1
TSPAN17,MANEAL,1,1
TSPAN17,MYDGF,1,1
TSPAN17,NCOA4,1,1
TSPAN17,NINL,1,1
TSPAN17,NRN1,1,1
TSPAN17,NUDT3,1,1
TSPAN17,PANK1,1,1
TSPAN17,PLCB1,1,1
TSPAN17,PRR14,1,1
TSPAN17,RHOBTB1,1,1
TSPAN17,RTF1,1,1
TSPAN17,SAP18,1,1
TSPAN17,SHOX2,1,1
TSPAN17,SLC6A17,1,1
TSPAN17,STK24,1,1
TSPAN17,SYDE1,1,1
TSPAN17,TLCD1,1,1
TSPAN17,TMEM138,1,1
TSPAN17,TRIM32,1,1
TSPAN17,UFSP2,1,1
TSPAN17,UNC93B1,1,1
TSPAN17,WBP1L,1,1
TSPAN17,WDFY3,1,1
TSPAN17,ZNF439,1,1
TSPAN17,ZNF69,1,1
TSPAN17,ZSCAN29,1,1
ECHDC2,ABHD17A,1,1
ECHDC2,AC013461.1,1,1
ECHDC2,ADAMTS7,1,1
ECHDC2,AKNA,1,1
ECHDC2,ARHGEF7,1,1
ECHDC2,ATP5G1,1,1
ECHDC2,BOLA3,1,1
ECHDC2,CCNB1IP1,1,1
ECHDC2,CCNC,1,1
ECHDC2,CDIP1,1,1
ECHDC2,CS,1,1
ECHDC2,CTIF,1,1
ECHDC2,CUL4B,1,1
ECHDC2,DDX54,1,1
ECHDC2,DIP2A,1,1
ECHDC2,DNAJC10,1,1
ECHDC2,DTX3,1,1
ECHDC2,EIF4A2,1,1
ECHDC2,EOGT,1,1
ECHDC2,EXT2,1,1
ECHDC2,FAM72B,1,1
ECHDC2,FBXO27,1,1
ECHDC2,FBXW5,1,1
ECHDC2,GINS4,1,1
ECHDC2,GPI,1,1
ECHDC2,IGHMBP2,1,1
ECHDC2,LMAN1,1,1
ECHDC2,MCCC2,1,1
ECHDC2,MTMR11,1,1
ECHDC2,NEK9,1,1
ECHDC2,NINL,1,1
ECHDC2,PLCB1,1,1
ECHDC2,PRKAR2B,1,1
ECHDC2,PRR11,1,1
ECHDC2,PRR14,1,1
ECHDC2,PSKH1,1,1
ECHDC2,PSMB1,1,1
ECHDC2,RAB2B,1,1
ECHDC2,RAB40C,1,1
ECHDC2,RITA1,1,1
ECHDC2,RPA1,1,1
ECHDC2,SHFM1,1,1
ECHDC2,SLC39A3,1,1
ECHDC2,SMARCD3,1,1
ECHDC2,SV2A,1,1
ECHDC2,SYDE1,1,1
ECHDC2,TBC1D13,1,1
ECHDC2,TPT1,1,1
ECHDC2,TXNDC5,1,1
ECHDC2,UFSP2,1,1
ECHDC2,VRK2,1,1
ECHDC2,ZNF250,1,1
DYNLT1,C14ORF1,1,1
DYNLT1,C1ORF123,1,1
DYNLT1,CUEDC2,1,1
DYNLT1,MANEAL,1,1
DYNLT1,NINL,1,1
DYNLT1,PMM2,1,1
DYNLT1,PRR14,1,1
DYNLT1,PSKH1,1,1
DYNLT1,SLC37A4,1,1
DYNLT1,ST3GAL3,1,1
DYNLT1,STK32C,1,1
DYNLT1,TFAP2C,1,1
DYNLT1,UFSP2,1,1
DYNLT1,UNC93B1,1,1
CCNB1IP1,ATG4A,1,1
CCNB1IP1,AUP1,1,1
CCNB1IP1,C12ORF45,1,1
CCNB1IP1,CBX3,1,1
CCNB1IP1,CCNC,1,1
CCNB1IP1,CCT6A,1,1
CCNB1IP1,CDC27,1,1
CCNB1IP1,CUL4B,1,1
CCNB1IP1,DDX54,1,1
CCNB1IP1,DNAJC10,1,1
CCNB1IP1,EIF3B,1,1
CCNB1IP1,EIF4A2,1,1
CCNB1IP1,EOGT,1,1
CCNB1IP1,EXT2,1,1
CCNB1IP1,FGFR1OP,1,1
CCNB1IP1,GINS4,1,1
CCNB1IP1,GPI,1,1
CCNB1IP1,ICA1,1,1
CCNB1IP1,IFI27L1,1,1
CCNB1IP1,ITGA6,1,1
CCNB1IP1,LCLAT1,1,1
CCNB1IP1,MAP6D1,1,1
CCNB1IP1,NEK9,1,1
CCNB1IP1,PSKH1,1,1
CCNB1IP1,PUS7,1,1
CCNB1IP1,PWP1,1,1
CCNB1IP1,RITA1,1,1
CCNB1IP1,SENP7,1,1
CCNB1IP1,SLC12A2,1,1
CCNB1IP1,SLC30A5,1,1
CCNB1IP1,SLC39A3,1,1
CCNB1IP1,SSR1,1,1
CCNB1IP1,TFRC,1,1
CCNB1IP1,TPT1,1,1
CCNB1IP1,TTC26,1,1
CCNB1IP1,VPS39,1,1
CCNB1IP1,VRK2,1,1
CDKN1C,C16ORF45,1,1
CDKN1C,IWS1,1,1
CDKN1C,MMP2,1,1
CDKN1C,TAP1,1,1
ACOT2,B3GLCT,1,1
ACOT2,EIF4EBP2,1,1
ACOT2,KLHL42,1,1
TXNDC5,AC013461.1,1,1
TXNDC5,ADAMTS7,1,1
TXNDC5,ARHGEF25,1,1
TXNDC5,CBX3,1,1
TXNDC5,CCNC,1,1
TXNDC5,CUL4B,1,1
TXNDC5,DDX54,1,1
TXNDC5,DTX3,1,1
TXNDC5,EIF4A2,1,1
TXNDC5,EML3,1,1
TXNDC5,EOGT,1,1
TXNDC5,FAM64A,1,1
TXNDC5,FBXO27,1,1
TXNDC5,FBXW5,1,1
TXNDC5,GINS4,1,1
TXNDC5,GPI,1,1
TXNDC5,GPSM3,1,1
TXNDC5,MTMR11,1,1
TXNDC5,PRR11,1,1
TXNDC5,PSMB1,1,1
TXNDC5,RALGDS,1,1
TXNDC5,RITA1,1,1
TXNDC5,RPA1,1,1
TXNDC5,SHFM1,1,1
TXNDC5,SLC39A3,1,1
TXNDC5,SMARCD3,1,1
TXNDC5,SV2A,1,1
TXNDC5,UQCRFS1,1,1
TXNDC5,VRK2,1,1
TXNDC5,ZNF250,1,1
TXNDC5,ZSCAN26,1,1
ST3GAL3,ARMC8,1,1
ST3GAL3,CUEDC2,1,1
ST3GAL3,IFI27L1,1,1
ST3GAL3,PMM2,1,1
ST3GAL3,PSKH1,1,1
UTP14A,RRN3,1,1
ABCB10,CS,1,1
ABCB10,CTIF,1,1
ABCB10,FBXO27,1,1
ABCB10,GPI,1,1
ABCB10,NDST2,1,1
ABCB10,NEDD1,1,1
ABCB10,PGK 1.00,1,1
ABCB10,RHOB,1,1
ABCB10,SV2A,1,1
ABCB10,VRK2,1,1
PUS7,ATG4A,1,1
PUS7,C12ORF45,1,1
PUS7,C1ORF123,1,1
PUS7,CAD,1,1
PUS7,CBX3,1,1
PUS7,CCT6A,1,1
PUS7,CDC27,1,1
PUS7,DLEU1,1,1
PUS7,DNAJC10,1,1
PUS7,DNAJC2,1,1
PUS7,EIF3B,1,1
PUS7,EOGT,1,1
PUS7,GPR3,1,1
PUS7,LCLAT1,1,1
PUS7,LMAN1,1,1
PUS7,MANEAL,1,1
PUS7,MAP6D1,1,1
PUS7,METTL8,1,1
PUS7,MTDH,1,1
PUS7,NRXN3,1,1
PUS7,PERP,1,1
PUS7,RNF149,1,1
PUS7,SELT,1,1
PUS7,SLC12A2,1,1
PUS7,SLC37A4,1,1
PUS7,SLC39A14,1,1
PUS7,SSR1,1,1
PUS7,TFRC,1,1
PUS7,TTC26,1,1
PUS7,VRK2,1,1
PUS7,ZNRF3,1,1
PRKAR2B,ABHD17A,1,1
PRKAR2B,AC013461.1,1,1
PRKAR2B,AKNA,1,1
PRKAR2B,ARMCX4,1,1
PRKAR2B,C17ORF53,1,1
PRKAR2B,C6ORF47,1,1
PRKAR2B,CCDC127,1,1
PRKAR2B,CCNC,1,1
PRKAR2B,CDIP1,1,1
PRKAR2B,CUEDC2,1,1
PRKAR2B,CUL4B,1,1
PRKAR2B,DDX54,1,1
PRKAR2B,DIP2A,1,1
PRKAR2B,DTX3,1,1
PRKAR2B,DYM,1,1
PRKAR2B,FAM72B,1,1
PRKAR2B,FASN,1,1
PRKAR2B,FBXO25,1,1
PRKAR2B,FBXO27,1,1
PRKAR2B,FBXW5,1,1
PRKAR2B,GINS4,1,1
PRKAR2B,IGHMBP2,1,1
PRKAR2B,ING4,1,1
PRKAR2B,MCCC2,1,1
PRKAR2B,MMP2,1,1
PRKAR2B,MTMR11,1,1
PRKAR2B,MTMR14,1,1
PRKAR2B,NEK9,1,1
PRKAR2B,NINL,1,1
PRKAR2B,PRR11,1,1
PRKAR2B,PRR14,1,1
PRKAR2B,PSKH1,1,1
PRKAR2B,RAB2B,1,1
PRKAR2B,SMARCD3,1,1
PRKAR2B,SOX12,1,1
PRKAR2B,STK32C,1,1
PRKAR2B,SV2A,1,1
PRKAR2B,TBC1D13,1,1
PRKAR2B,TFAP2C,1,1
PRKAR2B,TMEM184C,1,1
PRKAR2B,UFSP2,1,1
PRKAR2B,UNC93B1,1,1
PRKAR2B,WBP1L,1,1
PRKAR2B,ZNF250,1,1
PRKAR2B,ZNF331,1,1
PRKAR2B,ZNF69,1,1
PRKAR2B,ZSCAN29,1,1
UTP18,AES,1,1
UTP18,ARHGEF25,1,1
UTP18,ATG4A,1,1
UTP18,BOP 1.00,1,1
UTP18,CCT6A,1,1
UTP18,CDC27,1,1
UTP18,DDX54,1,1
UTP18,DNAJC2,1,1
UTP18,EIF4A1,1,1
UTP18,EIF4A2,1,1
UTP18,GINS4,1,1
UTP18,LDHAP7,1,1
UTP18,METTL8,1,1
UTP18,MTDH,1,1
UTP18,PPOX,1,1
UTP18,PRPF8,1,1
UTP18,PRRC2B,1,1
UTP18,PWP1,1,1
UTP18,RBL2,1,1
UTP18,SENP7,1,1
UTP18,TFRC,1,1
UTP18,ZNF445,1,1
UTP18,ZNRF3,1,1
C16ORF45,ADAMTS7,1,1
C16ORF45,COL18A1,1,1
C16ORF45,RPA1,1,1
C16ORF45,TAP1,1,1
C16ORF45,UQCRFS1,1,1
C16ORF45,ZSCAN26,1,1
MMP2,AC013461.1,1,1
MMP2,AUP1,1,1
MMP2,BRWD1,1,1
MMP2,C6ORF47,1,1
MMP2,CCDC127,1,1
MMP2,CCNC,1,1
MMP2,CCT6A,1,1
MMP2,CDIP1,1,1
MMP2,CDR2,1,1
MMP2,CUL4B,1,1
MMP2,DDX54,1,1
MMP2,DYM,1,1
MMP2,FAM72B,1,1
MMP2,FBXW5,1,1
MMP2,GINS4,1,1
MMP2,HJURP,1,1
MMP2,ICA1,1,1
MMP2,ING4,1,1
MMP2,KHNYN,1,1
MMP2,NEK9,1,1
MMP2,PRR11,1,1
MMP2,PRRC2B,1,1
MMP2,PSEN1,1,1
MMP2,PSKH1,1,1
MMP2,RAB2B,1,1
MMP2,RCBTB1,1,1
MMP2,RHOBTB1,1,1
MMP2,RITA1,1,1
MMP2,RPA1,1,1
MMP2,SENP7,1,1
MMP2,SLC39A3,1,1
MMP2,SNRNP40,1,1
MMP2,STK32C,1,1
MMP2,TAP1,1,1
MMP2,VPS39,1,1
MMP2,VTA1,1,1
MMP2,ZBTB44,1,1
MMP2,ZCCHC6,1,1
MMP2,ZFP62,1,1
MMP2,ZNF512,1,1
MMP2,ZNF69,1,1
MMP2,ZSCAN26,1,1
EML3,ADAMTS7,1,1
EML3,ARL8A,1,1
EML3,CBX3,1,1
EML3,CCDC106,1,1
EML3,CTIF,1,1
EML3,DNAJB5,1,1
EML3,DTL,1,1
EML3,FAM64A,1,1
EML3,FBXO27,1,1
EML3,GPSM3,1,1
EML3,MTMR11,1,1
EML3,RALGDS,1,1
EML3,RHOB,1,1
EML3,SHFM1,1,1
EML3,SV2A,1,1
EML3,ZNF250,1,1
C14ORF1,SLC37A4,1,1
C14ORF1,STK32C,1,1
C14ORF1,TFAP2C,1,1
USF3,GPER1,1,1
USF3,NDUFA11,1,1
USF3,PAM16,1,1
USF3,SLC6A17,1,1
DLG3,AHCY,1,1
DLG3,ARID5B,1,1
DLG3,BST1,1,1
DLG3,C6ORF47,1,1
DLG3,CIC,1,1
DLG3,CLIP3,1,1
DLG3,CUEDC2,1,1
DLG3,DDX54,1,1
DLG3,DIP2A,1,1
DLG3,DYM,1,1
DLG3,FASN,1,1
DLG3,FBXO25,1,1
DLG3,FBXO27,1,1
DLG3,GCSH,1,1
DLG3,GNL1,1,1
DLG3,HIF1AN,1,1
DLG3,ING4,1,1
DLG3,MAP4,1,1
DLG3,MSTO1,1,1
DLG3,MTMR14,1,1
DLG3,NEK9,1,1
DLG3,PMM2,1,1
DLG3,PSKH1,1,1
DLG3,RAB2B,1,1
DLG3,SBF2,1,1
DLG3,SOX12,1,1
DLG3,SPAG5,1,1
DLG3,UNC93B1,1,1
DLG3,VPS13C,1,1
DLG3,WBP1L,1,1
DLG3,ZNF331,1,1
DLG3,ZNF69,1,1
SAP18,AKNA,1,1
SAP18,ARMCX4,1,1
SAP18,ARPIN,1,1
SAP18,B3GALNT1,1,1
SAP18,DYM,1,1
SAP18,EIF4EBP2,1,1
SAP18,FASN,1,1
SAP18,FBXO25,1,1
SAP18,MYDGF,1,1
SAP18,NCOA4,1,1
SAP18,NINL,1,1
SAP18,NRN1,1,1
SAP18,NUDT3,1,1
SAP18,PANK1,1,1
SAP18,PLCB1,1,1
SAP18,PRR14,1,1
SAP18,SHOX2,1,1
SAP18,SORBS3,1,1
SAP18,STK24,1,1
SAP18,TBC1D13,1,1
SAP18,TLCD1,1,1
SAP18,TMEM138,1,1
SAP18,TMEM184C,1,1
SAP18,UBALD1,1,1
SAP18,WBP1L,1,1
SAP18,WDFY3,1,1
SAP18,ZNF439,1,1
SAP18,ZNF69,1,1
MTMR11,AC013461.1,1,1
MTMR11,ADAMTS7,1,1
MTMR11,ARHGEF25,1,1
MTMR11,CCNC,1,1
MTMR11,CDIP1,1,1
MTMR11,CDR2,1,1
MTMR11,CTIF,1,1
MTMR11,CUL4B,1,1
MTMR11,DDX54,1,1
MTMR11,DIP2A,1,1
MTMR11,DMPK,1,1
MTMR11,DTL,1,1
MTMR11,DTX3,1,1
MTMR11,FAM64A,1,1
MTMR11,FAM72B,1,1
MTMR11,FBXO27,1,1
MTMR11,FBXW5,1,1
MTMR11,GINS4,1,1
MTMR11,GPSM3,1,1
MTMR11,ICA1,1,1
MTMR11,ING4,1,1
MTMR11,NEK9,1,1
MTMR11,PRR11,1,1
MTMR11,PSKH1,1,1
MTMR11,PSMB1,1,1
MTMR11,RAB2B,1,1
MTMR11,RALGDS,1,1
MTMR11,RPA1,1,1
MTMR11,SHFM1,1,1
MTMR11,SMARCD3,1,1
MTMR11,SOX12,1,1
MTMR11,SPAG5,1,1
MTMR11,SV2A,1,1
MTMR11,TBC1D17,1,1
MTMR11,ZNF250,1,1
MTMR11,ZSCAN26,1,1
TRMT1,AUP1,1,1
TRMT1,BRWD1,1,1
TRMT1,FGFR1OP,1,1
TRMT1,PQBP1,1,1
TRMT1,PRRC2B,1,1
TRMT1,SAMD8,1,1
TRMT1,SBF2,1,1
TRMT1,VPS39,1,1
LRFN3,C6ORF47,1,1
ZSWIM8,ARMC8,1,1
ZSWIM8,C17ORF53,1,1
ZSWIM8,CIC,1,1
ZSWIM8,CLIP3,1,1
ZSWIM8,FBXO27,1,1
ZSWIM8,GDI1,1,1
ZSWIM8,HNRNPA2B1,1,1
ZSWIM8,RHEB,1,1
ZSWIM8,RHOB,1,1
ZSWIM8,SPAG5,1,1
ZSWIM8,TBC1D17,1,1
ZSWIM8,TOP2A,1,1
ELOVL6,KLHL42,1,1
ELOVL6,MYL12A,1,1
ELOVL6,NUDT3,1,1
ELOVL6,PAIP2,1,1
ELOVL6,PI4K2A,1,1
ELOVL6,TPT1,1,1
ELOVL6,UFSP2,1,1
ASCC1,ARL8A,1,1
ASCC1,CCDC106,1,1
ASCC1,CTIF,1,1
ASCC1,GNL1,1,1
ASCC1,GPI,1,1
ASCC1,HIF1AN,1,1
ASCC1,MAP6D1,1,1
ASCC1,MTMR14,1,1
ASCC1,MYL12A,1,1
ASCC1,NDST2,1,1
ASCC1,NEK9,1,1
ASCC1,PAIP2,1,1
ASCC1,PI4K2A,1,1
ASCC1,RMND5B,1,1
ASCC1,SOX12,1,1
ASCC1,TPT1,1,1
ASCC1,VRK2,1,1
ASCC1,ZNF331,1,1
ASCC1,ZNF512,1,1
DNAJC10,AKNA,1,1
DNAJC10,ARHGEF7,1,1
DNAJC10,C12ORF45,1,1
DNAJC10,CBX3,1,1
DNAJC10,CCT6A,1,1
DNAJC10,CDC27,1,1
DNAJC10,CTIF,1,1
DNAJC10,CUL4B,1,1
DNAJC10,DTX3,1,1
DNAJC10,EIF3B,1,1
DNAJC10,EOGT,1,1
DNAJC10,EXT2,1,1
DNAJC10,FGFR1OP,1,1
DNAJC10,GPI,1,1
DNAJC10,GPR3,1,1
DNAJC10,HIF1AN,1,1
DNAJC10,ITGA6,1,1
DNAJC10,LCLAT1,1,1
DNAJC10,LMAN1,1,1
DNAJC10,MANEAL,1,1
DNAJC10,MAP6D1,1,1
DNAJC10,NUDT3,1,1
DNAJC10,PERP,1,1
DNAJC10,PGK 1.00,1,1
DNAJC10,PRR14,1,1
DNAJC10,PSMB1,1,1
DNAJC10,SELT,1,1
DNAJC10,SLC12A2,1,1
DNAJC10,SLC30A5,1,1
DNAJC10,SSR1,1,1
DNAJC10,SV2A,1,1
DNAJC10,SYDE1,1,1
DNAJC10,TPT1,1,1
DNAJC10,TTC26,1,1
DNAJC10,TWIST1,1,1
DNAJC10,VRK2,1,1
DNAJC10,ZSCAN29,1,1
SLC12A2,ATG4A,1,1
SLC12A2,ATP2A2,1,1
SLC12A2,CBX3,1,1
SLC12A2,CCT6A,1,1
SLC12A2,CDC27,1,1
SLC12A2,CUL4B,1,1
SLC12A2,EIF3B,1,1
SLC12A2,EOGT,1,1
SLC12A2,EXT2,1,1
SLC12A2,FGFR1OP,1,1
SLC12A2,ITGA6,1,1
SLC12A2,LCLAT1,1,1
SLC12A2,MAP6D1,1,1
SLC12A2,NRXN3,1,1
SLC12A2,SLC30A5,1,1
SLC12A2,SSR1,1,1
SLC12A2,TFRC,1,1
SLC12A2,TTC26,1,1
ZNF512,ARL8A,1,1
ZNF512,BOLA3,1,1
ZNF512,BRWD1,1,1
ZNF512,C6ORF47,1,1
ZNF512,CCNC,1,1
ZNF512,CDR2,1,1
ZNF512,CHTF8,1,1
ZNF512,CUL4B,1,1
ZNF512,DDX54,1,1
ZNF512,DYM,1,1
ZNF512,FAM72B,1,1
ZNF512,GINS4,1,1
ZNF512,GNL1,1,1
ZNF512,GPI,1,1
ZNF512,GPSM3,1,1
ZNF512,HIF1AN,1,1
ZNF512,ICA1,1,1
ZNF512,NEK9,1,1
ZNF512,PAIP2,1,1
ZNF512,PRRC2B,1,1
ZNF512,PSKH1,1,1
ZNF512,RPA1,1,1
ZNF512,SAMD8,1,1
ZNF512,SENP7,1,1
ZNF512,SOX12,1,1
ZNF512,TPT1,1,1
ZNF512,TTC26,1,1
ZNF512,VPS39,1,1
ZNF512,VRK2,1,1
ZNF512,ZFP62,1,1
ZNF512,ZNF250,1,1
ZNF512,ZNF331,1,1
ZNF512,ZNF69,1,1
ZNF512,ZSCAN26,1,1
KIAA1715,AC013461.1,1,1
KIAA1715,CCT6A,1,1
KIAA1715,CDC27,1,1
KIAA1715,EIF4A2,1,1
KIAA1715,EOGT,1,1
KIAA1715,FBXO27,1,1
KIAA1715,LCLAT1,1,1
KIAA1715,MCCC2,1,1
KIAA1715,METTL8,1,1
KIAA1715,MTDH,1,1
KIAA1715,PRR14,1,1
KIAA1715,SELT,1,1
KIAA1715,SMARCD3,1,1
KIAA1715,SSR1,1,1
KIAA1715,SV2A,1,1
KIAA1715,TBC1D17,1,1
KIAA1715,ZNF250,1,1
NRXN3,CCT6A,1,1
NRXN3,CD58,1,1
NRXN3,CDC27,1,1
NRXN3,ITGA6,1,1
NRXN3,MCCC2,1,1
NRXN3,RNF149,1,1
NRXN3,SELT,1,1
NRXN3,SLC30A5,1,1
NRXN3,SLC39A14,1,1
NRXN3,SSR1,1,1
NRXN3,TFRC,1,1
NRXN3,UGDH,1,1
NRXN3,ZNRF3,1,1
ARMCX4,AC013461.1,1,1
ARMCX4,AHCY,1,1
ARMCX4,AKNA,1,1
ARMCX4,CCDC127,1,1
ARMCX4,CDIP1,1,1
ARMCX4,DYM,1,1
ARMCX4,FASN,1,1
ARMCX4,FBXO25,1,1
ARMCX4,FBXO27,1,1
ARMCX4,MANEAL,1,1
ARMCX4,MCCC2,1,1
ARMCX4,MYDGF,1,1
ARMCX4,NCOA4,1,1
ARMCX4,NINL,1,1
ARMCX4,NRN1,1,1
ARMCX4,PANK1,1,1
ARMCX4,PARP12,1,1
ARMCX4,PLCB1,1,1
ARMCX4,PRR14,1,1
ARMCX4,STK24,1,1
ARMCX4,SYDE1,1,1
ARMCX4,TBC1D13,1,1
ARMCX4,TLCD1,1,1
ARMCX4,TMEM138,1,1
ARMCX4,TRIM32,1,1
ARMCX4,TXNDC12,1,1
ARMCX4,UFSP2,1,1
ARMCX4,UNC93B1,1,1
ARMCX4,WBP1L,1,1
ARMCX4,WDFY3,1,1
ARMCX4,ZNF69,1,1
ARMCX4,ZSCAN29,1,1
TOP2A,ARMC8,1,1
TOP2A,C17ORF53,1,1
TOP2A,CS,1,1
TOP2A,DIP2A,1,1
TOP2A,FBXO27,1,1
TOP2A,SMARCD3,1,1
TOP2A,SPAG5,1,1
TOP2A,TBC1D17,1,1
CRYBG3,GPER1,1,1
CRYBG3,HNRNPUL2-BSCL2,1,1
CRYBG3,KDM3B,1,1
CRYBG3,NCOA4,1,1
CRYBG3,SETMAR,1,1
CRYBG3,SLC6A17,1,1
CRYBG3,TAF3,1,1
CRYBG3,WDFY3,1,1
AUP1,AC013461.1,1,1
AUP1,BOP 1.00,1,1
AUP1,BRWD1,1,1
AUP1,C12ORF45,1,1
AUP1,CAD,1,1
AUP1,CCNC,1,1
AUP1,CCT6A,1,1
AUP1,CDIP1,1,1
AUP1,DDX54,1,1
AUP1,DYM,1,1
AUP1,EIF4A1,1,1
AUP1,EIF4EBP2,1,1
AUP1,FBXO25,1,1
AUP1,FBXW5,1,1
AUP1,FGFR1OP,1,1
AUP1,GINS4,1,1
AUP1,ICA1,1,1
AUP1,ING4,1,1
AUP1,ITGA6,1,1
AUP1,KHNYN,1,1
AUP1,MANEAL,1,1
AUP1,NEK9,1,1
AUP1,PAM16,1,1
AUP1,PRRC2B,1,1
AUP1,RCBTB1,1,1
AUP1,RHOBTB1,1,1
AUP1,RITA1,1,1
AUP1,SAMD8,1,1
AUP1,SENP7,1,1
AUP1,SLC39A3,1,1
AUP1,SNRNP40,1,1
AUP1,TTC26,1,1
AUP1,VPS39,1,1
AUP1,ZCCHC6,1,1
AUP1,ZNF439,1,1
AUP1,ZNF69,1,1
IWS1,TAP1,1,1
ZFP62,CUL4B,1,1
ZFP62,ICA1,1,1
ZFP62,PWP1,1,1
ZFP62,TTC26,1,1
ZFP62,VPS39,1,1
ZFP62,ZSCAN26,1,1
ITGB8,FKBP5,1,1
ITGB8,MEF2A,1,1
ITGB8,RTN4RL2,1,1
ITGB8,SLC7A11,1,1
ITGB8,TNC,1,1
TMEM182,PLCB1,1,1
CDC27,ARHGEF25,1,1
CDC27,ATG4A,1,1
CDC27,ATP2A2,1,1
CDC27,CBX3,1,1
CDC27,CCT6A,1,1
CDC27,DNAJC2,1,1
CDC27,EIF3B,1,1
CDC27,EIF4A2,1,1
CDC27,EOGT,1,1
CDC27,ITGA6,1,1
CDC27,LCLAT1,1,1
CDC27,LDHAP7,1,1
CDC27,MCCC2,1,1
CDC27,METTL8,1,1
CDC27,MTDH,1,1
CDC27,PPOX,1,1
CDC27,PWP1,1,1
CDC27,RNF149,1,1
CDC27,SELT,1,1
CDC27,SLC30A5,1,1
CDC27,SLC39A14,1,1
CDC27,SSR1,1,1
CDC27,TFRC,1,1
CDC27,TTC26,1,1
CDC27,UGDH,1,1
TMEM184C,AHCY,1,1
TMEM184C,BZW2,1,1
TMEM184C,FAM72B,1,1
TMEM184C,MTMR14,1,1
TMEM184C,MYDGF,1,1
TMEM184C,PI4K2A,1,1
TMEM184C,SHOX2,1,1
TMEM184C,SORBS3,1,1
TMEM184C,TBC1D13,1,1
TMEM184C,TFAP2C,1,1
TMEM184C,TMEM138,1,1
TMEM184C,UBALD1,1,1
IFI27L1,C1ORF123,1,1
IFI27L1,CCT6A,1,1
IFI27L1,DNAJC2,1,1
IFI27L1,KYAT1,1,1
CCNC,AC013461.1,1,1
CCNC,ADAMTS7,1,1
CCNC,AKNA,1,1
CCNC,ATP5E,1,1
CCNC,CBX3,1,1
CCNC,CDIP1,1,1
CCNC,CDR2,1,1
CCNC,CUL4B,1,1
CCNC,DDX54,1,1
CCNC,DTX3,1,1
CCNC,DYM,1,1
CCNC,EXT2,1,1
CCNC,FAM72B,1,1
CCNC,FBXW5,1,1
CCNC,FGFR1OP,1,1
CCNC,GINS4,1,1
CCNC,GPSM3,1,1
CCNC,HJURP,1,1
CCNC,ICA1,1,1
CCNC,IGHMBP2,1,1
CCNC,ITGA6,1,1
CCNC,KHNYN,1,1
CCNC,MPV17L2,1,1
CCNC,NME2,1,1
CCNC,PLCB1,1,1
CCNC,PRR11,1,1
CCNC,PSEN1,1,1
CCNC,PSMB1,1,1
CCNC,RALGDS,1,1
CCNC,RITA1,1,1
CCNC,RPA1,1,1
CCNC,SENP7,1,1
CCNC,SHFM1,1,1
CCNC,SLC30A5,1,1
CCNC,SLC39A3,1,1
CCNC,SNRNP40,1,1
CCNC,TMEM263,1,1
CCNC,TTC26,1,1
CCNC,VPS39,1,1
CCNC,ZBTB44,1,1
CCNC,ZMIZ1,1,1
CCNC,ZNF250,1,1
CCNC,ZNF69,1,1
CCNC,ZSCAN26,1,1
UBALD1,SHOX2,1,1
UBALD1,TMEM138,1,1
ATP5E,ATP5G1,1,1
ATP5E,CDIP1,1,1
ATP5E,CDR2,1,1
ATP5E,DTX3,1,1
ATP5E,FAM162A,1,1
ATP5E,FAM72B,1,1
ATP5E,FBXW5,1,1
ATP5E,MPV17L2,1,1
ATP5E,NAA38,1,1
ATP5E,NME2,1,1
ATP5E,PARP12,1,1
ATP5E,PLCB1,1,1
ATP5E,PSMB1,1,1
ATP5E,RALGDS,1,1
ATP5E,SARS2,1,1
ATP5E,SHFM1,1,1
ATP5E,SLC39A3,1,1
ATP5E,TBC1D13,1,1
ATP5E,UBE2Q1,1,1
ATP5E,ZBTB44,1,1
ATP5E,ZMIZ1,1,1
DYM,AC013461.1,1,1
DYM,AKNA,1,1
DYM,ARHGAP45,1,1
DYM,ATP5G1,1,1
DYM,BOLA3,1,1
DYM,BRWD1,1,1
DYM,BST1,1,1
DYM,CCDC127,1,1
DYM,CCT6A,1,1
DYM,CDIP1,1,1
DYM,CHTF8,1,1
DYM,CUEDC2,1,1
DYM,CUL4B,1,1
DYM,DDX54,1,1
DYM,EIF4EBP2,1,1
DYM,FAM72B,1,1
DYM,FASN,1,1
DYM,FBXO25,1,1
DYM,FBXW5,1,1
DYM,GINS4,1,1
DYM,GNL1,1,1
DYM,HIF1AN,1,1
DYM,HNRNPUL2-BSCL2,1,1
DYM,ING4,1,1
DYM,KHNYN,1,1
DYM,MANEAL,1,1
DYM,MSTO1,1,1
DYM,MTMR14,1,1
DYM,MYL12A,1,1
DYM,NCOA4,1,1
DYM,NEK9,1,1
DYM,NINL,1,1
DYM,NUDT3,1,1
DYM,PAIP2,1,1
DYM,PANK1,1,1
DYM,PLCB1,1,1
DYM,PRR11,1,1
DYM,PRR14,1,1
DYM,PSEN1,1,1
DYM,PSKH1,1,1
DYM,PTPN21,1,1
DYM,RCBTB1,1,1
DYM,RHOBTB1,1,1
DYM,SENP7,1,1
DYM,SLC6A17,1,1
DYM,SNRNP40,1,1
DYM,TBC1D13,1,1
DYM,TRIM32,1,1
DYM,UFSP2,1,1
DYM,UNC93B1,1,1
DYM,WBP1L,1,1
DYM,WDFY3,1,1
DYM,WHSC1L1,1,1
DYM,ZBTB44,1,1
DYM,ZCCHC6,1,1
DYM,ZNF439,1,1
DYM,ZNF69,1,1
DYM,ZSCAN29,1,1
BZW2,AHCY,1,1
BZW2,ARHGEF7,1,1
BZW2,ARPIN,1,1
BZW2,BOLA3,1,1
BZW2,CS,1,1
BZW2,CTIF,1,1
BZW2,GNL1,1,1
BZW2,GPI,1,1
BZW2,HIF1AN,1,1
BZW2,LMAN1,1,1
BZW2,MANEAL,1,1
BZW2,MTMR14,1,1
BZW2,MYDGF,1,1
BZW2,MYL12A,1,1
BZW2,NDST2,1,1
BZW2,NEK9,1,1
BZW2,NUDT3,1,1
BZW2,PGK 1.00,1,1
BZW2,PI4K2A,1,1
BZW2,PSMD3,1,1
BZW2,SORBS3,1,1
BZW2,SOX12,1,1
BZW2,TLCD1,1,1
BZW2,TWIST1,1,1
BZW2,ZNF197,1,1
BZW2,ZNF331,1,1
BRWD1,ARHGAP45,1,1
BRWD1,ATP6V1D,1,1
BRWD1,BST1,1,1
BRWD1,C6ORF47,1,1
BRWD1,ICA1,1,1
BRWD1,ING4,1,1
BRWD1,PRRC2B,1,1
BRWD1,PSEN1,1,1
BRWD1,RCBTB1,1,1
BRWD1,RHOBTB1,1,1
BRWD1,SAMD8,1,1
BRWD1,SBF2,1,1
BRWD1,SENP7,1,1
BRWD1,SLC6A17,1,1
BRWD1,VPS39,1,1
BRWD1,ZCCHC6,1,1
BRWD1,ZNF439,1,1
BRWD1,ZNF69,1,1
NAA38,ATP5G1,1,1
NAA38,COPE,1,1
NAA38,FAM162A,1,1
NAA38,FAM72B,1,1
NAA38,MPV17L2,1,1
NAA38,NME2,1,1
NAA38,NRN1,1,1
NAA38,PARP12,1,1
NAA38,PLCB1,1,1
NAA38,PSMB1,1,1
NAA38,TBC1D13,1,1
NAA38,UBE2Q1,1,1
NAA38,ZBTB44,1,1
PPOX,ATG4A,1,1
PPOX,FUK,1,1
PPOX,LDHAP7,1,1
PPOX,MTDH,1,1
PPOX,PWP1,1,1
DTX3,AC013461.1,1,1
DTX3,ADAMTS7,1,1
DTX3,AKNA,1,1
DTX3,ARHGEF7,1,1
DTX3,BOLA3,1,1
DTX3,CBX3,1,1
DTX3,CDIP1,1,1
DTX3,CTIF,1,1
DTX3,CUL4B,1,1
DTX3,EOGT,1,1
DTX3,EXT2,1,1
DTX3,FAM72B,1,1
DTX3,FBXO27,1,1
DTX3,FBXW5,1,1
DTX3,GINS4,1,1
DTX3,GPI,1,1
DTX3,IGHMBP2,1,1
DTX3,LMAN1,1,1
DTX3,NINL,1,1
DTX3,PLCB1,1,1
DTX3,PRR11,1,1
DTX3,PRR14,1,1
DTX3,PSMB1,1,1
DTX3,RALGDS,1,1
DTX3,RITA1,1,1
DTX3,RPA1,1,1
DTX3,SHFM1,1,1
DTX3,SLC39A3,1,1
DTX3,SMARCD3,1,1
DTX3,SV2A,1,1
DTX3,SYDE1,1,1
DTX3,TBC1D13,1,1
DTX3,TPT1,1,1
DTX3,TSC2,1,1
DTX3,ZNF250,1,1
DTX3,ZSCAN29,1,1
NCOA4,AKNA,1,1
NCOA4,ARHGAP45,1,1
NCOA4,CCDC127,1,1
NCOA4,EIF4EBP2,1,1
NCOA4,FASN,1,1
NCOA4,FBXO25,1,1
NCOA4,GPER1,1,1
NCOA4,HNRNPUL2-BSCL2,1,1
NCOA4,KDM3B,1,1
NCOA4,LRRC57,1,1
NCOA4,PANK1,1,1
NCOA4,PARP12,1,1
NCOA4,RHOBTB1,1,1
NCOA4,SLC6A17,1,1
NCOA4,STK24,1,1
NCOA4,TMEM138,1,1
NCOA4,TRIM32,1,1
NCOA4,WDFY3,1,1
NCOA4,WDR1,1,1
NCOA4,ZNF439,1,1
NCOA4,ZNF69,1,1
GNL1,ARL8A,1,1
GNL1,ARPIN,1,1
GNL1,BOLA3,1,1
GNL1,BST1,1,1
GNL1,C12ORF45,1,1
GNL1,CAMLG,1,1
GNL1,CHTF8,1,1
GNL1,CTIF,1,1
GNL1,GPSM3,1,1
GNL1,HIF1AN,1,1
GNL1,MTMR14,1,1
GNL1,MYL12A,1,1
GNL1,NDST2,1,1
GNL1,NEK9,1,1
GNL1,NUDT3,1,1
GNL1,PAIP2,1,1
GNL1,PI4K2A,1,1
GNL1,PSMD3,1,1
GNL1,PTPN21,1,1
GNL1,SAMD8,1,1
GNL1,SBF2,1,1
GNL1,SORBS3,1,1
GNL1,SOX12,1,1
GNL1,ZNF197,1,1
GNL1,ZNF331,1,1
GNL1,ZNF69,1,1
PPP1R21,CLIP3,1,1
RALGDS,ADAMTS7,1,1
RALGDS,ARHGAP45,1,1
RALGDS,ARL8A,1,1
RALGDS,CDR2,1,1
RALGDS,CUL4B,1,1
RALGDS,FBXW5,1,1
RALGDS,GPSM3,1,1
RALGDS,MPV17L2,1,1
RALGDS,NME2,1,1
RALGDS,PSMB1,1,1
RALGDS,PTPN21,1,1
RALGDS,RPA1,1,1
RALGDS,SHFM1,1,1
RALGDS,SV2A,1,1
RALGDS,VPS39,1,1
RALGDS,ZMIZ1,1,1
RALGDS,ZNF250,1,1
RALGDS,ZSCAN26,1,1
RALGDS,ZSCAN29,1,1
COL18A1,UBR5,1,1
SELT,C12ORF45,1,1
SELT,CAD,1,1
SELT,CCT6A,1,1
SELT,CUEDC2,1,1
SELT,DNAJC2,1,1
SELT,EIF3B,1,1
SELT,GPR3,1,1
SELT,LCLAT1,1,1
SELT,LMAN1,1,1
SELT,METTL8,1,1
SELT,PMM2,1,1
SELT,PRR14,1,1
SELT,RNF149,1,1
SELT,SLC37A4,1,1
SELT,SSR1,1,1
SELT,TFRC,1,1
SELT,TTC26,1,1
SELT,UNC93B1,1,1
SELT,VTA1,1,1
SELT,ZNF331,1,1
SELT,ZNRF3,1,1
UGDH,ATG4A,1,1
UGDH,ATP2A2,1,1
UGDH,CD58,1,1
UGDH,ITGA6,1,1
UGDH,RNF149,1,1
UGDH,SLC30A5,1,1
UGDH,SLC39A14,1,1
UGDH,SLC7A11,1,1
UGDH,SSR1,1,1
SLC30A5,ATP2A2,1,1
SLC30A5,CBX3,1,1
SLC30A5,CCT6A,1,1
SLC30A5,EXT2,1,1
SLC30A5,FGFR1OP,1,1
SLC30A5,ITGA6,1,1
SLC30A5,LCLAT1,1,1
SLC30A5,SLC39A14,1,1
SLC30A5,SSR1,1,1
UNC93B1,AC013461.1,1,1
UNC93B1,ARPIN,1,1
UNC93B1,BOP 1.00,1,1
UNC93B1,CAD,1,1
UNC93B1,CCDC127,1,1
UNC93B1,CCT6A,1,1
UNC93B1,CUEDC2,1,1
UNC93B1,EIF4A1,1,1
UNC93B1,FASN,1,1
UNC93B1,FBXO25,1,1
UNC93B1,ING4,1,1
UNC93B1,MANEAL,1,1
UNC93B1,MCCC2,1,1
UNC93B1,MSTO1,1,1
UNC93B1,MTMR14,1,1
UNC93B1,MYDGF,1,1
UNC93B1,MYL12A,1,1
UNC93B1,NEK9,1,1
UNC93B1,NINL,1,1
UNC93B1,PANK1,1,1
UNC93B1,PI4K2A,1,1
UNC93B1,PMM2,1,1
UNC93B1,PRR14,1,1
UNC93B1,PSKH1,1,1
UNC93B1,PSMD3,1,1
UNC93B1,RHOBTB1,1,1
UNC93B1,SEC61G,1,1
UNC93B1,SPIDR,1,1
UNC93B1,STK32C,1,1
UNC93B1,TFAP2C,1,1
UNC93B1,TLCD1,1,1
UNC93B1,UFSP2,1,1
UNC93B1,WBP1L,1,1
UNC93B1,ZNF439,1,1
UNC93B1,ZNF69,1,1
UNC93B1,ZNRF3,1,1
EXT2,AKNA,1,1
EXT2,ARHGEF7,1,1
EXT2,C12ORF45,1,1
EXT2,CBX3,1,1
EXT2,CTIF,1,1
EXT2,CUL4B,1,1
EXT2,EIF3B,1,1
EXT2,EOGT,1,1
EXT2,GPI,1,1
EXT2,GPR3,1,1
EXT2,HIF1AN,1,1
EXT2,IGHMBP2,1,1
EXT2,ITGA6,1,1
EXT2,LCLAT1,1,1
EXT2,LMAN1,1,1
EXT2,MAP6D1,1,1
EXT2,NUDT3,1,1
EXT2,PLCB1,1,1
EXT2,PSMB1,1,1
EXT2,RITA1,1,1
EXT2,SLC39A3,1,1
EXT2,SSR1,1,1
EXT2,SV2A,1,1
EXT2,SYDE1,1,1
EXT2,TTC26,1,1
EXT2,VPS39,1,1
EXT2,ZSCAN29,1,1
ARPIN,B3GALNT1,1,1
ARPIN,EIF4EBP2,1,1
ARPIN,FASN,1,1
ARPIN,HIF1AN,1,1
ARPIN,MSTO1,1,1
ARPIN,MTMR14,1,1
ARPIN,MYDGF,1,1
ARPIN,MYL12A,1,1
ARPIN,NUDT3,1,1
ARPIN,PI4K2A,1,1
ARPIN,PSMD3,1,1
ARPIN,SEC61G,1,1
ARPIN,SHOX2,1,1
ARPIN,SORBS3,1,1
ARPIN,STK24,1,1
ARPIN,TLCD1,1,1
ARPIN,TMEM138,1,1
ARPIN,TWIST1,1,1
ARPIN,ZNF197,1,1
IGHMBP2,ABHD17A,1,1
IGHMBP2,AC013461.1,1,1
IGHMBP2,AKNA,1,1
IGHMBP2,CDIP1,1,1
IGHMBP2,CUL4B,1,1
IGHMBP2,FBXW5,1,1
IGHMBP2,MCCC2,1,1
IGHMBP2,NINL,1,1
IGHMBP2,PLCB1,1,1
IGHMBP2,PRR11,1,1
IGHMBP2,PRR14,1,1
IGHMBP2,RAB40C,1,1
IGHMBP2,STK32C,1,1
IGHMBP2,TMEM263,1,1
MANEAL,AC013461.1,1,1
MANEAL,AHCY,1,1
MANEAL,AKNA,1,1
MANEAL,BOP 1.00,1,1
MANEAL,C12ORF45,1,1
MANEAL,C1ORF123,1,1
MANEAL,CAD,1,1
MANEAL,CCT6A,1,1
MANEAL,CUEDC2,1,1
MANEAL,DLEU1,1,1
MANEAL,EOGT,1,1
MANEAL,GPR3,1,1
MANEAL,LMAN1,1,1
MANEAL,MCCC2,1,1
MANEAL,MYDGF,1,1
MANEAL,MYL12A,1,1
MANEAL,NEK9,1,1
MANEAL,NINL,1,1
MANEAL,NUDT3,1,1
MANEAL,PERP,1,1
MANEAL,PGK 1.00,1,1
MANEAL,PI4K2A,1,1
MANEAL,PMM2,1,1
MANEAL,PRR14,1,1
MANEAL,PSMD3,1,1
MANEAL,SEC61G,1,1
MANEAL,SLC37A4,1,1
MANEAL,SORBS3,1,1
MANEAL,SPIDR,1,1
MANEAL,STK32C,1,1
MANEAL,TFAP2C,1,1
MANEAL,TLCD1,1,1
MANEAL,TWIST1,1,1
MANEAL,UFSP2,1,1
MANEAL,WBP1L,1,1
MANEAL,ZNF69,1,1
MANEAL,ZNRF3,1,1
GPAM,GLE1,1,1
TBC1D13,AC013461.1,1,1
TBC1D13,AKNA,1,1
TBC1D13,ARHGEF7,1,1
TBC1D13,ATP5G1,1,1
TBC1D13,BOLA3,1,1
TBC1D13,CDIP1,1,1
TBC1D13,CHTF8,1,1
TBC1D13,CUL4B,1,1
TBC1D13,FAM162A,1,1
TBC1D13,FAM72B,1,1
TBC1D13,FBXO27,1,1
TBC1D13,FBXW5,1,1
TBC1D13,HIF1AN,1,1
TBC1D13,NINL,1,1
TBC1D13,NRN1,1,1
TBC1D13,NUDT3,1,1
TBC1D13,PARP12,1,1
TBC1D13,PLCB1,1,1
TBC1D13,PSMB1,1,1
TBC1D13,SHFM1,1,1
TBC1D13,SV2A,1,1
TBC1D13,SYDE1,1,1
TBC1D13,UBE2Q1,1,1
TBC1D13,ZNF69,1,1
TBC1D13,ZSCAN29,1,1
NDST2,ARHGEF7,1,1
NDST2,ARMC8,1,1
NDST2,BOLA3,1,1
NDST2,CS,1,1
NDST2,CTIF,1,1
NDST2,FBXO27,1,1
NDST2,HIF1AN,1,1
NDST2,LMAN1,1,1
NDST2,MTMR14,1,1
NDST2,MYDGF,1,1
NDST2,NEK9,1,1
NDST2,PGK 1.00,1,1
NDST2,PI4K2A,1,1
NDST2,PSMD3,1,1
NDST2,SORBS3,1,1
NDST2,SOX12,1,1
NDST2,SPAG5,1,1
NDST2,SV2A,1,1
NDST2,TPT1,1,1
NDST2,VRK2,1,1
NDST2,ZNF331,1,1
FASN,AC013461.1,1,1
FASN,AHCY,1,1
FASN,AKNA,1,1
FASN,ARHGAP45,1,1
FASN,BST1,1,1
FASN,CCDC127,1,1
FASN,CDIP1,1,1
FASN,CUEDC2,1,1
FASN,EIF4EBP2,1,1
FASN,FBXO25,1,1
FASN,HNRNPUL2-BSCL2,1,1
FASN,ING4,1,1
FASN,KDM3B,1,1
FASN,MSTO1,1,1
FASN,MTMR14,1,1
FASN,NEK9,1,1
FASN,NINL,1,1
FASN,PANK1,1,1
FASN,PRR14,1,1
FASN,RAB2B,1,1
FASN,RHOBTB1,1,1
FASN,SLC6A17,1,1
FASN,SNRNP40,1,1
FASN,TMEM138,1,1
FASN,TRIM32,1,1
FASN,TXNDC12,1,1
FASN,WBP1L,1,1
FASN,WDFY3,1,1
FASN,ZNF439,1,1
FASN,ZNF69,1,1
RTF1,EIF4EBP2,1,1
RTF1,GLE1,1,1
RTF1,TAF3,1,1
RTF1,WHSC1L1,1,1
RTF1,ZMIZ1,1,1
PANK1,AKNA,1,1
PANK1,B3GALNT1,1,1
PANK1,CCDC127,1,1
PANK1,EIF4EBP2,1,1
PANK1,HNRNPUL2-BSCL2,1,1
PANK1,RHOBTB1,1,1
PANK1,SLC6A17,1,1
PANK1,STK24,1,1
PANK1,TMEM138,1,1
PANK1,TRIM32,1,1
PANK1,WBP1L,1,1
PANK1,ZNF439,1,1
PANK1,ZNF69,1,1
SLC37A4,C1ORF123,1,1
SLC37A4,EOGT,1,1
SLC37A4,GPR3,1,1
SLC37A4,PERP,1,1
SLC37A4,PRR14,1,1
SLC37A4,RAB40C,1,1
SLC37A4,STK32C,1,1
SLC37A4,UFSP2,1,1
SLC37A4,ZNRF3,1,1
DPYSL2,ARHGAP45,1,1
DPYSL2,CCDC127,1,1
DPYSL2,CDIP1,1,1
DPYSL2,FBXW5,1,1
DPYSL2,HJURP,1,1
DPYSL2,KHNYN,1,1
DPYSL2,MAP4,1,1
DPYSL2,NME2,1,1
DPYSL2,PARP12,1,1
DPYSL2,TRIM32,1,1
DPYSL2,WDFY3,1,1
DPYSL2,ZBTB44,1,1
VPS39,ARHGAP45,1,1
VPS39,ARL8A,1,1
VPS39,ATP6V1D,1,1
VPS39,BST1,1,1
VPS39,CBX3,1,1
VPS39,CCT6A,1,1
VPS39,CDR2,1,1
VPS39,CUL4B,1,1
VPS39,DDX54,1,1
VPS39,DNAJB5,1,1
VPS39,EIF3B,1,1
VPS39,FBXW5,1,1
VPS39,FGFR1OP,1,1
VPS39,GINS4,1,1
VPS39,GPI,1,1
VPS39,GPSM3,1,1
VPS39,ICA1,1,1
VPS39,MAP6D1,1,1
VPS39,NEK9,1,1
VPS39,NME2,1,1
VPS39,PRRC2B,1,1
VPS39,PTPN21,1,1
VPS39,RPA1,1,1
VPS39,SAMD8,1,1
VPS39,SBF2,1,1
VPS39,SENP7,1,1
VPS39,SLC39A3,1,1
VPS39,SOX12,1,1
VPS39,SSR1,1,1
VPS39,TTC26,1,1
VPS39,ZMIZ1,1,1
VPS39,ZNF250,1,1
VPS39,ZNF69,1,1
VPS39,ZSCAN26,1,1
GCSH,CIC,1,1
GCSH,CLIP3,1,1
GCSH,MSTO1,1,1
GCSH,PMM2,1,1
GCSH,SEC61G,1,1
C12ORF45,CAD,1,1
C12ORF45,CCT6A,1,1
C12ORF45,DLEU1,1,1
C12ORF45,DNAJC2,1,1
C12ORF45,EIF3B,1,1
C12ORF45,EOGT,1,1
C12ORF45,GPI,1,1
C12ORF45,GPR3,1,1
C12ORF45,LCLAT1,1,1
C12ORF45,LMAN1,1,1
C12ORF45,MAP6D1,1,1
C12ORF45,NEK9,1,1
C12ORF45,PERP,1,1
C12ORF45,PGK 1.00,1,1
C12ORF45,PSMD3,1,1
C12ORF45,RNF149,1,1
C12ORF45,SEC61G,1,1
C12ORF45,SSR1,1,1
C12ORF45,TWIST1,1,1
MPRIP,SYDE1,1,1
MPRIP,WDFY3,1,1
UFSP2,AC013461.1,1,1
UFSP2,CAD,1,1
UFSP2,CDIP1,1,1
UFSP2,CUEDC2,1,1
UFSP2,EIF4EBP2,1,1
UFSP2,FAM72B,1,1
UFSP2,MCCC2,1,1
UFSP2,MYDGF,1,1
UFSP2,NEK9,1,1
UFSP2,NINL,1,1
UFSP2,NUDT3,1,1
UFSP2,PI4K2A,1,1
UFSP2,PLCB1,1,1
UFSP2,PRR14,1,1
UFSP2,STK32C,1,1
UFSP2,TFAP2C,1,1
UFSP2,TLCD1,1,1
UFSP2,ZNF69,1,1
RTN4RL2,FKBP5,1,1
RTN4RL2,MEF2A,1,1
RTN4RL2,TNC,1,1
RTN4RL2,TTC13,1,1
MAP4,ARHGAP45,1,1
MAP4,ARID5B,1,1
MAP4,DNAJC18,1,1
MAP4,FBXO25,1,1
MAP4,ING4,1,1
MAP4,KDM3B,1,1
MAP4,PTPN21,1,1
MAP4,TRIM32,1,1
MAP4,VPS13C,1,1
MAP4,WDFY3,1,1
MAP4,ZNF250,1,1
ZNRF3,BOP 1.00,1,1
ZNRF3,CAD,1,1
ZNRF3,CCT6A,1,1
ZNRF3,CUEDC2,1,1
ZNRF3,DLEU1,1,1
ZNRF3,DNAJC2,1,1
ZNRF3,EIF4A1,1,1
ZNRF3,EIF4A2,1,1
ZNRF3,MCCC2,1,1
ZNRF3,METTL8,1,1
ZNRF3,PMM2,1,1
ZNRF3,PRR14,1,1
ZNRF3,RNF149,1,1
ZNRF3,SLC39A14,1,1
ZNRF3,SPIDR,1,1
ZNRF3,STK32C,1,1
ZNRF3,ZNF445,1,1
ZNF197,AP5M1,1,1
ZNF197,B3GALNT1,1,1
ZNF197,CHTF8,1,1
ZNF197,EIF4EBP2,1,1
ZNF197,HIF1AN,1,1
ZNF197,MTMR14,1,1
ZNF197,MYL12A,1,1
ZNF197,NUDT3,1,1
ZNF197,PAIP2,1,1
ARHGAP45,AKNA,1,1
ARHGAP45,ARID5B,1,1
ARHGAP45,ARL8A,1,1
ARHGAP45,ATP6V1D,1,1
ARHGAP45,BST1,1,1
ARHGAP45,CCDC127,1,1
ARHGAP45,CDIP1,1,1
ARHGAP45,FBXO25,1,1
ARHGAP45,FBXW5,1,1
ARHGAP45,GPSM3,1,1
ARHGAP45,HNRNPUL2-BSCL2,1,1
ARHGAP45,KDM3B,1,1
ARHGAP45,KHNYN,1,1
ARHGAP45,NME2,1,1
ARHGAP45,PARP12,1,1
ARHGAP45,PTPN21,1,1
ARHGAP45,RHOBTB1,1,1
ARHGAP45,SLC6A17,1,1
ARHGAP45,SYDE1,1,1
ARHGAP45,TRIM32,1,1
ARHGAP45,UBE2Q1,1,1
ARHGAP45,WDFY3,1,1
ARHGAP45,WHSC1L1,1,1
ARHGAP45,ZBTB44,1,1
ARHGAP45,ZMIZ1,1,1
ARHGAP45,ZNF250,1,1
ARHGAP45,ZNF69,1,1
ARHGAP45,ZSCAN29,1,1
RHOB,GDI1,1,1
RHOB,SOX12,1,1
RHOB,SV2A,1,1
RHOB,TSC2,1,1
TROAP,CENPA,1,1
TROAP,DIP2A,1,1
TROAP,MRPS28,1,1
TROAP,SPAG5,1,1
TROAP,VPS13C,1,1
HELZ2,PLCB3,1,1
HELZ2,TAP1,1,1
PRPF8,DNAJC2,1,1
PRPF8,MTDH,1,1
PRPF8,RRN3,1,1
SORBS3,AHCY,1,1
SORBS3,ARHGEF7,1,1
SORBS3,BOLA3,1,1
SORBS3,CTIF,1,1
SORBS3,FBXO27,1,1
SORBS3,HIF1AN,1,1
SORBS3,LMAN1,1,1
SORBS3,MTMR14,1,1
SORBS3,MYDGF,1,1
SORBS3,MYL12A,1,1
SORBS3,NEK9,1,1
SORBS3,NUDT3,1,1
SORBS3,PERP,1,1
SORBS3,PGK 1.00,1,1
SORBS3,PI4K2A,1,1
SORBS3,PRR14,1,1
SORBS3,PSMD3,1,1
SORBS3,SEC61G,1,1
SORBS3,SOX12,1,1
SORBS3,STK24,1,1
SORBS3,SV2A,1,1
SORBS3,TLCD1,1,1
SORBS3,TWIST1,1,1
PTPN21,AKNA,1,1
PTPN21,ARL8A,1,1
PTPN21,ATP6V1D,1,1
PTPN21,BST1,1,1
PTPN21,CDIP1,1,1
PTPN21,CTIF,1,1
PTPN21,CUL4B,1,1
PTPN21,FBXW5,1,1
PTPN21,GPSM3,1,1
PTPN21,HIF1AN,1,1
PTPN21,KDM3B,1,1
PTPN21,NME2,1,1
PTPN21,PARP12,1,1
PTPN21,SBF2,1,1
PTPN21,SLC2A3P1,1,1
PTPN21,SOX12,1,1
PTPN21,SV2A,1,1
PTPN21,SYDE1,1,1
PTPN21,UBE2Q1,1,1
PTPN21,WDFY3,1,1
PTPN21,ZMIZ1,1,1
PTPN21,ZNF250,1,1
PTPN21,ZNF69,1,1
PTPN21,ZSCAN29,1,1
ZSCAN26,ADAMTS7,1,1
ZSCAN26,ARHGEF25,1,1
ZSCAN26,CBX3,1,1
ZSCAN26,CDR2,1,1
ZSCAN26,CUL4B,1,1
ZSCAN26,DDX54,1,1
ZSCAN26,DNAJB5,1,1
ZSCAN26,FBXW5,1,1
ZSCAN26,FGFR1OP,1,1
ZSCAN26,GINS4,1,1
ZSCAN26,GPSM3,1,1
ZSCAN26,ICA1,1,1
ZSCAN26,PLCB3,1,1
ZSCAN26,PWP1,1,1
ZSCAN26,RPA1,1,1
ZSCAN26,SENP7,1,1
ZSCAN26,SLC39A3,1,1
ZSCAN26,VRK2,1,1
ZSCAN26,ZNF250,1,1
TPT1,BOLA3,1,1
TPT1,CUL4B,1,1
TPT1,EIF3B,1,1
TPT1,EOGT,1,1
TPT1,GPI,1,1
TPT1,MAP6D1,1,1
TPT1,NEK9,1,1
TPT1,SOX12,1,1
TPT1,TTC26,1,1
TPT1,VRK2,1,1
FBXO25,AHCY,1,1
FBXO25,AKNA,1,1
FBXO25,ARID5B,1,1
FBXO25,BOP 1.00,1,1
FBXO25,BST1,1,1
FBXO25,CCDC127,1,1
FBXO25,CDIP1,1,1
FBXO25,CUEDC2,1,1
FBXO25,DLEU1,1,1
FBXO25,EIF4A1,1,1
FBXO25,GINS4,1,1
FBXO25,HNRNPUL2-BSCL2,1,1
FBXO25,ING4,1,1
FBXO25,KDM3B,1,1
FBXO25,KHNYN,1,1
FBXO25,MSTO1,1,1
FBXO25,NEK9,1,1
FBXO25,NINL,1,1
FBXO25,PAM16,1,1
FBXO25,PMM2,1,1
FBXO25,PRR14,1,1
FBXO25,RAB2B,1,1
FBXO25,RHOBTB1,1,1
FBXO25,SLC6A17,1,1
FBXO25,SNRNP40,1,1
FBXO25,TRIM32,1,1
FBXO25,WBP1L,1,1
FBXO25,WDFY3,1,1
FBXO25,ZNF439,1,1
FBXO25,ZNF69,1,1
WHSC1L1,ACTR8,1,1
WHSC1L1,ATP6V1D,1,1
WHSC1L1,BST1,1,1
WHSC1L1,EIF4EBP2,1,1
WHSC1L1,GLE1,1,1
WHSC1L1,RHOBTB1,1,1
WHSC1L1,UBE2Q1,1,1
WHSC1L1,ZBTB44,1,1
WHSC1L1,ZMIZ1,1,1
WHSC1L1,ZNF69,1,1
STK32C,ABHD17A,1,1
STK32C,AC013461.1,1,1
STK32C,BOP 1.00,1,1
STK32C,CCDC127,1,1
STK32C,CCT6A,1,1
STK32C,CDIP1,1,1
STK32C,CUEDC2,1,1
STK32C,DDX54,1,1
STK32C,EIF4A1,1,1
STK32C,EIF4A2,1,1
STK32C,GINS4,1,1
STK32C,MCCC2,1,1
STK32C,NINL,1,1
STK32C,PMM2,1,1
STK32C,PRR11,1,1
STK32C,PRR14,1,1
STK32C,PSKH1,1,1
STK32C,RAB2B,1,1
STK32C,TFAP2C,1,1
STK32C,VTA1,1,1
STK32C,WBP1L,1,1
STK32C,ZNF445,1,1
MYL12A,AP5M1,1,1
MYL12A,B3GALNT1,1,1
MYL12A,BOLA3,1,1
MYL12A,BST1,1,1
MYL12A,CAD,1,1
MYL12A,CAMLG,1,1
MYL12A,CHTF8,1,1
MYL12A,EIF4EBP2,1,1
MYL12A,HIF1AN,1,1
MYL12A,MSTO1,1,1
MYL12A,MTMR14,1,1
MYL12A,NEK9,1,1
MYL12A,NUDT3,1,1
MYL12A,PAIP2,1,1
MYL12A,PI4K2A,1,1
MYL12A,PSMD3,1,1
MYL12A,SAMD8,1,1
MYL12A,ZNF331,1,1
MYL12A,ZNF69,1,1
ZMIZ1,AKNA,1,1
ZMIZ1,ARL8A,1,1
ZMIZ1,ATP6V1D,1,1
ZMIZ1,CDIP1,1,1
ZMIZ1,FBXW5,1,1
ZMIZ1,NME2,1,1
ZMIZ1,PARP12,1,1
ZMIZ1,PSMB1,1,1
ZMIZ1,SHFM1,1,1
ZMIZ1,SYDE1,1,1
ZMIZ1,UBE2Q1,1,1
ZMIZ1,ZBTB44,1,1
ZMIZ1,ZSCAN29,1,1
NME2,ATP5G1,1,1
NME2,CDIP1,1,1
NME2,CDR2,1,1
NME2,FAM72B,1,1
NME2,FBXW5,1,1
NME2,GPSM3,1,1
NME2,KHNYN,1,1
NME2,MPV17L2,1,1
NME2,PARP12,1,1
NME2,PSMB1,1,1
NME2,RPA1,1,1
NME2,SARS2,1,1
NME2,SLC39A3,1,1
NME2,ZBTB44,1,1
HJURP,AC013461.1,1,1
HJURP,CCDC127,1,1
HJURP,CDIP1,1,1
HJURP,CDR2,1,1
HJURP,CENPA,1,1
HJURP,DDX54,1,1
HJURP,DIP2A,1,1
HJURP,FBXW5,1,1
HJURP,GINS4,1,1
HJURP,ICA1,1,1
HJURP,ING4,1,1
HJURP,KHNYN,1,1
HJURP,PRR11,1,1
HJURP,RPA1,1,1
HJURP,SNRNP40,1,1
HJURP,UQCRFS1,1,1
HJURP,ZBTB44,1,1
BOP 1.00,C17ORF53,1,1
BOP 1.00,CAD,1,1
BOP 1.00,CCT6A,1,1
BOP 1.00,CUEDC2,1,1
BOP 1.00,DDX54,1,1
BOP 1.00,EIF4A1,1,1
BOP 1.00,GINS4,1,1
BOP 1.00,ING4,1,1
BOP 1.00,METTL8,1,1
BOP 1.00,MSTO1,1,1
BOP 1.00,NEK9,1,1
BOP 1.00,PMM2,1,1
BOP 1.00,PRRC2B,1,1
BOP 1.00,PSKH1,1,1
BOP 1.00,RAB2B,1,1
BOP 1.00,SENP7,1,1
BOP 1.00,SNRNP40,1,1
BOP 1.00,WBP1L,1,1
BOP 1.00,ZNF445,1,1
ZNF850,METTL8,1,1
ZNF850,ZNF445,1,1
BST1,AP5M1,1,1
BST1,ARL8A,1,1
BST1,ATP6V1D,1,1
BST1,C6ORF47,1,1
BST1,CHTF8,1,1
BST1,EIF4EBP2,1,1
BST1,GPSM3,1,1
BST1,HIF1AN,1,1
BST1,HNRNPUL2-BSCL2,1,1
BST1,ING4,1,1
BST1,KDM3B,1,1
BST1,MSTO1,1,1
BST1,MTMR14,1,1
BST1,NEK9,1,1
BST1,NUDT3,1,1
BST1,PRRC2B,1,1
BST1,RHOBTB1,1,1
BST1,SAMD8,1,1
BST1,SBF2,1,1
BST1,SLC6A17,1,1
BST1,SOX12,1,1
BST1,WBP1L,1,1
BST1,WDFY3,1,1
BST1,ZNF439,1,1
BST1,ZNF69,1,1
BST1,ZSCAN29,1,1
MIB1,RCBTB1,1,1
ABHD17A,AC013461.1,1,1
ABHD17A,AKNA,1,1
ABHD17A,CDIP1,1,1
ABHD17A,FBXW5,1,1
ABHD17A,GINS4,1,1
ABHD17A,MCCC2,1,1
ABHD17A,NINL,1,1
ABHD17A,PRR11,1,1
ABHD17A,RAB2B,1,1
ABHD17A,SMARCD3,1,1
ABHD17A,UQCRFS1,1,1
ABHD17A,WDR17,1,1
AES,ATG4A,1,1
AES,CCT6A,1,1
AES,EIF4A1,1,1
AES,ING4,1,1
AES,METTL8,1,1
AES,PRRC2B,1,1
AES,SENP7,1,1
AES,TFRC,1,1
AES,ZNF445,1,1
PRRC2B,C6ORF47,1,1
PRRC2B,CCT6A,1,1
PRRC2B,DDX54,1,1
PRRC2B,DNAJC18,1,1
PRRC2B,EIF4A1,1,1
PRRC2B,FGFR1OP,1,1
PRRC2B,GINS4,1,1
PRRC2B,GPSM3,1,1
PRRC2B,ICA1,1,1
PRRC2B,ING4,1,1
PRRC2B,KHNYN,1,1
PRRC2B,NEK9,1,1
PRRC2B,PSEN1,1,1
PRRC2B,PSKH1,1,1
PRRC2B,RBL2,1,1
PRRC2B,SAMD8,1,1
PRRC2B,SBF2,1,1
PRRC2B,SENP7,1,1
PRRC2B,SNRNP40,1,1
PRRC2B,ZCCHC6,1,1
PRRC2B,ZNF69,1,1
CCDC127,AC013461.1,1,1
CCDC127,AKNA,1,1
CCDC127,C6ORF47,1,1
CCDC127,CDIP1,1,1
CCDC127,EIF4A1,1,1
CCDC127,FBXW5,1,1
CCDC127,GINS4,1,1
CCDC127,ING4,1,1
CCDC127,KHNYN,1,1
CCDC127,LRRC57,1,1
CCDC127,NDUFA11,1,1
CCDC127,NINL,1,1
CCDC127,PRR11,1,1
CCDC127,PSEN1,1,1
CCDC127,RAB2B,1,1
CCDC127,RCBTB1,1,1
CCDC127,RHOBTB1,1,1
CCDC127,SLC6A17,1,1
CCDC127,SNRNP40,1,1
CCDC127,TRIM32,1,1
CCDC127,WBP1L,1,1
CCDC127,WDFY3,1,1
CCDC127,ZBTB44,1,1
CCDC127,ZCCHC6,1,1
CCDC127,ZNF439,1,1
CCDC127,ZNF69,1,1
FGFR1OP,CBX3,1,1
FGFR1OP,CCT6A,1,1
FGFR1OP,CUL4B,1,1
FGFR1OP,EIF3B,1,1
FGFR1OP,GPSM3,1,1
FGFR1OP,ICA1,1,1
FGFR1OP,ITGA6,1,1
FGFR1OP,LCLAT1,1,1
FGFR1OP,MAP6D1,1,1
FGFR1OP,SLC39A3,1,1
FGFR1OP,SSR1,1,1
FGFR1OP,TTC26,1,1
SARS2,MPV17L2,1,1
PMM2,AHCY,1,1
PMM2,C17ORF53,1,1
PMM2,CAD,1,1
PMM2,CCT6A,1,1
PMM2,CUEDC2,1,1
PMM2,DDX54,1,1
PMM2,DLEU1,1,1
PMM2,EIF4A1,1,1
PMM2,GINS4,1,1
PMM2,ING4,1,1
PMM2,MSTO1,1,1
PMM2,NEK9,1,1
PMM2,PGPEP1,1,1
PMM2,PRR14,1,1
PMM2,PSKH1,1,1
PMM2,PSMD3,1,1
PMM2,RAB2B,1,1
PMM2,SNRNP40,1,1
PMM2,TBC1D17,1,1
PMM2,WBP1L,1,1
MCCC2,AC013461.1,1,1
MCCC2,AKNA,1,1
MCCC2,CCT6A,1,1
MCCC2,CDIP1,1,1
MCCC2,DDX54,1,1
MCCC2,EIF4A1,1,1
MCCC2,EIF4A2,1,1
MCCC2,FBXW5,1,1
MCCC2,GINS4,1,1
MCCC2,ITGA6,1,1
MCCC2,NINL,1,1
MCCC2,PRR11,1,1
MCCC2,PRR14,1,1
MCCC2,RAB2B,1,1
MCCC2,SLC39A14,1,1
MCCC2,SMARCD3,1,1
MCCC2,SPIDR,1,1
MCCC2,TNC,1,1
MCCC2,ZNF445,1,1
NRN1,COPE,1,1
NRN1,DDX6,1,1
NRN1,FAM162A,1,1
NRN1,MRPL24,1,1
NRN1,PLCB1,1,1
NRN1,TMEM263,1,1
NRN1,ZBTB44,1,1
ITGA6,ATP2A2,1,1
ITGA6,CBX3,1,1
ITGA6,CCT6A,1,1
ITGA6,FBXW5,1,1
ITGA6,LCLAT1,1,1
ITGA6,RITA1,1,1
ITGA6,SLC39A14,1,1
ITGA6,SLC39A3,1,1
ITGA6,SSR1,1,1
ITGA6,TNC,1,1
ITGA6,TTC26,1,1
EIF4A1,AC013461.1,1,1
EIF4A1,C17ORF53,1,1
EIF4A1,CAD,1,1
EIF4A1,CCT6A,1,1
EIF4A1,CDIP1,1,1
EIF4A1,CUEDC2,1,1
EIF4A1,DDX54,1,1
EIF4A1,DIP2A,1,1
EIF4A1,EIF4A2,1,1
EIF4A1,GINS4,1,1
EIF4A1,ING4,1,1
EIF4A1,KHNYN,1,1
EIF4A1,METTL8,1,1
EIF4A1,NEK9,1,1
EIF4A1,NINL,1,1
EIF4A1,PRR11,1,1
EIF4A1,PRR14,1,1
EIF4A1,PSKH1,1,1
EIF4A1,RAB2B,1,1
EIF4A1,SENP7,1,1
EIF4A1,SNRNP40,1,1
EIF4A1,VTA1,1,1
EIF4A1,WBP1L,1,1
EIF4A1,ZNF445,1,1
PGPEP1,RBL2,1,1
ATG4A,ATP2A2,1,1
ATG4A,CBX3,1,1
ATG4A,DTL,1,1
ATG4A,LDHAP7,1,1
ATG4A,METTL8,1,1
ATG4A,MTDH,1,1
ATG4A,SSR1,1,1
ATG4A,TFRC,1,1
CENPA,DIP2A,1,1
CENPA,MRPS28,1,1
CENPA,PRR11,1,1
CENPA,UQCRFS1,1,1
RCBTB1,KHNYN,1,1
RCBTB1,LRRC57,1,1
RCBTB1,NDUFA11,1,1
RCBTB1,PAM16,1,1
RCBTB1,PSEN1,1,1
RCBTB1,RHOBTB1,1,1
RCBTB1,TRIM32,1,1
RCBTB1,ZBTB44,1,1
RCBTB1,ZCCHC6,1,1
RCBTB1,ZNF439,1,1
RCBTB1,ZNF69,1,1
PERP,CD58,1,1
PERP,CTIF,1,1
PERP,GPR3,1,1
PERP,LCLAT1,1,1
PERP,LMAN1,1,1
PERP,MYDGF,1,1
PERP,PGK 1.00,1,1
PERP,PRR14,1,1
PERP,PSMD3,1,1
PERP,SEC61G,1,1
PERP,TLCD1,1,1
PERP,TWIST1,1,1
NDUFA11,KHNYN,1,1
NDUFA11,LRRC57,1,1
NDUFA11,PAM16,1,1
NDUFA11,RHOBTB1,1,1
NDUFA11,TRIM32,1,1
NDUFA11,ZBTB44,1,1
NDUFA11,ZCCHC6,1,1
PAM16,KHNYN,1,1
PAM16,LRRC57,1,1
PAM16,RHOBTB1,1,1
PAM16,TRIM32,1,1
PAM16,WDFY3,1,1
PAM16,ZCCHC6,1,1
LARS2,SNRPN,1,1
CAD,CAMLG,1,1
CAD,CCT6A,1,1
CAD,CUEDC2,1,1
CAD,DDX54,1,1
CAD,DLEU1,1,1
CAD,DNAJC2,1,1
CAD,GPR3,1,1
CAD,ING4,1,1
CAD,MSTO1,1,1
CAD,MTMR14,1,1
CAD,NEK9,1,1
CAD,PRR14,1,1
CAD,PSKH1,1,1
CAD,PSMD3,1,1
CAD,SEC61G,1,1
CAD,TLCD1,1,1
CAD,WBP1L,1,1
CAD,ZNF331,1,1
ZNF331,BOLA3,1,1
ZNF331,CCT6A,1,1
ZNF331,CTIF,1,1
ZNF331,CUEDC2,1,1
ZNF331,FAM72B,1,1
ZNF331,FBXO27,1,1
ZNF331,HIF1AN,1,1
ZNF331,MTMR14,1,1
ZNF331,NEK9,1,1
ZNF331,PI4K2A,1,1
ZNF331,PSKH1,1,1
ZNF331,RAB2B,1,1
ZNF331,SOX12,1,1
ZNF331,SPAG5,1,1
ZNF331,SV2A,1,1
ZNF331,ZNF69,1,1
GINS4,AC013461.1,1,1
GINS4,ADAMTS7,1,1
GINS4,AKNA,1,1
GINS4,ARHGEF25,1,1
GINS4,C17ORF53,1,1
GINS4,C6ORF47,1,1
GINS4,CCT6A,1,1
GINS4,CDIP1,1,1
GINS4,CDR2,1,1
GINS4,CUEDC2,1,1
GINS4,CUL4B,1,1
GINS4,DDX54,1,1
GINS4,DIP2A,1,1
GINS4,DTL,1,1
GINS4,EIF4A2,1,1
GINS4,FAM72B,1,1
GINS4,FBXO27,1,1
GINS4,FBXW5,1,1
GINS4,GPSM3,1,1
GINS4,ICA1,1,1
GINS4,ING4,1,1
GINS4,KHNYN,1,1
GINS4,NEK9,1,1
GINS4,NINL,1,1
GINS4,PRR11,1,1
GINS4,PRR14,1,1
GINS4,PSKH1,1,1
GINS4,PSMB1,1,1
GINS4,RAB2B,1,1
GINS4,RITA1,1,1
GINS4,RPA1,1,1
GINS4,SENP7,1,1
GINS4,SLC39A3,1,1
GINS4,SMARCD3,1,1
GINS4,SNRNP40,1,1
GINS4,TAP1,1,1
GINS4,WBP1L,1,1
GINS4,ZNF250,1,1
GINS4,ZNF69,1,1
EOGT,AC013461.1,1,1
EOGT,C1ORF123,1,1
EOGT,CBX3,1,1
EOGT,CCT6A,1,1
EOGT,CUL4B,1,1
EOGT,DNAJC2,1,1
EOGT,EIF3B,1,1
EOGT,EIF4A2,1,1
EOGT,GPI,1,1
EOGT,GPR3,1,1
EOGT,LCLAT1,1,1
EOGT,LMAN1,1,1
EOGT,MAP6D1,1,1
EOGT,MTDH,1,1
EOGT,PRR14,1,1
EOGT,PSKH1,1,1
EOGT,RAB40C,1,1
EOGT,RITA1,1,1
EOGT,SSR1,1,1
EOGT,SV2A,1,1
EOGT,VRK2,1,1
SLC39A14,ATP2A2,1,1
SLC39A14,CD58,1,1
SLC39A14,RNF149,1,1
SLC39A14,SLC7A11,1,1
SLC39A14,SSR1,1,1
SLC39A14,ZNF445,1,1
BOLA3,AHCY,1,1
BOLA3,ARHGEF7,1,1
BOLA3,ARL8A,1,1
BOLA3,ATP5G1,1,1
BOLA3,CS,1,1
BOLA3,CTIF,1,1
BOLA3,CUL4B,1,1
BOLA3,DDX54,1,1
BOLA3,FAM162A,1,1
BOLA3,FAM72B,1,1
BOLA3,FBXO27,1,1
BOLA3,GPI,1,1
BOLA3,GPSM3,1,1
BOLA3,HIF1AN,1,1
BOLA3,MPV17L2,1,1
BOLA3,MTMR14,1,1
BOLA3,NEK9,1,1
BOLA3,NUDT3,1,1
BOLA3,PI4K2A,1,1
BOLA3,PSKH1,1,1
BOLA3,PSMB1,1,1
BOLA3,SOX12,1,1
BOLA3,SPAG5,1,1
BOLA3,SV2A,1,1
BOLA3,ZNF69,1,1
SAMD8,AP5M1,1,1
SAMD8,ARL8A,1,1
SAMD8,GPSM3,1,1
SAMD8,SBF2,1,1
SAMD8,SENP7,1,1
RPA1,ADAMTS7,1,1
RPA1,ARHGEF25,1,1
RPA1,CBX3,1,1
RPA1,CDR2,1,1
RPA1,CUL4B,1,1
RPA1,DDX54,1,1
RPA1,FBXW5,1,1
RPA1,GPSM3,1,1
RPA1,ICA1,1,1
RPA1,MPV17L2,1,1
RPA1,PLCB3,1,1
RPA1,PRR11,1,1
RPA1,PSMB1,1,1
RPA1,RITA1,1,1
RPA1,SHFM1,1,1
RPA1,SLC39A3,1,1
RPA1,UQCRFS1,1,1
CAMLG,CUEDC2,1,1
CAMLG,MTMR14,1,1
CAMLG,PSMD3,1,1
PSEN1,CDR2,1,1
PSEN1,ICA1,1,1
PSEN1,KHNYN,1,1
PSEN1,PSME1,1,1
PSEN1,RHOBTB1,1,1
PSEN1,SENP7,1,1
PSEN1,ZBTB44,1,1
PSEN1,ZCCHC6,1,1
PSEN1,ZNF69,1,1
ACTR8,KDM3B,1,1
ACTR8,PARP12,1,1
TRIM32,AC013461.1,1,1
TRIM32,AKNA,1,1
TRIM32,CDIP1,1,1
TRIM32,FBXW5,1,1
TRIM32,GPER1,1,1
TRIM32,HNRNPUL2-BSCL2,1,1
TRIM32,KDM3B,1,1
TRIM32,KHNYN,1,1
TRIM32,LRRC57,1,1
TRIM32,PARP12,1,1
TRIM32,RHOBTB1,1,1
TRIM32,SLC6A17,1,1
TRIM32,WBP1L,1,1
TRIM32,WDFY3,1,1
TRIM32,ZBTB44,1,1
TRIM32,ZCCHC6,1,1
TRIM32,ZNF439,1,1
TRIM32,ZNF69,1,1
PLCB3,CDR2,1,1
DNAJB5,ARL8A,1,1
DNAJB5,DNAJC18,1,1
DNAJB5,GPSM3,1,1
SEC61G,C1ORF123,1,1
SEC61G,DLEU1,1,1
SEC61G,GPR3,1,1
SEC61G,LMAN1,1,1
SEC61G,MYDGF,1,1
SEC61G,PGK 1.00,1,1
SEC61G,PRR14,1,1
SEC61G,PSMD3,1,1
SEC61G,TLCD1,1,1
SEC61G,TWIST1,1,1
MFSD6,RP5-1022E24.6,1,1
PLCB1,AC013461.1,1,1
PLCB1,AKNA,1,1
PLCB1,ARHGEF7,1,1
PLCB1,CDIP1,1,1
PLCB1,CUL4B,1,1
PLCB1,FAM72B,1,1
PLCB1,FBXW5,1,1
PLCB1,NINL,1,1
PLCB1,NUDT3,1,1
PLCB1,PSMB1,1,1
PLCB1,SLC39A3,1,1
PLCB1,TMEM263,1,1
PLCB1,UBE2Q1,1,1
PLCB1,ZBTB44,1,1
PLCB1,ZNF69,1,1
PLCB1,ZSCAN29,1,1
RAB2B,AC013461.1,1,1
RAB2B,AKNA,1,1
RAB2B,C17ORF53,1,1
RAB2B,C6ORF47,1,1
RAB2B,CDIP1,1,1
RAB2B,CUEDC2,1,1
RAB2B,DDX54,1,1
RAB2B,DIP2A,1,1
RAB2B,FAM72B,1,1
RAB2B,FBXO27,1,1
RAB2B,FBXW5,1,1
RAB2B,ING4,1,1
RAB2B,NEK9,1,1
RAB2B,NINL,1,1
RAB2B,PRR11,1,1
RAB2B,PRR14,1,1
RAB2B,PSKH1,1,1
RAB2B,SMARCD3,1,1
RAB2B,SNRNP40,1,1
RAB2B,SPAG5,1,1
RAB2B,TBC1D17,1,1
RAB2B,TFAP2C,1,1
RAB2B,WBP1L,1,1
RAB2B,ZNF250,1,1
RAB2B,ZNF69,1,1
RBL2,DDX54,1,1
RBL2,ICA1,1,1
RBL2,ING4,1,1
RBL2,KYAT1,1,1
RBL2,PSKH1,1,1
RBL2,SENP7,1,1
RBL2,SNRNP40,1,1
RBL2,TBC1D17,1,1
TWIST1,GPR3,1,1
TWIST1,LMAN1,1,1
TWIST1,MYDGF,1,1
TWIST1,NUDT3,1,1
TWIST1,PGK 1.00,1,1
TWIST1,PSMD3,1,1
TWIST1,STK24,1,1
TWIST1,TLCD1,1,1
ZNF69,AC013461.1,1,1
ZNF69,AKNA,1,1
ZNF69,ATP5G1,1,1
ZNF69,C6ORF47,1,1
ZNF69,CCT6A,1,1
ZNF69,CDIP1,1,1
ZNF69,CHTF8,1,1
ZNF69,CUEDC2,1,1
ZNF69,CUL4B,1,1
ZNF69,DDX54,1,1
ZNF69,EIF4EBP2,1,1
ZNF69,FAM72B,1,1
ZNF69,FBXW5,1,1
ZNF69,GPSM3,1,1
ZNF69,HIF1AN,1,1
ZNF69,HNRNPUL2-BSCL2,1,1
ZNF69,ING4,1,1
ZNF69,KHNYN,1,1
ZNF69,MSTO1,1,1
ZNF69,MTMR14,1,1
ZNF69,NEK9,1,1
ZNF69,NINL,1,1
ZNF69,NUDT3,1,1
ZNF69,PARP12,1,1
ZNF69,PRR11,1,1
ZNF69,PRR14,1,1
ZNF69,PSKH1,1,1
ZNF69,RHOBTB1,1,1
ZNF69,SENP7,1,1
ZNF69,SLC6A17,1,1
ZNF69,SNRNP40,1,1
ZNF69,SOX12,1,1
ZNF69,WBP1L,1,1
ZNF69,WDFY3,1,1
ZNF69,ZBTB44,1,1
ZNF69,ZCCHC6,1,1
ZNF69,ZNF250,1,1
ZNF69,ZNF439,1,1
ZNF69,ZSCAN29,1,1
CTIF,AKNA,1,1
CTIF,ARHGEF7,1,1
CTIF,ARL8A,1,1
CTIF,CUL4B,1,1
CTIF,EIF3B,1,1
CTIF,FBXO27,1,1
CTIF,GPI,1,1
CTIF,GPR3,1,1
CTIF,GPSM3,1,1
CTIF,HIF1AN,1,1
CTIF,LMAN1,1,1
CTIF,MTMR14,1,1
CTIF,MYDGF,1,1
CTIF,NEK9,1,1
CTIF,NUDT3,1,1
CTIF,PGK 1.00,1,1
CTIF,PRR14,1,1
CTIF,PSMB1,1,1
CTIF,SOX12,1,1
CTIF,SPAG5,1,1
CTIF,SV2A,1,1
CTIF,SYDE1,1,1
CTIF,VRK2,1,1
CTIF,ZNF250,1,1
CTIF,ZSCAN29,1,1
PWP1,CBX3,1,1
PWP1,LDHAP7,1,1
PWP1,TFRC,1,1
PWP1,TTC26,1,1
ARHGEF25,ADAMTS7,1,1
ARHGEF25,CCT6A,1,1
ARHGEF25,DDX54,1,1
ARHGEF25,DIP2A,1,1
ARHGEF25,DTL,1,1
ARHGEF25,EIF4A2,1,1
ARHGEF25,ICA1,1,1
ARHGEF25,PRR11,1,1
ARHGEF25,PSKH1,1,1
ARHGEF25,SMARCD3,1,1
ARHGEF25,SNRNP40,1,1
ARHGEF25,TBC1D17,1,1
ARHGEF25,ZNF250,1,1
VPS13C,ARID5B,1,1
VPS13C,DNAJC18,1,1
VPS13C,KDM3B,1,1
NEK2,TSC2,1,1
ICA1,ADAMTS7,1,1
ICA1,C6ORF47,1,1
ICA1,CCT6A,1,1
ICA1,CDR2,1,1
ICA1,CUL4B,1,1
ICA1,DDX54,1,1
ICA1,FBXW5,1,1
ICA1,GPSM3,1,1
ICA1,ING4,1,1
ICA1,KHNYN,1,1
ICA1,NEK9,1,1
ICA1,PSKH1,1,1
ICA1,SENP7,1,1
ICA1,SLC39A3,1,1
ICA1,SNRNP40,1,1
ICA1,TAP1,1,1
ICA1,ZCCHC6,1,1
ICA1,ZNF250,1,1
PGK 1.00,C1ORF123,1,1
PGK 1.00,GPR3,1,1
PGK 1.00,HIF1AN,1,1
PGK 1.00,LMAN1,1,1
PGK 1.00,MYDGF,1,1
PGK 1.00,NUDT3,1,1
PGK 1.00,PI4K2A,1,1
PGK 1.00,PRR14,1,1
PGK 1.00,PSMD3,1,1
PGK 1.00,TLCD1,1,1
DTL,ADAMTS7,1,1
DTL,CBX3,1,1
DTL,CCT6A,1,1
DTL,MAP6D1,1,1
DTL,TBC1D17,1,1
GPSM3,ADAMTS7,1,1
GPSM3,ARL8A,1,1
GPSM3,C6ORF47,1,1
GPSM3,CBX3,1,1
GPSM3,CDIP1,1,1
GPSM3,CDR2,1,1
GPSM3,CUL4B,1,1
GPSM3,DDX54,1,1
GPSM3,FBXO27,1,1
GPSM3,FBXW5,1,1
GPSM3,GPI,1,1
GPSM3,HIF1AN,1,1
GPSM3,ING4,1,1
GPSM3,NEK9,1,1
GPSM3,PSKH1,1,1
GPSM3,PSMB1,1,1
GPSM3,SENP7,1,1
GPSM3,SHFM1,1,1
GPSM3,SOX12,1,1
GPSM3,SV2A,1,1
GPSM3,VRK2,1,1
GPSM3,ZNF250,1,1
GPSM3,ZSCAN29,1,1
FAM162A,ARHGEF7,1,1
FAM162A,ATP5G1,1,1
FAM162A,COPE,1,1
FAM162A,FAM72B,1,1
FAM162A,UBE2Q1,1,1
DMPK,SMARCD3,1,1
CUL4B,AC013461.1,1,1
CUL4B,ADAMTS7,1,1
CUL4B,ARL8A,1,1
CUL4B,CBX3,1,1
CUL4B,CCT6A,1,1
CUL4B,CDIP1,1,1
CUL4B,CDR2,1,1
CUL4B,DDX54,1,1
CUL4B,DIP2A,1,1
CUL4B,EIF3B,1,1
CUL4B,FAM72B,1,1
CUL4B,FBXO27,1,1
CUL4B,FBXW5,1,1
CUL4B,GPI,1,1
CUL4B,MAP6D1,1,1
CUL4B,NEK9,1,1
CUL4B,PRR11,1,1
CUL4B,PSKH1,1,1
CUL4B,PSMB1,1,1
CUL4B,RITA1,1,1
CUL4B,SENP7,1,1
CUL4B,SHFM1,1,1
CUL4B,SLC39A3,1,1
CUL4B,SMARCD3,1,1
CUL4B,SOX12,1,1
CUL4B,SV2A,1,1
CUL4B,TTC26,1,1
CUL4B,VRK2,1,1
CUL4B,ZNF250,1,1
CUL4B,ZSCAN29,1,1
ATP6V1D,ARL8A,1,1
ATP6V1D,HNRNPUL2-BSCL2,1,1
ATP6V1D,SBF2,1,1
MTDH,DNAJC2,1,1
MTDH,METTL8,1,1
KHNYN,AC013461.1,1,1
KHNYN,ARID5B,1,1
KHNYN,CDIP1,1,1
KHNYN,CDR2,1,1
KHNYN,DDX54,1,1
KHNYN,FBXW5,1,1
KHNYN,ING4,1,1
KHNYN,LRRC57,1,1
KHNYN,RHOBTB1,1,1
KHNYN,SENP7,1,1
KHNYN,SNRNP40,1,1
KHNYN,WDFY3,1,1
KHNYN,ZBTB44,1,1
KHNYN,ZCCHC6,1,1
ARMC8,C17ORF53,1,1
ARMC8,CUEDC2,1,1
ARMC8,DIP2A,1,1
ARMC8,FBXO27,1,1
ARMC8,HNRNPA2B1,1,1
ARMC8,NEK9,1,1
ARMC8,PSKH1,1,1
ARMC8,SPAG5,1,1
ARMC8,TBC1D17,1,1
H2AFV,SPAG5,1,1
TSC2,ADAMTS7,1,1
TSC2,ARHGEF7,1,1
TSC2,SHFM1,1,1
TSC2,SV2A,1,1
LCLAT1,ATP2A2,1,1
LCLAT1,CBX3,1,1
LCLAT1,CCT6A,1,1
LCLAT1,CD58,1,1
LCLAT1,DNAJC2,1,1
LCLAT1,EIF3B,1,1
LCLAT1,GPI,1,1
LCLAT1,GPR3,1,1
LCLAT1,LMAN1,1,1
LCLAT1,MAP6D1,1,1
LCLAT1,RNF149,1,1
LCLAT1,SSR1,1,1
LCLAT1,TTC26,1,1
PI4K2A,AHCY,1,1
PI4K2A,ARHGEF7,1,1
PI4K2A,CHTF8,1,1
PI4K2A,CUEDC2,1,1
PI4K2A,HIF1AN,1,1
PI4K2A,MTMR14,1,1
PI4K2A,MYDGF,1,1
PI4K2A,NEK9,1,1
PI4K2A,NUDT3,1,1
PI4K2A,PAIP2,1,1
PI4K2A,PRR14,1,1
PI4K2A,PSMD3,1,1
PI4K2A,SOX12,1,1
PI4K2A,TFAP2C,1,1
AHCY,C17ORF53,1,1
AHCY,CS,1,1
AHCY,CUEDC2,1,1
AHCY,FBXO27,1,1
AHCY,MSTO1,1,1
AHCY,MYDGF,1,1
AHCY,NEK9,1,1
AHCY,NINL,1,1
AHCY,PRR14,1,1
AHCY,PSMD3,1,1
AHCY,SPAG5,1,1
AHCY,TMEM138,1,1
AHCY,WBP1L,1,1
MSTO1,CUEDC2,1,1
MSTO1,HNRNPUL2-BSCL2,1,1
MSTO1,MTMR14,1,1
MSTO1,NEK9,1,1
MSTO1,PSMD3,1,1
MSTO1,RHOBTB1,1,1
MSTO1,SBF2,1,1
MSTO1,WBP1L,1,1
MSTO1,ZNF439,1,1
RNF149,ATP2A2,1,1
RNF149,CCT6A,1,1
RNF149,CD58,1,1
RNF149,DNAJC2,1,1
RNF149,GPR3,1,1
RNF149,SPIDR,1,1
RNF149,SSR1,1,1
CHTF8,AP5M1,1,1
CHTF8,ATP5G1,1,1
CHTF8,EIF4EBP2,1,1
CHTF8,HIF1AN,1,1
CHTF8,MTMR14,1,1
CHTF8,NUDT3,1,1
CHTF8,PAIP2,1,1
CHTF8,UBE2Q1,1,1
CHTF8,ZNF439,1,1
GPER1,CNTNAP3B,1,1
GPER1,HNRNPUL2-BSCL2,1,1
GPER1,KDM3B,1,1
GPER1,SLC6A17,1,1
GPER1,WDFY3,1,1
TTC26,CBX3,1,1
TTC26,CCT6A,1,1
TTC26,EIF3B,1,1
TTC26,GPI,1,1
TTC26,MAP6D1,1,1
TTC26,PQBP1,1,1
TTC26,RITA1,1,1
TTC26,SLC39A3,1,1
TTC26,SSR1,1,1
TTC26,VRK2,1,1
MEF2A,FKBP5,1,1
MEF2A,SLC7A11,1,1
MEF2A,TNC,1,1
FAM72B,AC013461.1,1,1
FAM72B,AKNA,1,1
FAM72B,ARHGEF7,1,1
FAM72B,ATP5G1,1,1
FAM72B,CDIP1,1,1
FAM72B,CDR2,1,1
FAM72B,CS,1,1
FAM72B,DIP2A,1,1
FAM72B,FBXO27,1,1
FAM72B,FBXW5,1,1
FAM72B,HIF1AN,1,1
FAM72B,MPV17L2,1,1
FAM72B,NEK9,1,1
FAM72B,NINL,1,1
FAM72B,PRR11,1,1
FAM72B,PSKH1,1,1
FAM72B,PSMB1,1,1
FAM72B,SHFM1,1,1
FAM72B,SLC39A3,1,1
FAM72B,SMARCD3,1,1
FAM72B,SOX12,1,1
FAM72B,SV2A,1,1
FAM72B,UBE2Q1,1,1
FAM72B,ZNF250,1,1
FAM72B,ZSCAN29,1,1
MPV17L2,ATP5G1,1,1
MPV17L2,CDR2,1,1
MPV17L2,PSMB1,1,1
MPV17L2,SLC39A3,1,1
WDFY3,AKNA,1,1
WDFY3,ARID5B,1,1
WDFY3,CDIP1,1,1
WDFY3,HNRNPUL2-BSCL2,1,1
WDFY3,KDM3B,1,1
WDFY3,PARP12,1,1
WDFY3,RHOBTB1,1,1
WDFY3,SLC6A17,1,1
WDFY3,TXNDC12,1,1
WDFY3,WBP1L,1,1
WDFY3,ZBTB44,1,1
WDFY3,ZNF439,1,1
WDFY3,ZSCAN29,1,1
SYDE1,AKNA,1,1
SYDE1,ARHGEF7,1,1
SYDE1,CDIP1,1,1
SYDE1,FBXO27,1,1
SYDE1,FBXW5,1,1
SYDE1,HIF1AN,1,1
SYDE1,LMAN1,1,1
SYDE1,NINL,1,1
SYDE1,NUDT3,1,1
SYDE1,PARP12,1,1
SYDE1,PSMB1,1,1
SYDE1,SHFM1,1,1
SYDE1,SLC2A3P1,1,1
SYDE1,SV2A,1,1
SYDE1,UBE2Q1,1,1
SYDE1,ZSCAN29,1,1
KDM3B,ARID5B,1,1
KDM3B,HNRNPUL2-BSCL2,1,1
KDM3B,PARP12,1,1
KDM3B,SLC6A17,1,1
ZNF250,AC013461.1,1,1
ZNF250,AKNA,1,1
ZNF250,CBX3,1,1
ZNF250,CCT6A,1,1
ZNF250,CDIP1,1,1
ZNF250,DDX54,1,1
ZNF250,DIP2A,1,1
ZNF250,FBXO27,1,1
ZNF250,FBXW5,1,1
ZNF250,ING4,1,1
ZNF250,NEK9,1,1
ZNF250,PRR11,1,1
ZNF250,PSMB1,1,1
ZNF250,SENP7,1,1
ZNF250,SHFM1,1,1
ZNF250,SLC39A3,1,1
ZNF250,SMARCD3,1,1
ZNF250,SNRNP40,1,1
ZNF250,SOX12,1,1
ZNF250,SSR1,1,1
ZNF250,SV2A,1,1
ZNF250,ZSCAN29,1,1
MRPS28,DIP2A,1,1
SBF2,ARL8A,1,1
SBF2,DNAJC18,1,1
SBF2,HNRNPUL2-BSCL2,1,1
LMAN1,AKNA,1,1
LMAN1,ARHGEF7,1,1
LMAN1,EIF3B,1,1
LMAN1,GPI,1,1
LMAN1,GPR3,1,1
LMAN1,HIF1AN,1,1
LMAN1,MYDGF,1,1
LMAN1,NUDT3,1,1
LMAN1,PRR14,1,1
LMAN1,SV2A,1,1
LMAN1,TLCD1,1,1
LMAN1,ZSCAN29,1,1
NINL,AC013461.1,1,1
NINL,AKNA,1,1
NINL,ARHGEF7,1,1
NINL,C17ORF53,1,1
NINL,CDIP1,1,1
NINL,CUEDC2,1,1
NINL,DIP2A,1,1
NINL,FBXO27,1,1
NINL,FBXW5,1,1
NINL,NEK9,1,1
NINL,PRR11,1,1
NINL,PRR14,1,1
NINL,PSKH1,1,1
NINL,PSMB1,1,1
NINL,SMARCD3,1,1
NINL,SV2A,1,1
NINL,TFAP2C,1,1
NINL,TLCD1,1,1
NINL,WBP1L,1,1
B3GLCT,B3GALNT1,1,1
B3GLCT,EIF4EBP2,1,1
B3GLCT,KLHL42,1,1
B3GLCT,WDR1,1,1
B3GLCT,ZNF439,1,1
MAP6D1,CBX3,1,1
MAP6D1,CCT6A,1,1
MAP6D1,EIF3B,1,1
MAP6D1,GPI,1,1
MAP6D1,GPR3,1,1
MAP6D1,SSR1,1,1
MAP6D1,VRK2,1,1
KYAT1,DNAJC2,1,1
KYAT1,SNRPN,1,1
PSMB1,AC013461.1,1,1
PSMB1,ADAMTS7,1,1
PSMB1,AKNA,1,1
PSMB1,ARHGEF7,1,1
PSMB1,ATP5G1,1,1
PSMB1,CBX3,1,1
PSMB1,CDIP1,1,1
PSMB1,FBXO27,1,1
PSMB1,FBXW5,1,1
PSMB1,GPI,1,1
PSMB1,PRR11,1,1
PSMB1,RITA1,1,1
PSMB1,SHFM1,1,1
PSMB1,SLC39A3,1,1
PSMB1,SMARCD3,1,1
PSMB1,SV2A,1,1
PSMB1,ZSCAN29,1,1
SHFM1,AC013461.1,1,1
SHFM1,ADAMTS7,1,1
SHFM1,AKNA,1,1
SHFM1,ARHGEF7,1,1
SHFM1,CDIP1,1,1
SHFM1,CDR2,1,1
SHFM1,FBXO27,1,1
SHFM1,FBXW5,1,1
SHFM1,PRR11,1,1
SHFM1,SLC39A3,1,1
SHFM1,SMARCD3,1,1
SHFM1,SV2A,1,1
SHFM1,ZSCAN29,1,1
TFRC,ATP2A2,1,1
TFRC,CCT6A,1,1
TFRC,DNAJC2,1,1
TFRC,METTL8,1,1
TFRC,SSR1,1,1
TFRC,VTA1,1,1
TFRC,ZNF445,1,1
AP5M1,EIF4EBP2,1,1
AP5M1,PAIP2,1,1
ARHGEF7,AKNA,1,1
ARHGEF7,ATP5G1,1,1
ARHGEF7,CS,1,1
ARHGEF7,FBXO27,1,1
ARHGEF7,GPI,1,1
ARHGEF7,HIF1AN,1,1
ARHGEF7,MYDGF,1,1
ARHGEF7,NUDT3,1,1
ARHGEF7,PRR14,1,1
ARHGEF7,SOX12,1,1
ARHGEF7,SV2A,1,1
ARHGEF7,UBE2Q1,1,1
ARHGEF7,ZSCAN29,1,1
SNRNP40,AC013461.1,1,1
SNRNP40,CCT6A,1,1
SNRNP40,CDIP1,1,1
SNRNP40,CDR2,1,1
SNRNP40,CUEDC2,1,1
SNRNP40,DDX54,1,1
SNRNP40,DIP2A,1,1
SNRNP40,EIF4A2,1,1
SNRNP40,FBXW5,1,1
SNRNP40,ING4,1,1
SNRNP40,NEK9,1,1
SNRNP40,PRR11,1,1
SNRNP40,PSKH1,1,1
SNRNP40,RHOBTB1,1,1
SNRNP40,SENP7,1,1
SNRNP40,TAP1,1,1
SNRNP40,WBP1L,1,1
SNRNP40,ZCCHC6,1,1
DDX54,AC013461.1,1,1
DDX54,C6ORF47,1,1
DDX54,CCT6A,1,1
DDX54,CDIP1,1,1
DDX54,CDR2,1,1
DDX54,CUEDC2,1,1
DDX54,DIP2A,1,1
DDX54,EIF4A2,1,1
DDX54,FBXO27,1,1
DDX54,FBXW5,1,1
DDX54,ING4,1,1
DDX54,NEK9,1,1
DDX54,PRR11,1,1
DDX54,PRR14,1,1
DDX54,PSKH1,1,1
DDX54,SENP7,1,1
DDX54,SLC39A3,1,1
DDX54,SMARCD3,1,1
DDX54,SPAG5,1,1
DDX54,TAP1,1,1
DDX54,VRK2,1,1
DDX54,WBP1L,1,1
CDIP1,AC013461.1,1,1
CDIP1,AKNA,1,1
CDIP1,CCT6A,1,1
CDIP1,CDR2,1,1
CDIP1,DIP2A,1,1
CDIP1,FBXO27,1,1
CDIP1,FBXW5,1,1
CDIP1,ING4,1,1
CDIP1,LRRC57,1,1
CDIP1,NEK9,1,1
CDIP1,PARP12,1,1
CDIP1,PRR11,1,1
CDIP1,PRR14,1,1
CDIP1,PSKH1,1,1
CDIP1,RHOBTB1,1,1
CDIP1,SENP7,1,1
CDIP1,SLC39A3,1,1
CDIP1,SMARCD3,1,1
CDIP1,TMEM263,1,1
CDIP1,WBP1L,1,1
CDIP1,ZBTB44,1,1
CDIP1,ZCCHC6,1,1
CDIP1,ZNF439,1,1
CDIP1,ZSCAN29,1,1
CDR2,ADAMTS7,1,1
CDR2,ATP5G1,1,1
CDR2,FBXW5,1,1
CDR2,PRR11,1,1
CDR2,SENP7,1,1
CDR2,SLC39A3,1,1
AKNA,AC013461.1,1,1
AKNA,FBXO27,1,1
AKNA,FBXW5,1,1
AKNA,PARP12,1,1
AKNA,PRR11,1,1
AKNA,PRR14,1,1
AKNA,SV2A,1,1
AKNA,TXNDC12,1,1
AKNA,WBP1L,1,1
AKNA,ZBTB44,1,1
AKNA,ZSCAN29,1,1
ZBTB44,AC013461.1,1,1
ZBTB44,FBXW5,1,1
ZBTB44,LRRC57,1,1
ZBTB44,PARP12,1,1
ZBTB44,RHOBTB1,1,1
ZBTB44,SLC39A3,1,1
ZBTB44,TMEM263,1,1
ZBTB44,TNC,1,1
ZBTB44,ZCCHC6,1,1
SLC2A3P1,ZSCAN29,1,1
ZNF445,AC013461.1,1,1
ZNF445,CCT6A,1,1
ZNF445,METTL8,1,1
ZNF445,THYN1,1,1
ZNF445,VTA1,1,1
SOX12,ARL8A,1,1
SOX12,C6ORF47,1,1
SOX12,CCDC106,1,1
SOX12,FBXO27,1,1
SOX12,GPI,1,1
SOX12,HIF1AN,1,1
SOX12,MTMR14,1,1
SOX12,NEK9,1,1
SOX12,PSKH1,1,1
SOX12,RMND5B,1,1
SOX12,SPAG5,1,1
SOX12,SV2A,1,1
SOX12,VRK2,1,1
SOX12,ZSCAN29,1,1
GPR3,C1ORF123,1,1
GPR3,CCT6A,1,1
GPR3,DLEU1,1,1
GPR3,DNAJC2,1,1
GPR3,EIF3B,1,1
GPR3,GPI,1,1
GPR3,MYDGF,1,1
GPR3,NEK9,1,1
GPR3,PRR14,1,1
GPR3,PSMD3,1,1
GPR3,VRK2,1,1
FBXO27,AC013461.1,1,1
FBXO27,C17ORF53,1,1
FBXO27,CCT6A,1,1
FBXO27,CS,1,1
FBXO27,DIP2A,1,1
FBXO27,HIF1AN,1,1
FBXO27,ING4,1,1
FBXO27,NEK9,1,1
FBXO27,PRR11,1,1
FBXO27,PRR14,1,1
FBXO27,PSKH1,1,1
FBXO27,SMARCD3,1,1
FBXO27,SPAG5,1,1
FBXO27,SV2A,1,1
FBXO27,TBC1D17,1,1
FBXO27,WBP1L,1,1
FBXO27,ZSCAN29,1,1
PAIP2,EIF4EBP2,1,1
PAIP2,HIF1AN,1,1
PAIP2,MTMR14,1,1
PAIP2,NUDT3,1,1
PSKH1,AC013461.1,1,1
PSKH1,C17ORF53,1,1
PSKH1,C6ORF47,1,1
PSKH1,CCT6A,1,1
PSKH1,CUEDC2,1,1
PSKH1,DIP2A,1,1
PSKH1,EIF4A2,1,1
PSKH1,ING4,1,1
PSKH1,MTMR14,1,1
PSKH1,NEK9,1,1
PSKH1,PRR11,1,1
PSKH1,PRR14,1,1
PSKH1,SENP7,1,1
PSKH1,SMARCD3,1,1
PSKH1,SPAG5,1,1
PSKH1,TAP1,1,1
PSKH1,TBC1D17,1,1
PSKH1,TFAP2C,1,1
PSKH1,VRK2,1,1
PSKH1,VTA1,1,1
PSKH1,WBP1L,1,1
TMEM138,MYDGF,1,1
TMEM138,SHOX2,1,1
TMEM138,STK24,1,1
EIF4A2,AC013461.1,1,1
EIF4A2,CCT6A,1,1
EIF4A2,METTL8,1,1
EIF4A2,PRR11,1,1
EIF4A2,PRR14,1,1
EIF4A2,SMARCD3,1,1
EIF4A2,VTA1,1,1
MYDGF,HIF1AN,1,1
MYDGF,NUDT3,1,1
MYDGF,PRR14,1,1
MYDGF,PSMD3,1,1
MYDGF,SHOX2,1,1
MYDGF,STK24,1,1
MYDGF,TLCD1,1,1
PRR11,AC013461.1,1,1
PRR11,C17ORF53,1,1
PRR11,CCT6A,1,1
PRR11,DIP2A,1,1
PRR11,FBXW5,1,1
PRR11,ING4,1,1
PRR11,NEK9,1,1
PRR11,PRR14,1,1
PRR11,SLC39A3,1,1
PRR11,SMARCD3,1,1
PRR11,SPAG5,1,1
PRR11,SV2A,1,1
PRR11,UQCRFS1,1,1
CCT6A,AC013461.1,1,1
CCT6A,CBX3,1,1
CCT6A,CUEDC2,1,1
CCT6A,DNAJC2,1,1
CCT6A,EIF3B,1,1
CCT6A,GPI,1,1
CCT6A,ING4,1,1
CCT6A,METTL8,1,1
CCT6A,NEK9,1,1
CCT6A,PRR14,1,1
CCT6A,SENP7,1,1
CCT6A,SSR1,1,1
CCT6A,VRK2,1,1
CCT6A,VTA1,1,1
METTL8,DNAJC2,1,1
METTL8,THYN1,1,1
METTL8,VTA1,1,1
DNAJC2,C1ORF123,1,1
DNAJC2,EIF3B,1,1
COPE,MRPL24,1,1
ZNF439,B3GALNT1,1,1
ZNF439,EIF4EBP2,1,1
ZNF439,HNRNPUL2-BSCL2,1,1
ZNF439,RHOBTB1,1,1
ZNF439,SLC6A17,1,1
ZNF439,WBP1L,1,1
ZNF439,WDR1,1,1
ZNF439,ZCCHC6,1,1
NT5C3A,CBX3,1,1
NT5C3A,EIF3B,1,1
NT5C3A,SSR1,1,1
GDI1,HNRNPA2B1,1,1
GDI1,RHEB,1,1
GDI1,TBC1D17,1,1
SHOX2,STK24,1,1
SPIDR,CD58,1,1
SPIDR,DLEU1,1,1
SPIDR,PRR14,1,1
MTMR14,C6ORF47,1,1
MTMR14,CUEDC2,1,1
MTMR14,HIF1AN,1,1
MTMR14,NEK9,1,1
MTMR14,NUDT3,1,1
MTMR14,PRR14,1,1
MTMR14,PSMD3,1,1
MTMR14,SPAG5,1,1
MTMR14,WBP1L,1,1
CUEDC2,AC013461.1,1,1
CUEDC2,C17ORF53,1,1
CUEDC2,DIP2A,1,1
CUEDC2,DLEU1,1,1
CUEDC2,ING4,1,1
CUEDC2,NEK9,1,1
CUEDC2,PRR14,1,1
CUEDC2,PSMD3,1,1
CUEDC2,TFAP2C,1,1
CUEDC2,VTA1,1,1
CUEDC2,WBP1L,1,1
FKBP5,TMEM263,1,1
GPI,ADAMTS7,1,1
GPI,CBX3,1,1
GPI,EIF3B,1,1
GPI,HIF1AN,1,1
GPI,NEK9,1,1
GPI,NUDT3,1,1
GPI,RITA1,1,1
GPI,SLC39A3,1,1
GPI,SV2A,1,1
GPI,VRK2,1,1
ZCCHC6,ING4,1,1
ZCCHC6,RHOBTB1,1,1
ZCCHC6,SENP7,1,1
ARL8A,HIF1AN,1,1
ARL8A,ZSCAN29,1,1
PRR14,AC013461.1,1,1
PRR14,C17ORF53,1,1
PRR14,C1ORF123,1,1
PRR14,DIP2A,1,1
PRR14,DLEU1,1,1
PRR14,ING4,1,1
PRR14,NEK9,1,1
PRR14,NUDT3,1,1
PRR14,PSMD3,1,1
PRR14,SMARCD3,1,1
PRR14,SV2A,1,1
PRR14,TFAP2C,1,1
PRR14,TLCD1,1,1
PRR14,WBP1L,1,1
C17ORF53,CS,1,1
C17ORF53,DIP2A,1,1
C17ORF53,ING4,1,1
C17ORF53,NEK9,1,1
C17ORF53,SMARCD3,1,1
C17ORF53,SPAG5,1,1
C17ORF53,TBC1D17,1,1
C17ORF53,WBP1L,1,1
UBE2Q1,ATP5G1,1,1
UBE2Q1,PARP12,1,1
UBE2Q1,ZSCAN29,1,1
CCDC106,RMND5B,1,1
CCDC106,VRK2,1,1
KLHL42,B3GALNT1,1,1
KLHL42,EIF4EBP2,1,1
ING4,AC013461.1,1,1
ING4,ARID5B,1,1
ING4,C6ORF47,1,1
ING4,DIP2A,1,1
ING4,DNAJC18,1,1
ING4,FBXW5,1,1
ING4,NEK9,1,1
ING4,RHOBTB1,1,1
ING4,SENP7,1,1
ING4,WBP1L,1,1
TNC,LRRC57,1,1
HIF1AN,ATP5G1,1,1
HIF1AN,NEK9,1,1
HIF1AN,NUDT3,1,1
HIF1AN,SV2A,1,1
HIF1AN,ZSCAN29,1,1
SMARCD3,AC013461.1,1,1
SMARCD3,ADAMTS7,1,1
SMARCD3,DIP2A,1,1
SMARCD3,FBXW5,1,1
SMARCD3,SV2A,1,1
SMARCD3,TBC1D17,1,1
SMARCD3,UQCRFS1,1,1
PARP12,FBXW5,1,1
PARP12,ZSCAN29,1,1
DNAJC18,ARID5B,1,1
C6ORF47,DIP2A,1,1
C6ORF47,WBP1L,1,1
PQBP1,EIF3B,1,1
AC013461.1,DIP2A,1,1
AC013461.1,FBXW5,1,1
AC013461.1,NEK9,1,1
AC013461.1,SLC39A3,1,1
AC013461.1,SV2A,1,1
AC013461.1,TFAP2C,1,1
AC013461.1,WBP1L,1,1
EIF3B,CBX3,1,1
EIF3B,SSR1,1,1
EIF3B,VRK2,1,1
SLC6A17,ARID5B,1,1
SLC6A17,HNRNPUL2-BSCL2,1,1
SLC6A17,RHOBTB1,1,1
SLC6A17,WBP1L,1,1
SLC6A17,WDR1,1,1
WBP1L,DIP2A,1,1
WBP1L,HNRNPUL2-BSCL2,1,1
WBP1L,NEK9,1,1
WBP1L,RHOBTB1,1,1
WBP1L,TFAP2C,1,1
VRK2,ADAMTS7,1,1
VRK2,CBX3,1,1
VRK2,NEK9,1,1
VRK2,RMND5B,1,1
VRK2,SV2A,1,1
SPAG5,CS,1,1
SPAG5,DIP2A,1,1
SPAG5,NEK9,1,1
SPAG5,SV2A,1,1
TBC1D17,DIP2A,1,1
TBC1D17,HNRNPA2B1,1,1
EIF4EBP2,B3GALNT1,1,1
EIF4EBP2,HNRNPUL2-BSCL2,1,1
EIF4EBP2,NUDT3,1,1
EIF4EBP2,RHOBTB1,1,1
EIF4EBP2,STK24,1,1
EIF4EBP2,WDR1,1,1
TLCD1,B3GALNT1,1,1
TLCD1,NUDT3,1,1
TLCD1,PSMD3,1,1
TLCD1,STK24,1,1
SSR1,ATP2A2,1,1
SSR1,CBX3,1,1
PSMD3,C1ORF123,1,1
PSMD3,CS,1,1
PSMD3,NEK9,1,1
CIC,CLIP3,1,1
CBX3,ADAMTS7,1,1
CBX3,ATP2A2,1,1
CBX3,RITA1,1,1
CBX3,SLC39A3,1,1
SLC39A3,ADAMTS7,1,1
SLC39A3,FBXW5,1,1
SLC39A3,RITA1,1,1
SLC39A3,SENP7,1,1
LRRC57,RHOBTB1,1,1
NEK9,ATP5G1,1,1
NEK9,CS,1,1
NEK9,DIP2A,1,1
NEK9,DLEU1,1,1
NEK9,NUDT3,1,1
NEK9,SENP7,1,1
NEK9,SV2A,1,1
FBXW5,RHOBTB1,1,1
FBXW5,RITA1,1,1
FBXW5,SENP7,1,1
FBXW5,TMEM263,1,1
FBXW5,ZSCAN29,1,1
NUDT3,ATP5G1,1,1
NUDT3,B3GALNT1,1,1
NUDT3,STK24,1,1
ADAMTS7,SV2A,1,1
B3GALNT1,STK24,1,1
CS,NEDD1,1,1
CS,SV2A,1,1
SV2A,ZSCAN29,1,1
HNRNPUL2-BSCL2,RHOBTB1,1,1
HNRNPUL2-BSCL2,WDR1,1,1
WDR1,RHOBTB1,1,1
SENP7,RHOBTB1,1,1
