source,target,weight,correlation
FIZ1,AIFM1,1,1
FIZ1,AP1S2,1,1
FIZ1,B4GALT7,1,1
FIZ1,BACE2,1,1
FIZ1,C11ORF84,1,1
FIZ1,C2CD2L,1,1
FIZ1,CD2BP2,1,1
FIZ1,CDC34,1,1
FIZ1,CDC42EP1,1,1
FIZ1,CLTB,1,1
FIZ1,COG3,1,1
FIZ1,COMMD5,1,1
FIZ1,COQ10A,1,1
FIZ1,CSPG4,1,1
FIZ1,DEAF1,1,1
FIZ1,EHMT2,1,1
FIZ1,ENDOD1,1,1
FIZ1,FAH,1,1
FIZ1,FAM204A,1,1
FIZ1,FAM20B,1,1
FIZ1,FAM32A,1,1
FIZ1,FLNA,1,1
FIZ1,HEXB,1,1
FIZ1,HNRNPUL2,1,1
FIZ1,HPS6,1,1
FIZ1,IBTK,1,1
FIZ1,ITPRIP,1,1
FIZ1,LARP4B,1,1
FIZ1,MED22,1,1
FIZ1,MEN1,1,1
FIZ1,MOB2,1,1
FIZ1,MRPL43,1,1
FIZ1,MYL6,1,1
FIZ1,NOMO2,1,1
FIZ1,NOP9,1,1
FIZ1,NUMA1,1,1
FIZ1,OSGEP,1,1
FIZ1,OTUB1,1,1
FIZ1,PARG,1,1
FIZ1,PCMT1,1,1
FIZ1,PIGX,1,1
FIZ1,PIK3C3,1,1
FIZ1,POLR3A,1,1
FIZ1,PRDM11,1,1
FIZ1,PROSER1,1,1
FIZ1,PRRC2A,1,1
FIZ1,RABIF,1,1
FIZ1,RNF121,1,1
FIZ1,RNF220,1,1
FIZ1,SDCCAG8,1,1
FIZ1,SDHAF3,1,1
FIZ1,SFXN3,1,1
FIZ1,SLC38A6,1,1
FIZ1,SLC47A1,1,1
FIZ1,SPRYD4,1,1
FIZ1,SSNA1,1,1
FIZ1,SUPT20H,1,1
FIZ1,TERF2,1,1
FIZ1,TGIF2,1,1
FIZ1,TMC6,1,1
FIZ1,TMEM19,1,1
FIZ1,TRAF3IP2,1,1
FIZ1,URM1,1,1
FIZ1,USP38,1,1
FIZ1,WBP4,1,1
FIZ1,WWC2,1,1
FIZ1,ZBTB12,1,1
FIZ1,ZFP41,1,1
FIZ1,ZNF33A,1,1
FIZ1,ZNF48,1,1
FIZ1,ZSCAN9,1,1
MZF1,NOL3,1,1
RDH13,AGO1,1,1
RDH13,ANXA2,1,1
RDH13,AP4S1,1,1
RDH13,APOL2,1,1
RDH13,APOLD1,1,1
RDH13,AREL1,1,1
RDH13,ARHGAP1,1,1
RDH13,ATP13A2,1,1
RDH13,ATP5J2-PTCD1,1,1
RDH13,AVEN,1,1
RDH13,BHLHB9,1,1
RDH13,C1GALT1C1,1,1
RDH13,CBX4,1,1
RDH13,CCDC25,1,1
RDH13,CCNY,1,1
RDH13,CDC42EP1,1,1
RDH13,CDR2L,1,1
RDH13,CDYL2,1,1
RDH13,CHST12,1,1
RDH13,COG8,1,1
RDH13,CROT,1,1
RDH13,DAAM2,1,1
RDH13,DCTD,1,1
RDH13,DENND4A,1,1
RDH13,DIP2B,1,1
RDH13,DNMBP,1,1
RDH13,DPH7,1,1
RDH13,DTNA,1,1
RDH13,ELK4,1,1
RDH13,EPHB4,1,1
RDH13,EXOC3,1,1
RDH13,FAH,1,1
RDH13,FAM131A,1,1
RDH13,FAM135A,1,1
RDH13,FBXO46,1,1
RDH13,FBXW2,1,1
RDH13,FYN,1,1
RDH13,GFOD2,1,1
RDH13,GMPR2,1,1
RDH13,HEATR6,1,1
RDH13,HMGN4,1,1
RDH13,HOXC11,1,1
RDH13,HPS6,1,1
RDH13,IMPDH1,1,1
RDH13,ITGB1,1,1
RDH13,ITSN1,1,1
RDH13,KCTD6,1,1
RDH13,KRIT1,1,1
RDH13,LAMTOR1,1,1
RDH13,LRRC20,1,1
RDH13,LZTFL1,1,1
RDH13,MAPKAP1,1,1
RDH13,MRPL18,1,1
RDH13,MT1F,1,1
RDH13,MTO1,1,1
RDH13,MX2,1,1
RDH13,MYLIP,1,1
RDH13,NDUFB2,1,1
RDH13,NEDD8,1,1
RDH13,NOP10,1,1
RDH13,NPHP4,1,1
RDH13,NT5C,1,1
RDH13,NUDT11,1,1
RDH13,NUMA1,1,1
RDH13,PARG,1,1
RDH13,PDCL,1,1
RDH13,PDE3B,1,1
RDH13,PKN1,1,1
RDH13,PLOD3,1,1
RDH13,POLR2G,1,1
RDH13,PPT1,1,1
RDH13,PRDM11,1,1
RDH13,PTPMT1,1,1
RDH13,QKI,1,1
RDH13,RAB2A,1,1
RDH13,RAB5C,1,1
RDH13,RABL3,1,1
RDH13,RALA,1,1
RDH13,RHBDD3,1,1
RDH13,RNASEH2B,1,1
RDH13,RNF166,1,1
RDH13,RNF169,1,1
RDH13,RPL32,1,1
RDH13,RPL7A,1,1
RDH13,RPS20,1,1
RDH13,RPS3,1,1
RDH13,RRAGB,1,1
RDH13,S100B,1,1
RDH13,SARNP,1,1
RDH13,SEC63,1,1
RDH13,SH3BP5L,1,1
RDH13,SIAH1,1,1
RDH13,SIGMAR1,1,1
RDH13,SLC39A9,1,1
RDH13,SUCLA2,1,1
RDH13,TCEAL1,1,1
RDH13,TFE3,1,1
RDH13,THEM4,1,1
RDH13,TMEM203,1,1
RDH13,TOR4A,1,1
RDH13,TPCN1,1,1
RDH13,TPM2,1,1
RDH13,TRERF1,1,1
RDH13,TRNAU1AP,1,1
RDH13,TSPAN5,1,1
RDH13,TXNDC11,1,1
RDH13,UBAC1,1,1
RDH13,UBXN1,1,1
RDH13,VPS4A,1,1
RDH13,VPS51,1,1
RDH13,ZBED6,1,1
RDH13,ZCCHC17,1,1
RDH13,ZNF22,1,1
RDH13,ZNF23,1,1
RDH13,ZNF280D,1,1
RDH13,ZNF48,1,1
RDH13,ZNF510,1,1
RDH13,ZNF532,1,1
RDH13,ZNF542P,1,1
RDH13,ZNHIT1,1,1
RDH13,ZSCAN9,1,1
CHIC2,ABCB8,1,1
CHIC2,ACO2,1,1
CHIC2,ACVR2A,1,1
CHIC2,AGO1,1,1
CHIC2,AHCYL1,1,1
CHIC2,ANP32A,1,1
CHIC2,APOL2,1,1
CHIC2,AQR,1,1
CHIC2,ARL 1.00,1,1
CHIC2,ARPC1B,1,1
CHIC2,B4GALT3,1,1
CHIC2,C14ORF119,1,1
CHIC2,C1GALT1C1,1,1
CHIC2,CCPG1,1,1
CHIC2,CDC42SE1,1,1
CHIC2,CDR2L,1,1
CHIC2,CEP104,1,1
CHIC2,CHMP7,1,1
CHIC2,CHST12,1,1
CHIC2,CPNE2,1,1
CHIC2,DAAM2,1,1
CHIC2,DDX41,1,1
CHIC2,DIS3,1,1
CHIC2,DNAJC24,1,1
CHIC2,EXOC3,1,1
CHIC2,GFOD2,1,1
CHIC2,GGCX,1,1
CHIC2,GNAS,1,1
CHIC2,HDAC7,1,1
CHIC2,HUS1,1,1
CHIC2,ITSN1,1,1
CHIC2,KANK1,1,1
CHIC2,KIF13A,1,1
CHIC2,KLHL7,1,1
CHIC2,KREMEN1,1,1
CHIC2,KRIT1,1,1
CHIC2,LITAF,1,1
CHIC2,LRRC8A,1,1
CHIC2,MAD1L1,1,1
CHIC2,MAPKAP1,1,1
CHIC2,MED19,1,1
CHIC2,MTO1,1,1
CHIC2,NAGPA,1,1
CHIC2,NAPEPLD,1,1
CHIC2,NBL1,1,1
CHIC2,NEDD8,1,1
CHIC2,NFATC3,1,1
CHIC2,NOTCH1,1,1
CHIC2,NT5C,1,1
CHIC2,PAK1,1,1
CHIC2,PEX1,1,1
CHIC2,PIN1,1,1
CHIC2,PNP,1,1
CHIC2,POLR2G,1,1
CHIC2,PPP2R3A,1,1
CHIC2,PRKAR1A,1,1
CHIC2,PYGO1,1,1
CHIC2,R3HCC1,1,1
CHIC2,RASAL2,1,1
CHIC2,RBPJ,1,1
CHIC2,RPGRIP1L,1,1
CHIC2,RPUSD3,1,1
CHIC2,S100B,1,1
CHIC2,SART1,1,1
CHIC2,SAV1,1,1
CHIC2,SH3BP5L,1,1
CHIC2,SLC25A11,1,1
CHIC2,SLC35B2,1,1
CHIC2,SLC9A3R2,1,1
CHIC2,SMPDL3A,1,1
CHIC2,SNTB2,1,1
CHIC2,SOX6,1,1
CHIC2,TAF1,1,1
CHIC2,TLDC1,1,1
CHIC2,TMEM167B,1,1
CHIC2,TMEM60,1,1
CHIC2,TOMM7,1,1
CHIC2,TRMT5,1,1
CHIC2,TRNAU1AP,1,1
CHIC2,TUBGCP4,1,1
CHIC2,UBR1,1,1
CHIC2,VPS4A,1,1
CHIC2,WASF1,1,1
CHIC2,YY1,1,1
CHIC2,ZNF23,1,1
CHIC2,ZNF384,1,1
CHIC2,ZNF532,1,1
CHIC2,ZNF669,1,1
CHIC2,ZNF772,1,1
CHIC2,ZNRF2,1,1
BCL7C,ANKRD10,1,1
BCL7C,ASPHD1,1,1
BCL7C,ATMIN,1,1
BCL7C,BAP1,1,1
BCL7C,BCAP29,1,1
BCL7C,BMP7,1,1
BCL7C,C9ORF78,1,1
BCL7C,CNTNAP3,1,1
BCL7C,CRBN,1,1
BCL7C,DDB1,1,1
BCL7C,FAM127C,1,1
BCL7C,FANCL,1,1
BCL7C,GNAZ,1,1
BCL7C,GRB10,1,1
BCL7C,GRK2,1,1
BCL7C,HSCB,1,1
BCL7C,IFRD1,1,1
BCL7C,INPP5E,1,1
BCL7C,MALSU1,1,1
BCL7C,MRPL40,1,1
BCL7C,MSRA,1,1
BCL7C,NECAB3,1,1
BCL7C,NELFB,1,1
BCL7C,PDIA5,1,1
BCL7C,PLOD1,1,1
BCL7C,PPIE,1,1
BCL7C,PTRF,1,1
BCL7C,PWWP2B,1,1
BCL7C,RAB1A,1,1
BCL7C,RBM4B,1,1
BCL7C,SAP30BP,1,1
BCL7C,SLC39A10,1,1
BCL7C,SNX10,1,1
BCL7C,TAF11,1,1
BCL7C,TAX1BP3,1,1
BCL7C,TMED4,1,1
BCL7C,TMEM106B,1,1
BCL7C,TMEM30A,1,1
BCL7C,TNFSF13B,1,1
BCL7C,VPS37C,1,1
BCL7C,ZNF592,1,1
COQ4,AGAP6,1,1
COQ4,CREBZF,1,1
COQ4,GCC2,1,1
COQ4,HELZ,1,1
COQ4,HMGCS1,1,1
COQ4,NSDHL,1,1
COQ4,TCF4,1,1
CNOT1,OAS3,1,1
WIPF1,ABCB8,1,1
WIPF1,ABL1,1,1
WIPF1,AKIRIN1,1,1
WIPF1,ATP13A2,1,1
WIPF1,ATP5J2-PTCD1,1,1
WIPF1,BFAR,1,1
WIPF1,DAAM2,1,1
WIPF1,DNAJC8,1,1
WIPF1,DNPEP,1,1
WIPF1,DTNA,1,1
WIPF1,FAM131A,1,1
WIPF1,FBXL14,1,1
WIPF1,FBXO11,1,1
WIPF1,GCC2,1,1
WIPF1,GGCX,1,1
WIPF1,IP6K2,1,1
WIPF1,KANK1,1,1
WIPF1,KCNQ5,1,1
WIPF1,KCTD6,1,1
WIPF1,KIF13A,1,1
WIPF1,KLC1,1,1
WIPF1,KLHDC4,1,1
WIPF1,LINC00094,1,1
WIPF1,LITAF,1,1
WIPF1,MAD1L1,1,1
WIPF1,MBNL3,1,1
WIPF1,MED19,1,1
WIPF1,MMP14,1,1
WIPF1,NPHP4,1,1
WIPF1,NUCB2,1,1
WIPF1,NUDT11,1,1
WIPF1,PDE3B,1,1
WIPF1,PLOD3,1,1
WIPF1,PON2,1,1
WIPF1,PPT1,1,1
WIPF1,PTP4A1,1,1
WIPF1,RAI1,1,1
WIPF1,RING1,1,1
WIPF1,SARNP,1,1
WIPF1,SCMH1,1,1
WIPF1,SDC3,1,1
WIPF1,SERINC5,1,1
WIPF1,SETD5,1,1
WIPF1,SND1,1,1
WIPF1,TBK1,1,1
WIPF1,THEM4,1,1
WIPF1,TMED3,1,1
WIPF1,TMEM136,1,1
WIPF1,TRIP4,1,1
WIPF1,TRNAU1AP,1,1
WIPF1,TTI2,1,1
WIPF1,TUBGCP4,1,1
WIPF1,UPP1,1,1
WIPF1,VPS4A,1,1
WIPF1,VPS51,1,1
WIPF1,ZCCHC17,1,1
WIPF1,ZNF542P,1,1
HIKESHI,ABCB1,1,1
HIKESHI,ACVR2A,1,1
HIKESHI,AGO1,1,1
HIKESHI,AMFR,1,1
HIKESHI,ANKS6,1,1
HIKESHI,ARRDC1,1,1
HIKESHI,C14ORF119,1,1
HIKESHI,C1GALT1C1,1,1
HIKESHI,CCDC25,1,1
HIKESHI,CMIP,1,1
HIKESHI,COG8,1,1
HIKESHI,CROT,1,1
HIKESHI,DAAM2,1,1
HIKESHI,DENND4A,1,1
HIKESHI,DNAJC24,1,1
HIKESHI,DNPEP,1,1
HIKESHI,DTNA,1,1
HIKESHI,EHD2,1,1
HIKESHI,FAM131A,1,1
HIKESHI,FAM168A,1,1
HIKESHI,FIBP,1,1
HIKESHI,GMPR2,1,1
HIKESHI,ITGB1,1,1
HIKESHI,KIF13A,1,1
HIKESHI,LDAH,1,1
HIKESHI,LPCAT4,1,1
HIKESHI,LRRC20,1,1
HIKESHI,MAP4K2,1,1
HIKESHI,MED19,1,1
HIKESHI,MYLIP,1,1
HIKESHI,NDUFA6,1,1
HIKESHI,NECTIN2,1,1
HIKESHI,NEDD8,1,1
HIKESHI,NT5C,1,1
HIKESHI,NUDT22,1,1
HIKESHI,OTUB2,1,1
HIKESHI,PDE3B,1,1
HIKESHI,PKN1,1,1
HIKESHI,PLOD3,1,1
HIKESHI,PPT1,1,1
HIKESHI,PRKAB2,1,1
HIKESHI,PSENEN,1,1
HIKESHI,RAI1,1,1
HIKESHI,RBBP6,1,1
HIKESHI,RPL9P9,1,1
HIKESHI,RRAGB,1,1
HIKESHI,SARNP,1,1
HIKESHI,SLC39A9,1,1
HIKESHI,SLC9A3R2,1,1
HIKESHI,SMPDL3A,1,1
HIKESHI,SOX6,1,1
HIKESHI,THEM4,1,1
HIKESHI,TMEM203,1,1
HIKESHI,TMOD3,1,1
HIKESHI,TMSB10,1,1
HIKESHI,TRNAU1AP,1,1
HIKESHI,TSPAN5,1,1
HIKESHI,UBXN1,1,1
HIKESHI,VPS51,1,1
HIKESHI,ZMYM5,1,1
HIKESHI,ZNF23,1,1
HIKESHI,ZNF772,1,1
DALRD3,ABCA2,1,1
DALRD3,APBB2,1,1
DALRD3,C9ORF16,1,1
DALRD3,CACNB3,1,1
DALRD3,CES2,1,1
DALRD3,DDAH2,1,1
DALRD3,DMTN,1,1
DALRD3,DNAJC1,1,1
DALRD3,FAM168A,1,1
DALRD3,FBXL15,1,1
DALRD3,MAF 1.00,1,1
DALRD3,MAP4K2,1,1
DALRD3,MYADM,1,1
DALRD3,PARP3,1,1
DALRD3,PITPNM1,1,1
DALRD3,PRDX5,1,1
DALRD3,RAB39B,1,1
DALRD3,RNF41,1,1
DALRD3,SNX21,1,1
C6ORF62,ADAMTSL5,1,1
C6ORF62,ADH5,1,1
C6ORF62,ANXA2,1,1
C6ORF62,APOL2,1,1
C6ORF62,ARHGAP1,1,1
C6ORF62,ASAP3,1,1
C6ORF62,AVEN,1,1
C6ORF62,BHLHB9,1,1
C6ORF62,CCNY,1,1
C6ORF62,CDYL2,1,1
C6ORF62,CFL1,1,1
C6ORF62,COMMD7,1,1
C6ORF62,CYTH2,1,1
C6ORF62,DCTD,1,1
C6ORF62,DDX50,1,1
C6ORF62,DERL2,1,1
C6ORF62,DHDDS,1,1
C6ORF62,DIP2B,1,1
C6ORF62,DYNC2LI1,1,1
C6ORF62,ENDOD1,1,1
C6ORF62,FAH,1,1
C6ORF62,FAM204A,1,1
C6ORF62,FAM20B,1,1
C6ORF62,FBXL3,1,1
C6ORF62,FBXO46,1,1
C6ORF62,FBXW2,1,1
C6ORF62,FLNA,1,1
C6ORF62,FYN,1,1
C6ORF62,HMGN4,1,1
C6ORF62,HOXC11,1,1
C6ORF62,ITGB1,1,1
C6ORF62,ITPRIP,1,1
C6ORF62,KAT6B,1,1
C6ORF62,LARP4B,1,1
C6ORF62,MAPKAP1,1,1
C6ORF62,MED20,1,1
C6ORF62,MEN1,1,1
C6ORF62,MT1F,1,1
C6ORF62,MX2,1,1
C6ORF62,NDUFA4,1,1
C6ORF62,NDUFB2,1,1
C6ORF62,NPRL3,1,1
C6ORF62,PCMTD2,1,1
C6ORF62,PDCL,1,1
C6ORF62,PDZD8,1,1
C6ORF62,PEX7,1,1
C6ORF62,PFKM,1,1
C6ORF62,PIGX,1,1
C6ORF62,PLBD2,1,1
C6ORF62,POLR3A,1,1
C6ORF62,PRDM11,1,1
C6ORF62,PRRC2A,1,1
C6ORF62,RPL32,1,1
C6ORF62,RPS17,1,1
C6ORF62,RPS3,1,1
C6ORF62,RRAGB,1,1
C6ORF62,S100B,1,1
C6ORF62,SETD7,1,1
C6ORF62,SUCLA2,1,1
C6ORF62,TBC1D10A,1,1
C6ORF62,TMC6,1,1
C6ORF62,TMEM170A,1,1
C6ORF62,TOR4A,1,1
C6ORF62,TRERF1,1,1
C6ORF62,TRIO,1,1
C6ORF62,TSPAN5,1,1
C6ORF62,WBP4,1,1
C6ORF62,ZBED6,1,1
C6ORF62,ZC4H2,1,1
C6ORF62,ZNF22,1,1
C6ORF62,ZNHIT1,1,1
C6ORF62,ZSCAN9,1,1
ACSL3,C11ORF95,1,1
ACSL3,EEF2K,1,1
ACSL3,LYRM5,1,1
ACSL3,VMP1,1,1
BRF1,MON1A,1,1
BRF1,QRICH1,1,1
BRF1,WDR20,1,1
TRMT1L,ADH5,1,1
TRMT1L,AKAP10,1,1
TRMT1L,COMMD7,1,1
TRMT1L,DEAF1,1,1
TRMT1L,GPATCH2,1,1
TRMT1L,HIGD1A,1,1
TRMT1L,NDUFB10,1,1
TRMT1L,NFX1,1,1
TRMT1L,PDZD8,1,1
TRMT1L,PLBD2,1,1
TRMT1L,PRICKLE3,1,1
TRMT1L,PTBP2,1,1
TRMT1L,RPS6KL1,1,1
TRMT1L,WDR6,1,1
TRMT1L,ZNF35,1,1
QRICH1,AAED1,1,1
QRICH1,ACOT9,1,1
QRICH1,CIZ1,1,1
QRICH1,CLTB,1,1
QRICH1,CRBN,1,1
QRICH1,DDB1,1,1
QRICH1,EEF2K,1,1
QRICH1,FAM127C,1,1
QRICH1,FNBP4,1,1
QRICH1,FOXF2,1,1
QRICH1,INPP5E,1,1
QRICH1,ITPRIPL1,1,1
QRICH1,SAP30BP,1,1
QRICH1,SLC16A2,1,1
QRICH1,TAF11,1,1
QRICH1,VPS37C,1,1
QRICH1,WDR20,1,1
IPP,ATXN10,1,1
IPP,C12ORF66,1,1
IPP,CD22,1,1
IPP,COBL,1,1
IPP,HLTF,1,1
IPP,LYRM5,1,1
IPP,MDH1,1,1
IPP,VMP1,1,1
UBE2K,FAM120A,1,1
UBE2K,KIAA0368,1,1
PPARG,BRCA1,1,1
PPARG,CTDNEP1,1,1
PPARG,DKK 3.00,1,1
PPARG,DSE,1,1
PPARG,FADS2,1,1
PPARG,HMGCS1,1,1
PPARG,LRRC37A,1,1
PPARG,MVD,1,1
PPARG,RPL34,1,1
PPARG,TANC1,1,1
PPARG,TIA1,1,1
PPARG,TMEM258,1,1
PPARG,TPM2,1,1
NFKB2,CACNB3,1,1
NFKB2,RRAS,1,1
NFKB2,SLC6A9,1,1
ZBTB22,ANO8,1,1
ZBTB22,CACNB3,1,1
ZBTB22,GPR173,1,1
ZBTB22,SLC6A9,1,1
EFEMP2,ABCB4,1,1
EFEMP2,ACVR2B,1,1
EFEMP2,ADGRG6,1,1
EFEMP2,AIP,1,1
EFEMP2,ALDOA,1,1
EFEMP2,ARAP1,1,1
EFEMP2,ARL 10.00,1,1
EFEMP2,BIVM,1,1
EFEMP2,BMP7,1,1
EFEMP2,BRK1,1,1
EFEMP2,C6ORF89,1,1
EFEMP2,CAPNS1,1,1
EFEMP2,CD320,1,1
EFEMP2,CDK2AP2,1,1
EFEMP2,CFDP1,1,1
EFEMP2,CNTNAP3,1,1
EFEMP2,CRHR1-IT1,1,1
EFEMP2,DDR1,1,1
EFEMP2,DKK 3.00,1,1
EFEMP2,DNAJA3,1,1
EFEMP2,EPS8L2,1,1
EFEMP2,FAM210A,1,1
EFEMP2,FANCL,1,1
EFEMP2,GAREM2,1,1
EFEMP2,GNAI2,1,1
EFEMP2,GNAZ,1,1
EFEMP2,GPALPP1,1,1
EFEMP2,H1F0,1,1
EFEMP2,HSD17B8,1,1
EFEMP2,MALSU1,1,1
EFEMP2,MRPL40,1,1
EFEMP2,NAXD,1,1
EFEMP2,NRCAM,1,1
EFEMP2,NUPL2,1,1
EFEMP2,OTUD5,1,1
EFEMP2,PBX2,1,1
EFEMP2,PHTF2,1,1
EFEMP2,PITPNM1,1,1
EFEMP2,PLOD1,1,1
EFEMP2,PPP1R26,1,1
EFEMP2,PRR13,1,1
EFEMP2,QRSL1,1,1
EFEMP2,RXRG,1,1
EFEMP2,SDK1,1,1
EFEMP2,SGPL1,1,1
EFEMP2,SPTBN2,1,1
EFEMP2,STEAP1B,1,1
EFEMP2,TADA3,1,1
EFEMP2,TERF2IP,1,1
EFEMP2,TMEM44,1,1
EFEMP2,TSKU,1,1
EFEMP2,TUBG1,1,1
EFEMP2,USP45,1,1
EFEMP2,ZKSCAN7,1,1
EFEMP2,ZNF32,1,1
SLCO3A1,DLG1,1,1
STEAP1,CASP6,1,1
STEAP1,FOXN3,1,1
STEAP1,KIAA1147,1,1
STEAP1,OSBP,1,1
STEAP1,PIAS1,1,1
STEAP1,RSF1,1,1
STEAP1,TINF2,1,1
STEAP1,ZBED3,1,1
MDP1,DENND4B,1,1
MDP1,DNAJC8,1,1
MDP1,NECTIN2,1,1
MDP1,NUDT22,1,1
MDP1,RBBP6,1,1
MDP1,TBK1,1,1
MDP1,ZNF337,1,1
FNBP4,AAED1,1,1
FNBP4,ACOT9,1,1
FNBP4,ARHGAP10,1,1
FNBP4,BUD13,1,1
FNBP4,CAMSAP1,1,1
FNBP4,CCDC12,1,1
FNBP4,CIZ1,1,1
FNBP4,CLTB,1,1
FNBP4,CTCF,1,1
FNBP4,FOXF2,1,1
FNBP4,INPP5A,1,1
FNBP4,ITPRIPL1,1,1
FNBP4,MSANTD3,1,1
FNBP4,NOP9,1,1
FNBP4,RAF1,1,1
FNBP4,SETD2,1,1
FNBP4,UTP3,1,1
FNBP4,WDR20,1,1
RING1,ABL1,1,1
RING1,ACVR2B,1,1
RING1,AIP,1,1
RING1,AKIRIN1,1,1
RING1,ALDOA,1,1
RING1,APBB2,1,1
RING1,AREL1,1,1
RING1,ARNT2,1,1
RING1,ATP13A2,1,1
RING1,ATP5J2-PTCD1,1,1
RING1,BAD,1,1
RING1,BAMBI,1,1
RING1,BFAR,1,1
RING1,BIVM,1,1
RING1,BRD3,1,1
RING1,C12ORF57,1,1
RING1,CCDC169,1,1
RING1,CDC42EP1,1,1
RING1,CH17-258A22.4,1,1
RING1,CIZ1,1,1
RING1,CMIP,1,1
RING1,COA6,1,1
RING1,CYLD,1,1
RING1,DKK 3.00,1,1
RING1,DLG5,1,1
RING1,DNPEP,1,1
RING1,DTNA,1,1
RING1,EDF1,1,1
RING1,EPS8L2,1,1
RING1,FADS3,1,1
RING1,FAM127C,1,1
RING1,FAM131A,1,1
RING1,FAM89B,1,1
RING1,FBXL15,1,1
RING1,FBXL19,1,1
RING1,FHOD3,1,1
RING1,FOXN3,1,1
RING1,GAREM2,1,1
RING1,GNAI2,1,1
RING1,GON4L,1,1
RING1,HIVEP1,1,1
RING1,HLTF,1,1
RING1,HOMER3,1,1
RING1,HOXC6,1,1
RING1,IMPDH1,1,1
RING1,INPP5E,1,1
RING1,IP6K2,1,1
RING1,JUND,1,1
RING1,KCNQ5,1,1
RING1,KCTD6,1,1
RING1,KLC1,1,1
RING1,KLF11,1,1
RING1,KRIT1,1,1
RING1,LAMTOR1,1,1
RING1,LINC00094,1,1
RING1,LXN,1,1
RING1,MAD2L1BP,1,1
RING1,MAF 1.00,1,1
RING1,MBNL3,1,1
RING1,MRPS15,1,1
RING1,N4BP1,1,1
RING1,NAXD,1,1
RING1,NOMO2,1,1
RING1,NPHP4,1,1
RING1,NUCB2,1,1
RING1,PCMT1,1,1
RING1,PLOD1,1,1
RING1,PLOD3,1,1
RING1,PON2,1,1
RING1,PPIE,1,1
RING1,PPP1R26,1,1
RING1,PPT1,1,1
RING1,PREP,1,1
RING1,RAB1A,1,1
RING1,RBM4B,1,1
RING1,RELA,1,1
RING1,RFTN1,1,1
RING1,RNF44,1,1
RING1,RPAIN,1,1
RING1,RPL9,1,1
RING1,RUSC1,1,1
RING1,RXRG,1,1
RING1,SAP30BP,1,1
RING1,SCMH1,1,1
RING1,SDC3,1,1
RING1,SDK1,1,1
RING1,SEC63,1,1
RING1,SETD5,1,1
RING1,SIAH1,1,1
RING1,SND1,1,1
RING1,SPTBN2,1,1
RING1,SUPT20H,1,1
RING1,TCEAL1,1,1
RING1,THEM4,1,1
RING1,TMED3,1,1
RING1,TMEM136,1,1
RING1,TMEM19,1,1
RING1,TMEM258,1,1
RING1,TMEM30A,1,1
RING1,TNFSF13B,1,1
RING1,TNIK,1,1
RING1,TTI2,1,1
RING1,UBXN1,1,1
RING1,UPP1,1,1
RING1,VPS51,1,1
RING1,ZCCHC17,1,1
RING1,ZFP41,1,1
RING1,ZNF48,1,1
RING1,ZNF592,1,1
RING1,ZNF740,1,1
RING1,ZNF788,1,1
RBBP6,ABCA2,1,1
RBBP6,ARRDC1,1,1
RBBP6,CMIP,1,1
RBBP6,DENND4B,1,1
RBBP6,DNAJC1,1,1
RBBP6,DNAJC8,1,1
RBBP6,EHD2,1,1
RBBP6,FAM168A,1,1
RBBP6,LINC00094,1,1
RBBP6,LPCAT4,1,1
RBBP6,LTBP3,1,1
RBBP6,NDUFA6,1,1
RBBP6,NECTIN2,1,1
RBBP6,NPRL2,1,1
RBBP6,NUDT22,1,1
RBBP6,PSENEN,1,1
RBBP6,RNF41,1,1
RBBP6,VPS51,1,1
RBBP6,ZNF337,1,1
RBBP6,ZNF579,1,1
NFX1,ABCF3,1,1
NFX1,CBX6,1,1
NFX1,CEP350,1,1
NFX1,COMMD10,1,1
NFX1,COMMD7,1,1
NFX1,GPATCH2,1,1
NFX1,JAM3,1,1
NFX1,MEF2C,1,1
NFX1,NBPF15,1,1
NFX1,PRICKLE3,1,1
NFX1,RPS17,1,1
NFX1,RPS3A,1,1
NFX1,RPS6KL1,1,1
NFX1,SH3GLB1,1,1
NFX1,ZNF35,1,1
TCEANC2,ACVR2B,1,1
TCEANC2,ADGRG6,1,1
TCEANC2,AIP,1,1
TCEANC2,APBB2,1,1
TCEANC2,ARAP3,1,1
TCEANC2,ARL 10.00,1,1
TCEANC2,ARNT2,1,1
TCEANC2,BRAT1,1,1
TCEANC2,BRD3,1,1
TCEANC2,CAPNS1,1,1
TCEANC2,CCDC169,1,1
TCEANC2,CCSER2,1,1
TCEANC2,CDK2AP2,1,1
TCEANC2,CNTN1,1,1
TCEANC2,COA6,1,1
TCEANC2,CRHR1-IT1,1,1
TCEANC2,DZIP1L,1,1
TCEANC2,EFL1,1,1
TCEANC2,EPS8L2,1,1
TCEANC2,FBXL15,1,1
TCEANC2,FOXN3,1,1
TCEANC2,FZD7,1,1
TCEANC2,GAREM2,1,1
TCEANC2,GNAI2,1,1
TCEANC2,GON4L,1,1
TCEANC2,HOXC6,1,1
TCEANC2,HSD11B1L,1,1
TCEANC2,HSD17B8,1,1
TCEANC2,IFT52,1,1
TCEANC2,JUND,1,1
TCEANC2,KCNS3,1,1
TCEANC2,LASP1,1,1
TCEANC2,LRP11,1,1
TCEANC2,MEX3B,1,1
TCEANC2,MMGT1,1,1
TCEANC2,MRPL43,1,1
TCEANC2,MRPL45,1,1
TCEANC2,N4BP1,1,1
TCEANC2,NAXD,1,1
TCEANC2,PBX2,1,1
TCEANC2,PCMT1,1,1
TCEANC2,PGAP1,1,1
TCEANC2,PITPNM1,1,1
TCEANC2,PPIE,1,1
TCEANC2,PPP1R11,1,1
TCEANC2,PPP1R26,1,1
TCEANC2,PREP,1,1
TCEANC2,QRSL1,1,1
TCEANC2,RXRB,1,1
TCEANC2,SLC38A9,1,1
TCEANC2,SPRYD4,1,1
TCEANC2,SPTBN2,1,1
TCEANC2,STEAP1B,1,1
TCEANC2,SUPT20H,1,1
TCEANC2,TINF2,1,1
TCEANC2,TNIK,1,1
TCEANC2,TSTD2,1,1
TCEANC2,TTI2,1,1
TCEANC2,USP25,1,1
TCEANC2,USP45,1,1
TCEANC2,ZBED3,1,1
TCEANC2,ZCCHC17,1,1
TCEANC2,ZKSCAN8,1,1
ARFGAP3,ACVR1C,1,1
ARFGAP3,ADAMTSL5,1,1
ARFGAP3,AIFM1,1,1
ARFGAP3,ALG5,1,1
ARFGAP3,ANKMY2,1,1
ARFGAP3,APOL2,1,1
ARFGAP3,BACE2,1,1
ARFGAP3,BLVRA,1,1
ARFGAP3,DYNC2LI1,1,1
ARFGAP3,EHD1,1,1
ARFGAP3,EHMT2,1,1
ARFGAP3,FAH,1,1
ARFGAP3,H6PD,1,1
ARFGAP3,HIBADH,1,1
ARFGAP3,HSPA2,1,1
ARFGAP3,LRRC1,1,1
ARFGAP3,MED22,1,1
ARFGAP3,NDUFA4,1,1
ARFGAP3,PEX7,1,1
ARFGAP3,PPP4R1,1,1
ARFGAP3,PRRC2A,1,1
ARFGAP3,RCE1,1,1
ARFGAP3,RHBDD1,1,1
ARFGAP3,SAMD5,1,1
ARFGAP3,SLC25A5,1,1
ARFGAP3,SRF,1,1
ARFGAP3,TANC1,1,1
ARFGAP3,TBC1D10A,1,1
ARFGAP3,TMC6,1,1
ARFGAP3,TMEM170A,1,1
ARFGAP3,TRAF3IP2,1,1
ARFGAP3,URM1,1,1
DYNLL1,TEX15,1,1
UPP1,ABL1,1,1
UPP1,ACVR2B,1,1
UPP1,ADCY3,1,1
UPP1,ADGRG6,1,1
UPP1,AIP,1,1
UPP1,AKIRIN1,1,1
UPP1,AREL1,1,1
UPP1,ARNT2,1,1
UPP1,ATP13A2,1,1
UPP1,ATP5J2-PTCD1,1,1
UPP1,BAD,1,1
UPP1,BAMBI,1,1
UPP1,BFAR,1,1
UPP1,BIVM,1,1
UPP1,BRD3,1,1
UPP1,CBX4,1,1
UPP1,CCDC25,1,1
UPP1,CCSER2,1,1
UPP1,CDK2AP2,1,1
UPP1,CDYL2,1,1
UPP1,CH17-258A22.4,1,1
UPP1,COG8,1,1
UPP1,CROT,1,1
UPP1,CYLD,1,1
UPP1,DAAM2,1,1
UPP1,DLG5,1,1
UPP1,DNPEP,1,1
UPP1,DOPEY2,1,1
UPP1,DTNA,1,1
UPP1,DZIP1L,1,1
UPP1,EDF1,1,1
UPP1,EEPD1,1,1
UPP1,EPS8L2,1,1
UPP1,FAM127C,1,1
UPP1,FAM131A,1,1
UPP1,FBXL19,1,1
UPP1,FOXN3,1,1
UPP1,FZD7,1,1
UPP1,GAREM2,1,1
UPP1,GGCX,1,1
UPP1,GNAZ,1,1
UPP1,HOXC6,1,1
UPP1,IMPDH1,1,1
UPP1,INPP5E,1,1
UPP1,IP6K2,1,1
UPP1,KCNQ5,1,1
UPP1,KCTD6,1,1
UPP1,KLF12,1,1
UPP1,KRIT1,1,1
UPP1,LAMTOR1,1,1
UPP1,LRP11,1,1
UPP1,LRRC20,1,1
UPP1,MAD2L1BP,1,1
UPP1,MAPKAPK3,1,1
UPP1,MBNL3,1,1
UPP1,MED19,1,1
UPP1,MEX3B,1,1
UPP1,MMGT1,1,1
UPP1,MRPL48,1,1
UPP1,MSRA,1,1
UPP1,MYL6,1,1
UPP1,MYLIP,1,1
UPP1,N4BP1,1,1
UPP1,NAXD,1,1
UPP1,NELFB,1,1
UPP1,NPHP4,1,1
UPP1,NUCB2,1,1
UPP1,NUDT11,1,1
UPP1,NUMA1,1,1
UPP1,PCMT1,1,1
UPP1,PDE3B,1,1
UPP1,PDIA5,1,1
UPP1,PGAP1,1,1
UPP1,PIAS1,1,1
UPP1,PIGH,1,1
UPP1,PLOD1,1,1
UPP1,PLOD3,1,1
UPP1,PON2,1,1
UPP1,PPP1R26,1,1
UPP1,PPT1,1,1
UPP1,PREP,1,1
UPP1,PRR13,1,1
UPP1,PTP4A1,1,1
UPP1,RAB1A,1,1
UPP1,RELA,1,1
UPP1,RFTN1,1,1
UPP1,RHBDF2,1,1
UPP1,RPL9,1,1
UPP1,RUSC1,1,1
UPP1,RXRG,1,1
UPP1,SAP30BP,1,1
UPP1,SCMH1,1,1
UPP1,SDC3,1,1
UPP1,SEC63,1,1
UPP1,SIAH1,1,1
UPP1,SLC16A2,1,1
UPP1,SND1,1,1
UPP1,SPTBN2,1,1
UPP1,SPTLC2,1,1
UPP1,STEAP1B,1,1
UPP1,SUPT20H,1,1
UPP1,TCEAL1,1,1
UPP1,TERF2IP,1,1
UPP1,THEM4,1,1
UPP1,TMED3,1,1
UPP1,TMEM136,1,1
UPP1,TMEM258,1,1
UPP1,TMEM30A,1,1
UPP1,TMSB15B,1,1
UPP1,TNFSF13B,1,1
UPP1,TNIK,1,1
UPP1,TPCN1,1,1
UPP1,TRAF7,1,1
UPP1,TTI2,1,1
UPP1,TTLL5,1,1
UPP1,UBXN1,1,1
UPP1,VPS4A,1,1
UPP1,VPS51,1,1
UPP1,ZCCHC17,1,1
UPP1,ZNF266,1,1
UPP1,ZNF354C,1,1
UPP1,ZNF48,1,1
UPP1,ZNF510,1,1
UPP1,ZNF542P,1,1
UPP1,ZNF740,1,1
UPP1,ZNF788,1,1
NEDD8,ABCB1,1,1
NEDD8,ABCB8,1,1
NEDD8,ACO2,1,1
NEDD8,ACVR2A,1,1
NEDD8,AGO1,1,1
NEDD8,AMFR,1,1
NEDD8,ANKS6,1,1
NEDD8,ANP32A,1,1
NEDD8,APOL2,1,1
NEDD8,AQR,1,1
NEDD8,ARPC1B,1,1
NEDD8,BHLHB9,1,1
NEDD8,C14ORF119,1,1
NEDD8,C1GALT1C1,1,1
NEDD8,CCDC25,1,1
NEDD8,CDC42SE1,1,1
NEDD8,CDR2L,1,1
NEDD8,CEP104,1,1
NEDD8,CHMP7,1,1
NEDD8,CHST12,1,1
NEDD8,CMIP,1,1
NEDD8,COG8,1,1
NEDD8,CPNE2,1,1
NEDD8,CROT,1,1
NEDD8,DAAM2,1,1
NEDD8,DDX41,1,1
NEDD8,DEDD,1,1
NEDD8,DENND4A,1,1
NEDD8,DIS3,1,1
NEDD8,DNAJC24,1,1
NEDD8,DNMBP,1,1
NEDD8,DPH7,1,1
NEDD8,DTNA,1,1
NEDD8,EXOC3,1,1
NEDD8,FAM131A,1,1
NEDD8,FBXW2,1,1
NEDD8,FIBP,1,1
NEDD8,GFOD2,1,1
NEDD8,GGCX,1,1
NEDD8,GMPR2,1,1
NEDD8,GNAS,1,1
NEDD8,HMGN4,1,1
NEDD8,HUS1,1,1
NEDD8,ITGB1,1,1
NEDD8,ITSN1,1,1
NEDD8,KANK1,1,1
NEDD8,KCTD6,1,1
NEDD8,KIF13A,1,1
NEDD8,KLHL7,1,1
NEDD8,KREMEN1,1,1
NEDD8,KRIT1,1,1
NEDD8,LITAF,1,1
NEDD8,LRRC20,1,1
NEDD8,LRRC8A,1,1
NEDD8,MAD1L1,1,1
NEDD8,MAPKAP1,1,1
NEDD8,MED19,1,1
NEDD8,MED20,1,1
NEDD8,MTO1,1,1
NEDD8,MYLIP,1,1
NEDD8,NAGPA,1,1
NEDD8,NBL1,1,1
NEDD8,NCS1,1,1
NEDD8,NFATC3,1,1
NEDD8,NT5C,1,1
NEDD8,NXPE3,1,1
NEDD8,PAK1,1,1
NEDD8,PKN1,1,1
NEDD8,PLOD3,1,1
NEDD8,POLR2G,1,1
NEDD8,PPP2R3A,1,1
NEDD8,PPT1,1,1
NEDD8,PRKAB2,1,1
NEDD8,RAB2A,1,1
NEDD8,RAD51D,1,1
NEDD8,RAI1,1,1
NEDD8,RASAL2,1,1
NEDD8,RNF169,1,1
NEDD8,RPGRIP1L,1,1
NEDD8,RRAGB,1,1
NEDD8,S100B,1,1
NEDD8,SARNP,1,1
NEDD8,SH3BP5L,1,1
NEDD8,SLC35B2,1,1
NEDD8,SLC39A9,1,1
NEDD8,SLC9A3R2,1,1
NEDD8,SMPDL3A,1,1
NEDD8,SNTB2,1,1
NEDD8,SOX6,1,1
NEDD8,TFE3,1,1
NEDD8,TLDC1,1,1
NEDD8,TMEM203,1,1
NEDD8,TMEM60,1,1
NEDD8,TMOD3,1,1
NEDD8,TMSB10,1,1
NEDD8,TPCN1,1,1
NEDD8,TRNAU1AP,1,1
NEDD8,TSPAN5,1,1
NEDD8,TUBGCP4,1,1
NEDD8,UBAC1,1,1
NEDD8,UBR1,1,1
NEDD8,VPS4A,1,1
NEDD8,VPS51,1,1
NEDD8,WDR83OS,1,1
NEDD8,ZNF23,1,1
NEDD8,ZNF510,1,1
NEDD8,ZNF532,1,1
NEDD8,ZNF669,1,1
NEDD8,ZNF772,1,1
CCNJ,ANKRD13C,1,1
CCNJ,BLOC1S2,1,1
CCNJ,C11ORF84,1,1
CCNJ,CUL2,1,1
CCNJ,CUL4A,1,1
CCNJ,FAM175B,1,1
CCNJ,HIGD1A,1,1
CCNJ,HNRNPF,1,1
CCNJ,HOXC5,1,1
CCNJ,LARP4B,1,1
CCNJ,LCMT2,1,1
CCNJ,MAML1,1,1
CCNJ,MCM3AP,1,1
CCNJ,MID1,1,1
CCNJ,NKIRAS1,1,1
CCNJ,PDZD8,1,1
CCNJ,POLR3A,1,1
CCNJ,PTBP2,1,1
CCNJ,RBM17,1,1
CCNJ,RNF220,1,1
CCNJ,SIRT1,1,1
CCNJ,TERF2,1,1
CCNJ,ZNF35,1,1
AAED1,ACER3,1,1
AAED1,ACOT9,1,1
AAED1,ARHGAP10,1,1
AAED1,BTBD7,1,1
AAED1,BUD13,1,1
AAED1,CAMSAP1,1,1
AAED1,CIZ1,1,1
AAED1,COMMD3-BMI1,1,1
AAED1,CTCF,1,1
AAED1,FBXL14,1,1
AAED1,FOXF2,1,1
AAED1,ITPRIPL1,1,1
AAED1,KAT6A,1,1
AAED1,MSANTD3,1,1
AAED1,RAF1,1,1
AAED1,REV1,1,1
AAED1,SETD2,1,1
AAED1,SLMAP,1,1
AAED1,UTP3,1,1
AAED1,VPS37C,1,1
AAED1,WDR20,1,1
KAT6A,ACER3,1,1
KAT6A,ACOT9,1,1
KAT6A,ATMIN,1,1
KAT6A,ATXN1L,1,1
KAT6A,BAMBI,1,1
KAT6A,BTBD7,1,1
KAT6A,C9ORF78,1,1
KAT6A,CCSER2,1,1
KAT6A,CDC14B,1,1
KAT6A,CIZ1,1,1
KAT6A,COA6,1,1
KAT6A,DDB1,1,1
KAT6A,DECR2,1,1
KAT6A,ELF2,1,1
KAT6A,ELF4,1,1
KAT6A,FRYL,1,1
KAT6A,HIVEP1,1,1
KAT6A,KIAA1143,1,1
KAT6A,LATS2,1,1
KAT6A,MEX3B,1,1
KAT6A,MRPL48,1,1
KAT6A,MSANTD3,1,1
KAT6A,MSRA,1,1
KAT6A,N4BP1,1,1
KAT6A,NT5C2,1,1
KAT6A,PPIE,1,1
KAT6A,RABIF,1,1
KAT6A,REV1,1,1
KAT6A,RUSC1,1,1
KAT6A,SETD2,1,1
KAT6A,SLMAP,1,1
KAT6A,SPTLC2,1,1
KAT6A,TET2,1,1
KAT6A,TMED4,1,1
KAT6A,TMEM214,1,1
KAT6A,TPM4,1,1
KAT6A,TRIM35,1,1
KAT6A,USP25,1,1
KAT6A,VPS37C,1,1
KAT6A,WASF3,1,1
KAT6A,YLPM1,1,1
KAT6A,ZBED3,1,1
KAT6A,ZNF354C,1,1
KAT6A,ZNF592,1,1
RP11-343C2.11,ANP32A,1,1
RP11-343C2.11,DDX41,1,1
RP11-343C2.11,FAM120A,1,1
RP11-343C2.11,KIAA0368,1,1
RP11-343C2.11,LEO1,1,1
RP11-343C2.11,MINA,1,1
RP11-343C2.11,NOTCH1,1,1
RP11-343C2.11,PNP,1,1
RP11-343C2.11,RBM4,1,1
RP11-343C2.11,RPUSD2,1,1
RP11-343C2.11,RPUSD3,1,1
RP11-343C2.11,SART1,1,1
RP11-343C2.11,TMEM167B,1,1
RP11-343C2.11,TRMT5,1,1
RP11-343C2.11,WASF1,1,1
SELM,ANKS6,1,1
SELM,AP1S2,1,1
SELM,ARHGEF9,1,1
SELM,BAD,1,1
SELM,BCL2L1,1,1
SELM,BHLHB9,1,1
SELM,C12ORF57,1,1
SELM,C1GALT1C1,1,1
SELM,CBX4,1,1
SELM,CDC42EP1,1,1
SELM,CDR2L,1,1
SELM,CDYL2,1,1
SELM,CHMP7,1,1
SELM,CMIP,1,1
SELM,COG8,1,1
SELM,CROT,1,1
SELM,DENND4A,1,1
SELM,DIP2B,1,1
SELM,DMTN,1,1
SELM,DPH7,1,1
SELM,DTNA,1,1
SELM,EHD2,1,1
SELM,EXOC3,1,1
SELM,FAH,1,1
SELM,FAM131A,1,1
SELM,FAM20B,1,1
SELM,FAM89B,1,1
SELM,FBXO46,1,1
SELM,FBXW2,1,1
SELM,FIBP,1,1
SELM,FYN,1,1
SELM,GMPR2,1,1
SELM,HOXC11,1,1
SELM,IBTK,1,1
SELM,ITGB1,1,1
SELM,KRIT1,1,1
SELM,LRRC20,1,1
SELM,LTBP3,1,1
SELM,LZTFL1,1,1
SELM,MED20,1,1
SELM,MEN1,1,1
SELM,MT1F,1,1
SELM,MX2,1,1
SELM,MYADM,1,1
SELM,MYL6,1,1
SELM,NPRL2,1,1
SELM,NT5C,1,1
SELM,PARP3,1,1
SELM,PCMTD2,1,1
SELM,PKN1,1,1
SELM,PPIL3,1,1
SELM,PPT1,1,1
SELM,PRDX5,1,1
SELM,PSENEN,1,1
SELM,RAB2A,1,1
SELM,RNF41,1,1
SELM,RPAIN,1,1
SELM,RPL10,1,1
SELM,RPL29,1,1
SELM,RPL32,1,1
SELM,RPL36A,1,1
SELM,RPL7A,1,1
SELM,RPS27,1,1
SELM,RPS3,1,1
SELM,RRAGB,1,1
SELM,SELK,1,1
SELM,SIGMAR1,1,1
SELM,SLC39A9,1,1
SELM,SLC9A3R2,1,1
SELM,SNX21,1,1
SELM,TFE3,1,1
SELM,TMEM203,1,1
SELM,TMEM258,1,1
SELM,TMEM50B,1,1
SELM,TMSB10,1,1
SELM,TNIP1,1,1
SELM,TOR4A,1,1
SELM,TP53,1,1
SELM,TRERF1,1,1
SELM,TRIM8,1,1
SELM,TSHZ3,1,1
SELM,TSPAN5,1,1
SELM,UBXN1,1,1
SELM,VPS51,1,1
SELM,ZBED6,1,1
SELM,ZFP41,1,1
SELM,ZNF22,1,1
SELM,ZNF23,1,1
SELM,ZNF48,1,1
SELM,ZNF532,1,1
SELM,ZNF623,1,1
SELM,ZSCAN9,1,1
LRRC8A,ABCB1,1,1
LRRC8A,ABCB8,1,1
LRRC8A,ACO2,1,1
LRRC8A,ACVR2A,1,1
LRRC8A,ARPC1B,1,1
LRRC8A,C14ORF119,1,1
LRRC8A,C1GALT1C1,1,1
LRRC8A,CDC42SE1,1,1
LRRC8A,CHMP7,1,1
LRRC8A,CMIP,1,1
LRRC8A,CPNE2,1,1
LRRC8A,DDX41,1,1
LRRC8A,DEDD,1,1
LRRC8A,DIS3,1,1
LRRC8A,FAM65A,1,1
LRRC8A,FIBP,1,1
LRRC8A,KIF13A,1,1
LRRC8A,KREMEN1,1,1
LRRC8A,MAD1L1,1,1
LRRC8A,MED19,1,1
LRRC8A,MTO1,1,1
LRRC8A,NAGPA,1,1
LRRC8A,NDUFA6,1,1
LRRC8A,NT5C,1,1
LRRC8A,OTUB2,1,1
LRRC8A,PIN1,1,1
LRRC8A,PKN1,1,1
LRRC8A,PPP2R3A,1,1
LRRC8A,PRKAB2,1,1
LRRC8A,PYGO1,1,1
LRRC8A,R3HCC1,1,1
LRRC8A,RAD51D,1,1
LRRC8A,RASAL2,1,1
LRRC8A,RPGRIP1L,1,1
LRRC8A,RPUSD3,1,1
LRRC8A,SLC35B2,1,1
LRRC8A,SLC39A9,1,1
LRRC8A,SLC9A3R2,1,1
LRRC8A,SMPDL3A,1,1
LRRC8A,SNTB2,1,1
LRRC8A,SOX6,1,1
LRRC8A,TAF1,1,1
LRRC8A,TLDC1,1,1
LRRC8A,TMEM167B,1,1
LRRC8A,TMEM60,1,1
LRRC8A,TMOD3,1,1
LRRC8A,TMSB10,1,1
LRRC8A,UBR1,1,1
LRRC8A,WASF1,1,1
LRRC8A,ZMYM5,1,1
LRRC8A,ZNF23,1,1
LRRC8A,ZNF384,1,1
LRRC8A,ZNF532,1,1
LRRC8A,ZNF669,1,1
LRRC8A,ZNF772,1,1
LRRC8A,ZSWIM6,1,1
OSGEP,B4GALT7,1,1
OSGEP,C11ORF84,1,1
OSGEP,CCDC12,1,1
OSGEP,ING1,1,1
OSGEP,LYRM4,1,1
OSGEP,NOP9,1,1
OSGEP,PCNX4,1,1
OSGEP,PROSER1,1,1
OSGEP,RNF220,1,1
OSGEP,SSNA1,1,1
OSGEP,TTC19,1,1
OSGEP,URM1,1,1
FAM120A,CASP9,1,1
FAM120A,KIAA0368,1,1
FAM120A,LEO1,1,1
FAM120A,MINA,1,1
FAM120A,NHLRC3,1,1
FAM120A,PPP6R2,1,1
FAM120A,RBM4,1,1
FAM120A,ZNF562,1,1
RPS29,AFAP1L1,1,1
RPS29,AGO1,1,1
RPS29,ARHGEF9,1,1
RPS29,AVEN,1,1
RPS29,BHLHB9,1,1
RPS29,CBX4,1,1
RPS29,CCNY,1,1
RPS29,CROT,1,1
RPS29,DCTD,1,1
RPS29,DIP2B,1,1
RPS29,FBXO46,1,1
RPS29,FIBP,1,1
RPS29,FYN,1,1
RPS29,GMPR2,1,1
RPS29,HIST2H2BF,1,1
RPS29,ITGB1,1,1
RPS29,LDAH,1,1
RPS29,LRRC20,1,1
RPS29,MT1F,1,1
RPS29,MX2,1,1
RPS29,MYLIP,1,1
RPS29,NCOA7,1,1
RPS29,NT5C,1,1
RPS29,PPDPF,1,1
RPS29,QKI,1,1
RPS29,RNASEH2B,1,1
RPS29,RPL10,1,1
RPS29,RPL15,1,1
RPS29,RPL29,1,1
RPS29,RPL32,1,1
RPS29,RPL36A,1,1
RPS29,RPL7A,1,1
RPS29,RPL9P9,1,1
RPS29,RPS17,1,1
RPS29,RPS20,1,1
RPS29,RPS24,1,1
RPS29,RPS27,1,1
RPS29,RPS3,1,1
RPS29,RPS9,1,1
RPS29,RRAGB,1,1
RPS29,SASH1,1,1
RPS29,SLC39A9,1,1
RPS29,SVIL,1,1
RPS29,TMSB10,1,1
RPS29,TRERF1,1,1
RPS29,TSPAN5,1,1
RPS29,ZNF22,1,1
RPS29,ZNF23,1,1
SUCLA2,ALG5,1,1
SUCLA2,ANP32A,1,1
SUCLA2,ANXA2,1,1
SUCLA2,AP4S1,1,1
SUCLA2,APOL2,1,1
SUCLA2,AQR,1,1
SUCLA2,ARHGAP1,1,1
SUCLA2,ARHGAP10,1,1
SUCLA2,ASAP3,1,1
SUCLA2,ASXL1,1,1
SUCLA2,AVEN,1,1
SUCLA2,BHLHB9,1,1
SUCLA2,C3ORF38,1,1
SUCLA2,CAMSAP1,1,1
SUCLA2,CCNY,1,1
SUCLA2,CDYL2,1,1
SUCLA2,CFL1,1,1
SUCLA2,CHST12,1,1
SUCLA2,CPSF7,1,1
SUCLA2,CSGALNACT2,1,1
SUCLA2,CSTF2T,1,1
SUCLA2,CUL2,1,1
SUCLA2,DCTD,1,1
SUCLA2,DDX50,1,1
SUCLA2,DIS3,1,1
SUCLA2,DNAJC21,1,1
SUCLA2,DNMBP,1,1
SUCLA2,ELK4,1,1
SUCLA2,ERBIN,1,1
SUCLA2,FAM204A,1,1
SUCLA2,FBXW2,1,1
SUCLA2,FYN,1,1
SUCLA2,GFOD2,1,1
SUCLA2,GGA1,1,1
SUCLA2,GTPBP8,1,1
SUCLA2,HMGN4,1,1
SUCLA2,HPS6,1,1
SUCLA2,INTS5,1,1
SUCLA2,ITGB1,1,1
SUCLA2,ITSN1,1,1
SUCLA2,KCTD6,1,1
SUCLA2,LAGE3,1,1
SUCLA2,LARP4B,1,1
SUCLA2,LDOC1L,1,1
SUCLA2,MAPKAP1,1,1
SUCLA2,MED4,1,1
SUCLA2,MRPL16,1,1
SUCLA2,MT1F,1,1
SUCLA2,MYLIP,1,1
SUCLA2,NCS1,1,1
SUCLA2,NFATC3,1,1
SUCLA2,NOP10,1,1
SUCLA2,NUMA1,1,1
SUCLA2,OTUB1,1,1
SUCLA2,PARG,1,1
SUCLA2,PDCL,1,1
SUCLA2,PDZD8,1,1
SUCLA2,PFKM,1,1
SUCLA2,POLR2G,1,1
SUCLA2,PPP4R1,1,1
SUCLA2,PRDM11,1,1
SUCLA2,PTPMT1,1,1
SUCLA2,RABL3,1,1
SUCLA2,RAF1,1,1
SUCLA2,RALA,1,1
SUCLA2,RBM17,1,1
SUCLA2,RBPJ,1,1
SUCLA2,RCE1,1,1
SUCLA2,REST,1,1
SUCLA2,RHBDD3,1,1
SUCLA2,RNASEH2B,1,1
SUCLA2,RNF166,1,1
SUCLA2,RNF169,1,1
SUCLA2,RRAGB,1,1
SUCLA2,S100B,1,1
SUCLA2,SAR1A,1,1
SUCLA2,SAV1,1,1
SUCLA2,SETD7,1,1
SUCLA2,SH3BP5L,1,1
SUCLA2,SIL1,1,1
SUCLA2,SS18L2,1,1
SUCLA2,TBC1D10A,1,1
SUCLA2,TERF2,1,1
SUCLA2,TMEM170A,1,1
SUCLA2,TMEM203,1,1
SUCLA2,TPCN1,1,1
SUCLA2,TRIO,1,1
SUCLA2,UBAC1,1,1
SUCLA2,VPS4A,1,1
SUCLA2,WBP4,1,1
SUCLA2,WDR82,1,1
SUCLA2,XPA,1,1
SUCLA2,YME1L1,1,1
SUCLA2,YY1,1,1
SUCLA2,ZBED6,1,1
SUCLA2,ZNF510,1,1
SUCLA2,ZNHIT1,1,1
NME6,ANKRD13C,1,1
NME6,APH1A,1,1
NME6,C11ORF84,1,1
NME6,CACUL1,1,1
NME6,CCDC22,1,1
NME6,CHD1L,1,1
NME6,COMMD7,1,1
NME6,COPS4,1,1
NME6,DCTD,1,1
NME6,DHCR24,1,1
NME6,FAM32A,1,1
NME6,HMGN5,1,1
NME6,HNRNPUL2,1,1
NME6,HPF1,1,1
NME6,HSPH1,1,1
NME6,MCM3AP,1,1
NME6,MED22,1,1
NME6,MED4,1,1
NME6,MOB2,1,1
NME6,MRPL16,1,1
NME6,MRPS31,1,1
NME6,NOP9,1,1
NME6,PCNX4,1,1
NME6,PPID,1,1
NME6,PREPL,1,1
NME6,PROSER1,1,1
NME6,RABIF,1,1
NME6,RALA,1,1
NME6,RNF220,1,1
NME6,RPS24,1,1
NME6,SAR1A,1,1
NME6,SLC38A6,1,1
NME6,SLC47A1,1,1
NME6,SUMO3,1,1
NME6,TRIM7,1,1
NME6,UBE2D3,1,1
NME6,USP38,1,1
NME6,WBP4,1,1
NME6,YME1L1,1,1
NME6,ZNF33A,1,1
NME6,ZNF35,1,1
CHCHD1,APH1A,1,1
CHCHD1,CA5BP1,1,1
CHCHD1,CACUL1,1,1
CHCHD1,CBX6,1,1
CHCHD1,CD2BP2,1,1
CHCHD1,COG3,1,1
CHCHD1,COQ10A,1,1
CHCHD1,DEAF1,1,1
CHCHD1,DPH3,1,1
CHCHD1,HPF1,1,1
CHCHD1,ICAM3,1,1
CHCHD1,ITPRIP,1,1
CHCHD1,JAM3,1,1
CHCHD1,MEF2C,1,1
CHCHD1,MOB2,1,1
CHCHD1,MRPL43,1,1
CHCHD1,MRPS31,1,1
CHCHD1,NBPF15,1,1
CHCHD1,PRICKLE3,1,1
CHCHD1,PYGO2,1,1
CHCHD1,RNF121,1,1
CHCHD1,RPS17,1,1
CHCHD1,RPS3A,1,1
CHCHD1,RPS6KL1,1,1
CHCHD1,RPS9,1,1
CHCHD1,SH3GLB1,1,1
CHCHD1,SLC38A6,1,1
CHCHD1,SLC47A1,1,1
CHCHD1,SMG7,1,1
CHCHD1,TGIF2,1,1
CHCHD1,TNS3,1,1
CHCHD1,TRIM7,1,1
CHCHD1,TUBGCP2,1,1
CHCHD1,ZNF35,1,1
FYN,ANXA2,1,1
FYN,AP1S2,1,1
FYN,AP4S1,1,1
FYN,APAF1,1,1
FYN,APOL2,1,1
FYN,ARHGAP1,1,1
FYN,AVEN,1,1
FYN,BACE2,1,1
FYN,BHLHB9,1,1
FYN,BLVRA,1,1
FYN,CBX4,1,1
FYN,CCNY,1,1
FYN,CDC42EP1,1,1
FYN,CDR2L,1,1
FYN,CDYL2,1,1
FYN,CFL1,1,1
FYN,CHST12,1,1
FYN,CPSF7,1,1
FYN,CROT,1,1
FYN,DCTD,1,1
FYN,DEAF1,1,1
FYN,DHDDS,1,1
FYN,DIP2B,1,1
FYN,DNMBP,1,1
FYN,DPH7,1,1
FYN,DSE,1,1
FYN,ENDOD1,1,1
FYN,EPHB4,1,1
FYN,EXOC3,1,1
FYN,FAH,1,1
FYN,FAM135A,1,1
FYN,FAM204A,1,1
FYN,FAM20B,1,1
FYN,FBXO46,1,1
FYN,FBXW2,1,1
FYN,GFOD2,1,1
FYN,HNRNPUL2,1,1
FYN,HOXC11,1,1
FYN,HPS6,1,1
FYN,IBTK,1,1
FYN,INPP4A,1,1
FYN,ITGA1,1,1
FYN,ITGB1,1,1
FYN,ITPRIP,1,1
FYN,KCTD6,1,1
FYN,KRIT1,1,1
FYN,LAMTOR1,1,1
FYN,LARP4B,1,1
FYN,LRRC20,1,1
FYN,LRRC37A,1,1
FYN,MAPKAP1,1,1
FYN,MED20,1,1
FYN,MEN1,1,1
FYN,MRPL16,1,1
FYN,MT1F,1,1
FYN,MTO1,1,1
FYN,MX2,1,1
FYN,MYLIP,1,1
FYN,NCOA7,1,1
FYN,NDUFB2,1,1
FYN,NOP10,1,1
FYN,NSDHL,1,1
FYN,NT5C,1,1
FYN,NUMA1,1,1
FYN,PFKM,1,1
FYN,PIGX,1,1
FYN,POLR2G,1,1
FYN,PPP4R1,1,1
FYN,PRDM11,1,1
FYN,PRRC2A,1,1
FYN,PTPMT1,1,1
FYN,QKI,1,1
FYN,RAB2A,1,1
FYN,RAB5C,1,1
FYN,RALA,1,1
FYN,RCE1,1,1
FYN,RNASEH2B,1,1
FYN,RNF166,1,1
FYN,RPL10,1,1
FYN,RPL15,1,1
FYN,RPL32,1,1
FYN,RPL34,1,1
FYN,RPL36A,1,1
FYN,RPL7A,1,1
FYN,RPS17,1,1
FYN,RPS20,1,1
FYN,RPS24,1,1
FYN,RPS3,1,1
FYN,RRAGB,1,1
FYN,SAMD5,1,1
FYN,SELK,1,1
FYN,SH3BP5L,1,1
FYN,SIGMAR1,1,1
FYN,TANC1,1,1
FYN,TBC1D10A,1,1
FYN,TCEAL1,1,1
FYN,TFE3,1,1
FYN,TGIF2,1,1
FYN,TMC6,1,1
FYN,TMEM170A,1,1
FYN,TMEM203,1,1
FYN,TOR4A,1,1
FYN,TPM2,1,1
FYN,TRAF3IP2,1,1
FYN,TRERF1,1,1
FYN,TRIO,1,1
FYN,TSPAN5,1,1
FYN,UBAC1,1,1
FYN,WBP4,1,1
FYN,ZNF22,1,1
FYN,ZNF23,1,1
FYN,ZNF48,1,1
FYN,ZNHIT1,1,1
FYN,ZSCAN9,1,1
C12ORF57,ABL1,1,1
C12ORF57,AIP,1,1
C12ORF57,AP1S2,1,1
C12ORF57,APAF1,1,1
C12ORF57,ARHGEF9,1,1
C12ORF57,BAD,1,1
C12ORF57,BRCA1,1,1
C12ORF57,BRD3,1,1
C12ORF57,CDC42EP1,1,1
C12ORF57,CDK2AP2,1,1
C12ORF57,CDR2L,1,1
C12ORF57,CDYL2,1,1
C12ORF57,CMIP,1,1
C12ORF57,COG8,1,1
C12ORF57,CROT,1,1
C12ORF57,DKK 3.00,1,1
C12ORF57,DMTN,1,1
C12ORF57,DNAJC1,1,1
C12ORF57,DSE,1,1
C12ORF57,DTNA,1,1
C12ORF57,EHD2,1,1
C12ORF57,EPS8L2,1,1
C12ORF57,EXOC3,1,1
C12ORF57,FADS3,1,1
C12ORF57,FAH,1,1
C12ORF57,FAM131A,1,1
C12ORF57,FAM89B,1,1
C12ORF57,FBXL15,1,1
C12ORF57,FIBP,1,1
C12ORF57,GAREM2,1,1
C12ORF57,GNAI2,1,1
C12ORF57,HOXC11,1,1
C12ORF57,HOXC6,1,1
C12ORF57,IMPDH1,1,1
C12ORF57,IP6K2,1,1
C12ORF57,KCNQ5,1,1
C12ORF57,KRIT1,1,1
C12ORF57,LAMTOR1,1,1
C12ORF57,LINC00094,1,1
C12ORF57,LRRC20,1,1
C12ORF57,LZTFL1,1,1
C12ORF57,MAD2L1BP,1,1
C12ORF57,MBNL3,1,1
C12ORF57,MEN1,1,1
C12ORF57,MYADM,1,1
C12ORF57,MYL6,1,1
C12ORF57,NPHP4,1,1
C12ORF57,NPRL2,1,1
C12ORF57,NT5C,1,1
C12ORF57,PCMT1,1,1
C12ORF57,PEX3,1,1
C12ORF57,PPP1R26,1,1
C12ORF57,PPT1,1,1
C12ORF57,PSENEN,1,1
C12ORF57,QRSL1,1,1
C12ORF57,RAB1A,1,1
C12ORF57,RAB2A,1,1
C12ORF57,RFTN1,1,1
C12ORF57,RPAIN,1,1
C12ORF57,RPL29,1,1
C12ORF57,RPL36A,1,1
C12ORF57,RPL9,1,1
C12ORF57,RPS27,1,1
C12ORF57,RRAGB,1,1
C12ORF57,SDHAF3,1,1
C12ORF57,SEC63,1,1
C12ORF57,SIGMAR1,1,1
C12ORF57,SND1,1,1
C12ORF57,SNX21,1,1
C12ORF57,SPTBN2,1,1
C12ORF57,TCEAL1,1,1
C12ORF57,TFE3,1,1
C12ORF57,THEM4,1,1
C12ORF57,TMEM19,1,1
C12ORF57,TMEM258,1,1
C12ORF57,TOR4A,1,1
C12ORF57,TP53,1,1
C12ORF57,TPM2,1,1
C12ORF57,TRIM8,1,1
C12ORF57,TSPAN5,1,1
C12ORF57,UBXN1,1,1
C12ORF57,VPS51,1,1
C12ORF57,ZBTB12,1,1
C12ORF57,ZCCHC17,1,1
C12ORF57,ZFP41,1,1
C12ORF57,ZNF133,1,1
C12ORF57,ZNF22,1,1
C12ORF57,ZNF280D,1,1
C12ORF57,ZNF48,1,1
C12ORF57,ZNF542P,1,1
C12ORF57,ZNF740,1,1
ABCC5,C17ORF75,1,1
ABCC5,CSPG4,1,1
ABCC5,CUTC,1,1
ABCC5,DFNA5,1,1
ABCC5,LDLR,1,1
ABCC5,MAP3K1,1,1
ABCC5,MEF2C,1,1
ABCC5,ORAI1,1,1
ABCC5,SDCCAG8,1,1
ABCC5,TNS3,1,1
DIAPH2,CTDNEP1,1,1
N4BP1,ABL1,1,1
N4BP1,ACER3,1,1
N4BP1,ACVR2B,1,1
N4BP1,ADGRG6,1,1
N4BP1,AIP,1,1
N4BP1,ALDOA,1,1
N4BP1,AP2B1,1,1
N4BP1,ARAP1,1,1
N4BP1,ARAP3,1,1
N4BP1,AREL1,1,1
N4BP1,ARL 10.00,1,1
N4BP1,ARNT2,1,1
N4BP1,ASPHD1,1,1
N4BP1,ATMIN,1,1
N4BP1,BAMBI,1,1
N4BP1,BCAP29,1,1
N4BP1,BIVM,1,1
N4BP1,BMP7,1,1
N4BP1,BRD3,1,1
N4BP1,BRK1,1,1
N4BP1,C9ORF78,1,1
N4BP1,CAPNS1,1,1
N4BP1,CASP6,1,1
N4BP1,CCSER2,1,1
N4BP1,CD320,1,1
N4BP1,CDC14B,1,1
N4BP1,CDK2AP2,1,1
N4BP1,CNOT8,1,1
N4BP1,CNTN1,1,1
N4BP1,CNTNAP3,1,1
N4BP1,COA6,1,1
N4BP1,COBL,1,1
N4BP1,CRBN,1,1
N4BP1,CTHRC1,1,1
N4BP1,DDB1,1,1
N4BP1,DECR2,1,1
N4BP1,DNAJA3,1,1
N4BP1,DOPEY2,1,1
N4BP1,DZIP1L,1,1
N4BP1,EFL1,1,1
N4BP1,ELF2,1,1
N4BP1,ELF4,1,1
N4BP1,EPS8L2,1,1
N4BP1,FAM127C,1,1
N4BP1,FANCL,1,1
N4BP1,FOXN3,1,1
N4BP1,FRYL,1,1
N4BP1,FZD7,1,1
N4BP1,GAREM2,1,1
N4BP1,GMPPA,1,1
N4BP1,GNAI2,1,1
N4BP1,GNAZ,1,1
N4BP1,GRK2,1,1
N4BP1,H1F0,1,1
N4BP1,HIVEP1,1,1
N4BP1,HOXC6,1,1
N4BP1,HSCB,1,1
N4BP1,IMPDH1,1,1
N4BP1,IP6K2,1,1
N4BP1,IQSEC1,1,1
N4BP1,JUND,1,1
N4BP1,KIAA1143,1,1
N4BP1,KLF12,1,1
N4BP1,LATS2,1,1
N4BP1,LRP11,1,1
N4BP1,LXN,1,1
N4BP1,MALSU1,1,1
N4BP1,MARCH8,1,1
N4BP1,MEX3B,1,1
N4BP1,MRPL40,1,1
N4BP1,MRPL45,1,1
N4BP1,MRPL48,1,1
N4BP1,MRPS15,1,1
N4BP1,MSRA,1,1
N4BP1,NAMPTP1,1,1
N4BP1,NAXD,1,1
N4BP1,NELFB,1,1
N4BP1,NOMO2,1,1
N4BP1,NRCAM,1,1
N4BP1,NT5C2,1,1
N4BP1,NUCB2,1,1
N4BP1,NUPL2,1,1
N4BP1,PCMT1,1,1
N4BP1,PDCD7,1,1
N4BP1,PDIA5,1,1
N4BP1,PGAP1,1,1
N4BP1,PHTF2,1,1
N4BP1,PLEKHO1,1,1
N4BP1,PLOD1,1,1
N4BP1,PON2,1,1
N4BP1,PPA2,1,1
N4BP1,PPIE,1,1
N4BP1,PPP1R26,1,1
N4BP1,PREP,1,1
N4BP1,PRPF18,1,1
N4BP1,PRR13,1,1
N4BP1,RAB1A,1,1
N4BP1,RAB1B,1,1
N4BP1,RBM4B,1,1
N4BP1,RELA,1,1
N4BP1,RHBDF2,1,1
N4BP1,RUSC1,1,1
N4BP1,RXRG,1,1
N4BP1,SAP30BP,1,1
N4BP1,SCMH1,1,1
N4BP1,SDC3,1,1
N4BP1,SDK1,1,1
N4BP1,SLIT3,1,1
N4BP1,SLMAP,1,1
N4BP1,SND1,1,1
N4BP1,SNX10,1,1
N4BP1,SPTBN2,1,1
N4BP1,SPTLC2,1,1
N4BP1,STEAP1B,1,1
N4BP1,SUPT20H,1,1
N4BP1,TAF11,1,1
N4BP1,TAX1BP1,1,1
N4BP1,TERF2IP,1,1
N4BP1,TET2,1,1
N4BP1,TIAM2,1,1
N4BP1,TINF2,1,1
N4BP1,TMED3,1,1
N4BP1,TMED4,1,1
N4BP1,TMEM214,1,1
N4BP1,TMEM30A,1,1
N4BP1,TNFSF13B,1,1
N4BP1,TNIK,1,1
N4BP1,TPM4,1,1
N4BP1,TRIM13,1,1
N4BP1,TSTD2,1,1
N4BP1,TTLL5,1,1
N4BP1,UGP2,1,1
N4BP1,USP25,1,1
N4BP1,USP45,1,1
N4BP1,VPS37C,1,1
N4BP1,WASF3,1,1
N4BP1,ZBED3,1,1
N4BP1,ZCCHC17,1,1
N4BP1,ZKSCAN7,1,1
N4BP1,ZKSCAN8,1,1
N4BP1,ZNF266,1,1
N4BP1,ZNF32,1,1
N4BP1,ZNF354C,1,1
N4BP1,ZNF788,1,1
KCTD6,ABCB8,1,1
KCTD6,ABL1,1,1
KCTD6,AHCYL1,1,1
KCTD6,ANKS6,1,1
KCTD6,ANXA2,1,1
KCTD6,AP1S2,1,1
KCTD6,AP4S1,1,1
KCTD6,APAF1,1,1
KCTD6,APOL2,1,1
KCTD6,AQR,1,1
KCTD6,AREL1,1,1
KCTD6,ARFGAP2,1,1
KCTD6,ARHGAP1,1,1
KCTD6,ARHGAP10,1,1
KCTD6,ATP13A2,1,1
KCTD6,ATP5J2-PTCD1,1,1
KCTD6,AVEN,1,1
KCTD6,BAD,1,1
KCTD6,BAMBI,1,1
KCTD6,BCL2L1,1,1
KCTD6,BFAR,1,1
KCTD6,BHLHB9,1,1
KCTD6,C1GALT1C1,1,1
KCTD6,CAMSAP1,1,1
KCTD6,CBX4,1,1
KCTD6,CCDC25,1,1
KCTD6,CCNY,1,1
KCTD6,CDC42EP1,1,1
KCTD6,CDR2L,1,1
KCTD6,CDYL2,1,1
KCTD6,CHMP7,1,1
KCTD6,CHST12,1,1
KCTD6,COG8,1,1
KCTD6,CPNE2,1,1
KCTD6,CPSF7,1,1
KCTD6,CROT,1,1
KCTD6,CYLD,1,1
KCTD6,DAAM2,1,1
KCTD6,DCP1A,1,1
KCTD6,DIS3,1,1
KCTD6,DLG5,1,1
KCTD6,DNAJC24,1,1
KCTD6,DNMBP,1,1
KCTD6,DPH7,1,1
KCTD6,DTNA,1,1
KCTD6,EXOC3,1,1
KCTD6,FAH,1,1
KCTD6,FAM131A,1,1
KCTD6,FBXL14,1,1
KCTD6,FBXW2,1,1
KCTD6,FOXF2,1,1
KCTD6,GFOD2,1,1
KCTD6,GGCX,1,1
KCTD6,HDAC7,1,1
KCTD6,HEATR6,1,1
KCTD6,HMGN4,1,1
KCTD6,HNRNPUL2,1,1
KCTD6,HOXC11,1,1
KCTD6,HPS6,1,1
KCTD6,HUS1,1,1
KCTD6,IBTK,1,1
KCTD6,IMPDH1,1,1
KCTD6,INPP5A,1,1
KCTD6,IP6K2,1,1
KCTD6,ITGB1,1,1
KCTD6,ITPRIPL1,1,1
KCTD6,ITSN1,1,1
KCTD6,KANK1,1,1
KCTD6,KIF13A,1,1
KCTD6,KLHDC4,1,1
KCTD6,KLHL7,1,1
KCTD6,KRIT1,1,1
KCTD6,LAMTOR1,1,1
KCTD6,LINC00998,1,1
KCTD6,LITAF,1,1
KCTD6,LRRC20,1,1
KCTD6,MAD1L1,1,1
KCTD6,MAPKAP1,1,1
KCTD6,MBNL3,1,1
KCTD6,MED19,1,1
KCTD6,MMP14,1,1
KCTD6,MT1F,1,1
KCTD6,MTO1,1,1
KCTD6,MYLIP,1,1
KCTD6,NAGPA,1,1
KCTD6,NCS1,1,1
KCTD6,NFATC3,1,1
KCTD6,NFU1,1,1
KCTD6,NOP10,1,1
KCTD6,NPHP4,1,1
KCTD6,NT5C,1,1
KCTD6,NUCB2,1,1
KCTD6,NUDT11,1,1
KCTD6,NUMA1,1,1
KCTD6,PAK1,1,1
KCTD6,PARG,1,1
KCTD6,PCMT1,1,1
KCTD6,PDE3B,1,1
KCTD6,PLOD3,1,1
KCTD6,POLR2G,1,1
KCTD6,PPP4R1,1,1
KCTD6,PPT1,1,1
KCTD6,PRDM11,1,1
KCTD6,PRKAR1A,1,1
KCTD6,PTPMT1,1,1
KCTD6,RAB2A,1,1
KCTD6,RAF1,1,1
KCTD6,RAI1,1,1
KCTD6,RELA,1,1
KCTD6,RFTN1,1,1
KCTD6,RGS14,1,1
KCTD6,RNF166,1,1
KCTD6,RRAGB,1,1
KCTD6,SARNP,1,1
KCTD6,SCMH1,1,1
KCTD6,SDC3,1,1
KCTD6,SEC63,1,1
KCTD6,SETD2,1,1
KCTD6,SH3BP5L,1,1
KCTD6,SIAH1,1,1
KCTD6,SIGMAR1,1,1
KCTD6,SLC9A3R2,1,1
KCTD6,SND1,1,1
KCTD6,SOX6,1,1
KCTD6,TCEAL1,1,1
KCTD6,TFE3,1,1
KCTD6,THEM4,1,1
KCTD6,TMED3,1,1
KCTD6,TMEM203,1,1
KCTD6,TMEM60,1,1
KCTD6,TMOD3,1,1
KCTD6,TNFAIP1,1,1
KCTD6,TOR4A,1,1
KCTD6,TPCN1,1,1
KCTD6,TPM2,1,1
KCTD6,TRNAU1AP,1,1
KCTD6,TSPAN5,1,1
KCTD6,TUBGCP4,1,1
KCTD6,TXNDC11,1,1
KCTD6,UBAC1,1,1
KCTD6,UBXN1,1,1
KCTD6,VPS4A,1,1
KCTD6,VPS51,1,1
KCTD6,ZCCHC17,1,1
KCTD6,ZNF22,1,1
KCTD6,ZNF23,1,1
KCTD6,ZNF48,1,1
KCTD6,ZNF510,1,1
KCTD6,ZNF532,1,1
KCTD6,ZNF542P,1,1
KCTD6,ZNF669,1,1
KCTD6,ZNF772,1,1
AZI2,AP2B1,1,1
AZI2,DPP8,1,1
AZI2,ELF2,1,1
AZI2,PCGF1,1,1
AZI2,RAB1B,1,1
FBXL3,ANKRD13C,1,1
FBXL3,BLOC1S2,1,1
FBXL3,COMMD10,1,1
FBXL3,COMMD7,1,1
FBXL3,CUL2,1,1
FBXL3,DOCK7,1,1
FBXL3,ERBIN,1,1
FBXL3,FAM175B,1,1
FBXL3,FAM204A,1,1
FBXL3,GPRIN1,1,1
FBXL3,HIGD1A,1,1
FBXL3,LARP4B,1,1
FBXL3,LCMT2,1,1
FBXL3,MAP2K2,1,1
FBXL3,MCM3AP,1,1
FBXL3,MED22,1,1
FBXL3,MFHAS1,1,1
FBXL3,NDUFA4,1,1
FBXL3,NPRL3,1,1
FBXL3,PCNT,1,1
FBXL3,PDZD8,1,1
FBXL3,PFKM,1,1
FBXL3,PLBD2,1,1
FBXL3,PPID,1,1
FBXL3,RAB11FIP2,1,1
FBXL3,RB1,1,1
FBXL3,SIRT1,1,1
FBXL3,SLC16A7,1,1
FBXL3,SUMO3,1,1
FBXL3,TRAF6,1,1
FBXL3,UBE2D3,1,1
FBXL3,UBP1,1,1
FBXL3,WAPL,1,1
FBXL3,ZNF35,1,1
FBXL3,ZNF37A,1,1
TPM4,ACER3,1,1
TPM4,ACVR2B,1,1
TPM4,AREL1,1,1
TPM4,ATMIN,1,1
TPM4,ATPAF1,1,1
TPM4,BAMBI,1,1
TPM4,BRD3,1,1
TPM4,CASP6,1,1
TPM4,CASP7,1,1
TPM4,CCSER2,1,1
TPM4,CDC14B,1,1
TPM4,CHMP3,1,1
TPM4,CIDEB,1,1
TPM4,CNOT8,1,1
TPM4,COA6,1,1
TPM4,DCUN1D2,1,1
TPM4,DDB1,1,1
TPM4,DOPEY2,1,1
TPM4,DZIP1L,1,1
TPM4,ELF2,1,1
TPM4,ELF4,1,1
TPM4,FOXN3,1,1
TPM4,FRYL,1,1
TPM4,GRK2,1,1
TPM4,HSCB,1,1
TPM4,KIAA1143,1,1
TPM4,KLF12,1,1
TPM4,LDOC1L,1,1
TPM4,MEX3B,1,1
TPM4,MRPL48,1,1
TPM4,MSRA,1,1
TPM4,NAMPTP1,1,1
TPM4,NELFB,1,1
TPM4,NT5C2,1,1
TPM4,PDCD7,1,1
TPM4,PLEKHO1,1,1
TPM4,PLOD1,1,1
TPM4,PPA2,1,1
TPM4,PPIE,1,1
TPM4,PPP1CA,1,1
TPM4,PRPF18,1,1
TPM4,RAB1B,1,1
TPM4,REV1,1,1
TPM4,RSF1,1,1
TPM4,SLMAP,1,1
TPM4,SPTLC2,1,1
TPM4,SUPT20H,1,1
TPM4,TERF2IP,1,1
TPM4,TTLL5,1,1
TPM4,USP25,1,1
TPM4,WASF3,1,1
TPM4,ZBED3,1,1
TPM4,ZNF266,1,1
TPM4,ZNF354C,1,1
AP2B1,ARAP1,1,1
AP2B1,ARAP3,1,1
AP2B1,ARL 10.00,1,1
AP2B1,ATMIN,1,1
AP2B1,CD320,1,1
AP2B1,DPP8,1,1
AP2B1,EFL1,1,1
AP2B1,FOXN3,1,1
AP2B1,FRYL,1,1
AP2B1,GNPAT,1,1
AP2B1,HSCB,1,1
AP2B1,IQSEC1,1,1
AP2B1,KIAA1147,1,1
AP2B1,MALSU1,1,1
AP2B1,MARCH8,1,1
AP2B1,OAS3,1,1
AP2B1,RAB1B,1,1
AP2B1,SETX,1,1
AP2B1,TINF2,1,1
AP2B1,TSTD2,1,1
AP2B1,TUBG1,1,1
AP2B1,USP25,1,1
AP2B1,USP45,1,1
AP2B1,ZBED3,1,1
FNDC4,ABCB4,1,1
FNDC4,C6ORF89,1,1
FNDC4,DDR1,1,1
FNDC4,SLC6A9,1,1
FNDC4,TADA3,1,1
IKZF5,ANKRD13C,1,1
IKZF5,BLOC1S2,1,1
IKZF5,CUTC,1,1
IKZF5,FAM175B,1,1
IKZF5,GPRIN1,1,1
IKZF5,HIGD1A,1,1
IKZF5,MFHAS1,1,1
IKZF5,PDZD8,1,1
IKZF5,SIRT1,1,1
IKZF5,SLC16A7,1,1
IKZF5,SMC3,1,1
IKZF5,TRAF6,1,1
IKZF5,WAPL,1,1
ATP5J2-PTCD1,ABL1,1,1
ATP5J2-PTCD1,ACVR2B,1,1
ATP5J2-PTCD1,ADCY3,1,1
ATP5J2-PTCD1,AIP,1,1
ATP5J2-PTCD1,AKIRIN1,1,1
ATP5J2-PTCD1,ALDOA,1,1
ATP5J2-PTCD1,AREL1,1,1
ATP5J2-PTCD1,ARNT2,1,1
ATP5J2-PTCD1,ATP13A2,1,1
ATP5J2-PTCD1,BAD,1,1
ATP5J2-PTCD1,BFAR,1,1
ATP5J2-PTCD1,BIVM,1,1
ATP5J2-PTCD1,BRD3,1,1
ATP5J2-PTCD1,CBX4,1,1
ATP5J2-PTCD1,CCDC25,1,1
ATP5J2-PTCD1,CDYL2,1,1
ATP5J2-PTCD1,CYLD,1,1
ATP5J2-PTCD1,DAAM2,1,1
ATP5J2-PTCD1,DNPEP,1,1
ATP5J2-PTCD1,DOPEY2,1,1
ATP5J2-PTCD1,DSE,1,1
ATP5J2-PTCD1,DTNA,1,1
ATP5J2-PTCD1,DZIP1L,1,1
ATP5J2-PTCD1,EDF1,1,1
ATP5J2-PTCD1,EPHB4,1,1
ATP5J2-PTCD1,FAM131A,1,1
ATP5J2-PTCD1,GAREM2,1,1
ATP5J2-PTCD1,GCC2,1,1
ATP5J2-PTCD1,HOXC11,1,1
ATP5J2-PTCD1,HOXC6,1,1
ATP5J2-PTCD1,IMPDH1,1,1
ATP5J2-PTCD1,IP6K2,1,1
ATP5J2-PTCD1,KCNQ5,1,1
ATP5J2-PTCD1,KLF12,1,1
ATP5J2-PTCD1,LAMTOR1,1,1
ATP5J2-PTCD1,LRRC20,1,1
ATP5J2-PTCD1,LRRC37A,1,1
ATP5J2-PTCD1,MAD2L1BP,1,1
ATP5J2-PTCD1,MED19,1,1
ATP5J2-PTCD1,MRPL48,1,1
ATP5J2-PTCD1,NAXD,1,1
ATP5J2-PTCD1,NFATC2,1,1
ATP5J2-PTCD1,NPHP4,1,1
ATP5J2-PTCD1,NUCB2,1,1
ATP5J2-PTCD1,NUDT11,1,1
ATP5J2-PTCD1,PCMT1,1,1
ATP5J2-PTCD1,PDE3B,1,1
ATP5J2-PTCD1,PEX3,1,1
ATP5J2-PTCD1,PIGH,1,1
ATP5J2-PTCD1,PLOD1,1,1
ATP5J2-PTCD1,PLOD3,1,1
ATP5J2-PTCD1,PON2,1,1
ATP5J2-PTCD1,PPP1R26,1,1
ATP5J2-PTCD1,PPT1,1,1
ATP5J2-PTCD1,PREP,1,1
ATP5J2-PTCD1,PRR13,1,1
ATP5J2-PTCD1,QRSL1,1,1
ATP5J2-PTCD1,RHBDF2,1,1
ATP5J2-PTCD1,RPL9,1,1
ATP5J2-PTCD1,RXRG,1,1
ATP5J2-PTCD1,SCMH1,1,1
ATP5J2-PTCD1,SDC3,1,1
ATP5J2-PTCD1,SEC63,1,1
ATP5J2-PTCD1,SIAH1,1,1
ATP5J2-PTCD1,SND1,1,1
ATP5J2-PTCD1,SPTBN2,1,1
ATP5J2-PTCD1,TCEAL1,1,1
ATP5J2-PTCD1,TCF4,1,1
ATP5J2-PTCD1,THEM4,1,1
ATP5J2-PTCD1,TMED3,1,1
ATP5J2-PTCD1,TMEM258,1,1
ATP5J2-PTCD1,TMSB15B,1,1
ATP5J2-PTCD1,TRAF7,1,1
ATP5J2-PTCD1,TRNAU1AP,1,1
ATP5J2-PTCD1,UBXN1,1,1
ATP5J2-PTCD1,VPS51,1,1
ATP5J2-PTCD1,ZCCHC17,1,1
ATP5J2-PTCD1,ZNF266,1,1
ATP5J2-PTCD1,ZNF280D,1,1
ATP5J2-PTCD1,ZNF788,1,1
PPP2CB,ERMP1,1,1
PPP2CB,NAPEPLD,1,1
PPP2CB,R3HCC1,1,1
PPP2CB,RPUSD3,1,1
PPP2CB,SLC35B2,1,1
PPP2CB,TLDC1,1,1
PPP2CB,TRMT5,1,1
DDB1,ACER3,1,1
DDB1,ACOT9,1,1
DDB1,ATMIN,1,1
DDB1,ATXN1L,1,1
DDB1,C9ORF78,1,1
DDB1,CCSER2,1,1
DDB1,COA6,1,1
DDB1,CRBN,1,1
DDB1,ELF2,1,1
DDB1,ELF4,1,1
DDB1,FAM127C,1,1
DDB1,FAM53C,1,1
DDB1,FOXN3,1,1
DDB1,FRYL,1,1
DDB1,HIVEP1,1,1
DDB1,KIAA1143,1,1
DDB1,LATS2,1,1
DDB1,MEX3B,1,1
DDB1,PDIA5,1,1
DDB1,PPIE,1,1
DDB1,RABIF,1,1
DDB1,TAF11,1,1
DDB1,TMED4,1,1
DDB1,UGP2,1,1
DDB1,USP25,1,1
DDB1,VPS37C,1,1
DDB1,WASF3,1,1
DDB1,ZBED3,1,1
RNF115,C11ORF84,1,1
RNF115,C2CD3,1,1
RNF115,ING1,1,1
RNF115,MSANTD3,1,1
RNF115,NOP9,1,1
RNF115,PROSER1,1,1
RNF115,RABIF,1,1
RNF115,RNF220,1,1
RNF115,WWC2,1,1
RNF115,ZNF33A,1,1
KIF13A,ABCB8,1,1
KIF13A,ABL1,1,1
KIF13A,AC011043.1,1,1
KIF13A,ACVR2A,1,1
KIF13A,ANKS6,1,1
KIF13A,ARPC1B,1,1
KIF13A,ATP13A2,1,1
KIF13A,BCL9L,1,1
KIF13A,C14ORF119,1,1
KIF13A,C1GALT1C1,1,1
KIF13A,CDR2L,1,1
KIF13A,CHMP7,1,1
KIF13A,CMIP,1,1
KIF13A,CPNE2,1,1
KIF13A,CYLD,1,1
KIF13A,DAAM2,1,1
KIF13A,DDX41,1,1
KIF13A,DEDD,1,1
KIF13A,DIS3,1,1
KIF13A,DLG5,1,1
KIF13A,DNAJC24,1,1
KIF13A,DNAJC8,1,1
KIF13A,DTNA,1,1
KIF13A,EHMT1,1,1
KIF13A,FAM131A,1,1
KIF13A,FAM168A,1,1
KIF13A,FBXL14,1,1
KIF13A,FBXO3,1,1
KIF13A,GGCX,1,1
KIF13A,HEATR6,1,1
KIF13A,ITSN1,1,1
KIF13A,KANK1,1,1
KIF13A,KLC1,1,1
KIF13A,KLHL7,1,1
KIF13A,KRIT1,1,1
KIF13A,LINC00094,1,1
KIF13A,LITAF,1,1
KIF13A,LY6E,1,1
KIF13A,MAD1L1,1,1
KIF13A,MBNL3,1,1
KIF13A,MED19,1,1
KIF13A,NAGPA,1,1
KIF13A,NDUFA6,1,1
KIF13A,NT5C,1,1
KIF13A,PAK1,1,1
KIF13A,PKN1,1,1
KIF13A,PLOD3,1,1
KIF13A,PMPCB,1,1
KIF13A,PPT1,1,1
KIF13A,PRKAB2,1,1
KIF13A,PSENEN,1,1
KIF13A,R3HCC1,1,1
KIF13A,RAD51D,1,1
KIF13A,RAI1,1,1
KIF13A,RELA,1,1
KIF13A,RPL36AL,1,1
KIF13A,SARNP,1,1
KIF13A,SERINC5,1,1
KIF13A,SETD5,1,1
KIF13A,SLC12A4,1,1
KIF13A,SLC35B2,1,1
KIF13A,SLC9A3R2,1,1
KIF13A,SMPDL3A,1,1
KIF13A,SNTB2,1,1
KIF13A,SOX6,1,1
KIF13A,TFE3,1,1
KIF13A,TLDC1,1,1
KIF13A,TMEM136,1,1
KIF13A,TMEM60,1,1
KIF13A,TMOD3,1,1
KIF13A,TOX4,1,1
KIF13A,TPCN1,1,1
KIF13A,TRIP4,1,1
KIF13A,TRNAU1AP,1,1
KIF13A,TUBGCP4,1,1
KIF13A,UBR1,1,1
KIF13A,VPS4A,1,1
KIF13A,VPS51,1,1
KIF13A,ZNF23,1,1
KIF13A,ZNF510,1,1
KIF13A,ZNF532,1,1
KIF13A,ZNF669,1,1
KIF13A,ZNF772,1,1
KIF13A,ZSWIM6,1,1
PLOD3,ABCB8,1,1
PLOD3,ABL1,1,1
PLOD3,ACVR2B,1,1
PLOD3,AHCYL1,1,1
PLOD3,AKIRIN1,1,1
PLOD3,AMFR,1,1
PLOD3,APOL2,1,1
PLOD3,AREL1,1,1
PLOD3,ARFGAP2,1,1
PLOD3,ATP13A2,1,1
PLOD3,AVEN,1,1
PLOD3,BAD,1,1
PLOD3,BAMBI,1,1
PLOD3,BFAR,1,1
PLOD3,BHLHB9,1,1
PLOD3,BIVM,1,1
PLOD3,BRD3,1,1
PLOD3,C14ORF119,1,1
PLOD3,C1GALT1C1,1,1
PLOD3,CBX4,1,1
PLOD3,CCDC25,1,1
PLOD3,CDYL2,1,1
PLOD3,CEP104,1,1
PLOD3,CHCHD10,1,1
PLOD3,CHST12,1,1
PLOD3,CMIP,1,1
PLOD3,COG8,1,1
PLOD3,CROT,1,1
PLOD3,CYLD,1,1
PLOD3,DAAM2,1,1
PLOD3,DIS3,1,1
PLOD3,DLG5,1,1
PLOD3,DNAJC24,1,1
PLOD3,DNPEP,1,1
PLOD3,DOPEY2,1,1
PLOD3,DTNA,1,1
PLOD3,EDF1,1,1
PLOD3,EHMT1,1,1
PLOD3,FAM131A,1,1
PLOD3,FAM89A,1,1
PLOD3,FBXL14,1,1
PLOD3,FBXL19,1,1
PLOD3,FBXO11,1,1
PLOD3,FIBP,1,1
PLOD3,GGCX,1,1
PLOD3,IMPDH1,1,1
PLOD3,IP6K2,1,1
PLOD3,ITGB1,1,1
PLOD3,ITSN1,1,1
PLOD3,KLC1,1,1
PLOD3,KLF12,1,1
PLOD3,KLHDC4,1,1
PLOD3,KLHL7,1,1
PLOD3,KRIT1,1,1
PLOD3,LAMTOR1,1,1
PLOD3,LITAF,1,1
PLOD3,LRRC20,1,1
PLOD3,MAD1L1,1,1
PLOD3,MAPKAP1,1,1
PLOD3,MAPKAPK3,1,1
PLOD3,MBNL3,1,1
PLOD3,MED19,1,1
PLOD3,MRPL48,1,1
PLOD3,MSRA,1,1
PLOD3,MYLIP,1,1
PLOD3,NAGPA,1,1
PLOD3,NELFB,1,1
PLOD3,NFU1,1,1
PLOD3,NOP10,1,1
PLOD3,NPHP4,1,1
PLOD3,NSMF,1,1
PLOD3,NT5C,1,1
PLOD3,NUCB2,1,1
PLOD3,NUDT11,1,1
PLOD3,NXPE3,1,1
PLOD3,PAK1,1,1
PLOD3,PCMT1,1,1
PLOD3,PDE3B,1,1
PLOD3,PEX3,1,1
PLOD3,PKN1,1,1
PLOD3,POLR2G,1,1
PLOD3,PON2,1,1
PLOD3,PPT1,1,1
PLOD3,RAB2A,1,1
PLOD3,RAI1,1,1
PLOD3,RELA,1,1
PLOD3,RPL9,1,1
PLOD3,RRAGB,1,1
PLOD3,SARNP,1,1
PLOD3,SASH1,1,1
PLOD3,SCMH1,1,1
PLOD3,SDC3,1,1
PLOD3,SERINC5,1,1
PLOD3,SH3BP5L,1,1
PLOD3,SIAH1,1,1
PLOD3,SLC39A9,1,1
PLOD3,SND1,1,1
PLOD3,SOX6,1,1
PLOD3,SPTLC2,1,1
PLOD3,TET2,1,1
PLOD3,THEM4,1,1
PLOD3,TMED3,1,1
PLOD3,TMEM136,1,1
PLOD3,TMEM203,1,1
PLOD3,TMEM258,1,1
PLOD3,TMOD3,1,1
PLOD3,TMSB10,1,1
PLOD3,TMSB15B,1,1
PLOD3,TPCN1,1,1
PLOD3,TRAF7,1,1
PLOD3,TRIP4,1,1
PLOD3,TRNAU1AP,1,1
PLOD3,TTLL5,1,1
PLOD3,TUBGCP4,1,1
PLOD3,UBXN1,1,1
PLOD3,VHL,1,1
PLOD3,VPS4A,1,1
PLOD3,VPS51,1,1
PLOD3,ZCCHC17,1,1
PLOD3,ZNF22,1,1
PLOD3,ZNF23,1,1
PLOD3,ZNF354C,1,1
PLOD3,ZNF48,1,1
PLOD3,ZNF510,1,1
PLOD3,ZNF532,1,1
PLOD3,ZNF772,1,1
ARHGAP35,KLC1,1,1
ARHGAP35,PCNX1,1,1
ARHGAP35,VWA8,1,1
CDC42EP1,ABL1,1,1
CDC42EP1,ACVR2B,1,1
CDC42EP1,ANKS6,1,1
CDC42EP1,ANXA2,1,1
CDC42EP1,AP1S2,1,1
CDC42EP1,APAF1,1,1
CDC42EP1,APOL2,1,1
CDC42EP1,AREL1,1,1
CDC42EP1,ARHGAP1,1,1
CDC42EP1,AVEN,1,1
CDC42EP1,BACE2,1,1
CDC42EP1,BAD,1,1
CDC42EP1,BCL2L1,1,1
CDC42EP1,BHLHB9,1,1
CDC42EP1,BRD3,1,1
CDC42EP1,C1GALT1C1,1,1
CDC42EP1,CASP7,1,1
CDC42EP1,CBX4,1,1
CDC42EP1,CCDC169,1,1
CDC42EP1,CCDC25,1,1
CDC42EP1,CCNY,1,1
CDC42EP1,CDK2AP2,1,1
CDC42EP1,CDR2L,1,1
CDC42EP1,CDYL2,1,1
CDC42EP1,CES2,1,1
CDC42EP1,CH17-258A22.4,1,1
CDC42EP1,CHMP7,1,1
CDC42EP1,CHST3,1,1
CDC42EP1,CMIP,1,1
CDC42EP1,COG3,1,1
CDC42EP1,COG8,1,1
CDC42EP1,COMMD5,1,1
CDC42EP1,CPNE2,1,1
CDC42EP1,CROT,1,1
CDC42EP1,CSPG4,1,1
CDC42EP1,CX3CL1,1,1
CDC42EP1,DAPK3,1,1
CDC42EP1,DCP1A,1,1
CDC42EP1,DDX50,1,1
CDC42EP1,DEAF1,1,1
CDC42EP1,DENND4A,1,1
CDC42EP1,DLG5,1,1
CDC42EP1,DMTN,1,1
CDC42EP1,DNMBP,1,1
CDC42EP1,DPH3,1,1
CDC42EP1,DPH7,1,1
CDC42EP1,DTNA,1,1
CDC42EP1,EHMT2,1,1
CDC42EP1,EXOC3,1,1
CDC42EP1,FADS3,1,1
CDC42EP1,FAH,1,1
CDC42EP1,FAM131A,1,1
CDC42EP1,FAM204A,1,1
CDC42EP1,FAM20B,1,1
CDC42EP1,FAM32A,1,1
CDC42EP1,FAM89B,1,1
CDC42EP1,FBXO46,1,1
CDC42EP1,FBXW2,1,1
CDC42EP1,FIBP,1,1
CDC42EP1,FLNA,1,1
CDC42EP1,GAREM2,1,1
CDC42EP1,GMPR2,1,1
CDC42EP1,GNAI2,1,1
CDC42EP1,HEXB,1,1
CDC42EP1,HMGN4,1,1
CDC42EP1,HNRNPUL2,1,1
CDC42EP1,HOMER3,1,1
CDC42EP1,HOXC11,1,1
CDC42EP1,HSD3B7,1,1
CDC42EP1,IBTK,1,1
CDC42EP1,IFT52,1,1
CDC42EP1,IGSF8,1,1
CDC42EP1,IMPDH1,1,1
CDC42EP1,IP6K2,1,1
CDC42EP1,ITGB1,1,1
CDC42EP1,ITPRIP,1,1
CDC42EP1,ITSN1,1,1
CDC42EP1,KAT6B,1,1
CDC42EP1,KBTBD4,1,1
CDC42EP1,KLF12,1,1
CDC42EP1,KRIT1,1,1
CDC42EP1,LAMTOR1,1,1
CDC42EP1,LRRC20,1,1
CDC42EP1,LZTFL1,1,1
CDC42EP1,MAPKAP1,1,1
CDC42EP1,MED20,1,1
CDC42EP1,MEN1,1,1
CDC42EP1,MMGT1,1,1
CDC42EP1,MRPL18,1,1
CDC42EP1,MRPL43,1,1
CDC42EP1,MT1F,1,1
CDC42EP1,MYADM,1,1
CDC42EP1,MYL6,1,1
CDC42EP1,MYLIP,1,1
CDC42EP1,NAALAD2,1,1
CDC42EP1,NCS1,1,1
CDC42EP1,NDUFB2,1,1
CDC42EP1,NOP10,1,1
CDC42EP1,NRIP1,1,1
CDC42EP1,NT5C,1,1
CDC42EP1,NUMA1,1,1
CDC42EP1,OTUB1,1,1
CDC42EP1,PARG,1,1
CDC42EP1,PCMT1,1,1
CDC42EP1,PDCL,1,1
CDC42EP1,PIGX,1,1
CDC42EP1,PIK3C3,1,1
CDC42EP1,PKN1,1,1
CDC42EP1,POLR2G,1,1
CDC42EP1,PPIL3,1,1
CDC42EP1,PPT1,1,1
CDC42EP1,PRDM11,1,1
CDC42EP1,PREP,1,1
CDC42EP1,PRPF18,1,1
CDC42EP1,PRRC2A,1,1
CDC42EP1,PYGO2,1,1
CDC42EP1,RAB2A,1,1
CDC42EP1,RFTN1,1,1
CDC42EP1,RGS14,1,1
CDC42EP1,RHBDD1,1,1
CDC42EP1,RNF121,1,1
CDC42EP1,RNF166,1,1
CDC42EP1,RNF169,1,1
CDC42EP1,RPAIN,1,1
CDC42EP1,RPL32,1,1
CDC42EP1,RPS27,1,1
CDC42EP1,RPS3,1,1
CDC42EP1,RRAGB,1,1
CDC42EP1,RUSC1,1,1
CDC42EP1,SDHAF3,1,1
CDC42EP1,SEC63,1,1
CDC42EP1,SELK,1,1
CDC42EP1,SH3BP5L,1,1
CDC42EP1,SIAH1,1,1
CDC42EP1,SIGMAR1,1,1
CDC42EP1,SNX21,1,1
CDC42EP1,SPRYD4,1,1
CDC42EP1,SPTBN2,1,1
CDC42EP1,SUPT20H,1,1
CDC42EP1,TCEAL1,1,1
CDC42EP1,TFE3,1,1
CDC42EP1,TGIF2,1,1
CDC42EP1,TMC6,1,1
CDC42EP1,TMEM19,1,1
CDC42EP1,TMEM203,1,1
CDC42EP1,TMEM258,1,1
CDC42EP1,TMEM60,1,1
CDC42EP1,TNFAIP1,1,1
CDC42EP1,TNIP1,1,1
CDC42EP1,TOR4A,1,1
CDC42EP1,TP53,1,1
CDC42EP1,TPCN1,1,1
CDC42EP1,TRAF3IP2,1,1
CDC42EP1,TRIM8,1,1
CDC42EP1,TRIO,1,1
CDC42EP1,TSPAN5,1,1
CDC42EP1,UBAC1,1,1
CDC42EP1,UBXN1,1,1
CDC42EP1,USF1,1,1
CDC42EP1,VPS4A,1,1
CDC42EP1,VPS51,1,1
CDC42EP1,WBP4,1,1
CDC42EP1,ZBED6,1,1
CDC42EP1,ZBTB12,1,1
CDC42EP1,ZCCHC17,1,1
CDC42EP1,ZFP41,1,1
CDC42EP1,ZMYM6,1,1
CDC42EP1,ZNF22,1,1
CDC42EP1,ZNF23,1,1
CDC42EP1,ZNF48,1,1
CDC42EP1,ZNF510,1,1
CDC42EP1,ZNF532,1,1
CDC42EP1,ZNF623,1,1
CDC42EP1,ZNF740,1,1
CDC42EP1,ZSCAN9,1,1
DIP2B,AFAP1L1,1,1
DIP2B,AP1S2,1,1
DIP2B,APAF1,1,1
DIP2B,APOL2,1,1
DIP2B,ARHGEF9,1,1
DIP2B,AVEN,1,1
DIP2B,BACE2,1,1
DIP2B,BHLHB9,1,1
DIP2B,CBX4,1,1
DIP2B,CCNY,1,1
DIP2B,CDYL2,1,1
DIP2B,CEP350,1,1
DIP2B,DCTD,1,1
DIP2B,DHDDS,1,1
DIP2B,DPH7,1,1
DIP2B,DSE,1,1
DIP2B,ENDOD1,1,1
DIP2B,FAH,1,1
DIP2B,FAM135A,1,1
DIP2B,FAM20B,1,1
DIP2B,FBXO46,1,1
DIP2B,HOXC11,1,1
DIP2B,IBTK,1,1
DIP2B,ITGA1,1,1
DIP2B,ITGB1,1,1
DIP2B,ITPRIP,1,1
DIP2B,KRIT1,1,1
DIP2B,LRRC37A,1,1
DIP2B,MEN1,1,1
DIP2B,MFSD11,1,1
DIP2B,MT1F,1,1
DIP2B,MX2,1,1
DIP2B,NCOA7,1,1
DIP2B,NDUFB2,1,1
DIP2B,NSDHL,1,1
DIP2B,NT5C,1,1
DIP2B,PIGX,1,1
DIP2B,PPDPF,1,1
DIP2B,PTPMT1,1,1
DIP2B,QKI,1,1
DIP2B,RAB2A,1,1
DIP2B,RAB5C,1,1
DIP2B,RNASEH2B,1,1
DIP2B,RPL10,1,1
DIP2B,RPL15,1,1
DIP2B,RPL29,1,1
DIP2B,RPL32,1,1
DIP2B,RPL34,1,1
DIP2B,RPL36A,1,1
DIP2B,RPL7A,1,1
DIP2B,RPS17,1,1
DIP2B,RPS20,1,1
DIP2B,RPS24,1,1
DIP2B,RPS27,1,1
DIP2B,RPS3,1,1
DIP2B,RPS9,1,1
DIP2B,RRAGB,1,1
DIP2B,SELK,1,1
DIP2B,SMG7,1,1
DIP2B,TIA1,1,1
DIP2B,TMEM203,1,1
DIP2B,TMEM258,1,1
DIP2B,TOR4A,1,1
DIP2B,TPM2,1,1
DIP2B,TRERF1,1,1
DIP2B,TSPAN5,1,1
DIP2B,UBAC1,1,1
DIP2B,ZNF22,1,1
DIP2B,ZNF23,1,1
DIP2B,ZSCAN9,1,1
RAD51D,ABCB8,1,1
RAD51D,ABL1,1,1
RAD51D,ANKS6,1,1
RAD51D,AREL1,1,1
RAD51D,C14ORF119,1,1
RAD51D,C1GALT1C1,1,1
RAD51D,CASP7,1,1
RAD51D,CDR2L,1,1
RAD51D,CHMP7,1,1
RAD51D,COG8,1,1
RAD51D,CPNE2,1,1
RAD51D,DCP1A,1,1
RAD51D,DEDD,1,1
RAD51D,DENND4A,1,1
RAD51D,DLG5,1,1
RAD51D,DNAJC21,1,1
RAD51D,DTNA,1,1
RAD51D,FAM131A,1,1
RAD51D,FAM168A,1,1
RAD51D,FAM65A,1,1
RAD51D,FBXO38,1,1
RAD51D,FBXW2,1,1
RAD51D,GFOD2,1,1
RAD51D,GMPR2,1,1
RAD51D,HEATR6,1,1
RAD51D,HMGN4,1,1
RAD51D,ITSN1,1,1
RAD51D,LRRC20,1,1
RAD51D,MAPKAP1,1,1
RAD51D,MAPKAPK3,1,1
RAD51D,MED19,1,1
RAD51D,MED20,1,1
RAD51D,MRPL18,1,1
RAD51D,NCS1,1,1
RAD51D,NOP10,1,1
RAD51D,NT5C,1,1
RAD51D,NXPE3,1,1
RAD51D,OTUB2,1,1
RAD51D,PAK1,1,1
RAD51D,PARG,1,1
RAD51D,PDCL,1,1
RAD51D,PIAS1,1,1
RAD51D,PKN1,1,1
RAD51D,POLR2G,1,1
RAD51D,PPT1,1,1
RAD51D,RNF169,1,1
RAD51D,RNF20,1,1
RAD51D,RRAGB,1,1
RAD51D,SH3BP5L,1,1
RAD51D,SLC39A9,1,1
RAD51D,SLC9A3R2,1,1
RAD51D,SMAD1,1,1
RAD51D,SNTB2,1,1
RAD51D,TMEM60,1,1
RAD51D,TMOD3,1,1
RAD51D,TNFAIP1,1,1
RAD51D,TOX4,1,1
RAD51D,TPCN1,1,1
RAD51D,TRNAU1AP,1,1
RAD51D,TXNDC11,1,1
RAD51D,UBR1,1,1
RAD51D,UBXN1,1,1
RAD51D,VPS4A,1,1
RAD51D,ZBED6,1,1
RAD51D,ZMYM6,1,1
RAD51D,ZNF48,1,1
RAD51D,ZNF510,1,1
RAD51D,ZNF532,1,1
RAD51D,ZNF669,1,1
RAD51D,ZNF740,1,1
RAD51D,ZNF772,1,1
RPS24,AP4S1,1,1
RPS24,APOL2,1,1
RPS24,ARHGEF9,1,1
RPS24,AVEN,1,1
RPS24,BACE2,1,1
RPS24,BHLHB9,1,1
RPS24,CBX4,1,1
RPS24,CCNY,1,1
RPS24,CDYL2,1,1
RPS24,CFL1,1,1
RPS24,COG3,1,1
RPS24,COMMD7,1,1
RPS24,COPS4,1,1
RPS24,CSPG4,1,1
RPS24,DCTD,1,1
RPS24,DDX50,1,1
RPS24,DEAF1,1,1
RPS24,DHDDS,1,1
RPS24,DPH3,1,1
RPS24,ENDOD1,1,1
RPS24,EPHB4,1,1
RPS24,FAH,1,1
RPS24,FAM135A,1,1
RPS24,FAM20B,1,1
RPS24,FAM32A,1,1
RPS24,FBXO46,1,1
RPS24,HEXB,1,1
RPS24,HNRNPUL2,1,1
RPS24,HOXC11,1,1
RPS24,HPF1,1,1
RPS24,HPS6,1,1
RPS24,INPP4A,1,1
RPS24,ITGA1,1,1
RPS24,ITGB1,1,1
RPS24,ITPRIP,1,1
RPS24,KAT6B,1,1
RPS24,LAMTOR1,1,1
RPS24,LARP4B,1,1
RPS24,LRRC37A,1,1
RPS24,MAD2L1BP,1,1
RPS24,MED4,1,1
RPS24,MEN1,1,1
RPS24,MOB2,1,1
RPS24,MRPL16,1,1
RPS24,MRPL43,1,1
RPS24,MRPS31,1,1
RPS24,MT1F,1,1
RPS24,MX2,1,1
RPS24,MYL6,1,1
RPS24,NCOA7,1,1
RPS24,NDUFB2,1,1
RPS24,NELFB,1,1
RPS24,NUMA1,1,1
RPS24,PARG,1,1
RPS24,PIGX,1,1
RPS24,PLEKHO1,1,1
RPS24,PRDM11,1,1
RPS24,PRRC2A,1,1
RPS24,PTPMT1,1,1
RPS24,QKI,1,1
RPS24,RAB5C,1,1
RPS24,RALA,1,1
RPS24,RHBDD3,1,1
RPS24,RNASEH2B,1,1
RPS24,RNF121,1,1
RPS24,RP11-2C24.9,1,1
RPS24,RPL15,1,1
RPS24,RPL26,1,1
RPS24,RPL29,1,1
RPS24,RPL32,1,1
RPS24,RPL34,1,1
RPS24,RPL36A,1,1
RPS24,RPL7A,1,1
RPS24,RPL9P9,1,1
RPS24,RPS17,1,1
RPS24,RPS20,1,1
RPS24,RPS3,1,1
RPS24,RPS3A,1,1
RPS24,RPS9,1,1
RPS24,SAMD5,1,1
RPS24,SAR1A,1,1
RPS24,SLC38A6,1,1
RPS24,SLC47A1,1,1
RPS24,SMG7,1,1
RPS24,SSNA1,1,1
RPS24,SVIL,1,1
RPS24,TANC1,1,1
RPS24,TBC1D10A,1,1
RPS24,TCEAL1,1,1
RPS24,TGIF2,1,1
RPS24,TMC6,1,1
RPS24,TMEM258,1,1
RPS24,TNS3,1,1
RPS24,TPM2,1,1
RPS24,TRAF3IP2,1,1
RPS24,TRERF1,1,1
RPS24,UBE2D3,1,1
RPS24,USP38,1,1
RPS24,WBP4,1,1
RPS24,YME1L1,1,1
RPS24,ZNF22,1,1
RPS24,ZNF35,1,1
RPS24,ZNHIT1,1,1
RPS24,ZSCAN9,1,1
LDLR,ANKS6,1,1
LDLR,ARHGAP1,1,1
LDLR,ATPAF1,1,1
LDLR,BCL2L1,1,1
LDLR,BHLHB9,1,1
LDLR,CCDC25,1,1
LDLR,CDR2L,1,1
LDLR,CDYL2,1,1
LDLR,COG8,1,1
LDLR,CREB3L2,1,1
LDLR,CSPG4,1,1
LDLR,CX3CL1,1,1
LDLR,DEGS1,1,1
LDLR,DENND4A,1,1
LDLR,FBXW2,1,1
LDLR,GMPR2,1,1
LDLR,HMGN4,1,1
LDLR,IFNGR2,1,1
LDLR,ITSN1,1,1
LDLR,KBTBD4,1,1
LDLR,LRRC20,1,1
LDLR,MAP3K1,1,1
LDLR,MAP4K2,1,1
LDLR,MMGT1,1,1
LDLR,NAALAD2,1,1
LDLR,NOP10,1,1
LDLR,OTUB1,1,1
LDLR,PARG,1,1
LDLR,PDCL,1,1
LDLR,PEX2,1,1
LDLR,PKN1,1,1
LDLR,RNF166,1,1
LDLR,RRAGB,1,1
LDLR,SDCCAG8,1,1
LDLR,SH3BP5L,1,1
LDLR,SIGMAR1,1,1
LDLR,TMEM203,1,1
LDLR,TNFAIP1,1,1
LDLR,TOR4A,1,1
LDLR,TPCN1,1,1
LDLR,TXNDC11,1,1
LDLR,UBAC1,1,1
LDLR,UBXN1,1,1
LDLR,USF1,1,1
LDLR,ZNF48,1,1
LDLR,ZNF510,1,1
LDLR,ZNF542P,1,1
ELK4,ANXA2,1,1
ELK4,AQR,1,1
ELK4,AREL1,1,1
ELK4,ARHGAP1,1,1
ELK4,ARHGAP10,1,1
ELK4,ASAP3,1,1
ELK4,ASXL1,1,1
ELK4,AVEN,1,1
ELK4,BCL2L1,1,1
ELK4,BHLHB9,1,1
ELK4,C3ORF38,1,1
ELK4,CAMSAP1,1,1
ELK4,CASP7,1,1
ELK4,CBX4,1,1
ELK4,CCDC25,1,1
ELK4,CCNY,1,1
ELK4,CDC14B,1,1
ELK4,CDYL2,1,1
ELK4,CFL1,1,1
ELK4,CHST12,1,1
ELK4,CIDEB,1,1
ELK4,CMTM4,1,1
ELK4,COG8,1,1
ELK4,COPS4,1,1
ELK4,CSGALNACT2,1,1
ELK4,CSTF2T,1,1
ELK4,DCP1A,1,1
ELK4,DCTD,1,1
ELK4,DDX50,1,1
ELK4,DNAJC21,1,1
ELK4,DNMBP,1,1
ELK4,FAH,1,1
ELK4,FAM204A,1,1
ELK4,FAM32A,1,1
ELK4,FBXW2,1,1
ELK4,GFOD2,1,1
ELK4,GGA1,1,1
ELK4,HMGN4,1,1
ELK4,HNRNPUL2,1,1
ELK4,HPS6,1,1
ELK4,ITGB1,1,1
ELK4,ITPRIPL1,1,1
ELK4,ITSN1,1,1
ELK4,KAT6B,1,1
ELK4,KBTBD4,1,1
ELK4,KLF12,1,1
ELK4,LARP4B,1,1
ELK4,LDOC1L,1,1
ELK4,MAPKAP1,1,1
ELK4,MED20,1,1
ELK4,MT1F,1,1
ELK4,MYL6,1,1
ELK4,NCS1,1,1
ELK4,NDUFB2,1,1
ELK4,NFATC3,1,1
ELK4,NOP10,1,1
ELK4,NPRL3,1,1
ELK4,NRIP1,1,1
ELK4,NUMA1,1,1
ELK4,OTUB1,1,1
ELK4,PARG,1,1
ELK4,PDCL,1,1
ELK4,PFKM,1,1
ELK4,PIK3C3,1,1
ELK4,PLEKHO1,1,1
ELK4,POLR2G,1,1
ELK4,PPP1CA,1,1
ELK4,PPP4R1,1,1
ELK4,PRDM11,1,1
ELK4,PRPF18,1,1
ELK4,RABL3,1,1
ELK4,RAF1,1,1
ELK4,RALA,1,1
ELK4,REST,1,1
ELK4,REV1,1,1
ELK4,RHBDD3,1,1
ELK4,RNF169,1,1
ELK4,RRAGB,1,1
ELK4,S100B,1,1
ELK4,SAR1A,1,1
ELK4,SETD2,1,1
ELK4,SETD7,1,1
ELK4,SH3BP5L,1,1
ELK4,SHOC2,1,1
ELK4,SIAH1,1,1
ELK4,SIGMAR1,1,1
ELK4,SIL1,1,1
ELK4,SLMAP,1,1
ELK4,SPTLC2,1,1
ELK4,SUMF2,1,1
ELK4,TBC1D10A,1,1
ELK4,TERF2,1,1
ELK4,TMOD3,1,1
ELK4,TPCN1,1,1
ELK4,TRIO,1,1
ELK4,UBAC1,1,1
ELK4,USP38,1,1
ELK4,WBP4,1,1
ELK4,WDR82,1,1
ELK4,XPA,1,1
ELK4,YME1L1,1,1
ELK4,YY1,1,1
ELK4,ZBED6,1,1
ELK4,ZNF22,1,1
ELK4,ZNF510,1,1
ELK4,ZNHIT1,1,1
HOMER3,ABL1,1,1
HOMER3,AC011043.1,1,1
HOMER3,ANKS6,1,1
HOMER3,CCDC169,1,1
HOMER3,CDR2L,1,1
HOMER3,CHMP7,1,1
HOMER3,DAPK3,1,1
HOMER3,DLG5,1,1
HOMER3,FHOD3,1,1
HOMER3,HEATR6,1,1
HOMER3,JUN,1,1
HOMER3,MAF 1.00,1,1
HOMER3,RGS14,1,1
HOMER3,RUSC1,1,1
HOMER3,SETD5,1,1
HOMER3,SLC12A4,1,1
HOMER3,TFE3,1,1
HOMER3,TMEM19,1,1
HOMER3,TNFAIP1,1,1
HOMER3,ZMYM6,1,1
HOMER3,ZNF48,1,1
HOMER3,ZNF532,1,1
NSDHL,AGO1,1,1
NSDHL,ANKIB1,1,1
NSDHL,CCPG1,1,1
NSDHL,CEP104,1,1
NSDHL,DAAM2,1,1
NSDHL,GNAS,1,1
NSDHL,HUS1,1,1
NSDHL,LINC00998,1,1
NSDHL,MX2,1,1
NSDHL,PRKAR1A,1,1
NSDHL,QKI,1,1
NSDHL,RAB2A,1,1
NSDHL,WDR83OS,1,1
FBXO38,AREL1,1,1
FBXO38,BRD3,1,1
FBXO38,CASP6,1,1
FBXO38,CASP7,1,1
FBXO38,CDK2AP2,1,1
FBXO38,COA6,1,1
FBXO38,COG8,1,1
FBXO38,COMMD5,1,1
FBXO38,DCP1A,1,1
FBXO38,FAM131A,1,1
FBXO38,FBXL19,1,1
FBXO38,GAREM2,1,1
FBXO38,GNAI2,1,1
FBXO38,HOXC6,1,1
FBXO38,KLF12,1,1
FBXO38,LRRC20,1,1
FBXO38,MAPKAPK3,1,1
FBXO38,MRPL48,1,1
FBXO38,MYL6,1,1
FBXO38,PARG,1,1
FBXO38,PLEKHO1,1,1
FBXO38,PRPF18,1,1
FBXO38,PYGO2,1,1
FBXO38,SFXN3,1,1
FBXO38,SYNJ2BP,1,1
FBXO38,TERF2IP,1,1
FBXO38,TNFAIP1,1,1
FBXO38,UBXN1,1,1
FBXO38,ZFP41,1,1
FBXO38,ZNF510,1,1
FBXO38,ZNF623,1,1
FBXO38,ZNF740,1,1
C6ORF89,ABCB4,1,1
C6ORF89,ARL 10.00,1,1
C6ORF89,CAPNS1,1,1
C6ORF89,CRHR1-IT1,1,1
C6ORF89,DDR1,1,1
C6ORF89,GPALPP1,1,1
C6ORF89,OTUD5,1,1
C6ORF89,PBX2,1,1
C6ORF89,PITPNM1,1,1
C6ORF89,SGPL1,1,1
C6ORF89,SLC6A9,1,1
C6ORF89,TADA3,1,1
C6ORF89,TMEM44,1,1
C6ORF89,ZKSCAN7,1,1
TIA1,ARHGEF9,1,1
TIA1,BACE2,1,1
TIA1,ENDOD1,1,1
TIA1,FAM20B,1,1
TIA1,HEXB,1,1
TIA1,RPL10,1,1
TIA1,RPL15,1,1
TIA1,RPL3,1,1
TIA1,RPL34,1,1
TIA1,SELK,1,1
TIA1,TMEM50B,1,1
TIA1,ZSCAN9,1,1
SART1,ANP32A,1,1
SART1,AQR,1,1
SART1,CHST12,1,1
SART1,DDX41,1,1
SART1,DIS3,1,1
SART1,DIS3L,1,1
SART1,GTPBP8,1,1
SART1,HDAC7,1,1
SART1,KIAA0368,1,1
SART1,LAGE3,1,1
SART1,LEO1,1,1
SART1,MINA,1,1
SART1,NFATC3,1,1
SART1,NOTCH1,1,1
SART1,PNP,1,1
SART1,PPP2R3A,1,1
SART1,PPP4R3A,1,1
SART1,PRR16,1,1
SART1,R3HCC1,1,1
SART1,RBPJ,1,1
SART1,SAV1,1,1
SART1,SLC35B2,1,1
SART1,TLDC1,1,1
SART1,TRMT5,1,1
SART1,ZNF669,1,1
CD2BP2,ADH5,1,1
CD2BP2,ANKRD13C,1,1
CD2BP2,APH1A,1,1
CD2BP2,BTAF1,1,1
CD2BP2,C11ORF84,1,1
CD2BP2,C2CD2L,1,1
CD2BP2,CA5BP1,1,1
CD2BP2,CACUL1,1,1
CD2BP2,CASP3,1,1
CD2BP2,CDC34,1,1
CD2BP2,COG3,1,1
CD2BP2,COMMD7,1,1
CD2BP2,COQ10A,1,1
CD2BP2,CSPG4,1,1
CD2BP2,DEAF1,1,1
CD2BP2,DFNA5,1,1
CD2BP2,EHMT2,1,1
CD2BP2,ENO2,1,1
CD2BP2,FAM175B,1,1
CD2BP2,FAM204A,1,1
CD2BP2,FAM32A,1,1
CD2BP2,FBXW11,1,1
CD2BP2,FLNA,1,1
CD2BP2,HOXC5,1,1
CD2BP2,HSD3B7,1,1
CD2BP2,ITPRIP,1,1
CD2BP2,KLHL2,1,1
CD2BP2,MED22,1,1
CD2BP2,MEF2C,1,1
CD2BP2,MID1,1,1
CD2BP2,MOB2,1,1
CD2BP2,OPA3,1,1
CD2BP2,PCBD1,1,1
CD2BP2,PIGX,1,1
CD2BP2,PLBD2,1,1
CD2BP2,POLR3A,1,1
CD2BP2,PTBP2,1,1
CD2BP2,RB1,1,1
CD2BP2,RNF121,1,1
CD2BP2,SEC24C,1,1
CD2BP2,SFXN3,1,1
CD2BP2,SH3GLB1,1,1
CD2BP2,STAG3L2,1,1
CD2BP2,TERF2,1,1
CD2BP2,TGIF2,1,1
CD2BP2,TMC6,1,1
CD2BP2,TUBGCP2,1,1
CD2BP2,USP38,1,1
CD2BP2,ZC4H2,1,1
CD2BP2,ZNF33A,1,1
CD2BP2,ZNF35,1,1
BIVM,ACVR2B,1,1
BIVM,ADCY3,1,1
BIVM,ADGRG6,1,1
BIVM,AIP,1,1
BIVM,AKIRIN1,1,1
BIVM,ALDOA,1,1
BIVM,ARAP1,1,1
BIVM,AREL1,1,1
BIVM,ARNT2,1,1
BIVM,ASPHD1,1,1
BIVM,BAD,1,1
BIVM,BAMBI,1,1
BIVM,BMP7,1,1
BIVM,BRAT1,1,1
BIVM,BRD3,1,1
BIVM,CAPNS1,1,1
BIVM,CCDC25,1,1
BIVM,CDK2AP2,1,1
BIVM,CFDP1,1,1
BIVM,CNTNAP3,1,1
BIVM,CRHR1-IT1,1,1
BIVM,CYLD,1,1
BIVM,DKK 3.00,1,1
BIVM,DNAJA3,1,1
BIVM,DNPEP,1,1
BIVM,DZIP1L,1,1
BIVM,EDF1,1,1
BIVM,EPS8L2,1,1
BIVM,FAM127C,1,1
BIVM,FOXN3,1,1
BIVM,FZD7,1,1
BIVM,GAREM2,1,1
BIVM,GNAI2,1,1
BIVM,GNAZ,1,1
BIVM,GRK2,1,1
BIVM,H1F0,1,1
BIVM,HOXC6,1,1
BIVM,HSD17B8,1,1
BIVM,IMPDH1,1,1
BIVM,KCNQ5,1,1
BIVM,KIAA1143,1,1
BIVM,KLF12,1,1
BIVM,LXN,1,1
BIVM,MAD2L1BP,1,1
BIVM,MALSU1,1,1
BIVM,MFSD4B,1,1
BIVM,MRPL40,1,1
BIVM,MRPL45,1,1
BIVM,MRPL48,1,1
BIVM,MRPS15,1,1
BIVM,MSRA,1,1
BIVM,NAXD,1,1
BIVM,NPHP4,1,1
BIVM,NRCAM,1,1
BIVM,NUCB2,1,1
BIVM,NUPL2,1,1
BIVM,PBX2,1,1
BIVM,PDIA5,1,1
BIVM,PEX3,1,1
BIVM,PGAP1,1,1
BIVM,PHTF2,1,1
BIVM,PLOD1,1,1
BIVM,PON2,1,1
BIVM,PPP1R26,1,1
BIVM,PREP,1,1
BIVM,PRR13,1,1
BIVM,QRSL1,1,1
BIVM,RPL9,1,1
BIVM,RXRG,1,1
BIVM,SCMH1,1,1
BIVM,SDC3,1,1
BIVM,SDK1,1,1
BIVM,SGPL1,1,1
BIVM,SND1,1,1
BIVM,SPTBN2,1,1
BIVM,STAU2,1,1
BIVM,STEAP1B,1,1
BIVM,TERF2IP,1,1
BIVM,THEM4,1,1
BIVM,TMED3,1,1
BIVM,TMED4,1,1
BIVM,TMEM258,1,1
BIVM,TMEM30A,1,1
BIVM,TMSB15B,1,1
BIVM,TNIK,1,1
BIVM,TTLL5,1,1
BIVM,UBXN1,1,1
BIVM,USP25,1,1
BIVM,VHL,1,1
BIVM,ZCCHC17,1,1
BIVM,ZKSCAN7,1,1
BIVM,ZNF32,1,1
BIVM,ZNF788,1,1
JAM3,ABCF3,1,1
JAM3,APH1A,1,1
JAM3,C17ORF75,1,1
JAM3,CA5BP1,1,1
JAM3,CACUL1,1,1
JAM3,CBX6,1,1
JAM3,CEP350,1,1
JAM3,COMMD7,1,1
JAM3,CUTC,1,1
JAM3,HPF1,1,1
JAM3,KLHL2,1,1
JAM3,MEF2C,1,1
JAM3,MITD1,1,1
JAM3,ORAI1,1,1
JAM3,PCBD1,1,1
JAM3,PMP22,1,1
JAM3,PRICKLE3,1,1
JAM3,PTBP2,1,1
JAM3,RPS3A,1,1
JAM3,RPS6KL1,1,1
JAM3,SMG7,1,1
JAM3,TNS3,1,1
JAM3,TOR1AIP1,1,1
JAM3,TRIM7,1,1
JAM3,ZNF35,1,1
FAM89A,ABCB8,1,1
FAM89A,AHCYL1,1,1
FAM89A,AMFR,1,1
FAM89A,AREL1,1,1
FAM89A,ATP13A2,1,1
FAM89A,BAMBI,1,1
FAM89A,C14ORF119,1,1
FAM89A,CCDC25,1,1
FAM89A,CEP104,1,1
FAM89A,CHCHD10,1,1
FAM89A,DAAM2,1,1
FAM89A,DNPEP,1,1
FAM89A,EDF1,1,1
FAM89A,EHMT1,1,1
FAM89A,FBXL14,1,1
FAM89A,FBXO11,1,1
FAM89A,GGCX,1,1
FAM89A,KLC1,1,1
FAM89A,KLHL7,1,1
FAM89A,LITAF,1,1
FAM89A,MAD1L1,1,1
FAM89A,MAPKAPK3,1,1
FAM89A,MED19,1,1
FAM89A,NAGPA,1,1
FAM89A,NPHP4,1,1
FAM89A,NSMF,1,1
FAM89A,NUDT11,1,1
FAM89A,NXPE3,1,1
FAM89A,PPT1,1,1
FAM89A,RAI1,1,1
FAM89A,SARNP,1,1
FAM89A,SND1,1,1
FAM89A,TET2,1,1
FAM89A,TMEM167B,1,1
FAM89A,TMOD3,1,1
FAM89A,TMSB15B,1,1
FAM89A,TRNAU1AP,1,1
FAM89A,VHL,1,1
FAM89A,ZNF772,1,1
MEX3B,ABL1,1,1
MEX3B,ACER3,1,1
MEX3B,ACOT9,1,1
MEX3B,ACVR2B,1,1
MEX3B,ADGRG6,1,1
MEX3B,ALDOA,1,1
MEX3B,ALG6,1,1
MEX3B,AREL1,1,1
MEX3B,ARNT2,1,1
MEX3B,ASPHD1,1,1
MEX3B,ATMIN,1,1
MEX3B,BAMBI,1,1
MEX3B,BMP7,1,1
MEX3B,BRD3,1,1
MEX3B,CASP6,1,1
MEX3B,CASP7,1,1
MEX3B,CCDC169,1,1
MEX3B,CCSER2,1,1
MEX3B,CD320,1,1
MEX3B,CDC14B,1,1
MEX3B,CNTN1,1,1
MEX3B,COA6,1,1
MEX3B,COMMD5,1,1
MEX3B,CRBN,1,1
MEX3B,DCUN1D2,1,1
MEX3B,DLG5,1,1
MEX3B,DOPEY2,1,1
MEX3B,DZIP1L,1,1
MEX3B,EFL1,1,1
MEX3B,ELF4,1,1
MEX3B,FAM127C,1,1
MEX3B,FOXN3,1,1
MEX3B,FRYL,1,1
MEX3B,FZD7,1,1
MEX3B,GAREM2,1,1
MEX3B,GNAI2,1,1
MEX3B,GNAZ,1,1
MEX3B,GRK2,1,1
MEX3B,HIVEP1,1,1
MEX3B,HNRNPUL2,1,1
MEX3B,HOXC6,1,1
MEX3B,HSCB,1,1
MEX3B,IMPDH1,1,1
MEX3B,IP6K2,1,1
MEX3B,ITPRIPL1,1,1
MEX3B,JUND,1,1
MEX3B,KIAA1143,1,1
MEX3B,KLF12,1,1
MEX3B,LASP1,1,1
MEX3B,LATS2,1,1
MEX3B,LRP11,1,1
MEX3B,LXN,1,1
MEX3B,MRPL43,1,1
MEX3B,MRPL45,1,1
MEX3B,MRPL48,1,1
MEX3B,MSANTD3,1,1
MEX3B,MSRA,1,1
MEX3B,MYL6,1,1
MEX3B,NAMPTP1,1,1
MEX3B,NELFB,1,1
MEX3B,NRCAM,1,1
MEX3B,NRIP1,1,1
MEX3B,NT5C2,1,1
MEX3B,NUCB2,1,1
MEX3B,NUMA1,1,1
MEX3B,NUPL2,1,1
MEX3B,PARG,1,1
MEX3B,PCMT1,1,1
MEX3B,PDCD7,1,1
MEX3B,PDIA5,1,1
MEX3B,PGAP1,1,1
MEX3B,PIAS1,1,1
MEX3B,PIGH,1,1
MEX3B,PLEKHO1,1,1
MEX3B,PLOD1,1,1
MEX3B,PON2,1,1
MEX3B,PPA2,1,1
MEX3B,PPIE,1,1
MEX3B,PPP1R26,1,1
MEX3B,PREP,1,1
MEX3B,PRPF18,1,1
MEX3B,PRR13,1,1
MEX3B,RABIF,1,1
MEX3B,RBM4B,1,1
MEX3B,REV1,1,1
MEX3B,RHBDF2,1,1
MEX3B,RUSC1,1,1
MEX3B,RXRG,1,1
MEX3B,SAP30BP,1,1
MEX3B,SCMH1,1,1
MEX3B,SDC3,1,1
MEX3B,SETD2,1,1
MEX3B,SIAH1,1,1
MEX3B,SLIT3,1,1
MEX3B,SLMAP,1,1
MEX3B,SPTBN2,1,1
MEX3B,SPTLC2,1,1
MEX3B,STEAP1B,1,1
MEX3B,SUPT20H,1,1
MEX3B,TAF11,1,1
MEX3B,TERF2IP,1,1
MEX3B,TET2,1,1
MEX3B,TINF2,1,1
MEX3B,TMED3,1,1
MEX3B,TMED4,1,1
MEX3B,TMEM214,1,1
MEX3B,TMEM30A,1,1
MEX3B,TNFSF13B,1,1
MEX3B,TNIK,1,1
MEX3B,USP25,1,1
MEX3B,WASF3,1,1
MEX3B,ZBED3,1,1
MEX3B,ZCCHC17,1,1
MEX3B,ZKSCAN8,1,1
MEX3B,ZNF266,1,1
MEX3B,ZNF354C,1,1
MEX3B,ZNF48,1,1
MEX3B,ZNF740,1,1
MEX3B,ZNF788,1,1
NECTIN2,ABCA2,1,1
NECTIN2,ACVR2A,1,1
NECTIN2,ARL6IP1,1,1
NECTIN2,ARRDC1,1,1
NECTIN2,CMIP,1,1
NECTIN2,DNAJC8,1,1
NECTIN2,FAM168A,1,1
NECTIN2,KANK1,1,1
NECTIN2,LPCAT4,1,1
NECTIN2,LTBP3,1,1
NECTIN2,NDUFA6,1,1
NECTIN2,NUDT22,1,1
NECTIN2,OTUB2,1,1
NECTIN2,PRKAB2,1,1
NECTIN2,PSENEN,1,1
NECTIN2,SLC12A4,1,1
NECTIN2,TUBA1A,1,1
NECTIN2,ZNF337,1,1
NECTIN2,ZSWIM6,1,1
WDR83OS,ACVR2A,1,1
WDR83OS,ARL 1.00,1,1
WDR83OS,C1GALT1C1,1,1
WDR83OS,EXOC3,1,1
WDR83OS,FIBP,1,1
WDR83OS,GAS2L3,1,1
WDR83OS,GRSF1,1,1
WDR83OS,HUS1,1,1
WDR83OS,KANK1,1,1
WDR83OS,LINC00998,1,1
WDR83OS,LPCAT4,1,1
WDR83OS,NAGPA,1,1
WDR83OS,NPRL2,1,1
WDR83OS,PRKAR1A,1,1
WDR83OS,PSENEN,1,1
WDR83OS,RAB2A,1,1
WDR83OS,RASAL2,1,1
WDR83OS,SERINC5,1,1
WDR83OS,SLC12A4,1,1
WDR83OS,SLC9A3R2,1,1
WDR83OS,SMPDL3A,1,1
WDR83OS,SOX6,1,1
WDR83OS,STARD3NL,1,1
WDR83OS,ZNF579,1,1
GON4L,ABL1,1,1
GON4L,APBB2,1,1
GON4L,ARAP3,1,1
GON4L,ARNT2,1,1
GON4L,BRD3,1,1
GON4L,CHRNB1,1,1
GON4L,COA6,1,1
GON4L,FBXL15,1,1
GON4L,FHOD3,1,1
GON4L,FOXN3,1,1
GON4L,HOXC6,1,1
GON4L,IQSEC1,1,1
GON4L,JUND,1,1
GON4L,KCNQ5,1,1
GON4L,MAF 1.00,1,1
GON4L,MARCH8,1,1
GON4L,PITPNM1,1,1
GON4L,PPP1R26,1,1
GON4L,RUSC1,1,1
GON4L,SETD5,1,1
GON4L,SLC38A9,1,1
GON4L,SPTBN2,1,1
GON4L,TICAM1,1,1
GON4L,TINF2,1,1
GON4L,TMEM136,1,1
GON4L,TTC9C,1,1
GON4L,TTI2,1,1
ADCY3,ACVR2B,1,1
ADCY3,ADGRG6,1,1
ADCY3,AIP,1,1
ADCY3,AKIRIN1,1,1
ADCY3,ALDOA,1,1
ADCY3,APBB2,1,1
ADCY3,ARNT2,1,1
ADCY3,BFAR,1,1
ADCY3,BRAT1,1,1
ADCY3,BRD3,1,1
ADCY3,CACYBP,1,1
ADCY3,CNTNAP3,1,1
ADCY3,CRHR1-IT1,1,1
ADCY3,DESI1,1,1
ADCY3,DNAJA3,1,1
ADCY3,DNPEP,1,1
ADCY3,DOPEY2,1,1
ADCY3,DZIP1L,1,1
ADCY3,EEPD1,1,1
ADCY3,FBXL15,1,1
ADCY3,FZD7,1,1
ADCY3,HOXC6,1,1
ADCY3,HSD17B8,1,1
ADCY3,IMPDH1,1,1
ADCY3,KCNQ5,1,1
ADCY3,MRPL45,1,1
ADCY3,NAXD,1,1
ADCY3,NRCAM,1,1
ADCY3,PGAP1,1,1
ADCY3,PHTF2,1,1
ADCY3,PIGH,1,1
ADCY3,PLOD1,1,1
ADCY3,PON2,1,1
ADCY3,PPP1R26,1,1
ADCY3,PREP,1,1
ADCY3,PRR13,1,1
ADCY3,QRSL1,1,1
ADCY3,RHBDF2,1,1
ADCY3,RXRB,1,1
ADCY3,SDK1,1,1
ADCY3,SPTBN2,1,1
ADCY3,STEAP1B,1,1
ADCY3,THEM4,1,1
ADCY3,TNIK,1,1
ADCY3,TTI2,1,1
ADCY3,ZCCHC17,1,1
ADCY3,ZNF280D,1,1
MFHAS1,ANKRD13C,1,1
MFHAS1,BICD2,1,1
MFHAS1,BLOC1S2,1,1
MFHAS1,CUL2,1,1
MFHAS1,ERBIN,1,1
MFHAS1,FAM175B,1,1
MFHAS1,GPRIN1,1,1
MFHAS1,IK,1,1
MFHAS1,KCTD13,1,1
MFHAS1,MCM3AP,1,1
MFHAS1,PCNT,1,1
MFHAS1,RAB11FIP2,1,1
MFHAS1,SIRT1,1,1
MFHAS1,SLC16A7,1,1
MFHAS1,SMC3,1,1
MFHAS1,WAPL,1,1
MFHAS1,ZNF37A,1,1
NUPL2,ADGRG6,1,1
NUPL2,ALDOA,1,1
NUPL2,ANKRD10,1,1
NUPL2,ARAP1,1,1
NUPL2,ARAP3,1,1
NUPL2,ARL 10.00,1,1
NUPL2,ASPHD1,1,1
NUPL2,ATMIN,1,1
NUPL2,BCAP29,1,1
NUPL2,BMP7,1,1
NUPL2,BRAT1,1,1
NUPL2,CFLAR,1,1
NUPL2,CNOT8,1,1
NUPL2,CNTNAP3,1,1
NUPL2,CRBN,1,1
NUPL2,CRHR1-IT1,1,1
NUPL2,CTHRC1,1,1
NUPL2,DNAJA3,1,1
NUPL2,EEPD1,1,1
NUPL2,FAM127C,1,1
NUPL2,FAM210A,1,1
NUPL2,FANCL,1,1
NUPL2,FOXN3,1,1
NUPL2,FZD7,1,1
NUPL2,GNAZ,1,1
NUPL2,GNPAT,1,1
NUPL2,GRK2,1,1
NUPL2,H1F0,1,1
NUPL2,HSCB,1,1
NUPL2,KIAA1143,1,1
NUPL2,MALSU1,1,1
NUPL2,MARCH8,1,1
NUPL2,MFSD4B,1,1
NUPL2,MPZ,1,1
NUPL2,MRPL45,1,1
NUPL2,NRCAM,1,1
NUPL2,PGAP1,1,1
NUPL2,PHTF2,1,1
NUPL2,PLOD1,1,1
NUPL2,PON2,1,1
NUPL2,PPP1R26,1,1
NUPL2,PRR13,1,1
NUPL2,RAB1B,1,1
NUPL2,STEAP1B,1,1
NUPL2,TERF2IP,1,1
NUPL2,TIAM2,1,1
NUPL2,TINF2,1,1
NUPL2,TMED4,1,1
NUPL2,TMEM30A,1,1
NUPL2,TRIM13,1,1
NUPL2,TUBG1,1,1
NUPL2,USP25,1,1
NUPL2,ZBED3,1,1
NUPL2,ZKSCAN7,1,1
NUPL2,ZNF32,1,1
NUPL2,ZSCAN2,1,1
RNF44,ARNT2,1,1
RNF44,EPS8L2,1,1
RNF44,FAM127C,1,1
RNF44,HLTF,1,1
RNF44,INPP5E,1,1
RNF44,IP6K2,1,1
RNF44,KCNQ5,1,1
RNF44,KCNS3,1,1
RNF44,MON1A,1,1
RNF44,NUCB2,1,1
RNF44,PDIA5,1,1
RNF44,RAB1A,1,1
RNF44,RBM4B,1,1
RNF44,RELA,1,1
RNF44,RFTN1,1,1
RNF44,RUSC1,1,1
RNF44,RXRB,1,1
RNF44,RXRG,1,1
RNF44,SAP30BP,1,1
RNF44,SCMH1,1,1
RNF44,SDC3,1,1
RNF44,SND1,1,1
RNF44,TMED3,1,1
RNF44,TNFSF13B,1,1
RNF44,UPF3B,1,1
RNF44,ZFP41,1,1
RNF44,ZNF592,1,1
RPL3,ARF3,1,1
RPL3,ARHGEF9,1,1
RPL3,RPL10,1,1
RPL3,RPL15,1,1
RPL3,RPL26,1,1
RPL3,RPL29,1,1
RPL3,RPL34,1,1
RPL3,RPL36A,1,1
RPL3,RPL7A,1,1
RPL3,RPS27,1,1
RPL3,RPS3A,1,1
RPL3,RPS9,1,1
RPL3,SELK,1,1
RPL3,TMEM50B,1,1
RPL3,ZNF133,1,1
PMPCB,AC011043.1,1,1
PMPCB,DNAJC8,1,1
PMPCB,GAS2L3,1,1
PMPCB,KLC1,1,1
PMPCB,LINC00094,1,1
PMPCB,MAD1L1,1,1
PMPCB,MTFMT,1,1
PMPCB,SERINC5,1,1
PMPCB,SETD5,1,1
PMPCB,TUBGCP4,1,1
FOXN3,ACER3,1,1
FOXN3,ACVR2B,1,1
FOXN3,ADGRG6,1,1
FOXN3,ALDOA,1,1
FOXN3,APBB2,1,1
FOXN3,ARAP1,1,1
FOXN3,ARAP3,1,1
FOXN3,AREL1,1,1
FOXN3,ARL 10.00,1,1
FOXN3,ARNT2,1,1
FOXN3,ASPHD1,1,1
FOXN3,ATMIN,1,1
FOXN3,BAMBI,1,1
FOXN3,BCAP29,1,1
FOXN3,BMP7,1,1
FOXN3,BRAT1,1,1
FOXN3,BRD3,1,1
FOXN3,BRK1,1,1
FOXN3,CASP6,1,1
FOXN3,CCSER2,1,1
FOXN3,CD320,1,1
FOXN3,CFDP1,1,1
FOXN3,CNTN1,1,1
FOXN3,CNTNAP3,1,1
FOXN3,COA6,1,1
FOXN3,CRBN,1,1
FOXN3,CRHR1-IT1,1,1
FOXN3,CTHRC1,1,1
FOXN3,DNAJA3,1,1
FOXN3,DOPEY2,1,1
FOXN3,DPP8,1,1
FOXN3,DZIP1L,1,1
FOXN3,EFL1,1,1
FOXN3,ELF4,1,1
FOXN3,FAM127C,1,1
FOXN3,FANCL,1,1
FOXN3,FRYL,1,1
FOXN3,FZD7,1,1
FOXN3,GAREM2,1,1
FOXN3,GNAZ,1,1
FOXN3,GRK2,1,1
FOXN3,H1F0,1,1
FOXN3,HOXC6,1,1
FOXN3,HSCB,1,1
FOXN3,IQSEC1,1,1
FOXN3,JUND,1,1
FOXN3,KIAA1143,1,1
FOXN3,KIAA1147,1,1
FOXN3,MALSU1,1,1
FOXN3,MARCH8,1,1
FOXN3,MRPL40,1,1
FOXN3,MRPL45,1,1
FOXN3,MRPL48,1,1
FOXN3,MRPS15,1,1
FOXN3,MSRA,1,1
FOXN3,NRCAM,1,1
FOXN3,NUCB2,1,1
FOXN3,PDIA5,1,1
FOXN3,PGAP1,1,1
FOXN3,PIAS1,1,1
FOXN3,PITPNM1,1,1
FOXN3,PLOD1,1,1
FOXN3,PON2,1,1
FOXN3,PPIE,1,1
FOXN3,PPP1R26,1,1
FOXN3,PRR13,1,1
FOXN3,RAB1B,1,1
FOXN3,RBM4B,1,1
FOXN3,RELA,1,1
FOXN3,RSF1,1,1
FOXN3,RUSC1,1,1
FOXN3,RXRG,1,1
FOXN3,SAP30BP,1,1
FOXN3,SCMH1,1,1
FOXN3,SDC3,1,1
FOXN3,SND1,1,1
FOXN3,SPTBN2,1,1
FOXN3,STEAP1B,1,1
FOXN3,SUPT20H,1,1
FOXN3,TERF2IP,1,1
FOXN3,TET2,1,1
FOXN3,TIAM2,1,1
FOXN3,TINF2,1,1
FOXN3,TMED3,1,1
FOXN3,TMED4,1,1
FOXN3,TMEM30A,1,1
FOXN3,TNFSF13B,1,1
FOXN3,TSTD2,1,1
FOXN3,TTI2,1,1
FOXN3,TUBG1,1,1
FOXN3,USP25,1,1
FOXN3,USP45,1,1
FOXN3,ZBED3,1,1
FOXN3,ZCCHC17,1,1
FOXN3,ZNF32,1,1
FOXN3,ZNF592,1,1
FOXN3,ZSCAN2,1,1
FBXW11,ADH5,1,1
FBXW11,ANKRD13C,1,1
FBXW11,APH1A,1,1
FBXW11,CASP3,1,1
FBXW11,COG3,1,1
FBXW11,COMMD7,1,1
FBXW11,CYTH2,1,1
FBXW11,DDX50,1,1
FBXW11,DEAF1,1,1
FBXW11,DFNA5,1,1
FBXW11,DOCK7,1,1
FBXW11,ENO2,1,1
FBXW11,FAM175B,1,1
FBXW11,FAM204A,1,1
FBXW11,FLNA,1,1
FBXW11,HSD3B7,1,1
FBXW11,KLHL2,1,1
FBXW11,MED22,1,1
FBXW11,MID1,1,1
FBXW11,MOB2,1,1
FBXW11,NPRL3,1,1
FBXW11,OPA3,1,1
FBXW11,PCBD1,1,1
FBXW11,PIK3C3,1,1
FBXW11,PLBD2,1,1
FBXW11,POLR3A,1,1
FBXW11,RAB11A,1,1
FBXW11,RB1,1,1
FBXW11,SFXN3,1,1
FBXW11,SH3GLB1,1,1
FBXW11,SHOC2,1,1
FBXW11,STAG3L2,1,1
FBXW11,TNIP1,1,1
FBXW11,TRIO,1,1
FBXW11,TUBGCP2,1,1
FBXW11,ZC4H2,1,1
FBXW11,ZNF35,1,1
AIDA,HSD11B1L,1,1
AIDA,SLC38A9,1,1
TINF2,APBB2,1,1
TINF2,ARAP1,1,1
TINF2,ARAP3,1,1
TINF2,ARL 10.00,1,1
TINF2,BRAT1,1,1
TINF2,CD320,1,1
TINF2,CFLAR,1,1
TINF2,CLASP1,1,1
TINF2,CNTN1,1,1
TINF2,COA6,1,1
TINF2,CRHR1-IT1,1,1
TINF2,DNAJA3,1,1
TINF2,DOCK1,1,1
TINF2,EFL1,1,1
TINF2,IQSEC1,1,1
TINF2,JUND,1,1
TINF2,KCNS3,1,1
TINF2,KMT2A,1,1
TINF2,MARCH8,1,1
TINF2,MRPL45,1,1
TINF2,PBX2,1,1
TINF2,PITPNM1,1,1
TINF2,PPIE,1,1
TINF2,PPP1R26,1,1
TINF2,SETX,1,1
TINF2,SPTBN2,1,1
TINF2,STEAP1B,1,1
TINF2,TERF2IP,1,1
TINF2,TSTD2,1,1
TINF2,USP25,1,1
TINF2,USP45,1,1
TINF2,ZBED3,1,1
TINF2,ZKSCAN8,1,1
TINF2,ZNF32,1,1
CMIP,ABCA2,1,1
CMIP,ABCB8,1,1
CMIP,ABL1,1,1
CMIP,ACVR2A,1,1
CMIP,ANKS6,1,1
CMIP,ARRDC1,1,1
CMIP,ATP13A2,1,1
CMIP,BAD,1,1
CMIP,C14ORF119,1,1
CMIP,C1GALT1C1,1,1
CMIP,CCDC25,1,1
CMIP,CDR2L,1,1
CMIP,CES2,1,1
CMIP,CH17-258A22.4,1,1
CMIP,CHMP7,1,1
CMIP,COG8,1,1
CMIP,CROT,1,1
CMIP,CYLD,1,1
CMIP,DAAM2,1,1
CMIP,DEDD,1,1
CMIP,DLG5,1,1
CMIP,DMTN,1,1
CMIP,DNAJC1,1,1
CMIP,DNAJC8,1,1
CMIP,DNPEP,1,1
CMIP,DTNA,1,1
CMIP,EHD2,1,1
CMIP,EXOC3,1,1
CMIP,FAM131A,1,1
CMIP,FAM168A,1,1
CMIP,FAM89B,1,1
CMIP,FBXL19,1,1
CMIP,FIBP,1,1
CMIP,GAS2L3,1,1
CMIP,GGCX,1,1
CMIP,GMPR2,1,1
CMIP,IP6K2,1,1
CMIP,KANK1,1,1
CMIP,KLC1,1,1
CMIP,KLHL7,1,1
CMIP,KRIT1,1,1
CMIP,LINC00094,1,1
CMIP,LITAF,1,1
CMIP,LPCAT4,1,1
CMIP,LRRC20,1,1
CMIP,MAD1L1,1,1
CMIP,MAF 1.00,1,1
CMIP,MAP4K2,1,1
CMIP,MAPKAPK3,1,1
CMIP,MBNL3,1,1
CMIP,MED19,1,1
CMIP,MYADM,1,1
CMIP,NAGPA,1,1
CMIP,NDUFA6,1,1
CMIP,NPHP4,1,1
CMIP,NPRL2,1,1
CMIP,NT5C,1,1
CMIP,OTUB2,1,1
CMIP,PAK1,1,1
CMIP,PKN1,1,1
CMIP,PPT1,1,1
CMIP,PSENEN,1,1
CMIP,RAB2A,1,1
CMIP,RAI1,1,1
CMIP,RELA,1,1
CMIP,RNF41,1,1
CMIP,RPL9,1,1
CMIP,RRAGB,1,1
CMIP,SCMH1,1,1
CMIP,SERINC5,1,1
CMIP,SETD5,1,1
CMIP,SLC12A4,1,1
CMIP,SLC39A9,1,1
CMIP,SLC9A3R2,1,1
CMIP,SND1,1,1
CMIP,SNX21,1,1
CMIP,SOX6,1,1
CMIP,TFE3,1,1
CMIP,TMEM60,1,1
CMIP,TMOD3,1,1
CMIP,TMSB10,1,1
CMIP,TNFAIP1,1,1
CMIP,TPCN1,1,1
CMIP,TRIM8,1,1
CMIP,TRIP4,1,1
CMIP,TRNAU1AP,1,1
CMIP,TSPAN5,1,1
CMIP,TUBGCP4,1,1
CMIP,UBXN1,1,1
CMIP,VHL,1,1
CMIP,VPS4A,1,1
CMIP,VPS51,1,1
CMIP,ZNF23,1,1
CMIP,ZNF532,1,1
CMIP,ZNF579,1,1
CMIP,ZNF772,1,1
NUCB2,ABL1,1,1
NUCB2,ACVR2B,1,1
NUCB2,AKIRIN1,1,1
NUCB2,ALDOA,1,1
NUCB2,APOL2,1,1
NUCB2,AREL1,1,1
NUCB2,ARNT2,1,1
NUCB2,ATP13A2,1,1
NUCB2,BAD,1,1
NUCB2,BAMBI,1,1
NUCB2,BRD3,1,1
NUCB2,CCDC25,1,1
NUCB2,CCSER2,1,1
NUCB2,CD200,1,1
NUCB2,CH17-258A22.4,1,1
NUCB2,CHCHD10,1,1
NUCB2,CHMP1A,1,1
NUCB2,CIZ1,1,1
NUCB2,CNTN1,1,1
NUCB2,COA6,1,1
NUCB2,DECR2,1,1
NUCB2,DLG5,1,1
NUCB2,DNPEP,1,1
NUCB2,DOPEY2,1,1
NUCB2,DSE,1,1
NUCB2,DTNA,1,1
NUCB2,EDF1,1,1
NUCB2,ELF4,1,1
NUCB2,EPS8L2,1,1
NUCB2,FAH,1,1
NUCB2,FAM127C,1,1
NUCB2,FAM131A,1,1
NUCB2,FBXL19,1,1
NUCB2,FOXF2,1,1
NUCB2,FZD7,1,1
NUCB2,GAREM2,1,1
NUCB2,GGCX,1,1
NUCB2,GNAZ,1,1
NUCB2,HIVEP1,1,1
NUCB2,HLTF,1,1
NUCB2,HNRNPUL2,1,1
NUCB2,HOXC11,1,1
NUCB2,IMPDH1,1,1
NUCB2,INPP5A,1,1
NUCB2,INPP5E,1,1
NUCB2,IP6K2,1,1
NUCB2,ITPRIPL1,1,1
NUCB2,KCNQ5,1,1
NUCB2,KLHDC4,1,1
NUCB2,KLHL7,1,1
NUCB2,KRIT1,1,1
NUCB2,LAMTOR1,1,1
NUCB2,LITAF,1,1
NUCB2,LXN,1,1
NUCB2,MAD2L1BP,1,1
NUCB2,MBNL3,1,1
NUCB2,MED19,1,1
NUCB2,MRPL48,1,1
NUCB2,MRPS15,1,1
NUCB2,MSRA,1,1
NUCB2,MYL6,1,1
NUCB2,NAXD,1,1
NUCB2,NELFB,1,1
NUCB2,NFU1,1,1
NUCB2,NOMO2,1,1
NUCB2,NOP10,1,1
NUCB2,NPHP4,1,1
NUCB2,NUDT11,1,1
NUCB2,NUMA1,1,1
NUCB2,PCMT1,1,1
NUCB2,PDIA5,1,1
NUCB2,PGAP1,1,1
NUCB2,PLOD1,1,1
NUCB2,PON2,1,1
NUCB2,PPIE,1,1
NUCB2,PPP1R26,1,1
NUCB2,PPP4R1,1,1
NUCB2,PPT1,1,1
NUCB2,PREP,1,1
NUCB2,PRR13,1,1
NUCB2,RAB1A,1,1
NUCB2,RBM4B,1,1
NUCB2,RELA,1,1
NUCB2,RFTN1,1,1
NUCB2,RHBDF2,1,1
NUCB2,RPL9,1,1
NUCB2,RUSC1,1,1
NUCB2,RXRG,1,1
NUCB2,SAP30BP,1,1
NUCB2,SCMH1,1,1
NUCB2,SDC3,1,1
NUCB2,SIAH1,1,1
NUCB2,SLC16A2,1,1
NUCB2,SND1,1,1
NUCB2,SPTBN2,1,1
NUCB2,SPTLC2,1,1
NUCB2,SSNA1,1,1
NUCB2,SUPT20H,1,1
NUCB2,TAF11,1,1
NUCB2,TANC1,1,1
NUCB2,TCEAL1,1,1
NUCB2,TERF2IP,1,1
NUCB2,TET2,1,1
NUCB2,THEM4,1,1
NUCB2,TMED3,1,1
NUCB2,TMED4,1,1
NUCB2,TMEM214,1,1
NUCB2,TMEM258,1,1
NUCB2,TMEM30A,1,1
NUCB2,TMSB15B,1,1
NUCB2,TNFSF13B,1,1
NUCB2,TNIK,1,1
NUCB2,TPCN1,1,1
NUCB2,UBXN1,1,1
NUCB2,VPS37C,1,1
NUCB2,VPS4A,1,1
NUCB2,ZCCHC17,1,1
NUCB2,ZFP41,1,1
NUCB2,ZNF266,1,1
NUCB2,ZNF354C,1,1
NUCB2,ZNF48,1,1
NUCB2,ZNF510,1,1
NUCB2,ZNF592,1,1
NUCB2,ZNF788,1,1
RRAS,ALDH3B1,1,1
RRAS,C9ORF16,1,1
RRAS,DDAH2,1,1
CEP104,ABCB8,1,1
CEP104,ACVR2A,1,1
CEP104,AGO1,1,1
CEP104,AHCYL1,1,1
CEP104,AMFR,1,1
CEP104,ATP13A2,1,1
CEP104,C1GALT1C1,1,1
CEP104,CCPG1,1,1
CEP104,CPEB4,1,1
CEP104,CREBZF,1,1
CEP104,DAAM2,1,1
CEP104,DDX41,1,1
CEP104,DNAJC24,1,1
CEP104,FBXO11,1,1
CEP104,GGCX,1,1
CEP104,GNAS,1,1
CEP104,HELZ,1,1
CEP104,HOXA10,1,1
CEP104,KANK1,1,1
CEP104,KLHL7,1,1
CEP104,LITAF,1,1
CEP104,MAD1L1,1,1
CEP104,MED19,1,1
CEP104,NAGPA,1,1
CEP104,NT5C,1,1
CEP104,PPT1,1,1
CEP104,RAB3A,1,1
CEP104,RAI1,1,1
CEP104,RASAL2,1,1
CEP104,SARNP,1,1
CEP104,SASH1,1,1
CEP104,SLC35B2,1,1
CEP104,SMPDL3A,1,1
CEP104,SOX6,1,1
CEP104,TBK1,1,1
CEP104,TRNAU1AP,1,1
CEP104,ZNF772,1,1
RAB3A,AGO1,1,1
RAB3A,CPEB4,1,1
PPP6R2,ARSA,1,1
PPP6R2,KIAA0368,1,1
PPP6R2,MTMR9,1,1
PPP6R2,NBL1,1,1
PPP6R2,PGLS,1,1
SEC24C,CA5BP1,1,1
SEC24C,COG3,1,1
SEC24C,COQ10A,1,1
SEC24C,CSPG4,1,1
SEC24C,DPH3,1,1
SEC24C,ENO2,1,1
SEC24C,HSD3B7,1,1
SEC24C,IFT52,1,1
SEC24C,MRPL43,1,1
SEC24C,MYL6,1,1
SEC24C,PIK3C3,1,1
SEC24C,PYGO2,1,1
SEC24C,RBMS2,1,1
SEC24C,SFXN3,1,1
SEC24C,SPRYD4,1,1
SEC24C,STAP2,1,1
SEC24C,ZNF623,1,1
FANCL,ADGRG6,1,1
FANCL,ALDOA,1,1
FANCL,ANKRD10,1,1
FANCL,ARAP1,1,1
FANCL,ARAP3,1,1
FANCL,ARL 10.00,1,1
FANCL,ARNT2,1,1
FANCL,ASPHD1,1,1
FANCL,ATMIN,1,1
FANCL,ATP5G3,1,1
FANCL,ATXN10,1,1
FANCL,BAP1,1,1
FANCL,BCAP29,1,1
FANCL,BMP7,1,1
FANCL,BRK1,1,1
FANCL,CD22,1,1
FANCL,CD320,1,1
FANCL,CFDP1,1,1
FANCL,CNTN1,1,1
FANCL,CNTNAP3,1,1
FANCL,COBL,1,1
FANCL,CRBN,1,1
FANCL,CTHRC1,1,1
FANCL,DDR1,1,1
FANCL,DNAJA3,1,1
FANCL,EEF2K,1,1
FANCL,EPS8L2,1,1
FANCL,FAM127C,1,1
FANCL,FAM210A,1,1
FANCL,FDX1,1,1
FANCL,FZD7,1,1
FANCL,GATA6,1,1
FANCL,GNAZ,1,1
FANCL,GRB10,1,1
FANCL,GRK2,1,1
FANCL,H1F0,1,1
FANCL,HLTF,1,1
FANCL,HSCB,1,1
FANCL,IQSEC1,1,1
FANCL,KCNS3,1,1
FANCL,MALSU1,1,1
FANCL,MARCH8,1,1
FANCL,MRPL40,1,1
FANCL,MRPS15,1,1
FANCL,MRPS18A,1,1
FANCL,MSRA,1,1
FANCL,NRCAM,1,1
FANCL,PBX2,1,1
FANCL,PDIA5,1,1
FANCL,PGAP1,1,1
FANCL,PHTF2,1,1
FANCL,PLOD1,1,1
FANCL,PON2,1,1
FANCL,PPIE,1,1
FANCL,PWWP2B,1,1
FANCL,RBM4B,1,1
FANCL,RXRG,1,1
FANCL,SAP30BP,1,1
FANCL,SDK1,1,1
FANCL,SEPT2,1,1
FANCL,SLC39A10,1,1
FANCL,SNX10,1,1
FANCL,TAX1BP1,1,1
FANCL,TAX1BP3,1,1
FANCL,TERF2IP,1,1
FANCL,TIAM2,1,1
FANCL,TMED4,1,1
FANCL,TMEM30A,1,1
FANCL,TNFSF13B,1,1
FANCL,TRIM13,1,1
FANCL,TUBG1,1,1
FANCL,UGP2,1,1
FANCL,USP25,1,1
FANCL,ZKSCAN7,1,1
FANCL,ZNF32,1,1
ZNF319,BAMBI,1,1
ZNF319,BCL9L,1,1
ZNF319,CHCHD10,1,1
ZNF319,DEDD,1,1
ZNF319,EHMT1,1,1
ZNF319,FBXL19,1,1
ZNF319,KLC1,1,1
ZNF319,LINC00094,1,1
ZNF319,MAPKAPK3,1,1
ZNF319,NSMF,1,1
ZNF319,RELA,1,1
ZNF319,SMAD1,1,1
ZNF319,TET2,1,1
ACSL1,GBAS,1,1
ACSL1,HSPA2,1,1
TMED3,ABL1,1,1
TMED3,ACVR2B,1,1
TMED3,AKIRIN1,1,1
TMED3,ALDOA,1,1
TMED3,AREL1,1,1
TMED3,ARNT2,1,1
TMED3,ATP13A2,1,1
TMED3,BAD,1,1
TMED3,BAMBI,1,1
TMED3,BFAR,1,1
TMED3,BMP7,1,1
TMED3,BRD3,1,1
TMED3,CCDC25,1,1
TMED3,CCSER2,1,1
TMED3,CHMP1A,1,1
TMED3,CIZ1,1,1
TMED3,CNTN1,1,1
TMED3,COA6,1,1
TMED3,CRBN,1,1
TMED3,CYLD,1,1
TMED3,DECR2,1,1
TMED3,DLG5,1,1
TMED3,DNPEP,1,1
TMED3,DOPEY2,1,1
TMED3,DTNA,1,1
TMED3,EDF1,1,1
TMED3,EPS8L2,1,1
TMED3,FAM127C,1,1
TMED3,FAM131A,1,1
TMED3,FBXL19,1,1
TMED3,GAREM2,1,1
TMED3,GGCX,1,1
TMED3,GNAZ,1,1
TMED3,HIVEP1,1,1
TMED3,HLTF,1,1
TMED3,HOXC6,1,1
TMED3,IMPDH1,1,1
TMED3,INPP5E,1,1
TMED3,IP6K2,1,1
TMED3,KCNQ5,1,1
TMED3,KLC1,1,1
TMED3,KLF11,1,1
TMED3,KLHDC4,1,1
TMED3,KLHL7,1,1
TMED3,LAMTOR1,1,1
TMED3,LXN,1,1
TMED3,MBNL3,1,1
TMED3,MRPL40,1,1
TMED3,MRPL48,1,1
TMED3,MRPS15,1,1
TMED3,MSRA,1,1
TMED3,NAXD,1,1
TMED3,NELFB,1,1
TMED3,NFU1,1,1
TMED3,NOMO2,1,1
TMED3,NPHP4,1,1
TMED3,PCMT1,1,1
TMED3,PDIA5,1,1
TMED3,PLOD1,1,1
TMED3,PON2,1,1
TMED3,PPIE,1,1
TMED3,PPP1R26,1,1
TMED3,PPT1,1,1
TMED3,PREP,1,1
TMED3,RAB1A,1,1
TMED3,RBM4B,1,1
TMED3,RELA,1,1
TMED3,RFTN1,1,1
TMED3,RILPL2,1,1
TMED3,RPL9,1,1
TMED3,RUSC1,1,1
TMED3,RXRG,1,1
TMED3,SAP30BP,1,1
TMED3,SCMH1,1,1
TMED3,SDC3,1,1
TMED3,SDK1,1,1
TMED3,SETD5,1,1
TMED3,SIAH1,1,1
TMED3,SLC16A2,1,1
TMED3,SND1,1,1
TMED3,SPTBN2,1,1
TMED3,SUPT20H,1,1
TMED3,TERF2IP,1,1
TMED3,TET2,1,1
TMED3,THEM4,1,1
TMED3,TMED4,1,1
TMED3,TMEM214,1,1
TMED3,TMEM30A,1,1
TMED3,TMSB15B,1,1
TMED3,TNFSF13B,1,1
TMED3,VPS37C,1,1
TMED3,ZCCHC17,1,1
TMED3,ZFP41,1,1
TMED3,ZNF48,1,1
TMED3,ZNF592,1,1
TMED3,ZNF788,1,1
RNF20,CASP7,1,1
RNF20,CES2,1,1
RNF20,FAM168A,1,1
RNF20,FBXL19,1,1
RNF20,MAPKAPK3,1,1
RNF20,NXPE3,1,1
RNF20,PCNX1,1,1
RNF20,RSF1,1,1
RNF20,SMAD1,1,1
RNF20,SYNJ2BP,1,1
RNF20,TLR4,1,1
RNF20,TMOD3,1,1
RNF20,VHL,1,1
RNF20,VWA8,1,1
RNF20,ZNF41,1,1
ELF2,ACER3,1,1
ELF2,ASPHD1,1,1
ELF2,ATMIN,1,1
ELF2,C9ORF78,1,1
ELF2,CRBN,1,1
ELF2,DPP8,1,1
ELF2,GNAZ,1,1
ELF2,GNPAT,1,1
ELF2,H1F0,1,1
ELF2,HSCB,1,1
ELF2,KIAA1143,1,1
ELF2,PCGF1,1,1
ELF2,PTRF,1,1
ELF2,RAB1B,1,1
ELF2,TIAM2,1,1
ELF2,TMED4,1,1
ELF2,USP25,1,1
ARID4B,LPAR1,1,1
RNF220,ALG5,1,1
RNF220,ANKRD13C,1,1
RNF220,ARHGAP10,1,1
RNF220,ASXL1,1,1
RNF220,C11ORF84,1,1
RNF220,C2CD3,1,1
RNF220,CACUL1,1,1
RNF220,CCDC12,1,1
RNF220,CLTB,1,1
RNF220,COMMD7,1,1
RNF220,COPS4,1,1
RNF220,CUL2,1,1
RNF220,CUL4A,1,1
RNF220,CUTC,1,1
RNF220,DCTD,1,1
RNF220,DDX50,1,1
RNF220,EHMT2,1,1
RNF220,ERBIN,1,1
RNF220,EXOG,1,1
RNF220,FAM204A,1,1
RNF220,FAM32A,1,1
RNF220,FLNA,1,1
RNF220,FOXF2,1,1
RNF220,GGA1,1,1
RNF220,GPRIN1,1,1
RNF220,HMGN5,1,1
RNF220,HNRNPUL2,1,1
RNF220,HPF1,1,1
RNF220,HPS6,1,1
RNF220,ING1,1,1
RNF220,ITPRIPL1,1,1
RNF220,LARP4B,1,1
RNF220,LCMT2,1,1
RNF220,LYRM4,1,1
RNF220,MCM3AP,1,1
RNF220,MED22,1,1
RNF220,MED4,1,1
RNF220,MOB2,1,1
RNF220,MRPL16,1,1
RNF220,MSANTD3,1,1
RNF220,NOP9,1,1
RNF220,NUMA1,1,1
RNF220,OTUB1,1,1
RNF220,PCNX4,1,1
RNF220,POLR3A,1,1
RNF220,PPP4R1,1,1
RNF220,PRDM11,1,1
RNF220,PROSER1,1,1
RNF220,PRRC2A,1,1
RNF220,PTBP2,1,1
RNF220,PTPMT1,1,1
RNF220,RABIF,1,1
RNF220,RAF1,1,1
RNF220,RALA,1,1
RNF220,RBM17,1,1
RNF220,RCE1,1,1
RNF220,RP11-2C24.9,1,1
RNF220,SAR1A,1,1
RNF220,SDCCAG8,1,1
RNF220,SLC38A6,1,1
RNF220,SS18L2,1,1
RNF220,SSNA1,1,1
RNF220,SUMO3,1,1
RNF220,TERF2,1,1
RNF220,TGIF2,1,1
RNF220,TRAF3IP2,1,1
RNF220,TRIM7,1,1
RNF220,UBE2D3,1,1
RNF220,USP38,1,1
RNF220,WBP4,1,1
RNF220,WWC2,1,1
RNF220,YME1L1,1,1
RNF220,ZNF33A,1,1
RNF220,ZNF35,1,1
SDHAF3,AIFM1,1,1
SDHAF3,AP1S2,1,1
SDHAF3,BACE2,1,1
SDHAF3,DEAF1,1,1
SDHAF3,EHMT2,1,1
SDHAF3,FADS3,1,1
SDHAF3,FAH,1,1
SDHAF3,FAM20B,1,1
SDHAF3,FAM89B,1,1
SDHAF3,HEXB,1,1
SDHAF3,NOMO2,1,1
SDHAF3,PRDM11,1,1
SDHAF3,PRRC2A,1,1
SDHAF3,RNF121,1,1
SDHAF3,TMEM19,1,1
SDHAF3,TRAF3IP2,1,1
SDHAF3,TRIM46,1,1
SDHAF3,TRIM8,1,1
SDHAF3,ZBTB12,1,1
SDHAF3,ZFP41,1,1
SDHAF3,ZNF581,1,1
SDHAF3,ZSCAN9,1,1
SGPL1,ABCB4,1,1
SGPL1,ALDOA,1,1
SGPL1,ARL 10.00,1,1
SGPL1,ASPHD1,1,1
SGPL1,BMP7,1,1
SGPL1,BRK1,1,1
SGPL1,CAPNS1,1,1
SGPL1,CD320,1,1
SGPL1,CDK2AP2,1,1
SGPL1,CFDP1,1,1
SGPL1,DDR1,1,1
SGPL1,DKK 3.00,1,1
SGPL1,EPS8L2,1,1
SGPL1,FH,1,1
SGPL1,GAREM2,1,1
SGPL1,GNAI2,1,1
SGPL1,JUND,1,1
SGPL1,MALSU1,1,1
SGPL1,MRPS15,1,1
SGPL1,OTUD5,1,1
SGPL1,PBX2,1,1
SGPL1,PITPNM1,1,1
SGPL1,PPP1R26,1,1
SGPL1,QRSL1,1,1
SGPL1,RXRG,1,1
SGPL1,SDK1,1,1
SGPL1,SETX,1,1
SGPL1,SPTBN2,1,1
SGPL1,TADA3,1,1
SGPL1,TERF2IP,1,1
SGPL1,TMEM44,1,1
SGPL1,TSKU,1,1
SGPL1,USP45,1,1
SGPL1,ZKSCAN7,1,1
SGPL1,ZKSCAN8,1,1
SGPL1,ZNF32,1,1
UBE2D3,ADAMTSL5,1,1
UBE2D3,ALG5,1,1
UBE2D3,ANKRD13C,1,1
UBE2D3,BLOC1S2,1,1
UBE2D3,C11ORF84,1,1
UBE2D3,CACUL1,1,1
UBE2D3,CCDC22,1,1
UBE2D3,CHD1L,1,1
UBE2D3,COMMD10,1,1
UBE2D3,COMMD7,1,1
UBE2D3,CUL2,1,1
UBE2D3,CUL4A,1,1
UBE2D3,CUTC,1,1
UBE2D3,DCTD,1,1
UBE2D3,DHCR24,1,1
UBE2D3,DYNC2LI1,1,1
UBE2D3,EHD1,1,1
UBE2D3,ENDOD1,1,1
UBE2D3,FAM175B,1,1
UBE2D3,FAM204A,1,1
UBE2D3,GPATCH2,1,1
UBE2D3,GPRIN1,1,1
UBE2D3,HIGD1A,1,1
UBE2D3,HMGN5,1,1
UBE2D3,HOXC5,1,1
UBE2D3,HPF1,1,1
UBE2D3,HSPH1,1,1
UBE2D3,IRF2BPL,1,1
UBE2D3,ITPRIP,1,1
UBE2D3,LARP4B,1,1
UBE2D3,LCMT2,1,1
UBE2D3,MAP2K2,1,1
UBE2D3,MCM3AP,1,1
UBE2D3,MED22,1,1
UBE2D3,MED4,1,1
UBE2D3,MOB2,1,1
UBE2D3,MRPL16,1,1
UBE2D3,NDUFA4,1,1
UBE2D3,PCNX4,1,1
UBE2D3,PDZD8,1,1
UBE2D3,PPID,1,1
UBE2D3,PREPL,1,1
UBE2D3,PRICKLE3,1,1
UBE2D3,PROSER1,1,1
UBE2D3,PRRC2A,1,1
UBE2D3,PTBP2,1,1
UBE2D3,RALA,1,1
UBE2D3,RB1,1,1
UBE2D3,RBM17,1,1
UBE2D3,RCE1,1,1
UBE2D3,RNF14,1,1
UBE2D3,SAR1A,1,1
UBE2D3,SLC16A7,1,1
UBE2D3,SLC38A6,1,1
UBE2D3,SLC47A1,1,1
UBE2D3,SS18L2,1,1
UBE2D3,SUMO3,1,1
UBE2D3,TBC1D10A,1,1
UBE2D3,TRIM7,1,1
UBE2D3,USP38,1,1
UBE2D3,WBP4,1,1
UBE2D3,WDR6,1,1
UBE2D3,YME1L1,1,1
UBE2D3,ZNF35,1,1
BLVRA,ACVR1C,1,1
BLVRA,AHCYL1,1,1
BLVRA,APOL2,1,1
BLVRA,CHCHD10,1,1
BLVRA,CHMP7,1,1
BLVRA,CHST3,1,1
BLVRA,FAH,1,1
BLVRA,GNAS,1,1
BLVRA,HIBADH,1,1
BLVRA,IGSF8,1,1
BLVRA,KLHDC4,1,1
BLVRA,KLHL7,1,1
BLVRA,KRIT1,1,1
BLVRA,LINC00998,1,1
BLVRA,MARK2,1,1
BLVRA,MCCC1,1,1
BLVRA,MEN1,1,1
BLVRA,NFU1,1,1
BLVRA,PEX7,1,1
BLVRA,PPP4R1,1,1
BLVRA,PRRC2A,1,1
BLVRA,SELO,1,1
BLVRA,SGK1,1,1
BLVRA,SLC25A11,1,1
BLVRA,TOMM7,1,1
KLHL12,ALDH3B1,1,1
KLHL12,APBB2,1,1
KLHL12,BRAT1,1,1
KLHL12,CRHR1-IT1,1,1
KLHL12,HSD17B8,1,1
KLHL12,STAU2,1,1
KLHL12,TMEM44,1,1
S100B,AGO1,1,1
S100B,AMFR,1,1
S100B,ANP32A,1,1
S100B,ANXA2,1,1
S100B,AP4S1,1,1
S100B,APOL2,1,1
S100B,AQR,1,1
S100B,ARHGAP1,1,1
S100B,ASAP3,1,1
S100B,AVEN,1,1
S100B,BHLHB9,1,1
S100B,C14ORF119,1,1
S100B,C3ORF38,1,1
S100B,CBX4,1,1
S100B,CCNY,1,1
S100B,CDR2L,1,1
S100B,CDYL2,1,1
S100B,CFL1,1,1
S100B,CHMP7,1,1
S100B,CHST12,1,1
S100B,CMTM4,1,1
S100B,COG8,1,1
S100B,CPNE2,1,1
S100B,CROT,1,1
S100B,CSGALNACT2,1,1
S100B,CSTF2T,1,1
S100B,DENND4A,1,1
S100B,DIS3,1,1
S100B,DNAJC21,1,1
S100B,DNMBP,1,1
S100B,FBXO46,1,1
S100B,FBXW2,1,1
S100B,FIBP,1,1
S100B,GFOD2,1,1
S100B,GGA1,1,1
S100B,GMPR2,1,1
S100B,GNAS,1,1
S100B,GTPBP8,1,1
S100B,HMGN4,1,1
S100B,INTS5,1,1
S100B,ITGB1,1,1
S100B,ITSN1,1,1
S100B,KREMEN1,1,1
S100B,LAGE3,1,1
S100B,LARP4B,1,1
S100B,MAPKAP1,1,1
S100B,MED20,1,1
S100B,MT1F,1,1
S100B,MTO1,1,1
S100B,MYLIP,1,1
S100B,NCS1,1,1
S100B,NFATC3,1,1
S100B,NOP10,1,1
S100B,NT5C,1,1
S100B,OTUB1,1,1
S100B,PAFAH1B2,1,1
S100B,PARG,1,1
S100B,PDCL,1,1
S100B,PFKM,1,1
S100B,PKN1,1,1
S100B,POLR2G,1,1
S100B,PPP2R3A,1,1
S100B,RABL3,1,1
S100B,RHBDD1,1,1
S100B,RHBDD3,1,1
S100B,RNASEH2B,1,1
S100B,RNF169,1,1
S100B,RPS3,1,1
S100B,RRAGB,1,1
S100B,SAV1,1,1
S100B,SETD7,1,1
S100B,SH3BP5L,1,1
S100B,SIL1,1,1
S100B,SLC39A9,1,1
S100B,SLC9A3R2,1,1
S100B,SNTB2,1,1
S100B,TBC1D10A,1,1
S100B,TFE3,1,1
S100B,TMEM170A,1,1
S100B,TMEM203,1,1
S100B,TMEM60,1,1
S100B,TMOD3,1,1
S100B,TMSB10,1,1
S100B,TOMM7,1,1
S100B,TOR4A,1,1
S100B,TPCN1,1,1
S100B,TRERF1,1,1
S100B,TRIO,1,1
S100B,TSPAN5,1,1
S100B,UBAC1,1,1
S100B,UBR1,1,1
S100B,VPS4A,1,1
S100B,WDR82,1,1
S100B,XPA,1,1
S100B,YY1,1,1
S100B,ZBED6,1,1
S100B,ZNF22,1,1
S100B,ZNF23,1,1
S100B,ZNF510,1,1
S100B,ZNF669,1,1
S100B,ZNHIT1,1,1
ABCB4,APBB2,1,1
ABCB4,ARAP1,1,1
ABCB4,ARL 10.00,1,1
ABCB4,CAPNS1,1,1
ABCB4,CFDP1,1,1
ABCB4,CRHR1-IT1,1,1
ABCB4,DDR1,1,1
ABCB4,GPR173,1,1
ABCB4,IQSEC1,1,1
ABCB4,OTUD5,1,1
ABCB4,PBX2,1,1
ABCB4,PITPNM1,1,1
ABCB4,SDK1,1,1
ABCB4,SETX,1,1
ABCB4,SLC6A9,1,1
ABCB4,TADA3,1,1
ABCB4,TMEM44,1,1
ABCB4,TSTD2,1,1
ABCB4,USP45,1,1
ABCB4,ZKSCAN7,1,1
ABCB4,ZNF32,1,1
ARFIP1,SETX,1,1
FAM20B,ADH5,1,1
FAM20B,AIFM1,1,1
FAM20B,AP1S2,1,1
FAM20B,ARHGEF9,1,1
FAM20B,AVEN,1,1
FAM20B,BACE2,1,1
FAM20B,BBIP1,1,1
FAM20B,C2CD2L,1,1
FAM20B,CCNY,1,1
FAM20B,CDC34,1,1
FAM20B,CDYL2,1,1
FAM20B,COG3,1,1
FAM20B,COMMD7,1,1
FAM20B,CYTH2,1,1
FAM20B,DCTD,1,1
FAM20B,DDX50,1,1
FAM20B,DEAF1,1,1
FAM20B,DHDDS,1,1
FAM20B,EHMT2,1,1
FAM20B,ENDOD1,1,1
FAM20B,FADS3,1,1
FAM20B,FAH,1,1
FAM20B,FAM204A,1,1
FAM20B,FAM32A,1,1
FAM20B,FBXO46,1,1
FAM20B,FLNA,1,1
FAM20B,HEXB,1,1
FAM20B,HOXC11,1,1
FAM20B,IBTK,1,1
FAM20B,ITPRIP,1,1
FAM20B,LARP4B,1,1
FAM20B,MEN1,1,1
FAM20B,MOB2,1,1
FAM20B,MT1F,1,1
FAM20B,MX2,1,1
FAM20B,MYL6,1,1
FAM20B,NDUFB2,1,1
FAM20B,NUMA1,1,1
FAM20B,PFKM,1,1
FAM20B,PIGX,1,1
FAM20B,PLBD2,1,1
FAM20B,POLR3A,1,1
FAM20B,PRDM11,1,1
FAM20B,PRRC2A,1,1
FAM20B,RNF121,1,1
FAM20B,RPL10,1,1
FAM20B,RPL15,1,1
FAM20B,RPL32,1,1
FAM20B,RPL34,1,1
FAM20B,RPL7A,1,1
FAM20B,RPS17,1,1
FAM20B,RPS3,1,1
FAM20B,RPS3A,1,1
FAM20B,RPS9,1,1
FAM20B,SAMD5,1,1
FAM20B,SELK,1,1
FAM20B,SIGMAR1,1,1
FAM20B,SLC47A1,1,1
FAM20B,SMG7,1,1
FAM20B,TANC1,1,1
FAM20B,TFE3,1,1
FAM20B,TGIF2,1,1
FAM20B,TMC6,1,1
FAM20B,TMEM19,1,1
FAM20B,TNIP1,1,1
FAM20B,TOR4A,1,1
FAM20B,TPM2,1,1
FAM20B,TRAF3IP2,1,1
FAM20B,TRIM8,1,1
FAM20B,TRIO,1,1
FAM20B,TSPAN5,1,1
FAM20B,TUBGCP2,1,1
FAM20B,WBP4,1,1
FAM20B,ZBTB12,1,1
FAM20B,ZC4H2,1,1
FAM20B,ZFP41,1,1
FAM20B,ZNF22,1,1
FAM20B,ZSCAN9,1,1
RPL36A,ARHGEF9,1,1
RPL36A,CBX4,1,1
RPL36A,CDYL2,1,1
RPL36A,COG8,1,1
RPL36A,CROT,1,1
RPL36A,DMTN,1,1
RPL36A,DSE,1,1
RPL36A,EHD2,1,1
RPL36A,FBXO46,1,1
RPL36A,FIBP,1,1
RPL36A,GGACT,1,1
RPL36A,GMPR2,1,1
RPL36A,HOXC11,1,1
RPL36A,ITGB1,1,1
RPL36A,ITPRIP,1,1
RPL36A,LDAH,1,1
RPL36A,LRRC20,1,1
RPL36A,LRRC37A,1,1
RPL36A,LZTFL1,1,1
RPL36A,MX2,1,1
RPL36A,MYL6,1,1
RPL36A,NT5C,1,1
RPL36A,PCMTD2,1,1
RPL36A,PPIL3,1,1
RPL36A,PRDX5,1,1
RPL36A,RAB2A,1,1
RPL36A,RAB5C,1,1
RPL36A,RPAIN,1,1
RPL36A,RPL10,1,1
RPL36A,RPL15,1,1
RPL36A,RPL26,1,1
RPL36A,RPL29,1,1
RPL36A,RPL32,1,1
RPL36A,RPL34,1,1
RPL36A,RPL7A,1,1
RPL36A,RPL9,1,1
RPL36A,RPL9P9,1,1
RPL36A,RPS17,1,1
RPL36A,RPS20,1,1
RPL36A,RPS27,1,1
RPL36A,RPS3,1,1
RPL36A,RPS9,1,1
RPL36A,RRAGB,1,1
RPL36A,SELK,1,1
RPL36A,SLC39A9,1,1
RPL36A,TMEM258,1,1
RPL36A,TMEM42,1,1
RPL36A,TMEM50B,1,1
RPL36A,TMSB10,1,1
RPL36A,TP53,1,1
RPL36A,TPM2,1,1
RPL36A,TRERF1,1,1
RPL36A,TRIM8,1,1
RPL36A,TSPAN5,1,1
RPL36A,UBXN1,1,1
RPL36A,VPS51,1,1
RPL36A,ZNF22,1,1
RPL36A,ZNF23,1,1
PSRC1,CHMP7,1,1
PSRC1,PIN1,1,1
ENO2,BBIP1,1,1
ENO2,CASP3,1,1
ENO2,COG3,1,1
ENO2,COQ10A,1,1
ENO2,CYTH2,1,1
ENO2,HSD3B7,1,1
ENO2,MOB2,1,1
ENO2,NBPF15,1,1
ENO2,NOL3,1,1
ENO2,RB1,1,1
ENO2,SFXN3,1,1
ENO2,SH3GLB1,1,1
ENO2,STAP2,1,1
ENO2,TNIP1,1,1
ENO2,TTLL7,1,1
ENO2,TUBGCP2,1,1
ENO2,ZNF623,1,1
CCSER2,ABL1,1,1
CCSER2,ACER3,1,1
CCSER2,ACVR2B,1,1
CCSER2,AREL1,1,1
CCSER2,ARNT2,1,1
CCSER2,BAMBI,1,1
CCSER2,BRD3,1,1
CCSER2,CASP6,1,1
CCSER2,CCDC169,1,1
CCSER2,CDC14B,1,1
CCSER2,COA6,1,1
CCSER2,COMMD5,1,1
CCSER2,CYLD,1,1
CCSER2,DZIP1L,1,1
CCSER2,ELF4,1,1
CCSER2,GAREM2,1,1
CCSER2,HIVEP1,1,1
CCSER2,HNRNPUL2,1,1
CCSER2,ITPRIPL1,1,1
CCSER2,KAT6B,1,1
CCSER2,KIAA1143,1,1
CCSER2,KLF12,1,1
CCSER2,LASP1,1,1
CCSER2,LATS2,1,1
CCSER2,LDOC1L,1,1
CCSER2,LRP11,1,1
CCSER2,MRPL48,1,1
CCSER2,MSANTD3,1,1
CCSER2,NELFB,1,1
CCSER2,NRIP1,1,1
CCSER2,NT5C2,1,1
CCSER2,NUMA1,1,1
CCSER2,PCMT1,1,1
CCSER2,PIGH,1,1
CCSER2,PIK3C3,1,1
CCSER2,PLEKHO1,1,1
CCSER2,PLOD1,1,1
CCSER2,PPIE,1,1
CCSER2,PREP,1,1
CCSER2,PRPF18,1,1
CCSER2,RELA,1,1
CCSER2,REST,1,1
CCSER2,RUSC1,1,1
CCSER2,RXRG,1,1
CCSER2,SDC3,1,1
CCSER2,SETD2,1,1
CCSER2,SHOC2,1,1
CCSER2,SIAH1,1,1
CCSER2,SLMAP,1,1
CCSER2,SPTBN2,1,1
CCSER2,SPTLC2,1,1
CCSER2,SUPT20H,1,1
CCSER2,TCEAL1,1,1
CCSER2,TMEM214,1,1
CCSER2,TNFSF13B,1,1
CCSER2,TTLL5,1,1
CCSER2,UBE2Q2,1,1
CCSER2,USP25,1,1
CCSER2,WASF3,1,1
CCSER2,ZBED3,1,1
CCSER2,ZNF266,1,1
CCSER2,ZNF354C,1,1
TBC1D10A,ADAMTSL5,1,1
TBC1D10A,ALG5,1,1
TBC1D10A,AP4S1,1,1
TBC1D10A,APOL2,1,1
TBC1D10A,ARHGAP1,1,1
TBC1D10A,ASAP3,1,1
TBC1D10A,AVEN,1,1
TBC1D10A,BHLHB9,1,1
TBC1D10A,CBX4,1,1
TBC1D10A,CCNY,1,1
TBC1D10A,CDYL2,1,1
TBC1D10A,CFL1,1,1
TBC1D10A,COMMD5,1,1
TBC1D10A,CSTF2T,1,1
TBC1D10A,DCTD,1,1
TBC1D10A,DDX50,1,1
TBC1D10A,DHDDS,1,1
TBC1D10A,DPH3,1,1
TBC1D10A,EHMT2,1,1
TBC1D10A,FAH,1,1
TBC1D10A,FAM204A,1,1
TBC1D10A,FAM32A,1,1
TBC1D10A,FLNA,1,1
TBC1D10A,HMGN4,1,1
TBC1D10A,HNRNPUL2,1,1
TBC1D10A,HOXC11,1,1
TBC1D10A,HPS6,1,1
TBC1D10A,HSPA2,1,1
TBC1D10A,INPP4A,1,1
TBC1D10A,ITGB1,1,1
TBC1D10A,ITPRIP,1,1
TBC1D10A,KAT6B,1,1
TBC1D10A,LARP4B,1,1
TBC1D10A,LDOC1L,1,1
TBC1D10A,MED20,1,1
TBC1D10A,MED4,1,1
TBC1D10A,MEN1,1,1
TBC1D10A,MRPL16,1,1
TBC1D10A,MT1F,1,1
TBC1D10A,NCS1,1,1
TBC1D10A,NDUFA4,1,1
TBC1D10A,NDUFB2,1,1
TBC1D10A,NOP10,1,1
TBC1D10A,NPRL3,1,1
TBC1D10A,NT5C2,1,1
TBC1D10A,NUMA1,1,1
TBC1D10A,OTUB1,1,1
TBC1D10A,PARG,1,1
TBC1D10A,PDCL,1,1
TBC1D10A,PEX7,1,1
TBC1D10A,PFKM,1,1
TBC1D10A,PIK3C3,1,1
TBC1D10A,PLEKHO1,1,1
TBC1D10A,POLR3A,1,1
TBC1D10A,PPID,1,1
TBC1D10A,PPP1CA,1,1
TBC1D10A,PPP4R1,1,1
TBC1D10A,PRDM11,1,1
TBC1D10A,PRPF18,1,1
TBC1D10A,PRRC2A,1,1
TBC1D10A,RABL3,1,1
TBC1D10A,RALA,1,1
TBC1D10A,RCE1,1,1
TBC1D10A,REST,1,1
TBC1D10A,RHBDD1,1,1
TBC1D10A,RHBDD3,1,1
TBC1D10A,RNF121,1,1
TBC1D10A,SAMD5,1,1
TBC1D10A,SAR1A,1,1
TBC1D10A,SHOC2,1,1
TBC1D10A,SIL1,1,1
TBC1D10A,SLC25A5,1,1
TBC1D10A,SPTLC2,1,1
TBC1D10A,SUMF2,1,1
TBC1D10A,TMC6,1,1
TBC1D10A,TMEM170A,1,1
TBC1D10A,TMEM214,1,1
TBC1D10A,TRAF3IP2,1,1
TBC1D10A,TRIO,1,1
TBC1D10A,USP38,1,1
TBC1D10A,WBP4,1,1
TBC1D10A,WDR82,1,1
TBC1D10A,XPA,1,1
TBC1D10A,YME1L1,1,1
TBC1D10A,ZNF22,1,1
TBC1D10A,ZNHIT1,1,1
DERL2,DHDDS,1,1
DERL2,PCMTD2,1,1
DERL2,POGLUT1,1,1
DERL2,RPL10,1,1
DERL2,TMEM50B,1,1
DERL2,TRIM25,1,1
TIAM2,ADGRG6,1,1
TIAM2,ALDOA,1,1
TIAM2,ANKRD10,1,1
TIAM2,ARAP3,1,1
TIAM2,ARNT2,1,1
TIAM2,ASPHD1,1,1
TIAM2,ATMIN,1,1
TIAM2,ATXN10,1,1
TIAM2,BAP1,1,1
TIAM2,BCAP29,1,1
TIAM2,BMP7,1,1
TIAM2,BRK1,1,1
TIAM2,C9ORF78,1,1
TIAM2,CNTNAP3,1,1
TIAM2,CRBN,1,1
TIAM2,CTHRC1,1,1
TIAM2,EEPD1,1,1
TIAM2,FAM127C,1,1
TIAM2,FZD7,1,1
TIAM2,GATA6,1,1
TIAM2,GNAZ,1,1
TIAM2,GNPAT,1,1
TIAM2,GRB10,1,1
TIAM2,GRK2,1,1
TIAM2,H1F0,1,1
TIAM2,HSCB,1,1
TIAM2,MALSU1,1,1
TIAM2,MARCH8,1,1
TIAM2,MFSD4B,1,1
TIAM2,MRPL40,1,1
TIAM2,MSRA,1,1
TIAM2,NRCAM,1,1
TIAM2,PDIA5,1,1
TIAM2,PGAP1,1,1
TIAM2,PHTF2,1,1
TIAM2,PLOD1,1,1
TIAM2,PON2,1,1
TIAM2,PWWP2B,1,1
TIAM2,RXRG,1,1
TIAM2,SAP30BP,1,1
TIAM2,SLC39A10,1,1
TIAM2,STEAP1B,1,1
TIAM2,TAX1BP1,1,1
TIAM2,TAX1BP3,1,1
TIAM2,TMED4,1,1
TIAM2,TMEM30A,1,1
TIAM2,TRIM13,1,1
TIAM2,TUBG1,1,1
TIAM2,UGP2,1,1
TIAM2,USP25,1,1
TIAM2,ZNF32,1,1
YIF1B,COX7A2,1,1
YIF1B,HINT2,1,1
YIF1B,SLC25A11,1,1
RPS15A,RPS25,1,1
MTERF4,ERF,1,1
AGAP6,GCC2,1,1
B4GALT7,EHMT2,1,1
B4GALT7,NOP9,1,1
B4GALT7,PRRC2A,1,1
B4GALT7,TRAF3IP2,1,1
B4GALT7,TTC19,1,1
B4GALT7,WWC2,1,1
AP3M1,APH1A,1,1
AP3M1,CACUL1,1,1
AP3M1,FAM175B,1,1
AP3M1,HIGD1A,1,1
AP3M1,IRF2BPL,1,1
AP3M1,KLHL2,1,1
AP3M1,MEF2C,1,1
AP3M1,PCBD1,1,1
AP3M1,PDZRN3,1,1
AP3M1,PRICKLE3,1,1
AP3M1,RNF14,1,1
AP3M1,RPS6KL1,1,1
AP3M1,SH3GLB1,1,1
AP3M1,STAG3L2,1,1
AP3M1,TRIM7,1,1
AP3M1,ZNF35,1,1
NAMPT,BRK1,1,1
NAMPT,C11ORF95,1,1
NAMPT,COBL,1,1
NAMPT,DECR2,1,1
NAMPT,HLTF,1,1
NAMPT,PPIE,1,1
NAMPT,RBM4B,1,1
NAMPT,SEC16A,1,1
NAMPT,SETX,1,1
NAMPT,TGDS,1,1
NAMPT,UGP2,1,1
ZNRF2,AHCYL1,1,1
ZNRF2,ARL 1.00,1,1
ZNRF2,DDX41,1,1
ZNRF2,ERMP1,1,1
ZNRF2,IDH1,1,1
ZNRF2,KLHL7,1,1
ZNRF2,MAD1L1,1,1
ZNRF2,NAGPA,1,1
ZNRF2,NAPEPLD,1,1
ZNRF2,NOTCH1,1,1
ZNRF2,PEX1,1,1
ZNRF2,SLC35B2,1,1
ZNRF2,SOX6,1,1
ZNRF2,TLDC1,1,1
ZNRF2,ZNF384,1,1
CHD1L,ANKRD13C,1,1
CHD1L,BLOC1S2,1,1
CHD1L,CACUL1,1,1
CHD1L,CCDC22,1,1
CHD1L,DHCR24,1,1
CHD1L,FAM35A,1,1
CHD1L,HIGD1A,1,1
CHD1L,HOXC5,1,1
CHD1L,IRF2BPL,1,1
CHD1L,MAP2K2,1,1
CHD1L,MED4,1,1
CHD1L,MTPAP,1,1
CHD1L,PDZRN3,1,1
CHD1L,PREPL,1,1
CHD1L,PRICKLE3,1,1
CHD1L,RNF14,1,1
CHD1L,SUMO3,1,1
CHD1L,TRIM7,1,1
CHD1L,ZNF35,1,1
ABCA2,ARRDC1,1,1
ABCA2,C9ORF16,1,1
ABCA2,CES2,1,1
ABCA2,DDAH2,1,1
ABCA2,DENND2A,1,1
ABCA2,DMTN,1,1
ABCA2,DNAJC1,1,1
ABCA2,EHD2,1,1
ABCA2,FAM168A,1,1
ABCA2,HSD17B8,1,1
ABCA2,LTBP3,1,1
ABCA2,MAP4K2,1,1
ABCA2,MYADM,1,1
ABCA2,NPRL2,1,1
ABCA2,NUDT22,1,1
ABCA2,OTUB2,1,1
ABCA2,PARP3,1,1
ABCA2,PRDX5,1,1
ABCA2,PSENEN,1,1
ABCA2,REEP2,1,1
ABCA2,RNF41,1,1
ABCA2,SNX21,1,1
ABCA2,TP53,1,1
ABCA2,VPS51,1,1
ABCA2,ZNF337,1,1
COMMD5,ANXA2,1,1
COMMD5,AREL1,1,1
COMMD5,ARHGAP1,1,1
COMMD5,ASPSCR1,1,1
COMMD5,AVEN,1,1
COMMD5,BAMBI,1,1
COMMD5,BHLHB9,1,1
COMMD5,BRD3,1,1
COMMD5,CASP7,1,1
COMMD5,CCDC169,1,1
COMMD5,CCNY,1,1
COMMD5,CDC14B,1,1
COMMD5,CDC34,1,1
COMMD5,CDYL2,1,1
COMMD5,CHST3,1,1
COMMD5,COA6,1,1
COMMD5,COG3,1,1
COMMD5,COG8,1,1
COMMD5,COPS4,1,1
COMMD5,CSTF2T,1,1
COMMD5,DCP1A,1,1
COMMD5,DCTD,1,1
COMMD5,DDX50,1,1
COMMD5,DPH3,1,1
COMMD5,EHMT2,1,1
COMMD5,ELF4,1,1
COMMD5,FAH,1,1
COMMD5,FAM32A,1,1
COMMD5,FLNA,1,1
COMMD5,GAREM2,1,1
COMMD5,GGA1,1,1
COMMD5,GNAI2,1,1
COMMD5,HNRNPUL2,1,1
COMMD5,HPS6,1,1
COMMD5,IP6K2,1,1
COMMD5,ITPRIPL1,1,1
COMMD5,KAT6B,1,1
COMMD5,KLF12,1,1
COMMD5,LASP1,1,1
COMMD5,LATS2,1,1
COMMD5,LDOC1L,1,1
COMMD5,MED22,1,1
COMMD5,MEN1,1,1
COMMD5,MRPL43,1,1
COMMD5,MRPL48,1,1
COMMD5,MSANTD3,1,1
COMMD5,MYL6,1,1
COMMD5,NELFB,1,1
COMMD5,NOP10,1,1
COMMD5,NOP9,1,1
COMMD5,NT5C2,1,1
COMMD5,NUMA1,1,1
COMMD5,OTUB1,1,1
COMMD5,PARG,1,1
COMMD5,PCMT1,1,1
COMMD5,PIK3C3,1,1
COMMD5,PLEKHO1,1,1
COMMD5,POLR3A,1,1
COMMD5,PPIE,1,1
COMMD5,PPP1CA,1,1
COMMD5,PPP4R1,1,1
COMMD5,PRDM11,1,1
COMMD5,PROSER1,1,1
COMMD5,PRPF18,1,1
COMMD5,PRRC2A,1,1
COMMD5,RABIF,1,1
COMMD5,REST,1,1
COMMD5,RHBDD1,1,1
COMMD5,RNF121,1,1
COMMD5,RUSC1,1,1
COMMD5,SFXN3,1,1
COMMD5,SHOC2,1,1
COMMD5,SIGMAR1,1,1
COMMD5,SIL1,1,1
COMMD5,SLMAP,1,1
COMMD5,SPTLC2,1,1
COMMD5,SUMF2,1,1
COMMD5,SUPT20H,1,1
COMMD5,TERF2,1,1
COMMD5,TMEM214,1,1
COMMD5,TRAF3IP2,1,1
COMMD5,TRIO,1,1
COMMD5,UBE2Q2,1,1
COMMD5,URM1,1,1
COMMD5,USP38,1,1
COMMD5,WASF3,1,1
COMMD5,WBP4,1,1
COMMD5,YME1L1,1,1
COMMD5,ZBTB12,1,1
COMMD5,ZNF33A,1,1
COMMD5,ZNF48,1,1
ARHGAP1,ADH5,1,1
ARHGAP1,ALG5,1,1
ARHGAP1,ANKS6,1,1
ARHGAP1,ANXA2,1,1
ARHGAP1,AP4S1,1,1
ARHGAP1,APOL2,1,1
ARHGAP1,APOLD1,1,1
ARHGAP1,AQR,1,1
ARHGAP1,AREL1,1,1
ARHGAP1,ARHGAP10,1,1
ARHGAP1,ASXL1,1,1
ARHGAP1,AVEN,1,1
ARHGAP1,BCL2L1,1,1
ARHGAP1,BHLHB9,1,1
ARHGAP1,CAMSAP1,1,1
ARHGAP1,CASP7,1,1
ARHGAP1,CBX4,1,1
ARHGAP1,CCDC25,1,1
ARHGAP1,CCNY,1,1
ARHGAP1,CDR2L,1,1
ARHGAP1,CDYL2,1,1
ARHGAP1,CFL1,1,1
ARHGAP1,CHMP7,1,1
ARHGAP1,CHST12,1,1
ARHGAP1,CHST3,1,1
ARHGAP1,CMTM4,1,1
ARHGAP1,COG3,1,1
ARHGAP1,COG8,1,1
ARHGAP1,COMMD7,1,1
ARHGAP1,COPS4,1,1
ARHGAP1,CPNE2,1,1
ARHGAP1,CPSF7,1,1
ARHGAP1,CROT,1,1
ARHGAP1,CSGALNACT2,1,1
ARHGAP1,CSTF2T,1,1
ARHGAP1,CX3CL1,1,1
ARHGAP1,DCP1A,1,1
ARHGAP1,DCTD,1,1
ARHGAP1,DDX50,1,1
ARHGAP1,DENND4A,1,1
ARHGAP1,DFNA5,1,1
ARHGAP1,DIS3,1,1
ARHGAP1,DNAJC21,1,1
ARHGAP1,DNMBP,1,1
ARHGAP1,EHMT2,1,1
ARHGAP1,FAH,1,1
ARHGAP1,FAM204A,1,1
ARHGAP1,FAM32A,1,1
ARHGAP1,FBXO46,1,1
ARHGAP1,FBXW2,1,1
ARHGAP1,FLNA,1,1
ARHGAP1,GFOD2,1,1
ARHGAP1,GGA1,1,1
ARHGAP1,GMPR2,1,1
ARHGAP1,HMGN4,1,1
ARHGAP1,HNRNPUL2,1,1
ARHGAP1,HOXC11,1,1
ARHGAP1,HPS6,1,1
ARHGAP1,IBTK,1,1
ARHGAP1,IGSF8,1,1
ARHGAP1,INTS5,1,1
ARHGAP1,ITGB1,1,1
ARHGAP1,ITPRIP,1,1
ARHGAP1,ITPRIPL1,1,1
ARHGAP1,ITSN1,1,1
ARHGAP1,KAT6B,1,1
ARHGAP1,KBTBD4,1,1
ARHGAP1,KLF12,1,1
ARHGAP1,KRIT1,1,1
ARHGAP1,LARP4B,1,1
ARHGAP1,LDOC1L,1,1
ARHGAP1,LRRC20,1,1
ARHGAP1,MAPKAP1,1,1
ARHGAP1,MED20,1,1
ARHGAP1,MEN1,1,1
ARHGAP1,MRPL16,1,1
ARHGAP1,MRPL18,1,1
ARHGAP1,MT1F,1,1
ARHGAP1,MYL6,1,1
ARHGAP1,MYLIP,1,1
ARHGAP1,NAALAD2,1,1
ARHGAP1,NCS1,1,1
ARHGAP1,NDUFB2,1,1
ARHGAP1,NFATC3,1,1
ARHGAP1,NOP10,1,1
ARHGAP1,NPRL3,1,1
ARHGAP1,NT5C,1,1
ARHGAP1,NUMA1,1,1
ARHGAP1,OTUB1,1,1
ARHGAP1,PARG,1,1
ARHGAP1,PDCL,1,1
ARHGAP1,PFKM,1,1
ARHGAP1,PIGX,1,1
ARHGAP1,PIK3C3,1,1
ARHGAP1,PKN1,1,1
ARHGAP1,PLEKHO1,1,1
ARHGAP1,POLR2G,1,1
ARHGAP1,POLR3A,1,1
ARHGAP1,PPP4R1,1,1
ARHGAP1,PPT1,1,1
ARHGAP1,PRDM11,1,1
ARHGAP1,PRPF18,1,1
ARHGAP1,PRRC2A,1,1
ARHGAP1,RABL3,1,1
ARHGAP1,RAF1,1,1
ARHGAP1,RALA,1,1
ARHGAP1,REST,1,1
ARHGAP1,RHBDD1,1,1
ARHGAP1,RHBDD3,1,1
ARHGAP1,RNASEH2B,1,1
ARHGAP1,RNF166,1,1
ARHGAP1,RNF169,1,1
ARHGAP1,RPS3,1,1
ARHGAP1,RRAGB,1,1
ARHGAP1,SETD7,1,1
ARHGAP1,SH3BP5L,1,1
ARHGAP1,SHOC2,1,1
ARHGAP1,SIGMAR1,1,1
ARHGAP1,SIL1,1,1
ARHGAP1,SLC39A9,1,1
ARHGAP1,SLMAP,1,1
ARHGAP1,SNTB2,1,1
ARHGAP1,SPTLC2,1,1
ARHGAP1,SUMF2,1,1
ARHGAP1,TCEAL1,1,1
ARHGAP1,TERF2,1,1
ARHGAP1,TFE3,1,1
ARHGAP1,TGIF2,1,1
ARHGAP1,TMC6,1,1
ARHGAP1,TMEM170A,1,1
ARHGAP1,TMEM203,1,1
ARHGAP1,TMEM60,1,1
ARHGAP1,TMOD3,1,1
ARHGAP1,TNFAIP1,1,1
ARHGAP1,TOR4A,1,1
ARHGAP1,TPCN1,1,1
ARHGAP1,TRAF3IP2,1,1
ARHGAP1,TRERF1,1,1
ARHGAP1,TRIM8,1,1
ARHGAP1,TRIO,1,1
ARHGAP1,TSPAN5,1,1
ARHGAP1,TXNDC11,1,1
ARHGAP1,UBAC1,1,1
ARHGAP1,UBR1,1,1
ARHGAP1,UBXN1,1,1
ARHGAP1,USP38,1,1
ARHGAP1,VPS4A,1,1
ARHGAP1,WBP4,1,1
ARHGAP1,WDR82,1,1
ARHGAP1,XPA,1,1
ARHGAP1,YME1L1,1,1
ARHGAP1,YY1,1,1
ARHGAP1,ZBED6,1,1
ARHGAP1,ZC4H2,1,1
ARHGAP1,ZNF22,1,1
ARHGAP1,ZNF23,1,1
ARHGAP1,ZNF48,1,1
ARHGAP1,ZNF510,1,1
ARHGAP1,ZNF532,1,1
ARHGAP1,ZSCAN9,1,1
RPL34,AP1S2,1,1
RPL34,ARHGEF9,1,1
RPL34,BACE2,1,1
RPL34,CEP350,1,1
RPL34,DEAF1,1,1
RPL34,DSE,1,1
RPL34,ENDOD1,1,1
RPL34,HEXB,1,1
RPL34,HOXC11,1,1
RPL34,ITPRIP,1,1
RPL34,LRRC37A,1,1
RPL34,MRPS31,1,1
RPL34,MX2,1,1
RPL34,RAB5C,1,1
RPL34,RNF121,1,1
RPL34,RPAIN,1,1
RPL34,RPL10,1,1
RPL34,RPL15,1,1
RPL34,RPL26,1,1
RPL34,RPL29,1,1
RPL34,RPL32,1,1
RPL34,RPL7A,1,1
RPL34,RPS17,1,1
RPL34,RPS27,1,1
RPL34,RPS3,1,1
RPL34,RPS3A,1,1
RPL34,RPS9,1,1
RPL34,SELK,1,1
RPL34,SMG7,1,1
RPL34,TANC1,1,1
RPL34,TMEM258,1,1
RPL34,TMEM50B,1,1
RPL34,TPM2,1,1
RPL34,ZSCAN9,1,1
SIGMAR1,ABL1,1,1
SIGMAR1,ANKS6,1,1
SIGMAR1,ANXA2,1,1
SIGMAR1,AP1S2,1,1
SIGMAR1,APOL2,1,1
SIGMAR1,APOLD1,1,1
SIGMAR1,AREL1,1,1
SIGMAR1,ASXL1,1,1
SIGMAR1,AVEN,1,1
SIGMAR1,BACE2,1,1
SIGMAR1,BAD,1,1
SIGMAR1,BCL2L1,1,1
SIGMAR1,BHLHB9,1,1
SIGMAR1,BRD3,1,1
SIGMAR1,C1GALT1C1,1,1
SIGMAR1,CAMSAP1,1,1
SIGMAR1,CASP7,1,1
SIGMAR1,CCDC169,1,1
SIGMAR1,CCNY,1,1
SIGMAR1,CDR2L,1,1
SIGMAR1,CDYL2,1,1
SIGMAR1,CHMP7,1,1
SIGMAR1,CMTM4,1,1
SIGMAR1,COG3,1,1
SIGMAR1,COG8,1,1
SIGMAR1,CPNE2,1,1
SIGMAR1,CROT,1,1
SIGMAR1,CSPG4,1,1
SIGMAR1,CX3CL1,1,1
SIGMAR1,DAPK3,1,1
SIGMAR1,DCP1A,1,1
SIGMAR1,DDX50,1,1
SIGMAR1,DEAF1,1,1
SIGMAR1,DENND4A,1,1
SIGMAR1,DLG5,1,1
SIGMAR1,DNMBP,1,1
SIGMAR1,DPH7,1,1
SIGMAR1,DTNA,1,1
SIGMAR1,EHMT2,1,1
SIGMAR1,EXOC3,1,1
SIGMAR1,FAH,1,1
SIGMAR1,FAM131A,1,1
SIGMAR1,FAM204A,1,1
SIGMAR1,FAM32A,1,1
SIGMAR1,FBXO46,1,1
SIGMAR1,FBXW2,1,1
SIGMAR1,FLNA,1,1
SIGMAR1,GAREM2,1,1
SIGMAR1,GFOD2,1,1
SIGMAR1,GMPR2,1,1
SIGMAR1,HEATR6,1,1
SIGMAR1,HEXB,1,1
SIGMAR1,HMGN4,1,1
SIGMAR1,HNRNPUL2,1,1
SIGMAR1,HOXC11,1,1
SIGMAR1,HPS6,1,1
SIGMAR1,HSD3B7,1,1
SIGMAR1,IBTK,1,1
SIGMAR1,IGSF8,1,1
SIGMAR1,INTS4,1,1
SIGMAR1,IP6K2,1,1
SIGMAR1,ITGB1,1,1
SIGMAR1,ITPRIP,1,1
SIGMAR1,ITSN1,1,1
SIGMAR1,KAT6B,1,1
SIGMAR1,KBTBD4,1,1
SIGMAR1,KRIT1,1,1
SIGMAR1,LARP4B,1,1
SIGMAR1,LRRC20,1,1
SIGMAR1,LZTFL1,1,1
SIGMAR1,MAPKAP1,1,1
SIGMAR1,MED20,1,1
SIGMAR1,MEN1,1,1
SIGMAR1,MRPL18,1,1
SIGMAR1,MT1F,1,1
SIGMAR1,MYL6,1,1
SIGMAR1,NAALAD2,1,1
SIGMAR1,NCS1,1,1
SIGMAR1,NDUFB2,1,1
SIGMAR1,NOP10,1,1
SIGMAR1,NPRL3,1,1
SIGMAR1,NRIP1,1,1
SIGMAR1,NT5C,1,1
SIGMAR1,NUMA1,1,1
SIGMAR1,OTUB1,1,1
SIGMAR1,PAK1,1,1
SIGMAR1,PARG,1,1
SIGMAR1,PCMT1,1,1
SIGMAR1,PDCL,1,1
SIGMAR1,PFKM,1,1
SIGMAR1,PIGX,1,1
SIGMAR1,PIK3C3,1,1
SIGMAR1,PKN1,1,1
SIGMAR1,POLR2G,1,1
SIGMAR1,POLR3A,1,1
SIGMAR1,PPP4R1,1,1
SIGMAR1,PPT1,1,1
SIGMAR1,PRDM11,1,1
SIGMAR1,PRPF18,1,1
SIGMAR1,PRRC2A,1,1
SIGMAR1,REST,1,1
SIGMAR1,RGS14,1,1
SIGMAR1,RHBDD1,1,1
SIGMAR1,RHBDD3,1,1
SIGMAR1,RNF121,1,1
SIGMAR1,RNF166,1,1
SIGMAR1,RNF169,1,1
SIGMAR1,RP11-2C24.9,1,1
SIGMAR1,RPS3,1,1
SIGMAR1,RRAGB,1,1
SIGMAR1,SELK,1,1
SIGMAR1,SETD7,1,1
SIGMAR1,SH3BP5L,1,1
SIGMAR1,SHOC2,1,1
SIGMAR1,SIAH1,1,1
SIGMAR1,SIL1,1,1
SIGMAR1,SUPT20H,1,1
SIGMAR1,TCEAL1,1,1
SIGMAR1,TERF2,1,1
SIGMAR1,TFE3,1,1
SIGMAR1,TGIF2,1,1
SIGMAR1,TMC6,1,1
SIGMAR1,TMEM19,1,1
SIGMAR1,TMEM203,1,1
SIGMAR1,TMEM60,1,1
SIGMAR1,TNFAIP1,1,1
SIGMAR1,TNIP1,1,1
SIGMAR1,TOR4A,1,1
SIGMAR1,TPCN1,1,1
SIGMAR1,TRAF3IP2,1,1
SIGMAR1,TRIM8,1,1
SIGMAR1,TRIO,1,1
SIGMAR1,TRNAU1AP,1,1
SIGMAR1,TSPAN5,1,1
SIGMAR1,UBAC1,1,1
SIGMAR1,UBXN1,1,1
SIGMAR1,USF1,1,1
SIGMAR1,VPS4A,1,1
SIGMAR1,WBP4,1,1
SIGMAR1,YME1L1,1,1
SIGMAR1,ZBED6,1,1
SIGMAR1,ZBTB12,1,1
SIGMAR1,ZC4H2,1,1
SIGMAR1,ZFP41,1,1
SIGMAR1,ZMYM6,1,1
SIGMAR1,ZNF22,1,1
SIGMAR1,ZNF23,1,1
SIGMAR1,ZNF48,1,1
SIGMAR1,ZNF510,1,1
SIGMAR1,ZNF532,1,1
SIGMAR1,ZNF623,1,1
SIGMAR1,ZNF740,1,1
SIGMAR1,ZSCAN9,1,1
MPZ,ADGRG6,1,1
MPZ,MFSD4B,1,1
PFKM,ADAMTSL5,1,1
PFKM,ADH5,1,1
PFKM,ALG5,1,1
PFKM,ANXA2,1,1
PFKM,AP4S1,1,1
PFKM,APOL2,1,1
PFKM,ASAP3,1,1
PFKM,AVEN,1,1
PFKM,BCL2L1,1,1
PFKM,BHLHB9,1,1
PFKM,BLOC1S2,1,1
PFKM,CASP3,1,1
PFKM,CBX4,1,1
PFKM,CCNY,1,1
PFKM,CDYL2,1,1
PFKM,CFL1,1,1
PFKM,CMTM4,1,1
PFKM,COG3,1,1
PFKM,COMMD7,1,1
PFKM,CSGALNACT2,1,1
PFKM,CSTF2T,1,1
PFKM,CYTH2,1,1
PFKM,DCTD,1,1
PFKM,DDX50,1,1
PFKM,DEAF1,1,1
PFKM,DENND4A,1,1
PFKM,DFNA5,1,1
PFKM,DHDDS,1,1
PFKM,DNAJC21,1,1
PFKM,DNMBP,1,1
PFKM,DPH3,1,1
PFKM,FAH,1,1
PFKM,FAM204A,1,1
PFKM,FBXO46,1,1
PFKM,FBXW2,1,1
PFKM,FLNA,1,1
PFKM,GFOD2,1,1
PFKM,GGA1,1,1
PFKM,HMGN4,1,1
PFKM,INTS5,1,1
PFKM,ITGB1,1,1
PFKM,ITPRIP,1,1
PFKM,KAT6B,1,1
PFKM,LARP4B,1,1
PFKM,LCMT2,1,1
PFKM,MAPKAP1,1,1
PFKM,MED20,1,1
PFKM,MEN1,1,1
PFKM,MOB2,1,1
PFKM,MRPL16,1,1
PFKM,MT1F,1,1
PFKM,NCS1,1,1
PFKM,NDUFA4,1,1
PFKM,NDUFB2,1,1
PFKM,NOP10,1,1
PFKM,NPRL3,1,1
PFKM,NUMA1,1,1
PFKM,OTUB1,1,1
PFKM,PARG,1,1
PFKM,PDCL,1,1
PFKM,PDZD8,1,1
PFKM,PIGX,1,1
PFKM,PIK3C3,1,1
PFKM,PLBD2,1,1
PFKM,POLR2G,1,1
PFKM,POLR3A,1,1
PFKM,PPP4R1,1,1
PFKM,PRDM11,1,1
PFKM,PRRC2A,1,1
PFKM,RAB11A,1,1
PFKM,RABL3,1,1
PFKM,RALA,1,1
PFKM,RCE1,1,1
PFKM,REST,1,1
PFKM,RHBDD1,1,1
PFKM,RHBDD3,1,1
PFKM,RNASEH2B,1,1
PFKM,RNF169,1,1
PFKM,RPL32,1,1
PFKM,RPS17,1,1
PFKM,RPS3,1,1
PFKM,RRAGB,1,1
PFKM,SETD7,1,1
PFKM,SH3BP5L,1,1
PFKM,SH3GLB1,1,1
PFKM,SIL1,1,1
PFKM,SUMF2,1,1
PFKM,TERF2,1,1
PFKM,TGIF2,1,1
PFKM,TMC6,1,1
PFKM,TMEM170A,1,1
PFKM,TNIP1,1,1
PFKM,TOR4A,1,1
PFKM,TRAF3IP2,1,1
PFKM,TRERF1,1,1
PFKM,TRIM8,1,1
PFKM,TRIO,1,1
PFKM,TSPAN5,1,1
PFKM,TUBGCP2,1,1
PFKM,UBAC1,1,1
PFKM,UBP1,1,1
PFKM,WBP4,1,1
PFKM,XPA,1,1
PFKM,YME1L1,1,1
PFKM,ZBED6,1,1
PFKM,ZC4H2,1,1
PFKM,ZNF22,1,1
PFKM,ZNF35,1,1
PFKM,ZNHIT1,1,1
PFKM,ZSCAN9,1,1
CTCF,ALG5,1,1
CTCF,AP1G1,1,1
CTCF,AQR,1,1
CTCF,ARHGAP10,1,1
CTCF,BICD2,1,1
CTCF,CAMSAP1,1,1
CTCF,COMMD3-BMI1,1,1
CTCF,CPSF7,1,1
CTCF,CUL2,1,1
CTCF,EXOG,1,1
CTCF,GGA1,1,1
CTCF,H6PD,1,1
CTCF,MSANTD3,1,1
CTCF,NFATC3,1,1
CTCF,NOP10,1,1
CTCF,NOP9,1,1
CTCF,PPP4R1,1,1
CTCF,PROSER1,1,1
CTCF,RAF1,1,1
CTCF,RBM17,1,1
CTCF,SETD2,1,1
CTCF,SETD7,1,1
CTCF,SIL1,1,1
CTCF,SNIP1,1,1
CTCF,SUMF2,1,1
CTCF,THOC1,1,1
CTCF,UTP3,1,1
CTCF,WDR20,1,1
CTCF,WDR82,1,1
CTCF,YY1,1,1
RELA,ABCB8,1,1
RELA,ABL1,1,1
RELA,AREL1,1,1
RELA,ATP13A2,1,1
RELA,BAD,1,1
RELA,BAMBI,1,1
RELA,BCL9L,1,1
RELA,BRD3,1,1
RELA,BTBD7,1,1
RELA,CCDC25,1,1
RELA,CD200,1,1
RELA,CH17-258A22.4,1,1
RELA,CHCHD10,1,1
RELA,CHMP7,1,1
RELA,CHST3,1,1
RELA,CIZ1,1,1
RELA,COA6,1,1
RELA,COG8,1,1
RELA,CYLD,1,1
RELA,DAPK3,1,1
RELA,DCP1A,1,1
RELA,DECR2,1,1
RELA,DLG5,1,1
RELA,DNPEP,1,1
RELA,DTNA,1,1
RELA,EHMT1,1,1
RELA,FAM131A,1,1
RELA,FBXL14,1,1
RELA,FBXL19,1,1
RELA,GAREM2,1,1
RELA,GGCX,1,1
RELA,HLTF,1,1
RELA,IP6K2,1,1
RELA,ITSN1,1,1
RELA,KLC1,1,1
RELA,KLHDC4,1,1
RELA,KLHL7,1,1
RELA,LAMTOR1,1,1
RELA,LINC00094,1,1
RELA,LITAF,1,1
RELA,LXN,1,1
RELA,MAD1L1,1,1
RELA,MAPKAPK3,1,1
RELA,MARK2,1,1
RELA,MED19,1,1
RELA,MRPL48,1,1
RELA,MRPS15,1,1
RELA,NFU1,1,1
RELA,NOP10,1,1
RELA,NPHP4,1,1
RELA,NSMF,1,1
RELA,NXPE3,1,1
RELA,PAK1,1,1
RELA,PON2,1,1
RELA,PPIE,1,1
RELA,PPP1R26,1,1
RELA,PPT1,1,1
RELA,RAB1A,1,1
RELA,RBM4B,1,1
RELA,RUSC1,1,1
RELA,SCMH1,1,1
RELA,SDC3,1,1
RELA,SETD2,1,1
RELA,SETD5,1,1
RELA,SIAH1,1,1
RELA,SND1,1,1
RELA,SPTBN2,1,1
RELA,SUPT20H,1,1
RELA,TERF2IP,1,1
RELA,TET2,1,1
RELA,TMEM214,1,1
RELA,TMOD3,1,1
RELA,TNFAIP1,1,1
RELA,TNFSF13B,1,1
RELA,TPCN1,1,1
RELA,TRIM35,1,1
RELA,TRIP4,1,1
RELA,TUBGCP4,1,1
RELA,UBXN1,1,1
RELA,VPS4A,1,1
RELA,VWA8,1,1
RELA,ZFP41,1,1
RELA,ZNF48,1,1
RELA,ZNF510,1,1
RELA,ZNF592,1,1
RELA,ZNF740,1,1
RELA,ZNF772,1,1
PHLPP2,CUL2,1,1
PHLPP2,FAM35A,1,1
PHLPP2,NME3,1,1
PHLPP2,SIRT1,1,1
PHLPP2,SMC3,1,1
PHLPP2,SNIP1,1,1
PHLPP2,ZNF37A,1,1
COMMD3-BMI1,BTBD7,1,1
COMMD3-BMI1,CAMSAP1,1,1
COMMD3-BMI1,CIZ1,1,1
COMMD3-BMI1,MSANTD3,1,1
COMMD3-BMI1,RAF1,1,1
COMMD3-BMI1,REV1,1,1
COMMD3-BMI1,RUSC1,1,1
COMMD3-BMI1,SETD2,1,1
COMMD3-BMI1,SIL1,1,1
COMMD3-BMI1,SLMAP,1,1
COMMD3-BMI1,WDR82,1,1
ING1,C11ORF84,1,1
ING1,C2CD3,1,1
ING1,CCDC12,1,1
ING1,CLTB,1,1
ING1,LYRM4,1,1
ING1,MAP2K7,1,1
ING1,MCM3AP,1,1
ING1,NOP9,1,1
ING1,PROSER1,1,1
ING1,WWC2,1,1
TMEM106B,BCAP29,1,1
TMEM106B,CLTB,1,1
TMEM106B,CNTN1,1,1
TMEM106B,ELF4,1,1
TMEM106B,FAM127C,1,1
TMEM106B,FOXF2,1,1
TMEM106B,IFRD1,1,1
TMEM106B,INPP5E,1,1
TMEM106B,NECAB3,1,1
TMEM106B,NELFB,1,1
TMEM106B,PGAP1,1,1
TMEM106B,PPIE,1,1
TMEM106B,RAB1A,1,1
TMEM106B,RABIF,1,1
TMEM106B,SAP30BP,1,1
TMEM106B,SSNA1,1,1
TMEM106B,TAF11,1,1
TMEM106B,TAX1BP1,1,1
TMEM106B,TMED4,1,1
TMEM106B,TMEM30A,1,1
TMEM106B,TNFSF13B,1,1
TMEM106B,TNIK,1,1
TMEM106B,UGP2,1,1
TMEM106B,VPS37C,1,1
TMEM106B,WASF3,1,1
NET1,FAM35A,1,1
NET1,PRPF4B,1,1
NET1,SMC3,1,1
NET1,USP13,1,1
MYLIP,ABCB8,1,1
MYLIP,AGO1,1,1
MYLIP,AMFR,1,1
MYLIP,ANKS6,1,1
MYLIP,ANXA2,1,1
MYLIP,AP4S1,1,1
MYLIP,APOL2,1,1
MYLIP,AQR,1,1
MYLIP,AREL1,1,1
MYLIP,AVEN,1,1
MYLIP,BAD,1,1
MYLIP,BHLHB9,1,1
MYLIP,C14ORF119,1,1
MYLIP,C1GALT1C1,1,1
MYLIP,CBX4,1,1
MYLIP,CCDC25,1,1
MYLIP,CCNY,1,1
MYLIP,CDR2L,1,1
MYLIP,CDYL2,1,1
MYLIP,CH17-258A22.4,1,1
MYLIP,CHST12,1,1
MYLIP,CHST3,1,1
MYLIP,COG8,1,1
MYLIP,CPNE2,1,1
MYLIP,CROT,1,1
MYLIP,CSTF2T,1,1
MYLIP,DAAM2,1,1
MYLIP,DENND4A,1,1
MYLIP,DIS3,1,1
MYLIP,DNAJC21,1,1
MYLIP,DNAJC24,1,1
MYLIP,DNMBP,1,1
MYLIP,DPH7,1,1
MYLIP,DTNA,1,1
MYLIP,EXOC3,1,1
MYLIP,FAM131A,1,1
MYLIP,FBXW2,1,1
MYLIP,FIBP,1,1
MYLIP,GFOD2,1,1
MYLIP,GGCX,1,1
MYLIP,GMPR2,1,1
MYLIP,GNAS,1,1
MYLIP,HMGN4,1,1
MYLIP,HOXC11,1,1
MYLIP,HPS6,1,1
MYLIP,IBTK,1,1
MYLIP,IFNGR2,1,1
MYLIP,INTS5,1,1
MYLIP,IP6K2,1,1
MYLIP,ITGB1,1,1
MYLIP,ITSN1,1,1
MYLIP,KLHL7,1,1
MYLIP,KRIT1,1,1
MYLIP,LAMTOR1,1,1
MYLIP,LRRC20,1,1
MYLIP,MAPKAP1,1,1
MYLIP,MAPKAPK3,1,1
MYLIP,MED19,1,1
MYLIP,MED20,1,1
MYLIP,MT1F,1,1
MYLIP,MYL6,1,1
MYLIP,NCS1,1,1
MYLIP,NFATC3,1,1
MYLIP,NOP10,1,1
MYLIP,NPHP4,1,1
MYLIP,NT5C,1,1
MYLIP,NUDT11,1,1
MYLIP,NUMA1,1,1
MYLIP,OTUB1,1,1
MYLIP,PARG,1,1
MYLIP,PDE3B,1,1
MYLIP,PKN1,1,1
MYLIP,POLR2G,1,1
MYLIP,PPT1,1,1
MYLIP,PRDM11,1,1
MYLIP,RAB2A,1,1
MYLIP,RAI1,1,1
MYLIP,RHBDD1,1,1
MYLIP,RHBDD3,1,1
MYLIP,RNASEH2B,1,1
MYLIP,RNF166,1,1
MYLIP,RNF169,1,1
MYLIP,RPL9P9,1,1
MYLIP,RPS20,1,1
MYLIP,RPS3,1,1
MYLIP,RRAGB,1,1
MYLIP,SARNP,1,1
MYLIP,SH3BP5L,1,1
MYLIP,SLC39A9,1,1
MYLIP,SLC9A3R2,1,1
MYLIP,SND1,1,1
MYLIP,SNTB2,1,1
MYLIP,SOX6,1,1
MYLIP,TCEAL1,1,1
MYLIP,TFE3,1,1
MYLIP,THEM4,1,1
MYLIP,TMEM203,1,1
MYLIP,TMEM60,1,1
MYLIP,TMOD3,1,1
MYLIP,TMSB10,1,1
MYLIP,TOR4A,1,1
MYLIP,TPCN1,1,1
MYLIP,TRAF7,1,1
MYLIP,TRERF1,1,1
MYLIP,TRNAU1AP,1,1
MYLIP,TSPAN5,1,1
MYLIP,TXNDC11,1,1
MYLIP,UBAC1,1,1
MYLIP,UBR1,1,1
MYLIP,UBXN1,1,1
MYLIP,VPS4A,1,1
MYLIP,VPS51,1,1
MYLIP,ZBED6,1,1
MYLIP,ZNF22,1,1
MYLIP,ZNF23,1,1
MYLIP,ZNF48,1,1
MYLIP,ZNF510,1,1
MYLIP,ZNF532,1,1
MYLIP,ZNF669,1,1
MYLIP,ZNF772,1,1
CCDC25,ABCB8,1,1
CCDC25,ABL1,1,1
CCDC25,ACVR2B,1,1
CCDC25,AKIRIN1,1,1
CCDC25,AMFR,1,1
CCDC25,APOL2,1,1
CCDC25,AREL1,1,1
CCDC25,ARNT2,1,1
CCDC25,ATP13A2,1,1
CCDC25,ATPAF1,1,1
CCDC25,AVEN,1,1
CCDC25,BAD,1,1
CCDC25,BAMBI,1,1
CCDC25,BFAR,1,1
CCDC25,BHLHB9,1,1
CCDC25,BRD3,1,1
CCDC25,C14ORF119,1,1
CCDC25,C1GALT1C1,1,1
CCDC25,CASP6,1,1
CCDC25,CASP7,1,1
CCDC25,CBX4,1,1
CCDC25,CCNY,1,1
CCDC25,CDK2AP2,1,1
CCDC25,CDYL2,1,1
CCDC25,CH17-258A22.4,1,1
CCDC25,CHST12,1,1
CCDC25,CIDEB,1,1
CCDC25,COG8,1,1
CCDC25,CROT,1,1
CCDC25,CYLD,1,1
CCDC25,DAAM2,1,1
CCDC25,DLG5,1,1
CCDC25,DNAJC24,1,1
CCDC25,DNPEP,1,1
CCDC25,DOPEY2,1,1
CCDC25,DTNA,1,1
CCDC25,DZIP1L,1,1
CCDC25,EDF1,1,1
CCDC25,FAH,1,1
CCDC25,FAM131A,1,1
CCDC25,FBXL19,1,1
CCDC25,FIBP,1,1
CCDC25,GAREM2,1,1
CCDC25,GGCX,1,1
CCDC25,GMPR2,1,1
CCDC25,HMGN4,1,1
CCDC25,HNRNPUL2,1,1
CCDC25,HOXC11,1,1
CCDC25,HPS6,1,1
CCDC25,IMPDH1,1,1
CCDC25,IP6K2,1,1
CCDC25,ITGB1,1,1
CCDC25,ITPRIPL1,1,1
CCDC25,ITSN1,1,1
CCDC25,KLF12,1,1
CCDC25,KLHL7,1,1
CCDC25,KRIT1,1,1
CCDC25,LAMTOR1,1,1
CCDC25,LDOC1L,1,1
CCDC25,LITAF,1,1
CCDC25,LRRC20,1,1
CCDC25,MAP4K2,1,1
CCDC25,MAPKAP1,1,1
CCDC25,MAPKAPK3,1,1
CCDC25,MBNL3,1,1
CCDC25,MED19,1,1
CCDC25,MED20,1,1
CCDC25,MRPL48,1,1
CCDC25,MYL6,1,1
CCDC25,NELFB,1,1
CCDC25,NFATC2,1,1
CCDC25,NOP10,1,1
CCDC25,NPHP4,1,1
CCDC25,NSMF,1,1
CCDC25,NT5C,1,1
CCDC25,NUDT11,1,1
CCDC25,NUMA1,1,1
CCDC25,NXPE3,1,1
CCDC25,PARG,1,1
CCDC25,PCMT1,1,1
CCDC25,PDCL,1,1
CCDC25,PDE3B,1,1
CCDC25,PEX3,1,1
CCDC25,PKN1,1,1
CCDC25,PLEKHO1,1,1
CCDC25,POLR2G,1,1
CCDC25,PON2,1,1
CCDC25,PPA2,1,1
CCDC25,PPIL3,1,1
CCDC25,PPT1,1,1
CCDC25,PRPF18,1,1
CCDC25,RAI1,1,1
CCDC25,RHBDD3,1,1
CCDC25,RPL9,1,1
CCDC25,RPL9P9,1,1
CCDC25,RPS20,1,1
CCDC25,RRAGB,1,1
CCDC25,SARNP,1,1
CCDC25,SASH1,1,1
CCDC25,SCMH1,1,1
CCDC25,SDC3,1,1
CCDC25,SH3BP5L,1,1
CCDC25,SIAH1,1,1
CCDC25,SLC39A9,1,1
CCDC25,SND1,1,1
CCDC25,SPTBN2,1,1
CCDC25,SPTLC2,1,1
CCDC25,SUPT20H,1,1
CCDC25,TCEAL1,1,1
CCDC25,THEM4,1,1
CCDC25,TMEM203,1,1
CCDC25,TMEM258,1,1
CCDC25,TMOD3,1,1
CCDC25,TMSB10,1,1
CCDC25,TMSB15B,1,1
CCDC25,TNFAIP1,1,1
CCDC25,TPCN1,1,1
CCDC25,TRAF7,1,1
CCDC25,TRNAU1AP,1,1
CCDC25,TSPAN5,1,1
CCDC25,TTLL5,1,1
CCDC25,TXNDC11,1,1
CCDC25,UBAC1,1,1
CCDC25,UBXN1,1,1
CCDC25,VHL,1,1
CCDC25,VPS4A,1,1
CCDC25,VPS51,1,1
CCDC25,ZBED6,1,1
CCDC25,ZCCHC17,1,1
CCDC25,ZNF22,1,1
CCDC25,ZNF23,1,1
CCDC25,ZNF266,1,1
CCDC25,ZNF354C,1,1
CCDC25,ZNF48,1,1
CCDC25,ZNF510,1,1
CCDC25,ZNF772,1,1
CCDC25,ZNF788,1,1
ANKIB1,HMGCS1,1,1
ANKIB1,NCOA7,1,1
MAP2K2,ADAMTSL5,1,1
MAP2K2,BLOC1S2,1,1
MAP2K2,COMMD10,1,1
MAP2K2,SUMO3,1,1
IDI1,ANKRD10,1,1
IDI1,SLC39A10,1,1
IDI1,TAX1BP1,1,1
IDI1,TRIM13,1,1
TUBA1A,ARL6IP1,1,1
TUBA1A,ZNF337,1,1
TUBA1A,ZSWIM6,1,1
KCNS3,ALDOA,1,1
KCNS3,ARAP3,1,1
KCNS3,ARL 10.00,1,1
KCNS3,BCAP29,1,1
KCNS3,BRK1,1,1
KCNS3,CD320,1,1
KCNS3,CNTN1,1,1
KCNS3,DDR1,1,1
KCNS3,DKK 3.00,1,1
KCNS3,EPS8L2,1,1
KCNS3,FAM127C,1,1
KCNS3,FBXL15,1,1
KCNS3,FDX1,1,1
KCNS3,FH,1,1
KCNS3,GAREM2,1,1
KCNS3,GGCT,1,1
KCNS3,GPR173,1,1
KCNS3,HSD11B1L,1,1
KCNS3,IQSEC1,1,1
KCNS3,JUND,1,1
KCNS3,MARCH8,1,1
KCNS3,NAXD,1,1
KCNS3,NOMO2,1,1
KCNS3,PBX2,1,1
KCNS3,PHTF2,1,1
KCNS3,PPP1R26,1,1
KCNS3,RXRB,1,1
KCNS3,SAP30BP,1,1
KCNS3,SDK1,1,1
KCNS3,SEPT2,1,1
KCNS3,SLC38A9,1,1
KCNS3,SPTBN2,1,1
KCNS3,UGP2,1,1
KCNS3,UPF3B,1,1
KCNS3,ZKSCAN7,1,1
KCNS3,ZKSCAN8,1,1
KCNS3,ZNF32,1,1
SETD2,ACER3,1,1
SETD2,ACOT9,1,1
SETD2,AREL1,1,1
SETD2,ARHGAP10,1,1
SETD2,BAMBI,1,1
SETD2,BTBD7,1,1
SETD2,CAMSAP1,1,1
SETD2,CIZ1,1,1
SETD2,DCP1A,1,1
SETD2,DLG5,1,1
SETD2,FBXL14,1,1
SETD2,FOXF2,1,1
SETD2,GGA1,1,1
SETD2,HIVEP1,1,1
SETD2,INPP5A,1,1
SETD2,ITPRIPL1,1,1
SETD2,ITSN1,1,1
SETD2,LDOC1L,1,1
SETD2,MARK2,1,1
SETD2,MSANTD3,1,1
SETD2,NFU1,1,1
SETD2,NOP10,1,1
SETD2,NOP9,1,1
SETD2,NUMA1,1,1
SETD2,PAK1,1,1
SETD2,PPP4R1,1,1
SETD2,PRPF18,1,1
SETD2,RAF1,1,1
SETD2,REST,1,1
SETD2,REV1,1,1
SETD2,RUSC1,1,1
SETD2,SIAH1,1,1
SETD2,SIL1,1,1
SETD2,SLMAP,1,1
SETD2,SPTLC2,1,1
SETD2,SUMF2,1,1
SETD2,TET2,1,1
SETD2,TMEM177,1,1
SETD2,TPCN1,1,1
SETD2,TRIM35,1,1
SETD2,UTP3,1,1
SETD2,WDR82,1,1
SETD2,YY1,1,1
SETD2,ZNF354C,1,1
SETD2,ZNF510,1,1
PIK3C3,AIFM1,1,1
PIK3C3,ANXA2,1,1
PIK3C3,AVEN,1,1
PIK3C3,BACE2,1,1
PIK3C3,BCL2L1,1,1
PIK3C3,BHLHB9,1,1
PIK3C3,CASP3,1,1
PIK3C3,CASP7,1,1
PIK3C3,CCDC169,1,1
PIK3C3,CCNY,1,1
PIK3C3,CDC14B,1,1
PIK3C3,CDK2AP2,1,1
PIK3C3,CDYL2,1,1
PIK3C3,CMTM4,1,1
PIK3C3,COG3,1,1
PIK3C3,COG8,1,1
PIK3C3,COMMD7,1,1
PIK3C3,COQ10A,1,1
PIK3C3,CSPG4,1,1
PIK3C3,CYTH2,1,1
PIK3C3,DCP1A,1,1
PIK3C3,DCTD,1,1
PIK3C3,DDX50,1,1
PIK3C3,DEAF1,1,1
PIK3C3,DFNA5,1,1
PIK3C3,DLG1,1,1
PIK3C3,DPH3,1,1
PIK3C3,EHMT2,1,1
PIK3C3,FAH,1,1
PIK3C3,FAM204A,1,1
PIK3C3,FAM32A,1,1
PIK3C3,FBXW2,1,1
PIK3C3,FLNA,1,1
PIK3C3,GAREM2,1,1
PIK3C3,GNAI2,1,1
PIK3C3,HEXB,1,1
PIK3C3,HMGN4,1,1
PIK3C3,HNRNPUL2,1,1
PIK3C3,HOXC11,1,1
PIK3C3,HSD3B7,1,1
PIK3C3,IFT52,1,1
PIK3C3,ITPRIP,1,1
PIK3C3,KAT6B,1,1
PIK3C3,KBTBD4,1,1
PIK3C3,KLF12,1,1
PIK3C3,LASP1,1,1
PIK3C3,LATS2,1,1
PIK3C3,LDOC1L,1,1
PIK3C3,LZTFL1,1,1
PIK3C3,MED22,1,1
PIK3C3,MOB2,1,1
PIK3C3,MRPL43,1,1
PIK3C3,MRPS31,1,1
PIK3C3,MYL6,1,1
PIK3C3,NDUFB2,1,1
PIK3C3,NPRL3,1,1
PIK3C3,NRIP1,1,1
PIK3C3,NUMA1,1,1
PIK3C3,OTUB1,1,1
PIK3C3,PARG,1,1
PIK3C3,PCMT1,1,1
PIK3C3,PDCL,1,1
PIK3C3,POLR3A,1,1
PIK3C3,PRDM11,1,1
PIK3C3,PRPF18,1,1
PIK3C3,PRRC2A,1,1
PIK3C3,PYGO2,1,1
PIK3C3,RB1,1,1
PIK3C3,REST,1,1
PIK3C3,RHBDD1,1,1
PIK3C3,RHBDD3,1,1
PIK3C3,RNF121,1,1
PIK3C3,RRAGB,1,1
PIK3C3,SFXN3,1,1
PIK3C3,SH3GLB1,1,1
PIK3C3,SHOC2,1,1
PIK3C3,SLC47A1,1,1
PIK3C3,SLMAP,1,1
PIK3C3,SPRYD4,1,1
PIK3C3,SPTBN2,1,1
PIK3C3,SPTLC2,1,1
PIK3C3,SUMF2,1,1
PIK3C3,SUPT20H,1,1
PIK3C3,TCEAL1,1,1
PIK3C3,TGIF2,1,1
PIK3C3,TMC6,1,1
PIK3C3,TNFAIP1,1,1
PIK3C3,TNIP1,1,1
PIK3C3,TRAF3IP2,1,1
PIK3C3,TRIM8,1,1
PIK3C3,TRIO,1,1
PIK3C3,UBE2Q2,1,1
PIK3C3,USP38,1,1
PIK3C3,WASF3,1,1
PIK3C3,WBP4,1,1
PIK3C3,YME1L1,1,1
PIK3C3,ZBED6,1,1
PIK3C3,ZBTB12,1,1
PIK3C3,ZC4H2,1,1
PIK3C3,ZFP41,1,1
PIK3C3,ZNF22,1,1
PIK3C3,ZNF33A,1,1
PIK3C3,ZNF48,1,1
PIK3C3,ZNF623,1,1
PIK3C3,ZSCAN9,1,1
SFXN3,CASP7,1,1
SFXN3,COG3,1,1
SFXN3,COQ10A,1,1
SFXN3,CSPG4,1,1
SFXN3,DDX50,1,1
SFXN3,DPH3,1,1
SFXN3,EHMT2,1,1
SFXN3,FAM32A,1,1
SFXN3,GAREM2,1,1
SFXN3,GNAI2,1,1
SFXN3,HEXB,1,1
SFXN3,HSD3B7,1,1
SFXN3,IFT52,1,1
SFXN3,LASP1,1,1
SFXN3,MOB2,1,1
SFXN3,MRPL43,1,1
SFXN3,MYL6,1,1
SFXN3,PARG,1,1
SFXN3,PCMT1,1,1
SFXN3,PRPF18,1,1
SFXN3,PYGO2,1,1
SFXN3,RB1,1,1
SFXN3,RNF121,1,1
SFXN3,SFT2D1,1,1
SFXN3,SHOC2,1,1
SFXN3,SPRYD4,1,1
SFXN3,STAP2,1,1
SFXN3,SUPT20H,1,1
SFXN3,TGIF2,1,1
SFXN3,TRAF3IP2,1,1
SFXN3,UBE2Q2,1,1
SFXN3,USP38,1,1
SFXN3,ZBTB12,1,1
SFXN3,ZNF33A,1,1
SFXN3,ZNF581,1,1
SFXN3,ZNF623,1,1
EDF1,AKIRIN1,1,1
EDF1,ARNT2,1,1
EDF1,ATP13A2,1,1
EDF1,BAD,1,1
EDF1,BAMBI,1,1
EDF1,BFAR,1,1
EDF1,CHMP1A,1,1
EDF1,DAAM2,1,1
EDF1,DKK 3.00,1,1
EDF1,DNPEP,1,1
EDF1,DSE,1,1
EDF1,FBXL19,1,1
EDF1,FBXO11,1,1
EDF1,GRK2,1,1
EDF1,INPP5E,1,1
EDF1,IP6K2,1,1
EDF1,LAMTOR1,1,1
EDF1,LITAF,1,1
EDF1,LRRC37A,1,1
EDF1,LXN,1,1
EDF1,MRPL48,1,1
EDF1,MSRA,1,1
EDF1,NPHP4,1,1
EDF1,PDIA5,1,1
EDF1,PEX3,1,1
EDF1,PLOD1,1,1
EDF1,PON2,1,1
EDF1,PRR13,1,1
EDF1,RAB1A,1,1
EDF1,RBM4B,1,1
EDF1,RPL9,1,1
EDF1,RPS25,1,1
EDF1,RXRG,1,1
EDF1,SCMH1,1,1
EDF1,SDC3,1,1
EDF1,SDK1,1,1
EDF1,SND1,1,1
EDF1,TCF4,1,1
EDF1,TERF2IP,1,1
EDF1,THEM4,1,1
EDF1,TMEM258,1,1
EDF1,TMSB15B,1,1
EDF1,TRAF7,1,1
EDF1,VHL,1,1
EDF1,ZCCHC17,1,1
EDF1,ZNF788,1,1
CHCHD10,ABCB8,1,1
CHCHD10,ACO2,1,1
CHCHD10,ACVR1C,1,1
CHCHD10,AHCYL1,1,1
CHCHD10,APOL2,1,1
CHCHD10,ATP13A2,1,1
CHCHD10,BAMBI,1,1
CHCHD10,CD200,1,1
CHCHD10,CHMP1A,1,1
CHCHD10,CHST3,1,1
CHCHD10,COX7A2,1,1
CHCHD10,DAAM2,1,1
CHCHD10,DECR2,1,1
CHCHD10,DLG5,1,1
CHCHD10,EHMT1,1,1
CHCHD10,FBXO11,1,1
CHCHD10,GGCX,1,1
CHCHD10,GNAS,1,1
CHCHD10,IP6K2,1,1
CHCHD10,KLC1,1,1
CHCHD10,KLHDC4,1,1
CHCHD10,KLHL7,1,1
CHCHD10,KREMEN1,1,1
CHCHD10,LAMTOR1,1,1
CHCHD10,LITAF,1,1
CHCHD10,MAD1L1,1,1
CHCHD10,MARK2,1,1
CHCHD10,MED19,1,1
CHCHD10,NAGPA,1,1
CHCHD10,NFU1,1,1
CHCHD10,NPHP4,1,1
CHCHD10,NSMF,1,1
CHCHD10,NXPE3,1,1
CHCHD10,SDC3,1,1
CHCHD10,SELO,1,1
CHCHD10,SGK1,1,1
CHCHD10,SLC25A11,1,1
CHCHD10,SND1,1,1
CHCHD10,TMSB15B,1,1
CHCHD10,TOMM7,1,1
CHCHD10,TRNAU1AP,1,1
CHCHD10,WASF1,1,1
CHCHD10,ZNF772,1,1
WBP4,ADH5,1,1
WBP4,AIFM1,1,1
WBP4,ALG5,1,1
WBP4,ANKRD13C,1,1
WBP4,ANXA2,1,1
WBP4,APH1A,1,1
WBP4,ARHGAP10,1,1
WBP4,ASXL1,1,1
WBP4,AVEN,1,1
WBP4,BACE2,1,1
WBP4,BCL2L1,1,1
WBP4,BHLHB9,1,1
WBP4,C11ORF84,1,1
WBP4,CAMSAP1,1,1
WBP4,CCDC169,1,1
WBP4,CCNY,1,1
WBP4,CDYL2,1,1
WBP4,CFL1,1,1
WBP4,CLTB,1,1
WBP4,COG3,1,1
WBP4,COMMD7,1,1
WBP4,COPS4,1,1
WBP4,COQ10A,1,1
WBP4,CPSF7,1,1
WBP4,CSPG4,1,1
WBP4,CUTC,1,1
WBP4,DCTD,1,1
WBP4,DDX50,1,1
WBP4,DEAF1,1,1
WBP4,DPH3,1,1
WBP4,EHMT2,1,1
WBP4,ELF4,1,1
WBP4,ENDOD1,1,1
WBP4,EPHB4,1,1
WBP4,FAH,1,1
WBP4,FAM204A,1,1
WBP4,FAM32A,1,1
WBP4,FLNA,1,1
WBP4,FOXF2,1,1
WBP4,GGA1,1,1
WBP4,HEXB,1,1
WBP4,HMGN4,1,1
WBP4,HMGN5,1,1
WBP4,HNRNPUL2,1,1
WBP4,HOXC11,1,1
WBP4,HPF1,1,1
WBP4,HPS6,1,1
WBP4,IBTK,1,1
WBP4,ITGB1,1,1
WBP4,ITPRIP,1,1
WBP4,ITPRIPL1,1,1
WBP4,KAT6B,1,1
WBP4,KBTBD4,1,1
WBP4,LARP4B,1,1
WBP4,LATS2,1,1
WBP4,LDOC1L,1,1
WBP4,MCM3AP,1,1
WBP4,MED22,1,1
WBP4,MED4,1,1
WBP4,MOB2,1,1
WBP4,MRPL16,1,1
WBP4,MRPS31,1,1
WBP4,MSANTD3,1,1
WBP4,MT1F,1,1
WBP4,MYL6,1,1
WBP4,NDUFA4,1,1
WBP4,NDUFB2,1,1
WBP4,NOP10,1,1
WBP4,NOP9,1,1
WBP4,NPRL3,1,1
WBP4,NRIP1,1,1
WBP4,NUMA1,1,1
WBP4,OTUB1,1,1
WBP4,PARG,1,1
WBP4,PCMT1,1,1
WBP4,PCNX4,1,1
WBP4,PDCL,1,1
WBP4,PDZD8,1,1
WBP4,PIGX,1,1
WBP4,PLBD2,1,1
WBP4,PLEKHO1,1,1
WBP4,POLR3A,1,1
WBP4,PPP4R1,1,1
WBP4,PRDM11,1,1
WBP4,PROSER1,1,1
WBP4,PRPF18,1,1
WBP4,PRRC2A,1,1
WBP4,PTPMT1,1,1
WBP4,RAB11FIP2,1,1
WBP4,RABIF,1,1
WBP4,RABL3,1,1
WBP4,RAF1,1,1
WBP4,RALA,1,1
WBP4,RB1,1,1
WBP4,RBM17,1,1
WBP4,RCE1,1,1
WBP4,REST,1,1
WBP4,RHBDD1,1,1
WBP4,RHBDD3,1,1
WBP4,RNF121,1,1
WBP4,RP11-2C24.9,1,1
WBP4,SAR1A,1,1
WBP4,SDCCAG8,1,1
WBP4,SETD7,1,1
WBP4,SHOC2,1,1
WBP4,SIAH1,1,1
WBP4,SLC38A6,1,1
WBP4,SLC47A1,1,1
WBP4,SMG7,1,1
WBP4,SPTLC2,1,1
WBP4,SUMF2,1,1
WBP4,SUMO3,1,1
WBP4,SUPT20H,1,1
WBP4,TCEAL1,1,1
WBP4,TERF2,1,1
WBP4,TGIF2,1,1
WBP4,TMC6,1,1
WBP4,TOR4A,1,1
WBP4,TRAF3IP2,1,1
WBP4,TRIO,1,1
WBP4,UBAC1,1,1
WBP4,UBE2Q2,1,1
WBP4,USP38,1,1
WBP4,WASF3,1,1
WBP4,WWC2,1,1
WBP4,XPA,1,1
WBP4,YME1L1,1,1
WBP4,ZBTB12,1,1
WBP4,ZC4H2,1,1
WBP4,ZNF22,1,1
WBP4,ZNF33A,1,1
WBP4,ZNF35,1,1
WBP4,ZNF48,1,1
WBP4,ZSCAN9,1,1
GPRIN1,ANKRD13C,1,1
GPRIN1,ASXL1,1,1
GPRIN1,BICD2,1,1
GPRIN1,CUL2,1,1
GPRIN1,CUL4A,1,1
GPRIN1,ERBIN,1,1
GPRIN1,FAM175B,1,1
GPRIN1,HIGD1A,1,1
GPRIN1,HNRNPDL,1,1
GPRIN1,HNRNPF,1,1
GPRIN1,LCMT2,1,1
GPRIN1,MCM3AP,1,1
GPRIN1,MED22,1,1
GPRIN1,MED4,1,1
GPRIN1,MTPAP,1,1
GPRIN1,PCNT,1,1
GPRIN1,PDZD8,1,1
GPRIN1,PROSER1,1,1
GPRIN1,RAB11FIP2,1,1
GPRIN1,RBM17,1,1
GPRIN1,SIRT1,1,1
GPRIN1,SLC16A7,1,1
GPRIN1,SMC3,1,1
GPRIN1,SUMO3,1,1
GPRIN1,WAPL,1,1
GPRIN1,ZNF35,1,1
FRYL,ACER3,1,1
FRYL,ATMIN,1,1
FRYL,CDC14B,1,1
FRYL,COA6,1,1
FRYL,DPP8,1,1
FRYL,EFL1,1,1
FRYL,MFAP1,1,1
FRYL,NAMPTP1,1,1
FRYL,OAS3,1,1
FRYL,PPIE,1,1
FRYL,RSF1,1,1
FRYL,SLIT3,1,1
FRYL,TET2,1,1
FRYL,XPO7,1,1
FRYL,YLPM1,1,1
FRYL,ZBED3,1,1
RAB11A,ADH5,1,1
RAB11A,APH1A,1,1
RAB11A,BLOC1S2,1,1
RAB11A,CASP3,1,1
RAB11A,CFL1,1,1
RAB11A,CMTM4,1,1
RAB11A,COMMD10,1,1
RAB11A,COMMD7,1,1
RAB11A,DDX50,1,1
RAB11A,DFNA5,1,1
RAB11A,DOCK7,1,1
RAB11A,FAM175B,1,1
RAB11A,KLHL2,1,1
RAB11A,MID1,1,1
RAB11A,PDZD8,1,1
RAB11A,PDZRN3,1,1
RAB11A,PMP22,1,1
RAB11A,SH3GLB1,1,1
RAB11A,TRIO,1,1
RAB11A,TUBGCP2,1,1
RAB11A,YME1L1,1,1
RAB11A,ZC4H2,1,1
RAB11A,ZNF35,1,1
DOCK7,ADH5,1,1
DOCK7,ANKRD13C,1,1
DOCK7,BLOC1S2,1,1
DOCK7,CASP3,1,1
DOCK7,COMMD7,1,1
DOCK7,DFNA5,1,1
DOCK7,FAM175B,1,1
DOCK7,FCHO2,1,1
DOCK7,FLNA,1,1
DOCK7,HIGD1A,1,1
DOCK7,KLHL2,1,1
DOCK7,LCMT2,1,1
DOCK7,MID1,1,1
DOCK7,PDZD8,1,1
DOCK7,PLBD2,1,1
DOCK7,SH3GLB1,1,1
DOCK7,SIRT1,1,1
DOCK7,SLC16A7,1,1
DOCK7,TRAF6,1,1
DOCK7,UBP1,1,1
DOCK7,WAPL,1,1
DOCK7,ZC4H2,1,1
DOCK7,ZNF35,1,1
NFATC2,ACVR2B,1,1
NFATC2,CBX4,1,1
NFATC2,CDK2AP2,1,1
NFATC2,DNPEP,1,1
NFATC2,DZIP1L,1,1
NFATC2,EPHB4,1,1
NFATC2,IMPDH1,1,1
NFATC2,MAD2L1BP,1,1
NFATC2,MRPL48,1,1
NFATC2,MRPS31,1,1
NFATC2,NRCAM,1,1
NFATC2,PIGH,1,1
NFATC2,PPA2,1,1
NFATC2,PREP,1,1
NFATC2,PRR13,1,1
NFATC2,QRSL1,1,1
NFATC2,RHBDF2,1,1
NFATC2,RXRG,1,1
NFATC2,THEM4,1,1
NFATC2,TNIK,1,1
NFATC2,TRAF7,1,1
NFATC2,ZNF266,1,1
NFATC2,ZNF280D,1,1
NFATC2,ZNF788,1,1
RBM4B,ALDOA,1,1
RBM4B,ARNT2,1,1
RBM4B,ASPHD1,1,1
RBM4B,ATMIN,1,1
RBM4B,BAMBI,1,1
RBM4B,BCAP29,1,1
RBM4B,BMP7,1,1
RBM4B,BRD3,1,1
RBM4B,BRK1,1,1
RBM4B,C11ORF95,1,1
RBM4B,C12ORF66,1,1
RBM4B,CD200,1,1
RBM4B,CHMP1A,1,1
RBM4B,CIZ1,1,1
RBM4B,CNTN1,1,1
RBM4B,COA6,1,1
RBM4B,COBL,1,1
RBM4B,CRBN,1,1
RBM4B,DECR2,1,1
RBM4B,DLG5,1,1
RBM4B,EPS8L2,1,1
RBM4B,FAM127C,1,1
RBM4B,FBXL19,1,1
RBM4B,GAREM2,1,1
RBM4B,GMPPA,1,1
RBM4B,GNAI2,1,1
RBM4B,GNAZ,1,1
RBM4B,GRK2,1,1
RBM4B,HIVEP1,1,1
RBM4B,HLTF,1,1
RBM4B,HSCB,1,1
RBM4B,INPP5E,1,1
RBM4B,IP6K2,1,1
RBM4B,LAMTOR1,1,1
RBM4B,LXN,1,1
RBM4B,MALSU1,1,1
RBM4B,MRPL40,1,1
RBM4B,MRPL48,1,1
RBM4B,MRPS15,1,1
RBM4B,MRPS18A,1,1
RBM4B,MSRA,1,1
RBM4B,NELFB,1,1
RBM4B,NFU1,1,1
RBM4B,NOMO2,1,1
RBM4B,NT5C2,1,1
RBM4B,PDIA5,1,1
RBM4B,PLOD1,1,1
RBM4B,PON2,1,1
RBM4B,PPIE,1,1
RBM4B,PPP1R26,1,1
RBM4B,PREB,1,1
RBM4B,PRR13,1,1
RBM4B,RAB1A,1,1
RBM4B,RILPL2,1,1
RBM4B,RUSC1,1,1
RBM4B,RXRG,1,1
RBM4B,SAP30BP,1,1
RBM4B,SCMH1,1,1
RBM4B,SDC3,1,1
RBM4B,SDK1,1,1
RBM4B,SLC25A5,1,1
RBM4B,SND1,1,1
RBM4B,SNX10,1,1
RBM4B,SPTBN2,1,1
RBM4B,SUPT20H,1,1
RBM4B,TANC1,1,1
RBM4B,TAX1BP1,1,1
RBM4B,TERF2IP,1,1
RBM4B,TET2,1,1
RBM4B,TMED4,1,1
RBM4B,TMEM214,1,1
RBM4B,TMEM30A,1,1
RBM4B,TMSB15B,1,1
RBM4B,TNFSF13B,1,1
RBM4B,TRIM35,1,1
RBM4B,UGP2,1,1
RBM4B,URM1,1,1
RBM4B,VPS37C,1,1
RBM4B,ZFP41,1,1
RBM4B,ZNF32,1,1
RBM4B,ZNF592,1,1
RBM4B,ZNF788,1,1
REEP2,ANKRD42,1,1
REEP2,CES2,1,1
REEP2,DDAH2,1,1
REEP2,DENND2A,1,1
REEP2,DLG1,1,1
REEP2,DMTN,1,1
REEP2,EHD2,1,1
REEP2,FKBP2,1,1
REEP2,GGACT,1,1
REEP2,IL24,1,1
REEP2,KDM4A,1,1
REEP2,LDAH,1,1
REEP2,MYADM,1,1
REEP2,PARP3,1,1
REEP2,PRDX5,1,1
REEP2,SEPT5,1,1
REEP2,TMEM44,1,1
REEP2,TP53,1,1
REEP2,TSHZ3,1,1
REEP2,TTLL7,1,1
EFL1,ACER3,1,1
EFL1,ALDOA,1,1
EFL1,ARAP1,1,1
EFL1,ARAP3,1,1
EFL1,ARL 10.00,1,1
EFL1,ATMIN,1,1
EFL1,CD320,1,1
EFL1,CFLAR,1,1
EFL1,COA6,1,1
EFL1,DOCK1,1,1
EFL1,DPP8,1,1
EFL1,IQSEC1,1,1
EFL1,JUND,1,1
EFL1,KIAA1147,1,1
EFL1,KMT2A,1,1
EFL1,MALSU1,1,1
EFL1,MARCH8,1,1
EFL1,PITPNM1,1,1
EFL1,RAB1B,1,1
EFL1,SETX,1,1
EFL1,TSTD2,1,1
EFL1,USP25,1,1
EFL1,USP45,1,1
EFL1,ZBED3,1,1
EFL1,ZNF618,1,1
RPL10,ARHGEF9,1,1
RPL10,DHDDS,1,1
RPL10,ENDOD1,1,1
RPL10,ITPRIP,1,1
RPL10,MX2,1,1
RPL10,PCMTD2,1,1
RPL10,RPL15,1,1
RPL10,RPL26,1,1
RPL10,RPL29,1,1
RPL10,RPL32,1,1
RPL10,RPL7A,1,1
RPL10,RPS17,1,1
RPL10,RPS27,1,1
RPL10,RPS3,1,1
RPL10,RPS3A,1,1
RPL10,RPS9,1,1
RPL10,SELK,1,1
RPL10,TMEM50B,1,1
RPL10,TRERF1,1,1
MRPS18A,AL513122.1,1,1
MRPS18A,ALDOA,1,1
MRPS18A,ANKRD10,1,1
MRPS18A,ASPHD1,1,1
MRPS18A,ATMIN,1,1
MRPS18A,ATP5G3,1,1
MRPS18A,ATXN10,1,1
MRPS18A,BCAP29,1,1
MRPS18A,BMP7,1,1
MRPS18A,BRK1,1,1
MRPS18A,C11ORF95,1,1
MRPS18A,C12ORF66,1,1
MRPS18A,C9ORF78,1,1
MRPS18A,CD200,1,1
MRPS18A,CD22,1,1
MRPS18A,COBL,1,1
MRPS18A,CRBN,1,1
MRPS18A,DECR2,1,1
MRPS18A,FAM127C,1,1
MRPS18A,GATA6,1,1
MRPS18A,GMPPA,1,1
MRPS18A,GNAZ,1,1
MRPS18A,GNPAT,1,1
MRPS18A,GRK2,1,1
MRPS18A,GYG1,1,1
MRPS18A,H1F0,1,1
MRPS18A,HLTF,1,1
MRPS18A,HSCB,1,1
MRPS18A,MALSU1,1,1
MRPS18A,MRPL40,1,1
MRPS18A,MRPS15,1,1
MRPS18A,MSRA,1,1
MRPS18A,NECAB3,1,1
MRPS18A,PDIA5,1,1
MRPS18A,PLOD1,1,1
MRPS18A,PREB,1,1
MRPS18A,RXRG,1,1
MRPS18A,SNX10,1,1
MRPS18A,TAX1BP1,1,1
MRPS18A,TMED4,1,1
MRPS18A,TRIM13,1,1
MRPS18A,TSKU,1,1
MRPS18A,TUBG1,1,1
MRPS18A,UGP2,1,1
MRPS18A,VMP1,1,1
FLNA,ADH5,1,1
FLNA,ALG5,1,1
FLNA,ANKRD13C,1,1
FLNA,ANXA2,1,1
FLNA,APH1A,1,1
FLNA,ASXL1,1,1
FLNA,BACE2,1,1
FLNA,BCL2L1,1,1
FLNA,BHLHB9,1,1
FLNA,C11ORF84,1,1
FLNA,C2CD2L,1,1
FLNA,CASP3,1,1
FLNA,CCNY,1,1
FLNA,CFL1,1,1
FLNA,COG3,1,1
FLNA,COMMD7,1,1
FLNA,CUL2,1,1
FLNA,CUTC,1,1
FLNA,CYTH2,1,1
FLNA,DCTD,1,1
FLNA,DDX50,1,1
FLNA,DEAF1,1,1
FLNA,DFNA5,1,1
FLNA,DNMBP,1,1
FLNA,EHMT2,1,1
FLNA,FAH,1,1
FLNA,FAM175B,1,1
FLNA,FAM204A,1,1
FLNA,FAM32A,1,1
FLNA,FBXO46,1,1
FLNA,FBXW2,1,1
FLNA,GGA1,1,1
FLNA,HMGN4,1,1
FLNA,IBTK,1,1
FLNA,IGSF8,1,1
FLNA,ITPRIP,1,1
FLNA,KAT6B,1,1
FLNA,KBTBD4,1,1
FLNA,KLHL2,1,1
FLNA,LARP4B,1,1
FLNA,LCMT2,1,1
FLNA,MCM3AP,1,1
FLNA,MED22,1,1
FLNA,MID1,1,1
FLNA,MOB2,1,1
FLNA,MT1F,1,1
FLNA,NAALAD2,1,1
FLNA,NCS1,1,1
FLNA,NDUFA4,1,1
FLNA,NDUFB2,1,1
FLNA,NOP9,1,1
FLNA,NPRL3,1,1
FLNA,NUMA1,1,1
FLNA,OTUB1,1,1
FLNA,PARG,1,1
FLNA,PDCL,1,1
FLNA,PDZD8,1,1
FLNA,PIGX,1,1
FLNA,PLBD2,1,1
FLNA,POLR3A,1,1
FLNA,PPP4R1,1,1
FLNA,PRDM11,1,1
FLNA,PROSER1,1,1
FLNA,PRRC2A,1,1
FLNA,PTBP2,1,1
FLNA,RALA,1,1
FLNA,RB1,1,1
FLNA,RBM17,1,1
FLNA,RCE1,1,1
FLNA,RHBDD1,1,1
FLNA,RHBDD3,1,1
FLNA,RNF121,1,1
FLNA,SETD7,1,1
FLNA,SH3BP5L,1,1
FLNA,SH3GLB1,1,1
FLNA,SHOC2,1,1
FLNA,SIL1,1,1
FLNA,SUMF2,1,1
FLNA,TERF2,1,1
FLNA,TFE3,1,1
FLNA,TGIF2,1,1
FLNA,TMC6,1,1
FLNA,TMEM170A,1,1
FLNA,TNIP1,1,1
FLNA,TOR4A,1,1
FLNA,TRAF3IP2,1,1
FLNA,TRIM8,1,1
FLNA,TRIO,1,1
FLNA,TUBGCP2,1,1
FLNA,UBAC1,1,1
FLNA,USP38,1,1
FLNA,YME1L1,1,1
FLNA,ZBED6,1,1
FLNA,ZC4H2,1,1
FLNA,ZNF33A,1,1
FLNA,ZNF35,1,1
FLNA,ZSCAN9,1,1
CSGALNACT2,BHLHB9,1,1
CSGALNACT2,CCNY,1,1
CSGALNACT2,CDYL2,1,1
CSGALNACT2,CMTM4,1,1
CSGALNACT2,FBXW2,1,1
CSGALNACT2,HMGN4,1,1
CSGALNACT2,ITGB1,1,1
CSGALNACT2,NCS1,1,1
CSGALNACT2,PDCL,1,1
CSGALNACT2,PKN1,1,1
CSGALNACT2,RABL3,1,1
CSGALNACT2,RHBDD3,1,1
CSGALNACT2,RNF169,1,1
CSGALNACT2,RRAGB,1,1
CSGALNACT2,SLC39A9,1,1
CSGALNACT2,TMEM203,1,1
CSGALNACT2,TMOD3,1,1
CSGALNACT2,TRERF1,1,1
CSGALNACT2,ZBED6,1,1
CSGALNACT2,ZNF22,1,1
CSGALNACT2,ZNF23,1,1
CROT,ABL1,1,1
CROT,AMFR,1,1
CROT,ANKS6,1,1
CROT,ANXA2,1,1
CROT,AP1S2,1,1
CROT,APOL2,1,1
CROT,AREL1,1,1
CROT,ARHGEF9,1,1
CROT,AVEN,1,1
CROT,BAD,1,1
CROT,BCL2L1,1,1
CROT,BHLHB9,1,1
CROT,BRD3,1,1
CROT,C14ORF119,1,1
CROT,C1GALT1C1,1,1
CROT,CBX4,1,1
CROT,CCNY,1,1
CROT,CDR2L,1,1
CROT,CDYL2,1,1
CROT,CES2,1,1
CROT,CH17-258A22.4,1,1
CROT,CHMP7,1,1
CROT,CHST3,1,1
CROT,COG8,1,1
CROT,CPNE2,1,1
CROT,DAAM2,1,1
CROT,DCTD,1,1
CROT,DDX50,1,1
CROT,DENND4A,1,1
CROT,DMTN,1,1
CROT,DNMBP,1,1
CROT,DPH7,1,1
CROT,DTNA,1,1
CROT,EHD2,1,1
CROT,EXOC3,1,1
CROT,FAH,1,1
CROT,FAM131A,1,1
CROT,FBXL19,1,1
CROT,FBXO46,1,1
CROT,FBXW2,1,1
CROT,FIBP,1,1
CROT,GFOD2,1,1
CROT,GMPR2,1,1
CROT,HMGN4,1,1
CROT,HOXC11,1,1
CROT,HUS1,1,1
CROT,IBTK,1,1
CROT,IP6K2,1,1
CROT,ITGB1,1,1
CROT,ITSN1,1,1
CROT,KLF12,1,1
CROT,KRIT1,1,1
CROT,LAMTOR1,1,1
CROT,LDAH,1,1
CROT,LRRC20,1,1
CROT,LZTFL1,1,1
CROT,MAPKAP1,1,1
CROT,MBNL3,1,1
CROT,MED19,1,1
CROT,MED20,1,1
CROT,MEN1,1,1
CROT,MT1F,1,1
CROT,MX2,1,1
CROT,MYADM,1,1
CROT,MYL6,1,1
CROT,NCS1,1,1
CROT,NOP10,1,1
CROT,NPHP4,1,1
CROT,NT5C,1,1
CROT,NUMA1,1,1
CROT,OTUB1,1,1
CROT,PARG,1,1
CROT,PDE3B,1,1
CROT,PIGX,1,1
CROT,PKN1,1,1
CROT,POLR2G,1,1
CROT,PPDPF,1,1
CROT,PPIL3,1,1
CROT,PPT1,1,1
CROT,PRDM11,1,1
CROT,RAB2A,1,1
CROT,RHBDD1,1,1
CROT,RHBDD3,1,1
CROT,RNF166,1,1
CROT,RNF169,1,1
CROT,RPL29,1,1
CROT,RPL32,1,1
CROT,RPL7A,1,1
CROT,RPL9,1,1
CROT,RPL9P9,1,1
CROT,RPS20,1,1
CROT,RPS27,1,1
CROT,RPS3,1,1
CROT,RRAGB,1,1
CROT,SH3BP5L,1,1
CROT,SLC39A9,1,1
CROT,SLC9A3R2,1,1
CROT,SND1,1,1
CROT,SNTB2,1,1
CROT,TCEAL1,1,1
CROT,TFE3,1,1
CROT,THEM4,1,1
CROT,TMEM203,1,1
CROT,TMEM258,1,1
CROT,TMEM60,1,1
CROT,TMOD3,1,1
CROT,TMSB10,1,1
CROT,TNFAIP1,1,1
CROT,TNIP1,1,1
CROT,TOR4A,1,1
CROT,TP53,1,1
CROT,TPCN1,1,1
CROT,TPM2,1,1
CROT,TRAF7,1,1
CROT,TRERF1,1,1
CROT,TRIM8,1,1
CROT,TRIO,1,1
CROT,TSPAN5,1,1
CROT,UBAC1,1,1
CROT,UBXN1,1,1
CROT,VPS4A,1,1
CROT,VPS51,1,1
CROT,ZBED6,1,1
CROT,ZNF22,1,1
CROT,ZNF23,1,1
CROT,ZNF48,1,1
CROT,ZNF510,1,1
CROT,ZNF532,1,1
CROT,ZSCAN9,1,1
IL24,CES2,1,1
IL24,CMTM4,1,1
IL24,DENND2A,1,1
IL24,DENND4A,1,1
IL24,DLG1,1,1
IL24,FKBP2,1,1
IL24,GGACT,1,1
IL24,PARP3,1,1
IL24,TSHZ3,1,1
IL24,TTLL7,1,1
IL24,ZBED6,1,1
IL24,ZNF623,1,1
MRPL48,ABL1,1,1
MRPL48,ACER3,1,1
MRPL48,ACVR2B,1,1
MRPL48,AIP,1,1
MRPL48,ALDOA,1,1
MRPL48,AREL1,1,1
MRPL48,ARNT2,1,1
MRPL48,ASPHD1,1,1
MRPL48,ATMIN,1,1
MRPL48,ATPAF1,1,1
MRPL48,AVEN,1,1
MRPL48,BAD,1,1
MRPL48,BAMBI,1,1
MRPL48,BMP7,1,1
MRPL48,BRD3,1,1
MRPL48,CASP6,1,1
MRPL48,CASP7,1,1
MRPL48,CBX4,1,1
MRPL48,CDC14B,1,1
MRPL48,CDK2AP2,1,1
MRPL48,CDYL2,1,1
MRPL48,CIDEB,1,1
MRPL48,CNOT8,1,1
MRPL48,CNTN1,1,1
MRPL48,COA6,1,1
MRPL48,COG8,1,1
MRPL48,DCP1A,1,1
MRPL48,DCUN1D2,1,1
MRPL48,DECR2,1,1
MRPL48,DLG5,1,1
MRPL48,DNPEP,1,1
MRPL48,DOPEY2,1,1
MRPL48,DTNA,1,1
MRPL48,DZIP1L,1,1
MRPL48,ELF4,1,1
MRPL48,FAM127C,1,1
MRPL48,FAM131A,1,1
MRPL48,FBXL19,1,1
MRPL48,FZD7,1,1
MRPL48,GAREM2,1,1
MRPL48,GNAI2,1,1
MRPL48,GNAZ,1,1
MRPL48,GRK2,1,1
MRPL48,HIVEP1,1,1
MRPL48,HNRNPUL2,1,1
MRPL48,HOXC6,1,1
MRPL48,HPS6,1,1
MRPL48,HSCB,1,1
MRPL48,IMPDH1,1,1
MRPL48,INPP5E,1,1
MRPL48,IP6K2,1,1
MRPL48,ITPRIPL1,1,1
MRPL48,KIAA1143,1,1
MRPL48,KLF12,1,1
MRPL48,LAMTOR1,1,1
MRPL48,LDOC1L,1,1
MRPL48,LRP11,1,1
MRPL48,LRRC20,1,1
MRPL48,LXN,1,1
MRPL48,MAD2L1BP,1,1
MRPL48,MAPKAPK3,1,1
MRPL48,MRPL43,1,1
MRPL48,MSRA,1,1
MRPL48,MYL6,1,1
MRPL48,NAMPTP1,1,1
MRPL48,NELFB,1,1
MRPL48,NOP10,1,1
MRPL48,NPHP4,1,1
MRPL48,NT5C2,1,1
MRPL48,NUDT11,1,1
MRPL48,NUMA1,1,1
MRPL48,PARG,1,1
MRPL48,PCMT1,1,1
MRPL48,PDCD7,1,1
MRPL48,PDIA5,1,1
MRPL48,PGAP1,1,1
MRPL48,PIAS1,1,1
MRPL48,PIGH,1,1
MRPL48,PLEKHO1,1,1
MRPL48,PLOD1,1,1
MRPL48,PON2,1,1
MRPL48,PPA2,1,1
MRPL48,PPIE,1,1
MRPL48,PPP1CA,1,1
MRPL48,PPP1R26,1,1
MRPL48,PPT1,1,1
MRPL48,PREP,1,1
MRPL48,PRPF18,1,1
MRPL48,PRR13,1,1
MRPL48,QRSL1,1,1
MRPL48,RAB1A,1,1
MRPL48,REST,1,1
MRPL48,REV1,1,1
MRPL48,RHBDF2,1,1
MRPL48,RPL9,1,1
MRPL48,RUSC1,1,1
MRPL48,RXRG,1,1
MRPL48,SAP30BP,1,1
MRPL48,SCMH1,1,1
MRPL48,SDC3,1,1
MRPL48,SIAH1,1,1
MRPL48,SLMAP,1,1
MRPL48,SND1,1,1
MRPL48,SPTBN2,1,1
MRPL48,SPTLC2,1,1
MRPL48,STEAP1B,1,1
MRPL48,SUPT20H,1,1
MRPL48,TAF11,1,1
MRPL48,TERF2IP,1,1
MRPL48,TET2,1,1
MRPL48,THEM4,1,1
MRPL48,TMED4,1,1
MRPL48,TMEM214,1,1
MRPL48,TMEM30A,1,1
MRPL48,TMSB15B,1,1
MRPL48,TNIK,1,1
MRPL48,TPCN1,1,1
MRPL48,TRAF7,1,1
MRPL48,TTLL5,1,1
MRPL48,UBXN1,1,1
MRPL48,USP25,1,1
MRPL48,WASF3,1,1
MRPL48,ZBED3,1,1
MRPL48,ZCCHC17,1,1
MRPL48,ZKSCAN8,1,1
MRPL48,ZNF266,1,1
MRPL48,ZNF354C,1,1
MRPL48,ZNF48,1,1
MRPL48,ZNF510,1,1
MRPL48,ZNF740,1,1
MRPL48,ZNF788,1,1
AC011043.1,PAK1,1,1
AC011043.1,RPL36AL,1,1
AC011043.1,TOX4,1,1
AC011043.1,TUBGCP4,1,1
AC011043.1,ZSWIM6,1,1
XPA,ALG5,1,1
XPA,AP4S1,1,1
XPA,AQR,1,1
XPA,ARHGAP10,1,1
XPA,ASAP3,1,1
XPA,AVEN,1,1
XPA,BHLHB9,1,1
XPA,BNIP2,1,1
XPA,C3ORF38,1,1
XPA,CAMSAP1,1,1
XPA,CBX4,1,1
XPA,CCNY,1,1
XPA,CDYL2,1,1
XPA,CFL1,1,1
XPA,CIDEB,1,1
XPA,CMTM4,1,1
XPA,COPS4,1,1
XPA,CSTF2T,1,1
XPA,CUL2,1,1
XPA,DCP1A,1,1
XPA,DCTD,1,1
XPA,DDX50,1,1
XPA,DNAJC21,1,1
XPA,DNMBP,1,1
XPA,FAM204A,1,1
XPA,FAM32A,1,1
XPA,GFOD2,1,1
XPA,GGA1,1,1
XPA,GTPBP8,1,1
XPA,HMGN4,1,1
XPA,HMGN5,1,1
XPA,HPS6,1,1
XPA,ITGB1,1,1
XPA,ITPRIPL1,1,1
XPA,ITSN1,1,1
XPA,LARP4B,1,1
XPA,LDOC1L,1,1
XPA,MAPKAP1,1,1
XPA,MRPL16,1,1
XPA,MT1F,1,1
XPA,NCS1,1,1
XPA,NFATC3,1,1
XPA,NOP10,1,1
XPA,NUMA1,1,1
XPA,OTUB1,1,1
XPA,PARG,1,1
XPA,PDCL,1,1
XPA,PLEKHO1,1,1
XPA,POLR2G,1,1
XPA,PPP1CA,1,1
XPA,PPP4R1,1,1
XPA,PRPF18,1,1
XPA,RABL3,1,1
XPA,RALA,1,1
XPA,REST,1,1
XPA,REV1,1,1
XPA,RHBDD1,1,1
XPA,RHBDD3,1,1
XPA,RNASEH2B,1,1
XPA,SAR1A,1,1
XPA,SETD7,1,1
XPA,SH3BP5L,1,1
XPA,SHOC2,1,1
XPA,SIL1,1,1
XPA,SLMAP,1,1
XPA,SPTLC2,1,1
XPA,TERF2,1,1
XPA,TPCN1,1,1
XPA,TRIO,1,1
XPA,UBAC1,1,1
XPA,UBXN11,1,1
XPA,USP38,1,1
XPA,WDR82,1,1
XPA,YME1L1,1,1
XPA,ZBED6,1,1
XPA,ZNF354C,1,1
XPA,ZNF37A,1,1
XPA,ZNF510,1,1
XPA,ZNHIT1,1,1
HSD17B8,AIP,1,1
HSD17B8,ALDH3B1,1,1
HSD17B8,APBB2,1,1
HSD17B8,BRAT1,1,1
HSD17B8,C9ORF16,1,1
HSD17B8,CAPNS1,1,1
HSD17B8,CRHR1-IT1,1,1
HSD17B8,DDAH2,1,1
HSD17B8,DNAJC1,1,1
HSD17B8,FBXL15,1,1
HSD17B8,GPALPP1,1,1
HSD17B8,HOXC6,1,1
HSD17B8,MAP4K2,1,1
HSD17B8,PBX2,1,1
HSD17B8,PITPNM1,1,1
HSD17B8,PPP1R26,1,1
HSD17B8,PRDX5,1,1
HSD17B8,RWDD2B,1,1
HSD17B8,TMEM42,1,1
HSD17B8,TMEM44,1,1
HSD17B8,TTI2,1,1
HSD17B8,ZKSCAN7,1,1
HSD17B8,ZNF133,1,1
SSNA1,AP1S2,1,1
SSNA1,BACE2,1,1
SSNA1,C11ORF84,1,1
SSNA1,CHMP1A,1,1
SSNA1,CLTB,1,1
SSNA1,DSE,1,1
SSNA1,EHMT2,1,1
SSNA1,FAH,1,1
SSNA1,FAM32A,1,1
SSNA1,FOXF2,1,1
SSNA1,HEXB,1,1
SSNA1,HNRNPUL2,1,1
SSNA1,HPS6,1,1
SSNA1,IBTK,1,1
SSNA1,INPP5E,1,1
SSNA1,IP6K2,1,1
SSNA1,ITGA1,1,1
SSNA1,ITPRIPL1,1,1
SSNA1,LAMTOR1,1,1
SSNA1,LXN,1,1
SSNA1,NELFB,1,1
SSNA1,NOMO2,1,1
SSNA1,NOP9,1,1
SSNA1,NSL1,1,1
SSNA1,NUMA1,1,1
SSNA1,PCMT1,1,1
SSNA1,PPP4R1,1,1
SSNA1,PRDM11,1,1
SSNA1,PROSER1,1,1
SSNA1,PTPMT1,1,1
SSNA1,RAB1A,1,1
SSNA1,RFTN1,1,1
SSNA1,SAP30BP,1,1
SSNA1,SLC16A2,1,1
SSNA1,SRF,1,1
SSNA1,SUPT20H,1,1
SSNA1,TAF11,1,1
SSNA1,TANC1,1,1
SSNA1,TNIK,1,1
SSNA1,TPM2,1,1
SSNA1,TRAF3IP2,1,1
SSNA1,URM1,1,1
SSNA1,ZNF48,1,1
SSNA1,ZSCAN9,1,1
PYGO2,AIP,1,1
PYGO2,ARHGEF9,1,1
PYGO2,CDK2AP2,1,1
PYGO2,COG3,1,1
PYGO2,COG8,1,1
PYGO2,CSPG4,1,1
PYGO2,DENND2A,1,1
PYGO2,DLG1,1,1
PYGO2,DMTN,1,1
PYGO2,DPH3,1,1
PYGO2,FAM89B,1,1
PYGO2,GAREM2,1,1
PYGO2,GGACT,1,1
PYGO2,GNAI2,1,1
PYGO2,HSD3B7,1,1
PYGO2,IFT52,1,1
PYGO2,ITPRIP,1,1
PYGO2,KLF12,1,1
PYGO2,LZTFL1,1,1
PYGO2,MRPL43,1,1
PYGO2,MRPS31,1,1
PYGO2,MYADM,1,1
PYGO2,MYL6,1,1
PYGO2,NBPF15,1,1
PYGO2,OTUD5,1,1
PYGO2,PPIL3,1,1
PYGO2,PRDX5,1,1
PYGO2,QRSL1,1,1
PYGO2,RNF121,1,1
PYGO2,RPL15,1,1
PYGO2,RPL29,1,1
PYGO2,RPS27,1,1
PYGO2,SELK,1,1
PYGO2,SEPT5,1,1
PYGO2,SPRYD4,1,1
PYGO2,SPTBN2,1,1
PYGO2,TNIP1,1,1
PYGO2,TP53,1,1
PYGO2,TRIM8,1,1
PYGO2,TSHZ3,1,1
PYGO2,TTLL7,1,1
PYGO2,TUBGCP2,1,1
PYGO2,UBXN1,1,1
PYGO2,ZBTB12,1,1
PYGO2,ZFP41,1,1
PYGO2,ZNF133,1,1
PYGO2,ZNF581,1,1
PYGO2,ZNF623,1,1
HEXB,AIFM1,1,1
HEXB,AP1S2,1,1
HEXB,BACE2,1,1
HEXB,CDYL2,1,1
HEXB,COG3,1,1
HEXB,COMMD7,1,1
HEXB,COQ10A,1,1
HEXB,CSPG4,1,1
HEXB,DCTD,1,1
HEXB,DDX50,1,1
HEXB,DEAF1,1,1
HEXB,DPH3,1,1
HEXB,EHMT2,1,1
HEXB,ENDOD1,1,1
HEXB,FADS3,1,1
HEXB,FAH,1,1
HEXB,FAM204A,1,1
HEXB,FAM32A,1,1
HEXB,GAREM2,1,1
HEXB,HNRNPUL2,1,1
HEXB,HOXC11,1,1
HEXB,IBTK,1,1
HEXB,ITPRIP,1,1
HEXB,KAT6B,1,1
HEXB,MAD2L1BP,1,1
HEXB,MED22,1,1
HEXB,MEN1,1,1
HEXB,MOB2,1,1
HEXB,MRPL43,1,1
HEXB,MRPS31,1,1
HEXB,MYL6,1,1
HEXB,NDUFB2,1,1
HEXB,NOMO2,1,1
HEXB,NUMA1,1,1
HEXB,PCMT1,1,1
HEXB,PIGX,1,1
HEXB,PRDM11,1,1
HEXB,PRRC2A,1,1
HEXB,RB1,1,1
HEXB,RFTN1,1,1
HEXB,RNF121,1,1
HEXB,RP11-2C24.9,1,1
HEXB,RPL15,1,1
HEXB,SAMD5,1,1
HEXB,SELK,1,1
HEXB,SHOC2,1,1
HEXB,SLC25A5,1,1
HEXB,SLC38A6,1,1
HEXB,SLC47A1,1,1
HEXB,SMG7,1,1
HEXB,SPRYD4,1,1
HEXB,SUPT20H,1,1
HEXB,TANC1,1,1
HEXB,TCEAL1,1,1
HEXB,TGIF2,1,1
HEXB,TMC6,1,1
HEXB,TMEM19,1,1
HEXB,TNIP1,1,1
HEXB,TPM2,1,1
HEXB,TRAF3IP2,1,1
HEXB,TRIM8,1,1
HEXB,UBE2Q2,1,1
HEXB,URM1,1,1
HEXB,USP38,1,1
HEXB,ZBTB12,1,1
HEXB,ZFP41,1,1
HEXB,ZNF22,1,1
HEXB,ZNF48,1,1
HEXB,ZNF581,1,1
HEXB,ZSCAN9,1,1
PIAS1,ABL1,1,1
PIAS1,AREL1,1,1
PIAS1,ATPAF1,1,1
PIAS1,BRD3,1,1
PIAS1,CASP6,1,1
PIAS1,DCUN1D2,1,1
PIAS1,DOPEY2,1,1
PIAS1,DTNA,1,1
PIAS1,HOXC6,1,1
PIAS1,MAPKAPK3,1,1
PIAS1,OSBP,1,1
PIAS1,PTP4A1,1,1
PIAS1,SCMH1,1,1
PIAS1,SLMAP,1,1
PIAS1,TMEM136,1,1
PIAS1,TNFAIP1,1,1
PIAS1,TTI2,1,1
PIAS1,ZBED3,1,1
PIAS1,ZNF510,1,1
PIAS1,ZNF740,1,1
KIAA1147,CASP6,1,1
KIAA1147,OAS3,1,1
KIAA1147,OSBP,1,1
KIAA1147,RSF1,1,1
KIAA1147,USP45,1,1
KIAA1147,ZBED3,1,1
KIAA1147,ZNF41,1,1
GNAI2,ABL1,1,1
GNAI2,ACVR2B,1,1
GNAI2,AIP,1,1
GNAI2,ALDOA,1,1
GNAI2,APBB2,1,1
GNAI2,AREL1,1,1
GNAI2,ARNT2,1,1
GNAI2,BAD,1,1
GNAI2,BAMBI,1,1
GNAI2,BRD3,1,1
GNAI2,CAPNS1,1,1
GNAI2,CASP7,1,1
GNAI2,CD320,1,1
GNAI2,CDK2AP2,1,1
GNAI2,CDYL2,1,1
GNAI2,CES2,1,1
GNAI2,CNTN1,1,1
GNAI2,COA6,1,1
GNAI2,COG3,1,1
GNAI2,COG8,1,1
GNAI2,DENND2A,1,1
GNAI2,DKK 3.00,1,1
GNAI2,DMTN,1,1
GNAI2,DNPEP,1,1
GNAI2,DPH3,1,1
GNAI2,DTNA,1,1
GNAI2,DZIP1L,1,1
GNAI2,EPS8L2,1,1
GNAI2,FAH,1,1
GNAI2,FAM131A,1,1
GNAI2,FAM89B,1,1
GNAI2,FBXL15,1,1
GNAI2,FBXL19,1,1
GNAI2,GAREM2,1,1
GNAI2,GGACT,1,1
GNAI2,HOXC11,1,1
GNAI2,HOXC6,1,1
GNAI2,IFT52,1,1
GNAI2,IMPDH1,1,1
GNAI2,IP6K2,1,1
GNAI2,JUND,1,1
GNAI2,KAT6B,1,1
GNAI2,KDM4A,1,1
GNAI2,KLF12,1,1
GNAI2,LASP1,1,1
GNAI2,LRRC20,1,1
GNAI2,LXN,1,1
GNAI2,MAD2L1BP,1,1
GNAI2,MRPL43,1,1
GNAI2,MYADM,1,1
GNAI2,MYL6,1,1
GNAI2,NAXD,1,1
GNAI2,NOMO2,1,1
GNAI2,OTUD5,1,1
GNAI2,PBX2,1,1
GNAI2,PCMT1,1,1
GNAI2,PITPNM1,1,1
GNAI2,PPIE,1,1
GNAI2,PPIL3,1,1
GNAI2,PPP1R11,1,1
GNAI2,PPP1R26,1,1
GNAI2,PREP,1,1
GNAI2,PRPF18,1,1
GNAI2,PRR13,1,1
GNAI2,QRSL1,1,1
GNAI2,RAB1A,1,1
GNAI2,RAB39B,1,1
GNAI2,RNF121,1,1
GNAI2,RPAIN,1,1
GNAI2,RPL9,1,1
GNAI2,RXRB,1,1
GNAI2,RXRG,1,1
GNAI2,SDK1,1,1
GNAI2,SEPT5,1,1
GNAI2,SPRYD4,1,1
GNAI2,SPTBN2,1,1
GNAI2,SPTLC2,1,1
GNAI2,SUPT20H,1,1
GNAI2,TERF2IP,1,1
GNAI2,TMEM214,1,1
GNAI2,TMEM258,1,1
GNAI2,TMEM44,1,1
GNAI2,TNFAIP1,1,1
GNAI2,TRIM8,1,1
GNAI2,TSTD2,1,1
GNAI2,UBXN1,1,1
GNAI2,ZBTB12,1,1
GNAI2,ZCCHC17,1,1
GNAI2,ZFP41,1,1
GNAI2,ZKSCAN7,1,1
GNAI2,ZKSCAN8,1,1
GNAI2,ZNF48,1,1
GNAI2,ZNF581,1,1
GNAI2,ZNF623,1,1
GNAI2,ZNF740,1,1
EHMT1,ABCB8,1,1
EHMT1,AHCYL1,1,1
EHMT1,ATP13A2,1,1
EHMT1,BAMBI,1,1
EHMT1,BCL9L,1,1
EHMT1,CCNK,1,1
EHMT1,CIZ1,1,1
EHMT1,DAAM2,1,1
EHMT1,DDX41,1,1
EHMT1,DLG5,1,1
EHMT1,FBXL14,1,1
EHMT1,FBXO11,1,1
EHMT1,GGCX,1,1
EHMT1,IP6K2,1,1
EHMT1,KLC1,1,1
EHMT1,KLHDC4,1,1
EHMT1,KLHL7,1,1
EHMT1,LITAF,1,1
EHMT1,MAD1L1,1,1
EHMT1,MAPKAPK3,1,1
EHMT1,MARK2,1,1
EHMT1,MED19,1,1
EHMT1,NAGPA,1,1
EHMT1,NFU1,1,1
EHMT1,NSMF,1,1
EHMT1,PAK1,1,1
EHMT1,SCMH1,1,1
EHMT1,SND1,1,1
EHMT1,SOX6,1,1
EHMT1,TET2,1,1
EHMT1,TMEM167B,1,1
EHMT1,TUBGCP4,1,1
EHMT1,VPS4A,1,1
EHMT1,WASF1,1,1
EHMT1,ZNF384,1,1
EHMT1,ZNF669,1,1
EHMT1,ZNF772,1,1
RPS9,ADH5,1,1
RPS9,ARHGEF9,1,1
RPS9,CBX4,1,1
RPS9,CBX6,1,1
RPS9,CEP350,1,1
RPS9,COG3,1,1
RPS9,DCTD,1,1
RPS9,DEAF1,1,1
RPS9,DHDDS,1,1
RPS9,ENDOD1,1,1
RPS9,FBXO46,1,1
RPS9,FRG1CP,1,1
RPS9,HIST2H2BF,1,1
RPS9,ITPRIP,1,1
RPS9,NBPF15,1,1
RPS9,PIGX,1,1
RPS9,PMP22,1,1
RPS9,RAB5C,1,1
RPS9,RNASEH2B,1,1
RPS9,RPL14,1,1
RPS9,RPL15,1,1
RPS9,RPL29,1,1
RPS9,RPL32,1,1
RPS9,RPL7A,1,1
RPS9,RPS17,1,1
RPS9,RPS20,1,1
RPS9,RPS3,1,1
RPS9,RPS3A,1,1
RPS9,SELK,1,1
RPS9,SMG7,1,1
RPS9,SVIL,1,1
RPS9,TGIF2,1,1
RPS9,TNS3,1,1
RPS9,TRERF1,1,1
RPS9,TUBGCP2,1,1
RPS9,ZC4H2,1,1
TMEM19,ABL1,1,1
TMEM19,ANXA2,1,1
TMEM19,AP1S2,1,1
TMEM19,APAF1,1,1
TMEM19,BACE2,1,1
TMEM19,BAD,1,1
TMEM19,BCL2L1,1,1
TMEM19,BRD3,1,1
TMEM19,CCDC169,1,1
TMEM19,CDR2L,1,1
TMEM19,CDYL2,1,1
TMEM19,CHMP7,1,1
TMEM19,COG8,1,1
TMEM19,DLG5,1,1
TMEM19,EHMT2,1,1
TMEM19,EPS8L2,1,1
TMEM19,FADS3,1,1
TMEM19,FAH,1,1
TMEM19,FAM131A,1,1
TMEM19,FAM89B,1,1
TMEM19,GAREM2,1,1
TMEM19,HIVEP1,1,1
TMEM19,IBTK,1,1
TMEM19,IP6K2,1,1
TMEM19,KBTBD4,1,1
TMEM19,KRIT1,1,1
TMEM19,LAMTOR1,1,1
TMEM19,LRRC20,1,1
TMEM19,MEN1,1,1
TMEM19,MYL6,1,1
TMEM19,NUMA1,1,1
TMEM19,PARG,1,1
TMEM19,PCMT1,1,1
TMEM19,PRDM11,1,1
TMEM19,RFTN1,1,1
TMEM19,RNF121,1,1
TMEM19,RUSC1,1,1
TMEM19,SIAH1,1,1
TMEM19,SPTBN2,1,1
TMEM19,SUPT20H,1,1
TMEM19,TFE3,1,1
TMEM19,TNFAIP1,1,1
TMEM19,TOR4A,1,1
TMEM19,TRAF3IP2,1,1
TMEM19,TRIM8,1,1
TMEM19,UBXN1,1,1
TMEM19,ZBTB12,1,1
TMEM19,ZFP41,1,1
TMEM19,ZMYM6,1,1
TMEM19,ZNF22,1,1
TMEM19,ZNF48,1,1
TMEM19,ZNF532,1,1
TMEM19,ZNF740,1,1
RGPD8,ESYT2,1,1
RGPD8,PET100,1,1
ADAMTSL5,ALG5,1,1
ADAMTSL5,DHDDS,1,1
ADAMTSL5,DYNC2LI1,1,1
ADAMTSL5,EHD1,1,1
ADAMTSL5,HSPA2,1,1
ADAMTSL5,NDUFA4,1,1
ADAMTSL5,NDUFB10,1,1
ADAMTSL5,TMEM170A,1,1
ADAMTSL5,UBP1,1,1
YLPM1,ATXN1L,1,1
YLPM1,BTBD7,1,1
YLPM1,CHD4,1,1
YLPM1,TET2,1,1
YLPM1,XPO7,1,1
IMPDH1,ABL1,1,1
IMPDH1,ACVR2B,1,1
IMPDH1,ADGRG6,1,1
IMPDH1,AIP,1,1
IMPDH1,AKIRIN1,1,1
IMPDH1,ALDOA,1,1
IMPDH1,AP1S2,1,1
IMPDH1,AREL1,1,1
IMPDH1,ARNT2,1,1
IMPDH1,AVEN,1,1
IMPDH1,BAD,1,1
IMPDH1,BFAR,1,1
IMPDH1,BRD3,1,1
IMPDH1,CBX4,1,1
IMPDH1,CDK2AP2,1,1
IMPDH1,CDYL2,1,1
IMPDH1,CNTN1,1,1
IMPDH1,COA6,1,1
IMPDH1,COG8,1,1
IMPDH1,DKK 3.00,1,1
IMPDH1,DNPEP,1,1
IMPDH1,DOPEY2,1,1
IMPDH1,DSE,1,1
IMPDH1,DTNA,1,1
IMPDH1,DZIP1L,1,1
IMPDH1,EPHB4,1,1
IMPDH1,EPS8L2,1,1
IMPDH1,FAH,1,1
IMPDH1,FAM127C,1,1
IMPDH1,FAM131A,1,1
IMPDH1,FZD7,1,1
IMPDH1,GAREM2,1,1
IMPDH1,HNRNPUL2,1,1
IMPDH1,HOXC11,1,1
IMPDH1,HOXC6,1,1
IMPDH1,INPP5E,1,1
IMPDH1,IP6K2,1,1
IMPDH1,KCNQ5,1,1
IMPDH1,KLF12,1,1
IMPDH1,LAMTOR1,1,1
IMPDH1,LRP11,1,1
IMPDH1,LRRC20,1,1
IMPDH1,LZTFL1,1,1
IMPDH1,MAD2L1BP,1,1
IMPDH1,MBNL3,1,1
IMPDH1,MMGT1,1,1
IMPDH1,MRPL43,1,1
IMPDH1,MRPL45,1,1
IMPDH1,MRPS31,1,1
IMPDH1,MYL6,1,1
IMPDH1,NAXD,1,1
IMPDH1,NELFB,1,1
IMPDH1,NOMO2,1,1
IMPDH1,NPHP4,1,1
IMPDH1,NRCAM,1,1
IMPDH1,NUMA1,1,1
IMPDH1,PCMT1,1,1
IMPDH1,PDE3B,1,1
IMPDH1,PEX3,1,1
IMPDH1,PGAP1,1,1
IMPDH1,PIGH,1,1
IMPDH1,PLOD1,1,1
IMPDH1,PON2,1,1
IMPDH1,PPIL3,1,1
IMPDH1,PPP1R26,1,1
IMPDH1,PPT1,1,1
IMPDH1,PREP,1,1
IMPDH1,PRR13,1,1
IMPDH1,QRSL1,1,1
IMPDH1,RAB1A,1,1
IMPDH1,RFTN1,1,1
IMPDH1,RHBDF2,1,1
IMPDH1,RPAIN,1,1
IMPDH1,RPL9,1,1
IMPDH1,RXRB,1,1
IMPDH1,RXRG,1,1
IMPDH1,SAP30BP,1,1
IMPDH1,SCMH1,1,1
IMPDH1,SDC3,1,1
IMPDH1,SDCCAG8,1,1
IMPDH1,SDK1,1,1
IMPDH1,SEC63,1,1
IMPDH1,SIAH1,1,1
IMPDH1,SLC16A2,1,1
IMPDH1,SND1,1,1
IMPDH1,SPRYD4,1,1
IMPDH1,SPTBN2,1,1
IMPDH1,SPTLC2,1,1
IMPDH1,SUPT20H,1,1
IMPDH1,TCEAL1,1,1
IMPDH1,THEM4,1,1
IMPDH1,TMEM258,1,1
IMPDH1,TNIK,1,1
IMPDH1,TPM2,1,1
IMPDH1,TRAF7,1,1
IMPDH1,TTI2,1,1
IMPDH1,UBXN1,1,1
IMPDH1,USP25,1,1
IMPDH1,VPS51,1,1
IMPDH1,ZBTB12,1,1
IMPDH1,ZCCHC17,1,1
IMPDH1,ZFP41,1,1
IMPDH1,ZKSCAN8,1,1
IMPDH1,ZNF22,1,1
IMPDH1,ZNF266,1,1
IMPDH1,ZNF280D,1,1
IMPDH1,ZNF48,1,1
IMPDH1,ZNF542P,1,1
IMPDH1,ZNF740,1,1
IMPDH1,ZNF788,1,1
IMPDH1,ZSCAN9,1,1
C17ORF75,CBX6,1,1
C17ORF75,CEP350,1,1
C17ORF75,COMMD7,1,1
C17ORF75,CSPG4,1,1
C17ORF75,CUTC,1,1
C17ORF75,DEAF1,1,1
C17ORF75,ENDOD1,1,1
C17ORF75,EPHB4,1,1
C17ORF75,FAM135A,1,1
C17ORF75,HPF1,1,1
C17ORF75,MEF2C,1,1
C17ORF75,MITD1,1,1
C17ORF75,MRPS31,1,1
C17ORF75,ORAI1,1,1
C17ORF75,RAB5C,1,1
C17ORF75,RPS17,1,1
C17ORF75,RPS3A,1,1
C17ORF75,SDCCAG8,1,1
C17ORF75,SLC38A6,1,1
C17ORF75,SMG7,1,1
C17ORF75,TNS3,1,1
C17ORF75,TOR1AIP1,1,1
C17ORF75,ZNF35,1,1
SLC12A4,ANKS6,1,1
SLC12A4,ARL6IP1,1,1
SLC12A4,C1GALT1C1,1,1
SLC12A4,CDR2L,1,1
SLC12A4,EXOC3,1,1
SLC12A4,KANK1,1,1
SLC12A4,LTBP3,1,1
SLC12A4,NPRL2,1,1
SLC12A4,PSENEN,1,1
SLC12A4,RNF41,1,1
SLC12A4,SLC9A3R2,1,1
SLC12A4,SNX21,1,1
SLC12A4,TFE3,1,1
SLC12A4,TMEM60,1,1
SLC12A4,ZNF337,1,1
SLC12A4,ZNF532,1,1
SLC12A4,ZNF579,1,1
SLC12A4,ZSWIM6,1,1
SMAD1,BCL9L,1,1
SMAD1,DEDD,1,1
SMAD1,FAM65A,1,1
SMAD1,FBXL19,1,1
SMAD1,MAPKAPK3,1,1
SMAD1,PAK1,1,1
SMAD1,PHF8,1,1
SMAD1,SNTB2,1,1
SMAD1,ZMYM6,1,1
NECAB3,ASPHD1,1,1
NECAB3,BMP7,1,1
NECAB3,C9ORF78,1,1
NECAB3,COBL,1,1
NECAB3,DECR2,1,1
NECAB3,ELF4,1,1
NECAB3,FAM127C,1,1
NECAB3,FNTA,1,1
NECAB3,GMPPA,1,1
NECAB3,GRK2,1,1
NECAB3,H1F0,1,1
NECAB3,HSCB,1,1
NECAB3,KIAA1143,1,1
NECAB3,LXN,1,1
NECAB3,MSRA,1,1
NECAB3,NELFB,1,1
NECAB3,NFKB1,1,1
NECAB3,NT5C2,1,1
NECAB3,PREB,1,1
NECAB3,RXRG,1,1
NECAB3,SAP30BP,1,1
NECAB3,SLC16A2,1,1
NECAB3,SNX10,1,1
NECAB3,TAF11,1,1
NECAB3,TAX1BP1,1,1
NECAB3,TMED4,1,1
NECAB3,TMEM214,1,1
NECAB3,TMSB15B,1,1
NECAB3,TRIM13,1,1
NECAB3,UGP2,1,1
NECAB3,URM1,1,1
NECAB3,VPS37C,1,1
NECAB3,ZNF354C,1,1
NECAB3,ZNF788,1,1
DNAJC1,APBB2,1,1
DNAJC1,ARRDC1,1,1
DNAJC1,BAD,1,1
DNAJC1,C9ORF16,1,1
DNAJC1,DDAH2,1,1
DNAJC1,DENND4B,1,1
DNAJC1,DMTN,1,1
DNAJC1,DTNA,1,1
DNAJC1,EHD2,1,1
DNAJC1,FAM168A,1,1
DNAJC1,FAM89B,1,1
DNAJC1,FBXL15,1,1
DNAJC1,HOXC6,1,1
DNAJC1,LINC00094,1,1
DNAJC1,LPCAT4,1,1
DNAJC1,MAF 1.00,1,1
DNAJC1,MAP4K2,1,1
DNAJC1,MYADM,1,1
DNAJC1,NPRL2,1,1
DNAJC1,NUDT22,1,1
DNAJC1,PRDX5,1,1
DNAJC1,PSENEN,1,1
DNAJC1,RNF41,1,1
DNAJC1,SETD5,1,1
DNAJC1,SNX21,1,1
DNAJC1,TP53,1,1
DNAJC1,TTI2,1,1
DNAJC1,VPS51,1,1
DNAJC1,ZNF337,1,1
BUD13,ARHGAP10,1,1
BUD13,CCNK,1,1
BUD13,DIS3L,1,1
BUD13,FBXL14,1,1
BUD13,FOXF2,1,1
BUD13,ITPRIPL1,1,1
BUD13,MMP14,1,1
BUD13,NUDT11,1,1
BUD13,RAF1,1,1
BUD13,REV1,1,1
BUD13,UTP3,1,1
BUD13,ZNF354C,1,1
MYL6,ABL1,1,1
MYL6,ACVR2B,1,1
MYL6,AIP,1,1
MYL6,ANXA2,1,1
MYL6,AP1S2,1,1
MYL6,APOL2,1,1
MYL6,AREL1,1,1
MYL6,AVEN,1,1
MYL6,BACE2,1,1
MYL6,BAD,1,1
MYL6,BAMBI,1,1
MYL6,BCL2L1,1,1
MYL6,BHLHB9,1,1
MYL6,BRD3,1,1
MYL6,CASP7,1,1
MYL6,CBX4,1,1
MYL6,CCDC169,1,1
MYL6,CCNY,1,1
MYL6,CDC14B,1,1
MYL6,CDK2AP2,1,1
MYL6,CDR2L,1,1
MYL6,CDYL2,1,1
MYL6,CES2,1,1
MYL6,CHMP7,1,1
MYL6,CHST3,1,1
MYL6,CMTM4,1,1
MYL6,COA6,1,1
MYL6,COG3,1,1
MYL6,COG8,1,1
MYL6,CSPG4,1,1
MYL6,DCP1A,1,1
MYL6,DCTD,1,1
MYL6,DDX50,1,1
MYL6,DENND2A,1,1
MYL6,DENND4A,1,1
MYL6,DLG5,1,1
MYL6,DMTN,1,1
MYL6,DNPEP,1,1
MYL6,DPH3,1,1
MYL6,DTNA,1,1
MYL6,DZIP1L,1,1
MYL6,EHMT2,1,1
MYL6,ELF4,1,1
MYL6,FAH,1,1
MYL6,FAM131A,1,1
MYL6,FAM32A,1,1
MYL6,FAM89B,1,1
MYL6,FBXL19,1,1
MYL6,FBXO46,1,1
MYL6,FBXW2,1,1
MYL6,GAREM2,1,1
MYL6,GGACT,1,1
MYL6,GMPR2,1,1
MYL6,HMGN4,1,1
MYL6,HNRNPUL2,1,1
MYL6,HOXC11,1,1
MYL6,HOXC6,1,1
MYL6,HPS6,1,1
MYL6,HSD3B7,1,1
MYL6,IBTK,1,1
MYL6,IFT52,1,1
MYL6,IP6K2,1,1
MYL6,ITGB1,1,1
MYL6,ITPRIP,1,1
MYL6,KAT6B,1,1
MYL6,KLF12,1,1
MYL6,LAMTOR1,1,1
MYL6,LASP1,1,1
MYL6,LRRC20,1,1
MYL6,LZTFL1,1,1
MYL6,MAD2L1BP,1,1
MYL6,MED20,1,1
MYL6,MEN1,1,1
MYL6,MOB2,1,1
MYL6,MRPL43,1,1
MYL6,MRPS31,1,1
MYL6,MT1F,1,1
MYL6,MYADM,1,1
MYL6,NCS1,1,1
MYL6,NDUFB2,1,1
MYL6,NELFB,1,1
MYL6,NOMO2,1,1
MYL6,NOP10,1,1
MYL6,NPHP4,1,1
MYL6,NRIP1,1,1
MYL6,NT5C,1,1
MYL6,NT5C2,1,1
MYL6,NUMA1,1,1
MYL6,OTUB1,1,1
MYL6,PARG,1,1
MYL6,PCMT1,1,1
MYL6,PDCL,1,1
MYL6,PLEKHO1,1,1
MYL6,POLR3A,1,1
MYL6,PPIL3,1,1
MYL6,PPP1R26,1,1
MYL6,PPT1,1,1
MYL6,PRDM11,1,1
MYL6,PREP,1,1
MYL6,PRPF18,1,1
MYL6,PRRC2A,1,1
MYL6,QRSL1,1,1
MYL6,REST,1,1
MYL6,RHBDD1,1,1
MYL6,RHBDD3,1,1
MYL6,RNF121,1,1
MYL6,RPAIN,1,1
MYL6,RPL15,1,1
MYL6,RPL29,1,1
MYL6,RPL9,1,1
MYL6,RPS27,1,1
MYL6,RRAGB,1,1
MYL6,SHOC2,1,1
MYL6,SLC39A9,1,1
MYL6,SLMAP,1,1
MYL6,SPRYD4,1,1
MYL6,SPTBN2,1,1
MYL6,SPTLC2,1,1
MYL6,SUPT20H,1,1
MYL6,TANC1,1,1
MYL6,TCEAL1,1,1
MYL6,TERF2,1,1
MYL6,TFE3,1,1
MYL6,TGIF2,1,1
MYL6,TMEM214,1,1
MYL6,TMEM258,1,1
MYL6,TNFAIP1,1,1
MYL6,TNIP1,1,1
MYL6,TOR4A,1,1
MYL6,TP53,1,1
MYL6,TPCN1,1,1
MYL6,TRAF3IP2,1,1
MYL6,TRIM8,1,1
MYL6,TRIO,1,1
MYL6,TSPAN5,1,1
MYL6,UBAC1,1,1
MYL6,UBXN1,1,1
MYL6,USP38,1,1
MYL6,VPS51,1,1
MYL6,YME1L1,1,1
MYL6,ZBED6,1,1
MYL6,ZBTB12,1,1
MYL6,ZCCHC17,1,1
MYL6,ZFP41,1,1
MYL6,ZNF22,1,1
MYL6,ZNF266,1,1
MYL6,ZNF48,1,1
MYL6,ZNF510,1,1
MYL6,ZNF581,1,1
MYL6,ZNF623,1,1
MYL6,ZNF740,1,1
MYL6,ZSCAN9,1,1
CREB3L2,COQ9,1,1
CREB3L2,IFNGR2,1,1
CREB3L2,MMP14,1,1
CREB3L2,PDE3B,1,1
CREB3L2,RNF2,1,1
CREB3L2,SARNP,1,1
CREB3L2,TXNDC11,1,1
ZNF579,ARRDC1,1,1
ZNF579,DEDD,1,1
ZNF579,EXOC3,1,1
ZNF579,GAS2L3,1,1
ZNF579,KANK1,1,1
ZNF579,LINC00094,1,1
ZNF579,NPRL2,1,1
ZNF579,OTUB2,1,1
ZNF579,PSENEN,1,1
ZNF579,RNF41,1,1
ZNF579,SLC9A3R2,1,1
ZNF579,USF1,1,1
ZNF579,VPS51,1,1
SLC16A2,ALDOA,1,1
SLC16A2,ARNT2,1,1
SLC16A2,ASPHD1,1,1
SLC16A2,BMP7,1,1
SLC16A2,CHMP1A,1,1
SLC16A2,CIZ1,1,1
SLC16A2,EEF2K,1,1
SLC16A2,FAM127C,1,1
SLC16A2,FOXF2,1,1
SLC16A2,GCC2,1,1
SLC16A2,GNAZ,1,1
SLC16A2,GRK2,1,1
SLC16A2,HNRNPUL2,1,1
SLC16A2,INPP5E,1,1
SLC16A2,ITPRIPL1,1,1
SLC16A2,KIAA1143,1,1
SLC16A2,KLHDC4,1,1
SLC16A2,LAMTOR1,1,1
SLC16A2,LXN,1,1
SLC16A2,MAD2L1BP,1,1
SLC16A2,MRPL40,1,1
SLC16A2,MSRA,1,1
SLC16A2,NELFB,1,1
SLC16A2,NOMO2,1,1
SLC16A2,NUDT11,1,1
SLC16A2,PDIA5,1,1
SLC16A2,PGAP1,1,1
SLC16A2,PLOD1,1,1
SLC16A2,PON2,1,1
SLC16A2,PRR13,1,1
SLC16A2,RAB1A,1,1
SLC16A2,RFTN1,1,1
SLC16A2,RHBDF2,1,1
SLC16A2,RXRG,1,1
SLC16A2,SAP30BP,1,1
SLC16A2,SDC3,1,1
SLC16A2,SEPT2,1,1
SLC16A2,SIAH1,1,1
SLC16A2,SND1,1,1
SLC16A2,TAF11,1,1
SLC16A2,TAX1BP1,1,1
SLC16A2,TAX1BP3,1,1
SLC16A2,TMED4,1,1
SLC16A2,TMEM30A,1,1
SLC16A2,TMSB15B,1,1
SLC16A2,TNIK,1,1
SLC16A2,TRIM13,1,1
SLC16A2,VPS37C,1,1
SLC16A2,ZNF266,1,1
SLC16A2,ZNF354C,1,1
SLC16A2,ZNF788,1,1
IGSF8,ANXA2,1,1
IGSF8,APOL2,1,1
IGSF8,ARPC1B,1,1
IGSF8,BCL2L1,1,1
IGSF8,BHLHB9,1,1
IGSF8,CAMSAP1,1,1
IGSF8,CCNY,1,1
IGSF8,CDR2L,1,1
IGSF8,CHMP7,1,1
IGSF8,CHST3,1,1
IGSF8,CPNE2,1,1
IGSF8,CPSF7,1,1
IGSF8,CYTH2,1,1
IGSF8,DAPK3,1,1
IGSF8,DLG5,1,1
IGSF8,DNMBP,1,1
IGSF8,EHMT2,1,1
IGSF8,EXOC3,1,1
IGSF8,FAH,1,1
IGSF8,FAM65A,1,1
IGSF8,FBXW2,1,1
IGSF8,GFOD2,1,1
IGSF8,HIBADH,1,1
IGSF8,IBTK,1,1
IGSF8,INPP5A,1,1
IGSF8,ITSN1,1,1
IGSF8,KRIT1,1,1
IGSF8,MAPKAP1,1,1
IGSF8,MARK2,1,1
IGSF8,MED20,1,1
IGSF8,MEN1,1,1
IGSF8,NAALAD2,1,1
IGSF8,NCS1,1,1
IGSF8,NOP10,1,1
IGSF8,OTUB1,1,1
IGSF8,PAK1,1,1
IGSF8,PEX7,1,1
IGSF8,PIGX,1,1
IGSF8,PPP4R1,1,1
IGSF8,PRDM11,1,1
IGSF8,PRRC2A,1,1
IGSF8,R3HCC1,1,1
IGSF8,RGS14,1,1
IGSF8,RHBDD1,1,1
IGSF8,SETD7,1,1
IGSF8,SH3BP5L,1,1
IGSF8,SIL1,1,1
IGSF8,SUMF2,1,1
IGSF8,TFE3,1,1
IGSF8,TMC6,1,1
IGSF8,TMEM60,1,1
IGSF8,TOMM7,1,1
IGSF8,TOR4A,1,1
IGSF8,TRAF3IP2,1,1
IGSF8,TRIM8,1,1
IGSF8,TRIO,1,1
IGSF8,VPS4A,1,1
IGSF8,YY1,1,1
IGSF8,ZMYM6,1,1
IGSF8,ZNF48,1,1
IGSF8,ZNF532,1,1
ZNF562,ACO2,1,1
ZNF562,CASP9,1,1
ZNF562,KIAA0368,1,1
ZNF562,MTMR9,1,1
ZNF562,NHLRC3,1,1
ZNF562,WASF1,1,1
RPUSD2,PNP,1,1
RPUSD2,TRMT5,1,1
FAM53C,NFKB1,1,1
FAM53C,RABIF,1,1
FBXO3,ABCB8,1,1
FBXO3,C14ORF119,1,1
FBXO3,LY6E,1,1
FBXO3,PRKAB2,1,1
FBXO3,RAI1,1,1
FBXO3,RPL36AL,1,1
FBXO3,RUFY2,1,1
FBXO3,SLC35B2,1,1
FBXO3,TMOD3,1,1
FBXO3,TOX4,1,1
FBXO3,UBR1,1,1
FBXO3,VKORC1,1,1
FBXO3,ZNF772,1,1
CEP350,ADH5,1,1
CEP350,BACE2,1,1
CEP350,BBIP1,1,1
CEP350,CBX6,1,1
CEP350,COMMD7,1,1
CEP350,CSPG4,1,1
CEP350,CUTC,1,1
CEP350,DCTD,1,1
CEP350,DEAF1,1,1
CEP350,ENDOD1,1,1
CEP350,FAM135A,1,1
CEP350,ITPRIP,1,1
CEP350,MAP3K1,1,1
CEP350,MEF2C,1,1
CEP350,MITD1,1,1
CEP350,MOB2,1,1
CEP350,PIGX,1,1
CEP350,PRRC2C,1,1
CEP350,PTBP2,1,1
CEP350,RAB5C,1,1
CEP350,RPL14,1,1
CEP350,RPL32,1,1
CEP350,RPL7A,1,1
CEP350,RPS17,1,1
CEP350,RPS3,1,1
CEP350,RPS3A,1,1
CEP350,RPS6KL1,1,1
CEP350,SELK,1,1
CEP350,SMG7,1,1
CEP350,TGIF2,1,1
CEP350,TNS3,1,1
CEP350,TOR1AIP1,1,1
CEP350,TUBGCP2,1,1
CEP350,WDR6,1,1
CEP350,ZC4H2,1,1
CEP350,ZNF35,1,1
CEP350,ZSCAN9,1,1
RPL9,ABL1,1,1
RPL9,ACVR2B,1,1
RPL9,AIP,1,1
RPL9,AKIRIN1,1,1
RPL9,AREL1,1,1
RPL9,ARNT2,1,1
RPL9,ATP13A2,1,1
RPL9,BAD,1,1
RPL9,BAMBI,1,1
RPL9,BFAR,1,1
RPL9,BRD3,1,1
RPL9,CAPNS1,1,1
RPL9,CBX4,1,1
RPL9,CDK2AP2,1,1
RPL9,CDYL2,1,1
RPL9,COG8,1,1
RPL9,CYLD,1,1
RPL9,DAAM2,1,1
RPL9,DNPEP,1,1
RPL9,DSE,1,1
RPL9,DTNA,1,1
RPL9,DZIP1L,1,1
RPL9,EHD2,1,1
RPL9,FAM131A,1,1
RPL9,FBXL19,1,1
RPL9,FIBP,1,1
RPL9,GAREM2,1,1
RPL9,GGACT,1,1
RPL9,HOXC11,1,1
RPL9,HOXC6,1,1
RPL9,IP6K2,1,1
RPL9,KCNQ5,1,1
RPL9,KLF12,1,1
RPL9,LAMTOR1,1,1
RPL9,LRRC20,1,1
RPL9,LXN,1,1
RPL9,MAPKAPK3,1,1
RPL9,MBNL3,1,1
RPL9,MED19,1,1
RPL9,MSRA,1,1
RPL9,NELFB,1,1
RPL9,NPHP4,1,1
RPL9,NT5C,1,1
RPL9,PCMT1,1,1
RPL9,PEX3,1,1
RPL9,PLOD1,1,1
RPL9,PON2,1,1
RPL9,PPA2,1,1
RPL9,PPIL3,1,1
RPL9,PPP1R26,1,1
RPL9,PPT1,1,1
RPL9,PRR13,1,1
RPL9,RPL29,1,1
RPL9,RPL9P9,1,1
RPL9,RPS25,1,1
RPL9,RRAGB,1,1
RPL9,RXRG,1,1
RPL9,SCMH1,1,1
RPL9,SDC3,1,1
RPL9,SDK1,1,1
RPL9,SLC39A9,1,1
RPL9,SND1,1,1
RPL9,SPTBN2,1,1
RPL9,SPTLC2,1,1
RPL9,TERF2IP,1,1
RPL9,THEM4,1,1
RPL9,TMEM258,1,1
RPL9,TMSB10,1,1
RPL9,TMSB15B,1,1
RPL9,TRAF7,1,1
RPL9,TTI2,1,1
RPL9,UBXN1,1,1
RPL9,VHL,1,1
RPL9,VPS51,1,1
RPL9,ZCCHC17,1,1
RPL9,ZNF266,1,1
RPL9,ZNF510,1,1
RPL9,ZNF788,1,1
ATP13A2,ABCB8,1,1
ATP13A2,ABL1,1,1
ATP13A2,AHCYL1,1,1
ATP13A2,AKIRIN1,1,1
ATP13A2,AREL1,1,1
ATP13A2,ARFGAP2,1,1
ATP13A2,BAD,1,1
ATP13A2,BAMBI,1,1
ATP13A2,BFAR,1,1
ATP13A2,C1GALT1C1,1,1
ATP13A2,CREBZF,1,1
ATP13A2,CYLD,1,1
ATP13A2,DAAM2,1,1
ATP13A2,DLG5,1,1
ATP13A2,DNAJC8,1,1
ATP13A2,DNPEP,1,1
ATP13A2,DTNA,1,1
ATP13A2,FAM131A,1,1
ATP13A2,FBXL14,1,1
ATP13A2,FBXO11,1,1
ATP13A2,GCC2,1,1
ATP13A2,GGCX,1,1
ATP13A2,HELZ,1,1
ATP13A2,INPP5A,1,1
ATP13A2,INPP5E,1,1
ATP13A2,IP6K2,1,1
ATP13A2,KANK1,1,1
ATP13A2,KCNQ5,1,1
ATP13A2,KLC1,1,1
ATP13A2,KLHDC4,1,1
ATP13A2,KLHL7,1,1
ATP13A2,KRIT1,1,1
ATP13A2,LAMTOR1,1,1
ATP13A2,LITAF,1,1
ATP13A2,LRRC20,1,1
ATP13A2,MAD1L1,1,1
ATP13A2,MBNL3,1,1
ATP13A2,MED19,1,1
ATP13A2,MMP14,1,1
ATP13A2,NAGPA,1,1
ATP13A2,NFU1,1,1
ATP13A2,NPHP4,1,1
ATP13A2,NSMF,1,1
ATP13A2,NT5C,1,1
ATP13A2,NUDT11,1,1
ATP13A2,PAK1,1,1
ATP13A2,PDE3B,1,1
ATP13A2,PEX3,1,1
ATP13A2,POLR2G,1,1
ATP13A2,PON2,1,1
ATP13A2,PPT1,1,1
ATP13A2,RAB2A,1,1
ATP13A2,RAI1,1,1
ATP13A2,RFTN1,1,1
ATP13A2,SARNP,1,1
ATP13A2,SCMH1,1,1
ATP13A2,SDC3,1,1
ATP13A2,SERINC5,1,1
ATP13A2,SIAH1,1,1
ATP13A2,SND1,1,1
ATP13A2,SOX6,1,1
ATP13A2,STARD3NL,1,1
ATP13A2,TBK1,1,1
ATP13A2,THEM4,1,1
ATP13A2,TMEM136,1,1
ATP13A2,TMSB15B,1,1
ATP13A2,TPCN1,1,1
ATP13A2,TRNAU1AP,1,1
ATP13A2,TUBGCP4,1,1
ATP13A2,UBXN1,1,1
ATP13A2,VPS4A,1,1
ATP13A2,VPS51,1,1
ATP13A2,ZCCHC17,1,1
ATP13A2,ZNF48,1,1
ATP13A2,ZNF510,1,1
ATP13A2,ZNF772,1,1
DGAT1,MINA,1,1
DGAT1,PPP4R3A,1,1
DGAT1,RPUSD3,1,1
SNX21,ABL1,1,1
SNX21,APBB2,1,1
SNX21,ARRDC1,1,1
SNX21,BAD,1,1
SNX21,CES2,1,1
SNX21,CHMP7,1,1
SNX21,COG8,1,1
SNX21,DDAH2,1,1
SNX21,DENND2A,1,1
SNX21,DMTN,1,1
SNX21,DTNA,1,1
SNX21,EHD2,1,1
SNX21,FAM131A,1,1
SNX21,FAM168A,1,1
SNX21,FAM89B,1,1
SNX21,FBXL15,1,1
SNX21,FBXL19,1,1
SNX21,FIBP,1,1
SNX21,LINC00094,1,1
SNX21,LTBP3,1,1
SNX21,LZTFL1,1,1
SNX21,MAF 1.00,1,1
SNX21,MAP4K2,1,1
SNX21,MYADM,1,1
SNX21,NDUFA6,1,1
SNX21,NPRL2,1,1
SNX21,OTUB2,1,1
SNX21,PARP3,1,1
SNX21,PKN1,1,1
SNX21,PPT1,1,1
SNX21,PRDX5,1,1
SNX21,PSENEN,1,1
SNX21,RNF41,1,1
SNX21,SETD5,1,1
SNX21,TFE3,1,1
SNX21,TNFAIP1,1,1
SNX21,TP53,1,1
SNX21,TRIM8,1,1
SNX21,UBXN1,1,1
SNX21,VPS51,1,1
ACOT9,CIZ1,1,1
ACOT9,HIVEP1,1,1
ACOT9,LATS2,1,1
ACOT9,MSANTD3,1,1
ACOT9,RUSC1,1,1
ACOT9,WASF3,1,1
ACOT9,WDR20,1,1
RPL32,ADH5,1,1
RPL32,ARHGEF9,1,1
RPL32,AVEN,1,1
RPL32,BHLHB9,1,1
RPL32,CBX4,1,1
RPL32,CCNY,1,1
RPL32,CDR2L,1,1
RPL32,CDYL2,1,1
RPL32,DCTD,1,1
RPL32,DEAF1,1,1
RPL32,DENND4A,1,1
RPL32,DHDDS,1,1
RPL32,DMTN,1,1
RPL32,DPH7,1,1
RPL32,ENDOD1,1,1
RPL32,FAM135A,1,1
RPL32,FBXO46,1,1
RPL32,FBXW2,1,1
RPL32,FIBP,1,1
RPL32,GMPR2,1,1
RPL32,HOXC11,1,1
RPL32,IBTK,1,1
RPL32,ITGB1,1,1
RPL32,ITPRIP,1,1
RPL32,LRRC20,1,1
RPL32,LZTFL1,1,1
RPL32,MED20,1,1
RPL32,MEN1,1,1
RPL32,MT1F,1,1
RPL32,MX2,1,1
RPL32,NDUFB2,1,1
RPL32,NT5C,1,1
RPL32,PCMTD2,1,1
RPL32,PIGX,1,1
RPL32,PPDPF,1,1
RPL32,PPIL3,1,1
RPL32,QKI,1,1
RPL32,RAB2A,1,1
RPL32,RAB5C,1,1
RPL32,RNASEH2B,1,1
RPL32,RPL15,1,1
RPL32,RPL26,1,1
RPL32,RPL29,1,1
RPL32,RPL7A,1,1
RPL32,RPL9P9,1,1
RPL32,RPS17,1,1
RPL32,RPS20,1,1
RPL32,RPS27,1,1
RPL32,RPS3,1,1
RPL32,RPS3A,1,1
RPL32,RRAGB,1,1
RPL32,SELK,1,1
RPL32,TFE3,1,1
RPL32,TGIF2,1,1
RPL32,TMC6,1,1
RPL32,TMEM203,1,1
RPL32,TMEM50B,1,1
RPL32,TMSB10,1,1
RPL32,TNIP1,1,1
RPL32,TOR4A,1,1
RPL32,TP53,1,1
RPL32,TPM2,1,1
RPL32,TRERF1,1,1
RPL32,TRIM8,1,1
RPL32,TRIO,1,1
RPL32,TSPAN5,1,1
RPL32,TUBGCP2,1,1
RPL32,UBAC1,1,1
RPL32,UBXN1,1,1
RPL32,ZBED6,1,1
RPL32,ZNF22,1,1
RPL32,ZNF23,1,1
RPL32,ZSCAN9,1,1
SARNP,ABCB8,1,1
SARNP,AGO1,1,1
SARNP,AMFR,1,1
SARNP,AQR,1,1
SARNP,AREL1,1,1
SARNP,BFAR,1,1
SARNP,BHLHB9,1,1
SARNP,C14ORF119,1,1
SARNP,C1GALT1C1,1,1
SARNP,C3ORF38,1,1
SARNP,CHST12,1,1
SARNP,DAAM2,1,1
SARNP,DDX41,1,1
SARNP,DIS3,1,1
SARNP,DNAJC24,1,1
SARNP,DTNA,1,1
SARNP,FBXL14,1,1
SARNP,FBXO11,1,1
SARNP,GGCX,1,1
SARNP,IFNGR2,1,1
SARNP,ITGB1,1,1
SARNP,ITSN1,1,1
SARNP,KLHL7,1,1
SARNP,KRIT1,1,1
SARNP,LITAF,1,1
SARNP,MAPKAP1,1,1
SARNP,MAPKAPK3,1,1
SARNP,MED19,1,1
SARNP,MMP14,1,1
SARNP,NOP10,1,1
SARNP,NPHP4,1,1
SARNP,NSMF,1,1
SARNP,NT5C,1,1
SARNP,NUDT11,1,1
SARNP,PDE3B,1,1
SARNP,POLR2G,1,1
SARNP,PPT1,1,1
SARNP,PRKAB2,1,1
SARNP,RAI1,1,1
SARNP,RPL36AL,1,1
SARNP,SASH1,1,1
SARNP,SH3BP5L,1,1
SARNP,SLC39A9,1,1
SARNP,SMPDL3A,1,1
SARNP,SOX6,1,1
SARNP,THEM4,1,1
SARNP,TMEM203,1,1
SARNP,TMOD3,1,1
SARNP,TPCN1,1,1
SARNP,TRNAU1AP,1,1
SARNP,TUBGCP4,1,1
SARNP,TXNDC11,1,1
SARNP,UBR1,1,1
SARNP,VPS4A,1,1
SARNP,ZNF23,1,1
SARNP,ZNF510,1,1
SARNP,ZNF669,1,1
SARNP,ZNF772,1,1
SETD5,ABL1,1,1
SETD5,APBB2,1,1
SETD5,BAD,1,1
SETD5,DLG5,1,1
SETD5,DNAJC8,1,1
SETD5,DTNA,1,1
SETD5,FAM131A,1,1
SETD5,FAM168A,1,1
SETD5,FBXL15,1,1
SETD5,FBXL19,1,1
SETD5,FHOD3,1,1
SETD5,GAS2L3,1,1
SETD5,HOXC6,1,1
SETD5,KCNQ5,1,1
SETD5,KLC1,1,1
SETD5,LINC00094,1,1
SETD5,MAF 1.00,1,1
SETD5,PPP1R26,1,1
SETD5,PSENEN,1,1
SETD5,PTP4A1,1,1
SETD5,SCMH1,1,1
SETD5,SERINC5,1,1
SETD5,SND1,1,1
SETD5,TMEM136,1,1
SETD5,TTI2,1,1
SETD5,TUBGCP4,1,1
SETD5,VPS51,1,1
CFDP1,ALDOA,1,1
CFDP1,APBB2,1,1
CFDP1,ARAP1,1,1
CFDP1,ARAP3,1,1
CFDP1,ARL 10.00,1,1
CFDP1,ATP5G3,1,1
CFDP1,BMP7,1,1
CFDP1,BRK1,1,1
CFDP1,CD320,1,1
CFDP1,CNTNAP3,1,1
CFDP1,CRHR1-IT1,1,1
CFDP1,DDR1,1,1
CFDP1,DNAJA3,1,1
CFDP1,FH,1,1
CFDP1,GPR173,1,1
CFDP1,IQSEC1,1,1
CFDP1,JUND,1,1
CFDP1,MALSU1,1,1
CFDP1,MARCH8,1,1
CFDP1,MRPL40,1,1
CFDP1,MRPS15,1,1
CFDP1,PBX2,1,1
CFDP1,PITPNM1,1,1
CFDP1,PPP1R26,1,1
CFDP1,SDK1,1,1
CFDP1,SLC6A9,1,1
CFDP1,TADA3,1,1
CFDP1,TERF2IP,1,1
CFDP1,TMEM44,1,1
CFDP1,TUBG1,1,1
CFDP1,USP45,1,1
CFDP1,ZKSCAN7,1,1
CFDP1,ZNF32,1,1
TLR4,CASP7,1,1
TLR4,CMTM4,1,1
TLR4,DCP1A,1,1
TLR4,SYNJ2BP,1,1
TLR4,VWA8,1,1
FRG1CP,COMMD10,1,1
FRG1CP,HIST2H2BF,1,1
FRG1CP,PMP22,1,1
FRG1CP,SVIL,1,1
ZNF581,CDK2AP2,1,1
ZNF581,DKK 3.00,1,1
ZNF581,EPS8L2,1,1
ZNF581,FADS3,1,1
ZNF581,FAM89B,1,1
ZNF581,GAREM2,1,1
ZNF581,GGCT,1,1
ZNF581,HSD11B1L,1,1
ZNF581,IFT52,1,1
ZNF581,JUND,1,1
ZNF581,MAD2L1BP,1,1
ZNF581,MRPL43,1,1
ZNF581,NAXD,1,1
ZNF581,NOMO2,1,1
ZNF581,OTUD5,1,1
ZNF581,PBX2,1,1
ZNF581,PPP1R11,1,1
ZNF581,RBMS2,1,1
ZNF581,RNF121,1,1
ZNF581,RPAIN,1,1
ZNF581,RXRB,1,1
ZNF581,SPRYD4,1,1
ZNF581,SPTBN2,1,1
ZNF581,STAP2,1,1
ZNF581,TANC1,1,1
ZNF581,TMEM258,1,1
ZNF581,TRAF3IP2,1,1
ZNF581,TRIM46,1,1
ZNF581,ZBTB12,1,1
ZNF581,ZFP41,1,1
NDUFA4,ARV1,1,1
NDUFA4,COMMD7,1,1
NDUFA4,CYTH2,1,1
NDUFA4,DYNC2LI1,1,1
NDUFA4,EHD1,1,1
NDUFA4,HSPA2,1,1
NDUFA4,KAT6B,1,1
NDUFA4,LRRC1,1,1
NDUFA4,MED22,1,1
NDUFA4,MOB2,1,1
NDUFA4,NDUFB10,1,1
NDUFA4,NDUFB2,1,1
NDUFA4,PDZD8,1,1
NDUFA4,PLBD2,1,1
NDUFA4,PRRC2A,1,1
NDUFA4,TMC6,1,1
NDUFA4,TRAF3IP2,1,1
NDUFA4,UBP1,1,1
UBR1,ABCB8,1,1
UBR1,AMFR,1,1
UBR1,ANKS6,1,1
UBR1,ANP32A,1,1
UBR1,AQR,1,1
UBR1,ARPC1B,1,1
UBR1,BHLHB9,1,1
UBR1,C14ORF119,1,1
UBR1,C1GALT1C1,1,1
UBR1,CAMSAP1,1,1
UBR1,CDC42SE1,1,1
UBR1,CDR2L,1,1
UBR1,CHMP7,1,1
UBR1,CHST12,1,1
UBR1,COG8,1,1
UBR1,CPNE2,1,1
UBR1,CSTF2T,1,1
UBR1,DAAM2,1,1
UBR1,DCP1A,1,1
UBR1,DDX41,1,1
UBR1,DEDD,1,1
UBR1,DENND4A,1,1
UBR1,DIS3,1,1
UBR1,DNAJC21,1,1
UBR1,DNAJC24,1,1
UBR1,DNMBP,1,1
UBR1,FAM65A,1,1
UBR1,FBXW2,1,1
UBR1,GFOD2,1,1
UBR1,GGCX,1,1
UBR1,GMPR2,1,1
UBR1,GNAS,1,1
UBR1,HDAC7,1,1
UBR1,HMGN4,1,1
UBR1,ITGB1,1,1
UBR1,ITSN1,1,1
UBR1,KLHL7,1,1
UBR1,KREMEN1,1,1
UBR1,LY6E,1,1
UBR1,MAD1L1,1,1
UBR1,MAPKAP1,1,1
UBR1,MED19,1,1
UBR1,MED20,1,1
UBR1,NAGPA,1,1
UBR1,NBL1,1,1
UBR1,NCS1,1,1
UBR1,NFATC3,1,1
UBR1,NIPBL,1,1
UBR1,NOP10,1,1
UBR1,NT5C,1,1
UBR1,NXPE3,1,1
UBR1,PAFAH1B2,1,1
UBR1,PAK1,1,1
UBR1,PIN1,1,1
UBR1,PKN1,1,1
UBR1,POLR2G,1,1
UBR1,PPP2R3A,1,1
UBR1,PPT1,1,1
UBR1,PRKAB2,1,1
UBR1,R3HCC1,1,1
UBR1,RAI1,1,1
UBR1,RNF169,1,1
UBR1,RPGRIP1L,1,1
UBR1,RPUSD3,1,1
UBR1,RRAGB,1,1
UBR1,RUFY2,1,1
UBR1,SH3BP5L,1,1
UBR1,SLC35B2,1,1
UBR1,SLC39A9,1,1
UBR1,SLC9A3R2,1,1
UBR1,SMPDL3A,1,1
UBR1,SNTB2,1,1
UBR1,SOX6,1,1
UBR1,TAF1,1,1
UBR1,TFE3,1,1
UBR1,TLDC1,1,1
UBR1,TMEM203,1,1
UBR1,TMEM60,1,1
UBR1,TMOD3,1,1
UBR1,TOMM7,1,1
UBR1,TOX4,1,1
UBR1,TPCN1,1,1
UBR1,TRNAU1AP,1,1
UBR1,TUBGCP4,1,1
UBR1,VKORC1,1,1
UBR1,VPS4A,1,1
UBR1,WASF1,1,1
UBR1,YY1,1,1
UBR1,ZBED6,1,1
UBR1,ZNF23,1,1
UBR1,ZNF510,1,1
UBR1,ZNF532,1,1
UBR1,ZNF669,1,1
UBR1,ZNF772,1,1
THOC1,H6PD,1,1
THOC1,HNRNPDL,1,1
THOC1,PCNX4,1,1
THOC1,SS18L2,1,1
THOC1,UTP3,1,1
FBXL14,ABCB8,1,1
FBXL14,ARFGAP2,1,1
FBXL14,BAMBI,1,1
FBXL14,BTBD7,1,1
FBXL14,CCNK,1,1
FBXL14,CIZ1,1,1
FBXL14,DDX41,1,1
FBXL14,DLG5,1,1
FBXL14,FBXO11,1,1
FBXL14,GGCX,1,1
FBXL14,INPP5A,1,1
FBXL14,IP6K2,1,1
FBXL14,ITSN1,1,1
FBXL14,KLHDC4,1,1
FBXL14,KLHL7,1,1
FBXL14,LAMTOR1,1,1
FBXL14,LITAF,1,1
FBXL14,MAD1L1,1,1
FBXL14,MED19,1,1
FBXL14,MMP14,1,1
FBXL14,NFU1,1,1
FBXL14,NPHP4,1,1
FBXL14,NSMF,1,1
FBXL14,NUDT11,1,1
FBXL14,PAK1,1,1
FBXL14,SCMH1,1,1
FBXL14,SDC3,1,1
FBXL14,SND1,1,1
FBXL14,TET2,1,1
FBXL14,TRNAU1AP,1,1
FBXL14,TUBGCP4,1,1
FBXL14,VPS4A,1,1
FBXL14,ZNF510,1,1
FBXL14,ZNF772,1,1
PMP22,ABCF3,1,1
PMP22,ADH5,1,1
PMP22,BLOC1S2,1,1
PMP22,COMMD10,1,1
PMP22,HIST2H2BF,1,1
PMP22,MEF2C,1,1
PMP22,PDZRN3,1,1
PMP22,RNASEH2B,1,1
PMP22,RPS17,1,1
PMP22,RPS3A,1,1
PMP22,TNS3,1,1
PMP22,ZC4H2,1,1
DZIP1L,ACVR2B,1,1
DZIP1L,ADGRG6,1,1
DZIP1L,AIP,1,1
DZIP1L,AREL1,1,1
DZIP1L,ARNT2,1,1
DZIP1L,ATPAF1,1,1
DZIP1L,BRD3,1,1
DZIP1L,CAPNS1,1,1
DZIP1L,CASP6,1,1
DZIP1L,CDK2AP2,1,1
DZIP1L,CIDEB,1,1
DZIP1L,COA6,1,1
DZIP1L,CSPG4,1,1
DZIP1L,DOPEY2,1,1
DZIP1L,EEPD1,1,1
DZIP1L,ELF4,1,1
DZIP1L,FZD7,1,1
DZIP1L,GAREM2,1,1
DZIP1L,HOXC6,1,1
DZIP1L,IFT52,1,1
DZIP1L,KCNQ5,1,1
DZIP1L,KLF12,1,1
DZIP1L,LRP11,1,1
DZIP1L,MAD2L1BP,1,1
DZIP1L,MRPL43,1,1
DZIP1L,MRPL45,1,1
DZIP1L,MRPS31,1,1
DZIP1L,NAXD,1,1
DZIP1L,NELFB,1,1
DZIP1L,NRCAM,1,1
DZIP1L,PCMT1,1,1
DZIP1L,PGAP1,1,1
DZIP1L,PIGH,1,1
DZIP1L,PLEKHO1,1,1
DZIP1L,PLOD1,1,1
DZIP1L,PPA2,1,1
DZIP1L,PPIL3,1,1
DZIP1L,PPP1R26,1,1
DZIP1L,PREP,1,1
DZIP1L,PRR13,1,1
DZIP1L,QRSL1,1,1
DZIP1L,RHBDF2,1,1
DZIP1L,RXRG,1,1
DZIP1L,SDC3,1,1
DZIP1L,SPRYD4,1,1
DZIP1L,SPTBN2,1,1
DZIP1L,SPTLC2,1,1
DZIP1L,STEAP1B,1,1
DZIP1L,SUPT20H,1,1
DZIP1L,TCEAL1,1,1
DZIP1L,TERF2IP,1,1
DZIP1L,TNIK,1,1
DZIP1L,TRAF7,1,1
DZIP1L,UBXN1,1,1
DZIP1L,USP25,1,1
DZIP1L,ZBED3,1,1
DZIP1L,ZCCHC17,1,1
DZIP1L,ZKSCAN8,1,1
DZIP1L,ZNF266,1,1
DZIP1L,ZNF788,1,1
PREP,ABL1,1,1
PREP,ACVR2B,1,1
PREP,ADGRG6,1,1
PREP,AIP,1,1
PREP,AKIRIN1,1,1
PREP,AP1S2,1,1
PREP,ARNT2,1,1
PREP,BAD,1,1
PREP,BRD3,1,1
PREP,CCDC169,1,1
PREP,CDK2AP2,1,1
PREP,CLTB,1,1
PREP,CNTN1,1,1
PREP,COA6,1,1
PREP,CSPG4,1,1
PREP,CX3CL1,1,1
PREP,DEGS1,1,1
PREP,DESI1,1,1
PREP,DOPEY2,1,1
PREP,ELF4,1,1
PREP,EPHB4,1,1
PREP,EPS8L2,1,1
PREP,FAM127C,1,1
PREP,FBXL15,1,1
PREP,FZD7,1,1
PREP,GAREM2,1,1
PREP,HIVEP1,1,1
PREP,HNRNPUL2,1,1
PREP,HOXC11,1,1
PREP,HOXC6,1,1
PREP,HSD11B1L,1,1
PREP,IFT52,1,1
PREP,IP6K2,1,1
PREP,JUND,1,1
PREP,KCNQ5,1,1
PREP,LAMTOR1,1,1
PREP,LATS2,1,1
PREP,LRP11,1,1
PREP,MAD2L1BP,1,1
PREP,MAP3K1,1,1
PREP,MMGT1,1,1
PREP,MRPL43,1,1
PREP,MRPL45,1,1
PREP,MRPS31,1,1
PREP,NAXD,1,1
PREP,NELFB,1,1
PREP,NOMO2,1,1
PREP,NRCAM,1,1
PREP,NUMA1,1,1
PREP,PCMT1,1,1
PREP,PEX2,1,1
PREP,PGAP1,1,1
PREP,PHTF2,1,1
PREP,PIGH,1,1
PREP,PLOD1,1,1
PREP,PON2,1,1
PREP,PPP1R26,1,1
PREP,PRR13,1,1
PREP,QRSL1,1,1
PREP,RAB1A,1,1
PREP,RFTN1,1,1
PREP,RHBDF2,1,1
PREP,RP11-2C24.9,1,1
PREP,RPAIN,1,1
PREP,RXRB,1,1
PREP,RXRG,1,1
PREP,SAP30BP,1,1
PREP,SDC3,1,1
PREP,SDCCAG8,1,1
PREP,SEC63,1,1
PREP,SIAH1,1,1
PREP,SPRYD4,1,1
PREP,SPTBN2,1,1
PREP,SPTLC2,1,1
PREP,STEAP1B,1,1
PREP,SUPT20H,1,1
PREP,TAF11,1,1
PREP,TAX1BP1,1,1
PREP,TCEAL1,1,1
PREP,TEX15,1,1
PREP,THEM4,1,1
PREP,TMEM258,1,1
PREP,TMEM30A,1,1
PREP,TNFSF13B,1,1
PREP,TNIK,1,1
PREP,TRAF7,1,1
PREP,TTI2,1,1
PREP,UBXN1,1,1
PREP,USP25,1,1
PREP,ZBTB12,1,1
PREP,ZCCHC17,1,1
PREP,ZKSCAN8,1,1
PREP,ZNF266,1,1
PREP,ZNF280D,1,1
PREP,ZNF48,1,1
PREP,ZNF542P,1,1
PREP,ZNF740,1,1
PREP,ZNF788,1,1
PREP,ZSCAN9,1,1
SETD7,ALG5,1,1
SETD7,ANXA2,1,1
SETD7,AP4S1,1,1
SETD7,AQR,1,1
SETD7,ARHGAP10,1,1
SETD7,ASAP3,1,1
SETD7,ASXL1,1,1
SETD7,BCL2L1,1,1
SETD7,BHLHB9,1,1
SETD7,CAMSAP1,1,1
SETD7,CCNY,1,1
SETD7,CFL1,1,1
SETD7,CHMP7,1,1
SETD7,CPSF7,1,1
SETD7,CSTF2T,1,1
SETD7,CUL2,1,1
SETD7,DCP1A,1,1
SETD7,DDX50,1,1
SETD7,DNAJC21,1,1
SETD7,DNMBP,1,1
SETD7,FAM204A,1,1
SETD7,FBXW2,1,1
SETD7,GFOD2,1,1
SETD7,GGA1,1,1
SETD7,HMGN4,1,1
SETD7,INTS5,1,1
SETD7,ITSN1,1,1
SETD7,KBTBD4,1,1
SETD7,LARP4B,1,1
SETD7,LCMT2,1,1
SETD7,MAPKAP1,1,1
SETD7,MT1F,1,1
SETD7,NAALAD2,1,1
SETD7,NCS1,1,1
SETD7,NDUFB2,1,1
SETD7,NFATC3,1,1
SETD7,NOP10,1,1
SETD7,NPRL3,1,1
SETD7,OTUB1,1,1
SETD7,PARG,1,1
SETD7,PDCL,1,1
SETD7,PDZD8,1,1
SETD7,PEMT,1,1
SETD7,POLR3A,1,1
SETD7,PPP4R1,1,1
SETD7,PRDM11,1,1
SETD7,PRRC2A,1,1
SETD7,RABL3,1,1
SETD7,RBM17,1,1
SETD7,RCE1,1,1
SETD7,REST,1,1
SETD7,RHBDD1,1,1
SETD7,RNF169,1,1
SETD7,SH3BP5L,1,1
SETD7,SIL1,1,1
SETD7,SUMF2,1,1
SETD7,TERF2,1,1
SETD7,TMC6,1,1
SETD7,TMEM170A,1,1
SETD7,TMEM177,1,1
SETD7,TOMM7,1,1
SETD7,TOR4A,1,1
SETD7,TRIO,1,1
SETD7,UBAC1,1,1
SETD7,WDR82,1,1
SETD7,YME1L1,1,1
SETD7,YY1,1,1
SETD7,ZBED6,1,1
SETD7,ZC4H2,1,1
SETD7,ZNF37A,1,1
MAPKAP1,ABCB8,1,1
MAPKAP1,AGO1,1,1
MAPKAP1,ANKS6,1,1
MAPKAP1,ANP32A,1,1
MAPKAP1,ANXA2,1,1
MAPKAP1,AP4S1,1,1
MAPKAP1,APOL2,1,1
MAPKAP1,AQR,1,1
MAPKAP1,ARHGAP10,1,1
MAPKAP1,ARPC1B,1,1
MAPKAP1,ASAP3,1,1
MAPKAP1,AVEN,1,1
MAPKAP1,BCL2L1,1,1
MAPKAP1,BHLHB9,1,1
MAPKAP1,C14ORF119,1,1
MAPKAP1,C1GALT1C1,1,1
MAPKAP1,C3ORF38,1,1
MAPKAP1,CAMSAP1,1,1
MAPKAP1,CBX4,1,1
MAPKAP1,CCNY,1,1
MAPKAP1,CDR2L,1,1
MAPKAP1,CDYL2,1,1
MAPKAP1,CFL1,1,1
MAPKAP1,CHMP7,1,1
MAPKAP1,CHST12,1,1
MAPKAP1,CHST3,1,1
MAPKAP1,COG8,1,1
MAPKAP1,CPNE2,1,1
MAPKAP1,CPSF7,1,1
MAPKAP1,CSTF2T,1,1
MAPKAP1,DAAM2,1,1
MAPKAP1,DCP1A,1,1
MAPKAP1,DDX50,1,1
MAPKAP1,DENND4A,1,1
MAPKAP1,DIS3,1,1
MAPKAP1,DLG5,1,1
MAPKAP1,DNAJC21,1,1
MAPKAP1,DNAJC24,1,1
MAPKAP1,DNMBP,1,1
MAPKAP1,DPH7,1,1
MAPKAP1,EXOC3,1,1
MAPKAP1,FAH,1,1
MAPKAP1,FAM131A,1,1
MAPKAP1,FAM65A,1,1
MAPKAP1,FBXO46,1,1
MAPKAP1,FBXW2,1,1
MAPKAP1,FIBP,1,1
MAPKAP1,GFOD2,1,1
MAPKAP1,GGA1,1,1
MAPKAP1,GGCX,1,1
MAPKAP1,GMPR2,1,1
MAPKAP1,GNAS,1,1
MAPKAP1,HDAC7,1,1
MAPKAP1,HMGN4,1,1
MAPKAP1,HPS6,1,1
MAPKAP1,HUS1,1,1
MAPKAP1,IBTK,1,1
MAPKAP1,INPP5A,1,1
MAPKAP1,INTS5,1,1
MAPKAP1,IP6K2,1,1
MAPKAP1,ITGB1,1,1
MAPKAP1,ITSN1,1,1
MAPKAP1,KLHL7,1,1
MAPKAP1,KREMEN1,1,1
MAPKAP1,KRIT1,1,1
MAPKAP1,LAGE3,1,1
MAPKAP1,LAMTOR1,1,1
MAPKAP1,LARP4B,1,1
MAPKAP1,LRRC20,1,1
MAPKAP1,MARK2,1,1
MAPKAP1,MED19,1,1
MAPKAP1,MED20,1,1
MAPKAP1,MEN1,1,1
MAPKAP1,MT1F,1,1
MAPKAP1,MTO1,1,1
MAPKAP1,NAALAD2,1,1
MAPKAP1,NAGPA,1,1
MAPKAP1,NCS1,1,1
MAPKAP1,NDUFB2,1,1
MAPKAP1,NFATC3,1,1
MAPKAP1,NOP10,1,1
MAPKAP1,NT5C,1,1
MAPKAP1,NUDT11,1,1
MAPKAP1,NUMA1,1,1
MAPKAP1,OTUB1,1,1
MAPKAP1,PAK1,1,1
MAPKAP1,PARG,1,1
MAPKAP1,PDCL,1,1
MAPKAP1,PIGX,1,1
MAPKAP1,PKN1,1,1
MAPKAP1,POLR2G,1,1
MAPKAP1,PPP2R3A,1,1
MAPKAP1,PPP4R1,1,1
MAPKAP1,PPT1,1,1
MAPKAP1,PRDM11,1,1
MAPKAP1,PRKAR1A,1,1
MAPKAP1,PRR16,1,1
MAPKAP1,PTPMT1,1,1
MAPKAP1,QKI,1,1
MAPKAP1,R3HCC1,1,1
MAPKAP1,RAB2A,1,1
MAPKAP1,RABL3,1,1
MAPKAP1,RAF1,1,1
MAPKAP1,RBPJ,1,1
MAPKAP1,RHBDD1,1,1
MAPKAP1,RHBDD3,1,1
MAPKAP1,RNASEH2B,1,1
MAPKAP1,RNF166,1,1
MAPKAP1,RNF169,1,1
MAPKAP1,RPGRIP1L,1,1
MAPKAP1,RPS3,1,1
MAPKAP1,RRAGB,1,1
MAPKAP1,SAV1,1,1
MAPKAP1,SH3BP5L,1,1
MAPKAP1,SIL1,1,1
MAPKAP1,SLC39A9,1,1
MAPKAP1,SLC9A3R2,1,1
MAPKAP1,SNTB2,1,1
MAPKAP1,SOX6,1,1
MAPKAP1,TERF2,1,1
MAPKAP1,TFE3,1,1
MAPKAP1,TMEM170A,1,1
MAPKAP1,TMEM203,1,1
MAPKAP1,TMEM60,1,1
MAPKAP1,TMOD3,1,1
MAPKAP1,TMSB10,1,1
MAPKAP1,TOMM7,1,1
MAPKAP1,TOR4A,1,1
MAPKAP1,TPCN1,1,1
MAPKAP1,TRERF1,1,1
MAPKAP1,TRIM8,1,1
MAPKAP1,TRIO,1,1
MAPKAP1,TRNAU1AP,1,1
MAPKAP1,TSPAN5,1,1
MAPKAP1,UBAC1,1,1
MAPKAP1,UBXN1,1,1
MAPKAP1,VPS4A,1,1
MAPKAP1,WDR82,1,1
MAPKAP1,YY1,1,1
MAPKAP1,ZBED6,1,1
MAPKAP1,ZMYM6,1,1
MAPKAP1,ZNF22,1,1
MAPKAP1,ZNF23,1,1
MAPKAP1,ZNF48,1,1
MAPKAP1,ZNF510,1,1
MAPKAP1,ZNF532,1,1
MAPKAP1,ZNF669,1,1
MAPKAP1,ZNF772,1,1
PRDX5,ARHGEF9,1,1
PRDX5,CES2,1,1
PRDX5,DDAH2,1,1
PRDX5,DENND2A,1,1
PRDX5,DMTN,1,1
PRDX5,EHD2,1,1
PRDX5,FAM89B,1,1
PRDX5,FIBP,1,1
PRDX5,GGACT,1,1
PRDX5,LDAH,1,1
PRDX5,LTBP3,1,1
PRDX5,LZTFL1,1,1
PRDX5,MAP4K2,1,1
PRDX5,MYADM,1,1
PRDX5,NPRL2,1,1
PRDX5,PARP3,1,1
PRDX5,PPIL3,1,1
PRDX5,RPS27,1,1
PRDX5,SEPT5,1,1
PRDX5,TMEM42,1,1
PRDX5,TP53,1,1
PRDX5,TSHZ3,1,1
PRDX5,TTLL7,1,1
PRDX5,ZNF133,1,1
RABL3,ALG5,1,1
RABL3,ANXA2,1,1
RABL3,AP4S1,1,1
RABL3,AQR,1,1
RABL3,ARHGAP10,1,1
RABL3,ASAP3,1,1
RABL3,AVEN,1,1
RABL3,BHLHB9,1,1
RABL3,C3ORF38,1,1
RABL3,CAMSAP1,1,1
RABL3,CCNY,1,1
RABL3,CDYL2,1,1
RABL3,CFL1,1,1
RABL3,CHST12,1,1
RABL3,COPS4,1,1
RABL3,CPSF7,1,1
RABL3,CSTF2T,1,1
RABL3,CUL2,1,1
RABL3,DCTD,1,1
RABL3,DDX50,1,1
RABL3,DNAJC21,1,1
RABL3,DNMBP,1,1
RABL3,ERBIN,1,1
RABL3,FAM204A,1,1
RABL3,GFOD2,1,1
RABL3,GGA1,1,1
RABL3,GTPBP8,1,1
RABL3,HMGN4,1,1
RABL3,HMGN5,1,1
RABL3,HNRNPUL2,1,1
RABL3,HPS6,1,1
RABL3,ITGB1,1,1
RABL3,ITPRIPL1,1,1
RABL3,ITSN1,1,1
RABL3,LARP4B,1,1
RABL3,LDOC1L,1,1
RABL3,MED4,1,1
RABL3,MRPL16,1,1
RABL3,MT1F,1,1
RABL3,NCS1,1,1
RABL3,NDUFB2,1,1
RABL3,NFATC3,1,1
RABL3,NOP10,1,1
RABL3,NPRL3,1,1
RABL3,NUMA1,1,1
RABL3,PARG,1,1
RABL3,PDCL,1,1
RABL3,POLR2G,1,1
RABL3,PPP1CA,1,1
RABL3,PPP4R1,1,1
RABL3,PRPF18,1,1
RABL3,RALA,1,1
RABL3,REST,1,1
RABL3,REV1,1,1
RABL3,RHBDD3,1,1
RABL3,RNASEH2B,1,1
RABL3,RP11-2C24.9,1,1
RABL3,SAR1A,1,1
RABL3,SAV1,1,1
RABL3,SH3BP5L,1,1
RABL3,SHOC2,1,1
RABL3,SIAH1,1,1
RABL3,SLMAP,1,1
RABL3,SPTLC2,1,1
RABL3,TPCN1,1,1
RABL3,TRIO,1,1
RABL3,UBAC1,1,1
RABL3,USP38,1,1
RABL3,UTP3,1,1
RABL3,WDR82,1,1
RABL3,YME1L1,1,1
RABL3,ZNHIT1,1,1
STEAP1B,ACVR2B,1,1
STEAP1B,ADGRG6,1,1
STEAP1B,AIP,1,1
STEAP1B,ALDOA,1,1
STEAP1B,ARAP1,1,1
STEAP1B,ARAP3,1,1
STEAP1B,ARL 10.00,1,1
STEAP1B,ARNT2,1,1
STEAP1B,BMP7,1,1
STEAP1B,BRAT1,1,1
STEAP1B,BRD3,1,1
STEAP1B,CAPNS1,1,1
STEAP1B,CASP6,1,1
STEAP1B,CNTN1,1,1
STEAP1B,CNTNAP3,1,1
STEAP1B,CRHR1-IT1,1,1
STEAP1B,CTHRC1,1,1
STEAP1B,DNAJA3,1,1
STEAP1B,DOPEY2,1,1
STEAP1B,EEPD1,1,1
STEAP1B,FAM127C,1,1
STEAP1B,FAM210A,1,1
STEAP1B,FZD7,1,1
STEAP1B,GNAZ,1,1
STEAP1B,GRK2,1,1
STEAP1B,H1F0,1,1
STEAP1B,HOXC6,1,1
STEAP1B,MARCH8,1,1
STEAP1B,MFSD4B,1,1
STEAP1B,MRPL45,1,1
STEAP1B,NAXD,1,1
STEAP1B,NRCAM,1,1
STEAP1B,PGAP1,1,1
STEAP1B,PHTF2,1,1
STEAP1B,PLOD1,1,1
STEAP1B,PON2,1,1
STEAP1B,PPP1R26,1,1
STEAP1B,PRR13,1,1
STEAP1B,RHBDF2,1,1
STEAP1B,SPTBN2,1,1
STEAP1B,TERF2IP,1,1
STEAP1B,TMEM30A,1,1
STEAP1B,TNIK,1,1
STEAP1B,TRIM13,1,1
STEAP1B,TTI2,1,1
STEAP1B,TUBG1,1,1
STEAP1B,USP25,1,1
STEAP1B,ZBED3,1,1
STEAP1B,ZCCHC17,1,1
STEAP1B,ZNF266,1,1
STEAP1B,ZNF32,1,1
STEAP1B,ZSCAN2,1,1
C2CD2L,C11ORF84,1,1
C2CD2L,CDC34,1,1
C2CD2L,DEAF1,1,1
C2CD2L,EHMT2,1,1
C2CD2L,FBXO46,1,1
C2CD2L,ITPRIP,1,1
C2CD2L,PIGX,1,1
C2CD2L,POLR3A,1,1
C2CD2L,PRDM11,1,1
C2CD2L,RHBDD1,1,1
C2CD2L,RNF121,1,1
C2CD2L,TERF2,1,1
C2CD2L,TGIF2,1,1
C2CD2L,TMC6,1,1
C2CD2L,TOR4A,1,1
C2CD2L,TUBGCP2,1,1
RAF1,ANXA2,1,1
RAF1,AP4S1,1,1
RAF1,AQR,1,1
RAF1,ARFGAP2,1,1
RAF1,ARHGAP10,1,1
RAF1,ASXL1,1,1
RAF1,BHLHB9,1,1
RAF1,CAMSAP1,1,1
RAF1,CCNY,1,1
RAF1,CIZ1,1,1
RAF1,CLTB,1,1
RAF1,COPS4,1,1
RAF1,CPSF7,1,1
RAF1,CSTF2T,1,1
RAF1,DCP1A,1,1
RAF1,DLG5,1,1
RAF1,DNAJC21,1,1
RAF1,DNMBP,1,1
RAF1,EXOG,1,1
RAF1,FOXF2,1,1
RAF1,GFOD2,1,1
RAF1,GGA1,1,1
RAF1,HDAC7,1,1
RAF1,HNRNPUL2,1,1
RAF1,HPS6,1,1
RAF1,INPP5A,1,1
RAF1,INTS5,1,1
RAF1,ITPRIPL1,1,1
RAF1,ITSN1,1,1
RAF1,KBTBD4,1,1
RAF1,MSANTD3,1,1
RAF1,NELFB,1,1
RAF1,NFU1,1,1
RAF1,NOP10,1,1
RAF1,NOP9,1,1
RAF1,NUDT11,1,1
RAF1,NUMA1,1,1
RAF1,OTUB1,1,1
RAF1,PAK1,1,1
RAF1,PARG,1,1
RAF1,PLEKHO1,1,1
RAF1,POLR2G,1,1
RAF1,PPP4R1,1,1
RAF1,PRDM11,1,1
RAF1,PROSER1,1,1
RAF1,PRPF18,1,1
RAF1,PRR16,1,1
RAF1,PTPMT1,1,1
RAF1,RALA,1,1
RAF1,RBM17,1,1
RAF1,REST,1,1
RAF1,REV1,1,1
RAF1,SH3BP5L,1,1
RAF1,SIL1,1,1
RAF1,SLMAP,1,1
RAF1,TERF2,1,1
RAF1,TPCN1,1,1
RAF1,UBAC1,1,1
RAF1,UTP3,1,1
RAF1,VPS4A,1,1
RAF1,WDR82,1,1
RAF1,ZNF354C,1,1
RAF1,ZNF48,1,1
RAF1,ZNF510,1,1
CERS2,NHLRC3,1,1
PDCL,ADH5,1,1
PDCL,ANXA2,1,1
PDCL,AP4S1,1,1
PDCL,APOLD1,1,1
PDCL,AQR,1,1
PDCL,AREL1,1,1
PDCL,ARHGAP10,1,1
PDCL,ASXL1,1,1
PDCL,AVEN,1,1
PDCL,BCL2L1,1,1
PDCL,BHLHB9,1,1
PDCL,CAMSAP1,1,1
PDCL,CASP3,1,1
PDCL,CASP7,1,1
PDCL,CBX4,1,1
PDCL,CCNY,1,1
PDCL,CDR2L,1,1
PDCL,CDYL2,1,1
PDCL,CFL1,1,1
PDCL,CMTM4,1,1
PDCL,COG3,1,1
PDCL,COG8,1,1
PDCL,COMMD7,1,1
PDCL,COPS4,1,1
PDCL,CSTF2T,1,1
PDCL,DCP1A,1,1
PDCL,DCTD,1,1
PDCL,DDX50,1,1
PDCL,DENND4A,1,1
PDCL,DFNA5,1,1
PDCL,DNAJC21,1,1
PDCL,DNMBP,1,1
PDCL,DPH3,1,1
PDCL,FAH,1,1
PDCL,FAM204A,1,1
PDCL,FAM32A,1,1
PDCL,FBXO46,1,1
PDCL,FBXW2,1,1
PDCL,GFOD2,1,1
PDCL,GGA1,1,1
PDCL,GMPR2,1,1
PDCL,HMGN4,1,1
PDCL,HNRNPUL2,1,1
PDCL,HPS6,1,1
PDCL,ITGB1,1,1
PDCL,ITPRIP,1,1
PDCL,ITSN1,1,1
PDCL,KAT6B,1,1
PDCL,KBTBD4,1,1
PDCL,KLF12,1,1
PDCL,LARP4B,1,1
PDCL,LDOC1L,1,1
PDCL,LRRC20,1,1
PDCL,MED20,1,1
PDCL,MRPL16,1,1
PDCL,MRPL18,1,1
PDCL,MT1F,1,1
PDCL,NAALAD2,1,1
PDCL,NCS1,1,1
PDCL,NDUFB2,1,1
PDCL,NFATC3,1,1
PDCL,NOP10,1,1
PDCL,NPRL3,1,1
PDCL,NRIP1,1,1
PDCL,NT5C,1,1
PDCL,NUMA1,1,1
PDCL,OTUB1,1,1
PDCL,PARG,1,1
PDCL,PIGX,1,1
PDCL,PKN1,1,1
PDCL,PLEKHO1,1,1
PDCL,POLR2G,1,1
PDCL,POLR3A,1,1
PDCL,PPP4R1,1,1
PDCL,PRDM11,1,1
PDCL,PRPF18,1,1
PDCL,RALA,1,1
PDCL,REST,1,1
PDCL,RHBDD1,1,1
PDCL,RHBDD3,1,1
PDCL,RNASEH2B,1,1
PDCL,RNF166,1,1
PDCL,RNF169,1,1
PDCL,RP11-2C24.9,1,1
PDCL,RPS3,1,1
PDCL,RRAGB,1,1
PDCL,SH3BP5L,1,1
PDCL,SHOC2,1,1
PDCL,SIL1,1,1
PDCL,SLMAP,1,1
PDCL,SPTLC2,1,1
PDCL,SUMF2,1,1
PDCL,TERF2,1,1
PDCL,TFE3,1,1
PDCL,TGIF2,1,1
PDCL,TMC6,1,1
PDCL,TMEM203,1,1
PDCL,TMOD3,1,1
PDCL,TNFAIP1,1,1
PDCL,TOR4A,1,1
PDCL,TPCN1,1,1
PDCL,TRIM8,1,1
PDCL,TRIO,1,1
PDCL,TSPAN5,1,1
PDCL,UBAC1,1,1
PDCL,UBXN1,1,1
PDCL,USP38,1,1
PDCL,WDR82,1,1
PDCL,YME1L1,1,1
PDCL,ZBED6,1,1
PDCL,ZC4H2,1,1
PDCL,ZNF22,1,1
PDCL,ZNF23,1,1
PDCL,ZNF48,1,1
PDCL,ZNF510,1,1
NUFIP2,POLL,1,1
NUFIP2,ZNF133,1,1
TTI2,ABL1,1,1
TTI2,AIP,1,1
TTI2,AKIRIN1,1,1
TTI2,APBB2,1,1
TTI2,ARNT2,1,1
TTI2,BAD,1,1
TTI2,BRD3,1,1
TTI2,CH17-258A22.4,1,1
TTI2,CHRNB1,1,1
TTI2,DEGS1,1,1
TTI2,DNPEP,1,1
TTI2,DOPEY2,1,1
TTI2,DTNA,1,1
TTI2,FAM131A,1,1
TTI2,FBXL15,1,1
TTI2,FZD7,1,1
TTI2,GAREM2,1,1
TTI2,HOXC6,1,1
TTI2,KCNQ5,1,1
TTI2,LINC00094,1,1
TTI2,LRP11,1,1
TTI2,MAF 1.00,1,1
TTI2,MAP4K2,1,1
TTI2,MMGT1,1,1
TTI2,NAXD,1,1
TTI2,PCMT1,1,1
TTI2,PDE3B,1,1
TTI2,PON2,1,1
TTI2,PPP1R26,1,1
TTI2,PTP4A1,1,1
TTI2,RUSC1,1,1
TTI2,SCMH1,1,1
TTI2,SDC3,1,1
TTI2,SLC38A9,1,1
TTI2,SND1,1,1
TTI2,SPTBN2,1,1
TTI2,SUPT20H,1,1
TTI2,TEX15,1,1
TTI2,THEM4,1,1
TTI2,TMEM136,1,1
TTI2,TNFAIP1,1,1
TTI2,UBXN1,1,1
TTI2,VPS51,1,1
TTI2,ZCCHC17,1,1
TTI2,ZNF266,1,1
TTI2,ZNF48,1,1
TTI2,ZNF542P,1,1
TTI2,ZNF740,1,1
MCPH1,MTMR9,1,1
MCPH1,TRMT5,1,1
MCPH1,ZNF274,1,1
LARP4B,ADH5,1,1
LARP4B,ALG5,1,1
LARP4B,ANKRD13C,1,1
LARP4B,ANXA2,1,1
LARP4B,AP4S1,1,1
LARP4B,APH1A,1,1
LARP4B,ARHGAP10,1,1
LARP4B,ASXL1,1,1
LARP4B,AVEN,1,1
LARP4B,BCL2L1,1,1
LARP4B,BHLHB9,1,1
LARP4B,BLOC1S2,1,1
LARP4B,C11ORF84,1,1
LARP4B,CASP3,1,1
LARP4B,CCNY,1,1
LARP4B,CFL1,1,1
LARP4B,COG3,1,1
LARP4B,COMMD7,1,1
LARP4B,COPS4,1,1
LARP4B,CPSF7,1,1
LARP4B,CSTF2T,1,1
LARP4B,CUL2,1,1
LARP4B,CUL4A,1,1
LARP4B,CUTC,1,1
LARP4B,DCTD,1,1
LARP4B,DDX50,1,1
LARP4B,DEAF1,1,1
LARP4B,DFNA5,1,1
LARP4B,DNMBP,1,1
LARP4B,EHMT2,1,1
LARP4B,ENDOD1,1,1
LARP4B,ERBIN,1,1
LARP4B,EXOG,1,1
LARP4B,FAH,1,1
LARP4B,FAM135A,1,1
LARP4B,FAM175B,1,1
LARP4B,FAM204A,1,1
LARP4B,FAM32A,1,1
LARP4B,FBXO46,1,1
LARP4B,FBXW2,1,1
LARP4B,GFOD2,1,1
LARP4B,GGA1,1,1
LARP4B,HMGN4,1,1
LARP4B,HNRNPUL2,1,1
LARP4B,HPF1,1,1
LARP4B,HPS6,1,1
LARP4B,IBTK,1,1
LARP4B,INTS5,1,1
LARP4B,ITPRIP,1,1
LARP4B,KBTBD4,1,1
LARP4B,LCMT2,1,1
LARP4B,MCM3AP,1,1
LARP4B,MED22,1,1
LARP4B,MED4,1,1
LARP4B,MID1,1,1
LARP4B,MOB2,1,1
LARP4B,MRPL16,1,1
LARP4B,MT1F,1,1
LARP4B,NCS1,1,1
LARP4B,NDUFB2,1,1
LARP4B,NKIRAS1,1,1
LARP4B,NOP10,1,1
LARP4B,NOP9,1,1
LARP4B,NPRL3,1,1
LARP4B,NUMA1,1,1
LARP4B,OTUB1,1,1
LARP4B,PARG,1,1
LARP4B,PDZD8,1,1
LARP4B,PIGX,1,1
LARP4B,PLBD2,1,1
LARP4B,POLR3A,1,1
LARP4B,PPP4R1,1,1
LARP4B,PRDM11,1,1
LARP4B,PROSER1,1,1
LARP4B,PRPF18,1,1
LARP4B,PRRC2A,1,1
LARP4B,PTBP2,1,1
LARP4B,RALA,1,1
LARP4B,RBM17,1,1
LARP4B,RCE1,1,1
LARP4B,REST,1,1
LARP4B,RHBDD1,1,1
LARP4B,RHBDD3,1,1
LARP4B,RNASEH2B,1,1
LARP4B,RNF166,1,1
LARP4B,RP11-2C24.9,1,1
LARP4B,RPS17,1,1
LARP4B,RPS3,1,1
LARP4B,SAR1A,1,1
LARP4B,SH3BP5L,1,1
LARP4B,SH3GLB1,1,1
LARP4B,SHOC2,1,1
LARP4B,SIL1,1,1
LARP4B,SS18L2,1,1
LARP4B,SUMF2,1,1
LARP4B,TERF2,1,1
LARP4B,TGIF2,1,1
LARP4B,TMC6,1,1
LARP4B,TMEM170A,1,1
LARP4B,TOR4A,1,1
LARP4B,TRAF3IP2,1,1
LARP4B,TRIO,1,1
LARP4B,TUBGCP2,1,1
LARP4B,UBAC1,1,1
LARP4B,UBP1,1,1
LARP4B,USP38,1,1
LARP4B,YME1L1,1,1
LARP4B,ZBED6,1,1
LARP4B,ZC4H2,1,1
LARP4B,ZNF33A,1,1
LARP4B,ZNF35,1,1
LARP4B,ZNF37A,1,1
LARP4B,ZNHIT1,1,1
LARP4B,ZSCAN9,1,1
PPDPF,CDR2L,1,1
PPDPF,DNMBP,1,1
PPDPF,EXOC3,1,1
PPDPF,FAM135A,1,1
PPDPF,FBXO46,1,1
PPDPF,FBXW2,1,1
PPDPF,FIBP,1,1
PPDPF,GMPR2,1,1
PPDPF,IBTK,1,1
PPDPF,LRRC20,1,1
PPDPF,MT1F,1,1
PPDPF,NT5C,1,1
PPDPF,PDE3B,1,1
PPDPF,PIGX,1,1
PPDPF,QKI,1,1
PPDPF,RNASEH2B,1,1
PPDPF,RNF166,1,1
PPDPF,RNF2,1,1
PPDPF,RPL7A,1,1
PPDPF,RPS20,1,1
PPDPF,RPS3,1,1
PPDPF,SH3BP5L,1,1
PPDPF,TMEM203,1,1
PPDPF,TOR4A,1,1
PPDPF,TSPAN5,1,1
PPDPF,UBAC1,1,1
PPDPF,USF1,1,1
PPDPF,ZNF23,1,1
VHL,AREL1,1,1
VHL,BAD,1,1
VHL,BAMBI,1,1
VHL,CES2,1,1
VHL,DNPEP,1,1
VHL,DTNA,1,1
VHL,EHD2,1,1
VHL,FAM168A,1,1
VHL,FBXL19,1,1
VHL,GGACT,1,1
VHL,KLF12,1,1
VHL,MAPKAPK3,1,1
VHL,NXPE3,1,1
VHL,PEX3,1,1
VHL,PPP2R5C,1,1
VHL,RSF1,1,1
VHL,SLC30A9,1,1
VHL,SLC39A9,1,1
VHL,TET2,1,1
VHL,TMOD3,1,1
VHL,VWA8,1,1
VHL,ZNF41,1,1
PDZD8,ADH5,1,1
PDZD8,ANKRD13C,1,1
PDZD8,APH1A,1,1
PDZD8,ASXL1,1,1
PDZD8,BLOC1S2,1,1
PDZD8,CASP3,1,1
PDZD8,CCDC22,1,1
PDZD8,CCNY,1,1
PDZD8,CFL1,1,1
PDZD8,COMMD10,1,1
PDZD8,COMMD7,1,1
PDZD8,CUL2,1,1
PDZD8,CUTC,1,1
PDZD8,DCTD,1,1
PDZD8,DDX50,1,1
PDZD8,DEAF1,1,1
PDZD8,DFNA5,1,1
PDZD8,ENDOD1,1,1
PDZD8,ERBIN,1,1
PDZD8,FAM175B,1,1
PDZD8,FAM204A,1,1
PDZD8,HIGD1A,1,1
PDZD8,HPF1,1,1
PDZD8,ITPRIP,1,1
PDZD8,KLHL2,1,1
PDZD8,LCMT2,1,1
PDZD8,MCM3AP,1,1
PDZD8,MED22,1,1
PDZD8,MED4,1,1
PDZD8,MEF2C,1,1
PDZD8,MID1,1,1
PDZD8,MOB2,1,1
PDZD8,MRPL16,1,1
PDZD8,MT1F,1,1
PDZD8,NDUFB10,1,1
PDZD8,NDUFB2,1,1
PDZD8,NPRL3,1,1
PDZD8,PIGX,1,1
PDZD8,PLBD2,1,1
PDZD8,POLR3A,1,1
PDZD8,PRRC2A,1,1
PDZD8,PTBP2,1,1
PDZD8,RALA,1,1
PDZD8,RB1,1,1
PDZD8,RBM17,1,1
PDZD8,RCE1,1,1
PDZD8,RNASEH2B,1,1
PDZD8,RPS17,1,1
PDZD8,SAR1A,1,1
PDZD8,SH3GLB1,1,1
PDZD8,SIRT1,1,1
PDZD8,SLC16A7,1,1
PDZD8,SUMO3,1,1
PDZD8,TERF2,1,1
PDZD8,TGIF2,1,1
PDZD8,TMC6,1,1
PDZD8,TMEM170A,1,1
PDZD8,TRIM7,1,1
PDZD8,TRIO,1,1
PDZD8,UBP1,1,1
PDZD8,USP38,1,1
PDZD8,YME1L1,1,1
PDZD8,ZC4H2,1,1
PDZD8,ZNF35,1,1
HNRNPDL,ARHGAP10,1,1
HNRNPDL,CUL2,1,1
HNRNPDL,ERBIN,1,1
HNRNPDL,MCM3AP,1,1
HNRNPDL,MED4,1,1
HNRNPDL,PCNX4,1,1
HNRNPDL,RBM17,1,1
HNRNPDL,SNIP1,1,1
HNRNPDL,SS18L2,1,1
HNRNPDL,SUMO3,1,1
HNRNPDL,UTP3,1,1
DNAJC24,ABCB8,1,1
DNAJC24,AGO1,1,1
DNAJC24,AMFR,1,1
DNAJC24,ANP32A,1,1
DNAJC24,AQR,1,1
DNAJC24,C14ORF119,1,1
DNAJC24,C1GALT1C1,1,1
DNAJC24,CHST12,1,1
DNAJC24,DAAM2,1,1
DNAJC24,DDX41,1,1
DNAJC24,DIS3,1,1
DNAJC24,DPH7,1,1
DNAJC24,GGCX,1,1
DNAJC24,IFNGR2,1,1
DNAJC24,ITSN1,1,1
DNAJC24,KANK1,1,1
DNAJC24,KRIT1,1,1
DNAJC24,MED19,1,1
DNAJC24,NFATC3,1,1
DNAJC24,NT5C,1,1
DNAJC24,POLR2G,1,1
DNAJC24,PPT1,1,1
DNAJC24,PRKAB2,1,1
DNAJC24,RAI1,1,1
DNAJC24,RNF169,1,1
DNAJC24,RPL36AL,1,1
DNAJC24,RUFY2,1,1
DNAJC24,SAV1,1,1
DNAJC24,SH3BP5L,1,1
DNAJC24,SLC35B2,1,1
DNAJC24,SLC9A3R2,1,1
DNAJC24,SMPDL3A,1,1
DNAJC24,SOX6,1,1
DNAJC24,TLDC1,1,1
DNAJC24,TMEM203,1,1
DNAJC24,TPCN1,1,1
DNAJC24,VPS4A,1,1
DNAJC24,ZNF23,1,1
DNAJC24,ZNF274,1,1
DNAJC24,ZNF669,1,1
DNAJC24,ZNF772,1,1
ANKRD10,ADGRG6,1,1
ANKRD10,ALDOA,1,1
ANKRD10,ASPHD1,1,1
ANKRD10,ATMIN,1,1
ANKRD10,ATP5G3,1,1
ANKRD10,BAP1,1,1
ANKRD10,BCAP29,1,1
ANKRD10,BMP7,1,1
ANKRD10,BRK1,1,1
ANKRD10,C12ORF66,1,1
ANKRD10,CNOT8,1,1
ANKRD10,CNTNAP3,1,1
ANKRD10,CRBN,1,1
ANKRD10,CTHRC1,1,1
ANKRD10,DNAJA3,1,1
ANKRD10,FAM127C,1,1
ANKRD10,FAM210A,1,1
ANKRD10,GATA6,1,1
ANKRD10,GNAZ,1,1
ANKRD10,GNPAT,1,1
ANKRD10,GRK2,1,1
ANKRD10,H1F0,1,1
ANKRD10,HSCB,1,1
ANKRD10,MALSU1,1,1
ANKRD10,MRPL40,1,1
ANKRD10,MSRA,1,1
ANKRD10,NRCAM,1,1
ANKRD10,PDIA5,1,1
ANKRD10,PLOD1,1,1
ANKRD10,PRR13,1,1
ANKRD10,PTRF,1,1
ANKRD10,PWWP2B,1,1
ANKRD10,RAB1B,1,1
ANKRD10,SLC39A10,1,1
ANKRD10,SNX10,1,1
ANKRD10,TAX1BP1,1,1
ANKRD10,TAX1BP3,1,1
ANKRD10,TMED4,1,1
ANKRD10,TRIM13,1,1
ANKRD10,TUBG1,1,1
ANKRD10,UGP2,1,1
ANKRD10,ZNF32,1,1
SFT2D1,CCDC169,1,1
SFT2D1,COQ10A,1,1
SFT2D1,HSD3B7,1,1
SFT2D1,KBTBD4,1,1
SFT2D1,STAP2,1,1
SFT2D1,ZBTB12,1,1
CAMSAP1,ANP32A,1,1
CAMSAP1,ANXA2,1,1
CAMSAP1,AP1G1,1,1
CAMSAP1,AP4S1,1,1
CAMSAP1,AQR,1,1
CAMSAP1,ARHGAP10,1,1
CAMSAP1,ARL4A,1,1
CAMSAP1,ASXL1,1,1
CAMSAP1,BHLHB9,1,1
CAMSAP1,BTBD7,1,1
CAMSAP1,CCNY,1,1
CAMSAP1,CHMP7,1,1
CAMSAP1,CHST12,1,1
CAMSAP1,CPSF7,1,1
CAMSAP1,CSTF2T,1,1
CAMSAP1,DCP1A,1,1
CAMSAP1,DIS3,1,1
CAMSAP1,DLG5,1,1
CAMSAP1,DNAJC21,1,1
CAMSAP1,DNMBP,1,1
CAMSAP1,EXOG,1,1
CAMSAP1,GFOD2,1,1
CAMSAP1,GGA1,1,1
CAMSAP1,HDAC7,1,1
CAMSAP1,HMGN4,1,1
CAMSAP1,INPP5A,1,1
CAMSAP1,INTS5,1,1
CAMSAP1,ITPRIPL1,1,1
CAMSAP1,ITSN1,1,1
CAMSAP1,KBTBD4,1,1
CAMSAP1,LDOC1L,1,1
CAMSAP1,MARK2,1,1
CAMSAP1,MSANTD3,1,1
CAMSAP1,NCS1,1,1
CAMSAP1,NFATC3,1,1
CAMSAP1,NFU1,1,1
CAMSAP1,NOP10,1,1
CAMSAP1,NOP9,1,1
CAMSAP1,NUMA1,1,1
CAMSAP1,OTUB1,1,1
CAMSAP1,PAK1,1,1
CAMSAP1,PARG,1,1
CAMSAP1,POLR2G,1,1
CAMSAP1,PPP4R1,1,1
CAMSAP1,PRDM11,1,1
CAMSAP1,R3HCC1,1,1
CAMSAP1,REST,1,1
CAMSAP1,REV1,1,1
CAMSAP1,RHBDD1,1,1
CAMSAP1,SH3BP5L,1,1
CAMSAP1,SIL1,1,1
CAMSAP1,SLMAP,1,1
CAMSAP1,SUMF2,1,1
CAMSAP1,TMEM177,1,1
CAMSAP1,TOMM7,1,1
CAMSAP1,TPCN1,1,1
CAMSAP1,UTP3,1,1
CAMSAP1,VPS4A,1,1
CAMSAP1,WDR82,1,1
CAMSAP1,YY1,1,1
CAMSAP1,ZNF510,1,1
SIAH1,ABL1,1,1
SIAH1,ACVR2B,1,1
SIAH1,APOL2,1,1
SIAH1,AREL1,1,1
SIAH1,ARFGAP2,1,1
SIAH1,ARNT2,1,1
SIAH1,AVEN,1,1
SIAH1,BAD,1,1
SIAH1,BAMBI,1,1
SIAH1,BHLHB9,1,1
SIAH1,BRD3,1,1
SIAH1,CCDC169,1,1
SIAH1,CCNY,1,1
SIAH1,CDYL2,1,1
SIAH1,COG8,1,1
SIAH1,CYLD,1,1
SIAH1,DLG5,1,1
SIAH1,DNPEP,1,1
SIAH1,DTNA,1,1
SIAH1,EPHB4,1,1
SIAH1,FAH,1,1
SIAH1,GAREM2,1,1
SIAH1,HEATR6,1,1
SIAH1,HIVEP1,1,1
SIAH1,HNRNPUL2,1,1
SIAH1,HOXC11,1,1
SIAH1,INPP5A,1,1
SIAH1,IP6K2,1,1
SIAH1,ITGB1,1,1
SIAH1,ITPRIPL1,1,1
SIAH1,ITSN1,1,1
SIAH1,KAT6B,1,1
SIAH1,KIAA1143,1,1
SIAH1,KLF11,1,1
SIAH1,KLF12,1,1
SIAH1,KLHDC4,1,1
SIAH1,KLHL7,1,1
SIAH1,KRIT1,1,1
SIAH1,LAMTOR1,1,1
SIAH1,LDOC1L,1,1
SIAH1,LRP11,1,1
SIAH1,LRRC20,1,1
SIAH1,LZTFL1,1,1
SIAH1,MAD2L1BP,1,1
SIAH1,MBNL3,1,1
SIAH1,MED19,1,1
SIAH1,MMP14,1,1
SIAH1,NFU1,1,1
SIAH1,NOP10,1,1
SIAH1,NPHP4,1,1
SIAH1,NRIP1,1,1
SIAH1,NUDT11,1,1
SIAH1,NUMA1,1,1
SIAH1,PCMT1,1,1
SIAH1,PON2,1,1
SIAH1,PPP4R1,1,1
SIAH1,PPT1,1,1
SIAH1,REST,1,1
SIAH1,RFTN1,1,1
SIAH1,RP11-2C24.9,1,1
SIAH1,RRAGB,1,1
SIAH1,RUSC1,1,1
SIAH1,SCMH1,1,1
SIAH1,SDC3,1,1
SIAH1,SND1,1,1
SIAH1,SPTBN2,1,1
SIAH1,SPTLC2,1,1
SIAH1,SUPT20H,1,1
SIAH1,TCEAL1,1,1
SIAH1,TFE3,1,1
SIAH1,THEM4,1,1
SIAH1,TMEM214,1,1
SIAH1,TMSB15B,1,1
SIAH1,TNFAIP1,1,1
SIAH1,TPCN1,1,1
SIAH1,TRNAU1AP,1,1
SIAH1,UBXN1,1,1
SIAH1,VPS4A,1,1
SIAH1,ZCCHC17,1,1
SIAH1,ZNF22,1,1
SIAH1,ZNF266,1,1
SIAH1,ZNF354C,1,1
SIAH1,ZNF48,1,1
SIAH1,ZNF510,1,1
SIAH1,ZNF532,1,1
SIAH1,ZNF788,1,1
GCC2,AKIRIN1,1,1
GCC2,BFAR,1,1
GCC2,CREBZF,1,1
GCC2,DSE,1,1
GCC2,ESYT2,1,1
GCC2,FBXO11,1,1
GCC2,HELZ,1,1
GCC2,INPP5E,1,1
GCC2,KCNQ5,1,1
GCC2,MBNL3,1,1
GCC2,NUDT11,1,1
GCC2,RFTN1,1,1
GCC2,SEC63,1,1
GCC2,TCF4,1,1
GCC2,THEM4,1,1
GCC2,ZCCHC17,1,1
C22ORF46,SLC25A38,1,1
FAM175B,ADH5,1,1
FAM175B,ANKRD13C,1,1
FAM175B,APH1A,1,1
FAM175B,ASXL1,1,1
FAM175B,BLOC1S2,1,1
FAM175B,CACUL1,1,1
FAM175B,CASP3,1,1
FAM175B,CCDC22,1,1
FAM175B,COMMD7,1,1
FAM175B,CUL2,1,1
FAM175B,CUL4A,1,1
FAM175B,CUTC,1,1
FAM175B,DDX50,1,1
FAM175B,DFNA5,1,1
FAM175B,ERBIN,1,1
FAM175B,FAM204A,1,1
FAM175B,HIGD1A,1,1
FAM175B,HNRNPF,1,1
FAM175B,HOXC5,1,1
FAM175B,HPF1,1,1
FAM175B,IRF2BPL,1,1
FAM175B,KLHL2,1,1
FAM175B,LCMT2,1,1
FAM175B,MCM3AP,1,1
FAM175B,MED22,1,1
FAM175B,MEF2C,1,1
FAM175B,MID1,1,1
FAM175B,MOB2,1,1
FAM175B,NKIRAS1,1,1
FAM175B,NPRL3,1,1
FAM175B,PCBD1,1,1
FAM175B,PDZRN3,1,1
FAM175B,PLBD2,1,1
FAM175B,POLR3A,1,1
FAM175B,PTBP2,1,1
FAM175B,RB1,1,1
FAM175B,SH3GLB1,1,1
FAM175B,SIRT1,1,1
FAM175B,SLC16A7,1,1
FAM175B,STAG3L2,1,1
FAM175B,TERF2,1,1
FAM175B,TMC6,1,1
FAM175B,TRIM7,1,1
FAM175B,TRIO,1,1
FAM175B,UBP1,1,1
FAM175B,WAPL,1,1
FAM175B,ZC4H2,1,1
FAM175B,ZNF35,1,1
FAM175B,ZNF37A,1,1
PIGX,ADH5,1,1
PIGX,ALG5,1,1
PIGX,ANXA2,1,1
PIGX,AP1S2,1,1
PIGX,BACE2,1,1
PIGX,BCL2L1,1,1
PIGX,BHLHB9,1,1
PIGX,C11ORF84,1,1
PIGX,CASP3,1,1
PIGX,CCNY,1,1
PIGX,CDC34,1,1
PIGX,CDR2L,1,1
PIGX,CDYL2,1,1
PIGX,CFL1,1,1
PIGX,COG3,1,1
PIGX,COMMD7,1,1
PIGX,CSPG4,1,1
PIGX,CUTC,1,1
PIGX,CYTH2,1,1
PIGX,DCTD,1,1
PIGX,DDX50,1,1
PIGX,DEAF1,1,1
PIGX,DFNA5,1,1
PIGX,DNMBP,1,1
PIGX,EHMT2,1,1
PIGX,ENDOD1,1,1
PIGX,FAH,1,1
PIGX,FAM135A,1,1
PIGX,FAM204A,1,1
PIGX,FAM32A,1,1
PIGX,FBXO46,1,1
PIGX,FBXW2,1,1
PIGX,GFOD2,1,1
PIGX,HMGN4,1,1
PIGX,IBTK,1,1
PIGX,ITGB1,1,1
PIGX,ITPRIP,1,1
PIGX,LCMT2,1,1
PIGX,MED20,1,1
PIGX,MEN1,1,1
PIGX,MOB2,1,1
PIGX,MRPL16,1,1
PIGX,MT1F,1,1
PIGX,MX2,1,1
PIGX,NDUFB2,1,1
PIGX,NUMA1,1,1
PIGX,OTUB1,1,1
PIGX,PARG,1,1
PIGX,PLBD2,1,1
PIGX,POLR3A,1,1
PIGX,PRDM11,1,1
PIGX,PRRC2A,1,1
PIGX,QKI,1,1
PIGX,RALA,1,1
PIGX,RBM17,1,1
PIGX,RCE1,1,1
PIGX,RHBDD1,1,1
PIGX,RHBDD3,1,1
PIGX,RNASEH2B,1,1
PIGX,RNF121,1,1
PIGX,RNF166,1,1
PIGX,RPL7A,1,1
PIGX,RPS17,1,1
PIGX,RPS3,1,1
PIGX,RPS3A,1,1
PIGX,RRAGB,1,1
PIGX,SELK,1,1
PIGX,SH3BP5L,1,1
PIGX,SH3GLB1,1,1
PIGX,TERF2,1,1
PIGX,TFE3,1,1
PIGX,TGIF2,1,1
PIGX,TMC6,1,1
PIGX,TMEM170A,1,1
PIGX,TMEM203,1,1
PIGX,TNIP1,1,1
PIGX,TOR4A,1,1
PIGX,TRAF3IP2,1,1
PIGX,TRERF1,1,1
PIGX,TRIM8,1,1
PIGX,TRIO,1,1
PIGX,TSPAN5,1,1
PIGX,TUBGCP2,1,1
PIGX,UBAC1,1,1
PIGX,YME1L1,1,1
PIGX,ZBED6,1,1
PIGX,ZC4H2,1,1
PIGX,ZNF22,1,1
PIGX,ZNF35,1,1
PIGX,ZNF48,1,1
PIGX,ZSCAN9,1,1
EEF2K,ALDOA,1,1
EEF2K,ASPHD1,1,1
EEF2K,BAP1,1,1
EEF2K,BCAP29,1,1
EEF2K,BMP7,1,1
EEF2K,CNTN1,1,1
EEF2K,CRBN,1,1
EEF2K,FAM127C,1,1
EEF2K,FAM210A,1,1
EEF2K,FDX1,1,1
EEF2K,GNAZ,1,1
EEF2K,GRB10,1,1
EEF2K,H1F0,1,1
EEF2K,MRPL40,1,1
EEF2K,NRCAM,1,1
EEF2K,PGAP1,1,1
EEF2K,PLOD1,1,1
EEF2K,PTRF,1,1
EEF2K,RXRG,1,1
EEF2K,SAP30BP,1,1
EEF2K,SLC39A10,1,1
EEF2K,SNX10,1,1
EEF2K,TAX1BP1,1,1
EEF2K,TAX1BP3,1,1
EEF2K,TMED4,1,1
EEF2K,TMEM30A,1,1
EEF2K,TNFSF13B,1,1
EEF2K,UGP2,1,1
EEF2K,VPS37C,1,1
EEF2K,ZNF788,1,1
TCEAL1,ABL1,1,1
TCEAL1,ACVR2B,1,1
TCEAL1,AP1S2,1,1
TCEAL1,AREL1,1,1
TCEAL1,ARNT2,1,1
TCEAL1,AVEN,1,1
TCEAL1,BACE2,1,1
TCEAL1,BAD,1,1
TCEAL1,BHLHB9,1,1
TCEAL1,CBX4,1,1
TCEAL1,CCDC169,1,1
TCEAL1,CCNY,1,1
TCEAL1,CDYL2,1,1
TCEAL1,COG3,1,1
TCEAL1,COG8,1,1
TCEAL1,CSPG4,1,1
TCEAL1,DCTD,1,1
TCEAL1,DDX50,1,1
TCEAL1,DEAF1,1,1
TCEAL1,DPH7,1,1
TCEAL1,DSE,1,1
TCEAL1,EPHB4,1,1
TCEAL1,FADS3,1,1
TCEAL1,FAH,1,1
TCEAL1,GAREM2,1,1
TCEAL1,HNRNPUL2,1,1
TCEAL1,HOXC11,1,1
TCEAL1,IBTK,1,1
TCEAL1,IP6K2,1,1
TCEAL1,ITGB1,1,1
TCEAL1,ITPRIP,1,1
TCEAL1,KAT6B,1,1
TCEAL1,KCNQ5,1,1
TCEAL1,KRIT1,1,1
TCEAL1,LAMTOR1,1,1
TCEAL1,LRP11,1,1
TCEAL1,LRRC20,1,1
TCEAL1,LZTFL1,1,1
TCEAL1,MAD2L1BP,1,1
TCEAL1,MMGT1,1,1
TCEAL1,MRPL43,1,1
TCEAL1,MRPS31,1,1
TCEAL1,MT1F,1,1
TCEAL1,NAXD,1,1
TCEAL1,NDUFB2,1,1
TCEAL1,NOMO2,1,1
TCEAL1,NPHP4,1,1
TCEAL1,NRIP1,1,1
TCEAL1,NUMA1,1,1
TCEAL1,PARG,1,1
TCEAL1,PCMT1,1,1
TCEAL1,PDE3B,1,1
TCEAL1,PIGH,1,1
TCEAL1,PPIL3,1,1
TCEAL1,PPP4R1,1,1
TCEAL1,PPT1,1,1
TCEAL1,PRDM11,1,1
TCEAL1,PRRC2A,1,1
TCEAL1,PTPMT1,1,1
TCEAL1,QRSL1,1,1
TCEAL1,RFTN1,1,1
TCEAL1,RHBDD3,1,1
TCEAL1,RHBDF2,1,1
TCEAL1,RNF121,1,1
TCEAL1,RP11-2C24.9,1,1
TCEAL1,RPL7A,1,1
TCEAL1,RRAGB,1,1
TCEAL1,SDC3,1,1
TCEAL1,SEC63,1,1
TCEAL1,SMG7,1,1
TCEAL1,SND1,1,1
TCEAL1,SPRYD4,1,1
TCEAL1,SPTBN2,1,1
TCEAL1,SPTLC2,1,1
TCEAL1,SUPT20H,1,1
TCEAL1,TANC1,1,1
TCEAL1,TFE3,1,1
TCEAL1,THEM4,1,1
TCEAL1,TMEM258,1,1
TCEAL1,TNIK,1,1
TCEAL1,TPCN1,1,1
TCEAL1,TPM2,1,1
TCEAL1,TRAF3IP2,1,1
TCEAL1,TRIM8,1,1
TCEAL1,UBXN1,1,1
TCEAL1,ZBTB12,1,1
TCEAL1,ZCCHC17,1,1
TCEAL1,ZNF22,1,1
TCEAL1,ZNF266,1,1
TCEAL1,ZNF280D,1,1
TCEAL1,ZNF48,1,1
TCEAL1,ZNF788,1,1
TCEAL1,ZSCAN9,1,1
TP53,ARHGEF9,1,1
TP53,BAD,1,1
TP53,CDR2L,1,1
TP53,CES2,1,1
TP53,COG8,1,1
TP53,DENND2A,1,1
TP53,DENND4A,1,1
TP53,DMTN,1,1
TP53,EHD2,1,1
TP53,FAM131A,1,1
TP53,FAM89B,1,1
TP53,FBXW2,1,1
TP53,FIBP,1,1
TP53,GGACT,1,1
TP53,GMPR2,1,1
TP53,HSD3B7,1,1
TP53,IFT52,1,1
TP53,LDAH,1,1
TP53,LRRC20,1,1
TP53,LZTFL1,1,1
TP53,MAP4K2,1,1
TP53,MYADM,1,1
TP53,NPRL2,1,1
TP53,OTUB2,1,1
TP53,PARP3,1,1
TP53,PKN1,1,1
TP53,PPIL3,1,1
TP53,RPAIN,1,1
TP53,RPL29,1,1
TP53,RPL7A,1,1
TP53,RPS27,1,1
TP53,RRAGB,1,1
TP53,SELK,1,1
TP53,SEPT5,1,1
TP53,SLC39A9,1,1
TP53,TMEM42,1,1
TP53,TMSB10,1,1
TP53,TOR4A,1,1
TP53,TRIM8,1,1
TP53,TSHZ3,1,1
TP53,TSPAN5,1,1
TP53,TTLL7,1,1
TP53,UBXN1,1,1
TP53,VPS51,1,1
TP53,ZBED6,1,1
TP53,ZNF133,1,1
TP53,ZNF22,1,1
TP53,ZNF623,1,1
SAP30BP,ABL1,1,1
SAP30BP,ADGRG6,1,1
SAP30BP,ALDOA,1,1
SAP30BP,ARNT2,1,1
SAP30BP,ASPHD1,1,1
SAP30BP,BAMBI,1,1
SAP30BP,BAP1,1,1
SAP30BP,BCAP29,1,1
SAP30BP,BMP7,1,1
SAP30BP,BRD3,1,1
SAP30BP,BRK1,1,1
SAP30BP,C11ORF95,1,1
SAP30BP,CHMP1A,1,1
SAP30BP,CIZ1,1,1
SAP30BP,CNTN1,1,1
SAP30BP,COA6,1,1
SAP30BP,COBL,1,1
SAP30BP,CRBN,1,1
SAP30BP,DLG5,1,1
SAP30BP,DOPEY2,1,1
SAP30BP,ELF4,1,1
SAP30BP,EPS8L2,1,1
SAP30BP,FAM127C,1,1
SAP30BP,FOXF2,1,1
SAP30BP,FZD7,1,1
SAP30BP,GAREM2,1,1
SAP30BP,GNAZ,1,1
SAP30BP,GRK2,1,1
SAP30BP,HIVEP1,1,1
SAP30BP,HLTF,1,1
SAP30BP,HNRNPUL2,1,1
SAP30BP,INPP5E,1,1
SAP30BP,IP6K2,1,1
SAP30BP,ITPRIPL1,1,1
SAP30BP,KCNQ5,1,1
SAP30BP,KIAA1143,1,1
SAP30BP,LAMTOR1,1,1
SAP30BP,LXN,1,1
SAP30BP,MAD2L1BP,1,1
SAP30BP,MRPL40,1,1
SAP30BP,MRPS15,1,1
SAP30BP,MSRA,1,1
SAP30BP,NAXD,1,1
SAP30BP,NELFB,1,1
SAP30BP,NFU1,1,1
SAP30BP,NOMO2,1,1
SAP30BP,NRCAM,1,1
SAP30BP,NSL1,1,1
SAP30BP,NUMA1,1,1
SAP30BP,PCMT1,1,1
SAP30BP,PDIA5,1,1
SAP30BP,PGAP1,1,1
SAP30BP,PHTF2,1,1
SAP30BP,PLOD1,1,1
SAP30BP,PON2,1,1
SAP30BP,PPIE,1,1
SAP30BP,PPP1R26,1,1
SAP30BP,PRR13,1,1
SAP30BP,RAB1A,1,1
SAP30BP,RFTN1,1,1
SAP30BP,RHBDF2,1,1
SAP30BP,RILPL2,1,1
SAP30BP,RUSC1,1,1
SAP30BP,RXRB,1,1
SAP30BP,RXRG,1,1
SAP30BP,SCMH1,1,1
SAP30BP,SDC3,1,1
SAP30BP,SDK1,1,1
SAP30BP,SEPT2,1,1
SAP30BP,SND1,1,1
SAP30BP,SNX10,1,1
SAP30BP,SPTBN2,1,1
SAP30BP,SUPT20H,1,1
SAP30BP,TAF11,1,1
SAP30BP,TANC1,1,1
SAP30BP,TAX1BP1,1,1
SAP30BP,TAX1BP3,1,1
SAP30BP,TERF2IP,1,1
SAP30BP,TMED4,1,1
SAP30BP,TMEM30A,1,1
SAP30BP,TMSB15B,1,1
SAP30BP,TNFSF13B,1,1
SAP30BP,TNIK,1,1
SAP30BP,TRIM13,1,1
SAP30BP,UGP2,1,1
SAP30BP,URM1,1,1
SAP30BP,USP25,1,1
SAP30BP,VPS37C,1,1
SAP30BP,ZCCHC17,1,1
SAP30BP,ZFP41,1,1
SAP30BP,ZNF266,1,1
SAP30BP,ZNF592,1,1
SAP30BP,ZNF788,1,1
TAF1,C14ORF119,1,1
TAF1,CDC42SE1,1,1
TAF1,DEDD,1,1
TAF1,KREMEN1,1,1
TAF1,NOTCH1,1,1
TAF1,PIN1,1,1
TAF1,RPUSD3,1,1
TAF1,TMEM167B,1,1
TAF1,WASF1,1,1
TAF1,ZNF384,1,1
TAF1,ZNF669,1,1
PIGT,AFAP1L1,1,1
PIGT,PET100,1,1
LRRC1,AIFM1,1,1
LRRC1,EHD1,1,1
LRRC1,MED22,1,1
LRRC1,PRRC2A,1,1
LRRC1,SLC47A1,1,1
LRRC1,TRAF3IP2,1,1
PDE3B,AKIRIN1,1,1
PDE3B,AP1S2,1,1
PDE3B,BFAR,1,1
PDE3B,C1GALT1C1,1,1
PDE3B,DAAM2,1,1
PDE3B,DPH7,1,1
PDE3B,DTNA,1,1
PDE3B,FAM131A,1,1
PDE3B,FIBP,1,1
PDE3B,GRSF1,1,1
PDE3B,IFNGR2,1,1
PDE3B,KANK1,1,1
PDE3B,KCNQ5,1,1
PDE3B,KRIT1,1,1
PDE3B,LRRC20,1,1
PDE3B,MBNL3,1,1
PDE3B,MED19,1,1
PDE3B,MMGT1,1,1
PDE3B,NT5C,1,1
PDE3B,PPT1,1,1
PDE3B,PTP4A1,1,1
PDE3B,PTPMT1,1,1
PDE3B,RAB2A,1,1
PDE3B,RAI1,1,1
PDE3B,RNF166,1,1
PDE3B,RNF2,1,1
PDE3B,SEC63,1,1
PDE3B,SERINC5,1,1
PDE3B,TEX15,1,1
PDE3B,THEM4,1,1
PDE3B,TMEM203,1,1
PDE3B,TPCN1,1,1
PDE3B,TRAF7,1,1
PDE3B,TXNDC11,1,1
PDE3B,UBXN1,1,1
PDE3B,USF1,1,1
PDE3B,VPS4A,1,1
PDE3B,VPS51,1,1
PDE3B,ZCCHC17,1,1
PDE3B,ZNF280D,1,1
PDE3B,ZNF542P,1,1
FAM131A,ABCB8,1,1
FAM131A,ABL1,1,1
FAM131A,ACVR2B,1,1
FAM131A,AIP,1,1
FAM131A,AKIRIN1,1,1
FAM131A,ANKS6,1,1
FAM131A,AP1S2,1,1
FAM131A,AREL1,1,1
FAM131A,BAD,1,1
FAM131A,BAMBI,1,1
FAM131A,BFAR,1,1
FAM131A,BHLHB9,1,1
FAM131A,BRD3,1,1
FAM131A,C1GALT1C1,1,1
FAM131A,CASP7,1,1
FAM131A,CBX4,1,1
FAM131A,CDK2AP2,1,1
FAM131A,CDR2L,1,1
FAM131A,CDYL2,1,1
FAM131A,CES2,1,1
FAM131A,CH17-258A22.4,1,1
FAM131A,CHMP7,1,1
FAM131A,CHST3,1,1
FAM131A,COG8,1,1
FAM131A,DAAM2,1,1
FAM131A,DEDD,1,1
FAM131A,DENND4A,1,1
FAM131A,DLG5,1,1
FAM131A,DMTN,1,1
FAM131A,DNPEP,1,1
FAM131A,DTNA,1,1
FAM131A,EHD2,1,1
FAM131A,EXOC3,1,1
FAM131A,FAH,1,1
FAM131A,FAM168A,1,1
FAM131A,FAM89B,1,1
FAM131A,FBXL19,1,1
FAM131A,FBXW2,1,1
FAM131A,FIBP,1,1
FAM131A,GAREM2,1,1
FAM131A,GGCX,1,1
FAM131A,GMPR2,1,1
FAM131A,GRSF1,1,1
FAM131A,HEATR6,1,1
FAM131A,HOXC6,1,1
FAM131A,IBTK,1,1
FAM131A,IP6K2,1,1
FAM131A,ITGB1,1,1
FAM131A,ITSN1,1,1
FAM131A,KCNQ5,1,1
FAM131A,KLF12,1,1
FAM131A,KRIT1,1,1
FAM131A,LAMTOR1,1,1
FAM131A,LINC00094,1,1
FAM131A,LRRC20,1,1
FAM131A,LZTFL1,1,1
FAM131A,MAD1L1,1,1
FAM131A,MAP4K2,1,1
FAM131A,MAPKAPK3,1,1
FAM131A,MBNL3,1,1
FAM131A,MED19,1,1
FAM131A,MED20,1,1
FAM131A,MEN1,1,1
FAM131A,MMGT1,1,1
FAM131A,MYADM,1,1
FAM131A,NPHP4,1,1
FAM131A,NPRL2,1,1
FAM131A,NT5C,1,1
FAM131A,NUMA1,1,1
FAM131A,NXPE3,1,1
FAM131A,PAK1,1,1
FAM131A,PARG,1,1
FAM131A,PCMT1,1,1
FAM131A,PEX3,1,1
FAM131A,PKN1,1,1
FAM131A,POLR2G,1,1
FAM131A,PPP1R26,1,1
FAM131A,PPT1,1,1
FAM131A,PSENEN,1,1
FAM131A,PTP4A1,1,1
FAM131A,RAB2A,1,1
FAM131A,RAI1,1,1
FAM131A,RFTN1,1,1
FAM131A,RPAIN,1,1
FAM131A,RPS27,1,1
FAM131A,RRAGB,1,1
FAM131A,RUSC1,1,1
FAM131A,SCMH1,1,1
FAM131A,SDC3,1,1
FAM131A,SEC63,1,1
FAM131A,SH3BP5L,1,1
FAM131A,SLC39A9,1,1
FAM131A,SLC9A3R2,1,1
FAM131A,SND1,1,1
FAM131A,SPTBN2,1,1
FAM131A,SUPT20H,1,1
FAM131A,TFE3,1,1
FAM131A,THEM4,1,1
FAM131A,TMEM136,1,1
FAM131A,TMEM203,1,1
FAM131A,TMEM258,1,1
FAM131A,TMOD3,1,1
FAM131A,TMSB10,1,1
FAM131A,TNFAIP1,1,1
FAM131A,TOR4A,1,1
FAM131A,TPCN1,1,1
FAM131A,TRAF7,1,1
FAM131A,TRIM8,1,1
FAM131A,TRNAU1AP,1,1
FAM131A,TSPAN5,1,1
FAM131A,TXNDC11,1,1
FAM131A,UBAC1,1,1
FAM131A,UBXN1,1,1
FAM131A,USF1,1,1
FAM131A,VPS4A,1,1
FAM131A,VPS51,1,1
FAM131A,ZBED6,1,1
FAM131A,ZCCHC17,1,1
FAM131A,ZFP41,1,1
FAM131A,ZNF22,1,1
FAM131A,ZNF23,1,1
FAM131A,ZNF48,1,1
FAM131A,ZNF510,1,1
FAM131A,ZNF532,1,1
FAM131A,ZNF542P,1,1
FAM131A,ZNF740,1,1
FAM131A,ZNF772,1,1
PGAP1,ACVR2B,1,1
PGAP1,ADGRG6,1,1
PGAP1,AIP,1,1
PGAP1,ALDOA,1,1
PGAP1,ARNT2,1,1
PGAP1,ASPHD1,1,1
PGAP1,BAP1,1,1
PGAP1,BCAP29,1,1
PGAP1,BMP7,1,1
PGAP1,BRD3,1,1
PGAP1,CNTN1,1,1
PGAP1,CNTNAP3,1,1
PGAP1,CRBN,1,1
PGAP1,CTHRC1,1,1
PGAP1,DNAJA3,1,1
PGAP1,DOPEY2,1,1
PGAP1,EEPD1,1,1
PGAP1,ELF4,1,1
PGAP1,EPS8L2,1,1
PGAP1,FAM127C,1,1
PGAP1,FAM210A,1,1
PGAP1,FZD7,1,1
PGAP1,GAREM2,1,1
PGAP1,GNAZ,1,1
PGAP1,GRK2,1,1
PGAP1,H1F0,1,1
PGAP1,IFRD1,1,1
PGAP1,INPP5E,1,1
PGAP1,KCNQ5,1,1
PGAP1,KIAA1143,1,1
PGAP1,LRP11,1,1
PGAP1,MAD2L1BP,1,1
PGAP1,MALSU1,1,1
PGAP1,MFSD4B,1,1
PGAP1,MRPL45,1,1
PGAP1,MSRA,1,1
PGAP1,NAXD,1,1
PGAP1,NELFB,1,1
PGAP1,NOMO2,1,1
PGAP1,NRCAM,1,1
PGAP1,PCMT1,1,1
PGAP1,PDIA5,1,1
PGAP1,PHTF2,1,1
PGAP1,PIGH,1,1
PGAP1,PLOD1,1,1
PGAP1,PON2,1,1
PGAP1,PPP1R26,1,1
PGAP1,PRR13,1,1
PGAP1,RHBDF2,1,1
PGAP1,RXRB,1,1
PGAP1,RXRG,1,1
PGAP1,SDC3,1,1
PGAP1,SDK1,1,1
PGAP1,SLC39A10,1,1
PGAP1,SPTBN2,1,1
PGAP1,SUPT20H,1,1
PGAP1,TAF11,1,1
PGAP1,TAX1BP1,1,1
PGAP1,TERF2IP,1,1
PGAP1,TMED4,1,1
PGAP1,TMEM30A,1,1
PGAP1,TNFSF13B,1,1
PGAP1,TNIK,1,1
PGAP1,TRAF7,1,1
PGAP1,TRIM13,1,1
PGAP1,UGP2,1,1
PGAP1,USP25,1,1
PGAP1,ZCCHC17,1,1
PGAP1,ZNF266,1,1
PGAP1,ZNF788,1,1
RPGRIP1L,ABCB8,1,1
RPGRIP1L,ACO2,1,1
RPGRIP1L,ACVR2A,1,1
RPGRIP1L,ANKS6,1,1
RPGRIP1L,ARL 1.00,1,1
RPGRIP1L,ARPC1B,1,1
RPGRIP1L,C14ORF119,1,1
RPGRIP1L,C1GALT1C1,1,1
RPGRIP1L,CDC42SE1,1,1
RPGRIP1L,CDR2L,1,1
RPGRIP1L,CHMP7,1,1
RPGRIP1L,CPNE2,1,1
RPGRIP1L,DDX41,1,1
RPGRIP1L,DIS3,1,1
RPGRIP1L,EXOC3,1,1
RPGRIP1L,FAM65A,1,1
RPGRIP1L,GNAS,1,1
RPGRIP1L,HUS1,1,1
RPGRIP1L,KREMEN1,1,1
RPGRIP1L,MAD1L1,1,1
RPGRIP1L,MED20,1,1
RPGRIP1L,MTO1,1,1
RPGRIP1L,NAGPA,1,1
RPGRIP1L,NAPEPLD,1,1
RPGRIP1L,NT5C,1,1
RPGRIP1L,PEX1,1,1
RPGRIP1L,PIN1,1,1
RPGRIP1L,PYGO1,1,1
RPGRIP1L,R3HCC1,1,1
RPGRIP1L,RNF169,1,1
RPGRIP1L,SLC35B2,1,1
RPGRIP1L,SLC9A3R2,1,1
RPGRIP1L,SNTB2,1,1
RPGRIP1L,SOX6,1,1
RPGRIP1L,TLDC1,1,1
RPGRIP1L,TMEM60,1,1
RPGRIP1L,TOMM7,1,1
RPGRIP1L,WASF1,1,1
RPGRIP1L,ZNF23,1,1
RPGRIP1L,ZNF384,1,1
RPGRIP1L,ZNF532,1,1
RPGRIP1L,ZNF669,1,1
RPGRIP1L,ZNF772,1,1
GFOD2,ABCB8,1,1
GFOD2,ALG5,1,1
GFOD2,ANKS6,1,1
GFOD2,ANP32A,1,1
GFOD2,ANXA2,1,1
GFOD2,AP4S1,1,1
GFOD2,APOL2,1,1
GFOD2,AQR,1,1
GFOD2,ARHGAP10,1,1
GFOD2,ARPC1B,1,1
GFOD2,ASAP3,1,1
GFOD2,AVEN,1,1
GFOD2,BCL2L1,1,1
GFOD2,BHLHB9,1,1
GFOD2,C1GALT1C1,1,1
GFOD2,C3ORF38,1,1
GFOD2,CCNY,1,1
GFOD2,CDR2L,1,1
GFOD2,CDYL2,1,1
GFOD2,CFL1,1,1
GFOD2,CHMP7,1,1
GFOD2,CHST12,1,1
GFOD2,CHST3,1,1
GFOD2,COG8,1,1
GFOD2,CPNE2,1,1
GFOD2,CPSF7,1,1
GFOD2,CSTF2T,1,1
GFOD2,DAAM2,1,1
GFOD2,DCP1A,1,1
GFOD2,DIS3,1,1
GFOD2,DNAJC21,1,1
GFOD2,DNMBP,1,1
GFOD2,EXOC3,1,1
GFOD2,FAH,1,1
GFOD2,FBXO46,1,1
GFOD2,FBXW2,1,1
GFOD2,GGA1,1,1
GFOD2,GNAS,1,1
GFOD2,HDAC7,1,1
GFOD2,HMGN4,1,1
GFOD2,HPS6,1,1
GFOD2,IBTK,1,1
GFOD2,INPP5A,1,1
GFOD2,INTS5,1,1
GFOD2,ITGB1,1,1
GFOD2,ITPRIPL1,1,1
GFOD2,ITSN1,1,1
GFOD2,KLHL7,1,1
GFOD2,KREMEN1,1,1
GFOD2,KRIT1,1,1
GFOD2,LRRC20,1,1
GFOD2,MARK2,1,1
GFOD2,MED19,1,1
GFOD2,MED20,1,1
GFOD2,MEN1,1,1
GFOD2,MRPL16,1,1
GFOD2,MT1F,1,1
GFOD2,NCS1,1,1
GFOD2,NFATC3,1,1
GFOD2,NOP10,1,1
GFOD2,NT5C,1,1
GFOD2,NUMA1,1,1
GFOD2,OTUB1,1,1
GFOD2,PAK1,1,1
GFOD2,PARG,1,1
GFOD2,POLR2G,1,1
GFOD2,POLR3A,1,1
GFOD2,PPP2R3A,1,1
GFOD2,PPP4R1,1,1
GFOD2,PRDM11,1,1
GFOD2,PRR16,1,1
GFOD2,QKI,1,1
GFOD2,RALA,1,1
GFOD2,RBPJ,1,1
GFOD2,RHBDD1,1,1
GFOD2,RHBDD3,1,1
GFOD2,RNASEH2B,1,1
GFOD2,RNF166,1,1
GFOD2,RNF169,1,1
GFOD2,RRAGB,1,1
GFOD2,SAV1,1,1
GFOD2,SH3BP5L,1,1
GFOD2,SIL1,1,1
GFOD2,SLC9A3R2,1,1
GFOD2,SNTB2,1,1
GFOD2,TERF2,1,1
GFOD2,TFE3,1,1
GFOD2,TMEM170A,1,1
GFOD2,TMEM203,1,1
GFOD2,TMEM60,1,1
GFOD2,TMOD3,1,1
GFOD2,TOMM7,1,1
GFOD2,TOR4A,1,1
GFOD2,TPCN1,1,1
GFOD2,TRIO,1,1
GFOD2,TRNAU1AP,1,1
GFOD2,TSPAN5,1,1
GFOD2,UBAC1,1,1
GFOD2,VPS4A,1,1
GFOD2,WDR82,1,1
GFOD2,YY1,1,1
GFOD2,ZBED6,1,1
GFOD2,ZNF23,1,1
GFOD2,ZNF48,1,1
GFOD2,ZNF510,1,1
GFOD2,ZNF532,1,1
GFOD2,ZNF669,1,1
SETX,ARL 10.00,1,1
SETX,CD320,1,1
SETX,GPATCH2L,1,1
SETX,KMT2A,1,1
SETX,TSTD2,1,1
SETX,USP45,1,1
FAM168A,ARRDC1,1,1
FAM168A,BAD,1,1
FAM168A,C14ORF119,1,1
FAM168A,CES2,1,1
FAM168A,COG8,1,1
FAM168A,DDAH2,1,1
FAM168A,DEDD,1,1
FAM168A,DMTN,1,1
FAM168A,DTNA,1,1
FAM168A,EHD2,1,1
FAM168A,FIBP,1,1
FAM168A,GMPR2,1,1
FAM168A,KLC1,1,1
FAM168A,LINC00094,1,1
FAM168A,LTBP3,1,1
FAM168A,MAP4K2,1,1
FAM168A,MYADM,1,1
FAM168A,NDUFA6,1,1
FAM168A,OTUB2,1,1
FAM168A,PGM2L1,1,1
FAM168A,PKN1,1,1
FAM168A,PPT1,1,1
FAM168A,PRKAB2,1,1
FAM168A,PSENEN,1,1
FAM168A,RNF41,1,1
FAM168A,SLC39A9,1,1
FAM168A,TMOD3,1,1
FAM168A,TNFAIP1,1,1
FAM168A,UBXN1,1,1
FAM168A,VPS51,1,1
FAM168A,VWA8,1,1
FAM168A,ZMYM5,1,1
FAM168A,ZSWIM6,1,1
CAPNS1,AIP,1,1
CAPNS1,ARL 10.00,1,1
CAPNS1,BRD3,1,1
CAPNS1,CDK2AP2,1,1
CAPNS1,CNOT8,1,1
CAPNS1,CRHR1-IT1,1,1
CAPNS1,DDR1,1,1
CAPNS1,FBXL15,1,1
CAPNS1,FZD7,1,1
CAPNS1,GAREM2,1,1
CAPNS1,OTUD5,1,1
CAPNS1,PBX2,1,1
CAPNS1,PITPNM1,1,1
CAPNS1,PPP1R26,1,1
CAPNS1,PRR13,1,1
CAPNS1,RP11-466H18.1,1,1
CAPNS1,SDK1,1,1
CAPNS1,SPTBN2,1,1
CAPNS1,TADA3,1,1
CAPNS1,TERF2IP,1,1
CAPNS1,TMEM44,1,1
CAPNS1,TSTD2,1,1
CAPNS1,USP45,1,1
CAPNS1,ZKSCAN7,1,1
CAPNS1,ZKSCAN8,1,1
NOTCH1,ABCB8,1,1
NOTCH1,ANP32A,1,1
NOTCH1,ARPC1B,1,1
NOTCH1,B4GALT3,1,1
NOTCH1,CDC42SE1,1,1
NOTCH1,DDX41,1,1
NOTCH1,DIS3,1,1
NOTCH1,GNAS,1,1
NOTCH1,HDAC7,1,1
NOTCH1,KIAA0368,1,1
NOTCH1,KREMEN1,1,1
NOTCH1,LEO1,1,1
NOTCH1,MINA,1,1
NOTCH1,NAGPA,1,1
NOTCH1,PEX1,1,1
NOTCH1,PNP,1,1
NOTCH1,PPP2R3A,1,1
NOTCH1,PPP4R3A,1,1
NOTCH1,R3HCC1,1,1
NOTCH1,RBM4,1,1
NOTCH1,RBPJ,1,1
NOTCH1,RPUSD3,1,1
NOTCH1,SLC35B2,1,1
NOTCH1,TLDC1,1,1
NOTCH1,TMEM167B,1,1
NOTCH1,TRMT5,1,1
NOTCH1,WASF1,1,1
NOTCH1,ZNF384,1,1
NOTCH1,ZNF669,1,1
SEPT2,ADGRG6,1,1
SEPT2,ALDOA,1,1
SEPT2,BCAP29,1,1
SEPT2,BMP7,1,1
SEPT2,BRK1,1,1
SEPT2,CNTNAP3,1,1
SEPT2,CTHRC1,1,1
SEPT2,DKK 3.00,1,1
SEPT2,DNAJA3,1,1
SEPT2,EPS8L2,1,1
SEPT2,FAM127C,1,1
SEPT2,FAM210A,1,1
SEPT2,FDX1,1,1
SEPT2,FZD7,1,1
SEPT2,H1F0,1,1
SEPT2,MFSD4B,1,1
SEPT2,MRPL40,1,1
SEPT2,NAXD,1,1
SEPT2,NRCAM,1,1
SEPT2,PHTF2,1,1
SEPT2,PLOD1,1,1
SEPT2,PON2,1,1
SEPT2,PRR13,1,1
SEPT2,RAB1A,1,1
SEPT2,RXRG,1,1
SEPT2,SDK1,1,1
SEPT2,SLC39A10,1,1
SEPT2,TAX1BP1,1,1
SEPT2,TAX1BP3,1,1
SEPT2,TMED4,1,1
SEPT2,TMEM30A,1,1
SEPT2,TNIK,1,1
SEPT2,TRIM13,1,1
SEPT2,UPF3B,1,1
SEPT2,ZNF32,1,1
SEPT2,ZNF788,1,1
URM1,AIFM1,1,1
URM1,ANKMY2,1,1
URM1,CHMP1A,1,1
URM1,EHMT2,1,1
URM1,FAH,1,1
URM1,FAM32A,1,1
URM1,GMPPA,1,1
URM1,HIBADH,1,1
URM1,HNRNPUL2,1,1
URM1,INPP5E,1,1
URM1,KAT6B,1,1
URM1,LXN,1,1
URM1,NELFB,1,1
URM1,NOMO2,1,1
URM1,NUMA1,1,1
URM1,PPP4R1,1,1
URM1,PREB,1,1
URM1,RAB1A,1,1
URM1,RABIF,1,1
URM1,RNF121,1,1
URM1,SAMD5,1,1
URM1,SLC25A5,1,1
URM1,SLC47A1,1,1
URM1,SNX10,1,1
URM1,SRF,1,1
URM1,TAF11,1,1
URM1,TANC1,1,1
URM1,TAX1BP1,1,1
URM1,TMEM214,1,1
URM1,TRAF3IP2,1,1
QKI,AGO1,1,1
QKI,AP4S1,1,1
QKI,APOL2,1,1
QKI,AVEN,1,1
QKI,BHLHB9,1,1
QKI,CCNY,1,1
QKI,CDR2L,1,1
QKI,CFL1,1,1
QKI,DHDDS,1,1
QKI,DNMBP,1,1
QKI,DPH7,1,1
QKI,EXOC3,1,1
QKI,FBXO46,1,1
QKI,HPS6,1,1
QKI,IBTK,1,1
QKI,INTS5,1,1
QKI,ITGB1,1,1
QKI,ITPRIP,1,1
QKI,KRIT1,1,1
QKI,LRRC20,1,1
QKI,MED20,1,1
QKI,MEN1,1,1
QKI,MT1F,1,1
QKI,MTO1,1,1
QKI,MX2,1,1
QKI,NT5C,1,1
QKI,POLR2G,1,1
QKI,PRDM11,1,1
QKI,RAB2A,1,1
QKI,RNASEH2B,1,1
QKI,RPL7A,1,1
QKI,RPS20,1,1
QKI,RPS3,1,1
QKI,RRAGB,1,1
QKI,SAMD5,1,1
QKI,SH3BP5L,1,1
QKI,TMEM170A,1,1
QKI,TMEM203,1,1
QKI,TOR4A,1,1
QKI,TPM2,1,1
QKI,TRERF1,1,1
QKI,TSPAN5,1,1
QKI,UBAC1,1,1
QKI,ZNF23,1,1
QKI,ZNHIT1,1,1
BBIP1,ADH5,1,1
BBIP1,COG3,1,1
BBIP1,COMMD7,1,1
BBIP1,DEAF1,1,1
BBIP1,DFNA5,1,1
BBIP1,HSD3B7,1,1
BBIP1,ITPRIP,1,1
BBIP1,MEF2C,1,1
BBIP1,MOB2,1,1
BBIP1,NBPF15,1,1
BBIP1,NDUFB2,1,1
BBIP1,PLBD2,1,1
BBIP1,SELK,1,1
BBIP1,SH3GLB1,1,1
BBIP1,TGIF2,1,1
BBIP1,TNIP1,1,1
BBIP1,TOR1AIP1,1,1
BBIP1,TTLL7,1,1
BBIP1,TUBGCP2,1,1
BBIP1,ZC4H2,1,1
BBIP1,ZNF623,1,1
BBIP1,ZNF880,1,1
BRAT1,ACVR2B,1,1
BRAT1,ADGRG6,1,1
BRAT1,AIP,1,1
BRAT1,ALDOA,1,1
BRAT1,APBB2,1,1
BRAT1,ARAP1,1,1
BRAT1,CACYBP,1,1
BRAT1,CFLAR,1,1
BRAT1,CNTNAP3,1,1
BRAT1,CRHR1-IT1,1,1
BRAT1,DESI1,1,1
BRAT1,DNAJA3,1,1
BRAT1,DOPEY2,1,1
BRAT1,EEPD1,1,1
BRAT1,FZD7,1,1
BRAT1,HOXC6,1,1
BRAT1,MARCH8,1,1
BRAT1,MFSD4B,1,1
BRAT1,MRPL45,1,1
BRAT1,NRCAM,1,1
BRAT1,PHTF2,1,1
BRAT1,PLOD1,1,1
BRAT1,PON2,1,1
BRAT1,PPP1R26,1,1
BRAT1,QRSL1,1,1
BRAT1,STAU2,1,1
BRAT1,TUBG1,1,1
BRAT1,USP25,1,1
BRAT1,ZCCHC17,1,1
BRAT1,ZNF32,1,1
BRAT1,ZSCAN2,1,1
KAT6B,ACVR2B,1,1
KAT6B,AIFM1,1,1
KAT6B,AVEN,1,1
KAT6B,BACE2,1,1
KAT6B,BHLHB9,1,1
KAT6B,CCDC169,1,1
KAT6B,CCNY,1,1
KAT6B,CDC14B,1,1
KAT6B,CDYL2,1,1
KAT6B,COG3,1,1
KAT6B,COG8,1,1
KAT6B,COMMD7,1,1
KAT6B,DCTD,1,1
KAT6B,DDX50,1,1
KAT6B,DPH3,1,1
KAT6B,EHMT2,1,1
KAT6B,EPHB4,1,1
KAT6B,FAH,1,1
KAT6B,FAM204A,1,1
KAT6B,FAM32A,1,1
KAT6B,GAREM2,1,1
KAT6B,HNRNPUL2,1,1
KAT6B,HOXC11,1,1
KAT6B,ITGB1,1,1
KAT6B,ITPRIP,1,1
KAT6B,KLF12,1,1
KAT6B,LASP1,1,1
KAT6B,LDOC1L,1,1
KAT6B,LZTFL1,1,1
KAT6B,MAD2L1BP,1,1
KAT6B,MED22,1,1
KAT6B,MEN1,1,1
KAT6B,MOB2,1,1
KAT6B,MRPL43,1,1
KAT6B,MRPS31,1,1
KAT6B,NDUFB2,1,1
KAT6B,NOMO2,1,1
KAT6B,NPRL3,1,1
KAT6B,NRIP1,1,1
KAT6B,NT5C2,1,1
KAT6B,NUMA1,1,1
KAT6B,OTUB1,1,1
KAT6B,PARG,1,1
KAT6B,PCMT1,1,1
KAT6B,PPIL3,1,1
KAT6B,PPP4R1,1,1
KAT6B,PRDM11,1,1
KAT6B,PRPF18,1,1
KAT6B,PRRC2A,1,1
KAT6B,RB1,1,1
KAT6B,REST,1,1
KAT6B,RHBDD1,1,1
KAT6B,RNF121,1,1
KAT6B,SHOC2,1,1
KAT6B,SLC25A5,1,1
KAT6B,SLC47A1,1,1
KAT6B,SPRYD4,1,1
KAT6B,SPTBN2,1,1
KAT6B,SPTLC2,1,1
KAT6B,SUMF2,1,1
KAT6B,SUPT20H,1,1
KAT6B,TANC1,1,1
KAT6B,TMEM214,1,1
KAT6B,TNIP1,1,1
KAT6B,TRAF3IP2,1,1
KAT6B,TRIM8,1,1
KAT6B,TRIO,1,1
KAT6B,UBE2Q2,1,1
KAT6B,USP38,1,1
KAT6B,YME1L1,1,1
KAT6B,ZBTB12,1,1
KAT6B,ZNF22,1,1
KAT6B,ZNF33A,1,1
KAT6B,ZNF48,1,1
KAT6B,ZSCAN9,1,1
LITAF,ABCB8,1,1
LITAF,ACO2,1,1
LITAF,AHCYL1,1,1
LITAF,APOL2,1,1
LITAF,BAMBI,1,1
LITAF,BFAR,1,1
LITAF,C14ORF119,1,1
LITAF,C1GALT1C1,1,1
LITAF,DAAM2,1,1
LITAF,DDX41,1,1
LITAF,DLG5,1,1
LITAF,DTNA,1,1
LITAF,FBXO11,1,1
LITAF,GGCX,1,1
LITAF,GNAS,1,1
LITAF,IP6K2,1,1
LITAF,KANK1,1,1
LITAF,KLC1,1,1
LITAF,KLHDC4,1,1
LITAF,KLHL7,1,1
LITAF,KRIT1,1,1
LITAF,LAMTOR1,1,1
LITAF,MAD1L1,1,1
LITAF,MBNL3,1,1
LITAF,MED19,1,1
LITAF,NAGPA,1,1
LITAF,NFU1,1,1
LITAF,NPHP4,1,1
LITAF,NSMF,1,1
LITAF,NT5C,1,1
LITAF,NUDT11,1,1
LITAF,NXPE3,1,1
LITAF,PAK1,1,1
LITAF,POLR2G,1,1
LITAF,PPT1,1,1
LITAF,RAB2A,1,1
LITAF,RAI1,1,1
LITAF,SCMH1,1,1
LITAF,SDC3,1,1
LITAF,SGK1,1,1
LITAF,SLC25A11,1,1
LITAF,SND1,1,1
LITAF,SOX6,1,1
LITAF,TBK1,1,1
LITAF,TMEM167B,1,1
LITAF,TMSB15B,1,1
LITAF,TRNAU1AP,1,1
LITAF,TUBGCP4,1,1
LITAF,VPS4A,1,1
LITAF,WASF1,1,1
LITAF,ZNF669,1,1
LITAF,ZNF772,1,1
WWC2,ASXL1,1,1
WWC2,BICD2,1,1
WWC2,C11ORF84,1,1
WWC2,C2CD3,1,1
WWC2,COPS4,1,1
WWC2,EHMT2,1,1
WWC2,FAM32A,1,1
WWC2,LATS2,1,1
WWC2,MCM3AP,1,1
WWC2,MED22,1,1
WWC2,MSANTD3,1,1
WWC2,NOP9,1,1
WWC2,PROSER1,1,1
WWC2,RAB11FIP2,1,1
WWC2,RABIF,1,1
WWC2,RB1,1,1
WWC2,SHOC2,1,1
WWC2,TTC19,1,1
WWC2,USP38,1,1
WWC2,WASF3,1,1
WWC2,ZNF33A,1,1
SERINC5,ABCB8,1,1
SERINC5,AKIRIN1,1,1
SERINC5,BFAR,1,1
SERINC5,C1GALT1C1,1,1
SERINC5,DAAM2,1,1
SERINC5,DNAJC8,1,1
SERINC5,DTNA,1,1
SERINC5,FBXO11,1,1
SERINC5,GAS2L3,1,1
SERINC5,GGCX,1,1
SERINC5,HEATR6,1,1
SERINC5,IFNGR2,1,1
SERINC5,KANK1,1,1
SERINC5,KCNQ5,1,1
SERINC5,LINC00094,1,1
SERINC5,MAD1L1,1,1
SERINC5,MBNL3,1,1
SERINC5,MED19,1,1
SERINC5,PPT1,1,1
SERINC5,PSENEN,1,1
SERINC5,PTP4A1,1,1
SERINC5,RAI1,1,1
SERINC5,RPL36AL,1,1
SERINC5,SMPDL3A,1,1
SERINC5,SOX6,1,1
SERINC5,STARD3NL,1,1
SERINC5,TBK1,1,1
SERINC5,THEM4,1,1
SERINC5,TMEM136,1,1
SERINC5,TUBGCP4,1,1
SERINC5,VPS4A,1,1
SERINC5,VPS51,1,1
SERINC5,ZNF542P,1,1
DEAF1,ADH5,1,1
DEAF1,AIFM1,1,1
DEAF1,ANXA2,1,1
DEAF1,AP1S2,1,1
DEAF1,APH1A,1,1
DEAF1,BACE2,1,1
DEAF1,BCL2L1,1,1
DEAF1,C11ORF84,1,1
DEAF1,CASP3,1,1
DEAF1,CCNY,1,1
DEAF1,COG3,1,1
DEAF1,COMMD7,1,1
DEAF1,COQ10A,1,1
DEAF1,CSPG4,1,1
DEAF1,CUTC,1,1
DEAF1,CYTH2,1,1
DEAF1,DCTD,1,1
DEAF1,DDX50,1,1
DEAF1,DFNA5,1,1
DEAF1,EHMT2,1,1
DEAF1,ENDOD1,1,1
DEAF1,FAH,1,1
DEAF1,FAM135A,1,1
DEAF1,FAM204A,1,1
DEAF1,FAM32A,1,1
DEAF1,FBXO46,1,1
DEAF1,GPATCH2,1,1
DEAF1,HNRNPUL2,1,1
DEAF1,HOXC11,1,1
DEAF1,HSD3B7,1,1
DEAF1,IBTK,1,1
DEAF1,ITPRIP,1,1
DEAF1,KLHL2,1,1
DEAF1,MED22,1,1
DEAF1,MEF2C,1,1
DEAF1,MOB2,1,1
DEAF1,MRPS31,1,1
DEAF1,MT1F,1,1
DEAF1,NBPF15,1,1
DEAF1,NDUFB2,1,1
DEAF1,NUMA1,1,1
DEAF1,OTUB1,1,1
DEAF1,PLBD2,1,1
DEAF1,POLR3A,1,1
DEAF1,PRDM11,1,1
DEAF1,PROSER1,1,1
DEAF1,PRRC2A,1,1
DEAF1,PTBP2,1,1
DEAF1,RB1,1,1
DEAF1,RNF121,1,1
DEAF1,RP11-2C24.9,1,1
DEAF1,RPL15,1,1
DEAF1,RPL7A,1,1
DEAF1,RPS17,1,1
DEAF1,RPS3,1,1
DEAF1,RPS3A,1,1
DEAF1,RPS6KL1,1,1
DEAF1,SELK,1,1
DEAF1,SH3GLB1,1,1
DEAF1,SHOC2,1,1
DEAF1,SLC38A6,1,1
DEAF1,SLC47A1,1,1
DEAF1,SMG7,1,1
DEAF1,SPRYD4,1,1
DEAF1,TERF2,1,1
DEAF1,TGIF2,1,1
DEAF1,TMC6,1,1
DEAF1,TNIP1,1,1
DEAF1,TOR1AIP1,1,1
DEAF1,TOR4A,1,1
DEAF1,TRAF3IP2,1,1
DEAF1,TRIM8,1,1
DEAF1,TRIO,1,1
DEAF1,TUBGCP2,1,1
DEAF1,UBAC1,1,1
DEAF1,USP38,1,1
DEAF1,YME1L1,1,1
DEAF1,ZBTB12,1,1
DEAF1,ZC4H2,1,1
DEAF1,ZNF22,1,1
DEAF1,ZNF35,1,1
DEAF1,ZSCAN9,1,1
DESI1,DOPEY2,1,1
DESI1,LIN52,1,1
DESI1,PIGH,1,1
DESI1,ZNF266,1,1
NCOA5,CUL4A,1,1
NCOA5,EHD1,1,1
NCOA5,HSPH1,1,1
NCOA5,IMP3,1,1
NCOA5,MED22,1,1
NCOA5,SLC7A6,1,1
NCOA5,USP31,1,1
ZNF384,ARL 1.00,1,1
ZNF384,ARPC1B,1,1
ZNF384,CDC42SE1,1,1
ZNF384,DDX41,1,1
ZNF384,KREMEN1,1,1
ZNF384,MAD1L1,1,1
ZNF384,NAGPA,1,1
ZNF384,NAPEPLD,1,1
ZNF384,PEX1,1,1
ZNF384,PLSCR1,1,1
ZNF384,PNP,1,1
ZNF384,RPUSD3,1,1
ZNF384,SLC35B2,1,1
ZNF384,SOX6,1,1
ZNF384,TLDC1,1,1
ZNF384,TMEM167B,1,1
ZNF384,TRMT5,1,1
ZNF384,TUBGCP4,1,1
ZNF384,WASF1,1,1
ZNF384,ZNF234,1,1
ZNF384,ZNF669,1,1
LEO1,ANP32A,1,1
LEO1,B4GALT3,1,1
LEO1,KIAA0368,1,1
LEO1,PNP,1,1
LEO1,PPP4R3A,1,1
LEO1,TRMT5,1,1
C11ORF84,ALG5,1,1
C11ORF84,ANKRD13C,1,1
C11ORF84,APH1A,1,1
C11ORF84,ASXL1,1,1
C11ORF84,C2CD3,1,1
C11ORF84,CACUL1,1,1
C11ORF84,CLTB,1,1
C11ORF84,COMMD7,1,1
C11ORF84,COPS4,1,1
C11ORF84,COQ10A,1,1
C11ORF84,CUL4A,1,1
C11ORF84,DCTD,1,1
C11ORF84,EHMT2,1,1
C11ORF84,ENDOD1,1,1
C11ORF84,EXOG,1,1
C11ORF84,FAM204A,1,1
C11ORF84,FAM32A,1,1
C11ORF84,HNRNPUL2,1,1
C11ORF84,HOXC5,1,1
C11ORF84,HPS6,1,1
C11ORF84,ITPRIP,1,1
C11ORF84,ITPRIPL1,1,1
C11ORF84,LCMT2,1,1
C11ORF84,LYRM4,1,1
C11ORF84,MAML1,1,1
C11ORF84,MCM3AP,1,1
C11ORF84,MED22,1,1
C11ORF84,MED4,1,1
C11ORF84,MOB2,1,1
C11ORF84,MSANTD3,1,1
C11ORF84,NOP9,1,1
C11ORF84,NUMA1,1,1
C11ORF84,OTUB1,1,1
C11ORF84,POLR3A,1,1
C11ORF84,PRDM11,1,1
C11ORF84,PROSER1,1,1
C11ORF84,PRRC2A,1,1
C11ORF84,PTBP2,1,1
C11ORF84,RABIF,1,1
C11ORF84,RALA,1,1
C11ORF84,RBM17,1,1
C11ORF84,RCE1,1,1
C11ORF84,RP11-2C24.9,1,1
C11ORF84,SAR1A,1,1
C11ORF84,SDCCAG8,1,1
C11ORF84,SUMO3,1,1
C11ORF84,TERF2,1,1
C11ORF84,TGIF2,1,1
C11ORF84,TRAF3IP2,1,1
C11ORF84,TRIM7,1,1
C11ORF84,USP38,1,1
C11ORF84,YME1L1,1,1
C11ORF84,ZNF33A,1,1
C11ORF84,ZNF35,1,1
BACE2,AIFM1,1,1
BACE2,AP1S2,1,1
BACE2,APAF1,1,1
BACE2,AVEN,1,1
BACE2,CDYL2,1,1
BACE2,COG3,1,1
BACE2,COMMD7,1,1
BACE2,COQ10A,1,1
BACE2,CSPG4,1,1
BACE2,CYTH2,1,1
BACE2,DCTD,1,1
BACE2,DDX50,1,1
BACE2,EHMT2,1,1
BACE2,ENDOD1,1,1
BACE2,EPHB4,1,1
BACE2,FADS3,1,1
BACE2,FAH,1,1
BACE2,FAM135A,1,1
BACE2,FAM204A,1,1
BACE2,FAM32A,1,1
BACE2,FBXO46,1,1
BACE2,HNRNPUL2,1,1
BACE2,HOXC11,1,1
BACE2,IBTK,1,1
BACE2,ITPRIP,1,1
BACE2,MAD2L1BP,1,1
BACE2,MEN1,1,1
BACE2,MOB2,1,1
BACE2,MRPL43,1,1
BACE2,MRPS31,1,1
BACE2,MT1F,1,1
BACE2,MX2,1,1
BACE2,NDUFB2,1,1
BACE2,NOMO2,1,1
BACE2,NUMA1,1,1
BACE2,PCMT1,1,1
BACE2,PRDM11,1,1
BACE2,PRRC2A,1,1
BACE2,RFTN1,1,1
BACE2,RNF121,1,1
BACE2,RP11-2C24.9,1,1
BACE2,RPL15,1,1
BACE2,RPS17,1,1
BACE2,SELK,1,1
BACE2,SLC47A1,1,1
BACE2,SMG7,1,1
BACE2,SPRYD4,1,1
BACE2,TANC1,1,1
BACE2,TGIF2,1,1
BACE2,TMC6,1,1
BACE2,TNIP1,1,1
BACE2,TOR4A,1,1
BACE2,TPM2,1,1
BACE2,TRAF3IP2,1,1
BACE2,TRIM8,1,1
BACE2,ZBTB12,1,1
BACE2,ZFP41,1,1
BACE2,ZNF22,1,1
BACE2,ZNF48,1,1
BACE2,ZSCAN9,1,1
HIGD1A,ANKRD13C,1,1
HIGD1A,BLOC1S2,1,1
HIGD1A,CACUL1,1,1
HIGD1A,COMMD10,1,1
HIGD1A,COMMD7,1,1
HIGD1A,CUL4A,1,1
HIGD1A,DYNC2LI1,1,1
HIGD1A,GPATCH2,1,1
HIGD1A,HNRNPF,1,1
HIGD1A,HOXC5,1,1
HIGD1A,IRF2BPL,1,1
HIGD1A,LCMT2,1,1
HIGD1A,MCM3AP,1,1
HIGD1A,NKIRAS1,1,1
HIGD1A,PDZRN3,1,1
HIGD1A,PRICKLE3,1,1
HIGD1A,PTBP2,1,1
HIGD1A,RNF14,1,1
HIGD1A,RPS6KL1,1,1
HIGD1A,SIRT1,1,1
HIGD1A,SLC16A7,1,1
HIGD1A,TRAF6,1,1
HIGD1A,TRIM7,1,1
HIGD1A,UBP1,1,1
HIGD1A,WAPL,1,1
HIGD1A,ZNF35,1,1
TMSB10,ABCB1,1,1
TMSB10,ACVR2A,1,1
TMSB10,AGO1,1,1
TMSB10,AMFR,1,1
TMSB10,BAD,1,1
TMSB10,BHLHB9,1,1
TMSB10,C14ORF119,1,1
TMSB10,C1GALT1C1,1,1
TMSB10,CBX4,1,1
TMSB10,CDR2L,1,1
TMSB10,CDYL2,1,1
TMSB10,CES2,1,1
TMSB10,COG8,1,1
TMSB10,DAAM2,1,1
TMSB10,DENND4A,1,1
TMSB10,DMTN,1,1
TMSB10,DTNA,1,1
TMSB10,EHD2,1,1
TMSB10,EXOC3,1,1
TMSB10,FBXW2,1,1
TMSB10,FIBP,1,1
TMSB10,GMPR2,1,1
TMSB10,ITGB1,1,1
TMSB10,LDAH,1,1
TMSB10,LRRC20,1,1
TMSB10,MED19,1,1
TMSB10,MED20,1,1
TMSB10,MTO1,1,1
TMSB10,MYADM,1,1
TMSB10,NT5C,1,1
TMSB10,OTUB2,1,1
TMSB10,PKN1,1,1
TMSB10,PPT1,1,1
TMSB10,RAB2A,1,1
TMSB10,RPL7A,1,1
TMSB10,RPL9P9,1,1
TMSB10,RPS27,1,1
TMSB10,RPS3,1,1
TMSB10,RRAGB,1,1
TMSB10,SLC39A9,1,1
TMSB10,SLC9A3R2,1,1
TMSB10,SOX6,1,1
TMSB10,TMEM203,1,1
TMSB10,TMOD3,1,1
TMSB10,TPCN1,1,1
TMSB10,TRERF1,1,1
TMSB10,TSPAN5,1,1
TMSB10,UBXN1,1,1
TMSB10,VPS4A,1,1
TMSB10,VPS51,1,1
TMSB10,ZBED6,1,1
TMSB10,ZMYM5,1,1
TMSB10,ZNF22,1,1
TMSB10,ZNF23,1,1
TMSB10,ZNF772,1,1
PABPN1,ANAPC2,1,1
PABPN1,ANKMY2,1,1
PABPN1,CHMP1A,1,1
PABPN1,COX17,1,1
PABPN1,CTDNEP1,1,1
PABPN1,INPP5E,1,1
PABPN1,VIM,1,1
TLDC1,ABCB8,1,1
TLDC1,ACO2,1,1
TLDC1,ANP32A,1,1
TLDC1,ARPC1B,1,1
TLDC1,B4GALT3,1,1
TLDC1,CDC42SE1,1,1
TLDC1,CPNE2,1,1
TLDC1,DDX41,1,1
TLDC1,DIS3,1,1
TLDC1,ERMP1,1,1
TLDC1,GNAS,1,1
TLDC1,HDAC7,1,1
TLDC1,KANK1,1,1
TLDC1,KREMEN1,1,1
TLDC1,MAD1L1,1,1
TLDC1,MTMR9,1,1
TLDC1,NAGPA,1,1
TLDC1,NAPEPLD,1,1
TLDC1,PEX1,1,1
TLDC1,PNP,1,1
TLDC1,PPP2R3A,1,1
TLDC1,PYGO1,1,1
TLDC1,R3HCC1,1,1
TLDC1,RASAL2,1,1
TLDC1,RPUSD3,1,1
TLDC1,SLC35B2,1,1
TLDC1,SLC9A3R2,1,1
TLDC1,SMPDL3A,1,1
TLDC1,SOX6,1,1
TLDC1,TMEM167B,1,1
TLDC1,TMEM60,1,1
TLDC1,TRMT5,1,1
TLDC1,ZNF669,1,1
TLDC1,ZNF772,1,1
RBMS2,CACNB3,1,1
RBMS2,FBXL15,1,1
RBMS2,GGCT,1,1
RBMS2,HSD11B1L,1,1
RBMS2,IFT52,1,1
RBMS2,JUND,1,1
RBMS2,OTUD5,1,1
RBMS2,PITPNM1,1,1
RBMS2,PPP1R11,1,1
RBMS2,RAB39B,1,1
RBMS2,SEPT5,1,1
RBMS2,SPRYD4,1,1
RBMS2,STAP2,1,1
RBMS2,TRIM46,1,1
PTRF,ASPHD1,1,1
PTRF,ATMIN,1,1
PTRF,ATP5G3,1,1
PTRF,BAP1,1,1
PTRF,BCAP29,1,1
PTRF,BMP7,1,1
PTRF,C9ORF78,1,1
PTRF,CRBN,1,1
PTRF,GRB10,1,1
PTRF,MRPL40,1,1
PTRF,PWWP2B,1,1
PTRF,SLC39A10,1,1
PTRF,TAX1BP3,1,1
PTRF,TMED4,1,1
PTRF,VPS37C,1,1
NDUFA6,ABCB1,1,1
NDUFA6,ACVR2A,1,1
NDUFA6,ARRDC1,1,1
NDUFA6,C14ORF119,1,1
NDUFA6,DNAJC8,1,1
NDUFA6,EHD2,1,1
NDUFA6,LTBP3,1,1
NDUFA6,MAD1L1,1,1
NDUFA6,NAGPA,1,1
NDUFA6,PRKAB2,1,1
NDUFA6,PSENEN,1,1
NDUFA6,RNF41,1,1
NDUFA6,ZMYM5,1,1
NDUFA6,ZNF772,1,1
NDUFA6,ZSWIM6,1,1
SH3BP5L,ABCB8,1,1
SH3BP5L,AGO1,1,1
SH3BP5L,ANKS6,1,1
SH3BP5L,ANP32A,1,1
SH3BP5L,ANXA2,1,1
SH3BP5L,AP4S1,1,1
SH3BP5L,APOL2,1,1
SH3BP5L,AQR,1,1
SH3BP5L,ARHGAP10,1,1
SH3BP5L,ARPC1B,1,1
SH3BP5L,AVEN,1,1
SH3BP5L,BCL2L1,1,1
SH3BP5L,BHLHB9,1,1
SH3BP5L,C14ORF119,1,1
SH3BP5L,C1GALT1C1,1,1
SH3BP5L,C3ORF38,1,1
SH3BP5L,CBX4,1,1
SH3BP5L,CCNY,1,1
SH3BP5L,CDR2L,1,1
SH3BP5L,CDYL2,1,1
SH3BP5L,CFL1,1,1
SH3BP5L,CHMP7,1,1
SH3BP5L,CHST12,1,1
SH3BP5L,COG8,1,1
SH3BP5L,CPNE2,1,1
SH3BP5L,CPSF7,1,1
SH3BP5L,CSTF2T,1,1
SH3BP5L,DAAM2,1,1
SH3BP5L,DCP1A,1,1
SH3BP5L,DDX50,1,1
SH3BP5L,DENND4A,1,1
SH3BP5L,DIS3,1,1
SH3BP5L,DNAJC21,1,1
SH3BP5L,DNMBP,1,1
SH3BP5L,DPH7,1,1
SH3BP5L,EXOC3,1,1
SH3BP5L,FAH,1,1
SH3BP5L,FAM204A,1,1
SH3BP5L,FAM65A,1,1
SH3BP5L,FBXO46,1,1
SH3BP5L,FBXW2,1,1
SH3BP5L,FIBP,1,1
SH3BP5L,GGA1,1,1
SH3BP5L,GMPR2,1,1
SH3BP5L,GNAS,1,1
SH3BP5L,HDAC7,1,1
SH3BP5L,HMGN4,1,1
SH3BP5L,HPS6,1,1
SH3BP5L,IBTK,1,1
SH3BP5L,INPP5A,1,1
SH3BP5L,INTS5,1,1
SH3BP5L,ITGB1,1,1
SH3BP5L,ITSN1,1,1
SH3BP5L,KBTBD4,1,1
SH3BP5L,KLHL7,1,1
SH3BP5L,KRIT1,1,1
SH3BP5L,LRRC20,1,1
SH3BP5L,MARK2,1,1
SH3BP5L,MED19,1,1
SH3BP5L,MED20,1,1
SH3BP5L,MEN1,1,1
SH3BP5L,MRPL16,1,1
SH3BP5L,MRPL18,1,1
SH3BP5L,MT1F,1,1
SH3BP5L,MTO1,1,1
SH3BP5L,NAALAD2,1,1
SH3BP5L,NCS1,1,1
SH3BP5L,NDUFB2,1,1
SH3BP5L,NFATC3,1,1
SH3BP5L,NOP10,1,1
SH3BP5L,NT5C,1,1
SH3BP5L,NUMA1,1,1
SH3BP5L,OTUB1,1,1
SH3BP5L,PAK1,1,1
SH3BP5L,PARG,1,1
SH3BP5L,PKN1,1,1
SH3BP5L,POLR2G,1,1
SH3BP5L,POLR3A,1,1
SH3BP5L,PPP2R3A,1,1
SH3BP5L,PPP4R1,1,1
SH3BP5L,PPT1,1,1
SH3BP5L,PRDM11,1,1
SH3BP5L,PRR16,1,1
SH3BP5L,PTPMT1,1,1
SH3BP5L,R3HCC1,1,1
SH3BP5L,RAB2A,1,1
SH3BP5L,RALA,1,1
SH3BP5L,RGS14,1,1
SH3BP5L,RHBDD1,1,1
SH3BP5L,RHBDD3,1,1
SH3BP5L,RNASEH2B,1,1
SH3BP5L,RNF166,1,1
SH3BP5L,RNF169,1,1
SH3BP5L,RPS3,1,1
SH3BP5L,RRAGB,1,1
SH3BP5L,SAV1,1,1
SH3BP5L,SIL1,1,1
SH3BP5L,SLC39A9,1,1
SH3BP5L,SLC9A3R2,1,1
SH3BP5L,SNTB2,1,1
SH3BP5L,SOX6,1,1
SH3BP5L,TERF2,1,1
SH3BP5L,TFE3,1,1
SH3BP5L,TMEM170A,1,1
SH3BP5L,TMEM203,1,1
SH3BP5L,TMEM60,1,1
SH3BP5L,TMOD3,1,1
SH3BP5L,TNFAIP1,1,1
SH3BP5L,TOMM7,1,1
SH3BP5L,TOR4A,1,1
SH3BP5L,TPCN1,1,1
SH3BP5L,TRERF1,1,1
SH3BP5L,TRIM8,1,1
SH3BP5L,TRIO,1,1
SH3BP5L,TRNAU1AP,1,1
SH3BP5L,TSPAN5,1,1
SH3BP5L,TXNDC11,1,1
SH3BP5L,UBAC1,1,1
SH3BP5L,UBXN1,1,1
SH3BP5L,USF1,1,1
SH3BP5L,VPS4A,1,1
SH3BP5L,WDR82,1,1
SH3BP5L,YME1L1,1,1
SH3BP5L,YY1,1,1
SH3BP5L,ZBED6,1,1
SH3BP5L,ZMYM6,1,1
SH3BP5L,ZNF22,1,1
SH3BP5L,ZNF23,1,1
SH3BP5L,ZNF48,1,1
SH3BP5L,ZNF510,1,1
SH3BP5L,ZNF532,1,1
SH3BP5L,ZNF669,1,1
SH3BP5L,ZNF772,1,1
AFAP1L1,HIST2H2BF,1,1
AFAP1L1,NCOA7,1,1
AFAP1L1,RAB5C,1,1
DOCK1,CLASP1,1,1
DOCK1,KMT2A,1,1
DOCK1,TSTD2,1,1
PPIL3,ACVR2B,1,1
PPIL3,AIP,1,1
PPIL3,ARHGEF9,1,1
PPIL3,AVEN,1,1
PPIL3,BAD,1,1
PPIL3,CBX4,1,1
PPIL3,CDK2AP2,1,1
PPIL3,CDYL2,1,1
PPIL3,CES2,1,1
PPIL3,COG3,1,1
PPIL3,COG8,1,1
PPIL3,DENND2A,1,1
PPIL3,DMTN,1,1
PPIL3,DNPEP,1,1
PPIL3,DPH3,1,1
PPIL3,GAREM2,1,1
PPIL3,GGACT,1,1
PPIL3,HOXC11,1,1
PPIL3,ITGB1,1,1
PPIL3,KLF12,1,1
PPIL3,LDAH,1,1
PPIL3,LRRC20,1,1
PPIL3,LZTFL1,1,1
PPIL3,MAD2L1BP,1,1
PPIL3,MRPL43,1,1
PPIL3,MRPS31,1,1
PPIL3,MYADM,1,1
PPIL3,QRSL1,1,1
PPIL3,RPL15,1,1
PPIL3,RPL26,1,1
PPIL3,RPL29,1,1
PPIL3,RPL7A,1,1
PPIL3,RPL9P9,1,1
PPIL3,RPS27,1,1
PPIL3,RRAGB,1,1
PPIL3,SEPT5,1,1
PPIL3,SPRYD4,1,1
PPIL3,SPTBN2,1,1
PPIL3,TMEM258,1,1
PPIL3,TNIP1,1,1
PPIL3,TRIM8,1,1
PPIL3,TTLL7,1,1
PPIL3,UBXN1,1,1
PPIL3,ZBTB12,1,1
PPIL3,ZNF22,1,1
PPIL3,ZNF280D,1,1
LYRM4,ENDOD1,1,1
LYRM4,GPATCH2,1,1
LYRM4,ITGA1,1,1
LYRM4,MCM3AP,1,1
LYRM4,MED4,1,1
LYRM4,WDR6,1,1
MOB2,ADH5,1,1
MOB2,AIFM1,1,1
MOB2,ANKRD13C,1,1
MOB2,APH1A,1,1
MOB2,CA5BP1,1,1
MOB2,CACUL1,1,1
MOB2,CASP3,1,1
MOB2,CCNY,1,1
MOB2,COG3,1,1
MOB2,COMMD7,1,1
MOB2,COQ10A,1,1
MOB2,CSPG4,1,1
MOB2,CUTC,1,1
MOB2,CYTH2,1,1
MOB2,DCTD,1,1
MOB2,DDX50,1,1
MOB2,DFNA5,1,1
MOB2,DPH3,1,1
MOB2,EHMT2,1,1
MOB2,ENDOD1,1,1
MOB2,FAH,1,1
MOB2,FAM204A,1,1
MOB2,FAM32A,1,1
MOB2,HNRNPUL2,1,1
MOB2,HPF1,1,1
MOB2,HSD3B7,1,1
MOB2,ITPRIP,1,1
MOB2,KLHL2,1,1
MOB2,MCM3AP,1,1
MOB2,MED22,1,1
MOB2,MEF2C,1,1
MOB2,MRPL43,1,1
MOB2,MRPS31,1,1
MOB2,NBPF15,1,1
MOB2,NDUFB2,1,1
MOB2,NPRL3,1,1
MOB2,NUMA1,1,1
MOB2,OTUB1,1,1
MOB2,PCBD1,1,1
MOB2,PLBD2,1,1
MOB2,POLR3A,1,1
MOB2,PRDM11,1,1
MOB2,PROSER1,1,1
MOB2,PRRC2A,1,1
MOB2,PTBP2,1,1
MOB2,RB1,1,1
MOB2,RNF121,1,1
MOB2,RP11-2C24.9,1,1
MOB2,RPS17,1,1
MOB2,RPS3A,1,1
MOB2,RPS6KL1,1,1
MOB2,SELK,1,1
MOB2,SH3GLB1,1,1
MOB2,SHOC2,1,1
MOB2,SLC38A6,1,1
MOB2,SLC47A1,1,1
MOB2,SMG7,1,1
MOB2,SPRYD4,1,1
MOB2,STAG3L2,1,1
MOB2,TERF2,1,1
MOB2,TGIF2,1,1
MOB2,TMC6,1,1
MOB2,TNIP1,1,1
MOB2,TRAF3IP2,1,1
MOB2,TRIM7,1,1
MOB2,TRIO,1,1
MOB2,TUBGCP2,1,1
MOB2,UBE2Q2,1,1
MOB2,USP38,1,1
MOB2,YME1L1,1,1
MOB2,ZBTB12,1,1
MOB2,ZC4H2,1,1
MOB2,ZNF33A,1,1
MOB2,ZNF35,1,1
MOB2,ZSCAN9,1,1
PEX2,AP1S2,1,1
PEX2,CCDC169,1,1
PEX2,CLTB,1,1
PEX2,CSPG4,1,1
PEX2,CX3CL1,1,1
PEX2,DEGS1,1,1
PEX2,HNRNPUL2,1,1
PEX2,KCNQ5,1,1
PEX2,LIN52,1,1
PEX2,LRP11,1,1
PEX2,MAP3K1,1,1
PEX2,MMGT1,1,1
PEX2,NUMA1,1,1
PEX2,PCMT1,1,1
PEX2,RFTN1,1,1
PEX2,RNF166,1,1
PEX2,RP11-2C24.9,1,1
PEX2,SDCCAG8,1,1
PEX2,SEC63,1,1
PEX2,TEX15,1,1
PEX2,ZCCHC17,1,1
PEX2,ZNF266,1,1
PEX2,ZNF542P,1,1
POLR3A,ADH5,1,1
POLR3A,ALG5,1,1
POLR3A,ANKRD13C,1,1
POLR3A,ANXA2,1,1
POLR3A,APH1A,1,1
POLR3A,ASXL1,1,1
POLR3A,AVEN,1,1
POLR3A,BCL2L1,1,1
POLR3A,BHLHB9,1,1
POLR3A,BLOC1S2,1,1
POLR3A,CASP3,1,1
POLR3A,CCDC22,1,1
POLR3A,CCNY,1,1
POLR3A,CDC34,1,1
POLR3A,CFL1,1,1
POLR3A,COG3,1,1
POLR3A,COMMD7,1,1
POLR3A,CSTF2T,1,1
POLR3A,CUL2,1,1
POLR3A,CUL4A,1,1
POLR3A,CUTC,1,1
POLR3A,CYTH2,1,1
POLR3A,DCTD,1,1
POLR3A,DDX50,1,1
POLR3A,DFNA5,1,1
POLR3A,DNMBP,1,1
POLR3A,EHMT2,1,1
POLR3A,ENDOD1,1,1
POLR3A,FAH,1,1
POLR3A,FAM204A,1,1
POLR3A,FAM32A,1,1
POLR3A,FBXO46,1,1
POLR3A,FBXW2,1,1
POLR3A,GGA1,1,1
POLR3A,HMGN4,1,1
POLR3A,HPS6,1,1
POLR3A,INTS5,1,1
POLR3A,ITPRIP,1,1
POLR3A,KBTBD4,1,1
POLR3A,KLHL2,1,1
POLR3A,LCMT2,1,1
POLR3A,MAML1,1,1
POLR3A,MCM3AP,1,1
POLR3A,MED20,1,1
POLR3A,MED22,1,1
POLR3A,MID1,1,1
POLR3A,MRPL16,1,1
POLR3A,MT1F,1,1
POLR3A,NCS1,1,1
POLR3A,NDUFB2,1,1
POLR3A,NKIRAS1,1,1
POLR3A,NOP9,1,1
POLR3A,NPRL3,1,1
POLR3A,NUMA1,1,1
POLR3A,OTUB1,1,1
POLR3A,PARG,1,1
POLR3A,PLBD2,1,1
POLR3A,PRDM11,1,1
POLR3A,PROSER1,1,1
POLR3A,PRPF18,1,1
POLR3A,PRRC2A,1,1
POLR3A,PTBP2,1,1
POLR3A,RALA,1,1
POLR3A,RB1,1,1
POLR3A,RBM17,1,1
POLR3A,RCE1,1,1
POLR3A,RHBDD1,1,1
POLR3A,RHBDD3,1,1
POLR3A,RNASEH2B,1,1
POLR3A,RNF121,1,1
POLR3A,SAR1A,1,1
POLR3A,SH3GLB1,1,1
POLR3A,SHOC2,1,1
POLR3A,SIL1,1,1
POLR3A,SUMF2,1,1
POLR3A,TERF2,1,1
POLR3A,TGIF2,1,1
POLR3A,TMC6,1,1
POLR3A,TMEM170A,1,1
POLR3A,TOR4A,1,1
POLR3A,TRAF3IP2,1,1
POLR3A,TRIO,1,1
POLR3A,TUBGCP2,1,1
POLR3A,UBAC1,1,1
POLR3A,UBP1,1,1
POLR3A,USP38,1,1
POLR3A,YME1L1,1,1
POLR3A,ZBED6,1,1
POLR3A,ZC4H2,1,1
POLR3A,ZNF33A,1,1
POLR3A,ZNF35,1,1
POLR3A,ZSCAN9,1,1
PRPF18,ACVR2B,1,1
PRPF18,ANXA2,1,1
PRPF18,AREL1,1,1
PRPF18,ATPAF1,1,1
PRPF18,AVEN,1,1
PRPF18,BAMBI,1,1
PRPF18,BHLHB9,1,1
PRPF18,BRD3,1,1
PRPF18,CASP6,1,1
PRPF18,CASP7,1,1
PRPF18,CBX4,1,1
PRPF18,CCDC169,1,1
PRPF18,CCNY,1,1
PRPF18,CDC14B,1,1
PRPF18,CDK2AP2,1,1
PRPF18,CDYL2,1,1
PRPF18,CIDEB,1,1
PRPF18,COA6,1,1
PRPF18,COG3,1,1
PRPF18,COG8,1,1
PRPF18,COPS4,1,1
PRPF18,CSPG4,1,1
PRPF18,CSTF2T,1,1
PRPF18,DCP1A,1,1
PRPF18,DCTD,1,1
PRPF18,DDX50,1,1
PRPF18,DNAJC21,1,1
PRPF18,DPH3,1,1
PRPF18,EHMT2,1,1
PRPF18,ELF4,1,1
PRPF18,FAH,1,1
PRPF18,FAM204A,1,1
PRPF18,FAM32A,1,1
PRPF18,GAREM2,1,1
PRPF18,GGA1,1,1
PRPF18,HIVEP1,1,1
PRPF18,HMGN4,1,1
PRPF18,HNRNPUL2,1,1
PRPF18,HPS6,1,1
PRPF18,INTS4,1,1
PRPF18,IP6K2,1,1
PRPF18,ITGB1,1,1
PRPF18,ITPRIPL1,1,1
PRPF18,KBTBD4,1,1
PRPF18,KLF12,1,1
PRPF18,LASP1,1,1
PRPF18,LATS2,1,1
PRPF18,LDOC1L,1,1
PRPF18,LRRC20,1,1
PRPF18,MAPKAPK3,1,1
PRPF18,MRPL43,1,1
PRPF18,MRPS31,1,1
PRPF18,MSANTD3,1,1
PRPF18,MT1F,1,1
PRPF18,NAMPTP1,1,1
PRPF18,NCS1,1,1
PRPF18,NDUFB2,1,1
PRPF18,NELFB,1,1
PRPF18,NOP10,1,1
PRPF18,NOP9,1,1
PRPF18,NPRL3,1,1
PRPF18,NRIP1,1,1
PRPF18,NT5C2,1,1
PRPF18,NUMA1,1,1
PRPF18,OTUB1,1,1
PRPF18,PARG,1,1
PRPF18,PCMT1,1,1
PRPF18,PLEKHO1,1,1
PRPF18,PPA2,1,1
PRPF18,PPP1CA,1,1
PRPF18,PPP4R1,1,1
PRPF18,PRDM11,1,1
PRPF18,PROSER1,1,1
PRPF18,RABIF,1,1
PRPF18,RALA,1,1
PRPF18,REST,1,1
PRPF18,REV1,1,1
PRPF18,RHBDD1,1,1
PRPF18,RHBDD3,1,1
PRPF18,RNF121,1,1
PRPF18,RP11-2C24.9,1,1
PRPF18,RRAGB,1,1
PRPF18,SAR1A,1,1
PRPF18,SDCCAG8,1,1
PRPF18,SHOC2,1,1
PRPF18,SIL1,1,1
PRPF18,SLC38A6,1,1
PRPF18,SLMAP,1,1
PRPF18,SPTLC2,1,1
PRPF18,SUMF2,1,1
PRPF18,SUPT20H,1,1
PRPF18,TERF2,1,1
PRPF18,TMEM214,1,1
PRPF18,TNFAIP1,1,1
PRPF18,TPCN1,1,1
PRPF18,TRAF3IP2,1,1
PRPF18,TRIO,1,1
PRPF18,UBAC1,1,1
PRPF18,UBXN1,1,1
PRPF18,USP38,1,1
PRPF18,WASF3,1,1
PRPF18,WDR82,1,1
PRPF18,YME1L1,1,1
PRPF18,ZBED3,1,1
PRPF18,ZBED6,1,1
PRPF18,ZBTB12,1,1
PRPF18,ZNF266,1,1
PRPF18,ZNF33A,1,1
PRPF18,ZNF354C,1,1
PRPF18,ZNF48,1,1
PRPF18,ZNF510,1,1
PRPF18,ZNF740,1,1
TMEM30A,ADGRG6,1,1
TMEM30A,ALDOA,1,1
TMEM30A,ARAP3,1,1
TMEM30A,ARNT2,1,1
TMEM30A,ASPHD1,1,1
TMEM30A,ATMIN,1,1
TMEM30A,BAP1,1,1
TMEM30A,BCAP29,1,1
TMEM30A,BMP7,1,1
TMEM30A,BRD3,1,1
TMEM30A,BRK1,1,1
TMEM30A,C9ORF78,1,1
TMEM30A,CNTN1,1,1
TMEM30A,CNTNAP3,1,1
TMEM30A,COA6,1,1
TMEM30A,CRBN,1,1
TMEM30A,CTHRC1,1,1
TMEM30A,DNAJA3,1,1
TMEM30A,DOPEY2,1,1
TMEM30A,EEPD1,1,1
TMEM30A,ELF4,1,1
TMEM30A,EPS8L2,1,1
TMEM30A,FAM127C,1,1
TMEM30A,FAM210A,1,1
TMEM30A,FDX1,1,1
TMEM30A,FZD7,1,1
TMEM30A,GAREM2,1,1
TMEM30A,GNAZ,1,1
TMEM30A,GRB10,1,1
TMEM30A,GRK2,1,1
TMEM30A,H1F0,1,1
TMEM30A,IFRD1,1,1
TMEM30A,INPP5E,1,1
TMEM30A,KCNQ5,1,1
TMEM30A,KIAA1143,1,1
TMEM30A,LRP11,1,1
TMEM30A,MALSU1,1,1
TMEM30A,MARCH8,1,1
TMEM30A,MFSD4B,1,1
TMEM30A,MRPL40,1,1
TMEM30A,MRPL45,1,1
TMEM30A,MSRA,1,1
TMEM30A,NAXD,1,1
TMEM30A,NELFB,1,1
TMEM30A,NRCAM,1,1
TMEM30A,PCMT1,1,1
TMEM30A,PDIA5,1,1
TMEM30A,PHTF2,1,1
TMEM30A,PLOD1,1,1
TMEM30A,PON2,1,1
TMEM30A,PPIE,1,1
TMEM30A,PPP1R26,1,1
TMEM30A,PRR13,1,1
TMEM30A,PWWP2B,1,1
TMEM30A,RAB1A,1,1
TMEM30A,RHBDF2,1,1
TMEM30A,RUSC1,1,1
TMEM30A,RXRG,1,1
TMEM30A,SCMH1,1,1
TMEM30A,SDC3,1,1
TMEM30A,SDK1,1,1
TMEM30A,SLC39A10,1,1
TMEM30A,SND1,1,1
TMEM30A,SNX10,1,1
TMEM30A,SPTBN2,1,1
TMEM30A,SUPT20H,1,1
TMEM30A,TAF11,1,1
TMEM30A,TAX1BP1,1,1
TMEM30A,TAX1BP3,1,1
TMEM30A,TERF2IP,1,1
TMEM30A,TMED4,1,1
TMEM30A,TNFSF13B,1,1
TMEM30A,TNIK,1,1
TMEM30A,TRIM13,1,1
TMEM30A,UGP2,1,1
TMEM30A,USP25,1,1
TMEM30A,VPS37C,1,1
TMEM30A,ZCCHC17,1,1
TMEM30A,ZNF266,1,1
TMEM30A,ZNF32,1,1
TMEM30A,ZNF592,1,1
TMEM30A,ZNF788,1,1
ZNF592,BAMBI,1,1
ZNF592,BCAP29,1,1
ZNF592,C11ORF95,1,1
ZNF592,CHMP1A,1,1
ZNF592,CIZ1,1,1
ZNF592,COA6,1,1
ZNF592,CRBN,1,1
ZNF592,DECR2,1,1
ZNF592,DLG5,1,1
ZNF592,FAM127C,1,1
ZNF592,HIVEP1,1,1
ZNF592,HLTF,1,1
ZNF592,INPP5E,1,1
ZNF592,IP6K2,1,1
ZNF592,MRPS15,1,1
ZNF592,MSRA,1,1
ZNF592,PDIA5,1,1
ZNF592,PLOD1,1,1
ZNF592,PON2,1,1
ZNF592,PPIE,1,1
ZNF592,RAB1A,1,1
ZNF592,RUSC1,1,1
ZNF592,SCMH1,1,1
ZNF592,SDC3,1,1
ZNF592,SND1,1,1
ZNF592,TET2,1,1
ZNF592,TMED4,1,1
ZNF592,TNFSF13B,1,1
ZNF592,TRIM35,1,1
ZNF592,VPS37C,1,1
FAH,ABL1,1,1
FAH,ACVR2B,1,1
FAH,AIFM1,1,1
FAH,ANXA2,1,1
FAH,AP1S2,1,1
FAH,AP4S1,1,1
FAH,APOL2,1,1
FAH,AREL1,1,1
FAH,AVEN,1,1
FAH,BAD,1,1
FAH,BAMBI,1,1
FAH,BCL2L1,1,1
FAH,BHLHB9,1,1
FAH,BRD3,1,1
FAH,CASP7,1,1
FAH,CBX4,1,1
FAH,CCDC169,1,1
FAH,CCNY,1,1
FAH,CDK2AP2,1,1
FAH,CDR2L,1,1
FAH,CDYL2,1,1
FAH,CHMP7,1,1
FAH,CHST3,1,1
FAH,COG3,1,1
FAH,COG8,1,1
FAH,CSPG4,1,1
FAH,CSTF2T,1,1
FAH,DCP1A,1,1
FAH,DCTD,1,1
FAH,DDX50,1,1
FAH,DLG5,1,1
FAH,DNMBP,1,1
FAH,DPH3,1,1
FAH,DPH7,1,1
FAH,DSE,1,1
FAH,EHMT2,1,1
FAH,ENDOD1,1,1
FAH,EPHB4,1,1
FAH,FADS3,1,1
FAH,FAM204A,1,1
FAH,FAM32A,1,1
FAH,FBXO46,1,1
FAH,FBXW2,1,1
FAH,GAREM2,1,1
FAH,HIBADH,1,1
FAH,HMGN4,1,1
FAH,HNRNPUL2,1,1
FAH,HOXC11,1,1
FAH,HPS6,1,1
FAH,IBTK,1,1
FAH,INPP4A,1,1
FAH,IP6K2,1,1
FAH,ITGB1,1,1
FAH,ITPRIP,1,1
FAH,ITPRIPL1,1,1
FAH,ITSN1,1,1
FAH,KLF12,1,1
FAH,KRIT1,1,1
FAH,LAMTOR1,1,1
FAH,LASP1,1,1
FAH,LDOC1L,1,1
FAH,LRRC20,1,1
FAH,LXN,1,1
FAH,LZTFL1,1,1
FAH,MAD2L1BP,1,1
FAH,MARK2,1,1
FAH,MED20,1,1
FAH,MEN1,1,1
FAH,MRPL43,1,1
FAH,MRPS31,1,1
FAH,MT1F,1,1
FAH,MX2,1,1
FAH,NCS1,1,1
FAH,NDUFB2,1,1
FAH,NELFB,1,1
FAH,NFU1,1,1
FAH,NOMO2,1,1
FAH,NOP10,1,1
FAH,NOP9,1,1
FAH,NPHP4,1,1
FAH,NPRL3,1,1
FAH,NRIP1,1,1
FAH,NT5C,1,1
FAH,NUMA1,1,1
FAH,OTUB1,1,1
FAH,PARG,1,1
FAH,PCMT1,1,1
FAH,PEX7,1,1
FAH,POLR2G,1,1
FAH,PPP4R1,1,1
FAH,PRDM11,1,1
FAH,PROSER1,1,1
FAH,PRRC2A,1,1
FAH,RAB1A,1,1
FAH,RALA,1,1
FAH,REST,1,1
FAH,RFTN1,1,1
FAH,RHBDD1,1,1
FAH,RNF121,1,1
FAH,RP11-2C24.9,1,1
FAH,RPS3,1,1
FAH,RRAGB,1,1
FAH,SAMD5,1,1
FAH,SHOC2,1,1
FAH,SIL1,1,1
FAH,SLC25A5,1,1
FAH,SLC47A1,1,1
FAH,SPRYD4,1,1
FAH,SPTBN2,1,1
FAH,SPTLC2,1,1
FAH,SUMF2,1,1
FAH,SUPT20H,1,1
FAH,TANC1,1,1
FAH,TERF2,1,1
FAH,TFE3,1,1
FAH,TGIF2,1,1
FAH,TMC6,1,1
FAH,TMEM214,1,1
FAH,TMEM258,1,1
FAH,TNFAIP1,1,1
FAH,TNIP1,1,1
FAH,TOMM7,1,1
FAH,TOR4A,1,1
FAH,TPCN1,1,1
FAH,TPM2,1,1
FAH,TRAF3IP2,1,1
FAH,TRIM8,1,1
FAH,TRIO,1,1
FAH,TSPAN5,1,1
FAH,UBAC1,1,1
FAH,UBXN1,1,1
FAH,USP38,1,1
FAH,VPS4A,1,1
FAH,YME1L1,1,1
FAH,ZBED6,1,1
FAH,ZBTB12,1,1
FAH,ZFP41,1,1
FAH,ZNF22,1,1
FAH,ZNF48,1,1
FAH,ZNF510,1,1
FAH,ZNF532,1,1
FAH,ZSCAN9,1,1
TMEM167B,ABCB8,1,1
TMEM167B,ACO2,1,1
TMEM167B,ANP32A,1,1
TMEM167B,C14ORF119,1,1
TMEM167B,CDC42SE1,1,1
TMEM167B,DDX41,1,1
TMEM167B,DIS3,1,1
TMEM167B,KIAA0368,1,1
TMEM167B,KREMEN1,1,1
TMEM167B,MAD1L1,1,1
TMEM167B,NAGPA,1,1
TMEM167B,NSMF,1,1
TMEM167B,PNP,1,1
TMEM167B,RBM4,1,1
TMEM167B,RPUSD3,1,1
TMEM167B,SLC35B2,1,1
TMEM167B,SOX6,1,1
TMEM167B,WASF1,1,1
TMEM167B,ZNF669,1,1
TMEM167B,ZNF772,1,1
BCL2L1,ADH5,1,1
BCL2L1,ANKS6,1,1
BCL2L1,ANXA2,1,1
BCL2L1,APOLD1,1,1
BCL2L1,ASXL1,1,1
BCL2L1,BHLHB9,1,1
BCL2L1,CASP3,1,1
BCL2L1,CCDC169,1,1
BCL2L1,CCNY,1,1
BCL2L1,CDR2L,1,1
BCL2L1,CDYL2,1,1
BCL2L1,CHMP7,1,1
BCL2L1,CMTM4,1,1
BCL2L1,COG3,1,1
BCL2L1,COG8,1,1
BCL2L1,COMMD7,1,1
BCL2L1,CPNE2,1,1
BCL2L1,CX3CL1,1,1
BCL2L1,CYTH2,1,1
BCL2L1,DAPK3,1,1
BCL2L1,DCP1A,1,1
BCL2L1,DDX50,1,1
BCL2L1,DENND4A,1,1
BCL2L1,DFNA5,1,1
BCL2L1,DNMBP,1,1
BCL2L1,EHMT2,1,1
BCL2L1,EXOC3,1,1
BCL2L1,FAM204A,1,1
BCL2L1,FBXO46,1,1
BCL2L1,FBXW2,1,1
BCL2L1,GGA1,1,1
BCL2L1,GMPR2,1,1
BCL2L1,HMGN4,1,1
BCL2L1,HSD3B7,1,1
BCL2L1,IBTK,1,1
BCL2L1,INTS4,1,1
BCL2L1,ITGB1,1,1
BCL2L1,ITSN1,1,1
BCL2L1,KBTBD4,1,1
BCL2L1,LRRC20,1,1
BCL2L1,MED20,1,1
BCL2L1,MRPL18,1,1
BCL2L1,MT1F,1,1
BCL2L1,NAALAD2,1,1
BCL2L1,NCS1,1,1
BCL2L1,NDUFB2,1,1
BCL2L1,NOP10,1,1
BCL2L1,NPRL3,1,1
BCL2L1,NT5C,1,1
BCL2L1,NUMA1,1,1
BCL2L1,OTUB1,1,1
BCL2L1,PARG,1,1
BCL2L1,PLBD2,1,1
BCL2L1,PRDM11,1,1
BCL2L1,PRRC2A,1,1
BCL2L1,RGS14,1,1
BCL2L1,RHBDD1,1,1
BCL2L1,RHBDD3,1,1
BCL2L1,RNF166,1,1
BCL2L1,RNF169,1,1
BCL2L1,RPS3,1,1
BCL2L1,RRAGB,1,1
BCL2L1,SIL1,1,1
BCL2L1,SLC9A3R2,1,1
BCL2L1,SNTB2,1,1
BCL2L1,TERF2,1,1
BCL2L1,TFE3,1,1
BCL2L1,TGIF2,1,1
BCL2L1,TMC6,1,1
BCL2L1,TMEM203,1,1
BCL2L1,TMEM60,1,1
BCL2L1,TNFAIP1,1,1
BCL2L1,TNIP1,1,1
BCL2L1,TOR4A,1,1
BCL2L1,TPCN1,1,1
BCL2L1,TRIM8,1,1
BCL2L1,TRIO,1,1
BCL2L1,TSPAN5,1,1
BCL2L1,UBAC1,1,1
BCL2L1,UBXN1,1,1
BCL2L1,USF1,1,1
BCL2L1,YME1L1,1,1
BCL2L1,ZBED6,1,1
BCL2L1,ZC4H2,1,1
BCL2L1,ZMYM6,1,1
BCL2L1,ZNF22,1,1
BCL2L1,ZNF23,1,1
BCL2L1,ZNF48,1,1
BCL2L1,ZNF532,1,1
BCL2L1,ZSCAN9,1,1
CIZ1,BAMBI,1,1
CIZ1,BTBD7,1,1
CIZ1,CHMP1A,1,1
CIZ1,DLG5,1,1
CIZ1,FOXF2,1,1
CIZ1,GGCX,1,1
CIZ1,HIVEP1,1,1
CIZ1,HLTF,1,1
CIZ1,INPP5A,1,1
CIZ1,INPP5E,1,1
CIZ1,IP6K2,1,1
CIZ1,ITPRIPL1,1,1
CIZ1,KLHDC4,1,1
CIZ1,KLHL7,1,1
CIZ1,LAMTOR1,1,1
CIZ1,LXN,1,1
CIZ1,MARK2,1,1
CIZ1,NELFB,1,1
CIZ1,NFU1,1,1
CIZ1,NOP10,1,1
CIZ1,PAK1,1,1
CIZ1,PPP4R1,1,1
CIZ1,RAB1A,1,1
CIZ1,RUSC1,1,1
CIZ1,SCMH1,1,1
CIZ1,SDC3,1,1
CIZ1,SND1,1,1
CIZ1,TAF11,1,1
CIZ1,TET2,1,1
CIZ1,TNFSF13B,1,1
CIZ1,VPS37C,1,1
CIZ1,WDR20,1,1
KBTBD4,ANXA2,1,1
KBTBD4,ARHGAP10,1,1
KBTBD4,ASXL1,1,1
KBTBD4,BHLHB9,1,1
KBTBD4,CCDC169,1,1
KBTBD4,CSPG4,1,1
KBTBD4,CX3CL1,1,1
KBTBD4,DAPK3,1,1
KBTBD4,DDX50,1,1
KBTBD4,EHMT2,1,1
KBTBD4,FAM204A,1,1
KBTBD4,FAM32A,1,1
KBTBD4,FBXW2,1,1
KBTBD4,GGA1,1,1
KBTBD4,HMGN4,1,1
KBTBD4,HNRNPUL2,1,1
KBTBD4,HSD3B7,1,1
KBTBD4,IBTK,1,1
KBTBD4,INTS4,1,1
KBTBD4,ITSN1,1,1
KBTBD4,MSANTD3,1,1
KBTBD4,NAALAD2,1,1
KBTBD4,NCS1,1,1
KBTBD4,NOP10,1,1
KBTBD4,NOP9,1,1
KBTBD4,NPRL3,1,1
KBTBD4,NRIP1,1,1
KBTBD4,NUMA1,1,1
KBTBD4,OTUB1,1,1
KBTBD4,PARG,1,1
KBTBD4,PRDM11,1,1
KBTBD4,PROSER1,1,1
KBTBD4,RNF166,1,1
KBTBD4,SHOC2,1,1
KBTBD4,SIL1,1,1
KBTBD4,SLMAP,1,1
KBTBD4,SUMF2,1,1
KBTBD4,TERF2,1,1
KBTBD4,TFE3,1,1
KBTBD4,TNFAIP1,1,1
KBTBD4,TOR4A,1,1
KBTBD4,TRIO,1,1
KBTBD4,UBAC1,1,1
KBTBD4,YME1L1,1,1
KBTBD4,ZMYM6,1,1
KBTBD4,ZNF48,1,1
KBTBD4,ZNF510,1,1
RXRB,ADGRG6,1,1
RXRB,AIP,1,1
RXRB,ALDOA,1,1
RXRB,ARAP3,1,1
RXRB,ARNT2,1,1
RXRB,BCAP29,1,1
RXRB,CD320,1,1
RXRB,CDK2AP2,1,1
RXRB,CNTN1,1,1
RXRB,DKK 3.00,1,1
RXRB,EPS8L2,1,1
RXRB,FADS3,1,1
RXRB,FAM127C,1,1
RXRB,FBXL15,1,1
RXRB,FDX1,1,1
RXRB,FZD7,1,1
RXRB,GAREM2,1,1
RXRB,GGCT,1,1
RXRB,HSD11B1L,1,1
RXRB,JUND,1,1
RXRB,KCNQ5,1,1
RXRB,MAD2L1BP,1,1
RXRB,MRPL43,1,1
RXRB,NAXD,1,1
RXRB,NOMO2,1,1
RXRB,NRCAM,1,1
RXRB,PBX2,1,1
RXRB,PHTF2,1,1
RXRB,PPP1R26,1,1
RXRB,PRR13,1,1
RXRB,QRSL1,1,1
RXRB,RAB1A,1,1
RXRB,RHBDF2,1,1
RXRB,RPAIN,1,1
RXRB,RXRG,1,1
RXRB,SDK1,1,1
RXRB,SLC38A9,1,1
RXRB,SPRYD4,1,1
RXRB,SPTBN2,1,1
RXRB,SUPT20H,1,1
RXRB,TAX1BP1,1,1
RXRB,TNFSF13B,1,1
RXRB,TNIK,1,1
RXRB,UGP2,1,1
RXRB,UPF3B,1,1
RXRB,ZFP41,1,1
RXRB,ZKSCAN7,1,1
RXRB,ZKSCAN8,1,1
RXRB,ZNF32,1,1
ZNF33A,ANKRD13C,1,1
ZNF33A,APH1A,1,1
ZNF33A,C2CD3,1,1
ZNF33A,CACUL1,1,1
ZNF33A,CCDC22,1,1
ZNF33A,COG3,1,1
ZNF33A,COMMD7,1,1
ZNF33A,COPS4,1,1
ZNF33A,COQ10A,1,1
ZNF33A,CSPG4,1,1
ZNF33A,DCTD,1,1
ZNF33A,DDX50,1,1
ZNF33A,DPH3,1,1
ZNF33A,EHMT2,1,1
ZNF33A,ELF4,1,1
ZNF33A,FAM204A,1,1
ZNF33A,FAM32A,1,1
ZNF33A,HMGN5,1,1
ZNF33A,HNRNPUL2,1,1
ZNF33A,HPF1,1,1
ZNF33A,HPS6,1,1
ZNF33A,ITPRIPL1,1,1
ZNF33A,KLHL2,1,1
ZNF33A,LASP1,1,1
ZNF33A,LATS2,1,1
ZNF33A,MCM3AP,1,1
ZNF33A,MED22,1,1
ZNF33A,MRPL43,1,1
ZNF33A,MRPS31,1,1
ZNF33A,MSANTD3,1,1
ZNF33A,NOP9,1,1
ZNF33A,NPRL3,1,1
ZNF33A,NUMA1,1,1
ZNF33A,OTUB1,1,1
ZNF33A,PARG,1,1
ZNF33A,PCBD1,1,1
ZNF33A,PLEKHO1,1,1
ZNF33A,PROSER1,1,1
ZNF33A,PRRC2A,1,1
ZNF33A,RABIF,1,1
ZNF33A,RALA,1,1
ZNF33A,RB1,1,1
ZNF33A,RNF121,1,1
ZNF33A,RP11-2C24.9,1,1
ZNF33A,SAR1A,1,1
ZNF33A,SDCCAG8,1,1
ZNF33A,SHOC2,1,1
ZNF33A,SLC38A6,1,1
ZNF33A,SLC47A1,1,1
ZNF33A,STAG3L2,1,1
ZNF33A,SUMO3,1,1
ZNF33A,SUPT20H,1,1
ZNF33A,TERF2,1,1
ZNF33A,TGIF2,1,1
ZNF33A,TRAF3IP2,1,1
ZNF33A,TRIM7,1,1
ZNF33A,UBE2Q2,1,1
ZNF33A,USP38,1,1
ZNF33A,WASF3,1,1
ZNF33A,YME1L1,1,1
ZNF33A,ZNF35,1,1
HINT2,COX7A2,1,1
CD22,ATP5G3,1,1
CD22,ATXN10,1,1
CD22,BCAP29,1,1
CD22,BRK1,1,1
CD22,C12ORF66,1,1
CD22,COBL,1,1
CD22,GATA6,1,1
CD22,LYRM5,1,1
CD22,MALSU1,1,1
CD22,MDH1,1,1
CD22,MRPL40,1,1
CD22,SNX10,1,1
CD22,TMED4,1,1
CD22,UGP2,1,1
CD22,VMP1,1,1
MRPL16,ADH5,1,1
MRPL16,ALG5,1,1
MRPL16,ARHGAP10,1,1
MRPL16,AVEN,1,1
MRPL16,BHLHB9,1,1
MRPL16,CBX4,1,1
MRPL16,CCNY,1,1
MRPL16,CFL1,1,1
MRPL16,COMMD7,1,1
MRPL16,COPS4,1,1
MRPL16,CSTF2T,1,1
MRPL16,CUL2,1,1
MRPL16,DCTD,1,1
MRPL16,DDX50,1,1
MRPL16,DNMBP,1,1
MRPL16,ENDOD1,1,1
MRPL16,EPHB4,1,1
MRPL16,FAM135A,1,1
MRPL16,FAM204A,1,1
MRPL16,FAM32A,1,1
MRPL16,GGA1,1,1
MRPL16,GTPBP8,1,1
MRPL16,HMGN5,1,1
MRPL16,HNRNPUL2,1,1
MRPL16,HPF1,1,1
MRPL16,HPS6,1,1
MRPL16,INTS5,1,1
MRPL16,ITGA1,1,1
MRPL16,ITGB1,1,1
MRPL16,ITPRIP,1,1
MRPL16,ITPRIPL1,1,1
MRPL16,LCMT2,1,1
MRPL16,MED4,1,1
MRPL16,MT1F,1,1
MRPL16,NCOA7,1,1
MRPL16,NOP10,1,1
MRPL16,NUMA1,1,1
MRPL16,OTUB1,1,1
MRPL16,PLEKHO1,1,1
MRPL16,POLR2G,1,1
MRPL16,PRDM11,1,1
MRPL16,PREPL,1,1
MRPL16,PRRC2A,1,1
MRPL16,PTPMT1,1,1
MRPL16,RALA,1,1
MRPL16,RBM17,1,1
MRPL16,RCE1,1,1
MRPL16,RHBDD3,1,1
MRPL16,RNASEH2B,1,1
MRPL16,RPS17,1,1
MRPL16,RPS20,1,1
MRPL16,RPS3,1,1
MRPL16,SAR1A,1,1
MRPL16,SLC38A6,1,1
MRPL16,SVIL,1,1
MRPL16,TERF2,1,1
MRPL16,TGIF2,1,1
MRPL16,TMEM170A,1,1
MRPL16,TRERF1,1,1
MRPL16,TRIM7,1,1
MRPL16,TRIO,1,1
MRPL16,UBAC1,1,1
MRPL16,USP38,1,1
MRPL16,YME1L1,1,1
MRPL16,ZNF35,1,1
MRPL16,ZNHIT1,1,1
MRPL16,ZSCAN9,1,1
ZNF292,FCHO2,1,1
ZNF292,TRAF6,1,1
KLHDC4,ABCB8,1,1
KLHDC4,AHCYL1,1,1
KLHDC4,APOL2,1,1
KLHDC4,ARFGAP2,1,1
KLHDC4,BAMBI,1,1
KLHDC4,BHLHB9,1,1
KLHDC4,CHMP1A,1,1
KLHDC4,CHST12,1,1
KLHDC4,CPSF7,1,1
KLHDC4,DAAM2,1,1
KLHDC4,DLG5,1,1
KLHDC4,FBXO11,1,1
KLHDC4,FOXF2,1,1
KLHDC4,GGCX,1,1
KLHDC4,GNAS,1,1
KLHDC4,HDAC7,1,1
KLHDC4,INPP5A,1,1
KLHDC4,INPP5E,1,1
KLHDC4,IP6K2,1,1
KLHDC4,ITPRIPL1,1,1
KLHDC4,ITSN1,1,1
KLHDC4,KLHL7,1,1
KLHDC4,KRIT1,1,1
KLHDC4,LAMTOR1,1,1
KLHDC4,MARK2,1,1
KLHDC4,MBNL3,1,1
KLHDC4,MED19,1,1
KLHDC4,NFU1,1,1
KLHDC4,NOP10,1,1
KLHDC4,NPHP4,1,1
KLHDC4,NUDT11,1,1
KLHDC4,NUMA1,1,1
KLHDC4,PAK1,1,1
KLHDC4,POLR2G,1,1
KLHDC4,PPP4R1,1,1
KLHDC4,PPT1,1,1
KLHDC4,RAB1A,1,1
KLHDC4,RFTN1,1,1
KLHDC4,SCMH1,1,1
KLHDC4,SDC3,1,1
KLHDC4,SELO,1,1
KLHDC4,SLC25A11,1,1
KLHDC4,SND1,1,1
KLHDC4,THEM4,1,1
KLHDC4,TMSB15B,1,1
KLHDC4,TPCN1,1,1
KLHDC4,TRNAU1AP,1,1
KLHDC4,VPS4A,1,1
KLHDC4,ZNF48,1,1
KLHDC4,ZNF772,1,1
MAP3K1,AIP,1,1
MAP3K1,AP1S2,1,1
MAP3K1,CSPG4,1,1
MAP3K1,CX3CL1,1,1
MAP3K1,DEGS1,1,1
MAP3K1,HSD3B7,1,1
MAP3K1,IFT52,1,1
MAP3K1,LRP11,1,1
MAP3K1,MITD1,1,1
MAP3K1,MMGT1,1,1
MAP3K1,MRPL43,1,1
MAP3K1,MRPS31,1,1
MAP3K1,PCMT1,1,1
MAP3K1,SDCCAG8,1,1
MAP3K1,SMG7,1,1
MAP3K1,SPRYD4,1,1
MAP3K1,TEX15,1,1
MAP3K1,TOR1AIP1,1,1
MAP3K1,ZNF133,1,1
MAP3K1,ZNF542P,1,1
EPHB4,APOLD1,1,1
EPHB4,AVEN,1,1
EPHB4,BHLHB9,1,1
EPHB4,CBX4,1,1
EPHB4,CCNY,1,1
EPHB4,CDYL2,1,1
EPHB4,CSPG4,1,1
EPHB4,DCTD,1,1
EPHB4,ENDOD1,1,1
EPHB4,FAM135A,1,1
EPHB4,FAM204A,1,1
EPHB4,HNRNPUL2,1,1
EPHB4,HOXC11,1,1
EPHB4,HPF1,1,1
EPHB4,HPS6,1,1
EPHB4,ITPRIP,1,1
EPHB4,ITPRIPL1,1,1
EPHB4,MAD2L1BP,1,1
EPHB4,MED4,1,1
EPHB4,MRPS31,1,1
EPHB4,MT1F,1,1
EPHB4,NCOA7,1,1
EPHB4,NDUFB2,1,1
EPHB4,NUMA1,1,1
EPHB4,ORAI1,1,1
EPHB4,PCMT1,1,1
EPHB4,PIGH,1,1
EPHB4,PRDM11,1,1
EPHB4,PRRC2A,1,1
EPHB4,PTPMT1,1,1
EPHB4,RAB5C,1,1
EPHB4,RALA,1,1
EPHB4,RFTN1,1,1
EPHB4,RHBDF2,1,1
EPHB4,RP11-2C24.9,1,1
EPHB4,SAR1A,1,1
EPHB4,SDCCAG8,1,1
EPHB4,SEC63,1,1
EPHB4,SLC38A6,1,1
EPHB4,SMG7,1,1
EPHB4,SPRYD4,1,1
EPHB4,SUPT20H,1,1
EPHB4,TPM2,1,1
EPHB4,USP38,1,1
EPHB4,ZNF22,1,1
EPHB4,ZNF266,1,1
EPHB4,ZNF280D,1,1
EPHB4,ZNHIT1,1,1
EPHB4,ZSCAN9,1,1
ATXN10,AL513122.1,1,1
ATXN10,BAP1,1,1
ATXN10,BCAP29,1,1
ATXN10,BMP7,1,1
ATXN10,BRK1,1,1
ATXN10,COBL,1,1
ATXN10,CRBN,1,1
ATXN10,GATA6,1,1
ATXN10,GYG1,1,1
ATXN10,LYRM5,1,1
ATXN10,PWWP2B,1,1
ATXN10,SLC39A10,1,1
ATXN10,TAX1BP3,1,1
ATXN10,TMED4,1,1
ATXN10,TRIM13,1,1
ATXN10,UGP2,1,1
FKBP2,DENND2A,1,1
FKBP2,GGACT,1,1
FKBP2,KDM4A,1,1
FKBP2,RASSF2,1,1
DENND4A,ANKS6,1,1
DENND4A,ANXA2,1,1
DENND4A,BHLHB9,1,1
DENND4A,C14ORF119,1,1
DENND4A,C1GALT1C1,1,1
DENND4A,CASP7,1,1
DENND4A,CCNY,1,1
DENND4A,CDR2L,1,1
DENND4A,CDYL2,1,1
DENND4A,CES2,1,1
DENND4A,CHMP7,1,1
DENND4A,CMTM4,1,1
DENND4A,COG8,1,1
DENND4A,CPNE2,1,1
DENND4A,DCP1A,1,1
DENND4A,DDX50,1,1
DENND4A,DMTN,1,1
DENND4A,DNMBP,1,1
DENND4A,DTNA,1,1
DENND4A,EXOC3,1,1
DENND4A,FBXO46,1,1
DENND4A,FBXW2,1,1
DENND4A,FIBP,1,1
DENND4A,GMPR2,1,1
DENND4A,HMGN4,1,1
DENND4A,ITGB1,1,1
DENND4A,ITSN1,1,1
DENND4A,LRRC20,1,1
DENND4A,LZTFL1,1,1
DENND4A,MAP4K2,1,1
DENND4A,MED20,1,1
DENND4A,MRPL18,1,1
DENND4A,MT1F,1,1
DENND4A,MYADM,1,1
DENND4A,NAALAD2,1,1
DENND4A,NCS1,1,1
DENND4A,NT5C,1,1
DENND4A,OTUB2,1,1
DENND4A,PARG,1,1
DENND4A,PKN1,1,1
DENND4A,PPT1,1,1
DENND4A,RHBDD3,1,1
DENND4A,RNF166,1,1
DENND4A,RNF169,1,1
DENND4A,RPS27,1,1
DENND4A,RPS3,1,1
DENND4A,RRAGB,1,1
DENND4A,SLC39A9,1,1
DENND4A,SLC9A3R2,1,1
DENND4A,SNTB2,1,1
DENND4A,TFE3,1,1
DENND4A,TMEM203,1,1
DENND4A,TMOD3,1,1
DENND4A,TNFAIP1,1,1
DENND4A,TNIP1,1,1
DENND4A,TOR4A,1,1
DENND4A,TPCN1,1,1
DENND4A,TRIM8,1,1
DENND4A,TRIO,1,1
DENND4A,TSPAN5,1,1
DENND4A,TXNDC11,1,1
DENND4A,UBAC1,1,1
DENND4A,UBXN1,1,1
DENND4A,USF1,1,1
DENND4A,VPS51,1,1
DENND4A,ZBED6,1,1
DENND4A,ZMYM5,1,1
DENND4A,ZNF22,1,1
DENND4A,ZNF23,1,1
DENND4A,ZNF48,1,1
DENND4A,ZNF510,1,1
DENND4A,ZNF532,1,1
DENND4A,ZNF623,1,1
ITGB1,ABCB8,1,1
ITGB1,AGO1,1,1
ITGB1,AMFR,1,1
ITGB1,ANKS6,1,1
ITGB1,ANXA2,1,1
ITGB1,AP4S1,1,1
ITGB1,APOL2,1,1
ITGB1,AQR,1,1
ITGB1,AREL1,1,1
ITGB1,ASAP3,1,1
ITGB1,AVEN,1,1
ITGB1,BAD,1,1
ITGB1,BHLHB9,1,1
ITGB1,C14ORF119,1,1
ITGB1,C1GALT1C1,1,1
ITGB1,C3ORF38,1,1
ITGB1,CASP7,1,1
ITGB1,CBX4,1,1
ITGB1,CCNY,1,1
ITGB1,CDR2L,1,1
ITGB1,CDYL2,1,1
ITGB1,CFL1,1,1
ITGB1,CHMP7,1,1
ITGB1,CHST12,1,1
ITGB1,CHST3,1,1
ITGB1,CMTM4,1,1
ITGB1,COG8,1,1
ITGB1,CPNE2,1,1
ITGB1,CSTF2T,1,1
ITGB1,CYLD,1,1
ITGB1,DAAM2,1,1
ITGB1,DCP1A,1,1
ITGB1,DCTD,1,1
ITGB1,DDX50,1,1
ITGB1,DIS3,1,1
ITGB1,DNAJC21,1,1
ITGB1,DNMBP,1,1
ITGB1,DNPEP,1,1
ITGB1,DPH7,1,1
ITGB1,DTNA,1,1
ITGB1,EXOC3,1,1
ITGB1,FBXO46,1,1
ITGB1,FBXW2,1,1
ITGB1,FIBP,1,1
ITGB1,GMPR2,1,1
ITGB1,GNAS,1,1
ITGB1,HMGN4,1,1
ITGB1,HOXC11,1,1
ITGB1,HPS6,1,1
ITGB1,IBTK,1,1
ITGB1,INPP4A,1,1
ITGB1,IP6K2,1,1
ITGB1,ITPRIP,1,1
ITGB1,ITSN1,1,1
ITGB1,KLF12,1,1
ITGB1,KLHL7,1,1
ITGB1,KRIT1,1,1
ITGB1,LAMTOR1,1,1
ITGB1,LDOC1L,1,1
ITGB1,LRRC20,1,1
ITGB1,LZTFL1,1,1
ITGB1,MED19,1,1
ITGB1,MED20,1,1
ITGB1,MEN1,1,1
ITGB1,MRPL18,1,1
ITGB1,MT1F,1,1
ITGB1,MTO1,1,1
ITGB1,MX2,1,1
ITGB1,NAALAD2,1,1
ITGB1,NCS1,1,1
ITGB1,NDUFB2,1,1
ITGB1,NFATC3,1,1
ITGB1,NOP10,1,1
ITGB1,NPHP4,1,1
ITGB1,NT5C,1,1
ITGB1,NUDT11,1,1
ITGB1,NUMA1,1,1
ITGB1,NXPE3,1,1
ITGB1,OTUB1,1,1
ITGB1,PARG,1,1
ITGB1,PKN1,1,1
ITGB1,POLR2G,1,1
ITGB1,PPP4R1,1,1
ITGB1,PPT1,1,1
ITGB1,PRDM11,1,1
ITGB1,PRRC2A,1,1
ITGB1,RAB2A,1,1
ITGB1,RALA,1,1
ITGB1,REST,1,1
ITGB1,RHBDD1,1,1
ITGB1,RHBDD3,1,1
ITGB1,RNASEH2B,1,1
ITGB1,RNF166,1,1
ITGB1,RNF169,1,1
ITGB1,RPL7A,1,1
ITGB1,RPL9P9,1,1
ITGB1,RPS20,1,1
ITGB1,RPS3,1,1
ITGB1,RRAGB,1,1
ITGB1,SAMD5,1,1
ITGB1,SASH1,1,1
ITGB1,SLC39A9,1,1
ITGB1,SLC9A3R2,1,1
ITGB1,SNTB2,1,1
ITGB1,SPTLC2,1,1
ITGB1,TFE3,1,1
ITGB1,THEM4,1,1
ITGB1,TMEM203,1,1
ITGB1,TMEM60,1,1
ITGB1,TMOD3,1,1
ITGB1,TNFAIP1,1,1
ITGB1,TOMM7,1,1
ITGB1,TOR4A,1,1
ITGB1,TPCN1,1,1
ITGB1,TPM2,1,1
ITGB1,TRERF1,1,1
ITGB1,TRIM8,1,1
ITGB1,TRIO,1,1
ITGB1,TRNAU1AP,1,1
ITGB1,TSPAN5,1,1
ITGB1,UBAC1,1,1
ITGB1,UBXN1,1,1
ITGB1,VPS4A,1,1
ITGB1,VPS51,1,1
ITGB1,YME1L1,1,1
ITGB1,ZBED6,1,1
ITGB1,ZNF22,1,1
ITGB1,ZNF23,1,1
ITGB1,ZNF48,1,1
ITGB1,ZNF510,1,1
ITGB1,ZNF532,1,1
ITGB1,ZNF669,1,1
ITGB1,ZNF772,1,1
ITGB1,ZNHIT1,1,1
ITGB1,ZSCAN9,1,1
CPEB4,HELZ,1,1
NIPBL,LY6E,1,1
NIPBL,SNTB2,1,1
NIPBL,TMEM177,1,1
NIPBL,TOX4,1,1
NIPBL,VKORC1,1,1
NIPBL,YY1,1,1
DIS3,ABCB8,1,1
DIS3,ACO2,1,1
DIS3,AGO1,1,1
DIS3,AMFR,1,1
DIS3,ANP32A,1,1
DIS3,AP4S1,1,1
DIS3,APOL2,1,1
DIS3,AQR,1,1
DIS3,ARPC1B,1,1
DIS3,B4GALT3,1,1
DIS3,BHLHB9,1,1
DIS3,C14ORF119,1,1
DIS3,C1GALT1C1,1,1
DIS3,C3ORF38,1,1
DIS3,CCNY,1,1
DIS3,CDR2L,1,1
DIS3,CHMP7,1,1
DIS3,CHST12,1,1
DIS3,CPNE2,1,1
DIS3,CPSF7,1,1
DIS3,CSTF2T,1,1
DIS3,DAAM2,1,1
DIS3,DDX41,1,1
DIS3,DNAJC21,1,1
DIS3,DNMBP,1,1
DIS3,GGA1,1,1
DIS3,GGCX,1,1
DIS3,GNAS,1,1
DIS3,GTPBP8,1,1
DIS3,HDAC7,1,1
DIS3,HMGN4,1,1
DIS3,INPP5A,1,1
DIS3,INTS5,1,1
DIS3,ITSN1,1,1
DIS3,KIAA0368,1,1
DIS3,KLHL7,1,1
DIS3,KREMEN1,1,1
DIS3,KRIT1,1,1
DIS3,LAGE3,1,1
DIS3,MAD1L1,1,1
DIS3,MED19,1,1
DIS3,MTO1,1,1
DIS3,NAGPA,1,1
DIS3,NBL1,1,1
DIS3,NCS1,1,1
DIS3,NFATC3,1,1
DIS3,NOP10,1,1
DIS3,NT5C,1,1
DIS3,PAFAH1B2,1,1
DIS3,PAK1,1,1
DIS3,PIN1,1,1
DIS3,POLR2G,1,1
DIS3,PPP2R3A,1,1
DIS3,PPP4R3A,1,1
DIS3,PRR16,1,1
DIS3,R3HCC1,1,1
DIS3,RAI1,1,1
DIS3,RBPJ,1,1
DIS3,RNF169,1,1
DIS3,RPUSD3,1,1
DIS3,RUFY2,1,1
DIS3,SAV1,1,1
DIS3,SLC35B2,1,1
DIS3,SLC9A3R2,1,1
DIS3,SMPDL3A,1,1
DIS3,SNTB2,1,1
DIS3,SOX6,1,1
DIS3,TMEM203,1,1
DIS3,TMEM60,1,1
DIS3,TMOD3,1,1
DIS3,TOMM7,1,1
DIS3,TPCN1,1,1
DIS3,TRMT5,1,1
DIS3,TRNAU1AP,1,1
DIS3,UBAC1,1,1
DIS3,VPS4A,1,1
DIS3,WASF1,1,1
DIS3,WDR82,1,1
DIS3,YY1,1,1
DIS3,ZNF23,1,1
DIS3,ZNF510,1,1
DIS3,ZNF532,1,1
DIS3,ZNF669,1,1
DIS3,ZNF772,1,1
DNLZ,APEX1,1,1
MMP14,ARFGAP2,1,1
MMP14,MED19,1,1
MMP14,NUDT11,1,1
MMP14,RPL36AL,1,1
MMP14,THEM4,1,1
MMP14,TUBGCP4,1,1
MMP14,VPS4A,1,1
BTBD7,ACER3,1,1
BTBD7,AREL1,1,1
BTBD7,BAMBI,1,1
BTBD7,CD200,1,1
BTBD7,DCP1A,1,1
BTBD7,DECR2,1,1
BTBD7,DLG5,1,1
BTBD7,LDOC1L,1,1
BTBD7,MARK2,1,1
BTBD7,NOP10,1,1
BTBD7,NSMF,1,1
BTBD7,NT5C2,1,1
BTBD7,PPP4R1,1,1
BTBD7,REST,1,1
BTBD7,REV1,1,1
BTBD7,RUSC1,1,1
BTBD7,SLMAP,1,1
BTBD7,SPTLC2,1,1
BTBD7,TET2,1,1
BTBD7,TMEM214,1,1
BTBD7,TRIM35,1,1
BTBD7,UTP3,1,1
BTBD7,VPS37C,1,1
BTBD7,WDR82,1,1
BTBD7,ZNF354C,1,1
ZSCAN2,ADGRG6,1,1
ZSCAN2,ARAP1,1,1
ZSCAN2,ARAP3,1,1
ZSCAN2,CNTNAP3,1,1
ZSCAN2,CRHR1-IT1,1,1
ZSCAN2,DNAJA3,1,1
ZSCAN2,MARCH8,1,1
ZSCAN2,MFSD4B,1,1
ZSCAN2,MRPL45,1,1
ZSCAN2,PHTF2,1,1
ZSCAN2,ZNF32,1,1
PPP1R26,ABL1,1,1
PPP1R26,ACVR2B,1,1
PPP1R26,ADGRG6,1,1
PPP1R26,AIP,1,1
PPP1R26,AKIRIN1,1,1
PPP1R26,ALDOA,1,1
PPP1R26,APBB2,1,1
PPP1R26,ARAP1,1,1
PPP1R26,ARAP3,1,1
PPP1R26,AREL1,1,1
PPP1R26,ARL 10.00,1,1
PPP1R26,ARNT2,1,1
PPP1R26,BAD,1,1
PPP1R26,BAMBI,1,1
PPP1R26,BMP7,1,1
PPP1R26,BRD3,1,1
PPP1R26,CACYBP,1,1
PPP1R26,CASP6,1,1
PPP1R26,CD320,1,1
PPP1R26,CDK2AP2,1,1
PPP1R26,CNTN1,1,1
PPP1R26,CNTNAP3,1,1
PPP1R26,COA6,1,1
PPP1R26,COG8,1,1
PPP1R26,CRHR1-IT1,1,1
PPP1R26,DDR1,1,1
PPP1R26,DKK 3.00,1,1
PPP1R26,DNAJA3,1,1
PPP1R26,DNPEP,1,1
PPP1R26,DOPEY2,1,1
PPP1R26,DTNA,1,1
PPP1R26,EPS8L2,1,1
PPP1R26,FAM127C,1,1
PPP1R26,FAM89B,1,1
PPP1R26,FBXL15,1,1
PPP1R26,FBXL19,1,1
PPP1R26,FZD7,1,1
PPP1R26,GAREM2,1,1
PPP1R26,GNAZ,1,1
PPP1R26,HOXC6,1,1
PPP1R26,IP6K2,1,1
PPP1R26,IQSEC1,1,1
PPP1R26,JUND,1,1
PPP1R26,KCNQ5,1,1
PPP1R26,KLF12,1,1
PPP1R26,LRP11,1,1
PPP1R26,LXN,1,1
PPP1R26,MAD2L1BP,1,1
PPP1R26,MAF 1.00,1,1
PPP1R26,MALSU1,1,1
PPP1R26,MARCH8,1,1
PPP1R26,MMGT1,1,1
PPP1R26,MRPL43,1,1
PPP1R26,MRPL45,1,1
PPP1R26,MRPS15,1,1
PPP1R26,MYADM,1,1
PPP1R26,NAXD,1,1
PPP1R26,NPHP4,1,1
PPP1R26,NRCAM,1,1
PPP1R26,OTUD5,1,1
PPP1R26,PBX2,1,1
PPP1R26,PCMT1,1,1
PPP1R26,PDIA5,1,1
PPP1R26,PEX3,1,1
PPP1R26,PHTF2,1,1
PPP1R26,PITPNM1,1,1
PPP1R26,PLOD1,1,1
PPP1R26,PON2,1,1
PPP1R26,PPIE,1,1
PPP1R26,PRR13,1,1
PPP1R26,QRSL1,1,1
PPP1R26,RAB1A,1,1
PPP1R26,RHBDF2,1,1
PPP1R26,RPAIN,1,1
PPP1R26,RUSC1,1,1
PPP1R26,RXRG,1,1
PPP1R26,SCMH1,1,1
PPP1R26,SDC3,1,1
PPP1R26,SDK1,1,1
PPP1R26,SND1,1,1
PPP1R26,SPTBN2,1,1
PPP1R26,SUPT20H,1,1
PPP1R26,TERF2IP,1,1
PPP1R26,THEM4,1,1
PPP1R26,TMED4,1,1
PPP1R26,TMEM258,1,1
PPP1R26,TMEM44,1,1
PPP1R26,TNFAIP1,1,1
PPP1R26,TNFSF13B,1,1
PPP1R26,TNIK,1,1
PPP1R26,TSTD2,1,1
PPP1R26,UBXN1,1,1
PPP1R26,USP25,1,1
PPP1R26,USP45,1,1
PPP1R26,VPS51,1,1
PPP1R26,ZBED3,1,1
PPP1R26,ZCCHC17,1,1
PPP1R26,ZFP41,1,1
PPP1R26,ZKSCAN7,1,1
PPP1R26,ZKSCAN8,1,1
PPP1R26,ZNF32,1,1
PPP1R26,ZNF48,1,1
PPP1R26,ZNF740,1,1
PPP1R26,ZNF788,1,1
SAMD5,AIFM1,1,1
SAMD5,ALG5,1,1
SAMD5,AP4S1,1,1
SAMD5,APOL2,1,1
SAMD5,AVEN,1,1
SAMD5,BHLHB9,1,1
SAMD5,CCNY,1,1
SAMD5,CDYL2,1,1
SAMD5,DCTD,1,1
SAMD5,DHDDS,1,1
SAMD5,HOXC11,1,1
SAMD5,HPS6,1,1
SAMD5,INPP4A,1,1
SAMD5,IP6K2,1,1
SAMD5,ITPRIP,1,1
SAMD5,LAMTOR1,1,1
SAMD5,MEN1,1,1
SAMD5,NUMA1,1,1
SAMD5,PEX7,1,1
SAMD5,PPP4R1,1,1
SAMD5,RNF121,1,1
SAMD5,SLC25A5,1,1
SAMD5,SRF,1,1
SAMD5,TANC1,1,1
SAMD5,TMEM214,1,1
SAMD5,TPM2,1,1
SAMD5,TRAF3IP2,1,1
SLC9A3R2,ABCB8,1,1
SLC9A3R2,ACVR2A,1,1
SLC9A3R2,AGO1,1,1
SLC9A3R2,ANKS6,1,1
SLC9A3R2,ANXA2,1,1
SLC9A3R2,AQR,1,1
SLC9A3R2,ARPC1B,1,1
SLC9A3R2,BHLHB9,1,1
SLC9A3R2,C14ORF119,1,1
SLC9A3R2,C1GALT1C1,1,1
SLC9A3R2,CDR2L,1,1
SLC9A3R2,CHMP7,1,1
SLC9A3R2,CHST12,1,1
SLC9A3R2,COG8,1,1
SLC9A3R2,CPNE2,1,1
SLC9A3R2,DAAM2,1,1
SLC9A3R2,DDX41,1,1
SLC9A3R2,DEDD,1,1
SLC9A3R2,DNMBP,1,1
SLC9A3R2,DPH7,1,1
SLC9A3R2,DTNA,1,1
SLC9A3R2,EXOC3,1,1
SLC9A3R2,FAM65A,1,1
SLC9A3R2,FBXW2,1,1
SLC9A3R2,FIBP,1,1
SLC9A3R2,GMPR2,1,1
SLC9A3R2,GNAS,1,1
SLC9A3R2,HDAC7,1,1
SLC9A3R2,HMGN4,1,1
SLC9A3R2,HUS1,1,1
SLC9A3R2,ITSN1,1,1
SLC9A3R2,KANK1,1,1
SLC9A3R2,KRIT1,1,1
SLC9A3R2,LRRC20,1,1
SLC9A3R2,MAD1L1,1,1
SLC9A3R2,MED19,1,1
SLC9A3R2,MED20,1,1
SLC9A3R2,MTO1,1,1
SLC9A3R2,NAALAD2,1,1
SLC9A3R2,NAGPA,1,1
SLC9A3R2,NCS1,1,1
SLC9A3R2,NT5C,1,1
SLC9A3R2,OTUB2,1,1
SLC9A3R2,PAK1,1,1
SLC9A3R2,PKN1,1,1
SLC9A3R2,POLR2G,1,1
SLC9A3R2,PPP2R3A,1,1
SLC9A3R2,PPT1,1,1
SLC9A3R2,PRKAB2,1,1
SLC9A3R2,PRKAR1A,1,1
SLC9A3R2,PSENEN,1,1
SLC9A3R2,R3HCC1,1,1
SLC9A3R2,RAB2A,1,1
SLC9A3R2,RAI1,1,1
SLC9A3R2,RNF166,1,1
SLC9A3R2,RNF169,1,1
SLC9A3R2,RRAGB,1,1
SLC9A3R2,SLC35B2,1,1
SLC9A3R2,SLC39A9,1,1
SLC9A3R2,SMPDL3A,1,1
SLC9A3R2,SNTB2,1,1
SLC9A3R2,SOX6,1,1
SLC9A3R2,TFE3,1,1
SLC9A3R2,TMEM203,1,1
SLC9A3R2,TMEM60,1,1
SLC9A3R2,TMOD3,1,1
SLC9A3R2,TOR4A,1,1
SLC9A3R2,TPCN1,1,1
SLC9A3R2,TRNAU1AP,1,1
SLC9A3R2,TSPAN5,1,1
SLC9A3R2,TUBGCP4,1,1
SLC9A3R2,UBAC1,1,1
SLC9A3R2,USF1,1,1
SLC9A3R2,VPS4A,1,1
SLC9A3R2,VPS51,1,1
SLC9A3R2,ZBED6,1,1
SLC9A3R2,ZNF22,1,1
SLC9A3R2,ZNF23,1,1
SLC9A3R2,ZNF510,1,1
SLC9A3R2,ZNF532,1,1
SLC9A3R2,ZNF669,1,1
SLC9A3R2,ZNF772,1,1
SLC9A3R2,ZSWIM6,1,1
PWWP2B,ASPHD1,1,1
PWWP2B,ATMIN,1,1
PWWP2B,ATP5G3,1,1
PWWP2B,BAP1,1,1
PWWP2B,BCAP29,1,1
PWWP2B,BMP7,1,1
PWWP2B,BRK1,1,1
PWWP2B,C12ORF66,1,1
PWWP2B,C9ORF78,1,1
PWWP2B,CNTNAP3,1,1
PWWP2B,CRBN,1,1
PWWP2B,FAM127C,1,1
PWWP2B,GATA6,1,1
PWWP2B,GNAZ,1,1
PWWP2B,GRB10,1,1
PWWP2B,GRK2,1,1
PWWP2B,HSCB,1,1
PWWP2B,MARCH8,1,1
PWWP2B,MRPL40,1,1
PWWP2B,PDIA5,1,1
PWWP2B,PLOD1,1,1
PWWP2B,SLC39A10,1,1
PWWP2B,TAX1BP3,1,1
PWWP2B,TERF2IP,1,1
PWWP2B,TMED4,1,1
PWWP2B,TRIM13,1,1
PWWP2B,TUBG1,1,1
PWWP2B,VPS37C,1,1
SLC47A1,AIFM1,1,1
SLC47A1,CACUL1,1,1
SLC47A1,COG3,1,1
SLC47A1,COMMD7,1,1
SLC47A1,COQ10A,1,1
SLC47A1,DCTD,1,1
SLC47A1,DPH3,1,1
SLC47A1,EHD1,1,1
SLC47A1,EHMT2,1,1
SLC47A1,ENDOD1,1,1
SLC47A1,FAM32A,1,1
SLC47A1,ICAM3,1,1
SLC47A1,ITPRIP,1,1
SLC47A1,MED22,1,1
SLC47A1,MRPL43,1,1
SLC47A1,MRPS31,1,1
SLC47A1,NDUFB2,1,1
SLC47A1,NOMO2,1,1
SLC47A1,PRRC2A,1,1
SLC47A1,RB1,1,1
SLC47A1,RNF121,1,1
SLC47A1,SHOC2,1,1
SLC47A1,SLC25A5,1,1
SLC47A1,SLC38A6,1,1
SLC47A1,SMG7,1,1
SLC47A1,SPRYD4,1,1
SLC47A1,TANC1,1,1
SLC47A1,TRAF3IP2,1,1
SLC47A1,UBE2Q2,1,1
SLC47A1,USP38,1,1
SLC47A1,WDR6,1,1
SLC47A1,ZBTB12,1,1
SLC47A1,ZNF35,1,1
SLC47A1,ZSCAN9,1,1
PPP1CA,ALG5,1,1
PPP1CA,AP4S1,1,1
PPP1CA,AVEN,1,1
PPP1CA,CASP7,1,1
PPP1CA,CCNY,1,1
PPP1CA,CDC14B,1,1
PPP1CA,CIDEB,1,1
PPP1CA,CMTR2,1,1
PPP1CA,COPS4,1,1
PPP1CA,CSTF2T,1,1
PPP1CA,DCP1A,1,1
PPP1CA,ELF4,1,1
PPP1CA,FAM32A,1,1
PPP1CA,HPS6,1,1
PPP1CA,ITPRIPL1,1,1
PPP1CA,LDOC1L,1,1
PPP1CA,MSANTD3,1,1
PPP1CA,NAMPTP1,1,1
PPP1CA,NELFB,1,1
PPP1CA,NFKB1,1,1
PPP1CA,NOP10,1,1
PPP1CA,NOP9,1,1
PPP1CA,NT5C2,1,1
PPP1CA,OTUB1,1,1
PPP1CA,PARG,1,1
PPP1CA,PLEKHO1,1,1
PPP1CA,PPA2,1,1
PPP1CA,PPP4R1,1,1
PPP1CA,RABIF,1,1
PPP1CA,RALA,1,1
PPP1CA,REST,1,1
PPP1CA,REV1,1,1
PPP1CA,RHBDD1,1,1
PPP1CA,SAR1A,1,1
PPP1CA,SIL1,1,1
PPP1CA,SLMAP,1,1
PPP1CA,SPTLC2,1,1
PPP1CA,SRF,1,1
PPP1CA,SUMF2,1,1
PPP1CA,TMEM214,1,1
PPP1CA,USP38,1,1
PPP1CA,WASF3,1,1
PPP1CA,WDR82,1,1
PPP1CA,YME1L1,1,1
PPP1CA,ZNF354C,1,1
RBM4,KIAA0368,1,1
RBM4,MINA,1,1
RBM4,PRPF3,1,1
RBM4,WASF1,1,1
PPIE,ACER3,1,1
PPIE,ALDOA,1,1
PPIE,ARAP3,1,1
PPIE,ASPHD1,1,1
PPIE,ATMIN,1,1
PPIE,BAMBI,1,1
PPIE,BCAP29,1,1
PPIE,BMP7,1,1
PPIE,BRD3,1,1
PPIE,BRK1,1,1
PPIE,C11ORF95,1,1
PPIE,C9ORF78,1,1
PPIE,CCDC14,1,1
PPIE,CD320,1,1
PPIE,CDC14B,1,1
PPIE,CNOT8,1,1
PPIE,CNTN1,1,1
PPIE,COA6,1,1
PPIE,COBL,1,1
PPIE,CRBN,1,1
PPIE,DECR2,1,1
PPIE,ELF4,1,1
PPIE,EPS8L2,1,1
PPIE,FAM127C,1,1
PPIE,GAREM2,1,1
PPIE,GMPPA,1,1
PPIE,GNAZ,1,1
PPIE,GRK2,1,1
PPIE,HIVEP1,1,1
PPIE,HLTF,1,1
PPIE,HSCB,1,1
PPIE,IQSEC1,1,1
PPIE,JUND,1,1
PPIE,KIAA1143,1,1
PPIE,LASP1,1,1
PPIE,LXN,1,1
PPIE,MALSU1,1,1
PPIE,MRPS15,1,1
PPIE,MSRA,1,1
PPIE,NAMPTP1,1,1
PPIE,NELFB,1,1
PPIE,NT5C2,1,1
PPIE,PDIA5,1,1
PPIE,PLOD1,1,1
PPIE,PON2,1,1
PPIE,PREB,1,1
PPIE,RAB1A,1,1
PPIE,RUSC1,1,1
PPIE,RXRG,1,1
PPIE,SDC3,1,1
PPIE,SNX10,1,1
PPIE,SPTBN2,1,1
PPIE,SPTLC2,1,1
PPIE,SUPT20H,1,1
PPIE,TAF11,1,1
PPIE,TAX1BP1,1,1
PPIE,TERF2IP,1,1
PPIE,TET2,1,1
PPIE,TMED4,1,1
PPIE,TMEM214,1,1
PPIE,TNFSF13B,1,1
PPIE,TRIM35,1,1
PPIE,TSTD2,1,1
PPIE,UGP2,1,1
PPIE,USP25,1,1
PPIE,VPS37C,1,1
PPIE,WASF3,1,1
PPIE,ZBED3,1,1
KLC1,ABCB8,1,1
KLC1,ABL1,1,1
KLC1,BAD,1,1
KLC1,BAMBI,1,1
KLC1,BCL9L,1,1
KLC1,CH17-258A22.4,1,1
KLC1,CYLD,1,1
KLC1,DLG5,1,1
KLC1,DNAJC8,1,1
KLC1,DTNA,1,1
KLC1,FBXL19,1,1
KLC1,GGCX,1,1
KLC1,KLHL7,1,1
KLC1,LINC00094,1,1
KLC1,LY6E,1,1
KLC1,MAD1L1,1,1
KLC1,MED19,1,1
KLC1,PAK1,1,1
KLC1,SCMH1,1,1
KLC1,SDC3,1,1
KLC1,SND1,1,1
KLC1,TET2,1,1
KLC1,TRIP4,1,1
KLC1,TUBGCP4,1,1
KLC1,VWA8,1,1
KLC1,ZNF772,1,1
RAB1A,ABL1,1,1
RAB1A,ALDOA,1,1
RAB1A,ARNT2,1,1
RAB1A,ASPHD1,1,1
RAB1A,BAD,1,1
RAB1A,BAMBI,1,1
RAB1A,BCAP29,1,1
RAB1A,BMP7,1,1
RAB1A,BRD3,1,1
RAB1A,BRK1,1,1
RAB1A,CHMP1A,1,1
RAB1A,CNTN1,1,1
RAB1A,DECR2,1,1
RAB1A,DKK 3.00,1,1
RAB1A,DLG5,1,1
RAB1A,DSE,1,1
RAB1A,EPS8L2,1,1
RAB1A,FAM127C,1,1
RAB1A,GAREM2,1,1
RAB1A,GNAZ,1,1
RAB1A,GRK2,1,1
RAB1A,HLTF,1,1
RAB1A,INPP5E,1,1
RAB1A,IP6K2,1,1
RAB1A,LAMTOR1,1,1
RAB1A,LXN,1,1
RAB1A,MAD2L1BP,1,1
RAB1A,MRPS15,1,1
RAB1A,MSRA,1,1
RAB1A,NAXD,1,1
RAB1A,NELFB,1,1
RAB1A,NFU1,1,1
RAB1A,NOMO2,1,1
RAB1A,NPHP4,1,1
RAB1A,NSL1,1,1
RAB1A,NUMA1,1,1
RAB1A,PCMT1,1,1
RAB1A,PDIA5,1,1
RAB1A,PLOD1,1,1
RAB1A,PON2,1,1
RAB1A,PREB,1,1
RAB1A,PRR13,1,1
RAB1A,RFTN1,1,1
RAB1A,RHBDF2,1,1
RAB1A,RPAIN,1,1
RAB1A,RUSC1,1,1
RAB1A,RXRG,1,1
RAB1A,SCMH1,1,1
RAB1A,SDC3,1,1
RAB1A,SDK1,1,1
RAB1A,SND1,1,1
RAB1A,SNX10,1,1
RAB1A,SPTBN2,1,1
RAB1A,SUPT20H,1,1
RAB1A,TAF11,1,1
RAB1A,TANC1,1,1
RAB1A,TAX1BP1,1,1
RAB1A,TERF2IP,1,1
RAB1A,TMED4,1,1
RAB1A,TMEM214,1,1
RAB1A,TMEM258,1,1
RAB1A,TMSB15B,1,1
RAB1A,TNFSF13B,1,1
RAB1A,TNIK,1,1
RAB1A,TPM2,1,1
RAB1A,VPS37C,1,1
RAB1A,ZCCHC17,1,1
RAB1A,ZFP41,1,1
RAB1A,ZNF48,1,1
RAB1A,ZNF788,1,1
KMT2A,CLASP1,1,1
KMT2A,TSTD2,1,1
ARHGAP10,ALG5,1,1
ARHGAP10,ANXA2,1,1
ARHGAP10,AQR,1,1
ARHGAP10,ARFGAP2,1,1
ARHGAP10,ASXL1,1,1
ARHGAP10,BHLHB9,1,1
ARHGAP10,CCDC12,1,1
ARHGAP10,CCNY,1,1
ARHGAP10,CFL1,1,1
ARHGAP10,CHST12,1,1
ARHGAP10,CLTB,1,1
ARHGAP10,COPS4,1,1
ARHGAP10,CPSF7,1,1
ARHGAP10,CSTF2T,1,1
ARHGAP10,CUL2,1,1
ARHGAP10,DNAJC21,1,1
ARHGAP10,DNMBP,1,1
ARHGAP10,ERBIN,1,1
ARHGAP10,EXOG,1,1
ARHGAP10,FAM204A,1,1
ARHGAP10,FOXF2,1,1
ARHGAP10,GGA1,1,1
ARHGAP10,HNRNPUL2,1,1
ARHGAP10,HPS6,1,1
ARHGAP10,INPP5A,1,1
ARHGAP10,ITPRIPL1,1,1
ARHGAP10,ITSN1,1,1
ARHGAP10,LDOC1L,1,1
ARHGAP10,MCM3AP,1,1
ARHGAP10,MED4,1,1
ARHGAP10,MSANTD3,1,1
ARHGAP10,MT1F,1,1
ARHGAP10,NFATC3,1,1
ARHGAP10,NOP10,1,1
ARHGAP10,NOP9,1,1
ARHGAP10,NUDT11,1,1
ARHGAP10,NUMA1,1,1
ARHGAP10,OTUB1,1,1
ARHGAP10,PCNX4,1,1
ARHGAP10,POLR2G,1,1
ARHGAP10,PPP4R1,1,1
ARHGAP10,PRDM11,1,1
ARHGAP10,PROSER1,1,1
ARHGAP10,PRR16,1,1
ARHGAP10,PTPMT1,1,1
ARHGAP10,RALA,1,1
ARHGAP10,RBM17,1,1
ARHGAP10,RCE1,1,1
ARHGAP10,REST,1,1
ARHGAP10,RP11-2C24.9,1,1
ARHGAP10,SAR1A,1,1
ARHGAP10,SLMAP,1,1
ARHGAP10,SS18L2,1,1
ARHGAP10,TERF2,1,1
ARHGAP10,UBAC1,1,1
ARHGAP10,UTP3,1,1
ARHGAP10,WDR82,1,1
ARHGAP10,YME1L1,1,1
RNASEH2B,ADH5,1,1
RNASEH2B,AP4S1,1,1
RNASEH2B,AVEN,1,1
RNASEH2B,BHLHB9,1,1
RNASEH2B,CBX4,1,1
RNASEH2B,CCNY,1,1
RNASEH2B,CFL1,1,1
RNASEH2B,CHST12,1,1
RNASEH2B,COMMD7,1,1
RNASEH2B,DCTD,1,1
RNASEH2B,DDX50,1,1
RNASEH2B,DNAJC21,1,1
RNASEH2B,DNMBP,1,1
RNASEH2B,FAM135A,1,1
RNASEH2B,FAM204A,1,1
RNASEH2B,FBXO46,1,1
RNASEH2B,FBXW2,1,1
RNASEH2B,GTPBP8,1,1
RNASEH2B,HIST2H2BF,1,1
RNASEH2B,HMGN4,1,1
RNASEH2B,HPS6,1,1
RNASEH2B,ITPRIP,1,1
RNASEH2B,MED4,1,1
RNASEH2B,MT1F,1,1
RNASEH2B,MX2,1,1
RNASEH2B,NCOA7,1,1
RNASEH2B,POLR2G,1,1
RNASEH2B,PRDM11,1,1
RNASEH2B,PREPL,1,1
RNASEH2B,PTPMT1,1,1
RNASEH2B,RALA,1,1
RNASEH2B,RHBDD3,1,1
RNASEH2B,RNF166,1,1
RNASEH2B,RPL7A,1,1
RNASEH2B,RPS17,1,1
RNASEH2B,RPS20,1,1
RNASEH2B,RPS3,1,1
RNASEH2B,RRAGB,1,1
RNASEH2B,SAR1A,1,1
RNASEH2B,SVIL,1,1
RNASEH2B,TERF2,1,1
RNASEH2B,TGIF2,1,1
RNASEH2B,TMEM170A,1,1
RNASEH2B,TMEM203,1,1
RNASEH2B,TRERF1,1,1
RNASEH2B,TRIO,1,1
RNASEH2B,TSPAN5,1,1
RNASEH2B,UBAC1,1,1
RNASEH2B,YME1L1,1,1
RNASEH2B,ZC4H2,1,1
RNASEH2B,ZNHIT1,1,1
CPNE2,ABCB8,1,1
CPNE2,ANKS6,1,1
CPNE2,ANXA2,1,1
CPNE2,AQR,1,1
CPNE2,ARPC1B,1,1
CPNE2,BHLHB9,1,1
CPNE2,C14ORF119,1,1
CPNE2,C1GALT1C1,1,1
CPNE2,CDR2L,1,1
CPNE2,CHMP7,1,1
CPNE2,CHST12,1,1
CPNE2,COG8,1,1
CPNE2,DEDD,1,1
CPNE2,DNMBP,1,1
CPNE2,EXOC3,1,1
CPNE2,FAM65A,1,1
CPNE2,FBXW2,1,1
CPNE2,FIBP,1,1
CPNE2,GMPR2,1,1
CPNE2,HDAC7,1,1
CPNE2,HEATR6,1,1
CPNE2,HMGN4,1,1
CPNE2,ITSN1,1,1
CPNE2,KREMEN1,1,1
CPNE2,LRRC20,1,1
CPNE2,LY6E,1,1
CPNE2,MAD1L1,1,1
CPNE2,MED19,1,1
CPNE2,MED20,1,1
CPNE2,MRPL18,1,1
CPNE2,MTO1,1,1
CPNE2,NAALAD2,1,1
CPNE2,NAGPA,1,1
CPNE2,NCS1,1,1
CPNE2,NFATC3,1,1
CPNE2,NOP10,1,1
CPNE2,NT5C,1,1
CPNE2,OTUB2,1,1
CPNE2,PAK1,1,1
CPNE2,PIN1,1,1
CPNE2,PKN1,1,1
CPNE2,POLR2G,1,1
CPNE2,PPP2R3A,1,1
CPNE2,PPT1,1,1
CPNE2,R3HCC1,1,1
CPNE2,RNF166,1,1
CPNE2,RNF169,1,1
CPNE2,RRAGB,1,1
CPNE2,SLC39A9,1,1
CPNE2,SNTB2,1,1
CPNE2,SOX6,1,1
CPNE2,TFE3,1,1
CPNE2,TMEM203,1,1
CPNE2,TMEM60,1,1
CPNE2,TMOD3,1,1
CPNE2,TNFAIP1,1,1
CPNE2,TOR4A,1,1
CPNE2,TOX4,1,1
CPNE2,TPCN1,1,1
CPNE2,TRIM8,1,1
CPNE2,TRNAU1AP,1,1
CPNE2,TSPAN5,1,1
CPNE2,TUBGCP4,1,1
CPNE2,UBAC1,1,1
CPNE2,USF1,1,1
CPNE2,VPS4A,1,1
CPNE2,YY1,1,1
CPNE2,ZBED6,1,1
CPNE2,ZMYM6,1,1
CPNE2,ZNF23,1,1
CPNE2,ZNF48,1,1
CPNE2,ZNF510,1,1
CPNE2,ZNF532,1,1
CPNE2,ZNF669,1,1
CPNE2,ZNF772,1,1
CPNE2,ZSWIM6,1,1
SAR1A,ALG5,1,1
SAR1A,ANKRD13C,1,1
SAR1A,APH1A,1,1
SAR1A,ASXL1,1,1
SAR1A,AVEN,1,1
SAR1A,BLOC1S2,1,1
SAR1A,CACUL1,1,1
SAR1A,CCDC22,1,1
SAR1A,CCNY,1,1
SAR1A,CFL1,1,1
SAR1A,COMMD7,1,1
SAR1A,COPS4,1,1
SAR1A,CUL2,1,1
SAR1A,DCTD,1,1
SAR1A,DDX50,1,1
SAR1A,DHCR24,1,1
SAR1A,ERBIN,1,1
SAR1A,FAM204A,1,1
SAR1A,FAM32A,1,1
SAR1A,GGA1,1,1
SAR1A,HMGN5,1,1
SAR1A,HNRNPUL2,1,1
SAR1A,HPF1,1,1
SAR1A,HPS6,1,1
SAR1A,ITPRIPL1,1,1
SAR1A,LCMT2,1,1
SAR1A,MCM3AP,1,1
SAR1A,MED22,1,1
SAR1A,MED4,1,1
SAR1A,MRPS31,1,1
SAR1A,NOP9,1,1
SAR1A,NUMA1,1,1
SAR1A,PCNX4,1,1
SAR1A,PLEKHO1,1,1
SAR1A,PPID,1,1
SAR1A,PPP4R1,1,1
SAR1A,PREPL,1,1
SAR1A,PROSER1,1,1
SAR1A,PTBP2,1,1
SAR1A,RALA,1,1
SAR1A,RB1,1,1
SAR1A,RBM17,1,1
SAR1A,REST,1,1
SAR1A,RHBDD3,1,1
SAR1A,RP11-2C24.9,1,1
SAR1A,SDCCAG8,1,1
SAR1A,SHOC2,1,1
SAR1A,SLC38A6,1,1
SAR1A,SUMO3,1,1
SAR1A,TERF2,1,1
SAR1A,TRIM7,1,1
SAR1A,TRIO,1,1
SAR1A,USP38,1,1
SAR1A,YME1L1,1,1
SAR1A,ZNF35,1,1
SAR1A,ZNHIT1,1,1
GAREM2,ABL1,1,1
GAREM2,ACVR2B,1,1
GAREM2,ADGRG6,1,1
GAREM2,AIP,1,1
GAREM2,ALDOA,1,1
GAREM2,AP1S2,1,1
GAREM2,APBB2,1,1
GAREM2,AREL1,1,1
GAREM2,ARNT2,1,1
GAREM2,AVEN,1,1
GAREM2,BAD,1,1
GAREM2,BAMBI,1,1
GAREM2,BRD3,1,1
GAREM2,CASP7,1,1
GAREM2,CBX4,1,1
GAREM2,CCDC169,1,1
GAREM2,CD320,1,1
GAREM2,CDC14B,1,1
GAREM2,CDK2AP2,1,1
GAREM2,CDYL2,1,1
GAREM2,CH17-258A22.4,1,1
GAREM2,CNTN1,1,1
GAREM2,COA6,1,1
GAREM2,COG8,1,1
GAREM2,CSPG4,1,1
GAREM2,DKK 3.00,1,1
GAREM2,DLG5,1,1
GAREM2,DNPEP,1,1
GAREM2,DPH3,1,1
GAREM2,DSE,1,1
GAREM2,DTNA,1,1
GAREM2,ELF4,1,1
GAREM2,EPS8L2,1,1
GAREM2,FADS3,1,1
GAREM2,FAM127C,1,1
GAREM2,FAM89B,1,1
GAREM2,FBXL15,1,1
GAREM2,FBXL19,1,1
GAREM2,FZD7,1,1
GAREM2,HIVEP1,1,1
GAREM2,HNRNPUL2,1,1
GAREM2,HOXC11,1,1
GAREM2,HOXC6,1,1
GAREM2,IFT52,1,1
GAREM2,IP6K2,1,1
GAREM2,JUND,1,1
GAREM2,KCNQ5,1,1
GAREM2,KLF12,1,1
GAREM2,LAMTOR1,1,1
GAREM2,LASP1,1,1
GAREM2,LRP11,1,1
GAREM2,LRRC20,1,1
GAREM2,LXN,1,1
GAREM2,LZTFL1,1,1
GAREM2,MAD2L1BP,1,1
GAREM2,MEN1,1,1
GAREM2,MRPL43,1,1
GAREM2,MRPL45,1,1
GAREM2,MRPS15,1,1
GAREM2,MRPS31,1,1
GAREM2,MYADM,1,1
GAREM2,NAXD,1,1
GAREM2,NELFB,1,1
GAREM2,NOMO2,1,1
GAREM2,NPHP4,1,1
GAREM2,NRIP1,1,1
GAREM2,NT5C2,1,1
GAREM2,NUMA1,1,1
GAREM2,OTUD5,1,1
GAREM2,PARG,1,1
GAREM2,PBX2,1,1
GAREM2,PCMT1,1,1
GAREM2,PDIA5,1,1
GAREM2,PIGH,1,1
GAREM2,PITPNM1,1,1
GAREM2,PLOD1,1,1
GAREM2,PON2,1,1
GAREM2,PPP1R11,1,1
GAREM2,PRR13,1,1
GAREM2,QRSL1,1,1
GAREM2,RFTN1,1,1
GAREM2,RHBDF2,1,1
GAREM2,RNF121,1,1
GAREM2,RPAIN,1,1
GAREM2,RUSC1,1,1
GAREM2,RXRG,1,1
GAREM2,SCMH1,1,1
GAREM2,SDC3,1,1
GAREM2,SDK1,1,1
GAREM2,SND1,1,1
GAREM2,SNX10,1,1
GAREM2,SPRYD4,1,1
GAREM2,SPTBN2,1,1
GAREM2,SPTLC2,1,1
GAREM2,SUPT20H,1,1
GAREM2,TANC1,1,1
GAREM2,TAX1BP1,1,1
GAREM2,TERF2IP,1,1
GAREM2,THEM4,1,1
GAREM2,TMEM214,1,1
GAREM2,TMEM258,1,1
GAREM2,TMEM44,1,1
GAREM2,TNFAIP1,1,1
GAREM2,TNFSF13B,1,1
GAREM2,TNIK,1,1
GAREM2,TRAF3IP2,1,1
GAREM2,TRIM8,1,1
GAREM2,UBXN1,1,1
GAREM2,USP25,1,1
GAREM2,VPS51,1,1
GAREM2,ZBTB12,1,1
GAREM2,ZCCHC17,1,1
GAREM2,ZFP41,1,1
GAREM2,ZKSCAN7,1,1
GAREM2,ZKSCAN8,1,1
GAREM2,ZNF22,1,1
GAREM2,ZNF266,1,1
GAREM2,ZNF48,1,1
GAREM2,ZNF740,1,1
GAREM2,ZNF788,1,1
DEDD,ABCB8,1,1
DEDD,BCL9L,1,1
DEDD,C14ORF119,1,1
DEDD,CDC42SE1,1,1
DEDD,DTNA,1,1
DEDD,FAM65A,1,1
DEDD,FBXL19,1,1
DEDD,GGCX,1,1
DEDD,LINC00094,1,1
DEDD,LY6E,1,1
DEDD,MAD1L1,1,1
DEDD,MAPKAPK3,1,1
DEDD,MED19,1,1
DEDD,NR2F6,1,1
DEDD,OTUB2,1,1
DEDD,PAK1,1,1
DEDD,PKN1,1,1
DEDD,PPT1,1,1
DEDD,PSENEN,1,1
DEDD,RAI1,1,1
DEDD,RNF41,1,1
DEDD,SLC39A9,1,1
DEDD,SNTB2,1,1
DEDD,SOX6,1,1
DEDD,TMEM136,1,1
DEDD,TMOD3,1,1
DEDD,TOX4,1,1
DEDD,TRIP4,1,1
DEDD,TUBGCP4,1,1
DEDD,VPS51,1,1
DEDD,ZNF510,1,1
DEDD,ZNF669,1,1
DEDD,ZNF772,1,1
DEDD,ZSWIM6,1,1
ASPHD1,ADGRG6,1,1
ASPHD1,ALDOA,1,1
ASPHD1,ARAP3,1,1
ASPHD1,ARL 10.00,1,1
ASPHD1,ARNT2,1,1
ASPHD1,ATMIN,1,1
ASPHD1,ATP5G3,1,1
ASPHD1,BAP1,1,1
ASPHD1,BCAP29,1,1
ASPHD1,BMP7,1,1
ASPHD1,BRK1,1,1
ASPHD1,C11ORF95,1,1
ASPHD1,C12ORF66,1,1
ASPHD1,C9ORF78,1,1
ASPHD1,CD320,1,1
ASPHD1,CNTN1,1,1
ASPHD1,CNTNAP3,1,1
ASPHD1,COBL,1,1
ASPHD1,CRBN,1,1
ASPHD1,CTHRC1,1,1
ASPHD1,DECR2,1,1
ASPHD1,DNAJA3,1,1
ASPHD1,FAM127C,1,1
ASPHD1,FAM210A,1,1
ASPHD1,FDX1,1,1
ASPHD1,FZD7,1,1
ASPHD1,GATA6,1,1
ASPHD1,GMPPA,1,1
ASPHD1,GNAZ,1,1
ASPHD1,GNPAT,1,1
ASPHD1,GRK2,1,1
ASPHD1,H1F0,1,1
ASPHD1,HSCB,1,1
ASPHD1,KIAA1143,1,1
ASPHD1,MALSU1,1,1
ASPHD1,MARCH8,1,1
ASPHD1,MRPL40,1,1
ASPHD1,MRPS15,1,1
ASPHD1,MSRA,1,1
ASPHD1,NRCAM,1,1
ASPHD1,NT5C2,1,1
ASPHD1,PDIA5,1,1
ASPHD1,PLOD1,1,1
ASPHD1,PON2,1,1
ASPHD1,PREB,1,1
ASPHD1,PRR13,1,1
ASPHD1,RAB1B,1,1
ASPHD1,RHBDF2,1,1
ASPHD1,RXRG,1,1
ASPHD1,SDC3,1,1
ASPHD1,SDK1,1,1
ASPHD1,SLC39A10,1,1
ASPHD1,SNX10,1,1
ASPHD1,TAX1BP1,1,1
ASPHD1,TAX1BP3,1,1
ASPHD1,TERF2IP,1,1
ASPHD1,TMED4,1,1
ASPHD1,TMSB15B,1,1
ASPHD1,TNFSF13B,1,1
ASPHD1,TRIM13,1,1
ASPHD1,TSKU,1,1
ASPHD1,TUBG1,1,1
ASPHD1,UGP2,1,1
ASPHD1,USP25,1,1
ASPHD1,VPS37C,1,1
ASPHD1,ZKSCAN8,1,1
ASPHD1,ZNF32,1,1
ASPHD1,ZNF788,1,1
BICD2,ANKRD13C,1,1
BICD2,CUL2,1,1
BICD2,CUL4A,1,1
BICD2,HNRNPF,1,1
BICD2,HSPH1,1,1
BICD2,MCM3AP,1,1
BICD2,MED22,1,1
BICD2,MSANTD3,1,1
BICD2,NOP9,1,1
BICD2,PCNT,1,1
BICD2,RAB11FIP2,1,1
BICD2,SIRT1,1,1
BICD2,SLC7A6,1,1
BICD2,SMC3,1,1
BICD2,SNIP1,1,1
BICD2,STAG3L2,1,1
BICD2,WAPL,1,1
BICD2,ZNF37A,1,1
INPP5E,ARNT2,1,1
INPP5E,BAMBI,1,1
INPP5E,BMP7,1,1
INPP5E,CHMP1A,1,1
INPP5E,CNTN1,1,1
INPP5E,CRBN,1,1
INPP5E,DLG5,1,1
INPP5E,DSE,1,1
INPP5E,EPS8L2,1,1
INPP5E,FAM127C,1,1
INPP5E,FOXF2,1,1
INPP5E,GNAZ,1,1
INPP5E,GRK2,1,1
INPP5E,HLTF,1,1
INPP5E,HNRNPUL2,1,1
INPP5E,IP6K2,1,1
INPP5E,ITPRIPL1,1,1
INPP5E,KCNQ5,1,1
INPP5E,LAMTOR1,1,1
INPP5E,LXN,1,1
INPP5E,MAD2L1BP,1,1
INPP5E,MSRA,1,1
INPP5E,NAXD,1,1
INPP5E,NELFB,1,1
INPP5E,NFU1,1,1
INPP5E,NOMO2,1,1
INPP5E,NPHP4,1,1
INPP5E,NSL1,1,1
INPP5E,NUDT11,1,1
INPP5E,NUMA1,1,1
INPP5E,PDIA5,1,1
INPP5E,PLOD1,1,1
INPP5E,PON2,1,1
INPP5E,PRR13,1,1
INPP5E,RFTN1,1,1
INPP5E,RHBDF2,1,1
INPP5E,RUSC1,1,1
INPP5E,RXRG,1,1
INPP5E,SCMH1,1,1
INPP5E,SDC3,1,1
INPP5E,SND1,1,1
INPP5E,SNX10,1,1
INPP5E,SUPT20H,1,1
INPP5E,TAF11,1,1
INPP5E,TANC1,1,1
INPP5E,TAX1BP1,1,1
INPP5E,TMED4,1,1
INPP5E,TMSB15B,1,1
INPP5E,TNFSF13B,1,1
INPP5E,TNIK,1,1
INPP5E,TPM2,1,1
INPP5E,VPS37C,1,1
INPP5E,ZNF788,1,1
MYADM,ABL1,1,1
MYADM,APBB2,1,1
MYADM,BAD,1,1
MYADM,BRD3,1,1
MYADM,CDK2AP2,1,1
MYADM,CDYL2,1,1
MYADM,CES2,1,1
MYADM,CH17-258A22.4,1,1
MYADM,CHMP7,1,1
MYADM,COG8,1,1
MYADM,DDAH2,1,1
MYADM,DENND2A,1,1
MYADM,DMTN,1,1
MYADM,DNPEP,1,1
MYADM,DTNA,1,1
MYADM,EHD2,1,1
MYADM,FAM89B,1,1
MYADM,FBXL15,1,1
MYADM,FBXL19,1,1
MYADM,FIBP,1,1
MYADM,GGACT,1,1
MYADM,GMPR2,1,1
MYADM,HOXC6,1,1
MYADM,KLF12,1,1
MYADM,LINC00094,1,1
MYADM,LRRC20,1,1
MYADM,LTBP3,1,1
MYADM,LZTFL1,1,1
MYADM,MAF 1.00,1,1
MYADM,MAP4K2,1,1
MYADM,MED20,1,1
MYADM,NPRL2,1,1
MYADM,NT5C,1,1
MYADM,OTUB2,1,1
MYADM,PARP3,1,1
MYADM,PITPNM1,1,1
MYADM,PKN1,1,1
MYADM,PPT1,1,1
MYADM,PSENEN,1,1
MYADM,RAB39B,1,1
MYADM,RNF41,1,1
MYADM,RPAIN,1,1
MYADM,RPS27,1,1
MYADM,RRAGB,1,1
MYADM,SEPT5,1,1
MYADM,SLC39A9,1,1
MYADM,SPTBN2,1,1
MYADM,TFE3,1,1
MYADM,TMEM258,1,1
MYADM,TMEM44,1,1
MYADM,TNFAIP1,1,1
MYADM,TRIM8,1,1
MYADM,TSHZ3,1,1
MYADM,TSPAN5,1,1
MYADM,UBXN1,1,1
MYADM,VPS51,1,1
MYADM,ZBED6,1,1
MYADM,ZFP41,1,1
MYADM,ZNF22,1,1
MYADM,ZNF48,1,1
MYADM,ZNF623,1,1
MYADM,ZNF740,1,1
BRD3,ABL1,1,1
BRD3,ACVR2B,1,1
BRD3,AIP,1,1
BRD3,AKIRIN1,1,1
BRD3,ALDOA,1,1
BRD3,APBB2,1,1
BRD3,AREL1,1,1
BRD3,ARNT2,1,1
BRD3,ATPAF1,1,1
BRD3,BAD,1,1
BRD3,BAMBI,1,1
BRD3,CASP6,1,1
BRD3,CASP7,1,1
BRD3,CCDC169,1,1
BRD3,CDC14B,1,1
BRD3,CDK2AP2,1,1
BRD3,CDYL2,1,1
BRD3,CES2,1,1
BRD3,CH17-258A22.4,1,1
BRD3,CHRNB1,1,1
BRD3,CNTN1,1,1
BRD3,COA6,1,1
BRD3,COG8,1,1
BRD3,DLG5,1,1
BRD3,DNPEP,1,1
BRD3,DOPEY2,1,1
BRD3,DTNA,1,1
BRD3,ELF4,1,1
BRD3,EPS8L2,1,1
BRD3,FAM127C,1,1
BRD3,FBXL15,1,1
BRD3,FBXL19,1,1
BRD3,FZD7,1,1
BRD3,HIVEP1,1,1
BRD3,HOXC6,1,1
BRD3,IP6K2,1,1
BRD3,JUND,1,1
BRD3,KCNQ5,1,1
BRD3,KLF12,1,1
BRD3,LAMTOR1,1,1
BRD3,LASP1,1,1
BRD3,LRP11,1,1
BRD3,LRRC20,1,1
BRD3,LXN,1,1
BRD3,MAD2L1BP,1,1
BRD3,MAP4K2,1,1
BRD3,MAPKAPK3,1,1
BRD3,MMGT1,1,1
BRD3,MRPL43,1,1
BRD3,NAXD,1,1
BRD3,NELFB,1,1
BRD3,NPHP4,1,1
BRD3,NUMA1,1,1
BRD3,PARG,1,1
BRD3,PCMT1,1,1
BRD3,PIGH,1,1
BRD3,PITPNM1,1,1
BRD3,PLEKHO1,1,1
BRD3,PLOD1,1,1
BRD3,PON2,1,1
BRD3,PPT1,1,1
BRD3,PRR13,1,1
BRD3,QRSL1,1,1
BRD3,RHBDF2,1,1
BRD3,RUSC1,1,1
BRD3,RXRG,1,1
BRD3,SCMH1,1,1
BRD3,SDC3,1,1
BRD3,SLMAP,1,1
BRD3,SND1,1,1
BRD3,SPTBN2,1,1
BRD3,SPTLC2,1,1
BRD3,SUPT20H,1,1
BRD3,TERF2IP,1,1
BRD3,TET2,1,1
BRD3,THEM4,1,1
BRD3,TMEM136,1,1
BRD3,TMEM258,1,1
BRD3,TNFAIP1,1,1
BRD3,TNIK,1,1
BRD3,TPCN1,1,1
BRD3,TRAF7,1,1
BRD3,UBXN1,1,1
BRD3,USP25,1,1
BRD3,VPS51,1,1
BRD3,ZBED3,1,1
BRD3,ZBTB12,1,1
BRD3,ZCCHC17,1,1
BRD3,ZFP41,1,1
BRD3,ZKSCAN8,1,1
BRD3,ZNF266,1,1
BRD3,ZNF48,1,1
BRD3,ZNF510,1,1
BRD3,ZNF740,1,1
MED22,ALG5,1,1
MED22,ANKRD13C,1,1
MED22,APH1A,1,1
MED22,ASPSCR1,1,1
MED22,ASXL1,1,1
MED22,C2CD3,1,1
MED22,CACUL1,1,1
MED22,COMMD7,1,1
MED22,COPS4,1,1
MED22,COQ10A,1,1
MED22,CUL2,1,1
MED22,CUL4A,1,1
MED22,DDX50,1,1
MED22,EHD1,1,1
MED22,EHMT2,1,1
MED22,FAM204A,1,1
MED22,FAM32A,1,1
MED22,HNRNPF,1,1
MED22,HSPH1,1,1
MED22,KLHL2,1,1
MED22,LCMT2,1,1
MED22,MCM3AP,1,1
MED22,MED4,1,1
MED22,MSANTD3,1,1
MED22,NOP9,1,1
MED22,NPRL3,1,1
MED22,OTUB1,1,1
MED22,PLBD2,1,1
MED22,PPID,1,1
MED22,PROSER1,1,1
MED22,PRRC2A,1,1
MED22,RAB11FIP2,1,1
MED22,RABIF,1,1
MED22,RB1,1,1
MED22,RBM17,1,1
MED22,RNF121,1,1
MED22,S100A1,1,1
MED22,SHOC2,1,1
MED22,STAG3L2,1,1
MED22,SUMF2,1,1
MED22,SUMO3,1,1
MED22,TERF2,1,1
MED22,TMC6,1,1
MED22,TRAF3IP2,1,1
MED22,USP38,1,1
MED22,YME1L1,1,1
MED22,ZC4H2,1,1
MED22,ZNF35,1,1
TGDS,C11ORF95,1,1
TGDS,NDUFB6,1,1
TGDS,SEC16A,1,1
APAF1,AP1S2,1,1
APAF1,APOL2,1,1
APAF1,BRCA1,1,1
APAF1,DPH7,1,1
APAF1,DSE,1,1
APAF1,EXOC3,1,1
APAF1,FADS3,1,1
APAF1,HOXC11,1,1
APAF1,HUS1,1,1
APAF1,IBTK,1,1
APAF1,KRIT1,1,1
APAF1,LAMTOR1,1,1
APAF1,LINC00998,1,1
APAF1,MBNL3,1,1
APAF1,MCCC1,1,1
APAF1,MDGA1,1,1
APAF1,MX2,1,1
APAF1,PRKAR1A,1,1
APAF1,RAB2A,1,1
APAF1,RFTN1,1,1
APAF1,RPAIN,1,1
APAF1,SEC63,1,1
APAF1,SLC31A1,1,1
APAF1,STARD3NL,1,1
APAF1,TFE3,1,1
APAF1,TMEM258,1,1
APAF1,TPM2,1,1
APAF1,ZSCAN9,1,1
SLC38A6,APH1A,1,1
SLC38A6,AVEN,1,1
SLC38A6,CACUL1,1,1
SLC38A6,CBX4,1,1
SLC38A6,CBX6,1,1
SLC38A6,COG3,1,1
SLC38A6,COMMD7,1,1
SLC38A6,COPS4,1,1
SLC38A6,COQ10A,1,1
SLC38A6,CSPG4,1,1
SLC38A6,CUTC,1,1
SLC38A6,DCTD,1,1
SLC38A6,DDX50,1,1
SLC38A6,DPH3,1,1
SLC38A6,ENDOD1,1,1
SLC38A6,FAM32A,1,1
SLC38A6,HMGN5,1,1
SLC38A6,HNRNPUL2,1,1
SLC38A6,HOXC11,1,1
SLC38A6,HPF1,1,1
SLC38A6,HPS6,1,1
SLC38A6,ITGA1,1,1
SLC38A6,ITPRIP,1,1
SLC38A6,MED4,1,1
SLC38A6,MEF2C,1,1
SLC38A6,MRPL43,1,1
SLC38A6,MRPS31,1,1
SLC38A6,NUMA1,1,1
SLC38A6,PLEKHO1,1,1
SLC38A6,PROSER1,1,1
SLC38A6,RALA,1,1
SLC38A6,RB1,1,1
SLC38A6,RP11-2C24.9,1,1
SLC38A6,RPS17,1,1
SLC38A6,RPS3A,1,1
SLC38A6,SDCCAG8,1,1
SLC38A6,SHOC2,1,1
SLC38A6,SMG7,1,1
SLC38A6,SPRYD4,1,1
SLC38A6,SUMO3,1,1
SLC38A6,SUPT20H,1,1
SLC38A6,TGIF2,1,1
SLC38A6,TNS3,1,1
SLC38A6,TRIM7,1,1
SLC38A6,UBE2Q2,1,1
SLC38A6,USP38,1,1
SLC38A6,YME1L1,1,1
SLC38A6,ZNF266,1,1
SLC38A6,ZNF35,1,1
SLC38A6,ZSCAN9,1,1
GMPR2,ABCB1,1,1
GMPR2,ANKS6,1,1
GMPR2,ANXA2,1,1
GMPR2,BAD,1,1
GMPR2,BHLHB9,1,1
GMPR2,C14ORF119,1,1
GMPR2,C1GALT1C1,1,1
GMPR2,CBX4,1,1
GMPR2,CCNY,1,1
GMPR2,CDR2L,1,1
GMPR2,CDYL2,1,1
GMPR2,CES2,1,1
GMPR2,CHMP7,1,1
GMPR2,CMTM4,1,1
GMPR2,COG8,1,1
GMPR2,DMTN,1,1
GMPR2,DNMBP,1,1
GMPR2,DTNA,1,1
GMPR2,EHD2,1,1
GMPR2,EXOC3,1,1
GMPR2,FBXO46,1,1
GMPR2,FBXW2,1,1
GMPR2,FIBP,1,1
GMPR2,HMGN4,1,1
GMPR2,ITSN1,1,1
GMPR2,LDAH,1,1
GMPR2,LRRC20,1,1
GMPR2,LZTFL1,1,1
GMPR2,MAP4K2,1,1
GMPR2,MED19,1,1
GMPR2,MED20,1,1
GMPR2,MEN1,1,1
GMPR2,MRPL18,1,1
GMPR2,MT1F,1,1
GMPR2,NAALAD2,1,1
GMPR2,NCS1,1,1
GMPR2,NPRL2,1,1
GMPR2,NT5C,1,1
GMPR2,OTUB2,1,1
GMPR2,PARG,1,1
GMPR2,PKN1,1,1
GMPR2,POLR2G,1,1
GMPR2,PPT1,1,1
GMPR2,PSENEN,1,1
GMPR2,RHBDD3,1,1
GMPR2,RNF166,1,1
GMPR2,RNF169,1,1
GMPR2,RPL7A,1,1
GMPR2,RPS27,1,1
GMPR2,RPS3,1,1
GMPR2,RRAGB,1,1
GMPR2,SLC39A9,1,1
GMPR2,SNTB2,1,1
GMPR2,TFE3,1,1
GMPR2,TMEM203,1,1
GMPR2,TMEM60,1,1
GMPR2,TMOD3,1,1
GMPR2,TNFAIP1,1,1
GMPR2,TOR4A,1,1
GMPR2,TPCN1,1,1
GMPR2,TRERF1,1,1
GMPR2,TRIM8,1,1
GMPR2,TRIO,1,1
GMPR2,TSPAN5,1,1
GMPR2,TXNDC11,1,1
GMPR2,UBAC1,1,1
GMPR2,UBXN1,1,1
GMPR2,USF1,1,1
GMPR2,VPS4A,1,1
GMPR2,VPS51,1,1
GMPR2,ZBED6,1,1
GMPR2,ZNF22,1,1
GMPR2,ZNF23,1,1
GMPR2,ZNF48,1,1
GMPR2,ZNF510,1,1
GMPR2,ZNF532,1,1
GMPR2,ZNF623,1,1
PPID,CUL4A,1,1
PPID,HSPH1,1,1
PPID,STAG3L2,1,1
PPID,SUMO3,1,1
PPID,USP38,1,1
DIS3L,ANP32A,1,1
DIS3L,CCNK,1,1
DIS3L,CH507-9B2.9,1,1
DIS3L,PPP4R3A,1,1
DIS3L,PRR16,1,1
DIS3L,RBPJ,1,1
DIS3L,TAF12,1,1
RPS17,ADH5,1,1
RPS17,ARHGEF9,1,1
RPS17,AVEN,1,1
RPS17,CBX6,1,1
RPS17,CCNY,1,1
RPS17,CFL1,1,1
RPS17,COG3,1,1
RPS17,COMMD7,1,1
RPS17,CUTC,1,1
RPS17,DCTD,1,1
RPS17,DDX50,1,1
RPS17,DFNA5,1,1
RPS17,DHDDS,1,1
RPS17,ENDOD1,1,1
RPS17,FAM135A,1,1
RPS17,FBXO46,1,1
RPS17,HOXC11,1,1
RPS17,ITGA1,1,1
RPS17,ITPRIP,1,1
RPS17,MEF2C,1,1
RPS17,MRPS31,1,1
RPS17,MT1F,1,1
RPS17,MX2,1,1
RPS17,NBPF15,1,1
RPS17,NDUFB2,1,1
RPS17,RAB5C,1,1
RPS17,RPL14,1,1
RPS17,RPL15,1,1
RPS17,RPL29,1,1
RPS17,RPL7A,1,1
RPS17,RPS20,1,1
RPS17,RPS3,1,1
RPS17,RPS3A,1,1
RPS17,RPS6KL1,1,1
RPS17,SELK,1,1
RPS17,SH3GLB1,1,1
RPS17,SMG7,1,1
RPS17,TGIF2,1,1
RPS17,TMC6,1,1
RPS17,TNIP1,1,1
RPS17,TNS3,1,1
RPS17,TRERF1,1,1
RPS17,TRIO,1,1
RPS17,TUBGCP2,1,1
RPS17,ZC4H2,1,1
RPS17,ZNF22,1,1
RPS17,ZNF35,1,1
RPS17,ZSCAN9,1,1
CHMP1A,ANKMY2,1,1
CHMP1A,BAMBI,1,1
CHMP1A,C12ORF66,1,1
CHMP1A,CD200,1,1
CHMP1A,DECR2,1,1
CHMP1A,FAM127C,1,1
CHMP1A,HLTF,1,1
CHMP1A,IP6K2,1,1
CHMP1A,LAMTOR1,1,1
CHMP1A,LXN,1,1
CHMP1A,MSRA,1,1
CHMP1A,NELFB,1,1
CHMP1A,NFU1,1,1
CHMP1A,PDIA5,1,1
CHMP1A,RXRG,1,1
CHMP1A,SDC3,1,1
CHMP1A,SND1,1,1
CHMP1A,SRF,1,1
CHMP1A,TANC1,1,1
CHMP1A,TMSB15B,1,1
CHMP1A,VPS37C,1,1
ZSCAN9,ADH5,1,1
ZSCAN9,AIFM1,1,1
ZSCAN9,ANXA2,1,1
ZSCAN9,AP1S2,1,1
ZSCAN9,APOL2,1,1
ZSCAN9,ARHGEF9,1,1
ZSCAN9,AVEN,1,1
ZSCAN9,BHLHB9,1,1
ZSCAN9,CBX4,1,1
ZSCAN9,CCNY,1,1
ZSCAN9,CDYL2,1,1
ZSCAN9,COG3,1,1
ZSCAN9,COMMD7,1,1
ZSCAN9,COQ10A,1,1
ZSCAN9,CSPG4,1,1
ZSCAN9,DCTD,1,1
ZSCAN9,DDX50,1,1
ZSCAN9,DPH3,1,1
ZSCAN9,DPH7,1,1
ZSCAN9,DSE,1,1
ZSCAN9,EHMT2,1,1
ZSCAN9,ENDOD1,1,1
ZSCAN9,FADS3,1,1
ZSCAN9,FAM135A,1,1
ZSCAN9,FAM204A,1,1
ZSCAN9,FAM32A,1,1
ZSCAN9,FBXO46,1,1
ZSCAN9,FBXW2,1,1
ZSCAN9,HNRNPUL2,1,1
ZSCAN9,HOXC11,1,1
ZSCAN9,HPS6,1,1
ZSCAN9,IBTK,1,1
ZSCAN9,ITGA1,1,1
ZSCAN9,ITPRIP,1,1
ZSCAN9,KRIT1,1,1
ZSCAN9,LAMTOR1,1,1
ZSCAN9,LRRC20,1,1
ZSCAN9,LZTFL1,1,1
ZSCAN9,MAD2L1BP,1,1
ZSCAN9,MEN1,1,1
ZSCAN9,MRPL43,1,1
ZSCAN9,MRPS31,1,1
ZSCAN9,MT1F,1,1
ZSCAN9,MX2,1,1
ZSCAN9,NCOA7,1,1
ZSCAN9,NDUFB2,1,1
ZSCAN9,NOMO2,1,1
ZSCAN9,NUMA1,1,1
ZSCAN9,OTUB1,1,1
ZSCAN9,PARG,1,1
ZSCAN9,PCMT1,1,1
ZSCAN9,PRDM11,1,1
ZSCAN9,PRRC2A,1,1
ZSCAN9,PTPMT1,1,1
ZSCAN9,RAB5C,1,1
ZSCAN9,RALA,1,1
ZSCAN9,RFTN1,1,1
ZSCAN9,RNF121,1,1
ZSCAN9,RNF166,1,1
ZSCAN9,RP11-2C24.9,1,1
ZSCAN9,RPL15,1,1
ZSCAN9,RPL29,1,1
ZSCAN9,RPL7A,1,1
ZSCAN9,RPS20,1,1
ZSCAN9,RPS3,1,1
ZSCAN9,RPS3A,1,1
ZSCAN9,RRAGB,1,1
ZSCAN9,SDCCAG8,1,1
ZSCAN9,SEC63,1,1
ZSCAN9,SELK,1,1
ZSCAN9,SMG7,1,1
ZSCAN9,SPRYD4,1,1
ZSCAN9,SUPT20H,1,1
ZSCAN9,TANC1,1,1
ZSCAN9,TERF2,1,1
ZSCAN9,TFE3,1,1
ZSCAN9,TGIF2,1,1
ZSCAN9,TMC6,1,1
ZSCAN9,TMEM258,1,1
ZSCAN9,TOR4A,1,1
ZSCAN9,TPM2,1,1
ZSCAN9,TRAF3IP2,1,1
ZSCAN9,TRERF1,1,1
ZSCAN9,TRIM8,1,1
ZSCAN9,TRIO,1,1
ZSCAN9,TSPAN5,1,1
ZSCAN9,UBAC1,1,1
ZSCAN9,UBXN1,1,1
ZSCAN9,USP38,1,1
ZSCAN9,YME1L1,1,1
ZSCAN9,ZBTB12,1,1
ZSCAN9,ZC4H2,1,1
ZSCAN9,ZFP41,1,1
ZSCAN9,ZNF22,1,1
ZSCAN9,ZNF35,1,1
ZSCAN9,ZNF48,1,1
TRERF1,AGO1,1,1
TRERF1,APOL2,1,1
TRERF1,ARHGEF9,1,1
TRERF1,AVEN,1,1
TRERF1,BHLHB9,1,1
TRERF1,CBX4,1,1
TRERF1,CCNY,1,1
TRERF1,CDYL2,1,1
TRERF1,CFL1,1,1
TRERF1,DCTD,1,1
TRERF1,DHDDS,1,1
TRERF1,DNMBP,1,1
TRERF1,DPH7,1,1
TRERF1,FAM135A,1,1
TRERF1,FBXO46,1,1
TRERF1,FBXW2,1,1
TRERF1,FIBP,1,1
TRERF1,HIST2H2BF,1,1
TRERF1,HMGN4,1,1
TRERF1,HOXC11,1,1
TRERF1,ITPRIP,1,1
TRERF1,KRIT1,1,1
TRERF1,MED20,1,1
TRERF1,MT1F,1,1
TRERF1,MTO1,1,1
TRERF1,MX2,1,1
TRERF1,NCOA7,1,1
TRERF1,NDUFB2,1,1
TRERF1,NT5C,1,1
TRERF1,PCMTD2,1,1
TRERF1,POLR2G,1,1
TRERF1,RAB5C,1,1
TRERF1,RHBDD3,1,1
TRERF1,RPL29,1,1
TRERF1,RPL7A,1,1
TRERF1,RPL9P9,1,1
TRERF1,RPS20,1,1
TRERF1,RPS27,1,1
TRERF1,RPS3,1,1
TRERF1,RRAGB,1,1
TRERF1,SASH1,1,1
TRERF1,SLC39A9,1,1
TRERF1,SVIL,1,1
TRERF1,TMEM170A,1,1
TRERF1,TMEM203,1,1
TRERF1,TOR4A,1,1
TRERF1,TPM2,1,1
TRERF1,TRIO,1,1
TRERF1,TSPAN5,1,1
TRERF1,UBAC1,1,1
TRERF1,ZBED6,1,1
TRERF1,ZNF22,1,1
TRERF1,ZNF23,1,1
TRERF1,ZNHIT1,1,1
YY1,ABCB8,1,1
YY1,ANP32A,1,1
YY1,ANXA2,1,1
YY1,AP1G1,1,1
YY1,AQR,1,1
YY1,ARL4A,1,1
YY1,ARPC1B,1,1
YY1,BHLHB9,1,1
YY1,CHMP7,1,1
YY1,CHST12,1,1
YY1,CPSF7,1,1
YY1,CSTF2T,1,1
YY1,DCP1A,1,1
YY1,DNAJC21,1,1
YY1,DNMBP,1,1
YY1,FAM65A,1,1
YY1,GGA1,1,1
YY1,HDAC7,1,1
YY1,HMGN4,1,1
YY1,INPP5A,1,1
YY1,ITSN1,1,1
YY1,KREMEN1,1,1
YY1,MARK2,1,1
YY1,NAALAD2,1,1
YY1,NCS1,1,1
YY1,NFATC3,1,1
YY1,NOP10,1,1
YY1,PAFAH1B2,1,1
YY1,PAK1,1,1
YY1,PIN1,1,1
YY1,POLR2G,1,1
YY1,PPP2R3A,1,1
YY1,R3HCC1,1,1
YY1,RNF169,1,1
YY1,RPUSD3,1,1
YY1,SIL1,1,1
YY1,SNTB2,1,1
YY1,SUMF2,1,1
YY1,TMEM177,1,1
YY1,TMEM60,1,1
YY1,TMOD3,1,1
YY1,TOMM7,1,1
YY1,TOX4,1,1
YY1,TPCN1,1,1
YY1,VKORC1,1,1
YY1,VPS4A,1,1
YY1,WDR82,1,1
YY1,ZNF532,1,1
YY1,ZNF669,1,1
YY1,ZNF772,1,1
VIM,C9ORF114,1,1
VIM,EBP,1,1
VIM,ZBTB10,1,1
MFSD4B,ADGRG6,1,1
MFSD4B,AKIRIN1,1,1
MFSD4B,ARNT2,1,1
MFSD4B,BMP7,1,1
MFSD4B,CNTNAP3,1,1
MFSD4B,CTHRC1,1,1
MFSD4B,DNAJA3,1,1
MFSD4B,DOPEY2,1,1
MFSD4B,EEPD1,1,1
MFSD4B,FAM127C,1,1
MFSD4B,FZD7,1,1
MFSD4B,GNAZ,1,1
MFSD4B,GRK2,1,1
MFSD4B,NAXD,1,1
MFSD4B,NRCAM,1,1
MFSD4B,PHTF2,1,1
MFSD4B,PLOD1,1,1
MFSD4B,PON2,1,1
MFSD4B,PRR13,1,1
MFSD4B,TNIK,1,1
MFSD4B,TRIM13,1,1
MFSD4B,ZCCHC17,1,1
MFSD4B,ZNF266,1,1
MFSD4B,ZNF788,1,1
SAV1,ACO2,1,1
SAV1,AGO1,1,1
SAV1,ANP32A,1,1
SAV1,AP4S1,1,1
SAV1,AQR,1,1
SAV1,ASAP3,1,1
SAV1,BHLHB9,1,1
SAV1,C3ORF38,1,1
SAV1,CHST12,1,1
SAV1,CPSF7,1,1
SAV1,DNAJC21,1,1
SAV1,GNAS,1,1
SAV1,GTPBP8,1,1
SAV1,HOXA10,1,1
SAV1,KIAA0368,1,1
SAV1,KREMEN1,1,1
SAV1,LAGE3,1,1
SAV1,MTO1,1,1
SAV1,NFATC3,1,1
SAV1,POLR2G,1,1
SAV1,RBPJ,1,1
SAV1,ZNF669,1,1
SAV1,ZNHIT1,1,1
DFNA5,ADH5,1,1
DFNA5,ANKRD13C,1,1
DFNA5,APH1A,1,1
DFNA5,BLOC1S2,1,1
DFNA5,CASP3,1,1
DFNA5,CMTM4,1,1
DFNA5,COG3,1,1
DFNA5,COMMD7,1,1
DFNA5,CSPG4,1,1
DFNA5,CUTC,1,1
DFNA5,DDX50,1,1
DFNA5,DPH3,1,1
DFNA5,FAM204A,1,1
DFNA5,FBXW2,1,1
DFNA5,HMGN4,1,1
DFNA5,HPF1,1,1
DFNA5,HSD3B7,1,1
DFNA5,ITPRIP,1,1
DFNA5,KLHL2,1,1
DFNA5,MEF2C,1,1
DFNA5,MID1,1,1
DFNA5,NBPF15,1,1
DFNA5,NPRL3,1,1
DFNA5,OTUB1,1,1
DFNA5,PLBD2,1,1
DFNA5,RALA,1,1
DFNA5,RB1,1,1
DFNA5,RHBDD3,1,1
DFNA5,RPS3A,1,1
DFNA5,SH3GLB1,1,1
DFNA5,SHOC2,1,1
DFNA5,TERF2,1,1
DFNA5,TGIF2,1,1
DFNA5,TMC6,1,1
DFNA5,TNIP1,1,1
DFNA5,TRIO,1,1
DFNA5,TUBGCP2,1,1
DFNA5,USP38,1,1
DFNA5,YME1L1,1,1
DFNA5,ZBED6,1,1
DFNA5,ZC4H2,1,1
DFNA5,ZNF35,1,1
DFNA5,ZNF623,1,1
TRMT5,ANP32A,1,1
TRMT5,CASP9,1,1
TRMT5,DDX41,1,1
TRMT5,KIAA0368,1,1
TRMT5,MINA,1,1
TRMT5,NAPEPLD,1,1
TRMT5,PEX1,1,1
TRMT5,PNP,1,1
TRMT5,PPP4R3A,1,1
TRMT5,R3HCC1,1,1
TRMT5,RPUSD3,1,1
TRMT5,SLC35B2,1,1
TRMT5,ZNF274,1,1
HIVEP1,ABL1,1,1
HIVEP1,ACER3,1,1
HIVEP1,ACVR2B,1,1
HIVEP1,ALG6,1,1
HIVEP1,BAMBI,1,1
HIVEP1,CCDC169,1,1
HIVEP1,CDC14B,1,1
HIVEP1,CLTB,1,1
HIVEP1,CNTN1,1,1
HIVEP1,COA6,1,1
HIVEP1,DLG5,1,1
HIVEP1,ELF4,1,1
HIVEP1,FAM127C,1,1
HIVEP1,HNRNPUL2,1,1
HIVEP1,IP6K2,1,1
HIVEP1,ITPRIPL1,1,1
HIVEP1,KIAA1143,1,1
HIVEP1,KLF11,1,1
HIVEP1,LASP1,1,1
HIVEP1,LATS2,1,1
HIVEP1,LRP11,1,1
HIVEP1,MSANTD3,1,1
HIVEP1,NOMO2,1,1
HIVEP1,NRIP1,1,1
HIVEP1,NUMA1,1,1
HIVEP1,PCMT1,1,1
HIVEP1,RABIF,1,1
HIVEP1,RP11-2C24.9,1,1
HIVEP1,RUSC1,1,1
HIVEP1,SLMAP,1,1
HIVEP1,SPTBN2,1,1
HIVEP1,SPTLC2,1,1
HIVEP1,SUPT20H,1,1
HIVEP1,TAF11,1,1
HIVEP1,TMEM214,1,1
HIVEP1,TNFSF13B,1,1
HIVEP1,USP25,1,1
HIVEP1,WASF3,1,1
HIVEP1,ZBTB12,1,1
HIVEP1,ZNF48,1,1
ITGA1,DCTD,1,1
ITGA1,ENDOD1,1,1
ITGA1,FAM135A,1,1
ITGA1,HNRNPUL2,1,1
ITGA1,MED4,1,1
ITGA1,MRPS31,1,1
ITGA1,MX2,1,1
ITGA1,NCOA7,1,1
ITGA1,RCE1,1,1
ITGA1,RPS20,1,1
ITGA1,TNS3,1,1
ITGA1,TPM2,1,1
SLMAP,ABL1,1,1
SLMAP,ACER3,1,1
SLMAP,AREL1,1,1
SLMAP,BAMBI,1,1
SLMAP,BHLHB9,1,1
SLMAP,CASP6,1,1
SLMAP,CASP7,1,1
SLMAP,CCDC169,1,1
SLMAP,CCNY,1,1
SLMAP,CDC14B,1,1
SLMAP,CIDEB,1,1
SLMAP,COA6,1,1
SLMAP,COPS4,1,1
SLMAP,CSTF2T,1,1
SLMAP,DCP1A,1,1
SLMAP,DCUN1D2,1,1
SLMAP,DDX50,1,1
SLMAP,DLG5,1,1
SLMAP,DNAJC21,1,1
SLMAP,ELF4,1,1
SLMAP,FAM32A,1,1
SLMAP,GGA1,1,1
SLMAP,HNRNPUL2,1,1
SLMAP,HPS6,1,1
SLMAP,INTS4,1,1
SLMAP,ITPRIPL1,1,1
SLMAP,ITSN1,1,1
SLMAP,KLF12,1,1
SLMAP,LATS2,1,1
SLMAP,LDOC1L,1,1
SLMAP,MAPKAPK3,1,1
SLMAP,MSANTD3,1,1
SLMAP,NAMPTP1,1,1
SLMAP,NCS1,1,1
SLMAP,NELFB,1,1
SLMAP,NOP10,1,1
SLMAP,NOP9,1,1
SLMAP,NRIP1,1,1
SLMAP,NT5C2,1,1
SLMAP,NUMA1,1,1
SLMAP,OTUB1,1,1
SLMAP,PARG,1,1
SLMAP,PLEKHO1,1,1
SLMAP,PPP4R1,1,1
SLMAP,RABIF,1,1
SLMAP,REST,1,1
SLMAP,REV1,1,1
SLMAP,RHBDD3,1,1
SLMAP,RUSC1,1,1
SLMAP,SHOC2,1,1
SLMAP,SIL1,1,1
SLMAP,SPTLC2,1,1
SLMAP,SUMF2,1,1
SLMAP,SUPT20H,1,1
SLMAP,TET2,1,1
SLMAP,TMOD3,1,1
SLMAP,TNFAIP1,1,1
SLMAP,TPCN1,1,1
SLMAP,USP38,1,1
SLMAP,WASF3,1,1
SLMAP,WDR82,1,1
SLMAP,YME1L1,1,1
SLMAP,ZBED3,1,1
SLMAP,ZNF266,1,1
SLMAP,ZNF354C,1,1
SLMAP,ZNF48,1,1
SLMAP,ZNF510,1,1
PEX7,ACVR1C,1,1
PEX7,ALG5,1,1
PEX7,AP4S1,1,1
PEX7,APOL2,1,1
PEX7,ASAP3,1,1
PEX7,CSTF2T,1,1
PEX7,GNAS,1,1
PEX7,H6PD,1,1
PEX7,HIBADH,1,1
PEX7,HSPA2,1,1
PEX7,INPP4A,1,1
PEX7,INTS5,1,1
PEX7,KLHL7,1,1
PEX7,MARK2,1,1
PEX7,MEN1,1,1
PEX7,PPP4R1,1,1
PEX7,RCE1,1,1
PEX7,RHBDD1,1,1
PEX7,SIL1,1,1
PEX7,SLC25A11,1,1
PEX7,TMEM170A,1,1
PEX7,TOMM7,1,1
SIL1,ALG5,1,1
SIL1,ANXA2,1,1
SIL1,AP4S1,1,1
SIL1,APOL2,1,1
SIL1,AQR,1,1
SIL1,ASAP3,1,1
SIL1,BHLHB9,1,1
SIL1,CCNY,1,1
SIL1,CHMP7,1,1
SIL1,CHST3,1,1
SIL1,CSTF2T,1,1
SIL1,DAPK3,1,1
SIL1,DCP1A,1,1
SIL1,DDX50,1,1
SIL1,DLG5,1,1
SIL1,DNAJC21,1,1
SIL1,DNMBP,1,1
SIL1,EHMT2,1,1
SIL1,FAM32A,1,1
SIL1,FAM65A,1,1
SIL1,GGA1,1,1
SIL1,HMGN4,1,1
SIL1,INTS4,1,1
SIL1,INTS5,1,1
SIL1,ITSN1,1,1
SIL1,LDOC1L,1,1
SIL1,MARK2,1,1
SIL1,MED20,1,1
SIL1,MEN1,1,1
SIL1,MSANTD3,1,1
SIL1,NCS1,1,1
SIL1,NFATC3,1,1
SIL1,NOP10,1,1
SIL1,NOP9,1,1
SIL1,NPRL3,1,1
SIL1,OTUB1,1,1
SIL1,PAK1,1,1
SIL1,PARG,1,1
SIL1,POLR2G,1,1
SIL1,PPP4R1,1,1
SIL1,PRDM11,1,1
SIL1,PRRC2A,1,1
SIL1,R3HCC1,1,1
SIL1,REST,1,1
SIL1,REV1,1,1
SIL1,RHBDD1,1,1
SIL1,RNF169,1,1
SIL1,SNTB2,1,1
SIL1,SUMF2,1,1
SIL1,TERF2,1,1
SIL1,TMEM170A,1,1
SIL1,TMEM60,1,1
SIL1,TMOD3,1,1
SIL1,TOMM7,1,1
SIL1,TPCN1,1,1
SIL1,TRIO,1,1
SIL1,WDR82,1,1
SIL1,YME1L1,1,1
SIL1,ZNF48,1,1
SIL1,ZNF510,1,1
ELF4,ACER3,1,1
ELF4,ACVR2B,1,1
ELF4,ALDOA,1,1
ELF4,ALG6,1,1
ELF4,AREL1,1,1
ELF4,ARNT2,1,1
ELF4,ATMIN,1,1
ELF4,BAMBI,1,1
ELF4,C9ORF78,1,1
ELF4,CASP6,1,1
ELF4,CCDC169,1,1
ELF4,CDC14B,1,1
ELF4,CLTB,1,1
ELF4,CNTN1,1,1
ELF4,COA6,1,1
ELF4,COPS4,1,1
ELF4,DCUN1D2,1,1
ELF4,DOPEY2,1,1
ELF4,FAM127C,1,1
ELF4,FAM32A,1,1
ELF4,FOXF2,1,1
ELF4,GNAZ,1,1
ELF4,GRK2,1,1
ELF4,HNRNPUL2,1,1
ELF4,HPS6,1,1
ELF4,HSCB,1,1
ELF4,ITPRIPL1,1,1
ELF4,KIAA1143,1,1
ELF4,KLF12,1,1
ELF4,LASP1,1,1
ELF4,LATS2,1,1
ELF4,LRP11,1,1
ELF4,LXN,1,1
ELF4,MRPL43,1,1
ELF4,MRPS31,1,1
ELF4,MSANTD3,1,1
ELF4,MSRA,1,1
ELF4,NAMPTP1,1,1
ELF4,NELFB,1,1
ELF4,NOMO2,1,1
ELF4,NOP9,1,1
ELF4,NRCAM,1,1
ELF4,NRIP1,1,1
ELF4,NT5C2,1,1
ELF4,NUMA1,1,1
ELF4,PARG,1,1
ELF4,PCMT1,1,1
ELF4,PDCD7,1,1
ELF4,PIGH,1,1
ELF4,PLEKHO1,1,1
ELF4,PLOD1,1,1
ELF4,PPA2,1,1
ELF4,PRR13,1,1
ELF4,RABIF,1,1
ELF4,REST,1,1
ELF4,REV1,1,1
ELF4,RHBDF2,1,1
ELF4,RUSC1,1,1
ELF4,RXRG,1,1
ELF4,SDC3,1,1
ELF4,SDCCAG8,1,1
ELF4,SHOC2,1,1
ELF4,SPTBN2,1,1
ELF4,SPTLC2,1,1
ELF4,SUPT20H,1,1
ELF4,TAF11,1,1
ELF4,TAX1BP1,1,1
ELF4,TERF2IP,1,1
ELF4,TMED4,1,1
ELF4,TNFSF13B,1,1
ELF4,TNIK,1,1
ELF4,UGP2,1,1
ELF4,USP25,1,1
ELF4,USP38,1,1
ELF4,VPS37C,1,1
ELF4,WASF3,1,1
ELF4,YME1L1,1,1
ELF4,ZBED3,1,1
ELF4,ZKSCAN8,1,1
ELF4,ZNF266,1,1
ELF4,ZNF354C,1,1
ELF4,ZNF788,1,1
TAX1BP1,ADGRG6,1,1
TAX1BP1,ALDOA,1,1
TAX1BP1,ARNT2,1,1
TAX1BP1,ATMIN,1,1
TAX1BP1,BAP1,1,1
TAX1BP1,BCAP29,1,1
TAX1BP1,BMP7,1,1
TAX1BP1,BRK1,1,1
TAX1BP1,CD320,1,1
TAX1BP1,CNOT8,1,1
TAX1BP1,CNTN1,1,1
TAX1BP1,CNTNAP3,1,1
TAX1BP1,COBL,1,1
TAX1BP1,CRBN,1,1
TAX1BP1,CTHRC1,1,1
TAX1BP1,DNAJA3,1,1
TAX1BP1,EPS8L2,1,1
TAX1BP1,FAM127C,1,1
TAX1BP1,FAM210A,1,1
TAX1BP1,FZD7,1,1
TAX1BP1,GMPPA,1,1
TAX1BP1,GNAZ,1,1
TAX1BP1,GRK2,1,1
TAX1BP1,H1F0,1,1
TAX1BP1,HSCB,1,1
TAX1BP1,KIAA1143,1,1
TAX1BP1,LXN,1,1
TAX1BP1,MAD2L1BP,1,1
TAX1BP1,MALSU1,1,1
TAX1BP1,MRPL40,1,1
TAX1BP1,MSRA,1,1
TAX1BP1,NAXD,1,1
TAX1BP1,NELFB,1,1
TAX1BP1,NOMO2,1,1
TAX1BP1,NRCAM,1,1
TAX1BP1,PDIA5,1,1
TAX1BP1,PHTF2,1,1
TAX1BP1,PLOD1,1,1
TAX1BP1,PREB,1,1
TAX1BP1,PRR13,1,1
TAX1BP1,RHBDF2,1,1
TAX1BP1,RXRG,1,1
TAX1BP1,SDK1,1,1
TAX1BP1,SLC39A10,1,1
TAX1BP1,SNX10,1,1
TAX1BP1,SUPT20H,1,1
TAX1BP1,TAF11,1,1
TAX1BP1,TANC1,1,1
TAX1BP1,TERF2IP,1,1
TAX1BP1,TMED4,1,1
TAX1BP1,TNFSF13B,1,1
TAX1BP1,TNIK,1,1
TAX1BP1,TRIM13,1,1
TAX1BP1,TSKU,1,1
TAX1BP1,TUBG1,1,1
TAX1BP1,UGP2,1,1
TAX1BP1,USP25,1,1
TAX1BP1,ZKSCAN7,1,1
TAX1BP1,ZKSCAN8,1,1
TAX1BP1,ZNF32,1,1
TAX1BP1,ZNF788,1,1
LASP1,CCDC169,1,1
LASP1,COA6,1,1
LASP1,KMT2D,1,1
LASP1,LATS2,1,1
LASP1,MRPL43,1,1
LASP1,NOMO2,1,1
LASP1,NRIP1,1,1
LASP1,NUMA1,1,1
LASP1,PCMT1,1,1
LASP1,RUSC1,1,1
LASP1,SHOC2,1,1
LASP1,SPRYD4,1,1
LASP1,SPTBN2,1,1
LASP1,SUPT20H,1,1
LASP1,TNFSF13B,1,1
LASP1,TRAF3IP2,1,1
LASP1,UBE2Q2,1,1
LASP1,WASF3,1,1
LASP1,ZBTB12,1,1
LASP1,ZFP41,1,1
NUDT22,ARRDC1,1,1
NUDT22,DENND4B,1,1
NUDT22,DNAJC8,1,1
NUDT22,LPCAT4,1,1
NUDT22,LTBP3,1,1
NUDT22,NPRL2,1,1
NUDT22,PSENEN,1,1
NUDT22,VPS51,1,1
NUDT22,ZNF337,1,1
TPR,ARF3,1,1
TPR,PNKP,1,1
TPR,PRRC2C,1,1
RPS20,APOL2,1,1
RPS20,ARHGEF9,1,1
RPS20,AVEN,1,1
RPS20,BHLHB9,1,1
RPS20,CBX4,1,1
RPS20,CCNY,1,1
RPS20,CDYL2,1,1
RPS20,CFL1,1,1
RPS20,DCTD,1,1
RPS20,ENDOD1,1,1
RPS20,FAM135A,1,1
RPS20,FBXO46,1,1
RPS20,HIST2H2BF,1,1
RPS20,HOXC11,1,1
RPS20,HPS6,1,1
RPS20,INPP4A,1,1
RPS20,ITPRIP,1,1
RPS20,LRRC20,1,1
RPS20,LRRC37A,1,1
RPS20,MT1F,1,1
RPS20,MX2,1,1
RPS20,NCOA7,1,1
RPS20,NT5C,1,1
RPS20,POLR2G,1,1
RPS20,PTPMT1,1,1
RPS20,RAB5C,1,1
RPS20,RALA,1,1
RPS20,RHBDD3,1,1
RPS20,RPL15,1,1
RPS20,RPL29,1,1
RPS20,RPL7A,1,1
RPS20,RPL9P9,1,1
RPS20,RPS3,1,1
RPS20,RRAGB,1,1
RPS20,SASH1,1,1
RPS20,SMG7,1,1
RPS20,SVIL,1,1
RPS20,TMEM203,1,1
RPS20,TNS3,1,1
RPS20,TPM2,1,1
RPS20,TRAF7,1,1
RPS20,TSPAN5,1,1
RPS20,UBAC1,1,1
RPS20,ZNF22,1,1
RPS20,ZNHIT1,1,1
CCNK,ANP32A,1,1
CCNK,GGCX,1,1
CCNK,NSMF,1,1
CCNK,NUDT11,1,1
TTC9C,CHRNB1,1,1
TTC9C,SLC38A9,1,1
LY6E,ABCB8,1,1
LY6E,ARPC1B,1,1
LY6E,BCL9L,1,1
LY6E,CHMP7,1,1
LY6E,FAM65A,1,1
LY6E,HEATR6,1,1
LY6E,ITSN1,1,1
LY6E,MAD1L1,1,1
LY6E,MED19,1,1
LY6E,PAK1,1,1
LY6E,R3HCC1,1,1
LY6E,RPUSD3,1,1
LY6E,SNTB2,1,1
LY6E,TMEM60,1,1
LY6E,TOX4,1,1
LY6E,TRIP4,1,1
LY6E,TUBGCP4,1,1
LY6E,ZNF532,1,1
LY6E,ZNF772,1,1
YME1L1,ADH5,1,1
YME1L1,ALG5,1,1
YME1L1,ANKRD13C,1,1
YME1L1,ANXA2,1,1
YME1L1,AP4S1,1,1
YME1L1,APH1A,1,1
YME1L1,ASXL1,1,1
YME1L1,AVEN,1,1
YME1L1,BHLHB9,1,1
YME1L1,CASP3,1,1
YME1L1,CASP7,1,1
YME1L1,CBX4,1,1
YME1L1,CCDC22,1,1
YME1L1,CCNY,1,1
YME1L1,CDC14B,1,1
YME1L1,CDYL2,1,1
YME1L1,CFL1,1,1
YME1L1,CIDEB,1,1
YME1L1,CMTM4,1,1
YME1L1,COG3,1,1
YME1L1,COMMD7,1,1
YME1L1,COPS4,1,1
YME1L1,CSPG4,1,1
YME1L1,CSTF2T,1,1
YME1L1,CUL2,1,1
YME1L1,CUTC,1,1
YME1L1,DCP1A,1,1
YME1L1,DCTD,1,1
YME1L1,DDX50,1,1
YME1L1,DNAJC21,1,1
YME1L1,DNMBP,1,1
YME1L1,DPH3,1,1
YME1L1,EHMT2,1,1
YME1L1,FAM204A,1,1
YME1L1,FAM32A,1,1
YME1L1,FBXW2,1,1
YME1L1,GGA1,1,1
YME1L1,HMGN4,1,1
YME1L1,HMGN5,1,1
YME1L1,HNRNPUL2,1,1
YME1L1,HPF1,1,1
YME1L1,HPS6,1,1
YME1L1,ITPRIP,1,1
YME1L1,ITPRIPL1,1,1
YME1L1,KLF12,1,1
YME1L1,LDOC1L,1,1
YME1L1,MCM3AP,1,1
YME1L1,MED4,1,1
YME1L1,MRPS31,1,1
YME1L1,MSANTD3,1,1
YME1L1,MT1F,1,1
YME1L1,NCS1,1,1
YME1L1,NDUFB2,1,1
YME1L1,NOP10,1,1
YME1L1,NOP9,1,1
YME1L1,NPRL3,1,1
YME1L1,NRIP1,1,1
YME1L1,NT5C2,1,1
YME1L1,NUMA1,1,1
YME1L1,OTUB1,1,1
YME1L1,PARG,1,1
YME1L1,PLEKHO1,1,1
YME1L1,PPP4R1,1,1
YME1L1,PRDM11,1,1
YME1L1,PROSER1,1,1
YME1L1,PRRC2A,1,1
YME1L1,RABIF,1,1
YME1L1,RALA,1,1
YME1L1,RB1,1,1
YME1L1,REST,1,1
YME1L1,RHBDD1,1,1
YME1L1,RHBDD3,1,1
YME1L1,RNF121,1,1
YME1L1,RP11-2C24.9,1,1
YME1L1,RRAGB,1,1
YME1L1,SDCCAG8,1,1
YME1L1,SHOC2,1,1
YME1L1,SPTLC2,1,1
YME1L1,SUMF2,1,1
YME1L1,SUMO3,1,1
YME1L1,SUPT20H,1,1
YME1L1,TERF2,1,1
YME1L1,TGIF2,1,1
YME1L1,TMC6,1,1
YME1L1,TPCN1,1,1
YME1L1,TRAF3IP2,1,1
YME1L1,TRIO,1,1
YME1L1,UBAC1,1,1
YME1L1,UBE2Q2,1,1
YME1L1,USP38,1,1
YME1L1,WASF3,1,1
YME1L1,WDR82,1,1
YME1L1,ZBED6,1,1
YME1L1,ZC4H2,1,1
YME1L1,ZNF22,1,1
YME1L1,ZNF35,1,1
YME1L1,ZNF48,1,1
YME1L1,ZNF510,1,1
CASP7,ABL1,1,1
CASP7,AREL1,1,1
CASP7,ATPAF1,1,1
CASP7,AVEN,1,1
CASP7,BAD,1,1
CASP7,BAMBI,1,1
CASP7,BHLHB9,1,1
CASP7,CASP6,1,1
CASP7,CCNY,1,1
CASP7,CDC14B,1,1
CASP7,CDK2AP2,1,1
CASP7,CDYL2,1,1
CASP7,CES2,1,1
CASP7,CHST3,1,1
CASP7,CIDEB,1,1
CASP7,CMTM4,1,1
CASP7,COA6,1,1
CASP7,COG3,1,1
CASP7,COG8,1,1
CASP7,CSTF2T,1,1
CASP7,DCP1A,1,1
CASP7,DDX50,1,1
CASP7,DLG5,1,1
CASP7,DPH3,1,1
CASP7,DTNA,1,1
CASP7,FAM32A,1,1
CASP7,FBXL19,1,1
CASP7,FBXW2,1,1
CASP7,HMGN4,1,1
CASP7,HPS6,1,1
CASP7,IP6K2,1,1
CASP7,KLF12,1,1
CASP7,LDOC1L,1,1
CASP7,LRRC20,1,1
CASP7,MAPKAPK3,1,1
CASP7,MED20,1,1
CASP7,MRPL43,1,1
CASP7,NAMPTP1,1,1
CASP7,NCS1,1,1
CASP7,NOP10,1,1
CASP7,NT5C2,1,1
CASP7,NXPE3,1,1
CASP7,OTUB1,1,1
CASP7,PARG,1,1
CASP7,PCMT1,1,1
CASP7,PLEKHO1,1,1
CASP7,REST,1,1
CASP7,REV1,1,1
CASP7,RHBDD1,1,1
CASP7,RHBDD3,1,1
CASP7,RNF121,1,1
CASP7,RRAGB,1,1
CASP7,SHOC2,1,1
CASP7,SPTBN2,1,1
CASP7,SPTLC2,1,1
CASP7,SUPT20H,1,1
CASP7,SYNJ2BP,1,1
CASP7,TMEM214,1,1
CASP7,TMOD3,1,1
CASP7,TNFAIP1,1,1
CASP7,TPCN1,1,1
CASP7,TRIM8,1,1
CASP7,UBXN1,1,1
CASP7,ZBED3,1,1
CASP7,ZBED6,1,1
CASP7,ZFP41,1,1
CASP7,ZNF48,1,1
CASP7,ZNF510,1,1
CASP7,ZNF623,1,1
CASP7,ZNF740,1,1
GRSF1,BFAR,1,1
GRSF1,RNF2,1,1
GRSF1,SEC63,1,1
GRSF1,VPS51,1,1
GRSF1,ZNF542P,1,1
GNAZ,ACER3,1,1
GNAZ,ADGRG6,1,1
GNAZ,ALDOA,1,1
GNAZ,ARAP1,1,1
GNAZ,ARAP3,1,1
GNAZ,ARL 10.00,1,1
GNAZ,ARNT2,1,1
GNAZ,ATMIN,1,1
GNAZ,ATP5G3,1,1
GNAZ,BAMBI,1,1
GNAZ,BAP1,1,1
GNAZ,BCAP29,1,1
GNAZ,BMP7,1,1
GNAZ,BRK1,1,1
GNAZ,C12ORF66,1,1
GNAZ,C9ORF78,1,1
GNAZ,CD320,1,1
GNAZ,CNOT8,1,1
GNAZ,CNTN1,1,1
GNAZ,CNTNAP3,1,1
GNAZ,COBL,1,1
GNAZ,CRBN,1,1
GNAZ,CTHRC1,1,1
GNAZ,DNAJA3,1,1
GNAZ,DOPEY2,1,1
GNAZ,EEPD1,1,1
GNAZ,FAM127C,1,1
GNAZ,FAM210A,1,1
GNAZ,FDX1,1,1
GNAZ,FZD7,1,1
GNAZ,GATA6,1,1
GNAZ,GNPAT,1,1
GNAZ,GRB10,1,1
GNAZ,GRK2,1,1
GNAZ,H1F0,1,1
GNAZ,HSCB,1,1
GNAZ,IQSEC1,1,1
GNAZ,KIAA1143,1,1
GNAZ,LXN,1,1
GNAZ,MALSU1,1,1
GNAZ,MARCH8,1,1
GNAZ,MRPL40,1,1
GNAZ,MRPS15,1,1
GNAZ,MSRA,1,1
GNAZ,NAXD,1,1
GNAZ,NELFB,1,1
GNAZ,NRCAM,1,1
GNAZ,PDIA5,1,1
GNAZ,PHTF2,1,1
GNAZ,PLOD1,1,1
GNAZ,PON2,1,1
GNAZ,PRR13,1,1
GNAZ,RAB1B,1,1
GNAZ,RHBDF2,1,1
GNAZ,RXRG,1,1
GNAZ,SCMH1,1,1
GNAZ,SDC3,1,1
GNAZ,SDK1,1,1
GNAZ,SLC39A10,1,1
GNAZ,SND1,1,1
GNAZ,SNX10,1,1
GNAZ,TAX1BP3,1,1
GNAZ,TERF2IP,1,1
GNAZ,TMED4,1,1
GNAZ,TMSB15B,1,1
GNAZ,TNFSF13B,1,1
GNAZ,TNIK,1,1
GNAZ,TRIM13,1,1
GNAZ,TUBG1,1,1
GNAZ,UGP2,1,1
GNAZ,USP25,1,1
GNAZ,USP45,1,1
GNAZ,VPS37C,1,1
GNAZ,ZBED3,1,1
GNAZ,ZNF32,1,1
GNAZ,ZNF788,1,1
HPS6,ALG5,1,1
HPS6,ANXA2,1,1
HPS6,AP4S1,1,1
HPS6,APOL2,1,1
HPS6,AREL1,1,1
HPS6,AVEN,1,1
HPS6,BHLHB9,1,1
HPS6,CBX4,1,1
HPS6,CCNY,1,1
HPS6,CDYL2,1,1
HPS6,CFL1,1,1
HPS6,CLTB,1,1
HPS6,COPS4,1,1
HPS6,CSTF2T,1,1
HPS6,DCTD,1,1
HPS6,DDX50,1,1
HPS6,DNAJC21,1,1
HPS6,DNMBP,1,1
HPS6,EHMT2,1,1
HPS6,EXOG,1,1
HPS6,FAM204A,1,1
HPS6,FAM32A,1,1
HPS6,FBXO46,1,1
HPS6,FOXF2,1,1
HPS6,GGA1,1,1
HPS6,HMGN5,1,1
HPS6,HNRNPUL2,1,1
HPS6,IBTK,1,1
HPS6,INPP4A,1,1
HPS6,INTS5,1,1
HPS6,IP6K2,1,1
HPS6,ITPRIP,1,1
HPS6,ITPRIPL1,1,1
HPS6,ITSN1,1,1
HPS6,LAMTOR1,1,1
HPS6,LDOC1L,1,1
HPS6,LRRC20,1,1
HPS6,MED4,1,1
HPS6,MT1F,1,1
HPS6,NELFB,1,1
HPS6,NOP10,1,1
HPS6,NOP9,1,1
HPS6,NT5C2,1,1
HPS6,NUDT11,1,1
HPS6,NUMA1,1,1
HPS6,OTUB1,1,1
HPS6,PARG,1,1
HPS6,PCMT1,1,1
HPS6,PLEKHO1,1,1
HPS6,POLR2G,1,1
HPS6,PPP4R1,1,1
HPS6,PRDM11,1,1
HPS6,PROSER1,1,1
HPS6,PTPMT1,1,1
HPS6,RALA,1,1
HPS6,REST,1,1
HPS6,REV1,1,1
HPS6,RHBDD1,1,1
HPS6,RHBDD3,1,1
HPS6,RP11-2C24.9,1,1
HPS6,SDCCAG8,1,1
HPS6,SPTLC2,1,1
HPS6,SRF,1,1
HPS6,SUPT20H,1,1
HPS6,TAF11,1,1
HPS6,TERF2,1,1
HPS6,TGIF2,1,1
HPS6,TMEM170A,1,1
HPS6,TOR4A,1,1
HPS6,TPCN1,1,1
HPS6,TPM2,1,1
HPS6,TRAF3IP2,1,1
HPS6,TRIO,1,1
HPS6,UBAC1,1,1
HPS6,USP38,1,1
HPS6,VPS4A,1,1
HPS6,WDR82,1,1
HPS6,ZNF266,1,1
HPS6,ZNF354C,1,1
HPS6,ZNF48,1,1
HPS6,ZNF510,1,1
HPS6,ZNHIT1,1,1
ZNF714,GAS2L3,1,1
ABCB8,ABL1,1,1
ABCB8,ACO2,1,1
ABCB8,ACVR2A,1,1
ABCB8,AHCYL1,1,1
ABCB8,AMFR,1,1
ABCB8,ANKS6,1,1
ABCB8,ANP32A,1,1
ABCB8,APOL2,1,1
ABCB8,AQR,1,1
ABCB8,AREL1,1,1
ABCB8,ARPC1B,1,1
ABCB8,BHLHB9,1,1
ABCB8,C14ORF119,1,1
ABCB8,C1GALT1C1,1,1
ABCB8,CDC42SE1,1,1
ABCB8,CDR2L,1,1
ABCB8,CHMP7,1,1
ABCB8,CHST12,1,1
ABCB8,COG8,1,1
ABCB8,CYLD,1,1
ABCB8,DAAM2,1,1
ABCB8,DDX41,1,1
ABCB8,DLG5,1,1
ABCB8,DTNA,1,1
ABCB8,EXOC3,1,1
ABCB8,FBXO11,1,1
ABCB8,GGCX,1,1
ABCB8,GNAS,1,1
ABCB8,HDAC7,1,1
ABCB8,HEATR6,1,1
ABCB8,INPP5A,1,1
ABCB8,IP6K2,1,1
ABCB8,ITSN1,1,1
ABCB8,KANK1,1,1
ABCB8,KLHL7,1,1
ABCB8,KREMEN1,1,1
ABCB8,KRIT1,1,1
ABCB8,LAMTOR1,1,1
ABCB8,LRRC20,1,1
ABCB8,MAD1L1,1,1
ABCB8,MAPKAPK3,1,1
ABCB8,MBNL3,1,1
ABCB8,MED19,1,1
ABCB8,MTO1,1,1
ABCB8,NAGPA,1,1
ABCB8,NCS1,1,1
ABCB8,NFATC3,1,1
ABCB8,NFU1,1,1
ABCB8,NOP10,1,1
ABCB8,NPHP4,1,1
ABCB8,NSMF,1,1
ABCB8,NT5C,1,1
ABCB8,NUDT11,1,1
ABCB8,NXPE3,1,1
ABCB8,PAK1,1,1
ABCB8,PIN1,1,1
ABCB8,PKN1,1,1
ABCB8,POLR2G,1,1
ABCB8,PPP2R3A,1,1
ABCB8,PPT1,1,1
ABCB8,PRKAB2,1,1
ABCB8,R3HCC1,1,1
ABCB8,RAI1,1,1
ABCB8,RNF169,1,1
ABCB8,RPL36AL,1,1
ABCB8,RPUSD3,1,1
ABCB8,RRAGB,1,1
ABCB8,SLC25A11,1,1
ABCB8,SLC35B2,1,1
ABCB8,SLC39A9,1,1
ABCB8,SMPDL3A,1,1
ABCB8,SND1,1,1
ABCB8,SNTB2,1,1
ABCB8,SOX6,1,1
ABCB8,TFE3,1,1
ABCB8,THEM4,1,1
ABCB8,TMEM203,1,1
ABCB8,TMEM60,1,1
ABCB8,TMOD3,1,1
ABCB8,TOMM7,1,1
ABCB8,TOX4,1,1
ABCB8,TPCN1,1,1
ABCB8,TRIP4,1,1
ABCB8,TRNAU1AP,1,1
ABCB8,TUBGCP4,1,1
ABCB8,VPS4A,1,1
ABCB8,WASF1,1,1
ABCB8,ZNF23,1,1
ABCB8,ZNF510,1,1
ABCB8,ZNF532,1,1
ABCB8,ZNF669,1,1
ABCB8,ZNF772,1,1
MFSD11,SEC63,1,1
MFSD11,STARD3NL,1,1
LCMT2,ADH5,1,1
LCMT2,ALG5,1,1
LCMT2,ANKRD13C,1,1
LCMT2,APH1A,1,1
LCMT2,ASXL1,1,1
LCMT2,BLOC1S2,1,1
LCMT2,CACUL1,1,1
LCMT2,CFL1,1,1
LCMT2,COMMD7,1,1
LCMT2,CUL2,1,1
LCMT2,CUL4A,1,1
LCMT2,CUTC,1,1
LCMT2,DDX50,1,1
LCMT2,ERBIN,1,1
LCMT2,FAM204A,1,1
LCMT2,HNRNPF,1,1
LCMT2,HOXC5,1,1
LCMT2,KLHL2,1,1
LCMT2,MCM3AP,1,1
LCMT2,MED4,1,1
LCMT2,MID1,1,1
LCMT2,MT1F,1,1
LCMT2,NKIRAS1,1,1
LCMT2,NPRL3,1,1
LCMT2,PLBD2,1,1
LCMT2,PROSER1,1,1
LCMT2,PRRC2A,1,1
LCMT2,PTBP2,1,1
LCMT2,RALA,1,1
LCMT2,RBM17,1,1
LCMT2,RCE1,1,1
LCMT2,SIRT1,1,1
LCMT2,SLC16A7,1,1
LCMT2,TERF2,1,1
LCMT2,TGIF2,1,1
LCMT2,TMC6,1,1
LCMT2,TMEM170A,1,1
LCMT2,TRIM7,1,1
LCMT2,TRIO,1,1
LCMT2,UBP1,1,1
LCMT2,ZC4H2,1,1
LCMT2,ZNF35,1,1
LCMT2,ZNF37A,1,1
NFKB1,ATMIN,1,1
NFKB1,CHMP3,1,1
NFKB1,CNOT8,1,1
NFKB1,COBL,1,1
NFKB1,DECR2,1,1
NFKB1,FNTA,1,1
NFKB1,GMPPA,1,1
NFKB1,GRK2,1,1
NFKB1,HSCB,1,1
NFKB1,NAMPTP1,1,1
NFKB1,NT5C2,1,1
NFKB1,PDCD7,1,1
NFKB1,PREB,1,1
NFKB1,RAB1B,1,1
NFKB1,SNX10,1,1
PON2,ABL1,1,1
PON2,ACVR2B,1,1
PON2,ADGRG6,1,1
PON2,AIP,1,1
PON2,AKIRIN1,1,1
PON2,ALDOA,1,1
PON2,ARAP1,1,1
PON2,AREL1,1,1
PON2,ARNT2,1,1
PON2,ATMIN,1,1
PON2,BAD,1,1
PON2,BAMBI,1,1
PON2,BCAP29,1,1
PON2,BFAR,1,1
PON2,BMP7,1,1
PON2,BRK1,1,1
PON2,CNTN1,1,1
PON2,CNTNAP3,1,1
PON2,COA6,1,1
PON2,CRBN,1,1
PON2,DNAJA3,1,1
PON2,DNPEP,1,1
PON2,DOPEY2,1,1
PON2,DTNA,1,1
PON2,EEPD1,1,1
PON2,EPS8L2,1,1
PON2,FAM127C,1,1
PON2,FZD7,1,1
PON2,GRK2,1,1
PON2,HOXC6,1,1
PON2,IP6K2,1,1
PON2,KCNQ5,1,1
PON2,KIAA1143,1,1
PON2,LAMTOR1,1,1
PON2,LXN,1,1
PON2,MALSU1,1,1
PON2,MARCH8,1,1
PON2,MBNL3,1,1
PON2,MRPL40,1,1
PON2,MRPL45,1,1
PON2,MRPS15,1,1
PON2,MSRA,1,1
PON2,NAXD,1,1
PON2,NELFB,1,1
PON2,NPHP4,1,1
PON2,NRCAM,1,1
PON2,NUDT11,1,1
PON2,PCMT1,1,1
PON2,PDIA5,1,1
PON2,PEX3,1,1
PON2,PHTF2,1,1
PON2,PLOD1,1,1
PON2,PRR13,1,1
PON2,RHBDF2,1,1
PON2,RUSC1,1,1
PON2,RXRG,1,1
PON2,SCMH1,1,1
PON2,SDC3,1,1
PON2,SDK1,1,1
PON2,SND1,1,1
PON2,SPTBN2,1,1
PON2,SUPT20H,1,1
PON2,TAX1BP3,1,1
PON2,TERF2IP,1,1
PON2,TET2,1,1
PON2,THEM4,1,1
PON2,TMED4,1,1
PON2,TMEM136,1,1
PON2,TMSB15B,1,1
PON2,TNFSF13B,1,1
PON2,TNIK,1,1
PON2,TRIM13,1,1
PON2,TTLL5,1,1
PON2,USP25,1,1
PON2,VPS37C,1,1
PON2,ZCCHC17,1,1
PON2,ZNF266,1,1
PON2,ZNF32,1,1
PON2,ZNF354C,1,1
PON2,ZNF788,1,1
XPO7,ATXN1L,1,1
NFU1,ABL1,1,1
NFU1,AHCYL1,1,1
NFU1,APOL2,1,1
NFU1,ARFGAP2,1,1
NFU1,BAMBI,1,1
NFU1,BHLHB9,1,1
NFU1,CHMP7,1,1
NFU1,CHST3,1,1
NFU1,DLG5,1,1
NFU1,HIBADH,1,1
NFU1,INPP5A,1,1
NFU1,IP6K2,1,1
NFU1,ITPRIPL1,1,1
NFU1,ITSN1,1,1
NFU1,KLHL7,1,1
NFU1,KRIT1,1,1
NFU1,LAMTOR1,1,1
NFU1,LXN,1,1
NFU1,MARK2,1,1
NFU1,MED19,1,1
NFU1,NOP10,1,1
NFU1,NPHP4,1,1
NFU1,NUDT11,1,1
NFU1,NUMA1,1,1
NFU1,PAK1,1,1
NFU1,POLR2G,1,1
NFU1,PPP4R1,1,1
NFU1,RFTN1,1,1
NFU1,RUSC1,1,1
NFU1,SCMH1,1,1
NFU1,SDC3,1,1
NFU1,SELO,1,1
NFU1,SLC25A11,1,1
NFU1,SND1,1,1
NFU1,TOMM7,1,1
NFU1,TRIM35,1,1
NFU1,TRNAU1AP,1,1
NFU1,VPS4A,1,1
NFU1,ZNF48,1,1
IMP3,H6PD,1,1
IMP3,SLC7A6,1,1
C1GALT1C1,ABL1,1,1
C1GALT1C1,ACVR2A,1,1
C1GALT1C1,AGO1,1,1
C1GALT1C1,ANKS6,1,1
C1GALT1C1,ANXA2,1,1
C1GALT1C1,AQR,1,1
C1GALT1C1,ARPC1B,1,1
C1GALT1C1,BAD,1,1
C1GALT1C1,BHLHB9,1,1
C1GALT1C1,C14ORF119,1,1
C1GALT1C1,CCPG1,1,1
C1GALT1C1,CDR2L,1,1
C1GALT1C1,CDYL2,1,1
C1GALT1C1,CHMP7,1,1
C1GALT1C1,CHST12,1,1
C1GALT1C1,COG8,1,1
C1GALT1C1,DAAM2,1,1
C1GALT1C1,DDX41,1,1
C1GALT1C1,DNMBP,1,1
C1GALT1C1,DPH7,1,1
C1GALT1C1,DTNA,1,1
C1GALT1C1,EXOC3,1,1
C1GALT1C1,FBXW2,1,1
C1GALT1C1,FIBP,1,1
C1GALT1C1,GGCX,1,1
C1GALT1C1,HDAC7,1,1
C1GALT1C1,HEATR6,1,1
C1GALT1C1,HUS1,1,1
C1GALT1C1,IBTK,1,1
C1GALT1C1,IFNGR2,1,1
C1GALT1C1,INPP5A,1,1
C1GALT1C1,IP6K2,1,1
C1GALT1C1,ITSN1,1,1
C1GALT1C1,KANK1,1,1
C1GALT1C1,KLHL7,1,1
C1GALT1C1,KRIT1,1,1
C1GALT1C1,LINC00998,1,1
C1GALT1C1,LRRC20,1,1
C1GALT1C1,MAD1L1,1,1
C1GALT1C1,MBNL3,1,1
C1GALT1C1,MED19,1,1
C1GALT1C1,MED20,1,1
C1GALT1C1,MT1F,1,1
C1GALT1C1,MTO1,1,1
C1GALT1C1,NAALAD2,1,1
C1GALT1C1,NAGPA,1,1
C1GALT1C1,NCS1,1,1
C1GALT1C1,NOP10,1,1
C1GALT1C1,NT5C,1,1
C1GALT1C1,PAK1,1,1
C1GALT1C1,PKN1,1,1
C1GALT1C1,POLR2G,1,1
C1GALT1C1,PPP2R3A,1,1
C1GALT1C1,PPT1,1,1
C1GALT1C1,PRKAR1A,1,1
C1GALT1C1,PSENEN,1,1
C1GALT1C1,RAB2A,1,1
C1GALT1C1,RAI1,1,1
C1GALT1C1,RGS14,1,1
C1GALT1C1,RNF166,1,1
C1GALT1C1,RNF169,1,1
C1GALT1C1,RPL36AL,1,1
C1GALT1C1,RRAGB,1,1
C1GALT1C1,SLC35B2,1,1
C1GALT1C1,SLC39A9,1,1
C1GALT1C1,SMPDL3A,1,1
C1GALT1C1,SNTB2,1,1
C1GALT1C1,SOX6,1,1
C1GALT1C1,STARD3NL,1,1
C1GALT1C1,TFE3,1,1
C1GALT1C1,THEM4,1,1
C1GALT1C1,TMEM203,1,1
C1GALT1C1,TMEM60,1,1
C1GALT1C1,TMOD3,1,1
C1GALT1C1,TNFAIP1,1,1
C1GALT1C1,TOR4A,1,1
C1GALT1C1,TPCN1,1,1
C1GALT1C1,TRNAU1AP,1,1
C1GALT1C1,TSPAN5,1,1
C1GALT1C1,TUBGCP4,1,1
C1GALT1C1,TXNDC11,1,1
C1GALT1C1,UBAC1,1,1
C1GALT1C1,UBXN1,1,1
C1GALT1C1,USF1,1,1
C1GALT1C1,VPS4A,1,1
C1GALT1C1,VPS51,1,1
C1GALT1C1,ZNF22,1,1
C1GALT1C1,ZNF23,1,1
C1GALT1C1,ZNF48,1,1
C1GALT1C1,ZNF510,1,1
C1GALT1C1,ZNF532,1,1
C1GALT1C1,ZNF542P,1,1
C1GALT1C1,ZNF669,1,1
C1GALT1C1,ZNF772,1,1
WASF1,ACO2,1,1
WASF1,ANP32A,1,1
WASF1,C14ORF119,1,1
WASF1,CDC42SE1,1,1
WASF1,DDX41,1,1
WASF1,GNAS,1,1
WASF1,KIAA0368,1,1
WASF1,KLHL7,1,1
WASF1,KREMEN1,1,1
WASF1,MTMR9,1,1
WASF1,NAGPA,1,1
WASF1,NBL1,1,1
WASF1,NSMF,1,1
WASF1,PAFAH1B2,1,1
WASF1,PEX1,1,1
WASF1,PIN1,1,1
WASF1,R3HCC1,1,1
WASF1,RPUSD3,1,1
WASF1,SLC25A11,1,1
WASF1,SLC35B2,1,1
WASF1,ZNF669,1,1
WASF1,ZNF772,1,1
TFE3,ABL1,1,1
TFE3,ANKS6,1,1
TFE3,ANXA2,1,1
TFE3,AP1S2,1,1
TFE3,APOL2,1,1
TFE3,ARPC1B,1,1
TFE3,BAD,1,1
TFE3,BHLHB9,1,1
TFE3,CCDC169,1,1
TFE3,CCNY,1,1
TFE3,CDR2L,1,1
TFE3,CDYL2,1,1
TFE3,CHMP7,1,1
TFE3,CHST12,1,1
TFE3,CHST3,1,1
TFE3,COG8,1,1
TFE3,DAPK3,1,1
TFE3,DLG5,1,1
TFE3,DMTN,1,1
TFE3,DNMBP,1,1
TFE3,DPH7,1,1
TFE3,DTNA,1,1
TFE3,EHMT2,1,1
TFE3,EXOC3,1,1
TFE3,FAM204A,1,1
TFE3,FAM65A,1,1
TFE3,FBXO46,1,1
TFE3,FBXW2,1,1
TFE3,FIBP,1,1
TFE3,HEATR6,1,1
TFE3,HMGN4,1,1
TFE3,HOXC11,1,1
TFE3,HUS1,1,1
TFE3,IBTK,1,1
TFE3,INPP5A,1,1
TFE3,IP6K2,1,1
TFE3,ITSN1,1,1
TFE3,KLHL7,1,1
TFE3,KRIT1,1,1
TFE3,LAMTOR1,1,1
TFE3,LINC00998,1,1
TFE3,LRRC20,1,1
TFE3,LZTFL1,1,1
TFE3,MBNL3,1,1
TFE3,MED19,1,1
TFE3,MED20,1,1
TFE3,MEN1,1,1
TFE3,MRPL18,1,1
TFE3,MT1F,1,1
TFE3,MTO1,1,1
TFE3,NAALAD2,1,1
TFE3,NCS1,1,1
TFE3,NDUFB2,1,1
TFE3,NOP10,1,1
TFE3,NT5C,1,1
TFE3,NUMA1,1,1
TFE3,OTUB1,1,1
TFE3,PAK1,1,1
TFE3,PARG,1,1
TFE3,PCMT1,1,1
TFE3,PKN1,1,1
TFE3,POLR2G,1,1
TFE3,PPT1,1,1
TFE3,PRDM11,1,1
TFE3,PRKAR1A,1,1
TFE3,PRRC2A,1,1
TFE3,RAB2A,1,1
TFE3,RGS14,1,1
TFE3,RHBDD1,1,1
TFE3,RNF166,1,1
TFE3,RNF169,1,1
TFE3,RPS3,1,1
TFE3,RRAGB,1,1
TFE3,SELK,1,1
TFE3,SLC39A9,1,1
TFE3,SNTB2,1,1
TFE3,TMC6,1,1
TFE3,TMEM203,1,1
TFE3,TMEM60,1,1
TFE3,TMOD3,1,1
TFE3,TNFAIP1,1,1
TFE3,TNIP1,1,1
TFE3,TOMM7,1,1
TFE3,TOR4A,1,1
TFE3,TPCN1,1,1
TFE3,TRIM22,1,1
TFE3,TRIM8,1,1
TFE3,TRIO,1,1
TFE3,TRNAU1AP,1,1
TFE3,TSPAN5,1,1
TFE3,UBAC1,1,1
TFE3,UBXN1,1,1
TFE3,USF1,1,1
TFE3,VPS4A,1,1
TFE3,VPS51,1,1
TFE3,ZBED6,1,1
TFE3,ZFP41,1,1
TFE3,ZMYM6,1,1
TFE3,ZNF22,1,1
TFE3,ZNF23,1,1
TFE3,ZNF48,1,1
TFE3,ZNF510,1,1
TFE3,ZNF532,1,1
TFE3,ZNF669,1,1
TFE3,ZNF772,1,1
SYNJ2BP,CASP6,1,1
SYNJ2BP,CES2,1,1
SYNJ2BP,DLG1,1,1
SYNJ2BP,KLF12,1,1
SYNJ2BP,RSF1,1,1
SYNJ2BP,VWA8,1,1
SYNJ2BP,ZNF41,1,1
BAD,ABL1,1,1
BAD,ACVR2B,1,1
BAD,AIP,1,1
BAD,AKIRIN1,1,1
BAD,ANKS6,1,1
BAD,APBB2,1,1
BAD,APOL2,1,1
BAD,AREL1,1,1
BAD,ARNT2,1,1
BAD,BAMBI,1,1
BAD,BFAR,1,1
BAD,BHLHB9,1,1
BAD,CBX4,1,1
BAD,CCDC169,1,1
BAD,CDK2AP2,1,1
BAD,CDR2L,1,1
BAD,CDYL2,1,1
BAD,CES2,1,1
BAD,CH17-258A22.4,1,1
BAD,CHMP7,1,1
BAD,CHST3,1,1
BAD,COG8,1,1
BAD,CYLD,1,1
BAD,DAAM2,1,1
BAD,DENND2A,1,1
BAD,DKK 3.00,1,1
BAD,DLG5,1,1
BAD,DMTN,1,1
BAD,DNPEP,1,1
BAD,DSE,1,1
BAD,DTNA,1,1
BAD,EHD2,1,1
BAD,EPS8L2,1,1
BAD,FAM89B,1,1
BAD,FBXL15,1,1
BAD,FBXL19,1,1
BAD,FIBP,1,1
BAD,GGACT,1,1
BAD,GGCX,1,1
BAD,HOXC11,1,1
BAD,HOXC6,1,1
BAD,IP6K2,1,1
BAD,KCNQ5,1,1
BAD,KLF12,1,1
BAD,KRIT1,1,1
BAD,LAMTOR1,1,1
BAD,LINC00094,1,1
BAD,LRRC20,1,1
BAD,LZTFL1,1,1
BAD,MAD2L1BP,1,1
BAD,MAF 1.00,1,1
BAD,MAP4K2,1,1
BAD,MAPKAPK3,1,1
BAD,MBNL3,1,1
BAD,MED19,1,1
BAD,MED20,1,1
BAD,MEN1,1,1
BAD,NPHP4,1,1
BAD,NT5C,1,1
BAD,NUMA1,1,1
BAD,NXPE3,1,1
BAD,PARG,1,1
BAD,PCMT1,1,1
BAD,PEX3,1,1
BAD,PKN1,1,1
BAD,PPT1,1,1
BAD,PSENEN,1,1
BAD,QRSL1,1,1
BAD,RAB2A,1,1
BAD,RFTN1,1,1
BAD,RPAIN,1,1
BAD,RPS27,1,1
BAD,RRAGB,1,1
BAD,RUSC1,1,1
BAD,RXRG,1,1
BAD,SCMH1,1,1
BAD,SDC3,1,1
BAD,SLC39A9,1,1
BAD,SND1,1,1
BAD,SPTBN2,1,1
BAD,SUPT20H,1,1
BAD,THEM4,1,1
BAD,TMEM258,1,1
BAD,TMOD3,1,1
BAD,TNFAIP1,1,1
BAD,TPCN1,1,1
BAD,TRAF7,1,1
BAD,TRIM8,1,1
BAD,TRNAU1AP,1,1
BAD,TSPAN5,1,1
BAD,UBXN1,1,1
BAD,VPS4A,1,1
BAD,VPS51,1,1
BAD,ZBTB12,1,1
BAD,ZCCHC17,1,1
BAD,ZFP41,1,1
BAD,ZNF22,1,1
BAD,ZNF23,1,1
BAD,ZNF48,1,1
BAD,ZNF510,1,1
BAD,ZNF532,1,1
BAD,ZNF740,1,1
BAD,ZNF772,1,1
SSR4,ALG12,1,1
SSR4,HECTD1,1,1
SSR4,VARS2,1,1
SSR4,VKORC1,1,1
PTPMT1,AP1S2,1,1
PTPMT1,ARFGAP2,1,1
PTPMT1,ASXL1,1,1
PTPMT1,AVEN,1,1
PTPMT1,BHLHB9,1,1
PTPMT1,CBX4,1,1
PTPMT1,CCNY,1,1
PTPMT1,CDYL2,1,1
PTPMT1,CFL1,1,1
PTPMT1,CHST12,1,1
PTPMT1,CLTB,1,1
PTPMT1,COPS4,1,1
PTPMT1,CPSF7,1,1
PTPMT1,DCTD,1,1
PTPMT1,DNMBP,1,1
PTPMT1,DPH7,1,1
PTPMT1,FAM135A,1,1
PTPMT1,FAM204A,1,1
PTPMT1,FOXF2,1,1
PTPMT1,HNRNPUL2,1,1
PTPMT1,HOXC11,1,1
PTPMT1,IBTK,1,1
PTPMT1,ITPRIPL1,1,1
PTPMT1,KRIT1,1,1
PTPMT1,LAMTOR1,1,1
PTPMT1,MED4,1,1
PTPMT1,MT1F,1,1
PTPMT1,MX2,1,1
PTPMT1,NCOA7,1,1
PTPMT1,NUDT11,1,1
PTPMT1,NUMA1,1,1
PTPMT1,POLR2G,1,1
PTPMT1,PRDM11,1,1
PTPMT1,PROSER1,1,1
PTPMT1,RALA,1,1
PTPMT1,RBM17,1,1
PTPMT1,RFTN1,1,1
PTPMT1,RNF166,1,1
PTPMT1,RP11-2C24.9,1,1
PTPMT1,SDCCAG8,1,1
PTPMT1,SEC63,1,1
PTPMT1,TPCN1,1,1
PTPMT1,TPM2,1,1
PTPMT1,UBAC1,1,1
PTPMT1,ZNF48,1,1
PTPMT1,ZNHIT1,1,1
TTLL7,CMTM4,1,1
TTLL7,COG3,1,1
TTLL7,DENND2A,1,1
TTLL7,DLG1,1,1
TTLL7,DMTN,1,1
TTLL7,HSD3B7,1,1
TTLL7,NBPF15,1,1
TTLL7,SEPT5,1,1
TTLL7,TNIP1,1,1
TTLL7,TRIM8,1,1
TTLL7,TSHZ3,1,1
TTLL7,TUBGCP2,1,1
TTLL7,ZNF623,1,1
ERF,CHST3,1,1
ERF,MARK2,1,1
CASP3,ADH5,1,1
CASP3,APH1A,1,1
CASP3,C2ORF49,1,1
CASP3,CMTM4,1,1
CASP3,COG3,1,1
CASP3,COMMD7,1,1
CASP3,CYTH2,1,1
CASP3,DDX50,1,1
CASP3,FAM204A,1,1
CASP3,FBXO46,1,1
CASP3,FBXW2,1,1
CASP3,HSD3B7,1,1
CASP3,ITPRIP,1,1
CASP3,KLHL2,1,1
CASP3,MID1,1,1
CASP3,NDUFB2,1,1
CASP3,NPRL3,1,1
CASP3,OTUB1,1,1
CASP3,PLBD2,1,1
CASP3,RB1,1,1
CASP3,SH3GLB1,1,1
CASP3,TERF2,1,1
CASP3,TGIF2,1,1
CASP3,TMC6,1,1
CASP3,TNIP1,1,1
CASP3,TOR4A,1,1
CASP3,TRIO,1,1
CASP3,TUBGCP2,1,1
CASP3,ZBED6,1,1
CASP3,ZC4H2,1,1
CASP3,ZNF35,1,1
CASP3,ZNF623,1,1
CHMP3,ATMIN,1,1
CHMP3,CNOT8,1,1
CHMP3,GMPPA,1,1
CHMP3,GNPAT,1,1
CHMP3,GRK2,1,1
CHMP3,H1F0,1,1
CHMP3,HSCB,1,1
CHMP3,MALSU1,1,1
CHMP3,NAMPTP1,1,1
CHMP3,PCGF1,1,1
CHMP3,PPA2,1,1
CHMP3,RAB1B,1,1
CHMP3,TSKU,1,1
TRIP4,CH17-258A22.4,1,1
TRIP4,CYLD,1,1
TRIP4,DTNA,1,1
TRIP4,FBXL19,1,1
TRIP4,GGCX,1,1
TRIP4,LINC00094,1,1
TRIP4,MAPKAPK3,1,1
TRIP4,MED19,1,1
TRIP4,PAK1,1,1
TRIP4,PPT1,1,1
TRIP4,RAI1,1,1
TRIP4,SCMH1,1,1
TRIP4,SDC3,1,1
TRIP4,SND1,1,1
TRIP4,TMOD3,1,1
TRIP4,TOX4,1,1
TRIP4,TUBGCP4,1,1
TRIP4,VWA8,1,1
TRIP4,ZNF772,1,1
DNAJA1,TOR1AIP1,1,1
IFT52,AIP,1,1
IFT52,CA5BP1,1,1
IFT52,CDK2AP2,1,1
IFT52,COG3,1,1
IFT52,COQ10A,1,1
IFT52,CSPG4,1,1
IFT52,CX3CL1,1,1
IFT52,DEGS1,1,1
IFT52,DPH3,1,1
IFT52,HSD3B7,1,1
IFT52,MMGT1,1,1
IFT52,MRPL43,1,1
IFT52,MRPS31,1,1
IFT52,PCMT1,1,1
IFT52,QRSL1,1,1
IFT52,RNF121,1,1
IFT52,SDCCAG8,1,1
IFT52,SEPT5,1,1
IFT52,SPRYD4,1,1
IFT52,SPTBN2,1,1
IFT52,STAP2,1,1
IFT52,SUPT20H,1,1
IFT52,TGIF2,1,1
IFT52,ZBTB12,1,1
IFT52,ZNF133,1,1
IFT52,ZNF623,1,1
IFT52,ZNF740,1,1
DEGS1,AIP,1,1
DEGS1,CX3CL1,1,1
DEGS1,HOXC6,1,1
DEGS1,LRP11,1,1
DEGS1,MAP4K2,1,1
DEGS1,MMGT1,1,1
DEGS1,TEX15,1,1
DEGS1,ZCCHC17,1,1
DEGS1,ZNF280D,1,1
DEGS1,ZNF542P,1,1
MMGT1,ABL1,1,1
MMGT1,AIP,1,1
MMGT1,AP1S2,1,1
MMGT1,CCDC169,1,1
MMGT1,CSPG4,1,1
MMGT1,CX3CL1,1,1
MMGT1,HOXC6,1,1
MMGT1,HSD3B7,1,1
MMGT1,KCNQ5,1,1
MMGT1,LRP11,1,1
MMGT1,LRRC20,1,1
MMGT1,PCMT1,1,1
MMGT1,PIGH,1,1
MMGT1,RFTN1,1,1
MMGT1,SDCCAG8,1,1
MMGT1,SEC63,1,1
MMGT1,SPTBN2,1,1
MMGT1,SUPT20H,1,1
MMGT1,TEX15,1,1
MMGT1,TNFAIP1,1,1
MMGT1,TNIK,1,1
MMGT1,UBXN1,1,1
MMGT1,VPS51,1,1
MMGT1,ZCCHC17,1,1
MMGT1,ZNF266,1,1
MMGT1,ZNF48,1,1
MMGT1,ZNF542P,1,1
MMGT1,ZNF740,1,1
SNTB2,ANKS6,1,1
SNTB2,ANXA2,1,1
SNTB2,AQR,1,1
SNTB2,ARPC1B,1,1
SNTB2,BCL9L,1,1
SNTB2,BHLHB9,1,1
SNTB2,C14ORF119,1,1
SNTB2,CDR2L,1,1
SNTB2,CHMP7,1,1
SNTB2,CHST3,1,1
SNTB2,COG8,1,1
SNTB2,CSTF2T,1,1
SNTB2,DCP1A,1,1
SNTB2,DLG5,1,1
SNTB2,DNMBP,1,1
SNTB2,DTNA,1,1
SNTB2,FAM65A,1,1
SNTB2,FBXW2,1,1
SNTB2,FIBP,1,1
SNTB2,GGCX,1,1
SNTB2,HMGN4,1,1
SNTB2,ITSN1,1,1
SNTB2,KREMEN1,1,1
SNTB2,MAD1L1,1,1
SNTB2,MED19,1,1
SNTB2,MED20,1,1
SNTB2,NAALAD2,1,1
SNTB2,NCS1,1,1
SNTB2,NFATC3,1,1
SNTB2,NOP10,1,1
SNTB2,NT5C,1,1
SNTB2,NXPE3,1,1
SNTB2,OTUB2,1,1
SNTB2,PAK1,1,1
SNTB2,PIN1,1,1
SNTB2,PKN1,1,1
SNTB2,POLR2G,1,1
SNTB2,PPP2R3A,1,1
SNTB2,PPT1,1,1
SNTB2,R3HCC1,1,1
SNTB2,RHBDD1,1,1
SNTB2,RNF169,1,1
SNTB2,RPUSD3,1,1
SNTB2,RRAGB,1,1
SNTB2,SLC39A9,1,1
SNTB2,SOX6,1,1
SNTB2,TMEM203,1,1
SNTB2,TMEM60,1,1
SNTB2,TMOD3,1,1
SNTB2,TNFAIP1,1,1
SNTB2,TOX4,1,1
SNTB2,TPCN1,1,1
SNTB2,TUBGCP4,1,1
SNTB2,VPS4A,1,1
SNTB2,ZBED6,1,1
SNTB2,ZMYM6,1,1
SNTB2,ZNF23,1,1
SNTB2,ZNF510,1,1
SNTB2,ZNF532,1,1
SNTB2,ZNF669,1,1
SNTB2,ZNF772,1,1
RUSC1,ABL1,1,1
RUSC1,AREL1,1,1
RUSC1,ARNT2,1,1
RUSC1,BAMBI,1,1
RUSC1,CCDC169,1,1
RUSC1,CHRNB1,1,1
RUSC1,COA6,1,1
RUSC1,DAPK3,1,1
RUSC1,DLG5,1,1
RUSC1,DOPEY2,1,1
RUSC1,DTNA,1,1
RUSC1,EPS8L2,1,1
RUSC1,FAM127C,1,1
RUSC1,FBXL19,1,1
RUSC1,HLTF,1,1
RUSC1,INPP5A,1,1
RUSC1,IP6K2,1,1
RUSC1,ITPRIPL1,1,1
RUSC1,LAMTOR1,1,1
RUSC1,LRP11,1,1
RUSC1,LXN,1,1
RUSC1,NELFB,1,1
RUSC1,NOP10,1,1
RUSC1,NUMA1,1,1
RUSC1,PAK1,1,1
RUSC1,PARG,1,1
RUSC1,PCMT1,1,1
RUSC1,PLOD1,1,1
RUSC1,RFTN1,1,1
RUSC1,SCMH1,1,1
RUSC1,SDC3,1,1
RUSC1,SND1,1,1
RUSC1,SPTBN2,1,1
RUSC1,SPTLC2,1,1
RUSC1,SUPT20H,1,1
RUSC1,TAF11,1,1
RUSC1,TERF2IP,1,1
RUSC1,TET2,1,1
RUSC1,TICAM1,1,1
RUSC1,TNFAIP1,1,1
RUSC1,TNFSF13B,1,1
RUSC1,VPS37C,1,1
RUSC1,ZCCHC17,1,1
RUSC1,ZFP41,1,1
RUSC1,ZNF48,1,1
RUSC1,ZNF510,1,1
RUSC1,ZNF740,1,1
HELZ,AKIRIN1,1,1
HELZ,BFAR,1,1
HELZ,CREBZF,1,1
HELZ,DAAM2,1,1
HELZ,FBXO11,1,1
HELZ,RPS25,1,1
HELZ,SASH1,1,1
HELZ,TBK1,1,1
HELZ,TCF4,1,1
CBX4,ACVR2B,1,1
CBX4,AP4S1,1,1
CBX4,APOL2,1,1
CBX4,AREL1,1,1
CBX4,ARHGEF9,1,1
CBX4,ATPAF1,1,1
CBX4,AVEN,1,1
CBX4,BHLHB9,1,1
CBX4,CCNY,1,1
CBX4,CDK2AP2,1,1
CBX4,CDYL2,1,1
CBX4,CFL1,1,1
CBX4,CIDEB,1,1
CBX4,COG8,1,1
CBX4,DAAM2,1,1
CBX4,DCTD,1,1
CBX4,DDX50,1,1
CBX4,DNPEP,1,1
CBX4,DPH3,1,1
CBX4,DSE,1,1
CBX4,DTNA,1,1
CBX4,FBXO46,1,1
CBX4,FBXW2,1,1
CBX4,FIBP,1,1
CBX4,GGACT,1,1
CBX4,HMGN4,1,1
CBX4,HNRNPUL2,1,1
CBX4,HOXC11,1,1
CBX4,INPP4A,1,1
CBX4,IP6K2,1,1
CBX4,ITPRIP,1,1
CBX4,KLF12,1,1
CBX4,KRIT1,1,1
CBX4,LAMTOR1,1,1
CBX4,LDOC1L,1,1
CBX4,LRRC20,1,1
CBX4,LRRC37A,1,1
CBX4,LZTFL1,1,1
CBX4,MAD2L1BP,1,1
CBX4,MED20,1,1
CBX4,MEN1,1,1
CBX4,MRPS31,1,1
CBX4,MT1F,1,1
CBX4,MX2,1,1
CBX4,NCOA7,1,1
CBX4,NDUFB2,1,1
CBX4,NELFB,1,1
CBX4,NOP10,1,1
CBX4,NPHP4,1,1
CBX4,NT5C,1,1
CBX4,NUDT11,1,1
CBX4,NUMA1,1,1
CBX4,PARG,1,1
CBX4,PCMT1,1,1
CBX4,PLEKHO1,1,1
CBX4,POLR2G,1,1
CBX4,PPA2,1,1
CBX4,PPT1,1,1
CBX4,PRDM11,1,1
CBX4,RAB5C,1,1
CBX4,RALA,1,1
CBX4,RHBDD3,1,1
CBX4,RPL15,1,1
CBX4,RPL29,1,1
CBX4,RPL7A,1,1
CBX4,RPL9P9,1,1
CBX4,RPS27,1,1
CBX4,RPS3,1,1
CBX4,RRAGB,1,1
CBX4,SASH1,1,1
CBX4,SLC39A9,1,1
CBX4,SPTLC2,1,1
CBX4,SUPT20H,1,1
CBX4,SVIL,1,1
CBX4,TANC1,1,1
CBX4,THEM4,1,1
CBX4,TMEM203,1,1
CBX4,TMEM258,1,1
CBX4,TMSB15B,1,1
CBX4,TPCN1,1,1
CBX4,TPM2,1,1
CBX4,TRAF7,1,1
CBX4,TRIM8,1,1
CBX4,TRIO,1,1
CBX4,TSPAN5,1,1
CBX4,UBAC1,1,1
CBX4,UBXN1,1,1
CBX4,VPS4A,1,1
CBX4,VPS51,1,1
CBX4,ZBED6,1,1
CBX4,ZCCHC17,1,1
CBX4,ZNF22,1,1
CBX4,ZNF23,1,1
CBX4,ZNF266,1,1
CBX4,ZNF280D,1,1
CBX4,ZNF354C,1,1
CBX4,ZNF48,1,1
CBX4,ZNF510,1,1
CBX4,ZNHIT1,1,1
TNS3,CBX6,1,1
TNS3,CUTC,1,1
TNS3,DCTD,1,1
TNS3,ENDOD1,1,1
TNS3,HPF1,1,1
TNS3,ITPRIP,1,1
TNS3,MEF2C,1,1
TNS3,MITD1,1,1
TNS3,MRPS31,1,1
TNS3,RPL14,1,1
TNS3,RPS3A,1,1
TNS3,SMG7,1,1
TNS3,TRIM7,1,1
TNS3,ZNF35,1,1
PPP2R3A,ANP32A,1,1
PPP2R3A,AQR,1,1
PPP2R3A,ARPC1B,1,1
PPP2R3A,B4GALT3,1,1
PPP2R3A,CHST12,1,1
PPP2R3A,DDX41,1,1
PPP2R3A,DNMBP,1,1
PPP2R3A,GNAS,1,1
PPP2R3A,HDAC7,1,1
PPP2R3A,INTS5,1,1
PPP2R3A,ITSN1,1,1
PPP2R3A,NFATC3,1,1
PPP2R3A,PAK1,1,1
PPP2R3A,POLR2G,1,1
PPP2R3A,PRR16,1,1
PPP2R3A,R3HCC1,1,1
PPP2R3A,RBPJ,1,1
PPP2R3A,SLC35B2,1,1
PPP2R3A,SMPDL3A,1,1
PPP2R3A,SOX6,1,1
PPP2R3A,TMEM60,1,1
PPP2R3A,TOX4,1,1
PPP2R3A,VPS4A,1,1
PPP2R3A,ZNF532,1,1
PPP2R3A,ZNF669,1,1
NME3,CDC5L,1,1
CH17-258A22.4,ABL1,1,1
CH17-258A22.4,ANKS6,1,1
CH17-258A22.4,AREL1,1,1
CH17-258A22.4,ARNT2,1,1
CH17-258A22.4,BAMBI,1,1
CH17-258A22.4,CCDC169,1,1
CH17-258A22.4,CDYL2,1,1
CH17-258A22.4,COG8,1,1
CH17-258A22.4,CYLD,1,1
CH17-258A22.4,DAPK3,1,1
CH17-258A22.4,DLG5,1,1
CH17-258A22.4,DNPEP,1,1
CH17-258A22.4,DTNA,1,1
CH17-258A22.4,FBXL19,1,1
CH17-258A22.4,IP6K2,1,1
CH17-258A22.4,KLF12,1,1
CH17-258A22.4,KRIT1,1,1
CH17-258A22.4,LZTFL1,1,1
CH17-258A22.4,MAP4K2,1,1
CH17-258A22.4,MED19,1,1
CH17-258A22.4,NPHP4,1,1
CH17-258A22.4,PAK1,1,1
CH17-258A22.4,PPT1,1,1
CH17-258A22.4,SCMH1,1,1
CH17-258A22.4,SDC3,1,1
CH17-258A22.4,SND1,1,1
CH17-258A22.4,SPTBN2,1,1
CH17-258A22.4,SUPT20H,1,1
CH17-258A22.4,THEM4,1,1
CH17-258A22.4,TNFAIP1,1,1
CH17-258A22.4,TPCN1,1,1
CH17-258A22.4,UBXN1,1,1
CH17-258A22.4,VPS4A,1,1
CH17-258A22.4,VPS51,1,1
CH17-258A22.4,ZCCHC17,1,1
CH17-258A22.4,ZNF48,1,1
CH17-258A22.4,ZNF510,1,1
PCNX4,CCDC12,1,1
PCNX4,CPSF7,1,1
PCNX4,FOXF2,1,1
PCNX4,HNRNPUL2,1,1
PCNX4,ITPRIPL1,1,1
PCNX4,MCM3AP,1,1
PCNX4,MED4,1,1
PCNX4,NOP9,1,1
PCNX4,PPP4R1,1,1
PCNX4,PROSER1,1,1
PCNX4,RBM17,1,1
PCNX4,RCE1,1,1
PCNX4,RP11-2C24.9,1,1
PCNX4,SS18L2,1,1
PCNX4,SUMO3,1,1
PCNX4,UTP3,1,1
RBM17,ALG5,1,1
RBM17,ANKRD13C,1,1
RBM17,ANXA2,1,1
RBM17,ASXL1,1,1
RBM17,CCNY,1,1
RBM17,CFL1,1,1
RBM17,COMMD7,1,1
RBM17,COPS4,1,1
RBM17,CPSF7,1,1
RBM17,CUL2,1,1
RBM17,CUL4A,1,1
RBM17,CUTC,1,1
RBM17,DCTD,1,1
RBM17,ERBIN,1,1
RBM17,EXOG,1,1
RBM17,FAM204A,1,1
RBM17,GGA1,1,1
RBM17,HNRNPUL2,1,1
RBM17,MCM3AP,1,1
RBM17,MED4,1,1
RBM17,MT1F,1,1
RBM17,NOP9,1,1
RBM17,NUMA1,1,1
RBM17,OTUB1,1,1
RBM17,PPP4R1,1,1
RBM17,PRDM11,1,1
RBM17,PREPL,1,1
RBM17,PROSER1,1,1
RBM17,PRRC2A,1,1
RBM17,PTBP2,1,1
RBM17,RALA,1,1
RBM17,RCE1,1,1
RBM17,RP11-2C24.9,1,1
RBM17,SS18L2,1,1
RBM17,SUMO3,1,1
RBM17,TERF2,1,1
RBM17,TMC6,1,1
RBM17,TMEM170A,1,1
RBM17,UBAC1,1,1
RBM17,ZNF35,1,1
OSBP,PCNX1,1,1
OSBP,RSF1,1,1
OSBP,VWA8,1,1
OSBP,ZBED3,1,1
OSBP,ZNF41,1,1
MCCC1,AHCYL1,1,1
MCCC1,APOL2,1,1
MCCC1,DPH7,1,1
MCCC1,HUS1,1,1
MCCC1,KRIT1,1,1
MCCC1,LINC00998,1,1
MCCC1,PRKAR1A,1,1
ZNF337,ARRDC1,1,1
ZNF337,DENND4B,1,1
ZNF337,DNAJC8,1,1
ZNF337,LPCAT4,1,1
SLIT3,NAMPTP1,1,1
SVIL,HIST2H2BF,1,1
SVIL,NCOA7,1,1
SVIL,RPL9P9,1,1
SVIL,SASH1,1,1
TERF2IP,ACVR2B,1,1
TERF2IP,ADGRG6,1,1
TERF2IP,AIP,1,1
TERF2IP,ALDOA,1,1
TERF2IP,ARAP1,1,1
TERF2IP,ARAP3,1,1
TERF2IP,AREL1,1,1
TERF2IP,ARL 10.00,1,1
TERF2IP,ARNT2,1,1
TERF2IP,ATMIN,1,1
TERF2IP,BAMBI,1,1
TERF2IP,BCAP29,1,1
TERF2IP,BMP7,1,1
TERF2IP,BRK1,1,1
TERF2IP,CASP6,1,1
TERF2IP,CD320,1,1
TERF2IP,CDK2AP2,1,1
TERF2IP,CNOT8,1,1
TERF2IP,CNTN1,1,1
TERF2IP,CNTNAP3,1,1
TERF2IP,COA6,1,1
TERF2IP,CRBN,1,1
TERF2IP,DDR1,1,1
TERF2IP,DECR2,1,1
TERF2IP,DOPEY2,1,1
TERF2IP,EPS8L2,1,1
TERF2IP,FAM127C,1,1
TERF2IP,FBXL19,1,1
TERF2IP,FZD7,1,1
TERF2IP,GRK2,1,1
TERF2IP,H1F0,1,1
TERF2IP,HOXC6,1,1
TERF2IP,HSCB,1,1
TERF2IP,IP6K2,1,1
TERF2IP,IQSEC1,1,1
TERF2IP,JUND,1,1
TERF2IP,LXN,1,1
TERF2IP,MALSU1,1,1
TERF2IP,MARCH8,1,1
TERF2IP,MRPL40,1,1
TERF2IP,MRPS15,1,1
TERF2IP,MSRA,1,1
TERF2IP,NAMPTP1,1,1
TERF2IP,NELFB,1,1
TERF2IP,NRCAM,1,1
TERF2IP,NT5C2,1,1
TERF2IP,PBX2,1,1
TERF2IP,PDCD7,1,1
TERF2IP,PDIA5,1,1
TERF2IP,PLOD1,1,1
TERF2IP,PRR13,1,1
TERF2IP,RAB1B,1,1
TERF2IP,RHBDF2,1,1
TERF2IP,RXRG,1,1
TERF2IP,SCMH1,1,1
TERF2IP,SDC3,1,1
TERF2IP,SDK1,1,1
TERF2IP,SND1,1,1
TERF2IP,SNX10,1,1
TERF2IP,SPTBN2,1,1
TERF2IP,SPTLC2,1,1
TERF2IP,SUPT20H,1,1
TERF2IP,TET2,1,1
TERF2IP,TMED4,1,1
TERF2IP,TRIM13,1,1
TERF2IP,TSTD2,1,1
TERF2IP,TUBG1,1,1
TERF2IP,UGP2,1,1
TERF2IP,USP25,1,1
TERF2IP,USP45,1,1
TERF2IP,ZBED3,1,1
TERF2IP,ZKSCAN7,1,1
TERF2IP,ZKSCAN8,1,1
TERF2IP,ZNF32,1,1
TERF2IP,ZNF740,1,1
QRSL1,ACVR2B,1,1
QRSL1,AIP,1,1
QRSL1,ALDOA,1,1
QRSL1,AREL1,1,1
QRSL1,ARNT2,1,1
QRSL1,ATPAF1,1,1
QRSL1,CDK2AP2,1,1
QRSL1,CNTN1,1,1
QRSL1,DKK 3.00,1,1
QRSL1,DNAJA3,1,1
QRSL1,DNPEP,1,1
QRSL1,EPS8L2,1,1
QRSL1,FBXL15,1,1
QRSL1,HOXC11,1,1
QRSL1,HOXC6,1,1
QRSL1,KLF12,1,1
QRSL1,LRP11,1,1
QRSL1,LZTFL1,1,1
QRSL1,MAD2L1BP,1,1
QRSL1,MRPL43,1,1
QRSL1,MRPL45,1,1
QRSL1,MRPS31,1,1
QRSL1,NAXD,1,1
QRSL1,NOMO2,1,1
QRSL1,NRCAM,1,1
QRSL1,PCMT1,1,1
QRSL1,PEX3,1,1
QRSL1,PHTF2,1,1
QRSL1,PIGH,1,1
QRSL1,PITPNM1,1,1
QRSL1,PRR13,1,1
QRSL1,RHBDF2,1,1
QRSL1,RPAIN,1,1
QRSL1,RXRG,1,1
QRSL1,SDK1,1,1
QRSL1,SPRYD4,1,1
QRSL1,SPTBN2,1,1
QRSL1,SUPT20H,1,1
QRSL1,TMEM258,1,1
QRSL1,TMEM44,1,1
QRSL1,TNIK,1,1
QRSL1,UBXN1,1,1
QRSL1,USP25,1,1
QRSL1,ZBTB12,1,1
QRSL1,ZCCHC17,1,1
QRSL1,ZKSCAN7,1,1
QRSL1,ZKSCAN8,1,1
QRSL1,ZNF133,1,1
QRSL1,ZNF266,1,1
QRSL1,ZNF280D,1,1
QRSL1,ZNF740,1,1
QRSL1,ZNF788,1,1
PBX2,AIP,1,1
PBX2,ALDOA,1,1
PBX2,APBB2,1,1
PBX2,ARAP1,1,1
PBX2,ARAP3,1,1
PBX2,ARL 10.00,1,1
PBX2,BCAP29,1,1
PBX2,BRK1,1,1
PBX2,CD320,1,1
PBX2,CDK2AP2,1,1
PBX2,CNTN1,1,1
PBX2,CRHR1-IT1,1,1
PBX2,DDR1,1,1
PBX2,DKK 3.00,1,1
PBX2,EPS8L2,1,1
PBX2,FBXL15,1,1
PBX2,FH,1,1
PBX2,GGCT,1,1
PBX2,GPR173,1,1
PBX2,IQSEC1,1,1
PBX2,JUND,1,1
PBX2,MALSU1,1,1
PBX2,MARCH8,1,1
PBX2,NAXD,1,1
PBX2,OTUD5,1,1
PBX2,PHTF2,1,1
PBX2,PITPNM1,1,1
PBX2,PRR13,1,1
PBX2,SDK1,1,1
PBX2,SLC6A9,1,1
PBX2,SPTBN2,1,1
PBX2,TADA3,1,1
PBX2,TMEM44,1,1
PBX2,TSTD2,1,1
PBX2,UPF3B,1,1
PBX2,USP45,1,1
PBX2,ZKSCAN7,1,1
PBX2,ZKSCAN8,1,1
PBX2,ZNF32,1,1
SLC19A1,CASP9,1,1
SLC19A1,MINA,1,1
RPL15,AP1S2,1,1
RPL15,ARHGEF9,1,1
RPL15,AVEN,1,1
RPL15,CDK2AP2,1,1
RPL15,COG3,1,1
RPL15,DCTD,1,1
RPL15,DHDDS,1,1
RPL15,DPH3,1,1
RPL15,DSE,1,1
RPL15,ENDOD1,1,1
RPL15,HOXC11,1,1
RPL15,ITPRIP,1,1
RPL15,LRRC37A,1,1
RPL15,MAD2L1BP,1,1
RPL15,MRPL43,1,1
RPL15,MRPS31,1,1
RPL15,MX2,1,1
RPL15,NBPF15,1,1
RPL15,NCOA7,1,1
RPL15,RAB5C,1,1
RPL15,RNF121,1,1
RPL15,RPAIN,1,1
RPL15,RPL26,1,1
RPL15,RPL29,1,1
RPL15,RPL7A,1,1
RPL15,RPL9P9,1,1
RPL15,RPS27,1,1
RPL15,RPS3,1,1
RPL15,RPS3A,1,1
RPL15,SELK,1,1
RPL15,SMG7,1,1
RPL15,TANC1,1,1
RPL15,TGIF2,1,1
RPL15,TMEM258,1,1
RPL15,TMEM50B,1,1
RPL15,TPM2,1,1
RPL15,ZNF133,1,1
RPL15,ZNF22,1,1
RAI1,ACVR2A,1,1
RAI1,AGO1,1,1
RAI1,AMFR,1,1
RAI1,BFAR,1,1
RAI1,C14ORF119,1,1
RAI1,CHST12,1,1
RAI1,DAAM2,1,1
RAI1,DDX41,1,1
RAI1,DNAJC8,1,1
RAI1,DTNA,1,1
RAI1,FBXO11,1,1
RAI1,GGCX,1,1
RAI1,IFNGR2,1,1
RAI1,KANK1,1,1
RAI1,MAD1L1,1,1
RAI1,MED19,1,1
RAI1,NAGPA,1,1
RAI1,NT5C,1,1
RAI1,PKN1,1,1
RAI1,POLR2G,1,1
RAI1,PPT1,1,1
RAI1,PRKAB2,1,1
RAI1,RPL36AL,1,1
RAI1,SLC35B2,1,1
RAI1,SLC39A9,1,1
RAI1,SMPDL3A,1,1
RAI1,SOX6,1,1
RAI1,TBK1,1,1
RAI1,THEM4,1,1
RAI1,TPCN1,1,1
RAI1,TRNAU1AP,1,1
RAI1,TUBGCP4,1,1
RAI1,TXNDC11,1,1
RAI1,VPS4A,1,1
RAI1,VPS51,1,1
RAI1,ZNF669,1,1
RAI1,ZNF772,1,1
MRPS15,ALDOA,1,1
MRPS15,ARAP1,1,1
MRPS15,ATMIN,1,1
MRPS15,ATP5G3,1,1
MRPS15,BAMBI,1,1
MRPS15,BCAP29,1,1
MRPS15,BMP7,1,1
MRPS15,BRK1,1,1
MRPS15,C11ORF95,1,1
MRPS15,CD200,1,1
MRPS15,CD320,1,1
MRPS15,COA6,1,1
MRPS15,CRBN,1,1
MRPS15,DECR2,1,1
MRPS15,EPS8L2,1,1
MRPS15,FAM127C,1,1
MRPS15,HLTF,1,1
MRPS15,IP6K2,1,1
MRPS15,IQSEC1,1,1
MRPS15,MALSU1,1,1
MRPS15,MARCH8,1,1
MRPS15,MRPL40,1,1
MRPS15,MSRA,1,1
MRPS15,NPHP4,1,1
MRPS15,PDIA5,1,1
MRPS15,PLOD1,1,1
MRPS15,PREB,1,1
MRPS15,RILPL2,1,1
MRPS15,RXRG,1,1
MRPS15,SCMH1,1,1
MRPS15,SDC3,1,1
MRPS15,SDK1,1,1
MRPS15,SND1,1,1
MRPS15,SNX10,1,1
MRPS15,SPTBN2,1,1
MRPS15,TET2,1,1
MRPS15,TMED4,1,1
MRPS15,TMEM214,1,1
MRPS15,TMSB15B,1,1
MRPS15,TNFSF13B,1,1
MRPS15,TUBG1,1,1
MRPS15,USP45,1,1
MRPS15,ZKSCAN7,1,1
MRPS15,ZNF32,1,1
SHOC2,ADH5,1,1
SHOC2,ANKRD13C,1,1
SHOC2,APH1A,1,1
SHOC2,ASPSCR1,1,1
SHOC2,ASXL1,1,1
SHOC2,AVEN,1,1
SHOC2,CACUL1,1,1
SHOC2,CCDC169,1,1
SHOC2,CCNY,1,1
SHOC2,CDC14B,1,1
SHOC2,CDYL2,1,1
SHOC2,COG3,1,1
SHOC2,COMMD7,1,1
SHOC2,COPS4,1,1
SHOC2,COQ10A,1,1
SHOC2,CREB1,1,1
SHOC2,CSPG4,1,1
SHOC2,CUTC,1,1
SHOC2,DCTD,1,1
SHOC2,DDX50,1,1
SHOC2,DPH3,1,1
SHOC2,EHMT2,1,1
SHOC2,FAM204A,1,1
SHOC2,FAM32A,1,1
SHOC2,HNRNPUL2,1,1
SHOC2,HPF1,1,1
SHOC2,HSD3B7,1,1
SHOC2,ITPRIP,1,1
SHOC2,KLF12,1,1
SHOC2,KLHL2,1,1
SHOC2,LATS2,1,1
SHOC2,LDOC1L,1,1
SHOC2,MRPL43,1,1
SHOC2,MRPS31,1,1
SHOC2,MSANTD3,1,1
SHOC2,NDUFB2,1,1
SHOC2,NOP9,1,1
SHOC2,NPRL3,1,1
SHOC2,NRIP1,1,1
SHOC2,NUMA1,1,1
SHOC2,OTUB1,1,1
SHOC2,PARG,1,1
SHOC2,PCMT1,1,1
SHOC2,PLBD2,1,1
SHOC2,PLEKHO1,1,1
SHOC2,PROSER1,1,1
SHOC2,PRRC2A,1,1
SHOC2,RAB11FIP2,1,1
SHOC2,RALA,1,1
SHOC2,RB1,1,1
SHOC2,REST,1,1
SHOC2,RHBDD3,1,1
SHOC2,RNF121,1,1
SHOC2,RP11-2C24.9,1,1
SHOC2,S100A1,1,1
SHOC2,SDCCAG8,1,1
SHOC2,SH3GLB1,1,1
SHOC2,SPTLC2,1,1
SHOC2,SUMF2,1,1
SHOC2,SUPT20H,1,1
SHOC2,TERF2,1,1
SHOC2,TGIF2,1,1
SHOC2,TMC6,1,1
SHOC2,TNIP1,1,1
SHOC2,TRAF3IP2,1,1
SHOC2,TRIO,1,1
SHOC2,UBE2Q2,1,1
SHOC2,USP38,1,1
SHOC2,WASF3,1,1
SHOC2,ZBTB12,1,1
SHOC2,ZC4H2,1,1
SHOC2,ZNF35,1,1
BFAR,ABL1,1,1
BFAR,AKIRIN1,1,1
BFAR,CREBZF,1,1
BFAR,DAAM2,1,1
BFAR,DNAJC8,1,1
BFAR,DNPEP,1,1
BFAR,DSE,1,1
BFAR,DTNA,1,1
BFAR,FBXO11,1,1
BFAR,GGCX,1,1
BFAR,IP6K2,1,1
BFAR,KCNQ5,1,1
BFAR,KRIT1,1,1
BFAR,LAMTOR1,1,1
BFAR,MBNL3,1,1
BFAR,MED19,1,1
BFAR,NPHP4,1,1
BFAR,NUDT11,1,1
BFAR,PEX3,1,1
BFAR,PPT1,1,1
BFAR,PTP4A1,1,1
BFAR,RAB2A,1,1
BFAR,SCMH1,1,1
BFAR,SDC3,1,1
BFAR,SEC63,1,1
BFAR,SND1,1,1
BFAR,TBK1,1,1
BFAR,TCF4,1,1
BFAR,THEM4,1,1
BFAR,TMEM136,1,1
BFAR,TMEM258,1,1
BFAR,TRNAU1AP,1,1
BFAR,UBXN1,1,1
BFAR,VPS51,1,1
BFAR,ZCCHC17,1,1
BFAR,ZNF542P,1,1
FBXW2,ADH5,1,1
FBXW2,ANKS6,1,1
FBXW2,ANXA2,1,1
FBXW2,APOL2,1,1
FBXW2,APOLD1,1,1
FBXW2,AQR,1,1
FBXW2,ARPC1B,1,1
FBXW2,AVEN,1,1
FBXW2,BHLHB9,1,1
FBXW2,CCNY,1,1
FBXW2,CDR2L,1,1
FBXW2,CDYL2,1,1
FBXW2,CFL1,1,1
FBXW2,CHMP7,1,1
FBXW2,CHST12,1,1
FBXW2,CMTM4,1,1
FBXW2,COG3,1,1
FBXW2,COG8,1,1
FBXW2,CSTF2T,1,1
FBXW2,CX3CL1,1,1
FBXW2,DCP1A,1,1
FBXW2,DDX50,1,1
FBXW2,DMTN,1,1
FBXW2,DNAJC21,1,1
FBXW2,DNMBP,1,1
FBXW2,DPH7,1,1
FBXW2,EXOC3,1,1
FBXW2,FAM204A,1,1
FBXW2,FBXO46,1,1
FBXW2,FIBP,1,1
FBXW2,HMGN4,1,1
FBXW2,HSD3B7,1,1
FBXW2,IBTK,1,1
FBXW2,ITPRIP,1,1
FBXW2,ITSN1,1,1
FBXW2,KRIT1,1,1
FBXW2,LRRC20,1,1
FBXW2,LZTFL1,1,1
FBXW2,MED20,1,1
FBXW2,MEN1,1,1
FBXW2,MRPL18,1,1
FBXW2,MT1F,1,1
FBXW2,NAALAD2,1,1
FBXW2,NCS1,1,1
FBXW2,NDUFB2,1,1
FBXW2,NOP10,1,1
FBXW2,NPRL3,1,1
FBXW2,NT5C,1,1
FBXW2,NUMA1,1,1
FBXW2,OTUB1,1,1
FBXW2,PARG,1,1
FBXW2,PKN1,1,1
FBXW2,POLR2G,1,1
FBXW2,PPT1,1,1
FBXW2,PRDM11,1,1
FBXW2,RHBDD1,1,1
FBXW2,RHBDD3,1,1
FBXW2,RNF166,1,1
FBXW2,RNF169,1,1
FBXW2,RPS3,1,1
FBXW2,RRAGB,1,1
FBXW2,SELK,1,1
FBXW2,SLC39A9,1,1
FBXW2,TERF2,1,1
FBXW2,TGIF2,1,1
FBXW2,TMC6,1,1
FBXW2,TMEM203,1,1
FBXW2,TMEM60,1,1
FBXW2,TMOD3,1,1
FBXW2,TNFAIP1,1,1
FBXW2,TNIP1,1,1
FBXW2,TOR4A,1,1
FBXW2,TPCN1,1,1
FBXW2,TRIM8,1,1
FBXW2,TRIO,1,1
FBXW2,TSPAN5,1,1
FBXW2,TXNDC11,1,1
FBXW2,UBAC1,1,1
FBXW2,UBXN1,1,1
FBXW2,USF1,1,1
FBXW2,VPS4A,1,1
FBXW2,ZBED6,1,1
FBXW2,ZC4H2,1,1
FBXW2,ZMYM6,1,1
FBXW2,ZNF22,1,1
FBXW2,ZNF23,1,1
FBXW2,ZNF48,1,1
FBXW2,ZNF510,1,1
FBXW2,ZNF532,1,1
FBXW2,ZNF623,1,1
C9ORF16,ANO8,1,1
C9ORF16,APBB2,1,1
C9ORF16,DDAH2,1,1
C9ORF16,FBXL15,1,1
PIGH,ACVR2B,1,1
PIGH,AIP,1,1
PIGH,APOLD1,1,1
PIGH,ARNT2,1,1
PIGH,ATPAF1,1,1
PIGH,COA6,1,1
PIGH,DOPEY2,1,1
PIGH,HNRNPUL2,1,1
PIGH,LIN52,1,1
PIGH,LRP11,1,1
PIGH,MAD2L1BP,1,1
PIGH,MRPL45,1,1
PIGH,MRPS31,1,1
PIGH,NAXD,1,1
PIGH,NRCAM,1,1
PIGH,NUMA1,1,1
PIGH,PCMT1,1,1
PIGH,PRR13,1,1
PIGH,RHBDF2,1,1
PIGH,SDCCAG8,1,1
PIGH,SPRYD4,1,1
PIGH,SPTBN2,1,1
PIGH,SPTLC2,1,1
PIGH,SUPT20H,1,1
PIGH,THEM4,1,1
PIGH,TNIK,1,1
PIGH,USP25,1,1
PIGH,ZCCHC17,1,1
PIGH,ZKSCAN8,1,1
PIGH,ZNF266,1,1
PIGH,ZNF280D,1,1
ZNF48,ABL1,1,1
ZNF48,ACVR2B,1,1
ZNF48,ANKS6,1,1
ZNF48,ANXA2,1,1
ZNF48,AP1S2,1,1
ZNF48,AP4S1,1,1
ZNF48,APOL2,1,1
ZNF48,AREL1,1,1
ZNF48,AVEN,1,1
ZNF48,BAMBI,1,1
ZNF48,BHLHB9,1,1
ZNF48,CCDC169,1,1
ZNF48,CCNY,1,1
ZNF48,CDK2AP2,1,1
ZNF48,CDR2L,1,1
ZNF48,CDYL2,1,1
ZNF48,CHMP7,1,1
ZNF48,CHST3,1,1
ZNF48,CLTB,1,1
ZNF48,COA6,1,1
ZNF48,COG8,1,1
ZNF48,CSPG4,1,1
ZNF48,CSTF2T,1,1
ZNF48,CX3CL1,1,1
ZNF48,DAPK3,1,1
ZNF48,DCP1A,1,1
ZNF48,DDX50,1,1
ZNF48,DLG5,1,1
ZNF48,DNMBP,1,1
ZNF48,DPH7,1,1
ZNF48,DTNA,1,1
ZNF48,EHMT2,1,1
ZNF48,EXOC3,1,1
ZNF48,FAM204A,1,1
ZNF48,FAM32A,1,1
ZNF48,FBXL19,1,1
ZNF48,FBXO46,1,1
ZNF48,FOXF2,1,1
ZNF48,HEATR6,1,1
ZNF48,HMGN4,1,1
ZNF48,HNRNPUL2,1,1
ZNF48,HOXC11,1,1
ZNF48,HOXC6,1,1
ZNF48,IBTK,1,1
ZNF48,INPP5A,1,1
ZNF48,INTS4,1,1
ZNF48,IP6K2,1,1
ZNF48,ITPRIP,1,1
ZNF48,ITPRIPL1,1,1
ZNF48,ITSN1,1,1
ZNF48,KCNQ5,1,1
ZNF48,KLF12,1,1
ZNF48,KLHL7,1,1
ZNF48,KRIT1,1,1
ZNF48,LAMTOR1,1,1
ZNF48,LRP11,1,1
ZNF48,LRRC20,1,1
ZNF48,MAPKAPK3,1,1
ZNF48,MARK2,1,1
ZNF48,MBNL3,1,1
ZNF48,MED19,1,1
ZNF48,MED20,1,1
ZNF48,MEN1,1,1
ZNF48,MRPL18,1,1
ZNF48,MRPL43,1,1
ZNF48,MT1F,1,1
ZNF48,NAALAD2,1,1
ZNF48,NCS1,1,1
ZNF48,NDUFB2,1,1
ZNF48,NELFB,1,1
ZNF48,NOMO2,1,1
ZNF48,NOP10,1,1
ZNF48,NPHP4,1,1
ZNF48,NT5C,1,1
ZNF48,NUDT11,1,1
ZNF48,NUMA1,1,1
ZNF48,OTUB1,1,1
ZNF48,PAK1,1,1
ZNF48,PARG,1,1
ZNF48,PCMT1,1,1
ZNF48,PLEKHO1,1,1
ZNF48,POLR2G,1,1
ZNF48,PPP4R1,1,1
ZNF48,PPT1,1,1
ZNF48,PRDM11,1,1
ZNF48,PRRC2A,1,1
ZNF48,RAB2A,1,1
ZNF48,RFTN1,1,1
ZNF48,RGS14,1,1
ZNF48,RHBDD1,1,1
ZNF48,RNF121,1,1
ZNF48,RNF166,1,1
ZNF48,RP11-2C24.9,1,1
ZNF48,RPAIN,1,1
ZNF48,RRAGB,1,1
ZNF48,SCMH1,1,1
ZNF48,SDC3,1,1
ZNF48,SEC63,1,1
ZNF48,SND1,1,1
ZNF48,SPTBN2,1,1
ZNF48,SPTLC2,1,1
ZNF48,SUPT20H,1,1
ZNF48,TERF2,1,1
ZNF48,THEM4,1,1
ZNF48,TMEM203,1,1
ZNF48,TMEM258,1,1
ZNF48,TMEM60,1,1
ZNF48,TMOD3,1,1
ZNF48,TNFAIP1,1,1
ZNF48,TOR4A,1,1
ZNF48,TPCN1,1,1
ZNF48,TPM2,1,1
ZNF48,TRAF3IP2,1,1
ZNF48,TRIM8,1,1
ZNF48,TRIO,1,1
ZNF48,TRNAU1AP,1,1
ZNF48,TSPAN5,1,1
ZNF48,UBAC1,1,1
ZNF48,UBXN1,1,1
ZNF48,USF1,1,1
ZNF48,VPS4A,1,1
ZNF48,VPS51,1,1
ZNF48,ZBED6,1,1
ZNF48,ZBTB12,1,1
ZNF48,ZCCHC17,1,1
ZNF48,ZFP41,1,1
ZNF48,ZMYM6,1,1
ZNF48,ZNF22,1,1
ZNF48,ZNF266,1,1
ZNF48,ZNF510,1,1
ZNF48,ZNF532,1,1
ZNF48,ZNF542P,1,1
ZNF48,ZNF740,1,1
TICAM1,CHRNB1,1,1
TICAM1,CLASP1,1,1
TICAM1,COA6,1,1
TICAM1,JUND,1,1
TICAM1,PPP1R11,1,1
TICAM1,SLC38A9,1,1
RAB1B,ACER3,1,1
RAB1B,ARL 10.00,1,1
RAB1B,ATMIN,1,1
RAB1B,BMP7,1,1
RAB1B,CD320,1,1
RAB1B,CNOT8,1,1
RAB1B,CTHRC1,1,1
RAB1B,DPP8,1,1
RAB1B,GNPAT,1,1
RAB1B,GRK2,1,1
RAB1B,H1F0,1,1
RAB1B,HSCB,1,1
RAB1B,KIAA1143,1,1
RAB1B,MALSU1,1,1
RAB1B,NAMPTP1,1,1
RAB1B,PCGF1,1,1
RAB1B,PDIA5,1,1
RAB1B,TMED4,1,1
RAB1B,TUBG1,1,1
RAB1B,UGP2,1,1
RAB1B,USP25,1,1
RAB1B,ZBED3,1,1
RMI2,MTFMT,1,1
RMI2,PLSCR1,1,1
MTFMT,COX7A2,1,1
MTFMT,MAD1L1,1,1
MTFMT,PLSCR1,1,1
MTFMT,SGK1,1,1
NOMO2,ACVR2B,1,1
NOMO2,AIFM1,1,1
NOMO2,ALDOA,1,1
NOMO2,AP1S2,1,1
NOMO2,ARNT2,1,1
NOMO2,CLTB,1,1
NOMO2,CNTN1,1,1
NOMO2,COA6,1,1
NOMO2,DKK 3.00,1,1
NOMO2,DSE,1,1
NOMO2,EPS8L2,1,1
NOMO2,FADS3,1,1
NOMO2,FAM127C,1,1
NOMO2,HNRNPUL2,1,1
NOMO2,HOXC11,1,1
NOMO2,IP6K2,1,1
NOMO2,LAMTOR1,1,1
NOMO2,LXN,1,1
NOMO2,MAD2L1BP,1,1
NOMO2,MRPL43,1,1
NOMO2,MRPS31,1,1
NOMO2,NAXD,1,1
NOMO2,NELFB,1,1
NOMO2,NRCAM,1,1
NOMO2,NUMA1,1,1
NOMO2,PCMT1,1,1
NOMO2,PRR13,1,1
NOMO2,RFTN1,1,1
NOMO2,RHBDF2,1,1
NOMO2,RILPL2,1,1
NOMO2,RNF121,1,1
NOMO2,RXRG,1,1
NOMO2,SDC3,1,1
NOMO2,SDK1,1,1
NOMO2,SNX10,1,1
NOMO2,SPRYD4,1,1
NOMO2,SPTBN2,1,1
NOMO2,SUPT20H,1,1
NOMO2,TAF11,1,1
NOMO2,TANC1,1,1
NOMO2,TMEM258,1,1
NOMO2,TNFSF13B,1,1
NOMO2,TNIK,1,1
NOMO2,TPM2,1,1
NOMO2,TRAF3IP2,1,1
NOMO2,UGP2,1,1
NOMO2,ZBTB12,1,1
NOMO2,ZFP41,1,1
NOMO2,ZNF788,1,1
MSRA,ACER3,1,1
MSRA,ACVR2B,1,1
MSRA,ADGRG6,1,1
MSRA,ALDOA,1,1
MSRA,AREL1,1,1
MSRA,ARNT2,1,1
MSRA,ATMIN,1,1
MSRA,ATP5G3,1,1
MSRA,BAMBI,1,1
MSRA,BCAP29,1,1
MSRA,BMP7,1,1
MSRA,BRK1,1,1
MSRA,C12ORF66,1,1
MSRA,C9ORF78,1,1
MSRA,CD200,1,1
MSRA,CNOT8,1,1
MSRA,CNTNAP3,1,1
MSRA,COBL,1,1
MSRA,CRBN,1,1
MSRA,DECR2,1,1
MSRA,DNAJA3,1,1
MSRA,DOPEY2,1,1
MSRA,FAM127C,1,1
MSRA,FZD7,1,1
MSRA,GMPPA,1,1
MSRA,GRK2,1,1
MSRA,H1F0,1,1
MSRA,HLTF,1,1
MSRA,HSCB,1,1
MSRA,IP6K2,1,1
MSRA,KIAA1143,1,1
MSRA,LAMTOR1,1,1
MSRA,LXN,1,1
MSRA,MALSU1,1,1
MSRA,MRPL40,1,1
MSRA,NELFB,1,1
MSRA,NPHP4,1,1
MSRA,NRCAM,1,1
MSRA,NT5C2,1,1
MSRA,PDIA5,1,1
MSRA,PLOD1,1,1
MSRA,PPA2,1,1
MSRA,PREB,1,1
MSRA,PRR13,1,1
MSRA,RHBDF2,1,1
MSRA,RXRG,1,1
MSRA,SCMH1,1,1
MSRA,SDC3,1,1
MSRA,SND1,1,1
MSRA,SNX10,1,1
MSRA,SPTLC2,1,1
MSRA,TAF11,1,1
MSRA,TAX1BP3,1,1
MSRA,TET2,1,1
MSRA,TMED4,1,1
MSRA,TMEM214,1,1
MSRA,TMSB15B,1,1
MSRA,TNFSF13B,1,1
MSRA,TRIM13,1,1
MSRA,TTLL5,1,1
MSRA,UGP2,1,1
MSRA,USP25,1,1
MSRA,VPS37C,1,1
MSRA,ZNF354C,1,1
MSRA,ZNF788,1,1
RGS14,ANKS6,1,1
RGS14,ANXA2,1,1
RGS14,CDR2L,1,1
RGS14,CHMP7,1,1
RGS14,EXOC3,1,1
RGS14,HDAC7,1,1
RGS14,IBTK,1,1
RGS14,INPP5A,1,1
RGS14,ITSN1,1,1
RGS14,KRIT1,1,1
RGS14,PAK1,1,1
RGS14,PRDM11,1,1
RGS14,PRKAR1A,1,1
RGS14,RNF166,1,1
RGS14,TMEM60,1,1
RGS14,TOR4A,1,1
RGS14,UBAC1,1,1
RGS14,USF1,1,1
RGS14,VPS4A,1,1
RGS14,ZMYM6,1,1
RGS14,ZNF532,1,1
CHRNB1,ABL1,1,1
CHRNB1,HOXC6,1,1
CHRNB1,TMEM136,1,1
CHRNB1,ZNF740,1,1
MRPL55,CRK,1,1
MRPL55,S100A1,1,1
NPHP4,ABL1,1,1
NPHP4,ACVR2B,1,1
NPHP4,AKIRIN1,1,1
NPHP4,ALDOA,1,1
NPHP4,APOL2,1,1
NPHP4,AREL1,1,1
NPHP4,ARNT2,1,1
NPHP4,AVEN,1,1
NPHP4,BAMBI,1,1
NPHP4,BHLHB9,1,1
NPHP4,CDYL2,1,1
NPHP4,CHST3,1,1
NPHP4,COG8,1,1
NPHP4,CYLD,1,1
NPHP4,DAAM2,1,1
NPHP4,DLG5,1,1
NPHP4,DNPEP,1,1
NPHP4,DOPEY2,1,1
NPHP4,DSE,1,1
NPHP4,DTNA,1,1
NPHP4,FBXL19,1,1
NPHP4,FBXO11,1,1
NPHP4,GGCX,1,1
NPHP4,HOXC11,1,1
NPHP4,HOXC6,1,1
NPHP4,IP6K2,1,1
NPHP4,KLF12,1,1
NPHP4,KLHL7,1,1
NPHP4,KRIT1,1,1
NPHP4,LAMTOR1,1,1
NPHP4,LRRC20,1,1
NPHP4,MAD2L1BP,1,1
NPHP4,MBNL3,1,1
NPHP4,MED19,1,1
NPHP4,NELFB,1,1
NPHP4,NOP10,1,1
NPHP4,NT5C,1,1
NPHP4,NT5C2,1,1
NPHP4,NUDT11,1,1
NPHP4,NUMA1,1,1
NPHP4,NXPE3,1,1
NPHP4,PCMT1,1,1
NPHP4,PEX3,1,1
NPHP4,PLOD1,1,1
NPHP4,POLR2G,1,1
NPHP4,PPT1,1,1
NPHP4,PRR13,1,1
NPHP4,RAB2A,1,1
NPHP4,RFTN1,1,1
NPHP4,RRAGB,1,1
NPHP4,RXRG,1,1
NPHP4,SCMH1,1,1
NPHP4,SDC3,1,1
NPHP4,SELO,1,1
NPHP4,SLC39A9,1,1
NPHP4,SND1,1,1
NPHP4,SPTBN2,1,1
NPHP4,SPTLC2,1,1
NPHP4,SUPT20H,1,1
NPHP4,TET2,1,1
NPHP4,THEM4,1,1
NPHP4,TMEM214,1,1
NPHP4,TMEM258,1,1
NPHP4,TMOD3,1,1
NPHP4,TMSB15B,1,1
NPHP4,TPCN1,1,1
NPHP4,TRNAU1AP,1,1
NPHP4,UBXN1,1,1
NPHP4,VPS4A,1,1
NPHP4,VPS51,1,1
NPHP4,ZCCHC17,1,1
NPHP4,ZNF22,1,1
NPHP4,ZNF354C,1,1
NPHP4,ZNF510,1,1
NPHP4,ZNF740,1,1
NPHP4,ZNF772,1,1
NPHP4,ZNF788,1,1
DLG5,ABL1,1,1
DLG5,ANXA2,1,1
DLG5,APOL2,1,1
DLG5,AREL1,1,1
DLG5,BAMBI,1,1
DLG5,BCL9L,1,1
DLG5,BHLHB9,1,1
DLG5,CCDC169,1,1
DLG5,CDR2L,1,1
DLG5,CDYL2,1,1
DLG5,CHMP7,1,1
DLG5,CHST3,1,1
DLG5,COA6,1,1
DLG5,COG8,1,1
DLG5,CYLD,1,1
DLG5,DAPK3,1,1
DLG5,DCP1A,1,1
DLG5,DTNA,1,1
DLG5,FBXL19,1,1
DLG5,GGCX,1,1
DLG5,HEATR6,1,1
DLG5,INPP5A,1,1
DLG5,IP6K2,1,1
DLG5,ITSN1,1,1
DLG5,KLHL7,1,1
DLG5,KRIT1,1,1
DLG5,LAMTOR1,1,1
DLG5,LRRC20,1,1
DLG5,MAD1L1,1,1
DLG5,MAPKAPK3,1,1
DLG5,MARK2,1,1
DLG5,MBNL3,1,1
DLG5,MED19,1,1
DLG5,NELFB,1,1
DLG5,NOP10,1,1
DLG5,NT5C,1,1
DLG5,NUMA1,1,1
DLG5,NXPE3,1,1
DLG5,PAK1,1,1
DLG5,PARG,1,1
DLG5,PCMT1,1,1
DLG5,POLR2G,1,1
DLG5,PPP4R1,1,1
DLG5,PPT1,1,1
DLG5,PRDM11,1,1
DLG5,RFTN1,1,1
DLG5,SCMH1,1,1
DLG5,SDC3,1,1
DLG5,SND1,1,1
DLG5,SPTBN2,1,1
DLG5,SPTLC2,1,1
DLG5,SUPT20H,1,1
DLG5,TET2,1,1
DLG5,THEM4,1,1
DLG5,TMEM214,1,1
DLG5,TMEM60,1,1
DLG5,TMOD3,1,1
DLG5,TNFAIP1,1,1
DLG5,TNFSF13B,1,1
DLG5,TPCN1,1,1
DLG5,TRIM35,1,1
DLG5,TRIM8,1,1
DLG5,TRNAU1AP,1,1
DLG5,TUBGCP4,1,1
DLG5,UBXN1,1,1
DLG5,VPS4A,1,1
DLG5,VPS51,1,1
DLG5,ZCCHC17,1,1
DLG5,ZFP41,1,1
DLG5,ZMYM6,1,1
DLG5,ZNF510,1,1
DLG5,ZNF532,1,1
DLG5,ZNF740,1,1
DLG5,ZNF772,1,1
CMTR2,ASPSCR1,1,1
CMTR2,FXYD3,1,1
CMTR2,S100A1,1,1
CA5BP1,APH1A,1,1
CA5BP1,CBX6,1,1
CA5BP1,COG3,1,1
CA5BP1,COQ10A,1,1
CA5BP1,CSPG4,1,1
CA5BP1,HSD3B7,1,1
CA5BP1,KLHL2,1,1
CA5BP1,MEF2C,1,1
CA5BP1,PCBD1,1,1
CA5BP1,TGIF2,1,1
CA5BP1,TOR1AIP1,1,1
TRAF3IP2,AIFM1,1,1
TRAF3IP2,ANXA2,1,1
TRAF3IP2,AP1S2,1,1
TRAF3IP2,APOL2,1,1
TRAF3IP2,AVEN,1,1
TRAF3IP2,BHLHB9,1,1
TRAF3IP2,CCDC169,1,1
TRAF3IP2,CCNY,1,1
TRAF3IP2,CDC34,1,1
TRAF3IP2,CDYL2,1,1
TRAF3IP2,COG3,1,1
TRAF3IP2,COMMD7,1,1
TRAF3IP2,COQ10A,1,1
TRAF3IP2,CSPG4,1,1
TRAF3IP2,CYTH2,1,1
TRAF3IP2,DCTD,1,1
TRAF3IP2,DDX50,1,1
TRAF3IP2,DPH3,1,1
TRAF3IP2,EHD1,1,1
TRAF3IP2,EHMT2,1,1
TRAF3IP2,ENDOD1,1,1
TRAF3IP2,FADS3,1,1
TRAF3IP2,FAM204A,1,1
TRAF3IP2,FAM32A,1,1
TRAF3IP2,HNRNPUL2,1,1
TRAF3IP2,HOXC11,1,1
TRAF3IP2,IBTK,1,1
TRAF3IP2,IP6K2,1,1
TRAF3IP2,ITPRIP,1,1
TRAF3IP2,LAMTOR1,1,1
TRAF3IP2,MAD2L1BP,1,1
TRAF3IP2,MEN1,1,1
TRAF3IP2,MRPL43,1,1
TRAF3IP2,MRPS31,1,1
TRAF3IP2,MT1F,1,1
TRAF3IP2,NDUFB2,1,1
TRAF3IP2,NOP9,1,1
TRAF3IP2,NPRL3,1,1
TRAF3IP2,NRIP1,1,1
TRAF3IP2,NUMA1,1,1
TRAF3IP2,OTUB1,1,1
TRAF3IP2,PARG,1,1
TRAF3IP2,PCMT1,1,1
TRAF3IP2,PPP4R1,1,1
TRAF3IP2,PRDM11,1,1
TRAF3IP2,PROSER1,1,1
TRAF3IP2,PRRC2A,1,1
TRAF3IP2,RABIF,1,1
TRAF3IP2,RB1,1,1
TRAF3IP2,RCE1,1,1
TRAF3IP2,REST,1,1
TRAF3IP2,RFTN1,1,1
TRAF3IP2,RHBDD1,1,1
TRAF3IP2,RNF121,1,1
TRAF3IP2,RP11-2C24.9,1,1
TRAF3IP2,SLC25A5,1,1
TRAF3IP2,SPRYD4,1,1
TRAF3IP2,SUMF2,1,1
TRAF3IP2,SUPT20H,1,1
TRAF3IP2,TANC1,1,1
TRAF3IP2,TERF2,1,1
TRAF3IP2,TGIF2,1,1
TRAF3IP2,TMC6,1,1
TRAF3IP2,TMEM214,1,1
TRAF3IP2,TNIP1,1,1
TRAF3IP2,TOR4A,1,1
TRAF3IP2,TPM2,1,1
TRAF3IP2,TRIM8,1,1
TRAF3IP2,TRIO,1,1
TRAF3IP2,UBE2Q2,1,1
TRAF3IP2,USP38,1,1
TRAF3IP2,ZBTB12,1,1
TRAF3IP2,ZFP41,1,1
TRAF3IP2,ZNF22,1,1
LPCAT4,ARRDC1,1,1
LPCAT4,DENND4B,1,1
LPCAT4,DNAJC8,1,1
LPCAT4,EHD2,1,1
LPCAT4,FIBP,1,1
LPCAT4,GAS2L3,1,1
LPCAT4,NPRL2,1,1
LPCAT4,PSENEN,1,1
LPCAT4,RPS25,1,1
LPCAT4,STARD3NL,1,1
LPCAT4,TBK1,1,1
LPCAT4,VPS51,1,1
ZNHIT1,AP4S1,1,1
ZNHIT1,AVEN,1,1
ZNHIT1,BHLHB9,1,1
ZNHIT1,C3ORF38,1,1
ZNHIT1,CCNY,1,1
ZNHIT1,CFL1,1,1
ZNHIT1,CHST12,1,1
ZNHIT1,DCTD,1,1
ZNHIT1,DNAJC21,1,1
ZNHIT1,DNMBP,1,1
ZNHIT1,GTPBP8,1,1
ZNHIT1,INPP4A,1,1
ZNHIT1,LAGE3,1,1
ZNHIT1,MED4,1,1
ZNHIT1,MT1F,1,1
ZNHIT1,POLR2G,1,1
ZNHIT1,PREPL,1,1
ZNHIT1,RALA,1,1
ZNHIT1,RBPJ,1,1
ZNHIT1,RHBDD3,1,1
ZNHIT1,RPS3,1,1
ZNHIT1,SS18L2,1,1
ZNHIT1,TMEM170A,1,1
ZNHIT1,UBAC1,1,1
SNX10,ALDOA,1,1
SNX10,ARAP3,1,1
SNX10,ATMIN,1,1
SNX10,ATP5G3,1,1
SNX10,BCAP29,1,1
SNX10,BMP7,1,1
SNX10,BRK1,1,1
SNX10,C11ORF95,1,1
SNX10,C12ORF66,1,1
SNX10,C9ORF78,1,1
SNX10,CD320,1,1
SNX10,CNOT8,1,1
SNX10,CNTN1,1,1
SNX10,CNTNAP3,1,1
SNX10,COBL,1,1
SNX10,CRBN,1,1
SNX10,CTHRC1,1,1
SNX10,DECR2,1,1
SNX10,EPS8L2,1,1
SNX10,FAM127C,1,1
SNX10,FAM210A,1,1
SNX10,GMPPA,1,1
SNX10,GRK2,1,1
SNX10,H1F0,1,1
SNX10,HLTF,1,1
SNX10,HSCB,1,1
SNX10,KIAA1143,1,1
SNX10,LXN,1,1
SNX10,MALSU1,1,1
SNX10,MRPL40,1,1
SNX10,NELFB,1,1
SNX10,NRCAM,1,1
SNX10,NT5C2,1,1
SNX10,PDIA5,1,1
SNX10,PLOD1,1,1
SNX10,PREB,1,1
SNX10,PRR13,1,1
SNX10,RILPL2,1,1
SNX10,RXRG,1,1
SNX10,SDK1,1,1
SNX10,TMED4,1,1
SNX10,TMEM214,1,1
SNX10,TNFSF13B,1,1
SNX10,TRIM13,1,1
SNX10,TSKU,1,1
SNX10,TUBG1,1,1
SNX10,UGP2,1,1
SNX10,USP25,1,1
SNX10,VPS37C,1,1
SNX10,ZKSCAN7,1,1
SNX10,ZNF32,1,1
SNX10,ZNF788,1,1
RNF2,COQ9,1,1
RNF2,IFNGR2,1,1
RNF2,METTL13,1,1
RNF2,NDUFV1,1,1
RNF2,PTP4A1,1,1
RNF2,TXNDC11,1,1
RNF2,ZNF542P,1,1
SYVN1,DKK 3.00,1,1
SYVN1,FAM89B,1,1
SYVN1,FH,1,1
SYVN1,OTUD5,1,1
SELK,ADH5,1,1
SELK,AP1S2,1,1
SELK,ARHGEF9,1,1
SELK,COG3,1,1
SELK,DMTN,1,1
SELK,ENDOD1,1,1
SELK,FBXO46,1,1
SELK,HOXC11,1,1
SELK,HSD3B7,1,1
SELK,IBTK,1,1
SELK,ITPRIP,1,1
SELK,LRRC20,1,1
SELK,MEN1,1,1
SELK,MT1F,1,1
SELK,MX2,1,1
SELK,NDUFB2,1,1
SELK,RNF121,1,1
SELK,RPL29,1,1
SELK,RPL7A,1,1
SELK,RPS27,1,1
SELK,RPS3,1,1
SELK,RPS3A,1,1
SELK,TGIF2,1,1
SELK,TMC6,1,1
SELK,TNIP1,1,1
SELK,TOR4A,1,1
SELK,TRIM8,1,1
SELK,TSHZ3,1,1
SELK,TSPAN5,1,1
SELK,TUBGCP2,1,1
SELK,ZBTB12,1,1
SELK,ZC4H2,1,1
SELK,ZNF22,1,1
SELK,ZNF623,1,1
PCNT,ERBIN,1,1
PCNT,FAM35A,1,1
PCNT,SIRT1,1,1
PCNT,SLC16A7,1,1
PCNT,SMC3,1,1
PCNT,WAPL,1,1
HMGN4,ANKS6,1,1
HMGN4,ANXA2,1,1
HMGN4,AP4S1,1,1
HMGN4,APOL2,1,1
HMGN4,AQR,1,1
HMGN4,AREL1,1,1
HMGN4,ASAP3,1,1
HMGN4,AVEN,1,1
HMGN4,BHLHB9,1,1
HMGN4,C14ORF119,1,1
HMGN4,C3ORF38,1,1
HMGN4,CCNY,1,1
HMGN4,CDR2L,1,1
HMGN4,CDYL2,1,1
HMGN4,CFL1,1,1
HMGN4,CHMP7,1,1
HMGN4,CHST12,1,1
HMGN4,CMTM4,1,1
HMGN4,COG8,1,1
HMGN4,CSTF2T,1,1
HMGN4,DCP1A,1,1
HMGN4,DCTD,1,1
HMGN4,DDX50,1,1
HMGN4,DNAJC21,1,1
HMGN4,DNMBP,1,1
HMGN4,FAM204A,1,1
HMGN4,FBXO46,1,1
HMGN4,GGA1,1,1
HMGN4,ITSN1,1,1
HMGN4,KLF12,1,1
HMGN4,LDOC1L,1,1
HMGN4,LRRC20,1,1
HMGN4,MED20,1,1
HMGN4,MRPL18,1,1
HMGN4,MT1F,1,1
HMGN4,MTO1,1,1
HMGN4,NAALAD2,1,1
HMGN4,NCS1,1,1
HMGN4,NDUFB2,1,1
HMGN4,NFATC3,1,1
HMGN4,NOP10,1,1
HMGN4,NPRL3,1,1
HMGN4,NT5C,1,1
HMGN4,NUMA1,1,1
HMGN4,OTUB1,1,1
HMGN4,PARG,1,1
HMGN4,PKN1,1,1
HMGN4,POLR2G,1,1
HMGN4,PRDM11,1,1
HMGN4,RALA,1,1
HMGN4,REST,1,1
HMGN4,RHBDD1,1,1
HMGN4,RHBDD3,1,1
HMGN4,RNF166,1,1
HMGN4,RNF169,1,1
HMGN4,RPS3,1,1
HMGN4,RRAGB,1,1
HMGN4,SLC39A9,1,1
HMGN4,SUMF2,1,1
HMGN4,TERF2,1,1
HMGN4,TMC6,1,1
HMGN4,TMEM203,1,1
HMGN4,TMEM60,1,1
HMGN4,TMOD3,1,1
HMGN4,TNFAIP1,1,1
HMGN4,TOR4A,1,1
HMGN4,TPCN1,1,1
HMGN4,TRIM8,1,1
HMGN4,TRIO,1,1
HMGN4,TSPAN5,1,1
HMGN4,UBAC1,1,1
HMGN4,UBXN1,1,1
HMGN4,VPS4A,1,1
HMGN4,WDR82,1,1
HMGN4,ZBED6,1,1
HMGN4,ZC4H2,1,1
HMGN4,ZNF22,1,1
HMGN4,ZNF23,1,1
HMGN4,ZNF510,1,1
HMGN4,ZNF532,1,1
HMGN4,ZNF669,1,1
SLC6A9,CACNB3,1,1
SLC6A9,DDR1,1,1
SLC6A9,GPR173,1,1
SLC6A9,OTUD5,1,1
SLC6A9,PITPNM1,1,1
SLC6A9,RAB39B,1,1
SLC6A9,TMEM44,1,1
MRPS31,ACVR2B,1,1
MRPS31,AIFM1,1,1
MRPS31,AIP,1,1
MRPS31,AVEN,1,1
MRPS31,CBX6,1,1
MRPS31,CDK2AP2,1,1
MRPS31,CDYL2,1,1
MRPS31,COG3,1,1
MRPS31,COMMD7,1,1
MRPS31,COPS4,1,1
MRPS31,COQ10A,1,1
MRPS31,CSPG4,1,1
MRPS31,DCTD,1,1
MRPS31,DDX50,1,1
MRPS31,DPH3,1,1
MRPS31,ENDOD1,1,1
MRPS31,FAM32A,1,1
MRPS31,HNRNPUL2,1,1
MRPS31,HOXC11,1,1
MRPS31,HPF1,1,1
MRPS31,ITPRIP,1,1
MRPS31,MAD2L1BP,1,1
MRPS31,MRPL43,1,1
MRPS31,NAXD,1,1
MRPS31,NBPF15,1,1
MRPS31,NRIP1,1,1
MRPS31,NUMA1,1,1
MRPS31,PCMT1,1,1
MRPS31,PLEKHO1,1,1
MRPS31,PRR13,1,1
MRPS31,RAB5C,1,1
MRPS31,RALA,1,1
MRPS31,RB1,1,1
MRPS31,RHBDF2,1,1
MRPS31,RNF121,1,1
MRPS31,RP11-2C24.9,1,1
MRPS31,RPL26,1,1
MRPS31,RPS3A,1,1
MRPS31,SDCCAG8,1,1
MRPS31,SMG7,1,1
MRPS31,SPRYD4,1,1
MRPS31,SPTLC2,1,1
MRPS31,SUPT20H,1,1
MRPS31,TANC1,1,1
MRPS31,TNIK,1,1
MRPS31,UBE2Q2,1,1
MRPS31,USP38,1,1
MRPS31,ZBTB12,1,1
MRPS31,ZNF22,1,1
MRPS31,ZNF266,1,1
MRPS31,ZNF788,1,1
LEF1,HOXC6,1,1
LEF1,PTP4A1,1,1
LEF1,TEX15,1,1
LEF1,TMEM136,1,1
MBNL3,ABL1,1,1
MBNL3,AKIRIN1,1,1
MBNL3,AP1S2,1,1
MBNL3,BRCA1,1,1
MBNL3,DAAM2,1,1
MBNL3,DNAJC8,1,1
MBNL3,DSE,1,1
MBNL3,DTNA,1,1
MBNL3,FBXO11,1,1
MBNL3,GAS2L3,1,1
MBNL3,GGCX,1,1
MBNL3,IP6K2,1,1
MBNL3,KANK1,1,1
MBNL3,KCNQ5,1,1
MBNL3,KLHL7,1,1
MBNL3,KRIT1,1,1
MBNL3,LAMTOR1,1,1
MBNL3,LRRC20,1,1
MBNL3,MAD1L1,1,1
MBNL3,MED19,1,1
MBNL3,NT5C,1,1
MBNL3,NUDT11,1,1
MBNL3,PCMT1,1,1
MBNL3,PEX3,1,1
MBNL3,PPT1,1,1
MBNL3,PTP4A1,1,1
MBNL3,RAB2A,1,1
MBNL3,RFTN1,1,1
MBNL3,RPAIN,1,1
MBNL3,SCMH1,1,1
MBNL3,SEC63,1,1
MBNL3,SND1,1,1
MBNL3,STARD3NL,1,1
MBNL3,THEM4,1,1
MBNL3,TMEM258,1,1
MBNL3,TPCN1,1,1
MBNL3,TRNAU1AP,1,1
MBNL3,UBXN1,1,1
MBNL3,VPS4A,1,1
MBNL3,VPS51,1,1
MBNL3,ZCCHC17,1,1
MBNL3,ZNF532,1,1
MBNL3,ZNF542P,1,1
LRRC37A,DKK 3.00,1,1
LRRC37A,DSE,1,1
LRRC37A,FADS2,1,1
LRRC37A,HMGCS1,1,1
LRRC37A,HOXC11,1,1
LRRC37A,LAMTOR1,1,1
LRRC37A,MAD2L1BP,1,1
LRRC37A,MX2,1,1
LRRC37A,NCOA7,1,1
LRRC37A,RAB2A,1,1
LRRC37A,RPAIN,1,1
LRRC37A,RPL26,1,1
LRRC37A,RPL29,1,1
LRRC37A,RPL7A,1,1
LRRC37A,RPS25,1,1
LRRC37A,SASH1,1,1
LRRC37A,TANC1,1,1
LRRC37A,TCF4,1,1
LRRC37A,TMEM258,1,1
LRRC37A,TPM2,1,1
LRRC37A,TRAF7,1,1
LRRC37A,ZNF788,1,1
PREB,ALDOA,1,1
PREB,ATMIN,1,1
PREB,BMP7,1,1
PREB,BRK1,1,1
PREB,C11ORF95,1,1
PREB,CD200,1,1
PREB,CD320,1,1
PREB,COBL,1,1
PREB,DECR2,1,1
PREB,GMPPA,1,1
PREB,GRK2,1,1
PREB,HSCB,1,1
PREB,KIAA1143,1,1
PREB,MALSU1,1,1
PREB,MRPL40,1,1
PREB,NT5C2,1,1
PREB,RXRG,1,1
PREB,SLC25A5,1,1
PREB,TMED4,1,1
PREB,TMEM214,1,1
PREB,TMSB15B,1,1
PREB,TRIM35,1,1
PREB,TSKU,1,1
PREB,UGP2,1,1
ANKRD13C,ADH5,1,1
ANKRD13C,APH1A,1,1
ANKRD13C,ASXL1,1,1
ANKRD13C,BLOC1S2,1,1
ANKRD13C,C2CD3,1,1
ANKRD13C,CACUL1,1,1
ANKRD13C,CCDC22,1,1
ANKRD13C,COMMD7,1,1
ANKRD13C,COPS4,1,1
ANKRD13C,CUL2,1,1
ANKRD13C,CUL4A,1,1
ANKRD13C,CUTC,1,1
ANKRD13C,DDX50,1,1
ANKRD13C,ERBIN,1,1
ANKRD13C,FAM204A,1,1
ANKRD13C,HMGN5,1,1
ANKRD13C,HNRNPF,1,1
ANKRD13C,HOXC5,1,1
ANKRD13C,HPF1,1,1
ANKRD13C,IRF2BPL,1,1
ANKRD13C,KLHL2,1,1
ANKRD13C,MCM3AP,1,1
ANKRD13C,MED4,1,1
ANKRD13C,MEF2C,1,1
ANKRD13C,MID1,1,1
ANKRD13C,NOP9,1,1
ANKRD13C,NPRL3,1,1
ANKRD13C,PCBD1,1,1
ANKRD13C,PLBD2,1,1
ANKRD13C,PROSER1,1,1
ANKRD13C,PTBP2,1,1
ANKRD13C,RAB11FIP2,1,1
ANKRD13C,RB1,1,1
ANKRD13C,SH3GLB1,1,1
ANKRD13C,SIRT1,1,1
ANKRD13C,SLC16A7,1,1
ANKRD13C,SMC3,1,1
ANKRD13C,STAG3L2,1,1
ANKRD13C,SUMO3,1,1
ANKRD13C,TERF2,1,1
ANKRD13C,TRIM7,1,1
ANKRD13C,USP38,1,1
ANKRD13C,WAPL,1,1
ANKRD13C,ZC4H2,1,1
ANKRD13C,ZNF35,1,1
ANKRD13C,ZNF37A,1,1
ZNF618,ACER3,1,1
CHST12,AGO1,1,1
CHST12,ANKS6,1,1
CHST12,ANP32A,1,1
CHST12,ANXA2,1,1
CHST12,AP4S1,1,1
CHST12,APOL2,1,1
CHST12,AQR,1,1
CHST12,ARFGAP2,1,1
CHST12,ARPC1B,1,1
CHST12,BHLHB9,1,1
CHST12,C3ORF38,1,1
CHST12,CCNY,1,1
CHST12,CDR2L,1,1
CHST12,CFL1,1,1
CHST12,CPSF7,1,1
CHST12,CSTF2T,1,1
CHST12,DAAM2,1,1
CHST12,DNAJC21,1,1
CHST12,DNMBP,1,1
CHST12,DPH7,1,1
CHST12,EXOC3,1,1
CHST12,GNAS,1,1
CHST12,GTPBP8,1,1
CHST12,HDAC7,1,1
CHST12,INPP5A,1,1
CHST12,INTS5,1,1
CHST12,ITSN1,1,1
CHST12,KLHL7,1,1
CHST12,KRIT1,1,1
CHST12,LAGE3,1,1
CHST12,MED19,1,1
CHST12,MT1F,1,1
CHST12,NCS1,1,1
CHST12,NFATC3,1,1
CHST12,NOP10,1,1
CHST12,NT5C,1,1
CHST12,NUDT11,1,1
CHST12,PAK1,1,1
CHST12,POLR2G,1,1
CHST12,PPT1,1,1
CHST12,PRR16,1,1
CHST12,R3HCC1,1,1
CHST12,RBPJ,1,1
CHST12,RNF166,1,1
CHST12,RNF169,1,1
CHST12,RRAGB,1,1
CHST12,SMPDL3A,1,1
CHST12,SOX6,1,1
CHST12,TMEM203,1,1
CHST12,TMEM60,1,1
CHST12,TMOD3,1,1
CHST12,TOR4A,1,1
CHST12,TPCN1,1,1
CHST12,TRNAU1AP,1,1
CHST12,TSPAN5,1,1
CHST12,TXNDC11,1,1
CHST12,UBAC1,1,1
CHST12,VPS4A,1,1
CHST12,ZNF23,1,1
CHST12,ZNF510,1,1
CHST12,ZNF532,1,1
CHST12,ZNF669,1,1
CHST12,ZNF772,1,1
ARL4A,ANP32A,1,1
ARL4A,CPSF7,1,1
ARL4A,NFATC3,1,1
ARL4A,R3HCC1,1,1
ARL4A,RUFY2,1,1
ARL4A,SRSF5,1,1
TNIP1,ADH5,1,1
TNIP1,CDYL2,1,1
TNIP1,CMTM4,1,1
TNIP1,COG3,1,1
TNIP1,COG8,1,1
TNIP1,COMMD7,1,1
TNIP1,CYTH2,1,1
TNIP1,DDX50,1,1
TNIP1,DLG1,1,1
TNIP1,DMTN,1,1
TNIP1,DPH3,1,1
TNIP1,FAM204A,1,1
TNIP1,HOXC11,1,1
TNIP1,HSD3B7,1,1
TNIP1,ITPRIP,1,1
TNIP1,LZTFL1,1,1
TNIP1,MEN1,1,1
TNIP1,NAALAD2,1,1
TNIP1,NBPF15,1,1
TNIP1,NDUFB2,1,1
TNIP1,OTUB1,1,1
TNIP1,PLBD2,1,1
TNIP1,PRRC2A,1,1
TNIP1,RNF121,1,1
TNIP1,RPS3,1,1
TNIP1,RPS3A,1,1
TNIP1,RRAGB,1,1
TNIP1,SEPT5,1,1
TNIP1,SH3GLB1,1,1
TNIP1,TGIF2,1,1
TNIP1,TMC6,1,1
TNIP1,TOR4A,1,1
TNIP1,TRIM8,1,1
TNIP1,TRIO,1,1
TNIP1,TSHZ3,1,1
TNIP1,TUBGCP2,1,1
TNIP1,ZBED6,1,1
TNIP1,ZBTB12,1,1
TNIP1,ZC4H2,1,1
TNIP1,ZNF22,1,1
TNIP1,ZNF623,1,1
C14ORF119,ABCB1,1,1
C14ORF119,ACO2,1,1
C14ORF119,ACVR2A,1,1
C14ORF119,AGO1,1,1
C14ORF119,AMFR,1,1
C14ORF119,ANKS6,1,1
C14ORF119,ARPC1B,1,1
C14ORF119,BHLHB9,1,1
C14ORF119,CDC42SE1,1,1
C14ORF119,CDR2L,1,1
C14ORF119,CHMP7,1,1
C14ORF119,COG8,1,1
C14ORF119,DAAM2,1,1
C14ORF119,DDX41,1,1
C14ORF119,DTNA,1,1
C14ORF119,EHD2,1,1
C14ORF119,FIBP,1,1
C14ORF119,GGCX,1,1
C14ORF119,GNAS,1,1
C14ORF119,ITSN1,1,1
C14ORF119,KLHL7,1,1
C14ORF119,KREMEN1,1,1
C14ORF119,MAD1L1,1,1
C14ORF119,MAPKAPK3,1,1
C14ORF119,MED19,1,1
C14ORF119,MED20,1,1
C14ORF119,MTO1,1,1
C14ORF119,NAGPA,1,1
C14ORF119,NBL1,1,1
C14ORF119,NCS1,1,1
C14ORF119,NT5C,1,1
C14ORF119,NXPE3,1,1
C14ORF119,PAK1,1,1
C14ORF119,PIN1,1,1
C14ORF119,PKN1,1,1
C14ORF119,POLR2G,1,1
C14ORF119,PPT1,1,1
C14ORF119,PRKAB2,1,1
C14ORF119,R3HCC1,1,1
C14ORF119,RASAL2,1,1
C14ORF119,RNF169,1,1
C14ORF119,RRAGB,1,1
C14ORF119,SLC35B2,1,1
C14ORF119,SLC39A9,1,1
C14ORF119,SMPDL3A,1,1
C14ORF119,SOX6,1,1
C14ORF119,TMEM203,1,1
C14ORF119,TMEM60,1,1
C14ORF119,TMOD3,1,1
C14ORF119,TPCN1,1,1
C14ORF119,TRNAU1AP,1,1
C14ORF119,TSPAN5,1,1
C14ORF119,VPS4A,1,1
C14ORF119,ZBED6,1,1
C14ORF119,ZMYM5,1,1
C14ORF119,ZNF23,1,1
C14ORF119,ZNF510,1,1
C14ORF119,ZNF532,1,1
C14ORF119,ZNF669,1,1
C14ORF119,ZNF772,1,1
RANBP3,PRPF3,1,1
HSPA2,ACVR1C,1,1
HSPA2,DHDDS,1,1
HSPA2,GBAS,1,1
HSPA2,SLC25A5,1,1
ZNF32,ADGRG6,1,1
ZNF32,ALDOA,1,1
ZNF32,ARAP1,1,1
ZNF32,ARAP3,1,1
ZNF32,ARL 10.00,1,1
ZNF32,ARNT2,1,1
ZNF32,ATMIN,1,1
ZNF32,ATP5G3,1,1
ZNF32,BAP1,1,1
ZNF32,BCAP29,1,1
ZNF32,BMP7,1,1
ZNF32,BRK1,1,1
ZNF32,CD320,1,1
ZNF32,CNTN1,1,1
ZNF32,CNTNAP3,1,1
ZNF32,COBL,1,1
ZNF32,CRBN,1,1
ZNF32,CRHR1-IT1,1,1
ZNF32,CTHRC1,1,1
ZNF32,DDR1,1,1
ZNF32,DNAJA3,1,1
ZNF32,EPS8L2,1,1
ZNF32,FAM127C,1,1
ZNF32,FAM210A,1,1
ZNF32,FDX1,1,1
ZNF32,FZD7,1,1
ZNF32,GNPAT,1,1
ZNF32,H1F0,1,1
ZNF32,HSCB,1,1
ZNF32,IQSEC1,1,1
ZNF32,JUND,1,1
ZNF32,MALSU1,1,1
ZNF32,MARCH8,1,1
ZNF32,MRPL40,1,1
ZNF32,MRPL45,1,1
ZNF32,NAXD,1,1
ZNF32,NRCAM,1,1
ZNF32,PDIA5,1,1
ZNF32,PHTF2,1,1
ZNF32,PLOD1,1,1
ZNF32,PRR13,1,1
ZNF32,RXRG,1,1
ZNF32,SDK1,1,1
ZNF32,SPTBN2,1,1
ZNF32,TADA3,1,1
ZNF32,TAX1BP3,1,1
ZNF32,TMED4,1,1
ZNF32,TRIM13,1,1
ZNF32,TSKU,1,1
ZNF32,TUBG1,1,1
ZNF32,UGP2,1,1
ZNF32,UPF3B,1,1
ZNF32,USP25,1,1
ZNF32,USP45,1,1
ZNF32,ZKSCAN7,1,1
COPS4,ALG5,1,1
COPS4,APH1A,1,1
COPS4,ASXL1,1,1
COPS4,AVEN,1,1
COPS4,CACUL1,1,1
COPS4,CCDC22,1,1
COPS4,CCNY,1,1
COPS4,CFL1,1,1
COPS4,CLTB,1,1
COPS4,COMMD7,1,1
COPS4,CSPG4,1,1
COPS4,CUL2,1,1
COPS4,DCTD,1,1
COPS4,DDX50,1,1
COPS4,FAM204A,1,1
COPS4,FAM32A,1,1
COPS4,FOXF2,1,1
COPS4,GGA1,1,1
COPS4,HMGN5,1,1
COPS4,HNRNPUL2,1,1
COPS4,HPF1,1,1
COPS4,ITPRIPL1,1,1
COPS4,LATS2,1,1
COPS4,LDOC1L,1,1
COPS4,MCM3AP,1,1
COPS4,MED4,1,1
COPS4,MSANTD3,1,1
COPS4,NELFB,1,1
COPS4,NOP9,1,1
COPS4,NUMA1,1,1
COPS4,OTUB1,1,1
COPS4,PARG,1,1
COPS4,PLEKHO1,1,1
COPS4,PPP4R1,1,1
COPS4,PRDM11,1,1
COPS4,PROSER1,1,1
COPS4,RABIF,1,1
COPS4,RALA,1,1
COPS4,REST,1,1
COPS4,RHBDD3,1,1
COPS4,RP11-2C24.9,1,1
COPS4,SDCCAG8,1,1
COPS4,SPTLC2,1,1
COPS4,SUMO3,1,1
COPS4,SUPT20H,1,1
COPS4,TAF11,1,1
COPS4,TERF2,1,1
COPS4,TRIM7,1,1
COPS4,USP38,1,1
COPS4,WASF3,1,1
COPS4,ZNF266,1,1
COPS4,ZNF35,1,1
COBL,AL513122.1,1,1
COBL,ALDOA,1,1
COBL,ATMIN,1,1
COBL,ATP5G3,1,1
COBL,BCAP29,1,1
COBL,BMP7,1,1
COBL,BRK1,1,1
COBL,C11ORF95,1,1
COBL,C12ORF66,1,1
COBL,C9ORF78,1,1
COBL,CD320,1,1
COBL,CNTN1,1,1
COBL,DECR2,1,1
COBL,FAM127C,1,1
COBL,GATA6,1,1
COBL,GMPPA,1,1
COBL,GRK2,1,1
COBL,GYG1,1,1
COBL,H1F0,1,1
COBL,HLTF,1,1
COBL,HSCB,1,1
COBL,LXN,1,1
COBL,LYRM5,1,1
COBL,MALSU1,1,1
COBL,MRPL40,1,1
COBL,PDIA5,1,1
COBL,RILPL2,1,1
COBL,RXRG,1,1
COBL,TMED4,1,1
COBL,TSKU,1,1
COBL,UGP2,1,1
COBL,VMP1,1,1
DLG1,CES2,1,1
DLG1,CMTM4,1,1
DLG1,DENND2A,1,1
DLG1,DMTN,1,1
DLG1,DPH3,1,1
DLG1,SEPT5,1,1
DLG1,TRIM8,1,1
DLG1,TSHZ3,1,1
DLG1,ZNF623,1,1
KCTD13,CCDC117,1,1
KCTD13,IK,1,1
KCTD13,SMC3,1,1
KCTD13,ZNF37A,1,1
POLR2G,AGO1,1,1
POLR2G,AHCYL1,1,1
POLR2G,AMFR,1,1
POLR2G,ANKS6,1,1
POLR2G,ANP32A,1,1
POLR2G,ANXA2,1,1
POLR2G,AP4S1,1,1
POLR2G,APOL2,1,1
POLR2G,AQR,1,1
POLR2G,AREL1,1,1
POLR2G,ARFGAP2,1,1
POLR2G,ARPC1B,1,1
POLR2G,ASAP3,1,1
POLR2G,AVEN,1,1
POLR2G,BHLHB9,1,1
POLR2G,C3ORF38,1,1
POLR2G,CCNY,1,1
POLR2G,CDR2L,1,1
POLR2G,CDYL2,1,1
POLR2G,CFL1,1,1
POLR2G,CHMP7,1,1
POLR2G,CHST3,1,1
POLR2G,COG8,1,1
POLR2G,CPSF7,1,1
POLR2G,CSTF2T,1,1
POLR2G,DAAM2,1,1
POLR2G,DCP1A,1,1
POLR2G,DNAJC21,1,1
POLR2G,DNMBP,1,1
POLR2G,DPH7,1,1
POLR2G,DTNA,1,1
POLR2G,EXOC3,1,1
POLR2G,FBXO46,1,1
POLR2G,FIBP,1,1
POLR2G,GGA1,1,1
POLR2G,GGCX,1,1
POLR2G,GNAS,1,1
POLR2G,GTPBP8,1,1
POLR2G,HDAC7,1,1
POLR2G,IBTK,1,1
POLR2G,INPP5A,1,1
POLR2G,INTS5,1,1
POLR2G,IP6K2,1,1
POLR2G,ITPRIPL1,1,1
POLR2G,ITSN1,1,1
POLR2G,KLHL7,1,1
POLR2G,KREMEN1,1,1
POLR2G,KRIT1,1,1
POLR2G,LAGE3,1,1
POLR2G,LAMTOR1,1,1
POLR2G,LRRC20,1,1
POLR2G,MARK2,1,1
POLR2G,MED19,1,1
POLR2G,MED20,1,1
POLR2G,MEN1,1,1
POLR2G,MT1F,1,1
POLR2G,MTO1,1,1
POLR2G,NAGPA,1,1
POLR2G,NCS1,1,1
POLR2G,NFATC3,1,1
POLR2G,NOP10,1,1
POLR2G,NT5C,1,1
POLR2G,NUDT11,1,1
POLR2G,NUMA1,1,1
POLR2G,OTUB1,1,1
POLR2G,PAK1,1,1
POLR2G,PARG,1,1
POLR2G,PPP4R1,1,1
POLR2G,PPT1,1,1
POLR2G,PRDM11,1,1
POLR2G,PRR16,1,1
POLR2G,R3HCC1,1,1
POLR2G,RAB2A,1,1
POLR2G,RALA,1,1
POLR2G,RBPJ,1,1
POLR2G,RHBDD1,1,1
POLR2G,RHBDD3,1,1
POLR2G,RNF166,1,1
POLR2G,RNF169,1,1
POLR2G,RPS3,1,1
POLR2G,RRAGB,1,1
POLR2G,SASH1,1,1
POLR2G,SLC39A9,1,1
POLR2G,SOX6,1,1
POLR2G,TERF2,1,1
POLR2G,THEM4,1,1
POLR2G,TMEM170A,1,1
POLR2G,TMEM203,1,1
POLR2G,TMEM60,1,1
POLR2G,TMOD3,1,1
POLR2G,TOMM7,1,1
POLR2G,TOR4A,1,1
POLR2G,TPCN1,1,1
POLR2G,TRIO,1,1
POLR2G,TRNAU1AP,1,1
POLR2G,TSPAN5,1,1
POLR2G,UBAC1,1,1
POLR2G,UBXN1,1,1
POLR2G,VPS4A,1,1
POLR2G,WDR82,1,1
POLR2G,ZBED6,1,1
POLR2G,ZNF22,1,1
POLR2G,ZNF23,1,1
POLR2G,ZNF510,1,1
POLR2G,ZNF532,1,1
POLR2G,ZNF669,1,1
POLR2G,ZNF772,1,1
PIN1,ACO2,1,1
PIN1,ARPC1B,1,1
PIN1,CDC42SE1,1,1
PIN1,CHMP7,1,1
PIN1,KLHL7,1,1
PIN1,KREMEN1,1,1
PIN1,MAD1L1,1,1
PIN1,MARK2,1,1
PIN1,NCS1,1,1
PIN1,NFATC3,1,1
PIN1,NXPE3,1,1
PIN1,PAFAH1B2,1,1
PIN1,PAK1,1,1
PIN1,R3HCC1,1,1
PIN1,RNF169,1,1
PIN1,RPUSD3,1,1
PIN1,SLC25A11,1,1
PIN1,TMEM60,1,1
PIN1,TMOD3,1,1
PIN1,TOMM7,1,1
PIN1,VKORC1,1,1
PIN1,ZNF669,1,1
PIN1,ZNF772,1,1
CDR2L,ABL1,1,1
CDR2L,ANKS6,1,1
CDR2L,ANXA2,1,1
CDR2L,APOL2,1,1
CDR2L,AQR,1,1
CDR2L,ARPC1B,1,1
CDR2L,BHLHB9,1,1
CDR2L,CCNY,1,1
CDR2L,CDYL2,1,1
CDR2L,CHMP7,1,1
CDR2L,COG8,1,1
CDR2L,DAAM2,1,1
CDR2L,DMTN,1,1
CDR2L,DNMBP,1,1
CDR2L,DPH7,1,1
CDR2L,DTNA,1,1
CDR2L,EXOC3,1,1
CDR2L,FAM65A,1,1
CDR2L,FBXO46,1,1
CDR2L,FIBP,1,1
CDR2L,HDAC7,1,1
CDR2L,HEATR6,1,1
CDR2L,HUS1,1,1
CDR2L,IBTK,1,1
CDR2L,ITSN1,1,1
CDR2L,KANK1,1,1
CDR2L,KRIT1,1,1
CDR2L,LRRC20,1,1
CDR2L,LZTFL1,1,1
CDR2L,MAD1L1,1,1
CDR2L,MED19,1,1
CDR2L,MED20,1,1
CDR2L,MEN1,1,1
CDR2L,MRPL18,1,1
CDR2L,MT1F,1,1
CDR2L,MTO1,1,1
CDR2L,NAALAD2,1,1
CDR2L,NCS1,1,1
CDR2L,NOP10,1,1
CDR2L,NT5C,1,1
CDR2L,NUMA1,1,1
CDR2L,OTUB1,1,1
CDR2L,OTUB2,1,1
CDR2L,PAK1,1,1
CDR2L,PARG,1,1
CDR2L,PKN1,1,1
CDR2L,PPT1,1,1
CDR2L,PRDM11,1,1
CDR2L,PRKAR1A,1,1
CDR2L,PSENEN,1,1
CDR2L,RAB2A,1,1
CDR2L,RNF166,1,1
CDR2L,RNF169,1,1
CDR2L,RPS3,1,1
CDR2L,RRAGB,1,1
CDR2L,SLC39A9,1,1
CDR2L,SOX6,1,1
CDR2L,TMEM203,1,1
CDR2L,TMEM60,1,1
CDR2L,TMOD3,1,1
CDR2L,TNFAIP1,1,1
CDR2L,TOR4A,1,1
CDR2L,TPCN1,1,1
CDR2L,TRIM8,1,1
CDR2L,TRIO,1,1
CDR2L,TRNAU1AP,1,1
CDR2L,TSPAN5,1,1
CDR2L,TXNDC11,1,1
CDR2L,UBAC1,1,1
CDR2L,UBXN1,1,1
CDR2L,USF1,1,1
CDR2L,VPS4A,1,1
CDR2L,VPS51,1,1
CDR2L,ZBED6,1,1
CDR2L,ZMYM6,1,1
CDR2L,ZNF22,1,1
CDR2L,ZNF23,1,1
CDR2L,ZNF510,1,1
CDR2L,ZNF532,1,1
CDR2L,ZNF669,1,1
CDR2L,ZNF772,1,1
HLTF,BAMBI,1,1
HLTF,BCAP29,1,1
HLTF,BMP7,1,1
HLTF,BRK1,1,1
HLTF,C11ORF95,1,1
HLTF,CD200,1,1
HLTF,COX17,1,1
HLTF,DECR2,1,1
HLTF,EPS8L2,1,1
HLTF,FAM127C,1,1
HLTF,LXN,1,1
HLTF,MON1A,1,1
HLTF,PDIA5,1,1
HLTF,PLOD1,1,1
HLTF,RILPL2,1,1
HLTF,RXRG,1,1
HLTF,SDC3,1,1
HLTF,TMED4,1,1
HLTF,TMEM214,1,1
HLTF,TNFSF13B,1,1
HLTF,UGP2,1,1
HLTF,VPS37C,1,1
HOXC6,ABL1,1,1
HOXC6,ACVR2B,1,1
HOXC6,AIP,1,1
HOXC6,AKIRIN1,1,1
HOXC6,APBB2,1,1
HOXC6,AREL1,1,1
HOXC6,ARNT2,1,1
HOXC6,ATPAF1,1,1
HOXC6,CASP6,1,1
HOXC6,CDK2AP2,1,1
HOXC6,COA6,1,1
HOXC6,COG8,1,1
HOXC6,DNPEP,1,1
HOXC6,DOPEY2,1,1
HOXC6,DTNA,1,1
HOXC6,EPS8L2,1,1
HOXC6,FBXL15,1,1
HOXC6,FBXL19,1,1
HOXC6,FZD7,1,1
HOXC6,IP6K2,1,1
HOXC6,JUND,1,1
HOXC6,KCNQ5,1,1
HOXC6,LINC00094,1,1
HOXC6,LRRC20,1,1
HOXC6,MAF 1.00,1,1
HOXC6,MAP4K2,1,1
HOXC6,NAXD,1,1
HOXC6,PCMT1,1,1
HOXC6,PITPNM1,1,1
HOXC6,PPT1,1,1
HOXC6,PTP4A1,1,1
HOXC6,SCMH1,1,1
HOXC6,SDC3,1,1
HOXC6,SND1,1,1
HOXC6,SPTBN2,1,1
HOXC6,SUPT20H,1,1
HOXC6,THEM4,1,1
HOXC6,TMEM136,1,1
HOXC6,TNFAIP1,1,1
HOXC6,UBXN1,1,1
HOXC6,VPS51,1,1
HOXC6,ZCCHC17,1,1
HOXC6,ZFP41,1,1
HOXC6,ZKSCAN8,1,1
HOXC6,ZNF542P,1,1
HOXC6,ZNF740,1,1
ITPRIP,ADH5,1,1
ITPRIP,AIFM1,1,1
ITPRIP,AP1S2,1,1
ITPRIP,APH1A,1,1
ITPRIP,ARHGEF9,1,1
ITPRIP,AVEN,1,1
ITPRIP,BHLHB9,1,1
ITPRIP,CCNY,1,1
ITPRIP,CDYL2,1,1
ITPRIP,CFL1,1,1
ITPRIP,COG3,1,1
ITPRIP,COMMD7,1,1
ITPRIP,COQ10A,1,1
ITPRIP,CSPG4,1,1
ITPRIP,CUTC,1,1
ITPRIP,DCTD,1,1
ITPRIP,DDX50,1,1
ITPRIP,DHDDS,1,1
ITPRIP,DPH3,1,1
ITPRIP,EHMT2,1,1
ITPRIP,ENDOD1,1,1
ITPRIP,FAM135A,1,1
ITPRIP,FAM204A,1,1
ITPRIP,FAM32A,1,1
ITPRIP,FBXO46,1,1
ITPRIP,HNRNPUL2,1,1
ITPRIP,HOXC11,1,1
ITPRIP,HPF1,1,1
ITPRIP,IBTK,1,1
ITPRIP,LRRC20,1,1
ITPRIP,MEF2C,1,1
ITPRIP,MEN1,1,1
ITPRIP,MRPL43,1,1
ITPRIP,MT1F,1,1
ITPRIP,MX2,1,1
ITPRIP,NBPF15,1,1
ITPRIP,NDUFB2,1,1
ITPRIP,NUMA1,1,1
ITPRIP,OTUB1,1,1
ITPRIP,PARG,1,1
ITPRIP,PLBD2,1,1
ITPRIP,PRDM11,1,1
ITPRIP,PRRC2A,1,1
ITPRIP,RAB5C,1,1
ITPRIP,RALA,1,1
ITPRIP,RB1,1,1
ITPRIP,RHBDD1,1,1
ITPRIP,RHBDD3,1,1
ITPRIP,RNF121,1,1
ITPRIP,RP11-2C24.9,1,1
ITPRIP,RPL29,1,1
ITPRIP,RPL7A,1,1
ITPRIP,RPS3,1,1
ITPRIP,RPS3A,1,1
ITPRIP,RRAGB,1,1
ITPRIP,SH3GLB1,1,1
ITPRIP,SMG7,1,1
ITPRIP,SPRYD4,1,1
ITPRIP,TANC1,1,1
ITPRIP,TERF2,1,1
ITPRIP,TGIF2,1,1
ITPRIP,TMC6,1,1
ITPRIP,TMEM170A,1,1
ITPRIP,TOR4A,1,1
ITPRIP,TPM2,1,1
ITPRIP,TRIM8,1,1
ITPRIP,TRIO,1,1
ITPRIP,TSPAN5,1,1
ITPRIP,TUBGCP2,1,1
ITPRIP,UBAC1,1,1
ITPRIP,USP38,1,1
ITPRIP,ZBED6,1,1
ITPRIP,ZBTB12,1,1
ITPRIP,ZC4H2,1,1
ITPRIP,ZNF22,1,1
ITPRIP,ZNF35,1,1
ITPRIP,ZNF623,1,1
SEC63,ABL1,1,1
SEC63,AKIRIN1,1,1
SEC63,AP1S2,1,1
SEC63,ARFGAP2,1,1
SEC63,BRCA1,1,1
SEC63,DPH7,1,1
SEC63,DSE,1,1
SEC63,DTNA,1,1
SEC63,HOXC11,1,1
SEC63,IBTK,1,1
SEC63,KCNQ5,1,1
SEC63,KRIT1,1,1
SEC63,LAMTOR1,1,1
SEC63,LRRC20,1,1
SEC63,MAD2L1BP,1,1
SEC63,MDGA1,1,1
SEC63,NAXD,1,1
SEC63,NUMA1,1,1
SEC63,PCMT1,1,1
SEC63,PPT1,1,1
SEC63,RAB2A,1,1
SEC63,RFTN1,1,1
SEC63,RPAIN,1,1
SEC63,THEM4,1,1
SEC63,TMEM258,1,1
SEC63,TNIK,1,1
SEC63,TPM2,1,1
SEC63,VPS51,1,1
SEC63,ZCCHC17,1,1
SEC63,ZNF280D,1,1
SEC63,ZNF542P,1,1
UPF3B,DKK 3.00,1,1
UPF3B,EPS8L2,1,1
UPF3B,FH,1,1
UPF3B,SDK1,1,1
BHLHE40,LYRM5,1,1
IP6K2,ABL1,1,1
IP6K2,ACVR2B,1,1
IP6K2,AHCYL1,1,1
IP6K2,AKIRIN1,1,1
IP6K2,AP1S2,1,1
IP6K2,AP4S1,1,1
IP6K2,APOL2,1,1
IP6K2,AREL1,1,1
IP6K2,ARNT2,1,1
IP6K2,AVEN,1,1
IP6K2,BAMBI,1,1
IP6K2,BHLHB9,1,1
IP6K2,CCNY,1,1
IP6K2,CDK2AP2,1,1
IP6K2,CDYL2,1,1
IP6K2,CHMP7,1,1
IP6K2,CHST3,1,1
IP6K2,COA6,1,1
IP6K2,COG8,1,1
IP6K2,DAAM2,1,1
IP6K2,DCP1A,1,1
IP6K2,DECR2,1,1
IP6K2,DNPEP,1,1
IP6K2,DOPEY2,1,1
IP6K2,DSE,1,1
IP6K2,DTNA,1,1
IP6K2,EPS8L2,1,1
IP6K2,FAM127C,1,1
IP6K2,FBXL19,1,1
IP6K2,GGCX,1,1
IP6K2,HNRNPUL2,1,1
IP6K2,HOXC11,1,1
IP6K2,IBTK,1,1
IP6K2,INPP5A,1,1
IP6K2,ITPRIPL1,1,1
IP6K2,ITSN1,1,1
IP6K2,KCNQ5,1,1
IP6K2,KLF12,1,1
IP6K2,KLHL7,1,1
IP6K2,KRIT1,1,1
IP6K2,LAMTOR1,1,1
IP6K2,LRRC20,1,1
IP6K2,LXN,1,1
IP6K2,MAD2L1BP,1,1
IP6K2,MAPKAPK3,1,1
IP6K2,MARK2,1,1
IP6K2,MED19,1,1
IP6K2,MEN1,1,1
IP6K2,NELFB,1,1
IP6K2,NOP10,1,1
IP6K2,NSL1,1,1
IP6K2,NT5C,1,1
IP6K2,NT5C2,1,1
IP6K2,NUDT11,1,1
IP6K2,NUMA1,1,1
IP6K2,NXPE3,1,1
IP6K2,PAK1,1,1
IP6K2,PARG,1,1
IP6K2,PCMT1,1,1
IP6K2,PLEKHO1,1,1
IP6K2,PLOD1,1,1
IP6K2,PPP4R1,1,1
IP6K2,PPT1,1,1
IP6K2,PRDM11,1,1
IP6K2,RAB2A,1,1
IP6K2,RFTN1,1,1
IP6K2,RPAIN,1,1
IP6K2,RRAGB,1,1
IP6K2,RXRG,1,1
IP6K2,SCMH1,1,1
IP6K2,SDC3,1,1
IP6K2,SND1,1,1
IP6K2,SPTBN2,1,1
IP6K2,SPTLC2,1,1
IP6K2,SUPT20H,1,1
IP6K2,TANC1,1,1
IP6K2,TET2,1,1
IP6K2,THEM4,1,1
IP6K2,TMEM214,1,1
IP6K2,TMEM258,1,1
IP6K2,TMSB15B,1,1
IP6K2,TNFAIP1,1,1
IP6K2,TNFSF13B,1,1
IP6K2,TPCN1,1,1
IP6K2,TPM2,1,1
IP6K2,TRIM8,1,1
IP6K2,TRNAU1AP,1,1
IP6K2,UBXN1,1,1
IP6K2,VPS4A,1,1
IP6K2,VPS51,1,1
IP6K2,ZCCHC17,1,1
IP6K2,ZFP41,1,1
IP6K2,ZNF22,1,1
IP6K2,ZNF354C,1,1
IP6K2,ZNF510,1,1
IP6K2,ZNF532,1,1
IP6K2,ZNF740,1,1
IP6K2,ZNF772,1,1
IP6K2,ZNF788,1,1
PCGF1,ATMIN,1,1
PCGF1,GMPPA,1,1
PCGF1,GNPAT,1,1
PCGF1,H1F0,1,1
PCGF1,HSCB,1,1
PCGF1,MALSU1,1,1
ARHGEF9,CDYL2,1,1
ARHGEF9,DMTN,1,1
ARHGEF9,FBXO46,1,1
ARHGEF9,FIBP,1,1
ARHGEF9,GGACT,1,1
ARHGEF9,HOXC11,1,1
ARHGEF9,LRRC20,1,1
ARHGEF9,LZTFL1,1,1
ARHGEF9,MX2,1,1
ARHGEF9,NBPF15,1,1
ARHGEF9,PCMTD2,1,1
ARHGEF9,RAB5C,1,1
ARHGEF9,RPAIN,1,1
ARHGEF9,RPL26,1,1
ARHGEF9,RPL29,1,1
ARHGEF9,RPL7A,1,1
ARHGEF9,RPL9P9,1,1
ARHGEF9,RPS27,1,1
ARHGEF9,RPS3,1,1
ARHGEF9,RPS3A,1,1
ARHGEF9,RRAGB,1,1
ARHGEF9,SEPT5,1,1
ARHGEF9,SMG7,1,1
ARHGEF9,TMEM258,1,1
ARHGEF9,TMEM42,1,1
ARHGEF9,TMEM50B,1,1
ARHGEF9,TPM2,1,1
ARHGEF9,TRIM8,1,1
ARHGEF9,TSPAN5,1,1
ARHGEF9,UBXN1,1,1
ARHGEF9,ZNF133,1,1
ARHGEF9,ZNF22,1,1
ARHGEF9,ZNF280D,1,1
ARHGEF9,ZNF623,1,1
TMEM203,AGO1,1,1
TMEM203,ANKS6,1,1
TMEM203,ANXA2,1,1
TMEM203,APOL2,1,1
TMEM203,AQR,1,1
TMEM203,ARPC1B,1,1
TMEM203,BHLHB9,1,1
TMEM203,CCNY,1,1
TMEM203,CDYL2,1,1
TMEM203,CHMP7,1,1
TMEM203,COG8,1,1
TMEM203,DAAM2,1,1
TMEM203,DNMBP,1,1
TMEM203,DPH7,1,1
TMEM203,DTNA,1,1
TMEM203,EXOC3,1,1
TMEM203,FAM135A,1,1
TMEM203,FBXO46,1,1
TMEM203,FIBP,1,1
TMEM203,HDAC7,1,1
TMEM203,HOXC11,1,1
TMEM203,HUS1,1,1
TMEM203,IBTK,1,1
TMEM203,IFNGR2,1,1
TMEM203,ITSN1,1,1
TMEM203,KANK1,1,1
TMEM203,KRIT1,1,1
TMEM203,LRRC20,1,1
TMEM203,LZTFL1,1,1
TMEM203,MED19,1,1
TMEM203,MED20,1,1
TMEM203,MT1F,1,1
TMEM203,MTO1,1,1
TMEM203,NAALAD2,1,1
TMEM203,NCS1,1,1
TMEM203,NOP10,1,1
TMEM203,NT5C,1,1
TMEM203,OTUB1,1,1
TMEM203,PKN1,1,1
TMEM203,PPT1,1,1
TMEM203,PRDM11,1,1
TMEM203,PRKAR1A,1,1
TMEM203,RAB2A,1,1
TMEM203,RHBDD3,1,1
TMEM203,RNF166,1,1
TMEM203,RNF169,1,1
TMEM203,RPL7A,1,1
TMEM203,RPS3,1,1
TMEM203,RRAGB,1,1
TMEM203,SLC39A9,1,1
TMEM203,SMPDL3A,1,1
TMEM203,SOX6,1,1
TMEM203,TMEM60,1,1
TMEM203,TMOD3,1,1
TMEM203,TNFAIP1,1,1
TMEM203,TOR4A,1,1
TMEM203,TPCN1,1,1
TMEM203,TRIM8,1,1
TMEM203,TRIO,1,1
TMEM203,TRNAU1AP,1,1
TMEM203,TSPAN5,1,1
TMEM203,TXNDC11,1,1
TMEM203,UBAC1,1,1
TMEM203,UBXN1,1,1
TMEM203,USF1,1,1
TMEM203,VPS4A,1,1
TMEM203,VPS51,1,1
TMEM203,ZBED6,1,1
TMEM203,ZNF22,1,1
TMEM203,ZNF23,1,1
TMEM203,ZNF510,1,1
TMEM203,ZNF532,1,1
TMEM203,ZNF669,1,1
TMEM203,ZNF772,1,1
LRRC20,ABL1,1,1
LRRC20,ACVR2B,1,1
LRRC20,AIP,1,1
LRRC20,AKIRIN1,1,1
LRRC20,ANKS6,1,1
LRRC20,ANXA2,1,1
LRRC20,AP1S2,1,1
LRRC20,AP4S1,1,1
LRRC20,APOL2,1,1
LRRC20,AREL1,1,1
LRRC20,ATPAF1,1,1
LRRC20,AVEN,1,1
LRRC20,BHLHB9,1,1
LRRC20,CCNY,1,1
LRRC20,CDK2AP2,1,1
LRRC20,CDYL2,1,1
LRRC20,CES2,1,1
LRRC20,CHMP7,1,1
LRRC20,CHST3,1,1
LRRC20,COG8,1,1
LRRC20,DAAM2,1,1
LRRC20,DCP1A,1,1
LRRC20,DDX50,1,1
LRRC20,DMTN,1,1
LRRC20,DNMBP,1,1
LRRC20,DNPEP,1,1
LRRC20,DPH7,1,1
LRRC20,DTNA,1,1
LRRC20,EHD2,1,1
LRRC20,EXOC3,1,1
LRRC20,FBXL19,1,1
LRRC20,FBXO46,1,1
LRRC20,FIBP,1,1
LRRC20,HOXC11,1,1
LRRC20,IBTK,1,1
LRRC20,ITSN1,1,1
LRRC20,KLF12,1,1
LRRC20,KRIT1,1,1
LRRC20,LAMTOR1,1,1
LRRC20,LZTFL1,1,1
LRRC20,MAP4K2,1,1
LRRC20,MAPKAPK3,1,1
LRRC20,MED19,1,1
LRRC20,MED20,1,1
LRRC20,MEN1,1,1
LRRC20,MRPL18,1,1
LRRC20,MT1F,1,1
LRRC20,NCS1,1,1
LRRC20,NDUFB2,1,1
LRRC20,NOP10,1,1
LRRC20,NT5C,1,1
LRRC20,NUMA1,1,1
LRRC20,OTUB1,1,1
LRRC20,PARG,1,1
LRRC20,PCMT1,1,1
LRRC20,PKN1,1,1
LRRC20,PPT1,1,1
LRRC20,PRDM11,1,1
LRRC20,PSENEN,1,1
LRRC20,RAB2A,1,1
LRRC20,RHBDD1,1,1
LRRC20,RHBDD3,1,1
LRRC20,RNF166,1,1
LRRC20,RPAIN,1,1
LRRC20,RPL29,1,1
LRRC20,RPL7A,1,1
LRRC20,RPL9P9,1,1
LRRC20,RPS27,1,1
LRRC20,RPS3,1,1
LRRC20,RRAGB,1,1
LRRC20,SLC39A9,1,1
LRRC20,SND1,1,1
LRRC20,SPTBN2,1,1
LRRC20,SPTLC2,1,1
LRRC20,SUPT20H,1,1
LRRC20,TGIF2,1,1
LRRC20,THEM4,1,1
LRRC20,TMEM258,1,1
LRRC20,TMOD3,1,1
LRRC20,TNFAIP1,1,1
LRRC20,TOR4A,1,1
LRRC20,TPCN1,1,1
LRRC20,TPM2,1,1
LRRC20,TRAF7,1,1
LRRC20,TRIM8,1,1
LRRC20,TRIO,1,1
LRRC20,TRNAU1AP,1,1
LRRC20,TSPAN5,1,1
LRRC20,TXNDC11,1,1
LRRC20,UBAC1,1,1
LRRC20,UBXN1,1,1
LRRC20,USF1,1,1
LRRC20,VPS4A,1,1
LRRC20,VPS51,1,1
LRRC20,ZBED6,1,1
LRRC20,ZCCHC17,1,1
LRRC20,ZFP41,1,1
LRRC20,ZMYM6,1,1
LRRC20,ZNF22,1,1
LRRC20,ZNF23,1,1
LRRC20,ZNF280D,1,1
LRRC20,ZNF510,1,1
LRRC20,ZNF532,1,1
LRRC20,ZNF542P,1,1
LRRC20,ZNF623,1,1
LRRC20,ZNF740,1,1
PITPNM1,AIP,1,1
PITPNM1,APBB2,1,1
PITPNM1,ARAP1,1,1
PITPNM1,ARL 10.00,1,1
PITPNM1,CACNB3,1,1
PITPNM1,COA6,1,1
PITPNM1,CRHR1-IT1,1,1
PITPNM1,DDAH2,1,1
PITPNM1,DDR1,1,1
PITPNM1,DENND2A,1,1
PITPNM1,EPS8L2,1,1
PITPNM1,FBXL15,1,1
PITPNM1,GPATCH2L,1,1
PITPNM1,GPR173,1,1
PITPNM1,IQSEC1,1,1
PITPNM1,JUND,1,1
PITPNM1,OTUD5,1,1
PITPNM1,PPP1R11,1,1
PITPNM1,RAB39B,1,1
PITPNM1,SPTBN2,1,1
PITPNM1,TMEM44,1,1
PITPNM1,TSTD2,1,1
PITPNM1,USP45,1,1
PITPNM1,ZKSCAN7,1,1
FAM204A,ADH5,1,1
FAM204A,ALG5,1,1
FAM204A,ANXA2,1,1
FAM204A,APH1A,1,1
FAM204A,ASXL1,1,1
FAM204A,AVEN,1,1
FAM204A,BHLHB9,1,1
FAM204A,BLOC1S2,1,1
FAM204A,CCNY,1,1
FAM204A,CDYL2,1,1
FAM204A,CFL1,1,1
FAM204A,COG3,1,1
FAM204A,COMMD7,1,1
FAM204A,COQ10A,1,1
FAM204A,CPSF7,1,1
FAM204A,CSPG4,1,1
FAM204A,CUL2,1,1
FAM204A,CUTC,1,1
FAM204A,CX3CL1,1,1
FAM204A,CYTH2,1,1
FAM204A,DCTD,1,1
FAM204A,DDX50,1,1
FAM204A,DNMBP,1,1
FAM204A,EHMT2,1,1
FAM204A,ENDOD1,1,1
FAM204A,ERBIN,1,1
FAM204A,FAM135A,1,1
FAM204A,FAM32A,1,1
FAM204A,FBXO46,1,1
FAM204A,GGA1,1,1
FAM204A,HNRNPUL2,1,1
FAM204A,HPF1,1,1
FAM204A,IBTK,1,1
FAM204A,KLHL2,1,1
FAM204A,MCM3AP,1,1
FAM204A,MED4,1,1
FAM204A,MEF2C,1,1
FAM204A,MID1,1,1
FAM204A,MT1F,1,1
FAM204A,NAALAD2,1,1
FAM204A,NDUFB2,1,1
FAM204A,NOP10,1,1
FAM204A,NOP9,1,1
FAM204A,NPRL3,1,1
FAM204A,NUMA1,1,1
FAM204A,OTUB1,1,1
FAM204A,PARG,1,1
FAM204A,PLBD2,1,1
FAM204A,PPP4R1,1,1
FAM204A,PRDM11,1,1
FAM204A,PROSER1,1,1
FAM204A,PRRC2A,1,1
FAM204A,PTBP2,1,1
FAM204A,RALA,1,1
FAM204A,RB1,1,1
FAM204A,RCE1,1,1
FAM204A,REST,1,1
FAM204A,RHBDD1,1,1
FAM204A,RHBDD3,1,1
FAM204A,RNF166,1,1
FAM204A,RP11-2C24.9,1,1
FAM204A,SDCCAG8,1,1
FAM204A,SH3GLB1,1,1
FAM204A,SLC16A7,1,1
FAM204A,SUMF2,1,1
FAM204A,TERF2,1,1
FAM204A,TGIF2,1,1
FAM204A,TMC6,1,1
FAM204A,TMEM170A,1,1
FAM204A,TOR4A,1,1
FAM204A,TRIO,1,1
FAM204A,UBAC1,1,1
FAM204A,USP38,1,1
FAM204A,ZBED6,1,1
FAM204A,ZC4H2,1,1
FAM204A,ZNF22,1,1
FAM204A,ZNF35,1,1
ZNF41,CASP6,1,1
ZNF41,PPP2R5C,1,1
ZNF41,RSF1,1,1
ZNF41,VWA8,1,1
RILPL2,ALDOA,1,1
RILPL2,BRK1,1,1
RILPL2,C11ORF95,1,1
RILPL2,EPS8L2,1,1
RILPL2,LXN,1,1
RILPL2,MRPL40,1,1
RILPL2,SEC16A,1,1
RILPL2,TNFSF13B,1,1
RILPL2,UGP2,1,1
CACNB3,ANO8,1,1
CACNB3,DDAH2,1,1
CACNB3,GPR173,1,1
CACNB3,KDM4A,1,1
CACNB3,OTUD5,1,1
CACNB3,PPP1R11,1,1
CACNB3,RAB39B,1,1
CACNB3,TMEM44,1,1
CACNB3,TSHZ3,1,1
COQ10A,APH1A,1,1
COQ10A,CACUL1,1,1
COQ10A,COG3,1,1
COQ10A,COMMD7,1,1
COQ10A,CSPG4,1,1
COQ10A,DDX50,1,1
COQ10A,EHMT2,1,1
COQ10A,FAM32A,1,1
COQ10A,HSD3B7,1,1
COQ10A,KLHL2,1,1
COQ10A,MEF2C,1,1
COQ10A,MRPL43,1,1
COQ10A,OPA3,1,1
COQ10A,PCBD1,1,1
COQ10A,PROSER1,1,1
COQ10A,RB1,1,1
COQ10A,RNF121,1,1
COQ10A,SDCCAG8,1,1
COQ10A,SH3GLB1,1,1
COQ10A,SMG7,1,1
COQ10A,SPRYD4,1,1
COQ10A,STAP2,1,1
COQ10A,TGIF2,1,1
COQ10A,TUBGCP2,1,1
COQ10A,USP38,1,1
COQ10A,ZBTB12,1,1
COQ10A,ZC4H2,1,1
COQ10A,ZNF35,1,1
FNTA,C12ORF66,1,1
FNTA,GRK2,1,1
FNTA,HSCB,1,1
FNTA,KBTBD6,1,1
FNTA,NT5C2,1,1
FNTA,UBR4,1,1
ZNF623,CDK2AP2,1,1
ZNF623,CMTM4,1,1
ZNF623,COG3,1,1
ZNF623,COG8,1,1
ZNF623,DENND2A,1,1
ZNF623,DMTN,1,1
ZNF623,DPH3,1,1
ZNF623,FBXO46,1,1
ZNF623,HSD3B7,1,1
ZNF623,LZTFL1,1,1
ZNF623,MRPL43,1,1
ZNF623,NBPF15,1,1
ZNF623,PARG,1,1
ZNF623,RNF121,1,1
ZNF623,RPS27,1,1
ZNF623,RRAGB,1,1
ZNF623,SEPT5,1,1
ZNF623,SPRYD4,1,1
ZNF623,TGIF2,1,1
ZNF623,TRIM8,1,1
ZNF623,TSHZ3,1,1
ZNF623,TUBGCP2,1,1
ZNF623,UBXN1,1,1
ZNF623,ZBED6,1,1
ZNF623,ZBTB12,1,1
ZNF623,ZFP41,1,1
ZNF623,ZNF22,1,1
ZNF623,ZNF740,1,1
LRRC37BP1,OPA3,1,1
LDAH,ABCB1,1,1
LDAH,AMFR,1,1
LDAH,CES2,1,1
LDAH,DENND2A,1,1
LDAH,DNPEP,1,1
LDAH,EHD2,1,1
LDAH,FIBP,1,1
LDAH,GGACT,1,1
LDAH,MAP4K2,1,1
LDAH,PKN1,1,1
LDAH,RPS27,1,1
LDAH,RRAGB,1,1
LDAH,SLC39A9,1,1
LDAH,TMEM42,1,1
LDAH,UBXN1,1,1
LDAH,VPS51,1,1
POLR2A,ALDH3B1,1,1
HMGCS1,DSE,1,1
HMGCS1,FADS2,1,1
HMGCS1,MX2,1,1
HMGCS1,NCOA7,1,1
HMGCS1,PITX1,1,1
HMGCS1,TPM2,1,1
MAP2K7,C2CD3,1,1
MAP2K7,TRIM39,1,1
MAP2K7,TTC19,1,1
KDM4A,DDAH2,1,1
KDM4A,DENND2A,1,1
KDM4A,OTUD5,1,1
KDM4A,RAB39B,1,1
KDM4A,RASSF2,1,1
KDM4A,SEPT5,1,1
KDM4A,TMEM44,1,1
KDM4A,TSHZ3,1,1
SEPT6,AHCYL1,1,1
SEPT6,COX7A2,1,1
SEPT6,IDH1,1,1
SEPT6,SGK1,1,1
SEPT6,SLC25A11,1,1
CLASP1,ARAP3,1,1
CLASP1,JUND,1,1
UTP3,CCDC12,1,1
UTP3,CPSF7,1,1
UTP3,FOXF2,1,1
UTP3,GGA1,1,1
UTP3,ITPRIPL1,1,1
UTP3,LDOC1L,1,1
UTP3,MSANTD3,1,1
UTP3,NOP10,1,1
UTP3,NOP9,1,1
UTP3,PPP4R1,1,1
UTP3,REST,1,1
UTP3,REV1,1,1
UTP3,SS18L2,1,1
UTP3,WDR82,1,1
UTP3,ZNF354C,1,1
VKORC1,ANP32A,1,1
VKORC1,MTMR9,1,1
VKORC1,NFATC3,1,1
VKORC1,PAFAH1B2,1,1
VKORC1,R3HCC1,1,1
VKORC1,RPUSD3,1,1
VKORC1,RUFY2,1,1
TRIM8,ABL1,1,1
TRIM8,ANKS6,1,1
TRIM8,ANXA2,1,1
TRIM8,APOL2,1,1
TRIM8,AVEN,1,1
TRIM8,BHLHB9,1,1
TRIM8,CCDC169,1,1
TRIM8,CCNY,1,1
TRIM8,CDK2AP2,1,1
TRIM8,CDYL2,1,1
TRIM8,CES2,1,1
TRIM8,CHMP7,1,1
TRIM8,CMTM4,1,1
TRIM8,COG3,1,1
TRIM8,COG8,1,1
TRIM8,CYTH2,1,1
TRIM8,DDX50,1,1
TRIM8,DENND2A,1,1
TRIM8,DMTN,1,1
TRIM8,DPH3,1,1
TRIM8,DTNA,1,1
TRIM8,EHD2,1,1
TRIM8,EHMT2,1,1
TRIM8,EXOC3,1,1
TRIM8,FADS3,1,1
TRIM8,FAM89B,1,1
TRIM8,FBXL19,1,1
TRIM8,FBXO46,1,1
TRIM8,FIBP,1,1
TRIM8,HOXC11,1,1
TRIM8,HSD3B7,1,1
TRIM8,IBTK,1,1
TRIM8,KLF12,1,1
TRIM8,KRIT1,1,1
TRIM8,LZTFL1,1,1
TRIM8,MED20,1,1
TRIM8,MEN1,1,1
TRIM8,MRPL18,1,1
TRIM8,MRPL43,1,1
TRIM8,MT1F,1,1
TRIM8,NAALAD2,1,1
TRIM8,NCS1,1,1
TRIM8,NDUFB2,1,1
TRIM8,NT5C,1,1
TRIM8,NUMA1,1,1
TRIM8,OTUB1,1,1
TRIM8,PARG,1,1
TRIM8,PCMT1,1,1
TRIM8,PKN1,1,1
TRIM8,PRDM11,1,1
TRIM8,PRRC2A,1,1
TRIM8,RAB2A,1,1
TRIM8,RHBDD1,1,1
TRIM8,RNF121,1,1
TRIM8,RNF169,1,1
TRIM8,RPL7A,1,1
TRIM8,RPS27,1,1
TRIM8,RPS3,1,1
TRIM8,RRAGB,1,1
TRIM8,SEPT5,1,1
TRIM8,SLC39A9,1,1
TRIM8,SPTBN2,1,1
TRIM8,TGIF2,1,1
TRIM8,TMC6,1,1
TRIM8,TMEM258,1,1
TRIM8,TMEM60,1,1
TRIM8,TNFAIP1,1,1
TRIM8,TOR4A,1,1
TRIM8,TPCN1,1,1
TRIM8,TRIO,1,1
TRIM8,TSHZ3,1,1
TRIM8,TSPAN5,1,1
TRIM8,UBAC1,1,1
TRIM8,UBXN1,1,1
TRIM8,VPS51,1,1
TRIM8,ZBED6,1,1
TRIM8,ZBTB12,1,1
TRIM8,ZFP41,1,1
TRIM8,ZNF22,1,1
TRIM8,ZNF23,1,1
TRIM8,ZNF532,1,1
TRIM8,ZNF740,1,1
RUFY2,ANP32A,1,1
RUFY2,MTMR9,1,1
RUFY2,NFATC3,1,1
RUFY2,R3HCC1,1,1
RUFY2,ZNF772,1,1
ANKS6,ABL1,1,1
ANKS6,ANXA2,1,1
ANKS6,ARPC1B,1,1
ANKS6,BHLHB9,1,1
ANKS6,CDYL2,1,1
ANKS6,CHMP7,1,1
ANKS6,COG8,1,1
ANKS6,DAPK3,1,1
ANKS6,DNMBP,1,1
ANKS6,DPH7,1,1
ANKS6,DTNA,1,1
ANKS6,EXOC3,1,1
ANKS6,FAM65A,1,1
ANKS6,FIBP,1,1
ANKS6,HEATR6,1,1
ANKS6,IBTK,1,1
ANKS6,ITSN1,1,1
ANKS6,KANK1,1,1
ANKS6,KRIT1,1,1
ANKS6,MAD1L1,1,1
ANKS6,MAP4K2,1,1
ANKS6,MED19,1,1
ANKS6,MED20,1,1
ANKS6,NAALAD2,1,1
ANKS6,NCS1,1,1
ANKS6,NOP10,1,1
ANKS6,NT5C,1,1
ANKS6,OTUB2,1,1
ANKS6,PAK1,1,1
ANKS6,PKN1,1,1
ANKS6,PPT1,1,1
ANKS6,PRKAR1A,1,1
ANKS6,PSENEN,1,1
ANKS6,RNF166,1,1
ANKS6,RNF169,1,1
ANKS6,RRAGB,1,1
ANKS6,SLC39A9,1,1
ANKS6,SOX6,1,1
ANKS6,TMEM60,1,1
ANKS6,TMOD3,1,1
ANKS6,TNFAIP1,1,1
ANKS6,TOR4A,1,1
ANKS6,TOX4,1,1
ANKS6,TPCN1,1,1
ANKS6,TRIM22,1,1
ANKS6,TSPAN5,1,1
ANKS6,TUBGCP4,1,1
ANKS6,TXNDC11,1,1
ANKS6,UBAC1,1,1
ANKS6,UBXN1,1,1
ANKS6,USF1,1,1
ANKS6,VPS4A,1,1
ANKS6,VPS51,1,1
ANKS6,ZBED6,1,1
ANKS6,ZMYM6,1,1
ANKS6,ZNF22,1,1
ANKS6,ZNF23,1,1
ANKS6,ZNF510,1,1
ANKS6,ZNF532,1,1
ANKS6,ZNF669,1,1
ANKS6,ZNF772,1,1
THEM4,ABL1,1,1
THEM4,ACVR2B,1,1
THEM4,AIP,1,1
THEM4,AKIRIN1,1,1
THEM4,AREL1,1,1
THEM4,ARNT2,1,1
THEM4,ATPAF1,1,1
THEM4,BHLHB9,1,1
THEM4,CDYL2,1,1
THEM4,COG8,1,1
THEM4,CYLD,1,1
THEM4,DAAM2,1,1
THEM4,DNPEP,1,1
THEM4,DOPEY2,1,1
THEM4,DSE,1,1
THEM4,DTNA,1,1
THEM4,FBXO11,1,1
THEM4,GGCX,1,1
THEM4,HEATR6,1,1
THEM4,HOXC11,1,1
THEM4,IFNGR2,1,1
THEM4,KCNQ5,1,1
THEM4,KRIT1,1,1
THEM4,LAMTOR1,1,1
THEM4,MAD2L1BP,1,1
THEM4,MAP4K2,1,1
THEM4,MED19,1,1
THEM4,NT5C,1,1
THEM4,NUDT11,1,1
THEM4,NUMA1,1,1
THEM4,PCMT1,1,1
THEM4,PEX3,1,1
THEM4,PPT1,1,1
THEM4,PTP4A1,1,1
THEM4,RAB2A,1,1
THEM4,RFTN1,1,1
THEM4,RHBDF2,1,1
THEM4,RRAGB,1,1
THEM4,SCMH1,1,1
THEM4,SDC3,1,1
THEM4,SLC39A9,1,1
THEM4,SND1,1,1
THEM4,SPTBN2,1,1
THEM4,SUPT20H,1,1
THEM4,TMEM136,1,1
THEM4,TMEM258,1,1
THEM4,TPCN1,1,1
THEM4,TRAF7,1,1
THEM4,TRNAU1AP,1,1
THEM4,TXNDC11,1,1
THEM4,UBXN1,1,1
THEM4,VPS4A,1,1
THEM4,VPS51,1,1
THEM4,ZCCHC17,1,1
THEM4,ZNF266,1,1
THEM4,ZNF280D,1,1
THEM4,ZNF510,1,1
THEM4,ZNF542P,1,1
THEM4,ZNF740,1,1
THEM4,ZNF788,1,1
OAS3,LPAR1,1,1
OAS3,RSF1,1,1
GIT2,ESYT2,1,1
IFNGR2,COQ9,1,1
IFNGR2,NDUFV1,1,1
IFNGR2,PPT1,1,1
IFNGR2,PTP4A1,1,1
IFNGR2,RPL36AL,1,1
IFNGR2,SMPDL3A,1,1
IFNGR2,TXNDC11,1,1
IFNGR2,VPS4A,1,1
IFNGR2,ZNF542P,1,1
GRB10,ADGRG6,1,1
GRB10,BAP1,1,1
GRB10,BCAP29,1,1
GRB10,CNTNAP3,1,1
GRB10,CRBN,1,1
GRB10,DNAJA3,1,1
GRB10,FAM127C,1,1
GRB10,FDX1,1,1
GRB10,FZD7,1,1
GRB10,MARCH8,1,1
GRB10,PLOD1,1,1
GRB10,SLC39A10,1,1
GRB10,TAX1BP3,1,1
NDUFV1,COQ9,1,1
ZNF280D,ACVR2B,1,1
ZNF280D,AIP,1,1
ZNF280D,AKIRIN1,1,1
ZNF280D,APOLD1,1,1
ZNF280D,ATPAF1,1,1
ZNF280D,DNPEP,1,1
ZNF280D,HOXC11,1,1
ZNF280D,LZTFL1,1,1
ZNF280D,MAD2L1BP,1,1
ZNF280D,NAXD,1,1
ZNF280D,PCMT1,1,1
ZNF280D,PEX3,1,1
ZNF280D,RAB5C,1,1
ZNF280D,RPAIN,1,1
ZNF280D,RPL26,1,1
ZNF280D,SMG7,1,1
ZNF280D,SPRYD4,1,1
ZNF280D,SPTBN2,1,1
ZNF280D,TMEM258,1,1
ZNF280D,TMEM42,1,1
ZNF280D,UBXN1,1,1
ZNF280D,ZCCHC17,1,1
ZNF280D,ZNF133,1,1
ZNF280D,ZNF542P,1,1
RHBDD1,ALG5,1,1
RHBDD1,ANXA2,1,1
RHBDD1,AP4S1,1,1
RHBDD1,APOL2,1,1
RHBDD1,ASAP3,1,1
RHBDD1,AVEN,1,1
RHBDD1,BHLHB9,1,1
RHBDD1,CCNY,1,1
RHBDD1,CDYL2,1,1
RHBDD1,CFL1,1,1
RHBDD1,CHMP7,1,1
RHBDD1,CHST3,1,1
RHBDD1,COG8,1,1
RHBDD1,CSTF2T,1,1
RHBDD1,CYTH2,1,1
RHBDD1,DCP1A,1,1
RHBDD1,DCTD,1,1
RHBDD1,DDX50,1,1
RHBDD1,DNMBP,1,1
RHBDD1,EHMT2,1,1
RHBDD1,FAM32A,1,1
RHBDD1,FBXO46,1,1
RHBDD1,GGA1,1,1
RHBDD1,IBTK,1,1
RHBDD1,INTS5,1,1
RHBDD1,ITSN1,1,1
RHBDD1,LDOC1L,1,1
RHBDD1,MARK2,1,1
RHBDD1,MED20,1,1
RHBDD1,MEN1,1,1
RHBDD1,MT1F,1,1
RHBDD1,NCS1,1,1
RHBDD1,NDUFB2,1,1
RHBDD1,NOP10,1,1
RHBDD1,NUMA1,1,1
RHBDD1,OTUB1,1,1
RHBDD1,PARG,1,1
RHBDD1,PLEKHO1,1,1
RHBDD1,PPP4R1,1,1
RHBDD1,PRDM11,1,1
RHBDD1,PRRC2A,1,1
RHBDD1,RCE1,1,1
RHBDD1,REST,1,1
RHBDD1,RHBDD3,1,1
RHBDD1,RNF121,1,1
RHBDD1,RRAGB,1,1
RHBDD1,SUMF2,1,1
RHBDD1,TERF2,1,1
RHBDD1,TGIF2,1,1
RHBDD1,TMC6,1,1
RHBDD1,TMEM170A,1,1
RHBDD1,TOMM7,1,1
RHBDD1,TOR4A,1,1
RHBDD1,TPCN1,1,1
RHBDD1,TRIO,1,1
RHBDD1,TSPAN5,1,1
RHBDD1,UBAC1,1,1
RHBDD1,VPS4A,1,1
RHBDD1,WDR82,1,1
RHBDD1,ZBED6,1,1
RHBDD1,ZNF22,1,1
RHBDD1,ZNF510,1,1
NCOA7,DCTD,1,1
NCOA7,DSE,1,1
NCOA7,ENDOD1,1,1
NCOA7,FAM135A,1,1
NCOA7,HOXC11,1,1
NCOA7,MX2,1,1
NCOA7,RAB5C,1,1
NCOA7,RPL7A,1,1
NCOA7,SASH1,1,1
NCOA7,TPM2,1,1
NCOA7,TRAF7,1,1
DDX50,ADH5,1,1
DDX50,ALG5,1,1
DDX50,ANXA2,1,1
DDX50,APH1A,1,1
DDX50,ASXL1,1,1
DDX50,AVEN,1,1
DDX50,BHLHB9,1,1
DDX50,CCDC169,1,1
DDX50,CCNY,1,1
DDX50,CDYL2,1,1
DDX50,CFL1,1,1
DDX50,CMTM4,1,1
DDX50,COG3,1,1
DDX50,COG8,1,1
DDX50,COMMD7,1,1
DDX50,CSPG4,1,1
DDX50,CUTC,1,1
DDX50,CX3CL1,1,1
DDX50,CYTH2,1,1
DDX50,DCP1A,1,1
DDX50,DCTD,1,1
DDX50,DNMBP,1,1
DDX50,DPH3,1,1
DDX50,EHMT2,1,1
DDX50,ENDOD1,1,1
DDX50,FAM32A,1,1
DDX50,FBXO46,1,1
DDX50,GGA1,1,1
DDX50,HMGN5,1,1
DDX50,HNRNPUL2,1,1
DDX50,HOXC11,1,1
DDX50,HPF1,1,1
DDX50,HSD3B7,1,1
DDX50,IBTK,1,1
DDX50,KLF12,1,1
DDX50,KLHL2,1,1
DDX50,LDOC1L,1,1
DDX50,MCM3AP,1,1
DDX50,MED20,1,1
DDX50,MEF2C,1,1
DDX50,MEN1,1,1
DDX50,MRPL43,1,1
DDX50,MT1F,1,1
DDX50,NAALAD2,1,1
DDX50,NBPF15,1,1
DDX50,NCS1,1,1
DDX50,NDUFB2,1,1
DDX50,NOP10,1,1
DDX50,NOP9,1,1
DDX50,NPRL3,1,1
DDX50,NRIP1,1,1
DDX50,NUMA1,1,1
DDX50,OTUB1,1,1
DDX50,PARG,1,1
DDX50,PCMT1,1,1
DDX50,PLBD2,1,1
DDX50,PLEKHO1,1,1
DDX50,PPP4R1,1,1
DDX50,PRDM11,1,1
DDX50,PROSER1,1,1
DDX50,PRRC2A,1,1
DDX50,RALA,1,1
DDX50,RB1,1,1
DDX50,REST,1,1
DDX50,RHBDD3,1,1
DDX50,RNF121,1,1
DDX50,RNF166,1,1
DDX50,RP11-2C24.9,1,1
DDX50,RPS3,1,1
DDX50,RPS3A,1,1
DDX50,RRAGB,1,1
DDX50,SDCCAG8,1,1
DDX50,SH3GLB1,1,1
DDX50,SMG7,1,1
DDX50,SPTLC2,1,1
DDX50,SUMF2,1,1
DDX50,SUPT20H,1,1
DDX50,TERF2,1,1
DDX50,TGIF2,1,1
DDX50,TMC6,1,1
DDX50,TOR4A,1,1
DDX50,TPCN1,1,1
DDX50,TRIO,1,1
DDX50,TUBGCP2,1,1
DDX50,UBAC1,1,1
DDX50,UBE2Q2,1,1
DDX50,USP38,1,1
DDX50,ZBED6,1,1
DDX50,ZBTB12,1,1
DDX50,ZC4H2,1,1
DDX50,ZNF22,1,1
DDX50,ZNF35,1,1
TMSB15B,ACVR2B,1,1
TMSB15B,ALDOA,1,1
TMSB15B,APOL2,1,1
TMSB15B,AREL1,1,1
TMSB15B,AVEN,1,1
TMSB15B,BAMBI,1,1
TMSB15B,BMP7,1,1
TMSB15B,CD200,1,1
TMSB15B,CIDEB,1,1
TMSB15B,DAAM2,1,1
TMSB15B,DECR2,1,1
TMSB15B,DNPEP,1,1
TMSB15B,FAM127C,1,1
TMSB15B,GGCX,1,1
TMSB15B,GRK2,1,1
TMSB15B,INPP4A,1,1
TMSB15B,KIAA1143,1,1
TMSB15B,KLHL7,1,1
TMSB15B,LAMTOR1,1,1
TMSB15B,LDOC1L,1,1
TMSB15B,LXN,1,1
TMSB15B,NELFB,1,1
TMSB15B,NSMF,1,1
TMSB15B,NT5C2,1,1
TMSB15B,NUDT11,1,1
TMSB15B,PDIA5,1,1
TMSB15B,PLOD1,1,1
TMSB15B,PPA2,1,1
TMSB15B,PPP4R1,1,1
TMSB15B,PRR13,1,1
TMSB15B,RXRG,1,1
TMSB15B,SCMH1,1,1
TMSB15B,SDC3,1,1
TMSB15B,SELO,1,1
TMSB15B,SND1,1,1
TMSB15B,SPTLC2,1,1
TMSB15B,TANC1,1,1
TMSB15B,TET2,1,1
TMSB15B,TMED4,1,1
TMSB15B,TMEM214,1,1
TMSB15B,TTLL5,1,1
TMSB15B,VPS37C,1,1
TMSB15B,ZNF354C,1,1
TMSB15B,ZNF788,1,1
ACER3,AREL1,1,1
ACER3,ATMIN,1,1
ACER3,BAMBI,1,1
ACER3,C9ORF78,1,1
ACER3,CASP6,1,1
ACER3,CDC14B,1,1
ACER3,COA6,1,1
ACER3,DOPEY2,1,1
ACER3,KIAA1143,1,1
ACER3,LATS2,1,1
ACER3,NT5C2,1,1
ACER3,PLOD1,1,1
ACER3,RSF1,1,1
ACER3,SPTLC2,1,1
ACER3,TET2,1,1
ACER3,TMED4,1,1
ACER3,TTLL5,1,1
ACER3,USP25,1,1
ACER3,WASF3,1,1
ACER3,ZBED3,1,1
ACER3,ZNF354C,1,1
MCM3AP,APH1A,1,1
MCM3AP,ASXL1,1,1
MCM3AP,C2CD3,1,1
MCM3AP,CACUL1,1,1
MCM3AP,CCDC22,1,1
MCM3AP,COMMD7,1,1
MCM3AP,CUL2,1,1
MCM3AP,CUL4A,1,1
MCM3AP,CUTC,1,1
MCM3AP,DCTD,1,1
MCM3AP,ERBIN,1,1
MCM3AP,GPATCH2,1,1
MCM3AP,HMGN5,1,1
MCM3AP,HNRNPF,1,1
MCM3AP,HNRNPUL2,1,1
MCM3AP,HOXC5,1,1
MCM3AP,HPF1,1,1
MCM3AP,IRF2BPL,1,1
MCM3AP,MED4,1,1
MCM3AP,NOP9,1,1
MCM3AP,PROSER1,1,1
MCM3AP,PRRC2A,1,1
MCM3AP,PTBP2,1,1
MCM3AP,RAB11FIP2,1,1
MCM3AP,RALA,1,1
MCM3AP,RCE1,1,1
MCM3AP,RP11-2C24.9,1,1
MCM3AP,SIRT1,1,1
MCM3AP,SLC16A7,1,1
MCM3AP,SS18L2,1,1
MCM3AP,SUMO3,1,1
MCM3AP,TERF2,1,1
MCM3AP,TRIM7,1,1
MCM3AP,USP38,1,1
MCM3AP,ZNF35,1,1
PAFAH1B2,ANP32A,1,1
PAFAH1B2,ARSA,1,1
PAFAH1B2,ASAP3,1,1
PAFAH1B2,C3ORF38,1,1
PAFAH1B2,KIAA0368,1,1
PAFAH1B2,KREMEN1,1,1
PAFAH1B2,NBL1,1,1
PAFAH1B2,NCS1,1,1
PAFAH1B2,NFATC3,1,1
NFKBIA,ANKRD42,1,1
ERBIN,ASXL1,1,1
ERBIN,BLOC1S2,1,1
ERBIN,CUL2,1,1
ERBIN,CUTC,1,1
ERBIN,GGA1,1,1
ERBIN,MED4,1,1
ERBIN,PROSER1,1,1
ERBIN,RAB11FIP2,1,1
ERBIN,SIRT1,1,1
ERBIN,SLC16A7,1,1
ERBIN,SMC3,1,1
ERBIN,SNIP1,1,1
ERBIN,SUMO3,1,1
ERBIN,ZNF37A,1,1
FAM89B,CDK2AP2,1,1
FAM89B,COG8,1,1
FAM89B,DDAH2,1,1
FAM89B,DENND2A,1,1
FAM89B,DKK 3.00,1,1
FAM89B,DMTN,1,1
FAM89B,DSE,1,1
FAM89B,DTNA,1,1
FAM89B,EHD2,1,1
FAM89B,EPS8L2,1,1
FAM89B,FADS3,1,1
FAM89B,FBXL15,1,1
FAM89B,FBXL19,1,1
FAM89B,LZTFL1,1,1
FAM89B,MAF 1.00,1,1
FAM89B,MEN1,1,1
FAM89B,NPRL2,1,1
FAM89B,OTUD5,1,1
FAM89B,PPP1R11,1,1
FAM89B,RNF121,1,1
FAM89B,RNF41,1,1
FAM89B,RPAIN,1,1
FAM89B,RPS27,1,1
FAM89B,SEPT5,1,1
FAM89B,SPTBN2,1,1
FAM89B,TMEM258,1,1
FAM89B,TSHZ3,1,1
FAM89B,UBXN1,1,1
FAM89B,VPS51,1,1
FAM89B,ZBTB12,1,1
FAM89B,ZFP41,1,1
AQR,ANP32A,1,1
AQR,ANXA2,1,1
AQR,AP4S1,1,1
AQR,APOL2,1,1
AQR,ARPC1B,1,1
AQR,ASAP3,1,1
AQR,BHLHB9,1,1
AQR,C3ORF38,1,1
AQR,CCNY,1,1
AQR,CFL1,1,1
AQR,CPSF7,1,1
AQR,CSTF2T,1,1
AQR,DDX41,1,1
AQR,DNAJC21,1,1
AQR,DNMBP,1,1
AQR,GGA1,1,1
AQR,GNAS,1,1
AQR,GTPBP8,1,1
AQR,HDAC7,1,1
AQR,INPP5A,1,1
AQR,INTS5,1,1
AQR,ITSN1,1,1
AQR,KLHL7,1,1
AQR,KREMEN1,1,1
AQR,KRIT1,1,1
AQR,LAGE3,1,1
AQR,MARK2,1,1
AQR,MT1F,1,1
AQR,NCS1,1,1
AQR,NFATC3,1,1
AQR,NOP10,1,1
AQR,NT5C,1,1
AQR,PAK1,1,1
AQR,PPP4R1,1,1
AQR,PPP4R3A,1,1
AQR,PRR16,1,1
AQR,R3HCC1,1,1
AQR,RBPJ,1,1
AQR,RNF166,1,1
AQR,RNF169,1,1
AQR,TMEM60,1,1
AQR,TMOD3,1,1
AQR,TOMM7,1,1
AQR,TPCN1,1,1
AQR,UBAC1,1,1
AQR,VPS4A,1,1
AQR,WDR82,1,1
AQR,ZNF23,1,1
AQR,ZNF510,1,1
AQR,ZNF532,1,1
AQR,ZNF669,1,1
AQR,ZNF772,1,1
TMEM170A,ADH5,1,1
TMEM170A,ALG5,1,1
TMEM170A,ANXA2,1,1
TMEM170A,AP4S1,1,1
TMEM170A,APOL2,1,1
TMEM170A,ASAP3,1,1
TMEM170A,AVEN,1,1
TMEM170A,BHLHB9,1,1
TMEM170A,CCNY,1,1
TMEM170A,CFL1,1,1
TMEM170A,CSTF2T,1,1
TMEM170A,DCTD,1,1
TMEM170A,DHDDS,1,1
TMEM170A,DNMBP,1,1
TMEM170A,DYNC2LI1,1,1
TMEM170A,FBXO46,1,1
TMEM170A,INPP4A,1,1
TMEM170A,INTS5,1,1
TMEM170A,MED20,1,1
TMEM170A,MED4,1,1
TMEM170A,MEN1,1,1
TMEM170A,MT1F,1,1
TMEM170A,NKIRAS1,1,1
TMEM170A,OTUB1,1,1
TMEM170A,PPP4R1,1,1
TMEM170A,PRDM11,1,1
TMEM170A,PRRC2A,1,1
TMEM170A,RALA,1,1
TMEM170A,RCE1,1,1
TMEM170A,RPS3,1,1
TMEM170A,SS18L2,1,1
TMEM170A,TERF2,1,1
TMEM170A,TGIF2,1,1
TMEM170A,TMC6,1,1
TMEM170A,TRIO,1,1
TMEM170A,UBAC1,1,1
TMEM170A,UBP1,1,1
TMEM170A,ZC4H2,1,1
PPP2R5C,AREL1,1,1
PPP2R5C,CASP6,1,1
PPP2R5C,CIDEB,1,1
PPP2R5C,PPA2,1,1
PPP2R5C,RSF1,1,1
PPP2R5C,SLC30A9,1,1
PPP2R5C,STAU2,1,1
PPP2R5C,TRAPPC6B,1,1
PPP2R5C,TTLL5,1,1
PPP2R5C,VWA8,1,1
ARSA,ANP32A,1,1
ARSA,ASAP3,1,1
TNIK,ACVR2B,1,1
TNIK,ADGRG6,1,1
TNIK,AIP,1,1
TNIK,AKIRIN1,1,1
TNIK,ALDOA,1,1
TNIK,AP1S2,1,1
TNIK,ARNT2,1,1
TNIK,BMP7,1,1
TNIK,CDK2AP2,1,1
TNIK,CNTN1,1,1
TNIK,CSPG4,1,1
TNIK,CTHRC1,1,1
TNIK,DKK 3.00,1,1
TNIK,DSE,1,1
TNIK,EEPD1,1,1
TNIK,EPS8L2,1,1
TNIK,FAM127C,1,1
TNIK,FZD7,1,1
TNIK,GRK2,1,1
TNIK,HNRNPUL2,1,1
TNIK,HOXC11,1,1
TNIK,KCNQ5,1,1
TNIK,LAMTOR1,1,1
TNIK,LRP11,1,1
TNIK,LXN,1,1
TNIK,MAD2L1BP,1,1
TNIK,MRPL43,1,1
TNIK,MRPL45,1,1
TNIK,NAXD,1,1
TNIK,NELFB,1,1
TNIK,NRCAM,1,1
TNIK,NSL1,1,1
TNIK,NUMA1,1,1
TNIK,PCMT1,1,1
TNIK,PHTF2,1,1
TNIK,PLOD1,1,1
TNIK,PRR13,1,1
TNIK,RFTN1,1,1
TNIK,RHBDF2,1,1
TNIK,RPAIN,1,1
TNIK,RXRG,1,1
TNIK,SDC3,1,1
TNIK,SDCCAG8,1,1
TNIK,SDK1,1,1
TNIK,SND1,1,1
TNIK,SPRYD4,1,1
TNIK,SPTBN2,1,1
TNIK,SUPT20H,1,1
TNIK,TAF11,1,1
TNIK,TANC1,1,1
TNIK,TMEM258,1,1
TNIK,TNFSF13B,1,1
TNIK,TPM2,1,1
TNIK,TRAF7,1,1
TNIK,TRIM13,1,1
TNIK,USP25,1,1
TNIK,ZBTB12,1,1
TNIK,ZCCHC17,1,1
TNIK,ZNF266,1,1
TNIK,ZNF788,1,1
CDC42SE1,ACO2,1,1
CDC42SE1,ACVR2A,1,1
CDC42SE1,ARL 1.00,1,1
CDC42SE1,DDX41,1,1
CDC42SE1,GNAS,1,1
CDC42SE1,KREMEN1,1,1
CDC42SE1,MAD1L1,1,1
CDC42SE1,NAGPA,1,1
CDC42SE1,NBL1,1,1
CDC42SE1,PEX1,1,1
CDC42SE1,RPUSD3,1,1
CDC42SE1,SLC35B2,1,1
CDC42SE1,SOX6,1,1
CDC42SE1,ZNF669,1,1
CDC42SE1,ZNF772,1,1
RPS3,ADH5,1,1
RPS3,APOL2,1,1
RPS3,AVEN,1,1
RPS3,BHLHB9,1,1
RPS3,CCNY,1,1
RPS3,CDYL2,1,1
RPS3,CFL1,1,1
RPS3,COG8,1,1
RPS3,COMMD7,1,1
RPS3,DCTD,1,1
RPS3,DHDDS,1,1
RPS3,DNMBP,1,1
RPS3,DPH7,1,1
RPS3,ENDOD1,1,1
RPS3,EXOC3,1,1
RPS3,FAM135A,1,1
RPS3,FBXO46,1,1
RPS3,FIBP,1,1
RPS3,HOXC11,1,1
RPS3,IBTK,1,1
RPS3,KRIT1,1,1
RPS3,MED20,1,1
RPS3,MEN1,1,1
RPS3,MT1F,1,1
RPS3,MTO1,1,1
RPS3,MX2,1,1
RPS3,NCS1,1,1
RPS3,NDUFB2,1,1
RPS3,NT5C,1,1
RPS3,PCMTD2,1,1
RPS3,PRDM11,1,1
RPS3,RAB2A,1,1
RPS3,RAB5C,1,1
RPS3,RALA,1,1
RPS3,RHBDD3,1,1
RPS3,RNF166,1,1
RPS3,RPL29,1,1
RPS3,RPL7A,1,1
RPS3,RPL9P9,1,1
RPS3,RPS27,1,1
RPS3,RPS3A,1,1
RPS3,RRAGB,1,1
RPS3,TGIF2,1,1
RPS3,TMC6,1,1
RPS3,TOR4A,1,1
RPS3,TPM2,1,1
RPS3,TRIO,1,1
RPS3,TSPAN5,1,1
RPS3,TUBGCP2,1,1
RPS3,UBAC1,1,1
RPS3,ZBED6,1,1
RPS3,ZC4H2,1,1
RPS3,ZNF22,1,1
RPS3,ZNF23,1,1
TRAF7,ACVR2B,1,1
TRAF7,AIP,1,1
TRAF7,AKIRIN1,1,1
TRAF7,ARNT2,1,1
TRAF7,CDK2AP2,1,1
TRAF7,DSE,1,1
TRAF7,FZD7,1,1
TRAF7,HOXC11,1,1
TRAF7,KCNQ5,1,1
TRAF7,LAMTOR1,1,1
TRAF7,NDUFB8,1,1
TRAF7,NELFB,1,1
TRAF7,NUDT11,1,1
TRAF7,PRR13,1,1
TRAF7,RHBDF2,1,1
TRAF7,RPL29,1,1
TRAF7,RPL9P9,1,1
TRAF7,SCMH1,1,1
TRAF7,SDC3,1,1
TRAF7,SND1,1,1
TRAF7,TMEM258,1,1
TRAF7,TPM2,1,1
TRAF7,UBXN1,1,1
TRAF7,VPS51,1,1
TRAF7,ZCCHC17,1,1
TRAF7,ZNF266,1,1
TRAF7,ZNF788,1,1
TMC6,ADH5,1,1
TMC6,ALG5,1,1
TMC6,ANXA2,1,1
TMC6,ASXL1,1,1
TMC6,BHLHB9,1,1
TMC6,CCNY,1,1
TMC6,CDYL2,1,1
TMC6,CFL1,1,1
TMC6,COG3,1,1
TMC6,COMMD7,1,1
TMC6,CUTC,1,1
TMC6,CYTH2,1,1
TMC6,DCTD,1,1
TMC6,DHDDS,1,1
TMC6,DNMBP,1,1
TMC6,DYNC2LI1,1,1
TMC6,EHMT2,1,1
TMC6,ENDOD1,1,1
TMC6,FAM32A,1,1
TMC6,FBXO46,1,1
TMC6,IBTK,1,1
TMC6,MEN1,1,1
TMC6,MT1F,1,1
TMC6,NDUFB2,1,1
TMC6,NPRL3,1,1
TMC6,NUMA1,1,1
TMC6,OTUB1,1,1
TMC6,PARG,1,1
TMC6,PLBD2,1,1
TMC6,PRDM11,1,1
TMC6,PRRC2A,1,1
TMC6,RALA,1,1
TMC6,RCE1,1,1
TMC6,RNF121,1,1
TMC6,RPS3A,1,1
TMC6,SH3GLB1,1,1
TMC6,TERF2,1,1
TMC6,TGIF2,1,1
TMC6,TOR4A,1,1
TMC6,TRIO,1,1
TMC6,TSPAN5,1,1
TMC6,TUBGCP2,1,1
TMC6,UBAC1,1,1
TMC6,USP38,1,1
TMC6,ZBED6,1,1
TMC6,ZBTB12,1,1
TMC6,ZC4H2,1,1
TMC6,ZNF22,1,1
TMC6,ZNF35,1,1
NPRL2,ARRDC1,1,1
NPRL2,DMTN,1,1
NPRL2,EHD2,1,1
NPRL2,EXOC3,1,1
NPRL2,FIBP,1,1
NPRL2,LTBP3,1,1
NPRL2,PARP3,1,1
NPRL2,PSENEN,1,1
NPRL2,RNF41,1,1
NPRL2,RPAIN,1,1
NPRL2,RPS27,1,1
NPRL2,TSPAN5,1,1
NPRL2,VPS51,1,1
PAK1,ABL1,1,1
PAK1,ANXA2,1,1
PAK1,AREL1,1,1
PAK1,ARPC1B,1,1
PAK1,BAMBI,1,1
PAK1,BCL9L,1,1
PAK1,BHLHB9,1,1
PAK1,CHMP7,1,1
PAK1,CHST3,1,1
PAK1,COG8,1,1
PAK1,CSTF2T,1,1
PAK1,DAPK3,1,1
PAK1,DCP1A,1,1
PAK1,DDX41,1,1
PAK1,DTNA,1,1
PAK1,FAM65A,1,1
PAK1,FBXL19,1,1
PAK1,GGCX,1,1
PAK1,HDAC7,1,1
PAK1,HEATR6,1,1
PAK1,INPP5A,1,1
PAK1,ITSN1,1,1
PAK1,KLHL7,1,1
PAK1,KREMEN1,1,1
PAK1,KRIT1,1,1
PAK1,MAD1L1,1,1
PAK1,MAPKAPK3,1,1
PAK1,MARK2,1,1
PAK1,MED19,1,1
PAK1,NAGPA,1,1
PAK1,NCS1,1,1
PAK1,NFATC3,1,1
PAK1,NOP10,1,1
PAK1,NT5C,1,1
PAK1,PPT1,1,1
PAK1,R3HCC1,1,1
PAK1,RNF169,1,1
PAK1,RPL36AL,1,1
PAK1,SCMH1,1,1
PAK1,SOX6,1,1
PAK1,TMEM60,1,1
PAK1,TMOD3,1,1
PAK1,TNFAIP1,1,1
PAK1,TOX4,1,1
PAK1,TPCN1,1,1
PAK1,TRNAU1AP,1,1
PAK1,TUBGCP4,1,1
PAK1,VPS4A,1,1
PAK1,ZMYM6,1,1
PAK1,ZNF510,1,1
PAK1,ZNF532,1,1
PAK1,ZNF669,1,1
PAK1,ZNF772,1,1
SLC25A38,DYNC2LI1,1,1
RHBDD3,ADH5,1,1
RHBDD3,ALG5,1,1
RHBDD3,ANXA2,1,1
RHBDD3,AP4S1,1,1
RHBDD3,APOLD1,1,1
RHBDD3,AREL1,1,1
RHBDD3,AVEN,1,1
RHBDD3,BHLHB9,1,1
RHBDD3,CCNY,1,1
RHBDD3,CDYL2,1,1
RHBDD3,CFL1,1,1
RHBDD3,CIDEB,1,1
RHBDD3,CMTM4,1,1
RHBDD3,COG3,1,1
RHBDD3,COG8,1,1
RHBDD3,COMMD7,1,1
RHBDD3,CSTF2T,1,1
RHBDD3,DCP1A,1,1
RHBDD3,DCTD,1,1
RHBDD3,DNAJC21,1,1
RHBDD3,DNMBP,1,1
RHBDD3,FAM32A,1,1
RHBDD3,GGA1,1,1
RHBDD3,HNRNPUL2,1,1
RHBDD3,ITSN1,1,1
RHBDD3,KLF12,1,1
RHBDD3,LDOC1L,1,1
RHBDD3,MED20,1,1
RHBDD3,MRPL18,1,1
RHBDD3,MT1F,1,1
RHBDD3,NCS1,1,1
RHBDD3,NDUFB2,1,1
RHBDD3,NFATC3,1,1
RHBDD3,NOP10,1,1
RHBDD3,NT5C,1,1
RHBDD3,NUMA1,1,1
RHBDD3,OTUB1,1,1
RHBDD3,PARG,1,1
RHBDD3,PLEKHO1,1,1
RHBDD3,PPP4R1,1,1
RHBDD3,PRDM11,1,1
RHBDD3,RALA,1,1
RHBDD3,REST,1,1
RHBDD3,RNF166,1,1
RHBDD3,RNF169,1,1
RHBDD3,RRAGB,1,1
RHBDD3,SLC39A9,1,1
RHBDD3,SPTLC2,1,1
RHBDD3,TERF2,1,1
RHBDD3,TMOD3,1,1
RHBDD3,TOR4A,1,1
RHBDD3,TPCN1,1,1
RHBDD3,TRIO,1,1
RHBDD3,TSPAN5,1,1
RHBDD3,UBAC1,1,1
RHBDD3,UBXN1,1,1
RHBDD3,UBXN11,1,1
RHBDD3,USP38,1,1
RHBDD3,VPS4A,1,1
RHBDD3,ZBED6,1,1
RHBDD3,ZC4H2,1,1
RHBDD3,ZNF22,1,1
RHBDD3,ZNF23,1,1
RHBDD3,ZNF510,1,1
GPR173,ANO8,1,1
GPR173,ARL 10.00,1,1
GPR173,DDR1,1,1
GPR173,FH,1,1
GPR173,GGCT,1,1
GPR173,IQSEC1,1,1
GPR173,JUND,1,1
GPR173,OTUD5,1,1
GAS2L3,ARRDC1,1,1
GAS2L3,DENND4B,1,1
GAS2L3,DNAJC8,1,1
GAS2L3,KANK1,1,1
GAS2L3,LINC00094,1,1
GAS2L3,PSENEN,1,1
GAS2L3,STARD3NL,1,1
TMEM60,ANXA2,1,1
TMEM60,APOL2,1,1
TMEM60,ARPC1B,1,1
TMEM60,BCL9L,1,1
TMEM60,BHLHB9,1,1
TMEM60,CHMP7,1,1
TMEM60,COG8,1,1
TMEM60,DAPK3,1,1
TMEM60,DDX41,1,1
TMEM60,DNMBP,1,1
TMEM60,DPH7,1,1
TMEM60,EXOC3,1,1
TMEM60,FAM65A,1,1
TMEM60,FIBP,1,1
TMEM60,GNAS,1,1
TMEM60,HDAC7,1,1
TMEM60,HUS1,1,1
TMEM60,INPP5A,1,1
TMEM60,ITSN1,1,1
TMEM60,KANK1,1,1
TMEM60,KLHL7,1,1
TMEM60,KREMEN1,1,1
TMEM60,KRIT1,1,1
TMEM60,MAD1L1,1,1
TMEM60,MARK2,1,1
TMEM60,MED19,1,1
TMEM60,MED20,1,1
TMEM60,NAALAD2,1,1
TMEM60,NAGPA,1,1
TMEM60,NCS1,1,1
TMEM60,NFATC3,1,1
TMEM60,NOP10,1,1
TMEM60,NT5C,1,1
TMEM60,PLSCR1,1,1
TMEM60,PPT1,1,1
TMEM60,R3HCC1,1,1
TMEM60,RNF166,1,1
TMEM60,RNF169,1,1
TMEM60,RRAGB,1,1
TMEM60,SLC35B2,1,1
TMEM60,SOX6,1,1
TMEM60,TMOD3,1,1
TMEM60,TNFAIP1,1,1
TMEM60,TOMM7,1,1
TMEM60,TOR4A,1,1
TMEM60,TOX4,1,1
TMEM60,TPCN1,1,1
TMEM60,TRIM22,1,1
TMEM60,TRNAU1AP,1,1
TMEM60,TSPAN5,1,1
TMEM60,TUBGCP4,1,1
TMEM60,UBAC1,1,1
TMEM60,VPS4A,1,1
TMEM60,ZMYM6,1,1
TMEM60,ZNF23,1,1
TMEM60,ZNF510,1,1
TMEM60,ZNF532,1,1
TMEM60,ZNF669,1,1
TMEM60,ZNF772,1,1
ZNF274,DDX41,1,1
ZNF274,NAPEPLD,1,1
ZNF274,SLC35B2,1,1
IQSEC1,ALDOA,1,1
IQSEC1,APBB2,1,1
IQSEC1,ARAP1,1,1
IQSEC1,ARAP3,1,1
IQSEC1,ARL 10.00,1,1
IQSEC1,ATMIN,1,1
IQSEC1,ATP5G3,1,1
IQSEC1,BCAP29,1,1
IQSEC1,BMP7,1,1
IQSEC1,BRK1,1,1
IQSEC1,CD320,1,1
IQSEC1,CNTNAP3,1,1
IQSEC1,COA6,1,1
IQSEC1,CRBN,1,1
IQSEC1,CRHR1-IT1,1,1
IQSEC1,DDR1,1,1
IQSEC1,DNAJA3,1,1
IQSEC1,GPATCH2L,1,1
IQSEC1,JUND,1,1
IQSEC1,MALSU1,1,1
IQSEC1,MARCH8,1,1
IQSEC1,MRPL40,1,1
IQSEC1,PDIA5,1,1
IQSEC1,PLOD1,1,1
IQSEC1,SDK1,1,1
IQSEC1,TMED4,1,1
IQSEC1,TSTD2,1,1
IQSEC1,TUBG1,1,1
IQSEC1,USP45,1,1
FAM35A,MTPAP,1,1
FAM35A,SMC3,1,1
FAM35A,WAPL,1,1
PLBD2,ADH5,1,1
PLBD2,APH1A,1,1
PLBD2,ASXL1,1,1
PLBD2,BLOC1S2,1,1
PLBD2,COG3,1,1
PLBD2,COMMD7,1,1
PLBD2,CUL4A,1,1
PLBD2,CUTC,1,1
PLBD2,CYTH2,1,1
PLBD2,EHMT2,1,1
PLBD2,KLHL2,1,1
PLBD2,MEF2C,1,1
PLBD2,MID1,1,1
PLBD2,NDUFB2,1,1
PLBD2,NKIRAS1,1,1
PLBD2,NPRL3,1,1
PLBD2,OTUB1,1,1
PLBD2,PRRC2A,1,1
PLBD2,PTBP2,1,1
PLBD2,RB1,1,1
PLBD2,SH3GLB1,1,1
PLBD2,SLC16A7,1,1
PLBD2,STAG3L2,1,1
PLBD2,TERF2,1,1
PLBD2,TGIF2,1,1
PLBD2,TRIO,1,1
PLBD2,TUBGCP2,1,1
PLBD2,UBP1,1,1
PLBD2,ZC4H2,1,1
PLBD2,ZNF35,1,1
CAMK2D,ANKRD42,1,1
CAMK2D,PGM2L1,1,1
KANK1,ACVR2A,1,1
KANK1,ARL 1.00,1,1
KANK1,ARPC1B,1,1
KANK1,CCPG1,1,1
KANK1,DAAM2,1,1
KANK1,DDX41,1,1
KANK1,DNAJC8,1,1
KANK1,DPH7,1,1
KANK1,EXOC3,1,1
KANK1,HDAC7,1,1
KANK1,HUS1,1,1
KANK1,KRIT1,1,1
KANK1,MAD1L1,1,1
KANK1,MED19,1,1
KANK1,NAGPA,1,1
KANK1,NAPEPLD,1,1
KANK1,NT5C,1,1
KANK1,PPT1,1,1
KANK1,PRKAB2,1,1
KANK1,PRKAR1A,1,1
KANK1,PSENEN,1,1
KANK1,RASAL2,1,1
KANK1,RPL36AL,1,1
KANK1,SLC35B2,1,1
KANK1,SMPDL3A,1,1
KANK1,SOX6,1,1
KANK1,STARD3NL,1,1
KANK1,TBK1,1,1
KANK1,TRNAU1AP,1,1
KANK1,TUBGCP4,1,1
KANK1,VPS4A,1,1
KANK1,VPS51,1,1
KANK1,ZNF532,1,1
KANK1,ZNF669,1,1
KANK1,ZNF772,1,1
KANK1,ZSWIM6,1,1
ARL 1.00,ACO2,1,1
ARL 1.00,ACVR2A,1,1
ARL 1.00,ERMP1,1,1
ARL 1.00,HUS1,1,1
ARL 1.00,NAGPA,1,1
ARL 1.00,NAPEPLD,1,1
ARL 1.00,PEX1,1,1
ARL 1.00,RASAL2,1,1
ARL 1.00,SLC35B2,1,1
ARL 1.00,SOX6,1,1
WDR20,FOXF2,1,1
WDR20,INPP5A,1,1
WDR20,MSANTD3,1,1
WDR20,NOP9,1,1
FZD7,ADGRG6,1,1
FZD7,AIP,1,1
FZD7,AKIRIN1,1,1
FZD7,ALDOA,1,1
FZD7,ARAP1,1,1
FZD7,ARAP3,1,1
FZD7,ARNT2,1,1
FZD7,BAP1,1,1
FZD7,BCAP29,1,1
FZD7,BMP7,1,1
FZD7,CNTN1,1,1
FZD7,CNTNAP3,1,1
FZD7,CRBN,1,1
FZD7,CRHR1-IT1,1,1
FZD7,CTHRC1,1,1
FZD7,DNAJA3,1,1
FZD7,DOPEY2,1,1
FZD7,EEPD1,1,1
FZD7,EPS8L2,1,1
FZD7,FAM127C,1,1
FZD7,FAM210A,1,1
FZD7,FDX1,1,1
FZD7,GRK2,1,1
FZD7,H1F0,1,1
FZD7,HSCB,1,1
FZD7,KCNQ5,1,1
FZD7,MALSU1,1,1
FZD7,MARCH8,1,1
FZD7,MRPL40,1,1
FZD7,NAXD,1,1
FZD7,NRCAM,1,1
FZD7,PDIA5,1,1
FZD7,PHTF2,1,1
FZD7,PLOD1,1,1
FZD7,PRR13,1,1
FZD7,RHBDF2,1,1
FZD7,RXRG,1,1
FZD7,SCMH1,1,1
FZD7,SDC3,1,1
FZD7,SDK1,1,1
FZD7,SLC39A10,1,1
FZD7,SND1,1,1
FZD7,SPTBN2,1,1
FZD7,TAX1BP3,1,1
FZD7,TMED4,1,1
FZD7,TRIM13,1,1
FZD7,TUBG1,1,1
FZD7,USP25,1,1
FZD7,ZCCHC17,1,1
FZD7,ZNF266,1,1
FZD7,ZNF788,1,1
PLOD1,ACVR2B,1,1
PLOD1,ADGRG6,1,1
PLOD1,AKIRIN1,1,1
PLOD1,ALDOA,1,1
PLOD1,ARAP1,1,1
PLOD1,ARAP3,1,1
PLOD1,AREL1,1,1
PLOD1,ARL 10.00,1,1
PLOD1,ARNT2,1,1
PLOD1,ATMIN,1,1
PLOD1,ATP5G3,1,1
PLOD1,BAMBI,1,1
PLOD1,BAP1,1,1
PLOD1,BCAP29,1,1
PLOD1,BMP7,1,1
PLOD1,BRK1,1,1
PLOD1,C9ORF78,1,1
PLOD1,CD320,1,1
PLOD1,CNOT8,1,1
PLOD1,CNTN1,1,1
PLOD1,CNTNAP3,1,1
PLOD1,COA6,1,1
PLOD1,CRBN,1,1
PLOD1,CTHRC1,1,1
PLOD1,DNAJA3,1,1
PLOD1,DNPEP,1,1
PLOD1,DOPEY2,1,1
PLOD1,EEPD1,1,1
PLOD1,EPS8L2,1,1
PLOD1,FAM127C,1,1
PLOD1,FAM210A,1,1
PLOD1,FDX1,1,1
PLOD1,GNPAT,1,1
PLOD1,GRK2,1,1
PLOD1,H1F0,1,1
PLOD1,HSCB,1,1
PLOD1,KCNQ5,1,1
PLOD1,KIAA1143,1,1
PLOD1,LAMTOR1,1,1
PLOD1,LXN,1,1
PLOD1,MALSU1,1,1
PLOD1,MARCH8,1,1
PLOD1,MRPL40,1,1
PLOD1,MRPL45,1,1
PLOD1,NAXD,1,1
PLOD1,NELFB,1,1
PLOD1,NRCAM,1,1
PLOD1,NT5C2,1,1
PLOD1,PDIA5,1,1
PLOD1,PHTF2,1,1
PLOD1,PRR13,1,1
PLOD1,RHBDF2,1,1
PLOD1,RXRG,1,1
PLOD1,SCMH1,1,1
PLOD1,SDC3,1,1
PLOD1,SDK1,1,1
PLOD1,SLC39A10,1,1
PLOD1,SND1,1,1
PLOD1,SPTBN2,1,1
PLOD1,SPTLC2,1,1
PLOD1,SUPT20H,1,1
PLOD1,TAF11,1,1
PLOD1,TAX1BP3,1,1
PLOD1,TET2,1,1
PLOD1,TMED4,1,1
PLOD1,TNFSF13B,1,1
PLOD1,TRIM13,1,1
PLOD1,TTLL5,1,1
PLOD1,TUBG1,1,1
PLOD1,UGP2,1,1
PLOD1,USP25,1,1
PLOD1,USP45,1,1
PLOD1,VPS37C,1,1
PLOD1,ZBED3,1,1
PLOD1,ZCCHC17,1,1
PLOD1,ZKSCAN7,1,1
PLOD1,ZNF266,1,1
PLOD1,ZNF354C,1,1
PLOD1,ZNF788,1,1
RXRG,ACVR2B,1,1
RXRG,ADGRG6,1,1
RXRG,AIP,1,1
RXRG,ALDOA,1,1
RXRG,AREL1,1,1
RXRG,ARNT2,1,1
RXRG,ATMIN,1,1
RXRG,BAMBI,1,1
RXRG,BCAP29,1,1
RXRG,BMP7,1,1
RXRG,BRK1,1,1
RXRG,CD200,1,1
RXRG,CD320,1,1
RXRG,CDK2AP2,1,1
RXRG,CNOT8,1,1
RXRG,CNTN1,1,1
RXRG,CNTNAP3,1,1
RXRG,COA6,1,1
RXRG,CRBN,1,1
RXRG,DECR2,1,1
RXRG,DKK 3.00,1,1
RXRG,DNAJA3,1,1
RXRG,DNPEP,1,1
RXRG,DOPEY2,1,1
RXRG,DSE,1,1
RXRG,EPS8L2,1,1
RXRG,FAM127C,1,1
RXRG,GMPPA,1,1
RXRG,GRK2,1,1
RXRG,H1F0,1,1
RXRG,HSCB,1,1
RXRG,KIAA1143,1,1
RXRG,LAMTOR1,1,1
RXRG,LXN,1,1
RXRG,MAD2L1BP,1,1
RXRG,MALSU1,1,1
RXRG,MRPL40,1,1
RXRG,NAXD,1,1
RXRG,NELFB,1,1
RXRG,NRCAM,1,1
RXRG,NT5C2,1,1
RXRG,PCMT1,1,1
RXRG,PDIA5,1,1
RXRG,PHTF2,1,1
RXRG,PPA2,1,1
RXRG,PRR13,1,1
RXRG,RFTN1,1,1
RXRG,RHBDF2,1,1
RXRG,SCMH1,1,1
RXRG,SDC3,1,1
RXRG,SDK1,1,1
RXRG,SND1,1,1
RXRG,SPTBN2,1,1
RXRG,SPTLC2,1,1
RXRG,SUPT20H,1,1
RXRG,TAF11,1,1
RXRG,TANC1,1,1
RXRG,TMED4,1,1
RXRG,TMEM214,1,1
RXRG,TMEM258,1,1
RXRG,TNFSF13B,1,1
RXRG,TRIM13,1,1
RXRG,TSKU,1,1
RXRG,UGP2,1,1
RXRG,USP25,1,1
RXRG,VPS37C,1,1
RXRG,ZCCHC17,1,1
RXRG,ZKSCAN7,1,1
RXRG,ZKSCAN8,1,1
RXRG,ZNF266,1,1
RXRG,ZNF354C,1,1
RXRG,ZNF788,1,1
LATS2,ALG6,1,1
LATS2,CCDC169,1,1
LATS2,CDC14B,1,1
LATS2,CLTB,1,1
LATS2,COA6,1,1
LATS2,CSPG4,1,1
LATS2,FAM32A,1,1
LATS2,HNRNPUL2,1,1
LATS2,LRP11,1,1
LATS2,MSANTD3,1,1
LATS2,NOP9,1,1
LATS2,NRIP1,1,1
LATS2,NUMA1,1,1
LATS2,PROSER1,1,1
LATS2,RABIF,1,1
LATS2,SPTLC2,1,1
LATS2,SUPT20H,1,1
LATS2,TAF11,1,1
LATS2,UBE2Q2,1,1
LATS2,USP25,1,1
LATS2,USP38,1,1
LATS2,WASF3,1,1
VPS37C,ATMIN,1,1
VPS37C,BAMBI,1,1
VPS37C,BAP1,1,1
VPS37C,BCAP29,1,1
VPS37C,BMP7,1,1
VPS37C,C11ORF95,1,1
VPS37C,C9ORF78,1,1
VPS37C,CRBN,1,1
VPS37C,DECR2,1,1
VPS37C,DOPEY2,1,1
VPS37C,FAM127C,1,1
VPS37C,FOXF2,1,1
VPS37C,GRK2,1,1
VPS37C,ITPRIPL1,1,1
VPS37C,KIAA1143,1,1
VPS37C,MRPL40,1,1
VPS37C,NELFB,1,1
VPS37C,PDIA5,1,1
VPS37C,SCMH1,1,1
VPS37C,SDC3,1,1
VPS37C,SLC39A10,1,1
VPS37C,TAF11,1,1
VPS37C,TAX1BP3,1,1
VPS37C,TET2,1,1
VPS37C,TMED4,1,1
VPS37C,TNFSF13B,1,1
VPS37C,ZNF354C,1,1
VPS37C,ZNF788,1,1
CD320,ALDOA,1,1
CD320,ARAP3,1,1
CD320,ARL 10.00,1,1
CD320,ATMIN,1,1
CD320,ATP5G3,1,1
CD320,BCAP29,1,1
CD320,BMP7,1,1
CD320,BRK1,1,1
CD320,C11ORF95,1,1
CD320,CNTN1,1,1
CD320,COA6,1,1
CD320,CRBN,1,1
CD320,CTHRC1,1,1
CD320,DDR1,1,1
CD320,DNAJA3,1,1
CD320,FAM127C,1,1
CD320,FAM210A,1,1
CD320,GMPPA,1,1
CD320,H1F0,1,1
CD320,HSCB,1,1
CD320,JUND,1,1
CD320,MALSU1,1,1
CD320,MARCH8,1,1
CD320,MRPL40,1,1
CD320,MRPL45,1,1
CD320,NRCAM,1,1
CD320,PDIA5,1,1
CD320,PRR13,1,1
CD320,SDK1,1,1
CD320,SPTBN2,1,1
CD320,TMED4,1,1
CD320,TNFSF13B,1,1
CD320,TSKU,1,1
CD320,TSTD2,1,1
CD320,TUBG1,1,1
CD320,UGP2,1,1
CD320,USP25,1,1
CD320,USP45,1,1
CD320,ZBED3,1,1
CD320,ZKSCAN7,1,1
CD320,ZKSCAN8,1,1
ITPRIPL1,AP4S1,1,1
ITPRIPL1,AREL1,1,1
ITPRIPL1,ARFGAP2,1,1
ITPRIPL1,AVEN,1,1
ITPRIPL1,BAMBI,1,1
ITPRIPL1,BHLHB9,1,1
ITPRIPL1,CCDC12,1,1
ITPRIPL1,CCNY,1,1
ITPRIPL1,CLTB,1,1
ITPRIPL1,CSTF2T,1,1
ITPRIPL1,DCTD,1,1
ITPRIPL1,DOPEY2,1,1
ITPRIPL1,EHMT2,1,1
ITPRIPL1,EXOG,1,1
ITPRIPL1,FAM32A,1,1
ITPRIPL1,FOXF2,1,1
ITPRIPL1,GGA1,1,1
ITPRIPL1,HNRNPUL2,1,1
ITPRIPL1,INPP5A,1,1
ITPRIPL1,ITSN1,1,1
ITPRIPL1,LAMTOR1,1,1
ITPRIPL1,LDOC1L,1,1
ITPRIPL1,LIN52,1,1
ITPRIPL1,MED4,1,1
ITPRIPL1,MSANTD3,1,1
ITPRIPL1,MT1F,1,1
ITPRIPL1,NELFB,1,1
ITPRIPL1,NOP10,1,1
ITPRIPL1,NOP9,1,1
ITPRIPL1,NT5C2,1,1
ITPRIPL1,NUDT11,1,1
ITPRIPL1,NUMA1,1,1
ITPRIPL1,OTUB1,1,1
ITPRIPL1,PARG,1,1
ITPRIPL1,PCMT1,1,1
ITPRIPL1,PLEKHO1,1,1
ITPRIPL1,PPP4R1,1,1
ITPRIPL1,PRDM11,1,1
ITPRIPL1,PROSER1,1,1
ITPRIPL1,RABIF,1,1
ITPRIPL1,RALA,1,1
ITPRIPL1,REST,1,1
ITPRIPL1,REV1,1,1
ITPRIPL1,RFTN1,1,1
ITPRIPL1,RHBDF2,1,1
ITPRIPL1,RP11-2C24.9,1,1
ITPRIPL1,SDC3,1,1
ITPRIPL1,SDCCAG8,1,1
ITPRIPL1,SPTLC2,1,1
ITPRIPL1,SRF,1,1
ITPRIPL1,SUPT20H,1,1
ITPRIPL1,TAF11,1,1
ITPRIPL1,TPCN1,1,1
ITPRIPL1,UBAC1,1,1
ITPRIPL1,USP38,1,1
ITPRIPL1,VPS4A,1,1
ITPRIPL1,WASF3,1,1
ITPRIPL1,WDR82,1,1
ITPRIPL1,ZNF266,1,1
ITPRIPL1,ZNF354C,1,1
ITPRIPL1,ZNF510,1,1
UBE2Q2,ASPSCR1,1,1
UBE2Q2,CDC14B,1,1
UBE2Q2,COG3,1,1
UBE2Q2,CSPG4,1,1
UBE2Q2,DPH3,1,1
UBE2Q2,FAM32A,1,1
UBE2Q2,ICAM3,1,1
UBE2Q2,MRPL43,1,1
UBE2Q2,NBPF15,1,1
UBE2Q2,NRIP1,1,1
UBE2Q2,RB1,1,1
UBE2Q2,RNF121,1,1
UBE2Q2,SPRYD4,1,1
UBE2Q2,SUPT20H,1,1
UBE2Q2,USP38,1,1
UBE2Q2,WASF3,1,1
UBE2Q2,ZBTB12,1,1
ZKSCAN8,AIP,1,1
ZKSCAN8,ALDOA,1,1
ZKSCAN8,ARL 10.00,1,1
ZKSCAN8,CDK2AP2,1,1
ZKSCAN8,CNOT8,1,1
ZKSCAN8,CNTN1,1,1
ZKSCAN8,COA6,1,1
ZKSCAN8,FAM127C,1,1
ZKSCAN8,FAM210A,1,1
ZKSCAN8,HSCB,1,1
ZKSCAN8,JUND,1,1
ZKSCAN8,MAD2L1BP,1,1
ZKSCAN8,MALSU1,1,1
ZKSCAN8,MRPL43,1,1
ZKSCAN8,MRPL45,1,1
ZKSCAN8,NAXD,1,1
ZKSCAN8,NRCAM,1,1
ZKSCAN8,PDCD7,1,1
ZKSCAN8,PRR13,1,1
ZKSCAN8,RHBDF2,1,1
ZKSCAN8,SDK1,1,1
ZKSCAN8,SPTBN2,1,1
ZKSCAN8,SUPT20H,1,1
ZKSCAN8,TSTD2,1,1
ZKSCAN8,USP25,1,1
ZKSCAN8,USP45,1,1
ZKSCAN8,ZBED3,1,1
ZKSCAN8,ZKSCAN7,1,1
BMP7,ADGRG6,1,1
BMP7,ALDOA,1,1
BMP7,ARAP1,1,1
BMP7,ARAP3,1,1
BMP7,ARL 10.00,1,1
BMP7,ARNT2,1,1
BMP7,ATMIN,1,1
BMP7,ATP5G3,1,1
BMP7,BAP1,1,1
BMP7,BCAP29,1,1
BMP7,BRK1,1,1
BMP7,C12ORF66,1,1
BMP7,C9ORF78,1,1
BMP7,CNOT8,1,1
BMP7,CNTN1,1,1
BMP7,CNTNAP3,1,1
BMP7,CRBN,1,1
BMP7,CTHRC1,1,1
BMP7,DDR1,1,1
BMP7,DNAJA3,1,1
BMP7,EPS8L2,1,1
BMP7,FAM127C,1,1
BMP7,FAM210A,1,1
BMP7,FDX1,1,1
BMP7,GATA6,1,1
BMP7,GMPPA,1,1
BMP7,GNPAT,1,1
BMP7,GRK2,1,1
BMP7,H1F0,1,1
BMP7,HSCB,1,1
BMP7,KIAA1143,1,1
BMP7,LXN,1,1
BMP7,MALSU1,1,1
BMP7,MARCH8,1,1
BMP7,MRPL40,1,1
BMP7,MRPL45,1,1
BMP7,NAXD,1,1
BMP7,NRCAM,1,1
BMP7,PDIA5,1,1
BMP7,PHTF2,1,1
BMP7,PRR13,1,1
BMP7,RHBDF2,1,1
BMP7,SDC3,1,1
BMP7,SDK1,1,1
BMP7,SLC39A10,1,1
BMP7,TAX1BP3,1,1
BMP7,TMED4,1,1
BMP7,TNFSF13B,1,1
BMP7,TRIM13,1,1
BMP7,TSKU,1,1
BMP7,TUBG1,1,1
BMP7,UGP2,1,1
BMP7,USP25,1,1
BMP7,ZKSCAN7,1,1
BMP7,ZNF788,1,1
AREL1,ABL1,1,1
AREL1,ACVR2B,1,1
AREL1,AMFR,1,1
AREL1,ARNT2,1,1
AREL1,ATPAF1,1,1
AREL1,AVEN,1,1
AREL1,BAMBI,1,1
AREL1,BHLHB9,1,1
AREL1,CASP6,1,1
AREL1,CCNY,1,1
AREL1,CDC14B,1,1
AREL1,CDK2AP2,1,1
AREL1,CDYL2,1,1
AREL1,CES2,1,1
AREL1,CHST3,1,1
AREL1,CIDEB,1,1
AREL1,COA6,1,1
AREL1,COG8,1,1
AREL1,CYLD,1,1
AREL1,DAAM2,1,1
AREL1,DCP1A,1,1
AREL1,DNPEP,1,1
AREL1,DOPEY2,1,1
AREL1,DTNA,1,1
AREL1,FBXL19,1,1
AREL1,GGCX,1,1
AREL1,HOXC11,1,1
AREL1,ITSN1,1,1
AREL1,KIAA1143,1,1
AREL1,KLF12,1,1
AREL1,KRIT1,1,1
AREL1,LAMTOR1,1,1
AREL1,LDOC1L,1,1
AREL1,MAPKAPK3,1,1
AREL1,MED19,1,1
AREL1,MED20,1,1
AREL1,NCS1,1,1
AREL1,NELFB,1,1
AREL1,NOP10,1,1
AREL1,NSMF,1,1
AREL1,NT5C,1,1
AREL1,NT5C2,1,1
AREL1,NUDT11,1,1
AREL1,NUMA1,1,1
AREL1,NXPE3,1,1
AREL1,PARG,1,1
AREL1,PCMT1,1,1
AREL1,PKN1,1,1
AREL1,PLEKHO1,1,1
AREL1,PPA2,1,1
AREL1,PPT1,1,1
AREL1,REST,1,1
AREL1,REV1,1,1
AREL1,RRAGB,1,1
AREL1,RSF1,1,1
AREL1,SCMH1,1,1
AREL1,SDC3,1,1
AREL1,SLC39A9,1,1
AREL1,SND1,1,1
AREL1,SPTBN2,1,1
AREL1,SPTLC2,1,1
AREL1,SUPT20H,1,1
AREL1,TET2,1,1
AREL1,TMEM214,1,1
AREL1,TMOD3,1,1
AREL1,TNFAIP1,1,1
AREL1,TPCN1,1,1
AREL1,TRNAU1AP,1,1
AREL1,TTLL5,1,1
AREL1,UBXN1,1,1
AREL1,VPS4A,1,1
AREL1,VPS51,1,1
AREL1,VWA8,1,1
AREL1,ZBED3,1,1
AREL1,ZBED6,1,1
AREL1,ZCCHC17,1,1
AREL1,ZNF22,1,1
AREL1,ZNF266,1,1
AREL1,ZNF354C,1,1
AREL1,ZNF510,1,1
AREL1,ZNF740,1,1
AREL1,ZNF772,1,1
AREL1,ZNF788,1,1
CNTN1,ADGRG6,1,1
CNTN1,AIP,1,1
CNTN1,ALDOA,1,1
CNTN1,ARAP3,1,1
CNTN1,ARL 10.00,1,1
CNTN1,ARNT2,1,1
CNTN1,BAP1,1,1
CNTN1,BCAP29,1,1
CNTN1,BRK1,1,1
CNTN1,CDK2AP2,1,1
CNTN1,CNTNAP3,1,1
CNTN1,COA6,1,1
CNTN1,CRBN,1,1
CNTN1,CTHRC1,1,1
CNTN1,DNAJA3,1,1
CNTN1,EPS8L2,1,1
CNTN1,FAM127C,1,1
CNTN1,FAM210A,1,1
CNTN1,FDX1,1,1
CNTN1,GRK2,1,1
CNTN1,H1F0,1,1
CNTN1,HSCB,1,1
CNTN1,JUND,1,1
CNTN1,LXN,1,1
CNTN1,MAD2L1BP,1,1
CNTN1,MALSU1,1,1
CNTN1,MARCH8,1,1
CNTN1,MRPL40,1,1
CNTN1,MRPL43,1,1
CNTN1,MRPL45,1,1
CNTN1,NAXD,1,1
CNTN1,NELFB,1,1
CNTN1,NRCAM,1,1
CNTN1,PCMT1,1,1
CNTN1,PDCD7,1,1
CNTN1,PDIA5,1,1
CNTN1,PHTF2,1,1
CNTN1,PRR13,1,1
CNTN1,RHBDF2,1,1
CNTN1,SDK1,1,1
CNTN1,SPTBN2,1,1
CNTN1,SUPT20H,1,1
CNTN1,TAF11,1,1
CNTN1,TMED4,1,1
CNTN1,TNFSF13B,1,1
CNTN1,TRIM13,1,1
CNTN1,TSTD2,1,1
CNTN1,UGP2,1,1
CNTN1,USP25,1,1
CNTN1,ZKSCAN7,1,1
CNTN1,ZNF788,1,1
SMPDL3A,ACVR2A,1,1
SMPDL3A,AGO1,1,1
SMPDL3A,ARPC1B,1,1
SMPDL3A,CCPG1,1,1
SMPDL3A,DAAM2,1,1
SMPDL3A,DDX41,1,1
SMPDL3A,GGCX,1,1
SMPDL3A,HUS1,1,1
SMPDL3A,MAD1L1,1,1
SMPDL3A,MED19,1,1
SMPDL3A,NAGPA,1,1
SMPDL3A,NT5C,1,1
SMPDL3A,PPT1,1,1
SMPDL3A,PRKAB2,1,1
SMPDL3A,RASAL2,1,1
SMPDL3A,RPL36AL,1,1
SMPDL3A,SLC35B2,1,1
SMPDL3A,SOX6,1,1
SMPDL3A,TRNAU1AP,1,1
SMPDL3A,TUBGCP4,1,1
SMPDL3A,TXNDC11,1,1
SMPDL3A,VPS4A,1,1
SMPDL3A,ZNF23,1,1
SMPDL3A,ZNF532,1,1
SMPDL3A,ZNF669,1,1
SMPDL3A,ZNF772,1,1
SMPDL3A,ZSWIM6,1,1
ALG6,LRP11,1,1
ALG6,WASF3,1,1
PARP3,ANKRD42,1,1
PARP3,CES2,1,1
PARP3,DDAH2,1,1
PARP3,DENND2A,1,1
PARP3,DMTN,1,1
PARP3,EHD2,1,1
PARP3,FIBP,1,1
PARP3,LTBP3,1,1
PARP3,OTUB2,1,1
PARP3,RNF41,1,1
PARP3,RPS27,1,1
PARP3,SEPT5,1,1
PARP3,TSHZ3,1,1
KCNQ5,ABL1,1,1
KCNQ5,ACVR2B,1,1
KCNQ5,ADGRG6,1,1
KCNQ5,AIP,1,1
KCNQ5,AKIRIN1,1,1
KCNQ5,AP1S2,1,1
KCNQ5,ARNT2,1,1
KCNQ5,DNPEP,1,1
KCNQ5,DOPEY2,1,1
KCNQ5,DSE,1,1
KCNQ5,DTNA,1,1
KCNQ5,EPS8L2,1,1
KCNQ5,FBXL15,1,1
KCNQ5,FHOD3,1,1
KCNQ5,LAMTOR1,1,1
KCNQ5,LRP11,1,1
KCNQ5,NAXD,1,1
KCNQ5,PCMT1,1,1
KCNQ5,PPT1,1,1
KCNQ5,PTP4A1,1,1
KCNQ5,RFTN1,1,1
KCNQ5,RHBDF2,1,1
KCNQ5,RPAIN,1,1
KCNQ5,SCMH1,1,1
KCNQ5,SDC3,1,1
KCNQ5,SND1,1,1
KCNQ5,SPTBN2,1,1
KCNQ5,SUPT20H,1,1
KCNQ5,TEX15,1,1
KCNQ5,TMEM136,1,1
KCNQ5,TMEM258,1,1
KCNQ5,UBXN1,1,1
KCNQ5,VPS51,1,1
KCNQ5,ZCCHC17,1,1
KCNQ5,ZNF266,1,1
KCNQ5,ZNF542P,1,1
KCNQ5,ZNF740,1,1
SRF,ALG5,1,1
SRF,ANKMY2,1,1
SRF,AP4S1,1,1
SRF,EXOG,1,1
SRF,INPP4A,1,1
SRF,MARK2,1,1
SRF,NELFB,1,1
SRF,NT5C2,1,1
SRF,PPP4R1,1,1
STAP2,GGCT,1,1
STAP2,PPP1R11,1,1
STAP2,TRIM46,1,1
APOL2,ACVR1C,1,1
APOL2,AHCYL1,1,1
APOL2,ANXA2,1,1
APOL2,AP4S1,1,1
APOL2,ASAP3,1,1
APOL2,AVEN,1,1
APOL2,BAMBI,1,1
APOL2,BHLHB9,1,1
APOL2,CCNY,1,1
APOL2,CDYL2,1,1
APOL2,CFL1,1,1
APOL2,CHMP7,1,1
APOL2,CHST3,1,1
APOL2,COG8,1,1
APOL2,CPSF7,1,1
APOL2,CSTF2T,1,1
APOL2,DAAM2,1,1
APOL2,DCTD,1,1
APOL2,DNMBP,1,1
APOL2,DPH7,1,1
APOL2,DSE,1,1
APOL2,EHMT2,1,1
APOL2,EXOC3,1,1
APOL2,FIBP,1,1
APOL2,GNAS,1,1
APOL2,HIBADH,1,1
APOL2,HNRNPUL2,1,1
APOL2,HOXC11,1,1
APOL2,IBTK,1,1
APOL2,INPP4A,1,1
APOL2,INPP5A,1,1
APOL2,INTS5,1,1
APOL2,ITSN1,1,1
APOL2,KLHL7,1,1
APOL2,KREMEN1,1,1
APOL2,KRIT1,1,1
APOL2,LAMTOR1,1,1
APOL2,LDOC1L,1,1
APOL2,MARK2,1,1
APOL2,MED19,1,1
APOL2,MED20,1,1
APOL2,MEN1,1,1
APOL2,MT1F,1,1
APOL2,MTO1,1,1
APOL2,MX2,1,1
APOL2,NCS1,1,1
APOL2,NDUFB2,1,1
APOL2,NFATC3,1,1
APOL2,NOP10,1,1
APOL2,NT5C,1,1
APOL2,NUDT11,1,1
APOL2,NUMA1,1,1
APOL2,OTUB1,1,1
APOL2,PARG,1,1
APOL2,PPP4R1,1,1
APOL2,PPT1,1,1
APOL2,PRDM11,1,1
APOL2,PRRC2A,1,1
APOL2,RAB2A,1,1
APOL2,RCE1,1,1
APOL2,RPL7A,1,1
APOL2,RRAGB,1,1
APOL2,SELO,1,1
APOL2,SLC39A9,1,1
APOL2,SND1,1,1
APOL2,TANC1,1,1
APOL2,TMOD3,1,1
APOL2,TOMM7,1,1
APOL2,TOR4A,1,1
APOL2,TPCN1,1,1
APOL2,TPM2,1,1
APOL2,TRNAU1AP,1,1
APOL2,TSPAN5,1,1
APOL2,UBAC1,1,1
APOL2,UBXN1,1,1
APOL2,VPS4A,1,1
APOL2,ZBED6,1,1
APOL2,ZNF22,1,1
APOL2,ZNF23,1,1
APOL2,ZNF510,1,1
APOL2,ZNF532,1,1
APOL2,ZNF669,1,1
APOL2,ZNF772,1,1
NDUFB2,ADH5,1,1
NDUFB2,AIFM1,1,1
NDUFB2,ANXA2,1,1
NDUFB2,AP4S1,1,1
NDUFB2,APOLD1,1,1
NDUFB2,AVEN,1,1
NDUFB2,BHLHB9,1,1
NDUFB2,CCNY,1,1
NDUFB2,CDYL2,1,1
NDUFB2,CFL1,1,1
NDUFB2,COG3,1,1
NDUFB2,COG8,1,1
NDUFB2,COMMD7,1,1
NDUFB2,CYTH2,1,1
NDUFB2,DCTD,1,1
NDUFB2,DNMBP,1,1
NDUFB2,DPH3,1,1
NDUFB2,EHMT2,1,1
NDUFB2,ENDOD1,1,1
NDUFB2,FAM135A,1,1
NDUFB2,FAM32A,1,1
NDUFB2,FBXO46,1,1
NDUFB2,HNRNPUL2,1,1
NDUFB2,HOXC11,1,1
NDUFB2,LZTFL1,1,1
NDUFB2,MED20,1,1
NDUFB2,MEN1,1,1
NDUFB2,MRPL18,1,1
NDUFB2,MT1F,1,1
NDUFB2,MX2,1,1
NDUFB2,NPRL3,1,1
NDUFB2,NUMA1,1,1
NDUFB2,OTUB1,1,1
NDUFB2,PARG,1,1
NDUFB2,PPP4R1,1,1
NDUFB2,PRDM11,1,1
NDUFB2,PRRC2A,1,1
NDUFB2,RAB5C,1,1
NDUFB2,RALA,1,1
NDUFB2,RB1,1,1
NDUFB2,REST,1,1
NDUFB2,RNF121,1,1
NDUFB2,RP11-2C24.9,1,1
NDUFB2,RRAGB,1,1
NDUFB2,TERF2,1,1
NDUFB2,TGIF2,1,1
NDUFB2,TOR4A,1,1
NDUFB2,TPCN1,1,1
NDUFB2,TRIO,1,1
NDUFB2,TSPAN5,1,1
NDUFB2,UBAC1,1,1
NDUFB2,USP38,1,1
NDUFB2,ZBED6,1,1
NDUFB2,ZBTB12,1,1
NDUFB2,ZC4H2,1,1
NDUFB2,ZNF22,1,1
NDUFB2,ZNF35,1,1
CTDNEP1,MDGA1,1,1
DECR2,ALDOA,1,1
DECR2,ATMIN,1,1
DECR2,BAMBI,1,1
DECR2,C11ORF95,1,1
DECR2,C12ORF66,1,1
DECR2,CD200,1,1
DECR2,CDC14B,1,1
DECR2,GMPPA,1,1
DECR2,HSCB,1,1
DECR2,KIAA1143,1,1
DECR2,LDOC1L,1,1
DECR2,LXN,1,1
DECR2,NELFB,1,1
DECR2,NT5C2,1,1
DECR2,PDIA5,1,1
DECR2,SDC3,1,1
DECR2,SLC25A5,1,1
DECR2,SPTLC2,1,1
DECR2,TET2,1,1
DECR2,TMED4,1,1
DECR2,TMEM214,1,1
DECR2,TRIM35,1,1
FHOD3,ABL1,1,1
S100A1,ASPSCR1,1,1
S100A1,RB1,1,1
S100A1,STAG3L2,1,1
S100A1,UBP1,1,1
S100A1,WAPL,1,1
S100A1,ZNF37A,1,1
PPT1,ABL1,1,1
PPT1,ACVR2B,1,1
PPT1,AGO1,1,1
PPT1,AKIRIN1,1,1
PPT1,AMFR,1,1
PPT1,BAMBI,1,1
PPT1,BHLHB9,1,1
PPT1,CCNY,1,1
PPT1,CDYL2,1,1
PPT1,CHMP7,1,1
PPT1,COG8,1,1
PPT1,CYLD,1,1
PPT1,DAAM2,1,1
PPT1,DNPEP,1,1
PPT1,DPH7,1,1
PPT1,DTNA,1,1
PPT1,EHD2,1,1
PPT1,EXOC3,1,1
PPT1,FBXL19,1,1
PPT1,FBXO11,1,1
PPT1,FIBP,1,1
PPT1,GGCX,1,1
PPT1,HEATR6,1,1
PPT1,HOXC11,1,1
PPT1,HUS1,1,1
PPT1,ITSN1,1,1
PPT1,KLF12,1,1
PPT1,KLHL7,1,1
PPT1,KRIT1,1,1
PPT1,LAMTOR1,1,1
PPT1,LINC00094,1,1
PPT1,LZTFL1,1,1
PPT1,MAD1L1,1,1
PPT1,MAP4K2,1,1
PPT1,MAPKAPK3,1,1
PPT1,MED19,1,1
PPT1,MED20,1,1
PPT1,NAGPA,1,1
PPT1,NOP10,1,1
PPT1,NT5C,1,1
PPT1,NUDT11,1,1
PPT1,NUMA1,1,1
PPT1,NXPE3,1,1
PPT1,PCMT1,1,1
PPT1,PEX3,1,1
PPT1,PKN1,1,1
PPT1,PSENEN,1,1
PPT1,PTP4A1,1,1
PPT1,RAB2A,1,1
PPT1,RNF169,1,1
PPT1,RRAGB,1,1
PPT1,SCMH1,1,1
PPT1,SDC3,1,1
PPT1,SLC39A9,1,1
PPT1,SND1,1,1
PPT1,SOX6,1,1
PPT1,TBK1,1,1
PPT1,TMEM136,1,1
PPT1,TMEM258,1,1
PPT1,TMOD3,1,1
PPT1,TNFAIP1,1,1
PPT1,TOR4A,1,1
PPT1,TPCN1,1,1
PPT1,TRNAU1AP,1,1
PPT1,TSPAN5,1,1
PPT1,TUBGCP4,1,1
PPT1,TXNDC11,1,1
PPT1,UBAC1,1,1
PPT1,UBXN1,1,1
PPT1,VPS4A,1,1
PPT1,VPS51,1,1
PPT1,ZCCHC17,1,1
PPT1,ZNF22,1,1
PPT1,ZNF23,1,1
PPT1,ZNF510,1,1
PPT1,ZNF532,1,1
PPT1,ZNF542P,1,1
PPT1,ZNF669,1,1
PPT1,ZNF740,1,1
PPT1,ZNF772,1,1
CSPG4,AIP,1,1
CSPG4,AP1S2,1,1
CSPG4,APH1A,1,1
CSPG4,CCDC169,1,1
CSPG4,CDYL2,1,1
CSPG4,CLTB,1,1
CSPG4,COG3,1,1
CSPG4,COMMD7,1,1
CSPG4,CUTC,1,1
CSPG4,CX3CL1,1,1
CSPG4,DCTD,1,1
CSPG4,DPH3,1,1
CSPG4,EHMT2,1,1
CSPG4,ENDOD1,1,1
CSPG4,FAM32A,1,1
CSPG4,HNRNPUL2,1,1
CSPG4,HOXC11,1,1
CSPG4,HPF1,1,1
CSPG4,HSD3B7,1,1
CSPG4,IBTK,1,1
CSPG4,LRP11,1,1
CSPG4,MEF2C,1,1
CSPG4,MITD1,1,1
CSPG4,MRPL43,1,1
CSPG4,NRIP1,1,1
CSPG4,NUMA1,1,1
CSPG4,OTUB1,1,1
CSPG4,PARG,1,1
CSPG4,PCMT1,1,1
CSPG4,PRDM11,1,1
CSPG4,PROSER1,1,1
CSPG4,RALA,1,1
CSPG4,RB1,1,1
CSPG4,RNF121,1,1
CSPG4,RP11-2C24.9,1,1
CSPG4,SDCCAG8,1,1
CSPG4,SMG7,1,1
CSPG4,SPRYD4,1,1
CSPG4,SUPT20H,1,1
CSPG4,TGIF2,1,1
CSPG4,USP38,1,1
CSPG4,ZBTB12,1,1
CSPG4,ZNF266,1,1
CSPG4,ZNF35,1,1
LRP11,ABL1,1,1
LRP11,ACVR2B,1,1
LRP11,ADGRG6,1,1
LRP11,AIP,1,1
LRP11,ARNT2,1,1
LRP11,CCDC169,1,1
LRP11,CLTB,1,1
LRP11,COA6,1,1
LRP11,CX3CL1,1,1
LRP11,DOPEY2,1,1
LRP11,HNRNPUL2,1,1
LRP11,MRPL43,1,1
LRP11,MRPL45,1,1
LRP11,NAXD,1,1
LRP11,NRIP1,1,1
LRP11,NUMA1,1,1
LRP11,PCMT1,1,1
LRP11,RFTN1,1,1
LRP11,RHBDF2,1,1
LRP11,RP11-2C24.9,1,1
LRP11,SDCCAG8,1,1
LRP11,SPTBN2,1,1
LRP11,SPTLC2,1,1
LRP11,SUPT20H,1,1
LRP11,TAF11,1,1
LRP11,TEX15,1,1
LRP11,TNFAIP1,1,1
LRP11,WASF3,1,1
LRP11,ZBTB12,1,1
LRP11,ZCCHC17,1,1
LRP11,ZNF266,1,1
ALDH3B1,DENND4B,1,1
TNFAIP1,ABL1,1,1
TNFAIP1,ACVR2B,1,1
TNFAIP1,ANXA2,1,1
TNFAIP1,BHLHB9,1,1
TNFAIP1,CCDC169,1,1
TNFAIP1,CDYL2,1,1
TNFAIP1,CES2,1,1
TNFAIP1,CHMP7,1,1
TNFAIP1,COA6,1,1
TNFAIP1,COG8,1,1
TNFAIP1,CX3CL1,1,1
TNFAIP1,CYLD,1,1
TNFAIP1,DAPK3,1,1
TNFAIP1,DCP1A,1,1
TNFAIP1,DMTN,1,1
TNFAIP1,DTNA,1,1
TNFAIP1,FAM65A,1,1
TNFAIP1,FBXL19,1,1
TNFAIP1,HEATR6,1,1
TNFAIP1,HSD3B7,1,1
TNFAIP1,IBTK,1,1
TNFAIP1,INTS4,1,1
TNFAIP1,ITSN1,1,1
TNFAIP1,KLF12,1,1
TNFAIP1,LZTFL1,1,1
TNFAIP1,MAP4K2,1,1
TNFAIP1,MAPKAPK3,1,1
TNFAIP1,MED19,1,1
TNFAIP1,MED20,1,1
TNFAIP1,MRPL18,1,1
TNFAIP1,NAALAD2,1,1
TNFAIP1,NCS1,1,1
TNFAIP1,NOP10,1,1
TNFAIP1,NRIP1,1,1
TNFAIP1,NT5C,1,1
TNFAIP1,NUMA1,1,1
TNFAIP1,OTUB1,1,1
TNFAIP1,PARG,1,1
TNFAIP1,PCMT1,1,1
TNFAIP1,PKN1,1,1
TNFAIP1,PRDM11,1,1
TNFAIP1,RNF166,1,1
TNFAIP1,RNF169,1,1
TNFAIP1,RRAGB,1,1
TNFAIP1,SLC39A9,1,1
TNFAIP1,SPTBN2,1,1
TNFAIP1,SUPT20H,1,1
TNFAIP1,TMOD3,1,1
TNFAIP1,TOR4A,1,1
TNFAIP1,TPCN1,1,1
TNFAIP1,TXNDC11,1,1
TNFAIP1,UBAC1,1,1
TNFAIP1,UBXN1,1,1
TNFAIP1,USF1,1,1
TNFAIP1,VPS4A,1,1
TNFAIP1,VPS51,1,1
TNFAIP1,ZBED6,1,1
TNFAIP1,ZCCHC17,1,1
TNFAIP1,ZFP41,1,1
TNFAIP1,ZMYM6,1,1
TNFAIP1,ZNF22,1,1
TNFAIP1,ZNF510,1,1
TNFAIP1,ZNF532,1,1
TNFAIP1,ZNF740,1,1
TRIM35,BAMBI,1,1
TRIM35,C11ORF95,1,1
TRIM35,CD200,1,1
TRIM35,CHST3,1,1
TRIM35,HIBADH,1,1
TRIM35,MARK2,1,1
TRIM35,RPP25L,1,1
TRIM35,SLC25A5,1,1
TRIM35,TMEM214,1,1
MAD2L1BP,ACVR2B,1,1
MAD2L1BP,AIFM1,1,1
MAD2L1BP,AIP,1,1
MAD2L1BP,ALDOA,1,1
MAD2L1BP,AP1S2,1,1
MAD2L1BP,ARNT2,1,1
MAD2L1BP,AVEN,1,1
MAD2L1BP,CDK2AP2,1,1
MAD2L1BP,CDYL2,1,1
MAD2L1BP,DKK 3.00,1,1
MAD2L1BP,DNPEP,1,1
MAD2L1BP,DPH3,1,1
MAD2L1BP,DSE,1,1
MAD2L1BP,EPS8L2,1,1
MAD2L1BP,FADS3,1,1
MAD2L1BP,FAM127C,1,1
MAD2L1BP,HNRNPUL2,1,1
MAD2L1BP,HOXC11,1,1
MAD2L1BP,LAMTOR1,1,1
MAD2L1BP,LXN,1,1
MAD2L1BP,LZTFL1,1,1
MAD2L1BP,MRPL43,1,1
MAD2L1BP,MRPL45,1,1
MAD2L1BP,NAXD,1,1
MAD2L1BP,NELFB,1,1
MAD2L1BP,NRCAM,1,1
MAD2L1BP,NUMA1,1,1
MAD2L1BP,PCMT1,1,1
MAD2L1BP,PRR13,1,1
MAD2L1BP,RFTN1,1,1
MAD2L1BP,RHBDF2,1,1
MAD2L1BP,RNF121,1,1
MAD2L1BP,RPAIN,1,1
MAD2L1BP,RPL26,1,1
MAD2L1BP,SDC3,1,1
MAD2L1BP,SDK1,1,1
MAD2L1BP,SMG7,1,1
MAD2L1BP,SND1,1,1
MAD2L1BP,SPRYD4,1,1
MAD2L1BP,SPTBN2,1,1
MAD2L1BP,SUPT20H,1,1
MAD2L1BP,TANC1,1,1
MAD2L1BP,TMEM258,1,1
MAD2L1BP,TPM2,1,1
MAD2L1BP,UBXN1,1,1
MAD2L1BP,ZBTB12,1,1
MAD2L1BP,ZCCHC17,1,1
MAD2L1BP,ZFP41,1,1
MAD2L1BP,ZKSCAN7,1,1
MAD2L1BP,ZNF22,1,1
MAD2L1BP,ZNF266,1,1
MAD2L1BP,ZNF788,1,1
HDAC7,ANP32A,1,1
HDAC7,ANXA2,1,1
HDAC7,ARFGAP2,1,1
HDAC7,ARPC1B,1,1
HDAC7,B4GALT3,1,1
HDAC7,BHLHB9,1,1
HDAC7,CCPG1,1,1
HDAC7,CPSF7,1,1
HDAC7,DDX41,1,1
HDAC7,DNMBP,1,1
HDAC7,DPH7,1,1
HDAC7,GNAS,1,1
HDAC7,INPP5A,1,1
HDAC7,INTS5,1,1
HDAC7,ITSN1,1,1
HDAC7,KLHL7,1,1
HDAC7,KRIT1,1,1
HDAC7,MED19,1,1
HDAC7,NAPEPLD,1,1
HDAC7,NFATC3,1,1
HDAC7,NOP10,1,1
HDAC7,PPP4R3A,1,1
HDAC7,PRKAR1A,1,1
HDAC7,PRR16,1,1
HDAC7,R3HCC1,1,1
HDAC7,RBPJ,1,1
HDAC7,RNF166,1,1
HDAC7,SLC35B2,1,1
HDAC7,SOX6,1,1
HDAC7,TPCN1,1,1
HDAC7,TUBGCP4,1,1
HDAC7,UBAC1,1,1
HDAC7,VPS4A,1,1
HDAC7,ZNF532,1,1
HDAC7,ZNF669,1,1
CFLAR,DNAJA3,1,1
CFLAR,MRPL45,1,1
CFLAR,USP25,1,1
FAM135A,ADH5,1,1
FAM135A,AP1S2,1,1
FAM135A,BHLHB9,1,1
FAM135A,CCNY,1,1
FAM135A,CFL1,1,1
FAM135A,COMMD7,1,1
FAM135A,CUTC,1,1
FAM135A,DCTD,1,1
FAM135A,DPH7,1,1
FAM135A,ENDOD1,1,1
FAM135A,HOXC11,1,1
FAM135A,IBTK,1,1
FAM135A,MED4,1,1
FAM135A,MT1F,1,1
FAM135A,MX2,1,1
FAM135A,NUMA1,1,1
FAM135A,PRDM11,1,1
FAM135A,PRRC2A,1,1
FAM135A,RAB5C,1,1
FAM135A,RALA,1,1
FAM135A,RNF166,1,1
FAM135A,RPL7A,1,1
FAM135A,SDCCAG8,1,1
FAM135A,SMG7,1,1
FAM135A,TGIF2,1,1
FAM135A,TOR1AIP1,1,1
FAM135A,TOR4A,1,1
FAM135A,TPM2,1,1
FAM135A,UBAC1,1,1
FAM135A,ZNF35,1,1
PREPL,CFL1,1,1
PREPL,DCTD,1,1
PREPL,HMGN5,1,1
PREPL,MED4,1,1
PREPL,RALA,1,1
PREPL,SS18L2,1,1
PREPL,SUMO3,1,1
PREPL,TRIM7,1,1
PSAT1,ANKRD42,1,1
ZNF133,AIP,1,1
ZNF133,FBXL15,1,1
ZNF133,HSD11B1L,1,1
ZNF133,MRPL43,1,1
ZNF133,NDUFB8,1,1
ZNF133,OTUD5,1,1
ZNF133,QARS,1,1
ZNF133,RPAIN,1,1
ZNF133,RPL26,1,1
ZNF133,RPL29,1,1
ZNF133,RPS27,1,1
ZNF133,SEPT5,1,1
ZNF133,TMEM258,1,1
ZNF133,TMEM42,1,1
HOXC5,APH1A,1,1
HOXC5,CACUL1,1,1
HOXC5,CCDC22,1,1
HOXC5,COMMD7,1,1
HOXC5,CUL4A,1,1
HOXC5,GPATCH2,1,1
HOXC5,IRF2BPL,1,1
HOXC5,KLHL2,1,1
HOXC5,MID1,1,1
HOXC5,PCBD1,1,1
HOXC5,PRICKLE3,1,1
HOXC5,PTBP2,1,1
HOXC5,RPS6KL1,1,1
HOXC5,SLC16A7,1,1
HOXC5,TRIM7,1,1
HOXC5,WDR6,1,1
HOXC5,ZNF35,1,1
NCS1,ANXA2,1,1
NCS1,AP4S1,1,1
NCS1,ARPC1B,1,1
NCS1,ASAP3,1,1
NCS1,BHLHB9,1,1
NCS1,C3ORF38,1,1
NCS1,CCNY,1,1
NCS1,CDYL2,1,1
NCS1,CFL1,1,1
NCS1,CHMP7,1,1
NCS1,CMTM4,1,1
NCS1,COG8,1,1
NCS1,CSTF2T,1,1
NCS1,DCP1A,1,1
NCS1,DNAJC21,1,1
NCS1,DNMBP,1,1
NCS1,FAM65A,1,1
NCS1,FBXO46,1,1
NCS1,FIBP,1,1
NCS1,GGA1,1,1
NCS1,INTS5,1,1
NCS1,ITSN1,1,1
NCS1,KREMEN1,1,1
NCS1,LDOC1L,1,1
NCS1,MARK2,1,1
NCS1,MED20,1,1
NCS1,MEN1,1,1
NCS1,MRPL18,1,1
NCS1,MT1F,1,1
NCS1,MTO1,1,1
NCS1,NAALAD2,1,1
NCS1,NFATC3,1,1
NCS1,NOP10,1,1
NCS1,NT5C,1,1
NCS1,OTUB1,1,1
NCS1,PARG,1,1
NCS1,PKN1,1,1
NCS1,PPP4R1,1,1
NCS1,PRDM11,1,1
NCS1,R3HCC1,1,1
NCS1,REST,1,1
NCS1,RNF166,1,1
NCS1,RNF169,1,1
NCS1,RRAGB,1,1
NCS1,SLC39A9,1,1
NCS1,SUMF2,1,1
NCS1,TERF2,1,1
NCS1,TMOD3,1,1
NCS1,TOMM7,1,1
NCS1,TOR4A,1,1
NCS1,TPCN1,1,1
NCS1,TRIO,1,1
NCS1,TSPAN5,1,1
NCS1,UBAC1,1,1
NCS1,UBXN1,1,1
NCS1,VPS4A,1,1
NCS1,WDR82,1,1
NCS1,ZBED6,1,1
NCS1,ZMYM6,1,1
NCS1,ZNF22,1,1
NCS1,ZNF23,1,1
NCS1,ZNF510,1,1
NCS1,ZNF532,1,1
NCS1,ZNF669,1,1
NCS1,ZNF772,1,1
AVEN,ACVR2B,1,1
AVEN,AIFM1,1,1
AVEN,ALG5,1,1
AVEN,AP4S1,1,1
AVEN,BHLHB9,1,1
AVEN,CCNY,1,1
AVEN,CDK2AP2,1,1
AVEN,CDYL2,1,1
AVEN,CFL1,1,1
AVEN,CIDEB,1,1
AVEN,COG3,1,1
AVEN,COG8,1,1
AVEN,COMMD7,1,1
AVEN,CSTF2T,1,1
AVEN,DCP1A,1,1
AVEN,DCTD,1,1
AVEN,DNMBP,1,1
AVEN,DPH3,1,1
AVEN,FAM32A,1,1
AVEN,FBXO46,1,1
AVEN,HNRNPUL2,1,1
AVEN,HOXC11,1,1
AVEN,HPF1,1,1
AVEN,INPP4A,1,1
AVEN,KLF12,1,1
AVEN,KRIT1,1,1
AVEN,LAMTOR1,1,1
AVEN,LDOC1L,1,1
AVEN,MED20,1,1
AVEN,MED4,1,1
AVEN,MEN1,1,1
AVEN,MT1F,1,1
AVEN,MX2,1,1
AVEN,NELFB,1,1
AVEN,NOP10,1,1
AVEN,NT5C,1,1
AVEN,NT5C2,1,1
AVEN,NUMA1,1,1
AVEN,OTUB1,1,1
AVEN,PARG,1,1
AVEN,PCMT1,1,1
AVEN,PLEKHO1,1,1
AVEN,PPP4R1,1,1
AVEN,PRDM11,1,1
AVEN,PRRC2A,1,1
AVEN,RAB5C,1,1
AVEN,RALA,1,1
AVEN,REST,1,1
AVEN,RNF121,1,1
AVEN,RP11-2C24.9,1,1
AVEN,RPL7A,1,1
AVEN,RRAGB,1,1
AVEN,SMG7,1,1
AVEN,SPTLC2,1,1
AVEN,SUPT20H,1,1
AVEN,TANC1,1,1
AVEN,TERF2,1,1
AVEN,TGIF2,1,1
AVEN,TMEM214,1,1
AVEN,TMEM258,1,1
AVEN,TOR4A,1,1
AVEN,TPCN1,1,1
AVEN,TPM2,1,1
AVEN,TRIO,1,1
AVEN,TSPAN5,1,1
AVEN,UBAC1,1,1
AVEN,UBXN1,1,1
AVEN,USP38,1,1
AVEN,ZBED6,1,1
AVEN,ZBTB12,1,1
AVEN,ZNF22,1,1
AVEN,ZNF354C,1,1
AVEN,ZNF510,1,1
ZNF772,ABL1,1,1
ZNF772,ACO2,1,1
ZNF772,ACVR2A,1,1
ZNF772,AHCYL1,1,1
ZNF772,AMFR,1,1
ZNF772,ANP32A,1,1
ZNF772,ARPC1B,1,1
ZNF772,BAMBI,1,1
ZNF772,BHLHB9,1,1
ZNF772,CHMP7,1,1
ZNF772,COG8,1,1
ZNF772,CYLD,1,1
ZNF772,DAAM2,1,1
ZNF772,DDX41,1,1
ZNF772,DTNA,1,1
ZNF772,FBXL19,1,1
ZNF772,FBXO11,1,1
ZNF772,FIBP,1,1
ZNF772,GGCX,1,1
ZNF772,GNAS,1,1
ZNF772,ITSN1,1,1
ZNF772,KLHL7,1,1
ZNF772,KREMEN1,1,1
ZNF772,KRIT1,1,1
ZNF772,MAD1L1,1,1
ZNF772,MAPKAPK3,1,1
ZNF772,MED19,1,1
ZNF772,MED20,1,1
ZNF772,MTO1,1,1
ZNF772,NAGPA,1,1
ZNF772,NBL1,1,1
ZNF772,NFATC3,1,1
ZNF772,NOP10,1,1
ZNF772,NSMF,1,1
ZNF772,NT5C,1,1
ZNF772,NXPE3,1,1
ZNF772,PKN1,1,1
ZNF772,PRKAB2,1,1
ZNF772,R3HCC1,1,1
ZNF772,RNF169,1,1
ZNF772,RPL36AL,1,1
ZNF772,RPUSD3,1,1
ZNF772,RRAGB,1,1
ZNF772,SLC25A11,1,1
ZNF772,SLC35B2,1,1
ZNF772,SLC39A9,1,1
ZNF772,SND1,1,1
ZNF772,SOX6,1,1
ZNF772,TMOD3,1,1
ZNF772,TOMM7,1,1
ZNF772,TOX4,1,1
ZNF772,TPCN1,1,1
ZNF772,TRNAU1AP,1,1
ZNF772,TUBGCP4,1,1
ZNF772,VPS4A,1,1
ZNF772,VPS51,1,1
ZNF772,ZNF23,1,1
ZNF772,ZNF510,1,1
ZNF772,ZNF532,1,1
ZNF772,ZNF669,1,1
BNIP2,LDOC1L,1,1
BNIP2,TRAPPC6B,1,1
SLC38A9,EPS8L2,1,1
SLC38A9,FBXL15,1,1
SLC38A9,HSD11B1L,1,1
SLC38A9,JUND,1,1
SLC38A9,PPP1R11,1,1
NELFB,ACVR2B,1,1
NELFB,ARNT2,1,1
NELFB,BAMBI,1,1
NELFB,CDK2AP2,1,1
NELFB,CNOT8,1,1
NELFB,DOPEY2,1,1
NELFB,FAM127C,1,1
NELFB,FAM32A,1,1
NELFB,FOXF2,1,1
NELFB,GRK2,1,1
NELFB,HNRNPUL2,1,1
NELFB,KIAA1143,1,1
NELFB,LAMTOR1,1,1
NELFB,LDOC1L,1,1
NELFB,LXN,1,1
NELFB,NOP10,1,1
NELFB,NSL1,1,1
NELFB,NT5C2,1,1
NELFB,NUDT11,1,1
NELFB,NUMA1,1,1
NELFB,PARG,1,1
NELFB,PCMT1,1,1
NELFB,PDCD7,1,1
NELFB,PDIA5,1,1
NELFB,PLEKHO1,1,1
NELFB,PPA2,1,1
NELFB,PPP4R1,1,1
NELFB,PRR13,1,1
NELFB,RABIF,1,1
NELFB,REV1,1,1
NELFB,RFTN1,1,1
NELFB,RHBDF2,1,1
NELFB,SCMH1,1,1
NELFB,SDC3,1,1
NELFB,SND1,1,1
NELFB,SPTLC2,1,1
NELFB,SUPT20H,1,1
NELFB,TAF11,1,1
NELFB,TANC1,1,1
NELFB,TMED4,1,1
NELFB,TMEM214,1,1
NELFB,TNFSF13B,1,1
NELFB,WASF3,1,1
NELFB,ZCCHC17,1,1
NELFB,ZNF266,1,1
NELFB,ZNF354C,1,1
NELFB,ZNF510,1,1
NELFB,ZNF788,1,1
HEATR6,ABL1,1,1
HEATR6,CHMP7,1,1
HEATR6,DTNA,1,1
HEATR6,ITSN1,1,1
HEATR6,MAD1L1,1,1
HEATR6,MAP4K2,1,1
HEATR6,MED19,1,1
HEATR6,MRPL18,1,1
HEATR6,TOX4,1,1
HEATR6,TPCN1,1,1
HEATR6,TRNAU1AP,1,1
HEATR6,TUBGCP4,1,1
HEATR6,TXNDC11,1,1
HEATR6,USF1,1,1
HEATR6,VPS4A,1,1
HEATR6,VPS51,1,1
HEATR6,ZNF510,1,1
HEATR6,ZNF532,1,1
HEATR6,ZNF542P,1,1
HEATR6,ZNF740,1,1
GPATCH2L,ARAP1,1,1
GPATCH2L,RAB39B,1,1
GPATCH2L,USP45,1,1
SIRT1,BLOC1S2,1,1
SIRT1,CUL2,1,1
SIRT1,CUL4A,1,1
SIRT1,HNRNPF,1,1
SIRT1,SLC16A7,1,1
SIRT1,SMC3,1,1
SIRT1,SNIP1,1,1
SIRT1,STAG3L2,1,1
SIRT1,WAPL,1,1
SIRT1,ZNF37A,1,1
PEX1,ACO2,1,1
PEX1,CASP9,1,1
PEX1,DDX41,1,1
PEX1,ERMP1,1,1
PEX1,KIAA0368,1,1
PEX1,KREMEN1,1,1
PEX1,MINA,1,1
PEX1,NAPEPLD,1,1
PEX1,PNP,1,1
PEX1,RPUSD3,1,1
PEX1,SLC35B2,1,1
LYRM5,C11ORF95,1,1
LYRM5,C9ORF78,1,1
LYRM5,UGP2,1,1
LYRM5,VMP1,1,1
STARD3NL,CCPG1,1,1
STARD3NL,DAAM2,1,1
STARD3NL,DNAJC8,1,1
STARD3NL,DPH7,1,1
STARD3NL,KRIT1,1,1
STARD3NL,LINC00998,1,1
STARD3NL,PRKAR1A,1,1
STARD3NL,RAB2A,1,1
STARD3NL,TBK1,1,1
GNAS,ACO2,1,1
GNAS,AGO1,1,1
GNAS,AHCYL1,1,1
GNAS,ANP32A,1,1
GNAS,ARPC1B,1,1
GNAS,B4GALT3,1,1
GNAS,DAAM2,1,1
GNAS,DDX41,1,1
GNAS,HUS1,1,1
GNAS,ITSN1,1,1
GNAS,KLHL7,1,1
GNAS,KREMEN1,1,1
GNAS,KRIT1,1,1
GNAS,MAD1L1,1,1
GNAS,MED19,1,1
GNAS,MTO1,1,1
GNAS,NAGPA,1,1
GNAS,NBL1,1,1
GNAS,NFATC3,1,1
GNAS,NT5C,1,1
GNAS,R3HCC1,1,1
GNAS,RBPJ,1,1
GNAS,SGK1,1,1
GNAS,SLC25A11,1,1
GNAS,SLC35B2,1,1
GNAS,SOX6,1,1
GNAS,TOMM7,1,1
GNAS,TRNAU1AP,1,1
GNAS,VPS4A,1,1
GNAS,ZNF669,1,1
NBL1,ACO2,1,1
NBL1,ANP32A,1,1
NBL1,ASAP3,1,1
NBL1,KIAA0368,1,1
NBL1,KREMEN1,1,1
NBL1,NAGPA,1,1
NBL1,SLC25A11,1,1
SPTLC2,ABL1,1,1
SPTLC2,ACVR2B,1,1
SPTLC2,ATPAF1,1,1
SPTLC2,BAMBI,1,1
SPTLC2,BHLHB9,1,1
SPTLC2,CASP6,1,1
SPTLC2,CCDC169,1,1
SPTLC2,CCNY,1,1
SPTLC2,CDC14B,1,1
SPTLC2,CDK2AP2,1,1
SPTLC2,CDYL2,1,1
SPTLC2,CIDEB,1,1
SPTLC2,COA6,1,1
SPTLC2,COG8,1,1
SPTLC2,CSTF2T,1,1
SPTLC2,DCP1A,1,1
SPTLC2,DCTD,1,1
SPTLC2,DCUN1D2,1,1
SPTLC2,DNPEP,1,1
SPTLC2,DOPEY2,1,1
SPTLC2,DPH3,1,1
SPTLC2,FAM32A,1,1
SPTLC2,HNRNPUL2,1,1
SPTLC2,HOXC11,1,1
SPTLC2,KIAA1143,1,1
SPTLC2,KLF12,1,1
SPTLC2,LAMTOR1,1,1
SPTLC2,LDOC1L,1,1
SPTLC2,LXN,1,1
SPTLC2,MAPKAPK3,1,1
SPTLC2,MRPL43,1,1
SPTLC2,NAMPTP1,1,1
SPTLC2,NOP10,1,1
SPTLC2,NRIP1,1,1
SPTLC2,NT5C2,1,1
SPTLC2,NUMA1,1,1
SPTLC2,OTUB1,1,1
SPTLC2,PARG,1,1
SPTLC2,PCMT1,1,1
SPTLC2,PLEKHO1,1,1
SPTLC2,PPA2,1,1
SPTLC2,PPP4R1,1,1
SPTLC2,PRR13,1,1
SPTLC2,RABIF,1,1
SPTLC2,RALA,1,1
SPTLC2,REST,1,1
SPTLC2,REV1,1,1
SPTLC2,RHBDF2,1,1
SPTLC2,SDC3,1,1
SPTLC2,SND1,1,1
SPTLC2,SPTBN2,1,1
SPTLC2,SUPT20H,1,1
SPTLC2,TAF11,1,1
SPTLC2,TET2,1,1
SPTLC2,TMEM214,1,1
SPTLC2,TMOD3,1,1
SPTLC2,TPCN1,1,1
SPTLC2,TTLL5,1,1
SPTLC2,UBXN1,1,1
SPTLC2,USP25,1,1
SPTLC2,USP38,1,1
SPTLC2,WASF3,1,1
SPTLC2,WDR82,1,1
SPTLC2,ZBED3,1,1
SPTLC2,ZCCHC17,1,1
SPTLC2,ZNF266,1,1
SPTLC2,ZNF354C,1,1
SPTLC2,ZNF510,1,1
SPTLC2,ZNF788,1,1
PEMT,NPRL3,1,1
ZNF880,TOR1AIP1,1,1
APBB2,AIP,1,1
APBB2,ARAP1,1,1
APBB2,CRHR1-IT1,1,1
APBB2,DDAH2,1,1
APBB2,FBXL15,1,1
APBB2,JUND,1,1
APBB2,LINC00094,1,1
APBB2,MAF 1.00,1,1
APBB2,MAP4K2,1,1
APBB2,RAB39B,1,1
APBB2,SPTBN2,1,1
APBB2,TMEM44,1,1
APBB2,USP45,1,1
SEC16A,C11ORF95,1,1
MT1F,ADH5,1,1
MT1F,ALG5,1,1
MT1F,ANXA2,1,1
MT1F,AP4S1,1,1
MT1F,BHLHB9,1,1
MT1F,CCNY,1,1
MT1F,CDYL2,1,1
MT1F,CFL1,1,1
MT1F,COG3,1,1
MT1F,COG8,1,1
MT1F,COMMD7,1,1
MT1F,CPSF7,1,1
MT1F,CSTF2T,1,1
MT1F,DCTD,1,1
MT1F,DNAJC21,1,1
MT1F,DNMBP,1,1
MT1F,DPH7,1,1
MT1F,EHMT2,1,1
MT1F,ENDOD1,1,1
MT1F,EXOC3,1,1
MT1F,FAM32A,1,1
MT1F,FBXO46,1,1
MT1F,GGA1,1,1
MT1F,HNRNPUL2,1,1
MT1F,HOXC11,1,1
MT1F,IBTK,1,1
MT1F,INTS5,1,1
MT1F,ITSN1,1,1
MT1F,KRIT1,1,1
MT1F,MED20,1,1
MT1F,MED4,1,1
MT1F,MEN1,1,1
MT1F,MTO1,1,1
MT1F,MX2,1,1
MT1F,NAALAD2,1,1
MT1F,NFATC3,1,1
MT1F,NOP10,1,1
MT1F,NT5C,1,1
MT1F,NUMA1,1,1
MT1F,OTUB1,1,1
MT1F,PARG,1,1
MT1F,PPP4R1,1,1
MT1F,PRDM11,1,1
MT1F,PRRC2A,1,1
MT1F,RAB2A,1,1
MT1F,RALA,1,1
MT1F,RCE1,1,1
MT1F,REST,1,1
MT1F,RNF166,1,1
MT1F,RNF169,1,1
MT1F,RP11-2C24.9,1,1
MT1F,RPL7A,1,1
MT1F,RRAGB,1,1
MT1F,TERF2,1,1
MT1F,TGIF2,1,1
MT1F,TOR4A,1,1
MT1F,TPCN1,1,1
MT1F,TPM2,1,1
MT1F,TRIO,1,1
MT1F,TSPAN5,1,1
MT1F,UBAC1,1,1
MT1F,UBXN1,1,1
MT1F,USP38,1,1
MT1F,VPS4A,1,1
MT1F,ZBED6,1,1
MT1F,ZC4H2,1,1
MT1F,ZNF22,1,1
MT1F,ZNF23,1,1
MT1F,ZNF35,1,1
MT1F,ZNF510,1,1
MT1F,ZNF532,1,1
CDK2AP2,ACVR2B,1,1
CDK2AP2,AIP,1,1
CDK2AP2,ALDOA,1,1
CDK2AP2,ARNT2,1,1
CDK2AP2,CASP6,1,1
CDK2AP2,CDYL2,1,1
CDK2AP2,CNOT8,1,1
CDK2AP2,COG8,1,1
CDK2AP2,DENND2A,1,1
CDK2AP2,DKK 3.00,1,1
CDK2AP2,DMTN,1,1
CDK2AP2,DNPEP,1,1
CDK2AP2,DPH3,1,1
CDK2AP2,EPS8L2,1,1
CDK2AP2,FBXL15,1,1
CDK2AP2,FBXL19,1,1
CDK2AP2,GGACT,1,1
CDK2AP2,HOXC11,1,1
CDK2AP2,KLF12,1,1
CDK2AP2,LXN,1,1
CDK2AP2,MEN1,1,1
CDK2AP2,MRPL43,1,1
CDK2AP2,NAXD,1,1
CDK2AP2,NT5C2,1,1
CDK2AP2,OTUD5,1,1
CDK2AP2,PARG,1,1
CDK2AP2,PCMT1,1,1
CDK2AP2,PPA2,1,1
CDK2AP2,PRR13,1,1
CDK2AP2,RNF121,1,1
CDK2AP2,RPAIN,1,1
CDK2AP2,RPL29,1,1
CDK2AP2,SDK1,1,1
CDK2AP2,SND1,1,1
CDK2AP2,SPRYD4,1,1
CDK2AP2,SPTBN2,1,1
CDK2AP2,SUPT20H,1,1
CDK2AP2,TANC1,1,1
CDK2AP2,TMEM258,1,1
CDK2AP2,TMEM44,1,1
CDK2AP2,UBXN1,1,1
CDK2AP2,ZBTB12,1,1
CDK2AP2,ZCCHC17,1,1
CDK2AP2,ZFP41,1,1
CDK2AP2,ZKSCAN7,1,1
CDK2AP2,ZNF266,1,1
CDK2AP2,ZNF740,1,1
KIAA1143,ACVR2B,1,1
KIAA1143,ALDOA,1,1
KIAA1143,ATMIN,1,1
KIAA1143,BAMBI,1,1
KIAA1143,C9ORF78,1,1
KIAA1143,CASP6,1,1
KIAA1143,CDC14B,1,1
KIAA1143,CIDEB,1,1
KIAA1143,CRBN,1,1
KIAA1143,DOPEY2,1,1
KIAA1143,FAM127C,1,1
KIAA1143,GMPPA,1,1
KIAA1143,GRK2,1,1
KIAA1143,H1F0,1,1
KIAA1143,HSCB,1,1
KIAA1143,LDOC1L,1,1
KIAA1143,LXN,1,1
KIAA1143,MALSU1,1,1
KIAA1143,MRPL40,1,1
KIAA1143,NRCAM,1,1
KIAA1143,NT5C2,1,1
KIAA1143,PDIA5,1,1
KIAA1143,PPA2,1,1
KIAA1143,PRR13,1,1
KIAA1143,RHBDF2,1,1
KIAA1143,SDC3,1,1
KIAA1143,SUPT20H,1,1
KIAA1143,TAF11,1,1
KIAA1143,TMED4,1,1
KIAA1143,TMEM214,1,1
KIAA1143,TTLL5,1,1
KIAA1143,UGP2,1,1
KIAA1143,USP25,1,1
KIAA1143,WASF3,1,1
KIAA1143,ZBED3,1,1
KIAA1143,ZNF266,1,1
KIAA1143,ZNF354C,1,1
KIAA1143,ZNF788,1,1
RNF14,BLOC1S2,1,1
RNF14,CACUL1,1,1
RNF14,COMMD10,1,1
RNF14,DYNC2LI1,1,1
RNF14,NKIRAS1,1,1
RNF14,PDZRN3,1,1
RNF14,PRICKLE3,1,1
RNF14,RPS6KL1,1,1
RNF14,TRIM7,1,1
RNF14,UBP1,1,1
RNF14,ZNF35,1,1
TUBG1,ADGRG6,1,1
TUBG1,ALDOA,1,1
TUBG1,ARAP1,1,1
TUBG1,ARAP3,1,1
TUBG1,ARL 10.00,1,1
TUBG1,ATMIN,1,1
TUBG1,ATP5G3,1,1
TUBG1,BCAP29,1,1
TUBG1,BRK1,1,1
TUBG1,CNTNAP3,1,1
TUBG1,CRBN,1,1
TUBG1,CRHR1-IT1,1,1
TUBG1,CTHRC1,1,1
TUBG1,DDR1,1,1
TUBG1,DNAJA3,1,1
TUBG1,FAM127C,1,1
TUBG1,FAM210A,1,1
TUBG1,FDX1,1,1
TUBG1,GATA6,1,1
TUBG1,GNPAT,1,1
TUBG1,GRK2,1,1
TUBG1,H1F0,1,1
TUBG1,HSCB,1,1
TUBG1,MALSU1,1,1
TUBG1,MARCH8,1,1
TUBG1,MRPL40,1,1
TUBG1,NRCAM,1,1
TUBG1,PDIA5,1,1
TUBG1,PHTF2,1,1
TUBG1,SDK1,1,1
TUBG1,SLC39A10,1,1
TUBG1,TADA3,1,1
TUBG1,TAX1BP3,1,1
TUBG1,TMED4,1,1
TUBG1,TRIM13,1,1
TUBG1,UGP2,1,1
TUBG1,USP45,1,1
TUBG1,ZKSCAN7,1,1
WDR6,ENDOD1,1,1
WDR6,GPATCH2,1,1
WDR6,PRICKLE3,1,1
WDR6,RPL14,1,1
WDR6,RPS6KL1,1,1
WDR6,TRIM7,1,1
WDR6,ZNF35,1,1
AIP,ABL1,1,1
AIP,ACVR2B,1,1
AIP,ADGRG6,1,1
AIP,AKIRIN1,1,1
AIP,ARNT2,1,1
AIP,ATPAF1,1,1
AIP,CRHR1-IT1,1,1
AIP,DKK 3.00,1,1
AIP,DNPEP,1,1
AIP,DTNA,1,1
AIP,EPS8L2,1,1
AIP,FBXL15,1,1
AIP,HSD11B1L,1,1
AIP,JUND,1,1
AIP,KLF12,1,1
AIP,MAP4K2,1,1
AIP,MRPL43,1,1
AIP,MRPL45,1,1
AIP,NAXD,1,1
AIP,NDUFB8,1,1
AIP,PCMT1,1,1
AIP,PHTF2,1,1
AIP,PRR13,1,1
AIP,RHBDF2,1,1
AIP,RPAIN,1,1
AIP,RPL26,1,1
AIP,SDK1,1,1
AIP,SPRYD4,1,1
AIP,SPTBN2,1,1
AIP,SUPT20H,1,1
AIP,TMEM258,1,1
AIP,TMEM44,1,1
AIP,UBXN1,1,1
AIP,USP25,1,1
AIP,VPS51,1,1
AIP,ZBTB12,1,1
AIP,ZCCHC17,1,1
AIP,ZFP41,1,1
AIP,ZKSCAN7,1,1
AIP,ZNF266,1,1
AIP,ZNF542P,1,1
AIP,ZNF740,1,1
DKK 3.00,ARNT2,1,1
DKK 3.00,BRCA1,1,1
DKK 3.00,DSE,1,1
DKK 3.00,EPS8L2,1,1
DKK 3.00,FADS2,1,1
DKK 3.00,FADS3,1,1
DKK 3.00,FBXL15,1,1
DKK 3.00,FH,1,1
DKK 3.00,HOXC11,1,1
DKK 3.00,HSD11B1L,1,1
DKK 3.00,NAXD,1,1
DKK 3.00,OTUD5,1,1
DKK 3.00,PRR13,1,1
DKK 3.00,RFTN1,1,1
DKK 3.00,RPAIN,1,1
DKK 3.00,SDK1,1,1
DKK 3.00,SPTBN2,1,1
DKK 3.00,TANC1,1,1
DKK 3.00,TMEM258,1,1
DKK 3.00,ZKSCAN7,1,1
TOR4A,ADH5,1,1
TOR4A,ANXA2,1,1
TOR4A,AP1S2,1,1
TOR4A,AP4S1,1,1
TOR4A,BHLHB9,1,1
TOR4A,CCNY,1,1
TOR4A,CDYL2,1,1
TOR4A,CFL1,1,1
TOR4A,CHMP7,1,1
TOR4A,CMTM4,1,1
TOR4A,COG3,1,1
TOR4A,COG8,1,1
TOR4A,CSTF2T,1,1
TOR4A,CX3CL1,1,1
TOR4A,DCTD,1,1
TOR4A,DMTN,1,1
TOR4A,DNMBP,1,1
TOR4A,DPH7,1,1
TOR4A,EHMT2,1,1
TOR4A,EXOC3,1,1
TOR4A,FBXO46,1,1
TOR4A,FIBP,1,1
TOR4A,HOXC11,1,1
TOR4A,HSD3B7,1,1
TOR4A,IBTK,1,1
TOR4A,INTS5,1,1
TOR4A,ITSN1,1,1
TOR4A,KRIT1,1,1
TOR4A,LZTFL1,1,1
TOR4A,MED20,1,1
TOR4A,MEN1,1,1
TOR4A,MRPL18,1,1
TOR4A,NAALAD2,1,1
TOR4A,NOP10,1,1
TOR4A,NT5C,1,1
TOR4A,NUMA1,1,1
TOR4A,OTUB1,1,1
TOR4A,PARG,1,1
TOR4A,PKN1,1,1
TOR4A,PRDM11,1,1
TOR4A,PRRC2A,1,1
TOR4A,RAB2A,1,1
TOR4A,RNF121,1,1
TOR4A,RNF166,1,1
TOR4A,RNF169,1,1
TOR4A,RPL7A,1,1
TOR4A,RRAGB,1,1
TOR4A,TERF2,1,1
TOR4A,TGIF2,1,1
TOR4A,TPCN1,1,1
TOR4A,TRIO,1,1
TOR4A,TSPAN5,1,1
TOR4A,UBAC1,1,1
TOR4A,UBXN1,1,1
TOR4A,USF1,1,1
TOR4A,VPS4A,1,1
TOR4A,ZBED6,1,1
TOR4A,ZC4H2,1,1
TOR4A,ZFP41,1,1
TOR4A,ZMYM6,1,1
TOR4A,ZNF22,1,1
TOR4A,ZNF23,1,1
TOR4A,ZNF510,1,1
TOR4A,ZNF532,1,1
TOR4A,ZNF669,1,1
FBXL19,ABL1,1,1
FBXL19,BAMBI,1,1
FBXL19,CES2,1,1
FBXL19,CHST3,1,1
FBXL19,COG8,1,1
FBXL19,DNPEP,1,1
FBXL19,DTNA,1,1
FBXL19,EHD2,1,1
FBXL19,GGCX,1,1
FBXL19,KLF12,1,1
FBXL19,LAMTOR1,1,1
FBXL19,LINC00094,1,1
FBXL19,LXN,1,1
FBXL19,MAF 1.00,1,1
FBXL19,MAPKAPK3,1,1
FBXL19,MED19,1,1
FBXL19,MEN1,1,1
FBXL19,NT5C,1,1
FBXL19,NXPE3,1,1
FBXL19,PSENEN,1,1
FBXL19,SCMH1,1,1
FBXL19,SDC3,1,1
FBXL19,SLC39A9,1,1
FBXL19,SND1,1,1
FBXL19,SPTBN2,1,1
FBXL19,TET2,1,1
FBXL19,TMOD3,1,1
FBXL19,TPCN1,1,1
FBXL19,UBXN1,1,1
FBXL19,VPS51,1,1
FBXL19,ZFP41,1,1
FBXL19,ZNF510,1,1
FBXL19,ZNF740,1,1
STAU2,C1ORF109,1,1
STAU2,SLC30A9,1,1
STAU2,TADA3,1,1
ZNF669,ACO2,1,1
ZNF669,ACVR2A,1,1
ZNF669,AGO1,1,1
ZNF669,AHCYL1,1,1
ZNF669,ANP32A,1,1
ZNF669,ANXA2,1,1
ZNF669,ARPC1B,1,1
ZNF669,B4GALT3,1,1
ZNF669,BHLHB9,1,1
ZNF669,C3ORF38,1,1
ZNF669,CCPG1,1,1
ZNF669,CHMP7,1,1
ZNF669,CSTF2T,1,1
ZNF669,DAAM2,1,1
ZNF669,DDX41,1,1
ZNF669,DNMBP,1,1
ZNF669,EXOC3,1,1
ZNF669,FAM65A,1,1
ZNF669,GGCX,1,1
ZNF669,HUS1,1,1
ZNF669,INPP5A,1,1
ZNF669,INTS5,1,1
ZNF669,ITSN1,1,1
ZNF669,KLHL7,1,1
ZNF669,KREMEN1,1,1
ZNF669,KRIT1,1,1
ZNF669,MAD1L1,1,1
ZNF669,MARK2,1,1
ZNF669,MED19,1,1
ZNF669,MED20,1,1
ZNF669,MTO1,1,1
ZNF669,NAGPA,1,1
ZNF669,NAPEPLD,1,1
ZNF669,NFATC3,1,1
ZNF669,NOP10,1,1
ZNF669,NT5C,1,1
ZNF669,PRKAR1A,1,1
ZNF669,PRR16,1,1
ZNF669,R3HCC1,1,1
ZNF669,RASAL2,1,1
ZNF669,RBPJ,1,1
ZNF669,RNF169,1,1
ZNF669,RPL36AL,1,1
ZNF669,RPUSD3,1,1
ZNF669,RRAGB,1,1
ZNF669,SLC35B2,1,1
ZNF669,SOX6,1,1
ZNF669,TMOD3,1,1
ZNF669,TOMM7,1,1
ZNF669,TOX4,1,1
ZNF669,TPCN1,1,1
ZNF669,TRNAU1AP,1,1
ZNF669,TSPAN5,1,1
ZNF669,TUBGCP4,1,1
ZNF669,UBAC1,1,1
ZNF669,VPS4A,1,1
ZNF669,ZMYM6,1,1
ZNF669,ZNF23,1,1
ZNF669,ZNF510,1,1
ZNF669,ZNF532,1,1
EPS8L2,ABL1,1,1
EPS8L2,ACVR2B,1,1
EPS8L2,ADGRG6,1,1
EPS8L2,ALDOA,1,1
EPS8L2,AP1S2,1,1
EPS8L2,ARAP3,1,1
EPS8L2,ARNT2,1,1
EPS8L2,BCAP29,1,1
EPS8L2,BRK1,1,1
EPS8L2,COA6,1,1
EPS8L2,DSE,1,1
EPS8L2,FADS3,1,1
EPS8L2,FAM127C,1,1
EPS8L2,FBXL15,1,1
EPS8L2,FDX1,1,1
EPS8L2,FH,1,1
EPS8L2,HSD11B1L,1,1
EPS8L2,JUND,1,1
EPS8L2,LAMTOR1,1,1
EPS8L2,LXN,1,1
EPS8L2,MRPL45,1,1
EPS8L2,NAXD,1,1
EPS8L2,PCMT1,1,1
EPS8L2,PDIA5,1,1
EPS8L2,PHTF2,1,1
EPS8L2,PPP1R11,1,1
EPS8L2,PRR13,1,1
EPS8L2,RFTN1,1,1
EPS8L2,RPAIN,1,1
EPS8L2,SCMH1,1,1
EPS8L2,SDC3,1,1
EPS8L2,SDK1,1,1
EPS8L2,SND1,1,1
EPS8L2,SPRYD4,1,1
EPS8L2,SPTBN2,1,1
EPS8L2,SUPT20H,1,1
EPS8L2,TANC1,1,1
EPS8L2,TMED4,1,1
EPS8L2,TMEM258,1,1
EPS8L2,TNFSF13B,1,1
EPS8L2,ZBTB12,1,1
EPS8L2,ZCCHC17,1,1
EPS8L2,ZFP41,1,1
EPS8L2,ZKSCAN7,1,1
EPS8L2,ZNF788,1,1
RWDD2B,POLL,1,1
ZC4H2,ADH5,1,1
ZC4H2,ANXA2,1,1
ZC4H2,APH1A,1,1
ZC4H2,ASXL1,1,1
ZC4H2,BLOC1S2,1,1
ZC4H2,CCNY,1,1
ZC4H2,CFL1,1,1
ZC4H2,CMTM4,1,1
ZC4H2,COG3,1,1
ZC4H2,COMMD7,1,1
ZC4H2,CUTC,1,1
ZC4H2,CYTH2,1,1
ZC4H2,DCTD,1,1
ZC4H2,DNMBP,1,1
ZC4H2,ENDOD1,1,1
ZC4H2,FAM32A,1,1
ZC4H2,FBXO46,1,1
ZC4H2,HPF1,1,1
ZC4H2,HSD3B7,1,1
ZC4H2,KLHL2,1,1
ZC4H2,MEF2C,1,1
ZC4H2,MID1,1,1
ZC4H2,NKIRAS1,1,1
ZC4H2,NPRL3,1,1
ZC4H2,OTUB1,1,1
ZC4H2,PARG,1,1
ZC4H2,PRDM11,1,1
ZC4H2,PRRC2A,1,1
ZC4H2,PTBP2,1,1
ZC4H2,RALA,1,1
ZC4H2,RB1,1,1
ZC4H2,RPS3A,1,1
ZC4H2,SH3GLB1,1,1
ZC4H2,SLC16A7,1,1
ZC4H2,TERF2,1,1
ZC4H2,TGIF2,1,1
ZC4H2,TRIO,1,1
ZC4H2,TUBGCP2,1,1
ZC4H2,UBAC1,1,1
ZC4H2,USP38,1,1
ZC4H2,ZBED6,1,1
ZC4H2,ZNF35,1,1
MDH1,C11ORF95,1,1
MDH1,MRPL2,1,1
MDH1,VMP1,1,1
NSL1,FAM127C,1,1
NSL1,LAMTOR1,1,1
NSL1,PRR13,1,1
NSL1,RHBDF2,1,1
NSL1,TANC1,1,1
NSL1,TMEM258,1,1
NSL1,ZNF788,1,1
CSTF2T,ALG5,1,1
CSTF2T,ANP32A,1,1
CSTF2T,ANXA2,1,1
CSTF2T,AP4S1,1,1
CSTF2T,ASAP3,1,1
CSTF2T,BHLHB9,1,1
CSTF2T,C3ORF38,1,1
CSTF2T,CCNY,1,1
CSTF2T,CFL1,1,1
CSTF2T,CHMP7,1,1
CSTF2T,CHST3,1,1
CSTF2T,COG8,1,1
CSTF2T,DCP1A,1,1
CSTF2T,DNAJC21,1,1
CSTF2T,DNMBP,1,1
CSTF2T,GGA1,1,1
CSTF2T,INTS5,1,1
CSTF2T,ITSN1,1,1
CSTF2T,KREMEN1,1,1
CSTF2T,LDOC1L,1,1
CSTF2T,MARK2,1,1
CSTF2T,MED20,1,1
CSTF2T,MEN1,1,1
CSTF2T,NFATC3,1,1
CSTF2T,NOP10,1,1
CSTF2T,NT5C,1,1
CSTF2T,NUMA1,1,1
CSTF2T,OTUB1,1,1
CSTF2T,PARG,1,1
CSTF2T,PLEKHO1,1,1
CSTF2T,PPP4R1,1,1
CSTF2T,PRDM11,1,1
CSTF2T,RALA,1,1
CSTF2T,REST,1,1
CSTF2T,REV1,1,1
CSTF2T,RNF169,1,1
CSTF2T,RRAGB,1,1
CSTF2T,SUMF2,1,1
CSTF2T,TERF2,1,1
CSTF2T,TMOD3,1,1
CSTF2T,TOMM7,1,1
CSTF2T,TPCN1,1,1
CSTF2T,TRIO,1,1
CSTF2T,UBAC1,1,1
CSTF2T,VPS4A,1,1
CSTF2T,WDR82,1,1
CSTF2T,ZBED6,1,1
CSTF2T,ZNF510,1,1
VWA8,CES2,1,1
VWA8,CYLD,1,1
VWA8,KLF12,1,1
VWA8,MAPKAPK3,1,1
VWA8,NXPE3,1,1
VWA8,PCNX1,1,1
VWA8,RSF1,1,1
VWA8,TMOD3,1,1
RASAL2,ACO2,1,1
RASAL2,ACVR2A,1,1
RASAL2,AGO1,1,1
RASAL2,CCPG1,1,1
RASAL2,DAAM2,1,1
RASAL2,DDX41,1,1
RASAL2,HUS1,1,1
RASAL2,NAGPA,1,1
RASAL2,SLC35B2,1,1
RASAL2,SOX6,1,1
NOL3,TRIM46,1,1
NOL3,TSHZ3,1,1
RPS3A,ADH5,1,1
RPS3A,CBX6,1,1
RPS3A,COG3,1,1
RPS3A,COMMD7,1,1
RPS3A,DCTD,1,1
RPS3A,DHDDS,1,1
RPS3A,DPH3,1,1
RPS3A,ENDOD1,1,1
RPS3A,HPF1,1,1
RPS3A,MEF2C,1,1
RPS3A,NBPF15,1,1
RPS3A,PRICKLE3,1,1
RPS3A,RAB5C,1,1
RPS3A,RPL14,1,1
RPS3A,RPL7A,1,1
RPS3A,RPS6KL1,1,1
RPS3A,SH3GLB1,1,1
RPS3A,SMG7,1,1
RPS3A,TGIF2,1,1
RPS3A,TRIM7,1,1
RPS3A,TUBGCP2,1,1
RPS3A,ZNF35,1,1
IK,CCDC117,1,1
IK,WAPL,1,1
IK,ZNF37A,1,1
PHTF2,ADGRG6,1,1
PHTF2,ALDOA,1,1
PHTF2,ARAP3,1,1
PHTF2,ARL 10.00,1,1
PHTF2,ARNT2,1,1
PHTF2,BAP1,1,1
PHTF2,BCAP29,1,1
PHTF2,BRK1,1,1
PHTF2,CACYBP,1,1
PHTF2,CNTNAP3,1,1
PHTF2,CRHR1-IT1,1,1
PHTF2,CTHRC1,1,1
PHTF2,DNAJA3,1,1
PHTF2,EEPD1,1,1
PHTF2,FAM127C,1,1
PHTF2,FAM210A,1,1
PHTF2,FDX1,1,1
PHTF2,GRK2,1,1
PHTF2,H1F0,1,1
PHTF2,JUND,1,1
PHTF2,MALSU1,1,1
PHTF2,MARCH8,1,1
PHTF2,MRPL45,1,1
PHTF2,NAXD,1,1
PHTF2,NRCAM,1,1
PHTF2,PRR13,1,1
PHTF2,RHBDF2,1,1
PHTF2,SDK1,1,1
PHTF2,SLC39A10,1,1
PHTF2,TMED4,1,1
PHTF2,TRIM13,1,1
PHTF2,UGP2,1,1
PHTF2,USP25,1,1
PHTF2,ZKSCAN7,1,1
PHTF2,ZNF788,1,1
CASP6,ACVR2B,1,1
CASP6,ATPAF1,1,1
CASP6,CDC14B,1,1
CASP6,CIDEB,1,1
CASP6,COA6,1,1
CASP6,DCUN1D2,1,1
CASP6,DNPEP,1,1
CASP6,DOPEY2,1,1
CASP6,KLF12,1,1
CASP6,MAPKAPK3,1,1
CASP6,NAMPTP1,1,1
CASP6,NT5C2,1,1
CASP6,PLEKHO1,1,1
CASP6,PPA2,1,1
CASP6,RSF1,1,1
CASP6,TTLL5,1,1
CASP6,USP25,1,1
CASP6,ZBED3,1,1
CASP6,ZNF266,1,1
CASP6,ZNF354C,1,1
GGCX,ABL1,1,1
GGCX,AHCYL1,1,1
GGCX,AMFR,1,1
GGCX,BAMBI,1,1
GGCX,CYLD,1,1
GGCX,DAAM2,1,1
GGCX,DDX41,1,1
GGCX,DTNA,1,1
GGCX,FBXO11,1,1
GGCX,INPP5A,1,1
GGCX,ITSN1,1,1
GGCX,KLHL7,1,1
GGCX,KRIT1,1,1
GGCX,LAMTOR1,1,1
GGCX,MAD1L1,1,1
GGCX,MAPKAPK3,1,1
GGCX,MED19,1,1
GGCX,NAGPA,1,1
GGCX,NOP10,1,1
GGCX,NSMF,1,1
GGCX,NT5C,1,1
GGCX,NUDT11,1,1
GGCX,NXPE3,1,1
GGCX,RPL36AL,1,1
GGCX,SCMH1,1,1
GGCX,SDC3,1,1
GGCX,SND1,1,1
GGCX,SOX6,1,1
GGCX,TET2,1,1
GGCX,TMOD3,1,1
GGCX,TOX4,1,1
GGCX,TPCN1,1,1
GGCX,TRNAU1AP,1,1
GGCX,TUBGCP4,1,1
GGCX,VPS4A,1,1
GGCX,VPS51,1,1
GGCX,ZNF510,1,1
PRDM11,ADH5,1,1
PRDM11,ALG5,1,1
PRDM11,ANXA2,1,1
PRDM11,AP1S2,1,1
PRDM11,AP4S1,1,1
PRDM11,ASXL1,1,1
PRDM11,BHLHB9,1,1
PRDM11,CCNY,1,1
PRDM11,CDYL2,1,1
PRDM11,CFL1,1,1
PRDM11,CHMP7,1,1
PRDM11,CHST3,1,1
PRDM11,CLTB,1,1
PRDM11,COG3,1,1
PRDM11,COG8,1,1
PRDM11,COMMD7,1,1
PRDM11,CPSF7,1,1
PRDM11,CX3CL1,1,1
PRDM11,DCP1A,1,1
PRDM11,DCTD,1,1
PRDM11,DNMBP,1,1
PRDM11,DPH7,1,1
PRDM11,EHMT2,1,1
PRDM11,ENDOD1,1,1
PRDM11,EXOC3,1,1
PRDM11,EXOG,1,1
PRDM11,FAM32A,1,1
PRDM11,FBXO46,1,1
PRDM11,FOXF2,1,1
PRDM11,GGA1,1,1
PRDM11,HNRNPUL2,1,1
PRDM11,HOXC11,1,1
PRDM11,IBTK,1,1
PRDM11,INPP5A,1,1
PRDM11,INTS5,1,1
PRDM11,ITSN1,1,1
PRDM11,KRIT1,1,1
PRDM11,LAMTOR1,1,1
PRDM11,MED20,1,1
PRDM11,MEN1,1,1
PRDM11,MX2,1,1
PRDM11,NAALAD2,1,1
PRDM11,NOP10,1,1
PRDM11,NOP9,1,1
PRDM11,NPRL3,1,1
PRDM11,NT5C,1,1
PRDM11,NUMA1,1,1
PRDM11,OTUB1,1,1
PRDM11,PARG,1,1
PRDM11,PCMT1,1,1
PRDM11,PLEKHO1,1,1
PRDM11,PPP4R1,1,1
PRDM11,PROSER1,1,1
PRDM11,PRRC2A,1,1
PRDM11,RAB2A,1,1
PRDM11,RALA,1,1
PRDM11,RCE1,1,1
PRDM11,RFTN1,1,1
PRDM11,RNF121,1,1
PRDM11,RNF166,1,1
PRDM11,RP11-2C24.9,1,1
PRDM11,RRAGB,1,1
PRDM11,SDCCAG8,1,1
PRDM11,SUMF2,1,1
PRDM11,SUPT20H,1,1
PRDM11,TERF2,1,1
PRDM11,TGIF2,1,1
PRDM11,TPCN1,1,1
PRDM11,TPM2,1,1
PRDM11,TRIO,1,1
PRDM11,TSPAN5,1,1
PRDM11,UBAC1,1,1
PRDM11,UBXN1,1,1
PRDM11,USP38,1,1
PRDM11,VPS4A,1,1
PRDM11,ZBED6,1,1
PRDM11,ZBTB12,1,1
PRDM11,ZFP41,1,1
PRDM11,ZNF22,1,1
PRDM11,ZNF510,1,1
PRDM11,ZNF532,1,1
OTUB1,ADH5,1,1
OTUB1,ALG5,1,1
OTUB1,ANXA2,1,1
OTUB1,APH1A,1,1
OTUB1,ASXL1,1,1
OTUB1,BHLHB9,1,1
OTUB1,CCDC169,1,1
OTUB1,CCNY,1,1
OTUB1,CDC34,1,1
OTUB1,CDYL2,1,1
OTUB1,CFL1,1,1
OTUB1,COG3,1,1
OTUB1,COG8,1,1
OTUB1,COMMD7,1,1
OTUB1,CX3CL1,1,1
OTUB1,DAPK3,1,1
OTUB1,DCP1A,1,1
OTUB1,DCTD,1,1
OTUB1,DNMBP,1,1
OTUB1,EHMT2,1,1
OTUB1,FAM32A,1,1
OTUB1,FBXO46,1,1
OTUB1,GGA1,1,1
OTUB1,HNRNPUL2,1,1
OTUB1,IBTK,1,1
OTUB1,INTS4,1,1
OTUB1,INTS5,1,1
OTUB1,ITSN1,1,1
OTUB1,MED20,1,1
OTUB1,MEN1,1,1
OTUB1,MSANTD3,1,1
OTUB1,NAALAD2,1,1
OTUB1,NOP10,1,1
OTUB1,NOP9,1,1
OTUB1,NPRL3,1,1
OTUB1,NUMA1,1,1
OTUB1,PARG,1,1
OTUB1,PLEKHO1,1,1
OTUB1,PPP4R1,1,1
OTUB1,PROSER1,1,1
OTUB1,PRRC2A,1,1
OTUB1,RALA,1,1
OTUB1,RCE1,1,1
OTUB1,REST,1,1
OTUB1,RNF121,1,1
OTUB1,RNF166,1,1
OTUB1,RRAGB,1,1
OTUB1,SUMF2,1,1
OTUB1,SUPT20H,1,1
OTUB1,TERF2,1,1
OTUB1,TGIF2,1,1
OTUB1,TPCN1,1,1
OTUB1,TRIO,1,1
OTUB1,UBAC1,1,1
OTUB1,USP38,1,1
OTUB1,WDR82,1,1
OTUB1,ZBED6,1,1
OTUB1,ZBTB12,1,1
OTUB1,ZNF22,1,1
OTUB1,ZNF510,1,1
INTS4,ANXA2,1,1
INTS4,CCDC169,1,1
INTS4,CX3CL1,1,1
INTS4,DAPK3,1,1
INTS4,EHMT2,1,1
INTS4,NPRL3,1,1
INTS4,PARG,1,1
INTS4,SUMF2,1,1
CFL1,ADH5,1,1
CFL1,ALG5,1,1
CFL1,ANXA2,1,1
CFL1,AP4S1,1,1
CFL1,BHLHB9,1,1
CFL1,BLOC1S2,1,1
CFL1,C3ORF38,1,1
CFL1,CCNY,1,1
CFL1,CDYL2,1,1
CFL1,COMMD7,1,1
CFL1,CPSF7,1,1
CFL1,CUL2,1,1
CFL1,CUTC,1,1
CFL1,DCTD,1,1
CFL1,DNAJC21,1,1
CFL1,DNMBP,1,1
CFL1,ENDOD1,1,1
CFL1,FAM32A,1,1
CFL1,FBXO46,1,1
CFL1,GGA1,1,1
CFL1,GTPBP8,1,1
CFL1,HMGN5,1,1
CFL1,INTS5,1,1
CFL1,MED20,1,1
CFL1,MED4,1,1
CFL1,NFATC3,1,1
CFL1,NOP10,1,1
CFL1,NUMA1,1,1
CFL1,PARG,1,1
CFL1,PPP4R1,1,1
CFL1,PRRC2A,1,1
CFL1,RALA,1,1
CFL1,RCE1,1,1
CFL1,REST,1,1
CFL1,RNF166,1,1
CFL1,RRAGB,1,1
CFL1,SS18L2,1,1
CFL1,TERF2,1,1
CFL1,TGIF2,1,1
CFL1,TRIO,1,1
CFL1,UBAC1,1,1
CFL1,USP38,1,1
CFL1,ZBED6,1,1
CFL1,ZNF35,1,1
ZNF37A,ALG5,1,1
ZNF37A,BLOC1S2,1,1
ZNF37A,CCDC117,1,1
ZNF37A,CUL2,1,1
ZNF37A,CUL4A,1,1
ZNF37A,SMC3,1,1
ZNF37A,SNIP1,1,1
ZNF37A,UBP1,1,1
ZNF37A,WAPL,1,1
BRK1,ADGRG6,1,1
BRK1,AL513122.1,1,1
BRK1,ALDOA,1,1
BRK1,ARAP1,1,1
BRK1,ARAP3,1,1
BRK1,ARL 10.00,1,1
BRK1,ATMIN,1,1
BRK1,ATP5G3,1,1
BRK1,BCAP29,1,1
BRK1,C11ORF95,1,1
BRK1,C12ORF66,1,1
BRK1,CNOT8,1,1
BRK1,CNTNAP3,1,1
BRK1,CRBN,1,1
BRK1,CTHRC1,1,1
BRK1,DDR1,1,1
BRK1,FAM127C,1,1
BRK1,FAM210A,1,1
BRK1,GATA6,1,1
BRK1,GMPPA,1,1
BRK1,GNPAT,1,1
BRK1,GRK2,1,1
BRK1,GYG1,1,1
BRK1,H1F0,1,1
BRK1,HSCB,1,1
BRK1,LXN,1,1
BRK1,MALSU1,1,1
BRK1,MARCH8,1,1
BRK1,MRPL40,1,1
BRK1,NRCAM,1,1
BRK1,PDIA5,1,1
BRK1,PRR13,1,1
BRK1,SDK1,1,1
BRK1,SLC39A10,1,1
BRK1,TAX1BP3,1,1
BRK1,TMED4,1,1
BRK1,TRIM13,1,1
BRK1,TSKU,1,1
BRK1,UGP2,1,1
BRK1,USP25,1,1
BRK1,ZKSCAN7,1,1
COG8,ABL1,1,1
COG8,ACVR2B,1,1
COG8,ANXA2,1,1
COG8,ATPAF1,1,1
COG8,BAMBI,1,1
COG8,BHLHB9,1,1
COG8,CCDC169,1,1
COG8,CCNY,1,1
COG8,CDYL2,1,1
COG8,CES2,1,1
COG8,CHMP7,1,1
COG8,CHST3,1,1
COG8,CMTM4,1,1
COG8,COG3,1,1
COG8,CYLD,1,1
COG8,DAAM2,1,1
COG8,DAPK3,1,1
COG8,DCP1A,1,1
COG8,DENND2A,1,1
COG8,DMTN,1,1
COG8,DNMBP,1,1
COG8,DNPEP,1,1
COG8,DPH3,1,1
COG8,DTNA,1,1
COG8,EHD2,1,1
COG8,EXOC3,1,1
COG8,FBXO46,1,1
COG8,FIBP,1,1
COG8,HOXC11,1,1
COG8,IBTK,1,1
COG8,ITSN1,1,1
COG8,KLF12,1,1
COG8,KRIT1,1,1
COG8,LAMTOR1,1,1
COG8,LZTFL1,1,1
COG8,MAP4K2,1,1
COG8,MAPKAPK3,1,1
COG8,MED19,1,1
COG8,MED20,1,1
COG8,MEN1,1,1
COG8,MRPL18,1,1
COG8,NAALAD2,1,1
COG8,NOP10,1,1
COG8,NRIP1,1,1
COG8,NT5C,1,1
COG8,NUMA1,1,1
COG8,NXPE3,1,1
COG8,OTUB2,1,1
COG8,PARG,1,1
COG8,PCMT1,1,1
COG8,PKN1,1,1
COG8,PSENEN,1,1
COG8,RNF166,1,1
COG8,RNF169,1,1
COG8,RPS27,1,1
COG8,RRAGB,1,1
COG8,SLC39A9,1,1
COG8,SND1,1,1
COG8,SPTBN2,1,1
COG8,SUPT20H,1,1
COG8,TMEM258,1,1
COG8,TMOD3,1,1
COG8,TPCN1,1,1
COG8,TRIO,1,1
COG8,TRNAU1AP,1,1
COG8,TSPAN5,1,1
COG8,UBAC1,1,1
COG8,UBXN1,1,1
COG8,VPS4A,1,1
COG8,VPS51,1,1
COG8,ZBED6,1,1
COG8,ZBTB12,1,1
COG8,ZCCHC17,1,1
COG8,ZFP41,1,1
COG8,ZMYM6,1,1
COG8,ZNF22,1,1
COG8,ZNF23,1,1
COG8,ZNF510,1,1
COG8,ZNF532,1,1
COG8,ZNF740,1,1
ADGRG6,ACVR2B,1,1
ADGRG6,AKIRIN1,1,1
ADGRG6,ALDOA,1,1
ADGRG6,ARAP1,1,1
ADGRG6,ARAP3,1,1
ADGRG6,ARNT2,1,1
ADGRG6,BAP1,1,1
ADGRG6,BCAP29,1,1
ADGRG6,CACYBP,1,1
ADGRG6,CNTNAP3,1,1
ADGRG6,CRBN,1,1
ADGRG6,CRHR1-IT1,1,1
ADGRG6,CTHRC1,1,1
ADGRG6,DNAJA3,1,1
ADGRG6,DOPEY2,1,1
ADGRG6,EEPD1,1,1
ADGRG6,FAM127C,1,1
ADGRG6,FAM210A,1,1
ADGRG6,FDX1,1,1
ADGRG6,GRK2,1,1
ADGRG6,H1F0,1,1
ADGRG6,IFRD1,1,1
ADGRG6,MALSU1,1,1
ADGRG6,MARCH8,1,1
ADGRG6,MRPL40,1,1
ADGRG6,MRPL45,1,1
ADGRG6,NAXD,1,1
ADGRG6,NRCAM,1,1
ADGRG6,PDIA5,1,1
ADGRG6,PRR13,1,1
ADGRG6,RHBDF2,1,1
ADGRG6,SCMH1,1,1
ADGRG6,SDK1,1,1
ADGRG6,SLC39A10,1,1
ADGRG6,SPTBN2,1,1
ADGRG6,TAX1BP3,1,1
ADGRG6,TMED4,1,1
ADGRG6,TRIM13,1,1
ADGRG6,UGP2,1,1
ADGRG6,USP25,1,1
ADGRG6,ZCCHC17,1,1
ADGRG6,ZKSCAN7,1,1
ADGRG6,ZNF266,1,1
ADGRG6,ZNF788,1,1
LINC00094,ABL1,1,1
LINC00094,ARRDC1,1,1
LINC00094,DENND4B,1,1
LINC00094,DNAJC8,1,1
LINC00094,DTNA,1,1
LINC00094,EHD2,1,1
LINC00094,FBXL15,1,1
LINC00094,MAF 1.00,1,1
LINC00094,MED19,1,1
LINC00094,PSENEN,1,1
LINC00094,PTP4A1,1,1
LINC00094,RNF41,1,1
LINC00094,SCMH1,1,1
LINC00094,SND1,1,1
LINC00094,TMEM136,1,1
LINC00094,TUBGCP4,1,1
LINC00094,VPS51,1,1
PLEKHO1,ALG5,1,1
PLEKHO1,AP4S1,1,1
PLEKHO1,BAMBI,1,1
PLEKHO1,BHLHB9,1,1
PLEKHO1,CCNY,1,1
PLEKHO1,CDC14B,1,1
PLEKHO1,CDYL2,1,1
PLEKHO1,CIDEB,1,1
PLEKHO1,DCP1A,1,1
PLEKHO1,DCTD,1,1
PLEKHO1,DCUN1D2,1,1
PLEKHO1,DPH3,1,1
PLEKHO1,FAM32A,1,1
PLEKHO1,FOXF2,1,1
PLEKHO1,GGA1,1,1
PLEKHO1,HMGN5,1,1
PLEKHO1,HNRNPUL2,1,1
PLEKHO1,KLF12,1,1
PLEKHO1,LDOC1L,1,1
PLEKHO1,MAPKAPK3,1,1
PLEKHO1,MSANTD3,1,1
PLEKHO1,NAMPTP1,1,1
PLEKHO1,NOP10,1,1
PLEKHO1,NOP9,1,1
PLEKHO1,NT5C2,1,1
PLEKHO1,NUMA1,1,1
PLEKHO1,PARG,1,1
PLEKHO1,PCMT1,1,1
PLEKHO1,PDCD7,1,1
PLEKHO1,PPA2,1,1
PLEKHO1,PPP4R1,1,1
PLEKHO1,PROSER1,1,1
PLEKHO1,RABIF,1,1
PLEKHO1,RALA,1,1
PLEKHO1,REST,1,1
PLEKHO1,REV1,1,1
PLEKHO1,RHBDF2,1,1
PLEKHO1,SDCCAG8,1,1
PLEKHO1,SUPT20H,1,1
PLEKHO1,TAF11,1,1
PLEKHO1,TERF2,1,1
PLEKHO1,TPCN1,1,1
PLEKHO1,USP38,1,1
PLEKHO1,WASF3,1,1
PLEKHO1,WDR82,1,1
PLEKHO1,ZBED3,1,1
PLEKHO1,ZNF266,1,1
PLEKHO1,ZNF354C,1,1
PLEKHO1,ZNF510,1,1
ALG5,ANXA2,1,1
ALG5,AP4S1,1,1
ALG5,ASAP3,1,1
ALG5,BHLHB9,1,1
ALG5,CCNY,1,1
ALG5,CUL2,1,1
ALG5,CUL4A,1,1
ALG5,DCTD,1,1
ALG5,DNMBP,1,1
ALG5,EHMT2,1,1
ALG5,EXOG,1,1
ALG5,FAM32A,1,1
ALG5,GGA1,1,1
ALG5,INTS5,1,1
ALG5,LDOC1L,1,1
ALG5,MARK2,1,1
ALG5,MED4,1,1
ALG5,NOP10,1,1
ALG5,NOP9,1,1
ALG5,PARG,1,1
ALG5,PPP4R1,1,1
ALG5,PROSER1,1,1
ALG5,PRRC2A,1,1
ALG5,RALA,1,1
ALG5,RCE1,1,1
ALG5,REST,1,1
ALG5,SS18L2,1,1
ALG5,SUMF2,1,1
ALG5,TERF2,1,1
ALG5,TRIO,1,1
ALG5,UBP1,1,1
ALG5,USP38,1,1
ALG5,WDR82,1,1
ZNF22,ABL1,1,1
ZNF22,ACVR2B,1,1
ZNF22,ANXA2,1,1
ZNF22,AP1S2,1,1
ZNF22,BHLHB9,1,1
ZNF22,CCDC169,1,1
ZNF22,CCNY,1,1
ZNF22,CDYL2,1,1
ZNF22,CES2,1,1
ZNF22,CHMP7,1,1
ZNF22,CMTM4,1,1
ZNF22,COG3,1,1
ZNF22,CYLD,1,1
ZNF22,DAAM2,1,1
ZNF22,DCTD,1,1
ZNF22,DMTN,1,1
ZNF22,DNMBP,1,1
ZNF22,DPH3,1,1
ZNF22,DPH7,1,1
ZNF22,DTNA,1,1
ZNF22,EXOC3,1,1
ZNF22,FBXO46,1,1
ZNF22,FIBP,1,1
ZNF22,HNRNPUL2,1,1
ZNF22,HOXC11,1,1
ZNF22,IBTK,1,1
ZNF22,ITSN1,1,1
ZNF22,KLF12,1,1
ZNF22,KRIT1,1,1
ZNF22,LAMTOR1,1,1
ZNF22,LZTFL1,1,1
ZNF22,MED20,1,1
ZNF22,MEN1,1,1
ZNF22,MRPL18,1,1
ZNF22,MTO1,1,1
ZNF22,MX2,1,1
ZNF22,NAALAD2,1,1
ZNF22,NOP10,1,1
ZNF22,NRIP1,1,1
ZNF22,NT5C,1,1
ZNF22,NUMA1,1,1
ZNF22,PARG,1,1
ZNF22,PCMT1,1,1
ZNF22,PCMTD2,1,1
ZNF22,PKN1,1,1
ZNF22,PRRC2A,1,1
ZNF22,RAB2A,1,1
ZNF22,RAB5C,1,1
ZNF22,RNF121,1,1
ZNF22,RNF166,1,1
ZNF22,RNF169,1,1
ZNF22,RPL29,1,1
ZNF22,RPL7A,1,1
ZNF22,RPL9P9,1,1
ZNF22,RPS27,1,1
ZNF22,RRAGB,1,1
ZNF22,SLC39A9,1,1
ZNF22,SPTBN2,1,1
ZNF22,SUPT20H,1,1
ZNF22,TGIF2,1,1
ZNF22,TMEM258,1,1
ZNF22,TMOD3,1,1
ZNF22,TPCN1,1,1
ZNF22,TPM2,1,1
ZNF22,TRIO,1,1
ZNF22,TRNAU1AP,1,1
ZNF22,TSPAN5,1,1
ZNF22,UBAC1,1,1
ZNF22,UBXN1,1,1
ZNF22,VPS4A,1,1
ZNF22,VPS51,1,1
ZNF22,ZBED6,1,1
ZNF22,ZBTB12,1,1
ZNF22,ZNF23,1,1
ZNF22,ZNF510,1,1
ZNF22,ZNF532,1,1
NSMF,BAMBI,1,1
NSMF,DAAM2,1,1
NSMF,FBXO11,1,1
NSMF,KLHL7,1,1
NSMF,MAPKAPK3,1,1
NSMF,MED19,1,1
NSMF,NUDT11,1,1
NSMF,REV1,1,1
NSMF,SCMH1,1,1
NSMF,SND1,1,1
NSMF,TET2,1,1
NSMF,TMOD3,1,1
NSMF,TTLL5,1,1
NSMF,VPS4A,1,1
NSMF,ZNF354C,1,1
NSMF,ZNF510,1,1
HIBADH,ACVR1C,1,1
HIBADH,ANKMY2,1,1
HIBADH,H6PD,1,1
HIBADH,MARK2,1,1
HIBADH,PPP4R1,1,1
HIBADH,RPP25L,1,1
HIBADH,SELO,1,1
HIBADH,SLC25A5,1,1
HIBADH,TOMM7,1,1
ANKMY2,SLC25A5,1,1
ANKMY2,TANC1,1,1
MID1,ADH5,1,1
MID1,APH1A,1,1
MID1,BLOC1S2,1,1
MID1,CACUL1,1,1
MID1,CCDC117,1,1
MID1,COMMD7,1,1
MID1,CUTC,1,1
MID1,KLHL2,1,1
MID1,MEF2C,1,1
MID1,NKIRAS1,1,1
MID1,NPRL3,1,1
MID1,PCBD1,1,1
MID1,PTBP2,1,1
MID1,SH3GLB1,1,1
MID1,SLC16A7,1,1
MID1,TERF2,1,1
MID1,TGIF2,1,1
MID1,TRIO,1,1
MID1,TUBGCP2,1,1
MID1,ZNF35,1,1
NT5C,ABL1,1,1
NT5C,ACVR2A,1,1
NT5C,AGO1,1,1
NT5C,AHCYL1,1,1
NT5C,AMFR,1,1
NT5C,ANXA2,1,1
NT5C,AP4S1,1,1
NT5C,ARPC1B,1,1
NT5C,BHLHB9,1,1
NT5C,CCNY,1,1
NT5C,CDYL2,1,1
NT5C,CHMP7,1,1
NT5C,CHST3,1,1
NT5C,DAAM2,1,1
NT5C,DMTN,1,1
NT5C,DNMBP,1,1
NT5C,DNPEP,1,1
NT5C,DPH7,1,1
NT5C,DTNA,1,1
NT5C,EHD2,1,1
NT5C,EXOC3,1,1
NT5C,FBXO46,1,1
NT5C,FIBP,1,1
NT5C,HOXC11,1,1
NT5C,HUS1,1,1
NT5C,IBTK,1,1
NT5C,ITSN1,1,1
NT5C,KLHL7,1,1
NT5C,KRIT1,1,1
NT5C,LAMTOR1,1,1
NT5C,LZTFL1,1,1
NT5C,MAD1L1,1,1
NT5C,MAPKAPK3,1,1
NT5C,MED19,1,1
NT5C,MED20,1,1
NT5C,MEN1,1,1
NT5C,MRPL18,1,1
NT5C,MTO1,1,1
NT5C,NAALAD2,1,1
NT5C,NAGPA,1,1
NT5C,NOP10,1,1
NT5C,NUDT11,1,1
NT5C,NUMA1,1,1
NT5C,NXPE3,1,1
NT5C,PARG,1,1
NT5C,PKN1,1,1
NT5C,PSENEN,1,1
NT5C,RAB2A,1,1
NT5C,RNF166,1,1
NT5C,RNF169,1,1
NT5C,RPL7A,1,1
NT5C,RPL9P9,1,1
NT5C,RPS27,1,1
NT5C,RRAGB,1,1
NT5C,SASH1,1,1
NT5C,SLC39A9,1,1
NT5C,SND1,1,1
NT5C,SOX6,1,1
NT5C,TMEM258,1,1
NT5C,TMOD3,1,1
NT5C,TOMM7,1,1
NT5C,TPCN1,1,1
NT5C,TPM2,1,1
NT5C,TRNAU1AP,1,1
NT5C,TSPAN5,1,1
NT5C,TXNDC11,1,1
NT5C,UBAC1,1,1
NT5C,UBXN1,1,1
NT5C,USF1,1,1
NT5C,VPS4A,1,1
NT5C,VPS51,1,1
NT5C,ZBED6,1,1
NT5C,ZNF23,1,1
NT5C,ZNF510,1,1
NT5C,ZNF532,1,1
NT5C,ZNF740,1,1
EXOC3,ANXA2,1,1
EXOC3,ARPC1B,1,1
EXOC3,BHLHB9,1,1
EXOC3,CHMP7,1,1
EXOC3,DAAM2,1,1
EXOC3,DNMBP,1,1
EXOC3,DPH7,1,1
EXOC3,DTNA,1,1
EXOC3,FBXO46,1,1
EXOC3,FIBP,1,1
EXOC3,HUS1,1,1
EXOC3,IBTK,1,1
EXOC3,ITSN1,1,1
EXOC3,KRIT1,1,1
EXOC3,LINC00998,1,1
EXOC3,MED19,1,1
EXOC3,MED20,1,1
EXOC3,MEN1,1,1
EXOC3,MTO1,1,1
EXOC3,NAALAD2,1,1
EXOC3,NAGPA,1,1
EXOC3,PKN1,1,1
EXOC3,PRKAR1A,1,1
EXOC3,PSENEN,1,1
EXOC3,RAB2A,1,1
EXOC3,RNF166,1,1
EXOC3,RNF169,1,1
EXOC3,RRAGB,1,1
EXOC3,SLC39A9,1,1
EXOC3,SOX6,1,1
EXOC3,TPCN1,1,1
EXOC3,TSPAN5,1,1
EXOC3,UBAC1,1,1
EXOC3,UBXN1,1,1
EXOC3,USF1,1,1
EXOC3,VPS4A,1,1
EXOC3,VPS51,1,1
EXOC3,ZBED6,1,1
EXOC3,ZNF23,1,1
EXOC3,ZNF532,1,1
RPS6KL1,ADH5,1,1
RPS6KL1,CACUL1,1,1
RPS6KL1,CBX6,1,1
RPS6KL1,COMMD7,1,1
RPS6KL1,DYNC2LI1,1,1
RPS6KL1,ENDOD1,1,1
RPS6KL1,GPATCH2,1,1
RPS6KL1,MEF2C,1,1
RPS6KL1,NBPF15,1,1
RPS6KL1,PDZRN3,1,1
RPS6KL1,PRICKLE3,1,1
RPS6KL1,PTBP2,1,1
RPS6KL1,RPL14,1,1
RPS6KL1,SH3GLB1,1,1
RPS6KL1,TRIM7,1,1
RPS6KL1,TUBGCP2,1,1
RPS6KL1,ZNF35,1,1
VPS51,ABL1,1,1
VPS51,ACVR2B,1,1
VPS51,AKIRIN1,1,1
VPS51,CDYL2,1,1
VPS51,CES2,1,1
VPS51,CYLD,1,1
VPS51,DAAM2,1,1
VPS51,DMTN,1,1
VPS51,DNAJC8,1,1
VPS51,DNPEP,1,1
VPS51,DTNA,1,1
VPS51,EHD2,1,1
VPS51,FBXL15,1,1
VPS51,FIBP,1,1
VPS51,KRIT1,1,1
VPS51,LAMTOR1,1,1
VPS51,LZTFL1,1,1
VPS51,MAF 1.00,1,1
VPS51,MAP4K2,1,1
VPS51,MAPKAPK3,1,1
VPS51,MED19,1,1
VPS51,PCMT1,1,1
VPS51,PEX3,1,1
VPS51,PKN1,1,1
VPS51,PSENEN,1,1
VPS51,PTP4A1,1,1
VPS51,RAB2A,1,1
VPS51,RPAIN,1,1
VPS51,RPS27,1,1
VPS51,RRAGB,1,1
VPS51,SCMH1,1,1
VPS51,SDC3,1,1
VPS51,SLC39A9,1,1
VPS51,SND1,1,1
VPS51,SOX6,1,1
VPS51,SPTBN2,1,1
VPS51,TMEM136,1,1
VPS51,TMEM258,1,1
VPS51,TPCN1,1,1
VPS51,TRNAU1AP,1,1
VPS51,TSPAN5,1,1
VPS51,TXNDC11,1,1
VPS51,UBXN1,1,1
VPS51,USF1,1,1
VPS51,VPS4A,1,1
VPS51,ZCCHC17,1,1
VPS51,ZNF23,1,1
VPS51,ZNF510,1,1
VPS51,ZNF532,1,1
VPS51,ZNF542P,1,1
VPS51,ZNF740,1,1
PTBP2,ADH5,1,1
PTBP2,APH1A,1,1
PTBP2,BLOC1S2,1,1
PTBP2,CACUL1,1,1
PTBP2,COMMD7,1,1
PTBP2,CUTC,1,1
PTBP2,ENDOD1,1,1
PTBP2,HPF1,1,1
PTBP2,IRF2BPL,1,1
PTBP2,KLHL2,1,1
PTBP2,MED4,1,1
PTBP2,MEF2C,1,1
PTBP2,NKIRAS1,1,1
PTBP2,PCBD1,1,1
PTBP2,PRICKLE3,1,1
PTBP2,SH3GLB1,1,1
PTBP2,SLC16A7,1,1
PTBP2,TERF2,1,1
PTBP2,TGIF2,1,1
PTBP2,TRIM7,1,1
PTBP2,ZNF35,1,1
PGLS,KIAA0368,1,1
PGLS,MINA,1,1
MITD1,CBX6,1,1
MITD1,SMG7,1,1
MITD1,SPRYD4,1,1
MITD1,TOR1AIP1,1,1
MEN1,ANXA2,1,1
MEN1,AP1S2,1,1
MEN1,AP4S1,1,1
MEN1,BHLHB9,1,1
MEN1,CCNY,1,1
MEN1,CDC34,1,1
MEN1,CDYL2,1,1
MEN1,CHMP7,1,1
MEN1,CHST3,1,1
MEN1,COG3,1,1
MEN1,DCTD,1,1
MEN1,DMTN,1,1
MEN1,DNMBP,1,1
MEN1,DPH3,1,1
MEN1,EHMT2,1,1
MEN1,FAM32A,1,1
MEN1,FBXO46,1,1
MEN1,FIBP,1,1
MEN1,HOXC11,1,1
MEN1,IBTK,1,1
MEN1,KRIT1,1,1
MEN1,LAMTOR1,1,1
MEN1,LZTFL1,1,1
MEN1,MARK2,1,1
MEN1,MED20,1,1
MEN1,MX2,1,1
MEN1,NOP10,1,1
MEN1,NUMA1,1,1
MEN1,PARG,1,1
MEN1,PPP4R1,1,1
MEN1,PRRC2A,1,1
MEN1,RAB2A,1,1
MEN1,RNF121,1,1
MEN1,RPL7A,1,1
MEN1,RPS27,1,1
MEN1,RRAGB,1,1
MEN1,SLC25A5,1,1
MEN1,TANC1,1,1
MEN1,TGIF2,1,1
MEN1,TMEM258,1,1
MEN1,TOMM7,1,1
MEN1,TPM2,1,1
MEN1,TRIO,1,1
MEN1,TSPAN5,1,1
MEN1,UBAC1,1,1
MEN1,UBXN1,1,1
MEN1,ZBED6,1,1
MEN1,ZBTB12,1,1
MEN1,ZFP41,1,1
MEN1,ZNF510,1,1
TRIM22,ARPC1B,1,1
TRIM22,CHMP7,1,1
TRIM22,NAALAD2,1,1
TRIM22,R3HCC1,1,1
TRIM22,RNF169,1,1
TRIM22,ZNF532,1,1
FADS3,AIFM1,1,1
FADS3,AP1S2,1,1
FADS3,BRCA1,1,1
FADS3,DSE,1,1
FADS3,HSD11B1L,1,1
FADS3,PCMT1,1,1
FADS3,PPP1R11,1,1
FADS3,RFTN1,1,1
FADS3,RNF121,1,1
FADS3,RPAIN,1,1
FADS3,SPRYD4,1,1
FADS3,SPTBN2,1,1
FADS3,TMEM258,1,1
FADS3,TRIM46,1,1
FADS3,ZBTB12,1,1
FADS3,ZFP41,1,1
TRIM46,HSD11B1L,1,1
ZBED6,ADH5,1,1
ZBED6,ANXA2,1,1
ZBED6,AP4S1,1,1
ZBED6,BHLHB9,1,1
ZBED6,CCNY,1,1
ZBED6,CDYL2,1,1
ZBED6,CES2,1,1
ZBED6,CHMP7,1,1
ZBED6,CMTM4,1,1
ZBED6,COG3,1,1
ZBED6,DCP1A,1,1
ZBED6,DCTD,1,1
ZBED6,DMTN,1,1
ZBED6,DNAJC21,1,1
ZBED6,DNMBP,1,1
ZBED6,DPH3,1,1
ZBED6,FBXO46,1,1
ZBED6,FIBP,1,1
ZBED6,ITSN1,1,1
ZBED6,KLF12,1,1
ZBED6,LZTFL1,1,1
ZBED6,MED20,1,1
ZBED6,MRPL18,1,1
ZBED6,NAALAD2,1,1
ZBED6,NOP10,1,1
ZBED6,NPRL3,1,1
ZBED6,PARG,1,1
ZBED6,PKN1,1,1
ZBED6,RNF166,1,1
ZBED6,RNF169,1,1
ZBED6,RRAGB,1,1
ZBED6,SLC39A9,1,1
ZBED6,TERF2,1,1
ZBED6,TGIF2,1,1
ZBED6,TMOD3,1,1
ZBED6,TPCN1,1,1
ZBED6,TRIO,1,1
ZBED6,TSPAN5,1,1
ZBED6,UBAC1,1,1
ZBED6,UBXN1,1,1
ZBED6,ZNF23,1,1
ZBED6,ZNF510,1,1
ZBED6,ZNF532,1,1
CHST3,ABL1,1,1
CHST3,ANXA2,1,1
CHST3,AP4S1,1,1
CHST3,BAMBI,1,1
CHST3,BHLHB9,1,1
CHST3,CHMP7,1,1
CHST3,DCP1A,1,1
CHST3,DTNA,1,1
CHST3,INTS5,1,1
CHST3,ITSN1,1,1
CHST3,KLHL7,1,1
CHST3,LAMTOR1,1,1
CHST3,MARK2,1,1
CHST3,MED20,1,1
CHST3,NOP10,1,1
CHST3,NXPE3,1,1
CHST3,PARG,1,1
CHST3,PPP4R1,1,1
CHST3,SDC3,1,1
CHST3,SELO,1,1
CHST3,TMOD3,1,1
CHST3,TOMM7,1,1
CHST3,TPCN1,1,1
CHST3,VPS4A,1,1
CHST3,ZFP41,1,1
CHST3,ZNF510,1,1
CHST3,ZNF740,1,1
TBK1,ACVR2A,1,1
TBK1,CREBZF,1,1
TBK1,DAAM2,1,1
TBK1,DENND4B,1,1
TBK1,DNAJC8,1,1
TBK1,FBXO11,1,1
TBK1,RPS25,1,1
TBK1,TCF4,1,1
GPATCH2,CACUL1,1,1
GPATCH2,ENDOD1,1,1
GPATCH2,IRF2BPL,1,1
GPATCH2,PRICKLE3,1,1
GPATCH2,RPL14,1,1
GPATCH2,TRIM7,1,1
GPATCH2,ZNF35,1,1
SLC39A9,ABCB1,1,1
SLC39A9,ACVR2A,1,1
SLC39A9,AGO1,1,1
SLC39A9,AMFR,1,1
SLC39A9,BHLHB9,1,1
SLC39A9,CCNY,1,1
SLC39A9,CDYL2,1,1
SLC39A9,CES2,1,1
SLC39A9,CMTM4,1,1
SLC39A9,DAAM2,1,1
SLC39A9,DMTN,1,1
SLC39A9,DNPEP,1,1
SLC39A9,DTNA,1,1
SLC39A9,EHD2,1,1
SLC39A9,FIBP,1,1
SLC39A9,GGACT,1,1
SLC39A9,ITSN1,1,1
SLC39A9,KLF12,1,1
SLC39A9,KRIT1,1,1
SLC39A9,LZTFL1,1,1
SLC39A9,MAP4K2,1,1
SLC39A9,MAPKAPK3,1,1
SLC39A9,MED19,1,1
SLC39A9,MED20,1,1
SLC39A9,MTO1,1,1
SLC39A9,NXPE3,1,1
SLC39A9,OTUB2,1,1
SLC39A9,PKN1,1,1
SLC39A9,RNF169,1,1
SLC39A9,RPL9P9,1,1
SLC39A9,RPS27,1,1
SLC39A9,RRAGB,1,1
SLC39A9,SOX6,1,1
SLC39A9,TMOD3,1,1
SLC39A9,TPCN1,1,1
SLC39A9,TRNAU1AP,1,1
SLC39A9,TSPAN5,1,1
SLC39A9,UBXN1,1,1
SLC39A9,VPS4A,1,1
SLC39A9,ZMYM5,1,1
SLC39A9,ZNF23,1,1
SLC39A9,ZNF510,1,1
SLC39A9,ZNF532,1,1
RNF166,ANXA2,1,1
RNF166,APOLD1,1,1
RNF166,BHLHB9,1,1
RNF166,CCNY,1,1
RNF166,CDYL2,1,1
RNF166,CX3CL1,1,1
RNF166,DNMBP,1,1
RNF166,DPH7,1,1
RNF166,FBXO46,1,1
RNF166,IBTK,1,1
RNF166,ITSN1,1,1
RNF166,KRIT1,1,1
RNF166,MRPL18,1,1
RNF166,NAALAD2,1,1
RNF166,NOP10,1,1
RNF166,NUMA1,1,1
RNF166,PARG,1,1
RNF166,PRKAR1A,1,1
RNF166,RNF169,1,1
RNF166,RRAGB,1,1
RNF166,TERF2,1,1
RNF166,TGIF2,1,1
RNF166,TPCN1,1,1
RNF166,TRIO,1,1
RNF166,TSPAN5,1,1
RNF166,TXNDC11,1,1
RNF166,UBAC1,1,1
RNF166,UBXN1,1,1
RNF166,USF1,1,1
RNF166,VPS4A,1,1
RNF166,ZNF23,1,1
RNF166,ZNF510,1,1
RNF166,ZNF532,1,1
ABL1,ACVR2B,1,1
ABL1,AKIRIN1,1,1
ABL1,ARNT2,1,1
ABL1,BAMBI,1,1
ABL1,BHLHB9,1,1
ABL1,CCDC169,1,1
ABL1,CDYL2,1,1
ABL1,CHMP7,1,1
ABL1,COA6,1,1
ABL1,CYLD,1,1
ABL1,DAPK3,1,1
ABL1,DCP1A,1,1
ABL1,DNPEP,1,1
ABL1,DOPEY2,1,1
ABL1,DTNA,1,1
ABL1,IBTK,1,1
ABL1,INPP5A,1,1
ABL1,ITSN1,1,1
ABL1,KLF12,1,1
ABL1,KLHL7,1,1
ABL1,KRIT1,1,1
ABL1,LAMTOR1,1,1
ABL1,MAF 1.00,1,1
ABL1,MAP4K2,1,1
ABL1,MAPKAPK3,1,1
ABL1,MED19,1,1
ABL1,NOP10,1,1
ABL1,NUMA1,1,1
ABL1,PARG,1,1
ABL1,PCMT1,1,1
ABL1,PSENEN,1,1
ABL1,PTP4A1,1,1
ABL1,RFTN1,1,1
ABL1,RRAGB,1,1
ABL1,SCMH1,1,1
ABL1,SDC3,1,1
ABL1,SND1,1,1
ABL1,SPTBN2,1,1
ABL1,SUPT20H,1,1
ABL1,TMEM136,1,1
ABL1,TMOD3,1,1
ABL1,TPCN1,1,1
ABL1,TRNAU1AP,1,1
ABL1,TUBGCP4,1,1
ABL1,UBXN1,1,1
ABL1,USF1,1,1
ABL1,VPS4A,1,1
ABL1,ZCCHC17,1,1
ABL1,ZFP41,1,1
ABL1,ZMYM6,1,1
ABL1,ZNF510,1,1
ABL1,ZNF532,1,1
ABL1,ZNF542P,1,1
ABL1,ZNF740,1,1
RPUSD3,ANP32A,1,1
RPUSD3,ARPC1B,1,1
RPUSD3,COX7A2,1,1
RPUSD3,DDX41,1,1
RPUSD3,KIAA0368,1,1
RPUSD3,KREMEN1,1,1
RPUSD3,MAD1L1,1,1
RPUSD3,MTMR9,1,1
RPUSD3,R3HCC1,1,1
RPUSD3,SLC25A11,1,1
RPUSD3,SLC35B2,1,1
RPUSD3,SOX6,1,1
RPUSD3,TOX4,1,1
JUND,ALDOA,1,1
JUND,ARAP1,1,1
JUND,ARAP3,1,1
JUND,ARL 10.00,1,1
JUND,ARNT2,1,1
JUND,BCAP29,1,1
JUND,COA6,1,1
JUND,CRHR1-IT1,1,1
JUND,DDR1,1,1
JUND,FBXL15,1,1
JUND,GGCT,1,1
JUND,HSD11B1L,1,1
JUND,MARCH8,1,1
JUND,MRPL45,1,1
JUND,NAXD,1,1
JUND,OTUD5,1,1
JUND,PCMT1,1,1
JUND,PPP1R11,1,1
JUND,RAB39B,1,1
JUND,SDK1,1,1
JUND,SPTBN2,1,1
JUND,SUPT20H,1,1
JUND,TMEM44,1,1
JUND,TNFSF13B,1,1
JUND,TSTD2,1,1
JUND,USP25,1,1
JUND,USP45,1,1
JUND,ZKSCAN7,1,1
FBXO33,USP6NL,1,1
LZTFL1,ACVR2B,1,1
LZTFL1,BHLHB9,1,1
LZTFL1,CDYL2,1,1
LZTFL1,CES2,1,1
LZTFL1,COG3,1,1
LZTFL1,DENND2A,1,1
LZTFL1,DMTN,1,1
LZTFL1,DNPEP,1,1
LZTFL1,DTNA,1,1
LZTFL1,EHD2,1,1
LZTFL1,FIBP,1,1
LZTFL1,HOXC11,1,1
LZTFL1,KLF12,1,1
LZTFL1,KRIT1,1,1
LZTFL1,MAP4K2,1,1
LZTFL1,MED20,1,1
LZTFL1,NAALAD2,1,1
LZTFL1,PCMT1,1,1
LZTFL1,PKN1,1,1
LZTFL1,RPS27,1,1
LZTFL1,RRAGB,1,1
LZTFL1,SEPT5,1,1
LZTFL1,SPRYD4,1,1
LZTFL1,SPTBN2,1,1
LZTFL1,TMEM258,1,1
LZTFL1,TSPAN5,1,1
LZTFL1,UBXN1,1,1
LZTFL1,ZBTB12,1,1
LZTFL1,ZNF23,1,1
METTL13,PSMB8,1,1
METTL13,PTCD1,1,1
TRIM7,ADH5,1,1
TRIM7,APH1A,1,1
TRIM7,BLOC1S2,1,1
TRIM7,CACUL1,1,1
TRIM7,CCDC22,1,1
TRIM7,COMMD7,1,1
TRIM7,DCTD,1,1
TRIM7,DHCR24,1,1
TRIM7,HMGN5,1,1
TRIM7,HPF1,1,1
TRIM7,IRF2BPL,1,1
TRIM7,KLHL2,1,1
TRIM7,MED4,1,1
TRIM7,MEF2C,1,1
TRIM7,PCBD1,1,1
TRIM7,PRICKLE3,1,1
TRIM7,RALA,1,1
TRIM7,SLC16A7,1,1
TRIM7,SUMO3,1,1
TRIM7,TGIF2,1,1
TRIM7,USP38,1,1
TRIM7,ZNF35,1,1
ZCCHC17,ACVR2B,1,1
ZCCHC17,AKIRIN1,1,1
ZCCHC17,AP1S2,1,1
ZCCHC17,ARNT2,1,1
ZCCHC17,ATPAF1,1,1
ZCCHC17,BAMBI,1,1
ZCCHC17,CDYL2,1,1
ZCCHC17,CYLD,1,1
ZCCHC17,DNPEP,1,1
ZCCHC17,DOPEY2,1,1
ZCCHC17,DSE,1,1
ZCCHC17,DTNA,1,1
ZCCHC17,FAM127C,1,1
ZCCHC17,FBXL15,1,1
ZCCHC17,HNRNPUL2,1,1
ZCCHC17,HOXC11,1,1
ZCCHC17,KLF12,1,1
ZCCHC17,KRIT1,1,1
ZCCHC17,LAMTOR1,1,1
ZCCHC17,MAP4K2,1,1
ZCCHC17,MED19,1,1
ZCCHC17,MRPL45,1,1
ZCCHC17,NAXD,1,1
ZCCHC17,NUDT11,1,1
ZCCHC17,NUMA1,1,1
ZCCHC17,PCMT1,1,1
ZCCHC17,PEX3,1,1
ZCCHC17,PRR13,1,1
ZCCHC17,PTP4A1,1,1
ZCCHC17,RFTN1,1,1
ZCCHC17,RHBDF2,1,1
ZCCHC17,RPAIN,1,1
ZCCHC17,SCMH1,1,1
ZCCHC17,SDC3,1,1
ZCCHC17,SND1,1,1
ZCCHC17,SPTBN2,1,1
ZCCHC17,SUPT20H,1,1
ZCCHC17,TMEM136,1,1
ZCCHC17,TMEM258,1,1
ZCCHC17,TPCN1,1,1
ZCCHC17,TRNAU1AP,1,1
ZCCHC17,UBXN1,1,1
ZCCHC17,ZNF266,1,1
ZCCHC17,ZNF510,1,1
ZCCHC17,ZNF542P,1,1
ZCCHC17,ZNF740,1,1
ZCCHC17,ZNF788,1,1
ATPAF1,ACVR2B,1,1
ATPAF1,CIDEB,1,1
ATPAF1,DCUN1D2,1,1
ATPAF1,DNPEP,1,1
ATPAF1,KLF12,1,1
ATPAF1,MAP4K2,1,1
ATPAF1,PKN1,1,1
ATPAF1,PPA2,1,1
ATPAF1,PSMB8,1,1
ATPAF1,TXNDC11,1,1
ATPAF1,UBXN1,1,1
ATPAF1,ZNF266,1,1
ATPAF1,ZNF510,1,1
SNIP1,CUL2,1,1
SNIP1,SMC3,1,1
USP31,HSPH1,1,1
USP31,SLC7A6,1,1
USP31,STX16,1,1
DAPK3,ANXA2,1,1
DAPK3,CCDC169,1,1
DAPK3,CHMP7,1,1
DAPK3,EHMT2,1,1
DAPK3,FAM65A,1,1
DAPK3,ITSN1,1,1
DAPK3,NAALAD2,1,1
DAPK3,NOP10,1,1
DAPK3,SUMF2,1,1
DAPK3,ZNF532,1,1
TOR1AIP1,CBX6,1,1
TOR1AIP1,MEF2C,1,1
TOR1AIP1,PRRC2C,1,1
TOR1AIP1,SDCCAG8,1,1
TOR1AIP1,SMG7,1,1
USF1,DNMBP,1,1
USF1,DTNA,1,1
USF1,IBTK,1,1
USF1,PSENEN,1,1
USF1,TPCN1,1,1
USF1,TXNDC11,1,1
USF1,UBAC1,1,1
USF1,ZNF510,1,1
USF1,ZNF532,1,1
USF1,ZNF542P,1,1
USF1,ZNF740,1,1
EBP,ZBTB10,1,1
ARF3,PRRC2C,1,1
TSTD2,ARAP1,1,1
TSTD2,ARAP3,1,1
TSTD2,ARL 10.00,1,1
TSTD2,COA6,1,1
TSTD2,CRHR1-IT1,1,1
TSTD2,DDR1,1,1
TSTD2,MARCH8,1,1
TSTD2,USP45,1,1
TSTD2,ZBED3,1,1
ERMP1,FAM107B,1,1
ERMP1,NAPEPLD,1,1
GPALPP1,TMEM44,1,1
BCL9L,FAM65A,1,1
BCL9L,MAD1L1,1,1
BCL9L,PLSCR1,1,1
BCL9L,TOX4,1,1
BCL9L,TUBGCP4,1,1
MAF 1.00,FBXL15,1,1
MAF 1.00,PSENEN,1,1
RPL7A,AP1S2,1,1
RPL7A,BHLHB9,1,1
RPL7A,CCNY,1,1
RPL7A,CDYL2,1,1
RPL7A,DCTD,1,1
RPL7A,DHDDS,1,1
RPL7A,DPH7,1,1
RPL7A,DSE,1,1
RPL7A,ENDOD1,1,1
RPL7A,FBXO46,1,1
RPL7A,FIBP,1,1
RPL7A,HOXC11,1,1
RPL7A,IBTK,1,1
RPL7A,KRIT1,1,1
RPL7A,MED20,1,1
RPL7A,MX2,1,1
RPL7A,PCMTD2,1,1
RPL7A,RAB2A,1,1
RPL7A,RAB5C,1,1
RPL7A,RPL26,1,1
RPL7A,RPL29,1,1
RPL7A,RPL9P9,1,1
RPL7A,RPS27,1,1
RPL7A,RRAGB,1,1
RPL7A,SMG7,1,1
RPL7A,TGIF2,1,1
RPL7A,TMEM258,1,1
RPL7A,TMEM50B,1,1
RPL7A,TPM2,1,1
RPL7A,TSPAN5,1,1
RPL7A,UBXN1,1,1
RPL7A,ZNF23,1,1
LYRM1,MRPL2,1,1
LYRM1,TRIM41,1,1
BRCA1,AP1S2,1,1
BRCA1,DSE,1,1
BRCA1,FADS2,1,1
BRCA1,LINC00998,1,1
BRCA1,RAB2A,1,1
BRCA1,RPAIN,1,1
BRCA1,SLC31A1,1,1
BRCA1,TMEM258,1,1
BRCA1,TPM2,1,1
TRIM39,C2CD3,1,1
TRIM39,TTC19,1,1
SON,USP6NL,1,1
NXPE3,AMFR,1,1
NXPE3,BAMBI,1,1
NXPE3,CES2,1,1
NXPE3,CHMP7,1,1
NXPE3,DAAM2,1,1
NXPE3,DCP1A,1,1
NXPE3,DNPEP,1,1
NXPE3,DTNA,1,1
NXPE3,EHD2,1,1
NXPE3,KLF12,1,1
NXPE3,KLHL7,1,1
NXPE3,MAD1L1,1,1
NXPE3,MAPKAPK3,1,1
NXPE3,MED19,1,1
NXPE3,MED20,1,1
NXPE3,RRAGB,1,1
NXPE3,SND1,1,1
NXPE3,TET2,1,1
NXPE3,TMOD3,1,1
NXPE3,TPCN1,1,1
NXPE3,TRAPPC6B,1,1
NXPE3,TRNAU1AP,1,1
NXPE3,ZNF510,1,1
TMED4,ALDOA,1,1
TMED4,ARAP1,1,1
TMED4,ARAP3,1,1
TMED4,ARL 10.00,1,1
TMED4,ARNT2,1,1
TMED4,ATMIN,1,1
TMED4,ATP5G3,1,1
TMED4,BAMBI,1,1
TMED4,BAP1,1,1
TMED4,BCAP29,1,1
TMED4,C11ORF95,1,1
TMED4,C12ORF66,1,1
TMED4,C9ORF78,1,1
TMED4,CNOT8,1,1
TMED4,CNTNAP3,1,1
TMED4,COA6,1,1
TMED4,CRBN,1,1
TMED4,CTHRC1,1,1
TMED4,DNAJA3,1,1
TMED4,FAM127C,1,1
TMED4,FAM210A,1,1
TMED4,GATA6,1,1
TMED4,GMPPA,1,1
TMED4,GNPAT,1,1
TMED4,GRK2,1,1
TMED4,H1F0,1,1
TMED4,HSCB,1,1
TMED4,LXN,1,1
TMED4,MALSU1,1,1
TMED4,MARCH8,1,1
TMED4,MRPL40,1,1
TMED4,NRCAM,1,1
TMED4,PDIA5,1,1
TMED4,PRR13,1,1
TMED4,SCMH1,1,1
TMED4,SDC3,1,1
TMED4,SDK1,1,1
TMED4,SLC39A10,1,1
TMED4,TAF11,1,1
TMED4,TAX1BP3,1,1
TMED4,TET2,1,1
TMED4,TMEM214,1,1
TMED4,TNFSF13B,1,1
TMED4,TRIM13,1,1
TMED4,UGP2,1,1
TMED4,USP25,1,1
TMED4,ZNF788,1,1
RCE1,ANXA2,1,1
RCE1,BHLHB9,1,1
RCE1,CCNY,1,1
RCE1,CPSF7,1,1
RCE1,CUL2,1,1
RCE1,DCTD,1,1
RCE1,EHMT2,1,1
RCE1,ENDOD1,1,1
RCE1,EXOG,1,1
RCE1,GGA1,1,1
RCE1,H6PD,1,1
RCE1,HNRNPUL2,1,1
RCE1,IBTK,1,1
RCE1,INTS5,1,1
RCE1,MED4,1,1
RCE1,NOP9,1,1
RCE1,NUMA1,1,1
RCE1,PPP4R1,1,1
RCE1,PROSER1,1,1
RCE1,PRRC2A,1,1
RCE1,RALA,1,1
RCE1,SS18L2,1,1
PPP4R3A,ANP32A,1,1
PPP4R3A,NFATC3,1,1
PPP4R3A,RBPJ,1,1
EHD2,ABCB1,1,1
EHD2,ARRDC1,1,1
EHD2,CES2,1,1
EHD2,DDAH2,1,1
EHD2,DENND2A,1,1
EHD2,DMTN,1,1
EHD2,DNPEP,1,1
EHD2,DTNA,1,1
EHD2,FIBP,1,1
EHD2,GGACT,1,1
EHD2,LTBP3,1,1
EHD2,MAP4K2,1,1
EHD2,MED20,1,1
EHD2,OTUB2,1,1
EHD2,PEX3,1,1
EHD2,PKN1,1,1
EHD2,PSENEN,1,1
EHD2,RNF41,1,1
EHD2,RPS27,1,1
EHD2,RRAGB,1,1
EHD2,TSPAN5,1,1
EHD2,UBXN1,1,1
DPH1,ABCF3,1,1
GGCT,ANO8,1,1
GGCT,FH,1,1
GGCT,HSD11B1L,1,1
GGCT,OTUD5,1,1
GGCT,PPP1R11,1,1
TAF11,ARNT2,1,1
TAF11,C9ORF78,1,1
TAF11,CLTB,1,1
TAF11,DOPEY2,1,1
TAF11,FAM127C,1,1
TAF11,FOXF2,1,1
TAF11,GRK2,1,1
TAF11,HNRNPUL2,1,1
TAF11,LXN,1,1
TAF11,NOP9,1,1
TAF11,NT5C2,1,1
TAF11,NUMA1,1,1
TAF11,PDCD7,1,1
TAF11,PRR13,1,1
TAF11,RABIF,1,1
TAF11,RHBDF2,1,1
TAF11,SUPT20H,1,1
TAF11,WASF3,1,1
TAF11,ZNF266,1,1
TAF11,ZNF354C,1,1
TAF11,ZNF788,1,1
GMPPA,ALDOA,1,1
GMPPA,ATMIN,1,1
GMPPA,C11ORF95,1,1
GMPPA,CD200,1,1
GMPPA,CNOT8,1,1
GMPPA,GRK2,1,1
GMPPA,H1F0,1,1
GMPPA,HSCB,1,1
GMPPA,LXN,1,1
GMPPA,MALSU1,1,1
GMPPA,MRPL40,1,1
GMPPA,NT5C2,1,1
GMPPA,PDIA5,1,1
GMPPA,TMEM214,1,1
GMPPA,TSKU,1,1
GMPPA,UGP2,1,1
CUTC,ADH5,1,1
CUTC,APH1A,1,1
CUTC,ASXL1,1,1
CUTC,BLOC1S2,1,1
CUTC,CACUL1,1,1
CUTC,COMMD7,1,1
CUTC,DCTD,1,1
CUTC,ENDOD1,1,1
CUTC,HPF1,1,1
CUTC,KLHL2,1,1
CUTC,MED4,1,1
CUTC,MEF2C,1,1
CUTC,PROSER1,1,1
CUTC,RALA,1,1
CUTC,RB1,1,1
CUTC,RP11-2C24.9,1,1
CUTC,SDCCAG8,1,1
CUTC,SH3GLB1,1,1
CUTC,SLC16A7,1,1
CUTC,SMG7,1,1
CUTC,TGIF2,1,1
CUTC,TRIO,1,1
CUTC,USP38,1,1
CUTC,ZNF35,1,1
KLF12,ACVR2B,1,1
KLF12,BAMBI,1,1
KLF12,BHLHB9,1,1
KLF12,CCNY,1,1
KLF12,CDC14B,1,1
KLF12,CDYL2,1,1
KLF12,CES2,1,1
KLF12,CIDEB,1,1
KLF12,CMTM4,1,1
KLF12,COA6,1,1
KLF12,CYLD,1,1
KLF12,DCP1A,1,1
KLF12,DENND2A,1,1
KLF12,DNPEP,1,1
KLF12,DPH3,1,1
KLF12,DTNA,1,1
KLF12,GGACT,1,1
KLF12,HOXC11,1,1
KLF12,LDOC1L,1,1
KLF12,MAP4K2,1,1
KLF12,MAPKAPK3,1,1
KLF12,MRPL43,1,1
KLF12,NOP10,1,1
KLF12,NRIP1,1,1
KLF12,NT5C2,1,1
KLF12,PARG,1,1
KLF12,PCMT1,1,1
KLF12,PKN1,1,1
KLF12,PPA2,1,1
KLF12,REST,1,1
KLF12,RRAGB,1,1
KLF12,RSF1,1,1
KLF12,SPTBN2,1,1
KLF12,SUPT20H,1,1
KLF12,TMEM214,1,1
KLF12,TMOD3,1,1
KLF12,TPCN1,1,1
KLF12,UBXN1,1,1
KLF12,ZBED3,1,1
KLF12,ZNF266,1,1
KLF12,ZNF354C,1,1
KLF12,ZNF510,1,1
KLF12,ZNF740,1,1
ZNF35,ADH5,1,1
ZNF35,APH1A,1,1
ZNF35,ASXL1,1,1
ZNF35,BLOC1S2,1,1
ZNF35,CACUL1,1,1
ZNF35,CCDC22,1,1
ZNF35,COG3,1,1
ZNF35,COMMD10,1,1
ZNF35,COMMD7,1,1
ZNF35,CUL2,1,1
ZNF35,CUL4A,1,1
ZNF35,DCTD,1,1
ZNF35,DYNC2LI1,1,1
ZNF35,ENDOD1,1,1
ZNF35,FAM32A,1,1
ZNF35,HMGN5,1,1
ZNF35,HPF1,1,1
ZNF35,IRF2BPL,1,1
ZNF35,KLHL2,1,1
ZNF35,MED4,1,1
ZNF35,MEF2C,1,1
ZNF35,NKIRAS1,1,1
ZNF35,PCBD1,1,1
ZNF35,PRICKLE3,1,1
ZNF35,PROSER1,1,1
ZNF35,PRRC2A,1,1
ZNF35,RALA,1,1
ZNF35,RB1,1,1
ZNF35,SH3GLB1,1,1
ZNF35,SLC16A7,1,1
ZNF35,SMG7,1,1
ZNF35,STAG3L2,1,1
ZNF35,SUMO3,1,1
ZNF35,TERF2,1,1
ZNF35,TGIF2,1,1
ZNF35,TRIO,1,1
ZNF35,TUBGCP2,1,1
ZNF35,USP38,1,1
DNAJC21,ANP32A,1,1
DNAJC21,ANXA2,1,1
DNAJC21,AP1G1,1,1
DNAJC21,AP4S1,1,1
DNAJC21,BHLHB9,1,1
DNAJC21,C3ORF38,1,1
DNAJC21,CCNY,1,1
DNAJC21,CMTM4,1,1
DNAJC21,DCP1A,1,1
DNAJC21,DNMBP,1,1
DNAJC21,GGA1,1,1
DNAJC21,GTPBP8,1,1
DNAJC21,ITSN1,1,1
DNAJC21,LDOC1L,1,1
DNAJC21,NFATC3,1,1
DNAJC21,NOP10,1,1
DNAJC21,PARG,1,1
DNAJC21,RALA,1,1
DNAJC21,REST,1,1
DNAJC21,REV1,1,1
DNAJC21,RNF169,1,1
DNAJC21,RRAGB,1,1
DNAJC21,TERF2,1,1
DNAJC21,TMEM177,1,1
DNAJC21,TMOD3,1,1
DNAJC21,TPCN1,1,1
DNAJC21,TRIO,1,1
DNAJC21,UBAC1,1,1
DNAJC21,VPS4A,1,1
DNAJC21,WDR82,1,1
DNAJC21,ZNF510,1,1
POLL,ANO8,1,1
POLL,HSD11B1L,1,1
TMEM44,ARL 10.00,1,1
TMEM44,CES2,1,1
TMEM44,CRHR1-IT1,1,1
TMEM44,DDAH2,1,1
TMEM44,DDR1,1,1
TMEM44,DENND2A,1,1
TMEM44,FBXL15,1,1
TMEM44,GGACT,1,1
TMEM44,OTUD5,1,1
TMEM44,RAB39B,1,1
TMEM44,SDK1,1,1
TMEM44,SEPT5,1,1
TMEM44,SPTBN2,1,1
TMEM44,TADA3,1,1
TMEM44,USP45,1,1
TMEM44,ZKSCAN7,1,1
MED4,ASXL1,1,1
MED4,CCDC12,1,1
MED4,CCDC22,1,1
MED4,CCNY,1,1
MED4,COMMD7,1,1
MED4,CUL2,1,1
MED4,DCTD,1,1
MED4,DHCR24,1,1
MED4,ENDOD1,1,1
MED4,HMGN5,1,1
MED4,HNRNPUL2,1,1
MED4,HPF1,1,1
MED4,NOP9,1,1
MED4,NUMA1,1,1
MED4,PPP4R1,1,1
MED4,PROSER1,1,1
MED4,PRRC2A,1,1
MED4,RALA,1,1
MED4,RP11-2C24.9,1,1
MED4,SS18L2,1,1
MED4,SUMO3,1,1
MED4,TERF2,1,1
MED4,USP38,1,1
CYLD,ACVR2B,1,1
CYLD,BAMBI,1,1
CYLD,CDYL2,1,1
CYLD,CES2,1,1
CYLD,DNPEP,1,1
CYLD,DTNA,1,1
CYLD,KLF11,1,1
CYLD,KRIT1,1,1
CYLD,MED19,1,1
CYLD,NOP10,1,1
CYLD,NRIP1,1,1
CYLD,RRAGB,1,1
CYLD,SCMH1,1,1
CYLD,SDC3,1,1
CYLD,SND1,1,1
CYLD,SPTBN2,1,1
CYLD,TMOD3,1,1
CYLD,TPCN1,1,1
CYLD,TRNAU1AP,1,1
CYLD,TTLL5,1,1
CYLD,UBXN1,1,1
CYLD,VPS4A,1,1
HSD3B7,CCDC169,1,1
HSD3B7,COG3,1,1
HSD3B7,CX3CL1,1,1
HSD3B7,MRPL43,1,1
HSD3B7,SDCCAG8,1,1
HSD3B7,SEPT5,1,1
HSD3B7,SH3GLB1,1,1
HSD3B7,SPRYD4,1,1
HSD3B7,TGIF2,1,1
HSD3B7,TSHZ3,1,1
HSD3B7,TUBGCP2,1,1
HSD3B7,ZBTB12,1,1
FIBP,ABCB1,1,1
FIBP,ACVR2A,1,1
FIBP,AGO1,1,1
FIBP,AMFR,1,1
FIBP,BHLHB9,1,1
FIBP,CDYL2,1,1
FIBP,CES2,1,1
FIBP,DAAM2,1,1
FIBP,DMTN,1,1
FIBP,DPH7,1,1
FIBP,DTNA,1,1
FIBP,HUS1,1,1
FIBP,KRIT1,1,1
FIBP,LTBP3,1,1
FIBP,MAP4K2,1,1
FIBP,MED19,1,1
FIBP,MED20,1,1
FIBP,MTO1,1,1
FIBP,OTUB2,1,1
FIBP,PKN1,1,1
FIBP,PSENEN,1,1
FIBP,RAB2A,1,1
FIBP,RNF169,1,1
FIBP,RNF41,1,1
FIBP,RPL29,1,1
FIBP,RPL9P9,1,1
FIBP,RPS27,1,1
FIBP,RRAGB,1,1
FIBP,SOX6,1,1
FIBP,TMOD3,1,1
FIBP,TPCN1,1,1
FIBP,TRNAU1AP,1,1
FIBP,TSPAN5,1,1
FIBP,UBXN1,1,1
FIBP,VPS4A,1,1
FIBP,ZNF23,1,1
FIBP,ZNF510,1,1
FIBP,ZNF532,1,1
BAMBI,ACVR2B,1,1
BAMBI,ALDOA,1,1
BAMBI,ARNT2,1,1
BAMBI,ATMIN,1,1
BAMBI,CD200,1,1
BAMBI,CDC14B,1,1
BAMBI,CDYL2,1,1
BAMBI,COA6,1,1
BAMBI,DCP1A,1,1
BAMBI,DNPEP,1,1
BAMBI,DOPEY2,1,1
BAMBI,DTNA,1,1
BAMBI,FAM127C,1,1
BAMBI,KLHL7,1,1
BAMBI,LAMTOR1,1,1
BAMBI,LDOC1L,1,1
BAMBI,LXN,1,1
BAMBI,MAPKAPK3,1,1
BAMBI,MARK2,1,1
BAMBI,MED19,1,1
BAMBI,NOP10,1,1
BAMBI,NT5C2,1,1
BAMBI,NUDT11,1,1
BAMBI,PARG,1,1
BAMBI,PCMT1,1,1
BAMBI,PDIA5,1,1
BAMBI,PPP4R1,1,1
BAMBI,REV1,1,1
BAMBI,SCMH1,1,1
BAMBI,SDC3,1,1
BAMBI,SND1,1,1
BAMBI,SPTBN2,1,1
BAMBI,SUPT20H,1,1
BAMBI,TET2,1,1
BAMBI,TMEM214,1,1
BAMBI,TMOD3,1,1
BAMBI,TNFSF13B,1,1
BAMBI,TPCN1,1,1
BAMBI,TTLL5,1,1
BAMBI,UBXN1,1,1
BAMBI,VPS4A,1,1
BAMBI,ZBED3,1,1
BAMBI,ZNF354C,1,1
BAMBI,ZNF510,1,1
BAMBI,ZNF788,1,1
MRPL45,ACVR2B,1,1
MRPL45,ALDOA,1,1
MRPL45,CRHR1-IT1,1,1
MRPL45,CTHRC1,1,1
MRPL45,DNAJA3,1,1
MRPL45,FAM127C,1,1
MRPL45,H1F0,1,1
MRPL45,NAXD,1,1
MRPL45,NRCAM,1,1
MRPL45,PCMT1,1,1
MRPL45,PRR13,1,1
MRPL45,SPTBN2,1,1
MRPL45,SUPT20H,1,1
MRPL45,USP25,1,1
MRPL45,ZKSCAN7,1,1
MRPL45,ZNF788,1,1
RHBDF2,ACVR2B,1,1
RHBDF2,ALDOA,1,1
RHBDF2,ARNT2,1,1
RHBDF2,CTHRC1,1,1
RHBDF2,DOPEY2,1,1
RHBDF2,EEPD1,1,1
RHBDF2,FAM127C,1,1
RHBDF2,GRK2,1,1
RHBDF2,H1F0,1,1
RHBDF2,HNRNPUL2,1,1
RHBDF2,LIN52,1,1
RHBDF2,NAXD,1,1
RHBDF2,NRCAM,1,1
RHBDF2,PCMT1,1,1
RHBDF2,PDCD7,1,1
RHBDF2,PPA2,1,1
RHBDF2,PRR13,1,1
RHBDF2,SDC3,1,1
RHBDF2,SDCCAG8,1,1
RHBDF2,SND1,1,1
RHBDF2,SPTBN2,1,1
RHBDF2,SUPT20H,1,1
RHBDF2,TRIM13,1,1
RHBDF2,USP25,1,1
RHBDF2,ZNF266,1,1
RHBDF2,ZNF354C,1,1
RHBDF2,ZNF788,1,1
DPH3,ACVR2B,1,1
DPH3,CCNY,1,1
DPH3,CDC14B,1,1
DPH3,CDYL2,1,1
DPH3,CIDEB,1,1
DPH3,CMTM4,1,1
DPH3,COG3,1,1
DPH3,COMMD7,1,1
DPH3,CREB1,1,1
DPH3,DCTD,1,1
DPH3,FAM32A,1,1
DPH3,HOXC11,1,1
DPH3,ICAM3,1,1
DPH3,MRPL43,1,1
DPH3,NBPF15,1,1
DPH3,NPRL3,1,1
DPH3,NRIP1,1,1
DPH3,NUMA1,1,1
DPH3,PARG,1,1
DPH3,RALA,1,1
DPH3,RB1,1,1
DPH3,REST,1,1
DPH3,RNF121,1,1
DPH3,RRAGB,1,1
DPH3,SH3GLB1,1,1
DPH3,SMG7,1,1
DPH3,SPRYD4,1,1
DPH3,SUPT20H,1,1
DPH3,TGIF2,1,1
DPH3,TRIO,1,1
DPH3,TUBGCP2,1,1
DPH3,USP38,1,1
DPH3,ZBTB12,1,1
GTPBP8,ANP32A,1,1
GTPBP8,C3ORF38,1,1
GTPBP8,HOXA10,1,1
GTPBP8,LAGE3,1,1
GTPBP8,NFATC3,1,1
GTPBP8,RBPJ,1,1
ZBTB12,ACVR2B,1,1
ZBTB12,AIFM1,1,1
ZBTB12,AP1S2,1,1
ZBTB12,CCDC169,1,1
ZBTB12,CDYL2,1,1
ZBTB12,COG3,1,1
ZBTB12,EHMT2,1,1
ZBTB12,FAM32A,1,1
ZBTB12,HNRNPUL2,1,1
ZBTB12,HOXC11,1,1
ZBTB12,IBTK,1,1
ZBTB12,LXN,1,1
ZBTB12,MRPL43,1,1
ZBTB12,NAXD,1,1
ZBTB12,NRIP1,1,1
ZBTB12,NUMA1,1,1
ZBTB12,PARG,1,1
ZBTB12,PCMT1,1,1
ZBTB12,PPP1R11,1,1
ZBTB12,PRRC2A,1,1
ZBTB12,RB1,1,1
ZBTB12,RFTN1,1,1
ZBTB12,RNF121,1,1
ZBTB12,RP11-2C24.9,1,1
ZBTB12,SLC25A5,1,1
ZBTB12,SMG7,1,1
ZBTB12,SPRYD4,1,1
ZBTB12,SPTBN2,1,1
ZBTB12,SUPT20H,1,1
ZBTB12,TANC1,1,1
ZBTB12,TGIF2,1,1
ZBTB12,TMEM258,1,1
ZBTB12,UBXN1,1,1
ZBTB12,ZFP41,1,1
USP25,ACVR2B,1,1
USP25,ALDOA,1,1
USP25,ARAP3,1,1
USP25,ARL 10.00,1,1
USP25,ARNT2,1,1
USP25,ATMIN,1,1
USP25,CDC14B,1,1
USP25,CNTNAP3,1,1
USP25,COA6,1,1
USP25,CRBN,1,1
USP25,CTHRC1,1,1
USP25,DNAJA3,1,1
USP25,DOPEY2,1,1
USP25,FAM127C,1,1
USP25,FAM210A,1,1
USP25,GRK2,1,1
USP25,H1F0,1,1
USP25,HSCB,1,1
USP25,MALSU1,1,1
USP25,MARCH8,1,1
USP25,MRPL40,1,1
USP25,NAXD,1,1
USP25,NRCAM,1,1
USP25,PDIA5,1,1
USP25,PRR13,1,1
USP25,SPTBN2,1,1
USP25,SUPT20H,1,1
USP25,UGP2,1,1
USP25,USP45,1,1
USP25,WASF3,1,1
USP25,ZBED3,1,1
USP25,ZKSCAN7,1,1
USP25,ZNF266,1,1
USP25,ZNF788,1,1
TMOD3,AMFR,1,1
TMOD3,ARPC1B,1,1
TMOD3,BHLHB9,1,1
TMOD3,C3ORF38,1,1
TMOD3,CCNY,1,1
TMOD3,CDYL2,1,1
TMOD3,CES2,1,1
TMOD3,CHMP7,1,1
TMOD3,CMTM4,1,1
TMOD3,DAAM2,1,1
TMOD3,DCP1A,1,1
TMOD3,DNPEP,1,1
TMOD3,DTNA,1,1
TMOD3,FAM65A,1,1
TMOD3,ITSN1,1,1
TMOD3,KLHL7,1,1
TMOD3,KREMEN1,1,1
TMOD3,LDOC1L,1,1
TMOD3,MAD1L1,1,1
TMOD3,MAPKAPK3,1,1
TMOD3,MED19,1,1
TMOD3,MED20,1,1
TMOD3,NFATC3,1,1
TMOD3,NOP10,1,1
TMOD3,PARG,1,1
TMOD3,PKN1,1,1
TMOD3,R3HCC1,1,1
TMOD3,RNF169,1,1
TMOD3,RRAGB,1,1
TMOD3,SOX6,1,1
TMOD3,TPCN1,1,1
TMOD3,TRNAU1AP,1,1
TMOD3,TSPAN5,1,1
TMOD3,UBXN1,1,1
TMOD3,VPS4A,1,1
TMOD3,WDR82,1,1
TMOD3,ZNF23,1,1
TMOD3,ZNF510,1,1
TMOD3,ZNF532,1,1
DHCR24,SUMO3,1,1
STX16,CDC5L,1,1
STX16,SLC7A6,1,1
VPS4A,AGO1,1,1
VPS4A,AHCYL1,1,1
VPS4A,AMFR,1,1
VPS4A,ANP32A,1,1
VPS4A,ANXA2,1,1
VPS4A,AP4S1,1,1
VPS4A,ARFGAP2,1,1
VPS4A,ARPC1B,1,1
VPS4A,BHLHB9,1,1
VPS4A,CCNY,1,1
VPS4A,CDYL2,1,1
VPS4A,CHMP7,1,1
VPS4A,CPSF7,1,1
VPS4A,DAAM2,1,1
VPS4A,DCP1A,1,1
VPS4A,DDX41,1,1
VPS4A,DNMBP,1,1
VPS4A,DPH7,1,1
VPS4A,DTNA,1,1
VPS4A,FAM65A,1,1
VPS4A,GGA1,1,1
VPS4A,HUS1,1,1
VPS4A,IBTK,1,1
VPS4A,INPP5A,1,1
VPS4A,INTS5,1,1
VPS4A,ITSN1,1,1
VPS4A,KLHL7,1,1
VPS4A,KREMEN1,1,1
VPS4A,KRIT1,1,1
VPS4A,LAMTOR1,1,1
VPS4A,MAD1L1,1,1
VPS4A,MAPKAPK3,1,1
VPS4A,MARK2,1,1
VPS4A,MED19,1,1
VPS4A,MED20,1,1
VPS4A,MTO1,1,1
VPS4A,NAGPA,1,1
VPS4A,NFATC3,1,1
VPS4A,NOP10,1,1
VPS4A,NUDT11,1,1
VPS4A,NUMA1,1,1
VPS4A,PARG,1,1
VPS4A,PKN1,1,1
VPS4A,PPP4R1,1,1
VPS4A,PRKAR1A,1,1
VPS4A,R3HCC1,1,1
VPS4A,RAB2A,1,1
VPS4A,RNF169,1,1
VPS4A,RRAGB,1,1
VPS4A,SCMH1,1,1
VPS4A,SDC3,1,1
VPS4A,SND1,1,1
VPS4A,SOX6,1,1
VPS4A,TOMM7,1,1
VPS4A,TOX4,1,1
VPS4A,TPCN1,1,1
VPS4A,TRNAU1AP,1,1
VPS4A,TSPAN5,1,1
VPS4A,TUBGCP4,1,1
VPS4A,TXNDC11,1,1
VPS4A,UBAC1,1,1
VPS4A,UBXN1,1,1
VPS4A,WDR82,1,1
VPS4A,ZNF23,1,1
VPS4A,ZNF510,1,1
VPS4A,ZNF532,1,1
PRPF4B,CDC5L,1,1
PRPF4B,SMC3,1,1
CLTB,ASXL1,1,1
CLTB,CCDC12,1,1
CLTB,FOXF2,1,1
CLTB,HNRNPUL2,1,1
CLTB,IBTK,1,1
CLTB,INPP5A,1,1
CLTB,LIN52,1,1
CLTB,MSANTD3,1,1
CLTB,NOP9,1,1
CLTB,NUMA1,1,1
CLTB,PCMT1,1,1
CLTB,PROSER1,1,1
CLTB,RFTN1,1,1
CLTB,RP11-2C24.9,1,1
CLTB,SDCCAG8,1,1
CLTB,SUPT20H,1,1
CLTB,ZNF266,1,1
AP4S1,ANXA2,1,1
AP4S1,ASAP3,1,1
AP4S1,BHLHB9,1,1
AP4S1,C3ORF38,1,1
AP4S1,CCNY,1,1
AP4S1,CDYL2,1,1
AP4S1,DCP1A,1,1
AP4S1,DCTD,1,1
AP4S1,DNMBP,1,1
AP4S1,EXOG,1,1
AP4S1,FBXO46,1,1
AP4S1,GGA1,1,1
AP4S1,INPP4A,1,1
AP4S1,INTS5,1,1
AP4S1,ITSN1,1,1
AP4S1,KLHL7,1,1
AP4S1,LAGE3,1,1
AP4S1,LAMTOR1,1,1
AP4S1,LDOC1L,1,1
AP4S1,MARK2,1,1
AP4S1,MED20,1,1
AP4S1,MTO1,1,1
AP4S1,NFATC3,1,1
AP4S1,NOP10,1,1
AP4S1,NUMA1,1,1
AP4S1,PARG,1,1
AP4S1,PPP4R1,1,1
AP4S1,RALA,1,1
AP4S1,RBPJ,1,1
AP4S1,REST,1,1
AP4S1,RRAGB,1,1
AP4S1,TERF2,1,1
AP4S1,TOMM7,1,1
AP4S1,TPCN1,1,1
AP4S1,TRIO,1,1
AP4S1,TRNAU1AP,1,1
AP4S1,TSPAN5,1,1
AP4S1,UBAC1,1,1
AP4S1,WDR82,1,1
AP4S1,ZNF510,1,1
MED20,ANXA2,1,1
MED20,ASAP3,1,1
MED20,BHLHB9,1,1
MED20,CCNY,1,1
MED20,CDYL2,1,1
MED20,CHMP7,1,1
MED20,CMTM4,1,1
MED20,DCP1A,1,1
MED20,DMTN,1,1
MED20,DNMBP,1,1
MED20,DTNA,1,1
MED20,FAM65A,1,1
MED20,FBXO46,1,1
MED20,INTS5,1,1
MED20,ITSN1,1,1
MED20,KREMEN1,1,1
MED20,KRIT1,1,1
MED20,MARK2,1,1
MED20,MED19,1,1
MED20,MTO1,1,1
MED20,NAALAD2,1,1
MED20,NOP10,1,1
MED20,PARG,1,1
MED20,PKN1,1,1
MED20,RNF169,1,1
MED20,RPS27,1,1
MED20,RRAGB,1,1
MED20,TOMM7,1,1
MED20,TPCN1,1,1
MED20,TRIO,1,1
MED20,TSPAN5,1,1
MED20,UBAC1,1,1
MED20,UBXN1,1,1
MED20,ZNF23,1,1
MED20,ZNF510,1,1
MED20,ZNF532,1,1
SLC25A5,ACVR1C,1,1
SLC25A5,AIFM1,1,1
SLC25A5,LXN,1,1
SLC25A5,RNF121,1,1
SLC25A5,TANC1,1,1
SLC25A5,TMEM214,1,1
KIAA0368,ACO2,1,1
KIAA0368,ANP32A,1,1
KIAA0368,CASP9,1,1
KIAA0368,KREMEN1,1,1
KIAA0368,MINA,1,1
KIAA0368,MTMR9,1,1
DDAH2,CES2,1,1
DDAH2,DENND2A,1,1
DDAH2,DMTN,1,1
DDAH2,FBXL15,1,1
DDAH2,LTBP3,1,1
DDAH2,MAP4K2,1,1
DDAH2,OTUD5,1,1
DDAH2,RAB39B,1,1
DDAH2,RNF41,1,1
KLF11,CCDC169,1,1
KLF11,NRIP1,1,1
KLF11,SPTBN2,1,1
TTC19,C2CD3,1,1
TTC19,NOP9,1,1
TTC19,PROSER1,1,1
USP6NL,INO80,1,1
LAGE3,ANP32A,1,1
LAGE3,CPSF7,1,1
LAGE3,NFATC3,1,1
LAGE3,RBPJ,1,1
LAGE3,SS18L2,1,1
MRPL18,APOLD1,1,1
MRPL18,BHLHB9,1,1
MRPL18,CDYL2,1,1
MRPL18,CMTM4,1,1
MRPL18,DCP1A,1,1
MRPL18,NAALAD2,1,1
MRPL18,PARG,1,1
MRPL18,PKN1,1,1
MRPL18,RRAGB,1,1
MRPL18,TPCN1,1,1
MRPL18,TXNDC11,1,1
MRPL18,UBAC1,1,1
MRPL18,UBXN1,1,1
MRPL18,ZNF23,1,1
MRPL18,ZNF532,1,1
CRBN,ALDOA,1,1
CRBN,ARAP1,1,1
CRBN,ARAP3,1,1
CRBN,ARNT2,1,1
CRBN,ATMIN,1,1
CRBN,ATP5G3,1,1
CRBN,BAP1,1,1
CRBN,BCAP29,1,1
CRBN,C11ORF95,1,1
CRBN,C12ORF66,1,1
CRBN,C9ORF78,1,1
CRBN,CNTNAP3,1,1
CRBN,CTHRC1,1,1
CRBN,DNAJA3,1,1
CRBN,DOPEY2,1,1
CRBN,FAM127C,1,1
CRBN,FAM210A,1,1
CRBN,FDX1,1,1
CRBN,GATA6,1,1
CRBN,GRK2,1,1
CRBN,H1F0,1,1
CRBN,HSCB,1,1
CRBN,MALSU1,1,1
CRBN,MARCH8,1,1
CRBN,MRPL40,1,1
CRBN,NRCAM,1,1
CRBN,PDIA5,1,1
CRBN,SLC39A10,1,1
CRBN,TAX1BP3,1,1
CRBN,TNFSF13B,1,1
CRBN,TRIM13,1,1
CRBN,UGP2,1,1
HOXA10,C3ORF38,1,1
HOXA10,RBPJ,1,1
HOXA10,SASH1,1,1
DENND2A,CES2,1,1
DENND2A,DMTN,1,1
DENND2A,GGACT,1,1
DENND2A,OTUD5,1,1
DENND2A,RAB39B,1,1
DENND2A,RASSF2,1,1
DENND2A,RPS27,1,1
DENND2A,SEPT5,1,1
DENND2A,TSHZ3,1,1
DENND2A,UBXN1,1,1
TMEM258,ACVR2B,1,1
TMEM258,AKIRIN1,1,1
TMEM258,AP1S2,1,1
TMEM258,ARNT2,1,1
TMEM258,CDYL2,1,1
TMEM258,DMTN,1,1
TMEM258,DNPEP,1,1
TMEM258,DSE,1,1
TMEM258,DTNA,1,1
TMEM258,FADS2,1,1
TMEM258,GGACT,1,1
TMEM258,HOXC11,1,1
TMEM258,KRIT1,1,1
TMEM258,LAMTOR1,1,1
TMEM258,LXN,1,1
TMEM258,MRPL43,1,1
TMEM258,MX2,1,1
TMEM258,NAXD,1,1
TMEM258,NUMA1,1,1
TMEM258,PCMT1,1,1
TMEM258,PEX3,1,1
TMEM258,PRR13,1,1
TMEM258,RAB2A,1,1
TMEM258,RFTN1,1,1
TMEM258,RNF121,1,1
TMEM258,RPAIN,1,1
TMEM258,RPL26,1,1
TMEM258,RPL29,1,1
TMEM258,RPS27,1,1
TMEM258,RRAGB,1,1
TMEM258,SDC3,1,1
TMEM258,SDK1,1,1
TMEM258,SND1,1,1
TMEM258,SPTBN2,1,1
TMEM258,SUPT20H,1,1
TMEM258,TANC1,1,1
TMEM258,TPM2,1,1
TMEM258,TSPAN5,1,1
TMEM258,UBXN1,1,1
TMEM258,ZFP41,1,1
TMEM258,ZNF788,1,1
ANKRD42,LTBP3,1,1
ANKRD42,PGM2L1,1,1
MED19,ACVR2A,1,1
MED19,AHCYL1,1,1
MED19,AMFR,1,1
MED19,ARPC1B,1,1
MED19,BHLHB9,1,1
MED19,CDYL2,1,1
MED19,CHMP7,1,1
MED19,DAAM2,1,1
MED19,DDX41,1,1
MED19,DNPEP,1,1
MED19,DTNA,1,1
MED19,FBXO11,1,1
MED19,INPP5A,1,1
MED19,ITSN1,1,1
MED19,KLHL7,1,1
MED19,KREMEN1,1,1
MED19,KRIT1,1,1
MED19,LAMTOR1,1,1
MED19,MAD1L1,1,1
MED19,MAPKAPK3,1,1
MED19,NAGPA,1,1
MED19,NOP10,1,1
MED19,NUDT11,1,1
MED19,PKN1,1,1
MED19,PRKAB2,1,1
MED19,PSENEN,1,1
MED19,R3HCC1,1,1
MED19,RNF169,1,1
MED19,RPL36AL,1,1
MED19,RRAGB,1,1
MED19,SCMH1,1,1
MED19,SDC3,1,1
MED19,SLC35B2,1,1
MED19,SND1,1,1
MED19,SOX6,1,1
MED19,TMEM136,1,1
MED19,TOX4,1,1
MED19,TPCN1,1,1
MED19,TRNAU1AP,1,1
MED19,TSPAN5,1,1
MED19,TUBGCP4,1,1
MED19,UBXN1,1,1
MED19,ZNF23,1,1
MED19,ZNF510,1,1
MED19,ZNF532,1,1
EXOG,FOXF2,1,1
EXOG,GGA1,1,1
EXOG,INTS5,1,1
EXOG,MSANTD3,1,1
EXOG,NOP9,1,1
EXOG,PPP4R1,1,1
EXOG,PROSER1,1,1
EXOG,RABIF,1,1
EXOG,TERF2,1,1
ANP32A,ARPC1B,1,1
ANP32A,B4GALT3,1,1
ANP32A,C3ORF38,1,1
ANP32A,CPSF7,1,1
ANP32A,DDX41,1,1
ANP32A,INTS5,1,1
ANP32A,ITSN1,1,1
ANP32A,KLHL7,1,1
ANP32A,KREMEN1,1,1
ANP32A,NFATC3,1,1
ANP32A,NOP10,1,1
ANP32A,PRR16,1,1
ANP32A,R3HCC1,1,1
ANP32A,RBPJ,1,1
ANP32A,SLC35B2,1,1
ANP32A,WDR82,1,1
CCNY,ADH5,1,1
CCNY,ANXA2,1,1
CCNY,ASAP3,1,1
CCNY,BHLHB9,1,1
CCNY,C3ORF38,1,1
CCNY,CDYL2,1,1
CCNY,CHMP7,1,1
CCNY,CMTM4,1,1
CCNY,COG3,1,1
CCNY,COMMD7,1,1
CCNY,CPSF7,1,1
CCNY,DCP1A,1,1
CCNY,DCTD,1,1
CCNY,DNMBP,1,1
CCNY,DPH7,1,1
CCNY,EHMT2,1,1
CCNY,FAM32A,1,1
CCNY,FBXO46,1,1
CCNY,GGA1,1,1
CCNY,HNRNPUL2,1,1
CCNY,HOXC11,1,1
CCNY,IBTK,1,1
CCNY,INPP4A,1,1
CCNY,INTS5,1,1
CCNY,ITSN1,1,1
CCNY,KRIT1,1,1
CCNY,LAMTOR1,1,1
CCNY,LDOC1L,1,1
CCNY,MTO1,1,1
CCNY,MX2,1,1
CCNY,NAALAD2,1,1
CCNY,NFATC3,1,1
CCNY,NOP10,1,1
CCNY,NPRL3,1,1
CCNY,NUMA1,1,1
CCNY,PARG,1,1
CCNY,PCMT1,1,1
CCNY,PPP4R1,1,1
CCNY,PRRC2A,1,1
CCNY,RALA,1,1
CCNY,REST,1,1
CCNY,RNF121,1,1
CCNY,RNF169,1,1
CCNY,RP11-2C24.9,1,1
CCNY,RRAGB,1,1
CCNY,SUMF2,1,1
CCNY,TERF2,1,1
CCNY,TGIF2,1,1
CCNY,TOMM7,1,1
CCNY,TPCN1,1,1
CCNY,TPM2,1,1
CCNY,TRIO,1,1
CCNY,TSPAN5,1,1
CCNY,UBAC1,1,1
CCNY,UBXN1,1,1
CCNY,USP38,1,1
CCNY,WDR82,1,1
CCNY,ZNF23,1,1
CCNY,ZNF510,1,1
CCNY,ZNF532,1,1
APOLD1,CX3CL1,1,1
APOLD1,ORAI1,1,1
APOLD1,SDCCAG8,1,1
APOLD1,TXNDC11,1,1
APOLD1,UBAC1,1,1
ABCB1,ACVR2A,1,1
ABCB1,OTUB2,1,1
ABCB1,PKN1,1,1
ABCB1,ZMYM5,1,1
RNF41,ARRDC1,1,1
RNF41,DMTN,1,1
RNF41,LTBP3,1,1
RNF41,OTUB2,1,1
RNF41,PSENEN,1,1
ZNF266,ACVR2B,1,1
ZNF266,AKIRIN1,1,1
ZNF266,ARNT2,1,1
ZNF266,CIDEB,1,1
ZNF266,DCUN1D2,1,1
ZNF266,DOPEY2,1,1
ZNF266,FAM127C,1,1
ZNF266,FOXF2,1,1
ZNF266,GRK2,1,1
ZNF266,HNRNPUL2,1,1
ZNF266,LAMTOR1,1,1
ZNF266,LIN52,1,1
ZNF266,NAXD,1,1
ZNF266,NT5C2,1,1
ZNF266,NUDT11,1,1
ZNF266,NUMA1,1,1
ZNF266,PARG,1,1
ZNF266,PCMT1,1,1
ZNF266,PPA2,1,1
ZNF266,PRR13,1,1
ZNF266,RFTN1,1,1
ZNF266,RP11-2C24.9,1,1
ZNF266,SDC3,1,1
ZNF266,SDCCAG8,1,1
ZNF266,SND1,1,1
ZNF266,SPTBN2,1,1
ZNF266,SUPT20H,1,1
ZNF266,UBXN1,1,1
ZNF266,WASF3,1,1
ZNF266,ZNF354C,1,1
ZNF266,ZNF510,1,1
ZNF266,ZNF788,1,1
MRPL43,ACVR2B,1,1
MRPL43,COG3,1,1
MRPL43,EHMT2,1,1
MRPL43,FAM32A,1,1
MRPL43,HNRNPUL2,1,1
MRPL43,HOXC11,1,1
MRPL43,NAXD,1,1
MRPL43,NUMA1,1,1
MRPL43,PARG,1,1
MRPL43,PCMT1,1,1
MRPL43,PRR13,1,1
MRPL43,RNF121,1,1
MRPL43,SDCCAG8,1,1
MRPL43,SMG7,1,1
MRPL43,SPRYD4,1,1
MRPL43,SPTBN2,1,1
MRPL43,SUPT20H,1,1
MRPL43,TGIF2,1,1
MRPL43,UBXN1,1,1
MRPL43,USP38,1,1
MRPL43,ZFP41,1,1
BTAF1,MAML1,1,1
LXN,ACVR2B,1,1
LXN,ALDOA,1,1
LXN,ARNT2,1,1
LXN,BCAP29,1,1
LXN,CD200,1,1
LXN,FAM127C,1,1
LXN,GRK2,1,1
LXN,HSCB,1,1
LXN,LAMTOR1,1,1
LXN,NAXD,1,1
LXN,NT5C2,1,1
LXN,PCMT1,1,1
LXN,PDIA5,1,1
LXN,PRR13,1,1
LXN,SDC3,1,1
LXN,SDK1,1,1
LXN,SND1,1,1
LXN,SPTBN2,1,1
LXN,SUPT20H,1,1
LXN,TANC1,1,1
LXN,TMEM214,1,1
LXN,TNFSF13B,1,1
LXN,TSKU,1,1
LXN,UGP2,1,1
LXN,ZFP41,1,1
LXN,ZNF788,1,1
ENDOD1,ADH5,1,1
ENDOD1,AP1S2,1,1
ENDOD1,COMMD7,1,1
ENDOD1,DCTD,1,1
ENDOD1,DYNC2LI1,1,1
ENDOD1,EHMT2,1,1
ENDOD1,FBXO46,1,1
ENDOD1,HNRNPUL2,1,1
ENDOD1,HOXC11,1,1
ENDOD1,IBTK,1,1
ENDOD1,MEF2C,1,1
ENDOD1,MX2,1,1
ENDOD1,NUMA1,1,1
ENDOD1,PRRC2A,1,1
ENDOD1,RNF121,1,1
ENDOD1,RPL14,1,1
ENDOD1,SMG7,1,1
ENDOD1,TGIF2,1,1
ENDOD1,TPM2,1,1
ENDOD1,TUBGCP2,1,1
SUMO3,CACUL1,1,1
SUMO3,CCDC22,1,1
SUMO3,CUL2,1,1
SUMO3,DCTD,1,1
SUMO3,HMGN5,1,1
SUMO3,HNRNPUL2,1,1
SUMO3,HPF1,1,1
SUMO3,HSPH1,1,1
SUMO3,MTPAP,1,1
SUMO3,NOP9,1,1
SUMO3,PROSER1,1,1
SUMO3,RALA,1,1
SUMO3,RP11-2C24.9,1,1
SUMO3,SS18L2,1,1
SUMO3,USP38,1,1
SMG7,AIFM1,1,1
SMG7,AP1S2,1,1
SMG7,CBX6,1,1
SMG7,COG3,1,1
SMG7,COMMD7,1,1
SMG7,DCTD,1,1
SMG7,HNRNPUL2,1,1
SMG7,HOXC11,1,1
SMG7,HPF1,1,1
SMG7,MEF2C,1,1
SMG7,NBPF15,1,1
SMG7,NUMA1,1,1
SMG7,ORAI1,1,1
SMG7,PCMT1,1,1
SMG7,RAB5C,1,1
SMG7,RNF121,1,1
SMG7,RP11-2C24.9,1,1
SMG7,RPL26,1,1
SMG7,RPL29,1,1
SMG7,SDCCAG8,1,1
SMG7,SPRYD4,1,1
SMG7,TGIF2,1,1
SMG7,TPM2,1,1
SMG7,USP38,1,1
CH507-42P11.8,MON1A,1,1
FAM32A,ADH5,1,1
FAM32A,ANXA2,1,1
FAM32A,APH1A,1,1
FAM32A,ASPSCR1,1,1
FAM32A,BHLHB9,1,1
FAM32A,CACUL1,1,1
FAM32A,CDC14B,1,1
FAM32A,CDC34,1,1
FAM32A,CDYL2,1,1
FAM32A,COG3,1,1
FAM32A,COMMD7,1,1
FAM32A,DCTD,1,1
FAM32A,EHMT2,1,1
FAM32A,HNRNPUL2,1,1
FAM32A,HOXC11,1,1
FAM32A,HPF1,1,1
FAM32A,IBTK,1,1
FAM32A,LDOC1L,1,1
FAM32A,MSANTD3,1,1
FAM32A,NOP10,1,1
FAM32A,NOP9,1,1
FAM32A,NPRL3,1,1
FAM32A,NRIP1,1,1
FAM32A,NUMA1,1,1
FAM32A,PARG,1,1
FAM32A,PCMT1,1,1
FAM32A,PPP4R1,1,1
FAM32A,PROSER1,1,1
FAM32A,PRRC2A,1,1
FAM32A,RABIF,1,1
FAM32A,RALA,1,1
FAM32A,RB1,1,1
FAM32A,REST,1,1
FAM32A,RNF121,1,1
FAM32A,RP11-2C24.9,1,1
FAM32A,SDCCAG8,1,1
FAM32A,SUMF2,1,1
FAM32A,SUPT20H,1,1
FAM32A,TERF2,1,1
FAM32A,TGIF2,1,1
FAM32A,TRIO,1,1
FAM32A,UBAC1,1,1
FAM32A,USP38,1,1
FAM32A,WASF3,1,1
ARL6IP1,ZSWIM6,1,1
CREB1,RB1,1,1
RPL9P9,AMFR,1,1
RPL9P9,CDYL2,1,1
RPL9P9,HOXC11,1,1
RPL9P9,RPL26,1,1
RPL9P9,RPL29,1,1
RPL9P9,RPS27,1,1
RPL9P9,RRAGB,1,1
RPL9P9,SASH1,1,1
RPL9P9,TSPAN5,1,1
RPL9P9,UBXN1,1,1
RPL9P9,ZNF23,1,1
TMEM177,ANXA2,1,1
TMEM177,AP1G1,1,1
TMEM177,DCP1A,1,1
TMEM177,GGA1,1,1
KLHL7,ACO2,1,1
KLHL7,AHCYL1,1,1
KLHL7,ARFGAP2,1,1
KLHL7,ARPC1B,1,1
KLHL7,BHLHB9,1,1
KLHL7,CHMP7,1,1
KLHL7,COX7A2,1,1
KLHL7,DAAM2,1,1
KLHL7,DDX41,1,1
KLHL7,DTNA,1,1
KLHL7,FBXO11,1,1
KLHL7,INPP5A,1,1
KLHL7,ITSN1,1,1
KLHL7,KREMEN1,1,1
KLHL7,KRIT1,1,1
KLHL7,LAMTOR1,1,1
KLHL7,LINC00998,1,1
KLHL7,MAD1L1,1,1
KLHL7,MARK2,1,1
KLHL7,MTO1,1,1
KLHL7,NAGPA,1,1
KLHL7,NFATC3,1,1
KLHL7,NOP10,1,1
KLHL7,NUDT11,1,1
KLHL7,PPP4R1,1,1
KLHL7,R3HCC1,1,1
KLHL7,RAB2A,1,1
KLHL7,SCMH1,1,1
KLHL7,SDC3,1,1
KLHL7,SELO,1,1
KLHL7,SGK1,1,1
KLHL7,SLC25A11,1,1
KLHL7,SND1,1,1
KLHL7,SOX6,1,1
KLHL7,TOMM7,1,1
KLHL7,TPCN1,1,1
KLHL7,TRNAU1AP,1,1
KLHL7,TUBGCP4,1,1
KLHL7,ZNF510,1,1
KLHL7,ZNF532,1,1
APH1A,ADH5,1,1
APH1A,BLOC1S2,1,1
APH1A,CACUL1,1,1
APH1A,CCDC22,1,1
APH1A,COG3,1,1
APH1A,COMMD7,1,1
APH1A,HMGN5,1,1
APH1A,HPF1,1,1
APH1A,IRF2BPL,1,1
APH1A,KLHL2,1,1
APH1A,MEF2C,1,1
APH1A,NPRL3,1,1
APH1A,OPA3,1,1
APH1A,PCBD1,1,1
APH1A,PROSER1,1,1
APH1A,RALA,1,1
APH1A,RB1,1,1
APH1A,SDCCAG8,1,1
APH1A,SH3GLB1,1,1
APH1A,SLC16A7,1,1
APH1A,STAG3L2,1,1
APH1A,TERF2,1,1
APH1A,TGIF2,1,1
APH1A,TRIO,1,1
APH1A,TUBGCP2,1,1
APH1A,USP38,1,1
APH1A,WAPL,1,1
ZNF542P,AKIRIN1,1,1
ZNF542P,DTNA,1,1
ZNF542P,MAP4K2,1,1
ZNF542P,PCMT1,1,1
ZNF542P,PTP4A1,1,1
ZNF542P,TEX15,1,1
ZNF542P,TXNDC11,1,1
ZNF542P,UBXN1,1,1
ZNF542P,ZNF740,1,1
NKIRAS1,ADH5,1,1
NKIRAS1,BLOC1S2,1,1
NKIRAS1,DYNC2LI1,1,1
NKIRAS1,MAML1,1,1
NKIRAS1,UBP1,1,1
FDX1,ALDOA,1,1
FDX1,ARAP3,1,1
FDX1,ATP5G3,1,1
FDX1,BAP1,1,1
FDX1,BCAP29,1,1
FDX1,CACYBP,1,1
FDX1,CNTNAP3,1,1
FDX1,DNAJA3,1,1
FDX1,FAM127C,1,1
FDX1,FAM210A,1,1
FDX1,MARCH8,1,1
FDX1,MRPL40,1,1
FDX1,NRCAM,1,1
FDX1,SDK1,1,1
FDX1,SLC39A10,1,1
FDX1,TAX1BP3,1,1
TCF4,AKIRIN1,1,1
TCF4,CREBZF,1,1
TCF4,DAAM2,1,1
TCF4,DSE,1,1
TCF4,FADS2,1,1
TCF4,RPS25,1,1
TCF4,SASH1,1,1
EHD1,ASPSCR1,1,1
EHD1,CDC34,1,1
EHD1,CUL4A,1,1
EHD1,DYNC2LI1,1,1
EHD1,PRRC2A,1,1
EHD1,STAG3L2,1,1
UBP1,BLOC1S2,1,1
UBP1,CUL2,1,1
UBP1,CUL4A,1,1
UBP1,DYNC2LI1,1,1
UBP1,TRAF6,1,1
UBP1,WAPL,1,1
DSE,AKIRIN1,1,1
DSE,AP1S2,1,1
DSE,FADS2,1,1
DSE,HOXC11,1,1
DSE,KRIT1,1,1
DSE,LAMTOR1,1,1
DSE,MVD,1,1
DSE,MX2,1,1
DSE,NAXD,1,1
DSE,PRR13,1,1
DSE,RAB2A,1,1
DSE,RFTN1,1,1
DSE,RPAIN,1,1
DSE,RPL29,1,1
DSE,SDK1,1,1
DSE,SND1,1,1
DSE,TANC1,1,1
DSE,TPM2,1,1
DSE,ZNF788,1,1
SMC3,CDC5L,1,1
SMC3,CUL2,1,1
SMC3,HNRNPF,1,1
SMC3,SLC16A7,1,1
SMC3,WAPL,1,1
CUL2,ASXL1,1,1
CUL2,BLOC1S2,1,1
CUL2,CCDC117,1,1
CUL2,CCDC22,1,1
CUL2,COMMD7,1,1
CUL2,CUL4A,1,1
CUL2,GGA1,1,1
CUL2,HMGN5,1,1
CUL2,HNRNPF,1,1
CUL2,NOP9,1,1
CUL2,PROSER1,1,1
CUL2,RALA,1,1
CUL2,SLC16A7,1,1
CUL2,TERF2,1,1
CUL2,TRIO,1,1
CUL2,WAPL,1,1
OPA3,KLHL2,1,1
OPA3,PCBD1,1,1
RABIF,EHMT2,1,1
RABIF,FOXF2,1,1
RABIF,HNRNPUL2,1,1
RABIF,MSANTD3,1,1
RABIF,NOP9,1,1
RABIF,NT5C2,1,1
RABIF,PPP4R1,1,1
RABIF,PROSER1,1,1
RABIF,REST,1,1
RABIF,SLC7A6,1,1
RABIF,SUMF2,1,1
RABIF,SUPT20H,1,1
RABIF,USP38,1,1
RABIF,WASF3,1,1
IRF2BPL,CACUL1,1,1
IRF2BPL,CCDC22,1,1
IRF2BPL,KLHL2,1,1
IRF2BPL,PCBD1,1,1
IRF2BPL,PRICKLE3,1,1
IRF2BPL,SLC16A7,1,1
IRF2BPL,STAG3L2,1,1
IRF2BPL,WAPL,1,1
H1F0,ALDOA,1,1
H1F0,ARAP3,1,1
H1F0,ARL 10.00,1,1
H1F0,ATMIN,1,1
H1F0,ATP5G3,1,1
H1F0,BAP1,1,1
H1F0,BCAP29,1,1
H1F0,C9ORF78,1,1
H1F0,CNOT8,1,1
H1F0,CNTNAP3,1,1
H1F0,CTHRC1,1,1
H1F0,DNAJA3,1,1
H1F0,EEPD1,1,1
H1F0,FAM127C,1,1
H1F0,FAM210A,1,1
H1F0,GATA6,1,1
H1F0,GNPAT,1,1
H1F0,GRK2,1,1
H1F0,HSCB,1,1
H1F0,MALSU1,1,1
H1F0,MRPL40,1,1
H1F0,NRCAM,1,1
H1F0,PDIA5,1,1
H1F0,PRR13,1,1
H1F0,SDK1,1,1
H1F0,SLC39A10,1,1
H1F0,TAX1BP3,1,1
H1F0,TRIM13,1,1
H1F0,TSKU,1,1
H1F0,UGP2,1,1
H1F0,ZKSCAN7,1,1
H1F0,ZNF788,1,1
C9ORF114,APEX1,1,1
TPM2,AP1S2,1,1
TPM2,BHLHB9,1,1
TPM2,CDYL2,1,1
TPM2,DCTD,1,1
TPM2,DPH7,1,1
TPM2,FADS2,1,1
TPM2,HNRNPUL2,1,1
TPM2,HOXC11,1,1
TPM2,IBTK,1,1
TPM2,INPP4A,1,1
TPM2,KRIT1,1,1
TPM2,LAMTOR1,1,1
TPM2,MX2,1,1
TPM2,NUMA1,1,1
TPM2,PCMT1,1,1
TPM2,RAB2A,1,1
TPM2,RAB5C,1,1
TPM2,RFTN1,1,1
TPM2,RPAIN,1,1
TPM2,RPL29,1,1
TPM2,TANC1,1,1
TPM2,TSPAN5,1,1
ARRDC1,ACVR2A,1,1
ARRDC1,DENND4B,1,1
ARRDC1,DNAJC8,1,1
ARRDC1,LTBP3,1,1
ARRDC1,MAD1L1,1,1
ARRDC1,PSENEN,1,1
MAD1L1,ACO2,1,1
MAD1L1,ACVR2A,1,1
MAD1L1,AHCYL1,1,1
MAD1L1,ARPC1B,1,1
MAD1L1,CHMP7,1,1
MAD1L1,DAAM2,1,1
MAD1L1,DDX41,1,1
MAD1L1,DNAJC8,1,1
MAD1L1,DTNA,1,1
MAD1L1,FBXO11,1,1
MAD1L1,HUS1,1,1
MAD1L1,ITSN1,1,1
MAD1L1,KRIT1,1,1
MAD1L1,NAGPA,1,1
MAD1L1,PRKAB2,1,1
MAD1L1,PSENEN,1,1
MAD1L1,R3HCC1,1,1
MAD1L1,RPL36AL,1,1
MAD1L1,SLC35B2,1,1
MAD1L1,SOX6,1,1
MAD1L1,TOX4,1,1
MAD1L1,TPCN1,1,1
MAD1L1,TRNAU1AP,1,1
MAD1L1,TUBGCP4,1,1
MAD1L1,ZNF532,1,1
MAD1L1,ZSWIM6,1,1
DTNA,ACVR2B,1,1
DTNA,AKIRIN1,1,1
DTNA,ARNT2,1,1
DTNA,BHLHB9,1,1
DTNA,CDYL2,1,1
DTNA,CES2,1,1
DTNA,CHMP7,1,1
DTNA,DAAM2,1,1
DTNA,DMTN,1,1
DTNA,DNAJC8,1,1
DTNA,DNPEP,1,1
DTNA,DOPEY2,1,1
DTNA,FBXL15,1,1
DTNA,ITSN1,1,1
DTNA,KRIT1,1,1
DTNA,LAMTOR1,1,1
DTNA,MAP4K2,1,1
DTNA,MAPKAPK3,1,1
DTNA,NOP10,1,1
DTNA,NUDT11,1,1
DTNA,PARG,1,1
DTNA,PCMT1,1,1
DTNA,PEX3,1,1
DTNA,PKN1,1,1
DTNA,PSENEN,1,1
DTNA,PTP4A1,1,1
DTNA,RAB2A,1,1
DTNA,RPAIN,1,1
DTNA,RRAGB,1,1
DTNA,SCMH1,1,1
DTNA,SDC3,1,1
DTNA,SND1,1,1
DTNA,SOX6,1,1
DTNA,SPTBN2,1,1
DTNA,SUPT20H,1,1
DTNA,TMEM136,1,1
DTNA,TPCN1,1,1
DTNA,TRNAU1AP,1,1
DTNA,TSPAN5,1,1
DTNA,TUBGCP4,1,1
DTNA,TXNDC11,1,1
DTNA,UBXN1,1,1
DTNA,ZFP41,1,1
DTNA,ZNF23,1,1
DTNA,ZNF510,1,1
DTNA,ZNF532,1,1
DTNA,ZNF740,1,1
ABCF3,MEF2C,1,1
ABCF3,PDZRN3,1,1
NUMA1,ACVR2B,1,1
NUMA1,AIFM1,1,1
NUMA1,ANXA2,1,1
NUMA1,AP1S2,1,1
NUMA1,ASXL1,1,1
NUMA1,BHLHB9,1,1
NUMA1,CCDC169,1,1
NUMA1,CDYL2,1,1
NUMA1,COG3,1,1
NUMA1,COMMD7,1,1
NUMA1,CPSF7,1,1
NUMA1,CX3CL1,1,1
NUMA1,DCP1A,1,1
NUMA1,DCTD,1,1
NUMA1,DNMBP,1,1
NUMA1,DPH7,1,1
NUMA1,EHMT2,1,1
NUMA1,FBXO46,1,1
NUMA1,FOXF2,1,1
NUMA1,GGA1,1,1
NUMA1,HNRNPUL2,1,1
NUMA1,HOXC11,1,1
NUMA1,IBTK,1,1
NUMA1,INPP5A,1,1
NUMA1,ITSN1,1,1
NUMA1,KRIT1,1,1
NUMA1,LAMTOR1,1,1
NUMA1,LDOC1L,1,1
NUMA1,MSANTD3,1,1
NUMA1,NOP10,1,1
NUMA1,NOP9,1,1
NUMA1,NRIP1,1,1
NUMA1,NUDT11,1,1
NUMA1,PARG,1,1
NUMA1,PCMT1,1,1
NUMA1,PPP4R1,1,1
NUMA1,PROSER1,1,1
NUMA1,PRRC2A,1,1
NUMA1,RALA,1,1
NUMA1,REST,1,1
NUMA1,RFTN1,1,1
NUMA1,RNF121,1,1
NUMA1,RP11-2C24.9,1,1
NUMA1,RRAGB,1,1
NUMA1,SDC3,1,1
NUMA1,SDCCAG8,1,1
NUMA1,SPRYD4,1,1
NUMA1,SPTBN2,1,1
NUMA1,SUPT20H,1,1
NUMA1,TANC1,1,1
NUMA1,TERF2,1,1
NUMA1,TGIF2,1,1
NUMA1,TPCN1,1,1
NUMA1,TRIO,1,1
NUMA1,TSPAN5,1,1
NUMA1,UBAC1,1,1
NUMA1,UBXN1,1,1
NUMA1,USP38,1,1
NUMA1,ZFP41,1,1
NUMA1,ZNF354C,1,1
NUMA1,ZNF510,1,1
NUMA1,ZNF532,1,1
WDR82,ANXA2,1,1
WDR82,AP1G1,1,1
WDR82,ASAP3,1,1
WDR82,BHLHB9,1,1
WDR82,C3ORF38,1,1
WDR82,DCP1A,1,1
WDR82,DNMBP,1,1
WDR82,GGA1,1,1
WDR82,INTS5,1,1
WDR82,ITSN1,1,1
WDR82,LDOC1L,1,1
WDR82,MARK2,1,1
WDR82,MSANTD3,1,1
WDR82,NFATC3,1,1
WDR82,NOP10,1,1
WDR82,NOP9,1,1
WDR82,NT5C2,1,1
WDR82,PARG,1,1
WDR82,PPP4R1,1,1
WDR82,REST,1,1
WDR82,REV1,1,1
WDR82,SUMF2,1,1
WDR82,TPCN1,1,1
WDR82,ZNF354C,1,1
WDR82,ZNF510,1,1
SS18L2,APEX1,1,1
SS18L2,CCDC12,1,1
SS18L2,CPSF7,1,1
SS18L2,PPP4R1,1,1
C2CD3,ASXL1,1,1
C2CD3,KLHL2,1,1
C2CD3,NOP9,1,1
C2CD3,PROSER1,1,1
TMEM50B,DHDDS,1,1
TMEM50B,GGACT,1,1
TMEM50B,PCMTD2,1,1
TMEM50B,RPL26,1,1
TMEM50B,RPL29,1,1
TMEM50B,RPS27,1,1
PDCD7,CNOT8,1,1
PDCD7,DOPEY2,1,1
PDCD7,FAM127C,1,1
PDCD7,GRK2,1,1
PDCD7,HSCB,1,1
PDCD7,NT5C2,1,1
REV1,C3ORF38,1,1
REV1,CDC14B,1,1
REV1,DCP1A,1,1
REV1,GGA1,1,1
REV1,ITSN1,1,1
REV1,LDOC1L,1,1
REV1,MAPKAPK3,1,1
REV1,MSANTD3,1,1
REV1,NOP10,1,1
REV1,NT5C2,1,1
REV1,PARG,1,1
REV1,PPP4R1,1,1
REV1,REST,1,1
REV1,TET2,1,1
REV1,ZNF354C,1,1
REV1,ZNF510,1,1
FAM127C,ACVR2B,1,1
FAM127C,ALDOA,1,1
FAM127C,ARAP3,1,1
FAM127C,ARNT2,1,1
FAM127C,ATMIN,1,1
FAM127C,ATP5G3,1,1
FAM127C,BAP1,1,1
FAM127C,BCAP29,1,1
FAM127C,C9ORF78,1,1
FAM127C,CNOT8,1,1
FAM127C,CNTNAP3,1,1
FAM127C,COA6,1,1
FAM127C,CTHRC1,1,1
FAM127C,DNAJA3,1,1
FAM127C,DOPEY2,1,1
FAM127C,EEPD1,1,1
FAM127C,FAM210A,1,1
FAM127C,GRK2,1,1
FAM127C,HSCB,1,1
FAM127C,MALSU1,1,1
FAM127C,MARCH8,1,1
FAM127C,MRPL40,1,1
FAM127C,NAXD,1,1
FAM127C,NRCAM,1,1
FAM127C,NT5C2,1,1
FAM127C,PCMT1,1,1
FAM127C,PDIA5,1,1
FAM127C,PRR13,1,1
FAM127C,SCMH1,1,1
FAM127C,SDC3,1,1
FAM127C,SDK1,1,1
FAM127C,SLC39A10,1,1
FAM127C,SND1,1,1
FAM127C,SPTBN2,1,1
FAM127C,SUPT20H,1,1
FAM127C,TAX1BP3,1,1
FAM127C,TNFSF13B,1,1
FAM127C,TRIM13,1,1
FAM127C,UGP2,1,1
FAM127C,ZNF788,1,1
NAPEPLD,ARPC1B,1,1
NAPEPLD,CCPG1,1,1
NAPEPLD,DDX41,1,1
NAPEPLD,HUS1,1,1
NAPEPLD,NAGPA,1,1
NAPEPLD,PLSCR1,1,1
NAPEPLD,PRKAR1A,1,1
NAPEPLD,R3HCC1,1,1
NAPEPLD,SLC35B2,1,1
NAPEPLD,SOX6,1,1
C9ORF78,ATMIN,1,1
C9ORF78,BCAP29,1,1
C9ORF78,GRK2,1,1
C9ORF78,HSCB,1,1
C9ORF78,MALSU1,1,1
C9ORF78,MRPL40,1,1
C9ORF78,PDIA5,1,1
C9ORF78,SLC39A10,1,1
C9ORF78,UGP2,1,1
CCDC12,FOXF2,1,1
CCDC12,HNRNPUL2,1,1
CCDC12,NOP9,1,1
CCDC12,PROSER1,1,1
CCDC12,RP11-2C24.9,1,1
TSKU,ALDOA,1,1
TSKU,CNOT8,1,1
TSKU,GNPAT,1,1
TSKU,GRK2,1,1
TSKU,HSCB,1,1
TSKU,MALSU1,1,1
TSKU,MRPL40,1,1
TSKU,PRR13,1,1
TSKU,SDK1,1,1
TSKU,UGP2,1,1
TSKU,ZKSCAN7,1,1
CTHRC1,ALDOA,1,1
CTHRC1,ARAP3,1,1
CTHRC1,ARL 10.00,1,1
CTHRC1,ARNT2,1,1
CTHRC1,BAP1,1,1
CTHRC1,BCAP29,1,1
CTHRC1,CNOT8,1,1
CTHRC1,CNTNAP3,1,1
CTHRC1,CRHR1-IT1,1,1
CTHRC1,DNAJA3,1,1
CTHRC1,EEPD1,1,1
CTHRC1,FAM210A,1,1
CTHRC1,GNPAT,1,1
CTHRC1,GRK2,1,1
CTHRC1,HSCB,1,1
CTHRC1,IFRD1,1,1
CTHRC1,MALSU1,1,1
CTHRC1,NAXD,1,1
CTHRC1,NRCAM,1,1
CTHRC1,PDIA5,1,1
CTHRC1,PRR13,1,1
CTHRC1,SDK1,1,1
CTHRC1,SLC39A10,1,1
CTHRC1,TRIM13,1,1
CTHRC1,UGP2,1,1
CTHRC1,ZKSCAN7,1,1
CTHRC1,ZNF788,1,1
INPP4A,BHLHB9,1,1
INPP4A,DCTD,1,1
INPP4A,DHDDS,1,1
INPP4A,HOXC11,1,1
INPP4A,LAMTOR1,1,1
INPP4A,LDOC1L,1,1
INPP4A,PPP4R1,1,1
INPP4A,RALA,1,1
INPP4A,SASH1,1,1
INPP4A,TANC1,1,1
NRIP1,ACVR2B,1,1
NRIP1,CCDC169,1,1
NRIP1,CDC14B,1,1
NRIP1,CDYL2,1,1
NRIP1,COG3,1,1
NRIP1,HNRNPUL2,1,1
NRIP1,LDOC1L,1,1
NRIP1,PARG,1,1
NRIP1,PCMT1,1,1
NRIP1,RB1,1,1
NRIP1,REST,1,1
NRIP1,RP11-2C24.9,1,1
NRIP1,SPTBN2,1,1
NRIP1,SUPT20H,1,1
NRIP1,WASF3,1,1
TRIO,ADH5,1,1
TRIO,ANXA2,1,1
TRIO,ASXL1,1,1
TRIO,BHLHB9,1,1
TRIO,BLOC1S2,1,1
TRIO,CDYL2,1,1
TRIO,CMTM4,1,1
TRIO,COG3,1,1
TRIO,COMMD7,1,1
TRIO,CYTH2,1,1
TRIO,DCP1A,1,1
TRIO,DCTD,1,1
TRIO,DNMBP,1,1
TRIO,EHMT2,1,1
TRIO,FBXO46,1,1
TRIO,GGA1,1,1
TRIO,IBTK,1,1
TRIO,INTS5,1,1
TRIO,ITSN1,1,1
TRIO,NAALAD2,1,1
TRIO,NOP10,1,1
TRIO,NPRL3,1,1
TRIO,PARG,1,1
TRIO,PPP4R1,1,1
TRIO,PRRC2A,1,1
TRIO,RALA,1,1
TRIO,RB1,1,1
TRIO,REST,1,1
TRIO,RNF169,1,1
TRIO,RRAGB,1,1
TRIO,SH3GLB1,1,1
TRIO,SUMF2,1,1
TRIO,TERF2,1,1
TRIO,TGIF2,1,1
TRIO,TPCN1,1,1
TRIO,TSPAN5,1,1
TRIO,TUBGCP2,1,1
TRIO,UBAC1,1,1
TRIO,USP38,1,1
RPS27,CDYL2,1,1
RPS27,DMTN,1,1
RPS27,FBXO46,1,1
RPS27,GGACT,1,1
RPS27,HOXC11,1,1
RPS27,PCMTD2,1,1
RPS27,RAB2A,1,1
RPS27,RPAIN,1,1
RPS27,RPL26,1,1
RPS27,RPL29,1,1
RPS27,RRAGB,1,1
RPS27,SEPT5,1,1
RPS27,TMEM42,1,1
RPS27,TSHZ3,1,1
RPS27,TSPAN5,1,1
RPS27,UBXN1,1,1
RPS27,ZNF23,1,1
CASP9,ACO2,1,1
CASP9,MINA,1,1
CASP9,PNP,1,1
RNF121,AIFM1,1,1
RNF121,AP1S2,1,1
RNF121,CDC34,1,1
RNF121,CDYL2,1,1
RNF121,COG3,1,1
RNF121,COMMD7,1,1
RNF121,DCTD,1,1
RNF121,EHMT2,1,1
RNF121,FBXO46,1,1
RNF121,HNRNPUL2,1,1
RNF121,HOXC11,1,1
RNF121,PARG,1,1
RNF121,PCMT1,1,1
RNF121,PRRC2A,1,1
RNF121,RB1,1,1
RNF121,SPRYD4,1,1
RNF121,SUPT20H,1,1
RNF121,TANC1,1,1
RNF121,TGIF2,1,1
RNF121,TUBGCP2,1,1
RNF121,USP38,1,1
RNF121,ZFP41,1,1
TRAF6,FCHO2,1,1
TRAF6,SLC16A7,1,1
SPRYD4,ACVR2B,1,1
SPRYD4,AP1S2,1,1
SPRYD4,CCDC169,1,1
SPRYD4,COG3,1,1
SPRYD4,CX3CL1,1,1
SPRYD4,HNRNPUL2,1,1
SPRYD4,HOXC11,1,1
SPRYD4,HSD11B1L,1,1
SPRYD4,NAXD,1,1
SPRYD4,PCMT1,1,1
SPRYD4,RFTN1,1,1
SPRYD4,SDCCAG8,1,1
SPRYD4,SPTBN2,1,1
SPRYD4,SUPT20H,1,1
SPRYD4,ZFP41,1,1
PNKP,PRRC2C,1,1
ASPSCR1,RB1,1,1
ASPSCR1,STAG3L2,1,1
ASPSCR1,USP38,1,1
GGACT,CES2,1,1
GGACT,DMTN,1,1
GGACT,DNPEP,1,1
GGACT,PEX3,1,1
GGACT,RASSF2,1,1
GGACT,RPL29,1,1
GGACT,TMEM42,1,1
GGACT,UBXN1,1,1
TAX1BP3,ATP5G3,1,1
TAX1BP3,BAP1,1,1
TAX1BP3,BCAP29,1,1
TAX1BP3,CNTNAP3,1,1
TAX1BP3,FAM210A,1,1
TAX1BP3,GATA6,1,1
TAX1BP3,MRPL40,1,1
TAX1BP3,PDIA5,1,1
TAX1BP3,SLC39A10,1,1
TAX1BP3,TRIM13,1,1
ZNF510,ANXA2,1,1
ZNF510,BHLHB9,1,1
ZNF510,C3ORF38,1,1
ZNF510,CDYL2,1,1
ZNF510,CHMP7,1,1
ZNF510,DAAM2,1,1
ZNF510,DCP1A,1,1
ZNF510,DNMBP,1,1
ZNF510,DNPEP,1,1
ZNF510,GGA1,1,1
ZNF510,INPP5A,1,1
ZNF510,INTS5,1,1
ZNF510,ITSN1,1,1
ZNF510,KRIT1,1,1
ZNF510,LAMTOR1,1,1
ZNF510,MAPKAPK3,1,1
ZNF510,MARK2,1,1
ZNF510,NFATC3,1,1
ZNF510,NOP10,1,1
ZNF510,NUDT11,1,1
ZNF510,PARG,1,1
ZNF510,PCMT1,1,1
ZNF510,PKN1,1,1
ZNF510,PPP4R1,1,1
ZNF510,REST,1,1
ZNF510,RNF169,1,1
ZNF510,RRAGB,1,1
ZNF510,SCMH1,1,1
ZNF510,SDC3,1,1
ZNF510,SND1,1,1
ZNF510,SUPT20H,1,1
ZNF510,TPCN1,1,1
ZNF510,TRNAU1AP,1,1
ZNF510,TSPAN5,1,1
ZNF510,TUBGCP4,1,1
ZNF510,TXNDC11,1,1
ZNF510,UBAC1,1,1
ZNF510,UBXN1,1,1
ZNF510,ZMYM6,1,1
ZNF510,ZNF23,1,1
ZNF510,ZNF354C,1,1
ZNF510,ZNF532,1,1
ZNF510,ZNF740,1,1
ICAM3,CACUL1,1,1
ICAM3,COMMD10,1,1
ICAM3,HPF1,1,1
ICAM3,NBPF15,1,1
ICAM3,PRICKLE3,1,1
ICAM3,RB1,1,1
TTLL5,MAPKAPK3,1,1
TTLL5,PPA2,1,1
TTLL5,SDC3,1,1
TTLL5,TET2,1,1
TTLL5,ZBED3,1,1
TTLL5,ZNF354C,1,1
COMMD10,BLOC1S2,1,1
COMMD10,COMMD7,1,1
COMMD10,HPF1,1,1
COMMD10,PDZRN3,1,1
COMMD10,PRICKLE3,1,1
COMMD10,SLC16A7,1,1
PRR16,B4GALT3,1,1
PRR16,CPSF7,1,1
PRR16,DNMBP,1,1
PRR16,INPP5A,1,1
PRR16,INTS5,1,1
PRR16,ITSN1,1,1
PRR16,NFATC3,1,1
PRR16,RBPJ,1,1
SDC3,ACVR2B,1,1
SDC3,AKIRIN1,1,1
SDC3,ALDOA,1,1
SDC3,ARNT2,1,1
SDC3,CD200,1,1
SDC3,COA6,1,1
SDC3,DAAM2,1,1
SDC3,DNPEP,1,1
SDC3,DOPEY2,1,1
SDC3,KRIT1,1,1
SDC3,LAMTOR1,1,1
SDC3,MAPKAPK3,1,1
SDC3,NAXD,1,1
SDC3,NT5C2,1,1
SDC3,NUDT11,1,1
SDC3,PCMT1,1,1
SDC3,PDIA5,1,1
SDC3,PRR13,1,1
SDC3,RFTN1,1,1
SDC3,SCMH1,1,1
SDC3,SND1,1,1
SDC3,SPTBN2,1,1
SDC3,SUPT20H,1,1
SDC3,TET2,1,1
SDC3,TMEM214,1,1
SDC3,TNFSF13B,1,1
SDC3,TPCN1,1,1
SDC3,UBXN1,1,1
SDC3,ZNF354C,1,1
SDC3,ZNF788,1,1
NUDT11,AKIRIN1,1,1
NUDT11,ARFGAP2,1,1
NUDT11,BHLHB9,1,1
NUDT11,DAAM2,1,1
NUDT11,DOPEY2,1,1
NUDT11,FBXO11,1,1
NUDT11,FOXF2,1,1
NUDT11,HNRNPUL2,1,1
NUDT11,INPP5A,1,1
NUDT11,ITSN1,1,1
NUDT11,KRIT1,1,1
NUDT11,LAMTOR1,1,1
NUDT11,NOP10,1,1
NUDT11,RFTN1,1,1
NUDT11,SASH1,1,1
NUDT11,SCMH1,1,1
NUDT11,SND1,1,1
NUDT11,TPCN1,1,1
NUDT11,TRNAU1AP,1,1
NUDT11,ZNF354C,1,1
NUDT11,ZNF788,1,1
CES2,ACVR2B,1,1
CES2,CDYL2,1,1
CES2,CMTM4,1,1
CES2,DMTN,1,1
CES2,DNPEP,1,1
CES2,MAP4K2,1,1
CES2,OTUB2,1,1
CES2,PKN1,1,1
CES2,RRAGB,1,1
CES2,SEPT5,1,1
CES2,SPTBN2,1,1
CES2,UBXN1,1,1
HNRNPF,CUL4A,1,1
HNRNPF,HSPH1,1,1
HNRNPF,MTPAP,1,1
HNRNPF,SLC16A7,1,1
HNRNPF,STAG3L2,1,1
HNRNPF,WAPL,1,1
NAALAD2,ANXA2,1,1
NAALAD2,ARPC1B,1,1
NAALAD2,BHLHB9,1,1
NAALAD2,CCDC169,1,1
NAALAD2,CDYL2,1,1
NAALAD2,CHMP7,1,1
NAALAD2,CMTM4,1,1
NAALAD2,DNMBP,1,1
NAALAD2,FAM65A,1,1
NAALAD2,IBTK,1,1
NAALAD2,ITSN1,1,1
NAALAD2,PARG,1,1
NAALAD2,PKN1,1,1
NAALAD2,RNF169,1,1
NAALAD2,RRAGB,1,1
NAALAD2,TPCN1,1,1
NAALAD2,TSPAN5,1,1
NAALAD2,UBAC1,1,1
NAALAD2,ZMYM6,1,1
NAALAD2,ZNF23,1,1
NAALAD2,ZNF532,1,1
CREBZF,ARFGAP2,1,1
CREBZF,FBXO11,1,1
MX2,AP1S2,1,1
MX2,BHLHB9,1,1
MX2,CDYL2,1,1
MX2,DCTD,1,1
MX2,DHDDS,1,1
MX2,DPH7,1,1
MX2,FBXO46,1,1
MX2,HOXC11,1,1
MX2,HUS1,1,1
MX2,IBTK,1,1
MX2,KRIT1,1,1
MX2,RAB2A,1,1
MX2,RAB5C,1,1
MX2,RPL29,1,1
MX2,TANC1,1,1
MX2,TSPAN5,1,1
TXNDC11,CX3CL1,1,1
TXNDC11,MAP4K2,1,1
TXNDC11,PKN1,1,1
TXNDC11,RNF169,1,1
TXNDC11,RRAGB,1,1
TXNDC11,TPCN1,1,1
TXNDC11,UBAC1,1,1
TXNDC11,ZNF23,1,1
TXNDC11,ZNF532,1,1
SASH1,AGO1,1,1
SASH1,AMFR,1,1
SASH1,DAAM2,1,1
SASH1,RPS25,1,1
RPL36AL,DDX41,1,1
RPL36AL,PRKAB2,1,1
RPL36AL,SLC35B2,1,1
RPL36AL,SOX6,1,1
RPL36AL,TOX4,1,1
RPL36AL,TUBGCP4,1,1
USP45,ALDOA,1,1
USP45,ARAP1,1,1
USP45,ARAP3,1,1
USP45,ARL 10.00,1,1
USP45,ATMIN,1,1
USP45,COA6,1,1
USP45,CRHR1-IT1,1,1
USP45,DDR1,1,1
USP45,DPP8,1,1
USP45,HSCB,1,1
USP45,MALSU1,1,1
USP45,MARCH8,1,1
USP45,PDIA5,1,1
USP45,RSF1,1,1
USP45,TADA3,1,1
USP45,ZBED3,1,1
FBXL15,ARNT2,1,1
FBXL15,CRHR1-IT1,1,1
FBXL15,DDR1,1,1
FBXL15,HSD11B1L,1,1
FBXL15,NAXD,1,1
FBXL15,OTUD5,1,1
FBXL15,RAB39B,1,1
FBXL15,RPAIN,1,1
FBXL15,SDK1,1,1
FBXL15,SPTBN2,1,1
FBXL15,UBXN1,1,1
FBXL15,ZFP41,1,1
FBXL15,ZKSCAN7,1,1
FBXL15,ZNF740,1,1
BHLHB9,ANXA2,1,1
BHLHB9,ASAP3,1,1
BHLHB9,C3ORF38,1,1
BHLHB9,CDYL2,1,1
BHLHB9,CHMP7,1,1
BHLHB9,CMTM4,1,1
BHLHB9,CPSF7,1,1
BHLHB9,DAAM2,1,1
BHLHB9,DCP1A,1,1
BHLHB9,DCTD,1,1
BHLHB9,DNMBP,1,1
BHLHB9,DPH7,1,1
BHLHB9,EHMT2,1,1
BHLHB9,FBXO46,1,1
BHLHB9,GGA1,1,1
BHLHB9,HNRNPUL2,1,1
BHLHB9,HOXC11,1,1
BHLHB9,IBTK,1,1
BHLHB9,INPP5A,1,1
BHLHB9,INTS5,1,1
BHLHB9,ITSN1,1,1
BHLHB9,KRIT1,1,1
BHLHB9,LAMTOR1,1,1
BHLHB9,LDOC1L,1,1
BHLHB9,MARK2,1,1
BHLHB9,MTO1,1,1
BHLHB9,NFATC3,1,1
BHLHB9,NOP10,1,1
BHLHB9,PARG,1,1
BHLHB9,PCMT1,1,1
BHLHB9,PKN1,1,1
BHLHB9,PPP4R1,1,1
BHLHB9,PRRC2A,1,1
BHLHB9,RAB2A,1,1
BHLHB9,RALA,1,1
BHLHB9,REST,1,1
BHLHB9,RNF169,1,1
BHLHB9,RP11-2C24.9,1,1
BHLHB9,RRAGB,1,1
BHLHB9,SUPT20H,1,1
BHLHB9,TERF2,1,1
BHLHB9,TGIF2,1,1
BHLHB9,TOMM7,1,1
BHLHB9,TPCN1,1,1
BHLHB9,TRNAU1AP,1,1
BHLHB9,TSPAN5,1,1
BHLHB9,UBAC1,1,1
BHLHB9,UBXN1,1,1
BHLHB9,ZNF23,1,1
BHLHB9,ZNF532,1,1
TRAPPC6B,AMFR,1,1
TRAPPC6B,CIDEB,1,1
TRAPPC6B,PPA2,1,1
FADS2,MVD,1,1
FADS2,TANC1,1,1
NDUFB8,AKIRIN1,1,1
NDUFB8,QARS,1,1
NDUFB8,TMEM42,1,1
ANO8,HSD11B1L,1,1
ANO8,ZNF251,1,1
USP38,ADH5,1,1
USP38,ASXL1,1,1
USP38,CACUL1,1,1
USP38,CCDC22,1,1
USP38,COG3,1,1
USP38,COMMD7,1,1
USP38,DCTD,1,1
USP38,EHMT2,1,1
USP38,HMGN5,1,1
USP38,HNRNPUL2,1,1
USP38,HPF1,1,1
USP38,KLHL2,1,1
USP38,LDOC1L,1,1
USP38,MEF2C,1,1
USP38,MSANTD3,1,1
USP38,NOP9,1,1
USP38,NPRL3,1,1
USP38,PARG,1,1
USP38,PPP4R1,1,1
USP38,PROSER1,1,1
USP38,PRRC2A,1,1
USP38,RALA,1,1
USP38,RB1,1,1
USP38,REST,1,1
USP38,RP11-2C24.9,1,1
USP38,SDCCAG8,1,1
USP38,SUPT20H,1,1
USP38,TERF2,1,1
USP38,TGIF2,1,1
USP38,WASF3,1,1
DENND4B,DNAJC8,1,1
DENND4B,PSENEN,1,1
C12ORF66,AL513122.1,1,1
C12ORF66,ATMIN,1,1
C12ORF66,ATP5G3,1,1
C12ORF66,CD200,1,1
C12ORF66,GATA6,1,1
C12ORF66,GRK2,1,1
C12ORF66,HSCB,1,1
C12ORF66,MALSU1,1,1
C12ORF66,MRPL40,1,1
C12ORF66,PDIA5,1,1
MEF2C,ADH5,1,1
MEF2C,CACUL1,1,1
MEF2C,CBX6,1,1
MEF2C,COG3,1,1
MEF2C,COMMD7,1,1
MEF2C,HPF1,1,1
MEF2C,KLHL2,1,1
MEF2C,NBPF15,1,1
MEF2C,PCBD1,1,1
MEF2C,PRICKLE3,1,1
MEF2C,RB1,1,1
MEF2C,SH3GLB1,1,1
MEF2C,SLC16A7,1,1
MEF2C,TGIF2,1,1
MEF2C,TUBGCP2,1,1
ZSWIM6,ACVR2A,1,1
ZSWIM6,ARPC1B,1,1
ZSWIM6,PRKAB2,1,1
ZSWIM6,SLC35B2,1,1
ZSWIM6,SOX6,1,1
ZSWIM6,TOX4,1,1
ZSWIM6,TUBGCP4,1,1
TMEM42,PEX3,1,1
TMEM42,QARS,1,1
TMEM42,RPL26,1,1
TMEM42,RPL29,1,1
SH3GLB1,ADH5,1,1
SH3GLB1,BLOC1S2,1,1
SH3GLB1,CACUL1,1,1
SH3GLB1,COG3,1,1
SH3GLB1,COMMD7,1,1
SH3GLB1,CYTH2,1,1
SH3GLB1,KLHL2,1,1
SH3GLB1,NBPF15,1,1
SH3GLB1,NPRL3,1,1
SH3GLB1,PCBD1,1,1
SH3GLB1,RB1,1,1
SH3GLB1,TGIF2,1,1
SH3GLB1,TUBGCP2,1,1
MRPL40,ALDOA,1,1
MRPL40,ARAP1,1,1
MRPL40,ARAP3,1,1
MRPL40,ARL 10.00,1,1
MRPL40,ATMIN,1,1
MRPL40,ATP5G3,1,1
MRPL40,BAP1,1,1
MRPL40,BCAP29,1,1
MRPL40,CNTNAP3,1,1
MRPL40,DNAJA3,1,1
MRPL40,FAM210A,1,1
MRPL40,GATA6,1,1
MRPL40,GNPAT,1,1
MRPL40,GRK2,1,1
MRPL40,HSCB,1,1
MRPL40,MALSU1,1,1
MRPL40,MARCH8,1,1
MRPL40,NRCAM,1,1
MRPL40,PDIA5,1,1
MRPL40,PRR13,1,1
MRPL40,SDK1,1,1
MRPL40,SLC39A10,1,1
MRPL40,TRIM13,1,1
MRPL40,UGP2,1,1
MRPL40,ZKSCAN7,1,1
MRPL40,ZNF788,1,1
TMEM136,AKIRIN1,1,1
TMEM136,DNPEP,1,1
TMEM136,DOPEY2,1,1
TMEM136,PSENEN,1,1
TMEM136,PTP4A1,1,1
TMEM136,SCMH1,1,1
TMEM136,SND1,1,1
TMEM136,ZNF740,1,1
SUMF2,ANXA2,1,1
SUMF2,ASAP3,1,1
SUMF2,DCP1A,1,1
SUMF2,EHMT2,1,1
SUMF2,GGA1,1,1
SUMF2,INO80,1,1
SUMF2,ITSN1,1,1
SUMF2,LDOC1L,1,1
SUMF2,MARK2,1,1
SUMF2,MSANTD3,1,1
SUMF2,NOP10,1,1
SUMF2,NOP9,1,1
SUMF2,NPRL3,1,1
SUMF2,PARG,1,1
SUMF2,PPP4R1,1,1
SUMF2,PRRC2A,1,1
SUMF2,REST,1,1
DDX41,AHCYL1,1,1
DDX41,ARPC1B,1,1
DDX41,CCPG1,1,1
DDX41,DAAM2,1,1
DDX41,ITSN1,1,1
DDX41,KREMEN1,1,1
DDX41,NAGPA,1,1
DDX41,PNP,1,1
DDX41,R3HCC1,1,1
DDX41,SLC35B2,1,1
DDX41,SOX6,1,1
DDX41,TOX4,1,1
DDX41,TUBGCP4,1,1
PPA2,ACVR2B,1,1
PPA2,CDC14B,1,1
PPA2,CIDEB,1,1
PPA2,CNOT8,1,1
PPA2,DCUN1D2,1,1
PPA2,GRK2,1,1
PPA2,HSCB,1,1
PPA2,LDOC1L,1,1
PPA2,NAMPTP1,1,1
PPA2,NT5C2,1,1
PPA2,PRR13,1,1
PPA2,ZBED3,1,1
PPA2,ZNF354C,1,1
PPA2,ZNF788,1,1
FBXO46,ADH5,1,1
FBXO46,ANXA2,1,1
FBXO46,CDYL2,1,1
FBXO46,CMTM4,1,1
FBXO46,COG3,1,1
FBXO46,COMMD7,1,1
FBXO46,DCTD,1,1
FBXO46,DNMBP,1,1
FBXO46,EHMT2,1,1
FBXO46,IBTK,1,1
FBXO46,PARG,1,1
FBXO46,PRRC2A,1,1
FBXO46,RAB2A,1,1
FBXO46,RALA,1,1
FBXO46,RRAGB,1,1
FBXO46,TERF2,1,1
FBXO46,TGIF2,1,1
FBXO46,TSPAN5,1,1
FBXO46,TUBGCP2,1,1
FBXO46,UBAC1,1,1
FBXO46,ZNF23,1,1
RBPJ,B4GALT3,1,1
RBPJ,C3ORF38,1,1
RBPJ,INTS5,1,1
RBPJ,NFATC3,1,1
RAB2A,AP1S2,1,1
RAB2A,CDYL2,1,1
RAB2A,DAAM2,1,1
RAB2A,DPH7,1,1
RAB2A,HOXC11,1,1
RAB2A,HUS1,1,1
RAB2A,IBTK,1,1
RAB2A,KRIT1,1,1
RAB2A,LAMTOR1,1,1
RAB2A,LINC00998,1,1
RAB2A,MTO1,1,1
RAB2A,PRKAR1A,1,1
RAB2A,RFTN1,1,1
RAB2A,RPAIN,1,1
RAB2A,RPL29,1,1
RAB2A,RRAGB,1,1
RAB2A,TPCN1,1,1
RAB2A,TRNAU1AP,1,1
RAB2A,TSPAN5,1,1
RAB2A,UBXN1,1,1
RAB2A,ZNF23,1,1
RAB2A,ZNF532,1,1
RPS25,DAAM2,1,1
RPS25,PEX3,1,1
UGP2,ALDOA,1,1
UGP2,ARAP3,1,1
UGP2,ARL 10.00,1,1
UGP2,ATMIN,1,1
UGP2,ATP5G3,1,1
UGP2,BAP1,1,1
UGP2,BCAP29,1,1
UGP2,C11ORF95,1,1
UGP2,CNOT8,1,1
UGP2,CNTNAP3,1,1
UGP2,FAM210A,1,1
UGP2,GRK2,1,1
UGP2,HSCB,1,1
UGP2,MALSU1,1,1
UGP2,NRCAM,1,1
UGP2,PDIA5,1,1
UGP2,PRR13,1,1
UGP2,SDK1,1,1
UGP2,SLC39A10,1,1
UGP2,TNFSF13B,1,1
UGP2,TRIM13,1,1
UGP2,ZNF788,1,1
CRHR1-IT1,ARAP1,1,1
CRHR1-IT1,ARL 10.00,1,1
CRHR1-IT1,CACYBP,1,1
CRHR1-IT1,CNTNAP3,1,1
CRHR1-IT1,DDR1,1,1
CRHR1-IT1,DNAJA3,1,1
CRHR1-IT1,EEPD1,1,1
CRHR1-IT1,MARCH8,1,1
CRHR1-IT1,SDK1,1,1
CRHR1-IT1,TADA3,1,1
CRHR1-IT1,ZKSCAN7,1,1
KRIT1,AHCYL1,1,1
KRIT1,ANXA2,1,1
KRIT1,AP1S2,1,1
KRIT1,ARFGAP2,1,1
KRIT1,CDYL2,1,1
KRIT1,CHMP7,1,1
KRIT1,CPSF7,1,1
KRIT1,DAAM2,1,1
KRIT1,DNMBP,1,1
KRIT1,DPH7,1,1
KRIT1,HNRNPUL2,1,1
KRIT1,HOXC11,1,1
KRIT1,HUS1,1,1
KRIT1,IBTK,1,1
KRIT1,INPP5A,1,1
KRIT1,ITSN1,1,1
KRIT1,LAMTOR1,1,1
KRIT1,LINC00998,1,1
KRIT1,MTO1,1,1
KRIT1,NAGPA,1,1
KRIT1,NOP10,1,1
KRIT1,PCMT1,1,1
KRIT1,PPP4R1,1,1
KRIT1,PRKAR1A,1,1
KRIT1,RFTN1,1,1
KRIT1,RRAGB,1,1
KRIT1,SCMH1,1,1
KRIT1,SND1,1,1
KRIT1,SOX6,1,1
KRIT1,TOMM7,1,1
KRIT1,TPCN1,1,1
KRIT1,TRNAU1AP,1,1
KRIT1,TSPAN5,1,1
KRIT1,TUBGCP4,1,1
KRIT1,UBAC1,1,1
KRIT1,UBXN1,1,1
KRIT1,ZNF23,1,1
KRIT1,ZNF532,1,1
LINC00998,AHCYL1,1,1
LINC00998,DPH7,1,1
LINC00998,HUS1,1,1
LINC00998,IBTK,1,1
LINC00998,PRKAR1A,1,1
LINC00998,SLC31A1,1,1
LINC00998,ZNF532,1,1
CYTH2,ADH5,1,1
CYTH2,ARV1,1,1
CYTH2,COG3,1,1
CYTH2,COMMD7,1,1
CYTH2,PRRC2A,1,1
CYTH2,TGIF2,1,1
CYTH2,TUBGCP2,1,1
PNP,B4GALT3,1,1
PNP,MINA,1,1
PNP,SLC35B2,1,1
UBXN1,ACVR2B,1,1
UBXN1,AKIRIN1,1,1
UBXN1,AP1S2,1,1
UBXN1,ARNT2,1,1
UBXN1,CCDC169,1,1
UBXN1,CDYL2,1,1
UBXN1,CHMP7,1,1
UBXN1,CX3CL1,1,1
UBXN1,DAAM2,1,1
UBXN1,DMTN,1,1
UBXN1,DNPEP,1,1
UBXN1,HOXC11,1,1
UBXN1,IBTK,1,1
UBXN1,ITSN1,1,1
UBXN1,LAMTOR1,1,1
UBXN1,MAP4K2,1,1
UBXN1,MAPKAPK3,1,1
UBXN1,NOP10,1,1
UBXN1,PARG,1,1
UBXN1,PCMT1,1,1
UBXN1,PEX3,1,1
UBXN1,PKN1,1,1
UBXN1,PSENEN,1,1
UBXN1,RFTN1,1,1
UBXN1,RPAIN,1,1
UBXN1,RPL29,1,1
UBXN1,RRAGB,1,1
UBXN1,SCMH1,1,1
UBXN1,SND1,1,1
UBXN1,SPTBN2,1,1
UBXN1,SUPT20H,1,1
UBXN1,TPCN1,1,1
UBXN1,TRNAU1AP,1,1
UBXN1,TSPAN5,1,1
UBXN1,UBAC1,1,1
UBXN1,ZFP41,1,1
UBXN1,ZNF23,1,1
UBXN1,ZNF532,1,1
UBXN1,ZNF740,1,1
PYGO1,ACO2,1,1
PYGO1,ACVR2A,1,1
PYGO1,NAGPA,1,1
PYGO1,SLC35B2,1,1
FOXF2,ARFGAP2,1,1
FOXF2,GGA1,1,1
FOXF2,HNRNPUL2,1,1
FOXF2,INPP5A,1,1
FOXF2,LAMTOR1,1,1
FOXF2,LIN52,1,1
FOXF2,MSANTD3,1,1
FOXF2,NOP10,1,1
FOXF2,NOP9,1,1
FOXF2,PPP4R1,1,1
FOXF2,PROSER1,1,1
FOXF2,RFTN1,1,1
FOXF2,RP11-2C24.9,1,1
FOXF2,SUPT20H,1,1
FOXF2,ZNF354C,1,1
QARS,RPL26,1,1
QARS,RPL29,1,1
CNTNAP3,ALDOA,1,1
CNTNAP3,ARAP1,1,1
CNTNAP3,ARAP3,1,1
CNTNAP3,ARL 10.00,1,1
CNTNAP3,ARNT2,1,1
CNTNAP3,ATMIN,1,1
CNTNAP3,ATP5G3,1,1
CNTNAP3,BAP1,1,1
CNTNAP3,BCAP29,1,1
CNTNAP3,CACYBP,1,1
CNTNAP3,DNAJA3,1,1
CNTNAP3,DOPEY2,1,1
CNTNAP3,EEPD1,1,1
CNTNAP3,FAM210A,1,1
CNTNAP3,GATA6,1,1
CNTNAP3,GNPAT,1,1
CNTNAP3,GRK2,1,1
CNTNAP3,HSCB,1,1
CNTNAP3,MALSU1,1,1
CNTNAP3,MARCH8,1,1
CNTNAP3,NRCAM,1,1
CNTNAP3,PDIA5,1,1
CNTNAP3,PRR13,1,1
CNTNAP3,SDK1,1,1
CNTNAP3,SLC39A10,1,1
CNTNAP3,TRIM13,1,1
CNTNAP3,ZKSCAN7,1,1
CNTNAP3,ZNF788,1,1
CX3CL1,CCDC169,1,1
CX3CL1,COG3,1,1
CX3CL1,IBTK,1,1
CX3CL1,PCMT1,1,1
CX3CL1,SDCCAG8,1,1
CX3CL1,SUPT20H,1,1
CX3CL1,TEX15,1,1
CX3CL1,UBAC1,1,1
DYNC2LI1,DHDDS,1,1
DYNC2LI1,PRICKLE3,1,1
DYNC2LI1,TRIM25,1,1
ALDOA,ACVR2B,1,1
ALDOA,ARAP1,1,1
ALDOA,ARAP3,1,1
ALDOA,ARL 10.00,1,1
ALDOA,ARNT2,1,1
ALDOA,ATMIN,1,1
ALDOA,ATP5G3,1,1
ALDOA,BCAP29,1,1
ALDOA,COA6,1,1
ALDOA,DDR1,1,1
ALDOA,DNAJA3,1,1
ALDOA,DNPEP,1,1
ALDOA,DOPEY2,1,1
ALDOA,FAM210A,1,1
ALDOA,GRK2,1,1
ALDOA,HSCB,1,1
ALDOA,MALSU1,1,1
ALDOA,MARCH8,1,1
ALDOA,NAXD,1,1
ALDOA,NRCAM,1,1
ALDOA,NT5C2,1,1
ALDOA,PDIA5,1,1
ALDOA,PRR13,1,1
ALDOA,SDK1,1,1
ALDOA,SND1,1,1
ALDOA,SPTBN2,1,1
ALDOA,SUPT20H,1,1
ALDOA,TMEM214,1,1
ALDOA,TNFSF13B,1,1
ALDOA,TRIM13,1,1
ALDOA,ZBED3,1,1
ALDOA,ZKSCAN7,1,1
ALDOA,ZNF788,1,1
PRICKLE3,CACUL1,1,1
PRICKLE3,COMMD7,1,1
PRICKLE3,HPF1,1,1
PRICKLE3,PDZRN3,1,1
PRICKLE3,SLC16A7,1,1
CACUL1,CCDC22,1,1
CACUL1,COMMD7,1,1
CACUL1,HMGN5,1,1
CACUL1,HPF1,1,1
CACUL1,KLHL2,1,1
CACUL1,PCBD1,1,1
CACUL1,RB1,1,1
CACUL1,SLC16A7,1,1
CACUL1,STAG3L2,1,1
CACUL1,WAPL,1,1
SLC7A6,HSPH1,1,1
CD200,NT5C2,1,1
CD200,PDIA5,1,1
CD200,SLC25A11,1,1
CD200,SND1,1,1
CD200,TET2,1,1
CD200,TMEM214,1,1
ARFGAP2,CPSF7,1,1
ARFGAP2,DPH7,1,1
ARFGAP2,INPP5A,1,1
ARFGAP2,LAMTOR1,1,1
ARFGAP2,RFTN1,1,1
FBXO11,AHCYL1,1,1
FBXO11,AKIRIN1,1,1
FBXO11,DAAM2,1,1
FBXO11,NAGPA,1,1
FBXO11,SCMH1,1,1
FBXO11,SND1,1,1
FBXO11,SOX6,1,1
FBXO11,TRNAU1AP,1,1
FBXO11,TUBGCP4,1,1
TSHZ3,DMTN,1,1
TSHZ3,OTUD5,1,1
TSHZ3,RAB39B,1,1
TSHZ3,SEPT5,1,1
DCUN1D2,CIDEB,1,1
DCUN1D2,NAMPTP1,1,1
DCUN1D2,ZBED3,1,1
NAMPTP1,ATMIN,1,1
NAMPTP1,CDC14B,1,1
NAMPTP1,CIDEB,1,1
NAMPTP1,CNOT8,1,1
NAMPTP1,NT5C2,1,1
NAMPTP1,RSF1,1,1
NAMPTP1,WASF3,1,1
NAMPTP1,ZBED3,1,1
COG3,ADH5,1,1
COG3,CDC34,1,1
COG3,CDYL2,1,1
COG3,CMTM4,1,1
COG3,COMMD7,1,1
COG3,DCTD,1,1
COG3,EHMT2,1,1
COG3,HOXC11,1,1
COG3,HPF1,1,1
COG3,KLHL2,1,1
COG3,NBPF15,1,1
COG3,NPRL3,1,1
COG3,PARG,1,1
COG3,PRRC2A,1,1
COG3,RB1,1,1
COG3,RRAGB,1,1
COG3,SEPT5,1,1
COG3,SUPT20H,1,1
COG3,TERF2,1,1
COG3,TGIF2,1,1
COG3,TUBGCP2,1,1
CIDEB,ACVR2B,1,1
CIDEB,CDC14B,1,1
CIDEB,LDOC1L,1,1
CIDEB,NT5C2,1,1
CIDEB,REST,1,1
CIDEB,UBXN11,1,1
CIDEB,ZNF354C,1,1
HUS1,ACVR2A,1,1
HUS1,AGO1,1,1
HUS1,ARPC1B,1,1
HUS1,CCPG1,1,1
HUS1,DAAM2,1,1
HUS1,DPH7,1,1
HUS1,MTO1,1,1
HUS1,NAGPA,1,1
HUS1,PRKAR1A,1,1
HUS1,SOX6,1,1
HUS1,TSPAN5,1,1
HUS1,ZNF23,1,1
HUS1,ZNF532,1,1
NOP10,ANXA2,1,1
NOP10,ASAP3,1,1
NOP10,C3ORF38,1,1
NOP10,CDYL2,1,1
NOP10,CHMP7,1,1
NOP10,CPSF7,1,1
NOP10,DAAM2,1,1
NOP10,DCP1A,1,1
NOP10,DCTD,1,1
NOP10,DNMBP,1,1
NOP10,EHMT2,1,1
NOP10,GGA1,1,1
NOP10,HNRNPUL2,1,1
NOP10,IBTK,1,1
NOP10,INPP5A,1,1
NOP10,INTS5,1,1
NOP10,ITSN1,1,1
NOP10,LAMTOR1,1,1
NOP10,LDOC1L,1,1
NOP10,MAPKAPK3,1,1
NOP10,MARK2,1,1
NOP10,NFATC3,1,1
NOP10,NOP9,1,1
NOP10,PARG,1,1
NOP10,PCMT1,1,1
NOP10,PPP4R1,1,1
NOP10,R3HCC1,1,1
NOP10,RALA,1,1
NOP10,REST,1,1
NOP10,RNF169,1,1
NOP10,RRAGB,1,1
NOP10,SUPT20H,1,1
NOP10,TERF2,1,1
NOP10,TOMM7,1,1
NOP10,TPCN1,1,1
NOP10,TRNAU1AP,1,1
NOP10,TSPAN5,1,1
NOP10,UBAC1,1,1
NOP10,ZMYM6,1,1
NOP10,ZNF23,1,1
NOP10,ZNF354C,1,1
NOP10,ZNF532,1,1
PSENEN,DMTN,1,1
PSENEN,DNAJC8,1,1
PSENEN,MAP4K2,1,1
PSENEN,OTUB2,1,1
PSENEN,PKN1,1,1
PSENEN,TUBGCP4,1,1
PSENEN,ZNF532,1,1
PSENEN,ZNF740,1,1
HSCB,ARL 10.00,1,1
HSCB,ATMIN,1,1
HSCB,ATP5G3,1,1
HSCB,BCAP29,1,1
HSCB,CNOT8,1,1
HSCB,DPP8,1,1
HSCB,FAM210A,1,1
HSCB,GATA6,1,1
HSCB,GNPAT,1,1
HSCB,GRK2,1,1
HSCB,KBTBD6,1,1
HSCB,MALSU1,1,1
HSCB,NRCAM,1,1
HSCB,NT5C2,1,1
HSCB,PDIA5,1,1
HSCB,PRR13,1,1
HSCB,TRIM13,1,1
HSCB,ZBED3,1,1
HSCB,ZNF788,1,1
TET2,ATMIN,1,1
TET2,COA6,1,1
TET2,DOPEY2,1,1
TET2,MAPKAPK3,1,1
TET2,NT5C2,1,1
TET2,PDIA5,1,1
TET2,RSF1,1,1
TET2,SCMH1,1,1
TET2,SND1,1,1
TET2,TMEM214,1,1
TET2,ZBED3,1,1
TET2,ZNF354C,1,1
TNFSF13B,ARAP3,1,1
TNFSF13B,ARNT2,1,1
TNFSF13B,BCAP29,1,1
TNFSF13B,C11ORF95,1,1
TNFSF13B,COA6,1,1
TNFSF13B,LAMTOR1,1,1
TNFSF13B,MALSU1,1,1
TNFSF13B,NAXD,1,1
TNFSF13B,PCMT1,1,1
TNFSF13B,PDIA5,1,1
TNFSF13B,RFTN1,1,1
TNFSF13B,SCMH1,1,1
TNFSF13B,SDK1,1,1
TNFSF13B,SND1,1,1
TNFSF13B,SPTBN2,1,1
TNFSF13B,SUPT20H,1,1
TNFSF13B,ZNF788,1,1
BAP1,ARAP3,1,1
BAP1,ATP5G3,1,1
BAP1,BCAP29,1,1
BAP1,EEPD1,1,1
BAP1,FAM210A,1,1
BAP1,GATA6,1,1
BAP1,IFRD1,1,1
BAP1,MARCH8,1,1
BAP1,NRCAM,1,1
BAP1,PDIA5,1,1
BAP1,SLC39A10,1,1
BAP1,TRIM13,1,1
ZMYM6,ANXA2,1,1
ZMYM6,ARPC1B,1,1
ZMYM6,CHMP7,1,1
ZMYM6,FAM65A,1,1
ZMYM6,ITSN1,1,1
ZMYM6,PARG,1,1
ZMYM6,ZNF532,1,1
PDIA5,ARAP1,1,1
PDIA5,ARAP3,1,1
PDIA5,ARL 10.00,1,1
PDIA5,ARNT2,1,1
PDIA5,ATMIN,1,1
PDIA5,ATP5G3,1,1
PDIA5,BCAP29,1,1
PDIA5,CNOT8,1,1
PDIA5,COA6,1,1
PDIA5,GATA6,1,1
PDIA5,GNPAT,1,1
PDIA5,GRK2,1,1
PDIA5,MALSU1,1,1
PDIA5,MARCH8,1,1
PDIA5,NRCAM,1,1
PDIA5,PRR13,1,1
PDIA5,SCMH1,1,1
PDIA5,SDK1,1,1
PDIA5,SLC39A10,1,1
PDIA5,SND1,1,1
PDIA5,TRIM13,1,1
PDIA5,ZNF788,1,1
HNRNPUL2,ACVR2B,1,1
HNRNPUL2,AIFM1,1,1
HNRNPUL2,ANXA2,1,1
HNRNPUL2,AP1S2,1,1
HNRNPUL2,ASXL1,1,1
HNRNPUL2,CCDC169,1,1
HNRNPUL2,CDYL2,1,1
HNRNPUL2,CPSF7,1,1
HNRNPUL2,DCTD,1,1
HNRNPUL2,EHMT2,1,1
HNRNPUL2,GGA1,1,1
HNRNPUL2,HOXC11,1,1
HNRNPUL2,HPF1,1,1
HNRNPUL2,IBTK,1,1
HNRNPUL2,INPP5A,1,1
HNRNPUL2,LAMTOR1,1,1
HNRNPUL2,LDOC1L,1,1
HNRNPUL2,MSANTD3,1,1
HNRNPUL2,NOP9,1,1
HNRNPUL2,PARG,1,1
HNRNPUL2,PCMT1,1,1
HNRNPUL2,PPP4R1,1,1
HNRNPUL2,PROSER1,1,1
HNRNPUL2,PRRC2A,1,1
HNRNPUL2,RALA,1,1
HNRNPUL2,REST,1,1
HNRNPUL2,RFTN1,1,1
HNRNPUL2,RP11-2C24.9,1,1
HNRNPUL2,SDCCAG8,1,1
HNRNPUL2,SUPT20H,1,1
HNRNPUL2,TANC1,1,1
HNRNPUL2,TPCN1,1,1
HNRNPUL2,UBAC1,1,1
HNRNPUL2,WASF3,1,1
HNRNPUL2,ZNF354C,1,1
HNRNPUL2,ZNF788,1,1
NRCAM,ACVR2B,1,1
NRCAM,ARAP3,1,1
NRCAM,ARL 10.00,1,1
NRCAM,ARNT2,1,1
NRCAM,ATMIN,1,1
NRCAM,ATP5G3,1,1
NRCAM,BCAP29,1,1
NRCAM,DNAJA3,1,1
NRCAM,DOPEY2,1,1
NRCAM,EEPD1,1,1
NRCAM,FAM210A,1,1
NRCAM,GRK2,1,1
NRCAM,MALSU1,1,1
NRCAM,NAXD,1,1
NRCAM,PRR13,1,1
NRCAM,SDK1,1,1
NRCAM,SLC39A10,1,1
NRCAM,TRIM13,1,1
NRCAM,ZKSCAN7,1,1
NRCAM,ZNF788,1,1
PPP4R1,ANXA2,1,1
PPP4R1,ASAP3,1,1
PPP4R1,ASXL1,1,1
PPP4R1,CDYL2,1,1
PPP4R1,CPSF7,1,1
PPP4R1,DCP1A,1,1
PPP4R1,DCTD,1,1
PPP4R1,DNMBP,1,1
PPP4R1,EHMT2,1,1
PPP4R1,GGA1,1,1
PPP4R1,IBTK,1,1
PPP4R1,INPP5A,1,1
PPP4R1,INTS5,1,1
PPP4R1,ITSN1,1,1
PPP4R1,LAMTOR1,1,1
PPP4R1,LDOC1L,1,1
PPP4R1,MARK2,1,1
PPP4R1,MSANTD3,1,1
PPP4R1,NFATC3,1,1
PPP4R1,NOP9,1,1
PPP4R1,NT5C2,1,1
PPP4R1,PARG,1,1
PPP4R1,PROSER1,1,1
PPP4R1,PRRC2A,1,1
PPP4R1,RALA,1,1
PPP4R1,REST,1,1
PPP4R1,RP11-2C24.9,1,1
PPP4R1,SELO,1,1
PPP4R1,SUPT20H,1,1
PPP4R1,TERF2,1,1
PPP4R1,TMEM214,1,1
PPP4R1,TOMM7,1,1
PPP4R1,TPCN1,1,1
PPP4R1,UBAC1,1,1
PPP4R1,ZNF354C,1,1
TMEM214,ACVR2B,1,1
TMEM214,CDC14B,1,1
TMEM214,CDYL2,1,1
TMEM214,LAMTOR1,1,1
TMEM214,LDOC1L,1,1
TMEM214,NT5C2,1,1
TMEM214,REST,1,1
TMEM214,SPTBN2,1,1
TMEM214,SUPT20H,1,1
TMEM214,TANC1,1,1
TMEM214,ZNF354C,1,1
TMEM214,ZNF788,1,1
RPL29,AP1S2,1,1
RPL29,CDYL2,1,1
RPL29,DMTN,1,1
RPL29,HOXC11,1,1
RPL29,RPAIN,1,1
RPL29,RPL26,1,1
RPL29,TANC1,1,1
RPL29,TSPAN5,1,1
MARK2,AHCYL1,1,1
MARK2,ANXA2,1,1
MARK2,ASAP3,1,1
MARK2,CHMP7,1,1
MARK2,DNMBP,1,1
MARK2,EHMT2,1,1
MARK2,INPP5A,1,1
MARK2,INTS5,1,1
MARK2,ITSN1,1,1
MARK2,KREMEN1,1,1
MARK2,LAMTOR1,1,1
MARK2,NFATC3,1,1
MARK2,PARG,1,1
MARK2,R3HCC1,1,1
MARK2,SLC25A11,1,1
MARK2,TOMM7,1,1
PSMB8,PTCD1,1,1
TSPAN5,AGO1,1,1
TSPAN5,ANXA2,1,1
TSPAN5,CDYL2,1,1
TSPAN5,CHMP7,1,1
TSPAN5,CMTM4,1,1
TSPAN5,DAAM2,1,1
TSPAN5,DMTN,1,1
TSPAN5,DNMBP,1,1
TSPAN5,DPH7,1,1
TSPAN5,HOXC11,1,1
TSPAN5,IBTK,1,1
TSPAN5,ITSN1,1,1
TSPAN5,MTO1,1,1
TSPAN5,PARG,1,1
TSPAN5,PCMTD2,1,1
TSPAN5,PKN1,1,1
TSPAN5,PRKAR1A,1,1
TSPAN5,RNF169,1,1
TSPAN5,RRAGB,1,1
TSPAN5,TPCN1,1,1
TSPAN5,TRNAU1AP,1,1
TSPAN5,UBAC1,1,1
TSPAN5,ZNF23,1,1
TSPAN5,ZNF532,1,1
DNMBP,ANXA2,1,1
DNMBP,C3ORF38,1,1
DNMBP,CDYL2,1,1
DNMBP,CHMP7,1,1
DNMBP,CPSF7,1,1
DNMBP,DCP1A,1,1
DNMBP,DCTD,1,1
DNMBP,DPH7,1,1
DNMBP,GGA1,1,1
DNMBP,IBTK,1,1
DNMBP,INPP5A,1,1
DNMBP,INTS5,1,1
DNMBP,ITSN1,1,1
DNMBP,NFATC3,1,1
DNMBP,PARG,1,1
DNMBP,PRRC2A,1,1
DNMBP,RALA,1,1
DNMBP,RNF169,1,1
DNMBP,RRAGB,1,1
DNMBP,TERF2,1,1
DNMBP,TGIF2,1,1
DNMBP,TPCN1,1,1
DNMBP,UBAC1,1,1
DNMBP,ZNF23,1,1
DNMBP,ZNF532,1,1
LIN52,DOPEY2,1,1
LIN52,SDCCAG8,1,1
SLC16A7,ADH5,1,1
SLC16A7,ASXL1,1,1
SLC16A7,BLOC1S2,1,1
SLC16A7,COMMD7,1,1
SLC16A7,HPF1,1,1
SLC16A7,KLHL2,1,1
SLC16A7,RAB11FIP2,1,1
SLC16A7,RB1,1,1
SLC16A7,STAG3L2,1,1
SLC16A7,WAPL,1,1
IBTK,ANXA2,1,1
IBTK,AP1S2,1,1
IBTK,CDYL2,1,1
IBTK,CHMP7,1,1
IBTK,CPSF7,1,1
IBTK,DPH7,1,1
IBTK,EHMT2,1,1
IBTK,HOXC11,1,1
IBTK,INPP5A,1,1
IBTK,ITSN1,1,1
IBTK,LAMTOR1,1,1
IBTK,PARG,1,1
IBTK,PCMT1,1,1
IBTK,PRKAR1A,1,1
IBTK,PRRC2A,1,1
IBTK,RFTN1,1,1
IBTK,RRAGB,1,1
IBTK,TGIF2,1,1
IBTK,TPCN1,1,1
IBTK,UBAC1,1,1
IBTK,ZFP41,1,1
IBTK,ZNF532,1,1
PCMTD2,DHDDS,1,1
PCMTD2,POGLUT1,1,1
ATP5G3,ARAP1,1,1
ATP5G3,ARAP3,1,1
ATP5G3,ARL 10.00,1,1
ATP5G3,ATMIN,1,1
ATP5G3,BCAP29,1,1
ATP5G3,DDR1,1,1
ATP5G3,DNAJA3,1,1
ATP5G3,FAM210A,1,1
ATP5G3,GATA6,1,1
ATP5G3,GNPAT,1,1
ATP5G3,MALSU1,1,1
ATP5G3,MARCH8,1,1
ATP5G3,SDK1,1,1
ATP5G3,SLC39A10,1,1
ATP5G3,TRIM13,1,1
BLOC1S2,ADH5,1,1
BLOC1S2,CCDC22,1,1
BLOC1S2,COMMD7,1,1
BLOC1S2,HPF1,1,1
BLOC1S2,KLHL2,1,1
BLOC1S2,PDZRN3,1,1
BLOC1S2,RALA,1,1
BLOC1S2,WAPL,1,1
MTO1,ACO2,1,1
MTO1,AGO1,1,1
MTO1,CHMP7,1,1
MTO1,DAAM2,1,1
MTO1,DPH7,1,1
MTO1,NAGPA,1,1
MTO1,RRAGB,1,1
MTO1,TOMM7,1,1
MTO1,TRNAU1AP,1,1
MTO1,ZNF23,1,1
MTO1,ZNF532,1,1
BCAP29,ARAP1,1,1
BCAP29,ARAP3,1,1
BCAP29,ARL 10.00,1,1
BCAP29,ATMIN,1,1
BCAP29,C11ORF95,1,1
BCAP29,CNOT8,1,1
BCAP29,DDR1,1,1
BCAP29,DNAJA3,1,1
BCAP29,FAM210A,1,1
BCAP29,GATA6,1,1
BCAP29,GRK2,1,1
BCAP29,IFRD1,1,1
BCAP29,MALSU1,1,1
BCAP29,MARCH8,1,1
BCAP29,NAXD,1,1
BCAP29,PRR13,1,1
BCAP29,SDK1,1,1
BCAP29,SLC39A10,1,1
BCAP29,TRIM13,1,1
BCAP29,ZKSCAN7,1,1
BCAP29,ZNF788,1,1
NAXD,ACVR2B,1,1
NAXD,AKIRIN1,1,1
NAXD,AP1S2,1,1
NAXD,ARNT2,1,1
NAXD,DNAJA3,1,1
NAXD,EEPD1,1,1
NAXD,HSD11B1L,1,1
NAXD,PCMT1,1,1
NAXD,PRR13,1,1
NAXD,RFTN1,1,1
NAXD,RPAIN,1,1
NAXD,SDK1,1,1
NAXD,SND1,1,1
NAXD,SPTBN2,1,1
NAXD,SUPT20H,1,1
NAXD,ZKSCAN7,1,1
NAXD,ZNF788,1,1
ZNF23,ACVR2A,1,1
ZNF23,AGO1,1,1
ZNF23,AMFR,1,1
ZNF23,ANXA2,1,1
ZNF23,ARPC1B,1,1
ZNF23,CDYL2,1,1
ZNF23,CHMP7,1,1
ZNF23,CMTM4,1,1
ZNF23,DAAM2,1,1
ZNF23,DPH7,1,1
ZNF23,ITSN1,1,1
ZNF23,NAGPA,1,1
ZNF23,PKN1,1,1
ZNF23,RNF169,1,1
ZNF23,RRAGB,1,1
ZNF23,SOX6,1,1
ZNF23,TPCN1,1,1
ZNF23,TRNAU1AP,1,1
ZNF23,UBAC1,1,1
ZNF23,ZNF532,1,1
RSF1,CDC14B,1,1
RSF1,ZBED3,1,1
ARAP3,ARAP1,1,1
ARAP3,ARL 10.00,1,1
ARAP3,ATMIN,1,1
ARAP3,COA6,1,1
ARAP3,DDR1,1,1
ARAP3,DNAJA3,1,1
ARAP3,FAM210A,1,1
ARAP3,MALSU1,1,1
ARAP3,MARCH8,1,1
PPP1R11,CCDC169,1,1
PPP1R11,HSD11B1L,1,1
PPP1R11,OTUD5,1,1
PPP1R11,RAB39B,1,1
PPP1R11,SPTBN2,1,1
PPP1R11,ZFP41,1,1
PLSCR1,ARPC1B,1,1
PLSCR1,FAM65A,1,1
PLSCR1,R3HCC1,1,1
RNF169,ANXA2,1,1
RNF169,ARPC1B,1,1
RNF169,CDYL2,1,1
RNF169,CHMP7,1,1
RNF169,CMTM4,1,1
RNF169,DCP1A,1,1
RNF169,FAM65A,1,1
RNF169,ITSN1,1,1
RNF169,KREMEN1,1,1
RNF169,NFATC3,1,1
RNF169,PARG,1,1
RNF169,PKN1,1,1
RNF169,R3HCC1,1,1
RNF169,RRAGB,1,1
RNF169,TOMM7,1,1
RNF169,TPCN1,1,1
RNF169,UBAC1,1,1
RNF169,ZNF532,1,1
RFTN1,ACVR2B,1,1
RFTN1,AKIRIN1,1,1
RFTN1,AP1S2,1,1
RFTN1,ARNT2,1,1
RFTN1,HOXC11,1,1
RFTN1,INPP5A,1,1
RFTN1,LAMTOR1,1,1
RFTN1,MDGA1,1,1
RFTN1,PCMT1,1,1
RFTN1,RP11-2C24.9,1,1
RFTN1,RPAIN,1,1
RFTN1,SCMH1,1,1
RFTN1,SND1,1,1
RFTN1,SPTBN2,1,1
RFTN1,SUPT20H,1,1
RFTN1,TANC1,1,1
RFTN1,ZFP41,1,1
RFTN1,ZNF788,1,1
ARPC1B,ANXA2,1,1
ARPC1B,CHMP7,1,1
ARPC1B,FAM65A,1,1
ARPC1B,ITSN1,1,1
ARPC1B,KREMEN1,1,1
ARPC1B,NAGPA,1,1
ARPC1B,NFATC3,1,1
ARPC1B,PRKAR1A,1,1
ARPC1B,R3HCC1,1,1
ARPC1B,SLC35B2,1,1
ARPC1B,SOX6,1,1
ARPC1B,TOMM7,1,1
ARPC1B,TOX4,1,1
ARPC1B,TPCN1,1,1
ARPC1B,TUBGCP4,1,1
ARPC1B,ZNF532,1,1
ASXL1,ANXA2,1,1
ASXL1,COMMD7,1,1
ASXL1,CPSF7,1,1
ASXL1,GGA1,1,1
ASXL1,MSANTD3,1,1
ASXL1,NOP9,1,1
ASXL1,NPRL3,1,1
ASXL1,PROSER1,1,1
ASXL1,PRRC2A,1,1
ASXL1,RAB11FIP2,1,1
ASXL1,RP11-2C24.9,1,1
ASXL1,SDCCAG8,1,1
ASXL1,TERF2,1,1
ASXL1,UBAC1,1,1
MAPKAPK3,AMFR,1,1
MAPKAPK3,DAAM2,1,1
MAPKAPK3,DNPEP,1,1
MAPKAPK3,ITSN1,1,1
MAPKAPK3,PARG,1,1
MAPKAPK3,PKN1,1,1
MAPKAPK3,RRAGB,1,1
MAPKAPK3,SCMH1,1,1
MAPKAPK3,SND1,1,1
MAPKAPK3,TPCN1,1,1
MAPKAPK3,ZNF354C,1,1
MAPKAPK3,ZNF740,1,1
HMGN5,CCDC22,1,1
HMGN5,COMMD7,1,1
HMGN5,DCTD,1,1
HMGN5,HPF1,1,1
HMGN5,ORAI1,1,1
HMGN5,PROSER1,1,1
HMGN5,RALA,1,1
HMGN5,SDCCAG8,1,1
MARCH8,ARAP1,1,1
MARCH8,ARL 10.00,1,1
MARCH8,DDR1,1,1
MARCH8,DNAJA3,1,1
MARCH8,FAM210A,1,1
MARCH8,MALSU1,1,1
PCMT1,ACVR2B,1,1
PCMT1,AIFM1,1,1
PCMT1,AKIRIN1,1,1
PCMT1,AP1S2,1,1
PCMT1,ARNT2,1,1
PCMT1,CCDC169,1,1
PCMT1,CDYL2,1,1
PCMT1,COA6,1,1
PCMT1,DNPEP,1,1
PCMT1,DOPEY2,1,1
PCMT1,EHMT2,1,1
PCMT1,HOXC11,1,1
PCMT1,LAMTOR1,1,1
PCMT1,PARG,1,1
PCMT1,PRR13,1,1
PCMT1,RP11-2C24.9,1,1
PCMT1,RPAIN,1,1
PCMT1,RRAGB,1,1
PCMT1,SCMH1,1,1
PCMT1,SDCCAG8,1,1
PCMT1,SND1,1,1
PCMT1,SPTBN2,1,1
PCMT1,SUPT20H,1,1
PCMT1,TANC1,1,1
PCMT1,TPCN1,1,1
PCMT1,ZFP41,1,1
PCMT1,ZNF740,1,1
PCMT1,ZNF788,1,1
DAAM2,ACVR2A,1,1
DAAM2,AGO1,1,1
DAAM2,AHCYL1,1,1
DAAM2,AKIRIN1,1,1
DAAM2,AMFR,1,1
DAAM2,CDYL2,1,1
DAAM2,DNPEP,1,1
DAAM2,DPH7,1,1
DAAM2,ITSN1,1,1
DAAM2,LAMTOR1,1,1
DAAM2,NAGPA,1,1
DAAM2,PKN1,1,1
DAAM2,RRAGB,1,1
DAAM2,SCMH1,1,1
DAAM2,SND1,1,1
DAAM2,SOX6,1,1
DAAM2,TPCN1,1,1
DAAM2,TRNAU1AP,1,1
DAAM2,TUBGCP4,1,1
DAAM2,ZNF532,1,1
TANC1,AIFM1,1,1
TANC1,AP1S2,1,1
TANC1,DCTD,1,1
TANC1,HOXC11,1,1
TANC1,LAMTOR1,1,1
TANC1,PRR13,1,1
TANC1,RPAIN,1,1
TANC1,SUPT20H,1,1
TANC1,ZNF788,1,1
TGIF2,ADH5,1,1
TGIF2,ANXA2,1,1
TGIF2,CDC34,1,1
TGIF2,COMMD7,1,1
TGIF2,DCTD,1,1
TGIF2,EHMT2,1,1
TGIF2,HPF1,1,1
TGIF2,KLHL2,1,1
TGIF2,PARG,1,1
TGIF2,PROSER1,1,1
TGIF2,PRRC2A,1,1
TGIF2,RAB5C,1,1
TGIF2,RALA,1,1
TGIF2,SDCCAG8,1,1
TGIF2,TERF2,1,1
TGIF2,TUBGCP2,1,1
TGIF2,UBAC1,1,1
TADA3,ARAP1,1,1
TADA3,ARL 10.00,1,1
TADA3,DDR1,1,1
TADA3,SDK1,1,1
TADA3,ZKSCAN7,1,1
SDK1,ACVR2B,1,1
SDK1,ARL 10.00,1,1
SDK1,ARNT2,1,1
SDK1,DDR1,1,1
SDK1,DNAJA3,1,1
SDK1,FAM210A,1,1
SDK1,FH,1,1
SDK1,GRK2,1,1
SDK1,MALSU1,1,1
SDK1,OTUD5,1,1
SDK1,PRR13,1,1
SDK1,SND1,1,1
SDK1,SPTBN2,1,1
SDK1,TRIM13,1,1
SDK1,ZKSCAN7,1,1
SDK1,ZNF788,1,1
DCP1A,ANXA2,1,1
DCP1A,CDC14B,1,1
DCP1A,CDYL2,1,1
DCP1A,CHMP7,1,1
DCP1A,CMTM4,1,1
DCP1A,COA6,1,1
DCP1A,GGA1,1,1
DCP1A,ITSN1,1,1
DCP1A,LDOC1L,1,1
DCP1A,PARG,1,1
DCP1A,REST,1,1
DCP1A,RRAGB,1,1
DCP1A,TERF2,1,1
DCP1A,TPCN1,1,1
DCP1A,ZNF740,1,1
NFATC3,ANXA2,1,1
NFATC3,ASAP3,1,1
NFATC3,C3ORF38,1,1
NFATC3,CPSF7,1,1
NFATC3,GGA1,1,1
NFATC3,INTS5,1,1
NFATC3,ITSN1,1,1
NFATC3,KREMEN1,1,1
NFATC3,R3HCC1,1,1
NFATC3,TOMM7,1,1
NFATC3,TPCN1,1,1
NFATC3,UBAC1,1,1
RAB11FIP2,NPRL3,1,1
RAB11FIP2,RB1,1,1
MALSU1,ARAP1,1,1
MALSU1,ARL 10.00,1,1
MALSU1,ATMIN,1,1
MALSU1,CNOT8,1,1
MALSU1,DDR1,1,1
MALSU1,DNAJA3,1,1
MALSU1,DPP8,1,1
MALSU1,FAM210A,1,1
MALSU1,GATA6,1,1
MALSU1,GNPAT,1,1
MALSU1,GRK2,1,1
MALSU1,PRR13,1,1
MALSU1,SLC39A10,1,1
MALSU1,TRIM13,1,1
MALSU1,ZKSCAN7,1,1
MALSU1,ZNF788,1,1
AP1S2,CDYL2,1,1
AP1S2,DPH7,1,1
AP1S2,EHMT2,1,1
AP1S2,HOXC11,1,1
AP1S2,LAMTOR1,1,1
AP1S2,MDGA1,1,1
AP1S2,RPAIN,1,1
AP1S2,SUPT20H,1,1
AP1S2,ZFP41,1,1
PARG,ANXA2,1,1
PARG,CCDC169,1,1
PARG,CDC14B,1,1
PARG,CDYL2,1,1
PARG,CHMP7,1,1
PARG,CMTM4,1,1
PARG,COMMD7,1,1
PARG,DCTD,1,1
PARG,EHMT2,1,1
PARG,GGA1,1,1
PARG,HOXC11,1,1
PARG,INTS5,1,1
PARG,ITSN1,1,1
PARG,LAMTOR1,1,1
PARG,LDOC1L,1,1
PARG,MSANTD3,1,1
PARG,NOP9,1,1
PARG,NPRL3,1,1
PARG,NT5C2,1,1
PARG,PROSER1,1,1
PARG,PRRC2A,1,1
PARG,RALA,1,1
PARG,REST,1,1
PARG,RP11-2C24.9,1,1
PARG,RRAGB,1,1
PARG,SUPT20H,1,1
PARG,TERF2,1,1
PARG,TPCN1,1,1
PARG,UBAC1,1,1
PARG,ZFP41,1,1
PARG,ZNF532,1,1
PARG,ZNF740,1,1
GNPAT,ATMIN,1,1
GNPAT,CNOT8,1,1
GNPAT,DPP8,1,1
GNPAT,FAM210A,1,1
GNPAT,GATA6,1,1
GNPAT,GRK2,1,1
GNPAT,TRIM13,1,1
FH,DDR1,1,1
FH,OTUD5,1,1
LTBP3,DMTN,1,1
LTBP3,OTUB2,1,1
LTBP3,ZMYM5,1,1
AIFM1,DCTD,1,1
AIFM1,EHMT2,1,1
AIFM1,HOXC11,1,1
AIFM1,PRRC2A,1,1
AIFM1,RP11-2C24.9,1,1
WAPL,CCDC22,1,1
WAPL,CUL4A,1,1
WAPL,KLHL2,1,1
WAPL,STAG3L2,1,1
PTP4A1,AKIRIN1,1,1
PTP4A1,SCMH1,1,1
PTP4A1,TEX15,1,1
SDCCAG8,DCTD,1,1
SDCCAG8,HPF1,1,1
SDCCAG8,ORAI1,1,1
SDCCAG8,PROSER1,1,1
SDCCAG8,RALA,1,1
SDCCAG8,RP11-2C24.9,1,1
SDCCAG8,SUPT20H,1,1
PKN1,AMFR,1,1
PKN1,CDYL2,1,1
PKN1,CHMP7,1,1
PKN1,CMTM4,1,1
PKN1,DMTN,1,1
PKN1,DNPEP,1,1
PKN1,MAP4K2,1,1
PKN1,OTUB2,1,1
PKN1,PRKAB2,1,1
PKN1,RRAGB,1,1
PKN1,TPCN1,1,1
PKN1,TRNAU1AP,1,1
PKN1,ZMYM5,1,1
PKN1,ZNF532,1,1
UBXN11,CMTM4,1,1
ZFP41,CCDC169,1,1
ZFP41,CDYL2,1,1
ZFP41,COA6,1,1
ZFP41,DMTN,1,1
ZFP41,EHMT2,1,1
ZFP41,LAMTOR1,1,1
ZFP41,RPAIN,1,1
ZFP41,SPTBN2,1,1
ZFP41,SUPT20H,1,1
ZFP41,ZNF740,1,1
AHCYL1,ACO2,1,1
AHCYL1,IDH1,1,1
AHCYL1,KREMEN1,1,1
AHCYL1,LAMTOR1,1,1
AHCYL1,NAGPA,1,1
AHCYL1,SGK1,1,1
AHCYL1,SLC25A11,1,1
AHCYL1,SND1,1,1
AHCYL1,SOX6,1,1
AHCYL1,TOMM7,1,1
AHCYL1,TRNAU1AP,1,1
AHCYL1,TUBGCP4,1,1
ARNT2,ACVR2B,1,1
ARNT2,AKIRIN1,1,1
ARNT2,COA6,1,1
ARNT2,DNAJA3,1,1
ARNT2,DNPEP,1,1
ARNT2,DOPEY2,1,1
ARNT2,EEPD1,1,1
ARNT2,GRK2,1,1
ARNT2,LAMTOR1,1,1
ARNT2,PRR13,1,1
ARNT2,SCMH1,1,1
ARNT2,SND1,1,1
ARNT2,SPTBN2,1,1
ARNT2,SUPT20H,1,1
ARNT2,ZKSCAN7,1,1
ARNT2,ZNF788,1,1
AKIRIN1,ACVR2B,1,1
AKIRIN1,DNPEP,1,1
AKIRIN1,DOPEY2,1,1
AKIRIN1,LAMTOR1,1,1
AKIRIN1,PEX3,1,1
AKIRIN1,PRR13,1,1
AKIRIN1,RPAIN,1,1
AKIRIN1,SCMH1,1,1
AKIRIN1,SND1,1,1
AKIRIN1,ZNF788,1,1
NT5C2,ATMIN,1,1
NT5C2,CDC14B,1,1
NT5C2,CNOT8,1,1
NT5C2,GRK2,1,1
NT5C2,LDOC1L,1,1
NT5C2,PRR13,1,1
NT5C2,REST,1,1
NT5C2,SUPT20H,1,1
NT5C2,WASF3,1,1
NT5C2,ZBED3,1,1
NT5C2,ZNF354C,1,1
NT5C2,ZNF788,1,1
CHMP7,ANXA2,1,1
CHMP7,CDYL2,1,1
CHMP7,FAM65A,1,1
CHMP7,INPP5A,1,1
CHMP7,ITSN1,1,1
CHMP7,NAGPA,1,1
CHMP7,R3HCC1,1,1
CHMP7,RRAGB,1,1
CHMP7,TOMM7,1,1
CHMP7,TPCN1,1,1
CHMP7,TRNAU1AP,1,1
CHMP7,TUBGCP4,1,1
CHMP7,ZNF532,1,1
SUPT20H,ACVR2B,1,1
SUPT20H,CCDC169,1,1
SUPT20H,CDC14B,1,1
SUPT20H,CDYL2,1,1
SUPT20H,COA6,1,1
SUPT20H,DOPEY2,1,1
SUPT20H,EHMT2,1,1
SUPT20H,HOXC11,1,1
SUPT20H,LAMTOR1,1,1
SUPT20H,NOP9,1,1
SUPT20H,PROSER1,1,1
SUPT20H,PRR13,1,1
SUPT20H,RP11-2C24.9,1,1
SUPT20H,SCMH1,1,1
SUPT20H,SND1,1,1
SUPT20H,SPTBN2,1,1
SUPT20H,TPCN1,1,1
SUPT20H,WASF3,1,1
SUPT20H,ZBED3,1,1
SUPT20H,ZNF354C,1,1
SUPT20H,ZNF740,1,1
SUPT20H,ZNF788,1,1
TPCN1,ACVR2B,1,1
TPCN1,AMFR,1,1
TPCN1,ANXA2,1,1
TPCN1,CCDC169,1,1
TPCN1,CDYL2,1,1
TPCN1,DNPEP,1,1
TPCN1,DPH7,1,1
TPCN1,GGA1,1,1
TPCN1,HOXC11,1,1
TPCN1,INPP5A,1,1
TPCN1,ITSN1,1,1
TPCN1,LAMTOR1,1,1
TPCN1,LDOC1L,1,1
TPCN1,REST,1,1
TPCN1,RRAGB,1,1
TPCN1,SCMH1,1,1
TPCN1,SND1,1,1
TPCN1,SOX6,1,1
TPCN1,TRNAU1AP,1,1
TPCN1,UBAC1,1,1
TPCN1,ZNF532,1,1
TPCN1,ZNF740,1,1
HSPH1,CUL4A,1,1
HSPH1,MTPAP,1,1
HSPH1,STAG3L2,1,1
ZNF788,ACVR2B,1,1
ZNF788,DNAJA3,1,1
ZNF788,DOPEY2,1,1
ZNF788,GRK2,1,1
ZNF788,HOXC11,1,1
ZNF788,LAMTOR1,1,1
ZNF788,PRR13,1,1
ZNF788,SCMH1,1,1
ZNF788,SND1,1,1
ZNF788,SPTBN2,1,1
ZNF788,TRIM13,1,1
ZNF788,ZKSCAN7,1,1
ZNF788,ZNF354C,1,1
TRIM25,DHDDS,1,1
RPAIN,DMTN,1,1
RPAIN,HOXC11,1,1
RPAIN,LAMTOR1,1,1
RPAIN,PEX3,1,1
RPAIN,RPL26,1,1
RPAIN,SPTBN2,1,1
RPAIN,ZNF740,1,1
ZKSCAN7,ACVR2B,1,1
ZKSCAN7,ARAP1,1,1
ZKSCAN7,ARL 10.00,1,1
ZKSCAN7,DDR1,1,1
ZKSCAN7,DNAJA3,1,1
ZKSCAN7,FAM210A,1,1
ZKSCAN7,OTUD5,1,1
ZKSCAN7,PRR13,1,1
ZKSCAN7,SPTBN2,1,1
AGO1,ACVR2A,1,1
AGO1,AMFR,1,1
AGO1,DPH7,1,1
AGO1,NAGPA,1,1
AGO1,RRAGB,1,1
AGO1,SOX6,1,1
AGO1,TRNAU1AP,1,1
NAGPA,ACO2,1,1
NAGPA,ACVR2A,1,1
NAGPA,DNAJC8,1,1
NAGPA,KREMEN1,1,1
NAGPA,PRKAB2,1,1
NAGPA,R3HCC1,1,1
NAGPA,SGK1,1,1
NAGPA,SLC35B2,1,1
NAGPA,SOX6,1,1
NAGPA,TRNAU1AP,1,1
NAGPA,TUBGCP4,1,1
NAGPA,ZNF532,1,1
SND1,ACVR2B,1,1
SND1,CDYL2,1,1
SND1,DNPEP,1,1
SND1,DOPEY2,1,1
SND1,HOXC11,1,1
SND1,LAMTOR1,1,1
SND1,PEX3,1,1
SND1,PRR13,1,1
SND1,SCMH1,1,1
SND1,SPTBN2,1,1
SND1,TRNAU1AP,1,1
SND1,ZNF354C,1,1
SND1,ZNF740,1,1
GRK2,ATMIN,1,1
GRK2,CNOT8,1,1
GRK2,DOPEY2,1,1
GRK2,FAM210A,1,1
GRK2,PRR13,1,1
GRK2,SLC39A10,1,1
GRK2,TRIM13,1,1
GRK2,ZNF354C,1,1
ARV1,NDUFB10,1,1
ACVR2B,CCDC169,1,1
ACVR2B,CDC14B,1,1
ACVR2B,CDYL2,1,1
ACVR2B,COA6,1,1
ACVR2B,DNAJA3,1,1
ACVR2B,DNPEP,1,1
ACVR2B,DOPEY2,1,1
ACVR2B,HOXC11,1,1
ACVR2B,LAMTOR1,1,1
ACVR2B,PEX3,1,1
ACVR2B,PRR13,1,1
ACVR2B,SCMH1,1,1
ACVR2B,SPTBN2,1,1
ACVR2B,ZNF354C,1,1
LAMTOR1,CDYL2,1,1
LAMTOR1,DNPEP,1,1
LAMTOR1,DPH7,1,1
LAMTOR1,HOXC11,1,1
LAMTOR1,INPP5A,1,1
LAMTOR1,ITSN1,1,1
LAMTOR1,PRR13,1,1
LAMTOR1,RRAGB,1,1
LAMTOR1,SCMH1,1,1
LAMTOR1,SELO,1,1
LAMTOR1,SPTBN2,1,1
LAMTOR1,TRNAU1AP,1,1
LAMTOR1,ZNF354C,1,1
LAMTOR1,ZNF532,1,1
TRNAU1AP,AMFR,1,1
TRNAU1AP,CDYL2,1,1
TRNAU1AP,DNPEP,1,1
TRNAU1AP,DPH7,1,1
TRNAU1AP,ITSN1,1,1
TRNAU1AP,RRAGB,1,1
TRNAU1AP,SOX6,1,1
TRNAU1AP,TUBGCP4,1,1
TRNAU1AP,ZNF532,1,1
SELO,ACVR1C,1,1
SELO,SLC25A11,1,1
SELO,TOMM7,1,1
ORAI1,HPF1,1,1
ORAI1,RAB5C,1,1
ORAI1,RALA,1,1
CCPG1,PRKAR1A,1,1
CCPG1,SOX6,1,1
ASAP3,C3ORF38,1,1
ASAP3,INTS5,1,1
ASAP3,KREMEN1,1,1
ASAP3,LDOC1L,1,1
ASAP3,TOMM7,1,1
MAP4K2,DMTN,1,1
MAP4K2,DNPEP,1,1
MAP4K2,OTUB2,1,1
MAP4K2,RRAGB,1,1
MAP4K2,ZNF740,1,1
RP11-2C24.9,CDYL2,1,1
RP11-2C24.9,COMMD7,1,1
RP11-2C24.9,DCTD,1,1
RP11-2C24.9,HPF1,1,1
RP11-2C24.9,NOP9,1,1
RP11-2C24.9,PROSER1,1,1
RP11-2C24.9,RALA,1,1
RP11-2C24.9,REST,1,1
RP11-2C24.9,UBAC1,1,1
PEX3,DNPEP,1,1
VMP1,C11ORF95,1,1
HSD11B1L,SPTBN2,1,1
INTS5,ANXA2,1,1
INTS5,C3ORF38,1,1
INTS5,GGA1,1,1
INTS5,ITSN1,1,1
INTS5,TERF2,1,1
INTS5,TOMM7,1,1
INTS5,UBAC1,1,1
ADH5,CCDC22,1,1
ADH5,COMMD7,1,1
ADH5,DCTD,1,1
ADH5,HPF1,1,1
ADH5,KLHL2,1,1
ADH5,NBPF15,1,1
ADH5,NPRL3,1,1
ADH5,PRRC2A,1,1
ADH5,RALA,1,1
ADH5,RB1,1,1
ADH5,TERF2,1,1
ADH5,TUBGCP2,1,1
ADH5,UBAC1,1,1
SCMH1,COA6,1,1
SCMH1,DNPEP,1,1
SCMH1,DOPEY2,1,1
SCMH1,SPTBN2,1,1
SCMH1,TUBGCP4,1,1
SCMH1,ZNF740,1,1
SLC39A10,FAM210A,1,1
SLC39A10,GATA6,1,1
SLC39A10,TRIM13,1,1
MSANTD3,EHMT2,1,1
MSANTD3,GGA1,1,1
MSANTD3,NOP9,1,1
MSANTD3,PROSER1,1,1
MSANTD3,REST,1,1
MSANTD3,WASF3,1,1
COA6,ATMIN,1,1
COA6,CCDC169,1,1
COA6,CDC14B,1,1
COA6,DOPEY2,1,1
COA6,SPTBN2,1,1
COA6,WASF3,1,1
COA6,ZBED3,1,1
COA6,ZNF740,1,1
SGK1,ACO2,1,1
SGK1,IDH1,1,1
SGK1,SLC25A11,1,1
SGK1,TOMM7,1,1
WASF3,CCDC169,1,1
WASF3,CDC14B,1,1
WASF3,NOP9,1,1
WASF3,PROSER1,1,1
WASF3,REST,1,1
WASF3,ZBED3,1,1
DNAJC8,TUBGCP4,1,1
ACVR1C,RPP25L,1,1
ACVR1C,TOMM7,1,1
PRRC2A,ANXA2,1,1
PRRC2A,CDC34,1,1
PRRC2A,CDYL2,1,1
PRRC2A,COMMD7,1,1
PRRC2A,CPSF7,1,1
PRRC2A,DCTD,1,1
PRRC2A,EHMT2,1,1
PRRC2A,HOXC11,1,1
PRRC2A,NOP9,1,1
PRRC2A,NPRL3,1,1
PRRC2A,PROSER1,1,1
PRRC2A,RALA,1,1
PRRC2A,RB1,1,1
PRRC2A,TERF2,1,1
PRRC2A,UBAC1,1,1
ITSN1,ANXA2,1,1
ITSN1,C3ORF38,1,1
ITSN1,CDYL2,1,1
ITSN1,CPSF7,1,1
ITSN1,DPH7,1,1
ITSN1,FAM65A,1,1
ITSN1,GGA1,1,1
ITSN1,INPP5A,1,1
ITSN1,KREMEN1,1,1
ITSN1,R3HCC1,1,1
ITSN1,REST,1,1
ITSN1,RRAGB,1,1
ITSN1,SOX6,1,1
ITSN1,TOMM7,1,1
ITSN1,TOX4,1,1
ITSN1,TUBGCP4,1,1
ITSN1,UBAC1,1,1
ITSN1,ZNF532,1,1
REST,ANXA2,1,1
REST,CDC14B,1,1
REST,CDYL2,1,1
REST,DCTD,1,1
REST,GGA1,1,1
REST,LDOC1L,1,1
REST,NOP9,1,1
REST,NPRL3,1,1
REST,PROSER1,1,1
REST,RALA,1,1
REST,TERF2,1,1
REST,ZNF354C,1,1
HOXC11,CDYL2,1,1
HOXC11,DCTD,1,1
HOXC11,DNPEP,1,1
HOXC11,DPH7,1,1
HOXC11,RAB5C,1,1
HOXC11,RPL26,1,1
HOXC11,RRAGB,1,1
HOXC11,SPTBN2,1,1
AP1G1,GGA1,1,1
DNAJA3,ARAP1,1,1
DNAJA3,ARL 10.00,1,1
DNAJA3,ATMIN,1,1
DNAJA3,CACYBP,1,1
DNAJA3,DOPEY2,1,1
DNAJA3,EEPD1,1,1
DNAJA3,FAM210A,1,1
DNAJA3,PRR13,1,1
DNAJA3,SPTBN2,1,1
DNAJA3,TRIM13,1,1
DCTD,CCDC22,1,1
DCTD,CDYL2,1,1
DCTD,COMMD7,1,1
DCTD,DHDDS,1,1
DCTD,EHMT2,1,1
DCTD,HPF1,1,1
DCTD,LDOC1L,1,1
DCTD,PROSER1,1,1
DCTD,RAB5C,1,1
DCTD,RALA,1,1
DCTD,RB1,1,1
DCTD,RRAGB,1,1
DCTD,TERF2,1,1
DCTD,UBAC1,1,1
PRKAB2,ACVR2A,1,1
PRKAB2,AMFR,1,1
PRKAB2,SLC35B2,1,1
PRKAB2,SOX6,1,1
PRKAB2,TOX4,1,1
PRKAB2,TUBGCP4,1,1
PRKAB2,ZMYM5,1,1
PCBD1,COMMD7,1,1
PCBD1,HPF1,1,1
PCBD1,KLHL2,1,1
PCBD1,RB1,1,1
NOP9,ANXA2,1,1
NOP9,EHMT2,1,1
NOP9,GGA1,1,1
NOP9,PROSER1,1,1
NOP9,RALA,1,1
NOP9,TERF2,1,1
ZBTB17,AL513122.1,1,1
NPRL3,ANXA2,1,1
NPRL3,CMTM4,1,1
NPRL3,COMMD7,1,1
NPRL3,EHMT2,1,1
NPRL3,KLHL2,1,1
NPRL3,RALA,1,1
NPRL3,RB1,1,1
NPRL3,TERF2,1,1
INPP5A,ANXA2,1,1
INPP5A,CPSF7,1,1
INPP5A,R3HCC1,1,1
INPP5A,TUBGCP4,1,1
INPP5A,UBAC1,1,1
INPP5A,ZNF532,1,1
TUBGCP2,CDC34,1,1
TUBGCP2,COMMD7,1,1
TUBGCP2,KLHL2,1,1
TUBGCP2,NBPF15,1,1
DHDDS,POGLUT1,1,1
DPH7,ANXA2,1,1
DPH7,CDYL2,1,1
DPH7,CPSF7,1,1
DPH7,PRKAR1A,1,1
DPH7,RRAGB,1,1
DPH7,UBAC1,1,1
DPH7,ZNF532,1,1
ACO2,KREMEN1,1,1
ACO2,SLC25A11,1,1
ACO2,SLC35B2,1,1
ACO2,TOMM7,1,1
EEPD1,DOPEY2,1,1
EEPD1,FAM210A,1,1
EEPD1,PRR13,1,1
SLC25A11,COX7A2,1,1
SLC25A11,KREMEN1,1,1
SLC25A11,TOMM7,1,1
DMTN,CDYL2,1,1
DMTN,OTUB2,1,1
DMTN,RRAGB,1,1
DMTN,SEPT5,1,1
CUL4A,MAML1,1,1
CUL4A,STAG3L2,1,1
PRR13,CNOT8,1,1
PRR13,DNPEP,1,1
PRR13,DOPEY2,1,1
PRR13,FAM210A,1,1
PRR13,SPTBN2,1,1
PRR13,TRIM13,1,1
PRR13,ZNF354C,1,1
TRIM13,CNOT8,1,1
TRIM13,FAM210A,1,1
KLHL2,CCDC22,1,1
KLHL2,COMMD7,1,1
KLHL2,HPF1,1,1
KLHL2,RB1,1,1
KLHL2,STAG3L2,1,1
CDC14B,CCDC169,1,1
CDC14B,LDOC1L,1,1
CDC14B,SPTBN2,1,1
CDC14B,ZBED3,1,1
CDC14B,ZNF354C,1,1
HPF1,CCDC22,1,1
HPF1,COMMD7,1,1
HPF1,PROSER1,1,1
HPF1,RAB5C,1,1
HPF1,RALA,1,1
HPF1,RB1,1,1
DOPEY2,DNPEP,1,1
DOPEY2,ZBED3,1,1
DOPEY2,ZNF354C,1,1
DOPEY2,ZNF740,1,1
CBX6,NBPF15,1,1
CBX6,RPL14,1,1
GATA6,ATMIN,1,1
KREMEN1,R3HCC1,1,1
KREMEN1,SLC35B2,1,1
KREMEN1,SOX6,1,1
KREMEN1,TOMM7,1,1
RB1,COMMD7,1,1
RB1,NBPF15,1,1
RB1,STAG3L2,1,1
ZNF354C,LDOC1L,1,1
GYG1,AL513122.1,1,1
DNPEP,CDYL2,1,1
DNPEP,RRAGB,1,1
DNPEP,SPTBN2,1,1
DNPEP,ZNF740,1,1
SEPT5,NBPF15,1,1
SEPT5,OTUD5,1,1
PITX1,WNT5B,1,1
ARAP1,ARL 10.00,1,1
ARAP1,ATMIN,1,1
ARAP1,DDR1,1,1
ARAP1,DPP8,1,1
SPTBN2,CCDC169,1,1
SPTBN2,CDYL2,1,1
SPTBN2,ZBED3,1,1
SPTBN2,ZNF740,1,1
TERF2,ANXA2,1,1
TERF2,CCDC22,1,1
TERF2,COMMD7,1,1
TERF2,EHMT2,1,1
TERF2,GGA1,1,1
TERF2,MAML1,1,1
TERF2,PROSER1,1,1
TERF2,RALA,1,1
TERF2,UBAC1,1,1
DPP8,ATMIN,1,1
C3ORF38,LDOC1L,1,1
C3ORF38,RALA,1,1
CDYL2,ANXA2,1,1
CDYL2,CCDC169,1,1
CDYL2,CMTM4,1,1
CDYL2,EHMT2,1,1
CDYL2,LDOC1L,1,1
CDYL2,RALA,1,1
CDYL2,RRAGB,1,1
CDYL2,UBAC1,1,1
CDYL2,ZNF532,1,1
TOMM7,ANXA2,1,1
TOMM7,CPSF7,1,1
TOMM7,R3HCC1,1,1
TOMM7,ZNF532,1,1
SLC31A1,PRKAR1A,1,1
UBAC1,ANXA2,1,1
UBAC1,COMMD7,1,1
UBAC1,CPSF7,1,1
UBAC1,EHMT2,1,1
UBAC1,GGA1,1,1
UBAC1,PROSER1,1,1
UBAC1,RALA,1,1
UBAC1,RRAGB,1,1
UBAC1,ZNF532,1,1
LDOC1L,GGA1,1,1
LDOC1L,RALA,1,1
ZMYM5,OTUB2,1,1
RALA,COMMD7,1,1
RALA,GGA1,1,1
RALA,PROSER1,1,1
CCDC22,COMMD7,1,1
ARL 10.00,DDR1,1,1
ARL 10.00,FAM210A,1,1
SLC35B2,ACVR2A,1,1
SLC35B2,R3HCC1,1,1
SLC35B2,SOX6,1,1
SLC35B2,TOX4,1,1
SLC35B2,TUBGCP4,1,1
GGA1,ANXA2,1,1
GGA1,CPSF7,1,1
GGA1,PROSER1,1,1
PRKAR1A,SOX6,1,1
PRKAR1A,ZNF532,1,1
PROSER1,ANXA2,1,1
PROSER1,COMMD7,1,1
PROSER1,EHMT2,1,1
ACVR2A,SOX6,1,1
SOX6,AMFR,1,1
SOX6,R3HCC1,1,1
SOX6,TOX4,1,1
SOX6,TUBGCP4,1,1
SOX6,ZNF532,1,1
TOX4,FAM65A,1,1
TOX4,R3HCC1,1,1
TOX4,TUBGCP4,1,1
TOX4,ZNF532,1,1
OTUD5,DDR1,1,1
OTUD5,RAB39B,1,1
COMMD7,ANXA2,1,1
COMMD7,EHMT2,1,1
COMMD7,NBPF15,1,1
EHMT2,ANXA2,1,1
EHMT2,CCDC169,1,1
EHMT2,CDC34,1,1
CMTM4,RRAGB,1,1
ZNF740,RRAGB,1,1
AMFR,RRAGB,1,1
FAM65A,ANXA2,1,1
FAM65A,R3HCC1,1,1
FAM65A,TUBGCP4,1,1
FAM65A,ZNF532,1,1
NBPF15,RAB5C,1,1
ZNF532,ANXA2,1,1
ZNF532,R3HCC1,1,1
ZNF532,RRAGB,1,1
ZNF532,TUBGCP4,1,1
TUBGCP4,R3HCC1,1,1
CPSF7,ANXA2,1,1
CPSF7,R3HCC1,1,1
CPSF7,SRSF5,1,1
ATMIN,CNOT8,1,1
ATMIN,ZBED3,1,1
CCDC169,ANXA2,1,1
RRAGB,ANXA2,1,1
