source,target,weight,correlation
EFNB1,EEF1GP1,1,1
EFNB1,EMP2,1,1
EFNB1,FAM110B,1,1
EFNB1,GLI3,1,1
EFNB1,KIAA1549,1,1
EFNB1,MICB,1,1
EFNB1,MID2,1,1
EFNB1,NID1,1,1
EFNB1,NMT2,1,1
EFNB1,PDE10A,1,1
EFNB1,PPIL2,1,1
EFNB1,RP11-371A22.1,1,1
EFNB1,SLC6A15,1,1
EFNB1,STS,1,1
EFNB1,TMEM248,1,1
EFNB1,TSPAN12,1,1
EFNB1,ZFPM1,1,1
C20ORF24,AAMP,1,1
C20ORF24,ACP1,1,1
C20ORF24,ACP2,1,1
C20ORF24,ADSL,1,1
C20ORF24,AEN,1,1
C20ORF24,APMAP,1,1
C20ORF24,ARMC6,1,1
C20ORF24,ARPC2,1,1
C20ORF24,ASAP1,1,1
C20ORF24,ATAD2,1,1
C20ORF24,ATXN7,1,1
C20ORF24,AZIN1,1,1
C20ORF24,BOLA2B,1,1
C20ORF24,CCNYL1,1,1
C20ORF24,CDC45,1,1
C20ORF24,CDKN2AIPNL,1,1
C20ORF24,CNOT9,1,1
C20ORF24,COPB1,1,1
C20ORF24,COPS6,1,1
C20ORF24,CRAT,1,1
C20ORF24,CSE1L,1,1
C20ORF24,CSTF1,1,1
C20ORF24,CTNNBL1,1,1
C20ORF24,DDX11,1,1
C20ORF24,DDX27,1,1
C20ORF24,DSCC1,1,1
C20ORF24,DSTN,1,1
C20ORF24,DTYMK,1,1
C20ORF24,E2F8,1,1
C20ORF24,EGF,1,1
C20ORF24,ELOVL4,1,1
C20ORF24,EVI2A,1,1
C20ORF24,FAM49B,1,1
C20ORF24,FASTKD2,1,1
C20ORF24,FKBP1A,1,1
C20ORF24,G3BP1,1,1
C20ORF24,GLMN,1,1
C20ORF24,GORASP2,1,1
C20ORF24,HILPDA,1,1
C20ORF24,IMPA1,1,1
C20ORF24,KBTBD8,1,1
C20ORF24,KCTD5,1,1
C20ORF24,KNTC1,1,1
C20ORF24,MCM7,1,1
C20ORF24,MED21,1,1
C20ORF24,MRPL17,1,1
C20ORF24,MRPL20,1,1
C20ORF24,MRTO4,1,1
C20ORF24,MYO1B,1,1
C20ORF24,NFYC,1,1
C20ORF24,NIF3L1,1,1
C20ORF24,NOL9,1,1
C20ORF24,NOP56,1,1
C20ORF24,NPM1,1,1
C20ORF24,NRAS,1,1
C20ORF24,NUF2,1,1
C20ORF24,NUP35,1,1
C20ORF24,NUP98,1,1
C20ORF24,OLA1,1,1
C20ORF24,PARP1,1,1
C20ORF24,PAXBP1,1,1
C20ORF24,PCBP1,1,1
C20ORF24,PHC1,1,1
C20ORF24,POLA1,1,1
C20ORF24,PPM1M,1,1
C20ORF24,PPP6R3,1,1
C20ORF24,PRC1,1,1
C20ORF24,PRELID3B,1,1
C20ORF24,PRTG,1,1
C20ORF24,PSMA1,1,1
C20ORF24,PSMA7,1,1
C20ORF24,PSMD6,1,1
C20ORF24,PUSL1,1,1
C20ORF24,RAD21,1,1
C20ORF24,RANBP1,1,1
C20ORF24,RBL1,1,1
C20ORF24,RBM15,1,1
C20ORF24,RNASEH2A,1,1
C20ORF24,RPS19BP1,1,1
C20ORF24,RRM2,1,1
C20ORF24,SATB1,1,1
C20ORF24,SCO2,1,1
C20ORF24,SGO2,1,1
C20ORF24,SH3D19,1,1
C20ORF24,SH3PXD2B,1,1
C20ORF24,SLC43A3,1,1
C20ORF24,SNRPA1,1,1
C20ORF24,SNRPD3,1,1
C20ORF24,SPAG1,1,1
C20ORF24,SSBP3,1,1
C20ORF24,STAU1,1,1
C20ORF24,THOC7,1,1
C20ORF24,TICRR,1,1
C20ORF24,TMEM106C,1,1
C20ORF24,TMEM237,1,1
C20ORF24,TPD52,1,1
C20ORF24,TXNRD1,1,1
C20ORF24,UBE2S,1,1
C20ORF24,UBIAD1,1,1
C20ORF24,WDR12,1,1
C20ORF24,XPO1,1,1
C20ORF24,ZMYM3,1,1
C20ORF24,ZNF224,1,1
PARPBP,ACP1,1,1
PARPBP,ANAPC1,1,1
PARPBP,ANLN,1,1
PARPBP,AURKB,1,1
PARPBP,BUB1,1,1
PARPBP,CDCA8,1,1
PARPBP,DBF4,1,1
PARPBP,DLG4,1,1
PARPBP,GPN3,1,1
PARPBP,HMMR,1,1
PARPBP,LIN9,1,1
PARPBP,LMBR1L,1,1
PARPBP,NCAPG,1,1
PARPBP,NCAPG2,1,1
PARPBP,NCAPH,1,1
PARPBP,PBK,1,1
PARPBP,PLK1,1,1
PARPBP,PPP1CC,1,1
PARPBP,PRMT3,1,1
PARPBP,PSMD1,1,1
PARPBP,RAD54L,1,1
PARPBP,RAN,1,1
PARPBP,SFXN1,1,1
PARPBP,SGO2,1,1
PARPBP,SNRPA1,1,1
PARPBP,SPC25,1,1
PARPBP,STK19,1,1
PARPBP,TAF1B,1,1
PARPBP,TMEM134,1,1
PARPBP,TMPO,1,1
PARPBP,UBE2SP2,1,1
PARPBP,XPO1,1,1
PARPBP,XRCC6,1,1
PARPBP,ZBTB47,1,1
INTS1,ACP1,1,1
INTS1,ACP2,1,1
INTS1,ANO10,1,1
INTS1,APMAP,1,1
INTS1,BOLA2B,1,1
INTS1,C4ORF3,1,1
INTS1,CCDC9,1,1
INTS1,CD44,1,1
INTS1,DSG2,1,1
INTS1,EIF2S2,1,1
INTS1,GTF3C2,1,1
INTS1,MARC2,1,1
INTS1,OLA1,1,1
INTS1,PCGF3,1,1
INTS1,PIGU,1,1
INTS1,POP5,1,1
INTS1,PROCR,1,1
INTS1,RPE,1,1
INTS1,SCAND1,1,1
INTS1,SIKE1,1,1
INTS1,SNRPA1,1,1
INTS1,UBE2S,1,1
C20ORF27,ACTR5,1,1
C20ORF27,AEN,1,1
C20ORF27,ANXA7,1,1
C20ORF27,API5,1,1
C20ORF27,CCNE2,1,1
C20ORF27,CDCA7,1,1
C20ORF27,CHRAC1,1,1
C20ORF27,CNOT9,1,1
C20ORF27,CPSF4,1,1
C20ORF27,CRAT,1,1
C20ORF27,CSE1L,1,1
C20ORF27,DCP1B,1,1
C20ORF27,DCTPP1,1,1
C20ORF27,DDX27,1,1
C20ORF27,DHFR,1,1
C20ORF27,DTYMK,1,1
C20ORF27,E2F1,1,1
C20ORF27,EIF4G2,1,1
C20ORF27,ESF1,1,1
C20ORF27,EZH2,1,1
C20ORF27,FASTKD2,1,1
C20ORF27,FASTKD5,1,1
C20ORF27,GNAI3,1,1
C20ORF27,HELLS,1,1
C20ORF27,HNRNPA3,1,1
C20ORF27,IFT80,1,1
C20ORF27,IPO7,1,1
C20ORF27,ISOC1,1,1
C20ORF27,KBTBD8,1,1
C20ORF27,LAMA5,1,1
C20ORF27,MAPRE1,1,1
C20ORF27,MCM8,1,1
C20ORF27,MKKS,1,1
C20ORF27,NAP1L4,1,1
C20ORF27,NOP56,1,1
C20ORF27,NUP35,1,1
C20ORF27,PCNA,1,1
C20ORF27,PNPLA6,1,1
C20ORF27,PRC1,1,1
C20ORF27,PSMA1,1,1
C20ORF27,RANGAP1,1,1
C20ORF27,RRM2,1,1
C20ORF27,SF3B1,1,1
C20ORF27,SLC43A3,1,1
C20ORF27,SMPD4,1,1
C20ORF27,SP140L,1,1
C20ORF27,SPTY2D1,1,1
C20ORF27,SRXN1,1,1
C20ORF27,TBCB,1,1
C20ORF27,TBKBP1,1,1
C20ORF27,TCOF1,1,1
C20ORF27,TIMM13,1,1
C20ORF27,TMEM237,1,1
C20ORF27,TOMM22,1,1
C20ORF27,ZGPAT,1,1
C20ORF27,ZNF687,1,1
AAMP,ACP1,1,1
AAMP,ADSL,1,1
AAMP,ALG10,1,1
AAMP,ANO10,1,1
AAMP,APMAP,1,1
AAMP,ARMC6,1,1
AAMP,ATXN7,1,1
AAMP,AZIN1,1,1
AAMP,BCS1L,1,1
AAMP,CCNYL1,1,1
AAMP,CDC45,1,1
AAMP,CDKN2AIPNL,1,1
AAMP,CNOT9,1,1
AAMP,COPB1,1,1
AAMP,COPS6,1,1
AAMP,CSE1L,1,1
AAMP,CTNNBL1,1,1
AAMP,DCLRE1B,1,1
AAMP,DDX11,1,1
AAMP,DSCC1,1,1
AAMP,DSN1,1,1
AAMP,DSTN,1,1
AAMP,E2F6,1,1
AAMP,ELOVL4,1,1
AAMP,EVI2A,1,1
AAMP,FAM49B,1,1
AAMP,FKBP1A,1,1
AAMP,G3BP1,1,1
AAMP,GORASP2,1,1
AAMP,HSPE1,1,1
AAMP,KCTD5,1,1
AAMP,ME2,1,1
AAMP,MED21,1,1
AAMP,MRPL17,1,1
AAMP,MRPL20,1,1
AAMP,MRTO4,1,1
AAMP,MYO1B,1,1
AAMP,NFYC,1,1
AAMP,NIF3L1,1,1
AAMP,NOL9,1,1
AAMP,NOP56,1,1
AAMP,NRAS,1,1
AAMP,NUF2,1,1
AAMP,NUP35,1,1
AAMP,NUP98,1,1
AAMP,ONECUT2,1,1
AAMP,PARP1,1,1
AAMP,PAX9,1,1
AAMP,PAXBP1,1,1
AAMP,PCBP1,1,1
AAMP,PHC1,1,1
AAMP,PPM1M,1,1
AAMP,PPP6R3,1,1
AAMP,PRELID3B,1,1
AAMP,PRTG,1,1
AAMP,PSMA7,1,1
AAMP,PSMD6,1,1
AAMP,PUSL1,1,1
AAMP,RBL1,1,1
AAMP,RBM15,1,1
AAMP,RPS19BP1,1,1
AAMP,RYK,1,1
AAMP,SCO2,1,1
AAMP,SH3D19,1,1
AAMP,SH3PXD2B,1,1
AAMP,SLC25A32,1,1
AAMP,SNRPA1,1,1
AAMP,SNRPD3,1,1
AAMP,SNU13,1,1
AAMP,SPAG1,1,1
AAMP,SPICE1,1,1
AAMP,SRSF10,1,1
AAMP,STAU1,1,1
AAMP,THOC7,1,1
AAMP,TMEM106C,1,1
AAMP,TPD52,1,1
AAMP,TXNRD1,1,1
AAMP,UBE2S,1,1
AAMP,UBIAD1,1,1
AAMP,XPO1,1,1
AAMP,XPO6,1,1
AAMP,ZMYM3,1,1
AAMP,ZNF549,1,1
PMS1,ACBD6,1,1
PMS1,ALDH3A2,1,1
PMS1,ARMCX3,1,1
PMS1,ARMCX6,1,1
PMS1,AXIN2,1,1
PMS1,BUB3,1,1
PMS1,CAMK4,1,1
PMS1,CAMKK2,1,1
PMS1,CCDC125,1,1
PMS1,ELMO2,1,1
PMS1,EXOSC5,1,1
PMS1,FAM120B,1,1
PMS1,IPO13,1,1
PMS1,KLHL23,1,1
PMS1,MYBL1,1,1
PMS1,NCBP2,1,1
PMS1,PCDHGC3,1,1
PMS1,PDAP1,1,1
PMS1,PDE4A,1,1
PMS1,PFKL,1,1
PMS1,PIGC,1,1
PMS1,PITPNA,1,1
PMS1,PLP2,1,1
PMS1,POR,1,1
PMS1,RABGAP1L,1,1
PMS1,RAVER2,1,1
PMS1,RHBDD2,1,1
PMS1,RRAGA,1,1
PMS1,SASS6,1,1
PMS1,SEC23B,1,1
PMS1,SGMS2,1,1
PMS1,SH3BP4,1,1
PMS1,SLC2A13,1,1
PMS1,SLC9A1,1,1
PMS1,SUMO1,1,1
PMS1,TMEM120A,1,1
PMS1,WDR60,1,1
PMS1,YWHAQ,1,1
HOXB13,ANGEL1,1,1
HOXB13,BBS9,1,1
HOXB13,BUB3,1,1
HOXB13,C7ORF31,1,1
HOXB13,CHID1,1,1
HOXB13,FAM120B,1,1
HOXB13,FLYWCH2,1,1
HOXB13,GALNT11,1,1
HOXB13,GPR108,1,1
HOXB13,NBR1,1,1
HOXB13,OCRL,1,1
HOXB13,PDK4,1,1
HOXB13,PRUNE1,1,1
HOXB13,RABGAP1L,1,1
HOXB13,RAPGEF4,1,1
HOXB13,RTN4RL1,1,1
HOXB13,SESN1,1,1
HOXB13,USP30,1,1
POLR3F,ACTR5,1,1
POLR3F,APLP2,1,1
POLR3F,ARID3B,1,1
POLR3F,BID,1,1
POLR3F,BTBD10,1,1
POLR3F,BUB3,1,1
POLR3F,CEP112,1,1
POLR3F,ELL,1,1
POLR3F,EPHX2,1,1
POLR3F,EXOSC1,1,1
POLR3F,FAM120B,1,1
POLR3F,GJC1,1,1
POLR3F,GNG2,1,1
POLR3F,GSTA4,1,1
POLR3F,HPSE,1,1
POLR3F,IFT27,1,1
POLR3F,ISOC1,1,1
POLR3F,MAT2B,1,1
POLR3F,MRPS18C,1,1
POLR3F,NOL7,1,1
POLR3F,PEA15,1,1
POLR3F,PIGC,1,1
POLR3F,PSMB7,1,1
POLR3F,RASSF7,1,1
POLR3F,RHOG,1,1
POLR3F,RNF25,1,1
POLR3F,RP11-568K15.1,1,1
POLR3F,RRAGA,1,1
POLR3F,RTKN2,1,1
POLR3F,SEPN1,1,1
POLR3F,SH3BP4,1,1
POLR3F,SNRPB,1,1
POLR3F,SP140L,1,1
POLR3F,TRMT6,1,1
POLR3F,YPEL2,1,1
SEPT11,AATK,1,1
SEPT11,API5,1,1
SEPT11,ARHGEF6,1,1
SEPT11,BTBD10,1,1
SEPT11,C3ORF70,1,1
SEPT11,CENPV,1,1
SEPT11,CEP112,1,1
SEPT11,CLTCL1,1,1
SEPT11,CORO1C,1,1
SEPT11,FAS,1,1
SEPT11,GDF11,1,1
SEPT11,GNG2,1,1
SEPT11,HNRNPA3,1,1
SEPT11,IFT27,1,1
SEPT11,ITM2A,1,1
SEPT11,KCNA2,1,1
SEPT11,LAMA5,1,1
SEPT11,LPAR3,1,1
SEPT11,MAN1C1,1,1
SEPT11,MBD5,1,1
SEPT11,MBOAT7,1,1
SEPT11,MTG2,1,1
SEPT11,PNPLA6,1,1
SEPT11,POC1A,1,1
SEPT11,PRKD1,1,1
SEPT11,PSMB7,1,1
SEPT11,RTKN2,1,1
SEPT11,SESN1,1,1
SEPT11,SH3BP4,1,1
SEPT11,SLC39A8,1,1
SEPT11,SRRM3,1,1
SEPT11,SUV39H2,1,1
SEPT11,TES,1,1
SEPT11,THEM6,1,1
SEPT11,VASH1,1,1
LPAR6,ACBD6,1,1
LPAR6,ELOVL7,1,1
LPAR6,FAF1,1,1
LPAR6,FHL1,1,1
LPAR6,HDAC9,1,1
LPAR6,LSAMP,1,1
LPAR6,SEC23B,1,1
LPAR6,SIAE,1,1
LPAR6,ZFP64,1,1
FAM73A,ANXA7,1,1
FAM73A,API5,1,1
FAM73A,ARPC2,1,1
FAM73A,C11ORF58,1,1
FAM73A,CLIP4,1,1
FAM73A,CLTCL1,1,1
FAM73A,CORO1C,1,1
FAM73A,FKBP1A,1,1
FAM73A,GDF11,1,1
FAM73A,GNAI3,1,1
FAM73A,GSTCD,1,1
FAM73A,GZF1,1,1
FAM73A,HAPLN3,1,1
FAM73A,IPO7,1,1
FAM73A,KRAS,1,1
FAM73A,LPAR3,1,1
FAM73A,MBOAT7,1,1
FAM73A,MGST1,1,1
FAM73A,MKKS,1,1
FAM73A,NAP1L4,1,1
FAM73A,ODF2L,1,1
FAM73A,RARA,1,1
FAM73A,RCHY1,1,1
FAM73A,RNF182,1,1
FAM73A,SF3B1,1,1
FAM73A,TBCB,1,1
FAM73A,TBX18,1,1
FAM73A,TMEM65,1,1
FAM73A,TSEN34,1,1
FAM73A,ZDHHC13,1,1
PRAF2,C11ORF49,1,1
PRAF2,CA11,1,1
PRAF2,COG4,1,1
PRAF2,DBF4,1,1
PRAF2,FBXO5,1,1
PRAF2,GPR137,1,1
PRAF2,MTHFD1,1,1
PRAF2,NPM1,1,1
PRAF2,NUP85,1,1
PRAF2,PHF21A,1,1
PRAF2,SATB1,1,1
PRAF2,SUZ12,1,1
PRAF2,TCP1,1,1
PPP1CC,ACP1,1,1
PPP1CC,ANAPC1,1,1
PPP1CC,ANLN,1,1
PPP1CC,ASAP1,1,1
PPP1CC,ATAD5,1,1
PPP1CC,BTBD1,1,1
PPP1CC,CAB39,1,1
PPP1CC,CCT4,1,1
PPP1CC,CENPQ,1,1
PPP1CC,CHAF1A,1,1
PPP1CC,CTPS1,1,1
PPP1CC,DCAF8,1,1
PPP1CC,DLG4,1,1
PPP1CC,EPT1,1,1
PPP1CC,ERCC6L,1,1
PPP1CC,EVI5L,1,1
PPP1CC,EWSR1,1,1
PPP1CC,FASTKD2,1,1
PPP1CC,GCFC2,1,1
PPP1CC,HMGN2,1,1
PPP1CC,HNRNPAB,1,1
PPP1CC,KIF23,1,1
PPP1CC,KLC4,1,1
PPP1CC,LIN9,1,1
PPP1CC,LRP10,1,1
PPP1CC,MCM6,1,1
PPP1CC,MCM7,1,1
PPP1CC,MRPS35,1,1
PPP1CC,MTHFD1,1,1
PPP1CC,NCAPG,1,1
PPP1CC,NCAPH,1,1
PPP1CC,NPM1,1,1
PPP1CC,OLA1,1,1
PPP1CC,OSGIN2,1,1
PPP1CC,PFDN4,1,1
PPP1CC,PHF19,1,1
PPP1CC,POLA1,1,1
PPP1CC,POLE,1,1
PPP1CC,PRKAR2A,1,1
PPP1CC,PRMT3,1,1
PPP1CC,PSMD1,1,1
PPP1CC,PSMG1,1,1
PPP1CC,RANBP1,1,1
PPP1CC,RAPGEF6,1,1
PPP1CC,RRNAD1,1,1
PPP1CC,SGO2,1,1
PPP1CC,SLC44A2,1,1
PPP1CC,SMC4,1,1
PPP1CC,SMYD5,1,1
PPP1CC,SPC25,1,1
PPP1CC,TARDBP,1,1
PPP1CC,TMEM134,1,1
PPP1CC,TMPO,1,1
PPP1CC,UBE2S,1,1
PPP1CC,UBXN6,1,1
PPP1CC,WDR12,1,1
PPP1CC,XPO1,1,1
PPP1CC,XRCC6,1,1
PPP1CC,ZC3H15,1,1
PPP1CC,ZDHHC1,1,1
PPP1CC,ZNF224,1,1
RAB27B,ARPC2,1,1
RAB27B,ATXN7,1,1
RAB27B,E2F8,1,1
RAB27B,EVI2A,1,1
RAB27B,FKBP1A,1,1
RAB27B,HAPLN3,1,1
RAB27B,INO80D,1,1
RAB27B,MGST1,1,1
RAB27B,MKKS,1,1
RAB27B,MRPL17,1,1
RAB27B,NABP1,1,1
RAB27B,NUB1,1,1
RAB27B,ODF2L,1,1
RAB27B,PIK3C2A,1,1
RAB27B,PRTG,1,1
RAB27B,RCHY1,1,1
RAB27B,RNF182,1,1
RAB27B,SLC25A26,1,1
RAB27B,ZNF100,1,1
MEA1,BOD1,1,1
MEA1,CCND1,1,1
MEA1,CHMP4B,1,1
MEA1,EEF1GP1,1,1
MEA1,FAM110B,1,1
MEA1,GAA,1,1
MEA1,MICB,1,1
MEA1,NID1,1,1
MEA1,NSFL1C,1,1
MEA1,PANK2,1,1
MEA1,PSMF1,1,1
MEA1,PXDC1,1,1
MEA1,SLC25A5P1,1,1
MEA1,SRC,1,1
MEA1,TCF20,1,1
MEA1,ZBTB21,1,1
IPO7,ADNP,1,1
IPO7,AEN,1,1
IPO7,ANXA7,1,1
IPO7,API5,1,1
IPO7,ARHGEF40,1,1
IPO7,C11ORF58,1,1
IPO7,CDCA7,1,1
IPO7,CENPV,1,1
IPO7,CHRAC1,1,1
IPO7,CLTCL1,1,1
IPO7,CORO1C,1,1
IPO7,CPSF4,1,1
IPO7,CRAT,1,1
IPO7,DCP1B,1,1
IPO7,DDX27,1,1
IPO7,DHFR,1,1
IPO7,DTYMK,1,1
IPO7,E2F3,1,1
IPO7,FAR1,1,1
IPO7,GNAI3,1,1
IPO7,HNRNPA3,1,1
IPO7,IL4R,1,1
IPO7,ISOC1,1,1
IPO7,ITFG1,1,1
IPO7,KBTBD8,1,1
IPO7,LAMA5,1,1
IPO7,LPAR3,1,1
IPO7,MAPRE1,1,1
IPO7,MBD5,1,1
IPO7,MBOAT7,1,1
IPO7,MCM8,1,1
IPO7,MGST1,1,1
IPO7,MKKS,1,1
IPO7,NAP1L4,1,1
IPO7,NDUFAF1,1,1
IPO7,NUP35,1,1
IPO7,ODF2L,1,1
IPO7,PCNA,1,1
IPO7,PNPLA6,1,1
IPO7,PRKACA,1,1
IPO7,RANGAP1,1,1
IPO7,RCHY1,1,1
IPO7,SF3B1,1,1
IPO7,SLC43A3,1,1
IPO7,SP140L,1,1
IPO7,SPTY2D1,1,1
IPO7,SUSD6,1,1
IPO7,TBCB,1,1
IPO7,TBKBP1,1,1
IPO7,TCOF1,1,1
IPO7,VASH1,1,1
IPO7,ZFP36L1,1,1
IPO7,ZGPAT,1,1
IPO7,ZNF100,1,1
IPO7,ZNF521,1,1
RANGAP1,ACTR5,1,1
RANGAP1,ANGPTL2,1,1
RANGAP1,ANXA7,1,1
RANGAP1,API5,1,1
RANGAP1,APPBP2,1,1
RANGAP1,ARMCX3,1,1
RANGAP1,ATP10D,1,1
RANGAP1,BAG2,1,1
RANGAP1,BID,1,1
RANGAP1,CAMK4,1,1
RANGAP1,CCNE2,1,1
RANGAP1,CCT4,1,1
RANGAP1,CHRAC1,1,1
RANGAP1,CPSF4,1,1
RANGAP1,DCP1B,1,1
RANGAP1,DDX27,1,1
RANGAP1,DTYMK,1,1
RANGAP1,E2F1,1,1
RANGAP1,EIF4G2,1,1
RANGAP1,ERBB2,1,1
RANGAP1,ESF1,1,1
RANGAP1,EZH2,1,1
RANGAP1,FAM103A1,1,1
RANGAP1,FASTKD2,1,1
RANGAP1,FASTKD5,1,1
RANGAP1,GSE1,1,1
RANGAP1,HELLS,1,1
RANGAP1,HNRNPA3,1,1
RANGAP1,ISOC1,1,1
RANGAP1,KBTBD8,1,1
RANGAP1,LAMA5,1,1
RANGAP1,LRP1,1,1
RANGAP1,LRP3,1,1
RANGAP1,MAPRE1,1,1
RANGAP1,MCM7,1,1
RANGAP1,MCM8,1,1
RANGAP1,MRPL30,1,1
RANGAP1,MRPS18C,1,1
RANGAP1,MYO19,1,1
RANGAP1,NDUFAB1,1,1
RANGAP1,NUP62,1,1
RANGAP1,PAQR4,1,1
RANGAP1,PCNA,1,1
RANGAP1,PDAP1,1,1
RANGAP1,PHF5A,1,1
RANGAP1,PNPLA6,1,1
RANGAP1,POLQ,1,1
RANGAP1,POP4,1,1
RANGAP1,PRDX3,1,1
RANGAP1,PSMA1,1,1
RANGAP1,PUF60,1,1
RANGAP1,RAE1,1,1
RANGAP1,RASSF7,1,1
RANGAP1,RAVER2,1,1
RANGAP1,RRM1,1,1
RANGAP1,SASS6,1,1
RANGAP1,SERPINB2,1,1
RANGAP1,SGMS2,1,1
RANGAP1,SH3BP4,1,1
RANGAP1,SKA1,1,1
RANGAP1,SMPD4,1,1
RANGAP1,SP140L,1,1
RANGAP1,SPACA9,1,1
RANGAP1,SPATA6,1,1
RANGAP1,SPDL1,1,1
RANGAP1,SRXN1,1,1
RANGAP1,TARDBP,1,1
RANGAP1,TBC1D5,1,1
RANGAP1,TBCB,1,1
RANGAP1,TBKBP1,1,1
RANGAP1,TCOF1,1,1
RANGAP1,TMCC1,1,1
RANGAP1,TMEM237,1,1
RANGAP1,TOMM22,1,1
RANGAP1,TRMT6,1,1
RANGAP1,ZCCHC24,1,1
RANGAP1,ZFAND1,1,1
RANGAP1,ZMAT3,1,1
PUSL1,ACP1,1,1
PUSL1,ADSL,1,1
PUSL1,ALG10,1,1
PUSL1,ANO10,1,1
PUSL1,APMAP,1,1
PUSL1,ARMC6,1,1
PUSL1,CAT,1,1
PUSL1,CBLL1,1,1
PUSL1,CCNYL1,1,1
PUSL1,CDC45,1,1
PUSL1,CDKN2AIPNL,1,1
PUSL1,COPB1,1,1
PUSL1,COPS6,1,1
PUSL1,CTNNBL1,1,1
PUSL1,DBF4,1,1
PUSL1,DCLRE1B,1,1
PUSL1,DSN1,1,1
PUSL1,E2F6,1,1
PUSL1,ELOVL4,1,1
PUSL1,EXD2,1,1
PUSL1,GOLGA7,1,1
PUSL1,GORASP2,1,1
PUSL1,HMMR,1,1
PUSL1,HSPE1,1,1
PUSL1,IMMT,1,1
PUSL1,KCTD5,1,1
PUSL1,ME2,1,1
PUSL1,MED21,1,1
PUSL1,MRPL20,1,1
PUSL1,MRTO4,1,1
PUSL1,MYO1B,1,1
PUSL1,NFYC,1,1
PUSL1,NIF3L1,1,1
PUSL1,NRAS,1,1
PUSL1,NUF2,1,1
PUSL1,NUP98,1,1
PUSL1,PAX9,1,1
PUSL1,PCBP1,1,1
PUSL1,PHC1,1,1
PUSL1,POP7,1,1
PUSL1,PPM1M,1,1
PUSL1,PRELID3B,1,1
PUSL1,PSMA7,1,1
PUSL1,PSMD6,1,1
PUSL1,RBL1,1,1
PUSL1,RBM15,1,1
PUSL1,RPS19BP1,1,1
PUSL1,SCO2,1,1
PUSL1,SH3D19,1,1
PUSL1,SLC25A32,1,1
PUSL1,SNRPA1,1,1
PUSL1,SNU13,1,1
PUSL1,THOC7,1,1
PUSL1,TMEM106C,1,1
PUSL1,TPD52,1,1
PUSL1,UBE2S,1,1
PUSL1,UBIAD1,1,1
PUSL1,WDR3,1,1
PUSL1,ZNF211,1,1
PUSL1,ZNF549,1,1
ENGASE,ALMS1,1,1
ENGASE,BSCL2,1,1
ENGASE,GTF2IP20,1,1
ENGASE,NUPR1,1,1
ENGASE,RAD52,1,1
ANO10,ACP1,1,1
ANO10,ADRM1,1,1
ANO10,ADSL,1,1
ANO10,AKT1,1,1
ANO10,APMAP,1,1
ANO10,ATIC,1,1
ANO10,BOLA2B,1,1
ANO10,BRSK2,1,1
ANO10,C2ORF47,1,1
ANO10,C4ORF3,1,1
ANO10,CALHM2,1,1
ANO10,CBLL1,1,1
ANO10,CCDC9,1,1
ANO10,CCNYL1,1,1
ANO10,CD44,1,1
ANO10,CDC45,1,1
ANO10,CHTF18,1,1
ANO10,COPS6,1,1
ANO10,CPSF3L,1,1
ANO10,CTNNBL1,1,1
ANO10,DCAF5,1,1
ANO10,DSG2,1,1
ANO10,DSN1,1,1
ANO10,EIF2S2,1,1
ANO10,ELOVL4,1,1
ANO10,EXD2,1,1
ANO10,GCFC2,1,1
ANO10,GOLGA7,1,1
ANO10,GPN3,1,1
ANO10,GTF3C2,1,1
ANO10,HMMR,1,1
ANO10,HSPD1,1,1
ANO10,HSPE1,1,1
ANO10,IMMT,1,1
ANO10,KNTC1,1,1
ANO10,MAP3K9,1,1
ANO10,MARK1,1,1
ANO10,MCM5,1,1
ANO10,MEF2D,1,1
ANO10,MRPL20,1,1
ANO10,NFYC,1,1
ANO10,ONECUT2,1,1
ANO10,PAX9,1,1
ANO10,PCBP1,1,1
ANO10,PIGU,1,1
ANO10,PKM,1,1
ANO10,PLEKHA3,1,1
ANO10,POP5,1,1
ANO10,POP7,1,1
ANO10,PPM1M,1,1
ANO10,PRELID3B,1,1
ANO10,PSMA7,1,1
ANO10,PSMD6,1,1
ANO10,PYGL,1,1
ANO10,RAD54L,1,1
ANO10,RALGAPA1,1,1
ANO10,RPE,1,1
ANO10,RRP7A,1,1
ANO10,RYK,1,1
ANO10,SEMA3C,1,1
ANO10,SFXN1,1,1
ANO10,SH3D19,1,1
ANO10,SIKE1,1,1
ANO10,SNRPA1,1,1
ANO10,SNU13,1,1
ANO10,THOC7,1,1
ANO10,TMED5,1,1
ANO10,TNKS,1,1
ANO10,UBE2S,1,1
ANO10,XRCC4,1,1
ANO10,XRCC6,1,1
ANO10,ZBTB47,1,1
ANO10,ZNF211,1,1
ANO10,ZNF549,1,1
MBOAT7,AATK,1,1
MBOAT7,ANXA7,1,1
MBOAT7,API5,1,1
MBOAT7,APLP2,1,1
MBOAT7,BTBD10,1,1
MBOAT7,C3ORF70,1,1
MBOAT7,CEP112,1,1
MBOAT7,CLTCL1,1,1
MBOAT7,COPS7A,1,1
MBOAT7,CORO1C,1,1
MBOAT7,FAM103A1,1,1
MBOAT7,GDF11,1,1
MBOAT7,GNAI3,1,1
MBOAT7,GSTA4,1,1
MBOAT7,GZF1,1,1
MBOAT7,IL4R,1,1
MBOAT7,LPAR3,1,1
MBOAT7,MCM8,1,1
MBOAT7,MTG2,1,1
MBOAT7,PRKD1,1,1
MBOAT7,RIOK3,1,1
MBOAT7,SGMS2,1,1
MBOAT7,SH3BP4,1,1
MBOAT7,SPRYD3,1,1
MBOAT7,TBCB,1,1
MBOAT7,TES,1,1
MBOAT7,THEM6,1,1
MBOAT7,VASH1,1,1
MBOAT7,WEE1,1,1
MBOAT7,ZNF521,1,1
MBOAT7,ZNF585A,1,1
MBOAT7,ZNRF1,1,1
ATAD5,ANAPC1,1,1
ATAD5,ASF1B,1,1
ATAD5,ASPM,1,1
ATAD5,CCT4,1,1
ATAD5,CENPO,1,1
ATAD5,CENPQ,1,1
ATAD5,CHAF1A,1,1
ATAD5,CTPS1,1,1
ATAD5,ECT2,1,1
ATAD5,EPT1,1,1
ATAD5,ERCC6L,1,1
ATAD5,EZH2,1,1
ATAD5,FAM120C,1,1
ATAD5,FASTKD2,1,1
ATAD5,HAUS8,1,1
ATAD5,HILPDA,1,1
ATAD5,HMGN2,1,1
ATAD5,HNRNPAB,1,1
ATAD5,HSPB11,1,1
ATAD5,KIF23,1,1
ATAD5,LIN9,1,1
ATAD5,LRP10,1,1
ATAD5,MCM4,1,1
ATAD5,MCM6,1,1
ATAD5,MCM7,1,1
ATAD5,MRPL14,1,1
ATAD5,MTBP,1,1
ATAD5,MTHFD1,1,1
ATAD5,NCAPG,1,1
ATAD5,OIP5,1,1
ATAD5,PFDN4,1,1
ATAD5,PHF19,1,1
ATAD5,POLE,1,1
ATAD5,PRDX3,1,1
ATAD5,PRMT3,1,1
ATAD5,PSMG1,1,1
ATAD5,RANBP1,1,1
ATAD5,SGO1,1,1
ATAD5,SGO2,1,1
ATAD5,SMC4,1,1
ATAD5,SPC25,1,1
ATAD5,SUV39H1,1,1
ATAD5,TMPO,1,1
ATAD5,TTK,1,1
ATAD5,UBXN6,1,1
ATAD5,WDR62,1,1
ATAD5,ZNF367,1,1
TP53INP2,C12ORF76,1,1
HSPD1,ADRM1,1,1
HSPD1,ANAPC1,1,1
HSPD1,ARL 2.00,1,1
HSPD1,ARMC6,1,1
HSPD1,ATIC,1,1
HSPD1,C11ORF49,1,1
HSPD1,C2ORF47,1,1
HSPD1,CAT,1,1
HSPD1,CDC45,1,1
HSPD1,COPS6,1,1
HSPD1,DBF4,1,1
HSPD1,DCAF5,1,1
HSPD1,E2F6,1,1
HSPD1,EML4,1,1
HSPD1,EXD2,1,1
HSPD1,FANCB,1,1
HSPD1,FBXL20,1,1
HSPD1,GCFC2,1,1
HSPD1,GLIPR2,1,1
HSPD1,GPN3,1,1
HSPD1,GTF3C2,1,1
HSPD1,HMMR,1,1
HSPD1,HSP90AB1,1,1
HSPD1,HSPA4,1,1
HSPD1,HSPA9,1,1
HSPD1,HSPE1,1,1
HSPD1,KPNB1,1,1
HSPD1,LINC01420,1,1
HSPD1,MAP3K9,1,1
HSPD1,MARK4,1,1
HSPD1,MCM5,1,1
HSPD1,MRPL20,1,1
HSPD1,MRS2,1,1
HSPD1,MTRR,1,1
HSPD1,NCAPG,1,1
HSPD1,NCAPG2,1,1
HSPD1,NCL,1,1
HSPD1,PCBP1,1,1
HSPD1,PEX11B,1,1
HSPD1,PKM,1,1
HSPD1,PLEKHA3,1,1
HSPD1,PNO1,1,1
HSPD1,POP7,1,1
HSPD1,PPM1M,1,1
HSPD1,PSMD6,1,1
HSPD1,RAN,1,1
HSPD1,RRP7A,1,1
HSPD1,SEMA3C,1,1
HSPD1,SFXN1,1,1
HSPD1,SH3D19,1,1
HSPD1,SLC25A32,1,1
HSPD1,SNRPA1,1,1
HSPD1,SNRPD3,1,1
HSPD1,SNU13,1,1
HSPD1,SUZ12,1,1
HSPD1,TAF1B,1,1
HSPD1,THOC7,1,1
HSPD1,TMEM134,1,1
HSPD1,TMEM33,1,1
HSPD1,TP53INP1,1,1
HSPD1,TYMS,1,1
HSPD1,UBE2SP2,1,1
HSPD1,UTP6,1,1
HSPD1,WDR3,1,1
HSPD1,XPO1,1,1
HSPD1,XRCC4,1,1
HSPD1,XRCC6,1,1
HSPD1,YPEL5,1,1
HSPD1,ZBTB47,1,1
HSPD1,ZC3H15,1,1
ZIC1,AKIP1,1,1
ZIC1,AL589743.1,1,1
ZIC1,ANGPTL2,1,1
ZIC1,ANXA7,1,1
ZIC1,APPBP2,1,1
ZIC1,ARMCX6,1,1
ZIC1,BMP4,1,1
ZIC1,BOLA2,1,1
ZIC1,CAMK4,1,1
ZIC1,CBR1,1,1
ZIC1,CCDC125,1,1
ZIC1,CDON,1,1
ZIC1,DIXDC1,1,1
ZIC1,GMPPB,1,1
ZIC1,GSE1,1,1
ZIC1,HDAC9,1,1
ZIC1,HERC2,1,1
ZIC1,ITCH,1,1
ZIC1,LRP3,1,1
ZIC1,MANBAL,1,1
ZIC1,MARC2,1,1
ZIC1,MAZ,1,1
ZIC1,MRAS,1,1
ZIC1,PAQR4,1,1
ZIC1,PDE4A,1,1
ZIC1,PSMA1,1,1
ZIC1,PTPN13,1,1
ZIC1,RAVER2,1,1
ZIC1,RHBDD2,1,1
ZIC1,ROMO1,1,1
ZIC1,SGMS2,1,1
ZIC1,SIDT2,1,1
ZIC1,SLC12A7,1,1
ZIC1,SPTY2D1,1,1
ZIC1,SRXN1,1,1
ZIC1,TANK,1,1
ZIC1,THOC5,1,1
ZIC1,THRA,1,1
ZIC1,TTI1,1,1
ZIC1,WEE1,1,1
ZIC1,ZFAND1,1,1
ZIC1,ZNF521,1,1
ZIC1,ZNF585A,1,1
EZH2,ACTR5,1,1
EZH2,AEN,1,1
EZH2,ASF1B,1,1
EZH2,BAG2,1,1
EZH2,BTBD1,1,1
EZH2,C19ORF48,1,1
EZH2,CCNE2,1,1
EZH2,CCT4,1,1
EZH2,CDCA7,1,1
EZH2,CENPQ,1,1
EZH2,CHRAC1,1,1
EZH2,CNOT9,1,1
EZH2,CPSF4,1,1
EZH2,DCTPP1,1,1
EZH2,DHFR,1,1
EZH2,DTYMK,1,1
EZH2,E2F1,1,1
EZH2,EIF4G2,1,1
EZH2,EPT1,1,1
EZH2,ESF1,1,1
EZH2,EWSR1,1,1
EZH2,FASTKD2,1,1
EZH2,FASTKD5,1,1
EZH2,GEN1,1,1
EZH2,HAUS8,1,1
EZH2,HELLS,1,1
EZH2,HILPDA,1,1
EZH2,HMGN2,1,1
EZH2,KBTBD8,1,1
EZH2,LRP10,1,1
EZH2,MAPRE1,1,1
EZH2,MCM7,1,1
EZH2,MRPL14,1,1
EZH2,MRPL30,1,1
EZH2,MTBP,1,1
EZH2,MYO19,1,1
EZH2,NDUFAB1,1,1
EZH2,NHP2,1,1
EZH2,NOP56,1,1
EZH2,NUP62,1,1
EZH2,PAQR4,1,1
EZH2,PCNA,1,1
EZH2,PHF19,1,1
EZH2,PHF5A,1,1
EZH2,POLQ,1,1
EZH2,PPAT,1,1
EZH2,PRDX3,1,1
EZH2,PSMA1,1,1
EZH2,RAE1,1,1
EZH2,RANBP1,1,1
EZH2,RAVER2,1,1
EZH2,RRM2,1,1
EZH2,SKA1,1,1
EZH2,SMC4,1,1
EZH2,SMPD4,1,1
EZH2,SPDL1,1,1
EZH2,SPTY2D1,1,1
EZH2,SRXN1,1,1
EZH2,TARDBP,1,1
EZH2,TBKBP1,1,1
EZH2,TCOF1,1,1
EZH2,TICRR,1,1
EZH2,TIMM21,1,1
EZH2,TMCC1,1,1
EZH2,TMEM237,1,1
EZH2,TOMM22,1,1
EZH2,UBXN6,1,1
EZH2,ZMAT3,1,1
CLDN15,CDC42SE2,1,1
CLDN15,CERS1,1,1
CLDN15,CPSF1P1,1,1
CLDN15,MAGI2,1,1
CLDN15,UBE2F,1,1
ZGPAT,ANXA7,1,1
ZGPAT,APLP2,1,1
ZGPAT,ARHGEF40,1,1
ZGPAT,DDX27,1,1
ZGPAT,IL4R,1,1
ZGPAT,ITFG1,1,1
ZGPAT,MCM8,1,1
ZGPAT,MLLT3,1,1
ZGPAT,NDUFAF1,1,1
ZGPAT,SERPINB2,1,1
ZGPAT,SF3B1,1,1
ZGPAT,SRXN1,1,1
ZGPAT,SUSD6,1,1
ZGPAT,TBC1D5,1,1
ZGPAT,TBCB,1,1
ZGPAT,TBKBP1,1,1
ZGPAT,TCOF1,1,1
ZGPAT,ZNF521,1,1
LTV1,HSPA9,1,1
LTV1,LRPPRC,1,1
LTV1,NCL,1,1
LTV1,PEX11B,1,1
LTV1,PNO1,1,1
LTV1,ROGDI,1,1
LTV1,SFPQ,1,1
LTV1,SSB,1,1
LTV1,TMEM129,1,1
LTV1,UTP20,1,1
SLC25A3,LSM 2.00,1,1
SLC25A3,PGP,1,1
AKAP17A,ACSF3,1,1
AKAP17A,CLK2,1,1
SMYD3,BCS1L,1,1
RNF11,SLC30A6,1,1
SCAP,ACTR3,1,1
SCAP,ARPC2,1,1
SCAP,ATXN7,1,1
SCAP,AZIN1,1,1
SCAP,CCNH,1,1
SCAP,FKBP1A,1,1
SCAP,HINT1,1,1
SCAP,KPNA1,1,1
SCAP,KRAS,1,1
SCAP,PIK3C2A,1,1
SCAP,PPP6R3,1,1
SCAP,PRTG,1,1
SCAP,RASSF8,1,1
SCAP,RCHY1,1,1
SCAP,STAU1,1,1
SCAP,SUOX,1,1
SCAP,ZFP36L1,1,1
TMEM160,ATP6V0E2,1,1
TMEM160,HR,1,1
TMEM160,MZT2A,1,1
LSM 2.00,ACACA,1,1
LSM 2.00,NDUFS8,1,1
LSM 2.00,PGP,1,1
LSM 2.00,WNK1,1,1
POP7,ADRM1,1,1
POP7,ARL 2.00,1,1
POP7,ARMC6,1,1
POP7,ATIC,1,1
POP7,C11ORF49,1,1
POP7,C2ORF47,1,1
POP7,CAT,1,1
POP7,CDC45,1,1
POP7,COPS6,1,1
POP7,DBF4,1,1
POP7,DCAF5,1,1
POP7,DSN1,1,1
POP7,EML4,1,1
POP7,EXD2,1,1
POP7,FANCB,1,1
POP7,GCFC2,1,1
POP7,GLIPR2,1,1
POP7,GPN3,1,1
POP7,GTF3C2,1,1
POP7,HMMR,1,1
POP7,HSP90AB1,1,1
POP7,HSPA4,1,1
POP7,HSPA9,1,1
POP7,HSPE1,1,1
POP7,KPNB1,1,1
POP7,LINC01420,1,1
POP7,MAP3K9,1,1
POP7,MCM5,1,1
POP7,MOCS2,1,1
POP7,MRPL20,1,1
POP7,NCAPG,1,1
POP7,NCAPG2,1,1
POP7,NCL,1,1
POP7,PKM,1,1
POP7,PLEKHA3,1,1
POP7,PNO1,1,1
POP7,PPM1M,1,1
POP7,PSMD6,1,1
POP7,RAN,1,1
POP7,RRP7A,1,1
POP7,SEMA3C,1,1
POP7,SFXN1,1,1
POP7,SLC25A32,1,1
POP7,SNRPA1,1,1
POP7,SNRPD3,1,1
POP7,SNU13,1,1
POP7,SUZ12,1,1
POP7,TAF1B,1,1
POP7,THOC7,1,1
POP7,TMEM134,1,1
POP7,TP53INP1,1,1
POP7,TYMS,1,1
POP7,UTP6,1,1
POP7,WDR3,1,1
POP7,XRCC6,1,1
POP7,YPEL5,1,1
POP7,ZC3H15,1,1
PRTG,ACP2,1,1
PRTG,ACTR3,1,1
PRTG,ALG10,1,1
PRTG,ARPC2,1,1
PRTG,ATXN7,1,1
PRTG,AZIN1,1,1
PRTG,C11ORF58,1,1
PRTG,C15ORF57,1,1
PRTG,CCNH,1,1
PRTG,CDKN2AIPNL,1,1
PRTG,CNOT9,1,1
PRTG,COPB1,1,1
PRTG,CSE1L,1,1
PRTG,CSTF1,1,1
PRTG,DSCC1,1,1
PRTG,DSTN,1,1
PRTG,E2F8,1,1
PRTG,EVI2A,1,1
PRTG,FKBP1A,1,1
PRTG,G3BP1,1,1
PRTG,GORASP2,1,1
PRTG,HAPLN3,1,1
PRTG,HINT1,1,1
PRTG,IFT46,1,1
PRTG,IMPA1,1,1
PRTG,KRAS,1,1
PRTG,MED21,1,1
PRTG,MGST1,1,1
PRTG,MRPL17,1,1
PRTG,NIF3L1,1,1
PRTG,NR2C2AP,1,1
PRTG,NUB1,1,1
PRTG,NUP35,1,1
PRTG,ODF2L,1,1
PRTG,PARP1,1,1
PRTG,PAXBP1,1,1
PRTG,PIK3C2A,1,1
PRTG,PPP6R3,1,1
PRTG,PSMA7,1,1
PRTG,RCHY1,1,1
PRTG,RNASEH2A,1,1
PRTG,RNF182,1,1
PRTG,SLC25A26,1,1
PRTG,SPAG1,1,1
PRTG,STAU1,1,1
PRTG,TMEM106C,1,1
PRTG,TPD52,1,1
PRTG,TSEN34,1,1
PRTG,UQCC1,1,1
PRTG,YWHAZ,1,1
UBOX5,ROBO2,1,1
UBOX5,TAF10,1,1
ATF5,DCTPP1,1,1
ATF5,RPUSD1,1,1
PSMG1,CENPQ,1,1
PSMG1,CHAF1A,1,1
PSMG1,CTPS1,1,1
PSMG1,EPT1,1,1
PSMG1,ERCC6L,1,1
PSMG1,FAM214A,1,1
PSMG1,FUS,1,1
PSMG1,HMGN2,1,1
PSMG1,HNRNPAB,1,1
PSMG1,KHSRP,1,1
PSMG1,LRP10,1,1
PSMG1,MCM4,1,1
PSMG1,MCM6,1,1
PSMG1,MRPL14,1,1
PSMG1,MRPS35,1,1
PSMG1,MTHFD1,1,1
PSMG1,NCAPG,1,1
PSMG1,PHF19,1,1
PSMG1,POLE,1,1
PSMG1,PPAT,1,1
PSMG1,RANBP1,1,1
PSMG1,RRNAD1,1,1
PSMG1,TEP1,1,1
PSMG1,TNK2,1,1
PSMG1,UBXN6,1,1
PSMG1,WDR62,1,1
ALDH3A2,AATK,1,1
ALDH3A2,APPBP2,1,1
ALDH3A2,ARMCX3,1,1
ALDH3A2,ARMCX6,1,1
ALDH3A2,ATP10D,1,1
ALDH3A2,DIXDC1,1,1
ALDH3A2,ELMO2,1,1
ALDH3A2,ERI2,1,1
ALDH3A2,KCNA2,1,1
ALDH3A2,LBH,1,1
ALDH3A2,LRP3,1,1
ALDH3A2,MYBL1,1,1
ALDH3A2,PDAP1,1,1
ALDH3A2,PLP2,1,1
ALDH3A2,RAVER2,1,1
ALDH3A2,SKA1,1,1
ALDH3A2,TMEM173,1,1
ALDH3A2,WDR60,1,1
ALDH3A2,ZCCHC24,1,1
COX5A,FAAP24,1,1
GLI3,ABHD15,1,1
GLI3,ATP8B2,1,1
GLI3,CEP112,1,1
GLI3,DMD,1,1
GLI3,EMP2,1,1
GLI3,EPN2,1,1
GLI3,ETV6,1,1
GLI3,FAM110B,1,1
GLI3,KIAA1549,1,1
GLI3,MAN1C1,1,1
GLI3,MID2,1,1
GLI3,ORAOV1,1,1
GLI3,PDE10A,1,1
GLI3,PIK3R4,1,1
GLI3,PLPPR2,1,1
GLI3,PPIL2,1,1
GLI3,RARG,1,1
GLI3,RBM43,1,1
GLI3,RHOG,1,1
GLI3,SLC2A10,1,1
GLI3,SRRM3,1,1
GLI3,SRSF11,1,1
GLI3,VWA5A,1,1
PLEKHA3,ANAPC1,1,1
PLEKHA3,ANLN,1,1
PLEKHA3,ARL 2.00,1,1
PLEKHA3,ATIC,1,1
PLEKHA3,BUB1,1,1
PLEKHA3,C2ORF47,1,1
PLEKHA3,CHIC1,1,1
PLEKHA3,DBF4,1,1
PLEKHA3,DCAF5,1,1
PLEKHA3,EML4,1,1
PLEKHA3,EXD2,1,1
PLEKHA3,FANCB,1,1
PLEKHA3,GLIPR2,1,1
PLEKHA3,GPN3,1,1
PLEKHA3,GTF3C2,1,1
PLEKHA3,HMMR,1,1
PLEKHA3,HSP90AB1,1,1
PLEKHA3,HSPA4,1,1
PLEKHA3,HSPA9,1,1
PLEKHA3,HSPE1,1,1
PLEKHA3,KPNB1,1,1
PLEKHA3,MAP3K9,1,1
PLEKHA3,MARK4,1,1
PLEKHA3,MCM5,1,1
PLEKHA3,MOCS2,1,1
PLEKHA3,MRPL20,1,1
PLEKHA3,MRPS30,1,1
PLEKHA3,MTRR,1,1
PLEKHA3,NCAPG2,1,1
PLEKHA3,NCL,1,1
PLEKHA3,PDCL3,1,1
PLEKHA3,PEX11B,1,1
PLEKHA3,PKM,1,1
PLEKHA3,PLK1,1,1
PLEKHA3,PNO1,1,1
PLEKHA3,PSMD6,1,1
PLEKHA3,RAD54L,1,1
PLEKHA3,RAN,1,1
PLEKHA3,RRP7A,1,1
PLEKHA3,SEMA3C,1,1
PLEKHA3,SFXN1,1,1
PLEKHA3,SLC25A32,1,1
PLEKHA3,SNRPA1,1,1
PLEKHA3,SNU13,1,1
PLEKHA3,SUZ12,1,1
PLEKHA3,TAF1B,1,1
PLEKHA3,TMEM134,1,1
PLEKHA3,TP53INP1,1,1
PLEKHA3,TYMS,1,1
PLEKHA3,UTP20,1,1
PLEKHA3,UTP6,1,1
PLEKHA3,WDR3,1,1
PLEKHA3,XRCC4,1,1
PLEKHA3,XRCC6,1,1
PLEKHA3,YPEL5,1,1
PLEKHA3,ZBTB47,1,1
FANCF,C5ORF30,1,1
FANCF,SCRN3,1,1
FANCF,SFRP1,1,1
FANCF,SLC30A6,1,1
FANCF,YIPF6,1,1
XRCC6,ACP1,1,1
XRCC6,ADRM1,1,1
XRCC6,ANAPC1,1,1
XRCC6,ANLN,1,1
XRCC6,ARL 2.00,1,1
XRCC6,ATIC,1,1
XRCC6,BUB1,1,1
XRCC6,C2ORF47,1,1
XRCC6,C4ORF3,1,1
XRCC6,CDCA8,1,1
XRCC6,COPS6,1,1
XRCC6,CTPS1,1,1
XRCC6,DBF4,1,1
XRCC6,DCAF5,1,1
XRCC6,DLG4,1,1
XRCC6,DNAJC4,1,1
XRCC6,DSG2,1,1
XRCC6,EIF2S2,1,1
XRCC6,FANCB,1,1
XRCC6,GCFC2,1,1
XRCC6,GLIPR2,1,1
XRCC6,GOSR2,1,1
XRCC6,GPN3,1,1
XRCC6,GTF3C2,1,1
XRCC6,HMMR,1,1
XRCC6,HSP90AB1,1,1
XRCC6,KPNB1,1,1
XRCC6,LIN9,1,1
XRCC6,LINC01420,1,1
XRCC6,MAP3K9,1,1
XRCC6,MCM5,1,1
XRCC6,MCM6,1,1
XRCC6,MOCS2,1,1
XRCC6,MRPL20,1,1
XRCC6,NCAPG,1,1
XRCC6,NCAPG2,1,1
XRCC6,NCAPH,1,1
XRCC6,NCL,1,1
XRCC6,PDCL3,1,1
XRCC6,PHF19,1,1
XRCC6,PKM,1,1
XRCC6,PLK1,1,1
XRCC6,PNO1,1,1
XRCC6,POLE,1,1
XRCC6,PPM1M,1,1
XRCC6,PRMT3,1,1
XRCC6,PSMD1,1,1
XRCC6,PSMD6,1,1
XRCC6,RAD54L,1,1
XRCC6,RAN,1,1
XRCC6,RANBP1,1,1
XRCC6,RRP7A,1,1
XRCC6,SFXN1,1,1
XRCC6,SGO2,1,1
XRCC6,SNRPA1,1,1
XRCC6,SPC25,1,1
XRCC6,STK19,1,1
XRCC6,TAF1B,1,1
XRCC6,TMEM134,1,1
XRCC6,TMPO,1,1
XRCC6,TP53INP1,1,1
XRCC6,TYMS,1,1
XRCC6,UBE2S,1,1
XRCC6,UTP6,1,1
XRCC6,WDR12,1,1
XRCC6,WDR3,1,1
XRCC6,WDR62,1,1
XRCC6,XPO1,1,1
XRCC6,ZC3H15,1,1
FAM103A1,AATK,1,1
FAM103A1,ACBD6,1,1
FAM103A1,ACTR5,1,1
FAM103A1,APLP2,1,1
FAM103A1,ARMCX3,1,1
FAM103A1,ARMCX6,1,1
FAM103A1,AXIN2,1,1
FAM103A1,BID,1,1
FAM103A1,BMP4,1,1
FAM103A1,BUB3,1,1
FAM103A1,C3ORF70,1,1
FAM103A1,CAMK4,1,1
FAM103A1,CAMKK2,1,1
FAM103A1,CBR1,1,1
FAM103A1,CCDC125,1,1
FAM103A1,COPS7A,1,1
FAM103A1,DGKQ,1,1
FAM103A1,ELL,1,1
FAM103A1,EPHX2,1,1
FAM103A1,ERI2,1,1
FAM103A1,EXOSC5,1,1
FAM103A1,FAF1,1,1
FAM103A1,FHL1,1,1
FAM103A1,GSTA4,1,1
FAM103A1,HNRNPA3,1,1
FAM103A1,ISOC1,1,1
FAM103A1,KCNA2,1,1
FAM103A1,KDM4C,1,1
FAM103A1,LINGO1,1,1
FAM103A1,LRP3,1,1
FAM103A1,MAT2B,1,1
FAM103A1,MCM8,1,1
FAM103A1,METTL2B,1,1
FAM103A1,MRPS18C,1,1
FAM103A1,MTG2,1,1
FAM103A1,MYBL1,1,1
FAM103A1,PDAP1,1,1
FAM103A1,PDE4A,1,1
FAM103A1,PIGC,1,1
FAM103A1,PLP2,1,1
FAM103A1,POP4,1,1
FAM103A1,PRKD1,1,1
FAM103A1,RABGAP1L,1,1
FAM103A1,RAE1,1,1
FAM103A1,RAVER2,1,1
FAM103A1,RHBDD2,1,1
FAM103A1,RIOK3,1,1
FAM103A1,RRAGA,1,1
FAM103A1,SASS6,1,1
FAM103A1,SEC23B,1,1
FAM103A1,SGMS2,1,1
FAM103A1,SH3BP4,1,1
FAM103A1,SP140L,1,1
FAM103A1,SPACA9,1,1
FAM103A1,SUMO1,1,1
FAM103A1,TCOF1,1,1
FAM103A1,TMEM120A,1,1
FAM103A1,TOMM22,1,1
FAM103A1,TRMT6,1,1
FAM103A1,VASH1,1,1
FAM103A1,WDR60,1,1
FAM103A1,YWHAQ,1,1
FAM103A1,ZNF521,1,1
FAM103A1,ZNF585A,1,1
NUF2,ACP1,1,1
NUF2,ACP2,1,1
NUF2,ADSL,1,1
NUF2,APMAP,1,1
NUF2,ATAD2,1,1
NUF2,AZIN1,1,1
NUF2,CCNYL1,1,1
NUF2,CDC45,1,1
NUF2,CDKN2AIPNL,1,1
NUF2,CNOT9,1,1
NUF2,COPB1,1,1
NUF2,COPS6,1,1
NUF2,CSE1L,1,1
NUF2,CTNNBL1,1,1
NUF2,DBF4,1,1
NUF2,DCAF5,1,1
NUF2,DLG4,1,1
NUF2,DSCC1,1,1
NUF2,DSN1,1,1
NUF2,DSTN,1,1
NUF2,DTYMK,1,1
NUF2,EGF,1,1
NUF2,ELOVL4,1,1
NUF2,EVI2A,1,1
NUF2,FAAP24,1,1
NUF2,FAM49B,1,1
NUF2,FASTKD2,1,1
NUF2,FKBP1A,1,1
NUF2,GORASP2,1,1
NUF2,GRK6,1,1
NUF2,HAUS8,1,1
NUF2,HIST3H2A,1,1
NUF2,HMMR,1,1
NUF2,IFT46,1,1
NUF2,IMMT,1,1
NUF2,IMPA1,1,1
NUF2,KNTC1,1,1
NUF2,MCM7,1,1
NUF2,ME2,1,1
NUF2,MED21,1,1
NUF2,MRPL20,1,1
NUF2,MRTO4,1,1
NUF2,MYO1B,1,1
NUF2,NCAPG,1,1
NUF2,NCAPH,1,1
NUF2,NFYC,1,1
NUF2,NIF3L1,1,1
NUF2,NRAS,1,1
NUF2,NUP35,1,1
NUF2,NUP98,1,1
NUF2,OLA1,1,1
NUF2,PARP1,1,1
NUF2,PAXBP1,1,1
NUF2,PCBP1,1,1
NUF2,PPM1M,1,1
NUF2,PRC1,1,1
NUF2,PRELID3B,1,1
NUF2,PSMA7,1,1
NUF2,PSMD6,1,1
NUF2,RAD21,1,1
NUF2,RBL1,1,1
NUF2,RNASEH2A,1,1
NUF2,RRM2,1,1
NUF2,SCO2,1,1
NUF2,SGO2,1,1
NUF2,SH3D19,1,1
NUF2,SNRPA1,1,1
NUF2,SPAG1,1,1
NUF2,SSBP3,1,1
NUF2,THOC7,1,1
NUF2,TICRR,1,1
NUF2,TMEM106C,1,1
NUF2,TMEM237,1,1
NUF2,UBE2S,1,1
NUF2,UBE2SP2,1,1
NUF2,XPO1,1,1
NUF2,ZMYM3,1,1
SLC25A32,ADSL,1,1
SLC25A32,ARMC6,1,1
SLC25A32,ASAP1,1,1
SLC25A32,ATIC,1,1
SLC25A32,CAT,1,1
SLC25A32,CDC45,1,1
SLC25A32,CHIC1,1,1
SLC25A32,COPS6,1,1
SLC25A32,DBF4,1,1
SLC25A32,DCAF5,1,1
SLC25A32,DCLRE1B,1,1
SLC25A32,E2F6,1,1
SLC25A32,EML4,1,1
SLC25A32,EXD2,1,1
SLC25A32,FBXL20,1,1
SLC25A32,GCFC2,1,1
SLC25A32,HMMR,1,1
SLC25A32,HSPA4,1,1
SLC25A32,HSPA9,1,1
SLC25A32,HSPE1,1,1
SLC25A32,KCTD5,1,1
SLC25A32,KPNB1,1,1
SLC25A32,LINC01420,1,1
SLC25A32,MRPL20,1,1
SLC25A32,MRS2,1,1
SLC25A32,MRTO4,1,1
SLC25A32,MYO1B,1,1
SLC25A32,NCL,1,1
SLC25A32,NRAS,1,1
SLC25A32,NUP98,1,1
SLC25A32,PCBP1,1,1
SLC25A32,PEX11B,1,1
SLC25A32,PHC1,1,1
SLC25A32,PITPNB,1,1
SLC25A32,PPM1M,1,1
SLC25A32,PPTC7,1,1
SLC25A32,PRELID3B,1,1
SLC25A32,PSMA7,1,1
SLC25A32,PSMD6,1,1
SLC25A32,PTP4A2,1,1
SLC25A32,RAN,1,1
SLC25A32,RBL1,1,1
SLC25A32,RPS19BP1,1,1
SLC25A32,RRP7A,1,1
SLC25A32,SATB1,1,1
SLC25A32,SCO2,1,1
SLC25A32,SH3D19,1,1
SLC25A32,SNRPA1,1,1
SLC25A32,SNRPD3,1,1
SLC25A32,SNU13,1,1
SLC25A32,SPICE1,1,1
SLC25A32,SRSF10,1,1
SLC25A32,THOC7,1,1
SLC25A32,UBE2SP2,1,1
SLC25A32,UBIAD1,1,1
SLC25A32,WDR3,1,1
SLC25A32,XPO1,1,1
APBA3,GALK1,1,1
APBA3,HN1L,1,1
APBA3,NTPCR,1,1
APBA3,SLC25A20,1,1
PCGF3,AKT1,1,1
PCGF3,ALG10B,1,1
PCGF3,APMAP,1,1
PCGF3,C2ORF47,1,1
PCGF3,C4ORF3,1,1
PCGF3,CD44,1,1
PCGF3,COPS6,1,1
PCGF3,DSG2,1,1
PCGF3,DYRK4,1,1
PCGF3,EIF2S2,1,1
PCGF3,HIST3H2A,1,1
PCGF3,IMMT,1,1
PCGF3,MTX2,1,1
PCGF3,OLA1,1,1
PCGF3,ONECUT2,1,1
PCGF3,PKM,1,1
PCGF3,POP5,1,1
PCGF3,PRELID3B,1,1
PCGF3,PROCR,1,1
PCGF3,PYGL,1,1
PCGF3,RPE,1,1
PCGF3,RYK,1,1
PCGF3,SCAND1,1,1
PCGF3,SEC24A,1,1
PCGF3,SH3D19,1,1
PCGF3,SIKE1,1,1
PCGF3,TMED5,1,1
PCGF3,TMEM216,1,1
PCGF3,XRCC4,1,1
PCGF3,YIPF5,1,1
PCGF3,ZBTB47,1,1
PCGF3,ZNF211,1,1
APMAP,ACP1,1,1
APMAP,ACP2,1,1
APMAP,ADRM1,1,1
APMAP,ADSL,1,1
APMAP,AKT1,1,1
APMAP,ALG10,1,1
APMAP,BOLA2B,1,1
APMAP,BRSK2,1,1
APMAP,C2ORF47,1,1
APMAP,C4ORF3,1,1
APMAP,CBLL1,1,1
APMAP,CCDC9,1,1
APMAP,CCNYL1,1,1
APMAP,CD44,1,1
APMAP,CDC45,1,1
APMAP,CDKN2AIPNL,1,1
APMAP,COPB1,1,1
APMAP,COPS6,1,1
APMAP,CTNNBL1,1,1
APMAP,DCAF5,1,1
APMAP,DSG2,1,1
APMAP,DSN1,1,1
APMAP,DSTN,1,1
APMAP,DYRK4,1,1
APMAP,EIF2S2,1,1
APMAP,ELOVL4,1,1
APMAP,EVI2A,1,1
APMAP,FAM49B,1,1
APMAP,GALC,1,1
APMAP,GCFC2,1,1
APMAP,GOLGA7,1,1
APMAP,GORASP2,1,1
APMAP,GTF3C2,1,1
APMAP,HIST3H2A,1,1
APMAP,HMMR,1,1
APMAP,HSPE1,1,1
APMAP,IMMT,1,1
APMAP,KCTD5,1,1
APMAP,KNTC1,1,1
APMAP,MAP3K9,1,1
APMAP,MARC2,1,1
APMAP,MARK1,1,1
APMAP,ME2,1,1
APMAP,MRPL20,1,1
APMAP,MRTO4,1,1
APMAP,NFYC,1,1
APMAP,NRAS,1,1
APMAP,NUP98,1,1
APMAP,OLA1,1,1
APMAP,ONECUT2,1,1
APMAP,PAX9,1,1
APMAP,PCBP1,1,1
APMAP,PIGU,1,1
APMAP,PKM,1,1
APMAP,POP5,1,1
APMAP,PPM1M,1,1
APMAP,PRELID3B,1,1
APMAP,PSMA7,1,1
APMAP,PSMD6,1,1
APMAP,RBL1,1,1
APMAP,RPE,1,1
APMAP,RPS19BP1,1,1
APMAP,RYK,1,1
APMAP,SCAND1,1,1
APMAP,SCO2,1,1
APMAP,SH3D19,1,1
APMAP,SIKE1,1,1
APMAP,SNRPA1,1,1
APMAP,SNU13,1,1
APMAP,SPAG1,1,1
APMAP,SPRED2,1,1
APMAP,SSBP3,1,1
APMAP,THOC7,1,1
APMAP,TMED5,1,1
APMAP,TMEM106C,1,1
APMAP,UBE2S,1,1
APMAP,USP22,1,1
APMAP,WDR12,1,1
APMAP,XPO1,1,1
APMAP,ZNF211,1,1
APMAP,ZNF224,1,1
APMAP,ZNF549,1,1
MRPL20,ACP1,1,1
MRPL20,ADRM1,1,1
MRPL20,ADSL,1,1
MRPL20,ARMC6,1,1
MRPL20,ASAP1,1,1
MRPL20,ATIC,1,1
MRPL20,C11ORF49,1,1
MRPL20,CAT,1,1
MRPL20,CDC45,1,1
MRPL20,CNOT9,1,1
MRPL20,COPS6,1,1
MRPL20,CTNNBL1,1,1
MRPL20,DBF4,1,1
MRPL20,DCAF5,1,1
MRPL20,DDX11,1,1
MRPL20,DSCC1,1,1
MRPL20,DSN1,1,1
MRPL20,E2F6,1,1
MRPL20,ELOVL4,1,1
MRPL20,EXD2,1,1
MRPL20,FBXL20,1,1
MRPL20,GCFC2,1,1
MRPL20,GLIPR2,1,1
MRPL20,GOLGA7,1,1
MRPL20,GORASP2,1,1
MRPL20,GPN3,1,1
MRPL20,GRK6,1,1
MRPL20,HMMR,1,1
MRPL20,HSPA4,1,1
MRPL20,HSPE1,1,1
MRPL20,KCTD5,1,1
MRPL20,KNTC1,1,1
MRPL20,KPNB1,1,1
MRPL20,LINC01420,1,1
MRPL20,MAP3K9,1,1
MRPL20,MCM5,1,1
MRPL20,MOCS2,1,1
MRPL20,MRS2,1,1
MRPL20,MRTO4,1,1
MRPL20,MYO1B,1,1
MRPL20,NCAPG,1,1
MRPL20,NCAPG2,1,1
MRPL20,NCAPH,1,1
MRPL20,NCL,1,1
MRPL20,NFYC,1,1
MRPL20,NPM1,1,1
MRPL20,NRAS,1,1
MRPL20,NUP98,1,1
MRPL20,PAX9,1,1
MRPL20,PCBP1,1,1
MRPL20,PHC1,1,1
MRPL20,PPM1M,1,1
MRPL20,PRELID3B,1,1
MRPL20,PSMA7,1,1
MRPL20,PSMD1,1,1
MRPL20,PSMD6,1,1
MRPL20,RAN,1,1
MRPL20,RANBP1,1,1
MRPL20,RBL1,1,1
MRPL20,RPS19BP1,1,1
MRPL20,SATB1,1,1
MRPL20,SCO2,1,1
MRPL20,SFXN1,1,1
MRPL20,SGO2,1,1
MRPL20,SH3D19,1,1
MRPL20,SMYD5,1,1
MRPL20,SNRPA1,1,1
MRPL20,SNRPD3,1,1
MRPL20,SNU13,1,1
MRPL20,THOC7,1,1
MRPL20,UBE2S,1,1
MRPL20,UBIAD1,1,1
MRPL20,WDR12,1,1
MRPL20,WDR3,1,1
MRPL20,XPO1,1,1
MRPL20,ZMYM3,1,1
MRPL20,ZNF211,1,1
MRPL20,ZNF224,1,1
MRPL20,ZNF549,1,1
PANK2,B4GALT5,1,1
PANK2,BOD1,1,1
PANK2,CNRIP1,1,1
PANK2,DENND5A,1,1
PANK2,MICB,1,1
PANK2,NAIP,1,1
PANK2,NID1,1,1
PANK2,NSFL1C,1,1
PANK2,PXDC1,1,1
PANK2,SCRN1,1,1
PANK2,SRC,1,1
PANK2,WDR61,1,1
PANK2,ZBTB21,1,1
PASK,ANTXR1,1,1
PASK,PRKRA,1,1
SPC25,ACP1,1,1
SPC25,ANAPC1,1,1
SPC25,ANLN,1,1
SPC25,C11ORF49,1,1
SPC25,CDCA8,1,1
SPC25,CENPQ,1,1
SPC25,CHAF1A,1,1
SPC25,CTPS1,1,1
SPC25,DBF4,1,1
SPC25,DCAF5,1,1
SPC25,EPT1,1,1
SPC25,ERCC6L,1,1
SPC25,GPN3,1,1
SPC25,HMGN2,1,1
SPC25,HMMR,1,1
SPC25,HNRNPAB,1,1
SPC25,HSP90AB1,1,1
SPC25,KIF23,1,1
SPC25,KPNB1,1,1
SPC25,LIN9,1,1
SPC25,LRP10,1,1
SPC25,MCM6,1,1
SPC25,MCM7,1,1
SPC25,MRPS35,1,1
SPC25,MTHFD1,1,1
SPC25,NCAPG,1,1
SPC25,NCAPG2,1,1
SPC25,NCAPH,1,1
SPC25,NUP85,1,1
SPC25,PBK,1,1
SPC25,PHF19,1,1
SPC25,PLK1,1,1
SPC25,PNO1,1,1
SPC25,POLE,1,1
SPC25,PRMT3,1,1
SPC25,PSMD1,1,1
SPC25,RAD54L,1,1
SPC25,RAN,1,1
SPC25,RANBP1,1,1
SPC25,RRNAD1,1,1
SPC25,SATB1,1,1
SPC25,SFXN1,1,1
SPC25,SGO2,1,1
SPC25,SMYD5,1,1
SPC25,SNRPA1,1,1
SPC25,SNRPD3,1,1
SPC25,TMEM134,1,1
SPC25,TMPO,1,1
SPC25,UBE2S,1,1
SPC25,UBE2SP2,1,1
SPC25,UBXN6,1,1
SPC25,UTP6,1,1
SPC25,WDR12,1,1
SPC25,WDR62,1,1
SPC25,XPO1,1,1
SPC25,ZC3H15,1,1
ATG3,EMP3,1,1
ATG3,IFT57,1,1
ATG3,TMEM230,1,1
ATG3,VPS16,1,1
MANBAL,ANGPTL2,1,1
MANBAL,ANXA7,1,1
MANBAL,APPBP2,1,1
MANBAL,ARMCX6,1,1
MANBAL,ATP10D,1,1
MANBAL,ATP6V0E2,1,1
MANBAL,BID,1,1
MANBAL,BMP4,1,1
MANBAL,CAMK4,1,1
MANBAL,CBR1,1,1
MANBAL,CCDC125,1,1
MANBAL,COMMD1,1,1
MANBAL,DIXDC1,1,1
MANBAL,EXOSC5,1,1
MANBAL,GSE1,1,1
MANBAL,HERC2,1,1
MANBAL,ITCH,1,1
MANBAL,LINGO1,1,1
MANBAL,LRP3,1,1
MANBAL,MAZ,1,1
MANBAL,PDE4A,1,1
MANBAL,PLP2,1,1
MANBAL,POR,1,1
MANBAL,PTPN13,1,1
MANBAL,ROMO1,1,1
MANBAL,SEC23B,1,1
MANBAL,SGMS2,1,1
MANBAL,SH3BP4,1,1
MANBAL,SLC12A7,1,1
MANBAL,SRXN1,1,1
MANBAL,THEM6,1,1
MANBAL,THRA,1,1
MANBAL,TMEM120A,1,1
MANBAL,TTI1,1,1
MANBAL,WDR60,1,1
MANBAL,ZNF521,1,1
MANBAL,ZNF585A,1,1
MANBAL,ZNF616,1,1
TTC8,RPL39P5,1,1
UST,ANG,1,1
UST,ARMCX3,1,1
UST,AXIN2,1,1
UST,C7ORF31,1,1
UST,CBFA2T2,1,1
UST,CHID1,1,1
UST,DOCK11,1,1
UST,GNG7,1,1
UST,GTF2H4,1,1
UST,IFFO1,1,1
UST,IPO13,1,1
UST,KRCC1,1,1
UST,LBH,1,1
UST,LRP3,1,1
UST,MYBL1,1,1
UST,MYO18A,1,1
UST,NEIL3,1,1
UST,PDAP1,1,1
UST,PLP2,1,1
UST,RHBDD2,1,1
UST,SLC26A11,1,1
UST,STAT5B,1,1
UST,SUMO1,1,1
UST,TULP3,1,1
UST,WDR60,1,1
UST,ZNF608,1,1
UST,ZSCAN21,1,1
HSPB11,BTBD2,1,1
HSPB11,CHAF1A,1,1
HSPB11,CNOT9,1,1
HSPB11,DDX11,1,1
HSPB11,DLG4,1,1
HSPB11,DSCC1,1,1
HSPB11,GPR137,1,1
HSPB11,HAUS8,1,1
HSPB11,HILPDA,1,1
HSPB11,MCM6,1,1
HSPB11,MTHFD1,1,1
HSPB11,NCAPG,1,1
HSPB11,POLA1,1,1
HSPB11,POLE,1,1
HSPB11,TICRR,1,1
HSPB11,USP37,1,1
HSPB11,ZDHHC1,1,1
HSPB11,ZMYM3,1,1
RBM38,CRADD,1,1
KIAA1551,GZF1,1,1
KIAA1551,SERF1B,1,1
MTX2,AKT1,1,1
MTX2,ALG10B,1,1
MTX2,C2ORF47,1,1
MTX2,CRIPT,1,1
MTX2,IMMT,1,1
MTX2,PKM,1,1
MTX2,PYGL,1,1
MTX2,RPE,1,1
MTX2,SEC24A,1,1
MTX2,XRCC4,1,1
MTX2,YIPF5,1,1
MTX2,ZBTB47,1,1
TRPM4,ARHGEF3,1,1
TRPM4,CEP126,1,1
TRPM4,CHRAC1,1,1
TRPM4,CNTNAP1,1,1
TRPM4,CRAT,1,1
TRPM4,DCAF8,1,1
TRPM4,DCP1B,1,1
TRPM4,DCTPP1,1,1
TRPM4,EPT1,1,1
TRPM4,ERBB2,1,1
TRPM4,EVI5L,1,1
TRPM4,G3BP1,1,1
TRPM4,MAPRE1,1,1
TRPM4,NOP56,1,1
TRPM4,NUP35,1,1
TRPM4,ORMDL1,1,1
TRPM4,POLA1,1,1
TRPM4,RAPGEF6,1,1
TRPM4,RRM2,1,1
TRPM4,SEMA6C,1,1
TRPM4,SLC43A3,1,1
TRPM4,SMC4,1,1
TRPM4,SPATA6,1,1
TRPM4,SPSB2,1,1
TRPM4,TBKBP1,1,1
TRPM4,TLCD2,1,1
TRPM4,TMCC1,1,1
TRPM4,XPO5,1,1
TRPM4,ZMAT3,1,1
TIMM21,C19ORF48,1,1
TIMM21,CENPQ,1,1
TIMM21,ERCC6L,1,1
TIMM21,HMGN2,1,1
TIMM21,ITPKC,1,1
TIMM21,TNK2,1,1
TIMM21,UBXN6,1,1
ADSSL1,AC255361.1,1,1
ADSSL1,ARHGEF3,1,1
ADSSL1,AZIN2,1,1
ADSSL1,CSRNP3,1,1
ADSSL1,ERBB2,1,1
ADSSL1,EVI5L,1,1
ADSSL1,FAM229B,1,1
ADSSL1,GGPS1,1,1
ADSSL1,GNG7,1,1
ADSSL1,GOLGA2,1,1
ADSSL1,IFT74,1,1
ADSSL1,MTND4P12,1,1
ADSSL1,NR1H3,1,1
ADSSL1,RFTN2,1,1
ADSSL1,SEMA6C,1,1
ADSSL1,SIGIRR,1,1
ADSSL1,TULP3,1,1
NXN,BTBD10,1,1
NXN,COL16A1,1,1
NXN,CORO1C,1,1
NXN,DGKQ,1,1
NXN,DYNC1I2,1,1
NXN,GDF11,1,1
NXN,IFT27,1,1
NXN,PPP2R3B,1,1
NXN,PRKD1,1,1
NXN,PUM2,1,1
NXN,RP1-152L7.5,1,1
NXN,RTKN2,1,1
NXN,SERINC2,1,1
NXN,STK35,1,1
GOLGA5,BLM,1,1
GOLGA5,CLUAP1,1,1
GOLGA5,DHFR,1,1
GOLGA5,GLMN,1,1
GOLGA5,HINT1,1,1
GOLGA5,NLGN2,1,1
GOLGA5,THTPA,1,1
GPR108,ACTR5,1,1
GPR108,BBS9,1,1
GPR108,BUB3,1,1
GPR108,FAM120B,1,1
GPR108,FAM234B,1,1
GPR108,HGH1,1,1
GPR108,MLLT3,1,1
GPR108,MRPS18C,1,1
GPR108,NBR1,1,1
GPR108,NOL7,1,1
GPR108,NTPCR,1,1
GPR108,NUP62,1,1
GPR108,PHRF1,1,1
GPR108,PRUNE1,1,1
GPR108,SP140L,1,1
GPR108,TRMT6,1,1
GPR108,UBE2L6,1,1
GPR108,USP30,1,1
GPR108,ZWINT,1,1
HSPA9,ARL 2.00,1,1
HSPA9,CAT,1,1
HSPA9,DBF4,1,1
HSPA9,E2F6,1,1
HSPA9,EML4,1,1
HSPA9,FANCB,1,1
HSPA9,FBXO5,1,1
HSPA9,HSPA4,1,1
HSPA9,KPNB1,1,1
HSPA9,LRPPRC,1,1
HSPA9,MRPS30,1,1
HSPA9,NCAPG2,1,1
HSPA9,NCL,1,1
HSPA9,PEX11B,1,1
HSPA9,RAN,1,1
HSPA9,RRP7A,1,1
HSPA9,SSB,1,1
HSPA9,SUZ12,1,1
HSPA9,TMEM129,1,1
HSPA9,TP53INP1,1,1
HSPA9,TYMS,1,1
HSPA9,UTP20,1,1
HSPA9,WDR3,1,1
NUCB1,FKBP8,1,1
NUCB1,KHSRP,1,1
ERBB2,AC255361.1,1,1
ERBB2,ANG,1,1
ERBB2,APPBP2,1,1
ERBB2,ARHGEF3,1,1
ERBB2,ARMCX3,1,1
ERBB2,ARNT,1,1
ERBB2,ASF1B,1,1
ERBB2,AZIN2,1,1
ERBB2,BAG2,1,1
ERBB2,BMP4,1,1
ERBB2,CA5B,1,1
ERBB2,CCDC149,1,1
ERBB2,CCT4,1,1
ERBB2,CENPQ,1,1
ERBB2,CEP126,1,1
ERBB2,CNTNAP1,1,1
ERBB2,CSRNP3,1,1
ERBB2,CTC-435M10.3,1,1
ERBB2,DCP1B,1,1
ERBB2,EVI5L,1,1
ERBB2,FAM229B,1,1
ERBB2,GNG7,1,1
ERBB2,GOLGA2,1,1
ERBB2,GSE1,1,1
ERBB2,HELLS,1,1
ERBB2,LBH,1,1
ERBB2,LPIN2,1,1
ERBB2,LRP3,1,1
ERBB2,MRGBP,1,1
ERBB2,MRPL30,1,1
ERBB2,MTND4P12,1,1
ERBB2,MYO18A,1,1
ERBB2,NHP2,1,1
ERBB2,NR1H3,1,1
ERBB2,POLQ,1,1
ERBB2,PRDX3,1,1
ERBB2,PSMA1,1,1
ERBB2,RAPGEF6,1,1
ERBB2,RAVER2,1,1
ERBB2,RFTN2,1,1
ERBB2,SEMA6C,1,1
ERBB2,SIGIRR,1,1
ERBB2,SKA1,1,1
ERBB2,SMC4,1,1
ERBB2,SPACA9,1,1
ERBB2,SPATA6,1,1
ERBB2,SPSB2,1,1
ERBB2,STAT5B,1,1
ERBB2,STX8,1,1
ERBB2,TANK,1,1
ERBB2,THRA,1,1
ERBB2,TMCC1,1,1
ERBB2,TMEM173,1,1
ERBB2,TOMM22,1,1
ERBB2,TP53I11,1,1
ERBB2,TULP3,1,1
ERBB2,UBXN6,1,1
ERBB2,ZFAND1,1,1
ERBB2,ZMAT3,1,1
ERBB2,ZNF608,1,1
PI4KAP1,BLVRB,1,1
PI4KAP1,EIF2AK1,1,1
PI4KAP1,ERCC4,1,1
PI4KAP1,GAREM1,1,1
PI4KAP1,PRICKLE2,1,1
PI4KAP1,SIPA1L2,1,1
GNG2,ABHD15,1,1
GNG2,BOK,1,1
GNG2,BTBD10,1,1
GNG2,C8ORF88,1,1
GNG2,CDIPT,1,1
GNG2,CENPU,1,1
GNG2,CEP112,1,1
GNG2,CEP19,1,1
GNG2,EPN2,1,1
GNG2,FAM120B,1,1
GNG2,GJC1,1,1
GNG2,IFT27,1,1
GNG2,KLHL29,1,1
GNG2,PAFAH1B3,1,1
GNG2,PCDHGC3,1,1
GNG2,PLPPR2,1,1
GNG2,PSMB7,1,1
GNG2,RHOG,1,1
GNG2,RNF187,1,1
GNG2,ROBO2,1,1
GNG2,RTKN2,1,1
GNG2,SEPN1,1,1
GNG2,SERINC2,1,1
GNG2,SLC2A10,1,1
GNG2,SNRPB,1,1
GNG2,SRRM3,1,1
GNG2,SRSF11,1,1
GNG2,SSX2IP,1,1
GNG2,TIAL1,1,1
GNG2,TYRO3,1,1
GNG2,UGCG,1,1
GNG2,USP12,1,1
GNG2,VWA5A,1,1
GNG2,WDR26,1,1
GNG2,YPEL2,1,1
GNG2,ZZZ3,1,1
TCEAL3,HDAC2,1,1
TCEAL3,RASA2,1,1
ADRM1,ANAPC1,1,1
ADRM1,ATIC,1,1
ADRM1,BOLA2B,1,1
ADRM1,COPS6,1,1
ADRM1,CTPS1,1,1
ADRM1,DSG2,1,1
ADRM1,DYRK4,1,1
ADRM1,EIF2S2,1,1
ADRM1,EPT1,1,1
ADRM1,EVI5L,1,1
ADRM1,GCFC2,1,1
ADRM1,GOLGA7,1,1
ADRM1,GOSR2,1,1
ADRM1,GTF3C2,1,1
ADRM1,HSP90AB1,1,1
ADRM1,KCTD5,1,1
ADRM1,LINC01420,1,1
ADRM1,MARC2,1,1
ADRM1,MCM6,1,1
ADRM1,MRPS35,1,1
ADRM1,NCAPG,1,1
ADRM1,NCL,1,1
ADRM1,OLA1,1,1
ADRM1,PDCL3,1,1
ADRM1,PKM,1,1
ADRM1,POLE,1,1
ADRM1,PPM1M,1,1
ADRM1,PPTC7,1,1
ADRM1,PRELID3B,1,1
ADRM1,PRMT3,1,1
ADRM1,PSMD1,1,1
ADRM1,PSMD6,1,1
ADRM1,RAN,1,1
ADRM1,RANBP1,1,1
ADRM1,RPS19BP1,1,1
ADRM1,SFXN1,1,1
ADRM1,SMYD5,1,1
ADRM1,SNRPD3,1,1
ADRM1,TAF1B,1,1
ADRM1,UBE2S,1,1
ADRM1,UTP20,1,1
ADRM1,UTP6,1,1
ADRM1,WDR12,1,1
ADRM1,WDR3,1,1
ADRM1,XPO1,1,1
ADRM1,XPO5,1,1
ADRM1,ZC3H15,1,1
ADRM1,ZNF224,1,1
LANCL1,GPAA1,1,1
LANCL1,KAZALD1,1,1
LANCL1,SMCR8,1,1
LANCL1,TDRKH,1,1
LANCL1,TMEM56,1,1
LANCL1,UQCC1,1,1
LANCL1,ZDHHC5,1,1
AC083899.3,CALHM2,1,1
AC083899.3,FAM179B,1,1
AC083899.3,MEF2D,1,1
AC083899.3,SH3PXD2B,1,1
AC083899.3,TNKS,1,1
SOD1,CAMKK2,1,1
SOD1,CCDC125,1,1
SOD1,ELL,1,1
SOD1,PCDHGC3,1,1
SOD1,PDE4A,1,1
SOD1,PFKL,1,1
SOD1,PFN2,1,1
SOD1,PIGC,1,1
SOD1,PITPNA,1,1
SOD1,POR,1,1
SOD1,ROBO2,1,1
SOD1,RP11-568K15.1,1,1
SOD1,RRAGA,1,1
SOD1,SEPN1,1,1
SOD1,SH3BP4,1,1
SOD1,SLC2A13,1,1
SOD1,SLC9A1,1,1
SOD1,TCIRG1,1,1
SOD1,WDR60,1,1
EPB41L5,ACBD6,1,1
EPB41L5,ANGEL1,1,1
EPB41L5,AXIN2,1,1
EPB41L5,C7ORF31,1,1
EPB41L5,CAMKK2,1,1
EPB41L5,CHID1,1,1
EPB41L5,EPHX2,1,1
EPB41L5,ETFDH,1,1
EPB41L5,IPO13,1,1
EPB41L5,LINGO1,1,1
EPB41L5,NCBP2,1,1
EPB41L5,PFKL,1,1
EPB41L5,PFN2,1,1
EPB41L5,PIGC,1,1
EPB41L5,PLP2,1,1
EPB41L5,POR,1,1
EPB41L5,RABGAP1L,1,1
EPB41L5,RRAGA,1,1
EPB41L5,RTN4RL1,1,1
EPB41L5,SFRP1,1,1
EPB41L5,SMAP1,1,1
EPB41L5,SPCS3,1,1
EPB41L5,SUMO1,1,1
EPB41L5,TCEAL4,1,1
EPB41L5,TMEM120A,1,1
EPB41L5,WDR60,1,1
EPB41L5,ZNF616,1,1
GTF3C2,ARL 2.00,1,1
GTF3C2,C2ORF47,1,1
GTF3C2,C4ORF3,1,1
GTF3C2,COPS6,1,1
GTF3C2,DSG2,1,1
GTF3C2,DYRK4,1,1
GTF3C2,EIF2S2,1,1
GTF3C2,FANCB,1,1
GTF3C2,GCFC2,1,1
GTF3C2,GOLGA7,1,1
GTF3C2,GOSR2,1,1
GTF3C2,GPN3,1,1
GTF3C2,IMMT,1,1
GTF3C2,MAP3K9,1,1
GTF3C2,MCM5,1,1
GTF3C2,MOCS2,1,1
GTF3C2,PDCL3,1,1
GTF3C2,PKM,1,1
GTF3C2,PSMD6,1,1
GTF3C2,RAD54L,1,1
GTF3C2,RAN,1,1
GTF3C2,RIN3,1,1
GTF3C2,RPE,1,1
GTF3C2,RRP7A,1,1
GTF3C2,SFXN1,1,1
GTF3C2,STK19,1,1
GTF3C2,TAF1B,1,1
GTF3C2,TMEM134,1,1
GTF3C2,XRCC4,1,1
GTF3C2,ZC3H15,1,1
CPNE1,COMMD1,1,1
CPNE1,COX7A2L,1,1
CPNE1,MAZ,1,1
CPNE1,PROCR,1,1
CPNE1,ROMO1,1,1
CPNE1,SCAND1,1,1
CPNE1,UBE4A,1,1
CHMP6,CD44,1,1
CHMP6,CEP126,1,1
CHMP6,EVI5L,1,1
CHMP6,IFT74,1,1
CHMP6,TAB2,1,1
CHMP6,ZNF211,1,1
BCAR1,ACOT13,1,1
BCAR1,CD47,1,1
BCAR1,ITFG1,1,1
BCAR1,MBD5,1,1
BCAR1,NAIP,1,1
BCAR1,NAP1L4,1,1
BCAR1,NSFL1C,1,1
BCAR1,PISD,1,1
BCAR1,PRKACA,1,1
BCAR1,RPUSD1,1,1
BCAR1,SF3B1,1,1
BCAR1,SMG5,1,1
BCAR1,TBCB,1,1
BCAR1,TEX261,1,1
BCAR1,TIMM13,1,1
SSUH2,GSTM3,1,1
SSUH2,SIPA1,1,1
SSUH2,SLC22A17,1,1
XPO5,ARMC6,1,1
XPO5,ASAP1,1,1
XPO5,DCAF8,1,1
XPO5,DCTPP1,1,1
XPO5,EPT1,1,1
XPO5,FKBP8,1,1
XPO5,G3BP1,1,1
XPO5,KCTD5,1,1
XPO5,MRPS35,1,1
XPO5,MRTO4,1,1
XPO5,NOP56,1,1
XPO5,NPM1,1,1
XPO5,NUP98,1,1
XPO5,PITPNB,1,1
XPO5,POLA1,1,1
XPO5,POLE,1,1
XPO5,RANBP1,1,1
XPO5,RAPGEF6,1,1
XPO5,RPS19BP1,1,1
XPO5,RPUSD1,1,1
XPO5,SNRPD3,1,1
XPO5,U2AF2,1,1
XPO5,WDR12,1,1
XPO5,XPO1,1,1
XPO5,ZC3H15,1,1
TIMM13,ACOT13,1,1
TIMM13,DHFR,1,1
TIMM13,ITFG1,1,1
TIMM13,MBD5,1,1
TIMM13,PISD,1,1
TIMM13,PRKACA,1,1
TIMM13,RPUSD1,1,1
TIMM13,SMG5,1,1
TIMM13,TEX261,1,1
SLC22A17,AATK,1,1
SLC22A17,ACTA2,1,1
SLC22A17,CLTCL1,1,1
SLC22A17,CRYAB,1,1
SLC22A17,GSTM3,1,1
SLC22A17,HSPB2,1,1
SLC22A17,MT-ND2,1,1
SLC22A17,POC1A,1,1
BSCL2,ALMS1,1,1
BSCL2,UVSSA,1,1
LRP3,AATK,1,1
LRP3,ACBD6,1,1
LRP3,AL589743.1,1,1
LRP3,ANG,1,1
LRP3,ANGPTL2,1,1
LRP3,APPBP2,1,1
LRP3,ARMCX3,1,1
LRP3,ARMCX6,1,1
LRP3,ARNT,1,1
LRP3,ATP10D,1,1
LRP3,AXIN2,1,1
LRP3,BAG2,1,1
LRP3,BID,1,1
LRP3,BMP4,1,1
LRP3,CA5B,1,1
LRP3,CAMK4,1,1
LRP3,CBR1,1,1
LRP3,CCDC125,1,1
LRP3,CCDC149,1,1
LRP3,CEP126,1,1
LRP3,CLTCL1,1,1
LRP3,CTC-435M10.3,1,1
LRP3,ETFDH,1,1
LRP3,EXOSC5,1,1
LRP3,GNG7,1,1
LRP3,GSE1,1,1
LRP3,GTF2H4,1,1
LRP3,HERC2,1,1
LRP3,IFFO1,1,1
LRP3,IFT140,1,1
LRP3,ITCH,1,1
LRP3,KCNA2,1,1
LRP3,KLHL23,1,1
LRP3,KRCC1,1,1
LRP3,LBH,1,1
LRP3,LINGO1,1,1
LRP3,MAZ,1,1
LRP3,METTL2B,1,1
LRP3,MRPL30,1,1
LRP3,MYBL1,1,1
LRP3,MYO18A,1,1
LRP3,PAQR4,1,1
LRP3,PDAP1,1,1
LRP3,PDE4A,1,1
LRP3,PLP2,1,1
LRP3,POR,1,1
LRP3,PTPN13,1,1
LRP3,RABGAP1L,1,1
LRP3,RAVER2,1,1
LRP3,RFTN2,1,1
LRP3,RHBDD2,1,1
LRP3,ROMO1,1,1
LRP3,SEC23B,1,1
LRP3,SGMS2,1,1
LRP3,SH3BP4,1,1
LRP3,SIDT2,1,1
LRP3,SIGIRR,1,1
LRP3,SLC12A7,1,1
LRP3,SPACA9,1,1
LRP3,SPATA6,1,1
LRP3,SRXN1,1,1
LRP3,STAT5B,1,1
LRP3,SUMO1,1,1
LRP3,THRA,1,1
LRP3,TMCC1,1,1
LRP3,TMEM120A,1,1
LRP3,TOMM22,1,1
LRP3,TP53I11,1,1
LRP3,TTI1,1,1
LRP3,TULP3,1,1
LRP3,WDR60,1,1
LRP3,YWHAQ,1,1
LRP3,ZFAND1,1,1
LRP3,ZNF585A,1,1
LRP3,ZNF616,1,1
LRP3,ZSCAN21,1,1
SCRN3,AFTPH,1,1
SCRN3,C5ORF30,1,1
SCRN3,CAPS,1,1
SCRN3,METTL2B,1,1
SCRN3,SFRP1,1,1
SCRN3,SLC30A6,1,1
SCRN3,SUMO1,1,1
SCRN3,TAF10,1,1
SCRN3,TES,1,1
TAB2,ACTR10,1,1
TAB2,APPBP2,1,1
TAB2,CA5B,1,1
TAB2,CCDC149,1,1
TAB2,CEP126,1,1
TAB2,HDAC5,1,1
TAB2,MRAS,1,1
TAB2,MTA3,1,1
TAB2,NHP2,1,1
TAB2,ORMDL1,1,1
TAB2,SPATA6,1,1
TAB2,TANK,1,1
TAB2,UBXN6,1,1
TAB2,ZMAT3,1,1
SLC26A11,CBFA2T2,1,1
B4GALT5,BOD1,1,1
B4GALT5,CNRIP1,1,1
B4GALT5,CSF1,1,1
B4GALT5,GMCL1,1,1
B4GALT5,LIN54,1,1
B4GALT5,NID1,1,1
B4GALT5,NSA2,1,1
B4GALT5,PSMF1,1,1
B4GALT5,TMEM121,1,1
B4GALT5,UBTD2,1,1
B4GALT5,WDR61,1,1
PFKFB3,FKRP,1,1
PFKFB3,MRPS30,1,1
PFKFB3,PDCL3,1,1
PFKFB3,UTP20,1,1
PMF1,BOD1,1,1
PMF1,LIN54,1,1
PMF1,RBBP8,1,1
SIGIRR,AC255361.1,1,1
SIGIRR,ALDH6A1,1,1
SIGIRR,ANG,1,1
SIGIRR,APPBP2,1,1
SIGIRR,ARNT,1,1
SIGIRR,AXIN2,1,1
SIGIRR,AZIN2,1,1
SIGIRR,BAG2,1,1
SIGIRR,BMP4,1,1
SIGIRR,CA5B,1,1
SIGIRR,CAMK4,1,1
SIGIRR,CCDC149,1,1
SIGIRR,CCT4,1,1
SIGIRR,CEP126,1,1
SIGIRR,CSRNP3,1,1
SIGIRR,CTC-435M10.3,1,1
SIGIRR,EVI5L,1,1
SIGIRR,FAM229B,1,1
SIGIRR,GGPS1,1,1
SIGIRR,GNG7,1,1
SIGIRR,GOLGA2,1,1
SIGIRR,GSE1,1,1
SIGIRR,GTF2H4,1,1
SIGIRR,IFFO1,1,1
SIGIRR,IFT140,1,1
SIGIRR,ITCH,1,1
SIGIRR,JADE3,1,1
SIGIRR,KRCC1,1,1
SIGIRR,LPIN2,1,1
SIGIRR,MARC2,1,1
SIGIRR,MRGBP,1,1
SIGIRR,MRPL30,1,1
SIGIRR,MTND4P12,1,1
SIGIRR,MYO18A,1,1
SIGIRR,NHP2,1,1
SIGIRR,NR1H3,1,1
SIGIRR,OLA1,1,1
SIGIRR,PAQR4,1,1
SIGIRR,POLQ,1,1
SIGIRR,PSMA1,1,1
SIGIRR,RAPGEF6,1,1
SIGIRR,RAVER2,1,1
SIGIRR,RFTN2,1,1
SIGIRR,RHBDD2,1,1
SIGIRR,SH3TC2,1,1
SIGIRR,SIDT2,1,1
SIGIRR,SLC12A7,1,1
SIGIRR,SLC44A2,1,1
SIGIRR,SPACA9,1,1
SIGIRR,SPATA6,1,1
SIGIRR,SRXN1,1,1
SIGIRR,STAT5B,1,1
SIGIRR,TANK,1,1
SIGIRR,THOC5,1,1
SIGIRR,THRA,1,1
SIGIRR,TMCC1,1,1
SIGIRR,TP53I11,1,1
SIGIRR,TTI1,1,1
SIGIRR,TULP3,1,1
SIGIRR,TXNDC9,1,1
SIGIRR,ZFAND1,1,1
SIGIRR,ZMAT3,1,1
LPIN2,AC255361.1,1,1
LPIN2,ANG,1,1
LPIN2,ARNT,1,1
LPIN2,AXIN2,1,1
LPIN2,AZIN2,1,1
LPIN2,BAG2,1,1
LPIN2,C7ORF31,1,1
LPIN2,CSRNP3,1,1
LPIN2,CTC-435M10.3,1,1
LPIN2,DOCK11,1,1
LPIN2,FAM229B,1,1
LPIN2,GGPS1,1,1
LPIN2,GNG7,1,1
LPIN2,GOLGA2,1,1
LPIN2,KRCC1,1,1
LPIN2,LBH,1,1
LPIN2,MTND4P12,1,1
LPIN2,MYO18A,1,1
LPIN2,NR1H3,1,1
LPIN2,PLCG2,1,1
LPIN2,RFTN2,1,1
LPIN2,SLC52A2,1,1
LPIN2,SPACA9,1,1
LPIN2,STAT5B,1,1
LPIN2,TMEM173,1,1
LPIN2,TP53I11,1,1
LPIN2,TULP3,1,1
LPIN2,ZNF608,1,1
LPIN2,ZSCAN21,1,1
CHAF1A,ANAPC1,1,1
CHAF1A,ASPM,1,1
CHAF1A,C11ORF49,1,1
CHAF1A,CENPO,1,1
CHAF1A,CENPQ,1,1
CHAF1A,CTPS1,1,1
CHAF1A,EPT1,1,1
CHAF1A,ERCC6L,1,1
CHAF1A,HMGN2,1,1
CHAF1A,HNRNPAB,1,1
CHAF1A,KIF23,1,1
CHAF1A,LIN9,1,1
CHAF1A,LRP10,1,1
CHAF1A,MCM4,1,1
CHAF1A,MCM6,1,1
CHAF1A,MCM7,1,1
CHAF1A,MRPL14,1,1
CHAF1A,MRPS35,1,1
CHAF1A,MTHFD1,1,1
CHAF1A,NCAPG,1,1
CHAF1A,NCAPH,1,1
CHAF1A,NUP85,1,1
CHAF1A,PBK,1,1
CHAF1A,PHF19,1,1
CHAF1A,POLE,1,1
CHAF1A,PRMT3,1,1
CHAF1A,PSMD1,1,1
CHAF1A,RANBP1,1,1
CHAF1A,RRNAD1,1,1
CHAF1A,SGO2,1,1
CHAF1A,TARDBP,1,1
CHAF1A,TMPO,1,1
CHAF1A,TNK2,1,1
CHAF1A,UBXN6,1,1
CHAF1A,WDR62,1,1
RP1-152L7.5,BDP1,1,1
KLHL20,ABHD15,1,1
KLHL20,BOK,1,1
KLHL20,C8ORF88,1,1
KLHL20,CDIPT,1,1
KLHL20,CNP,1,1
KLHL20,ERCC4,1,1
KLHL20,HIP1,1,1
KLHL20,MAGI2,1,1
KLHL20,OGDH,1,1
KLHL20,PLEKHH2,1,1
KLHL20,PLPPR2,1,1
KLHL20,RAC3,1,1
KLHL20,RNF187,1,1
KLHL20,SLC25A39,1,1
KLHL20,SRSF11,1,1
KLHL20,TYRO3,1,1
KLHL20,UGCG,1,1
KLHL20,USP12,1,1
KLHL20,VWA5A,1,1
ZNF211,ADSL,1,1
ZNF211,CCNYL1,1,1
ZNF211,CD44,1,1
ZNF211,CDC45,1,1
ZNF211,COPS6,1,1
ZNF211,DCAF5,1,1
ZNF211,DSG2,1,1
ZNF211,DSTN,1,1
ZNF211,EIF2S2,1,1
ZNF211,ELOVL4,1,1
ZNF211,FAM193A,1,1
ZNF211,MED21,1,1
ZNF211,MRS2,1,1
ZNF211,ONECUT2,1,1
ZNF211,PAX9,1,1
ZNF211,PIGU,1,1
ZNF211,PKM,1,1
ZNF211,PRELID3B,1,1
ZNF211,PSMA7,1,1
ZNF211,PSMD6,1,1
ZNF211,RALGAPA1,1,1
ZNF211,RPS19BP1,1,1
ZNF211,RYK,1,1
ZNF211,SH3D19,1,1
ZNF211,SIKE1,1,1
ZNF211,SNU13,1,1
ZNF211,THOC7,1,1
ZNF211,YIPF5,1,1
ZNF211,ZBTB47,1,1
ZNF211,ZFAND5,1,1
ZNF211,ZNF549,1,1
NMT2,EEF1GP1,1,1
NMT2,EMP2,1,1
NMT2,FAM110B,1,1
NMT2,KIAA1549,1,1
NMT2,MICB,1,1
NMT2,MID2,1,1
NMT2,PAFAH1B3,1,1
NMT2,PPIL2,1,1
NMT2,RP11-371A22.1,1,1
NMT2,SLC2A10,1,1
NMT2,STS,1,1
NMT2,TMEM248,1,1
NMT2,TWSG1,1,1
BTBD10,APLP2,1,1
BTBD10,ARID3B,1,1
BTBD10,C3ORF70,1,1
BTBD10,CENPV,1,1
BTBD10,CEP112,1,1
BTBD10,COPS7B,1,1
BTBD10,CORO1C,1,1
BTBD10,DGKQ,1,1
BTBD10,DYNC1I2,1,1
BTBD10,ELL,1,1
BTBD10,EPN2,1,1
BTBD10,ERI2,1,1
BTBD10,EXOSC1,1,1
BTBD10,GDF11,1,1
BTBD10,HNRNPA3,1,1
BTBD10,HPSE,1,1
BTBD10,IFT27,1,1
BTBD10,ITM2A,1,1
BTBD10,LPAR3,1,1
BTBD10,MCM8,1,1
BTBD10,MTG2,1,1
BTBD10,PAFAH1B3,1,1
BTBD10,PRKD1,1,1
BTBD10,PSMB7,1,1
BTBD10,RARA,1,1
BTBD10,RASSF7,1,1
BTBD10,RHOG,1,1
BTBD10,RP11-568K15.1,1,1
BTBD10,RTKN2,1,1
BTBD10,SEPN1,1,1
BTBD10,SH3BP4,1,1
BTBD10,SLC2A10,1,1
BTBD10,SLC39A8,1,1
BTBD10,STK35,1,1
BTBD10,TBCB,1,1
BTBD10,TES,1,1
BTBD10,THEM6,1,1
BTBD10,VASH1,1,1
BTBD10,ZNF521,1,1
BTBD10,ZNRF1,1,1
ZNF100,ARHGEF40,1,1
ZNF100,ATAD2,1,1
ZNF100,BLM,1,1
ZNF100,C11ORF58,1,1
ZNF100,CDCA7,1,1
ZNF100,CSE1L,1,1
ZNF100,DSCC1,1,1
ZNF100,DTYMK,1,1
ZNF100,E2F8,1,1
ZNF100,ENOPH1,1,1
ZNF100,IMPA1,1,1
ZNF100,KBTBD8,1,1
ZNF100,MGST1,1,1
ZNF100,NAP1L4,1,1
ZNF100,NR2C2AP,1,1
ZNF100,NUP35,1,1
ZNF100,PARP1,1,1
ZNF100,PCNA,1,1
ZNF100,PISD,1,1
ZNF100,PPP6R3,1,1
ZNF100,RCHY1,1,1
ZNF100,SF3B1,1,1
ZNF100,SLC25A26,1,1
ZNF100,SLC43A3,1,1
ZNF100,SPTY2D1,1,1
ZNF100,ZFP36L1,1,1
ZNF100,ZNF587B,1,1
CSRNP3,AC255361.1,1,1
CSRNP3,ACADS,1,1
CSRNP3,ALDH6A1,1,1
CSRNP3,APPBP2,1,1
CSRNP3,ARHGEF3,1,1
CSRNP3,ARNT,1,1
CSRNP3,AZIN2,1,1
CSRNP3,BAG2,1,1
CSRNP3,BMP4,1,1
CSRNP3,CA5B,1,1
CSRNP3,CCDC149,1,1
CSRNP3,CCT4,1,1
CSRNP3,CEP126,1,1
CSRNP3,CTC-435M10.3,1,1
CSRNP3,EPT1,1,1
CSRNP3,EVI5L,1,1
CSRNP3,FAM229B,1,1
CSRNP3,GGPS1,1,1
CSRNP3,GNG7,1,1
CSRNP3,GOLGA2,1,1
CSRNP3,MARC2,1,1
CSRNP3,MRGBP,1,1
CSRNP3,MRPS35,1,1
CSRNP3,NR1H3,1,1
CSRNP3,OLA1,1,1
CSRNP3,ORMDL1,1,1
CSRNP3,PFDN4,1,1
CSRNP3,PPAT,1,1
CSRNP3,PPTC7,1,1
CSRNP3,RAPGEF6,1,1
CSRNP3,RFTN2,1,1
CSRNP3,SEMA6C,1,1
CSRNP3,SH3TC2,1,1
CSRNP3,SPATA6,1,1
CSRNP3,SRXN1,1,1
CSRNP3,STX8,1,1
CSRNP3,TANK,1,1
CSRNP3,THOC5,1,1
CSRNP3,THRA,1,1
CSRNP3,TMCC1,1,1
CSRNP3,TP53I11,1,1
CSRNP3,TULP3,1,1
CSRNP3,UBXN6,1,1
CSRNP3,ZMAT3,1,1
HMGN2,ANAPC1,1,1
HMGN2,ANLN,1,1
HMGN2,ASF1B,1,1
HMGN2,ASPM,1,1
HMGN2,C19ORF48,1,1
HMGN2,CCT4,1,1
HMGN2,CDCA8,1,1
HMGN2,CENPO,1,1
HMGN2,CENPQ,1,1
HMGN2,CTPS1,1,1
HMGN2,EPT1,1,1
HMGN2,ERCC6L,1,1
HMGN2,EWSR1,1,1
HMGN2,FASTKD2,1,1
HMGN2,HNRNPAB,1,1
HMGN2,KIF23,1,1
HMGN2,LIN9,1,1
HMGN2,LRP10,1,1
HMGN2,MCM4,1,1
HMGN2,MCM6,1,1
HMGN2,MCM7,1,1
HMGN2,MRPS35,1,1
HMGN2,MTBP,1,1
HMGN2,MTHFD1,1,1
HMGN2,NCAPG,1,1
HMGN2,OIP5,1,1
HMGN2,PBK,1,1
HMGN2,PHF19,1,1
HMGN2,POLE,1,1
HMGN2,POLQ,1,1
HMGN2,PRDX3,1,1
HMGN2,PRMT3,1,1
HMGN2,PSMD1,1,1
HMGN2,RANBP1,1,1
HMGN2,RRNAD1,1,1
HMGN2,SGO1,1,1
HMGN2,SGO2,1,1
HMGN2,SMC4,1,1
HMGN2,SMYD5,1,1
HMGN2,SUV39H1,1,1
HMGN2,TARDBP,1,1
HMGN2,TMPO,1,1
HMGN2,TNK2,1,1
HMGN2,TTK,1,1
HMGN2,UBXN6,1,1
HMGN2,WDR62,1,1
WDR34,CAPN5,1,1
WDR34,CASK,1,1
WDR34,ERO1B,1,1
PIK3C2A,ALG10,1,1
PIK3C2A,ARPC2,1,1
PIK3C2A,ATXN7,1,1
PIK3C2A,C11ORF58,1,1
PIK3C2A,COPB1,1,1
PIK3C2A,FKBP1A,1,1
PIK3C2A,HAPLN3,1,1
PIK3C2A,IMPA1,1,1
PIK3C2A,INO80D,1,1
PIK3C2A,KRAS,1,1
PIK3C2A,MGST1,1,1
PIK3C2A,MRPL17,1,1
PIK3C2A,ODF2L,1,1
PIK3C2A,PPP6R3,1,1
PIK3C2A,RASSF8,1,1
PIK3C2A,RCHY1,1,1
PIK3C2A,RNF182,1,1
PIK3C2A,STAU1,1,1
PIK3C2A,TPD52,1,1
PIK3C2A,UQCC1,1,1
MRTO4,ACP1,1,1
MRTO4,ADSL,1,1
MRTO4,AEN,1,1
MRTO4,ARMC6,1,1
MRTO4,ASAP1,1,1
MRTO4,ATAD2,1,1
MRTO4,ATXN7,1,1
MRTO4,AZIN1,1,1
MRTO4,CAT,1,1
MRTO4,CDC45,1,1
MRTO4,CDKN2AIPNL,1,1
MRTO4,CNOT9,1,1
MRTO4,COPB1,1,1
MRTO4,COPS6,1,1
MRTO4,CRAT,1,1
MRTO4,CSE1L,1,1
MRTO4,CTNNBL1,1,1
MRTO4,DBF4,1,1
MRTO4,DCLRE1B,1,1
MRTO4,DCTPP1,1,1
MRTO4,DDX11,1,1
MRTO4,DDX27,1,1
MRTO4,DSCC1,1,1
MRTO4,DTYMK,1,1
MRTO4,E2F6,1,1
MRTO4,E2F8,1,1
MRTO4,ELOVL4,1,1
MRTO4,EVI2A,1,1
MRTO4,FAM49B,1,1
MRTO4,FASTKD2,1,1
MRTO4,FKBP1A,1,1
MRTO4,G3BP1,1,1
MRTO4,GLMN,1,1
MRTO4,GORASP2,1,1
MRTO4,HSPE1,1,1
MRTO4,KCTD5,1,1
MRTO4,LRP10,1,1
MRTO4,MED21,1,1
MRTO4,MRPL17,1,1
MRTO4,MYO1B,1,1
MRTO4,NFYC,1,1
MRTO4,NOL9,1,1
MRTO4,NOP56,1,1
MRTO4,NPM1,1,1
MRTO4,NRAS,1,1
MRTO4,NUP35,1,1
MRTO4,NUP98,1,1
MRTO4,OLA1,1,1
MRTO4,PARP1,1,1
MRTO4,PAXBP1,1,1
MRTO4,PCBP1,1,1
MRTO4,PHC1,1,1
MRTO4,POLA1,1,1
MRTO4,PPM1M,1,1
MRTO4,PPP6R3,1,1
MRTO4,PRELID3B,1,1
MRTO4,PSMA7,1,1
MRTO4,PSMD6,1,1
MRTO4,RAD21,1,1
MRTO4,RBL1,1,1
MRTO4,RBM15,1,1
MRTO4,ROCK2,1,1
MRTO4,RPS19BP1,1,1
MRTO4,RRM2,1,1
MRTO4,SATB1,1,1
MRTO4,SCO2,1,1
MRTO4,SGO2,1,1
MRTO4,SH3D19,1,1
MRTO4,SH3PXD2B,1,1
MRTO4,SLC43A3,1,1
MRTO4,SNRPA1,1,1
MRTO4,SNRPD3,1,1
MRTO4,SPAG1,1,1
MRTO4,SPICE1,1,1
MRTO4,SRSF10,1,1
MRTO4,THOC7,1,1
MRTO4,TMEM106C,1,1
MRTO4,TXNRD1,1,1
MRTO4,U2AF2,1,1
MRTO4,UBE2S,1,1
MRTO4,UBE2SP2,1,1
MRTO4,UBIAD1,1,1
MRTO4,WDR12,1,1
MRTO4,XPO1,1,1
MRTO4,XPO6,1,1
MRTO4,ZMYM3,1,1
SESN1,C3ORF70,1,1
SESN1,CEP112,1,1
SESN1,DIRAS1,1,1
SESN1,ECHDC3,1,1
SESN1,GALNT11,1,1
SESN1,ITM2A,1,1
SESN1,MAN1C1,1,1
SESN1,MLLT3,1,1
SESN1,RAPGEF4,1,1
SESN1,RP11-568K15.1,1,1
SESN1,SEPN1,1,1
SESN1,SRRM3,1,1
SESN1,VASH1,1,1
SESN1,VWA5A,1,1
SESN1,YPEL2,1,1
AZIN2,AC255361.1,1,1
AZIN2,ANG,1,1
AZIN2,ARNT,1,1
AZIN2,CBFA2T2,1,1
AZIN2,EVI5L,1,1
AZIN2,FAM229B,1,1
AZIN2,GGPS1,1,1
AZIN2,GNG7,1,1
AZIN2,GOLGA2,1,1
AZIN2,IFFO1,1,1
AZIN2,IFT74,1,1
AZIN2,KRCC1,1,1
AZIN2,MRGBP,1,1
AZIN2,MTND4P12,1,1
AZIN2,MYO18A,1,1
AZIN2,NR1H3,1,1
AZIN2,PLCG2,1,1
AZIN2,RFTN2,1,1
AZIN2,STAT5B,1,1
AZIN2,STX8,1,1
AZIN2,TP53I11,1,1
AZIN2,TULP3,1,1
AZIN2,TXNDC9,1,1
AZIN2,ZNF608,1,1
TM2D2,C4ORF3,1,1
TM2D2,HIST3H2A,1,1
TM2D2,SCAND1,1,1
TM2D2,TMEM216,1,1
LINGO1,ACBD6,1,1
LINGO1,ANG,1,1
LINGO1,APLP2,1,1
LINGO1,ARMCX3,1,1
LINGO1,AXIN2,1,1
LINGO1,BAG2,1,1
LINGO1,BID,1,1
LINGO1,BMP4,1,1
LINGO1,C3ORF70,1,1
LINGO1,C7ORF31,1,1
LINGO1,CAMK4,1,1
LINGO1,CAMKK2,1,1
LINGO1,CBR1,1,1
LINGO1,CCDC125,1,1
LINGO1,CDON,1,1
LINGO1,COPS7A,1,1
LINGO1,ELL,1,1
LINGO1,EPHX2,1,1
LINGO1,ETFDH,1,1
LINGO1,EXOSC5,1,1
LINGO1,FAF1,1,1
LINGO1,FHL1,1,1
LINGO1,GMPPB,1,1
LINGO1,HERC2,1,1
LINGO1,KLHL23,1,1
LINGO1,MYBL1,1,1
LINGO1,PDAP1,1,1
LINGO1,PDE4A,1,1
LINGO1,PFKL,1,1
LINGO1,PFN2,1,1
LINGO1,PIGC,1,1
LINGO1,PLP2,1,1
LINGO1,POP4,1,1
LINGO1,POR,1,1
LINGO1,PTPN13,1,1
LINGO1,RABGAP1L,1,1
LINGO1,RAE1,1,1
LINGO1,RAVER2,1,1
LINGO1,RHBDD2,1,1
LINGO1,RIOK3,1,1
LINGO1,RP11-568K15.1,1,1
LINGO1,RRAGA,1,1
LINGO1,SEC23B,1,1
LINGO1,SGMS2,1,1
LINGO1,SH3BP4,1,1
LINGO1,SIAE,1,1
LINGO1,SLC52A2,1,1
LINGO1,SP140L,1,1
LINGO1,TBC1D5,1,1
LINGO1,TMEM120A,1,1
LINGO1,TOMM22,1,1
LINGO1,TTI1,1,1
LINGO1,WDR60,1,1
LINGO1,YWHAQ,1,1
LINGO1,ZNF521,1,1
LINGO1,ZNF585A,1,1
LINGO1,ZNF616,1,1
TMEM230,BLMH,1,1
TMEM230,DENND5A,1,1
TMEM230,EMP3,1,1
TMEM230,IFT57,1,1
TMEM230,NID1,1,1
TMEM230,SCRN1,1,1
TMEM230,SRC,1,1
TMEM230,TRIM66,1,1
TMEM230,TRIP6,1,1
TMEM230,TSPAN12,1,1
TMEM230,VPS16,1,1
ZMAT3,APPBP2,1,1
ZMAT3,ARHGEF3,1,1
ZMAT3,ARNT,1,1
ZMAT3,ASF1B,1,1
ZMAT3,BAG2,1,1
ZMAT3,CA5B,1,1
ZMAT3,CCDC149,1,1
ZMAT3,CCT4,1,1
ZMAT3,CENPQ,1,1
ZMAT3,CEP126,1,1
ZMAT3,CNTNAP1,1,1
ZMAT3,DCAF8,1,1
ZMAT3,DCP1B,1,1
ZMAT3,EPT1,1,1
ZMAT3,EVI5L,1,1
ZMAT3,FASTKD2,1,1
ZMAT3,GOLGA2,1,1
ZMAT3,HELLS,1,1
ZMAT3,LRP1,1,1
ZMAT3,LRP10,1,1
ZMAT3,MAPRE1,1,1
ZMAT3,MCM7,1,1
ZMAT3,MRPL30,1,1
ZMAT3,NHP2,1,1
ZMAT3,OLA1,1,1
ZMAT3,PHF19,1,1
ZMAT3,POLA1,1,1
ZMAT3,PRDX3,1,1
ZMAT3,PSMA1,1,1
ZMAT3,PTRH1,1,1
ZMAT3,RANBP1,1,1
ZMAT3,RAPGEF6,1,1
ZMAT3,RFTN2,1,1
ZMAT3,RRM2,1,1
ZMAT3,SCLY,1,1
ZMAT3,SEMA6C,1,1
ZMAT3,SKA1,1,1
ZMAT3,SMC4,1,1
ZMAT3,SPACA9,1,1
ZMAT3,SPATA6,1,1
ZMAT3,SPSB2,1,1
ZMAT3,TANK,1,1
ZMAT3,TARDBP,1,1
ZMAT3,TBKBP1,1,1
ZMAT3,THRA,1,1
ZMAT3,TMCC1,1,1
ZMAT3,UBXN6,1,1
DTYMK,ACP1,1,1
DTYMK,ADSL,1,1
DTYMK,AEN,1,1
DTYMK,ANGPTL2,1,1
DTYMK,ANXA7,1,1
DTYMK,ARHGEF40,1,1
DTYMK,ARPC2,1,1
DTYMK,ATAD2,1,1
DTYMK,BLM,1,1
DTYMK,BTBD1,1,1
DTYMK,C11ORF58,1,1
DTYMK,C15ORF57,1,1
DTYMK,CDCA7,1,1
DTYMK,CHRAC1,1,1
DTYMK,CNOT9,1,1
DTYMK,CPSF4,1,1
DTYMK,CRAT,1,1
DTYMK,CSE1L,1,1
DTYMK,DCTPP1,1,1
DTYMK,DDX27,1,1
DTYMK,DHFR,1,1
DTYMK,DSCC1,1,1
DTYMK,E2F8,1,1
DTYMK,EVI2A,1,1
DTYMK,FAM49B,1,1
DTYMK,FASTKD2,1,1
DTYMK,FKBP1A,1,1
DTYMK,G3BP1,1,1
DTYMK,GNAI3,1,1
DTYMK,HAUS8,1,1
DTYMK,HELLS,1,1
DTYMK,HILPDA,1,1
DTYMK,IFT46,1,1
DTYMK,IFT80,1,1
DTYMK,IMPA1,1,1
DTYMK,KBTBD8,1,1
DTYMK,KIF22,1,1
DTYMK,MAPRE1,1,1
DTYMK,MCM7,1,1
DTYMK,MCM8,1,1
DTYMK,MGST1,1,1
DTYMK,MKKS,1,1
DTYMK,NAP1L4,1,1
DTYMK,NOL9,1,1
DTYMK,NOP56,1,1
DTYMK,NUP35,1,1
DTYMK,NUP98,1,1
DTYMK,OLA1,1,1
DTYMK,PAQR4,1,1
DTYMK,PARP1,1,1
DTYMK,PAXBP1,1,1
DTYMK,PCNA,1,1
DTYMK,PRC1,1,1
DTYMK,PSMA1,1,1
DTYMK,RAD21,1,1
DTYMK,RRM2,1,1
DTYMK,SLC43A3,1,1
DTYMK,SMC4,1,1
DTYMK,SMPD4,1,1
DTYMK,SPAG1,1,1
DTYMK,SPTY2D1,1,1
DTYMK,SRXN1,1,1
DTYMK,TBCB,1,1
DTYMK,TBKBP1,1,1
DTYMK,TICRR,1,1
DTYMK,TMEM237,1,1
DTYMK,UBE2S,1,1
DTYMK,YWHAZ,1,1
ACP2,ACP1,1,1
ACP2,ADSL,1,1
ACP2,ARPC2,1,1
ACP2,BOLA2,1,1
ACP2,BOLA2B,1,1
ACP2,C15ORF57,1,1
ACP2,CCDC9,1,1
ACP2,CCNYL1,1,1
ACP2,CDKN2AIPNL,1,1
ACP2,CNOT9,1,1
ACP2,COPB1,1,1
ACP2,COX7A2L,1,1
ACP2,CSE1L,1,1
ACP2,CTNNBL1,1,1
ACP2,DSCC1,1,1
ACP2,DSTN,1,1
ACP2,EGF,1,1
ACP2,ELOVL4,1,1
ACP2,EVI2A,1,1
ACP2,FAM49B,1,1
ACP2,FKBP1A,1,1
ACP2,GALC,1,1
ACP2,GORASP2,1,1
ACP2,HIST3H2A,1,1
ACP2,IFT46,1,1
ACP2,IMPA1,1,1
ACP2,MARC2,1,1
ACP2,ME2,1,1
ACP2,MED21,1,1
ACP2,NFYC,1,1
ACP2,NIF3L1,1,1
ACP2,OLA1,1,1
ACP2,ONECUT2,1,1
ACP2,PAX9,1,1
ACP2,PRELID3B,1,1
ACP2,PSMA1,1,1
ACP2,PSMA7,1,1
ACP2,RAD21,1,1
ACP2,RNASEH2A,1,1
ACP2,SCAND1,1,1
ACP2,SIKE1,1,1
ACP2,SPAG1,1,1
ACP2,THOC7,1,1
ACP2,TMEM106C,1,1
ACP2,TMEM237,1,1
ACP2,TPD52,1,1
ACP2,TSEN34,1,1
ACP2,UBE2S,1,1
ACP2,USP22,1,1
ACP2,WRAP73,1,1
ACP2,ZNF329,1,1
UBE2SP2,ACP1,1,1
UBE2SP2,ASAP1,1,1
UBE2SP2,C11ORF49,1,1
UBE2SP2,DBF4,1,1
UBE2SP2,DCAF5,1,1
UBE2SP2,EML4,1,1
UBE2SP2,FBXL20,1,1
UBE2SP2,GRK6,1,1
UBE2SP2,HMMR,1,1
UBE2SP2,HSPA4,1,1
UBE2SP2,LRP10,1,1
UBE2SP2,MRS2,1,1
UBE2SP2,NCAPG,1,1
UBE2SP2,NCAPG2,1,1
UBE2SP2,NCAPH,1,1
UBE2SP2,NCL,1,1
UBE2SP2,NPM1,1,1
UBE2SP2,NUP98,1,1
UBE2SP2,PCBP1,1,1
UBE2SP2,PHC1,1,1
UBE2SP2,POLA1,1,1
UBE2SP2,PPM1M,1,1
UBE2SP2,RBL1,1,1
UBE2SP2,SATB1,1,1
UBE2SP2,SGO2,1,1
UBE2SP2,SNRPA1,1,1
UBE2SP2,SNRPD3,1,1
UBE2SP2,SUZ12,1,1
UBE2SP2,XPO1,1,1
UBE2SP2,ZMYM3,1,1
STS,BLMH,1,1
STS,CGGBP1,1,1
STS,EEF1GP1,1,1
STS,EMP2,1,1
STS,KIAA1549,1,1
STS,MID2,1,1
STS,PDE10A,1,1
STS,PPIL2,1,1
STS,SLC6A15,1,1
STS,TMEM171,1,1
STS,TMEM248,1,1
STS,TSPAN12,1,1
STS,TWSG1,1,1
STS,ZFPM1,1,1
MAN1C1,ABHD15,1,1
MAN1C1,ATP8B2,1,1
MAN1C1,C1QTNF6,1,1
MAN1C1,CDC42EP5,1,1
MAN1C1,CDIPT,1,1
MAN1C1,CEP112,1,1
MAN1C1,ETV6,1,1
MAN1C1,FAM110B,1,1
MAN1C1,GALK1,1,1
MAN1C1,GEMIN8,1,1
MAN1C1,ISYNA1,1,1
MAN1C1,MAGI2,1,1
MAN1C1,OGDH,1,1
MAN1C1,PDE10A,1,1
MAN1C1,PLPPR2,1,1
MAN1C1,PPIL2,1,1
MAN1C1,RARG,1,1
MAN1C1,RBM43,1,1
MAN1C1,RGL1,1,1
MAN1C1,RHOG,1,1
MAN1C1,SERINC2,1,1
MAN1C1,SLC2A10,1,1
MAN1C1,SRRM3,1,1
MAN1C1,TBX2,1,1
MAN1C1,TYRO3,1,1
MAN1C1,UGCG,1,1
MAN1C1,VWA5A,1,1
MAN1C1,YPEL2,1,1
ACBD4,BEND3,1,1
ACBD4,CAB39,1,1
ACBD4,FKBP8,1,1
ACBD4,FKRP,1,1
ACBD4,LRPPRC,1,1
ACBD4,PITPNB,1,1
ACBD4,RANBP2,1,1
ACBD4,USP14,1,1
ACBD4,ZNF333,1,1
PSMA7,ACP1,1,1
PSMA7,ADSL,1,1
PSMA7,ALG10,1,1
PSMA7,ARMC6,1,1
PSMA7,ATXN7,1,1
PSMA7,AZIN1,1,1
PSMA7,CBLL1,1,1
PSMA7,CCNYL1,1,1
PSMA7,CDC45,1,1
PSMA7,CDKN2AIPNL,1,1
PSMA7,CNOT9,1,1
PSMA7,COPB1,1,1
PSMA7,COPS6,1,1
PSMA7,CSE1L,1,1
PSMA7,CTNNBL1,1,1
PSMA7,DBF4,1,1
PSMA7,DCAF5,1,1
PSMA7,DCLRE1B,1,1
PSMA7,DDX11,1,1
PSMA7,DSCC1,1,1
PSMA7,DSN1,1,1
PSMA7,DSTN,1,1
PSMA7,E2F6,1,1
PSMA7,ELOVL4,1,1
PSMA7,EVI2A,1,1
PSMA7,FAM49B,1,1
PSMA7,FKBP1A,1,1
PSMA7,G3BP1,1,1
PSMA7,GORASP2,1,1
PSMA7,GRK6,1,1
PSMA7,HMMR,1,1
PSMA7,HSPE1,1,1
PSMA7,IMMT,1,1
PSMA7,KCTD5,1,1
PSMA7,ME2,1,1
PSMA7,MED21,1,1
PSMA7,MRPL17,1,1
PSMA7,MRS2,1,1
PSMA7,MYO1B,1,1
PSMA7,NFYC,1,1
PSMA7,NIF3L1,1,1
PSMA7,NOL9,1,1
PSMA7,NRAS,1,1
PSMA7,NUP35,1,1
PSMA7,NUP98,1,1
PSMA7,ONECUT2,1,1
PSMA7,PARP1,1,1
PSMA7,PAX9,1,1
PSMA7,PAXBP1,1,1
PSMA7,PCBP1,1,1
PSMA7,PHC1,1,1
PSMA7,PPM1M,1,1
PSMA7,PRELID3B,1,1
PSMA7,PSMD6,1,1
PSMA7,RBL1,1,1
PSMA7,RBM15,1,1
PSMA7,RNASEH2A,1,1
PSMA7,RPS19BP1,1,1
PSMA7,RYK,1,1
PSMA7,SCO2,1,1
PSMA7,SH3D19,1,1
PSMA7,SNRPA1,1,1
PSMA7,SNRPD3,1,1
PSMA7,SNU13,1,1
PSMA7,SPAG1,1,1
PSMA7,SPICE1,1,1
PSMA7,THAP5,1,1
PSMA7,THOC7,1,1
PSMA7,TMEM106C,1,1
PSMA7,TPD52,1,1
PSMA7,UBE2S,1,1
PSMA7,UBIAD1,1,1
PSMA7,XPO1,1,1
PSMA7,ZMYM3,1,1
PSMA7,ZNF549,1,1
CCDC9,BOLA2,1,1
CCDC9,BOLA2B,1,1
CCDC9,C4ORF3,1,1
CCDC9,CRIPT,1,1
CCDC9,CTNNBL1,1,1
CCDC9,DSG2,1,1
CCDC9,EIF2S2,1,1
CCDC9,FAM49B,1,1
CCDC9,GALC,1,1
CCDC9,GOLGA7,1,1
CCDC9,GOSR2,1,1
CCDC9,KNTC1,1,1
CCDC9,MARC2,1,1
CCDC9,OLA1,1,1
CCDC9,PIGU,1,1
CCDC9,POP5,1,1
CCDC9,RPE,1,1
CCDC9,SCAND1,1,1
CCDC9,SIKE1,1,1
CCDC9,SSBP3,1,1
CCDC9,TMED5,1,1
CCDC9,UBE2S,1,1
DLG4,ACP1,1,1
DLG4,ADSL,1,1
DLG4,ANLN,1,1
DLG4,BTBD1,1,1
DLG4,CAB39,1,1
DLG4,CDCA8,1,1
DLG4,CTNNBL1,1,1
DLG4,DYRK4,1,1
DLG4,EIF2S2,1,1
DLG4,EPT1,1,1
DLG4,FAM120C,1,1
DLG4,FAM49B,1,1
DLG4,FASTKD2,1,1
DLG4,GCFC2,1,1
DLG4,HAUS8,1,1
DLG4,HILPDA,1,1
DLG4,HIST3H2A,1,1
DLG4,HMGXB4,1,1
DLG4,HMMR,1,1
DLG4,KLC4,1,1
DLG4,LIN9,1,1
DLG4,MCM6,1,1
DLG4,MCM7,1,1
DLG4,MTHFD1,1,1
DLG4,NCAPG,1,1
DLG4,NCAPH,1,1
DLG4,OLA1,1,1
DLG4,PFDN4,1,1
DLG4,PHF19,1,1
DLG4,POLA1,1,1
DLG4,PRMT3,1,1
DLG4,PSMD1,1,1
DLG4,PSMD6,1,1
DLG4,RAD21,1,1
DLG4,RAD54L,1,1
DLG4,RANBP1,1,1
DLG4,SGO2,1,1
DLG4,SMC4,1,1
DLG4,SNRPA1,1,1
DLG4,STK19,1,1
DLG4,TICRR,1,1
DLG4,TMEM134,1,1
DLG4,UBE2S,1,1
DLG4,WDR12,1,1
DLG4,XPO1,1,1
DLG4,ZC3H15,1,1
DLG4,ZDHHC1,1,1
DLG4,ZMYM3,1,1
ZZZ3,ABHD15,1,1
ZZZ3,BOK,1,1
ZZZ3,C8ORF88,1,1
ZZZ3,CDIPT,1,1
ZZZ3,EPN2,1,1
ZZZ3,HAUS1,1,1
ZZZ3,KLHL29,1,1
ZZZ3,PLEKHH2,1,1
ZZZ3,PLPPR2,1,1
ZZZ3,RHOG,1,1
ZZZ3,RNF187,1,1
ZZZ3,SERINC2,1,1
ZZZ3,SRSF11,1,1
ZZZ3,SSX2IP,1,1
ZZZ3,TIAL1,1,1
ZZZ3,UGCG,1,1
ZZZ3,USP12,1,1
ZZZ3,VWA5A,1,1
UQCC1,ARPC2,1,1
UQCC1,COPB1,1,1
UQCC1,FKBP1A,1,1
UQCC1,GPAA1,1,1
UQCC1,HAPLN3,1,1
UQCC1,MGST1,1,1
UQCC1,MRPL17,1,1
UQCC1,NIF3L1,1,1
UQCC1,NUB1,1,1
UQCC1,ODF2L,1,1
UQCC1,OGFOD3,1,1
UQCC1,RCHY1,1,1
UQCC1,RNF182,1,1
UQCC1,SLC25A26,1,1
UQCC1,STAU1,1,1
UQCC1,TBX18,1,1
UQCC1,TMEM106C,1,1
UQCC1,TSEN34,1,1
UQCC1,WRAP73,1,1
UQCC1,ZNF329,1,1
EIF2S2,ACP1,1,1
EIF2S2,ADSL,1,1
EIF2S2,BOLA2B,1,1
EIF2S2,C2ORF47,1,1
EIF2S2,C4ORF3,1,1
EIF2S2,CD44,1,1
EIF2S2,COPS6,1,1
EIF2S2,CTNNBL1,1,1
EIF2S2,DSG2,1,1
EIF2S2,DSTN,1,1
EIF2S2,DYRK4,1,1
EIF2S2,EPT1,1,1
EIF2S2,FAM49B,1,1
EIF2S2,GCFC2,1,1
EIF2S2,GOLGA7,1,1
EIF2S2,GOSR2,1,1
EIF2S2,HIST3H2A,1,1
EIF2S2,KCTD5,1,1
EIF2S2,MARC2,1,1
EIF2S2,OLA1,1,1
EIF2S2,PFDN4,1,1
EIF2S2,PIGU,1,1
EIF2S2,PKM,1,1
EIF2S2,POP5,1,1
EIF2S2,PPTC7,1,1
EIF2S2,PRELID3B,1,1
EIF2S2,PRMT3,1,1
EIF2S2,PROCR,1,1
EIF2S2,PSMD1,1,1
EIF2S2,PSMD6,1,1
EIF2S2,RAPGEF6,1,1
EIF2S2,RPE,1,1
EIF2S2,RYK,1,1
EIF2S2,SCAND1,1,1
EIF2S2,SFXN1,1,1
EIF2S2,SH3D19,1,1
EIF2S2,SIKE1,1,1
EIF2S2,SNRPA1,1,1
EIF2S2,SPRED2,1,1
EIF2S2,SSBP3,1,1
EIF2S2,TAF1B,1,1
EIF2S2,THOC5,1,1
EIF2S2,TMED5,1,1
EIF2S2,UBE2S,1,1
EIF2S2,WDR12,1,1
EIF2S2,XPO1,1,1
EIF2S2,ZC3H15,1,1
EIF2S2,ZNF224,1,1
AATK,ARHGEF6,1,1
AATK,ARMCX3,1,1
AATK,AXIN2,1,1
AATK,C3ORF70,1,1
AATK,CEP19,1,1
AATK,CLTCL1,1,1
AATK,COPS7A,1,1
AATK,DGKQ,1,1
AATK,EPHX2,1,1
AATK,ERI2,1,1
AATK,ERN 1.00,1,1
AATK,EXOSC5,1,1
AATK,FAS,1,1
AATK,GSE1,1,1
AATK,GSTA4,1,1
AATK,GTF2H4,1,1
AATK,IFT27,1,1
AATK,KCNA2,1,1
AATK,LAMA5,1,1
AATK,LBH,1,1
AATK,LRP1,1,1
AATK,METTL2B,1,1
AATK,MT-ND2,1,1
AATK,MTG2,1,1
AATK,PLP2,1,1
AATK,PNPLA6,1,1
AATK,POC1A,1,1
AATK,PRKD1,1,1
AATK,RABGAP1L,1,1
AATK,RAVER2,1,1
AATK,RPS7,1,1
AATK,SH3BP4,1,1
AATK,SPACA9,1,1
AATK,SUMO1,1,1
AATK,SUV39H2,1,1
AATK,THEM6,1,1
AATK,TMEM120A,1,1
AATK,VASH1,1,1
RPS14,GTF2I,1,1
RPS14,RPS7,1,1
ZC3H15,ACP1,1,1
ZC3H15,ANAPC1,1,1
ZC3H15,BOLA2B,1,1
ZC3H15,C11ORF49,1,1
ZC3H15,CAB39,1,1
ZC3H15,CENPQ,1,1
ZC3H15,COPS6,1,1
ZC3H15,CTPS1,1,1
ZC3H15,DCAF5,1,1
ZC3H15,DSG2,1,1
ZC3H15,DYRK4,1,1
ZC3H15,EPT1,1,1
ZC3H15,EVI5L,1,1
ZC3H15,FKBP8,1,1
ZC3H15,GCFC2,1,1
ZC3H15,GOSR2,1,1
ZC3H15,GPN3,1,1
ZC3H15,HNRNPAB,1,1
ZC3H15,HSP90AB1,1,1
ZC3H15,HSPE1,1,1
ZC3H15,KCTD5,1,1
ZC3H15,LIN9,1,1
ZC3H15,LINC01420,1,1
ZC3H15,LRP10,1,1
ZC3H15,MARC2,1,1
ZC3H15,MCM6,1,1
ZC3H15,MCM7,1,1
ZC3H15,MRPS35,1,1
ZC3H15,NCAPG,1,1
ZC3H15,NCL,1,1
ZC3H15,OLA1,1,1
ZC3H15,PDCL3,1,1
ZC3H15,PFDN4,1,1
ZC3H15,PHF19,1,1
ZC3H15,PITPNB,1,1
ZC3H15,PNO1,1,1
ZC3H15,POLA1,1,1
ZC3H15,POLE,1,1
ZC3H15,PPM1M,1,1
ZC3H15,PPTC7,1,1
ZC3H15,PRMT3,1,1
ZC3H15,PSMD1,1,1
ZC3H15,PSMD6,1,1
ZC3H15,RAN,1,1
ZC3H15,RANBP1,1,1
ZC3H15,RAPGEF6,1,1
ZC3H15,SCLY,1,1
ZC3H15,SFXN1,1,1
ZC3H15,SGO2,1,1
ZC3H15,SNRPD3,1,1
ZC3H15,TAF1B,1,1
ZC3H15,TMEM134,1,1
ZC3H15,TMEM33,1,1
ZC3H15,TMPO,1,1
ZC3H15,UBXN6,1,1
ZC3H15,UTP20,1,1
ZC3H15,UTP6,1,1
ZC3H15,WDR12,1,1
ZC3H15,WDR3,1,1
ZC3H15,XPO1,1,1
ZC3H15,ZDHHC1,1,1
ZC3H15,ZNF224,1,1
MRPL30,APPBP2,1,1
MRPL30,ASF1B,1,1
MRPL30,BAG2,1,1
MRPL30,BID,1,1
MRPL30,C19ORF48,1,1
MRPL30,CAMK4,1,1
MRPL30,CCDC149,1,1
MRPL30,CCT4,1,1
MRPL30,CENPQ,1,1
MRPL30,CEP126,1,1
MRPL30,CTC-435M10.3,1,1
MRPL30,E2F1,1,1
MRPL30,EXOSC5,1,1
MRPL30,GMPPB,1,1
MRPL30,GSE1,1,1
MRPL30,HAUS6,1,1
MRPL30,HELLS,1,1
MRPL30,IFFO1,1,1
MRPL30,IFT140,1,1
MRPL30,ITCH,1,1
MRPL30,JADE3,1,1
MRPL30,KLHL23,1,1
MRPL30,KRCC1,1,1
MRPL30,LRP1,1,1
MRPL30,MARC2,1,1
MRPL30,MCM7,1,1
MRPL30,MRGBP,1,1
MRPL30,MRPL14,1,1
MRPL30,MTBP,1,1
MRPL30,MYO18A,1,1
MRPL30,MYO19,1,1
MRPL30,NDUFAB1,1,1
MRPL30,NHP2,1,1
MRPL30,NUP62,1,1
MRPL30,PAQR4,1,1
MRPL30,PDAP1,1,1
MRPL30,PHF5A,1,1
MRPL30,PLP2,1,1
MRPL30,POLQ,1,1
MRPL30,PRDX3,1,1
MRPL30,PSMA1,1,1
MRPL30,PTPN13,1,1
MRPL30,RAE1,1,1
MRPL30,RAVER2,1,1
MRPL30,RHBDD2,1,1
MRPL30,RPRD1B,1,1
MRPL30,SIDT2,1,1
MRPL30,SKA1,1,1
MRPL30,SLC12A7,1,1
MRPL30,SLC44A2,1,1
MRPL30,SPACA9,1,1
MRPL30,SPDL1,1,1
MRPL30,SRXN1,1,1
MRPL30,STAT5B,1,1
MRPL30,TANK,1,1
MRPL30,TCOF1,1,1
MRPL30,THRA,1,1
MRPL30,TMCC1,1,1
MRPL30,TMEM173,1,1
MRPL30,TOMM22,1,1
MRPL30,TTI1,1,1
MRPL30,TTK,1,1
MRPL30,TULP3,1,1
MRPL30,TXNDC9,1,1
MRPL30,ZNF608,1,1
LIG1,CENPU,1,1
LIG1,DCK,1,1
LIG1,E2F1,1,1
LIG1,GJC1,1,1
LIG1,KIF20B,1,1
LIG1,LSM 3.00,1,1
LIG1,MKI67,1,1
LIG1,MRPS18C,1,1
LIG1,PRELID1P1,1,1
LIG1,PSMB7,1,1
LIG1,RRM1,1,1
LIG1,SNRPB,1,1
LIG1,ZWINT,1,1
FKRP,FKBP8,1,1
FKRP,PITPNB,1,1
FKRP,PLEC,1,1
FKRP,PPTC7,1,1
FKRP,UTP20,1,1
ZFAND5,DPY30,1,1
BLMH,CCND1,1,1
BLMH,EEF1GP1,1,1
BLMH,HLA-DPA1,1,1
BLMH,MID2,1,1
BLMH,RP11-371A22.1,1,1
BLMH,SLC6A15,1,1
BLMH,TRIM66,1,1
DYNC1I2,CORO1C,1,1
DYNC1I2,EXOSC1,1,1
DYNC1I2,GDF11,1,1
DYNC1I2,ZNF320,1,1
ASPM,ARHGAP11A,1,1
ASPM,ASF1B,1,1
ASPM,CENPO,1,1
ASPM,CENPQ,1,1
ASPM,ECT2,1,1
ASPM,ERCC6L,1,1
ASPM,FAM120C,1,1
ASPM,GSG2,1,1
ASPM,KIF23,1,1
ASPM,KLC4,1,1
ASPM,LIN9,1,1
ASPM,MCM4,1,1
ASPM,MTBP,1,1
ASPM,OIP5,1,1
ASPM,PBK,1,1
ASPM,PHF19,1,1
ASPM,PRDX3,1,1
ASPM,RRNAD1,1,1
ASPM,SGO1,1,1
ASPM,SUV39H1,1,1
ASPM,TARDBP,1,1
ASPM,TMPO,1,1
ASPM,TTK,1,1
NEIL3,ARMCX3,1,1
NEIL3,BUB3,1,1
NEIL3,C19ORF48,1,1
NEIL3,KRCC1,1,1
NEIL3,MYO18A,1,1
NEIL3,NUP62,1,1
NEIL3,PDAP1,1,1
NEIL3,PHF5A,1,1
NEIL3,PLP2,1,1
NEIL3,RAE1,1,1
NEIL3,SKA1,1,1
NEIL3,STAT5B,1,1
NEIL3,YWHAQ,1,1
NEIL3,ZCCHC24,1,1
NEIL3,ZNF608,1,1
NEIL3,ZSCAN21,1,1
C1ORF198,ATG2B,1,1
C1ORF198,DCAF5,1,1
C1ORF198,DOCK6,1,1
C1ORF198,FAM179B,1,1
C1ORF198,GRK6,1,1
C1ORF198,SMARCC2,1,1
BCL6,CERS1,1,1
BCL6,ECHS1,1,1
BCL6,GALK1,1,1
BCL6,MAGI2,1,1
BCL6,PRICKLE2,1,1
BCL6,SNTA1,1,1
BCL6,SRRM3,1,1
BCL6,TIAL1,1,1
GPSM1,CENPW,1,1
GPSM1,IFT46,1,1
GPSM1,RNASEH2A,1,1
GPSM1,THOC3,1,1
SKA1,ACTR5,1,1
SKA1,APPBP2,1,1
SKA1,ARHGAP11A,1,1
SKA1,ARMCX3,1,1
SKA1,ASF1B,1,1
SKA1,BAG2,1,1
SKA1,C19ORF48,1,1
SKA1,CCNE2,1,1
SKA1,CENPQ,1,1
SKA1,CHRAC1,1,1
SKA1,DCP1B,1,1
SKA1,E2F1,1,1
SKA1,ESF1,1,1
SKA1,HELLS,1,1
SKA1,INO80B,1,1
SKA1,ITPKC,1,1
SKA1,KIF20B,1,1
SKA1,LRP1,1,1
SKA1,MKI67,1,1
SKA1,MRPS18C,1,1
SKA1,NDUFAB1,1,1
SKA1,NHP2,1,1
SKA1,NUP62,1,1
SKA1,PHF5A,1,1
SKA1,PNPLA6,1,1
SKA1,POLQ,1,1
SKA1,PRDX3,1,1
SKA1,PUF60,1,1
SKA1,RAE1,1,1
SKA1,RAVER2,1,1
SKA1,RRM1,1,1
SKA1,SASS6,1,1
SKA1,SMPD4,1,1
SKA1,SP140L,1,1
SKA1,SPACA9,1,1
SKA1,SPDL1,1,1
SKA1,SPSB2,1,1
SKA1,TARDBP,1,1
SKA1,TBKBP1,1,1
SKA1,TCOF1,1,1
SKA1,TMCC1,1,1
SKA1,TOMM22,1,1
SKA1,TTK,1,1
SKA1,ZCCHC24,1,1
SKA1,ZWINT,1,1
SH3TC2,AEN,1,1
SH3TC2,ANXA7,1,1
SH3TC2,ATP5I,1,1
SH3TC2,BAG2,1,1
SH3TC2,BMP4,1,1
SH3TC2,CAMK4,1,1
SH3TC2,CBR1,1,1
SH3TC2,CHRAC1,1,1
SH3TC2,DCP1B,1,1
SH3TC2,DDX27,1,1
SH3TC2,FAM49B,1,1
SH3TC2,FASTKD2,1,1
SH3TC2,ITCH,1,1
SH3TC2,KIF2A,1,1
SH3TC2,MAPRE1,1,1
SH3TC2,MARC2,1,1
SH3TC2,OLA1,1,1
SH3TC2,PAQR4,1,1
SH3TC2,PSMA1,1,1
SH3TC2,PTPN13,1,1
SH3TC2,RAPGEF6,1,1
SH3TC2,RAVER2,1,1
SH3TC2,SLC44A2,1,1
SH3TC2,SMC4,1,1
SH3TC2,SPTY2D1,1,1
SH3TC2,SRXN1,1,1
SH3TC2,TBKBP1,1,1
SH3TC2,TCOF1,1,1
SH3TC2,THOC5,1,1
SH3TC2,THRA,1,1
SH3TC2,TMCC1,1,1
SH3TC2,ZDHHC1,1,1
SH3TC2,ZNF585A,1,1
FAM234B,BBS9,1,1
FAM234B,EHHADH,1,1
FAM234B,GALNT11,1,1
FAM234B,LRRC23,1,1
FAM234B,OCRL,1,1
FAM234B,SDAD1,1,1
FAM234B,TMEM8B,1,1
FAM234B,VWA5A,1,1
FAM234B,YPEL2,1,1
FAM234B,ZNF277,1,1
MAP3K9,ACSF3,1,1
MAP3K9,ARL 2.00,1,1
MAP3K9,ATIC,1,1
MAP3K9,C2ORF47,1,1
MAP3K9,COPS6,1,1
MAP3K9,DSG2,1,1
MAP3K9,DSN1,1,1
MAP3K9,FANCB,1,1
MAP3K9,GCFC2,1,1
MAP3K9,GPN3,1,1
MAP3K9,HMMR,1,1
MAP3K9,IMMT,1,1
MAP3K9,MCM5,1,1
MAP3K9,MOCS2,1,1
MAP3K9,PKM,1,1
MAP3K9,PSMD6,1,1
MAP3K9,RAN,1,1
MAP3K9,RIN3,1,1
MAP3K9,SEMA3C,1,1
MAP3K9,SFXN1,1,1
MAP3K9,SH3D19,1,1
MAP3K9,STK19,1,1
MAP3K9,TAF1B,1,1
MAP3K9,TMEM134,1,1
MAP3K9,XRCC4,1,1
MAP3K9,ZBTB47,1,1
SLC9A1,ACBD6,1,1
SLC9A1,ARMCX6,1,1
SLC9A1,BUB3,1,1
SLC9A1,CAMKK2,1,1
SLC9A1,CCDC125,1,1
SLC9A1,DAB2IP,1,1
SLC9A1,ELL,1,1
SLC9A1,ELOVL7,1,1
SLC9A1,EXOSC5,1,1
SLC9A1,FAF1,1,1
SLC9A1,FAM120B,1,1
SLC9A1,GTF2I,1,1
SLC9A1,HPSE,1,1
SLC9A1,MYBL1,1,1
SLC9A1,MZT2A,1,1
SLC9A1,NCBP2,1,1
SLC9A1,PCDHGC3,1,1
SLC9A1,PDAP1,1,1
SLC9A1,PDE4A,1,1
SLC9A1,PFKL,1,1
SLC9A1,PIGC,1,1
SLC9A1,PITPNA,1,1
SLC9A1,PLP2,1,1
SLC9A1,POR,1,1
SLC9A1,RABGAP1L,1,1
SLC9A1,RHBDD2,1,1
SLC9A1,RRAGA,1,1
SLC9A1,SEC23B,1,1
SLC9A1,SGMS2,1,1
SLC9A1,SH3BP4,1,1
SLC9A1,SLC2A13,1,1
SLC9A1,SMAP1,1,1
SLC9A1,SUMO1,1,1
SLC9A1,TMEM120A,1,1
SLC9A1,TRPC4AP,1,1
SLC9A1,UBA52,1,1
SLC9A1,WDR60,1,1
SLC9A1,YWHAQ,1,1
MRS2,ARMC6,1,1
MRS2,C11ORF49,1,1
MRS2,CDC45,1,1
MRS2,COPS6,1,1
MRS2,DBF4,1,1
MRS2,DCAF5,1,1
MRS2,DOCK6,1,1
MRS2,E2F6,1,1
MRS2,EXD2,1,1
MRS2,FBXL20,1,1
MRS2,GRK6,1,1
MRS2,HMMR,1,1
MRS2,HSPA4,1,1
MRS2,KCTD5,1,1
MRS2,MARK4,1,1
MRS2,NCAPH,1,1
MRS2,NPM1,1,1
MRS2,PHC1,1,1
MRS2,PITPNB,1,1
MRS2,PSMD6,1,1
MRS2,PTP4A2,1,1
MRS2,RBL1,1,1
MRS2,RPS19BP1,1,1
MRS2,SATB1,1,1
MRS2,SH3D19,1,1
MRS2,SNRPD3,1,1
MRS2,SNU13,1,1
MRS2,SPICE1,1,1
MRS2,TP53INP1,1,1
MRS2,WDR3,1,1
MRS2,XPO1,1,1
MRS2,ZMYM3,1,1
TARDBP,ARHGAP11A,1,1
TARDBP,ASF1B,1,1
TARDBP,BTBD1,1,1
TARDBP,CCNE2,1,1
TARDBP,CCT4,1,1
TARDBP,CENPQ,1,1
TARDBP,CHRAC1,1,1
TARDBP,DCAF8,1,1
TARDBP,DCTPP1,1,1
TARDBP,EPT1,1,1
TARDBP,ERCC6L,1,1
TARDBP,ESF1,1,1
TARDBP,EWSR1,1,1
TARDBP,FASTKD2,1,1
TARDBP,GEN1,1,1
TARDBP,HAUS6,1,1
TARDBP,HELLS,1,1
TARDBP,INO80B,1,1
TARDBP,KIF23,1,1
TARDBP,LRP1,1,1
TARDBP,MCM4,1,1
TARDBP,MCM7,1,1
TARDBP,NDUFAB1,1,1
TARDBP,PHF19,1,1
TARDBP,POLE,1,1
TARDBP,PRDX3,1,1
TARDBP,RANBP1,1,1
TARDBP,RRM2,1,1
TARDBP,SMC4,1,1
TARDBP,SMPD4,1,1
TARDBP,SPDL1,1,1
TARDBP,SPSB2,1,1
TARDBP,TEP1,1,1
TARDBP,TICRR,1,1
TARDBP,TTK,1,1
NAP1L4,ADNP,1,1
NAP1L4,AEN,1,1
NAP1L4,API5,1,1
NAP1L4,ARHGEF40,1,1
NAP1L4,ARPC2,1,1
NAP1L4,BLM,1,1
NAP1L4,C11ORF58,1,1
NAP1L4,CD47,1,1
NAP1L4,CDCA7,1,1
NAP1L4,CENPV,1,1
NAP1L4,CORO1C,1,1
NAP1L4,CRAT,1,1
NAP1L4,CSE1L,1,1
NAP1L4,DCP1B,1,1
NAP1L4,DDX27,1,1
NAP1L4,DHFR,1,1
NAP1L4,ENOPH1,1,1
NAP1L4,FAR1,1,1
NAP1L4,FKBP1A,1,1
NAP1L4,GNAI3,1,1
NAP1L4,GSTCD,1,1
NAP1L4,HAPLN3,1,1
NAP1L4,HNRNPA3,1,1
NAP1L4,ISOC1,1,1
NAP1L4,ITFG1,1,1
NAP1L4,KBTBD8,1,1
NAP1L4,LAMA5,1,1
NAP1L4,LPAR3,1,1
NAP1L4,LSM14B,1,1
NAP1L4,MBD5,1,1
NAP1L4,MCM8,1,1
NAP1L4,MGST1,1,1
NAP1L4,MKKS,1,1
NAP1L4,NDUFAF1,1,1
NAP1L4,NUP35,1,1
NAP1L4,ODF2L,1,1
NAP1L4,PCNA,1,1
NAP1L4,PISD,1,1
NAP1L4,PRKACA,1,1
NAP1L4,RAB15,1,1
NAP1L4,RCHY1,1,1
NAP1L4,SF3B1,1,1
NAP1L4,SLC25A26,1,1
NAP1L4,SLC43A3,1,1
NAP1L4,SMG5,1,1
NAP1L4,STK35,1,1
NAP1L4,SUSD6,1,1
NAP1L4,TBCB,1,1
NAP1L4,TBKBP1,1,1
NAP1L4,ZFP36L1,1,1
CAMK4,ACBD6,1,1
CAMK4,ACTR5,1,1
CAMK4,ANGPTL2,1,1
CAMK4,ANXA7,1,1
CAMK4,APLP2,1,1
CAMK4,APPBP2,1,1
CAMK4,ARMCX3,1,1
CAMK4,ARMCX6,1,1
CAMK4,ATP10D,1,1
CAMK4,AXIN2,1,1
CAMK4,BAG2,1,1
CAMK4,BID,1,1
CAMK4,BMP4,1,1
CAMK4,BUB3,1,1
CAMK4,CAMKK2,1,1
CAMK4,CBR1,1,1
CAMK4,CCDC125,1,1
CAMK4,CDON,1,1
CAMK4,COPS7A,1,1
CAMK4,E2F1,1,1
CAMK4,ELL,1,1
CAMK4,ERI2,1,1
CAMK4,ETFDH,1,1
CAMK4,EXOSC5,1,1
CAMK4,FAF1,1,1
CAMK4,FHL1,1,1
CAMK4,GMPPB,1,1
CAMK4,GSE1,1,1
CAMK4,GTF2H4,1,1
CAMK4,HDAC9,1,1
CAMK4,HELLS,1,1
CAMK4,HERC2,1,1
CAMK4,ITCH,1,1
CAMK4,KDM4C,1,1
CAMK4,KLHL23,1,1
CAMK4,MAT2B,1,1
CAMK4,MAZ,1,1
CAMK4,MCM8,1,1
CAMK4,MYBL1,1,1
CAMK4,MYO19,1,1
CAMK4,NUP62,1,1
CAMK4,PAQR4,1,1
CAMK4,PDAP1,1,1
CAMK4,PDE4A,1,1
CAMK4,PFKL,1,1
CAMK4,PFN2,1,1
CAMK4,PIGC,1,1
CAMK4,PLP2,1,1
CAMK4,POLQ,1,1
CAMK4,POP4,1,1
CAMK4,POR,1,1
CAMK4,PSMA1,1,1
CAMK4,PTPN13,1,1
CAMK4,RABGAP1L,1,1
CAMK4,RAE1,1,1
CAMK4,RASSF7,1,1
CAMK4,RAVER2,1,1
CAMK4,RHBDD2,1,1
CAMK4,RIOK3,1,1
CAMK4,RNF10,1,1
CAMK4,ROMO1,1,1
CAMK4,RRAGA,1,1
CAMK4,SASS6,1,1
CAMK4,SEC23B,1,1
CAMK4,SGMS2,1,1
CAMK4,SH3BP4,1,1
CAMK4,SIAE,1,1
CAMK4,SIDT2,1,1
CAMK4,SLC12A7,1,1
CAMK4,SP140L,1,1
CAMK4,SPACA9,1,1
CAMK4,SPATA6,1,1
CAMK4,SRXN1,1,1
CAMK4,SUMO1,1,1
CAMK4,TBC1D5,1,1
CAMK4,TBKBP1,1,1
CAMK4,TCOF1,1,1
CAMK4,THOC5,1,1
CAMK4,THRA,1,1
CAMK4,TMCC1,1,1
CAMK4,TMEM120A,1,1
CAMK4,TOMM22,1,1
CAMK4,TRMT6,1,1
CAMK4,TTI1,1,1
CAMK4,TXNDC9,1,1
CAMK4,WDR60,1,1
CAMK4,WEE1,1,1
CAMK4,YWHAQ,1,1
CAMK4,ZFAND1,1,1
CAMK4,ZNF521,1,1
CAMK4,ZNF585A,1,1
CAMK4,ZNF616,1,1
CHID1,ANGEL1,1,1
CHID1,ARMCX3,1,1
CHID1,AXIN2,1,1
CHID1,BBS9,1,1
CHID1,BUB3,1,1
CHID1,C7ORF31,1,1
CHID1,IPO13,1,1
CHID1,LBH,1,1
CHID1,NBR1,1,1
CHID1,PFKL,1,1
CHID1,PLCG2,1,1
CHID1,PLP2,1,1
CHID1,RABGAP1L,1,1
CHID1,RTN4RL1,1,1
CHID1,STAT5B,1,1
CHID1,TCEAL4,1,1
CHID1,ZNF608,1,1
CHID1,ZSCAN21,1,1
TMEM218,AKAP8L,1,1
TMEM218,BTBD1,1,1
TMEM218,CHRAC1,1,1
TMEM218,DHRS4,1,1
TMEM218,ESF1,1,1
TMEM218,HAUS6,1,1
TMEM218,HDAC10,1,1
TMEM218,IFT140,1,1
TMEM218,KIF2A,1,1
TMEM218,LRP1,1,1
TMEM218,MAN2B1,1,1
TMEM218,MAPRE1,1,1
TMEM218,NUPR1,1,1
TMEM218,PPIG,1,1
TMEM218,PRKAR2A,1,1
TMEM218,RAD52,1,1
TMEM218,RFNG,1,1
TMEM218,SIDT2,1,1
TMEM218,SLC44A2,1,1
TMEM218,ZDHHC1,1,1
NDRG3,VPS16,1,1
NLGN2,AZIN1,1,1
NLGN2,BLM,1,1
NLGN2,CHAMP1,1,1
NLGN2,CRAT,1,1
NLGN2,GLMN,1,1
NLGN2,HINT1,1,1
NLGN2,PAPLN,1,1
NLGN2,PPP6R3,1,1
NLGN2,SUOX,1,1
RABGAP1L,ACBD6,1,1
RABGAP1L,ANG,1,1
RABGAP1L,ANGEL1,1,1
RABGAP1L,ARMCX3,1,1
RABGAP1L,ATP10D,1,1
RABGAP1L,AXIN2,1,1
RABGAP1L,BAG2,1,1
RABGAP1L,BBS9,1,1
RABGAP1L,BID,1,1
RABGAP1L,BMP4,1,1
RABGAP1L,BUB3,1,1
RABGAP1L,C3ORF70,1,1
RABGAP1L,C7ORF31,1,1
RABGAP1L,CAMKK2,1,1
RABGAP1L,CCDC125,1,1
RABGAP1L,COPS7A,1,1
RABGAP1L,ELL,1,1
RABGAP1L,EPHX2,1,1
RABGAP1L,ETFDH,1,1
RABGAP1L,EXOSC5,1,1
RABGAP1L,FAM120B,1,1
RABGAP1L,FLYWCH2,1,1
RABGAP1L,GSTA4,1,1
RABGAP1L,GTF2H4,1,1
RABGAP1L,IPO13,1,1
RABGAP1L,KLHL23,1,1
RABGAP1L,LBH,1,1
RABGAP1L,MAT2B,1,1
RABGAP1L,METTL2B,1,1
RABGAP1L,NBR1,1,1
RABGAP1L,NCBP2,1,1
RABGAP1L,PCDHGC3,1,1
RABGAP1L,PDAP1,1,1
RABGAP1L,PDE4A,1,1
RABGAP1L,PFKL,1,1
RABGAP1L,PFN2,1,1
RABGAP1L,PIGC,1,1
RABGAP1L,PLCG2,1,1
RABGAP1L,PLP2,1,1
RABGAP1L,POR,1,1
RABGAP1L,RAVER2,1,1
RABGAP1L,RHBDD2,1,1
RABGAP1L,RP11-568K15.1,1,1
RABGAP1L,RRAGA,1,1
RABGAP1L,RTN4RL1,1,1
RABGAP1L,SEC23B,1,1
RABGAP1L,SEPN1,1,1
RABGAP1L,SGMS2,1,1
RABGAP1L,SH3BP4,1,1
RABGAP1L,SLC2A13,1,1
RABGAP1L,SLC52A2,1,1
RABGAP1L,SNRPB,1,1
RABGAP1L,SP140L,1,1
RABGAP1L,SPACA9,1,1
RABGAP1L,SPCS3,1,1
RABGAP1L,STAT5B,1,1
RABGAP1L,SUMO1,1,1
RABGAP1L,TCEAL4,1,1
RABGAP1L,TMEM120A,1,1
RABGAP1L,TOMM22,1,1
RABGAP1L,TRMT6,1,1
RABGAP1L,USP30,1,1
RABGAP1L,WDR60,1,1
RABGAP1L,YWHAQ,1,1
RABGAP1L,ZCCHC24,1,1
RABGAP1L,ZNF585A,1,1
RABGAP1L,ZNF616,1,1
RABGAP1L,ZSCAN21,1,1
SRRM3,ARHGEF6,1,1
SRRM3,ATP8B2,1,1
SRRM3,CEP112,1,1
SRRM3,ETV6,1,1
SRRM3,GALK1,1,1
SRRM3,GEMIN8,1,1
SRRM3,IFT27,1,1
SRRM3,ISYNA1,1,1
SRRM3,MAGI2,1,1
SRRM3,OCRL,1,1
SRRM3,OGDH,1,1
SRRM3,PLPPR2,1,1
SRRM3,RAPGEF4,1,1
SRRM3,RARG,1,1
SRRM3,RBM43,1,1
SRRM3,RGL1,1,1
SRRM3,RHOG,1,1
SRRM3,SEPN1,1,1
SRRM3,SERINC2,1,1
SRRM3,SLC2A10,1,1
SRRM3,SRSF11,1,1
SRRM3,TIAL1,1,1
SRRM3,VASH1,1,1
SRRM3,VWA5A,1,1
SRRM3,YPEL2,1,1
CAT,ARMC6,1,1
CAT,ASAP1,1,1
CAT,ATIC,1,1
CAT,CDC45,1,1
CAT,CDK12,1,1
CAT,COG4,1,1
CAT,DBF4,1,1
CAT,DCLRE1B,1,1
CAT,DDX11,1,1
CAT,E2F6,1,1
CAT,EML4,1,1
CAT,EXD2,1,1
CAT,FBXL20,1,1
CAT,GLIPR2,1,1
CAT,HSPA4,1,1
CAT,HSPE1,1,1
CAT,KCTD5,1,1
CAT,KPNB1,1,1
CAT,LINC01420,1,1
CAT,MYO1B,1,1
CAT,NCL,1,1
CAT,NPM1,1,1
CAT,NUP98,1,1
CAT,PCBP1,1,1
CAT,PEX11B,1,1
CAT,PHC1,1,1
CAT,PPM1M,1,1
CAT,PSMD6,1,1
CAT,RBL1,1,1
CAT,RBM15,1,1
CAT,SATB1,1,1
CAT,SNRPD3,1,1
CAT,SUZ12,1,1
CAT,U2AF2,1,1
CAT,WDR3,1,1
CAT,XPO1,1,1
CAT,XPO6,1,1
CAT,ZMYM3,1,1
COPS6,ACP1,1,1
COPS6,ADSL,1,1
COPS6,ARMC6,1,1
COPS6,ATIC,1,1
COPS6,BOLA2B,1,1
COPS6,C2ORF47,1,1
COPS6,C4ORF3,1,1
COPS6,CBLL1,1,1
COPS6,CCNYL1,1,1
COPS6,CDC45,1,1
COPS6,CDKN2AIPNL,1,1
COPS6,COPB1,1,1
COPS6,CTNNBL1,1,1
COPS6,DBF4,1,1
COPS6,DCAF5,1,1
COPS6,DSG2,1,1
COPS6,DSN1,1,1
COPS6,DSTN,1,1
COPS6,DYRK4,1,1
COPS6,E2F6,1,1
COPS6,ELOVL4,1,1
COPS6,EVI2A,1,1
COPS6,EXD2,1,1
COPS6,FAM49B,1,1
COPS6,GCFC2,1,1
COPS6,GOLGA7,1,1
COPS6,GORASP2,1,1
COPS6,GPN3,1,1
COPS6,HMMR,1,1
COPS6,HSPE1,1,1
COPS6,IMMT,1,1
COPS6,KCTD5,1,1
COPS6,KNTC1,1,1
COPS6,MARK1,1,1
COPS6,MCM5,1,1
COPS6,ME2,1,1
COPS6,MED21,1,1
COPS6,NCAPG,1,1
COPS6,NFYC,1,1
COPS6,NRAS,1,1
COPS6,NUP98,1,1
COPS6,OLA1,1,1
COPS6,ONECUT2,1,1
COPS6,PAX9,1,1
COPS6,PCBP1,1,1
COPS6,PIGU,1,1
COPS6,PKM,1,1
COPS6,PPM1M,1,1
COPS6,PPTC7,1,1
COPS6,PRELID3B,1,1
COPS6,PSMD6,1,1
COPS6,PTP4A2,1,1
COPS6,RAN,1,1
COPS6,RBL1,1,1
COPS6,RPE,1,1
COPS6,RPS19BP1,1,1
COPS6,RYK,1,1
COPS6,SCO2,1,1
COPS6,SFXN1,1,1
COPS6,SH3D19,1,1
COPS6,SNRPA1,1,1
COPS6,SNRPD3,1,1
COPS6,SNU13,1,1
COPS6,THOC7,1,1
COPS6,UBE2S,1,1
COPS6,WDR12,1,1
COPS6,WDR3,1,1
COPS6,XPO1,1,1
COPS6,XRCC4,1,1
COPS6,ZBTB47,1,1
COPS6,ZMYM3,1,1
COPS6,ZNF224,1,1
COPS6,ZNF549,1,1
KNTC1,ACP1,1,1
KNTC1,APOBEC3B,1,1
KNTC1,BOLA2B,1,1
KNTC1,C4ORF3,1,1
KNTC1,CALHM2,1,1
KNTC1,CBLL1,1,1
KNTC1,CHTF18,1,1
KNTC1,CTNNBL1,1,1
KNTC1,DCAF5,1,1
KNTC1,DSN1,1,1
KNTC1,EGF,1,1
KNTC1,ELOVL4,1,1
KNTC1,EXD2,1,1
KNTC1,FAM179B,1,1
KNTC1,GOLGA7,1,1
KNTC1,GPN3,1,1
KNTC1,HMMR,1,1
KNTC1,HSPE1,1,1
KNTC1,IMMT,1,1
KNTC1,MEF2D,1,1
KNTC1,PCBP1,1,1
KNTC1,PRELID3B,1,1
KNTC1,PSMD6,1,1
KNTC1,RALGAPA1,1,1
KNTC1,SEMA3C,1,1
KNTC1,SH3D19,1,1
KNTC1,SNRPA1,1,1
KNTC1,SSBP3,1,1
KNTC1,THOC7,1,1
KNTC1,TNKS,1,1
KNTC1,UBE2S,1,1
GABRB3,AFTPH,1,1
GABRB3,APLP2,1,1
GABRB3,SPRYD3,1,1
GABRB3,ZNRF1,1,1
ANKRA2,FASTKD5,1,1
ANKRA2,NOP56,1,1
ANKRA2,SRRT,1,1
SUSD6,ANXA7,1,1
SUSD6,APLP2,1,1
SUSD6,ARHGEF40,1,1
SUSD6,C3ORF70,1,1
SUSD6,DDX27,1,1
SUSD6,FAR1,1,1
SUSD6,IL4R,1,1
SUSD6,ITFG1,1,1
SUSD6,LPAR3,1,1
SUSD6,MCM8,1,1
SUSD6,NDUFAF1,1,1
SUSD6,NUMB,1,1
SUSD6,ODF2L,1,1
SUSD6,SF3B1,1,1
SUSD6,SLC43A3,1,1
SUSD6,TBCB,1,1
SUSD6,TBKBP1,1,1
SUSD6,TBX18,1,1
SUSD6,VASH1,1,1
SUSD6,WRAP73,1,1
SUSD6,ZNF521,1,1
HSP90AB1,ANAPC1,1,1
HSP90AB1,ANLN,1,1
HSP90AB1,ARL 2.00,1,1
HSP90AB1,ATIC,1,1
HSP90AB1,C11ORF49,1,1
HSP90AB1,CTPS1,1,1
HSP90AB1,DBF4,1,1
HSP90AB1,DCAF5,1,1
HSP90AB1,EPT1,1,1
HSP90AB1,GCFC2,1,1
HSP90AB1,GPN3,1,1
HSP90AB1,HNRNPAB,1,1
HSP90AB1,HSPE1,1,1
HSP90AB1,KPNB1,1,1
HSP90AB1,LINC01420,1,1
HSP90AB1,LRP10,1,1
HSP90AB1,MCM5,1,1
HSP90AB1,MCM6,1,1
HSP90AB1,MRPS30,1,1
HSP90AB1,MRPS35,1,1
HSP90AB1,MTRR,1,1
HSP90AB1,NCAPG,1,1
HSP90AB1,NCL,1,1
HSP90AB1,PDCL3,1,1
HSP90AB1,PEX11B,1,1
HSP90AB1,PLK1,1,1
HSP90AB1,PNO1,1,1
HSP90AB1,POLE,1,1
HSP90AB1,PPM1M,1,1
HSP90AB1,PPTC7,1,1
HSP90AB1,PRMT3,1,1
HSP90AB1,PSMD1,1,1
HSP90AB1,PSMD6,1,1
HSP90AB1,RAN,1,1
HSP90AB1,RANBP1,1,1
HSP90AB1,RRP7A,1,1
HSP90AB1,SFXN1,1,1
HSP90AB1,SGO2,1,1
HSP90AB1,SNRPD3,1,1
HSP90AB1,TAF1B,1,1
HSP90AB1,TCP1,1,1
HSP90AB1,TMEM134,1,1
HSP90AB1,TMEM33,1,1
HSP90AB1,TMPO,1,1
HSP90AB1,TP53INP1,1,1
HSP90AB1,TYMS,1,1
HSP90AB1,UTP20,1,1
HSP90AB1,UTP6,1,1
HSP90AB1,WDR12,1,1
HSP90AB1,WDR3,1,1
HSP90AB1,WDR62,1,1
HSP90AB1,XPO1,1,1
HSP90AB1,YPEL5,1,1
AFTPH,SPRYD3,1,1
AFTPH,SYTL2,1,1
AFTPH,TAF10,1,1
ASMTL,GEMIN8,1,1
ASMTL,PPP2R3B,1,1
ASMTL,SLC25A1,1,1
ASMTL,SLC25A42,1,1
RP11-371A22.1,CCND1,1,1
RP11-371A22.1,EEF1GP1,1,1
RP11-371A22.1,GTPBP6,1,1
RP11-371A22.1,PPIL2,1,1
TTI1,ACBD6,1,1
TTI1,AL589743.1,1,1
TTI1,ANGPTL2,1,1
TTI1,APPBP2,1,1
TTI1,ASF1B,1,1
TTI1,AXIN2,1,1
TTI1,BAG2,1,1
TTI1,BID,1,1
TTI1,BMP4,1,1
TTI1,BOLA2,1,1
TTI1,CBR1,1,1
TTI1,CCDC125,1,1
TTI1,CCDC149,1,1
TTI1,CCT4,1,1
TTI1,CDON,1,1
TTI1,COMMD1,1,1
TTI1,CTC-435M10.3,1,1
TTI1,EXOSC5,1,1
TTI1,FHL1,1,1
TTI1,GMPPB,1,1
TTI1,GNG7,1,1
TTI1,GSE1,1,1
TTI1,HDAC9,1,1
TTI1,HELLS,1,1
TTI1,HERC2,1,1
TTI1,ITCH,1,1
TTI1,JADE3,1,1
TTI1,KLHL23,1,1
TTI1,KRCC1,1,1
TTI1,LSAMP,1,1
TTI1,MARC2,1,1
TTI1,METTL2B,1,1
TTI1,MRAS,1,1
TTI1,MTBP,1,1
TTI1,MYBL1,1,1
TTI1,MYO19,1,1
TTI1,PAQR4,1,1
TTI1,PDAP1,1,1
TTI1,PDE4A,1,1
TTI1,PLP2,1,1
TTI1,POLQ,1,1
TTI1,PSMA1,1,1
TTI1,PTPN13,1,1
TTI1,RAE1,1,1
TTI1,RAVER2,1,1
TTI1,RHBDD2,1,1
TTI1,ROMO1,1,1
TTI1,RPRD1B,1,1
TTI1,SEC23B,1,1
TTI1,SIDT2,1,1
TTI1,SLC12A7,1,1
TTI1,SRXN1,1,1
TTI1,TANK,1,1
TTI1,THOC5,1,1
TTI1,THRA,1,1
TTI1,TMCC1,1,1
TTI1,TMEM173,1,1
TTI1,TOMM22,1,1
TTI1,WDR60,1,1
TTI1,ZNF585A,1,1
HAUS6,ARHGAP11A,1,1
HAUS6,C19ORF48,1,1
HAUS6,CCT4,1,1
HAUS6,ESF1,1,1
HAUS6,GGPS1,1,1
HAUS6,IFT140,1,1
HAUS6,JADE3,1,1
HAUS6,KIF2A,1,1
HAUS6,LRP1,1,1
HAUS6,MCM4,1,1
HAUS6,MRGBP,1,1
HAUS6,OSGIN2,1,1
HAUS6,PHF5A,1,1
HAUS6,PPIG,1,1
HAUS6,PRDX3,1,1
HAUS6,PRKAR2A,1,1
HAUS6,RAE1,1,1
HAUS6,RNF8,1,1
HAUS6,SPDL1,1,1
HAUS6,TTK,1,1
HAUS6,TXNDC9,1,1
THBS3,PAPLN,1,1
GOLGA8N,AKAP8L,1,1
GOLGA8N,GGPS1,1,1
GOLGA8N,IFT140,1,1
GOLGA8N,RNGTT,1,1
ITFG1,ARHGEF40,1,1
ITFG1,BOD1,1,1
ITFG1,CD47,1,1
ITFG1,CENPV,1,1
ITFG1,COPS7B,1,1
ITFG1,FAR1,1,1
ITFG1,IL4R,1,1
ITFG1,LPAR3,1,1
ITFG1,MBD5,1,1
ITFG1,MCM8,1,1
ITFG1,NAIP,1,1
ITFG1,NDUFAF1,1,1
ITFG1,NSFL1C,1,1
ITFG1,PRKACA,1,1
ITFG1,PXDC1,1,1
ITFG1,RAB15,1,1
ITFG1,SF3B1,1,1
ITFG1,SMG5,1,1
ITFG1,SRC,1,1
ITFG1,STK35,1,1
ITFG1,TBCB,1,1
ITFG1,VASH1,1,1
MGST1,AEN,1,1
MGST1,ANXA7,1,1
MGST1,ARHGEF40,1,1
MGST1,ARPC2,1,1
MGST1,ATXN7,1,1
MGST1,AZIN1,1,1
MGST1,BLM,1,1
MGST1,C11ORF58,1,1
MGST1,C15ORF57,1,1
MGST1,CCNH,1,1
MGST1,CD47,1,1
MGST1,CNOT9,1,1
MGST1,COPB1,1,1
MGST1,CRAT,1,1
MGST1,CSE1L,1,1
MGST1,CSTF1,1,1
MGST1,DDX27,1,1
MGST1,DSCC1,1,1
MGST1,E2F8,1,1
MGST1,EVI2A,1,1
MGST1,FKBP1A,1,1
MGST1,G3BP1,1,1
MGST1,GNAI3,1,1
MGST1,HAPLN3,1,1
MGST1,HINT1,1,1
MGST1,IFT46,1,1
MGST1,IMPA1,1,1
MGST1,INO80D,1,1
MGST1,KBTBD8,1,1
MGST1,KRAS,1,1
MGST1,LPAR3,1,1
MGST1,MKKS,1,1
MGST1,MRPL17,1,1
MGST1,NR2C2AP,1,1
MGST1,NUB1,1,1
MGST1,NUP35,1,1
MGST1,ODF2L,1,1
MGST1,PARP1,1,1
MGST1,PAXBP1,1,1
MGST1,PPP6R3,1,1
MGST1,PRC1,1,1
MGST1,RAD21,1,1
MGST1,RCHY1,1,1
MGST1,RNF182,1,1
MGST1,SF3B1,1,1
MGST1,SLC25A26,1,1
MGST1,SLC43A3,1,1
MGST1,SPAG1,1,1
MGST1,SPTY2D1,1,1
MGST1,STAU1,1,1
MGST1,TBCB,1,1
MGST1,TBX18,1,1
MGST1,TMEM106C,1,1
MGST1,TMEM237,1,1
MGST1,TSEN34,1,1
MGST1,WRAP73,1,1
MGST1,YWHAZ,1,1
MGST1,ZNF329,1,1
LRPPRC,FBXO5,1,1
LRPPRC,PITPNB,1,1
LRPPRC,ROGDI,1,1
LRPPRC,SSB,1,1
LRPPRC,TMEM129,1,1
LRPPRC,USP14,1,1
LRPPRC,UTP20,1,1
LRPPRC,ZNF333,1,1
DPP9,NLRX1,1,1
DPP9,SLC52A2,1,1
DPP9,TAF4,1,1
DPP9,TRIM27,1,1
KIF20B,ACTR5,1,1
KIF20B,ARHGAP11A,1,1
KIF20B,CENPU,1,1
KIF20B,DCK,1,1
KIF20B,E2F1,1,1
KIF20B,GJC1,1,1
KIF20B,HNRNPA3,1,1
KIF20B,ISOC1,1,1
KIF20B,LSM 3.00,1,1
KIF20B,MAT2B,1,1
KIF20B,MKI67,1,1
KIF20B,MRPS18C,1,1
KIF20B,PNPLA6,1,1
KIF20B,PRELID1P1,1,1
KIF20B,PSMB7,1,1
KIF20B,RRM1,1,1
KIF20B,SASS6,1,1
KIF20B,SLC25A24,1,1
KIF20B,SNRPB,1,1
KIF20B,SP140L,1,1
KIF20B,SUV39H2,1,1
KIF20B,TRMT6,1,1
KIF20B,ZWINT,1,1
EEF1GP1,CCND1,1,1
EEF1GP1,CHMP4B,1,1
EEF1GP1,FAM110B,1,1
EEF1GP1,MICB,1,1
EEF1GP1,MID2,1,1
EEF1GP1,NID1,1,1
EEF1GP1,TMEM171,1,1
INO80D,HAPLN3,1,1
INO80D,KRAS,1,1
INO80D,MKKS,1,1
INO80D,NDUFAF1,1,1
INO80D,ODF2L,1,1
INO80D,RNF182,1,1
PITPNA,ARFGAP1,1,1
PITPNA,ARMCX6,1,1
PITPNA,ATP10D,1,1
PITPNA,CAMKK2,1,1
PITPNA,CCDC125,1,1
PITPNA,DAB2IP,1,1
PITPNA,ELMO2,1,1
PITPNA,ELOVL7,1,1
PITPNA,GTF2I,1,1
PITPNA,MYBL1,1,1
PITPNA,PCDHGC3,1,1
PITPNA,PDE4A,1,1
PITPNA,PFKL,1,1
PITPNA,PIGC,1,1
PITPNA,POR,1,1
PITPNA,ROMO1,1,1
PITPNA,RRAGA,1,1
PITPNA,RTN4RL1,1,1
PITPNA,SGMS2,1,1
PITPNA,SLC2A13,1,1
PITPNA,SMAP1,1,1
PITPNA,SUMO1,1,1
PITPNA,WDR60,1,1
COMMD1,AL589743.1,1,1
COMMD1,HERC2,1,1
COMMD1,ITCH,1,1
COMMD1,MAZ,1,1
COMMD1,PROCR,1,1
COMMD1,PTPN13,1,1
COMMD1,ROMO1,1,1
COMMD1,SCAND1,1,1
COMMD1,SLC12A7,1,1
COMMD1,ZNF585A,1,1
ZDHHC5,ANKRD52,1,1
ZDHHC5,SMCR8,1,1
NPM1,ACP1,1,1
NPM1,ADSL,1,1
NPM1,ARMC6,1,1
NPM1,ASAP1,1,1
NPM1,ATAD2,1,1
NPM1,C11ORF49,1,1
NPM1,CNOT9,1,1
NPM1,DBF4,1,1
NPM1,DCAF8,1,1
NPM1,DCTPP1,1,1
NPM1,DSCC1,1,1
NPM1,EPT1,1,1
NPM1,FBXL20,1,1
NPM1,GLMN,1,1
NPM1,GRK6,1,1
NPM1,HNRNPAB,1,1
NPM1,KCTD5,1,1
NPM1,LRP10,1,1
NPM1,NCAPG,1,1
NPM1,NCAPH,1,1
NPM1,NCL,1,1
NPM1,NOP56,1,1
NPM1,NUP35,1,1
NPM1,NUP98,1,1
NPM1,PCBP1,1,1
NPM1,PHC1,1,1
NPM1,PHF19,1,1
NPM1,PITPNB,1,1
NPM1,POLA1,1,1
NPM1,POLE,1,1
NPM1,PPM1M,1,1
NPM1,RANBP1,1,1
NPM1,RBL1,1,1
NPM1,RRM2,1,1
NPM1,SATB1,1,1
NPM1,SGO2,1,1
NPM1,SNRPD3,1,1
NPM1,TCP1,1,1
NPM1,TEP1,1,1
NPM1,TNPO1,1,1
NPM1,U2AF2,1,1
NPM1,WDR12,1,1
NPM1,XPO1,1,1
NPM1,ZMYM3,1,1
CCT4,APPBP2,1,1
CCT4,ARNT,1,1
CCT4,ASF1B,1,1
CCT4,BAG2,1,1
CCT4,C19ORF48,1,1
CCT4,CENPO,1,1
CCT4,CENPQ,1,1
CCT4,CEP126,1,1
CCT4,EPT1,1,1
CCT4,EVI5L,1,1
CCT4,FAM229B,1,1
CCT4,FASTKD2,1,1
CCT4,GGPS1,1,1
CCT4,GOLGA2,1,1
CCT4,HELLS,1,1
CCT4,JADE3,1,1
CCT4,KIF23,1,1
CCT4,KLHL23,1,1
CCT4,KRCC1,1,1
CCT4,MARC2,1,1
CCT4,MCM4,1,1
CCT4,MCM7,1,1
CCT4,MRGBP,1,1
CCT4,MRPL14,1,1
CCT4,MRPS35,1,1
CCT4,MTBP,1,1
CCT4,MYO19,1,1
CCT4,NHP2,1,1
CCT4,NUP62,1,1
CCT4,OSGIN2,1,1
CCT4,PAQR4,1,1
CCT4,PDAP1,1,1
CCT4,PFDN4,1,1
CCT4,PHF19,1,1
CCT4,PHF5A,1,1
CCT4,POLQ,1,1
CCT4,PPAT,1,1
CCT4,PRDX3,1,1
CCT4,PRMT3,1,1
CCT4,PSMA1,1,1
CCT4,RAE1,1,1
CCT4,RANBP1,1,1
CCT4,RAPGEF6,1,1
CCT4,RAVER2,1,1
CCT4,SLC44A2,1,1
CCT4,SMC4,1,1
CCT4,SPATA6,1,1
CCT4,SPDL1,1,1
CCT4,SRXN1,1,1
CCT4,STAT5B,1,1
CCT4,STX8,1,1
CCT4,TANK,1,1
CCT4,TBC1D5,1,1
CCT4,TCOF1,1,1
CCT4,THOC5,1,1
CCT4,THRA,1,1
CCT4,TMCC1,1,1
CCT4,TMEM173,1,1
CCT4,TMPO,1,1
CCT4,TOMM22,1,1
CCT4,TTK,1,1
CCT4,TXNDC9,1,1
CCT4,UBXN6,1,1
CCT4,WDR12,1,1
CCT4,ZNF608,1,1
TBX18,CAPN10,1,1
TBX18,GNAI3,1,1
TBX18,GPAA1,1,1
TBX18,GZF1,1,1
TBX18,HAPLN3,1,1
TBX18,LPAR3,1,1
TBX18,NDUFS8,1,1
TBX18,ODF2L,1,1
TBX18,ORMDL2,1,1
TBX18,RNF182,1,1
TBX18,SLC37A2,1,1
TBX18,TBCB,1,1
TBX18,TSEN34,1,1
TBX18,WRAP73,1,1
TBX18,ZNF329,1,1
SNU13,ADSL,1,1
SNU13,ARMC6,1,1
SNU13,ATIC,1,1
SNU13,BRSK2,1,1
SNU13,C2ORF47,1,1
SNU13,CDC45,1,1
SNU13,CPSF3L,1,1
SNU13,DBF4,1,1
SNU13,DCAF5,1,1
SNU13,DSN1,1,1
SNU13,E2F6,1,1
SNU13,EXD2,1,1
SNU13,FANCB,1,1
SNU13,HSPA4,1,1
SNU13,HSPE1,1,1
SNU13,MCM5,1,1
SNU13,ME2,1,1
SNU13,PAX9,1,1
SNU13,PKM,1,1
SNU13,PPM1M,1,1
SNU13,PRELID3B,1,1
SNU13,PSMD6,1,1
SNU13,PTP4A2,1,1
SNU13,RAN,1,1
SNU13,RRP7A,1,1
SNU13,SFXN1,1,1
SNU13,SH3D19,1,1
SNU13,SNRPD3,1,1
SNU13,SPICE1,1,1
SNU13,THOC7,1,1
SNU13,TP53INP1,1,1
SNU13,WDR3,1,1
SNU13,YPEL5,1,1
SNU13,ZNF549,1,1
FAAP24,ACP1,1,1
FAAP24,APOBEC3B,1,1
FAAP24,CCNF,1,1
FAAP24,CNOT9,1,1
FAAP24,EGF,1,1
FAAP24,HAUS8,1,1
FAAP24,RNASEH2A,1,1
FAAP24,TICRR,1,1
FAAP24,UBE2S,1,1
NFS1,ALG10B,1,1
EMP3,IFT57,1,1
EMP3,NID1,1,1
EMP3,SCRN1,1,1
EMP3,TRIP6,1,1
EMP3,UBTD2,1,1
EMP3,VPS16,1,1
EMP3,WDR61,1,1
PNO1,ANAPC1,1,1
PNO1,ARL 2.00,1,1
PNO1,ATIC,1,1
PNO1,C11ORF49,1,1
PNO1,CTPS1,1,1
PNO1,FBXO5,1,1
PNO1,GPN3,1,1
PNO1,HNRNPAB,1,1
PNO1,KPNB1,1,1
PNO1,LINC01420,1,1
PNO1,MRPS30,1,1
PNO1,MTRR,1,1
PNO1,NCAPG,1,1
PNO1,NCL,1,1
PNO1,PDCL3,1,1
PNO1,PEX11B,1,1
PNO1,POLE,1,1
PNO1,RAN,1,1
PNO1,RRP7A,1,1
PNO1,SFXN1,1,1
PNO1,SSB,1,1
PNO1,TAF1B,1,1
PNO1,TCP1,1,1
PNO1,TMEM129,1,1
PNO1,TMEM134,1,1
PNO1,TMEM33,1,1
PNO1,TP53INP1,1,1
PNO1,TYMS,1,1
PNO1,UTP20,1,1
PNO1,UTP6,1,1
PNO1,WDR12,1,1
PNO1,WDR3,1,1
PNO1,WDR62,1,1
PNO1,YPEL5,1,1
WDR61,BOD1,1,1
WDR61,CNRIP1,1,1
WDR61,DMD,1,1
WDR61,FAM110B,1,1
WDR61,GMCL1,1,1
WDR61,IFT57,1,1
WDR61,KIAA1549,1,1
WDR61,MICB,1,1
WDR61,NAIP,1,1
WDR61,NID1,1,1
WDR61,NSFL1C,1,1
WDR61,NUDT16,1,1
WDR61,PSMF1,1,1
WDR61,PXDC1,1,1
WDR61,SRC,1,1
WDR61,TSPAN12,1,1
WDR61,UBE2B,1,1
WDR61,UBTD2,1,1
SERPINB2,BID,1,1
SERPINB2,HNRNPA3,1,1
SERPINB2,HPSE,1,1
SERPINB2,ISOC1,1,1
SERPINB2,MCM8,1,1
SERPINB2,MRPS18C,1,1
SERPINB2,PSMB7,1,1
SERPINB2,RNF25,1,1
SERPINB2,SH3BP4,1,1
SERPINB2,TBCB,1,1
CBR1,AKIP1,1,1
CBR1,AL589743.1,1,1
CBR1,ANGPTL2,1,1
CBR1,ANXA7,1,1
CBR1,APLP2,1,1
CBR1,APPBP2,1,1
CBR1,ARMCX6,1,1
CBR1,BID,1,1
CBR1,BMP4,1,1
CBR1,CCDC125,1,1
CBR1,CDON,1,1
CBR1,HDAC9,1,1
CBR1,HERC2,1,1
CBR1,ITCH,1,1
CBR1,MAZ,1,1
CBR1,PAQR4,1,1
CBR1,PDE4A,1,1
CBR1,PFN2,1,1
CBR1,POR,1,1
CBR1,PSMA1,1,1
CBR1,PTPN13,1,1
CBR1,RAVER2,1,1
CBR1,RIOK3,1,1
CBR1,ROMO1,1,1
CBR1,SEC23B,1,1
CBR1,SGMS2,1,1
CBR1,SH3BP4,1,1
CBR1,SLC12A7,1,1
CBR1,SPRYD3,1,1
CBR1,SRXN1,1,1
CBR1,TBC1D5,1,1
CBR1,THOC5,1,1
CBR1,THRA,1,1
CBR1,WDR60,1,1
CBR1,WEE1,1,1
CBR1,ZNF521,1,1
CBR1,ZNF585A,1,1
CBR1,ZNF616,1,1
CDKN2AIPNL,ACP1,1,1
CDKN2AIPNL,ADSL,1,1
CDKN2AIPNL,AZIN1,1,1
CDKN2AIPNL,CCNYL1,1,1
CDKN2AIPNL,CDC45,1,1
CDKN2AIPNL,CNOT9,1,1
CDKN2AIPNL,COPB1,1,1
CDKN2AIPNL,CSE1L,1,1
CDKN2AIPNL,CTNNBL1,1,1
CDKN2AIPNL,DSCC1,1,1
CDKN2AIPNL,DSN1,1,1
CDKN2AIPNL,DSTN,1,1
CDKN2AIPNL,ELOVL4,1,1
CDKN2AIPNL,EVI2A,1,1
CDKN2AIPNL,FAM49B,1,1
CDKN2AIPNL,FKBP1A,1,1
CDKN2AIPNL,GALC,1,1
CDKN2AIPNL,GORASP2,1,1
CDKN2AIPNL,GRK6,1,1
CDKN2AIPNL,HMMR,1,1
CDKN2AIPNL,IFT46,1,1
CDKN2AIPNL,IMMT,1,1
CDKN2AIPNL,ME2,1,1
CDKN2AIPNL,MED21,1,1
CDKN2AIPNL,MYO1B,1,1
CDKN2AIPNL,NFYC,1,1
CDKN2AIPNL,NIF3L1,1,1
CDKN2AIPNL,NRAS,1,1
CDKN2AIPNL,NUP35,1,1
CDKN2AIPNL,NUP98,1,1
CDKN2AIPNL,ONECUT2,1,1
CDKN2AIPNL,PARP1,1,1
CDKN2AIPNL,PAX9,1,1
CDKN2AIPNL,PAXBP1,1,1
CDKN2AIPNL,PCBP1,1,1
CDKN2AIPNL,PRELID3B,1,1
CDKN2AIPNL,PSMD6,1,1
CDKN2AIPNL,RAD21,1,1
CDKN2AIPNL,RBL1,1,1
CDKN2AIPNL,RNASEH2A,1,1
CDKN2AIPNL,SCO2,1,1
CDKN2AIPNL,SH3D19,1,1
CDKN2AIPNL,SNRPA1,1,1
CDKN2AIPNL,SPAG1,1,1
CDKN2AIPNL,THOC7,1,1
CDKN2AIPNL,TMEM106C,1,1
CDKN2AIPNL,TNRC6C,1,1
CDKN2AIPNL,TPD52,1,1
CDKN2AIPNL,UBE2S,1,1
CDKN2AIPNL,YWHAZ,1,1
CDKN2AIPNL,ZMYM3,1,1
CDKN2AIPNL,ZNF549,1,1
SPTY2D1,AEN,1,1
SPTY2D1,ANXA7,1,1
SPTY2D1,API5,1,1
SPTY2D1,ARHGEF40,1,1
SPTY2D1,ARPC2,1,1
SPTY2D1,C11ORF58,1,1
SPTY2D1,C15ORF57,1,1
SPTY2D1,CDCA7,1,1
SPTY2D1,CHRAC1,1,1
SPTY2D1,CNOT9,1,1
SPTY2D1,CPSF4,1,1
SPTY2D1,CSE1L,1,1
SPTY2D1,DDX27,1,1
SPTY2D1,DSCC1,1,1
SPTY2D1,ESF1,1,1
SPTY2D1,FAM49B,1,1
SPTY2D1,FASTKD2,1,1
SPTY2D1,FKBP1A,1,1
SPTY2D1,G3BP1,1,1
SPTY2D1,GNAI3,1,1
SPTY2D1,HILPDA,1,1
SPTY2D1,IMPA1,1,1
SPTY2D1,KBTBD8,1,1
SPTY2D1,MAPRE1,1,1
SPTY2D1,MARC2,1,1
SPTY2D1,MCM7,1,1
SPTY2D1,MKKS,1,1
SPTY2D1,NOP56,1,1
SPTY2D1,NUP35,1,1
SPTY2D1,OLA1,1,1
SPTY2D1,PAQR4,1,1
SPTY2D1,PSMA1,1,1
SPTY2D1,RAD21,1,1
SPTY2D1,RRM2,1,1
SPTY2D1,SLC43A3,1,1
SPTY2D1,SLC44A2,1,1
SPTY2D1,SMC4,1,1
SPTY2D1,SPAG1,1,1
SPTY2D1,SRXN1,1,1
SPTY2D1,TBKBP1,1,1
SPTY2D1,TCOF1,1,1
SPTY2D1,TMEM237,1,1
SPTY2D1,ZDHHC1,1,1
PLPP7,ACOT13,1,1
PLPP7,ALDOC,1,1
PLPP7,C1QTNF6,1,1
PLPP7,CDC42EP5,1,1
PLPP7,COPZ2,1,1
PLPP7,CRADD,1,1
PLPP7,HIRA,1,1
PLPP7,HSPB1,1,1
PLPP7,PKIG,1,1
PLPP7,SLC48A1,1,1
PLPP7,TEX261,1,1
API5,ADNP,1,1
API5,CENPV,1,1
API5,CHRAC1,1,1
API5,CLTCL1,1,1
API5,CORO1C,1,1
API5,DCP1B,1,1
API5,DGKQ,1,1
API5,E2F3,1,1
API5,ESF1,1,1
API5,FAR1,1,1
API5,GNAI3,1,1
API5,HNRNPA3,1,1
API5,IL4R,1,1
API5,ISOC1,1,1
API5,KBTBD8,1,1
API5,KIF2A,1,1
API5,LAMA5,1,1
API5,MAN2B1,1,1
API5,MAPRE1,1,1
API5,MBD5,1,1
API5,MCM8,1,1
API5,MKKS,1,1
API5,PCNA,1,1
API5,PNPLA6,1,1
API5,PRKD1,1,1
API5,RAVER2,1,1
API5,SF3B1,1,1
API5,SLC43A3,1,1
API5,SP140L,1,1
API5,TBCB,1,1
API5,TBKBP1,1,1
API5,THTPA,1,1
API5,VASH1,1,1
API5,XPO4,1,1
ATXN7,ADSL,1,1
ATXN7,ALG10,1,1
ATXN7,ARPC2,1,1
ATXN7,AZIN1,1,1
ATXN7,C11ORF58,1,1
ATXN7,CCNYL1,1,1
ATXN7,COPB1,1,1
ATXN7,CRAT,1,1
ATXN7,CSE1L,1,1
ATXN7,CSTF1,1,1
ATXN7,DSCC1,1,1
ATXN7,E2F8,1,1
ATXN7,EVI2A,1,1
ATXN7,FKBP1A,1,1
ATXN7,G3BP1,1,1
ATXN7,GORASP2,1,1
ATXN7,HAPLN3,1,1
ATXN7,HINT1,1,1
ATXN7,IMPA1,1,1
ATXN7,KPNA1,1,1
ATXN7,MED21,1,1
ATXN7,MRPL17,1,1
ATXN7,MYO1B,1,1
ATXN7,NFYC,1,1
ATXN7,NOL9,1,1
ATXN7,NRAS,1,1
ATXN7,NUB1,1,1
ATXN7,NUP35,1,1
ATXN7,NUP98,1,1
ATXN7,PARP1,1,1
ATXN7,PAXBP1,1,1
ATXN7,PISD,1,1
ATXN7,PPP6R3,1,1
ATXN7,RASSF8,1,1
ATXN7,RBL1,1,1
ATXN7,RBM15,1,1
ATXN7,RCHY1,1,1
ATXN7,ROCK2,1,1
ATXN7,SLC25A26,1,1
ATXN7,SPAG1,1,1
ATXN7,STAU1,1,1
ATXN7,TMEM106C,1,1
ATXN7,TPD52,1,1
ATXN7,TXNRD1,1,1
ATXN7,UBIAD1,1,1
GNAI3,ANXA7,1,1
GNAI3,ARHGEF40,1,1
GNAI3,ARPC2,1,1
GNAI3,C11ORF58,1,1
GNAI3,CLTCL1,1,1
GNAI3,CSE1L,1,1
GNAI3,DCP1B,1,1
GNAI3,DDX27,1,1
GNAI3,EVI2A,1,1
GNAI3,FAM49B,1,1
GNAI3,FKBP1A,1,1
GNAI3,G3BP1,1,1
GNAI3,HAPLN3,1,1
GNAI3,IFT46,1,1
GNAI3,IL4R,1,1
GNAI3,IMPA1,1,1
GNAI3,KBTBD8,1,1
GNAI3,KRAS,1,1
GNAI3,LPAR3,1,1
GNAI3,MAPRE1,1,1
GNAI3,MCM8,1,1
GNAI3,MKKS,1,1
GNAI3,NUP35,1,1
GNAI3,ODF2L,1,1
GNAI3,PRC1,1,1
GNAI3,PSMA1,1,1
GNAI3,RAD21,1,1
GNAI3,RCHY1,1,1
GNAI3,RNF182,1,1
GNAI3,SF3B1,1,1
GNAI3,SLC43A3,1,1
GNAI3,SPAG1,1,1
GNAI3,SRXN1,1,1
GNAI3,STAU1,1,1
GNAI3,TBCB,1,1
GNAI3,TBKBP1,1,1
GNAI3,TMEM237,1,1
GNAI3,TSEN34,1,1
GNAI3,YWHAZ,1,1
GNAI3,ZFP36L1,1,1
GNAI3,ZNF521,1,1
RHOG,ABHD15,1,1
RHOG,ATP8B2,1,1
RHOG,BOK,1,1
RHOG,CDIPT,1,1
RHOG,CEP112,1,1
RHOG,COPS7B,1,1
RHOG,CTR9,1,1
RHOG,EPN2,1,1
RHOG,ETV6,1,1
RHOG,EXOSC1,1,1
RHOG,FAM110B,1,1
RHOG,GDF11,1,1
RHOG,GLG1,1,1
RHOG,ITM2A,1,1
RHOG,MICB,1,1
RHOG,NSFL1C,1,1
RHOG,ORAOV1,1,1
RHOG,PAFAH1B3,1,1
RHOG,PEA15,1,1
RHOG,PPIL2,1,1
RHOG,RARG,1,1
RHOG,RNF187,1,1
RHOG,SERINC2,1,1
RHOG,SLC25A20,1,1
RHOG,SLC2A10,1,1
RHOG,SRSF11,1,1
RHOG,STK35,1,1
RHOG,TIAL1,1,1
RHOG,UGCG,1,1
RHOG,VASH1,1,1
RHOG,VWA5A,1,1
RHOG,YPEL2,1,1
SPPL2B,CPT1B,1,1
SPPL2B,SPATA20,1,1
SPPL2B,TBX2,1,1
COA5,POLD4,1,1
COA5,SLC50A1,1,1
COA5,TSR2,1,1
LRP1,ACTR5,1,1
LRP1,E2F1,1,1
LRP1,ESF1,1,1
LRP1,IFT140,1,1
LRP1,ISOC1,1,1
LRP1,JADE3,1,1
LRP1,KIF2A,1,1
LRP1,MAT2B,1,1
LRP1,MRPS18C,1,1
LRP1,NUP62,1,1
LRP1,PHF5A,1,1
LRP1,PLP2,1,1
LRP1,PNPLA6,1,1
LRP1,PRDX3,1,1
LRP1,PRKD1,1,1
LRP1,RAE1,1,1
LRP1,RAVER2,1,1
LRP1,RNF8,1,1
LRP1,SASS6,1,1
LRP1,SP140L,1,1
LRP1,SPACA9,1,1
LRP1,SUV39H2,1,1
LRP1,TCOF1,1,1
LRP1,TMCC1,1,1
LRP1,TOMM22,1,1
LRP1,TXNDC9,1,1
LRP1,ZCCHC24,1,1
LRP1,ZWINT,1,1
HSPA4,ACSF3,1,1
HSPA4,ARMC6,1,1
HSPA4,ATIC,1,1
HSPA4,C11ORF49,1,1
HSPA4,CDC45,1,1
HSPA4,DBF4,1,1
HSPA4,E2F6,1,1
HSPA4,EML4,1,1
HSPA4,FANCB,1,1
HSPA4,FBXL20,1,1
HSPA4,FBXO5,1,1
HSPA4,GRK6,1,1
HSPA4,HMMR,1,1
HSPA4,KPNB1,1,1
HSPA4,MCM5,1,1
HSPA4,NCAPG2,1,1
HSPA4,NCAPH,1,1
HSPA4,NCL,1,1
HSPA4,PEX11B,1,1
HSPA4,PHC1,1,1
HSPA4,PLK1,1,1
HSPA4,PPM1M,1,1
HSPA4,RAN,1,1
HSPA4,RRP7A,1,1
HSPA4,SFXN1,1,1
HSPA4,SNRPD3,1,1
HSPA4,SUZ12,1,1
HSPA4,TCP1,1,1
HSPA4,TMEM134,1,1
HSPA4,TP53INP1,1,1
HSPA4,TYMS,1,1
HSPA4,WDR3,1,1
HSPA4,XPO1,1,1
FASTKD5,ACTR5,1,1
FASTKD5,AEN,1,1
FASTKD5,CCNE2,1,1
FASTKD5,CEP135,1,1
FASTKD5,CHRAC1,1,1
FASTKD5,DHFR,1,1
FASTKD5,E2F1,1,1
FASTKD5,EIF4G2,1,1
FASTKD5,ESF1,1,1
FASTKD5,EWSR1,1,1
FASTKD5,ISOC1,1,1
FASTKD5,KIF2A,1,1
FASTKD5,MAN2B1,1,1
FASTKD5,MAPRE1,1,1
FASTKD5,MCM8,1,1
FASTKD5,MRPS18C,1,1
FASTKD5,NOL7,1,1
FASTKD5,NUP62,1,1
FASTKD5,PCNA,1,1
FASTKD5,PUF60,1,1
FASTKD5,RNF34,1,1
FASTKD5,RNF8,1,1
FASTKD5,SMPD4,1,1
FASTKD5,SP140L,1,1
FASTKD5,TBKBP1,1,1
FASTKD5,TCOF1,1,1
LSM 3.00,E2F1,1,1
LSM 3.00,PRDX3,1,1
LSM 3.00,PRELID1P1,1,1
LSM 3.00,RRM1,1,1
LSM 3.00,SASS6,1,1
LSM 3.00,SPDL1,1,1
LSM 3.00,XRCC5,1,1
LSM 3.00,ZWINT,1,1
CTC-435M10.3,AC255361.1,1,1
CTC-435M10.3,AL589743.1,1,1
CTC-435M10.3,ANG,1,1
CTC-435M10.3,APPBP2,1,1
CTC-435M10.3,ARNT,1,1
CTC-435M10.3,BMP4,1,1
CTC-435M10.3,CA5B,1,1
CTC-435M10.3,CCDC149,1,1
CTC-435M10.3,CEP126,1,1
CTC-435M10.3,EVI5L,1,1
CTC-435M10.3,FAM229B,1,1
CTC-435M10.3,GNG7,1,1
CTC-435M10.3,IFFO1,1,1
CTC-435M10.3,IFT140,1,1
CTC-435M10.3,MARC2,1,1
CTC-435M10.3,MTND4P12,1,1
CTC-435M10.3,MYO18A,1,1
CTC-435M10.3,NR1H3,1,1
CTC-435M10.3,OLA1,1,1
CTC-435M10.3,RAPGEF6,1,1
CTC-435M10.3,RFTN2,1,1
CTC-435M10.3,SIDT2,1,1
CTC-435M10.3,SLC44A2,1,1
CTC-435M10.3,SPACA9,1,1
CTC-435M10.3,TANK,1,1
CTC-435M10.3,THOC5,1,1
CTC-435M10.3,THRA,1,1
CTC-435M10.3,TMCC1,1,1
CTC-435M10.3,TP53I11,1,1
CTC-435M10.3,TULP3,1,1
CTC-435M10.3,ZFAND1,1,1
ZBTB47,AURKB,1,1
ZBTB47,C2ORF47,1,1
ZBTB47,DCAF5,1,1
ZBTB47,FANCB,1,1
ZBTB47,GPN3,1,1
ZBTB47,HMMR,1,1
ZBTB47,MCM5,1,1
ZBTB47,NCAPG2,1,1
ZBTB47,PKM,1,1
ZBTB47,PYGL,1,1
ZBTB47,SEMA3C,1,1
ZBTB47,SFXN1,1,1
ZBTB47,SH3D19,1,1
ZBTB47,STK19,1,1
ZBTB47,TP53INP1,1,1
ZBTB47,XRCC4,1,1
ANG,AC255361.1,1,1
ANG,ALDH6A1,1,1
ANG,APPBP2,1,1
ANG,ARMCX3,1,1
ANG,ARNT,1,1
ANG,ATP10D,1,1
ANG,AXIN2,1,1
ANG,BAG2,1,1
ANG,BMP4,1,1
ANG,C7ORF31,1,1
ANG,CA5B,1,1
ANG,CCDC149,1,1
ANG,CDKL5,1,1
ANG,CEP126,1,1
ANG,DOCK11,1,1
ANG,ETFDH,1,1
ANG,EXOSC5,1,1
ANG,FAM229B,1,1
ANG,GNG7,1,1
ANG,GOLGA2,1,1
ANG,GTF2H4,1,1
ANG,KRCC1,1,1
ANG,LBH,1,1
ANG,MRAS,1,1
ANG,MTND4P12,1,1
ANG,MYO18A,1,1
ANG,NR1H3,1,1
ANG,PDAP1,1,1
ANG,PLCG2,1,1
ANG,PLP2,1,1
ANG,POR,1,1
ANG,RFTN2,1,1
ANG,RHBDD2,1,1
ANG,RTN4RL1,1,1
ANG,SPACA9,1,1
ANG,SPATA6,1,1
ANG,STAT5B,1,1
ANG,STX8,1,1
ANG,TANK,1,1
ANG,THRA,1,1
ANG,TMCC1,1,1
ANG,TMEM120A,1,1
ANG,TMEM173,1,1
ANG,TOMM22,1,1
ANG,TP53I11,1,1
ANG,TULP3,1,1
ANG,WDR60,1,1
ANG,ZNF608,1,1
ANG,ZNF616,1,1
ANG,ZSCAN21,1,1
GLIPR2,ARL 2.00,1,1
GLIPR2,ATIC,1,1
GLIPR2,CBLL1,1,1
GLIPR2,CHIC1,1,1
GLIPR2,FANCB,1,1
GLIPR2,GPN3,1,1
GLIPR2,HSPE1,1,1
GLIPR2,KPNB1,1,1
GLIPR2,LINC01420,1,1
GLIPR2,MCM5,1,1
GLIPR2,NCL,1,1
GLIPR2,PPM1M,1,1
GLIPR2,PSMD6,1,1
GLIPR2,RAN,1,1
GLIPR2,RRP7A,1,1
GLIPR2,SFXN1,1,1
GLIPR2,SUZ12,1,1
GLIPR2,TAF1B,1,1
GLIPR2,WDR3,1,1
CRYAB,ACTA2,1,1
CRYAB,GPR158,1,1
CRYAB,GSE1,1,1
CRYAB,GSTM3,1,1
CRYAB,GTF2H4,1,1
CRYAB,HSPB2,1,1
CRYAB,KCNA2,1,1
CRYAB,MAPT,1,1
SMPD4,AEN,1,1
SMPD4,BTBD1,1,1
SMPD4,CCNE2,1,1
SMPD4,CENPQ,1,1
SMPD4,CEP135,1,1
SMPD4,CHRAC1,1,1
SMPD4,CNOT9,1,1
SMPD4,CPSF4,1,1
SMPD4,DCTPP1,1,1
SMPD4,DHFR,1,1
SMPD4,E2F1,1,1
SMPD4,EIF4G2,1,1
SMPD4,ESF1,1,1
SMPD4,EWSR1,1,1
SMPD4,FASTKD2,1,1
SMPD4,HELLS,1,1
SMPD4,INO80B,1,1
SMPD4,KBTBD8,1,1
SMPD4,MAPRE1,1,1
SMPD4,MCM7,1,1
SMPD4,MYO19,1,1
SMPD4,NDUFAB1,1,1
SMPD4,NOP56,1,1
SMPD4,NUP35,1,1
SMPD4,PCNA,1,1
SMPD4,PHF19,1,1
SMPD4,PRDX3,1,1
SMPD4,PSMA1,1,1
SMPD4,PUF60,1,1
SMPD4,RANBP1,1,1
SMPD4,RRM2,1,1
SMPD4,SMC4,1,1
SMPD4,SMYD5,1,1
SMPD4,SPDL1,1,1
SMPD4,SRXN1,1,1
SMPD4,TBKBP1,1,1
SMPD4,TCOF1,1,1
SMPD4,TICRR,1,1
SMPD4,TMEM237,1,1
SMPD4,TOMM22,1,1
NABP1,THAP5,1,1
CA5B,APPBP2,1,1
CA5B,ARNT,1,1
CA5B,ASF1B,1,1
CA5B,CCDC149,1,1
CA5B,CEP126,1,1
CA5B,CNTNAP1,1,1
CA5B,EVI5L,1,1
CA5B,GSE1,1,1
CA5B,MTND4P12,1,1
CA5B,MYO18A,1,1
CA5B,NHP2,1,1
CA5B,OLA1,1,1
CA5B,RAPGEF6,1,1
CA5B,RFTN2,1,1
CA5B,SPACA9,1,1
CA5B,SPATA6,1,1
CA5B,TANK,1,1
CA5B,THRA,1,1
CA5B,TMCC1,1,1
CA5B,TP53I11,1,1
CA5B,TULP3,1,1
CCDC149,ANGPTL2,1,1
CCDC149,APPBP2,1,1
CCDC149,ARNT,1,1
CCDC149,ASF1B,1,1
CCDC149,BAG2,1,1
CCDC149,BMP4,1,1
CCDC149,CDKL5,1,1
CCDC149,CEP126,1,1
CCDC149,DOCK11,1,1
CCDC149,EVI5L,1,1
CCDC149,GNG7,1,1
CCDC149,HERC2,1,1
CCDC149,MRAS,1,1
CCDC149,MTND4P12,1,1
CCDC149,MYO18A,1,1
CCDC149,NHP2,1,1
CCDC149,OLA1,1,1
CCDC149,POLQ,1,1
CCDC149,PROCR,1,1
CCDC149,RAPGEF6,1,1
CCDC149,RFTN2,1,1
CCDC149,SPATA6,1,1
CCDC149,STX8,1,1
CCDC149,TANK,1,1
CCDC149,THRA,1,1
CCDC149,TMCC1,1,1
CCDC149,TMEM173,1,1
CCDC149,TP53I11,1,1
CCDC149,TULP3,1,1
CCDC149,ZNF608,1,1
CCDC149,ZNF616,1,1
KIF2A,AKAP8L,1,1
KIF2A,BTBD1,1,1
KIF2A,CHRAC1,1,1
KIF2A,ESF1,1,1
KIF2A,ISOC1,1,1
KIF2A,MAN2B1,1,1
KIF2A,MAPRE1,1,1
KIF2A,PRKAR2A,1,1
KIF2A,PRKD1,1,1
KIF2A,RAD52,1,1
KIF2A,RNF8,1,1
KIF2A,SLC25A24,1,1
KIF2A,SLC44A2,1,1
KIF2A,SP140L,1,1
PNPLA6,ACTR5,1,1
PNPLA6,ARHGEF6,1,1
PNPLA6,ARMCX3,1,1
PNPLA6,CENPU,1,1
PNPLA6,CLTCL1,1,1
PNPLA6,DCP1B,1,1
PNPLA6,DGKQ,1,1
PNPLA6,E2F3,1,1
PNPLA6,GSE1,1,1
PNPLA6,HNRNPA3,1,1
PNPLA6,ISOC1,1,1
PNPLA6,KCNA2,1,1
PNPLA6,LAMA5,1,1
PNPLA6,MBD5,1,1
PNPLA6,MCM8,1,1
PNPLA6,MKI67,1,1
PNPLA6,MRPS18C,1,1
PNPLA6,POC1A,1,1
PNPLA6,PRELID1P1,1,1
PNPLA6,PRKD1,1,1
PNPLA6,PSMB7,1,1
PNPLA6,RASSF7,1,1
PNPLA6,RAVER2,1,1
PNPLA6,SP140L,1,1
PNPLA6,SPACA9,1,1
PNPLA6,SUV39H2,1,1
PNPLA6,TBKBP1,1,1
PNPLA6,THTPA,1,1
PNPLA6,VASH1,1,1
PNPLA6,ZWINT,1,1
NUP85,C11ORF49,1,1
NUP85,CCNF,1,1
NUP85,CDCA8,1,1
NUP85,DBF4,1,1
NUP85,GNL2,1,1
NUP85,HNRNPAB,1,1
NUP85,KPNB1,1,1
NUP85,MTHFD1,1,1
NUP85,NCAPG,1,1
NUP85,NCAPG2,1,1
NUP85,NCAPH,1,1
NUP85,PLK1,1,1
NUP85,RAD54L,1,1
NUP85,STX4,1,1
NUP85,TYMS,1,1
NUP85,WDR62,1,1
SDAD1,LRRC23,1,1
SDAD1,OCRL,1,1
SDAD1,OGDH,1,1
SDAD1,TMEM8B,1,1
SDAD1,USP12,1,1
SDAD1,YPEL2,1,1
KDM4C,BID,1,1
KDM4C,CCDC125,1,1
KDM4C,FAF1,1,1
KDM4C,ITCH,1,1
KDM4C,MYBL1,1,1
KDM4C,PDE4A,1,1
KDM4C,POP4,1,1
KDM4C,RAE1,1,1
KDM4C,RAVER2,1,1
KDM4C,SASS6,1,1
KDM4C,SEC23B,1,1
KDM4C,SGMS2,1,1
KDM4C,SH3BP4,1,1
KDM4C,SIDT2,1,1
KDM4C,SLC12A7,1,1
KDM4C,TRMT6,1,1
KDM4C,WDR60,1,1
KDM4C,XRCC5,1,1
KDM4C,YWHAQ,1,1
KDM4C,ZFAND1,1,1
USP14,FBXO5,1,1
USP14,ROGDI,1,1
USP14,RRNAD1,1,1
USP14,TMEM129,1,1
MARK1,AKT1,1,1
MARK1,CPSF3L,1,1
MARK1,GOLGA7,1,1
MARK1,HNRNPH2,1,1
MARK1,PAX9,1,1
MARK1,PRELID3B,1,1
MARK1,SH3D19,1,1
MARK1,SPG21,1,1
MARK1,THOC7,1,1
MARK1,ZNF549,1,1
GTF2IP4,PRKAR2A,1,1
GTF2IP4,PSMD8,1,1
GTF2IP4,RFNG,1,1
GTF2IP4,SLC44A2,1,1
GTF2IP4,ZDHHC1,1,1
ERO1B,CAPN5,1,1
ERO1B,RBBP8,1,1
MTRR,ARL 2.00,1,1
MTRR,MRPS30,1,1
MTRR,RRP7A,1,1
MTRR,SFXN1,1,1
MTRR,TMEM33,1,1
MTRR,UTP6,1,1
MTRR,WDR3,1,1
MTRR,ZNF267,1,1
OCRL,BBS9,1,1
OCRL,ECHDC3,1,1
OCRL,EHHADH,1,1
OCRL,FAM117A,1,1
OCRL,GALNT11,1,1
OCRL,NBR1,1,1
OCRL,OGDH,1,1
OCRL,PRICKLE2,1,1
OCRL,RAPGEF4,1,1
OCRL,SESN3,1,1
OCRL,SNTA1,1,1
OCRL,TATDN3,1,1
OCRL,TYRO3,1,1
OCRL,VWA5A,1,1
OCRL,YPEL2,1,1
OCRL,ZNF277,1,1
SEPN1,APLP2,1,1
SEPN1,ARID3B,1,1
SEPN1,C3ORF70,1,1
SEPN1,CAMKK2,1,1
SEPN1,CEP112,1,1
SEPN1,DIRAS1,1,1
SEPN1,ELL,1,1
SEPN1,EPHX2,1,1
SEPN1,FAM120B,1,1
SEPN1,HPSE,1,1
SEPN1,ITM2A,1,1
SEPN1,PCDHGC3,1,1
SEPN1,PIGC,1,1
SEPN1,PSMB7,1,1
SEPN1,RASSF7,1,1
SEPN1,ROBO2,1,1
SEPN1,RP11-568K15.1,1,1
SEPN1,RPS7,1,1
SEPN1,RRAGA,1,1
SEPN1,SH3BP4,1,1
SEPN1,SLC2A10,1,1
SEPN1,SLC2A13,1,1
SEPN1,TCIRG1,1,1
SEPN1,THEM6,1,1
SEPN1,VASH1,1,1
SEPN1,VWA5A,1,1
SEPN1,YPEL2,1,1
LAMA5,ACTR5,1,1
LAMA5,ARHGEF6,1,1
LAMA5,CENPV,1,1
LAMA5,CLTCL1,1,1
LAMA5,DCP1B,1,1
LAMA5,DHFR,1,1
LAMA5,E2F3,1,1
LAMA5,FAR1,1,1
LAMA5,HNRNPA3,1,1
LAMA5,ISOC1,1,1
LAMA5,LPAR3,1,1
LAMA5,MBD5,1,1
LAMA5,MCM8,1,1
LAMA5,MKI67,1,1
LAMA5,MRPS18C,1,1
LAMA5,PCNA,1,1
LAMA5,POC1A,1,1
LAMA5,PRKD1,1,1
LAMA5,PSMB7,1,1
LAMA5,RASSF7,1,1
LAMA5,RTKN2,1,1
LAMA5,SP140L,1,1
LAMA5,SPACA9,1,1
LAMA5,SUV39H2,1,1
LAMA5,TBCB,1,1
LAMA5,TBKBP1,1,1
LAMA5,THTPA,1,1
LAMA5,VASH1,1,1
SIDT2,ACBD6,1,1
SIDT2,AKAP8L,1,1
SIDT2,BID,1,1
SIDT2,FAF1,1,1
SIDT2,FHL1,1,1
SIDT2,GSE1,1,1
SIDT2,GTF2H4,1,1
SIDT2,HDAC9,1,1
SIDT2,IFFO1,1,1
SIDT2,IFT140,1,1
SIDT2,ITCH,1,1
SIDT2,JADE3,1,1
SIDT2,KLHL23,1,1
SIDT2,KRCC1,1,1
SIDT2,LSAMP,1,1
SIDT2,NUPR1,1,1
SIDT2,PAQR4,1,1
SIDT2,PDAP1,1,1
SIDT2,PTPN13,1,1
SIDT2,RAE1,1,1
SIDT2,RAVER2,1,1
SIDT2,RHBDD2,1,1
SIDT2,SEC23B,1,1
SIDT2,SLC12A7,1,1
SIDT2,SLC44A2,1,1
SIDT2,THOC5,1,1
SIDT2,THRA,1,1
SIDT2,TXNDC9,1,1
SIDT2,XRCC5,1,1
SIDT2,YWHAQ,1,1
TWSG1,MID2,1,1
TWSG1,SLC6A15,1,1
TWSG1,TMEM171,1,1
TWSG1,TMEM248,1,1
RP11-577H5.5,C7ORF73,1,1
RP11-577H5.5,TRIP6,1,1
RARA,CORO1C,1,1
RARA,GDF11,1,1
RARA,HNRNPA3,1,1
RARA,LPAR3,1,1
RARA,SLC39A8,1,1
RARA,ZDHHC13,1,1
AGPS,AKAP8L,1,1
AGPS,COPS7A,1,1
HDAC2,CDK12,1,1
HDAC2,EIF5B,1,1
HDAC2,SLC50A1,1,1
HDAC2,U2AF2,1,1
MAPRE1,ACP1,1,1
MAPRE1,AEN,1,1
MAPRE1,ANXA7,1,1
MAPRE1,APPBP2,1,1
MAPRE1,BTBD1,1,1
MAPRE1,CHRAC1,1,1
MAPRE1,CNOT9,1,1
MAPRE1,CSE1L,1,1
MAPRE1,DCAF8,1,1
MAPRE1,DCP1B,1,1
MAPRE1,DDX27,1,1
MAPRE1,EIF4G2,1,1
MAPRE1,EPT1,1,1
MAPRE1,ESF1,1,1
MAPRE1,FAM49B,1,1
MAPRE1,FASTKD2,1,1
MAPRE1,G3BP1,1,1
MAPRE1,KBTBD8,1,1
MAPRE1,MARC2,1,1
MAPRE1,MCM7,1,1
MAPRE1,NOP56,1,1
MAPRE1,NUP35,1,1
MAPRE1,NUP98,1,1
MAPRE1,OLA1,1,1
MAPRE1,PAQR4,1,1
MAPRE1,PSMA1,1,1
MAPRE1,RAD21,1,1
MAPRE1,RAPGEF6,1,1
MAPRE1,RAVER2,1,1
MAPRE1,RRM2,1,1
MAPRE1,SLC43A3,1,1
MAPRE1,SLC44A2,1,1
MAPRE1,SMC4,1,1
MAPRE1,SPAG1,1,1
MAPRE1,SRXN1,1,1
MAPRE1,TBKBP1,1,1
MAPRE1,TCOF1,1,1
MAPRE1,THOC5,1,1
MAPRE1,TMCC1,1,1
MAPRE1,TMEM237,1,1
MAPRE1,UBE2S,1,1
MAPRE1,ZDHHC1,1,1
HIRA,ACOT13,1,1
HIRA,DGCR8,1,1
HIRA,SPTSSA,1,1
TSEN34,ANXA7,1,1
TSEN34,ARHGEF40,1,1
TSEN34,ARPC2,1,1
TSEN34,COPB1,1,1
TSEN34,CSE1L,1,1
TSEN34,CSTF1,1,1
TSEN34,DDX27,1,1
TSEN34,EVI2A,1,1
TSEN34,FKBP1A,1,1
TSEN34,HAPLN3,1,1
TSEN34,NECTIN1,1,1
TSEN34,NIF3L1,1,1
TSEN34,NUB1,1,1
TSEN34,NUP35,1,1
TSEN34,ODF2L,1,1
TSEN34,PARP1,1,1
TSEN34,PAXBP1,1,1
TSEN34,PRC1,1,1
TSEN34,RAD21,1,1
TSEN34,RCHY1,1,1
TSEN34,RNASEH2A,1,1
TSEN34,RNF182,1,1
TSEN34,SERF1B,1,1
TSEN34,SLC25A26,1,1
TSEN34,SLX1B,1,1
TSEN34,STAU1,1,1
TSEN34,TMEM106C,1,1
TSEN34,WRAP73,1,1
TSEN34,ZNF329,1,1
NR2C2AP,ADPRHL2,1,1
NR2C2AP,CD47,1,1
NR2C2AP,CRAT,1,1
NR2C2AP,CSE1L,1,1
NR2C2AP,CSTF1,1,1
NR2C2AP,E2F8,1,1
NR2C2AP,EVI2A,1,1
NR2C2AP,HAPLN3,1,1
NR2C2AP,HINT1,1,1
NR2C2AP,MRPL17,1,1
NR2C2AP,NOL9,1,1
NR2C2AP,NUB1,1,1
NR2C2AP,NUP35,1,1
NR2C2AP,PARP1,1,1
NR2C2AP,PAXBP1,1,1
NR2C2AP,PGP,1,1
NR2C2AP,PISD,1,1
NR2C2AP,PPP6R3,1,1
NR2C2AP,RCHY1,1,1
NR2C2AP,SLC25A26,1,1
NR2C2AP,ZNF587B,1,1
CNRIP1,BOD1,1,1
CNRIP1,CAPN5,1,1
CNRIP1,DMD,1,1
CNRIP1,FAM110B,1,1
CNRIP1,MICB,1,1
CNRIP1,NAIP,1,1
CNRIP1,NID1,1,1
CNRIP1,NSFL1C,1,1
CNRIP1,PSMF1,1,1
CNRIP1,PXDC1,1,1
CNRIP1,SCRN1,1,1
CNRIP1,SRC,1,1
CNRIP1,TMEM121,1,1
CNRIP1,TSPAN12,1,1
CNRIP1,ZDHHC18,1,1
ZNF627,PLEC,1,1
ZMIZ2,CPT1B,1,1
YIPF6,SLC30A6,1,1
ECT2,ARHGAP11A,1,1
ECT2,C19ORF48,1,1
ECT2,CENPO,1,1
ECT2,ERCC6L,1,1
ECT2,KIF23,1,1
ECT2,MCM4,1,1
ECT2,MTBP,1,1
ECT2,MYO19,1,1
ECT2,OIP5,1,1
ECT2,OSGIN2,1,1
ECT2,POLQ,1,1
ECT2,PRDX3,1,1
ECT2,RAE1,1,1
ECT2,SGO1,1,1
ECT2,SPDL1,1,1
ECT2,SUV39H1,1,1
ECT2,TTK,1,1
ECT2,XRCC5,1,1
ECT2,ZNF367,1,1
ARL 2.00,AVL9,1,1
ARL 2.00,C2ORF47,1,1
ARL 2.00,DNAJC4,1,1
ARL 2.00,FANCB,1,1
ARL 2.00,GPN3,1,1
ARL 2.00,KPNB1,1,1
ARL 2.00,MCM5,1,1
ARL 2.00,MRPS30,1,1
ARL 2.00,PDCL3,1,1
ARL 2.00,PKM,1,1
ARL 2.00,RAN,1,1
ARL 2.00,RIN3,1,1
ARL 2.00,RRP7A,1,1
ARL 2.00,SFXN1,1,1
ARL 2.00,TAF1B,1,1
ARL 2.00,TMEM134,1,1
ARL 2.00,TP53INP1,1,1
ARL 2.00,TYMS,1,1
ARL 2.00,UTP20,1,1
ARL 2.00,UTP6,1,1
ARL 2.00,WDR3,1,1
ARL 2.00,ZNF267,1,1
BOLA2,AL589743.1,1,1
BOLA2,ANGPTL2,1,1
BOLA2,BOLA2B,1,1
BOLA2,C4ORF3,1,1
BOLA2,EGF,1,1
BOLA2,FAM49B,1,1
BOLA2,GALC,1,1
BOLA2,HERC2,1,1
BOLA2,HILPDA,1,1
BOLA2,MARC2,1,1
BOLA2,MRAS,1,1
BOLA2,OLA1,1,1
BOLA2,PAQR4,1,1
BOLA2,POP5,1,1
BOLA2,PSMA1,1,1
BOLA2,PTPN13,1,1
BOLA2,SCAND1,1,1
BOLA2,SIKE1,1,1
BOLA2,SPATA6,1,1
BOLA2,TANK,1,1
BOLA2,THOC5,1,1
CASK,CGGBP1,1,1
ATRX,ATG2B,1,1
ATRX,CHTF18,1,1
ATRX,RALGAPA1,1,1
RNF8,ACTR5,1,1
RNF8,COPS7A,1,1
RNF8,ESF1,1,1
RNF8,FLYWCH2,1,1
RNF8,GSTA4,1,1
RNF8,ISOC1,1,1
RNF8,MAN2B1,1,1
RNF8,MAT2B,1,1
RNF8,MRPS18C,1,1
RNF8,NLRX1,1,1
RNF8,NOL7,1,1
RNF8,NUP62,1,1
RNF8,PRKD1,1,1
RNF8,SP140L,1,1
RNF8,SPACA9,1,1
RNF8,SUV39H2,1,1
RNF8,TMEM120A,1,1
RNF8,TRMT6,1,1
RNF8,TXNDC9,1,1
RNF8,ZWINT,1,1
FKBP8,ANAPC1,1,1
FKBP8,CTPS1,1,1
FKBP8,EPT1,1,1
FKBP8,HNRNPAB,1,1
FKBP8,KHSRP,1,1
FKBP8,LINC01420,1,1
FKBP8,MRPS35,1,1
FKBP8,NCL,1,1
FKBP8,PITPNB,1,1
FKBP8,POLE,1,1
FKBP8,PPAT,1,1
FKBP8,PPTC7,1,1
FKBP8,TMPO,1,1
FKBP8,UTP20,1,1
GDF11,ARID3B,1,1
GDF11,CENPV,1,1
GDF11,CEP112,1,1
GDF11,COPS7B,1,1
GDF11,CORO1C,1,1
GDF11,DGKQ,1,1
GDF11,EXOSC1,1,1
GDF11,HNRNPA3,1,1
GDF11,IFT27,1,1
GDF11,LPAR3,1,1
GDF11,MTG2,1,1
GDF11,NSFL1C,1,1
GDF11,RTKN2,1,1
GDF11,SERINC2,1,1
GDF11,SLC2A10,1,1
GDF11,SLC39A8,1,1
GDF11,STK35,1,1
GDF11,THEM6,1,1
GDF11,VASH1,1,1
GDF11,ZNRF1,1,1
RTN4RL1,ARMCX3,1,1
RTN4RL1,ATP10D,1,1
RTN4RL1,CAMKK2,1,1
RTN4RL1,CDKL5,1,1
RTN4RL1,LBH,1,1
RTN4RL1,PFKL,1,1
RTN4RL1,PLP2,1,1
RTN4RL1,POR,1,1
RTN4RL1,RRAGA,1,1
RTN4RL1,SLC2A13,1,1
RTN4RL1,TCEAL4,1,1
RTN4RL1,WDR60,1,1
RTN4RL1,ZNF616,1,1
RTN4RL1,ZSCAN21,1,1
PIK3R4,ZNF558,1,1
PPP2R3B,GEMIN8,1,1
PPP2R3B,GSTA4,1,1
PPP2R3B,PRKD1,1,1
PPP2R3B,SLC25A42,1,1
ZNF160,CAPN5,1,1
ZNF160,KDM4B,1,1
ZNF160,MORC2,1,1
ZNF160,TSPAN12,1,1
HGH1,ACTR5,1,1
HGH1,BAG2,1,1
HGH1,MLLT3,1,1
HGH1,MRPS18C,1,1
HGH1,NOL7,1,1
HGH1,NUP62,1,1
HGH1,PHF5A,1,1
HGH1,PHRF1,1,1
HGH1,RNF25,1,1
HGH1,SP140L,1,1
HGH1,TCOF1,1,1
HGH1,TOMM22,1,1
HGH1,TRMT6,1,1
HGH1,USP30,1,1
ZNRF1,APLP2,1,1
ZNRF1,C3ORF70,1,1
ZNRF1,CLIP4,1,1
ZNRF1,EXOSC1,1,1
ZNRF1,GZF1,1,1
ZNRF1,LPAR3,1,1
ZNRF1,MTG2,1,1
ZNRF1,SPRYD3,1,1
ZNRF1,THEM6,1,1
ZNRF1,ZNF521,1,1
COPZ2,ALDOC,1,1
COPZ2,C1QTNF6,1,1
COPZ2,CDC42EP5,1,1
COPZ2,FAM110B,1,1
COPZ2,GALK1,1,1
COPZ2,GALK2,1,1
COPZ2,HSPB1,1,1
COPZ2,PKIG,1,1
COPZ2,PSMF1,1,1
COPZ2,SLC25A5P1,1,1
COPZ2,SLC48A1,1,1
COPZ2,UBE2B,1,1
RAC3,BOK,1,1
RAC3,CNP,1,1
RAC3,HIP1,1,1
RAC3,UGCG,1,1
PEX11B,CHIC1,1,1
PEX11B,EML4,1,1
PEX11B,FBXO5,1,1
PEX11B,KPNB1,1,1
PEX11B,NCL,1,1
PEX11B,RAN,1,1
PEX11B,RRP7A,1,1
PEX11B,SSB,1,1
PEX11B,SUZ12,1,1
PEX11B,TCP1,1,1
PEX11B,TMEM129,1,1
PEX11B,UTP20,1,1
PEX11B,WDR3,1,1
RAB15,DDX27,1,1
RAB15,IL4R,1,1
RAB15,LSM14B,1,1
RAB15,NDUFAF1,1,1
RAB15,PRKACA,1,1
RAB15,SF3B1,1,1
RAB15,SLC43A3,1,1
RAB15,SMG5,1,1
RAB15,TBCB,1,1
RAB15,TMEM231,1,1
KRTCAP2,CLK2,1,1
KRTCAP2,DEF8,1,1
KRTCAP2,HMGXB4,1,1
KRTCAP2,LMBR1L,1,1
KRTCAP2,RFNG,1,1
MKKS,ADNP,1,1
MKKS,ANXA7,1,1
MKKS,ARHGEF40,1,1
MKKS,ARPC2,1,1
MKKS,BLM,1,1
MKKS,C11ORF58,1,1
MKKS,CCNH,1,1
MKKS,CENPV,1,1
MKKS,CLTCL1,1,1
MKKS,CORO1C,1,1
MKKS,CPSF4,1,1
MKKS,DCP1B,1,1
MKKS,DDX27,1,1
MKKS,EVI2A,1,1
MKKS,FAR1,1,1
MKKS,FKBP1A,1,1
MKKS,HAPLN3,1,1
MKKS,KBTBD8,1,1
MKKS,KRAS,1,1
MKKS,LPAR3,1,1
MKKS,MBD5,1,1
MKKS,MCM8,1,1
MKKS,NUB1,1,1
MKKS,NUP35,1,1
MKKS,ODF2L,1,1
MKKS,PCNA,1,1
MKKS,PRKACA,1,1
MKKS,RCHY1,1,1
MKKS,RNF182,1,1
MKKS,SF3B1,1,1
MKKS,SLC25A26,1,1
MKKS,SLC43A3,1,1
MKKS,STAU1,1,1
MKKS,TBCB,1,1
MKKS,YWHAZ,1,1
MKKS,ZDHHC13,1,1
RNF150,ISYNA1,1,1
RNF150,MAGI2,1,1
RNF150,PRICKLE2,1,1
RNF150,SIPA1L2,1,1
RNF150,SNTA1,1,1
RNF150,TRA2A,1,1
RNF150,XYLT2,1,1
RPS7,ARMCX3,1,1
RPS7,ERN 1.00,1,1
RPS7,GAS8,1,1
RPS7,KCNA2,1,1
RPS7,KLHL29,1,1
RPS7,PCDHGC3,1,1
RPS7,PSMB7,1,1
RPS7,RRAGA,1,1
RPS7,SLC2A13,1,1
RPS7,SRSF8,1,1
RPS7,THEM6,1,1
RPS7,UBA52,1,1
DONSON,SKA2,1,1
SFRP1,ACBD6,1,1
SFRP1,AXIN2,1,1
SFRP1,ELOVL7,1,1
SFRP1,FAF1,1,1
SFRP1,METTL2B,1,1
SFRP1,RHBDD2,1,1
SFRP1,SEC23B,1,1
SFRP1,SLC30A6,1,1
SFRP1,SUMO1,1,1
SFRP1,TRPC4AP,1,1
FAM179B,ATG2B,1,1
FAM179B,CALHM2,1,1
FAM179B,CHTF18,1,1
FAM179B,DCAF5,1,1
FAM179B,MEF2D,1,1
FAM179B,RALGAPA1,1,1
FAM179B,SEMA3C,1,1
FAM179B,TNKS,1,1
FAP,CCND1,1,1
FAP,CGGBP1,1,1
FAP,MID2,1,1
CAPN5,BOD1,1,1
CAPN5,MID2,1,1
CAPN5,NAIP,1,1
CAPN5,NID1,1,1
CAPN5,SRC,1,1
CAPN5,TMEM121,1,1
CAPN5,TMEM171,1,1
WDR26,CENPU,1,1
WDR26,EPN2,1,1
WDR26,FAM120B,1,1
WDR26,GJC1,1,1
WDR26,KLHL29,1,1
WDR26,PSMB7,1,1
WDR26,SSX2IP,1,1
LBH,ANGEL1,1,1
LBH,APPBP2,1,1
LBH,ARMCX3,1,1
LBH,ATP10D,1,1
LBH,AXIN2,1,1
LBH,BMP4,1,1
LBH,C7ORF31,1,1
LBH,CLTCL1,1,1
LBH,GTF2H4,1,1
LBH,KCNA2,1,1
LBH,PLCG2,1,1
LBH,PLP2,1,1
LBH,POR,1,1
LBH,RNASE4,1,1
LBH,SPACA9,1,1
LBH,STAT5B,1,1
LBH,TMCC1,1,1
LBH,TMEM120A,1,1
LBH,TP53I11,1,1
LBH,TULP3,1,1
LBH,ZNF616,1,1
LBH,ZSCAN21,1,1
PTOV1,ROGDI,1,1
HAPLN3,ARHGEF40,1,1
HAPLN3,ARPC2,1,1
HAPLN3,C11ORF58,1,1
HAPLN3,CCNH,1,1
HAPLN3,CD47,1,1
HAPLN3,CSE1L,1,1
HAPLN3,FKBP1A,1,1
HAPLN3,GPAA1,1,1
HAPLN3,GZF1,1,1
HAPLN3,HINT1,1,1
HAPLN3,KRAS,1,1
HAPLN3,LPAR3,1,1
HAPLN3,MRPL17,1,1
HAPLN3,NUB1,1,1
HAPLN3,ODF2L,1,1
HAPLN3,PPP6R3,1,1
HAPLN3,RCHY1,1,1
HAPLN3,RNF182,1,1
HAPLN3,SF3B1,1,1
HAPLN3,SLC25A26,1,1
HAPLN3,STAU1,1,1
HAPLN3,WRAP73,1,1
HAPLN3,ZNF329,1,1
KLHL29,C8ORF88,1,1
KLHL29,CDIPT,1,1
KLHL29,CEP19,1,1
KLHL29,EPN2,1,1
KLHL29,PCDHGC3,1,1
KLHL29,PLPPR2,1,1
KLHL29,PSMB7,1,1
KLHL29,RNF187,1,1
KLHL29,ROBO2,1,1
KLHL29,SLC2A13,1,1
KLHL29,SLC39A8,1,1
KLHL29,SSX2IP,1,1
UBE2D2,ACOT13,1,1
UBE2D2,DHFR,1,1
IL4R,ANXA7,1,1
IL4R,APLP2,1,1
IL4R,ARHGEF40,1,1
IL4R,C3ORF70,1,1
IL4R,DDX27,1,1
IL4R,ISOC1,1,1
IL4R,LPAR3,1,1
IL4R,MCM8,1,1
IL4R,NDUFAF1,1,1
IL4R,SF3B1,1,1
IL4R,SRXN1,1,1
IL4R,TBCB,1,1
IL4R,TBKBP1,1,1
IL4R,TCOF1,1,1
IL4R,VASH1,1,1
IL4R,ZNF521,1,1
IL4R,ZNF585A,1,1
SRA1,AKT1,1,1
SRA1,BICC1,1,1
SRA1,SEC24A,1,1
SRA1,YIPF5,1,1
TRPC4AP,ACBD6,1,1
TRPC4AP,CAPS,1,1
TRPC4AP,CCDC125,1,1
TRPC4AP,ELOVL7,1,1
TRPC4AP,EXOSC5,1,1
TRPC4AP,METTL2B,1,1
TRPC4AP,PIGC,1,1
TRPC4AP,ROMO1,1,1
TRPC4AP,SEC23B,1,1
TRPC4AP,SLC30A6,1,1
TRPC4AP,UBA52,1,1
SSBP3,ACP1,1,1
SSBP3,BOLA2B,1,1
SSBP3,C4ORF3,1,1
SSBP3,CBLL1,1,1
SSBP3,CTNNBL1,1,1
SSBP3,DSCC1,1,1
SSBP3,DSG2,1,1
SSBP3,EGF,1,1
SSBP3,FAM49B,1,1
SSBP3,FASTKD2,1,1
SSBP3,GCFC2,1,1
SSBP3,GOLGA7,1,1
SSBP3,GOSR2,1,1
SSBP3,HILPDA,1,1
SSBP3,MCM7,1,1
SSBP3,OLA1,1,1
SSBP3,PCBP1,1,1
SSBP3,PFDN4,1,1
SSBP3,PPM1M,1,1
SSBP3,PRMT3,1,1
SSBP3,PSMD1,1,1
SSBP3,PSMD6,1,1
SSBP3,SMYD5,1,1
SSBP3,SNRPA1,1,1
SSBP3,UBE2S,1,1
SSBP3,WDR12,1,1
FAM49B,ACP1,1,1
FAM49B,ADSL,1,1
FAM49B,ANGPTL2,1,1
FAM49B,ANXA7,1,1
FAM49B,ARPC2,1,1
FAM49B,BOLA2B,1,1
FAM49B,C15ORF57,1,1
FAM49B,C4ORF3,1,1
FAM49B,CCNYL1,1,1
FAM49B,CNOT9,1,1
FAM49B,COPB1,1,1
FAM49B,COX7A2L,1,1
FAM49B,CSE1L,1,1
FAM49B,CTNNBL1,1,1
FAM49B,DDX27,1,1
FAM49B,DSCC1,1,1
FAM49B,DSG2,1,1
FAM49B,DSTN,1,1
FAM49B,EGF,1,1
FAM49B,ELOVL4,1,1
FAM49B,EVI2A,1,1
FAM49B,FASTKD2,1,1
FAM49B,FKBP1A,1,1
FAM49B,G3BP1,1,1
FAM49B,GALC,1,1
FAM49B,GCFC2,1,1
FAM49B,HILPDA,1,1
FAM49B,HIST3H2A,1,1
FAM49B,IFT46,1,1
FAM49B,IMPA1,1,1
FAM49B,ITCH,1,1
FAM49B,KBTBD8,1,1
FAM49B,MARC2,1,1
FAM49B,MAZ,1,1
FAM49B,MCM7,1,1
FAM49B,NFYC,1,1
FAM49B,NIF3L1,1,1
FAM49B,NUP35,1,1
FAM49B,NUP98,1,1
FAM49B,OLA1,1,1
FAM49B,ONECUT2,1,1
FAM49B,PAQR4,1,1
FAM49B,PARP1,1,1
FAM49B,PCBP1,1,1
FAM49B,PFDN4,1,1
FAM49B,PRELID3B,1,1
FAM49B,PSMA1,1,1
FAM49B,PSMD6,1,1
FAM49B,PTPN13,1,1
FAM49B,RAD21,1,1
FAM49B,RAPGEF6,1,1
FAM49B,RNASEH2A,1,1
FAM49B,RRM2,1,1
FAM49B,RYK,1,1
FAM49B,SCAND1,1,1
FAM49B,SH3D19,1,1
FAM49B,SIKE1,1,1
FAM49B,SLC43A3,1,1
FAM49B,SMC4,1,1
FAM49B,SNRPA1,1,1
FAM49B,SPAG1,1,1
FAM49B,SPRED2,1,1
FAM49B,SRXN1,1,1
FAM49B,THOC5,1,1
FAM49B,TMED5,1,1
FAM49B,TMEM106C,1,1
FAM49B,TMEM237,1,1
FAM49B,UBE2S,1,1
FAM49B,WDR12,1,1
FAM49B,XPO1,1,1
FAM49B,YWHAZ,1,1
FAM49B,ZDHHC1,1,1
FAM49B,ZNF224,1,1
AVL9,ACSF3,1,1
AVL9,ZNF267,1,1
TRIP6,C7ORF73,1,1
TRIP6,IFT57,1,1
TRIP6,NID1,1,1
TRIP6,TMEM121,1,1
TRIP6,TSPAN12,1,1
TRIP6,UBE2B,1,1
PRC1,ACP1,1,1
PRC1,ARPC2,1,1
PRC1,ATAD2,1,1
PRC1,BLM,1,1
PRC1,BTBD1,1,1
PRC1,C15ORF57,1,1
PRC1,CNOT9,1,1
PRC1,CSE1L,1,1
PRC1,FKBP1A,1,1
PRC1,HAUS8,1,1
PRC1,IFT46,1,1
PRC1,KBTBD8,1,1
PRC1,KIF22,1,1
PRC1,NUP35,1,1
PRC1,PARP1,1,1
PRC1,PCNA,1,1
PRC1,RAD21,1,1
PRC1,RNASEH2A,1,1
PRC1,RRM2,1,1
PRC1,TICRR,1,1
PRC1,TMEM106C,1,1
PRC1,TMEM237,1,1
PRC1,UBE2S,1,1
RNF135,ABHD15,1,1
RNF135,BOK,1,1
RNF135,ETV6,1,1
RNF135,RARG,1,1
RNF135,RNF187,1,1
RNF135,SRSF11,1,1
RNF135,SWI5,1,1
RNF135,TYRO3,1,1
RNF135,UGCG,1,1
RNF135,VWA5A,1,1
RNF135,XYLT2,1,1
ARMCX6,AKIP1,1,1
ARMCX6,ANGPTL2,1,1
ARMCX6,ATP10D,1,1
ARMCX6,ATP6V0E2,1,1
ARMCX6,BID,1,1
ARMCX6,CCDC125,1,1
ARMCX6,DIXDC1,1,1
ARMCX6,ELMO2,1,1
ARMCX6,ERI2,1,1
ARMCX6,GSE1,1,1
ARMCX6,GTF2H4,1,1
ARMCX6,GTF2I,1,1
ARMCX6,KCNA2,1,1
ARMCX6,MAZ,1,1
ARMCX6,MYBL1,1,1
ARMCX6,MZT2A,1,1
ARMCX6,PDE4A,1,1
ARMCX6,POR,1,1
ARMCX6,RAVER2,1,1
ARMCX6,RHBDD2,1,1
ARMCX6,ROMO1,1,1
ARMCX6,RRAGA,1,1
ARMCX6,SEC23B,1,1
ARMCX6,SGMS2,1,1
ARMCX6,SH3BP4,1,1
ARMCX6,SLC12A7,1,1
ARMCX6,THEM6,1,1
ARMCX6,WDR60,1,1
ARMCX6,ZNF521,1,1
SRSF10,ALG10,1,1
SRSF10,AZIN1,1,1
SRSF10,DCLRE1B,1,1
SRSF10,DSCC1,1,1
SRSF10,E2F6,1,1
SRSF10,G3BP1,1,1
SRSF10,NOL9,1,1
SRSF10,NUP98,1,1
SRSF10,PCBP1,1,1
SRSF10,POLA1,1,1
SRSF10,RBL1,1,1
SRSF10,RYK,1,1
SRSF10,SH3D19,1,1
SRSF10,THAP5,1,1
SRSF10,UBIAD1,1,1
SRSF10,XPO1,1,1
PSMD6,ACP1,1,1
PSMD6,ADSL,1,1
PSMD6,ANAPC1,1,1
PSMD6,ARMC6,1,1
PSMD6,ASAP1,1,1
PSMD6,ATIC,1,1
PSMD6,BOLA2B,1,1
PSMD6,C2ORF47,1,1
PSMD6,CBLL1,1,1
PSMD6,CCNYL1,1,1
PSMD6,CDC45,1,1
PSMD6,COPB1,1,1
PSMD6,CTNNBL1,1,1
PSMD6,DBF4,1,1
PSMD6,DCAF5,1,1
PSMD6,DSCC1,1,1
PSMD6,DSG2,1,1
PSMD6,DSN1,1,1
PSMD6,DSTN,1,1
PSMD6,DYRK4,1,1
PSMD6,E2F6,1,1
PSMD6,ELOVL4,1,1
PSMD6,EPT1,1,1
PSMD6,EXD2,1,1
PSMD6,GCFC2,1,1
PSMD6,GOLGA7,1,1
PSMD6,GORASP2,1,1
PSMD6,GPN3,1,1
PSMD6,HMMR,1,1
PSMD6,HSPE1,1,1
PSMD6,IMMT,1,1
PSMD6,KCTD5,1,1
PSMD6,LINC01420,1,1
PSMD6,MCM5,1,1
PSMD6,ME2,1,1
PSMD6,MYO1B,1,1
PSMD6,NCAPG,1,1
PSMD6,NCAPH,1,1
PSMD6,NCL,1,1
PSMD6,NFYC,1,1
PSMD6,NOL9,1,1
PSMD6,NRAS,1,1
PSMD6,NUP98,1,1
PSMD6,OLA1,1,1
PSMD6,ONECUT2,1,1
PSMD6,PAX9,1,1
PSMD6,PCBP1,1,1
PSMD6,PHC1,1,1
PSMD6,PIGU,1,1
PSMD6,PKM,1,1
PSMD6,POLA1,1,1
PSMD6,PPM1M,1,1
PSMD6,PPTC7,1,1
PSMD6,PRELID3B,1,1
PSMD6,PRMT3,1,1
PSMD6,PSMD1,1,1
PSMD6,PTP4A2,1,1
PSMD6,RAN,1,1
PSMD6,RANBP1,1,1
PSMD6,RBL1,1,1
PSMD6,RPE,1,1
PSMD6,RPS19BP1,1,1
PSMD6,RRP7A,1,1
PSMD6,RYK,1,1
PSMD6,SATB1,1,1
PSMD6,SCO2,1,1
PSMD6,SFXN1,1,1
PSMD6,SGO2,1,1
PSMD6,SH3D19,1,1
PSMD6,SNRPA1,1,1
PSMD6,SNRPD3,1,1
PSMD6,SPAG1,1,1
PSMD6,TAF1B,1,1
PSMD6,THOC7,1,1
PSMD6,TMED5,1,1
PSMD6,UBE2S,1,1
PSMD6,UBIAD1,1,1
PSMD6,WDR12,1,1
PSMD6,WDR3,1,1
PSMD6,XPO1,1,1
PSMD6,XRCC4,1,1
PSMD6,ZMYM3,1,1
PSMD6,ZNF224,1,1
PSMD6,ZNF549,1,1
FTL,ARPC2,1,1
FTL,AZIN1,1,1
FTL,COPB1,1,1
FTL,DPY30,1,1
FTL,DSTN,1,1
FTL,FKBP1A,1,1
FTL,IFT46,1,1
FTL,KRAS,1,1
FTL,RAB10,1,1
FTL,YWHAZ,1,1
TOMM22,ACBD6,1,1
TOMM22,ACTR5,1,1
TOMM22,APPBP2,1,1
TOMM22,ARMCX3,1,1
TOMM22,BAG2,1,1
TOMM22,BID,1,1
TOMM22,BMP4,1,1
TOMM22,BUB3,1,1
TOMM22,C19ORF48,1,1
TOMM22,CCDC125,1,1
TOMM22,CCNE2,1,1
TOMM22,CHRAC1,1,1
TOMM22,E2F1,1,1
TOMM22,ESF1,1,1
TOMM22,ETFDH,1,1
TOMM22,EXOSC5,1,1
TOMM22,GMPPB,1,1
TOMM22,HELLS,1,1
TOMM22,ISOC1,1,1
TOMM22,ITPKC,1,1
TOMM22,KLHL23,1,1
TOMM22,KRCC1,1,1
TOMM22,MAT2B,1,1
TOMM22,MCM8,1,1
TOMM22,MRGBP,1,1
TOMM22,MRPS18C,1,1
TOMM22,MYBL1,1,1
TOMM22,MYO19,1,1
TOMM22,NHP2,1,1
TOMM22,NUP62,1,1
TOMM22,PAQR4,1,1
TOMM22,PDAP1,1,1
TOMM22,PHF5A,1,1
TOMM22,PLP2,1,1
TOMM22,POLQ,1,1
TOMM22,POP4,1,1
TOMM22,PRDX3,1,1
TOMM22,PSMA1,1,1
TOMM22,PTPN13,1,1
TOMM22,PUF60,1,1
TOMM22,RAE1,1,1
TOMM22,RASSF7,1,1
TOMM22,RAVER2,1,1
TOMM22,RHBDD2,1,1
TOMM22,RRM1,1,1
TOMM22,SASS6,1,1
TOMM22,SEC23B,1,1
TOMM22,SH3BP4,1,1
TOMM22,SIAE,1,1
TOMM22,SP140L,1,1
TOMM22,SPACA9,1,1
TOMM22,SPATA6,1,1
TOMM22,SPDL1,1,1
TOMM22,SRXN1,1,1
TOMM22,STAT5B,1,1
TOMM22,TANK,1,1
TOMM22,TBC1D5,1,1
TOMM22,TBKBP1,1,1
TOMM22,TCOF1,1,1
TOMM22,THRA,1,1
TOMM22,TMCC1,1,1
TOMM22,TMEM120A,1,1
TOMM22,TMEM173,1,1
TOMM22,TRMT6,1,1
TOMM22,TXNDC9,1,1
TOMM22,WDR60,1,1
TOMM22,YWHAQ,1,1
TOMM22,ZCCHC24,1,1
TOMM22,ZNF585A,1,1
TOMM22,ZNF608,1,1
DPAGT1,FAM120C,1,1
DPAGT1,HAUS8,1,1
DPAGT1,ITCH,1,1
DPAGT1,NDUFAB1,1,1
DPAGT1,PAQR4,1,1
DPAGT1,RAD21,1,1
DPAGT1,TBC1D31,1,1
DPAGT1,TMEM237,1,1
EMP2,CDH19,1,1
EMP2,EPN2,1,1
EMP2,KIAA1549,1,1
EMP2,MID2,1,1
EMP2,PDE10A,1,1
EMP2,PPIL2,1,1
EMP2,SLC2A10,1,1
EMP2,TCIRG1,1,1
EMP2,TMEM171,1,1
EMP2,TMEM248,1,1
EMP2,ZFPM1,1,1
EMP2,ZNF558,1,1
ZNF587B,ADPRHL2,1,1
ZNF587B,ANTXR1,1,1
ZNF587B,CD47,1,1
ZNF587B,E2F8,1,1
SPAST,CANT1,1,1
SPAST,DHRS4,1,1
SPAST,SLC44A2,1,1
SLC30A6,ACBD6,1,1
SLC30A6,AXIN2,1,1
SLC30A6,C5ORF30,1,1
SLC30A6,ELOVL7,1,1
SLC30A6,FAF1,1,1
SLC30A6,FHL1,1,1
SLC30A6,METTL2B,1,1
SLC30A6,NCBP2,1,1
SLC30A6,RHBDD2,1,1
SLC30A6,SEC23B,1,1
SLC30A6,SPCS3,1,1
SLC30A6,SUMO1,1,1
BOK,ABHD15,1,1
BOK,C8ORF88,1,1
BOK,CDIPT,1,1
BOK,CNP,1,1
BOK,EPN2,1,1
BOK,HIP1,1,1
BOK,PAFAH1B3,1,1
BOK,PLEKHH2,1,1
BOK,PLPPR2,1,1
BOK,RNF187,1,1
BOK,ROBO2,1,1
BOK,SLC25A39,1,1
BOK,SLC2A10,1,1
BOK,SRSF11,1,1
BOK,TYRO3,1,1
BOK,UGCG,1,1
BOK,USP12,1,1
BOK,VWA5A,1,1
BOK,YPEL2,1,1
RNASE4,PLCG2,1,1
RNASE4,SEMA6C,1,1
RNASE4,USP30,1,1
PAPLN,GLMN,1,1
C8ORF88,ABHD15,1,1
C8ORF88,CDIPT,1,1
C8ORF88,CNP,1,1
C8ORF88,EPN2,1,1
C8ORF88,HAUS1,1,1
C8ORF88,PLPPR2,1,1
C8ORF88,RNF187,1,1
C8ORF88,SRSF11,1,1
C8ORF88,TIAL1,1,1
C8ORF88,UGCG,1,1
C8ORF88,USP12,1,1
C8ORF88,ZBED4,1,1
EVI5L,AC255361.1,1,1
EVI5L,ALDH6A1,1,1
EVI5L,ANAPC1,1,1
EVI5L,ARHGEF3,1,1
EVI5L,ARNT,1,1
EVI5L,BAG2,1,1
EVI5L,CENPQ,1,1
EVI5L,CEP126,1,1
EVI5L,CTPS1,1,1
EVI5L,DCAF8,1,1
EVI5L,EPT1,1,1
EVI5L,FAM229B,1,1
EVI5L,GGPS1,1,1
EVI5L,GOLGA2,1,1
EVI5L,IFT74,1,1
EVI5L,KLC4,1,1
EVI5L,MARC2,1,1
EVI5L,MCM7,1,1
EVI5L,MRGBP,1,1
EVI5L,MRPS35,1,1
EVI5L,MTND4P12,1,1
EVI5L,NHP2,1,1
EVI5L,NR1H3,1,1
EVI5L,OLA1,1,1
EVI5L,ORMDL1,1,1
EVI5L,PFDN4,1,1
EVI5L,PHF19,1,1
EVI5L,POLE,1,1
EVI5L,PPAT,1,1
EVI5L,PPTC7,1,1
EVI5L,PRMT3,1,1
EVI5L,RANBP1,1,1
EVI5L,RAPGEF6,1,1
EVI5L,RFTN2,1,1
EVI5L,SLC44A2,1,1
EVI5L,SMC4,1,1
EVI5L,SPSB2,1,1
EVI5L,STX8,1,1
EVI5L,TANK,1,1
EVI5L,THRA,1,1
EVI5L,TMCC1,1,1
EVI5L,TMPO,1,1
EVI5L,TP53I11,1,1
EVI5L,UBXN6,1,1
EVI5L,WDR12,1,1
EVI5L,ZNF224,1,1
ASF1B,BAG2,1,1
ASF1B,C19ORF48,1,1
ASF1B,CENPO,1,1
ASF1B,CENPQ,1,1
ASF1B,CEP126,1,1
ASF1B,FAM120C,1,1
ASF1B,HAUS8,1,1
ASF1B,HELLS,1,1
ASF1B,LIN9,1,1
ASF1B,MCM4,1,1
ASF1B,MCM6,1,1
ASF1B,MCM7,1,1
ASF1B,MRPL14,1,1
ASF1B,MTBP,1,1
ASF1B,MYO18A,1,1
ASF1B,MYO19,1,1
ASF1B,NDUFAB1,1,1
ASF1B,NHP2,1,1
ASF1B,OIP5,1,1
ASF1B,PAQR4,1,1
ASF1B,PHF19,1,1
ASF1B,POLQ,1,1
ASF1B,PRDX3,1,1
ASF1B,PSMA1,1,1
ASF1B,RANBP1,1,1
ASF1B,SGO1,1,1
ASF1B,SUV39H1,1,1
ASF1B,THRA,1,1
ASF1B,TICRR,1,1
ASF1B,TMCC1,1,1
ASF1B,TMEM173,1,1
ASF1B,TTK,1,1
ASF1B,UBXN6,1,1
TRA2A,BLVRB,1,1
EGF,ACP1,1,1
EGF,BOLA2B,1,1
EGF,C4ORF3,1,1
EGF,CTNNBL1,1,1
EGF,DSCC1,1,1
EGF,ELOVL4,1,1
EGF,HAUS8,1,1
EGF,HILPDA,1,1
EGF,OLA1,1,1
EGF,ONECUT2,1,1
EGF,PFDN4,1,1
EGF,PSMA1,1,1
EGF,RAD21,1,1
EGF,SNRPA1,1,1
EGF,TMEM237,1,1
EGF,UBE2S,1,1
PISD,AEN,1,1
PISD,BLM,1,1
PISD,C11ORF58,1,1
PISD,CD47,1,1
PISD,CRAT,1,1
PISD,CSE1L,1,1
PISD,CSTF1,1,1
PISD,DHFR,1,1
PISD,E2F8,1,1
PISD,G3BP1,1,1
PISD,GLMN,1,1
PISD,ING5,1,1
PISD,NOL9,1,1
PISD,NUP35,1,1
PISD,PARP1,1,1
PISD,PAXBP1,1,1
PISD,PCNA,1,1
PISD,PPP6R3,1,1
PISD,PRKACA,1,1
PISD,RCHY1,1,1
PISD,RPUSD1,1,1
PISD,SF3B1,1,1
PISD,SLC25A26,1,1
PISD,SLC43A3,1,1
PISD,SMG5,1,1
PISD,STAU1,1,1
PISD,TMEM231,1,1
PISD,TXNRD1,1,1
PISD,ZFP36L1,1,1
ZSCAN25,KHSRP,1,1
GPR158,HSPB2,1,1
GPR158,IFFO1,1,1
GPR158,IFT140,1,1
GPR158,NUPR1,1,1
SPATA6,ANGPTL2,1,1
SPATA6,APPBP2,1,1
SPATA6,ARNT,1,1
SPATA6,ATP10D,1,1
SPATA6,BAG2,1,1
SPATA6,BMP4,1,1
SPATA6,CEP126,1,1
SPATA6,CPSF4,1,1
SPATA6,DCP1B,1,1
SPATA6,DIXDC1,1,1
SPATA6,ETFDH,1,1
SPATA6,HELLS,1,1
SPATA6,HERC2,1,1
SPATA6,MCM7,1,1
SPATA6,MRAS,1,1
SPATA6,MTA3,1,1
SPATA6,NHP2,1,1
SPATA6,OLA1,1,1
SPATA6,ORMDL1,1,1
SPATA6,PAQR4,1,1
SPATA6,PLPP6,1,1
SPATA6,PSMA1,1,1
SPATA6,PTPN13,1,1
SPATA6,RAPGEF6,1,1
SPATA6,SPACA9,1,1
SPATA6,SRXN1,1,1
SPATA6,TANK,1,1
SPATA6,TBC1D5,1,1
SPATA6,TBKBP1,1,1
SPATA6,TCOF1,1,1
SPATA6,THRA,1,1
SPATA6,TMCC1,1,1
SPATA6,TP53I11,1,1
SPATA6,UBXN6,1,1
SPATA6,ZNF616,1,1
SPATA6,ZNF687,1,1
ZNF224,ACP1,1,1
ZNF224,ADSL,1,1
ZNF224,ANAPC1,1,1
ZNF224,CAB39,1,1
ZNF224,CTNNBL1,1,1
ZNF224,DCAF8,1,1
ZNF224,DSG2,1,1
ZNF224,DSTN,1,1
ZNF224,DYRK4,1,1
ZNF224,EPT1,1,1
ZNF224,GCFC2,1,1
ZNF224,HIST3H2A,1,1
ZNF224,KCTD5,1,1
ZNF224,MARC2,1,1
ZNF224,OLA1,1,1
ZNF224,PFDN4,1,1
ZNF224,PIGU,1,1
ZNF224,PITPNB,1,1
ZNF224,POLA1,1,1
ZNF224,PPTC7,1,1
ZNF224,PRELID3B,1,1
ZNF224,PRMT3,1,1
ZNF224,PSMD1,1,1
ZNF224,RANBP1,1,1
ZNF224,RAPGEF6,1,1
ZNF224,RYK,1,1
ZNF224,SGO2,1,1
ZNF224,SH3D19,1,1
ZNF224,SLC44A2,1,1
ZNF224,SMC4,1,1
ZNF224,SPRED2,1,1
ZNF224,THOC5,1,1
ZNF224,UBE2S,1,1
ZNF224,WDR12,1,1
ZNF224,XPO1,1,1
ZNF224,ZDHHC1,1,1
CCDC130,GTF2IP20,1,1
CCDC130,RAD52,1,1
GALNT11,ECHDC3,1,1
GALNT11,EHHADH,1,1
GALNT11,NBR1,1,1
GALNT11,OGDH,1,1
GALNT11,RAPGEF4,1,1
GALNT11,SESN3,1,1
GALNT11,TATDN3,1,1
GALNT11,TYRO3,1,1
GALNT11,VWA5A,1,1
GALNT11,YPEL2,1,1
ROGDI,FBXO5,1,1
ROGDI,SSB,1,1
ROGDI,SSH3,1,1
ROGDI,TMEM129,1,1
EVI2A,ACP1,1,1
EVI2A,ADSL,1,1
EVI2A,AEN,1,1
EVI2A,ALG10,1,1
EVI2A,ARPC2,1,1
EVI2A,AZIN1,1,1
EVI2A,BLM,1,1
EVI2A,C11ORF58,1,1
EVI2A,CCNYL1,1,1
EVI2A,CNOT9,1,1
EVI2A,COPB1,1,1
EVI2A,CRAT,1,1
EVI2A,CSE1L,1,1
EVI2A,CSTF1,1,1
EVI2A,CTNNBL1,1,1
EVI2A,DDX27,1,1
EVI2A,DSCC1,1,1
EVI2A,DSTN,1,1
EVI2A,E2F8,1,1
EVI2A,ELOVL4,1,1
EVI2A,FKBP1A,1,1
EVI2A,G3BP1,1,1
EVI2A,GALC,1,1
EVI2A,GLMN,1,1
EVI2A,GORASP2,1,1
EVI2A,HINT1,1,1
EVI2A,IMPA1,1,1
EVI2A,KBTBD8,1,1
EVI2A,KCTD5,1,1
EVI2A,MED21,1,1
EVI2A,MRPL17,1,1
EVI2A,NFYC,1,1
EVI2A,NIF3L1,1,1
EVI2A,NOL9,1,1
EVI2A,NOP56,1,1
EVI2A,NUB1,1,1
EVI2A,NUP35,1,1
EVI2A,NUP98,1,1
EVI2A,OLA1,1,1
EVI2A,ONECUT2,1,1
EVI2A,PARP1,1,1
EVI2A,PAXBP1,1,1
EVI2A,PCBP1,1,1
EVI2A,PPP6R3,1,1
EVI2A,PRELID3B,1,1
EVI2A,PSMA1,1,1
EVI2A,RAD21,1,1
EVI2A,RBL1,1,1
EVI2A,RCHY1,1,1
EVI2A,RNASEH2A,1,1
EVI2A,RRM2,1,1
EVI2A,SCO2,1,1
EVI2A,SH3PXD2B,1,1
EVI2A,SLC25A26,1,1
EVI2A,SLC43A3,1,1
EVI2A,SPAG1,1,1
EVI2A,STAU1,1,1
EVI2A,THOC7,1,1
EVI2A,TMEM106C,1,1
EVI2A,TMEM237,1,1
EVI2A,TPD52,1,1
EVI2A,TXNRD1,1,1
EVI2A,UBE2S,1,1
EVI2A,UBIAD1,1,1
EVI2A,YWHAZ,1,1
EVI2A,ZNF329,1,1
PXDC1,BOD1,1,1
PXDC1,CD47,1,1
PXDC1,COPS7B,1,1
PXDC1,DENND5A,1,1
PXDC1,FAM110B,1,1
PXDC1,LPAR3,1,1
PXDC1,NAIP,1,1
PXDC1,NID1,1,1
PXDC1,NSFL1C,1,1
PXDC1,SRC,1,1
PXDC1,STK35,1,1
PXDC1,TCF20,1,1
PXDC1,ZBTB21,1,1
HIST3H2A,BOLA2B,1,1
HIST3H2A,C4ORF3,1,1
HIST3H2A,CTNNBL1,1,1
HIST3H2A,DSG2,1,1
HIST3H2A,DSTN,1,1
HIST3H2A,DYRK4,1,1
HIST3H2A,GCFC2,1,1
HIST3H2A,IFT46,1,1
HIST3H2A,ITCH,1,1
HIST3H2A,MARC2,1,1
HIST3H2A,OLA1,1,1
HIST3H2A,PFDN4,1,1
HIST3H2A,PRELID3B,1,1
HIST3H2A,RAD21,1,1
HIST3H2A,RPE,1,1
HIST3H2A,SCAND1,1,1
HIST3H2A,SH3D19,1,1
HIST3H2A,SIKE1,1,1
HIST3H2A,TMED5,1,1
HIST3H2A,TMEM216,1,1
HIST3H2A,UBE2S,1,1
C15ORF57,ACTR3,1,1
C15ORF57,ARPC2,1,1
C15ORF57,COPB1,1,1
C15ORF57,FKBP1A,1,1
C15ORF57,IFT46,1,1
C15ORF57,IMPA1,1,1
C15ORF57,NIF3L1,1,1
C15ORF57,RAD21,1,1
C15ORF57,RNASEH2A,1,1
C15ORF57,SPAG1,1,1
C15ORF57,TMEM106C,1,1
C15ORF57,TMEM237,1,1
MRPL35,CENPW,1,1
MRPL35,KIF22,1,1
MRPL35,VPS9D1,1,1
GMPPB,BAG2,1,1
GMPPB,CCDC125,1,1
GMPPB,CDKL5,1,1
GMPPB,CDON,1,1
GMPPB,DIXDC1,1,1
GMPPB,EXOSC5,1,1
GMPPB,HDAC9,1,1
GMPPB,HELLS,1,1
GMPPB,HERC2,1,1
GMPPB,KLHL23,1,1
GMPPB,KRCC1,1,1
GMPPB,MRAS,1,1
GMPPB,MTBP,1,1
GMPPB,MYBL1,1,1
GMPPB,MYO19,1,1
GMPPB,PAQR4,1,1
GMPPB,PDAP1,1,1
GMPPB,PDE4A,1,1
GMPPB,PTPN13,1,1
GMPPB,RHBDD2,1,1
GMPPB,RPRD1B,1,1
GMPPB,SEC23B,1,1
GMPPB,SLC12A7,1,1
GMPPB,SMAP1,1,1
GMPPB,TANK,1,1
GMPPB,TBC1D5,1,1
GMPPB,THRA,1,1
GMPPB,TMEM173,1,1
GMPPB,WDR60,1,1
GMPPB,ZNF585A,1,1
C3ORF70,APLP2,1,1
C3ORF70,ARID3B,1,1
C3ORF70,CAMKK2,1,1
C3ORF70,CCDC125,1,1
C3ORF70,CEP112,1,1
C3ORF70,COPS7A,1,1
C3ORF70,DIRAS1,1,1
C3ORF70,ELL,1,1
C3ORF70,EPHX2,1,1
C3ORF70,ERI2,1,1
C3ORF70,GSTA4,1,1
C3ORF70,HPSE,1,1
C3ORF70,ITM2A,1,1
C3ORF70,LPAR3,1,1
C3ORF70,MCM8,1,1
C3ORF70,MLLT3,1,1
C3ORF70,MTG2,1,1
C3ORF70,NDUFAF1,1,1
C3ORF70,PFN2,1,1
C3ORF70,PIGC,1,1
C3ORF70,RASSF7,1,1
C3ORF70,RP11-568K15.1,1,1
C3ORF70,RRAGA,1,1
C3ORF70,SGMS2,1,1
C3ORF70,SH3BP4,1,1
C3ORF70,TBCB,1,1
C3ORF70,TES,1,1
C3ORF70,THEM6,1,1
C3ORF70,TMEM120A,1,1
C3ORF70,VASH1,1,1
C3ORF70,WEE1,1,1
C3ORF70,ZNF521,1,1
C3ORF70,ZNF585A,1,1
UTP6,ANAPC1,1,1
UTP6,ANLN,1,1
UTP6,CTPS1,1,1
UTP6,DNAJC4,1,1
UTP6,GOSR2,1,1
UTP6,GPN3,1,1
UTP6,HNRNPAB,1,1
UTP6,KPNB1,1,1
UTP6,LINC01420,1,1
UTP6,MCM6,1,1
UTP6,MRPS30,1,1
UTP6,MRPS35,1,1
UTP6,NCAPG,1,1
UTP6,NCL,1,1
UTP6,PDCL3,1,1
UTP6,POLE,1,1
UTP6,PPTC7,1,1
UTP6,PRMT3,1,1
UTP6,PSMD1,1,1
UTP6,RAN,1,1
UTP6,RRNAD1,1,1
UTP6,RRP7A,1,1
UTP6,SFXN1,1,1
UTP6,TAF1B,1,1
UTP6,TMEM134,1,1
UTP6,TMPO,1,1
UTP6,TP53INP1,1,1
UTP6,TYMS,1,1
UTP6,UTP20,1,1
UTP6,WDR12,1,1
UTP6,WDR62,1,1
UTP6,YPEL5,1,1
HSPE1,ADSL,1,1
HSPE1,ARMC6,1,1
HSPE1,ATIC,1,1
HSPE1,BCS1L,1,1
HSPE1,C11ORF49,1,1
HSPE1,C2ORF47,1,1
HSPE1,CALHM2,1,1
HSPE1,CBLL1,1,1
HSPE1,CDC45,1,1
HSPE1,CHTF18,1,1
HSPE1,DBF4,1,1
HSPE1,DCAF5,1,1
HSPE1,DCLRE1B,1,1
HSPE1,DDX11,1,1
HSPE1,DSN1,1,1
HSPE1,ELOVL4,1,1
HSPE1,EXD2,1,1
HSPE1,FANCB,1,1
HSPE1,FBXL20,1,1
HSPE1,GOLGA7,1,1
HSPE1,GPN3,1,1
HSPE1,HMMR,1,1
HSPE1,MARK4,1,1
HSPE1,MCM5,1,1
HSPE1,ME2,1,1
HSPE1,NFYC,1,1
HSPE1,PAX9,1,1
HSPE1,PCBP1,1,1
HSPE1,PPM1M,1,1
HSPE1,PRELID3B,1,1
HSPE1,RAN,1,1
HSPE1,RBL1,1,1
HSPE1,RRP7A,1,1
HSPE1,SEMA3C,1,1
HSPE1,SFXN1,1,1
HSPE1,SH3D19,1,1
HSPE1,SNRPA1,1,1
HSPE1,SNRPD3,1,1
HSPE1,THOC7,1,1
HSPE1,TP53INP1,1,1
HSPE1,UBIAD1,1,1
HSPE1,WDR3,1,1
HSPE1,XPO1,1,1
HSPE1,XRCC4,1,1
HSPE1,YPEL5,1,1
HSPE1,ZMYM3,1,1
ECHS1,CDC42EP5,1,1
ECHS1,FAM110B,1,1
ECHS1,FAM231D,1,1
ECHS1,GALK1,1,1
ECHS1,PSMF1,1,1
ECHS1,RARG,1,1
ECHS1,RBBP8,1,1
ECHS1,SERINC2,1,1
ECHS1,SLC48A1,1,1
ECHS1,TIAL1,1,1
TICRR,ACP1,1,1
TICRR,AEN,1,1
TICRR,ATAD2,1,1
TICRR,BTBD1,1,1
TICRR,CENPQ,1,1
TICRR,CNOT9,1,1
TICRR,CPSF4,1,1
TICRR,DSCC1,1,1
TICRR,EPT1,1,1
TICRR,EWSR1,1,1
TICRR,FASTKD2,1,1
TICRR,GEN1,1,1
TICRR,HAUS8,1,1
TICRR,HELLS,1,1
TICRR,HILPDA,1,1
TICRR,IFT46,1,1
TICRR,KBTBD8,1,1
TICRR,KIF22,1,1
TICRR,LIN9,1,1
TICRR,MCM6,1,1
TICRR,MCM7,1,1
TICRR,NCAPG,1,1
TICRR,NCAPH,1,1
TICRR,NUP35,1,1
TICRR,OLA1,1,1
TICRR,PHF19,1,1
TICRR,PSMA1,1,1
TICRR,RAD21,1,1
TICRR,RANBP1,1,1
TICRR,RRM2,1,1
TICRR,SGO2,1,1
TICRR,SMC4,1,1
TICRR,TMEM237,1,1
TICRR,UBE2S,1,1
TICRR,ZMYM3,1,1
TULP3,AC255361.1,1,1
TULP3,ARMCX3,1,1
TULP3,ARNT,1,1
TULP3,AXIN2,1,1
TULP3,BAG2,1,1
TULP3,CBFA2T2,1,1
TULP3,CEP126,1,1
TULP3,DOCK11,1,1
TULP3,ETFDH,1,1
TULP3,FAM229B,1,1
TULP3,GGPS1,1,1
TULP3,GNG7,1,1
TULP3,GOLGA2,1,1
TULP3,GTF2H4,1,1
TULP3,IFFO1,1,1
TULP3,KLHL23,1,1
TULP3,KRCC1,1,1
TULP3,MRGBP,1,1
TULP3,MTND4P12,1,1
TULP3,MYO18A,1,1
TULP3,NHP2,1,1
TULP3,NR1H3,1,1
TULP3,PLCG2,1,1
TULP3,RFTN2,1,1
TULP3,RHBDD2,1,1
TULP3,SPACA9,1,1
TULP3,STAT5B,1,1
TULP3,STX8,1,1
TULP3,THRA,1,1
TULP3,TMCC1,1,1
TULP3,TMEM173,1,1
TULP3,TP53I11,1,1
TULP3,TXNDC9,1,1
TULP3,ZNF608,1,1
TULP3,ZSCAN21,1,1
KHSRP,BEND3,1,1
KHSRP,CTPS1,1,1
KHSRP,HNRNPAB,1,1
KHSRP,MRPS35,1,1
KHSRP,POLE,1,1
KHSRP,RRNAD1,1,1
TMEM173,APPBP2,1,1
TMEM173,ARMCX3,1,1
TMEM173,ARNT,1,1
TMEM173,BAG2,1,1
TMEM173,C19ORF48,1,1
TMEM173,GNG7,1,1
TMEM173,GOLGA2,1,1
TMEM173,HELLS,1,1
TMEM173,ITPKC,1,1
TMEM173,KLHL23,1,1
TMEM173,KRCC1,1,1
TMEM173,MRAS,1,1
TMEM173,MRGBP,1,1
TMEM173,MTBP,1,1
TMEM173,MYBL1,1,1
TMEM173,MYO18A,1,1
TMEM173,MYO19,1,1
TMEM173,NHP2,1,1
TMEM173,NUP62,1,1
TMEM173,PDAP1,1,1
TMEM173,PHF5A,1,1
TMEM173,PLCG2,1,1
TMEM173,POLQ,1,1
TMEM173,RAE1,1,1
TMEM173,RHBDD2,1,1
TMEM173,STAT5B,1,1
TMEM173,STX8,1,1
TMEM173,TANK,1,1
TMEM173,THRA,1,1
TMEM173,TP53I11,1,1
TMEM173,ZCCHC24,1,1
TMEM173,ZFAND1,1,1
TMEM173,ZNF608,1,1
SATB1,ACP1,1,1
SATB1,ADSL,1,1
SATB1,ARMC6,1,1
SATB1,ASAP1,1,1
SATB1,ATAD2,1,1
SATB1,C11ORF49,1,1
SATB1,CDC45,1,1
SATB1,CNOT9,1,1
SATB1,COG4,1,1
SATB1,DBF4,1,1
SATB1,DCAF5,1,1
SATB1,DCAF8,1,1
SATB1,DCLRE1B,1,1
SATB1,DCTPP1,1,1
SATB1,DDX11,1,1
SATB1,DSCC1,1,1
SATB1,E2F6,1,1
SATB1,EPT1,1,1
SATB1,FAM214A,1,1
SATB1,FBXL20,1,1
SATB1,GLMN,1,1
SATB1,GRK6,1,1
SATB1,HNRNPAB,1,1
SATB1,LRP10,1,1
SATB1,NCAPG,1,1
SATB1,NCAPH,1,1
SATB1,NCL,1,1
SATB1,NOL9,1,1
SATB1,NOP56,1,1
SATB1,NUP98,1,1
SATB1,PCBP1,1,1
SATB1,PHC1,1,1
SATB1,PITPNB,1,1
SATB1,POLA1,1,1
SATB1,POLE,1,1
SATB1,PPM1M,1,1
SATB1,RANBP1,1,1
SATB1,RBL1,1,1
SATB1,RRM2,1,1
SATB1,SGO2,1,1
SATB1,SNRPA1,1,1
SATB1,SNRPD3,1,1
SATB1,TCP1,1,1
SATB1,U2AF2,1,1
SATB1,UBIAD1,1,1
SATB1,XPO1,1,1
SATB1,ZMYM3,1,1
KRAS,ADNP,1,1
KRAS,ARPC2,1,1
KRAS,C11ORF58,1,1
KRAS,CCNH,1,1
KRAS,DDX27,1,1
KRAS,FKBP1A,1,1
KRAS,ODF2L,1,1
KRAS,RCHY1,1,1
KRAS,RNF182,1,1
KRAS,STAU1,1,1
KRAS,YWHAZ,1,1
CHMP4B,MICB,1,1
CHMP4B,PSMF1,1,1
IFT27,CEP112,1,1
IFT27,CEP19,1,1
IFT27,COPS7A,1,1
IFT27,CORO1C,1,1
IFT27,DGKQ,1,1
IFT27,EPHX2,1,1
IFT27,GEMIN8,1,1
IFT27,GSTA4,1,1
IFT27,HPSE,1,1
IFT27,MAT2B,1,1
IFT27,MTG2,1,1
IFT27,PRKD1,1,1
IFT27,RTKN2,1,1
IFT27,SERINC2,1,1
IFT27,SH3BP4,1,1
IFT27,SSX2IP,1,1
IFT27,VASH1,1,1
IFT27,YPEL2,1,1
RFNG,CD2AP,1,1
RFNG,DHRS4,1,1
RFNG,HDAC10,1,1
RFNG,HMGXB4,1,1
RFNG,KLC4,1,1
RFNG,PPIG,1,1
RFNG,PRKAR2A,1,1
RFNG,SLC44A2,1,1
RFNG,ZDHHC1,1,1
TMEM248,CDH19,1,1
TMEM248,EPN2,1,1
TMEM248,KDM4B,1,1
TMEM248,KIAA1549,1,1
TMEM248,MID2,1,1
TMEM248,ROBO2,1,1
TMEM248,SLC6A15,1,1
TMEM248,ZFPM1,1,1
SGO1,ARHGAP11A,1,1
SGO1,CENPQ,1,1
SGO1,ERCC6L,1,1
SGO1,FAM120C,1,1
SGO1,KIF23,1,1
SGO1,MCM4,1,1
SGO1,MTBP,1,1
SGO1,NDUFAB1,1,1
SGO1,OIP5,1,1
SGO1,OSGIN2,1,1
SGO1,PBK,1,1
SGO1,POLQ,1,1
SGO1,PRDX3,1,1
SGO1,SUMO2,1,1
SGO1,SUV39H1,1,1
SGO1,TTK,1,1
SGO1,ZNF367,1,1
RRP7A,ATIC,1,1
RRP7A,C2ORF47,1,1
RRP7A,EXD2,1,1
RRP7A,FANCB,1,1
RRP7A,GPN3,1,1
RRP7A,KPNB1,1,1
RRP7A,MARK4,1,1
RRP7A,MCM5,1,1
RRP7A,MRPS30,1,1
RRP7A,NCL,1,1
RRP7A,PKM,1,1
RRP7A,RAN,1,1
RRP7A,SEMA3C,1,1
RRP7A,SFXN1,1,1
RRP7A,TAF1B,1,1
RRP7A,TP53INP1,1,1
RRP7A,TYMS,1,1
RRP7A,WDR3,1,1
RRP7A,XRCC4,1,1
RRP7A,YPEL5,1,1
EXOSC1,APLP2,1,1
EXOSC1,ARID3B,1,1
EXOSC1,CEP112,1,1
EXOSC1,COPS7B,1,1
EXOSC1,CORO1C,1,1
EXOSC1,EPN2,1,1
EXOSC1,GLG1,1,1
EXOSC1,ITM2A,1,1
EXOSC1,NSFL1C,1,1
EXOSC1,ORAOV1,1,1
EXOSC1,PAFAH1B3,1,1
EXOSC1,ROBO2,1,1
EXOSC1,RTKN2,1,1
EXOSC1,SLC2A10,1,1
EXOSC1,STK35,1,1
SMG5,ACOT13,1,1
SMG5,AEN,1,1
SMG5,C11ORF58,1,1
SMG5,CD47,1,1
SMG5,CRAT,1,1
SMG5,DDX27,1,1
SMG5,NUP35,1,1
SMG5,PRKACA,1,1
SMG5,RCHY1,1,1
SMG5,RPUSD1,1,1
SMG5,SF3B1,1,1
SMG5,SLC43A3,1,1
SMG5,SPTSSA,1,1
SMG5,TMEM231,1,1
SMG5,ZFP36L1,1,1
ARFGAP1,DAB2IP,1,1
ARFGAP1,GTF2I,1,1
ARNT,AC255361.1,1,1
ARNT,APPBP2,1,1
ARNT,ARHGEF3,1,1
ARNT,BAG2,1,1
ARNT,BMP4,1,1
ARNT,CDKL5,1,1
ARNT,CEP126,1,1
ARNT,DOCK11,1,1
ARNT,ETFDH,1,1
ARNT,FAM229B,1,1
ARNT,GNG7,1,1
ARNT,GOLGA2,1,1
ARNT,HDAC5,1,1
ARNT,KRCC1,1,1
ARNT,MRAS,1,1
ARNT,MTND4P12,1,1
ARNT,MYO18A,1,1
ARNT,NHP2,1,1
ARNT,NR1H3,1,1
ARNT,PLCG2,1,1
ARNT,POLQ,1,1
ARNT,RAPGEF6,1,1
ARNT,RFTN2,1,1
ARNT,SPACA9,1,1
ARNT,STAT5B,1,1
ARNT,STX8,1,1
ARNT,TANK,1,1
ARNT,THRA,1,1
ARNT,TMCC1,1,1
ARNT,TP53I11,1,1
ARNT,UBXN6,1,1
ARNT,ZFAND1,1,1
ARNT,ZNF608,1,1
ARNT,ZSCAN21,1,1
BICC1,BRSK2,1,1
BICC1,IMMT,1,1
BICC1,PYGL,1,1
BICC1,SPG21,1,1
BICC1,YIPF5,1,1
PROCR,AL589743.1,1,1
PROCR,CD44,1,1
PROCR,CLMN,1,1
PROCR,MARC2,1,1
PROCR,PIGU,1,1
PROCR,POP5,1,1
PROCR,RPE,1,1
PROCR,RPL39P5,1,1
PROCR,SCAND1,1,1
PROCR,SIKE1,1,1
OBSL1,DOCK6,1,1
OBSL1,GRK6,1,1
KIAA1549,DMD,1,1
KIAA1549,EPN2,1,1
KIAA1549,FAM110B,1,1
KIAA1549,KDM4B,1,1
KIAA1549,MICB,1,1
KIAA1549,MID2,1,1
KIAA1549,ORAOV1,1,1
KIAA1549,PDE10A,1,1
KIAA1549,PPIL2,1,1
KIAA1549,PSMF1,1,1
KIAA1549,SLC2A10,1,1
KIAA1549,TMEM171,1,1
KIAA1549,TSPAN12,1,1
KIAA1549,ZFPM1,1,1
ZNF333,CAB39,1,1
ZNF333,CLK2,1,1
ZNF333,EML4,1,1
ZNF333,PHC1,1,1
ZNF333,PITPNB,1,1
ZNF333,SNRPD3,1,1
MLH1,XRCC5,1,1
TTK,ARHGAP11A,1,1
TTK,C19ORF48,1,1
TTK,CENPO,1,1
TTK,CENPQ,1,1
TTK,ERCC6L,1,1
TTK,KIF23,1,1
TTK,MCM4,1,1
TTK,MRGBP,1,1
TTK,MTBP,1,1
TTK,MYO19,1,1
TTK,NDUFAB1,1,1
TTK,OIP5,1,1
TTK,OSGIN2,1,1
TTK,PHF19,1,1
TTK,POLQ,1,1
TTK,PRDX3,1,1
TTK,SPDL1,1,1
TTK,SUMO2,1,1
TTK,SUV39H1,1,1
TTK,TMPO,1,1
TTK,ZNF367,1,1
USP22,AKT1,1,1
USP22,BRSK2,1,1
USP22,CCNYL1,1,1
USP22,DOLK,1,1
USP22,DSTN,1,1
USP22,ELOVL4,1,1
USP22,GALC,1,1
USP22,NIF3L1,1,1
USP22,ONECUT2,1,1
USP22,PAX9,1,1
USP22,SCAND1,1,1
USP22,SIKE1,1,1
USP22,TMEM56,1,1
USP22,TPD52,1,1
PLEC,NCL,1,1
THOC3,ACTR3,1,1
THOC3,AZIN1,1,1
THOC3,CENPW,1,1
THOC3,CHAMP1,1,1
THOC3,RNASEH2A,1,1
DNAJC4,ANAPC1,1,1
DNAJC4,ANLN,1,1
DNAJC4,CAND1,1,1
DNAJC4,KPNB1,1,1
DNAJC4,LMBR1L,1,1
DNAJC4,NCAPG2,1,1
DNAJC4,PLK1,1,1
DNAJC4,RAN,1,1
DNAJC4,STK19,1,1
DNAJC4,SUZ12,1,1
DNAJC4,TMEM129,1,1
DNAJC4,TMEM134,1,1
DNAJC4,TYMS,1,1
DNAJC4,WDR62,1,1
IFT140,AC255361.1,1,1
IFT140,AKAP8L,1,1
IFT140,FAM229B,1,1
IFT140,GGPS1,1,1
IFT140,GTF2H4,1,1
IFT140,HSPB2,1,1
IFT140,IFFO1,1,1
IFT140,JADE3,1,1
IFT140,KLC4,1,1
IFT140,MRGBP,1,1
IFT140,MTND4P12,1,1
IFT140,MYO18A,1,1
IFT140,NR1H3,1,1
IFT140,NUPR1,1,1
IFT140,OSGIN2,1,1
IFT140,RFTN2,1,1
IFT140,SLC44A2,1,1
IFT140,SPACA9,1,1
IFT140,TXNDC9,1,1
NUBP1,DYRK4,1,1
NUBP1,GOSR2,1,1
DHRS4,PRKAR2A,1,1
DHRS4,SLC44A2,1,1
A1BG,TMEM143,1,1
SLC25A24,MAT2B,1,1
SLC25A24,MKI67,1,1
SLC25A24,PRKD1,1,1
SEC24A,C2ORF47,1,1
SEC24A,CRIPT,1,1
SEC24A,DSG2,1,1
SEC24A,IMMT,1,1
SEC24A,PYGL,1,1
SEC24A,RIN3,1,1
SEC24A,RPE,1,1
SEC24A,TMED5,1,1
SEC24A,TMEM216,1,1
SEC24A,XRCC4,1,1
SEC24A,YIPF5,1,1
RNGTT,ALMS1,1,1
MAST3,ANGEL1,1,1
MAST3,FLYWCH2,1,1
MAST3,IFFO1,1,1
MAST3,IPO13,1,1
PFN2,ACBD6,1,1
PFN2,APLP2,1,1
PFN2,ATP5I,1,1
PFN2,BMP4,1,1
PFN2,CAMKK2,1,1
PFN2,CCDC125,1,1
PFN2,COPS7A,1,1
PFN2,ELL,1,1
PFN2,EPHX2,1,1
PFN2,EXOSC5,1,1
PFN2,GSTA4,1,1
PFN2,PDE4A,1,1
PFN2,PFKL,1,1
PFN2,PIGC,1,1
PFN2,PLP2,1,1
PFN2,POR,1,1
PFN2,RIOK3,1,1
PFN2,RP11-568K15.1,1,1
PFN2,RRAGA,1,1
PFN2,SEC23B,1,1
PFN2,SGMS2,1,1
PFN2,SH3BP4,1,1
PFN2,SPRYD3,1,1
PFN2,TMEM120A,1,1
PFN2,WDR60,1,1
PFN2,ZNF521,1,1
PFN2,ZNF585A,1,1
TXNDC9,AC255361.1,1,1
TXNDC9,ACBD6,1,1
TXNDC9,ALDH6A1,1,1
TXNDC9,AXIN2,1,1
TXNDC9,BAG2,1,1
TXNDC9,BMP4,1,1
TXNDC9,C19ORF48,1,1
TXNDC9,C7ORF31,1,1
TXNDC9,ETFDH,1,1
TXNDC9,FAM229B,1,1
TXNDC9,FHL1,1,1
TXNDC9,GGPS1,1,1
TXNDC9,GNG7,1,1
TXNDC9,GOLGA2,1,1
TXNDC9,IFFO1,1,1
TXNDC9,JADE3,1,1
TXNDC9,KLHL23,1,1
TXNDC9,KRCC1,1,1
TXNDC9,MAT2B,1,1
TXNDC9,MRGBP,1,1
TXNDC9,MYO19,1,1
TXNDC9,NR1H3,1,1
TXNDC9,NUP62,1,1
TXNDC9,OSGIN2,1,1
TXNDC9,PDAP1,1,1
TXNDC9,PHF5A,1,1
TXNDC9,PLP2,1,1
TXNDC9,PRDX3,1,1
TXNDC9,RAE1,1,1
TXNDC9,RAVER2,1,1
TXNDC9,RFTN2,1,1
TXNDC9,RHBDD2,1,1
TXNDC9,SASS6,1,1
TXNDC9,SLC52A2,1,1
TXNDC9,SP140L,1,1
TXNDC9,SPACA9,1,1
TXNDC9,SPDL1,1,1
TXNDC9,STAT5B,1,1
TXNDC9,TCOF1,1,1
TXNDC9,TMEM120A,1,1
TXNDC9,TRMT6,1,1
TXNDC9,ZNF608,1,1
BOLA1,FAM117A,1,1
BOLA1,LRRC23,1,1
BOLA1,NDRG2,1,1
BOLA1,SLC25A42,1,1
GEMIN8,C1QTNF6,1,1
GEMIN8,CDC42EP5,1,1
GEMIN8,FAM117A,1,1
GEMIN8,GALK1,1,1
GEMIN8,HN1L,1,1
GEMIN8,LRRC23,1,1
GEMIN8,PRKD1,1,1
GEMIN8,SLC25A42,1,1
GEMIN8,UBE2L6,1,1
GEMIN8,YPEL2,1,1
FAM214A,C11ORF49,1,1
FAM214A,COG4,1,1
FAM214A,FBXL20,1,1
FAM214A,FBXO5,1,1
FAM214A,FUS,1,1
FAM214A,HNRNPAB,1,1
FAM214A,LRP10,1,1
FAM214A,NCL,1,1
FAM214A,POLE,1,1
FAM214A,TCP1,1,1
FAM214A,TLCD2,1,1
FAM214A,YPEL5,1,1
CDK12,EIF5B,1,1
CDK12,MKS1,1,1
CDK12,TNPO1,1,1
ITCH,AKIP1,1,1
ITCH,AL589743.1,1,1
ITCH,ANGPTL2,1,1
ITCH,ANXA7,1,1
ITCH,GSE1,1,1
ITCH,HDAC9,1,1
ITCH,HERC2,1,1
ITCH,MARC2,1,1
ITCH,MAZ,1,1
ITCH,OLA1,1,1
ITCH,PAQR4,1,1
ITCH,PSMA1,1,1
ITCH,PTPN13,1,1
ITCH,RAVER2,1,1
ITCH,ROMO1,1,1
ITCH,SCAND1,1,1
ITCH,SGMS2,1,1
ITCH,SLC12A7,1,1
ITCH,SRXN1,1,1
ITCH,THOC5,1,1
ITCH,THRA,1,1
ITCH,ZNF585A,1,1
ZBED4,HAUS1,1,1
ZBED4,TPP2,1,1
ZBED4,USP12,1,1
RNASEH2A,ACP1,1,1
RNASEH2A,ADSL,1,1
RNASEH2A,AZIN1,1,1
RNASEH2A,CCNYL1,1,1
RNASEH2A,CDC45,1,1
RNASEH2A,CNOT9,1,1
RNASEH2A,COPB1,1,1
RNASEH2A,CSE1L,1,1
RNASEH2A,CTNNBL1,1,1
RNASEH2A,DSCC1,1,1
RNASEH2A,DSN1,1,1
RNASEH2A,DSTN,1,1
RNASEH2A,ELOVL4,1,1
RNASEH2A,FKBP1A,1,1
RNASEH2A,GALC,1,1
RNASEH2A,GORASP2,1,1
RNASEH2A,GRK6,1,1
RNASEH2A,IFT46,1,1
RNASEH2A,ME2,1,1
RNASEH2A,MED21,1,1
RNASEH2A,NIF3L1,1,1
RNASEH2A,NRAS,1,1
RNASEH2A,NUB1,1,1
RNASEH2A,PARP1,1,1
RNASEH2A,PAXBP1,1,1
RNASEH2A,PCBP1,1,1
RNASEH2A,RAD21,1,1
RNASEH2A,SNRPA1,1,1
RNASEH2A,SPAG1,1,1
RNASEH2A,THAP5,1,1
RNASEH2A,THOC7,1,1
RNASEH2A,TMEM106C,1,1
RNASEH2A,TPD52,1,1
RNASEH2A,UBE2S,1,1
RNASEH2A,YWHAZ,1,1
RNASEH2A,ZMYM3,1,1
MON2,CDC42EP4,1,1
MON2,ZNF621,1,1
ARHGEF3,CEP126,1,1
ARHGEF3,CNTNAP1,1,1
ARHGEF3,DCAF8,1,1
ARHGEF3,GOLGA2,1,1
ARHGEF3,HDAC5,1,1
ARHGEF3,MTA3,1,1
ARHGEF3,ORMDL1,1,1
ARHGEF3,PPAT,1,1
ARHGEF3,RAPGEF6,1,1
ARHGEF3,RFTN2,1,1
ARHGEF3,SEMA6C,1,1
ARHGEF3,SPSB2,1,1
ARHGEF3,STX8,1,1
ARHGEF3,TMCC1,1,1
ARHGEF3,UBXN6,1,1
UBTD2,BOD1,1,1
UBTD2,HSPB1,1,1
UBTD2,LIN54,1,1
UBTD2,ZBTB21,1,1
TSPAN12,IFT57,1,1
TSPAN12,MORC2,1,1
TSPAN12,NID1,1,1
TSPAN12,OARD1,1,1
TSPAN12,SRC,1,1
TSPAN12,VPS16,1,1
NUP35,ACP1,1,1
NUP35,ADSL,1,1
NUP35,AEN,1,1
NUP35,ARPC2,1,1
NUP35,ASAP1,1,1
NUP35,ATAD2,1,1
NUP35,AZIN1,1,1
NUP35,BLM,1,1
NUP35,C11ORF58,1,1
NUP35,CDCA7,1,1
NUP35,CHRAC1,1,1
NUP35,CNOT9,1,1
NUP35,COPB1,1,1
NUP35,CRAT,1,1
NUP35,CSE1L,1,1
NUP35,CSTF1,1,1
NUP35,CTNNBL1,1,1
NUP35,DCTPP1,1,1
NUP35,DDX27,1,1
NUP35,DHFR,1,1
NUP35,DSCC1,1,1
NUP35,DSTN,1,1
NUP35,E2F8,1,1
NUP35,FASTKD2,1,1
NUP35,FKBP1A,1,1
NUP35,G3BP1,1,1
NUP35,GLMN,1,1
NUP35,HILPDA,1,1
NUP35,HINT1,1,1
NUP35,IMPA1,1,1
NUP35,KBTBD8,1,1
NUP35,KCTD5,1,1
NUP35,MED21,1,1
NUP35,MRPL17,1,1
NUP35,NFYC,1,1
NUP35,NOL9,1,1
NUP35,NOP56,1,1
NUP35,NUB1,1,1
NUP35,NUP98,1,1
NUP35,OLA1,1,1
NUP35,PARP1,1,1
NUP35,PAXBP1,1,1
NUP35,PCBP1,1,1
NUP35,PCNA,1,1
NUP35,POLA1,1,1
NUP35,PPP6R3,1,1
NUP35,PSMA1,1,1
NUP35,RAD21,1,1
NUP35,RBL1,1,1
NUP35,RCHY1,1,1
NUP35,ROCK2,1,1
NUP35,RPUSD1,1,1
NUP35,RRM2,1,1
NUP35,SCO2,1,1
NUP35,SF3B1,1,1
NUP35,SLC25A26,1,1
NUP35,SLC43A3,1,1
NUP35,SPAG1,1,1
NUP35,STAU1,1,1
NUP35,TBKBP1,1,1
NUP35,TMEM106C,1,1
NUP35,TMEM237,1,1
NUP35,TXNRD1,1,1
NUP35,UBE2S,1,1
NUP35,UBIAD1,1,1
NUP35,XPO1,1,1
NUP35,YWHAZ,1,1
NUP35,ZFP36L1,1,1
NUP35,ZMYM3,1,1
ZNF821,ATIC,1,1
ZNF821,DCAF5,1,1
ZNF821,EXD2,1,1
ZNF821,FBXL20,1,1
ZNF821,MARK4,1,1
ZNF821,MEF2D,1,1
ZNF821,SEMA3C,1,1
ZNF821,SSH3,1,1
ZNF821,TNKS,1,1
ZNF821,TP53INP1,1,1
ZNF821,VPS13B,1,1
ZNF821,YPEL5,1,1
CLTCL1,ARHGEF6,1,1
CLTCL1,COPS7A,1,1
CLTCL1,DCP1B,1,1
CLTCL1,DGKQ,1,1
CLTCL1,FAS,1,1
CLTCL1,GSE1,1,1
CLTCL1,HNRNPA3,1,1
CLTCL1,KCNA2,1,1
CLTCL1,MBD5,1,1
CLTCL1,POC1A,1,1
CLTCL1,PRKD1,1,1
CLTCL1,RAVER2,1,1
CLTCL1,SPACA9,1,1
CLTCL1,TBKBP1,1,1
CLTCL1,THTPA,1,1
CLTCL1,TMCC1,1,1
CLTCL1,VASH1,1,1
CLTCL1,WEE1,1,1
U2AF2,ARMC6,1,1
U2AF2,ASAP1,1,1
U2AF2,DCTPP1,1,1
U2AF2,KCTD5,1,1
U2AF2,NUP98,1,1
U2AF2,PPM1M,1,1
U2AF2,RPS19BP1,1,1
U2AF2,SLC50A1,1,1
U2AF2,SNRPD3,1,1
U2AF2,TCP1,1,1
U2AF2,UBIAD1,1,1
U2AF2,XPO6,1,1
CCNF,AURKB,1,1
CCNF,GRK6,1,1
CCNF,HAUS8,1,1
CCNF,KIF22,1,1
CCNF,NCAPH,1,1
DOCK11,CDKL5,1,1
DOCK11,MYO18A,1,1
DOCK11,PLCG2,1,1
DOCK11,TP53I11,1,1
DOCK11,ZNF608,1,1
DOCK11,ZSCAN21,1,1
LIN9,ACP1,1,1
LIN9,ANAPC1,1,1
LIN9,ANLN,1,1
LIN9,BTBD1,1,1
LIN9,CDCA8,1,1
LIN9,CENPQ,1,1
LIN9,CTPS1,1,1
LIN9,EPT1,1,1
LIN9,FAM120C,1,1
LIN9,FASTKD2,1,1
LIN9,HAUS8,1,1
LIN9,KIF23,1,1
LIN9,LRP10,1,1
LIN9,MCM6,1,1
LIN9,MCM7,1,1
LIN9,MRPS35,1,1
LIN9,MTHFD1,1,1
LIN9,NCAPG,1,1
LIN9,NCAPH,1,1
LIN9,OIP5,1,1
LIN9,OLA1,1,1
LIN9,PBK,1,1
LIN9,PHF19,1,1
LIN9,POLE,1,1
LIN9,PRMT3,1,1
LIN9,PSMD1,1,1
LIN9,RAD54L,1,1
LIN9,RANBP1,1,1
LIN9,RRM2,1,1
LIN9,RRNAD1,1,1
LIN9,SGO2,1,1
LIN9,SMC4,1,1
LIN9,SMYD5,1,1
LIN9,SNRPA1,1,1
LIN9,TMEM134,1,1
LIN9,TMPO,1,1
LIN9,UBE2S,1,1
LIN9,WDR12,1,1
LIN9,WDR62,1,1
LIN9,XPO1,1,1
LIN9,ZDHHC1,1,1
LIN9,ZMYM3,1,1
SNRPA1,ACP1,1,1
SNRPA1,ADSL,1,1
SNRPA1,APOBEC3B,1,1
SNRPA1,ASAP1,1,1
SNRPA1,ATIC,1,1
SNRPA1,AURKB,1,1
SNRPA1,BOLA2B,1,1
SNRPA1,C4ORF3,1,1
SNRPA1,CALHM2,1,1
SNRPA1,CBLL1,1,1
SNRPA1,CDC45,1,1
SNRPA1,CDCA8,1,1
SNRPA1,CNOT9,1,1
SNRPA1,COPB1,1,1
SNRPA1,CTNNBL1,1,1
SNRPA1,DBF4,1,1
SNRPA1,DCAF5,1,1
SNRPA1,DDX11,1,1
SNRPA1,DSCC1,1,1
SNRPA1,DSG2,1,1
SNRPA1,DSN1,1,1
SNRPA1,ELOVL4,1,1
SNRPA1,EXD2,1,1
SNRPA1,FASTKD2,1,1
SNRPA1,FBXL20,1,1
SNRPA1,GCFC2,1,1
SNRPA1,GOLGA7,1,1
SNRPA1,GORASP2,1,1
SNRPA1,GPN3,1,1
SNRPA1,GRK6,1,1
SNRPA1,HAUS8,1,1
SNRPA1,HMMR,1,1
SNRPA1,IMMT,1,1
SNRPA1,LRP10,1,1
SNRPA1,MCM5,1,1
SNRPA1,MCM7,1,1
SNRPA1,MOCS2,1,1
SNRPA1,MYO1B,1,1
SNRPA1,NCAPG,1,1
SNRPA1,NCAPG2,1,1
SNRPA1,NCAPH,1,1
SNRPA1,NFYC,1,1
SNRPA1,NRAS,1,1
SNRPA1,NUP98,1,1
SNRPA1,OLA1,1,1
SNRPA1,PARP1,1,1
SNRPA1,PCBP1,1,1
SNRPA1,PPM1M,1,1
SNRPA1,PRELID3B,1,1
SNRPA1,PRMT3,1,1
SNRPA1,PSMD1,1,1
SNRPA1,RAD21,1,1
SNRPA1,RAD54L,1,1
SNRPA1,RAN,1,1
SNRPA1,RANBP1,1,1
SNRPA1,RBL1,1,1
SNRPA1,RRM2,1,1
SNRPA1,SEMA3C,1,1
SNRPA1,SFXN1,1,1
SNRPA1,SGO2,1,1
SNRPA1,SH3D19,1,1
SNRPA1,SMYD5,1,1
SNRPA1,SNRPD3,1,1
SNRPA1,SPAG1,1,1
SNRPA1,THOC7,1,1
SNRPA1,TMED5,1,1
SNRPA1,TMEM106C,1,1
SNRPA1,TNKS,1,1
SNRPA1,UBE2S,1,1
SNRPA1,WDR12,1,1
SNRPA1,XPO1,1,1
SNRPA1,ZMYM3,1,1
TSPYL2,BTBD1,1,1
UBA52,AXIN2,1,1
UBA52,EPHX2,1,1
UBA52,ERN 1.00,1,1
UBA52,EXOSC5,1,1
UBA52,PCDHGC3,1,1
UBA52,PFKL,1,1
UBA52,RRAGA,1,1
UBA52,SLC2A13,1,1
UBA52,SUMO1,1,1
UBA52,WDR60,1,1
TCIRG1,CEP112,1,1
TCIRG1,ITM2A,1,1
TCIRG1,NLRP1,1,1
TCIRG1,PPIL2,1,1
TCIRG1,PPP1R35,1,1
TCIRG1,ROBO2,1,1
TCIRG1,RP11-568K15.1,1,1
TCIRG1,SLC2A10,1,1
TCIRG1,SYTL2,1,1
TCIRG1,TAF10,1,1
TCIRG1,TES,1,1
TCIRG1,ZNF558,1,1
ACBD6,ARMCX3,1,1
ACBD6,AXIN2,1,1
ACBD6,BID,1,1
ACBD6,BMP4,1,1
ACBD6,BUB3,1,1
ACBD6,C7ORF31,1,1
ACBD6,CAMKK2,1,1
ACBD6,CCDC125,1,1
ACBD6,COPS7A,1,1
ACBD6,ELL,1,1
ACBD6,ELOVL7,1,1
ACBD6,EPHX2,1,1
ACBD6,ETFDH,1,1
ACBD6,EXOSC5,1,1
ACBD6,FAF1,1,1
ACBD6,FAM120B,1,1
ACBD6,FHL1,1,1
ACBD6,GNG7,1,1
ACBD6,GSTA4,1,1
ACBD6,GTF2H4,1,1
ACBD6,HPSE,1,1
ACBD6,IFFO1,1,1
ACBD6,IPO13,1,1
ACBD6,KLHL23,1,1
ACBD6,KRCC1,1,1
ACBD6,LSAMP,1,1
ACBD6,MAT2B,1,1
ACBD6,METTL2B,1,1
ACBD6,MYBL1,1,1
ACBD6,NCBP2,1,1
ACBD6,PDAP1,1,1
ACBD6,PDE4A,1,1
ACBD6,PFKL,1,1
ACBD6,PIGC,1,1
ACBD6,PLP2,1,1
ACBD6,RAE1,1,1
ACBD6,RAVER2,1,1
ACBD6,RHBDD2,1,1
ACBD6,RIOK3,1,1
ACBD6,RRAGA,1,1
ACBD6,SASS6,1,1
ACBD6,SEC23B,1,1
ACBD6,SGMS2,1,1
ACBD6,SH3BP4,1,1
ACBD6,SLC52A2,1,1
ACBD6,SP140L,1,1
ACBD6,SPACA9,1,1
ACBD6,SPCS3,1,1
ACBD6,STAT5B,1,1
ACBD6,SUMO1,1,1
ACBD6,TMEM120A,1,1
ACBD6,TRMT6,1,1
ACBD6,WDR60,1,1
ACBD6,YWHAQ,1,1
ACBD6,ZNF585A,1,1
ACBD6,ZSCAN21,1,1
USP12,ABHD15,1,1
USP12,CDIPT,1,1
USP12,HIP1,1,1
USP12,ISYNA1,1,1
USP12,MAGI2,1,1
USP12,OGDH,1,1
USP12,PLEKHH2,1,1
USP12,PLPPR2,1,1
USP12,RARG,1,1
USP12,SERINC2,1,1
USP12,SLC25A39,1,1
USP12,SRSF11,1,1
USP12,SSX2IP,1,1
USP12,SWI5,1,1
USP12,TBX2,1,1
USP12,TIAL1,1,1
USP12,TPP2,1,1
USP12,TYRO3,1,1
USP12,UGCG,1,1
USP12,VWA5A,1,1
USP12,YPEL2,1,1
PHF19,ACP1,1,1
PHF19,ANAPC1,1,1
PHF19,ANLN,1,1
PHF19,BTBD1,1,1
PHF19,CDCA8,1,1
PHF19,CENPO,1,1
PHF19,CENPQ,1,1
PHF19,CEP126,1,1
PHF19,CTPS1,1,1
PHF19,DCAF8,1,1
PHF19,EPT1,1,1
PHF19,ERCC6L,1,1
PHF19,EWSR1,1,1
PHF19,FASTKD2,1,1
PHF19,HNRNPAB,1,1
PHF19,KIF23,1,1
PHF19,KLC4,1,1
PHF19,LRP10,1,1
PHF19,MCM4,1,1
PHF19,MCM6,1,1
PHF19,MCM7,1,1
PHF19,MRPS35,1,1
PHF19,MTHFD1,1,1
PHF19,NCAPG,1,1
PHF19,NCAPH,1,1
PHF19,NHP2,1,1
PHF19,OLA1,1,1
PHF19,PFDN4,1,1
PHF19,POLA1,1,1
PHF19,POLE,1,1
PHF19,PRDX3,1,1
PHF19,PRMT3,1,1
PHF19,PSMD1,1,1
PHF19,RANBP1,1,1
PHF19,RAPGEF6,1,1
PHF19,RRM2,1,1
PHF19,RRNAD1,1,1
PHF19,SGO2,1,1
PHF19,SMC4,1,1
PHF19,SMYD5,1,1
PHF19,TMPO,1,1
PHF19,UBE2S,1,1
PHF19,UBXN6,1,1
PHF19,WDR12,1,1
PHF19,WDR62,1,1
PHF19,XPO1,1,1
NDUFAB1,CENPQ,1,1
NDUFAB1,E2F1,1,1
NDUFAB1,HAUS8,1,1
NDUFAB1,HELLS,1,1
NDUFAB1,ITPKC,1,1
NDUFAB1,MCM7,1,1
NDUFAB1,MTBP,1,1
NDUFAB1,MYO19,1,1
NDUFAB1,NHP2,1,1
NDUFAB1,PAQR4,1,1
NDUFAB1,POLQ,1,1
NDUFAB1,PRDX3,1,1
NDUFAB1,SPDL1,1,1
NDUFAB1,SUV39H1,1,1
UBE4A,ROMO1,1,1
OSGIN2,ARHGAP11A,1,1
OSGIN2,ERCC6L,1,1
OSGIN2,KLC4,1,1
OSGIN2,MRGBP,1,1
OSGIN2,PFDN4,1,1
OSGIN2,PRDX3,1,1
OSGIN2,PRKAR2A,1,1
OSGIN2,SLC44A2,1,1
OSGIN2,SMC4,1,1
OSGIN2,SUMO2,1,1
OSGIN2,ZFAND1,1,1
OSGIN2,ZNF367,1,1
CCNH,ARPC2,1,1
CCNH,FKBP1A,1,1
CCNH,HINT1,1,1
CCNH,NUB1,1,1
CCNH,RNF182,1,1
CCNH,SLC25A26,1,1
ANAPC1,ANLN,1,1
ANAPC1,CAB39,1,1
ANAPC1,CDCA8,1,1
ANAPC1,CENPQ,1,1
ANAPC1,CTPS1,1,1
ANAPC1,EPT1,1,1
ANAPC1,GCFC2,1,1
ANAPC1,GPN3,1,1
ANAPC1,HNRNPAB,1,1
ANAPC1,KIF23,1,1
ANAPC1,KLC4,1,1
ANAPC1,KPNB1,1,1
ANAPC1,LINC01420,1,1
ANAPC1,LMBR1L,1,1
ANAPC1,LRP10,1,1
ANAPC1,MCM6,1,1
ANAPC1,MCM7,1,1
ANAPC1,MRPS35,1,1
ANAPC1,NCAPG,1,1
ANAPC1,NCAPH,1,1
ANAPC1,NCL,1,1
ANAPC1,PDCL3,1,1
ANAPC1,PFDN4,1,1
ANAPC1,PLK1,1,1
ANAPC1,POLE,1,1
ANAPC1,PPTC7,1,1
ANAPC1,PRMT3,1,1
ANAPC1,PSMD1,1,1
ANAPC1,RAN,1,1
ANAPC1,RANBP1,1,1
ANAPC1,RRNAD1,1,1
ANAPC1,SFXN1,1,1
ANAPC1,SGO2,1,1
ANAPC1,SNRPD3,1,1
ANAPC1,STK19,1,1
ANAPC1,TAF1B,1,1
ANAPC1,TMEM134,1,1
ANAPC1,TMPO,1,1
ANAPC1,UBXN6,1,1
ANAPC1,UTP20,1,1
ANAPC1,WDR12,1,1
ANAPC1,WDR62,1,1
ANAPC1,XPO1,1,1
TMEM65,ODF2L,1,1
TMEM65,RNF182,1,1
TMEM65,SERF1B,1,1
HNRNPAB,C11ORF49,1,1
HNRNPAB,CENPQ,1,1
HNRNPAB,COG4,1,1
HNRNPAB,CTPS1,1,1
HNRNPAB,EPT1,1,1
HNRNPAB,ERCC6L,1,1
HNRNPAB,FUS,1,1
HNRNPAB,KIF23,1,1
HNRNPAB,KPNB1,1,1
HNRNPAB,LRP10,1,1
HNRNPAB,MCM6,1,1
HNRNPAB,MRPS35,1,1
HNRNPAB,MTHFD1,1,1
HNRNPAB,NCAPG,1,1
HNRNPAB,NCAPH,1,1
HNRNPAB,NCL,1,1
HNRNPAB,POLE,1,1
HNRNPAB,PRMT3,1,1
HNRNPAB,PSMD1,1,1
HNRNPAB,RANBP1,1,1
HNRNPAB,RRNAD1,1,1
HNRNPAB,SGO2,1,1
HNRNPAB,SMYD5,1,1
HNRNPAB,TCP1,1,1
HNRNPAB,TEP1,1,1
HNRNPAB,TMPO,1,1
HNRNPAB,UBXN6,1,1
HNRNPAB,WDR12,1,1
HNRNPAB,WDR62,1,1
HNRNPAB,XPO1,1,1
SLC9B2,AKT1,1,1
SLC9B2,ALG10B,1,1
SLC9B2,CRIPT,1,1
SLC9B2,EI24,1,1
SLC9B2,POP5,1,1
ORMDL1,CEP126,1,1
ORMDL1,HDAC5,1,1
ORMDL1,MTA3,1,1
ORMDL1,PLPP6,1,1
ORMDL1,SPSB2,1,1
ORMDL1,STX8,1,1
ORMDL1,TANK,1,1
ORMDL1,UBXN6,1,1
ZNF277,EHHADH,1,1
ZNF277,FAM117A,1,1
ZNF277,LRRC23,1,1
ZNF277,NDRG2,1,1
ZNF277,TATDN3,1,1
ZNF277,TMEM8B,1,1
PSMD1,ACP1,1,1
PSMD1,ANLN,1,1
PSMD1,ASAP1,1,1
PSMD1,CDCA8,1,1
PSMD1,CENPQ,1,1
PSMD1,CTPS1,1,1
PSMD1,EPT1,1,1
PSMD1,FASTKD2,1,1
PSMD1,GCFC2,1,1
PSMD1,GOSR2,1,1
PSMD1,KPNB1,1,1
PSMD1,LINC01420,1,1
PSMD1,LRP10,1,1
PSMD1,MCM6,1,1
PSMD1,MCM7,1,1
PSMD1,MOCS2,1,1
PSMD1,MRPS35,1,1
PSMD1,MTHFD1,1,1
PSMD1,NCAPG,1,1
PSMD1,NCAPH,1,1
PSMD1,PDCL3,1,1
PSMD1,PFDN4,1,1
PSMD1,POLE,1,1
PSMD1,PPM1M,1,1
PSMD1,PRMT3,1,1
PSMD1,RAD54L,1,1
PSMD1,RAN,1,1
PSMD1,RANBP1,1,1
PSMD1,RRM2,1,1
PSMD1,RRNAD1,1,1
PSMD1,SGO2,1,1
PSMD1,SMYD5,1,1
PSMD1,SNRPD3,1,1
PSMD1,TAF1B,1,1
PSMD1,TMEM134,1,1
PSMD1,TMPO,1,1
PSMD1,UBE2S,1,1
PSMD1,WDR12,1,1
PSMD1,WDR62,1,1
PSMD1,XPO1,1,1
PSMD1,ZDHHC1,1,1
TSR2,POLD4,1,1
SLC39A8,ARHGEF6,1,1
SLC39A8,CENPV,1,1
SLC39A8,CORO1C,1,1
SLC39A8,DCK,1,1
SLC39A8,EPN2,1,1
SLC39A8,FAS,1,1
SLC39A8,HNRNPA3,1,1
SLC39A8,POC1A,1,1
SLC39A8,RTKN2,1,1
SLC39A8,SERINC2,1,1
JADE3,FHL1,1,1
JADE3,IFFO1,1,1
JADE3,KLHL23,1,1
JADE3,LSAMP,1,1
JADE3,NUPR1,1,1
JADE3,PAQR4,1,1
JADE3,RAVER2,1,1
JADE3,RHBDD2,1,1
JADE3,RPRD1B,1,1
JADE3,SLC44A2,1,1
MRPS35,CAB39,1,1
MRPS35,CENPQ,1,1
MRPS35,CTPS1,1,1
MRPS35,DCAF8,1,1
MRPS35,EPT1,1,1
MRPS35,KIF23,1,1
MRPS35,KLC4,1,1
MRPS35,LRP10,1,1
MRPS35,MCM6,1,1
MRPS35,MRGBP,1,1
MRPS35,NCAPG,1,1
MRPS35,PDCL3,1,1
MRPS35,POLE,1,1
MRPS35,PPTC7,1,1
MRPS35,PRMT3,1,1
MRPS35,RANBP1,1,1
MRPS35,RAPGEF6,1,1
MRPS35,RRNAD1,1,1
MRPS35,TMPO,1,1
MRPS35,UBXN6,1,1
MRPS35,WDR12,1,1
GZF1,CLIP4,1,1
GZF1,LPAR3,1,1
GZF1,NARS,1,1
GZF1,ODF2L,1,1
GZF1,RNF182,1,1
GZF1,SLC37A2,1,1
TMEM33,MRPS30,1,1
TMEM33,NCL,1,1
TMEM33,RAN,1,1
TMEM33,SSB,1,1
TMEM33,TP53INP1,1,1
TMEM33,UTP20,1,1
TMEM33,WDR3,1,1
CYP20A1,PUM2,1,1
CYP20A1,SLC25A42,1,1
CYP20A1,UBE2L6,1,1
DAB2IP,AKR1A1,1,1
DAB2IP,GTF2I,1,1
DAB2IP,MZT2A,1,1
DAB2IP,UROD,1,1
FKBP1A,ACTR3,1,1
FKBP1A,ADSL,1,1
FKBP1A,AEN,1,1
FKBP1A,ALG10,1,1
FKBP1A,ANXA7,1,1
FKBP1A,ARPC2,1,1
FKBP1A,AZIN1,1,1
FKBP1A,C11ORF58,1,1
FKBP1A,CCNYL1,1,1
FKBP1A,CNOT9,1,1
FKBP1A,COPB1,1,1
FKBP1A,CRAT,1,1
FKBP1A,CSE1L,1,1
FKBP1A,CSTF1,1,1
FKBP1A,CTNNBL1,1,1
FKBP1A,DDX27,1,1
FKBP1A,DSCC1,1,1
FKBP1A,DSTN,1,1
FKBP1A,E2F8,1,1
FKBP1A,ELOVL4,1,1
FKBP1A,G3BP1,1,1
FKBP1A,GLMN,1,1
FKBP1A,GORASP2,1,1
FKBP1A,HINT1,1,1
FKBP1A,IFT46,1,1
FKBP1A,IMPA1,1,1
FKBP1A,MED21,1,1
FKBP1A,MRPL17,1,1
FKBP1A,NFYC,1,1
FKBP1A,NIF3L1,1,1
FKBP1A,NOL9,1,1
FKBP1A,NUB1,1,1
FKBP1A,NUP98,1,1
FKBP1A,ODF2L,1,1
FKBP1A,PARP1,1,1
FKBP1A,PAXBP1,1,1
FKBP1A,PPP6R3,1,1
FKBP1A,RAD21,1,1
FKBP1A,RCHY1,1,1
FKBP1A,RNF182,1,1
FKBP1A,SCO2,1,1
FKBP1A,SLC25A26,1,1
FKBP1A,SLC43A3,1,1
FKBP1A,SPAG1,1,1
FKBP1A,STAU1,1,1
FKBP1A,TMEM106C,1,1
FKBP1A,TPD52,1,1
FKBP1A,TXNRD1,1,1
FKBP1A,YWHAZ,1,1
FKBP1A,ZFP36L1,1,1
FKBP1A,ZNF329,1,1
YWHAZ,ACTR3,1,1
YWHAZ,ADSL,1,1
YWHAZ,ARPC2,1,1
YWHAZ,AZIN1,1,1
YWHAZ,C11ORF58,1,1
YWHAZ,CNOT9,1,1
YWHAZ,COPB1,1,1
YWHAZ,CRAT,1,1
YWHAZ,CSE1L,1,1
YWHAZ,DDX27,1,1
YWHAZ,DPY30,1,1
YWHAZ,DSCC1,1,1
YWHAZ,DSTN,1,1
YWHAZ,G3BP1,1,1
YWHAZ,GLMN,1,1
YWHAZ,HINT1,1,1
YWHAZ,IFT46,1,1
YWHAZ,MRPL17,1,1
YWHAZ,NIF3L1,1,1
YWHAZ,NUB1,1,1
YWHAZ,PPP6R3,1,1
YWHAZ,RAD21,1,1
YWHAZ,RCHY1,1,1
YWHAZ,SLC43A3,1,1
YWHAZ,SPAG1,1,1
YWHAZ,STAU1,1,1
YWHAZ,SUOX,1,1
YWHAZ,TMEM106C,1,1
YWHAZ,ZFP36L1,1,1
ATP8B2,ABHD15,1,1
ATP8B2,FAM110B,1,1
ATP8B2,ORAOV1,1,1
ATP8B2,PDE10A,1,1
ATP8B2,RARG,1,1
ATP8B2,RBM43,1,1
ATP8B2,SLC48A1,1,1
ATP8B2,SRSF11,1,1
ATP8B2,TIAL1,1,1
SMARCC2,GRK6,1,1
C7ORF31,ANGEL1,1,1
C7ORF31,ARMCX3,1,1
C7ORF31,AXIN2,1,1
C7ORF31,BBS9,1,1
C7ORF31,BUB3,1,1
C7ORF31,CAMKK2,1,1
C7ORF31,EPHX2,1,1
C7ORF31,ETFDH,1,1
C7ORF31,EXOSC5,1,1
C7ORF31,FAM120B,1,1
C7ORF31,FLYWCH2,1,1
C7ORF31,GNG7,1,1
C7ORF31,IPO13,1,1
C7ORF31,KLHL23,1,1
C7ORF31,NBR1,1,1
C7ORF31,NCBP2,1,1
C7ORF31,PDAP1,1,1
C7ORF31,PFKL,1,1
C7ORF31,PLCG2,1,1
C7ORF31,PLP2,1,1
C7ORF31,RHBDD2,1,1
C7ORF31,RRAGA,1,1
C7ORF31,SEC23B,1,1
C7ORF31,SLC52A2,1,1
C7ORF31,SPACA9,1,1
C7ORF31,SPCS3,1,1
C7ORF31,STAT5B,1,1
C7ORF31,SUMO1,1,1
C7ORF31,TCEAL4,1,1
C7ORF31,TMEM120A,1,1
C7ORF31,WDR60,1,1
C7ORF31,YWHAQ,1,1
C7ORF31,ZNF608,1,1
C7ORF31,ZSCAN21,1,1
DSCC1,ACP1,1,1
DSCC1,ADSL,1,1
DSCC1,AEN,1,1
DSCC1,ARMC6,1,1
DSCC1,ARPC2,1,1
DSCC1,ASAP1,1,1
DSCC1,ATAD2,1,1
DSCC1,AZIN1,1,1
DSCC1,BLM,1,1
DSCC1,CDC45,1,1
DSCC1,CDCA7,1,1
DSCC1,CNOT9,1,1
DSCC1,COPB1,1,1
DSCC1,CRAT,1,1
DSCC1,CSE1L,1,1
DSCC1,CTNNBL1,1,1
DSCC1,DCLRE1B,1,1
DSCC1,DCTPP1,1,1
DSCC1,DDX11,1,1
DSCC1,DDX27,1,1
DSCC1,E2F8,1,1
DSCC1,ELOVL4,1,1
DSCC1,FASTKD2,1,1
DSCC1,G3BP1,1,1
DSCC1,GLMN,1,1
DSCC1,GORASP2,1,1
DSCC1,HAUS8,1,1
DSCC1,HILPDA,1,1
DSCC1,IFT46,1,1
DSCC1,IMPA1,1,1
DSCC1,KBTBD8,1,1
DSCC1,KCTD5,1,1
DSCC1,MCM7,1,1
DSCC1,MED21,1,1
DSCC1,MRPL17,1,1
DSCC1,MYO1B,1,1
DSCC1,NFYC,1,1
DSCC1,NIF3L1,1,1
DSCC1,NOL9,1,1
DSCC1,NOP56,1,1
DSCC1,NRAS,1,1
DSCC1,NUP98,1,1
DSCC1,OLA1,1,1
DSCC1,PARP1,1,1
DSCC1,PAXBP1,1,1
DSCC1,PCBP1,1,1
DSCC1,PHC1,1,1
DSCC1,POLA1,1,1
DSCC1,PPM1M,1,1
DSCC1,PPP6R3,1,1
DSCC1,PSMA1,1,1
DSCC1,RAD21,1,1
DSCC1,RBL1,1,1
DSCC1,RBM15,1,1
DSCC1,RRM2,1,1
DSCC1,SCLY,1,1
DSCC1,SGO2,1,1
DSCC1,SLC43A3,1,1
DSCC1,SNRPD3,1,1
DSCC1,SPAG1,1,1
DSCC1,THOC7,1,1
DSCC1,TMEM106C,1,1
DSCC1,TMEM237,1,1
DSCC1,TPD52,1,1
DSCC1,TXNRD1,1,1
DSCC1,UBE2S,1,1
DSCC1,UBIAD1,1,1
DSCC1,XPO1,1,1
DSCC1,ZDHHC1,1,1
DSCC1,ZMYM3,1,1
TMCC1,ANGPTL2,1,1
TMCC1,APPBP2,1,1
TMCC1,ARMCX3,1,1
TMCC1,BAG2,1,1
TMCC1,BMP4,1,1
TMCC1,CEP126,1,1
TMCC1,CHRAC1,1,1
TMCC1,CNTNAP1,1,1
TMCC1,DCP1B,1,1
TMCC1,FAM229B,1,1
TMCC1,FASTKD2,1,1
TMCC1,GOLGA2,1,1
TMCC1,GSE1,1,1
TMCC1,HELLS,1,1
TMCC1,MARC2,1,1
TMCC1,MCM7,1,1
TMCC1,MTND4P12,1,1
TMCC1,MYO18A,1,1
TMCC1,NHP2,1,1
TMCC1,NR1H3,1,1
TMCC1,OLA1,1,1
TMCC1,PAQR4,1,1
TMCC1,PLP2,1,1
TMCC1,POLQ,1,1
TMCC1,PRDX3,1,1
TMCC1,PSMA1,1,1
TMCC1,RAPGEF6,1,1
TMCC1,RAVER2,1,1
TMCC1,RFTN2,1,1
TMCC1,SMC4,1,1
TMCC1,SP140L,1,1
TMCC1,SPACA9,1,1
TMCC1,SPSB2,1,1
TMCC1,SRXN1,1,1
TMCC1,STAT5B,1,1
TMCC1,TANK,1,1
TMCC1,TBKBP1,1,1
TMCC1,TCOF1,1,1
TMCC1,THRA,1,1
TMCC1,TP53I11,1,1
TMCC1,UBXN6,1,1
TMCC1,ZFAND1,1,1
NCAPH,ACP1,1,1
NCAPH,ADSL,1,1
NCAPH,ANLN,1,1
NCAPH,AURKB,1,1
NCAPH,C11ORF49,1,1
NCAPH,CAB39,1,1
NCAPH,CDC45,1,1
NCAPH,CDCA8,1,1
NCAPH,DBF4,1,1
NCAPH,DCAF5,1,1
NCAPH,EML4,1,1
NCAPH,EPT1,1,1
NCAPH,GPN3,1,1
NCAPH,GRK6,1,1
NCAPH,HAUS8,1,1
NCAPH,HMMR,1,1
NCAPH,KPNB1,1,1
NCAPH,LRP10,1,1
NCAPH,MCM5,1,1
NCAPH,MCM6,1,1
NCAPH,MCM7,1,1
NCAPH,MOCS2,1,1
NCAPH,MTHFD1,1,1
NCAPH,NCAPG,1,1
NCAPH,NCAPG2,1,1
NCAPH,PBK,1,1
NCAPH,PHC1,1,1
NCAPH,PLK1,1,1
NCAPH,POLE,1,1
NCAPH,PPM1M,1,1
NCAPH,PRMT3,1,1
NCAPH,RAD54L,1,1
NCAPH,RAN,1,1
NCAPH,RANBP1,1,1
NCAPH,SGO2,1,1
NCAPH,SNRPD3,1,1
NCAPH,STK19,1,1
NCAPH,SUZ12,1,1
NCAPH,TMEM134,1,1
NCAPH,TMPO,1,1
NCAPH,UBE2S,1,1
NCAPH,WDR12,1,1
NCAPH,WDR62,1,1
NCAPH,XPO1,1,1
NCAPH,ZMYM3,1,1
TDRKH,KAZALD1,1,1
TDRKH,TMEM56,1,1
SAMD4A,NCKAP5,1,1
POLR2L,FAM8A1,1,1
POLR2L,TIAL1,1,1
SLC12A7,AKIP1,1,1
SLC12A7,AL589743.1,1,1
SLC12A7,ANGPTL2,1,1
SLC12A7,BMP4,1,1
SLC12A7,CCDC125,1,1
SLC12A7,CDON,1,1
SLC12A7,GSE1,1,1
SLC12A7,HDAC9,1,1
SLC12A7,HERC2,1,1
SLC12A7,LSAMP,1,1
SLC12A7,MARC2,1,1
SLC12A7,MAZ,1,1
SLC12A7,PAQR4,1,1
SLC12A7,PDE4A,1,1
SLC12A7,PSMA1,1,1
SLC12A7,PTPN13,1,1
SLC12A7,RAVER2,1,1
SLC12A7,RHBDD2,1,1
SLC12A7,ROMO1,1,1
SLC12A7,SEC23B,1,1
SLC12A7,SGMS2,1,1
SLC12A7,SMAP1,1,1
SLC12A7,SRXN1,1,1
SLC12A7,THOC5,1,1
SLC12A7,THRA,1,1
SLC12A7,WDR60,1,1
SLC12A7,ZFAND1,1,1
SLC12A7,ZNF585A,1,1
ARHGEF40,ANXA7,1,1
ARHGEF40,CD47,1,1
ARHGEF40,DDX27,1,1
ARHGEF40,KBTBD8,1,1
ARHGEF40,LPAR3,1,1
ARHGEF40,MCM8,1,1
ARHGEF40,ODF2L,1,1
ARHGEF40,RCHY1,1,1
ARHGEF40,SF3B1,1,1
ARHGEF40,TBCB,1,1
ARHGEF40,WRAP73,1,1
ANGPTL2,AL589743.1,1,1
ANGPTL2,ANXA7,1,1
ANGPTL2,APPBP2,1,1
ANGPTL2,ATP10D,1,1
ANGPTL2,CEP126,1,1
ANGPTL2,COX7A2L,1,1
ANGPTL2,CPSF4,1,1
ANGPTL2,DIXDC1,1,1
ANGPTL2,GALC,1,1
ANGPTL2,GSE1,1,1
ANGPTL2,HELLS,1,1
ANGPTL2,HERC2,1,1
ANGPTL2,KBTBD8,1,1
ANGPTL2,MARC2,1,1
ANGPTL2,MAZ,1,1
ANGPTL2,MRAS,1,1
ANGPTL2,NCOA3,1,1
ANGPTL2,OLA1,1,1
ANGPTL2,PAQR4,1,1
ANGPTL2,POLQ,1,1
ANGPTL2,POR,1,1
ANGPTL2,PSMA1,1,1
ANGPTL2,PTPN13,1,1
ANGPTL2,RAVER2,1,1
ANGPTL2,ROMO1,1,1
ANGPTL2,SCAND1,1,1
ANGPTL2,SRXN1,1,1
ANGPTL2,TANK,1,1
ANGPTL2,TBC1D5,1,1
ANGPTL2,THRA,1,1
ANGPTL2,TMEM237,1,1
ANGPTL2,WRAP73,1,1
ANGPTL2,ZNF585A,1,1
ANGPTL2,ZNF616,1,1
ANGPTL2,ZNF687,1,1
RNF182,ARPC2,1,1
RNF182,C11ORF58,1,1
RNF182,MRPL17,1,1
RNF182,ODF2L,1,1
RNF182,RCHY1,1,1
RNF182,SLC25A26,1,1
RNF182,STAU1,1,1
ZDHHC18,ALDOC,1,1
ZDHHC18,BOD1,1,1
ZDHHC18,GALK2,1,1
ZDHHC18,HSPB1,1,1
ZDHHC18,NAIP,1,1
ZDHHC18,NID1,1,1
ZDHHC18,PSMF1,1,1
ZDHHC18,SLC48A1,1,1
AZIN1,ACTR3,1,1
AZIN1,ADSL,1,1
AZIN1,ALG10,1,1
AZIN1,ARPC2,1,1
AZIN1,BLM,1,1
AZIN1,CCNYL1,1,1
AZIN1,CHAMP1,1,1
AZIN1,CNOT9,1,1
AZIN1,COPB1,1,1
AZIN1,CRAT,1,1
AZIN1,CSE1L,1,1
AZIN1,DCLRE1B,1,1
AZIN1,DSTN,1,1
AZIN1,E2F8,1,1
AZIN1,G3BP1,1,1
AZIN1,GLMN,1,1
AZIN1,HINT1,1,1
AZIN1,IFT46,1,1
AZIN1,IMPA1,1,1
AZIN1,ME2,1,1
AZIN1,MED21,1,1
AZIN1,MRPL17,1,1
AZIN1,MYO1B,1,1
AZIN1,NIF3L1,1,1
AZIN1,NOL9,1,1
AZIN1,NRAS,1,1
AZIN1,NUB1,1,1
AZIN1,NUP98,1,1
AZIN1,PAXBP1,1,1
AZIN1,PHC1,1,1
AZIN1,PPP6R3,1,1
AZIN1,RAD21,1,1
AZIN1,RBL1,1,1
AZIN1,RCHY1,1,1
AZIN1,SPAG1,1,1
AZIN1,STAU1,1,1
AZIN1,SUOX,1,1
AZIN1,THAP5,1,1
AZIN1,TMEM106C,1,1
AZIN1,TPD52,1,1
AZIN1,UBIAD1,1,1
AZIN1,ZMYM3,1,1
FLYWCH2,ANGEL1,1,1
FLYWCH2,AXIN2,1,1
FLYWCH2,BBS9,1,1
FLYWCH2,BUB3,1,1
FLYWCH2,CEP19,1,1
FLYWCH2,EPHX2,1,1
FLYWCH2,GSTA4,1,1
FLYWCH2,IPO13,1,1
FLYWCH2,MAT2B,1,1
FLYWCH2,NBR1,1,1
FLYWCH2,PLP2,1,1
FLYWCH2,SESN3,1,1
FLYWCH2,SNRPB,1,1
FLYWCH2,SPCS3,1,1
FLYWCH2,SUV39H2,1,1
FLYWCH2,TMEM120A,1,1
ZFPM1,ABHD15,1,1
ZFPM1,EPN2,1,1
ZFPM1,KDM4B,1,1
ZFPM1,ORAOV1,1,1
ZFPM1,PDE10A,1,1
ZFPM1,PPIL2,1,1
ZFPM1,RNF187,1,1
BAG2,ACTR5,1,1
BAG2,ALDH6A1,1,1
BAG2,APPBP2,1,1
BAG2,ARMCX3,1,1
BAG2,BID,1,1
BAG2,BMP4,1,1
BAG2,C19ORF48,1,1
BAG2,CENPQ,1,1
BAG2,CEP126,1,1
BAG2,E2F1,1,1
BAG2,ETFDH,1,1
BAG2,EXOSC5,1,1
BAG2,FAM229B,1,1
BAG2,GNG7,1,1
BAG2,GOLGA2,1,1
BAG2,HELLS,1,1
BAG2,HERC2,1,1
BAG2,ITPKC,1,1
BAG2,KLHL23,1,1
BAG2,KRCC1,1,1
BAG2,MCM7,1,1
BAG2,MRAS,1,1
BAG2,MRGBP,1,1
BAG2,MTBP,1,1
BAG2,MYO19,1,1
BAG2,NHP2,1,1
BAG2,NUP62,1,1
BAG2,PAQR4,1,1
BAG2,PDAP1,1,1
BAG2,PHF5A,1,1
BAG2,PLCG2,1,1
BAG2,PLP2,1,1
BAG2,POLQ,1,1
BAG2,PPAT,1,1
BAG2,PRDX3,1,1
BAG2,RAE1,1,1
BAG2,RAVER2,1,1
BAG2,RFTN2,1,1
BAG2,RHBDD2,1,1
BAG2,RPRD1B,1,1
BAG2,SIAE,1,1
BAG2,SP140L,1,1
BAG2,SPACA9,1,1
BAG2,SPDL1,1,1
BAG2,SRXN1,1,1
BAG2,STAT5B,1,1
BAG2,STX8,1,1
BAG2,TANK,1,1
BAG2,TBC1D5,1,1
BAG2,TBKBP1,1,1
BAG2,TCOF1,1,1
BAG2,THRA,1,1
BAG2,TMEM120A,1,1
BAG2,TP53I11,1,1
BAG2,TRMT6,1,1
BAG2,UBXN6,1,1
BAG2,ZCCHC24,1,1
BAG2,ZNF608,1,1
BAG2,ZNF616,1,1
ETFDH,ALDH6A1,1,1
ETFDH,ARMCX3,1,1
ETFDH,AXIN2,1,1
ETFDH,BMP4,1,1
ETFDH,CAMKK2,1,1
ETFDH,EXOSC5,1,1
ETFDH,FAM229B,1,1
ETFDH,GNG7,1,1
ETFDH,HERC2,1,1
ETFDH,KLHL23,1,1
ETFDH,NR1H3,1,1
ETFDH,PLCG2,1,1
ETFDH,PLP2,1,1
ETFDH,PRUNE1,1,1
ETFDH,RFTN2,1,1
ETFDH,SLC52A2,1,1
ETFDH,SPACA9,1,1
ETFDH,STAT5B,1,1
ETFDH,STX8,1,1
ETFDH,TBC1D5,1,1
ETFDH,THRA,1,1
ETFDH,TMEM120A,1,1
ETFDH,TP53I11,1,1
ETFDH,USP30,1,1
ETFDH,ZNF608,1,1
ETFDH,ZNF616,1,1
EWSR1,ATAD2,1,1
EWSR1,CCNE2,1,1
EWSR1,CENPQ,1,1
EWSR1,CEP135,1,1
EWSR1,CHRAC1,1,1
EWSR1,CPSF4,1,1
EWSR1,DCTPP1,1,1
EWSR1,EIF4G2,1,1
EWSR1,ESF1,1,1
EWSR1,FASTKD2,1,1
EWSR1,GEN1,1,1
EWSR1,MCM7,1,1
EWSR1,NOP56,1,1
EWSR1,POLE,1,1
EWSR1,RANBP1,1,1
EWSR1,RRM2,1,1
EWSR1,SGO2,1,1
EWSR1,SMYD5,1,1
DSTN,ADSL,1,1
DSTN,ALG10,1,1
DSTN,ARPC2,1,1
DSTN,CCNYL1,1,1
DSTN,COPB1,1,1
DSTN,COX7A2L,1,1
DSTN,CSE1L,1,1
DSTN,CTNNBL1,1,1
DSTN,DPY30,1,1
DSTN,DSG2,1,1
DSTN,ELOVL4,1,1
DSTN,G3BP1,1,1
DSTN,GALC,1,1
DSTN,GORASP2,1,1
DSTN,IFT46,1,1
DSTN,IMPA1,1,1
DSTN,MED21,1,1
DSTN,MRPL17,1,1
DSTN,NIF3L1,1,1
DSTN,NRAS,1,1
DSTN,OLA1,1,1
DSTN,ONECUT2,1,1
DSTN,PAX9,1,1
DSTN,PIGU,1,1
DSTN,PRELID3B,1,1
DSTN,RAD21,1,1
DSTN,RBL1,1,1
DSTN,RYK,1,1
DSTN,SCAND1,1,1
DSTN,SCO2,1,1
DSTN,SH3D19,1,1
DSTN,SIKE1,1,1
DSTN,SPAG1,1,1
DSTN,SPRED2,1,1
DSTN,STAU1,1,1
DSTN,THOC7,1,1
DSTN,TMEM106C,1,1
DSTN,TPD52,1,1
DSTN,UBE2S,1,1
DSTN,USP53,1,1
ANLN,CDCA8,1,1
ANLN,CTPS1,1,1
ANLN,GPN3,1,1
ANLN,HMMR,1,1
ANLN,KIF23,1,1
ANLN,KPNB1,1,1
ANLN,LMBR1L,1,1
ANLN,MCM6,1,1
ANLN,MTHFD1,1,1
ANLN,NCAPG,1,1
ANLN,NCAPG2,1,1
ANLN,OIP5,1,1
ANLN,PBK,1,1
ANLN,PLK1,1,1
ANLN,PRMT3,1,1
ANLN,RAD54L,1,1
ANLN,RAN,1,1
ANLN,RANBP1,1,1
ANLN,SFXN1,1,1
ANLN,SGO2,1,1
ANLN,TAF1B,1,1
ANLN,TMEM134,1,1
ANLN,TMPO,1,1
ANLN,TYMS,1,1
ANLN,WDR62,1,1
GMCL1,NUDT16,1,1
GMCL1,UBE2B,1,1
GRK6,ACP1,1,1
GRK6,ADSL,1,1
GRK6,AURKB,1,1
GRK6,CDC45,1,1
GRK6,CENPW,1,1
GRK6,DBF4,1,1
GRK6,DCAF5,1,1
GRK6,DCLRE1B,1,1
GRK6,DOCK6,1,1
GRK6,DSN1,1,1
GRK6,ELOVL4,1,1
GRK6,FBXL20,1,1
GRK6,HMMR,1,1
GRK6,NCAPG2,1,1
GRK6,PCBP1,1,1
GRK6,PHC1,1,1
GRK6,RBL1,1,1
GRK6,SGO2,1,1
GRK6,SNRPD3,1,1
GRK6,XPO1,1,1
GRK6,ZMYM3,1,1
LSAMP,FAF1,1,1
LSAMP,FHL1,1,1
LSAMP,MRPL23,1,1
LSAMP,NUPR1,1,1
LSAMP,SEC23B,1,1
ACTR5,ARID3B,1,1
ACTR5,ARMCX3,1,1
ACTR5,BID,1,1
ACTR5,BUB3,1,1
ACTR5,CCNE2,1,1
ACTR5,CENPU,1,1
ACTR5,CHRAC1,1,1
ACTR5,E2F1,1,1
ACTR5,EIF4G2,1,1
ACTR5,ELL,1,1
ACTR5,ESF1,1,1
ACTR5,FAM120B,1,1
ACTR5,GJC1,1,1
ACTR5,HELLS,1,1
ACTR5,HNRNPA3,1,1
ACTR5,HPSE,1,1
ACTR5,ISOC1,1,1
ACTR5,MAT2B,1,1
ACTR5,MCM8,1,1
ACTR5,MRPS18C,1,1
ACTR5,NOL7,1,1
ACTR5,NUP62,1,1
ACTR5,PHF5A,1,1
ACTR5,PLP2,1,1
ACTR5,PSMB7,1,1
ACTR5,RAE1,1,1
ACTR5,RASSF7,1,1
ACTR5,RAVER2,1,1
ACTR5,RNF25,1,1
ACTR5,RRM1,1,1
ACTR5,RTKN2,1,1
ACTR5,SASS6,1,1
ACTR5,SH3BP4,1,1
ACTR5,SNRPB,1,1
ACTR5,SP140L,1,1
ACTR5,SPDL1,1,1
ACTR5,SUV39H2,1,1
ACTR5,TBKBP1,1,1
ACTR5,TCOF1,1,1
ACTR5,TMEM120A,1,1
ACTR5,TRMT6,1,1
ACTR5,VASH1,1,1
ACTR5,ZCCHC24,1,1
ACTR5,ZWINT,1,1
XYLT2,FAM114A1,1,1
DCLRE1B,ADSL,1,1
DCLRE1B,ARMC6,1,1
DCLRE1B,CDC45,1,1
DCLRE1B,CHAMP1,1,1
DCLRE1B,DBF4,1,1
DCLRE1B,DDX11,1,1
DCLRE1B,DSN1,1,1
DCLRE1B,E2F6,1,1
DCLRE1B,EML4,1,1
DCLRE1B,GORASP2,1,1
DCLRE1B,KPNA1,1,1
DCLRE1B,ME2,1,1
DCLRE1B,MED21,1,1
DCLRE1B,MYO1B,1,1
DCLRE1B,NOL9,1,1
DCLRE1B,NRAS,1,1
DCLRE1B,NUP98,1,1
DCLRE1B,PAX9,1,1
DCLRE1B,PCBP1,1,1
DCLRE1B,PHC1,1,1
DCLRE1B,PPM1M,1,1
DCLRE1B,RBL1,1,1
DCLRE1B,RBM15,1,1
DCLRE1B,SNRPD3,1,1
DCLRE1B,SUOX,1,1
DCLRE1B,THAP5,1,1
DCLRE1B,THOC7,1,1
DCLRE1B,TPD52,1,1
DCLRE1B,UBIAD1,1,1
DCLRE1B,ZMYM3,1,1
TNKS,ATG2B,1,1
TNKS,ATIC,1,1
TNKS,CALHM2,1,1
TNKS,CHTF18,1,1
TNKS,DCAF5,1,1
TNKS,EXD2,1,1
TNKS,FBXL20,1,1
TNKS,GOLGA7,1,1
TNKS,LRP10,1,1
TNKS,MEF2D,1,1
TNKS,MTA3,1,1
TNKS,SEMA3C,1,1
TNKS,SH3PXD2B,1,1
TNKS,ZNF549,1,1
ACSF3,BUB1,1,1
ACSF3,EML4,1,1
ACSF3,FANCB,1,1
ACSF3,NCAPG2,1,1
ACSF3,PKM,1,1
ACSF3,RIN3,1,1
ACSF3,STK19,1,1
ACSF3,TMEM134,1,1
COL16A1,NIPA1,1,1
XPO4,CHD1,1,1
XPO4,CORO1C,1,1
XPO4,CTR9,1,1
XPO4,DCK,1,1
XPO4,FAM231D,1,1
XPO4,FAR1,1,1
XPO4,HN1L,1,1
XPO4,HNRNPA3,1,1
XPO4,ISOC1,1,1
XPO4,MAN2B1,1,1
XPO4,PUM2,1,1
XPO4,RBBP8,1,1
XPO4,SLC25A20,1,1
XPO4,TEX261,1,1
XPO4,UBE2L6,1,1
STAG3L4,BLVRB,1,1
STAG3L4,HDHD3,1,1
STAG3L4,ISYNA1,1,1
STAG3L4,OGDH,1,1
STAG3L4,SIPA1L2,1,1
STAG3L4,SNTA1,1,1
STAG3L4,TPP2,1,1
PHRF1,MRPS18C,1,1
PHRF1,NOL7,1,1
PHRF1,UBE2L6,1,1
PHRF1,ZWINT,1,1
SRXN1,AEN,1,1
SRXN1,ANXA7,1,1
SRXN1,APPBP2,1,1
SRXN1,BMP4,1,1
SRXN1,CEP126,1,1
SRXN1,CHRAC1,1,1
SRXN1,CPSF4,1,1
SRXN1,DCP1B,1,1
SRXN1,DDX27,1,1
SRXN1,FASTKD2,1,1
SRXN1,HELLS,1,1
SRXN1,HERC2,1,1
SRXN1,KBTBD8,1,1
SRXN1,MARC2,1,1
SRXN1,MAZ,1,1
SRXN1,MCM7,1,1
SRXN1,MCM8,1,1
SRXN1,NOP56,1,1
SRXN1,OLA1,1,1
SRXN1,PAQR4,1,1
SRXN1,PSMA1,1,1
SRXN1,PTPN13,1,1
SRXN1,RAE1,1,1
SRXN1,RAPGEF6,1,1
SRXN1,RAVER2,1,1
SRXN1,RRM2,1,1
SRXN1,SLC43A3,1,1
SRXN1,SLC44A2,1,1
SRXN1,SP140L,1,1
SRXN1,SPACA9,1,1
SRXN1,TANK,1,1
SRXN1,TBC1D5,1,1
SRXN1,TBKBP1,1,1
SRXN1,TCOF1,1,1
SRXN1,THOC5,1,1
SRXN1,THRA,1,1
SRXN1,ZNF521,1,1
SRXN1,ZNF585A,1,1
TRMT6,ARMCX3,1,1
TRMT6,BBS9,1,1
TRMT6,BID,1,1
TRMT6,BUB3,1,1
TRMT6,CAMKK2,1,1
TRMT6,CENPU,1,1
TRMT6,COPS7A,1,1
TRMT6,E2F1,1,1
TRMT6,ELL,1,1
TRMT6,EPHX2,1,1
TRMT6,FAM120B,1,1
TRMT6,GJC1,1,1
TRMT6,GSTA4,1,1
TRMT6,HNRNPA3,1,1
TRMT6,IPO13,1,1
TRMT6,ISOC1,1,1
TRMT6,KLHL23,1,1
TRMT6,MAT2B,1,1
TRMT6,MCM8,1,1
TRMT6,MRPS18C,1,1
TRMT6,NOL7,1,1
TRMT6,NUP62,1,1
TRMT6,PDAP1,1,1
TRMT6,PHF5A,1,1
TRMT6,PIGC,1,1
TRMT6,PLP2,1,1
TRMT6,POP4,1,1
TRMT6,PSMB7,1,1
TRMT6,RAE1,1,1
TRMT6,RASSF7,1,1
TRMT6,RAVER2,1,1
TRMT6,RNF25,1,1
TRMT6,RRAGA,1,1
TRMT6,RRM1,1,1
TRMT6,SASS6,1,1
TRMT6,SEC23B,1,1
TRMT6,SH3BP4,1,1
TRMT6,SNRPB,1,1
TRMT6,SP140L,1,1
TRMT6,SPACA9,1,1
TRMT6,SPDL1,1,1
TRMT6,TCOF1,1,1
TRMT6,TMEM120A,1,1
TRMT6,WDR60,1,1
TRMT6,YWHAQ,1,1
TRMT6,ZCCHC24,1,1
TRMT6,ZWINT,1,1
PBK,CDCA8,1,1
PBK,ERCC6L,1,1
PBK,GSG2,1,1
PBK,KIF23,1,1
PBK,LMBR1L,1,1
PBK,MTHFD1,1,1
PBK,NCAPG,1,1
PBK,OIP5,1,1
PBK,SKA2,1,1
PBK,WDR62,1,1
AURKB,APOBEC3B,1,1
AURKB,BUB1,1,1
AURKB,CDCA8,1,1
AURKB,DBF4,1,1
AURKB,FANCB,1,1
AURKB,GPN3,1,1
AURKB,HMMR,1,1
AURKB,IMMT,1,1
AURKB,MCM5,1,1
AURKB,MOCS2,1,1
AURKB,NCAPG2,1,1
AURKB,PLK1,1,1
AURKB,RAD54L,1,1
AURKB,SEMA3C,1,1
AURKB,STX4,1,1
AURKB,TYMS,1,1
ARMCX3,ANGEL1,1,1
ARMCX3,APPBP2,1,1
ARMCX3,ATP10D,1,1
ARMCX3,AXIN2,1,1
ARMCX3,BBS9,1,1
ARMCX3,BID,1,1
ARMCX3,BMP4,1,1
ARMCX3,BUB3,1,1
ARMCX3,CAMKK2,1,1
ARMCX3,CCDC125,1,1
ARMCX3,CENPU,1,1
ARMCX3,EPHX2,1,1
ARMCX3,ERI2,1,1
ARMCX3,EXOSC5,1,1
ARMCX3,FAM120B,1,1
ARMCX3,GTF2H4,1,1
ARMCX3,IPO13,1,1
ARMCX3,KCNA2,1,1
ARMCX3,KLHL23,1,1
ARMCX3,KRCC1,1,1
ARMCX3,MAT2B,1,1
ARMCX3,MRPS18C,1,1
ARMCX3,MYBL1,1,1
ARMCX3,NBR1,1,1
ARMCX3,NUP62,1,1
ARMCX3,PCDHGC3,1,1
ARMCX3,PDAP1,1,1
ARMCX3,PFKL,1,1
ARMCX3,PLCG2,1,1
ARMCX3,PLP2,1,1
ARMCX3,POR,1,1
ARMCX3,RAE1,1,1
ARMCX3,RAVER2,1,1
ARMCX3,RHBDD2,1,1
ARMCX3,RRAGA,1,1
ARMCX3,SASS6,1,1
ARMCX3,SEC23B,1,1
ARMCX3,SGMS2,1,1
ARMCX3,SH3BP4,1,1
ARMCX3,SLC2A13,1,1
ARMCX3,SNRPB,1,1
ARMCX3,SP140L,1,1
ARMCX3,SPACA9,1,1
ARMCX3,STAT5B,1,1
ARMCX3,SUMO1,1,1
ARMCX3,TCEAL4,1,1
ARMCX3,TMEM120A,1,1
ARMCX3,WDR60,1,1
ARMCX3,YWHAQ,1,1
ARMCX3,ZCCHC24,1,1
ARMCX3,ZFAND1,1,1
ARMCX3,ZNF608,1,1
ARMCX3,ZNF616,1,1
ARMCX3,ZSCAN21,1,1
HNRNPA3,ARID3B,1,1
HNRNPA3,BID,1,1
HNRNPA3,CENPU,1,1
HNRNPA3,CENPV,1,1
HNRNPA3,CORO1C,1,1
HNRNPA3,DCK,1,1
HNRNPA3,DGKQ,1,1
HNRNPA3,E2F1,1,1
HNRNPA3,ERI2,1,1
HNRNPA3,FAR1,1,1
HNRNPA3,GJC1,1,1
HNRNPA3,HPSE,1,1
HNRNPA3,ISOC1,1,1
HNRNPA3,LPAR3,1,1
HNRNPA3,MCM8,1,1
HNRNPA3,MKI67,1,1
HNRNPA3,MRPS18C,1,1
HNRNPA3,PCNA,1,1
HNRNPA3,PRELID1P1,1,1
HNRNPA3,PRKD1,1,1
HNRNPA3,PSMB7,1,1
HNRNPA3,RASSF7,1,1
HNRNPA3,RAVER2,1,1
HNRNPA3,RRM1,1,1
HNRNPA3,RTKN2,1,1
HNRNPA3,SF3B1,1,1
HNRNPA3,SH3BP4,1,1
HNRNPA3,SP140L,1,1
HNRNPA3,STK35,1,1
HNRNPA3,TBCB,1,1
HNRNPA3,TBKBP1,1,1
HNRNPA3,TCOF1,1,1
HNRNPA3,VASH1,1,1
HNRNPA3,ZNF521,1,1
HNRNPA3,ZWINT,1,1
PITPNB,ARMC6,1,1
PITPNB,ASAP1,1,1
PITPNB,CAB39,1,1
PITPNB,DCAF8,1,1
PITPNB,E2F6,1,1
PITPNB,EPT1,1,1
PITPNB,KCTD5,1,1
PITPNB,NCL,1,1
PITPNB,PHC1,1,1
PITPNB,POLA1,1,1
PITPNB,POLE,1,1
PITPNB,PPTC7,1,1
PITPNB,PTP4A2,1,1
PITPNB,SNRPD3,1,1
PITPNB,TNPO1,1,1
PITPNB,UTP20,1,1
PITPNB,WDR3,1,1
PITPNB,XPO1,1,1
SSC5D,NCOA3,1,1
SCRN1,DAD1,1,1
SCRN1,DENND5A,1,1
SCRN1,IFT57,1,1
SCRN1,NID1,1,1
SCRN1,SRC,1,1
SCRN1,VPS16,1,1
GTF2H4,AXIN2,1,1
GTF2H4,BID,1,1
GTF2H4,CCDC125,1,1
GTF2H4,CEP19,1,1
GTF2H4,DGKQ,1,1
GTF2H4,EXOSC5,1,1
GTF2H4,GSE1,1,1
GTF2H4,IFFO1,1,1
GTF2H4,IPO13,1,1
GTF2H4,KCNA2,1,1
GTF2H4,KLHL23,1,1
GTF2H4,KRCC1,1,1
GTF2H4,METTL2B,1,1
GTF2H4,MYBL1,1,1
GTF2H4,MYO18A,1,1
GTF2H4,NCBP2,1,1
GTF2H4,PDAP1,1,1
GTF2H4,PLP2,1,1
GTF2H4,RAVER2,1,1
GTF2H4,RHBDD2,1,1
GTF2H4,SEC23B,1,1
GTF2H4,SGMS2,1,1
GTF2H4,SPACA9,1,1
GTF2H4,SUMO1,1,1
GTF2H4,THRA,1,1
GTF2H4,TMEM120A,1,1
GTF2H4,WDR60,1,1
GTF2H4,YWHAQ,1,1
GTF2H4,ZFAND1,1,1
GTF2H4,ZSCAN21,1,1
BLM,ATAD2,1,1
BLM,CDCA7,1,1
BLM,CHAMP1,1,1
BLM,CNOT9,1,1
BLM,CRAT,1,1
BLM,CSE1L,1,1
BLM,DCTPP1,1,1
BLM,DHFR,1,1
BLM,E2F8,1,1
BLM,GLMN,1,1
BLM,HINT1,1,1
BLM,KBTBD8,1,1
BLM,KIF22,1,1
BLM,NUB1,1,1
BLM,PARP1,1,1
BLM,PAXBP1,1,1
BLM,PCNA,1,1
BLM,RAD21,1,1
BLM,SLC25A26,1,1
BLM,SLC43A3,1,1
BLM,TMEM237,1,1
SLC25A35,C12ORF76,1,1
SLC25A35,C17ORF62,1,1
SLC25A35,HDHD3,1,1
SLC25A35,SESN3,1,1
SLC25A35,TMEM143,1,1
SLC25A35,TMEM8B,1,1
VPS16,IFT57,1,1
FAS,ARHGEF6,1,1
FAS,GAS8,1,1
FAS,KCNA2,1,1
FAS,MT-ND2,1,1
FAS,MTG2,1,1
FAS,POC1A,1,1
FAS,TES,1,1
FAS,THEM6,1,1
SMCR8,GPAA1,1,1
SMCR8,NDUFS8,1,1
SMCR8,SLX1B,1,1
NDUFS7,NT5M,1,1
ZFP64,CAP2,1,1
ZFP64,FAF1,1,1
ZFP64,RIOK3,1,1
SLC37A2,CLIP4,1,1
SLC37A2,LPAR3,1,1
SLC37A2,NLRP1,1,1
SLC37A2,ODF2L,1,1
SLC37A2,ORMDL2,1,1
SLC37A2,WRAP73,1,1
RAD52,HDAC10,1,1
RAD52,PPIG,1,1
RAD52,PRKAR2A,1,1
ATP6V0E2,CCDC125,1,1
ATP6V0E2,DGKQ,1,1
ATP6V0E2,GSE1,1,1
ATP6V0E2,HPSE,1,1
ATP6V0E2,MTG2,1,1
ATP6V0E2,MZT2A,1,1
ATP6V0E2,ROMO1,1,1
ATP6V0E2,SH3BP4,1,1
ATP6V0E2,THEM6,1,1
ATP6V0E2,ZDHHC13,1,1
TMEM106C,ACP1,1,1
TMEM106C,ACTR3,1,1
TMEM106C,ADSL,1,1
TMEM106C,ALG10,1,1
TMEM106C,ARPC2,1,1
TMEM106C,CCNYL1,1,1
TMEM106C,CDC45,1,1
TMEM106C,CNOT9,1,1
TMEM106C,COPB1,1,1
TMEM106C,CSE1L,1,1
TMEM106C,CSTF1,1,1
TMEM106C,CTNNBL1,1,1
TMEM106C,DSN1,1,1
TMEM106C,ELOVL4,1,1
TMEM106C,GALC,1,1
TMEM106C,GORASP2,1,1
TMEM106C,IFT46,1,1
TMEM106C,IMPA1,1,1
TMEM106C,ME2,1,1
TMEM106C,MED21,1,1
TMEM106C,MRPL17,1,1
TMEM106C,MYO1B,1,1
TMEM106C,NFYC,1,1
TMEM106C,NIF3L1,1,1
TMEM106C,NRAS,1,1
TMEM106C,NUB1,1,1
TMEM106C,NUP98,1,1
TMEM106C,ONECUT2,1,1
TMEM106C,PARP1,1,1
TMEM106C,PAX9,1,1
TMEM106C,PAXBP1,1,1
TMEM106C,PCBP1,1,1
TMEM106C,PRELID3B,1,1
TMEM106C,RAD21,1,1
TMEM106C,RBL1,1,1
TMEM106C,RBM15,1,1
TMEM106C,SCO2,1,1
TMEM106C,SH3D19,1,1
TMEM106C,SPAG1,1,1
TMEM106C,STAU1,1,1
TMEM106C,THOC7,1,1
TMEM106C,TPD52,1,1
TMEM106C,UBE2S,1,1
TMEM106C,ZMYM3,1,1
POR,APPBP2,1,1
POR,ATP10D,1,1
POR,AXIN2,1,1
POR,BID,1,1
POR,BMP4,1,1
POR,CAMKK2,1,1
POR,CCDC125,1,1
POR,CDKL5,1,1
POR,CDON,1,1
POR,DIXDC1,1,1
POR,ELMO2,1,1
POR,ERI2,1,1
POR,EXOSC5,1,1
POR,GTF2I,1,1
POR,MAZ,1,1
POR,MYBL1,1,1
POR,PCDHGC3,1,1
POR,PDAP1,1,1
POR,PDE4A,1,1
POR,PFKL,1,1
POR,PIGC,1,1
POR,PLP2,1,1
POR,RHBDD2,1,1
POR,ROMO1,1,1
POR,RRAGA,1,1
POR,SEC23B,1,1
POR,SGMS2,1,1
POR,SH3BP4,1,1
POR,SLC2A13,1,1
POR,SMAP1,1,1
POR,TCEAL4,1,1
POR,THEM6,1,1
POR,TMEM120A,1,1
POR,WDR60,1,1
POR,ZNF521,1,1
POR,ZNF585A,1,1
POR,ZNF616,1,1
HNRNPH2,PIGU,1,1
HNRNPH2,SPG21,1,1
CHRAC1,AEN,1,1
CHRAC1,BTBD1,1,1
CHRAC1,CCNE2,1,1
CHRAC1,CENPQ,1,1
CHRAC1,CEP135,1,1
CHRAC1,CPSF4,1,1
CHRAC1,DCP1B,1,1
CHRAC1,DCTPP1,1,1
CHRAC1,DDX27,1,1
CHRAC1,DHFR,1,1
CHRAC1,E2F1,1,1
CHRAC1,E2F3,1,1
CHRAC1,EIF4G2,1,1
CHRAC1,ESF1,1,1
CHRAC1,FASTKD2,1,1
CHRAC1,INO80B,1,1
CHRAC1,ISOC1,1,1
CHRAC1,KBTBD8,1,1
CHRAC1,MCM7,1,1
CHRAC1,MCM8,1,1
CHRAC1,NOP56,1,1
CHRAC1,PCNA,1,1
CHRAC1,PRDX3,1,1
CHRAC1,PSMA1,1,1
CHRAC1,RAVER2,1,1
CHRAC1,RRM2,1,1
CHRAC1,SLC43A3,1,1
CHRAC1,SMC4,1,1
CHRAC1,SP140L,1,1
CHRAC1,SPDL1,1,1
CHRAC1,TBKBP1,1,1
CHRAC1,TCOF1,1,1
CHRAC1,TMEM237,1,1
ELOVL7,CCDC125,1,1
ELOVL7,FAF1,1,1
ELOVL7,HDAC9,1,1
ELOVL7,METTL2B,1,1
ELOVL7,MYBL1,1,1
ELOVL7,PDE4A,1,1
ELOVL7,RHBDD2,1,1
ELOVL7,SEC23B,1,1
ELOVL7,SUMO1,1,1
ELOVL7,WDR60,1,1
TMEM129,FBXO5,1,1
TMEM129,KPNB1,1,1
TMEM129,NCL,1,1
TMEM129,SSB,1,1
TMEM129,TCP1,1,1
TMEM129,UTP20,1,1
KPNB1,ATIC,1,1
KPNB1,C11ORF49,1,1
KPNB1,CAND1,1,1
KPNB1,COG4,1,1
KPNB1,DBF4,1,1
KPNB1,EML4,1,1
KPNB1,FANCB,1,1
KPNB1,FBXL20,1,1
KPNB1,FBXO5,1,1
KPNB1,GPN3,1,1
KPNB1,HMMR,1,1
KPNB1,LINC01420,1,1
KPNB1,LMBR1L,1,1
KPNB1,MARK4,1,1
KPNB1,MCM5,1,1
KPNB1,NCAPG,1,1
KPNB1,NCAPG2,1,1
KPNB1,NCL,1,1
KPNB1,PDCL3,1,1
KPNB1,PLK1,1,1
KPNB1,PPM1M,1,1
KPNB1,RAN,1,1
KPNB1,SFXN1,1,1
KPNB1,SNRPD3,1,1
KPNB1,STX4,1,1
KPNB1,SUZ12,1,1
KPNB1,TAF1B,1,1
KPNB1,TCP1,1,1
KPNB1,TMEM134,1,1
KPNB1,TP53INP1,1,1
KPNB1,TYMS,1,1
KPNB1,UTP20,1,1
KPNB1,WDR3,1,1
KPNB1,WDR62,1,1
KPNB1,YPEL5,1,1
IFT80,CNOT9,1,1
IFT80,DCTPP1,1,1
IFT80,DHFR,1,1
FAM229B,AC255361.1,1,1
FAM229B,ACADS,1,1
FAM229B,ALDH6A1,1,1
FAM229B,AXIN2,1,1
FAM229B,BMP4,1,1
FAM229B,GGPS1,1,1
FAM229B,GNG7,1,1
FAM229B,GOLGA2,1,1
FAM229B,IFFO1,1,1
FAM229B,KRCC1,1,1
FAM229B,MRGBP,1,1
FAM229B,MTND4P12,1,1
FAM229B,MYO18A,1,1
FAM229B,NR1H3,1,1
FAM229B,PLCG2,1,1
FAM229B,RFTN2,1,1
FAM229B,SLC52A2,1,1
FAM229B,SPACA9,1,1
FAM229B,STAT5B,1,1
FAM229B,STX8,1,1
FAM229B,THRA,1,1
FAM229B,TP53I11,1,1
FAM229B,ZC3H6,1,1
FAM229B,ZNF608,1,1
POLQ,APPBP2,1,1
POLQ,C19ORF48,1,1
POLQ,CENPQ,1,1
POLQ,FASTKD2,1,1
POLQ,HELLS,1,1
POLQ,KIF23,1,1
POLQ,KRCC1,1,1
POLQ,MCM7,1,1
POLQ,MTBP,1,1
POLQ,MYBL1,1,1
POLQ,MYO18A,1,1
POLQ,MYO19,1,1
POLQ,NHP2,1,1
POLQ,OIP5,1,1
POLQ,PAQR4,1,1
POLQ,PRDX3,1,1
POLQ,PSMA1,1,1
POLQ,RAE1,1,1
POLQ,RAVER2,1,1
POLQ,SMC4,1,1
POLQ,SPDL1,1,1
POLQ,SUV39H1,1,1
POLQ,TANK,1,1
POLQ,THRA,1,1
POLQ,TMEM237,1,1
POLQ,ZFAND1,1,1
CEP126,APPBP2,1,1
CEP126,BMP4,1,1
CEP126,CENPQ,1,1
CEP126,CNTNAP1,1,1
CEP126,EPT1,1,1
CEP126,GOLGA2,1,1
CEP126,IFT74,1,1
CEP126,LRP10,1,1
CEP126,MARC2,1,1
CEP126,MCM7,1,1
CEP126,MRAS,1,1
CEP126,MTND4P12,1,1
CEP126,MYO18A,1,1
CEP126,NHP2,1,1
CEP126,NR1H3,1,1
CEP126,OLA1,1,1
CEP126,PFDN4,1,1
CEP126,PSMA1,1,1
CEP126,RANBP1,1,1
CEP126,RAPGEF6,1,1
CEP126,RFTN2,1,1
CEP126,SMC4,1,1
CEP126,SPSB2,1,1
CEP126,STX8,1,1
CEP126,TANK,1,1
CEP126,THRA,1,1
CEP126,TP53I11,1,1
CEP126,UBXN6,1,1
SGO2,ACP1,1,1
SGO2,ADSL,1,1
SGO2,ASAP1,1,1
SGO2,ATAD2,1,1
SGO2,BTBD1,1,1
SGO2,CAB39,1,1
SGO2,CDCA8,1,1
SGO2,CENPQ,1,1
SGO2,CNOT9,1,1
SGO2,DBF4,1,1
SGO2,DCAF5,1,1
SGO2,DCAF8,1,1
SGO2,EPT1,1,1
SGO2,FASTKD2,1,1
SGO2,GCFC2,1,1
SGO2,HAUS8,1,1
SGO2,HILPDA,1,1
SGO2,HMMR,1,1
SGO2,KIF23,1,1
SGO2,LRP10,1,1
SGO2,MCM6,1,1
SGO2,MCM7,1,1
SGO2,MTHFD1,1,1
SGO2,NCAPG,1,1
SGO2,NUP98,1,1
SGO2,OLA1,1,1
SGO2,PCBP1,1,1
SGO2,PFDN4,1,1
SGO2,POLA1,1,1
SGO2,POLE,1,1
SGO2,PPM1M,1,1
SGO2,PRMT3,1,1
SGO2,RAD21,1,1
SGO2,RANBP1,1,1
SGO2,RAPGEF6,1,1
SGO2,RBL1,1,1
SGO2,RRM2,1,1
SGO2,SMC4,1,1
SGO2,SMYD5,1,1
SGO2,SNRPD3,1,1
SGO2,TMEM134,1,1
SGO2,TMPO,1,1
SGO2,UBE2S,1,1
SGO2,UBXN6,1,1
SGO2,WDR12,1,1
SGO2,XPO1,1,1
SGO2,ZDHHC1,1,1
SGO2,ZMYM3,1,1
ZNF621,SCO2,1,1
MAZ,AKIP1,1,1
MAZ,AL589743.1,1,1
MAZ,ANXA7,1,1
MAZ,APPBP2,1,1
MAZ,CCDC125,1,1
MAZ,COX7A2L,1,1
MAZ,GSE1,1,1
MAZ,HERC2,1,1
MAZ,PDE4A,1,1
MAZ,PSMA1,1,1
MAZ,PTPN13,1,1
MAZ,ROMO1,1,1
MAZ,SCAND1,1,1
MAZ,SGMS2,1,1
MAZ,THOC5,1,1
MAZ,THRA,1,1
MAZ,WEE1,1,1
MAZ,WRAP73,1,1
MAZ,ZNF521,1,1
MAZ,ZNF585A,1,1
PPAT,C19ORF48,1,1
PPAT,CENPQ,1,1
PPAT,EPT1,1,1
PPAT,ESF1,1,1
PPAT,FASTKD2,1,1
PPAT,MCM7,1,1
PPAT,MRPL14,1,1
PPAT,NOP56,1,1
PPAT,PHF5A,1,1
PPAT,POLE,1,1
PPAT,SCLY,1,1
PPAT,SPSB2,1,1
PPAT,UBXN6,1,1
WDR62,CDCA8,1,1
WDR62,CTPS1,1,1
WDR62,GPN3,1,1
WDR62,KIF23,1,1
WDR62,MCM6,1,1
WDR62,MTHFD1,1,1
WDR62,NCAPG,1,1
WDR62,OIP5,1,1
WDR62,PLK1,1,1
WDR62,POLE,1,1
WDR62,PRMT3,1,1
WDR62,RAD54L,1,1
WDR62,RAN,1,1
WDR62,RANBP1,1,1
WDR62,RRNAD1,1,1
WDR62,SFXN1,1,1
WDR62,STX4,1,1
WDR62,TMEM134,1,1
WDR62,TMPO,1,1
WDR62,TYMS,1,1
BOLA2B,ACP1,1,1
BOLA2B,ADSL,1,1
BOLA2B,C4ORF3,1,1
BOLA2B,CTNNBL1,1,1
BOLA2B,DSG2,1,1
BOLA2B,DYRK4,1,1
BOLA2B,GCFC2,1,1
BOLA2B,GOLGA7,1,1
BOLA2B,GOSR2,1,1
BOLA2B,HILPDA,1,1
BOLA2B,MARC2,1,1
BOLA2B,MCM7,1,1
BOLA2B,OLA1,1,1
BOLA2B,ONECUT2,1,1
BOLA2B,PAQR4,1,1
BOLA2B,PFDN4,1,1
BOLA2B,PIGU,1,1
BOLA2B,POP5,1,1
BOLA2B,PRELID3B,1,1
BOLA2B,PRMT3,1,1
BOLA2B,PSMA1,1,1
BOLA2B,PTPN13,1,1
BOLA2B,RANBP1,1,1
BOLA2B,RPE,1,1
BOLA2B,RYK,1,1
BOLA2B,SCAND1,1,1
BOLA2B,SH3D19,1,1
BOLA2B,SIKE1,1,1
BOLA2B,TANK,1,1
BOLA2B,UBE2S,1,1
BOLA2B,WDR12,1,1
HMGXB4,DEF8,1,1
HMGXB4,KLC4,1,1
HMGXB4,ZDHHC1,1,1
MORC2,OARD1,1,1
SPAG1,ACP1,1,1
SPAG1,ACTR3,1,1
SPAG1,ADSL,1,1
SPAG1,ALG10,1,1
SPAG1,ARPC2,1,1
SPAG1,ASAP1,1,1
SPAG1,ATAD2,1,1
SPAG1,C11ORF58,1,1
SPAG1,CCNYL1,1,1
SPAG1,CNOT9,1,1
SPAG1,COPB1,1,1
SPAG1,CRAT,1,1
SPAG1,CSE1L,1,1
SPAG1,CTNNBL1,1,1
SPAG1,DDX27,1,1
SPAG1,FASTKD2,1,1
SPAG1,G3BP1,1,1
SPAG1,HILPDA,1,1
SPAG1,IFT46,1,1
SPAG1,IMPA1,1,1
SPAG1,KBTBD8,1,1
SPAG1,KCTD5,1,1
SPAG1,MYO1B,1,1
SPAG1,NFYC,1,1
SPAG1,NIF3L1,1,1
SPAG1,NOL9,1,1
SPAG1,NRAS,1,1
SPAG1,NUP98,1,1
SPAG1,OLA1,1,1
SPAG1,PARP1,1,1
SPAG1,PCBP1,1,1
SPAG1,POLA1,1,1
SPAG1,PPP6R3,1,1
SPAG1,PRELID3B,1,1
SPAG1,PSMA1,1,1
SPAG1,RAD21,1,1
SPAG1,RBL1,1,1
SPAG1,RCHY1,1,1
SPAG1,ROCK2,1,1
SPAG1,RRM2,1,1
SPAG1,SH3D19,1,1
SPAG1,SLC43A3,1,1
SPAG1,SMC4,1,1
SPAG1,STAU1,1,1
SPAG1,TMED5,1,1
SPAG1,TMEM237,1,1
SPAG1,TXNRD1,1,1
SPAG1,UBE2S,1,1
SPAG1,UBIAD1,1,1
SPAG1,XPO1,1,1
SPAG1,ZDHHC1,1,1
SPAG1,ZFP36L1,1,1
SPAG1,ZMYM3,1,1
SLC50A1,POLD4,1,1
FANCB,ATIC,1,1
FANCB,BUB1,1,1
FANCB,C2ORF47,1,1
FANCB,CAND1,1,1
FANCB,DBF4,1,1
FANCB,EXD2,1,1
FANCB,GPN3,1,1
FANCB,HMMR,1,1
FANCB,MARK4,1,1
FANCB,MCM5,1,1
FANCB,MOCS2,1,1
FANCB,NCAPG2,1,1
FANCB,PKM,1,1
FANCB,PLK1,1,1
FANCB,RAD54L,1,1
FANCB,RAN,1,1
FANCB,RIN3,1,1
FANCB,SEMA3C,1,1
FANCB,SFXN1,1,1
FANCB,STX4,1,1
FANCB,TAF1B,1,1
FANCB,TMEM134,1,1
FANCB,TP53INP1,1,1
FANCB,TYMS,1,1
FANCB,WDR3,1,1
FANCB,XRCC4,1,1
JOSD2,PHF21A,1,1
SLC25A5P1,ALDOC,1,1
SLC25A5P1,C1QTNF6,1,1
SLC25A5P1,DENND5A,1,1
SLC25A5P1,FAM110B,1,1
SLC25A5P1,GALK2,1,1
SLC25A5P1,HSPB1,1,1
SLC25A5P1,KLHL13,1,1
SLC25A5P1,NID1,1,1
SLC25A5P1,NUDT16,1,1
SLC25A5P1,PSMF1,1,1
SLC25A5P1,SLC48A1,1,1
SLC25A5P1,UBE2B,1,1
TYRO3,ABHD15,1,1
TYRO3,CDIPT,1,1
TYRO3,ECHDC3,1,1
TYRO3,ETV6,1,1
TYRO3,HIP1,1,1
TYRO3,ISYNA1,1,1
TYRO3,MAGI2,1,1
TYRO3,OGDH,1,1
TYRO3,PLPPR2,1,1
TYRO3,PRICKLE2,1,1
TYRO3,RARG,1,1
TYRO3,SLC25A39,1,1
TYRO3,SRSF11,1,1
TYRO3,SWI5,1,1
TYRO3,TATDN3,1,1
TYRO3,TBX2,1,1
TYRO3,UGCG,1,1
TYRO3,VWA5A,1,1
TYRO3,YPEL2,1,1
OIP5,CDCA8,1,1
OIP5,CENPO,1,1
OIP5,ERCC6L,1,1
OIP5,FAM120C,1,1
OIP5,GSG2,1,1
OIP5,KIF23,1,1
OIP5,MCM4,1,1
OIP5,MCM6,1,1
OIP5,MTBP,1,1
OIP5,SUV39H1,1,1
RPS19BP1,ACP1,1,1
RPS19BP1,ADSL,1,1
RPS19BP1,ARMC6,1,1
RPS19BP1,CDC45,1,1
RPS19BP1,E2F6,1,1
RPS19BP1,KCTD5,1,1
RPS19BP1,MED21,1,1
RPS19BP1,MYO1B,1,1
RPS19BP1,NFYC,1,1
RPS19BP1,NOL9,1,1
RPS19BP1,NRAS,1,1
RPS19BP1,NUP98,1,1
RPS19BP1,PCBP1,1,1
RPS19BP1,PHC1,1,1
RPS19BP1,PPM1M,1,1
RPS19BP1,PRELID3B,1,1
RPS19BP1,SCO2,1,1
RPS19BP1,SH3D19,1,1
RPS19BP1,SNRPD3,1,1
RPS19BP1,SPICE1,1,1
RPS19BP1,THOC7,1,1
RPS19BP1,UBIAD1,1,1
RPS19BP1,WDR3,1,1
RPS19BP1,XPO1,1,1
RPS19BP1,XPO6,1,1
RAPGEF4,EHHADH,1,1
RAPGEF4,FAM117A,1,1
RAPGEF4,NBR1,1,1
RAPGEF4,OGDH,1,1
RAPGEF4,SESN3,1,1
RRM2,ACP1,1,1
RRM2,ADSL,1,1
RRM2,AEN,1,1
RRM2,ASAP1,1,1
RRM2,ATAD2,1,1
RRM2,BTBD1,1,1
RRM2,CENPQ,1,1
RRM2,CNOT9,1,1
RRM2,CPSF4,1,1
RRM2,CRAT,1,1
RRM2,CSE1L,1,1
RRM2,DCTPP1,1,1
RRM2,DDX27,1,1
RRM2,DHFR,1,1
RRM2,EPT1,1,1
RRM2,FASTKD2,1,1
RRM2,G3BP1,1,1
RRM2,GEN1,1,1
RRM2,HAUS8,1,1
RRM2,HILPDA,1,1
RRM2,ING5,1,1
RRM2,KBTBD8,1,1
RRM2,KIF22,1,1
RRM2,LRP10,1,1
RRM2,MCM7,1,1
RRM2,NCAPG,1,1
RRM2,NOL9,1,1
RRM2,NOP56,1,1
RRM2,NUP98,1,1
RRM2,OLA1,1,1
RRM2,PARP1,1,1
RRM2,POLA1,1,1
RRM2,PSMA1,1,1
RRM2,RAD21,1,1
RRM2,RANBP1,1,1
RRM2,SLC43A3,1,1
RRM2,SMC4,1,1
RRM2,SMYD5,1,1
RRM2,TBKBP1,1,1
RRM2,TMEM237,1,1
RRM2,UBE2S,1,1
RRM2,WDR12,1,1
RRM2,XPO1,1,1
RRM2,ZMYM3,1,1
HIP1,CDIPT,1,1
HIP1,CNP,1,1
HIP1,ERCC4,1,1
HIP1,OGDH,1,1
HIP1,PLPPR2,1,1
HIP1,PRICKLE2,1,1
HIP1,RPS2,1,1
HIP1,UGCG,1,1
C17ORF62,FAM117A,1,1
C17ORF62,LRRC23,1,1
C17ORF62,TMEM8B,1,1
GPX8,PAFAH1B3,1,1
NUP62,BID,1,1
NUP62,BUB3,1,1
NUP62,C19ORF48,1,1
NUP62,CCNE2,1,1
NUP62,E2F1,1,1
NUP62,ESF1,1,1
NUP62,FAM120B,1,1
NUP62,HELLS,1,1
NUP62,ISOC1,1,1
NUP62,ITPKC,1,1
NUP62,KLHL23,1,1
NUP62,KRCC1,1,1
NUP62,MAT2B,1,1
NUP62,MRGBP,1,1
NUP62,MRPS18C,1,1
NUP62,MYO19,1,1
NUP62,NOL7,1,1
NUP62,PDAP1,1,1
NUP62,PHF5A,1,1
NUP62,PLP2,1,1
NUP62,POP4,1,1
NUP62,PRDX3,1,1
NUP62,PUF60,1,1
NUP62,RAE1,1,1
NUP62,RASSF7,1,1
NUP62,RAVER2,1,1
NUP62,RRM1,1,1
NUP62,SASS6,1,1
NUP62,SIAE,1,1
NUP62,SNRPB,1,1
NUP62,SP140L,1,1
NUP62,SPDL1,1,1
NUP62,STAT5B,1,1
NUP62,TCOF1,1,1
NUP62,TMEM120A,1,1
NUP62,ZCCHC24,1,1
NUP62,ZWINT,1,1
DAD1,DENND5A,1,1
DAD1,NID1,1,1
DAD1,SRC,1,1
DAD1,TCF20,1,1
DAD1,TMEM121,1,1
CRIPT,AKT1,1,1
CRIPT,ALG10B,1,1
CRIPT,CLMN,1,1
CRIPT,IMMT,1,1
CRIPT,PYGL,1,1
CRIPT,RPE,1,1
CRIPT,SIKE1,1,1
CRIPT,TMED5,1,1
CRIPT,XRCC4,1,1
ELMO2,ATP10D,1,1
ELMO2,CDKL5,1,1
ELMO2,DIXDC1,1,1
ELMO2,GTF2I,1,1
ELMO2,MYBL1,1,1
ELMO2,MZT2A,1,1
STAT5B,AC255361.1,1,1
STAT5B,ALDH6A1,1,1
STAT5B,AXIN2,1,1
STAT5B,BBS9,1,1
STAT5B,BMP4,1,1
STAT5B,BUB3,1,1
STAT5B,C19ORF48,1,1
STAT5B,EXOSC5,1,1
STAT5B,GNG7,1,1
STAT5B,GOLGA2,1,1
STAT5B,IPO13,1,1
STAT5B,KLHL23,1,1
STAT5B,KRCC1,1,1
STAT5B,MRGBP,1,1
STAT5B,MYO18A,1,1
STAT5B,NBR1,1,1
STAT5B,NR1H3,1,1
STAT5B,PDAP1,1,1
STAT5B,PHF5A,1,1
STAT5B,PLCG2,1,1
STAT5B,PLP2,1,1
STAT5B,RAE1,1,1
STAT5B,RAVER2,1,1
STAT5B,RFTN2,1,1
STAT5B,RHBDD2,1,1
STAT5B,SLC52A2,1,1
STAT5B,SPACA9,1,1
STAT5B,STX8,1,1
STAT5B,THRA,1,1
STAT5B,TMEM120A,1,1
STAT5B,TP53I11,1,1
STAT5B,WDR60,1,1
STAT5B,ZCCHC24,1,1
STAT5B,ZNF608,1,1
STAT5B,ZNF616,1,1
STAT5B,ZSCAN21,1,1
UBXN6,C19ORF48,1,1
UBXN6,CENPQ,1,1
UBXN6,CNTNAP1,1,1
UBXN6,CTPS1,1,1
UBXN6,EPT1,1,1
UBXN6,ERCC6L,1,1
UBXN6,FASTKD2,1,1
UBXN6,FUS,1,1
UBXN6,GOLGA2,1,1
UBXN6,KIF23,1,1
UBXN6,LRP10,1,1
UBXN6,MCM6,1,1
UBXN6,MCM7,1,1
UBXN6,MRPL14,1,1
UBXN6,MTA3,1,1
UBXN6,MTBP,1,1
UBXN6,NHP2,1,1
UBXN6,POLA1,1,1
UBXN6,POLE,1,1
UBXN6,PRMT3,1,1
UBXN6,RANBP1,1,1
UBXN6,RAPGEF6,1,1
UBXN6,SMC4,1,1
UBXN6,SPSB2,1,1
UBXN6,STX8,1,1
UBXN6,TANK,1,1
UBXN6,TMPO,1,1
UBXN6,WDR12,1,1
C1R,HTATIP2,1,1
C1R,POLD4,1,1
C1R,SESN2,1,1
PCBP1,ACP1,1,1
PCBP1,ADSL,1,1
PCBP1,ARMC6,1,1
PCBP1,ASAP1,1,1
PCBP1,ATAD2,1,1
PCBP1,CBLL1,1,1
PCBP1,CCNYL1,1,1
PCBP1,CDC45,1,1
PCBP1,CNOT9,1,1
PCBP1,COPB1,1,1
PCBP1,CSE1L,1,1
PCBP1,CTNNBL1,1,1
PCBP1,DBF4,1,1
PCBP1,DDX11,1,1
PCBP1,DSN1,1,1
PCBP1,E2F6,1,1
PCBP1,ELOVL4,1,1
PCBP1,EML4,1,1
PCBP1,G3BP1,1,1
PCBP1,GCFC2,1,1
PCBP1,GORASP2,1,1
PCBP1,HMMR,1,1
PCBP1,KCTD5,1,1
PCBP1,LINC01420,1,1
PCBP1,ME2,1,1
PCBP1,MYO1B,1,1
PCBP1,NFYC,1,1
PCBP1,NIF3L1,1,1
PCBP1,NOL9,1,1
PCBP1,NRAS,1,1
PCBP1,NUP98,1,1
PCBP1,PARP1,1,1
PCBP1,PAX9,1,1
PCBP1,PAXBP1,1,1
PCBP1,PHC1,1,1
PCBP1,PPM1M,1,1
PCBP1,PRELID3B,1,1
PCBP1,RAD21,1,1
PCBP1,RBL1,1,1
PCBP1,RBM15,1,1
PCBP1,SCO2,1,1
PCBP1,SH3D19,1,1
PCBP1,SNRPD3,1,1
PCBP1,THOC7,1,1
PCBP1,TPD52,1,1
PCBP1,UBE2S,1,1
PCBP1,UBIAD1,1,1
PCBP1,WDR12,1,1
PCBP1,WDR3,1,1
PCBP1,XPO1,1,1
PCBP1,ZMYM3,1,1
MLLT3,ITM2A,1,1
MLLT3,NDUFAF1,1,1
MLLT3,PRUNE1,1,1
MLLT3,TRAPPC5,1,1
MLLT3,USP30,1,1
SSB,FBXO5,1,1
SSB,MRPS30,1,1
SSB,NCL,1,1
SSB,TP53INP1,1,1
SSB,UTP20,1,1
ORAOV1,ABHD15,1,1
ORAOV1,CEP112,1,1
ORAOV1,COPS7B,1,1
ORAOV1,EPN2,1,1
ORAOV1,FAM110B,1,1
ORAOV1,GLG1,1,1
ORAOV1,ITM2A,1,1
ORAOV1,MID2,1,1
ORAOV1,PDE10A,1,1
ORAOV1,PPIL2,1,1
ORAOV1,SLC2A10,1,1
ASAP1,ACP1,1,1
ASAP1,ADSL,1,1
ASAP1,ARMC6,1,1
ASAP1,CTNNBL1,1,1
ASAP1,DBF4,1,1
ASAP1,DCAF8,1,1
ASAP1,DCTPP1,1,1
ASAP1,E2F6,1,1
ASAP1,EPT1,1,1
ASAP1,FASTKD2,1,1
ASAP1,G3BP1,1,1
ASAP1,GCFC2,1,1
ASAP1,KCTD5,1,1
ASAP1,KPNA1,1,1
ASAP1,LINC01420,1,1
ASAP1,MYO1B,1,1
ASAP1,NCAPG,1,1
ASAP1,NCL,1,1
ASAP1,NOL9,1,1
ASAP1,NOP56,1,1
ASAP1,NUP98,1,1
ASAP1,PHC1,1,1
ASAP1,POLA1,1,1
ASAP1,PPM1M,1,1
ASAP1,PRMT3,1,1
ASAP1,RBL1,1,1
ASAP1,ROCK2,1,1
ASAP1,SMYD5,1,1
ASAP1,SNRPD3,1,1
ASAP1,SRFBP1,1,1
ASAP1,TNPO1,1,1
ASAP1,TXNRD1,1,1
ASAP1,UBIAD1,1,1
ASAP1,WDR12,1,1
ASAP1,XPO1,1,1
ASAP1,ZDHHC1,1,1
ASAP1,ZMYM3,1,1
ISYNA1,EHHADH,1,1
ISYNA1,ETV6,1,1
ISYNA1,FAM117A,1,1
ISYNA1,GALK1,1,1
ISYNA1,GAREM1,1,1
ISYNA1,MAGI2,1,1
ISYNA1,NDRG2,1,1
ISYNA1,OGDH,1,1
ISYNA1,PLPPR2,1,1
ISYNA1,PRICKLE2,1,1
ISYNA1,RARG,1,1
ISYNA1,RGL1,1,1
ISYNA1,SIPA1L2,1,1
ISYNA1,SNTA1,1,1
ISYNA1,SWI5,1,1
ISYNA1,TATDN3,1,1
ISYNA1,TBX2,1,1
ISYNA1,TPP2,1,1
ISYNA1,VWA5A,1,1
ISYNA1,YPEL2,1,1
HINT1,ACTR3,1,1
HINT1,ARPC2,1,1
HINT1,C11ORF58,1,1
HINT1,CHAMP1,1,1
HINT1,CNOT9,1,1
HINT1,CRAT,1,1
HINT1,CSE1L,1,1
HINT1,CSTF1,1,1
HINT1,G3BP1,1,1
HINT1,GLMN,1,1
HINT1,MED21,1,1
HINT1,MRPL17,1,1
HINT1,NUB1,1,1
HINT1,PAXBP1,1,1
HINT1,PPP6R3,1,1
HINT1,RCHY1,1,1
HINT1,SLC25A26,1,1
HINT1,SLC43A3,1,1
HINT1,STAU1,1,1
HINT1,SUOX,1,1
SUMO1,ANGEL1,1,1
SUMO1,AXIN2,1,1
SUMO1,BUB3,1,1
SUMO1,C5ORF30,1,1
SUMO1,CAMKK2,1,1
SUMO1,CCDC125,1,1
SUMO1,CEP19,1,1
SUMO1,EPHX2,1,1
SUMO1,EXOSC5,1,1
SUMO1,FAF1,1,1
SUMO1,IFFO1,1,1
SUMO1,IPO13,1,1
SUMO1,KLHL23,1,1
SUMO1,MAT2B,1,1
SUMO1,METTL2B,1,1
SUMO1,MYBL1,1,1
SUMO1,NCBP2,1,1
SUMO1,PCDHGC3,1,1
SUMO1,PDAP1,1,1
SUMO1,PFKL,1,1
SUMO1,PIGC,1,1
SUMO1,PLP2,1,1
SUMO1,RHBDD2,1,1
SUMO1,RRAGA,1,1
SUMO1,SEC23B,1,1
SUMO1,SGMS2,1,1
SUMO1,SH3BP4,1,1
SUMO1,SPCS3,1,1
SUMO1,TMEM120A,1,1
SUMO1,WDR60,1,1
SUMO1,YWHAQ,1,1
SUMO1,ZSCAN21,1,1
SERF1B,ANXA7,1,1
SERF1B,COX7A2L,1,1
SERF1B,DOLK,1,1
SERF1B,NECTIN1,1,1
SERF1B,SCAND1,1,1
SERF1B,SLX1B,1,1
SERF1B,WRAP73,1,1
SERF1B,ZNF329,1,1
ISOC1,BID,1,1
ISOC1,CCNE2,1,1
ISOC1,CENPV,1,1
ISOC1,CORO1C,1,1
ISOC1,DCP1B,1,1
ISOC1,DGKQ,1,1
ISOC1,E2F1,1,1
ISOC1,E2F3,1,1
ISOC1,EIF4G2,1,1
ISOC1,ESF1,1,1
ISOC1,FAR1,1,1
ISOC1,GSTA4,1,1
ISOC1,HPSE,1,1
ISOC1,MAN2B1,1,1
ISOC1,MAT2B,1,1
ISOC1,MCM8,1,1
ISOC1,MKI67,1,1
ISOC1,MRPS18C,1,1
ISOC1,PCNA,1,1
ISOC1,POP4,1,1
ISOC1,PRKD1,1,1
ISOC1,PSMB7,1,1
ISOC1,RAE1,1,1
ISOC1,RASSF7,1,1
ISOC1,RAVER2,1,1
ISOC1,RRM1,1,1
ISOC1,RTKN2,1,1
ISOC1,SASS6,1,1
ISOC1,SF3B1,1,1
ISOC1,SH3BP4,1,1
ISOC1,SNRPB,1,1
ISOC1,SP140L,1,1
ISOC1,TBCB,1,1
ISOC1,TBKBP1,1,1
ISOC1,TCOF1,1,1
ISOC1,VASH1,1,1
ISOC1,ZWINT,1,1
KRCC1,AXIN2,1,1
KRCC1,C19ORF48,1,1
KRCC1,EXOSC5,1,1
KRCC1,GNG7,1,1
KRCC1,GOLGA2,1,1
KRCC1,IFFO1,1,1
KRCC1,KLHL23,1,1
KRCC1,MRGBP,1,1
KRCC1,MTBP,1,1
KRCC1,MYBL1,1,1
KRCC1,MYO18A,1,1
KRCC1,MYO19,1,1
KRCC1,PDAP1,1,1
KRCC1,PHF5A,1,1
KRCC1,PLP2,1,1
KRCC1,PRDX3,1,1
KRCC1,RAE1,1,1
KRCC1,RAVER2,1,1
KRCC1,RHBDD2,1,1
KRCC1,RPRD1B,1,1
KRCC1,SASS6,1,1
KRCC1,THRA,1,1
KRCC1,WDR60,1,1
KRCC1,YWHAQ,1,1
KRCC1,ZFAND1,1,1
KRCC1,ZNF608,1,1
KRCC1,ZSCAN21,1,1
CAPN10,ACACA,1,1
CAPN10,GPAA1,1,1
CAPN10,LPAR3,1,1
CAPN10,NDUFS8,1,1
CAPN10,WRAP73,1,1
C11ORF58,ADNP,1,1
C11ORF58,ARPC2,1,1
C11ORF58,CRAT,1,1
C11ORF58,CSE1L,1,1
C11ORF58,DDX27,1,1
C11ORF58,E2F8,1,1
C11ORF58,FAR1,1,1
C11ORF58,G3BP1,1,1
C11ORF58,GLMN,1,1
C11ORF58,IMPA1,1,1
C11ORF58,KBTBD8,1,1
C11ORF58,NUB1,1,1
C11ORF58,ODF2L,1,1
C11ORF58,PAXBP1,1,1
C11ORF58,PPP6R3,1,1
C11ORF58,PRKACA,1,1
C11ORF58,RCHY1,1,1
C11ORF58,ROCK2,1,1
C11ORF58,SF3B1,1,1
C11ORF58,SLC25A26,1,1
C11ORF58,SLC43A3,1,1
C11ORF58,STAU1,1,1
C11ORF58,TBCB,1,1
C11ORF58,ZFP36L1,1,1
KBTBD8,ACP1,1,1
KBTBD8,AEN,1,1
KBTBD8,ANXA7,1,1
KBTBD8,APPBP2,1,1
KBTBD8,ATAD2,1,1
KBTBD8,CCNE2,1,1
KBTBD8,CDCA7,1,1
KBTBD8,CNOT9,1,1
KBTBD8,CPSF4,1,1
KBTBD8,CRAT,1,1
KBTBD8,CSE1L,1,1
KBTBD8,DCP1B,1,1
KBTBD8,DCTPP1,1,1
KBTBD8,DDX27,1,1
KBTBD8,DHFR,1,1
KBTBD8,EIF4G2,1,1
KBTBD8,ESF1,1,1
KBTBD8,FASTKD2,1,1
KBTBD8,G3BP1,1,1
KBTBD8,HAUS8,1,1
KBTBD8,HILPDA,1,1
KBTBD8,IMPA1,1,1
KBTBD8,MCM7,1,1
KBTBD8,MCM8,1,1
KBTBD8,NOL9,1,1
KBTBD8,NOP56,1,1
KBTBD8,OLA1,1,1
KBTBD8,PAQR4,1,1
KBTBD8,PARP1,1,1
KBTBD8,PCNA,1,1
KBTBD8,PSMA1,1,1
KBTBD8,RAD21,1,1
KBTBD8,SF3B1,1,1
KBTBD8,SLC43A3,1,1
KBTBD8,SMC4,1,1
KBTBD8,TBCB,1,1
KBTBD8,TBKBP1,1,1
KBTBD8,TCOF1,1,1
KBTBD8,TMEM237,1,1
MCM8,ANXA7,1,1
MCM8,APLP2,1,1
MCM8,ARID3B,1,1
MCM8,BID,1,1
MCM8,CCNE2,1,1
MCM8,CENPV,1,1
MCM8,CORO1C,1,1
MCM8,CPSF4,1,1
MCM8,DCP1B,1,1
MCM8,DDX27,1,1
MCM8,E2F1,1,1
MCM8,ELL,1,1
MCM8,ERI2,1,1
MCM8,FAR1,1,1
MCM8,HPSE,1,1
MCM8,LPAR3,1,1
MCM8,MRPS18C,1,1
MCM8,NDUFAF1,1,1
MCM8,PCNA,1,1
MCM8,POP4,1,1
MCM8,PSMB7,1,1
MCM8,RASSF7,1,1
MCM8,RAVER2,1,1
MCM8,RNF10,1,1
MCM8,RTKN2,1,1
MCM8,SF3B1,1,1
MCM8,SGMS2,1,1
MCM8,SH3BP4,1,1
MCM8,SP140L,1,1
MCM8,STK35,1,1
MCM8,TBCB,1,1
MCM8,TBKBP1,1,1
MCM8,TCOF1,1,1
MCM8,THEM6,1,1
MCM8,VASH1,1,1
MCM8,WEE1,1,1
MCM8,ZNF521,1,1
MCM8,ZNF585A,1,1
TMED5,AKT1,1,1
TMED5,CBLL1,1,1
TMED5,CCNYL1,1,1
TMED5,COPB1,1,1
TMED5,DSG2,1,1
TMED5,DYRK4,1,1
TMED5,GCFC2,1,1
TMED5,HMMR,1,1
TMED5,NRAS,1,1
TMED5,OLA1,1,1
TMED5,PRELID3B,1,1
TMED5,RPE,1,1
TMED5,RYK,1,1
TMED5,SH3D19,1,1
TMED5,SIKE1,1,1
TMED5,XRCC4,1,1
EXOSC5,AXIN2,1,1
EXOSC5,BID,1,1
EXOSC5,BMP4,1,1
EXOSC5,BUB3,1,1
EXOSC5,CAMKK2,1,1
EXOSC5,CCDC125,1,1
EXOSC5,CDON,1,1
EXOSC5,ELL,1,1
EXOSC5,EPHX2,1,1
EXOSC5,FAF1,1,1
EXOSC5,FAM120B,1,1
EXOSC5,FHL1,1,1
EXOSC5,HERC2,1,1
EXOSC5,HPSE,1,1
EXOSC5,KLHL23,1,1
EXOSC5,MAT2B,1,1
EXOSC5,METTL2B,1,1
EXOSC5,MYBL1,1,1
EXOSC5,PCDHGC3,1,1
EXOSC5,PDAP1,1,1
EXOSC5,PDE4A,1,1
EXOSC5,PFKL,1,1
EXOSC5,PIGC,1,1
EXOSC5,PLP2,1,1
EXOSC5,POP4,1,1
EXOSC5,RAE1,1,1
EXOSC5,RASSF7,1,1
EXOSC5,RAVER2,1,1
EXOSC5,RHBDD2,1,1
EXOSC5,ROMO1,1,1
EXOSC5,RRAGA,1,1
EXOSC5,SEC23B,1,1
EXOSC5,SGMS2,1,1
EXOSC5,SH3BP4,1,1
EXOSC5,SLC52A2,1,1
EXOSC5,SNRPB,1,1
EXOSC5,SP140L,1,1
EXOSC5,SPACA9,1,1
EXOSC5,TMEM120A,1,1
EXOSC5,WDR60,1,1
EXOSC5,YWHAQ,1,1
EXOSC5,ZNF585A,1,1
EXOSC5,ZNF616,1,1
EXOSC5,ZSCAN21,1,1
KCNA2,AXIN2,1,1
KCNA2,BID,1,1
KCNA2,CCDC125,1,1
KCNA2,DGKQ,1,1
KCNA2,ERI2,1,1
KCNA2,GAS8,1,1
KCNA2,GSE1,1,1
KCNA2,METTL2B,1,1
KCNA2,MT-ND2,1,1
KCNA2,MTG2,1,1
KCNA2,PLP2,1,1
KCNA2,POC1A,1,1
KCNA2,RAVER2,1,1
KCNA2,ROMO1,1,1
KCNA2,SGMS2,1,1
KCNA2,SH3BP4,1,1
KCNA2,SPACA9,1,1
KCNA2,THEM6,1,1
KCNA2,VASH1,1,1
KCNA2,WDR60,1,1
SH3BP4,APLP2,1,1
SH3BP4,ARID3B,1,1
SH3BP4,BID,1,1
SH3BP4,BUB3,1,1
SH3BP4,CAMKK2,1,1
SH3BP4,CCDC125,1,1
SH3BP4,CENPU,1,1
SH3BP4,CEP112,1,1
SH3BP4,CEP19,1,1
SH3BP4,COPS7A,1,1
SH3BP4,CORO1C,1,1
SH3BP4,DGKQ,1,1
SH3BP4,ELL,1,1
SH3BP4,EPHX2,1,1
SH3BP4,ERI2,1,1
SH3BP4,FAF1,1,1
SH3BP4,FAM120B,1,1
SH3BP4,GSTA4,1,1
SH3BP4,HPSE,1,1
SH3BP4,ITM2A,1,1
SH3BP4,MAT2B,1,1
SH3BP4,MRPS18C,1,1
SH3BP4,MTG2,1,1
SH3BP4,PCDHGC3,1,1
SH3BP4,PDAP1,1,1
SH3BP4,PDE4A,1,1
SH3BP4,PIGC,1,1
SH3BP4,PLP2,1,1
SH3BP4,POP4,1,1
SH3BP4,PRKD1,1,1
SH3BP4,PSMB7,1,1
SH3BP4,RASSF7,1,1
SH3BP4,RAVER2,1,1
SH3BP4,RIOK3,1,1
SH3BP4,RNF25,1,1
SH3BP4,RP11-568K15.1,1,1
SH3BP4,RRAGA,1,1
SH3BP4,RTKN2,1,1
SH3BP4,SEC23B,1,1
SH3BP4,SGMS2,1,1
SH3BP4,SLC2A13,1,1
SH3BP4,SNRPB,1,1
SH3BP4,SP140L,1,1
SH3BP4,SPACA9,1,1
SH3BP4,SPRYD3,1,1
SH3BP4,TBCB,1,1
SH3BP4,TCOF1,1,1
SH3BP4,THEM6,1,1
SH3BP4,TMEM120A,1,1
SH3BP4,VASH1,1,1
SH3BP4,WDR60,1,1
SH3BP4,WEE1,1,1
SH3BP4,YWHAQ,1,1
SH3BP4,ZNF521,1,1
SH3BP4,ZNF585A,1,1
RRM1,ARHGAP11A,1,1
RRM1,BID,1,1
RRM1,BUB3,1,1
RRM1,CCNE2,1,1
RRM1,CENPU,1,1
RRM1,E2F1,1,1
RRM1,FAM120B,1,1
RRM1,GJC1,1,1
RRM1,MAT2B,1,1
RRM1,MKI67,1,1
RRM1,MRPS18C,1,1
RRM1,PDAP1,1,1
RRM1,PHF5A,1,1
RRM1,PRDX3,1,1
RRM1,PRELID1P1,1,1
RRM1,PSMB7,1,1
RRM1,RAE1,1,1
RRM1,RASSF7,1,1
RRM1,RAVER2,1,1
RRM1,SASS6,1,1
RRM1,SNRPB,1,1
RRM1,SP140L,1,1
RRM1,SPDL1,1,1
RRM1,XRCC5,1,1
RRM1,ZCCHC24,1,1
RRM1,ZWINT,1,1
STX4,CAND1,1,1
STX4,CDCA8,1,1
STX4,DBF4,1,1
STX4,GNL2,1,1
STX4,GPN3,1,1
STX4,MARK4,1,1
STX4,MCM5,1,1
STX4,MTHFD1,1,1
STX4,NCAPG2,1,1
STX4,PLK1,1,1
STX4,RAD54L,1,1
STX4,SUZ12,1,1
STX4,TMEM134,1,1
STX4,TP53INP1,1,1
STX4,TYMS,1,1
TCOF1,AEN,1,1
TCOF1,ANXA7,1,1
TCOF1,APPBP2,1,1
TCOF1,BID,1,1
TCOF1,BMP4,1,1
TCOF1,C19ORF48,1,1
TCOF1,CCNE2,1,1
TCOF1,CPSF4,1,1
TCOF1,DCP1B,1,1
TCOF1,DDX27,1,1
TCOF1,E2F1,1,1
TCOF1,EIF4G2,1,1
TCOF1,ESF1,1,1
TCOF1,FASTKD2,1,1
TCOF1,HELLS,1,1
TCOF1,KLHL23,1,1
TCOF1,MRPS18C,1,1
TCOF1,MYO19,1,1
TCOF1,PAQR4,1,1
TCOF1,PDAP1,1,1
TCOF1,PHF5A,1,1
TCOF1,PLP2,1,1
TCOF1,POP4,1,1
TCOF1,PSMA1,1,1
TCOF1,PTPN13,1,1
TCOF1,PUF60,1,1
TCOF1,RAE1,1,1
TCOF1,RASSF7,1,1
TCOF1,RAVER2,1,1
TCOF1,RNF10,1,1
TCOF1,RNF25,1,1
TCOF1,SIAE,1,1
TCOF1,SP140L,1,1
TCOF1,SPACA9,1,1
TCOF1,SPDL1,1,1
TCOF1,TBC1D5,1,1
TCOF1,TBCB,1,1
TCOF1,TBKBP1,1,1
TCOF1,TMEM120A,1,1
TCOF1,ZCCHC24,1,1
TCOF1,ZNF585A,1,1
ZSCAN21,ANGEL1,1,1
ZSCAN21,AXIN2,1,1
ZSCAN21,GNG7,1,1
ZSCAN21,IPO13,1,1
ZSCAN21,MYO18A,1,1
ZSCAN21,PDAP1,1,1
ZSCAN21,PLCG2,1,1
ZSCAN21,PLP2,1,1
ZSCAN21,RHBDD2,1,1
ZSCAN21,SPACA9,1,1
ZSCAN21,TCEAL4,1,1
ZSCAN21,TMEM120A,1,1
ZSCAN21,TP53I11,1,1
ZSCAN21,WDR60,1,1
ZSCAN21,YWHAQ,1,1
ZSCAN21,ZNF608,1,1
DGKQ,BID,1,1
DGKQ,CENPU,1,1
DGKQ,CEP19,1,1
DGKQ,CORO1C,1,1
DGKQ,GSE1,1,1
DGKQ,GSTA4,1,1
DGKQ,HPSE,1,1
DGKQ,MTG2,1,1
DGKQ,PRKD1,1,1
DGKQ,RAVER2,1,1
DGKQ,RTKN2,1,1
DGKQ,SGMS2,1,1
KLHL23,AXIN2,1,1
KLHL23,BID,1,1
KLHL23,BMP4,1,1
KLHL23,BUB3,1,1
KLHL23,CAMKK2,1,1
KLHL23,CCDC125,1,1
KLHL23,CDON,1,1
KLHL23,E2F1,1,1
KLHL23,FAF1,1,1
KLHL23,FAM120B,1,1
KLHL23,FHL1,1,1
KLHL23,GNG7,1,1
KLHL23,HELLS,1,1
KLHL23,HERC2,1,1
KLHL23,IFFO1,1,1
KLHL23,IPO13,1,1
KLHL23,MAT2B,1,1
KLHL23,MRGBP,1,1
KLHL23,MYBL1,1,1
KLHL23,MYO19,1,1
KLHL23,NCBP2,1,1
KLHL23,PAQR4,1,1
KLHL23,PDAP1,1,1
KLHL23,PDE4A,1,1
KLHL23,PFKL,1,1
KLHL23,PHF5A,1,1
KLHL23,PLP2,1,1
KLHL23,POP4,1,1
KLHL23,RAE1,1,1
KLHL23,RAVER2,1,1
KLHL23,RHBDD2,1,1
KLHL23,RPRD1B,1,1
KLHL23,RRAGA,1,1
KLHL23,SASS6,1,1
KLHL23,SEC23B,1,1
KLHL23,SIAE,1,1
KLHL23,SP140L,1,1
KLHL23,THRA,1,1
KLHL23,TMEM120A,1,1
KLHL23,WDR60,1,1
KLHL23,XRCC5,1,1
KLHL23,YWHAQ,1,1
KLHL23,ZNF585A,1,1
KLHL23,ZNF608,1,1
ALMS1,GTF2IP20,1,1
ALG10,ADSL,1,1
ALG10,CCNYL1,1,1
ALG10,COPB1,1,1
ALG10,ELOVL4,1,1
ALG10,GORASP2,1,1
ALG10,IMPA1,1,1
ALG10,ME2,1,1
ALG10,MRPL17,1,1
ALG10,MYO1B,1,1
ALG10,NFYC,1,1
ALG10,NIF3L1,1,1
ALG10,NRAS,1,1
ALG10,PAX9,1,1
ALG10,PRELID3B,1,1
ALG10,RASSF8,1,1
ALG10,RBL1,1,1
ALG10,RYK,1,1
ALG10,SCO2,1,1
ALG10,SH3D19,1,1
ALG10,THAP5,1,1
ALG10,THOC7,1,1
ALG10,TPD52,1,1
ALG10,UBIAD1,1,1
TMPO,ACP1,1,1
TMPO,CENPQ,1,1
TMPO,CTPS1,1,1
TMPO,EPT1,1,1
TMPO,ERCC6L,1,1
TMPO,FASTKD2,1,1
TMPO,GCFC2,1,1
TMPO,HILPDA,1,1
TMPO,KIF23,1,1
TMPO,KLC4,1,1
TMPO,LRP10,1,1
TMPO,MCM6,1,1
TMPO,MCM7,1,1
TMPO,NCAPG,1,1
TMPO,PFDN4,1,1
TMPO,POLA1,1,1
TMPO,POLE,1,1
TMPO,PRMT3,1,1
TMPO,RANBP1,1,1
TMPO,RAPGEF6,1,1
TMPO,RRNAD1,1,1
TMPO,SMC4,1,1
TMPO,SMYD5,1,1
TMPO,WDR12,1,1
TMPO,XPO1,1,1
SLC2A10,ABHD15,1,1
SLC2A10,CDH19,1,1
SLC2A10,CDIPT,1,1
SLC2A10,CEP112,1,1
SLC2A10,EPN2,1,1
SLC2A10,ETV6,1,1
SLC2A10,FAM110B,1,1
SLC2A10,GLG1,1,1
SLC2A10,ITM2A,1,1
SLC2A10,MICB,1,1
SLC2A10,MID2,1,1
SLC2A10,PAFAH1B3,1,1
SLC2A10,PDE10A,1,1
SLC2A10,PPIL2,1,1
SLC2A10,RNF187,1,1
SLC2A10,ROBO2,1,1
SLC2A10,RP11-568K15.1,1,1
SLC2A10,SERINC2,1,1
SLC2A10,SRSF11,1,1
SLC2A10,SYTL2,1,1
SLC2A10,UGCG,1,1
SLC2A10,VWA5A,1,1
SLC2A10,YPEL2,1,1
ROMO1,AKIP1,1,1
ROMO1,AL589743.1,1,1
ROMO1,BID,1,1
ROMO1,CCDC125,1,1
ROMO1,GSE1,1,1
ROMO1,HERC2,1,1
ROMO1,METTL2B,1,1
ROMO1,MZT2A,1,1
ROMO1,PDE4A,1,1
ROMO1,PTPN13,1,1
ROMO1,SEC23B,1,1
ROMO1,SGMS2,1,1
ROMO1,THEM6,1,1
ROMO1,WDR60,1,1
ROMO1,ZNF521,1,1
ROMO1,ZNF585A,1,1
GOSR2,C2ORF47,1,1
GOSR2,C4ORF3,1,1
GOSR2,DSG2,1,1
GOSR2,DYRK4,1,1
GOSR2,GCFC2,1,1
GOSR2,GOLGA7,1,1
GOSR2,GPN3,1,1
GOSR2,PDCL3,1,1
GOSR2,PRMT3,1,1
GOSR2,SFXN1,1,1
GOSR2,TAF1B,1,1
GOSR2,WDR12,1,1
RYK,ADSL,1,1
RYK,AKT1,1,1
RYK,CCNYL1,1,1
RYK,CD44,1,1
RYK,COPB1,1,1
RYK,CTNNBL1,1,1
RYK,DSG2,1,1
RYK,DYRK4,1,1
RYK,GCFC2,1,1
RYK,GOLGA7,1,1
RYK,MARC2,1,1
RYK,ME2,1,1
RYK,OLA1,1,1
RYK,ONECUT2,1,1
RYK,PAX9,1,1
RYK,PPTC7,1,1
RYK,PRELID3B,1,1
RYK,RBL1,1,1
RYK,RPE,1,1
RYK,SCLY,1,1
RYK,SH3D19,1,1
RYK,SIKE1,1,1
RYK,SPRED2,1,1
RYK,THOC7,1,1
WNK1,GAS8,1,1
TBKBP1,AEN,1,1
TBKBP1,ANXA7,1,1
TBKBP1,APPBP2,1,1
TBKBP1,CCNE2,1,1
TBKBP1,CDCA7,1,1
TBKBP1,COPS7A,1,1
TBKBP1,CPSF4,1,1
TBKBP1,CRAT,1,1
TBKBP1,DCP1B,1,1
TBKBP1,DDX27,1,1
TBKBP1,DHFR,1,1
TBKBP1,E2F1,1,1
TBKBP1,E2F3,1,1
TBKBP1,EIF4G2,1,1
TBKBP1,ESF1,1,1
TBKBP1,FAR1,1,1
TBKBP1,FASTKD2,1,1
TBKBP1,MBD5,1,1
TBKBP1,MRPS18C,1,1
TBKBP1,NOP56,1,1
TBKBP1,PCNA,1,1
TBKBP1,PSMA1,1,1
TBKBP1,RASSF7,1,1
TBKBP1,RAVER2,1,1
TBKBP1,SF3B1,1,1
TBKBP1,SLC43A3,1,1
TBKBP1,SP140L,1,1
TBKBP1,SPACA9,1,1
TBKBP1,TBC1D5,1,1
TBKBP1,TBCB,1,1
TBKBP1,VASH1,1,1
SWI5,ABHD15,1,1
SWI5,ALX1,1,1
SWI5,ECHDC3,1,1
SWI5,ETV6,1,1
SWI5,MAGI2,1,1
SWI5,NDRG2,1,1
SWI5,OGDH,1,1
SWI5,PLEKHH2,1,1
SWI5,PRICKLE2,1,1
SWI5,RARG,1,1
SWI5,SLC25A39,1,1
SWI5,SPATA20,1,1
SWI5,TBX2,1,1
SWI5,TPP2,1,1
SWI5,UGCG,1,1
SWI5,VWA5A,1,1
SWI5,YPEL2,1,1
RP11-692N5.2,SPG21,1,1
KAZALD1,DOLK,1,1
KAZALD1,TMEM56,1,1
FHL1,AKAP8L,1,1
FHL1,FAF1,1,1
FHL1,HERC2,1,1
FHL1,METTL2B,1,1
FHL1,NUPR1,1,1
FHL1,PAQR4,1,1
FHL1,PDAP1,1,1
FHL1,POP4,1,1
FHL1,PTPN13,1,1
FHL1,RAVER2,1,1
FHL1,RHBDD2,1,1
FHL1,SEC23B,1,1
FHL1,SIAE,1,1
FHL1,SLC52A2,1,1
FHL1,THOC5,1,1
FHL1,ZNF585A,1,1
ERI2,ATP10D,1,1
ERI2,CCDC125,1,1
ERI2,CENPU,1,1
ERI2,GAS8,1,1
ERI2,PCDHGC3,1,1
ERI2,PSMB7,1,1
ERI2,RAVER2,1,1
ERI2,RRAGA,1,1
ERI2,SGMS2,1,1
ERI2,SLC2A13,1,1
ERI2,THEM6,1,1
ERI2,WDR60,1,1
ERI2,ZNF521,1,1
TP53I11,AC255361.1,1,1
TP53I11,ALDH6A1,1,1
TP53I11,APPBP2,1,1
TP53I11,BMP4,1,1
TP53I11,CDKL5,1,1
TP53I11,GNG7,1,1
TP53I11,GOLGA2,1,1
TP53I11,HERC2,1,1
TP53I11,IFT74,1,1
TP53I11,MRAS,1,1
TP53I11,MTND4P12,1,1
TP53I11,MYO18A,1,1
TP53I11,NR1H3,1,1
TP53I11,PLCG2,1,1
TP53I11,RFTN2,1,1
TP53I11,SPACA9,1,1
TP53I11,STX8,1,1
TP53I11,TANK,1,1
TP53I11,THRA,1,1
TP53I11,ZNF608,1,1
TP53I11,ZNF616,1,1
RASSF8,ARPC2,1,1
RASSF8,KPNA1,1,1
RASSF8,PPP6R3,1,1
RASSF8,ROCK2,1,1
RASSF8,STAU1,1,1
PHF21A,COG4,1,1
PHF21A,FBXL20,1,1
ADSL,ACP1,1,1
ADSL,ARMC6,1,1
ADSL,ARPC2,1,1
ADSL,ATAD2,1,1
ADSL,CCNYL1,1,1
ADSL,CDC45,1,1
ADSL,CNOT9,1,1
ADSL,COPB1,1,1
ADSL,CSE1L,1,1
ADSL,CTNNBL1,1,1
ADSL,DBF4,1,1
ADSL,DCAF5,1,1
ADSL,DDX11,1,1
ADSL,DSN1,1,1
ADSL,E2F6,1,1
ADSL,ELOVL4,1,1
ADSL,G3BP1,1,1
ADSL,GCFC2,1,1
ADSL,GLMN,1,1
ADSL,GORASP2,1,1
ADSL,KCTD5,1,1
ADSL,ME2,1,1
ADSL,MED21,1,1
ADSL,MRPL17,1,1
ADSL,MYO1B,1,1
ADSL,NFYC,1,1
ADSL,NIF3L1,1,1
ADSL,NOL9,1,1
ADSL,NOP56,1,1
ADSL,NRAS,1,1
ADSL,NUP98,1,1
ADSL,OLA1,1,1
ADSL,ONECUT2,1,1
ADSL,PARP1,1,1
ADSL,PAX9,1,1
ADSL,PAXBP1,1,1
ADSL,PHC1,1,1
ADSL,POLA1,1,1
ADSL,PPM1M,1,1
ADSL,PRELID3B,1,1
ADSL,RAD21,1,1
ADSL,RBL1,1,1
ADSL,RBM15,1,1
ADSL,SCO2,1,1
ADSL,SH3D19,1,1
ADSL,SNRPD3,1,1
ADSL,SPICE1,1,1
ADSL,STAU1,1,1
ADSL,THOC7,1,1
ADSL,TPD52,1,1
ADSL,TXNRD1,1,1
ADSL,UBE2S,1,1
ADSL,UBIAD1,1,1
ADSL,WDR12,1,1
ADSL,XPO1,1,1
ADSL,ZDHHC1,1,1
ADSL,ZMYM3,1,1
ADSL,ZNF549,1,1
HERC2,AL589743.1,1,1
HERC2,BMP4,1,1
HERC2,CCDC125,1,1
HERC2,CDON,1,1
HERC2,HDAC9,1,1
HERC2,MARC2,1,1
HERC2,MRAS,1,1
HERC2,PAQR4,1,1
HERC2,PDE4A,1,1
HERC2,PTPN13,1,1
HERC2,RHBDD2,1,1
HERC2,SEC23B,1,1
HERC2,SIAE,1,1
HERC2,SMAP1,1,1
HERC2,TANK,1,1
HERC2,TBC1D5,1,1
HERC2,THOC5,1,1
HERC2,THRA,1,1
HERC2,ZNF585A,1,1
POP4,APLP2,1,1
POP4,BID,1,1
POP4,CCDC125,1,1
POP4,E2F1,1,1
POP4,ELL,1,1
POP4,FAF1,1,1
POP4,HPSE,1,1
POP4,PAQR4,1,1
POP4,PDAP1,1,1
POP4,PDE4A,1,1
POP4,PSMD8,1,1
POP4,PTPN13,1,1
POP4,RAE1,1,1
POP4,RASSF7,1,1
POP4,RAVER2,1,1
POP4,RNF10,1,1
POP4,SASS6,1,1
POP4,SEC23B,1,1
POP4,SIAE,1,1
POP4,SP140L,1,1
POP4,TBC1D5,1,1
POP4,WDR60,1,1
POP4,ZNF521,1,1
POP4,ZNF585A,1,1
CENPQ,ACP1,1,1
CENPQ,C19ORF48,1,1
CENPQ,CENPO,1,1
CENPQ,CTPS1,1,1
CENPQ,EPT1,1,1
CENPQ,ERCC6L,1,1
CENPQ,FASTKD2,1,1
CENPQ,HAUS8,1,1
CENPQ,HELLS,1,1
CENPQ,HILPDA,1,1
CENPQ,KIF23,1,1
CENPQ,LRP10,1,1
CENPQ,MCM4,1,1
CENPQ,MCM6,1,1
CENPQ,MCM7,1,1
CENPQ,MRPL14,1,1
CENPQ,MTBP,1,1
CENPQ,MYO19,1,1
CENPQ,NCAPG,1,1
CENPQ,NHP2,1,1
CENPQ,OLA1,1,1
CENPQ,PAQR4,1,1
CENPQ,PFDN4,1,1
CENPQ,POLA1,1,1
CENPQ,POLE,1,1
CENPQ,PRDX3,1,1
CENPQ,PRMT3,1,1
CENPQ,PSMA1,1,1
CENPQ,RANBP1,1,1
CENPQ,RAPGEF6,1,1
CENPQ,SMC4,1,1
CENPQ,SMYD5,1,1
CENPQ,SPDL1,1,1
CENPQ,TANK,1,1
CENPQ,UBE2S,1,1
CENPQ,WDR12,1,1
CENPQ,XPO1,1,1
LPAR3,APLP2,1,1
LPAR3,ARHGEF6,1,1
LPAR3,CENPV,1,1
LPAR3,CEP112,1,1
LPAR3,CLIP4,1,1
LPAR3,COPS7B,1,1
LPAR3,CORO1C,1,1
LPAR3,DMD,1,1
LPAR3,ITM2A,1,1
LPAR3,MBD5,1,1
LPAR3,MTG2,1,1
LPAR3,NDUFAF1,1,1
LPAR3,NDUFS8,1,1
LPAR3,NSFL1C,1,1
LPAR3,ODF2L,1,1
LPAR3,ORMDL2,1,1
LPAR3,RTKN2,1,1
LPAR3,SF3B1,1,1
LPAR3,STK35,1,1
LPAR3,TBCB,1,1
LPAR3,THEM6,1,1
LPAR3,VASH1,1,1
LPAR3,WEE1,1,1
LPAR3,WRAP73,1,1
LPAR3,ZNF521,1,1
MKI67,CENPU,1,1
MKI67,DCK,1,1
MKI67,GJC1,1,1
MKI67,MRPS18C,1,1
MKI67,POC1A,1,1
MKI67,PRELID1P1,1,1
MKI67,ZWINT,1,1
PKM,BRSK2,1,1
PKM,C2ORF47,1,1
PKM,DCAF5,1,1
PKM,DSG2,1,1
PKM,DYRK4,1,1
PKM,GCFC2,1,1
PKM,GPN3,1,1
PKM,HMMR,1,1
PKM,IMMT,1,1
PKM,MCM5,1,1
PKM,PRELID3B,1,1
PKM,PYGL,1,1
PKM,RAN,1,1
PKM,RIN3,1,1
PKM,RPE,1,1
PKM,SFXN1,1,1
PKM,SH3D19,1,1
PKM,STK19,1,1
PKM,TAF1B,1,1
PKM,WDR3,1,1
PKM,XRCC4,1,1
PKM,YIPF5,1,1
PDAP1,AXIN2,1,1
PDAP1,BID,1,1
PDAP1,BUB3,1,1
PDAP1,CAMKK2,1,1
PDAP1,CCDC125,1,1
PDAP1,CDON,1,1
PDAP1,CENPU,1,1
PDAP1,E2F1,1,1
PDAP1,ELL,1,1
PDAP1,FAF1,1,1
PDAP1,FAM120B,1,1
PDAP1,GNG7,1,1
PDAP1,HELLS,1,1
PDAP1,IPO13,1,1
PDAP1,MAT2B,1,1
PDAP1,MRPS18C,1,1
PDAP1,MYBL1,1,1
PDAP1,MYO19,1,1
PDAP1,PDE4A,1,1
PDAP1,PFKL,1,1
PDAP1,PHF5A,1,1
PDAP1,PIGC,1,1
PDAP1,PLP2,1,1
PDAP1,RAE1,1,1
PDAP1,RAVER2,1,1
PDAP1,RHBDD2,1,1
PDAP1,RRAGA,1,1
PDAP1,SASS6,1,1
PDAP1,SEC23B,1,1
PDAP1,SGMS2,1,1
PDAP1,SIAE,1,1
PDAP1,SMAP1,1,1
PDAP1,SNRPB,1,1
PDAP1,SP140L,1,1
PDAP1,SPACA9,1,1
PDAP1,THRA,1,1
PDAP1,TMEM120A,1,1
PDAP1,WDR60,1,1
PDAP1,XRCC5,1,1
PDAP1,YWHAQ,1,1
PDAP1,ZCCHC24,1,1
PDAP1,ZNF585A,1,1
PDAP1,ZNF608,1,1
NUB1,ARPC2,1,1
NUB1,CHAMP1,1,1
NUB1,CNOT9,1,1
NUB1,CRAT,1,1
NUB1,CSE1L,1,1
NUB1,CSTF1,1,1
NUB1,E2F8,1,1
NUB1,GLMN,1,1
NUB1,MRPL17,1,1
NUB1,PAXBP1,1,1
NUB1,PPP6R3,1,1
NUB1,RCHY1,1,1
NUB1,SLC25A26,1,1
NUB1,STAU1,1,1
SLC25A26,ARPC2,1,1
SLC25A26,CD47,1,1
SLC25A26,CSE1L,1,1
SLC25A26,CSTF1,1,1
SLC25A26,E2F8,1,1
SLC25A26,MRPL17,1,1
SLC25A26,PAXBP1,1,1
SLC25A26,PPP6R3,1,1
SLC25A26,RCHY1,1,1
SLC25A26,SLC43A3,1,1
SLC25A26,STAU1,1,1
RASSF7,APLP2,1,1
RASSF7,ARID3B,1,1
RASSF7,BID,1,1
RASSF7,BUB3,1,1
RASSF7,CCDC125,1,1
RASSF7,CENPU,1,1
RASSF7,CENPV,1,1
RASSF7,E2F1,1,1
RASSF7,ELL,1,1
RASSF7,FAM120B,1,1
RASSF7,GJC1,1,1
RASSF7,HPSE,1,1
RASSF7,JAG1,1,1
RASSF7,MRPS18C,1,1
RASSF7,MTG2,1,1
RASSF7,PLP2,1,1
RASSF7,PRKD1,1,1
RASSF7,PSMB7,1,1
RASSF7,RAVER2,1,1
RASSF7,RNF25,1,1
RASSF7,RP11-568K15.1,1,1
RASSF7,RRAGA,1,1
RASSF7,RTKN2,1,1
RASSF7,SEC23B,1,1
RASSF7,SNRPB,1,1
RASSF7,SP140L,1,1
RASSF7,THEM6,1,1
RASSF7,TMEM120A,1,1
RASSF7,VASH1,1,1
RASSF7,WDR60,1,1
RASSF7,ZNF521,1,1
RASSF7,ZNF585A,1,1
TMEM8B,EHHADH,1,1
TMEM8B,FAM117A,1,1
TMEM8B,LRRC23,1,1
TMEM8B,NDRG2,1,1
TMEM8B,SESN3,1,1
TMEM8B,TATDN3,1,1
TMEM8B,TMEM143,1,1
E2F3,DCP1B,1,1
E2F3,EIF4G2,1,1
E2F3,ESF1,1,1
E2F3,FAR1,1,1
E2F3,SP140L,1,1
E2F3,THTPA,1,1
CENPO,C19ORF48,1,1
CENPO,CTPS1,1,1
CENPO,ERCC6L,1,1
CENPO,GSG2,1,1
CENPO,KIF23,1,1
CENPO,MCM4,1,1
CENPO,MCM6,1,1
CENPO,MRGBP,1,1
CENPO,MRPL14,1,1
CENPO,MTBP,1,1
CENPO,MYO19,1,1
CENPO,PHF5A,1,1
CENPO,PRDX3,1,1
CENPO,RRNAD1,1,1
CENPO,SPDL1,1,1
CENPO,SUV39H1,1,1
GCFC2,ACP1,1,1
GCFC2,C2ORF47,1,1
GCFC2,C4ORF3,1,1
GCFC2,CAB39,1,1
GCFC2,CCNYL1,1,1
GCFC2,CTNNBL1,1,1
GCFC2,DCAF5,1,1
GCFC2,DSG2,1,1
GCFC2,DYRK4,1,1
GCFC2,E2F6,1,1
GCFC2,EPT1,1,1
GCFC2,GPN3,1,1
GCFC2,HILPDA,1,1
GCFC2,HMMR,1,1
GCFC2,KCTD5,1,1
GCFC2,LINC01420,1,1
GCFC2,MARC2,1,1
GCFC2,NCAPG,1,1
GCFC2,NCL,1,1
GCFC2,OLA1,1,1
GCFC2,PDCL3,1,1
GCFC2,PFDN4,1,1
GCFC2,POLA1,1,1
GCFC2,PPM1M,1,1
GCFC2,PPTC7,1,1
GCFC2,PRELID3B,1,1
GCFC2,PRMT3,1,1
GCFC2,RAN,1,1
GCFC2,RANBP1,1,1
GCFC2,RAPGEF6,1,1
GCFC2,RBL1,1,1
GCFC2,SFXN1,1,1
GCFC2,SH3D19,1,1
GCFC2,TAF1B,1,1
GCFC2,THOC7,1,1
GCFC2,TMEM134,1,1
GCFC2,UBE2S,1,1
GCFC2,WDR12,1,1
GCFC2,WDR3,1,1
GCFC2,XPO1,1,1
GCFC2,ZDHHC1,1,1
CDC45,ACP1,1,1
CDC45,ARMC6,1,1
CDC45,ATIC,1,1
CDC45,CALHM2,1,1
CDC45,CBLL1,1,1
CDC45,CNOT9,1,1
CDC45,COPB1,1,1
CDC45,CTNNBL1,1,1
CDC45,DBF4,1,1
CDC45,DCAF5,1,1
CDC45,DDX11,1,1
CDC45,DSN1,1,1
CDC45,E2F6,1,1
CDC45,ELOVL4,1,1
CDC45,EML4,1,1
CDC45,EXD2,1,1
CDC45,FBXL20,1,1
CDC45,GORASP2,1,1
CDC45,HMMR,1,1
CDC45,IMMT,1,1
CDC45,MAMLD1,1,1
CDC45,MCM5,1,1
CDC45,ME2,1,1
CDC45,MED21,1,1
CDC45,MYO1B,1,1
CDC45,NCAPG2,1,1
CDC45,NFYC,1,1
CDC45,NRAS,1,1
CDC45,NUP98,1,1
CDC45,PAX9,1,1
CDC45,PHC1,1,1
CDC45,PPM1M,1,1
CDC45,PRELID3B,1,1
CDC45,RBL1,1,1
CDC45,RBM15,1,1
CDC45,SCO2,1,1
CDC45,SEMA3C,1,1
CDC45,SH3D19,1,1
CDC45,SNRPD3,1,1
CDC45,THOC7,1,1
CDC45,UBE2S,1,1
CDC45,UBIAD1,1,1
CDC45,WDR3,1,1
CDC45,XPO1,1,1
CDC45,ZMYM3,1,1
CDC45,ZNF549,1,1
WEE1,CCDC125,1,1
WEE1,COPS7A,1,1
WEE1,MTG2,1,1
WEE1,ORMDL2,1,1
WEE1,SGMS2,1,1
WEE1,TES,1,1
WEE1,ZBED5,1,1
WEE1,ZNF521,1,1
WEE1,ZNF585A,1,1
PSMF1,ALDOC,1,1
PSMF1,BOD1,1,1
PSMF1,FAM110B,1,1
PSMF1,GALK2,1,1
PSMF1,HSPB1,1,1
PSMF1,MICB,1,1
PSMF1,NAIP,1,1
PSMF1,NID1,1,1
PSMF1,NSFL1C,1,1
PSMF1,NUDT16,1,1
PSMF1,SLC48A1,1,1
PSMF1,SRC,1,1
PSMF1,UBE2B,1,1
PLCG2,GNG7,1,1
PLCG2,GOLGA2,1,1
PLCG2,STX8,1,1
PLCG2,TCEAL4,1,1
PLCG2,USP30,1,1
PLCG2,ZNF608,1,1
PLCG2,ZNF616,1,1
CLIP4,MTG2,1,1
CLIP4,SPRYD3,1,1
CLIP4,TES,1,1
XRCC4,AKT1,1,1
XRCC4,BRSK2,1,1
XRCC4,C2ORF47,1,1
XRCC4,CBLL1,1,1
XRCC4,DSG2,1,1
XRCC4,GOLGA7,1,1
XRCC4,GPN3,1,1
XRCC4,HMMR,1,1
XRCC4,IMMT,1,1
XRCC4,MCM5,1,1
XRCC4,ME2,1,1
XRCC4,PAX9,1,1
XRCC4,PRELID3B,1,1
XRCC4,PYGL,1,1
XRCC4,RIN3,1,1
XRCC4,RPE,1,1
XRCC4,SEMA3C,1,1
XRCC4,SFXN1,1,1
XRCC4,SH3D19,1,1
XRCC4,THOC7,1,1
XRCC4,YIPF5,1,1
CTNNBL1,ACP1,1,1
CTNNBL1,ARMC6,1,1
CTNNBL1,C4ORF3,1,1
CTNNBL1,CBLL1,1,1
CTNNBL1,CCNYL1,1,1
CTNNBL1,CNOT9,1,1
CTNNBL1,COPB1,1,1
CTNNBL1,CSE1L,1,1
CTNNBL1,DSG2,1,1
CTNNBL1,DSN1,1,1
CTNNBL1,DYRK4,1,1
CTNNBL1,ELOVL4,1,1
CTNNBL1,G3BP1,1,1
CTNNBL1,GOLGA7,1,1
CTNNBL1,GORASP2,1,1
CTNNBL1,HILPDA,1,1
CTNNBL1,IMMT,1,1
CTNNBL1,KCTD5,1,1
CTNNBL1,MARC2,1,1
CTNNBL1,ME2,1,1
CTNNBL1,MED21,1,1
CTNNBL1,MYO1B,1,1
CTNNBL1,NFYC,1,1
CTNNBL1,NIF3L1,1,1
CTNNBL1,NOL9,1,1
CTNNBL1,NRAS,1,1
CTNNBL1,NUP98,1,1
CTNNBL1,OLA1,1,1
CTNNBL1,ONECUT2,1,1
CTNNBL1,PARP1,1,1
CTNNBL1,PAX9,1,1
CTNNBL1,PFDN4,1,1
CTNNBL1,PHC1,1,1
CTNNBL1,PPM1M,1,1
CTNNBL1,PRELID3B,1,1
CTNNBL1,PSMA1,1,1
CTNNBL1,RAD21,1,1
CTNNBL1,RBL1,1,1
CTNNBL1,SCAND1,1,1
CTNNBL1,SCO2,1,1
CTNNBL1,SH3D19,1,1
CTNNBL1,SPRED2,1,1
CTNNBL1,THOC7,1,1
CTNNBL1,TMEM216,1,1
CTNNBL1,TPD52,1,1
CTNNBL1,UBE2S,1,1
CTNNBL1,WDR12,1,1
CTNNBL1,XPO1,1,1
CTNNBL1,ZDHHC1,1,1
CTNNBL1,ZMYM3,1,1
PKIG,ALDOC,1,1
PKIG,CRADD,1,1
PKIG,HSPB1,1,1
PKIG,SLC48A1,1,1
PKIG,TCF20,1,1
PKIG,TEX261,1,1
TMEM134,BUB1,1,1
TMEM134,C2ORF47,1,1
TMEM134,CAND1,1,1
TMEM134,CDCA8,1,1
TMEM134,DBF4,1,1
TMEM134,DYRK4,1,1
TMEM134,EML4,1,1
TMEM134,GPN3,1,1
TMEM134,HMMR,1,1
TMEM134,LMBR1L,1,1
TMEM134,MCM5,1,1
TMEM134,MCM6,1,1
TMEM134,NCAPG,1,1
TMEM134,NCAPG2,1,1
TMEM134,PDCL3,1,1
TMEM134,PLK1,1,1
TMEM134,POLE,1,1
TMEM134,PRMT3,1,1
TMEM134,RAD54L,1,1
TMEM134,RAN,1,1
TMEM134,RIN3,1,1
TMEM134,SFXN1,1,1
TMEM134,STK19,1,1
TMEM134,SUZ12,1,1
TMEM134,TAF1B,1,1
TMEM134,TP53INP1,1,1
TMEM134,WDR12,1,1
LINC01314,GSTA4,1,1
LINC01314,RIOK3,1,1
LINC01314,SPRYD3,1,1
LIN54,BOD1,1,1
LIN54,ENOPH1,1,1
LIN54,FAM231D,1,1
LIN54,RBBP8,1,1
KIF23,C19ORF48,1,1
KIF23,CDCA8,1,1
KIF23,CTPS1,1,1
KIF23,ERCC6L,1,1
KIF23,GSG2,1,1
KIF23,KLC4,1,1
KIF23,MCM4,1,1
KIF23,MCM6,1,1
KIF23,MCM7,1,1
KIF23,MTHFD1,1,1
KIF23,NCAPG,1,1
KIF23,POLE,1,1
KIF23,PRDX3,1,1
KIF23,PRMT3,1,1
KIF23,RANBP1,1,1
KIF23,RRNAD1,1,1
KIF23,SMC4,1,1
KIF23,SUV39H1,1,1
HSPB1,ALDOC,1,1
HSPB1,BOD1,1,1
HSPB1,C1QTNF6,1,1
HSPB1,DMD,1,1
HSPB1,FAM110B,1,1
HSPB1,GALK2,1,1
HSPB1,NAIP,1,1
HSPB1,SLC48A1,1,1
HSPB1,TMEM121,1,1
HSPB1,UBE2B,1,1
HDAC9,AKIP1,1,1
HDAC9,CDON,1,1
HDAC9,MYBL1,1,1
HDAC9,PDE4A,1,1
HDAC9,PTPN13,1,1
HDAC9,RHBDD2,1,1
HDAC9,SMAP1,1,1
HDAC9,THOC5,1,1
HDAC9,THRA,1,1
PRUNE1,BBS9,1,1
PRUNE1,USP30,1,1
SLC6A15,CGGBP1,1,1
SLC6A15,MID2,1,1
ME2,BRSK2,1,1
ME2,CBLL1,1,1
ME2,CCNYL1,1,1
ME2,COPB1,1,1
ME2,DSN1,1,1
ME2,ELOVL4,1,1
ME2,GORASP2,1,1
ME2,HMMR,1,1
ME2,IMMT,1,1
ME2,MYO1B,1,1
ME2,NIF3L1,1,1
ME2,NRAS,1,1
ME2,ONECUT2,1,1
ME2,PAX9,1,1
ME2,PRELID3B,1,1
ME2,RBL1,1,1
ME2,RPE,1,1
ME2,SH3D19,1,1
ME2,THOC7,1,1
ME2,TMEM216,1,1
ME2,TNRC6C,1,1
ME2,TPD52,1,1
SMC4,ACP1,1,1
SMC4,BTBD1,1,1
SMC4,CAB39,1,1
SMC4,DCAF8,1,1
SMC4,EPT1,1,1
SMC4,ESF1,1,1
SMC4,FASTKD2,1,1
SMC4,HILPDA,1,1
SMC4,KLC4,1,1
SMC4,LRP10,1,1
SMC4,MCM7,1,1
SMC4,NCAPG,1,1
SMC4,OLA1,1,1
SMC4,PFDN4,1,1
SMC4,POLA1,1,1
SMC4,POLE,1,1
SMC4,PRDX3,1,1
SMC4,PRMT3,1,1
SMC4,PSMA1,1,1
SMC4,RAD21,1,1
SMC4,RANBP1,1,1
SMC4,RAPGEF6,1,1
SMC4,SLC44A2,1,1
SMC4,TMEM237,1,1
SMC4,UBE2S,1,1
SMC4,WDR12,1,1
SMC4,XPO1,1,1
SMC4,ZDHHC1,1,1
MRPS18C,BBS9,1,1
MRPS18C,BID,1,1
MRPS18C,BUB3,1,1
MRPS18C,CCNE2,1,1
MRPS18C,CENPU,1,1
MRPS18C,E2F1,1,1
MRPS18C,EIF4G2,1,1
MRPS18C,ELL,1,1
MRPS18C,FAM120B,1,1
MRPS18C,GJC1,1,1
MRPS18C,MAT2B,1,1
MRPS18C,NOL7,1,1
MRPS18C,PHF5A,1,1
MRPS18C,PLP2,1,1
MRPS18C,PRELID1P1,1,1
MRPS18C,PRKD1,1,1
MRPS18C,PSMB7,1,1
MRPS18C,PUF60,1,1
MRPS18C,RAE1,1,1
MRPS18C,RAVER2,1,1
MRPS18C,RNF25,1,1
MRPS18C,SASS6,1,1
MRPS18C,SNRPB,1,1
MRPS18C,SP140L,1,1
MRPS18C,SPDL1,1,1
MRPS18C,TMEM120A,1,1
MRPS18C,ZCCHC24,1,1
MRPS18C,ZWINT,1,1
EPT1,ACP1,1,1
EPT1,BTBD1,1,1
EPT1,CAB39,1,1
EPT1,CTPS1,1,1
EPT1,DCAF8,1,1
EPT1,DCTPP1,1,1
EPT1,FASTKD2,1,1
EPT1,HILPDA,1,1
EPT1,KCTD5,1,1
EPT1,KLC4,1,1
EPT1,LRP10,1,1
EPT1,MARC2,1,1
EPT1,MCM6,1,1
EPT1,MCM7,1,1
EPT1,NCAPG,1,1
EPT1,NCL,1,1
EPT1,NOP56,1,1
EPT1,NUP98,1,1
EPT1,OLA1,1,1
EPT1,PDCL3,1,1
EPT1,PFDN4,1,1
EPT1,POLA1,1,1
EPT1,POLE,1,1
EPT1,PPM1M,1,1
EPT1,PPTC7,1,1
EPT1,PRKAR2A,1,1
EPT1,PRMT3,1,1
EPT1,RANBP1,1,1
EPT1,RAPGEF6,1,1
EPT1,RRNAD1,1,1
EPT1,SCLY,1,1
EPT1,SLC44A2,1,1
EPT1,SMYD5,1,1
EPT1,SNRPD3,1,1
EPT1,UBE2S,1,1
EPT1,WDR12,1,1
EPT1,XPO1,1,1
EPT1,ZDHHC1,1,1
EPT1,ZMYM3,1,1
WDR12,ACP1,1,1
WDR12,C4ORF3,1,1
WDR12,CTPS1,1,1
WDR12,DSG2,1,1
WDR12,DYRK4,1,1
WDR12,FASTKD2,1,1
WDR12,GPN3,1,1
WDR12,HILPDA,1,1
WDR12,KCTD5,1,1
WDR12,LINC01420,1,1
WDR12,LRP10,1,1
WDR12,MARC2,1,1
WDR12,MCM6,1,1
WDR12,MCM7,1,1
WDR12,NCAPG,1,1
WDR12,NCL,1,1
WDR12,NOP56,1,1
WDR12,NUP98,1,1
WDR12,OLA1,1,1
WDR12,PDCL3,1,1
WDR12,PFDN4,1,1
WDR12,POLA1,1,1
WDR12,POLE,1,1
WDR12,PPM1M,1,1
WDR12,PPTC7,1,1
WDR12,PRMT3,1,1
WDR12,RAN,1,1
WDR12,RANBP1,1,1
WDR12,RAPGEF6,1,1
WDR12,SFXN1,1,1
WDR12,SMYD5,1,1
WDR12,SNRPD3,1,1
WDR12,TAF1B,1,1
WDR12,UBE2S,1,1
WDR12,XPO1,1,1
WDR12,ZDHHC1,1,1
NAIP,BOD1,1,1
NAIP,CD47,1,1
NAIP,COPS7B,1,1
NAIP,DMD,1,1
NAIP,ENOPH1,1,1
NAIP,FAM110B,1,1
NAIP,GSTCD,1,1
NAIP,NID1,1,1
NAIP,NSFL1C,1,1
NAIP,SRC,1,1
NAIP,STK35,1,1
NAIP,TCF20,1,1
NAIP,ZBTB21,1,1
ZNF329,COX7A2L,1,1
ZNF329,MICA,1,1
ZNF329,MRPL17,1,1
ZNF329,ODF2L,1,1
ZNF329,SH3PXD2B,1,1
ZNF329,SLX1B,1,1
ZNF329,WRAP73,1,1
SLC48A1,ALDOC,1,1
SLC48A1,C1QTNF6,1,1
SLC48A1,CDC42EP5,1,1
SLC48A1,FAM110B,1,1
SLC48A1,FAM231D,1,1
SLC48A1,GALK1,1,1
SLC48A1,GALK2,1,1
SLC48A1,UBE2B,1,1
RIOK3,APLP2,1,1
RIOK3,ATP5I,1,1
RIOK3,CCDC125,1,1
RIOK3,COPS7A,1,1
RIOK3,ELL,1,1
RIOK3,GSTA4,1,1
RIOK3,PDE4A,1,1
RIOK3,PIGC,1,1
RIOK3,SEC23B,1,1
RIOK3,SGMS2,1,1
RIOK3,SPRYD3,1,1
RIOK3,TMEM120A,1,1
RIOK3,ZNF521,1,1
RIOK3,ZNF585A,1,1
SERINC2,CDIPT,1,1
SERINC2,PLPPR2,1,1
SERINC2,PPIL2,1,1
SERINC2,PUM2,1,1
SERINC2,RARG,1,1
SERINC2,TBX2,1,1
SERINC2,TPP2,1,1
GAA,CTR9,1,1
GAA,PUM2,1,1
NDUFS8,ACACA,1,1
NDUFS8,DMD,1,1
NDUFS8,GPAA1,1,1
AXIN2,ANGEL1,1,1
AXIN2,BID,1,1
AXIN2,BMP4,1,1
AXIN2,BUB3,1,1
AXIN2,CAMKK2,1,1
AXIN2,CCDC125,1,1
AXIN2,COPS7A,1,1
AXIN2,EPHX2,1,1
AXIN2,FAF1,1,1
AXIN2,GNG7,1,1
AXIN2,GSTA4,1,1
AXIN2,IFFO1,1,1
AXIN2,IPO13,1,1
AXIN2,MAT2B,1,1
AXIN2,METTL2B,1,1
AXIN2,MYBL1,1,1
AXIN2,NCBP2,1,1
AXIN2,PFKL,1,1
AXIN2,PLP2,1,1
AXIN2,RAVER2,1,1
AXIN2,RHBDD2,1,1
AXIN2,RRAGA,1,1
AXIN2,SEC23B,1,1
AXIN2,SLC52A2,1,1
AXIN2,SPACA9,1,1
AXIN2,SPCS3,1,1
AXIN2,TMEM120A,1,1
AXIN2,WDR60,1,1
AXIN2,YWHAQ,1,1
AXIN2,ZNF608,1,1
NCL,ARMC6,1,1
NCL,ATIC,1,1
NCL,C11ORF49,1,1
NCL,COG4,1,1
NCL,CTPS1,1,1
NCL,DBF4,1,1
NCL,E2F6,1,1
NCL,EML4,1,1
NCL,FBXL20,1,1
NCL,FBXO5,1,1
NCL,LINC01420,1,1
NCL,MARK4,1,1
NCL,NCAPG,1,1
NCL,PDCL3,1,1
NCL,POLE,1,1
NCL,PPM1M,1,1
NCL,PPTC7,1,1
NCL,RAN,1,1
NCL,SFXN1,1,1
NCL,SNRPD3,1,1
NCL,SUZ12,1,1
NCL,TAF1B,1,1
NCL,TCP1,1,1
NCL,TP53INP1,1,1
NCL,UTP20,1,1
NCL,WDR3,1,1
NCL,XPO1,1,1
NCL,YPEL5,1,1
SLC8B1,SESN3,1,1
PRKACB,HS2ST1,1,1
PRKACB,MT-ND2,1,1
MRPL17,ARPC2,1,1
MRPL17,CCNYL1,1,1
MRPL17,COPB1,1,1
MRPL17,CSE1L,1,1
MRPL17,CSTF1,1,1
MRPL17,E2F8,1,1
MRPL17,G3BP1,1,1
MRPL17,IMPA1,1,1
MRPL17,MED21,1,1
MRPL17,NFYC,1,1
MRPL17,NIF3L1,1,1
MRPL17,NOL9,1,1
MRPL17,ODF2L,1,1
MRPL17,PAXBP1,1,1
MRPL17,PPP6R3,1,1
MRPL17,RCHY1,1,1
MRPL17,SCO2,1,1
MRPL17,SLC43A3,1,1
MRPL17,STAU1,1,1
MRPL17,TPD52,1,1
MRPL17,UBIAD1,1,1
RPL39P5,AL589743.1,1,1
RPL39P5,CLMN,1,1
HELLS,APPBP2,1,1
HELLS,BID,1,1
HELLS,C19ORF48,1,1
HELLS,CCNE2,1,1
HELLS,CPSF4,1,1
HELLS,DIXDC1,1,1
HELLS,E2F1,1,1
HELLS,FASTKD2,1,1
HELLS,GSE1,1,1
HELLS,HAUS8,1,1
HELLS,ITPKC,1,1
HELLS,MCM7,1,1
HELLS,MRPL14,1,1
HELLS,MTBP,1,1
HELLS,MYO19,1,1
HELLS,NHP2,1,1
HELLS,PAQR4,1,1
HELLS,PHF5A,1,1
HELLS,PRDX3,1,1
HELLS,PSMA1,1,1
HELLS,PTPN13,1,1
HELLS,RAE1,1,1
HELLS,RAVER2,1,1
HELLS,RPRD1B,1,1
HELLS,SPDL1,1,1
HELLS,SUV39H1,1,1
HELLS,TANK,1,1
HELLS,THRA,1,1
HELLS,TMEM237,1,1
HELLS,ZCCHC24,1,1
SH3D19,ACP1,1,1
SH3D19,AKT1,1,1
SH3D19,ARMC6,1,1
SH3D19,C2ORF47,1,1
SH3D19,CBLL1,1,1
SH3D19,CCNYL1,1,1
SH3D19,COPB1,1,1
SH3D19,DCAF5,1,1
SH3D19,DSG2,1,1
SH3D19,DSN1,1,1
SH3D19,E2F6,1,1
SH3D19,ELOVL4,1,1
SH3D19,EXD2,1,1
SH3D19,FAM193A,1,1
SH3D19,GOLGA7,1,1
SH3D19,GORASP2,1,1
SH3D19,HMMR,1,1
SH3D19,IMMT,1,1
SH3D19,KCTD5,1,1
SH3D19,MYO1B,1,1
SH3D19,NFYC,1,1
SH3D19,NRAS,1,1
SH3D19,NUP98,1,1
SH3D19,OLA1,1,1
SH3D19,ONECUT2,1,1
SH3D19,PAX9,1,1
SH3D19,PIGU,1,1
SH3D19,PPM1M,1,1
SH3D19,PPTC7,1,1
SH3D19,PRELID3B,1,1
SH3D19,PTP4A2,1,1
SH3D19,RBL1,1,1
SH3D19,RPE,1,1
SH3D19,SCO2,1,1
SH3D19,SIKE1,1,1
SH3D19,THAP5,1,1
SH3D19,THOC7,1,1
SH3D19,UBE2S,1,1
SH3D19,UBIAD1,1,1
SH3D19,XPO1,1,1
SH3D19,YIPF5,1,1
SH3D19,ZNF549,1,1
METTL2B,C5ORF30,1,1
METTL2B,CCDC125,1,1
METTL2B,EPHX2,1,1
METTL2B,MT-ND2,1,1
METTL2B,MTG2,1,1
METTL2B,PLP2,1,1
METTL2B,RHBDD2,1,1
METTL2B,SEC23B,1,1
METTL2B,SPCS3,1,1
METTL2B,TMEM120A,1,1
METTL2B,WDR60,1,1
METTL2B,YWHAQ,1,1
ZBTB21,DENND5A,1,1
ZBTB21,GSTCD,1,1
ZBTB21,LSM14B,1,1
ZBTB21,NSFL1C,1,1
ZBTB21,SRC,1,1
ZBTB21,STK35,1,1
ZBTB21,TCF20,1,1
ZBTB21,UBE2B,1,1
AC255361.1,ALDH6A1,1,1
AC255361.1,GGPS1,1,1
AC255361.1,GNG7,1,1
AC255361.1,GOLGA2,1,1
AC255361.1,IFFO1,1,1
AC255361.1,IFT74,1,1
AC255361.1,MTND4P12,1,1
AC255361.1,MYO18A,1,1
AC255361.1,NR1H3,1,1
AC255361.1,RFTN2,1,1
AC255361.1,SPACA9,1,1
AC255361.1,STX8,1,1
AC255361.1,ZNF608,1,1
GLMN,ATAD2,1,1
GLMN,CHAMP1,1,1
GLMN,CNOT9,1,1
GLMN,CRAT,1,1
GLMN,CSE1L,1,1
GLMN,DCTPP1,1,1
GLMN,DHFR,1,1
GLMN,E2F8,1,1
GLMN,G3BP1,1,1
GLMN,KIF22,1,1
GLMN,KPNA1,1,1
GLMN,MED21,1,1
GLMN,NOL9,1,1
GLMN,NOP56,1,1
GLMN,NUP98,1,1
GLMN,PAXBP1,1,1
GLMN,PHC1,1,1
GLMN,PPP6R3,1,1
GLMN,RBL1,1,1
GLMN,RBM15,1,1
GLMN,SLC43A3,1,1
GLMN,STAU1,1,1
GLMN,SUOX,1,1
GLMN,TNPO1,1,1
GLMN,UBIAD1,1,1
GLMN,ZMYM3,1,1
APLP2,ANXA7,1,1
APLP2,ARID3B,1,1
APLP2,BID,1,1
APLP2,CCDC125,1,1
APLP2,ELL,1,1
APLP2,HPSE,1,1
APLP2,ITM2A,1,1
APLP2,JAG1,1,1
APLP2,MTG2,1,1
APLP2,NDUFAF1,1,1
APLP2,PDE4A,1,1
APLP2,PIGC,1,1
APLP2,RNF25,1,1
APLP2,RP11-568K15.1,1,1
APLP2,SEC23B,1,1
APLP2,SGMS2,1,1
APLP2,SPRYD3,1,1
APLP2,TBCB,1,1
APLP2,THEM6,1,1
APLP2,VASH1,1,1
APLP2,ZNF521,1,1
APLP2,ZNF585A,1,1
PRELID3B,ACP1,1,1
PRELID3B,AKT1,1,1
PRELID3B,ARMC6,1,1
PRELID3B,C2ORF47,1,1
PRELID3B,CBLL1,1,1
PRELID3B,CCNYL1,1,1
PRELID3B,COPB1,1,1
PRELID3B,DCAF5,1,1
PRELID3B,DSG2,1,1
PRELID3B,DYRK4,1,1
PRELID3B,E2F6,1,1
PRELID3B,ELOVL4,1,1
PRELID3B,GOLGA7,1,1
PRELID3B,GORASP2,1,1
PRELID3B,HMMR,1,1
PRELID3B,IMMT,1,1
PRELID3B,KCTD5,1,1
PRELID3B,MARC2,1,1
PRELID3B,MYO1B,1,1
PRELID3B,NFYC,1,1
PRELID3B,NRAS,1,1
PRELID3B,NUP98,1,1
PRELID3B,OLA1,1,1
PRELID3B,ONECUT2,1,1
PRELID3B,PAX9,1,1
PRELID3B,PIGU,1,1
PRELID3B,PPM1M,1,1
PRELID3B,PPTC7,1,1
PRELID3B,RBL1,1,1
PRELID3B,RPE,1,1
PRELID3B,SCO2,1,1
PRELID3B,SIKE1,1,1
PRELID3B,SPRED2,1,1
PRELID3B,THOC7,1,1
PRELID3B,UBE2S,1,1
PRELID3B,UBIAD1,1,1
PRELID3B,WDR3,1,1
PRELID3B,XPO1,1,1
MARC2,AL589743.1,1,1
MARC2,C4ORF3,1,1
MARC2,DSG2,1,1
MARC2,DYRK4,1,1
MARC2,FASTKD2,1,1
MARC2,MCM7,1,1
MARC2,OLA1,1,1
MARC2,PAQR4,1,1
MARC2,PFDN4,1,1
MARC2,PIGU,1,1
MARC2,POP5,1,1
MARC2,PRMT3,1,1
MARC2,PSMA1,1,1
MARC2,PTPN13,1,1
MARC2,RAPGEF6,1,1
MARC2,RPE,1,1
MARC2,SCAND1,1,1
MARC2,SIKE1,1,1
MARC2,SLC44A2,1,1
MARC2,SPRED2,1,1
MARC2,TANK,1,1
MARC2,THOC5,1,1
MARC2,THRA,1,1
MARC2,UBE2S,1,1
MARC2,ZDHHC1,1,1
CGGBP1,MID2,1,1
RPL12P38,CA11,1,1
RPL12P38,TNK2,1,1
DCAF8,CAB39,1,1
DCAF8,CRAT,1,1
DCAF8,DCTPP1,1,1
DCAF8,G3BP1,1,1
DCAF8,LRP10,1,1
DCAF8,NOP56,1,1
DCAF8,POLA1,1,1
DCAF8,POLE,1,1
DCAF8,RANBP1,1,1
DCAF8,RAPGEF6,1,1
DCAF8,SEMA6C,1,1
DCAF8,SNRPD3,1,1
DCAF8,SPSB2,1,1
DCAF8,TEP1,1,1
DCAF8,TLCD2,1,1
DCAF8,XPO1,1,1
DCAF8,ZDHHC1,1,1
ALDOC,C1QTNF6,1,1
ALDOC,CDC42EP5,1,1
ALDOC,CSF1,1,1
ALDOC,GALK2,1,1
ALDOC,KLHL13,1,1
ALDOC,NID1,1,1
ALDOC,UBE2B,1,1
TXNRD1,ARPC2,1,1
TXNRD1,CNOT9,1,1
TXNRD1,CRAT,1,1
TXNRD1,CSE1L,1,1
TXNRD1,DDX27,1,1
TXNRD1,G3BP1,1,1
TXNRD1,NOL9,1,1
TXNRD1,NOP56,1,1
TXNRD1,NUP98,1,1
TXNRD1,PARP1,1,1
TXNRD1,PPP6R3,1,1
TXNRD1,ROCK2,1,1
TXNRD1,SLC43A3,1,1
TXNRD1,STAU1,1,1
TXNRD1,UBIAD1,1,1
TXNRD1,ZFP36L1,1,1
EXD2,ATIC,1,1
EXD2,C11ORF49,1,1
EXD2,CALHM2,1,1
EXD2,CHTF18,1,1
EXD2,CPSF3L,1,1
EXD2,DBF4,1,1
EXD2,DCAF5,1,1
EXD2,DDX11,1,1
EXD2,DSN1,1,1
EXD2,ELOVL4,1,1
EXD2,FBXL20,1,1
EXD2,GOLGA7,1,1
EXD2,GPN3,1,1
EXD2,HMMR,1,1
EXD2,MARK4,1,1
EXD2,MCM5,1,1
EXD2,MEF2D,1,1
EXD2,MOCS2,1,1
EXD2,NCAPG2,1,1
EXD2,PPM1M,1,1
EXD2,RAN,1,1
EXD2,SEMA3C,1,1
EXD2,SFXN1,1,1
EXD2,THOC7,1,1
EXD2,TP53INP1,1,1
EXD2,YPEL5,1,1
EXD2,ZNF549,1,1
RBM15,ARMC6,1,1
RBM15,ATAD2,1,1
RBM15,COPB1,1,1
RBM15,CSE1L,1,1
RBM15,DDX11,1,1
RBM15,E2F8,1,1
RBM15,ELOVL4,1,1
RBM15,GORASP2,1,1
RBM15,KPNA1,1,1
RBM15,MED21,1,1
RBM15,MYO1B,1,1
RBM15,NFYC,1,1
RBM15,NOL9,1,1
RBM15,NRAS,1,1
RBM15,NUP98,1,1
RBM15,PARP1,1,1
RBM15,PAXBP1,1,1
RBM15,PHC1,1,1
RBM15,PPM1M,1,1
RBM15,PPP6R3,1,1
RBM15,RBL1,1,1
RBM15,SUOX,1,1
RBM15,THOC7,1,1
RBM15,TPD52,1,1
RBM15,UBIAD1,1,1
RBM15,XPO6,1,1
RBM15,ZMYM3,1,1
ZNF616,APPBP2,1,1
ZNF616,ATP10D,1,1
ZNF616,BMP4,1,1
ZNF616,CAMKK2,1,1
ZNF616,CCDC125,1,1
ZNF616,CDKL5,1,1
ZNF616,CDON,1,1
ZNF616,DIXDC1,1,1
ZNF616,MRAS,1,1
ZNF616,PDE4A,1,1
ZNF616,PFKL,1,1
ZNF616,PLP2,1,1
ZNF616,RRAGA,1,1
ZNF616,SGMS2,1,1
ZNF616,SPACA9,1,1
ZNF616,TBC1D5,1,1
ZNF616,TCEAL4,1,1
ZNF616,THRA,1,1
ZNF616,TMEM120A,1,1
ZNF616,USP30,1,1
ZNF616,WDR60,1,1
ZNF616,ZNF585A,1,1
NBR1,ANGEL1,1,1
NBR1,BBS9,1,1
NBR1,BUB3,1,1
NBR1,EPHX2,1,1
NBR1,FAM120B,1,1
NBR1,IPO13,1,1
NBR1,PLP2,1,1
NBR1,SESN3,1,1
NBR1,SPCS3,1,1
SCYL2,CANT1,1,1
SCYL2,KCTD5,1,1
SCYL2,MEX3C,1,1
PRDX3,ARHGAP11A,1,1
PRDX3,BTBD1,1,1
PRDX3,C19ORF48,1,1
PRDX3,CCNE2,1,1
PRDX3,E2F1,1,1
PRDX3,ERCC6L,1,1
PRDX3,ESF1,1,1
PRDX3,FASTKD2,1,1
PRDX3,ITPKC,1,1
PRDX3,MCM4,1,1
PRDX3,MCM7,1,1
PRDX3,MRGBP,1,1
PRDX3,MRPL14,1,1
PRDX3,MTBP,1,1
PRDX3,MYO19,1,1
PRDX3,NHP2,1,1
PRDX3,PAQR4,1,1
PRDX3,PHF5A,1,1
PRDX3,RAE1,1,1
PRDX3,RAVER2,1,1
PRDX3,SASS6,1,1
PRDX3,SPDL1,1,1
PRDX3,SUV39H1,1,1
PRDX3,XRCC5,1,1
PHKA2,DEF8,1,1
CDC42EP5,C1QTNF6,1,1
CDC42EP5,GALK1,1,1
CDC42EP5,HN1L,1,1
CDC42EP5,RARG,1,1
CDC42EP5,RGL1,1,1
BUB1,APOBEC3B,1,1
BUB1,CAND1,1,1
BUB1,GPN3,1,1
BUB1,HMMR,1,1
BUB1,IMMT,1,1
BUB1,MCM5,1,1
BUB1,MOCS2,1,1
BUB1,NCAPG2,1,1
BUB1,PLK1,1,1
BUB1,RIN3,1,1
BUB1,TYMS,1,1
E2F8,ATAD2,1,1
E2F8,CDCA7,1,1
E2F8,CHAMP1,1,1
E2F8,CNOT9,1,1
E2F8,COPB1,1,1
E2F8,CRAT,1,1
E2F8,CSE1L,1,1
E2F8,CSTF1,1,1
E2F8,DDX11,1,1
E2F8,G3BP1,1,1
E2F8,IMPA1,1,1
E2F8,MED21,1,1
E2F8,NOL9,1,1
E2F8,NUP98,1,1
E2F8,PARP1,1,1
E2F8,PAXBP1,1,1
E2F8,PPP6R3,1,1
E2F8,RBL1,1,1
E2F8,RCHY1,1,1
E2F8,TPD52,1,1
E2F8,UBIAD1,1,1
CDKL5,ATP10D,1,1
CDKL5,DIXDC1,1,1
CDKL5,HDAC5,1,1
CDKL5,MRAS,1,1
CDKL5,SMAP1,1,1
CDKL5,THRA,1,1
UBIAD1,ARMC6,1,1
UBIAD1,ATAD2,1,1
UBIAD1,BCS1L,1,1
UBIAD1,CCNYL1,1,1
UBIAD1,CNOT9,1,1
UBIAD1,COPB1,1,1
UBIAD1,CRAT,1,1
UBIAD1,CSE1L,1,1
UBIAD1,DDX11,1,1
UBIAD1,E2F6,1,1
UBIAD1,ELOVL4,1,1
UBIAD1,G3BP1,1,1
UBIAD1,KCTD5,1,1
UBIAD1,MED21,1,1
UBIAD1,MYO1B,1,1
UBIAD1,NFYC,1,1
UBIAD1,NOL9,1,1
UBIAD1,NOP56,1,1
UBIAD1,NRAS,1,1
UBIAD1,NUP98,1,1
UBIAD1,PARP1,1,1
UBIAD1,PAXBP1,1,1
UBIAD1,PHC1,1,1
UBIAD1,POLA1,1,1
UBIAD1,PPM1M,1,1
UBIAD1,PPP6R3,1,1
UBIAD1,RBL1,1,1
UBIAD1,SCO2,1,1
UBIAD1,SH3PXD2B,1,1
UBIAD1,SNRPD3,1,1
UBIAD1,SPICE1,1,1
UBIAD1,SUOX,1,1
UBIAD1,THAP5,1,1
UBIAD1,THOC7,1,1
UBIAD1,TPD52,1,1
UBIAD1,XPO1,1,1
UBIAD1,XPO6,1,1
UBIAD1,ZMYM3,1,1
DMD,ARHGEF6,1,1
DMD,COPS7B,1,1
DMD,EIF3E,1,1
DMD,FAM110B,1,1
DMD,NUDT16,1,1
DMD,SRC,1,1
PAFAH1B3,CDH19,1,1
PAFAH1B3,CDIPT,1,1
PAFAH1B3,EPN2,1,1
PAFAH1B3,GLG1,1,1
PAFAH1B3,PPIL2,1,1
PAFAH1B3,RNF187,1,1
PAFAH1B3,ROBO2,1,1
PAFAH1B3,RTKN2,1,1
PAFAH1B3,STK35,1,1
PAFAH1B3,SYTL2,1,1
PAFAH1B3,UGCG,1,1
GALC,COPB1,1,1
GALC,COX7A2L,1,1
GALC,DOLK,1,1
GALC,DPY30,1,1
GALC,ELOVL4,1,1
GALC,NCOA3,1,1
GALC,NIF3L1,1,1
GALC,OLA1,1,1
GALC,ONECUT2,1,1
GALC,PIGU,1,1
GALC,PSMA1,1,1
GALC,SCAND1,1,1
GALC,SIKE1,1,1
GALC,UBE2S,1,1
NCKAP5,RPS2,1,1
GSE1,APPBP2,1,1
GSE1,BID,1,1
GSE1,PLP2,1,1
GSE1,PSMA1,1,1
GSE1,RAVER2,1,1
GSE1,SGMS2,1,1
GSE1,SPACA9,1,1
GSE1,THRA,1,1
PPP1R35,AKR1A1,1,1
PPP1R35,NLRP1,1,1
PPP1R35,TAF10,1,1
DDX27,AEN,1,1
DDX27,ANXA7,1,1
DDX27,ARPC2,1,1
DDX27,CNOT9,1,1
DDX27,COPB1,1,1
DDX27,CRAT,1,1
DDX27,CSE1L,1,1
DDX27,DCP1B,1,1
DDX27,FASTKD2,1,1
DDX27,G3BP1,1,1
DDX27,IMPA1,1,1
DDX27,NOL9,1,1
DDX27,NOP56,1,1
DDX27,NUP98,1,1
DDX27,ODF2L,1,1
DDX27,OLA1,1,1
DDX27,PSMA1,1,1
DDX27,RAD21,1,1
DDX27,RCHY1,1,1
DDX27,RPUSD1,1,1
DDX27,SF3B1,1,1
DDX27,SLC43A3,1,1
DDX27,STAU1,1,1
DDX27,TBCB,1,1
DDX27,TMEM237,1,1
DDX27,WRAP73,1,1
DDX27,ZFP36L1,1,1
PTP4A2,ARMC6,1,1
PTP4A2,DCAF5,1,1
PTP4A2,E2F6,1,1
PTP4A2,KCTD5,1,1
PTP4A2,RBL1,1,1
PTP4A2,SNRPD3,1,1
PTP4A2,SPICE1,1,1
PTP4A2,WDR3,1,1
SUMO2,ARHGAP11A,1,1
SUMO2,CD2AP,1,1
SUMO2,ZNF367,1,1
PRELID1P1,CCNE2,1,1
PRELID1P1,CENPU,1,1
PRELID1P1,DCK,1,1
PRELID1P1,GJC1,1,1
PRELID1P1,ZWINT,1,1
UGCG,ABHD15,1,1
UGCG,CDIPT,1,1
UGCG,CNP,1,1
UGCG,ETV6,1,1
UGCG,PLEKHH2,1,1
UGCG,PLPPR2,1,1
UGCG,PPIL2,1,1
UGCG,RNF187,1,1
UGCG,ROBO2,1,1
UGCG,SLC25A39,1,1
UGCG,SRSF11,1,1
UGCG,VWA5A,1,1
UGCG,YPEL2,1,1
MT-ND2,CEP19,1,1
MT-ND2,HS2ST1,1,1
CNP,CDH19,1,1
CNP,CDIPT,1,1
CNP,RNF187,1,1
CNP,ROBO2,1,1
CNP,SRSF11,1,1
BOD1,FAM110B,1,1
BOD1,FAM231D,1,1
BOD1,MICB,1,1
BOD1,NID1,1,1
BOD1,NSFL1C,1,1
BOD1,RBBP8,1,1
BOD1,SRC,1,1
BOD1,STK35,1,1
BOD1,TMEM121,1,1
RPUSD1,AEN,1,1
RPUSD1,CRAT,1,1
RPUSD1,DCTPP1,1,1
RPUSD1,NOP56,1,1
RPUSD1,SLC43A3,1,1
RPUSD1,ZFP36L1,1,1
TES,CAPS,1,1
TES,CEP112,1,1
TES,ITM2A,1,1
TES,MTG2,1,1
TES,TAF10,1,1
TES,THEM6,1,1
TES,VASH1,1,1
TES,ZNF521,1,1
RP11-568K15.1,ARID3B,1,1
RP11-568K15.1,CAMKK2,1,1
RP11-568K15.1,CCDC125,1,1
RP11-568K15.1,CEP112,1,1
RP11-568K15.1,ELL,1,1
RP11-568K15.1,EPHX2,1,1
RP11-568K15.1,HPSE,1,1
RP11-568K15.1,ITM2A,1,1
RP11-568K15.1,JAG1,1,1
RP11-568K15.1,PIGC,1,1
RP11-568K15.1,RRAGA,1,1
RP11-568K15.1,SLC2A13,1,1
RP11-568K15.1,THEM6,1,1
RP11-568K15.1,VASH1,1,1
RP11-568K15.1,ZNF521,1,1
RP11-568K15.1,ZNF585A,1,1
IFT46,ACTR3,1,1
IFT46,ARPC2,1,1
IFT46,CNOT9,1,1
IFT46,COPB1,1,1
IFT46,CSE1L,1,1
IFT46,IMPA1,1,1
IFT46,RAD21,1,1
IFT46,TMEM237,1,1
G3BP1,ACP1,1,1
G3BP1,AEN,1,1
G3BP1,ARMC6,1,1
G3BP1,ARPC2,1,1
G3BP1,ATAD2,1,1
G3BP1,CNOT9,1,1
G3BP1,COPB1,1,1
G3BP1,CRAT,1,1
G3BP1,CSE1L,1,1
G3BP1,DCTPP1,1,1
G3BP1,FASTKD2,1,1
G3BP1,HILPDA,1,1
G3BP1,IMPA1,1,1
G3BP1,KCTD5,1,1
G3BP1,MED21,1,1
G3BP1,NFYC,1,1
G3BP1,NOL9,1,1
G3BP1,NOP56,1,1
G3BP1,NUP98,1,1
G3BP1,OLA1,1,1
G3BP1,PARP1,1,1
G3BP1,PAXBP1,1,1
G3BP1,POLA1,1,1
G3BP1,PPP6R3,1,1
G3BP1,PSMA1,1,1
G3BP1,RAD21,1,1
G3BP1,RBL1,1,1
G3BP1,RCHY1,1,1
G3BP1,ROCK2,1,1
G3BP1,SCO2,1,1
G3BP1,SLC43A3,1,1
G3BP1,STAU1,1,1
G3BP1,XPO1,1,1
G3BP1,ZFP36L1,1,1
G3BP1,ZMYM3,1,1
BID,BUB3,1,1
BID,CAMKK2,1,1
BID,CCDC125,1,1
BID,CENPU,1,1
BID,E2F1,1,1
BID,ELL,1,1
BID,FAF1,1,1
BID,FAM120B,1,1
BID,GSTA4,1,1
BID,HPSE,1,1
BID,MAT2B,1,1
BID,MYBL1,1,1
BID,MYO19,1,1
BID,PAQR4,1,1
BID,PDE4A,1,1
BID,PIGC,1,1
BID,PLP2,1,1
BID,PSMB7,1,1
BID,PTPN13,1,1
BID,RAE1,1,1
BID,RAVER2,1,1
BID,RHBDD2,1,1
BID,RNF25,1,1
BID,RRAGA,1,1
BID,SASS6,1,1
BID,SEC23B,1,1
BID,SGMS2,1,1
BID,SNRPB,1,1
BID,SP140L,1,1
BID,SPACA9,1,1
BID,THEM6,1,1
BID,TMEM120A,1,1
BID,WDR60,1,1
BID,XRCC5,1,1
BID,YWHAQ,1,1
BID,ZNF521,1,1
BID,ZNF585A,1,1
RFTN2,ALDH6A1,1,1
RFTN2,BMP4,1,1
RFTN2,GGPS1,1,1
RFTN2,GNG7,1,1
RFTN2,GOLGA2,1,1
RFTN2,IFT74,1,1
RFTN2,MRGBP,1,1
RFTN2,MTND4P12,1,1
RFTN2,MYO18A,1,1
RFTN2,NR1H3,1,1
RFTN2,RAPGEF6,1,1
RFTN2,SEMA6C,1,1
RFTN2,SPACA9,1,1
RFTN2,STX8,1,1
RFTN2,THRA,1,1
RFTN2,ZNF608,1,1
LRRC23,EHHADH,1,1
LRRC23,FAM117A,1,1
LRRC23,NDRG2,1,1
LRRC23,OGDH,1,1
LRRC23,SESN3,1,1
LRRC23,SLC25A42,1,1
LRRC23,TATDN3,1,1
LRRC23,YPEL2,1,1
SSX2IP,BUB3,1,1
SSX2IP,CDIPT,1,1
SSX2IP,CENPU,1,1
SSX2IP,CEP19,1,1
SSX2IP,EPN2,1,1
SSX2IP,GJC1,1,1
SSX2IP,PCDHGC3,1,1
SSX2IP,PLPPR2,1,1
SSX2IP,PSMB7,1,1
SSX2IP,SNRPB,1,1
FASTKD2,ACP1,1,1
FASTKD2,AEN,1,1
FASTKD2,ATAD2,1,1
FASTKD2,BTBD1,1,1
FASTKD2,CEP135,1,1
FASTKD2,CNOT9,1,1
FASTKD2,CPSF4,1,1
FASTKD2,CSE1L,1,1
FASTKD2,DCTPP1,1,1
FASTKD2,EIF4G2,1,1
FASTKD2,ESF1,1,1
FASTKD2,HAUS8,1,1
FASTKD2,HILPDA,1,1
FASTKD2,LRP10,1,1
FASTKD2,MCM7,1,1
FASTKD2,NCAPG,1,1
FASTKD2,NOP56,1,1
FASTKD2,NUP98,1,1
FASTKD2,OLA1,1,1
FASTKD2,PAQR4,1,1
FASTKD2,PFDN4,1,1
FASTKD2,POLA1,1,1
FASTKD2,POLE,1,1
FASTKD2,PRMT3,1,1
FASTKD2,PSMA1,1,1
FASTKD2,RAD21,1,1
FASTKD2,RANBP1,1,1
FASTKD2,RAPGEF6,1,1
FASTKD2,SLC44A2,1,1
FASTKD2,SMYD5,1,1
FASTKD2,TMEM237,1,1
FASTKD2,UBE2S,1,1
FASTKD2,XPO1,1,1
FASTKD2,ZDHHC1,1,1
FASTKD2,ZMYM3,1,1
YIPF5,AKT1,1,1
YIPF5,BRSK2,1,1
YIPF5,CD44,1,1
YIPF5,PYGL,1,1
YIPF5,RPE,1,1
MYO18A,CBFA2T2,1,1
MYO18A,GNG7,1,1
MYO18A,GOLGA2,1,1
MYO18A,IFFO1,1,1
MYO18A,MTND4P12,1,1
MYO18A,NHP2,1,1
MYO18A,RHBDD2,1,1
MYO18A,SPACA9,1,1
MYO18A,THRA,1,1
MYO18A,ZFAND1,1,1
MYO18A,ZNF608,1,1
CCNYL1,AKT1,1,1
CCNYL1,BRSK2,1,1
CCNYL1,COPB1,1,1
CCNYL1,DSG2,1,1
CCNYL1,ELOVL4,1,1
CCNYL1,FAM193A,1,1
CCNYL1,GORASP2,1,1
CCNYL1,IMPA1,1,1
CCNYL1,MYO1B,1,1
CCNYL1,NFYC,1,1
CCNYL1,NIF3L1,1,1
CCNYL1,NRAS,1,1
CCNYL1,OLA1,1,1
CCNYL1,ONECUT2,1,1
CCNYL1,PAX9,1,1
CCNYL1,RBL1,1,1
CCNYL1,SCO2,1,1
CCNYL1,SIKE1,1,1
CCNYL1,SPRED2,1,1
CCNYL1,THAP5,1,1
CCNYL1,THOC7,1,1
CCNYL1,TPD52,1,1
GPN3,APOBEC3B,1,1
GPN3,ATIC,1,1
GPN3,C2ORF47,1,1
GPN3,C4ORF3,1,1
GPN3,CDCA8,1,1
GPN3,DBF4,1,1
GPN3,DCAF5,1,1
GPN3,DSG2,1,1
GPN3,GOLGA7,1,1
GPN3,HMMR,1,1
GPN3,IMMT,1,1
GPN3,MCM5,1,1
GPN3,MOCS2,1,1
GPN3,NCAPG,1,1
GPN3,NCAPG2,1,1
GPN3,PLK1,1,1
GPN3,PRMT3,1,1
GPN3,RAD54L,1,1
GPN3,RAN,1,1
GPN3,RPE,1,1
GPN3,SEMA3C,1,1
GPN3,SFXN1,1,1
GPN3,TAF1B,1,1
GPN3,TP53INP1,1,1
GPN3,TYMS,1,1
GPN3,YPEL5,1,1
PUM2,CTR9,1,1
PUM2,RARG,1,1
PUM2,RBBP8,1,1
PUM2,SLC25A20,1,1
SLC25A20,CTR9,1,1
SLC25A20,PEA15,1,1
SLC25A20,RBBP8,1,1
SLC25A20,UBE2L6,1,1
KCTD5,ACP1,1,1
KCTD5,ARMC6,1,1
KCTD5,CAB39,1,1
KCTD5,DSG2,1,1
KCTD5,E2F6,1,1
KCTD5,LINC01420,1,1
KCTD5,MYO1B,1,1
KCTD5,NFYC,1,1
KCTD5,NOL9,1,1
KCTD5,NOP56,1,1
KCTD5,NRAS,1,1
KCTD5,NUP98,1,1
KCTD5,PHC1,1,1
KCTD5,POLA1,1,1
KCTD5,PPM1M,1,1
KCTD5,PPTC7,1,1
KCTD5,RBL1,1,1
KCTD5,SCO2,1,1
KCTD5,SNRPD3,1,1
KCTD5,SPICE1,1,1
KCTD5,SPRED2,1,1
KCTD5,THOC7,1,1
KCTD5,TNPO1,1,1
KCTD5,WDR3,1,1
KCTD5,XPO1,1,1
KCTD5,ZMYM3,1,1
PLEKHH2,CDIPT,1,1
PLEKHH2,KATNAL1,1,1
PLEKHH2,S1PR3,1,1
PLEKHH2,SLC25A39,1,1
PLEKHH2,TBX2,1,1
PLEKHH2,TPP2,1,1
PRMT3,ACP1,1,1
PRMT3,C4ORF3,1,1
PRMT3,CDCA8,1,1
PRMT3,CTPS1,1,1
PRMT3,HAUS8,1,1
PRMT3,HILPDA,1,1
PRMT3,LINC01420,1,1
PRMT3,LRP10,1,1
PRMT3,MCM6,1,1
PRMT3,MCM7,1,1
PRMT3,MTHFD1,1,1
PRMT3,NCAPG,1,1
PRMT3,OLA1,1,1
PRMT3,PFDN4,1,1
PRMT3,POLA1,1,1
PRMT3,POLE,1,1
PRMT3,PPM1M,1,1
PRMT3,PPTC7,1,1
PRMT3,RAN,1,1
PRMT3,RANBP1,1,1
PRMT3,RAPGEF6,1,1
PRMT3,SFXN1,1,1
PRMT3,SMYD5,1,1
PRMT3,TAF1B,1,1
PRMT3,UBE2S,1,1
PRMT3,XPO1,1,1
PRMT3,ZDHHC1,1,1
COPB1,ACP1,1,1
COPB1,ACTR3,1,1
COPB1,ARPC2,1,1
COPB1,CNOT9,1,1
COPB1,CSE1L,1,1
COPB1,ELOVL4,1,1
COPB1,GORASP2,1,1
COPB1,IMPA1,1,1
COPB1,MED21,1,1
COPB1,MYO1B,1,1
COPB1,NFYC,1,1
COPB1,NIF3L1,1,1
COPB1,NOL9,1,1
COPB1,NRAS,1,1
COPB1,NUP98,1,1
COPB1,OLA1,1,1
COPB1,ONECUT2,1,1
COPB1,PARP1,1,1
COPB1,PAX9,1,1
COPB1,PAXBP1,1,1
COPB1,PHC1,1,1
COPB1,PPP6R3,1,1
COPB1,RAD21,1,1
COPB1,RBL1,1,1
COPB1,RCHY1,1,1
COPB1,SCAND1,1,1
COPB1,SCO2,1,1
COPB1,SIKE1,1,1
COPB1,STAU1,1,1
COPB1,THAP5,1,1
COPB1,THOC7,1,1
COPB1,TPD52,1,1
COPB1,UBE2S,1,1
COPB1,ZMYM3,1,1
ODF2L,ANXA7,1,1
ODF2L,ARPC2,1,1
ODF2L,IMPA1,1,1
ODF2L,NDUFAF1,1,1
ODF2L,RCHY1,1,1
ODF2L,SF3B1,1,1
ODF2L,TBCB,1,1
ODF2L,WRAP73,1,1
RAPGEF6,ACP1,1,1
RAPGEF6,APPBP2,1,1
RAPGEF6,CAB39,1,1
RAPGEF6,HILPDA,1,1
RAPGEF6,LRP10,1,1
RAPGEF6,MCM7,1,1
RAPGEF6,NOP56,1,1
RAPGEF6,OLA1,1,1
RAPGEF6,PFDN4,1,1
RAPGEF6,POLA1,1,1
RAPGEF6,PPTC7,1,1
RAPGEF6,PSMA1,1,1
RAPGEF6,RANBP1,1,1
RAPGEF6,SCLY,1,1
RAPGEF6,SLC44A2,1,1
RAPGEF6,SPRED2,1,1
RAPGEF6,TANK,1,1
RAPGEF6,THOC5,1,1
RAPGEF6,THRA,1,1
RAPGEF6,UBE2S,1,1
RAPGEF6,XPO1,1,1
SEC23B,BMP4,1,1
SEC23B,BUB3,1,1
SEC23B,CAMKK2,1,1
SEC23B,CCDC125,1,1
SEC23B,CDON,1,1
SEC23B,COPS7A,1,1
SEC23B,ELL,1,1
SEC23B,EPHX2,1,1
SEC23B,FAF1,1,1
SEC23B,FAM120B,1,1
SEC23B,GSTA4,1,1
SEC23B,HPSE,1,1
SEC23B,MAT2B,1,1
SEC23B,MYBL1,1,1
SEC23B,NCBP2,1,1
SEC23B,PCDHGC3,1,1
SEC23B,PDE4A,1,1
SEC23B,PFKL,1,1
SEC23B,PIGC,1,1
SEC23B,PLP2,1,1
SEC23B,PTPN13,1,1
SEC23B,RAE1,1,1
SEC23B,RAVER2,1,1
SEC23B,RHBDD2,1,1
SEC23B,RNF25,1,1
SEC23B,RRAGA,1,1
SEC23B,SASS6,1,1
SEC23B,SGMS2,1,1
SEC23B,SIAE,1,1
SEC23B,SP140L,1,1
SEC23B,SPRYD3,1,1
SEC23B,TMEM120A,1,1
SEC23B,WDR60,1,1
SEC23B,YWHAQ,1,1
SEC23B,ZNF521,1,1
SEC23B,ZNF585A,1,1
TMEM120A,ANGEL1,1,1
TMEM120A,BMP4,1,1
TMEM120A,BUB3,1,1
TMEM120A,CAMKK2,1,1
TMEM120A,CCDC125,1,1
TMEM120A,CENPU,1,1
TMEM120A,CEP19,1,1
TMEM120A,COPS7A,1,1
TMEM120A,ELL,1,1
TMEM120A,EPHX2,1,1
TMEM120A,FAF1,1,1
TMEM120A,FAM120B,1,1
TMEM120A,GSTA4,1,1
TMEM120A,HPSE,1,1
TMEM120A,IFFO1,1,1
TMEM120A,IPO13,1,1
TMEM120A,MAT2B,1,1
TMEM120A,MYBL1,1,1
TMEM120A,NCBP2,1,1
TMEM120A,PDE4A,1,1
TMEM120A,PFKL,1,1
TMEM120A,PIGC,1,1
TMEM120A,PLP2,1,1
TMEM120A,RAE1,1,1
TMEM120A,RAVER2,1,1
TMEM120A,RHBDD2,1,1
TMEM120A,RRAGA,1,1
TMEM120A,SASS6,1,1
TMEM120A,SGMS2,1,1
TMEM120A,SLC52A2,1,1
TMEM120A,SNRPB,1,1
TMEM120A,SP140L,1,1
TMEM120A,SPACA9,1,1
TMEM120A,SPCS3,1,1
TMEM120A,WDR60,1,1
TMEM120A,YWHAQ,1,1
TMEM120A,ZNF521,1,1
TMEM120A,ZNF585A,1,1
PSMB7,ARID3B,1,1
PSMB7,BUB3,1,1
PSMB7,CENPU,1,1
PSMB7,CENPV,1,1
PSMB7,CEP112,1,1
PSMB7,E2F1,1,1
PSMB7,ELL,1,1
PSMB7,FAM120B,1,1
PSMB7,GJC1,1,1
PSMB7,HPSE,1,1
PSMB7,JAG1,1,1
PSMB7,MAT2B,1,1
PSMB7,PCDHGC3,1,1
PSMB7,RNF25,1,1
PSMB7,RRAGA,1,1
PSMB7,RTKN2,1,1
PSMB7,SNRPB,1,1
PSMB7,SP140L,1,1
PSMB7,THEM6,1,1
PSMB7,VASH1,1,1
PSMB7,ZWINT,1,1
SFXN1,ATIC,1,1
SFXN1,C11ORF49,1,1
SFXN1,C2ORF47,1,1
SFXN1,C4ORF3,1,1
SFXN1,DBF4,1,1
SFXN1,DCAF5,1,1
SFXN1,DSG2,1,1
SFXN1,GOLGA7,1,1
SFXN1,HMMR,1,1
SFXN1,MARK4,1,1
SFXN1,MCM5,1,1
SFXN1,MOCS2,1,1
SFXN1,NCAPG,1,1
SFXN1,NCAPG2,1,1
SFXN1,PDCL3,1,1
SFXN1,PLK1,1,1
SFXN1,PPM1M,1,1
SFXN1,PPTC7,1,1
SFXN1,RAD54L,1,1
SFXN1,RAN,1,1
SFXN1,RPE,1,1
SFXN1,SEMA3C,1,1
SFXN1,STK19,1,1
SFXN1,TAF1B,1,1
SFXN1,TP53INP1,1,1
SFXN1,TYMS,1,1
SFXN1,WDR3,1,1
SFXN1,YPEL5,1,1
EHHADH,ECHDC3,1,1
EHHADH,EIF2AK1,1,1
EHHADH,ETV6,1,1
EHHADH,FAM117A,1,1
EHHADH,GAREM1,1,1
EHHADH,NDRG2,1,1
EHHADH,OGDH,1,1
EHHADH,SESN3,1,1
EHHADH,SNTA1,1,1
EHHADH,TATDN3,1,1
EHHADH,VWA5A,1,1
EHHADH,YPEL2,1,1
MID2,FAM110B,1,1
MID2,MICB,1,1
MID2,NID1,1,1
MID2,PDE10A,1,1
MID2,PPIL2,1,1
MID2,TMEM171,1,1
SLC52A2,ALDH6A1,1,1
SLC52A2,BMP4,1,1
SLC52A2,GNG7,1,1
SLC52A2,NT5M,1,1
SLC52A2,PLP2,1,1
SLC52A2,SPCS3,1,1
EPHX2,ANGEL1,1,1
EPHX2,BUB3,1,1
EPHX2,CAMKK2,1,1
EPHX2,CCDC125,1,1
EPHX2,CEP112,1,1
EPHX2,CEP19,1,1
EPHX2,COPS7A,1,1
EPHX2,ELL,1,1
EPHX2,ERN 1.00,1,1
EPHX2,FAM120B,1,1
EPHX2,GSTA4,1,1
EPHX2,HPSE,1,1
EPHX2,IPO13,1,1
EPHX2,MAT2B,1,1
EPHX2,NCBP2,1,1
EPHX2,PCDHGC3,1,1
EPHX2,PFKL,1,1
EPHX2,PIGC,1,1
EPHX2,PLP2,1,1
EPHX2,PRKD1,1,1
EPHX2,RRAGA,1,1
EPHX2,SLC2A13,1,1
EPHX2,SNRPB,1,1
EPHX2,SP140L,1,1
EPHX2,SPACA9,1,1
EPHX2,SPCS3,1,1
EPHX2,VASH1,1,1
EPHX2,WDR60,1,1
EPHX2,YPEL2,1,1
EPHX2,YWHAQ,1,1
C19ORF48,ERCC6L,1,1
C19ORF48,GOLGA2,1,1
C19ORF48,MCM4,1,1
C19ORF48,MCM7,1,1
C19ORF48,MRGBP,1,1
C19ORF48,MRPL14,1,1
C19ORF48,MTBP,1,1
C19ORF48,MYO19,1,1
C19ORF48,PHF5A,1,1
C19ORF48,RAE1,1,1
C19ORF48,RPRD1B,1,1
C19ORF48,SPDL1,1,1
C19ORF48,STX8,1,1
C19ORF48,SUV39H1,1,1
C19ORF48,ZNF608,1,1
TNK2,CA11,1,1
TNK2,ERCC6L,1,1
TMEM237,ACP1,1,1
TMEM237,AEN,1,1
TMEM237,ANXA7,1,1
TMEM237,APPBP2,1,1
TMEM237,ATAD2,1,1
TMEM237,BTBD1,1,1
TMEM237,CDCA7,1,1
TMEM237,CNOT9,1,1
TMEM237,CPSF4,1,1
TMEM237,CSE1L,1,1
TMEM237,HAUS8,1,1
TMEM237,HILPDA,1,1
TMEM237,IMPA1,1,1
TMEM237,MCM7,1,1
TMEM237,OLA1,1,1
TMEM237,PAQR4,1,1
TMEM237,PARP1,1,1
TMEM237,PCNA,1,1
TMEM237,PSMA1,1,1
TMEM237,RAD21,1,1
TMEM237,UBE2S,1,1
SUOX,CHAMP1,1,1
SUOX,CRAT,1,1
SUOX,KPNA1,1,1
SUOX,NUP98,1,1
SUOX,PHC1,1,1
SUOX,PPP6R3,1,1
SUOX,RBL1,1,1
DCAF5,ACP1,1,1
DCAF5,ARMC6,1,1
DCAF5,ATIC,1,1
DCAF5,C11ORF49,1,1
DCAF5,CALHM2,1,1
DCAF5,CHTF18,1,1
DCAF5,DBF4,1,1
DCAF5,DOCK6,1,1
DCAF5,DSN1,1,1
DCAF5,ELOVL4,1,1
DCAF5,FBXL20,1,1
DCAF5,GOLGA7,1,1
DCAF5,HMMR,1,1
DCAF5,LRP10,1,1
DCAF5,MARK4,1,1
DCAF5,MCM5,1,1
DCAF5,MEF2D,1,1
DCAF5,NCAPG,1,1
DCAF5,PPM1M,1,1
DCAF5,RAN,1,1
DCAF5,RANBP1,1,1
DCAF5,RBL1,1,1
DCAF5,SEMA3C,1,1
DCAF5,SNRPD3,1,1
DCAF5,THOC7,1,1
DCAF5,TP53INP1,1,1
DCAF5,UBE2S,1,1
DCAF5,WDR3,1,1
DCAF5,XPO1,1,1
DCAF5,YPEL5,1,1
DCAF5,ZNF549,1,1
CLUAP1,POC1A,1,1
WDR3,ARMC6,1,1
WDR3,ATIC,1,1
WDR3,C11ORF49,1,1
WDR3,CHIC1,1,1
WDR3,DBF4,1,1
WDR3,E2F6,1,1
WDR3,EML4,1,1
WDR3,HMMR,1,1
WDR3,LINC01420,1,1
WDR3,MCM5,1,1
WDR3,MRPS30,1,1
WDR3,PHC1,1,1
WDR3,PPM1M,1,1
WDR3,PPTC7,1,1
WDR3,RAN,1,1
WDR3,SNRPD3,1,1
WDR3,TAF1B,1,1
WDR3,TP53INP1,1,1
WDR3,UTP20,1,1
WDR3,XPO1,1,1
WDR3,YPEL5,1,1
ZNF608,GNG7,1,1
ZNF608,GOLGA2,1,1
ZNF608,MRGBP,1,1
ZNF608,NHP2,1,1
ZNF608,PHF5A,1,1
ZNF608,PLP2,1,1
ZNF608,RAE1,1,1
ZNF608,RHBDD2,1,1
ZNF608,SPACA9,1,1
ZNF608,STX8,1,1
ZNF608,THRA,1,1
ZNF608,ZCCHC24,1,1
UBE2L6,NOL7,1,1
UBE2L6,SLC25A42,1,1
UBE2L6,TEX261,1,1
KIF13B,MTBP,1,1
SNTA1,BLVRB,1,1
SNTA1,ERCC4,1,1
SNTA1,ETV6,1,1
SNTA1,FAM117A,1,1
SNTA1,GAREM1,1,1
SNTA1,MAGI2,1,1
SNTA1,NDRG2,1,1
SNTA1,OGDH,1,1
SNTA1,PRICKLE2,1,1
SNTA1,RGL1,1,1
SNTA1,SESN3,1,1
SNTA1,SIPA1L2,1,1
NOP56,ACP1,1,1
NOP56,AEN,1,1
NOP56,ATAD2,1,1
NOP56,CDCA7,1,1
NOP56,CNOT9,1,1
NOP56,CPSF4,1,1
NOP56,CRAT,1,1
NOP56,CSE1L,1,1
NOP56,DCP1B,1,1
NOP56,DCTPP1,1,1
NOP56,DHFR,1,1
NOP56,HILPDA,1,1
NOP56,ING5,1,1
NOP56,LRP10,1,1
NOP56,MCM7,1,1
NOP56,NOL9,1,1
NOP56,NUP98,1,1
NOP56,POLA1,1,1
NOP56,RANBP1,1,1
NOP56,SCLY,1,1
NOP56,SLC43A3,1,1
NOP56,SPSB2,1,1
NOP56,XPO1,1,1
FBXL20,ARMC6,1,1
FBXL20,ATIC,1,1
FBXL20,C11ORF49,1,1
FBXL20,CALHM2,1,1
FBXL20,COG4,1,1
FBXL20,DBF4,1,1
FBXL20,HMMR,1,1
FBXL20,MARK4,1,1
FBXL20,PPM1M,1,1
FBXL20,SNRPD3,1,1
FBXL20,SSH3,1,1
FBXL20,TP53INP1,1,1
FBXL20,XPO1,1,1
FBXL20,YPEL5,1,1
ZFAND1,APPBP2,1,1
ZFAND1,IFFO1,1,1
ZFAND1,RAVER2,1,1
ZFAND1,RHBDD2,1,1
ZFAND1,SGMS2,1,1
ZFAND1,SPACA9,1,1
ZFAND1,THRA,1,1
SLC43A3,AEN,1,1
SLC43A3,ANXA7,1,1
SLC43A3,ARPC2,1,1
SLC43A3,ATAD2,1,1
SLC43A3,CDCA7,1,1
SLC43A3,CNOT9,1,1
SLC43A3,CRAT,1,1
SLC43A3,CSE1L,1,1
SLC43A3,DCP1B,1,1
SLC43A3,DCTPP1,1,1
SLC43A3,DHFR,1,1
SLC43A3,IMPA1,1,1
SLC43A3,MBD5,1,1
SLC43A3,NOL9,1,1
SLC43A3,NUP98,1,1
SLC43A3,PCNA,1,1
SLC43A3,PPP6R3,1,1
SLC43A3,PRKACA,1,1
SLC43A3,RAD21,1,1
SLC43A3,RCHY1,1,1
SLC43A3,SF3B1,1,1
SLC43A3,STAU1,1,1
SLC43A3,TBCB,1,1
SLC43A3,ZFP36L1,1,1
ACOT13,DGCR8,1,1
ACOT13,MBD5,1,1
ACOT13,PRKACA,1,1
ACOT13,TEX261,1,1
RPRD1B,MTBP,1,1
RPRD1B,MYO19,1,1
RPRD1B,RHBDD2,1,1
RBM43,ETV6,1,1
RBM43,RGL1,1,1
RBM43,TIAL1,1,1
XPO1,ACP1,1,1
XPO1,ARMC6,1,1
XPO1,ATAD2,1,1
XPO1,C11ORF49,1,1
XPO1,CAB39,1,1
XPO1,CNOT9,1,1
XPO1,CSE1L,1,1
XPO1,DBF4,1,1
XPO1,DCTPP1,1,1
XPO1,DSG2,1,1
XPO1,E2F6,1,1
XPO1,EML4,1,1
XPO1,HILPDA,1,1
XPO1,HMMR,1,1
XPO1,LINC01420,1,1
XPO1,LRP10,1,1
XPO1,MCM7,1,1
XPO1,NCAPG,1,1
XPO1,NFYC,1,1
XPO1,NOL9,1,1
XPO1,NRAS,1,1
XPO1,NUP98,1,1
XPO1,OLA1,1,1
XPO1,PFDN4,1,1
XPO1,PHC1,1,1
XPO1,POLA1,1,1
XPO1,POLE,1,1
XPO1,PPM1M,1,1
XPO1,PPTC7,1,1
XPO1,RAN,1,1
XPO1,RANBP1,1,1
XPO1,RBL1,1,1
XPO1,SMYD5,1,1
XPO1,SNRPD3,1,1
XPO1,THOC7,1,1
XPO1,TNPO1,1,1
XPO1,UBE2S,1,1
XPO1,ZDHHC1,1,1
XPO1,ZMYM3,1,1
ZNF320,SYTL2,1,1
NARS,ADNP,1,1
NARS,GSTCD,1,1
NARS,LSM14B,1,1
RTKN2,ARID3B,1,1
RTKN2,CENPV,1,1
RTKN2,CEP112,1,1
RTKN2,COPS7B,1,1
RTKN2,CORO1C,1,1
RTKN2,ELL,1,1
RTKN2,EPN2,1,1
RTKN2,GJC1,1,1
RTKN2,HPSE,1,1
RTKN2,MTG2,1,1
RTKN2,PRKD1,1,1
RTKN2,STK35,1,1
RTKN2,THEM6,1,1
RTKN2,VASH1,1,1
NUDT16,FAM110B,1,1
NUDT16,UBE2B,1,1
GAS8,ATP10D,1,1
GAS8,DIRAS1,1,1
GAS8,SLC2A13,1,1
GAS8,SRSF8,1,1
GAS8,THEM6,1,1
RBL1,ACP1,1,1
RBL1,ARMC6,1,1
RBL1,ATAD2,1,1
RBL1,CBLL1,1,1
RBL1,CNOT9,1,1
RBL1,CSE1L,1,1
RBL1,DBF4,1,1
RBL1,DDX11,1,1
RBL1,DSN1,1,1
RBL1,E2F6,1,1
RBL1,ELOVL4,1,1
RBL1,EML4,1,1
RBL1,GORASP2,1,1
RBL1,HILPDA,1,1
RBL1,HMMR,1,1
RBL1,KPNA1,1,1
RBL1,MED21,1,1
RBL1,MYO1B,1,1
RBL1,NFYC,1,1
RBL1,NOL9,1,1
RBL1,NRAS,1,1
RBL1,NUP98,1,1
RBL1,PARP1,1,1
RBL1,PAX9,1,1
RBL1,PHC1,1,1
RBL1,POLA1,1,1
RBL1,PPM1M,1,1
RBL1,SCO2,1,1
RBL1,SNRPD3,1,1
RBL1,THAP5,1,1
RBL1,THOC7,1,1
RBL1,TPD52,1,1
RBL1,UBE2S,1,1
RBL1,ZMYM3,1,1
USP36,POLR1C,1,1
USP36,SFPQ,1,1
SPG21,AKT1,1,1
SPG21,CD44,1,1
SPG21,FAM193A,1,1
SPG21,PYGL,1,1
SPG21,RALGAPA1,1,1
BTBD2,DBF4,1,1
BTBD2,DDX11,1,1
BTBD2,GPR137,1,1
BTBD2,MAMLD1,1,1
BTBD2,SUZ12,1,1
BTBD2,ZMYM3,1,1
YPEL2,ABHD15,1,1
YPEL2,ALX1,1,1
YPEL2,CDIPT,1,1
YPEL2,CEP112,1,1
YPEL2,ECHDC3,1,1
YPEL2,ETV6,1,1
YPEL2,FAM117A,1,1
YPEL2,OGDH,1,1
YPEL2,PLPPR2,1,1
YPEL2,TATDN3,1,1
YPEL2,TBX2,1,1
YPEL2,TPP2,1,1
YPEL2,VWA5A,1,1
PTPN13,AL589743.1,1,1
PTPN13,ANXA7,1,1
PTPN13,APPBP2,1,1
PTPN13,BMP4,1,1
PTPN13,CCDC125,1,1
PTPN13,CDON,1,1
PTPN13,MRAS,1,1
PTPN13,OLA1,1,1
PTPN13,PAQR4,1,1
PTPN13,PDE4A,1,1
PTPN13,PSMA1,1,1
PTPN13,PSMD8,1,1
PTPN13,RAVER2,1,1
PTPN13,RNF10,1,1
PTPN13,SCAND1,1,1
PTPN13,SGMS2,1,1
PTPN13,SIAE,1,1
PTPN13,TANK,1,1
PTPN13,TBC1D5,1,1
PTPN13,THOC5,1,1
PTPN13,THRA,1,1
PTPN13,ZNF521,1,1
PTPN13,ZNF585A,1,1
HMMR,ACP1,1,1
HMMR,APOBEC3B,1,1
HMMR,C2ORF47,1,1
HMMR,CBLL1,1,1
HMMR,DBF4,1,1
HMMR,DSN1,1,1
HMMR,ELOVL4,1,1
HMMR,EML4,1,1
HMMR,IMMT,1,1
HMMR,MARK4,1,1
HMMR,MCM5,1,1
HMMR,NCAPG,1,1
HMMR,NCAPG2,1,1
HMMR,NRAS,1,1
HMMR,RAD54L,1,1
HMMR,RAN,1,1
HMMR,RPE,1,1
HMMR,SEMA3C,1,1
HMMR,SNRPD3,1,1
HMMR,STK19,1,1
HMMR,SUZ12,1,1
HMMR,THOC7,1,1
HMMR,TP53INP1,1,1
HMMR,UBE2S,1,1
HMMR,ZMYM3,1,1
LRP10,ACP1,1,1
LRP10,C11ORF49,1,1
LRP10,CNOT9,1,1
LRP10,CTPS1,1,1
LRP10,DBF4,1,1
LRP10,HAUS8,1,1
LRP10,HILPDA,1,1
LRP10,MCM6,1,1
LRP10,MCM7,1,1
LRP10,MTHFD1,1,1
LRP10,NCAPG,1,1
LRP10,OLA1,1,1
LRP10,POLA1,1,1
LRP10,POLE,1,1
LRP10,RANBP1,1,1
LRP10,SCLY,1,1
LRP10,SNRPD3,1,1
LRP10,UBE2S,1,1
LRP10,ZMYM3,1,1
TLCD2,DDX51,1,1
TLCD2,FUS,1,1
TLCD2,SEMA6C,1,1
TLCD2,SPSB2,1,1
TLCD2,TEP1,1,1
C1QTNF6,BMPR1A,1,1
C1QTNF6,FAM110B,1,1
C1QTNF6,GALK1,1,1
C1QTNF6,GALK2,1,1
C1QTNF6,RARG,1,1
C1QTNF6,RGL1,1,1
ARID3B,CEP112,1,1
ARID3B,COPS7B,1,1
ARID3B,ELL,1,1
ARID3B,EPN2,1,1
ARID3B,HPSE,1,1
ARID3B,ITM2A,1,1
ARID3B,MTG2,1,1
ARID3B,PCDHGC3,1,1
ARID3B,RNF25,1,1
ARID3B,STK35,1,1
ARID3B,THEM6,1,1
ARID3B,VASH1,1,1
ARID3B,ZNF521,1,1
ANXA7,AEN,1,1
ANXA7,IMPA1,1,1
ANXA7,NECTIN1,1,1
ANXA7,PAQR4,1,1
ANXA7,PSMA1,1,1
ANXA7,RAD21,1,1
ANXA7,RCHY1,1,1
ANXA7,RNF10,1,1
ANXA7,SF3B1,1,1
ANXA7,TBCB,1,1
ANXA7,THOC5,1,1
ANXA7,WRAP73,1,1
ANXA7,ZNF521,1,1
ANXA7,ZNF585A,1,1
PTRH1,ACTA2,1,1
PTRH1,BTBD1,1,1
PTRH1,CNTNAP1,1,1
PTRH1,INO80B,1,1
PTRH1,KLC4,1,1
PTRH1,MAPT,1,1
HDAC10,AKAP8L,1,1
HDAC10,NUPR1,1,1
HDAC10,PPIG,1,1
ERCC6L,ARHGAP11A,1,1
ERCC6L,CTPS1,1,1
ERCC6L,GSG2,1,1
ERCC6L,KLC4,1,1
ERCC6L,MCM4,1,1
ERCC6L,MTHFD1,1,1
ERCC6L,POLE,1,1
ERCC6L,RRNAD1,1,1
ERCC6L,SUV39H1,1,1
ERCC6L,ZNF367,1,1
SF3B1,AEN,1,1
SF3B1,CD47,1,1
SF3B1,CSE1L,1,1
SF3B1,FAR1,1,1
SF3B1,GSTCD,1,1
SF3B1,LSM14B,1,1
SF3B1,MBD5,1,1
SF3B1,NDUFAF1,1,1
SF3B1,PCNA,1,1
SF3B1,PRKACA,1,1
SF3B1,RCHY1,1,1
SF3B1,TBCB,1,1
SF3B1,ZFP36L1,1,1
PPTC7,CAB39,1,1
PPTC7,DSG2,1,1
PPTC7,DYRK4,1,1
PPTC7,E2F6,1,1
PPTC7,MEX3C,1,1
PPTC7,PDCL3,1,1
PPTC7,PFDN4,1,1
PPTC7,POLA1,1,1
PPTC7,POLE,1,1
PPTC7,TAF1B,1,1
CDH19,EPN2,1,1
CDH19,RNF187,1,1
CDH19,ROBO2,1,1
NHP2,APPBP2,1,1
NHP2,MCM7,1,1
NHP2,MRAS,1,1
NHP2,MRGBP,1,1
NHP2,MRPL14,1,1
NHP2,MTBP,1,1
NHP2,PAQR4,1,1
NHP2,RANBP1,1,1
NHP2,TANK,1,1
NHP2,THRA,1,1
CALHM2,ATIC,1,1
CALHM2,BCS1L,1,1
CALHM2,CHTF18,1,1
CALHM2,CPSF3L,1,1
CALHM2,DDX11,1,1
CALHM2,DSN1,1,1
CALHM2,ELOVL4,1,1
CALHM2,GOLGA7,1,1
CALHM2,MEF2D,1,1
CALHM2,SEMA3C,1,1
CALHM2,SH3PXD2B,1,1
CALHM2,THOC7,1,1
CALHM2,ZNF549,1,1
ZNF558,PPIL2,1,1
ZNF558,TAF10,1,1
TANK,APPBP2,1,1
TANK,BMP4,1,1
TANK,C4ORF3,1,1
TANK,CDON,1,1
TANK,DIXDC1,1,1
TANK,MCM7,1,1
TANK,MRAS,1,1
TANK,MTBP,1,1
TANK,OLA1,1,1
TANK,PAQR4,1,1
TANK,PFDN4,1,1
TANK,POP5,1,1
TANK,PSMA1,1,1
TANK,STX8,1,1
TANK,TBC1D5,1,1
TANK,THOC5,1,1
TANK,THRA,1,1
UTP20,LINC01420,1,1
UTP20,MRPS30,1,1
UTP20,PDCL3,1,1
UTP20,RAN,1,1
UTP20,TAF1B,1,1
CSF1,IFT57,1,1
CSF1,NID1,1,1
CSF1,TMEM121,1,1
ETV6,ABHD15,1,1
ETV6,ECHDC3,1,1
ETV6,ERCC4,1,1
ETV6,GALK1,1,1
ETV6,GAREM1,1,1
ETV6,MAGI2,1,1
ETV6,OGDH,1,1
ETV6,PRICKLE2,1,1
ETV6,RARG,1,1
ETV6,RGL1,1,1
ETV6,SRSF11,1,1
ETV6,TBX2,1,1
ETV6,TIAL1,1,1
ETV6,VWA5A,1,1
DCK,CENPU,1,1
DCK,GJC1,1,1
DCK,POC1A,1,1
DCK,ZWINT,1,1
FAM110B,CEP112,1,1
FAM110B,COPS7B,1,1
FAM110B,KLHL13,1,1
FAM110B,MICB,1,1
FAM110B,NID1,1,1
FAM110B,NSFL1C,1,1
FAM110B,PDE10A,1,1
FAM110B,PPIL2,1,1
FAM110B,RARG,1,1
FAM110B,SRC,1,1
FAM110B,STK35,1,1
FAM110B,TMEM171,1,1
FAM110B,UBE2B,1,1
TMEM121,IFT57,1,1
TMEM121,NID1,1,1
TMEM121,SRC,1,1
MOCS2,APOBEC3B,1,1
MOCS2,CDCA8,1,1
MOCS2,MCM5,1,1
MOCS2,NCAPG,1,1
MOCS2,NCAPG2,1,1
MOCS2,PLK1,1,1
MOCS2,RAD54L,1,1
MOCS2,RAN,1,1
MOCS2,SEMA3C,1,1
MOCS2,TYMS,1,1
THOC5,AL589743.1,1,1
THOC5,ALDH6A1,1,1
THOC5,BMP4,1,1
THOC5,OLA1,1,1
THOC5,PAQR4,1,1
THOC5,PFDN4,1,1
THOC5,PSMA1,1,1
THOC5,PSMD8,1,1
THOC5,SCAND1,1,1
THOC5,SLC44A2,1,1
THOC5,SPRED2,1,1
THOC5,TBC1D5,1,1
THOC5,THRA,1,1
THOC5,ZNF585A,1,1
SGMS2,AKIP1,1,1
SGMS2,BMP4,1,1
SGMS2,C5ORF30,1,1
SGMS2,CAMKK2,1,1
SGMS2,CCDC125,1,1
SGMS2,COPS7A,1,1
SGMS2,ELL,1,1
SGMS2,FAF1,1,1
SGMS2,MTG2,1,1
SGMS2,MYBL1,1,1
SGMS2,NCBP2,1,1
SGMS2,PDE4A,1,1
SGMS2,PFKL,1,1
SGMS2,PIGC,1,1
SGMS2,PLP2,1,1
SGMS2,RAVER2,1,1
SGMS2,RHBDD2,1,1
SGMS2,RRAGA,1,1
SGMS2,SP140L,1,1
SGMS2,SPACA9,1,1
SGMS2,THEM6,1,1
SGMS2,WDR60,1,1
SGMS2,YWHAQ,1,1
SGMS2,ZNF521,1,1
SGMS2,ZNF585A,1,1
ORMDL2,WRAP73,1,1
KLHL5,C11ORF49,1,1
KLHL5,CA11,1,1
KLHL5,SSH3,1,1
RGL1,FAM117A,1,1
RGL1,GALK1,1,1
RGL1,MAGI2,1,1
RGL1,NDRG2,1,1
RGL1,OGDH,1,1
RGL1,PRICKLE2,1,1
RGL1,RARG,1,1
RGL1,TBX2,1,1
GSTA4,AKAP8L,1,1
GSTA4,ATP5I,1,1
GSTA4,BUB3,1,1
GSTA4,CEP19,1,1
GSTA4,COPS7A,1,1
GSTA4,ELL,1,1
GSTA4,HPSE,1,1
GSTA4,MAT2B,1,1
GSTA4,MTG2,1,1
GSTA4,PIGC,1,1
GSTA4,PLP2,1,1
GSTA4,PRKD1,1,1
GSTA4,RAVER2,1,1
GSTA4,SNRPB,1,1
GSTA4,SP140L,1,1
GSTA4,SPACA9,1,1
GSTA4,SPCS3,1,1
GSTA4,SPRYD3,1,1
GSTA4,VASH1,1,1
GSTA4,ZNF521,1,1
NOL9,ACP1,1,1
NOL9,AEN,1,1
NOL9,ARMC6,1,1
NOL9,ATAD2,1,1
NOL9,CNOT9,1,1
NOL9,CRAT,1,1
NOL9,CSE1L,1,1
NOL9,DCTPP1,1,1
NOL9,DDX11,1,1
NOL9,ELOVL4,1,1
NOL9,HILPDA,1,1
NOL9,IMPA1,1,1
NOL9,ING5,1,1
NOL9,MED21,1,1
NOL9,MYO1B,1,1
NOL9,NFYC,1,1
NOL9,NUP98,1,1
NOL9,PARP1,1,1
NOL9,PAXBP1,1,1
NOL9,POLA1,1,1
NOL9,PPM1M,1,1
NOL9,PPP6R3,1,1
NOL9,SCO2,1,1
NOL9,SH3PXD2B,1,1
NOL9,SPICE1,1,1
NOL9,THOC7,1,1
NOL9,ZMYM3,1,1
ALG10B,AKT1,1,1
ALG10B,CLMN,1,1
ALG10B,PYGL,1,1
YPEL5,ATIC,1,1
YPEL5,C11ORF49,1,1
YPEL5,COG4,1,1
YPEL5,DBF4,1,1
YPEL5,FBXO5,1,1
YPEL5,MARK4,1,1
YPEL5,MCM5,1,1
YPEL5,RAN,1,1
YPEL5,SSH3,1,1
YPEL5,TP53INP1,1,1
YPEL5,TYMS,1,1
DHFR,AEN,1,1
DHFR,ATAD2,1,1
DHFR,CDCA7,1,1
DHFR,CNOT9,1,1
DHFR,CPSF4,1,1
DHFR,CRAT,1,1
DHFR,DCTPP1,1,1
DHFR,ESF1,1,1
DHFR,ING5,1,1
DHFR,INO80B,1,1
DHFR,KIF22,1,1
DHFR,PCNA,1,1
DHFR,THTPA,1,1
USP30,BBS9,1,1
ERCC4,EEF1D,1,1
ERCC4,MAGI2,1,1
ERCC4,OGDH,1,1
ERCC4,PRICKLE2,1,1
MICB,CCND1,1,1
MICB,NID1,1,1
MICB,NSFL1C,1,1
MICB,SRC,1,1
MICB,TMEM171,1,1
MICB,UBE2B,1,1
SPSB2,CNTNAP1,1,1
SPSB2,DCP1B,1,1
SPSB2,DCTPP1,1,1
SPSB2,GOLGA2,1,1
SPSB2,POLA1,1,1
SPSB2,SEMA6C,1,1
SPSB2,TEP1,1,1
PPP6R3,ACTR3,1,1
PPP6R3,ARPC2,1,1
PPP6R3,CHAMP1,1,1
PPP6R3,CRAT,1,1
PPP6R3,CSE1L,1,1
PPP6R3,CSTF1,1,1
PPP6R3,IMPA1,1,1
PPP6R3,KPNA1,1,1
PPP6R3,MYO1B,1,1
PPP6R3,NUP98,1,1
PPP6R3,PARP1,1,1
PPP6R3,PAXBP1,1,1
PPP6R3,RCHY1,1,1
PPP6R3,ROCK2,1,1
PPP6R3,STAU1,1,1
PPP6R3,TMEM231,1,1
PPP6R3,TPD52,1,1
PPP6R3,ZFP36L1,1,1
CSE1L,ACP1,1,1
CSE1L,AEN,1,1
CSE1L,ARPC2,1,1
CSE1L,ATAD2,1,1
CSE1L,CNOT9,1,1
CSE1L,CRAT,1,1
CSE1L,CSTF1,1,1
CSE1L,DCTPP1,1,1
CSE1L,ELOVL4,1,1
CSE1L,GORASP2,1,1
CSE1L,IMPA1,1,1
CSE1L,MED21,1,1
CSE1L,MYO1B,1,1
CSE1L,NFYC,1,1
CSE1L,NIF3L1,1,1
CSE1L,NRAS,1,1
CSE1L,NUP98,1,1
CSE1L,OLA1,1,1
CSE1L,PARP1,1,1
CSE1L,PAXBP1,1,1
CSE1L,PSMA1,1,1
CSE1L,RAD21,1,1
CSE1L,RCHY1,1,1
CSE1L,ROCK2,1,1
CSE1L,SCO2,1,1
CSE1L,SH3PXD2B,1,1
CSE1L,STAU1,1,1
CSE1L,TPD52,1,1
CSE1L,UBE2S,1,1
CSE1L,ZFP36L1,1,1
CSE1L,ZMYM3,1,1
PIGU,C4ORF3,1,1
PIGU,CD44,1,1
PIGU,COX7A2L,1,1
PIGU,DSG2,1,1
PIGU,GOLGA7,1,1
PIGU,OLA1,1,1
PIGU,ONECUT2,1,1
PIGU,POP5,1,1
PIGU,SCAND1,1,1
PIGU,SIKE1,1,1
PIGU,UBE2S,1,1
PIGU,ZNF549,1,1
GYS1,DIRAS1,1,1
GYS1,NUMB,1,1
PCNA,AEN,1,1
PCNA,CCNE2,1,1
PCNA,CDCA7,1,1
PCNA,CPSF4,1,1
PCNA,DCTPP1,1,1
PCNA,ESF1,1,1
PCNA,FAR1,1,1
PCNA,TBCB,1,1
POLD4,SESN2,1,1
MEF2D,ATG2B,1,1
MEF2D,CHTF18,1,1
MEF2D,DSN1,1,1
MEF2D,SEMA3C,1,1
PFKL,ATP10D,1,1
PFKL,BUB3,1,1
PFKL,CAMKK2,1,1
PFKL,CCDC125,1,1
PFKL,ELL,1,1
PFKL,FAF1,1,1
PFKL,FAM120B,1,1
PFKL,GTF2I,1,1
PFKL,IPO13,1,1
PFKL,MYBL1,1,1
PFKL,NCBP2,1,1
PFKL,PCDHGC3,1,1
PFKL,PDE4A,1,1
PFKL,PIGC,1,1
PFKL,PLP2,1,1
PFKL,RHBDD2,1,1
PFKL,RRAGA,1,1
PFKL,SLC2A13,1,1
PFKL,SMAP1,1,1
PFKL,TCEAL4,1,1
PFKL,WDR60,1,1
PFKL,YWHAQ,1,1
CHIC1,E2F6,1,1
CHIC1,TAF1B,1,1
ING5,ATAD2,1,1
ING5,CDCA7,1,1
ING5,CRAT,1,1
ING5,DCTPP1,1,1
ACP1,ATAD2,1,1
ACP1,BTBD1,1,1
ACP1,C4ORF3,1,1
ACP1,CDCA8,1,1
ACP1,CNOT9,1,1
ACP1,DBF4,1,1
ACP1,ELOVL4,1,1
ACP1,HAUS8,1,1
ACP1,HILPDA,1,1
ACP1,MCM6,1,1
ACP1,MCM7,1,1
ACP1,MED21,1,1
ACP1,NCAPG,1,1
ACP1,NFYC,1,1
ACP1,NRAS,1,1
ACP1,NUP98,1,1
ACP1,OLA1,1,1
ACP1,PARP1,1,1
ACP1,PFDN4,1,1
ACP1,POLA1,1,1
ACP1,POLE,1,1
ACP1,PPM1M,1,1
ACP1,PSMA1,1,1
ACP1,RAD21,1,1
ACP1,RANBP1,1,1
ACP1,SMYD5,1,1
ACP1,SNRPD3,1,1
ACP1,THOC7,1,1
ACP1,UBE2S,1,1
ACP1,ZDHHC1,1,1
ACP1,ZMYM3,1,1
WDR60,ATP10D,1,1
WDR60,BMP4,1,1
WDR60,BUB3,1,1
WDR60,CAMKK2,1,1
WDR60,CCDC125,1,1
WDR60,CDON,1,1
WDR60,CENPU,1,1
WDR60,ELL,1,1
WDR60,FAF1,1,1
WDR60,FAM120B,1,1
WDR60,HPSE,1,1
WDR60,IPO13,1,1
WDR60,MAT2B,1,1
WDR60,MYBL1,1,1
WDR60,NCBP2,1,1
WDR60,PCDHGC3,1,1
WDR60,PDE4A,1,1
WDR60,PIGC,1,1
WDR60,PLP2,1,1
WDR60,RAE1,1,1
WDR60,RAVER2,1,1
WDR60,RHBDD2,1,1
WDR60,RRAGA,1,1
WDR60,SASS6,1,1
WDR60,SLC2A13,1,1
WDR60,SMAP1,1,1
WDR60,SNRPB,1,1
WDR60,SP140L,1,1
WDR60,SPACA9,1,1
WDR60,TCEAL4,1,1
WDR60,YWHAQ,1,1
WDR60,ZNF521,1,1
WDR60,ZNF585A,1,1
CENPU,BUB3,1,1
CENPU,CEP19,1,1
CENPU,E2F1,1,1
CENPU,ELL,1,1
CENPU,FAM120B,1,1
CENPU,GJC1,1,1
CENPU,IPO13,1,1
CENPU,MAT2B,1,1
CENPU,PCDHGC3,1,1
CENPU,PLP2,1,1
CENPU,RAVER2,1,1
CENPU,RRAGA,1,1
CENPU,SASS6,1,1
CENPU,SNRPB,1,1
CENPU,SP140L,1,1
CENPU,YWHAQ,1,1
CENPU,ZCCHC24,1,1
CENPU,ZWINT,1,1
PRICKLE2,GALK1,1,1
PRICKLE2,GAREM1,1,1
PRICKLE2,MAGI2,1,1
PRICKLE2,OGDH,1,1
PRICKLE2,PLPPR2,1,1
PRICKLE2,RARG,1,1
PRICKLE2,SIPA1L2,1,1
PRICKLE2,TIAL1,1,1
PRICKLE2,VWA5A,1,1
GALNT18,TMEM216,1,1
DDX11,ATAD2,1,1
DDX11,CBLL1,1,1
DDX11,CNOT9,1,1
DDX11,DBF4,1,1
DDX11,DSN1,1,1
DDX11,ELOVL4,1,1
DDX11,GORASP2,1,1
DDX11,MAMLD1,1,1
DDX11,MED21,1,1
DDX11,MYO1B,1,1
DDX11,PARP1,1,1
DDX11,PPM1M,1,1
DDX11,THOC7,1,1
DDX11,TPD52,1,1
DDX11,ZMYM3,1,1
TM9SF2,C7ORF73,1,1
FAR1,CENPV,1,1
FAR1,COPS7B,1,1
FAR1,CORO1C,1,1
FAR1,NDUFAF1,1,1
FAR1,PRKACA,1,1
FAR1,TBCB,1,1
FAR1,VASH1,1,1
ATIC,ARMC6,1,1
ATIC,C11ORF49,1,1
ATIC,C2ORF47,1,1
ATIC,DBF4,1,1
ATIC,GOLGA7,1,1
ATIC,LINC01420,1,1
ATIC,MARK4,1,1
ATIC,MCM5,1,1
ATIC,PPM1M,1,1
ATIC,RAN,1,1
ATIC,SEMA3C,1,1
ATIC,SNRPD3,1,1
ATIC,TAF1B,1,1
ATIC,THOC7,1,1
ATIC,TP53INP1,1,1
ATIC,TYMS,1,1
GOLGA7,AKT1,1,1
GOLGA7,C2ORF47,1,1
GOLGA7,C4ORF3,1,1
GOLGA7,CHTF18,1,1
GOLGA7,CPSF3L,1,1
GOLGA7,DSG2,1,1
GOLGA7,ELOVL4,1,1
GOLGA7,NFYC,1,1
GOLGA7,ONECUT2,1,1
GOLGA7,PAX9,1,1
GOLGA7,POP5,1,1
GOLGA7,RPE,1,1
GOLGA7,SEMA3C,1,1
GOLGA7,THOC7,1,1
GOLGA7,UBE2S,1,1
GOLGA7,ZNF549,1,1
NSFL1C,COPS7B,1,1
NSFL1C,CORO1C,1,1
NSFL1C,DENND5A,1,1
NSFL1C,NDUFAF1,1,1
NSFL1C,SRC,1,1
NSFL1C,STK35,1,1
NSFL1C,TBCB,1,1
MZT2A,HR,1,1
MZT2A,UROD,1,1
MCM7,AEN,1,1
MCM7,APPBP2,1,1
MCM7,BTBD1,1,1
MCM7,CNOT9,1,1
MCM7,CPSF4,1,1
MCM7,CTPS1,1,1
MCM7,HAUS8,1,1
MCM7,HILPDA,1,1
MCM7,MCM6,1,1
MCM7,MRPL14,1,1
MCM7,MTBP,1,1
MCM7,MYO19,1,1
MCM7,NCAPG,1,1
MCM7,OLA1,1,1
MCM7,PAQR4,1,1
MCM7,PFDN4,1,1
MCM7,POLA1,1,1
MCM7,POLE,1,1
MCM7,PSMA1,1,1
MCM7,RAD21,1,1
MCM7,RANBP1,1,1
MCM7,SMYD5,1,1
MCM7,THRA,1,1
MCM7,UBE2S,1,1
MCM7,ZDHHC1,1,1
MCM7,ZMYM3,1,1
PPIL2,ABHD15,1,1
PPIL2,CDIPT,1,1
PPIL2,CEP112,1,1
PPIL2,PDE10A,1,1
PPIL2,SYTL2,1,1
TBC1D31,MAML3,1,1
RAD54L,APOBEC3B,1,1
RAD54L,CDCA8,1,1
RAD54L,MCM5,1,1
RAD54L,MCM6,1,1
RAD54L,NCAPG,1,1
RAD54L,NCAPG2,1,1
RAD54L,PLK1,1,1
RAD54L,RAN,1,1
RAD54L,SEMA3C,1,1
RAD54L,TYMS,1,1
DCP1B,AEN,1,1
DCP1B,APPBP2,1,1
DCP1B,COPS7A,1,1
DCP1B,CPSF4,1,1
DCP1B,CRAT,1,1
DCP1B,MBD5,1,1
DCP1B,RAVER2,1,1
DCP1B,SEMA6C,1,1
DCP1B,SP140L,1,1
DCP1B,SPACA9,1,1
DCP1B,TBCB,1,1
DCP1B,THTPA,1,1
CSTF1,CD47,1,1
CSTF1,PARP1,1,1
CSTF1,PAXBP1,1,1
CSTF1,RCHY1,1,1
CSTF1,STAU1,1,1
TNPO1,ATAD2,1,1
TNPO1,KPNA1,1,1
TNPO1,NUP98,1,1
TNPO1,PHC1,1,1
TNPO1,SRFBP1,1,1
TNPO1,ZMYM3,1,1
RRAGA,ATP10D,1,1
RRAGA,BUB3,1,1
RRAGA,CAMKK2,1,1
RRAGA,CCDC125,1,1
RRAGA,CEP19,1,1
RRAGA,ELL,1,1
RRAGA,FAF1,1,1
RRAGA,FAM120B,1,1
RRAGA,GTF2I,1,1
RRAGA,HPSE,1,1
RRAGA,IPO13,1,1
RRAGA,MAT2B,1,1
RRAGA,MYBL1,1,1
RRAGA,NCBP2,1,1
RRAGA,PCDHGC3,1,1
RRAGA,PDE4A,1,1
RRAGA,PIGC,1,1
RRAGA,PLP2,1,1
RRAGA,RHBDD2,1,1
RRAGA,SLC2A13,1,1
RRAGA,SNRPB,1,1
RRAGA,TCEAL4,1,1
RRAGA,THEM6,1,1
RRAGA,YWHAQ,1,1
RRAGA,ZNF585A,1,1
FAM120B,BBS9,1,1
FAM120B,BUB3,1,1
FAM120B,CAMKK2,1,1
FAM120B,CEP19,1,1
FAM120B,E2F1,1,1
FAM120B,ELL,1,1
FAM120B,GJC1,1,1
FAM120B,HPSE,1,1
FAM120B,IPO13,1,1
FAM120B,MAT2B,1,1
FAM120B,PCDHGC3,1,1
FAM120B,PIGC,1,1
FAM120B,PLP2,1,1
FAM120B,RAE1,1,1
FAM120B,RNF25,1,1
FAM120B,SASS6,1,1
FAM120B,SLC2A13,1,1
FAM120B,SNRPB,1,1
FAM120B,SP140L,1,1
FAM120B,YWHAQ,1,1
DYRK4,C2ORF47,1,1
DYRK4,CBLL1,1,1
DYRK4,DSG2,1,1
DYRK4,OLA1,1,1
DYRK4,RPE,1,1
DYRK4,SPRED2,1,1
DYRK4,TMEM216,1,1
DYRK4,ZDHHC1,1,1
CPSF4,AEN,1,1
CPSF4,APPBP2,1,1
CPSF4,CCNE2,1,1
CPSF4,CDCA7,1,1
CPSF4,CNOT9,1,1
CPSF4,E2F1,1,1
CPSF4,HILPDA,1,1
CPSF4,PAQR4,1,1
CPSF4,PSMA1,1,1
CPSF4,TBCB,1,1
FAM78B,CAPS,1,1
FAM78B,TM9SF4,1,1
RHBDD2,BMP4,1,1
RHBDD2,CAMKK2,1,1
RHBDD2,CCDC125,1,1
RHBDD2,CDON,1,1
RHBDD2,FAF1,1,1
RHBDD2,GNG7,1,1
RHBDD2,IFFO1,1,1
RHBDD2,IPO13,1,1
RHBDD2,MYBL1,1,1
RHBDD2,NCBP2,1,1
RHBDD2,PDE4A,1,1
RHBDD2,PLP2,1,1
RHBDD2,RAE1,1,1
RHBDD2,RAVER2,1,1
RHBDD2,SASS6,1,1
RHBDD2,SMAP1,1,1
RHBDD2,SPACA9,1,1
RHBDD2,THRA,1,1
RHBDD2,YWHAQ,1,1
TCF20,DENND5A,1,1
TCF20,LSM14B,1,1
TCF20,SRC,1,1
TCF20,TMEM231,1,1
RBM33,CERS1,1,1
RBM33,SIPA1,1,1
APOBEC3B,DSN1,1,1
APOBEC3B,IMMT,1,1
APOBEC3B,MAMLD1,1,1
APOBEC3B,MCM5,1,1
APOBEC3B,SEMA3C,1,1
AKT1,BRSK2,1,1
AKT1,C2ORF47,1,1
AKT1,CD44,1,1
AKT1,CLMN,1,1
AKT1,DSG2,1,1
AKT1,ONECUT2,1,1
AKT1,POP5,1,1
AKT1,PYGL,1,1
AKT1,RPE,1,1
AKT1,SIKE1,1,1
GOLGA2,GGPS1,1,1
GOLGA2,GNG7,1,1
GOLGA2,MRGBP,1,1
GOLGA2,MTND4P12,1,1
GOLGA2,NR1H3,1,1
GOLGA2,SEMA6C,1,1
GOLGA2,SPACA9,1,1
GOLGA2,STX8,1,1
ZCCHC24,BUB3,1,1
ZCCHC24,E2F1,1,1
ZCCHC24,GJC1,1,1
ZCCHC24,ITPKC,1,1
ZCCHC24,MAT2B,1,1
ZCCHC24,PHF5A,1,1
ZCCHC24,PLP2,1,1
ZCCHC24,RAE1,1,1
ZCCHC24,RAVER2,1,1
ZCCHC24,SASS6,1,1
ZCCHC24,SP140L,1,1
ZCCHC24,SUV39H2,1,1
ZCCHC24,ZWINT,1,1
FUS,TEP1,1,1
CLMN,CD44,1,1
HPSE,CAMKK2,1,1
HPSE,CCDC125,1,1
HPSE,CORO1C,1,1
HPSE,ELL,1,1
HPSE,FAF1,1,1
HPSE,MTG2,1,1
HPSE,PCDHGC3,1,1
HPSE,PDE4A,1,1
HPSE,PIGC,1,1
HPSE,PLP2,1,1
HPSE,RNF25,1,1
HPSE,SNRPB,1,1
HPSE,SP140L,1,1
HPSE,THEM6,1,1
HPSE,VASH1,1,1
HPSE,ZNF521,1,1
HPSE,ZNF585A,1,1
CA11,SSH3,1,1
PDCL3,CTPS1,1,1
PDCL3,LINC01420,1,1
PDCL3,MRPS30,1,1
PDCL3,NCAPG,1,1
PDCL3,RAN,1,1
PDCL3,RRNAD1,1,1
PDCL3,TAF1B,1,1
PDE4A,ATP10D,1,1
PDE4A,BMP4,1,1
PDE4A,CAMKK2,1,1
PDE4A,CCDC125,1,1
PDE4A,CDON,1,1
PDE4A,ELL,1,1
PDE4A,FAF1,1,1
PDE4A,GTF2I,1,1
PDE4A,MYBL1,1,1
PDE4A,PCDHGC3,1,1
PDE4A,PIGC,1,1
PDE4A,PLP2,1,1
PDE4A,RAVER2,1,1
PDE4A,SLC2A13,1,1
PDE4A,SMAP1,1,1
PDE4A,YWHAQ,1,1
PDE4A,ZNF521,1,1
PDE4A,ZNF585A,1,1
CD47,ADPRHL2,1,1
CD47,ANTXR1,1,1
CD47,ENOPH1,1,1
CD47,MICA,1,1
CD47,PRKACA,1,1
CD47,PRKRA,1,1
CD47,RCHY1,1,1
CD47,SRC,1,1
TBCB,AEN,1,1
TBCB,CENPV,1,1
TBCB,CORO1C,1,1
TBCB,MBD5,1,1
TBCB,NDUFAF1,1,1
TBCB,PRKACA,1,1
TBCB,RCHY1,1,1
TBCB,STK35,1,1
TBCB,THEM6,1,1
TBCB,VASH1,1,1
TBCB,ZNF521,1,1
TAF10,AKR1A1,1,1
TAF10,CAPS,1,1
TAF10,NLRP1,1,1
SCO2,ARMC6,1,1
SCO2,ELOVL4,1,1
SCO2,GORASP2,1,1
SCO2,MED21,1,1
SCO2,MYO1B,1,1
SCO2,NFYC,1,1
SCO2,NIF3L1,1,1
SCO2,NRAS,1,1
SCO2,NUP98,1,1
SCO2,PAX9,1,1
SCO2,PAXBP1,1,1
SCO2,SPICE1,1,1
SCO2,STAU1,1,1
SCO2,THOC7,1,1
SCO2,ZNF549,1,1
CAB39,CLK2,1,1
CAB39,KLC4,1,1
CAB39,NCAPG,1,1
CAB39,PHC1,1,1
CAB39,POLA1,1,1
CAB39,POLE,1,1
CAB39,SLC44A2,1,1
CAB39,SNRPD3,1,1
CAB39,STK19,1,1
CAB39,ZDHHC1,1,1
UROD,HR,1,1
VASH1,ARHGEF6,1,1
VASH1,CENPV,1,1
VASH1,CEP112,1,1
VASH1,COPS7A,1,1
VASH1,CORO1C,1,1
VASH1,DIRAS1,1,1
VASH1,ITM2A,1,1
VASH1,JAG1,1,1
VASH1,MBD5,1,1
VASH1,MTG2,1,1
VASH1,PRKD1,1,1
VASH1,SP140L,1,1
VASH1,STK35,1,1
VASH1,THEM6,1,1
VASH1,ZNF521,1,1
HSPB2,ACTA2,1,1
HSPB2,GSTM3,1,1
HSPB2,MTND4P12,1,1
MTA3,HDAC5,1,1
ZFP36L1,ADNP,1,1
ZFP36L1,ARPC2,1,1
ZFP36L1,CRAT,1,1
ZFP36L1,LSM14B,1,1
ZFP36L1,NUP98,1,1
ZFP36L1,RCHY1,1,1
ZFP36L1,ROCK2,1,1
ZFP36L1,SRFBP1,1,1
ZFP36L1,STAU1,1,1
ZFP36L1,TMEM231,1,1
UBE2B,DENND5A,1,1
UBE2B,IFT57,1,1
UBE2B,NID1,1,1
UBE2B,SRC,1,1
THAP5,ELOVL4,1,1
THAP5,FAM193A,1,1
THAP5,MED21,1,1
THAP5,NRAS,1,1
THAP5,PAX9,1,1
THAP5,THOC7,1,1
THAP5,TPD52,1,1
MARK4,C11ORF49,1,1
MARK4,DBF4,1,1
MARK4,FBXO5,1,1
MARK4,MCM5,1,1
MARK4,NCAPG2,1,1
MARK4,RAN,1,1
MARK4,SEMA3C,1,1
MARK4,SNRPD3,1,1
MARK4,SSH3,1,1
MARK4,TP53INP1,1,1
SIAE,CDON,1,1
SIAE,MYO19,1,1
SIAE,PSMD8,1,1
SIAE,RAE1,1,1
SIAE,TBC1D5,1,1
SIAE,ZNF585A,1,1
RRNAD1,CTPS1,1,1
RRNAD1,KLC4,1,1
RRNAD1,MCM4,1,1
RRNAD1,MCM6,1,1
RRNAD1,NCAPG,1,1
RRNAD1,POLE,1,1
RRNAD1,RANBP1,1,1
PYGL,BRSK2,1,1
PYGL,C2ORF47,1,1
PYGL,IMMT,1,1
PYGL,RPE,1,1
PYGL,SEMA3C,1,1
E2F6,ARMC6,1,1
E2F6,DBF4,1,1
E2F6,EML4,1,1
E2F6,LINC01420,1,1
E2F6,MYO1B,1,1
E2F6,NRAS,1,1
E2F6,NUP98,1,1
E2F6,PHC1,1,1
E2F6,PPM1M,1,1
E2F6,SNRPD3,1,1
E2F6,SPICE1,1,1
E2F6,THOC7,1,1
SPICE1,ARMC6,1,1
SPICE1,MED21,1,1
SPICE1,NUP98,1,1
SPICE1,SNRPD3,1,1
SPICE1,XPO6,1,1
GPR137,VPS9D1,1,1
GPR137,ZMYM3,1,1
MAT2B,ANGEL1,1,1
MAT2B,BUB3,1,1
MAT2B,CEP19,1,1
MAT2B,COPS7A,1,1
MAT2B,ELL,1,1
MAT2B,FAF1,1,1
MAT2B,GJC1,1,1
MAT2B,IPO13,1,1
MAT2B,NCBP2,1,1
MAT2B,NOL7,1,1
MAT2B,PLP2,1,1
MAT2B,PRKD1,1,1
MAT2B,RAE1,1,1
MAT2B,RAVER2,1,1
MAT2B,SASS6,1,1
MAT2B,SNRPB,1,1
MAT2B,SP140L,1,1
MAT2B,SUV39H2,1,1
MAT2B,YWHAQ,1,1
MAT2B,ZWINT,1,1
TRAPPC5,HSP90AB2P,1,1
TRAPPC5,NDUFAF1,1,1
TCP1,C11ORF49,1,1
TCP1,COG4,1,1
TCP1,FBXO5,1,1
MTND4P12,GNG7,1,1
MTND4P12,IFFO1,1,1
MTND4P12,IFT74,1,1
MTND4P12,MAPT,1,1
MTND4P12,NR1H3,1,1
MTND4P12,THRA,1,1
PIGC,BUB3,1,1
PIGC,CAMKK2,1,1
PIGC,CCDC125,1,1
PIGC,ELL,1,1
PIGC,FAF1,1,1
PIGC,NCBP2,1,1
PIGC,PCDHGC3,1,1
PIGC,PLP2,1,1
PIGC,SLC2A13,1,1
PIGC,YWHAQ,1,1
PIGC,ZNF521,1,1
PIGC,ZNF585A,1,1
NUMB,MICA,1,1
LINC01420,ARMC6,1,1
LINC01420,DBF4,1,1
LINC01420,NCAPG,1,1
LINC01420,NUP98,1,1
LINC01420,PPM1M,1,1
LINC01420,RAN,1,1
LINC01420,SMYD5,1,1
LINC01420,SNRPD3,1,1
LINC01420,SUZ12,1,1
LINC01420,TAF1B,1,1
SESN3,ANGEL1,1,1
SESN3,FAM117A,1,1
SESN3,OGDH,1,1
SESN3,TATDN3,1,1
NOL7,SNRPB,1,1
NOL7,SP140L,1,1
NOL7,ZWINT,1,1
STAU1,ACTR3,1,1
STAU1,ARPC2,1,1
STAU1,CNOT9,1,1
STAU1,NIF3L1,1,1
STAU1,NUP98,1,1
STAU1,PARP1,1,1
STAU1,PAXBP1,1,1
STAU1,RCHY1,1,1
STAU1,ROCK2,1,1
SUZ12,CAND1,1,1
SUZ12,DBF4,1,1
SUZ12,EML4,1,1
SUZ12,FBXO5,1,1
SUZ12,LMBR1L,1,1
SUZ12,NCAPG,1,1
SUZ12,NCAPG2,1,1
SUZ12,PPM1M,1,1
SUZ12,RAN,1,1
SUZ12,SNRPD3,1,1
SUZ12,TYMS,1,1
SUZ12,ZMYM3,1,1
TBX2,GALK1,1,1
TBX2,MAGI2,1,1
TBX2,NDRG2,1,1
TBX2,OGDH,1,1
TBX2,PLPPR2,1,1
TBX2,RARG,1,1
TBX2,SPATA20,1,1
TBX2,TPP2,1,1
TBX2,VWA5A,1,1
SPTSSA,TEX261,1,1
AKAP8L,COPS7A,1,1
AKAP8L,NUPR1,1,1
SUV39H2,POC1A,1,1
SUV39H2,SP140L,1,1
SUV39H2,ZWINT,1,1
TAF1B,C2ORF47,1,1
TAF1B,CTPS1,1,1
TAF1B,DSG2,1,1
TAF1B,MCM5,1,1
TAF1B,MRPS30,1,1
TAF1B,NCAPG,1,1
TAF1B,RAN,1,1
CTPS1,MCM6,1,1
CTPS1,NCAPG,1,1
CTPS1,POLE,1,1
CTPS1,RAN,1,1
CTPS1,RANBP1,1,1
CTPS1,SMYD5,1,1
SYTL2,ROBO2,1,1
HILPDA,CDCA7,1,1
HILPDA,CNOT9,1,1
HILPDA,HAUS8,1,1
HILPDA,IMPA1,1,1
HILPDA,OLA1,1,1
HILPDA,PAQR4,1,1
HILPDA,PFDN4,1,1
HILPDA,POLA1,1,1
HILPDA,PSMA1,1,1
HILPDA,RAD21,1,1
HILPDA,RANBP1,1,1
HILPDA,UBE2S,1,1
HILPDA,ZDHHC1,1,1
HILPDA,ZMYM3,1,1
MRGBP,ALDH6A1,1,1
MRGBP,GGPS1,1,1
MRGBP,GNG7,1,1
MRGBP,MCM4,1,1
MRGBP,MYO19,1,1
MRGBP,NR1H3,1,1
MRGBP,PAQR4,1,1
MRGBP,PHF5A,1,1
MRGBP,RAE1,1,1
MRGBP,SPDL1,1,1
MRGBP,STX8,1,1
MRGBP,THRA,1,1
PPM1M,ARMC6,1,1
PPM1M,CBLL1,1,1
PPM1M,DBF4,1,1
PPM1M,EML4,1,1
PPM1M,MYO1B,1,1
PPM1M,NCAPG,1,1
PPM1M,NFYC,1,1
PPM1M,NRAS,1,1
PPM1M,NUP98,1,1
PPM1M,PHC1,1,1
PPM1M,POLA1,1,1
PPM1M,RAN,1,1
PPM1M,RANBP1,1,1
PPM1M,SNRPD3,1,1
PPM1M,THOC7,1,1
PPM1M,UBE2S,1,1
PPM1M,XPO6,1,1
PPM1M,ZMYM3,1,1
CENPV,CEP112,1,1
CENPV,COPS7B,1,1
CENPV,CORO1C,1,1
CENPV,STK35,1,1
PAXBP1,ATAD2,1,1
PAXBP1,CNOT9,1,1
PAXBP1,CRAT,1,1
PAXBP1,ELOVL4,1,1
PAXBP1,GORASP2,1,1
PAXBP1,IMPA1,1,1
PAXBP1,MED21,1,1
PAXBP1,NFYC,1,1
PAXBP1,NIF3L1,1,1
PAXBP1,NUP98,1,1
PAXBP1,PARP1,1,1
PAXBP1,RCHY1,1,1
PAXBP1,SH3PXD2B,1,1
PAXBP1,TPD52,1,1
SPRYD3,COPS7A,1,1
SPRYD3,MTG2,1,1
SPRYD3,ZNF521,1,1
SPRYD3,ZNF585A,1,1
SPDL1,ARHGAP11A,1,1
SPDL1,CCNE2,1,1
SPDL1,E2F1,1,1
SPDL1,ESF1,1,1
SPDL1,ITPKC,1,1
SPDL1,MCM4,1,1
SPDL1,MYO19,1,1
SPDL1,PHF5A,1,1
SPDL1,PUF60,1,1
SPDL1,RAE1,1,1
SPDL1,RAVER2,1,1
SPDL1,SASS6,1,1
SPDL1,SP140L,1,1
SPDL1,SUV39H1,1,1
SPDL1,XRCC5,1,1
SPDL1,ZWINT,1,1
ZNF521,BMP4,1,1
ZNF521,CAMKK2,1,1
ZNF521,CCDC125,1,1
ZNF521,COPS7A,1,1
ZNF521,CORO1C,1,1
ZNF521,ELL,1,1
ZNF521,ITM2A,1,1
ZNF521,MTG2,1,1
ZNF521,NDUFAF1,1,1
ZNF521,RAVER2,1,1
ZNF521,SP140L,1,1
ZNF521,THEM6,1,1
ZNF521,ZNF585A,1,1
DCTPP1,AEN,1,1
DCTPP1,ATAD2,1,1
DCTPP1,CDCA7,1,1
DCTPP1,CNOT9,1,1
DCTPP1,CRAT,1,1
DCTPP1,ESF1,1,1
DCTPP1,INO80B,1,1
DCTPP1,NUP98,1,1
DCTPP1,POLA1,1,1
DCTPP1,TEP1,1,1
DCTPP1,ZMYM3,1,1
SP140L,BUB3,1,1
SP140L,CCNE2,1,1
SP140L,COPS7A,1,1
SP140L,E2F1,1,1
SP140L,EIF4G2,1,1
SP140L,ELL,1,1
SP140L,ESF1,1,1
SP140L,PHF5A,1,1
SP140L,PLP2,1,1
SP140L,PRKD1,1,1
SP140L,RAE1,1,1
SP140L,RAVER2,1,1
SP140L,SASS6,1,1
SP140L,SNRPB,1,1
SP140L,SPACA9,1,1
SP140L,ZNF585A,1,1
SP140L,ZWINT,1,1
FBXO5,C11ORF49,1,1
FBXO5,COG4,1,1
FBXO5,SNRPD3,1,1
FBXO5,SSH3,1,1
FBXO5,TP53INP1,1,1
PSME2,DENND5A,1,1
DEF8,CLK2,1,1
CDCA7,CNOT9,1,1
DIRAS1,CEP112,1,1
DIRAS1,COPS7B,1,1
DIRAS1,ITM2A,1,1
DIRAS1,SRSF8,1,1
TMEM216,CBLL1,1,1
TMEM216,DSG2,1,1
TMEM216,IMMT,1,1
TMEM216,RIN3,1,1
THTPA,CHD1,1,1
THTPA,INO80B,1,1
THTPA,POC1A,1,1
ACADS,ALDH6A1,1,1
ACADS,STX8,1,1
ACADS,ZC3H6,1,1
TMEM231,ADNP,1,1
TMEM231,LSM14B,1,1
TMEM231,RCHY1,1,1
OGDH,ECHDC3,1,1
OGDH,FAM117A,1,1
OGDH,MAGI2,1,1
OGDH,PLPPR2,1,1
OGDH,TATDN3,1,1
OGDH,TIAL1,1,1
OGDH,VWA5A,1,1
MCM5,C11ORF49,1,1
MCM5,C2ORF47,1,1
MCM5,CAND1,1,1
MCM5,DBF4,1,1
MCM5,DSN1,1,1
MCM5,IMMT,1,1
MCM5,NCAPG,1,1
MCM5,NCAPG2,1,1
MCM5,PLK1,1,1
MCM5,RAN,1,1
MCM5,SEMA3C,1,1
MCM5,TP53INP1,1,1
MCM5,TYMS,1,1
USP37,ZMYM3,1,1
BMP4,ALDH6A1,1,1
BMP4,APPBP2,1,1
BMP4,ATP5I,1,1
BMP4,CAMKK2,1,1
BMP4,CCDC125,1,1
BMP4,CDON,1,1
BMP4,COPS7A,1,1
BMP4,GNG7,1,1
BMP4,MRAS,1,1
BMP4,NR1H3,1,1
BMP4,PLP2,1,1
BMP4,RAE1,1,1
BMP4,RAVER2,1,1
BMP4,SPACA9,1,1
BMP4,TBC1D5,1,1
BMP4,THRA,1,1
BMP4,ZNF585A,1,1
PAX9,BRSK2,1,1
PAX9,CBLL1,1,1
PAX9,CPSF3L,1,1
PAX9,DSN1,1,1
PAX9,ELOVL4,1,1
PAX9,GORASP2,1,1
PAX9,IMMT,1,1
PAX9,MED21,1,1
PAX9,MYO1B,1,1
PAX9,NFYC,1,1
PAX9,NIF3L1,1,1
PAX9,NRAS,1,1
PAX9,ONECUT2,1,1
PAX9,THOC7,1,1
PAX9,TNRC6C,1,1
PAX9,TPD52,1,1
PAX9,ZNF549,1,1
DBF4,ARMC6,1,1
DBF4,C11ORF49,1,1
DBF4,DSN1,1,1
DBF4,EML4,1,1
DBF4,NCAPG,1,1
DBF4,NCAPG2,1,1
DBF4,NUP98,1,1
DBF4,PHC1,1,1
DBF4,POLE,1,1
DBF4,RAN,1,1
DBF4,SNRPD3,1,1
DBF4,THOC7,1,1
DBF4,TP53INP1,1,1
DBF4,TYMS,1,1
DBF4,ZMYM3,1,1
PLP2,ANGEL1,1,1
PLP2,ATP10D,1,1
PLP2,BUB3,1,1
PLP2,CAMKK2,1,1
PLP2,CCDC125,1,1
PLP2,CEP19,1,1
PLP2,COPS7A,1,1
PLP2,E2F1,1,1
PLP2,ELL,1,1
PLP2,FAF1,1,1
PLP2,GNG7,1,1
PLP2,IFFO1,1,1
PLP2,IPO13,1,1
PLP2,MYBL1,1,1
PLP2,NCBP2,1,1
PLP2,RAE1,1,1
PLP2,RAVER2,1,1
PLP2,SASS6,1,1
PLP2,SNRPB,1,1
PLP2,SPACA9,1,1
PLP2,SPCS3,1,1
PLP2,YWHAQ,1,1
PLP2,ZNF585A,1,1
THEM6,AKR1A1,1,1
THEM6,CCDC125,1,1
THEM6,CEP112,1,1
THEM6,ELL,1,1
THEM6,ITM2A,1,1
THEM6,MTG2,1,1
THEM6,SLC2A13,1,1
THEM6,ZNF585A,1,1
SLC25A39,PRADC1,1,1
ZDHHC1,BTBD1,1,1
ZDHHC1,CNOT9,1,1
ZDHHC1,KLC4,1,1
ZDHHC1,NCAPG,1,1
ZDHHC1,OLA1,1,1
ZDHHC1,PFDN4,1,1
ZDHHC1,POLA1,1,1
ZDHHC1,POLE,1,1
ZDHHC1,PRKAR2A,1,1
ZDHHC1,RANBP1,1,1
ZDHHC1,SLC44A2,1,1
ZDHHC1,ZMYM3,1,1
BUB3,ANGEL1,1,1
BUB3,BBS9,1,1
BUB3,CAMKK2,1,1
BUB3,CEP19,1,1
BUB3,ELL,1,1
BUB3,GJC1,1,1
BUB3,IPO13,1,1
BUB3,MYBL1,1,1
BUB3,NCBP2,1,1
BUB3,PCDHGC3,1,1
BUB3,RAE1,1,1
BUB3,RAVER2,1,1
BUB3,SASS6,1,1
BUB3,SLC2A13,1,1
BUB3,SNRPB,1,1
BUB3,SPCS3,1,1
BUB3,YWHAQ,1,1
BUB3,ZWINT,1,1
ABHD15,CDIPT,1,1
ABHD15,EPN2,1,1
ABHD15,PEA15,1,1
ABHD15,PLPPR2,1,1
ABHD15,RARG,1,1
ABHD15,RNF187,1,1
ABHD15,ROBO2,1,1
ABHD15,SRSF11,1,1
ABHD15,TIAL1,1,1
ABHD15,VWA5A,1,1
ATP5I,COPS7A,1,1
AKR1A1,CCDC125,1,1
AKR1A1,GTF2I,1,1
TPD52,DSN1,1,1
TPD52,ELOVL4,1,1
TPD52,GORASP2,1,1
TPD52,IMPA1,1,1
TPD52,MED21,1,1
TPD52,MYO1B,1,1
TPD52,NFYC,1,1
TPD52,NIF3L1,1,1
TPD52,NRAS,1,1
TPD52,PARP1,1,1
TPD52,THOC7,1,1
TPD52,TNRC6C,1,1
MED21,ARMC6,1,1
MED21,ATAD2,1,1
MED21,CNOT9,1,1
MED21,ELOVL4,1,1
MED21,GORASP2,1,1
MED21,MYO1B,1,1
MED21,NFYC,1,1
MED21,NIF3L1,1,1
MED21,NUP98,1,1
MED21,PARP1,1,1
MED21,PHC1,1,1
MED21,SNRPD3,1,1
MED21,THOC7,1,1
MED21,ZMYM3,1,1
CHD1,CEP128,1,1
CHD1,SLC25A1,1,1
KLHL13,GALK2,1,1
KLHL13,NID1,1,1
EML4,CAND1,1,1
EML4,CBLL1,1,1
EML4,MYO1B,1,1
EML4,NCAPG2,1,1
EML4,NRAS,1,1
EML4,PHC1,1,1
EML4,SNRPD3,1,1
EML4,ZMYM3,1,1
SNRPB,BBS9,1,1
SNRPB,CEP19,1,1
SNRPB,E2F1,1,1
SNRPB,ELL,1,1
SNRPB,GJC1,1,1
SNRPB,IPO13,1,1
SNRPB,PCDHGC3,1,1
SNRPB,RNF25,1,1
SNRPB,SASS6,1,1
SNRPB,YWHAQ,1,1
SNRPB,ZWINT,1,1
CTR9,RBBP8,1,1
CTR9,STK35,1,1
VPS9D1,KIF22,1,1
PDE10A,COPS7B,1,1
CCDC125,ATP10D,1,1
CCDC125,CAMKK2,1,1
CCDC125,CDON,1,1
CCDC125,DIXDC1,1,1
CCDC125,ELL,1,1
CCDC125,FAF1,1,1
CCDC125,GTF2I,1,1
CCDC125,MTG2,1,1
CCDC125,MYBL1,1,1
CCDC125,PCDHGC3,1,1
CCDC125,RAVER2,1,1
CCDC125,SLC2A13,1,1
CCDC125,SMAP1,1,1
CCDC125,YWHAQ,1,1
CCDC125,ZNF585A,1,1
NCBP2,ANGEL1,1,1
NCBP2,CAMKK2,1,1
NCBP2,CEP19,1,1
NCBP2,FAF1,1,1
NCBP2,IFFO1,1,1
NCBP2,IPO13,1,1
NCBP2,MYBL1,1,1
NCBP2,SPCS3,1,1
NCBP2,YWHAQ,1,1
PHC1,ACTR3,1,1
PHC1,ARMC6,1,1
PHC1,KPNA1,1,1
PHC1,MYO1B,1,1
PHC1,NRAS,1,1
PHC1,NUP98,1,1
PHC1,SNRPD3,1,1
PHC1,THOC7,1,1
PHC1,ZMYM3,1,1
IMPA1,ARPC2,1,1
IMPA1,CNOT9,1,1
IMPA1,NIF3L1,1,1
IMPA1,NUP98,1,1
IMPA1,OLA1,1,1
IMPA1,PARP1,1,1
IMPA1,PSMA1,1,1
IMPA1,RAD21,1,1
IMPA1,RCHY1,1,1
CDON,DIXDC1,1,1
CDON,MRAS,1,1
CDON,MYBL1,1,1
CDON,SMAP1,1,1
CDON,TBC1D5,1,1
CDON,ZNF585A,1,1
SIPA1L2,BLVRB,1,1
SIPA1L2,MAGI2,1,1
ARPC2,ACTR3,1,1
ARPC2,CNOT9,1,1
ARPC2,CRAT,1,1
ARPC2,NIF3L1,1,1
ARPC2,RAD21,1,1
ARPC2,RCHY1,1,1
ARPC2,ROCK2,1,1
IPO13,ANGEL1,1,1
IPO13,BBS9,1,1
IPO13,CAMKK2,1,1
IPO13,CBFA2T2,1,1
IPO13,CEP19,1,1
IPO13,IFFO1,1,1
IPO13,MYBL1,1,1
IPO13,SASS6,1,1
IPO13,SPCS3,1,1
IPO13,YWHAQ,1,1
TBC1D5,APPBP2,1,1
TBC1D5,DIXDC1,1,1
TBC1D5,MRAS,1,1
TBC1D5,MYO19,1,1
TBC1D5,PAQR4,1,1
TBC1D5,RAE1,1,1
TBC1D5,ZNF585A,1,1
ZNF549,CHTF18,1,1
ZNF549,CPSF3L,1,1
ZNF549,DSN1,1,1
ZNF549,ELOVL4,1,1
ZNF549,RALGAPA1,1,1
ZNF549,SEMA3C,1,1
ZNF549,SH3PXD2B,1,1
ZNF549,THOC7,1,1
ZNF549,VPS13B,1,1
PCDHGC3,CAMKK2,1,1
PCDHGC3,CEP19,1,1
PCDHGC3,ELL,1,1
PCDHGC3,GTF2I,1,1
PCDHGC3,ROBO2,1,1
PCDHGC3,SLC2A13,1,1
PCDHGC3,YWHAQ,1,1
YWHAQ,CAMKK2,1,1
YWHAQ,CEP19,1,1
YWHAQ,ELL,1,1
YWHAQ,FAF1,1,1
YWHAQ,MYBL1,1,1
YWHAQ,RAE1,1,1
YWHAQ,RAVER2,1,1
YWHAQ,SASS6,1,1
FAF1,CAMKK2,1,1
FAF1,ELL,1,1
FAF1,MYBL1,1,1
FAF1,SASS6,1,1
FAM117A,GALK1,1,1
FAM117A,NDRG2,1,1
FAM117A,TATDN3,1,1
ELOVL4,CHTF18,1,1
ELOVL4,CNOT9,1,1
ELOVL4,CPSF3L,1,1
ELOVL4,DSN1,1,1
ELOVL4,FAM193A,1,1
ELOVL4,GORASP2,1,1
ELOVL4,IMMT,1,1
ELOVL4,MYO1B,1,1
ELOVL4,NFYC,1,1
ELOVL4,NIF3L1,1,1
ELOVL4,NRAS,1,1
ELOVL4,NUP98,1,1
ELOVL4,ONECUT2,1,1
ELOVL4,PARP1,1,1
ELOVL4,RALGAPA1,1,1
ELOVL4,SH3PXD2B,1,1
ELOVL4,THOC7,1,1
ELOVL4,TNRC6C,1,1
ELOVL4,UBE2S,1,1
ELOVL4,ZMYM3,1,1
PRKAR2A,BTBD1,1,1
PRKAR2A,KLC4,1,1
PRKAR2A,PPIG,1,1
PRKAR2A,SLC44A2,1,1
MYO19,CCNE2,1,1
MYO19,E2F1,1,1
MYO19,MCM4,1,1
MYO19,MRPL14,1,1
MYO19,MTBP,1,1
MYO19,PAQR4,1,1
MYO19,PHF5A,1,1
MYO19,RAE1,1,1
MYO19,RAVER2,1,1
MYO19,SASS6,1,1
MYO19,SUV39H1,1,1
MYO19,THRA,1,1
MYO19,XRCC5,1,1
SSH3,C11ORF49,1,1
SSH3,TP53INP1,1,1
SSH3,TYMS,1,1
CDIPT,EPN2,1,1
CDIPT,PLPPR2,1,1
CDIPT,RNF187,1,1
CDIPT,ROBO2,1,1
CDIPT,SRSF11,1,1
CDIPT,TPP2,1,1
CDIPT,VWA5A,1,1
CEP19,ANGEL1,1,1
CEP19,SLC2A13,1,1
MAMLD1,DSN1,1,1
ARHGAP11A,CCNE2,1,1
ARHGAP11A,CEP135,1,1
ARHGAP11A,ESF1,1,1
ARHGAP11A,MCM4,1,1
ARHGAP11A,PHF5A,1,1
ARHGAP11A,SASS6,1,1
PRKD1,COPS7A,1,1
PRKD1,CORO1C,1,1
PRKD1,NPHP3,1,1
PRKD1,RAVER2,1,1
PSMA1,AL589743.1,1,1
PSMA1,APPBP2,1,1
PSMA1,CNOT9,1,1
PSMA1,HAUS8,1,1
PSMA1,OLA1,1,1
PSMA1,PAQR4,1,1
PSMA1,PFDN4,1,1
PSMA1,RAD21,1,1
PSMA1,RAVER2,1,1
PSMA1,SCAND1,1,1
PSMA1,SLC44A2,1,1
PSMA1,THRA,1,1
PSMA1,UBE2S,1,1
ANTXR1,ENOPH1,1,1
ANTXR1,PRKRA,1,1
MRAS,APPBP2,1,1
MRAS,ATP10D,1,1
MRAS,DIXDC1,1,1
MRAS,THRA,1,1
CNOT9,AEN,1,1
CNOT9,ATAD2,1,1
CNOT9,CRAT,1,1
CNOT9,HAUS8,1,1
CNOT9,KIF22,1,1
CNOT9,NFYC,1,1
CNOT9,NIF3L1,1,1
CNOT9,NUP98,1,1
CNOT9,OLA1,1,1
CNOT9,PARP1,1,1
CNOT9,POLA1,1,1
CNOT9,RAD21,1,1
CNOT9,RANBP1,1,1
CNOT9,SNRPD3,1,1
CNOT9,UBE2S,1,1
CNOT9,ZMYM3,1,1
GEN1,CCNE2,1,1
GEN1,HAUS8,1,1
GEN1,INO80B,1,1
SLX1B,NECTIN1,1,1
SLX1B,WRAP73,1,1
TIAL1,GALK1,1,1
TIAL1,MAGI2,1,1
TIAL1,PLPPR2,1,1
TIAL1,RARG,1,1
TIAL1,SRSF11,1,1
TIAL1,VWA5A,1,1
POP5,C4ORF3,1,1
POP5,CD44,1,1
POP5,DSG2,1,1
POP5,RPE,1,1
POP5,SCAND1,1,1
POP5,SIKE1,1,1
TPP2,MAGI2,1,1
TPP2,PLPPR2,1,1
TNRC6C,DSN1,1,1
TNRC6C,GORASP2,1,1
TNRC6C,NIF3L1,1,1
TNRC6C,THOC7,1,1
SPCS3,ANGEL1,1,1
SPCS3,COPS7A,1,1
C4ORF3,C2ORF47,1,1
C4ORF3,DSG2,1,1
C4ORF3,OLA1,1,1
C4ORF3,PFDN4,1,1
C4ORF3,RPE,1,1
C4ORF3,SCAND1,1,1
C4ORF3,SIKE1,1,1
C4ORF3,UBE2S,1,1
POC1A,ARHGEF6,1,1
RAE1,CCNE2,1,1
RAE1,E2F1,1,1
RAE1,ELL,1,1
RAE1,ESF1,1,1
RAE1,MYBL1,1,1
RAE1,PAQR4,1,1
RAE1,PHF5A,1,1
RAE1,PUF60,1,1
RAE1,RAVER2,1,1
RAE1,SASS6,1,1
RAE1,SPACA9,1,1
RAE1,THRA,1,1
RAE1,XRCC5,1,1
CRAT,AEN,1,1
CRAT,ATAD2,1,1
CRAT,CHAMP1,1,1
CRAT,NUP98,1,1
CRAT,POLA1,1,1
CRAT,PRKACA,1,1
CRAT,RCHY1,1,1
SRFBP1,KPNA1,1,1
SRFBP1,ROCK2,1,1
PHF5A,CCNE2,1,1
PHF5A,E2F1,1,1
PHF5A,ESF1,1,1
PHF5A,ITPKC,1,1
PHF5A,MCM4,1,1
PHF5A,MTBP,1,1
PHF5A,PUF60,1,1
PHF5A,RAVER2,1,1
PHF5A,SASS6,1,1
BTBD1,ESF1,1,1
BTBD1,INO80B,1,1
BTBD1,KLC4,1,1
BTBD1,RAD21,1,1
BTBD1,SLC44A2,1,1
NUPR1,IFFO1,1,1
XPO6,ARMC6,1,1
XPO6,NUP98,1,1
TRIM66,DENND5A,1,1
TRIM66,HLA-DPA1,1,1
TRIM66,NECAP1,1,1
MBD5,ARHGEF6,1,1
MBD5,PRKACA,1,1
MBD5,TEX261,1,1
DENND5A,NID1,1,1
DENND5A,SRC,1,1
KDM4B,COPS7B,1,1
KDM4B,EPN2,1,1
KDM4B,USP47,1,1
PRKRA,ADPRHL2,1,1
PRKRA,ENOPH1,1,1
ACBD3,EEF1D,1,1
PRKACA,ADNP,1,1
PRKACA,ADPRHL2,1,1
PRKACA,LSM14B,1,1
PRKACA,NDUFAF1,1,1
PRKACA,RCHY1,1,1
PRKACA,TEX261,1,1
SMYD5,MCM6,1,1
SMYD5,NCAPG,1,1
SMYD5,POLE,1,1
SMYD5,RANBP1,1,1
SMYD5,UBE2S,1,1
EIF2AK1,GAREM1,1,1
EIF2AK1,TATDN3,1,1
ELL,CAMKK2,1,1
ELL,MTG2,1,1
ELL,RAVER2,1,1
ELL,RNF25,1,1
ELL,SLC2A13,1,1
ELL,ZNF585A,1,1
ZNF585A,CAMKK2,1,1
ZNF585A,COPS7A,1,1
ZNF585A,PAQR4,1,1
ZNF585A,RAVER2,1,1
ZNF585A,RNF25,1,1
NDRG2,GAREM1,1,1
NDRG2,TATDN3,1,1
KIF22,ATAD2,1,1
KIF22,HAUS8,1,1
E2F1,CCNE2,1,1
E2F1,ESF1,1,1
E2F1,GJC1,1,1
E2F1,PAQR4,1,1
E2F1,RAVER2,1,1
E2F1,SASS6,1,1
E2F1,XRCC5,1,1
E2F1,ZWINT,1,1
MYO1B,ARMC6,1,1
MYO1B,CBLL1,1,1
MYO1B,DSN1,1,1
MYO1B,GORASP2,1,1
MYO1B,KPNA1,1,1
MYO1B,NFYC,1,1
MYO1B,NIF3L1,1,1
MYO1B,NRAS,1,1
MYO1B,NUP98,1,1
MYO1B,PARP1,1,1
MYO1B,ROCK2,1,1
MYO1B,THOC7,1,1
MYO1B,ZMYM3,1,1
DPY30,SPRED2,1,1
USP53,AL589743.1,1,1
USP53,COX7A2L,1,1
USP53,SCAND1,1,1
USP53,SIKE1,1,1
USP53,SPRED2,1,1
DSN1,CBLL1,1,1
DSN1,CHTF18,1,1
DSN1,CPSF3L,1,1
DSN1,GORASP2,1,1
DSN1,IMMT,1,1
DSN1,SEMA3C,1,1
DSN1,THOC7,1,1
AC016708.2,CERS1,1,1
ACTR3,KPNA1,1,1
ACTR3,RAD21,1,1
NT5M,ALDH6A1,1,1
NT5M,ZC3H6,1,1
CAND1,LMBR1L,1,1
CAND1,NCAPG2,1,1
CAND1,PLK1,1,1
CAND1,TYMS,1,1
CDCA8,HAUS8,1,1
CDCA8,MCM6,1,1
CDCA8,MTHFD1,1,1
CDCA8,NCAPG,1,1
CDCA8,NCAPG2,1,1
CDCA8,PLK1,1,1
CDCA8,RAN,1,1
CDCA8,RANBP1,1,1
TP53INP1,C11ORF49,1,1
TP53INP1,NCAPG,1,1
TP53INP1,NCAPG2,1,1
TP53INP1,PLK1,1,1
TP53INP1,RAN,1,1
TP53INP1,SEMA3C,1,1
TP53INP1,SNRPD3,1,1
TP53INP1,STK19,1,1
TP53INP1,TYMS,1,1
STK19,C2ORF47,1,1
STK19,NCAPG,1,1
STK19,NCAPG2,1,1
STK19,PLK1,1,1
STK19,RAN,1,1
STK19,SNRPD3,1,1
PLK1,NCAPG,1,1
PLK1,NCAPG2,1,1
PLK1,RAN,1,1
PLK1,TYMS,1,1
GNG7,ALDH6A1,1,1
GNG7,GGPS1,1,1
GNG7,IFFO1,1,1
GNG7,NR1H3,1,1
GNG7,SPACA9,1,1
GNG7,STX8,1,1
GNG7,THRA,1,1
MTHFD1,GSG2,1,1
MTHFD1,HAUS8,1,1
MTHFD1,MCM6,1,1
MTHFD1,NCAPG,1,1
MTHFD1,POLE,1,1
MTHFD1,RANBP1,1,1
PSMD8,PAQR4,1,1
MRPL14,MCM4,1,1
MRPL14,MCM6,1,1
MRPL14,MTBP,1,1
MRPL14,RANBP1,1,1
TEP1,POLE,1,1
PLPPR2,CERS1,1,1
PLPPR2,EPN2,1,1
PLPPR2,MAGI2,1,1
PLPPR2,RARG,1,1
PLPPR2,RNF187,1,1
PLPPR2,SRSF11,1,1
PLPPR2,VWA5A,1,1
VPS13B,ATG2B,1,1
VPS13B,SEMA3C,1,1
TCEAL4,CAMKK2,1,1
TCEAL4,SMAP1,1,1
GLG1,COPS7B,1,1
GLG1,EPN2,1,1
GLG1,PEA15,1,1
GLG1,RNF187,1,1
GLG1,STK35,1,1
TMEM128,PEA15,1,1
FAM231D,ANKRD13B,1,1
FAM231D,RBBP8,1,1
RPE,C2ORF47,1,1
RPE,CBLL1,1,1
RPE,CD44,1,1
RPE,DSG2,1,1
RPE,IMMT,1,1
RPE,SIKE1,1,1
SASS6,MYBL1,1,1
SASS6,RAVER2,1,1
SASS6,XRCC5,1,1
SASS6,ZWINT,1,1
SLC2A13,ATP10D,1,1
SLC2A13,CAMKK2,1,1
SLC2A13,GTF2I,1,1
SLC2A13,ROBO2,1,1
SLC2A13,SRSF8,1,1
FAM120C,HAUS8,1,1
FAM120C,MCM6,1,1
FAM120C,MTBP,1,1
FAM120C,SUV39H1,1,1
PPIG,CD2AP,1,1
PPIG,KLC4,1,1
KLC4,LMBR1L,1,1
KLC4,POLE,1,1
KLC4,SLC44A2,1,1
SEMA6C,NR1H3,1,1
NDUFAF1,COPS7B,1,1
NDUFAF1,ITM2A,1,1
NDUFAF1,STK35,1,1
THOC7,ARMC6,1,1
THOC7,BRSK2,1,1
THOC7,CBLL1,1,1
THOC7,CHTF18,1,1
THOC7,CPSF3L,1,1
THOC7,DSG2,1,1
THOC7,GORASP2,1,1
THOC7,IMMT,1,1
THOC7,NFYC,1,1
THOC7,NIF3L1,1,1
THOC7,NRAS,1,1
THOC7,NUP98,1,1
THOC7,ONECUT2,1,1
THOC7,UBE2S,1,1
THOC7,ZMYM3,1,1
GALK1,HN1L,1,1
GALK1,MAGI2,1,1
GALK1,RARG,1,1
ZNF687,APPBP2,1,1
ZNF687,ATP10D,1,1
ZNF687,DIXDC1,1,1
ZNF687,PLPP6,1,1
MTG2,CEP112,1,1
MTG2,CORO1C,1,1
SLC25A1,ADNP,1,1
IMMT,BRSK2,1,1
IMMT,C2ORF47,1,1
IMMT,CBLL1,1,1
IMMT,GORASP2,1,1
IMMT,NIF3L1,1,1
IMMT,RIN3,1,1
ATAD2,AEN,1,1
ATAD2,HAUS8,1,1
ATAD2,NUP98,1,1
ATAD2,PARP1,1,1
ATAD2,POLA1,1,1
ATAD2,RAD21,1,1
ATAD2,ZMYM3,1,1
IFT57,NID1,1,1
RANBP1,C11ORF49,1,1
RANBP1,HAUS8,1,1
RANBP1,MCM6,1,1
RANBP1,NCAPG,1,1
RANBP1,OLA1,1,1
RANBP1,PFDN4,1,1
RANBP1,POLA1,1,1
RANBP1,POLE,1,1
RANBP1,SNRPD3,1,1
RANBP1,UBE2S,1,1
RANBP1,ZMYM3,1,1
STK35,CEP112,1,1
STK35,COPS7B,1,1
STK35,CORO1C,1,1
STK35,ITM2A,1,1
STK35,SRC,1,1
PARP1,AEN,1,1
PARP1,GORASP2,1,1
PARP1,NFYC,1,1
PARP1,NIF3L1,1,1
PARP1,NUP98,1,1
PARP1,RAD21,1,1
PARP1,RCHY1,1,1
PARP1,UBE2S,1,1
PARP1,ZMYM3,1,1
FAM193A,ATG2B,1,1
FAM193A,RALGAPA1,1,1
ANGEL1,BBS9,1,1
GJC1,ZWINT,1,1
ATP10D,APPBP2,1,1
ATP10D,CAMKK2,1,1
ATP10D,DIXDC1,1,1
ATP10D,GTF2I,1,1
EPN2,CEP112,1,1
EPN2,COPS7B,1,1
EPN2,RNF187,1,1
EPN2,ROBO2,1,1
EPN2,SRSF11,1,1
EIF4G2,CCNE2,1,1
EIF4G2,CEP135,1,1
EIF4G2,ESF1,1,1
EIF4G2,MAN2B1,1,1
EIF4G2,PUF60,1,1
CHTF18,ATG2B,1,1
CHTF18,CPSF3L,1,1
CHTF18,RALGAPA1,1,1
CHTF18,SEMA3C,1,1
SCAND1,AL589743.1,1,1
SCAND1,CD44,1,1
SCAND1,COX7A2L,1,1
SCAND1,OLA1,1,1
SCAND1,ONECUT2,1,1
SCAND1,SIKE1,1,1
KPNA1,NRAS,1,1
KPNA1,NUP98,1,1
KPNA1,ROCK2,1,1
GTF2I,DIXDC1,1,1
ZWINT,CCNE2,1,1
MYBL1,CAMKK2,1,1
MYBL1,IFFO1,1,1
MYBL1,RAVER2,1,1
MYBL1,SMAP1,1,1
RAVER2,APPBP2,1,1
RAVER2,CCNE2,1,1
RAVER2,COPS7A,1,1
RAVER2,ESF1,1,1
RAVER2,IFFO1,1,1
RAVER2,PAQR4,1,1
RAVER2,SPACA9,1,1
RAVER2,THRA,1,1
UBE2S,DSG2,1,1
UBE2S,HAUS8,1,1
UBE2S,MCM6,1,1
UBE2S,NCAPG,1,1
UBE2S,NFYC,1,1
UBE2S,NUP98,1,1
UBE2S,OLA1,1,1
UBE2S,PFDN4,1,1
UBE2S,POLA1,1,1
UBE2S,RAD21,1,1
UBE2S,SNRPD3,1,1
UBE2S,ZMYM3,1,1
ITM2A,CEP112,1,1
ITM2A,COPS7B,1,1
ITM2A,SCFD2,1,1
ACTA2,GSTM3,1,1
ACTA2,MAPT,1,1
NECTIN1,WRAP73,1,1
SH3PXD2B,BCS1L,1,1
SH3PXD2B,CPSF3L,1,1
SH3PXD2B,NFYC,1,1
MAN2B1,ESF1,1,1
DSG2,C2ORF47,1,1
DSG2,CBLL1,1,1
DSG2,CD44,1,1
DSG2,NRAS,1,1
DSG2,OLA1,1,1
DSG2,PFDN4,1,1
DSG2,SIKE1,1,1
DSG2,SPRED2,1,1
PFDN4,NCAPG,1,1
PFDN4,OLA1,1,1
PFDN4,PAQR4,1,1
PFDN4,POLA1,1,1
PFDN4,POLE,1,1
PFDN4,SLC44A2,1,1
PFDN4,THRA,1,1
OLA1,APPBP2,1,1
OLA1,NUP98,1,1
OLA1,ONECUT2,1,1
OLA1,PAQR4,1,1
OLA1,POLA1,1,1
OLA1,RAD21,1,1
OLA1,SIKE1,1,1
OLA1,SLC44A2,1,1
OLA1,SPRED2,1,1
OLA1,THRA,1,1
CNTNAP1,DOCK6,1,1
CEP135,ESF1,1,1
NFYC,ARMC6,1,1
NFYC,BCS1L,1,1
NFYC,GORASP2,1,1
NFYC,NIF3L1,1,1
NFYC,NRAS,1,1
NFYC,NUP98,1,1
ESF1,CCNE2,1,1
COX7A2L,AL589743.1,1,1
COX7A2L,SIKE1,1,1
COX7A2L,WRAP73,1,1
GNL2,TYMS,1,1
NIF3L1,GORASP2,1,1
NIF3L1,NRAS,1,1
NIF3L1,ONECUT2,1,1
NIF3L1,RAD21,1,1
PAQR4,APPBP2,1,1
PAQR4,HAUS8,1,1
PAQR4,MTBP,1,1
PAQR4,SLC44A2,1,1
PAQR4,THRA,1,1
TYMS,C11ORF49,1,1
TYMS,NCAPG2,1,1
TYMS,RAN,1,1
GSTM3,MAPT,1,1
CPSF3L,BCS1L,1,1
CPSF3L,BRSK2,1,1
SPACA9,APPBP2,1,1
SPACA9,COPS7A,1,1
SPACA9,IFFO1,1,1
SPACA9,NR1H3,1,1
SPACA9,THRA,1,1
FAM114A1,BLVRB,1,1
ONECUT2,BRSK2,1,1
ONECUT2,CD44,1,1
ONECUT2,GORASP2,1,1
ONECUT2,SIKE1,1,1
COG4,C11ORF49,1,1
LSM14B,ADNP,1,1
LSM14B,GSTCD,1,1
LSM14B,RCHY1,1,1
LSM14B,TEX261,1,1
AEN,NUP98,1,1
ZMYM3,ARMC6,1,1
ZMYM3,CBLL1,1,1
ZMYM3,HAUS8,1,1
ZMYM3,NCAPG,1,1
ZMYM3,NRAS,1,1
ZMYM3,NUP98,1,1
ZMYM3,POLA1,1,1
ZMYM3,POLE,1,1
ZMYM3,RAD21,1,1
ZMYM3,SNRPD3,1,1
TMEM171,NID1,1,1
UBE2F,CERS1,1,1
POLE,C11ORF49,1,1
POLE,MCM6,1,1
POLE,NCAPG,1,1
POLE,POLA1,1,1
POLE,SNRPD3,1,1
C11ORF49,NCAPG,1,1
C11ORF49,RAN,1,1
C11ORF49,SNRPD3,1,1
RAN,C2ORF47,1,1
RAN,MRPS30,1,1
RAN,NCAPG,1,1
RAN,NCAPG2,1,1
RAN,SEMA3C,1,1
RAN,SNRPD3,1,1
RCHY1,ADNP,1,1
RCHY1,ROCK2,1,1
SCLY,POLA1,1,1
NID1,SRC,1,1
THRA,AL589743.1,1,1
THRA,APPBP2,1,1
THRA,IFFO1,1,1
THRA,MTBP,1,1
CORO1C,CEP112,1,1
CORO1C,NPHP3,1,1
SEMA3C,ATG2B,1,1
SEMA3C,C2ORF47,1,1
SEMA3C,RALGAPA1,1,1
RNF187,ROBO2,1,1
RNF187,SRSF11,1,1
RNF187,VWA5A,1,1
NCAPG2,NCAPG,1,1
NCAPG2,SNRPD3,1,1
MTBP,MCM4,1,1
MTBP,MCM6,1,1
MTBP,SUV39H1,1,1
ALX1,ECHDC3,1,1
ALX1,SCFD2,1,1
ALX1,VWA5A,1,1
IFT74,NR1H3,1,1
SRC,COPS7B,1,1
CBFA2T2,IFFO1,1,1
SRSF11,RARG,1,1
SRSF11,VWA5A,1,1
ARMC6,NRAS,1,1
ARMC6,NUP98,1,1
ARMC6,SNRPD3,1,1
ROCK2,NUP98,1,1
GAREM1,BLVRB,1,1
GAREM1,TATDN3,1,1
GORASP2,CBLL1,1,1
GORASP2,NRAS,1,1
NUP98,NRAS,1,1
NUP98,POLA1,1,1
NUP98,RAD21,1,1
NUP98,SNRPD3,1,1
ZNF267,MRPS30,1,1
MCM4,GSG2,1,1
MCM4,SUV39H1,1,1
AKIP1,AL589743.1,1,1
MAGI2,CERS1,1,1
MAGI2,RARG,1,1
MAGI2,VWA5A,1,1
SPRED2,MEX3C,1,1
SPRED2,SLC44A2,1,1
USP47,RBBP8,1,1
POLA1,NCAPG,1,1
POLA1,SNRPD3,1,1
RALGAPA1,ATG2B,1,1
C2ORF47,BRSK2,1,1
C2ORF47,CBLL1,1,1
C2ORF47,RIN3,1,1
NRAS,CBLL1,1,1
ADPRHL2,MICA,1,1
CD44,BRSK2,1,1
CD44,SIKE1,1,1
VWA5A,CEP112,1,1
VWA5A,ECHDC3,1,1
VWA5A,PEA15,1,1
VWA5A,RARG,1,1
VWA5A,TATDN3,1,1
GSG2,SUV39H1,1,1
MCM6,HAUS8,1,1
MCM6,NCAPG,1,1
SNRPD3,NCAPG,1,1
GGPS1,NR1H3,1,1
NCAPG,HAUS8,1,1
SIKE1,AL589743.1,1,1
HAUS8,RAD21,1,1
DIXDC1,APPBP2,1,1
SCFD2,PEA15,1,1
COPS7B,CEP112,1,1
ALDH6A1,NR1H3,1,1
ALDH6A1,STX8,1,1
SFPQ,ZNF207,1,1
CAMKK2,SMAP1,1,1
STX8,HDAC5,1,1
ARHGEF6,CEP112,1,1
ECHDC3,TATDN3,1,1
