source,target,weight,correlation
TTC7A,ACSL4,1,1
TTC7A,ACSS1,1,1
TTC7A,ADAM9,1,1
TTC7A,ANXA1,1,1
TTC7A,ARHGAP31,1,1
TTC7A,ARRDC4,1,1
TTC7A,C16ORF91,1,1
TTC7A,C19ORF53,1,1
TTC7A,C1ORF216,1,1
TTC7A,CBR4,1,1
TTC7A,CCT5,1,1
TTC7A,CD63,1,1
TTC7A,CDH2,1,1
TTC7A,CFL2,1,1
TTC7A,CIAO1,1,1
TTC7A,CLPTM1L,1,1
TTC7A,CMSS1,1,1
TTC7A,CNKSR2,1,1
TTC7A,CNPY3,1,1
TTC7A,COPS5,1,1
TTC7A,CWC27,1,1
TTC7A,DDX47,1,1
TTC7A,DPY19L2P1,1,1
TTC7A,DUSP12,1,1
TTC7A,EIF2AK4,1,1
TTC7A,EIF2S3,1,1
TTC7A,EIF3G,1,1
TTC7A,EMD,1,1
TTC7A,EMG1,1,1
TTC7A,FAM69A,1,1
TTC7A,FARSA,1,1
TTC7A,FBXL4,1,1
TTC7A,FCHSD2,1,1
TTC7A,FEZ2,1,1
TTC7A,FKBP3,1,1
TTC7A,FRMD5,1,1
TTC7A,FTSJ1,1,1
TTC7A,GCH1,1,1
TTC7A,GHDC,1,1
TTC7A,GNE,1,1
TTC7A,GSTK1,1,1
TTC7A,GTF2H3,1,1
TTC7A,HN1,1,1
TTC7A,HPS3,1,1
TTC7A,HS1BP3,1,1
TTC7A,IGF2BP1,1,1
TTC7A,ILF2,1,1
TTC7A,ISY1,1,1
TTC7A,KIAA0319L,1,1
TTC7A,KIF3A,1,1
TTC7A,KLHL22,1,1
TTC7A,LAMB3,1,1
TTC7A,LAPTM4A,1,1
TTC7A,LARGE1,1,1
TTC7A,MANBA,1,1
TTC7A,MICALL1,1,1
TTC7A,MNAT1,1,1
TTC7A,MRPL21,1,1
TTC7A,MRPL47,1,1
TTC7A,MRPL54,1,1
TTC7A,MYNN,1,1
TTC7A,NAE1,1,1
TTC7A,NCBP2-AS2,1,1
TTC7A,NCR3LG1,1,1
TTC7A,NFE2L3,1,1
TTC7A,PIP5K1A,1,1
TTC7A,PLAUR,1,1
TTC7A,PLEKHH1,1,1
TTC7A,PPCS,1,1
TTC7A,PSMA6,1,1
TTC7A,PSMB5,1,1
TTC7A,PSMC1,1,1
TTC7A,PSMC5,1,1
TTC7A,PTPRB,1,1
TTC7A,RLIM,1,1
TTC7A,RNF13,1,1
TTC7A,RNF38,1,1
TTC7A,RPL35A,1,1
TTC7A,RUVBL2,1,1
TTC7A,SCN8A,1,1
TTC7A,SDCBP,1,1
TTC7A,SEC13,1,1
TTC7A,SEPT9,1,1
TTC7A,SERINC1,1,1
TTC7A,SIX1,1,1
TTC7A,SIX4,1,1
TTC7A,SLC10A3,1,1
TTC7A,SLC2A4RG,1,1
TTC7A,SMN1,1,1
TTC7A,TANGO2,1,1
TTC7A,TDRD7,1,1
TTC7A,TIMM17A,1,1
TTC7A,TJP2,1,1
TTC7A,TMEM208,1,1
TTC7A,TOMM34,1,1
TTC7A,TRAF5,1,1
TTC7A,TTC39C,1,1
TTC7A,UGT8,1,1
TTC7A,USP40,1,1
TTC7A,VEZT,1,1
TTC7A,ZNF678,1,1
BRMS1,ABCE1,1,1
BRMS1,AKAP8,1,1
BRMS1,BZW1,1,1
BRMS1,CCDC138,1,1
BRMS1,CD3EAP,1,1
BRMS1,CEBPZ,1,1
BRMS1,CHTOP,1,1
BRMS1,DDX18,1,1
BRMS1,DIAPH1,1,1
BRMS1,DNASE2,1,1
BRMS1,DPH2,1,1
BRMS1,ERVK3-1,1,1
BRMS1,GRWD1,1,1
BRMS1,HCFC1,1,1
BRMS1,HNRNPU,1,1
BRMS1,NAA15,1,1
BRMS1,NIFK,1,1
BRMS1,NOLC1,1,1
BRMS1,NOP16,1,1
BRMS1,PAFAH2,1,1
BRMS1,POLE3,1,1
BRMS1,PTS,1,1
BRMS1,RBM12,1,1
BRMS1,RIOK2,1,1
BRMS1,RRP1,1,1
BRMS1,RRP1B,1,1
BRMS1,RRP36,1,1
BRMS1,SF3B3,1,1
BRMS1,SMAGP,1,1
BRMS1,SRSF1,1,1
BRMS1,SRSF3,1,1
BRMS1,SYNCRIP,1,1
BRMS1,TFB2M,1,1
BRMS1,TMX2,1,1
BRMS1,TOE1,1,1
BRMS1,TRMT61A,1,1
TSC22D4,AC009237.8,1,1
TSC22D4,ARF4,1,1
TSC22D4,ATP6AP1,1,1
TSC22D4,CKLF,1,1
TSC22D4,CRLS1,1,1
TSC22D4,CYB5D2,1,1
TSC22D4,DUXAP9,1,1
TSC22D4,EIF2B1,1,1
TSC22D4,FAM189A2,1,1
TSC22D4,GIPC1,1,1
TSC22D4,GMEB2,1,1
TSC22D4,GRPEL2,1,1
TSC22D4,HOXB2,1,1
TSC22D4,KANSL1L,1,1
TSC22D4,KIAA1429,1,1
TSC22D4,LMBRD1,1,1
TSC22D4,METTL2A,1,1
TSC22D4,MRPL47,1,1
TSC22D4,MTFR1L,1,1
TSC22D4,MTX3,1,1
TSC22D4,NMI,1,1
TSC22D4,ORC2,1,1
TSC22D4,PCGF5,1,1
TSC22D4,PLS1,1,1
TSC22D4,PRIM2,1,1
TSC22D4,PSMD13,1,1
TSC22D4,PSMD4,1,1
TSC22D4,RNASEK,1,1
TSC22D4,RP11-529K1.3,1,1
TSC22D4,SAAL1,1,1
TSC22D4,SCOC,1,1
TSC22D4,SNRNP200,1,1
TSC22D4,SNRPD2,1,1
TSC22D4,SNX24,1,1
TSC22D4,SPIRE2,1,1
TSC22D4,ST3GAL6,1,1
TSC22D4,TATDN1,1,1
TSC22D4,TDRP,1,1
TSC22D4,TIMM17B,1,1
TSC22D4,TMEM206,1,1
TSC22D4,TMEM69,1,1
TSC22D4,TPRKB,1,1
TSC22D4,TTC28,1,1
TSC22D4,UBE2V2,1,1
TSC22D4,UCHL5,1,1
TSC22D4,WDR13,1,1
GHITM,AP3S1,1,1
GHITM,ATG12,1,1
GHITM,CEP120,1,1
GHITM,CRNKL1,1,1
GHITM,DR1,1,1
GHITM,EEF1B2,1,1
GHITM,FAM178B,1,1
GHITM,GNG5,1,1
GHITM,HARS2,1,1
GHITM,METTL10,1,1
GHITM,MIS12,1,1
GHITM,MRPS16,1,1
GHITM,NDUFAF5,1,1
GHITM,NRM,1,1
GHITM,PANK3,1,1
GHITM,PRRG4,1,1
GHITM,RBBP9,1,1
GHITM,RICTOR,1,1
GHITM,SEC23IP,1,1
GHITM,SEP15,1,1
GHITM,SLC35C1,1,1
GHITM,ST7L,1,1
GHITM,TIFA,1,1
GHITM,TMTC4,1,1
GHITM,TNFAIP8L1,1,1
GHITM,TYW3,1,1
GHITM,UBLCP1,1,1
GHITM,UBQLN1,1,1
GHITM,ZNF511,1,1
MAGOHB,ADAMTS1,1,1
MAGOHB,BTN3A1,1,1
MAGOHB,C12ORF29,1,1
MAGOHB,CCDC59,1,1
MAGOHB,CDCA4,1,1
MAGOHB,CFAP20,1,1
MAGOHB,DDX10,1,1
MAGOHB,DDX28,1,1
MAGOHB,DPY19L2P1,1,1
MAGOHB,EIF5,1,1
MAGOHB,EMG1,1,1
MAGOHB,IPO4,1,1
MAGOHB,MAK16,1,1
MAGOHB,MRPL50,1,1
MAGOHB,NAP1L1,1,1
MAGOHB,NASP,1,1
MAGOHB,NAT10,1,1
MAGOHB,NEK7,1,1
MAGOHB,PM20D2,1,1
MAGOHB,PPP2R2A,1,1
MAGOHB,PRPF40A,1,1
MAGOHB,PSMB5,1,1
MAGOHB,RAD18,1,1
MAGOHB,SCO1,1,1
MAGOHB,SIVA1,1,1
MAGOHB,SNAPC1,1,1
MAGOHB,SUB1,1,1
MAGOHB,TOMM34,1,1
MAGOHB,UCK2,1,1
MAGOHB,WDR73,1,1
MAGOHB,ZNF146,1,1
MAGOHB,ZNF215,1,1
MAGOHB,ZNF26,1,1
MAGOHB,ZNF639,1,1
RIOK2,ABCE1,1,1
RIOK2,ABCF1,1,1
RIOK2,BCCIP,1,1
RIOK2,BZW1,1,1
RIOK2,CCDC138,1,1
RIOK2,CD3EAP,1,1
RIOK2,CDC25A,1,1
RIOK2,CDK4,1,1
RIOK2,CEBPZ,1,1
RIOK2,COQ5,1,1
RIOK2,CSTF2,1,1
RIOK2,DCAF13,1,1
RIOK2,DDX18,1,1
RIOK2,DDX31,1,1
RIOK2,DIAPH1,1,1
RIOK2,DPH2,1,1
RIOK2,EBNA1BP2,1,1
RIOK2,ERVK3-1,1,1
RIOK2,FOSL1,1,1
RIOK2,FUBP1,1,1
RIOK2,GLRX2,1,1
RIOK2,GLRX3,1,1
RIOK2,GRWD1,1,1
RIOK2,GTF3C4,1,1
RIOK2,HARS,1,1
RIOK2,HCFC1,1,1
RIOK2,HNRNPU,1,1
RIOK2,HRAS,1,1
RIOK2,KLHL8,1,1
RIOK2,KMT5A,1,1
RIOK2,KTI12,1,1
RIOK2,LARP4,1,1
RIOK2,LMNB1,1,1
RIOK2,MSH2,1,1
RIOK2,NAA15,1,1
RIOK2,NDC1,1,1
RIOK2,NIFK,1,1
RIOK2,NOLC1,1,1
RIOK2,NOP16,1,1
RIOK2,NUDCD1,1,1
RIOK2,NUP153,1,1
RIOK2,NUP188,1,1
RIOK2,NUP58,1,1
RIOK2,PAK1IP1,1,1
RIOK2,PDRG1,1,1
RIOK2,PDSS1,1,1
RIOK2,PER2,1,1
RIOK2,POLE3,1,1
RIOK2,PPIH,1,1
RIOK2,PPM1G,1,1
RIOK2,PPP2CA,1,1
RIOK2,PSMD5,1,1
RIOK2,PTS,1,1
RIOK2,RAB35,1,1
RIOK2,RBM12,1,1
RIOK2,RNF126,1,1
RIOK2,RRP1,1,1
RIOK2,RRP1B,1,1
RIOK2,RRP36,1,1
RIOK2,SART3,1,1
RIOK2,SF3B3,1,1
RIOK2,SH2D5,1,1
RIOK2,SMAGP,1,1
RIOK2,SNX5,1,1
RIOK2,SRPK1,1,1
RIOK2,SRSF1,1,1
RIOK2,SRSF3,1,1
RIOK2,SYNCRIP,1,1
RIOK2,TAF9,1,1
RIOK2,TFAM,1,1
RIOK2,TFB2M,1,1
RIOK2,TMX2,1,1
RIOK2,TOE1,1,1
RIOK2,TPM3,1,1
RIOK2,TRMT61A,1,1
RIOK2,TSFM,1,1
RIOK2,UBE2V1,1,1
RIOK2,UHRF1BP1L,1,1
RIOK2,USP1,1,1
RIOK2,UTP23,1,1
RIOK2,WWC1,1,1
RIOK2,ZNF473,1,1
RIOK2,ZNF598,1,1
RIOK2,ZW10,1,1
KPNA4,ABCE1,1,1
KPNA4,ARF5,1,1
KPNA4,BCCIP,1,1
KPNA4,BRCA2,1,1
KPNA4,BZW1,1,1
KPNA4,CCDC138,1,1
KPNA4,CEBPZ,1,1
KPNA4,CHAC2,1,1
KPNA4,CKS1B,1,1
KPNA4,CRLF3,1,1
KPNA4,DCAF13,1,1
KPNA4,DDX18,1,1
KPNA4,DIAPH1,1,1
KPNA4,DPH2,1,1
KPNA4,EBNA1BP2,1,1
KPNA4,ERVK3-1,1,1
KPNA4,ESCO2,1,1
KPNA4,GINS1,1,1
KPNA4,GLRX3,1,1
KPNA4,GRWD1,1,1
KPNA4,HCFC1,1,1
KPNA4,HOXB2,1,1
KPNA4,IPO11,1,1
KPNA4,KHDRBS1,1,1
KPNA4,KIAA0101,1,1
KPNA4,KIF14,1,1
KPNA4,LMNB1,1,1
KPNA4,MAD2L1,1,1
KPNA4,MATR3,1,1
KPNA4,MB21D1,1,1
KPNA4,MRPL9,1,1
KPNA4,MSH2,1,1
KPNA4,MZT1,1,1
KPNA4,NAA15,1,1
KPNA4,NANP,1,1
KPNA4,NDC1,1,1
KPNA4,NMI,1,1
KPNA4,NOLC1,1,1
KPNA4,NUP153,1,1
KPNA4,NUP155,1,1
KPNA4,NUP54,1,1
KPNA4,NUP58,1,1
KPNA4,OTUD6B,1,1
KPNA4,PDRG1,1,1
KPNA4,PDSS1,1,1
KPNA4,PER2,1,1
KPNA4,PET117,1,1
KPNA4,PPIH,1,1
KPNA4,PPP2CA,1,1
KPNA4,PPP3R1,1,1
KPNA4,RBM12,1,1
KPNA4,RFC3,1,1
KPNA4,RMI1,1,1
KPNA4,RNASEK,1,1
KPNA4,RNF138,1,1
KPNA4,RRP1B,1,1
KPNA4,RRP36,1,1
KPNA4,SAAL1,1,1
KPNA4,SEH1L,1,1
KPNA4,SH2D5,1,1
KPNA4,SKIV2L2,1,1
KPNA4,SMIM14,1,1
KPNA4,SNRPG,1,1
KPNA4,SNX5,1,1
KPNA4,SP3,1,1
KPNA4,SRSF3,1,1
KPNA4,SVIP,1,1
KPNA4,TAF2,1,1
KPNA4,TMEM205,1,1
KPNA4,TMEM63B,1,1
KPNA4,TOE1,1,1
KPNA4,TPRKB,1,1
KPNA4,TSFM,1,1
KPNA4,TUBA1C,1,1
KPNA4,UBA2,1,1
KPNA4,UCHL5,1,1
KPNA4,UHRF1BP1L,1,1
KPNA4,USP1,1,1
KPNA4,WDR13,1,1
KPNA4,WDR36,1,1
KPNA4,WWC1,1,1
KPNA4,ZNF787,1,1
KPNA4,ZWILCH,1,1
PRCP,AC009237.8,1,1
PRCP,ACOX1,1,1
PRCP,AHI1,1,1
PRCP,ARF5,1,1
PRCP,ARHGAP42,1,1
PRCP,BCL2A1,1,1
PRCP,BMI1,1,1
PRCP,C1ORF21,1,1
PRCP,CDK4,1,1
PRCP,CNOT11,1,1
PRCP,COX20,1,1
PRCP,CRTAP,1,1
PRCP,CSNK2A1,1,1
PRCP,DDX39B,1,1
PRCP,DPM1,1,1
PRCP,DUXAP9,1,1
PRCP,EIF6,1,1
PRCP,EXT1,1,1
PRCP,FAM60A,1,1
PRCP,GLO1,1,1
PRCP,GOLPH3L,1,1
PRCP,GPM6B,1,1
PRCP,GRHPR,1,1
PRCP,GRPEL2,1,1
PRCP,HARS,1,1
PRCP,IGSF3,1,1
PRCP,KMT5A,1,1
PRCP,LARS,1,1
PRCP,LINC01296,1,1
PRCP,MDGA2,1,1
PRCP,MIPEP,1,1
PRCP,MOCS3,1,1
PRCP,MYOF,1,1
PRCP,MYSM1,1,1
PRCP,NAGLU,1,1
PRCP,NCALD,1,1
PRCP,NDUFA1,1,1
PRCP,NENF,1,1
PRCP,NTHL1,1,1
PRCP,NUDCD1,1,1
PRCP,NXT1,1,1
PRCP,OSBPL11,1,1
PRCP,PCTP,1,1
PRCP,PELI2,1,1
PRCP,PER2,1,1
PRCP,PHIP,1,1
PRCP,POU4F1,1,1
PRCP,PSMC4,1,1
PRCP,PSMD13,1,1
PRCP,PTPRJ,1,1
PRCP,RAB4A,1,1
PRCP,RNF103,1,1
PRCP,RNF113A,1,1
PRCP,RNF114,1,1
PRCP,RP11-529K1.3,1,1
PRCP,RRAS2,1,1
PRCP,SLC35E1,1,1
PRCP,SMIM13,1,1
PRCP,SNAPC3,1,1
PRCP,SPOPL,1,1
PRCP,ST3GAL6,1,1
PRCP,TENM3,1,1
PRCP,TSSC4,1,1
PRCP,UBE2J2,1,1
PRCP,UBE2V1,1,1
PRCP,UHMK1,1,1
PRCP,USP28,1,1
PRCP,VEPH1,1,1
PRCP,WDR46,1,1
PRCP,ZNF143,1,1
PRCP,ZNF473,1,1
PRCP,ZNF655,1,1
PRCP,ZRANB2,1,1
UBE2A,ALDH1A3,1,1
UBE2A,ANKRD33B,1,1
UBE2A,ANXA3,1,1
UBE2A,ATG9A,1,1
UBE2A,BABAM1,1,1
UBE2A,CSNK2A1,1,1
UBE2A,CSNK2B,1,1
UBE2A,DBI,1,1
UBE2A,EIF3K,1,1
UBE2A,GPM6B,1,1
UBE2A,GRHPR,1,1
UBE2A,LPGAT1,1,1
UBE2A,MED27,1,1
UBE2A,MRPL33,1,1
UBE2A,NDUFA1,1,1
UBE2A,NELFE,1,1
UBE2A,POU4F1,1,1
UBE2A,RAB4A,1,1
UBE2A,RAB9A,1,1
UBE2A,RPS21,1,1
UBE2A,RRAS2,1,1
UBE2A,SLC38A1,1,1
UBE2A,SLC9A6,1,1
UBE2A,ST3GAL6,1,1
UBE2A,TSSC4,1,1
UBE2A,USP28,1,1
UBE2A,WDR46,1,1
C16ORF59,CHAF1B,1,1
C16ORF59,FANCA,1,1
C16ORF59,HNRNPL,1,1
C16ORF59,KIFC1,1,1
C16ORF59,MRPL9,1,1
C16ORF59,NDC1,1,1
C16ORF59,NUP155,1,1
C16ORF59,ORC6,1,1
C16ORF59,PPIH,1,1
C16ORF59,PPP5C,1,1
C16ORF59,PRIM2,1,1
C16ORF59,PRPS2,1,1
C16ORF59,RAD54B,1,1
C16ORF59,RFC3,1,1
C16ORF59,SNRPG,1,1
C16ORF59,STIL,1,1
C16ORF59,TRAIP,1,1
C16ORF59,TUBA1C,1,1
RUNX1,ADAM9,1,1
RUNX1,C14ORF166,1,1
RUNX1,CLPTM1L,1,1
RUNX1,CMSS1,1,1
RUNX1,CNKSR2,1,1
RUNX1,CNPY3,1,1
RUNX1,CRIM1,1,1
RUNX1,CTDSPL2,1,1
RUNX1,DDX47,1,1
RUNX1,EIF2AK4,1,1
RUNX1,EMG1,1,1
RUNX1,EXOSC7,1,1
RUNX1,FAM76A,1,1
RUNX1,FCHSD2,1,1
RUNX1,FEZ2,1,1
RUNX1,FKBP3,1,1
RUNX1,GATA3,1,1
RUNX1,GTF2A2,1,1
RUNX1,HN1,1,1
RUNX1,ISY1,1,1
RUNX1,KARS,1,1
RUNX1,KIAA0586,1,1
RUNX1,LAMB3,1,1
RUNX1,MAGED2,1,1
RUNX1,MAPK1IP1L,1,1
RUNX1,MAPK6,1,1
RUNX1,MICALL1,1,1
RUNX1,MNAT1,1,1
RUNX1,MT1X,1,1
RUNX1,NAP1L1,1,1
RUNX1,NIPAL1,1,1
RUNX1,NKX3-1,1,1
RUNX1,NR2F1,1,1
RUNX1,PAPD5,1,1
RUNX1,PIP5K1A,1,1
RUNX1,PTPRB,1,1
RUNX1,RIN2,1,1
RUNX1,SSRP1,1,1
RUNX1,STK3,1,1
RUNX1,TAP2,1,1
RUNX1,UBE2N,1,1
RUNX1,VEZT,1,1
RUNX1,WDR18,1,1
RUNX1,WRN,1,1
RUNX1,XK,1,1
RUNX1,ZNF462,1,1
ARSB,ANXA1,1,1
ARSB,ARHGAP31,1,1
ARSB,ARRDC4,1,1
ARSB,C16ORF91,1,1
ARSB,CNPY3,1,1
ARSB,CPT1A,1,1
ARSB,FRMD5,1,1
ARSB,GNE,1,1
ARSB,HN1,1,1
ARSB,HS1BP3,1,1
ARSB,KIF3A,1,1
ARSB,NACA,1,1
ARSB,NOSIP,1,1
ARSB,PTPN3,1,1
ARSB,RNF38,1,1
ARSB,SCN8A,1,1
ARSB,SEPT9,1,1
ARSB,SERINC1,1,1
ARSB,SLC11A2,1,1
ARSB,SLC25A43,1,1
ARSB,SLC2A4RG,1,1
ARSB,SMN1,1,1
ARSB,TDRD7,1,1
ARSB,TMEM208,1,1
ARSB,WDR18,1,1
ARSB,ZNF436,1,1
C19ORF53,AASS,1,1
C19ORF53,C16ORF91,1,1
C19ORF53,CD63,1,1
C19ORF53,CDCA4,1,1
C19ORF53,CIAO1,1,1
C19ORF53,CLPTM1L,1,1
C19ORF53,CNPY3,1,1
C19ORF53,DDX47,1,1
C19ORF53,EIF2AK4,1,1
C19ORF53,EIF2S3,1,1
C19ORF53,EIF3G,1,1
C19ORF53,EMD,1,1
C19ORF53,EMG1,1,1
C19ORF53,FAM69A,1,1
C19ORF53,FAM69B,1,1
C19ORF53,FAM76A,1,1
C19ORF53,FARSA,1,1
C19ORF53,FKBP3,1,1
C19ORF53,FTSJ1,1,1
C19ORF53,GHDC,1,1
C19ORF53,GSTK1,1,1
C19ORF53,HN1,1,1
C19ORF53,HS1BP3,1,1
C19ORF53,IGF2BP1,1,1
C19ORF53,ISY1,1,1
C19ORF53,KIAA0319L,1,1
C19ORF53,KIF3A,1,1
C19ORF53,LAMB3,1,1
C19ORF53,MAK16,1,1
C19ORF53,MANBA,1,1
C19ORF53,MICALL1,1,1
C19ORF53,MNAT1,1,1
C19ORF53,NCBP2-AS2,1,1
C19ORF53,NCR3LG1,1,1
C19ORF53,PDE6D,1,1
C19ORF53,PM20D2,1,1
C19ORF53,PPCS,1,1
C19ORF53,PSMA6,1,1
C19ORF53,PSMB5,1,1
C19ORF53,RIN1,1,1
C19ORF53,RUVBL2,1,1
C19ORF53,SAMD1,1,1
C19ORF53,SCO1,1,1
C19ORF53,SEPT9,1,1
C19ORF53,SERINC1,1,1
C19ORF53,SMN1,1,1
C19ORF53,TANGO2,1,1
C19ORF53,TOMM34,1,1
C19ORF53,WDR18,1,1
C19ORF53,ZNF146,1,1
C19ORF53,ZNF678,1,1
WDR76,FAM111B,1,1
WDR76,WDCP,1,1
SEP15,ABT1,1,1
SEP15,AC093616.4,1,1
SEP15,ALDH1A3,1,1
SEP15,ANXA3,1,1
SEP15,AP3S1,1,1
SEP15,ARFIP2,1,1
SEP15,ATG12,1,1
SEP15,ATG9A,1,1
SEP15,BABAM1,1,1
SEP15,BAG5,1,1
SEP15,BMI1,1,1
SEP15,BNIP1,1,1
SEP15,C12ORF75,1,1
SEP15,C14ORF142,1,1
SEP15,C19ORF47,1,1
SEP15,C1ORF21,1,1
SEP15,C4ORF46,1,1
SEP15,CCDC109B,1,1
SEP15,CDC123,1,1
SEP15,CDK4,1,1
SEP15,CENPJ,1,1
SEP15,CEP120,1,1
SEP15,CEP250,1,1
SEP15,CHUK,1,1
SEP15,COA3,1,1
SEP15,CRNKL1,1,1
SEP15,CSNK2A1,1,1
SEP15,CTNNAL1,1,1
SEP15,CYB5B,1,1
SEP15,DBI,1,1
SEP15,DCAF6,1,1
SEP15,DDX39B,1,1
SEP15,DNAJC9,1,1
SEP15,DPM1,1,1
SEP15,DR1,1,1
SEP15,EEF1B2,1,1
SEP15,EIF3F,1,1
SEP15,EIF3H,1,1
SEP15,EIF4E,1,1
SEP15,EMX2,1,1
SEP15,ENY2,1,1
SEP15,ERCC3,1,1
SEP15,ERLIN1,1,1
SEP15,EXOSC8,1,1
SEP15,EXT1,1,1
SEP15,FAM178B,1,1
SEP15,FUBP1,1,1
SEP15,GLO1,1,1
SEP15,GNG5,1,1
SEP15,GRASP,1,1
SEP15,GRHPR,1,1
SEP15,H2AFY,1,1
SEP15,HARS2,1,1
SEP15,HAUS2,1,1
SEP15,HHEX,1,1
SEP15,HMGN1,1,1
SEP15,HNRNPA1P48,1,1
SEP15,HRAS,1,1
SEP15,INPP1,1,1
SEP15,ITPA,1,1
SEP15,KPNA3,1,1
SEP15,LCOR,1,1
SEP15,LRRC40,1,1
SEP15,MED10,1,1
SEP15,MED29,1,1
SEP15,METTL10,1,1
SEP15,MIER1,1,1
SEP15,MIS12,1,1
SEP15,MRPL1,1,1
SEP15,MRPL33,1,1
SEP15,MRPS10,1,1
SEP15,MRPS14,1,1
SEP15,MRPS16,1,1
SEP15,MRPS26,1,1
SEP15,MRPS27,1,1
SEP15,MYOF,1,1
SEP15,NAA40,1,1
SEP15,NANP,1,1
SEP15,NDUFA1,1,1
SEP15,NELFE,1,1
SEP15,NHSL1,1,1
SEP15,NPEPPS,1,1
SEP15,NR2F2,1,1
SEP15,NRM,1,1
SEP15,NSMCE4A,1,1
SEP15,NUP58,1,1
SEP15,NXT1,1,1
SEP15,PANK3,1,1
SEP15,PCLO,1,1
SEP15,PDF,1,1
SEP15,PGGT1B,1,1
SEP15,PJA1,1,1
SEP15,PLAGL2,1,1
SEP15,PLEKHA4,1,1
SEP15,POLR2D,1,1
SEP15,POU4F1,1,1
SEP15,PPA1,1,1
SEP15,PRRG4,1,1
SEP15,RAB4A,1,1
SEP15,RAB7A,1,1
SEP15,RABGGTB,1,1
SEP15,RBBP9,1,1
SEP15,RBM26,1,1
SEP15,RBMXL1,1,1
SEP15,RECK,1,1
SEP15,RICTOR,1,1
SEP15,RNF113A,1,1
SEP15,RNF114,1,1
SEP15,RPF1,1,1
SEP15,RRP8,1,1
SEP15,SCARB1,1,1
SEP15,SEC23IP,1,1
SEP15,SF3B6,1,1
SEP15,SKA3,1,1
SEP15,SLC35C1,1,1
SEP15,SLC35D1,1,1
SEP15,SLC35E1,1,1
SEP15,SLC38A1,1,1
SEP15,SMN2,1,1
SEP15,SNAPC3,1,1
SEP15,SNRPD1,1,1
SEP15,SOCS4,1,1
SEP15,SPOCK1,1,1
SEP15,SPRYD7,1,1
SEP15,ST3GAL4,1,1
SEP15,SUGT1,1,1
SEP15,SUPV3L1,1,1
SEP15,TFAM,1,1
SEP15,TFDP1,1,1
SEP15,TIMM23,1,1
SEP15,TMEM14B,1,1
SEP15,TRIM44,1,1
SEP15,TRMT13,1,1
SEP15,TRPM2,1,1
SEP15,TSSC4,1,1
SEP15,TTL,1,1
SEP15,TXN,1,1
SEP15,TYW3,1,1
SEP15,UBA6,1,1
SEP15,UBE2J2,1,1
SEP15,UBL7,1,1
SEP15,UBLCP1,1,1
SEP15,UBQLN1,1,1
SEP15,URGCP,1,1
SEP15,USP28,1,1
SEP15,VSIG10L,1,1
SEP15,WDR46,1,1
SEP15,ZNF195,1,1
SEP15,ZNF511,1,1
SEP15,ZNF544,1,1
SEP15,ZNF652,1,1
SEP15,ZNF696,1,1
U2AF1,ACD,1,1
U2AF1,ADNP2,1,1
U2AF1,AHI1,1,1
U2AF1,ATRIP,1,1
U2AF1,BRD4,1,1
U2AF1,C12ORF29,1,1
U2AF1,CALM2,1,1
U2AF1,CAPRIN1,1,1
U2AF1,CCT5,1,1
U2AF1,CCT8,1,1
U2AF1,CDC123,1,1
U2AF1,CDC42EP2,1,1
U2AF1,CDCA5,1,1
U2AF1,CDK7,1,1
U2AF1,CFAP20,1,1
U2AF1,CHORDC1,1,1
U2AF1,CMSS1,1,1
U2AF1,CNKSR2,1,1
U2AF1,CNOT7,1,1
U2AF1,COPS2,1,1
U2AF1,COPS5,1,1
U2AF1,CRIM1,1,1
U2AF1,CSTF2,1,1
U2AF1,CTDSPL2,1,1
U2AF1,DAZAP1,1,1
U2AF1,DDX21,1,1
U2AF1,DDX28,1,1
U2AF1,DDX47,1,1
U2AF1,DHODH,1,1
U2AF1,DHRS7B,1,1
U2AF1,DHX35,1,1
U2AF1,DKK 1.00,1,1
U2AF1,DNA2,1,1
U2AF1,EID2,1,1
U2AF1,EIF2S1,1,1
U2AF1,EIF3M,1,1
U2AF1,ERI1,1,1
U2AF1,EXOSC2,1,1
U2AF1,FBXO45,1,1
U2AF1,FEM1A,1,1
U2AF1,FTSJ1,1,1
U2AF1,FTSJ3,1,1
U2AF1,GABRA5,1,1
U2AF1,GART,1,1
U2AF1,GEMIN7,1,1
U2AF1,GINS3,1,1
U2AF1,GNPNAT1,1,1
U2AF1,GTF2A2,1,1
U2AF1,GTF3C4,1,1
U2AF1,GTPBP4,1,1
U2AF1,HN1,1,1
U2AF1,HNRNPA1,1,1
U2AF1,HNRNPC,1,1
U2AF1,HNRNPD,1,1
U2AF1,IFRD2,1,1
U2AF1,ILF2,1,1
U2AF1,IPPK,1,1
U2AF1,KARS,1,1
U2AF1,KIAA0586,1,1
U2AF1,KIF15,1,1
U2AF1,KLHL18,1,1
U2AF1,KRT18,1,1
U2AF1,LBR,1,1
U2AF1,LLPH,1,1
U2AF1,LMNB2,1,1
U2AF1,MAGED2,1,1
U2AF1,MAGOH,1,1
U2AF1,MAP4K5,1,1
U2AF1,MAPK1IP1L,1,1
U2AF1,MAPK6,1,1
U2AF1,MCM10,1,1
U2AF1,MCM2,1,1
U2AF1,MCRS1,1,1
U2AF1,MED10,1,1
U2AF1,MMP24-AS1,1,1
U2AF1,MRPL39,1,1
U2AF1,MRPS2,1,1
U2AF1,MT1X,1,1
U2AF1,MYBL2,1,1
U2AF1,NAE1,1,1
U2AF1,NASP,1,1
U2AF1,NCR3LG1,1,1
U2AF1,NIPAL1,1,1
U2AF1,NKX3-1,1,1
U2AF1,NSUN2,1,1
U2AF1,NUFIP1,1,1
U2AF1,NUP107,1,1
U2AF1,PAK1IP1,1,1
U2AF1,PAPD5,1,1
U2AF1,PCGF6,1,1
U2AF1,PDE12,1,1
U2AF1,PFDN2,1,1
U2AF1,PIP5K1A,1,1
U2AF1,PMPCA,1,1
U2AF1,PNN,1,1
U2AF1,POLR2C,1,1
U2AF1,POLR3C,1,1
U2AF1,PPM1G,1,1
U2AF1,PPP2R1B,1,1
U2AF1,PPWD1,1,1
U2AF1,PRPF38A,1,1
U2AF1,PRPF4,1,1
U2AF1,PSMA3,1,1
U2AF1,PSMC1,1,1
U2AF1,PSMC3,1,1
U2AF1,PSMC3IP,1,1
U2AF1,PSMC6,1,1
U2AF1,PSMD2,1,1
U2AF1,QSER1,1,1
U2AF1,RAB35,1,1
U2AF1,RARS,1,1
U2AF1,REXO1,1,1
U2AF1,RIOK1,1,1
U2AF1,RNF168,1,1
U2AF1,RP11-424C20.2,1,1
U2AF1,RRP12,1,1
U2AF1,RRS1,1,1
U2AF1,SACS,1,1
U2AF1,SAPCD2,1,1
U2AF1,SERBP1,1,1
U2AF1,SET,1,1
U2AF1,SF3B4,1,1
U2AF1,SKP2,1,1
U2AF1,SMN2,1,1
U2AF1,SMS,1,1
U2AF1,SNAPC1,1,1
U2AF1,SNRNP48,1,1
U2AF1,SNRPE,1,1
U2AF1,SPIN4,1,1
U2AF1,SREK1IP1,1,1
U2AF1,SRP72,1,1
U2AF1,SRPK1,1,1
U2AF1,SSRP1,1,1
U2AF1,STIP1,1,1
U2AF1,TAF9,1,1
U2AF1,TAP2,1,1
U2AF1,TCERG1,1,1
U2AF1,THBS1,1,1
U2AF1,TIMM17A,1,1
U2AF1,TIMM23,1,1
U2AF1,TMA16,1,1
U2AF1,TOP3A,1,1
U2AF1,TRIP13,1,1
U2AF1,TRMT10C,1,1
U2AF1,TTF1,1,1
U2AF1,TUBB4B,1,1
U2AF1,UBE2N,1,1
U2AF1,UHRF1,1,1
U2AF1,URB1,1,1
U2AF1,UTP4,1,1
U2AF1,VDAC2,1,1
U2AF1,VRK1,1,1
U2AF1,WDR74,1,1
U2AF1,WRN,1,1
U2AF1,XK,1,1
U2AF1,ZNF180,1,1
U2AF1,ZNF283,1,1
U2AF1,ZNF670,1,1
MTCH2,CEP152,1,1
SAAL1,ABCE1,1,1
SAAL1,ACOX1,1,1
SAAL1,ARF4,1,1
SAAL1,BCCIP,1,1
SAAL1,BMI1,1,1
SAAL1,BRCA2,1,1
SAAL1,C19ORF47,1,1
SAAL1,CALM2,1,1
SAAL1,CCDC138,1,1
SAAL1,CCNA2,1,1
SAAL1,CDC20P1,1,1
SAAL1,CDK4,1,1
SAAL1,CISD1,1,1
SAAL1,CKLF,1,1
SAAL1,CKS1B,1,1
SAAL1,COX20,1,1
SAAL1,CRLF3,1,1
SAAL1,CRLS1,1,1
SAAL1,CSTF2,1,1
SAAL1,CWC22,1,1
SAAL1,CYB5B,1,1
SAAL1,CYB5D2,1,1
SAAL1,DCAF13,1,1
SAAL1,DDX18,1,1
SAAL1,DEK,1,1
SAAL1,DPH2,1,1
SAAL1,DPM1,1,1
SAAL1,EBNA1BP2,1,1
SAAL1,EIF2B1,1,1
SAAL1,EIF6,1,1
SAAL1,ENY2,1,1
SAAL1,ERI1,1,1
SAAL1,EXT1,1,1
SAAL1,FAM60A,1,1
SAAL1,FUBP1,1,1
SAAL1,GINS1,1,1
SAAL1,GIPC1,1,1
SAAL1,GLO1,1,1
SAAL1,GLRX2,1,1
SAAL1,GLRX3,1,1
SAAL1,GMEB2,1,1
SAAL1,GRPEL2,1,1
SAAL1,HOXB2,1,1
SAAL1,HRAS,1,1
SAAL1,IPO11,1,1
SAAL1,IQCJ-SCHIP1,1,1
SAAL1,KHDRBS1,1,1
SAAL1,KIAA0101,1,1
SAAL1,KIAA1429,1,1
SAAL1,KIF14,1,1
SAAL1,KIF18A,1,1
SAAL1,KIFC1,1,1
SAAL1,KLHL8,1,1
SAAL1,KMT5A,1,1
SAAL1,KTI12,1,1
SAAL1,LMBRD1,1,1
SAAL1,LMNB1,1,1
SAAL1,LYRM7,1,1
SAAL1,MAD2L1,1,1
SAAL1,MEGF8,1,1
SAAL1,MIS18A,1,1
SAAL1,MRPL9,1,1
SAAL1,MRPS10,1,1
SAAL1,MTX3,1,1
SAAL1,MYBL2,1,1
SAAL1,MYSM1,1,1
SAAL1,MZT1,1,1
SAAL1,NAA15,1,1
SAAL1,NANP,1,1
SAAL1,NDC1,1,1
SAAL1,NMI,1,1
SAAL1,NOLC1,1,1
SAAL1,NPEPPS,1,1
SAAL1,NRF1,1,1
SAAL1,NUDCD1,1,1
SAAL1,NUP107,1,1
SAAL1,NUP155,1,1
SAAL1,NUP58,1,1
SAAL1,NXT1,1,1
SAAL1,ORC2,1,1
SAAL1,PCLO,1,1
SAAL1,PDRG1,1,1
SAAL1,PDSS1,1,1
SAAL1,PER2,1,1
SAAL1,PGAM5,1,1
SAAL1,PGGT1B,1,1
SAAL1,PLS1,1,1
SAAL1,PPIH,1,1
SAAL1,PPM1G,1,1
SAAL1,PPP2CA,1,1
SAAL1,PRELID1,1,1
SAAL1,PRIM2,1,1
SAAL1,PRPS2,1,1
SAAL1,PSMA4,1,1
SAAL1,PSMD13,1,1
SAAL1,PUS7L,1,1
SAAL1,RARS,1,1
SAAL1,RNASEK,1,1
SAAL1,RNF138,1,1
SAAL1,RP11-529K1.3,1,1
SAAL1,SART3,1,1
SAAL1,SCYL3,1,1
SAAL1,SERBP1,1,1
SAAL1,SH2D5,1,1
SAAL1,SKIV2L2,1,1
SAAL1,SMIM13,1,1
SAAL1,SNRNP200,1,1
SAAL1,SNRPC,1,1
SAAL1,SNRPD2,1,1
SAAL1,SNRPG,1,1
SAAL1,SNX5,1,1
SAAL1,SPIRE2,1,1
SAAL1,SRP72,1,1
SAAL1,SVIP,1,1
SAAL1,TAF2,1,1
SAAL1,TAF9,1,1
SAAL1,TATDN1,1,1
SAAL1,TCERG1,1,1
SAAL1,TFAM,1,1
SAAL1,TMEM14B,1,1
SAAL1,TMEM205,1,1
SAAL1,TMX2,1,1
SAAL1,TOE1,1,1
SAAL1,TPM3,1,1
SAAL1,TPRKB,1,1
SAAL1,TRIP13,1,1
SAAL1,TRUB1,1,1
SAAL1,TSFM,1,1
SAAL1,TTC28,1,1
SAAL1,TXN,1,1
SAAL1,UBA2,1,1
SAAL1,UBE2C,1,1
SAAL1,UBE2J2,1,1
SAAL1,UBE2T,1,1
SAAL1,UBE2V1,1,1
SAAL1,UBE2V2,1,1
SAAL1,UCHL5,1,1
SAAL1,UHRF1BP1L,1,1
SAAL1,USP1,1,1
SAAL1,VDAC2,1,1
SAAL1,WDR13,1,1
SAAL1,WDR46,1,1
SAAL1,WWC1,1,1
SAAL1,XRN2,1,1
SAAL1,ZNF473,1,1
SAAL1,ZNF655,1,1
SAAL1,ZNF695,1,1
SAAL1,ZNF787,1,1
SAAL1,ZW10,1,1
SAAL1,ZWILCH,1,1
ZNF26,ARL5A,1,1
ZNF26,CCDC59,1,1
ZNF26,EIF5,1,1
ZNF26,H3F3B,1,1
ZNF26,RAD18,1,1
ZNF26,SMC5,1,1
ZNF26,UCK2,1,1
ZNF26,ZNF639,1,1
KIF18A,ABCE1,1,1
KIF18A,ACTN1,1,1
KIF18A,ANP32E,1,1
KIF18A,ARF4,1,1
KIF18A,BRIX1,1,1
KIF18A,CALM2,1,1
KIF18A,CBFB,1,1
KIF18A,CCDC112,1,1
KIF18A,CCDC138,1,1
KIF18A,CCNA2,1,1
KIF18A,CCP110,1,1
KIF18A,CCT5,1,1
KIF18A,CCT8,1,1
KIF18A,CDC20P1,1,1
KIF18A,CDK1,1,1
KIF18A,CFL2,1,1
KIF18A,CHEK1,1,1
KIF18A,CISD1,1,1
KIF18A,CKS1B,1,1
KIF18A,COPS2,1,1
KIF18A,CPSF6,1,1
KIF18A,CSTF2,1,1
KIF18A,CTDSPL2,1,1
KIF18A,DAZAP1,1,1
KIF18A,DDX18,1,1
KIF18A,DEK,1,1
KIF18A,DEPDC1B,1,1
KIF18A,DHRS7B,1,1
KIF18A,DHX35,1,1
KIF18A,DIMT1,1,1
KIF18A,DUSP12,1,1
KIF18A,EBNA1BP2,1,1
KIF18A,EIF3M,1,1
KIF18A,EPS8L1,1,1
KIF18A,ERI1,1,1
KIF18A,EXOSC2,1,1
KIF18A,FAM98B,1,1
KIF18A,GHDC,1,1
KIF18A,GINS3,1,1
KIF18A,GLRX2,1,1
KIF18A,GMFB,1,1
KIF18A,GNPNAT1,1,1
KIF18A,HNRNPU,1,1
KIF18A,ILF2,1,1
KIF18A,ILF3,1,1
KIF18A,ITGB3BP,1,1
KIF18A,KHDRBS1,1,1
KIF18A,KIAA0101,1,1
KIF18A,KIAA1429,1,1
KIF18A,KIAA1586,1,1
KIF18A,KIF14,1,1
KIF18A,KIF15,1,1
KIF18A,KLHL8,1,1
KIF18A,LBR,1,1
KIF18A,LMNB1,1,1
KIF18A,LMNB2,1,1
KIF18A,LRR1,1,1
KIF18A,MEGF8,1,1
KIF18A,MIS18A,1,1
KIF18A,MTFR1L,1,1
KIF18A,MTX3,1,1
KIF18A,MYBL2,1,1
KIF18A,MYNN,1,1
KIF18A,NAA15,1,1
KIF18A,NAA35,1,1
KIF18A,NAE1,1,1
KIF18A,NSUN2,1,1
KIF18A,NUP107,1,1
KIF18A,NUP155,1,1
KIF18A,PAK1IP1,1,1
KIF18A,PCGF6,1,1
KIF18A,PDCD2L,1,1
KIF18A,PGAM5,1,1
KIF18A,POLE3,1,1
KIF18A,PPIH,1,1
KIF18A,PPM1G,1,1
KIF18A,PPP2CA,1,1
KIF18A,PRIM2,1,1
KIF18A,PSMA3,1,1
KIF18A,PSMC3,1,1
KIF18A,PSMD2,1,1
KIF18A,RAB4B,1,1
KIF18A,RAD23B,1,1
KIF18A,RFWD3,1,1
KIF18A,RNASEK,1,1
KIF18A,RNF138,1,1
KIF18A,RNF168,1,1
KIF18A,SACS,1,1
KIF18A,SERBP1,1,1
KIF18A,SH2D5,1,1
KIF18A,SIX1,1,1
KIF18A,SOX10,1,1
KIF18A,SPIRE2,1,1
KIF18A,SRP19,1,1
KIF18A,SRP72,1,1
KIF18A,SRPK1,1,1
KIF18A,SRSF3,1,1
KIF18A,SSRP1,1,1
KIF18A,SVIP,1,1
KIF18A,SYNCRIP,1,1
KIF18A,TAF9,1,1
KIF18A,TCEB1,1,1
KIF18A,TCERG1,1,1
KIF18A,TERF1,1,1
KIF18A,TFB2M,1,1
KIF18A,TIMM10,1,1
KIF18A,TIMM17A,1,1
KIF18A,TIMM8A,1,1
KIF18A,TJP2,1,1
KIF18A,TMEM126A,1,1
KIF18A,TOMM34,1,1
KIF18A,TPM3,1,1
KIF18A,TPRKB,1,1
KIF18A,TRIM4,1,1
KIF18A,TRIP13,1,1
KIF18A,UBE2C,1,1
KIF18A,UBE2T,1,1
KIF18A,UBE2V2,1,1
KIF18A,UCHL5,1,1
KIF18A,UHRF1BP1L,1,1
KIF18A,USP1,1,1
KIF18A,UTP23,1,1
KIF18A,VDAC2,1,1
KIF18A,WDR13,1,1
KIF18A,ZIC2,1,1
KIF18A,ZNF670,1,1
KIF18A,ZNF695,1,1
KIF18A,ZNF787,1,1
KIF18A,ZW10,1,1
KIF18A,ZWILCH,1,1
GTF2A2,ADAM9,1,1
GTF2A2,BRD4,1,1
GTF2A2,C12ORF29,1,1
GTF2A2,C14ORF166,1,1
GTF2A2,CAPRIN1,1,1
GTF2A2,CCT5,1,1
GTF2A2,CDC42EP2,1,1
GTF2A2,CDK7,1,1
GTF2A2,CFAP20,1,1
GTF2A2,CHORDC1,1,1
GTF2A2,CLPTM1L,1,1
GTF2A2,CMSS1,1,1
GTF2A2,CNKSR2,1,1
GTF2A2,CNOT7,1,1
GTF2A2,CNPY3,1,1
GTF2A2,COPS2,1,1
GTF2A2,COPS5,1,1
GTF2A2,CRIM1,1,1
GTF2A2,CTDSPL2,1,1
GTF2A2,CTSA,1,1
GTF2A2,DDX21,1,1
GTF2A2,DDX28,1,1
GTF2A2,DDX47,1,1
GTF2A2,DHODH,1,1
GTF2A2,DHRS7B,1,1
GTF2A2,EIF2AK4,1,1
GTF2A2,EIF2S1,1,1
GTF2A2,EIF3M,1,1
GTF2A2,ELK3,1,1
GTF2A2,EMG1,1,1
GTF2A2,FAM76A,1,1
GTF2A2,FBXO45,1,1
GTF2A2,FEM1A,1,1
GTF2A2,FEZ2,1,1
GTF2A2,FIS1,1,1
GTF2A2,FTSJ1,1,1
GTF2A2,FTSJ3,1,1
GTF2A2,GABRA5,1,1
GTF2A2,GART,1,1
GTF2A2,GATA3,1,1
GTF2A2,GNPNAT1,1,1
GTF2A2,GSTM4,1,1
GTF2A2,HN1,1,1
GTF2A2,HS1BP3,1,1
GTF2A2,IFRD2,1,1
GTF2A2,ISY1,1,1
GTF2A2,ITM2C,1,1
GTF2A2,JTB,1,1
GTF2A2,KARS,1,1
GTF2A2,KIAA0319L,1,1
GTF2A2,KIAA0586,1,1
GTF2A2,KLHL18,1,1
GTF2A2,KLHL22,1,1
GTF2A2,KRT18,1,1
GTF2A2,LAMB3,1,1
GTF2A2,LMNB2,1,1
GTF2A2,MAGED2,1,1
GTF2A2,MAK16,1,1
GTF2A2,MAP4K5,1,1
GTF2A2,MAPK1IP1L,1,1
GTF2A2,MAPK6,1,1
GTF2A2,MRPL39,1,1
GTF2A2,MT1X,1,1
GTF2A2,NAE1,1,1
GTF2A2,NAP1L1,1,1
GTF2A2,NCR3LG1,1,1
GTF2A2,NIPAL1,1,1
GTF2A2,NKX3-1,1,1
GTF2A2,NSUN2,1,1
GTF2A2,PAPD5,1,1
GTF2A2,PDE6D,1,1
GTF2A2,PIP5K1A,1,1
GTF2A2,PLAUR,1,1
GTF2A2,PMM1,1,1
GTF2A2,PMPCA,1,1
GTF2A2,POLR2C,1,1
GTF2A2,PPP2R1B,1,1
GTF2A2,PRPF38A,1,1
GTF2A2,PRPF4,1,1
GTF2A2,PSMB5,1,1
GTF2A2,PSMC1,1,1
GTF2A2,PSMC3,1,1
GTF2A2,PSMC6,1,1
GTF2A2,PTPRB,1,1
GTF2A2,QSER1,1,1
GTF2A2,RIN1,1,1
GTF2A2,RIN2,1,1
GTF2A2,RIOK1,1,1
GTF2A2,RRS1,1,1
GTF2A2,SET,1,1
GTF2A2,SF3B4,1,1
GTF2A2,SMARCAL1,1,1
GTF2A2,SMS,1,1
GTF2A2,SPIN4,1,1
GTF2A2,SREK1IP1,1,1
GTF2A2,SSRP1,1,1
GTF2A2,TAP2,1,1
GTF2A2,TIMM17A,1,1
GTF2A2,TMA16,1,1
GTF2A2,TRMT10C,1,1
GTF2A2,TRUB2,1,1
GTF2A2,UBE2N,1,1
GTF2A2,UTP4,1,1
GTF2A2,WDR18,1,1
GTF2A2,WDR74,1,1
GTF2A2,WRN,1,1
GTF2A2,XK,1,1
GTF2A2,ZNF146,1,1
GTF2A2,ZPR1,1,1
COPS3,ABCE1,1,1
COPS3,ABHD14B,1,1
COPS3,AHCTF1,1,1
COPS3,ALYREF,1,1
COPS3,BRIX1,1,1
COPS3,BUB1B,1,1
COPS3,BZW1,1,1
COPS3,C14ORF80,1,1
COPS3,CBFB,1,1
COPS3,CBY1,1,1
COPS3,CCDC112,1,1
COPS3,CCDC53,1,1
COPS3,CCT2,1,1
COPS3,CHRNA5,1,1
COPS3,CLINT1,1,1
COPS3,COA7,1,1
COPS3,CPSF6,1,1
COPS3,DCAF10,1,1
COPS3,DEPDC1B,1,1
COPS3,DIAPH1,1,1
COPS3,DIMT1,1,1
COPS3,EBNA1BP2,1,1
COPS3,ELAVL1,1,1
COPS3,FAM98B,1,1
COPS3,GRWD1,1,1
COPS3,H3F3B,1,1
COPS3,HNRNPL,1,1
COPS3,HNRNPU,1,1
COPS3,HSP90AA1,1,1
COPS3,ILF3,1,1
COPS3,IPO4,1,1
COPS3,IRAK1,1,1
COPS3,KANSL1L,1,1
COPS3,KIAA1524,1,1
COPS3,KIF14,1,1
COPS3,L2HGDH,1,1
COPS3,LARP4,1,1
COPS3,LRRC58,1,1
COPS3,MEGF8,1,1
COPS3,MEMO1,1,1
COPS3,MLKL,1,1
COPS3,MPHOSPH10,1,1
COPS3,MTFR1L,1,1
COPS3,NOL11,1,1
COPS3,NUP155,1,1
COPS3,PDCD2L,1,1
COPS3,PGAM5,1,1
COPS3,PNPT1,1,1
COPS3,PPP5C,1,1
COPS3,PRPS1,1,1
COPS3,PSME4,1,1
COPS3,RAD23B,1,1
COPS3,RAD51AP1,1,1
COPS3,RELT,1,1
COPS3,RFWD3,1,1
COPS3,RMI1,1,1
COPS3,RNF126,1,1
COPS3,SGTA,1,1
COPS3,SMAGP,1,1
COPS3,SMC5,1,1
COPS3,SMIM15,1,1
COPS3,SNRPF,1,1
COPS3,SYNCRIP,1,1
COPS3,TBPL1,1,1
COPS3,TCEB1,1,1
COPS3,TEAD4,1,1
COPS3,TFB2M,1,1
COPS3,TMEM260,1,1
COPS3,TOMM40,1,1
COPS3,TTC23,1,1
COPS3,TTC4,1,1
COPS3,TUBA1C,1,1
COPS3,UCK2,1,1
COPS3,USP10,1,1
COPS3,UTP11,1,1
COPS3,VBP1,1,1
COPS3,VRK3,1,1
COPS3,WBP2,1,1
COPS3,WDR13,1,1
COPS3,ZC3H8,1,1
COPS3,ZIC2,1,1
COPS3,ZNF507,1,1
COPS3,ZNF639,1,1
COPS3,ZNF787,1,1
FKBP7,ABCA5,1,1
FKBP7,ADAM9,1,1
FKBP7,DGCR6L,1,1
FKBP7,F8A3,1,1
FKBP7,FAM69A,1,1
FKBP7,FAM69B,1,1
FKBP7,FAM76A,1,1
FKBP7,FCHSD2,1,1
FKBP7,GSTK1,1,1
FKBP7,MAN2A2,1,1
FKBP7,MICALL1,1,1
FKBP7,RTP4,1,1
FKBP7,SCO1,1,1
FKBP7,TET3,1,1
FKBP7,VEZT,1,1
NDE1,GOLGA3,1,1
NDE1,GPM6B,1,1
NDE1,METTL9,1,1
NDE1,PIK3CB,1,1
PELI2,AC093616.4,1,1
PELI2,ACD,1,1
PELI2,ACOX1,1,1
PELI2,AHI1,1,1
PELI2,ALDH1A3,1,1
PELI2,ANKRD33B,1,1
PELI2,ANXA3,1,1
PELI2,ARHGAP42,1,1
PELI2,BCL2A1,1,1
PELI2,BMI1,1,1
PELI2,BTF3L4,1,1
PELI2,C12ORF75,1,1
PELI2,C14ORF142,1,1
PELI2,C1ORF21,1,1
PELI2,CDH2,1,1
PELI2,CDK4,1,1
PELI2,COX20,1,1
PELI2,CPT1A,1,1
PELI2,CSNK2A1,1,1
PELI2,CSNK2B,1,1
PELI2,DDX39B,1,1
PELI2,DPM1,1,1
PELI2,DUXAP9,1,1
PELI2,EIF6,1,1
PELI2,EXT1,1,1
PELI2,FAM60A,1,1
PELI2,FBXL6,1,1
PELI2,FOSL1,1,1
PELI2,GADD45A,1,1
PELI2,GART,1,1
PELI2,GLO1,1,1
PELI2,GOLPH3L,1,1
PELI2,GRASP,1,1
PELI2,GRHPR,1,1
PELI2,GRPEL2,1,1
PELI2,GTF2H2B,1,1
PELI2,HARS,1,1
PELI2,HTR7,1,1
PELI2,KMT5A,1,1
PELI2,LINC01296,1,1
PELI2,MDGA2,1,1
PELI2,MIA3,1,1
PELI2,MIER1,1,1
PELI2,MIPEP,1,1
PELI2,MMP24-AS1,1,1
PELI2,MRPL33,1,1
PELI2,MRPS14,1,1
PELI2,MYOF,1,1
PELI2,MYSM1,1,1
PELI2,NDUFA1,1,1
PELI2,NELFE,1,1
PELI2,NENF,1,1
PELI2,NOSIP,1,1
PELI2,NPM3,1,1
PELI2,NTHL1,1,1
PELI2,NXT1,1,1
PELI2,PDF,1,1
PELI2,PER2,1,1
PELI2,PFDN2,1,1
PELI2,PLEKHA8,1,1
PELI2,POLR2D,1,1
PELI2,POU4F1,1,1
PELI2,PRKCDBP,1,1
PELI2,PSMA4,1,1
PELI2,PSMC4,1,1
PELI2,PTPRJ,1,1
PELI2,PUS7L,1,1
PELI2,RAB4A,1,1
PELI2,RAB7A,1,1
PELI2,RARS,1,1
PELI2,REV3L,1,1
PELI2,RNF113A,1,1
PELI2,RNF114,1,1
PELI2,RP11-529K1.3,1,1
PELI2,RPL6,1,1
PELI2,RPS21,1,1
PELI2,RRAS2,1,1
PELI2,RRP12,1,1
PELI2,SCPEP1,1,1
PELI2,SEPHS2,1,1
PELI2,SIRT7,1,1
PELI2,SLC11A2,1,1
PELI2,SLC35E1,1,1
PELI2,SLC38A1,1,1
PELI2,SMIM13,1,1
PELI2,SNAPC3,1,1
PELI2,SNRPE,1,1
PELI2,SPOCK1,1,1
PELI2,SPOPL,1,1
PELI2,ST3GAL6,1,1
PELI2,TARS,1,1
PELI2,TOB1,1,1
PELI2,TSSC4,1,1
PELI2,UBE2J2,1,1
PELI2,UBE2V1,1,1
PELI2,UHMK1,1,1
PELI2,USP28,1,1
PELI2,WDR46,1,1
PPP1CB,AC104532.2,1,1
PPP1CB,CKLF,1,1
PPP1CB,CNOT11,1,1
PPP1CB,CSNK2A1,1,1
PPP1CB,DUSP10,1,1
PPP1CB,DUXAP9,1,1
PPP1CB,FAM199X,1,1
PPP1CB,FAM60A,1,1
PPP1CB,GADD45A,1,1
PPP1CB,GLO1,1,1
PPP1CB,GRPEL2,1,1
PPP1CB,HTR7,1,1
PPP1CB,LARS,1,1
PPP1CB,MYOF,1,1
PPP1CB,NDFIP2,1,1
PPP1CB,NUDT2,1,1
PPP1CB,PHIP,1,1
PPP1CB,PLS1,1,1
PPP1CB,PSMD13,1,1
PPP1CB,RP11-529K1.3,1,1
PPP1CB,RPS21,1,1
PPP1CB,RRAS2,1,1
PPP1CB,SCOC,1,1
PPP1CB,SF3B6,1,1
PPP1CB,SNX24,1,1
PPP1CB,SPOPL,1,1
PPP1CB,ST3GAL6,1,1
PPP1CB,TENM3,1,1
PPP1CB,TMEM123,1,1
PPP1CB,TMEM41B,1,1
PPP1CB,TTC28,1,1
PPP1CB,TTL,1,1
PPP1CB,UBE2J2,1,1
PPP1CB,ZNF365,1,1
PPP1CB,ZNF746,1,1
PPP1CB,ZRANB2,1,1
MTX3,AC009237.8,1,1
MTX3,ACOX1,1,1
MTX3,ACTN1,1,1
MTX3,ALPK1,1,1
MTX3,ANKRD33B,1,1
MTX3,ARF4,1,1
MTX3,ARF5,1,1
MTX3,ATP6AP1,1,1
MTX3,BCL2A1,1,1
MTX3,BMI1,1,1
MTX3,BTF3L4,1,1
MTX3,C19ORF66,1,1
MTX3,C6ORF203,1,1
MTX3,CAAP1,1,1
MTX3,CALM2,1,1
MTX3,CDC73,1,1
MTX3,CDH2,1,1
MTX3,CFL2,1,1
MTX3,CKLF,1,1
MTX3,CKS1B,1,1
MTX3,CMPK1,1,1
MTX3,COX20,1,1
MTX3,CSTF2,1,1
MTX3,DDX18,1,1
MTX3,DHX35,1,1
MTX3,DUSP12,1,1
MTX3,DUXAP9,1,1
MTX3,EIF2B1,1,1
MTX3,EIF6,1,1
MTX3,EP400,1,1
MTX3,ERI1,1,1
MTX3,EXT1,1,1
MTX3,FAM189A2,1,1
MTX3,FAM60A,1,1
MTX3,FSD1,1,1
MTX3,GADD45A,1,1
MTX3,GIPC1,1,1
MTX3,GLO1,1,1
MTX3,GLRX2,1,1
MTX3,GMEB2,1,1
MTX3,GMFB,1,1
MTX3,GPBP1L1,1,1
MTX3,GRPEL2,1,1
MTX3,HOXB2,1,1
MTX3,IQCJ-SCHIP1,1,1
MTX3,KANSL1L,1,1
MTX3,KIAA1429,1,1
MTX3,KMT5A,1,1
MTX3,LAPTM4A,1,1
MTX3,LINC01296,1,1
MTX3,LMBRD1,1,1
MTX3,MEGF8,1,1
MTX3,MRPL47,1,1
MTX3,MRPL54,1,1
MTX3,MTFR1L,1,1
MTX3,MYSM1,1,1
MTX3,NAA15,1,1
MTX3,NAA35,1,1
MTX3,NAGLU,1,1
MTX3,NDFIP2,1,1
MTX3,NDUFA1,1,1
MTX3,NMI,1,1
MTX3,NUDCD1,1,1
MTX3,PER2,1,1
MTX3,PHIP,1,1
MTX3,PLEKHH1,1,1
MTX3,PLS1,1,1
MTX3,PPM1G,1,1
MTX3,PPP2CA,1,1
MTX3,PRIM2,1,1
MTX3,PRKCI,1,1
MTX3,PRMT1,1,1
MTX3,PSMC4,1,1
MTX3,PSMC5,1,1
MTX3,PSMD13,1,1
MTX3,PUS7L,1,1
MTX3,RARS,1,1
MTX3,RNASEK,1,1
MTX3,RNF168,1,1
MTX3,RP11-529K1.3,1,1
MTX3,SCHIP1,1,1
MTX3,SCPEP1,1,1
MTX3,SERBP1,1,1
MTX3,SH2D5,1,1
MTX3,SIX1,1,1
MTX3,SMIM13,1,1
MTX3,SMIM15,1,1
MTX3,SNRNP200,1,1
MTX3,SNRPD2,1,1
MTX3,SNRPE,1,1
MTX3,SNX24,1,1
MTX3,SPIRE2,1,1
MTX3,SPOPL,1,1
MTX3,SRP19,1,1
MTX3,SRP72,1,1
MTX3,ST3GAL6,1,1
MTX3,TAF9,1,1
MTX3,TATDN1,1,1
MTX3,TDRP,1,1
MTX3,TMEM123,1,1
MTX3,TMEM206,1,1
MTX3,TPM3,1,1
MTX3,TPRKB,1,1
MTX3,TRIP13,1,1
MTX3,TRUB1,1,1
MTX3,TTC28,1,1
MTX3,UBE2C,1,1
MTX3,UBE2J2,1,1
MTX3,UBE2V1,1,1
MTX3,UBE2V2,1,1
MTX3,UCHL5,1,1
MTX3,UGT8,1,1
MTX3,UHMK1,1,1
MTX3,WBP2,1,1
MTX3,WWC1,1,1
MTX3,ZNF143,1,1
MTX3,ZNF655,1,1
MTX3,ZNF787,1,1
GTF2H2,ACACB,1,1
GTF2H2,ACOX1,1,1
GTF2H2,ACTN1,1,1
GTF2H2,AHI1,1,1
GTF2H2,ALPK1,1,1
GTF2H2,ARF4,1,1
GTF2H2,ARF5,1,1
GTF2H2,CBFB,1,1
GTF2H2,CCT5,1,1
GTF2H2,CDH2,1,1
GTF2H2,CDK7,1,1
GTF2H2,CHTOP,1,1
GTF2H2,CNOT3,1,1
GTF2H2,COX20,1,1
GTF2H2,CPT1A,1,1
GTF2H2,CSTF2,1,1
GTF2H2,CYP27A1,1,1
GTF2H2,DDX18,1,1
GTF2H2,DHRS7B,1,1
GTF2H2,DNASE2,1,1
GTF2H2,EIF6,1,1
GTF2H2,ELAVL1,1,1
GTF2H2,ELOVL1,1,1
GTF2H2,ERVK3-1,1,1
GTF2H2,EXOSC3,1,1
GTF2H2,FAM60A,1,1
GTF2H2,FARSA,1,1
GTF2H2,FBXL6,1,1
GTF2H2,GEMIN7,1,1
GTF2H2,GLRX2,1,1
GTF2H2,GNPNAT1,1,1
GTF2H2,GOLPH3L,1,1
GTF2H2,GRPEL2,1,1
GTF2H2,GSKIP,1,1
GTF2H2,HNRNPU,1,1
GTF2H2,HYAL3,1,1
GTF2H2,LBR,1,1
GTF2H2,LINC01296,1,1
GTF2H2,LLPH,1,1
GTF2H2,LMNB2,1,1
GTF2H2,LURAP1,1,1
GTF2H2,MAP4K5,1,1
GTF2H2,MMP24-AS1,1,1
GTF2H2,MYSM1,1,1
GTF2H2,NAA15,1,1
GTF2H2,NAA35,1,1
GTF2H2,NAGLU,1,1
GTF2H2,NCBP1,1,1
GTF2H2,P2RX4,1,1
GTF2H2,PDE12,1,1
GTF2H2,PLP1,1,1
GTF2H2,PMM1,1,1
GTF2H2,POLR1B,1,1
GTF2H2,POLR2H,1,1
GTF2H2,PPM1G,1,1
GTF2H2,PPP2CA,1,1
GTF2H2,PRKCDBP,1,1
GTF2H2,PRMT1,1,1
GTF2H2,PRPF4,1,1
GTF2H2,PSMC1,1,1
GTF2H2,PSMC4,1,1
GTF2H2,PSMC5,1,1
GTF2H2,QSER1,1,1
GTF2H2,RRP12,1,1
GTF2H2,SACS,1,1
GTF2H2,SCHIP1,1,1
GTF2H2,SCPEP1,1,1
GTF2H2,SIX1,1,1
GTF2H2,SLC10A3,1,1
GTF2H2,SMARCD1,1,1
GTF2H2,SMIM13,1,1
GTF2H2,SMIM15,1,1
GTF2H2,SOX10,1,1
GTF2H2,SRP19,1,1
GTF2H2,SRSF1,1,1
GTF2H2,SYNCRIP,1,1
GTF2H2,TAF9,1,1
GTF2H2,TARS,1,1
GTF2H2,TFB2M,1,1
GTF2H2,TIMM17A,1,1
GTF2H2,TMCO1,1,1
GTF2H2,TNFRSF12A,1,1
GTF2H2,TPM3,1,1
GTF2H2,TRAPPC3,1,1
GTF2H2,UGT8,1,1
GTF2H2,UHMK1,1,1
GTF2H2,UTP23,1,1
GTF2H2,VAT1,1,1
GTF2H2,VMA21,1,1
GTF2H2,WBP2,1,1
GTF2H2,ZNF143,1,1
SMC5,AHCTF1,1,1
SMC5,C14ORF80,1,1
SMC5,CBFB,1,1
SMC5,CBY1,1,1
SMC5,CCDC112,1,1
SMC5,CCT2,1,1
SMC5,CHRNA5,1,1
SMC5,CLINT1,1,1
SMC5,CPSF6,1,1
SMC5,DIMT1,1,1
SMC5,EIF5,1,1
SMC5,FAM98B,1,1
SMC5,H3F3B,1,1
SMC5,ILF3,1,1
SMC5,IPO4,1,1
SMC5,IRAK1,1,1
SMC5,KIAA1524,1,1
SMC5,MEMO1,1,1
SMC5,PPP2R2A,1,1
SMC5,PRPS1,1,1
SMC5,PSME4,1,1
SMC5,RAD23B,1,1
SMC5,RELT,1,1
SMC5,RFK,1,1
SMC5,RIF1,1,1
SMC5,SNRPF,1,1
SMC5,TCEB1,1,1
SMC5,TTC23,1,1
SMC5,UCK2,1,1
SMC5,VBP1,1,1
SMC5,VRK3,1,1
SMC5,ZC3H8,1,1
SMC5,ZNF507,1,1
SMC5,ZNF639,1,1
COPS2,ADAM9,1,1
COPS2,AHI1,1,1
COPS2,ANP32E,1,1
COPS2,ARRDC4,1,1
COPS2,BRD4,1,1
COPS2,BRIX1,1,1
COPS2,BTF3L4,1,1
COPS2,C12ORF29,1,1
COPS2,C19ORF66,1,1
COPS2,CALM2,1,1
COPS2,CAPRIN1,1,1
COPS2,CCP110,1,1
COPS2,CCT5,1,1
COPS2,CCT8,1,1
COPS2,CDC123,1,1
COPS2,CDH2,1,1
COPS2,CDK7,1,1
COPS2,CFL2,1,1
COPS2,CHORDC1,1,1
COPS2,CMSS1,1,1
COPS2,CNOT7,1,1
COPS2,CNPY3,1,1
COPS2,COPS5,1,1
COPS2,CRIM1,1,1
COPS2,CSTF2,1,1
COPS2,CTDSPL2,1,1
COPS2,CYP27A1,1,1
COPS2,DAZAP1,1,1
COPS2,DDX21,1,1
COPS2,DDX28,1,1
COPS2,DDX47,1,1
COPS2,DEK,1,1
COPS2,DHRS7B,1,1
COPS2,DHX35,1,1
COPS2,DNA2,1,1
COPS2,DUSP12,1,1
COPS2,EID2,1,1
COPS2,EIF2S1,1,1
COPS2,EIF3M,1,1
COPS2,ERI1,1,1
COPS2,EXOSC2,1,1
COPS2,FBXO45,1,1
COPS2,FEM1A,1,1
COPS2,FTSJ1,1,1
COPS2,FTSJ3,1,1
COPS2,GABRA5,1,1
COPS2,GART,1,1
COPS2,GATA3,1,1
COPS2,GEMIN7,1,1
COPS2,GINS3,1,1
COPS2,GLRX2,1,1
COPS2,GNPNAT1,1,1
COPS2,GTF3C4,1,1
COPS2,GTPBP4,1,1
COPS2,HARS,1,1
COPS2,HN1,1,1
COPS2,HNRNPA1,1,1
COPS2,HNRNPC,1,1
COPS2,HS1BP3,1,1
COPS2,IFRD2,1,1
COPS2,ILF2,1,1
COPS2,IPPK,1,1
COPS2,IQCJ-SCHIP1,1,1
COPS2,KARS,1,1
COPS2,KIAA0319L,1,1
COPS2,KIAA0586,1,1
COPS2,KIAA1586,1,1
COPS2,KIF15,1,1
COPS2,KLHL22,1,1
COPS2,KMT5A,1,1
COPS2,KRT18,1,1
COPS2,LBR,1,1
COPS2,LIN7C,1,1
COPS2,LLPH,1,1
COPS2,LMNB2,1,1
COPS2,MAGED2,1,1
COPS2,MAGOH,1,1
COPS2,MAK16,1,1
COPS2,MAP4K5,1,1
COPS2,MAPK1IP1L,1,1
COPS2,MAPK6,1,1
COPS2,MCM2,1,1
COPS2,MCRS1,1,1
COPS2,MED10,1,1
COPS2,MMP24-AS1,1,1
COPS2,MRPL39,1,1
COPS2,MT1X,1,1
COPS2,MYBL2,1,1
COPS2,MYNN,1,1
COPS2,NAA30,1,1
COPS2,NAA35,1,1
COPS2,NAE1,1,1
COPS2,NCR3LG1,1,1
COPS2,NIPAL1,1,1
COPS2,NKX3-1,1,1
COPS2,NSUN2,1,1
COPS2,NUFIP1,1,1
COPS2,NUP107,1,1
COPS2,PAK1IP1,1,1
COPS2,PAPD5,1,1
COPS2,PCGF6,1,1
COPS2,PDE12,1,1
COPS2,PDF,1,1
COPS2,PFDN2,1,1
COPS2,PIP5K1A,1,1
COPS2,PLAUR,1,1
COPS2,PMM1,1,1
COPS2,PMPCA,1,1
COPS2,POLR2C,1,1
COPS2,POLR3C,1,1
COPS2,PPM1G,1,1
COPS2,PPP2R1B,1,1
COPS2,PRMT1,1,1
COPS2,PRPF38A,1,1
COPS2,PRPF4,1,1
COPS2,PSMA3,1,1
COPS2,PSMA4,1,1
COPS2,PSMC1,1,1
COPS2,PSMC3,1,1
COPS2,PSMC3IP,1,1
COPS2,PSMC6,1,1
COPS2,PSMD2,1,1
COPS2,PUS7L,1,1
COPS2,QSER1,1,1
COPS2,RAB4B,1,1
COPS2,RARS,1,1
COPS2,RIOK1,1,1
COPS2,RNF168,1,1
COPS2,RRP12,1,1
COPS2,RRS1,1,1
COPS2,RUVBL2,1,1
COPS2,SACS,1,1
COPS2,SAPCD2,1,1
COPS2,SERBP1,1,1
COPS2,SET,1,1
COPS2,SF3B4,1,1
COPS2,SIX1,1,1
COPS2,SKP2,1,1
COPS2,SLC25A43,1,1
COPS2,SMARCD1,1,1
COPS2,SMNDC1,1,1
COPS2,SMS,1,1
COPS2,SNRNP48,1,1
COPS2,SNRPE,1,1
COPS2,SOX10,1,1
COPS2,SPIN4,1,1
COPS2,SREK1IP1,1,1
COPS2,SRP19,1,1
COPS2,SRP72,1,1
COPS2,SRPK1,1,1
COPS2,SSRP1,1,1
COPS2,STIP1,1,1
COPS2,SYNCRIP,1,1
COPS2,TAF9,1,1
COPS2,TAP2,1,1
COPS2,TARS,1,1
COPS2,TCERG1,1,1
COPS2,TIMM10,1,1
COPS2,TIMM17A,1,1
COPS2,TIMM8A,1,1
COPS2,TMA16,1,1
COPS2,TMCO1,1,1
COPS2,TMX2,1,1
COPS2,TNFRSF12A,1,1
COPS2,TOP3A,1,1
COPS2,TPM3,1,1
COPS2,TRAPPC3,1,1
COPS2,TRIP13,1,1
COPS2,TRMT10C,1,1
COPS2,TTF1,1,1
COPS2,TUBB4B,1,1
COPS2,UBE2N,1,1
COPS2,UBE2T,1,1
COPS2,UGT8,1,1
COPS2,UHMK1,1,1
COPS2,UHRF1,1,1
COPS2,URB1,1,1
COPS2,USP1,1,1
COPS2,UTP23,1,1
COPS2,UTP4,1,1
COPS2,VDAC2,1,1
COPS2,VEZT,1,1
COPS2,VRK1,1,1
COPS2,WDR74,1,1
COPS2,WRN,1,1
COPS2,YARS2,1,1
COPS2,ZNF146,1,1
COPS2,ZNF180,1,1
COPS2,ZNF281,1,1
COPS2,ZNF283,1,1
COPS2,ZNF670,1,1
NSUN2,ANP32E,1,1
NSUN2,BRD4,1,1
NSUN2,BRIX1,1,1
NSUN2,C12ORF29,1,1
NSUN2,CALM2,1,1
NSUN2,CAPRIN1,1,1
NSUN2,CBR4,1,1
NSUN2,CCP110,1,1
NSUN2,CCT5,1,1
NSUN2,CCT8,1,1
NSUN2,CD3EAP,1,1
NSUN2,CDCA4,1,1
NSUN2,CDK7,1,1
NSUN2,CFAP20,1,1
NSUN2,CFL2,1,1
NSUN2,CMSS1,1,1
NSUN2,CNOT7,1,1
NSUN2,COA7,1,1
NSUN2,COPS5,1,1
NSUN2,CPSF6,1,1
NSUN2,CRIM1,1,1
NSUN2,CSTF2,1,1
NSUN2,CTDSPL2,1,1
NSUN2,DAZAP1,1,1
NSUN2,DDX21,1,1
NSUN2,DDX28,1,1
NSUN2,DDX47,1,1
NSUN2,DHRS7B,1,1
NSUN2,DHX35,1,1
NSUN2,DIMT1,1,1
NSUN2,DNASE2,1,1
NSUN2,DPY19L2P1,1,1
NSUN2,DUSP12,1,1
NSUN2,EIF2S1,1,1
NSUN2,EIF3M,1,1
NSUN2,EIF5,1,1
NSUN2,ELAVL1,1,1
NSUN2,EMG1,1,1
NSUN2,ERI1,1,1
NSUN2,ERVK3-1,1,1
NSUN2,EXOSC2,1,1
NSUN2,EXOSC3,1,1
NSUN2,FAM136A,1,1
NSUN2,FBXO45,1,1
NSUN2,FEM1A,1,1
NSUN2,FTSJ1,1,1
NSUN2,FTSJ3,1,1
NSUN2,GABRA5,1,1
NSUN2,GEMIN7,1,1
NSUN2,GHDC,1,1
NSUN2,GINS3,1,1
NSUN2,GLRX2,1,1
NSUN2,GNL3,1,1
NSUN2,GNPNAT1,1,1
NSUN2,GPATCH4,1,1
NSUN2,GTF3C4,1,1
NSUN2,GTPBP4,1,1
NSUN2,HCFC1,1,1
NSUN2,HN1,1,1
NSUN2,HNRNPA1,1,1
NSUN2,HNRNPU,1,1
NSUN2,IFRD2,1,1
NSUN2,IGF2BP1,1,1
NSUN2,ILF2,1,1
NSUN2,ILF3,1,1
NSUN2,IPO4,1,1
NSUN2,IPPK,1,1
NSUN2,ITM2C,1,1
NSUN2,KARS,1,1
NSUN2,KIAA0319L,1,1
NSUN2,KIAA0586,1,1
NSUN2,KIAA1586,1,1
NSUN2,KLHL22,1,1
NSUN2,KRT18,1,1
NSUN2,LAPTM4A,1,1
NSUN2,LBR,1,1
NSUN2,LLPH,1,1
NSUN2,LMNB1,1,1
NSUN2,LMNB2,1,1
NSUN2,MAGOH,1,1
NSUN2,MAK16,1,1
NSUN2,MAP4K5,1,1
NSUN2,MAPK1IP1L,1,1
NSUN2,MAPK6,1,1
NSUN2,MCM2,1,1
NSUN2,MCRS1,1,1
NSUN2,MEGF8,1,1
NSUN2,MMP24-AS1,1,1
NSUN2,MRPL39,1,1
NSUN2,MRPL54,1,1
NSUN2,MRPS2,1,1
NSUN2,MT1X,1,1
NSUN2,MYBL2,1,1
NSUN2,MYNN,1,1
NSUN2,NAA15,1,1
NSUN2,NAA35,1,1
NSUN2,NAE1,1,1
NSUN2,NASP,1,1
NSUN2,NCR3LG1,1,1
NSUN2,NEK7,1,1
NSUN2,NIPAL1,1,1
NSUN2,NKX3-1,1,1
NSUN2,NUFIP1,1,1
NSUN2,NUP107,1,1
NSUN2,PAK1IP1,1,1
NSUN2,PAPD5,1,1
NSUN2,PCGF6,1,1
NSUN2,PDE12,1,1
NSUN2,PIGV,1,1
NSUN2,PIP5K1A,1,1
NSUN2,PLAUR,1,1
NSUN2,PMM1,1,1
NSUN2,PMPCA,1,1
NSUN2,PNN,1,1
NSUN2,POLR2C,1,1
NSUN2,POLR3C,1,1
NSUN2,PPM1G,1,1
NSUN2,PPP2R1B,1,1
NSUN2,PRMT1,1,1
NSUN2,PRPF4,1,1
NSUN2,PSMA3,1,1
NSUN2,PSMC1,1,1
NSUN2,PSMC3,1,1
NSUN2,PSMC5,1,1
NSUN2,PSMC6,1,1
NSUN2,PSMD2,1,1
NSUN2,PTS,1,1
NSUN2,QSER1,1,1
NSUN2,RELT,1,1
NSUN2,RFWD3,1,1
NSUN2,RIOK1,1,1
NSUN2,RNF168,1,1
NSUN2,RPP40,1,1
NSUN2,RRP12,1,1
NSUN2,RRS1,1,1
NSUN2,RUVBL2,1,1
NSUN2,SACS,1,1
NSUN2,SERBP1,1,1
NSUN2,SET,1,1
NSUN2,SF3B4,1,1
NSUN2,SIX1,1,1
NSUN2,SKP2,1,1
NSUN2,SMS,1,1
NSUN2,SNAPC1,1,1
NSUN2,SPIN4,1,1
NSUN2,SREK1IP1,1,1
NSUN2,SRP19,1,1
NSUN2,SRP72,1,1
NSUN2,SRPK1,1,1
NSUN2,SSRP1,1,1
NSUN2,STIP1,1,1
NSUN2,SYNCRIP,1,1
NSUN2,TAF9,1,1
NSUN2,TAP2,1,1
NSUN2,TCERG1,1,1
NSUN2,TERF1,1,1
NSUN2,TFB2M,1,1
NSUN2,TIMM10,1,1
NSUN2,TIMM17A,1,1
NSUN2,TIMM8A,1,1
NSUN2,TJP2,1,1
NSUN2,TMA16,1,1
NSUN2,TOMM34,1,1
NSUN2,TOP3A,1,1
NSUN2,TRIP13,1,1
NSUN2,TRMT10C,1,1
NSUN2,TROVE2,1,1
NSUN2,TTF1,1,1
NSUN2,TUBB4B,1,1
NSUN2,UBE2N,1,1
NSUN2,UHRF1,1,1
NSUN2,URB1,1,1
NSUN2,USP1,1,1
NSUN2,UTP23,1,1
NSUN2,UTP4,1,1
NSUN2,VDAC2,1,1
NSUN2,WDR74,1,1
NSUN2,WRN,1,1
NSUN2,XK,1,1
NSUN2,ZDHHC4,1,1
NSUN2,ZIC2,1,1
NSUN2,ZNF146,1,1
NSUN2,ZNF180,1,1
NSUN2,ZNF215,1,1
NSUN2,ZNF670,1,1
NSUN2,ZNF695,1,1
GTPBP4,ABHD5,1,1
GTPBP4,ABT1,1,1
GTPBP4,ACD,1,1
GTPBP4,ADNP2,1,1
GTPBP4,AHI1,1,1
GTPBP4,BNIP1,1,1
GTPBP4,BRD4,1,1
GTPBP4,C12ORF75,1,1
GTPBP4,CALM2,1,1
GTPBP4,CCDC109B,1,1
GTPBP4,CCT5,1,1
GTPBP4,CDC123,1,1
GTPBP4,CDCA5,1,1
GTPBP4,CENPJ,1,1
GTPBP4,CHORDC1,1,1
GTPBP4,CNOT7,1,1
GTPBP4,CSTF2,1,1
GTPBP4,CTDSPL2,1,1
GTPBP4,CTNNAL1,1,1
GTPBP4,DDX21,1,1
GTPBP4,DDX39B,1,1
GTPBP4,DEK,1,1
GTPBP4,DHX35,1,1
GTPBP4,DKK 1.00,1,1
GTPBP4,DNA2,1,1
GTPBP4,EID2,1,1
GTPBP4,EIF2S1,1,1
GTPBP4,EIF3M,1,1
GTPBP4,EIF4E2,1,1
GTPBP4,ERI1,1,1
GTPBP4,EXOSC2,1,1
GTPBP4,EXOSC8,1,1
GTPBP4,EXT1,1,1
GTPBP4,FBXO45,1,1
GTPBP4,FEM1A,1,1
GTPBP4,FOSL1,1,1
GTPBP4,FTSJ3,1,1
GTPBP4,GABRA5,1,1
GTPBP4,GART,1,1
GTPBP4,GEMIN7,1,1
GTPBP4,GINS3,1,1
GTPBP4,GLRX2,1,1
GTPBP4,GNPNAT1,1,1
GTPBP4,GTF3C4,1,1
GTPBP4,H2AFY,1,1
GTPBP4,HARS,1,1
GTPBP4,HAUS2,1,1
GTPBP4,HMGN1,1,1
GTPBP4,HNRNPA1,1,1
GTPBP4,HNRNPC,1,1
GTPBP4,HNRNPD,1,1
GTPBP4,HSPA14,1,1
GTPBP4,IFRD2,1,1
GTPBP4,IQCJ-SCHIP1,1,1
GTPBP4,KARS,1,1
GTPBP4,KIF15,1,1
GTPBP4,KMT5A,1,1
GTPBP4,KPNA3,1,1
GTPBP4,KRT18,1,1
GTPBP4,LBR,1,1
GTPBP4,LIN7C,1,1
GTPBP4,LLPH,1,1
GTPBP4,LMNB2,1,1
GTPBP4,MAGOH,1,1
GTPBP4,MAPK1IP1L,1,1
GTPBP4,MCM10,1,1
GTPBP4,MCM2,1,1
GTPBP4,MCRS1,1,1
GTPBP4,MED10,1,1
GTPBP4,MED27,1,1
GTPBP4,MIS18A,1,1
GTPBP4,MMP24-AS1,1,1
GTPBP4,MRPL39,1,1
GTPBP4,MT1X,1,1
GTPBP4,MYBL2,1,1
GTPBP4,NAA15,1,1
GTPBP4,NAA20,1,1
GTPBP4,NAE1,1,1
GTPBP4,NIFK,1,1
GTPBP4,NIPAL1,1,1
GTPBP4,NKX3-1,1,1
GTPBP4,NR2F2,1,1
GTPBP4,NRF1,1,1
GTPBP4,NSMCE4A,1,1
GTPBP4,NUFIP1,1,1
GTPBP4,NUP107,1,1
GTPBP4,NUP188,1,1
GTPBP4,PAK1IP1,1,1
GTPBP4,PCGF6,1,1
GTPBP4,PDE12,1,1
GTPBP4,PDF,1,1
GTPBP4,PDSS1,1,1
GTPBP4,PFDN2,1,1
GTPBP4,PMPCA,1,1
GTPBP4,POLR2C,1,1
GTPBP4,POLR2D,1,1
GTPBP4,POLR3C,1,1
GTPBP4,PPM1G,1,1
GTPBP4,PPRC1,1,1
GTPBP4,PRPF38A,1,1
GTPBP4,PRPF4,1,1
GTPBP4,PSMA4,1,1
GTPBP4,PSMC1,1,1
GTPBP4,PSMC3,1,1
GTPBP4,PSMC3IP,1,1
GTPBP4,PSMC6,1,1
GTPBP4,PSMD2,1,1
GTPBP4,PSMD5,1,1
GTPBP4,PUS7L,1,1
GTPBP4,RAB35,1,1
GTPBP4,RAD1,1,1
GTPBP4,RARS,1,1
GTPBP4,RBMXL1,1,1
GTPBP4,RIOK1,1,1
GTPBP4,RNF168,1,1
GTPBP4,RP11-424C20.2,1,1
GTPBP4,RRP12,1,1
GTPBP4,RRS1,1,1
GTPBP4,SACS,1,1
GTPBP4,SAPCD2,1,1
GTPBP4,SERBP1,1,1
GTPBP4,SET,1,1
GTPBP4,SF1,1,1
GTPBP4,SF3B4,1,1
GTPBP4,SH2D5,1,1
GTPBP4,SKA3,1,1
GTPBP4,SKP2,1,1
GTPBP4,SMN2,1,1
GTPBP4,SMNDC1,1,1
GTPBP4,SMS,1,1
GTPBP4,SNRNP48,1,1
GTPBP4,SNRPD1,1,1
GTPBP4,SNRPE,1,1
GTPBP4,SPOCK1,1,1
GTPBP4,SPRYD7,1,1
GTPBP4,SREK1IP1,1,1
GTPBP4,SRP72,1,1
GTPBP4,SRPK1,1,1
GTPBP4,SSRP1,1,1
GTPBP4,STIP1,1,1
GTPBP4,TAF5,1,1
GTPBP4,TAF9,1,1
GTPBP4,TAP2,1,1
GTPBP4,TCERG1,1,1
GTPBP4,TFAM,1,1
GTPBP4,TIMM23,1,1
GTPBP4,TMA16,1,1
GTPBP4,TMEM14B,1,1
GTPBP4,TMX2,1,1
GTPBP4,TOP3A,1,1
GTPBP4,TRIP13,1,1
GTPBP4,TRMT10C,1,1
GTPBP4,TSSC4,1,1
GTPBP4,TTF1,1,1
GTPBP4,TUBB4B,1,1
GTPBP4,UBE2T,1,1
GTPBP4,UHRF1,1,1
GTPBP4,URB1,1,1
GTPBP4,USP1,1,1
GTPBP4,VDAC2,1,1
GTPBP4,VRK1,1,1
GTPBP4,WDR74,1,1
GTPBP4,YARS2,1,1
GTPBP4,ZNF180,1,1
GTPBP4,ZNF195,1,1
GTPBP4,ZNF281,1,1
GTPBP4,ZNF283,1,1
GTPBP4,ZNF473,1,1
GTPBP4,ZNF670,1,1
GTPBP4,ZW10,1,1
BAG5,ABT1,1,1
BAG5,BORA,1,1
BAG5,C14ORF142,1,1
BAG5,C19ORF47,1,1
BAG5,C1ORF21,1,1
BAG5,C4ORF46,1,1
BAG5,CDC123,1,1
BAG5,CDK4,1,1
BAG5,CENPJ,1,1
BAG5,CEP250,1,1
BAG5,COQ5,1,1
BAG5,CTNNAL1,1,1
BAG5,DEK,1,1
BAG5,DPM1,1,1
BAG5,EIF4E,1,1
BAG5,EIF4E2,1,1
BAG5,ENY2,1,1
BAG5,ERCC3,1,1
BAG5,ERLIN1,1,1
BAG5,FUBP1,1,1
BAG5,H2AFY,1,1
BAG5,HARS,1,1
BAG5,HAUS2,1,1
BAG5,HEXIM2,1,1
BAG5,HHEX,1,1
BAG5,HMGN1,1,1
BAG5,HNRNPA1P48,1,1
BAG5,HNRNPD,1,1
BAG5,HRAS,1,1
BAG5,HSPA14,1,1
BAG5,KMT5A,1,1
BAG5,KPNA3,1,1
BAG5,KTI12,1,1
BAG5,LCOR,1,1
BAG5,LRRC40,1,1
BAG5,MED10,1,1
BAG5,METTL10,1,1
BAG5,MRPL1,1,1
BAG5,MRPS10,1,1
BAG5,NAA20,1,1
BAG5,NIFK,1,1
BAG5,NUP188,1,1
BAG5,NUP58,1,1
BAG5,NXT1,1,1
BAG5,PDLIM5,1,1
BAG5,PDSS1,1,1
BAG5,PGGT1B,1,1
BAG5,PLAGL2,1,1
BAG5,POLR2D,1,1
BAG5,PPA1,1,1
BAG5,PPRC1,1,1
BAG5,PRRG4,1,1
BAG5,PSMA4,1,1
BAG5,PSMD5,1,1
BAG5,RAB35,1,1
BAG5,RABGGTB,1,1
BAG5,RBM26,1,1
BAG5,RBMXL1,1,1
BAG5,RPF1,1,1
BAG5,RRP36,1,1
BAG5,SKA3,1,1
BAG5,SLC35D1,1,1
BAG5,SMN2,1,1
BAG5,SMNDC1,1,1
BAG5,SNRPD1,1,1
BAG5,SPRYD7,1,1
BAG5,SRP72,1,1
BAG5,SRPK1,1,1
BAG5,ST3GAL4,1,1
BAG5,SUPV3L1,1,1
BAG5,TFAM,1,1
BAG5,TFDP1,1,1
BAG5,TIMM23,1,1
BAG5,TMEM14B,1,1
BAG5,TMEM234,1,1
BAG5,TMX2,1,1
BAG5,TRPM2,1,1
BAG5,TUBG2,1,1
BAG5,TXN,1,1
BAG5,TYW3,1,1
BAG5,UBA6,1,1
BAG5,UBE3A,1,1
BAG5,UBLCP1,1,1
BAG5,UBQLN1,1,1
BAG5,VSIG10L,1,1
BAG5,ZDHHC20,1,1
BAG5,ZNF283,1,1
PPM1E,ARF1,1,1
PPM1E,DBI,1,1
PPM1E,DCAF6,1,1
PPM1E,ENOX2,1,1
PPM1E,FAM3A,1,1
PPM1E,HEATR5A,1,1
PPM1E,MKRN1,1,1
PPM1E,NHSL1,1,1
PPM1E,PLA2G4A,1,1
PPM1E,RAB4A,1,1
PPM1E,REV3L,1,1
PPM1E,TOB1,1,1
PPM1E,TRMT13,1,1
ARHGAP42,AC009237.8,1,1
ARHGAP42,ACOX1,1,1
ARHGAP42,ALDH18A1,1,1
ARHGAP42,ARF4,1,1
ARHGAP42,BCL2A1,1,1
ARHGAP42,BMI1,1,1
ARHGAP42,C16ORF13,1,1
ARHGAP42,CKLF,1,1
ARHGAP42,CNOT11,1,1
ARHGAP42,COX20,1,1
ARHGAP42,CRLS1,1,1
ARHGAP42,DUXAP9,1,1
ARHGAP42,EIF6,1,1
ARHGAP42,EXT1,1,1
ARHGAP42,FAM60A,1,1
ARHGAP42,FBXL6,1,1
ARHGAP42,GLO1,1,1
ARHGAP42,GMEB2,1,1
ARHGAP42,GRPEL2,1,1
ARHGAP42,IGSF3,1,1
ARHGAP42,LARS,1,1
ARHGAP42,LMBRD1,1,1
ARHGAP42,MDGA2,1,1
ARHGAP42,MIA3,1,1
ARHGAP42,MIPEP,1,1
ARHGAP42,MOCS3,1,1
ARHGAP42,MRPS14,1,1
ARHGAP42,MYSM1,1,1
ARHGAP42,NDUFA1,1,1
ARHGAP42,NPM3,1,1
ARHGAP42,NSRP1,1,1
ARHGAP42,NTHL1,1,1
ARHGAP42,NUDCD1,1,1
ARHGAP42,NXT1,1,1
ARHGAP42,PER2,1,1
ARHGAP42,PFN1,1,1
ARHGAP42,PLP1,1,1
ARHGAP42,PLS1,1,1
ARHGAP42,PSMC4,1,1
ARHGAP42,PSMD13,1,1
ARHGAP42,PTPRJ,1,1
ARHGAP42,RAB7A,1,1
ARHGAP42,RNASEK,1,1
ARHGAP42,RNF113A,1,1
ARHGAP42,RP11-529K1.3,1,1
ARHGAP42,RPL6,1,1
ARHGAP42,RPS21,1,1
ARHGAP42,SEPHS2,1,1
ARHGAP42,SMIM13,1,1
ARHGAP42,SNAPC3,1,1
ARHGAP42,SNRPD2,1,1
ARHGAP42,SNX24,1,1
ARHGAP42,SPIRE1,1,1
ARHGAP42,ST3GAL6,1,1
ARHGAP42,TATDN1,1,1
ARHGAP42,TENM3,1,1
ARHGAP42,TIMM17B,1,1
ARHGAP42,TPRKB,1,1
ARHGAP42,TRIM38,1,1
ARHGAP42,TTC28,1,1
ARHGAP42,UBE2J2,1,1
ARHGAP42,UBE2V1,1,1
ARHGAP42,WDR46,1,1
ARHGAP42,WWC1,1,1
ARHGAP42,ZBTB37,1,1
ARHGAP42,ZNF655,1,1
ARHGAP42,ZRANB2,1,1
NDC1,ABCE1,1,1
NDC1,ACTN1,1,1
NDC1,AKAP1,1,1
NDC1,ALPK1,1,1
NDC1,ALYREF,1,1
NDC1,B4GAT1,1,1
NDC1,BZW1,1,1
NDC1,CCDC138,1,1
NDC1,CCT2,1,1
NDC1,CEBPZ,1,1
NDC1,CHAC2,1,1
NDC1,CHERP,1,1
NDC1,CRLF3,1,1
NDC1,CWC22,1,1
NDC1,CYB5D2,1,1
NDC1,DCAF10,1,1
NDC1,DCAF13,1,1
NDC1,DDX18,1,1
NDC1,DIAPH1,1,1
NDC1,DPH2,1,1
NDC1,EBNA1BP2,1,1
NDC1,EIF2B1,1,1
NDC1,ESCO2,1,1
NDC1,FAM234A,1,1
NDC1,GINS1,1,1
NDC1,GLRX3,1,1
NDC1,GMEB2,1,1
NDC1,GRWD1,1,1
NDC1,HNRNPH1,1,1
NDC1,HOXB2,1,1
NDC1,IPO11,1,1
NDC1,KANSL1L,1,1
NDC1,KHDRBS1,1,1
NDC1,KIAA0101,1,1
NDC1,KIF14,1,1
NDC1,LARP4,1,1
NDC1,LMNB1,1,1
NDC1,LRR1,1,1
NDC1,LYRM7,1,1
NDC1,MAD2L1,1,1
NDC1,MATR3,1,1
NDC1,MB21D1,1,1
NDC1,MLKL,1,1
NDC1,MRPL9,1,1
NDC1,MSH2,1,1
NDC1,NAA15,1,1
NDC1,NBN,1,1
NDC1,NMI,1,1
NDC1,NOLC1,1,1
NDC1,NUDCD1,1,1
NDC1,NUP155,1,1
NDC1,NUP54,1,1
NDC1,ORC2,1,1
NDC1,ORC6,1,1
NDC1,OTUD6B,1,1
NDC1,PAICS,1,1
NDC1,PDRG1,1,1
NDC1,PDSS1,1,1
NDC1,PGAM5,1,1
NDC1,POMP,1,1
NDC1,PPIH,1,1
NDC1,PPP2CA,1,1
NDC1,PPP3R1,1,1
NDC1,PRIM2,1,1
NDC1,PRPS2,1,1
NDC1,RABAC1,1,1
NDC1,RAD23B,1,1
NDC1,RBM12,1,1
NDC1,RBM27,1,1
NDC1,RFC3,1,1
NDC1,RMI1,1,1
NDC1,RNASEK,1,1
NDC1,RNF138,1,1
NDC1,SART3,1,1
NDC1,SCYL3,1,1
NDC1,SEH1L,1,1
NDC1,SKIV2L2,1,1
NDC1,SMAGP,1,1
NDC1,SMIM14,1,1
NDC1,SMIM15,1,1
NDC1,SNRPG,1,1
NDC1,SNX5,1,1
NDC1,SP3,1,1
NDC1,SRSF2,1,1
NDC1,SRSF3,1,1
NDC1,SRSF7,1,1
NDC1,STIL,1,1
NDC1,TAF2,1,1
NDC1,TFB2M,1,1
NDC1,TMEM205,1,1
NDC1,TMEM260,1,1
NDC1,TMEM63B,1,1
NDC1,TOMM40,1,1
NDC1,TPM3,1,1
NDC1,TPRKB,1,1
NDC1,TRAIP,1,1
NDC1,TRIM4,1,1
NDC1,TTC4,1,1
NDC1,TUBA1C,1,1
NDC1,UBA2,1,1
NDC1,UCHL5,1,1
NDC1,UTP11,1,1
NDC1,VBP1,1,1
NDC1,WBP2,1,1
NDC1,WDR13,1,1
NDC1,WDR36,1,1
NDC1,WWC1,1,1
NDC1,ZC3H8,1,1
NDC1,ZNF787,1,1
NDC1,ZWILCH,1,1
KIFC1,BRCA2,1,1
KIFC1,CCNA2,1,1
KIFC1,CDC20P1,1,1
KIFC1,CDK1,1,1
KIFC1,CEP55,1,1
KIFC1,CISD1,1,1
KIFC1,CKS1B,1,1
KIFC1,CWC22,1,1
KIFC1,CYB5B,1,1
KIFC1,ESCO2,1,1
KIFC1,GINS1,1,1
KIFC1,GINS2,1,1
KIFC1,GLRX3,1,1
KIFC1,GMNN,1,1
KIFC1,KHDRBS1,1,1
KIFC1,KIAA0101,1,1
KIFC1,KIF11,1,1
KIFC1,KIF14,1,1
KIFC1,MAD2L1,1,1
KIFC1,MRPL22,1,1
KIFC1,MSH2,1,1
KIFC1,MTF2,1,1
KIFC1,NUP155,1,1
KIFC1,NUP54,1,1
KIFC1,ORC2,1,1
KIFC1,ORC6,1,1
KIFC1,PDRG1,1,1
KIFC1,PLEKHH3,1,1
KIFC1,PPIH,1,1
KIFC1,PRELID1,1,1
KIFC1,PRIM2,1,1
KIFC1,PRPS2,1,1
KIFC1,PXMP2,1,1
KIFC1,RFC3,1,1
KIFC1,SMC2,1,1
KIFC1,SNRPC,1,1
KIFC1,SNRPG,1,1
KIFC1,SNX5,1,1
KIFC1,TAF2,1,1
KIFC1,TRAIP,1,1
KIFC1,TSFM,1,1
KIFC1,WWC1,1,1
KIFC1,ZWILCH,1,1
GNG5,ALDH1A3,1,1
GNG5,ANXA3,1,1
GNG5,AP3S1,1,1
GNG5,ATG12,1,1
GNG5,BABAM1,1,1
GNG5,C14ORF142,1,1
GNG5,CCNJL,1,1
GNG5,CEP120,1,1
GNG5,CHUK,1,1
GNG5,CRNKL1,1,1
GNG5,CWF19L1,1,1
GNG5,DBI,1,1
GNG5,DCAF6,1,1
GNG5,DR1,1,1
GNG5,EEF1B2,1,1
GNG5,EIF3F,1,1
GNG5,FAM178B,1,1
GNG5,G6PC3,1,1
GNG5,KHK,1,1
GNG5,LINC00493,1,1
GNG5,LRRC40,1,1
GNG5,MED29,1,1
GNG5,METTL10,1,1
GNG5,MIS12,1,1
GNG5,MKRN1,1,1
GNG5,MRPL49,1,1
GNG5,MRPS16,1,1
GNG5,MRPS26,1,1
GNG5,NHLRC2,1,1
GNG5,NHSL1,1,1
GNG5,NRM,1,1
GNG5,PANK3,1,1
GNG5,PKN2,1,1
GNG5,PLA2G4A,1,1
GNG5,PLEKHG4,1,1
GNG5,PPA1,1,1
GNG5,PRRG4,1,1
GNG5,RAB4A,1,1
GNG5,RABGGTB,1,1
GNG5,RBBP9,1,1
GNG5,RPF1,1,1
GNG5,RPL13A,1,1
GNG5,RPL28,1,1
GNG5,RPS13,1,1
GNG5,RRP8,1,1
GNG5,SEC23IP,1,1
GNG5,SLC35C1,1,1
GNG5,SLC38A1,1,1
GNG5,SUGT1,1,1
GNG5,TFDP1,1,1
GNG5,TIFA,1,1
GNG5,TMSB4X,1,1
GNG5,TMTC4,1,1
GNG5,TRIM44,1,1
GNG5,TRMT13,1,1
GNG5,UBL7,1,1
GNG5,UBQLN1,1,1
GNG5,ZNF511,1,1
GNG5,ZNF544,1,1
GNG5,ZNF652,1,1
GNG5,ZNF696,1,1
PSMD13,AC009237.8,1,1
PSMD13,AC093616.4,1,1
PSMD13,ACOX1,1,1
PSMD13,ADPRH,1,1
PSMD13,ANKRD33B,1,1
PSMD13,AP1M1,1,1
PSMD13,APEX2,1,1
PSMD13,ARF4,1,1
PSMD13,ARFIP2,1,1
PSMD13,BCCIP,1,1
PSMD13,BMI1,1,1
PSMD13,C14ORF142,1,1
PSMD13,C19ORF47,1,1
PSMD13,C1ORF21,1,1
PSMD13,C5ORF42,1,1
PSMD13,CDK4,1,1
PSMD13,CEP250,1,1
PSMD13,CISD1,1,1
PSMD13,CKLF,1,1
PSMD13,CKS1B,1,1
PSMD13,CNOT11,1,1
PSMD13,COX20,1,1
PSMD13,CRLF3,1,1
PSMD13,CSNK2A1,1,1
PSMD13,CWC22,1,1
PSMD13,CYB5B,1,1
PSMD13,CYB5D2,1,1
PSMD13,DCAF13,1,1
PSMD13,DDX18,1,1
PSMD13,DPH2,1,1
PSMD13,DPM1,1,1
PSMD13,DUXAP9,1,1
PSMD13,EIF6,1,1
PSMD13,EMX2,1,1
PSMD13,EXT1,1,1
PSMD13,FAM60A,1,1
PSMD13,FUBP1,1,1
PSMD13,GLO1,1,1
PSMD13,GLRX3,1,1
PSMD13,GMEB2,1,1
PSMD13,GRASP,1,1
PSMD13,GRHPR,1,1
PSMD13,GRPEL2,1,1
PSMD13,HEXIM2,1,1
PSMD13,HHEX,1,1
PSMD13,HOXB2,1,1
PSMD13,HRAS,1,1
PSMD13,IGSF3,1,1
PSMD13,IQCJ-SCHIP1,1,1
PSMD13,ITPA,1,1
PSMD13,KIAA1429,1,1
PSMD13,KMT5A,1,1
PSMD13,KPNA3,1,1
PSMD13,KTI12,1,1
PSMD13,LARS,1,1
PSMD13,LMBRD1,1,1
PSMD13,LRRC40,1,1
PSMD13,LYRM7,1,1
PSMD13,MOCS3,1,1
PSMD13,MRPL22,1,1
PSMD13,MRPS10,1,1
PSMD13,MRPS26,1,1
PSMD13,MRPS27,1,1
PSMD13,MYOF,1,1
PSMD13,MYSM1,1,1
PSMD13,MZT1,1,1
PSMD13,NAA15,1,1
PSMD13,NAGLU,1,1
PSMD13,NANP,1,1
PSMD13,NDUFA1,1,1
PSMD13,NENF,1,1
PSMD13,NPEPPS,1,1
PSMD13,NPM3,1,1
PSMD13,NRF1,1,1
PSMD13,NTHL1,1,1
PSMD13,NUDCD1,1,1
PSMD13,NUDT2,1,1
PSMD13,NUP58,1,1
PSMD13,NXT1,1,1
PSMD13,ORC2,1,1
PSMD13,PCLO,1,1
PSMD13,PCYOX1L,1,1
PSMD13,PDSS1,1,1
PSMD13,PER2,1,1
PSMD13,PGGT1B,1,1
PSMD13,PHIP,1,1
PSMD13,PLS1,1,1
PSMD13,POU4F1,1,1
PSMD13,PPM1G,1,1
PSMD13,PPP2CA,1,1
PSMD13,PRELID1,1,1
PSMD13,PRIM2,1,1
PSMD13,PSMC4,1,1
PSMD13,PTPRJ,1,1
PSMD13,PUS7L,1,1
PSMD13,RNASEK,1,1
PSMD13,RNF113A,1,1
PSMD13,RNF114,1,1
PSMD13,RP11-529K1.3,1,1
PSMD13,SCYL3,1,1
PSMD13,SF3B6,1,1
PSMD13,SH2D5,1,1
PSMD13,SMIM13,1,1
PSMD13,SNAPC3,1,1
PSMD13,SNRNP200,1,1
PSMD13,SNRPC,1,1
PSMD13,SNRPD2,1,1
PSMD13,SPOPL,1,1
PSMD13,ST3GAL6,1,1
PSMD13,STAMBPL1,1,1
PSMD13,SVIP,1,1
PSMD13,TAF2,1,1
PSMD13,TATDN1,1,1
PSMD13,TENM3,1,1
PSMD13,TFAM,1,1
PSMD13,TMEM14B,1,1
PSMD13,TPRKB,1,1
PSMD13,TRUB1,1,1
PSMD13,TTC28,1,1
PSMD13,TTL,1,1
PSMD13,TXN,1,1
PSMD13,UBA6,1,1
PSMD13,UBE2J2,1,1
PSMD13,UBE2V1,1,1
PSMD13,UBE2V2,1,1
PSMD13,UCHL5,1,1
PSMD13,WDR46,1,1
PSMD13,WWC1,1,1
PSMD13,XRN2,1,1
PSMD13,ZBTB37,1,1
PSMD13,ZNF473,1,1
PSMD13,ZNF655,1,1
PSMD13,ZRANB2,1,1
PSMD13,ZWILCH,1,1
PSMA4,ABHD5,1,1
PSMA4,ABT1,1,1
PSMA4,ACD,1,1
PSMA4,AHI1,1,1
PSMA4,ANKRD33B,1,1
PSMA4,ANXA3,1,1
PSMA4,BABAM1,1,1
PSMA4,BMI1,1,1
PSMA4,BNIP1,1,1
PSMA4,BTF3L4,1,1
PSMA4,C12ORF75,1,1
PSMA4,C14ORF142,1,1
PSMA4,C19ORF47,1,1
PSMA4,C19ORF66,1,1
PSMA4,CALM2,1,1
PSMA4,CCDC109B,1,1
PSMA4,CCT5,1,1
PSMA4,CDC123,1,1
PSMA4,CDCA5,1,1
PSMA4,CDH2,1,1
PSMA4,CDK4,1,1
PSMA4,CDK7,1,1
PSMA4,CISD1,1,1
PSMA4,CKS1B,1,1
PSMA4,COX20,1,1
PSMA4,CSNK2A1,1,1
PSMA4,CSNK2B,1,1
PSMA4,CSTF2,1,1
PSMA4,CTNNAL1,1,1
PSMA4,DDX18,1,1
PSMA4,DDX21,1,1
PSMA4,DDX31,1,1
PSMA4,DDX39B,1,1
PSMA4,DEK,1,1
PSMA4,DHX35,1,1
PSMA4,DNA2,1,1
PSMA4,DPH2,1,1
PSMA4,DPM1,1,1
PSMA4,EIF2S1,1,1
PSMA4,EIF3M,1,1
PSMA4,EIF4E2,1,1
PSMA4,EIF6,1,1
PSMA4,ENY2,1,1
PSMA4,EPS8L1,1,1
PSMA4,ERI1,1,1
PSMA4,EXT1,1,1
PSMA4,FAM60A,1,1
PSMA4,FBXL6,1,1
PSMA4,FBXO45,1,1
PSMA4,FOSL1,1,1
PSMA4,FTSJ3,1,1
PSMA4,FUBP1,1,1
PSMA4,GABRA5,1,1
PSMA4,GART,1,1
PSMA4,GINS3,1,1
PSMA4,GLO1,1,1
PSMA4,GLRX2,1,1
PSMA4,GNPNAT1,1,1
PSMA4,GOLPH3L,1,1
PSMA4,GPBP1L1,1,1
PSMA4,GRASP,1,1
PSMA4,GRHPR,1,1
PSMA4,GRPEL2,1,1
PSMA4,GTF3C4,1,1
PSMA4,H2AFY,1,1
PSMA4,HARS,1,1
PSMA4,HAUS2,1,1
PSMA4,HMGN1,1,1
PSMA4,HNRNPA1,1,1
PSMA4,HNRNPD,1,1
PSMA4,HRAS,1,1
PSMA4,IQCJ-SCHIP1,1,1
PSMA4,KIAA1429,1,1
PSMA4,KIF15,1,1
PSMA4,KMT5A,1,1
PSMA4,KPNA3,1,1
PSMA4,KRT18,1,1
PSMA4,LBR,1,1
PSMA4,LINC01296,1,1
PSMA4,LLPH,1,1
PSMA4,LMBRD1,1,1
PSMA4,LMNB1,1,1
PSMA4,LMNB2,1,1
PSMA4,MAGOH,1,1
PSMA4,MCM10,1,1
PSMA4,MCM2,1,1
PSMA4,MCRS1,1,1
PSMA4,MED10,1,1
PSMA4,MED27,1,1
PSMA4,MIS18A,1,1
PSMA4,MMP24-AS1,1,1
PSMA4,MRPL33,1,1
PSMA4,MRPL39,1,1
PSMA4,MRPS10,1,1
PSMA4,MRPS14,1,1
PSMA4,MRPS26,1,1
PSMA4,MRPS27,1,1
PSMA4,MYBL2,1,1
PSMA4,MYSM1,1,1
PSMA4,NAA15,1,1
PSMA4,NAA20,1,1
PSMA4,NAA35,1,1
PSMA4,NAE1,1,1
PSMA4,NANP,1,1
PSMA4,NDUFA1,1,1
PSMA4,NIFK,1,1
PSMA4,NOLC1,1,1
PSMA4,NONO,1,1
PSMA4,NOP16,1,1
PSMA4,NPM3,1,1
PSMA4,NRF1,1,1
PSMA4,NUDCD1,1,1
PSMA4,NUFIP1,1,1
PSMA4,NUP107,1,1
PSMA4,NUP188,1,1
PSMA4,NUP58,1,1
PSMA4,NXT1,1,1
PSMA4,OSBPL11,1,1
PSMA4,PAK1IP1,1,1
PSMA4,PDE12,1,1
PSMA4,PDF,1,1
PSMA4,PDSS1,1,1
PSMA4,PER2,1,1
PSMA4,PFDN2,1,1
PSMA4,PMPCA,1,1
PSMA4,POLR2C,1,1
PSMA4,POLR2D,1,1
PSMA4,POU4F1,1,1
PSMA4,PPM1G,1,1
PSMA4,PPP2CA,1,1
PSMA4,PPRC1,1,1
PSMA4,PRKCDBP,1,1
PSMA4,PRMT1,1,1
PSMA4,PRPF38A,1,1
PSMA4,PRPF4,1,1
PSMA4,PSMC1,1,1
PSMA4,PSMC3,1,1
PSMA4,PSMC3IP,1,1
PSMA4,PSMC4,1,1
PSMA4,PSMD2,1,1
PSMA4,PSMD5,1,1
PSMA4,PUS7L,1,1
PSMA4,RAB35,1,1
PSMA4,RAD1,1,1
PSMA4,RARS,1,1
PSMA4,RBMXL1,1,1
PSMA4,RNF168,1,1
PSMA4,RP11-424C20.2,1,1
PSMA4,RP11-529K1.3,1,1
PSMA4,RP11-673C5.1,1,1
PSMA4,RPF1,1,1
PSMA4,RRP12,1,1
PSMA4,RRP36,1,1
PSMA4,RRS1,1,1
PSMA4,SAPCD2,1,1
PSMA4,SART3,1,1
PSMA4,SERBP1,1,1
PSMA4,SF3B4,1,1
PSMA4,SH2D5,1,1
PSMA4,SKA3,1,1
PSMA4,SKP2,1,1
PSMA4,SLC11A2,1,1
PSMA4,SLC25A43,1,1
PSMA4,SLC35D1,1,1
PSMA4,SLC35E1,1,1
PSMA4,SMARCD1,1,1
PSMA4,SMIM13,1,1
PSMA4,SMN2,1,1
PSMA4,SMNDC1,1,1
PSMA4,SMS,1,1
PSMA4,SNRNP48,1,1
PSMA4,SNRPC,1,1
PSMA4,SNRPD1,1,1
PSMA4,SNRPD2,1,1
PSMA4,SNRPE,1,1
PSMA4,SOCS4,1,1
PSMA4,SPOCK1,1,1
PSMA4,SPOPL,1,1
PSMA4,SREK1IP1,1,1
PSMA4,SRP72,1,1
PSMA4,SRPK1,1,1
PSMA4,SSRP1,1,1
PSMA4,ST3GAL6,1,1
PSMA4,STIP1,1,1
PSMA4,TAF5,1,1
PSMA4,TAF9,1,1
PSMA4,TARS,1,1
PSMA4,TATDN1,1,1
PSMA4,TCERG1,1,1
PSMA4,TFAM,1,1
PSMA4,TIMM17A,1,1
PSMA4,TIMM23,1,1
PSMA4,TMA16,1,1
PSMA4,TMCO1,1,1
PSMA4,TMEM123,1,1
PSMA4,TMEM14B,1,1
PSMA4,TMX2,1,1
PSMA4,TOP3A,1,1
PSMA4,TPM3,1,1
PSMA4,TRAPPC3,1,1
PSMA4,TRIP13,1,1
PSMA4,TRPM2,1,1
PSMA4,TSSC4,1,1
PSMA4,TTF1,1,1
PSMA4,TUBB4B,1,1
PSMA4,UBE2C,1,1
PSMA4,UBE2J2,1,1
PSMA4,UBE2T,1,1
PSMA4,UBE2V1,1,1
PSMA4,UBE3A,1,1
PSMA4,UBL4A,1,1
PSMA4,UBLCP1,1,1
PSMA4,UCHL5,1,1
PSMA4,UGT8,1,1
PSMA4,UHMK1,1,1
PSMA4,UHRF1,1,1
PSMA4,UHRF1BP1L,1,1
PSMA4,URB1,1,1
PSMA4,USP1,1,1
PSMA4,UTP23,1,1
PSMA4,VDAC2,1,1
PSMA4,VRK1,1,1
PSMA4,WDR46,1,1
PSMA4,WDR74,1,1
PSMA4,WWC1,1,1
PSMA4,YARS2,1,1
PSMA4,ZNF195,1,1
PSMA4,ZNF281,1,1
PSMA4,ZNF283,1,1
PSMA4,ZNF473,1,1
PSMA4,ZNF655,1,1
PSMA4,ZNF695,1,1
PSMA4,ZW10,1,1
PSMA4,ZWILCH,1,1
BABAM1,ABT1,1,1
BABAM1,AC093616.4,1,1
BABAM1,ACD,1,1
BABAM1,ALDH1A3,1,1
BABAM1,ANKRD33B,1,1
BABAM1,ANXA3,1,1
BABAM1,AP3S1,1,1
BABAM1,ARFIP2,1,1
BABAM1,ASPHD2,1,1
BABAM1,ATG12,1,1
BABAM1,ATG9A,1,1
BABAM1,C14ORF142,1,1
BABAM1,C19ORF47,1,1
BABAM1,C1ORF21,1,1
BABAM1,CCDC109B,1,1
BABAM1,CDC123,1,1
BABAM1,CDK4,1,1
BABAM1,CEP120,1,1
BABAM1,CEP250,1,1
BABAM1,CNTROB,1,1
BABAM1,CRNKL1,1,1
BABAM1,CSNK2A1,1,1
BABAM1,CTNNAL1,1,1
BABAM1,DBI,1,1
BABAM1,DDX39B,1,1
BABAM1,DPM1,1,1
BABAM1,EEF1B2,1,1
BABAM1,EIF3H,1,1
BABAM1,EIF3K,1,1
BABAM1,EIF4E2,1,1
BABAM1,EMX2,1,1
BABAM1,ERCC3,1,1
BABAM1,EXOSC8,1,1
BABAM1,EXT1,1,1
BABAM1,FAM178B,1,1
BABAM1,GLO1,1,1
BABAM1,GPAT3,1,1
BABAM1,GRASP,1,1
BABAM1,GRHPR,1,1
BABAM1,GTF2H2B,1,1
BABAM1,H2AFY,1,1
BABAM1,HARS2,1,1
BABAM1,HHEX,1,1
BABAM1,HMGN1,1,1
BABAM1,INPP1,1,1
BABAM1,KHK,1,1
BABAM1,KMT5A,1,1
BABAM1,KPNA3,1,1
BABAM1,LCOR,1,1
BABAM1,LINC00493,1,1
BABAM1,LRRC40,1,1
BABAM1,MED29,1,1
BABAM1,METTL10,1,1
BABAM1,MIER1,1,1
BABAM1,MRPL33,1,1
BABAM1,MRPS10,1,1
BABAM1,MRPS14,1,1
BABAM1,MRPS16,1,1
BABAM1,MRPS26,1,1
BABAM1,MRPS27,1,1
BABAM1,MYOF,1,1
BABAM1,NDUFA1,1,1
BABAM1,NELFE,1,1
BABAM1,NHSL1,1,1
BABAM1,NPM3,1,1
BABAM1,NR2F2,1,1
BABAM1,NRM,1,1
BABAM1,NTHL1,1,1
BABAM1,NXT1,1,1
BABAM1,OSBPL11,1,1
BABAM1,PANK3,1,1
BABAM1,PDF,1,1
BABAM1,PLAGL2,1,1
BABAM1,PLEKHA4,1,1
BABAM1,PLS3,1,1
BABAM1,POLR2D,1,1
BABAM1,POU4F1,1,1
BABAM1,PPA1,1,1
BABAM1,PRRG4,1,1
BABAM1,RAB4A,1,1
BABAM1,RAB7A,1,1
BABAM1,RBBP9,1,1
BABAM1,RBMXL1,1,1
BABAM1,RICTOR,1,1
BABAM1,RNF114,1,1
BABAM1,RPF1,1,1
BABAM1,RPL6,1,1
BABAM1,RPS21,1,1
BABAM1,RRAS2,1,1
BABAM1,RRP8,1,1
BABAM1,SF3B6,1,1
BABAM1,SLC35E1,1,1
BABAM1,SLC38A1,1,1
BABAM1,SLC9A6,1,1
BABAM1,SMN2,1,1
BABAM1,SOCS4,1,1
BABAM1,SPOCK1,1,1
BABAM1,ST3GAL4,1,1
BABAM1,ST3GAL6,1,1
BABAM1,TIMM23,1,1
BABAM1,TMEM14B,1,1
BABAM1,TMSB4X,1,1
BABAM1,TRMT13,1,1
BABAM1,TRPM2,1,1
BABAM1,TSSC4,1,1
BABAM1,TTL,1,1
BABAM1,TYW3,1,1
BABAM1,UBA6,1,1
BABAM1,UBE2J2,1,1
BABAM1,UBL4A,1,1
BABAM1,UBL7,1,1
BABAM1,UBLCP1,1,1
BABAM1,UBQLN1,1,1
BABAM1,WDR46,1,1
BABAM1,ZNF232,1,1
BABAM1,ZNF281,1,1
BABAM1,ZNF696,1,1
ILF3,ABCE1,1,1
ILF3,ACTN1,1,1
ILF3,AHCTF1,1,1
ILF3,ALPK1,1,1
ILF3,ANP32E,1,1
ILF3,BRIX1,1,1
ILF3,BTN3A1,1,1
ILF3,BZW1,1,1
ILF3,C14ORF80,1,1
ILF3,CBFB,1,1
ILF3,CBY1,1,1
ILF3,CCDC138,1,1
ILF3,CCP110,1,1
ILF3,CCT2,1,1
ILF3,CCT5,1,1
ILF3,CCT8,1,1
ILF3,CD3EAP,1,1
ILF3,CDCA4,1,1
ILF3,CHRNA5,1,1
ILF3,CHTOP,1,1
ILF3,COA7,1,1
ILF3,CPSF6,1,1
ILF3,CSTF2,1,1
ILF3,DAZAP1,1,1
ILF3,DDX18,1,1
ILF3,DIAPH1,1,1
ILF3,DIMT1,1,1
ILF3,DNASE2,1,1
ILF3,EBNA1BP2,1,1
ILF3,EIF3J,1,1
ILF3,ELAVL1,1,1
ILF3,ERVK3-1,1,1
ILF3,EXOSC2,1,1
ILF3,EXOSC3,1,1
ILF3,FAM136A,1,1
ILF3,FAM98B,1,1
ILF3,FASTKD3,1,1
ILF3,GLRX2,1,1
ILF3,GNL3,1,1
ILF3,GNPNAT1,1,1
ILF3,GPATCH4,1,1
ILF3,GRWD1,1,1
ILF3,HCFC1,1,1
ILF3,HNRNPU,1,1
ILF3,HSP90AA1,1,1
ILF3,ILF2,1,1
ILF3,IPO4,1,1
ILF3,IPPK,1,1
ILF3,IRAK1,1,1
ILF3,KIAA0101,1,1
ILF3,KIAA1524,1,1
ILF3,KIAA1586,1,1
ILF3,KIF14,1,1
ILF3,LARP4,1,1
ILF3,LBR,1,1
ILF3,LMNB1,1,1
ILF3,LMNB2,1,1
ILF3,LRR1,1,1
ILF3,MEGF8,1,1
ILF3,MRPL39,1,1
ILF3,MTFR1L,1,1
ILF3,MYBL2,1,1
ILF3,NAA15,1,1
ILF3,NAA35,1,1
ILF3,NOLC1,1,1
ILF3,NUP155,1,1
ILF3,PAK1IP1,1,1
ILF3,PCGF6,1,1
ILF3,PDCD2L,1,1
ILF3,PGAM5,1,1
ILF3,POLE3,1,1
ILF3,PPP2CA,1,1
ILF3,PSMA3,1,1
ILF3,PSMC3,1,1
ILF3,PSMC5,1,1
ILF3,PSME4,1,1
ILF3,PTS,1,1
ILF3,RAD23B,1,1
ILF3,RELT,1,1
ILF3,RFWD3,1,1
ILF3,RMI1,1,1
ILF3,RNF126,1,1
ILF3,RNF138,1,1
ILF3,RPP40,1,1
ILF3,RRP1B,1,1
ILF3,SACS,1,1
ILF3,SF3B3,1,1
ILF3,SGTA,1,1
ILF3,SIX1,1,1
ILF3,SMAGP,1,1
ILF3,SMIM15,1,1
ILF3,SOX10,1,1
ILF3,SRP19,1,1
ILF3,SRSF1,1,1
ILF3,SRSF3,1,1
ILF3,SYNCRIP,1,1
ILF3,TAF9,1,1
ILF3,TBPL1,1,1
ILF3,TCEB1,1,1
ILF3,TERF1,1,1
ILF3,TFB2M,1,1
ILF3,TIMM10,1,1
ILF3,TIMM8A,1,1
ILF3,TIPIN,1,1
ILF3,TMEM126A,1,1
ILF3,TOMM34,1,1
ILF3,TPM3,1,1
ILF3,TRIP13,1,1
ILF3,TRMT61A,1,1
ILF3,TTC4,1,1
ILF3,UBE2C,1,1
ILF3,UCK2,1,1
ILF3,UHRF1BP1L,1,1
ILF3,USP10,1,1
ILF3,UTP23,1,1
ILF3,VBP1,1,1
ILF3,VDAC2,1,1
ILF3,VRK3,1,1
ILF3,WBP2,1,1
ILF3,ZC3H8,1,1
ILF3,ZDHHC4,1,1
ILF3,ZIC2,1,1
ILF3,ZNF146,1,1
ILF3,ZNF598,1,1
ILF3,ZNF639,1,1
ILF3,ZNF695,1,1
ILF3,ZNF787,1,1
ILF3,ZW10,1,1
IFRD2,ATRIP,1,1
IFRD2,BRD4,1,1
IFRD2,C12ORF29,1,1
IFRD2,CAPRIN1,1,1
IFRD2,CCT5,1,1
IFRD2,CCT8,1,1
IFRD2,CDC42EP2,1,1
IFRD2,CDK7,1,1
IFRD2,CFAP20,1,1
IFRD2,CHORDC1,1,1
IFRD2,CMSS1,1,1
IFRD2,CNOT7,1,1
IFRD2,COPS5,1,1
IFRD2,CRIM1,1,1
IFRD2,CSTF2,1,1
IFRD2,CTDSPL2,1,1
IFRD2,DAZAP1,1,1
IFRD2,DDX21,1,1
IFRD2,DDX28,1,1
IFRD2,DDX47,1,1
IFRD2,DHODH,1,1
IFRD2,DHRS7B,1,1
IFRD2,DHX35,1,1
IFRD2,EIF2S1,1,1
IFRD2,EIF3M,1,1
IFRD2,EMG1,1,1
IFRD2,ERI1,1,1
IFRD2,EXOSC2,1,1
IFRD2,FAM136A,1,1
IFRD2,FBXO45,1,1
IFRD2,FEM1A,1,1
IFRD2,FTSJ1,1,1
IFRD2,FTSJ3,1,1
IFRD2,GABRA5,1,1
IFRD2,GEMIN7,1,1
IFRD2,GINS3,1,1
IFRD2,GLRX2,1,1
IFRD2,GNL3,1,1
IFRD2,GNPNAT1,1,1
IFRD2,GPATCH4,1,1
IFRD2,GTF3C4,1,1
IFRD2,HN1,1,1
IFRD2,HNRNPA1,1,1
IFRD2,HNRNPU,1,1
IFRD2,ILF2,1,1
IFRD2,IPPK,1,1
IFRD2,ITM2C,1,1
IFRD2,KARS,1,1
IFRD2,KIAA0319L,1,1
IFRD2,KLHL18,1,1
IFRD2,KRT18,1,1
IFRD2,LBR,1,1
IFRD2,LMNB2,1,1
IFRD2,MAGED2,1,1
IFRD2,MAGOH,1,1
IFRD2,MAK16,1,1
IFRD2,MAP4K5,1,1
IFRD2,MAPK1IP1L,1,1
IFRD2,MAPK6,1,1
IFRD2,MCM10,1,1
IFRD2,MCM2,1,1
IFRD2,MCRS1,1,1
IFRD2,MRPL39,1,1
IFRD2,MRPS2,1,1
IFRD2,MT1X,1,1
IFRD2,MYBL2,1,1
IFRD2,NAE1,1,1
IFRD2,NASP,1,1
IFRD2,NCR3LG1,1,1
IFRD2,NUFIP1,1,1
IFRD2,NUP107,1,1
IFRD2,PAK1IP1,1,1
IFRD2,PAPD5,1,1
IFRD2,PCGF6,1,1
IFRD2,PDE12,1,1
IFRD2,PIP5K1A,1,1
IFRD2,PLAUR,1,1
IFRD2,PMM1,1,1
IFRD2,PMPCA,1,1
IFRD2,PNN,1,1
IFRD2,POLR2C,1,1
IFRD2,PPP2R1B,1,1
IFRD2,PPWD1,1,1
IFRD2,PRPF4,1,1
IFRD2,PSMA3,1,1
IFRD2,PSMC1,1,1
IFRD2,PSMC3,1,1
IFRD2,PSMC3IP,1,1
IFRD2,PSMC6,1,1
IFRD2,PSMD2,1,1
IFRD2,PTS,1,1
IFRD2,QSER1,1,1
IFRD2,RIOK1,1,1
IFRD2,RP11-424C20.2,1,1
IFRD2,RPP40,1,1
IFRD2,RRP12,1,1
IFRD2,RRS1,1,1
IFRD2,SACS,1,1
IFRD2,SAPCD2,1,1
IFRD2,SERBP1,1,1
IFRD2,SET,1,1
IFRD2,SF3B4,1,1
IFRD2,SKP2,1,1
IFRD2,SMARCAL1,1,1
IFRD2,SMS,1,1
IFRD2,SNAPC1,1,1
IFRD2,SPIN4,1,1
IFRD2,SREK1IP1,1,1
IFRD2,SRPK1,1,1
IFRD2,SSRP1,1,1
IFRD2,SYNCRIP,1,1
IFRD2,TAF9,1,1
IFRD2,TAP2,1,1
IFRD2,TCERG1,1,1
IFRD2,TEX10,1,1
IFRD2,TIMM10,1,1
IFRD2,TIMM17A,1,1
IFRD2,TMA16,1,1
IFRD2,TNFRSF12A,1,1
IFRD2,TRIP13,1,1
IFRD2,TRMT10C,1,1
IFRD2,TUBB4B,1,1
IFRD2,UBE2N,1,1
IFRD2,UHRF1,1,1
IFRD2,URB1,1,1
IFRD2,UTP23,1,1
IFRD2,UTP4,1,1
IFRD2,VDAC2,1,1
IFRD2,WDR74,1,1
IFRD2,WRN,1,1
IFRD2,YARS2,1,1
IFRD2,ZNF146,1,1
IFRD2,ZNF180,1,1
IFRD2,ZNF670,1,1
SLC35C1,ALDH1A3,1,1
SLC35C1,AP3S1,1,1
SLC35C1,ATG12,1,1
SLC35C1,C14ORF142,1,1
SLC35C1,CCNJL,1,1
SLC35C1,CEP120,1,1
SLC35C1,CEP250,1,1
SLC35C1,CHUK,1,1
SLC35C1,COA3,1,1
SLC35C1,CRNKL1,1,1
SLC35C1,DCLRE1A,1,1
SLC35C1,DHX16,1,1
SLC35C1,DR1,1,1
SLC35C1,ECD,1,1
SLC35C1,EEF1B2,1,1
SLC35C1,ERCC3,1,1
SLC35C1,FAM178B,1,1
SLC35C1,G6PC3,1,1
SLC35C1,GSTZ1,1,1
SLC35C1,HHEX,1,1
SLC35C1,LCOR,1,1
SLC35C1,LRRC40,1,1
SLC35C1,MED29,1,1
SLC35C1,METTL10,1,1
SLC35C1,MIS12,1,1
SLC35C1,MRPL49,1,1
SLC35C1,MRPS16,1,1
SLC35C1,MRPS26,1,1
SLC35C1,NDUFAF5,1,1
SLC35C1,NHSL1,1,1
SLC35C1,NRM,1,1
SLC35C1,PANK3,1,1
SLC35C1,PKN2,1,1
SLC35C1,PLEKHA4,1,1
SLC35C1,PLEKHG4,1,1
SLC35C1,PPA1,1,1
SLC35C1,PRRG4,1,1
SLC35C1,PSPC1,1,1
SLC35C1,RABGGTB,1,1
SLC35C1,RBBP9,1,1
SLC35C1,RECK,1,1
SLC35C1,RICTOR,1,1
SLC35C1,RPF1,1,1
SLC35C1,SCARB1,1,1
SLC35C1,SEC23IP,1,1
SLC35C1,SF3B6,1,1
SLC35C1,ST3GAL4,1,1
SLC35C1,TFDP1,1,1
SLC35C1,TIFA,1,1
SLC35C1,TMTC4,1,1
SLC35C1,TRIM44,1,1
SLC35C1,TYW3,1,1
SLC35C1,UBA6,1,1
SLC35C1,UBLCP1,1,1
SLC35C1,UBQLN1,1,1
SLC35C1,ZNF511,1,1
SLC35C1,ZNF544,1,1
SLC35C1,ZNF696,1,1
TRIM4,ACTN1,1,1
TRIM4,ALPK1,1,1
TRIM4,ARF4,1,1
TRIM4,C2ORF42,1,1
TRIM4,CBY1,1,1
TRIM4,CDK1,1,1
TRIM4,CRLS1,1,1
TRIM4,DEPDC1B,1,1
TRIM4,EIF2B1,1,1
TRIM4,EPS8L1,1,1
TRIM4,FAM189A2,1,1
TRIM4,ITGB3BP,1,1
TRIM4,KANSL1L,1,1
TRIM4,KHDRBS1,1,1
TRIM4,KIF14,1,1
TRIM4,KLF15,1,1
TRIM4,L2HGDH,1,1
TRIM4,MEGF8,1,1
TRIM4,MLKL,1,1
TRIM4,MTFR1L,1,1
TRIM4,NMI,1,1
TRIM4,PGAM5,1,1
TRIM4,PRIM2,1,1
TRIM4,PRPS2,1,1
TRIM4,RNASEK,1,1
TRIM4,SMIM15,1,1
TRIM4,SOX10,1,1
TRIM4,SPIRE2,1,1
TRIM4,TCEB1,1,1
TRIM4,TDRP,1,1
TRIM4,TMEM126A,1,1
TRIM4,TMEM206,1,1
TRIM4,TMEM63B,1,1
TRIM4,TPRKB,1,1
TRIM4,TRIB2,1,1
TRIM4,TTC28,1,1
TRIM4,UBE2C,1,1
TRIM4,UBE2V2,1,1
TRIM4,UCHL5,1,1
TRIM4,VBP1,1,1
TRIM4,WBP2,1,1
TRIM4,WDR13,1,1
TRIM4,ZC3H8,1,1
TRIM4,ZNF695,1,1
TRIM4,ZNF787,1,1
TRIM4,ZWILCH,1,1
NR2F1,C14ORF166,1,1
NR2F1,CNKSR2,1,1
NR2F1,CRIM1,1,1
NR2F1,EIF2AK4,1,1
NR2F1,MNAT1,1,1
NR2F1,PTPRB,1,1
NR2F1,RIN2,1,1
NR2F1,XK,1,1
NR2F1,ZKSCAN5,1,1
KLHDC10,ATP7A,1,1
KLHDC10,CPT1A,1,1
KLHDC10,DHODH,1,1
KLHDC10,DHRS7B,1,1
KLHDC10,EIF3M,1,1
KLHDC10,HS1BP3,1,1
KLHDC10,KIAA0319L,1,1
KLHDC10,TDRD7,1,1
KLHDC10,TMEM126A,1,1
FAM69A,AASS,1,1
FAM69A,ABCA5,1,1
FAM69A,BTN3A2,1,1
FAM69A,C16ORF91,1,1
FAM69A,CD63,1,1
FAM69A,CIAO1,1,1
FAM69A,CLPTM1L,1,1
FAM69A,EIF2AK4,1,1
FAM69A,EIF2S3,1,1
FAM69A,EIF3G,1,1
FAM69A,ELK3,1,1
FAM69A,EMG1,1,1
FAM69A,FAM69B,1,1
FAM69A,FAM76A,1,1
FAM69A,FARSA,1,1
FAM69A,FCHSD2,1,1
FAM69A,FEZ2,1,1
FAM69A,FKBP3,1,1
FAM69A,GSTK1,1,1
FAM69A,HMGCL,1,1
FAM69A,HN1,1,1
FAM69A,HPS3,1,1
FAM69A,IGF2BP1,1,1
FAM69A,KIAA0319L,1,1
FAM69A,KIF3A,1,1
FAM69A,KLHL22,1,1
FAM69A,LAMB3,1,1
FAM69A,LAPTM4A,1,1
FAM69A,LARGE1,1,1
FAM69A,LGALS3,1,1
FAM69A,MAK16,1,1
FAM69A,MAN2A2,1,1
FAM69A,METTL9,1,1
FAM69A,MICALL1,1,1
FAM69A,MNAT1,1,1
FAM69A,MRPL21,1,1
FAM69A,NCR3LG1,1,1
FAM69A,NFE2L3,1,1
FAM69A,PIK3CB,1,1
FAM69A,PIP5K1A,1,1
FAM69A,PLAUR,1,1
FAM69A,POLB,1,1
FAM69A,PPCS,1,1
FAM69A,PSMA6,1,1
FAM69A,PSMB5,1,1
FAM69A,RIN1,1,1
FAM69A,RNF130,1,1
FAM69A,RTP4,1,1
FAM69A,SAMD1,1,1
FAM69A,SDCBP,1,1
FAM69A,SEPT9,1,1
FAM69A,SMN1,1,1
FAM69A,TANGO2,1,1
FAM69A,TET3,1,1
FAM69A,TROVE2,1,1
FAM69A,TTC39C,1,1
FAM69A,ZNF678,1,1
TFPT,ADPRH,1,1
TFPT,ASPHD2,1,1
TFPT,HFE,1,1
TFPT,IGSF3,1,1
TFPT,MDGA2,1,1
TFPT,NTHL1,1,1
COX20,AC009237.8,1,1
COX20,ACD,1,1
COX20,ACOX1,1,1
COX20,ACTN1,1,1
COX20,AHI1,1,1
COX20,ANKRD33B,1,1
COX20,ANXA1,1,1
COX20,ANXA3,1,1
COX20,ARF4,1,1
COX20,ARF5,1,1
COX20,ATP6AP1,1,1
COX20,BCL2A1,1,1
COX20,BMI1,1,1
COX20,BTF3L4,1,1
COX20,C1ORF21,1,1
COX20,CALM2,1,1
COX20,CDC73,1,1
COX20,CDH2,1,1
COX20,CDK4,1,1
COX20,CKLF,1,1
COX20,CNOT11,1,1
COX20,CPT1A,1,1
COX20,CSNK2A1,1,1
COX20,CSNK2B,1,1
COX20,DDX18,1,1
COX20,DDX39B,1,1
COX20,DPM1,1,1
COX20,DUSP10,1,1
COX20,DUXAP9,1,1
COX20,EIF6,1,1
COX20,EP400,1,1
COX20,EXT1,1,1
COX20,FAM60A,1,1
COX20,FBXL6,1,1
COX20,FOSL1,1,1
COX20,FSD1,1,1
COX20,GADD45A,1,1
COX20,GART,1,1
COX20,GLO1,1,1
COX20,GOLPH3L,1,1
COX20,GPAT3,1,1
COX20,GPBP1L1,1,1
COX20,GRASP,1,1
COX20,GRHPR,1,1
COX20,GRPEL2,1,1
COX20,HARS,1,1
COX20,HEXIM2,1,1
COX20,HTR7,1,1
COX20,IGSF3,1,1
COX20,IQCJ-SCHIP1,1,1
COX20,KIAA1429,1,1
COX20,KMT5A,1,1
COX20,LARS,1,1
COX20,LINC01296,1,1
COX20,LMBRD1,1,1
COX20,MDGA2,1,1
COX20,MIA3,1,1
COX20,MIER1,1,1
COX20,MIPEP,1,1
COX20,MMP24-AS1,1,1
COX20,MOCS3,1,1
COX20,MRPS14,1,1
COX20,MYOF,1,1
COX20,MYSM1,1,1
COX20,NAA15,1,1
COX20,NAGLU,1,1
COX20,NANP,1,1
COX20,NCALD,1,1
COX20,NDFIP2,1,1
COX20,NDUFA1,1,1
COX20,NENF,1,1
COX20,NOSIP,1,1
COX20,NPM3,1,1
COX20,NTHL1,1,1
COX20,NUDCD1,1,1
COX20,NUP58,1,1
COX20,NXT1,1,1
COX20,OSBPL11,1,1
COX20,P2RX4,1,1
COX20,PAFAH2,1,1
COX20,PDE12,1,1
COX20,PDF,1,1
COX20,PDSS1,1,1
COX20,PER2,1,1
COX20,PFDN2,1,1
COX20,PFN1,1,1
COX20,PHIP,1,1
COX20,PLP1,1,1
COX20,PLS1,1,1
COX20,POLR2D,1,1
COX20,POU4F1,1,1
COX20,PPM1G,1,1
COX20,PPP2CA,1,1
COX20,PRKCDBP,1,1
COX20,PRMT1,1,1
COX20,PSMC4,1,1
COX20,PTPRJ,1,1
COX20,PUS7L,1,1
COX20,RARS,1,1
COX20,RNASEK,1,1
COX20,RNF113A,1,1
COX20,RNF114,1,1
COX20,RP11-529K1.3,1,1
COX20,RPL6,1,1
COX20,RPS21,1,1
COX20,RRAS2,1,1
COX20,RRP12,1,1
COX20,SCHIP1,1,1
COX20,SCPEP1,1,1
COX20,SEPHS2,1,1
COX20,SERBP1,1,1
COX20,SH2D5,1,1
COX20,SLC11A2,1,1
COX20,SLC25A43,1,1
COX20,SLC25A51,1,1
COX20,SLC35E1,1,1
COX20,SMARCD1,1,1
COX20,SMIM13,1,1
COX20,SNAPC3,1,1
COX20,SNRNP200,1,1
COX20,SNRPD2,1,1
COX20,SNRPE,1,1
COX20,SPOCK1,1,1
COX20,SPOPL,1,1
COX20,SRP19,1,1
COX20,SRP72,1,1
COX20,ST3GAL6,1,1
COX20,TAF9,1,1
COX20,TARS,1,1
COX20,TATDN1,1,1
COX20,TENM3,1,1
COX20,TMEM123,1,1
COX20,TMEM14B,1,1
COX20,TMX2,1,1
COX20,TPRKB,1,1
COX20,TRAPPC3,1,1
COX20,TRUB1,1,1
COX20,TSSC4,1,1
COX20,TTC28,1,1
COX20,UBE2J2,1,1
COX20,UBE2V1,1,1
COX20,UCHL5,1,1
COX20,UGT8,1,1
COX20,UHMK1,1,1
COX20,USP28,1,1
COX20,WDR46,1,1
COX20,WWC1,1,1
COX20,ZNF143,1,1
COX20,ZNF281,1,1
COX20,ZNF473,1,1
COX20,ZNF655,1,1
COX20,ZRANB2,1,1
AC104532.2,AIM2,1,1
AC104532.2,CD74,1,1
AC104532.2,CDKN2A,1,1
AC104532.2,GNG4,1,1
AC104532.2,HLA-DRA,1,1
AC104532.2,LARS,1,1
AC104532.2,MYEOV,1,1
AC104532.2,MYOF,1,1
AC104532.2,TMEM41B,1,1
AC104532.2,TMSB4X,1,1
AC104532.2,TMX3,1,1
AC104532.2,ZNF365,1,1
ACAA2,ACSS1,1,1
ACAA2,ACTN1,1,1
ACAA2,ALPK1,1,1
ACAA2,ARF5,1,1
ACAA2,ATP6AP1,1,1
ACAA2,BVES,1,1
ACAA2,CBFB,1,1
ACAA2,CBR4,1,1
ACAA2,CCDC112,1,1
ACAA2,CCDC53,1,1
ACAA2,CD99,1,1
ACAA2,CDK19,1,1
ACAA2,CHRNA5,1,1
ACAA2,CLINT1,1,1
ACAA2,CMPK1,1,1
ACAA2,DPF1,1,1
ACAA2,EIF2B1,1,1
ACAA2,ELAVL1,1,1
ACAA2,ELOVL1,1,1
ACAA2,EXOSC3,1,1
ACAA2,FAM189A2,1,1
ACAA2,FAM98B,1,1
ACAA2,FBXL4,1,1
ACAA2,GHDC,1,1
ACAA2,GLB1,1,1
ACAA2,GLMP,1,1
ACAA2,GTF2H3,1,1
ACAA2,IMPA2,1,1
ACAA2,IPO4,1,1
ACAA2,IRAK1,1,1
ACAA2,KANSL1L,1,1
ACAA2,KLF15,1,1
ACAA2,LURAP1,1,1
ACAA2,MANBA,1,1
ACAA2,MRPL47,1,1
ACAA2,MRPL54,1,1
ACAA2,NABP2,1,1
ACAA2,PDCD2L,1,1
ACAA2,PGAM5,1,1
ACAA2,PLEKHH1,1,1
ACAA2,POLR1B,1,1
ACAA2,POLR2H,1,1
ACAA2,POLR3E,1,1
ACAA2,PRMT1,1,1
ACAA2,PSMC5,1,1
ACAA2,PSMD4,1,1
ACAA2,PSME4,1,1
ACAA2,RAD23B,1,1
ACAA2,SCHIP1,1,1
ACAA2,SCPEP1,1,1
ACAA2,SDCBP,1,1
ACAA2,SMAGP,1,1
ACAA2,SMIM15,1,1
ACAA2,TANGO2,1,1
ACAA2,TCEB1,1,1
ACAA2,TDRP,1,1
ACAA2,TMEM69,1,1
ACAA2,TRAF5,1,1
ACAA2,TTC39C,1,1
ACAA2,TUBB3,1,1
ACAA2,VAMP4,1,1
ACAA2,VAT1,1,1
ACAA2,VBP1,1,1
ACAA2,VMA21,1,1
ACAA2,WBP2,1,1
ACAA2,ZC3H8,1,1
ACAA2,ZNF783,1,1
ACAA2,ZNF787,1,1
ATRAID,COA3,1,1
ATRAID,DCAF6,1,1
ATRAID,FAM3A,1,1
ATRAID,GSN,1,1
ATRAID,IQSEC2,1,1
ATRAID,MR1,1,1
ATRAID,MRPL1,1,1
ATRAID,PLA2G4A,1,1
ATRAID,VSIG10L,1,1
MDGA2,BCL2A1,1,1
MDGA2,GRB2,1,1
MDGA2,IGSF3,1,1
MDGA2,LPGAT1,1,1
MDGA2,MIA3,1,1
MDGA2,MIPEP,1,1
MDGA2,NDUFA1,1,1
MDGA2,NTHL1,1,1
MDGA2,PLEKHA8,1,1
MDGA2,PTPRJ,1,1
MDGA2,RNF113A,1,1
MDGA2,SEPHS2,1,1
MDGA2,SIRT7,1,1
MDGA2,SPIRE1,1,1
MDGA2,TOB1,1,1
MDGA2,TRIM38,1,1
MDGA2,USP28,1,1
MDGA2,VEPH1,1,1
C2ORF42,AGGF1,1,1
C2ORF42,C1ORF216,1,1
C2ORF42,CBY1,1,1
C2ORF42,DUSP12,1,1
C2ORF42,EIF2S3,1,1
C2ORF42,EIF5,1,1
C2ORF42,FAM98B,1,1
C2ORF42,FBXL4,1,1
C2ORF42,GHDC,1,1
C2ORF42,GMFB,1,1
C2ORF42,GTF2H3,1,1
C2ORF42,KLF15,1,1
C2ORF42,LURAP1,1,1
C2ORF42,MEGF8,1,1
C2ORF42,RLIM,1,1
C2ORF42,TCEB1,1,1
C2ORF42,TMEM69,1,1
C2ORF42,VRK3,1,1
ZGRF1,HMGB2,1,1
ZGRF1,POLR2K,1,1
ZNF511,ABT1,1,1
ZNF511,ANXA3,1,1
ZNF511,ATG12,1,1
ZNF511,C14ORF142,1,1
ZNF511,C4ORF46,1,1
ZNF511,CCNJL,1,1
ZNF511,CHUK,1,1
ZNF511,COA3,1,1
ZNF511,CRNKL1,1,1
ZNF511,DCAF6,1,1
ZNF511,DHX16,1,1
ZNF511,DNAJC9,1,1
ZNF511,DR1,1,1
ZNF511,ECD,1,1
ZNF511,EEF1B2,1,1
ZNF511,ERCC3,1,1
ZNF511,ERLIN1,1,1
ZNF511,EXOSC8,1,1
ZNF511,FAM3A,1,1
ZNF511,GSK3A,1,1
ZNF511,H2AFY,1,1
ZNF511,HAUS2,1,1
ZNF511,HMGN1,1,1
ZNF511,IQSEC2,1,1
ZNF511,KHK,1,1
ZNF511,LCOR,1,1
ZNF511,MED29,1,1
ZNF511,MIS12,1,1
ZNF511,MKRN1,1,1
ZNF511,MRPL1,1,1
ZNF511,MRPS16,1,1
ZNF511,MRPS26,1,1
ZNF511,NAF1,1,1
ZNF511,NHSL1,1,1
ZNF511,NR2F2,1,1
ZNF511,NSMCE4A,1,1
ZNF511,PANK3,1,1
ZNF511,PLA2G4A,1,1
ZNF511,PLAGL2,1,1
ZNF511,PPA1,1,1
ZNF511,PRDX1,1,1
ZNF511,RABGGTB,1,1
ZNF511,RBBP9,1,1
ZNF511,RBM22,1,1
ZNF511,RBMXL1,1,1
ZNF511,RNF219,1,1
ZNF511,RPF1,1,1
ZNF511,SEC23IP,1,1
ZNF511,SLC35E1,1,1
ZNF511,SNRPD1,1,1
ZNF511,SUGT1,1,1
ZNF511,TFDP1,1,1
ZNF511,TIFA,1,1
ZNF511,TIMM23,1,1
ZNF511,TRMT13,1,1
ZNF511,TRPM2,1,1
ZNF511,TYW3,1,1
ZNF511,UBQLN1,1,1
ZNF511,ZBTB9,1,1
ZNF511,ZNF232,1,1
ZNF511,ZNF544,1,1
ZNF511,ZNF696,1,1
DNASE2,ABCE1,1,1
DNASE2,ACOX1,1,1
DNASE2,ACTN1,1,1
DNASE2,AHI1,1,1
DNASE2,ALKBH7,1,1
DNASE2,ALPK1,1,1
DNASE2,ARF5,1,1
DNASE2,BRIX1,1,1
DNASE2,BZW1,1,1
DNASE2,CBFB,1,1
DNASE2,CCT5,1,1
DNASE2,CHTOP,1,1
DNASE2,COA7,1,1
DNASE2,CPSF6,1,1
DNASE2,CSTF2,1,1
DNASE2,CYP27A1,1,1
DNASE2,DDX18,1,1
DNASE2,DIAPH1,1,1
DNASE2,EIF3J,1,1
DNASE2,ELAVL1,1,1
DNASE2,ELOVL1,1,1
DNASE2,ERVK3-1,1,1
DNASE2,GEMIN7,1,1
DNASE2,GLRX2,1,1
DNASE2,GNPNAT1,1,1
DNASE2,GPATCH4,1,1
DNASE2,GRWD1,1,1
DNASE2,GTF3C4,1,1
DNASE2,HCFC1,1,1
DNASE2,HNRNPU,1,1
DNASE2,IPPK,1,1
DNASE2,LBR,1,1
DNASE2,LLPH,1,1
DNASE2,LMNB2,1,1
DNASE2,MAP4K5,1,1
DNASE2,NAA15,1,1
DNASE2,NAA35,1,1
DNASE2,NAGLU,1,1
DNASE2,NIFK,1,1
DNASE2,NOLC1,1,1
DNASE2,NOP16,1,1
DNASE2,P2RX4,1,1
DNASE2,PAFAH2,1,1
DNASE2,PAK1IP1,1,1
DNASE2,PCGF6,1,1
DNASE2,PDE12,1,1
DNASE2,PLP1,1,1
DNASE2,PPM1G,1,1
DNASE2,PPP2CA,1,1
DNASE2,PRMT1,1,1
DNASE2,PSMC1,1,1
DNASE2,PTS,1,1
DNASE2,RELT,1,1
DNASE2,RNASEK,1,1
DNASE2,RNF126,1,1
DNASE2,RPP40,1,1
DNASE2,RRP12,1,1
DNASE2,RRP36,1,1
DNASE2,RRS1,1,1
DNASE2,SACS,1,1
DNASE2,SCPEP1,1,1
DNASE2,SLC17A5,1,1
DNASE2,SMAGP,1,1
DNASE2,SMARCD1,1,1
DNASE2,SMIM15,1,1
DNASE2,SOX10,1,1
DNASE2,SREK1IP1,1,1
DNASE2,SRP19,1,1
DNASE2,SRSF1,1,1
DNASE2,SRSF3,1,1
DNASE2,SYNCRIP,1,1
DNASE2,TAF9,1,1
DNASE2,TFB2M,1,1
DNASE2,TMCO1,1,1
DNASE2,TMEM234,1,1
DNASE2,TMX2,1,1
DNASE2,TNFRSF12A,1,1
DNASE2,TPM3,1,1
DNASE2,TRMT61A,1,1
DNASE2,UTP23,1,1
DNASE2,VDAC2,1,1
DNASE2,WBP2,1,1
VDAC2,ABCE1,1,1
VDAC2,ACD,1,1
VDAC2,ACOX1,1,1
VDAC2,ACTN1,1,1
VDAC2,AHI1,1,1
VDAC2,ANP32E,1,1
VDAC2,ARF4,1,1
VDAC2,ARRDC4,1,1
VDAC2,ATP6AP1,1,1
VDAC2,BRIX1,1,1
VDAC2,CALM2,1,1
VDAC2,CBR4,1,1
VDAC2,CCT5,1,1
VDAC2,CCT8,1,1
VDAC2,CDC123,1,1
VDAC2,CDC20P1,1,1
VDAC2,CDH2,1,1
VDAC2,CDK7,1,1
VDAC2,CFL2,1,1
VDAC2,CISD1,1,1
VDAC2,CMPK1,1,1
VDAC2,CNOT3,1,1
VDAC2,CSNK2B,1,1
VDAC2,CSTF2,1,1
VDAC2,CTU1,1,1
VDAC2,DAZAP1,1,1
VDAC2,DDX18,1,1
VDAC2,DDX21,1,1
VDAC2,DHRS7B,1,1
VDAC2,DHX35,1,1
VDAC2,DNA2,1,1
VDAC2,DPF1,1,1
VDAC2,DPH2,1,1
VDAC2,DPY19L2P1,1,1
VDAC2,DUSP12,1,1
VDAC2,EBNA1BP2,1,1
VDAC2,EID2,1,1
VDAC2,EIF2S1,1,1
VDAC2,EIF3M,1,1
VDAC2,EIF6,1,1
VDAC2,ELAVL1,1,1
VDAC2,ERI1,1,1
VDAC2,ERVK3-1,1,1
VDAC2,EXOSC2,1,1
VDAC2,EXOSC3,1,1
VDAC2,EXT1,1,1
VDAC2,FAM60A,1,1
VDAC2,FBXL6,1,1
VDAC2,FBXO45,1,1
VDAC2,FOSL1,1,1
VDAC2,FTSJ1,1,1
VDAC2,FTSJ3,1,1
VDAC2,GABRA5,1,1
VDAC2,GART,1,1
VDAC2,GCH1,1,1
VDAC2,GEMIN7,1,1
VDAC2,GHDC,1,1
VDAC2,GINS3,1,1
VDAC2,GLRX2,1,1
VDAC2,GNPNAT1,1,1
VDAC2,HARS,1,1
VDAC2,HDAC3,1,1
VDAC2,HN1,1,1
VDAC2,HNRNPA1,1,1
VDAC2,HNRNPU,1,1
VDAC2,ILF2,1,1
VDAC2,IQCJ-SCHIP1,1,1
VDAC2,ITGB3BP,1,1
VDAC2,KARS,1,1
VDAC2,KIAA0101,1,1
VDAC2,KIAA0319L,1,1
VDAC2,KIAA1429,1,1
VDAC2,KIF15,1,1
VDAC2,KMT5A,1,1
VDAC2,KRT18,1,1
VDAC2,LAPTM4A,1,1
VDAC2,LARP4,1,1
VDAC2,LBR,1,1
VDAC2,LINC01296,1,1
VDAC2,LLPH,1,1
VDAC2,LMBRD1,1,1
VDAC2,LMNB1,1,1
VDAC2,LMNB2,1,1
VDAC2,LRR1,1,1
VDAC2,MAGOH,1,1
VDAC2,MCM10,1,1
VDAC2,MCM2,1,1
VDAC2,MCRS1,1,1
VDAC2,MEGF8,1,1
VDAC2,MIS18A,1,1
VDAC2,MMP24-AS1,1,1
VDAC2,MRPL39,1,1
VDAC2,MRPL47,1,1
VDAC2,MRPL54,1,1
VDAC2,MYBL2,1,1
VDAC2,MYNN,1,1
VDAC2,NAA15,1,1
VDAC2,NAA35,1,1
VDAC2,NAE1,1,1
VDAC2,NCR3LG1,1,1
VDAC2,NIFK,1,1
VDAC2,NOLC1,1,1
VDAC2,NOP16,1,1
VDAC2,NPM3,1,1
VDAC2,NRF1,1,1
VDAC2,NUP107,1,1
VDAC2,P2RX4,1,1
VDAC2,PAK1IP1,1,1
VDAC2,PCGF6,1,1
VDAC2,PDE12,1,1
VDAC2,PDSS1,1,1
VDAC2,PER2,1,1
VDAC2,PFDN2,1,1
VDAC2,PGAM5,1,1
VDAC2,PLEKHH1,1,1
VDAC2,PMPCA,1,1
VDAC2,POLE3,1,1
VDAC2,POLR2C,1,1
VDAC2,POLR3E,1,1
VDAC2,PPIH,1,1
VDAC2,PPM1G,1,1
VDAC2,PPP2CA,1,1
VDAC2,PRIM2,1,1
VDAC2,PRMT1,1,1
VDAC2,PRPF38A,1,1
VDAC2,PRPF4,1,1
VDAC2,PSMA3,1,1
VDAC2,PSMA6,1,1
VDAC2,PSMC1,1,1
VDAC2,PSMC3,1,1
VDAC2,PSMC4,1,1
VDAC2,PSMC5,1,1
VDAC2,PSMC6,1,1
VDAC2,PSMD2,1,1
VDAC2,PTS,1,1
VDAC2,PUS7L,1,1
VDAC2,RARS,1,1
VDAC2,RFWD3,1,1
VDAC2,RNASEK,1,1
VDAC2,RNF126,1,1
VDAC2,RNF168,1,1
VDAC2,RP11-424C20.2,1,1
VDAC2,RPP40,1,1
VDAC2,RRP12,1,1
VDAC2,RRS1,1,1
VDAC2,RUVBL2,1,1
VDAC2,SACS,1,1
VDAC2,SAPCD2,1,1
VDAC2,SART3,1,1
VDAC2,SCPEP1,1,1
VDAC2,SERBP1,1,1
VDAC2,SF3B4,1,1
VDAC2,SH2D5,1,1
VDAC2,SIX1,1,1
VDAC2,SKP2,1,1
VDAC2,SLC10A3,1,1
VDAC2,SMIM13,1,1
VDAC2,SMNDC1,1,1
VDAC2,SMS,1,1
VDAC2,SNRPE,1,1
VDAC2,SPIN4,1,1
VDAC2,SRP19,1,1
VDAC2,SRP72,1,1
VDAC2,SRPK1,1,1
VDAC2,SSRP1,1,1
VDAC2,STIP1,1,1
VDAC2,SYNCRIP,1,1
VDAC2,TAF9,1,1
VDAC2,TATDN1,1,1
VDAC2,TCERG1,1,1
VDAC2,TERF1,1,1
VDAC2,TFB2M,1,1
VDAC2,TIMM10,1,1
VDAC2,TIMM17A,1,1
VDAC2,TIMM8A,1,1
VDAC2,TJP2,1,1
VDAC2,TMEM126A,1,1
VDAC2,TMEM14B,1,1
VDAC2,TMX2,1,1
VDAC2,TOMM34,1,1
VDAC2,TOP3A,1,1
VDAC2,TPM3,1,1
VDAC2,TPRKB,1,1
VDAC2,TRIP13,1,1
VDAC2,TTF1,1,1
VDAC2,TUBB3,1,1
VDAC2,TUBB4B,1,1
VDAC2,TUFM,1,1
VDAC2,UBE2C,1,1
VDAC2,UBE2T,1,1
VDAC2,UCHL5,1,1
VDAC2,UGT8,1,1
VDAC2,UHRF1,1,1
VDAC2,UHRF1BP1L,1,1
VDAC2,USP1,1,1
VDAC2,UTP23,1,1
VDAC2,VMA21,1,1
VDAC2,WDR74,1,1
VDAC2,WWC1,1,1
VDAC2,YARS2,1,1
VDAC2,ZIC2,1,1
VDAC2,ZNF473,1,1
VDAC2,ZNF598,1,1
VDAC2,ZNF670,1,1
VDAC2,ZNF695,1,1
VDAC2,ZNF787,1,1
VDAC2,ZW10,1,1
VDAC2,ZWILCH,1,1
NOP16,ABCE1,1,1
NOP16,ACOX1,1,1
NOP16,AHI1,1,1
NOP16,BCCIP,1,1
NOP16,CALM2,1,1
NOP16,CAPN15,1,1
NOP16,CD3EAP,1,1
NOP16,CDC123,1,1
NOP16,CDK4,1,1
NOP16,CHTOP,1,1
NOP16,COQ5,1,1
NOP16,CSTF2,1,1
NOP16,DDX18,1,1
NOP16,DDX31,1,1
NOP16,DDX39B,1,1
NOP16,DNA2,1,1
NOP16,DPH2,1,1
NOP16,EBNA1BP2,1,1
NOP16,EIF6,1,1
NOP16,ERVK3-1,1,1
NOP16,EXT1,1,1
NOP16,FBXO45,1,1
NOP16,FOSL1,1,1
NOP16,FUBP1,1,1
NOP16,GEMIN7,1,1
NOP16,GLRX2,1,1
NOP16,GLRX3,1,1
NOP16,GNPNAT1,1,1
NOP16,GRWD1,1,1
NOP16,GTF3C4,1,1
NOP16,HARS,1,1
NOP16,HERPUD2,1,1
NOP16,HNRNPU,1,1
NOP16,HRAS,1,1
NOP16,IQCJ-SCHIP1,1,1
NOP16,KMT5A,1,1
NOP16,LARP4,1,1
NOP16,LMNB1,1,1
NOP16,LMNB2,1,1
NOP16,MAGOH,1,1
NOP16,MCM10,1,1
NOP16,MCRS1,1,1
NOP16,MYBL2,1,1
NOP16,NAA15,1,1
NOP16,NAA20,1,1
NOP16,NIFK,1,1
NOP16,NOLC1,1,1
NOP16,NONO,1,1
NOP16,NPM3,1,1
NOP16,NUDCD1,1,1
NOP16,NUP107,1,1
NOP16,NUP188,1,1
NOP16,NUP58,1,1
NOP16,PAFAH2,1,1
NOP16,PAK1IP1,1,1
NOP16,PDE12,1,1
NOP16,PDF,1,1
NOP16,PDRG1,1,1
NOP16,PDSS1,1,1
NOP16,PER2,1,1
NOP16,POLE3,1,1
NOP16,POLR2C,1,1
NOP16,POLR2D,1,1
NOP16,PPIH,1,1
NOP16,PPM1G,1,1
NOP16,PPP2CA,1,1
NOP16,PPRC1,1,1
NOP16,PRMT1,1,1
NOP16,PRPF4,1,1
NOP16,PSMC3,1,1
NOP16,PSMD2,1,1
NOP16,PSMD5,1,1
NOP16,PTS,1,1
NOP16,RAB35,1,1
NOP16,RARS,1,1
NOP16,RNF126,1,1
NOP16,RRP12,1,1
NOP16,RRP1B,1,1
NOP16,RRP36,1,1
NOP16,RRS1,1,1
NOP16,SAPCD2,1,1
NOP16,SART3,1,1
NOP16,SERBP1,1,1
NOP16,SH2D5,1,1
NOP16,SMIM13,1,1
NOP16,SMNDC1,1,1
NOP16,SPOCK1,1,1
NOP16,SRP72,1,1
NOP16,SRPK1,1,1
NOP16,SRSF1,1,1
NOP16,SRSF3,1,1
NOP16,SYNCRIP,1,1
NOP16,TAF9,1,1
NOP16,TCERG1,1,1
NOP16,TFAM,1,1
NOP16,TFB2M,1,1
NOP16,TMEM14B,1,1
NOP16,TMX2,1,1
NOP16,TOP3A,1,1
NOP16,TPM3,1,1
NOP16,TRIP13,1,1
NOP16,TRMT61A,1,1
NOP16,TSFM,1,1
NOP16,TUBB4B,1,1
NOP16,UBE2V1,1,1
NOP16,UHRF1,1,1
NOP16,UHRF1BP1L,1,1
NOP16,URB1,1,1
NOP16,USP1,1,1
NOP16,UTP23,1,1
NOP16,WWC1,1,1
NOP16,YARS2,1,1
NOP16,ZNF473,1,1
NOP16,ZNF598,1,1
NOP16,ZW10,1,1
EXOSC3,ACTN1,1,1
EXOSC3,ALPK1,1,1
EXOSC3,ARF4,1,1
EXOSC3,ATP6AP1,1,1
EXOSC3,BRIX1,1,1
EXOSC3,C14ORF80,1,1
EXOSC3,CBFB,1,1
EXOSC3,CBR4,1,1
EXOSC3,CCDC112,1,1
EXOSC3,CCDC53,1,1
EXOSC3,CCT2,1,1
EXOSC3,CCT5,1,1
EXOSC3,CCT8,1,1
EXOSC3,CDH2,1,1
EXOSC3,CDK19,1,1
EXOSC3,CDK7,1,1
EXOSC3,CNOT3,1,1
EXOSC3,CPSF6,1,1
EXOSC3,CPT1A,1,1
EXOSC3,CSTF2,1,1
EXOSC3,CTU1,1,1
EXOSC3,DAZAP1,1,1
EXOSC3,DDX18,1,1
EXOSC3,DHX35,1,1
EXOSC3,DPF1,1,1
EXOSC3,DUSP12,1,1
EXOSC3,EBNA1BP2,1,1
EXOSC3,EIF2B1,1,1
EXOSC3,EIF6,1,1
EXOSC3,ELAVL1,1,1
EXOSC3,ERVK3-1,1,1
EXOSC3,EXOSC2,1,1
EXOSC3,FAM136A,1,1
EXOSC3,FAM189A2,1,1
EXOSC3,FARSA,1,1
EXOSC3,FBXL4,1,1
EXOSC3,FBXL6,1,1
EXOSC3,FTSJ1,1,1
EXOSC3,GABRA5,1,1
EXOSC3,GCH1,1,1
EXOSC3,GHDC,1,1
EXOSC3,GLRX2,1,1
EXOSC3,GTF2H3,1,1
EXOSC3,HNRNPU,1,1
EXOSC3,IGF2BP1,1,1
EXOSC3,ILF2,1,1
EXOSC3,IPO4,1,1
EXOSC3,IQCJ-SCHIP1,1,1
EXOSC3,IRAK1,1,1
EXOSC3,ITGB3BP,1,1
EXOSC3,KANSL1L,1,1
EXOSC3,KIAA0319L,1,1
EXOSC3,KLHL8,1,1
EXOSC3,KRT18,1,1
EXOSC3,LAPTM4A,1,1
EXOSC3,LARP4,1,1
EXOSC3,LBR,1,1
EXOSC3,LINC01296,1,1
EXOSC3,LMNB1,1,1
EXOSC3,LMNB2,1,1
EXOSC3,LURAP1,1,1
EXOSC3,MAK16,1,1
EXOSC3,MCRS1,1,1
EXOSC3,MEGF8,1,1
EXOSC3,MLKL,1,1
EXOSC3,MRPL47,1,1
EXOSC3,MRPL54,1,1
EXOSC3,MTFR1L,1,1
EXOSC3,MYBL2,1,1
EXOSC3,NAA15,1,1
EXOSC3,NAA35,1,1
EXOSC3,NABP2,1,1
EXOSC3,NAE1,1,1
EXOSC3,NCBP1,1,1
EXOSC3,NCR3LG1,1,1
EXOSC3,NRGN,1,1
EXOSC3,P2RX4,1,1
EXOSC3,PAK1IP1,1,1
EXOSC3,PCGF6,1,1
EXOSC3,PDCD2L,1,1
EXOSC3,PDE12,1,1
EXOSC3,PGAM5,1,1
EXOSC3,PLEKHH1,1,1
EXOSC3,POLR1B,1,1
EXOSC3,POLR3E,1,1
EXOSC3,PPM1G,1,1
EXOSC3,PPP2CA,1,1
EXOSC3,PRMT1,1,1
EXOSC3,PRPF4,1,1
EXOSC3,PSMA3,1,1
EXOSC3,PSMA6,1,1
EXOSC3,PSMC1,1,1
EXOSC3,PSMC3,1,1
EXOSC3,PSMC4,1,1
EXOSC3,PSMC5,1,1
EXOSC3,PSMD4,1,1
EXOSC3,RELT,1,1
EXOSC3,RFWD3,1,1
EXOSC3,RNASEK,1,1
EXOSC3,RNF126,1,1
EXOSC3,RPP40,1,1
EXOSC3,RRP12,1,1
EXOSC3,RUVBL2,1,1
EXOSC3,SART3,1,1
EXOSC3,SERBP1,1,1
EXOSC3,SGTA,1,1
EXOSC3,SH2D5,1,1
EXOSC3,SIX1,1,1
EXOSC3,SIX4,1,1
EXOSC3,SLC10A3,1,1
EXOSC3,SLC39A1,1,1
EXOSC3,SMAGP,1,1
EXOSC3,SMIM15,1,1
EXOSC3,SPIN4,1,1
EXOSC3,SRP19,1,1
EXOSC3,SYNCRIP,1,1
EXOSC3,TAF9,1,1
EXOSC3,TCEB1,1,1
EXOSC3,TERF1,1,1
EXOSC3,TFB2M,1,1
EXOSC3,TIMM17A,1,1
EXOSC3,TIMM8A,1,1
EXOSC3,TJP2,1,1
EXOSC3,TMEM126A,1,1
EXOSC3,TMEM69,1,1
EXOSC3,TOMM34,1,1
EXOSC3,TOP3A,1,1
EXOSC3,TPM3,1,1
EXOSC3,TRIP13,1,1
EXOSC3,TUBB3,1,1
EXOSC3,UBE2C,1,1
EXOSC3,UCK2,1,1
EXOSC3,UGT8,1,1
EXOSC3,UTP23,1,1
EXOSC3,VAT1,1,1
EXOSC3,VMA21,1,1
EXOSC3,WBP2,1,1
EXOSC3,WWC1,1,1
EXOSC3,ZC3H8,1,1
EXOSC3,ZIC2,1,1
EXOSC3,ZNF146,1,1
EXOSC3,ZNF598,1,1
EXOSC3,ZNF695,1,1
RHOT2,COQ7,1,1
RHOT2,LHFPL2,1,1
RHOT2,PLEKHA8,1,1
RHOT2,TCTA,1,1
RHOT2,ZNF436,1,1
ALPK1,ABCE1,1,1
ALPK1,AC009237.8,1,1
ALPK1,ACOX1,1,1
ALPK1,ACTN1,1,1
ALPK1,ARF4,1,1
ALPK1,ARF5,1,1
ALPK1,BZW1,1,1
ALPK1,CBFB,1,1
ALPK1,CCDC138,1,1
ALPK1,CCDC53,1,1
ALPK1,CCT2,1,1
ALPK1,CDK19,1,1
ALPK1,CRLS1,1,1
ALPK1,CYB5D2,1,1
ALPK1,DCAF13,1,1
ALPK1,DDX18,1,1
ALPK1,DIAPH1,1,1
ALPK1,EBNA1BP2,1,1
ALPK1,EIF2B1,1,1
ALPK1,ELOVL1,1,1
ALPK1,FAM189A2,1,1
ALPK1,GLRX2,1,1
ALPK1,GMEB2,1,1
ALPK1,GRPEL2,1,1
ALPK1,GRWD1,1,1
ALPK1,HOXB2,1,1
ALPK1,KANSL1L,1,1
ALPK1,KIF14,1,1
ALPK1,KLF15,1,1
ALPK1,LMBRD1,1,1
ALPK1,MEGF8,1,1
ALPK1,MLKL,1,1
ALPK1,MRPL47,1,1
ALPK1,MTFR1L,1,1
ALPK1,NAA15,1,1
ALPK1,NAGLU,1,1
ALPK1,NMI,1,1
ALPK1,NOLC1,1,1
ALPK1,NUP155,1,1
ALPK1,PAFAH2,1,1
ALPK1,PER2,1,1
ALPK1,PGAM5,1,1
ALPK1,PLP1,1,1
ALPK1,PPP2CA,1,1
ALPK1,PRIM2,1,1
ALPK1,PRMT1,1,1
ALPK1,PSMC5,1,1
ALPK1,RAD23B,1,1
ALPK1,RNASEK,1,1
ALPK1,RNF126,1,1
ALPK1,SART3,1,1
ALPK1,SCYL3,1,1
ALPK1,SKIV2L2,1,1
ALPK1,SMAGP,1,1
ALPK1,SMIM14,1,1
ALPK1,SMIM15,1,1
ALPK1,SNRNP200,1,1
ALPK1,SRP19,1,1
ALPK1,SYNCRIP,1,1
ALPK1,TAF9,1,1
ALPK1,TCEB1,1,1
ALPK1,TFB2M,1,1
ALPK1,TMEM126A,1,1
ALPK1,TMEM63B,1,1
ALPK1,TPM3,1,1
ALPK1,TPRKB,1,1
ALPK1,TTC28,1,1
ALPK1,TUBA1C,1,1
ALPK1,UBE2C,1,1
ALPK1,UBE2V1,1,1
ALPK1,UCHL5,1,1
ALPK1,VBP1,1,1
ALPK1,WBP2,1,1
ALPK1,WDR13,1,1
ALPK1,WDR36,1,1
ALPK1,WWC1,1,1
ALPK1,ZC3H8,1,1
ALPK1,ZNF787,1,1
LCOR,ABT1,1,1
LCOR,AC093616.4,1,1
LCOR,ALDH1A3,1,1
LCOR,ANXA3,1,1
LCOR,AP3S1,1,1
LCOR,ATG12,1,1
LCOR,ATG9A,1,1
LCOR,BNIP1,1,1
LCOR,C14ORF142,1,1
LCOR,C1ORF21,1,1
LCOR,C4ORF46,1,1
LCOR,CCDC109B,1,1
LCOR,CENPJ,1,1
LCOR,CEP120,1,1
LCOR,CEP250,1,1
LCOR,CHUK,1,1
LCOR,COA3,1,1
LCOR,CRNKL1,1,1
LCOR,CSNK2A1,1,1
LCOR,CTNNAL1,1,1
LCOR,DBI,1,1
LCOR,DCAF6,1,1
LCOR,DCLRE1A,1,1
LCOR,DEK,1,1
LCOR,DPM1,1,1
LCOR,DR1,1,1
LCOR,EEF1B2,1,1
LCOR,EIF4E,1,1
LCOR,ERCC3,1,1
LCOR,EXOSC8,1,1
LCOR,GRASP,1,1
LCOR,GRHPR,1,1
LCOR,H2AFY,1,1
LCOR,HAUS2,1,1
LCOR,HHEX,1,1
LCOR,HMGN1,1,1
LCOR,HNRNPA1P48,1,1
LCOR,KPNA3,1,1
LCOR,LRRC40,1,1
LCOR,MED10,1,1
LCOR,MED29,1,1
LCOR,METTL10,1,1
LCOR,MIER1,1,1
LCOR,MIS12,1,1
LCOR,MRPL1,1,1
LCOR,MRPL33,1,1
LCOR,MRPS10,1,1
LCOR,MRPS16,1,1
LCOR,MRPS26,1,1
LCOR,NHSL1,1,1
LCOR,NR2F2,1,1
LCOR,NSMCE4A,1,1
LCOR,NXT1,1,1
LCOR,PANK3,1,1
LCOR,PDLIM5,1,1
LCOR,PGGT1B,1,1
LCOR,PLAGL2,1,1
LCOR,PLEKHA4,1,1
LCOR,POLR2D,1,1
LCOR,POU4F1,1,1
LCOR,PPA1,1,1
LCOR,PRRG4,1,1
LCOR,RAB4A,1,1
LCOR,RABGGTB,1,1
LCOR,RBBP9,1,1
LCOR,RBM26,1,1
LCOR,RBMXL1,1,1
LCOR,RICTOR,1,1
LCOR,RPF1,1,1
LCOR,SEC23IP,1,1
LCOR,SF3B6,1,1
LCOR,SLC35E1,1,1
LCOR,SLC38A1,1,1
LCOR,SMN2,1,1
LCOR,SNRPD1,1,1
LCOR,SOCS4,1,1
LCOR,SPRYD7,1,1
LCOR,ST3GAL4,1,1
LCOR,SUGT1,1,1
LCOR,SUPV3L1,1,1
LCOR,TFAM,1,1
LCOR,TFDP1,1,1
LCOR,TIFA,1,1
LCOR,TIMM23,1,1
LCOR,TRIM44,1,1
LCOR,TRMT13,1,1
LCOR,TRPM2,1,1
LCOR,TSSC4,1,1
LCOR,TYW3,1,1
LCOR,UBA6,1,1
LCOR,UBLCP1,1,1
LCOR,UBQLN1,1,1
LCOR,WDR46,1,1
LCOR,ZNF195,1,1
LCOR,ZNF281,1,1
LCOR,ZNF283,1,1
LCOR,ZNF544,1,1
LCOR,ZNF696,1,1
CH507-9B2.5,BAZ1A,1,1
CH507-9B2.5,C12ORF29,1,1
CH507-9B2.5,CCT8,1,1
CH507-9B2.5,CDCA4,1,1
CH507-9B2.5,FAM136A,1,1
CH507-9B2.5,IREB2,1,1
CH507-9B2.5,KIAA1586,1,1
CH507-9B2.5,MAK16,1,1
CH507-9B2.5,MAN2A2,1,1
CH507-9B2.5,MAPK6,1,1
CH507-9B2.5,MRPL39,1,1
CH507-9B2.5,MRPL50,1,1
CH507-9B2.5,NEK7,1,1
CH507-9B2.5,PAPD5,1,1
CH507-9B2.5,PM20D2,1,1
CH507-9B2.5,PPP2R1B,1,1
CH507-9B2.5,PRPF40A,1,1
CH507-9B2.5,PSMC6,1,1
CH507-9B2.5,QSER1,1,1
CH507-9B2.5,RAB4B,1,1
CH507-9B2.5,SCO1,1,1
CH507-9B2.5,SPIN4,1,1
CH507-9B2.5,SUB1,1,1
CH507-9B2.5,TIMM10,1,1
CH507-9B2.5,ZNF146,1,1
CH507-9B2.5,ZNF215,1,1
NIFK,ABCE1,1,1
NIFK,ABCF1,1,1
NIFK,ACAD10,1,1
NIFK,BCCIP,1,1
NIFK,CALM2,1,1
NIFK,CCDC138,1,1
NIFK,CD3EAP,1,1
NIFK,CDC123,1,1
NIFK,CDK4,1,1
NIFK,CHTOP,1,1
NIFK,COQ5,1,1
NIFK,CSTF2,1,1
NIFK,DDX18,1,1
NIFK,DDX21,1,1
NIFK,DDX31,1,1
NIFK,DDX39B,1,1
NIFK,DEK,1,1
NIFK,DNA2,1,1
NIFK,DPH2,1,1
NIFK,EBNA1BP2,1,1
NIFK,ENY2,1,1
NIFK,ERVK3-1,1,1
NIFK,EXT1,1,1
NIFK,FBXO45,1,1
NIFK,FOSL1,1,1
NIFK,FUBP1,1,1
NIFK,GINS3,1,1
NIFK,GLRX2,1,1
NIFK,GLRX3,1,1
NIFK,GNPNAT1,1,1
NIFK,GRWD1,1,1
NIFK,GTF3C4,1,1
NIFK,HARS,1,1
NIFK,HAUS2,1,1
NIFK,HCFC1,1,1
NIFK,HERPUD2,1,1
NIFK,HNRNPD,1,1
NIFK,HNRNPU,1,1
NIFK,HRAS,1,1
NIFK,KHDRBS1,1,1
NIFK,KIAA0101,1,1
NIFK,KMT5A,1,1
NIFK,KPNA3,1,1
NIFK,KTI12,1,1
NIFK,LARP4,1,1
NIFK,LMNB1,1,1
NIFK,MAGOH,1,1
NIFK,MCM10,1,1
NIFK,MED10,1,1
NIFK,MMP24-AS1,1,1
NIFK,NAA15,1,1
NIFK,NAA20,1,1
NIFK,NOLC1,1,1
NIFK,NONO,1,1
NIFK,NUDCD1,1,1
NIFK,NUFIP1,1,1
NIFK,NUP107,1,1
NIFK,NUP188,1,1
NIFK,NUP58,1,1
NIFK,NXT1,1,1
NIFK,PAK1IP1,1,1
NIFK,PDE12,1,1
NIFK,PDRG1,1,1
NIFK,PDSS1,1,1
NIFK,PER2,1,1
NIFK,POLE3,1,1
NIFK,POLR2D,1,1
NIFK,POLR3C,1,1
NIFK,PPIH,1,1
NIFK,PPM1G,1,1
NIFK,PPP2CA,1,1
NIFK,PPRC1,1,1
NIFK,PSMD5,1,1
NIFK,PTS,1,1
NIFK,RAB35,1,1
NIFK,RARS,1,1
NIFK,RBM12,1,1
NIFK,RBM26,1,1
NIFK,RRP12,1,1
NIFK,RRP1B,1,1
NIFK,RRP36,1,1
NIFK,RRS1,1,1
NIFK,SAPCD2,1,1
NIFK,SF3B3,1,1
NIFK,SH2D5,1,1
NIFK,SKA3,1,1
NIFK,SMIM13,1,1
NIFK,SMN2,1,1
NIFK,SMNDC1,1,1
NIFK,SPRYD7,1,1
NIFK,SRP72,1,1
NIFK,SRPK1,1,1
NIFK,SRSF1,1,1
NIFK,SRSF3,1,1
NIFK,SUPV3L1,1,1
NIFK,SYNCRIP,1,1
NIFK,TAF9,1,1
NIFK,TCERG1,1,1
NIFK,TFAM,1,1
NIFK,TFB2M,1,1
NIFK,TGS1,1,1
NIFK,TMEM14B,1,1
NIFK,TMEM234,1,1
NIFK,TMX2,1,1
NIFK,TOE1,1,1
NIFK,TOP3A,1,1
NIFK,TPM3,1,1
NIFK,TRIP13,1,1
NIFK,TRMT61A,1,1
NIFK,TSFM,1,1
NIFK,UBE2V1,1,1
NIFK,UBE3A,1,1
NIFK,UCHL5,1,1
NIFK,UHRF1,1,1
NIFK,UHRF1BP1L,1,1
NIFK,URB1,1,1
NIFK,USP1,1,1
NIFK,UTP23,1,1
NIFK,WWC1,1,1
NIFK,ZNF283,1,1
NIFK,ZNF473,1,1
NIFK,ZW10,1,1
NIFK,ZWILCH,1,1
NAA35,ABCE1,1,1
NAA35,ACTN1,1,1
NAA35,ANP32E,1,1
NAA35,ARF4,1,1
NAA35,BRIX1,1,1
NAA35,C19ORF66,1,1
NAA35,CALM2,1,1
NAA35,CBFB,1,1
NAA35,CCDC112,1,1
NAA35,CCP110,1,1
NAA35,CCT5,1,1
NAA35,CCT8,1,1
NAA35,CDC73,1,1
NAA35,CDH2,1,1
NAA35,CDK7,1,1
NAA35,CMPK1,1,1
NAA35,CPSF6,1,1
NAA35,CSTF2,1,1
NAA35,CTDSPL2,1,1
NAA35,CTU1,1,1
NAA35,DAZAP1,1,1
NAA35,DDX18,1,1
NAA35,DDX21,1,1
NAA35,DHRS7B,1,1
NAA35,DHX35,1,1
NAA35,DIAPH1,1,1
NAA35,DIMT1,1,1
NAA35,DUSP12,1,1
NAA35,EBNA1BP2,1,1
NAA35,EIF2S1,1,1
NAA35,EIF6,1,1
NAA35,ELAVL1,1,1
NAA35,ERI1,1,1
NAA35,ERVK3-1,1,1
NAA35,EXOC5,1,1
NAA35,FAM136A,1,1
NAA35,FAM189A2,1,1
NAA35,FAM234A,1,1
NAA35,FAM60A,1,1
NAA35,FBXO45,1,1
NAA35,GALT,1,1
NAA35,GINS3,1,1
NAA35,GLRX2,1,1
NAA35,GMFB,1,1
NAA35,GNPNAT1,1,1
NAA35,GRAMD3,1,1
NAA35,GRPEL2,1,1
NAA35,GTF3C4,1,1
NAA35,HNRNPU,1,1
NAA35,ILF2,1,1
NAA35,IQCJ-SCHIP1,1,1
NAA35,KANSL1L,1,1
NAA35,KHDRBS1,1,1
NAA35,KIAA1429,1,1
NAA35,KIAA1586,1,1
NAA35,KIF14,1,1
NAA35,KLHL8,1,1
NAA35,KMT5A,1,1
NAA35,LAPTM4A,1,1
NAA35,LARP4,1,1
NAA35,LBR,1,1
NAA35,LIN7C,1,1
NAA35,LINC01296,1,1
NAA35,LLPH,1,1
NAA35,LMBRD1,1,1
NAA35,LMNB1,1,1
NAA35,LMNB2,1,1
NAA35,LYRM7,1,1
NAA35,MAP4K5,1,1
NAA35,MEGF8,1,1
NAA35,MMP24-AS1,1,1
NAA35,MRPL39,1,1
NAA35,MTFR1L,1,1
NAA35,MYBL2,1,1
NAA35,MYNN,1,1
NAA35,NAA15,1,1
NAA35,NAE1,1,1
NAA35,NAGLU,1,1
NAA35,NCBP1,1,1
NAA35,NOLC1,1,1
NAA35,NUDCD1,1,1
NAA35,PAK1IP1,1,1
NAA35,PCGF6,1,1
NAA35,PDE12,1,1
NAA35,PGAM5,1,1
NAA35,PHIP,1,1
NAA35,PPM1G,1,1
NAA35,PPP2CA,1,1
NAA35,PRKCI,1,1
NAA35,PRMT1,1,1
NAA35,PRPF4,1,1
NAA35,PSMA3,1,1
NAA35,PSMC1,1,1
NAA35,PSMC3,1,1
NAA35,PSMC4,1,1
NAA35,PSMC5,1,1
NAA35,PSMC6,1,1
NAA35,PSMD5,1,1
NAA35,PTPN11,1,1
NAA35,PUS7L,1,1
NAA35,QSER1,1,1
NAA35,RAB4B,1,1
NAA35,RAD23B,1,1
NAA35,RECQL5,1,1
NAA35,RNASEK,1,1
NAA35,RNF138,1,1
NAA35,RNF168,1,1
NAA35,RP11-529K1.3,1,1
NAA35,RRP12,1,1
NAA35,RRP36,1,1
NAA35,SACS,1,1
NAA35,SART3,1,1
NAA35,SCHIP1,1,1
NAA35,SERBP1,1,1
NAA35,SGSM3,1,1
NAA35,SIX1,1,1
NAA35,SMARCD1,1,1
NAA35,SMIM13,1,1
NAA35,SMIM15,1,1
NAA35,SMNDC1,1,1
NAA35,SMS,1,1
NAA35,SNRNP200,1,1
NAA35,SNRNP48,1,1
NAA35,SOX10,1,1
NAA35,SPIN4,1,1
NAA35,SPOPL,1,1
NAA35,SREK1IP1,1,1
NAA35,SRP19,1,1
NAA35,SRP72,1,1
NAA35,SRPK1,1,1
NAA35,SRSF1,1,1
NAA35,SRSF3,1,1
NAA35,STIP1,1,1
NAA35,SYNCRIP,1,1
NAA35,TAF9,1,1
NAA35,TARS,1,1
NAA35,TCEB1,1,1
NAA35,TERF1,1,1
NAA35,TFB2M,1,1
NAA35,TIMM17A,1,1
NAA35,TIMM8A,1,1
NAA35,TMCO1,1,1
NAA35,TOP3A,1,1
NAA35,TPM3,1,1
NAA35,TRIP13,1,1
NAA35,TRUB1,1,1
NAA35,TTF1,1,1
NAA35,UBE2C,1,1
NAA35,UBE3A,1,1
NAA35,UCHL5,1,1
NAA35,UHMK1,1,1
NAA35,UHRF1BP1L,1,1
NAA35,USP1,1,1
NAA35,UTP23,1,1
NAA35,WBP2,1,1
NAA35,WDR13,1,1
NAA35,ZDHHC4,1,1
NAA35,ZIC2,1,1
NAA35,ZNF143,1,1
NAA35,ZNF473,1,1
NAA35,ZNF507,1,1
NAA35,ZNF670,1,1
NAA35,ZNF695,1,1
NAA35,ZNF787,1,1
NAA35,ZW10,1,1
NAA35,ZWILCH,1,1
TOMM34,ACSL4,1,1
TOMM34,ACSS1,1,1
TOMM34,ANP32E,1,1
TOMM34,ARRDC4,1,1
TOMM34,BRIX1,1,1
TOMM34,BTG3,1,1
TOMM34,BTN3A1,1,1
TOMM34,BVES,1,1
TOMM34,C12ORF29,1,1
TOMM34,C14ORF80,1,1
TOMM34,C16ORF91,1,1
TOMM34,CBR4,1,1
TOMM34,CCDC112,1,1
TOMM34,CCDC53,1,1
TOMM34,CCT5,1,1
TOMM34,CCT8,1,1
TOMM34,CDCA4,1,1
TOMM34,CDH2,1,1
TOMM34,CDK7,1,1
TOMM34,CFL2,1,1
TOMM34,CIAO1,1,1
TOMM34,CMPK1,1,1
TOMM34,CMSS1,1,1
TOMM34,CNKSR2,1,1
TOMM34,CNOT3,1,1
TOMM34,CNPY3,1,1
TOMM34,CPSF6,1,1
TOMM34,CSTF2,1,1
TOMM34,CTDSPL2,1,1
TOMM34,CWC27,1,1
TOMM34,DAZAP1,1,1
TOMM34,DDX28,1,1
TOMM34,DDX47,1,1
TOMM34,DHODH,1,1
TOMM34,DHRS7B,1,1
TOMM34,DHX35,1,1
TOMM34,DIMT1,1,1
TOMM34,DPF1,1,1
TOMM34,DPY19L2P1,1,1
TOMM34,DUSP12,1,1
TOMM34,EIF2S1,1,1
TOMM34,EIF2S3,1,1
TOMM34,EIF3M,1,1
TOMM34,EIF5,1,1
TOMM34,ELAVL1,1,1
TOMM34,EMG1,1,1
TOMM34,EXOSC2,1,1
TOMM34,FAM136A,1,1
TOMM34,FAM98B,1,1
TOMM34,FARSA,1,1
TOMM34,FBXL4,1,1
TOMM34,FBXL6,1,1
TOMM34,FKBP3,1,1
TOMM34,FTSJ1,1,1
TOMM34,FTSJ3,1,1
TOMM34,GABRA5,1,1
TOMM34,GCH1,1,1
TOMM34,GHDC,1,1
TOMM34,GLRX2,1,1
TOMM34,GPATCH4,1,1
TOMM34,GTF2H3,1,1
TOMM34,HDAC3,1,1
TOMM34,HN1,1,1
TOMM34,HS1BP3,1,1
TOMM34,IGF2BP1,1,1
TOMM34,ILF2,1,1
TOMM34,IPO4,1,1
TOMM34,IRAK1,1,1
TOMM34,ITGB3BP,1,1
TOMM34,KARS,1,1
TOMM34,KIAA0319L,1,1
TOMM34,KIAA1586,1,1
TOMM34,KLHL22,1,1
TOMM34,KRT18,1,1
TOMM34,LAPTM4A,1,1
TOMM34,LBR,1,1
TOMM34,LMNB1,1,1
TOMM34,LMNB2,1,1
TOMM34,LURAP1,1,1
TOMM34,MAK16,1,1
TOMM34,MANBA,1,1
TOMM34,MAP4K5,1,1
TOMM34,MAPK1IP1L,1,1
TOMM34,MAPK6,1,1
TOMM34,MEGF8,1,1
TOMM34,MRPL21,1,1
TOMM34,MRPL39,1,1
TOMM34,MRPL47,1,1
TOMM34,MRPL50,1,1
TOMM34,MRPL54,1,1
TOMM34,MT1X,1,1
TOMM34,MYBL2,1,1
TOMM34,MYNN,1,1
TOMM34,NAE1,1,1
TOMM34,NASP,1,1
TOMM34,NCBP2-AS2,1,1
TOMM34,NCR3LG1,1,1
TOMM34,NEK7,1,1
TOMM34,NRGN,1,1
TOMM34,PCGF6,1,1
TOMM34,PDCD2L,1,1
TOMM34,PIP5K1A,1,1
TOMM34,PLEKHH1,1,1
TOMM34,PM20D2,1,1
TOMM34,PMPCA,1,1
TOMM34,POLR3E,1,1
TOMM34,PPCS,1,1
TOMM34,PPM1G,1,1
TOMM34,PPP2R2A,1,1
TOMM34,PRKCI,1,1
TOMM34,PRMT1,1,1
TOMM34,PRPF4,1,1
TOMM34,PSMA3,1,1
TOMM34,PSMA6,1,1
TOMM34,PSMB5,1,1
TOMM34,PSMC1,1,1
TOMM34,PSMC3,1,1
TOMM34,PSMC5,1,1
TOMM34,PSMC6,1,1
TOMM34,PSMD2,1,1
TOMM34,PSMD4,1,1
TOMM34,QSER1,1,1
TOMM34,RAD18,1,1
TOMM34,RFWD3,1,1
TOMM34,RLIM,1,1
TOMM34,RNF168,1,1
TOMM34,RPP40,1,1
TOMM34,RUVBL2,1,1
TOMM34,SDCBP,1,1
TOMM34,SEPT9,1,1
TOMM34,SERBP1,1,1
TOMM34,SERINC1,1,1
TOMM34,SF3B4,1,1
TOMM34,SIX1,1,1
TOMM34,SIX4,1,1
TOMM34,SLC10A3,1,1
TOMM34,SMN1,1,1
TOMM34,SMS,1,1
TOMM34,SNAPC1,1,1
TOMM34,SPIN4,1,1
TOMM34,SRP19,1,1
TOMM34,SSRP1,1,1
TOMM34,SYNCRIP,1,1
TOMM34,TAF9,1,1
TOMM34,TANGO2,1,1
TOMM34,TBPL1,1,1
TOMM34,TCEB1,1,1
TOMM34,TERF1,1,1
TOMM34,TFB2M,1,1
TOMM34,TIMM10,1,1
TOMM34,TIMM17A,1,1
TOMM34,TIMM8A,1,1
TOMM34,TJP2,1,1
TOMM34,TMEM126A,1,1
TOMM34,TMEM69,1,1
TOMM34,TRAF5,1,1
TOMM34,TRIP13,1,1
TOMM34,TROVE2,1,1
TOMM34,TTC39C,1,1
TOMM34,TUBB3,1,1
TOMM34,TUBB4B,1,1
TOMM34,UBE2C,1,1
TOMM34,UCK2,1,1
TOMM34,UGT8,1,1
TOMM34,USP40,1,1
TOMM34,UTP23,1,1
TOMM34,UTP4,1,1
TOMM34,VEZT,1,1
TOMM34,VMA21,1,1
TOMM34,VRK3,1,1
TOMM34,WDR74,1,1
TOMM34,WRN,1,1
TOMM34,ZIC2,1,1
TOMM34,ZNF146,1,1
TOMM34,ZNF215,1,1
TOMM34,ZNF670,1,1
TOMM34,ZNF695,1,1
LGALS3,AASS,1,1
LGALS3,BTN3A2,1,1
LGALS3,C16ORF91,1,1
LGALS3,CBR4,1,1
LGALS3,CD63,1,1
LGALS3,CIAO1,1,1
LGALS3,ELK3,1,1
LGALS3,HMGCL,1,1
LGALS3,HPS3,1,1
LGALS3,HS1BP3,1,1
LGALS3,HYAL3,1,1
LGALS3,KIAA0319L,1,1
LGALS3,KIF3A,1,1
LGALS3,LARGE1,1,1
LGALS3,METTL9,1,1
LGALS3,P2RX4,1,1
LGALS3,PIK3CB,1,1
LGALS3,PLAUR,1,1
LGALS3,PLEKHH1,1,1
LGALS3,POLB,1,1
LGALS3,POLR2H,1,1
LGALS3,PPCS,1,1
LGALS3,PPP2R5D,1,1
LGALS3,PSMB5,1,1
LGALS3,RIN1,1,1
LGALS3,RNF130,1,1
LGALS3,SAMD1,1,1
LGALS3,SCPEP1,1,1
LGALS3,SDCBP,1,1
LGALS3,SEPT9,1,1
LGALS3,SLC10A3,1,1
LGALS3,SMN1,1,1
LGALS3,TANGO2,1,1
LGALS3,TDRD7,1,1
LGALS3,TNFRSF12A,1,1
LGALS3,VAT1,1,1
CDC20P1,CALM2,1,1
CDC20P1,CCDC138,1,1
CDC20P1,CCNA2,1,1
CDC20P1,CD3EAP,1,1
CDC20P1,CDCA5,1,1
CDC20P1,CDK1,1,1
CDC20P1,CISD1,1,1
CDC20P1,CKS1B,1,1
CDC20P1,CSTF2,1,1
CDC20P1,DAZAP1,1,1
CDC20P1,DDX18,1,1
CDC20P1,DEK,1,1
CDC20P1,DHX35,1,1
CDC20P1,DNA2,1,1
CDC20P1,DPH2,1,1
CDC20P1,EBNA1BP2,1,1
CDC20P1,EED,1,1
CDC20P1,ERI1,1,1
CDC20P1,EXOSC2,1,1
CDC20P1,GINS1,1,1
CDC20P1,GINS3,1,1
CDC20P1,GNL3,1,1
CDC20P1,HDAC3,1,1
CDC20P1,HNRNPA1,1,1
CDC20P1,IQCJ-SCHIP1,1,1
CDC20P1,ITGB3BP,1,1
CDC20P1,KHDRBS1,1,1
CDC20P1,KIAA0101,1,1
CDC20P1,KIF14,1,1
CDC20P1,KIF15,1,1
CDC20P1,LBR,1,1
CDC20P1,LMNB1,1,1
CDC20P1,LRR1,1,1
CDC20P1,MCM10,1,1
CDC20P1,MEGF8,1,1
CDC20P1,MIS18A,1,1
CDC20P1,MYBL2,1,1
CDC20P1,NAA15,1,1
CDC20P1,NAE1,1,1
CDC20P1,NOLC1,1,1
CDC20P1,NRF1,1,1
CDC20P1,NUP107,1,1
CDC20P1,NUP155,1,1
CDC20P1,PAK1IP1,1,1
CDC20P1,PCGF6,1,1
CDC20P1,PDRG1,1,1
CDC20P1,PDSS1,1,1
CDC20P1,POLE3,1,1
CDC20P1,PPIH,1,1
CDC20P1,PPM1G,1,1
CDC20P1,PPP2CA,1,1
CDC20P1,PRIM2,1,1
CDC20P1,PRPS2,1,1
CDC20P1,PSMA3,1,1
CDC20P1,PSMC3,1,1
CDC20P1,PSMD2,1,1
CDC20P1,RARS,1,1
CDC20P1,SERBP1,1,1
CDC20P1,SH2D5,1,1
CDC20P1,SKA3,1,1
CDC20P1,SNRPC,1,1
CDC20P1,SNX5,1,1
CDC20P1,SRP72,1,1
CDC20P1,SRPK1,1,1
CDC20P1,SVIP,1,1
CDC20P1,TAF9,1,1
CDC20P1,TATDN1,1,1
CDC20P1,TCERG1,1,1
CDC20P1,TMEM126A,1,1
CDC20P1,TMEM14B,1,1
CDC20P1,TMX2,1,1
CDC20P1,TPRKB,1,1
CDC20P1,TRAIP,1,1
CDC20P1,TRIP13,1,1
CDC20P1,TSFM,1,1
CDC20P1,TUBB4B,1,1
CDC20P1,TUBB6,1,1
CDC20P1,UBE2C,1,1
CDC20P1,UBE2T,1,1
CDC20P1,UCHL5,1,1
CDC20P1,UHRF1,1,1
CDC20P1,UHRF1BP1L,1,1
CDC20P1,USP1,1,1
CDC20P1,WWC1,1,1
CDC20P1,ZIC2,1,1
CDC20P1,ZNF695,1,1
CDC20P1,ZNF787,1,1
CDC20P1,ZW10,1,1
CDC20P1,ZWILCH,1,1
ELAC2,SIVA1,1,1
NFE2L3,ABCA5,1,1
NFE2L3,ACSL4,1,1
NFE2L3,ANXA1,1,1
NFE2L3,ARRDC4,1,1
NFE2L3,BTF3L4,1,1
NFE2L3,C14ORF159,1,1
NFE2L3,C16ORF91,1,1
NFE2L3,CDC73,1,1
NFE2L3,CDH2,1,1
NFE2L3,CFL2,1,1
NFE2L3,CIAO1,1,1
NFE2L3,CMPK1,1,1
NFE2L3,CMTM7,1,1
NFE2L3,CNPY3,1,1
NFE2L3,DUSP12,1,1
NFE2L3,EIF2S3,1,1
NFE2L3,EIF3G,1,1
NFE2L3,ELK3,1,1
NFE2L3,EMD,1,1
NFE2L3,ERRFI1,1,1
NFE2L3,FAM69B,1,1
NFE2L3,FARSA,1,1
NFE2L3,FGFR4,1,1
NFE2L3,FRMD5,1,1
NFE2L3,FSD1,1,1
NFE2L3,HN1,1,1
NFE2L3,HS1BP3,1,1
NFE2L3,ID1,1,1
NFE2L3,IGF2BP1,1,1
NFE2L3,KIAA0319L,1,1
NFE2L3,KLHL22,1,1
NFE2L3,LAMB3,1,1
NFE2L3,LAPTM4A,1,1
NFE2L3,LURAP1,1,1
NFE2L3,MCFD2,1,1
NFE2L3,MRPL21,1,1
NFE2L3,NAA30,1,1
NFE2L3,PLAUR,1,1
NFE2L3,POLR2H,1,1
NFE2L3,PPP1R14BP3,1,1
NFE2L3,PRKCI,1,1
NFE2L3,PSMA6,1,1
NFE2L3,RPL35A,1,1
NFE2L3,SCN8A,1,1
NFE2L3,SDCBP,1,1
NFE2L3,SEPT9,1,1
NFE2L3,SLC10A3,1,1
NFE2L3,SLC2A4RG,1,1
NFE2L3,SMN1,1,1
NFE2L3,TANGO2,1,1
NFE2L3,TDRD7,1,1
NFE2L3,TRAPPC3,1,1
NFE2L3,TRIB3,1,1
NFE2L3,TROVE2,1,1
NFE2L3,TRUB2,1,1
NFE2L3,TTC39C,1,1
NFE2L3,UGT8,1,1
NFE2L3,VMA21,1,1
NFE2L3,ZNF678,1,1
ALDH4A1,ANXA4,1,1
ALDH4A1,KCTD18,1,1
ZNF507,ABHD14B,1,1
ZNF507,ACTN1,1,1
ZNF507,BRIX1,1,1
ZNF507,CBFB,1,1
ZNF507,CBY1,1,1
ZNF507,CCDC112,1,1
ZNF507,CDK6,1,1
ZNF507,CHRNA5,1,1
ZNF507,CLINT1,1,1
ZNF507,CPSF6,1,1
ZNF507,GLRX2,1,1
ZNF507,GMFB,1,1
ZNF507,KANSL1L,1,1
ZNF507,KIAA1586,1,1
ZNF507,MTFR1L,1,1
ZNF507,OTUD6B,1,1
ZNF507,RAD23B,1,1
ZNF507,RFK,1,1
ZNF507,SMIM15,1,1
ZNF507,SRP19,1,1
ZNF507,TCEB1,1,1
ZNF507,WBP2,1,1
ZNF507,WDR13,1,1
ZNF507,ZC3H8,1,1
ZNF507,ZNF428,1,1
KLHL22,AASS,1,1
KLHL22,ABCA5,1,1
KLHL22,ACACB,1,1
KLHL22,ACSL4,1,1
KLHL22,ADAM9,1,1
KLHL22,AHI1,1,1
KLHL22,ANXA1,1,1
KLHL22,ARRDC4,1,1
KLHL22,BRD4,1,1
KLHL22,BTF3L4,1,1
KLHL22,C12ORF29,1,1
KLHL22,C16ORF91,1,1
KLHL22,CCT5,1,1
KLHL22,CCT8,1,1
KLHL22,CDC42EP2,1,1
KLHL22,CDC73,1,1
KLHL22,CDH2,1,1
KLHL22,CDK7,1,1
KLHL22,CFL2,1,1
KLHL22,CIAO1,1,1
KLHL22,CLPTM1L,1,1
KLHL22,CMSS1,1,1
KLHL22,CNPY3,1,1
KLHL22,COPS5,1,1
KLHL22,CPT1A,1,1
KLHL22,CRIM1,1,1
KLHL22,CTDSPL2,1,1
KLHL22,CYP27A1,1,1
KLHL22,DDX28,1,1
KLHL22,DDX47,1,1
KLHL22,DHRS7B,1,1
KLHL22,DUSP12,1,1
KLHL22,EIF2S1,1,1
KLHL22,EIF2S3,1,1
KLHL22,EIF3M,1,1
KLHL22,ELK3,1,1
KLHL22,EMG1,1,1
KLHL22,FAM69B,1,1
KLHL22,FAM76A,1,1
KLHL22,FARSA,1,1
KLHL22,FCHSD2,1,1
KLHL22,FEZ2,1,1
KLHL22,FIS1,1,1
KLHL22,FKBP3,1,1
KLHL22,FTSJ1,1,1
KLHL22,FTSJ3,1,1
KLHL22,GABRA5,1,1
KLHL22,GART,1,1
KLHL22,GCH1,1,1
KLHL22,GEMIN7,1,1
KLHL22,GSTK1,1,1
KLHL22,GSTM4,1,1
KLHL22,HMGCL,1,1
KLHL22,HN1,1,1
KLHL22,HS1BP3,1,1
KLHL22,HYAL3,1,1
KLHL22,IGF2BP1,1,1
KLHL22,ILF2,1,1
KLHL22,ISY1,1,1
KLHL22,ITM2C,1,1
KLHL22,KARS,1,1
KLHL22,KIAA0319L,1,1
KLHL22,KIAA0586,1,1
KLHL22,KIF3A,1,1
KLHL22,KRT18,1,1
KLHL22,LAMB3,1,1
KLHL22,LAPTM4A,1,1
KLHL22,LARGE1,1,1
KLHL22,LBR,1,1
KLHL22,LLPH,1,1
KLHL22,LMNB2,1,1
KLHL22,LURAP1,1,1
KLHL22,MAGED2,1,1
KLHL22,MAK16,1,1
KLHL22,MAN2A2,1,1
KLHL22,MAP4K5,1,1
KLHL22,MAPK1IP1L,1,1
KLHL22,MAPK6,1,1
KLHL22,MCFD2,1,1
KLHL22,MRPL21,1,1
KLHL22,MRPL39,1,1
KLHL22,MT1X,1,1
KLHL22,MYNN,1,1
KLHL22,NAA30,1,1
KLHL22,NAE1,1,1
KLHL22,NAP1L1,1,1
KLHL22,NCR3LG1,1,1
KLHL22,NEK7,1,1
KLHL22,NIPAL1,1,1
KLHL22,P2RX4,1,1
KLHL22,PAPD5,1,1
KLHL22,PDE12,1,1
KLHL22,PFDN2,1,1
KLHL22,PHLDA2,1,1
KLHL22,PIP5K1A,1,1
KLHL22,PLAUR,1,1
KLHL22,PMM1,1,1
KLHL22,PMPCA,1,1
KLHL22,POLB,1,1
KLHL22,POLR2C,1,1
KLHL22,PPCS,1,1
KLHL22,PPP2R1B,1,1
KLHL22,PRKCI,1,1
KLHL22,PRMT1,1,1
KLHL22,PRPF38A,1,1
KLHL22,PRPF4,1,1
KLHL22,PSMA6,1,1
KLHL22,PSMB5,1,1
KLHL22,PSMC1,1,1
KLHL22,PSMC3,1,1
KLHL22,PSMC6,1,1
KLHL22,PTPRB,1,1
KLHL22,QSER1,1,1
KLHL22,RIN1,1,1
KLHL22,RIN2,1,1
KLHL22,RPS26,1,1
KLHL22,RUVBL2,1,1
KLHL22,SAMD1,1,1
KLHL22,SCN8A,1,1
KLHL22,SCO1,1,1
KLHL22,SEPT9,1,1
KLHL22,SERBP1,1,1
KLHL22,SF3B4,1,1
KLHL22,SLC10A3,1,1
KLHL22,SLC11A2,1,1
KLHL22,SLC2A4RG,1,1
KLHL22,SMARCD1,1,1
KLHL22,SMN1,1,1
KLHL22,SMS,1,1
KLHL22,SPIN4,1,1
KLHL22,SREK1IP1,1,1
KLHL22,SSRP1,1,1
KLHL22,TANGO2,1,1
KLHL22,TARS,1,1
KLHL22,TIMM17A,1,1
KLHL22,TMA16,1,1
KLHL22,TMCO1,1,1
KLHL22,TNFRSF12A,1,1
KLHL22,TRAPPC3,1,1
KLHL22,TROVE2,1,1
KLHL22,TRUB2,1,1
KLHL22,UBE2N,1,1
KLHL22,UGT8,1,1
KLHL22,USP40,1,1
KLHL22,UTP4,1,1
KLHL22,VEZT,1,1
KLHL22,WDR18,1,1
KLHL22,WDR74,1,1
KLHL22,WRN,1,1
KLHL22,ZNF146,1,1
KLHL22,ZPR1,1,1
DNTTIP2,BORA,1,1
DNTTIP2,CCAR1,1,1
DNTTIP2,DNAJC9,1,1
DNTTIP2,EIF4E,1,1
DNTTIP2,FAM111B,1,1
DNTTIP2,HAUS2,1,1
DNTTIP2,HSPA14,1,1
DNTTIP2,MRPL1,1,1
DNTTIP2,NAF1,1,1
DNTTIP2,NUDT15,1,1
DNTTIP2,NUP93,1,1
DNTTIP2,PLK4,1,1
DNTTIP2,PPRC1,1,1
DNTTIP2,PSPC1,1,1
DNTTIP2,RBM22,1,1
DNTTIP2,RBM26,1,1
DNTTIP2,RNF219,1,1
DNTTIP2,SKA3,1,1
DNTTIP2,SPRYD7,1,1
DNTTIP2,SUPV3L1,1,1
DNTTIP2,ZDHHC24,1,1
MRPL54,ACSS1,1,1
MRPL54,ACTN1,1,1
MRPL54,ARF4,1,1
MRPL54,ATP6AP1,1,1
MRPL54,BRIX1,1,1
MRPL54,BTN3A1,1,1
MRPL54,BVES,1,1
MRPL54,C6ORF203,1,1
MRPL54,CBR4,1,1
MRPL54,CCDC53,1,1
MRPL54,CCT5,1,1
MRPL54,CCT8,1,1
MRPL54,CDH2,1,1
MRPL54,CDK19,1,1
MRPL54,CDK7,1,1
MRPL54,CFL2,1,1
MRPL54,CMPK1,1,1
MRPL54,CNOT3,1,1
MRPL54,CSTF2,1,1
MRPL54,DAZAP1,1,1
MRPL54,DHX35,1,1
MRPL54,DPF1,1,1
MRPL54,DPY19L2P1,1,1
MRPL54,DUSP12,1,1
MRPL54,EIF6,1,1
MRPL54,ELAVL1,1,1
MRPL54,EP400,1,1
MRPL54,EXOSC2,1,1
MRPL54,FAM189A2,1,1
MRPL54,FAM98B,1,1
MRPL54,FARSA,1,1
MRPL54,FBXL4,1,1
MRPL54,FBXL6,1,1
MRPL54,FSD1,1,1
MRPL54,FTSJ1,1,1
MRPL54,GCH1,1,1
MRPL54,GHDC,1,1
MRPL54,GLB1,1,1
MRPL54,GLMP,1,1
MRPL54,GTF2H3,1,1
MRPL54,HDAC3,1,1
MRPL54,HPS3,1,1
MRPL54,HS1BP3,1,1
MRPL54,IGF2BP1,1,1
MRPL54,ILF2,1,1
MRPL54,IPO4,1,1
MRPL54,IQCJ-SCHIP1,1,1
MRPL54,IRAK1,1,1
MRPL54,ITGB3BP,1,1
MRPL54,KANSL1L,1,1
MRPL54,KIAA0319L,1,1
MRPL54,KRT18,1,1
MRPL54,LAPTM4A,1,1
MRPL54,LBR,1,1
MRPL54,LINC01296,1,1
MRPL54,LMBRD1,1,1
MRPL54,LMNB2,1,1
MRPL54,MANBA,1,1
MRPL54,MEGF8,1,1
MRPL54,MRPL47,1,1
MRPL54,MYNN,1,1
MRPL54,NAE1,1,1
MRPL54,NCR3LG1,1,1
MRPL54,PGAM5,1,1
MRPL54,PLEKHH1,1,1
MRPL54,POLR2H,1,1
MRPL54,POLR3E,1,1
MRPL54,PPM1G,1,1
MRPL54,PPP2CA,1,1
MRPL54,PRKCI,1,1
MRPL54,PRMT1,1,1
MRPL54,PSMA3,1,1
MRPL54,PSMA6,1,1
MRPL54,PSMC1,1,1
MRPL54,PSMC3,1,1
MRPL54,PSMC4,1,1
MRPL54,PSMC5,1,1
MRPL54,PSMD4,1,1
MRPL54,PSME4,1,1
MRPL54,RPL35A,1,1
MRPL54,RUVBL2,1,1
MRPL54,SCPEP1,1,1
MRPL54,SDCBP,1,1
MRPL54,SEPT9,1,1
MRPL54,SERBP1,1,1
MRPL54,SIX1,1,1
MRPL54,SIX4,1,1
MRPL54,SLC10A3,1,1
MRPL54,SLC11A2,1,1
MRPL54,SMN1,1,1
MRPL54,SRP19,1,1
MRPL54,TAF9,1,1
MRPL54,TFB2M,1,1
MRPL54,TIMM17A,1,1
MRPL54,TIMM8A,1,1
MRPL54,TJP2,1,1
MRPL54,TMEM126A,1,1
MRPL54,TMEM69,1,1
MRPL54,TRAF5,1,1
MRPL54,TRIP13,1,1
MRPL54,TTC39C,1,1
MRPL54,TUBB3,1,1
MRPL54,UBE2C,1,1
MRPL54,UGT8,1,1
MRPL54,VAT1,1,1
MRPL54,VMA21,1,1
MRPL54,ZIC2,1,1
MRPL54,ZNF695,1,1
MRPS2,AKAP8,1,1
MRPS2,ATRIP,1,1
MRPS2,BRIX1,1,1
MRPS2,CAPRIN1,1,1
MRPS2,CCP110,1,1
MRPS2,CD3EAP,1,1
MRPS2,CNOT7,1,1
MRPS2,COA7,1,1
MRPS2,DDX21,1,1
MRPS2,DIMT1,1,1
MRPS2,EIF2S1,1,1
MRPS2,ERVK3-1,1,1
MRPS2,EXOSC2,1,1
MRPS2,FAM136A,1,1
MRPS2,FEM1A,1,1
MRPS2,GINS3,1,1
MRPS2,GNL3,1,1
MRPS2,GNPNAT1,1,1
MRPS2,GPATCH4,1,1
MRPS2,GTF3C4,1,1
MRPS2,HNRNPK,1,1
MRPS2,HNRNPU,1,1
MRPS2,IPPK,1,1
MRPS2,MCM10,1,1
MRPS2,MRPL39,1,1
MRPS2,MYBL2,1,1
MRPS2,NASP,1,1
MRPS2,PAK1IP1,1,1
MRPS2,PNN,1,1
MRPS2,POLE3,1,1
MRPS2,POLR3C,1,1
MRPS2,PSMC3IP,1,1
MRPS2,PSMC6,1,1
MRPS2,PTS,1,1
MRPS2,RAB35,1,1
MRPS2,REXO1,1,1
MRPS2,RIOK1,1,1
MRPS2,RPP40,1,1
MRPS2,RRP1B,1,1
MRPS2,RRS1,1,1
MRPS2,SET,1,1
MRPS2,SF3B3,1,1
MRPS2,SF3B4,1,1
MRPS2,SRPK1,1,1
MRPS2,SRSF3,1,1
MRPS2,SYNCRIP,1,1
MRPS2,TAP2,1,1
MRPS2,TCERG1,1,1
MRPS2,TEX10,1,1
MRPS2,TGS1,1,1
MRPS2,TIMM10,1,1
MRPS2,TUBB4B,1,1
MRPS2,UHRF1,1,1
MRPS2,UTP23,1,1
MRPS2,ZNF180,1,1
MRPS2,ZW10,1,1
KIF5B,EXOC5,1,1
KIF5B,PDLIM5,1,1
KIF5B,RECQL5,1,1
KIF5B,TRUB1,1,1
KIF5B,UBE3A,1,1
KIF5B,ZDHHC20,1,1
MANBA,ACACB,1,1
MANBA,ACSS1,1,1
MANBA,BTN3A1,1,1
MANBA,BVES,1,1
MANBA,C1ORF216,1,1
MANBA,CBR4,1,1
MANBA,CCDC112,1,1
MANBA,CCDC53,1,1
MANBA,CMPK1,1,1
MANBA,CNOT3,1,1
MANBA,DPF1,1,1
MANBA,DPY19L2P1,1,1
MANBA,DUSP12,1,1
MANBA,EIF2S3,1,1
MANBA,EIF3G,1,1
MANBA,ELAVL1,1,1
MANBA,EMD,1,1
MANBA,FAM189A2,1,1
MANBA,FAM98B,1,1
MANBA,FARSA,1,1
MANBA,FBXL4,1,1
MANBA,FGFR4,1,1
MANBA,GHDC,1,1
MANBA,GLB1,1,1
MANBA,GLMP,1,1
MANBA,GTF2H3,1,1
MANBA,HPS3,1,1
MANBA,HS1BP3,1,1
MANBA,IGF2BP1,1,1
MANBA,IPO4,1,1
MANBA,IRAK1,1,1
MANBA,KIAA0319L,1,1
MANBA,LAPTM4A,1,1
MANBA,LURAP1,1,1
MANBA,MRPL47,1,1
MANBA,PLEKHH1,1,1
MANBA,POLR2H,1,1
MANBA,POLR3E,1,1
MANBA,PSMA6,1,1
MANBA,PSMC5,1,1
MANBA,PSMD4,1,1
MANBA,RPL35A,1,1
MANBA,SDCBP,1,1
MANBA,SIX1,1,1
MANBA,SMN1,1,1
MANBA,TANGO2,1,1
MANBA,TBPL1,1,1
MANBA,TCEB1,1,1
MANBA,TJP2,1,1
MANBA,TMEM69,1,1
MANBA,TRAF5,1,1
MANBA,TTC39C,1,1
MANBA,TUBB3,1,1
MANBA,VAT1,1,1
MANBA,VMA21,1,1
VAMP4,ACTN1,1,1
VAMP4,BYSL,1,1
VAMP4,CCDC53,1,1
VAMP4,CCT2,1,1
VAMP4,CDK19,1,1
VAMP4,DCAF10,1,1
VAMP4,EBNA1BP2,1,1
VAMP4,EIF2B1,1,1
VAMP4,FAM234A,1,1
VAMP4,GRWD1,1,1
VAMP4,IMPA2,1,1
VAMP4,KANSL1L,1,1
VAMP4,MAPKAPK5,1,1
VAMP4,NABP2,1,1
VAMP4,PGAM5,1,1
VAMP4,POLR1B,1,1
VAMP4,PSME4,1,1
VAMP4,RNF126,1,1
VAMP4,SMAGP,1,1
VAMP4,SMIM14,1,1
VAMP4,SMIM15,1,1
VAMP4,TMEM260,1,1
VAMP4,TTC4,1,1
VAMP4,VBP1,1,1
VAMP4,WBP2,1,1
VAMP4,ZC3H8,1,1
VAMP4,ZNF783,1,1
VAMP4,ZNF787,1,1
GNL3,ABCE1,1,1
GNL3,AKAP8,1,1
GNL3,ATRIP,1,1
GNL3,BRIX1,1,1
GNL3,CCDC138,1,1
GNL3,CCP110,1,1
GNL3,CD3EAP,1,1
GNL3,CDC25A,1,1
GNL3,COA7,1,1
GNL3,CSTF2,1,1
GNL3,DAZAP1,1,1
GNL3,DDX18,1,1
GNL3,DIMT1,1,1
GNL3,ERVK3-1,1,1
GNL3,EXOSC2,1,1
GNL3,GINS3,1,1
GNL3,GLRX2,1,1
GNL3,GNPNAT1,1,1
GNL3,GPATCH4,1,1
GNL3,HCFC1,1,1
GNL3,HNRNPK,1,1
GNL3,HNRNPU,1,1
GNL3,HSP90AA1,1,1
GNL3,KIAA0101,1,1
GNL3,LARP4,1,1
GNL3,LBR,1,1
GNL3,LMNB1,1,1
GNL3,LRR1,1,1
GNL3,MCM10,1,1
GNL3,MYBL2,1,1
GNL3,NAA15,1,1
GNL3,NASP,1,1
GNL3,NOLC1,1,1
GNL3,NUP107,1,1
GNL3,PAK1IP1,1,1
GNL3,PCGF6,1,1
GNL3,PNN,1,1
GNL3,POLE3,1,1
GNL3,PPIH,1,1
GNL3,PSMA3,1,1
GNL3,PTS,1,1
GNL3,RELT,1,1
GNL3,REXO1,1,1
GNL3,RFWD3,1,1
GNL3,RIOK1,1,1
GNL3,RNF126,1,1
GNL3,RPP40,1,1
GNL3,RRP1B,1,1
GNL3,RRS1,1,1
GNL3,SET,1,1
GNL3,SF3B3,1,1
GNL3,SNAPC1,1,1
GNL3,SRPK1,1,1
GNL3,SRSF3,1,1
GNL3,SYNCRIP,1,1
GNL3,TCERG1,1,1
GNL3,TEAD4,1,1
GNL3,TFB2M,1,1
GNL3,TIMM10,1,1
GNL3,TIPIN,1,1
GNL3,TRIP13,1,1
GNL3,TRMT61A,1,1
GNL3,TUBB4B,1,1
GNL3,UHRF1,1,1
GNL3,UHRF1BP1L,1,1
GNL3,USP1,1,1
GNL3,UTP23,1,1
GNL3,ZIC2,1,1
GNL3,ZNF180,1,1
GNL3,ZNF695,1,1
GNL3,ZW10,1,1
COX8A,EIF3K,1,1
COX8A,RFWD2,1,1
COX8A,TRIM62,1,1
COX8A,UQCRQ,1,1
ZNF827,ADAM19,1,1
ZNF827,CLIC1,1,1
ZNF827,POLR2H,1,1
ZNF827,SCHIP1,1,1
ZNF827,TMEM185B,1,1
ZNF827,ZDBF2,1,1
ZNF827,ZDHHC21,1,1
DIAPH3,ABHD5,1,1
DIAPH3,BORA,1,1
DIAPH3,C4ORF46,1,1
DIAPH3,CALM2,1,1
DIAPH3,CASC5,1,1
DIAPH3,CDCA5,1,1
DIAPH3,CENPJ,1,1
DIAPH3,CEP55,1,1
DIAPH3,CISD1,1,1
DIAPH3,CKS1B,1,1
DIAPH3,CTNNAL1,1,1
DIAPH3,DEK,1,1
DIAPH3,DNA2,1,1
DIAPH3,DUT,1,1
DIAPH3,ERI1,1,1
DIAPH3,GINS3,1,1
DIAPH3,HMGB1,1,1
DIAPH3,HMGB2,1,1
DIAPH3,HMGN1,1,1
DIAPH3,HNRNPA1,1,1
DIAPH3,HNRNPD,1,1
DIAPH3,KIF11,1,1
DIAPH3,KIF15,1,1
DIAPH3,MASTL,1,1
DIAPH3,MIS18A,1,1
DIAPH3,MRPS27,1,1
DIAPH3,NAA20,1,1
DIAPH3,NUP107,1,1
DIAPH3,PLK4,1,1
DIAPH3,PSMC3IP,1,1
DIAPH3,PXMP2,1,1
DIAPH3,RHBDF1,1,1
DIAPH3,RP11-673C5.1,1,1
DIAPH3,SKA3,1,1
DIAPH3,SMNDC1,1,1
DIAPH3,SRP72,1,1
DIAPH3,TCERG1,1,1
DIAPH3,TFAM,1,1
DIAPH3,TMEM14B,1,1
DIAPH3,TRIP13,1,1
DIAPH3,VRK1,1,1
DIAPH3,ZW10,1,1
DIAPH3,ZWILCH,1,1
MIS18BP1,BCCIP,1,1
MIS18BP1,BORA,1,1
MIS18BP1,BRCA2,1,1
MIS18BP1,CCAR1,1,1
MIS18BP1,CEP55,1,1
MIS18BP1,CEP78,1,1
MIS18BP1,DDX46,1,1
MIS18BP1,EIF4E,1,1
MIS18BP1,ENY2,1,1
MIS18BP1,HMGB1,1,1
MIS18BP1,KHDRBS1,1,1
MIS18BP1,KIF11,1,1
MIS18BP1,MASTL,1,1
MIS18BP1,MCMBP,1,1
MIS18BP1,MSH2,1,1
MIS18BP1,PLEKHH3,1,1
MIS18BP1,PLK4,1,1
MIS18BP1,RBM12,1,1
MIS18BP1,SKA3,1,1
MIS18BP1,SMC2,1,1
MIS18BP1,SRSF2,1,1
MIS18BP1,SRSF3,1,1
MIS18BP1,TCF19,1,1
MIS18BP1,TOE1,1,1
MIS18BP1,USP16,1,1
ZNF787,ABCE1,1,1
ZNF787,ACOX1,1,1
ZNF787,ACTN1,1,1
ZNF787,ARF4,1,1
ZNF787,ARF5,1,1
ZNF787,BRIX1,1,1
ZNF787,BZW1,1,1
ZNF787,CBFB,1,1
ZNF787,CCDC112,1,1
ZNF787,CCDC138,1,1
ZNF787,CCDC53,1,1
ZNF787,CCT2,1,1
ZNF787,CDK19,1,1
ZNF787,CHAC2,1,1
ZNF787,CRLF3,1,1
ZNF787,CYB5D2,1,1
ZNF787,DCAF13,1,1
ZNF787,DDX18,1,1
ZNF787,DIAPH1,1,1
ZNF787,DPH2,1,1
ZNF787,EBNA1BP2,1,1
ZNF787,EIF2B1,1,1
ZNF787,ERVK3-1,1,1
ZNF787,FAM234A,1,1
ZNF787,GINS1,1,1
ZNF787,GLRX2,1,1
ZNF787,GMEB2,1,1
ZNF787,GRWD1,1,1
ZNF787,HNRNPL,1,1
ZNF787,HNRNPU,1,1
ZNF787,HOXB2,1,1
ZNF787,IPO11,1,1
ZNF787,ITGB3BP,1,1
ZNF787,KANSL1L,1,1
ZNF787,KHDRBS1,1,1
ZNF787,KIAA0101,1,1
ZNF787,KIF14,1,1
ZNF787,LARP4,1,1
ZNF787,LMBRD1,1,1
ZNF787,LMNB1,1,1
ZNF787,LRR1,1,1
ZNF787,LYRM7,1,1
ZNF787,MAPKAPK5,1,1
ZNF787,MEGF8,1,1
ZNF787,MLKL,1,1
ZNF787,MRPL47,1,1
ZNF787,MRPL9,1,1
ZNF787,MTFR1L,1,1
ZNF787,NAA15,1,1
ZNF787,NMI,1,1
ZNF787,NOLC1,1,1
ZNF787,NUDCD1,1,1
ZNF787,NUP155,1,1
ZNF787,OTUD6B,1,1
ZNF787,PDCD2L,1,1
ZNF787,PDRG1,1,1
ZNF787,PGAM5,1,1
ZNF787,POLR3E,1,1
ZNF787,PPIH,1,1
ZNF787,PPP2CA,1,1
ZNF787,PRIM2,1,1
ZNF787,PRPS2,1,1
ZNF787,PSMC5,1,1
ZNF787,RAD23B,1,1
ZNF787,RFC3,1,1
ZNF787,RMI1,1,1
ZNF787,RNASEK,1,1
ZNF787,RNF126,1,1
ZNF787,RNF138,1,1
ZNF787,SART3,1,1
ZNF787,SCYL3,1,1
ZNF787,SH2D5,1,1
ZNF787,SKIV2L2,1,1
ZNF787,SMAGP,1,1
ZNF787,SMIM14,1,1
ZNF787,SMIM15,1,1
ZNF787,SNRPG,1,1
ZNF787,SNX5,1,1
ZNF787,SRP19,1,1
ZNF787,SRSF7,1,1
ZNF787,SYNCRIP,1,1
ZNF787,TAF9,1,1
ZNF787,TATDN1,1,1
ZNF787,TCEB1,1,1
ZNF787,TFB2M,1,1
ZNF787,TMEM126A,1,1
ZNF787,TMEM260,1,1
ZNF787,TMEM63B,1,1
ZNF787,TOMM40,1,1
ZNF787,TPM3,1,1
ZNF787,TPRKB,1,1
ZNF787,TRIP13,1,1
ZNF787,TTC4,1,1
ZNF787,TUBA1C,1,1
ZNF787,UBA2,1,1
ZNF787,UBE2C,1,1
ZNF787,UBE2V2,1,1
ZNF787,UCHL5,1,1
ZNF787,VBP1,1,1
ZNF787,WBP2,1,1
ZNF787,WDR13,1,1
ZNF787,WDR36,1,1
ZNF787,WWC1,1,1
ZNF787,ZC3H8,1,1
ZNF787,ZNF695,1,1
ZNF787,ZWILCH,1,1
RECQL5,EXOC5,1,1
RECQL5,KIAA1429,1,1
RECQL5,KLHL8,1,1
RECQL5,MAPK8IP3,1,1
RECQL5,RAB4B,1,1
RECQL5,SUGP2,1,1
RECQL5,UBE3A,1,1
RECQL5,UHRF1BP1L,1,1
RECQL5,ZW10,1,1
UBL7,AC093616.4,1,1
UBL7,ALDH1A3,1,1
UBL7,ANXA3,1,1
UBL7,AP1M1,1,1
UBL7,AP3S1,1,1
UBL7,ARFIP2,1,1
UBL7,ASPHD2,1,1
UBL7,ATG12,1,1
UBL7,BAG6,1,1
UBL7,CDKN2A,1,1
UBL7,CEP120,1,1
UBL7,CNTROB,1,1
UBL7,EIF3F,1,1
UBL7,EIF3H,1,1
UBL7,EMX2,1,1
UBL7,FAM178B,1,1
UBL7,GNG4,1,1
UBL7,GRASP,1,1
UBL7,GTF2H2B,1,1
UBL7,HARS2,1,1
UBL7,LINC00493,1,1
UBL7,LOX,1,1
UBL7,LRRC40,1,1
UBL7,MRPL33,1,1
UBL7,MRPS16,1,1
UBL7,MRPS26,1,1
UBL7,MYEOV,1,1
UBL7,MYOF,1,1
UBL7,NELFE,1,1
UBL7,PLEKHA4,1,1
UBL7,PLEKHG4,1,1
UBL7,POU4F1,1,1
UBL7,PRRG4,1,1
UBL7,RAB4A,1,1
UBL7,RACK1,1,1
UBL7,RBBP9,1,1
UBL7,RPF1,1,1
UBL7,RPL28,1,1
UBL7,RPS13,1,1
UBL7,RRP8,1,1
UBL7,SF3B6,1,1
UBL7,SLC38A1,1,1
UBL7,TMEM41B,1,1
UBL7,TMSB4X,1,1
UBL7,TMTC4,1,1
UBL7,TRIM44,1,1
UBL7,TTL,1,1
UBL7,WDR46,1,1
UBL7,ZNF365,1,1
TDRD7,ACSS1,1,1
TDRD7,ANXA1,1,1
TDRD7,ARHGAP31,1,1
TDRD7,ARRDC4,1,1
TDRD7,ATP7A,1,1
TDRD7,BCL2A1,1,1
TDRD7,BRAF,1,1
TDRD7,BTF3L4,1,1
TDRD7,C16ORF91,1,1
TDRD7,C6ORF203,1,1
TDRD7,CBR4,1,1
TDRD7,CDH2,1,1
TDRD7,CFL2,1,1
TDRD7,CIAO1,1,1
TDRD7,CMSS1,1,1
TDRD7,CNPY3,1,1
TDRD7,COPS5,1,1
TDRD7,COQ7,1,1
TDRD7,CPT1A,1,1
TDRD7,DHODH,1,1
TDRD7,EIF3G,1,1
TDRD7,ELK3,1,1
TDRD7,FBXL4,1,1
TDRD7,FBXL6,1,1
TDRD7,FRMD5,1,1
TDRD7,FTSJ1,1,1
TDRD7,GCH1,1,1
TDRD7,GHDC,1,1
TDRD7,GLMP,1,1
TDRD7,HN1,1,1
TDRD7,HPS3,1,1
TDRD7,HS1BP3,1,1
TDRD7,IGF2BP1,1,1
TDRD7,KIAA0319L,1,1
TDRD7,KIF3A,1,1
TDRD7,LAMB3,1,1
TDRD7,LAPTM4A,1,1
TDRD7,LARGE1,1,1
TDRD7,METTL9,1,1
TDRD7,MRPL21,1,1
TDRD7,MYNN,1,1
TDRD7,NCR3LG1,1,1
TDRD7,NOSIP,1,1
TDRD7,P2RX4,1,1
TDRD7,PIK3CB,1,1
TDRD7,PLAUR,1,1
TDRD7,PLEKHH1,1,1
TDRD7,PMM1,1,1
TDRD7,POLR2H,1,1
TDRD7,PPCS,1,1
TDRD7,PPP1R14BP3,1,1
TDRD7,PPP2R5D,1,1
TDRD7,PRMT1,1,1
TDRD7,PSMA6,1,1
TDRD7,PTPN3,1,1
TDRD7,RNF38,1,1
TDRD7,RUVBL2,1,1
TDRD7,SCN8A,1,1
TDRD7,SCPEP1,1,1
TDRD7,SDCBP,1,1
TDRD7,SEPHS2,1,1
TDRD7,SEPT9,1,1
TDRD7,SERINC1,1,1
TDRD7,SIX1,1,1
TDRD7,SLC10A3,1,1
TDRD7,SLC11A2,1,1
TDRD7,SLC2A4RG,1,1
TDRD7,SMN1,1,1
TDRD7,STXBP1,1,1
TDRD7,TANGO2,1,1
TDRD7,TIMM17A,1,1
TDRD7,TMEM208,1,1
TDRD7,TNFRSF12A,1,1
TDRD7,TRAPPC3,1,1
TDRD7,TTC39C,1,1
TDRD7,UGT8,1,1
TDRD7,VAT1,1,1
TDRD7,VMA21,1,1
TDRD7,WDR74,1,1
TDRD7,ZNF436,1,1
TMX2,ABCE1,1,1
TMX2,ABT1,1,1
TMX2,ACOX1,1,1
TMX2,AHI1,1,1
TMX2,ARF5,1,1
TMX2,BCCIP,1,1
TMX2,BMI1,1,1
TMX2,C12ORF75,1,1
TMX2,C19ORF47,1,1
TMX2,CALM2,1,1
TMX2,CCDC138,1,1
TMX2,CCT5,1,1
TMX2,CD3EAP,1,1
TMX2,CDC123,1,1
TMX2,CDCA5,1,1
TMX2,CDK4,1,1
TMX2,CHTOP,1,1
TMX2,CKS1B,1,1
TMX2,CSTF2,1,1
TMX2,DDX18,1,1
TMX2,DDX21,1,1
TMX2,DDX39B,1,1
TMX2,DEK,1,1
TMX2,DNA2,1,1
TMX2,DPH2,1,1
TMX2,EIF3M,1,1
TMX2,EIF6,1,1
TMX2,ENY2,1,1
TMX2,ERI1,1,1
TMX2,ERVK3-1,1,1
TMX2,EXT1,1,1
TMX2,FAM60A,1,1
TMX2,FBXO45,1,1
TMX2,FOSL1,1,1
TMX2,FUBP1,1,1
TMX2,GART,1,1
TMX2,GEMIN7,1,1
TMX2,GINS3,1,1
TMX2,GLO1,1,1
TMX2,GLRX2,1,1
TMX2,GLRX3,1,1
TMX2,GNPNAT1,1,1
TMX2,GTF3C4,1,1
TMX2,HARS,1,1
TMX2,HCFC1,1,1
TMX2,HNRNPA1,1,1
TMX2,HNRNPD,1,1
TMX2,HNRNPU,1,1
TMX2,HRAS,1,1
TMX2,IQCJ-SCHIP1,1,1
TMX2,KIAA1429,1,1
TMX2,KIF15,1,1
TMX2,KMT5A,1,1
TMX2,KPNA3,1,1
TMX2,LBR,1,1
TMX2,LMNB1,1,1
TMX2,LMNB2,1,1
TMX2,LRR1,1,1
TMX2,MAGOH,1,1
TMX2,MCM10,1,1
TMX2,MCRS1,1,1
TMX2,MED10,1,1
TMX2,MMP24-AS1,1,1
TMX2,MRPS14,1,1
TMX2,MYBL2,1,1
TMX2,MYSM1,1,1
TMX2,MZT1,1,1
TMX2,NAA15,1,1
TMX2,NAA20,1,1
TMX2,NOLC1,1,1
TMX2,NPM3,1,1
TMX2,NRF1,1,1
TMX2,NUDCD1,1,1
TMX2,NUFIP1,1,1
TMX2,NUP107,1,1
TMX2,NUP188,1,1
TMX2,NUP58,1,1
TMX2,NXT1,1,1
TMX2,PAFAH2,1,1
TMX2,PAK1IP1,1,1
TMX2,PCGF6,1,1
TMX2,PDE12,1,1
TMX2,PDF,1,1
TMX2,PDSS1,1,1
TMX2,PER2,1,1
TMX2,PGGT1B,1,1
TMX2,POLE3,1,1
TMX2,POLR2C,1,1
TMX2,POLR2D,1,1
TMX2,POLR3C,1,1
TMX2,PPIH,1,1
TMX2,PPM1G,1,1
TMX2,PPP2CA,1,1
TMX2,PPRC1,1,1
TMX2,PRPF4,1,1
TMX2,PSMC3,1,1
TMX2,PSMC3IP,1,1
TMX2,PSMD2,1,1
TMX2,PSMD5,1,1
TMX2,PTPRJ,1,1
TMX2,PTS,1,1
TMX2,PUS7L,1,1
TMX2,RAB35,1,1
TMX2,RARS,1,1
TMX2,RIOK1,1,1
TMX2,RNASEK,1,1
TMX2,RRP12,1,1
TMX2,RRP1B,1,1
TMX2,RRP36,1,1
TMX2,RRS1,1,1
TMX2,SACS,1,1
TMX2,SAPCD2,1,1
TMX2,SERBP1,1,1
TMX2,SF1,1,1
TMX2,SH2D5,1,1
TMX2,SKA3,1,1
TMX2,SMIM13,1,1
TMX2,SMN2,1,1
TMX2,SMNDC1,1,1
TMX2,SNAPC3,1,1
TMX2,SNRPE,1,1
TMX2,SPOCK1,1,1
TMX2,SPRYD7,1,1
TMX2,SREK1IP1,1,1
TMX2,SRP19,1,1
TMX2,SRP72,1,1
TMX2,SRPK1,1,1
TMX2,SRSF3,1,1
TMX2,SUPV3L1,1,1
TMX2,SYNCRIP,1,1
TMX2,TAF9,1,1
TMX2,TCERG1,1,1
TMX2,TFAM,1,1
TMX2,TFB2M,1,1
TMX2,TIMM23,1,1
TMX2,TMEM14B,1,1
TMX2,TOE1,1,1
TMX2,TOP3A,1,1
TMX2,TPM3,1,1
TMX2,TRIP13,1,1
TMX2,TSFM,1,1
TMX2,TSSC4,1,1
TMX2,TUBB4B,1,1
TMX2,UBE2J2,1,1
TMX2,UBE2V1,1,1
TMX2,UCHL5,1,1
TMX2,UHRF1,1,1
TMX2,UHRF1BP1L,1,1
TMX2,URB1,1,1
TMX2,USP1,1,1
TMX2,UTP23,1,1
TMX2,WDR46,1,1
TMX2,WWC1,1,1
TMX2,ZNF195,1,1
TMX2,ZNF283,1,1
TMX2,ZNF473,1,1
TMX2,ZW10,1,1
TMX2,ZWILCH,1,1
INPP1,ALDH1A3,1,1
INPP1,ANXA3,1,1
INPP1,ATG12,1,1
INPP1,C14ORF142,1,1
INPP1,C4ORF46,1,1
INPP1,CCDC109B,1,1
INPP1,CEP250,1,1
INPP1,CNTROB,1,1
INPP1,EEF1B2,1,1
INPP1,EIF3H,1,1
INPP1,GRASP,1,1
INPP1,HMGN1,1,1
INPP1,LRRC40,1,1
INPP1,METTL10,1,1
INPP1,MIS12,1,1
INPP1,MRPL33,1,1
INPP1,MRPS16,1,1
INPP1,MRPS27,1,1
INPP1,NRM,1,1
INPP1,PJA1,1,1
INPP1,POU4F1,1,1
INPP1,PPA1,1,1
INPP1,RAB7A,1,1
INPP1,RPF1,1,1
INPP1,SF3B6,1,1
INPP1,SLC38A1,1,1
INPP1,SNRPD1,1,1
INPP1,ST3GAL4,1,1
INPP1,TXN,1,1
INPP1,TYW3,1,1
INPP1,UBLCP1,1,1
CD99,ABHD14B,1,1
CD99,ACSS1,1,1
CD99,ACTN1,1,1
CD99,ATP6AP1,1,1
CD99,CCDC112,1,1
CD99,CCDC53,1,1
CD99,CDK19,1,1
CD99,CLINT1,1,1
CD99,CMPK1,1,1
CD99,EIF2B1,1,1
CD99,ENOSF1,1,1
CD99,FAM189A2,1,1
CD99,FAM234A,1,1
CD99,FGFR4,1,1
CD99,GLB1,1,1
CD99,GRAMD3,1,1
CD99,GTF2H3,1,1
CD99,IMPA2,1,1
CD99,KANSL1L,1,1
CD99,LAPTM4A,1,1
CD99,MRPL47,1,1
CD99,MTFR1L,1,1
CD99,PLEKHH1,1,1
CD99,PRKCI,1,1
CD99,PSMC4,1,1
CD99,PSMC5,1,1
CD99,PSMD4,1,1
CD99,PSME4,1,1
CD99,SCHIP1,1,1
CD99,SDCBP,1,1
CD99,SMIM15,1,1
CD99,TCEB1,1,1
CD99,TDRP,1,1
CD99,TJP2,1,1
CD99,TMEM69,1,1
CD99,TRAF5,1,1
CD99,TTC39C,1,1
CD99,TUBB3,1,1
CNKSR2,ADAM9,1,1
CNKSR2,ARHGAP31,1,1
CNKSR2,C14ORF166,1,1
CNKSR2,C16ORF91,1,1
CNKSR2,CAPRIN1,1,1
CNKSR2,CCT5,1,1
CNKSR2,CDK7,1,1
CNKSR2,CFAP20,1,1
CNKSR2,CFL2,1,1
CNKSR2,CLPTM1L,1,1
CNKSR2,CMSS1,1,1
CNKSR2,CNPY3,1,1
CNKSR2,COPS5,1,1
CNKSR2,CRIM1,1,1
CNKSR2,CTDSPL2,1,1
CNKSR2,DDX47,1,1
CNKSR2,DHODH,1,1
CNKSR2,DHX35,1,1
CNKSR2,EID2,1,1
CNKSR2,EIF2AK4,1,1
CNKSR2,EIF2S1,1,1
CNKSR2,EIF3M,1,1
CNKSR2,EMG1,1,1
CNKSR2,EXOSC7,1,1
CNKSR2,FAM76A,1,1
CNKSR2,FKBP3,1,1
CNKSR2,FTSJ1,1,1
CNKSR2,FTSJ3,1,1
CNKSR2,GABRA5,1,1
CNKSR2,GCH1,1,1
CNKSR2,HN1,1,1
CNKSR2,ILF2,1,1
CNKSR2,ISY1,1,1
CNKSR2,JTB,1,1
CNKSR2,KARS,1,1
CNKSR2,KIAA0319L,1,1
CNKSR2,KIAA0586,1,1
CNKSR2,KIF3A,1,1
CNKSR2,KRT18,1,1
CNKSR2,LAMB3,1,1
CNKSR2,MAPK1IP1L,1,1
CNKSR2,MAPK6,1,1
CNKSR2,MCM2,1,1
CNKSR2,MICALL1,1,1
CNKSR2,MNAT1,1,1
CNKSR2,MRPL21,1,1
CNKSR2,MRPL39,1,1
CNKSR2,MT1X,1,1
CNKSR2,NAE1,1,1
CNKSR2,NASP,1,1
CNKSR2,NCBP2-AS2,1,1
CNKSR2,NCR3LG1,1,1
CNKSR2,NIPAL1,1,1
CNKSR2,NKX3-1,1,1
CNKSR2,PIP5K1A,1,1
CNKSR2,PMPCA,1,1
CNKSR2,PRPF38A,1,1
CNKSR2,PRPF4,1,1
CNKSR2,PSMA6,1,1
CNKSR2,PSMB5,1,1
CNKSR2,PSMC1,1,1
CNKSR2,PSMC3,1,1
CNKSR2,PSMC6,1,1
CNKSR2,PSMD2,1,1
CNKSR2,PTPRB,1,1
CNKSR2,RIN2,1,1
CNKSR2,RUVBL2,1,1
CNKSR2,SF3B4,1,1
CNKSR2,SMS,1,1
CNKSR2,SPIN4,1,1
CNKSR2,SSRP1,1,1
CNKSR2,STK3,1,1
CNKSR2,TAP2,1,1
CNKSR2,TMA16,1,1
CNKSR2,TRUB2,1,1
CNKSR2,UBE2N,1,1
CNKSR2,UTP4,1,1
CNKSR2,VEZT,1,1
CNKSR2,WDR18,1,1
CNKSR2,WDR74,1,1
CNKSR2,WRN,1,1
CNKSR2,XK,1,1
PPP2R2A,AHCTF1,1,1
PPP2R2A,BTG3,1,1
PPP2R2A,BTN3A1,1,1
PPP2R2A,C14ORF80,1,1
PPP2R2A,C9ORF40,1,1
PPP2R2A,CCDC112,1,1
PPP2R2A,CDCA4,1,1
PPP2R2A,CPSF6,1,1
PPP2R2A,CWC27,1,1
PPP2R2A,DAZAP1,1,1
PPP2R2A,DLGAP5,1,1
PPP2R2A,DPY19L2P1,1,1
PPP2R2A,EIF2S3,1,1
PPP2R2A,EIF5,1,1
PPP2R2A,ELAVL1,1,1
PPP2R2A,FAM136A,1,1
PPP2R2A,FAM98B,1,1
PPP2R2A,GHDC,1,1
PPP2R2A,H3F3B,1,1
PPP2R2A,IGF2BP1,1,1
PPP2R2A,IPO4,1,1
PPP2R2A,IRAK1,1,1
PPP2R2A,KIAA1524,1,1
PPP2R2A,MRPL50,1,1
PPP2R2A,NEK7,1,1
PPP2R2A,NRGN,1,1
PPP2R2A,PM20D2,1,1
PPP2R2A,PRPF40A,1,1
PPP2R2A,PRPS1,1,1
PPP2R2A,RAD18,1,1
PPP2R2A,RFWD3,1,1
PPP2R2A,RLIM,1,1
PPP2R2A,SNAPC1,1,1
PPP2R2A,SNRPF,1,1
PPP2R2A,TBPL1,1,1
PPP2R2A,TIMM8A,1,1
PPP2R2A,TJP2,1,1
PPP2R2A,UCK2,1,1
PPP2R2A,USP40,1,1
PPP2R2A,VRK3,1,1
PPP2R2A,ZNF146,1,1
PPP2R2A,ZNF215,1,1
PPP2R2A,ZNF639,1,1
STK3,C9ORF40,1,1
STK3,EID2,1,1
STK3,KIAA0586,1,1
STK3,NKX3-1,1,1
STK3,PTPRB,1,1
STK3,XK,1,1
CALM2,ABHD5,1,1
CALM2,ABT1,1,1
CALM2,ACD,1,1
CALM2,ACOX1,1,1
CALM2,AHI1,1,1
CALM2,ANKRD33B,1,1
CALM2,ARF4,1,1
CALM2,BMI1,1,1
CALM2,BNIP1,1,1
CALM2,C12ORF75,1,1
CALM2,C19ORF47,1,1
CALM2,C19ORF66,1,1
CALM2,C6ORF203,1,1
CALM2,CACTIN,1,1
CALM2,CCT5,1,1
CALM2,CCT8,1,1
CALM2,CDC123,1,1
CALM2,CDCA5,1,1
CALM2,CDH2,1,1
CALM2,CDK4,1,1
CALM2,CDK7,1,1
CALM2,CFL2,1,1
CALM2,CISD1,1,1
CALM2,CKS1B,1,1
CALM2,CSNK2B,1,1
CALM2,CSTF2,1,1
CALM2,CTNNAL1,1,1
CALM2,DDX18,1,1
CALM2,DDX21,1,1
CALM2,DDX31,1,1
CALM2,DDX39B,1,1
CALM2,DEK,1,1
CALM2,DHX35,1,1
CALM2,DNA2,1,1
CALM2,DPH2,1,1
CALM2,EID2,1,1
CALM2,EIF2S1,1,1
CALM2,EIF3M,1,1
CALM2,EIF4E2,1,1
CALM2,EIF6,1,1
CALM2,ENY2,1,1
CALM2,EPS8L1,1,1
CALM2,ERI1,1,1
CALM2,ERVK3-1,1,1
CALM2,EXOSC2,1,1
CALM2,EXT1,1,1
CALM2,FAM60A,1,1
CALM2,FBXL6,1,1
CALM2,FBXO45,1,1
CALM2,FOSL1,1,1
CALM2,FTSJ3,1,1
CALM2,FUBP1,1,1
CALM2,GABRA5,1,1
CALM2,GART,1,1
CALM2,GINS3,1,1
CALM2,GLO1,1,1
CALM2,GLRX2,1,1
CALM2,GNPNAT1,1,1
CALM2,GTF3C4,1,1
CALM2,H2AFY,1,1
CALM2,HARS,1,1
CALM2,HNRNPA1,1,1
CALM2,HNRNPD,1,1
CALM2,HRAS,1,1
CALM2,IFI44,1,1
CALM2,ILF2,1,1
CALM2,IQCJ-SCHIP1,1,1
CALM2,KHDRBS1,1,1
CALM2,KIAA0101,1,1
CALM2,KIAA1429,1,1
CALM2,KIF15,1,1
CALM2,KMT5A,1,1
CALM2,KPNA3,1,1
CALM2,KRT18,1,1
CALM2,LBR,1,1
CALM2,LINC01296,1,1
CALM2,LMBRD1,1,1
CALM2,LMNB1,1,1
CALM2,LMNB2,1,1
CALM2,LRR1,1,1
CALM2,MAGOH,1,1
CALM2,MCM10,1,1
CALM2,MCM2,1,1
CALM2,MCRS1,1,1
CALM2,MED10,1,1
CALM2,MED27,1,1
CALM2,MEGF8,1,1
CALM2,MIS18A,1,1
CALM2,MMP24-AS1,1,1
CALM2,MRPS14,1,1
CALM2,MRPS27,1,1
CALM2,MYBL2,1,1
CALM2,MYSM1,1,1
CALM2,MZT1,1,1
CALM2,NAA15,1,1
CALM2,NAA20,1,1
CALM2,NAE1,1,1
CALM2,NANP,1,1
CALM2,NOLC1,1,1
CALM2,NPM3,1,1
CALM2,NRF1,1,1
CALM2,NUDCD1,1,1
CALM2,NUFIP1,1,1
CALM2,NUP107,1,1
CALM2,NUP58,1,1
CALM2,PAK1IP1,1,1
CALM2,PCGF6,1,1
CALM2,PDE12,1,1
CALM2,PDF,1,1
CALM2,PDSS1,1,1
CALM2,PER2,1,1
CALM2,PFDN2,1,1
CALM2,POLE3,1,1
CALM2,POLR2C,1,1
CALM2,POLR2D,1,1
CALM2,PPIH,1,1
CALM2,PPM1G,1,1
CALM2,PPP2CA,1,1
CALM2,PPRC1,1,1
CALM2,PRIM2,1,1
CALM2,PRMT1,1,1
CALM2,PRPF38A,1,1
CALM2,PRPF4,1,1
CALM2,PSMA3,1,1
CALM2,PSMC1,1,1
CALM2,PSMC3,1,1
CALM2,PSMC3IP,1,1
CALM2,PSMD2,1,1
CALM2,PSMD5,1,1
CALM2,PUS7L,1,1
CALM2,RAD1,1,1
CALM2,RARS,1,1
CALM2,RNASEK,1,1
CALM2,RNF168,1,1
CALM2,RP11-424C20.2,1,1
CALM2,RP11-673C5.1,1,1
CALM2,RRP12,1,1
CALM2,RRS1,1,1
CALM2,SACS,1,1
CALM2,SAPCD2,1,1
CALM2,SERBP1,1,1
CALM2,SH2D5,1,1
CALM2,SIX1,1,1
CALM2,SKA3,1,1
CALM2,SKP2,1,1
CALM2,SLC25A43,1,1
CALM2,SMIM13,1,1
CALM2,SMN2,1,1
CALM2,SMNDC1,1,1
CALM2,SMS,1,1
CALM2,SNRNP48,1,1
CALM2,SNRPC,1,1
CALM2,SNRPE,1,1
CALM2,SPOCK1,1,1
CALM2,SREK1IP1,1,1
CALM2,SRP19,1,1
CALM2,SRP72,1,1
CALM2,SRPK1,1,1
CALM2,SRSF3,1,1
CALM2,SSRP1,1,1
CALM2,ST3GAL6,1,1
CALM2,STIP1,1,1
CALM2,SVIP,1,1
CALM2,SYNCRIP,1,1
CALM2,TAF5,1,1
CALM2,TAF9,1,1
CALM2,TATDN1,1,1
CALM2,TCERG1,1,1
CALM2,TFAM,1,1
CALM2,TFB2M,1,1
CALM2,TIMM17A,1,1
CALM2,TIMM23,1,1
CALM2,TIMM8A,1,1
CALM2,TMA16,1,1
CALM2,TMEM126A,1,1
CALM2,TMEM14B,1,1
CALM2,TOP3A,1,1
CALM2,TPM3,1,1
CALM2,TPRKB,1,1
CALM2,TRIP13,1,1
CALM2,TSFM,1,1
CALM2,TSSC4,1,1
CALM2,TTF1,1,1
CALM2,TUBB4B,1,1
CALM2,UBE2C,1,1
CALM2,UBE2J2,1,1
CALM2,UBE2T,1,1
CALM2,UBE2V1,1,1
CALM2,UCHL5,1,1
CALM2,UGT8,1,1
CALM2,UHMK1,1,1
CALM2,UHRF1,1,1
CALM2,UHRF1BP1L,1,1
CALM2,URB1,1,1
CALM2,USP1,1,1
CALM2,UTP23,1,1
CALM2,VRK1,1,1
CALM2,WDR46,1,1
CALM2,WDR74,1,1
CALM2,WWC1,1,1
CALM2,ZIC2,1,1
CALM2,ZNF195,1,1
CALM2,ZNF281,1,1
CALM2,ZNF283,1,1
CALM2,ZNF473,1,1
CALM2,ZNF655,1,1
CALM2,ZNF670,1,1
CALM2,ZNF695,1,1
CALM2,ZW10,1,1
CALM2,ZWILCH,1,1
MIA3,ACOX1,1,1
MIA3,C12ORF75,1,1
MIA3,CKLF,1,1
MIA3,DDX39B,1,1
MIA3,EXT1,1,1
MIA3,GNA12,1,1
MIA3,IGSF3,1,1
MIA3,MIPEP,1,1
MIA3,MRPS14,1,1
MIA3,MYSM1,1,1
MIA3,NDUFA1,1,1
MIA3,NPM3,1,1
MIA3,NSRP1,1,1
MIA3,NTHL1,1,1
MIA3,NXT1,1,1
MIA3,PAFAH2,1,1
MIA3,PJA1,1,1
MIA3,PLEKHA8,1,1
MIA3,PTPRJ,1,1
MIA3,RAB7A,1,1
MIA3,RNF113A,1,1
MIA3,RPL6,1,1
MIA3,RUNDC1,1,1
MIA3,SNAPC3,1,1
MIA3,SPIRE1,1,1
MIA3,SYT14,1,1
MIA3,TATDN1,1,1
MIA3,TCEAL9,1,1
MIA3,TRIM38,1,1
MIA3,UBE2J2,1,1
MIA3,UBE2V1,1,1
MIA3,USP28,1,1
MIA3,WDR46,1,1
MIA3,ZNF655,1,1
MIA3,ZRANB2,1,1
POLR2C,ABHD5,1,1
POLR2C,ABT1,1,1
POLR2C,ACD,1,1
POLR2C,AHI1,1,1
POLR2C,BRD4,1,1
POLR2C,BTF3L4,1,1
POLR2C,C12ORF75,1,1
POLR2C,CCDC109B,1,1
POLR2C,CCT5,1,1
POLR2C,CDC123,1,1
POLR2C,CDC42EP2,1,1
POLR2C,CDCA5,1,1
POLR2C,CDH2,1,1
POLR2C,CDK4,1,1
POLR2C,CDK7,1,1
POLR2C,CFL2,1,1
POLR2C,CHORDC1,1,1
POLR2C,CMSS1,1,1
POLR2C,CNOT7,1,1
POLR2C,COPS5,1,1
POLR2C,CSNK2A1,1,1
POLR2C,CSNK2B,1,1
POLR2C,CSTF2,1,1
POLR2C,CTDSPL2,1,1
POLR2C,CTNNAL1,1,1
POLR2C,DDX21,1,1
POLR2C,DDX39B,1,1
POLR2C,DDX47,1,1
POLR2C,DEK,1,1
POLR2C,DHRS7B,1,1
POLR2C,DHX35,1,1
POLR2C,DKK 1.00,1,1
POLR2C,DNA2,1,1
POLR2C,EID2,1,1
POLR2C,EIF2S1,1,1
POLR2C,EIF3M,1,1
POLR2C,EIF4E2,1,1
POLR2C,EIF6,1,1
POLR2C,ERI1,1,1
POLR2C,EXT1,1,1
POLR2C,FAM60A,1,1
POLR2C,FBXO45,1,1
POLR2C,FEM1A,1,1
POLR2C,FOSL1,1,1
POLR2C,FTSJ1,1,1
POLR2C,FTSJ3,1,1
POLR2C,GABRA5,1,1
POLR2C,GART,1,1
POLR2C,GEMIN7,1,1
POLR2C,GINS3,1,1
POLR2C,GNPNAT1,1,1
POLR2C,GOLPH3L,1,1
POLR2C,GTF3C4,1,1
POLR2C,H2AFY,1,1
POLR2C,HARS,1,1
POLR2C,HN1,1,1
POLR2C,HNRNPA1,1,1
POLR2C,HNRNPD,1,1
POLR2C,ILF2,1,1
POLR2C,IQCJ-SCHIP1,1,1
POLR2C,KARS,1,1
POLR2C,KIAA0586,1,1
POLR2C,KIAA1429,1,1
POLR2C,KIF15,1,1
POLR2C,KMT5A,1,1
POLR2C,KPNA3,1,1
POLR2C,KRT18,1,1
POLR2C,LBR,1,1
POLR2C,LIN7C,1,1
POLR2C,LINC01296,1,1
POLR2C,LLPH,1,1
POLR2C,LMNB2,1,1
POLR2C,MAGED2,1,1
POLR2C,MAGOH,1,1
POLR2C,MAPK1IP1L,1,1
POLR2C,MCM10,1,1
POLR2C,MCM2,1,1
POLR2C,MCRS1,1,1
POLR2C,MED10,1,1
POLR2C,MED27,1,1
POLR2C,MMP24-AS1,1,1
POLR2C,MRPL39,1,1
POLR2C,MRPS14,1,1
POLR2C,MT1X,1,1
POLR2C,NAA15,1,1
POLR2C,NAA30,1,1
POLR2C,NAE1,1,1
POLR2C,NIPAL1,1,1
POLR2C,NKX3-1,1,1
POLR2C,NONO,1,1
POLR2C,NPM3,1,1
POLR2C,NRF1,1,1
POLR2C,NUFIP1,1,1
POLR2C,NUP107,1,1
POLR2C,NUP188,1,1
POLR2C,PAK1IP1,1,1
POLR2C,PDE12,1,1
POLR2C,PDF,1,1
POLR2C,PFDN2,1,1
POLR2C,PIP5K1A,1,1
POLR2C,PLAUR,1,1
POLR2C,PMM1,1,1
POLR2C,PMPCA,1,1
POLR2C,POLR2D,1,1
POLR2C,POLR3C,1,1
POLR2C,PPM1G,1,1
POLR2C,PPRC1,1,1
POLR2C,PRKCDBP,1,1
POLR2C,PRMT1,1,1
POLR2C,PRPF38A,1,1
POLR2C,PRPF4,1,1
POLR2C,PSMC1,1,1
POLR2C,PSMC3,1,1
POLR2C,PSMC3IP,1,1
POLR2C,PSMC6,1,1
POLR2C,PSMD2,1,1
POLR2C,PUS7L,1,1
POLR2C,QSER1,1,1
POLR2C,RAB35,1,1
POLR2C,RAD1,1,1
POLR2C,RARS,1,1
POLR2C,RBMXL1,1,1
POLR2C,RIOK1,1,1
POLR2C,RNF168,1,1
POLR2C,RP11-424C20.2,1,1
POLR2C,RRP12,1,1
POLR2C,RRS1,1,1
POLR2C,SACS,1,1
POLR2C,SAPCD2,1,1
POLR2C,SERBP1,1,1
POLR2C,SET,1,1
POLR2C,SF1,1,1
POLR2C,SF3B4,1,1
POLR2C,SKP2,1,1
POLR2C,SLC11A2,1,1
POLR2C,SLC25A43,1,1
POLR2C,SMARCD1,1,1
POLR2C,SMIM13,1,1
POLR2C,SMN2,1,1
POLR2C,SMNDC1,1,1
POLR2C,SMS,1,1
POLR2C,SNRNP48,1,1
POLR2C,SNRPE,1,1
POLR2C,SPIN4,1,1
POLR2C,SPOCK1,1,1
POLR2C,SREK1IP1,1,1
POLR2C,SRP72,1,1
POLR2C,SRPK1,1,1
POLR2C,SSRP1,1,1
POLR2C,STIP1,1,1
POLR2C,TAF5,1,1
POLR2C,TAF9,1,1
POLR2C,TARS,1,1
POLR2C,TCERG1,1,1
POLR2C,TFAM,1,1
POLR2C,TIMM17A,1,1
POLR2C,TIMM23,1,1
POLR2C,TMA16,1,1
POLR2C,TMCO1,1,1
POLR2C,TMEM14B,1,1
POLR2C,TNFRSF12A,1,1
POLR2C,TOP3A,1,1
POLR2C,TRAPPC3,1,1
POLR2C,TRIP13,1,1
POLR2C,TRMT10C,1,1
POLR2C,TSSC4,1,1
POLR2C,TTF1,1,1
POLR2C,TUBB4B,1,1
POLR2C,UBE2N,1,1
POLR2C,UBE2T,1,1
POLR2C,UGT8,1,1
POLR2C,UHMK1,1,1
POLR2C,UHRF1,1,1
POLR2C,URB1,1,1
POLR2C,USP1,1,1
POLR2C,UTP4,1,1
POLR2C,VRK1,1,1
POLR2C,WDR74,1,1
POLR2C,YARS2,1,1
POLR2C,ZNF195,1,1
POLR2C,ZNF281,1,1
POLR2C,ZNF283,1,1
POLR2C,ZNF473,1,1
POLR2C,ZNF670,1,1
POLR2C,ZPR1,1,1
SLC10A3,ACACB,1,1
SLC10A3,AHI1,1,1
SLC10A3,ANXA1,1,1
SLC10A3,ARRDC4,1,1
SLC10A3,ATP6AP1,1,1
SLC10A3,BCL2A1,1,1
SLC10A3,BTF3L4,1,1
SLC10A3,C16ORF91,1,1
SLC10A3,C6ORF203,1,1
SLC10A3,CBR4,1,1
SLC10A3,CCT5,1,1
SLC10A3,CCT8,1,1
SLC10A3,CDC73,1,1
SLC10A3,CDH2,1,1
SLC10A3,CDK7,1,1
SLC10A3,CFL2,1,1
SLC10A3,CIAO1,1,1
SLC10A3,CMPK1,1,1
SLC10A3,CMSS1,1,1
SLC10A3,CNOT3,1,1
SLC10A3,CNPY3,1,1
SLC10A3,COPS5,1,1
SLC10A3,CPT1A,1,1
SLC10A3,CSNK2B,1,1
SLC10A3,CSTF2,1,1
SLC10A3,CYP27A1,1,1
SLC10A3,DHRS7B,1,1
SLC10A3,DUSP12,1,1
SLC10A3,EIF3G,1,1
SLC10A3,EIF6,1,1
SLC10A3,ELK3,1,1
SLC10A3,EMD,1,1
SLC10A3,FAM69B,1,1
SLC10A3,FARSA,1,1
SLC10A3,FBXL6,1,1
SLC10A3,FRMD5,1,1
SLC10A3,FSD1,1,1
SLC10A3,FTSJ1,1,1
SLC10A3,FTSJ3,1,1
SLC10A3,GABRA5,1,1
SLC10A3,GART,1,1
SLC10A3,GCH1,1,1
SLC10A3,GEMIN7,1,1
SLC10A3,GHDC,1,1
SLC10A3,GNE,1,1
SLC10A3,GOLPH3L,1,1
SLC10A3,GPBP1L1,1,1
SLC10A3,GSKIP,1,1
SLC10A3,HMGCL,1,1
SLC10A3,HN1,1,1
SLC10A3,HPS3,1,1
SLC10A3,HS1BP3,1,1
SLC10A3,HYAL3,1,1
SLC10A3,IGF2BP1,1,1
SLC10A3,ILF2,1,1
SLC10A3,IQCJ-SCHIP1,1,1
SLC10A3,KARS,1,1
SLC10A3,KIAA0319L,1,1
SLC10A3,KIF3A,1,1
SLC10A3,KRT18,1,1
SLC10A3,LAMB3,1,1
SLC10A3,LAPTM4A,1,1
SLC10A3,LARGE1,1,1
SLC10A3,LINC01296,1,1
SLC10A3,LMNB2,1,1
SLC10A3,LURAP1,1,1
SLC10A3,MAP4K5,1,1
SLC10A3,MCFD2,1,1
SLC10A3,MRPL21,1,1
SLC10A3,MRPL47,1,1
SLC10A3,MYNN,1,1
SLC10A3,NAA30,1,1
SLC10A3,NCR3LG1,1,1
SLC10A3,NOSIP,1,1
SLC10A3,P2RX4,1,1
SLC10A3,PDE12,1,1
SLC10A3,PFDN2,1,1
SLC10A3,PIK3CB,1,1
SLC10A3,PIP5K1A,1,1
SLC10A3,PLAUR,1,1
SLC10A3,PLEKHH1,1,1
SLC10A3,PMM1,1,1
SLC10A3,POLR2H,1,1
SLC10A3,PPCS,1,1
SLC10A3,PPM1G,1,1
SLC10A3,PRKCDBP,1,1
SLC10A3,PRKCI,1,1
SLC10A3,PRMT1,1,1
SLC10A3,PRPF38A,1,1
SLC10A3,PRPF4,1,1
SLC10A3,PSMA6,1,1
SLC10A3,PSMC1,1,1
SLC10A3,PSMC3,1,1
SLC10A3,PSMC4,1,1
SLC10A3,PSMC5,1,1
SLC10A3,PTPN3,1,1
SLC10A3,QSER1,1,1
SLC10A3,RIN1,1,1
SLC10A3,RPS26,1,1
SLC10A3,RRP12,1,1
SLC10A3,RUVBL2,1,1
SLC10A3,SCPEP1,1,1
SLC10A3,SDCBP,1,1
SLC10A3,SEPT9,1,1
SLC10A3,SERBP1,1,1
SLC10A3,SIX1,1,1
SLC10A3,SLC11A2,1,1
SLC10A3,SLC25A43,1,1
SLC10A3,SLC25A51,1,1
SLC10A3,SLC2A4RG,1,1
SLC10A3,SLC39A1,1,1
SLC10A3,SMARCD1,1,1
SLC10A3,SMN1,1,1
SLC10A3,SNRPE,1,1
SLC10A3,ST3GAL6,1,1
SLC10A3,TAF9,1,1
SLC10A3,TANGO2,1,1
SLC10A3,TARS,1,1
SLC10A3,TIMM17A,1,1
SLC10A3,TJP2,1,1
SLC10A3,TMCO1,1,1
SLC10A3,TMEM208,1,1
SLC10A3,TNFRSF12A,1,1
SLC10A3,TRAPPC3,1,1
SLC10A3,TRUB2,1,1
SLC10A3,TUBB3,1,1
SLC10A3,UBE2N,1,1
SLC10A3,UGT8,1,1
SLC10A3,UHMK1,1,1
SLC10A3,VEZT,1,1
SLC10A3,VMA21,1,1
SLC10A3,WDR74,1,1
IPPK,AKAP8,1,1
IPPK,ALKBH7,1,1
IPPK,BAZ1A,1,1
IPPK,BRIX1,1,1
IPPK,BTN3A1,1,1
IPPK,C12ORF29,1,1
IPPK,CAPRIN1,1,1
IPPK,CCT5,1,1
IPPK,CCT8,1,1
IPPK,CDCA4,1,1
IPPK,CDK7,1,1
IPPK,CNOT7,1,1
IPPK,COA7,1,1
IPPK,CPSF6,1,1
IPPK,CTDSPL2,1,1
IPPK,CYP27A1,1,1
IPPK,DDX21,1,1
IPPK,DDX28,1,1
IPPK,DHRS7B,1,1
IPPK,DIMT1,1,1
IPPK,EIF2S1,1,1
IPPK,EIF3J,1,1
IPPK,EIF3M,1,1
IPPK,ELAVL1,1,1
IPPK,ERVK3-1,1,1
IPPK,EXOSC2,1,1
IPPK,FAM136A,1,1
IPPK,FBXO45,1,1
IPPK,FEM1A,1,1
IPPK,FTSJ3,1,1
IPPK,GEMIN7,1,1
IPPK,GINS3,1,1
IPPK,GLRX2,1,1
IPPK,GNPNAT1,1,1
IPPK,GPATCH4,1,1
IPPK,GTF3C4,1,1
IPPK,HCFC1,1,1
IPPK,HMGCL,1,1
IPPK,HNRNPU,1,1
IPPK,ILF2,1,1
IPPK,ITM2C,1,1
IPPK,KIAA1586,1,1
IPPK,LBR,1,1
IPPK,LLPH,1,1
IPPK,LMNB2,1,1
IPPK,MAK16,1,1
IPPK,MAP4K5,1,1
IPPK,MAPK1IP1L,1,1
IPPK,MAPK6,1,1
IPPK,MRPL39,1,1
IPPK,NEK7,1,1
IPPK,PAK1IP1,1,1
IPPK,PAPD5,1,1
IPPK,PCGF6,1,1
IPPK,PDE12,1,1
IPPK,PIGV,1,1
IPPK,PIP5K1A,1,1
IPPK,PLAUR,1,1
IPPK,POLR3C,1,1
IPPK,PPP2R1B,1,1
IPPK,PRPF4,1,1
IPPK,PSMC1,1,1
IPPK,PSMC3,1,1
IPPK,PSMC6,1,1
IPPK,PTS,1,1
IPPK,QSER1,1,1
IPPK,RIOK1,1,1
IPPK,RPP40,1,1
IPPK,RRP12,1,1
IPPK,RRS1,1,1
IPPK,SACS,1,1
IPPK,SET,1,1
IPPK,SF3B4,1,1
IPPK,SMARCAL1,1,1
IPPK,SMARCD1,1,1
IPPK,SPIN4,1,1
IPPK,SREK1IP1,1,1
IPPK,SRP19,1,1
IPPK,SSRP1,1,1
IPPK,SYNCRIP,1,1
IPPK,TAF9,1,1
IPPK,TEX10,1,1
IPPK,TFB2M,1,1
IPPK,TIMM10,1,1
IPPK,TIMM17A,1,1
IPPK,TMA16,1,1
IPPK,TNFRSF12A,1,1
IPPK,UTP23,1,1
IPPK,UTP4,1,1
IPPK,ZDHHC4,1,1
IPPK,ZNF146,1,1
IPPK,ZNF180,1,1
IPPK,ZNF512B,1,1
IPPK,ZNF670,1,1
SF1,ABT1,1,1
SF1,CDC123,1,1
SF1,DDX21,1,1
SF1,DDX39B,1,1
SF1,DEK,1,1
SF1,DKK 1.00,1,1
SF1,EXOSC8,1,1
SF1,H2AFY,1,1
SF1,HARS,1,1
SF1,HAUS2,1,1
SF1,HMGN1,1,1
SF1,HNRNPD,1,1
SF1,HSPA14,1,1
SF1,KPNA3,1,1
SF1,MAGOH,1,1
SF1,MED10,1,1
SF1,MRPL1,1,1
SF1,NAA20,1,1
SF1,NAF1,1,1
SF1,NR2F2,1,1
SF1,NSMCE4A,1,1
SF1,NUFIP1,1,1
SF1,NUP188,1,1
SF1,POLR2D,1,1
SF1,PPRC1,1,1
SF1,PSMC3IP,1,1
SF1,RAB35,1,1
SF1,RBM22,1,1
SF1,RBMXL1,1,1
SF1,SAPCD2,1,1
SF1,SKA3,1,1
SF1,SMN2,1,1
SF1,SNRPD1,1,1
SF1,SPOCK1,1,1
SF1,SPRYD7,1,1
SF1,SUPV3L1,1,1
SF1,TFAM,1,1
SF1,TFDP1,1,1
SF1,TIMM23,1,1
SF1,TRMT10C,1,1
SF1,TSSC4,1,1
SF1,TYW3,1,1
SF1,URB1,1,1
SF1,ZNF195,1,1
SF1,ZNF283,1,1
ARRDC4,ACD,1,1
ARRDC4,ACSL4,1,1
ARRDC4,AHI1,1,1
ARRDC4,ANXA1,1,1
ARRDC4,ARF4,1,1
ARRDC4,ARHGAP31,1,1
ARRDC4,ATP6AP1,1,1
ARRDC4,BCL2A1,1,1
ARRDC4,BRAF,1,1
ARRDC4,BTF3L4,1,1
ARRDC4,C16ORF91,1,1
ARRDC4,C1ORF216,1,1
ARRDC4,C6ORF203,1,1
ARRDC4,CAAP1,1,1
ARRDC4,CCT5,1,1
ARRDC4,CCT8,1,1
ARRDC4,CDC73,1,1
ARRDC4,CDH2,1,1
ARRDC4,CDK7,1,1
ARRDC4,CFL2,1,1
ARRDC4,CIAO1,1,1
ARRDC4,CMPK1,1,1
ARRDC4,CMSS1,1,1
ARRDC4,CNPY3,1,1
ARRDC4,COPS5,1,1
ARRDC4,CPT1A,1,1
ARRDC4,CSNK2B,1,1
ARRDC4,CSTF2,1,1
ARRDC4,CTDSPL2,1,1
ARRDC4,DHRS7B,1,1
ARRDC4,DHX35,1,1
ARRDC4,DUSP12,1,1
ARRDC4,EIF3M,1,1
ARRDC4,EIF6,1,1
ARRDC4,EPS8L1,1,1
ARRDC4,ERBB3,1,1
ARRDC4,FAM199X,1,1
ARRDC4,FARSA,1,1
ARRDC4,FBXL6,1,1
ARRDC4,FKBP3,1,1
ARRDC4,FRMD5,1,1
ARRDC4,FSD1,1,1
ARRDC4,FTSJ1,1,1
ARRDC4,FTSJ3,1,1
ARRDC4,GABRA5,1,1
ARRDC4,GANAB,1,1
ARRDC4,GART,1,1
ARRDC4,GCH1,1,1
ARRDC4,GHDC,1,1
ARRDC4,GNE,1,1
ARRDC4,GPBP1L1,1,1
ARRDC4,GTF2H3,1,1
ARRDC4,HN1,1,1
ARRDC4,HS1BP3,1,1
ARRDC4,IGF2BP1,1,1
ARRDC4,ILF2,1,1
ARRDC4,KARS,1,1
ARRDC4,KIAA0319L,1,1
ARRDC4,KIF3A,1,1
ARRDC4,KRT18,1,1
ARRDC4,LAMB3,1,1
ARRDC4,LAPTM4A,1,1
ARRDC4,LBR,1,1
ARRDC4,LIN7C,1,1
ARRDC4,LINC01296,1,1
ARRDC4,LMNB2,1,1
ARRDC4,LURAP1,1,1
ARRDC4,MMP24-AS1,1,1
ARRDC4,MRPL21,1,1
ARRDC4,MRPL47,1,1
ARRDC4,MT1X,1,1
ARRDC4,MYNN,1,1
ARRDC4,NAA30,1,1
ARRDC4,NAE1,1,1
ARRDC4,NCR3LG1,1,1
ARRDC4,NIPAL1,1,1
ARRDC4,NOSIP,1,1
ARRDC4,PFDN2,1,1
ARRDC4,PLAUR,1,1
ARRDC4,PLEKHH1,1,1
ARRDC4,PMM1,1,1
ARRDC4,PPM1G,1,1
ARRDC4,PRKCDBP,1,1
ARRDC4,PRKCI,1,1
ARRDC4,PRMT1,1,1
ARRDC4,PRPF38A,1,1
ARRDC4,PRPF4,1,1
ARRDC4,PSMA6,1,1
ARRDC4,PSMC1,1,1
ARRDC4,PSMC3,1,1
ARRDC4,PSMC4,1,1
ARRDC4,PSMC5,1,1
ARRDC4,PTPN3,1,1
ARRDC4,PTPRB,1,1
ARRDC4,PUS7L,1,1
ARRDC4,QSER1,1,1
ARRDC4,RNF13,1,1
ARRDC4,RNF168,1,1
ARRDC4,RPL35A,1,1
ARRDC4,RPS26,1,1
ARRDC4,RUVBL2,1,1
ARRDC4,SCN8A,1,1
ARRDC4,SCPEP1,1,1
ARRDC4,SEC13,1,1
ARRDC4,SEPT9,1,1
ARRDC4,SERBP1,1,1
ARRDC4,SERINC1,1,1
ARRDC4,SIX1,1,1
ARRDC4,SLC11A2,1,1
ARRDC4,SLC25A43,1,1
ARRDC4,SLC25A51,1,1
ARRDC4,SLC2A4RG,1,1
ARRDC4,SLC39A1,1,1
ARRDC4,SMN1,1,1
ARRDC4,SMS,1,1
ARRDC4,SNRPD2,1,1
ARRDC4,SNRPE,1,1
ARRDC4,SRP19,1,1
ARRDC4,SSRP1,1,1
ARRDC4,ST3GAL6,1,1
ARRDC4,TARS,1,1
ARRDC4,TIMM17A,1,1
ARRDC4,TIMM17B,1,1
ARRDC4,TIMM8A,1,1
ARRDC4,TJP2,1,1
ARRDC4,TMCO1,1,1
ARRDC4,TMEM123,1,1
ARRDC4,TMEM208,1,1
ARRDC4,TNFRSF12A,1,1
ARRDC4,TOP3A,1,1
ARRDC4,TRAPPC3,1,1
ARRDC4,TRIP13,1,1
ARRDC4,TRUB2,1,1
ARRDC4,UBE2C,1,1
ARRDC4,UBE2N,1,1
ARRDC4,UBE2T,1,1
ARRDC4,UGT8,1,1
ARRDC4,UHMK1,1,1
ARRDC4,USP40,1,1
ARRDC4,VEZT,1,1
ARRDC4,VMA21,1,1
ARRDC4,WDR74,1,1
ARRDC4,ZNF281,1,1
FOSL1,ABHD5,1,1
FOSL1,ABT1,1,1
FOSL1,ACD,1,1
FOSL1,AHI1,1,1
FOSL1,ANKRD33B,1,1
FOSL1,BMI1,1,1
FOSL1,BNIP1,1,1
FOSL1,C10ORF2,1,1
FOSL1,C12ORF75,1,1
FOSL1,C19ORF47,1,1
FOSL1,CACTIN,1,1
FOSL1,CCDC109B,1,1
FOSL1,CCT5,1,1
FOSL1,CDC123,1,1
FOSL1,CDCA5,1,1
FOSL1,CDK4,1,1
FOSL1,CDK7,1,1
FOSL1,CKS1B,1,1
FOSL1,CSNK2A1,1,1
FOSL1,CSNK2B,1,1
FOSL1,CSTF2,1,1
FOSL1,CTNNAL1,1,1
FOSL1,DDX21,1,1
FOSL1,DDX31,1,1
FOSL1,DDX39B,1,1
FOSL1,DEK,1,1
FOSL1,DHX35,1,1
FOSL1,DNA2,1,1
FOSL1,DPH2,1,1
FOSL1,DPM1,1,1
FOSL1,EED,1,1
FOSL1,EIF4E2,1,1
FOSL1,EIF6,1,1
FOSL1,ENY2,1,1
FOSL1,ERCC3,1,1
FOSL1,ERI1,1,1
FOSL1,EXOSC8,1,1
FOSL1,EXT1,1,1
FOSL1,FAM60A,1,1
FOSL1,FBXO45,1,1
FOSL1,FTSJ3,1,1
FOSL1,FUBP1,1,1
FOSL1,GABRA5,1,1
FOSL1,GART,1,1
FOSL1,GFER,1,1
FOSL1,GINS3,1,1
FOSL1,GLO1,1,1
FOSL1,GNPNAT1,1,1
FOSL1,GOLPH3L,1,1
FOSL1,GRHPR,1,1
FOSL1,GTF3C4,1,1
FOSL1,H2AFY,1,1
FOSL1,HARS,1,1
FOSL1,HAUS2,1,1
FOSL1,HMGN1,1,1
FOSL1,HNRNPA1,1,1
FOSL1,HNRNPD,1,1
FOSL1,HRAS,1,1
FOSL1,IQCJ-SCHIP1,1,1
FOSL1,KIAA1429,1,1
FOSL1,KIF15,1,1
FOSL1,KMT5A,1,1
FOSL1,KPNA3,1,1
FOSL1,KRT18,1,1
FOSL1,LINC01296,1,1
FOSL1,LMBRD1,1,1
FOSL1,LMNB1,1,1
FOSL1,MAGOH,1,1
FOSL1,MCM10,1,1
FOSL1,MCM2,1,1
FOSL1,MCRS1,1,1
FOSL1,MED10,1,1
FOSL1,MED27,1,1
FOSL1,MMP24-AS1,1,1
FOSL1,MRPS14,1,1
FOSL1,MRPS26,1,1
FOSL1,MRPS27,1,1
FOSL1,MYBL2,1,1
FOSL1,MYSM1,1,1
FOSL1,NAA15,1,1
FOSL1,NAA20,1,1
FOSL1,NDUFA1,1,1
FOSL1,NOLC1,1,1
FOSL1,NONO,1,1
FOSL1,NPM3,1,1
FOSL1,NR2F2,1,1
FOSL1,NRF1,1,1
FOSL1,NSMCE4A,1,1
FOSL1,NUDCD1,1,1
FOSL1,NUFIP1,1,1
FOSL1,NUP107,1,1
FOSL1,NUP188,1,1
FOSL1,NUP58,1,1
FOSL1,NXT1,1,1
FOSL1,OSBPL11,1,1
FOSL1,PAK1IP1,1,1
FOSL1,PDE12,1,1
FOSL1,PDF,1,1
FOSL1,PDSS1,1,1
FOSL1,PER2,1,1
FOSL1,PFDN2,1,1
FOSL1,PLAGL2,1,1
FOSL1,POLR2D,1,1
FOSL1,PPM1G,1,1
FOSL1,PPP2CA,1,1
FOSL1,PPRC1,1,1
FOSL1,PPWD1,1,1
FOSL1,PRMT1,1,1
FOSL1,PRPF38A,1,1
FOSL1,PRPF4,1,1
FOSL1,PSMC1,1,1
FOSL1,PSMC3,1,1
FOSL1,PSMC3IP,1,1
FOSL1,PSMD2,1,1
FOSL1,PSMD5,1,1
FOSL1,PTPRJ,1,1
FOSL1,PUS7L,1,1
FOSL1,RAB35,1,1
FOSL1,RAD1,1,1
FOSL1,RARS,1,1
FOSL1,RBMXL1,1,1
FOSL1,RP11-424C20.2,1,1
FOSL1,RPF1,1,1
FOSL1,RRP12,1,1
FOSL1,RRS1,1,1
FOSL1,SAPCD2,1,1
FOSL1,SERBP1,1,1
FOSL1,SF3B4,1,1
FOSL1,SH2D5,1,1
FOSL1,SKA3,1,1
FOSL1,SKP2,1,1
FOSL1,SLC35D1,1,1
FOSL1,SMIM13,1,1
FOSL1,SMN2,1,1
FOSL1,SMNDC1,1,1
FOSL1,SNAPC3,1,1
FOSL1,SNRNP48,1,1
FOSL1,SNRPC,1,1
FOSL1,SNRPE,1,1
FOSL1,SPOCK1,1,1
FOSL1,SREK1IP1,1,1
FOSL1,SRP72,1,1
FOSL1,SRPK1,1,1
FOSL1,ST3GAL6,1,1
FOSL1,SUPV3L1,1,1
FOSL1,TAF5,1,1
FOSL1,TAF9,1,1
FOSL1,TCERG1,1,1
FOSL1,TFAM,1,1
FOSL1,TIMM23,1,1
FOSL1,TMA16,1,1
FOSL1,TMEM14B,1,1
FOSL1,TOP3A,1,1
FOSL1,TRIP13,1,1
FOSL1,TRPM2,1,1
FOSL1,TSFM,1,1
FOSL1,TSSC4,1,1
FOSL1,TUBB4B,1,1
FOSL1,UBE2J2,1,1
FOSL1,UBE2T,1,1
FOSL1,UHRF1,1,1
FOSL1,URB1,1,1
FOSL1,USP1,1,1
FOSL1,VRK1,1,1
FOSL1,WDR46,1,1
FOSL1,WDR74,1,1
FOSL1,WWC1,1,1
FOSL1,YARS2,1,1
FOSL1,ZNF195,1,1
FOSL1,ZNF281,1,1
FOSL1,ZNF283,1,1
FOSL1,ZNF473,1,1
FOSL1,ZNF655,1,1
GRPEL2,AC009237.8,1,1
GRPEL2,ACOX1,1,1
GRPEL2,ACTN1,1,1
GRPEL2,AHI1,1,1
GRPEL2,ANKRD33B,1,1
GRPEL2,ANXA1,1,1
GRPEL2,ARF4,1,1
GRPEL2,ARF5,1,1
GRPEL2,ATP6AP1,1,1
GRPEL2,BCL2A1,1,1
GRPEL2,BMI1,1,1
GRPEL2,BTF3L4,1,1
GRPEL2,C19ORF66,1,1
GRPEL2,C1ORF21,1,1
GRPEL2,CAAP1,1,1
GRPEL2,CDC73,1,1
GRPEL2,CDH2,1,1
GRPEL2,CDK4,1,1
GRPEL2,CKLF,1,1
GRPEL2,CMPK1,1,1
GRPEL2,CNOT11,1,1
GRPEL2,CPT1A,1,1
GRPEL2,CSNK2A1,1,1
GRPEL2,CYB5D2,1,1
GRPEL2,DDX18,1,1
GRPEL2,DPM1,1,1
GRPEL2,DUSP10,1,1
GRPEL2,DUXAP9,1,1
GRPEL2,EIF6,1,1
GRPEL2,EP400,1,1
GRPEL2,EXT1,1,1
GRPEL2,FAM189A2,1,1
GRPEL2,FAM199X,1,1
GRPEL2,FAM60A,1,1
GRPEL2,FSD1,1,1
GRPEL2,GADD45A,1,1
GRPEL2,GALT,1,1
GRPEL2,GLO1,1,1
GRPEL2,GMEB2,1,1
GRPEL2,GOLPH3L,1,1
GRPEL2,GPAT3,1,1
GRPEL2,GPBP1L1,1,1
GRPEL2,GRHPR,1,1
GRPEL2,HEXIM2,1,1
GRPEL2,HTR7,1,1
GRPEL2,IQCJ-SCHIP1,1,1
GRPEL2,KANSL1L,1,1
GRPEL2,KIAA1429,1,1
GRPEL2,KMT5A,1,1
GRPEL2,LARS,1,1
GRPEL2,LINC01296,1,1
GRPEL2,LMBRD1,1,1
GRPEL2,MOCS3,1,1
GRPEL2,MRPS14,1,1
GRPEL2,MYOF,1,1
GRPEL2,MYSM1,1,1
GRPEL2,NAA15,1,1
GRPEL2,NAGLU,1,1
GRPEL2,NDFIP2,1,1
GRPEL2,NDUFA1,1,1
GRPEL2,NENF,1,1
GRPEL2,NPM3,1,1
GRPEL2,NUDCD1,1,1
GRPEL2,NXT1,1,1
GRPEL2,PDE12,1,1
GRPEL2,PDF,1,1
GRPEL2,PER2,1,1
GRPEL2,PFN1,1,1
GRPEL2,PHIP,1,1
GRPEL2,PLP1,1,1
GRPEL2,PLS1,1,1
GRPEL2,POU4F1,1,1
GRPEL2,PPM1G,1,1
GRPEL2,PPP2CA,1,1
GRPEL2,PRKCDBP,1,1
GRPEL2,PRKCI,1,1
GRPEL2,PRMT1,1,1
GRPEL2,PSMC4,1,1
GRPEL2,PTPRJ,1,1
GRPEL2,PUS7L,1,1
GRPEL2,RNASEK,1,1
GRPEL2,RNF114,1,1
GRPEL2,RP11-529K1.3,1,1
GRPEL2,RPS21,1,1
GRPEL2,RRAS2,1,1
GRPEL2,RRP36,1,1
GRPEL2,SART3,1,1
GRPEL2,SCHIP1,1,1
GRPEL2,SCPEP1,1,1
GRPEL2,SCYL3,1,1
GRPEL2,SLC25A43,1,1
GRPEL2,SLC25A51,1,1
GRPEL2,SMARCD1,1,1
GRPEL2,SMIM13,1,1
GRPEL2,SMIM15,1,1
GRPEL2,SNRNP200,1,1
GRPEL2,SNRPD2,1,1
GRPEL2,SNRPE,1,1
GRPEL2,SNX24,1,1
GRPEL2,SPIRE2,1,1
GRPEL2,SPOPL,1,1
GRPEL2,SRP19,1,1
GRPEL2,SRP72,1,1
GRPEL2,ST3GAL6,1,1
GRPEL2,TAF9,1,1
GRPEL2,TARS,1,1
GRPEL2,TATDN1,1,1
GRPEL2,TENM3,1,1
GRPEL2,TMCO1,1,1
GRPEL2,TMEM123,1,1
GRPEL2,TMX3,1,1
GRPEL2,TPM3,1,1
GRPEL2,TPRKB,1,1
GRPEL2,TRAPPC3,1,1
GRPEL2,TRUB1,1,1
GRPEL2,TTC28,1,1
GRPEL2,UBE2J2,1,1
GRPEL2,UBE2V1,1,1
GRPEL2,UCHL5,1,1
GRPEL2,UGT8,1,1
GRPEL2,UHMK1,1,1
GRPEL2,WBP2,1,1
GRPEL2,WDR46,1,1
GRPEL2,WWC1,1,1
GRPEL2,XPOT,1,1
GRPEL2,ZBTB37,1,1
GRPEL2,ZNF143,1,1
GRPEL2,ZNF473,1,1
GRPEL2,ZNF655,1,1
GRPEL2,ZRANB2,1,1
NUP153,ABCE1,1,1
NUP153,B4GAT1,1,1
NUP153,BZW1,1,1
NUP153,BZW1P2,1,1
NUP153,CCDC138,1,1
NUP153,CEBPZ,1,1
NUP153,CRLF3,1,1
NUP153,DIAPH1,1,1
NUP153,ERVK3-1,1,1
NUP153,ETF1,1,1
NUP153,GRWD1,1,1
NUP153,HCFC1,1,1
NUP153,IPO11,1,1
NUP153,LARP4,1,1
NUP153,MATR3,1,1
NUP153,MSH2,1,1
NUP153,NOLC1,1,1
NUP153,PDRG1,1,1
NUP153,PPP3R1,1,1
NUP153,RBM12,1,1
NUP153,RMI1,1,1
NUP153,RRP1,1,1
NUP153,RRP1B,1,1
NUP153,SEH1L,1,1
NUP153,SF3B3,1,1
NUP153,SKIV2L2,1,1
NUP153,SRSF2,1,1
NUP153,TAF5L,1,1
NUP153,TIPIN,1,1
NUP153,TMEM205,1,1
NUP153,UBA2,1,1
NUP153,WDR36,1,1
USP40,ABCA5,1,1
USP40,ACSL4,1,1
USP40,CCT5,1,1
USP40,CCT8,1,1
USP40,CIAO1,1,1
USP40,CWC27,1,1
USP40,DUSP12,1,1
USP40,EIF2S3,1,1
USP40,ENOSF1,1,1
USP40,HN1,1,1
USP40,IGF2BP1,1,1
USP40,ILF2,1,1
USP40,LAPTM4A,1,1
USP40,MAN2A2,1,1
USP40,MAPK6,1,1
USP40,MYNN,1,1
USP40,NEK7,1,1
USP40,PIP5K1A,1,1
USP40,PRPF40A,1,1
USP40,PSMA6,1,1
USP40,RLIM,1,1
USP40,RUVBL2,1,1
USP40,TERF1,1,1
USP40,TIMM17A,1,1
USP40,TIMM8A,1,1
USP40,TJP2,1,1
USP40,TROVE2,1,1
USP40,VEZT,1,1
DLGAP5,BUB1B,1,1
DLGAP5,DEPDC1B,1,1
DLGAP5,FAM98B,1,1
DLGAP5,KIF20A,1,1
DLGAP5,PRPS1,1,1
DLGAP5,RAD18,1,1
DLGAP5,RAD51AP1,1,1
DLGAP5,SNRPF,1,1
DLGAP5,VRK3,1,1
PLGRKT,FHOD1,1,1
PLGRKT,GEMIN7,1,1
PLGRKT,SLC17A5,1,1
PLGRKT,ZNF512B,1,1
WDR73,EMG1,1,1
WDR73,PSMB5,1,1
WDR73,RNF130,1,1
H2AFY,ABHD5,1,1
H2AFY,ABT1,1,1
H2AFY,ACD,1,1
H2AFY,AHI1,1,1
H2AFY,ANXA3,1,1
H2AFY,ATG9A,1,1
H2AFY,BNIP1,1,1
H2AFY,C10ORF2,1,1
H2AFY,C12ORF75,1,1
H2AFY,C14ORF142,1,1
H2AFY,C19ORF47,1,1
H2AFY,C4ORF46,1,1
H2AFY,CCDC109B,1,1
H2AFY,CDC123,1,1
H2AFY,CDCA5,1,1
H2AFY,CDK4,1,1
H2AFY,CENPJ,1,1
H2AFY,CEP250,1,1
H2AFY,COA3,1,1
H2AFY,CSNK2A1,1,1
H2AFY,CTNNAL1,1,1
H2AFY,DDX21,1,1
H2AFY,DDX39B,1,1
H2AFY,DEK,1,1
H2AFY,DHX16,1,1
H2AFY,DKK 1.00,1,1
H2AFY,DNA2,1,1
H2AFY,ECD,1,1
H2AFY,EEF1B2,1,1
H2AFY,EIF4E2,1,1
H2AFY,ENY2,1,1
H2AFY,ERCC3,1,1
H2AFY,EXOSC8,1,1
H2AFY,EXT1,1,1
H2AFY,FBXO45,1,1
H2AFY,FUBP1,1,1
H2AFY,GART,1,1
H2AFY,GRHPR,1,1
H2AFY,HARS,1,1
H2AFY,HARS2,1,1
H2AFY,HAUS2,1,1
H2AFY,HHEX,1,1
H2AFY,HMGB2,1,1
H2AFY,HMGN1,1,1
H2AFY,HNRNPA1,1,1
H2AFY,HNRNPA1P48,1,1
H2AFY,HNRNPD,1,1
H2AFY,HRAS,1,1
H2AFY,HSPA14,1,1
H2AFY,IQCJ-SCHIP1,1,1
H2AFY,KIF15,1,1
H2AFY,KMT5A,1,1
H2AFY,KPNA3,1,1
H2AFY,LRRC40,1,1
H2AFY,MAGOH,1,1
H2AFY,MCM10,1,1
H2AFY,MCM2,1,1
H2AFY,MCRS1,1,1
H2AFY,MED10,1,1
H2AFY,MED27,1,1
H2AFY,MED29,1,1
H2AFY,MMP24-AS1,1,1
H2AFY,MRPL33,1,1
H2AFY,MRPS10,1,1
H2AFY,MRPS14,1,1
H2AFY,MRPS26,1,1
H2AFY,MRPS27,1,1
H2AFY,NAA20,1,1
H2AFY,NAF1,1,1
H2AFY,NPM3,1,1
H2AFY,NR2F2,1,1
H2AFY,NRF1,1,1
H2AFY,NSMCE4A,1,1
H2AFY,NUFIP1,1,1
H2AFY,NUP107,1,1
H2AFY,NUP188,1,1
H2AFY,NUP58,1,1
H2AFY,OSBPL11,1,1
H2AFY,PDE12,1,1
H2AFY,PDF,1,1
H2AFY,PDSS1,1,1
H2AFY,PFDN2,1,1
H2AFY,PLAGL2,1,1
H2AFY,POLR2D,1,1
H2AFY,POU4F1,1,1
H2AFY,PPA1,1,1
H2AFY,PPRC1,1,1
H2AFY,PRDX1,1,1
H2AFY,PSMC3IP,1,1
H2AFY,PSMD2,1,1
H2AFY,RABGGTB,1,1
H2AFY,RAD1,1,1
H2AFY,RARS,1,1
H2AFY,RBMXL1,1,1
H2AFY,RP11-424C20.2,1,1
H2AFY,RPF1,1,1
H2AFY,RRP12,1,1
H2AFY,SAPCD2,1,1
H2AFY,SKA3,1,1
H2AFY,SKP2,1,1
H2AFY,SLC35E1,1,1
H2AFY,SLC38A1,1,1
H2AFY,SMN2,1,1
H2AFY,SMNDC1,1,1
H2AFY,SNRNP48,1,1
H2AFY,SNRPD1,1,1
H2AFY,SNRPE,1,1
H2AFY,SOCS4,1,1
H2AFY,SPOCK1,1,1
H2AFY,SPRYD7,1,1
H2AFY,SRP72,1,1
H2AFY,SRPK1,1,1
H2AFY,SUPV3L1,1,1
H2AFY,TAF5,1,1
H2AFY,TFAM,1,1
H2AFY,TFDP1,1,1
H2AFY,TIMM23,1,1
H2AFY,TMEM14B,1,1
H2AFY,TRPM2,1,1
H2AFY,TSSC4,1,1
H2AFY,TYW3,1,1
H2AFY,UBA6,1,1
H2AFY,UBL4A,1,1
H2AFY,UBLCP1,1,1
H2AFY,UBQLN1,1,1
H2AFY,UHRF1,1,1
H2AFY,URB1,1,1
H2AFY,VRK1,1,1
H2AFY,WDR46,1,1
H2AFY,ZNF195,1,1
H2AFY,ZNF232,1,1
H2AFY,ZNF281,1,1
H2AFY,ZNF283,1,1
H2AFY,ZNF544,1,1
H2AFY,ZNF696,1,1
C6ORF203,ACD,1,1
C6ORF203,AHI1,1,1
C6ORF203,ANKRD33B,1,1
C6ORF203,ARF4,1,1
C6ORF203,ATP6AP1,1,1
C6ORF203,BCL2A1,1,1
C6ORF203,BRAF,1,1
C6ORF203,BTF3L4,1,1
C6ORF203,CDH2,1,1
C6ORF203,CFL2,1,1
C6ORF203,CPT1A,1,1
C6ORF203,DHX35,1,1
C6ORF203,EIF6,1,1
C6ORF203,FBXL4,1,1
C6ORF203,FBXL6,1,1
C6ORF203,FSD1,1,1
C6ORF203,FTSJ1,1,1
C6ORF203,GCH1,1,1
C6ORF203,GOLPH3L,1,1
C6ORF203,IFI44,1,1
C6ORF203,IQCJ-SCHIP1,1,1
C6ORF203,KRT18,1,1
C6ORF203,LAPTM4A,1,1
C6ORF203,LINC01296,1,1
C6ORF203,LMBRD1,1,1
C6ORF203,LPGAT1,1,1
C6ORF203,MIPEP,1,1
C6ORF203,MRPL47,1,1
C6ORF203,MYSM1,1,1
C6ORF203,NCR3LG1,1,1
C6ORF203,NOSIP,1,1
C6ORF203,PFDN2,1,1
C6ORF203,PLEKHH1,1,1
C6ORF203,PRKCDBP,1,1
C6ORF203,PRMT1,1,1
C6ORF203,PSMC4,1,1
C6ORF203,PSMC5,1,1
C6ORF203,PTPN3,1,1
C6ORF203,RARS,1,1
C6ORF203,RNF13,1,1
C6ORF203,RPL35A,1,1
C6ORF203,RUVBL2,1,1
C6ORF203,SCPEP1,1,1
C6ORF203,SEPHS2,1,1
C6ORF203,SEPT9,1,1
C6ORF203,SIX1,1,1
C6ORF203,SIX4,1,1
C6ORF203,SLC11A2,1,1
C6ORF203,SLC25A43,1,1
C6ORF203,SLC2A4RG,1,1
C6ORF203,SLC39A1,1,1
C6ORF203,SNRPD2,1,1
C6ORF203,SNRPE,1,1
C6ORF203,ST3GAL6,1,1
C6ORF203,TATDN1,1,1
C6ORF203,TCTA,1,1
C6ORF203,TIMM17B,1,1
C6ORF203,TMEM126A,1,1
C6ORF203,TMEM208,1,1
C6ORF203,TRAPPC3,1,1
C6ORF203,UBE2C,1,1
C6ORF203,UBE2T,1,1
C6ORF203,UGT8,1,1
C6ORF203,WDR74,1,1
C6ORF203,ZNF655,1,1
TCEB1,ACSS1,1,1
TCEB1,ACTN1,1,1
TCEB1,AHCTF1,1,1
TCEB1,ARF4,1,1
TCEB1,BRIX1,1,1
TCEB1,BVES,1,1
TCEB1,C14ORF80,1,1
TCEB1,CBFB,1,1
TCEB1,CBY1,1,1
TCEB1,CCDC112,1,1
TCEB1,CCDC53,1,1
TCEB1,CCT2,1,1
TCEB1,CCT8,1,1
TCEB1,CDK19,1,1
TCEB1,CHRNA5,1,1
TCEB1,CLINT1,1,1
TCEB1,CMPK1,1,1
TCEB1,CPSF6,1,1
TCEB1,CWC27,1,1
TCEB1,DEPDC1B,1,1
TCEB1,DPF1,1,1
TCEB1,DPY19L2P1,1,1
TCEB1,DUSP12,1,1
TCEB1,EBNA1BP2,1,1
TCEB1,EIF2B1,1,1
TCEB1,ELAVL1,1,1
TCEB1,FAM189A2,1,1
TCEB1,FAM98B,1,1
TCEB1,FBXL4,1,1
TCEB1,GHDC,1,1
TCEB1,GLB1,1,1
TCEB1,GLMP,1,1
TCEB1,GMFB,1,1
TCEB1,GTF2H3,1,1
TCEB1,IPO4,1,1
TCEB1,IRAK1,1,1
TCEB1,ITGB3BP,1,1
TCEB1,KANSL1L,1,1
TCEB1,KIAA1524,1,1
TCEB1,KIF14,1,1
TCEB1,KLF15,1,1
TCEB1,L2HGDH,1,1
TCEB1,LBR,1,1
TCEB1,LURAP1,1,1
TCEB1,MEGF8,1,1
TCEB1,MLKL,1,1
TCEB1,MRPL47,1,1
TCEB1,MTFR1L,1,1
TCEB1,NRGN,1,1
TCEB1,PDCD2L,1,1
TCEB1,PGAM5,1,1
TCEB1,POLR1B,1,1
TCEB1,POLR3E,1,1
TCEB1,PSMC5,1,1
TCEB1,PSMD4,1,1
TCEB1,PSME4,1,1
TCEB1,RAD23B,1,1
TCEB1,RAD51AP1,1,1
TCEB1,RFK,1,1
TCEB1,SIX1,1,1
TCEB1,SMIM15,1,1
TCEB1,SNRPF,1,1
TCEB1,TBPL1,1,1
TCEB1,TDRP,1,1
TCEB1,TERF1,1,1
TCEB1,TFB2M,1,1
TCEB1,TIMM8A,1,1
TCEB1,TJP2,1,1
TCEB1,TMEM126A,1,1
TCEB1,TMEM260,1,1
TCEB1,TMEM69,1,1
TCEB1,TRAF5,1,1
TCEB1,TTC23,1,1
TCEB1,TUBB3,1,1
TCEB1,UBE2C,1,1
TCEB1,UCK2,1,1
TCEB1,VBP1,1,1
TCEB1,VMA21,1,1
TCEB1,VRK3,1,1
TCEB1,WBP2,1,1
TCEB1,WDR13,1,1
TCEB1,ZC3H8,1,1
TCEB1,ZIC2,1,1
TCEB1,ZNF639,1,1
TCEB1,ZNF695,1,1
CCDC53,ABHD14B,1,1
CCDC53,ACSS1,1,1
CCDC53,ACTN1,1,1
CCDC53,AHCTF1,1,1
CCDC53,ARF5,1,1
CCDC53,ATP6AP1,1,1
CCDC53,BRIX1,1,1
CCDC53,BVES,1,1
CCDC53,C14ORF80,1,1
CCDC53,CBFB,1,1
CCDC53,CBR4,1,1
CCDC53,CBY1,1,1
CCDC53,CCDC112,1,1
CCDC53,CCT2,1,1
CCDC53,CDK19,1,1
CCDC53,CHRNA5,1,1
CCDC53,CLINT1,1,1
CCDC53,CMPK1,1,1
CCDC53,CPSF6,1,1
CCDC53,DPF1,1,1
CCDC53,DUSP12,1,1
CCDC53,EBNA1BP2,1,1
CCDC53,EIF2B1,1,1
CCDC53,ELAVL1,1,1
CCDC53,FAM189A2,1,1
CCDC53,FAM98B,1,1
CCDC53,FBXL4,1,1
CCDC53,FGFR4,1,1
CCDC53,GHDC,1,1
CCDC53,GLB1,1,1
CCDC53,GLMP,1,1
CCDC53,GTF2H3,1,1
CCDC53,IGF2BP1,1,1
CCDC53,IPO4,1,1
CCDC53,IRAK1,1,1
CCDC53,KANSL1L,1,1
CCDC53,KIAA1524,1,1
CCDC53,KLF15,1,1
CCDC53,LAPTM4A,1,1
CCDC53,LURAP1,1,1
CCDC53,MEGF8,1,1
CCDC53,MLKL,1,1
CCDC53,MRPL47,1,1
CCDC53,MTFR1L,1,1
CCDC53,NABP2,1,1
CCDC53,PDCD2L,1,1
CCDC53,PGAM5,1,1
CCDC53,PLEKHH1,1,1
CCDC53,POLR1B,1,1
CCDC53,POLR2H,1,1
CCDC53,POLR3E,1,1
CCDC53,PRKCI,1,1
CCDC53,PRMT1,1,1
CCDC53,PSMC5,1,1
CCDC53,PSMD4,1,1
CCDC53,PSME4,1,1
CCDC53,RAD23B,1,1
CCDC53,RELT,1,1
CCDC53,RNF126,1,1
CCDC53,SDCBP,1,1
CCDC53,SIX1,1,1
CCDC53,SMAGP,1,1
CCDC53,SMIM15,1,1
CCDC53,SRP19,1,1
CCDC53,TBPL1,1,1
CCDC53,TDRP,1,1
CCDC53,TFB2M,1,1
CCDC53,TIMM8A,1,1
CCDC53,TJP2,1,1
CCDC53,TMEM260,1,1
CCDC53,TMEM69,1,1
CCDC53,TRAF5,1,1
CCDC53,TTC4,1,1
CCDC53,TUBB3,1,1
CCDC53,VBP1,1,1
CCDC53,VMA21,1,1
CCDC53,VRK3,1,1
CCDC53,WBP2,1,1
CCDC53,WDR13,1,1
CCDC53,ZC3H8,1,1
CCDC53,ZDHHC4,1,1
HYAL3,AASS,1,1
HYAL3,ACACB,1,1
HYAL3,BPGM,1,1
HYAL3,BRD4,1,1
HYAL3,CDC42EP2,1,1
HYAL3,CDH2,1,1
HYAL3,CIAO1,1,1
HYAL3,CMSS1,1,1
HYAL3,COPS5,1,1
HYAL3,CTSA,1,1
HYAL3,CYP27A1,1,1
HYAL3,DHRS7B,1,1
HYAL3,ELK3,1,1
HYAL3,ERRFI1,1,1
HYAL3,FAM69B,1,1
HYAL3,FAM76A,1,1
HYAL3,FEZ2,1,1
HYAL3,FIS1,1,1
HYAL3,FTSJ1,1,1
HYAL3,FTSJ3,1,1
HYAL3,GEMIN7,1,1
HYAL3,GSTM4,1,1
HYAL3,HMGCL,1,1
HYAL3,HN1,1,1
HYAL3,HPS3,1,1
HYAL3,HS1BP3,1,1
HYAL3,IDH2,1,1
HYAL3,ITM2C,1,1
HYAL3,KIAA0319L,1,1
HYAL3,LAMB3,1,1
HYAL3,LARGE1,1,1
HYAL3,MAGED2,1,1
HYAL3,MAK16,1,1
HYAL3,MAP4K5,1,1
HYAL3,MCFD2,1,1
HYAL3,P2RX4,1,1
HYAL3,PHLDA2,1,1
HYAL3,PIP5K1A,1,1
HYAL3,PLAUR,1,1
HYAL3,PMM1,1,1
HYAL3,POLB,1,1
HYAL3,PPCS,1,1
HYAL3,PSMB5,1,1
HYAL3,QSER1,1,1
HYAL3,RIN1,1,1
HYAL3,RNF130,1,1
HYAL3,SAMD1,1,1
HYAL3,SLC17A5,1,1
HYAL3,SMARCD1,1,1
HYAL3,SMN1,1,1
HYAL3,TANGO2,1,1
HYAL3,TARS,1,1
HYAL3,TM7SF3,1,1
HYAL3,TNFRSF12A,1,1
HYAL3,TRAPPC3,1,1
HYAL3,TRUB2,1,1
HYAL3,UTP4,1,1
HYAL3,ZPR1,1,1
HSPA14,ABT1,1,1
HSPA14,BORA,1,1
HSPA14,C4ORF46,1,1
HSPA14,CCAR1,1,1
HSPA14,CDCA5,1,1
HSPA14,CENPJ,1,1
HSPA14,CHUK,1,1
HSPA14,DEK,1,1
HSPA14,DKK 1.00,1,1
HSPA14,DNAJC9,1,1
HSPA14,ECD,1,1
HSPA14,EIF4E,1,1
HSPA14,ENY2,1,1
HSPA14,ERCC3,1,1
HSPA14,ERLIN1,1,1
HSPA14,EXOSC8,1,1
HSPA14,FAM111B,1,1
HSPA14,FUBP1,1,1
HSPA14,HAUS2,1,1
HSPA14,HMGB1,1,1
HSPA14,HMGB2,1,1
HSPA14,HMGN1,1,1
HSPA14,HNRNPA1P48,1,1
HSPA14,HNRNPD,1,1
HSPA14,KPNA3,1,1
HSPA14,LARP1B,1,1
HSPA14,MCM10,1,1
HSPA14,MED10,1,1
HSPA14,MRPL1,1,1
HSPA14,NAA20,1,1
HSPA14,NAF1,1,1
HSPA14,NR2F2,1,1
HSPA14,NSMCE4A,1,1
HSPA14,NUP188,1,1
HSPA14,PLAGL2,1,1
HSPA14,PLK4,1,1
HSPA14,POLR2D,1,1
HSPA14,PPRC1,1,1
HSPA14,PSMC3IP,1,1
HSPA14,RAB35,1,1
HSPA14,RABGGTB,1,1
HSPA14,RBM22,1,1
HSPA14,RBM25,1,1
HSPA14,RBM26,1,1
HSPA14,RBMXL1,1,1
HSPA14,RNF219,1,1
HSPA14,SAPCD2,1,1
HSPA14,SKA3,1,1
HSPA14,SMN2,1,1
HSPA14,SNRPD1,1,1
HSPA14,SPRYD7,1,1
HSPA14,SUPV3L1,1,1
HSPA14,TFAM,1,1
HSPA14,TFDP1,1,1
HSPA14,TIMM23,1,1
HSPA14,TRPM2,1,1
HSPA14,TYW3,1,1
HSPA14,VRK1,1,1
HSPA14,ZBTB9,1,1
HSPA14,ZDHHC24,1,1
HSPA14,ZNF283,1,1
HSPA14,ZNF544,1,1
TCERG1,ABCE1,1,1
TCERG1,ABHD5,1,1
TCERG1,ADNP2,1,1
TCERG1,ANP32E,1,1
TCERG1,BNIP1,1,1
TCERG1,BRIX1,1,1
TCERG1,C12ORF75,1,1
TCERG1,CCDC138,1,1
TCERG1,CCNA2,1,1
TCERG1,CCP110,1,1
TCERG1,CCT5,1,1
TCERG1,CCT8,1,1
TCERG1,CD3EAP,1,1
TCERG1,CDC123,1,1
TCERG1,CDCA5,1,1
TCERG1,CENPJ,1,1
TCERG1,CISD1,1,1
TCERG1,CKS1B,1,1
TCERG1,CSTF2,1,1
TCERG1,DAZAP1,1,1
TCERG1,DDX18,1,1
TCERG1,DDX21,1,1
TCERG1,DEK,1,1
TCERG1,DHX35,1,1
TCERG1,DKK 1.00,1,1
TCERG1,DNA2,1,1
TCERG1,DPH2,1,1
TCERG1,EED,1,1
TCERG1,EID2,1,1
TCERG1,EIF2S1,1,1
TCERG1,EIF3M,1,1
TCERG1,ENY2,1,1
TCERG1,ERI1,1,1
TCERG1,ERVK3-1,1,1
TCERG1,EXOSC2,1,1
TCERG1,EXT1,1,1
TCERG1,FBXO45,1,1
TCERG1,GABRA5,1,1
TCERG1,GINS3,1,1
TCERG1,GLRX2,1,1
TCERG1,GNPNAT1,1,1
TCERG1,GTF3C4,1,1
TCERG1,HARS,1,1
TCERG1,HCFC1,1,1
TCERG1,HMGB1,1,1
TCERG1,HNRNPA1,1,1
TCERG1,HNRNPA1P48,1,1
TCERG1,HNRNPD,1,1
TCERG1,HNRNPU,1,1
TCERG1,ILF2,1,1
TCERG1,IQCJ-SCHIP1,1,1
TCERG1,KIAA0101,1,1
TCERG1,KIF15,1,1
TCERG1,KMT5A,1,1
TCERG1,KPNA3,1,1
TCERG1,LBR,1,1
TCERG1,LMNB1,1,1
TCERG1,LMNB2,1,1
TCERG1,LRR1,1,1
TCERG1,MAGOH,1,1
TCERG1,MCM10,1,1
TCERG1,MCM2,1,1
TCERG1,MCRS1,1,1
TCERG1,MED10,1,1
TCERG1,MEGF8,1,1
TCERG1,MIS18A,1,1
TCERG1,MMP24-AS1,1,1
TCERG1,MRPL39,1,1
TCERG1,MYBL2,1,1
TCERG1,NAA15,1,1
TCERG1,NAA20,1,1
TCERG1,NAE1,1,1
TCERG1,NOLC1,1,1
TCERG1,NRF1,1,1
TCERG1,NUFIP1,1,1
TCERG1,NUP107,1,1
TCERG1,PAK1IP1,1,1
TCERG1,PCGF6,1,1
TCERG1,PDE12,1,1
TCERG1,PDSS1,1,1
TCERG1,PLK4,1,1
TCERG1,PNN,1,1
TCERG1,POLE3,1,1
TCERG1,PPIH,1,1
TCERG1,PPM1G,1,1
TCERG1,PPP2CA,1,1
TCERG1,PPRC1,1,1
TCERG1,PRPF4,1,1
TCERG1,PSMA3,1,1
TCERG1,PSMC1,1,1
TCERG1,PSMC3,1,1
TCERG1,PSMC3IP,1,1
TCERG1,PSMC6,1,1
TCERG1,PSMD2,1,1
TCERG1,PSMD5,1,1
TCERG1,PTS,1,1
TCERG1,PUS7L,1,1
TCERG1,RAB35,1,1
TCERG1,RAD1,1,1
TCERG1,RARS,1,1
TCERG1,RIOK1,1,1
TCERG1,RNF168,1,1
TCERG1,RP11-424C20.2,1,1
TCERG1,RP11-673C5.1,1,1
TCERG1,RPP40,1,1
TCERG1,RRP12,1,1
TCERG1,RRP1B,1,1
TCERG1,RRS1,1,1
TCERG1,SACS,1,1
TCERG1,SAPCD2,1,1
TCERG1,SERBP1,1,1
TCERG1,SET,1,1
TCERG1,SF3B3,1,1
TCERG1,SF3B4,1,1
TCERG1,SH2D5,1,1
TCERG1,SKA3,1,1
TCERG1,SKP2,1,1
TCERG1,SMN2,1,1
TCERG1,SMNDC1,1,1
TCERG1,SNRPC,1,1
TCERG1,SNRPE,1,1
TCERG1,SPOCK1,1,1
TCERG1,SREK1IP1,1,1
TCERG1,SRP72,1,1
TCERG1,SRPK1,1,1
TCERG1,SRSF3,1,1
TCERG1,SSRP1,1,1
TCERG1,SVIP,1,1
TCERG1,SYNCRIP,1,1
TCERG1,TAF9,1,1
TCERG1,TAP2,1,1
TCERG1,TFAM,1,1
TCERG1,TFB2M,1,1
TCERG1,TIMM23,1,1
TCERG1,TMA16,1,1
TCERG1,TMEM14B,1,1
TCERG1,TOE1,1,1
TCERG1,TOP3A,1,1
TCERG1,TRIP13,1,1
TCERG1,TRMT10C,1,1
TCERG1,TSFM,1,1
TCERG1,TSSC4,1,1
TCERG1,TTF1,1,1
TCERG1,TUBB4B,1,1
TCERG1,UBE2T,1,1
TCERG1,UCHL5,1,1
TCERG1,UHRF1,1,1
TCERG1,UHRF1BP1L,1,1
TCERG1,URB1,1,1
TCERG1,USP1,1,1
TCERG1,UTP23,1,1
TCERG1,VRK1,1,1
TCERG1,WWC1,1,1
TCERG1,ZIC2,1,1
TCERG1,ZNF180,1,1
TCERG1,ZNF195,1,1
TCERG1,ZNF283,1,1
TCERG1,ZNF473,1,1
TCERG1,ZNF670,1,1
TCERG1,ZNF695,1,1
TCERG1,ZW10,1,1
TCERG1,ZWILCH,1,1
SF3B4,ACD,1,1
SF3B4,AHI1,1,1
SF3B4,ATRIP,1,1
SF3B4,BRD4,1,1
SF3B4,C12ORF29,1,1
SF3B4,CAPRIN1,1,1
SF3B4,CCT5,1,1
SF3B4,CCT8,1,1
SF3B4,CDC123,1,1
SF3B4,CDC42EP2,1,1
SF3B4,CDK7,1,1
SF3B4,CFAP20,1,1
SF3B4,CHORDC1,1,1
SF3B4,CMSS1,1,1
SF3B4,CNOT7,1,1
SF3B4,COPS5,1,1
SF3B4,CRIM1,1,1
SF3B4,CSTF2,1,1
SF3B4,CTDSPL2,1,1
SF3B4,DAZAP1,1,1
SF3B4,DDX21,1,1
SF3B4,DDX28,1,1
SF3B4,DDX47,1,1
SF3B4,DHRS7B,1,1
SF3B4,DHX35,1,1
SF3B4,DNA2,1,1
SF3B4,EID2,1,1
SF3B4,EIF2S1,1,1
SF3B4,EIF3M,1,1
SF3B4,EMG1,1,1
SF3B4,ERI1,1,1
SF3B4,EXOSC2,1,1
SF3B4,FAM136A,1,1
SF3B4,FBXO45,1,1
SF3B4,FEM1A,1,1
SF3B4,FTSJ1,1,1
SF3B4,FTSJ3,1,1
SF3B4,GABRA5,1,1
SF3B4,GART,1,1
SF3B4,GCH1,1,1
SF3B4,GEMIN7,1,1
SF3B4,GINS3,1,1
SF3B4,GLRX2,1,1
SF3B4,GNPNAT1,1,1
SF3B4,GPATCH4,1,1
SF3B4,GTF3C4,1,1
SF3B4,HARS,1,1
SF3B4,HN1,1,1
SF3B4,HNRNPA1,1,1
SF3B4,HNRNPC,1,1
SF3B4,ILF2,1,1
SF3B4,IQCJ-SCHIP1,1,1
SF3B4,ITM2C,1,1
SF3B4,KARS,1,1
SF3B4,KIAA0319L,1,1
SF3B4,KIAA0586,1,1
SF3B4,KLHL18,1,1
SF3B4,KRT18,1,1
SF3B4,LBR,1,1
SF3B4,LLPH,1,1
SF3B4,LMNB2,1,1
SF3B4,MAGED2,1,1
SF3B4,MAGOH,1,1
SF3B4,MAK16,1,1
SF3B4,MAP4K5,1,1
SF3B4,MAPK1IP1L,1,1
SF3B4,MAPK6,1,1
SF3B4,MCM10,1,1
SF3B4,MCM2,1,1
SF3B4,MCRS1,1,1
SF3B4,MMP24-AS1,1,1
SF3B4,MRPL21,1,1
SF3B4,MRPL39,1,1
SF3B4,MT1X,1,1
SF3B4,MYBL2,1,1
SF3B4,NAE1,1,1
SF3B4,NASP,1,1
SF3B4,NCR3LG1,1,1
SF3B4,NEK7,1,1
SF3B4,NIPAL1,1,1
SF3B4,NKX3-1,1,1
SF3B4,NUFIP1,1,1
SF3B4,NUP107,1,1
SF3B4,PAK1IP1,1,1
SF3B4,PAPD5,1,1
SF3B4,PDE12,1,1
SF3B4,PFDN2,1,1
SF3B4,PIGV,1,1
SF3B4,PIP5K1A,1,1
SF3B4,PLAUR,1,1
SF3B4,PMM1,1,1
SF3B4,PMPCA,1,1
SF3B4,PNN,1,1
SF3B4,POLR3C,1,1
SF3B4,PPCS,1,1
SF3B4,PPM1G,1,1
SF3B4,PPP2R1B,1,1
SF3B4,PPWD1,1,1
SF3B4,PRMT1,1,1
SF3B4,PRPF38A,1,1
SF3B4,PRPF4,1,1
SF3B4,PSMA3,1,1
SF3B4,PSMC1,1,1
SF3B4,PSMC3,1,1
SF3B4,PSMC3IP,1,1
SF3B4,PSMC6,1,1
SF3B4,PSMD2,1,1
SF3B4,QSER1,1,1
SF3B4,RARS,1,1
SF3B4,REXO1,1,1
SF3B4,RIOK1,1,1
SF3B4,RP11-424C20.2,1,1
SF3B4,RPP40,1,1
SF3B4,RRP12,1,1
SF3B4,RRS1,1,1
SF3B4,SACS,1,1
SF3B4,SAPCD2,1,1
SF3B4,SERBP1,1,1
SF3B4,SET,1,1
SF3B4,SIX1,1,1
SF3B4,SKP2,1,1
SF3B4,SMS,1,1
SF3B4,SNAPC1,1,1
SF3B4,SNRNP48,1,1
SF3B4,SNRPE,1,1
SF3B4,SPIN4,1,1
SF3B4,SREK1IP1,1,1
SF3B4,SRP72,1,1
SF3B4,SRPK1,1,1
SF3B4,SSRP1,1,1
SF3B4,STIP1,1,1
SF3B4,TAF9,1,1
SF3B4,TAP2,1,1
SF3B4,TARS,1,1
SF3B4,TEX10,1,1
SF3B4,TIMM10,1,1
SF3B4,TIMM17A,1,1
SF3B4,TIMM8A,1,1
SF3B4,TMA16,1,1
SF3B4,TNFRSF12A,1,1
SF3B4,TOP3A,1,1
SF3B4,TRIP13,1,1
SF3B4,TRMT10C,1,1
SF3B4,TRUB2,1,1
SF3B4,TTF1,1,1
SF3B4,TUBB4B,1,1
SF3B4,UBE2N,1,1
SF3B4,UHRF1,1,1
SF3B4,URB1,1,1
SF3B4,UTP23,1,1
SF3B4,UTP4,1,1
SF3B4,WDR74,1,1
SF3B4,WRN,1,1
SF3B4,XK,1,1
SF3B4,YARS2,1,1
SF3B4,ZNF146,1,1
SF3B4,ZNF283,1,1
SF3B4,ZNF670,1,1
SF3B4,ZPR1,1,1
ZNF143,ACTN1,1,1
ZNF143,ARF5,1,1
ZNF143,ATP6AP1,1,1
ZNF143,CDH2,1,1
ZNF143,CSTF2,1,1
ZNF143,DDX18,1,1
ZNF143,DUXAP9,1,1
ZNF143,EIF6,1,1
ZNF143,EP400,1,1
ZNF143,ERVK3-1,1,1
ZNF143,FAM234A,1,1
ZNF143,FAM60A,1,1
ZNF143,GEMIN7,1,1
ZNF143,GLRX2,1,1
ZNF143,HCFC1,1,1
ZNF143,KIAA1429,1,1
ZNF143,LARP4,1,1
ZNF143,LINC01296,1,1
ZNF143,LLPH,1,1
ZNF143,LMBRD1,1,1
ZNF143,MYSM1,1,1
ZNF143,NAA15,1,1
ZNF143,NAGLU,1,1
ZNF143,NCALD,1,1
ZNF143,NENF,1,1
ZNF143,NUDCD1,1,1
ZNF143,PDE12,1,1
ZNF143,PER2,1,1
ZNF143,PHIP,1,1
ZNF143,PPM1G,1,1
ZNF143,PPP2CA,1,1
ZNF143,PRKCI,1,1
ZNF143,PRMT1,1,1
ZNF143,PSMC4,1,1
ZNF143,PUS7L,1,1
ZNF143,RP11-529K1.3,1,1
ZNF143,RRP36,1,1
ZNF143,SCHIP1,1,1
ZNF143,SMARCD1,1,1
ZNF143,SMIM13,1,1
ZNF143,SNRNP200,1,1
ZNF143,SPOPL,1,1
ZNF143,SRP19,1,1
ZNF143,TAF9,1,1
ZNF143,TARS,1,1
ZNF143,TFB2M,1,1
ZNF143,TOP3A,1,1
ZNF143,TPM3,1,1
ZNF143,TRUB1,1,1
ZNF143,TUBB3,1,1
ZNF143,UBE2J2,1,1
ZNF143,UCHL5,1,1
ZNF143,UHMK1,1,1
ZNF143,WBP2,1,1
ZNF143,ZDHHC4,1,1
ZNF143,ZNF473,1,1
SMIM14,ABCE1,1,1
SMIM14,AC009237.8,1,1
SMIM14,ACOX1,1,1
SMIM14,ACTN1,1,1
SMIM14,B4GAT1,1,1
SMIM14,BZW1,1,1
SMIM14,CBFB,1,1
SMIM14,CCT2,1,1
SMIM14,CHERP,1,1
SMIM14,CRLF3,1,1
SMIM14,CYB5D2,1,1
SMIM14,DCAF13,1,1
SMIM14,DDX18,1,1
SMIM14,DIAPH1,1,1
SMIM14,EBNA1BP2,1,1
SMIM14,EIF2B1,1,1
SMIM14,GMEB2,1,1
SMIM14,GRWD1,1,1
SMIM14,HNRNPH1,1,1
SMIM14,HOXB2,1,1
SMIM14,IPO11,1,1
SMIM14,KANSL1L,1,1
SMIM14,MAPKAPK5,1,1
SMIM14,MB21D1,1,1
SMIM14,MLKL,1,1
SMIM14,MRPL9,1,1
SMIM14,NAGLU,1,1
SMIM14,NMI,1,1
SMIM14,NUDCD1,1,1
SMIM14,NUP155,1,1
SMIM14,PDRG1,1,1
SMIM14,PGAM5,1,1
SMIM14,PKNOX1,1,1
SMIM14,PPP2CA,1,1
SMIM14,PPP3R1,1,1
SMIM14,RAD23B,1,1
SMIM14,RBM27,1,1
SMIM14,RFC3,1,1
SMIM14,RNASEK,1,1
SMIM14,SART3,1,1
SMIM14,SBNO1,1,1
SMIM14,SCYL3,1,1
SMIM14,SEH1L,1,1
SMIM14,SGTA,1,1
SMIM14,SKIV2L2,1,1
SMIM14,SMAGP,1,1
SMIM14,SMIM15,1,1
SMIM14,SNRNP200,1,1
SMIM14,SNRPG,1,1
SMIM14,SNX5,1,1
SMIM14,SRSF7,1,1
SMIM14,TMEM205,1,1
SMIM14,TOMM40,1,1
SMIM14,TPRKB,1,1
SMIM14,TTC4,1,1
SMIM14,TUBA1C,1,1
SMIM14,UBA2,1,1
SMIM14,UBE2V1,1,1
SMIM14,VBP1,1,1
SMIM14,WBP2,1,1
SMIM14,WDR13,1,1
SMIM14,WDR36,1,1
SMIM14,WWC1,1,1
SMIM14,XPOT,1,1
SMIM14,ZC3H8,1,1
PDCD2L,BRIX1,1,1
PDCD2L,BUB1B,1,1
PDCD2L,BVES,1,1
PDCD2L,C14ORF80,1,1
PDCD2L,CBFB,1,1
PDCD2L,CBY1,1,1
PDCD2L,CCDC112,1,1
PDCD2L,CCT2,1,1
PDCD2L,CCT8,1,1
PDCD2L,CDK19,1,1
PDCD2L,CHRNA5,1,1
PDCD2L,CLINT1,1,1
PDCD2L,CPSF6,1,1
PDCD2L,DAZAP1,1,1
PDCD2L,DEPDC1B,1,1
PDCD2L,DPF1,1,1
PDCD2L,DPY19L2P1,1,1
PDCD2L,EBNA1BP2,1,1
PDCD2L,EIF2B1,1,1
PDCD2L,ELAVL1,1,1
PDCD2L,FAM98B,1,1
PDCD2L,FBXL4,1,1
PDCD2L,GHDC,1,1
PDCD2L,GTF2H3,1,1
PDCD2L,HNRNPL,1,1
PDCD2L,HSP90AA1,1,1
PDCD2L,IPO4,1,1
PDCD2L,IRAK1,1,1
PDCD2L,ITGB3BP,1,1
PDCD2L,KANSL1L,1,1
PDCD2L,KIAA1524,1,1
PDCD2L,KIF14,1,1
PDCD2L,L2HGDH,1,1
PDCD2L,MEGF8,1,1
PDCD2L,MLKL,1,1
PDCD2L,MRPL47,1,1
PDCD2L,MTFR1L,1,1
PDCD2L,NABP2,1,1
PDCD2L,NRGN,1,1
PDCD2L,NUP155,1,1
PDCD2L,PGAM5,1,1
PDCD2L,POLR3E,1,1
PDCD2L,PPP5C,1,1
PDCD2L,PRPS1,1,1
PDCD2L,PSMA3,1,1
PDCD2L,PSMC5,1,1
PDCD2L,PSMD4,1,1
PDCD2L,PSME4,1,1
PDCD2L,RAD18,1,1
PDCD2L,RAD23B,1,1
PDCD2L,RAD51AP1,1,1
PDCD2L,RAD54B,1,1
PDCD2L,RELT,1,1
PDCD2L,RFWD3,1,1
PDCD2L,SIX1,1,1
PDCD2L,SMIM15,1,1
PDCD2L,SNRPF,1,1
PDCD2L,TBPL1,1,1
PDCD2L,TDRP,1,1
PDCD2L,TEAD4,1,1
PDCD2L,TERF1,1,1
PDCD2L,TFB2M,1,1
PDCD2L,TIMM8A,1,1
PDCD2L,TJP2,1,1
PDCD2L,TMEM126A,1,1
PDCD2L,TMEM260,1,1
PDCD2L,TMEM69,1,1
PDCD2L,TTC4,1,1
PDCD2L,TUBA1C,1,1
PDCD2L,UBE2C,1,1
PDCD2L,UCK2,1,1
PDCD2L,USP10,1,1
PDCD2L,VBP1,1,1
PDCD2L,VRK3,1,1
PDCD2L,WDR13,1,1
PDCD2L,ZC3H8,1,1
PDCD2L,ZIC2,1,1
PDCD2L,ZNF695,1,1
CDCA4,AASS,1,1
CDCA4,ACACB,1,1
CDCA4,AHCTF1,1,1
CDCA4,BBS4,1,1
CDCA4,BRIX1,1,1
CDCA4,BTN3A1,1,1
CDCA4,C12ORF29,1,1
CDCA4,C14ORF80,1,1
CDCA4,CBR4,1,1
CDCA4,CCDC59,1,1
CDCA4,CCT8,1,1
CDCA4,CNOT3,1,1
CDCA4,CPSF6,1,1
CDCA4,DAZAP1,1,1
CDCA4,DDX10,1,1
CDCA4,DDX28,1,1
CDCA4,DIMT1,1,1
CDCA4,DPY19L2P1,1,1
CDCA4,DUSP12,1,1
CDCA4,EIF2S3,1,1
CDCA4,EIF3J,1,1
CDCA4,EIF5,1,1
CDCA4,ELAVL1,1,1
CDCA4,EMG1,1,1
CDCA4,FAM136A,1,1
CDCA4,FAM69B,1,1
CDCA4,FAM98B,1,1
CDCA4,FASTKD3,1,1
CDCA4,GHDC,1,1
CDCA4,GPATCH4,1,1
CDCA4,GSTK1,1,1
CDCA4,H3F3B,1,1
CDCA4,HMGCL,1,1
CDCA4,HS1BP3,1,1
CDCA4,IGF2BP1,1,1
CDCA4,ILF2,1,1
CDCA4,IPO4,1,1
CDCA4,IRAK1,1,1
CDCA4,KIAA0319L,1,1
CDCA4,KIAA1524,1,1
CDCA4,LMNB2,1,1
CDCA4,LURAP1,1,1
CDCA4,MAK16,1,1
CDCA4,MAP4K5,1,1
CDCA4,MRPL50,1,1
CDCA4,NAP1L1,1,1
CDCA4,NAT10,1,1
CDCA4,NEK7,1,1
CDCA4,NRGN,1,1
CDCA4,PM20D2,1,1
CDCA4,POLR1B,1,1
CDCA4,PRPF40A,1,1
CDCA4,PSMA3,1,1
CDCA4,PSMA6,1,1
CDCA4,PSMB5,1,1
CDCA4,PSMC5,1,1
CDCA4,PSMC6,1,1
CDCA4,RFWD3,1,1
CDCA4,RIF1,1,1
CDCA4,RLIM,1,1
CDCA4,RPP40,1,1
CDCA4,SCO1,1,1
CDCA4,SLC2A1,1,1
CDCA4,SNAPC1,1,1
CDCA4,SPIN4,1,1
CDCA4,SUB1,1,1
CDCA4,TANGO2,1,1
CDCA4,TBPL1,1,1
CDCA4,TIMM10,1,1
CDCA4,TIMM17A,1,1
CDCA4,TIMM8A,1,1
CDCA4,TMEM53,1,1
CDCA4,TROVE2,1,1
CDCA4,UCK2,1,1
CDCA4,UTP23,1,1
CDCA4,VRK3,1,1
CDCA4,ZNF146,1,1
CDCA4,ZNF215,1,1
CDCA4,ZNF639,1,1
APEX2,AP1M1,1,1
APEX2,ARFIP2,1,1
APEX2,C19ORF47,1,1
APEX2,C5ORF42,1,1
APEX2,CDK4,1,1
APEX2,CNOT11,1,1
APEX2,CWC22,1,1
APEX2,CYB5B,1,1
APEX2,DCAF13,1,1
APEX2,DPM1,1,1
APEX2,GLRX3,1,1
APEX2,GPATCH11,1,1
APEX2,HOXB2,1,1
APEX2,HRAS,1,1
APEX2,ITPA,1,1
APEX2,KTI12,1,1
APEX2,MCMBP,1,1
APEX2,MOCS3,1,1
APEX2,MRPL22,1,1
APEX2,MTF2,1,1
APEX2,MYOF,1,1
APEX2,NANP,1,1
APEX2,NPEPPS,1,1
APEX2,NUDCD1,1,1
APEX2,NUP58,1,1
APEX2,NXT1,1,1
APEX2,ORC2,1,1
APEX2,PCYOX1L,1,1
APEX2,PDRG1,1,1
APEX2,PER2,1,1
APEX2,PRELID1,1,1
APEX2,RPP30,1,1
APEX2,SCYL3,1,1
APEX2,SNRNP200,1,1
APEX2,SNRPC,1,1
APEX2,STAMBPL1,1,1
APEX2,TAF2,1,1
APEX2,TENM3,1,1
APEX2,TSFM,1,1
APEX2,TTC1,1,1
APEX2,TTL,1,1
APEX2,UBE2J2,1,1
APEX2,UBE2V1,1,1
APEX2,WDR46,1,1
APEX2,WWC1,1,1
APEX2,XRN2,1,1
APEX2,ZBTB37,1,1
APEX2,ZNF142,1,1
FAM76A,AASS,1,1
FAM76A,ABCA5,1,1
FAM76A,ACSL4,1,1
FAM76A,ADAM9,1,1
FAM76A,C16ORF91,1,1
FAM76A,CDC42EP2,1,1
FAM76A,CIAO1,1,1
FAM76A,CLPTM1L,1,1
FAM76A,CMSS1,1,1
FAM76A,CNPY3,1,1
FAM76A,COPS5,1,1
FAM76A,CTDSPL2,1,1
FAM76A,DDX47,1,1
FAM76A,DHRS7B,1,1
FAM76A,EIF2AK4,1,1
FAM76A,EIF2S3,1,1
FAM76A,ELK3,1,1
FAM76A,EMG1,1,1
FAM76A,FAM69B,1,1
FAM76A,FCHSD2,1,1
FAM76A,FEZ2,1,1
FAM76A,FIS1,1,1
FAM76A,FKBP3,1,1
FAM76A,FTSJ3,1,1
FAM76A,GSTK1,1,1
FAM76A,GSTM4,1,1
FAM76A,HMGCL,1,1
FAM76A,HN1,1,1
FAM76A,ISY1,1,1
FAM76A,ITM2C,1,1
FAM76A,KARS,1,1
FAM76A,KIAA0319L,1,1
FAM76A,KIAA0586,1,1
FAM76A,LAMB3,1,1
FAM76A,MAGED2,1,1
FAM76A,MAK16,1,1
FAM76A,MAN2A2,1,1
FAM76A,MAP4K5,1,1
FAM76A,MAPK6,1,1
FAM76A,MICALL1,1,1
FAM76A,MNAT1,1,1
FAM76A,MRPL21,1,1
FAM76A,NAP1L1,1,1
FAM76A,NCR3LG1,1,1
FAM76A,PAPD5,1,1
FAM76A,PDE6D,1,1
FAM76A,PHLDA2,1,1
FAM76A,PIP5K1A,1,1
FAM76A,PLAUR,1,1
FAM76A,PMM1,1,1
FAM76A,POLB,1,1
FAM76A,PSMA6,1,1
FAM76A,PSMB5,1,1
FAM76A,PTPRB,1,1
FAM76A,QSER1,1,1
FAM76A,RIN1,1,1
FAM76A,RIN2,1,1
FAM76A,SAMD1,1,1
FAM76A,SCO1,1,1
FAM76A,SMN1,1,1
FAM76A,SPIN4,1,1
FAM76A,TIMM17A,1,1
FAM76A,TRUB2,1,1
FAM76A,UBE2N,1,1
FAM76A,UTP4,1,1
FAM76A,VEZT,1,1
FAM76A,WDR18,1,1
FAM76A,ZNF462,1,1
FAM76A,ZNF678,1,1
TRAPPC3,ACACB,1,1
TRAPPC3,ACSL4,1,1
TRAPPC3,AHI1,1,1
TRAPPC3,ANKRD33B,1,1
TRAPPC3,ANXA1,1,1
TRAPPC3,ARF4,1,1
TRAPPC3,BCL2A1,1,1
TRAPPC3,BTF3L4,1,1
TRAPPC3,C19ORF66,1,1
TRAPPC3,CCT5,1,1
TRAPPC3,CCT8,1,1
TRAPPC3,CDC73,1,1
TRAPPC3,CDH2,1,1
TRAPPC3,CDK7,1,1
TRAPPC3,CFL2,1,1
TRAPPC3,CIAO1,1,1
TRAPPC3,CMPK1,1,1
TRAPPC3,CMSS1,1,1
TRAPPC3,CMTM7,1,1
TRAPPC3,CNPY3,1,1
TRAPPC3,COPS5,1,1
TRAPPC3,CPT1A,1,1
TRAPPC3,CSNK2B,1,1
TRAPPC3,CSTF2,1,1
TRAPPC3,CTDSPL2,1,1
TRAPPC3,CYP27A1,1,1
TRAPPC3,DHRS7B,1,1
TRAPPC3,DHX35,1,1
TRAPPC3,DUSP12,1,1
TRAPPC3,EAF1,1,1
TRAPPC3,EIF2S1,1,1
TRAPPC3,EIF3M,1,1
TRAPPC3,EIF6,1,1
TRAPPC3,ELK3,1,1
TRAPPC3,EP400,1,1
TRAPPC3,ERI1,1,1
TRAPPC3,FAM60A,1,1
TRAPPC3,FARSA,1,1
TRAPPC3,FBXL6,1,1
TRAPPC3,FBXO45,1,1
TRAPPC3,FRMD5,1,1
TRAPPC3,FSD1,1,1
TRAPPC3,FTSJ1,1,1
TRAPPC3,FTSJ3,1,1
TRAPPC3,GABRA5,1,1
TRAPPC3,GADD45A,1,1
TRAPPC3,GANAB,1,1
TRAPPC3,GART,1,1
TRAPPC3,GCH1,1,1
TRAPPC3,GEMIN7,1,1
TRAPPC3,GHDC,1,1
TRAPPC3,GNE,1,1
TRAPPC3,GNPNAT1,1,1
TRAPPC3,GOLPH3L,1,1
TRAPPC3,GSKIP,1,1
TRAPPC3,HN1,1,1
TRAPPC3,HS1BP3,1,1
TRAPPC3,HTR7,1,1
TRAPPC3,ID1,1,1
TRAPPC3,IQCJ-SCHIP1,1,1
TRAPPC3,KARS,1,1
TRAPPC3,KIAA0319L,1,1
TRAPPC3,KRT18,1,1
TRAPPC3,LAMB3,1,1
TRAPPC3,LAPTM4A,1,1
TRAPPC3,LBR,1,1
TRAPPC3,LIN7C,1,1
TRAPPC3,LINC01296,1,1
TRAPPC3,LLPH,1,1
TRAPPC3,LMNB2,1,1
TRAPPC3,LURAP1,1,1
TRAPPC3,MAGED2,1,1
TRAPPC3,MAP4K5,1,1
TRAPPC3,MCFD2,1,1
TRAPPC3,MMP24-AS1,1,1
TRAPPC3,MRPS14,1,1
TRAPPC3,MYNN,1,1
TRAPPC3,MYSM1,1,1
TRAPPC3,NAA30,1,1
TRAPPC3,NAE1,1,1
TRAPPC3,NCR3LG1,1,1
TRAPPC3,NDFIP2,1,1
TRAPPC3,NIPAL1,1,1
TRAPPC3,NOSIP,1,1
TRAPPC3,P2RX4,1,1
TRAPPC3,PDE12,1,1
TRAPPC3,PDF,1,1
TRAPPC3,PFDN2,1,1
TRAPPC3,PHLDA2,1,1
TRAPPC3,PLAUR,1,1
TRAPPC3,PMM1,1,1
TRAPPC3,POLR2H,1,1
TRAPPC3,PPM1G,1,1
TRAPPC3,PPP1R14BP3,1,1
TRAPPC3,PRKCDBP,1,1
TRAPPC3,PRKCI,1,1
TRAPPC3,PRMT1,1,1
TRAPPC3,PRPF38A,1,1
TRAPPC3,PRPF4,1,1
TRAPPC3,PSMA6,1,1
TRAPPC3,PSMC1,1,1
TRAPPC3,PSMC3,1,1
TRAPPC3,PSMC4,1,1
TRAPPC3,PSMC5,1,1
TRAPPC3,PUS7L,1,1
TRAPPC3,QSER1,1,1
TRAPPC3,RIN1,1,1
TRAPPC3,RNF168,1,1
TRAPPC3,RPS26,1,1
TRAPPC3,RRAS2,1,1
TRAPPC3,RRP12,1,1
TRAPPC3,RUVBL2,1,1
TRAPPC3,SACS,1,1
TRAPPC3,SCHIP1,1,1
TRAPPC3,SCN8A,1,1
TRAPPC3,SCPEP1,1,1
TRAPPC3,SEPT9,1,1
TRAPPC3,SERBP1,1,1
TRAPPC3,SIX1,1,1
TRAPPC3,SLC11A2,1,1
TRAPPC3,SLC25A43,1,1
TRAPPC3,SLC25A51,1,1
TRAPPC3,SLC2A4RG,1,1
TRAPPC3,SLC39A1,1,1
TRAPPC3,SMARCD1,1,1
TRAPPC3,SMIM13,1,1
TRAPPC3,SMN1,1,1
TRAPPC3,SMS,1,1
TRAPPC3,SNRNP48,1,1
TRAPPC3,SNRPE,1,1
TRAPPC3,SOX10,1,1
TRAPPC3,SPIN4,1,1
TRAPPC3,SPOPL,1,1
TRAPPC3,SREK1IP1,1,1
TRAPPC3,SRP19,1,1
TRAPPC3,SSRP1,1,1
TRAPPC3,ST3GAL6,1,1
TRAPPC3,TAF9,1,1
TRAPPC3,TAOK2,1,1
TRAPPC3,TARS,1,1
TRAPPC3,TIMM17A,1,1
TRAPPC3,TMA16,1,1
TRAPPC3,TMCO1,1,1
TRAPPC3,TMEM123,1,1
TRAPPC3,TMEM208,1,1
TRAPPC3,TNFRSF12A,1,1
TRAPPC3,TROVE2,1,1
TRAPPC3,TRUB2,1,1
TRAPPC3,UBE2N,1,1
TRAPPC3,UGT8,1,1
TRAPPC3,UHMK1,1,1
TRAPPC3,VEZT,1,1
TRAPPC3,VMA21,1,1
TRAPPC3,WDR74,1,1
TRAPPC3,ZNF281,1,1
DHODH,CCT5,1,1
DHODH,CCT8,1,1
DHODH,CFL2,1,1
DHODH,CMSS1,1,1
DHODH,CNPY3,1,1
DHODH,COPS5,1,1
DHODH,CRIM1,1,1
DHODH,DAZAP1,1,1
DHODH,DDX47,1,1
DHODH,DHRS7B,1,1
DHODH,DHX35,1,1
DHODH,DVL2,1,1
DHODH,EIF2S1,1,1
DHODH,EIF3M,1,1
DHODH,EXOSC2,1,1
DHODH,FTSJ1,1,1
DHODH,GABRA5,1,1
DHODH,GNPNAT1,1,1
DHODH,HN1,1,1
DHODH,HNRNPA1,1,1
DHODH,HS1BP3,1,1
DHODH,IFI44,1,1
DHODH,ILF2,1,1
DHODH,KARS,1,1
DHODH,KIAA0319L,1,1
DHODH,LBR,1,1
DHODH,LMNB2,1,1
DHODH,MCM2,1,1
DHODH,MT1X,1,1
DHODH,NAE1,1,1
DHODH,NASP,1,1
DHODH,NKX3-1,1,1
DHODH,PMPCA,1,1
DHODH,PSMA3,1,1
DHODH,PSMC1,1,1
DHODH,PSMC3,1,1
DHODH,PSMC6,1,1
DHODH,PSMD2,1,1
DHODH,RUVBL2,1,1
DHODH,SERBP1,1,1
DHODH,SIX1,1,1
DHODH,SMARCAL1,1,1
DHODH,SPIN4,1,1
DHODH,SSRP1,1,1
DHODH,TAF1D,1,1
DHODH,TAP2,1,1
DHODH,TIMM17A,1,1
DHODH,TMA16,1,1
DHODH,TMEM126A,1,1
DHODH,TUBB4B,1,1
DHODH,UBE2N,1,1
DHODH,WDR74,1,1
DHODH,WRN,1,1
DHODH,XK,1,1
DHODH,ZNF436,1,1
MRPL49,C14ORF142,1,1
MRPL49,CHUK,1,1
MRPL49,CRNKL1,1,1
MRPL49,DHX16,1,1
MRPL49,ERCC3,1,1
MRPL49,FAM178B,1,1
MRPL49,GPATCH11,1,1
MRPL49,GSTZ1,1,1
MRPL49,OSER1,1,1
MRPL49,PKN2,1,1
MRPL49,PLAGL2,1,1
MRPL49,PPA1,1,1
MRPL49,PSPC1,1,1
MRPL49,RBBP9,1,1
MRPL49,RECK,1,1
MRPL49,RRP8,1,1
MRPL49,SCARB1,1,1
MRPL49,SEC23IP,1,1
MRPL49,SLC25A44,1,1
MRPL49,TTC1,1,1
MRPL49,UBQLN1,1,1
MRPL49,VSIG10L,1,1
MRPL49,ZNF652,1,1
ZC3H8,ABCE1,1,1
ZC3H8,ACTN1,1,1
ZC3H8,AHCTF1,1,1
ZC3H8,BRIX1,1,1
ZC3H8,BZW1,1,1
ZC3H8,C14ORF80,1,1
ZC3H8,CBFB,1,1
ZC3H8,CBY1,1,1
ZC3H8,CCDC112,1,1
ZC3H8,CCDC138,1,1
ZC3H8,CCT2,1,1
ZC3H8,CDK19,1,1
ZC3H8,CHAC2,1,1
ZC3H8,CHRNA5,1,1
ZC3H8,CLINT1,1,1
ZC3H8,CPSF6,1,1
ZC3H8,DCAF10,1,1
ZC3H8,DDX18,1,1
ZC3H8,DEPDC1B,1,1
ZC3H8,DIAPH1,1,1
ZC3H8,DIMT1,1,1
ZC3H8,DPF1,1,1
ZC3H8,EBNA1BP2,1,1
ZC3H8,EIF2B1,1,1
ZC3H8,ELAVL1,1,1
ZC3H8,FAM98B,1,1
ZC3H8,GLRX2,1,1
ZC3H8,GRWD1,1,1
ZC3H8,HNRNPL,1,1
ZC3H8,HNRNPU,1,1
ZC3H8,IPO4,1,1
ZC3H8,IRAK1,1,1
ZC3H8,ITGB3BP,1,1
ZC3H8,KANSL1L,1,1
ZC3H8,KIAA1524,1,1
ZC3H8,KIF14,1,1
ZC3H8,L2HGDH,1,1
ZC3H8,LARP4,1,1
ZC3H8,LRRC58,1,1
ZC3H8,MAPKAPK5,1,1
ZC3H8,MEGF8,1,1
ZC3H8,MLKL,1,1
ZC3H8,MRPL47,1,1
ZC3H8,MRPL9,1,1
ZC3H8,MTFR1L,1,1
ZC3H8,NABP2,1,1
ZC3H8,NMI,1,1
ZC3H8,NOL11,1,1
ZC3H8,NUP155,1,1
ZC3H8,OTUD6B,1,1
ZC3H8,PGAM5,1,1
ZC3H8,POLR3E,1,1
ZC3H8,PPP5C,1,1
ZC3H8,PSMC5,1,1
ZC3H8,PSME4,1,1
ZC3H8,RAD23B,1,1
ZC3H8,RAD51AP1,1,1
ZC3H8,RELT,1,1
ZC3H8,RMI1,1,1
ZC3H8,RNASEK,1,1
ZC3H8,RNF126,1,1
ZC3H8,SGTA,1,1
ZC3H8,SKIV2L2,1,1
ZC3H8,SMAGP,1,1
ZC3H8,SMIM15,1,1
ZC3H8,SRSF7,1,1
ZC3H8,SYNCRIP,1,1
ZC3H8,TFB2M,1,1
ZC3H8,TMEM126A,1,1
ZC3H8,TMEM260,1,1
ZC3H8,TMEM63B,1,1
ZC3H8,TOMM40,1,1
ZC3H8,TPRKB,1,1
ZC3H8,TTC23,1,1
ZC3H8,TTC4,1,1
ZC3H8,TUBA1C,1,1
ZC3H8,UBA2,1,1
ZC3H8,USP10,1,1
ZC3H8,VBP1,1,1
ZC3H8,VRK3,1,1
ZC3H8,WBP2,1,1
ZC3H8,WDR13,1,1
ZC3H8,WDR36,1,1
ZC3H8,ZIC2,1,1
ZC3H8,ZNF695,1,1
ZC3H8,ZNF783,1,1
HNRNPA1,ABHD5,1,1
HNRNPA1,ABT1,1,1
HNRNPA1,ACD,1,1
HNRNPA1,C12ORF75,1,1
HNRNPA1,CASC5,1,1
HNRNPA1,CCT5,1,1
HNRNPA1,CDC123,1,1
HNRNPA1,CDCA5,1,1
HNRNPA1,CDK7,1,1
HNRNPA1,CNOT7,1,1
HNRNPA1,CSTF2,1,1
HNRNPA1,DDX21,1,1
HNRNPA1,DEK,1,1
HNRNPA1,DHX35,1,1
HNRNPA1,DKK 1.00,1,1
HNRNPA1,DNA2,1,1
HNRNPA1,DUT,1,1
HNRNPA1,EED,1,1
HNRNPA1,EID2,1,1
HNRNPA1,EIF2S1,1,1
HNRNPA1,EIF3M,1,1
HNRNPA1,ERI1,1,1
HNRNPA1,EXOSC2,1,1
HNRNPA1,FBXO45,1,1
HNRNPA1,FTSJ3,1,1
HNRNPA1,GABRA5,1,1
HNRNPA1,GART,1,1
HNRNPA1,GINS3,1,1
HNRNPA1,GNPNAT1,1,1
HNRNPA1,HMGB1,1,1
HNRNPA1,HMGN1,1,1
HNRNPA1,HNRNPC,1,1
HNRNPA1,HNRNPD,1,1
HNRNPA1,IQCJ-SCHIP1,1,1
HNRNPA1,KARS,1,1
HNRNPA1,KIF15,1,1
HNRNPA1,KRT18,1,1
HNRNPA1,LBR,1,1
HNRNPA1,LMNB1,1,1
HNRNPA1,LMNB2,1,1
HNRNPA1,MAGOH,1,1
HNRNPA1,MAPK1IP1L,1,1
HNRNPA1,MCM10,1,1
HNRNPA1,MCM2,1,1
HNRNPA1,MCRS1,1,1
HNRNPA1,MED10,1,1
HNRNPA1,MIS18A,1,1
HNRNPA1,MMP24-AS1,1,1
HNRNPA1,MRPL39,1,1
HNRNPA1,MT1X,1,1
HNRNPA1,MYBL2,1,1
HNRNPA1,NAA20,1,1
HNRNPA1,NAE1,1,1
HNRNPA1,NKX3-1,1,1
HNRNPA1,NUFIP1,1,1
HNRNPA1,NUP107,1,1
HNRNPA1,PAK1IP1,1,1
HNRNPA1,PCGF6,1,1
HNRNPA1,PMPCA,1,1
HNRNPA1,POLE3,1,1
HNRNPA1,PPM1G,1,1
HNRNPA1,PRPF38A,1,1
HNRNPA1,PRPF4,1,1
HNRNPA1,PSMA3,1,1
HNRNPA1,PSMC1,1,1
HNRNPA1,PSMC3,1,1
HNRNPA1,PSMC3IP,1,1
HNRNPA1,PSMC6,1,1
HNRNPA1,PSMD2,1,1
HNRNPA1,RAD1,1,1
HNRNPA1,RARS,1,1
HNRNPA1,RIOK1,1,1
HNRNPA1,RP11-424C20.2,1,1
HNRNPA1,RP11-673C5.1,1,1
HNRNPA1,RRP12,1,1
HNRNPA1,RRS1,1,1
HNRNPA1,SACS,1,1
HNRNPA1,SAPCD2,1,1
HNRNPA1,SERBP1,1,1
HNRNPA1,SET,1,1
HNRNPA1,SKA3,1,1
HNRNPA1,SKP2,1,1
HNRNPA1,SMN2,1,1
HNRNPA1,SMNDC1,1,1
HNRNPA1,SMS,1,1
HNRNPA1,SNRNP48,1,1
HNRNPA1,SNRPD1,1,1
HNRNPA1,SNRPE,1,1
HNRNPA1,SPOCK1,1,1
HNRNPA1,SREK1IP1,1,1
HNRNPA1,SRP72,1,1
HNRNPA1,SRPK1,1,1
HNRNPA1,SSRP1,1,1
HNRNPA1,TAP2,1,1
HNRNPA1,TFAM,1,1
HNRNPA1,TIMM23,1,1
HNRNPA1,TMA16,1,1
HNRNPA1,TMEM14B,1,1
HNRNPA1,TOP3A,1,1
HNRNPA1,TRIP13,1,1
HNRNPA1,TRMT10C,1,1
HNRNPA1,TTF1,1,1
HNRNPA1,TUBB4B,1,1
HNRNPA1,UBE2N,1,1
HNRNPA1,UBE2T,1,1
HNRNPA1,UHRF1,1,1
HNRNPA1,URB1,1,1
HNRNPA1,USP1,1,1
HNRNPA1,VRK1,1,1
HNRNPA1,WDR74,1,1
HNRNPA1,ZNF180,1,1
HNRNPA1,ZNF283,1,1
HNRNPA1,ZNF670,1,1
HNRNPA1,ZW10,1,1
CDK6,HSPA13,1,1
CDK6,LURAP1,1,1
CDK6,PRKAA1,1,1
CDK6,SKIL,1,1
CDK6,TMEM185B,1,1
CDK6,TROVE2,1,1
CDK6,ZDHHC21,1,1
BYSL,AKAP1,1,1
BYSL,ALYREF,1,1
BYSL,BZW1,1,1
BYSL,CCT2,1,1
BYSL,CEBPZ,1,1
BYSL,CHERP,1,1
BYSL,COA7,1,1
BYSL,DCAF10,1,1
BYSL,EBNA1BP2,1,1
BYSL,ERVK3-1,1,1
BYSL,FLOT2,1,1
BYSL,GRWD1,1,1
BYSL,LRRC58,1,1
BYSL,MPHOSPH10,1,1
BYSL,NOL11,1,1
BYSL,PNPT1,1,1
BYSL,RBM14,1,1
BYSL,RELT,1,1
BYSL,RNF126,1,1
BYSL,SEH1L,1,1
BYSL,SGTA,1,1
BYSL,SMAGP,1,1
BYSL,TFAP4,1,1
BYSL,TIPIN,1,1
BYSL,TOMM40,1,1
BYSL,TRMT61A,1,1
BYSL,TTC4,1,1
BYSL,TUBA1C,1,1
BYSL,UMPS,1,1
BYSL,URB2,1,1
BYSL,USP10,1,1
BYSL,UTP11,1,1
BYSL,UTP15,1,1
BYSL,WDR36,1,1
PSMD5,ABT1,1,1
PSMD5,ACAD10,1,1
PSMD5,ADNP2,1,1
PSMD5,BCCIP,1,1
PSMD5,CDC123,1,1
PSMD5,CDK4,1,1
PSMD5,COQ5,1,1
PSMD5,DDX18,1,1
PSMD5,DDX21,1,1
PSMD5,DDX31,1,1
PSMD5,DEK,1,1
PSMD5,DNA2,1,1
PSMD5,DPH2,1,1
PSMD5,DPM1,1,1
PSMD5,EIF4E,1,1
PSMD5,EIF4E2,1,1
PSMD5,ENY2,1,1
PSMD5,EXT1,1,1
PSMD5,FBXO45,1,1
PSMD5,FUBP1,1,1
PSMD5,GINS3,1,1
PSMD5,GLRX2,1,1
PSMD5,GLRX3,1,1
PSMD5,GTF3C4,1,1
PSMD5,HARS,1,1
PSMD5,HAUS2,1,1
PSMD5,HERPUD2,1,1
PSMD5,HMGB1,1,1
PSMD5,HNRNPD,1,1
PSMD5,HRAS,1,1
PSMD5,KHDRBS1,1,1
PSMD5,KIAA1429,1,1
PSMD5,KLHL8,1,1
PSMD5,KMT5A,1,1
PSMD5,KPNA3,1,1
PSMD5,MAGOH,1,1
PSMD5,MCM10,1,1
PSMD5,MED10,1,1
PSMD5,MMP24-AS1,1,1
PSMD5,NAA15,1,1
PSMD5,NAA20,1,1
PSMD5,NOLC1,1,1
PSMD5,NONO,1,1
PSMD5,NUDCD1,1,1
PSMD5,NUP107,1,1
PSMD5,NUP188,1,1
PSMD5,NUP58,1,1
PSMD5,NXT1,1,1
PSMD5,OSBPL11,1,1
PSMD5,PAK1IP1,1,1
PSMD5,PDE12,1,1
PSMD5,PDF,1,1
PSMD5,PDSS1,1,1
PSMD5,PER2,1,1
PSMD5,POLE3,1,1
PSMD5,POLR2D,1,1
PSMD5,PPM1G,1,1
PSMD5,PPRC1,1,1
PSMD5,RAB35,1,1
PSMD5,RARS,1,1
PSMD5,RBM26,1,1
PSMD5,RBMXL1,1,1
PSMD5,RRP12,1,1
PSMD5,RRP1B,1,1
PSMD5,RRP36,1,1
PSMD5,RRS1,1,1
PSMD5,SAPCD2,1,1
PSMD5,SH2D5,1,1
PSMD5,SKA3,1,1
PSMD5,SMIM13,1,1
PSMD5,SMN2,1,1
PSMD5,SMNDC1,1,1
PSMD5,SNRNP48,1,1
PSMD5,SPRYD7,1,1
PSMD5,SRP72,1,1
PSMD5,SRPK1,1,1
PSMD5,SRSF1,1,1
PSMD5,SRSF3,1,1
PSMD5,STIP1,1,1
PSMD5,TFAM,1,1
PSMD5,TGS1,1,1
PSMD5,TIMM23,1,1
PSMD5,TMEM14B,1,1
PSMD5,TMEM234,1,1
PSMD5,TOE1,1,1
PSMD5,TOP3A,1,1
PSMD5,TPM3,1,1
PSMD5,TRIP13,1,1
PSMD5,TRUB1,1,1
PSMD5,UBA6,1,1
PSMD5,UBE3A,1,1
PSMD5,UHRF1,1,1
PSMD5,UHRF1BP1L,1,1
PSMD5,URB1,1,1
PSMD5,USP1,1,1
PSMD5,UTP23,1,1
PSMD5,ZNF195,1,1
PSMD5,ZNF281,1,1
PSMD5,ZNF283,1,1
PSMD5,ZNF473,1,1
PSMD5,ZW10,1,1
PSMD5,ZWILCH,1,1
ZNF146,ANP32E,1,1
ZNF146,BAZ1A,1,1
ZNF146,BRIX1,1,1
ZNF146,BTN3A1,1,1
ZNF146,C12ORF29,1,1
ZNF146,CAPRIN1,1,1
ZNF146,CBR4,1,1
ZNF146,CCDC59,1,1
ZNF146,CCT5,1,1
ZNF146,CCT8,1,1
ZNF146,CDK7,1,1
ZNF146,CFAP20,1,1
ZNF146,CLPTM1L,1,1
ZNF146,CPSF6,1,1
ZNF146,CTDSPL2,1,1
ZNF146,DAZAP1,1,1
ZNF146,DDX10,1,1
ZNF146,DDX28,1,1
ZNF146,DDX47,1,1
ZNF146,DHRS7B,1,1
ZNF146,DHX35,1,1
ZNF146,DIMT1,1,1
ZNF146,DPY19L2P1,1,1
ZNF146,DUSP12,1,1
ZNF146,EIF2AK4,1,1
ZNF146,EIF2S1,1,1
ZNF146,EIF2S3,1,1
ZNF146,EIF3M,1,1
ZNF146,EIF5,1,1
ZNF146,ELAVL1,1,1
ZNF146,EMG1,1,1
ZNF146,EXOSC2,1,1
ZNF146,FAM136A,1,1
ZNF146,FAM69B,1,1
ZNF146,FAM98B,1,1
ZNF146,FASTKD3,1,1
ZNF146,FKBP3,1,1
ZNF146,FTSJ1,1,1
ZNF146,GHDC,1,1
ZNF146,GNPNAT1,1,1
ZNF146,GPATCH4,1,1
ZNF146,GSTK1,1,1
ZNF146,HN1,1,1
ZNF146,HS1BP3,1,1
ZNF146,IGF2BP1,1,1
ZNF146,ILF2,1,1
ZNF146,IPO4,1,1
ZNF146,IRAK1,1,1
ZNF146,ITM2C,1,1
ZNF146,KARS,1,1
ZNF146,KIAA0319L,1,1
ZNF146,KIAA1586,1,1
ZNF146,LAPTM4A,1,1
ZNF146,LBR,1,1
ZNF146,LMNB2,1,1
ZNF146,LURAP1,1,1
ZNF146,MAK16,1,1
ZNF146,MAP4K5,1,1
ZNF146,MAPK1IP1L,1,1
ZNF146,MAPK6,1,1
ZNF146,MEGF8,1,1
ZNF146,MRPL39,1,1
ZNF146,MRPL50,1,1
ZNF146,MYNN,1,1
ZNF146,NAE1,1,1
ZNF146,NAP1L1,1,1
ZNF146,NASP,1,1
ZNF146,NAT10,1,1
ZNF146,NCR3LG1,1,1
ZNF146,NEK7,1,1
ZNF146,NRGN,1,1
ZNF146,PIP5K1A,1,1
ZNF146,PM20D2,1,1
ZNF146,PRPF4,1,1
ZNF146,PRPF40A,1,1
ZNF146,PSMA3,1,1
ZNF146,PSMA6,1,1
ZNF146,PSMB5,1,1
ZNF146,PSMC1,1,1
ZNF146,PSMC3,1,1
ZNF146,PSMC5,1,1
ZNF146,PSMC6,1,1
ZNF146,QSER1,1,1
ZNF146,RAD18,1,1
ZNF146,RFWD3,1,1
ZNF146,RLIM,1,1
ZNF146,RPP40,1,1
ZNF146,RUVBL2,1,1
ZNF146,SACS,1,1
ZNF146,SCO1,1,1
ZNF146,SET,1,1
ZNF146,SIX1,1,1
ZNF146,SNAPC1,1,1
ZNF146,SPIN4,1,1
ZNF146,SSRP1,1,1
ZNF146,SUB1,1,1
ZNF146,SYNCRIP,1,1
ZNF146,TAP2,1,1
ZNF146,TBPL1,1,1
ZNF146,TERF1,1,1
ZNF146,TIMM10,1,1
ZNF146,TIMM17A,1,1
ZNF146,TIMM8A,1,1
ZNF146,TJP2,1,1
ZNF146,TROVE2,1,1
ZNF146,UBE2N,1,1
ZNF146,UCK2,1,1
ZNF146,UTP23,1,1
ZNF146,UTP4,1,1
ZNF146,WRN,1,1
ZNF146,XK,1,1
ZNF146,ZIC2,1,1
ZNF146,ZNF215,1,1
ZNF146,ZNF639,1,1
ZNF146,ZNF670,1,1
SEH1L,ABCE1,1,1
SEH1L,AKAP1,1,1
SEH1L,ASNSD1,1,1
SEH1L,B4GAT1,1,1
SEH1L,BZW1,1,1
SEH1L,CCDC138,1,1
SEH1L,CEBPZ,1,1
SEH1L,CHAC2,1,1
SEH1L,CHERP,1,1
SEH1L,DCAF13,1,1
SEH1L,EEF1E1,1,1
SEH1L,ESCO2,1,1
SEH1L,FLOT2,1,1
SEH1L,GRWD1,1,1
SEH1L,HNRNPH1,1,1
SEH1L,IPO11,1,1
SEH1L,MATR3,1,1
SEH1L,MB21D1,1,1
SEH1L,MSH2,1,1
SEH1L,NBN,1,1
SEH1L,OTUD6B,1,1
SEH1L,PAICS,1,1
SEH1L,PPP3R1,1,1
SEH1L,RABAC1,1,1
SEH1L,RBM12,1,1
SEH1L,RBM14,1,1
SEH1L,RBM27,1,1
SEH1L,RMI1,1,1
SEH1L,SKIV2L2,1,1
SEH1L,SMAGP,1,1
SEH1L,SNX5,1,1
SEH1L,SRSF2,1,1
SEH1L,SRSF7,1,1
SEH1L,STIL,1,1
SEH1L,TFAP4,1,1
SEH1L,TIPIN,1,1
SEH1L,TMEM205,1,1
SEH1L,TMEM63B,1,1
SEH1L,TOMM40,1,1
SEH1L,TUBA1C,1,1
SEH1L,WDR36,1,1
SEH1L,ZBTB2,1,1
YARS2,ABT1,1,1
YARS2,ACD,1,1
YARS2,AHI1,1,1
YARS2,BRD4,1,1
YARS2,C10ORF2,1,1
YARS2,CCT5,1,1
YARS2,CDC123,1,1
YARS2,CDH2,1,1
YARS2,CDK7,1,1
YARS2,CSTF2,1,1
YARS2,DDX21,1,1
YARS2,DNA2,1,1
YARS2,EIF2S1,1,1
YARS2,EIF4E2,1,1
YARS2,EIF6,1,1
YARS2,FBXO45,1,1
YARS2,FTSJ3,1,1
YARS2,GART,1,1
YARS2,GNPNAT1,1,1
YARS2,GTF3C4,1,1
YARS2,HARS,1,1
YARS2,IQCJ-SCHIP1,1,1
YARS2,KARS,1,1
YARS2,KMT5A,1,1
YARS2,KRT18,1,1
YARS2,LINC01296,1,1
YARS2,LLPH,1,1
YARS2,LMNB2,1,1
YARS2,MAGED2,1,1
YARS2,MAGOH,1,1
YARS2,MCM2,1,1
YARS2,MCRS1,1,1
YARS2,MRPL39,1,1
YARS2,NONO,1,1
YARS2,NPM3,1,1
YARS2,NUP107,1,1
YARS2,NUP188,1,1
YARS2,OSBPL11,1,1
YARS2,PAK1IP1,1,1
YARS2,PDE12,1,1
YARS2,PDF,1,1
YARS2,PFDN2,1,1
YARS2,PMM1,1,1
YARS2,PMPCA,1,1
YARS2,POLR2D,1,1
YARS2,PPM1G,1,1
YARS2,PRKCDBP,1,1
YARS2,PRMT1,1,1
YARS2,PRPF38A,1,1
YARS2,PRPF4,1,1
YARS2,PSMC3,1,1
YARS2,PSMD2,1,1
YARS2,RAD1,1,1
YARS2,RARS,1,1
YARS2,RRP12,1,1
YARS2,RRS1,1,1
YARS2,SAPCD2,1,1
YARS2,SERBP1,1,1
YARS2,SKP2,1,1
YARS2,SMARCD1,1,1
YARS2,SMN2,1,1
YARS2,SMNDC1,1,1
YARS2,SMS,1,1
YARS2,SNRNP48,1,1
YARS2,SNRPE,1,1
YARS2,SPOCK1,1,1
YARS2,SREK1IP1,1,1
YARS2,SRP72,1,1
YARS2,SRPK1,1,1
YARS2,TAF9,1,1
YARS2,TARS,1,1
YARS2,TEX10,1,1
YARS2,TMA16,1,1
YARS2,TMCO1,1,1
YARS2,TNFRSF12A,1,1
YARS2,TOP3A,1,1
YARS2,UBE2N,1,1
YARS2,UHRF1,1,1
YARS2,URB1,1,1
YARS2,WDR74,1,1
YARS2,ZNF283,1,1
YARS2,ZPR1,1,1
DVL2,CNPY3,1,1
DVL2,EXOSC7,1,1
DVL2,FKBP3,1,1
DVL2,NAP1L1,1,1
DVL2,SNUPN,1,1
BBS4,AHCTF1,1,1
BBS4,BTN3A1,1,1
BBS4,CHRNA5,1,1
BBS4,H3F3B,1,1
BBS4,IPO4,1,1
BBS4,IRAK1,1,1
BBS4,LYAR,1,1
BBS4,SLC2A1,1,1
BBS4,TMEM53,1,1
BBS4,TTC23,1,1
BBS4,ZNF639,1,1
NAA30,ACACB,1,1
NAA30,ACSL4,1,1
NAA30,ADAM9,1,1
NAA30,AHI1,1,1
NAA30,ANXA1,1,1
NAA30,BTF3L4,1,1
NAA30,C19ORF66,1,1
NAA30,CCT5,1,1
NAA30,CCT8,1,1
NAA30,CDC73,1,1
NAA30,CDH2,1,1
NAA30,CDK7,1,1
NAA30,CFL2,1,1
NAA30,CIAO1,1,1
NAA30,CMPK1,1,1
NAA30,CMSS1,1,1
NAA30,CNPY3,1,1
NAA30,COPS5,1,1
NAA30,CTDSPL2,1,1
NAA30,CYP27A1,1,1
NAA30,DDX47,1,1
NAA30,DHRS7B,1,1
NAA30,DUSP12,1,1
NAA30,EIF2S1,1,1
NAA30,EIF3M,1,1
NAA30,ELK3,1,1
NAA30,EP400,1,1
NAA30,ERI1,1,1
NAA30,FBXO45,1,1
NAA30,FTSJ1,1,1
NAA30,FTSJ3,1,1
NAA30,GANAB,1,1
NAA30,GART,1,1
NAA30,GCH1,1,1
NAA30,HN1,1,1
NAA30,HS1BP3,1,1
NAA30,ID1,1,1
NAA30,IQCJ-SCHIP1,1,1
NAA30,ISY1,1,1
NAA30,KARS,1,1
NAA30,KIAA0319L,1,1
NAA30,KIAA0586,1,1
NAA30,KRT18,1,1
NAA30,LAMB3,1,1
NAA30,LAPTM4A,1,1
NAA30,LBR,1,1
NAA30,LIN7C,1,1
NAA30,LINC01296,1,1
NAA30,LLPH,1,1
NAA30,LMNB2,1,1
NAA30,LURAP1,1,1
NAA30,MAGED2,1,1
NAA30,MAP4K5,1,1
NAA30,MAPK1IP1L,1,1
NAA30,MCFD2,1,1
NAA30,MRPL39,1,1
NAA30,MYNN,1,1
NAA30,NAE1,1,1
NAA30,NCR3LG1,1,1
NAA30,NIPAL1,1,1
NAA30,PDE12,1,1
NAA30,PFDN2,1,1
NAA30,PIP5K1A,1,1
NAA30,PLAUR,1,1
NAA30,PMM1,1,1
NAA30,PRKCDBP,1,1
NAA30,PRKCI,1,1
NAA30,PRMT1,1,1
NAA30,PRPF4,1,1
NAA30,PSMA6,1,1
NAA30,PSMC1,1,1
NAA30,PSMC3,1,1
NAA30,PUS7L,1,1
NAA30,QSER1,1,1
NAA30,RAB4B,1,1
NAA30,RIN1,1,1
NAA30,RNF168,1,1
NAA30,RUVBL2,1,1
NAA30,SACS,1,1
NAA30,SCN8A,1,1
NAA30,SEPT9,1,1
NAA30,SERBP1,1,1
NAA30,SIX1,1,1
NAA30,SLC11A2,1,1
NAA30,SLC25A43,1,1
NAA30,SLC25A51,1,1
NAA30,SLC2A4RG,1,1
NAA30,SMARCD1,1,1
NAA30,SMN1,1,1
NAA30,SMS,1,1
NAA30,SNRNP48,1,1
NAA30,SNRPE,1,1
NAA30,SNUPN,1,1
NAA30,SREK1IP1,1,1
NAA30,SRP19,1,1
NAA30,SSRP1,1,1
NAA30,TAF9,1,1
NAA30,TARS,1,1
NAA30,TIMM17A,1,1
NAA30,TMA16,1,1
NAA30,TMCO1,1,1
NAA30,TMEM123,1,1
NAA30,TNFRSF12A,1,1
NAA30,TRUB2,1,1
NAA30,UBE2N,1,1
NAA30,UGT8,1,1
NAA30,UHMK1,1,1
NAA30,VEZT,1,1
NAA30,WDR74,1,1
RECK,AP1M1,1,1
RECK,ARFIP2,1,1
RECK,C14ORF142,1,1
RECK,C1ORF21,1,1
RECK,CHUK,1,1
RECK,CRNKL1,1,1
RECK,DCAF6,1,1
RECK,DHX16,1,1
RECK,DPM1,1,1
RECK,EMX2,1,1
RECK,ERCC3,1,1
RECK,FAM178B,1,1
RECK,GRHPR,1,1
RECK,GSTZ1,1,1
RECK,HERPUD2,1,1
RECK,HHEX,1,1
RECK,LRRC40,1,1
RECK,MOCS3,1,1
RECK,MRPS26,1,1
RECK,NENF,1,1
RECK,NPEPPS,1,1
RECK,NXT1,1,1
RECK,PKN2,1,1
RECK,POU4F1,1,1
RECK,PPA1,1,1
RECK,PRRG4,1,1
RECK,RAB4A,1,1
RECK,RBBP9,1,1
RECK,RNF103,1,1
RECK,RNF114,1,1
RECK,RPF1,1,1
RECK,RRP8,1,1
RECK,SCARB1,1,1
RECK,SEC23IP,1,1
RECK,SF3B6,1,1
RECK,SLC35E1,1,1
RECK,ST3GAL4,1,1
RECK,TRIM44,1,1
RECK,TTC1,1,1
RECK,TTL,1,1
RECK,UBA6,1,1
RECK,UBQLN1,1,1
RECK,VSIG10L,1,1
RECK,WDR46,1,1
RECK,ZNF652,1,1
NOL11,AGPAT5,1,1
NOL11,AHCTF1,1,1
NOL11,AKAP1,1,1
NOL11,ALYREF,1,1
NOL11,BZW1,1,1
NOL11,CCT2,1,1
NOL11,CHRNA5,1,1
NOL11,COA7,1,1
NOL11,DCAF10,1,1
NOL11,GRWD1,1,1
NOL11,HNRNPM,1,1
NOL11,KIAA1524,1,1
NOL11,LRRC58,1,1
NOL11,LYAR,1,1
NOL11,MEMO1,1,1
NOL11,MPHOSPH10,1,1
NOL11,NBN,1,1
NOL11,ORC1,1,1
NOL11,PNPT1,1,1
NOL11,POLR3B,1,1
NOL11,PTBP1,1,1
NOL11,RBMX,1,1
NOL11,RELT,1,1
NOL11,RMI1,1,1
NOL11,SGTA,1,1
NOL11,TIPIN,1,1
NOL11,TOMM40,1,1
NOL11,TTC23,1,1
NOL11,TTC4,1,1
NOL11,UMPS,1,1
NOL11,URB2,1,1
NOL11,USP10,1,1
NOL11,UTP11,1,1
NOL11,UTP15,1,1
NOL11,VBP1,1,1
AASS,BTN3A1,1,1
AASS,C16ORF91,1,1
AASS,CBR4,1,1
AASS,CD63,1,1
AASS,CIAO1,1,1
AASS,CLPTM1L,1,1
AASS,EIF2S3,1,1
AASS,ELK3,1,1
AASS,EMG1,1,1
AASS,ERRFI1,1,1
AASS,FAM69B,1,1
AASS,FARSA,1,1
AASS,FEZ2,1,1
AASS,FIS1,1,1
AASS,GSTK1,1,1
AASS,HMGCL,1,1
AASS,HPS3,1,1
AASS,HS1BP3,1,1
AASS,IGF2BP1,1,1
AASS,KIAA0319L,1,1
AASS,LARGE1,1,1
AASS,LURAP1,1,1
AASS,MAK16,1,1
AASS,MAP4K5,1,1
AASS,PDE6D,1,1
AASS,PHLDA2,1,1
AASS,PLAUR,1,1
AASS,PM20D2,1,1
AASS,POLB,1,1
AASS,PPCS,1,1
AASS,PSMA6,1,1
AASS,PSMB5,1,1
AASS,RIN1,1,1
AASS,RNF130,1,1
AASS,SAMD1,1,1
AASS,SMN1,1,1
AASS,TANGO2,1,1
AASS,TET3,1,1
AASS,TROVE2,1,1
AASS,TTC39C,1,1
AASS,ZNF215,1,1
AASS,ZNF678,1,1
TCTA,BRAF,1,1
TCTA,FBXL6,1,1
TCTA,GNAQ,1,1
TCTA,IFI44,1,1
TCTA,PEAK1,1,1
TCTA,PTPN3,1,1
TCTA,RNF13,1,1
TCTA,SEPHS2,1,1
TCTA,SLC25A43,1,1
TCTA,STX6,1,1
TCTA,TIMM17B,1,1
TCTA,TMEM126A,1,1
TCTA,TMEM208,1,1
TCTA,UBE2T,1,1
TCTA,ZNF436,1,1
CTGF,CWC27,1,1
CTGF,EIF5,1,1
FAM98B,ACSS1,1,1
FAM98B,AHCTF1,1,1
FAM98B,ANP32E,1,1
FAM98B,ARL5A,1,1
FAM98B,BRIX1,1,1
FAM98B,BTN3A1,1,1
FAM98B,BUB1B,1,1
FAM98B,BVES,1,1
FAM98B,C14ORF80,1,1
FAM98B,C1ORF216,1,1
FAM98B,CBFB,1,1
FAM98B,CBR4,1,1
FAM98B,CBY1,1,1
FAM98B,CCDC112,1,1
FAM98B,CCT8,1,1
FAM98B,CLINT1,1,1
FAM98B,CMPK1,1,1
FAM98B,CPSF6,1,1
FAM98B,CWC27,1,1
FAM98B,DAZAP1,1,1
FAM98B,DIMT1,1,1
FAM98B,DPF1,1,1
FAM98B,DPY19L2P1,1,1
FAM98B,DUSP12,1,1
FAM98B,EIF2S3,1,1
FAM98B,EIF5,1,1
FAM98B,ELAVL1,1,1
FAM98B,FAM189A2,1,1
FAM98B,FBXL4,1,1
FAM98B,GHDC,1,1
FAM98B,GLB1,1,1
FAM98B,GLMP,1,1
FAM98B,GMFB,1,1
FAM98B,GTF2H3,1,1
FAM98B,H3F3B,1,1
FAM98B,IGF2BP1,1,1
FAM98B,IPO4,1,1
FAM98B,IRAK1,1,1
FAM98B,ITGB3BP,1,1
FAM98B,KANSL1L,1,1
FAM98B,KIAA1524,1,1
FAM98B,KLF15,1,1
FAM98B,LAPTM4A,1,1
FAM98B,LBR,1,1
FAM98B,LURAP1,1,1
FAM98B,MEGF8,1,1
FAM98B,MRPL47,1,1
FAM98B,MTFR1L,1,1
FAM98B,MYNN,1,1
FAM98B,NRGN,1,1
FAM98B,POLR3E,1,1
FAM98B,PSMA3,1,1
FAM98B,PSMA6,1,1
FAM98B,PSMC5,1,1
FAM98B,PSMD4,1,1
FAM98B,PSME4,1,1
FAM98B,RAD18,1,1
FAM98B,RAD23B,1,1
FAM98B,RAD51AP1,1,1
FAM98B,RFK,1,1
FAM98B,RFWD3,1,1
FAM98B,RLIM,1,1
FAM98B,SIX1,1,1
FAM98B,SMIM15,1,1
FAM98B,SNRPF,1,1
FAM98B,TANGO2,1,1
FAM98B,TBPL1,1,1
FAM98B,TDRP,1,1
FAM98B,TERF1,1,1
FAM98B,TIMM8A,1,1
FAM98B,TJP2,1,1
FAM98B,TMEM126A,1,1
FAM98B,TMEM69,1,1
FAM98B,TRAF5,1,1
FAM98B,TROVE2,1,1
FAM98B,TTC23,1,1
FAM98B,UCK2,1,1
FAM98B,VBP1,1,1
FAM98B,VMA21,1,1
FAM98B,VRK3,1,1
FAM98B,ZIC2,1,1
FAM98B,ZNF639,1,1
FAM98B,ZNF695,1,1
NUP155,ABCE1,1,1
NUP155,ARF5,1,1
NUP155,BRIX1,1,1
NUP155,BZW1,1,1
NUP155,CCDC138,1,1
NUP155,CCNA2,1,1
NUP155,CCT2,1,1
NUP155,CDC25A,1,1
NUP155,CDK1,1,1
NUP155,CEBPZ,1,1
NUP155,CHAC2,1,1
NUP155,CKS1B,1,1
NUP155,CRLF3,1,1
NUP155,CSTF2,1,1
NUP155,DCAF13,1,1
NUP155,DDX18,1,1
NUP155,DEPDC1B,1,1
NUP155,DIAPH1,1,1
NUP155,DICER1,1,1
NUP155,DPH2,1,1
NUP155,EBNA1BP2,1,1
NUP155,EIF2B1,1,1
NUP155,ERVK3-1,1,1
NUP155,ESCO2,1,1
NUP155,FAM234A,1,1
NUP155,GINS1,1,1
NUP155,GLRX2,1,1
NUP155,GRWD1,1,1
NUP155,HCFC1,1,1
NUP155,HNRNPL,1,1
NUP155,HOXB2,1,1
NUP155,HSP90AA1,1,1
NUP155,IPO11,1,1
NUP155,KHDRBS1,1,1
NUP155,KIAA0101,1,1
NUP155,KIF14,1,1
NUP155,KLHL8,1,1
NUP155,L2HGDH,1,1
NUP155,LARP4,1,1
NUP155,LMBRD1,1,1
NUP155,LMNB1,1,1
NUP155,LRR1,1,1
NUP155,MAD2L1,1,1
NUP155,MEGF8,1,1
NUP155,MRPL9,1,1
NUP155,MSH2,1,1
NUP155,MYBL2,1,1
NUP155,NAA15,1,1
NUP155,NMI,1,1
NUP155,NOLC1,1,1
NUP155,ORC6,1,1
NUP155,OTUD6B,1,1
NUP155,PCGF6,1,1
NUP155,PDRG1,1,1
NUP155,PDSS1,1,1
NUP155,PGAM5,1,1
NUP155,POLE3,1,1
NUP155,PPIH,1,1
NUP155,PPP2CA,1,1
NUP155,PRIM2,1,1
NUP155,PRPS2,1,1
NUP155,RAD23B,1,1
NUP155,RAD51AP1,1,1
NUP155,RBM12,1,1
NUP155,RELT,1,1
NUP155,RFC3,1,1
NUP155,RMI1,1,1
NUP155,RNASEK,1,1
NUP155,RNF126,1,1
NUP155,RNF138,1,1
NUP155,SART3,1,1
NUP155,SF3B3,1,1
NUP155,SH2D5,1,1
NUP155,SKIV2L2,1,1
NUP155,SMAGP,1,1
NUP155,SMC2,1,1
NUP155,SNRPC,1,1
NUP155,SNRPG,1,1
NUP155,SNX5,1,1
NUP155,SRSF3,1,1
NUP155,STIL,1,1
NUP155,SYNCRIP,1,1
NUP155,TAF2,1,1
NUP155,TAF9,1,1
NUP155,TFB2M,1,1
NUP155,TIPIN,1,1
NUP155,TMEM205,1,1
NUP155,TMEM260,1,1
NUP155,TMEM63B,1,1
NUP155,TOMM40,1,1
NUP155,TPM3,1,1
NUP155,TPRKB,1,1
NUP155,TRAIP,1,1
NUP155,TRIP13,1,1
NUP155,TTC4,1,1
NUP155,TUBA1C,1,1
NUP155,UBA2,1,1
NUP155,UBE2C,1,1
NUP155,UCHL5,1,1
NUP155,UHRF1BP1L,1,1
NUP155,USP1,1,1
NUP155,VBP1,1,1
NUP155,WBP2,1,1
NUP155,WDR13,1,1
NUP155,WDR36,1,1
NUP155,WWC1,1,1
NUP155,ZIC2,1,1
NUP155,ZNF695,1,1
NUP155,ZW10,1,1
NUP155,ZWILCH,1,1
SLC38A1,ABT1,1,1
SLC38A1,AC093616.4,1,1
SLC38A1,ALDH1A3,1,1
SLC38A1,ANKRD33B,1,1
SLC38A1,ANXA3,1,1
SLC38A1,AP3S1,1,1
SLC38A1,ARFIP2,1,1
SLC38A1,ATG12,1,1
SLC38A1,ATG9A,1,1
SLC38A1,C14ORF142,1,1
SLC38A1,C1ORF21,1,1
SLC38A1,CCDC109B,1,1
SLC38A1,CEP120,1,1
SLC38A1,CEP250,1,1
SLC38A1,CNTROB,1,1
SLC38A1,COA3,1,1
SLC38A1,CRNKL1,1,1
SLC38A1,CSNK2A1,1,1
SLC38A1,CTNNAL1,1,1
SLC38A1,DBI,1,1
SLC38A1,DCAF6,1,1
SLC38A1,DDX39B,1,1
SLC38A1,DPM1,1,1
SLC38A1,EEF1B2,1,1
SLC38A1,EIF3F,1,1
SLC38A1,EIF3H,1,1
SLC38A1,EIF3K,1,1
SLC38A1,EMX2,1,1
SLC38A1,ENOX2,1,1
SLC38A1,EXOSC8,1,1
SLC38A1,EXT1,1,1
SLC38A1,GLO1,1,1
SLC38A1,GPAT3,1,1
SLC38A1,GRASP,1,1
SLC38A1,GRHPR,1,1
SLC38A1,GTF2H2B,1,1
SLC38A1,HARS2,1,1
SLC38A1,HHEX,1,1
SLC38A1,KPNA3,1,1
SLC38A1,LRRC40,1,1
SLC38A1,MED29,1,1
SLC38A1,METTL10,1,1
SLC38A1,MIER1,1,1
SLC38A1,MIS12,1,1
SLC38A1,MRPL33,1,1
SLC38A1,MRPS10,1,1
SLC38A1,MRPS14,1,1
SLC38A1,MRPS16,1,1
SLC38A1,MRPS26,1,1
SLC38A1,MYOF,1,1
SLC38A1,NDUFA1,1,1
SLC38A1,NELFE,1,1
SLC38A1,NENF,1,1
SLC38A1,NHSL1,1,1
SLC38A1,NTHL1,1,1
SLC38A1,NXT1,1,1
SLC38A1,PANK3,1,1
SLC38A1,PDF,1,1
SLC38A1,PLEKHA4,1,1
SLC38A1,PLS3,1,1
SLC38A1,POU4F1,1,1
SLC38A1,PPA1,1,1
SLC38A1,PRRG4,1,1
SLC38A1,RAB4A,1,1
SLC38A1,RAB7A,1,1
SLC38A1,RAB9A,1,1
SLC38A1,RABGGTB,1,1
SLC38A1,RBBP9,1,1
SLC38A1,RBMXL1,1,1
SLC38A1,REV3L,1,1
SLC38A1,RNF113A,1,1
SLC38A1,RNF114,1,1
SLC38A1,RPF1,1,1
SLC38A1,RPL6,1,1
SLC38A1,RPS21,1,1
SLC38A1,RRAS2,1,1
SLC38A1,SF3B6,1,1
SLC38A1,SLC35E1,1,1
SLC38A1,SOCS4,1,1
SLC38A1,ST3GAL4,1,1
SLC38A1,ST3GAL6,1,1
SLC38A1,TMEM41B,1,1
SLC38A1,TMSB4X,1,1
SLC38A1,TOB1,1,1
SLC38A1,TRMT13,1,1
SLC38A1,TSSC4,1,1
SLC38A1,UBA6,1,1
SLC38A1,UBLCP1,1,1
SLC38A1,UBQLN1,1,1
SLC38A1,URGCP,1,1
SLC38A1,USP28,1,1
SLC38A1,WDR46,1,1
SLC38A1,ZNF195,1,1
SLC38A1,ZNF365,1,1
SLC38A1,ZNF544,1,1
SLC38A1,ZNF696,1,1
SLC38A1,ZRANB2,1,1
HMGB1,ABHD5,1,1
HMGB1,BARD1,1,1
HMGB1,BORA,1,1
HMGB1,C4ORF46,1,1
HMGB1,CASC5,1,1
HMGB1,CCNA2,1,1
HMGB1,CDCA5,1,1
HMGB1,CENPJ,1,1
HMGB1,CEP55,1,1
HMGB1,DEK,1,1
HMGB1,DNA2,1,1
HMGB1,DUT,1,1
HMGB1,EED,1,1
HMGB1,EIF4E,1,1
HMGB1,ENY2,1,1
HMGB1,GINS3,1,1
HMGB1,HAUS2,1,1
HMGB1,HMGB2,1,1
HMGB1,HMGN1,1,1
HMGB1,HNRNPD,1,1
HMGB1,KHDRBS1,1,1
HMGB1,KIAA0101,1,1
HMGB1,KIF11,1,1
HMGB1,KIF15,1,1
HMGB1,MASTL,1,1
HMGB1,MCM10,1,1
HMGB1,MIS18A,1,1
HMGB1,MZT1,1,1
HMGB1,NAA20,1,1
HMGB1,NUP107,1,1
HMGB1,PDSS1,1,1
HMGB1,PLK4,1,1
HMGB1,POLE3,1,1
HMGB1,PSMC3IP,1,1
HMGB1,RHBDF1,1,1
HMGB1,RP11-673C5.1,1,1
HMGB1,SKA3,1,1
HMGB1,SMC2,1,1
HMGB1,SNRPD1,1,1
HMGB1,SRPK1,1,1
HMGB1,SRSF3,1,1
HMGB1,TFAM,1,1
HMGB1,TMEM14B,1,1
HMGB1,USP1,1,1
HMGB1,VRK1,1,1
HMGB1,ZW10,1,1
HMGB1,ZWILCH,1,1
EED,ABHD5,1,1
EED,BARD1,1,1
EED,CDCA5,1,1
EED,DNA2,1,1
EED,ENY2,1,1
EED,FAM111B,1,1
EED,HAUS2,1,1
EED,HMGB2,1,1
EED,HNRNPD,1,1
EED,KIF15,1,1
EED,MCM10,1,1
EED,MCM2,1,1
EED,MIS18A,1,1
EED,MYBL2,1,1
EED,NAA20,1,1
EED,NSMCE4A,1,1
EED,NUP107,1,1
EED,PDSS1,1,1
EED,PPIH,1,1
EED,PSMC3IP,1,1
EED,RAD1,1,1
EED,RP11-424C20.2,1,1
EED,RP11-673C5.1,1,1
EED,SAPCD2,1,1
EED,SH2D5,1,1
EED,SKA3,1,1
EED,SKP2,1,1
EED,SMN2,1,1
EED,SPOCK1,1,1
EED,TAF5,1,1
EED,TMEM14B,1,1
EED,TRPM2,1,1
EED,TUBB4B,1,1
EED,UHRF1,1,1
EED,USP1,1,1
EED,VRK1,1,1
DICER1,DEPDC1B,1,1
DICER1,L2HGDH,1,1
DICER1,RAD51AP1,1,1
TMX3,C1ORF21,1,1
TMX3,CNOT11,1,1
TMX3,DUSP10,1,1
TMX3,FAF2,1,1
TMX3,HEXIM2,1,1
TMX3,HTR7,1,1
TMX3,LARS,1,1
TMX3,MOCS3,1,1
TMX3,NDUFA1,1,1
TMX3,NENF,1,1
TMX3,ST3GAL4,1,1
TMX3,TMEM41B,1,1
PIP5K1A,ABCA5,1,1
PIP5K1A,ADAM9,1,1
PIP5K1A,BAZ1A,1,1
PIP5K1A,BRD4,1,1
PIP5K1A,C12ORF29,1,1
PIP5K1A,C16ORF91,1,1
PIP5K1A,CAPRIN1,1,1
PIP5K1A,CCT5,1,1
PIP5K1A,CCT8,1,1
PIP5K1A,CD63,1,1
PIP5K1A,CDC42EP2,1,1
PIP5K1A,CDH2,1,1
PIP5K1A,CDK7,1,1
PIP5K1A,CFAP20,1,1
PIP5K1A,CFL2,1,1
PIP5K1A,CIAO1,1,1
PIP5K1A,CLPTM1L,1,1
PIP5K1A,CMSS1,1,1
PIP5K1A,CNOT7,1,1
PIP5K1A,CNPY3,1,1
PIP5K1A,COPS5,1,1
PIP5K1A,CRIM1,1,1
PIP5K1A,CSTF2,1,1
PIP5K1A,CTDSPL2,1,1
PIP5K1A,DDX21,1,1
PIP5K1A,DDX28,1,1
PIP5K1A,DDX47,1,1
PIP5K1A,DHRS7B,1,1
PIP5K1A,DHX35,1,1
PIP5K1A,DUSP12,1,1
PIP5K1A,EID2,1,1
PIP5K1A,EIF2AK4,1,1
PIP5K1A,EIF2S1,1,1
PIP5K1A,EIF3M,1,1
PIP5K1A,ELK3,1,1
PIP5K1A,EMG1,1,1
PIP5K1A,FAM136A,1,1
PIP5K1A,FAM69B,1,1
PIP5K1A,FBXO45,1,1
PIP5K1A,FCHSD2,1,1
PIP5K1A,FEM1A,1,1
PIP5K1A,FEZ2,1,1
PIP5K1A,FIS1,1,1
PIP5K1A,FKBP3,1,1
PIP5K1A,FTSJ1,1,1
PIP5K1A,FTSJ3,1,1
PIP5K1A,GABRA5,1,1
PIP5K1A,GCH1,1,1
PIP5K1A,GEMIN7,1,1
PIP5K1A,GSTK1,1,1
PIP5K1A,GSTM4,1,1
PIP5K1A,HMGCL,1,1
PIP5K1A,HN1,1,1
PIP5K1A,HS1BP3,1,1
PIP5K1A,IGF2BP1,1,1
PIP5K1A,ILF2,1,1
PIP5K1A,ISY1,1,1
PIP5K1A,ITM2C,1,1
PIP5K1A,KARS,1,1
PIP5K1A,KIAA0319L,1,1
PIP5K1A,KIAA0586,1,1
PIP5K1A,KLHL18,1,1
PIP5K1A,KRT18,1,1
PIP5K1A,LAMB3,1,1
PIP5K1A,LAPTM4A,1,1
PIP5K1A,LARGE1,1,1
PIP5K1A,LBR,1,1
PIP5K1A,LLPH,1,1
PIP5K1A,LMNB2,1,1
PIP5K1A,MAGED2,1,1
PIP5K1A,MAK16,1,1
PIP5K1A,MAN2A2,1,1
PIP5K1A,MAP4K5,1,1
PIP5K1A,MAPK1IP1L,1,1
PIP5K1A,MAPK6,1,1
PIP5K1A,MICALL1,1,1
PIP5K1A,MNAT1,1,1
PIP5K1A,MRPL21,1,1
PIP5K1A,MRPL39,1,1
PIP5K1A,MT1X,1,1
PIP5K1A,MYNN,1,1
PIP5K1A,NAE1,1,1
PIP5K1A,NASP,1,1
PIP5K1A,NCBP2-AS2,1,1
PIP5K1A,NCR3LG1,1,1
PIP5K1A,NEK7,1,1
PIP5K1A,NIPAL1,1,1
PIP5K1A,NKX3-1,1,1
PIP5K1A,PAPD5,1,1
PIP5K1A,PDE12,1,1
PIP5K1A,PDE6D,1,1
PIP5K1A,PFDN2,1,1
PIP5K1A,PIGV,1,1
PIP5K1A,PLAUR,1,1
PIP5K1A,PMM1,1,1
PIP5K1A,PMPCA,1,1
PIP5K1A,PPCS,1,1
PIP5K1A,PPP2R1B,1,1
PIP5K1A,PRPF38A,1,1
PIP5K1A,PRPF4,1,1
PIP5K1A,PRPF40A,1,1
PIP5K1A,PSMA6,1,1
PIP5K1A,PSMB5,1,1
PIP5K1A,PSMC1,1,1
PIP5K1A,PSMC3,1,1
PIP5K1A,PSMC6,1,1
PIP5K1A,PSMD2,1,1
PIP5K1A,PTPRB,1,1
PIP5K1A,QSER1,1,1
PIP5K1A,RIN1,1,1
PIP5K1A,RIN2,1,1
PIP5K1A,RRS1,1,1
PIP5K1A,RUVBL2,1,1
PIP5K1A,SAMD1,1,1
PIP5K1A,SCO1,1,1
PIP5K1A,SEPT9,1,1
PIP5K1A,SERBP1,1,1
PIP5K1A,SET,1,1
PIP5K1A,SIX1,1,1
PIP5K1A,SMN1,1,1
PIP5K1A,SMS,1,1
PIP5K1A,SNAPC1,1,1
PIP5K1A,SPIN4,1,1
PIP5K1A,SREK1IP1,1,1
PIP5K1A,SSRP1,1,1
PIP5K1A,TAP2,1,1
PIP5K1A,TARS,1,1
PIP5K1A,TIMM17A,1,1
PIP5K1A,TIMM8A,1,1
PIP5K1A,TMA16,1,1
PIP5K1A,TNFRSF12A,1,1
PIP5K1A,TRUB2,1,1
PIP5K1A,TTF1,1,1
PIP5K1A,UBE2N,1,1
PIP5K1A,UTP4,1,1
PIP5K1A,VEZT,1,1
PIP5K1A,WDR74,1,1
PIP5K1A,WRN,1,1
PIP5K1A,XK,1,1
PIP5K1A,ZNF462,1,1
PIP5K1A,ZPR1,1,1
SLC17A5,AHI1,1,1
SLC17A5,BRD4,1,1
SLC17A5,CDC42EP2,1,1
SLC17A5,COPS5,1,1
SLC17A5,EMC2,1,1
SLC17A5,FEM1A,1,1
SLC17A5,GEMIN7,1,1
SLC17A5,GNPNAT1,1,1
SLC17A5,GOLPH3L,1,1
SLC17A5,GSN,1,1
SLC17A5,P2RX4,1,1
SLC17A5,PCTP,1,1
SLC17A5,PMM1,1,1
SLC17A5,RRP12,1,1
SLC17A5,RRS1,1,1
SLC17A5,SSH2,1,1
SLC17A5,STXBP1,1,1
SLC17A5,TNFRSF12A,1,1
SLC17A5,ZPR1,1,1
PLP1,ACACB,1,1
PLP1,ACOX1,1,1
PLP1,ACTN1,1,1
PLP1,ARF4,1,1
PLP1,C19ORF66,1,1
PLP1,CPT1A,1,1
PLP1,CYP27A1,1,1
PLP1,ELOVL1,1,1
PLP1,EPS8L1,1,1
PLP1,FAM189A2,1,1
PLP1,GALT,1,1
PLP1,NAGLU,1,1
PLP1,NDFIP2,1,1
PLP1,P2RX4,1,1
PLP1,PAFAH2,1,1
PLP1,PEAK1,1,1
PLP1,PFN1,1,1
PLP1,PRKCDBP,1,1
PLP1,PSMC4,1,1
PLP1,RNASEK,1,1
PLP1,SCPEP1,1,1
PLP1,TRIB2,1,1
PLP1,TTC28,1,1
PLP1,VAT1,1,1
PLP1,VMA21,1,1
PLP1,WBP2,1,1
NAE1,ACD,1,1
NAE1,ACSL4,1,1
NAE1,AHI1,1,1
NAE1,ANP32E,1,1
NAE1,ARF4,1,1
NAE1,BRIX1,1,1
NAE1,C12ORF29,1,1
NAE1,CBR4,1,1
NAE1,CCT5,1,1
NAE1,CCT8,1,1
NAE1,CDH2,1,1
NAE1,CDK7,1,1
NAE1,CFL2,1,1
NAE1,CMPK1,1,1
NAE1,CMSS1,1,1
NAE1,CNOT7,1,1
NAE1,CNPY3,1,1
NAE1,COPS5,1,1
NAE1,CPT1A,1,1
NAE1,CRIM1,1,1
NAE1,CSTF2,1,1
NAE1,CTDSPL2,1,1
NAE1,DAZAP1,1,1
NAE1,DDX21,1,1
NAE1,DDX28,1,1
NAE1,DDX47,1,1
NAE1,DHRS7B,1,1
NAE1,DHX35,1,1
NAE1,DNA2,1,1
NAE1,DPY19L2P1,1,1
NAE1,DUSP12,1,1
NAE1,EID2,1,1
NAE1,EIF2S1,1,1
NAE1,EIF3M,1,1
NAE1,ELAVL1,1,1
NAE1,ERI1,1,1
NAE1,EXOSC2,1,1
NAE1,FBXL4,1,1
NAE1,FBXL6,1,1
NAE1,FBXO45,1,1
NAE1,FTSJ1,1,1
NAE1,FTSJ3,1,1
NAE1,GABRA5,1,1
NAE1,GART,1,1
NAE1,GCH1,1,1
NAE1,GEMIN7,1,1
NAE1,GHDC,1,1
NAE1,GINS3,1,1
NAE1,GLRX2,1,1
NAE1,GNPNAT1,1,1
NAE1,HDAC3,1,1
NAE1,HN1,1,1
NAE1,HS1BP3,1,1
NAE1,IFI44,1,1
NAE1,IGF2BP1,1,1
NAE1,ILF2,1,1
NAE1,IQCJ-SCHIP1,1,1
NAE1,ITGB3BP,1,1
NAE1,KARS,1,1
NAE1,KIAA0319L,1,1
NAE1,KIAA0586,1,1
NAE1,KIAA1586,1,1
NAE1,KIF15,1,1
NAE1,KRT18,1,1
NAE1,LAPTM4A,1,1
NAE1,LBR,1,1
NAE1,LIN7C,1,1
NAE1,LLPH,1,1
NAE1,LMNB1,1,1
NAE1,LMNB2,1,1
NAE1,MAGOH,1,1
NAE1,MAK16,1,1
NAE1,MAP4K5,1,1
NAE1,MAPK1IP1L,1,1
NAE1,MAPK6,1,1
NAE1,MCM2,1,1
NAE1,MEGF8,1,1
NAE1,MIS18A,1,1
NAE1,MMP24-AS1,1,1
NAE1,MRPL21,1,1
NAE1,MRPL39,1,1
NAE1,MT1X,1,1
NAE1,MYBL2,1,1
NAE1,MYNN,1,1
NAE1,NASP,1,1
NAE1,NCR3LG1,1,1
NAE1,NEK7,1,1
NAE1,NIPAL1,1,1
NAE1,NKX3-1,1,1
NAE1,NUP107,1,1
NAE1,PAK1IP1,1,1
NAE1,PCGF6,1,1
NAE1,PDE12,1,1
NAE1,PFDN2,1,1
NAE1,PLAUR,1,1
NAE1,PMPCA,1,1
NAE1,POLR3E,1,1
NAE1,PPM1G,1,1
NAE1,PRMT1,1,1
NAE1,PRPF38A,1,1
NAE1,PRPF4,1,1
NAE1,PSMA3,1,1
NAE1,PSMA6,1,1
NAE1,PSMC1,1,1
NAE1,PSMC3,1,1
NAE1,PSMC3IP,1,1
NAE1,PSMC5,1,1
NAE1,PSMC6,1,1
NAE1,PSMD2,1,1
NAE1,PTPRB,1,1
NAE1,PUS7L,1,1
NAE1,QSER1,1,1
NAE1,RARS,1,1
NAE1,RFWD3,1,1
NAE1,RIOK1,1,1
NAE1,RNF13,1,1
NAE1,RNF168,1,1
NAE1,RPP40,1,1
NAE1,RRP12,1,1
NAE1,RRS1,1,1
NAE1,RUVBL2,1,1
NAE1,SACS,1,1
NAE1,SEPT9,1,1
NAE1,SERBP1,1,1
NAE1,SET,1,1
NAE1,SH2D5,1,1
NAE1,SIX1,1,1
NAE1,SKP2,1,1
NAE1,SLC11A2,1,1
NAE1,SLC25A43,1,1
NAE1,SMN1,1,1
NAE1,SMNDC1,1,1
NAE1,SMS,1,1
NAE1,SNAPC1,1,1
NAE1,SNRPE,1,1
NAE1,SPIN4,1,1
NAE1,SREK1IP1,1,1
NAE1,SRP19,1,1
NAE1,SRP72,1,1
NAE1,SRPK1,1,1
NAE1,SSRP1,1,1
NAE1,STIP1,1,1
NAE1,SYNCRIP,1,1
NAE1,TAF9,1,1
NAE1,TAP2,1,1
NAE1,TERF1,1,1
NAE1,TFB2M,1,1
NAE1,TIMM10,1,1
NAE1,TIMM17A,1,1
NAE1,TIMM8A,1,1
NAE1,TJP2,1,1
NAE1,TMA16,1,1
NAE1,TMEM126A,1,1
NAE1,TOP3A,1,1
NAE1,TRIP13,1,1
NAE1,TRMT10C,1,1
NAE1,TTF1,1,1
NAE1,TUBB4B,1,1
NAE1,UBE2C,1,1
NAE1,UBE2N,1,1
NAE1,UBE2T,1,1
NAE1,UCHL5,1,1
NAE1,UGT8,1,1
NAE1,UHRF1,1,1
NAE1,USP1,1,1
NAE1,UTP23,1,1
NAE1,UTP4,1,1
NAE1,WDR74,1,1
NAE1,WRN,1,1
NAE1,XK,1,1
NAE1,ZIC2,1,1
NAE1,ZNF180,1,1
NAE1,ZNF670,1,1
NAE1,ZNF695,1,1
SCO1,ADAM9,1,1
SCO1,BAZ1A,1,1
SCO1,C12ORF29,1,1
SCO1,C9ORF40,1,1
SCO1,CAPRIN1,1,1
SCO1,CCDC59,1,1
SCO1,CFAP20,1,1
SCO1,CLPTM1L,1,1
SCO1,DDX28,1,1
SCO1,DDX47,1,1
SCO1,EIF2AK4,1,1
SCO1,EIF2S3,1,1
SCO1,EMG1,1,1
SCO1,FAM136A,1,1
SCO1,FAM69B,1,1
SCO1,FBRSL1,1,1
SCO1,FEZ2,1,1
SCO1,FKBP3,1,1
SCO1,GSTK1,1,1
SCO1,H2AFX,1,1
SCO1,HN1,1,1
SCO1,IGF2BP1,1,1
SCO1,ITM2C,1,1
SCO1,KIAA0319L,1,1
SCO1,KIAA0586,1,1
SCO1,KLHL18,1,1
SCO1,MAK16,1,1
SCO1,MAN2A2,1,1
SCO1,MAPK6,1,1
SCO1,MRPL39,1,1
SCO1,MRPL50,1,1
SCO1,NAP1L1,1,1
SCO1,NEK7,1,1
SCO1,NGDN,1,1
SCO1,NOB1,1,1
SCO1,PAPD5,1,1
SCO1,PDE6D,1,1
SCO1,PM20D2,1,1
SCO1,PRPF40A,1,1
SCO1,PSMB5,1,1
SCO1,PSMC6,1,1
SCO1,SPIN4,1,1
SCO1,SUB1,1,1
SCO1,TIMM10,1,1
SCO1,UTP4,1,1
SCO1,WRN,1,1
SCO1,ZNF215,1,1
COIL,MPHOSPH10,1,1
COIL,SOWAHC,1,1
PLEKHA4,ADPRH,1,1
PLEKHA4,ALDH1A3,1,1
PLEKHA4,ANXA3,1,1
PLEKHA4,AP3S1,1,1
PLEKHA4,ARFIP2,1,1
PLEKHA4,ASPHD2,1,1
PLEKHA4,ATG9A,1,1
PLEKHA4,CCDC109B,1,1
PLEKHA4,CEP120,1,1
PLEKHA4,CEP250,1,1
PLEKHA4,CRNKL1,1,1
PLEKHA4,CSNK2A1,1,1
PLEKHA4,EMX2,1,1
PLEKHA4,GRHPR,1,1
PLEKHA4,HHEX,1,1
PLEKHA4,KHK,1,1
PLEKHA4,LRRC40,1,1
PLEKHA4,MED29,1,1
PLEKHA4,METTL10,1,1
PLEKHA4,MRPL33,1,1
PLEKHA4,MRPS10,1,1
PLEKHA4,MRPS16,1,1
PLEKHA4,MRPS26,1,1
PLEKHA4,NELFE,1,1
PLEKHA4,NRM,1,1
PLEKHA4,OSBPL11,1,1
PLEKHA4,PANK3,1,1
PLEKHA4,POU4F1,1,1
PLEKHA4,PRRG4,1,1
PLEKHA4,RAB4A,1,1
PLEKHA4,RBBP9,1,1
PLEKHA4,RICTOR,1,1
PLEKHA4,RPF1,1,1
PLEKHA4,RRP8,1,1
PLEKHA4,SF3B6,1,1
PLEKHA4,SLC35E1,1,1
PLEKHA4,TIFA,1,1
PLEKHA4,TMTC4,1,1
PLEKHA4,TRIM44,1,1
PLEKHA4,TRPM2,1,1
PLEKHA4,UBL4A,1,1
PLEKHA4,UBLCP1,1,1
PLEKHA4,UBQLN1,1,1
PLEKHA4,WDR46,1,1
PLEKHA4,ZNF232,1,1
PLEKHA4,ZNF696,1,1
SMS,ACD,1,1
SMS,ADAM9,1,1
SMS,AHI1,1,1
SMS,BTF3L4,1,1
SMS,CCT5,1,1
SMS,CCT8,1,1
SMS,CDC123,1,1
SMS,CDH2,1,1
SMS,CDK7,1,1
SMS,CFL2,1,1
SMS,CMSS1,1,1
SMS,CNOT7,1,1
SMS,CNPY3,1,1
SMS,COPS5,1,1
SMS,CSTF2,1,1
SMS,CTDSPL2,1,1
SMS,DAZAP1,1,1
SMS,DDX21,1,1
SMS,DDX47,1,1
SMS,DHRS7B,1,1
SMS,DHX35,1,1
SMS,DNA2,1,1
SMS,DUSP12,1,1
SMS,EID2,1,1
SMS,EIF2S1,1,1
SMS,EIF3M,1,1
SMS,EIF4E2,1,1
SMS,ERI1,1,1
SMS,FAM199X,1,1
SMS,FBXO45,1,1
SMS,FTSJ1,1,1
SMS,FTSJ3,1,1
SMS,GABRA5,1,1
SMS,GART,1,1
SMS,GCH1,1,1
SMS,GINS3,1,1
SMS,GNPNAT1,1,1
SMS,HN1,1,1
SMS,HNRNPC,1,1
SMS,ILF2,1,1
SMS,IQCJ-SCHIP1,1,1
SMS,KARS,1,1
SMS,KIAA0319L,1,1
SMS,KIAA0586,1,1
SMS,KIAA1429,1,1
SMS,KIF15,1,1
SMS,KMT5A,1,1
SMS,KRT18,1,1
SMS,LAPTM4A,1,1
SMS,LBR,1,1
SMS,LIN7C,1,1
SMS,LINC01296,1,1
SMS,LLPH,1,1
SMS,LMNB2,1,1
SMS,MAGED2,1,1
SMS,MAGOH,1,1
SMS,MAP4K5,1,1
SMS,MAPK1IP1L,1,1
SMS,MAPK6,1,1
SMS,MCM2,1,1
SMS,MCRS1,1,1
SMS,MED27,1,1
SMS,MMP24-AS1,1,1
SMS,MRPL21,1,1
SMS,MRPL39,1,1
SMS,MT1X,1,1
SMS,MYBL2,1,1
SMS,MYNN,1,1
SMS,NCR3LG1,1,1
SMS,NIPAL1,1,1
SMS,NKX3-1,1,1
SMS,NUP107,1,1
SMS,PAK1IP1,1,1
SMS,PAPD5,1,1
SMS,PDE12,1,1
SMS,PDF,1,1
SMS,PFDN2,1,1
SMS,PLAUR,1,1
SMS,PMM1,1,1
SMS,PMPCA,1,1
SMS,PPM1G,1,1
SMS,PRMT1,1,1
SMS,PRPF38A,1,1
SMS,PRPF4,1,1
SMS,PSMA3,1,1
SMS,PSMA6,1,1
SMS,PSMC1,1,1
SMS,PSMC3,1,1
SMS,PSMC6,1,1
SMS,PSMD2,1,1
SMS,PTPRB,1,1
SMS,PUS7L,1,1
SMS,QSER1,1,1
SMS,RAB4B,1,1
SMS,RARS,1,1
SMS,RNF168,1,1
SMS,RPS26,1,1
SMS,RRP12,1,1
SMS,RRS1,1,1
SMS,RUVBL2,1,1
SMS,SAPCD2,1,1
SMS,SERBP1,1,1
SMS,SET,1,1
SMS,SIX1,1,1
SMS,SKP2,1,1
SMS,SLC25A43,1,1
SMS,SMARCD1,1,1
SMS,SMN2,1,1
SMS,SMNDC1,1,1
SMS,SNRNP48,1,1
SMS,SNRPE,1,1
SMS,SPIN4,1,1
SMS,SREK1IP1,1,1
SMS,SRP72,1,1
SMS,SRPK1,1,1
SMS,SSRP1,1,1
SMS,STIP1,1,1
SMS,TAF9,1,1
SMS,TARS,1,1
SMS,TIMM17A,1,1
SMS,TIMM8A,1,1
SMS,TMA16,1,1
SMS,TMCO1,1,1
SMS,TMEM123,1,1
SMS,TOP3A,1,1
SMS,TRIP13,1,1
SMS,TRMT10C,1,1
SMS,TRUB2,1,1
SMS,TTF1,1,1
SMS,TUBB4B,1,1
SMS,UBE2N,1,1
SMS,UBE2T,1,1
SMS,UGT8,1,1
SMS,UHRF1,1,1
SMS,URB1,1,1
SMS,UTP4,1,1
SMS,VEZT,1,1
SMS,VRK1,1,1
SMS,WDR74,1,1
SMS,ZNF281,1,1
SMS,ZNF283,1,1
SMS,ZNF670,1,1
RAD54B,CDK1,1,1
RAD54B,ITGB3BP,1,1
RAD54B,L2HGDH,1,1
RAD54B,MLKL,1,1
RAD54B,PPP5C,1,1
RAD54B,PRIM2,1,1
RAD54B,PRPS2,1,1
RAD54B,SNRPG,1,1
RAD54B,TRAIP,1,1
RAD54B,ZNF695,1,1
GINS2,ARHGAP11B,1,1
GINS2,CENPE,1,1
GINS2,CEP78,1,1
GINS2,ESCO2,1,1
GINS2,GINS1,1,1
GINS2,GMNN,1,1
GINS2,MAD2L1,1,1
GINS2,MSH2,1,1
GINS2,ORC6,1,1
GINS2,PAICS,1,1
GINS2,PLEKHH3,1,1
GINS2,RAD51,1,1
GINS2,RFC3,1,1
GINS2,STIL,1,1
POU4F1,ABT1,1,1
POU4F1,AC093616.4,1,1
POU4F1,ADPRH,1,1
POU4F1,ALDH1A3,1,1
POU4F1,ANKRD33B,1,1
POU4F1,ANXA3,1,1
POU4F1,AP3S1,1,1
POU4F1,ARFIP2,1,1
POU4F1,ASPHD2,1,1
POU4F1,ATG12,1,1
POU4F1,ATG9A,1,1
POU4F1,BMI1,1,1
POU4F1,C14ORF142,1,1
POU4F1,C19ORF47,1,1
POU4F1,C1ORF21,1,1
POU4F1,CCDC109B,1,1
POU4F1,CDK4,1,1
POU4F1,CEP250,1,1
POU4F1,CKLF,1,1
POU4F1,CKS1B,1,1
POU4F1,CNOT11,1,1
POU4F1,CNTROB,1,1
POU4F1,CSNK2A1,1,1
POU4F1,CTNNAL1,1,1
POU4F1,CYB5B,1,1
POU4F1,DCAF6,1,1
POU4F1,DDX39B,1,1
POU4F1,DPM1,1,1
POU4F1,EEF1B2,1,1
POU4F1,EIF3H,1,1
POU4F1,EIF3K,1,1
POU4F1,EIF6,1,1
POU4F1,EMX2,1,1
POU4F1,EXOSC8,1,1
POU4F1,EXT1,1,1
POU4F1,FAM178B,1,1
POU4F1,FAM60A,1,1
POU4F1,GLO1,1,1
POU4F1,GOLPH3L,1,1
POU4F1,GPAT3,1,1
POU4F1,GRASP,1,1
POU4F1,GRHPR,1,1
POU4F1,GTF2H2B,1,1
POU4F1,HARS2,1,1
POU4F1,HHEX,1,1
POU4F1,HRAS,1,1
POU4F1,ITPA,1,1
POU4F1,KIAA1429,1,1
POU4F1,KMT5A,1,1
POU4F1,KPNA3,1,1
POU4F1,LARS,1,1
POU4F1,LINC00493,1,1
POU4F1,LRRC40,1,1
POU4F1,MED29,1,1
POU4F1,METTL10,1,1
POU4F1,MIER1,1,1
POU4F1,MOCS3,1,1
POU4F1,MRPL33,1,1
POU4F1,MRPS10,1,1
POU4F1,MRPS14,1,1
POU4F1,MRPS16,1,1
POU4F1,MRPS26,1,1
POU4F1,MRPS27,1,1
POU4F1,MYEOV,1,1
POU4F1,MYOF,1,1
POU4F1,NANP,1,1
POU4F1,NDUFA1,1,1
POU4F1,NELFE,1,1
POU4F1,NENF,1,1
POU4F1,NHSL1,1,1
POU4F1,NPEPPS,1,1
POU4F1,NPM3,1,1
POU4F1,NR2F2,1,1
POU4F1,NRM,1,1
POU4F1,NTHL1,1,1
POU4F1,NUDT2,1,1
POU4F1,NUP58,1,1
POU4F1,NXT1,1,1
POU4F1,OSBPL11,1,1
POU4F1,PCLO,1,1
POU4F1,PDF,1,1
POU4F1,PER2,1,1
POU4F1,PGGT1B,1,1
POU4F1,PLS1,1,1
POU4F1,PLS3,1,1
POU4F1,POLR2D,1,1
POU4F1,PPA1,1,1
POU4F1,PRRG4,1,1
POU4F1,PTPRJ,1,1
POU4F1,PUS7L,1,1
POU4F1,RAB4A,1,1
POU4F1,RAB7A,1,1
POU4F1,RABGGTB,1,1
POU4F1,RBBP9,1,1
POU4F1,RBMXL1,1,1
POU4F1,RICTOR,1,1
POU4F1,RNF113A,1,1
POU4F1,RNF114,1,1
POU4F1,RP11-529K1.3,1,1
POU4F1,RPF1,1,1
POU4F1,RPL6,1,1
POU4F1,RPS21,1,1
POU4F1,RRAS2,1,1
POU4F1,RRP8,1,1
POU4F1,SCARB1,1,1
POU4F1,SF3B6,1,1
POU4F1,SLC35E1,1,1
POU4F1,SLC9A6,1,1
POU4F1,SMIM13,1,1
POU4F1,SMN2,1,1
POU4F1,SNAPC3,1,1
POU4F1,SNRPD2,1,1
POU4F1,SNRPE,1,1
POU4F1,SOCS4,1,1
POU4F1,SPOCK1,1,1
POU4F1,SPOPL,1,1
POU4F1,ST3GAL4,1,1
POU4F1,ST3GAL6,1,1
POU4F1,SYT14,1,1
POU4F1,TATDN1,1,1
POU4F1,TENM3,1,1
POU4F1,TFAM,1,1
POU4F1,TIMM23,1,1
POU4F1,TMEM14B,1,1
POU4F1,TMSB4X,1,1
POU4F1,TRMT13,1,1
POU4F1,TRPM2,1,1
POU4F1,TSSC4,1,1
POU4F1,TTL,1,1
POU4F1,TXN,1,1
POU4F1,UBA6,1,1
POU4F1,UBE2J2,1,1
POU4F1,UBE2V1,1,1
POU4F1,UBLCP1,1,1
POU4F1,UBQLN1,1,1
POU4F1,URGCP,1,1
POU4F1,USP28,1,1
POU4F1,WDR46,1,1
POU4F1,XRN2,1,1
POU4F1,ZNF195,1,1
POU4F1,ZNF281,1,1
POU4F1,ZNF365,1,1
POU4F1,ZNF655,1,1
POU4F1,ZNF696,1,1
POU4F1,ZRANB2,1,1
TMEM208,ACD,1,1
TMEM208,ANKRD33B,1,1
TMEM208,ANXA1,1,1
TMEM208,ARHGAP31,1,1
TMEM208,BCL2A1,1,1
TMEM208,BRAF,1,1
TMEM208,BTF3L4,1,1
TMEM208,C16ORF13,1,1
TMEM208,C16ORF91,1,1
TMEM208,CDH2,1,1
TMEM208,CFL2,1,1
TMEM208,CMTM7,1,1
TMEM208,CNPY3,1,1
TMEM208,COQ7,1,1
TMEM208,CPT1A,1,1
TMEM208,CSNK2B,1,1
TMEM208,EIF6,1,1
TMEM208,FBXL6,1,1
TMEM208,FRMD5,1,1
TMEM208,FSD1,1,1
TMEM208,FTSJ1,1,1
TMEM208,GCH1,1,1
TMEM208,GNAQ,1,1
TMEM208,GNE,1,1
TMEM208,GOLPH3L,1,1
TMEM208,GPBP1L1,1,1
TMEM208,HN1,1,1
TMEM208,IFI44,1,1
TMEM208,KIF3A,1,1
TMEM208,KRT18,1,1
TMEM208,LAPTM4A,1,1
TMEM208,LINC01296,1,1
TMEM208,LPGAT1,1,1
TMEM208,METTL2A,1,1
TMEM208,MRPL21,1,1
TMEM208,NOSIP,1,1
TMEM208,PFDN2,1,1
TMEM208,PLEKHH1,1,1
TMEM208,PRKCDBP,1,1
TMEM208,PRMT1,1,1
TMEM208,PSMA6,1,1
TMEM208,PSMC4,1,1
TMEM208,PTPN3,1,1
TMEM208,RNF13,1,1
TMEM208,RNF38,1,1
TMEM208,RPL35A,1,1
TMEM208,RPS21,1,1
TMEM208,RUVBL2,1,1
TMEM208,SCPEP1,1,1
TMEM208,SEC13,1,1
TMEM208,SEPHS2,1,1
TMEM208,SEPT9,1,1
TMEM208,SERINC1,1,1
TMEM208,SIX1,1,1
TMEM208,SLC11A2,1,1
TMEM208,SLC25A43,1,1
TMEM208,SLC25A51,1,1
TMEM208,SLC2A4RG,1,1
TMEM208,SLC39A1,1,1
TMEM208,SMN1,1,1
TMEM208,SNRPD2,1,1
TMEM208,SNRPE,1,1
TMEM208,ST3GAL6,1,1
TMEM208,TIMM17B,1,1
TMEM208,UBE2T,1,1
TMEM208,UGT8,1,1
TMEM208,WDR54,1,1
TMEM208,WDR74,1,1
TMEM208,ZNF436,1,1
CISD1,ARF4,1,1
CISD1,BMI1,1,1
CISD1,BNIP1,1,1
CISD1,C12ORF75,1,1
CISD1,CCNA2,1,1
CISD1,CDCA5,1,1
CISD1,CDK1,1,1
CISD1,CDK4,1,1
CISD1,CEP55,1,1
CISD1,CKLF,1,1
CISD1,CKS1B,1,1
CISD1,CYB5B,1,1
CISD1,DDX18,1,1
CISD1,DEK,1,1
CISD1,DNA2,1,1
CISD1,DPH2,1,1
CISD1,DPM1,1,1
CISD1,EIF6,1,1
CISD1,ENY2,1,1
CISD1,EPS8L1,1,1
CISD1,ERI1,1,1
CISD1,EXT1,1,1
CISD1,GLO1,1,1
CISD1,GLRX3,1,1
CISD1,HRAS,1,1
CISD1,IQCJ-SCHIP1,1,1
CISD1,KHDRBS1,1,1
CISD1,KIAA0101,1,1
CISD1,KIAA1429,1,1
CISD1,KIF14,1,1
CISD1,KIF15,1,1
CISD1,KMT5A,1,1
CISD1,LMBRD1,1,1
CISD1,LMNB1,1,1
CISD1,MAD2L1,1,1
CISD1,MIS18A,1,1
CISD1,MRPS10,1,1
CISD1,MRPS27,1,1
CISD1,MYBL2,1,1
CISD1,MZT1,1,1
CISD1,NAA15,1,1
CISD1,NANP,1,1
CISD1,NOLC1,1,1
CISD1,NPM3,1,1
CISD1,NRF1,1,1
CISD1,NUDCD1,1,1
CISD1,NUP107,1,1
CISD1,NUP58,1,1
CISD1,ORC2,1,1
CISD1,PDSS1,1,1
CISD1,PER2,1,1
CISD1,PLS1,1,1
CISD1,PPIH,1,1
CISD1,PPM1G,1,1
CISD1,PPP2CA,1,1
CISD1,PRELID1,1,1
CISD1,PRIM2,1,1
CISD1,PRPS2,1,1
CISD1,PUS7L,1,1
CISD1,PXMP2,1,1
CISD1,RARS,1,1
CISD1,RNASEK,1,1
CISD1,RP11-529K1.3,1,1
CISD1,SERBP1,1,1
CISD1,SH2D5,1,1
CISD1,SKA3,1,1
CISD1,SMIM13,1,1
CISD1,SMNDC1,1,1
CISD1,SNRPC,1,1
CISD1,SNRPD2,1,1
CISD1,SPIRE2,1,1
CISD1,SRP72,1,1
CISD1,ST3GAL6,1,1
CISD1,SVIP,1,1
CISD1,TATDN1,1,1
CISD1,TFAM,1,1
CISD1,TMEM123,1,1
CISD1,TMEM14B,1,1
CISD1,TOP3A,1,1
CISD1,TPM3,1,1
CISD1,TPRKB,1,1
CISD1,TRIP13,1,1
CISD1,TSFM,1,1
CISD1,TTC28,1,1
CISD1,UBE2C,1,1
CISD1,UBE2J2,1,1
CISD1,UBE2T,1,1
CISD1,UBE2V1,1,1
CISD1,UBE2V2,1,1
CISD1,UCHL5,1,1
CISD1,USP1,1,1
CISD1,WDR46,1,1
CISD1,WWC1,1,1
CISD1,ZNF473,1,1
CISD1,ZNF695,1,1
CISD1,ZW10,1,1
CISD1,ZWILCH,1,1
PPP2R5D,HPS3,1,1
PPP2R5D,POLR2H,1,1
PPP2R5D,PPP1R14BP3,1,1
PPP2R5D,VAT1,1,1
TRAIP,BUB1B,1,1
TRAIP,CCNA2,1,1
TRAIP,CDCA2,1,1
TRAIP,CDK1,1,1
TRAIP,CHAF1B,1,1
TRAIP,CHEK1,1,1
TRAIP,DEPDC1B,1,1
TRAIP,ESCO2,1,1
TRAIP,FANCA,1,1
TRAIP,GINS1,1,1
TRAIP,GMNN,1,1
TRAIP,HNRNPL,1,1
TRAIP,HSP90AA1,1,1
TRAIP,KIAA0101,1,1
TRAIP,KIF14,1,1
TRAIP,L2HGDH,1,1
TRAIP,LMNB1,1,1
TRAIP,LRR1,1,1
TRAIP,MAD2L1,1,1
TRAIP,NDC80,1,1
TRAIP,ORC1,1,1
TRAIP,ORC6,1,1
TRAIP,PPIH,1,1
TRAIP,PPP5C,1,1
TRAIP,PRPS2,1,1
TRAIP,RAD51AP1,1,1
TRAIP,RFC3,1,1
TRAIP,RMI1,1,1
TRAIP,SMC2,1,1
TRAIP,SNRPG,1,1
TRAIP,SNX5,1,1
TRAIP,TMEM63B,1,1
TRAIP,TUBA1C,1,1
TRAIP,VBP1,1,1
TRAIP,ZNF695,1,1
TRAIP,ZWILCH,1,1
LYPD1,AP1M1,1,1
LYPD1,C14ORF142,1,1
LYPD1,ITPA,1,1
LYPD1,MYOF,1,1
LYPD1,NAA40,1,1
LYPD1,STAMBPL1,1,1
SPOCK1,ABHD5,1,1
SPOCK1,ABT1,1,1
SPOCK1,ACD,1,1
SPOCK1,AHI1,1,1
SPOCK1,ANKRD33B,1,1
SPOCK1,ANXA3,1,1
SPOCK1,BMI1,1,1
SPOCK1,BNIP1,1,1
SPOCK1,C10ORF2,1,1
SPOCK1,C12ORF75,1,1
SPOCK1,C19ORF47,1,1
SPOCK1,C4ORF46,1,1
SPOCK1,CCDC109B,1,1
SPOCK1,CDC123,1,1
SPOCK1,CDCA5,1,1
SPOCK1,CDK4,1,1
SPOCK1,CENPJ,1,1
SPOCK1,CEP250,1,1
SPOCK1,CKS1B,1,1
SPOCK1,CSNK2A1,1,1
SPOCK1,CSNK2B,1,1
SPOCK1,CTNNAL1,1,1
SPOCK1,DDX21,1,1
SPOCK1,DDX39B,1,1
SPOCK1,DEK,1,1
SPOCK1,DKK 1.00,1,1
SPOCK1,DNA2,1,1
SPOCK1,DPH2,1,1
SPOCK1,DPM1,1,1
SPOCK1,EIF4E2,1,1
SPOCK1,EIF6,1,1
SPOCK1,ENY2,1,1
SPOCK1,ERCC3,1,1
SPOCK1,ERI1,1,1
SPOCK1,EXOSC8,1,1
SPOCK1,EXT1,1,1
SPOCK1,FBXO45,1,1
SPOCK1,FUBP1,1,1
SPOCK1,GART,1,1
SPOCK1,GLO1,1,1
SPOCK1,HARS,1,1
SPOCK1,HAUS2,1,1
SPOCK1,HMGN1,1,1
SPOCK1,HNRNPA1P48,1,1
SPOCK1,HNRNPD,1,1
SPOCK1,HRAS,1,1
SPOCK1,IQCJ-SCHIP1,1,1
SPOCK1,KIF15,1,1
SPOCK1,KMT5A,1,1
SPOCK1,KPNA3,1,1
SPOCK1,KRT18,1,1
SPOCK1,MAGOH,1,1
SPOCK1,MCM10,1,1
SPOCK1,MCM2,1,1
SPOCK1,MCRS1,1,1
SPOCK1,MED10,1,1
SPOCK1,MED27,1,1
SPOCK1,MED29,1,1
SPOCK1,MMP24-AS1,1,1
SPOCK1,MRPL33,1,1
SPOCK1,MRPS10,1,1
SPOCK1,MRPS14,1,1
SPOCK1,MRPS26,1,1
SPOCK1,MRPS27,1,1
SPOCK1,NAA15,1,1
SPOCK1,NAA20,1,1
SPOCK1,NDUFA1,1,1
SPOCK1,NPM3,1,1
SPOCK1,NR2F2,1,1
SPOCK1,NRF1,1,1
SPOCK1,NSMCE4A,1,1
SPOCK1,NUFIP1,1,1
SPOCK1,NUP107,1,1
SPOCK1,NUP188,1,1
SPOCK1,NUP58,1,1
SPOCK1,NXT1,1,1
SPOCK1,PAK1IP1,1,1
SPOCK1,PDE12,1,1
SPOCK1,PDF,1,1
SPOCK1,PDSS1,1,1
SPOCK1,PER2,1,1
SPOCK1,PFDN2,1,1
SPOCK1,PJA1,1,1
SPOCK1,PLAGL2,1,1
SPOCK1,PLEKHA8,1,1
SPOCK1,POLR2D,1,1
SPOCK1,PPM1G,1,1
SPOCK1,PPRC1,1,1
SPOCK1,PSMC3,1,1
SPOCK1,PSMC3IP,1,1
SPOCK1,PSMD2,1,1
SPOCK1,PUS7L,1,1
SPOCK1,RABGGTB,1,1
SPOCK1,RAD1,1,1
SPOCK1,RARS,1,1
SPOCK1,RBMXL1,1,1
SPOCK1,RP11-424C20.2,1,1
SPOCK1,RPF1,1,1
SPOCK1,RRP12,1,1
SPOCK1,SAPCD2,1,1
SPOCK1,SERBP1,1,1
SPOCK1,SH2D5,1,1
SPOCK1,SKA3,1,1
SPOCK1,SKP2,1,1
SPOCK1,SLC35D1,1,1
SPOCK1,SMN2,1,1
SPOCK1,SMNDC1,1,1
SPOCK1,SNAPC3,1,1
SPOCK1,SNRNP48,1,1
SPOCK1,SNRPD1,1,1
SPOCK1,SNRPE,1,1
SPOCK1,SPRYD7,1,1
SPOCK1,SRP72,1,1
SPOCK1,SRPK1,1,1
SPOCK1,SUPV3L1,1,1
SPOCK1,TAF5,1,1
SPOCK1,TFAM,1,1
SPOCK1,TIMM23,1,1
SPOCK1,TMA16,1,1
SPOCK1,TMEM14B,1,1
SPOCK1,TOP3A,1,1
SPOCK1,TRIP13,1,1
SPOCK1,TRPM2,1,1
SPOCK1,TSSC4,1,1
SPOCK1,TYW3,1,1
SPOCK1,UBE2T,1,1
SPOCK1,UHRF1,1,1
SPOCK1,URB1,1,1
SPOCK1,USP1,1,1
SPOCK1,USP28,1,1
SPOCK1,VRK1,1,1
SPOCK1,WDR46,1,1
SPOCK1,ZNF195,1,1
SPOCK1,ZNF232,1,1
SPOCK1,ZNF281,1,1
SPOCK1,ZNF283,1,1
SPOCK1,ZNF655,1,1
SPOCK1,ZNF696,1,1
DDX47,ADAM9,1,1
DDX47,BRD4,1,1
DDX47,C12ORF29,1,1
DDX47,C14ORF166,1,1
DDX47,C16ORF91,1,1
DDX47,CAPRIN1,1,1
DDX47,CCT5,1,1
DDX47,CCT8,1,1
DDX47,CDC42EP2,1,1
DDX47,CDK7,1,1
DDX47,CFAP20,1,1
DDX47,CFL2,1,1
DDX47,CIAO1,1,1
DDX47,CLPTM1L,1,1
DDX47,CMSS1,1,1
DDX47,CNOT7,1,1
DDX47,CNPY3,1,1
DDX47,COPS5,1,1
DDX47,CRIM1,1,1
DDX47,CTDSPL2,1,1
DDX47,DDX21,1,1
DDX47,DDX28,1,1
DDX47,DHRS7B,1,1
DDX47,DHX35,1,1
DDX47,EID2,1,1
DDX47,EIF2AK4,1,1
DDX47,EIF2S1,1,1
DDX47,EIF3M,1,1
DDX47,ELK3,1,1
DDX47,EMG1,1,1
DDX47,FAM69B,1,1
DDX47,FBXO45,1,1
DDX47,FCHSD2,1,1
DDX47,FEM1A,1,1
DDX47,FEZ2,1,1
DDX47,FIS1,1,1
DDX47,FKBP3,1,1
DDX47,FTSJ1,1,1
DDX47,FTSJ3,1,1
DDX47,GABRA5,1,1
DDX47,GATA3,1,1
DDX47,GCH1,1,1
DDX47,GSTK1,1,1
DDX47,GSTM4,1,1
DDX47,HN1,1,1
DDX47,HS1BP3,1,1
DDX47,IGF2BP1,1,1
DDX47,ILF2,1,1
DDX47,ISY1,1,1
DDX47,ITM2C,1,1
DDX47,JTB,1,1
DDX47,KARS,1,1
DDX47,KIAA0319L,1,1
DDX47,KIAA0586,1,1
DDX47,KIF3A,1,1
DDX47,KLHL18,1,1
DDX47,KRT18,1,1
DDX47,LAMB3,1,1
DDX47,LARGE1,1,1
DDX47,LMNB2,1,1
DDX47,MAGED2,1,1
DDX47,MAK16,1,1
DDX47,MAN2A2,1,1
DDX47,MAP4K5,1,1
DDX47,MAPK1IP1L,1,1
DDX47,MAPK6,1,1
DDX47,MICALL1,1,1
DDX47,MNAT1,1,1
DDX47,MRPL21,1,1
DDX47,MRPL39,1,1
DDX47,MT1X,1,1
DDX47,MYNN,1,1
DDX47,NAP1L1,1,1
DDX47,NASP,1,1
DDX47,NCBP2-AS2,1,1
DDX47,NCR3LG1,1,1
DDX47,NEK7,1,1
DDX47,NIPAL1,1,1
DDX47,NKX3-1,1,1
DDX47,PAPD5,1,1
DDX47,PDE6D,1,1
DDX47,PLAUR,1,1
DDX47,PMM1,1,1
DDX47,PMPCA,1,1
DDX47,PPCS,1,1
DDX47,PPP2R1B,1,1
DDX47,PRPF38A,1,1
DDX47,PRPF4,1,1
DDX47,PSMA6,1,1
DDX47,PSMB5,1,1
DDX47,PSMC1,1,1
DDX47,PSMC3,1,1
DDX47,PSMC6,1,1
DDX47,PSMD2,1,1
DDX47,PTPRB,1,1
DDX47,QSER1,1,1
DDX47,RIN1,1,1
DDX47,RIN2,1,1
DDX47,RUVBL2,1,1
DDX47,SEPT9,1,1
DDX47,SET,1,1
DDX47,SMN1,1,1
DDX47,SNAPC1,1,1
DDX47,SPIN4,1,1
DDX47,SREK1IP1,1,1
DDX47,SSRP1,1,1
DDX47,TAP2,1,1
DDX47,TIMM17A,1,1
DDX47,TMA16,1,1
DDX47,TRMT10C,1,1
DDX47,TRUB2,1,1
DDX47,UBE2N,1,1
DDX47,UTP4,1,1
DDX47,VEZT,1,1
DDX47,WDR18,1,1
DDX47,WDR74,1,1
DDX47,WRN,1,1
DDX47,XK,1,1
DDX47,ZNF462,1,1
BRCA2,ARHGAP11B,1,1
BRCA2,BARD1,1,1
BRCA2,BCCIP,1,1
BRCA2,CCNA2,1,1
BRCA2,CEP55,1,1
BRCA2,CEP78,1,1
BRCA2,CKS1B,1,1
BRCA2,CYB5B,1,1
BRCA2,DCAF13,1,1
BRCA2,ENY2,1,1
BRCA2,FUBP1,1,1
BRCA2,GINS1,1,1
BRCA2,GLRX3,1,1
BRCA2,GMNN,1,1
BRCA2,HRAS,1,1
BRCA2,KHDRBS1,1,1
BRCA2,KIF11,1,1
BRCA2,MAD2L1,1,1
BRCA2,MCMBP,1,1
BRCA2,MSH2,1,1
BRCA2,MTF2,1,1
BRCA2,MZT1,1,1
BRCA2,NANP,1,1
BRCA2,NUP54,1,1
BRCA2,NUP58,1,1
BRCA2,PDRG1,1,1
BRCA2,PLEKHH3,1,1
BRCA2,PLK4,1,1
BRCA2,POMP,1,1
BRCA2,PRELID1,1,1
BRCA2,PRPS2,1,1
BRCA2,PXMP2,1,1
BRCA2,RPP30,1,1
BRCA2,SMC2,1,1
BRCA2,SNRPG,1,1
BRCA2,SNX5,1,1
BRCA2,SP3,1,1
BRCA2,TAF2,1,1
BRCA2,TCF19,1,1
BRCA2,TMEM205,1,1
BRCA2,TSFM,1,1
BRCA2,TXN,1,1
BRCA2,ZWILCH,1,1
SYT14,ADPRH,1,1
SYT14,ARFIP2,1,1
SYT14,ASPHD2,1,1
SYT14,CKLF,1,1
SYT14,CNTROB,1,1
SYT14,EIF3H,1,1
SYT14,EMX2,1,1
SYT14,GNA12,1,1
SYT14,ITPA,1,1
SYT14,LINC00493,1,1
SYT14,MYEOV,1,1
SYT14,MYOF,1,1
SYT14,NTHL1,1,1
SYT14,RAB7A,1,1
SYT14,RNF113A,1,1
SYT14,RPL6,1,1
SYT14,RPL8,1,1
SYT14,RPS13,1,1
SYT14,TMSB4X,1,1
SYT14,ZRANB2,1,1
LYRM7,ARF4,1,1
LYRM7,BMI1,1,1
LYRM7,CRLF3,1,1
LYRM7,DDX18,1,1
LYRM7,GMEB2,1,1
LYRM7,KHDRBS1,1,1
LYRM7,KIAA1429,1,1
LYRM7,MZT1,1,1
LYRM7,NUDCD1,1,1
LYRM7,OTUD6B,1,1
LYRM7,PET117,1,1
LYRM7,PHIP,1,1
LYRM7,PPP2CA,1,1
LYRM7,PRIM2,1,1
LYRM7,RAD23B,1,1
LYRM7,RNASEK,1,1
LYRM7,RNF138,1,1
LYRM7,SMIM13,1,1
LYRM7,SVIP,1,1
LYRM7,TPM3,1,1
LYRM7,TPRKB,1,1
LYRM7,TRUB1,1,1
LYRM7,UBE2V2,1,1
LYRM7,UCHL5,1,1
LYRM7,ZWILCH,1,1
TMEM260,CBWD3,1,1
TMEM260,CCDC112,1,1
TMEM260,CCT2,1,1
TMEM260,CDK19,1,1
TMEM260,CHAC2,1,1
TMEM260,CLINT1,1,1
TMEM260,DCAF10,1,1
TMEM260,DEPDC1B,1,1
TMEM260,EBNA1BP2,1,1
TMEM260,EIF2B1,1,1
TMEM260,FAM234A,1,1
TMEM260,GRWD1,1,1
TMEM260,HNRNPL,1,1
TMEM260,HSP90AA1,1,1
TMEM260,IPO11,1,1
TMEM260,KANSL1L,1,1
TMEM260,KIF14,1,1
TMEM260,L2HGDH,1,1
TMEM260,LARP4,1,1
TMEM260,MRPL9,1,1
TMEM260,NABP2,1,1
TMEM260,NMI,1,1
TMEM260,PGAM5,1,1
TMEM260,PSME4,1,1
TMEM260,RAD23B,1,1
TMEM260,RAD51AP1,1,1
TMEM260,RFC3,1,1
TMEM260,RMI1,1,1
TMEM260,SKIV2L2,1,1
TMEM260,SNRPG,1,1
TMEM260,SNX5,1,1
TMEM260,TEAD4,1,1
TMEM260,TOMM40,1,1
TMEM260,TTC4,1,1
TMEM260,TUBA1C,1,1
TMEM260,UBA2,1,1
TMEM260,USP10,1,1
TMEM260,VBP1,1,1
TMEM260,WDR13,1,1
KANSL1L,ABCE1,1,1
KANSL1L,AC009237.8,1,1
KANSL1L,ACOX1,1,1
KANSL1L,ACTN1,1,1
KANSL1L,ARF4,1,1
KANSL1L,ARF5,1,1
KANSL1L,ATP6AP1,1,1
KANSL1L,BZW1,1,1
KANSL1L,CBFB,1,1
KANSL1L,CBY1,1,1
KANSL1L,CCDC112,1,1
KANSL1L,CCT2,1,1
KANSL1L,CDK19,1,1
KANSL1L,CMPK1,1,1
KANSL1L,CPSF6,1,1
KANSL1L,CRLS1,1,1
KANSL1L,CYB5D2,1,1
KANSL1L,DDX18,1,1
KANSL1L,EBNA1BP2,1,1
KANSL1L,EIF2B1,1,1
KANSL1L,ELOVL1,1,1
KANSL1L,FAM189A2,1,1
KANSL1L,GHDC,1,1
KANSL1L,GLB1,1,1
KANSL1L,GMEB2,1,1
KANSL1L,GMFB,1,1
KANSL1L,GTF2H3,1,1
KANSL1L,IRAK1,1,1
KANSL1L,KIF14,1,1
KANSL1L,KLF15,1,1
KANSL1L,LMBRD1,1,1
KANSL1L,LURAP1,1,1
KANSL1L,MEGF8,1,1
KANSL1L,MLKL,1,1
KANSL1L,MRPL47,1,1
KANSL1L,MTFR1L,1,1
KANSL1L,NAGLU,1,1
KANSL1L,NMI,1,1
KANSL1L,PGAM5,1,1
KANSL1L,PHIP,1,1
KANSL1L,PKNOX1,1,1
KANSL1L,PLEKHH1,1,1
KANSL1L,POLR1B,1,1
KANSL1L,POLR3E,1,1
KANSL1L,PPP2CA,1,1
KANSL1L,PRIM2,1,1
KANSL1L,PRKCI,1,1
KANSL1L,PRMT1,1,1
KANSL1L,PSMC4,1,1
KANSL1L,PSMC5,1,1
KANSL1L,PSMD4,1,1
KANSL1L,PSME4,1,1
KANSL1L,RAD23B,1,1
KANSL1L,RNASEK,1,1
KANSL1L,RNF126,1,1
KANSL1L,SART3,1,1
KANSL1L,SCHIP1,1,1
KANSL1L,SCYL3,1,1
KANSL1L,SGTA,1,1
KANSL1L,SKIV2L2,1,1
KANSL1L,SMAGP,1,1
KANSL1L,SMIM15,1,1
KANSL1L,SNRNP200,1,1
KANSL1L,SRP19,1,1
KANSL1L,TDRP,1,1
KANSL1L,TFB2M,1,1
KANSL1L,TMEM69,1,1
KANSL1L,TPM3,1,1
KANSL1L,TPRKB,1,1
KANSL1L,TTC4,1,1
KANSL1L,TUBA1C,1,1
KANSL1L,UCHL5,1,1
KANSL1L,VBP1,1,1
KANSL1L,VMA21,1,1
KANSL1L,VRK3,1,1
KANSL1L,WBP2,1,1
KANSL1L,WDR13,1,1
KANSL1L,WDR36,1,1
KANSL1L,XPOT,1,1
UCK2,AHCTF1,1,1
UCK2,BRIX1,1,1
UCK2,BTN3A1,1,1
UCK2,C12ORF29,1,1
UCK2,C14ORF80,1,1
UCK2,CCDC112,1,1
UCK2,CCT2,1,1
UCK2,CCT8,1,1
UCK2,CHRNA5,1,1
UCK2,CLINT1,1,1
UCK2,COA7,1,1
UCK2,CPSF6,1,1
UCK2,DAZAP1,1,1
UCK2,DIMT1,1,1
UCK2,DPY19L2P1,1,1
UCK2,EIF5,1,1
UCK2,ELAVL1,1,1
UCK2,EXOSC2,1,1
UCK2,FAM136A,1,1
UCK2,FASTKD3,1,1
UCK2,GHDC,1,1
UCK2,GPATCH4,1,1
UCK2,H3F3B,1,1
UCK2,IGF2BP1,1,1
UCK2,ILF2,1,1
UCK2,IPO4,1,1
UCK2,IRAK1,1,1
UCK2,KIAA1524,1,1
UCK2,LYAR,1,1
UCK2,MAK16,1,1
UCK2,MEGF8,1,1
UCK2,MEMO1,1,1
UCK2,MRPL50,1,1
UCK2,NASP,1,1
UCK2,NEK7,1,1
UCK2,NRGN,1,1
UCK2,PM20D2,1,1
UCK2,PRPS1,1,1
UCK2,PSMA3,1,1
UCK2,PSMC5,1,1
UCK2,RAD18,1,1
UCK2,RELT,1,1
UCK2,RFWD3,1,1
UCK2,RIF1,1,1
UCK2,RPP40,1,1
UCK2,SIVA1,1,1
UCK2,SLC2A1,1,1
UCK2,SNAPC1,1,1
UCK2,SNRPF,1,1
UCK2,SPIN4,1,1
UCK2,SYNCRIP,1,1
UCK2,TBPL1,1,1
UCK2,TIMM8A,1,1
UCK2,TTC23,1,1
UCK2,VRK3,1,1
UCK2,ZIC2,1,1
UCK2,ZNF215,1,1
UCK2,ZNF639,1,1
FHOD1,POLR1B,1,1
FHOD1,ZNF512B,1,1
PAPD5,ADAM9,1,1
PAPD5,BAZ1A,1,1
PAPD5,BRD4,1,1
PAPD5,C12ORF29,1,1
PAPD5,CAPRIN1,1,1
PAPD5,CDC42EP2,1,1
PAPD5,CFAP20,1,1
PAPD5,CHORDC1,1,1
PAPD5,CMSS1,1,1
PAPD5,CNOT7,1,1
PAPD5,CRIM1,1,1
PAPD5,CTDSPL2,1,1
PAPD5,DDX21,1,1
PAPD5,DDX28,1,1
PAPD5,EIF2S1,1,1
PAPD5,EMG1,1,1
PAPD5,FEM1A,1,1
PAPD5,FTSJ3,1,1
PAPD5,GATA3,1,1
PAPD5,HNRNPC,1,1
PAPD5,ITM2C,1,1
PAPD5,KARS,1,1
PAPD5,KIAA0586,1,1
PAPD5,KLHL18,1,1
PAPD5,MAGED2,1,1
PAPD5,MAK16,1,1
PAPD5,MAP4K5,1,1
PAPD5,MAPK1IP1L,1,1
PAPD5,MAPK6,1,1
PAPD5,MRPL39,1,1
PAPD5,NEK7,1,1
PAPD5,PIGV,1,1
PAPD5,PLAUR,1,1
PAPD5,PPP2R1B,1,1
PAPD5,PRPF4,1,1
PAPD5,PRPF40A,1,1
PAPD5,PSMC6,1,1
PAPD5,QSER1,1,1
PAPD5,RIOK1,1,1
PAPD5,SET,1,1
PAPD5,SPIN4,1,1
PAPD5,SREK1IP1,1,1
PAPD5,SSRP1,1,1
PAPD5,TAP2,1,1
PAPD5,TMA16,1,1
PAPD5,TRMT10C,1,1
PAPD5,UBE2N,1,1
PAPD5,UTP4,1,1
PAPD5,VEZT,1,1
PAPD5,WRN,1,1
PAPD5,ZNF462,1,1
PAPD5,ZPR1,1,1
CRTAP,AC009237.8,1,1
CRTAP,ACOX1,1,1
CRTAP,ARF5,1,1
CRTAP,CYB5D2,1,1
CRTAP,DCAF13,1,1
CRTAP,DVL1,1,1
CRTAP,GMEB2,1,1
CRTAP,H2AFJ,1,1
CRTAP,HOXB2,1,1
CRTAP,IGSF3,1,1
CRTAP,IMPA2,1,1
CRTAP,TENM3,1,1
CRTAP,VEPH1,1,1
CRTAP,ZNF142,1,1
NRF1,ACD,1,1
NRF1,BMI1,1,1
NRF1,BNIP1,1,1
NRF1,C12ORF75,1,1
NRF1,C19ORF47,1,1
NRF1,CCDC109B,1,1
NRF1,CDC123,1,1
NRF1,CDCA5,1,1
NRF1,CDK4,1,1
NRF1,CENPJ,1,1
NRF1,CEP250,1,1
NRF1,CKS1B,1,1
NRF1,CSTF2,1,1
NRF1,CTNNAL1,1,1
NRF1,DDX18,1,1
NRF1,DEK,1,1
NRF1,DHX35,1,1
NRF1,DNA2,1,1
NRF1,DPH2,1,1
NRF1,EID2,1,1
NRF1,EIF4E2,1,1
NRF1,EIF6,1,1
NRF1,ERI1,1,1
NRF1,EXT1,1,1
NRF1,FBXO45,1,1
NRF1,FUBP1,1,1
NRF1,GFER,1,1
NRF1,GINS3,1,1
NRF1,GLO1,1,1
NRF1,GLRX3,1,1
NRF1,GRHPR,1,1
NRF1,GTF3C4,1,1
NRF1,HARS,1,1
NRF1,HAUS2,1,1
NRF1,HNRNPA1P48,1,1
NRF1,HRAS,1,1
NRF1,IQCJ-SCHIP1,1,1
NRF1,KIAA1429,1,1
NRF1,KIF15,1,1
NRF1,KMT5A,1,1
NRF1,KPNA3,1,1
NRF1,KTI12,1,1
NRF1,LMBRD1,1,1
NRF1,LMNB1,1,1
NRF1,MAGOH,1,1
NRF1,MCM10,1,1
NRF1,MCM2,1,1
NRF1,MED10,1,1
NRF1,MED27,1,1
NRF1,MIS18A,1,1
NRF1,MRPS10,1,1
NRF1,MRPS27,1,1
NRF1,MYBL2,1,1
NRF1,NAA15,1,1
NRF1,NANP,1,1
NRF1,NOLC1,1,1
NRF1,NPEPPS,1,1
NRF1,NUP107,1,1
NRF1,NUP58,1,1
NRF1,PAK1IP1,1,1
NRF1,PCLO,1,1
NRF1,PDE12,1,1
NRF1,PDF,1,1
NRF1,PDSS1,1,1
NRF1,PER2,1,1
NRF1,PGGT1B,1,1
NRF1,PPIH,1,1
NRF1,PPM1G,1,1
NRF1,PPP2CA,1,1
NRF1,PSMC3,1,1
NRF1,PSMC3IP,1,1
NRF1,PSMD2,1,1
NRF1,PUS7L,1,1
NRF1,RAD1,1,1
NRF1,RARS,1,1
NRF1,SAPCD2,1,1
NRF1,SERBP1,1,1
NRF1,SH2D5,1,1
NRF1,SKA3,1,1
NRF1,SMIM13,1,1
NRF1,SMN2,1,1
NRF1,SNRPC,1,1
NRF1,SNRPE,1,1
NRF1,SRP72,1,1
NRF1,SRPK1,1,1
NRF1,SVIP,1,1
NRF1,TAF2,1,1
NRF1,TAF5,1,1
NRF1,TAF9,1,1
NRF1,TATDN1,1,1
NRF1,TFAM,1,1
NRF1,TIMM23,1,1
NRF1,TMEM14B,1,1
NRF1,TOP3A,1,1
NRF1,TRIP13,1,1
NRF1,TRPM2,1,1
NRF1,TSFM,1,1
NRF1,TSSC4,1,1
NRF1,TTF1,1,1
NRF1,UBE2J2,1,1
NRF1,UBE2T,1,1
NRF1,UCHL5,1,1
NRF1,UHRF1,1,1
NRF1,UHRF1BP1L,1,1
NRF1,USP1,1,1
NRF1,VRK1,1,1
NRF1,WDR46,1,1
NRF1,WWC1,1,1
NRF1,ZNF281,1,1
NRF1,ZNF473,1,1
NRF1,ZNF655,1,1
NRF1,ZW10,1,1
NRF1,ZWILCH,1,1
SLC35E1,ABT1,1,1
SLC35E1,AHI1,1,1
SLC35E1,ALDH1A3,1,1
SLC35E1,ANXA3,1,1
SLC35E1,ATG12,1,1
SLC35E1,ATG9A,1,1
SLC35E1,C10ORF2,1,1
SLC35E1,C14ORF142,1,1
SLC35E1,C1ORF21,1,1
SLC35E1,CCDC109B,1,1
SLC35E1,CCNJL,1,1
SLC35E1,CDC123,1,1
SLC35E1,CDK4,1,1
SLC35E1,CEP120,1,1
SLC35E1,COA3,1,1
SLC35E1,CRNKL1,1,1
SLC35E1,CSNK2A1,1,1
SLC35E1,CTNNAL1,1,1
SLC35E1,DBI,1,1
SLC35E1,DCAF6,1,1
SLC35E1,DDX39B,1,1
SLC35E1,DHX16,1,1
SLC35E1,DPM1,1,1
SLC35E1,EEF1B2,1,1
SLC35E1,EIF4E2,1,1
SLC35E1,ERCC3,1,1
SLC35E1,EXT1,1,1
SLC35E1,FAM60A,1,1
SLC35E1,GART,1,1
SLC35E1,GOLPH3L,1,1
SLC35E1,GPAT3,1,1
SLC35E1,GRASP,1,1
SLC35E1,GRHPR,1,1
SLC35E1,GTF2H2B,1,1
SLC35E1,HARS,1,1
SLC35E1,HARS2,1,1
SLC35E1,HERPUD2,1,1
SLC35E1,KMT5A,1,1
SLC35E1,KPNA3,1,1
SLC35E1,LRRC40,1,1
SLC35E1,MED29,1,1
SLC35E1,MRPL33,1,1
SLC35E1,MRPS14,1,1
SLC35E1,MRPS26,1,1
SLC35E1,MYOF,1,1
SLC35E1,NDUFA1,1,1
SLC35E1,NELFE,1,1
SLC35E1,NENF,1,1
SLC35E1,NHSL1,1,1
SLC35E1,NR2F2,1,1
SLC35E1,NXT1,1,1
SLC35E1,OSBPL11,1,1
SLC35E1,PANK3,1,1
SLC35E1,PDF,1,1
SLC35E1,PLAGL2,1,1
SLC35E1,POLR2D,1,1
SLC35E1,PPA1,1,1
SLC35E1,PRRG4,1,1
SLC35E1,RAB4A,1,1
SLC35E1,RBBP9,1,1
SLC35E1,RBMXL1,1,1
SLC35E1,REV3L,1,1
SLC35E1,RNF114,1,1
SLC35E1,RPF1,1,1
SLC35E1,RRAS2,1,1
SLC35E1,RRP8,1,1
SLC35E1,SF3B6,1,1
SLC35E1,SMN2,1,1
SLC35E1,SOCS4,1,1
SLC35E1,ST3GAL4,1,1
SLC35E1,TIMM23,1,1
SLC35E1,TRMT13,1,1
SLC35E1,TSSC4,1,1
SLC35E1,TYW3,1,1
SLC35E1,UBA6,1,1
SLC35E1,UBL4A,1,1
SLC35E1,UBLCP1,1,1
SLC35E1,UBQLN1,1,1
SLC35E1,WDR46,1,1
SLC35E1,ZNF232,1,1
SLC35E1,ZNF281,1,1
SLC35E1,ZNF652,1,1
SLC35E1,ZNF696,1,1
MR1,ACAD10,1,1
MR1,GSN,1,1
GABPA,ADAM9,1,1
GABPA,CTDSPL2,1,1
GABPA,DHRS7B,1,1
GABPA,KLF5,1,1
GABPA,LIN7C,1,1
GABPA,LLPH,1,1
GABPA,MAPK6,1,1
GABPA,NIPAL1,1,1
GABPA,NR2C1,1,1
GABPA,PTBP3,1,1
GABPA,QSER1,1,1
GABPA,ZNF462,1,1
UBLCP1,ABT1,1,1
UBLCP1,AC093616.4,1,1
UBLCP1,ALDH1A3,1,1
UBLCP1,ANXA3,1,1
UBLCP1,AP3S1,1,1
UBLCP1,ATG12,1,1
UBLCP1,ATG9A,1,1
UBLCP1,BMI1,1,1
UBLCP1,C14ORF142,1,1
UBLCP1,C1ORF21,1,1
UBLCP1,C4ORF46,1,1
UBLCP1,CCDC109B,1,1
UBLCP1,CDK4,1,1
UBLCP1,CEP120,1,1
UBLCP1,CEP250,1,1
UBLCP1,COA3,1,1
UBLCP1,CRNKL1,1,1
UBLCP1,CSNK2A1,1,1
UBLCP1,CTNNAL1,1,1
UBLCP1,DCAF6,1,1
UBLCP1,DCLRE1A,1,1
UBLCP1,DPM1,1,1
UBLCP1,DR1,1,1
UBLCP1,EEF1B2,1,1
UBLCP1,EIF3H,1,1
UBLCP1,EIF4E,1,1
UBLCP1,EIF4E2,1,1
UBLCP1,EXOSC8,1,1
UBLCP1,EXT1,1,1
UBLCP1,FAM178B,1,1
UBLCP1,GLO1,1,1
UBLCP1,GRASP,1,1
UBLCP1,GRHPR,1,1
UBLCP1,HARS2,1,1
UBLCP1,HHEX,1,1
UBLCP1,HMGN1,1,1
UBLCP1,KMT5A,1,1
UBLCP1,KPNA3,1,1
UBLCP1,LRRC40,1,1
UBLCP1,MED29,1,1
UBLCP1,METTL10,1,1
UBLCP1,MIER1,1,1
UBLCP1,MIS12,1,1
UBLCP1,MRPL1,1,1
UBLCP1,MRPL33,1,1
UBLCP1,MRPS10,1,1
UBLCP1,MRPS14,1,1
UBLCP1,MRPS16,1,1
UBLCP1,MRPS26,1,1
UBLCP1,MRPS27,1,1
UBLCP1,MYOF,1,1
UBLCP1,NELFE,1,1
UBLCP1,NRM,1,1
UBLCP1,NUDT2,1,1
UBLCP1,NXT1,1,1
UBLCP1,OSBPL11,1,1
UBLCP1,PANK3,1,1
UBLCP1,PDF,1,1
UBLCP1,PGGT1B,1,1
UBLCP1,POLR2D,1,1
UBLCP1,PPA1,1,1
UBLCP1,PRRG4,1,1
UBLCP1,RAB4A,1,1
UBLCP1,RABGGTB,1,1
UBLCP1,RBBP9,1,1
UBLCP1,RBMXL1,1,1
UBLCP1,RICTOR,1,1
UBLCP1,RPF1,1,1
UBLCP1,RRAS2,1,1
UBLCP1,SEC23IP,1,1
UBLCP1,SF3B6,1,1
UBLCP1,SLC35D1,1,1
UBLCP1,SMNDC1,1,1
UBLCP1,SOCS4,1,1
UBLCP1,ST3GAL4,1,1
UBLCP1,TFAM,1,1
UBLCP1,TFDP1,1,1
UBLCP1,TIMM23,1,1
UBLCP1,TMEM14B,1,1
UBLCP1,TRMT13,1,1
UBLCP1,TSSC4,1,1
UBLCP1,TTL,1,1
UBLCP1,TYW3,1,1
UBLCP1,UBA6,1,1
UBLCP1,UBQLN1,1,1
UBLCP1,VSIG10L,1,1
UBLCP1,WDR46,1,1
UBLCP1,ZDHHC20,1,1
UBLCP1,ZNF195,1,1
UBLCP1,ZNF281,1,1
UBLCP1,ZNF544,1,1
UBLCP1,ZNF652,1,1
UBLCP1,ZNF696,1,1
DCAF1,DHX16,1,1
DCAF1,ECD,1,1
DCAF1,SLC25A44,1,1
NR2C1,BLOC1S6,1,1
NR2C1,KLF5,1,1
NR2C1,PTBP3,1,1
HN1,ABCA5,1,1
HN1,ACSL4,1,1
HN1,ADAM9,1,1
HN1,AHI1,1,1
HN1,ANXA1,1,1
HN1,ARHGAP31,1,1
HN1,BTF3L4,1,1
HN1,C12ORF29,1,1
HN1,C16ORF91,1,1
HN1,CBR4,1,1
HN1,CCT5,1,1
HN1,CCT8,1,1
HN1,CD63,1,1
HN1,CDC42EP2,1,1
HN1,CDH2,1,1
HN1,CDK7,1,1
HN1,CFL2,1,1
HN1,CIAO1,1,1
HN1,CLPTM1L,1,1
HN1,CMSS1,1,1
HN1,CNPY3,1,1
HN1,COPS5,1,1
HN1,CPT1A,1,1
HN1,CRIM1,1,1
HN1,CSTF2,1,1
HN1,CTDSPL2,1,1
HN1,DAZAP1,1,1
HN1,DDX21,1,1
HN1,DDX28,1,1
HN1,DHRS7B,1,1
HN1,DHX35,1,1
HN1,DPY19L2P1,1,1
HN1,DUSP12,1,1
HN1,EID2,1,1
HN1,EIF2AK4,1,1
HN1,EIF2S1,1,1
HN1,EIF2S3,1,1
HN1,EIF3M,1,1
HN1,ELK3,1,1
HN1,EMG1,1,1
HN1,ERI1,1,1
HN1,FAM69B,1,1
HN1,FARSA,1,1
HN1,FBXL6,1,1
HN1,FBXO45,1,1
HN1,FCHSD2,1,1
HN1,FEZ2,1,1
HN1,FIS1,1,1
HN1,FKBP3,1,1
HN1,FRMD5,1,1
HN1,FTSJ1,1,1
HN1,FTSJ3,1,1
HN1,GABRA5,1,1
HN1,GART,1,1
HN1,GATA3,1,1
HN1,GCH1,1,1
HN1,GEMIN7,1,1
HN1,GHDC,1,1
HN1,GNE,1,1
HN1,GSTK1,1,1
HN1,GSTM4,1,1
HN1,HMGCL,1,1
HN1,HPS3,1,1
HN1,HS1BP3,1,1
HN1,IGF2BP1,1,1
HN1,ILF2,1,1
HN1,ISY1,1,1
HN1,ITM2C,1,1
HN1,JTB,1,1
HN1,KARS,1,1
HN1,KIAA0319L,1,1
HN1,KIAA0586,1,1
HN1,KIF3A,1,1
HN1,KRT18,1,1
HN1,LAMB3,1,1
HN1,LAPTM4A,1,1
HN1,LARGE1,1,1
HN1,LBR,1,1
HN1,LIN7C,1,1
HN1,LLPH,1,1
HN1,LMNB2,1,1
HN1,MAGED2,1,1
HN1,MAK16,1,1
HN1,MAN2A2,1,1
HN1,MAP4K5,1,1
HN1,MAPK1IP1L,1,1
HN1,MAPK6,1,1
HN1,MICALL1,1,1
HN1,MNAT1,1,1
HN1,MRPL21,1,1
HN1,MRPL39,1,1
HN1,MT1X,1,1
HN1,MYNN,1,1
HN1,NAP1L1,1,1
HN1,NCBP2-AS2,1,1
HN1,NCR3LG1,1,1
HN1,NEK7,1,1
HN1,NIPAL1,1,1
HN1,NKX3-1,1,1
HN1,NOSIP,1,1
HN1,PDE12,1,1
HN1,PDE6D,1,1
HN1,PFDN2,1,1
HN1,PLAUR,1,1
HN1,PMM1,1,1
HN1,PMPCA,1,1
HN1,PPCS,1,1
HN1,PRKCI,1,1
HN1,PRMT1,1,1
HN1,PRPF38A,1,1
HN1,PRPF4,1,1
HN1,PSMA3,1,1
HN1,PSMA6,1,1
HN1,PSMB5,1,1
HN1,PSMC1,1,1
HN1,PSMC3,1,1
HN1,PSMC5,1,1
HN1,PSMC6,1,1
HN1,PSMD2,1,1
HN1,PTPRB,1,1
HN1,QSER1,1,1
HN1,RIN1,1,1
HN1,RIN2,1,1
HN1,RNF13,1,1
HN1,RNF168,1,1
HN1,RPS26,1,1
HN1,RUVBL2,1,1
HN1,SAMD1,1,1
HN1,SCN8A,1,1
HN1,SEPT9,1,1
HN1,SERBP1,1,1
HN1,SERINC1,1,1
HN1,SIX1,1,1
HN1,SLC11A2,1,1
HN1,SLC25A43,1,1
HN1,SLC2A4RG,1,1
HN1,SMARCD1,1,1
HN1,SMN1,1,1
HN1,SNRPE,1,1
HN1,SPIN4,1,1
HN1,SREK1IP1,1,1
HN1,SSRP1,1,1
HN1,TARS,1,1
HN1,TIMM17A,1,1
HN1,TIMM8A,1,1
HN1,TJP2,1,1
HN1,TMA16,1,1
HN1,TMCO1,1,1
HN1,TNFRSF12A,1,1
HN1,TROVE2,1,1
HN1,TRUB2,1,1
HN1,TTF1,1,1
HN1,UBE2N,1,1
HN1,UGT8,1,1
HN1,UTP4,1,1
HN1,VEZT,1,1
HN1,WDR18,1,1
HN1,WDR74,1,1
HN1,WRN,1,1
HN1,XK,1,1
HN1,ZNF670,1,1
HN1,ZNF678,1,1
HN1,ZPR1,1,1
MAPK6,ABCA5,1,1
MAPK6,ACSL4,1,1
MAPK6,ADAM9,1,1
MAPK6,BAZ1A,1,1
MAPK6,C12ORF29,1,1
MAPK6,CAPRIN1,1,1
MAPK6,CCT5,1,1
MAPK6,CCT8,1,1
MAPK6,CDK7,1,1
MAPK6,CFAP20,1,1
MAPK6,CFL2,1,1
MAPK6,CLPTM1L,1,1
MAPK6,CMSS1,1,1
MAPK6,CNOT7,1,1
MAPK6,CNPY3,1,1
MAPK6,COPS5,1,1
MAPK6,CRIM1,1,1
MAPK6,CTDSPL2,1,1
MAPK6,CWC27,1,1
MAPK6,DAZAP1,1,1
MAPK6,DDX21,1,1
MAPK6,DDX28,1,1
MAPK6,DHRS7B,1,1
MAPK6,DHX35,1,1
MAPK6,DUSP12,1,1
MAPK6,EIF2AK4,1,1
MAPK6,EIF2S1,1,1
MAPK6,EIF3M,1,1
MAPK6,EIF5,1,1
MAPK6,ELK3,1,1
MAPK6,EMG1,1,1
MAPK6,FAM69B,1,1
MAPK6,FCHSD2,1,1
MAPK6,FEM1A,1,1
MAPK6,FEZ2,1,1
MAPK6,FKBP3,1,1
MAPK6,FTSJ3,1,1
MAPK6,GATA3,1,1
MAPK6,GSTK1,1,1
MAPK6,HMGCL,1,1
MAPK6,IGF2BP1,1,1
MAPK6,ILF2,1,1
MAPK6,ISY1,1,1
MAPK6,ITM2C,1,1
MAPK6,KARS,1,1
MAPK6,KIAA0319L,1,1
MAPK6,KIAA0586,1,1
MAPK6,KIAA1586,1,1
MAPK6,KRT18,1,1
MAPK6,LAMB3,1,1
MAPK6,LAPTM4A,1,1
MAPK6,LBR,1,1
MAPK6,LIN7C,1,1
MAPK6,LLPH,1,1
MAPK6,LMNB2,1,1
MAPK6,MAGED2,1,1
MAPK6,MAK16,1,1
MAPK6,MAN2A2,1,1
MAPK6,MAP4K5,1,1
MAPK6,MAPK1IP1L,1,1
MAPK6,MICALL1,1,1
MAPK6,MNAT1,1,1
MAPK6,MRPL21,1,1
MAPK6,MRPL39,1,1
MAPK6,MT1X,1,1
MAPK6,MYNN,1,1
MAPK6,NAP1L1,1,1
MAPK6,NASP,1,1
MAPK6,NCR3LG1,1,1
MAPK6,NEK7,1,1
MAPK6,NIPAL1,1,1
MAPK6,NKX3-1,1,1
MAPK6,PLAUR,1,1
MAPK6,PM20D2,1,1
MAPK6,PPP2R1B,1,1
MAPK6,PRPF4,1,1
MAPK6,PRPF40A,1,1
MAPK6,PSMB5,1,1
MAPK6,PSMC1,1,1
MAPK6,PSMC3,1,1
MAPK6,PSMC6,1,1
MAPK6,PTPRB,1,1
MAPK6,QSER1,1,1
MAPK6,RIN2,1,1
MAPK6,RLIM,1,1
MAPK6,SACS,1,1
MAPK6,SERBP1,1,1
MAPK6,SET,1,1
MAPK6,SNAPC1,1,1
MAPK6,SPIN4,1,1
MAPK6,SREK1IP1,1,1
MAPK6,SSRP1,1,1
MAPK6,SUB1,1,1
MAPK6,TAP2,1,1
MAPK6,TIMM10,1,1
MAPK6,TIMM17A,1,1
MAPK6,TMA16,1,1
MAPK6,TRMT10C,1,1
MAPK6,TROVE2,1,1
MAPK6,TTF1,1,1
MAPK6,UBE2N,1,1
MAPK6,UTP4,1,1
MAPK6,VEZT,1,1
MAPK6,WDR74,1,1
MAPK6,WRN,1,1
MAPK6,XK,1,1
MAPK6,ZNF462,1,1
MAPK6,ZNF670,1,1
KLF5,PTBP3,1,1
SNX24,ANKRD33B,1,1
SNX24,ARF4,1,1
SNX24,ATP6AP1,1,1
SNX24,C16ORF13,1,1
SNX24,CKLF,1,1
SNX24,CMTM7,1,1
SNX24,DUXAP9,1,1
SNX24,EIF3K,1,1
SNX24,FSD1,1,1
SNX24,GIPC1,1,1
SNX24,GLO1,1,1
SNX24,HTR7,1,1
SNX24,IRX5,1,1
SNX24,LARS,1,1
SNX24,LMBRD1,1,1
SNX24,MED8,1,1
SNX24,METTL2A,1,1
SNX24,NOSIP,1,1
SNX24,PLS1,1,1
SNX24,PSMC4,1,1
SNX24,RP11-529K1.3,1,1
SNX24,RPS21,1,1
SNX24,RRAS2,1,1
SNX24,SLC25A51,1,1
SNX24,SLC9A6,1,1
SNX24,SNRPD2,1,1
SNX24,SPIRE2,1,1
SNX24,ST3GAL6,1,1
SNX24,TATDN1,1,1
SNX24,TIMM17B,1,1
SNX24,TMEM123,1,1
SNX24,TMEM206,1,1
SNX24,TTC28,1,1
SNX24,WDR54,1,1
SNX24,ZNF746,1,1
BTN3A2,CD63,1,1
BTN3A2,LARGE1,1,1
BTN3A2,PIK3CB,1,1
ZNF398,GNA12,1,1
SLC25A46,NUDT2,1,1
SLC25A46,PAN2,1,1
SLC25A46,PDLIM5,1,1
SLC25A46,TTL,1,1
SLC25A46,ZDHHC20,1,1
SNRPD1,ABHD5,1,1
SNRPD1,ABT1,1,1
SNRPD1,C4ORF46,1,1
SNRPD1,CCDC109B,1,1
SNRPD1,CDC123,1,1
SNRPD1,CDCA5,1,1
SNRPD1,CENPJ,1,1
SNRPD1,CEP250,1,1
SNRPD1,COA3,1,1
SNRPD1,CTNNAL1,1,1
SNRPD1,DCLRE1A,1,1
SNRPD1,DDX39B,1,1
SNRPD1,DEK,1,1
SNRPD1,DKK 1.00,1,1
SNRPD1,DNA2,1,1
SNRPD1,DNAJC9,1,1
SNRPD1,DR1,1,1
SNRPD1,ECD,1,1
SNRPD1,EEF1B2,1,1
SNRPD1,EIF4E,1,1
SNRPD1,EIF4E2,1,1
SNRPD1,ENY2,1,1
SNRPD1,ERLIN1,1,1
SNRPD1,EXOSC8,1,1
SNRPD1,FAM111B,1,1
SNRPD1,HAUS2,1,1
SNRPD1,HMGB2,1,1
SNRPD1,HMGN1,1,1
SNRPD1,HNRNPD,1,1
SNRPD1,IQSEC2,1,1
SNRPD1,KIF15,1,1
SNRPD1,KPNA3,1,1
SNRPD1,LARP1B,1,1
SNRPD1,MAGOH,1,1
SNRPD1,MCM10,1,1
SNRPD1,MED10,1,1
SNRPD1,MRPL1,1,1
SNRPD1,NAA20,1,1
SNRPD1,NAF1,1,1
SNRPD1,NR2F2,1,1
SNRPD1,NSMCE4A,1,1
SNRPD1,NUFIP1,1,1
SNRPD1,NUP188,1,1
SNRPD1,PLAGL2,1,1
SNRPD1,POLR2D,1,1
SNRPD1,PPA1,1,1
SNRPD1,PPRC1,1,1
SNRPD1,PRDX1,1,1
SNRPD1,PSMC3IP,1,1
SNRPD1,RABGGTB,1,1
SNRPD1,RAD1,1,1
SNRPD1,RBMXL1,1,1
SNRPD1,RNF219,1,1
SNRPD1,RPF1,1,1
SNRPD1,SAPCD2,1,1
SNRPD1,SKA3,1,1
SNRPD1,SMN2,1,1
SNRPD1,SMNDC1,1,1
SNRPD1,SPRYD7,1,1
SNRPD1,SRPK1,1,1
SNRPD1,SUGT1,1,1
SNRPD1,SUPV3L1,1,1
SNRPD1,TFAM,1,1
SNRPD1,TFDP1,1,1
SNRPD1,TIMM23,1,1
SNRPD1,TMEM14B,1,1
SNRPD1,TRPM2,1,1
SNRPD1,TSSC4,1,1
SNRPD1,TYW3,1,1
SNRPD1,URB1,1,1
SNRPD1,VRK1,1,1
SNRPD1,ZNF195,1,1
SNRPD1,ZNF283,1,1
SNRPD1,ZNF544,1,1
SNRPD1,ZNF696,1,1
BARD1,BCCIP,1,1
BARD1,CEP55,1,1
BARD1,ENY2,1,1
BARD1,FAM111B,1,1
BARD1,KIF11,1,1
BARD1,MAD2L1,1,1
BARD1,MTF2,1,1
BARD1,PLK4,1,1
BARD1,SKA3,1,1
BARD1,TCF19,1,1
SIX4,ACSS1,1,1
SIX4,BVES,1,1
SIX4,DPF1,1,1
SIX4,DYSF,1,1
SIX4,FBXL4,1,1
SIX4,GCH1,1,1
SIX4,GHDC,1,1
SIX4,HDAC3,1,1
SIX4,IGF2BP1,1,1
SIX4,ITGB3BP,1,1
SIX4,LAPTM4A,1,1
SIX4,METTL2A,1,1
SIX4,MRPL47,1,1
SIX4,PSMA6,1,1
SIX4,PSMC5,1,1
SIX4,PSMD4,1,1
SIX4,RUVBL2,1,1
SIX4,SDCBP,1,1
SIX4,SEC13,1,1
SIX4,SERINC1,1,1
SIX4,SIX1,1,1
SIX4,SLC39A1,1,1
SIX4,TIMM8A,1,1
SIX4,TJP2,1,1
SIX4,UBE2C,1,1
RABAC1,AKAP1,1,1
RABAC1,ALYREF,1,1
RABAC1,ASNSD1,1,1
RABAC1,B4GAT1,1,1
RABAC1,BZW1,1,1
RABAC1,CDCA2,1,1
RABAC1,CHERP,1,1
RABAC1,EEF1E1,1,1
RABAC1,ESCO2,1,1
RABAC1,HNRNPH1,1,1
RABAC1,HNRNPM,1,1
RABAC1,LRRC58,1,1
RABAC1,MATR3,1,1
RABAC1,MPHOSPH10,1,1
RABAC1,MSH6,1,1
RABAC1,NBN,1,1
RABAC1,ORC1,1,1
RABAC1,PAICS,1,1
RABAC1,PTBP1,1,1
RABAC1,RBM27,1,1
RABAC1,RFC3,1,1
RABAC1,SRSF2,1,1
RABAC1,STIL,1,1
RABAC1,TFAP4,1,1
RABAC1,TMEM205,1,1
RABAC1,TMEM63B,1,1
RABAC1,TOMM40,1,1
RABAC1,TUBA1C,1,1
RABAC1,URB2,1,1
RABAC1,UTP11,1,1
RABAC1,UTP15,1,1
RABAC1,WDR36,1,1
CNOT11,AC009237.8,1,1
CNOT11,AP1M1,1,1
CNOT11,ARFIP2,1,1
CNOT11,C14ORF142,1,1
CNOT11,C1ORF21,1,1
CNOT11,CDK4,1,1
CNOT11,CSNK2A1,1,1
CNOT11,CWC22,1,1
CNOT11,DPM1,1,1
CNOT11,DUXAP9,1,1
CNOT11,GLRX3,1,1
CNOT11,GPAT3,1,1
CNOT11,GRASP,1,1
CNOT11,HEXIM2,1,1
CNOT11,HHEX,1,1
CNOT11,ITPA,1,1
CNOT11,LARS,1,1
CNOT11,MOCS3,1,1
CNOT11,MYEOV,1,1
CNOT11,MYOF,1,1
CNOT11,NAGLU,1,1
CNOT11,NDUFA1,1,1
CNOT11,NENF,1,1
CNOT11,NPEPPS,1,1
CNOT11,NUDCD1,1,1
CNOT11,NUDT2,1,1
CNOT11,NUP58,1,1
CNOT11,NXT1,1,1
CNOT11,PCYOX1L,1,1
CNOT11,PER2,1,1
CNOT11,PHIP,1,1
CNOT11,PLS1,1,1
CNOT11,PTPRJ,1,1
CNOT11,RNF113A,1,1
CNOT11,RNF114,1,1
CNOT11,RP11-529K1.3,1,1
CNOT11,SF3B6,1,1
CNOT11,SMIM13,1,1
CNOT11,SNRNP200,1,1
CNOT11,SPOPL,1,1
CNOT11,ST3GAL4,1,1
CNOT11,STAMBPL1,1,1
CNOT11,TENM3,1,1
CNOT11,TMEM41B,1,1
CNOT11,TTC1,1,1
CNOT11,TTL,1,1
CNOT11,UBA6,1,1
CNOT11,UBE2J2,1,1
CNOT11,UBE2V1,1,1
CNOT11,WDR46,1,1
CNOT11,XRN2,1,1
CNOT11,ZBTB37,1,1
CNOT11,ZRANB2,1,1
GIPC1,ARF4,1,1
GIPC1,CKLF,1,1
GIPC1,CRLS1,1,1
GIPC1,DYSF,1,1
GIPC1,IRX5,1,1
GIPC1,LMBRD1,1,1
GIPC1,NMI,1,1
GIPC1,PCGF5,1,1
GIPC1,PLS1,1,1
GIPC1,PRIM2,1,1
GIPC1,SPIRE2,1,1
GIPC1,TATDN1,1,1
GIPC1,TMEM206,1,1
GIPC1,TPRKB,1,1
GIPC1,UBE2V2,1,1
TOMM40,ABCE1,1,1
TOMM40,AKAP1,1,1
TOMM40,ALYREF,1,1
TOMM40,B4GAT1,1,1
TOMM40,BZW1,1,1
TOMM40,CCDC138,1,1
TOMM40,CCT2,1,1
TOMM40,CDCA2,1,1
TOMM40,CEBPZ,1,1
TOMM40,CHAC2,1,1
TOMM40,CHERP,1,1
TOMM40,DCAF10,1,1
TOMM40,DCAF13,1,1
TOMM40,DIAPH1,1,1
TOMM40,EBNA1BP2,1,1
TOMM40,EEF1E1,1,1
TOMM40,ESCO2,1,1
TOMM40,FLOT2,1,1
TOMM40,GINS1,1,1
TOMM40,GRWD1,1,1
TOMM40,HNRNPH1,1,1
TOMM40,HNRNPL,1,1
TOMM40,HSP90AA1,1,1
TOMM40,IPO11,1,1
TOMM40,KIF14,1,1
TOMM40,LRR1,1,1
TOMM40,LRRC58,1,1
TOMM40,MAPKAPK5,1,1
TOMM40,MPHOSPH10,1,1
TOMM40,MRPL9,1,1
TOMM40,MSH2,1,1
TOMM40,MSH6,1,1
TOMM40,NBN,1,1
TOMM40,ORC1,1,1
TOMM40,OTUD6B,1,1
TOMM40,PAICS,1,1
TOMM40,PDRG1,1,1
TOMM40,PGAM5,1,1
TOMM40,PNPT1,1,1
TOMM40,PPP3R1,1,1
TOMM40,PPP5C,1,1
TOMM40,PTBP1,1,1
TOMM40,RAD23B,1,1
TOMM40,RBM27,1,1
TOMM40,RELT,1,1
TOMM40,RFC3,1,1
TOMM40,RMI1,1,1
TOMM40,RNF126,1,1
TOMM40,SKIV2L2,1,1
TOMM40,SMAGP,1,1
TOMM40,SNRPG,1,1
TOMM40,SNX5,1,1
TOMM40,SRSF7,1,1
TOMM40,STIL,1,1
TOMM40,TEAD4,1,1
TOMM40,TIPIN,1,1
TOMM40,TMEM205,1,1
TOMM40,TMEM63B,1,1
TOMM40,TTC4,1,1
TOMM40,TUBA1C,1,1
TOMM40,UBA2,1,1
TOMM40,USP10,1,1
TOMM40,UTP11,1,1
TOMM40,UTP15,1,1
TOMM40,VBP1,1,1
TOMM40,WDR13,1,1
TOMM40,WDR36,1,1
CD3EAP,ABCE1,1,1
CD3EAP,ABCF1,1,1
CD3EAP,AKAP8,1,1
CD3EAP,BRIX1,1,1
CD3EAP,CCDC138,1,1
CD3EAP,CCP110,1,1
CD3EAP,CDC25A,1,1
CD3EAP,CDCA5,1,1
CD3EAP,COA7,1,1
CD3EAP,CSTF2,1,1
CD3EAP,DDX18,1,1
CD3EAP,DDX31,1,1
CD3EAP,DIMT1,1,1
CD3EAP,DPH2,1,1
CD3EAP,EBNA1BP2,1,1
CD3EAP,ERVK3-1,1,1
CD3EAP,EXOSC2,1,1
CD3EAP,GINS3,1,1
CD3EAP,GLRX2,1,1
CD3EAP,GNPNAT1,1,1
CD3EAP,GPATCH4,1,1
CD3EAP,GTF3C4,1,1
CD3EAP,HCFC1,1,1
CD3EAP,HNRNPK,1,1
CD3EAP,HNRNPU,1,1
CD3EAP,HSP90AA1,1,1
CD3EAP,KIAA0101,1,1
CD3EAP,LARP4,1,1
CD3EAP,LMNB1,1,1
CD3EAP,LRR1,1,1
CD3EAP,MCM10,1,1
CD3EAP,MYBL2,1,1
CD3EAP,NAA15,1,1
CD3EAP,NAA20,1,1
CD3EAP,NOLC1,1,1
CD3EAP,NUFIP1,1,1
CD3EAP,NUP107,1,1
CD3EAP,PAK1IP1,1,1
CD3EAP,PCGF6,1,1
CD3EAP,PDSS1,1,1
CD3EAP,PNN,1,1
CD3EAP,POLE3,1,1
CD3EAP,PPIH,1,1
CD3EAP,PSMC3IP,1,1
CD3EAP,PSMD2,1,1
CD3EAP,PTS,1,1
CD3EAP,RAB35,1,1
CD3EAP,REXO1,1,1
CD3EAP,RFWD3,1,1
CD3EAP,RIOK1,1,1
CD3EAP,RP11-424C20.2,1,1
CD3EAP,RPP40,1,1
CD3EAP,RRP1,1,1
CD3EAP,RRP1B,1,1
CD3EAP,RRS1,1,1
CD3EAP,SET,1,1
CD3EAP,SF3B3,1,1
CD3EAP,SRPK1,1,1
CD3EAP,SRSF1,1,1
CD3EAP,SRSF3,1,1
CD3EAP,SYNCRIP,1,1
CD3EAP,TFB2M,1,1
CD3EAP,TGS1,1,1
CD3EAP,TIPIN,1,1
CD3EAP,TOE1,1,1
CD3EAP,TRIP13,1,1
CD3EAP,TRMT61A,1,1
CD3EAP,TUBB4B,1,1
CD3EAP,UHRF1,1,1
CD3EAP,UHRF1BP1L,1,1
CD3EAP,USP1,1,1
CD3EAP,UTP23,1,1
CD3EAP,ZIC2,1,1
CD3EAP,ZNF180,1,1
CD3EAP,ZNF695,1,1
CD3EAP,ZW10,1,1
SPOPL,AC093616.4,1,1
SPOPL,AHI1,1,1
SPOPL,ARF4,1,1
SPOPL,BCL2A1,1,1
SPOPL,BMI1,1,1
SPOPL,BTF3L4,1,1
SPOPL,C1ORF21,1,1
SPOPL,CAAP1,1,1
SPOPL,CDC73,1,1
SPOPL,CDH2,1,1
SPOPL,CDK4,1,1
SPOPL,CSNK2A1,1,1
SPOPL,DPM1,1,1
SPOPL,DUSP10,1,1
SPOPL,DUXAP9,1,1
SPOPL,EIF6,1,1
SPOPL,EXOC5,1,1
SPOPL,EXT1,1,1
SPOPL,FAM199X,1,1
SPOPL,FAM60A,1,1
SPOPL,GADD45A,1,1
SPOPL,GLO1,1,1
SPOPL,GOLPH3L,1,1
SPOPL,GRHPR,1,1
SPOPL,HTR7,1,1
SPOPL,KIAA1429,1,1
SPOPL,KMT5A,1,1
SPOPL,LARS,1,1
SPOPL,LIN7C,1,1
SPOPL,LINC01296,1,1
SPOPL,LLPH,1,1
SPOPL,LMBRD1,1,1
SPOPL,MIER1,1,1
SPOPL,MMP24-AS1,1,1
SPOPL,MYSM1,1,1
SPOPL,NAA15,1,1
SPOPL,NAGLU,1,1
SPOPL,NANP,1,1
SPOPL,NCALD,1,1
SPOPL,NDFIP2,1,1
SPOPL,NDUFA1,1,1
SPOPL,NENF,1,1
SPOPL,NUDCD1,1,1
SPOPL,NUP58,1,1
SPOPL,NXT1,1,1
SPOPL,OSBPL11,1,1
SPOPL,PDE12,1,1
SPOPL,PDF,1,1
SPOPL,PER2,1,1
SPOPL,PFDN2,1,1
SPOPL,PHIP,1,1
SPOPL,PLS1,1,1
SPOPL,PPM1G,1,1
SPOPL,PPP2CA,1,1
SPOPL,PRKCI,1,1
SPOPL,PSMC4,1,1
SPOPL,PTPRJ,1,1
SPOPL,PUS7L,1,1
SPOPL,RNF168,1,1
SPOPL,RP11-529K1.3,1,1
SPOPL,RRAS2,1,1
SPOPL,RRP36,1,1
SPOPL,SCHIP1,1,1
SPOPL,SMARCD1,1,1
SPOPL,SMIM13,1,1
SPOPL,SNRNP200,1,1
SPOPL,SNRNP48,1,1
SPOPL,SNRPE,1,1
SPOPL,SOCS4,1,1
SPOPL,SRP19,1,1
SPOPL,SRP72,1,1
SPOPL,ST3GAL6,1,1
SPOPL,TARS,1,1
SPOPL,TMEM123,1,1
SPOPL,TOP3A,1,1
SPOPL,TPM3,1,1
SPOPL,TRUB1,1,1
SPOPL,UBA6,1,1
SPOPL,UBE2J2,1,1
SPOPL,UBE2V1,1,1
SPOPL,UCHL5,1,1
SPOPL,UGT8,1,1
SPOPL,UHMK1,1,1
SPOPL,WDR46,1,1
SPOPL,ZNF281,1,1
SPOPL,ZNF473,1,1
SPOPL,ZRANB2,1,1
LMBRD1,ACD,1,1
LMBRD1,ACOX1,1,1
LMBRD1,ACTN1,1,1
LMBRD1,ANKRD33B,1,1
LMBRD1,ARF4,1,1
LMBRD1,ARF5,1,1
LMBRD1,ATP6AP1,1,1
LMBRD1,BCL2A1,1,1
LMBRD1,BMI1,1,1
LMBRD1,BTF3L4,1,1
LMBRD1,CCT5,1,1
LMBRD1,CDH2,1,1
LMBRD1,CDK19,1,1
LMBRD1,CDK4,1,1
LMBRD1,CFL2,1,1
LMBRD1,CKLF,1,1
LMBRD1,CKS1B,1,1
LMBRD1,CMPK1,1,1
LMBRD1,CRLS1,1,1
LMBRD1,CSTF2,1,1
LMBRD1,CYB5D2,1,1
LMBRD1,DDX18,1,1
LMBRD1,DHX35,1,1
LMBRD1,DPH2,1,1
LMBRD1,DUSP12,1,1
LMBRD1,DUXAP9,1,1
LMBRD1,EBNA1BP2,1,1
LMBRD1,EIF2B1,1,1
LMBRD1,EIF6,1,1
LMBRD1,EPS8L1,1,1
LMBRD1,ERI1,1,1
LMBRD1,EXT1,1,1
LMBRD1,FAM189A2,1,1
LMBRD1,FAM60A,1,1
LMBRD1,FBXL6,1,1
LMBRD1,FSD1,1,1
LMBRD1,GFER,1,1
LMBRD1,GLO1,1,1
LMBRD1,GLRX2,1,1
LMBRD1,GMEB2,1,1
LMBRD1,GPBP1L1,1,1
LMBRD1,HOXB2,1,1
LMBRD1,IFI44,1,1
LMBRD1,IQCJ-SCHIP1,1,1
LMBRD1,KIAA1429,1,1
LMBRD1,KMT5A,1,1
LMBRD1,LAPTM4A,1,1
LMBRD1,LBR,1,1
LMBRD1,LINC01296,1,1
LMBRD1,LMNB1,1,1
LMBRD1,MEGF8,1,1
LMBRD1,METTL2A,1,1
LMBRD1,MMP24-AS1,1,1
LMBRD1,MRPL47,1,1
LMBRD1,MTFR1L,1,1
LMBRD1,MYSM1,1,1
LMBRD1,NAA15,1,1
LMBRD1,NANP,1,1
LMBRD1,NDUFA1,1,1
LMBRD1,NMI,1,1
LMBRD1,NPM3,1,1
LMBRD1,NUDCD1,1,1
LMBRD1,ORC2,1,1
LMBRD1,PDE12,1,1
LMBRD1,PDSS1,1,1
LMBRD1,PER2,1,1
LMBRD1,PFDN2,1,1
LMBRD1,PFN1,1,1
LMBRD1,PGAM5,1,1
LMBRD1,PHIP,1,1
LMBRD1,PLEKHH1,1,1
LMBRD1,PLS1,1,1
LMBRD1,POLR3E,1,1
LMBRD1,PPM1G,1,1
LMBRD1,PPP2CA,1,1
LMBRD1,PRIM2,1,1
LMBRD1,PRKCI,1,1
LMBRD1,PRMT1,1,1
LMBRD1,PSMC3,1,1
LMBRD1,PSMC4,1,1
LMBRD1,PSMC5,1,1
LMBRD1,PTPRJ,1,1
LMBRD1,PUS7L,1,1
LMBRD1,RARS,1,1
LMBRD1,RNASEK,1,1
LMBRD1,RP11-529K1.3,1,1
LMBRD1,SART3,1,1
LMBRD1,SCHIP1,1,1
LMBRD1,SCPEP1,1,1
LMBRD1,SCYL3,1,1
LMBRD1,SERBP1,1,1
LMBRD1,SH2D5,1,1
LMBRD1,SIX1,1,1
LMBRD1,SLC25A43,1,1
LMBRD1,SLC25A51,1,1
LMBRD1,SLC39A1,1,1
LMBRD1,SMIM13,1,1
LMBRD1,SNRNP200,1,1
LMBRD1,SNRPC,1,1
LMBRD1,SNRPD2,1,1
LMBRD1,SNRPE,1,1
LMBRD1,SPIRE2,1,1
LMBRD1,SRP19,1,1
LMBRD1,SRP72,1,1
LMBRD1,ST3GAL6,1,1
LMBRD1,SVIP,1,1
LMBRD1,TAF9,1,1
LMBRD1,TATDN1,1,1
LMBRD1,TDRP,1,1
LMBRD1,TFB2M,1,1
LMBRD1,TIMM17B,1,1
LMBRD1,TJP2,1,1
LMBRD1,TMEM123,1,1
LMBRD1,TMEM126A,1,1
LMBRD1,TMEM14B,1,1
LMBRD1,TOP3A,1,1
LMBRD1,TPM3,1,1
LMBRD1,TPRKB,1,1
LMBRD1,TRIP13,1,1
LMBRD1,TRUB1,1,1
LMBRD1,TTC28,1,1
LMBRD1,UBE2C,1,1
LMBRD1,UBE2J2,1,1
LMBRD1,UBE2T,1,1
LMBRD1,UBE2V1,1,1
LMBRD1,UBE2V2,1,1
LMBRD1,UCHL5,1,1
LMBRD1,UGT8,1,1
LMBRD1,UHMK1,1,1
LMBRD1,USP1,1,1
LMBRD1,WBP2,1,1
LMBRD1,WDR46,1,1
LMBRD1,WWC1,1,1
LMBRD1,ZNF473,1,1
LMBRD1,ZNF655,1,1
LMBRD1,ZNF695,1,1
LMBRD1,ZWILCH,1,1
MYEOV,AIM2,1,1
MYEOV,ALDH1A3,1,1
MYEOV,ARFIP2,1,1
MYEOV,CDKN2A,1,1
MYEOV,CNTROB,1,1
MYEOV,EIF3F,1,1
MYEOV,EIF3H,1,1
MYEOV,EMX2,1,1
MYEOV,FAM178B,1,1
MYEOV,GPAT3,1,1
MYEOV,GTF2H2B,1,1
MYEOV,HLA-DQA1,1,1
MYEOV,HLA-DRA,1,1
MYEOV,ITPA,1,1
MYEOV,LARS,1,1
MYEOV,LINC00493,1,1
MYEOV,MOCS3,1,1
MYEOV,MYOF,1,1
MYEOV,NUDT2,1,1
MYEOV,RNF113A,1,1
MYEOV,RNF114,1,1
MYEOV,RPS13,1,1
MYEOV,SCARB1,1,1
MYEOV,SF3B6,1,1
MYEOV,ST3GAL4,1,1
MYEOV,TENM3,1,1
MYEOV,TMEM41B,1,1
MYEOV,TMSB4X,1,1
MYEOV,TTL,1,1
MYEOV,URGCP,1,1
MYEOV,ZNF365,1,1
MYEOV,ZRANB2,1,1
SUB1,ADAM9,1,1
SUB1,C12ORF29,1,1
SUB1,CAPRIN1,1,1
SUB1,CCDC59,1,1
SUB1,CCT8,1,1
SUB1,CFAP20,1,1
SUB1,CLPTM1L,1,1
SUB1,CTDSPL2,1,1
SUB1,DAZAP1,1,1
SUB1,DDX28,1,1
SUB1,DHRS7B,1,1
SUB1,EIF2AK4,1,1
SUB1,EIF2S3,1,1
SUB1,EIF5,1,1
SUB1,EMG1,1,1
SUB1,FAM136A,1,1
SUB1,FKBP3,1,1
SUB1,GSTK1,1,1
SUB1,H2AFX,1,1
SUB1,KIAA0319L,1,1
SUB1,MAK16,1,1
SUB1,MRPL39,1,1
SUB1,MRPL50,1,1
SUB1,NAP1L1,1,1
SUB1,NASP,1,1
SUB1,NAT10,1,1
SUB1,NEK7,1,1
SUB1,PDE6D,1,1
SUB1,PM20D2,1,1
SUB1,PRPF40A,1,1
SUB1,PSMB5,1,1
SUB1,PSMC6,1,1
SUB1,RLIM,1,1
SUB1,SNAPC1,1,1
SUB1,SPIN4,1,1
SUB1,TIMM10,1,1
SUB1,WRN,1,1
SUB1,ZNF215,1,1
GLRX3,ACOX1,1,1
GLRX3,AP1M1,1,1
GLRX3,BCCIP,1,1
GLRX3,BMI1,1,1
GLRX3,C14ORF142,1,1
GLRX3,C19ORF47,1,1
GLRX3,C1ORF21,1,1
GLRX3,C5ORF42,1,1
GLRX3,CDK4,1,1
GLRX3,CEP55,1,1
GLRX3,CKS1B,1,1
GLRX3,CRLF3,1,1
GLRX3,CWC22,1,1
GLRX3,CYB5B,1,1
GLRX3,DCAF13,1,1
GLRX3,DDX18,1,1
GLRX3,DEK,1,1
GLRX3,DPH2,1,1
GLRX3,DPM1,1,1
GLRX3,ENY2,1,1
GLRX3,EXT1,1,1
GLRX3,FUBP1,1,1
GLRX3,GINS1,1,1
GLRX3,GLO1,1,1
GLRX3,GPATCH11,1,1
GLRX3,HERPUD2,1,1
GLRX3,HEXIM2,1,1
GLRX3,HHEX,1,1
GLRX3,HOXB2,1,1
GLRX3,HRAS,1,1
GLRX3,IPO11,1,1
GLRX3,ITPA,1,1
GLRX3,KHDRBS1,1,1
GLRX3,KIAA1429,1,1
GLRX3,KIF11,1,1
GLRX3,KMT5A,1,1
GLRX3,KPNA3,1,1
GLRX3,KTI12,1,1
GLRX3,LRRC40,1,1
GLRX3,MAD2L1,1,1
GLRX3,MB21D1,1,1
GLRX3,MCMBP,1,1
GLRX3,MOCS3,1,1
GLRX3,MRPL22,1,1
GLRX3,MRPS10,1,1
GLRX3,MRPS26,1,1
GLRX3,MRPS27,1,1
GLRX3,MSH2,1,1
GLRX3,MTF2,1,1
GLRX3,MZT1,1,1
GLRX3,NAA15,1,1
GLRX3,NAGLU,1,1
GLRX3,NANP,1,1
GLRX3,NOLC1,1,1
GLRX3,NPEPPS,1,1
GLRX3,NUDCD1,1,1
GLRX3,NUP54,1,1
GLRX3,NUP58,1,1
GLRX3,NXT1,1,1
GLRX3,ORC2,1,1
GLRX3,PAFAH2,1,1
GLRX3,PCLO,1,1
GLRX3,PCYOX1L,1,1
GLRX3,PDRG1,1,1
GLRX3,PDSS1,1,1
GLRX3,PER2,1,1
GLRX3,PGGT1B,1,1
GLRX3,POMP,1,1
GLRX3,PPA1,1,1
GLRX3,PPIH,1,1
GLRX3,PPP2CA,1,1
GLRX3,PPP3R1,1,1
GLRX3,PRELID1,1,1
GLRX3,PRIM2,1,1
GLRX3,PTPRJ,1,1
GLRX3,PXMP2,1,1
GLRX3,RBM12,1,1
GLRX3,RBM26,1,1
GLRX3,RNASEK,1,1
GLRX3,RP11-529K1.3,1,1
GLRX3,RPP30,1,1
GLRX3,RRP36,1,1
GLRX3,SART3,1,1
GLRX3,SCYL3,1,1
GLRX3,SH2D5,1,1
GLRX3,SKIV2L2,1,1
GLRX3,SMIM13,1,1
GLRX3,SNAPC3,1,1
GLRX3,SNRNP200,1,1
GLRX3,SNRPC,1,1
GLRX3,SNRPG,1,1
GLRX3,SNX5,1,1
GLRX3,STAMBPL1,1,1
GLRX3,SVIP,1,1
GLRX3,TAF2,1,1
GLRX3,TFAM,1,1
GLRX3,TMEM14B,1,1
GLRX3,TMEM205,1,1
GLRX3,TOE1,1,1
GLRX3,TPM3,1,1
GLRX3,TPRKB,1,1
GLRX3,TRPM2,1,1
GLRX3,TSFM,1,1
GLRX3,TXN,1,1
GLRX3,UBA6,1,1
GLRX3,UBE2J2,1,1
GLRX3,UBE2V1,1,1
GLRX3,UCHL5,1,1
GLRX3,USP1,1,1
GLRX3,WDR46,1,1
GLRX3,WWC1,1,1
GLRX3,XRN2,1,1
GLRX3,ZBTB37,1,1
GLRX3,ZNF142,1,1
GLRX3,ZNF473,1,1
GLRX3,ZWILCH,1,1
MED27,ABT1,1,1
MED27,ACD,1,1
MED27,AHI1,1,1
MED27,ANKRD33B,1,1
MED27,BNIP1,1,1
MED27,BTF3L4,1,1
MED27,CCDC109B,1,1
MED27,CDC123,1,1
MED27,CDK4,1,1
MED27,CSNK2B,1,1
MED27,CTNNAL1,1,1
MED27,DDX21,1,1
MED27,DHX35,1,1
MED27,DNA2,1,1
MED27,EID2,1,1
MED27,EIF4E2,1,1
MED27,EIF6,1,1
MED27,ERI1,1,1
MED27,EXT1,1,1
MED27,FAM60A,1,1
MED27,FBXO45,1,1
MED27,FTSJ3,1,1
MED27,GABRA5,1,1
MED27,GART,1,1
MED27,GLO1,1,1
MED27,GRHPR,1,1
MED27,HARS,1,1
MED27,IQCJ-SCHIP1,1,1
MED27,KIAA1429,1,1
MED27,KIF15,1,1
MED27,KMT5A,1,1
MED27,KPNA3,1,1
MED27,KRT18,1,1
MED27,LPGAT1,1,1
MED27,MAGOH,1,1
MED27,MCM2,1,1
MED27,MCRS1,1,1
MED27,MED10,1,1
MED27,NELFE,1,1
MED27,NR2F2,1,1
MED27,NUFIP1,1,1
MED27,NUP107,1,1
MED27,PAK1IP1,1,1
MED27,PDE12,1,1
MED27,PDF,1,1
MED27,PFDN2,1,1
MED27,POLR2D,1,1
MED27,PPM1G,1,1
MED27,PRPF38A,1,1
MED27,PSMC3,1,1
MED27,PSMD2,1,1
MED27,PUS7L,1,1
MED27,RAD1,1,1
MED27,RARS,1,1
MED27,RBMXL1,1,1
MED27,RPF1,1,1
MED27,RRP12,1,1
MED27,SAPCD2,1,1
MED27,SERBP1,1,1
MED27,SH2D5,1,1
MED27,SKP2,1,1
MED27,SLC11A2,1,1
MED27,SMN2,1,1
MED27,SNRNP48,1,1
MED27,SNRPE,1,1
MED27,SRP72,1,1
MED27,SRPK1,1,1
MED27,ST3GAL6,1,1
MED27,TIMM23,1,1
MED27,TMEM14B,1,1
MED27,TOP3A,1,1
MED27,TRIP13,1,1
MED27,TSSC4,1,1
MED27,TTF1,1,1
MED27,UBE2T,1,1
MED27,URB1,1,1
MED27,WDR46,1,1
MED27,WDR74,1,1
MED27,ZNF195,1,1
MED27,ZNF281,1,1
MED27,ZNF473,1,1
GNPNAT1,ABCE1,1,1
GNPNAT1,AHI1,1,1
GNPNAT1,BRD4,1,1
GNPNAT1,BRIX1,1,1
GNPNAT1,C12ORF29,1,1
GNPNAT1,C19ORF66,1,1
GNPNAT1,CAPRIN1,1,1
GNPNAT1,CCP110,1,1
GNPNAT1,CCT5,1,1
GNPNAT1,CCT8,1,1
GNPNAT1,CDC123,1,1
GNPNAT1,CDC42EP2,1,1
GNPNAT1,CDK7,1,1
GNPNAT1,CHORDC1,1,1
GNPNAT1,CHTOP,1,1
GNPNAT1,CNOT7,1,1
GNPNAT1,CSTF2,1,1
GNPNAT1,CTDSPL2,1,1
GNPNAT1,CYP27A1,1,1
GNPNAT1,DAZAP1,1,1
GNPNAT1,DDX18,1,1
GNPNAT1,DDX21,1,1
GNPNAT1,DDX28,1,1
GNPNAT1,DEK,1,1
GNPNAT1,DHRS7B,1,1
GNPNAT1,DHX35,1,1
GNPNAT1,DIMT1,1,1
GNPNAT1,DNA2,1,1
GNPNAT1,EIF2S1,1,1
GNPNAT1,EIF3M,1,1
GNPNAT1,ELAVL1,1,1
GNPNAT1,ERI1,1,1
GNPNAT1,ERVK3-1,1,1
GNPNAT1,EXOSC2,1,1
GNPNAT1,FAM136A,1,1
GNPNAT1,FBXO45,1,1
GNPNAT1,FEM1A,1,1
GNPNAT1,FTSJ1,1,1
GNPNAT1,FTSJ3,1,1
GNPNAT1,GABRA5,1,1
GNPNAT1,GART,1,1
GNPNAT1,GEMIN7,1,1
GNPNAT1,GINS3,1,1
GNPNAT1,GLRX2,1,1
GNPNAT1,GPATCH4,1,1
GNPNAT1,GTF3C4,1,1
GNPNAT1,HARS,1,1
GNPNAT1,HNRNPD,1,1
GNPNAT1,HNRNPU,1,1
GNPNAT1,HS1BP3,1,1
GNPNAT1,ILF2,1,1
GNPNAT1,IQCJ-SCHIP1,1,1
GNPNAT1,KARS,1,1
GNPNAT1,KIAA0319L,1,1
GNPNAT1,KIAA1586,1,1
GNPNAT1,KRT18,1,1
GNPNAT1,LBR,1,1
GNPNAT1,LLPH,1,1
GNPNAT1,LMNB1,1,1
GNPNAT1,LMNB2,1,1
GNPNAT1,MAGED2,1,1
GNPNAT1,MAGOH,1,1
GNPNAT1,MAK16,1,1
GNPNAT1,MAP4K5,1,1
GNPNAT1,MAPK1IP1L,1,1
GNPNAT1,MCM10,1,1
GNPNAT1,MCM2,1,1
GNPNAT1,MCRS1,1,1
GNPNAT1,MED10,1,1
GNPNAT1,MMP24-AS1,1,1
GNPNAT1,MRPL39,1,1
GNPNAT1,MYBL2,1,1
GNPNAT1,NAA15,1,1
GNPNAT1,NIPAL1,1,1
GNPNAT1,NUFIP1,1,1
GNPNAT1,NUP107,1,1
GNPNAT1,P2RX4,1,1
GNPNAT1,PAK1IP1,1,1
GNPNAT1,PCGF6,1,1
GNPNAT1,PDE12,1,1
GNPNAT1,PLAUR,1,1
GNPNAT1,PMM1,1,1
GNPNAT1,PMPCA,1,1
GNPNAT1,POLE3,1,1
GNPNAT1,POLR3C,1,1
GNPNAT1,PPM1G,1,1
GNPNAT1,PPP2CA,1,1
GNPNAT1,PPP2R1B,1,1
GNPNAT1,PRMT1,1,1
GNPNAT1,PRPF4,1,1
GNPNAT1,PSMA3,1,1
GNPNAT1,PSMC1,1,1
GNPNAT1,PSMC3,1,1
GNPNAT1,PSMC3IP,1,1
GNPNAT1,PSMC6,1,1
GNPNAT1,PSMD2,1,1
GNPNAT1,PTS,1,1
GNPNAT1,PUS7L,1,1
GNPNAT1,QSER1,1,1
GNPNAT1,RAB35,1,1
GNPNAT1,RARS,1,1
GNPNAT1,RIOK1,1,1
GNPNAT1,RNF168,1,1
GNPNAT1,RP11-424C20.2,1,1
GNPNAT1,RPP40,1,1
GNPNAT1,RRP12,1,1
GNPNAT1,RRS1,1,1
GNPNAT1,SACS,1,1
GNPNAT1,SAPCD2,1,1
GNPNAT1,SERBP1,1,1
GNPNAT1,SET,1,1
GNPNAT1,SIX1,1,1
GNPNAT1,SKP2,1,1
GNPNAT1,SMARCAL1,1,1
GNPNAT1,SMNDC1,1,1
GNPNAT1,SNRNP48,1,1
GNPNAT1,SNRPE,1,1
GNPNAT1,SOX10,1,1
GNPNAT1,SPIN4,1,1
GNPNAT1,SREK1IP1,1,1
GNPNAT1,SRP19,1,1
GNPNAT1,SRP72,1,1
GNPNAT1,SRPK1,1,1
GNPNAT1,SRSF1,1,1
GNPNAT1,SRSF3,1,1
GNPNAT1,SSRP1,1,1
GNPNAT1,STIP1,1,1
GNPNAT1,SYNCRIP,1,1
GNPNAT1,TAF9,1,1
GNPNAT1,TAP2,1,1
GNPNAT1,TARS,1,1
GNPNAT1,TEX10,1,1
GNPNAT1,TFB2M,1,1
GNPNAT1,TIMM10,1,1
GNPNAT1,TIMM17A,1,1
GNPNAT1,TIMM8A,1,1
GNPNAT1,TMA16,1,1
GNPNAT1,TMCO1,1,1
GNPNAT1,TMEM126A,1,1
GNPNAT1,TNFRSF12A,1,1
GNPNAT1,TOP3A,1,1
GNPNAT1,TPM3,1,1
GNPNAT1,TRIP13,1,1
GNPNAT1,TRMT10C,1,1
GNPNAT1,TTF1,1,1
GNPNAT1,TUBB4B,1,1
GNPNAT1,UBE2N,1,1
GNPNAT1,UHRF1,1,1
GNPNAT1,URB1,1,1
GNPNAT1,USP1,1,1
GNPNAT1,UTP23,1,1
GNPNAT1,UTP4,1,1
GNPNAT1,WDR74,1,1
GNPNAT1,WRN,1,1
GNPNAT1,ZIC2,1,1
GNPNAT1,ZNF180,1,1
GNPNAT1,ZNF283,1,1
GNPNAT1,ZNF670,1,1
GNPNAT1,ZNF695,1,1
GNPNAT1,ZW10,1,1
RPP40,ABCE1,1,1
RPP40,AHCTF1,1,1
RPP40,AKAP8,1,1
RPP40,BRIX1,1,1
RPP40,BTN3A1,1,1
RPP40,C12ORF29,1,1
RPP40,CBFB,1,1
RPP40,CCP110,1,1
RPP40,CCT2,1,1
RPP40,CCT5,1,1
RPP40,CCT8,1,1
RPP40,CDK7,1,1
RPP40,CHTOP,1,1
RPP40,CNOT3,1,1
RPP40,COA7,1,1
RPP40,CPSF6,1,1
RPP40,CSTF2,1,1
RPP40,DAZAP1,1,1
RPP40,DDX28,1,1
RPP40,DHX35,1,1
RPP40,DIMT1,1,1
RPP40,EIF2S1,1,1
RPP40,EIF3J,1,1
RPP40,ELAVL1,1,1
RPP40,ERVK3-1,1,1
RPP40,EXOSC2,1,1
RPP40,FAM136A,1,1
RPP40,FASTKD3,1,1
RPP40,FTSJ1,1,1
RPP40,GEMIN7,1,1
RPP40,GINS3,1,1
RPP40,GLRX2,1,1
RPP40,GPATCH4,1,1
RPP40,HCFC1,1,1
RPP40,HNRNPU,1,1
RPP40,ILF2,1,1
RPP40,IPO4,1,1
RPP40,KIAA1586,1,1
RPP40,LARP4,1,1
RPP40,LBR,1,1
RPP40,LMNB1,1,1
RPP40,LMNB2,1,1
RPP40,LRR1,1,1
RPP40,MAK16,1,1
RPP40,MEGF8,1,1
RPP40,MRPL39,1,1
RPP40,MYBL2,1,1
RPP40,NAA15,1,1
RPP40,NASP,1,1
RPP40,NEK7,1,1
RPP40,PAK1IP1,1,1
RPP40,PCGF6,1,1
RPP40,PNN,1,1
RPP40,POLE3,1,1
RPP40,POLR3E,1,1
RPP40,PRPF4,1,1
RPP40,PSMA3,1,1
RPP40,PSMC1,1,1
RPP40,PSMC3,1,1
RPP40,PSMC5,1,1
RPP40,PSMC6,1,1
RPP40,PSMD2,1,1
RPP40,PTS,1,1
RPP40,RELT,1,1
RPP40,RFWD3,1,1
RPP40,RIOK1,1,1
RPP40,RNF126,1,1
RPP40,RRP1B,1,1
RPP40,RRS1,1,1
RPP40,SACS,1,1
RPP40,SERBP1,1,1
RPP40,SET,1,1
RPP40,SF3B3,1,1
RPP40,SIX1,1,1
RPP40,SLC2A1,1,1
RPP40,SNAPC1,1,1
RPP40,SPIN4,1,1
RPP40,SRSF1,1,1
RPP40,SRSF3,1,1
RPP40,SYNCRIP,1,1
RPP40,TAF9,1,1
RPP40,TFB2M,1,1
RPP40,TIMM10,1,1
RPP40,TIMM8A,1,1
RPP40,TRIP13,1,1
RPP40,TRMT61A,1,1
RPP40,TUBB4B,1,1
RPP40,UHRF1,1,1
RPP40,UTP23,1,1
RPP40,UTP4,1,1
RPP40,ZDHHC4,1,1
RPP40,ZIC2,1,1
RPP40,ZNF695,1,1
SKP2,ABHD5,1,1
SKP2,ABT1,1,1
SKP2,ACD,1,1
SKP2,AHI1,1,1
SKP2,CCT5,1,1
SKP2,CDC123,1,1
SKP2,CDCA5,1,1
SKP2,CDK7,1,1
SKP2,CNOT7,1,1
SKP2,CSTF2,1,1
SKP2,CTNNAL1,1,1
SKP2,DDX21,1,1
SKP2,DDX31,1,1
SKP2,DEK,1,1
SKP2,DHX35,1,1
SKP2,DKK 1.00,1,1
SKP2,DNA2,1,1
SKP2,DUT,1,1
SKP2,EID2,1,1
SKP2,EIF2S1,1,1
SKP2,EIF3M,1,1
SKP2,EIF4E2,1,1
SKP2,ERI1,1,1
SKP2,EXOSC2,1,1
SKP2,FBXO45,1,1
SKP2,FEM1A,1,1
SKP2,FTSJ1,1,1
SKP2,FTSJ3,1,1
SKP2,GABRA5,1,1
SKP2,GART,1,1
SKP2,GCH1,1,1
SKP2,GINS3,1,1
SKP2,GTF3C4,1,1
SKP2,HARS,1,1
SKP2,HNRNPC,1,1
SKP2,HNRNPD,1,1
SKP2,ILF2,1,1
SKP2,IQCJ-SCHIP1,1,1
SKP2,KARS,1,1
SKP2,KIF15,1,1
SKP2,KRT18,1,1
SKP2,LBR,1,1
SKP2,LMNB1,1,1
SKP2,LMNB2,1,1
SKP2,MAGOH,1,1
SKP2,MAPK1IP1L,1,1
SKP2,MCM10,1,1
SKP2,MCM2,1,1
SKP2,MCRS1,1,1
SKP2,MED10,1,1
SKP2,MIS18A,1,1
SKP2,MMP24-AS1,1,1
SKP2,MRPL39,1,1
SKP2,MT1X,1,1
SKP2,MYBL2,1,1
SKP2,NAA20,1,1
SKP2,NONO,1,1
SKP2,NUFIP1,1,1
SKP2,NUP107,1,1
SKP2,NUP188,1,1
SKP2,PAK1IP1,1,1
SKP2,PDE12,1,1
SKP2,PDF,1,1
SKP2,PFDN2,1,1
SKP2,PMPCA,1,1
SKP2,PNN,1,1
SKP2,POLR2D,1,1
SKP2,PPM1G,1,1
SKP2,PPRC1,1,1
SKP2,PPWD1,1,1
SKP2,PRPF38A,1,1
SKP2,PRPF4,1,1
SKP2,PSMC1,1,1
SKP2,PSMC3,1,1
SKP2,PSMC3IP,1,1
SKP2,PSMC6,1,1
SKP2,PSMD2,1,1
SKP2,RAB35,1,1
SKP2,RAD1,1,1
SKP2,RARS,1,1
SKP2,REXO1,1,1
SKP2,RIOK1,1,1
SKP2,RNF168,1,1
SKP2,RP11-424C20.2,1,1
SKP2,RP11-673C5.1,1,1
SKP2,RRP12,1,1
SKP2,RRS1,1,1
SKP2,SAPCD2,1,1
SKP2,SERBP1,1,1
SKP2,SET,1,1
SKP2,SH2D5,1,1
SKP2,SMN2,1,1
SKP2,SMNDC1,1,1
SKP2,SNRNP48,1,1
SKP2,SNRPE,1,1
SKP2,SPIN4,1,1
SKP2,SREK1IP1,1,1
SKP2,SRP72,1,1
SKP2,SRPK1,1,1
SKP2,SSRP1,1,1
SKP2,STIP1,1,1
SKP2,TAF5,1,1
SKP2,TAF9,1,1
SKP2,TFAM,1,1
SKP2,TIMM23,1,1
SKP2,TMA16,1,1
SKP2,TMEM14B,1,1
SKP2,TOP3A,1,1
SKP2,TRIP13,1,1
SKP2,TRMT10C,1,1
SKP2,TSSC4,1,1
SKP2,TTF1,1,1
SKP2,TUBB4B,1,1
SKP2,UBE2N,1,1
SKP2,UBE2T,1,1
SKP2,UHRF1,1,1
SKP2,URB1,1,1
SKP2,USP1,1,1
SKP2,UTP4,1,1
SKP2,VRK1,1,1
SKP2,WDR74,1,1
SKP2,ZNF281,1,1
SKP2,ZNF283,1,1
SKP2,ZW10,1,1
EBNA1BP2,ABCE1,1,1
EBNA1BP2,ACTN1,1,1
EBNA1BP2,ALYREF,1,1
EBNA1BP2,ARF5,1,1
EBNA1BP2,BRIX1,1,1
EBNA1BP2,BZW1,1,1
EBNA1BP2,CBFB,1,1
EBNA1BP2,CCDC138,1,1
EBNA1BP2,CCT2,1,1
EBNA1BP2,CDK19,1,1
EBNA1BP2,CEBPZ,1,1
EBNA1BP2,CHAC2,1,1
EBNA1BP2,COA7,1,1
EBNA1BP2,CPSF6,1,1
EBNA1BP2,CRLF3,1,1
EBNA1BP2,CSTF2,1,1
EBNA1BP2,DCAF10,1,1
EBNA1BP2,DCAF13,1,1
EBNA1BP2,DDX18,1,1
EBNA1BP2,DIAPH1,1,1
EBNA1BP2,DIMT1,1,1
EBNA1BP2,DPH2,1,1
EBNA1BP2,EIF2B1,1,1
EBNA1BP2,ELAVL1,1,1
EBNA1BP2,ERVK3-1,1,1
EBNA1BP2,ESCO2,1,1
EBNA1BP2,FAM234A,1,1
EBNA1BP2,GINS1,1,1
EBNA1BP2,GLRX2,1,1
EBNA1BP2,GRWD1,1,1
EBNA1BP2,HCFC1,1,1
EBNA1BP2,HNRNPL,1,1
EBNA1BP2,HNRNPU,1,1
EBNA1BP2,HOXB2,1,1
EBNA1BP2,HSP90AA1,1,1
EBNA1BP2,IPO11,1,1
EBNA1BP2,KHDRBS1,1,1
EBNA1BP2,KIAA0101,1,1
EBNA1BP2,KIF14,1,1
EBNA1BP2,KLHL8,1,1
EBNA1BP2,LARP4,1,1
EBNA1BP2,LMNB1,1,1
EBNA1BP2,LRR1,1,1
EBNA1BP2,MAPKAPK5,1,1
EBNA1BP2,MEGF8,1,1
EBNA1BP2,MLKL,1,1
EBNA1BP2,MRPL9,1,1
EBNA1BP2,MSH2,1,1
EBNA1BP2,MTFR1L,1,1
EBNA1BP2,MYBL2,1,1
EBNA1BP2,NAA15,1,1
EBNA1BP2,NMI,1,1
EBNA1BP2,NOLC1,1,1
EBNA1BP2,NUDCD1,1,1
EBNA1BP2,OTUD6B,1,1
EBNA1BP2,PCGF6,1,1
EBNA1BP2,PDRG1,1,1
EBNA1BP2,PDSS1,1,1
EBNA1BP2,PGAM5,1,1
EBNA1BP2,POLE3,1,1
EBNA1BP2,POLR3E,1,1
EBNA1BP2,PPIH,1,1
EBNA1BP2,PPM1G,1,1
EBNA1BP2,PPP2CA,1,1
EBNA1BP2,PPP3R1,1,1
EBNA1BP2,PPP5C,1,1
EBNA1BP2,PRIM2,1,1
EBNA1BP2,PRPS2,1,1
EBNA1BP2,PSMC5,1,1
EBNA1BP2,PSME4,1,1
EBNA1BP2,RAD23B,1,1
EBNA1BP2,RBM12,1,1
EBNA1BP2,RELT,1,1
EBNA1BP2,RFC3,1,1
EBNA1BP2,RFWD3,1,1
EBNA1BP2,RMI1,1,1
EBNA1BP2,RNASEK,1,1
EBNA1BP2,RNF126,1,1
EBNA1BP2,RNF138,1,1
EBNA1BP2,RRP1B,1,1
EBNA1BP2,SART3,1,1
EBNA1BP2,SCYL3,1,1
EBNA1BP2,SF3B3,1,1
EBNA1BP2,SGTA,1,1
EBNA1BP2,SH2D5,1,1
EBNA1BP2,SKIV2L2,1,1
EBNA1BP2,SMAGP,1,1
EBNA1BP2,SMIM15,1,1
EBNA1BP2,SNRPG,1,1
EBNA1BP2,SNX5,1,1
EBNA1BP2,SRSF3,1,1
EBNA1BP2,SRSF7,1,1
EBNA1BP2,SYNCRIP,1,1
EBNA1BP2,TAF9,1,1
EBNA1BP2,TEAD4,1,1
EBNA1BP2,TFB2M,1,1
EBNA1BP2,TIPIN,1,1
EBNA1BP2,TMEM126A,1,1
EBNA1BP2,TMEM205,1,1
EBNA1BP2,TMEM63B,1,1
EBNA1BP2,TPM3,1,1
EBNA1BP2,TPRKB,1,1
EBNA1BP2,TRIP13,1,1
EBNA1BP2,TTC4,1,1
EBNA1BP2,TUBA1C,1,1
EBNA1BP2,UBA2,1,1
EBNA1BP2,UBE2C,1,1
EBNA1BP2,UCHL5,1,1
EBNA1BP2,UHRF1BP1L,1,1
EBNA1BP2,USP1,1,1
EBNA1BP2,USP10,1,1
EBNA1BP2,UTP23,1,1
EBNA1BP2,VBP1,1,1
EBNA1BP2,WBP2,1,1
EBNA1BP2,WDR13,1,1
EBNA1BP2,WDR36,1,1
EBNA1BP2,WWC1,1,1
EBNA1BP2,ZDHHC4,1,1
EBNA1BP2,ZIC2,1,1
EBNA1BP2,ZNF473,1,1
EBNA1BP2,ZNF598,1,1
EBNA1BP2,ZNF695,1,1
EBNA1BP2,ZW10,1,1
EBNA1BP2,ZWILCH,1,1
AIM2,CD74,1,1
AIM2,CDKN2A,1,1
AIM2,HLA-DQA1,1,1
AIM2,HLA-DRA,1,1
AIM2,TMSB4X,1,1
NUP54,BCCIP,1,1
NUP54,CEP55,1,1
NUP54,CEP78,1,1
NUP54,CKS1B,1,1
NUP54,CRLF3,1,1
NUP54,CWC22,1,1
NUP54,CYB5B,1,1
NUP54,DCAF13,1,1
NUP54,DPH2,1,1
NUP54,ENY2,1,1
NUP54,FUBP1,1,1
NUP54,GINS1,1,1
NUP54,GMNN,1,1
NUP54,GPATCH11,1,1
NUP54,HRAS,1,1
NUP54,IPO11,1,1
NUP54,KIF11,1,1
NUP54,KTI12,1,1
NUP54,MAD2L1,1,1
NUP54,MB21D1,1,1
NUP54,MCMBP,1,1
NUP54,MRPL22,1,1
NUP54,MSH2,1,1
NUP54,MTF2,1,1
NUP54,NANP,1,1
NUP54,NOLC1,1,1
NUP54,NUP58,1,1
NUP54,ORC2,1,1
NUP54,PCYOX1L,1,1
NUP54,PDRG1,1,1
NUP54,PDSS1,1,1
NUP54,PER2,1,1
NUP54,PLEKHH3,1,1
NUP54,POMP,1,1
NUP54,PRELID1,1,1
NUP54,RBM12,1,1
NUP54,RBM26,1,1
NUP54,RPP30,1,1
NUP54,SKIV2L2,1,1
NUP54,SNRPG,1,1
NUP54,SNX5,1,1
NUP54,SRSF2,1,1
NUP54,STAMBPL1,1,1
NUP54,TAF2,1,1
NUP54,TMEM205,1,1
NUP54,TOE1,1,1
NUP54,TSFM,1,1
NUP54,WWC1,1,1
NUP54,XRN2,1,1
NUP54,ZNF142,1,1
NUP54,ZWILCH,1,1
EXOSC2,ANP32E,1,1
EXOSC2,ATRIP,1,1
EXOSC2,BRIX1,1,1
EXOSC2,C12ORF29,1,1
EXOSC2,C14ORF80,1,1
EXOSC2,CAPRIN1,1,1
EXOSC2,CCP110,1,1
EXOSC2,CCT5,1,1
EXOSC2,CCT8,1,1
EXOSC2,CDCA5,1,1
EXOSC2,CDK7,1,1
EXOSC2,COA7,1,1
EXOSC2,CPSF6,1,1
EXOSC2,CSTF2,1,1
EXOSC2,CTDSPL2,1,1
EXOSC2,DAZAP1,1,1
EXOSC2,DDX18,1,1
EXOSC2,DDX21,1,1
EXOSC2,DDX28,1,1
EXOSC2,DHRS7B,1,1
EXOSC2,DHX35,1,1
EXOSC2,DIMT1,1,1
EXOSC2,DNA2,1,1
EXOSC2,DPF1,1,1
EXOSC2,DPY19L2P1,1,1
EXOSC2,DUSP12,1,1
EXOSC2,EID2,1,1
EXOSC2,EIF2S1,1,1
EXOSC2,EIF3M,1,1
EXOSC2,ELAVL1,1,1
EXOSC2,ERI1,1,1
EXOSC2,ERVK3-1,1,1
EXOSC2,FAM136A,1,1
EXOSC2,FBXL6,1,1
EXOSC2,FBXO45,1,1
EXOSC2,FTSJ1,1,1
EXOSC2,FTSJ3,1,1
EXOSC2,GABRA5,1,1
EXOSC2,GCH1,1,1
EXOSC2,GEMIN7,1,1
EXOSC2,GHDC,1,1
EXOSC2,GINS3,1,1
EXOSC2,GLRX2,1,1
EXOSC2,GPATCH4,1,1
EXOSC2,HDAC3,1,1
EXOSC2,HNRNPU,1,1
EXOSC2,IGF2BP1,1,1
EXOSC2,ILF2,1,1
EXOSC2,IPO4,1,1
EXOSC2,IQCJ-SCHIP1,1,1
EXOSC2,ITGB3BP,1,1
EXOSC2,KARS,1,1
EXOSC2,KIAA0101,1,1
EXOSC2,KIAA0319L,1,1
EXOSC2,KIAA1586,1,1
EXOSC2,KRT18,1,1
EXOSC2,LAPTM4A,1,1
EXOSC2,LBR,1,1
EXOSC2,LMNB1,1,1
EXOSC2,LMNB2,1,1
EXOSC2,LRR1,1,1
EXOSC2,MAK16,1,1
EXOSC2,MAPK1IP1L,1,1
EXOSC2,MCM10,1,1
EXOSC2,MCM2,1,1
EXOSC2,MCRS1,1,1
EXOSC2,MEGF8,1,1
EXOSC2,MIS18A,1,1
EXOSC2,MRPL39,1,1
EXOSC2,MT1X,1,1
EXOSC2,MYBL2,1,1
EXOSC2,MYNN,1,1
EXOSC2,NAA15,1,1
EXOSC2,NASP,1,1
EXOSC2,NCR3LG1,1,1
EXOSC2,NEK7,1,1
EXOSC2,NUP107,1,1
EXOSC2,PAK1IP1,1,1
EXOSC2,PCGF6,1,1
EXOSC2,PDE12,1,1
EXOSC2,PMPCA,1,1
EXOSC2,PNN,1,1
EXOSC2,POLE3,1,1
EXOSC2,POLR3E,1,1
EXOSC2,PPIH,1,1
EXOSC2,PPM1G,1,1
EXOSC2,PRMT1,1,1
EXOSC2,PRPF4,1,1
EXOSC2,PSMA3,1,1
EXOSC2,PSMC1,1,1
EXOSC2,PSMC3,1,1
EXOSC2,PSMC3IP,1,1
EXOSC2,PSMC5,1,1
EXOSC2,PSMC6,1,1
EXOSC2,PSMD2,1,1
EXOSC2,PTS,1,1
EXOSC2,RARS,1,1
EXOSC2,RELT,1,1
EXOSC2,RFWD3,1,1
EXOSC2,RIOK1,1,1
EXOSC2,RNF168,1,1
EXOSC2,RP11-424C20.2,1,1
EXOSC2,RRP12,1,1
EXOSC2,RRS1,1,1
EXOSC2,RUVBL2,1,1
EXOSC2,SACS,1,1
EXOSC2,SAPCD2,1,1
EXOSC2,SERBP1,1,1
EXOSC2,SET,1,1
EXOSC2,SH2D5,1,1
EXOSC2,SIX1,1,1
EXOSC2,SNAPC1,1,1
EXOSC2,SPIN4,1,1
EXOSC2,SRP19,1,1
EXOSC2,SRPK1,1,1
EXOSC2,SSRP1,1,1
EXOSC2,SYNCRIP,1,1
EXOSC2,TAF9,1,1
EXOSC2,TAP2,1,1
EXOSC2,TFB2M,1,1
EXOSC2,TIMM10,1,1
EXOSC2,TIMM17A,1,1
EXOSC2,TIMM8A,1,1
EXOSC2,TJP2,1,1
EXOSC2,TMA16,1,1
EXOSC2,TMEM126A,1,1
EXOSC2,TOP3A,1,1
EXOSC2,TRIP13,1,1
EXOSC2,TTF1,1,1
EXOSC2,TUBB4B,1,1
EXOSC2,UBE2C,1,1
EXOSC2,UBE2T,1,1
EXOSC2,UHRF1,1,1
EXOSC2,UHRF1BP1L,1,1
EXOSC2,USP1,1,1
EXOSC2,UTP23,1,1
EXOSC2,UTP4,1,1
EXOSC2,WDR74,1,1
EXOSC2,WRN,1,1
EXOSC2,XRCC3,1,1
EXOSC2,ZIC2,1,1
EXOSC2,ZNF670,1,1
EXOSC2,ZNF695,1,1
HOXA4,ARL 15.00,1,1
HOXA4,CXADR,1,1
HOXA4,MED8,1,1
HOXA4,PATJ,1,1
HOXA4,SCAMP1,1,1
REV3L,ANXA3,1,1
REV3L,APOBEC3C,1,1
REV3L,C10ORF2,1,1
REV3L,DBI,1,1
REV3L,DCAF6,1,1
REV3L,DDX39B,1,1
REV3L,EEF1B2,1,1
REV3L,MRPS14,1,1
REV3L,NDUFA1,1,1
REV3L,PJA1,1,1
REV3L,PLS3,1,1
REV3L,POLR2D,1,1
REV3L,PRKCDBP,1,1
REV3L,RAB4A,1,1
REV3L,RAB7A,1,1
REV3L,RPL18,1,1
REV3L,SNAPC3,1,1
REV3L,TOB1,1,1
REV3L,TRMT13,1,1
REV3L,USP28,1,1
TSFM,BCCIP,1,1
TSFM,BORA,1,1
TSFM,C19ORF47,1,1
TSFM,C5ORF42,1,1
TSFM,CAPN15,1,1
TSFM,CCDC138,1,1
TSFM,CCNA2,1,1
TSFM,CDC25A,1,1
TSFM,CDK4,1,1
TSFM,CKS1B,1,1
TSFM,CWC22,1,1
TSFM,CYB5B,1,1
TSFM,DCAF13,1,1
TSFM,DDX18,1,1
TSFM,DDX31,1,1
TSFM,DEK,1,1
TSFM,DPH2,1,1
TSFM,ENY2,1,1
TSFM,FUBP1,1,1
TSFM,GINS1,1,1
TSFM,GPATCH11,1,1
TSFM,HNRNPA1P48,1,1
TSFM,HRAS,1,1
TSFM,KHDRBS1,1,1
TSFM,KIAA0101,1,1
TSFM,KIF11,1,1
TSFM,KTI12,1,1
TSFM,LRR1,1,1
TSFM,MAD2L1,1,1
TSFM,MCMBP,1,1
TSFM,MRPL22,1,1
TSFM,MSH2,1,1
TSFM,MTF2,1,1
TSFM,NAA15,1,1
TSFM,NANP,1,1
TSFM,NOLC1,1,1
TSFM,NPEPPS,1,1
TSFM,NUDCD1,1,1
TSFM,NUP58,1,1
TSFM,ORC2,1,1
TSFM,PDRG1,1,1
TSFM,PDSS1,1,1
TSFM,PER2,1,1
TSFM,PLK4,1,1
TSFM,POLE3,1,1
TSFM,PPIH,1,1
TSFM,PPP2CA,1,1
TSFM,PRELID1,1,1
TSFM,PRPS2,1,1
TSFM,RBM12,1,1
TSFM,RPP30,1,1
TSFM,RRP1B,1,1
TSFM,SH2D5,1,1
TSFM,SKA3,1,1
TSFM,SNRPC,1,1
TSFM,SNRPG,1,1
TSFM,SNX5,1,1
TSFM,STAMBPL1,1,1
TSFM,SUPV3L1,1,1
TSFM,SVIP,1,1
TSFM,TAF2,1,1
TSFM,TFAM,1,1
TSFM,TMEM14B,1,1
TSFM,TOE1,1,1
TSFM,TRPM2,1,1
TSFM,UBE2V1,1,1
TSFM,UHRF1BP1L,1,1
TSFM,USP1,1,1
TSFM,WWC1,1,1
TSFM,XRN2,1,1
TSFM,ZNF142,1,1
TSFM,ZW10,1,1
TSFM,ZWILCH,1,1
LOX,ALDH1A3,1,1
LOX,ATG12,1,1
LOX,CEP120,1,1
LOX,FAM173B,1,1
LOX,RGS19,1,1
LOX,RPL13A,1,1
FAM43A,TGIF1,1,1
NDC80,CDCA2,1,1
NDC80,CDK1,1,1
NDC80,CENPE,1,1
NDC80,CHEK1,1,1
NDC80,DEPDC1B,1,1
NDC80,FANCA,1,1
NDC80,RAD51AP1,1,1
NONO,CDC123,1,1
NONO,CDK4,1,1
NONO,CSTF2,1,1
NONO,CTU1,1,1
NONO,DDX21,1,1
NONO,DDX31,1,1
NONO,EIF4E2,1,1
NONO,FTSJ3,1,1
NONO,GART,1,1
NONO,GTF3C4,1,1
NONO,HARS,1,1
NONO,KMT5A,1,1
NONO,LLPH,1,1
NONO,MAGOH,1,1
NONO,MCRS1,1,1
NONO,NCBP1,1,1
NONO,NUP107,1,1
NONO,NUP188,1,1
NONO,OSBPL11,1,1
NONO,PAK1IP1,1,1
NONO,PDE12,1,1
NONO,PDF,1,1
NONO,POLR2D,1,1
NONO,PPM1G,1,1
NONO,PRPF38A,1,1
NONO,PRPF4,1,1
NONO,RARS,1,1
NONO,RRP12,1,1
NONO,RRP36,1,1
NONO,SAPCD2,1,1
NONO,SMN2,1,1
NONO,SMNDC1,1,1
NONO,SNRNP48,1,1
NONO,SREK1IP1,1,1
NONO,SRP72,1,1
NONO,SRPK1,1,1
NONO,STIP1,1,1
NONO,TAF5,1,1
NONO,TAF9,1,1
NONO,TARS,1,1
NONO,TMCO1,1,1
NONO,TOP3A,1,1
NONO,TPM3,1,1
NONO,UBE3A,1,1
NONO,UHMK1,1,1
NONO,URB1,1,1
NONO,ZNF281,1,1
NONO,ZNF283,1,1
NONO,ZW10,1,1
CSNK2A1,ABT1,1,1
CSNK2A1,AC093616.4,1,1
CSNK2A1,ACD,1,1
CSNK2A1,AHI1,1,1
CSNK2A1,ALDH1A3,1,1
CSNK2A1,ANKRD33B,1,1
CSNK2A1,ANXA3,1,1
CSNK2A1,ATG12,1,1
CSNK2A1,ATG9A,1,1
CSNK2A1,BMI1,1,1
CSNK2A1,BTF3L4,1,1
CSNK2A1,C14ORF142,1,1
CSNK2A1,C19ORF47,1,1
CSNK2A1,C1ORF21,1,1
CSNK2A1,CCDC109B,1,1
CSNK2A1,CDC123,1,1
CSNK2A1,CDK4,1,1
CSNK2A1,CEP250,1,1
CSNK2A1,CSNK2B,1,1
CSNK2A1,CTNNAL1,1,1
CSNK2A1,DDX39B,1,1
CSNK2A1,DPM1,1,1
CSNK2A1,DUXAP9,1,1
CSNK2A1,EIF3H,1,1
CSNK2A1,EIF3K,1,1
CSNK2A1,EIF4E2,1,1
CSNK2A1,EIF6,1,1
CSNK2A1,EXT1,1,1
CSNK2A1,FAF2,1,1
CSNK2A1,FAM60A,1,1
CSNK2A1,GADD45A,1,1
CSNK2A1,GART,1,1
CSNK2A1,GLO1,1,1
CSNK2A1,GOLPH3L,1,1
CSNK2A1,GPAT3,1,1
CSNK2A1,GPBP1L1,1,1
CSNK2A1,GRASP,1,1
CSNK2A1,GRHPR,1,1
CSNK2A1,GTF2H2B,1,1
CSNK2A1,HARS,1,1
CSNK2A1,HARS2,1,1
CSNK2A1,HEXIM2,1,1
CSNK2A1,HHEX,1,1
CSNK2A1,HTR7,1,1
CSNK2A1,IQCJ-SCHIP1,1,1
CSNK2A1,KIAA1429,1,1
CSNK2A1,KMT5A,1,1
CSNK2A1,KPNA3,1,1
CSNK2A1,LARS,1,1
CSNK2A1,LINC01296,1,1
CSNK2A1,LRRC40,1,1
CSNK2A1,MED10,1,1
CSNK2A1,MED29,1,1
CSNK2A1,MIER1,1,1
CSNK2A1,MOCS3,1,1
CSNK2A1,MRPL33,1,1
CSNK2A1,MRPS10,1,1
CSNK2A1,MRPS14,1,1
CSNK2A1,MRPS26,1,1
CSNK2A1,MRPS27,1,1
CSNK2A1,MYOF,1,1
CSNK2A1,MYSM1,1,1
CSNK2A1,NDUFA1,1,1
CSNK2A1,NELFE,1,1
CSNK2A1,NENF,1,1
CSNK2A1,NPM3,1,1
CSNK2A1,NTHL1,1,1
CSNK2A1,NUDCD1,1,1
CSNK2A1,NUP58,1,1
CSNK2A1,NXT1,1,1
CSNK2A1,OSBPL11,1,1
CSNK2A1,PDE12,1,1
CSNK2A1,PDF,1,1
CSNK2A1,PER2,1,1
CSNK2A1,PFDN2,1,1
CSNK2A1,PFN1,1,1
CSNK2A1,POLR2D,1,1
CSNK2A1,PPM1G,1,1
CSNK2A1,PRKCDBP,1,1
CSNK2A1,PRRG4,1,1
CSNK2A1,PSMC4,1,1
CSNK2A1,PTPRJ,1,1
CSNK2A1,PUS7L,1,1
CSNK2A1,RAB4A,1,1
CSNK2A1,RAB7A,1,1
CSNK2A1,RARS,1,1
CSNK2A1,RBMXL1,1,1
CSNK2A1,RNF114,1,1
CSNK2A1,RP11-529K1.3,1,1
CSNK2A1,RPF1,1,1
CSNK2A1,RPL6,1,1
CSNK2A1,RPS21,1,1
CSNK2A1,RRAS2,1,1
CSNK2A1,SF3B6,1,1
CSNK2A1,SLC25A51,1,1
CSNK2A1,SLC35D1,1,1
CSNK2A1,SMIM13,1,1
CSNK2A1,SMN2,1,1
CSNK2A1,SMNDC1,1,1
CSNK2A1,SNAPC3,1,1
CSNK2A1,SNRNP48,1,1
CSNK2A1,SNRPD2,1,1
CSNK2A1,SNRPE,1,1
CSNK2A1,SOCS4,1,1
CSNK2A1,SRP72,1,1
CSNK2A1,ST3GAL4,1,1
CSNK2A1,ST3GAL6,1,1
CSNK2A1,TARS,1,1
CSNK2A1,TIMM23,1,1
CSNK2A1,TMEM123,1,1
CSNK2A1,TMEM14B,1,1
CSNK2A1,TRMT13,1,1
CSNK2A1,TSSC4,1,1
CSNK2A1,TTL,1,1
CSNK2A1,UBA6,1,1
CSNK2A1,UBE2J2,1,1
CSNK2A1,UBE2V1,1,1
CSNK2A1,UBL4A,1,1
CSNK2A1,UBQLN1,1,1
CSNK2A1,UHMK1,1,1
CSNK2A1,USP28,1,1
CSNK2A1,WDR46,1,1
CSNK2A1,ZNF281,1,1
CSNK2A1,ZNF365,1,1
CSNK2A1,ZNF655,1,1
CSNK2A1,ZNF696,1,1
CSNK2A1,ZRANB2,1,1
WDR36,ABCE1,1,1
WDR36,ACTN1,1,1
WDR36,AKAP1,1,1
WDR36,ALYREF,1,1
WDR36,B4GAT1,1,1
WDR36,BZW1,1,1
WDR36,CBFB,1,1
WDR36,CCDC138,1,1
WDR36,CCT2,1,1
WDR36,CEBPZ,1,1
WDR36,CHAC2,1,1
WDR36,CHERP,1,1
WDR36,CRLF3,1,1
WDR36,DCAF13,1,1
WDR36,DDX18,1,1
WDR36,DIAPH1,1,1
WDR36,EEF1E1,1,1
WDR36,EIF2B1,1,1
WDR36,ERVK3-1,1,1
WDR36,ESCO2,1,1
WDR36,ETF1,1,1
WDR36,GINS1,1,1
WDR36,GRWD1,1,1
WDR36,HNRNPH1,1,1
WDR36,IPO11,1,1
WDR36,KHDRBS1,1,1
WDR36,KIF14,1,1
WDR36,LARP4,1,1
WDR36,LRRC58,1,1
WDR36,MATR3,1,1
WDR36,MB21D1,1,1
WDR36,MRPL9,1,1
WDR36,MSH2,1,1
WDR36,NAGLU,1,1
WDR36,NBN,1,1
WDR36,NMI,1,1
WDR36,NOLC1,1,1
WDR36,OTUD6B,1,1
WDR36,PAICS,1,1
WDR36,PDRG1,1,1
WDR36,PGAM5,1,1
WDR36,POMP,1,1
WDR36,PPP2CA,1,1
WDR36,PPP3R1,1,1
WDR36,RAD23B,1,1
WDR36,RBM12,1,1
WDR36,RBM27,1,1
WDR36,RFC3,1,1
WDR36,RMI1,1,1
WDR36,RNF126,1,1
WDR36,RNF138,1,1
WDR36,SBNO1,1,1
WDR36,SKIV2L2,1,1
WDR36,SMAGP,1,1
WDR36,SMIM15,1,1
WDR36,SNRPG,1,1
WDR36,SNX5,1,1
WDR36,SRSF1,1,1
WDR36,SRSF2,1,1
WDR36,SRSF3,1,1
WDR36,SRSF7,1,1
WDR36,STIL,1,1
WDR36,TMEM205,1,1
WDR36,TMEM63B,1,1
WDR36,TTC4,1,1
WDR36,TUBA1C,1,1
WDR36,UBA2,1,1
WDR36,UTP11,1,1
WDR36,WBP2,1,1
WDR36,WDR13,1,1
KIF15,ABHD5,1,1
KIF15,ABT1,1,1
KIF15,ACD,1,1
KIF15,ANKRD33B,1,1
KIF15,BNIP1,1,1
KIF15,C12ORF75,1,1
KIF15,C4ORF46,1,1
KIF15,CASC5,1,1
KIF15,CCDC109B,1,1
KIF15,CCT5,1,1
KIF15,CDC123,1,1
KIF15,CDCA5,1,1
KIF15,CENPJ,1,1
KIF15,CKS1B,1,1
KIF15,CSTF2,1,1
KIF15,CTNNAL1,1,1
KIF15,DDX21,1,1
KIF15,DEK,1,1
KIF15,DHX35,1,1
KIF15,DKK 1.00,1,1
KIF15,DNA2,1,1
KIF15,DUT,1,1
KIF15,EID2,1,1
KIF15,EIF2S1,1,1
KIF15,EIF3M,1,1
KIF15,EIF4E2,1,1
KIF15,EIF6,1,1
KIF15,EPS8L1,1,1
KIF15,ERI1,1,1
KIF15,EXT1,1,1
KIF15,FBXO45,1,1
KIF15,FTSJ3,1,1
KIF15,GABRA5,1,1
KIF15,GART,1,1
KIF15,GINS3,1,1
KIF15,GLO1,1,1
KIF15,HARS,1,1
KIF15,HMGB2,1,1
KIF15,HMGN1,1,1
KIF15,HNRNPC,1,1
KIF15,HNRNPD,1,1
KIF15,IQCJ-SCHIP1,1,1
KIF15,KIAA1429,1,1
KIF15,KMT5A,1,1
KIF15,KPNA3,1,1
KIF15,KRT18,1,1
KIF15,LBR,1,1
KIF15,LMNB1,1,1
KIF15,MAGOH,1,1
KIF15,MASTL,1,1
KIF15,MCM10,1,1
KIF15,MCM2,1,1
KIF15,MCRS1,1,1
KIF15,MED10,1,1
KIF15,MIS18A,1,1
KIF15,MMP24-AS1,1,1
KIF15,MRPS27,1,1
KIF15,MYBL2,1,1
KIF15,NAA15,1,1
KIF15,NAA20,1,1
KIF15,NPM3,1,1
KIF15,NUP107,1,1
KIF15,PAK1IP1,1,1
KIF15,PDE12,1,1
KIF15,PDF,1,1
KIF15,PDSS1,1,1
KIF15,PER2,1,1
KIF15,PFDN2,1,1
KIF15,PMPCA,1,1
KIF15,POLR2D,1,1
KIF15,PPM1G,1,1
KIF15,PRPF38A,1,1
KIF15,PRPF4,1,1
KIF15,PSMC3,1,1
KIF15,PSMC3IP,1,1
KIF15,PSMD2,1,1
KIF15,PUS7L,1,1
KIF15,RAD1,1,1
KIF15,RARS,1,1
KIF15,RNF168,1,1
KIF15,RP11-424C20.2,1,1
KIF15,RP11-673C5.1,1,1
KIF15,SAPCD2,1,1
KIF15,SERBP1,1,1
KIF15,SH2D5,1,1
KIF15,SKA3,1,1
KIF15,SLC25A43,1,1
KIF15,SMN2,1,1
KIF15,SMNDC1,1,1
KIF15,SNRNP48,1,1
KIF15,SNRPC,1,1
KIF15,SNRPE,1,1
KIF15,SRP72,1,1
KIF15,SRPK1,1,1
KIF15,SSRP1,1,1
KIF15,STIP1,1,1
KIF15,TAF5,1,1
KIF15,TAF9,1,1
KIF15,TFAM,1,1
KIF15,TIMM23,1,1
KIF15,TMA16,1,1
KIF15,TMEM14B,1,1
KIF15,TOP3A,1,1
KIF15,TRIP13,1,1
KIF15,TSSC4,1,1
KIF15,TTF1,1,1
KIF15,TUBB4B,1,1
KIF15,UBE2C,1,1
KIF15,UBE2T,1,1
KIF15,UHRF1,1,1
KIF15,UHRF1BP1L,1,1
KIF15,URB1,1,1
KIF15,USP1,1,1
KIF15,VRK1,1,1
KIF15,ZNF195,1,1
KIF15,ZNF281,1,1
KIF15,ZNF283,1,1
KIF15,ZNF695,1,1
KIF15,ZW10,1,1
KIF15,ZWILCH,1,1
TTF1,ACD,1,1
TTF1,ADNP2,1,1
TTF1,AHI1,1,1
TTF1,ANKRD33B,1,1
TTF1,BTF3L4,1,1
TTF1,CCDC109B,1,1
TTF1,CCT5,1,1
TTF1,CCT8,1,1
TTF1,CDC123,1,1
TTF1,CDH2,1,1
TTF1,CDK7,1,1
TTF1,CFL2,1,1
TTF1,CMSS1,1,1
TTF1,CNOT7,1,1
TTF1,COPS5,1,1
TTF1,CSNK2B,1,1
TTF1,CSTF2,1,1
TTF1,CTDSPL2,1,1
TTF1,CTNNAL1,1,1
TTF1,DAZAP1,1,1
TTF1,DDX21,1,1
TTF1,DEK,1,1
TTF1,DHRS7B,1,1
TTF1,DHX35,1,1
TTF1,DNA2,1,1
TTF1,DUSP12,1,1
TTF1,EID2,1,1
TTF1,EIF2S1,1,1
TTF1,EIF3M,1,1
TTF1,EIF4E2,1,1
TTF1,EIF6,1,1
TTF1,ERI1,1,1
TTF1,EXT1,1,1
TTF1,FAM199X,1,1
TTF1,FAM60A,1,1
TTF1,FBXO45,1,1
TTF1,FEM1A,1,1
TTF1,FTSJ3,1,1
TTF1,GABRA5,1,1
TTF1,GART,1,1
TTF1,GCH1,1,1
TTF1,GEMIN7,1,1
TTF1,GINS3,1,1
TTF1,GTF3C4,1,1
TTF1,HARS,1,1
TTF1,ILF2,1,1
TTF1,IQCJ-SCHIP1,1,1
TTF1,KARS,1,1
TTF1,KIAA0586,1,1
TTF1,KIAA1429,1,1
TTF1,KMT5A,1,1
TTF1,KRT18,1,1
TTF1,LAPTM4A,1,1
TTF1,LBR,1,1
TTF1,LIN7C,1,1
TTF1,LINC01296,1,1
TTF1,LLPH,1,1
TTF1,LMNB2,1,1
TTF1,MAGOH,1,1
TTF1,MAPK1IP1L,1,1
TTF1,MCM2,1,1
TTF1,MCRS1,1,1
TTF1,MED10,1,1
TTF1,MMP24-AS1,1,1
TTF1,MRPL21,1,1
TTF1,MRPL39,1,1
TTF1,MT1X,1,1
TTF1,MYBL2,1,1
TTF1,MYNN,1,1
TTF1,NCR3LG1,1,1
TTF1,NIPAL1,1,1
TTF1,NKX3-1,1,1
TTF1,NUFIP1,1,1
TTF1,NUP107,1,1
TTF1,PAK1IP1,1,1
TTF1,PCGF6,1,1
TTF1,PDE12,1,1
TTF1,PDF,1,1
TTF1,PFDN2,1,1
TTF1,POLR3C,1,1
TTF1,PPM1G,1,1
TTF1,PRMT1,1,1
TTF1,PRPF38A,1,1
TTF1,PRPF4,1,1
TTF1,PSMC1,1,1
TTF1,PSMC3,1,1
TTF1,PSMC3IP,1,1
TTF1,PSMC6,1,1
TTF1,PSMD2,1,1
TTF1,PUS7L,1,1
TTF1,QSER1,1,1
TTF1,RAB4B,1,1
TTF1,RARS,1,1
TTF1,RIOK1,1,1
TTF1,RNF168,1,1
TTF1,RPS26,1,1
TTF1,RRP12,1,1
TTF1,RRS1,1,1
TTF1,RUVBL2,1,1
TTF1,SACS,1,1
TTF1,SAPCD2,1,1
TTF1,SERBP1,1,1
TTF1,SET,1,1
TTF1,SH2D5,1,1
TTF1,SIX1,1,1
TTF1,SMIM13,1,1
TTF1,SMN2,1,1
TTF1,SMNDC1,1,1
TTF1,SNRNP48,1,1
TTF1,SNRPE,1,1
TTF1,SPIN4,1,1
TTF1,SREK1IP1,1,1
TTF1,SRP19,1,1
TTF1,SRP72,1,1
TTF1,SRPK1,1,1
TTF1,SSRP1,1,1
TTF1,STIP1,1,1
TTF1,TAF9,1,1
TTF1,TAP2,1,1
TTF1,TARS,1,1
TTF1,TIMM17A,1,1
TTF1,TIMM23,1,1
TTF1,TMA16,1,1
TTF1,TMEM14B,1,1
TTF1,TOP3A,1,1
TTF1,TRIP13,1,1
TTF1,TRMT10C,1,1
TTF1,TSSC4,1,1
TTF1,UBE2T,1,1
TTF1,UGT8,1,1
TTF1,UHRF1,1,1
TTF1,URB1,1,1
TTF1,USP1,1,1
TTF1,UTP4,1,1
TTF1,VEZT,1,1
TTF1,VRK1,1,1
TTF1,WDR74,1,1
TTF1,ZNF180,1,1
TTF1,ZNF195,1,1
TTF1,ZNF281,1,1
TTF1,ZNF283,1,1
TTF1,ZNF473,1,1
TTF1,ZNF670,1,1
TJP2,ACSS1,1,1
TJP2,ANP32E,1,1
TJP2,ATP6AP1,1,1
TJP2,BRIX1,1,1
TJP2,BTG3,1,1
TJP2,BVES,1,1
TJP2,C14ORF80,1,1
TJP2,CBR4,1,1
TJP2,CCDC112,1,1
TJP2,CCT5,1,1
TJP2,CCT8,1,1
TJP2,CDH2,1,1
TJP2,CDK7,1,1
TJP2,CFL2,1,1
TJP2,CMPK1,1,1
TJP2,CSTF2,1,1
TJP2,CWC27,1,1
TJP2,DAZAP1,1,1
TJP2,DHX35,1,1
TJP2,DPF1,1,1
TJP2,DPY19L2P1,1,1
TJP2,DUSP12,1,1
TJP2,EID2,1,1
TJP2,EIF6,1,1
TJP2,ELAVL1,1,1
TJP2,FAM189A2,1,1
TJP2,FBXL4,1,1
TJP2,FBXL6,1,1
TJP2,FTSJ1,1,1
TJP2,GABRA5,1,1
TJP2,GCH1,1,1
TJP2,GHDC,1,1
TJP2,GLRX2,1,1
TJP2,GTF2H3,1,1
TJP2,HDAC3,1,1
TJP2,IGF2BP1,1,1
TJP2,ILF2,1,1
TJP2,IPO4,1,1
TJP2,IQCJ-SCHIP1,1,1
TJP2,IRAK1,1,1
TJP2,ITGB3BP,1,1
TJP2,KIAA0319L,1,1
TJP2,KRT18,1,1
TJP2,LAPTM4A,1,1
TJP2,LBR,1,1
TJP2,LMNB1,1,1
TJP2,LMNB2,1,1
TJP2,MEGF8,1,1
TJP2,MRPL21,1,1
TJP2,MRPL47,1,1
TJP2,MYBL2,1,1
TJP2,MYNN,1,1
TJP2,NCBP2-AS2,1,1
TJP2,NCR3LG1,1,1
TJP2,NEK7,1,1
TJP2,NRGN,1,1
TJP2,PLEKHH1,1,1
TJP2,POLR3E,1,1
TJP2,PPM1G,1,1
TJP2,PRKCI,1,1
TJP2,PRMT1,1,1
TJP2,PRPF4,1,1
TJP2,PSMA3,1,1
TJP2,PSMA6,1,1
TJP2,PSMC1,1,1
TJP2,PSMC3,1,1
TJP2,PSMC4,1,1
TJP2,PSMC5,1,1
TJP2,PSMC6,1,1
TJP2,PSMD2,1,1
TJP2,PSMD4,1,1
TJP2,PSME4,1,1
TJP2,RFWD3,1,1
TJP2,RLIM,1,1
TJP2,RUVBL2,1,1
TJP2,SDCBP,1,1
TJP2,SEPT9,1,1
TJP2,SERBP1,1,1
TJP2,SIX1,1,1
TJP2,SLC39A1,1,1
TJP2,SNAPC1,1,1
TJP2,SPIN4,1,1
TJP2,SPIRE2,1,1
TJP2,SRP19,1,1
TJP2,SSRP1,1,1
TJP2,TAF9,1,1
TJP2,TDRP,1,1
TJP2,TERF1,1,1
TJP2,TFB2M,1,1
TJP2,TIMM17A,1,1
TJP2,TIMM8A,1,1
TJP2,TMEM126A,1,1
TJP2,TMEM69,1,1
TJP2,TOP3A,1,1
TJP2,TRAF5,1,1
TJP2,TRIP13,1,1
TJP2,TTC39C,1,1
TJP2,TUBB3,1,1
TJP2,UBE2C,1,1
TJP2,UBE2T,1,1
TJP2,UGT8,1,1
TJP2,UTP23,1,1
TJP2,VMA21,1,1
TJP2,ZIC2,1,1
TJP2,ZNF670,1,1
TJP2,ZNF695,1,1
CDC25A,CCDC138,1,1
CDC25A,CCNA2,1,1
CDC25A,CDC23,1,1
CDC25A,CEBPZ,1,1
CDC25A,DPH2,1,1
CDC25A,GMNN,1,1
CDC25A,HNRNPK,1,1
CDC25A,HSP90AA1,1,1
CDC25A,KIAA0101,1,1
CDC25A,LMNB1,1,1
CDC25A,LRR1,1,1
CDC25A,MCM10,1,1
CDC25A,MSH2,1,1
CDC25A,NOLC1,1,1
CDC25A,PDRG1,1,1
CDC25A,POLE3,1,1
CDC25A,PPIH,1,1
CDC25A,RAD51,1,1
CDC25A,RMI1,1,1
CDC25A,RRP1,1,1
CDC25A,RRP1B,1,1
CDC25A,SF3B3,1,1
CDC25A,SMC2,1,1
CDC25A,SNX5,1,1
CDC25A,SRSF3,1,1
CDC25A,TIPIN,1,1
CDC25A,ZW10,1,1
TGIF1,GAS1,1,1
TGIF1,RPS2P5,1,1
PPP3R1,ABCE1,1,1
PPP3R1,B4GAT1,1,1
PPP3R1,BZW1,1,1
PPP3R1,CCDC138,1,1
PPP3R1,CEBPZ,1,1
PPP3R1,CRLF3,1,1
PPP3R1,DCAF13,1,1
PPP3R1,DDX18,1,1
PPP3R1,DIAPH1,1,1
PPP3R1,ESCO2,1,1
PPP3R1,ETF1,1,1
PPP3R1,GINS1,1,1
PPP3R1,GRWD1,1,1
PPP3R1,HNRNPH1,1,1
PPP3R1,IPO11,1,1
PPP3R1,KHDRBS1,1,1
PPP3R1,KIF14,1,1
PPP3R1,MAD2L1,1,1
PPP3R1,MATR3,1,1
PPP3R1,MSH2,1,1
PPP3R1,NBN,1,1
PPP3R1,NOLC1,1,1
PPP3R1,PAICS,1,1
PPP3R1,PDRG1,1,1
PPP3R1,PET117,1,1
PPP3R1,POMP,1,1
PPP3R1,PPP2CA,1,1
PPP3R1,PRPS2,1,1
PPP3R1,RBM12,1,1
PPP3R1,RMI1,1,1
PPP3R1,RNF138,1,1
PPP3R1,RRP36,1,1
PPP3R1,SBNO1,1,1
PPP3R1,SKIV2L2,1,1
PPP3R1,SMAGP,1,1
PPP3R1,SMC2,1,1
PPP3R1,SNX5,1,1
PPP3R1,SP3,1,1
PPP3R1,SRSF2,1,1
PPP3R1,SRSF3,1,1
PPP3R1,TMEM205,1,1
PPP3R1,TMEM63B,1,1
PPP3R1,TOE1,1,1
PPP3R1,TPM3,1,1
PPP3R1,TUBA1C,1,1
PPP3R1,UBA2,1,1
PPP3R1,WDR13,1,1
PPP3R1,ZWILCH,1,1
ZNF283,ABHD5,1,1
ZNF283,ABT1,1,1
ZNF283,ACD,1,1
ZNF283,ADNP2,1,1
ZNF283,AHI1,1,1
ZNF283,BNIP1,1,1
ZNF283,BRD4,1,1
ZNF283,C4ORF46,1,1
ZNF283,CCDC109B,1,1
ZNF283,CDC123,1,1
ZNF283,CDCA5,1,1
ZNF283,CDK4,1,1
ZNF283,CENPJ,1,1
ZNF283,CHORDC1,1,1
ZNF283,CNOT7,1,1
ZNF283,COA3,1,1
ZNF283,CTNNAL1,1,1
ZNF283,DDX21,1,1
ZNF283,DDX39B,1,1
ZNF283,DEK,1,1
ZNF283,DKK 1.00,1,1
ZNF283,DNA2,1,1
ZNF283,EIF2S1,1,1
ZNF283,EIF4E2,1,1
ZNF283,ERI1,1,1
ZNF283,EXOSC8,1,1
ZNF283,FBXO45,1,1
ZNF283,FTSJ3,1,1
ZNF283,GART,1,1
ZNF283,GINS3,1,1
ZNF283,GTF3C4,1,1
ZNF283,HARS,1,1
ZNF283,HAUS2,1,1
ZNF283,HMGN1,1,1
ZNF283,HNRNPC,1,1
ZNF283,HNRNPD,1,1
ZNF283,KMT5A,1,1
ZNF283,KPNA3,1,1
ZNF283,KRT18,1,1
ZNF283,MAGOH,1,1
ZNF283,MCM10,1,1
ZNF283,MCM2,1,1
ZNF283,MCRS1,1,1
ZNF283,MED10,1,1
ZNF283,MMP24-AS1,1,1
ZNF283,MRPL1,1,1
ZNF283,NAA15,1,1
ZNF283,NAA20,1,1
ZNF283,NAF1,1,1
ZNF283,NR2F2,1,1
ZNF283,NUFIP1,1,1
ZNF283,NUP107,1,1
ZNF283,NUP188,1,1
ZNF283,PAK1IP1,1,1
ZNF283,PDE12,1,1
ZNF283,PDF,1,1
ZNF283,PDSS1,1,1
ZNF283,PFDN2,1,1
ZNF283,PLAGL2,1,1
ZNF283,POLR2D,1,1
ZNF283,POLR3C,1,1
ZNF283,PPM1G,1,1
ZNF283,PPRC1,1,1
ZNF283,PRPF38A,1,1
ZNF283,PRPF4,1,1
ZNF283,PSMC3,1,1
ZNF283,PSMC3IP,1,1
ZNF283,PSMD2,1,1
ZNF283,PUS7L,1,1
ZNF283,RAB35,1,1
ZNF283,RAD1,1,1
ZNF283,RARS,1,1
ZNF283,RBMXL1,1,1
ZNF283,RIOK1,1,1
ZNF283,RPF1,1,1
ZNF283,RRP12,1,1
ZNF283,RRS1,1,1
ZNF283,SAPCD2,1,1
ZNF283,SERBP1,1,1
ZNF283,SET,1,1
ZNF283,SKA3,1,1
ZNF283,SMN2,1,1
ZNF283,SMNDC1,1,1
ZNF283,SNRNP48,1,1
ZNF283,SNRPE,1,1
ZNF283,SOCS4,1,1
ZNF283,SPRYD7,1,1
ZNF283,SREK1IP1,1,1
ZNF283,SRP72,1,1
ZNF283,SRPK1,1,1
ZNF283,STIP1,1,1
ZNF283,SUPV3L1,1,1
ZNF283,TAF5,1,1
ZNF283,TARS,1,1
ZNF283,TFAM,1,1
ZNF283,TGS1,1,1
ZNF283,TIMM23,1,1
ZNF283,TMA16,1,1
ZNF283,TMEM14B,1,1
ZNF283,TOP3A,1,1
ZNF283,TRIP13,1,1
ZNF283,TRMT10C,1,1
ZNF283,TSSC4,1,1
ZNF283,TYW3,1,1
ZNF283,UBE3A,1,1
ZNF283,UHRF1,1,1
ZNF283,URB1,1,1
ZNF283,USP1,1,1
ZNF283,VRK1,1,1
ZNF283,ZNF195,1,1
ZNF283,ZNF281,1,1
ZNF283,ZNF473,1,1
ZNF283,ZW10,1,1
ALKBH7,ACAD10,1,1
ALKBH7,GEMIN7,1,1
ALKBH7,GTF3C4,1,1
ALKBH7,PCTP,1,1
ALKBH7,POLR3C,1,1
ALKBH7,RRP36,1,1
ALKBH7,TGS1,1,1
ALKBH7,TMEM234,1,1
SERTAD1,CDC42EP2,1,1
SERTAD1,FBRSL1,1,1
SERTAD1,GSTM4,1,1
SERTAD1,ITM2C,1,1
SERTAD1,PDE6D,1,1
SERTAD1,POLB,1,1
SERTAD1,TM7SF3,1,1
SMN2,ABHD5,1,1
SMN2,ABT1,1,1
SMN2,ACD,1,1
SMN2,ADNP2,1,1
SMN2,AHI1,1,1
SMN2,ANKRD33B,1,1
SMN2,ANXA3,1,1
SMN2,ATG9A,1,1
SMN2,BMI1,1,1
SMN2,BNIP1,1,1
SMN2,C10ORF2,1,1
SMN2,C12ORF75,1,1
SMN2,C19ORF47,1,1
SMN2,C4ORF46,1,1
SMN2,CCDC109B,1,1
SMN2,CDC123,1,1
SMN2,CDCA5,1,1
SMN2,CDK4,1,1
SMN2,CENPJ,1,1
SMN2,CEP250,1,1
SMN2,CKS1B,1,1
SMN2,COA3,1,1
SMN2,CTNNAL1,1,1
SMN2,DDX21,1,1
SMN2,DDX39B,1,1
SMN2,DEK,1,1
SMN2,DHX16,1,1
SMN2,DKK 1.00,1,1
SMN2,DNA2,1,1
SMN2,DPM1,1,1
SMN2,EIF4E2,1,1
SMN2,EIF6,1,1
SMN2,ENY2,1,1
SMN2,ERCC3,1,1
SMN2,ERI1,1,1
SMN2,EXOSC8,1,1
SMN2,EXT1,1,1
SMN2,FBXO45,1,1
SMN2,FTSJ3,1,1
SMN2,FUBP1,1,1
SMN2,GART,1,1
SMN2,GINS3,1,1
SMN2,GRHPR,1,1
SMN2,GTF3C4,1,1
SMN2,HARS,1,1
SMN2,HAUS2,1,1
SMN2,HMGN1,1,1
SMN2,HNRNPA1P48,1,1
SMN2,HNRNPD,1,1
SMN2,HRAS,1,1
SMN2,IQCJ-SCHIP1,1,1
SMN2,KIAA1429,1,1
SMN2,KMT5A,1,1
SMN2,KPNA3,1,1
SMN2,KRT18,1,1
SMN2,MAGOH,1,1
SMN2,MCM10,1,1
SMN2,MCM2,1,1
SMN2,MCRS1,1,1
SMN2,MED10,1,1
SMN2,MED29,1,1
SMN2,MMP24-AS1,1,1
SMN2,MRPL33,1,1
SMN2,MRPS10,1,1
SMN2,MRPS26,1,1
SMN2,MRPS27,1,1
SMN2,NAA15,1,1
SMN2,NAA20,1,1
SMN2,NAF1,1,1
SMN2,NPM3,1,1
SMN2,NR2F2,1,1
SMN2,NSMCE4A,1,1
SMN2,NUFIP1,1,1
SMN2,NUP107,1,1
SMN2,NUP188,1,1
SMN2,NUP58,1,1
SMN2,OSBPL11,1,1
SMN2,PAK1IP1,1,1
SMN2,PDE12,1,1
SMN2,PDF,1,1
SMN2,PDSS1,1,1
SMN2,PER2,1,1
SMN2,PFDN2,1,1
SMN2,PLAGL2,1,1
SMN2,POLR2D,1,1
SMN2,PPM1G,1,1
SMN2,PPRC1,1,1
SMN2,PRDX1,1,1
SMN2,PRPF38A,1,1
SMN2,PRPF4,1,1
SMN2,PSMC3,1,1
SMN2,PSMC3IP,1,1
SMN2,PSMD2,1,1
SMN2,PUS7L,1,1
SMN2,RAB35,1,1
SMN2,RABGGTB,1,1
SMN2,RAD1,1,1
SMN2,RARS,1,1
SMN2,RBMXL1,1,1
SMN2,RNF168,1,1
SMN2,RP11-424C20.2,1,1
SMN2,RP11-673C5.1,1,1
SMN2,RPF1,1,1
SMN2,RRP12,1,1
SMN2,RRS1,1,1
SMN2,SAPCD2,1,1
SMN2,SERBP1,1,1
SMN2,SH2D5,1,1
SMN2,SKA3,1,1
SMN2,SMNDC1,1,1
SMN2,SNRNP48,1,1
SMN2,SNRPE,1,1
SMN2,SOCS4,1,1
SMN2,SPRYD7,1,1
SMN2,SREK1IP1,1,1
SMN2,SRP72,1,1
SMN2,SRPK1,1,1
SMN2,SUPV3L1,1,1
SMN2,TAF5,1,1
SMN2,TFAM,1,1
SMN2,TIMM23,1,1
SMN2,TMA16,1,1
SMN2,TMEM14B,1,1
SMN2,TOP3A,1,1
SMN2,TRIP13,1,1
SMN2,TRPM2,1,1
SMN2,TSSC4,1,1
SMN2,TYW3,1,1
SMN2,UBE2T,1,1
SMN2,UBE3A,1,1
SMN2,UBL4A,1,1
SMN2,UHRF1,1,1
SMN2,URB1,1,1
SMN2,USP1,1,1
SMN2,VRK1,1,1
SMN2,WDR46,1,1
SMN2,ZNF195,1,1
SMN2,ZNF232,1,1
SMN2,ZNF281,1,1
SMN2,ZNF473,1,1
SMN2,ZNF544,1,1
SMN2,ZNF696,1,1
SMN2,ZW10,1,1
PLA2G4A,ATG12,1,1
PLA2G4A,CCNJL,1,1
PLA2G4A,COA3,1,1
PLA2G4A,DBI,1,1
PLA2G4A,DCAF6,1,1
PLA2G4A,DR1,1,1
PLA2G4A,EEF1B2,1,1
PLA2G4A,ENOX2,1,1
PLA2G4A,FAM3A,1,1
PLA2G4A,HEATR5A,1,1
PLA2G4A,MIS12,1,1
PLA2G4A,MKRN1,1,1
PLA2G4A,MRPS16,1,1
PLA2G4A,NHSL1,1,1
PLA2G4A,PANK3,1,1
PLA2G4A,PLEKHG4,1,1
PLA2G4A,RAB4A,1,1
PLA2G4A,RBBP9,1,1
PLA2G4A,RPL13A,1,1
PLA2G4A,SUGT1,1,1
PLA2G4A,TFDP1,1,1
PLA2G4A,TMTC4,1,1
PLA2G4A,TRMT13,1,1
NUDT2,ARFIP2,1,1
NUDT2,C1ORF21,1,1
NUDT2,CKLF,1,1
NUDT2,CYB5B,1,1
NUDT2,DPM1,1,1
NUDT2,EMX2,1,1
NUDT2,ERMARD,1,1
NUDT2,FAM178B,1,1
NUDT2,GRASP,1,1
NUDT2,HHEX,1,1
NUDT2,ITPA,1,1
NUDT2,LARS,1,1
NUDT2,LRRC40,1,1
NUDT2,METTL10,1,1
NUDT2,MOCS3,1,1
NUDT2,MRPS10,1,1
NUDT2,MYOF,1,1
NUDT2,NENF,1,1
NUDT2,NXT1,1,1
NUDT2,PAN2,1,1
NUDT2,PCYOX1L,1,1
NUDT2,PKN2,1,1
NUDT2,PLS1,1,1
NUDT2,PRRG4,1,1
NUDT2,RP11-529K1.3,1,1
NUDT2,SCARB1,1,1
NUDT2,SF3B6,1,1
NUDT2,ST3GAL4,1,1
NUDT2,TENM3,1,1
NUDT2,TMSB4X,1,1
NUDT2,TTC1,1,1
NUDT2,TTL,1,1
NUDT2,UBA6,1,1
NUDT2,UBE2J2,1,1
NUDT2,WDR46,1,1
NUDT2,XRN2,1,1
NUDT2,ZBTB37,1,1
NUDT2,ZRANB2,1,1
TAF9,ABCE1,1,1
TAF9,ACD,1,1
TAF9,ACOX1,1,1
TAF9,ACTN1,1,1
TAF9,AHI1,1,1
TAF9,ANP32E,1,1
TAF9,ARF4,1,1
TAF9,ARF5,1,1
TAF9,ATP6AP1,1,1
TAF9,BRIX1,1,1
TAF9,C19ORF66,1,1
TAF9,CBFB,1,1
TAF9,CCDC138,1,1
TAF9,CCP110,1,1
TAF9,CCT5,1,1
TAF9,CCT8,1,1
TAF9,CDC123,1,1
TAF9,CDH2,1,1
TAF9,CDK4,1,1
TAF9,CDK7,1,1
TAF9,CFL2,1,1
TAF9,CMPK1,1,1
TAF9,CPSF6,1,1
TAF9,CSTF2,1,1
TAF9,CTDSPL2,1,1
TAF9,CYP27A1,1,1
TAF9,DAZAP1,1,1
TAF9,DDX18,1,1
TAF9,DDX21,1,1
TAF9,DEK,1,1
TAF9,DHRS7B,1,1
TAF9,DHX35,1,1
TAF9,DIAPH1,1,1
TAF9,DIMT1,1,1
TAF9,DNA2,1,1
TAF9,DPH2,1,1
TAF9,DUSP12,1,1
TAF9,EIF2S1,1,1
TAF9,EIF3M,1,1
TAF9,EIF6,1,1
TAF9,ELAVL1,1,1
TAF9,EP400,1,1
TAF9,ERI1,1,1
TAF9,ERVK3-1,1,1
TAF9,EXT1,1,1
TAF9,FAM136A,1,1
TAF9,FAM234A,1,1
TAF9,FAM60A,1,1
TAF9,FBXL6,1,1
TAF9,FBXO45,1,1
TAF9,FTSJ1,1,1
TAF9,FTSJ3,1,1
TAF9,GABRA5,1,1
TAF9,GALT,1,1
TAF9,GART,1,1
TAF9,GEMIN7,1,1
TAF9,GHDC,1,1
TAF9,GINS3,1,1
TAF9,GLRX2,1,1
TAF9,GPATCH4,1,1
TAF9,GPBP1L1,1,1
TAF9,GTF3C4,1,1
TAF9,HARS,1,1
TAF9,HCFC1,1,1
TAF9,HDAC3,1,1
TAF9,HNRNPU,1,1
TAF9,ILF2,1,1
TAF9,IQCJ-SCHIP1,1,1
TAF9,KHDRBS1,1,1
TAF9,KIAA1429,1,1
TAF9,KIAA1586,1,1
TAF9,KIF14,1,1
TAF9,KLHL8,1,1
TAF9,KMT5A,1,1
TAF9,KRT18,1,1
TAF9,LAPTM4A,1,1
TAF9,LARP4,1,1
TAF9,LBR,1,1
TAF9,LINC01296,1,1
TAF9,LLPH,1,1
TAF9,LMNB1,1,1
TAF9,LMNB2,1,1
TAF9,MAGOH,1,1
TAF9,MAP4K5,1,1
TAF9,MAPK1IP1L,1,1
TAF9,MCM10,1,1
TAF9,MCM2,1,1
TAF9,MCRS1,1,1
TAF9,MED10,1,1
TAF9,MEGF8,1,1
TAF9,MIS18A,1,1
TAF9,MMP24-AS1,1,1
TAF9,MRPL39,1,1
TAF9,MRPL47,1,1
TAF9,MTFR1L,1,1
TAF9,MYBL2,1,1
TAF9,MYNN,1,1
TAF9,MYSM1,1,1
TAF9,NAA15,1,1
TAF9,NCR3LG1,1,1
TAF9,NOLC1,1,1
TAF9,NUDCD1,1,1
TAF9,NUP107,1,1
TAF9,P2RX4,1,1
TAF9,PAK1IP1,1,1
TAF9,PCGF6,1,1
TAF9,PDE12,1,1
TAF9,PDF,1,1
TAF9,PDSS1,1,1
TAF9,PER2,1,1
TAF9,PFDN2,1,1
TAF9,PGAM5,1,1
TAF9,PLEKHH1,1,1
TAF9,POLE3,1,1
TAF9,POLR3E,1,1
TAF9,PPIH,1,1
TAF9,PPM1G,1,1
TAF9,PPP2CA,1,1
TAF9,PRKCI,1,1
TAF9,PRMT1,1,1
TAF9,PRPF4,1,1
TAF9,PSMA3,1,1
TAF9,PSMC1,1,1
TAF9,PSMC3,1,1
TAF9,PSMC4,1,1
TAF9,PSMC5,1,1
TAF9,PSMC6,1,1
TAF9,PSMD2,1,1
TAF9,PTS,1,1
TAF9,PUS7L,1,1
TAF9,QSER1,1,1
TAF9,RAB35,1,1
TAF9,RAB4B,1,1
TAF9,RARS,1,1
TAF9,RELT,1,1
TAF9,RFWD3,1,1
TAF9,RNASEK,1,1
TAF9,RNF126,1,1
TAF9,RNF168,1,1
TAF9,RP11-529K1.3,1,1
TAF9,RRP12,1,1
TAF9,RRP1B,1,1
TAF9,RRP36,1,1
TAF9,RRS1,1,1
TAF9,RUVBL2,1,1
TAF9,SACS,1,1
TAF9,SAPCD2,1,1
TAF9,SART3,1,1
TAF9,SCPEP1,1,1
TAF9,SERBP1,1,1
TAF9,SET,1,1
TAF9,SH2D5,1,1
TAF9,SIX1,1,1
TAF9,SMARCD1,1,1
TAF9,SMIM13,1,1
TAF9,SMIM15,1,1
TAF9,SMNDC1,1,1
TAF9,SNRNP200,1,1
TAF9,SNRNP48,1,1
TAF9,SNRPE,1,1
TAF9,SOX10,1,1
TAF9,SPIN4,1,1
TAF9,SREK1IP1,1,1
TAF9,SRP19,1,1
TAF9,SRP72,1,1
TAF9,SRPK1,1,1
TAF9,SRSF3,1,1
TAF9,SSRP1,1,1
TAF9,ST3GAL6,1,1
TAF9,STIP1,1,1
TAF9,SYNCRIP,1,1
TAF9,TARS,1,1
TAF9,TERF1,1,1
TAF9,TFB2M,1,1
TAF9,TIMM10,1,1
TAF9,TIMM17A,1,1
TAF9,TIMM8A,1,1
TAF9,TMA16,1,1
TAF9,TMCO1,1,1
TAF9,TMEM126A,1,1
TAF9,TMEM14B,1,1
TAF9,TNFRSF12A,1,1
TAF9,TOP3A,1,1
TAF9,TPM3,1,1
TAF9,TPRKB,1,1
TAF9,TRIP13,1,1
TAF9,TUBB3,1,1
TAF9,TUBB4B,1,1
TAF9,UBE2C,1,1
TAF9,UBE2T,1,1
TAF9,UCHL5,1,1
TAF9,UGT8,1,1
TAF9,UHMK1,1,1
TAF9,UHRF1,1,1
TAF9,UHRF1BP1L,1,1
TAF9,URB1,1,1
TAF9,USP1,1,1
TAF9,UTP23,1,1
TAF9,WBP2,1,1
TAF9,WDR74,1,1
TAF9,WWC1,1,1
TAF9,ZDHHC4,1,1
TAF9,ZIC2,1,1
TAF9,ZNF281,1,1
TAF9,ZNF473,1,1
TAF9,ZNF655,1,1
TAF9,ZNF670,1,1
TAF9,ZNF695,1,1
TAF9,ZW10,1,1
TAF9,ZWILCH,1,1
SACM1L,BRAF,1,1
SACM1L,COQ7,1,1
SACM1L,PTPN3,1,1
SACM1L,STX6,1,1
SACM1L,TIMM17B,1,1
GNAQ,BRAF,1,1
GNAQ,LPGAT1,1,1
GNAQ,RNF13,1,1
GNAQ,SLC9A6,1,1
GNAQ,TIMM17B,1,1
SNRPD2,ACD,1,1
SNRPD2,ANKRD33B,1,1
SNRPD2,ANXA1,1,1
SNRPD2,ARF4,1,1
SNRPD2,ATP6AP1,1,1
SNRPD2,BMI1,1,1
SNRPD2,BRAF,1,1
SNRPD2,BTF3L4,1,1
SNRPD2,C16ORF13,1,1
SNRPD2,CDH2,1,1
SNRPD2,CDK4,1,1
SNRPD2,CKLF,1,1
SNRPD2,CKS1B,1,1
SNRPD2,CMTM7,1,1
SNRPD2,CRLS1,1,1
SNRPD2,CSNK2B,1,1
SNRPD2,DUXAP9,1,1
SNRPD2,EIF3K,1,1
SNRPD2,EIF6,1,1
SNRPD2,EXT1,1,1
SNRPD2,FAM189A2,1,1
SNRPD2,FAM199X,1,1
SNRPD2,FAM60A,1,1
SNRPD2,FBXL6,1,1
SNRPD2,FSD1,1,1
SNRPD2,GFER,1,1
SNRPD2,GLO1,1,1
SNRPD2,GNE,1,1
SNRPD2,GPAT3,1,1
SNRPD2,GPBP1L1,1,1
SNRPD2,HTR7,1,1
SNRPD2,IQCJ-SCHIP1,1,1
SNRPD2,KIAA1429,1,1
SNRPD2,KMT5A,1,1
SNRPD2,LINC01296,1,1
SNRPD2,LPGAT1,1,1
SNRPD2,METTL2A,1,1
SNRPD2,NACA,1,1
SNRPD2,NDUFA1,1,1
SNRPD2,NOSIP,1,1
SNRPD2,NPM3,1,1
SNRPD2,NTHL1,1,1
SNRPD2,NUDCD1,1,1
SNRPD2,PDF,1,1
SNRPD2,PER2,1,1
SNRPD2,PFDN2,1,1
SNRPD2,PFN1,1,1
SNRPD2,PLS1,1,1
SNRPD2,PPM1G,1,1
SNRPD2,PPP2CA,1,1
SNRPD2,PRIM2,1,1
SNRPD2,PRMT1,1,1
SNRPD2,PSMC4,1,1
SNRPD2,PUS7L,1,1
SNRPD2,RARS,1,1
SNRPD2,RNF13,1,1
SNRPD2,RP11-529K1.3,1,1
SNRPD2,RPL35A,1,1
SNRPD2,RPL6,1,1
SNRPD2,RPS21,1,1
SNRPD2,RRAS2,1,1
SNRPD2,RUVBL2,1,1
SNRPD2,SH2D5,1,1
SNRPD2,SLC11A2,1,1
SNRPD2,SLC25A43,1,1
SNRPD2,SLC25A51,1,1
SNRPD2,SLC39A1,1,1
SNRPD2,SLC9A6,1,1
SNRPD2,SMIM13,1,1
SNRPD2,SNRNP200,1,1
SNRPD2,SNRPE,1,1
SNRPD2,SPIRE2,1,1
SNRPD2,ST3GAL6,1,1
SNRPD2,TATDN1,1,1
SNRPD2,TIMM17B,1,1
SNRPD2,TMEM123,1,1
SNRPD2,TMEM206,1,1
SNRPD2,TPRKB,1,1
SNRPD2,TRIM62,1,1
SNRPD2,TTC28,1,1
SNRPD2,TUFM,1,1
SNRPD2,UBE2C,1,1
SNRPD2,UBE2J2,1,1
SNRPD2,UBE2T,1,1
SNRPD2,UCHL5,1,1
SNRPD2,UGT8,1,1
SNRPD2,UQCRQ,1,1
SNRPD2,WDR46,1,1
SNRPD2,WDR54,1,1
SNRPD2,WWC1,1,1
SNRPD2,ZNF655,1,1
RPL28,EIF3F,1,1
RPL28,EIF3H,1,1
RPL28,GTF2H2B,1,1
RPL28,LINC00493,1,1
RPL28,RAB7A,1,1
RPL28,RACK1,1,1
RPL28,RPL37A,1,1
RPL28,RPL8,1,1
RPL28,RPLP0,1,1
RPL28,RPS13,1,1
BTN3A1,ACACB,1,1
BTN3A1,AHCTF1,1,1
BTN3A1,ANXA4,1,1
BTN3A1,BRIX1,1,1
BTN3A1,C14ORF80,1,1
BTN3A1,CBFB,1,1
BTN3A1,CBR4,1,1
BTN3A1,CCT8,1,1
BTN3A1,CNOT3,1,1
BTN3A1,CPSF6,1,1
BTN3A1,DDX10,1,1
BTN3A1,DPY19L2P1,1,1
BTN3A1,EIF2S3,1,1
BTN3A1,EIF5,1,1
BTN3A1,ELAVL1,1,1
BTN3A1,FAM136A,1,1
BTN3A1,FBXL4,1,1
BTN3A1,GHDC,1,1
BTN3A1,H3F3B,1,1
BTN3A1,HMGCL,1,1
BTN3A1,HS1BP3,1,1
BTN3A1,IGF2BP1,1,1
BTN3A1,IPO4,1,1
BTN3A1,IRAK1,1,1
BTN3A1,KIAA0319L,1,1
BTN3A1,KIAA1524,1,1
BTN3A1,LMNB2,1,1
BTN3A1,LURAP1,1,1
BTN3A1,MAK16,1,1
BTN3A1,MAP4K5,1,1
BTN3A1,MRPL50,1,1
BTN3A1,NEK7,1,1
BTN3A1,P2RX4,1,1
BTN3A1,PM20D2,1,1
BTN3A1,POLR1B,1,1
BTN3A1,PSMC5,1,1
BTN3A1,RELT,1,1
BTN3A1,SLC2A1,1,1
BTN3A1,TANGO2,1,1
BTN3A1,TBPL1,1,1
BTN3A1,TMEM53,1,1
BTN3A1,TROVE2,1,1
BTN3A1,VAT1,1,1
BTN3A1,VRK3,1,1
BTN3A1,ZNF215,1,1
BTN3A1,ZNF639,1,1
TOE1,ABCE1,1,1
TOE1,ABCF1,1,1
TOE1,BCCIP,1,1
TOE1,BORA,1,1
TOE1,C19ORF47,1,1
TOE1,C5ORF42,1,1
TOE1,CCAR1,1,1
TOE1,CCDC138,1,1
TOE1,CEBPZ,1,1
TOE1,DCAF13,1,1
TOE1,DDX18,1,1
TOE1,DEK,1,1
TOE1,DPH2,1,1
TOE1,EIF4E,1,1
TOE1,ENY2,1,1
TOE1,ERVK3-1,1,1
TOE1,FUBP1,1,1
TOE1,HCFC1,1,1
TOE1,HNRNPA1P48,1,1
TOE1,HRAS,1,1
TOE1,IPO11,1,1
TOE1,KHDRBS1,1,1
TOE1,KIAA0101,1,1
TOE1,KIF11,1,1
TOE1,KPNA3,1,1
TOE1,KTI12,1,1
TOE1,MAD2L1,1,1
TOE1,MCMBP,1,1
TOE1,MSH2,1,1
TOE1,MZT1,1,1
TOE1,NAA15,1,1
TOE1,NANP,1,1
TOE1,NOLC1,1,1
TOE1,NPEPPS,1,1
TOE1,NUP58,1,1
TOE1,PCLO,1,1
TOE1,PDRG1,1,1
TOE1,PDSS1,1,1
TOE1,PGGT1B,1,1
TOE1,PLK4,1,1
TOE1,POLE3,1,1
TOE1,PPIH,1,1
TOE1,PPRC1,1,1
TOE1,RBM12,1,1
TOE1,RBM26,1,1
TOE1,RNF138,1,1
TOE1,RRP1B,1,1
TOE1,RRP36,1,1
TOE1,SF3B3,1,1
TOE1,SKA3,1,1
TOE1,SNX5,1,1
TOE1,SPRYD7,1,1
TOE1,SRSF2,1,1
TOE1,SRSF3,1,1
TOE1,SVIP,1,1
TOE1,TAF2,1,1
TOE1,TFAM,1,1
TOE1,USP1,1,1
TOE1,USP16,1,1
TOE1,WWC1,1,1
TOE1,ZNF473,1,1
TOE1,ZW10,1,1
TOE1,ZWILCH,1,1
TAP2,ANP32E,1,1
TAP2,ATRIP,1,1
TAP2,C12ORF29,1,1
TAP2,CAPRIN1,1,1
TAP2,CCT8,1,1
TAP2,CFAP20,1,1
TAP2,CNOT7,1,1
TAP2,CRIM1,1,1
TAP2,CTDSPL2,1,1
TAP2,DAZAP1,1,1
TAP2,DDX21,1,1
TAP2,DDX28,1,1
TAP2,DHRS7B,1,1
TAP2,DHX35,1,1
TAP2,EID2,1,1
TAP2,EIF2S1,1,1
TAP2,EIF3M,1,1
TAP2,ERI1,1,1
TAP2,FBXO45,1,1
TAP2,FEM1A,1,1
TAP2,FTSJ3,1,1
TAP2,GATA3,1,1
TAP2,GINS3,1,1
TAP2,ILF2,1,1
TAP2,KARS,1,1
TAP2,KIAA0586,1,1
TAP2,LBR,1,1
TAP2,LMNB2,1,1
TAP2,MAPK1IP1L,1,1
TAP2,MCM2,1,1
TAP2,MRPL39,1,1
TAP2,MT1X,1,1
TAP2,MYBL2,1,1
TAP2,NASP,1,1
TAP2,NIPAL1,1,1
TAP2,NKX3-1,1,1
TAP2,NUFIP1,1,1
TAP2,PAK1IP1,1,1
TAP2,PCGF6,1,1
TAP2,PMPCA,1,1
TAP2,PNN,1,1
TAP2,PRPF4,1,1
TAP2,PSMA3,1,1
TAP2,PSMC1,1,1
TAP2,PSMC3,1,1
TAP2,PSMC3IP,1,1
TAP2,PSMC6,1,1
TAP2,PSMD2,1,1
TAP2,RIOK1,1,1
TAP2,RRS1,1,1
TAP2,SACS,1,1
TAP2,SERBP1,1,1
TAP2,SET,1,1
TAP2,SNAPC1,1,1
TAP2,SPIN4,1,1
TAP2,SSRP1,1,1
TAP2,THBS1,1,1
TAP2,TIMM10,1,1
TAP2,TMA16,1,1
TAP2,TRMT10C,1,1
TAP2,TUBB4B,1,1
TAP2,UHRF1,1,1
TAP2,UTP4,1,1
TAP2,WRN,1,1
TAP2,XK,1,1
TAP2,ZNF180,1,1
TAP2,ZNF670,1,1
SCARB1,ALDH1A3,1,1
SCARB1,ARFIP2,1,1
SCARB1,ATG12,1,1
SCARB1,C14ORF142,1,1
SCARB1,C1ORF21,1,1
SCARB1,CEP250,1,1
SCARB1,DPM1,1,1
SCARB1,EMX2,1,1
SCARB1,FAM178B,1,1
SCARB1,G6PC3,1,1
SCARB1,GRHPR,1,1
SCARB1,GSTZ1,1,1
SCARB1,HHEX,1,1
SCARB1,LRRC40,1,1
SCARB1,METTL10,1,1
SCARB1,MOCS3,1,1
SCARB1,MRPS26,1,1
SCARB1,MYOF,1,1
SCARB1,NENF,1,1
SCARB1,NHSL1,1,1
SCARB1,NXT1,1,1
SCARB1,PKN2,1,1
SCARB1,PLEKHG4,1,1
SCARB1,PPA1,1,1
SCARB1,PRRG4,1,1
SCARB1,RAB4A,1,1
SCARB1,RBBP9,1,1
SCARB1,RICTOR,1,1
SCARB1,RNF113A,1,1
SCARB1,RNF114,1,1
SCARB1,RRP8,1,1
SCARB1,SEC23IP,1,1
SCARB1,SF3B6,1,1
SCARB1,SMARCD2,1,1
SCARB1,ST3GAL4,1,1
SCARB1,TMSB4X,1,1
SCARB1,TRIM44,1,1
SCARB1,TTC1,1,1
SCARB1,TTL,1,1
SCARB1,UBA6,1,1
SCARB1,UBQLN1,1,1
SCARB1,URGCP,1,1
SCARB1,VSIG10L,1,1
SCARB1,WDR46,1,1
SCARB1,XRN2,1,1
SCARB1,ZNF652,1,1
EXT1,ABT1,1,1
EXT1,AC093616.4,1,1
EXT1,ACD,1,1
EXT1,ACOX1,1,1
EXT1,AHI1,1,1
EXT1,ALDH1A3,1,1
EXT1,ANKRD33B,1,1
EXT1,ANXA3,1,1
EXT1,ARF4,1,1
EXT1,ARF5,1,1
EXT1,BCL2A1,1,1
EXT1,BMI1,1,1
EXT1,BTF3L4,1,1
EXT1,C12ORF75,1,1
EXT1,C14ORF142,1,1
EXT1,C19ORF47,1,1
EXT1,C1ORF21,1,1
EXT1,CCDC109B,1,1
EXT1,CCT5,1,1
EXT1,CDC123,1,1
EXT1,CDH2,1,1
EXT1,CDK4,1,1
EXT1,CEP250,1,1
EXT1,CKLF,1,1
EXT1,CKS1B,1,1
EXT1,CPT1A,1,1
EXT1,CSNK2B,1,1
EXT1,CSTF2,1,1
EXT1,CTNNAL1,1,1
EXT1,DDX18,1,1
EXT1,DDX21,1,1
EXT1,DDX39B,1,1
EXT1,DEK,1,1
EXT1,DHX35,1,1
EXT1,DNA2,1,1
EXT1,DPH2,1,1
EXT1,DPM1,1,1
EXT1,DUXAP9,1,1
EXT1,EIF6,1,1
EXT1,ENY2,1,1
EXT1,ERI1,1,1
EXT1,FAM60A,1,1
EXT1,FBXL6,1,1
EXT1,FBXO45,1,1
EXT1,FUBP1,1,1
EXT1,GABRA5,1,1
EXT1,GADD45A,1,1
EXT1,GART,1,1
EXT1,GLO1,1,1
EXT1,GLRX2,1,1
EXT1,GOLPH3L,1,1
EXT1,GRASP,1,1
EXT1,GRHPR,1,1
EXT1,HARS,1,1
EXT1,HEXIM2,1,1
EXT1,HHEX,1,1
EXT1,HRAS,1,1
EXT1,IFI44,1,1
EXT1,IQCJ-SCHIP1,1,1
EXT1,KIAA1429,1,1
EXT1,KMT5A,1,1
EXT1,KPNA3,1,1
EXT1,KTI12,1,1
EXT1,LARS,1,1
EXT1,LINC01296,1,1
EXT1,LRRC40,1,1
EXT1,MAGOH,1,1
EXT1,MED10,1,1
EXT1,MIER1,1,1
EXT1,MIPEP,1,1
EXT1,MMP24-AS1,1,1
EXT1,MOCS3,1,1
EXT1,MRPL33,1,1
EXT1,MRPS10,1,1
EXT1,MRPS14,1,1
EXT1,MRPS26,1,1
EXT1,MRPS27,1,1
EXT1,MYOF,1,1
EXT1,MYSM1,1,1
EXT1,MZT1,1,1
EXT1,NAA15,1,1
EXT1,NAGLU,1,1
EXT1,NANP,1,1
EXT1,NDUFA1,1,1
EXT1,NELFE,1,1
EXT1,NENF,1,1
EXT1,NOLC1,1,1
EXT1,NPEPPS,1,1
EXT1,NPM3,1,1
EXT1,NTHL1,1,1
EXT1,NUDCD1,1,1
EXT1,NUP107,1,1
EXT1,NUP58,1,1
EXT1,NXT1,1,1
EXT1,OSBPL11,1,1
EXT1,PAFAH2,1,1
EXT1,PAK1IP1,1,1
EXT1,PCLO,1,1
EXT1,PDE12,1,1
EXT1,PDF,1,1
EXT1,PDSS1,1,1
EXT1,PER2,1,1
EXT1,PFDN2,1,1
EXT1,PGGT1B,1,1
EXT1,PHIP,1,1
EXT1,PJA1,1,1
EXT1,PLEKHA8,1,1
EXT1,PLS1,1,1
EXT1,POLR2D,1,1
EXT1,PPM1G,1,1
EXT1,PPP2CA,1,1
EXT1,PRKCDBP,1,1
EXT1,PRMT1,1,1
EXT1,PSMC3,1,1
EXT1,PSMC4,1,1
EXT1,PSMD2,1,1
EXT1,PTPRJ,1,1
EXT1,PUS7L,1,1
EXT1,RAB7A,1,1
EXT1,RARS,1,1
EXT1,RNASEK,1,1
EXT1,RNF113A,1,1
EXT1,RNF114,1,1
EXT1,RNF168,1,1
EXT1,RP11-529K1.3,1,1
EXT1,RPF1,1,1
EXT1,RPL6,1,1
EXT1,RPS21,1,1
EXT1,RRAS2,1,1
EXT1,RRP12,1,1
EXT1,SAPCD2,1,1
EXT1,SERBP1,1,1
EXT1,SF3B6,1,1
EXT1,SH2D5,1,1
EXT1,SLC11A2,1,1
EXT1,SLC25A43,1,1
EXT1,SLC25A51,1,1
EXT1,SMIM13,1,1
EXT1,SMNDC1,1,1
EXT1,SNAPC3,1,1
EXT1,SNRPE,1,1
EXT1,SRP19,1,1
EXT1,SRP72,1,1
EXT1,SRPK1,1,1
EXT1,ST3GAL6,1,1
EXT1,SVIP,1,1
EXT1,TATDN1,1,1
EXT1,TFAM,1,1
EXT1,TIMM23,1,1
EXT1,TMEM123,1,1
EXT1,TMEM14B,1,1
EXT1,TOP3A,1,1
EXT1,TPM3,1,1
EXT1,TPRKB,1,1
EXT1,TRIP13,1,1
EXT1,TRPM2,1,1
EXT1,TRUB1,1,1
EXT1,TSSC4,1,1
EXT1,TTC28,1,1
EXT1,TXN,1,1
EXT1,UBA6,1,1
EXT1,UBE2J2,1,1
EXT1,UBE2T,1,1
EXT1,UBE2V1,1,1
EXT1,UCHL5,1,1
EXT1,UGT8,1,1
EXT1,UHMK1,1,1
EXT1,USP1,1,1
EXT1,USP28,1,1
EXT1,WDR46,1,1
EXT1,WWC1,1,1
EXT1,ZNF195,1,1
EXT1,ZNF281,1,1
EXT1,ZNF473,1,1
EXT1,ZNF655,1,1
EXT1,ZRANB2,1,1
EXT1,ZWILCH,1,1
EIF5,ACSL4,1,1
EIF5,ADAM9,1,1
EIF5,ADAMTS1,1,1
EIF5,ARL5A,1,1
EIF5,BRIX1,1,1
EIF5,C12ORF29,1,1
EIF5,CCDC59,1,1
EIF5,CCT8,1,1
EIF5,CPSF6,1,1
EIF5,CTDSPL2,1,1
EIF5,CWC27,1,1
EIF5,DAZAP1,1,1
EIF5,DDX28,1,1
EIF5,DIMT1,1,1
EIF5,DPY19L2P1,1,1
EIF5,DUSP12,1,1
EIF5,EIF2S3,1,1
EIF5,ELAVL1,1,1
EIF5,FAM136A,1,1
EIF5,FKBP3,1,1
EIF5,GHDC,1,1
EIF5,GMFB,1,1
EIF5,GSTK1,1,1
EIF5,ID1,1,1
EIF5,IGF2BP1,1,1
EIF5,IPO4,1,1
EIF5,KIAA0319L,1,1
EIF5,KIAA1586,1,1
EIF5,LAPTM4A,1,1
EIF5,LURAP1,1,1
EIF5,MAK16,1,1
EIF5,MAP4K5,1,1
EIF5,MRPL50,1,1
EIF5,MYNN,1,1
EIF5,NEK7,1,1
EIF5,PM20D2,1,1
EIF5,PRPF40A,1,1
EIF5,PSMC6,1,1
EIF5,RFK,1,1
EIF5,RLIM,1,1
EIF5,SKIL,1,1
EIF5,SNAPC1,1,1
EIF5,TANGO2,1,1
EIF5,TROVE2,1,1
EIF5,VRK3,1,1
EIF5,ZNF215,1,1
EIF5,ZNF639,1,1
EIF5,ZNF670,1,1
EIF5,ZNF678,1,1
C10ORF2,ABT1,1,1
C10ORF2,C14ORF142,1,1
C10ORF2,CDC123,1,1
C10ORF2,DDX39B,1,1
C10ORF2,DHX16,1,1
C10ORF2,EDRF1,1,1
C10ORF2,ERCC3,1,1
C10ORF2,GSK3A,1,1
C10ORF2,HARS,1,1
C10ORF2,HERPUD2,1,1
C10ORF2,MAGOH,1,1
C10ORF2,MCRS1,1,1
C10ORF2,MED29,1,1
C10ORF2,MRPS26,1,1
C10ORF2,NAF1,1,1
C10ORF2,NR2F2,1,1
C10ORF2,NUP188,1,1
C10ORF2,PDF,1,1
C10ORF2,PLAGL2,1,1
C10ORF2,POLR2D,1,1
C10ORF2,PPRC1,1,1
C10ORF2,RBMXL1,1,1
C10ORF2,RPF1,1,1
C10ORF2,SAPCD2,1,1
C10ORF2,TIMM23,1,1
C10ORF2,TSSC4,1,1
C10ORF2,URB1,1,1
C10ORF2,ZBTB9,1,1
C10ORF2,ZNF232,1,1
C10ORF2,ZNF696,1,1
EMX2,ADPRH,1,1
EMX2,ALDH1A3,1,1
EMX2,ANXA3,1,1
EMX2,AP1M1,1,1
EMX2,AP3S1,1,1
EMX2,ARFIP2,1,1
EMX2,ASPHD2,1,1
EMX2,ATG12,1,1
EMX2,C14ORF142,1,1
EMX2,C1ORF21,1,1
EMX2,C5ORF42,1,1
EMX2,CEP250,1,1
EMX2,CKLF,1,1
EMX2,CNTROB,1,1
EMX2,CYB5B,1,1
EMX2,DPM1,1,1
EMX2,EIF3F,1,1
EMX2,EIF3H,1,1
EMX2,FAM178B,1,1
EMX2,GRASP,1,1
EMX2,GTF2H2B,1,1
EMX2,HHEX,1,1
EMX2,HLA-DQA1,1,1
EMX2,ITPA,1,1
EMX2,LARS,1,1
EMX2,LINC00493,1,1
EMX2,LRRC40,1,1
EMX2,METTL10,1,1
EMX2,MOCS3,1,1
EMX2,MRPS10,1,1
EMX2,MRPS16,1,1
EMX2,MRPS26,1,1
EMX2,MYOF,1,1
EMX2,NANP,1,1
EMX2,NPEPPS,1,1
EMX2,NRM,1,1
EMX2,NTHL1,1,1
EMX2,NXT1,1,1
EMX2,PCLO,1,1
EMX2,PGGT1B,1,1
EMX2,PKN2,1,1
EMX2,PLEKHG4,1,1
EMX2,PPA1,1,1
EMX2,PRRG4,1,1
EMX2,PTPRJ,1,1
EMX2,RAB4A,1,1
EMX2,RAB7A,1,1
EMX2,RBBP9,1,1
EMX2,RICTOR,1,1
EMX2,RNF113A,1,1
EMX2,RNF114,1,1
EMX2,RPF1,1,1
EMX2,RPS13,1,1
EMX2,RRP8,1,1
EMX2,SF3B6,1,1
EMX2,SMARCD2,1,1
EMX2,SNAPC3,1,1
EMX2,ST3GAL4,1,1
EMX2,TENM3,1,1
EMX2,TMSB4X,1,1
EMX2,TRIM44,1,1
EMX2,TTL,1,1
EMX2,TXN,1,1
EMX2,UBA6,1,1
EMX2,UBE2J2,1,1
EMX2,URGCP,1,1
EMX2,WDR46,1,1
EMX2,XRN2,1,1
EMX2,ZRANB2,1,1
SNUPN,ISY1,1,1
SNUPN,KIAA0586,1,1
SNUPN,NAP1L1,1,1
SNUPN,UBE2N,1,1
SNUPN,WDR18,1,1
P2RX4,ACACB,1,1
P2RX4,AHI1,1,1
P2RX4,ANXA1,1,1
P2RX4,ANXA4,1,1
P2RX4,BCL2A1,1,1
P2RX4,BTF3L4,1,1
P2RX4,CBR4,1,1
P2RX4,CCT5,1,1
P2RX4,CDC73,1,1
P2RX4,CDH2,1,1
P2RX4,CDK7,1,1
P2RX4,CHTOP,1,1
P2RX4,CIAO1,1,1
P2RX4,CMPK1,1,1
P2RX4,CNOT3,1,1
P2RX4,COPS5,1,1
P2RX4,CPT1A,1,1
P2RX4,CYP27A1,1,1
P2RX4,DHRS7B,1,1
P2RX4,EIF3M,1,1
P2RX4,ELAVL1,1,1
P2RX4,ELK3,1,1
P2RX4,ELOVL1,1,1
P2RX4,EP400,1,1
P2RX4,FARSA,1,1
P2RX4,FBXL6,1,1
P2RX4,FTSJ1,1,1
P2RX4,FTSJ3,1,1
P2RX4,GART,1,1
P2RX4,GEMIN7,1,1
P2RX4,GHDC,1,1
P2RX4,GLRX2,1,1
P2RX4,GOLPH3L,1,1
P2RX4,HMGCL,1,1
P2RX4,HPS3,1,1
P2RX4,HS1BP3,1,1
P2RX4,KIAA0319L,1,1
P2RX4,KRT18,1,1
P2RX4,LAPTM4A,1,1
P2RX4,LARGE1,1,1
P2RX4,LINC01296,1,1
P2RX4,LLPH,1,1
P2RX4,LMNB2,1,1
P2RX4,LURAP1,1,1
P2RX4,MAK16,1,1
P2RX4,MAP4K5,1,1
P2RX4,PDE12,1,1
P2RX4,PFDN2,1,1
P2RX4,PLAUR,1,1
P2RX4,PLEKHH1,1,1
P2RX4,PMM1,1,1
P2RX4,POLR2H,1,1
P2RX4,POLR3E,1,1
P2RX4,PPCS,1,1
P2RX4,PRKCDBP,1,1
P2RX4,PRKCI,1,1
P2RX4,PRMT1,1,1
P2RX4,PRPF4,1,1
P2RX4,PSMC1,1,1
P2RX4,PSMC4,1,1
P2RX4,PSMC5,1,1
P2RX4,QSER1,1,1
P2RX4,RIN1,1,1
P2RX4,RRP12,1,1
P2RX4,SACS,1,1
P2RX4,SCPEP1,1,1
P2RX4,SEPT9,1,1
P2RX4,SIX1,1,1
P2RX4,SLC11A2,1,1
P2RX4,SMARCD1,1,1
P2RX4,SMN1,1,1
P2RX4,SPIN4,1,1
P2RX4,SRP19,1,1
P2RX4,STXBP1,1,1
P2RX4,TANGO2,1,1
P2RX4,TARS,1,1
P2RX4,TFB2M,1,1
P2RX4,TIMM17A,1,1
P2RX4,TMCO1,1,1
P2RX4,TMEM126A,1,1
P2RX4,TNFRSF12A,1,1
P2RX4,TROVE2,1,1
P2RX4,TUBB3,1,1
P2RX4,UGT8,1,1
P2RX4,UHMK1,1,1
P2RX4,UTP23,1,1
P2RX4,VAT1,1,1
P2RX4,VMA21,1,1
P2RX4,WDR74,1,1
SNAPC3,ACOX1,1,1
SNAPC3,ANXA3,1,1
SNAPC3,ARFIP2,1,1
SNAPC3,BMI1,1,1
SNAPC3,C12ORF75,1,1
SNAPC3,C14ORF142,1,1
SNAPC3,C1ORF21,1,1
SNAPC3,C5ORF42,1,1
SNAPC3,CDK4,1,1
SNAPC3,DCAF6,1,1
SNAPC3,DDX39B,1,1
SNAPC3,DPM1,1,1
SNAPC3,ENY2,1,1
SNAPC3,FUBP1,1,1
SNAPC3,GRASP,1,1
SNAPC3,HARS,1,1
SNAPC3,HERPUD2,1,1
SNAPC3,HEXIM2,1,1
SNAPC3,HHEX,1,1
SNAPC3,HRAS,1,1
SNAPC3,ITPA,1,1
SNAPC3,LRRC40,1,1
SNAPC3,MOCS3,1,1
SNAPC3,MRPS14,1,1
SNAPC3,MRPS26,1,1
SNAPC3,MRPS27,1,1
SNAPC3,MYOF,1,1
SNAPC3,NDUFA1,1,1
SNAPC3,NPEPPS,1,1
SNAPC3,NPM3,1,1
SNAPC3,NTHL1,1,1
SNAPC3,NXT1,1,1
SNAPC3,PAFAH2,1,1
SNAPC3,PER2,1,1
SNAPC3,PJA1,1,1
SNAPC3,POLR2D,1,1
SNAPC3,PPA1,1,1
SNAPC3,PTPRJ,1,1
SNAPC3,RAB4A,1,1
SNAPC3,RAB7A,1,1
SNAPC3,RNF113A,1,1
SNAPC3,RNF114,1,1
SNAPC3,RPL6,1,1
SNAPC3,SLC35D1,1,1
SNAPC3,ST3GAL4,1,1
SNAPC3,STAMBPL1,1,1
SNAPC3,TOB1,1,1
SNAPC3,TXN,1,1
SNAPC3,UBA6,1,1
SNAPC3,UBE2J2,1,1
SNAPC3,UBE2V1,1,1
SNAPC3,URGCP,1,1
SNAPC3,USP28,1,1
SNAPC3,WDR46,1,1
SNAPC3,ZNF652,1,1
ZNF180,ADNP2,1,1
ZNF180,AKAP8,1,1
ZNF180,ANP32E,1,1
ZNF180,BRIX1,1,1
ZNF180,CAPRIN1,1,1
ZNF180,CCP110,1,1
ZNF180,CHORDC1,1,1
ZNF180,CNOT7,1,1
ZNF180,CTDSPL2,1,1
ZNF180,DDX21,1,1
ZNF180,DDX28,1,1
ZNF180,DEK,1,1
ZNF180,DIMT1,1,1
ZNF180,EIF2S1,1,1
ZNF180,EIF3M,1,1
ZNF180,ERI1,1,1
ZNF180,FBXO45,1,1
ZNF180,FEM1A,1,1
ZNF180,GINS3,1,1
ZNF180,GLRX2,1,1
ZNF180,GPATCH4,1,1
ZNF180,GTF3C4,1,1
ZNF180,HCFC1,1,1
ZNF180,HNRNPU,1,1
ZNF180,KIAA1586,1,1
ZNF180,LBR,1,1
ZNF180,MAPK1IP1L,1,1
ZNF180,MRPL39,1,1
ZNF180,NKX3-1,1,1
ZNF180,NUFIP1,1,1
ZNF180,PAK1IP1,1,1
ZNF180,PCGF6,1,1
ZNF180,POLE3,1,1
ZNF180,POLR3C,1,1
ZNF180,PSMC3,1,1
ZNF180,PSMC3IP,1,1
ZNF180,PSMC6,1,1
ZNF180,PTS,1,1
ZNF180,RAB35,1,1
ZNF180,RIOK1,1,1
ZNF180,RRS1,1,1
ZNF180,SACS,1,1
ZNF180,SERBP1,1,1
ZNF180,SET,1,1
ZNF180,SREK1IP1,1,1
ZNF180,SRP72,1,1
ZNF180,SRPK1,1,1
ZNF180,SRSF3,1,1
ZNF180,SSRP1,1,1
ZNF180,SYNCRIP,1,1
ZNF180,TIMM10,1,1
ZNF180,TRIP13,1,1
ZNF180,TRMT10C,1,1
ZNF180,UHRF1,1,1
ZNF180,USP1,1,1
ZNF180,ZNF670,1,1
SIRT7,GPAT3,1,1
SIRT7,NDUFA1,1,1
CHTOP,ABCE1,1,1
CHTOP,DDX18,1,1
CHTOP,ERVK3-1,1,1
CHTOP,GLRX2,1,1
CHTOP,HNRNPU,1,1
CHTOP,LMNB2,1,1
CHTOP,MMP24-AS1,1,1
CHTOP,NAA15,1,1
CHTOP,NOLC1,1,1
CHTOP,PAK1IP1,1,1
CHTOP,PTS,1,1
CHTOP,RRP12,1,1
CHTOP,SRSF1,1,1
CHTOP,SRSF3,1,1
CHTOP,SRSF7,1,1
CHTOP,SYNCRIP,1,1
CHTOP,TFB2M,1,1
CHTOP,TRMT61A,1,1
CHTOP,UTP23,1,1
WDR13,ABCE1,1,1
WDR13,ABHD14B,1,1
WDR13,ACTN1,1,1
WDR13,BZW1,1,1
WDR13,CBFB,1,1
WDR13,CBWD3,1,1
WDR13,CBY1,1,1
WDR13,CCDC112,1,1
WDR13,CCDC138,1,1
WDR13,CCT2,1,1
WDR13,CHAC2,1,1
WDR13,CLINT1,1,1
WDR13,CPSF6,1,1
WDR13,CRLF3,1,1
WDR13,CYB5D2,1,1
WDR13,DCAF13,1,1
WDR13,DDX18,1,1
WDR13,DEPDC1B,1,1
WDR13,DIAPH1,1,1
WDR13,EIF2B1,1,1
WDR13,ESCO2,1,1
WDR13,FAM189A2,1,1
WDR13,FAM234A,1,1
WDR13,GLRX2,1,1
WDR13,GMEB2,1,1
WDR13,GRWD1,1,1
WDR13,IPO11,1,1
WDR13,KHDRBS1,1,1
WDR13,KIF14,1,1
WDR13,KLF15,1,1
WDR13,KLHL8,1,1
WDR13,L2HGDH,1,1
WDR13,LARP4,1,1
WDR13,MEGF8,1,1
WDR13,MLKL,1,1
WDR13,MRPL47,1,1
WDR13,MRPL9,1,1
WDR13,MTFR1L,1,1
WDR13,NAGLU,1,1
WDR13,NMI,1,1
WDR13,OTUD6B,1,1
WDR13,PGAM5,1,1
WDR13,PKNOX1,1,1
WDR13,PPP2CA,1,1
WDR13,PRIM2,1,1
WDR13,PSME4,1,1
WDR13,RAD23B,1,1
WDR13,RFC3,1,1
WDR13,RMI1,1,1
WDR13,RNASEK,1,1
WDR13,RNF126,1,1
WDR13,SART3,1,1
WDR13,SBNO1,1,1
WDR13,SCYL3,1,1
WDR13,SKIV2L2,1,1
WDR13,SMAGP,1,1
WDR13,SMIM15,1,1
WDR13,SNRNP200,1,1
WDR13,SNRPG,1,1
WDR13,SNX5,1,1
WDR13,TDRP,1,1
WDR13,TFB2M,1,1
WDR13,TMEM205,1,1
WDR13,TMEM63B,1,1
WDR13,TPM3,1,1
WDR13,TPRKB,1,1
WDR13,TTC4,1,1
WDR13,TUBA1C,1,1
WDR13,UBA2,1,1
WDR13,UCHL5,1,1
WDR13,UHRF1BP1L,1,1
WDR13,VBP1,1,1
WDR13,WBP2,1,1
WDR13,WWC1,1,1
WDR13,ZNF695,1,1
SRSF7,ABCE1,1,1
SRSF7,BZW1,1,1
SRSF7,CCT2,1,1
SRSF7,CHAC2,1,1
SRSF7,DDX18,1,1
SRSF7,ESCO2,1,1
SRSF7,GRWD1,1,1
SRSF7,HNRNPH1,1,1
SRSF7,KIAA0101,1,1
SRSF7,NOLC1,1,1
SRSF7,OTUD6B,1,1
SRSF7,PGAM5,1,1
SRSF7,PRPS2,1,1
SRSF7,SGTA,1,1
SRSF7,SMAGP,1,1
SRSF7,SRSF1,1,1
SRSF7,SRSF3,1,1
SRSF7,TFB2M,1,1
SRSF7,TMEM205,1,1
SRSF7,TUBA1C,1,1
PER2,ACD,1,1
PER2,ACOX1,1,1
PER2,ACTN1,1,1
PER2,AHI1,1,1
PER2,ALDH18A1,1,1
PER2,ANKRD33B,1,1
PER2,ARF4,1,1
PER2,ARF5,1,1
PER2,BCCIP,1,1
PER2,BMI1,1,1
PER2,C12ORF75,1,1
PER2,C14ORF142,1,1
PER2,C19ORF47,1,1
PER2,C1ORF21,1,1
PER2,CDC123,1,1
PER2,CDK4,1,1
PER2,CKLF,1,1
PER2,CKS1B,1,1
PER2,CSTF2,1,1
PER2,CTNNAL1,1,1
PER2,CWC22,1,1
PER2,CYB5B,1,1
PER2,DCAF13,1,1
PER2,DDX18,1,1
PER2,DDX31,1,1
PER2,DDX39B,1,1
PER2,DEK,1,1
PER2,DNA2,1,1
PER2,DPH2,1,1
PER2,DPM1,1,1
PER2,DUXAP9,1,1
PER2,EIF6,1,1
PER2,ENY2,1,1
PER2,EPS8L1,1,1
PER2,FAM60A,1,1
PER2,FUBP1,1,1
PER2,GALT,1,1
PER2,GART,1,1
PER2,GFER,1,1
PER2,GLO1,1,1
PER2,GLRX2,1,1
PER2,GOLPH3L,1,1
PER2,GPBP1L1,1,1
PER2,GRASP,1,1
PER2,GRHPR,1,1
PER2,HARS,1,1
PER2,HEXIM2,1,1
PER2,HHEX,1,1
PER2,HOXB2,1,1
PER2,HRAS,1,1
PER2,IQCJ-SCHIP1,1,1
PER2,KHDRBS1,1,1
PER2,KIAA1429,1,1
PER2,KMT5A,1,1
PER2,KPNA3,1,1
PER2,KTI12,1,1
PER2,LARS,1,1
PER2,LINC01296,1,1
PER2,LMNB1,1,1
PER2,LRRC40,1,1
PER2,MAGOH,1,1
PER2,MED10,1,1
PER2,MMP24-AS1,1,1
PER2,MOCS3,1,1
PER2,MRPL22,1,1
PER2,MRPS10,1,1
PER2,MRPS14,1,1
PER2,MRPS26,1,1
PER2,MRPS27,1,1
PER2,MYOF,1,1
PER2,MYSM1,1,1
PER2,MZT1,1,1
PER2,NAA15,1,1
PER2,NAGLU,1,1
PER2,NANP,1,1
PER2,NDUFA1,1,1
PER2,NENF,1,1
PER2,NOLC1,1,1
PER2,NPEPPS,1,1
PER2,NPM3,1,1
PER2,NTHL1,1,1
PER2,NUDCD1,1,1
PER2,NUP107,1,1
PER2,NUP58,1,1
PER2,NXT1,1,1
PER2,ORC2,1,1
PER2,OSBPL11,1,1
PER2,PAFAH2,1,1
PER2,PAK1IP1,1,1
PER2,PDE12,1,1
PER2,PDF,1,1
PER2,PDRG1,1,1
PER2,PDSS1,1,1
PER2,PFDN2,1,1
PER2,PFN1,1,1
PER2,PGGT1B,1,1
PER2,PHIP,1,1
PER2,PLS1,1,1
PER2,POLR2D,1,1
PER2,PPIH,1,1
PER2,PPM1G,1,1
PER2,PPP2CA,1,1
PER2,PRELID1,1,1
PER2,PRIM2,1,1
PER2,PRMT1,1,1
PER2,PSMC4,1,1
PER2,PTPRJ,1,1
PER2,PUS7L,1,1
PER2,RARS,1,1
PER2,RNASEK,1,1
PER2,RNF114,1,1
PER2,RP11-529K1.3,1,1
PER2,RRP12,1,1
PER2,RRP36,1,1
PER2,SAPCD2,1,1
PER2,SART3,1,1
PER2,SCYL3,1,1
PER2,SERBP1,1,1
PER2,SH2D5,1,1
PER2,SKIV2L2,1,1
PER2,SLC35D1,1,1
PER2,SMIM13,1,1
PER2,SMNDC1,1,1
PER2,SNRNP200,1,1
PER2,SNRPC,1,1
PER2,SNRPE,1,1
PER2,SRP19,1,1
PER2,SRP72,1,1
PER2,SRPK1,1,1
PER2,ST3GAL6,1,1
PER2,STAMBPL1,1,1
PER2,SVIP,1,1
PER2,TAF2,1,1
PER2,TATDN1,1,1
PER2,TFAM,1,1
PER2,TFB2M,1,1
PER2,TMEM14B,1,1
PER2,TOP3A,1,1
PER2,TPM3,1,1
PER2,TPRKB,1,1
PER2,TRIP13,1,1
PER2,TRPM2,1,1
PER2,TRUB1,1,1
PER2,TSSC4,1,1
PER2,TTC28,1,1
PER2,UBA6,1,1
PER2,UBE2C,1,1
PER2,UBE2J2,1,1
PER2,UBE2T,1,1
PER2,UBE2V1,1,1
PER2,UCHL5,1,1
PER2,UHMK1,1,1
PER2,UHRF1BP1L,1,1
PER2,USP1,1,1
PER2,WDR46,1,1
PER2,WWC1,1,1
PER2,XRN2,1,1
PER2,ZBTB37,1,1
PER2,ZNF281,1,1
PER2,ZNF473,1,1
PER2,ZNF655,1,1
PER2,ZRANB2,1,1
PER2,ZW10,1,1
PER2,ZWILCH,1,1
CWF19L1,DCAF6,1,1
CWF19L1,LRRC37A4P,1,1
CWF19L1,MIS12,1,1
CWF19L1,MKRN1,1,1
CWF19L1,NDUFC2,1,1
CWF19L1,PLEKHG4,1,1
CWF19L1,SUGT1,1,1
GRAMD3,ACTN1,1,1
GRAMD3,EAF1,1,1
GRAMD3,EIF2B1,1,1
GRAMD3,FAM234A,1,1
GRAMD3,FAM60A,1,1
GRAMD3,KLHL8,1,1
GRAMD3,LINC01296,1,1
GRAMD3,LLPH,1,1
GRAMD3,NCBP1,1,1
GRAMD3,PGAM5,1,1
GRAMD3,PPM1G,1,1
GRAMD3,PRMT1,1,1
GRAMD3,PSMC4,1,1
GRAMD3,SMIM13,1,1
GRAMD3,TUBB3,1,1
GRAMD3,ZNF473,1,1
TTL,AC093616.4,1,1
TTL,ALDH1A3,1,1
TTL,AP1M1,1,1
TTL,ARFIP2,1,1
TTL,BAG6,1,1
TTL,C14ORF142,1,1
TTL,C1ORF21,1,1
TTL,CAV2,1,1
TTL,CDK4,1,1
TTL,CEP120,1,1
TTL,DNAJC5,1,1
TTL,DPM1,1,1
TTL,ERMARD,1,1
TTL,FAM178B,1,1
TTL,GPAT3,1,1
TTL,GRASP,1,1
TTL,GRHPR,1,1
TTL,HEXIM2,1,1
TTL,HHEX,1,1
TTL,ITPA,1,1
TTL,LARS,1,1
TTL,LRRC40,1,1
TTL,METTL10,1,1
TTL,MOCS3,1,1
TTL,MRPL33,1,1
TTL,MRPS10,1,1
TTL,MYOF,1,1
TTL,NENF,1,1
TTL,NPEPPS,1,1
TTL,NUP58,1,1
TTL,NXT1,1,1
TTL,OSBPL11,1,1
TTL,PAN2,1,1
TTL,PCYOX1L,1,1
TTL,PKN2,1,1
TTL,PRRG4,1,1
TTL,RNF114,1,1
TTL,RP11-529K1.3,1,1
TTL,SF3B6,1,1
TTL,ST3GAL4,1,1
TTL,TENM3,1,1
TTL,TMSB4X,1,1
TTL,TRIM44,1,1
TTL,TTC1,1,1
TTL,UBA6,1,1
TTL,UBE2J2,1,1
TTL,UBE2V1,1,1
TTL,UBQLN1,1,1
TTL,WDR46,1,1
TTL,XRN2,1,1
TTL,ZBTB37,1,1
TTL,ZDHHC20,1,1
TTL,ZRANB2,1,1
PAN2,CDK5RAP3,1,1
PAN2,ERMARD,1,1
PAN2,MAPK8IP3,1,1
PAN2,PCYOX1L,1,1
PAN2,TTC1,1,1
PAN2,XRN2,1,1
PAN2,ZDHHC20,1,1
CMTM7,ANXA1,1,1
CMTM7,BTF3L4,1,1
CMTM7,C14ORF159,1,1
CMTM7,CDC73,1,1
CMTM7,CDH2,1,1
CMTM7,CLIC1,1,1
CMTM7,DUSP10,1,1
CMTM7,DUXAP9,1,1
CMTM7,FRMD5,1,1
CMTM7,FSD1,1,1
CMTM7,GADD45A,1,1
CMTM7,GNE,1,1
CMTM7,GOLPH3L,1,1
CMTM7,HTR7,1,1
CMTM7,LINC01296,1,1
CMTM7,NOSIP,1,1
CMTM7,PATJ,1,1
CMTM7,PRKCDBP,1,1
CMTM7,PSMC4,1,1
CMTM7,RPS21,1,1
CMTM7,RPS26,1,1
CMTM7,RRAS2,1,1
CMTM7,SLC11A2,1,1
CMTM7,SLC25A43,1,1
CMTM7,SLC25A51,1,1
CMTM7,SLC2A4RG,1,1
CMTM7,SLC39A1,1,1
CMTM7,ST3GAL6,1,1
CMTM7,TIMM17B,1,1
CMTM7,TMEM123,1,1
CMTM7,UGT8,1,1
CMTM7,WDR54,1,1
CMTM7,ZNF365,1,1
HNRNPD,ABHD5,1,1
HNRNPD,ABT1,1,1
HNRNPD,BORA,1,1
HNRNPD,C12ORF75,1,1
HNRNPD,C4ORF46,1,1
HNRNPD,CASC5,1,1
HNRNPD,CDC123,1,1
HNRNPD,CDCA5,1,1
HNRNPD,CENPJ,1,1
HNRNPD,CTNNAL1,1,1
HNRNPD,DDX21,1,1
HNRNPD,DEK,1,1
HNRNPD,DKK 1.00,1,1
HNRNPD,DNA2,1,1
HNRNPD,DUT,1,1
HNRNPD,EIF4E2,1,1
HNRNPD,ENY2,1,1
HNRNPD,ERI1,1,1
HNRNPD,FBXO45,1,1
HNRNPD,FUBP1,1,1
HNRNPD,GINS3,1,1
HNRNPD,GTF3C4,1,1
HNRNPD,HARS,1,1
HNRNPD,HAUS2,1,1
HNRNPD,HMGB2,1,1
HNRNPD,HMGN1,1,1
HNRNPD,KPNA3,1,1
HNRNPD,MAGOH,1,1
HNRNPD,MASTL,1,1
HNRNPD,MCM10,1,1
HNRNPD,MCM2,1,1
HNRNPD,MED10,1,1
HNRNPD,MIS18A,1,1
HNRNPD,MRPL1,1,1
HNRNPD,NAA20,1,1
HNRNPD,NAF1,1,1
HNRNPD,NSMCE4A,1,1
HNRNPD,NUFIP1,1,1
HNRNPD,NUP107,1,1
HNRNPD,NUP188,1,1
HNRNPD,PAK1IP1,1,1
HNRNPD,PDSS1,1,1
HNRNPD,PLK4,1,1
HNRNPD,POLE3,1,1
HNRNPD,POLR2D,1,1
HNRNPD,PPRC1,1,1
HNRNPD,PSMC3IP,1,1
HNRNPD,PSMD2,1,1
HNRNPD,RAB35,1,1
HNRNPD,RAD1,1,1
HNRNPD,RARS,1,1
HNRNPD,RBMXL1,1,1
HNRNPD,RIOK1,1,1
HNRNPD,RP11-424C20.2,1,1
HNRNPD,RP11-673C5.1,1,1
HNRNPD,RRS1,1,1
HNRNPD,SAPCD2,1,1
HNRNPD,SKA3,1,1
HNRNPD,SMNDC1,1,1
HNRNPD,SPRYD7,1,1
HNRNPD,SRP72,1,1
HNRNPD,SRPK1,1,1
HNRNPD,SUPV3L1,1,1
HNRNPD,TAF5,1,1
HNRNPD,TFAM,1,1
HNRNPD,TIMM23,1,1
HNRNPD,TMEM14B,1,1
HNRNPD,TRIP13,1,1
HNRNPD,TRMT10C,1,1
HNRNPD,TUBB4B,1,1
HNRNPD,TYW3,1,1
HNRNPD,UHRF1,1,1
HNRNPD,URB1,1,1
HNRNPD,USP1,1,1
HNRNPD,VRK1,1,1
HNRNPD,ZW10,1,1
WBP2,ABCE1,1,1
WBP2,AC009237.8,1,1
WBP2,ACOX1,1,1
WBP2,ACTN1,1,1
WBP2,AHCTF1,1,1
WBP2,ARF4,1,1
WBP2,ARF5,1,1
WBP2,BRIX1,1,1
WBP2,BZW1,1,1
WBP2,C19ORF66,1,1
WBP2,CBFB,1,1
WBP2,CBY1,1,1
WBP2,CCDC112,1,1
WBP2,CCT2,1,1
WBP2,CHRNA5,1,1
WBP2,CLINT1,1,1
WBP2,CMPK1,1,1
WBP2,CPSF6,1,1
WBP2,CRLF3,1,1
WBP2,CSTF2,1,1
WBP2,CYB5D2,1,1
WBP2,DDX18,1,1
WBP2,DIAPH1,1,1
WBP2,DUSP12,1,1
WBP2,DUXAP9,1,1
WBP2,EIF2B1,1,1
WBP2,ELAVL1,1,1
WBP2,ELOVL1,1,1
WBP2,ERVK3-1,1,1
WBP2,FAM189A2,1,1
WBP2,FAM234A,1,1
WBP2,GALT,1,1
WBP2,GHDC,1,1
WBP2,GLRX2,1,1
WBP2,GMEB2,1,1
WBP2,GMFB,1,1
WBP2,GRWD1,1,1
WBP2,GTF2H3,1,1
WBP2,HNRNPU,1,1
WBP2,IRAK1,1,1
WBP2,KIF14,1,1
WBP2,KLF15,1,1
WBP2,KLHL8,1,1
WBP2,LARP4,1,1
WBP2,LBR,1,1
WBP2,LURAP1,1,1
WBP2,MEGF8,1,1
WBP2,MLKL,1,1
WBP2,MRPL47,1,1
WBP2,MTFR1L,1,1
WBP2,NAA15,1,1
WBP2,NAGLU,1,1
WBP2,NCBP1,1,1
WBP2,NMI,1,1
WBP2,NOLC1,1,1
WBP2,PGAM5,1,1
WBP2,PHIP,1,1
WBP2,PKNOX1,1,1
WBP2,POLR1B,1,1
WBP2,PPM1G,1,1
WBP2,PPP2CA,1,1
WBP2,PRIM2,1,1
WBP2,PRKCI,1,1
WBP2,PRMT1,1,1
WBP2,PSMC4,1,1
WBP2,PSMC5,1,1
WBP2,PSME4,1,1
WBP2,RAD23B,1,1
WBP2,RELT,1,1
WBP2,RMI1,1,1
WBP2,RNASEK,1,1
WBP2,RNF126,1,1
WBP2,RP11-529K1.3,1,1
WBP2,RRP36,1,1
WBP2,SART3,1,1
WBP2,SCHIP1,1,1
WBP2,SCYL3,1,1
WBP2,SGSM3,1,1
WBP2,SGTA,1,1
WBP2,SKIV2L2,1,1
WBP2,SMAGP,1,1
WBP2,SMIM13,1,1
WBP2,SMIM15,1,1
WBP2,SNRNP200,1,1
WBP2,SOX10,1,1
WBP2,SRP19,1,1
WBP2,SRSF1,1,1
WBP2,SYNCRIP,1,1
WBP2,TDRP,1,1
WBP2,TERF1,1,1
WBP2,TFB2M,1,1
WBP2,TMEM69,1,1
WBP2,TPM3,1,1
WBP2,TPRKB,1,1
WBP2,TTC4,1,1
WBP2,UBE2C,1,1
WBP2,UCHL5,1,1
WBP2,UTP23,1,1
WBP2,VBP1,1,1
WBP2,VMA21,1,1
WBP2,XPOT,1,1
WBP2,ZDHHC4,1,1
WBP2,ZNF598,1,1
WBP2,ZNF695,1,1
NACA,ANKRD33B,1,1
NACA,BRAF,1,1
NACA,BTF3L4,1,1
NACA,EIF3K,1,1
NACA,GNE,1,1
NACA,MRPS14,1,1
NACA,NOSIP,1,1
NACA,NPM3,1,1
NACA,PRKCDBP,1,1
NACA,RPL18,1,1
NACA,RPL6,1,1
NACA,RPS21,1,1
NACA,RRAS2,1,1
NACA,SLC11A2,1,1
NACA,SLC25A43,1,1
NACA,SLC25A51,1,1
NACA,TMEM123,1,1
NACA,TRIM62,1,1
SNRPG,AKAP1,1,1
SNRPG,BCCIP,1,1
SNRPG,CHAC2,1,1
SNRPG,CHERP,1,1
SNRPG,CRLF3,1,1
SNRPG,CRLS1,1,1
SNRPG,CWC22,1,1
SNRPG,CYB5D2,1,1
SNRPG,DCAF13,1,1
SNRPG,DDX18,1,1
SNRPG,DPH2,1,1
SNRPG,EIF2B1,1,1
SNRPG,ESCO2,1,1
SNRPG,GINS1,1,1
SNRPG,GMNN,1,1
SNRPG,GRWD1,1,1
SNRPG,HOXB2,1,1
SNRPG,IPO11,1,1
SNRPG,KHDRBS1,1,1
SNRPG,KIAA0101,1,1
SNRPG,KIF14,1,1
SNRPG,MAD2L1,1,1
SNRPG,MB21D1,1,1
SNRPG,MRPL9,1,1
SNRPG,MSH2,1,1
SNRPG,NMI,1,1
SNRPG,NOLC1,1,1
SNRPG,NUDCD1,1,1
SNRPG,ORC2,1,1
SNRPG,ORC6,1,1
SNRPG,PAICS,1,1
SNRPG,PDRG1,1,1
SNRPG,PGAM5,1,1
SNRPG,POMP,1,1
SNRPG,PPIH,1,1
SNRPG,PRELID1,1,1
SNRPG,PRIM2,1,1
SNRPG,PRPS2,1,1
SNRPG,RFC3,1,1
SNRPG,RMI1,1,1
SNRPG,RNASEK,1,1
SNRPG,SART3,1,1
SNRPG,SCYL3,1,1
SNRPG,SH2D5,1,1
SNRPG,SKIV2L2,1,1
SNRPG,SNRPC,1,1
SNRPG,SNX5,1,1
SNRPG,STIL,1,1
SNRPG,TAF2,1,1
SNRPG,TMEM205,1,1
SNRPG,TMEM63B,1,1
SNRPG,TPRKB,1,1
SNRPG,TUBA1C,1,1
SNRPG,UBA2,1,1
SNRPG,WWC1,1,1
SNRPG,ZNF142,1,1
SNRPG,ZWILCH,1,1
PRMT1,ACACB,1,1
PRMT1,ACD,1,1
PRMT1,ACOX1,1,1
PRMT1,ACSS1,1,1
PRMT1,ACTN1,1,1
PRMT1,AHI1,1,1
PRMT1,ANKRD33B,1,1
PRMT1,ANXA1,1,1
PRMT1,ARF4,1,1
PRMT1,ARF5,1,1
PRMT1,ATP6AP1,1,1
PRMT1,BCL2A1,1,1
PRMT1,BRAF,1,1
PRMT1,BRIX1,1,1
PRMT1,BTF3L4,1,1
PRMT1,CBR4,1,1
PRMT1,CCT5,1,1
PRMT1,CCT8,1,1
PRMT1,CDC73,1,1
PRMT1,CDH2,1,1
PRMT1,CDK19,1,1
PRMT1,CDK7,1,1
PRMT1,CFL2,1,1
PRMT1,CIAO1,1,1
PRMT1,CMPK1,1,1
PRMT1,CMSS1,1,1
PRMT1,CNOT3,1,1
PRMT1,CPT1A,1,1
PRMT1,CSNK2B,1,1
PRMT1,CSTF2,1,1
PRMT1,CYP27A1,1,1
PRMT1,DAZAP1,1,1
PRMT1,DDX18,1,1
PRMT1,DHRS7B,1,1
PRMT1,DHX35,1,1
PRMT1,DPF1,1,1
PRMT1,DUSP12,1,1
PRMT1,DUXAP9,1,1
PRMT1,EAF1,1,1
PRMT1,EIF2B1,1,1
PRMT1,EIF2S1,1,1
PRMT1,EIF3M,1,1
PRMT1,EIF6,1,1
PRMT1,ELAVL1,1,1
PRMT1,EP400,1,1
PRMT1,EPS8L1,1,1
PRMT1,ERI1,1,1
PRMT1,FAM189A2,1,1
PRMT1,FAM60A,1,1
PRMT1,FARSA,1,1
PRMT1,FBXL4,1,1
PRMT1,FBXL6,1,1
PRMT1,FBXO45,1,1
PRMT1,FRMD5,1,1
PRMT1,FSD1,1,1
PRMT1,FTSJ1,1,1
PRMT1,FTSJ3,1,1
PRMT1,GABRA5,1,1
PRMT1,GART,1,1
PRMT1,GCH1,1,1
PRMT1,GEMIN7,1,1
PRMT1,GHDC,1,1
PRMT1,GLO1,1,1
PRMT1,GLRX2,1,1
PRMT1,GNE,1,1
PRMT1,GOLPH3L,1,1
PRMT1,GPBP1L1,1,1
PRMT1,GTF2H3,1,1
PRMT1,HDAC3,1,1
PRMT1,HS1BP3,1,1
PRMT1,HTR7,1,1
PRMT1,IGF2BP1,1,1
PRMT1,ILF2,1,1
PRMT1,IQCJ-SCHIP1,1,1
PRMT1,KARS,1,1
PRMT1,KIAA0319L,1,1
PRMT1,KIAA1429,1,1
PRMT1,KMT5A,1,1
PRMT1,KRT18,1,1
PRMT1,LAPTM4A,1,1
PRMT1,LBR,1,1
PRMT1,LIN7C,1,1
PRMT1,LINC01296,1,1
PRMT1,LLPH,1,1
PRMT1,LMNB2,1,1
PRMT1,LPGAT1,1,1
PRMT1,LURAP1,1,1
PRMT1,MAP4K5,1,1
PRMT1,MCRS1,1,1
PRMT1,MEGF8,1,1
PRMT1,METTL2A,1,1
PRMT1,MLKL,1,1
PRMT1,MMP24-AS1,1,1
PRMT1,MRPL21,1,1
PRMT1,MRPL39,1,1
PRMT1,MRPL47,1,1
PRMT1,MTFR1L,1,1
PRMT1,MYBL2,1,1
PRMT1,MYNN,1,1
PRMT1,MYSM1,1,1
PRMT1,NAA15,1,1
PRMT1,NCBP1,1,1
PRMT1,NCR3LG1,1,1
PRMT1,NDFIP2,1,1
PRMT1,NDUFA1,1,1
PRMT1,NOSIP,1,1
PRMT1,NPM3,1,1
PRMT1,PAK1IP1,1,1
PRMT1,PDE12,1,1
PRMT1,PDF,1,1
PRMT1,PFDN2,1,1
PRMT1,PFN1,1,1
PRMT1,PGAM5,1,1
PRMT1,PLAUR,1,1
PRMT1,PLEKHH1,1,1
PRMT1,PMM1,1,1
PRMT1,POLR1B,1,1
PRMT1,POLR2H,1,1
PRMT1,POLR3E,1,1
PRMT1,PPM1G,1,1
PRMT1,PPP2CA,1,1
PRMT1,PRKCDBP,1,1
PRMT1,PRKCI,1,1
PRMT1,PRPF38A,1,1
PRMT1,PRPF4,1,1
PRMT1,PSMA3,1,1
PRMT1,PSMA6,1,1
PRMT1,PSMC1,1,1
PRMT1,PSMC3,1,1
PRMT1,PSMC4,1,1
PRMT1,PSMC5,1,1
PRMT1,PSMD2,1,1
PRMT1,PSMD4,1,1
PRMT1,PUS7L,1,1
PRMT1,QSER1,1,1
PRMT1,RARS,1,1
PRMT1,RNASEK,1,1
PRMT1,RNF13,1,1
PRMT1,RNF168,1,1
PRMT1,RP11-529K1.3,1,1
PRMT1,RPL35A,1,1
PRMT1,RPS26,1,1
PRMT1,RRP12,1,1
PRMT1,RUVBL2,1,1
PRMT1,SART3,1,1
PRMT1,SCHIP1,1,1
PRMT1,SCPEP1,1,1
PRMT1,SDCBP,1,1
PRMT1,SEPT9,1,1
PRMT1,SERBP1,1,1
PRMT1,SH2D5,1,1
PRMT1,SIX1,1,1
PRMT1,SLC11A2,1,1
PRMT1,SLC25A43,1,1
PRMT1,SLC25A51,1,1
PRMT1,SLC2A4RG,1,1
PRMT1,SLC39A1,1,1
PRMT1,SMARCD1,1,1
PRMT1,SMIM13,1,1
PRMT1,SMIM15,1,1
PRMT1,SMN1,1,1
PRMT1,SNRNP200,1,1
PRMT1,SNRPE,1,1
PRMT1,SPIN4,1,1
PRMT1,SPIRE2,1,1
PRMT1,SREK1IP1,1,1
PRMT1,SRP19,1,1
PRMT1,SRP72,1,1
PRMT1,SRPK1,1,1
PRMT1,SSRP1,1,1
PRMT1,ST3GAL6,1,1
PRMT1,TARS,1,1
PRMT1,TATDN1,1,1
PRMT1,TFB2M,1,1
PRMT1,TIMM17A,1,1
PRMT1,TIMM17B,1,1
PRMT1,TIMM8A,1,1
PRMT1,TMCO1,1,1
PRMT1,TMEM123,1,1
PRMT1,TMEM126A,1,1
PRMT1,TMEM69,1,1
PRMT1,TNFRSF12A,1,1
PRMT1,TOP3A,1,1
PRMT1,TPM3,1,1
PRMT1,TRAF5,1,1
PRMT1,TRIP13,1,1
PRMT1,TTC28,1,1
PRMT1,TTC39C,1,1
PRMT1,TUBB3,1,1
PRMT1,UBE2C,1,1
PRMT1,UBE2J2,1,1
PRMT1,UBE2T,1,1
PRMT1,UCHL5,1,1
PRMT1,UGT8,1,1
PRMT1,UHMK1,1,1
PRMT1,UTP23,1,1
PRMT1,VAT1,1,1
PRMT1,VMA21,1,1
PRMT1,WDR74,1,1
PRMT1,WWC1,1,1
PRMT1,ZIC2,1,1
PRMT1,ZNF473,1,1
PRMT1,ZNF655,1,1
PRMT1,ZNF695,1,1
SNX5,ABCE1,1,1
SNX5,B4GAT1,1,1
SNX5,BCCIP,1,1
SNX5,BZW1,1,1
SNX5,CCDC138,1,1
SNX5,CCNA2,1,1
SNX5,CEBPZ,1,1
SNX5,CEP78,1,1
SNX5,CHERP,1,1
SNX5,CKS1B,1,1
SNX5,CRLF3,1,1
SNX5,CWC22,1,1
SNX5,DCAF13,1,1
SNX5,DDX18,1,1
SNX5,DIAPH1,1,1
SNX5,DPH2,1,1
SNX5,ESCO2,1,1
SNX5,GINS1,1,1
SNX5,GMNN,1,1
SNX5,GRWD1,1,1
SNX5,HOXB2,1,1
SNX5,HRAS,1,1
SNX5,IPO11,1,1
SNX5,KHDRBS1,1,1
SNX5,KIAA0101,1,1
SNX5,KIF11,1,1
SNX5,KIF14,1,1
SNX5,KTI12,1,1
SNX5,LMNB1,1,1
SNX5,LRR1,1,1
SNX5,MAD2L1,1,1
SNX5,MATR3,1,1
SNX5,MCMBP,1,1
SNX5,MRPL9,1,1
SNX5,MSH2,1,1
SNX5,NAA15,1,1
SNX5,NANP,1,1
SNX5,NMI,1,1
SNX5,NOLC1,1,1
SNX5,NUDCD1,1,1
SNX5,NUP58,1,1
SNX5,ORC2,1,1
SNX5,ORC6,1,1
SNX5,PAICS,1,1
SNX5,PDRG1,1,1
SNX5,PDSS1,1,1
SNX5,PET117,1,1
SNX5,POLE3,1,1
SNX5,POMP,1,1
SNX5,PPIH,1,1
SNX5,PPP2CA,1,1
SNX5,PRELID1,1,1
SNX5,PRIM2,1,1
SNX5,PRPS2,1,1
SNX5,RBM12,1,1
SNX5,RFC3,1,1
SNX5,RMI1,1,1
SNX5,SH2D5,1,1
SNX5,SKIV2L2,1,1
SNX5,SMC2,1,1
SNX5,SNRPC,1,1
SNX5,SP3,1,1
SNX5,SRSF3,1,1
SNX5,STIL,1,1
SNX5,SVIP,1,1
SNX5,TAF2,1,1
SNX5,TMEM205,1,1
SNX5,TMEM63B,1,1
SNX5,TPRKB,1,1
SNX5,TUBA1C,1,1
SNX5,UBA2,1,1
SNX5,UHRF1BP1L,1,1
SNX5,USP1,1,1
SNX5,WWC1,1,1
SNX5,ZNF142,1,1
SNX5,ZWILCH,1,1
ERMARD,CAV2,1,1
ERMARD,CRLF3,1,1
ERMARD,DNAJC5,1,1
ERMARD,MAPK8IP3,1,1
ERMARD,PCYOX1L,1,1
ERMARD,SNRNP200,1,1
ERMARD,SUGP2,1,1
ERMARD,XRN2,1,1
ERMARD,ZDHHC20,1,1
FUBP1,ABT1,1,1
FUBP1,BCCIP,1,1
FUBP1,BMI1,1,1
FUBP1,BNIP1,1,1
FUBP1,BORA,1,1
FUBP1,C12ORF75,1,1
FUBP1,C14ORF142,1,1
FUBP1,C19ORF47,1,1
FUBP1,C5ORF42,1,1
FUBP1,CAPN15,1,1
FUBP1,CDC123,1,1
FUBP1,CDK4,1,1
FUBP1,CEP250,1,1
FUBP1,CEP55,1,1
FUBP1,CKS1B,1,1
FUBP1,CWC22,1,1
FUBP1,CYB5B,1,1
FUBP1,DDX39B,1,1
FUBP1,DEK,1,1
FUBP1,DNA2,1,1
FUBP1,DNAJC9,1,1
FUBP1,DPH2,1,1
FUBP1,DPM1,1,1
FUBP1,EIF4E,1,1
FUBP1,ENY2,1,1
FUBP1,ERCC3,1,1
FUBP1,ERLIN1,1,1
FUBP1,EXOSC8,1,1
FUBP1,FAM111B,1,1
FUBP1,GPATCH11,1,1
FUBP1,HARS,1,1
FUBP1,HAUS2,1,1
FUBP1,HERPUD2,1,1
FUBP1,HHEX,1,1
FUBP1,HMGN1,1,1
FUBP1,HNRNPA1P48,1,1
FUBP1,HRAS,1,1
FUBP1,KIF11,1,1
FUBP1,KMT5A,1,1
FUBP1,KPNA3,1,1
FUBP1,KTI12,1,1
FUBP1,LRRC40,1,1
FUBP1,MCMBP,1,1
FUBP1,MED10,1,1
FUBP1,MRPL22,1,1
FUBP1,MRPS10,1,1
FUBP1,MRPS26,1,1
FUBP1,MRPS27,1,1
FUBP1,MTF2,1,1
FUBP1,MZT1,1,1
FUBP1,NAA15,1,1
FUBP1,NAA20,1,1
FUBP1,NAA40,1,1
FUBP1,NANP,1,1
FUBP1,NOLC1,1,1
FUBP1,NPEPPS,1,1
FUBP1,NUDCD1,1,1
FUBP1,NUP107,1,1
FUBP1,NUP188,1,1
FUBP1,NUP58,1,1
FUBP1,NXT1,1,1
FUBP1,PCLO,1,1
FUBP1,PCYOX1L,1,1
FUBP1,PDRG1,1,1
FUBP1,PDSS1,1,1
FUBP1,PGGT1B,1,1
FUBP1,PLAGL2,1,1
FUBP1,PLK4,1,1
FUBP1,POLR2D,1,1
FUBP1,PPA1,1,1
FUBP1,PPRC1,1,1
FUBP1,PRELID1,1,1
FUBP1,PTPRJ,1,1
FUBP1,RABGGTB,1,1
FUBP1,RBM26,1,1
FUBP1,RBMXL1,1,1
FUBP1,RPF1,1,1
FUBP1,RPP30,1,1
FUBP1,SH2D5,1,1
FUBP1,SKA3,1,1
FUBP1,SLC35D1,1,1
FUBP1,SPRYD7,1,1
FUBP1,ST3GAL4,1,1
FUBP1,STAMBPL1,1,1
FUBP1,SUPV3L1,1,1
FUBP1,TAF2,1,1
FUBP1,TCF19,1,1
FUBP1,TFAM,1,1
FUBP1,TIMM23,1,1
FUBP1,TMEM14B,1,1
FUBP1,TRPM2,1,1
FUBP1,TXN,1,1
FUBP1,TYW3,1,1
FUBP1,UBA6,1,1
FUBP1,UBE2J2,1,1
FUBP1,UBE2V1,1,1
FUBP1,USP1,1,1
FUBP1,WDR46,1,1
FUBP1,WWC1,1,1
FUBP1,XRN2,1,1
FUBP1,ZNF473,1,1
FUBP1,ZNF544,1,1
FUBP1,ZWILCH,1,1
SEC13,BRAF,1,1
SEC13,BVES,1,1
SEC13,C1ORF216,1,1
SEC13,DYSF,1,1
SEC13,ERBB3,1,1
SEC13,FRMD5,1,1
SEC13,GCH1,1,1
SEC13,GNE,1,1
SEC13,MED8,1,1
SEC13,METTL2A,1,1
SEC13,PSMA6,1,1
SEC13,PSMD4,1,1
SEC13,RNF13,1,1
SEC13,RNF38,1,1
SEC13,RPL35A,1,1
SEC13,RUVBL2,1,1
SEC13,SERINC1,1,1
SEC13,TIMM17B,1,1
SEC13,TRAF5,1,1
SEC13,WDR54,1,1
SEC13,ZHX3,1,1
POLR2H,ACACB,1,1
POLR2H,ACSS1,1,1
POLR2H,ACTN1,1,1
POLR2H,ADAM19,1,1
POLR2H,ANXA1,1,1
POLR2H,ARF4,1,1
POLR2H,ATP6AP1,1,1
POLR2H,BCL2A1,1,1
POLR2H,BTF3L4,1,1
POLR2H,C14ORF159,1,1
POLR2H,CBR4,1,1
POLR2H,CDC73,1,1
POLR2H,CDH2,1,1
POLR2H,CIAO1,1,1
POLR2H,CLIC1,1,1
POLR2H,CMPK1,1,1
POLR2H,CPT1A,1,1
POLR2H,CYP27A1,1,1
POLR2H,DUSP10,1,1
POLR2H,DUSP12,1,1
POLR2H,DUXAP9,1,1
POLR2H,EIF3G,1,1
POLR2H,ELOVL1,1,1
POLR2H,EP400,1,1
POLR2H,ERRFI1,1,1
POLR2H,FAM189A2,1,1
POLR2H,FARSA,1,1
POLR2H,FBXL6,1,1
POLR2H,FGFR4,1,1
POLR2H,FRMD5,1,1
POLR2H,FSD1,1,1
POLR2H,GHDC,1,1
POLR2H,GLB1,1,1
POLR2H,GLMP,1,1
POLR2H,GSKIP,1,1
POLR2H,GTF2H3,1,1
POLR2H,HPS3,1,1
POLR2H,HS1BP3,1,1
POLR2H,HTR7,1,1
POLR2H,ID1,1,1
POLR2H,KLF15,1,1
POLR2H,LAPTM4A,1,1
POLR2H,LINC01296,1,1
POLR2H,LURAP1,1,1
POLR2H,MCFD2,1,1
POLR2H,MRPL47,1,1
POLR2H,NDFIP2,1,1
POLR2H,NOSIP,1,1
POLR2H,PLEKHH1,1,1
POLR2H,PPP1R14BP3,1,1
POLR2H,PRKCDBP,1,1
POLR2H,PRKCI,1,1
POLR2H,PSMA6,1,1
POLR2H,PSMC4,1,1
POLR2H,PSMC5,1,1
POLR2H,PSMD4,1,1
POLR2H,RPL35A,1,1
POLR2H,SCHIP1,1,1
POLR2H,SCPEP1,1,1
POLR2H,SDCBP,1,1
POLR2H,SEPT9,1,1
POLR2H,SLC11A2,1,1
POLR2H,SLC2A4RG,1,1
POLR2H,SLC39A1,1,1
POLR2H,SMARCD1,1,1
POLR2H,SMIM15,1,1
POLR2H,SMN1,1,1
POLR2H,TANGO2,1,1
POLR2H,TAOK2,1,1
POLR2H,TIMM17A,1,1
POLR2H,TMEM69,1,1
POLR2H,TNFRSF12A,1,1
POLR2H,TRAF5,1,1
POLR2H,TRIB3,1,1
POLR2H,TROVE2,1,1
POLR2H,TTC39C,1,1
POLR2H,TUBB3,1,1
POLR2H,UGT8,1,1
POLR2H,UHMK1,1,1
POLR2H,VAT1,1,1
POLR2H,VMA21,1,1
POLR2H,ZDHHC21,1,1
EIF2S3,ACACB,1,1
EIF2S3,ACSL4,1,1
EIF2S3,C16ORF91,1,1
EIF2S3,CCT8,1,1
EIF2S3,CIAO1,1,1
EIF2S3,CLPTM1L,1,1
EIF2S3,CMPK1,1,1
EIF2S3,CNPY3,1,1
EIF2S3,CWC27,1,1
EIF2S3,DDX10,1,1
EIF2S3,DPY19L2P1,1,1
EIF2S3,DUSP12,1,1
EIF2S3,ELAVL1,1,1
EIF2S3,ELK3,1,1
EIF2S3,FAM69B,1,1
EIF2S3,FARSA,1,1
EIF2S3,FBXL4,1,1
EIF2S3,FKBP3,1,1
EIF2S3,GHDC,1,1
EIF2S3,GMFB,1,1
EIF2S3,GSTK1,1,1
EIF2S3,GTF2H3,1,1
EIF2S3,HMGCL,1,1
EIF2S3,HS1BP3,1,1
EIF2S3,ID1,1,1
EIF2S3,IGF2BP1,1,1
EIF2S3,IPO4,1,1
EIF2S3,IRAK1,1,1
EIF2S3,KIAA0319L,1,1
EIF2S3,LAPTM4A,1,1
EIF2S3,LURAP1,1,1
EIF2S3,MAK16,1,1
EIF2S3,MAN2A2,1,1
EIF2S3,MAP4K5,1,1
EIF2S3,MNAT1,1,1
EIF2S3,MYNN,1,1
EIF2S3,NAP1L1,1,1
EIF2S3,NEK7,1,1
EIF2S3,NRGN,1,1
EIF2S3,PM20D2,1,1
EIF2S3,PRKCI,1,1
EIF2S3,PRPF40A,1,1
EIF2S3,PSMA6,1,1
EIF2S3,PSMB5,1,1
EIF2S3,PSMC5,1,1
EIF2S3,QSER1,1,1
EIF2S3,RLIM,1,1
EIF2S3,RUVBL2,1,1
EIF2S3,SMN1,1,1
EIF2S3,TANGO2,1,1
EIF2S3,TBPL1,1,1
EIF2S3,TIMM17A,1,1
EIF2S3,TMEM69,1,1
EIF2S3,TRAF5,1,1
EIF2S3,TROVE2,1,1
EIF2S3,TTC39C,1,1
EIF2S3,VMA21,1,1
EIF2S3,ZNF215,1,1
EIF2S3,ZNF678,1,1
THBS1,ATRIP,1,1
THBS1,CAPRIN1,1,1
THBS1,CFAP20,1,1
THBS1,CRIM1,1,1
THBS1,PLK2,1,1
THBS1,PNN,1,1
THBS1,PSMC3IP,1,1
THBS1,REXO1,1,1
THBS1,RIOK1,1,1
THBS1,SET,1,1
THBS1,TRMT10C,1,1
THBS1,WRN,1,1
PSMC1,ABCA5,1,1
PSMC1,ACD,1,1
PSMC1,ADAM9,1,1
PSMC1,AHI1,1,1
PSMC1,ANP32E,1,1
PSMC1,ATP6AP1,1,1
PSMC1,BRD4,1,1
PSMC1,BRIX1,1,1
PSMC1,BTF3L4,1,1
PSMC1,C12ORF29,1,1
PSMC1,CAPRIN1,1,1
PSMC1,CBR4,1,1
PSMC1,CCT5,1,1
PSMC1,CCT8,1,1
PSMC1,CDC42EP2,1,1
PSMC1,CDC73,1,1
PSMC1,CDH2,1,1
PSMC1,CDK7,1,1
PSMC1,CFL2,1,1
PSMC1,CIAO1,1,1
PSMC1,CMPK1,1,1
PSMC1,CMSS1,1,1
PSMC1,CNOT3,1,1
PSMC1,CNOT7,1,1
PSMC1,CNPY3,1,1
PSMC1,COPS5,1,1
PSMC1,CPT1A,1,1
PSMC1,CRIM1,1,1
PSMC1,CSTF2,1,1
PSMC1,CTDSPL2,1,1
PSMC1,CYP27A1,1,1
PSMC1,DAZAP1,1,1
PSMC1,DDX21,1,1
PSMC1,DDX28,1,1
PSMC1,DHRS7B,1,1
PSMC1,DHX35,1,1
PSMC1,DNA2,1,1
PSMC1,DPY19L2P1,1,1
PSMC1,DUSP12,1,1
PSMC1,EID2,1,1
PSMC1,EIF2S1,1,1
PSMC1,EIF3M,1,1
PSMC1,EIF6,1,1
PSMC1,ELAVL1,1,1
PSMC1,EMG1,1,1
PSMC1,EP400,1,1
PSMC1,ERI1,1,1
PSMC1,ERVK3-1,1,1
PSMC1,FAM136A,1,1
PSMC1,FBXL6,1,1
PSMC1,FBXO45,1,1
PSMC1,FEM1A,1,1
PSMC1,FTSJ1,1,1
PSMC1,FTSJ3,1,1
PSMC1,GABRA5,1,1
PSMC1,GART,1,1
PSMC1,GCH1,1,1
PSMC1,GEMIN7,1,1
PSMC1,GHDC,1,1
PSMC1,GINS3,1,1
PSMC1,GLRX2,1,1
PSMC1,GOLPH3L,1,1
PSMC1,GPATCH4,1,1
PSMC1,GTF3C4,1,1
PSMC1,HARS,1,1
PSMC1,HMGCL,1,1
PSMC1,HNRNPU,1,1
PSMC1,HS1BP3,1,1
PSMC1,IGF2BP1,1,1
PSMC1,ILF2,1,1
PSMC1,IQCJ-SCHIP1,1,1
PSMC1,ITM2C,1,1
PSMC1,KARS,1,1
PSMC1,KIAA0319L,1,1
PSMC1,KIAA0586,1,1
PSMC1,KIAA1586,1,1
PSMC1,KRT18,1,1
PSMC1,LAMB3,1,1
PSMC1,LAPTM4A,1,1
PSMC1,LARGE1,1,1
PSMC1,LBR,1,1
PSMC1,LIN7C,1,1
PSMC1,LINC01296,1,1
PSMC1,LLPH,1,1
PSMC1,LMNB1,1,1
PSMC1,LMNB2,1,1
PSMC1,MAGED2,1,1
PSMC1,MAGOH,1,1
PSMC1,MAK16,1,1
PSMC1,MAP4K5,1,1
PSMC1,MAPK1IP1L,1,1
PSMC1,MCM2,1,1
PSMC1,MCRS1,1,1
PSMC1,MEGF8,1,1
PSMC1,MMP24-AS1,1,1
PSMC1,MRPL21,1,1
PSMC1,MRPL39,1,1
PSMC1,MRPL47,1,1
PSMC1,MT1X,1,1
PSMC1,MYBL2,1,1
PSMC1,MYNN,1,1
PSMC1,NAA15,1,1
PSMC1,NASP,1,1
PSMC1,NCR3LG1,1,1
PSMC1,NEK7,1,1
PSMC1,NIPAL1,1,1
PSMC1,NKX3-1,1,1
PSMC1,NUFIP1,1,1
PSMC1,NUP107,1,1
PSMC1,PAK1IP1,1,1
PSMC1,PCGF6,1,1
PSMC1,PDE12,1,1
PSMC1,PFDN2,1,1
PSMC1,PIGV,1,1
PSMC1,PLAUR,1,1
PSMC1,PLEKHH1,1,1
PSMC1,PMM1,1,1
PSMC1,PMPCA,1,1
PSMC1,POLR3C,1,1
PSMC1,POLR3E,1,1
PSMC1,PPCS,1,1
PSMC1,PPM1G,1,1
PSMC1,PPP2CA,1,1
PSMC1,PPP2R1B,1,1
PSMC1,PRKCI,1,1
PSMC1,PRPF38A,1,1
PSMC1,PRPF4,1,1
PSMC1,PSMA3,1,1
PSMC1,PSMA6,1,1
PSMC1,PSMC3,1,1
PSMC1,PSMC4,1,1
PSMC1,PSMC5,1,1
PSMC1,PSMC6,1,1
PSMC1,PSMD2,1,1
PSMC1,PTPRB,1,1
PSMC1,PUS7L,1,1
PSMC1,QSER1,1,1
PSMC1,RARS,1,1
PSMC1,RFWD3,1,1
PSMC1,RIOK1,1,1
PSMC1,RNF168,1,1
PSMC1,RRP12,1,1
PSMC1,RRS1,1,1
PSMC1,RUVBL2,1,1
PSMC1,SACS,1,1
PSMC1,SAPCD2,1,1
PSMC1,SCPEP1,1,1
PSMC1,SEPT9,1,1
PSMC1,SERBP1,1,1
PSMC1,SET,1,1
PSMC1,SIX1,1,1
PSMC1,SLC11A2,1,1
PSMC1,SMARCD1,1,1
PSMC1,SMN1,1,1
PSMC1,SNAPC1,1,1
PSMC1,SNRNP48,1,1
PSMC1,SNRPE,1,1
PSMC1,SPIN4,1,1
PSMC1,SREK1IP1,1,1
PSMC1,SRP19,1,1
PSMC1,SRP72,1,1
PSMC1,SRPK1,1,1
PSMC1,SSRP1,1,1
PSMC1,STIP1,1,1
PSMC1,SYNCRIP,1,1
PSMC1,TARS,1,1
PSMC1,TFB2M,1,1
PSMC1,TIMM10,1,1
PSMC1,TIMM17A,1,1
PSMC1,TIMM8A,1,1
PSMC1,TMA16,1,1
PSMC1,TMCO1,1,1
PSMC1,TMEM126A,1,1
PSMC1,TNFRSF12A,1,1
PSMC1,TOP3A,1,1
PSMC1,TRIP13,1,1
PSMC1,TRMT10C,1,1
PSMC1,TROVE2,1,1
PSMC1,TRUB2,1,1
PSMC1,TUBB3,1,1
PSMC1,TUBB4B,1,1
PSMC1,UBE2C,1,1
PSMC1,UBE2N,1,1
PSMC1,UBE2T,1,1
PSMC1,UGT8,1,1
PSMC1,UHRF1,1,1
PSMC1,URB1,1,1
PSMC1,USP1,1,1
PSMC1,UTP23,1,1
PSMC1,UTP4,1,1
PSMC1,VEZT,1,1
PSMC1,WDR74,1,1
PSMC1,WRN,1,1
PSMC1,ZDHHC4,1,1
PSMC1,ZIC2,1,1
PSMC1,ZNF281,1,1
PSMC1,ZNF670,1,1
PSMC1,ZNF695,1,1
SPIRE2,ANKRD33B,1,1
SPIRE2,ARF4,1,1
SPIRE2,ATP6AP1,1,1
SPIRE2,C1ORF216,1,1
SPIRE2,CFL2,1,1
SPIRE2,CMPK1,1,1
SPIRE2,CRLS1,1,1
SPIRE2,DUSP12,1,1
SPIRE2,DUXAP9,1,1
SPIRE2,DYSF,1,1
SPIRE2,EIF6,1,1
SPIRE2,ERBB3,1,1
SPIRE2,FAM189A2,1,1
SPIRE2,FAM199X,1,1
SPIRE2,GMFB,1,1
SPIRE2,GPBP1L1,1,1
SPIRE2,GTF2H3,1,1
SPIRE2,HDAC3,1,1
SPIRE2,IQCJ-SCHIP1,1,1
SPIRE2,ITGB3BP,1,1
SPIRE2,KIAA1429,1,1
SPIRE2,KLF15,1,1
SPIRE2,LAPTM4A,1,1
SPIRE2,MEGF8,1,1
SPIRE2,MRPL47,1,1
SPIRE2,MTFR1L,1,1
SPIRE2,PCGF5,1,1
SPIRE2,PLS1,1,1
SPIRE2,PPM1G,1,1
SPIRE2,PPP2CA,1,1
SPIRE2,PRIM2,1,1
SPIRE2,PRKCI,1,1
SPIRE2,PSMC4,1,1
SPIRE2,PSMD4,1,1
SPIRE2,PUS7L,1,1
SPIRE2,RP11-529K1.3,1,1
SPIRE2,RPL35A,1,1
SPIRE2,RUVBL2,1,1
SPIRE2,SIX1,1,1
SPIRE2,SLC39A1,1,1
SPIRE2,SNRNP200,1,1
SPIRE2,SRP19,1,1
SPIRE2,ST3GAL6,1,1
SPIRE2,TATDN1,1,1
SPIRE2,TDRP,1,1
SPIRE2,TIMM17B,1,1
SPIRE2,TMEM123,1,1
SPIRE2,TMEM206,1,1
SPIRE2,TMEM69,1,1
SPIRE2,TPRKB,1,1
SPIRE2,TTC28,1,1
SPIRE2,UBE2C,1,1
SPIRE2,UBE2T,1,1
SPIRE2,UBE2V2,1,1
SPIRE2,UCHL5,1,1
SPIRE2,UGT8,1,1
SPIRE2,ZNF695,1,1
CDK1,BUB1B,1,1
CDK1,CCDC138,1,1
CDK1,CCNA2,1,1
CDK1,CHEK1,1,1
CDK1,DDX18,1,1
CDK1,EPS8L1,1,1
CDK1,ESCO2,1,1
CDK1,GINS1,1,1
CDK1,KHDRBS1,1,1
CDK1,KIAA0101,1,1
CDK1,KIF14,1,1
CDK1,L2HGDH,1,1
CDK1,LMNB1,1,1
CDK1,LRR1,1,1
CDK1,MAD2L1,1,1
CDK1,MEGF8,1,1
CDK1,MIS18A,1,1
CDK1,MYBL2,1,1
CDK1,POLE3,1,1
CDK1,PPIH,1,1
CDK1,PRIM2,1,1
CDK1,PRPS2,1,1
CDK1,RMI1,1,1
CDK1,RP11-673C5.1,1,1
CDK1,SMC2,1,1
CDK1,SNRPC,1,1
CDK1,TPM3,1,1
CDK1,UBE2C,1,1
CDK1,UHRF1BP1L,1,1
CDK1,ZNF695,1,1
CDK1,ZW10,1,1
CDK1,ZWILCH,1,1
HHEX,AC093616.4,1,1
HHEX,ALDH1A3,1,1
HHEX,ANXA3,1,1
HHEX,AP1M1,1,1
HHEX,AP3S1,1,1
HHEX,ARFIP2,1,1
HHEX,ATG12,1,1
HHEX,ATG9A,1,1
HHEX,BCCIP,1,1
HHEX,BMI1,1,1
HHEX,BNIP1,1,1
HHEX,C14ORF142,1,1
HHEX,C19ORF47,1,1
HHEX,C1ORF21,1,1
HHEX,C5ORF42,1,1
HHEX,CCDC109B,1,1
HHEX,CDK4,1,1
HHEX,CEP250,1,1
HHEX,CEP55,1,1
HHEX,CKS1B,1,1
HHEX,CTNNAL1,1,1
HHEX,CYB5B,1,1
HHEX,DCAF6,1,1
HHEX,DDX39B,1,1
HHEX,DEK,1,1
HHEX,DPM1,1,1
HHEX,EIF4E,1,1
HHEX,ENY2,1,1
HHEX,ERCC3,1,1
HHEX,EXOSC8,1,1
HHEX,FAM178B,1,1
HHEX,GLO1,1,1
HHEX,GRASP,1,1
HHEX,GRHPR,1,1
HHEX,HAUS2,1,1
HHEX,HMGN1,1,1
HHEX,HNRNPA1P48,1,1
HHEX,HRAS,1,1
HHEX,ITPA,1,1
HHEX,KPNA3,1,1
HHEX,KTI12,1,1
HHEX,LRRC40,1,1
HHEX,MCMBP,1,1
HHEX,MED29,1,1
HHEX,METTL10,1,1
HHEX,MOCS3,1,1
HHEX,MRPL33,1,1
HHEX,MRPS10,1,1
HHEX,MRPS16,1,1
HHEX,MRPS26,1,1
HHEX,MRPS27,1,1
HHEX,MYOF,1,1
HHEX,MZT1,1,1
HHEX,NAA40,1,1
HHEX,NANP,1,1
HHEX,NENF,1,1
HHEX,NPEPPS,1,1
HHEX,NR2F2,1,1
HHEX,NRM,1,1
HHEX,NUP58,1,1
HHEX,NXT1,1,1
HHEX,PCLO,1,1
HHEX,PCYOX1L,1,1
HHEX,PDLIM5,1,1
HHEX,PDSS1,1,1
HHEX,PGGT1B,1,1
HHEX,PKN2,1,1
HHEX,PLAGL2,1,1
HHEX,PPA1,1,1
HHEX,PRRG4,1,1
HHEX,PTPRJ,1,1
HHEX,RAB4A,1,1
HHEX,RAB7A,1,1
HHEX,RABGGTB,1,1
HHEX,RBBP9,1,1
HHEX,RBM26,1,1
HHEX,RBMXL1,1,1
HHEX,RICTOR,1,1
HHEX,RNF113A,1,1
HHEX,RNF114,1,1
HHEX,RPF1,1,1
HHEX,RRP8,1,1
HHEX,SEC23IP,1,1
HHEX,SF3B6,1,1
HHEX,SKA3,1,1
HHEX,SPRYD7,1,1
HHEX,ST3GAL4,1,1
HHEX,SUPV3L1,1,1
HHEX,SVIP,1,1
HHEX,TFAM,1,1
HHEX,TIMM23,1,1
HHEX,TMEM14B,1,1
HHEX,TRIM44,1,1
HHEX,TRPM2,1,1
HHEX,TSSC4,1,1
HHEX,TXN,1,1
HHEX,TYW3,1,1
HHEX,UBA6,1,1
HHEX,UBE2J2,1,1
HHEX,UBQLN1,1,1
HHEX,USP28,1,1
HHEX,WDR46,1,1
HHEX,XRN2,1,1
HHEX,ZNF195,1,1
HHEX,ZNF544,1,1
HHEX,ZNF652,1,1
HHEX,ZNF696,1,1
HHEX,ZRANB2,1,1
RAD18,C14ORF80,1,1
RAD18,C9ORF40,1,1
RAD18,DAZAP1,1,1
RAD18,DPY19L2P1,1,1
RAD18,IPO4,1,1
RAD18,KIAA1524,1,1
RAD18,MRPL50,1,1
RAD18,NASP,1,1
RAD18,PM20D2,1,1
RAD18,PRPS1,1,1
RAD18,RFWD3,1,1
RAD18,SNAPC1,1,1
RAD18,SNRPF,1,1
RAD18,TBPL1,1,1
RAD18,TEAD4,1,1
RAD18,ZIC2,1,1
RAD18,ZNF639,1,1
TRIB3,ANXA1,1,1
TRIB3,C14ORF159,1,1
TRIB3,CLIC1,1,1
TRIB3,CYP27A1,1,1
TRIB3,DUSP10,1,1
TRIB3,ERRFI1,1,1
TRIB3,GSKIP,1,1
TRIB3,HTR7,1,1
TRIB3,MCFD2,1,1
TRIB3,PHLDA2,1,1
TRIB3,PPME1,1,1
TRIB3,SMARCD1,1,1
ZNF670,ANP32E,1,1
ZNF670,BRIX1,1,1
ZNF670,CAPRIN1,1,1
ZNF670,CCT5,1,1
ZNF670,CCT8,1,1
ZNF670,CDK7,1,1
ZNF670,CFL2,1,1
ZNF670,CNOT7,1,1
ZNF670,CRIM1,1,1
ZNF670,CSTF2,1,1
ZNF670,CTDSPL2,1,1
ZNF670,CWC27,1,1
ZNF670,DAZAP1,1,1
ZNF670,DDX21,1,1
ZNF670,DDX28,1,1
ZNF670,DHRS7B,1,1
ZNF670,DHX35,1,1
ZNF670,DIMT1,1,1
ZNF670,DLC1,1,1
ZNF670,DPY19L2P1,1,1
ZNF670,DUSP12,1,1
ZNF670,EID2,1,1
ZNF670,EIF2S1,1,1
ZNF670,EIF3M,1,1
ZNF670,ERI1,1,1
ZNF670,FBXO45,1,1
ZNF670,FTSJ3,1,1
ZNF670,GABRA5,1,1
ZNF670,GATA3,1,1
ZNF670,GEMIN7,1,1
ZNF670,GINS3,1,1
ZNF670,GLRX2,1,1
ZNF670,GPATCH4,1,1
ZNF670,ILF2,1,1
ZNF670,KARS,1,1
ZNF670,KIAA0586,1,1
ZNF670,KIAA1586,1,1
ZNF670,KRT18,1,1
ZNF670,LAPTM4A,1,1
ZNF670,LBR,1,1
ZNF670,LIN7C,1,1
ZNF670,LLPH,1,1
ZNF670,LMNB1,1,1
ZNF670,LMNB2,1,1
ZNF670,MAP4K5,1,1
ZNF670,MAPK1IP1L,1,1
ZNF670,MCM2,1,1
ZNF670,MEGF8,1,1
ZNF670,MIS18A,1,1
ZNF670,MRPL39,1,1
ZNF670,MT1X,1,1
ZNF670,MYBL2,1,1
ZNF670,MYNN,1,1
ZNF670,NASP,1,1
ZNF670,NCR3LG1,1,1
ZNF670,NEK7,1,1
ZNF670,NIPAL1,1,1
ZNF670,NKX3-1,1,1
ZNF670,PAK1IP1,1,1
ZNF670,PCGF6,1,1
ZNF670,POLR3C,1,1
ZNF670,PPM1G,1,1
ZNF670,PRPF4,1,1
ZNF670,PSMA3,1,1
ZNF670,PSMC3,1,1
ZNF670,PSMC6,1,1
ZNF670,PSMD2,1,1
ZNF670,PUS7L,1,1
ZNF670,RFWD3,1,1
ZNF670,RIOK1,1,1
ZNF670,RNF168,1,1
ZNF670,RRS1,1,1
ZNF670,RUVBL2,1,1
ZNF670,SACS,1,1
ZNF670,SERBP1,1,1
ZNF670,SET,1,1
ZNF670,SIX1,1,1
ZNF670,SNAPC1,1,1
ZNF670,SNRPE,1,1
ZNF670,SPIN4,1,1
ZNF670,SREK1IP1,1,1
ZNF670,SRP19,1,1
ZNF670,SRP72,1,1
ZNF670,SRPK1,1,1
ZNF670,SSRP1,1,1
ZNF670,SYNCRIP,1,1
ZNF670,TIMM10,1,1
ZNF670,TIMM17A,1,1
ZNF670,TIMM8A,1,1
ZNF670,TMA16,1,1
ZNF670,TRIP13,1,1
ZNF670,TRMT10C,1,1
ZNF670,TUBB4B,1,1
ZNF670,UHRF1,1,1
ZNF670,USP1,1,1
ZNF670,UTP23,1,1
ZNF670,UTP4,1,1
ZNF670,WDR74,1,1
ZNF670,XK,1,1
ZNF670,ZIC2,1,1
ZNF670,ZNF462,1,1
ZNF670,ZNF695,1,1
RBM26,ACAD10,1,1
RBM26,BCCIP,1,1
RBM26,BORA,1,1
RBM26,C14ORF142,1,1
RBM26,C19ORF47,1,1
RBM26,CCAR1,1,1
RBM26,CDK4,1,1
RBM26,CEP250,1,1
RBM26,CHUK,1,1
RBM26,DEK,1,1
RBM26,DHX16,1,1
RBM26,DNAJC9,1,1
RBM26,DPH2,1,1
RBM26,DPM1,1,1
RBM26,EIF4E,1,1
RBM26,ENY2,1,1
RBM26,ERCC3,1,1
RBM26,FAM111B,1,1
RBM26,GPATCH11,1,1
RBM26,HAUS2,1,1
RBM26,HERPUD2,1,1
RBM26,HNRNPA1P48,1,1
RBM26,HRAS,1,1
RBM26,KPNA3,1,1
RBM26,KTI12,1,1
RBM26,LRRC40,1,1
RBM26,MCMBP,1,1
RBM26,MRPS10,1,1
RBM26,MRPS26,1,1
RBM26,MTF2,1,1
RBM26,NANP,1,1
RBM26,NPEPPS,1,1
RBM26,NR2F2,1,1
RBM26,NUP188,1,1
RBM26,NUP58,1,1
RBM26,NXT1,1,1
RBM26,PCLO,1,1
RBM26,PCYOX1L,1,1
RBM26,PDLIM5,1,1
RBM26,PDSS1,1,1
RBM26,PGGT1B,1,1
RBM26,PLAGL2,1,1
RBM26,POLR2D,1,1
RBM26,PPA1,1,1
RBM26,PPRC1,1,1
RBM26,PSPC1,1,1
RBM26,RABGGTB,1,1
RBM26,RBMXL1,1,1
RBM26,RPF1,1,1
RBM26,RPP30,1,1
RBM26,SEC23IP,1,1
RBM26,SKA3,1,1
RBM26,SPRYD7,1,1
RBM26,SUPV3L1,1,1
RBM26,TFAM,1,1
RBM26,TRPM2,1,1
RBM26,TYW3,1,1
RBM26,UBA6,1,1
RBM26,ZNF544,1,1
SMARCAL1,C12ORF29,1,1
SMARCAL1,CDC42EP2,1,1
SMARCAL1,CRIM1,1,1
SMARCAL1,DDX28,1,1
SMARCAL1,EMG1,1,1
SMARCAL1,FIS1,1,1
SMARCAL1,FTSJ1,1,1
SMARCAL1,HS1BP3,1,1
SMARCAL1,ITM2C,1,1
SMARCAL1,LMNB2,1,1
SMARCAL1,MAK16,1,1
SMARCAL1,NAT10,1,1
SMARCAL1,PPP2R1B,1,1
SMARCAL1,PSMC6,1,1
SMARCAL1,SET,1,1
SMARCAL1,TMA16,1,1
SMARCAL1,UBE2N,1,1
SMARCAL1,WRN,1,1
PKD1P6,ACSL4,1,1
PKD1P6,ERBB3,1,1
PKD1P6,GANAB,1,1
PKD1P6,LPIN3,1,1
PKD1P6,RLIM,1,1
TENM3,AC009237.8,1,1
TENM3,ACOX1,1,1
TENM3,ADPRH,1,1
TENM3,ARFIP2,1,1
TENM3,BAG6,1,1
TENM3,BMI1,1,1
TENM3,C1ORF21,1,1
TENM3,CDK4,1,1
TENM3,CKLF,1,1
TENM3,CYB5D2,1,1
TENM3,DPM1,1,1
TENM3,DUXAP9,1,1
TENM3,GPAT3,1,1
TENM3,GRHPR,1,1
TENM3,IGSF3,1,1
TENM3,LARS,1,1
TENM3,MOCS3,1,1
TENM3,MYOF,1,1
TENM3,NANP,1,1
TENM3,NDUFA1,1,1
TENM3,NENF,1,1
TENM3,NTHL1,1,1
TENM3,NUDCD1,1,1
TENM3,NXT1,1,1
TENM3,PLS1,1,1
TENM3,PTPRJ,1,1
TENM3,RNF113A,1,1
TENM3,RNF114,1,1
TENM3,RP11-529K1.3,1,1
TENM3,SF3B6,1,1
TENM3,SMIM13,1,1
TENM3,SNRNP200,1,1
TENM3,STAMBPL1,1,1
TENM3,TTC1,1,1
TENM3,UBE2J2,1,1
TENM3,UBE2V1,1,1
TENM3,VEPH1,1,1
TENM3,WDR46,1,1
TENM3,XRN2,1,1
TENM3,ZBTB37,1,1
TENM3,ZRANB2,1,1
HLA-DQA1,TMSB4X,1,1
NMI,ACOX1,1,1
NMI,ACTN1,1,1
NMI,ARF5,1,1
NMI,BZW1,1,1
NMI,CDK19,1,1
NMI,CHAC2,1,1
NMI,CRLF3,1,1
NMI,CRLS1,1,1
NMI,CYB5D2,1,1
NMI,DCAF13,1,1
NMI,DDX18,1,1
NMI,EIF2B1,1,1
NMI,GINS1,1,1
NMI,GMEB2,1,1
NMI,HOXB2,1,1
NMI,IPO11,1,1
NMI,KIAA0101,1,1
NMI,KIF14,1,1
NMI,MRPL9,1,1
NMI,PGAM5,1,1
NMI,PPP2CA,1,1
NMI,PRIM2,1,1
NMI,RAD23B,1,1
NMI,RBM27,1,1
NMI,RFC3,1,1
NMI,RMI1,1,1
NMI,RNASEK,1,1
NMI,RNF138,1,1
NMI,SKIV2L2,1,1
NMI,SMAGP,1,1
NMI,SMIM15,1,1
NMI,TMEM205,1,1
NMI,TMEM63B,1,1
NMI,TPRKB,1,1
NMI,TUBA1C,1,1
NMI,UBA2,1,1
NMI,UCHL5,1,1
NMI,VBP1,1,1
NMI,WWC1,1,1
C1ORF21,AC093616.4,1,1
C1ORF21,ACOX1,1,1
C1ORF21,ALDH1A3,1,1
C1ORF21,ANXA3,1,1
C1ORF21,ARFIP2,1,1
C1ORF21,ATG12,1,1
C1ORF21,BMI1,1,1
C1ORF21,C14ORF142,1,1
C1ORF21,C19ORF47,1,1
C1ORF21,CDK4,1,1
C1ORF21,DCAF6,1,1
C1ORF21,DDX39B,1,1
C1ORF21,DPM1,1,1
C1ORF21,DUXAP9,1,1
C1ORF21,FAF2,1,1
C1ORF21,FAM60A,1,1
C1ORF21,GLO1,1,1
C1ORF21,GOLPH3L,1,1
C1ORF21,GPAT3,1,1
C1ORF21,GRASP,1,1
C1ORF21,GRHPR,1,1
C1ORF21,GTF2H2B,1,1
C1ORF21,HARS,1,1
C1ORF21,HERPUD2,1,1
C1ORF21,HEXIM2,1,1
C1ORF21,HRAS,1,1
C1ORF21,ITPA,1,1
C1ORF21,KMT5A,1,1
C1ORF21,KPNA3,1,1
C1ORF21,LARS,1,1
C1ORF21,LRRC40,1,1
C1ORF21,METTL10,1,1
C1ORF21,MOCS3,1,1
C1ORF21,MRPL33,1,1
C1ORF21,MRPS10,1,1
C1ORF21,MRPS14,1,1
C1ORF21,MRPS26,1,1
C1ORF21,MYOF,1,1
C1ORF21,NAGLU,1,1
C1ORF21,NDUFA1,1,1
C1ORF21,NENF,1,1
C1ORF21,NPEPPS,1,1
C1ORF21,NUDCD1,1,1
C1ORF21,NUP58,1,1
C1ORF21,NXT1,1,1
C1ORF21,OSBPL11,1,1
C1ORF21,PDF,1,1
C1ORF21,PGGT1B,1,1
C1ORF21,PHIP,1,1
C1ORF21,POLR2D,1,1
C1ORF21,PPA1,1,1
C1ORF21,PRRG4,1,1
C1ORF21,PTPRJ,1,1
C1ORF21,RAB4A,1,1
C1ORF21,RAB7A,1,1
C1ORF21,RNF113A,1,1
C1ORF21,RNF114,1,1
C1ORF21,RP11-529K1.3,1,1
C1ORF21,RPF1,1,1
C1ORF21,RRAS2,1,1
C1ORF21,RRP36,1,1
C1ORF21,SF3B6,1,1
C1ORF21,SLC35D1,1,1
C1ORF21,SMIM13,1,1
C1ORF21,SNRNP200,1,1
C1ORF21,SOCS4,1,1
C1ORF21,ST3GAL4,1,1
C1ORF21,ST3GAL6,1,1
C1ORF21,TMEM234,1,1
C1ORF21,TMEM41B,1,1
C1ORF21,TRMT13,1,1
C1ORF21,TRUB1,1,1
C1ORF21,TTC1,1,1
C1ORF21,UBA6,1,1
C1ORF21,UBE2J2,1,1
C1ORF21,UBE2V1,1,1
C1ORF21,UBQLN1,1,1
C1ORF21,UHMK1,1,1
C1ORF21,VSIG10L,1,1
C1ORF21,WDR46,1,1
C1ORF21,XRN2,1,1
C1ORF21,ZBTB37,1,1
C1ORF21,ZNF652,1,1
C1ORF21,ZRANB2,1,1
GLOD4,SENP6,1,1
ALYREF,AKAP1,1,1
ALYREF,ASNSD1,1,1
ALYREF,BZW1,1,1
ALYREF,CCT2,1,1
ALYREF,CDCA2,1,1
ALYREF,CHERP,1,1
ALYREF,DCAF10,1,1
ALYREF,ESCO2,1,1
ALYREF,GRWD1,1,1
ALYREF,HNRNPH1,1,1
ALYREF,HNRNPL,1,1
ALYREF,HNRNPM,1,1
ALYREF,LRRC58,1,1
ALYREF,MAPKAPK5,1,1
ALYREF,MPHOSPH10,1,1
ALYREF,NBN,1,1
ALYREF,ORC1,1,1
ALYREF,PAICS,1,1
ALYREF,PNPT1,1,1
ALYREF,PPP5C,1,1
ALYREF,PTBP1,1,1
ALYREF,RBM3,1,1
ALYREF,RBMX,1,1
ALYREF,RFC3,1,1
ALYREF,RMI1,1,1
ALYREF,STIL,1,1
ALYREF,TIPIN,1,1
ALYREF,TTC4,1,1
ALYREF,TUBA1C,1,1
ALYREF,UBA2,1,1
ALYREF,USP10,1,1
ALYREF,UTP11,1,1
ALYREF,UTP15,1,1
ALYREF,VBP1,1,1
LAPTM4A,ABCA5,1,1
LAPTM4A,ACSL4,1,1
LAPTM4A,ACSS1,1,1
LAPTM4A,ADAM9,1,1
LAPTM4A,ANXA1,1,1
LAPTM4A,ARF4,1,1
LAPTM4A,ATP6AP1,1,1
LAPTM4A,BCL2A1,1,1
LAPTM4A,BRIX1,1,1
LAPTM4A,BTF3L4,1,1
LAPTM4A,BVES,1,1
LAPTM4A,C16ORF91,1,1
LAPTM4A,C1ORF216,1,1
LAPTM4A,CBR4,1,1
LAPTM4A,CCDC112,1,1
LAPTM4A,CCT5,1,1
LAPTM4A,CCT8,1,1
LAPTM4A,CDC73,1,1
LAPTM4A,CDH2,1,1
LAPTM4A,CDK7,1,1
LAPTM4A,CFL2,1,1
LAPTM4A,CIAO1,1,1
LAPTM4A,CMPK1,1,1
LAPTM4A,CMSS1,1,1
LAPTM4A,CNOT3,1,1
LAPTM4A,CNPY3,1,1
LAPTM4A,COPS5,1,1
LAPTM4A,CPT1A,1,1
LAPTM4A,CSTF2,1,1
LAPTM4A,CTDSPL2,1,1
LAPTM4A,CWC27,1,1
LAPTM4A,DAZAP1,1,1
LAPTM4A,DHRS7B,1,1
LAPTM4A,DHX35,1,1
LAPTM4A,DLC1,1,1
LAPTM4A,DPF1,1,1
LAPTM4A,DPY19L2P1,1,1
LAPTM4A,DUSP12,1,1
LAPTM4A,EAF1,1,1
LAPTM4A,EIF2S1,1,1
LAPTM4A,EIF3G,1,1
LAPTM4A,EIF3M,1,1
LAPTM4A,EIF6,1,1
LAPTM4A,ELAVL1,1,1
LAPTM4A,ENOSF1,1,1
LAPTM4A,EP400,1,1
LAPTM4A,ERBB3,1,1
LAPTM4A,ERI1,1,1
LAPTM4A,FAM189A2,1,1
LAPTM4A,FARSA,1,1
LAPTM4A,FBXL4,1,1
LAPTM4A,FBXL6,1,1
LAPTM4A,FBXO45,1,1
LAPTM4A,FGFR4,1,1
LAPTM4A,FKBP3,1,1
LAPTM4A,FRMD5,1,1
LAPTM4A,FSD1,1,1
LAPTM4A,FTSJ1,1,1
LAPTM4A,FTSJ3,1,1
LAPTM4A,GABRA5,1,1
LAPTM4A,GCH1,1,1
LAPTM4A,GEMIN7,1,1
LAPTM4A,GHDC,1,1
LAPTM4A,GLB1,1,1
LAPTM4A,GLMP,1,1
LAPTM4A,GLRX2,1,1
LAPTM4A,GMFB,1,1
LAPTM4A,GNE,1,1
LAPTM4A,GTF2H3,1,1
LAPTM4A,HDAC3,1,1
LAPTM4A,HPS3,1,1
LAPTM4A,HS1BP3,1,1
LAPTM4A,ID1,1,1
LAPTM4A,IGF2BP1,1,1
LAPTM4A,ILF2,1,1
LAPTM4A,IQCJ-SCHIP1,1,1
LAPTM4A,KARS,1,1
LAPTM4A,KIAA0319L,1,1
LAPTM4A,KRT18,1,1
LAPTM4A,LAMB3,1,1
LAPTM4A,LARGE1,1,1
LAPTM4A,LBR,1,1
LAPTM4A,LIN7C,1,1
LAPTM4A,LINC01296,1,1
LAPTM4A,LLPH,1,1
LAPTM4A,LMNB2,1,1
LAPTM4A,LURAP1,1,1
LAPTM4A,MAK16,1,1
LAPTM4A,MAP4K5,1,1
LAPTM4A,MEGF8,1,1
LAPTM4A,MRPL21,1,1
LAPTM4A,MRPL47,1,1
LAPTM4A,MYNN,1,1
LAPTM4A,NCBP2-AS2,1,1
LAPTM4A,NCR3LG1,1,1
LAPTM4A,NEK7,1,1
LAPTM4A,NIPAL1,1,1
LAPTM4A,NOSIP,1,1
LAPTM4A,PDE12,1,1
LAPTM4A,PFDN2,1,1
LAPTM4A,PLAUR,1,1
LAPTM4A,PLEKHH1,1,1
LAPTM4A,PMM1,1,1
LAPTM4A,POLR3E,1,1
LAPTM4A,PPCS,1,1
LAPTM4A,PPM1G,1,1
LAPTM4A,PRKCI,1,1
LAPTM4A,PRPF4,1,1
LAPTM4A,PSMA3,1,1
LAPTM4A,PSMA6,1,1
LAPTM4A,PSMC3,1,1
LAPTM4A,PSMC4,1,1
LAPTM4A,PSMC5,1,1
LAPTM4A,PSMC6,1,1
LAPTM4A,PSMD2,1,1
LAPTM4A,PSMD4,1,1
LAPTM4A,PTPRB,1,1
LAPTM4A,PUS7L,1,1
LAPTM4A,QSER1,1,1
LAPTM4A,RLIM,1,1
LAPTM4A,RNF13,1,1
LAPTM4A,RNF168,1,1
LAPTM4A,RPL35A,1,1
LAPTM4A,RPS26,1,1
LAPTM4A,RTP4,1,1
LAPTM4A,RUVBL2,1,1
LAPTM4A,SCHIP1,1,1
LAPTM4A,SCPEP1,1,1
LAPTM4A,SDCBP,1,1
LAPTM4A,SEPT9,1,1
LAPTM4A,SERBP1,1,1
LAPTM4A,SERINC1,1,1
LAPTM4A,SIX1,1,1
LAPTM4A,SLC11A2,1,1
LAPTM4A,SLC25A51,1,1
LAPTM4A,SLC2A4RG,1,1
LAPTM4A,SLC39A1,1,1
LAPTM4A,SMARCD1,1,1
LAPTM4A,SMN1,1,1
LAPTM4A,SPIN4,1,1
LAPTM4A,SRP19,1,1
LAPTM4A,SSRP1,1,1
LAPTM4A,TANGO2,1,1
LAPTM4A,TARS,1,1
LAPTM4A,TIMM17A,1,1
LAPTM4A,TIMM8A,1,1
LAPTM4A,TMEM69,1,1
LAPTM4A,TNFRSF12A,1,1
LAPTM4A,TRAF5,1,1
LAPTM4A,TRIP13,1,1
LAPTM4A,TROVE2,1,1
LAPTM4A,TTC39C,1,1
LAPTM4A,TUBB3,1,1
LAPTM4A,UBE2C,1,1
LAPTM4A,UGT8,1,1
LAPTM4A,VEZT,1,1
LAPTM4A,VMA21,1,1
LAPTM4A,WDR74,1,1
LAPTM4A,ZIC2,1,1
LAPTM4A,ZNF678,1,1
LAPTM4A,ZNF695,1,1
LAMB3,ABCA5,1,1
LAMB3,ACSL4,1,1
LAMB3,ADAM9,1,1
LAMB3,ANXA1,1,1
LAMB3,ARHGAP31,1,1
LAMB3,C16ORF91,1,1
LAMB3,CD63,1,1
LAMB3,CDC42EP2,1,1
LAMB3,CDH2,1,1
LAMB3,CDK7,1,1
LAMB3,CFL2,1,1
LAMB3,CIAO1,1,1
LAMB3,CLPTM1L,1,1
LAMB3,CMSS1,1,1
LAMB3,CNPY3,1,1
LAMB3,COPS5,1,1
LAMB3,EIF2AK4,1,1
LAMB3,ELK3,1,1
LAMB3,EMG1,1,1
LAMB3,FAM69B,1,1
LAMB3,FCHSD2,1,1
LAMB3,FEZ2,1,1
LAMB3,FKBP3,1,1
LAMB3,FRMD5,1,1
LAMB3,FTSJ1,1,1
LAMB3,FTSJ3,1,1
LAMB3,GCH1,1,1
LAMB3,GSTK1,1,1
LAMB3,GSTM4,1,1
LAMB3,HS1BP3,1,1
LAMB3,IGF2BP1,1,1
LAMB3,ISY1,1,1
LAMB3,KARS,1,1
LAMB3,KIAA0319L,1,1
LAMB3,KIAA0586,1,1
LAMB3,KIF3A,1,1
LAMB3,KRT18,1,1
LAMB3,LARGE1,1,1
LAMB3,MAGED2,1,1
LAMB3,MAN2A2,1,1
LAMB3,MAP4K5,1,1
LAMB3,MCFD2,1,1
LAMB3,METTL9,1,1
LAMB3,MICALL1,1,1
LAMB3,MNAT1,1,1
LAMB3,MRPL21,1,1
LAMB3,MT1X,1,1
LAMB3,MYNN,1,1
LAMB3,NCBP2-AS2,1,1
LAMB3,NCR3LG1,1,1
LAMB3,NIPAL1,1,1
LAMB3,PFDN2,1,1
LAMB3,PLAUR,1,1
LAMB3,PMM1,1,1
LAMB3,PPCS,1,1
LAMB3,PSMA6,1,1
LAMB3,PSMB5,1,1
LAMB3,PTPRB,1,1
LAMB3,QSER1,1,1
LAMB3,RIN1,1,1
LAMB3,RIN2,1,1
LAMB3,RUVBL2,1,1
LAMB3,SAMD1,1,1
LAMB3,SCN8A,1,1
LAMB3,SEPT9,1,1
LAMB3,SLC11A2,1,1
LAMB3,SLC2A4RG,1,1
LAMB3,SMN1,1,1
LAMB3,TIMM17A,1,1
LAMB3,TMA16,1,1
LAMB3,TNFRSF12A,1,1
LAMB3,TRUB2,1,1
LAMB3,UBE2N,1,1
LAMB3,UGT8,1,1
LAMB3,VEZT,1,1
LAMB3,WDR18,1,1
LAMB3,WDR74,1,1
LAMB3,ZNF678,1,1
GTF2H3,ACACB,1,1
GTF2H3,ACSL4,1,1
GTF2H3,ACSS1,1,1
GTF2H3,ACTN1,1,1
GTF2H3,ARF4,1,1
GTF2H3,ATP6AP1,1,1
GTF2H3,BVES,1,1
GTF2H3,C1ORF216,1,1
GTF2H3,CCDC112,1,1
GTF2H3,CCT8,1,1
GTF2H3,CDC73,1,1
GTF2H3,CFL2,1,1
GTF2H3,CMPK1,1,1
GTF2H3,CWC27,1,1
GTF2H3,DPF1,1,1
GTF2H3,DPY19L2P1,1,1
GTF2H3,DUSP12,1,1
GTF2H3,EIF2B1,1,1
GTF2H3,EIF3G,1,1
GTF2H3,FAM189A2,1,1
GTF2H3,FARSA,1,1
GTF2H3,FBXL4,1,1
GTF2H3,FGFR4,1,1
GTF2H3,FSD1,1,1
GTF2H3,GHDC,1,1
GTF2H3,GLB1,1,1
GTF2H3,GLMP,1,1
GTF2H3,GMFB,1,1
GTF2H3,IGF2BP1,1,1
GTF2H3,IRAK1,1,1
GTF2H3,ITGB3BP,1,1
GTF2H3,KLF15,1,1
GTF2H3,LURAP1,1,1
GTF2H3,MEGF8,1,1
GTF2H3,MLKL,1,1
GTF2H3,MRPL47,1,1
GTF2H3,MTFR1L,1,1
GTF2H3,MYNN,1,1
GTF2H3,NRGN,1,1
GTF2H3,PLEKHH1,1,1
GTF2H3,POLR3E,1,1
GTF2H3,PRKCI,1,1
GTF2H3,PSMA6,1,1
GTF2H3,PSMC4,1,1
GTF2H3,PSMC5,1,1
GTF2H3,PSMD4,1,1
GTF2H3,RLIM,1,1
GTF2H3,RPL35A,1,1
GTF2H3,RUVBL2,1,1
GTF2H3,SCHIP1,1,1
GTF2H3,SDCBP,1,1
GTF2H3,SERINC1,1,1
GTF2H3,SIX1,1,1
GTF2H3,SLC39A1,1,1
GTF2H3,SMIM15,1,1
GTF2H3,SRP19,1,1
GTF2H3,TANGO2,1,1
GTF2H3,TAOK2,1,1
GTF2H3,TBPL1,1,1
GTF2H3,TDRP,1,1
GTF2H3,TERF1,1,1
GTF2H3,TIMM17A,1,1
GTF2H3,TIMM8A,1,1
GTF2H3,TMEM69,1,1
GTF2H3,TRAF5,1,1
GTF2H3,TROVE2,1,1
GTF2H3,TTC39C,1,1
GTF2H3,TUBB3,1,1
GTF2H3,UBE2C,1,1
GTF2H3,UGT8,1,1
GTF2H3,VAT1,1,1
GTF2H3,VMA21,1,1
GTF2H3,VRK3,1,1
NENF,AC093616.4,1,1
NENF,ALDH1A3,1,1
NENF,ANXA3,1,1
NENF,ARFIP2,1,1
NENF,ATG9A,1,1
NENF,BMI1,1,1
NENF,C14ORF142,1,1
NENF,C19ORF47,1,1
NENF,CDK4,1,1
NENF,DNAJC5,1,1
NENF,DPM1,1,1
NENF,DUXAP9,1,1
NENF,EIF6,1,1
NENF,FAM60A,1,1
NENF,GLO1,1,1
NENF,GOLPH3L,1,1
NENF,GPAT3,1,1
NENF,GRHPR,1,1
NENF,HEXIM2,1,1
NENF,KIAA1429,1,1
NENF,KMT5A,1,1
NENF,LARS,1,1
NENF,LRRC40,1,1
NENF,MOCS3,1,1
NENF,MYOF,1,1
NENF,MYSM1,1,1
NENF,NAGLU,1,1
NENF,NANP,1,1
NENF,NCALD,1,1
NENF,NDUFA1,1,1
NENF,NPEPPS,1,1
NENF,NUDCD1,1,1
NENF,NUP58,1,1
NENF,NXT1,1,1
NENF,OSBPL11,1,1
NENF,PGGT1B,1,1
NENF,PHIP,1,1
NENF,PTPRJ,1,1
NENF,RAB4A,1,1
NENF,RNF113A,1,1
NENF,RNF114,1,1
NENF,RP11-529K1.3,1,1
NENF,RRAS2,1,1
NENF,SF3B6,1,1
NENF,SMIM13,1,1
NENF,SNRNP200,1,1
NENF,ST3GAL4,1,1
NENF,ST3GAL6,1,1
NENF,TRUB1,1,1
NENF,TTC1,1,1
NENF,UBA6,1,1
NENF,UBE2J2,1,1
NENF,UBE2V1,1,1
NENF,UHMK1,1,1
NENF,WDR46,1,1
NENF,XRN2,1,1
NENF,ZNF473,1,1
NENF,ZRANB2,1,1
PTPRJ,AC093616.4,1,1
PTPRJ,ACOX1,1,1
PTPRJ,ALDH18A1,1,1
PTPRJ,ARFIP2,1,1
PTPRJ,BMI1,1,1
PTPRJ,C12ORF75,1,1
PTPRJ,C14ORF142,1,1
PTPRJ,C19ORF47,1,1
PTPRJ,C5ORF42,1,1
PTPRJ,CDK4,1,1
PTPRJ,CKLF,1,1
PTPRJ,CKS1B,1,1
PTPRJ,CYB5B,1,1
PTPRJ,DDX39B,1,1
PTPRJ,DPH2,1,1
PTPRJ,DPM1,1,1
PTPRJ,DUXAP9,1,1
PTPRJ,EIF6,1,1
PTPRJ,FAM60A,1,1
PTPRJ,GLO1,1,1
PTPRJ,GOLPH3L,1,1
PTPRJ,GPAT3,1,1
PTPRJ,GRASP,1,1
PTPRJ,HERPUD2,1,1
PTPRJ,HEXIM2,1,1
PTPRJ,HRAS,1,1
PTPRJ,IGSF3,1,1
PTPRJ,ITPA,1,1
PTPRJ,KMT5A,1,1
PTPRJ,LARS,1,1
PTPRJ,LRRC40,1,1
PTPRJ,MIPEP,1,1
PTPRJ,MOCS3,1,1
PTPRJ,MRPS14,1,1
PTPRJ,MRPS26,1,1
PTPRJ,MRPS27,1,1
PTPRJ,MYOF,1,1
PTPRJ,MYSM1,1,1
PTPRJ,NAGLU,1,1
PTPRJ,NANP,1,1
PTPRJ,NDUFA1,1,1
PTPRJ,NPEPPS,1,1
PTPRJ,NPM3,1,1
PTPRJ,NTHL1,1,1
PTPRJ,NUDCD1,1,1
PTPRJ,NUP58,1,1
PTPRJ,NXT1,1,1
PTPRJ,PAFAH2,1,1
PTPRJ,PJA1,1,1
PTPRJ,PLS1,1,1
PTPRJ,PPP2CA,1,1
PTPRJ,PRKCDBP,1,1
PTPRJ,RAB4A,1,1
PTPRJ,RAB7A,1,1
PTPRJ,RNASEK,1,1
PTPRJ,RNF113A,1,1
PTPRJ,RNF114,1,1
PTPRJ,RP11-529K1.3,1,1
PTPRJ,RPL6,1,1
PTPRJ,RPS21,1,1
PTPRJ,RRAS2,1,1
PTPRJ,SF3B6,1,1
PTPRJ,SLC35D1,1,1
PTPRJ,SMIM13,1,1
PTPRJ,ST3GAL4,1,1
PTPRJ,ST3GAL6,1,1
PTPRJ,STAMBPL1,1,1
PTPRJ,TATDN1,1,1
PTPRJ,TMEM41B,1,1
PTPRJ,UBA6,1,1
PTPRJ,UBE2J2,1,1
PTPRJ,UBE2V1,1,1
PTPRJ,UCHL5,1,1
PTPRJ,USP28,1,1
PTPRJ,WDR46,1,1
PTPRJ,WWC1,1,1
PTPRJ,XRN2,1,1
PTPRJ,ZBTB37,1,1
PTPRJ,ZNF655,1,1
PTPRJ,ZRANB2,1,1
DPH2,ABCE1,1,1
DPH2,ACOX1,1,1
DPH2,ARF5,1,1
DPH2,BCCIP,1,1
DPH2,BMI1,1,1
DPH2,C12ORF75,1,1
DPH2,C19ORF47,1,1
DPH2,C5ORF42,1,1
DPH2,CACTIN,1,1
DPH2,CAPN15,1,1
DPH2,CCDC138,1,1
DPH2,CDCA5,1,1
DPH2,CDK4,1,1
DPH2,CKS1B,1,1
DPH2,CSTF2,1,1
DPH2,CWC22,1,1
DPH2,CYB5B,1,1
DPH2,DCAF13,1,1
DPH2,DDX18,1,1
DPH2,DDX31,1,1
DPH2,DDX39B,1,1
DPH2,DEK,1,1
DPH2,DIAPH1,1,1
DPH2,DNA2,1,1
DPH2,DPM1,1,1
DPH2,EIF6,1,1
DPH2,ENY2,1,1
DPH2,ERVK3-1,1,1
DPH2,GFER,1,1
DPH2,GLRX2,1,1
DPH2,GRWD1,1,1
DPH2,HARS,1,1
DPH2,HCFC1,1,1
DPH2,HNRNPA1P48,1,1
DPH2,HOXB2,1,1
DPH2,HRAS,1,1
DPH2,IPO11,1,1
DPH2,IQCJ-SCHIP1,1,1
DPH2,KHDRBS1,1,1
DPH2,KIAA0101,1,1
DPH2,KIAA1429,1,1
DPH2,KMT5A,1,1
DPH2,KPNA3,1,1
DPH2,KTI12,1,1
DPH2,LARP4,1,1
DPH2,LMNB1,1,1
DPH2,LRR1,1,1
DPH2,MAD2L1,1,1
DPH2,MCM10,1,1
DPH2,MCMBP,1,1
DPH2,MED10,1,1
DPH2,MSH2,1,1
DPH2,MYBL2,1,1
DPH2,MYSM1,1,1
DPH2,MZT1,1,1
DPH2,NAA15,1,1
DPH2,NAA20,1,1
DPH2,NANP,1,1
DPH2,NOLC1,1,1
DPH2,NPEPPS,1,1
DPH2,NPM3,1,1
DPH2,NUDCD1,1,1
DPH2,NUP107,1,1
DPH2,NUP58,1,1
DPH2,NXT1,1,1
DPH2,ORC2,1,1
DPH2,PAFAH2,1,1
DPH2,PAK1IP1,1,1
DPH2,PCLO,1,1
DPH2,PDRG1,1,1
DPH2,PDSS1,1,1
DPH2,PGGT1B,1,1
DPH2,POLE3,1,1
DPH2,POLR2D,1,1
DPH2,PPIH,1,1
DPH2,PPM1G,1,1
DPH2,PPP2CA,1,1
DPH2,PPRC1,1,1
DPH2,PRELID1,1,1
DPH2,RARS,1,1
DPH2,RBM12,1,1
DPH2,RNASEK,1,1
DPH2,RPP30,1,1
DPH2,RRP12,1,1
DPH2,RRP1B,1,1
DPH2,RRP36,1,1
DPH2,SAPCD2,1,1
DPH2,SART3,1,1
DPH2,SH2D5,1,1
DPH2,SKA3,1,1
DPH2,SKIV2L2,1,1
DPH2,SMIM13,1,1
DPH2,SNRPC,1,1
DPH2,SRP72,1,1
DPH2,SRPK1,1,1
DPH2,SRSF3,1,1
DPH2,STAMBPL1,1,1
DPH2,SVIP,1,1
DPH2,TAF2,1,1
DPH2,TFAM,1,1
DPH2,TFB2M,1,1
DPH2,TMEM14B,1,1
DPH2,TOP3A,1,1
DPH2,TPM3,1,1
DPH2,TPRKB,1,1
DPH2,TRIP13,1,1
DPH2,TRPM2,1,1
DPH2,TXN,1,1
DPH2,UBE2J2,1,1
DPH2,UBE2V1,1,1
DPH2,UCHL5,1,1
DPH2,UHRF1,1,1
DPH2,UHRF1BP1L,1,1
DPH2,USP1,1,1
DPH2,WDR46,1,1
DPH2,WWC1,1,1
DPH2,ZNF142,1,1
DPH2,ZNF473,1,1
DPH2,ZNF655,1,1
DPH2,ZW10,1,1
DPH2,ZWILCH,1,1
BRAF,ACD,1,1
BRAF,ANKRD33B,1,1
BRAF,ARF4,1,1
BRAF,ARHGAP31,1,1
BRAF,BCL2A1,1,1
BRAF,BTF3L4,1,1
BRAF,CFL2,1,1
BRAF,COQ7,1,1
BRAF,CPT1A,1,1
BRAF,DHX35,1,1
BRAF,FBXL6,1,1
BRAF,GABRA5,1,1
BRAF,GCH1,1,1
BRAF,GLO1,1,1
BRAF,GNE,1,1
BRAF,IFI44,1,1
BRAF,LPGAT1,1,1
BRAF,METTL2A,1,1
BRAF,NOSIP,1,1
BRAF,PFDN2,1,1
BRAF,PLEKHA8,1,1
BRAF,PTPN3,1,1
BRAF,RNF13,1,1
BRAF,RUVBL2,1,1
BRAF,SEPHS2,1,1
BRAF,SEPT9,1,1
BRAF,SIX1,1,1
BRAF,SLC11A2,1,1
BRAF,SLC25A43,1,1
BRAF,SLC25A51,1,1
BRAF,SLC2A4RG,1,1
BRAF,SNRPE,1,1
BRAF,ST3GAL6,1,1
BRAF,STX6,1,1
BRAF,TATDN1,1,1
BRAF,TIMM17B,1,1
BRAF,TMEM126A,1,1
BRAF,TRIM62,1,1
BRAF,UBE2T,1,1
BRAF,UGT8,1,1
BRAF,ZNF436,1,1
GLO1,AC093616.4,1,1
GLO1,ACD,1,1
GLO1,ACOX1,1,1
GLO1,AHI1,1,1
GLO1,ALDH1A3,1,1
GLO1,ANKRD33B,1,1
GLO1,ANXA3,1,1
GLO1,ARF4,1,1
GLO1,BMI1,1,1
GLO1,BNIP1,1,1
GLO1,BTF3L4,1,1
GLO1,C12ORF75,1,1
GLO1,C19ORF47,1,1
GLO1,CAAP1,1,1
GLO1,CCDC109B,1,1
GLO1,CDC123,1,1
GLO1,CDH2,1,1
GLO1,CDK4,1,1
GLO1,CEP250,1,1
GLO1,CKLF,1,1
GLO1,CKS1B,1,1
GLO1,CSNK2B,1,1
GLO1,CTNNAL1,1,1
GLO1,DDX39B,1,1
GLO1,DEK,1,1
GLO1,DPM1,1,1
GLO1,DUXAP9,1,1
GLO1,EIF3H,1,1
GLO1,EIF3K,1,1
GLO1,EIF6,1,1
GLO1,ERI1,1,1
GLO1,FAM199X,1,1
GLO1,FAM60A,1,1
GLO1,FBXL6,1,1
GLO1,GADD45A,1,1
GLO1,GART,1,1
GLO1,GOLPH3L,1,1
GLO1,GPBP1L1,1,1
GLO1,GRASP,1,1
GLO1,GRHPR,1,1
GLO1,HRAS,1,1
GLO1,HTR7,1,1
GLO1,IFI44,1,1
GLO1,IQCJ-SCHIP1,1,1
GLO1,KIAA1429,1,1
GLO1,KMT5A,1,1
GLO1,KPNA3,1,1
GLO1,LARS,1,1
GLO1,LIN7C,1,1
GLO1,LINC01296,1,1
GLO1,LRRC40,1,1
GLO1,MED10,1,1
GLO1,MIER1,1,1
GLO1,MMP24-AS1,1,1
GLO1,MRPL33,1,1
GLO1,MRPS10,1,1
GLO1,MRPS14,1,1
GLO1,MRPS27,1,1
GLO1,MYOF,1,1
GLO1,MYSM1,1,1
GLO1,MZT1,1,1
GLO1,NAA15,1,1
GLO1,NANP,1,1
GLO1,NDUFA1,1,1
GLO1,NELFE,1,1
GLO1,NPEPPS,1,1
GLO1,NPM3,1,1
GLO1,NTHL1,1,1
GLO1,NUDCD1,1,1
GLO1,NUP58,1,1
GLO1,NXT1,1,1
GLO1,PDF,1,1
GLO1,PDSS1,1,1
GLO1,PFDN2,1,1
GLO1,PFN1,1,1
GLO1,PGGT1B,1,1
GLO1,PHIP,1,1
GLO1,PLS1,1,1
GLO1,PPM1G,1,1
GLO1,PPP2CA,1,1
GLO1,PRIM2,1,1
GLO1,PRKCDBP,1,1
GLO1,PSMC4,1,1
GLO1,PUS7L,1,1
GLO1,RAB7A,1,1
GLO1,RARS,1,1
GLO1,RFWD2,1,1
GLO1,RNASEK,1,1
GLO1,RNF113A,1,1
GLO1,RP11-529K1.3,1,1
GLO1,RPF1,1,1
GLO1,RPL6,1,1
GLO1,RPS21,1,1
GLO1,RRAS2,1,1
GLO1,SERBP1,1,1
GLO1,SF3B6,1,1
GLO1,SH2D5,1,1
GLO1,SLC11A2,1,1
GLO1,SLC25A43,1,1
GLO1,SLC25A51,1,1
GLO1,SMIM13,1,1
GLO1,SMNDC1,1,1
GLO1,SNRPE,1,1
GLO1,SRP72,1,1
GLO1,ST3GAL6,1,1
GLO1,SVIP,1,1
GLO1,TATDN1,1,1
GLO1,TFAM,1,1
GLO1,TMEM123,1,1
GLO1,TMEM14B,1,1
GLO1,TPRKB,1,1
GLO1,TRIM62,1,1
GLO1,TRIP13,1,1
GLO1,TRUB1,1,1
GLO1,TSSC4,1,1
GLO1,TTC28,1,1
GLO1,UBA6,1,1
GLO1,UBE2J2,1,1
GLO1,UBE2T,1,1
GLO1,UBE2V1,1,1
GLO1,UBE2V2,1,1
GLO1,UCHL5,1,1
GLO1,UGT8,1,1
GLO1,UHMK1,1,1
GLO1,USP28,1,1
GLO1,WDR46,1,1
GLO1,WWC1,1,1
GLO1,ZNF195,1,1
GLO1,ZNF281,1,1
GLO1,ZNF473,1,1
GLO1,ZNF655,1,1
GLO1,ZRANB2,1,1
GLO1,ZWILCH,1,1
RPIA,AKAP8,1,1
RPIA,COA7,1,1
RPIA,EIF3J,1,1
RPIA,HNRNPK,1,1
RPIA,LYAR,1,1
RPIA,SRSF1,1,1
ITGB3BP,ANP32E,1,1
ITGB3BP,BRIX1,1,1
ITGB3BP,BTG3,1,1
ITGB3BP,BUB1B,1,1
ITGB3BP,BVES,1,1
ITGB3BP,C14ORF80,1,1
ITGB3BP,CCDC112,1,1
ITGB3BP,CCT8,1,1
ITGB3BP,CSTF2,1,1
ITGB3BP,DAZAP1,1,1
ITGB3BP,DEPDC1B,1,1
ITGB3BP,DHX35,1,1
ITGB3BP,DPF1,1,1
ITGB3BP,DPY19L2P1,1,1
ITGB3BP,DUSP12,1,1
ITGB3BP,FBXL4,1,1
ITGB3BP,GHDC,1,1
ITGB3BP,HDAC3,1,1
ITGB3BP,HNRNPL,1,1
ITGB3BP,ILF2,1,1
ITGB3BP,KIAA0101,1,1
ITGB3BP,KIF14,1,1
ITGB3BP,L2HGDH,1,1
ITGB3BP,LBR,1,1
ITGB3BP,LMNB1,1,1
ITGB3BP,MEGF8,1,1
ITGB3BP,MRPL47,1,1
ITGB3BP,MYBL2,1,1
ITGB3BP,NRGN,1,1
ITGB3BP,PCGF5,1,1
ITGB3BP,PGAM5,1,1
ITGB3BP,POLR3E,1,1
ITGB3BP,PPP5C,1,1
ITGB3BP,PRIM2,1,1
ITGB3BP,PSMA3,1,1
ITGB3BP,PSMC5,1,1
ITGB3BP,PSMD4,1,1
ITGB3BP,RAD51AP1,1,1
ITGB3BP,RFWD3,1,1
ITGB3BP,RUVBL2,1,1
ITGB3BP,SIX1,1,1
ITGB3BP,TDRP,1,1
ITGB3BP,TERF1,1,1
ITGB3BP,TIMM8A,1,1
ITGB3BP,TMEM126A,1,1
ITGB3BP,TMEM69,1,1
ITGB3BP,TPRKB,1,1
ITGB3BP,TRIP13,1,1
ITGB3BP,UBE2C,1,1
ITGB3BP,VBP1,1,1
ITGB3BP,VRK3,1,1
ITGB3BP,XRCC3,1,1
ITGB3BP,ZIC2,1,1
ITGB3BP,ZNF695,1,1
SMIM15,ABCE1,1,1
SMIM15,AC009237.8,1,1
SMIM15,ACOX1,1,1
SMIM15,ACTN1,1,1
SMIM15,ARF4,1,1
SMIM15,ARF5,1,1
SMIM15,ATP6AP1,1,1
SMIM15,BRIX1,1,1
SMIM15,BZW1,1,1
SMIM15,CBFB,1,1
SMIM15,CBY1,1,1
SMIM15,CCDC112,1,1
SMIM15,CCT2,1,1
SMIM15,CDK19,1,1
SMIM15,CHRNA5,1,1
SMIM15,CLINT1,1,1
SMIM15,CMPK1,1,1
SMIM15,CPSF6,1,1
SMIM15,CYB5D2,1,1
SMIM15,DDX18,1,1
SMIM15,DIAPH1,1,1
SMIM15,DUSP12,1,1
SMIM15,EIF2B1,1,1
SMIM15,ELAVL1,1,1
SMIM15,ELOVL1,1,1
SMIM15,FAM189A2,1,1
SMIM15,GHDC,1,1
SMIM15,GLB1,1,1
SMIM15,GLRX2,1,1
SMIM15,GMEB2,1,1
SMIM15,GMFB,1,1
SMIM15,IRAK1,1,1
SMIM15,KIF14,1,1
SMIM15,KLF15,1,1
SMIM15,LURAP1,1,1
SMIM15,MEGF8,1,1
SMIM15,MLKL,1,1
SMIM15,MRPL47,1,1
SMIM15,MTFR1L,1,1
SMIM15,NAGLU,1,1
SMIM15,PGAM5,1,1
SMIM15,PHIP,1,1
SMIM15,PPP2CA,1,1
SMIM15,PRKCI,1,1
SMIM15,PSMC5,1,1
SMIM15,PSME4,1,1
SMIM15,RAD23B,1,1
SMIM15,RFK,1,1
SMIM15,RNASEK,1,1
SMIM15,RNF126,1,1
SMIM15,RNF138,1,1
SMIM15,SCHIP1,1,1
SMIM15,SKIV2L2,1,1
SMIM15,SMAGP,1,1
SMIM15,SRP19,1,1
SMIM15,SYNCRIP,1,1
SMIM15,TDRP,1,1
SMIM15,TFB2M,1,1
SMIM15,TMEM126A,1,1
SMIM15,TMEM69,1,1
SMIM15,TPM3,1,1
SMIM15,TPRKB,1,1
SMIM15,TTC4,1,1
SMIM15,UCHL5,1,1
SMIM15,VBP1,1,1
SMIM15,VMA21,1,1
SMIM15,XPOT,1,1
MTFR1L,ABCE1,1,1
MTFR1L,ACTN1,1,1
MTFR1L,ARF4,1,1
MTFR1L,ATP6AP1,1,1
MTFR1L,BRIX1,1,1
MTFR1L,C19ORF66,1,1
MTFR1L,CBFB,1,1
MTFR1L,CBY1,1,1
MTFR1L,CCDC112,1,1
MTFR1L,CCT8,1,1
MTFR1L,CLINT1,1,1
MTFR1L,CMPK1,1,1
MTFR1L,CPSF6,1,1
MTFR1L,CSTF2,1,1
MTFR1L,DDX18,1,1
MTFR1L,DEPDC1B,1,1
MTFR1L,DIAPH1,1,1
MTFR1L,DUSP12,1,1
MTFR1L,EIF2B1,1,1
MTFR1L,ELAVL1,1,1
MTFR1L,FAM189A2,1,1
MTFR1L,FAM234A,1,1
MTFR1L,GALT,1,1
MTFR1L,GHDC,1,1
MTFR1L,GLRX2,1,1
MTFR1L,GMFB,1,1
MTFR1L,IRAK1,1,1
MTFR1L,KHDRBS1,1,1
MTFR1L,KIAA1429,1,1
MTFR1L,KIAA1586,1,1
MTFR1L,KIF14,1,1
MTFR1L,KLF15,1,1
MTFR1L,KLHL8,1,1
MTFR1L,L2HGDH,1,1
MTFR1L,LARP4,1,1
MTFR1L,LBR,1,1
MTFR1L,LLPH,1,1
MTFR1L,LURAP1,1,1
MTFR1L,MEGF8,1,1
MTFR1L,MLKL,1,1
MTFR1L,MRPL47,1,1
MTFR1L,NAGLU,1,1
MTFR1L,PGAM5,1,1
MTFR1L,PHIP,1,1
MTFR1L,PKNOX1,1,1
MTFR1L,PPM1G,1,1
MTFR1L,PPP2CA,1,1
MTFR1L,PRIM2,1,1
MTFR1L,PRKCI,1,1
MTFR1L,PRPF6,1,1
MTFR1L,PSMC4,1,1
MTFR1L,PSMC5,1,1
MTFR1L,PSME4,1,1
MTFR1L,RAB4B,1,1
MTFR1L,RAD23B,1,1
MTFR1L,RNASEK,1,1
MTFR1L,RNF126,1,1
MTFR1L,RP11-529K1.3,1,1
MTFR1L,SART3,1,1
MTFR1L,SCYL3,1,1
MTFR1L,SGSM3,1,1
MTFR1L,SIX1,1,1
MTFR1L,SKIV2L2,1,1
MTFR1L,SNRNP200,1,1
MTFR1L,SOX10,1,1
MTFR1L,SRP19,1,1
MTFR1L,SYNCRIP,1,1
MTFR1L,TDRP,1,1
MTFR1L,TERF1,1,1
MTFR1L,TFB2M,1,1
MTFR1L,TIMM17A,1,1
MTFR1L,TIMM8A,1,1
MTFR1L,TMEM206,1,1
MTFR1L,TMEM69,1,1
MTFR1L,TPM3,1,1
MTFR1L,TPRKB,1,1
MTFR1L,TTC28,1,1
MTFR1L,UBE2C,1,1
MTFR1L,UCHL5,1,1
MTFR1L,UHRF1BP1L,1,1
MTFR1L,UTP23,1,1
MTFR1L,VBP1,1,1
MTFR1L,VMA21,1,1
MTFR1L,VRK3,1,1
MTFR1L,ZNF695,1,1
BORA,BCCIP,1,1
BORA,BNIP1,1,1
BORA,C4ORF46,1,1
BORA,CASC5,1,1
BORA,CCAR1,1,1
BORA,CDCA5,1,1
BORA,CENPJ,1,1
BORA,CEP55,1,1
BORA,CKS1B,1,1
BORA,DEK,1,1
BORA,DNAJC9,1,1
BORA,EIF4E,1,1
BORA,ENY2,1,1
BORA,ERLIN1,1,1
BORA,HAUS2,1,1
BORA,HMGB2,1,1
BORA,HMGN1,1,1
BORA,HNRNPA1P48,1,1
BORA,HRAS,1,1
BORA,KIF11,1,1
BORA,KPNA3,1,1
BORA,MASTL,1,1
BORA,MCMBP,1,1
BORA,MRPL1,1,1
BORA,MRPS10,1,1
BORA,MTF2,1,1
BORA,MZT1,1,1
BORA,NAA20,1,1
BORA,NUP58,1,1
BORA,NUP93,1,1
BORA,PDLIM5,1,1
BORA,PDSS1,1,1
BORA,PGGT1B,1,1
BORA,PLK4,1,1
BORA,RHBDF1,1,1
BORA,SKA3,1,1
BORA,SPRYD7,1,1
BORA,SUPV3L1,1,1
BORA,TCF19,1,1
BORA,TFAM,1,1
BORA,TYW3,1,1
BORA,VRK1,1,1
BORA,ZNF544,1,1
BORA,ZW10,1,1
OTUD6B,ABCE1,1,1
OTUD6B,BZW1,1,1
OTUD6B,CCT2,1,1
OTUD6B,CEBPZ,1,1
OTUD6B,CHAC2,1,1
OTUD6B,CRLF3,1,1
OTUD6B,DDX18,1,1
OTUD6B,EEF1E1,1,1
OTUD6B,ESCO2,1,1
OTUD6B,GRWD1,1,1
OTUD6B,IPO11,1,1
OTUD6B,LRRC58,1,1
OTUD6B,MATR3,1,1
OTUD6B,NBN,1,1
OTUD6B,RAD23B,1,1
OTUD6B,RBM12,1,1
OTUD6B,RBM27,1,1
OTUD6B,RMI1,1,1
OTUD6B,RNF138,1,1
OTUD6B,SOWAHC,1,1
OTUD6B,SRSF3,1,1
OTUD6B,TMEM205,1,1
OTUD6B,TMEM63B,1,1
OTUD6B,TTC4,1,1
OTUD6B,TUBA1C,1,1
OTUD6B,UBA2,1,1
SF3B3,ABCE1,1,1
SF3B3,AKAP8,1,1
SF3B3,BRIX1,1,1
SF3B3,BZW1,1,1
SF3B3,CCDC138,1,1
SF3B3,CCNA2,1,1
SF3B3,CCP110,1,1
SF3B3,CEBPZ,1,1
SF3B3,COA7,1,1
SF3B3,DDX18,1,1
SF3B3,DIAPH1,1,1
SF3B3,DIMT1,1,1
SF3B3,ERVK3-1,1,1
SF3B3,GLRX2,1,1
SF3B3,GPATCH4,1,1
SF3B3,GRWD1,1,1
SF3B3,GTF3C4,1,1
SF3B3,HCFC1,1,1
SF3B3,HNRNPK,1,1
SF3B3,HNRNPU,1,1
SF3B3,KIAA0101,1,1
SF3B3,KIF14,1,1
SF3B3,LARP4,1,1
SF3B3,LMNB1,1,1
SF3B3,LRR1,1,1
SF3B3,MYBL2,1,1
SF3B3,NAA15,1,1
SF3B3,NOLC1,1,1
SF3B3,PAK1IP1,1,1
SF3B3,PCGF6,1,1
SF3B3,PDRG1,1,1
SF3B3,POLE3,1,1
SF3B3,PPIH,1,1
SF3B3,PTS,1,1
SF3B3,RAB35,1,1
SF3B3,RBM12,1,1
SF3B3,RELT,1,1
SF3B3,RNF126,1,1
SF3B3,RRP1,1,1
SF3B3,RRP1B,1,1
SF3B3,SRSF1,1,1
SF3B3,SRSF3,1,1
SF3B3,SYNCRIP,1,1
SF3B3,TFB2M,1,1
SF3B3,TIPIN,1,1
SF3B3,TRMT61A,1,1
SF3B3,UHRF1BP1L,1,1
SF3B3,USP1,1,1
SF3B3,UTP23,1,1
SF3B3,ZW10,1,1
CCDC138,ABCE1,1,1
CCDC138,BRIX1,1,1
CCDC138,BZW1,1,1
CCDC138,CBFB,1,1
CCDC138,CCNA2,1,1
CCDC138,CCP110,1,1
CCDC138,CCT2,1,1
CCDC138,CEBPZ,1,1
CCDC138,CHEK1,1,1
CCDC138,COA7,1,1
CCDC138,CPSF6,1,1
CCDC138,DCAF13,1,1
CCDC138,DDX18,1,1
CCDC138,DIAPH1,1,1
CCDC138,DIMT1,1,1
CCDC138,ERVK3-1,1,1
CCDC138,ESCO2,1,1
CCDC138,GINS1,1,1
CCDC138,GLRX2,1,1
CCDC138,GRWD1,1,1
CCDC138,HCFC1,1,1
CCDC138,HNRNPU,1,1
CCDC138,IPO11,1,1
CCDC138,KHDRBS1,1,1
CCDC138,KIAA0101,1,1
CCDC138,KIF14,1,1
CCDC138,KLHL8,1,1
CCDC138,LARP4,1,1
CCDC138,LMNB1,1,1
CCDC138,LRR1,1,1
CCDC138,MAD2L1,1,1
CCDC138,MATR3,1,1
CCDC138,MSH2,1,1
CCDC138,NAA15,1,1
CCDC138,NOLC1,1,1
CCDC138,PAFAH2,1,1
CCDC138,PCGF6,1,1
CCDC138,PDRG1,1,1
CCDC138,PDSS1,1,1
CCDC138,PET117,1,1
CCDC138,PGAM5,1,1
CCDC138,POLE3,1,1
CCDC138,POMP,1,1
CCDC138,PPIH,1,1
CCDC138,PPP2CA,1,1
CCDC138,PRPS2,1,1
CCDC138,PTS,1,1
CCDC138,RBM12,1,1
CCDC138,RELT,1,1
CCDC138,RMI1,1,1
CCDC138,RNASEK,1,1
CCDC138,RNF126,1,1
CCDC138,RNF138,1,1
CCDC138,RRP1,1,1
CCDC138,RRP1B,1,1
CCDC138,SKIV2L2,1,1
CCDC138,SMAGP,1,1
CCDC138,SMC2,1,1
CCDC138,SRSF1,1,1
CCDC138,SRSF3,1,1
CCDC138,SYNCRIP,1,1
CCDC138,TFB2M,1,1
CCDC138,TIPIN,1,1
CCDC138,TMEM205,1,1
CCDC138,TMEM63B,1,1
CCDC138,TPM3,1,1
CCDC138,TPRKB,1,1
CCDC138,TUBA1C,1,1
CCDC138,UBA2,1,1
CCDC138,UHRF1BP1L,1,1
CCDC138,USP1,1,1
CCDC138,WWC1,1,1
CCDC138,ZW10,1,1
CCDC138,ZWILCH,1,1
SRP19,ABCE1,1,1
SRP19,ACOX1,1,1
SRP19,ACTN1,1,1
SRP19,AHI1,1,1
SRP19,ANP32E,1,1
SRP19,ARF4,1,1
SRP19,ARF5,1,1
SRP19,ATP6AP1,1,1
SRP19,BCL2A1,1,1
SRP19,BRIX1,1,1
SRP19,BTF3L4,1,1
SRP19,CAAP1,1,1
SRP19,CBR4,1,1
SRP19,CCT5,1,1
SRP19,CCT8,1,1
SRP19,CDC73,1,1
SRP19,CDH2,1,1
SRP19,CDK7,1,1
SRP19,CFL2,1,1
SRP19,CMPK1,1,1
SRP19,CPSF6,1,1
SRP19,CPT1A,1,1
SRP19,CSTF2,1,1
SRP19,CTDSPL2,1,1
SRP19,CWC27,1,1
SRP19,CYP27A1,1,1
SRP19,DAZAP1,1,1
SRP19,DDX18,1,1
SRP19,DDX21,1,1
SRP19,DHRS7B,1,1
SRP19,DHX35,1,1
SRP19,DUSP12,1,1
SRP19,EIF2S1,1,1
SRP19,EIF3M,1,1
SRP19,EIF6,1,1
SRP19,ELAVL1,1,1
SRP19,EP400,1,1
SRP19,ERI1,1,1
SRP19,ERVK3-1,1,1
SRP19,FAM189A2,1,1
SRP19,FAM60A,1,1
SRP19,FBXL6,1,1
SRP19,FBXO45,1,1
SRP19,FTSJ3,1,1
SRP19,GABRA5,1,1
SRP19,GEMIN7,1,1
SRP19,GHDC,1,1
SRP19,GLRX2,1,1
SRP19,GMFB,1,1
SRP19,GOLPH3L,1,1
SRP19,HCFC1,1,1
SRP19,HNRNPU,1,1
SRP19,ID1,1,1
SRP19,ILF2,1,1
SRP19,IQCJ-SCHIP1,1,1
SRP19,KIAA0319L,1,1
SRP19,KIAA1429,1,1
SRP19,KIAA1586,1,1
SRP19,KMT5A,1,1
SRP19,KRT18,1,1
SRP19,LBR,1,1
SRP19,LIN7C,1,1
SRP19,LINC01296,1,1
SRP19,LLPH,1,1
SRP19,LMNB1,1,1
SRP19,LMNB2,1,1
SRP19,LURAP1,1,1
SRP19,MAP4K5,1,1
SRP19,MEGF8,1,1
SRP19,MMP24-AS1,1,1
SRP19,MRPL47,1,1
SRP19,MYBL2,1,1
SRP19,MYNN,1,1
SRP19,MYSM1,1,1
SRP19,NAA15,1,1
SRP19,NCR3LG1,1,1
SRP19,NIPAL1,1,1
SRP19,PAK1IP1,1,1
SRP19,PCGF6,1,1
SRP19,PDE12,1,1
SRP19,PFDN2,1,1
SRP19,PHIP,1,1
SRP19,PLAUR,1,1
SRP19,PLEKHH1,1,1
SRP19,POLR3E,1,1
SRP19,PPM1G,1,1
SRP19,PPP2CA,1,1
SRP19,PRKCI,1,1
SRP19,PRPF4,1,1
SRP19,PSMA3,1,1
SRP19,PSMC3,1,1
SRP19,PSMC4,1,1
SRP19,PSMC5,1,1
SRP19,PSMC6,1,1
SRP19,PSMD2,1,1
SRP19,PUS7L,1,1
SRP19,QSER1,1,1
SRP19,RAD23B,1,1
SRP19,RARS,1,1
SRP19,RNASEK,1,1
SRP19,RNF168,1,1
SRP19,RRP12,1,1
SRP19,RUVBL2,1,1
SRP19,SACS,1,1
SRP19,SCHIP1,1,1
SRP19,SCPEP1,1,1
SRP19,SERBP1,1,1
SRP19,SH2D5,1,1
SRP19,SIX1,1,1
SRP19,SMARCD1,1,1
SRP19,SMIM13,1,1
SRP19,SNRPE,1,1
SRP19,SOX10,1,1
SRP19,SPIN4,1,1
SRP19,SREK1IP1,1,1
SRP19,SRP72,1,1
SRP19,SRPK1,1,1
SRP19,SSRP1,1,1
SRP19,ST3GAL6,1,1
SRP19,SYNCRIP,1,1
SRP19,TARS,1,1
SRP19,TERF1,1,1
SRP19,TFB2M,1,1
SRP19,TIMM17A,1,1
SRP19,TIMM8A,1,1
SRP19,TMCO1,1,1
SRP19,TMEM126A,1,1
SRP19,TNFRSF12A,1,1
SRP19,TOP3A,1,1
SRP19,TPM3,1,1
SRP19,TPRKB,1,1
SRP19,TRIP13,1,1
SRP19,TROVE2,1,1
SRP19,TRUB1,1,1
SRP19,UBE2C,1,1
SRP19,UCHL5,1,1
SRP19,UGT8,1,1
SRP19,UHMK1,1,1
SRP19,UHRF1BP1L,1,1
SRP19,USP1,1,1
SRP19,UTP23,1,1
SRP19,VMA21,1,1
SRP19,ZIC2,1,1
SRP19,ZNF473,1,1
SRP19,ZNF655,1,1
SRP19,ZNF695,1,1
CCT8,ANP32E,1,1
CCT8,ARF4,1,1
CCT8,BRIX1,1,1
CCT8,C12ORF29,1,1
CCT8,C14ORF80,1,1
CCT8,CAPRIN1,1,1
CCT8,CBFB,1,1
CCT8,CBR4,1,1
CCT8,CCDC112,1,1
CCT8,CCP110,1,1
CCT8,CCT5,1,1
CCT8,CDH2,1,1
CCT8,CDK7,1,1
CCT8,CFL2,1,1
CCT8,CMPK1,1,1
CCT8,CMSS1,1,1
CCT8,CNOT3,1,1
CCT8,CNOT7,1,1
CCT8,CNPY3,1,1
CCT8,CPSF6,1,1
CCT8,CSTF2,1,1
CCT8,CTDSPL2,1,1
CCT8,CWC27,1,1
CCT8,DAZAP1,1,1
CCT8,DDX18,1,1
CCT8,DDX21,1,1
CCT8,DDX28,1,1
CCT8,DHRS7B,1,1
CCT8,DHX35,1,1
CCT8,DIMT1,1,1
CCT8,DPF1,1,1
CCT8,DPY19L2P1,1,1
CCT8,DUSP12,1,1
CCT8,EID2,1,1
CCT8,EIF2S1,1,1
CCT8,EIF3M,1,1
CCT8,ELAVL1,1,1
CCT8,ERI1,1,1
CCT8,ERVK3-1,1,1
CCT8,FAM136A,1,1
CCT8,FARSA,1,1
CCT8,FBXL4,1,1
CCT8,FBXL6,1,1
CCT8,FBXO45,1,1
CCT8,FTSJ1,1,1
CCT8,FTSJ3,1,1
CCT8,GABRA5,1,1
CCT8,GCH1,1,1
CCT8,GEMIN7,1,1
CCT8,GHDC,1,1
CCT8,GINS3,1,1
CCT8,GLRX2,1,1
CCT8,GMFB,1,1
CCT8,GPATCH4,1,1
CCT8,HDAC3,1,1
CCT8,HNRNPU,1,1
CCT8,HS1BP3,1,1
CCT8,IGF2BP1,1,1
CCT8,ILF2,1,1
CCT8,IPO4,1,1
CCT8,IQCJ-SCHIP1,1,1
CCT8,IRAK1,1,1
CCT8,KARS,1,1
CCT8,KIAA0319L,1,1
CCT8,KIAA0586,1,1
CCT8,KIAA1586,1,1
CCT8,KRT18,1,1
CCT8,LARP4,1,1
CCT8,LBR,1,1
CCT8,LIN7C,1,1
CCT8,LLPH,1,1
CCT8,LMNB1,1,1
CCT8,LMNB2,1,1
CCT8,LURAP1,1,1
CCT8,MAK16,1,1
CCT8,MAP4K5,1,1
CCT8,MAPK1IP1L,1,1
CCT8,MCM2,1,1
CCT8,MEGF8,1,1
CCT8,MRPL21,1,1
CCT8,MRPL39,1,1
CCT8,MRPL47,1,1
CCT8,MRPL50,1,1
CCT8,MT1X,1,1
CCT8,MYBL2,1,1
CCT8,MYNN,1,1
CCT8,NASP,1,1
CCT8,NCR3LG1,1,1
CCT8,NEK7,1,1
CCT8,NIPAL1,1,1
CCT8,NKX3-1,1,1
CCT8,NRGN,1,1
CCT8,PAK1IP1,1,1
CCT8,PCGF6,1,1
CCT8,PDE12,1,1
CCT8,PLAUR,1,1
CCT8,PLEKHH1,1,1
CCT8,PM20D2,1,1
CCT8,PMM1,1,1
CCT8,PMPCA,1,1
CCT8,POLR3E,1,1
CCT8,PPM1G,1,1
CCT8,PPP2CA,1,1
CCT8,PRKCI,1,1
CCT8,PRPF38A,1,1
CCT8,PRPF4,1,1
CCT8,PRPF40A,1,1
CCT8,PSMA3,1,1
CCT8,PSMA6,1,1
CCT8,PSMC3,1,1
CCT8,PSMC5,1,1
CCT8,PSMC6,1,1
CCT8,PSMD2,1,1
CCT8,PTS,1,1
CCT8,QSER1,1,1
CCT8,RAB4B,1,1
CCT8,RELT,1,1
CCT8,RFWD3,1,1
CCT8,RIOK1,1,1
CCT8,RLIM,1,1
CCT8,RNF168,1,1
CCT8,RRP12,1,1
CCT8,RRS1,1,1
CCT8,RUVBL2,1,1
CCT8,SACS,1,1
CCT8,SERBP1,1,1
CCT8,SET,1,1
CCT8,SIX1,1,1
CCT8,SMN1,1,1
CCT8,SNAPC1,1,1
CCT8,SOX10,1,1
CCT8,SPIN4,1,1
CCT8,SREK1IP1,1,1
CCT8,SRP72,1,1
CCT8,SRPK1,1,1
CCT8,SSRP1,1,1
CCT8,STIP1,1,1
CCT8,SYNCRIP,1,1
CCT8,TBPL1,1,1
CCT8,TERF1,1,1
CCT8,TFB2M,1,1
CCT8,TIMM10,1,1
CCT8,TIMM17A,1,1
CCT8,TIMM8A,1,1
CCT8,TMA16,1,1
CCT8,TMCO1,1,1
CCT8,TMEM126A,1,1
CCT8,TOP3A,1,1
CCT8,TPM3,1,1
CCT8,TRIP13,1,1
CCT8,TROVE2,1,1
CCT8,TUBB3,1,1
CCT8,TUBB4B,1,1
CCT8,UBE2C,1,1
CCT8,UBE2N,1,1
CCT8,UGT8,1,1
CCT8,UHRF1,1,1
CCT8,UTP23,1,1
CCT8,UTP4,1,1
CCT8,VEZT,1,1
CCT8,VMA21,1,1
CCT8,WDR74,1,1
CCT8,WRN,1,1
CCT8,ZDHHC4,1,1
CCT8,ZIC2,1,1
CCT8,ZNF215,1,1
CCT8,ZNF695,1,1
HOOK2,DDX46,1,1
TRUB2,ABCA5,1,1
TRUB2,ADAM9,1,1
TRUB2,ANXA1,1,1
TRUB2,C16ORF91,1,1
TRUB2,CCT5,1,1
TRUB2,CDC42EP2,1,1
TRUB2,CDH2,1,1
TRUB2,CDK7,1,1
TRUB2,CIAO1,1,1
TRUB2,CLPTM1L,1,1
TRUB2,CMSS1,1,1
TRUB2,CNPY3,1,1
TRUB2,COPS5,1,1
TRUB2,ELK3,1,1
TRUB2,EMG1,1,1
TRUB2,FAM69B,1,1
TRUB2,FARSA,1,1
TRUB2,FCHSD2,1,1
TRUB2,FEZ2,1,1
TRUB2,FRMD5,1,1
TRUB2,FTSJ1,1,1
TRUB2,FTSJ3,1,1
TRUB2,GART,1,1
TRUB2,GCH1,1,1
TRUB2,GSTM4,1,1
TRUB2,HMGCL,1,1
TRUB2,ISY1,1,1
TRUB2,KARS,1,1
TRUB2,KIAA0319L,1,1
TRUB2,KIAA0586,1,1
TRUB2,KIF3A,1,1
TRUB2,KLHL18,1,1
TRUB2,KRT18,1,1
TRUB2,MAGED2,1,1
TRUB2,MAN2A2,1,1
TRUB2,MAP4K5,1,1
TRUB2,MCFD2,1,1
TRUB2,MICALL1,1,1
TRUB2,MRPL21,1,1
TRUB2,MT1X,1,1
TRUB2,NCR3LG1,1,1
TRUB2,PFDN2,1,1
TRUB2,PHLDA2,1,1
TRUB2,PLAUR,1,1
TRUB2,PMM1,1,1
TRUB2,POLB,1,1
TRUB2,PRPF38A,1,1
TRUB2,PRPF4,1,1
TRUB2,PSMA6,1,1
TRUB2,PSMB5,1,1
TRUB2,PTPRB,1,1
TRUB2,QSER1,1,1
TRUB2,RIN1,1,1
TRUB2,RPS26,1,1
TRUB2,SAMD1,1,1
TRUB2,SEPT9,1,1
TRUB2,SLC2A4RG,1,1
TRUB2,SMARCD1,1,1
TRUB2,SMN1,1,1
TRUB2,TARS,1,1
TRUB2,TIMM17A,1,1
TRUB2,TMA16,1,1
TRUB2,TMCO1,1,1
TRUB2,TNFRSF12A,1,1
TRUB2,UBE2N,1,1
TRUB2,UGT8,1,1
TRUB2,UTP4,1,1
TRUB2,VEZT,1,1
TRUB2,WDR18,1,1
TRUB2,WDR74,1,1
TRUB2,ZPR1,1,1
FRMD5,ANXA1,1,1
FRMD5,ARHGAP31,1,1
FRMD5,ATP6AP1,1,1
FRMD5,BCL2A1,1,1
FRMD5,BTF3L4,1,1
FRMD5,C14ORF159,1,1
FRMD5,C16ORF13,1,1
FRMD5,C16ORF91,1,1
FRMD5,CDC73,1,1
FRMD5,CDH2,1,1
FRMD5,CFL2,1,1
FRMD5,CIAO1,1,1
FRMD5,CMPK1,1,1
FRMD5,CMSS1,1,1
FRMD5,CNPY3,1,1
FRMD5,CPT1A,1,1
FRMD5,CSNK2B,1,1
FRMD5,EIF3G,1,1
FRMD5,EMD,1,1
FRMD5,ERBB3,1,1
FRMD5,FARSA,1,1
FRMD5,FBXL6,1,1
FRMD5,FSD1,1,1
FRMD5,GCH1,1,1
FRMD5,GNE,1,1
FRMD5,GOLPH3L,1,1
FRMD5,GPBP1L1,1,1
FRMD5,KIAA0319L,1,1
FRMD5,KRT18,1,1
FRMD5,LINC01296,1,1
FRMD5,LPGAT1,1,1
FRMD5,MCFD2,1,1
FRMD5,METTL2A,1,1
FRMD5,MRPL21,1,1
FRMD5,NOSIP,1,1
FRMD5,PFDN2,1,1
FRMD5,PRKCDBP,1,1
FRMD5,PRKCI,1,1
FRMD5,PSMA6,1,1
FRMD5,PSMC4,1,1
FRMD5,PTPN3,1,1
FRMD5,RNF13,1,1
FRMD5,RPL35A,1,1
FRMD5,RPS21,1,1
FRMD5,RPS26,1,1
FRMD5,RUVBL2,1,1
FRMD5,SCPEP1,1,1
FRMD5,SDCBP,1,1
FRMD5,SEPT9,1,1
FRMD5,SLC11A2,1,1
FRMD5,SLC25A43,1,1
FRMD5,SLC25A51,1,1
FRMD5,SLC2A4RG,1,1
FRMD5,SLC39A1,1,1
FRMD5,SMN1,1,1
FRMD5,ST3GAL6,1,1
FRMD5,TIMM17A,1,1
FRMD5,TIMM17B,1,1
FRMD5,UGT8,1,1
FRMD5,VMA21,1,1
FRMD5,WDR54,1,1
DDX28,ADAMTS1,1,1
DDX28,BRIX1,1,1
DDX28,C12ORF29,1,1
DDX28,CAPRIN1,1,1
DDX28,CCDC59,1,1
DDX28,CCT5,1,1
DDX28,CDK7,1,1
DDX28,CFAP20,1,1
DDX28,CLPTM1L,1,1
DDX28,CMSS1,1,1
DDX28,CNOT7,1,1
DDX28,COPS5,1,1
DDX28,CRIM1,1,1
DDX28,CTDSPL2,1,1
DDX28,DAZAP1,1,1
DDX28,DDX21,1,1
DDX28,DHRS7B,1,1
DDX28,DPY19L2P1,1,1
DDX28,EIF2S1,1,1
DDX28,EIF3M,1,1
DDX28,ELAVL1,1,1
DDX28,EMG1,1,1
DDX28,FAM136A,1,1
DDX28,FEM1A,1,1
DDX28,FIS1,1,1
DDX28,FTSJ1,1,1
DDX28,FTSJ3,1,1
DDX28,GATA3,1,1
DDX28,GEMIN7,1,1
DDX28,GINS3,1,1
DDX28,GPATCH4,1,1
DDX28,HMGCL,1,1
DDX28,HS1BP3,1,1
DDX28,ILF2,1,1
DDX28,ITM2C,1,1
DDX28,KARS,1,1
DDX28,KIAA0319L,1,1
DDX28,KIAA0586,1,1
DDX28,LBR,1,1
DDX28,LMNB2,1,1
DDX28,MAGED2,1,1
DDX28,MAK16,1,1
DDX28,MAP4K5,1,1
DDX28,MAPK1IP1L,1,1
DDX28,MRPL39,1,1
DDX28,MRPL50,1,1
DDX28,MYNN,1,1
DDX28,NAP1L1,1,1
DDX28,NASP,1,1
DDX28,NAT10,1,1
DDX28,NEK7,1,1
DDX28,NIPAL1,1,1
DDX28,NKX3-1,1,1
DDX28,PLAUR,1,1
DDX28,PM20D2,1,1
DDX28,PPP2R1B,1,1
DDX28,PRPF4,1,1
DDX28,PSMA3,1,1
DDX28,PSMB5,1,1
DDX28,PSMC3,1,1
DDX28,PSMC6,1,1
DDX28,QSER1,1,1
DDX28,RIOK1,1,1
DDX28,RRS1,1,1
DDX28,SACS,1,1
DDX28,SERBP1,1,1
DDX28,SET,1,1
DDX28,SNAPC1,1,1
DDX28,SPIN4,1,1
DDX28,SSRP1,1,1
DDX28,TIMM10,1,1
DDX28,TIMM17A,1,1
DDX28,TMA16,1,1
DDX28,TRMT10C,1,1
DDX28,UBE2N,1,1
DDX28,UTP23,1,1
DDX28,UTP4,1,1
DDX28,XK,1,1
DDX28,ZNF215,1,1
UBQLN1,ABT1,1,1
UBQLN1,AC093616.4,1,1
UBQLN1,ALDH1A3,1,1
UBQLN1,ANXA3,1,1
UBQLN1,AP3S1,1,1
UBQLN1,ATG12,1,1
UBQLN1,ATG9A,1,1
UBQLN1,C14ORF142,1,1
UBQLN1,C4ORF46,1,1
UBQLN1,CCDC109B,1,1
UBQLN1,CCNJL,1,1
UBQLN1,CEP120,1,1
UBQLN1,CEP250,1,1
UBQLN1,CHUK,1,1
UBQLN1,COA3,1,1
UBQLN1,CRNKL1,1,1
UBQLN1,CTNNAL1,1,1
UBQLN1,DCLRE1A,1,1
UBQLN1,DHX16,1,1
UBQLN1,DPM1,1,1
UBQLN1,DR1,1,1
UBQLN1,ECD,1,1
UBQLN1,EEF1B2,1,1
UBQLN1,EIF4E2,1,1
UBQLN1,ERCC3,1,1
UBQLN1,EXOSC8,1,1
UBQLN1,FAM178B,1,1
UBQLN1,GRHPR,1,1
UBQLN1,HARS2,1,1
UBQLN1,HAUS2,1,1
UBQLN1,HMGN1,1,1
UBQLN1,KPNA3,1,1
UBQLN1,LRRC40,1,1
UBQLN1,MED29,1,1
UBQLN1,METTL10,1,1
UBQLN1,MIS12,1,1
UBQLN1,MRPL1,1,1
UBQLN1,MRPL33,1,1
UBQLN1,MRPS10,1,1
UBQLN1,MRPS16,1,1
UBQLN1,MRPS26,1,1
UBQLN1,NDUFAF5,1,1
UBQLN1,NHSL1,1,1
UBQLN1,NR2F2,1,1
UBQLN1,NRM,1,1
UBQLN1,OSBPL11,1,1
UBQLN1,PANK3,1,1
UBQLN1,PLAGL2,1,1
UBQLN1,POLR2D,1,1
UBQLN1,PPA1,1,1
UBQLN1,PRRG4,1,1
UBQLN1,RAB4A,1,1
UBQLN1,RABGGTB,1,1
UBQLN1,RBBP9,1,1
UBQLN1,RBMXL1,1,1
UBQLN1,RICTOR,1,1
UBQLN1,RPF1,1,1
UBQLN1,RRP8,1,1
UBQLN1,SEC23IP,1,1
UBQLN1,SF3B6,1,1
UBQLN1,SOCS4,1,1
UBQLN1,ST3GAL4,1,1
UBQLN1,TFDP1,1,1
UBQLN1,TIFA,1,1
UBQLN1,TIMM23,1,1
UBQLN1,TRIM44,1,1
UBQLN1,TRMT13,1,1
UBQLN1,TRPM2,1,1
UBQLN1,TYW3,1,1
UBQLN1,UBA6,1,1
UBQLN1,UBL4A,1,1
UBQLN1,WDR46,1,1
UBQLN1,ZNF232,1,1
UBQLN1,ZNF544,1,1
UBQLN1,ZNF696,1,1
LMNB2,ABCE1,1,1
LMNB2,ACACB,1,1
LMNB2,ACTN1,1,1
LMNB2,AHI1,1,1
LMNB2,ANP32E,1,1
LMNB2,BRIX1,1,1
LMNB2,C12ORF29,1,1
LMNB2,C19ORF66,1,1
LMNB2,CAPRIN1,1,1
LMNB2,CBFB,1,1
LMNB2,CBR4,1,1
LMNB2,CCP110,1,1
LMNB2,CCT5,1,1
LMNB2,CDC42EP2,1,1
LMNB2,CDH2,1,1
LMNB2,CDK7,1,1
LMNB2,CFL2,1,1
LMNB2,CIAO1,1,1
LMNB2,CMPK1,1,1
LMNB2,CMSS1,1,1
LMNB2,CNOT3,1,1
LMNB2,CNOT7,1,1
LMNB2,CNPY3,1,1
LMNB2,COPS5,1,1
LMNB2,CPSF6,1,1
LMNB2,CPT1A,1,1
LMNB2,CSTF2,1,1
LMNB2,CTDSPL2,1,1
LMNB2,CYP27A1,1,1
LMNB2,DAZAP1,1,1
LMNB2,DDX18,1,1
LMNB2,DDX21,1,1
LMNB2,DHRS7B,1,1
LMNB2,DHX35,1,1
LMNB2,DIMT1,1,1
LMNB2,DNA2,1,1
LMNB2,DPY19L2P1,1,1
LMNB2,DUSP12,1,1
LMNB2,EIF2S1,1,1
LMNB2,EIF3M,1,1
LMNB2,EIF6,1,1
LMNB2,ELAVL1,1,1
LMNB2,ERI1,1,1
LMNB2,ERVK3-1,1,1
LMNB2,FAM136A,1,1
LMNB2,FARSA,1,1
LMNB2,FBXL4,1,1
LMNB2,FBXL6,1,1
LMNB2,FBXO45,1,1
LMNB2,FEM1A,1,1
LMNB2,FTSJ1,1,1
LMNB2,FTSJ3,1,1
LMNB2,GABRA5,1,1
LMNB2,GART,1,1
LMNB2,GCH1,1,1
LMNB2,GEMIN7,1,1
LMNB2,GHDC,1,1
LMNB2,GINS3,1,1
LMNB2,GLRX2,1,1
LMNB2,GPATCH4,1,1
LMNB2,GTF3C4,1,1
LMNB2,HMGCL,1,1
LMNB2,HNRNPU,1,1
LMNB2,HS1BP3,1,1
LMNB2,IGF2BP1,1,1
LMNB2,ILF2,1,1
LMNB2,IPO4,1,1
LMNB2,IQCJ-SCHIP1,1,1
LMNB2,KARS,1,1
LMNB2,KIAA0319L,1,1
LMNB2,KIAA1586,1,1
LMNB2,KRT18,1,1
LMNB2,LARP4,1,1
LMNB2,LBR,1,1
LMNB2,LINC01296,1,1
LMNB2,LLPH,1,1
LMNB2,LMNB1,1,1
LMNB2,LURAP1,1,1
LMNB2,MAGED2,1,1
LMNB2,MAGOH,1,1
LMNB2,MAK16,1,1
LMNB2,MAP4K5,1,1
LMNB2,MAPK1IP1L,1,1
LMNB2,MCM2,1,1
LMNB2,MCRS1,1,1
LMNB2,MEGF8,1,1
LMNB2,MMP24-AS1,1,1
LMNB2,MRPL39,1,1
LMNB2,MRPL47,1,1
LMNB2,MT1X,1,1
LMNB2,MYBL2,1,1
LMNB2,MYNN,1,1
LMNB2,NAA15,1,1
LMNB2,NASP,1,1
LMNB2,NCR3LG1,1,1
LMNB2,NEK7,1,1
LMNB2,NIPAL1,1,1
LMNB2,NUP107,1,1
LMNB2,PAK1IP1,1,1
LMNB2,PCGF6,1,1
LMNB2,PDE12,1,1
LMNB2,PFDN2,1,1
LMNB2,PLAUR,1,1
LMNB2,PLEKHH1,1,1
LMNB2,PMM1,1,1
LMNB2,PMPCA,1,1
LMNB2,POLR3E,1,1
LMNB2,PPCS,1,1
LMNB2,PPM1G,1,1
LMNB2,PPP2CA,1,1
LMNB2,PPP2R1B,1,1
LMNB2,PRKCI,1,1
LMNB2,PRPF38A,1,1
LMNB2,PRPF4,1,1
LMNB2,PSMA3,1,1
LMNB2,PSMA6,1,1
LMNB2,PSMC3,1,1
LMNB2,PSMC5,1,1
LMNB2,PSMC6,1,1
LMNB2,PSMD2,1,1
LMNB2,PTS,1,1
LMNB2,PUS7L,1,1
LMNB2,QSER1,1,1
LMNB2,RARS,1,1
LMNB2,RELT,1,1
LMNB2,RFWD3,1,1
LMNB2,RIOK1,1,1
LMNB2,RNF126,1,1
LMNB2,RNF168,1,1
LMNB2,RRP12,1,1
LMNB2,RRS1,1,1
LMNB2,RUVBL2,1,1
LMNB2,SACS,1,1
LMNB2,SAPCD2,1,1
LMNB2,SCPEP1,1,1
LMNB2,SERBP1,1,1
LMNB2,SET,1,1
LMNB2,SIX1,1,1
LMNB2,SMARCD1,1,1
LMNB2,SMN1,1,1
LMNB2,SNAPC1,1,1
LMNB2,SNRPE,1,1
LMNB2,SOX10,1,1
LMNB2,SPIN4,1,1
LMNB2,SREK1IP1,1,1
LMNB2,SRP72,1,1
LMNB2,SRPK1,1,1
LMNB2,SSRP1,1,1
LMNB2,STIP1,1,1
LMNB2,SYNCRIP,1,1
LMNB2,TARS,1,1
LMNB2,TERF1,1,1
LMNB2,TFB2M,1,1
LMNB2,TIMM10,1,1
LMNB2,TIMM17A,1,1
LMNB2,TIMM8A,1,1
LMNB2,TMA16,1,1
LMNB2,TMCO1,1,1
LMNB2,TMEM126A,1,1
LMNB2,TNFRSF12A,1,1
LMNB2,TOP3A,1,1
LMNB2,TPM3,1,1
LMNB2,TRIP13,1,1
LMNB2,TRMT10C,1,1
LMNB2,TROVE2,1,1
LMNB2,TUBB4B,1,1
LMNB2,UBE2C,1,1
LMNB2,UBE2N,1,1
LMNB2,UGT8,1,1
LMNB2,UHRF1,1,1
LMNB2,URB1,1,1
LMNB2,USP1,1,1
LMNB2,UTP23,1,1
LMNB2,UTP4,1,1
LMNB2,VMA21,1,1
LMNB2,WDR74,1,1
LMNB2,WRN,1,1
LMNB2,ZDHHC4,1,1
LMNB2,ZIC2,1,1
LMNB2,ZNF215,1,1
LMNB2,ZNF695,1,1
URB1,ABHD5,1,1
URB1,ABT1,1,1
URB1,ACD,1,1
URB1,ADNP2,1,1
URB1,AHI1,1,1
URB1,BRD4,1,1
URB1,CCDC109B,1,1
URB1,CCT5,1,1
URB1,CDC123,1,1
URB1,CDCA5,1,1
URB1,CDK4,1,1
URB1,CDK7,1,1
URB1,CHORDC1,1,1
URB1,CNOT7,1,1
URB1,CSTF2,1,1
URB1,CTDSPL2,1,1
URB1,CTNNAL1,1,1
URB1,DDX21,1,1
URB1,DDX39B,1,1
URB1,DEK,1,1
URB1,DHX35,1,1
URB1,DKK 1.00,1,1
URB1,DNA2,1,1
URB1,EIF2S1,1,1
URB1,EIF3M,1,1
URB1,EIF4E2,1,1
URB1,ERI1,1,1
URB1,FBXO45,1,1
URB1,FEM1A,1,1
URB1,FTSJ3,1,1
URB1,GABRA5,1,1
URB1,GART,1,1
URB1,GEMIN7,1,1
URB1,GINS3,1,1
URB1,GOLPH3L,1,1
URB1,GTF3C4,1,1
URB1,HARS,1,1
URB1,HAUS2,1,1
URB1,HMGN1,1,1
URB1,HNRNPC,1,1
URB1,IQCJ-SCHIP1,1,1
URB1,KARS,1,1
URB1,KMT5A,1,1
URB1,KPNA3,1,1
URB1,KRT18,1,1
URB1,LLPH,1,1
URB1,MAGOH,1,1
URB1,MAPK1IP1L,1,1
URB1,MCM10,1,1
URB1,MCM2,1,1
URB1,MCRS1,1,1
URB1,MED10,1,1
URB1,MMP24-AS1,1,1
URB1,MRPL39,1,1
URB1,NAA15,1,1
URB1,NAA20,1,1
URB1,NR2F2,1,1
URB1,NUFIP1,1,1
URB1,NUP107,1,1
URB1,NUP188,1,1
URB1,OSBPL11,1,1
URB1,PAK1IP1,1,1
URB1,PDE12,1,1
URB1,PDF,1,1
URB1,PDSS1,1,1
URB1,PFDN2,1,1
URB1,PMM1,1,1
URB1,PMPCA,1,1
URB1,POLR2D,1,1
URB1,POLR3C,1,1
URB1,PPM1G,1,1
URB1,PPRC1,1,1
URB1,PPWD1,1,1
URB1,PRPF38A,1,1
URB1,PRPF4,1,1
URB1,PSMC3,1,1
URB1,PSMC3IP,1,1
URB1,PSMC6,1,1
URB1,PSMD2,1,1
URB1,PUS7L,1,1
URB1,RAB35,1,1
URB1,RAD1,1,1
URB1,RARS,1,1
URB1,RBMXL1,1,1
URB1,RIOK1,1,1
URB1,RNF168,1,1
URB1,RP11-424C20.2,1,1
URB1,RRP12,1,1
URB1,RRS1,1,1
URB1,SAPCD2,1,1
URB1,SERBP1,1,1
URB1,SET,1,1
URB1,SMNDC1,1,1
URB1,SNRNP48,1,1
URB1,SNRPE,1,1
URB1,SOCS4,1,1
URB1,SREK1IP1,1,1
URB1,SRP72,1,1
URB1,SRPK1,1,1
URB1,SSRP1,1,1
URB1,STIP1,1,1
URB1,TAF5,1,1
URB1,TARS,1,1
URB1,TFAM,1,1
URB1,TGS1,1,1
URB1,TIMM23,1,1
URB1,TMA16,1,1
URB1,TMCO1,1,1
URB1,TMEM14B,1,1
URB1,TOP3A,1,1
URB1,TRIP13,1,1
URB1,TRMT10C,1,1
URB1,TSSC4,1,1
URB1,TUBB4B,1,1
URB1,UBE2N,1,1
URB1,UBE3A,1,1
URB1,UHRF1,1,1
URB1,USP1,1,1
URB1,UTP4,1,1
URB1,VRK1,1,1
URB1,WDR74,1,1
URB1,ZNF195,1,1
URB1,ZNF281,1,1
URB1,ZNF473,1,1
DUSP12,ACACB,1,1
DUSP12,ACSL4,1,1
DUSP12,ACSS1,1,1
DUSP12,ACTN1,1,1
DUSP12,ADAM9,1,1
DUSP12,ANP32E,1,1
DUSP12,ANXA1,1,1
DUSP12,ARF4,1,1
DUSP12,ATP6AP1,1,1
DUSP12,BRIX1,1,1
DUSP12,BTF3L4,1,1
DUSP12,BVES,1,1
DUSP12,C19ORF66,1,1
DUSP12,C1ORF216,1,1
DUSP12,CBR4,1,1
DUSP12,CCDC112,1,1
DUSP12,CCT5,1,1
DUSP12,CDC73,1,1
DUSP12,CDH2,1,1
DUSP12,CDK7,1,1
DUSP12,CFL2,1,1
DUSP12,CIAO1,1,1
DUSP12,CMPK1,1,1
DUSP12,CMSS1,1,1
DUSP12,CNPY3,1,1
DUSP12,CPT1A,1,1
DUSP12,CSTF2,1,1
DUSP12,CTDSPL2,1,1
DUSP12,CWC27,1,1
DUSP12,DAZAP1,1,1
DUSP12,DHRS7B,1,1
DUSP12,DHX35,1,1
DUSP12,DPY19L2P1,1,1
DUSP12,EID2,1,1
DUSP12,EIF2S1,1,1
DUSP12,EIF3M,1,1
DUSP12,ELAVL1,1,1
DUSP12,ENOSF1,1,1
DUSP12,EP400,1,1
DUSP12,ERBB3,1,1
DUSP12,ERI1,1,1
DUSP12,FAM189A2,1,1
DUSP12,FAM199X,1,1
DUSP12,FARSA,1,1
DUSP12,FBXL4,1,1
DUSP12,FBXL6,1,1
DUSP12,FBXO45,1,1
DUSP12,FKBP3,1,1
DUSP12,FSD1,1,1
DUSP12,FTSJ1,1,1
DUSP12,FTSJ3,1,1
DUSP12,GABRA5,1,1
DUSP12,GANAB,1,1
DUSP12,GCH1,1,1
DUSP12,GHDC,1,1
DUSP12,GLRX2,1,1
DUSP12,GMFB,1,1
DUSP12,HDAC3,1,1
DUSP12,HS1BP3,1,1
DUSP12,ID1,1,1
DUSP12,IGF2BP1,1,1
DUSP12,ILF2,1,1
DUSP12,IQCJ-SCHIP1,1,1
DUSP12,KIAA0319L,1,1
DUSP12,KIAA0586,1,1
DUSP12,KIAA1586,1,1
DUSP12,KLF15,1,1
DUSP12,KRT18,1,1
DUSP12,LBR,1,1
DUSP12,LIN7C,1,1
DUSP12,LINC01296,1,1
DUSP12,LLPH,1,1
DUSP12,LURAP1,1,1
DUSP12,MAK16,1,1
DUSP12,MAP4K5,1,1
DUSP12,MEGF8,1,1
DUSP12,MRPL21,1,1
DUSP12,MRPL39,1,1
DUSP12,MRPL47,1,1
DUSP12,MYBL2,1,1
DUSP12,MYNN,1,1
DUSP12,NCBP2-AS2,1,1
DUSP12,NCR3LG1,1,1
DUSP12,NEK7,1,1
DUSP12,NIPAL1,1,1
DUSP12,NRGN,1,1
DUSP12,PDE12,1,1
DUSP12,PFDN2,1,1
DUSP12,PLAUR,1,1
DUSP12,PLEKHH1,1,1
DUSP12,PPM1G,1,1
DUSP12,PPP2CA,1,1
DUSP12,PRKCI,1,1
DUSP12,PRPF4,1,1
DUSP12,PSMA3,1,1
DUSP12,PSMA6,1,1
DUSP12,PSMC3,1,1
DUSP12,PSMC4,1,1
DUSP12,PSMC5,1,1
DUSP12,PSMC6,1,1
DUSP12,PSMD2,1,1
DUSP12,PSMD4,1,1
DUSP12,PUS7L,1,1
DUSP12,QSER1,1,1
DUSP12,RAB4B,1,1
DUSP12,RLIM,1,1
DUSP12,RNF168,1,1
DUSP12,RPL35A,1,1
DUSP12,RPS26,1,1
DUSP12,RUVBL2,1,1
DUSP12,SACS,1,1
DUSP12,SDCBP,1,1
DUSP12,SEPT9,1,1
DUSP12,SERBP1,1,1
DUSP12,SIX1,1,1
DUSP12,SLC25A43,1,1
DUSP12,SLC2A4RG,1,1
DUSP12,SLC39A1,1,1
DUSP12,SMARCD1,1,1
DUSP12,SMN1,1,1
DUSP12,SOX10,1,1
DUSP12,SPIN4,1,1
DUSP12,SSRP1,1,1
DUSP12,TANGO2,1,1
DUSP12,TAOK2,1,1
DUSP12,TDRP,1,1
DUSP12,TERF1,1,1
DUSP12,TFB2M,1,1
DUSP12,TIMM17A,1,1
DUSP12,TIMM8A,1,1
DUSP12,TMCO1,1,1
DUSP12,TMEM126A,1,1
DUSP12,TMEM69,1,1
DUSP12,TNFRSF12A,1,1
DUSP12,TRAF5,1,1
DUSP12,TRIP13,1,1
DUSP12,TROVE2,1,1
DUSP12,TTC39C,1,1
DUSP12,UBE2C,1,1
DUSP12,UBE2T,1,1
DUSP12,UCHL5,1,1
DUSP12,UGT8,1,1
DUSP12,UTP23,1,1
DUSP12,VEZT,1,1
DUSP12,VMA21,1,1
DUSP12,VRK3,1,1
DUSP12,WDR74,1,1
DUSP12,ZIC2,1,1
DUSP12,ZNF678,1,1
DUSP12,ZNF695,1,1
CIAO1,ABCA5,1,1
CIAO1,ACACB,1,1
CIAO1,ACSL4,1,1
CIAO1,ADAM9,1,1
CIAO1,ANXA1,1,1
CIAO1,C16ORF91,1,1
CIAO1,CBR4,1,1
CIAO1,CCT5,1,1
CIAO1,CD63,1,1
CIAO1,CDC42EP2,1,1
CIAO1,CDC73,1,1
CIAO1,CDH2,1,1
CIAO1,CDK7,1,1
CIAO1,CFL2,1,1
CIAO1,CLPTM1L,1,1
CIAO1,CMSS1,1,1
CIAO1,CNOT3,1,1
CIAO1,CNPY3,1,1
CIAO1,COPS5,1,1
CIAO1,CPT1A,1,1
CIAO1,CYP27A1,1,1
CIAO1,DHRS7B,1,1
CIAO1,EAF1,1,1
CIAO1,EIF3G,1,1
CIAO1,ELK3,1,1
CIAO1,EMG1,1,1
CIAO1,ERRFI1,1,1
CIAO1,FAM69B,1,1
CIAO1,FARSA,1,1
CIAO1,FCHSD2,1,1
CIAO1,FEZ2,1,1
CIAO1,FIS1,1,1
CIAO1,FKBP3,1,1
CIAO1,FSD1,1,1
CIAO1,FTSJ1,1,1
CIAO1,FTSJ3,1,1
CIAO1,GCH1,1,1
CIAO1,GHDC,1,1
CIAO1,GSKIP,1,1
CIAO1,GSTK1,1,1
CIAO1,GSTM4,1,1
CIAO1,HMGCL,1,1
CIAO1,HPS3,1,1
CIAO1,HS1BP3,1,1
CIAO1,ID1,1,1
CIAO1,IGF2BP1,1,1
CIAO1,ILF2,1,1
CIAO1,ISY1,1,1
CIAO1,KARS,1,1
CIAO1,KIAA0319L,1,1
CIAO1,KIF3A,1,1
CIAO1,KRT18,1,1
CIAO1,LARGE1,1,1
CIAO1,LURAP1,1,1
CIAO1,MAK16,1,1
CIAO1,MAN2A2,1,1
CIAO1,MAP4K5,1,1
CIAO1,MCFD2,1,1
CIAO1,MICALL1,1,1
CIAO1,MNAT1,1,1
CIAO1,MRPL21,1,1
CIAO1,MYNN,1,1
CIAO1,NCR3LG1,1,1
CIAO1,NEK7,1,1
CIAO1,PFDN2,1,1
CIAO1,PHLDA2,1,1
CIAO1,PLAUR,1,1
CIAO1,PMM1,1,1
CIAO1,POLB,1,1
CIAO1,PPCS,1,1
CIAO1,PRKCI,1,1
CIAO1,PRPF4,1,1
CIAO1,PSMA6,1,1
CIAO1,PSMB5,1,1
CIAO1,PSMC5,1,1
CIAO1,QSER1,1,1
CIAO1,RIN1,1,1
CIAO1,RUVBL2,1,1
CIAO1,SAMD1,1,1
CIAO1,SDCBP,1,1
CIAO1,SEPT9,1,1
CIAO1,SIX1,1,1
CIAO1,SLC11A2,1,1
CIAO1,SLC2A4RG,1,1
CIAO1,SLC39A1,1,1
CIAO1,SMARCD1,1,1
CIAO1,SMN1,1,1
CIAO1,SPIN4,1,1
CIAO1,TANGO2,1,1
CIAO1,TARS,1,1
CIAO1,TIMM17A,1,1
CIAO1,TMCO1,1,1
CIAO1,TNFRSF12A,1,1
CIAO1,TROVE2,1,1
CIAO1,TTC39C,1,1
CIAO1,UBE2N,1,1
CIAO1,UGT8,1,1
CIAO1,UTP4,1,1
CIAO1,VEZT,1,1
CIAO1,VMA21,1,1
CIAO1,WDR74,1,1
CIAO1,ZNF678,1,1
RRP1B,ABCE1,1,1
RRP1B,ABCF1,1,1
RRP1B,AKAP8,1,1
RRP1B,BCCIP,1,1
RRP1B,BZW1,1,1
RRP1B,BZW1P2,1,1
RRP1B,CCP110,1,1
RRP1B,CEBPZ,1,1
RRP1B,COA7,1,1
RRP1B,COQ5,1,1
RRP1B,CSTF2,1,1
RRP1B,DDX18,1,1
RRP1B,DDX31,1,1
RRP1B,DIAPH1,1,1
RRP1B,DIMT1,1,1
RRP1B,ERVK3-1,1,1
RRP1B,GINS3,1,1
RRP1B,GLRX2,1,1
RRP1B,GPATCH4,1,1
RRP1B,GRWD1,1,1
RRP1B,GTF3C4,1,1
RRP1B,HARS,1,1
RRP1B,HCFC1,1,1
RRP1B,HNRNPK,1,1
RRP1B,HNRNPU,1,1
RRP1B,IPO11,1,1
RRP1B,KIAA0101,1,1
RRP1B,KLHL8,1,1
RRP1B,LARP4,1,1
RRP1B,LMNB1,1,1
RRP1B,LRR1,1,1
RRP1B,MCM10,1,1
RRP1B,MSH2,1,1
RRP1B,MYBL2,1,1
RRP1B,NAA15,1,1
RRP1B,NOLC1,1,1
RRP1B,NUP107,1,1
RRP1B,NUP188,1,1
RRP1B,PAK1IP1,1,1
RRP1B,PCGF6,1,1
RRP1B,PDRG1,1,1
RRP1B,PDSS1,1,1
RRP1B,POLE3,1,1
RRP1B,PPIH,1,1
RRP1B,PPP2CA,1,1
RRP1B,PTS,1,1
RRP1B,RAB35,1,1
RRP1B,RBM12,1,1
RRP1B,RELT,1,1
RRP1B,RNF126,1,1
RRP1B,RRP1,1,1
RRP1B,RRP36,1,1
RRP1B,SRPK1,1,1
RRP1B,SRSF1,1,1
RRP1B,SRSF3,1,1
RRP1B,SYNCRIP,1,1
RRP1B,TFB2M,1,1
RRP1B,TGS1,1,1
RRP1B,TIPIN,1,1
RRP1B,TPM3,1,1
RRP1B,TRMT61A,1,1
RRP1B,UHRF1,1,1
RRP1B,UHRF1BP1L,1,1
RRP1B,USP1,1,1
RRP1B,UTP23,1,1
RRP1B,ZW10,1,1
TOP3A,ACD,1,1
TOP3A,AHI1,1,1
TOP3A,BNIP1,1,1
TOP3A,BRIX1,1,1
TOP3A,CCP110,1,1
TOP3A,CCT5,1,1
TOP3A,CDC123,1,1
TOP3A,CDCA5,1,1
TOP3A,CDH2,1,1
TOP3A,CDK4,1,1
TOP3A,CDK7,1,1
TOP3A,CFL2,1,1
TOP3A,CKS1B,1,1
TOP3A,CSTF2,1,1
TOP3A,CTDSPL2,1,1
TOP3A,CTNNAL1,1,1
TOP3A,CTU1,1,1
TOP3A,DAZAP1,1,1
TOP3A,DDX18,1,1
TOP3A,DDX21,1,1
TOP3A,DDX31,1,1
TOP3A,DEK,1,1
TOP3A,DHX35,1,1
TOP3A,DNA2,1,1
TOP3A,EIF2S1,1,1
TOP3A,EIF3M,1,1
TOP3A,EIF4E2,1,1
TOP3A,EIF6,1,1
TOP3A,ERI1,1,1
TOP3A,ERVK3-1,1,1
TOP3A,FAM60A,1,1
TOP3A,FBXL6,1,1
TOP3A,FBXO45,1,1
TOP3A,FTSJ1,1,1
TOP3A,FTSJ3,1,1
TOP3A,GABRA5,1,1
TOP3A,GART,1,1
TOP3A,GCH1,1,1
TOP3A,GEMIN7,1,1
TOP3A,GINS3,1,1
TOP3A,GLRX2,1,1
TOP3A,GPBP1L1,1,1
TOP3A,GTF3C4,1,1
TOP3A,HARS,1,1
TOP3A,HNRNPU,1,1
TOP3A,ILF2,1,1
TOP3A,IQCJ-SCHIP1,1,1
TOP3A,KARS,1,1
TOP3A,KIAA1429,1,1
TOP3A,KLHL8,1,1
TOP3A,KMT5A,1,1
TOP3A,KRT18,1,1
TOP3A,LARP4,1,1
TOP3A,LBR,1,1
TOP3A,LINC01296,1,1
TOP3A,LLPH,1,1
TOP3A,LMNB1,1,1
TOP3A,MAGOH,1,1
TOP3A,MCM10,1,1
TOP3A,MCM2,1,1
TOP3A,MCRS1,1,1
TOP3A,MED10,1,1
TOP3A,MEGF8,1,1
TOP3A,MIS18A,1,1
TOP3A,MMP24-AS1,1,1
TOP3A,MRPL39,1,1
TOP3A,MT1X,1,1
TOP3A,MYBL2,1,1
TOP3A,MYSM1,1,1
TOP3A,NAA15,1,1
TOP3A,NOLC1,1,1
TOP3A,NPM3,1,1
TOP3A,NUDCD1,1,1
TOP3A,NUFIP1,1,1
TOP3A,NUP107,1,1
TOP3A,NUP58,1,1
TOP3A,PAK1IP1,1,1
TOP3A,PCGF6,1,1
TOP3A,PDE12,1,1
TOP3A,PDF,1,1
TOP3A,PDSS1,1,1
TOP3A,PFDN2,1,1
TOP3A,PMPCA,1,1
TOP3A,POLR2D,1,1
TOP3A,PPIH,1,1
TOP3A,PPM1G,1,1
TOP3A,PPP2CA,1,1
TOP3A,PRPF38A,1,1
TOP3A,PRPF4,1,1
TOP3A,PSMA3,1,1
TOP3A,PSMC3,1,1
TOP3A,PSMC3IP,1,1
TOP3A,PSMC4,1,1
TOP3A,PSMC6,1,1
TOP3A,PSMD2,1,1
TOP3A,PUS7L,1,1
TOP3A,RAD1,1,1
TOP3A,RARS,1,1
TOP3A,RIOK1,1,1
TOP3A,RNF168,1,1
TOP3A,RP11-424C20.2,1,1
TOP3A,RRP12,1,1
TOP3A,RRS1,1,1
TOP3A,RUVBL2,1,1
TOP3A,SAPCD2,1,1
TOP3A,SART3,1,1
TOP3A,SERBP1,1,1
TOP3A,SH2D5,1,1
TOP3A,SIX1,1,1
TOP3A,SLC25A43,1,1
TOP3A,SMIM13,1,1
TOP3A,SMNDC1,1,1
TOP3A,SNRNP48,1,1
TOP3A,SNRPC,1,1
TOP3A,SNRPE,1,1
TOP3A,SPIN4,1,1
TOP3A,SREK1IP1,1,1
TOP3A,SRP72,1,1
TOP3A,SRPK1,1,1
TOP3A,SSRP1,1,1
TOP3A,ST3GAL6,1,1
TOP3A,STIP1,1,1
TOP3A,SYNCRIP,1,1
TOP3A,TAF5,1,1
TOP3A,TARS,1,1
TOP3A,TERF1,1,1
TOP3A,TFAM,1,1
TOP3A,TFB2M,1,1
TOP3A,TIMM17A,1,1
TOP3A,TIMM8A,1,1
TOP3A,TMCO1,1,1
TOP3A,TMEM14B,1,1
TOP3A,TPM3,1,1
TOP3A,TRIP13,1,1
TOP3A,TSSC4,1,1
TOP3A,TUBB4B,1,1
TOP3A,UBE2C,1,1
TOP3A,UBE2T,1,1
TOP3A,UCHL5,1,1
TOP3A,UGT8,1,1
TOP3A,UHMK1,1,1
TOP3A,UHRF1,1,1
TOP3A,UHRF1BP1L,1,1
TOP3A,USP1,1,1
TOP3A,UTP23,1,1
TOP3A,WDR74,1,1
TOP3A,WWC1,1,1
TOP3A,ZIC2,1,1
TOP3A,ZNF281,1,1
TOP3A,ZNF473,1,1
TOP3A,ZNF695,1,1
TOP3A,ZW10,1,1
TOP3A,ZWILCH,1,1
ZNF195,ABT1,1,1
ZNF195,ACD,1,1
ZNF195,ADNP2,1,1
ZNF195,AHI1,1,1
ZNF195,ANKRD33B,1,1
ZNF195,ANXA3,1,1
ZNF195,ATG9A,1,1
ZNF195,BMI1,1,1
ZNF195,BNIP1,1,1
ZNF195,C12ORF75,1,1
ZNF195,CCDC109B,1,1
ZNF195,CDC123,1,1
ZNF195,CENPJ,1,1
ZNF195,CEP250,1,1
ZNF195,CTNNAL1,1,1
ZNF195,DDX21,1,1
ZNF195,DDX39B,1,1
ZNF195,DEK,1,1
ZNF195,DKK 1.00,1,1
ZNF195,DNA2,1,1
ZNF195,ERI1,1,1
ZNF195,EXOSC8,1,1
ZNF195,FAM60A,1,1
ZNF195,FBXO45,1,1
ZNF195,GABRA5,1,1
ZNF195,GART,1,1
ZNF195,GRHPR,1,1
ZNF195,HARS,1,1
ZNF195,HAUS2,1,1
ZNF195,HMGN1,1,1
ZNF195,KMT5A,1,1
ZNF195,KPNA3,1,1
ZNF195,LIN7C,1,1
ZNF195,LRRC40,1,1
ZNF195,MAGOH,1,1
ZNF195,MED10,1,1
ZNF195,MIER1,1,1
ZNF195,MMP24-AS1,1,1
ZNF195,MRPL33,1,1
ZNF195,MRPS10,1,1
ZNF195,MRPS14,1,1
ZNF195,MZT1,1,1
ZNF195,NR2F2,1,1
ZNF195,NSMCE4A,1,1
ZNF195,NUFIP1,1,1
ZNF195,NUP107,1,1
ZNF195,PAK1IP1,1,1
ZNF195,PCLO,1,1
ZNF195,PDF,1,1
ZNF195,PDSS1,1,1
ZNF195,PGGT1B,1,1
ZNF195,POLR2D,1,1
ZNF195,PPRC1,1,1
ZNF195,PSMC3IP,1,1
ZNF195,PUS7L,1,1
ZNF195,RABGGTB,1,1
ZNF195,RARS,1,1
ZNF195,RBMXL1,1,1
ZNF195,RNF168,1,1
ZNF195,RPF1,1,1
ZNF195,RRP12,1,1
ZNF195,SAPCD2,1,1
ZNF195,SERBP1,1,1
ZNF195,SKA3,1,1
ZNF195,SMIM13,1,1
ZNF195,SMNDC1,1,1
ZNF195,SNRNP48,1,1
ZNF195,SNRPE,1,1
ZNF195,SPRYD7,1,1
ZNF195,SRP72,1,1
ZNF195,SRPK1,1,1
ZNF195,SVIP,1,1
ZNF195,TFAM,1,1
ZNF195,TIMM23,1,1
ZNF195,TMEM14B,1,1
ZNF195,TRPM2,1,1
ZNF195,TSSC4,1,1
ZNF195,TYW3,1,1
ZNF195,UBA6,1,1
ZNF195,USP1,1,1
ZNF195,VRK1,1,1
ZNF195,WDR46,1,1
ZNF195,ZNF281,1,1
ZNF195,ZNF473,1,1
ZNF195,ZNF544,1,1
SNRNP200,AC009237.8,1,1
SNRNP200,ACOX1,1,1
SNRNP200,ACTN1,1,1
SNRNP200,ARF4,1,1
SNRNP200,ATP6AP1,1,1
SNRNP200,CAV2,1,1
SNRNP200,CDK4,1,1
SNRNP200,CRLF3,1,1
SNRNP200,CRLS1,1,1
SNRNP200,CWC22,1,1
SNRNP200,CYB5D2,1,1
SNRNP200,DCAF13,1,1
SNRNP200,DDX18,1,1
SNRNP200,DNAJC5,1,1
SNRNP200,DPM1,1,1
SNRNP200,DUXAP9,1,1
SNRNP200,EIF2B1,1,1
SNRNP200,EIF6,1,1
SNRNP200,FAM189A2,1,1
SNRNP200,FAM234A,1,1
SNRNP200,FAM60A,1,1
SNRNP200,GALT,1,1
SNRNP200,GMEB2,1,1
SNRNP200,GPBP1L1,1,1
SNRNP200,HOXB2,1,1
SNRNP200,HTR7,1,1
SNRNP200,IQCJ-SCHIP1,1,1
SNRNP200,KHDRBS1,1,1
SNRNP200,KIAA1429,1,1
SNRNP200,KMT5A,1,1
SNRNP200,LARS,1,1
SNRNP200,LINC01296,1,1
SNRNP200,MOCS3,1,1
SNRNP200,NAA15,1,1
SNRNP200,NAGLU,1,1
SNRNP200,NDUFA1,1,1
SNRNP200,NUDCD1,1,1
SNRNP200,NUP58,1,1
SNRNP200,ORC2,1,1
SNRNP200,PFN1,1,1
SNRNP200,PGAM5,1,1
SNRNP200,PHIP,1,1
SNRNP200,PLS1,1,1
SNRNP200,PPM1G,1,1
SNRNP200,PPP2CA,1,1
SNRNP200,PRIM2,1,1
SNRNP200,PRKCI,1,1
SNRNP200,PSMC4,1,1
SNRNP200,RNASEK,1,1
SNRNP200,RP11-529K1.3,1,1
SNRNP200,RRP36,1,1
SNRNP200,SART3,1,1
SNRNP200,SCYL3,1,1
SNRNP200,SKIV2L2,1,1
SNRNP200,SMIM13,1,1
SNRNP200,ST3GAL6,1,1
SNRNP200,TAF2,1,1
SNRNP200,TPM3,1,1
SNRNP200,TPRKB,1,1
SNRNP200,TRUB1,1,1
SNRNP200,TTC28,1,1
SNRNP200,UBE2J2,1,1
SNRNP200,UBE2V1,1,1
SNRNP200,UCHL5,1,1
SNRNP200,UHMK1,1,1
SNRNP200,WWC1,1,1
SNRNP200,XPOT,1,1
SNRNP200,XRN2,1,1
SNRNP200,ZBTB37,1,1
SNRNP200,ZNF473,1,1
SNRNP200,ZNF655,1,1
COA7,ABCE1,1,1
COA7,AHCTF1,1,1
COA7,AKAP8,1,1
COA7,BRIX1,1,1
COA7,BZW1,1,1
COA7,CBFB,1,1
COA7,CCT2,1,1
COA7,CHRNA5,1,1
COA7,CPSF6,1,1
COA7,DIAPH1,1,1
COA7,DIMT1,1,1
COA7,EIF3J,1,1
COA7,ELAVL1,1,1
COA7,ERVK3-1,1,1
COA7,FAM136A,1,1
COA7,FASTKD3,1,1
COA7,GLRX2,1,1
COA7,GPATCH4,1,1
COA7,GRWD1,1,1
COA7,HCFC1,1,1
COA7,HNRNPK,1,1
COA7,HNRNPU,1,1
COA7,IPO4,1,1
COA7,KIAA1586,1,1
COA7,LARP4,1,1
COA7,LRR1,1,1
COA7,LYAR,1,1
COA7,PCGF6,1,1
COA7,POLE3,1,1
COA7,PTS,1,1
COA7,RELT,1,1
COA7,RFWD3,1,1
COA7,RNF126,1,1
COA7,SLC2A1,1,1
COA7,SMAGP,1,1
COA7,SRSF1,1,1
COA7,SRSF3,1,1
COA7,SYNCRIP,1,1
COA7,TEAD4,1,1
COA7,TFB2M,1,1
COA7,TIPIN,1,1
COA7,TRMT61A,1,1
COA7,TTC4,1,1
COA7,UTP23,1,1
COA7,ZDHHC4,1,1
COA7,ZIC2,1,1
FAM189A2,AC009237.8,1,1
FAM189A2,ACACB,1,1
FAM189A2,ACSS1,1,1
FAM189A2,ACTN1,1,1
FAM189A2,ADAM19,1,1
FAM189A2,ARF4,1,1
FAM189A2,ATP6AP1,1,1
FAM189A2,BVES,1,1
FAM189A2,C1ORF216,1,1
FAM189A2,CBY1,1,1
FAM189A2,CCDC112,1,1
FAM189A2,CDC73,1,1
FAM189A2,CDH2,1,1
FAM189A2,CMPK1,1,1
FAM189A2,CPT1A,1,1
FAM189A2,CRLS1,1,1
FAM189A2,CYB5D2,1,1
FAM189A2,DUSP10,1,1
FAM189A2,DUXAP9,1,1
FAM189A2,EIF2B1,1,1
FAM189A2,EP400,1,1
FAM189A2,EPS8L1,1,1
FAM189A2,FAM60A,1,1
FAM189A2,FARSA,1,1
FAM189A2,FBXL4,1,1
FAM189A2,FGFR4,1,1
FAM189A2,FSD1,1,1
FAM189A2,GALT,1,1
FAM189A2,GHDC,1,1
FAM189A2,GLB1,1,1
FAM189A2,GLMP,1,1
FAM189A2,GMFB,1,1
FAM189A2,GPBP1L1,1,1
FAM189A2,HTR7,1,1
FAM189A2,KLF15,1,1
FAM189A2,LINC01296,1,1
FAM189A2,LURAP1,1,1
FAM189A2,MEGF8,1,1
FAM189A2,METTL2A,1,1
FAM189A2,MLKL,1,1
FAM189A2,MRPL47,1,1
FAM189A2,MTATP6P1,1,1
FAM189A2,NAGLU,1,1
FAM189A2,NDFIP2,1,1
FAM189A2,PFN1,1,1
FAM189A2,PGAM5,1,1
FAM189A2,PHIP,1,1
FAM189A2,PLEKHH1,1,1
FAM189A2,PPP2CA,1,1
FAM189A2,PRIM2,1,1
FAM189A2,PRKCI,1,1
FAM189A2,PRPF6,1,1
FAM189A2,PSMC4,1,1
FAM189A2,PSMC5,1,1
FAM189A2,PSMD4,1,1
FAM189A2,RNASEK,1,1
FAM189A2,RP11-529K1.3,1,1
FAM189A2,RPL35A,1,1
FAM189A2,SART3,1,1
FAM189A2,SCHIP1,1,1
FAM189A2,SCPEP1,1,1
FAM189A2,SCYL3,1,1
FAM189A2,SDCBP,1,1
FAM189A2,SIX1,1,1
FAM189A2,SLC39A1,1,1
FAM189A2,ST3GAL6,1,1
FAM189A2,TAOK2,1,1
FAM189A2,TDRP,1,1
FAM189A2,TIMM17A,1,1
FAM189A2,TIMM17B,1,1
FAM189A2,TMEM123,1,1
FAM189A2,TMEM206,1,1
FAM189A2,TMEM69,1,1
FAM189A2,TPM3,1,1
FAM189A2,TRAF5,1,1
FAM189A2,TTC28,1,1
FAM189A2,TUBB3,1,1
FAM189A2,UBE2C,1,1
FAM189A2,UCHL5,1,1
FAM189A2,UGT8,1,1
FAM189A2,UHMK1,1,1
FAM189A2,VAT1,1,1
FAM189A2,VMA21,1,1
GSTK1,ADAM9,1,1
GSTK1,C16ORF91,1,1
GSTK1,CD63,1,1
GSTK1,CLPTM1L,1,1
GSTK1,DGCR6L,1,1
GSTK1,EIF2AK4,1,1
GSTK1,ELK3,1,1
GSTK1,EMG1,1,1
GSTK1,FAM69B,1,1
GSTK1,FCHSD2,1,1
GSTK1,FEZ2,1,1
GSTK1,FIS1,1,1
GSTK1,FKBP3,1,1
GSTK1,GSTM4,1,1
GSTK1,HMGCL,1,1
GSTK1,IGF2BP1,1,1
GSTK1,ISY1,1,1
GSTK1,ITM2C,1,1
GSTK1,KIAA0319L,1,1
GSTK1,MAK16,1,1
GSTK1,MAN2A2,1,1
GSTK1,MICALL1,1,1
GSTK1,MNAT1,1,1
GSTK1,NAP1L1,1,1
GSTK1,NEK7,1,1
GSTK1,PDE6D,1,1
GSTK1,PM20D2,1,1
GSTK1,PRPF40A,1,1
GSTK1,PSMA6,1,1
GSTK1,PSMB5,1,1
GSTK1,RIN1,1,1
GSTK1,RIN2,1,1
GSTK1,RNF130,1,1
GSTK1,SMN1,1,1
GSTK1,TANGO2,1,1
GSTK1,TET3,1,1
GSTK1,TROVE2,1,1
GSTK1,ZNF215,1,1
GSTK1,ZNF678,1,1
SH2D5,ACD,1,1
SH2D5,ACOX1,1,1
SH2D5,ANKRD33B,1,1
SH2D5,ARF4,1,1
SH2D5,ARF5,1,1
SH2D5,BCCIP,1,1
SH2D5,BMI1,1,1
SH2D5,BNIP1,1,1
SH2D5,C19ORF47,1,1
SH2D5,CACTIN,1,1
SH2D5,CCNA2,1,1
SH2D5,CCT5,1,1
SH2D5,CDC123,1,1
SH2D5,CDCA5,1,1
SH2D5,CDK4,1,1
SH2D5,CKS1B,1,1
SH2D5,CSTF2,1,1
SH2D5,CWC22,1,1
SH2D5,DDX18,1,1
SH2D5,DDX31,1,1
SH2D5,DEK,1,1
SH2D5,DHX35,1,1
SH2D5,DNA2,1,1
SH2D5,DPM1,1,1
SH2D5,EIF6,1,1
SH2D5,ERI1,1,1
SH2D5,ERVK3-1,1,1
SH2D5,FAM60A,1,1
SH2D5,FBXL6,1,1
SH2D5,FBXO45,1,1
SH2D5,GABRA5,1,1
SH2D5,GFER,1,1
SH2D5,GINS3,1,1
SH2D5,GLRX2,1,1
SH2D5,HARS,1,1
SH2D5,HDAC3,1,1
SH2D5,HOXB2,1,1
SH2D5,HRAS,1,1
SH2D5,IFI44,1,1
SH2D5,ILF2,1,1
SH2D5,IQCJ-SCHIP1,1,1
SH2D5,KHDRBS1,1,1
SH2D5,KIAA0101,1,1
SH2D5,KIAA1429,1,1
SH2D5,KIF14,1,1
SH2D5,KLHL8,1,1
SH2D5,KMT5A,1,1
SH2D5,KTI12,1,1
SH2D5,LARP4,1,1
SH2D5,LBR,1,1
SH2D5,LMNB1,1,1
SH2D5,LRR1,1,1
SH2D5,MAGOH,1,1
SH2D5,MCM10,1,1
SH2D5,MCM2,1,1
SH2D5,MCRS1,1,1
SH2D5,MED10,1,1
SH2D5,MEGF8,1,1
SH2D5,MIS18A,1,1
SH2D5,MMP24-AS1,1,1
SH2D5,MRPS10,1,1
SH2D5,MRPS27,1,1
SH2D5,MYBL2,1,1
SH2D5,MYSM1,1,1
SH2D5,NAA15,1,1
SH2D5,NANP,1,1
SH2D5,NOLC1,1,1
SH2D5,NPM3,1,1
SH2D5,NUDCD1,1,1
SH2D5,NUP107,1,1
SH2D5,NUP58,1,1
SH2D5,ORC2,1,1
SH2D5,PAK1IP1,1,1
SH2D5,PCGF6,1,1
SH2D5,PDE12,1,1
SH2D5,PDRG1,1,1
SH2D5,PDSS1,1,1
SH2D5,PGAM5,1,1
SH2D5,PLS1,1,1
SH2D5,POLE3,1,1
SH2D5,PPIH,1,1
SH2D5,PPM1G,1,1
SH2D5,PPP2CA,1,1
SH2D5,PRIM2,1,1
SH2D5,PSMA3,1,1
SH2D5,PSMC3,1,1
SH2D5,PSMD2,1,1
SH2D5,PUS7L,1,1
SH2D5,RARS,1,1
SH2D5,RNASEK,1,1
SH2D5,RNF168,1,1
SH2D5,RRP12,1,1
SH2D5,SAPCD2,1,1
SH2D5,SART3,1,1
SH2D5,SERBP1,1,1
SH2D5,SIX1,1,1
SH2D5,SMIM13,1,1
SH2D5,SNRPC,1,1
SH2D5,SNRPE,1,1
SH2D5,SRP72,1,1
SH2D5,SRPK1,1,1
SH2D5,ST3GAL6,1,1
SH2D5,SVIP,1,1
SH2D5,SYNCRIP,1,1
SH2D5,TAF2,1,1
SH2D5,TAF5,1,1
SH2D5,TATDN1,1,1
SH2D5,TFAM,1,1
SH2D5,TFB2M,1,1
SH2D5,TIMM8A,1,1
SH2D5,TMEM126A,1,1
SH2D5,TMEM14B,1,1
SH2D5,TPM3,1,1
SH2D5,TPRKB,1,1
SH2D5,TRIP13,1,1
SH2D5,TSSC4,1,1
SH2D5,TUBB4B,1,1
SH2D5,UBE2C,1,1
SH2D5,UBE2J2,1,1
SH2D5,UBE2T,1,1
SH2D5,UBE2V1,1,1
SH2D5,UCHL5,1,1
SH2D5,UHRF1,1,1
SH2D5,UHRF1BP1L,1,1
SH2D5,USP1,1,1
SH2D5,WDR46,1,1
SH2D5,WWC1,1,1
SH2D5,ZIC2,1,1
SH2D5,ZNF281,1,1
SH2D5,ZNF473,1,1
SH2D5,ZNF655,1,1
SH2D5,ZNF695,1,1
SH2D5,ZW10,1,1
SH2D5,ZWILCH,1,1
CAPN15,BCCIP,1,1
CAPN15,C5ORF42,1,1
CAPN15,CACTIN,1,1
CAPN15,PAFAH2,1,1
RPL8,CNTROB,1,1
RPL8,EIF3H,1,1
RPL8,GNA12,1,1
RPL8,GTF2H2B,1,1
RPL8,LINC00493,1,1
RPL8,NTHL1,1,1
RPL8,RAB7A,1,1
RPL8,RACK1,1,1
RPL8,RPL18,1,1
RPL8,RPL37A,1,1
RPL8,RPL6,1,1
RPL8,RPLP0,1,1
GSN,PCTP,1,1
EIF3F,ALDH1A3,1,1
EIF3F,AP3S1,1,1
EIF3F,ARFIP2,1,1
EIF3F,ATG12,1,1
EIF3F,CNTROB,1,1
EIF3F,EEF1B2,1,1
EIF3F,EIF3H,1,1
EIF3F,ENOX2,1,1
EIF3F,FAM178B,1,1
EIF3F,GTF2H2B,1,1
EIF3F,KHK,1,1
EIF3F,LINC00493,1,1
EIF3F,LRRC40,1,1
EIF3F,METTL10,1,1
EIF3F,MIS12,1,1
EIF3F,MRPS16,1,1
EIF3F,NRM,1,1
EIF3F,PKN2,1,1
EIF3F,PLEKHG4,1,1
EIF3F,PPA1,1,1
EIF3F,PRRG4,1,1
EIF3F,RAB4A,1,1
EIF3F,RAB7A,1,1
EIF3F,RACK1,1,1
EIF3F,RBBP9,1,1
EIF3F,RBMX2,1,1
EIF3F,RPL13A,1,1
EIF3F,RPS13,1,1
EIF3F,SF3B6,1,1
EIF3F,SMARCD2,1,1
EIF3F,TMSB4X,1,1
EIF3F,TMTC4,1,1
EIF3F,TRIM44,1,1
EIF3F,URGCP,1,1
TAOK2,ACSL4,1,1
TAOK2,ANXA1,1,1
TAOK2,ARF4,1,1
TAOK2,BTF3L4,1,1
TAOK2,CAAP1,1,1
TAOK2,CDC73,1,1
TAOK2,CFL2,1,1
TAOK2,CMPK1,1,1
TAOK2,CPT1A,1,1
TAOK2,DHRS7B,1,1
TAOK2,EP400,1,1
TAOK2,FAM199X,1,1
TAOK2,GADD45A,1,1
TAOK2,GMFB,1,1
TAOK2,ID1,1,1
TAOK2,KLF15,1,1
TAOK2,LIN7C,1,1
TAOK2,LURAP1,1,1
TAOK2,MYNN,1,1
TAOK2,NDFIP2,1,1
TAOK2,PPP1R14BP3,1,1
TAOK2,PRKCI,1,1
TAOK2,PUS7L,1,1
TAOK2,SCHIP1,1,1
TAOK2,SLC25A51,1,1
TAOK2,SOX10,1,1
TAOK2,TIMM17A,1,1
TAOK2,TMEM123,1,1
TAOK2,TROVE2,1,1
TAOK2,TTC39C,1,1
TAOK2,VMA21,1,1
GTF2H2B,ALDH1A3,1,1
GTF2H2B,ANXA3,1,1
GTF2H2B,ARFIP2,1,1
GTF2H2B,ATG12,1,1
GTF2H2B,C14ORF142,1,1
GTF2H2B,CDKN2A,1,1
GTF2H2B,CNTROB,1,1
GTF2H2B,DCAF6,1,1
GTF2H2B,EIF3H,1,1
GTF2H2B,GPAT3,1,1
GTF2H2B,GRASP,1,1
GTF2H2B,LINC00493,1,1
GTF2H2B,MOCS3,1,1
GTF2H2B,MRPL33,1,1
GTF2H2B,MYOF,1,1
GTF2H2B,NDUFA1,1,1
GTF2H2B,NELFE,1,1
GTF2H2B,NTHL1,1,1
GTF2H2B,NXT1,1,1
GTF2H2B,PLEKHG4,1,1
GTF2H2B,PLS3,1,1
GTF2H2B,RAB4A,1,1
GTF2H2B,RAB7A,1,1
GTF2H2B,RNF113A,1,1
GTF2H2B,RNF114,1,1
GTF2H2B,RPL6,1,1
GTF2H2B,RPS13,1,1
GTF2H2B,RPS21,1,1
GTF2H2B,RRAS2,1,1
GTF2H2B,SF3B6,1,1
GTF2H2B,ST3GAL4,1,1
GTF2H2B,TMEM41B,1,1
GTF2H2B,TMSB4X,1,1
GTF2H2B,TRMT13,1,1
GTF2H2B,URGCP,1,1
GTF2H2B,WDR46,1,1
GTF2H2B,ZNF365,1,1
GTF2H2B,ZRANB2,1,1
EIF3K,ALDH1A3,1,1
EIF3K,ANKRD33B,1,1
EIF3K,ANXA3,1,1
EIF3K,CCDC109B,1,1
EIF3K,CKLF,1,1
EIF3K,CNTROB,1,1
EIF3K,CSNK2B,1,1
EIF3K,EIF3H,1,1
EIF3K,GPAT3,1,1
EIF3K,GRASP,1,1
EIF3K,HARS2,1,1
EIF3K,MRPL33,1,1
EIF3K,MRPS14,1,1
EIF3K,MRPS27,1,1
EIF3K,MYOF,1,1
EIF3K,NELFE,1,1
EIF3K,NOSIP,1,1
EIF3K,NPM3,1,1
EIF3K,NTHL1,1,1
EIF3K,PDF,1,1
EIF3K,PLS3,1,1
EIF3K,RFWD2,1,1
EIF3K,RPL18,1,1
EIF3K,RPL6,1,1
EIF3K,RPS21,1,1
EIF3K,RRAS2,1,1
EIF3K,SLC25A51,1,1
EIF3K,SLC9A6,1,1
EIF3K,ST3GAL6,1,1
EIF3K,TRIM62,1,1
EIF3K,UBL4A,1,1
EIF3K,UQCRQ,1,1
EIF3K,WDR46,1,1
PRPF40A,ADAM9,1,1
PRPF40A,BAZ1A,1,1
PRPF40A,C12ORF29,1,1
PRPF40A,C9ORF40,1,1
PRPF40A,CAPRIN1,1,1
PRPF40A,CCDC59,1,1
PRPF40A,CFAP20,1,1
PRPF40A,EMG1,1,1
PRPF40A,FAM136A,1,1
PRPF40A,ITM2C,1,1
PRPF40A,KIAA1586,1,1
PRPF40A,MAK16,1,1
PRPF40A,MAN2A2,1,1
PRPF40A,MRPL39,1,1
PRPF40A,MRPL50,1,1
PRPF40A,NAP1L1,1,1
PRPF40A,NASP,1,1
PRPF40A,NEK7,1,1
PRPF40A,PM20D2,1,1
PRPF40A,PSMC6,1,1
PRPF40A,RIF1,1,1
PRPF40A,RLIM,1,1
PRPF40A,SNAPC1,1,1
PRPF40A,SPIN4,1,1
PRPF40A,TIMM10,1,1
PRPF40A,WRN,1,1
PRPF40A,ZNF215,1,1
KIF20A,BUB1B,1,1
KIF20A,CCNB2,1,1
WDR54,C14ORF159,1,1
WDR54,C16ORF13,1,1
WDR54,FSD1,1,1
WDR54,GNE,1,1
WDR54,IRX5,1,1
WDR54,MED8,1,1
WDR54,METTL2A,1,1
WDR54,NOSIP,1,1
WDR54,PATJ,1,1
WDR54,RPL35A,1,1
WDR54,RPS21,1,1
WDR54,SLC25A51,1,1
WDR54,SLC2A4RG,1,1
WDR54,TIMM17B,1,1
PTPN11,FAM234A,1,1
PTPN11,LLPH,1,1
PTPN11,PIGV,1,1
PTPN11,SGSM3,1,1
PTPN11,ZDHHC4,1,1
UTP11,AGPAT5,1,1
UTP11,AKAP1,1,1
UTP11,ASNSD1,1,1
UTP11,BZW1,1,1
UTP11,CCT2,1,1
UTP11,CHAC2,1,1
UTP11,CHRNA5,1,1
UTP11,DCAF10,1,1
UTP11,EEF1E1,1,1
UTP11,GRWD1,1,1
UTP11,HNRNPM,1,1
UTP11,LRRC58,1,1
UTP11,MPHOSPH10,1,1
UTP11,MSH6,1,1
UTP11,NBN,1,1
UTP11,ORC1,1,1
UTP11,PNPT1,1,1
UTP11,PTBP1,1,1
UTP11,RBM27,1,1
UTP11,RMI1,1,1
UTP11,SBNO1,1,1
UTP11,SGTA,1,1
UTP11,STIL,1,1
UTP11,TFAP4,1,1
UTP11,TTC4,1,1
UTP11,TUBA1C,1,1
UTP11,UMPS,1,1
UTP11,URB2,1,1
UTP11,USP10,1,1
UTP11,UTP15,1,1
UTP11,VBP1,1,1
TUBG2,C14ORF142,1,1
TUBG2,EIF4E,1,1
TUBG2,ENY2,1,1
TUBG2,ERLIN1,1,1
TUBG2,IQSEC2,1,1
TUBG2,METTL10,1,1
TUBG2,MIS12,1,1
TUBG2,PPA1,1,1
TUBG2,RNPS1,1,1
TUBG2,SEC23IP,1,1
TUBG2,ST3GAL4,1,1
TUBG2,TFDP1,1,1
TUBG2,UBA6,1,1
TUBG2,VSIG10L,1,1
TUBG2,ZNF652,1,1
MCMBP,BCCIP,1,1
MCMBP,C19ORF47,1,1
MCMBP,C5ORF42,1,1
MCMBP,CCAR1,1,1
MCMBP,CEP55,1,1
MCMBP,CEP78,1,1
MCMBP,CWC22,1,1
MCMBP,CYB5B,1,1
MCMBP,DDX46,1,1
MCMBP,DPM1,1,1
MCMBP,EIF4E,1,1
MCMBP,ENY2,1,1
MCMBP,GPATCH11,1,1
MCMBP,HAUS2,1,1
MCMBP,HNRNPA1P48,1,1
MCMBP,HRAS,1,1
MCMBP,KIF11,1,1
MCMBP,KTI12,1,1
MCMBP,LRRC40,1,1
MCMBP,MAD2L1,1,1
MCMBP,MRPL22,1,1
MCMBP,MRPS10,1,1
MCMBP,MSH2,1,1
MCMBP,MTF2,1,1
MCMBP,NANP,1,1
MCMBP,NPEPPS,1,1
MCMBP,NUP58,1,1
MCMBP,NUP93,1,1
MCMBP,PCLO,1,1
MCMBP,PCYOX1L,1,1
MCMBP,PDLIM5,1,1
MCMBP,PDRG1,1,1
MCMBP,PDSS1,1,1
MCMBP,PLAGL2,1,1
MCMBP,POMP,1,1
MCMBP,PPA1,1,1
MCMBP,PRELID1,1,1
MCMBP,RNPS1,1,1
MCMBP,RPP30,1,1
MCMBP,SKA3,1,1
MCMBP,STAMBPL1,1,1
MCMBP,TAF2,1,1
MCMBP,TCF19,1,1
MCMBP,TFAM,1,1
MCMBP,TRPM2,1,1
MCMBP,TXN,1,1
MCMBP,UBA6,1,1
MCMBP,XRN2,1,1
BRIX1,ABCE1,1,1
BRIX1,ACTN1,1,1
BRIX1,AHCTF1,1,1
BRIX1,ANP32E,1,1
BRIX1,ARF5,1,1
BRIX1,BZW1,1,1
BRIX1,C14ORF80,1,1
BRIX1,CBFB,1,1
BRIX1,CCDC112,1,1
BRIX1,CCP110,1,1
BRIX1,CCT2,1,1
BRIX1,CCT5,1,1
BRIX1,CDK7,1,1
BRIX1,CPSF6,1,1
BRIX1,CSTF2,1,1
BRIX1,CTDSPL2,1,1
BRIX1,DAZAP1,1,1
BRIX1,DDX18,1,1
BRIX1,DHRS7B,1,1
BRIX1,DHX35,1,1
BRIX1,DIAPH1,1,1
BRIX1,DIMT1,1,1
BRIX1,DPY19L2P1,1,1
BRIX1,EIF2S1,1,1
BRIX1,EIF3J,1,1
BRIX1,EIF3M,1,1
BRIX1,ELAVL1,1,1
BRIX1,ERI1,1,1
BRIX1,ERVK3-1,1,1
BRIX1,FAM136A,1,1
BRIX1,GEMIN7,1,1
BRIX1,GHDC,1,1
BRIX1,GINS3,1,1
BRIX1,GLRX2,1,1
BRIX1,GPATCH4,1,1
BRIX1,GRWD1,1,1
BRIX1,HCFC1,1,1
BRIX1,HNRNPU,1,1
BRIX1,HSP90AA1,1,1
BRIX1,ILF2,1,1
BRIX1,IPO4,1,1
BRIX1,IRAK1,1,1
BRIX1,KIAA0101,1,1
BRIX1,KIAA1586,1,1
BRIX1,KIF14,1,1
BRIX1,KLHL8,1,1
BRIX1,LARP4,1,1
BRIX1,LBR,1,1
BRIX1,LLPH,1,1
BRIX1,LMNB1,1,1
BRIX1,LRR1,1,1
BRIX1,MAK16,1,1
BRIX1,MAP4K5,1,1
BRIX1,MEGF8,1,1
BRIX1,MRPL39,1,1
BRIX1,MYBL2,1,1
BRIX1,MYNN,1,1
BRIX1,NAA15,1,1
BRIX1,NASP,1,1
BRIX1,NEK7,1,1
BRIX1,NOLC1,1,1
BRIX1,PAK1IP1,1,1
BRIX1,PCGF6,1,1
BRIX1,PGAM5,1,1
BRIX1,POLE3,1,1
BRIX1,POLR1B,1,1
BRIX1,POLR3E,1,1
BRIX1,PPM1G,1,1
BRIX1,PPP2CA,1,1
BRIX1,PRPF4,1,1
BRIX1,PSMA3,1,1
BRIX1,PSMC3,1,1
BRIX1,PSMC5,1,1
BRIX1,PSMC6,1,1
BRIX1,PSMD2,1,1
BRIX1,PTS,1,1
BRIX1,RAD23B,1,1
BRIX1,RELT,1,1
BRIX1,RFK,1,1
BRIX1,RFWD3,1,1
BRIX1,RIOK1,1,1
BRIX1,RNF126,1,1
BRIX1,RNF138,1,1
BRIX1,RRS1,1,1
BRIX1,SACS,1,1
BRIX1,SERBP1,1,1
BRIX1,SET,1,1
BRIX1,SIX1,1,1
BRIX1,SMAGP,1,1
BRIX1,SNAPC1,1,1
BRIX1,SOX10,1,1
BRIX1,SPIN4,1,1
BRIX1,SRP72,1,1
BRIX1,SRPK1,1,1
BRIX1,SRSF1,1,1
BRIX1,SRSF3,1,1
BRIX1,SSRP1,1,1
BRIX1,SYNCRIP,1,1
BRIX1,TBPL1,1,1
BRIX1,TEAD4,1,1
BRIX1,TERF1,1,1
BRIX1,TFB2M,1,1
BRIX1,TIMM10,1,1
BRIX1,TIMM17A,1,1
BRIX1,TIMM8A,1,1
BRIX1,TMEM126A,1,1
BRIX1,TPM3,1,1
BRIX1,TRIP13,1,1
BRIX1,TUBB4B,1,1
BRIX1,UBE2C,1,1
BRIX1,UCHL5,1,1
BRIX1,UHRF1BP1L,1,1
BRIX1,USP1,1,1
BRIX1,UTP23,1,1
BRIX1,VBP1,1,1
BRIX1,VRK3,1,1
BRIX1,ZDHHC4,1,1
BRIX1,ZIC2,1,1
BRIX1,ZNF639,1,1
BRIX1,ZNF695,1,1
BRIX1,ZW10,1,1
ZWILCH,ABCE1,1,1
ZWILCH,BCCIP,1,1
ZWILCH,BMI1,1,1
ZWILCH,CCNA2,1,1
ZWILCH,CDCA5,1,1
ZWILCH,CDK4,1,1
ZWILCH,CEP55,1,1
ZWILCH,CHEK1,1,1
ZWILCH,CKS1B,1,1
ZWILCH,CSTF2,1,1
ZWILCH,CWC22,1,1
ZWILCH,CYB5B,1,1
ZWILCH,DCAF13,1,1
ZWILCH,DDX18,1,1
ZWILCH,DEK,1,1
ZWILCH,DNA2,1,1
ZWILCH,DPM1,1,1
ZWILCH,ENY2,1,1
ZWILCH,EPS8L1,1,1
ZWILCH,ERI1,1,1
ZWILCH,ESCO2,1,1
ZWILCH,GINS1,1,1
ZWILCH,GLRX2,1,1
ZWILCH,HRAS,1,1
ZWILCH,KHDRBS1,1,1
ZWILCH,KIAA0101,1,1
ZWILCH,KIAA1429,1,1
ZWILCH,KIF11,1,1
ZWILCH,KIF14,1,1
ZWILCH,KLHL8,1,1
ZWILCH,KMT5A,1,1
ZWILCH,KTI12,1,1
ZWILCH,LBR,1,1
ZWILCH,LMNB1,1,1
ZWILCH,LRR1,1,1
ZWILCH,MAD2L1,1,1
ZWILCH,MEGF8,1,1
ZWILCH,MIS18A,1,1
ZWILCH,MRPS10,1,1
ZWILCH,MRPS27,1,1
ZWILCH,MSH2,1,1
ZWILCH,MYBL2,1,1
ZWILCH,MZT1,1,1
ZWILCH,NAA15,1,1
ZWILCH,NANP,1,1
ZWILCH,NOLC1,1,1
ZWILCH,NUDCD1,1,1
ZWILCH,NUP107,1,1
ZWILCH,NUP58,1,1
ZWILCH,ORC2,1,1
ZWILCH,PAK1IP1,1,1
ZWILCH,PDRG1,1,1
ZWILCH,PDSS1,1,1
ZWILCH,PLK4,1,1
ZWILCH,POLE3,1,1
ZWILCH,POMP,1,1
ZWILCH,PPIH,1,1
ZWILCH,PPM1G,1,1
ZWILCH,PPP2CA,1,1
ZWILCH,PRELID1,1,1
ZWILCH,PRIM2,1,1
ZWILCH,PRPS2,1,1
ZWILCH,PXMP2,1,1
ZWILCH,RARS,1,1
ZWILCH,RHBDF1,1,1
ZWILCH,RMI1,1,1
ZWILCH,RNASEK,1,1
ZWILCH,RNF138,1,1
ZWILCH,RP11-673C5.1,1,1
ZWILCH,SART3,1,1
ZWILCH,SKA3,1,1
ZWILCH,SKIV2L2,1,1
ZWILCH,SMC2,1,1
ZWILCH,SMIM13,1,1
ZWILCH,SMNDC1,1,1
ZWILCH,SNRPC,1,1
ZWILCH,SRP72,1,1
ZWILCH,SRPK1,1,1
ZWILCH,SRSF3,1,1
ZWILCH,SVIP,1,1
ZWILCH,TAF2,1,1
ZWILCH,TATDN1,1,1
ZWILCH,TFAM,1,1
ZWILCH,TFB2M,1,1
ZWILCH,TMEM14B,1,1
ZWILCH,TMEM205,1,1
ZWILCH,TPM3,1,1
ZWILCH,TPRKB,1,1
ZWILCH,TRIP13,1,1
ZWILCH,TTC28,1,1
ZWILCH,UBE2C,1,1
ZWILCH,UBE2J2,1,1
ZWILCH,UBE2V1,1,1
ZWILCH,UBE2V2,1,1
ZWILCH,UCHL5,1,1
ZWILCH,UHRF1BP1L,1,1
ZWILCH,USP1,1,1
ZWILCH,WWC1,1,1
ZWILCH,ZNF473,1,1
ZWILCH,ZNF695,1,1
ZWILCH,ZW10,1,1
GEMIN7,AHI1,1,1
GEMIN7,ARF5,1,1
GEMIN7,BRD4,1,1
GEMIN7,CBR4,1,1
GEMIN7,CCT5,1,1
GEMIN7,CDC42EP2,1,1
GEMIN7,CDH2,1,1
GEMIN7,CDK7,1,1
GEMIN7,CNOT3,1,1
GEMIN7,COPS5,1,1
GEMIN7,CSTF2,1,1
GEMIN7,CTDSPL2,1,1
GEMIN7,CYP27A1,1,1
GEMIN7,DDX21,1,1
GEMIN7,DHRS7B,1,1
GEMIN7,DHX35,1,1
GEMIN7,EIF2S1,1,1
GEMIN7,EIF3M,1,1
GEMIN7,EIF6,1,1
GEMIN7,ELAVL1,1,1
GEMIN7,EP400,1,1
GEMIN7,ERI1,1,1
GEMIN7,ERVK3-1,1,1
GEMIN7,FAM136A,1,1
GEMIN7,FBXL6,1,1
GEMIN7,FBXO45,1,1
GEMIN7,FEM1A,1,1
GEMIN7,FTSJ1,1,1
GEMIN7,FTSJ3,1,1
GEMIN7,GABRA5,1,1
GEMIN7,GART,1,1
GEMIN7,GINS3,1,1
GEMIN7,GLRX2,1,1
GEMIN7,GOLPH3L,1,1
GEMIN7,GPATCH4,1,1
GEMIN7,GTF3C4,1,1
GEMIN7,HARS,1,1
GEMIN7,HCFC1,1,1
GEMIN7,HMGCL,1,1
GEMIN7,HNRNPU,1,1
GEMIN7,ILF2,1,1
GEMIN7,IQCJ-SCHIP1,1,1
GEMIN7,ITM2C,1,1
GEMIN7,KARS,1,1
GEMIN7,KIAA0319L,1,1
GEMIN7,KRT18,1,1
GEMIN7,LBR,1,1
GEMIN7,LINC01296,1,1
GEMIN7,LLPH,1,1
GEMIN7,MAGOH,1,1
GEMIN7,MAK16,1,1
GEMIN7,MAP4K5,1,1
GEMIN7,MAPK1IP1L,1,1
GEMIN7,MCRS1,1,1
GEMIN7,MMP24-AS1,1,1
GEMIN7,MRPL39,1,1
GEMIN7,MYNN,1,1
GEMIN7,MYSM1,1,1
GEMIN7,NAA15,1,1
GEMIN7,NCR3LG1,1,1
GEMIN7,NIPAL1,1,1
GEMIN7,NUFIP1,1,1
GEMIN7,PAK1IP1,1,1
GEMIN7,PCGF6,1,1
GEMIN7,PDE12,1,1
GEMIN7,PFDN2,1,1
GEMIN7,PIGV,1,1
GEMIN7,PLAUR,1,1
GEMIN7,PLEKHH1,1,1
GEMIN7,PMM1,1,1
GEMIN7,POLR3C,1,1
GEMIN7,PPCS,1,1
GEMIN7,PPM1G,1,1
GEMIN7,PRPF4,1,1
GEMIN7,PSMC3,1,1
GEMIN7,PSMC5,1,1
GEMIN7,PSMC6,1,1
GEMIN7,PSMD2,1,1
GEMIN7,PTS,1,1
GEMIN7,PUS7L,1,1
GEMIN7,QSER1,1,1
GEMIN7,RARS,1,1
GEMIN7,RIOK1,1,1
GEMIN7,RNF168,1,1
GEMIN7,RRP12,1,1
GEMIN7,RRS1,1,1
GEMIN7,SACS,1,1
GEMIN7,SCPEP1,1,1
GEMIN7,SERBP1,1,1
GEMIN7,SET,1,1
GEMIN7,SIX1,1,1
GEMIN7,SMARCD1,1,1
GEMIN7,SNRPE,1,1
GEMIN7,SPIN4,1,1
GEMIN7,SREK1IP1,1,1
GEMIN7,SRP72,1,1
GEMIN7,SRPK1,1,1
GEMIN7,SSRP1,1,1
GEMIN7,SYNCRIP,1,1
GEMIN7,TARS,1,1
GEMIN7,TFB2M,1,1
GEMIN7,TIMM17A,1,1
GEMIN7,TMA16,1,1
GEMIN7,TNFRSF12A,1,1
GEMIN7,TRIP13,1,1
GEMIN7,TRMT10C,1,1
GEMIN7,TRMT61A,1,1
GEMIN7,UHRF1,1,1
GEMIN7,UTP23,1,1
GEMIN7,UTP4,1,1
GEMIN7,WDR74,1,1
GEMIN7,ZDHHC4,1,1
GEMIN7,ZIC2,1,1
GEMIN7,ZNF473,1,1
GEMIN7,ZNF512B,1,1
GEMIN7,ZPR1,1,1
PRIM2,ACTN1,1,1
PRIM2,ARF4,1,1
PRIM2,CKS1B,1,1
PRIM2,CRLS1,1,1
PRIM2,CYB5D2,1,1
PRIM2,DCAF13,1,1
PRIM2,DDX18,1,1
PRIM2,EIF2B1,1,1
PRIM2,EIF6,1,1
PRIM2,EPS8L1,1,1
PRIM2,ESCO2,1,1
PRIM2,GINS1,1,1
PRIM2,GMEB2,1,1
PRIM2,HOXB2,1,1
PRIM2,KHDRBS1,1,1
PRIM2,KIAA0101,1,1
PRIM2,KIAA1429,1,1
PRIM2,KIF14,1,1
PRIM2,LMNB1,1,1
PRIM2,MAD2L1,1,1
PRIM2,MEGF8,1,1
PRIM2,MLKL,1,1
PRIM2,MRPL47,1,1
PRIM2,MRPL9,1,1
PRIM2,NAA15,1,1
PRIM2,NANP,1,1
PRIM2,NUDCD1,1,1
PRIM2,ORC2,1,1
PRIM2,PCGF5,1,1
PRIM2,PDRG1,1,1
PRIM2,PGAM5,1,1
PRIM2,PLS1,1,1
PRIM2,PPIH,1,1
PRIM2,PPP2CA,1,1
PRIM2,PRPS2,1,1
PRIM2,RNASEK,1,1
PRIM2,RP11-529K1.3,1,1
PRIM2,SART3,1,1
PRIM2,SCYL3,1,1
PRIM2,SKIV2L2,1,1
PRIM2,SMIM13,1,1
PRIM2,SNRPC,1,1
PRIM2,SVIP,1,1
PRIM2,TATDN1,1,1
PRIM2,TDRP,1,1
PRIM2,TMEM206,1,1
PRIM2,TPM3,1,1
PRIM2,TPRKB,1,1
PRIM2,TRIP13,1,1
PRIM2,TTC28,1,1
PRIM2,TUBA1C,1,1
PRIM2,UBE2C,1,1
PRIM2,UBE2J2,1,1
PRIM2,UBE2V1,1,1
PRIM2,UBE2V2,1,1
PRIM2,UCHL5,1,1
PRIM2,VBP1,1,1
PRIM2,WWC1,1,1
PRIM2,ZNF695,1,1
UBE2V1,AC009237.8,1,1
UBE2V1,ACOX1,1,1
UBE2V1,AP1M1,1,1
UBE2V1,BCCIP,1,1
UBE2V1,BMI1,1,1
UBE2V1,C12ORF75,1,1
UBE2V1,C19ORF47,1,1
UBE2V1,C5ORF42,1,1
UBE2V1,CDK4,1,1
UBE2V1,CKS1B,1,1
UBE2V1,CRLF3,1,1
UBE2V1,CWC22,1,1
UBE2V1,CYB5B,1,1
UBE2V1,CYB5D2,1,1
UBE2V1,DCAF13,1,1
UBE2V1,DDX18,1,1
UBE2V1,DPM1,1,1
UBE2V1,DUXAP9,1,1
UBE2V1,EIF6,1,1
UBE2V1,ENY2,1,1
UBE2V1,FAM60A,1,1
UBE2V1,GALT,1,1
UBE2V1,GMEB2,1,1
UBE2V1,HARS,1,1
UBE2V1,HEXIM2,1,1
UBE2V1,HOXB2,1,1
UBE2V1,HRAS,1,1
UBE2V1,IQCJ-SCHIP1,1,1
UBE2V1,ITPA,1,1
UBE2V1,KHDRBS1,1,1
UBE2V1,KIAA1429,1,1
UBE2V1,KMT5A,1,1
UBE2V1,KTI12,1,1
UBE2V1,LARS,1,1
UBE2V1,MOCS3,1,1
UBE2V1,MRPL22,1,1
UBE2V1,MRPS10,1,1
UBE2V1,MRPS27,1,1
UBE2V1,MYOF,1,1
UBE2V1,MYSM1,1,1
UBE2V1,NAA15,1,1
UBE2V1,NAGLU,1,1
UBE2V1,NANP,1,1
UBE2V1,NDUFA1,1,1
UBE2V1,NOLC1,1,1
UBE2V1,NPEPPS,1,1
UBE2V1,NPM3,1,1
UBE2V1,NUDCD1,1,1
UBE2V1,NUP58,1,1
UBE2V1,NXT1,1,1
UBE2V1,ORC2,1,1
UBE2V1,PAFAH2,1,1
UBE2V1,PDRG1,1,1
UBE2V1,PDSS1,1,1
UBE2V1,PFN1,1,1
UBE2V1,PGGT1B,1,1
UBE2V1,PHIP,1,1
UBE2V1,POMP,1,1
UBE2V1,PPM1G,1,1
UBE2V1,PPP2CA,1,1
UBE2V1,PRELID1,1,1
UBE2V1,PSMC4,1,1
UBE2V1,RNASEK,1,1
UBE2V1,RNF114,1,1
UBE2V1,RP11-529K1.3,1,1
UBE2V1,RRP36,1,1
UBE2V1,SART3,1,1
UBE2V1,SCYL3,1,1
UBE2V1,SKIV2L2,1,1
UBE2V1,SLC35D1,1,1
UBE2V1,SMIM13,1,1
UBE2V1,SNRPC,1,1
UBE2V1,SRP72,1,1
UBE2V1,ST3GAL6,1,1
UBE2V1,STAMBPL1,1,1
UBE2V1,TAF2,1,1
UBE2V1,TATDN1,1,1
UBE2V1,TPM3,1,1
UBE2V1,TPRKB,1,1
UBE2V1,TRUB1,1,1
UBE2V1,TTC28,1,1
UBE2V1,UBA6,1,1
UBE2V1,UBE2J2,1,1
UBE2V1,UCHL5,1,1
UBE2V1,UHMK1,1,1
UBE2V1,WDR46,1,1
UBE2V1,WWC1,1,1
UBE2V1,XRN2,1,1
UBE2V1,ZBTB37,1,1
UBE2V1,ZNF473,1,1
UBE2V1,ZNF655,1,1
UBE2V1,ZRANB2,1,1
UBE2T,ABHD5,1,1
UBE2T,ACD,1,1
UBE2T,AHI1,1,1
UBE2T,ANKRD33B,1,1
UBE2T,ARF4,1,1
UBE2T,BMI1,1,1
UBE2T,BNIP1,1,1
UBE2T,BTF3L4,1,1
UBE2T,CCDC109B,1,1
UBE2T,CCT5,1,1
UBE2T,CDC123,1,1
UBE2T,CDCA5,1,1
UBE2T,CDK7,1,1
UBE2T,CFL2,1,1
UBE2T,CKS1B,1,1
UBE2T,CSNK2B,1,1
UBE2T,CSTF2,1,1
UBE2T,CTNNAL1,1,1
UBE2T,DDX21,1,1
UBE2T,DEK,1,1
UBE2T,DHX35,1,1
UBE2T,DNA2,1,1
UBE2T,EID2,1,1
UBE2T,EIF3M,1,1
UBE2T,EIF6,1,1
UBE2T,EPS8L1,1,1
UBE2T,ERI1,1,1
UBE2T,FBXL6,1,1
UBE2T,FBXO45,1,1
UBE2T,FTSJ3,1,1
UBE2T,GABRA5,1,1
UBE2T,GART,1,1
UBE2T,GCH1,1,1
UBE2T,GINS3,1,1
UBE2T,HDAC3,1,1
UBE2T,IFI44,1,1
UBE2T,ILF2,1,1
UBE2T,IQCJ-SCHIP1,1,1
UBE2T,KIAA1429,1,1
UBE2T,KMT5A,1,1
UBE2T,KRT18,1,1
UBE2T,LBR,1,1
UBE2T,LIN7C,1,1
UBE2T,LMNB1,1,1
UBE2T,MAGOH,1,1
UBE2T,MCM10,1,1
UBE2T,MCM2,1,1
UBE2T,MED10,1,1
UBE2T,MEGF8,1,1
UBE2T,MIS18A,1,1
UBE2T,MMP24-AS1,1,1
UBE2T,MRPS27,1,1
UBE2T,MT1X,1,1
UBE2T,MYBL2,1,1
UBE2T,NPM3,1,1
UBE2T,NUP107,1,1
UBE2T,PAK1IP1,1,1
UBE2T,PDE12,1,1
UBE2T,PDF,1,1
UBE2T,PFDN2,1,1
UBE2T,PMPCA,1,1
UBE2T,PPM1G,1,1
UBE2T,PRPF38A,1,1
UBE2T,PRPF4,1,1
UBE2T,PSMA3,1,1
UBE2T,PSMC3,1,1
UBE2T,PSMC3IP,1,1
UBE2T,PSMD2,1,1
UBE2T,PUS7L,1,1
UBE2T,RAD1,1,1
UBE2T,RARS,1,1
UBE2T,RNF13,1,1
UBE2T,RNF168,1,1
UBE2T,RUVBL2,1,1
UBE2T,SAPCD2,1,1
UBE2T,SERBP1,1,1
UBE2T,SIX1,1,1
UBE2T,SLC11A2,1,1
UBE2T,SLC25A43,1,1
UBE2T,SMNDC1,1,1
UBE2T,SNRPC,1,1
UBE2T,SNRPE,1,1
UBE2T,SRP72,1,1
UBE2T,SRPK1,1,1
UBE2T,SSRP1,1,1
UBE2T,ST3GAL6,1,1
UBE2T,SVIP,1,1
UBE2T,TAF5,1,1
UBE2T,TATDN1,1,1
UBE2T,TIMM17A,1,1
UBE2T,TIMM8A,1,1
UBE2T,TMEM123,1,1
UBE2T,TMEM14B,1,1
UBE2T,TRIM62,1,1
UBE2T,TRIP13,1,1
UBE2T,TSSC4,1,1
UBE2T,TUBB4B,1,1
UBE2T,UBE2C,1,1
UBE2T,UCHL5,1,1
UBE2T,UGT8,1,1
UBE2T,UHRF1,1,1
UBE2T,USP1,1,1
UBE2T,VRK1,1,1
UBE2T,WDR74,1,1
UBE2T,ZNF281,1,1
UBE2T,ZNF655,1,1
UBE2T,ZNF695,1,1
VPS13D,CTSA,1,1
VPS13D,GSTM4,1,1
VPS13D,PDE6D,1,1
SLC25A51,AHI1,1,1
SLC25A51,ANKRD33B,1,1
SLC25A51,ANXA1,1,1
SLC25A51,ARF4,1,1
SLC25A51,ATP6AP1,1,1
SLC25A51,BCL2A1,1,1
SLC25A51,BTF3L4,1,1
SLC25A51,C16ORF13,1,1
SLC25A51,CAAP1,1,1
SLC25A51,CDC73,1,1
SLC25A51,CDH2,1,1
SLC25A51,CFL2,1,1
SLC25A51,CMPK1,1,1
SLC25A51,CPT1A,1,1
SLC25A51,CSNK2B,1,1
SLC25A51,DUXAP9,1,1
SLC25A51,EIF6,1,1
SLC25A51,EP400,1,1
SLC25A51,ERBB3,1,1
SLC25A51,FAM199X,1,1
SLC25A51,FAM60A,1,1
SLC25A51,FBXL6,1,1
SLC25A51,FSD1,1,1
SLC25A51,GABRA5,1,1
SLC25A51,GADD45A,1,1
SLC25A51,GART,1,1
SLC25A51,GNE,1,1
SLC25A51,GOLPH3L,1,1
SLC25A51,GPBP1L1,1,1
SLC25A51,HTR7,1,1
SLC25A51,KRT18,1,1
SLC25A51,LIN7C,1,1
SLC25A51,LINC01296,1,1
SLC25A51,LPGAT1,1,1
SLC25A51,METTL2A,1,1
SLC25A51,MIER1,1,1
SLC25A51,MRPL21,1,1
SLC25A51,MRPS14,1,1
SLC25A51,NDFIP2,1,1
SLC25A51,NDUFA1,1,1
SLC25A51,NELFE,1,1
SLC25A51,NOSIP,1,1
SLC25A51,PDF,1,1
SLC25A51,PFDN2,1,1
SLC25A51,PRKCDBP,1,1
SLC25A51,PRKCI,1,1
SLC25A51,PSMC4,1,1
SLC25A51,PTPN3,1,1
SLC25A51,PUS7L,1,1
SLC25A51,RNF13,1,1
SLC25A51,RP11-529K1.3,1,1
SLC25A51,RPL35A,1,1
SLC25A51,RPS21,1,1
SLC25A51,RPS26,1,1
SLC25A51,RRAS2,1,1
SLC25A51,RUVBL2,1,1
SLC25A51,SCHIP1,1,1
SLC25A51,SCPEP1,1,1
SLC25A51,SEPT9,1,1
SLC25A51,SLC11A2,1,1
SLC25A51,SLC25A43,1,1
SLC25A51,SLC2A4RG,1,1
SLC25A51,SLC9A6,1,1
SLC25A51,SMIM13,1,1
SLC25A51,SNRPE,1,1
SLC25A51,ST3GAL6,1,1
SLC25A51,TARS,1,1
SLC25A51,TATDN1,1,1
SLC25A51,TIMM17A,1,1
SLC25A51,TIMM17B,1,1
SLC25A51,TMEM123,1,1
SLC25A51,TRIM62,1,1
SLC25A51,UGT8,1,1
SLC25A51,UHMK1,1,1
SLC25A51,VMA21,1,1
SLC25A51,ZNF281,1,1
GPATCH4,ABCE1,1,1
GPATCH4,AHCTF1,1,1
GPATCH4,AKAP8,1,1
GPATCH4,C12ORF29,1,1
GPATCH4,CAPRIN1,1,1
GPATCH4,CBFB,1,1
GPATCH4,CCP110,1,1
GPATCH4,CCT2,1,1
GPATCH4,CCT5,1,1
GPATCH4,CPSF6,1,1
GPATCH4,CSTF2,1,1
GPATCH4,DAZAP1,1,1
GPATCH4,DIMT1,1,1
GPATCH4,EIF2S1,1,1
GPATCH4,EIF3J,1,1
GPATCH4,ELAVL1,1,1
GPATCH4,ERVK3-1,1,1
GPATCH4,FAM136A,1,1
GPATCH4,FASTKD3,1,1
GPATCH4,GINS3,1,1
GPATCH4,GLRX2,1,1
GPATCH4,GTF3C4,1,1
GPATCH4,HCFC1,1,1
GPATCH4,HNRNPU,1,1
GPATCH4,ILF2,1,1
GPATCH4,IPO4,1,1
GPATCH4,KIAA1586,1,1
GPATCH4,LARP4,1,1
GPATCH4,LBR,1,1
GPATCH4,LMNB1,1,1
GPATCH4,MAK16,1,1
GPATCH4,MAPK1IP1L,1,1
GPATCH4,MRPL39,1,1
GPATCH4,MRPL50,1,1
GPATCH4,MYBL2,1,1
GPATCH4,NASP,1,1
GPATCH4,NEK7,1,1
GPATCH4,PAK1IP1,1,1
GPATCH4,PCGF6,1,1
GPATCH4,PNN,1,1
GPATCH4,POLR3C,1,1
GPATCH4,PSMA3,1,1
GPATCH4,PSMC6,1,1
GPATCH4,PTS,1,1
GPATCH4,RELT,1,1
GPATCH4,RFWD3,1,1
GPATCH4,RIOK1,1,1
GPATCH4,RNF126,1,1
GPATCH4,RRS1,1,1
GPATCH4,SACS,1,1
GPATCH4,SET,1,1
GPATCH4,SLC2A1,1,1
GPATCH4,SNAPC1,1,1
GPATCH4,SPIN4,1,1
GPATCH4,SYNCRIP,1,1
GPATCH4,TEAD4,1,1
GPATCH4,TFB2M,1,1
GPATCH4,TIMM10,1,1
GPATCH4,TIMM8A,1,1
GPATCH4,TRMT61A,1,1
GPATCH4,UTP23,1,1
GPATCH4,UTP4,1,1
GPATCH4,ZDHHC4,1,1
GPATCH4,ZIC2,1,1
NCR3LG1,ABCA5,1,1
NCR3LG1,ACSL4,1,1
NCR3LG1,ADAM9,1,1
NCR3LG1,C12ORF29,1,1
NCR3LG1,C16ORF91,1,1
NCR3LG1,CBR4,1,1
NCR3LG1,CCT5,1,1
NCR3LG1,CDC42EP2,1,1
NCR3LG1,CDH2,1,1
NCR3LG1,CDK7,1,1
NCR3LG1,CFL2,1,1
NCR3LG1,CLPTM1L,1,1
NCR3LG1,CMSS1,1,1
NCR3LG1,CNPY3,1,1
NCR3LG1,COPS5,1,1
NCR3LG1,CPT1A,1,1
NCR3LG1,CRIM1,1,1
NCR3LG1,CSTF2,1,1
NCR3LG1,CTDSPL2,1,1
NCR3LG1,DAZAP1,1,1
NCR3LG1,DHRS7B,1,1
NCR3LG1,DHX35,1,1
NCR3LG1,EID2,1,1
NCR3LG1,EIF2S1,1,1
NCR3LG1,EIF3M,1,1
NCR3LG1,EMG1,1,1
NCR3LG1,FAM136A,1,1
NCR3LG1,FAM69B,1,1
NCR3LG1,FARSA,1,1
NCR3LG1,FBXO45,1,1
NCR3LG1,FKBP3,1,1
NCR3LG1,FTSJ1,1,1
NCR3LG1,FTSJ3,1,1
NCR3LG1,GABRA5,1,1
NCR3LG1,GCH1,1,1
NCR3LG1,GHDC,1,1
NCR3LG1,HS1BP3,1,1
NCR3LG1,IGF2BP1,1,1
NCR3LG1,ILF2,1,1
NCR3LG1,IQCJ-SCHIP1,1,1
NCR3LG1,ISY1,1,1
NCR3LG1,KARS,1,1
NCR3LG1,KIAA0319L,1,1
NCR3LG1,KIAA0586,1,1
NCR3LG1,KRT18,1,1
NCR3LG1,LARGE1,1,1
NCR3LG1,LBR,1,1
NCR3LG1,LLPH,1,1
NCR3LG1,LURAP1,1,1
NCR3LG1,MAGED2,1,1
NCR3LG1,MAK16,1,1
NCR3LG1,MAP4K5,1,1
NCR3LG1,MAPK1IP1L,1,1
NCR3LG1,MCRS1,1,1
NCR3LG1,MEGF8,1,1
NCR3LG1,MRPL21,1,1
NCR3LG1,MRPL39,1,1
NCR3LG1,MRPL47,1,1
NCR3LG1,MT1X,1,1
NCR3LG1,MYNN,1,1
NCR3LG1,NASP,1,1
NCR3LG1,NCBP2-AS2,1,1
NCR3LG1,NEK7,1,1
NCR3LG1,NIPAL1,1,1
NCR3LG1,PDE12,1,1
NCR3LG1,PFDN2,1,1
NCR3LG1,PLAUR,1,1
NCR3LG1,PLEKHH1,1,1
NCR3LG1,PMM1,1,1
NCR3LG1,PMPCA,1,1
NCR3LG1,PPCS,1,1
NCR3LG1,PPM1G,1,1
NCR3LG1,PRKCI,1,1
NCR3LG1,PRPF38A,1,1
NCR3LG1,PRPF4,1,1
NCR3LG1,PSMA3,1,1
NCR3LG1,PSMA6,1,1
NCR3LG1,PSMB5,1,1
NCR3LG1,PSMC3,1,1
NCR3LG1,PSMC5,1,1
NCR3LG1,PSMC6,1,1
NCR3LG1,PSMD2,1,1
NCR3LG1,PTPRB,1,1
NCR3LG1,QSER1,1,1
NCR3LG1,RIN1,1,1
NCR3LG1,RLIM,1,1
NCR3LG1,RNF168,1,1
NCR3LG1,RRP12,1,1
NCR3LG1,RUVBL2,1,1
NCR3LG1,SEPT9,1,1
NCR3LG1,SERBP1,1,1
NCR3LG1,SIX1,1,1
NCR3LG1,SLC11A2,1,1
NCR3LG1,SLC2A4RG,1,1
NCR3LG1,SMARCD1,1,1
NCR3LG1,SMN1,1,1
NCR3LG1,SNAPC1,1,1
NCR3LG1,SPIN4,1,1
NCR3LG1,SREK1IP1,1,1
NCR3LG1,SSRP1,1,1
NCR3LG1,TIMM17A,1,1
NCR3LG1,TIMM8A,1,1
NCR3LG1,TMA16,1,1
NCR3LG1,TNFRSF12A,1,1
NCR3LG1,TROVE2,1,1
NCR3LG1,TTC39C,1,1
NCR3LG1,UBE2N,1,1
NCR3LG1,UGT8,1,1
NCR3LG1,UTP4,1,1
NCR3LG1,VEZT,1,1
NCR3LG1,WDR74,1,1
NCR3LG1,WRN,1,1
NCR3LG1,XK,1,1
NCR3LG1,ZIC2,1,1
CHRNA5,ABHD14B,1,1
CHRNA5,AGPAT5,1,1
CHRNA5,AHCTF1,1,1
CHRNA5,ATF1,1,1
CHRNA5,BZW1,1,1
CHRNA5,C14ORF80,1,1
CHRNA5,CBFB,1,1
CHRNA5,CBY1,1,1
CHRNA5,CCDC112,1,1
CHRNA5,CCT2,1,1
CHRNA5,CLINT1,1,1
CHRNA5,CPSF6,1,1
CHRNA5,DIMT1,1,1
CHRNA5,EIF3J,1,1
CHRNA5,ELAVL1,1,1
CHRNA5,H3F3B,1,1
CHRNA5,IPO4,1,1
CHRNA5,IRAK1,1,1
CHRNA5,KIAA1524,1,1
CHRNA5,LRRC58,1,1
CHRNA5,LYAR,1,1
CHRNA5,MEMO1,1,1
CHRNA5,MPHOSPH10,1,1
CHRNA5,PNPT1,1,1
CHRNA5,POLR1B,1,1
CHRNA5,PSME4,1,1
CHRNA5,RAD23B,1,1
CHRNA5,RELT,1,1
CHRNA5,SGTA,1,1
CHRNA5,SLC2A1,1,1
CHRNA5,SMAGP,1,1
CHRNA5,TMEM53,1,1
CHRNA5,TTC23,1,1
CHRNA5,TTC4,1,1
CHRNA5,UMPS,1,1
CHRNA5,USP10,1,1
CHRNA5,VBP1,1,1
CHRNA5,VRK3,1,1
CHRNA5,ZNF639,1,1
CHRNA5,ZNF783,1,1
RRP8,ADPRH,1,1
RRP8,ANXA3,1,1
RRP8,AP1M1,1,1
RRP8,AP3S1,1,1
RRP8,ARFIP2,1,1
RRP8,ASPHD2,1,1
RRP8,C14ORF142,1,1
RRP8,C19ORF47,1,1
RRP8,CEP250,1,1
RRP8,CHUK,1,1
RRP8,CRNKL1,1,1
RRP8,CYB5B,1,1
RRP8,DHX16,1,1
RRP8,DPM1,1,1
RRP8,EDRF1,1,1
RRP8,ERCC3,1,1
RRP8,EXOSC8,1,1
RRP8,FAM178B,1,1
RRP8,GPATCH11,1,1
RRP8,HFE,1,1
RRP8,HRAS,1,1
RRP8,KHK,1,1
RRP8,LINC00493,1,1
RRP8,LRRC40,1,1
RRP8,MED29,1,1
RRP8,MRPS10,1,1
RRP8,MRPS16,1,1
RRP8,MRPS26,1,1
RRP8,NAA40,1,1
RRP8,NPEPPS,1,1
RRP8,NR2F2,1,1
RRP8,NRM,1,1
RRP8,NTHL1,1,1
RRP8,NXT1,1,1
RRP8,OSER1,1,1
RRP8,PLAGL2,1,1
RRP8,PLEKHG4,1,1
RRP8,PPA1,1,1
RRP8,PRRG4,1,1
RRP8,RAB4A,1,1
RRP8,RABGGTB,1,1
RRP8,RBBP9,1,1
RRP8,RNF103,1,1
RRP8,RPF1,1,1
RRP8,SEC23IP,1,1
RRP8,SMARCD2,1,1
RRP8,TRPM2,1,1
RRP8,UBA6,1,1
RRP8,WDR46,1,1
RRP8,ZNF232,1,1
RRP8,ZNF696,1,1
CMSS1,ABCA5,1,1
CMSS1,ACSL4,1,1
CMSS1,ADAM9,1,1
CMSS1,AHI1,1,1
CMSS1,ANXA1,1,1
CMSS1,ARHGAP31,1,1
CMSS1,BRD4,1,1
CMSS1,BTF3L4,1,1
CMSS1,C16ORF91,1,1
CMSS1,CCT5,1,1
CMSS1,CD63,1,1
CMSS1,CDC42EP2,1,1
CMSS1,CDH2,1,1
CMSS1,CDK7,1,1
CMSS1,CFL2,1,1
CMSS1,CLPTM1L,1,1
CMSS1,CNOT7,1,1
CMSS1,CNPY3,1,1
CMSS1,COPS5,1,1
CMSS1,CRIM1,1,1
CMSS1,CTDSPL2,1,1
CMSS1,DDX21,1,1
CMSS1,DHRS7B,1,1
CMSS1,DHX35,1,1
CMSS1,EID2,1,1
CMSS1,EIF2AK4,1,1
CMSS1,EIF2S1,1,1
CMSS1,EIF3M,1,1
CMSS1,ELK3,1,1
CMSS1,EMG1,1,1
CMSS1,ERI1,1,1
CMSS1,FAM69B,1,1
CMSS1,FBXO45,1,1
CMSS1,FCHSD2,1,1
CMSS1,FEM1A,1,1
CMSS1,FEZ2,1,1
CMSS1,FIS1,1,1
CMSS1,FKBP3,1,1
CMSS1,FTSJ1,1,1
CMSS1,FTSJ3,1,1
CMSS1,GABRA5,1,1
CMSS1,GART,1,1
CMSS1,GATA3,1,1
CMSS1,GCH1,1,1
CMSS1,GSTM4,1,1
CMSS1,HS1BP3,1,1
CMSS1,IGF2BP1,1,1
CMSS1,ILF2,1,1
CMSS1,ISY1,1,1
CMSS1,JTB,1,1
CMSS1,KARS,1,1
CMSS1,KIAA0319L,1,1
CMSS1,KIAA0586,1,1
CMSS1,KIF3A,1,1
CMSS1,KRT18,1,1
CMSS1,LARGE1,1,1
CMSS1,LIN7C,1,1
CMSS1,MAGED2,1,1
CMSS1,MAK16,1,1
CMSS1,MAP4K5,1,1
CMSS1,MAPK1IP1L,1,1
CMSS1,MICALL1,1,1
CMSS1,MNAT1,1,1
CMSS1,MRPL21,1,1
CMSS1,MRPL39,1,1
CMSS1,MT1X,1,1
CMSS1,MYNN,1,1
CMSS1,NCBP2-AS2,1,1
CMSS1,NIPAL1,1,1
CMSS1,NKX3-1,1,1
CMSS1,PDE12,1,1
CMSS1,PFDN2,1,1
CMSS1,PLAUR,1,1
CMSS1,PMM1,1,1
CMSS1,PMPCA,1,1
CMSS1,PPCS,1,1
CMSS1,PRPF38A,1,1
CMSS1,PRPF4,1,1
CMSS1,PSMA6,1,1
CMSS1,PSMB5,1,1
CMSS1,PSMC3,1,1
CMSS1,PSMC6,1,1
CMSS1,PSMD2,1,1
CMSS1,PTPRB,1,1
CMSS1,QSER1,1,1
CMSS1,RIN1,1,1
CMSS1,RIN2,1,1
CMSS1,RNF168,1,1
CMSS1,RPS26,1,1
CMSS1,RRP12,1,1
CMSS1,RUVBL2,1,1
CMSS1,SAMD1,1,1
CMSS1,SCN8A,1,1
CMSS1,SEPT9,1,1
CMSS1,SERBP1,1,1
CMSS1,SIX1,1,1
CMSS1,SLC11A2,1,1
CMSS1,SLC25A43,1,1
CMSS1,SLC2A4RG,1,1
CMSS1,SMN1,1,1
CMSS1,SNRNP48,1,1
CMSS1,SNRPE,1,1
CMSS1,SPIN4,1,1
CMSS1,SREK1IP1,1,1
CMSS1,SSRP1,1,1
CMSS1,TARS,1,1
CMSS1,TIMM17A,1,1
CMSS1,TMA16,1,1
CMSS1,TNFRSF12A,1,1
CMSS1,TRMT10C,1,1
CMSS1,UBE2N,1,1
CMSS1,UGT8,1,1
CMSS1,UTP4,1,1
CMSS1,VEZT,1,1
CMSS1,WDR18,1,1
CMSS1,WDR74,1,1
CMSS1,WRN,1,1
CMSS1,XK,1,1
CMSS1,ZNF462,1,1
CMSS1,ZPR1,1,1
TDRP,ACTN1,1,1
TDRP,ARF4,1,1
TDRP,ATP6AP1,1,1
TDRP,BVES,1,1
TDRP,C1ORF216,1,1
TDRP,CBY1,1,1
TDRP,CCDC112,1,1
TDRP,CMPK1,1,1
TDRP,CRLS1,1,1
TDRP,CYB5D2,1,1
TDRP,EIF2B1,1,1
TDRP,FGFR4,1,1
TDRP,GHDC,1,1
TDRP,GMFB,1,1
TDRP,KLF15,1,1
TDRP,MEGF8,1,1
TDRP,MLKL,1,1
TDRP,MRPL47,1,1
TDRP,PGAM5,1,1
TDRP,PRKCI,1,1
TDRP,PRPF6,1,1
TDRP,PSMC4,1,1
TDRP,PSMC5,1,1
TDRP,PSMD4,1,1
TDRP,RPL35A,1,1
TDRP,SLC39A1,1,1
TDRP,TMEM206,1,1
TDRP,TMEM69,1,1
TDRP,TRAF5,1,1
TDRP,TTC28,1,1
TDRP,UBE2C,1,1
TDRP,VBP1,1,1
TDRP,VMA21,1,1
C16ORF13,C19ORF70,1,1
C16ORF13,DUXAP9,1,1
C16ORF13,FBXL6,1,1
C16ORF13,FSD1,1,1
C16ORF13,GNE,1,1
C16ORF13,LPGAT1,1,1
C16ORF13,METTL2A,1,1
C16ORF13,NOSIP,1,1
C16ORF13,PSMC4,1,1
C16ORF13,PSMD4,1,1
C16ORF13,RPL35A,1,1
C16ORF13,RPS15,1,1
C16ORF13,RPS21,1,1
C16ORF13,SLC39A1,1,1
C16ORF13,ST3GAL6,1,1
C16ORF13,TIMM17B,1,1
GSTZ1,CHUK,1,1
GSTZ1,PKN2,1,1
GSTZ1,RBBP9,1,1
GSTZ1,SMARCD2,1,1
GSTZ1,TRIM44,1,1
GSTZ1,TTC1,1,1
GSTM4,BPGM,1,1
GSTM4,CDC42EP2,1,1
GSTM4,CLPTM1L,1,1
GSTM4,COPS5,1,1
GSTM4,CTSA,1,1
GSTM4,EIF2AK4,1,1
GSTM4,ELK3,1,1
GSTM4,EMG1,1,1
GSTM4,FAM69B,1,1
GSTM4,FEZ2,1,1
GSTM4,FIS1,1,1
GSTM4,HMGCL,1,1
GSTM4,ISY1,1,1
GSTM4,ITM2C,1,1
GSTM4,KIAA0319L,1,1
GSTM4,MAGED2,1,1
GSTM4,PDE6D,1,1
GSTM4,PLAUR,1,1
GSTM4,PMM1,1,1
GSTM4,POLB,1,1
GSTM4,PSMB5,1,1
GSTM4,RIN1,1,1
GSTM4,RIN2,1,1
GSTM4,SAMD1,1,1
GSTM4,SMN1,1,1
GSTM4,TM7SF3,1,1
GSTM4,UBE2N,1,1
GSTM4,WDR18,1,1
DUXAP9,AC009237.8,1,1
DUXAP9,ACOX1,1,1
DUXAP9,ACTN1,1,1
DUXAP9,ADAM19,1,1
DUXAP9,ANKRD33B,1,1
DUXAP9,ARF4,1,1
DUXAP9,ATP6AP1,1,1
DUXAP9,BCL2A1,1,1
DUXAP9,BTF3L4,1,1
DUXAP9,CDC73,1,1
DUXAP9,CDH2,1,1
DUXAP9,CDK4,1,1
DUXAP9,CKLF,1,1
DUXAP9,CMPK1,1,1
DUXAP9,CPT1A,1,1
DUXAP9,CRLS1,1,1
DUXAP9,CYB5D2,1,1
DUXAP9,DPM1,1,1
DUXAP9,DUSP10,1,1
DUXAP9,EIF2B1,1,1
DUXAP9,EIF6,1,1
DUXAP9,FAM60A,1,1
DUXAP9,FBXL6,1,1
DUXAP9,FSD1,1,1
DUXAP9,GOLPH3L,1,1
DUXAP9,GPAT3,1,1
DUXAP9,GPBP1L1,1,1
DUXAP9,HTR7,1,1
DUXAP9,IQCJ-SCHIP1,1,1
DUXAP9,KIAA1429,1,1
DUXAP9,KMT5A,1,1
DUXAP9,LARS,1,1
DUXAP9,LINC01296,1,1
DUXAP9,METTL2A,1,1
DUXAP9,MOCS3,1,1
DUXAP9,MRPL47,1,1
DUXAP9,MYOF,1,1
DUXAP9,MYSM1,1,1
DUXAP9,NAGLU,1,1
DUXAP9,NDFIP2,1,1
DUXAP9,NDUFA1,1,1
DUXAP9,NOSIP,1,1
DUXAP9,NPM3,1,1
DUXAP9,NUDCD1,1,1
DUXAP9,PFDN2,1,1
DUXAP9,PFN1,1,1
DUXAP9,PHIP,1,1
DUXAP9,PLS1,1,1
DUXAP9,PPM1G,1,1
DUXAP9,PPP2CA,1,1
DUXAP9,PRKCDBP,1,1
DUXAP9,PRKCI,1,1
DUXAP9,PSMC4,1,1
DUXAP9,PUS7L,1,1
DUXAP9,RNASEK,1,1
DUXAP9,RNF114,1,1
DUXAP9,RP11-529K1.3,1,1
DUXAP9,RPS21,1,1
DUXAP9,RRAS2,1,1
DUXAP9,SART3,1,1
DUXAP9,SCHIP1,1,1
DUXAP9,SCPEP1,1,1
DUXAP9,SCYL3,1,1
DUXAP9,SLC39A1,1,1
DUXAP9,SMARCD1,1,1
DUXAP9,SMIM13,1,1
DUXAP9,ST3GAL6,1,1
DUXAP9,TATDN1,1,1
DUXAP9,TIMM17B,1,1
DUXAP9,TMEM123,1,1
DUXAP9,TTC28,1,1
DUXAP9,UBE2J2,1,1
DUXAP9,UCHL5,1,1
DUXAP9,UGT8,1,1
DUXAP9,UHMK1,1,1
DUXAP9,WDR46,1,1
DUXAP9,WWC1,1,1
DUXAP9,XPOT,1,1
DUXAP9,ZBTB37,1,1
DUXAP9,ZNF655,1,1
ESCO2,BZW1,1,1
ESCO2,CCNA2,1,1
ESCO2,CDCA2,1,1
ESCO2,CENPE,1,1
ESCO2,CHAC2,1,1
ESCO2,CHEK1,1,1
ESCO2,CRLF3,1,1
ESCO2,DCAF13,1,1
ESCO2,DEPDC1B,1,1
ESCO2,GINS1,1,1
ESCO2,GMNN,1,1
ESCO2,HNRNPH1,1,1
ESCO2,IPO11,1,1
ESCO2,KHDRBS1,1,1
ESCO2,KIAA0101,1,1
ESCO2,KIF14,1,1
ESCO2,MAD2L1,1,1
ESCO2,MATR3,1,1
ESCO2,MRPL9,1,1
ESCO2,MSH2,1,1
ESCO2,NBN,1,1
ESCO2,ORC1,1,1
ESCO2,ORC6,1,1
ESCO2,PAICS,1,1
ESCO2,PDRG1,1,1
ESCO2,PLEKHH3,1,1
ESCO2,PRPS2,1,1
ESCO2,RBM27,1,1
ESCO2,RFC3,1,1
ESCO2,RMI1,1,1
ESCO2,SKIV2L2,1,1
ESCO2,SMC2,1,1
ESCO2,SP3,1,1
ESCO2,STIL,1,1
ESCO2,TMEM205,1,1
ESCO2,TMEM63B,1,1
ESCO2,TUBA1C,1,1
ESCO2,UBA2,1,1
SIX1,ACSS1,1,1
SIX1,ACTN1,1,1
SIX1,ANP32E,1,1
SIX1,ARF4,1,1
SIX1,ATP6AP1,1,1
SIX1,BVES,1,1
SIX1,C14ORF80,1,1
SIX1,C1ORF216,1,1
SIX1,CBR4,1,1
SIX1,CCDC112,1,1
SIX1,CCT5,1,1
SIX1,CDH2,1,1
SIX1,CDK19,1,1
SIX1,CDK7,1,1
SIX1,CFL2,1,1
SIX1,CMPK1,1,1
SIX1,CNOT3,1,1
SIX1,CNPY3,1,1
SIX1,CPT1A,1,1
SIX1,CSTF2,1,1
SIX1,CTDSPL2,1,1
SIX1,CWC27,1,1
SIX1,DAZAP1,1,1
SIX1,DHRS7B,1,1
SIX1,DHX35,1,1
SIX1,DPF1,1,1
SIX1,DPY19L2P1,1,1
SIX1,EID2,1,1
SIX1,EIF2S1,1,1
SIX1,EIF3M,1,1
SIX1,EIF6,1,1
SIX1,ELAVL1,1,1
SIX1,ERI1,1,1
SIX1,FAM136A,1,1
SIX1,FARSA,1,1
SIX1,FBXL4,1,1
SIX1,FBXL6,1,1
SIX1,FBXO45,1,1
SIX1,FSD1,1,1
SIX1,FTSJ1,1,1
SIX1,FTSJ3,1,1
SIX1,GABRA5,1,1
SIX1,GCH1,1,1
SIX1,GHDC,1,1
SIX1,GLMP,1,1
SIX1,GLRX2,1,1
SIX1,GNE,1,1
SIX1,HDAC3,1,1
SIX1,HPS3,1,1
SIX1,HS1BP3,1,1
SIX1,IGF2BP1,1,1
SIX1,ILF2,1,1
SIX1,IPO4,1,1
SIX1,IQCJ-SCHIP1,1,1
SIX1,IRAK1,1,1
SIX1,KARS,1,1
SIX1,KIAA0319L,1,1
SIX1,KRT18,1,1
SIX1,LBR,1,1
SIX1,LINC01296,1,1
SIX1,LLPH,1,1
SIX1,LMNB1,1,1
SIX1,LURAP1,1,1
SIX1,MAK16,1,1
SIX1,MAP4K5,1,1
SIX1,MAPK1IP1L,1,1
SIX1,MCM2,1,1
SIX1,MCRS1,1,1
SIX1,MEGF8,1,1
SIX1,METTL2A,1,1
SIX1,MRPL21,1,1
SIX1,MRPL39,1,1
SIX1,MRPL47,1,1
SIX1,MT1X,1,1
SIX1,MYBL2,1,1
SIX1,MYNN,1,1
SIX1,NASP,1,1
SIX1,NEK7,1,1
SIX1,NIPAL1,1,1
SIX1,NRGN,1,1
SIX1,PAK1IP1,1,1
SIX1,PCGF6,1,1
SIX1,PDE12,1,1
SIX1,PFDN2,1,1
SIX1,PGAM5,1,1
SIX1,PLAUR,1,1
SIX1,PLEKHH1,1,1
SIX1,PMPCA,1,1
SIX1,POLR3E,1,1
SIX1,PPCS,1,1
SIX1,PPM1G,1,1
SIX1,PPP2CA,1,1
SIX1,PRKCI,1,1
SIX1,PRPF4,1,1
SIX1,PSMA3,1,1
SIX1,PSMA6,1,1
SIX1,PSMC3,1,1
SIX1,PSMC4,1,1
SIX1,PSMC5,1,1
SIX1,PSMC6,1,1
SIX1,PSMD2,1,1
SIX1,PSMD4,1,1
SIX1,PUS7L,1,1
SIX1,RARS,1,1
SIX1,RFWD3,1,1
SIX1,RLIM,1,1
SIX1,RNF13,1,1
SIX1,RNF168,1,1
SIX1,RPL35A,1,1
SIX1,RRP12,1,1
SIX1,RUVBL2,1,1
SIX1,SACS,1,1
SIX1,SCPEP1,1,1
SIX1,SDCBP,1,1
SIX1,SEPT9,1,1
SIX1,SERBP1,1,1
SIX1,SERINC1,1,1
SIX1,SLC11A2,1,1
SIX1,SLC25A43,1,1
SIX1,SLC39A1,1,1
SIX1,SMN1,1,1
SIX1,SNAPC1,1,1
SIX1,SNRPE,1,1
SIX1,SPIN4,1,1
SIX1,SSRP1,1,1
SIX1,SYNCRIP,1,1
SIX1,TANGO2,1,1
SIX1,TATDN1,1,1
SIX1,TERF1,1,1
SIX1,TFB2M,1,1
SIX1,TIMM17A,1,1
SIX1,TIMM8A,1,1
SIX1,TMEM126A,1,1
SIX1,TMEM69,1,1
SIX1,TNFRSF12A,1,1
SIX1,TRAF5,1,1
SIX1,TRIP13,1,1
SIX1,TROVE2,1,1
SIX1,TTC39C,1,1
SIX1,TUBB3,1,1
SIX1,TUBB4B,1,1
SIX1,UBE2C,1,1
SIX1,UCHL5,1,1
SIX1,UGT8,1,1
SIX1,UHRF1,1,1
SIX1,UTP23,1,1
SIX1,VAT1,1,1
SIX1,VMA21,1,1
SIX1,WDR74,1,1
SIX1,ZIC2,1,1
SIX1,ZNF695,1,1
SET,AKAP8,1,1
SET,ATRIP,1,1
SET,C12ORF29,1,1
SET,CAPRIN1,1,1
SET,CCP110,1,1
SET,CCT5,1,1
SET,CDK7,1,1
SET,CFAP20,1,1
SET,CHORDC1,1,1
SET,CNOT7,1,1
SET,CRIM1,1,1
SET,CSTF2,1,1
SET,CTDSPL2,1,1
SET,DAZAP1,1,1
SET,DDX21,1,1
SET,DHRS7B,1,1
SET,DHX35,1,1
SET,EIF2S1,1,1
SET,EIF3M,1,1
SET,ERI1,1,1
SET,FAM136A,1,1
SET,FBXO45,1,1
SET,FEM1A,1,1
SET,FTSJ3,1,1
SET,GINS3,1,1
SET,GLRX2,1,1
SET,GTF3C4,1,1
SET,HNRNPC,1,1
SET,HNRNPU,1,1
SET,ILF2,1,1
SET,ITM2C,1,1
SET,KARS,1,1
SET,KIAA0586,1,1
SET,KIAA1586,1,1
SET,KLHL18,1,1
SET,LBR,1,1
SET,LLPH,1,1
SET,MAGED2,1,1
SET,MAGOH,1,1
SET,MAK16,1,1
SET,MAPK1IP1L,1,1
SET,MCM10,1,1
SET,MCM2,1,1
SET,MRPL39,1,1
SET,MT1X,1,1
SET,MYBL2,1,1
SET,NASP,1,1
SET,NEK7,1,1
SET,NUFIP1,1,1
SET,NUP107,1,1
SET,PAK1IP1,1,1
SET,PCGF6,1,1
SET,PDE12,1,1
SET,PMPCA,1,1
SET,PNN,1,1
SET,POLE3,1,1
SET,POLR3C,1,1
SET,PPP2R1B,1,1
SET,PRPF4,1,1
SET,PSMA3,1,1
SET,PSMC3,1,1
SET,PSMC3IP,1,1
SET,PSMC6,1,1
SET,PSMD2,1,1
SET,PTS,1,1
SET,QSER1,1,1
SET,RAB35,1,1
SET,RIOK1,1,1
SET,RP11-424C20.2,1,1
SET,RRP12,1,1
SET,RRS1,1,1
SET,SACS,1,1
SET,SAPCD2,1,1
SET,SERBP1,1,1
SET,SNAPC1,1,1
SET,SNRNP48,1,1
SET,SPIN4,1,1
SET,SREK1IP1,1,1
SET,SRP72,1,1
SET,SRPK1,1,1
SET,SSRP1,1,1
SET,STIP1,1,1
SET,SYNCRIP,1,1
SET,TEX10,1,1
SET,TGS1,1,1
SET,TIMM10,1,1
SET,TMA16,1,1
SET,TRIP13,1,1
SET,TRMT10C,1,1
SET,TUBB4B,1,1
SET,UBE2N,1,1
SET,UHRF1,1,1
SET,UTP23,1,1
SET,UTP4,1,1
SET,WRN,1,1
SET,ZIC2,1,1
NAA40,ADPRH,1,1
NAA40,AP1M1,1,1
NAA40,ARFIP2,1,1
NAA40,C14ORF142,1,1
NAA40,C19ORF47,1,1
NAA40,C5ORF42,1,1
NAA40,CEP250,1,1
NAA40,CYB5B,1,1
NAA40,DDX39B,1,1
NAA40,ERCC3,1,1
NAA40,GPATCH11,1,1
NAA40,HFE,1,1
NAA40,HRAS,1,1
NAA40,KTI12,1,1
NAA40,LRRC40,1,1
NAA40,MED29,1,1
NAA40,MRPS26,1,1
NAA40,NANP,1,1
NAA40,NPEPPS,1,1
NAA40,NXT1,1,1
NAA40,PCLO,1,1
NAA40,PLAGL2,1,1
NAA40,PPA1,1,1
NAA40,RAB4A,1,1
NAA40,RABGGTB,1,1
NAA40,RNF103,1,1
NAA40,RNF113A,1,1
NAA40,RPF1,1,1
NAA40,RPP30,1,1
NAA40,STAMBPL1,1,1
NAA40,TOB1,1,1
NAA40,TRPM2,1,1
NAA40,UBA6,1,1
NAA40,USP28,1,1
NAA40,WDR46,1,1
NUP93,CCAR1,1,1
NUP93,CEP55,1,1
NUP93,CEP78,1,1
NUP93,DDX46,1,1
NUP93,FAM111B,1,1
NUP93,GPATCH11,1,1
NUP93,KIF11,1,1
NUP93,MTF2,1,1
NUP93,NUDT15,1,1
NUP93,PLK4,1,1
NUP93,PPIF,1,1
NUP93,TCF19,1,1
EP400,ACTN1,1,1
EP400,ANXA1,1,1
EP400,ARF4,1,1
EP400,ATP6AP1,1,1
EP400,BCL2A1,1,1
EP400,BTF3L4,1,1
EP400,CBR4,1,1
EP400,CCT5,1,1
EP400,CDC73,1,1
EP400,CDH2,1,1
EP400,CFL2,1,1
EP400,CMPK1,1,1
EP400,CYP27A1,1,1
EP400,EAF1,1,1
EP400,FAM60A,1,1
EP400,FSD1,1,1
EP400,GADD45A,1,1
EP400,GMFB,1,1
EP400,GOLPH3L,1,1
EP400,HTR7,1,1
EP400,ID1,1,1
EP400,LIN7C,1,1
EP400,LINC01296,1,1
EP400,LLPH,1,1
EP400,MAP4K5,1,1
EP400,MYNN,1,1
EP400,NDFIP2,1,1
EP400,NIPAL1,1,1
EP400,PHIP,1,1
EP400,PLAUR,1,1
EP400,PLEKHH1,1,1
EP400,PPP2CA,1,1
EP400,PRKCDBP,1,1
EP400,PRKCI,1,1
EP400,PSMC4,1,1
EP400,PSMC5,1,1
EP400,PUS7L,1,1
EP400,QSER1,1,1
EP400,SCHIP1,1,1
EP400,SCPEP1,1,1
EP400,SLC11A2,1,1
EP400,SMARCD1,1,1
EP400,SMIM13,1,1
EP400,TARS,1,1
EP400,TIMM17A,1,1
EP400,TROVE2,1,1
EP400,TTC39C,1,1
EP400,UGT8,1,1
EP400,UHMK1,1,1
EP400,VMA21,1,1
SIVA1,FASTKD3,1,1
SIVA1,IPO4,1,1
SIVA1,MRPL50,1,1
SIVA1,PPAN-P2RY11,1,1
SIVA1,TTC27,1,1
NHLRC2,AP3S1,1,1
NHLRC2,ARF1,1,1
NHLRC2,CCNJL,1,1
NHLRC2,CEP120,1,1
NHLRC2,CRNKL1,1,1
NHLRC2,G6PC3,1,1
NHLRC2,KHK,1,1
NHLRC2,MRPS16,1,1
NHLRC2,NHSL1,1,1
NHLRC2,PANK3,1,1
NHLRC2,PLEKHG4,1,1
NHLRC2,PPP3CA,1,1
NHLRC2,RBBP9,1,1
NHLRC2,TIFA,1,1
NHLRC2,TMTC4,1,1
IQCJ-SCHIP1,ACD,1,1
IQCJ-SCHIP1,ACOX1,1,1
IQCJ-SCHIP1,AHI1,1,1
IQCJ-SCHIP1,ANKRD33B,1,1
IQCJ-SCHIP1,ARF4,1,1
IQCJ-SCHIP1,ARF5,1,1
IQCJ-SCHIP1,ATP6AP1,1,1
IQCJ-SCHIP1,BMI1,1,1
IQCJ-SCHIP1,BTF3L4,1,1
IQCJ-SCHIP1,C12ORF75,1,1
IQCJ-SCHIP1,C19ORF66,1,1
IQCJ-SCHIP1,CCDC109B,1,1
IQCJ-SCHIP1,CCT5,1,1
IQCJ-SCHIP1,CDC123,1,1
IQCJ-SCHIP1,CDCA5,1,1
IQCJ-SCHIP1,CDH2,1,1
IQCJ-SCHIP1,CDK4,1,1
IQCJ-SCHIP1,CDK7,1,1
IQCJ-SCHIP1,CFL2,1,1
IQCJ-SCHIP1,CKS1B,1,1
IQCJ-SCHIP1,CSNK2B,1,1
IQCJ-SCHIP1,CSTF2,1,1
IQCJ-SCHIP1,CTNNAL1,1,1
IQCJ-SCHIP1,DDX18,1,1
IQCJ-SCHIP1,DDX21,1,1
IQCJ-SCHIP1,DEK,1,1
IQCJ-SCHIP1,DHX35,1,1
IQCJ-SCHIP1,DNA2,1,1
IQCJ-SCHIP1,EID2,1,1
IQCJ-SCHIP1,EIF2S1,1,1
IQCJ-SCHIP1,EIF3M,1,1
IQCJ-SCHIP1,EIF4E2,1,1
IQCJ-SCHIP1,EIF6,1,1
IQCJ-SCHIP1,ERI1,1,1
IQCJ-SCHIP1,FAM60A,1,1
IQCJ-SCHIP1,FBXL6,1,1
IQCJ-SCHIP1,FBXO45,1,1
IQCJ-SCHIP1,FSD1,1,1
IQCJ-SCHIP1,FTSJ3,1,1
IQCJ-SCHIP1,GABRA5,1,1
IQCJ-SCHIP1,GART,1,1
IQCJ-SCHIP1,GCH1,1,1
IQCJ-SCHIP1,GFER,1,1
IQCJ-SCHIP1,GINS3,1,1
IQCJ-SCHIP1,GLRX2,1,1
IQCJ-SCHIP1,GOLPH3L,1,1
IQCJ-SCHIP1,GPBP1L1,1,1
IQCJ-SCHIP1,GRHPR,1,1
IQCJ-SCHIP1,GTF3C4,1,1
IQCJ-SCHIP1,HARS,1,1
IQCJ-SCHIP1,HDAC3,1,1
IQCJ-SCHIP1,HRAS,1,1
IQCJ-SCHIP1,ILF2,1,1
IQCJ-SCHIP1,KIAA1429,1,1
IQCJ-SCHIP1,KMT5A,1,1
IQCJ-SCHIP1,KRT18,1,1
IQCJ-SCHIP1,LBR,1,1
IQCJ-SCHIP1,LINC01296,1,1
IQCJ-SCHIP1,LLPH,1,1
IQCJ-SCHIP1,LMNB1,1,1
IQCJ-SCHIP1,MAGOH,1,1
IQCJ-SCHIP1,MCM10,1,1
IQCJ-SCHIP1,MCM2,1,1
IQCJ-SCHIP1,MCRS1,1,1
IQCJ-SCHIP1,MED10,1,1
IQCJ-SCHIP1,MEGF8,1,1
IQCJ-SCHIP1,MIS18A,1,1
IQCJ-SCHIP1,MMP24-AS1,1,1
IQCJ-SCHIP1,MRPL47,1,1
IQCJ-SCHIP1,MRPS14,1,1
IQCJ-SCHIP1,MRPS27,1,1
IQCJ-SCHIP1,MYBL2,1,1
IQCJ-SCHIP1,MYSM1,1,1
IQCJ-SCHIP1,NAA15,1,1
IQCJ-SCHIP1,NDUFA1,1,1
IQCJ-SCHIP1,NOLC1,1,1
IQCJ-SCHIP1,NOSIP,1,1
IQCJ-SCHIP1,NPM3,1,1
IQCJ-SCHIP1,NUDCD1,1,1
IQCJ-SCHIP1,NUP107,1,1
IQCJ-SCHIP1,NUP58,1,1
IQCJ-SCHIP1,PAK1IP1,1,1
IQCJ-SCHIP1,PCGF6,1,1
IQCJ-SCHIP1,PDE12,1,1
IQCJ-SCHIP1,PDF,1,1
IQCJ-SCHIP1,PDSS1,1,1
IQCJ-SCHIP1,PFDN2,1,1
IQCJ-SCHIP1,PLEKHH1,1,1
IQCJ-SCHIP1,POLR2D,1,1
IQCJ-SCHIP1,PPIH,1,1
IQCJ-SCHIP1,PPM1G,1,1
IQCJ-SCHIP1,PPP2CA,1,1
IQCJ-SCHIP1,PRKCDBP,1,1
IQCJ-SCHIP1,PRKCI,1,1
IQCJ-SCHIP1,PRPF38A,1,1
IQCJ-SCHIP1,PRPF4,1,1
IQCJ-SCHIP1,PSMA3,1,1
IQCJ-SCHIP1,PSMC3,1,1
IQCJ-SCHIP1,PSMC4,1,1
IQCJ-SCHIP1,PSMC5,1,1
IQCJ-SCHIP1,PSMD2,1,1
IQCJ-SCHIP1,PUS7L,1,1
IQCJ-SCHIP1,RAD1,1,1
IQCJ-SCHIP1,RARS,1,1
IQCJ-SCHIP1,RNASEK,1,1
IQCJ-SCHIP1,RNF168,1,1
IQCJ-SCHIP1,RP11-529K1.3,1,1
IQCJ-SCHIP1,RRP12,1,1
IQCJ-SCHIP1,RUVBL2,1,1
IQCJ-SCHIP1,SAPCD2,1,1
IQCJ-SCHIP1,SART3,1,1
IQCJ-SCHIP1,SERBP1,1,1
IQCJ-SCHIP1,SLC11A2,1,1
IQCJ-SCHIP1,SLC25A43,1,1
IQCJ-SCHIP1,SMARCD1,1,1
IQCJ-SCHIP1,SMIM13,1,1
IQCJ-SCHIP1,SMNDC1,1,1
IQCJ-SCHIP1,SNRNP48,1,1
IQCJ-SCHIP1,SNRPC,1,1
IQCJ-SCHIP1,SNRPE,1,1
IQCJ-SCHIP1,SREK1IP1,1,1
IQCJ-SCHIP1,SRP72,1,1
IQCJ-SCHIP1,SRPK1,1,1
IQCJ-SCHIP1,SSRP1,1,1
IQCJ-SCHIP1,ST3GAL6,1,1
IQCJ-SCHIP1,TAF5,1,1
IQCJ-SCHIP1,TARS,1,1
IQCJ-SCHIP1,TATDN1,1,1
IQCJ-SCHIP1,TFAM,1,1
IQCJ-SCHIP1,TFB2M,1,1
IQCJ-SCHIP1,TIMM17A,1,1
IQCJ-SCHIP1,TIMM23,1,1
IQCJ-SCHIP1,TIMM8A,1,1
IQCJ-SCHIP1,TMA16,1,1
IQCJ-SCHIP1,TMCO1,1,1
IQCJ-SCHIP1,TMEM123,1,1
IQCJ-SCHIP1,TMEM14B,1,1
IQCJ-SCHIP1,TPM3,1,1
IQCJ-SCHIP1,TPRKB,1,1
IQCJ-SCHIP1,TRIP13,1,1
IQCJ-SCHIP1,TSSC4,1,1
IQCJ-SCHIP1,TUBB4B,1,1
IQCJ-SCHIP1,UBE2C,1,1
IQCJ-SCHIP1,UBE2J2,1,1
IQCJ-SCHIP1,UCHL5,1,1
IQCJ-SCHIP1,UGT8,1,1
IQCJ-SCHIP1,UHMK1,1,1
IQCJ-SCHIP1,UHRF1,1,1
IQCJ-SCHIP1,UHRF1BP1L,1,1
IQCJ-SCHIP1,USP1,1,1
IQCJ-SCHIP1,UTP23,1,1
IQCJ-SCHIP1,WDR46,1,1
IQCJ-SCHIP1,WDR74,1,1
IQCJ-SCHIP1,WWC1,1,1
IQCJ-SCHIP1,ZIC2,1,1
IQCJ-SCHIP1,ZNF281,1,1
IQCJ-SCHIP1,ZNF473,1,1
IQCJ-SCHIP1,ZNF655,1,1
IQCJ-SCHIP1,ZNF695,1,1
IQCJ-SCHIP1,ZW10,1,1
CHAC2,AKAP1,1,1
CHAC2,BZW1,1,1
CHAC2,CCT2,1,1
CHAC2,DCAF10,1,1
CHAC2,EEF1E1,1,1
CHAC2,GRWD1,1,1
CHAC2,HSP90AA1,1,1
CHAC2,IPO11,1,1
CHAC2,KIAA0101,1,1
CHAC2,KIF14,1,1
CHAC2,MRPL9,1,1
CHAC2,MSH6,1,1
CHAC2,NBN,1,1
CHAC2,ORC1,1,1
CHAC2,PAICS,1,1
CHAC2,PGAM5,1,1
CHAC2,RAD23B,1,1
CHAC2,RBM27,1,1
CHAC2,RFC3,1,1
CHAC2,RMI1,1,1
CHAC2,SKIV2L2,1,1
CHAC2,SOWAHC,1,1
CHAC2,STIL,1,1
CHAC2,TIPIN,1,1
CHAC2,TMEM205,1,1
CHAC2,TMEM63B,1,1
CHAC2,TTC4,1,1
CHAC2,TUBA1C,1,1
CHAC2,UBA2,1,1
CHAC2,VBP1,1,1
PIK3CB,BCL2A1,1,1
PIK3CB,C16ORF91,1,1
PIK3CB,CD63,1,1
PIK3CB,COPS5,1,1
PIK3CB,GOLGA3,1,1
PIK3CB,GPM6B,1,1
PIK3CB,HPS3,1,1
PIK3CB,LARGE1,1,1
PIK3CB,METTL9,1,1
PIK3CB,MRPL21,1,1
PIK3CB,POLB,1,1
PIK3CB,PPCS,1,1
PIK3CB,PTPN3,1,1
PIK3CB,SCPEP1,1,1
PIK3CB,SEPT9,1,1
PIK3CB,SLC11A2,1,1
PIK3CB,SLC2A4RG,1,1
PIK3CB,STXBP1,1,1
RP11-673C5.1,ABHD5,1,1
RP11-673C5.1,CASC5,1,1
RP11-673C5.1,CCNA2,1,1
RP11-673C5.1,CDC123,1,1
RP11-673C5.1,CDCA5,1,1
RP11-673C5.1,DEK,1,1
RP11-673C5.1,DNA2,1,1
RP11-673C5.1,DUT,1,1
RP11-673C5.1,GINS3,1,1
RP11-673C5.1,HMGB2,1,1
RP11-673C5.1,LMNB1,1,1
RP11-673C5.1,MASTL,1,1
RP11-673C5.1,MCM10,1,1
RP11-673C5.1,MCM2,1,1
RP11-673C5.1,MIS18A,1,1
RP11-673C5.1,MYBL2,1,1
RP11-673C5.1,NAA20,1,1
RP11-673C5.1,NUP107,1,1
RP11-673C5.1,PLK4,1,1
RP11-673C5.1,POLE3,1,1
RP11-673C5.1,PSMC3IP,1,1
RP11-673C5.1,PSMD2,1,1
RP11-673C5.1,RAD1,1,1
RP11-673C5.1,RP11-424C20.2,1,1
RP11-673C5.1,SAPCD2,1,1
RP11-673C5.1,SKA3,1,1
RP11-673C5.1,SMNDC1,1,1
RP11-673C5.1,SRPK1,1,1
RP11-673C5.1,TAF5,1,1
RP11-673C5.1,TMEM14B,1,1
RP11-673C5.1,TRIP13,1,1
RP11-673C5.1,TUBB4B,1,1
RP11-673C5.1,UHRF1,1,1
RP11-673C5.1,VRK1,1,1
RP11-673C5.1,ZW10,1,1
EIF2S1,ADAM9,1,1
EIF2S1,AHI1,1,1
EIF2S1,ANP32E,1,1
EIF2S1,BRD4,1,1
EIF2S1,C12ORF29,1,1
EIF2S1,CAPRIN1,1,1
EIF2S1,CCP110,1,1
EIF2S1,CCT5,1,1
EIF2S1,CDC123,1,1
EIF2S1,CDC42EP2,1,1
EIF2S1,CDH2,1,1
EIF2S1,CDK7,1,1
EIF2S1,CFAP20,1,1
EIF2S1,CFL2,1,1
EIF2S1,CHORDC1,1,1
EIF2S1,CNOT7,1,1
EIF2S1,CNPY3,1,1
EIF2S1,COPS5,1,1
EIF2S1,CRIM1,1,1
EIF2S1,CSTF2,1,1
EIF2S1,CTDSPL2,1,1
EIF2S1,DAZAP1,1,1
EIF2S1,DDX21,1,1
EIF2S1,DHRS7B,1,1
EIF2S1,DHX35,1,1
EIF2S1,DNA2,1,1
EIF2S1,EID2,1,1
EIF2S1,EIF3M,1,1
EIF2S1,ELAVL1,1,1
EIF2S1,EMG1,1,1
EIF2S1,ERI1,1,1
EIF2S1,FAM136A,1,1
EIF2S1,FBXO45,1,1
EIF2S1,FEM1A,1,1
EIF2S1,FTSJ1,1,1
EIF2S1,FTSJ3,1,1
EIF2S1,GABRA5,1,1
EIF2S1,GART,1,1
EIF2S1,GATA3,1,1
EIF2S1,GCH1,1,1
EIF2S1,GINS3,1,1
EIF2S1,GLRX2,1,1
EIF2S1,GTF3C4,1,1
EIF2S1,HARS,1,1
EIF2S1,HNRNPC,1,1
EIF2S1,HNRNPU,1,1
EIF2S1,HS1BP3,1,1
EIF2S1,ILF2,1,1
EIF2S1,ITM2C,1,1
EIF2S1,KARS,1,1
EIF2S1,KIAA0319L,1,1
EIF2S1,KIAA0586,1,1
EIF2S1,KIAA1586,1,1
EIF2S1,KLHL18,1,1
EIF2S1,KRT18,1,1
EIF2S1,LBR,1,1
EIF2S1,LIN7C,1,1
EIF2S1,LLPH,1,1
EIF2S1,MAGED2,1,1
EIF2S1,MAGOH,1,1
EIF2S1,MAK16,1,1
EIF2S1,MAP4K5,1,1
EIF2S1,MAPK1IP1L,1,1
EIF2S1,MCM10,1,1
EIF2S1,MCM2,1,1
EIF2S1,MCRS1,1,1
EIF2S1,MED10,1,1
EIF2S1,MMP24-AS1,1,1
EIF2S1,MRPL21,1,1
EIF2S1,MRPL39,1,1
EIF2S1,MT1X,1,1
EIF2S1,MYBL2,1,1
EIF2S1,MYNN,1,1
EIF2S1,NASP,1,1
EIF2S1,NEK7,1,1
EIF2S1,NIPAL1,1,1
EIF2S1,NKX3-1,1,1
EIF2S1,NUFIP1,1,1
EIF2S1,NUP107,1,1
EIF2S1,PAK1IP1,1,1
EIF2S1,PCGF6,1,1
EIF2S1,PDE12,1,1
EIF2S1,PFDN2,1,1
EIF2S1,PLAUR,1,1
EIF2S1,PMM1,1,1
EIF2S1,PMPCA,1,1
EIF2S1,POLR3C,1,1
EIF2S1,PPM1G,1,1
EIF2S1,PPP2R1B,1,1
EIF2S1,PRPF38A,1,1
EIF2S1,PRPF4,1,1
EIF2S1,PSMA3,1,1
EIF2S1,PSMC3,1,1
EIF2S1,PSMC3IP,1,1
EIF2S1,PSMC6,1,1
EIF2S1,PSMD2,1,1
EIF2S1,PTPRB,1,1
EIF2S1,PTS,1,1
EIF2S1,PUS7L,1,1
EIF2S1,QSER1,1,1
EIF2S1,RAB4B,1,1
EIF2S1,RARS,1,1
EIF2S1,RIN1,1,1
EIF2S1,RIOK1,1,1
EIF2S1,RNF168,1,1
EIF2S1,RP11-424C20.2,1,1
EIF2S1,RRP12,1,1
EIF2S1,RRS1,1,1
EIF2S1,RUVBL2,1,1
EIF2S1,SACS,1,1
EIF2S1,SAPCD2,1,1
EIF2S1,SERBP1,1,1
EIF2S1,SMARCD1,1,1
EIF2S1,SMNDC1,1,1
EIF2S1,SNAPC1,1,1
EIF2S1,SNRNP48,1,1
EIF2S1,SNRPE,1,1
EIF2S1,SPIN4,1,1
EIF2S1,SREK1IP1,1,1
EIF2S1,SRP72,1,1
EIF2S1,SRPK1,1,1
EIF2S1,SSRP1,1,1
EIF2S1,STIP1,1,1
EIF2S1,SYNCRIP,1,1
EIF2S1,TARS,1,1
EIF2S1,TFB2M,1,1
EIF2S1,TIMM10,1,1
EIF2S1,TIMM17A,1,1
EIF2S1,TIMM8A,1,1
EIF2S1,TMA16,1,1
EIF2S1,TMCO1,1,1
EIF2S1,TNFRSF12A,1,1
EIF2S1,TRIP13,1,1
EIF2S1,TRMT10C,1,1
EIF2S1,TUBB4B,1,1
EIF2S1,UBE2N,1,1
EIF2S1,UHRF1,1,1
EIF2S1,UTP23,1,1
EIF2S1,UTP4,1,1
EIF2S1,VEZT,1,1
EIF2S1,WDR74,1,1
EIF2S1,WRN,1,1
EIF2S1,XK,1,1
EIF2S1,ZIC2,1,1
EIF2S1,ZNF281,1,1
EIF2S1,ZNF462,1,1
EIF2S1,ZPR1,1,1
DKK 1.00,ABHD5,1,1
DKK 1.00,ABT1,1,1
DKK 1.00,ADNP2,1,1
DKK 1.00,BNIP1,1,1
DKK 1.00,C4ORF46,1,1
DKK 1.00,CDC123,1,1
DKK 1.00,CDCA5,1,1
DKK 1.00,CENPJ,1,1
DKK 1.00,CTNNAL1,1,1
DKK 1.00,DDX21,1,1
DKK 1.00,DEK,1,1
DKK 1.00,DNA2,1,1
DKK 1.00,EXOSC8,1,1
DKK 1.00,GINS3,1,1
DKK 1.00,HAUS2,1,1
DKK 1.00,HMGB2,1,1
DKK 1.00,HMGN1,1,1
DKK 1.00,HNRNPA1P48,1,1
DKK 1.00,KPNA3,1,1
DKK 1.00,MAGOH,1,1
DKK 1.00,MCM10,1,1
DKK 1.00,MCM2,1,1
DKK 1.00,MED10,1,1
DKK 1.00,NAA20,1,1
DKK 1.00,NAF1,1,1
DKK 1.00,NR2F2,1,1
DKK 1.00,NSMCE4A,1,1
DKK 1.00,NUFIP1,1,1
DKK 1.00,NUP107,1,1
DKK 1.00,PPRC1,1,1
DKK 1.00,PSMC3IP,1,1
DKK 1.00,PSMD2,1,1
DKK 1.00,RAD1,1,1
DKK 1.00,RBMXL1,1,1
DKK 1.00,RP11-424C20.2,1,1
DKK 1.00,SAPCD2,1,1
DKK 1.00,SKA3,1,1
DKK 1.00,SPRYD7,1,1
DKK 1.00,SRPK1,1,1
DKK 1.00,SUPV3L1,1,1
DKK 1.00,TFAM,1,1
DKK 1.00,TIMM23,1,1
DKK 1.00,TMEM14B,1,1
DKK 1.00,TRMT10C,1,1
DKK 1.00,TSSC4,1,1
DKK 1.00,TYW3,1,1
DKK 1.00,UHRF1,1,1
DKK 1.00,USP1,1,1
DKK 1.00,VRK1,1,1
DKK 1.00,ZNF544,1,1
METTL2A,ACSS1,1,1
METTL2A,ANKRD33B,1,1
METTL2A,ARF4,1,1
METTL2A,ATP6AP1,1,1
METTL2A,BCL2A1,1,1
METTL2A,BVES,1,1
METTL2A,C1ORF216,1,1
METTL2A,CDK19,1,1
METTL2A,CMPK1,1,1
METTL2A,CPT1A,1,1
METTL2A,CRLS1,1,1
METTL2A,DPF1,1,1
METTL2A,EIF6,1,1
METTL2A,FBXL6,1,1
METTL2A,FSD1,1,1
METTL2A,GNE,1,1
METTL2A,GPBP1L1,1,1
METTL2A,LINC01296,1,1
METTL2A,LPGAT1,1,1
METTL2A,MRPL47,1,1
METTL2A,NOSIP,1,1
METTL2A,POLR3E,1,1
METTL2A,PSMC4,1,1
METTL2A,PSMC5,1,1
METTL2A,PSMD4,1,1
METTL2A,RNF13,1,1
METTL2A,RPL35A,1,1
METTL2A,RUVBL2,1,1
METTL2A,SLC39A1,1,1
METTL2A,ST3GAL6,1,1
METTL2A,TATDN1,1,1
METTL2A,TIMM17B,1,1
METTL2A,TMEM69,1,1
METTL2A,TRAF5,1,1
METTL2A,TTC28,1,1
METTL2A,TUBB3,1,1
METTL2A,UGT8,1,1
METTL2A,VMA21,1,1
ADPRH,AP1M1,1,1
ADPRH,ARFIP2,1,1
ADPRH,ASPHD2,1,1
ADPRH,BAG6,1,1
ADPRH,C19ORF47,1,1
ADPRH,CEP250,1,1
ADPRH,CKLF,1,1
ADPRH,HFE,1,1
ADPRH,MRPS10,1,1
ADPRH,MRPS26,1,1
ADPRH,NANP,1,1
ADPRH,NPEPPS,1,1
ADPRH,NTHL1,1,1
ADPRH,PCLO,1,1
ADPRH,UBE2J2,1,1
ADPRH,WDR46,1,1
BTG3,CCDC112,1,1
BTG3,HDAC3,1,1
BTG3,NRGN,1,1
BTG3,TIMM8A,1,1
ATG9A,ABT1,1,1
ATG9A,AC093616.4,1,1
ATG9A,ALDH1A3,1,1
ATG9A,ANXA3,1,1
ATG9A,ATG12,1,1
ATG9A,CCDC109B,1,1
ATG9A,CEP250,1,1
ATG9A,COA3,1,1
ATG9A,CTNNAL1,1,1
ATG9A,DBI,1,1
ATG9A,EXOSC8,1,1
ATG9A,GRHPR,1,1
ATG9A,KPNA3,1,1
ATG9A,LRRC40,1,1
ATG9A,MED10,1,1
ATG9A,MED29,1,1
ATG9A,MIER1,1,1
ATG9A,MRPL33,1,1
ATG9A,MRPS26,1,1
ATG9A,NDUFA1,1,1
ATG9A,NELFE,1,1
ATG9A,NHSL1,1,1
ATG9A,NR2F2,1,1
ATG9A,PANK3,1,1
ATG9A,PDF,1,1
ATG9A,RAB4A,1,1
ATG9A,RBMXL1,1,1
ATG9A,RICTOR,1,1
ATG9A,RPF1,1,1
ATG9A,RRAS2,1,1
ATG9A,SNRPE,1,1
ATG9A,SOCS4,1,1
ATG9A,TIMM23,1,1
ATG9A,TRMT13,1,1
ATG9A,TSSC4,1,1
ATG9A,UBA6,1,1
ATG9A,WDR46,1,1
ATG9A,ZNF232,1,1
ATG9A,ZNF281,1,1
PTGR1,CBY1,1,1
PTGR1,LPIN3,1,1
PTGR1,WASH2P,1,1
RFWD2,CNTROB,1,1
RFWD2,EIF3H,1,1
RFWD2,GNA12,1,1
RFWD2,GRASP,1,1
RFWD2,HARS2,1,1
RFWD2,MRPL33,1,1
RFWD2,MRPS14,1,1
RFWD2,MRPS27,1,1
RFWD2,NPM3,1,1
RFWD2,PJA1,1,1
RFWD2,PLS3,1,1
RFWD2,RAB7A,1,1
RFWD2,RPL6,1,1
RFWD2,RPS21,1,1
RFWD2,SLC25A43,1,1
RFWD2,TRIB2,1,1
RFWD2,TRIM62,1,1
EIF3H,AC093616.4,1,1
EIF3H,ALDH1A3,1,1
EIF3H,ANKRD33B,1,1
EIF3H,ANXA3,1,1
EIF3H,ARFIP2,1,1
EIF3H,ATG12,1,1
EIF3H,CKLF,1,1
EIF3H,CNTROB,1,1
EIF3H,DPM1,1,1
EIF3H,EEF1B2,1,1
EIF3H,GNA12,1,1
EIF3H,GPAT3,1,1
EIF3H,GRASP,1,1
EIF3H,HARS2,1,1
EIF3H,LARS,1,1
EIF3H,LINC00493,1,1
EIF3H,LRRC40,1,1
EIF3H,MRPL33,1,1
EIF3H,MRPS14,1,1
EIF3H,MYOF,1,1
EIF3H,NDUFA1,1,1
EIF3H,NELFE,1,1
EIF3H,NPM3,1,1
EIF3H,NTHL1,1,1
EIF3H,PLS3,1,1
EIF3H,PRRG4,1,1
EIF3H,RAB4A,1,1
EIF3H,RAB7A,1,1
EIF3H,RNF113A,1,1
EIF3H,RPF1,1,1
EIF3H,RPL18,1,1
EIF3H,RPL6,1,1
EIF3H,RPS21,1,1
EIF3H,RRAS2,1,1
EIF3H,SF3B6,1,1
EIF3H,SLC9A6,1,1
EIF3H,ST3GAL6,1,1
EIF3H,TMEM41B,1,1
EIF3H,TMSB4X,1,1
EIF3H,TRIM62,1,1
EIF3H,URGCP,1,1
EIF3H,WDR46,1,1
EIF3H,ZNF365,1,1
EIF3H,ZRANB2,1,1
POLR2D,ABHD5,1,1
POLR2D,ABT1,1,1
POLR2D,ACD,1,1
POLR2D,AHI1,1,1
POLR2D,ANXA3,1,1
POLR2D,BNIP1,1,1
POLR2D,C12ORF75,1,1
POLR2D,C14ORF142,1,1
POLR2D,C19ORF47,1,1
POLR2D,C4ORF46,1,1
POLR2D,CCDC109B,1,1
POLR2D,CDC123,1,1
POLR2D,CDK4,1,1
POLR2D,CEP250,1,1
POLR2D,COA3,1,1
POLR2D,CSNK2B,1,1
POLR2D,CTNNAL1,1,1
POLR2D,DCAF6,1,1
POLR2D,DDX21,1,1
POLR2D,DDX31,1,1
POLR2D,DDX39B,1,1
POLR2D,DEK,1,1
POLR2D,DHX16,1,1
POLR2D,DNA2,1,1
POLR2D,DPM1,1,1
POLR2D,EDRF1,1,1
POLR2D,EIF4E2,1,1
POLR2D,EIF6,1,1
POLR2D,ENY2,1,1
POLR2D,ERCC3,1,1
POLR2D,EXOSC8,1,1
POLR2D,FAM60A,1,1
POLR2D,FBXO45,1,1
POLR2D,GART,1,1
POLR2D,GOLPH3L,1,1
POLR2D,GRASP,1,1
POLR2D,GRHPR,1,1
POLR2D,GTF3C4,1,1
POLR2D,HARS,1,1
POLR2D,HAUS2,1,1
POLR2D,HERPUD2,1,1
POLR2D,HMGN1,1,1
POLR2D,HRAS,1,1
POLR2D,KMT5A,1,1
POLR2D,KPNA3,1,1
POLR2D,LRRC40,1,1
POLR2D,MAGOH,1,1
POLR2D,MCM10,1,1
POLR2D,MCRS1,1,1
POLR2D,MED10,1,1
POLR2D,MED29,1,1
POLR2D,MMP24-AS1,1,1
POLR2D,MRPL33,1,1
POLR2D,MRPS14,1,1
POLR2D,MRPS26,1,1
POLR2D,MRPS27,1,1
POLR2D,NAA15,1,1
POLR2D,NAA20,1,1
POLR2D,NAF1,1,1
POLR2D,NDUFA1,1,1
POLR2D,NPM3,1,1
POLR2D,NR2F2,1,1
POLR2D,NSMCE4A,1,1
POLR2D,NUFIP1,1,1
POLR2D,NUP107,1,1
POLR2D,NUP188,1,1
POLR2D,NUP58,1,1
POLR2D,NXT1,1,1
POLR2D,OSBPL11,1,1
POLR2D,PAK1IP1,1,1
POLR2D,PDE12,1,1
POLR2D,PDF,1,1
POLR2D,PDSS1,1,1
POLR2D,PFDN2,1,1
POLR2D,PLAGL2,1,1
POLR2D,PPA1,1,1
POLR2D,PPM1G,1,1
POLR2D,PPRC1,1,1
POLR2D,RAB4A,1,1
POLR2D,RABGGTB,1,1
POLR2D,RAD1,1,1
POLR2D,RARS,1,1
POLR2D,RBMXL1,1,1
POLR2D,RNF114,1,1
POLR2D,RPF1,1,1
POLR2D,RRP12,1,1
POLR2D,SAPCD2,1,1
POLR2D,SLC35D1,1,1
POLR2D,SMIM13,1,1
POLR2D,SMNDC1,1,1
POLR2D,SNRNP48,1,1
POLR2D,SNRPE,1,1
POLR2D,SOCS4,1,1
POLR2D,SPRYD7,1,1
POLR2D,SRP72,1,1
POLR2D,SRPK1,1,1
POLR2D,SUPV3L1,1,1
POLR2D,TAF5,1,1
POLR2D,TFAM,1,1
POLR2D,TIMM23,1,1
POLR2D,TMEM14B,1,1
POLR2D,TRMT13,1,1
POLR2D,TRPM2,1,1
POLR2D,TSSC4,1,1
POLR2D,TYW3,1,1
POLR2D,UBA6,1,1
POLR2D,UBL4A,1,1
POLR2D,UHRF1,1,1
POLR2D,WDR46,1,1
POLR2D,ZNF232,1,1
POLR2D,ZNF281,1,1
POLR2D,ZNF473,1,1
POLR2D,ZNF696,1,1
NOSIP,ACD,1,1
NOSIP,AHI1,1,1
NOSIP,ANKRD33B,1,1
NOSIP,ANXA1,1,1
NOSIP,ARHGAP31,1,1
NOSIP,ATP6AP1,1,1
NOSIP,BCL2A1,1,1
NOSIP,BTF3L4,1,1
NOSIP,C16ORF91,1,1
NOSIP,CDC73,1,1
NOSIP,CDH2,1,1
NOSIP,CFL2,1,1
NOSIP,CMPK1,1,1
NOSIP,CPT1A,1,1
NOSIP,CSNK2B,1,1
NOSIP,EIF6,1,1
NOSIP,EMD,1,1
NOSIP,FAM60A,1,1
NOSIP,FARSA,1,1
NOSIP,FBXL6,1,1
NOSIP,FSD1,1,1
NOSIP,GABRA5,1,1
NOSIP,GART,1,1
NOSIP,GCH1,1,1
NOSIP,GNE,1,1
NOSIP,GOLPH3L,1,1
NOSIP,GPBP1L1,1,1
NOSIP,HTR7,1,1
NOSIP,KRT18,1,1
NOSIP,LINC01296,1,1
NOSIP,LPGAT1,1,1
NOSIP,MRPL21,1,1
NOSIP,MRPS14,1,1
NOSIP,NDUFA1,1,1
NOSIP,NPM3,1,1
NOSIP,PDF,1,1
NOSIP,PFDN2,1,1
NOSIP,PFN1,1,1
NOSIP,PLEKHH1,1,1
NOSIP,PPM1G,1,1
NOSIP,PRKCDBP,1,1
NOSIP,PRKCI,1,1
NOSIP,PRPF38A,1,1
NOSIP,PSMA6,1,1
NOSIP,PSMC4,1,1
NOSIP,PTPN3,1,1
NOSIP,PUS7L,1,1
NOSIP,RNF13,1,1
NOSIP,RPL35A,1,1
NOSIP,RPS21,1,1
NOSIP,RPS26,1,1
NOSIP,RRAS2,1,1
NOSIP,RUVBL2,1,1
NOSIP,SCPEP1,1,1
NOSIP,SEPT9,1,1
NOSIP,SLC11A2,1,1
NOSIP,SLC25A43,1,1
NOSIP,SLC2A4RG,1,1
NOSIP,SLC39A1,1,1
NOSIP,SNRPE,1,1
NOSIP,ST3GAL6,1,1
NOSIP,TIMM17A,1,1
NOSIP,TIMM17B,1,1
NOSIP,TMEM123,1,1
NOSIP,UGT8,1,1
NOSIP,VMA21,1,1
NOSIP,WDR74,1,1
NOSIP,ZNF436,1,1
PPA1,ABT1,1,1
PPA1,ALDH1A3,1,1
PPA1,ANXA3,1,1
PPA1,AP1M1,1,1
PPA1,AP3S1,1,1
PPA1,ARFIP2,1,1
PPA1,ATG12,1,1
PPA1,BCCIP,1,1
PPA1,C14ORF142,1,1
PPA1,C19ORF47,1,1
PPA1,C4ORF46,1,1
PPA1,C5ORF42,1,1
PPA1,CCDC109B,1,1
PPA1,CDK4,1,1
PPA1,CEP250,1,1
PPA1,CEP55,1,1
PPA1,CHUK,1,1
PPA1,COA3,1,1
PPA1,CRNKL1,1,1
PPA1,CTNNAL1,1,1
PPA1,CYB5B,1,1
PPA1,DCAF6,1,1
PPA1,DDX39B,1,1
PPA1,DHX16,1,1
PPA1,DNAJC9,1,1
PPA1,DPM1,1,1
PPA1,DR1,1,1
PPA1,EEF1B2,1,1
PPA1,EIF4E,1,1
PPA1,ENY2,1,1
PPA1,ERCC3,1,1
PPA1,ERLIN1,1,1
PPA1,EXOSC8,1,1
PPA1,FAM178B,1,1
PPA1,GPATCH11,1,1
PPA1,GRASP,1,1
PPA1,HAUS2,1,1
PPA1,HERPUD2,1,1
PPA1,HMGN1,1,1
PPA1,HRAS,1,1
PPA1,IQSEC2,1,1
PPA1,ITPA,1,1
PPA1,KPNA3,1,1
PPA1,KTI12,1,1
PPA1,LRRC40,1,1
PPA1,MED29,1,1
PPA1,METTL10,1,1
PPA1,MIS12,1,1
PPA1,MRPL1,1,1
PPA1,MRPL33,1,1
PPA1,MRPS10,1,1
PPA1,MRPS16,1,1
PPA1,MRPS26,1,1
PPA1,MRPS27,1,1
PPA1,NANP,1,1
PPA1,NDUFAF5,1,1
PPA1,NPEPPS,1,1
PPA1,NR2F2,1,1
PPA1,NRM,1,1
PPA1,NSMCE4A,1,1
PPA1,NUP58,1,1
PPA1,NXT1,1,1
PPA1,PCLO,1,1
PPA1,PGGT1B,1,1
PPA1,PJA1,1,1
PPA1,PKN2,1,1
PPA1,PLAGL2,1,1
PPA1,PRRG4,1,1
PPA1,RAB4A,1,1
PPA1,RAB7A,1,1
PPA1,RABGGTB,1,1
PPA1,RBBP9,1,1
PPA1,RBMXL1,1,1
PPA1,RICTOR,1,1
PPA1,RPF1,1,1
PPA1,RPP30,1,1
PPA1,RPS13,1,1
PPA1,SEC23IP,1,1
PPA1,SF3B6,1,1
PPA1,SKA3,1,1
PPA1,SPRYD7,1,1
PPA1,ST3GAL4,1,1
PPA1,SUGT1,1,1
PPA1,SUPV3L1,1,1
PPA1,TFAM,1,1
PPA1,TFDP1,1,1
PPA1,TIMM23,1,1
PPA1,TMEM14B,1,1
PPA1,TRPM2,1,1
PPA1,TXN,1,1
PPA1,TYW3,1,1
PPA1,UBA6,1,1
PPA1,VSIG10L,1,1
PPA1,WDR46,1,1
PPA1,XRN2,1,1
PPA1,ZNF544,1,1
PPA1,ZNF652,1,1
PPA1,ZNF696,1,1
TARS,ACD,1,1
TARS,AHI1,1,1
TARS,ANXA1,1,1
TARS,BRD4,1,1
TARS,BTF3L4,1,1
TARS,CCT5,1,1
TARS,CDC73,1,1
TARS,CDH2,1,1
TARS,CDK7,1,1
TARS,CFL2,1,1
TARS,CMPK1,1,1
TARS,COPS5,1,1
TARS,CPT1A,1,1
TARS,CSNK2B,1,1
TARS,CSTF2,1,1
TARS,CTDSPL2,1,1
TARS,CYP27A1,1,1
TARS,DDX21,1,1
TARS,DHRS7B,1,1
TARS,DUSP10,1,1
TARS,EAF1,1,1
TARS,EIF3M,1,1
TARS,EIF6,1,1
TARS,ELK3,1,1
TARS,ERI1,1,1
TARS,FAM60A,1,1
TARS,FARSA,1,1
TARS,FBXO45,1,1
TARS,FSD1,1,1
TARS,FTSJ3,1,1
TARS,GABRA5,1,1
TARS,GADD45A,1,1
TARS,GART,1,1
TARS,GOLPH3L,1,1
TARS,HARS,1,1
TARS,HMGCL,1,1
TARS,HTR7,1,1
TARS,KARS,1,1
TARS,KIAA0319L,1,1
TARS,KMT5A,1,1
TARS,KRT18,1,1
TARS,LIN7C,1,1
TARS,LINC01296,1,1
TARS,LLPH,1,1
TARS,MAGED2,1,1
TARS,MAGOH,1,1
TARS,MAP4K5,1,1
TARS,MAPK1IP1L,1,1
TARS,MCFD2,1,1
TARS,MIER1,1,1
TARS,MMP24-AS1,1,1
TARS,MRPL39,1,1
TARS,MYNN,1,1
TARS,NCBP1,1,1
TARS,NDUFA1,1,1
TARS,NIPAL1,1,1
TARS,PAK1IP1,1,1
TARS,PDE12,1,1
TARS,PDF,1,1
TARS,PFDN2,1,1
TARS,PLAUR,1,1
TARS,PMM1,1,1
TARS,PPM1G,1,1
TARS,PRKCDBP,1,1
TARS,PRKCI,1,1
TARS,PRPF38A,1,1
TARS,PRPF4,1,1
TARS,PSMC3,1,1
TARS,PSMC4,1,1
TARS,PUS7L,1,1
TARS,QSER1,1,1
TARS,RARS,1,1
TARS,RIN1,1,1
TARS,RNF168,1,1
TARS,RP11-529K1.3,1,1
TARS,RPS26,1,1
TARS,RRP12,1,1
TARS,RRS1,1,1
TARS,SCPEP1,1,1
TARS,SERBP1,1,1
TARS,SLC11A2,1,1
TARS,SLC25A43,1,1
TARS,SLC2A4RG,1,1
TARS,SMARCD1,1,1
TARS,SMIM13,1,1
TARS,SMNDC1,1,1
TARS,SNRNP48,1,1
TARS,SNRPE,1,1
TARS,SPIN4,1,1
TARS,SREK1IP1,1,1
TARS,SRP72,1,1
TARS,SRPK1,1,1
TARS,SSRP1,1,1
TARS,ST3GAL6,1,1
TARS,STIP1,1,1
TARS,TIMM17A,1,1
TARS,TMA16,1,1
TARS,TMCO1,1,1
TARS,TMEM123,1,1
TARS,TNFRSF12A,1,1
TARS,UBE2N,1,1
TARS,UGT8,1,1
TARS,UHMK1,1,1
TARS,UTP4,1,1
TARS,VEZT,1,1
TARS,WDR74,1,1
TARS,ZNF281,1,1
TARS,ZPR1,1,1
PPIH,ABCE1,1,1
PPIH,BCCIP,1,1
PPIH,CCNA2,1,1
PPIH,CDCA5,1,1
PPIH,CKS1B,1,1
PPIH,CSTF2,1,1
PPIH,CWC22,1,1
PPIH,DCAF13,1,1
PPIH,DDX18,1,1
PPIH,DDX31,1,1
PPIH,DEK,1,1
PPIH,DIAPH1,1,1
PPIH,ERVK3-1,1,1
PPIH,GFER,1,1
PPIH,GINS1,1,1
PPIH,GLRX2,1,1
PPIH,GRWD1,1,1
PPIH,HNRNPL,1,1
PPIH,HOXB2,1,1
PPIH,HRAS,1,1
PPIH,IPO11,1,1
PPIH,KHDRBS1,1,1
PPIH,KIAA0101,1,1
PPIH,KIF14,1,1
PPIH,KTI12,1,1
PPIH,LARP4,1,1
PPIH,LMNB1,1,1
PPIH,LRR1,1,1
PPIH,MAD2L1,1,1
PPIH,MCM10,1,1
PPIH,MEGF8,1,1
PPIH,MIS18A,1,1
PPIH,MRPL9,1,1
PPIH,MSH2,1,1
PPIH,MYBL2,1,1
PPIH,NAA15,1,1
PPIH,NOLC1,1,1
PPIH,NUDCD1,1,1
PPIH,NUP107,1,1
PPIH,NUP58,1,1
PPIH,ORC2,1,1
PPIH,ORC6,1,1
PPIH,PAK1IP1,1,1
PPIH,PCGF6,1,1
PPIH,PDRG1,1,1
PPIH,PDSS1,1,1
PPIH,PGAM5,1,1
PPIH,POLE3,1,1
PPIH,PPM1G,1,1
PPIH,PPP2CA,1,1
PPIH,PRELID1,1,1
PPIH,PRPS2,1,1
PPIH,RARS,1,1
PPIH,RFC3,1,1
PPIH,RMI1,1,1
PPIH,RNASEK,1,1
PPIH,RNF126,1,1
PPIH,SART3,1,1
PPIH,SKIV2L2,1,1
PPIH,SMC2,1,1
PPIH,SNRPC,1,1
PPIH,SRP72,1,1
PPIH,SRPK1,1,1
PPIH,SRSF3,1,1
PPIH,SVIP,1,1
PPIH,SYNCRIP,1,1
PPIH,TAF2,1,1
PPIH,TFB2M,1,1
PPIH,TMEM14B,1,1
PPIH,TPM3,1,1
PPIH,TPRKB,1,1
PPIH,TRIP13,1,1
PPIH,TUBA1C,1,1
PPIH,TUBB4B,1,1
PPIH,UBE2C,1,1
PPIH,UCHL5,1,1
PPIH,UHRF1,1,1
PPIH,UHRF1BP1L,1,1
PPIH,USP1,1,1
PPIH,WWC1,1,1
PPIH,ZNF473,1,1
PPIH,ZNF695,1,1
PPIH,ZW10,1,1
IQSEC2,ABT1,1,1
IQSEC2,C4ORF46,1,1
IQSEC2,COA3,1,1
IQSEC2,DNAJC9,1,1
IQSEC2,DR1,1,1
IQSEC2,EEF1B2,1,1
IQSEC2,EIF4E,1,1
IQSEC2,ERLIN1,1,1
IQSEC2,HMGN1,1,1
IQSEC2,MIS12,1,1
IQSEC2,MRPL1,1,1
IQSEC2,RABGGTB,1,1
IQSEC2,RNF219,1,1
IQSEC2,SUGT1,1,1
IQSEC2,SUPV3L1,1,1
IQSEC2,TFDP1,1,1
IQSEC2,TYW3,1,1
IQSEC2,ZNF544,1,1
CHORDC1,BRD4,1,1
CHORDC1,CAPRIN1,1,1
CHORDC1,CNOT7,1,1
CHORDC1,DDX21,1,1
CHORDC1,EIF3M,1,1
CHORDC1,FBXO45,1,1
CHORDC1,FEM1A,1,1
CHORDC1,FTSJ3,1,1
CHORDC1,GINS3,1,1
CHORDC1,KARS,1,1
CHORDC1,MAGED2,1,1
CHORDC1,MAGOH,1,1
CHORDC1,MAPK1IP1L,1,1
CHORDC1,MRPL39,1,1
CHORDC1,NUFIP1,1,1
CHORDC1,POLR3C,1,1
CHORDC1,PRPF4,1,1
CHORDC1,PSMC6,1,1
CHORDC1,RIOK1,1,1
CHORDC1,RRS1,1,1
CHORDC1,SNRNP48,1,1
CHORDC1,SREK1IP1,1,1
CHORDC1,SRPK1,1,1
CHORDC1,SSRP1,1,1
CHORDC1,STIP1,1,1
CHORDC1,TEX10,1,1
CHORDC1,TMA16,1,1
CHORDC1,TRMT10C,1,1
CHORDC1,UTP4,1,1
CHORDC1,ZPR1,1,1
SDCBP,ACSS1,1,1
SDCBP,ANXA1,1,1
SDCBP,ATP6AP1,1,1
SDCBP,BCL2A1,1,1
SDCBP,BVES,1,1
SDCBP,C16ORF91,1,1
SDCBP,CBR4,1,1
SDCBP,CDH2,1,1
SDCBP,CDK19,1,1
SDCBP,CFL2,1,1
SDCBP,CMPK1,1,1
SDCBP,CPT1A,1,1
SDCBP,DPF1,1,1
SDCBP,EIF3G,1,1
SDCBP,EMD,1,1
SDCBP,FARSA,1,1
SDCBP,FBXL4,1,1
SDCBP,FBXL6,1,1
SDCBP,FGFR4,1,1
SDCBP,FSD1,1,1
SDCBP,GHDC,1,1
SDCBP,GLB1,1,1
SDCBP,GLMP,1,1
SDCBP,HPS3,1,1
SDCBP,IGF2BP1,1,1
SDCBP,KIAA0319L,1,1
SDCBP,LARGE1,1,1
SDCBP,LURAP1,1,1
SDCBP,MRPL21,1,1
SDCBP,MRPL47,1,1
SDCBP,MYNN,1,1
SDCBP,PLEKHH1,1,1
SDCBP,POLR3E,1,1
SDCBP,PRKCI,1,1
SDCBP,PSMA6,1,1
SDCBP,PSMC5,1,1
SDCBP,PSMD4,1,1
SDCBP,RPL35A,1,1
SDCBP,RUVBL2,1,1
SDCBP,SCPEP1,1,1
SDCBP,SEPT9,1,1
SDCBP,SLC39A1,1,1
SDCBP,SMN1,1,1
SDCBP,STX6,1,1
SDCBP,TANGO2,1,1
SDCBP,TMEM69,1,1
SDCBP,TRAF5,1,1
SDCBP,TROVE2,1,1
SDCBP,TTC39C,1,1
SDCBP,TUBB3,1,1
SDCBP,UGT8,1,1
SDCBP,VAT1,1,1
SDCBP,VMA21,1,1
SDCBP,ZHX3,1,1
SDCBP,ZNF678,1,1
RNF219,C4ORF46,1,1
RNF219,CHUK,1,1
RNF219,COA3,1,1
RNF219,DCLRE1A,1,1
RNF219,DNAJC9,1,1
RNF219,DR1,1,1
RNF219,ECD,1,1
RNF219,EXOSC8,1,1
RNF219,FAM111B,1,1
RNF219,HAUS2,1,1
RNF219,HMGN1,1,1
RNF219,LARP1B,1,1
RNF219,MRPL1,1,1
RNF219,NAF1,1,1
RNF219,NR2F2,1,1
RNF219,NSMCE4A,1,1
RNF219,RBM22,1,1
RNF219,RBMXL1,1,1
RNF219,SPRYD7,1,1
RNF219,TFDP1,1,1
RNF219,TYW3,1,1
RNF219,ZNF544,1,1
FAM173B,CDKN2A,1,1
PSMA6,ABCA5,1,1
PSMA6,ACACB,1,1
PSMA6,ACSL4,1,1
PSMA6,ACSS1,1,1
PSMA6,ADAM9,1,1
PSMA6,ANXA1,1,1
PSMA6,ATP6AP1,1,1
PSMA6,BVES,1,1
PSMA6,C16ORF91,1,1
PSMA6,C1ORF216,1,1
PSMA6,CBR4,1,1
PSMA6,CCT5,1,1
PSMA6,CD63,1,1
PSMA6,CDC73,1,1
PSMA6,CDH2,1,1
PSMA6,CDK7,1,1
PSMA6,CFL2,1,1
PSMA6,CLPTM1L,1,1
PSMA6,CMPK1,1,1
PSMA6,CNOT3,1,1
PSMA6,CNPY3,1,1
PSMA6,COPS5,1,1
PSMA6,CPT1A,1,1
PSMA6,CSTF2,1,1
PSMA6,CTDSPL2,1,1
PSMA6,CWC27,1,1
PSMA6,DAZAP1,1,1
PSMA6,DHRS7B,1,1
PSMA6,DHX35,1,1
PSMA6,DPF1,1,1
PSMA6,DPY19L2P1,1,1
PSMA6,EIF3G,1,1
PSMA6,EIF3M,1,1
PSMA6,ELAVL1,1,1
PSMA6,ELK3,1,1
PSMA6,EMD,1,1
PSMA6,EMG1,1,1
PSMA6,ENOSF1,1,1
PSMA6,FAM69B,1,1
PSMA6,FARSA,1,1
PSMA6,FBXL4,1,1
PSMA6,FBXL6,1,1
PSMA6,FCHSD2,1,1
PSMA6,FEZ2,1,1
PSMA6,FGFR4,1,1
PSMA6,FKBP3,1,1
PSMA6,FSD1,1,1
PSMA6,FTSJ1,1,1
PSMA6,FTSJ3,1,1
PSMA6,GABRA5,1,1
PSMA6,GANAB,1,1
PSMA6,GCH1,1,1
PSMA6,GHDC,1,1
PSMA6,GNE,1,1
PSMA6,HDAC3,1,1
PSMA6,HPS3,1,1
PSMA6,HS1BP3,1,1
PSMA6,IGF2BP1,1,1
PSMA6,ILF2,1,1
PSMA6,ISY1,1,1
PSMA6,KARS,1,1
PSMA6,KIAA0319L,1,1
PSMA6,KIF3A,1,1
PSMA6,KRT18,1,1
PSMA6,LARGE1,1,1
PSMA6,LBR,1,1
PSMA6,LURAP1,1,1
PSMA6,MAK16,1,1
PSMA6,MAN2A2,1,1
PSMA6,MAP4K5,1,1
PSMA6,MEGF8,1,1
PSMA6,MICALL1,1,1
PSMA6,MNAT1,1,1
PSMA6,MRPL21,1,1
PSMA6,MRPL47,1,1
PSMA6,MT1X,1,1
PSMA6,MYNN,1,1
PSMA6,NCBP2-AS2,1,1
PSMA6,NEK7,1,1
PSMA6,NRGN,1,1
PSMA6,PFDN2,1,1
PSMA6,PLAUR,1,1
PSMA6,PLEKHH1,1,1
PSMA6,PM20D2,1,1
PSMA6,PMM1,1,1
PSMA6,POLR3E,1,1
PSMA6,PPCS,1,1
PSMA6,PRKCI,1,1
PSMA6,PRPF4,1,1
PSMA6,PSMA3,1,1
PSMA6,PSMB5,1,1
PSMA6,PSMC3,1,1
PSMA6,PSMC4,1,1
PSMA6,PSMC5,1,1
PSMA6,PSMC6,1,1
PSMA6,PSMD4,1,1
PSMA6,PTPRB,1,1
PSMA6,QSER1,1,1
PSMA6,RIN1,1,1
PSMA6,RLIM,1,1
PSMA6,RNF13,1,1
PSMA6,RPL35A,1,1
PSMA6,RPS26,1,1
PSMA6,RUVBL2,1,1
PSMA6,SEPT9,1,1
PSMA6,SERBP1,1,1
PSMA6,SERINC1,1,1
PSMA6,SLC11A2,1,1
PSMA6,SLC2A4RG,1,1
PSMA6,SLC39A1,1,1
PSMA6,SMN1,1,1
PSMA6,SPIN4,1,1
PSMA6,SSRP1,1,1
PSMA6,TANGO2,1,1
PSMA6,TIMM17A,1,1
PSMA6,TIMM8A,1,1
PSMA6,TMEM69,1,1
PSMA6,TNFRSF12A,1,1
PSMA6,TRAF5,1,1
PSMA6,TROVE2,1,1
PSMA6,TTC39C,1,1
PSMA6,TUBB3,1,1
PSMA6,UGT8,1,1
PSMA6,VEZT,1,1
PSMA6,VMA21,1,1
PSMA6,WDR74,1,1
PSMA6,ZNF678,1,1
CKAP2,DNAJC9,1,1
CKAP2,NUDT15,1,1
CCP110,ABCE1,1,1
CCP110,ABCF1,1,1
CCP110,ANP32E,1,1
CCP110,CPSF6,1,1
CCP110,CSTF2,1,1
CCP110,DAZAP1,1,1
CCP110,DDX18,1,1
CCP110,DDX21,1,1
CCP110,DIAPH1,1,1
CCP110,DIMT1,1,1
CCP110,ERI1,1,1
CCP110,ERVK3-1,1,1
CCP110,FAM136A,1,1
CCP110,GINS3,1,1
CCP110,GLRX2,1,1
CCP110,GTF3C4,1,1
CCP110,HCFC1,1,1
CCP110,HNRNPK,1,1
CCP110,HNRNPU,1,1
CCP110,KIAA0101,1,1
CCP110,KIAA1586,1,1
CCP110,KIF14,1,1
CCP110,KLHL8,1,1
CCP110,LARP4,1,1
CCP110,LBR,1,1
CCP110,LMNB1,1,1
CCP110,MCM10,1,1
CCP110,MRPL39,1,1
CCP110,MYBL2,1,1
CCP110,NAA15,1,1
CCP110,NUP107,1,1
CCP110,PAK1IP1,1,1
CCP110,PCGF6,1,1
CCP110,POLE3,1,1
CCP110,PSMC3,1,1
CCP110,PSMC6,1,1
CCP110,PSMD2,1,1
CCP110,RAB35,1,1
CCP110,RAB4B,1,1
CCP110,RELT,1,1
CCP110,RFWD3,1,1
CCP110,RIOK1,1,1
CCP110,SACS,1,1
CCP110,SERBP1,1,1
CCP110,SREK1IP1,1,1
CCP110,SRP72,1,1
CCP110,SRPK1,1,1
CCP110,SRSF3,1,1
CCP110,SYNCRIP,1,1
CCP110,TFB2M,1,1
CCP110,TIMM10,1,1
CCP110,TIMM8A,1,1
CCP110,TPM3,1,1
CCP110,TRIP13,1,1
CCP110,TUBB4B,1,1
CCP110,UBE3A,1,1
CCP110,UHRF1,1,1
CCP110,UHRF1BP1L,1,1
CCP110,USP1,1,1
CCP110,UTP23,1,1
CCP110,ZIC2,1,1
CCP110,ZNF695,1,1
CCP110,ZW10,1,1
MAGED2,ADAM9,1,1
MAGED2,BRD4,1,1
MAGED2,C12ORF29,1,1
MAGED2,CCT5,1,1
MAGED2,CDC42EP2,1,1
MAGED2,CDK7,1,1
MAGED2,CLPTM1L,1,1
MAGED2,CNOT7,1,1
MAGED2,CNPY3,1,1
MAGED2,COPS5,1,1
MAGED2,CRIM1,1,1
MAGED2,CTDSPL2,1,1
MAGED2,CTSA,1,1
MAGED2,DDX21,1,1
MAGED2,DHRS7B,1,1
MAGED2,EIF3M,1,1
MAGED2,ELK3,1,1
MAGED2,EMG1,1,1
MAGED2,FAM69B,1,1
MAGED2,FBXO45,1,1
MAGED2,FEM1A,1,1
MAGED2,FEZ2,1,1
MAGED2,FIS1,1,1
MAGED2,FTSJ1,1,1
MAGED2,FTSJ3,1,1
MAGED2,GART,1,1
MAGED2,HMGCL,1,1
MAGED2,HS1BP3,1,1
MAGED2,ISY1,1,1
MAGED2,ITM2C,1,1
MAGED2,KARS,1,1
MAGED2,KIAA0319L,1,1
MAGED2,KIAA0586,1,1
MAGED2,KLHL18,1,1
MAGED2,KRT18,1,1
MAGED2,MAK16,1,1
MAGED2,MAP4K5,1,1
MAGED2,MAPK1IP1L,1,1
MAGED2,MRPL39,1,1
MAGED2,MT1X,1,1
MAGED2,NAP1L1,1,1
MAGED2,NIPAL1,1,1
MAGED2,PDE6D,1,1
MAGED2,PLAUR,1,1
MAGED2,PMM1,1,1
MAGED2,PMPCA,1,1
MAGED2,PPP2R1B,1,1
MAGED2,PRPF38A,1,1
MAGED2,PRPF4,1,1
MAGED2,PSMB5,1,1
MAGED2,PSMC3,1,1
MAGED2,PSMC6,1,1
MAGED2,PTPRB,1,1
MAGED2,QSER1,1,1
MAGED2,RIN1,1,1
MAGED2,RIN2,1,1
MAGED2,RRS1,1,1
MAGED2,SNRNP48,1,1
MAGED2,SPIN4,1,1
MAGED2,SREK1IP1,1,1
MAGED2,SSRP1,1,1
MAGED2,TIMM17A,1,1
MAGED2,TMA16,1,1
MAGED2,TMCO1,1,1
MAGED2,TNFRSF12A,1,1
MAGED2,TRMT10C,1,1
MAGED2,UBE2N,1,1
MAGED2,UTP4,1,1
MAGED2,VEZT,1,1
MAGED2,WDR18,1,1
MAGED2,WDR74,1,1
MAGED2,WRN,1,1
MAGED2,ZPR1,1,1
CBR4,ACACB,1,1
CBR4,ACSS1,1,1
CBR4,ANXA4,1,1
CBR4,C16ORF91,1,1
CBR4,CCT5,1,1
CBR4,CDH2,1,1
CBR4,CDK7,1,1
CBR4,CFL2,1,1
CBR4,CNOT3,1,1
CBR4,DPY19L2P1,1,1
CBR4,EIF3G,1,1
CBR4,ELAVL1,1,1
CBR4,FARSA,1,1
CBR4,FBXL4,1,1
CBR4,FBXL6,1,1
CBR4,FTSJ1,1,1
CBR4,GHDC,1,1
CBR4,GLB1,1,1
CBR4,GLMP,1,1
CBR4,HMGCL,1,1
CBR4,HPS3,1,1
CBR4,HS1BP3,1,1
CBR4,IGF2BP1,1,1
CBR4,ILF2,1,1
CBR4,IPO4,1,1
CBR4,IRAK1,1,1
CBR4,KIAA0319L,1,1
CBR4,LARGE1,1,1
CBR4,LURAP1,1,1
CBR4,MAK16,1,1
CBR4,MAP4K5,1,1
CBR4,MRPL47,1,1
CBR4,MYNN,1,1
CBR4,PLAUR,1,1
CBR4,PLEKHH1,1,1
CBR4,POLR3E,1,1
CBR4,PPCS,1,1
CBR4,PSMA3,1,1
CBR4,PSMB5,1,1
CBR4,PSMC5,1,1
CBR4,RNF130,1,1
CBR4,RUVBL2,1,1
CBR4,SCPEP1,1,1
CBR4,SEPT9,1,1
CBR4,SMN1,1,1
CBR4,TANGO2,1,1
CBR4,TIMM17A,1,1
CBR4,TIMM8A,1,1
CBR4,TMEM126A,1,1
CBR4,TNFRSF12A,1,1
CBR4,TRAF5,1,1
CBR4,TROVE2,1,1
CBR4,TTC39C,1,1
CBR4,TUBB3,1,1
CBR4,VAT1,1,1
CBR4,VMA21,1,1
DEPDC1B,BUB1B,1,1
DEPDC1B,CBY1,1,1
DEPDC1B,CDCA2,1,1
DEPDC1B,CHAF1B,1,1
DEPDC1B,CHEK1,1,1
DEPDC1B,FANCA,1,1
DEPDC1B,HNRNPL,1,1
DEPDC1B,KIF14,1,1
DEPDC1B,L2HGDH,1,1
DEPDC1B,MEGF8,1,1
DEPDC1B,PPP5C,1,1
DEPDC1B,RAD51AP1,1,1
DEPDC1B,RMI1,1,1
DEPDC1B,SNRPF,1,1
DEPDC1B,TMEM63B,1,1
DEPDC1B,TUBA1C,1,1
DEPDC1B,VBP1,1,1
DEPDC1B,VRK3,1,1
ADAM9,ABCA5,1,1
ADAM9,ACSL4,1,1
ADAM9,CFL2,1,1
ADAM9,CLPTM1L,1,1
ADAM9,CNPY3,1,1
ADAM9,CRIM1,1,1
ADAM9,CTDSPL2,1,1
ADAM9,CWC27,1,1
ADAM9,DGCR6L,1,1
ADAM9,DHRS7B,1,1
ADAM9,EIF2AK4,1,1
ADAM9,ELK3,1,1
ADAM9,EMG1,1,1
ADAM9,FAM69B,1,1
ADAM9,FCHSD2,1,1
ADAM9,FEZ2,1,1
ADAM9,FKBP3,1,1
ADAM9,GATA3,1,1
ADAM9,GCH1,1,1
ADAM9,ID1,1,1
ADAM9,IGF2BP1,1,1
ADAM9,ISY1,1,1
ADAM9,KARS,1,1
ADAM9,KIAA0319L,1,1
ADAM9,KIAA0586,1,1
ADAM9,LIN7C,1,1
ADAM9,MAK16,1,1
ADAM9,MAN2A2,1,1
ADAM9,MAP4K5,1,1
ADAM9,MAPK1IP1L,1,1
ADAM9,MICALL1,1,1
ADAM9,MNAT1,1,1
ADAM9,MRPL21,1,1
ADAM9,MRPL39,1,1
ADAM9,MYNN,1,1
ADAM9,NCBP2-AS2,1,1
ADAM9,NEK7,1,1
ADAM9,NIPAL1,1,1
ADAM9,NKX3-1,1,1
ADAM9,PLAUR,1,1
ADAM9,PSMB5,1,1
ADAM9,PSMC6,1,1
ADAM9,PTPRB,1,1
ADAM9,QSER1,1,1
ADAM9,RIN2,1,1
ADAM9,RLIM,1,1
ADAM9,SCN8A,1,1
ADAM9,SMN1,1,1
ADAM9,SPIN4,1,1
ADAM9,SSRP1,1,1
ADAM9,TIMM17A,1,1
ADAM9,TROVE2,1,1
ADAM9,UBE2N,1,1
ADAM9,VEZT,1,1
ADAM9,WRN,1,1
ADAM9,XK,1,1
ADAM9,ZNF462,1,1
ADAM9,ZNF678,1,1
MINOS1-NBL1,RPS15,1,1
HFE,AP1M1,1,1
HFE,ASPHD2,1,1
HFE,C19ORF47,1,1
VRK3,AHCTF1,1,1
VRK3,ARL5A,1,1
VRK3,BUB1B,1,1
VRK3,C14ORF80,1,1
VRK3,CBFB,1,1
VRK3,CBY1,1,1
VRK3,CCDC112,1,1
VRK3,CLINT1,1,1
VRK3,CPSF6,1,1
VRK3,DIMT1,1,1
VRK3,ELAVL1,1,1
VRK3,FBXL4,1,1
VRK3,GHDC,1,1
VRK3,GMFB,1,1
VRK3,H3F3B,1,1
VRK3,IPO4,1,1
VRK3,IRAK1,1,1
VRK3,KIAA1524,1,1
VRK3,KLF15,1,1
VRK3,L2HGDH,1,1
VRK3,MEGF8,1,1
VRK3,MRPL47,1,1
VRK3,NRGN,1,1
VRK3,PSME4,1,1
VRK3,RAD51AP1,1,1
VRK3,RELT,1,1
VRK3,RFWD3,1,1
VRK3,RLIM,1,1
VRK3,SNRPF,1,1
VRK3,TBPL1,1,1
VRK3,TERF1,1,1
VRK3,TIMM8A,1,1
VRK3,TTC23,1,1
VRK3,USP10,1,1
VRK3,VBP1,1,1
VRK3,ZNF639,1,1
ZNF142,BCCIP,1,1
ZNF142,CHERP,1,1
ZNF142,CWC22,1,1
ZNF142,DCAF13,1,1
ZNF142,DVL1,1,1
ZNF142,HOXB2,1,1
ZNF142,KTI12,1,1
ZNF142,MB21D1,1,1
ZNF142,MRPL9,1,1
ZNF142,ORC2,1,1
ZNF142,PDRG1,1,1
ZNF142,PRELID1,1,1
ZNF142,RPP30,1,1
ZNF142,STAMBPL1,1,1
ZNF142,TAF2,1,1
ZNF142,WWC1,1,1
CFAP20,ATRIP,1,1
CFAP20,BAZ1A,1,1
CFAP20,C12ORF29,1,1
CFAP20,CAPRIN1,1,1
CFAP20,CLPTM1L,1,1
CFAP20,CNOT7,1,1
CFAP20,CRIM1,1,1
CFAP20,DAZAP1,1,1
CFAP20,EIF2AK4,1,1
CFAP20,EMG1,1,1
CFAP20,FAM136A,1,1
CFAP20,FBRSL1,1,1
CFAP20,FTSJ1,1,1
CFAP20,H2AFX,1,1
CFAP20,ILF2,1,1
CFAP20,ITM2C,1,1
CFAP20,KARS,1,1
CFAP20,KIAA0586,1,1
CFAP20,MAK16,1,1
CFAP20,MAPK1IP1L,1,1
CFAP20,MRPL39,1,1
CFAP20,MRPL50,1,1
CFAP20,MT1X,1,1
CFAP20,NAP1L1,1,1
CFAP20,NASP,1,1
CFAP20,NAT10,1,1
CFAP20,NEK7,1,1
CFAP20,NGDN,1,1
CFAP20,NOB1,1,1
CFAP20,PDE6D,1,1
CFAP20,PM20D2,1,1
CFAP20,PMPCA,1,1
CFAP20,PNN,1,1
CFAP20,PPP2R1B,1,1
CFAP20,PSMB5,1,1
CFAP20,PSMC6,1,1
CFAP20,RIOK1,1,1
CFAP20,SNAPC1,1,1
CFAP20,SPIN4,1,1
CFAP20,SSRP1,1,1
CFAP20,TIMM10,1,1
CFAP20,UBE2N,1,1
CFAP20,UTP4,1,1
CFAP20,WRN,1,1
CFAP20,XK,1,1
CFAP20,ZNF215,1,1
EMG1,BAZ1A,1,1
EMG1,C12ORF29,1,1
EMG1,C16ORF91,1,1
EMG1,CAPRIN1,1,1
EMG1,CDC42EP2,1,1
EMG1,CDK7,1,1
EMG1,CLPTM1L,1,1
EMG1,CNPY3,1,1
EMG1,COPS5,1,1
EMG1,CRIM1,1,1
EMG1,EIF2AK4,1,1
EMG1,ELK3,1,1
EMG1,FAM136A,1,1
EMG1,FAM69B,1,1
EMG1,FBRSL1,1,1
EMG1,FEZ2,1,1
EMG1,FIS1,1,1
EMG1,FKBP3,1,1
EMG1,FTSJ1,1,1
EMG1,HMGCL,1,1
EMG1,HS1BP3,1,1
EMG1,IGF2BP1,1,1
EMG1,ILF2,1,1
EMG1,ISY1,1,1
EMG1,ITM2C,1,1
EMG1,JTB,1,1
EMG1,KARS,1,1
EMG1,KIAA0319L,1,1
EMG1,MAK16,1,1
EMG1,MAP4K5,1,1
EMG1,MAPK1IP1L,1,1
EMG1,MICALL1,1,1
EMG1,MNAT1,1,1
EMG1,MRPL39,1,1
EMG1,MRPL50,1,1
EMG1,MT1X,1,1
EMG1,NAP1L1,1,1
EMG1,NASP,1,1
EMG1,NAT10,1,1
EMG1,NCBP2-AS2,1,1
EMG1,NEK7,1,1
EMG1,NGDN,1,1
EMG1,NOB1,1,1
EMG1,PDE6D,1,1
EMG1,PLAUR,1,1
EMG1,PM20D2,1,1
EMG1,PPCS,1,1
EMG1,PSMB5,1,1
EMG1,PSMC6,1,1
EMG1,PTPRB,1,1
EMG1,QSER1,1,1
EMG1,RIN1,1,1
EMG1,RIN2,1,1
EMG1,RNF130,1,1
EMG1,SAMD1,1,1
EMG1,SMN1,1,1
EMG1,SNAPC1,1,1
EMG1,SPIN4,1,1
EMG1,TET3,1,1
EMG1,UBE2N,1,1
EMG1,UTP4,1,1
EMG1,WRN,1,1
EMG1,XK,1,1
EMG1,ZNF215,1,1
EMG1,ZNF462,1,1
RNF114,ACOX1,1,1
RNF114,ALDH1A3,1,1
RNF114,ANXA3,1,1
RNF114,AP1M1,1,1
RNF114,ARFIP2,1,1
RNF114,BAG6,1,1
RNF114,BMI1,1,1
RNF114,C14ORF142,1,1
RNF114,C19ORF47,1,1
RNF114,CDK4,1,1
RNF114,DDX39B,1,1
RNF114,DNAJC5,1,1
RNF114,DPM1,1,1
RNF114,EIF6,1,1
RNF114,FAM60A,1,1
RNF114,GOLPH3L,1,1
RNF114,GPAT3,1,1
RNF114,GRHPR,1,1
RNF114,HARS,1,1
RNF114,HERPUD2,1,1
RNF114,HEXIM2,1,1
RNF114,HRAS,1,1
RNF114,KMT5A,1,1
RNF114,LARS,1,1
RNF114,MED29,1,1
RNF114,MOCS3,1,1
RNF114,MRPL33,1,1
RNF114,MRPS26,1,1
RNF114,MYOF,1,1
RNF114,NDUFA1,1,1
RNF114,NELFE,1,1
RNF114,NPEPPS,1,1
RNF114,NTHL1,1,1
RNF114,NUDCD1,1,1
RNF114,NUP58,1,1
RNF114,NXT1,1,1
RNF114,OSBPL11,1,1
RNF114,PCTP,1,1
RNF114,PDF,1,1
RNF114,RAB4A,1,1
RNF114,RNF103,1,1
RNF114,RNF113A,1,1
RNF114,RP11-529K1.3,1,1
RNF114,RPF1,1,1
RNF114,RRAS2,1,1
RNF114,SF3B6,1,1
RNF114,SMIM13,1,1
RNF114,ST3GAL4,1,1
RNF114,ST3GAL6,1,1
RNF114,STAMBPL1,1,1
RNF114,TSSC4,1,1
RNF114,UBA6,1,1
RNF114,UBE2J2,1,1
RNF114,USP28,1,1
RNF114,WDR46,1,1
RNF114,XRN2,1,1
RNF114,ZNF655,1,1
RNF114,ZRANB2,1,1
FEZ2,ABCA5,1,1
FEZ2,ACSL4,1,1
FEZ2,C16ORF91,1,1
FEZ2,CD63,1,1
FEZ2,CLPTM1L,1,1
FEZ2,CNPY3,1,1
FEZ2,COPS5,1,1
FEZ2,CRIM1,1,1
FEZ2,CTDSPL2,1,1
FEZ2,CTSA,1,1
FEZ2,EIF2AK4,1,1
FEZ2,ELK3,1,1
FEZ2,FAM69B,1,1
FEZ2,FCHSD2,1,1
FEZ2,FIS1,1,1
FEZ2,FKBP3,1,1
FEZ2,GATA3,1,1
FEZ2,HMGCL,1,1
FEZ2,HS1BP3,1,1
FEZ2,ID1,1,1
FEZ2,ISY1,1,1
FEZ2,KIAA0319L,1,1
FEZ2,KIAA0586,1,1
FEZ2,KIF3A,1,1
FEZ2,MAK16,1,1
FEZ2,MAN2A2,1,1
FEZ2,MAP4K5,1,1
FEZ2,MAPK1IP1L,1,1
FEZ2,MICALL1,1,1
FEZ2,MNAT1,1,1
FEZ2,MRPL21,1,1
FEZ2,MYNN,1,1
FEZ2,NIPAL1,1,1
FEZ2,PDE6D,1,1
FEZ2,PLAUR,1,1
FEZ2,PMM1,1,1
FEZ2,POLB,1,1
FEZ2,PPP1R14BP3,1,1
FEZ2,PSMB5,1,1
FEZ2,PTPRB,1,1
FEZ2,QSER1,1,1
FEZ2,RIN1,1,1
FEZ2,RIN2,1,1
FEZ2,SAMD1,1,1
FEZ2,SCN8A,1,1
FEZ2,SEPT9,1,1
FEZ2,SMN1,1,1
FEZ2,UBE2N,1,1
FEZ2,VEZT,1,1
FEZ2,WDR18,1,1
FEZ2,ZNF462,1,1
FEZ2,ZNF678,1,1
POLR3B,HNRNPM,1,1
POLR3B,LRRC58,1,1
POLR3B,UTP15,1,1
NOP14,LYAR,1,1
NOP14,PPAN-P2RY11,1,1
NOP14,TTC27,1,1
SEC23IP,AP3S1,1,1
SEC23IP,ATG12,1,1
SEC23IP,C14ORF142,1,1
SEC23IP,CEP250,1,1
SEC23IP,CHUK,1,1
SEC23IP,CRNKL1,1,1
SEC23IP,DHX16,1,1
SEC23IP,DNAJC9,1,1
SEC23IP,DR1,1,1
SEC23IP,ECD,1,1
SEC23IP,EIF4E,1,1
SEC23IP,ERCC3,1,1
SEC23IP,ERLIN1,1,1
SEC23IP,FAM178B,1,1
SEC23IP,LRRC40,1,1
SEC23IP,MED29,1,1
SEC23IP,METTL10,1,1
SEC23IP,MIS12,1,1
SEC23IP,MRPS16,1,1
SEC23IP,MRPS26,1,1
SEC23IP,NDUFAF5,1,1
SEC23IP,NRM,1,1
SEC23IP,OSER1,1,1
SEC23IP,PANK3,1,1
SEC23IP,PDLIM5,1,1
SEC23IP,PKN2,1,1
SEC23IP,PLAGL2,1,1
SEC23IP,PRRG4,1,1
SEC23IP,RABGGTB,1,1
SEC23IP,RBBP9,1,1
SEC23IP,RICTOR,1,1
SEC23IP,RPF1,1,1
SEC23IP,ST3GAL4,1,1
SEC23IP,TFDP1,1,1
SEC23IP,TIFA,1,1
SEC23IP,TRIM44,1,1
SEC23IP,TTC1,1,1
SEC23IP,TYW3,1,1
SEC23IP,UBA6,1,1
SEC23IP,VSIG10L,1,1
SEC23IP,ZNF544,1,1
SEC23IP,ZNF652,1,1
SEC23IP,ZNF696,1,1
TSPAN31,EML2,1,1
TSPAN31,HNRNPM,1,1
TSPAN31,PTBP1,1,1
TSPAN31,UTP15,1,1
DYSF,ATP6AP1,1,1
DYSF,BVES,1,1
DYSF,MRPL47,1,1
DYSF,PSMD4,1,1
DYSF,SERINC1,1,1
DYSF,ZHX3,1,1
ST3GAL6,ACD,1,1
ST3GAL6,ACOX1,1,1
ST3GAL6,AHI1,1,1
ST3GAL6,ANKRD33B,1,1
ST3GAL6,ANXA1,1,1
ST3GAL6,ANXA3,1,1
ST3GAL6,ARF4,1,1
ST3GAL6,ATP6AP1,1,1
ST3GAL6,BCL2A1,1,1
ST3GAL6,BMI1,1,1
ST3GAL6,BTF3L4,1,1
ST3GAL6,CAAP1,1,1
ST3GAL6,CCDC109B,1,1
ST3GAL6,CCT5,1,1
ST3GAL6,CDC73,1,1
ST3GAL6,CDH2,1,1
ST3GAL6,CDK4,1,1
ST3GAL6,CFL2,1,1
ST3GAL6,CKLF,1,1
ST3GAL6,CKS1B,1,1
ST3GAL6,CMPK1,1,1
ST3GAL6,CPT1A,1,1
ST3GAL6,CSNK2B,1,1
ST3GAL6,DPM1,1,1
ST3GAL6,EIF6,1,1
ST3GAL6,FAM199X,1,1
ST3GAL6,FAM60A,1,1
ST3GAL6,FBXL6,1,1
ST3GAL6,FSD1,1,1
ST3GAL6,GABRA5,1,1
ST3GAL6,GADD45A,1,1
ST3GAL6,GART,1,1
ST3GAL6,GNE,1,1
ST3GAL6,GOLPH3L,1,1
ST3GAL6,GPAT3,1,1
ST3GAL6,GPBP1L1,1,1
ST3GAL6,GRASP,1,1
ST3GAL6,GRHPR,1,1
ST3GAL6,HTR7,1,1
ST3GAL6,IFI44,1,1
ST3GAL6,KIAA1429,1,1
ST3GAL6,KMT5A,1,1
ST3GAL6,KRT18,1,1
ST3GAL6,LARS,1,1
ST3GAL6,LIN7C,1,1
ST3GAL6,LINC01296,1,1
ST3GAL6,LPGAT1,1,1
ST3GAL6,MIER1,1,1
ST3GAL6,MIPEP,1,1
ST3GAL6,MMP24-AS1,1,1
ST3GAL6,MRPL33,1,1
ST3GAL6,MRPS14,1,1
ST3GAL6,MYOF,1,1
ST3GAL6,MYSM1,1,1
ST3GAL6,NDFIP2,1,1
ST3GAL6,NDUFA1,1,1
ST3GAL6,NELFE,1,1
ST3GAL6,NPM3,1,1
ST3GAL6,NTHL1,1,1
ST3GAL6,NUDCD1,1,1
ST3GAL6,NXT1,1,1
ST3GAL6,OSBPL11,1,1
ST3GAL6,PDE12,1,1
ST3GAL6,PDF,1,1
ST3GAL6,PFDN2,1,1
ST3GAL6,PFN1,1,1
ST3GAL6,PHIP,1,1
ST3GAL6,PLS1,1,1
ST3GAL6,PPM1G,1,1
ST3GAL6,PPP2CA,1,1
ST3GAL6,PRKCDBP,1,1
ST3GAL6,PRKCI,1,1
ST3GAL6,PSMC4,1,1
ST3GAL6,PUS7L,1,1
ST3GAL6,RARS,1,1
ST3GAL6,RNASEK,1,1
ST3GAL6,RNF13,1,1
ST3GAL6,RNF168,1,1
ST3GAL6,RP11-529K1.3,1,1
ST3GAL6,RPL6,1,1
ST3GAL6,RPS21,1,1
ST3GAL6,RPS26,1,1
ST3GAL6,RRAS2,1,1
ST3GAL6,RRP12,1,1
ST3GAL6,RUVBL2,1,1
ST3GAL6,SCHIP1,1,1
ST3GAL6,SCPEP1,1,1
ST3GAL6,SERBP1,1,1
ST3GAL6,SLC11A2,1,1
ST3GAL6,SLC25A43,1,1
ST3GAL6,SLC2A4RG,1,1
ST3GAL6,SLC39A1,1,1
ST3GAL6,SLC9A6,1,1
ST3GAL6,SMARCD1,1,1
ST3GAL6,SMIM13,1,1
ST3GAL6,SNRPE,1,1
ST3GAL6,SRP72,1,1
ST3GAL6,TATDN1,1,1
ST3GAL6,TIMM17B,1,1
ST3GAL6,TMEM123,1,1
ST3GAL6,TMEM14B,1,1
ST3GAL6,TRIM62,1,1
ST3GAL6,TRIP13,1,1
ST3GAL6,TSSC4,1,1
ST3GAL6,TTC28,1,1
ST3GAL6,UBE2J2,1,1
ST3GAL6,UCHL5,1,1
ST3GAL6,UGT8,1,1
ST3GAL6,UHMK1,1,1
ST3GAL6,WDR46,1,1
ST3GAL6,WWC1,1,1
ST3GAL6,ZNF281,1,1
ST3GAL6,ZNF473,1,1
ST3GAL6,ZNF655,1,1
ST3GAL6,ZRANB2,1,1
NUP58,BCCIP,1,1
NUP58,BMI1,1,1
NUP58,BNIP1,1,1
NUP58,C14ORF142,1,1
NUP58,C19ORF47,1,1
NUP58,C5ORF42,1,1
NUP58,CDC123,1,1
NUP58,CDK4,1,1
NUP58,CEP250,1,1
NUP58,CEP55,1,1
NUP58,CKS1B,1,1
NUP58,COQ5,1,1
NUP58,CRLF3,1,1
NUP58,CTNNAL1,1,1
NUP58,CWC22,1,1
NUP58,CYB5B,1,1
NUP58,DCAF13,1,1
NUP58,DDX18,1,1
NUP58,DDX31,1,1
NUP58,DDX39B,1,1
NUP58,DEK,1,1
NUP58,DNA2,1,1
NUP58,DPM1,1,1
NUP58,EIF4E,1,1
NUP58,EIF4E2,1,1
NUP58,EIF6,1,1
NUP58,ENY2,1,1
NUP58,ERCC3,1,1
NUP58,GPATCH11,1,1
NUP58,GRHPR,1,1
NUP58,HARS,1,1
NUP58,HAUS2,1,1
NUP58,HERPUD2,1,1
NUP58,HEXIM2,1,1
NUP58,HNRNPA1P48,1,1
NUP58,HRAS,1,1
NUP58,KHDRBS1,1,1
NUP58,KIAA1429,1,1
NUP58,KIF11,1,1
NUP58,KMT5A,1,1
NUP58,KPNA3,1,1
NUP58,KTI12,1,1
NUP58,LRRC40,1,1
NUP58,MED10,1,1
NUP58,MOCS3,1,1
NUP58,MRPL22,1,1
NUP58,MRPS10,1,1
NUP58,MRPS26,1,1
NUP58,MRPS27,1,1
NUP58,MSH2,1,1
NUP58,MTF2,1,1
NUP58,MZT1,1,1
NUP58,NAA15,1,1
NUP58,NANP,1,1
NUP58,NOLC1,1,1
NUP58,NPEPPS,1,1
NUP58,NUDCD1,1,1
NUP58,NUP107,1,1
NUP58,NXT1,1,1
NUP58,ORC2,1,1
NUP58,OSBPL11,1,1
NUP58,PCLO,1,1
NUP58,PCYOX1L,1,1
NUP58,PDLIM5,1,1
NUP58,PDRG1,1,1
NUP58,PDSS1,1,1
NUP58,PGGT1B,1,1
NUP58,PLAGL2,1,1
NUP58,POMP,1,1
NUP58,PPM1G,1,1
NUP58,PPP2CA,1,1
NUP58,PPRC1,1,1
NUP58,PRELID1,1,1
NUP58,RARS,1,1
NUP58,RBM12,1,1
NUP58,RP11-529K1.3,1,1
NUP58,RPF1,1,1
NUP58,RPP30,1,1
NUP58,RRP36,1,1
NUP58,SAPCD2,1,1
NUP58,SART3,1,1
NUP58,SKA3,1,1
NUP58,SLC35D1,1,1
NUP58,SMIM13,1,1
NUP58,SNRPC,1,1
NUP58,SPRYD7,1,1
NUP58,SRP72,1,1
NUP58,SRPK1,1,1
NUP58,ST3GAL4,1,1
NUP58,STAMBPL1,1,1
NUP58,SUPV3L1,1,1
NUP58,SVIP,1,1
NUP58,TAF2,1,1
NUP58,TFAM,1,1
NUP58,TMEM14B,1,1
NUP58,TPM3,1,1
NUP58,TPRKB,1,1
NUP58,TRPM2,1,1
NUP58,TRUB1,1,1
NUP58,TSSC4,1,1
NUP58,TXN,1,1
NUP58,UBA6,1,1
NUP58,UBE2J2,1,1
NUP58,UBE3A,1,1
NUP58,UCHL5,1,1
NUP58,UHRF1BP1L,1,1
NUP58,USP1,1,1
NUP58,WDR46,1,1
NUP58,WWC1,1,1
NUP58,XRN2,1,1
NUP58,ZBTB37,1,1
NUP58,ZNF473,1,1
NUP58,ZW10,1,1
SSRP1,ACD,1,1
SSRP1,AHI1,1,1
SSRP1,ANP32E,1,1
SSRP1,C12ORF29,1,1
SSRP1,CAPRIN1,1,1
SSRP1,CCT5,1,1
SSRP1,CDC123,1,1
SSRP1,CDH2,1,1
SSRP1,CDK7,1,1
SSRP1,CFL2,1,1
SSRP1,CNOT7,1,1
SSRP1,CNPY3,1,1
SSRP1,COPS5,1,1
SSRP1,CRIM1,1,1
SSRP1,CSTF2,1,1
SSRP1,CTDSPL2,1,1
SSRP1,DAZAP1,1,1
SSRP1,DDX21,1,1
SSRP1,DHRS7B,1,1
SSRP1,DHX35,1,1
SSRP1,DNA2,1,1
SSRP1,DPY19L2P1,1,1
SSRP1,EID2,1,1
SSRP1,EIF3M,1,1
SSRP1,ERI1,1,1
SSRP1,FBXL6,1,1
SSRP1,FBXO45,1,1
SSRP1,FEM1A,1,1
SSRP1,FTSJ1,1,1
SSRP1,FTSJ3,1,1
SSRP1,GABRA5,1,1
SSRP1,GART,1,1
SSRP1,GATA3,1,1
SSRP1,GCH1,1,1
SSRP1,GINS3,1,1
SSRP1,GLRX2,1,1
SSRP1,GTF3C4,1,1
SSRP1,HNRNPC,1,1
SSRP1,HS1BP3,1,1
SSRP1,IGF2BP1,1,1
SSRP1,ILF2,1,1
SSRP1,KARS,1,1
SSRP1,KIAA0319L,1,1
SSRP1,KIAA0586,1,1
SSRP1,KIAA1586,1,1
SSRP1,KRT18,1,1
SSRP1,LBR,1,1
SSRP1,LIN7C,1,1
SSRP1,LLPH,1,1
SSRP1,LMNB1,1,1
SSRP1,MAGOH,1,1
SSRP1,MAK16,1,1
SSRP1,MAP4K5,1,1
SSRP1,MAPK1IP1L,1,1
SSRP1,MCM10,1,1
SSRP1,MCM2,1,1
SSRP1,MCRS1,1,1
SSRP1,MED10,1,1
SSRP1,MEGF8,1,1
SSRP1,MIS18A,1,1
SSRP1,MMP24-AS1,1,1
SSRP1,MRPL21,1,1
SSRP1,MRPL39,1,1
SSRP1,MT1X,1,1
SSRP1,MYBL2,1,1
SSRP1,MYNN,1,1
SSRP1,NASP,1,1
SSRP1,NEK7,1,1
SSRP1,NIPAL1,1,1
SSRP1,NKX3-1,1,1
SSRP1,NUFIP1,1,1
SSRP1,NUP107,1,1
SSRP1,PAK1IP1,1,1
SSRP1,PCGF6,1,1
SSRP1,PDE12,1,1
SSRP1,PFDN2,1,1
SSRP1,PLAUR,1,1
SSRP1,PMM1,1,1
SSRP1,PMPCA,1,1
SSRP1,POLR3C,1,1
SSRP1,PPM1G,1,1
SSRP1,PRPF38A,1,1
SSRP1,PRPF4,1,1
SSRP1,PSMA3,1,1
SSRP1,PSMC3,1,1
SSRP1,PSMC3IP,1,1
SSRP1,PSMC6,1,1
SSRP1,PSMD2,1,1
SSRP1,PTPRB,1,1
SSRP1,PUS7L,1,1
SSRP1,QSER1,1,1
SSRP1,RARS,1,1
SSRP1,RIOK1,1,1
SSRP1,RNF168,1,1
SSRP1,RP11-424C20.2,1,1
SSRP1,RRP12,1,1
SSRP1,RRS1,1,1
SSRP1,RUVBL2,1,1
SSRP1,SACS,1,1
SSRP1,SAPCD2,1,1
SSRP1,SERBP1,1,1
SSRP1,SLC11A2,1,1
SSRP1,SLC25A43,1,1
SSRP1,SMNDC1,1,1
SSRP1,SNAPC1,1,1
SSRP1,SNRNP48,1,1
SSRP1,SNRPE,1,1
SSRP1,SPIN4,1,1
SSRP1,SREK1IP1,1,1
SSRP1,SRP72,1,1
SSRP1,SRPK1,1,1
SSRP1,STIP1,1,1
SSRP1,TIMM10,1,1
SSRP1,TIMM17A,1,1
SSRP1,TIMM8A,1,1
SSRP1,TMA16,1,1
SSRP1,TRIP13,1,1
SSRP1,TRMT10C,1,1
SSRP1,TUBB4B,1,1
SSRP1,UBE2N,1,1
SSRP1,UGT8,1,1
SSRP1,UHRF1,1,1
SSRP1,USP1,1,1
SSRP1,UTP23,1,1
SSRP1,UTP4,1,1
SSRP1,VEZT,1,1
SSRP1,VRK1,1,1
SSRP1,WDR74,1,1
SSRP1,WRN,1,1
SSRP1,XK,1,1
SSRP1,ZIC2,1,1
SSRP1,ZNF281,1,1
SSRP1,ZNF695,1,1
MRPL21,ABCA5,1,1
MRPL21,ACSL4,1,1
MRPL21,ANXA1,1,1
MRPL21,ARHGAP31,1,1
MRPL21,BTF3L4,1,1
MRPL21,C16ORF91,1,1
MRPL21,CCT5,1,1
MRPL21,CD63,1,1
MRPL21,CDH2,1,1
MRPL21,CDK7,1,1
MRPL21,CFL2,1,1
MRPL21,CMPK1,1,1
MRPL21,CNPY3,1,1
MRPL21,COPS5,1,1
MRPL21,CRIM1,1,1
MRPL21,CTDSPL2,1,1
MRPL21,DHX35,1,1
MRPL21,DLC1,1,1
MRPL21,EID2,1,1
MRPL21,EIF3M,1,1
MRPL21,ENOSF1,1,1
MRPL21,ERBB3,1,1
MRPL21,FARSA,1,1
MRPL21,FCHSD2,1,1
MRPL21,FKBP3,1,1
MRPL21,FSD1,1,1
MRPL21,FTSJ1,1,1
MRPL21,FTSJ3,1,1
MRPL21,GABRA5,1,1
MRPL21,GCH1,1,1
MRPL21,GNE,1,1
MRPL21,IGF2BP1,1,1
MRPL21,ILF2,1,1
MRPL21,ISY1,1,1
MRPL21,KARS,1,1
MRPL21,KIAA0319L,1,1
MRPL21,KIAA0586,1,1
MRPL21,KIF3A,1,1
MRPL21,KRT18,1,1
MRPL21,LARGE1,1,1
MRPL21,LIN7C,1,1
MRPL21,MAN2A2,1,1
MRPL21,MAP4K5,1,1
MRPL21,MAPK1IP1L,1,1
MRPL21,MICALL1,1,1
MRPL21,MNAT1,1,1
MRPL21,MT1X,1,1
MRPL21,MYNN,1,1
MRPL21,NCBP2-AS2,1,1
MRPL21,NIPAL1,1,1
MRPL21,NKX3-1,1,1
MRPL21,PFDN2,1,1
MRPL21,PLAUR,1,1
MRPL21,PLEKHH1,1,1
MRPL21,PPCS,1,1
MRPL21,PRPF38A,1,1
MRPL21,PRPF4,1,1
MRPL21,PSMB5,1,1
MRPL21,PSMC3,1,1
MRPL21,PSMC6,1,1
MRPL21,PTPRB,1,1
MRPL21,RIN1,1,1
MRPL21,RNF13,1,1
MRPL21,RPS26,1,1
MRPL21,RPS2P5,1,1
MRPL21,RTP4,1,1
MRPL21,RUVBL2,1,1
MRPL21,SEPT9,1,1
MRPL21,SERBP1,1,1
MRPL21,SLC11A2,1,1
MRPL21,SLC2A4RG,1,1
MRPL21,SMN1,1,1
MRPL21,SPIN4,1,1
MRPL21,TIMM17A,1,1
MRPL21,TTC39C,1,1
MRPL21,UGT8,1,1
MRPL21,UTP4,1,1
MRPL21,VEZT,1,1
MRPL21,WDR74,1,1
MRPL21,XK,1,1
MRPL21,ZNF462,1,1
MRPL21,ZNF678,1,1
ALDH1A3,AC093616.4,1,1
ALDH1A3,ANKRD33B,1,1
ALDH1A3,ANXA3,1,1
ALDH1A3,AP3S1,1,1
ALDH1A3,ARFIP2,1,1
ALDH1A3,ATG12,1,1
ALDH1A3,BMI1,1,1
ALDH1A3,C14ORF142,1,1
ALDH1A3,CCDC109B,1,1
ALDH1A3,CEP120,1,1
ALDH1A3,CEP250,1,1
ALDH1A3,CNTROB,1,1
ALDH1A3,CRNKL1,1,1
ALDH1A3,DBI,1,1
ALDH1A3,DCAF6,1,1
ALDH1A3,DPM1,1,1
ALDH1A3,EEF1B2,1,1
ALDH1A3,FAM178B,1,1
ALDH1A3,GPAT3,1,1
ALDH1A3,GRASP,1,1
ALDH1A3,GRHPR,1,1
ALDH1A3,HARS2,1,1
ALDH1A3,LARS,1,1
ALDH1A3,LINC00493,1,1
ALDH1A3,LRRC40,1,1
ALDH1A3,MED29,1,1
ALDH1A3,METTL10,1,1
ALDH1A3,MIER1,1,1
ALDH1A3,MRPL33,1,1
ALDH1A3,MRPS10,1,1
ALDH1A3,MRPS14,1,1
ALDH1A3,MRPS16,1,1
ALDH1A3,MRPS26,1,1
ALDH1A3,MYOF,1,1
ALDH1A3,NDUFA1,1,1
ALDH1A3,NELFE,1,1
ALDH1A3,NHSL1,1,1
ALDH1A3,NTHL1,1,1
ALDH1A3,NXT1,1,1
ALDH1A3,PANK3,1,1
ALDH1A3,PLEKHG4,1,1
ALDH1A3,PLS3,1,1
ALDH1A3,PRRG4,1,1
ALDH1A3,RAB4A,1,1
ALDH1A3,RAB7A,1,1
ALDH1A3,RBBP9,1,1
ALDH1A3,RICTOR,1,1
ALDH1A3,RNF113A,1,1
ALDH1A3,RPF1,1,1
ALDH1A3,RPL6,1,1
ALDH1A3,RPS21,1,1
ALDH1A3,RRAS2,1,1
ALDH1A3,SF3B6,1,1
ALDH1A3,SOCS4,1,1
ALDH1A3,ST3GAL4,1,1
ALDH1A3,TMEM41B,1,1
ALDH1A3,TMSB4X,1,1
ALDH1A3,TMTC4,1,1
ALDH1A3,TRIM44,1,1
ALDH1A3,TRMT13,1,1
ALDH1A3,TSSC4,1,1
ALDH1A3,UBA6,1,1
ALDH1A3,URGCP,1,1
ALDH1A3,USP28,1,1
ALDH1A3,WDR46,1,1
ALDH1A3,ZNF365,1,1
ALDH1A3,ZNF696,1,1
ALDH1A3,ZRANB2,1,1
DLC1,MYNN,1,1
DLC1,NIPAL1,1,1
MCRS1,ABHD5,1,1
MCRS1,ACD,1,1
MCRS1,AHI1,1,1
MCRS1,BRD4,1,1
MCRS1,CCT5,1,1
MCRS1,CDC123,1,1
MCRS1,CDCA5,1,1
MCRS1,CDK7,1,1
MCRS1,CSNK2B,1,1
MCRS1,CSTF2,1,1
MCRS1,DDX21,1,1
MCRS1,DDX31,1,1
MCRS1,DHX35,1,1
MCRS1,DNA2,1,1
MCRS1,EID2,1,1
MCRS1,EIF3M,1,1
MCRS1,EIF4E2,1,1
MCRS1,EIF6,1,1
MCRS1,ERI1,1,1
MCRS1,FBXL6,1,1
MCRS1,FBXO45,1,1
MCRS1,FEM1A,1,1
MCRS1,FTSJ1,1,1
MCRS1,FTSJ3,1,1
MCRS1,GABRA5,1,1
MCRS1,GART,1,1
MCRS1,GCH1,1,1
MCRS1,GINS3,1,1
MCRS1,GTF3C4,1,1
MCRS1,HARS,1,1
MCRS1,ILF2,1,1
MCRS1,KARS,1,1
MCRS1,KMT5A,1,1
MCRS1,KRT18,1,1
MCRS1,MAGOH,1,1
MCRS1,MCM10,1,1
MCRS1,MCM2,1,1
MCRS1,MED10,1,1
MCRS1,MMP24-AS1,1,1
MCRS1,MRPL39,1,1
MCRS1,MT1X,1,1
MCRS1,MYBL2,1,1
MCRS1,NAA15,1,1
MCRS1,NPM3,1,1
MCRS1,NUFIP1,1,1
MCRS1,NUP107,1,1
MCRS1,NUP188,1,1
MCRS1,PAK1IP1,1,1
MCRS1,PDE12,1,1
MCRS1,PDF,1,1
MCRS1,PFDN2,1,1
MCRS1,PMPCA,1,1
MCRS1,PPM1G,1,1
MCRS1,PPWD1,1,1
MCRS1,PRPF38A,1,1
MCRS1,PRPF4,1,1
MCRS1,PSMC3,1,1
MCRS1,PSMC3IP,1,1
MCRS1,PSMC6,1,1
MCRS1,PSMD2,1,1
MCRS1,RAD1,1,1
MCRS1,RARS,1,1
MCRS1,RIOK1,1,1
MCRS1,RP11-424C20.2,1,1
MCRS1,RRP12,1,1
MCRS1,RRS1,1,1
MCRS1,SAPCD2,1,1
MCRS1,SERBP1,1,1
MCRS1,SMNDC1,1,1
MCRS1,SNRPE,1,1
MCRS1,SPIN4,1,1
MCRS1,SREK1IP1,1,1
MCRS1,SRP72,1,1
MCRS1,SRPK1,1,1
MCRS1,TAF5,1,1
MCRS1,TEX10,1,1
MCRS1,TIMM17A,1,1
MCRS1,TIMM23,1,1
MCRS1,TMA16,1,1
MCRS1,TMEM14B,1,1
MCRS1,TRIP13,1,1
MCRS1,TSSC4,1,1
MCRS1,TUBB4B,1,1
MCRS1,UBE2N,1,1
MCRS1,UHRF1,1,1
MCRS1,UTP23,1,1
MCRS1,UTP4,1,1
MCRS1,WDR74,1,1
MCRS1,ZNF473,1,1
C14ORF80,AHCTF1,1,1
C14ORF80,BUB1B,1,1
C14ORF80,BVES,1,1
C14ORF80,CBFB,1,1
C14ORF80,CBY1,1,1
C14ORF80,CCDC112,1,1
C14ORF80,CCT2,1,1
C14ORF80,CPSF6,1,1
C14ORF80,DAZAP1,1,1
C14ORF80,DIMT1,1,1
C14ORF80,DPF1,1,1
C14ORF80,DPY19L2P1,1,1
C14ORF80,ELAVL1,1,1
C14ORF80,FASTKD3,1,1
C14ORF80,FBXL4,1,1
C14ORF80,GHDC,1,1
C14ORF80,H3F3B,1,1
C14ORF80,HNRNPL,1,1
C14ORF80,IPO4,1,1
C14ORF80,IRAK1,1,1
C14ORF80,KIAA1524,1,1
C14ORF80,L2HGDH,1,1
C14ORF80,MEGF8,1,1
C14ORF80,MRPL47,1,1
C14ORF80,NRGN,1,1
C14ORF80,PGAM5,1,1
C14ORF80,POLR3E,1,1
C14ORF80,PPP5C,1,1
C14ORF80,PRPS1,1,1
C14ORF80,PSMA3,1,1
C14ORF80,PSMC5,1,1
C14ORF80,PSME4,1,1
C14ORF80,RAD51AP1,1,1
C14ORF80,RELT,1,1
C14ORF80,RFWD3,1,1
C14ORF80,SNRPF,1,1
C14ORF80,TBPL1,1,1
C14ORF80,TEAD4,1,1
C14ORF80,TERF1,1,1
C14ORF80,TIMM8A,1,1
C14ORF80,TMEM126A,1,1
C14ORF80,TTC23,1,1
C14ORF80,USP10,1,1
C14ORF80,VBP1,1,1
C14ORF80,XRCC3,1,1
C14ORF80,ZIC2,1,1
C14ORF80,ZNF639,1,1
C14ORF80,ZNF695,1,1
HCFC1,ABCE1,1,1
HCFC1,ABCF1,1,1
HCFC1,AKAP8,1,1
HCFC1,ARF5,1,1
HCFC1,BZW1,1,1
HCFC1,CEBPZ,1,1
HCFC1,CPSF6,1,1
HCFC1,DDX18,1,1
HCFC1,DIAPH1,1,1
HCFC1,DIMT1,1,1
HCFC1,ERVK3-1,1,1
HCFC1,FAM234A,1,1
HCFC1,GLRX2,1,1
HCFC1,GRWD1,1,1
HCFC1,GTF3C4,1,1
HCFC1,HNRNPU,1,1
HCFC1,IPO11,1,1
HCFC1,KIAA0101,1,1
HCFC1,KIAA1586,1,1
HCFC1,LARP4,1,1
HCFC1,LMNB1,1,1
HCFC1,NAA15,1,1
HCFC1,NOLC1,1,1
HCFC1,PAK1IP1,1,1
HCFC1,PCGF6,1,1
HCFC1,POLE3,1,1
HCFC1,POLR3C,1,1
HCFC1,PPP2CA,1,1
HCFC1,PTS,1,1
HCFC1,RAB35,1,1
HCFC1,RBM12,1,1
HCFC1,RELT,1,1
HCFC1,RNF126,1,1
HCFC1,RNF138,1,1
HCFC1,RRP36,1,1
HCFC1,SACS,1,1
HCFC1,SRSF3,1,1
HCFC1,SYNCRIP,1,1
HCFC1,TFB2M,1,1
HCFC1,TRMT61A,1,1
HCFC1,UHRF1BP1L,1,1
HCFC1,USP1,1,1
HCFC1,UTP23,1,1
HCFC1,ZDHHC4,1,1
HCFC1,ZIC2,1,1
HCFC1,ZW10,1,1
C14ORF142,ABT1,1,1
C14ORF142,ANXA3,1,1
C14ORF142,AP1M1,1,1
C14ORF142,AP3S1,1,1
C14ORF142,ARFIP2,1,1
C14ORF142,ATG12,1,1
C14ORF142,C19ORF47,1,1
C14ORF142,C5ORF42,1,1
C14ORF142,CCDC109B,1,1
C14ORF142,CDC123,1,1
C14ORF142,CDK4,1,1
C14ORF142,CEP250,1,1
C14ORF142,CHUK,1,1
C14ORF142,COA3,1,1
C14ORF142,CRNKL1,1,1
C14ORF142,CTNNAL1,1,1
C14ORF142,CYB5B,1,1
C14ORF142,DCAF6,1,1
C14ORF142,DDX39B,1,1
C14ORF142,DHX16,1,1
C14ORF142,DPM1,1,1
C14ORF142,EEF1B2,1,1
C14ORF142,EIF4E,1,1
C14ORF142,ENY2,1,1
C14ORF142,ERCC3,1,1
C14ORF142,ERLIN1,1,1
C14ORF142,EXOSC8,1,1
C14ORF142,FAM178B,1,1
C14ORF142,GPAT3,1,1
C14ORF142,GRASP,1,1
C14ORF142,GRHPR,1,1
C14ORF142,HARS,1,1
C14ORF142,HARS2,1,1
C14ORF142,HAUS2,1,1
C14ORF142,HERPUD2,1,1
C14ORF142,HEXIM2,1,1
C14ORF142,HRAS,1,1
C14ORF142,ITPA,1,1
C14ORF142,KMT5A,1,1
C14ORF142,KPNA3,1,1
C14ORF142,KTI12,1,1
C14ORF142,LRRC40,1,1
C14ORF142,MED29,1,1
C14ORF142,METTL10,1,1
C14ORF142,MIS12,1,1
C14ORF142,MOCS3,1,1
C14ORF142,MRPL33,1,1
C14ORF142,MRPS10,1,1
C14ORF142,MRPS14,1,1
C14ORF142,MRPS16,1,1
C14ORF142,MRPS26,1,1
C14ORF142,MRPS27,1,1
C14ORF142,MYOF,1,1
C14ORF142,NANP,1,1
C14ORF142,NDUFA1,1,1
C14ORF142,NHSL1,1,1
C14ORF142,NPEPPS,1,1
C14ORF142,NPM3,1,1
C14ORF142,NR2F2,1,1
C14ORF142,NRM,1,1
C14ORF142,NUDCD1,1,1
C14ORF142,NXT1,1,1
C14ORF142,OSBPL11,1,1
C14ORF142,PDF,1,1
C14ORF142,PKN2,1,1
C14ORF142,PLAGL2,1,1
C14ORF142,PRRG4,1,1
C14ORF142,RAB4A,1,1
C14ORF142,RAB7A,1,1
C14ORF142,RABGGTB,1,1
C14ORF142,RBBP9,1,1
C14ORF142,RBMXL1,1,1
C14ORF142,RICTOR,1,1
C14ORF142,RNF113A,1,1
C14ORF142,RPF1,1,1
C14ORF142,SF3B6,1,1
C14ORF142,SLC35D1,1,1
C14ORF142,ST3GAL4,1,1
C14ORF142,SUPV3L1,1,1
C14ORF142,TFAM,1,1
C14ORF142,TFDP1,1,1
C14ORF142,TMEM14B,1,1
C14ORF142,TMSB4X,1,1
C14ORF142,TRMT13,1,1
C14ORF142,TRPM2,1,1
C14ORF142,TSSC4,1,1
C14ORF142,TTC1,1,1
C14ORF142,TXN,1,1
C14ORF142,TYW3,1,1
C14ORF142,UBA6,1,1
C14ORF142,UBE2J2,1,1
C14ORF142,UBL4A,1,1
C14ORF142,VSIG10L,1,1
C14ORF142,WDR46,1,1
C14ORF142,XRN2,1,1
C14ORF142,ZNF232,1,1
C14ORF142,ZNF544,1,1
C14ORF142,ZNF652,1,1
C14ORF142,ZNF696,1,1
C14ORF142,ZRANB2,1,1
CTDSPL2,ACSL4,1,1
CTDSPL2,AHI1,1,1
CTDSPL2,ANP32E,1,1
CTDSPL2,C12ORF29,1,1
CTDSPL2,CAAP1,1,1
CTDSPL2,CAPRIN1,1,1
CTDSPL2,CCT5,1,1
CTDSPL2,CDC73,1,1
CTDSPL2,CDH2,1,1
CTDSPL2,CDK7,1,1
CTDSPL2,CFL2,1,1
CTDSPL2,CMPK1,1,1
CTDSPL2,CNOT7,1,1
CTDSPL2,CNPY3,1,1
CTDSPL2,COPS5,1,1
CTDSPL2,CRIM1,1,1
CTDSPL2,CSTF2,1,1
CTDSPL2,CWC27,1,1
CTDSPL2,DAZAP1,1,1
CTDSPL2,DDX21,1,1
CTDSPL2,DHRS7B,1,1
CTDSPL2,DHX35,1,1
CTDSPL2,EID2,1,1
CTDSPL2,EIF3M,1,1
CTDSPL2,ERI1,1,1
CTDSPL2,FBXO45,1,1
CTDSPL2,FKBP3,1,1
CTDSPL2,FTSJ1,1,1
CTDSPL2,FTSJ3,1,1
CTDSPL2,GABRA5,1,1
CTDSPL2,GART,1,1
CTDSPL2,GATA3,1,1
CTDSPL2,GCH1,1,1
CTDSPL2,GHDC,1,1
CTDSPL2,GINS3,1,1
CTDSPL2,GLRX2,1,1
CTDSPL2,GMFB,1,1
CTDSPL2,HS1BP3,1,1
CTDSPL2,IGF2BP1,1,1
CTDSPL2,ILF2,1,1
CTDSPL2,KARS,1,1
CTDSPL2,KIAA0319L,1,1
CTDSPL2,KIAA0586,1,1
CTDSPL2,KIAA1586,1,1
CTDSPL2,KRT18,1,1
CTDSPL2,LBR,1,1
CTDSPL2,LIN7C,1,1
CTDSPL2,LLPH,1,1
CTDSPL2,MAK16,1,1
CTDSPL2,MAP4K5,1,1
CTDSPL2,MAPK1IP1L,1,1
CTDSPL2,MCM2,1,1
CTDSPL2,MMP24-AS1,1,1
CTDSPL2,MRPL39,1,1
CTDSPL2,MT1X,1,1
CTDSPL2,MYNN,1,1
CTDSPL2,NEK7,1,1
CTDSPL2,NIPAL1,1,1
CTDSPL2,NKX3-1,1,1
CTDSPL2,PAK1IP1,1,1
CTDSPL2,PCGF6,1,1
CTDSPL2,PDE12,1,1
CTDSPL2,PFDN2,1,1
CTDSPL2,PLAUR,1,1
CTDSPL2,PMM1,1,1
CTDSPL2,PPM1G,1,1
CTDSPL2,PRPF38A,1,1
CTDSPL2,PRPF4,1,1
CTDSPL2,PSMA3,1,1
CTDSPL2,PSMC3,1,1
CTDSPL2,PSMC6,1,1
CTDSPL2,PSMD2,1,1
CTDSPL2,PTPRB,1,1
CTDSPL2,PUS7L,1,1
CTDSPL2,QSER1,1,1
CTDSPL2,RAB4B,1,1
CTDSPL2,RIOK1,1,1
CTDSPL2,RLIM,1,1
CTDSPL2,RNF168,1,1
CTDSPL2,RRP12,1,1
CTDSPL2,RRS1,1,1
CTDSPL2,RUVBL2,1,1
CTDSPL2,SACS,1,1
CTDSPL2,SERBP1,1,1
CTDSPL2,SMN1,1,1
CTDSPL2,SNAPC1,1,1
CTDSPL2,SNRNP48,1,1
CTDSPL2,SNRPE,1,1
CTDSPL2,SOX10,1,1
CTDSPL2,SPIN4,1,1
CTDSPL2,SREK1IP1,1,1
CTDSPL2,SRP72,1,1
CTDSPL2,SRPK1,1,1
CTDSPL2,STIP1,1,1
CTDSPL2,TIMM10,1,1
CTDSPL2,TIMM17A,1,1
CTDSPL2,TIMM8A,1,1
CTDSPL2,TMA16,1,1
CTDSPL2,TMCO1,1,1
CTDSPL2,TRIP13,1,1
CTDSPL2,TRMT10C,1,1
CTDSPL2,TROVE2,1,1
CTDSPL2,UBE2N,1,1
CTDSPL2,UGT8,1,1
CTDSPL2,UTP23,1,1
CTDSPL2,UTP4,1,1
CTDSPL2,VEZT,1,1
CTDSPL2,WDR74,1,1
CTDSPL2,WRN,1,1
CTDSPL2,XK,1,1
CTDSPL2,ZIC2,1,1
CTDSPL2,ZNF281,1,1
CTDSPL2,ZNF462,1,1
NOTCH2NL,PATJ,1,1
NOTCH2NL,ZNF746,1,1
COA3,ABT1,1,1
COA3,ANXA3,1,1
COA3,ATG12,1,1
COA3,C4ORF46,1,1
COA3,CCDC109B,1,1
COA3,CCNJL,1,1
COA3,CEP250,1,1
COA3,CHUK,1,1
COA3,CRNKL1,1,1
COA3,CTNNAL1,1,1
COA3,DBI,1,1
COA3,DCAF6,1,1
COA3,DDX39B,1,1
COA3,DHX16,1,1
COA3,DR1,1,1
COA3,ECD,1,1
COA3,EEF1B2,1,1
COA3,ERCC3,1,1
COA3,EXOSC8,1,1
COA3,FAM3A,1,1
COA3,HAUS2,1,1
COA3,HMGN1,1,1
COA3,KPNA3,1,1
COA3,MED29,1,1
COA3,MIS12,1,1
COA3,MRPL1,1,1
COA3,MRPS16,1,1
COA3,NHSL1,1,1
COA3,NR2F2,1,1
COA3,NSMCE4A,1,1
COA3,PANK3,1,1
COA3,PLAGL2,1,1
COA3,RAB4A,1,1
COA3,RABGGTB,1,1
COA3,RBBP9,1,1
COA3,RBMXL1,1,1
COA3,RICTOR,1,1
COA3,RPF1,1,1
COA3,SOCS4,1,1
COA3,SPRYD7,1,1
COA3,SUGT1,1,1
COA3,TFDP1,1,1
COA3,TIMM23,1,1
COA3,TRMT13,1,1
COA3,TYW3,1,1
COA3,UBA6,1,1
COA3,ZNF232,1,1
COA3,ZNF544,1,1
COA3,ZNF696,1,1
SMARCD2,ARFIP2,1,1
SMARCD2,ENOX2,1,1
SMARCD2,FAM178B,1,1
SMARCD2,G6PC3,1,1
SMARCD2,KHK,1,1
SMARCD2,PKN2,1,1
SMARCD2,PLEKHG4,1,1
SMARCD2,RBMX2,1,1
SMARCD2,RPS13,1,1
SMARCD2,TMSB4X,1,1
SMARCD2,TRIM44,1,1
ZNF512B,CNOT3,1,1
ZNF512B,HMGCL,1,1
ZNF512B,POLR1B,1,1
ZNF512B,SLC2A1,1,1
ZNF512B,TNFRSF12A,1,1
ZNF512B,TRMT61A,1,1
MRPS27,ABHD5,1,1
MRPS27,ABT1,1,1
MRPS27,ANKRD33B,1,1
MRPS27,ANXA3,1,1
MRPS27,BMI1,1,1
MRPS27,BNIP1,1,1
MRPS27,C12ORF75,1,1
MRPS27,C19ORF47,1,1
MRPS27,CCDC109B,1,1
MRPS27,CDC123,1,1
MRPS27,CDCA5,1,1
MRPS27,CDK4,1,1
MRPS27,CENPJ,1,1
MRPS27,CEP250,1,1
MRPS27,CEP55,1,1
MRPS27,CKS1B,1,1
MRPS27,CTNNAL1,1,1
MRPS27,CYB5B,1,1
MRPS27,DDX39B,1,1
MRPS27,DEK,1,1
MRPS27,DNA2,1,1
MRPS27,DPM1,1,1
MRPS27,EEF1B2,1,1
MRPS27,ENY2,1,1
MRPS27,EXOSC8,1,1
MRPS27,GRASP,1,1
MRPS27,HARS2,1,1
MRPS27,HAUS2,1,1
MRPS27,HMGN1,1,1
MRPS27,HRAS,1,1
MRPS27,ITPA,1,1
MRPS27,KMT5A,1,1
MRPS27,KPNA3,1,1
MRPS27,KTI12,1,1
MRPS27,LRRC40,1,1
MRPS27,MED10,1,1
MRPS27,MED29,1,1
MRPS27,METTL10,1,1
MRPS27,MRPL22,1,1
MRPS27,MRPL33,1,1
MRPS27,MRPS10,1,1
MRPS27,MRPS14,1,1
MRPS27,MRPS26,1,1
MRPS27,NANP,1,1
MRPS27,NPEPPS,1,1
MRPS27,NPM3,1,1
MRPS27,NRM,1,1
MRPS27,NSMCE4A,1,1
MRPS27,NXT1,1,1
MRPS27,PDF,1,1
MRPS27,PDSS1,1,1
MRPS27,PGGT1B,1,1
MRPS27,PJA1,1,1
MRPS27,PRELID1,1,1
MRPS27,PRRG4,1,1
MRPS27,PXMP2,1,1
MRPS27,RAB7A,1,1
MRPS27,RABGGTB,1,1
MRPS27,RAD1,1,1
MRPS27,RARS,1,1
MRPS27,RPF1,1,1
MRPS27,RPL6,1,1
MRPS27,SAPCD2,1,1
MRPS27,SKA3,1,1
MRPS27,SLC35D1,1,1
MRPS27,SNRPC,1,1
MRPS27,SNRPE,1,1
MRPS27,SRP72,1,1
MRPS27,TFAM,1,1
MRPS27,TIMM23,1,1
MRPS27,TMEM14B,1,1
MRPS27,TRPM2,1,1
MRPS27,TSSC4,1,1
MRPS27,TXN,1,1
MRPS27,TYW3,1,1
MRPS27,UBA6,1,1
MRPS27,UBE2J2,1,1
MRPS27,WDR46,1,1
MRPS27,ZNF544,1,1
MASTL,ABHD5,1,1
MASTL,CASC5,1,1
MASTL,CDCA5,1,1
MASTL,CEP55,1,1
MASTL,DUT,1,1
MASTL,ENY2,1,1
MASTL,HMGB2,1,1
MASTL,KIF11,1,1
MASTL,MCM10,1,1
MASTL,NAA20,1,1
MASTL,NUP107,1,1
MASTL,PLK4,1,1
MASTL,POLE3,1,1
MASTL,RHBDF1,1,1
MASTL,SKA3,1,1
MASTL,ZW10,1,1
ABHD14B,AHCTF1,1,1
ABHD14B,ATF1,1,1
ABHD14B,CBWD3,1,1
ABHD14B,CBY1,1,1
ABHD14B,CCDC112,1,1
ABHD14B,CLINT1,1,1
ABHD14B,CPSF6,1,1
ABHD14B,FAM234A,1,1
ABHD14B,IREB2,1,1
ABHD14B,PRKAA1,1,1
ABHD14B,PSME4,1,1
ABHD14B,RAD23B,1,1
ABHD14B,SGSM3,1,1
ABHD14B,ZDHHC4,1,1
ZNF544,ABT1,1,1
ZNF544,ANXA3,1,1
ZNF544,AP3S1,1,1
ZNF544,ATG12,1,1
ZNF544,BNIP1,1,1
ZNF544,C4ORF46,1,1
ZNF544,CCDC109B,1,1
ZNF544,CENPJ,1,1
ZNF544,CEP250,1,1
ZNF544,CHUK,1,1
ZNF544,CTNNAL1,1,1
ZNF544,DCAF6,1,1
ZNF544,DCLRE1A,1,1
ZNF544,DDX39B,1,1
ZNF544,DNAJC9,1,1
ZNF544,DR1,1,1
ZNF544,ECD,1,1
ZNF544,EEF1B2,1,1
ZNF544,EIF4E,1,1
ZNF544,ENY2,1,1
ZNF544,ERCC3,1,1
ZNF544,ERLIN1,1,1
ZNF544,EXOSC8,1,1
ZNF544,FAM111B,1,1
ZNF544,HAUS2,1,1
ZNF544,HMGB2,1,1
ZNF544,HMGN1,1,1
ZNF544,KPNA3,1,1
ZNF544,LRRC40,1,1
ZNF544,MED10,1,1
ZNF544,MED29,1,1
ZNF544,METTL10,1,1
ZNF544,MIS12,1,1
ZNF544,MRPL1,1,1
ZNF544,MRPS10,1,1
ZNF544,MRPS16,1,1
ZNF544,MRPS26,1,1
ZNF544,NDUFC2,1,1
ZNF544,NR2F2,1,1
ZNF544,NRM,1,1
ZNF544,NSMCE4A,1,1
ZNF544,PANK3,1,1
ZNF544,PGGT1B,1,1
ZNF544,PLAGL2,1,1
ZNF544,PPRC1,1,1
ZNF544,PRRG4,1,1
ZNF544,RABGGTB,1,1
ZNF544,RBBP9,1,1
ZNF544,RBMXL1,1,1
ZNF544,RICTOR,1,1
ZNF544,RPF1,1,1
ZNF544,SKA3,1,1
ZNF544,SPRYD7,1,1
ZNF544,SUGT1,1,1
ZNF544,SUPV3L1,1,1
ZNF544,TFAM,1,1
ZNF544,TFDP1,1,1
ZNF544,TIMM23,1,1
ZNF544,TMEM14B,1,1
ZNF544,TRPM2,1,1
ZNF544,TYW3,1,1
ZNF544,UBA6,1,1
ZNF544,ZNF696,1,1
TMEM41B,CDKN2A,1,1
TMEM41B,CNTROB,1,1
TMEM41B,GPAT3,1,1
TMEM41B,GRASP,1,1
TMEM41B,MYOF,1,1
TMEM41B,RAB4A,1,1
TMEM41B,RAB7A,1,1
TMEM41B,RNF113A,1,1
TMEM41B,RPS21,1,1
TMEM41B,RRAS2,1,1
TMEM41B,SF3B6,1,1
TMEM41B,ST3GAL4,1,1
TMEM41B,TMSB4X,1,1
TMEM41B,TRMT13,1,1
TMEM41B,URGCP,1,1
TMEM41B,ZNF365,1,1
TMEM41B,ZRANB2,1,1
SMNDC1,ABHD5,1,1
SMNDC1,ABT1,1,1
SMNDC1,ACD,1,1
SMNDC1,AHI1,1,1
SMNDC1,C19ORF66,1,1
SMNDC1,C4ORF46,1,1
SMNDC1,CCDC109B,1,1
SMNDC1,CCT5,1,1
SMNDC1,CDC123,1,1
SMNDC1,CDCA5,1,1
SMNDC1,CDK4,1,1
SMNDC1,CENPJ,1,1
SMNDC1,CKS1B,1,1
SMNDC1,CNOT7,1,1
SMNDC1,CSTF2,1,1
SMNDC1,CTNNAL1,1,1
SMNDC1,DDX21,1,1
SMNDC1,DEK,1,1
SMNDC1,DNA2,1,1
SMNDC1,EIF3M,1,1
SMNDC1,EIF4E2,1,1
SMNDC1,EIF6,1,1
SMNDC1,ERI1,1,1
SMNDC1,FAM60A,1,1
SMNDC1,FBXO45,1,1
SMNDC1,FTSJ3,1,1
SMNDC1,GABRA5,1,1
SMNDC1,GART,1,1
SMNDC1,GINS3,1,1
SMNDC1,GTF3C4,1,1
SMNDC1,HARS,1,1
SMNDC1,HMGN1,1,1
SMNDC1,HNRNPC,1,1
SMNDC1,KIAA1429,1,1
SMNDC1,KMT5A,1,1
SMNDC1,KPNA3,1,1
SMNDC1,KRT18,1,1
SMNDC1,LBR,1,1
SMNDC1,LIN7C,1,1
SMNDC1,LINC01296,1,1
SMNDC1,LLPH,1,1
SMNDC1,MAGOH,1,1
SMNDC1,MCM10,1,1
SMNDC1,MCM2,1,1
SMNDC1,MED10,1,1
SMNDC1,MIER1,1,1
SMNDC1,MIS18A,1,1
SMNDC1,MMP24-AS1,1,1
SMNDC1,MRPL39,1,1
SMNDC1,NAA15,1,1
SMNDC1,NAA20,1,1
SMNDC1,NPM3,1,1
SMNDC1,NUFIP1,1,1
SMNDC1,NUP107,1,1
SMNDC1,OSBPL11,1,1
SMNDC1,PAK1IP1,1,1
SMNDC1,PDE12,1,1
SMNDC1,PDF,1,1
SMNDC1,PDSS1,1,1
SMNDC1,PFDN2,1,1
SMNDC1,PPM1G,1,1
SMNDC1,PRPF38A,1,1
SMNDC1,PRPF4,1,1
SMNDC1,PSMC3,1,1
SMNDC1,PSMC3IP,1,1
SMNDC1,PSMD2,1,1
SMNDC1,PUS7L,1,1
SMNDC1,RAB4B,1,1
SMNDC1,RAD1,1,1
SMNDC1,RARS,1,1
SMNDC1,RBMXL1,1,1
SMNDC1,RNF168,1,1
SMNDC1,RRP12,1,1
SMNDC1,RRS1,1,1
SMNDC1,SAPCD2,1,1
SMNDC1,SERBP1,1,1
SMNDC1,SLC25A43,1,1
SMNDC1,SMIM13,1,1
SMNDC1,SNRNP48,1,1
SMNDC1,SNRPE,1,1
SMNDC1,SREK1IP1,1,1
SMNDC1,SRP72,1,1
SMNDC1,SRPK1,1,1
SMNDC1,STIP1,1,1
SMNDC1,TFAM,1,1
SMNDC1,TIMM17A,1,1
SMNDC1,TIMM23,1,1
SMNDC1,TMA16,1,1
SMNDC1,TMCO1,1,1
SMNDC1,TMEM123,1,1
SMNDC1,TMEM14B,1,1
SMNDC1,TPM3,1,1
SMNDC1,TRIP13,1,1
SMNDC1,TRMT10C,1,1
SMNDC1,TSSC4,1,1
SMNDC1,TUBB4B,1,1
SMNDC1,UBE3A,1,1
SMNDC1,UCHL5,1,1
SMNDC1,UHMK1,1,1
SMNDC1,UHRF1,1,1
SMNDC1,USP1,1,1
SMNDC1,VRK1,1,1
SMNDC1,ZNF281,1,1
SMNDC1,ZNF473,1,1
SMNDC1,ZW10,1,1
HEXIM2,ACOX1,1,1
HEXIM2,CDK4,1,1
HEXIM2,COQ5,1,1
HEXIM2,DPM1,1,1
HEXIM2,GALT,1,1
HEXIM2,HERPUD2,1,1
HEXIM2,HRAS,1,1
HEXIM2,KMT5A,1,1
HEXIM2,MOCS3,1,1
HEXIM2,NAGLU,1,1
HEXIM2,NDUFA1,1,1
HEXIM2,NXT1,1,1
HEXIM2,RP11-529K1.3,1,1
HEXIM2,RRP36,1,1
HEXIM2,SLC35D1,1,1
HEXIM2,SMIM13,1,1
HEXIM2,ST3GAL4,1,1
HEXIM2,TMEM234,1,1
HEXIM2,UBA6,1,1
HEXIM2,UBE2J2,1,1
HEXIM2,VSIG10L,1,1
HEXIM2,XRN2,1,1
HEXIM2,ZBTB37,1,1
UGT8,ACD,1,1
UGT8,ACSL4,1,1
UGT8,AHI1,1,1
UGT8,ANKRD33B,1,1
UGT8,ANXA1,1,1
UGT8,ARF4,1,1
UGT8,ATP6AP1,1,1
UGT8,BCL2A1,1,1
UGT8,BTF3L4,1,1
UGT8,C16ORF91,1,1
UGT8,CCT5,1,1
UGT8,CDC73,1,1
UGT8,CDH2,1,1
UGT8,CDK7,1,1
UGT8,CFL2,1,1
UGT8,CMPK1,1,1
UGT8,CNPY3,1,1
UGT8,COPS5,1,1
UGT8,CPT1A,1,1
UGT8,CSNK2B,1,1
UGT8,CSTF2,1,1
UGT8,CYP27A1,1,1
UGT8,DHRS7B,1,1
UGT8,DHX35,1,1
UGT8,EAF1,1,1
UGT8,EIF3M,1,1
UGT8,EIF6,1,1
UGT8,ENOSF1,1,1
UGT8,ERBB3,1,1
UGT8,ERI1,1,1
UGT8,FAM199X,1,1
UGT8,FAM60A,1,1
UGT8,FARSA,1,1
UGT8,FBXL6,1,1
UGT8,FBXO45,1,1
UGT8,FSD1,1,1
UGT8,FTSJ1,1,1
UGT8,FTSJ3,1,1
UGT8,GABRA5,1,1
UGT8,GADD45A,1,1
UGT8,GANAB,1,1
UGT8,GART,1,1
UGT8,GCH1,1,1
UGT8,GHDC,1,1
UGT8,GNE,1,1
UGT8,GOLPH3L,1,1
UGT8,GPBP1L1,1,1
UGT8,HS1BP3,1,1
UGT8,HTR7,1,1
UGT8,IGF2BP1,1,1
UGT8,ILF2,1,1
UGT8,KIAA0319L,1,1
UGT8,KIAA1429,1,1
UGT8,KMT5A,1,1
UGT8,KRT18,1,1
UGT8,LBR,1,1
UGT8,LIN7C,1,1
UGT8,LINC01296,1,1
UGT8,LLPH,1,1
UGT8,LPGAT1,1,1
UGT8,LURAP1,1,1
UGT8,MAP4K5,1,1
UGT8,MCFD2,1,1
UGT8,MMP24-AS1,1,1
UGT8,MRPL47,1,1
UGT8,MYNN,1,1
UGT8,MYSM1,1,1
UGT8,NDUFA1,1,1
UGT8,NIPAL1,1,1
UGT8,PDE12,1,1
UGT8,PDF,1,1
UGT8,PFDN2,1,1
UGT8,PFN1,1,1
UGT8,PLAUR,1,1
UGT8,PLEKHH1,1,1
UGT8,PMM1,1,1
UGT8,PPM1G,1,1
UGT8,PRKCDBP,1,1
UGT8,PRKCI,1,1
UGT8,PRPF38A,1,1
UGT8,PRPF4,1,1
UGT8,PSMC3,1,1
UGT8,PSMC4,1,1
UGT8,PSMC5,1,1
UGT8,PTPN3,1,1
UGT8,PUS7L,1,1
UGT8,QSER1,1,1
UGT8,RARS,1,1
UGT8,RNF13,1,1
UGT8,RNF168,1,1
UGT8,RP11-529K1.3,1,1
UGT8,RPL35A,1,1
UGT8,RPS21,1,1
UGT8,RPS26,1,1
UGT8,RRAS2,1,1
UGT8,RRP12,1,1
UGT8,RUVBL2,1,1
UGT8,SCHIP1,1,1
UGT8,SCPEP1,1,1
UGT8,SEPT9,1,1
UGT8,SERBP1,1,1
UGT8,SLC11A2,1,1
UGT8,SLC25A43,1,1
UGT8,SLC2A4RG,1,1
UGT8,SLC39A1,1,1
UGT8,SMARCD1,1,1
UGT8,SMIM13,1,1
UGT8,SMN1,1,1
UGT8,SNRPE,1,1
UGT8,TIMM17A,1,1
UGT8,TIMM17B,1,1
UGT8,TMCO1,1,1
UGT8,TMEM123,1,1
UGT8,TNFRSF12A,1,1
UGT8,TRIP13,1,1
UGT8,TTC39C,1,1
UGT8,TUBB3,1,1
UGT8,UBE2C,1,1
UGT8,UCHL5,1,1
UGT8,UHMK1,1,1
UGT8,VEZT,1,1
UGT8,VMA21,1,1
UGT8,WDR74,1,1
UGT8,ZNF281,1,1
UGT8,ZNF655,1,1
PRPF4,ACD,1,1
PRPF4,AHI1,1,1
PRPF4,BRD4,1,1
PRPF4,BTF3L4,1,1
PRPF4,C12ORF29,1,1
PRPF4,CAPRIN1,1,1
PRPF4,CCT5,1,1
PRPF4,CDC123,1,1
PRPF4,CDC42EP2,1,1
PRPF4,CDH2,1,1
PRPF4,CDK7,1,1
PRPF4,CFL2,1,1
PRPF4,CNOT3,1,1
PRPF4,CNOT7,1,1
PRPF4,CNPY3,1,1
PRPF4,COPS5,1,1
PRPF4,CPT1A,1,1
PRPF4,CRIM1,1,1
PRPF4,CSNK2B,1,1
PRPF4,CSTF2,1,1
PRPF4,CTU1,1,1
PRPF4,CYP27A1,1,1
PRPF4,DAZAP1,1,1
PRPF4,DDX21,1,1
PRPF4,DHRS7B,1,1
PRPF4,DHX35,1,1
PRPF4,DNA2,1,1
PRPF4,EID2,1,1
PRPF4,EIF3M,1,1
PRPF4,EIF6,1,1
PRPF4,ELAVL1,1,1
PRPF4,ERI1,1,1
PRPF4,FAM136A,1,1
PRPF4,FBXL6,1,1
PRPF4,FBXO45,1,1
PRPF4,FEM1A,1,1
PRPF4,FTSJ1,1,1
PRPF4,FTSJ3,1,1
PRPF4,GABRA5,1,1
PRPF4,GART,1,1
PRPF4,GCH1,1,1
PRPF4,GINS3,1,1
PRPF4,GLRX2,1,1
PRPF4,GTF3C4,1,1
PRPF4,HARS,1,1
PRPF4,HNRNPC,1,1
PRPF4,HNRNPU,1,1
PRPF4,HS1BP3,1,1
PRPF4,IGF2BP1,1,1
PRPF4,ILF2,1,1
PRPF4,KARS,1,1
PRPF4,KIAA0319L,1,1
PRPF4,KIAA0586,1,1
PRPF4,KLHL18,1,1
PRPF4,KMT5A,1,1
PRPF4,KRT18,1,1
PRPF4,LBR,1,1
PRPF4,LINC01296,1,1
PRPF4,LLPH,1,1
PRPF4,LMNB1,1,1
PRPF4,MAGOH,1,1
PRPF4,MAK16,1,1
PRPF4,MAP4K5,1,1
PRPF4,MAPK1IP1L,1,1
PRPF4,MCM10,1,1
PRPF4,MCM2,1,1
PRPF4,MED10,1,1
PRPF4,MEGF8,1,1
PRPF4,MMP24-AS1,1,1
PRPF4,MRPL39,1,1
PRPF4,MT1X,1,1
PRPF4,MYBL2,1,1
PRPF4,MYNN,1,1
PRPF4,NAA15,1,1
PRPF4,NASP,1,1
PRPF4,NEK7,1,1
PRPF4,NIPAL1,1,1
PRPF4,NKX3-1,1,1
PRPF4,NUFIP1,1,1
PRPF4,NUP107,1,1
PRPF4,PAK1IP1,1,1
PRPF4,PCGF6,1,1
PRPF4,PDE12,1,1
PRPF4,PDF,1,1
PRPF4,PFDN2,1,1
PRPF4,PLAUR,1,1
PRPF4,PMM1,1,1
PRPF4,PMPCA,1,1
PRPF4,POLR3C,1,1
PRPF4,PPM1G,1,1
PRPF4,PPP2R1B,1,1
PRPF4,PRPF38A,1,1
PRPF4,PSMA3,1,1
PRPF4,PSMC3,1,1
PRPF4,PSMC3IP,1,1
PRPF4,PSMC5,1,1
PRPF4,PSMC6,1,1
PRPF4,PSMD2,1,1
PRPF4,PUS7L,1,1
PRPF4,QSER1,1,1
PRPF4,RAB4B,1,1
PRPF4,RARS,1,1
PRPF4,RIN1,1,1
PRPF4,RIOK1,1,1
PRPF4,RNF168,1,1
PRPF4,RP11-424C20.2,1,1
PRPF4,RRP12,1,1
PRPF4,RRS1,1,1
PRPF4,RUVBL2,1,1
PRPF4,SACS,1,1
PRPF4,SAPCD2,1,1
PRPF4,SERBP1,1,1
PRPF4,SLC11A2,1,1
PRPF4,SLC25A43,1,1
PRPF4,SMARCD1,1,1
PRPF4,SNRNP48,1,1
PRPF4,SNRPE,1,1
PRPF4,SPIN4,1,1
PRPF4,SREK1IP1,1,1
PRPF4,SRP72,1,1
PRPF4,SRPK1,1,1
PRPF4,STIP1,1,1
PRPF4,SYNCRIP,1,1
PRPF4,TAF5,1,1
PRPF4,TEX10,1,1
PRPF4,TFB2M,1,1
PRPF4,TIMM10,1,1
PRPF4,TIMM17A,1,1
PRPF4,TIMM8A,1,1
PRPF4,TMA16,1,1
PRPF4,TMCO1,1,1
PRPF4,TNFRSF12A,1,1
PRPF4,TPM3,1,1
PRPF4,TRIP13,1,1
PRPF4,TRMT10C,1,1
PRPF4,TUBB4B,1,1
PRPF4,UBE2C,1,1
PRPF4,UBE2N,1,1
PRPF4,UHMK1,1,1
PRPF4,UHRF1,1,1
PRPF4,UTP23,1,1
PRPF4,UTP4,1,1
PRPF4,VEZT,1,1
PRPF4,WDR74,1,1
PRPF4,WRN,1,1
PRPF4,ZIC2,1,1
PRPF4,ZNF281,1,1
PRPF4,ZNF695,1,1
PRPF4,ZPR1,1,1
RBM27,AKAP1,1,1
RBM27,B4GAT1,1,1
RBM27,BZW1,1,1
RBM27,CHERP,1,1
RBM27,CRLF3,1,1
RBM27,DCAF10,1,1
RBM27,DCAF13,1,1
RBM27,EEF1E1,1,1
RBM27,HNRNPH1,1,1
RBM27,IPO11,1,1
RBM27,LRRC58,1,1
RBM27,MATR3,1,1
RBM27,MRPL9,1,1
RBM27,NBN,1,1
RBM27,PAICS,1,1
RBM27,RFC3,1,1
RBM27,SKIV2L2,1,1
RBM27,SOWAHC,1,1
RBM27,STIL,1,1
RBM27,TMEM205,1,1
RBM27,TMEM63B,1,1
RBM27,TTC4,1,1
RBM27,TUBA1C,1,1
RBM27,UBA2,1,1
RBM27,ZBTB2,1,1
MAPKAPK5,BZW1,1,1
MAPKAPK5,DCAF10,1,1
MAPKAPK5,SMAGP,1,1
MAPKAPK5,TTC4,1,1
MAPKAPK5,TUBA1C,1,1
MAPKAPK5,VBP1,1,1
ITPA,AP1M1,1,1
ITPA,ARFIP2,1,1
ITPA,C5ORF42,1,1
ITPA,CYB5B,1,1
ITPA,DPM1,1,1
ITPA,FAM178B,1,1
ITPA,KTI12,1,1
ITPA,LARS,1,1
ITPA,LINC00493,1,1
ITPA,LRRC40,1,1
ITPA,METTL10,1,1
ITPA,MOCS3,1,1
ITPA,MRPL22,1,1
ITPA,MRPS10,1,1
ITPA,MRPS26,1,1
ITPA,MYOF,1,1
ITPA,NPEPPS,1,1
ITPA,NRM,1,1
ITPA,NXT1,1,1
ITPA,PRELID1,1,1
ITPA,PRRG4,1,1
ITPA,RAB7A,1,1
ITPA,RNF113A,1,1
ITPA,RPL6,1,1
ITPA,RPS13,1,1
ITPA,SF3B6,1,1
ITPA,ST3GAL4,1,1
ITPA,STAMBPL1,1,1
ITPA,TMSB4X,1,1
ITPA,TXN,1,1
ITPA,UBA6,1,1
ITPA,UBE2J2,1,1
ITPA,WDR46,1,1
ITPA,XRN2,1,1
ITPA,ZBTB37,1,1
ITPA,ZNF652,1,1
HTR7,AC009237.8,1,1
HTR7,ADAM19,1,1
HTR7,ANXA1,1,1
HTR7,ARF4,1,1
HTR7,ATP6AP1,1,1
HTR7,BCL2A1,1,1
HTR7,BTF3L4,1,1
HTR7,CDC73,1,1
HTR7,CDH2,1,1
HTR7,CLIC1,1,1
HTR7,CMPK1,1,1
HTR7,CPT1A,1,1
HTR7,DUSP10,1,1
HTR7,EIF6,1,1
HTR7,FAM199X,1,1
HTR7,FAM60A,1,1
HTR7,FSD1,1,1
HTR7,GADD45A,1,1
HTR7,GOLPH3L,1,1
HTR7,GPAT3,1,1
HTR7,GPBP1L1,1,1
HTR7,KMT5A,1,1
HTR7,LARS,1,1
HTR7,LINC01296,1,1
HTR7,NAGLU,1,1
HTR7,NDFIP2,1,1
HTR7,NDUFA1,1,1
HTR7,PFN1,1,1
HTR7,PHIP,1,1
HTR7,PRKCDBP,1,1
HTR7,PRKCI,1,1
HTR7,PSMC4,1,1
HTR7,PUS7L,1,1
HTR7,RP11-529K1.3,1,1
HTR7,RPS21,1,1
HTR7,RRAS2,1,1
HTR7,SCHIP1,1,1
HTR7,SCPEP1,1,1
HTR7,SLC11A2,1,1
HTR7,SLC2A4RG,1,1
HTR7,SMARCD1,1,1
HTR7,SMIM13,1,1
HTR7,TMEM123,1,1
HTR7,TTC28,1,1
HTR7,UBE2J2,1,1
HTR7,UHMK1,1,1
HTR7,VMA21,1,1
HTR7,ZNF365,1,1
IPO4,AHCTF1,1,1
IPO4,C12ORF29,1,1
IPO4,CBFB,1,1
IPO4,CCDC112,1,1
IPO4,CCT2,1,1
IPO4,CLINT1,1,1
IPO4,CNOT3,1,1
IPO4,CPSF6,1,1
IPO4,DAZAP1,1,1
IPO4,DDX10,1,1
IPO4,DIMT1,1,1
IPO4,DPF1,1,1
IPO4,DPY19L2P1,1,1
IPO4,EIF3J,1,1
IPO4,ELAVL1,1,1
IPO4,FAM136A,1,1
IPO4,FASTKD3,1,1
IPO4,FBXL4,1,1
IPO4,GHDC,1,1
IPO4,H3F3B,1,1
IPO4,HNRNPU,1,1
IPO4,IGF2BP1,1,1
IPO4,ILF2,1,1
IPO4,IRAK1,1,1
IPO4,KIAA1524,1,1
IPO4,LBR,1,1
IPO4,LURAP1,1,1
IPO4,LYAR,1,1
IPO4,MAK16,1,1
IPO4,MEGF8,1,1
IPO4,MRPL47,1,1
IPO4,MRPL50,1,1
IPO4,NEK7,1,1
IPO4,NRGN,1,1
IPO4,PGAM5,1,1
IPO4,PM20D2,1,1
IPO4,POLR1B,1,1
IPO4,POLR3E,1,1
IPO4,PPAN-P2RY11,1,1
IPO4,PSMA3,1,1
IPO4,PSMC5,1,1
IPO4,PSME4,1,1
IPO4,RELT,1,1
IPO4,RFWD3,1,1
IPO4,RNF126,1,1
IPO4,SGTA,1,1
IPO4,SLC2A1,1,1
IPO4,SNAPC1,1,1
IPO4,SNRPF,1,1
IPO4,SPIN4,1,1
IPO4,SYNCRIP,1,1
IPO4,TANGO2,1,1
IPO4,TBPL1,1,1
IPO4,TERF1,1,1
IPO4,TFB2M,1,1
IPO4,TIMM8A,1,1
IPO4,TMEM53,1,1
IPO4,TTC23,1,1
IPO4,TUBB3,1,1
IPO4,USP10,1,1
IPO4,UTP23,1,1
IPO4,ZDHHC4,1,1
IPO4,ZIC2,1,1
IPO4,ZNF215,1,1
IPO4,ZNF639,1,1
PANK3,ANXA3,1,1
PANK3,AP3S1,1,1
PANK3,ARF1,1,1
PANK3,ATG12,1,1
PANK3,CCNJL,1,1
PANK3,CEP120,1,1
PANK3,CEP250,1,1
PANK3,CRNKL1,1,1
PANK3,DBI,1,1
PANK3,DCAF6,1,1
PANK3,DR1,1,1
PANK3,EEF1B2,1,1
PANK3,EXOSC8,1,1
PANK3,G6PC3,1,1
PANK3,KHK,1,1
PANK3,LRRC40,1,1
PANK3,MED29,1,1
PANK3,METTL10,1,1
PANK3,MIS12,1,1
PANK3,MRPL33,1,1
PANK3,MRPS16,1,1
PANK3,NHSL1,1,1
PANK3,NR2F2,1,1
PANK3,PLEKHG4,1,1
PANK3,PRRG4,1,1
PANK3,RAB4A,1,1
PANK3,RABGGTB,1,1
PANK3,RBBP9,1,1
PANK3,RBMXL1,1,1
PANK3,RGS19,1,1
PANK3,RICTOR,1,1
PANK3,RPF1,1,1
PANK3,SOCS4,1,1
PANK3,SUGT1,1,1
PANK3,TIFA,1,1
PANK3,TMTC4,1,1
PANK3,TRIM44,1,1
PANK3,TRMT13,1,1
PANK3,TYW3,1,1
PANK3,ZNF696,1,1
DDX21,ABT1,1,1
DDX21,ACD,1,1
DDX21,ADNP2,1,1
DDX21,AHI1,1,1
DDX21,BRD4,1,1
DDX21,CAPRIN1,1,1
DDX21,CCT5,1,1
DDX21,CDC123,1,1
DDX21,CDCA5,1,1
DDX21,CDK7,1,1
DDX21,CFL2,1,1
DDX21,CNOT7,1,1
DDX21,COPS5,1,1
DDX21,CRIM1,1,1
DDX21,CSTF2,1,1
DDX21,CTNNAL1,1,1
DDX21,DEK,1,1
DDX21,DHRS7B,1,1
DDX21,DHX35,1,1
DDX21,DNA2,1,1
DDX21,EID2,1,1
DDX21,EIF3M,1,1
DDX21,EIF4E2,1,1
DDX21,ERI1,1,1
DDX21,FBXO45,1,1
DDX21,FEM1A,1,1
DDX21,FTSJ3,1,1
DDX21,GABRA5,1,1
DDX21,GART,1,1
DDX21,GINS3,1,1
DDX21,GLRX2,1,1
DDX21,GTF3C4,1,1
DDX21,HARS,1,1
DDX21,HNRNPC,1,1
DDX21,ILF2,1,1
DDX21,KARS,1,1
DDX21,KIAA0586,1,1
DDX21,KIAA1586,1,1
DDX21,KMT5A,1,1
DDX21,KPNA3,1,1
DDX21,KRT18,1,1
DDX21,LBR,1,1
DDX21,LIN7C,1,1
DDX21,LLPH,1,1
DDX21,MAGOH,1,1
DDX21,MAP4K5,1,1
DDX21,MAPK1IP1L,1,1
DDX21,MCM10,1,1
DDX21,MCM2,1,1
DDX21,MED10,1,1
DDX21,MIS18A,1,1
DDX21,MMP24-AS1,1,1
DDX21,MRPL39,1,1
DDX21,MT1X,1,1
DDX21,MYBL2,1,1
DDX21,NAA15,1,1
DDX21,NAA20,1,1
DDX21,NIPAL1,1,1
DDX21,NKX3-1,1,1
DDX21,NUFIP1,1,1
DDX21,NUP107,1,1
DDX21,NUP188,1,1
DDX21,PAK1IP1,1,1
DDX21,PCGF6,1,1
DDX21,PDE12,1,1
DDX21,PDF,1,1
DDX21,PFDN2,1,1
DDX21,PMM1,1,1
DDX21,PMPCA,1,1
DDX21,POLR3C,1,1
DDX21,PPM1G,1,1
DDX21,PPP2R1B,1,1
DDX21,PPRC1,1,1
DDX21,PRPF38A,1,1
DDX21,PSMA3,1,1
DDX21,PSMC3,1,1
DDX21,PSMC3IP,1,1
DDX21,PSMC6,1,1
DDX21,PSMD2,1,1
DDX21,PUS7L,1,1
DDX21,QSER1,1,1
DDX21,RAB35,1,1
DDX21,RAD1,1,1
DDX21,RARS,1,1
DDX21,RBMXL1,1,1
DDX21,RIOK1,1,1
DDX21,RNF168,1,1
DDX21,RP11-424C20.2,1,1
DDX21,RRP12,1,1
DDX21,RRS1,1,1
DDX21,SACS,1,1
DDX21,SAPCD2,1,1
DDX21,SERBP1,1,1
DDX21,SNRNP48,1,1
DDX21,SNRPE,1,1
DDX21,SPIN4,1,1
DDX21,SREK1IP1,1,1
DDX21,SRP72,1,1
DDX21,SRPK1,1,1
DDX21,STIP1,1,1
DDX21,SYNCRIP,1,1
DDX21,TAF5,1,1
DDX21,TFAM,1,1
DDX21,TIMM17A,1,1
DDX21,TIMM23,1,1
DDX21,TMA16,1,1
DDX21,TMCO1,1,1
DDX21,TMEM14B,1,1
DDX21,TRIP13,1,1
DDX21,TRMT10C,1,1
DDX21,TSSC4,1,1
DDX21,TUBB4B,1,1
DDX21,UBE2N,1,1
DDX21,UBE3A,1,1
DDX21,UHRF1,1,1
DDX21,USP1,1,1
DDX21,UTP23,1,1
DDX21,UTP4,1,1
DDX21,VRK1,1,1
DDX21,WDR74,1,1
DDX21,ZNF281,1,1
DDX21,ZNF473,1,1
DDX21,ZW10,1,1
BAG6,CDKN2A,1,1
BAG6,GNG4,1,1
BAG6,GPAT3,1,1
BAG6,LINC00493,1,1
BAG6,MYOF,1,1
BAG6,NELFE,1,1
BAG6,TMSB4X,1,1
BAG6,ZNF365,1,1
SOCS4,ABT1,1,1
SOCS4,AHI1,1,1
SOCS4,ANXA3,1,1
SOCS4,ATG12,1,1
SOCS4,CCDC109B,1,1
SOCS4,CTNNAL1,1,1
SOCS4,EXOC5,1,1
SOCS4,GART,1,1
SOCS4,GRASP,1,1
SOCS4,GRHPR,1,1
SOCS4,HARS2,1,1
SOCS4,KPNA3,1,1
SOCS4,MIER1,1,1
SOCS4,MMP24-AS1,1,1
SOCS4,MRPL33,1,1
SOCS4,NHSL1,1,1
SOCS4,OSBPL11,1,1
SOCS4,PDF,1,1
SOCS4,RBMXL1,1,1
SOCS4,RPF1,1,1
SOCS4,RRAS2,1,1
SOCS4,SNRNP48,1,1
SOCS4,SNRPE,1,1
SOCS4,TIMM23,1,1
SOCS4,TRMT13,1,1
SOCS4,UBA6,1,1
SOCS4,UHMK1,1,1
SOCS4,ZNF281,1,1
NUP188,ABT1,1,1
NUP188,ACAD10,1,1
NUP188,CDC123,1,1
NUP188,CDCA5,1,1
NUP188,COQ5,1,1
NUP188,DDX31,1,1
NUP188,DDX39B,1,1
NUP188,DHX16,1,1
NUP188,DNA2,1,1
NUP188,EIF4E2,1,1
NUP188,ENY2,1,1
NUP188,ERCC3,1,1
NUP188,GTF3C4,1,1
NUP188,HARS,1,1
NUP188,HAUS2,1,1
NUP188,HRAS,1,1
NUP188,KPNA3,1,1
NUP188,MAGOH,1,1
NUP188,MCM10,1,1
NUP188,MED10,1,1
NUP188,NAA20,1,1
NUP188,NAF1,1,1
NUP188,NR2F2,1,1
NUP188,NUFIP1,1,1
NUP188,NUP107,1,1
NUP188,PAK1IP1,1,1
NUP188,PDSS1,1,1
NUP188,PLAGL2,1,1
NUP188,PPRC1,1,1
NUP188,PPWD1,1,1
NUP188,PSMC3IP,1,1
NUP188,RAB35,1,1
NUP188,RAD1,1,1
NUP188,RARS,1,1
NUP188,RBM22,1,1
NUP188,RBM25,1,1
NUP188,RBMXL1,1,1
NUP188,RP11-424C20.2,1,1
NUP188,RRP12,1,1
NUP188,RRS1,1,1
NUP188,SAPCD2,1,1
NUP188,SKA3,1,1
NUP188,SPRYD7,1,1
NUP188,SRPK1,1,1
NUP188,SUPV3L1,1,1
NUP188,TAF5,1,1
NUP188,TFAM,1,1
NUP188,TGS1,1,1
NUP188,TIMM23,1,1
NUP188,TRPM2,1,1
NUP188,TYW3,1,1
NUP188,UHRF1,1,1
NUP188,ZBTB9,1,1
NUP188,ZDHHC24,1,1
RNF168,ACD,1,1
RNF168,ADNP2,1,1
RNF168,AHI1,1,1
RNF168,ANKRD33B,1,1
RNF168,ANP32E,1,1
RNF168,ARF4,1,1
RNF168,ATP6AP1,1,1
RNF168,BMI1,1,1
RNF168,BTF3L4,1,1
RNF168,CAAP1,1,1
RNF168,CCT5,1,1
RNF168,CDC73,1,1
RNF168,CDH2,1,1
RNF168,CDK7,1,1
RNF168,CFL2,1,1
RNF168,CMPK1,1,1
RNF168,CNPY3,1,1
RNF168,CPT1A,1,1
RNF168,CSTF2,1,1
RNF168,DAZAP1,1,1
RNF168,DEK,1,1
RNF168,DHRS7B,1,1
RNF168,DHX35,1,1
RNF168,DNA2,1,1
RNF168,EID2,1,1
RNF168,EIF3M,1,1
RNF168,EIF6,1,1
RNF168,ERI1,1,1
RNF168,EXOC5,1,1
RNF168,FAM199X,1,1
RNF168,FAM60A,1,1
RNF168,FBXO45,1,1
RNF168,FTSJ3,1,1
RNF168,GABRA5,1,1
RNF168,GART,1,1
RNF168,GCH1,1,1
RNF168,GINS3,1,1
RNF168,GLRX2,1,1
RNF168,GOLPH3L,1,1
RNF168,ILF2,1,1
RNF168,KARS,1,1
RNF168,KIAA0586,1,1
RNF168,KIAA1429,1,1
RNF168,KIAA1586,1,1
RNF168,KMT5A,1,1
RNF168,KRT18,1,1
RNF168,LBR,1,1
RNF168,LIN7C,1,1
RNF168,LINC01296,1,1
RNF168,LLPH,1,1
RNF168,LMNB1,1,1
RNF168,MAGOH,1,1
RNF168,MAP4K5,1,1
RNF168,MAPK1IP1L,1,1
RNF168,MCM2,1,1
RNF168,MED10,1,1
RNF168,MEGF8,1,1
RNF168,MIS18A,1,1
RNF168,MMP24-AS1,1,1
RNF168,MRPL39,1,1
RNF168,MYBL2,1,1
RNF168,MYNN,1,1
RNF168,MYSM1,1,1
RNF168,NAA15,1,1
RNF168,NIPAL1,1,1
RNF168,NKX3-1,1,1
RNF168,NUP107,1,1
RNF168,PAK1IP1,1,1
RNF168,PCGF6,1,1
RNF168,PDE12,1,1
RNF168,PDF,1,1
RNF168,PFDN2,1,1
RNF168,PLAUR,1,1
RNF168,PPM1G,1,1
RNF168,PPP2CA,1,1
RNF168,PRKCI,1,1
RNF168,PSMA3,1,1
RNF168,PSMC3,1,1
RNF168,PSMC6,1,1
RNF168,PSMD2,1,1
RNF168,PUS7L,1,1
RNF168,QSER1,1,1
RNF168,RARS,1,1
RNF168,RRP12,1,1
RNF168,RUVBL2,1,1
RNF168,SACS,1,1
RNF168,SERBP1,1,1
RNF168,SLC11A2,1,1
RNF168,SLC25A43,1,1
RNF168,SMIM13,1,1
RNF168,SNRNP48,1,1
RNF168,SNRPE,1,1
RNF168,SOX10,1,1
RNF168,SPIN4,1,1
RNF168,SREK1IP1,1,1
RNF168,SRP72,1,1
RNF168,SRPK1,1,1
RNF168,TIMM17A,1,1
RNF168,TIMM8A,1,1
RNF168,TMA16,1,1
RNF168,TMEM123,1,1
RNF168,TRIP13,1,1
RNF168,UCHL5,1,1
RNF168,UHMK1,1,1
RNF168,UHRF1,1,1
RNF168,UHRF1BP1L,1,1
RNF168,USP1,1,1
RNF168,UTP23,1,1
RNF168,VEZT,1,1
RNF168,WDR74,1,1
RNF168,ZIC2,1,1
RNF168,ZNF281,1,1
RNF168,ZNF473,1,1
RNF168,ZNF695,1,1
PGAM5,ABCE1,1,1
PGAM5,ACOX1,1,1
PGAM5,ACTN1,1,1
PGAM5,ARF4,1,1
PGAM5,ARF5,1,1
PGAM5,BZW1,1,1
PGAM5,CBFB,1,1
PGAM5,CBY1,1,1
PGAM5,CCDC112,1,1
PGAM5,CCT2,1,1
PGAM5,CDK19,1,1
PGAM5,CPSF6,1,1
PGAM5,CRLF3,1,1
PGAM5,CRLS1,1,1
PGAM5,CSTF2,1,1
PGAM5,CTU1,1,1
PGAM5,CYB5D2,1,1
PGAM5,DCAF10,1,1
PGAM5,DCAF13,1,1
PGAM5,DDX18,1,1
PGAM5,DIAPH1,1,1
PGAM5,DPF1,1,1
PGAM5,EIF2B1,1,1
PGAM5,ELAVL1,1,1
PGAM5,ERVK3-1,1,1
PGAM5,FAM234A,1,1
PGAM5,FBXL6,1,1
PGAM5,GLRX2,1,1
PGAM5,GMEB2,1,1
PGAM5,GRWD1,1,1
PGAM5,HNRNPU,1,1
PGAM5,IRAK1,1,1
PGAM5,KIAA0101,1,1
PGAM5,KIF14,1,1
PGAM5,KLF15,1,1
PGAM5,KLHL8,1,1
PGAM5,L2HGDH,1,1
PGAM5,LARP4,1,1
PGAM5,LBR,1,1
PGAM5,LMNB1,1,1
PGAM5,MEGF8,1,1
PGAM5,MLKL,1,1
PGAM5,MRPL47,1,1
PGAM5,MRPL9,1,1
PGAM5,NAA15,1,1
PGAM5,NABP2,1,1
PGAM5,NAGLU,1,1
PGAM5,NOLC1,1,1
PGAM5,NUDCD1,1,1
PGAM5,POLR1B,1,1
PGAM5,POLR3E,1,1
PGAM5,PPM1G,1,1
PGAM5,PPP2CA,1,1
PGAM5,PSMA3,1,1
PGAM5,PSMC4,1,1
PGAM5,PSMC5,1,1
PGAM5,PSME4,1,1
PGAM5,RAD23B,1,1
PGAM5,RELT,1,1
PGAM5,RMI1,1,1
PGAM5,RNASEK,1,1
PGAM5,RNF126,1,1
PGAM5,SART3,1,1
PGAM5,SCYL3,1,1
PGAM5,SGTA,1,1
PGAM5,SKIV2L2,1,1
PGAM5,SMAGP,1,1
PGAM5,SYNCRIP,1,1
PGAM5,TERF1,1,1
PGAM5,TFB2M,1,1
PGAM5,TIMM8A,1,1
PGAM5,TMEM126A,1,1
PGAM5,TMEM69,1,1
PGAM5,TPM3,1,1
PGAM5,TPRKB,1,1
PGAM5,TRIP13,1,1
PGAM5,TTC4,1,1
PGAM5,TUBA1C,1,1
PGAM5,TUBB3,1,1
PGAM5,UBE2C,1,1
PGAM5,UCHL5,1,1
PGAM5,USP10,1,1
PGAM5,UTP23,1,1
PGAM5,VBP1,1,1
PGAM5,WWC1,1,1
PGAM5,ZDHHC4,1,1
PGAM5,ZIC2,1,1
PGAM5,ZNF598,1,1
PGAM5,ZNF695,1,1
PXMP2,CEP55,1,1
PXMP2,CKS1B,1,1
PXMP2,CKS2,1,1
PXMP2,CYB5B,1,1
PXMP2,ENY2,1,1
PXMP2,KHDRBS1,1,1
PXMP2,KIF11,1,1
PXMP2,MRPL22,1,1
PXMP2,MRPS10,1,1
PXMP2,POMP,1,1
PXMP2,PRELID1,1,1
PXMP2,RHBDF1,1,1
PXMP2,TXN,1,1
PXMP2,ZBTB37,1,1
BZW1,ABCE1,1,1
BZW1,ACTN1,1,1
BZW1,ARF5,1,1
BZW1,B4GAT1,1,1
BZW1,CBFB,1,1
BZW1,CCT2,1,1
BZW1,CEBPZ,1,1
BZW1,CPSF6,1,1
BZW1,CRLF3,1,1
BZW1,DCAF13,1,1
BZW1,DDX18,1,1
BZW1,DIAPH1,1,1
BZW1,DIMT1,1,1
BZW1,EIF2B1,1,1
BZW1,ERVK3-1,1,1
BZW1,ETF1,1,1
BZW1,GLRX2,1,1
BZW1,GRWD1,1,1
BZW1,HNRNPH1,1,1
BZW1,HNRNPU,1,1
BZW1,IPO11,1,1
BZW1,KIAA0101,1,1
BZW1,KIF14,1,1
BZW1,LARP4,1,1
BZW1,LRRC58,1,1
BZW1,MATR3,1,1
BZW1,MRPL9,1,1
BZW1,MSH2,1,1
BZW1,NAA15,1,1
BZW1,NBN,1,1
BZW1,NOLC1,1,1
BZW1,PDRG1,1,1
BZW1,PPP2CA,1,1
BZW1,RAD23B,1,1
BZW1,RBM12,1,1
BZW1,RELT,1,1
BZW1,RMI1,1,1
BZW1,RNF126,1,1
BZW1,RNF138,1,1
BZW1,RRP36,1,1
BZW1,SGTA,1,1
BZW1,SKIV2L2,1,1
BZW1,SMAGP,1,1
BZW1,SRSF1,1,1
BZW1,SRSF3,1,1
BZW1,SYNCRIP,1,1
BZW1,TFB2M,1,1
BZW1,TIPIN,1,1
BZW1,TMEM205,1,1
BZW1,TMEM63B,1,1
BZW1,TTC4,1,1
BZW1,TUBA1C,1,1
BZW1,UBA2,1,1
BZW1,USP10,1,1
BZW1,UTP15,1,1
BZW1,VBP1,1,1
CTU1,CCT5,1,1
CTU1,CSTF2,1,1
CTU1,ELAVL1,1,1
CTU1,LARP4,1,1
CTU1,MLKL,1,1
CTU1,NCBP1,1,1
CTU1,POLR1B,1,1
CTU1,PPM1G,1,1
CTU1,SART3,1,1
CTU1,SGTA,1,1
CTU1,STIP1,1,1
CTU1,TERF1,1,1
CTU1,TFB2M,1,1
CTU1,TPM3,1,1
CTU1,TUBB3,1,1
CTU1,UBE2C,1,1
CTU1,UTP23,1,1
CTU1,ZDHHC4,1,1
CTU1,ZNF598,1,1
ENOSF1,ABCA5,1,1
ENOSF1,ACSL4,1,1
ENOSF1,ATP6AP1,1,1
ENOSF1,CDC73,1,1
ENOSF1,CDH2,1,1
ENOSF1,CMPK1,1,1
ENOSF1,DGCR6L,1,1
ENOSF1,EAF1,1,1
ENOSF1,ERBB3,1,1
ENOSF1,FSD1,1,1
ENOSF1,MAN2A2,1,1
ENOSF1,PRKCI,1,1
ENOSF1,RPS26,1,1
ENOSF1,RPS2P5,1,1
ENOSF1,RTP4,1,1
ENOSF1,TTC39C,1,1
ENOSF1,VEZT,1,1
PMPCA,ABHD5,1,1
PMPCA,ACD,1,1
PMPCA,ATRIP,1,1
PMPCA,C12ORF29,1,1
PMPCA,CAPRIN1,1,1
PMPCA,CCT5,1,1
PMPCA,CDC123,1,1
PMPCA,CDC42EP2,1,1
PMPCA,CDK7,1,1
PMPCA,CNOT7,1,1
PMPCA,COPS5,1,1
PMPCA,CRIM1,1,1
PMPCA,CSTF2,1,1
PMPCA,DAZAP1,1,1
PMPCA,DHX35,1,1
PMPCA,DNA2,1,1
PMPCA,EID2,1,1
PMPCA,EIF3M,1,1
PMPCA,FBXO45,1,1
PMPCA,FTSJ1,1,1
PMPCA,FTSJ3,1,1
PMPCA,GABRA5,1,1
PMPCA,GART,1,1
PMPCA,GCH1,1,1
PMPCA,GINS3,1,1
PMPCA,HNRNPC,1,1
PMPCA,ILF2,1,1
PMPCA,KARS,1,1
PMPCA,KIAA0319L,1,1
PMPCA,KIAA0586,1,1
PMPCA,KRT18,1,1
PMPCA,LBR,1,1
PMPCA,MAGOH,1,1
PMPCA,MAPK1IP1L,1,1
PMPCA,MCM10,1,1
PMPCA,MCM2,1,1
PMPCA,MRPL39,1,1
PMPCA,MT1X,1,1
PMPCA,MYBL2,1,1
PMPCA,NASP,1,1
PMPCA,NUP107,1,1
PMPCA,PAK1IP1,1,1
PMPCA,PDE12,1,1
PMPCA,PFDN2,1,1
PMPCA,PRPF38A,1,1
PMPCA,PSMA3,1,1
PMPCA,PSMC3,1,1
PMPCA,PSMC3IP,1,1
PMPCA,PSMC6,1,1
PMPCA,PSMD2,1,1
PMPCA,RAD1,1,1
PMPCA,RARS,1,1
PMPCA,RIOK1,1,1
PMPCA,RP11-424C20.2,1,1
PMPCA,RRP12,1,1
PMPCA,RRS1,1,1
PMPCA,RUVBL2,1,1
PMPCA,SAPCD2,1,1
PMPCA,SERBP1,1,1
PMPCA,SNRPE,1,1
PMPCA,SPIN4,1,1
PMPCA,TIMM10,1,1
PMPCA,TIMM17A,1,1
PMPCA,TIMM8A,1,1
PMPCA,TMA16,1,1
PMPCA,TRIP13,1,1
PMPCA,TRMT10C,1,1
PMPCA,TUBB4B,1,1
PMPCA,UBE2N,1,1
PMPCA,UHRF1,1,1
PMPCA,UTP4,1,1
PMPCA,WDR74,1,1
PMPCA,WRN,1,1
PMPCA,XK,1,1
RBMX2,ARF1,1,1
RBMX2,ENOX2,1,1
RBMX2,LINC00493,1,1
RBMX2,PLEKHG4,1,1
RBMX2,RAB4A,1,1
RBMX2,RPS13,1,1
RBMX2,TMSB4X,1,1
RBMX2,URGCP,1,1
ERCC3,ABT1,1,1
ERCC3,ANXA3,1,1
ERCC3,C19ORF47,1,1
ERCC3,C4ORF46,1,1
ERCC3,CCNJL,1,1
ERCC3,CDC123,1,1
ERCC3,CDK4,1,1
ERCC3,CEP250,1,1
ERCC3,CHUK,1,1
ERCC3,CRNKL1,1,1
ERCC3,CTNNAL1,1,1
ERCC3,DCAF6,1,1
ERCC3,DDX39B,1,1
ERCC3,DHX16,1,1
ERCC3,DNAJC9,1,1
ERCC3,ECD,1,1
ERCC3,EDRF1,1,1
ERCC3,ERLIN1,1,1
ERCC3,EXOSC8,1,1
ERCC3,GPATCH11,1,1
ERCC3,HARS,1,1
ERCC3,HAUS2,1,1
ERCC3,HMGN1,1,1
ERCC3,HNRNPA1P48,1,1
ERCC3,HRAS,1,1
ERCC3,KPNA3,1,1
ERCC3,LRRC40,1,1
ERCC3,MED10,1,1
ERCC3,MED29,1,1
ERCC3,MRPS16,1,1
ERCC3,MRPS26,1,1
ERCC3,NAF1,1,1
ERCC3,NHSL1,1,1
ERCC3,NR2F2,1,1
ERCC3,NSMCE4A,1,1
ERCC3,NXT1,1,1
ERCC3,OSBPL11,1,1
ERCC3,PLAGL2,1,1
ERCC3,PPRC1,1,1
ERCC3,PRRG4,1,1
ERCC3,PSPC1,1,1
ERCC3,RAB4A,1,1
ERCC3,RABGGTB,1,1
ERCC3,RAD1,1,1
ERCC3,RBBP9,1,1
ERCC3,RBM22,1,1
ERCC3,RBMXL1,1,1
ERCC3,RICTOR,1,1
ERCC3,RPF1,1,1
ERCC3,SLC25A44,1,1
ERCC3,SLC35D1,1,1
ERCC3,SPRYD7,1,1
ERCC3,SUPV3L1,1,1
ERCC3,TFAM,1,1
ERCC3,TFDP1,1,1
ERCC3,TIMM23,1,1
ERCC3,TRMT13,1,1
ERCC3,TRPM2,1,1
ERCC3,TYW3,1,1
ERCC3,UBA6,1,1
ERCC3,UBL4A,1,1
ERCC3,WDR46,1,1
ERCC3,ZBTB9,1,1
ERCC3,ZNF232,1,1
ERCC3,ZNF696,1,1
MED10,ABHD5,1,1
MED10,ABT1,1,1
MED10,ACD,1,1
MED10,ADNP2,1,1
MED10,AHI1,1,1
MED10,ANXA3,1,1
MED10,BMI1,1,1
MED10,BNIP1,1,1
MED10,C12ORF75,1,1
MED10,C19ORF47,1,1
MED10,C4ORF46,1,1
MED10,CCDC109B,1,1
MED10,CDC123,1,1
MED10,CDCA5,1,1
MED10,CDK4,1,1
MED10,CENPJ,1,1
MED10,CEP250,1,1
MED10,CKS1B,1,1
MED10,CSNK2B,1,1
MED10,CSTF2,1,1
MED10,CTNNAL1,1,1
MED10,DDX39B,1,1
MED10,DEK,1,1
MED10,DNA2,1,1
MED10,EIF3M,1,1
MED10,EIF4E2,1,1
MED10,EIF6,1,1
MED10,ENY2,1,1
MED10,ERI1,1,1
MED10,EXOSC8,1,1
MED10,FBXO45,1,1
MED10,FTSJ3,1,1
MED10,GART,1,1
MED10,GINS3,1,1
MED10,GRHPR,1,1
MED10,GTF3C4,1,1
MED10,HARS,1,1
MED10,HAUS2,1,1
MED10,HMGN1,1,1
MED10,HNRNPA1P48,1,1
MED10,HRAS,1,1
MED10,KIAA1429,1,1
MED10,KMT5A,1,1
MED10,KPNA3,1,1
MED10,KRT18,1,1
MED10,MAGOH,1,1
MED10,MCM10,1,1
MED10,MCM2,1,1
MED10,MIER1,1,1
MED10,MIS18A,1,1
MED10,MMP24-AS1,1,1
MED10,MRPS10,1,1
MED10,NAA15,1,1
MED10,NAA20,1,1
MED10,NAF1,1,1
MED10,NR2F2,1,1
MED10,NSMCE4A,1,1
MED10,NUFIP1,1,1
MED10,NUP107,1,1
MED10,PAK1IP1,1,1
MED10,PDE12,1,1
MED10,PDF,1,1
MED10,PDSS1,1,1
MED10,PFDN2,1,1
MED10,PGGT1B,1,1
MED10,PLAGL2,1,1
MED10,POLR3C,1,1
MED10,PPM1G,1,1
MED10,PPRC1,1,1
MED10,PSMC3,1,1
MED10,PSMC3IP,1,1
MED10,PSMD2,1,1
MED10,PUS7L,1,1
MED10,RAB35,1,1
MED10,RABGGTB,1,1
MED10,RAD1,1,1
MED10,RARS,1,1
MED10,RBMXL1,1,1
MED10,RP11-424C20.2,1,1
MED10,RPF1,1,1
MED10,RRP12,1,1
MED10,RRS1,1,1
MED10,SAPCD2,1,1
MED10,SERBP1,1,1
MED10,SKA3,1,1
MED10,SMIM13,1,1
MED10,SNRNP48,1,1
MED10,SNRPE,1,1
MED10,SPRYD7,1,1
MED10,SREK1IP1,1,1
MED10,SRP72,1,1
MED10,SRPK1,1,1
MED10,SUPV3L1,1,1
MED10,SVIP,1,1
MED10,TAF5,1,1
MED10,TFAM,1,1
MED10,TIMM23,1,1
MED10,TMA16,1,1
MED10,TMEM14B,1,1
MED10,TRIP13,1,1
MED10,TRMT10C,1,1
MED10,TRPM2,1,1
MED10,TSSC4,1,1
MED10,TYW3,1,1
MED10,UBA6,1,1
MED10,UBE3A,1,1
MED10,UHRF1,1,1
MED10,USP1,1,1
MED10,VRK1,1,1
MED10,WDR46,1,1
MED10,ZNF281,1,1
MED10,ZNF473,1,1
MED10,ZNF696,1,1
MED10,ZW10,1,1
CDC73,ABCA5,1,1
CDC73,ACSL4,1,1
CDC73,ACTN1,1,1
CDC73,ANXA1,1,1
CDC73,ARF4,1,1
CDC73,ATP6AP1,1,1
CDC73,BCL2A1,1,1
CDC73,BTF3L4,1,1
CDC73,CAAP1,1,1
CDC73,CCT5,1,1
CDC73,CDH2,1,1
CDC73,CFL2,1,1
CDC73,CLIC1,1,1
CDC73,CMPK1,1,1
CDC73,CPT1A,1,1
CDC73,CWC27,1,1
CDC73,CYP27A1,1,1
CDC73,DHRS7B,1,1
CDC73,DUSP10,1,1
CDC73,EAF1,1,1
CDC73,ELK3,1,1
CDC73,ERBB3,1,1
CDC73,FAM199X,1,1
CDC73,FAM60A,1,1
CDC73,FARSA,1,1
CDC73,FSD1,1,1
CDC73,GADD45A,1,1
CDC73,GART,1,1
CDC73,GMFB,1,1
CDC73,GOLPH3L,1,1
CDC73,ID1,1,1
CDC73,KIAA0319L,1,1
CDC73,KIAA1429,1,1
CDC73,KRT18,1,1
CDC73,LIN7C,1,1
CDC73,LINC01296,1,1
CDC73,LLPH,1,1
CDC73,LURAP1,1,1
CDC73,MAP3K7,1,1
CDC73,MAP4K5,1,1
CDC73,MCFD2,1,1
CDC73,MYNN,1,1
CDC73,NDFIP2,1,1
CDC73,NIPAL1,1,1
CDC73,PDE12,1,1
CDC73,PFDN2,1,1
CDC73,PHIP,1,1
CDC73,PLAUR,1,1
CDC73,PLEKHH1,1,1
CDC73,PMM1,1,1
CDC73,PPP1R14BP3,1,1
CDC73,PRKCDBP,1,1
CDC73,PRKCI,1,1
CDC73,PSMC4,1,1
CDC73,PUS7L,1,1
CDC73,QSER1,1,1
CDC73,RP11-529K1.3,1,1
CDC73,RPS26,1,1
CDC73,RRAS2,1,1
CDC73,RUVBL2,1,1
CDC73,SCHIP1,1,1
CDC73,SCPEP1,1,1
CDC73,SEPT9,1,1
CDC73,SERBP1,1,1
CDC73,SLC11A2,1,1
CDC73,SLC25A43,1,1
CDC73,SLC2A4RG,1,1
CDC73,SMARCD1,1,1
CDC73,SMIM13,1,1
CDC73,SMN1,1,1
CDC73,TIMM17A,1,1
CDC73,TMCO1,1,1
CDC73,TMEM123,1,1
CDC73,TNFRSF12A,1,1
CDC73,TROVE2,1,1
CDC73,TTC39C,1,1
CDC73,UHMK1,1,1
CDC73,VEZT,1,1
CDC73,VMA21,1,1
TMEM206,ARF4,1,1
TMEM206,CKLF,1,1
TMEM206,CRLS1,1,1
TMEM206,KLF15,1,1
TMEM206,MRPL47,1,1
TMEM206,PCGF5,1,1
TMEM206,PLS1,1,1
TMEM206,TTC28,1,1
TMEM206,UBE2V2,1,1
ELK3,ABCA5,1,1
ELK3,ACACB,1,1
ELK3,ACSL4,1,1
ELK3,ANXA1,1,1
ELK3,C16ORF91,1,1
ELK3,CDC42EP2,1,1
ELK3,CDH2,1,1
ELK3,CFL2,1,1
ELK3,CLPTM1L,1,1
ELK3,CNPY3,1,1
ELK3,COPS5,1,1
ELK3,CTSA,1,1
ELK3,CYP27A1,1,1
ELK3,DHRS7B,1,1
ELK3,ERRFI1,1,1
ELK3,FAM69B,1,1
ELK3,FCHSD2,1,1
ELK3,FIS1,1,1
ELK3,FKBP3,1,1
ELK3,HMGCL,1,1
ELK3,HS1BP3,1,1
ELK3,ID1,1,1
ELK3,ISY1,1,1
ELK3,ITM2C,1,1
ELK3,KIAA0319L,1,1
ELK3,LARGE1,1,1
ELK3,MAK16,1,1
ELK3,MAN2A2,1,1
ELK3,MAP4K5,1,1
ELK3,MCFD2,1,1
ELK3,MICALL1,1,1
ELK3,MNAT1,1,1
ELK3,MYNN,1,1
ELK3,NIPAL1,1,1
ELK3,PDE6D,1,1
ELK3,PHLDA2,1,1
ELK3,PLAUR,1,1
ELK3,PMM1,1,1
ELK3,POLB,1,1
ELK3,PPP1R14BP3,1,1
ELK3,PSMB5,1,1
ELK3,QSER1,1,1
ELK3,RIN1,1,1
ELK3,RIN2,1,1
ELK3,SAMD1,1,1
ELK3,SCN8A,1,1
ELK3,SEPT9,1,1
ELK3,SLC2A4RG,1,1
ELK3,SMARCD1,1,1
ELK3,SMN1,1,1
ELK3,TANGO2,1,1
ELK3,TIMM17A,1,1
ELK3,TNFRSF12A,1,1
ELK3,TROVE2,1,1
ELK3,UBE2N,1,1
ELK3,WDR18,1,1
ELK3,ZNF678,1,1
ELK3,ZPR1,1,1
AGGF1,GMFB,1,1
WDR46,ABT1,1,1
WDR46,AC093616.4,1,1
WDR46,ACD,1,1
WDR46,ACOX1,1,1
WDR46,ANKRD33B,1,1
WDR46,ANXA3,1,1
WDR46,AP1M1,1,1
WDR46,ARFIP2,1,1
WDR46,ATG12,1,1
WDR46,BMI1,1,1
WDR46,BNIP1,1,1
WDR46,C12ORF75,1,1
WDR46,C19ORF47,1,1
WDR46,C5ORF42,1,1
WDR46,CCDC109B,1,1
WDR46,CDC123,1,1
WDR46,CDK4,1,1
WDR46,CEP250,1,1
WDR46,CKLF,1,1
WDR46,CKS1B,1,1
WDR46,CSNK2B,1,1
WDR46,CTNNAL1,1,1
WDR46,CWC22,1,1
WDR46,CYB5B,1,1
WDR46,DCAF6,1,1
WDR46,DDX39B,1,1
WDR46,DEK,1,1
WDR46,DPM1,1,1
WDR46,EIF6,1,1
WDR46,ENY2,1,1
WDR46,EXOSC8,1,1
WDR46,FAM60A,1,1
WDR46,GOLPH3L,1,1
WDR46,GPAT3,1,1
WDR46,GRASP,1,1
WDR46,GRHPR,1,1
WDR46,HARS,1,1
WDR46,HARS2,1,1
WDR46,HERPUD2,1,1
WDR46,HNRNPA1P48,1,1
WDR46,HRAS,1,1
WDR46,KIAA1429,1,1
WDR46,KMT5A,1,1
WDR46,KPNA3,1,1
WDR46,KTI12,1,1
WDR46,LARS,1,1
WDR46,LINC01296,1,1
WDR46,LRRC40,1,1
WDR46,MED29,1,1
WDR46,MIER1,1,1
WDR46,MOCS3,1,1
WDR46,MRPL22,1,1
WDR46,MRPL33,1,1
WDR46,MRPS10,1,1
WDR46,MRPS14,1,1
WDR46,MRPS26,1,1
WDR46,MYOF,1,1
WDR46,MYSM1,1,1
WDR46,NAA15,1,1
WDR46,NANP,1,1
WDR46,NDUFA1,1,1
WDR46,NELFE,1,1
WDR46,NPEPPS,1,1
WDR46,NPM3,1,1
WDR46,NTHL1,1,1
WDR46,NUDCD1,1,1
WDR46,NXT1,1,1
WDR46,OSBPL11,1,1
WDR46,PCLO,1,1
WDR46,PDF,1,1
WDR46,PDSS1,1,1
WDR46,PGGT1B,1,1
WDR46,PLAGL2,1,1
WDR46,PLS1,1,1
WDR46,PPM1G,1,1
WDR46,PPP2CA,1,1
WDR46,PRRG4,1,1
WDR46,PUS7L,1,1
WDR46,RAB4A,1,1
WDR46,RAB7A,1,1
WDR46,RABGGTB,1,1
WDR46,RARS,1,1
WDR46,RBMXL1,1,1
WDR46,RNF113A,1,1
WDR46,RP11-529K1.3,1,1
WDR46,RPF1,1,1
WDR46,RPL6,1,1
WDR46,RPS21,1,1
WDR46,RRAS2,1,1
WDR46,SF3B6,1,1
WDR46,SLC35D1,1,1
WDR46,SMIM13,1,1
WDR46,SNRPE,1,1
WDR46,SRP72,1,1
WDR46,ST3GAL4,1,1
WDR46,STAMBPL1,1,1
WDR46,SVIP,1,1
WDR46,TATDN1,1,1
WDR46,TFAM,1,1
WDR46,TIMM23,1,1
WDR46,TMEM14B,1,1
WDR46,TRPM2,1,1
WDR46,TRUB1,1,1
WDR46,TSSC4,1,1
WDR46,TXN,1,1
WDR46,UBA6,1,1
WDR46,UBE2J2,1,1
WDR46,UCHL5,1,1
WDR46,USP28,1,1
WDR46,WWC1,1,1
WDR46,XRN2,1,1
WDR46,ZBTB37,1,1
WDR46,ZNF281,1,1
WDR46,ZNF473,1,1
WDR46,ZNF655,1,1
WDR46,ZNF696,1,1
WDR46,ZRANB2,1,1
UTP4,BAZ1A,1,1
UTP4,BRD4,1,1
UTP4,C12ORF29,1,1
UTP4,CAPRIN1,1,1
UTP4,CCT5,1,1
UTP4,CDC42EP2,1,1
UTP4,CDK7,1,1
UTP4,CLPTM1L,1,1
UTP4,CNOT7,1,1
UTP4,COPS5,1,1
UTP4,CRIM1,1,1
UTP4,CSTF2,1,1
UTP4,DHRS7B,1,1
UTP4,DHX35,1,1
UTP4,EIF3M,1,1
UTP4,FAM136A,1,1
UTP4,FBXO45,1,1
UTP4,FEM1A,1,1
UTP4,FTSJ1,1,1
UTP4,FTSJ3,1,1
UTP4,GABRA5,1,1
UTP4,GINS3,1,1
UTP4,HMGCL,1,1
UTP4,ILF2,1,1
UTP4,ITM2C,1,1
UTP4,KARS,1,1
UTP4,KIAA0319L,1,1
UTP4,KIAA0586,1,1
UTP4,KLHL18,1,1
UTP4,KRT18,1,1
UTP4,LLPH,1,1
UTP4,MAK16,1,1
UTP4,MAP4K5,1,1
UTP4,MAPK1IP1L,1,1
UTP4,MRPL39,1,1
UTP4,MT1X,1,1
UTP4,NASP,1,1
UTP4,NEK7,1,1
UTP4,NIPAL1,1,1
UTP4,NKX3-1,1,1
UTP4,NUFIP1,1,1
UTP4,PAK1IP1,1,1
UTP4,PDE12,1,1
UTP4,PIGV,1,1
UTP4,PLAUR,1,1
UTP4,PMM1,1,1
UTP4,POLB,1,1
UTP4,POLR3C,1,1
UTP4,PPCS,1,1
UTP4,PPP2R1B,1,1
UTP4,PSMB5,1,1
UTP4,PSMC3,1,1
UTP4,PSMC6,1,1
UTP4,PSMD2,1,1
UTP4,QSER1,1,1
UTP4,RIN1,1,1
UTP4,RIOK1,1,1
UTP4,RRP12,1,1
UTP4,RRS1,1,1
UTP4,SACS,1,1
UTP4,SAMD1,1,1
UTP4,SERBP1,1,1
UTP4,SNAPC1,1,1
UTP4,SPIN4,1,1
UTP4,SREK1IP1,1,1
UTP4,TEX10,1,1
UTP4,TIMM17A,1,1
UTP4,TMA16,1,1
UTP4,TNFRSF12A,1,1
UTP4,TRMT10C,1,1
UTP4,UBE2N,1,1
UTP4,UHRF1,1,1
UTP4,UTP23,1,1
UTP4,VEZT,1,1
UTP4,WDR74,1,1
UTP4,WRN,1,1
UTP4,XK,1,1
UTP4,ZNF462,1,1
UTP4,ZPR1,1,1
MIPEP,ACOX1,1,1
MIPEP,AHI1,1,1
MIPEP,ARF5,1,1
MIPEP,BCL2A1,1,1
MIPEP,COQ7,1,1
MIPEP,EIF6,1,1
MIPEP,GOLPH3L,1,1
MIPEP,GRB2,1,1
MIPEP,IFI44,1,1
MIPEP,IGSF3,1,1
MIPEP,LPGAT1,1,1
MIPEP,MRPS14,1,1
MIPEP,MYSM1,1,1
MIPEP,NDUFA1,1,1
MIPEP,PLEKHA8,1,1
MIPEP,PRKCDBP,1,1
MIPEP,PTPN3,1,1
MIPEP,RNF113A,1,1
MIPEP,SCPEP1,1,1
MIPEP,SEPHS2,1,1
MIPEP,SLC11A2,1,1
MIPEP,SPIRE1,1,1
MIPEP,STX6,1,1
MIPEP,STXBP1,1,1
MIPEP,USP28,1,1
MIPEP,ZNF655,1,1
SGTA,ABCE1,1,1
SGTA,ACTN1,1,1
SGTA,CBFB,1,1
SGTA,CBY1,1,1
SGTA,CCT2,1,1
SGTA,CPSF6,1,1
SGTA,EIF2B1,1,1
SGTA,EIF3J,1,1
SGTA,ELAVL1,1,1
SGTA,GRWD1,1,1
SGTA,HNRNPU,1,1
SGTA,IRAK1,1,1
SGTA,LARP4,1,1
SGTA,MLKL,1,1
SGTA,PKNOX1,1,1
SGTA,POLR1B,1,1
SGTA,RAD23B,1,1
SGTA,RELT,1,1
SGTA,RNF126,1,1
SGTA,SART3,1,1
SGTA,SMAGP,1,1
SGTA,SRSF1,1,1
SGTA,SYNCRIP,1,1
SGTA,TFB2M,1,1
SGTA,TMEM53,1,1
SGTA,TTC4,1,1
SGTA,UMPS,1,1
SGTA,USP10,1,1
SGTA,UTP23,1,1
SGTA,ZNF598,1,1
SRPK1,ABCF1,1,1
SRPK1,ABHD5,1,1
SRPK1,ABT1,1,1
SRPK1,ACD,1,1
SRPK1,ADNP2,1,1
SRPK1,AHI1,1,1
SRPK1,BMI1,1,1
SRPK1,BNIP1,1,1
SRPK1,CCDC109B,1,1
SRPK1,CCT5,1,1
SRPK1,CDC123,1,1
SRPK1,CDCA5,1,1
SRPK1,CDK4,1,1
SRPK1,CDK7,1,1
SRPK1,CENPJ,1,1
SRPK1,CKS1B,1,1
SRPK1,CNOT7,1,1
SRPK1,CSTF2,1,1
SRPK1,CTNNAL1,1,1
SRPK1,DDX18,1,1
SRPK1,DDX31,1,1
SRPK1,DEK,1,1
SRPK1,DHRS7B,1,1
SRPK1,DHX35,1,1
SRPK1,DNA2,1,1
SRPK1,EID2,1,1
SRPK1,EIF3M,1,1
SRPK1,EIF4E2,1,1
SRPK1,EIF6,1,1
SRPK1,ENY2,1,1
SRPK1,ERI1,1,1
SRPK1,ERVK3-1,1,1
SRPK1,FAM60A,1,1
SRPK1,FBXO45,1,1
SRPK1,FTSJ3,1,1
SRPK1,GABRA5,1,1
SRPK1,GART,1,1
SRPK1,GINS3,1,1
SRPK1,GLRX2,1,1
SRPK1,GTF3C4,1,1
SRPK1,HARS,1,1
SRPK1,HAUS2,1,1
SRPK1,HMGN1,1,1
SRPK1,HNRNPC,1,1
SRPK1,HNRNPU,1,1
SRPK1,HRAS,1,1
SRPK1,ILF2,1,1
SRPK1,KARS,1,1
SRPK1,KIAA1429,1,1
SRPK1,KIAA1586,1,1
SRPK1,KLHL8,1,1
SRPK1,KMT5A,1,1
SRPK1,KPNA3,1,1
SRPK1,KRT18,1,1
SRPK1,LARP4,1,1
SRPK1,LBR,1,1
SRPK1,LIN7C,1,1
SRPK1,LLPH,1,1
SRPK1,LMNB1,1,1
SRPK1,MAGOH,1,1
SRPK1,MAPK1IP1L,1,1
SRPK1,MCM10,1,1
SRPK1,MCM2,1,1
SRPK1,MIS18A,1,1
SRPK1,MMP24-AS1,1,1
SRPK1,MRPL39,1,1
SRPK1,MYBL2,1,1
SRPK1,NAA15,1,1
SRPK1,NAA20,1,1
SRPK1,NOLC1,1,1
SRPK1,NPM3,1,1
SRPK1,NUFIP1,1,1
SRPK1,NUP107,1,1
SRPK1,PAK1IP1,1,1
SRPK1,PCGF6,1,1
SRPK1,PDE12,1,1
SRPK1,PDF,1,1
SRPK1,PDSS1,1,1
SRPK1,PFDN2,1,1
SRPK1,POLE3,1,1
SRPK1,POLR3C,1,1
SRPK1,PPM1G,1,1
SRPK1,PPP2CA,1,1
SRPK1,PPRC1,1,1
SRPK1,PRPF38A,1,1
SRPK1,PSMA3,1,1
SRPK1,PSMC3,1,1
SRPK1,PSMC3IP,1,1
SRPK1,PSMC6,1,1
SRPK1,PSMD2,1,1
SRPK1,PTS,1,1
SRPK1,PUS7L,1,1
SRPK1,RAB35,1,1
SRPK1,RAD1,1,1
SRPK1,RARS,1,1
SRPK1,RBMXL1,1,1
SRPK1,RIOK1,1,1
SRPK1,RP11-424C20.2,1,1
SRPK1,RRP12,1,1
SRPK1,RRP36,1,1
SRPK1,RRS1,1,1
SRPK1,SACS,1,1
SRPK1,SAPCD2,1,1
SRPK1,SERBP1,1,1
SRPK1,SKA3,1,1
SRPK1,SMIM13,1,1
SRPK1,SNRNP48,1,1
SRPK1,SNRPE,1,1
SRPK1,SPIN4,1,1
SRPK1,SPRYD7,1,1
SRPK1,SREK1IP1,1,1
SRPK1,SRP72,1,1
SRPK1,SRSF3,1,1
SRPK1,STIP1,1,1
SRPK1,SVIP,1,1
SRPK1,SYNCRIP,1,1
SRPK1,TAF5,1,1
SRPK1,TFAM,1,1
SRPK1,TFB2M,1,1
SRPK1,TGS1,1,1
SRPK1,TIMM17A,1,1
SRPK1,TIMM23,1,1
SRPK1,TMA16,1,1
SRPK1,TMEM14B,1,1
SRPK1,TPM3,1,1
SRPK1,TRIP13,1,1
SRPK1,TRMT10C,1,1
SRPK1,TSSC4,1,1
SRPK1,TUBB4B,1,1
SRPK1,UBE3A,1,1
SRPK1,UCHL5,1,1
SRPK1,UHRF1,1,1
SRPK1,UHRF1BP1L,1,1
SRPK1,USP1,1,1
SRPK1,UTP23,1,1
SRPK1,VRK1,1,1
SRPK1,WDR74,1,1
SRPK1,WWC1,1,1
SRPK1,ZIC2,1,1
SRPK1,ZNF281,1,1
SRPK1,ZNF473,1,1
SRPK1,ZNF695,1,1
SRPK1,ZW10,1,1
ORC1,AKAP1,1,1
ORC1,CDCA2,1,1
ORC1,CHAF1B,1,1
ORC1,DCAF10,1,1
ORC1,FANCA,1,1
ORC1,HNRNPL,1,1
ORC1,L2HGDH,1,1
ORC1,MPHOSPH10,1,1
ORC1,MSH6,1,1
ORC1,NBN,1,1
ORC1,PAICS,1,1
ORC1,PNPT1,1,1
ORC1,PPP5C,1,1
ORC1,PTBP1,1,1
ORC1,RAD51AP1,1,1
ORC1,RFC3,1,1
ORC1,RMI1,1,1
ORC1,STIL,1,1
ORC1,TIPIN,1,1
ORC1,TMEM63B,1,1
ORC1,TUBA1C,1,1
ORC1,USP10,1,1
ORC1,VBP1,1,1
ZDHHC4,ABCE1,1,1
ZDHHC4,ABCF1,1,1
ZDHHC4,ACTN1,1,1
ZDHHC4,AHCTF1,1,1
ZDHHC4,CBFB,1,1
ZDHHC4,CCT2,1,1
ZDHHC4,CLINT1,1,1
ZDHHC4,CPSF6,1,1
ZDHHC4,CSTF2,1,1
ZDHHC4,DDX18,1,1
ZDHHC4,DIAPH1,1,1
ZDHHC4,DIMT1,1,1
ZDHHC4,EIF3J,1,1
ZDHHC4,ELAVL1,1,1
ZDHHC4,ERVK3-1,1,1
ZDHHC4,FAM136A,1,1
ZDHHC4,FAM234A,1,1
ZDHHC4,GLRX2,1,1
ZDHHC4,GRWD1,1,1
ZDHHC4,HNRNPU,1,1
ZDHHC4,IRAK1,1,1
ZDHHC4,KIAA1586,1,1
ZDHHC4,LARP4,1,1
ZDHHC4,LLPH,1,1
ZDHHC4,PIGV,1,1
ZDHHC4,POLR1B,1,1
ZDHHC4,PSME4,1,1
ZDHHC4,RAD23B,1,1
ZDHHC4,RELT,1,1
ZDHHC4,RNF126,1,1
ZDHHC4,SGSM3,1,1
ZDHHC4,SLC2A1,1,1
ZDHHC4,SYNCRIP,1,1
ZDHHC4,TFB2M,1,1
ZDHHC4,TRMT61A,1,1
ZDHHC4,TUBB3,1,1
ZDHHC4,UTP23,1,1
ZDHHC4,ZNF598,1,1
SLC16A10,ATP6AP1,1,1
SLC16A10,BCL2A1,1,1
SLC16A10,GAS1,1,1
SLC16A10,GPM6B,1,1
SLC16A10,IER5,1,1
SLC16A10,ITGAE,1,1
SLC16A10,LPGAT1,1,1
SLC16A10,NCALD,1,1
SGSM3,ACTN1,1,1
SGSM3,CBY1,1,1
SGSM3,CHKB,1,1
SGSM3,GALT,1,1
SGSM3,IREB2,1,1
SGSM3,PRPF6,1,1
SGSM3,RAB4B,1,1
SGSM3,TPM3,1,1
RRAS2,AC093616.4,1,1
RRAS2,AHI1,1,1
RRAS2,ANKRD33B,1,1
RRAS2,ANXA1,1,1
RRAS2,ANXA3,1,1
RRAS2,BCL2A1,1,1
RRAS2,BMI1,1,1
RRAS2,BTF3L4,1,1
RRAS2,CCDC109B,1,1
RRAS2,CDH2,1,1
RRAS2,CKLF,1,1
RRAS2,CSNK2B,1,1
RRAS2,DPM1,1,1
RRAS2,DUSP10,1,1
RRAS2,EIF6,1,1
RRAS2,FAM199X,1,1
RRAS2,FAM60A,1,1
RRAS2,FSD1,1,1
RRAS2,GADD45A,1,1
RRAS2,GART,1,1
RRAS2,GNG4,1,1
RRAS2,GOLPH3L,1,1
RRAS2,GPAT3,1,1
RRAS2,GRASP,1,1
RRAS2,GRHPR,1,1
RRAS2,HARS2,1,1
RRAS2,KMT5A,1,1
RRAS2,LARS,1,1
RRAS2,LINC01296,1,1
RRAS2,MIER1,1,1
RRAS2,MRPL33,1,1
RRAS2,MRPS14,1,1
RRAS2,MYOF,1,1
RRAS2,NDFIP2,1,1
RRAS2,NDUFA1,1,1
RRAS2,NELFE,1,1
RRAS2,NPM3,1,1
RRAS2,NTHL1,1,1
RRAS2,PDF,1,1
RRAS2,PFDN2,1,1
RRAS2,PRKCDBP,1,1
RRAS2,PSMC4,1,1
RRAS2,PUS7L,1,1
RRAS2,RP11-529K1.3,1,1
RRAS2,RPL6,1,1
RRAS2,RPS21,1,1
RRAS2,SF3B6,1,1
RRAS2,SLC11A2,1,1
RRAS2,SLC25A43,1,1
RRAS2,SLC2A4RG,1,1
RRAS2,SLC9A6,1,1
RRAS2,SMIM13,1,1
RRAS2,SNRPE,1,1
RRAS2,TMEM123,1,1
RRAS2,TSSC4,1,1
RRAS2,UBE2J2,1,1
RRAS2,UHMK1,1,1
RRAS2,ZNF281,1,1
RRAS2,ZNF365,1,1
LRR1,ABCE1,1,1
LRR1,CCNA2,1,1
LRR1,CDCA5,1,1
LRR1,CHEK1,1,1
LRR1,DDX18,1,1
LRR1,DIAPH1,1,1
LRR1,DIMT1,1,1
LRR1,ERVK3-1,1,1
LRR1,GINS1,1,1
LRR1,GINS3,1,1
LRR1,GLRX2,1,1
LRR1,HNRNPL,1,1
LRR1,HNRNPU,1,1
LRR1,HSP90AA1,1,1
LRR1,KIAA0101,1,1
LRR1,KIF14,1,1
LRR1,LBR,1,1
LRR1,LMNB1,1,1
LRR1,MCM10,1,1
LRR1,MEGF8,1,1
LRR1,MIS18A,1,1
LRR1,MYBL2,1,1
LRR1,NAA15,1,1
LRR1,NOLC1,1,1
LRR1,PAK1IP1,1,1
LRR1,PCGF6,1,1
LRR1,PDRG1,1,1
LRR1,PDSS1,1,1
LRR1,POLE3,1,1
LRR1,PRPS2,1,1
LRR1,PSMA3,1,1
LRR1,PTS,1,1
LRR1,RELT,1,1
LRR1,RFWD3,1,1
LRR1,RMI1,1,1
LRR1,RNF126,1,1
LRR1,SRSF3,1,1
LRR1,SYNCRIP,1,1
LRR1,TEAD4,1,1
LRR1,TFB2M,1,1
LRR1,TIPIN,1,1
LRR1,TMEM126A,1,1
LRR1,TRIP13,1,1
LRR1,TUBA1C,1,1
LRR1,TUBB4B,1,1
LRR1,TUBB6,1,1
LRR1,UHRF1BP1L,1,1
LRR1,USP1,1,1
LRR1,WWC1,1,1
LRR1,ZIC2,1,1
LRR1,ZNF695,1,1
LRR1,ZW10,1,1
SMIM13,AC009237.8,1,1
SMIM13,ACD,1,1
SMIM13,ACOX1,1,1
SMIM13,ACTN1,1,1
SMIM13,AHI1,1,1
SMIM13,ANKRD33B,1,1
SMIM13,ARF4,1,1
SMIM13,ARF5,1,1
SMIM13,ATP6AP1,1,1
SMIM13,BCL2A1,1,1
SMIM13,BMI1,1,1
SMIM13,BTF3L4,1,1
SMIM13,CAAP1,1,1
SMIM13,CCT5,1,1
SMIM13,CDH2,1,1
SMIM13,CDK4,1,1
SMIM13,CKLF,1,1
SMIM13,CKS1B,1,1
SMIM13,CMPK1,1,1
SMIM13,CPT1A,1,1
SMIM13,CSNK2B,1,1
SMIM13,CSTF2,1,1
SMIM13,DDX18,1,1
SMIM13,DEK,1,1
SMIM13,DHX35,1,1
SMIM13,DPM1,1,1
SMIM13,EIF6,1,1
SMIM13,ERI1,1,1
SMIM13,EXOC5,1,1
SMIM13,FAM199X,1,1
SMIM13,FAM60A,1,1
SMIM13,FBXL6,1,1
SMIM13,FBXO45,1,1
SMIM13,GABRA5,1,1
SMIM13,GADD45A,1,1
SMIM13,GALT,1,1
SMIM13,GART,1,1
SMIM13,GLRX2,1,1
SMIM13,GMEB2,1,1
SMIM13,GOLPH3L,1,1
SMIM13,GPBP1L1,1,1
SMIM13,GRHPR,1,1
SMIM13,HARS,1,1
SMIM13,HRAS,1,1
SMIM13,KIAA1429,1,1
SMIM13,KMT5A,1,1
SMIM13,KPNA3,1,1
SMIM13,LARS,1,1
SMIM13,LIN7C,1,1
SMIM13,LINC01296,1,1
SMIM13,LLPH,1,1
SMIM13,MIER1,1,1
SMIM13,MMP24-AS1,1,1
SMIM13,MOCS3,1,1
SMIM13,MRPS10,1,1
SMIM13,MRPS14,1,1
SMIM13,MYSM1,1,1
SMIM13,MZT1,1,1
SMIM13,NAA15,1,1
SMIM13,NAGLU,1,1
SMIM13,NANP,1,1
SMIM13,NCALD,1,1
SMIM13,NCBP1,1,1
SMIM13,NDFIP2,1,1
SMIM13,NDUFA1,1,1
SMIM13,NOLC1,1,1
SMIM13,NPM3,1,1
SMIM13,NUDCD1,1,1
SMIM13,NXT1,1,1
SMIM13,OSBPL11,1,1
SMIM13,PAK1IP1,1,1
SMIM13,PDE12,1,1
SMIM13,PDF,1,1
SMIM13,PDSS1,1,1
SMIM13,PFDN2,1,1
SMIM13,PFN1,1,1
SMIM13,PGGT1B,1,1
SMIM13,PHIP,1,1
SMIM13,PLS1,1,1
SMIM13,PPM1G,1,1
SMIM13,PPP2CA,1,1
SMIM13,PRKCDBP,1,1
SMIM13,PRKCI,1,1
SMIM13,PSMC3,1,1
SMIM13,PSMC4,1,1
SMIM13,PUS7L,1,1
SMIM13,RARS,1,1
SMIM13,RNASEK,1,1
SMIM13,RP11-529K1.3,1,1
SMIM13,RRP12,1,1
SMIM13,RRP36,1,1
SMIM13,SART3,1,1
SMIM13,SCHIP1,1,1
SMIM13,SCPEP1,1,1
SMIM13,SCYL3,1,1
SMIM13,SERBP1,1,1
SMIM13,SLC25A43,1,1
SMIM13,SMARCD1,1,1
SMIM13,SNRPE,1,1
SMIM13,SRP72,1,1
SMIM13,SVIP,1,1
SMIM13,TATDN1,1,1
SMIM13,TFAM,1,1
SMIM13,TFB2M,1,1
SMIM13,TIMM17A,1,1
SMIM13,TMCO1,1,1
SMIM13,TMEM123,1,1
SMIM13,TMEM14B,1,1
SMIM13,TPM3,1,1
SMIM13,TPRKB,1,1
SMIM13,TRIP13,1,1
SMIM13,TRUB1,1,1
SMIM13,TSSC4,1,1
SMIM13,TTC28,1,1
SMIM13,UBA6,1,1
SMIM13,UBE2J2,1,1
SMIM13,UBE2V2,1,1
SMIM13,UCHL5,1,1
SMIM13,UHMK1,1,1
SMIM13,USP1,1,1
SMIM13,WWC1,1,1
SMIM13,ZNF281,1,1
SMIM13,ZNF473,1,1
SMIM13,ZNF655,1,1
SMIM13,ZRANB2,1,1
ZBTB9,CCNJL,1,1
ZBTB9,CHUK,1,1
ZBTB9,DHX16,1,1
ZBTB9,DNAJC9,1,1
ZBTB9,ECD,1,1
ZBTB9,EDRF1,1,1
ZBTB9,ERLIN1,1,1
ZBTB9,GSK3A,1,1
ZBTB9,HAUS2,1,1
ZBTB9,MED29,1,1
ZBTB9,NAF1,1,1
ZBTB9,NSMCE4A,1,1
ZBTB9,PLAGL2,1,1
ZBTB9,PRDX1,1,1
ZBTB9,RBM22,1,1
ZBTB9,TFDP1,1,1
ZBTB9,TYW3,1,1
ZBTB9,ZNF232,1,1
ZBTB9,ZNF696,1,1
STXBP1,BCL2A1,1,1
STXBP1,COQ7,1,1
STXBP1,FBXL6,1,1
STXBP1,HPS3,1,1
STXBP1,MYSM1,1,1
STXBP1,PTPN3,1,1
STXBP1,SCPEP1,1,1
STXBP1,SEPHS2,1,1
STXBP1,SPIRE1,1,1
STXBP1,SSH2,1,1
STXBP1,STX6,1,1
URGCP,ANXA3,1,1
URGCP,ARFIP2,1,1
URGCP,ATG12,1,1
URGCP,DCAF6,1,1
URGCP,ENOX2,1,1
URGCP,FAM178B,1,1
URGCP,GNA12,1,1
URGCP,GRASP,1,1
URGCP,LRRC40,1,1
URGCP,METTL10,1,1
URGCP,NHSL1,1,1
URGCP,NXT1,1,1
URGCP,PJA1,1,1
URGCP,PLEKHG4,1,1
URGCP,PRRG4,1,1
URGCP,RAB4A,1,1
URGCP,RAB7A,1,1
URGCP,RNF113A,1,1
URGCP,RPS13,1,1
URGCP,SF3B6,1,1
URGCP,ST3GAL4,1,1
URGCP,TMSB4X,1,1
URGCP,TRMT13,1,1
MT1X,ACD,1,1
MT1X,ATRIP,1,1
MT1X,C12ORF29,1,1
MT1X,CAPRIN1,1,1
MT1X,CCT5,1,1
MT1X,CDC42EP2,1,1
MT1X,CDK7,1,1
MT1X,CFL2,1,1
MT1X,CNOT7,1,1
MT1X,CNPY3,1,1
MT1X,COPS5,1,1
MT1X,CRIM1,1,1
MT1X,CSTF2,1,1
MT1X,DAZAP1,1,1
MT1X,DHX35,1,1
MT1X,DNA2,1,1
MT1X,EID2,1,1
MT1X,EIF2AK4,1,1
MT1X,EIF3M,1,1
MT1X,ERI1,1,1
MT1X,FBXO45,1,1
MT1X,FEM1A,1,1
MT1X,FTSJ1,1,1
MT1X,FTSJ3,1,1
MT1X,GABRA5,1,1
MT1X,GART,1,1
MT1X,GCH1,1,1
MT1X,GINS3,1,1
MT1X,HNRNPC,1,1
MT1X,ILF2,1,1
MT1X,ISY1,1,1
MT1X,JTB,1,1
MT1X,KARS,1,1
MT1X,KIAA0319L,1,1
MT1X,KIAA0586,1,1
MT1X,KIF3A,1,1
MT1X,KRT18,1,1
MT1X,LBR,1,1
MT1X,MAGOH,1,1
MT1X,MAPK1IP1L,1,1
MT1X,MCM2,1,1
MT1X,MRPL39,1,1
MT1X,MYBL2,1,1
MT1X,NASP,1,1
MT1X,NCBP2-AS2,1,1
MT1X,NIPAL1,1,1
MT1X,NKX3-1,1,1
MT1X,PAK1IP1,1,1
MT1X,PFDN2,1,1
MT1X,PPCS,1,1
MT1X,PRPF38A,1,1
MT1X,PSMA3,1,1
MT1X,PSMC3,1,1
MT1X,PSMC3IP,1,1
MT1X,PSMC6,1,1
MT1X,PSMD2,1,1
MT1X,PTPRB,1,1
MT1X,RIOK1,1,1
MT1X,RP11-424C20.2,1,1
MT1X,RRS1,1,1
MT1X,RUVBL2,1,1
MT1X,SAPCD2,1,1
MT1X,SERBP1,1,1
MT1X,SNRPE,1,1
MT1X,SPIN4,1,1
MT1X,TIMM17A,1,1
MT1X,TIMM8A,1,1
MT1X,TMA16,1,1
MT1X,TRMT10C,1,1
MT1X,TUBB4B,1,1
MT1X,UBE2N,1,1
MT1X,UHRF1,1,1
MT1X,VEZT,1,1
MT1X,WDR18,1,1
MT1X,WDR74,1,1
MT1X,WRN,1,1
MT1X,XK,1,1
TUFM,C1ORF216,1,1
TUFM,DPF1,1,1
TUFM,EPS8L1,1,1
TUFM,FBXL6,1,1
TUFM,GNE,1,1
TUFM,PFN1,1,1
TUFM,RPL35A,1,1
TUFM,RPS15,1,1
TUFM,RPS27A,1,1
TUFM,RUVBL2,1,1
TUFM,SERINC1,1,1
TUFM,TTC28,1,1
TUFM,UBE2C,1,1
MT-ATP8,MTATP6P1,1,1
RIN1,BPGM,1,1
RIN1,BRD4,1,1
RIN1,C16ORF91,1,1
RIN1,CD63,1,1
RIN1,CDC42EP2,1,1
RIN1,CDH2,1,1
RIN1,CLPTM1L,1,1
RIN1,COPS5,1,1
RIN1,CRIM1,1,1
RIN1,CTSA,1,1
RIN1,CYP27A1,1,1
RIN1,EIF2AK4,1,1
RIN1,FAM69B,1,1
RIN1,FARSA,1,1
RIN1,FCHSD2,1,1
RIN1,FIS1,1,1
RIN1,FTSJ1,1,1
RIN1,FTSJ3,1,1
RIN1,HMGCL,1,1
RIN1,HS1BP3,1,1
RIN1,IDH2,1,1
RIN1,ISY1,1,1
RIN1,ITM2C,1,1
RIN1,JTB,1,1
RIN1,KARS,1,1
RIN1,KIAA0319L,1,1
RIN1,KIF3A,1,1
RIN1,KRT18,1,1
RIN1,LARGE1,1,1
RIN1,MAK16,1,1
RIN1,MAP4K5,1,1
RIN1,MCFD2,1,1
RIN1,MICALL1,1,1
RIN1,PDE6D,1,1
RIN1,PHLDA2,1,1
RIN1,PLAUR,1,1
RIN1,PMM1,1,1
RIN1,POLB,1,1
RIN1,PPCS,1,1
RIN1,PSMB5,1,1
RIN1,QSER1,1,1
RIN1,RIN2,1,1
RIN1,SAMD1,1,1
RIN1,SEPT9,1,1
RIN1,SLC2A4RG,1,1
RIN1,SMARCD1,1,1
RIN1,SMN1,1,1
RIN1,TIMM17A,1,1
RIN1,TM7SF3,1,1
RIN1,TMA16,1,1
RIN1,TNFRSF12A,1,1
RIN1,UBE2N,1,1
RIN1,WDR18,1,1
RIN1,WDR74,1,1
RIN1,ZPR1,1,1
RBM12,ABCE1,1,1
RBM12,ABCF1,1,1
RBM12,B4GAT1,1,1
RBM12,BCCIP,1,1
RBM12,CEBPZ,1,1
RBM12,CEP78,1,1
RBM12,CRLF3,1,1
RBM12,DCAF13,1,1
RBM12,DDX18,1,1
RBM12,DIAPH1,1,1
RBM12,ERVK3-1,1,1
RBM12,ETF1,1,1
RBM12,GINS1,1,1
RBM12,GRWD1,1,1
RBM12,IPO11,1,1
RBM12,KHDRBS1,1,1
RBM12,KIAA0101,1,1
RBM12,KIF11,1,1
RBM12,MAD2L1,1,1
RBM12,MATR3,1,1
RBM12,MSH2,1,1
RBM12,NAA15,1,1
RBM12,NOLC1,1,1
RBM12,PDRG1,1,1
RBM12,PET117,1,1
RBM12,POLE3,1,1
RBM12,RNF138,1,1
RBM12,RRP1,1,1
RBM12,RRP36,1,1
RBM12,SKIV2L2,1,1
RBM12,SP3,1,1
RBM12,SRSF2,1,1
RBM12,SRSF3,1,1
RBM12,TAF2,1,1
RBM12,TMEM205,1,1
RBM12,UBA2,1,1
RBM12,UHRF1BP1L,1,1
RBM12,USP16,1,1
ETF1,B4GAT1,1,1
ETF1,CEBPZ,1,1
ETF1,CRLF3,1,1
ETF1,IPO11,1,1
ETF1,MATR3,1,1
ETF1,MSH2,1,1
ETF1,NBN,1,1
ETF1,SBNO1,1,1
ETF1,SKIV2L2,1,1
ETF1,SP3,1,1
ETF1,TMEM205,1,1
ETF1,UBA2,1,1
ETF1,ZBTB2,1,1
TAF5L,RRP1,1,1
TAF5L,USP16,1,1
RPF1,ABT1,1,1
RPF1,AC093616.4,1,1
RPF1,ACD,1,1
RPF1,ANKRD33B,1,1
RPF1,ANXA3,1,1
RPF1,AP3S1,1,1
RPF1,ARFIP2,1,1
RPF1,ATG12,1,1
RPF1,BMI1,1,1
RPF1,BNIP1,1,1
RPF1,C12ORF75,1,1
RPF1,C19ORF47,1,1
RPF1,C4ORF46,1,1
RPF1,CCDC109B,1,1
RPF1,CCNJL,1,1
RPF1,CDC123,1,1
RPF1,CDK4,1,1
RPF1,CENPJ,1,1
RPF1,CEP120,1,1
RPF1,CEP250,1,1
RPF1,CHUK,1,1
RPF1,CRNKL1,1,1
RPF1,CTNNAL1,1,1
RPF1,DBI,1,1
RPF1,DCAF6,1,1
RPF1,DDX39B,1,1
RPF1,DHX16,1,1
RPF1,DPM1,1,1
RPF1,DR1,1,1
RPF1,ECD,1,1
RPF1,EEF1B2,1,1
RPF1,EIF4E2,1,1
RPF1,ENY2,1,1
RPF1,EXOSC8,1,1
RPF1,GRASP,1,1
RPF1,GRHPR,1,1
RPF1,HARS,1,1
RPF1,HARS2,1,1
RPF1,HAUS2,1,1
RPF1,HMGN1,1,1
RPF1,HRAS,1,1
RPF1,KHK,1,1
RPF1,KMT5A,1,1
RPF1,KPNA3,1,1
RPF1,LRRC40,1,1
RPF1,MAGOH,1,1
RPF1,MED29,1,1
RPF1,METTL10,1,1
RPF1,MIER1,1,1
RPF1,MIS12,1,1
RPF1,MRPL33,1,1
RPF1,MRPS10,1,1
RPF1,MRPS14,1,1
RPF1,MRPS16,1,1
RPF1,MRPS26,1,1
RPF1,NDUFA1,1,1
RPF1,NELFE,1,1
RPF1,NHSL1,1,1
RPF1,NPEPPS,1,1
RPF1,NPM3,1,1
RPF1,NR2F2,1,1
RPF1,NRM,1,1
RPF1,NSMCE4A,1,1
RPF1,NXT1,1,1
RPF1,OSBPL11,1,1
RPF1,PCLO,1,1
RPF1,PDF,1,1
RPF1,PGGT1B,1,1
RPF1,PLAGL2,1,1
RPF1,PLS3,1,1
RPF1,PPRC1,1,1
RPF1,PRRG4,1,1
RPF1,RAB4A,1,1
RPF1,RABGGTB,1,1
RPF1,RAD1,1,1
RPF1,RARS,1,1
RPF1,RBBP9,1,1
RPF1,RBMXL1,1,1
RPF1,RICTOR,1,1
RPF1,SF3B6,1,1
RPF1,SNRPE,1,1
RPF1,SPRYD7,1,1
RPF1,ST3GAL4,1,1
RPF1,SUGT1,1,1
RPF1,SUPV3L1,1,1
RPF1,TFAM,1,1
RPF1,TFDP1,1,1
RPF1,TIFA,1,1
RPF1,TIMM23,1,1
RPF1,TMEM14B,1,1
RPF1,TRMT13,1,1
RPF1,TRPM2,1,1
RPF1,TSSC4,1,1
RPF1,TYW3,1,1
RPF1,UBA6,1,1
RPF1,UBL4A,1,1
RPF1,USP28,1,1
RPF1,ZNF232,1,1
RPF1,ZNF281,1,1
RPF1,ZNF696,1,1
HPS3,ACSS1,1,1
HPS3,ANXA4,1,1
HPS3,C16ORF91,1,1
HPS3,CNOT3,1,1
HPS3,COPS5,1,1
HPS3,CPT1A,1,1
HPS3,EIF3G,1,1
HPS3,FARSA,1,1
HPS3,FBXL4,1,1
HPS3,FBXL6,1,1
HPS3,FIS1,1,1
HPS3,FTSJ1,1,1
HPS3,GLMP,1,1
HPS3,HS1BP3,1,1
HPS3,IGF2BP1,1,1
HPS3,KIAA0319L,1,1
HPS3,KIF3A,1,1
HPS3,LARGE1,1,1
HPS3,PLEKHH1,1,1
HPS3,POLR3E,1,1
HPS3,PPCS,1,1
HPS3,PSMB5,1,1
HPS3,PSMC5,1,1
HPS3,PTPN3,1,1
HPS3,RNF130,1,1
HPS3,SAMD1,1,1
HPS3,SCPEP1,1,1
HPS3,SEPT9,1,1
HPS3,SLC11A2,1,1
HPS3,SMN1,1,1
HPS3,TANGO2,1,1
HPS3,TTC39C,1,1
HPS3,VAT1,1,1
HPS3,VMA21,1,1
HPS3,ZNF436,1,1
RUNDC1,NTHL1,1,1
RUNDC1,PJA1,1,1
RUNDC1,PLEKHA8,1,1
RUNDC1,RAB7A,1,1
RUNDC1,TRIM38,1,1
TANGO2,ACACB,1,1
TANGO2,ACSL4,1,1
TANGO2,ACSS1,1,1
TANGO2,ANXA4,1,1
TANGO2,C16ORF91,1,1
TANGO2,CMPK1,1,1
TANGO2,CNOT3,1,1
TANGO2,EIF3G,1,1
TANGO2,ELAVL1,1,1
TANGO2,FAM69B,1,1
TANGO2,FARSA,1,1
TANGO2,FBXL4,1,1
TANGO2,FGFR4,1,1
TANGO2,FKBP3,1,1
TANGO2,GHDC,1,1
TANGO2,GLB1,1,1
TANGO2,GLMP,1,1
TANGO2,HMGCL,1,1
TANGO2,HS1BP3,1,1
TANGO2,ID1,1,1
TANGO2,IGF2BP1,1,1
TANGO2,IRAK1,1,1
TANGO2,KIAA0319L,1,1
TANGO2,LURAP1,1,1
TANGO2,MAK16,1,1
TANGO2,MAP4K5,1,1
TANGO2,MRPL47,1,1
TANGO2,MYNN,1,1
TANGO2,PLAUR,1,1
TANGO2,PLEKHH1,1,1
TANGO2,PM20D2,1,1
TANGO2,PRKCI,1,1
TANGO2,PSMB5,1,1
TANGO2,PSMC5,1,1
TANGO2,RNF130,1,1
TANGO2,SCPEP1,1,1
TANGO2,SEPT9,1,1
TANGO2,SMN1,1,1
TANGO2,TIMM17A,1,1
TANGO2,TMEM69,1,1
TANGO2,TNFRSF12A,1,1
TANGO2,TRAF5,1,1
TANGO2,TROVE2,1,1
TANGO2,TTC39C,1,1
TANGO2,VAT1,1,1
TANGO2,VMA21,1,1
TANGO2,ZDHHC21,1,1
TANGO2,ZNF215,1,1
TANGO2,ZNF678,1,1
TRAF5,ACSS1,1,1
TRAF5,ATP6AP1,1,1
TRAF5,BVES,1,1
TRAF5,C1ORF216,1,1
TRAF5,CCDC112,1,1
TRAF5,CDK19,1,1
TRAF5,CMPK1,1,1
TRAF5,DPF1,1,1
TRAF5,EIF3G,1,1
TRAF5,EMD,1,1
TRAF5,FARSA,1,1
TRAF5,FBXL4,1,1
TRAF5,FGFR4,1,1
TRAF5,FSD1,1,1
TRAF5,GHDC,1,1
TRAF5,GLB1,1,1
TRAF5,GLMP,1,1
TRAF5,IGF2BP1,1,1
TRAF5,LURAP1,1,1
TRAF5,MRPL47,1,1
TRAF5,PLEKHH1,1,1
TRAF5,POLR3E,1,1
TRAF5,PRKCI,1,1
TRAF5,PSMC5,1,1
TRAF5,PSMD4,1,1
TRAF5,RPL35A,1,1
TRAF5,RUVBL2,1,1
TRAF5,SEPT9,1,1
TRAF5,SERINC1,1,1
TRAF5,SLC39A1,1,1
TRAF5,TIMM17B,1,1
TRAF5,TMEM69,1,1
TRAF5,TTC39C,1,1
TRAF5,TUBB3,1,1
TRAF5,VAT1,1,1
TRAF5,VMA21,1,1
TRAF5,ZHX3,1,1
DIAPH1,ABCE1,1,1
DIAPH1,ACTN1,1,1
DIAPH1,AHCTF1,1,1
DIAPH1,ARF5,1,1
DIAPH1,CBFB,1,1
DIAPH1,CBY1,1,1
DIAPH1,CCT2,1,1
DIAPH1,CEBPZ,1,1
DIAPH1,CPSF6,1,1
DIAPH1,CRLF3,1,1
DIAPH1,CSTF2,1,1
DIAPH1,DDX18,1,1
DIAPH1,DIMT1,1,1
DIAPH1,ERVK3-1,1,1
DIAPH1,FAM234A,1,1
DIAPH1,GLRX2,1,1
DIAPH1,GRWD1,1,1
DIAPH1,HNRNPU,1,1
DIAPH1,IPO11,1,1
DIAPH1,KHDRBS1,1,1
DIAPH1,KIAA0101,1,1
DIAPH1,KIAA1586,1,1
DIAPH1,KIF14,1,1
DIAPH1,KLHL8,1,1
DIAPH1,LARP4,1,1
DIAPH1,LMNB1,1,1
DIAPH1,MEGF8,1,1
DIAPH1,MSH2,1,1
DIAPH1,NAA15,1,1
DIAPH1,NOLC1,1,1
DIAPH1,PCGF6,1,1
DIAPH1,PDRG1,1,1
DIAPH1,PET117,1,1
DIAPH1,POLE3,1,1
DIAPH1,PPP2CA,1,1
DIAPH1,PSME4,1,1
DIAPH1,RAD23B,1,1
DIAPH1,RELT,1,1
DIAPH1,RMI1,1,1
DIAPH1,RNF126,1,1
DIAPH1,RNF138,1,1
DIAPH1,RRP36,1,1
DIAPH1,SART3,1,1
DIAPH1,SKIV2L2,1,1
DIAPH1,SMAGP,1,1
DIAPH1,SRSF1,1,1
DIAPH1,SRSF3,1,1
DIAPH1,SYNCRIP,1,1
DIAPH1,TFB2M,1,1
DIAPH1,TIPIN,1,1
DIAPH1,TMEM205,1,1
DIAPH1,TMEM63B,1,1
DIAPH1,TPM3,1,1
DIAPH1,TTC4,1,1
DIAPH1,TUBA1C,1,1
DIAPH1,UBA2,1,1
DIAPH1,UHRF1BP1L,1,1
DIAPH1,USP1,1,1
DIAPH1,UTP23,1,1
DIAPH1,VBP1,1,1
DIAPH1,WWC1,1,1
DIAPH1,ZW10,1,1
EEF1B2,ABT1,1,1
EEF1B2,ANXA3,1,1
EEF1B2,AP3S1,1,1
EEF1B2,ATG12,1,1
EEF1B2,C4ORF46,1,1
EEF1B2,CCDC109B,1,1
EEF1B2,CCNJL,1,1
EEF1B2,CEP250,1,1
EEF1B2,CRNKL1,1,1
EEF1B2,CTNNAL1,1,1
EEF1B2,DCAF6,1,1
EEF1B2,DDX39B,1,1
EEF1B2,DR1,1,1
EEF1B2,ERLIN1,1,1
EEF1B2,EXOSC8,1,1
EEF1B2,GRASP,1,1
EEF1B2,HARS2,1,1
EEF1B2,HMGN1,1,1
EEF1B2,KPNA3,1,1
EEF1B2,LRRC40,1,1
EEF1B2,MED29,1,1
EEF1B2,METTL10,1,1
EEF1B2,MIS12,1,1
EEF1B2,MKRN1,1,1
EEF1B2,MRPL1,1,1
EEF1B2,MRPL33,1,1
EEF1B2,MRPS16,1,1
EEF1B2,MRPS26,1,1
EEF1B2,NR2F2,1,1
EEF1B2,NRM,1,1
EEF1B2,NSMCE4A,1,1
EEF1B2,PJA1,1,1
EEF1B2,PLS3,1,1
EEF1B2,PRRG4,1,1
EEF1B2,RAB4A,1,1
EEF1B2,RAB7A,1,1
EEF1B2,RABGGTB,1,1
EEF1B2,RBBP9,1,1
EEF1B2,RBMXL1,1,1
EEF1B2,ST3GAL4,1,1
EEF1B2,ST7L,1,1
EEF1B2,SUGT1,1,1
EEF1B2,TFDP1,1,1
EEF1B2,TIMM23,1,1
EEF1B2,TMTC4,1,1
EEF1B2,TRMT13,1,1
EEF1B2,TYW3,1,1
EEF1B2,UBA6,1,1
EEF1B2,ZNF696,1,1
HNRNPK,ABCE1,1,1
HNRNPK,AKAP8,1,1
HNRNPK,HNRNPU,1,1
HNRNPK,POLE3,1,1
HNRNPK,RAB35,1,1
HNRNPK,RRP1,1,1
HNRNPK,SRSF1,1,1
HNRNPK,SRSF3,1,1
HNRNPK,SYNCRIP,1,1
HNRNPK,TGS1,1,1
HNRNPK,ZW10,1,1
PFN1,AC009237.8,1,1
PFN1,ACOX1,1,1
PFN1,ACTN1,1,1
PFN1,ALDH18A1,1,1
PFN1,ARF4,1,1
PFN1,C19ORF66,1,1
PFN1,CAV2,1,1
PFN1,CDH2,1,1
PFN1,CDK4,1,1
PFN1,CRLS1,1,1
PFN1,DUSP10,1,1
PFN1,EIF6,1,1
PFN1,ELOVL1,1,1
PFN1,EPS8L1,1,1
PFN1,FAM60A,1,1
PFN1,FSD1,1,1
PFN1,GALT,1,1
PFN1,GPAT3,1,1
PFN1,GPBP1L1,1,1
PFN1,KLF15,1,1
PFN1,KMT5A,1,1
PFN1,LINC01296,1,1
PFN1,NAGLU,1,1
PFN1,NDUFA1,1,1
PFN1,NPM3,1,1
PFN1,NUDCD1,1,1
PFN1,PHIP,1,1
PFN1,PPM1G,1,1
PFN1,PPP2CA,1,1
PFN1,PRKCDBP,1,1
PFN1,PRKCI,1,1
PFN1,PSMC4,1,1
PFN1,RP11-529K1.3,1,1
PFN1,RPS21,1,1
PFN1,SART3,1,1
PFN1,SCYL3,1,1
PFN1,SLC25A43,1,1
PFN1,SLC39A1,1,1
PFN1,TMCO1,1,1
PFN1,TMEM123,1,1
PFN1,TPM3,1,1
PFN1,TRIB2,1,1
PFN1,TTC28,1,1
PFN1,UBE2C,1,1
PFN1,UBE2J2,1,1
PFN1,UCHL5,1,1
PFN1,UHMK1,1,1
PFN1,ZBTB37,1,1
FCHSD2,ABCA5,1,1
FCHSD2,ACSL4,1,1
FCHSD2,C16ORF91,1,1
FCHSD2,CD63,1,1
FCHSD2,CLPTM1L,1,1
FCHSD2,COPS5,1,1
FCHSD2,EIF2AK4,1,1
FCHSD2,FAM69B,1,1
FCHSD2,FKBP3,1,1
FCHSD2,GATA3,1,1
FCHSD2,ISY1,1,1
FCHSD2,MAN2A2,1,1
FCHSD2,MICALL1,1,1
FCHSD2,MNAT1,1,1
FCHSD2,NIPAL1,1,1
FCHSD2,PLAUR,1,1
FCHSD2,PSMB5,1,1
FCHSD2,PTPRB,1,1
FCHSD2,RIN2,1,1
FCHSD2,RTP4,1,1
FCHSD2,SAMD1,1,1
FCHSD2,VEZT,1,1
FCHSD2,ZNF462,1,1
FCHSD2,ZNF678,1,1
PLS1,AC009237.8,1,1
PLS1,ACOX1,1,1
PLS1,ANKRD33B,1,1
PLS1,ARF4,1,1
PLS1,BMI1,1,1
PLS1,CKLF,1,1
PLS1,CKS1B,1,1
PLS1,CRLS1,1,1
PLS1,CWC22,1,1
PLS1,CYB5D2,1,1
PLS1,DPM1,1,1
PLS1,EIF6,1,1
PLS1,FAM60A,1,1
PLS1,GMEB2,1,1
PLS1,HOXB2,1,1
PLS1,KIAA1429,1,1
PLS1,LARS,1,1
PLS1,MOCS3,1,1
PLS1,MRPS10,1,1
PLS1,MYSM1,1,1
PLS1,NANP,1,1
PLS1,NUDCD1,1,1
PLS1,NXT1,1,1
PLS1,ORC2,1,1
PLS1,PHIP,1,1
PLS1,RNASEK,1,1
PLS1,RP11-529K1.3,1,1
PLS1,SCOC,1,1
PLS1,SVIP,1,1
PLS1,TATDN1,1,1
PLS1,TIMM17B,1,1
PLS1,TPRKB,1,1
PLS1,TRUB1,1,1
PLS1,TTC28,1,1
PLS1,UBE2J2,1,1
PLS1,UBE2V2,1,1
PLS1,UCHL5,1,1
PLS1,WWC1,1,1
PLS1,ZBTB37,1,1
PLS1,ZNF655,1,1
PLS1,ZRANB2,1,1
ACAD10,COQ5,1,1
ACAD10,PPRC1,1,1
ACAD10,RAB35,1,1
ACAD10,RRP36,1,1
ACAD10,TMEM234,1,1
ACAD10,ZDHHC24,1,1
ABT1,ABHD5,1,1
ABT1,ACD,1,1
ABT1,ADNP2,1,1
ABT1,AHI1,1,1
ABT1,ANXA3,1,1
ABT1,BNIP1,1,1
ABT1,C12ORF75,1,1
ABT1,C4ORF46,1,1
ABT1,CCDC109B,1,1
ABT1,CDC123,1,1
ABT1,CDCA5,1,1
ABT1,CDK4,1,1
ABT1,CENPJ,1,1
ABT1,CEP250,1,1
ABT1,CTNNAL1,1,1
ABT1,DDX39B,1,1
ABT1,DEK,1,1
ABT1,DNA2,1,1
ABT1,EIF4E2,1,1
ABT1,ENY2,1,1
ABT1,ERI1,1,1
ABT1,EXOSC8,1,1
ABT1,FBXO45,1,1
ABT1,GART,1,1
ABT1,HARS,1,1
ABT1,HAUS2,1,1
ABT1,HMGB2,1,1
ABT1,HMGN1,1,1
ABT1,HRAS,1,1
ABT1,KMT5A,1,1
ABT1,KPNA3,1,1
ABT1,LRRC40,1,1
ABT1,MAGOH,1,1
ABT1,MCM10,1,1
ABT1,MED29,1,1
ABT1,MMP24-AS1,1,1
ABT1,MRPL1,1,1
ABT1,MRPL33,1,1
ABT1,MRPS14,1,1
ABT1,MRPS26,1,1
ABT1,NAA20,1,1
ABT1,NAF1,1,1
ABT1,NPM3,1,1
ABT1,NR2F2,1,1
ABT1,NSMCE4A,1,1
ABT1,NUFIP1,1,1
ABT1,NUP107,1,1
ABT1,PAK1IP1,1,1
ABT1,PDE12,1,1
ABT1,PDF,1,1
ABT1,PDSS1,1,1
ABT1,PLAGL2,1,1
ABT1,PPRC1,1,1
ABT1,PSMC3IP,1,1
ABT1,RABGGTB,1,1
ABT1,RAD1,1,1
ABT1,RARS,1,1
ABT1,RBMXL1,1,1
ABT1,RRP12,1,1
ABT1,SAPCD2,1,1
ABT1,SKA3,1,1
ABT1,SNRNP48,1,1
ABT1,SNRPE,1,1
ABT1,SPRYD7,1,1
ABT1,SRP72,1,1
ABT1,SUGT1,1,1
ABT1,SUPV3L1,1,1
ABT1,TAF5,1,1
ABT1,TFAM,1,1
ABT1,TFDP1,1,1
ABT1,TIMM23,1,1
ABT1,TMEM14B,1,1
ABT1,TRPM2,1,1
ABT1,TSSC4,1,1
ABT1,TYW3,1,1
ABT1,UBA6,1,1
ABT1,UHRF1,1,1
ABT1,VRK1,1,1
ABT1,ZNF232,1,1
ABT1,ZNF281,1,1
ABT1,ZNF696,1,1
TMEM126A,ACOX1,1,1
TMEM126A,ANP32E,1,1
TMEM126A,ANXA4,1,1
TMEM126A,ARF4,1,1
TMEM126A,ARF5,1,1
TMEM126A,ATP7A,1,1
TMEM126A,BVES,1,1
TMEM126A,CACTIN,1,1
TMEM126A,CCT5,1,1
TMEM126A,CDK19,1,1
TMEM126A,CPT1A,1,1
TMEM126A,CSTF2,1,1
TMEM126A,DAZAP1,1,1
TMEM126A,DDX18,1,1
TMEM126A,DHX35,1,1
TMEM126A,DPF1,1,1
TMEM126A,DPY19L2P1,1,1
TMEM126A,EIF3M,1,1
TMEM126A,ELAVL1,1,1
TMEM126A,EPS8L1,1,1
TMEM126A,FBXL4,1,1
TMEM126A,FBXL6,1,1
TMEM126A,GHDC,1,1
TMEM126A,GLRX2,1,1
TMEM126A,IFI44,1,1
TMEM126A,ILF2,1,1
TMEM126A,KIAA0101,1,1
TMEM126A,LBR,1,1
TMEM126A,LMNB1,1,1
TMEM126A,MEGF8,1,1
TMEM126A,MRPL47,1,1
TMEM126A,MYBL2,1,1
TMEM126A,NAA15,1,1
TMEM126A,PAK1IP1,1,1
TMEM126A,PCGF6,1,1
TMEM126A,PLEKHH1,1,1
TMEM126A,POLR3E,1,1
TMEM126A,PPM1G,1,1
TMEM126A,PPP2CA,1,1
TMEM126A,PSMA3,1,1
TMEM126A,PSMC3,1,1
TMEM126A,PSMC5,1,1
TMEM126A,RNASEK,1,1
TMEM126A,RUVBL2,1,1
TMEM126A,SACS,1,1
TMEM126A,SCPEP1,1,1
TMEM126A,SERBP1,1,1
TMEM126A,SMAGP,1,1
TMEM126A,SYNCRIP,1,1
TMEM126A,TATDN1,1,1
TMEM126A,TFB2M,1,1
TMEM126A,TIMM17A,1,1
TMEM126A,TIMM8A,1,1
TMEM126A,TPRKB,1,1
TMEM126A,TRIP13,1,1
TMEM126A,UBE2C,1,1
TMEM126A,UCHL5,1,1
TMEM126A,VAT1,1,1
TMEM126A,VMA21,1,1
TMEM126A,WWC1,1,1
TMEM126A,ZIC2,1,1
TMEM126A,ZNF695,1,1
FBXL6,ACD,1,1
FBXL6,ACOX1,1,1
FBXL6,ACSS1,1,1
FBXL6,AHI1,1,1
FBXL6,ANKRD33B,1,1
FBXL6,ANXA1,1,1
FBXL6,ARF4,1,1
FBXL6,ATP6AP1,1,1
FBXL6,BCL2A1,1,1
FBXL6,BTF3L4,1,1
FBXL6,C16ORF91,1,1
FBXL6,CCT5,1,1
FBXL6,CDH2,1,1
FBXL6,CDK19,1,1
FBXL6,CDK7,1,1
FBXL6,CFL2,1,1
FBXL6,CMPK1,1,1
FBXL6,CNOT3,1,1
FBXL6,COPS5,1,1
FBXL6,CPT1A,1,1
FBXL6,CSNK2B,1,1
FBXL6,CSTF2,1,1
FBXL6,DHX35,1,1
FBXL6,DPF1,1,1
FBXL6,EIF3M,1,1
FBXL6,EIF6,1,1
FBXL6,FAM60A,1,1
FBXL6,FARSA,1,1
FBXL6,FBXL4,1,1
FBXL6,FBXO45,1,1
FBXL6,FSD1,1,1
FBXL6,FTSJ1,1,1
FBXL6,FTSJ3,1,1
FBXL6,GABRA5,1,1
FBXL6,GART,1,1
FBXL6,GCH1,1,1
FBXL6,GHDC,1,1
FBXL6,GLMP,1,1
FBXL6,GLRX2,1,1
FBXL6,GNE,1,1
FBXL6,GOLPH3L,1,1
FBXL6,GPBP1L1,1,1
FBXL6,HS1BP3,1,1
FBXL6,IFI44,1,1
FBXL6,ILF2,1,1
FBXL6,KIAA0319L,1,1
FBXL6,KRT18,1,1
FBXL6,LARGE1,1,1
FBXL6,LBR,1,1
FBXL6,LINC01296,1,1
FBXL6,LPGAT1,1,1
FBXL6,MRPL47,1,1
FBXL6,MYNN,1,1
FBXL6,MYSM1,1,1
FBXL6,NPM3,1,1
FBXL6,PAK1IP1,1,1
FBXL6,PDE12,1,1
FBXL6,PFDN2,1,1
FBXL6,PLEKHH1,1,1
FBXL6,PMM1,1,1
FBXL6,POLR3E,1,1
FBXL6,PPCS,1,1
FBXL6,PPM1G,1,1
FBXL6,PPP2CA,1,1
FBXL6,PRKCDBP,1,1
FBXL6,PRKCI,1,1
FBXL6,PSMA3,1,1
FBXL6,PSMC3,1,1
FBXL6,PSMC4,1,1
FBXL6,PSMC5,1,1
FBXL6,PSMD2,1,1
FBXL6,PSMD4,1,1
FBXL6,PTPN3,1,1
FBXL6,PUS7L,1,1
FBXL6,RARS,1,1
FBXL6,RNASEK,1,1
FBXL6,RNF13,1,1
FBXL6,RPL35A,1,1
FBXL6,RRP12,1,1
FBXL6,RUVBL2,1,1
FBXL6,SCPEP1,1,1
FBXL6,SEPHS2,1,1
FBXL6,SEPT9,1,1
FBXL6,SERBP1,1,1
FBXL6,SLC11A2,1,1
FBXL6,SLC25A43,1,1
FBXL6,SLC2A4RG,1,1
FBXL6,SLC39A1,1,1
FBXL6,SMN1,1,1
FBXL6,SNRPE,1,1
FBXL6,STX6,1,1
FBXL6,TATDN1,1,1
FBXL6,TFB2M,1,1
FBXL6,TIMM17A,1,1
FBXL6,TIMM17B,1,1
FBXL6,TIMM8A,1,1
FBXL6,TMEM123,1,1
FBXL6,TNFRSF12A,1,1
FBXL6,TRIP13,1,1
FBXL6,TUBB3,1,1
FBXL6,UBE2C,1,1
FBXL6,UCHL5,1,1
FBXL6,VAT1,1,1
FBXL6,VMA21,1,1
FBXL6,WDR74,1,1
FBXL6,ZNF436,1,1
FBXL6,ZNF473,1,1
FBXL6,ZNF655,1,1
RBM22,CHUK,1,1
RBM22,DHX16,1,1
RBM22,ECD,1,1
RBM22,HAUS2,1,1
RBM22,NAF1,1,1
RBM22,NR2F2,1,1
RBM22,PLAGL2,1,1
RBM22,PPRC1,1,1
RBM22,PSPC1,1,1
RBM22,RBMXL1,1,1
RBM22,SPRYD7,1,1
RBM22,SUPV3L1,1,1
CDK19,ACOX1,1,1
CDK19,ACSS1,1,1
CDK19,ACTN1,1,1
CDK19,ARF5,1,1
CDK19,ATP6AP1,1,1
CDK19,BVES,1,1
CDK19,CYB5D2,1,1
CDK19,DPF1,1,1
CDK19,EIF2B1,1,1
CDK19,GLB1,1,1
CDK19,GLMP,1,1
CDK19,GMEB2,1,1
CDK19,IGSF3,1,1
CDK19,MRPL47,1,1
CDK19,NABP2,1,1
CDK19,PLEKHH1,1,1
CDK19,POLR3E,1,1
CDK19,PSMC5,1,1
CDK19,PSMD4,1,1
CDK19,STX6,1,1
CDK19,TMEM69,1,1
CDK19,TPRKB,1,1
CDK19,TUBB3,1,1
CDK19,VBP1,1,1
CDK19,WWC1,1,1
MRPL47,ACSS1,1,1
MRPL47,ACTN1,1,1
MRPL47,ARF4,1,1
MRPL47,ATP6AP1,1,1
MRPL47,BVES,1,1
MRPL47,C1ORF216,1,1
MRPL47,CBY1,1,1
MRPL47,CCDC112,1,1
MRPL47,CCT5,1,1
MRPL47,CDH2,1,1
MRPL47,CDK7,1,1
MRPL47,CFL2,1,1
MRPL47,CMPK1,1,1
MRPL47,CPT1A,1,1
MRPL47,CSTF2,1,1
MRPL47,CWC27,1,1
MRPL47,DHX35,1,1
MRPL47,DPF1,1,1
MRPL47,DPY19L2P1,1,1
MRPL47,EIF2B1,1,1
MRPL47,EIF3G,1,1
MRPL47,EIF6,1,1
MRPL47,ELAVL1,1,1
MRPL47,FARSA,1,1
MRPL47,FBXL4,1,1
MRPL47,FGFR4,1,1
MRPL47,FSD1,1,1
MRPL47,GCH1,1,1
MRPL47,GHDC,1,1
MRPL47,GLB1,1,1
MRPL47,GLMP,1,1
MRPL47,GMFB,1,1
MRPL47,GPBP1L1,1,1
MRPL47,HDAC3,1,1
MRPL47,IGF2BP1,1,1
MRPL47,ILF2,1,1
MRPL47,IRAK1,1,1
MRPL47,KIAA0319L,1,1
MRPL47,KLF15,1,1
MRPL47,LBR,1,1
MRPL47,LINC01296,1,1
MRPL47,LURAP1,1,1
MRPL47,MEGF8,1,1
MRPL47,MLKL,1,1
MRPL47,MYNN,1,1
MRPL47,NRGN,1,1
MRPL47,PLEKHH1,1,1
MRPL47,POLR3E,1,1
MRPL47,PPM1G,1,1
MRPL47,PPP2CA,1,1
MRPL47,PRKCI,1,1
MRPL47,PSMA3,1,1
MRPL47,PSMC4,1,1
MRPL47,PSMC5,1,1
MRPL47,PSMD4,1,1
MRPL47,PSME4,1,1
MRPL47,RLIM,1,1
MRPL47,RPL35A,1,1
MRPL47,RUVBL2,1,1
MRPL47,SCPEP1,1,1
MRPL47,SEPT9,1,1
MRPL47,SERBP1,1,1
MRPL47,SLC39A1,1,1
MRPL47,TERF1,1,1
MRPL47,TFB2M,1,1
MRPL47,TIMM17A,1,1
MRPL47,TIMM17B,1,1
MRPL47,TIMM8A,1,1
MRPL47,TMEM69,1,1
MRPL47,TRIP13,1,1
MRPL47,TROVE2,1,1
MRPL47,TTC39C,1,1
MRPL47,TUBB3,1,1
MRPL47,UBE2C,1,1
MRPL47,UCHL5,1,1
MRPL47,VAT1,1,1
MRPL47,VBP1,1,1
MRPL47,VMA21,1,1
MRPL47,ZIC2,1,1
MRPL47,ZNF695,1,1
UBE3A,ABCF1,1,1
UBE3A,CDK4,1,1
UBE3A,COQ5,1,1
UBE3A,CSPP1,1,1
UBE3A,DEK,1,1
UBE3A,EIF4E2,1,1
UBE3A,EXOC5,1,1
UBE3A,GTF3C4,1,1
UBE3A,HARS,1,1
UBE3A,KMT5A,1,1
UBE3A,KPNA3,1,1
UBE3A,LLPH,1,1
UBE3A,PDE12,1,1
UBE3A,RAB35,1,1
UBE3A,RRP36,1,1
UBE3A,SNRNP48,1,1
UBE3A,SREK1IP1,1,1
UBE3A,SRP72,1,1
UBE3A,TFAM,1,1
UBE3A,TMEM234,1,1
UBE3A,UHRF1BP1L,1,1
UBE3A,ZW10,1,1
SART3,ABCE1,1,1
SART3,ACOX1,1,1
SART3,ACTN1,1,1
SART3,CAV2,1,1
SART3,CDK4,1,1
SART3,CRLF3,1,1
SART3,CSTF2,1,1
SART3,CWC22,1,1
SART3,CYB5D2,1,1
SART3,DCAF13,1,1
SART3,DDX18,1,1
SART3,DDX31,1,1
SART3,EIF2B1,1,1
SART3,EIF6,1,1
SART3,ERVK3-1,1,1
SART3,FAM234A,1,1
SART3,GALT,1,1
SART3,GLRX2,1,1
SART3,GPBP1L1,1,1
SART3,GRWD1,1,1
SART3,KHDRBS1,1,1
SART3,KIAA1429,1,1
SART3,KIF14,1,1
SART3,KLHL8,1,1
SART3,KMT5A,1,1
SART3,LARP4,1,1
SART3,LINC01296,1,1
SART3,LMNB1,1,1
SART3,MEGF8,1,1
SART3,MLKL,1,1
SART3,NAA15,1,1
SART3,NAGLU,1,1
SART3,NCBP1,1,1
SART3,NOLC1,1,1
SART3,NUDCD1,1,1
SART3,ORC2,1,1
SART3,PDE12,1,1
SART3,PDRG1,1,1
SART3,PDSS1,1,1
SART3,PPM1G,1,1
SART3,PPP2CA,1,1
SART3,PSMC4,1,1
SART3,RARS,1,1
SART3,RNASEK,1,1
SART3,RNF126,1,1
SART3,RP11-529K1.3,1,1
SART3,RRP36,1,1
SART3,SCYL3,1,1
SART3,SKIV2L2,1,1
SART3,SNRPC,1,1
SART3,SRP72,1,1
SART3,TAF2,1,1
SART3,TFB2M,1,1
SART3,TMEM205,1,1
SART3,TPM3,1,1
SART3,TPRKB,1,1
SART3,TRIP13,1,1
SART3,TTC28,1,1
SART3,UBE2C,1,1
SART3,UBE2J2,1,1
SART3,UCHL5,1,1
SART3,UHRF1BP1L,1,1
SART3,UTP23,1,1
SART3,WWC1,1,1
SART3,ZNF473,1,1
SART3,ZNF598,1,1
SART3,ZNF695,1,1
SART3,ZW10,1,1
GLMP,ACSS1,1,1
GLMP,ATP6AP1,1,1
GLMP,ATP7A,1,1
GLMP,BVES,1,1
GLMP,C1ORF216,1,1
GLMP,CMPK1,1,1
GLMP,DPF1,1,1
GLMP,EIF3G,1,1
GLMP,FBXL4,1,1
GLMP,FGFR4,1,1
GLMP,GHDC,1,1
GLMP,GLB1,1,1
GLMP,IGF2BP1,1,1
GLMP,LURAP1,1,1
GLMP,PLEKHH1,1,1
GLMP,POLR3E,1,1
GLMP,PSMC5,1,1
GLMP,PSMD4,1,1
GLMP,RPL35A,1,1
GLMP,SCPEP1,1,1
GLMP,SEPT9,1,1
GLMP,STX6,1,1
GLMP,TMEM69,1,1
GLMP,TTC39C,1,1
GLMP,VAT1,1,1
GLMP,VMA21,1,1
CHKB,IREB2,1,1
NGDN,BAZ1A,1,1
NGDN,CLPTM1L,1,1
NGDN,EIF2AK4,1,1
NGDN,FBRSL1,1,1
NGDN,H2AFX,1,1
NGDN,NOB1,1,1
NGDN,PDE6D,1,1
NGDN,PSMB5,1,1
TATDN1,ACOX1,1,1
TATDN1,ANKRD33B,1,1
TATDN1,ARF4,1,1
TATDN1,ATP6AP1,1,1
TATDN1,BMI1,1,1
TATDN1,CKLF,1,1
TATDN1,CKS1B,1,1
TATDN1,CRLS1,1,1
TATDN1,DDX18,1,1
TATDN1,DHX35,1,1
TATDN1,DPM1,1,1
TATDN1,EIF6,1,1
TATDN1,ERI1,1,1
TATDN1,FAM60A,1,1
TATDN1,GMEB2,1,1
TATDN1,IFI44,1,1
TATDN1,KIAA1429,1,1
TATDN1,KMT5A,1,1
TATDN1,LINC01296,1,1
TATDN1,LPGAT1,1,1
TATDN1,MRPS10,1,1
TATDN1,MYSM1,1,1
TATDN1,NANP,1,1
TATDN1,NPM3,1,1
TATDN1,NTHL1,1,1
TATDN1,NUDCD1,1,1
TATDN1,PCGF5,1,1
TATDN1,PDSS1,1,1
TATDN1,PPM1G,1,1
TATDN1,PPP2CA,1,1
TATDN1,PSMC4,1,1
TATDN1,PUS7L,1,1
TATDN1,RARS,1,1
TATDN1,RNASEK,1,1
TATDN1,RNF13,1,1
TATDN1,RP11-529K1.3,1,1
TATDN1,RPL6,1,1
TATDN1,RPS21,1,1
TATDN1,SERBP1,1,1
TATDN1,SLC25A43,1,1
TATDN1,SNRPC,1,1
TATDN1,SNRPE,1,1
TATDN1,SRP72,1,1
TATDN1,SVIP,1,1
TATDN1,TIMM17B,1,1
TATDN1,TMEM123,1,1
TATDN1,TMEM14B,1,1
TATDN1,TPRKB,1,1
TATDN1,TRIP13,1,1
TATDN1,TTC28,1,1
TATDN1,UBE2C,1,1
TATDN1,UBE2J2,1,1
TATDN1,UBE2V2,1,1
TATDN1,UCHL5,1,1
TATDN1,WWC1,1,1
TATDN1,ZNF473,1,1
TATDN1,ZNF655,1,1
TATDN1,ZNF695,1,1
ZNF462,CAPRIN1,1,1
ZNF462,CRIM1,1,1
ZNF462,DGCR6L,1,1
ZNF462,DHRS7B,1,1
ZNF462,GATA3,1,1
ZNF462,KIAA0586,1,1
ZNF462,MAK16,1,1
ZNF462,MAN2A2,1,1
ZNF462,MAP4K5,1,1
ZNF462,MAPK1IP1L,1,1
ZNF462,MICALL1,1,1
ZNF462,MYNN,1,1
ZNF462,NEK7,1,1
ZNF462,NIPAL1,1,1
ZNF462,NKX3-1,1,1
ZNF462,PLAUR,1,1
ZNF462,PSMC6,1,1
ZNF462,PTPRB,1,1
ZNF462,QSER1,1,1
ZNF462,SPIN4,1,1
ZNF462,TROVE2,1,1
ZNF462,VEZT,1,1
ZNF462,WRN,1,1
ZNF462,XK,1,1
PMM1,ACACB,1,1
PMM1,AHI1,1,1
PMM1,ANXA1,1,1
PMM1,BPGM,1,1
PMM1,BRD4,1,1
PMM1,BTF3L4,1,1
PMM1,C16ORF91,1,1
PMM1,CCT5,1,1
PMM1,CDC42EP2,1,1
PMM1,CDH2,1,1
PMM1,CDK7,1,1
PMM1,CFL2,1,1
PMM1,CNPY3,1,1
PMM1,COPS5,1,1
PMM1,CPT1A,1,1
PMM1,CYP27A1,1,1
PMM1,DHRS7B,1,1
PMM1,EAF1,1,1
PMM1,EIF3M,1,1
PMM1,FAM69B,1,1
PMM1,FARSA,1,1
PMM1,FBXO45,1,1
PMM1,FEM1A,1,1
PMM1,FIS1,1,1
PMM1,FTSJ1,1,1
PMM1,FTSJ3,1,1
PMM1,GABRA5,1,1
PMM1,GART,1,1
PMM1,GOLPH3L,1,1
PMM1,HMGCL,1,1
PMM1,HS1BP3,1,1
PMM1,ITM2C,1,1
PMM1,KARS,1,1
PMM1,KIAA0319L,1,1
PMM1,KRT18,1,1
PMM1,LARGE1,1,1
PMM1,LINC01296,1,1
PMM1,LLPH,1,1
PMM1,LURAP1,1,1
PMM1,MAK16,1,1
PMM1,MAP4K5,1,1
PMM1,MAPK1IP1L,1,1
PMM1,MCFD2,1,1
PMM1,MMP24-AS1,1,1
PMM1,MRPL39,1,1
PMM1,MYNN,1,1
PMM1,NCBP1,1,1
PMM1,NIPAL1,1,1
PMM1,PDE12,1,1
PMM1,PFDN2,1,1
PMM1,PHLDA2,1,1
PMM1,PLAUR,1,1
PMM1,POLB,1,1
PMM1,PPCS,1,1
PMM1,PRKCDBP,1,1
PMM1,PRKCI,1,1
PMM1,PRPF38A,1,1
PMM1,PSMC3,1,1
PMM1,PSMC6,1,1
PMM1,QSER1,1,1
PMM1,RRP12,1,1
PMM1,RRS1,1,1
PMM1,SACS,1,1
PMM1,SAMD1,1,1
PMM1,SCPEP1,1,1
PMM1,SEPT9,1,1
PMM1,SERBP1,1,1
PMM1,SLC11A2,1,1
PMM1,SLC25A43,1,1
PMM1,SLC2A4RG,1,1
PMM1,SMARCD1,1,1
PMM1,SMN1,1,1
PMM1,SNRNP48,1,1
PMM1,SNRPE,1,1
PMM1,SPIN4,1,1
PMM1,SREK1IP1,1,1
PMM1,TIMM17A,1,1
PMM1,TMA16,1,1
PMM1,TMCO1,1,1
PMM1,TNFRSF12A,1,1
PMM1,TROVE2,1,1
PMM1,UBE2N,1,1
PMM1,UHMK1,1,1
PMM1,UTP23,1,1
PMM1,VEZT,1,1
PMM1,VMA21,1,1
PMM1,WDR74,1,1
PMM1,ZPR1,1,1
ACOX1,AC009237.8,1,1
ACOX1,ACTN1,1,1
ACOX1,ARF4,1,1
ACOX1,ARF5,1,1
ACOX1,BCL2A1,1,1
ACOX1,BMI1,1,1
ACOX1,C12ORF75,1,1
ACOX1,CDK4,1,1
ACOX1,CKS1B,1,1
ACOX1,CYB5D2,1,1
ACOX1,DCAF13,1,1
ACOX1,DDX18,1,1
ACOX1,DPM1,1,1
ACOX1,EIF2B1,1,1
ACOX1,EIF6,1,1
ACOX1,ELOVL1,1,1
ACOX1,FAM60A,1,1
ACOX1,GMEB2,1,1
ACOX1,GOLPH3L,1,1
ACOX1,HOXB2,1,1
ACOX1,IGSF3,1,1
ACOX1,KMT5A,1,1
ACOX1,LARS,1,1
ACOX1,LINC01296,1,1
ACOX1,MOCS3,1,1
ACOX1,MRPS14,1,1
ACOX1,MYSM1,1,1
ACOX1,NAA15,1,1
ACOX1,NAGLU,1,1
ACOX1,NDFIP2,1,1
ACOX1,NDUFA1,1,1
ACOX1,NOLC1,1,1
ACOX1,NPM3,1,1
ACOX1,NTHL1,1,1
ACOX1,NUDCD1,1,1
ACOX1,NXT1,1,1
ACOX1,PAFAH2,1,1
ACOX1,PDSS1,1,1
ACOX1,PHIP,1,1
ACOX1,PPM1G,1,1
ACOX1,PPP2CA,1,1
ACOX1,PRKCDBP,1,1
ACOX1,PSMC4,1,1
ACOX1,PUS7L,1,1
ACOX1,RNASEK,1,1
ACOX1,RNF113A,1,1
ACOX1,RP11-529K1.3,1,1
ACOX1,SCPEP1,1,1
ACOX1,SCYL3,1,1
ACOX1,SMAGP,1,1
ACOX1,SPIRE1,1,1
ACOX1,TFB2M,1,1
ACOX1,TPRKB,1,1
ACOX1,TTC28,1,1
ACOX1,UBE2J2,1,1
ACOX1,UCHL5,1,1
ACOX1,UHMK1,1,1
ACOX1,WWC1,1,1
ACOX1,ZNF473,1,1
ACOX1,ZNF655,1,1
FKBP3,ACSL4,1,1
FKBP3,C12ORF29,1,1
FKBP3,C14ORF166,1,1
FKBP3,C16ORF91,1,1
FKBP3,CFL2,1,1
FKBP3,CLPTM1L,1,1
FKBP3,CNPY3,1,1
FKBP3,CWC27,1,1
FKBP3,DHRS7B,1,1
FKBP3,DPY19L2P1,1,1
FKBP3,EIF2AK4,1,1
FKBP3,FAM69B,1,1
FKBP3,FIS1,1,1
FKBP3,FTSJ1,1,1
FKBP3,GHDC,1,1
FKBP3,HS1BP3,1,1
FKBP3,IGF2BP1,1,1
FKBP3,ISY1,1,1
FKBP3,KIAA0319L,1,1
FKBP3,KIAA0586,1,1
FKBP3,KIF3A,1,1
FKBP3,MAK16,1,1
FKBP3,MAN2A2,1,1
FKBP3,MICALL1,1,1
FKBP3,MNAT1,1,1
FKBP3,MYNN,1,1
FKBP3,NAP1L1,1,1
FKBP3,NCBP2-AS2,1,1
FKBP3,NEK7,1,1
FKBP3,PDE6D,1,1
FKBP3,PLAUR,1,1
FKBP3,PM20D2,1,1
FKBP3,PSMB5,1,1
FKBP3,PTPRB,1,1
FKBP3,RIN2,1,1
FKBP3,RLIM,1,1
FKBP3,RUVBL2,1,1
FKBP3,SCN8A,1,1
FKBP3,SEPT9,1,1
FKBP3,SERINC1,1,1
FKBP3,SMN1,1,1
FKBP3,TIMM17A,1,1
FKBP3,TROVE2,1,1
FKBP3,UBE2N,1,1
FKBP3,VEZT,1,1
FKBP3,WDR18,1,1
FKBP3,XK,1,1
FKBP3,ZNF678,1,1
PDE12,ACD,1,1
PDE12,AHI1,1,1
PDE12,BRD4,1,1
PDE12,BTF3L4,1,1
PDE12,CCT5,1,1
PDE12,CDC123,1,1
PDE12,CDH2,1,1
PDE12,CDK4,1,1
PDE12,CDK7,1,1
PDE12,CFL2,1,1
PDE12,CSNK2B,1,1
PDE12,CSTF2,1,1
PDE12,CTNNAL1,1,1
PDE12,CYP27A1,1,1
PDE12,DDX18,1,1
PDE12,DDX31,1,1
PDE12,DEK,1,1
PDE12,DHRS7B,1,1
PDE12,DHX35,1,1
PDE12,DNA2,1,1
PDE12,EAF1,1,1
PDE12,EIF3M,1,1
PDE12,EIF4E2,1,1
PDE12,EIF6,1,1
PDE12,ERI1,1,1
PDE12,ERVK3-1,1,1
PDE12,FAM60A,1,1
PDE12,FBXO45,1,1
PDE12,FEM1A,1,1
PDE12,FTSJ1,1,1
PDE12,FTSJ3,1,1
PDE12,GABRA5,1,1
PDE12,GART,1,1
PDE12,GCH1,1,1
PDE12,GINS3,1,1
PDE12,GLRX2,1,1
PDE12,GOLPH3L,1,1
PDE12,GPBP1L1,1,1
PDE12,GRHPR,1,1
PDE12,GTF3C4,1,1
PDE12,HARS,1,1
PDE12,HNRNPU,1,1
PDE12,ILF2,1,1
PDE12,KARS,1,1
PDE12,KIAA1429,1,1
PDE12,KMT5A,1,1
PDE12,KPNA3,1,1
PDE12,KRT18,1,1
PDE12,LARP4,1,1
PDE12,LBR,1,1
PDE12,LIN7C,1,1
PDE12,LINC01296,1,1
PDE12,LLPH,1,1
PDE12,LMNB1,1,1
PDE12,MAGOH,1,1
PDE12,MAP4K5,1,1
PDE12,MAPK1IP1L,1,1
PDE12,MCM10,1,1
PDE12,MCM2,1,1
PDE12,MMP24-AS1,1,1
PDE12,MRPL39,1,1
PDE12,MYBL2,1,1
PDE12,MYSM1,1,1
PDE12,NAA15,1,1
PDE12,NCBP1,1,1
PDE12,NDUFA1,1,1
PDE12,NIPAL1,1,1
PDE12,NOLC1,1,1
PDE12,NPM3,1,1
PDE12,NUDCD1,1,1
PDE12,NUFIP1,1,1
PDE12,NUP107,1,1
PDE12,OSBPL11,1,1
PDE12,PAK1IP1,1,1
PDE12,PCGF6,1,1
PDE12,PDF,1,1
PDE12,PDSS1,1,1
PDE12,PFDN2,1,1
PDE12,PLAUR,1,1
PDE12,POLR3C,1,1
PDE12,PPM1G,1,1
PDE12,PPP2CA,1,1
PDE12,PRKCDBP,1,1
PDE12,PRKCI,1,1
PDE12,PRPF38A,1,1
PDE12,PSMC3,1,1
PDE12,PSMC4,1,1
PDE12,PSMC6,1,1
PDE12,PSMD2,1,1
PDE12,PUS7L,1,1
PDE12,QSER1,1,1
PDE12,RAB35,1,1
PDE12,RAB4B,1,1
PDE12,RAD1,1,1
PDE12,RARS,1,1
PDE12,RIOK1,1,1
PDE12,RP11-529K1.3,1,1
PDE12,RPS26,1,1
PDE12,RRP12,1,1
PDE12,RRP36,1,1
PDE12,RRS1,1,1
PDE12,SACS,1,1
PDE12,SAPCD2,1,1
PDE12,SERBP1,1,1
PDE12,SLC11A2,1,1
PDE12,SLC25A43,1,1
PDE12,SMARCD1,1,1
PDE12,SNRNP48,1,1
PDE12,SNRPE,1,1
PDE12,SPIN4,1,1
PDE12,SREK1IP1,1,1
PDE12,SRP72,1,1
PDE12,STIP1,1,1
PDE12,SYNCRIP,1,1
PDE12,TAF5,1,1
PDE12,TFAM,1,1
PDE12,TFB2M,1,1
PDE12,TIMM17A,1,1
PDE12,TIMM23,1,1
PDE12,TIMM8A,1,1
PDE12,TMA16,1,1
PDE12,TMCO1,1,1
PDE12,TMEM14B,1,1
PDE12,TNFRSF12A,1,1
PDE12,TPM3,1,1
PDE12,TRIP13,1,1
PDE12,TSSC4,1,1
PDE12,TUBB4B,1,1
PDE12,UBE2C,1,1
PDE12,UBE2N,1,1
PDE12,UCHL5,1,1
PDE12,UHMK1,1,1
PDE12,UHRF1,1,1
PDE12,UHRF1BP1L,1,1
PDE12,USP1,1,1
PDE12,UTP23,1,1
PDE12,WDR74,1,1
PDE12,ZNF281,1,1
PDE12,ZNF473,1,1
PDE12,ZNF655,1,1
PDE12,ZW10,1,1
CCT5,ACD,1,1
CCT5,ACSL4,1,1
CCT5,ACTN1,1,1
CCT5,AHI1,1,1
CCT5,ANP32E,1,1
CCT5,ANXA1,1,1
CCT5,ARF4,1,1
CCT5,ATP6AP1,1,1
CCT5,BRD4,1,1
CCT5,BTF3L4,1,1
CCT5,C12ORF29,1,1
CCT5,C19ORF66,1,1
CCT5,CDC123,1,1
CCT5,CDH2,1,1
CCT5,CDK7,1,1
CCT5,CFL2,1,1
CCT5,CMPK1,1,1
CCT5,CNOT3,1,1
CCT5,CNOT7,1,1
CCT5,CNPY3,1,1
CCT5,COPS5,1,1
CCT5,CPT1A,1,1
CCT5,CSNK2B,1,1
CCT5,CSTF2,1,1
CCT5,CYP27A1,1,1
CCT5,DAZAP1,1,1
CCT5,DDX18,1,1
CCT5,DHRS7B,1,1
CCT5,DHX35,1,1
CCT5,DNA2,1,1
CCT5,DPY19L2P1,1,1
CCT5,EID2,1,1
CCT5,EIF3M,1,1
CCT5,EIF6,1,1
CCT5,ELAVL1,1,1
CCT5,ERI1,1,1
CCT5,ERVK3-1,1,1
CCT5,FAM136A,1,1
CCT5,FAM60A,1,1
CCT5,FARSA,1,1
CCT5,FBXO45,1,1
CCT5,FEM1A,1,1
CCT5,FTSJ1,1,1
CCT5,FTSJ3,1,1
CCT5,GABRA5,1,1
CCT5,GART,1,1
CCT5,GCH1,1,1
CCT5,GHDC,1,1
CCT5,GINS3,1,1
CCT5,GLRX2,1,1
CCT5,GNE,1,1
CCT5,GOLPH3L,1,1
CCT5,GPBP1L1,1,1
CCT5,GTF3C4,1,1
CCT5,HARS,1,1
CCT5,HDAC3,1,1
CCT5,HNRNPU,1,1
CCT5,HS1BP3,1,1
CCT5,IGF2BP1,1,1
CCT5,ILF2,1,1
CCT5,KARS,1,1
CCT5,KIAA0319L,1,1
CCT5,KIAA0586,1,1
CCT5,KIAA1429,1,1
CCT5,KIAA1586,1,1
CCT5,KMT5A,1,1
CCT5,KRT18,1,1
CCT5,LBR,1,1
CCT5,LIN7C,1,1
CCT5,LINC01296,1,1
CCT5,LLPH,1,1
CCT5,LMNB1,1,1
CCT5,LURAP1,1,1
CCT5,MAGOH,1,1
CCT5,MAK16,1,1
CCT5,MAP4K5,1,1
CCT5,MAPK1IP1L,1,1
CCT5,MCM2,1,1
CCT5,MEGF8,1,1
CCT5,MMP24-AS1,1,1
CCT5,MRPL39,1,1
CCT5,MYBL2,1,1
CCT5,MYNN,1,1
CCT5,NAA15,1,1
CCT5,NASP,1,1
CCT5,NEK7,1,1
CCT5,NIPAL1,1,1
CCT5,NKX3-1,1,1
CCT5,NUP107,1,1
CCT5,PAK1IP1,1,1
CCT5,PCGF6,1,1
CCT5,PDF,1,1
CCT5,PFDN2,1,1
CCT5,PLAUR,1,1
CCT5,PLEKHH1,1,1
CCT5,POLR3C,1,1
CCT5,POLR3E,1,1
CCT5,PPM1G,1,1
CCT5,PPP2CA,1,1
CCT5,PRKCDBP,1,1
CCT5,PRKCI,1,1
CCT5,PRPF38A,1,1
CCT5,PSMA3,1,1
CCT5,PSMC3,1,1
CCT5,PSMC4,1,1
CCT5,PSMC5,1,1
CCT5,PSMC6,1,1
CCT5,PSMD2,1,1
CCT5,PUS7L,1,1
CCT5,QSER1,1,1
CCT5,RAB4B,1,1
CCT5,RARS,1,1
CCT5,RFWD3,1,1
CCT5,RIOK1,1,1
CCT5,RNF13,1,1
CCT5,RPS26,1,1
CCT5,RRP12,1,1
CCT5,RRS1,1,1
CCT5,RUVBL2,1,1
CCT5,SACS,1,1
CCT5,SAPCD2,1,1
CCT5,SCPEP1,1,1
CCT5,SEPT9,1,1
CCT5,SERBP1,1,1
CCT5,SLC11A2,1,1
CCT5,SLC25A43,1,1
CCT5,SLC2A4RG,1,1
CCT5,SLC39A1,1,1
CCT5,SMARCD1,1,1
CCT5,SMN1,1,1
CCT5,SNAPC1,1,1
CCT5,SNRNP48,1,1
CCT5,SNRPE,1,1
CCT5,SOX10,1,1
CCT5,SPIN4,1,1
CCT5,SREK1IP1,1,1
CCT5,SRP72,1,1
CCT5,STIP1,1,1
CCT5,SYNCRIP,1,1
CCT5,TERF1,1,1
CCT5,TFB2M,1,1
CCT5,TIMM10,1,1
CCT5,TIMM17A,1,1
CCT5,TIMM8A,1,1
CCT5,TMA16,1,1
CCT5,TMCO1,1,1
CCT5,TMEM123,1,1
CCT5,TNFRSF12A,1,1
CCT5,TPM3,1,1
CCT5,TRIP13,1,1
CCT5,TRMT10C,1,1
CCT5,TROVE2,1,1
CCT5,TUBB3,1,1
CCT5,TUBB4B,1,1
CCT5,UBE2C,1,1
CCT5,UBE2N,1,1
CCT5,UCHL5,1,1
CCT5,UHMK1,1,1
CCT5,UHRF1,1,1
CCT5,USP1,1,1
CCT5,UTP23,1,1
CCT5,VEZT,1,1
CCT5,VMA21,1,1
CCT5,WDR74,1,1
CCT5,WRN,1,1
CCT5,ZIC2,1,1
CCT5,ZNF281,1,1
CCT5,ZNF473,1,1
CCT5,ZNF695,1,1
ARHGAP11B,CCNA2,1,1
ARHGAP11B,CENPE,1,1
ARHGAP11B,GINS1,1,1
ARHGAP11B,KIF11,1,1
ARHGAP11B,MAD2L1,1,1
ARHGAP11B,PLEKHH3,1,1
ARHGAP11B,PRPS2,1,1
PLS3,ANKRD33B,1,1
PLS3,ANXA3,1,1
PLS3,CCDC109B,1,1
PLS3,CNTROB,1,1
PLS3,DBI,1,1
PLS3,DDX39B,1,1
PLS3,GNA12,1,1
PLS3,HARS2,1,1
PLS3,MRPL33,1,1
PLS3,MRPS14,1,1
PLS3,NELFE,1,1
PLS3,NTHL1,1,1
PLS3,PJA1,1,1
PLS3,PLEKHA8,1,1
PLS3,RAB4A,1,1
PLS3,RAB7A,1,1
PLS3,RAB9A,1,1
PLS3,RPL18,1,1
PLS3,RPL6,1,1
PLS3,RPS21,1,1
PLS3,SLC9A6,1,1
PLS3,TOB1,1,1
PLS3,USP28,1,1
TUBB4B,ABHD5,1,1
TUBB4B,ACD,1,1
TUBB4B,ATRIP,1,1
TUBB4B,CDC123,1,1
TUBB4B,CDCA5,1,1
TUBB4B,CDK7,1,1
TUBB4B,CNOT7,1,1
TUBB4B,CSTF2,1,1
TUBB4B,DAZAP1,1,1
TUBB4B,DHX35,1,1
TUBB4B,DNA2,1,1
TUBB4B,DUT,1,1
TUBB4B,EID2,1,1
TUBB4B,EIF3M,1,1
TUBB4B,ERI1,1,1
TUBB4B,FBXO45,1,1
TUBB4B,FTSJ1,1,1
TUBB4B,FTSJ3,1,1
TUBB4B,GABRA5,1,1
TUBB4B,GINS3,1,1
TUBB4B,GLRX2,1,1
TUBB4B,GTF3C4,1,1
TUBB4B,ILF2,1,1
TUBB4B,KARS,1,1
TUBB4B,KIAA0101,1,1
TUBB4B,KRT18,1,1
TUBB4B,LBR,1,1
TUBB4B,LMNB1,1,1
TUBB4B,MAGOH,1,1
TUBB4B,MCM10,1,1
TUBB4B,MCM2,1,1
TUBB4B,MEGF8,1,1
TUBB4B,MIS18A,1,1
TUBB4B,MMP24-AS1,1,1
TUBB4B,MRPL39,1,1
TUBB4B,MYBL2,1,1
TUBB4B,NAA15,1,1
TUBB4B,NAA20,1,1
TUBB4B,NASP,1,1
TUBB4B,NUFIP1,1,1
TUBB4B,NUP107,1,1
TUBB4B,PAK1IP1,1,1
TUBB4B,PCGF6,1,1
TUBB4B,PNN,1,1
TUBB4B,POLE3,1,1
TUBB4B,PPM1G,1,1
TUBB4B,PRPF38A,1,1
TUBB4B,PSMA3,1,1
TUBB4B,PSMC3,1,1
TUBB4B,PSMC3IP,1,1
TUBB4B,PSMC6,1,1
TUBB4B,PSMD2,1,1
TUBB4B,PTS,1,1
TUBB4B,RAD1,1,1
TUBB4B,RARS,1,1
TUBB4B,REXO1,1,1
TUBB4B,RFWD3,1,1
TUBB4B,RIOK1,1,1
TUBB4B,RP11-424C20.2,1,1
TUBB4B,RRP12,1,1
TUBB4B,RRS1,1,1
TUBB4B,SACS,1,1
TUBB4B,SAPCD2,1,1
TUBB4B,SERBP1,1,1
TUBB4B,SNAPC1,1,1
TUBB4B,SPIN4,1,1
TUBB4B,SREK1IP1,1,1
TUBB4B,SRP72,1,1
TUBB4B,SYNCRIP,1,1
TUBB4B,TAF5,1,1
TUBB4B,TFB2M,1,1
TUBB4B,TIMM10,1,1
TUBB4B,TIMM17A,1,1
TUBB4B,TIMM8A,1,1
TUBB4B,TMA16,1,1
TUBB4B,TMEM14B,1,1
TUBB4B,TRIP13,1,1
TUBB4B,TRMT10C,1,1
TUBB4B,UBE2C,1,1
TUBB4B,UBE2N,1,1
TUBB4B,UHRF1,1,1
TUBB4B,UHRF1BP1L,1,1
TUBB4B,USP1,1,1
TUBB4B,UTP23,1,1
TUBB4B,VRK1,1,1
TUBB4B,WDR74,1,1
TUBB4B,ZIC2,1,1
TUBB4B,ZNF695,1,1
TUBB4B,ZW10,1,1
RICTOR,AC093616.4,1,1
RICTOR,ANXA3,1,1
RICTOR,AP3S1,1,1
RICTOR,ATG12,1,1
RICTOR,C4ORF46,1,1
RICTOR,CCDC109B,1,1
RICTOR,CEP120,1,1
RICTOR,CEP250,1,1
RICTOR,CHUK,1,1
RICTOR,CRNKL1,1,1
RICTOR,CTNNAL1,1,1
RICTOR,DPM1,1,1
RICTOR,DR1,1,1
RICTOR,EXOSC8,1,1
RICTOR,FAM178B,1,1
RICTOR,G6PC3,1,1
RICTOR,HNRNPA1P48,1,1
RICTOR,KHK,1,1
RICTOR,KPNA3,1,1
RICTOR,LRRC40,1,1
RICTOR,MED29,1,1
RICTOR,METTL10,1,1
RICTOR,MRPL33,1,1
RICTOR,MRPS10,1,1
RICTOR,MRPS16,1,1
RICTOR,MRPS26,1,1
RICTOR,NDUFAF5,1,1
RICTOR,NHSL1,1,1
RICTOR,NRM,1,1
RICTOR,OSER1,1,1
RICTOR,PGGT1B,1,1
RICTOR,PKN2,1,1
RICTOR,PLAGL2,1,1
RICTOR,PRRG4,1,1
RICTOR,RABGGTB,1,1
RICTOR,RBBP9,1,1
RICTOR,RBMXL1,1,1
RICTOR,SF3B6,1,1
RICTOR,TIFA,1,1
RICTOR,TRIM44,1,1
RICTOR,TRPM2,1,1
RICTOR,TYW3,1,1
RICTOR,UBA6,1,1
RICTOR,ZNF696,1,1
TMEM63B,CDCA2,1,1
TMEM63B,DCAF10,1,1
TMEM63B,EEF1E1,1,1
TMEM63B,GINS1,1,1
TMEM63B,HNRNPH1,1,1
TMEM63B,IPO11,1,1
TMEM63B,KIAA0101,1,1
TMEM63B,KIF14,1,1
TMEM63B,L2HGDH,1,1
TMEM63B,MAD2L1,1,1
TMEM63B,MATR3,1,1
TMEM63B,MBNL1,1,1
TMEM63B,MRPL9,1,1
TMEM63B,NBN,1,1
TMEM63B,RAD51AP1,1,1
TMEM63B,RFC3,1,1
TMEM63B,RMI1,1,1
TMEM63B,SKIV2L2,1,1
TMEM63B,STIL,1,1
TMEM63B,TMEM205,1,1
TMEM63B,TPRKB,1,1
TMEM63B,TUBA1C,1,1
TMEM63B,UBA2,1,1
TMEM63B,VBP1,1,1
NCBP2-AS2,ACSL4,1,1
NCBP2-AS2,CFL2,1,1
NCBP2-AS2,CNPY3,1,1
NCBP2-AS2,DPY19L2P1,1,1
NCBP2-AS2,EID2,1,1
NCBP2-AS2,EIF2AK4,1,1
NCBP2-AS2,GCH1,1,1
NCBP2-AS2,HDAC3,1,1
NCBP2-AS2,IGF2BP1,1,1
NCBP2-AS2,ILF2,1,1
NCBP2-AS2,ISY1,1,1
NCBP2-AS2,KIAA0319L,1,1
NCBP2-AS2,KIAA0586,1,1
NCBP2-AS2,KIF3A,1,1
NCBP2-AS2,MICALL1,1,1
NCBP2-AS2,MNAT1,1,1
NCBP2-AS2,MYNN,1,1
NCBP2-AS2,PSMB5,1,1
NCBP2-AS2,PTPRB,1,1
NCBP2-AS2,RLIM,1,1
NCBP2-AS2,RUVBL2,1,1
NCBP2-AS2,SERINC1,1,1
NCBP2-AS2,VEZT,1,1
NCBP2-AS2,XK,1,1
NCBP2-AS2,ZNF678,1,1
CCDC109B,ABHD5,1,1
CCDC109B,ACD,1,1
CCDC109B,AHI1,1,1
CCDC109B,ANKRD33B,1,1
CCDC109B,ANXA3,1,1
CCDC109B,ATG12,1,1
CCDC109B,BMI1,1,1
CCDC109B,BNIP1,1,1
CCDC109B,C12ORF75,1,1
CCDC109B,C4ORF46,1,1
CCDC109B,CDC123,1,1
CCDC109B,CDK4,1,1
CCDC109B,CENPJ,1,1
CCDC109B,CEP250,1,1
CCDC109B,CRNKL1,1,1
CCDC109B,CTNNAL1,1,1
CCDC109B,DDX39B,1,1
CCDC109B,DEK,1,1
CCDC109B,DNA2,1,1
CCDC109B,DPM1,1,1
CCDC109B,EIF4E2,1,1
CCDC109B,ERI1,1,1
CCDC109B,EXOSC8,1,1
CCDC109B,FBXO45,1,1
CCDC109B,GART,1,1
CCDC109B,GRASP,1,1
CCDC109B,GRHPR,1,1
CCDC109B,HARS,1,1
CCDC109B,HARS2,1,1
CCDC109B,HAUS2,1,1
CCDC109B,HMGN1,1,1
CCDC109B,HRAS,1,1
CCDC109B,KMT5A,1,1
CCDC109B,KPNA3,1,1
CCDC109B,LRRC40,1,1
CCDC109B,MAGOH,1,1
CCDC109B,MED29,1,1
CCDC109B,METTL10,1,1
CCDC109B,MIER1,1,1
CCDC109B,MRPL33,1,1
CCDC109B,MRPS10,1,1
CCDC109B,MRPS14,1,1
CCDC109B,MRPS16,1,1
CCDC109B,MRPS26,1,1
CCDC109B,NELFE,1,1
CCDC109B,NPM3,1,1
CCDC109B,NR2F2,1,1
CCDC109B,NRM,1,1
CCDC109B,NSMCE4A,1,1
CCDC109B,NUP107,1,1
CCDC109B,OSBPL11,1,1
CCDC109B,PDF,1,1
CCDC109B,PFDN2,1,1
CCDC109B,PLAGL2,1,1
CCDC109B,PRRG4,1,1
CCDC109B,PUS7L,1,1
CCDC109B,RABGGTB,1,1
CCDC109B,RAD1,1,1
CCDC109B,RARS,1,1
CCDC109B,RBMXL1,1,1
CCDC109B,SAPCD2,1,1
CCDC109B,SNRNP48,1,1
CCDC109B,SNRPE,1,1
CCDC109B,SRP72,1,1
CCDC109B,TFAM,1,1
CCDC109B,TIMM23,1,1
CCDC109B,TMEM14B,1,1
CCDC109B,TRPM2,1,1
CCDC109B,TSSC4,1,1
CCDC109B,TYW3,1,1
CCDC109B,UBA6,1,1
CCDC109B,UBL4A,1,1
CCDC109B,VRK1,1,1
CCDC109B,ZNF232,1,1
CCDC109B,ZNF281,1,1
CCDC109B,ZNF696,1,1
PPP3CA,CEP120,1,1
PPP3CA,TMTC4,1,1
NCALD,BCL2A1,1,1
NCALD,CMC2,1,1
NCALD,GPM6B,1,1
NCALD,GRHPR,1,1
NCALD,IER5,1,1
NCALD,KIAA0355,1,1
NCALD,NDUFA1,1,1
DR1,AP3S1,1,1
DR1,ATG12,1,1
DR1,C4ORF46,1,1
DR1,CCNJL,1,1
DR1,CHUK,1,1
DR1,CRNKL1,1,1
DR1,DCAF6,1,1
DR1,DCLRE1A,1,1
DR1,DNAJC9,1,1
DR1,ECD,1,1
DR1,ERLIN1,1,1
DR1,EXOSC8,1,1
DR1,HMGN1,1,1
DR1,LRRC40,1,1
DR1,METTL10,1,1
DR1,MIS12,1,1
DR1,MRPL1,1,1
DR1,MRPS16,1,1
DR1,NR2F2,1,1
DR1,NRM,1,1
DR1,NSMCE4A,1,1
DR1,PRRG4,1,1
DR1,RABGGTB,1,1
DR1,RBBP9,1,1
DR1,SUGT1,1,1
DR1,TFDP1,1,1
DR1,TIFA,1,1
DR1,TMTC4,1,1
DR1,TRMT13,1,1
DR1,TYW3,1,1
DR1,ZNF696,1,1
UBC,POLB,1,1
HMGCL,ABCA5,1,1
HMGCL,ACACB,1,1
HMGCL,CDC42EP2,1,1
HMGCL,CLPTM1L,1,1
HMGCL,CNOT3,1,1
HMGCL,CYP27A1,1,1
HMGCL,FAM69B,1,1
HMGCL,FARSA,1,1
HMGCL,FIS1,1,1
HMGCL,HS1BP3,1,1
HMGCL,ID1,1,1
HMGCL,IDH2,1,1
HMGCL,ITM2C,1,1
HMGCL,KIAA0319L,1,1
HMGCL,LURAP1,1,1
HMGCL,MAK16,1,1
HMGCL,MAP4K5,1,1
HMGCL,MCFD2,1,1
HMGCL,NEK7,1,1
HMGCL,PHLDA2,1,1
HMGCL,PLAUR,1,1
HMGCL,POLB,1,1
HMGCL,PPCS,1,1
HMGCL,PPP2R1B,1,1
HMGCL,PSMB5,1,1
HMGCL,QSER1,1,1
HMGCL,RNF130,1,1
HMGCL,SAMD1,1,1
HMGCL,SMARCD1,1,1
HMGCL,SMN1,1,1
HMGCL,TNFRSF12A,1,1
HMGCL,TROVE2,1,1
HMGCL,ZPR1,1,1
ELAVL1,ABCE1,1,1
ELAVL1,ACACB,1,1
ELAVL1,ACTN1,1,1
ELAVL1,AHCTF1,1,1
ELAVL1,C12ORF29,1,1
ELAVL1,CBFB,1,1
ELAVL1,CCDC112,1,1
ELAVL1,CCT2,1,1
ELAVL1,CDK7,1,1
ELAVL1,CLINT1,1,1
ELAVL1,CNOT3,1,1
ELAVL1,CPSF6,1,1
ELAVL1,CSTF2,1,1
ELAVL1,DAZAP1,1,1
ELAVL1,DHRS7B,1,1
ELAVL1,DHX35,1,1
ELAVL1,DIMT1,1,1
ELAVL1,DPF1,1,1
ELAVL1,DPY19L2P1,1,1
ELAVL1,EIF3J,1,1
ELAVL1,ERVK3-1,1,1
ELAVL1,FAM136A,1,1
ELAVL1,FARSA,1,1
ELAVL1,FASTKD3,1,1
ELAVL1,FBXL4,1,1
ELAVL1,FTSJ1,1,1
ELAVL1,GHDC,1,1
ELAVL1,GLRX2,1,1
ELAVL1,HNRNPU,1,1
ELAVL1,IGF2BP1,1,1
ELAVL1,ILF2,1,1
ELAVL1,IRAK1,1,1
ELAVL1,KIAA0319L,1,1
ELAVL1,KIAA1524,1,1
ELAVL1,KIAA1586,1,1
ELAVL1,LARP4,1,1
ELAVL1,LBR,1,1
ELAVL1,LMNB1,1,1
ELAVL1,LURAP1,1,1
ELAVL1,MAK16,1,1
ELAVL1,MAP4K5,1,1
ELAVL1,MEGF8,1,1
ELAVL1,MLKL,1,1
ELAVL1,MRPL39,1,1
ELAVL1,MRPL50,1,1
ELAVL1,MYBL2,1,1
ELAVL1,MYNN,1,1
ELAVL1,NEK7,1,1
ELAVL1,NRGN,1,1
ELAVL1,PAK1IP1,1,1
ELAVL1,PCGF6,1,1
ELAVL1,PM20D2,1,1
ELAVL1,POLR1B,1,1
ELAVL1,POLR3E,1,1
ELAVL1,PSMA3,1,1
ELAVL1,PSMC3,1,1
ELAVL1,PSMC5,1,1
ELAVL1,PSMC6,1,1
ELAVL1,PSME4,1,1
ELAVL1,RAD23B,1,1
ELAVL1,RELT,1,1
ELAVL1,RFWD3,1,1
ELAVL1,RNF126,1,1
ELAVL1,SACS,1,1
ELAVL1,SERBP1,1,1
ELAVL1,SLC2A1,1,1
ELAVL1,SMAGP,1,1
ELAVL1,SNAPC1,1,1
ELAVL1,SPIN4,1,1
ELAVL1,SYNCRIP,1,1
ELAVL1,TBPL1,1,1
ELAVL1,TERF1,1,1
ELAVL1,TFB2M,1,1
ELAVL1,TIMM10,1,1
ELAVL1,TIMM17A,1,1
ELAVL1,TIMM8A,1,1
ELAVL1,TMEM53,1,1
ELAVL1,TRIP13,1,1
ELAVL1,TROVE2,1,1
ELAVL1,TUBB3,1,1
ELAVL1,UBE2C,1,1
ELAVL1,UTP23,1,1
ELAVL1,VMA21,1,1
ELAVL1,ZIC2,1,1
ELAVL1,ZNF215,1,1
ELAVL1,ZNF598,1,1
ELAVL1,ZNF639,1,1
ELAVL1,ZNF695,1,1
SLC35D1,C12ORF75,1,1
SLC35D1,CDC123,1,1
SLC35D1,CDK4,1,1
SLC35D1,COQ5,1,1
SLC35D1,CTNNAL1,1,1
SLC35D1,DDX39B,1,1
SLC35D1,DPM1,1,1
SLC35D1,ENY2,1,1
SLC35D1,HARS,1,1
SLC35D1,HRAS,1,1
SLC35D1,KMT5A,1,1
SLC35D1,KPNA3,1,1
SLC35D1,MRPL33,1,1
SLC35D1,MRPS26,1,1
SLC35D1,NXT1,1,1
SLC35D1,PDF,1,1
SLC35D1,PDSS1,1,1
SLC35D1,PLAGL2,1,1
SLC35D1,RARS,1,1
SLC35D1,ST3GAL4,1,1
SLC35D1,TFAM,1,1
SLC35D1,TMEM234,1,1
SLC35D1,UBA6,1,1
SLC35D1,UBE2J2,1,1
SLC35D1,VSIG10L,1,1
SRP72,ABCE1,1,1
SRP72,ACD,1,1
SRP72,ADNP2,1,1
SRP72,AHI1,1,1
SRP72,ANP32E,1,1
SRP72,ARF4,1,1
SRP72,BMI1,1,1
SRP72,BNIP1,1,1
SRP72,BTF3L4,1,1
SRP72,C12ORF75,1,1
SRP72,C19ORF66,1,1
SRP72,CDC123,1,1
SRP72,CDCA5,1,1
SRP72,CDH2,1,1
SRP72,CDK4,1,1
SRP72,CDK7,1,1
SRP72,CENPJ,1,1
SRP72,CFL2,1,1
SRP72,CKS1B,1,1
SRP72,CNOT7,1,1
SRP72,CSNK2B,1,1
SRP72,CSTF2,1,1
SRP72,CTNNAL1,1,1
SRP72,DDX18,1,1
SRP72,DEK,1,1
SRP72,DHRS7B,1,1
SRP72,DHX35,1,1
SRP72,DNA2,1,1
SRP72,EID2,1,1
SRP72,EIF3M,1,1
SRP72,EIF4E2,1,1
SRP72,EIF6,1,1
SRP72,ENY2,1,1
SRP72,ERI1,1,1
SRP72,ERVK3-1,1,1
SRP72,EXOC5,1,1
SRP72,FAM60A,1,1
SRP72,FBXO45,1,1
SRP72,FTSJ3,1,1
SRP72,GABRA5,1,1
SRP72,GALT,1,1
SRP72,GART,1,1
SRP72,GINS3,1,1
SRP72,GLRX2,1,1
SRP72,GTF3C4,1,1
SRP72,HARS,1,1
SRP72,HMGN1,1,1
SRP72,HNRNPU,1,1
SRP72,HRAS,1,1
SRP72,ILF2,1,1
SRP72,KHDRBS1,1,1
SRP72,KIAA1429,1,1
SRP72,KMT5A,1,1
SRP72,KPNA3,1,1
SRP72,KRT18,1,1
SRP72,LBR,1,1
SRP72,LIN7C,1,1
SRP72,LINC01296,1,1
SRP72,LLPH,1,1
SRP72,LMNB1,1,1
SRP72,MAGOH,1,1
SRP72,MAPK1IP1L,1,1
SRP72,MCM10,1,1
SRP72,MCM2,1,1
SRP72,MIER1,1,1
SRP72,MIS18A,1,1
SRP72,MMP24-AS1,1,1
SRP72,MRPL39,1,1
SRP72,MRPS10,1,1
SRP72,MYBL2,1,1
SRP72,MZT1,1,1
SRP72,NAA15,1,1
SRP72,NAA20,1,1
SRP72,NOLC1,1,1
SRP72,NPM3,1,1
SRP72,NUDCD1,1,1
SRP72,NUFIP1,1,1
SRP72,NUP107,1,1
SRP72,OSBPL11,1,1
SRP72,PAK1IP1,1,1
SRP72,PCGF6,1,1
SRP72,PDF,1,1
SRP72,PDSS1,1,1
SRP72,PFDN2,1,1
SRP72,POLE3,1,1
SRP72,POLR3C,1,1
SRP72,PPM1G,1,1
SRP72,PPP2CA,1,1
SRP72,PRPF38A,1,1
SRP72,PSMC3,1,1
SRP72,PSMC3IP,1,1
SRP72,PSMC4,1,1
SRP72,PSMD2,1,1
SRP72,PUS7L,1,1
SRP72,RAB35,1,1
SRP72,RAB4B,1,1
SRP72,RAD1,1,1
SRP72,RARS,1,1
SRP72,RIOK1,1,1
SRP72,RP11-529K1.3,1,1
SRP72,RRP12,1,1
SRP72,RRP36,1,1
SRP72,RRS1,1,1
SRP72,SACS,1,1
SRP72,SAPCD2,1,1
SRP72,SERBP1,1,1
SRP72,SKA3,1,1
SRP72,SLC25A43,1,1
SRP72,SMARCD1,1,1
SRP72,SNRNP48,1,1
SRP72,SNRPC,1,1
SRP72,SNRPE,1,1
SRP72,SREK1IP1,1,1
SRP72,SRSF3,1,1
SRP72,STIP1,1,1
SRP72,SVIP,1,1
SRP72,SYNCRIP,1,1
SRP72,TAF5,1,1
SRP72,TFAM,1,1
SRP72,TFB2M,1,1
SRP72,TIMM17A,1,1
SRP72,TIMM23,1,1
SRP72,TMA16,1,1
SRP72,TMCO1,1,1
SRP72,TMEM123,1,1
SRP72,TMEM14B,1,1
SRP72,TPM3,1,1
SRP72,TRIP13,1,1
SRP72,TRUB1,1,1
SRP72,TSSC4,1,1
SRP72,UBE2C,1,1
SRP72,UBE2J2,1,1
SRP72,UCHL5,1,1
SRP72,UHMK1,1,1
SRP72,UHRF1,1,1
SRP72,UHRF1BP1L,1,1
SRP72,USP1,1,1
SRP72,UTP23,1,1
SRP72,VRK1,1,1
SRP72,WWC1,1,1
SRP72,ZNF281,1,1
SRP72,ZNF473,1,1
SRP72,ZNF695,1,1
SRP72,ZW10,1,1
RPP30,BCCIP,1,1
RPP30,C19ORF47,1,1
RPP30,C5ORF42,1,1
RPP30,CEP55,1,1
RPP30,CWC22,1,1
RPP30,CYB5B,1,1
RPP30,ENY2,1,1
RPP30,GPATCH11,1,1
RPP30,HRAS,1,1
RPP30,KTI12,1,1
RPP30,MRPL22,1,1
RPP30,MTF2,1,1
RPP30,NANP,1,1
RPP30,NPEPPS,1,1
RPP30,NXT1,1,1
RPP30,ORC2,1,1
RPP30,PCLO,1,1
RPP30,PCYOX1L,1,1
RPP30,PDRG1,1,1
RPP30,PDSS1,1,1
RPP30,PRELID1,1,1
RPP30,RNPS1,1,1
RPP30,STAMBPL1,1,1
RPP30,TAF2,1,1
RPP30,TCF19,1,1
RPP30,TRPM2,1,1
RPP30,TXN,1,1
RPP30,XRN2,1,1
SPRTN,GNA12,1,1
SPRTN,RACK1,1,1
SPRTN,RPLP0,1,1
TMEM14B,ABHD5,1,1
TMEM14B,ACD,1,1
TMEM14B,AHI1,1,1
TMEM14B,ANKRD33B,1,1
TMEM14B,ANXA3,1,1
TMEM14B,BCCIP,1,1
TMEM14B,BMI1,1,1
TMEM14B,BNIP1,1,1
TMEM14B,C12ORF75,1,1
TMEM14B,C19ORF47,1,1
TMEM14B,C4ORF46,1,1
TMEM14B,CDC123,1,1
TMEM14B,CDCA5,1,1
TMEM14B,CDK4,1,1
TMEM14B,CENPJ,1,1
TMEM14B,CEP250,1,1
TMEM14B,CKS1B,1,1
TMEM14B,CSNK2B,1,1
TMEM14B,CSTF2,1,1
TMEM14B,CTNNAL1,1,1
TMEM14B,CYB5B,1,1
TMEM14B,DDX39B,1,1
TMEM14B,DEK,1,1
TMEM14B,DHX35,1,1
TMEM14B,DNA2,1,1
TMEM14B,DPM1,1,1
TMEM14B,EIF4E2,1,1
TMEM14B,EIF6,1,1
TMEM14B,ENY2,1,1
TMEM14B,ERI1,1,1
TMEM14B,EXOSC8,1,1
TMEM14B,FAM60A,1,1
TMEM14B,FBXO45,1,1
TMEM14B,GABRA5,1,1
TMEM14B,GART,1,1
TMEM14B,GINS3,1,1
TMEM14B,GRASP,1,1
TMEM14B,HARS,1,1
TMEM14B,HAUS2,1,1
TMEM14B,HMGB2,1,1
TMEM14B,HMGN1,1,1
TMEM14B,HNRNPA1P48,1,1
TMEM14B,HRAS,1,1
TMEM14B,IFI44,1,1
TMEM14B,KIAA1429,1,1
TMEM14B,KMT5A,1,1
TMEM14B,KPNA3,1,1
TMEM14B,KTI12,1,1
TMEM14B,LMNB1,1,1
TMEM14B,LRRC40,1,1
TMEM14B,MAGOH,1,1
TMEM14B,MCM10,1,1
TMEM14B,MCM2,1,1
TMEM14B,MIS18A,1,1
TMEM14B,MMP24-AS1,1,1
TMEM14B,MRPL33,1,1
TMEM14B,MRPS10,1,1
TMEM14B,MRPS14,1,1
TMEM14B,MRPS26,1,1
TMEM14B,MYBL2,1,1
TMEM14B,MZT1,1,1
TMEM14B,NAA15,1,1
TMEM14B,NAA20,1,1
TMEM14B,NANP,1,1
TMEM14B,NOLC1,1,1
TMEM14B,NPEPPS,1,1
TMEM14B,NPM3,1,1
TMEM14B,NR2F2,1,1
TMEM14B,NSMCE4A,1,1
TMEM14B,NUDCD1,1,1
TMEM14B,NUFIP1,1,1
TMEM14B,NUP107,1,1
TMEM14B,NXT1,1,1
TMEM14B,PAK1IP1,1,1
TMEM14B,PCLO,1,1
TMEM14B,PDF,1,1
TMEM14B,PDSS1,1,1
TMEM14B,PFDN2,1,1
TMEM14B,PGGT1B,1,1
TMEM14B,PJA1,1,1
TMEM14B,PLAGL2,1,1
TMEM14B,PPM1G,1,1
TMEM14B,PPP2CA,1,1
TMEM14B,PPRC1,1,1
TMEM14B,PSMC3,1,1
TMEM14B,PSMC3IP,1,1
TMEM14B,PSMD2,1,1
TMEM14B,PUS7L,1,1
TMEM14B,RABGGTB,1,1
TMEM14B,RAD1,1,1
TMEM14B,RARS,1,1
TMEM14B,RBMXL1,1,1
TMEM14B,RP11-424C20.2,1,1
TMEM14B,RRP12,1,1
TMEM14B,SAPCD2,1,1
TMEM14B,SERBP1,1,1
TMEM14B,SKA3,1,1
TMEM14B,SNRNP48,1,1
TMEM14B,SNRPC,1,1
TMEM14B,SNRPE,1,1
TMEM14B,SPRYD7,1,1
TMEM14B,SUPV3L1,1,1
TMEM14B,SVIP,1,1
TMEM14B,TAF5,1,1
TMEM14B,TFAM,1,1
TMEM14B,TIMM23,1,1
TMEM14B,TRIP13,1,1
TMEM14B,TRPM2,1,1
TMEM14B,TSSC4,1,1
TMEM14B,TXN,1,1
TMEM14B,TYW3,1,1
TMEM14B,UBA6,1,1
TMEM14B,UBE2J2,1,1
TMEM14B,UCHL5,1,1
TMEM14B,UHRF1,1,1
TMEM14B,USP1,1,1
TMEM14B,VRK1,1,1
TMEM14B,WWC1,1,1
TMEM14B,ZNF281,1,1
TMEM14B,ZNF473,1,1
TMEM14B,ZNF655,1,1
TMEM14B,ZNF696,1,1
TMEM14B,ZW10,1,1
PSMA3,ANP32E,1,1
PSMA3,C12ORF29,1,1
PSMA3,CDK7,1,1
PSMA3,CFL2,1,1
PSMA3,CPSF6,1,1
PSMA3,CSTF2,1,1
PSMA3,DAZAP1,1,1
PSMA3,DDX18,1,1
PSMA3,DHRS7B,1,1
PSMA3,DHX35,1,1
PSMA3,DIMT1,1,1
PSMA3,DPF1,1,1
PSMA3,DPY19L2P1,1,1
PSMA3,EID2,1,1
PSMA3,EIF3M,1,1
PSMA3,ERI1,1,1
PSMA3,FAM136A,1,1
PSMA3,FBXL4,1,1
PSMA3,FBXO45,1,1
PSMA3,FTSJ1,1,1
PSMA3,FTSJ3,1,1
PSMA3,GABRA5,1,1
PSMA3,GCH1,1,1
PSMA3,GHDC,1,1
PSMA3,GINS3,1,1
PSMA3,GLRX2,1,1
PSMA3,HDAC3,1,1
PSMA3,HNRNPU,1,1
PSMA3,HS1BP3,1,1
PSMA3,IGF2BP1,1,1
PSMA3,ILF2,1,1
PSMA3,IRAK1,1,1
PSMA3,KARS,1,1
PSMA3,KIAA0101,1,1
PSMA3,KIAA0319L,1,1
PSMA3,KIAA1586,1,1
PSMA3,KRT18,1,1
PSMA3,LBR,1,1
PSMA3,LLPH,1,1
PSMA3,LMNB1,1,1
PSMA3,MAK16,1,1
PSMA3,MAP4K5,1,1
PSMA3,MAPK1IP1L,1,1
PSMA3,MCM2,1,1
PSMA3,MEGF8,1,1
PSMA3,MIS18A,1,1
PSMA3,MRPL39,1,1
PSMA3,MYBL2,1,1
PSMA3,MYNN,1,1
PSMA3,NAA15,1,1
PSMA3,NASP,1,1
PSMA3,NEK7,1,1
PSMA3,NKX3-1,1,1
PSMA3,NRGN,1,1
PSMA3,NUP107,1,1
PSMA3,PAK1IP1,1,1
PSMA3,PCGF6,1,1
PSMA3,POLR3E,1,1
PSMA3,PPM1G,1,1
PSMA3,PSMC3,1,1
PSMA3,PSMC5,1,1
PSMA3,PSMC6,1,1
PSMA3,PSMD2,1,1
PSMA3,PTS,1,1
PSMA3,RELT,1,1
PSMA3,RFWD3,1,1
PSMA3,RIOK1,1,1
PSMA3,RNF126,1,1
PSMA3,RRS1,1,1
PSMA3,RUVBL2,1,1
PSMA3,SACS,1,1
PSMA3,SERBP1,1,1
PSMA3,SNAPC1,1,1
PSMA3,SOX10,1,1
PSMA3,SPIN4,1,1
PSMA3,SYNCRIP,1,1
PSMA3,TERF1,1,1
PSMA3,TFB2M,1,1
PSMA3,TIMM10,1,1
PSMA3,TIMM17A,1,1
PSMA3,TIMM8A,1,1
PSMA3,TRIP13,1,1
PSMA3,UBE2C,1,1
PSMA3,UHRF1,1,1
PSMA3,UHRF1BP1L,1,1
PSMA3,USP1,1,1
PSMA3,UTP23,1,1
PSMA3,WDR74,1,1
PSMA3,WRN,1,1
PSMA3,XRCC3,1,1
PSMA3,ZIC2,1,1
PSMA3,ZNF695,1,1
RPL6,ANKRD33B,1,1
RPL6,ANXA3,1,1
RPL6,C12ORF75,1,1
RPL6,CKLF,1,1
RPL6,CNTROB,1,1
RPL6,FAM60A,1,1
RPL6,GNA12,1,1
RPL6,GPAT3,1,1
RPL6,GRASP,1,1
RPL6,LARS,1,1
RPL6,MRPL33,1,1
RPL6,MRPS14,1,1
RPL6,MYOF,1,1
RPL6,NDUFA1,1,1
RPL6,NELFE,1,1
RPL6,NPM3,1,1
RPL6,NTHL1,1,1
RPL6,PJA1,1,1
RPL6,PRKCDBP,1,1
RPL6,RAB7A,1,1
RPL6,RNF113A,1,1
RPL6,RPL18,1,1
RPL6,RPS21,1,1
RPL6,SF3B6,1,1
RPL6,TMEM123,1,1
RPL6,UBE2J2,1,1
NKX3-1,CAPRIN1,1,1
NKX3-1,CFL2,1,1
NKX3-1,CNOT7,1,1
NKX3-1,CNPY3,1,1
NKX3-1,COPS5,1,1
NKX3-1,CRIM1,1,1
NKX3-1,DAZAP1,1,1
NKX3-1,DHRS7B,1,1
NKX3-1,DHX35,1,1
NKX3-1,EID2,1,1
NKX3-1,EIF3M,1,1
NKX3-1,ERI1,1,1
NKX3-1,FBXO45,1,1
NKX3-1,FTSJ3,1,1
NKX3-1,GABRA5,1,1
NKX3-1,GATA3,1,1
NKX3-1,GCH1,1,1
NKX3-1,GINS3,1,1
NKX3-1,ILF2,1,1
NKX3-1,KARS,1,1
NKX3-1,KIAA0586,1,1
NKX3-1,KRT18,1,1
NKX3-1,LIN7C,1,1
NKX3-1,MAPK1IP1L,1,1
NKX3-1,MCM2,1,1
NKX3-1,MRPL39,1,1
NKX3-1,MYNN,1,1
NKX3-1,NASP,1,1
NKX3-1,NIPAL1,1,1
NKX3-1,NUFIP1,1,1
NKX3-1,PSMC3,1,1
NKX3-1,PSMC6,1,1
NKX3-1,PSMD2,1,1
NKX3-1,PTPRB,1,1
NKX3-1,RIN2,1,1
NKX3-1,RUVBL2,1,1
NKX3-1,SACS,1,1
NKX3-1,SERBP1,1,1
NKX3-1,SNRPE,1,1
NKX3-1,SPIN4,1,1
NKX3-1,TIMM17A,1,1
NKX3-1,TMA16,1,1
NKX3-1,TRMT10C,1,1
NKX3-1,UBE2N,1,1
NKX3-1,WDR74,1,1
NKX3-1,WRN,1,1
NKX3-1,XK,1,1
SPIRE1,COQ7,1,1
SPIRE1,GRB2,1,1
SPIRE1,IGSF3,1,1
SPIRE1,NSRP1,1,1
SPIRE1,SEPHS2,1,1
SPIRE1,STX6,1,1
SPIRE1,TCEAL9,1,1
SPIRE1,TRIM38,1,1
UHRF1,ABHD5,1,1
UHRF1,ACD,1,1
UHRF1,ADNP2,1,1
UHRF1,AHI1,1,1
UHRF1,ATRIP,1,1
UHRF1,CDC123,1,1
UHRF1,CDCA5,1,1
UHRF1,CDK7,1,1
UHRF1,CNOT7,1,1
UHRF1,CSTF2,1,1
UHRF1,DAZAP1,1,1
UHRF1,DDX18,1,1
UHRF1,DDX31,1,1
UHRF1,DEK,1,1
UHRF1,DHX35,1,1
UHRF1,DNA2,1,1
UHRF1,EIF3M,1,1
UHRF1,ERI1,1,1
UHRF1,ERVK3-1,1,1
UHRF1,FBXO45,1,1
UHRF1,FEM1A,1,1
UHRF1,FTSJ1,1,1
UHRF1,FTSJ3,1,1
UHRF1,GABRA5,1,1
UHRF1,GART,1,1
UHRF1,GINS3,1,1
UHRF1,GLRX2,1,1
UHRF1,GTF3C4,1,1
UHRF1,HARS,1,1
UHRF1,HNRNPU,1,1
UHRF1,ILF2,1,1
UHRF1,KARS,1,1
UHRF1,KRT18,1,1
UHRF1,LBR,1,1
UHRF1,LMNB1,1,1
UHRF1,MAGOH,1,1
UHRF1,MAPK1IP1L,1,1
UHRF1,MCM10,1,1
UHRF1,MCM2,1,1
UHRF1,MIS18A,1,1
UHRF1,MMP24-AS1,1,1
UHRF1,MRPL39,1,1
UHRF1,MYBL2,1,1
UHRF1,NAA15,1,1
UHRF1,NAA20,1,1
UHRF1,NASP,1,1
UHRF1,NOLC1,1,1
UHRF1,NUFIP1,1,1
UHRF1,NUP107,1,1
UHRF1,PAK1IP1,1,1
UHRF1,PCGF6,1,1
UHRF1,PDF,1,1
UHRF1,PDSS1,1,1
UHRF1,PFDN2,1,1
UHRF1,PNN,1,1
UHRF1,POLE3,1,1
UHRF1,PPM1G,1,1
UHRF1,PPRC1,1,1
UHRF1,PPWD1,1,1
UHRF1,PRPF38A,1,1
UHRF1,PSMC3,1,1
UHRF1,PSMC3IP,1,1
UHRF1,PSMC6,1,1
UHRF1,PSMD2,1,1
UHRF1,PTS,1,1
UHRF1,RAB35,1,1
UHRF1,RAD1,1,1
UHRF1,RARS,1,1
UHRF1,REXO1,1,1
UHRF1,RIOK1,1,1
UHRF1,RP11-424C20.2,1,1
UHRF1,RRP12,1,1
UHRF1,RRS1,1,1
UHRF1,SACS,1,1
UHRF1,SAPCD2,1,1
UHRF1,SERBP1,1,1
UHRF1,SKA3,1,1
UHRF1,SNRNP48,1,1
UHRF1,SNRPE,1,1
UHRF1,SPIN4,1,1
UHRF1,SREK1IP1,1,1
UHRF1,STIP1,1,1
UHRF1,SYNCRIP,1,1
UHRF1,TAF5,1,1
UHRF1,TFAM,1,1
UHRF1,TFB2M,1,1
UHRF1,TGS1,1,1
UHRF1,TIMM17A,1,1
UHRF1,TIMM23,1,1
UHRF1,TIMM8A,1,1
UHRF1,TMA16,1,1
UHRF1,TRIP13,1,1
UHRF1,TRMT10C,1,1
UHRF1,TSSC4,1,1
UHRF1,UHRF1BP1L,1,1
UHRF1,USP1,1,1
UHRF1,UTP23,1,1
UHRF1,VRK1,1,1
UHRF1,WDR74,1,1
UHRF1,ZIC2,1,1
UHRF1,ZNF281,1,1
UHRF1,ZNF473,1,1
UHRF1,ZNF695,1,1
UHRF1,ZW10,1,1
PGGT1B,AC093616.4,1,1
PGGT1B,ARFIP2,1,1
PGGT1B,BCCIP,1,1
PGGT1B,BMI1,1,1
PGGT1B,BNIP1,1,1
PGGT1B,C12ORF75,1,1
PGGT1B,C19ORF47,1,1
PGGT1B,C5ORF42,1,1
PGGT1B,CDK4,1,1
PGGT1B,CENPJ,1,1
PGGT1B,CEP250,1,1
PGGT1B,CEP55,1,1
PGGT1B,CKS1B,1,1
PGGT1B,CTNNAL1,1,1
PGGT1B,CYB5B,1,1
PGGT1B,DEK,1,1
PGGT1B,DPM1,1,1
PGGT1B,EIF4E,1,1
PGGT1B,ENY2,1,1
PGGT1B,EXOSC8,1,1
PGGT1B,GRHPR,1,1
PGGT1B,HAUS2,1,1
PGGT1B,HMGN1,1,1
PGGT1B,HNRNPA1P48,1,1
PGGT1B,HRAS,1,1
PGGT1B,KIAA1429,1,1
PGGT1B,KMT5A,1,1
PGGT1B,KPNA3,1,1
PGGT1B,KTI12,1,1
PGGT1B,LRRC40,1,1
PGGT1B,METTL10,1,1
PGGT1B,MRPS10,1,1
PGGT1B,MRPS26,1,1
PGGT1B,MZT1,1,1
PGGT1B,NANP,1,1
PGGT1B,NPEPPS,1,1
PGGT1B,NXT1,1,1
PGGT1B,PCLO,1,1
PGGT1B,PDLIM5,1,1
PGGT1B,PDSS1,1,1
PGGT1B,PRRG4,1,1
PGGT1B,RABGGTB,1,1
PGGT1B,RBMXL1,1,1
PGGT1B,SF3B6,1,1
PGGT1B,SKA3,1,1
PGGT1B,SPRYD7,1,1
PGGT1B,ST3GAL4,1,1
PGGT1B,SVIP,1,1
PGGT1B,TFAM,1,1
PGGT1B,TIMM23,1,1
PGGT1B,TRPM2,1,1
PGGT1B,TRUB1,1,1
PGGT1B,TSSC4,1,1
PGGT1B,TXN,1,1
PGGT1B,UBA6,1,1
PGGT1B,UBE2J2,1,1
PGGT1B,UCHL5,1,1
PGGT1B,USP1,1,1
PGGT1B,USP28,1,1
PGGT1B,XRN2,1,1
PGGT1B,ZRANB2,1,1
UTP15,AGPAT5,1,1
UTP15,AKAP1,1,1
UTP15,ASNSD1,1,1
UTP15,CCT2,1,1
UTP15,HNRNPM,1,1
UTP15,LRRC58,1,1
UTP15,MBNL1,1,1
UTP15,MPHOSPH10,1,1
UTP15,NBN,1,1
UTP15,PNPT1,1,1
UTP15,PTBP1,1,1
UTP15,RBMX,1,1
UTP15,TIPIN,1,1
UTP15,TTC4,1,1
UTP15,UMPS,1,1
UTP15,URB2,1,1
UTP15,USP10,1,1
CCNJL,ANXA3,1,1
CCNJL,ATG12,1,1
CCNJL,CHUK,1,1
CCNJL,CRNKL1,1,1
CCNJL,DBI,1,1
CCNJL,DCAF6,1,1
CCNJL,DHX16,1,1
CCNJL,ECD,1,1
CCNJL,FAM3A,1,1
CCNJL,GSK3A,1,1
CCNJL,KHK,1,1
CCNJL,MED29,1,1
CCNJL,MIS12,1,1
CCNJL,MKRN1,1,1
CCNJL,MRPS16,1,1
CCNJL,NHSL1,1,1
CCNJL,NR2F2,1,1
CCNJL,PLAGL2,1,1
CCNJL,RAB4A,1,1
CCNJL,RBBP9,1,1
CCNJL,RBMXL1,1,1
CCNJL,TFDP1,1,1
CCNJL,TIFA,1,1
CCNJL,TRMT13,1,1
CCNJL,TYW3,1,1
CCNJL,ZNF232,1,1
CCNJL,ZNF696,1,1
ATP7A,ANXA4,1,1
ATP7A,BVES,1,1
ATP7A,C1ORF216,1,1
ATP7A,DPF1,1,1
ATP7A,FBXL4,1,1
ATP7A,GHDC,1,1
ATP7A,RNF38,1,1
ATP7A,RPL35A,1,1
ATP7A,SERINC1,1,1
ATP7A,VAT1,1,1
DPM1,AC093616.4,1,1
DPM1,ANKRD33B,1,1
DPM1,ANXA3,1,1
DPM1,AP1M1,1,1
DPM1,ARFIP2,1,1
DPM1,BCCIP,1,1
DPM1,BMI1,1,1
DPM1,C19ORF47,1,1
DPM1,C5ORF42,1,1
DPM1,CDK4,1,1
DPM1,CEP250,1,1
DPM1,CKLF,1,1
DPM1,CKS1B,1,1
DPM1,CTNNAL1,1,1
DPM1,CWC22,1,1
DPM1,CYB5B,1,1
DPM1,DDX39B,1,1
DPM1,DEK,1,1
DPM1,EIF6,1,1
DPM1,ENY2,1,1
DPM1,FAM178B,1,1
DPM1,FAM60A,1,1
DPM1,GPAT3,1,1
DPM1,GRASP,1,1
DPM1,GRHPR,1,1
DPM1,HARS,1,1
DPM1,HERPUD2,1,1
DPM1,HRAS,1,1
DPM1,KIAA1429,1,1
DPM1,KMT5A,1,1
DPM1,KPNA3,1,1
DPM1,KTI12,1,1
DPM1,LARS,1,1
DPM1,LRRC40,1,1
DPM1,METTL10,1,1
DPM1,MOCS3,1,1
DPM1,MRPL22,1,1
DPM1,MRPL33,1,1
DPM1,MRPS10,1,1
DPM1,MRPS14,1,1
DPM1,MRPS26,1,1
DPM1,MYOF,1,1
DPM1,MYSM1,1,1
DPM1,MZT1,1,1
DPM1,NAA15,1,1
DPM1,NAGLU,1,1
DPM1,NANP,1,1
DPM1,NDUFA1,1,1
DPM1,NPEPPS,1,1
DPM1,NPM3,1,1
DPM1,NRM,1,1
DPM1,NTHL1,1,1
DPM1,NUDCD1,1,1
DPM1,NXT1,1,1
DPM1,ORC2,1,1
DPM1,OSBPL11,1,1
DPM1,PCLO,1,1
DPM1,PCYOX1L,1,1
DPM1,PDF,1,1
DPM1,PDSS1,1,1
DPM1,PLAGL2,1,1
DPM1,PPP2CA,1,1
DPM1,PRELID1,1,1
DPM1,PRRG4,1,1
DPM1,RAB4A,1,1
DPM1,RAB7A,1,1
DPM1,RABGGTB,1,1
DPM1,RARS,1,1
DPM1,RNF113A,1,1
DPM1,RP11-529K1.3,1,1
DPM1,SF3B6,1,1
DPM1,ST3GAL4,1,1
DPM1,STAMBPL1,1,1
DPM1,SVIP,1,1
DPM1,TAF2,1,1
DPM1,TFAM,1,1
DPM1,TRPM2,1,1
DPM1,TRUB1,1,1
DPM1,TSSC4,1,1
DPM1,TTC1,1,1
DPM1,TXN,1,1
DPM1,UBA6,1,1
DPM1,UBE2J2,1,1
DPM1,UCHL5,1,1
DPM1,UHMK1,1,1
DPM1,WWC1,1,1
DPM1,XRN2,1,1
DPM1,ZBTB37,1,1
DPM1,ZNF473,1,1
DPM1,ZNF655,1,1
DPM1,ZRANB2,1,1
AP3S1,ANXA3,1,1
AP3S1,ARFIP2,1,1
AP3S1,ATG12,1,1
AP3S1,CEP120,1,1
AP3S1,CEP250,1,1
AP3S1,CHUK,1,1
AP3S1,CRNKL1,1,1
AP3S1,FAM178B,1,1
AP3S1,G6PC3,1,1
AP3S1,HARS2,1,1
AP3S1,KHK,1,1
AP3S1,LRRC40,1,1
AP3S1,MED29,1,1
AP3S1,METTL10,1,1
AP3S1,MIS12,1,1
AP3S1,MRPL33,1,1
AP3S1,MRPS10,1,1
AP3S1,MRPS16,1,1
AP3S1,MRPS26,1,1
AP3S1,NDUFAF5,1,1
AP3S1,NRM,1,1
AP3S1,PKN2,1,1
AP3S1,PLEKHG4,1,1
AP3S1,PRRG4,1,1
AP3S1,RABGGTB,1,1
AP3S1,RBBP9,1,1
AP3S1,RPS13,1,1
AP3S1,SF3B6,1,1
AP3S1,TIFA,1,1
AP3S1,TMSB4X,1,1
AP3S1,TMTC4,1,1
AP3S1,TRIM44,1,1
AP3S1,TYW3,1,1
AP3S1,UBA6,1,1
AP3S1,ZNF696,1,1
MAPK8IP3,SUGP2,1,1
PPAN-P2RY11,FASTKD3,1,1
PPAN-P2RY11,LYAR,1,1
PPAN-P2RY11,SLC2A1,1,1
PPAN-P2RY11,TTC27,1,1
NHSL1,ANXA3,1,1
NHSL1,ARF1,1,1
NHSL1,ATG12,1,1
NHSL1,CEP120,1,1
NHSL1,CEP250,1,1
NHSL1,CRNKL1,1,1
NHSL1,DBI,1,1
NHSL1,DCAF6,1,1
NHSL1,ENOX2,1,1
NHSL1,FAM3A,1,1
NHSL1,G6PC3,1,1
NHSL1,GRHPR,1,1
NHSL1,KHK,1,1
NHSL1,LRRC40,1,1
NHSL1,MED29,1,1
NHSL1,MRPL33,1,1
NHSL1,MRPS16,1,1
NHSL1,MRPS26,1,1
NHSL1,NR2F2,1,1
NHSL1,PLEKHG4,1,1
NHSL1,PRRG4,1,1
NHSL1,RAB4A,1,1
NHSL1,RBBP9,1,1
NHSL1,RBMXL1,1,1
NHSL1,RGS19,1,1
NHSL1,ST3GAL4,1,1
NHSL1,TRIM44,1,1
NHSL1,TRMT13,1,1
NHSL1,UBA6,1,1
NHSL1,USP28,1,1
NHSL1,ZNF232,1,1
NHSL1,ZNF696,1,1
SNRNP48,ACD,1,1
SNRNP48,ADNP2,1,1
SNRNP48,AHI1,1,1
SNRNP48,BRD4,1,1
SNRNP48,BTF3L4,1,1
SNRNP48,CDC123,1,1
SNRNP48,CDH2,1,1
SNRNP48,CDK7,1,1
SNRNP48,CFL2,1,1
SNRNP48,CNOT7,1,1
SNRNP48,CTNNAL1,1,1
SNRNP48,DEK,1,1
SNRNP48,DHRS7B,1,1
SNRNP48,DNA2,1,1
SNRNP48,EIF3M,1,1
SNRNP48,EIF4E2,1,1
SNRNP48,ERI1,1,1
SNRNP48,EXOC5,1,1
SNRNP48,FAM60A,1,1
SNRNP48,FBXO45,1,1
SNRNP48,FTSJ3,1,1
SNRNP48,GABRA5,1,1
SNRNP48,GART,1,1
SNRNP48,GINS3,1,1
SNRNP48,GOLPH3L,1,1
SNRNP48,GTF3C4,1,1
SNRNP48,HARS,1,1
SNRNP48,HNRNPC,1,1
SNRNP48,KARS,1,1
SNRNP48,KIAA0586,1,1
SNRNP48,KIAA1429,1,1
SNRNP48,KMT5A,1,1
SNRNP48,KPNA3,1,1
SNRNP48,KRT18,1,1
SNRNP48,LIN7C,1,1
SNRNP48,LINC01296,1,1
SNRNP48,LLPH,1,1
SNRNP48,MAGOH,1,1
SNRNP48,MAPK1IP1L,1,1
SNRNP48,MCM2,1,1
SNRNP48,MIER1,1,1
SNRNP48,MMP24-AS1,1,1
SNRNP48,MRPL39,1,1
SNRNP48,NIPAL1,1,1
SNRNP48,NUFIP1,1,1
SNRNP48,NUP107,1,1
SNRNP48,OSBPL11,1,1
SNRNP48,PAK1IP1,1,1
SNRNP48,PDF,1,1
SNRNP48,PFDN2,1,1
SNRNP48,POLR3C,1,1
SNRNP48,PPM1G,1,1
SNRNP48,PRPF38A,1,1
SNRNP48,PSMC3,1,1
SNRNP48,PSMC3IP,1,1
SNRNP48,PSMD2,1,1
SNRNP48,PUS7L,1,1
SNRNP48,QSER1,1,1
SNRNP48,RAB4B,1,1
SNRNP48,RAD1,1,1
SNRNP48,RARS,1,1
SNRNP48,RBMXL1,1,1
SNRNP48,RIOK1,1,1
SNRNP48,RRP12,1,1
SNRNP48,RRS1,1,1
SNRNP48,SACS,1,1
SNRNP48,SAPCD2,1,1
SNRNP48,SERBP1,1,1
SNRNP48,SMARCD1,1,1
SNRNP48,SNRPE,1,1
SNRNP48,SREK1IP1,1,1
SNRNP48,STIP1,1,1
SNRNP48,TAF5,1,1
SNRNP48,TFAM,1,1
SNRNP48,TIMM17A,1,1
SNRNP48,TIMM23,1,1
SNRNP48,TMA16,1,1
SNRNP48,TMCO1,1,1
SNRNP48,TRIP13,1,1
SNRNP48,TRMT10C,1,1
SNRNP48,TSSC4,1,1
SNRNP48,UBE2N,1,1
SNRNP48,UHMK1,1,1
SNRNP48,VRK1,1,1
SNRNP48,WDR74,1,1
SNRNP48,ZNF281,1,1
TRMT10C,AHI1,1,1
TRMT10C,BRD4,1,1
TRMT10C,CAPRIN1,1,1
TRMT10C,CDC123,1,1
TRMT10C,CDC42EP2,1,1
TRMT10C,CNOT7,1,1
TRMT10C,CRIM1,1,1
TRMT10C,DHRS7B,1,1
TRMT10C,DNA2,1,1
TRMT10C,EIF3M,1,1
TRMT10C,ERI1,1,1
TRMT10C,FBXO45,1,1
TRMT10C,FEM1A,1,1
TRMT10C,FTSJ3,1,1
TRMT10C,GABRA5,1,1
TRMT10C,GART,1,1
TRMT10C,GINS3,1,1
TRMT10C,GTF3C4,1,1
TRMT10C,HNRNPC,1,1
TRMT10C,KARS,1,1
TRMT10C,KIAA0586,1,1
TRMT10C,KRT18,1,1
TRMT10C,MAGOH,1,1
TRMT10C,MAPK1IP1L,1,1
TRMT10C,MCM10,1,1
TRMT10C,MCM2,1,1
TRMT10C,MMP24-AS1,1,1
TRMT10C,MRPL39,1,1
TRMT10C,NIPAL1,1,1
TRMT10C,NUFIP1,1,1
TRMT10C,NUP107,1,1
TRMT10C,PAK1IP1,1,1
TRMT10C,POLR3C,1,1
TRMT10C,PPP2R1B,1,1
TRMT10C,PSMC3,1,1
TRMT10C,PSMC3IP,1,1
TRMT10C,PSMC6,1,1
TRMT10C,PSMD2,1,1
TRMT10C,QSER1,1,1
TRMT10C,RIOK1,1,1
TRMT10C,RP11-424C20.2,1,1
TRMT10C,RRP12,1,1
TRMT10C,RRS1,1,1
TRMT10C,SACS,1,1
TRMT10C,SAPCD2,1,1
TRMT10C,SERBP1,1,1
TRMT10C,SNRPE,1,1
TRMT10C,SPIN4,1,1
TRMT10C,SREK1IP1,1,1
TRMT10C,TEX10,1,1
TRMT10C,TMA16,1,1
TRMT10C,UBE2N,1,1
TRMT10C,VRK1,1,1
TRMT10C,WDR74,1,1
TRMT10C,WRN,1,1
MZT1,BCCIP,1,1
MZT1,BMI1,1,1
MZT1,BNIP1,1,1
MZT1,CENPJ,1,1
MZT1,CEP55,1,1
MZT1,CKS1B,1,1
MZT1,DDX18,1,1
MZT1,DEK,1,1
MZT1,ENY2,1,1
MZT1,HNRNPA1P48,1,1
MZT1,HRAS,1,1
MZT1,KHDRBS1,1,1
MZT1,KIAA0101,1,1
MZT1,KIAA1429,1,1
MZT1,KIF11,1,1
MZT1,KPNA3,1,1
MZT1,MAD2L1,1,1
MZT1,MIS18A,1,1
MZT1,MRPS10,1,1
MZT1,NAA15,1,1
MZT1,NANP,1,1
MZT1,NPEPPS,1,1
MZT1,PCLO,1,1
MZT1,PDLIM5,1,1
MZT1,PDSS1,1,1
MZT1,PET117,1,1
MZT1,PLK4,1,1
MZT1,RNF138,1,1
MZT1,SKA3,1,1
MZT1,SPRYD7,1,1
MZT1,SVIP,1,1
MZT1,TFAM,1,1
MZT1,TPRKB,1,1
MZT1,TRUB1,1,1
MZT1,TXN,1,1
MZT1,UBA6,1,1
MZT1,UBE2V2,1,1
MZT1,UCHL5,1,1
MZT1,USP1,1,1
SNRPC,BCCIP,1,1
SNRPC,BNIP1,1,1
SNRPC,C19ORF47,1,1
SNRPC,CCNA2,1,1
SNRPC,CDCA5,1,1
SNRPC,CDK4,1,1
SNRPC,CKS1B,1,1
SNRPC,CWC22,1,1
SNRPC,CYB5B,1,1
SNRPC,DDX18,1,1
SNRPC,DEK,1,1
SNRPC,EIF6,1,1
SNRPC,GFER,1,1
SNRPC,GINS1,1,1
SNRPC,HRAS,1,1
SNRPC,KHDRBS1,1,1
SNRPC,KIAA0101,1,1
SNRPC,KIAA1429,1,1
SNRPC,KMT5A,1,1
SNRPC,KTI12,1,1
SNRPC,LMNB1,1,1
SNRPC,MAD2L1,1,1
SNRPC,MIS18A,1,1
SNRPC,MRPL22,1,1
SNRPC,MRPS10,1,1
SNRPC,MYBL2,1,1
SNRPC,NAA15,1,1
SNRPC,NANP,1,1
SNRPC,NOLC1,1,1
SNRPC,NPEPPS,1,1
SNRPC,NUDCD1,1,1
SNRPC,NUP107,1,1
SNRPC,ORC2,1,1
SNRPC,PDRG1,1,1
SNRPC,PDSS1,1,1
SNRPC,PPM1G,1,1
SNRPC,PPP2CA,1,1
SNRPC,PRELID1,1,1
SNRPC,PRPS2,1,1
SNRPC,RARS,1,1
SNRPC,SKA3,1,1
SNRPC,SVIP,1,1
SNRPC,TAF2,1,1
SNRPC,TPRKB,1,1
SNRPC,TRIP13,1,1
SNRPC,UBE2C,1,1
SNRPC,UBE2J2,1,1
SNRPC,UCHL5,1,1
SNRPC,UHRF1BP1L,1,1
SNRPC,USP1,1,1
SNRPC,WWC1,1,1
SNRPC,ZNF473,1,1
SNRPC,ZNF695,1,1
SNRPC,ZW10,1,1
TMSB4X,ARFIP2,1,1
TMSB4X,ATG12,1,1
TMSB4X,CDKN2A,1,1
TMSB4X,CEP120,1,1
TMSB4X,CNTROB,1,1
TMSB4X,FAM178B,1,1
TMSB4X,GPAT3,1,1
TMSB4X,LINC00493,1,1
TMSB4X,LRRC40,1,1
TMSB4X,MOCS3,1,1
TMSB4X,MYOF,1,1
TMSB4X,PKN2,1,1
TMSB4X,PLEKHG4,1,1
TMSB4X,PRRG4,1,1
TMSB4X,RAB4A,1,1
TMSB4X,RAB7A,1,1
TMSB4X,RBBP9,1,1
TMSB4X,RNF113A,1,1
TMSB4X,RPS13,1,1
TMSB4X,SF3B6,1,1
TMSB4X,ST3GAL4,1,1
TMSB4X,TMTC4,1,1
TMSB4X,TRIM44,1,1
TMSB4X,ZNF365,1,1
TMSB4X,ZRANB2,1,1
RAD51,CCNA2,1,1
RAD51,CDC23,1,1
PATJ,ARL 15.00,1,1
PATJ,CXADR,1,1
PATJ,MED8,1,1
PATJ,SCAMP1,1,1
PATJ,ZDBF2,1,1
PATJ,ZNF746,1,1
GABRA5,ACD,1,1
GABRA5,AHI1,1,1
GABRA5,ANKRD33B,1,1
GABRA5,ANXA1,1,1
GABRA5,BRD4,1,1
GABRA5,BTF3L4,1,1
GABRA5,CDC123,1,1
GABRA5,CDH2,1,1
GABRA5,CDK7,1,1
GABRA5,CFL2,1,1
GABRA5,CMPK1,1,1
GABRA5,CNPY3,1,1
GABRA5,COPS5,1,1
GABRA5,CPT1A,1,1
GABRA5,CSNK2B,1,1
GABRA5,CSTF2,1,1
GABRA5,DAZAP1,1,1
GABRA5,DHRS7B,1,1
GABRA5,DHX35,1,1
GABRA5,DNA2,1,1
GABRA5,EID2,1,1
GABRA5,EIF3M,1,1
GABRA5,EIF6,1,1
GABRA5,ERI1,1,1
GABRA5,FAM60A,1,1
GABRA5,FBXO45,1,1
GABRA5,FEM1A,1,1
GABRA5,FTSJ1,1,1
GABRA5,FTSJ3,1,1
GABRA5,GART,1,1
GABRA5,GCH1,1,1
GABRA5,GINS3,1,1
GABRA5,GLRX2,1,1
GABRA5,GNE,1,1
GABRA5,GOLPH3L,1,1
GABRA5,ILF2,1,1
GABRA5,KARS,1,1
GABRA5,KIAA0319L,1,1
GABRA5,KIAA0586,1,1
GABRA5,KIAA1429,1,1
GABRA5,KMT5A,1,1
GABRA5,KRT18,1,1
GABRA5,LBR,1,1
GABRA5,LIN7C,1,1
GABRA5,LINC01296,1,1
GABRA5,LLPH,1,1
GABRA5,MAGOH,1,1
GABRA5,MAP4K5,1,1
GABRA5,MAPK1IP1L,1,1
GABRA5,MCM2,1,1
GABRA5,MMP24-AS1,1,1
GABRA5,MRPL39,1,1
GABRA5,MYBL2,1,1
GABRA5,MYNN,1,1
GABRA5,NIPAL1,1,1
GABRA5,NUFIP1,1,1
GABRA5,NUP107,1,1
GABRA5,PAK1IP1,1,1
GABRA5,PCGF6,1,1
GABRA5,PDF,1,1
GABRA5,PFDN2,1,1
GABRA5,POLR3C,1,1
GABRA5,POLR3E,1,1
GABRA5,PPM1G,1,1
GABRA5,PRPF38A,1,1
GABRA5,PSMC3,1,1
GABRA5,PSMC4,1,1
GABRA5,PSMC5,1,1
GABRA5,PSMC6,1,1
GABRA5,PSMD2,1,1
GABRA5,PTPRB,1,1
GABRA5,PUS7L,1,1
GABRA5,QSER1,1,1
GABRA5,RARS,1,1
GABRA5,RIOK1,1,1
GABRA5,RNF13,1,1
GABRA5,RPS26,1,1
GABRA5,RRP12,1,1
GABRA5,RRS1,1,1
GABRA5,RUVBL2,1,1
GABRA5,SACS,1,1
GABRA5,SAPCD2,1,1
GABRA5,SEPT9,1,1
GABRA5,SERBP1,1,1
GABRA5,SLC11A2,1,1
GABRA5,SLC25A43,1,1
GABRA5,SLC2A4RG,1,1
GABRA5,SMARCD1,1,1
GABRA5,SNRPE,1,1
GABRA5,SPIN4,1,1
GABRA5,SREK1IP1,1,1
GABRA5,STIP1,1,1
GABRA5,TIMM17A,1,1
GABRA5,TIMM8A,1,1
GABRA5,TMA16,1,1
GABRA5,TRIP13,1,1
GABRA5,TSSC4,1,1
GABRA5,UBE2N,1,1
GABRA5,UTP23,1,1
GABRA5,VEZT,1,1
GABRA5,WDR74,1,1
GABRA5,ZIC2,1,1
GABRA5,ZNF281,1,1
GABRA5,ZNF473,1,1
GABRA5,ZNF695,1,1
MSH6,AKAP1,1,1
MSH6,ASNSD1,1,1
MSH6,CDCA2,1,1
MSH6,DYRK2,1,1
MSH6,EEF1E1,1,1
MSH6,MBNL1,1,1
MSH6,MPHOSPH10,1,1
MSH6,NBN,1,1
MSH6,SOWAHC,1,1
EPS8L1,ARF4,1,1
EPS8L1,C19ORF66,1,1
EPS8L1,C1ORF216,1,1
EPS8L1,CKS1B,1,1
EPS8L1,CPT1A,1,1
EPS8L1,LBR,1,1
EPS8L1,MEGF8,1,1
EPS8L1,MIS18A,1,1
EPS8L1,MMP24-AS1,1,1
EPS8L1,NPM3,1,1
EPS8L1,PEAK1,1,1
EPS8L1,PPP2CA,1,1
EPS8L1,PSMC3,1,1
EPS8L1,RNASEK,1,1
EPS8L1,RPS27A,1,1
EPS8L1,SERBP1,1,1
EPS8L1,SLC25A43,1,1
EPS8L1,SOX10,1,1
EPS8L1,TERF1,1,1
EPS8L1,TMEM123,1,1
EPS8L1,TPM3,1,1
EPS8L1,TRIB2,1,1
EPS8L1,TRIP13,1,1
EPS8L1,TTC28,1,1
EPS8L1,UBE2C,1,1
EPS8L1,UBE2V2,1,1
EPS8L1,UCHL5,1,1
EPS8L1,ZNF695,1,1
ARF5,ABCE1,1,1
ARF5,ACTN1,1,1
ARF5,ARF4,1,1
ARF5,ATP6AP1,1,1
ARF5,BCL2A1,1,1
ARF5,BMI1,1,1
ARF5,CSTF2,1,1
ARF5,DDX18,1,1
ARF5,EIF2B1,1,1
ARF5,EIF6,1,1
ARF5,ERVK3-1,1,1
ARF5,FAM234A,1,1
ARF5,GLRX2,1,1
ARF5,GMEB2,1,1
ARF5,HNRNPU,1,1
ARF5,HOXB2,1,1
ARF5,IMPA2,1,1
ARF5,MYSM1,1,1
ARF5,NAA15,1,1
ARF5,NAGLU,1,1
ARF5,NOLC1,1,1
ARF5,PCGF6,1,1
ARF5,PHIP,1,1
ARF5,PLEKHH1,1,1
ARF5,POLR3E,1,1
ARF5,PPM1G,1,1
ARF5,PPP2CA,1,1
ARF5,PSMC5,1,1
ARF5,RNASEK,1,1
ARF5,SCHIP1,1,1
ARF5,SCPEP1,1,1
ARF5,SMAGP,1,1
ARF5,SYNCRIP,1,1
ARF5,TFB2M,1,1
ARF5,TPRKB,1,1
ARF5,UBE2J2,1,1
ARF5,UCHL5,1,1
ARF5,WWC1,1,1
ARF5,ZNF473,1,1
ARF5,ZNF655,1,1
TMTC4,ATG12,1,1
TMTC4,CEP120,1,1
TMTC4,CRNKL1,1,1
TMTC4,FAM178B,1,1
TMTC4,KHK,1,1
TMTC4,MIS12,1,1
TMTC4,MRPS16,1,1
TMTC4,NRM,1,1
TMTC4,PLEKHG4,1,1
TMTC4,RACK1,1,1
TMTC4,RBBP9,1,1
TMTC4,RPL13A,1,1
TMTC4,TIFA,1,1
GCH1,ACD,1,1
GCH1,ACSL4,1,1
GCH1,AHI1,1,1
GCH1,ANKRD33B,1,1
GCH1,ANXA1,1,1
GCH1,ARHGAP31,1,1
GCH1,ATP6AP1,1,1
GCH1,BTF3L4,1,1
GCH1,CDH2,1,1
GCH1,CDK7,1,1
GCH1,CFL2,1,1
GCH1,CNPY3,1,1
GCH1,COPS5,1,1
GCH1,CPT1A,1,1
GCH1,CSTF2,1,1
GCH1,DHRS7B,1,1
GCH1,DHX35,1,1
GCH1,EID2,1,1
GCH1,EIF3M,1,1
GCH1,EIF6,1,1
GCH1,ERBB3,1,1
GCH1,ERI1,1,1
GCH1,FBXO45,1,1
GCH1,FSD1,1,1
GCH1,FTSJ1,1,1
GCH1,FTSJ3,1,1
GCH1,GART,1,1
GCH1,GHDC,1,1
GCH1,GNE,1,1
GCH1,HDAC3,1,1
GCH1,IGF2BP1,1,1
GCH1,ILF2,1,1
GCH1,KARS,1,1
GCH1,KIAA0319L,1,1
GCH1,KIAA0586,1,1
GCH1,KIF3A,1,1
GCH1,KRT18,1,1
GCH1,LBR,1,1
GCH1,LINC01296,1,1
GCH1,MCM2,1,1
GCH1,MEGF8,1,1
GCH1,MRPL39,1,1
GCH1,MYNN,1,1
GCH1,NIPAL1,1,1
GCH1,PFDN2,1,1
GCH1,PLAUR,1,1
GCH1,PPM1G,1,1
GCH1,PRKCI,1,1
GCH1,PRPF38A,1,1
GCH1,PSMC3,1,1
GCH1,PSMC5,1,1
GCH1,PSMC6,1,1
GCH1,PSMD2,1,1
GCH1,PTPRB,1,1
GCH1,PUS7L,1,1
GCH1,RARS,1,1
GCH1,RNF13,1,1
GCH1,RPS26,1,1
GCH1,RUVBL2,1,1
GCH1,SEPT9,1,1
GCH1,SERBP1,1,1
GCH1,SERINC1,1,1
GCH1,SLC11A2,1,1
GCH1,SLC25A43,1,1
GCH1,SLC2A4RG,1,1
GCH1,SLC39A1,1,1
GCH1,SMN1,1,1
GCH1,SNRPE,1,1
GCH1,SPIN4,1,1
GCH1,TIMM17A,1,1
GCH1,TIMM8A,1,1
GCH1,TMA16,1,1
GCH1,TRIP13,1,1
GCH1,UBE2C,1,1
GCH1,UBE2N,1,1
GCH1,VEZT,1,1
GCH1,WDR74,1,1
GCH1,WRN,1,1
GCH1,ZNF281,1,1
ARHGAP31,C16ORF91,1,1
ARHGAP31,CFL2,1,1
ARHGAP31,CNPY3,1,1
ARHGAP31,COPS5,1,1
ARHGAP31,GNE,1,1
ARHGAP31,ISY1,1,1
ARHGAP31,KIF3A,1,1
ARHGAP31,LARGE1,1,1
ARHGAP31,MNAT1,1,1
ARHGAP31,PTPN3,1,1
ARHGAP31,PTPRB,1,1
ARHGAP31,RNF13,1,1
ARHGAP31,RNF38,1,1
ARHGAP31,RUVBL2,1,1
ARHGAP31,SCN8A,1,1
ARHGAP31,SEPT9,1,1
ARHGAP31,SERINC1,1,1
ARHGAP31,SLC11A2,1,1
ARHGAP31,SLC2A4RG,1,1
ARHGAP31,SMN1,1,1
ARHGAP31,WDR18,1,1
ARHGAP31,WDR74,1,1
ARHGAP31,ZNF436,1,1
KARS,ACD,1,1
KARS,AHI1,1,1
KARS,BRD4,1,1
KARS,C12ORF29,1,1
KARS,C16ORF91,1,1
KARS,CAPRIN1,1,1
KARS,CDC42EP2,1,1
KARS,CDH2,1,1
KARS,CDK7,1,1
KARS,CFL2,1,1
KARS,CLPTM1L,1,1
KARS,CNOT7,1,1
KARS,CNPY3,1,1
KARS,COPS5,1,1
KARS,CRIM1,1,1
KARS,CSTF2,1,1
KARS,DAZAP1,1,1
KARS,DHRS7B,1,1
KARS,DHX35,1,1
KARS,DNA2,1,1
KARS,EID2,1,1
KARS,EIF2AK4,1,1
KARS,EIF3M,1,1
KARS,ERI1,1,1
KARS,FBXO45,1,1
KARS,FEM1A,1,1
KARS,FTSJ1,1,1
KARS,FTSJ3,1,1
KARS,GART,1,1
KARS,GINS3,1,1
KARS,HNRNPC,1,1
KARS,HS1BP3,1,1
KARS,IGF2BP1,1,1
KARS,ILF2,1,1
KARS,ISY1,1,1
KARS,JTB,1,1
KARS,KIAA0319L,1,1
KARS,KIAA0586,1,1
KARS,KIF3A,1,1
KARS,KLHL18,1,1
KARS,KRT18,1,1
KARS,LBR,1,1
KARS,LLPH,1,1
KARS,MAGOH,1,1
KARS,MAK16,1,1
KARS,MAP4K5,1,1
KARS,MAPK1IP1L,1,1
KARS,MCM2,1,1
KARS,MRPL39,1,1
KARS,MYBL2,1,1
KARS,MYNN,1,1
KARS,NASP,1,1
KARS,NEK7,1,1
KARS,NIPAL1,1,1
KARS,NUFIP1,1,1
KARS,PAK1IP1,1,1
KARS,PFDN2,1,1
KARS,PLAUR,1,1
KARS,PPCS,1,1
KARS,PPM1G,1,1
KARS,PPP2R1B,1,1
KARS,PRPF38A,1,1
KARS,PSMB5,1,1
KARS,PSMC3,1,1
KARS,PSMC3IP,1,1
KARS,PSMC6,1,1
KARS,PSMD2,1,1
KARS,PTPRB,1,1
KARS,QSER1,1,1
KARS,RARS,1,1
KARS,RIOK1,1,1
KARS,RP11-424C20.2,1,1
KARS,RRP12,1,1
KARS,RRS1,1,1
KARS,RUVBL2,1,1
KARS,SAPCD2,1,1
KARS,SEPT9,1,1
KARS,SERBP1,1,1
KARS,SLC11A2,1,1
KARS,SNAPC1,1,1
KARS,SNRPE,1,1
KARS,SPIN4,1,1
KARS,SREK1IP1,1,1
KARS,STIP1,1,1
KARS,TIMM10,1,1
KARS,TIMM17A,1,1
KARS,TIMM8A,1,1
KARS,TMA16,1,1
KARS,TNFRSF12A,1,1
KARS,TRIP13,1,1
KARS,UBE2N,1,1
KARS,VEZT,1,1
KARS,WDR18,1,1
KARS,WDR74,1,1
KARS,WRN,1,1
KARS,XK,1,1
KARS,ZPR1,1,1
IER5,ATP6AP1,1,1
IER5,GAS1,1,1
DNA2,ABHD5,1,1
DNA2,ACD,1,1
DNA2,ADNP2,1,1
DNA2,AHI1,1,1
DNA2,BNIP1,1,1
DNA2,C12ORF75,1,1
DNA2,C4ORF46,1,1
DNA2,CDC123,1,1
DNA2,CDCA5,1,1
DNA2,CDK4,1,1
DNA2,CDK7,1,1
DNA2,CENPJ,1,1
DNA2,CKS1B,1,1
DNA2,CSTF2,1,1
DNA2,CTNNAL1,1,1
DNA2,DDX31,1,1
DNA2,DDX39B,1,1
DNA2,DEK,1,1
DNA2,DHX35,1,1
DNA2,DUT,1,1
DNA2,EID2,1,1
DNA2,EIF3M,1,1
DNA2,EIF4E2,1,1
DNA2,EIF6,1,1
DNA2,ENY2,1,1
DNA2,ERI1,1,1
DNA2,EXOSC8,1,1
DNA2,FBXO45,1,1
DNA2,FTSJ3,1,1
DNA2,GART,1,1
DNA2,GINS3,1,1
DNA2,GLRX2,1,1
DNA2,GTF3C4,1,1
DNA2,HARS,1,1
DNA2,HAUS2,1,1
DNA2,HMGB2,1,1
DNA2,HMGN1,1,1
DNA2,HRAS,1,1
DNA2,KIAA1429,1,1
DNA2,KMT5A,1,1
DNA2,KPNA3,1,1
DNA2,KRT18,1,1
DNA2,LBR,1,1
DNA2,LMNB1,1,1
DNA2,MAGOH,1,1
DNA2,MCM10,1,1
DNA2,MCM2,1,1
DNA2,MIS18A,1,1
DNA2,MMP24-AS1,1,1
DNA2,MRPL39,1,1
DNA2,MYBL2,1,1
DNA2,NAA15,1,1
DNA2,NAA20,1,1
DNA2,NAF1,1,1
DNA2,NPM3,1,1
DNA2,NSMCE4A,1,1
DNA2,NUFIP1,1,1
DNA2,NUP107,1,1
DNA2,PAK1IP1,1,1
DNA2,PCGF6,1,1
DNA2,PDF,1,1
DNA2,PDSS1,1,1
DNA2,PFDN2,1,1
DNA2,PPM1G,1,1
DNA2,PPRC1,1,1
DNA2,PPWD1,1,1
DNA2,PRPF38A,1,1
DNA2,PSMC3,1,1
DNA2,PSMC3IP,1,1
DNA2,PSMD2,1,1
DNA2,PUS7L,1,1
DNA2,RAB35,1,1
DNA2,RAD1,1,1
DNA2,RARS,1,1
DNA2,RBMXL1,1,1
DNA2,RIOK1,1,1
DNA2,RP11-424C20.2,1,1
DNA2,RRP12,1,1
DNA2,RRS1,1,1
DNA2,SAPCD2,1,1
DNA2,SERBP1,1,1
DNA2,SKA3,1,1
DNA2,SNRPE,1,1
DNA2,SREK1IP1,1,1
DNA2,TAF5,1,1
DNA2,TFAM,1,1
DNA2,TIMM23,1,1
DNA2,TMA16,1,1
DNA2,TRIP13,1,1
DNA2,TRPM2,1,1
DNA2,TSSC4,1,1
DNA2,UHRF1BP1L,1,1
DNA2,USP1,1,1
DNA2,VRK1,1,1
DNA2,WDR74,1,1
DNA2,ZNF281,1,1
DNA2,ZNF473,1,1
DNA2,ZNF695,1,1
DNA2,ZW10,1,1
RUVBL2,ACD,1,1
RUVBL2,ACSL4,1,1
RUVBL2,ACSS1,1,1
RUVBL2,ANXA1,1,1
RUVBL2,ARF4,1,1
RUVBL2,ATP6AP1,1,1
RUVBL2,BTF3L4,1,1
RUVBL2,BVES,1,1
RUVBL2,C16ORF91,1,1
RUVBL2,C1ORF216,1,1
RUVBL2,CDH2,1,1
RUVBL2,CDK7,1,1
RUVBL2,CFL2,1,1
RUVBL2,CMPK1,1,1
RUVBL2,CNPY3,1,1
RUVBL2,COPS5,1,1
RUVBL2,CPT1A,1,1
RUVBL2,CSNK2B,1,1
RUVBL2,CSTF2,1,1
RUVBL2,CWC27,1,1
RUVBL2,DAZAP1,1,1
RUVBL2,DHRS7B,1,1
RUVBL2,DHX35,1,1
RUVBL2,DPF1,1,1
RUVBL2,DPY19L2P1,1,1
RUVBL2,EID2,1,1
RUVBL2,EIF3M,1,1
RUVBL2,EIF6,1,1
RUVBL2,EMD,1,1
RUVBL2,ERBB3,1,1
RUVBL2,ERI1,1,1
RUVBL2,FAM199X,1,1
RUVBL2,FARSA,1,1
RUVBL2,FBXL4,1,1
RUVBL2,FBXO45,1,1
RUVBL2,FSD1,1,1
RUVBL2,FTSJ1,1,1
RUVBL2,FTSJ3,1,1
RUVBL2,GANAB,1,1
RUVBL2,GART,1,1
RUVBL2,GHDC,1,1
RUVBL2,GNE,1,1
RUVBL2,HDAC3,1,1
RUVBL2,HS1BP3,1,1
RUVBL2,IGF2BP1,1,1
RUVBL2,ILF2,1,1
RUVBL2,KIAA0319L,1,1
RUVBL2,KIAA0586,1,1
RUVBL2,KIF3A,1,1
RUVBL2,KRT18,1,1
RUVBL2,LARGE1,1,1
RUVBL2,LBR,1,1
RUVBL2,LIN7C,1,1
RUVBL2,LINC01296,1,1
RUVBL2,LLPH,1,1
RUVBL2,MAP4K5,1,1
RUVBL2,MEGF8,1,1
RUVBL2,MRPL39,1,1
RUVBL2,MYNN,1,1
RUVBL2,NIPAL1,1,1
RUVBL2,PFDN2,1,1
RUVBL2,PLAUR,1,1
RUVBL2,PLEKHH1,1,1
RUVBL2,POLR3E,1,1
RUVBL2,PPM1G,1,1
RUVBL2,PRKCI,1,1
RUVBL2,PRPF38A,1,1
RUVBL2,PSMC3,1,1
RUVBL2,PSMC4,1,1
RUVBL2,PSMC5,1,1
RUVBL2,PSMC6,1,1
RUVBL2,PSMD2,1,1
RUVBL2,PSMD4,1,1
RUVBL2,PTPRB,1,1
RUVBL2,PUS7L,1,1
RUVBL2,QSER1,1,1
RUVBL2,RLIM,1,1
RUVBL2,RNF13,1,1
RUVBL2,RPL35A,1,1
RUVBL2,RPS26,1,1
RUVBL2,SCPEP1,1,1
RUVBL2,SEPT9,1,1
RUVBL2,SERBP1,1,1
RUVBL2,SERINC1,1,1
RUVBL2,SLC11A2,1,1
RUVBL2,SLC25A43,1,1
RUVBL2,SLC2A4RG,1,1
RUVBL2,SLC39A1,1,1
RUVBL2,SMN1,1,1
RUVBL2,SNRPE,1,1
RUVBL2,SPIN4,1,1
RUVBL2,TERF1,1,1
RUVBL2,TIMM17A,1,1
RUVBL2,TIMM8A,1,1
RUVBL2,TMEM69,1,1
RUVBL2,TRIP13,1,1
RUVBL2,TTC39C,1,1
RUVBL2,TUBB3,1,1
RUVBL2,UBE2C,1,1
RUVBL2,UBE2N,1,1
RUVBL2,VEZT,1,1
RUVBL2,VMA21,1,1
RUVBL2,WDR74,1,1
RUVBL2,ZIC2,1,1
RUVBL2,ZNF436,1,1
RUVBL2,ZNF678,1,1
RUVBL2,ZNF695,1,1
PLEKHH3,CENPE,1,1
PLEKHH3,CEP55,1,1
PLEKHH3,CEP78,1,1
PLEKHH3,GINS1,1,1
PLEKHH3,KIF11,1,1
PLEKHH3,MAD2L1,1,1
PLEKHH3,MSH2,1,1
PLEKHH3,MTF2,1,1
PLEKHH3,POMP,1,1
PLEKHH3,PRPS2,1,1
PLEKHH3,SMC2,1,1
PLEKHH3,SRSF2,1,1
PLEKHH3,TCF19,1,1
PLEKHH3,TMEM205,1,1
TFDP1,C4ORF46,1,1
TFDP1,CHUK,1,1
TFDP1,DCAF6,1,1
TFDP1,DCLRE1A,1,1
TFDP1,DNAJC9,1,1
TFDP1,ECD,1,1
TFDP1,EIF4E,1,1
TFDP1,ENY2,1,1
TFDP1,ERLIN1,1,1
TFDP1,EXOSC8,1,1
TFDP1,HAUS2,1,1
TFDP1,HMGN1,1,1
TFDP1,KPNA3,1,1
TFDP1,LRRC40,1,1
TFDP1,MED29,1,1
TFDP1,METTL10,1,1
TFDP1,MIS12,1,1
TFDP1,MRPL1,1,1
TFDP1,MRPS16,1,1
TFDP1,NAF1,1,1
TFDP1,NDUFC2,1,1
TFDP1,NR2F2,1,1
TFDP1,NSMCE4A,1,1
TFDP1,PLAGL2,1,1
TFDP1,PRRG4,1,1
TFDP1,RABGGTB,1,1
TFDP1,RBBP9,1,1
TFDP1,RBMXL1,1,1
TFDP1,SFXN2,1,1
TFDP1,SKA3,1,1
TFDP1,SPRYD7,1,1
TFDP1,SUGT1,1,1
TFDP1,SUPV3L1,1,1
TFDP1,TIMM23,1,1
TFDP1,TRPM2,1,1
TFDP1,TYW3,1,1
TFDP1,UBA6,1,1
TFDP1,ZNF696,1,1
CDC23,CCNA2,1,1
CDC23,CENPE,1,1
CDC23,SMC2,1,1
LURAP1,ACACB,1,1
LURAP1,ACSL4,1,1
LURAP1,ACTN1,1,1
LURAP1,ANXA1,1,1
LURAP1,ARF4,1,1
LURAP1,C1ORF216,1,1
LURAP1,CBFB,1,1
LURAP1,CCDC112,1,1
LURAP1,CDH2,1,1
LURAP1,CDK7,1,1
LURAP1,CFL2,1,1
LURAP1,CMPK1,1,1
LURAP1,CNOT3,1,1
LURAP1,CNPY3,1,1
LURAP1,CPT1A,1,1
LURAP1,CYP27A1,1,1
LURAP1,DHRS7B,1,1
LURAP1,EIF3G,1,1
LURAP1,FAM69B,1,1
LURAP1,FARSA,1,1
LURAP1,FBXL4,1,1
LURAP1,FGFR4,1,1
LURAP1,GHDC,1,1
LURAP1,GMFB,1,1
LURAP1,GSKIP,1,1
LURAP1,HS1BP3,1,1
LURAP1,ID1,1,1
LURAP1,IGF2BP1,1,1
LURAP1,IRAK1,1,1
LURAP1,KIAA0319L,1,1
LURAP1,KLF15,1,1
LURAP1,MAK16,1,1
LURAP1,MAP4K5,1,1
LURAP1,MTATP6P1,1,1
LURAP1,MYNN,1,1
LURAP1,PLAUR,1,1
LURAP1,PLEKHH1,1,1
LURAP1,POLR1B,1,1
LURAP1,PRKCI,1,1
LURAP1,PSMC5,1,1
LURAP1,QSER1,1,1
LURAP1,RLIM,1,1
LURAP1,RPL35A,1,1
LURAP1,SCPEP1,1,1
LURAP1,SMARCD1,1,1
LURAP1,SMN1,1,1
LURAP1,SOX10,1,1
LURAP1,TERF1,1,1
LURAP1,TIMM17A,1,1
LURAP1,TMCO1,1,1
LURAP1,TMEM69,1,1
LURAP1,TNFRSF12A,1,1
LURAP1,TROVE2,1,1
LURAP1,TTC39C,1,1
LURAP1,TUBB3,1,1
LURAP1,VAT1,1,1
LURAP1,VMA21,1,1
LURAP1,ZDHHC21,1,1
LURAP1,ZNF215,1,1
CAPRIN1,ATRIP,1,1
CAPRIN1,BAZ1A,1,1
CAPRIN1,C12ORF29,1,1
CAPRIN1,CNOT7,1,1
CAPRIN1,CRIM1,1,1
CAPRIN1,DAZAP1,1,1
CAPRIN1,EIF3M,1,1
CAPRIN1,FAM136A,1,1
CAPRIN1,FEM1A,1,1
CAPRIN1,FTSJ3,1,1
CAPRIN1,GATA3,1,1
CAPRIN1,GINS3,1,1
CAPRIN1,HNRNPC,1,1
CAPRIN1,ILF2,1,1
CAPRIN1,ITM2C,1,1
CAPRIN1,KIAA0586,1,1
CAPRIN1,KLHL18,1,1
CAPRIN1,MAK16,1,1
CAPRIN1,MAPK1IP1L,1,1
CAPRIN1,MRPL39,1,1
CAPRIN1,NASP,1,1
CAPRIN1,NEK7,1,1
CAPRIN1,PNN,1,1
CAPRIN1,PPP2R1B,1,1
CAPRIN1,PSMC3,1,1
CAPRIN1,PSMC6,1,1
CAPRIN1,PSMD2,1,1
CAPRIN1,RIOK1,1,1
CAPRIN1,RRS1,1,1
CAPRIN1,SNAPC1,1,1
CAPRIN1,SPIN4,1,1
CAPRIN1,TIMM10,1,1
CAPRIN1,TMA16,1,1
CAPRIN1,UBE2N,1,1
CAPRIN1,WRN,1,1
CAPRIN1,XK,1,1
SLC11A2,ACD,1,1
SLC11A2,AHI1,1,1
SLC11A2,ANKRD33B,1,1
SLC11A2,ANXA1,1,1
SLC11A2,ARF4,1,1
SLC11A2,BCL2A1,1,1
SLC11A2,BTF3L4,1,1
SLC11A2,C16ORF91,1,1
SLC11A2,CDH2,1,1
SLC11A2,CDK7,1,1
SLC11A2,CFL2,1,1
SLC11A2,CMPK1,1,1
SLC11A2,CNPY3,1,1
SLC11A2,COPS5,1,1
SLC11A2,CPT1A,1,1
SLC11A2,CSNK2B,1,1
SLC11A2,DHRS7B,1,1
SLC11A2,DHX35,1,1
SLC11A2,EIF3M,1,1
SLC11A2,EIF6,1,1
SLC11A2,FAM60A,1,1
SLC11A2,FARSA,1,1
SLC11A2,FBXO45,1,1
SLC11A2,FSD1,1,1
SLC11A2,FTSJ1,1,1
SLC11A2,FTSJ3,1,1
SLC11A2,GADD45A,1,1
SLC11A2,GART,1,1
SLC11A2,GNE,1,1
SLC11A2,GOLPH3L,1,1
SLC11A2,HS1BP3,1,1
SLC11A2,IFI44,1,1
SLC11A2,KIAA0319L,1,1
SLC11A2,KRT18,1,1
SLC11A2,LARGE1,1,1
SLC11A2,LIN7C,1,1
SLC11A2,LINC01296,1,1
SLC11A2,LPGAT1,1,1
SLC11A2,MAP4K5,1,1
SLC11A2,MRPS14,1,1
SLC11A2,MYNN,1,1
SLC11A2,MYSM1,1,1
SLC11A2,NDUFA1,1,1
SLC11A2,NIPAL1,1,1
SLC11A2,NPM3,1,1
SLC11A2,PDF,1,1
SLC11A2,PFDN2,1,1
SLC11A2,PLAUR,1,1
SLC11A2,PLEKHH1,1,1
SLC11A2,PPM1G,1,1
SLC11A2,PRKCDBP,1,1
SLC11A2,PRKCI,1,1
SLC11A2,PRPF38A,1,1
SLC11A2,PSMC3,1,1
SLC11A2,PSMC4,1,1
SLC11A2,PTPN3,1,1
SLC11A2,PUS7L,1,1
SLC11A2,RARS,1,1
SLC11A2,RNF13,1,1
SLC11A2,RPS21,1,1
SLC11A2,RRP12,1,1
SLC11A2,SCN8A,1,1
SLC11A2,SCPEP1,1,1
SLC11A2,SEPHS2,1,1
SLC11A2,SEPT9,1,1
SLC11A2,SERBP1,1,1
SLC11A2,SLC25A43,1,1
SLC11A2,SLC2A4RG,1,1
SLC11A2,SMARCD1,1,1
SLC11A2,SMN1,1,1
SLC11A2,SNRPE,1,1
SLC11A2,TIMM17A,1,1
SLC11A2,TMA16,1,1
SLC11A2,TMEM123,1,1
SLC11A2,TNFRSF12A,1,1
SLC11A2,TSSC4,1,1
SLC11A2,UBE2N,1,1
SLC11A2,UHMK1,1,1
SLC11A2,VMA21,1,1
SLC11A2,WDR74,1,1
SLC11A2,ZNF281,1,1
SLC11A2,ZNF436,1,1
SLC25A43,ACD,1,1
SLC25A43,AHI1,1,1
SLC25A43,ANKRD33B,1,1
SLC25A43,ANXA1,1,1
SLC25A43,ARF4,1,1
SLC25A43,BCL2A1,1,1
SLC25A43,BTF3L4,1,1
SLC25A43,C19ORF66,1,1
SLC25A43,C1ORF216,1,1
SLC25A43,CAAP1,1,1
SLC25A43,CDH2,1,1
SLC25A43,CDK7,1,1
SLC25A43,CFL2,1,1
SLC25A43,CMPK1,1,1
SLC25A43,CNPY3,1,1
SLC25A43,CPT1A,1,1
SLC25A43,CSNK2B,1,1
SLC25A43,DHRS7B,1,1
SLC25A43,DHX35,1,1
SLC25A43,EIF3M,1,1
SLC25A43,EIF6,1,1
SLC25A43,ERI1,1,1
SLC25A43,FAM199X,1,1
SLC25A43,FAM60A,1,1
SLC25A43,FBXO45,1,1
SLC25A43,FSD1,1,1
SLC25A43,FTSJ3,1,1
SLC25A43,GADD45A,1,1
SLC25A43,GANAB,1,1
SLC25A43,GART,1,1
SLC25A43,GNE,1,1
SLC25A43,GOLPH3L,1,1
SLC25A43,GPBP1L1,1,1
SLC25A43,HS1BP3,1,1
SLC25A43,IFI44,1,1
SLC25A43,KIAA0319L,1,1
SLC25A43,KMT5A,1,1
SLC25A43,KRT18,1,1
SLC25A43,LBR,1,1
SLC25A43,LIN7C,1,1
SLC25A43,LINC01296,1,1
SLC25A43,MMP24-AS1,1,1
SLC25A43,MRPS14,1,1
SLC25A43,MYNN,1,1
SLC25A43,NPM3,1,1
SLC25A43,PDF,1,1
SLC25A43,PEAK1,1,1
SLC25A43,PFDN2,1,1
SLC25A43,PPM1G,1,1
SLC25A43,PRKCDBP,1,1
SLC25A43,PRKCI,1,1
SLC25A43,PRPF38A,1,1
SLC25A43,PSMC3,1,1
SLC25A43,PSMC4,1,1
SLC25A43,PUS7L,1,1
SLC25A43,RARS,1,1
SLC25A43,RNF13,1,1
SLC25A43,RP11-529K1.3,1,1
SLC25A43,RPS21,1,1
SLC25A43,RPS26,1,1
SLC25A43,SCPEP1,1,1
SLC25A43,SEPT9,1,1
SLC25A43,SERBP1,1,1
SLC25A43,SLC2A4RG,1,1
SLC25A43,SLC39A1,1,1
SLC25A43,SNRPE,1,1
SLC25A43,TIMM17A,1,1
SLC25A43,TMCO1,1,1
SLC25A43,TMEM123,1,1
SLC25A43,TRIM62,1,1
SLC25A43,TRIP13,1,1
SLC25A43,TTC28,1,1
SLC25A43,UBE2C,1,1
SLC25A43,UBE2N,1,1
SLC25A43,UHMK1,1,1
SLC25A43,VMA21,1,1
SLC25A43,WDR74,1,1
SLC25A43,ZNF281,1,1
LIN7C,ACSL4,1,1
LIN7C,ADNP2,1,1
LIN7C,AHI1,1,1
LIN7C,ANP32E,1,1
LIN7C,ANXA1,1,1
LIN7C,ARF4,1,1
LIN7C,BTF3L4,1,1
LIN7C,CAAP1,1,1
LIN7C,CDH2,1,1
LIN7C,CFL2,1,1
LIN7C,CMPK1,1,1
LIN7C,DHRS7B,1,1
LIN7C,DHX35,1,1
LIN7C,EIF3M,1,1
LIN7C,ERI1,1,1
LIN7C,EXOC5,1,1
LIN7C,FAM199X,1,1
LIN7C,FAM60A,1,1
LIN7C,FBXO45,1,1
LIN7C,FTSJ3,1,1
LIN7C,GADD45A,1,1
LIN7C,GART,1,1
LIN7C,GMFB,1,1
LIN7C,GOLPH3L,1,1
LIN7C,KIAA0586,1,1
LIN7C,KIAA1429,1,1
LIN7C,KRT18,1,1
LIN7C,LBR,1,1
LIN7C,LINC01296,1,1
LIN7C,LLPH,1,1
LIN7C,MAP4K5,1,1
LIN7C,MAPK1IP1L,1,1
LIN7C,MIER1,1,1
LIN7C,MMP24-AS1,1,1
LIN7C,MYNN,1,1
LIN7C,NIPAL1,1,1
LIN7C,PFDN2,1,1
LIN7C,PLAUR,1,1
LIN7C,PPM1G,1,1
LIN7C,PRKCI,1,1
LIN7C,PSMC3,1,1
LIN7C,PUS7L,1,1
LIN7C,QSER1,1,1
LIN7C,RPS26,1,1
LIN7C,SACS,1,1
LIN7C,SCHIP1,1,1
LIN7C,SERBP1,1,1
LIN7C,SMARCD1,1,1
LIN7C,SNRPE,1,1
LIN7C,SREK1IP1,1,1
LIN7C,STIP1,1,1
LIN7C,TIMM17A,1,1
LIN7C,TMCO1,1,1
LIN7C,TMEM123,1,1
LIN7C,TRIP13,1,1
LIN7C,UCHL5,1,1
LIN7C,UHMK1,1,1
LIN7C,VEZT,1,1
LIN7C,ZNF281,1,1
PRKAA1,AHCTF1,1,1
PRKAA1,ATF1,1,1
PRKAA1,CLINT1,1,1
PRKAA1,IREB2,1,1
PRKAA1,SKIL,1,1
EAF1,ABCA5,1,1
EAF1,CDH2,1,1
EAF1,FAM60A,1,1
EAF1,FARSA,1,1
EAF1,FSD1,1,1
EAF1,GOLPH3L,1,1
EAF1,KRT18,1,1
EAF1,LINC01296,1,1
EAF1,LLPH,1,1
EAF1,PFDN2,1,1
EAF1,PRKCI,1,1
EAF1,PSMC4,1,1
EAF1,RPS26,1,1
EAF1,RTP4,1,1
EAF1,SMARCD1,1,1
EAF1,TMCO1,1,1
EAF1,TNFRSF12A,1,1
EAF1,TUBB3,1,1
EAF1,UHMK1,1,1
MYBL2,ABCE1,1,1
MYBL2,ANP32E,1,1
MYBL2,ATRIP,1,1
MYBL2,CCNA2,1,1
MYBL2,CDCA5,1,1
MYBL2,CDK7,1,1
MYBL2,CKS1B,1,1
MYBL2,CSTF2,1,1
MYBL2,DAZAP1,1,1
MYBL2,DDX18,1,1
MYBL2,DEK,1,1
MYBL2,DHX35,1,1
MYBL2,DIMT1,1,1
MYBL2,EID2,1,1
MYBL2,EIF3M,1,1
MYBL2,ERI1,1,1
MYBL2,ERVK3-1,1,1
MYBL2,FBXO45,1,1
MYBL2,GINS3,1,1
MYBL2,GLRX2,1,1
MYBL2,GTF3C4,1,1
MYBL2,HDAC3,1,1
MYBL2,HNRNPU,1,1
MYBL2,HSP90AA1,1,1
MYBL2,ILF2,1,1
MYBL2,KIAA0101,1,1
MYBL2,KIAA1586,1,1
MYBL2,KIF14,1,1
MYBL2,KLHL8,1,1
MYBL2,LARP4,1,1
MYBL2,LBR,1,1
MYBL2,LMNB1,1,1
MYBL2,MAGOH,1,1
MYBL2,MCM10,1,1
MYBL2,MCM2,1,1
MYBL2,MEGF8,1,1
MYBL2,MIS18A,1,1
MYBL2,MMP24-AS1,1,1
MYBL2,MRPL39,1,1
MYBL2,NAA15,1,1
MYBL2,NASP,1,1
MYBL2,NOLC1,1,1
MYBL2,NUP107,1,1
MYBL2,PAK1IP1,1,1
MYBL2,PCGF6,1,1
MYBL2,PDSS1,1,1
MYBL2,PNN,1,1
MYBL2,POLE3,1,1
MYBL2,PPM1G,1,1
MYBL2,PPP2CA,1,1
MYBL2,PSMC3,1,1
MYBL2,PSMC3IP,1,1
MYBL2,PSMC5,1,1
MYBL2,PSMC6,1,1
MYBL2,PSMD2,1,1
MYBL2,PTS,1,1
MYBL2,RARS,1,1
MYBL2,RELT,1,1
MYBL2,RFWD3,1,1
MYBL2,RIOK1,1,1
MYBL2,RNF126,1,1
MYBL2,RP11-424C20.2,1,1
MYBL2,RRP12,1,1
MYBL2,RRS1,1,1
MYBL2,SACS,1,1
MYBL2,SAPCD2,1,1
MYBL2,SERBP1,1,1
MYBL2,SNAPC1,1,1
MYBL2,SPIN4,1,1
MYBL2,SRSF3,1,1
MYBL2,STIP1,1,1
MYBL2,SYNCRIP,1,1
MYBL2,TERF1,1,1
MYBL2,TFB2M,1,1
MYBL2,TIMM10,1,1
MYBL2,TIMM17A,1,1
MYBL2,TIMM8A,1,1
MYBL2,TPM3,1,1
MYBL2,TRIP13,1,1
MYBL2,UBE2C,1,1
MYBL2,UCHL5,1,1
MYBL2,UHRF1BP1L,1,1
MYBL2,USP1,1,1
MYBL2,UTP23,1,1
MYBL2,VRK1,1,1
MYBL2,WWC1,1,1
MYBL2,XRCC3,1,1
MYBL2,ZIC2,1,1
MYBL2,ZNF695,1,1
MYBL2,ZW10,1,1
TYW3,ANXA3,1,1
TYW3,ATG12,1,1
TYW3,BNIP1,1,1
TYW3,C4ORF46,1,1
TYW3,CDC123,1,1
TYW3,CENPJ,1,1
TYW3,CEP250,1,1
TYW3,CHUK,1,1
TYW3,CRNKL1,1,1
TYW3,CTNNAL1,1,1
TYW3,DCAF6,1,1
TYW3,DCLRE1A,1,1
TYW3,DDX39B,1,1
TYW3,DHX16,1,1
TYW3,DNAJC9,1,1
TYW3,ECD,1,1
TYW3,EIF4E,1,1
TYW3,EIF4E2,1,1
TYW3,ENY2,1,1
TYW3,ERLIN1,1,1
TYW3,EXOSC8,1,1
TYW3,FAM111B,1,1
TYW3,HAUS2,1,1
TYW3,HMGB2,1,1
TYW3,HMGN1,1,1
TYW3,HRAS,1,1
TYW3,KPNA3,1,1
TYW3,LARP1B,1,1
TYW3,LRRC40,1,1
TYW3,MED29,1,1
TYW3,METTL10,1,1
TYW3,MIS12,1,1
TYW3,MRPL1,1,1
TYW3,MRPL33,1,1
TYW3,MRPS10,1,1
TYW3,MRPS16,1,1
TYW3,MRPS26,1,1
TYW3,NAA20,1,1
TYW3,NAF1,1,1
TYW3,NR2F2,1,1
TYW3,NRM,1,1
TYW3,NSMCE4A,1,1
TYW3,PLAGL2,1,1
TYW3,PPRC1,1,1
TYW3,PRDX1,1,1
TYW3,PRRG4,1,1
TYW3,RABGGTB,1,1
TYW3,RBBP9,1,1
TYW3,RBMXL1,1,1
TYW3,SKA3,1,1
TYW3,SPRYD7,1,1
TYW3,SUGT1,1,1
TYW3,SUPV3L1,1,1
TYW3,TFAM,1,1
TYW3,TIMM23,1,1
TYW3,TRPM2,1,1
TYW3,TSSC4,1,1
TYW3,UBA6,1,1
TYW3,ZNF232,1,1
TYW3,ZNF696,1,1
POMGNT2,ELOVL1,1,1
POMGNT2,STT3B,1,1
STX6,ACSS1,1,1
STX6,BCL2A1,1,1
STX6,COQ7,1,1
STX6,CPT1A,1,1
STX6,GLB1,1,1
STX6,IFI44,1,1
STX6,IGSF3,1,1
STX6,LPGAT1,1,1
STX6,PLEKHH1,1,1
STX6,POLR3E,1,1
STX6,PTPN3,1,1
STX6,SCPEP1,1,1
STX6,SEPHS2,1,1
STX6,TIMM17B,1,1
C1ORF216,ACACB,1,1
C1ORF216,ACSL4,1,1
C1ORF216,ARF4,1,1
C1ORF216,BVES,1,1
C1ORF216,CFL2,1,1
C1ORF216,CMPK1,1,1
C1ORF216,CNPY3,1,1
C1ORF216,DPF1,1,1
C1ORF216,EIF3G,1,1
C1ORF216,EMD,1,1
C1ORF216,FBXL4,1,1
C1ORF216,FGFR4,1,1
C1ORF216,GANAB,1,1
C1ORF216,GFM2,1,1
C1ORF216,GHDC,1,1
C1ORF216,GNE,1,1
C1ORF216,HS1BP3,1,1
C1ORF216,KLF15,1,1
C1ORF216,MTATP6P1,1,1
C1ORF216,PRKCI,1,1
C1ORF216,PSMC5,1,1
C1ORF216,PSMD4,1,1
C1ORF216,RPL35A,1,1
C1ORF216,SERINC1,1,1
C1ORF216,SLC39A1,1,1
C1ORF216,TIMM17B,1,1
C1ORF216,TMEM69,1,1
C1ORF216,TTC28,1,1
C1ORF216,UBE2C,1,1
C1ORF216,VAT1,1,1
C1ORF216,VMA21,1,1
MATR3,ASNSD1,1,1
MATR3,B4GAT1,1,1
MATR3,CEBPZ,1,1
MATR3,CENPE,1,1
MATR3,CEP78,1,1
MATR3,CRLF3,1,1
MATR3,EEF1E1,1,1
MATR3,GINS1,1,1
MATR3,IPO11,1,1
MATR3,MAD2L1,1,1
MATR3,MSH2,1,1
MATR3,NBN,1,1
MATR3,PAICS,1,1
MATR3,PET117,1,1
MATR3,RMI1,1,1
MATR3,SKIV2L2,1,1
MATR3,SMC2,1,1
MATR3,SP3,1,1
MATR3,SRSF2,1,1
MATR3,TMEM205,1,1
MATR3,UBA2,1,1
MATR3,ZBTB2,1,1
CEP55,BCCIP,1,1
CEP55,CASC5,1,1
CEP55,CENPJ,1,1
CEP55,CEP250,1,1
CEP55,CKS1B,1,1
CEP55,CYB5B,1,1
CEP55,DEK,1,1
CEP55,EIF4E,1,1
CEP55,ENY2,1,1
CEP55,GPATCH11,1,1
CEP55,HAUS2,1,1
CEP55,HMGB2,1,1
CEP55,HNRNPA1P48,1,1
CEP55,HRAS,1,1
CEP55,KHDRBS1,1,1
CEP55,KIF11,1,1
CEP55,KPNA3,1,1
CEP55,KTI12,1,1
CEP55,LRRC40,1,1
CEP55,MAD2L1,1,1
CEP55,METTL10,1,1
CEP55,MRPS10,1,1
CEP55,MTF2,1,1
CEP55,NANP,1,1
CEP55,PCYOX1L,1,1
CEP55,PDLIM5,1,1
CEP55,PDSS1,1,1
CEP55,PLK4,1,1
CEP55,RHBDF1,1,1
CEP55,SKA3,1,1
CEP55,TCF19,1,1
CEP55,TFAM,1,1
CEP55,TRPM2,1,1
CEP55,TXN,1,1
DVL1,C5ORF42,1,1
DVL1,IGSF3,1,1
DVL1,MOCS3,1,1
DVL1,RNF103,1,1
DVL1,STAMBPL1,1,1
ST3GAL4,AC093616.4,1,1
ST3GAL4,ANXA3,1,1
ST3GAL4,ARFIP2,1,1
ST3GAL4,ATG12,1,1
ST3GAL4,CDK4,1,1
ST3GAL4,CEP250,1,1
ST3GAL4,DCAF6,1,1
ST3GAL4,DDX39B,1,1
ST3GAL4,EIF4E,1,1
ST3GAL4,FAM178B,1,1
ST3GAL4,GRASP,1,1
ST3GAL4,GRHPR,1,1
ST3GAL4,HERPUD2,1,1
ST3GAL4,HRAS,1,1
ST3GAL4,KPNA3,1,1
ST3GAL4,LRRC40,1,1
ST3GAL4,METTL10,1,1
ST3GAL4,MOCS3,1,1
ST3GAL4,MRPL33,1,1
ST3GAL4,MRPS10,1,1
ST3GAL4,MRPS16,1,1
ST3GAL4,MRPS26,1,1
ST3GAL4,MYOF,1,1
ST3GAL4,NDUFA1,1,1
ST3GAL4,NPEPPS,1,1
ST3GAL4,NRM,1,1
ST3GAL4,NXT1,1,1
ST3GAL4,PKN2,1,1
ST3GAL4,PRRG4,1,1
ST3GAL4,RAB4A,1,1
ST3GAL4,RAB7A,1,1
ST3GAL4,RABGGTB,1,1
ST3GAL4,RBBP9,1,1
ST3GAL4,RNF113A,1,1
ST3GAL4,SF3B6,1,1
ST3GAL4,TRIM44,1,1
ST3GAL4,TRMT13,1,1
ST3GAL4,TXN,1,1
ST3GAL4,UBA6,1,1
ST3GAL4,UBE2J2,1,1
ST3GAL4,VSIG10L,1,1
ST3GAL4,XRN2,1,1
ST3GAL4,ZBTB37,1,1
ST3GAL4,ZNF652,1,1
ST3GAL4,ZRANB2,1,1
HMGB2,ABHD5,1,1
HMGB2,BNIP1,1,1
HMGB2,C4ORF46,1,1
HMGB2,CASC5,1,1
HMGB2,CDCA5,1,1
HMGB2,CENPJ,1,1
HMGB2,CTNNAL1,1,1
HMGB2,DEK,1,1
HMGB2,DUT,1,1
HMGB2,ENY2,1,1
HMGB2,EXOSC8,1,1
HMGB2,FAM111B,1,1
HMGB2,HAUS2,1,1
HMGB2,HMGN1,1,1
HMGB2,LARP1B,1,1
HMGB2,MRPL1,1,1
HMGB2,NAA20,1,1
HMGB2,NAF1,1,1
HMGB2,NDUFC2,1,1
HMGB2,NSMCE4A,1,1
HMGB2,PLK4,1,1
HMGB2,PSMC3IP,1,1
HMGB2,SKA3,1,1
HMGB2,TFAM,1,1
HMGB2,TIMM23,1,1
HMGB2,VRK1,1,1
H3F3B,AHCTF1,1,1
H3F3B,IRAK1,1,1
H3F3B,KIAA1524,1,1
H3F3B,MEMO1,1,1
H3F3B,PRPS1,1,1
H3F3B,SNRPF,1,1
H3F3B,TTC23,1,1
H3F3B,ZNF639,1,1
TFAM,ABHD5,1,1
TFAM,ACD,1,1
TFAM,ADNP2,1,1
TFAM,AHI1,1,1
TFAM,BCCIP,1,1
TFAM,BMI1,1,1
TFAM,BNIP1,1,1
TFAM,C12ORF75,1,1
TFAM,C19ORF47,1,1
TFAM,C4ORF46,1,1
TFAM,C5ORF42,1,1
TFAM,CDC123,1,1
TFAM,CDCA5,1,1
TFAM,CDK4,1,1
TFAM,CENPJ,1,1
TFAM,CEP250,1,1
TFAM,CKS1B,1,1
TFAM,CTNNAL1,1,1
TFAM,DDX18,1,1
TFAM,DDX31,1,1
TFAM,DDX39B,1,1
TFAM,DEK,1,1
TFAM,EIF4E,1,1
TFAM,EIF4E2,1,1
TFAM,ENY2,1,1
TFAM,ERI1,1,1
TFAM,EXOSC8,1,1
TFAM,FBXO45,1,1
TFAM,GINS3,1,1
TFAM,GRHPR,1,1
TFAM,GTF3C4,1,1
TFAM,HARS,1,1
TFAM,HAUS2,1,1
TFAM,HMGN1,1,1
TFAM,HNRNPA1P48,1,1
TFAM,HRAS,1,1
TFAM,KHDRBS1,1,1
TFAM,KIAA1429,1,1
TFAM,KIF11,1,1
TFAM,KMT5A,1,1
TFAM,KPNA3,1,1
TFAM,KTI12,1,1
TFAM,LRRC40,1,1
TFAM,MAGOH,1,1
TFAM,MCM10,1,1
TFAM,MIS18A,1,1
TFAM,MMP24-AS1,1,1
TFAM,MRPL1,1,1
TFAM,MRPS10,1,1
TFAM,MRPS26,1,1
TFAM,NAA15,1,1
TFAM,NAA20,1,1
TFAM,NAF1,1,1
TFAM,NANP,1,1
TFAM,NOLC1,1,1
TFAM,NPEPPS,1,1
TFAM,NPM3,1,1
TFAM,NR2F2,1,1
TFAM,NSMCE4A,1,1
TFAM,NUDCD1,1,1
TFAM,NUFIP1,1,1
TFAM,NUP107,1,1
TFAM,NXT1,1,1
TFAM,OSBPL11,1,1
TFAM,PAK1IP1,1,1
TFAM,PCLO,1,1
TFAM,PDF,1,1
TFAM,PDSS1,1,1
TFAM,PLAGL2,1,1
TFAM,PLK4,1,1
TFAM,POLE3,1,1
TFAM,PPM1G,1,1
TFAM,PPP2CA,1,1
TFAM,PPRC1,1,1
TFAM,PSMC3IP,1,1
TFAM,PSMD2,1,1
TFAM,PUS7L,1,1
TFAM,RAB35,1,1
TFAM,RABGGTB,1,1
TFAM,RAD1,1,1
TFAM,RARS,1,1
TFAM,RBMXL1,1,1
TFAM,RRP12,1,1
TFAM,RRP36,1,1
TFAM,SAPCD2,1,1
TFAM,SERBP1,1,1
TFAM,SKA3,1,1
TFAM,SNRPE,1,1
TFAM,SPRYD7,1,1
TFAM,SRSF3,1,1
TFAM,SUPV3L1,1,1
TFAM,SVIP,1,1
TFAM,TAF5,1,1
TFAM,TIMM23,1,1
TFAM,TRIP13,1,1
TFAM,TRPM2,1,1
TFAM,TRUB1,1,1
TFAM,TSSC4,1,1
TFAM,TXN,1,1
TFAM,UBA6,1,1
TFAM,UBE2J2,1,1
TFAM,UCHL5,1,1
TFAM,UHRF1BP1L,1,1
TFAM,USP1,1,1
TFAM,VRK1,1,1
TFAM,WWC1,1,1
TFAM,ZNF281,1,1
TFAM,ZNF473,1,1
TFAM,ZNF696,1,1
TFAM,ZW10,1,1
SLC25A44,CHUK,1,1
SLC25A44,DHX16,1,1
SLC25A44,GPATCH11,1,1
SLC25A44,OSER1,1,1
SLC25A44,PLAGL2,1,1
SLC25A44,PSPC1,1,1
PSMC4,AC009237.8,1,1
PSMC4,ACD,1,1
PSMC4,ACTN1,1,1
PSMC4,AHI1,1,1
PSMC4,ANKRD33B,1,1
PSMC4,ANXA1,1,1
PSMC4,ARF4,1,1
PSMC4,ATP6AP1,1,1
PSMC4,BCL2A1,1,1
PSMC4,BTF3L4,1,1
PSMC4,CDH2,1,1
PSMC4,CDK4,1,1
PSMC4,CDK7,1,1
PSMC4,CFL2,1,1
PSMC4,CLIC1,1,1
PSMC4,CMPK1,1,1
PSMC4,CPT1A,1,1
PSMC4,CSNK2B,1,1
PSMC4,CSTF2,1,1
PSMC4,CYP27A1,1,1
PSMC4,DUSP10,1,1
PSMC4,EIF2B1,1,1
PSMC4,EIF6,1,1
PSMC4,FAM199X,1,1
PSMC4,FAM60A,1,1
PSMC4,FARSA,1,1
PSMC4,FSD1,1,1
PSMC4,GADD45A,1,1
PSMC4,GALT,1,1
PSMC4,GART,1,1
PSMC4,GNE,1,1
PSMC4,GOLPH3L,1,1
PSMC4,GPBP1L1,1,1
PSMC4,KIAA1429,1,1
PSMC4,KLF15,1,1
PSMC4,KMT5A,1,1
PSMC4,KRT18,1,1
PSMC4,LINC01296,1,1
PSMC4,LLPH,1,1
PSMC4,LPGAT1,1,1
PSMC4,MYSM1,1,1
PSMC4,NAGLU,1,1
PSMC4,NCBP1,1,1
PSMC4,NDFIP2,1,1
PSMC4,NDUFA1,1,1
PSMC4,NPM3,1,1
PSMC4,NUDCD1,1,1
PSMC4,PDF,1,1
PSMC4,PFDN2,1,1
PSMC4,PHIP,1,1
PSMC4,PLEKHH1,1,1
PSMC4,POLR3E,1,1
PSMC4,PPM1G,1,1
PSMC4,PPP2CA,1,1
PSMC4,PRKCDBP,1,1
PSMC4,PRKCI,1,1
PSMC4,PSMC5,1,1
PSMC4,PSMD4,1,1
PSMC4,PUS7L,1,1
PSMC4,RARS,1,1
PSMC4,RNASEK,1,1
PSMC4,RP11-529K1.3,1,1
PSMC4,RPL35A,1,1
PSMC4,RPS21,1,1
PSMC4,RPS26,1,1
PSMC4,RRP12,1,1
PSMC4,SCHIP1,1,1
PSMC4,SCPEP1,1,1
PSMC4,SCYL3,1,1
PSMC4,SERBP1,1,1
PSMC4,SLC2A4RG,1,1
PSMC4,SLC39A1,1,1
PSMC4,SMARCD1,1,1
PSMC4,SNRPE,1,1
PSMC4,TIMM17A,1,1
PSMC4,TIMM17B,1,1
PSMC4,TMCO1,1,1
PSMC4,TMEM123,1,1
PSMC4,TMEM69,1,1
PSMC4,TNFRSF12A,1,1
PSMC4,TPM3,1,1
PSMC4,TRIP13,1,1
PSMC4,TTC28,1,1
PSMC4,TUBB3,1,1
PSMC4,UBE2C,1,1
PSMC4,UBE2J2,1,1
PSMC4,UCHL5,1,1
PSMC4,UHMK1,1,1
PSMC4,VMA21,1,1
PSMC4,ZNF473,1,1
PSMC4,ZNF655,1,1
ACD,ABHD5,1,1
ACD,AHI1,1,1
ACD,ANKRD33B,1,1
ACD,ANXA3,1,1
ACD,BCL2A1,1,1
ACD,BMI1,1,1
ACD,BNIP1,1,1
ACD,BTF3L4,1,1
ACD,CDC123,1,1
ACD,CDH2,1,1
ACD,CDK4,1,1
ACD,CDK7,1,1
ACD,CKS1B,1,1
ACD,CPT1A,1,1
ACD,CSNK2B,1,1
ACD,CSTF2,1,1
ACD,CTNNAL1,1,1
ACD,DDX39B,1,1
ACD,DHX35,1,1
ACD,EID2,1,1
ACD,EIF3M,1,1
ACD,EIF4E2,1,1
ACD,EIF6,1,1
ACD,ERI1,1,1
ACD,FAM60A,1,1
ACD,FBXO45,1,1
ACD,FTSJ1,1,1
ACD,FTSJ3,1,1
ACD,GART,1,1
ACD,GFER,1,1
ACD,GOLPH3L,1,1
ACD,GPBP1L1,1,1
ACD,HARS,1,1
ACD,IFI44,1,1
ACD,KIAA1429,1,1
ACD,KMT5A,1,1
ACD,KPNA3,1,1
ACD,KRT18,1,1
ACD,LINC01296,1,1
ACD,LPGAT1,1,1
ACD,MAGOH,1,1
ACD,MCM10,1,1
ACD,MCM2,1,1
ACD,MMP24-AS1,1,1
ACD,MRPL33,1,1
ACD,MRPS14,1,1
ACD,MYSM1,1,1
ACD,NAA15,1,1
ACD,NDUFA1,1,1
ACD,NPM3,1,1
ACD,NUFIP1,1,1
ACD,NUP107,1,1
ACD,PAK1IP1,1,1
ACD,PDF,1,1
ACD,PDSS1,1,1
ACD,PFDN2,1,1
ACD,PPM1G,1,1
ACD,PRKCDBP,1,1
ACD,PRPF38A,1,1
ACD,PSMC3,1,1
ACD,PSMC3IP,1,1
ACD,PSMD2,1,1
ACD,PUS7L,1,1
ACD,RAD1,1,1
ACD,RARS,1,1
ACD,RBMXL1,1,1
ACD,RNF13,1,1
ACD,RP11-424C20.2,1,1
ACD,RRP12,1,1
ACD,SAPCD2,1,1
ACD,SERBP1,1,1
ACD,SNRPE,1,1
ACD,STIP1,1,1
ACD,TAF5,1,1
ACD,TIMM23,1,1
ACD,TMA16,1,1
ACD,TRIP13,1,1
ACD,TRPM2,1,1
ACD,TSSC4,1,1
ACD,WDR74,1,1
ACD,ZNF281,1,1
ACD,ZNF473,1,1
ACD,ZNF655,1,1
CDK7,AHI1,1,1
CDK7,C12ORF29,1,1
CDK7,C19ORF66,1,1
CDK7,CDC42EP2,1,1
CDK7,CDH2,1,1
CDK7,CFL2,1,1
CDK7,CNOT3,1,1
CDK7,CNOT7,1,1
CDK7,CNPY3,1,1
CDK7,COPS5,1,1
CDK7,CPT1A,1,1
CDK7,CSTF2,1,1
CDK7,CYP27A1,1,1
CDK7,DAZAP1,1,1
CDK7,DHRS7B,1,1
CDK7,DHX35,1,1
CDK7,EID2,1,1
CDK7,EIF3M,1,1
CDK7,EIF6,1,1
CDK7,ERI1,1,1
CDK7,FAM136A,1,1
CDK7,FARSA,1,1
CDK7,FBXO45,1,1
CDK7,FTSJ1,1,1
CDK7,FTSJ3,1,1
CDK7,GART,1,1
CDK7,GHDC,1,1
CDK7,GINS3,1,1
CDK7,GLRX2,1,1
CDK7,GTF3C4,1,1
CDK7,HDAC3,1,1
CDK7,HS1BP3,1,1
CDK7,IGF2BP1,1,1
CDK7,ILF2,1,1
CDK7,KIAA0319L,1,1
CDK7,KIAA0586,1,1
CDK7,KIAA1586,1,1
CDK7,KRT18,1,1
CDK7,LBR,1,1
CDK7,LINC01296,1,1
CDK7,LLPH,1,1
CDK7,LMNB1,1,1
CDK7,MAGOH,1,1
CDK7,MAK16,1,1
CDK7,MAP4K5,1,1
CDK7,MAPK1IP1L,1,1
CDK7,MCM2,1,1
CDK7,MEGF8,1,1
CDK7,MMP24-AS1,1,1
CDK7,MRPL39,1,1
CDK7,MYNN,1,1
CDK7,NASP,1,1
CDK7,NEK7,1,1
CDK7,NUP107,1,1
CDK7,PAK1IP1,1,1
CDK7,PCGF6,1,1
CDK7,PDF,1,1
CDK7,PFDN2,1,1
CDK7,PLAUR,1,1
CDK7,PPM1G,1,1
CDK7,PPP2CA,1,1
CDK7,PPP2R1B,1,1
CDK7,PRKCI,1,1
CDK7,PRPF38A,1,1
CDK7,PSMC3,1,1
CDK7,PSMC5,1,1
CDK7,PSMC6,1,1
CDK7,PSMD2,1,1
CDK7,PUS7L,1,1
CDK7,QSER1,1,1
CDK7,RAB4B,1,1
CDK7,RARS,1,1
CDK7,RFWD3,1,1
CDK7,RRP12,1,1
CDK7,RRS1,1,1
CDK7,SACS,1,1
CDK7,SAPCD2,1,1
CDK7,SEPT9,1,1
CDK7,SERBP1,1,1
CDK7,SLC39A1,1,1
CDK7,SMARCD1,1,1
CDK7,SMN1,1,1
CDK7,SNAPC1,1,1
CDK7,SNRPE,1,1
CDK7,SOX10,1,1
CDK7,SPIN4,1,1
CDK7,SREK1IP1,1,1
CDK7,SYNCRIP,1,1
CDK7,TFB2M,1,1
CDK7,TIMM10,1,1
CDK7,TIMM17A,1,1
CDK7,TIMM8A,1,1
CDK7,TMA16,1,1
CDK7,TMCO1,1,1
CDK7,TNFRSF12A,1,1
CDK7,TPM3,1,1
CDK7,TRIP13,1,1
CDK7,UBE2C,1,1
CDK7,UBE2N,1,1
CDK7,UHMK1,1,1
CDK7,UTP23,1,1
CDK7,VEZT,1,1
CDK7,WDR74,1,1
CDK7,WRN,1,1
CDK7,ZIC2,1,1
CDK7,ZNF695,1,1
BRD4,AHI1,1,1
BRD4,CDC42EP2,1,1
BRD4,CNOT7,1,1
BRD4,COPS5,1,1
BRD4,CRIM1,1,1
BRD4,EIF3M,1,1
BRD4,FBXO45,1,1
BRD4,FEM1A,1,1
BRD4,FTSJ3,1,1
BRD4,GART,1,1
BRD4,GTF3C4,1,1
BRD4,HARS,1,1
BRD4,ITM2C,1,1
BRD4,KLHL18,1,1
BRD4,KRT18,1,1
BRD4,LLPH,1,1
BRD4,MAGOH,1,1
BRD4,MAP4K5,1,1
BRD4,MAPK1IP1L,1,1
BRD4,MRPL39,1,1
BRD4,NIPAL1,1,1
BRD4,NUFIP1,1,1
BRD4,PAK1IP1,1,1
BRD4,PFDN2,1,1
BRD4,PLAUR,1,1
BRD4,POLB,1,1
BRD4,POLR3C,1,1
BRD4,PSMC6,1,1
BRD4,QSER1,1,1
BRD4,RIOK1,1,1
BRD4,RRP12,1,1
BRD4,RRS1,1,1
BRD4,SMARCD1,1,1
BRD4,SREK1IP1,1,1
BRD4,TEX10,1,1
BRD4,TMA16,1,1
BRD4,TNFRSF12A,1,1
BRD4,UBE2N,1,1
BRD4,WDR74,1,1
BRD4,ZPR1,1,1
RGS19,ATG12,1,1
RGS19,CEP120,1,1
RGS19,TRMT13,1,1
ZNF436,ANXA4,1,1
ZNF436,C16ORF91,1,1
ZNF436,GNE,1,1
ZNF436,HS1BP3,1,1
ZNF436,KIF3A,1,1
ZNF436,PTPN3,1,1
ZNF436,RNF13,1,1
ZNF436,RNF38,1,1
ZNF436,SCPEP1,1,1
ZNF436,SEPT9,1,1
ZNF436,SERINC1,1,1
ZNF436,SLC2A4RG,1,1
TIMM10,ANP32E,1,1
TIMM10,ATRIP,1,1
TIMM10,C12ORF29,1,1
TIMM10,CNOT7,1,1
TIMM10,CPSF6,1,1
TIMM10,CSTF2,1,1
TIMM10,DAZAP1,1,1
TIMM10,DHX35,1,1
TIMM10,DIMT1,1,1
TIMM10,EIF3M,1,1
TIMM10,FAM136A,1,1
TIMM10,FASTKD3,1,1
TIMM10,GINS3,1,1
TIMM10,GLRX2,1,1
TIMM10,H2AFX,1,1
TIMM10,HNRNPC,1,1
TIMM10,HNRNPU,1,1
TIMM10,ILF2,1,1
TIMM10,KIAA0586,1,1
TIMM10,KIAA1586,1,1
TIMM10,LBR,1,1
TIMM10,LMNB1,1,1
TIMM10,MAK16,1,1
TIMM10,MEGF8,1,1
TIMM10,MRPL39,1,1
TIMM10,MRPL50,1,1
TIMM10,NASP,1,1
TIMM10,NEK7,1,1
TIMM10,NRGN,1,1
TIMM10,PAK1IP1,1,1
TIMM10,PCGF6,1,1
TIMM10,PNN,1,1
TIMM10,POLE3,1,1
TIMM10,PPP2R1B,1,1
TIMM10,PSMC3,1,1
TIMM10,PSMC6,1,1
TIMM10,PSMD2,1,1
TIMM10,RAB4B,1,1
TIMM10,RFWD3,1,1
TIMM10,RIOK1,1,1
TIMM10,SACS,1,1
TIMM10,SERBP1,1,1
TIMM10,SNAPC1,1,1
TIMM10,SPIN4,1,1
TIMM10,SYNCRIP,1,1
TIMM10,TERF1,1,1
TIMM10,TFB2M,1,1
TIMM10,TIMM17A,1,1
TIMM10,TIMM8A,1,1
TIMM10,TRIP13,1,1
TIMM10,UTP23,1,1
TIMM10,WRN,1,1
TIMM10,ZIC2,1,1
TIMM10,ZNF215,1,1
TIMM10,ZNF695,1,1
TIMM10,ZW10,1,1
FGFR4,ACSS1,1,1
FGFR4,ATP6AP1,1,1
FGFR4,BVES,1,1
FGFR4,CMPK1,1,1
FGFR4,EIF3G,1,1
FGFR4,EMD,1,1
FGFR4,FARSA,1,1
FGFR4,FBXL4,1,1
FGFR4,FSD1,1,1
FGFR4,GLB1,1,1
FGFR4,IGF2BP1,1,1
FGFR4,KLF15,1,1
FGFR4,MTATP6P1,1,1
FGFR4,PLEKHH1,1,1
FGFR4,PRKCI,1,1
FGFR4,PSMC5,1,1
FGFR4,PSMD4,1,1
FGFR4,RPL35A,1,1
FGFR4,SLC39A1,1,1
FGFR4,TIMM17B,1,1
FGFR4,TMEM69,1,1
FGFR4,VMA21,1,1
SCN8A,ACSL4,1,1
SCN8A,ANXA1,1,1
SCN8A,C16ORF91,1,1
SCN8A,CFL2,1,1
SCN8A,CNPY3,1,1
SCN8A,COPS5,1,1
SCN8A,HS1BP3,1,1
SCN8A,ID1,1,1
SCN8A,ISY1,1,1
SCN8A,KIAA0319L,1,1
SCN8A,KIF3A,1,1
SCN8A,LARGE1,1,1
SCN8A,MICALL1,1,1
SCN8A,MNAT1,1,1
SCN8A,MYNN,1,1
SCN8A,NIPAL1,1,1
SCN8A,PLAUR,1,1
SCN8A,PPP1R14BP3,1,1
SCN8A,PTPN3,1,1
SCN8A,PTPRB,1,1
SCN8A,RIN2,1,1
SCN8A,RNF38,1,1
SCN8A,SEPT9,1,1
SCN8A,SLC2A4RG,1,1
SCN8A,SMN1,1,1
CBY1,ACTN1,1,1
CBY1,AHCTF1,1,1
CBY1,BUB1B,1,1
CBY1,CBFB,1,1
CBY1,CCDC112,1,1
CBY1,CCT2,1,1
CBY1,CLINT1,1,1
CBY1,CPSF6,1,1
CBY1,DIMT1,1,1
CBY1,EIF2B1,1,1
CBY1,IRAK1,1,1
CBY1,KIAA1524,1,1
CBY1,KIF14,1,1
CBY1,KLF15,1,1
CBY1,L2HGDH,1,1
CBY1,MEGF8,1,1
CBY1,MLKL,1,1
CBY1,NRGN,1,1
CBY1,PSME4,1,1
CBY1,RAD23B,1,1
CBY1,RAD51AP1,1,1
CBY1,RELT,1,1
CBY1,RMI1,1,1
CBY1,RNF126,1,1
CBY1,SNRPF,1,1
CBY1,TTC23,1,1
CBY1,USP10,1,1
CBY1,VBP1,1,1
C9ORF40,NASP,1,1
C9ORF40,NEK7,1,1
C9ORF40,SNAPC1,1,1
OSBPL11,ANXA3,1,1
OSBPL11,C19ORF47,1,1
OSBPL11,CAV2,1,1
OSBPL11,CDC123,1,1
OSBPL11,CDK4,1,1
OSBPL11,CTNNAL1,1,1
OSBPL11,DHX16,1,1
OSBPL11,EIF4E2,1,1
OSBPL11,EIF6,1,1
OSBPL11,FAM60A,1,1
OSBPL11,GART,1,1
OSBPL11,GPAT3,1,1
OSBPL11,GPBP1L1,1,1
OSBPL11,GRHPR,1,1
OSBPL11,HARS,1,1
OSBPL11,HRAS,1,1
OSBPL11,KIAA1429,1,1
OSBPL11,KMT5A,1,1
OSBPL11,KPNA3,1,1
OSBPL11,LINC01296,1,1
OSBPL11,MED29,1,1
OSBPL11,MOCS3,1,1
OSBPL11,MRPL33,1,1
OSBPL11,MRPS26,1,1
OSBPL11,NDUFA1,1,1
OSBPL11,NPM3,1,1
OSBPL11,NUDCD1,1,1
OSBPL11,NXT1,1,1
OSBPL11,PDF,1,1
OSBPL11,PDSS1,1,1
OSBPL11,PFDN2,1,1
OSBPL11,PLAGL2,1,1
OSBPL11,PPM1G,1,1
OSBPL11,RARS,1,1
OSBPL11,RBMXL1,1,1
OSBPL11,RP11-529K1.3,1,1
OSBPL11,TSSC4,1,1
OSBPL11,UBA6,1,1
OSBPL11,UBE2J2,1,1
OSBPL11,UBL4A,1,1
OSBPL11,UHMK1,1,1
OSBPL11,ZNF281,1,1
OSBPL11,ZNF473,1,1
OSBPL11,ZNF696,1,1
PPME1,CYP27A1,1,1
PPME1,HSPA13,1,1
FIS1,C12ORF29,1,1
FIS1,C16ORF91,1,1
FIS1,CDC42EP2,1,1
FIS1,CLPTM1L,1,1
FIS1,CNPY3,1,1
FIS1,COPS5,1,1
FIS1,CRIM1,1,1
FIS1,CTSA,1,1
FIS1,DHRS7B,1,1
FIS1,EIF2AK4,1,1
FIS1,FAM69B,1,1
FIS1,FTSJ1,1,1
FIS1,HS1BP3,1,1
FIS1,ITM2C,1,1
FIS1,JTB,1,1
FIS1,KIAA0319L,1,1
FIS1,KIF3A,1,1
FIS1,LARGE1,1,1
FIS1,MAK16,1,1
FIS1,MAP4K5,1,1
FIS1,NAP1L1,1,1
FIS1,PDE6D,1,1
FIS1,PLAUR,1,1
FIS1,POLB,1,1
FIS1,PPCS,1,1
FIS1,PSMB5,1,1
FIS1,RIN2,1,1
FIS1,RNF130,1,1
FIS1,SAMD1,1,1
FIS1,SMN1,1,1
FIS1,UBE2N,1,1
FIS1,WDR18,1,1
UHMK1,ACTN1,1,1
UHMK1,AHI1,1,1
UHMK1,ANKRD33B,1,1
UHMK1,ANXA1,1,1
UHMK1,ARF4,1,1
UHMK1,ATP6AP1,1,1
UHMK1,BCL2A1,1,1
UHMK1,BMI1,1,1
UHMK1,BTF3L4,1,1
UHMK1,C19ORF66,1,1
UHMK1,CAAP1,1,1
UHMK1,CDH2,1,1
UHMK1,CDK4,1,1
UHMK1,CFL2,1,1
UHMK1,CMPK1,1,1
UHMK1,CPT1A,1,1
UHMK1,CSTF2,1,1
UHMK1,CYP27A1,1,1
UHMK1,DHRS7B,1,1
UHMK1,DUSP10,1,1
UHMK1,EIF6,1,1
UHMK1,ERI1,1,1
UHMK1,EXOC5,1,1
UHMK1,FAF2,1,1
UHMK1,FAM199X,1,1
UHMK1,FAM60A,1,1
UHMK1,FBXO45,1,1
UHMK1,FSD1,1,1
UHMK1,FTSJ3,1,1
UHMK1,GADD45A,1,1
UHMK1,GALT,1,1
UHMK1,GART,1,1
UHMK1,GLRX2,1,1
UHMK1,GOLPH3L,1,1
UHMK1,GPBP1L1,1,1
UHMK1,GRHPR,1,1
UHMK1,GSKIP,1,1
UHMK1,HARS,1,1
UHMK1,KIAA1429,1,1
UHMK1,KMT5A,1,1
UHMK1,KRT18,1,1
UHMK1,LINC01296,1,1
UHMK1,LLPH,1,1
UHMK1,MAP3K7,1,1
UHMK1,MIER1,1,1
UHMK1,MMP24-AS1,1,1
UHMK1,MRPS14,1,1
UHMK1,MYSM1,1,1
UHMK1,NAGLU,1,1
UHMK1,NCBP1,1,1
UHMK1,NDFIP2,1,1
UHMK1,NDUFA1,1,1
UHMK1,NUDCD1,1,1
UHMK1,PDF,1,1
UHMK1,PFDN2,1,1
UHMK1,PHIP,1,1
UHMK1,PPM1G,1,1
UHMK1,PPP2CA,1,1
UHMK1,PRKCDBP,1,1
UHMK1,PRKCI,1,1
UHMK1,PUS7L,1,1
UHMK1,QSER1,1,1
UHMK1,RARS,1,1
UHMK1,RP11-529K1.3,1,1
UHMK1,RPS26,1,1
UHMK1,RRP12,1,1
UHMK1,RRP36,1,1
UHMK1,SCHIP1,1,1
UHMK1,SCPEP1,1,1
UHMK1,SERBP1,1,1
UHMK1,SMARCD1,1,1
UHMK1,SNRPE,1,1
UHMK1,SREK1IP1,1,1
UHMK1,TIMM17A,1,1
UHMK1,TMCO1,1,1
UHMK1,TMEM123,1,1
UHMK1,TMEM234,1,1
UHMK1,TNFRSF12A,1,1
UHMK1,TPM3,1,1
UHMK1,TRUB1,1,1
UHMK1,TTC28,1,1
UHMK1,UBE2J2,1,1
UHMK1,UCHL5,1,1
UHMK1,VMA21,1,1
UHMK1,ZNF281,1,1
UHMK1,ZNF473,1,1
UHMK1,ZNF655,1,1
PET117,ABCE1,1,1
PET117,CEBPZ,1,1
PET117,DDX18,1,1
PET117,GINS1,1,1
PET117,KHDRBS1,1,1
PET117,KIF14,1,1
PET117,RAD23B,1,1
PET117,RNF138,1,1
PET117,SKIV2L2,1,1
PET117,SMC2,1,1
PET117,SP3,1,1
PET117,SRSF3,1,1
PET117,UBA2,1,1
PET117,UHRF1BP1L,1,1
RPLP0,RAB7A,1,1
RPLP0,RACK1,1,1
RPLP0,RPL13A,1,1
RPLP0,RPL18,1,1
RPLP0,RPL18A,1,1
RPLP0,RPL31,1,1
RPLP0,RPL37A,1,1
HAUS2,ABHD5,1,1
HAUS2,BCCIP,1,1
HAUS2,BNIP1,1,1
HAUS2,C19ORF47,1,1
HAUS2,C4ORF46,1,1
HAUS2,CCAR1,1,1
HAUS2,CDC123,1,1
HAUS2,CDCA5,1,1
HAUS2,CDK4,1,1
HAUS2,CENPJ,1,1
HAUS2,CEP250,1,1
HAUS2,CHUK,1,1
HAUS2,CTNNAL1,1,1
HAUS2,DDX39B,1,1
HAUS2,DEK,1,1
HAUS2,DHX16,1,1
HAUS2,DNAJC9,1,1
HAUS2,ECD,1,1
HAUS2,EIF4E,1,1
HAUS2,EIF4E2,1,1
HAUS2,ENY2,1,1
HAUS2,ERLIN1,1,1
HAUS2,EXOSC8,1,1
HAUS2,FAM111B,1,1
HAUS2,GPATCH11,1,1
HAUS2,HARS,1,1
HAUS2,HMGN1,1,1
HAUS2,HNRNPA1P48,1,1
HAUS2,HRAS,1,1
HAUS2,KPNA3,1,1
HAUS2,LARP1B,1,1
HAUS2,LRRC40,1,1
HAUS2,MAGOH,1,1
HAUS2,MCM10,1,1
HAUS2,MED29,1,1
HAUS2,MRPL1,1,1
HAUS2,MRPS10,1,1
HAUS2,MRPS26,1,1
HAUS2,NAA20,1,1
HAUS2,NAF1,1,1
HAUS2,NR2F2,1,1
HAUS2,NSMCE4A,1,1
HAUS2,NUP107,1,1
HAUS2,PCLO,1,1
HAUS2,PDSS1,1,1
HAUS2,PLAGL2,1,1
HAUS2,PLK4,1,1
HAUS2,PPRC1,1,1
HAUS2,PRDX1,1,1
HAUS2,PSMC3IP,1,1
HAUS2,PSPC1,1,1
HAUS2,RAB35,1,1
HAUS2,RABGGTB,1,1
HAUS2,RAD1,1,1
HAUS2,RARS,1,1
HAUS2,RBMXL1,1,1
HAUS2,SAPCD2,1,1
HAUS2,SKA3,1,1
HAUS2,SPRYD7,1,1
HAUS2,SUPV3L1,1,1
HAUS2,TAF5,1,1
HAUS2,TIMM23,1,1
HAUS2,TRPM2,1,1
HAUS2,TSSC4,1,1
HAUS2,UBA6,1,1
HAUS2,VRK1,1,1
HAUS2,ZNF232,1,1
HAUS2,ZNF696,1,1
PLEKHH1,ACSS1,1,1
PLEKHH1,ANXA1,1,1
PLEKHH1,ARF4,1,1
PLEKHH1,ATP6AP1,1,1
PLEKHH1,BCL2A1,1,1
PLEKHH1,BTF3L4,1,1
PLEKHH1,BVES,1,1
PLEKHH1,CDH2,1,1
PLEKHH1,CFL2,1,1
PLEKHH1,CMPK1,1,1
PLEKHH1,CNOT3,1,1
PLEKHH1,CPT1A,1,1
PLEKHH1,CSTF2,1,1
PLEKHH1,DHX35,1,1
PLEKHH1,DPF1,1,1
PLEKHH1,EIF3G,1,1
PLEKHH1,EIF6,1,1
PLEKHH1,FARSA,1,1
PLEKHH1,FBXL4,1,1
PLEKHH1,FSD1,1,1
PLEKHH1,FTSJ1,1,1
PLEKHH1,GHDC,1,1
PLEKHH1,GLB1,1,1
PLEKHH1,HS1BP3,1,1
PLEKHH1,IGF2BP1,1,1
PLEKHH1,ILF2,1,1
PLEKHH1,KIAA0319L,1,1
PLEKHH1,KRT18,1,1
PLEKHH1,LARGE1,1,1
PLEKHH1,LINC01296,1,1
PLEKHH1,MYNN,1,1
PLEKHH1,POLR3E,1,1
PLEKHH1,PPM1G,1,1
PLEKHH1,PPP2CA,1,1
PLEKHH1,PRKCI,1,1
PLEKHH1,PSMC5,1,1
PLEKHH1,PSMD4,1,1
PLEKHH1,RPL35A,1,1
PLEKHH1,SCHIP1,1,1
PLEKHH1,SCPEP1,1,1
PLEKHH1,SEPT9,1,1
PLEKHH1,SERBP1,1,1
PLEKHH1,SLC2A4RG,1,1
PLEKHH1,SLC39A1,1,1
PLEKHH1,SMARCD1,1,1
PLEKHH1,SMN1,1,1
PLEKHH1,TIMM17A,1,1
PLEKHH1,TIMM8A,1,1
PLEKHH1,TMEM69,1,1
PLEKHH1,TNFRSF12A,1,1
PLEKHH1,TTC39C,1,1
PLEKHH1,TUBB3,1,1
PLEKHH1,VAT1,1,1
PLEKHH1,VMA21,1,1
RPL35A,ACACB,1,1
RPL35A,ACSS1,1,1
RPL35A,ANXA1,1,1
RPL35A,ARF4,1,1
RPL35A,ATP6AP1,1,1
RPL35A,BVES,1,1
RPL35A,CMPK1,1,1
RPL35A,CPT1A,1,1
RPL35A,DPF1,1,1
RPL35A,EIF3G,1,1
RPL35A,EMD,1,1
RPL35A,FARSA,1,1
RPL35A,FBXL4,1,1
RPL35A,FSD1,1,1
RPL35A,GHDC,1,1
RPL35A,GNE,1,1
RPL35A,HS1BP3,1,1
RPL35A,KLF15,1,1
RPL35A,PRKCI,1,1
RPL35A,PSMC5,1,1
RPL35A,PSMD4,1,1
RPL35A,RNF38,1,1
RPL35A,SCPEP1,1,1
RPL35A,SEPT9,1,1
RPL35A,SERINC1,1,1
RPL35A,SLC2A4RG,1,1
RPL35A,SLC39A1,1,1
RPL35A,TIMM17B,1,1
RPL35A,TMEM69,1,1
RPL35A,TTC39C,1,1
RPL35A,VAT1,1,1
RPL35A,VMA21,1,1
RBBP9,ANXA3,1,1
RBBP9,ARFIP2,1,1
RBBP9,ATG12,1,1
RBBP9,CEP120,1,1
RBBP9,CEP250,1,1
RBBP9,CHUK,1,1
RBBP9,CRNKL1,1,1
RBBP9,DBI,1,1
RBBP9,DCAF6,1,1
RBBP9,FAM178B,1,1
RBBP9,G6PC3,1,1
RBBP9,KHK,1,1
RBBP9,LRRC40,1,1
RBBP9,MED29,1,1
RBBP9,METTL10,1,1
RBBP9,MIS12,1,1
RBBP9,MRPL33,1,1
RBBP9,MRPS16,1,1
RBBP9,MRPS26,1,1
RBBP9,NDUFAF5,1,1
RBBP9,NRM,1,1
RBBP9,PKN2,1,1
RBBP9,PLEKHG4,1,1
RBBP9,PRRG4,1,1
RBBP9,RAB4A,1,1
RBBP9,RABGGTB,1,1
RBBP9,RPS13,1,1
RBBP9,SF3B6,1,1
RBBP9,TIFA,1,1
RBBP9,TRIM44,1,1
RBBP9,TRMT13,1,1
RBBP9,UBA6,1,1
RBBP9,ZNF652,1,1
RBBP9,ZNF696,1,1
KIAA0355,CMC2,1,1
MAK16,ACACB,1,1
MAK16,AHCTF1,1,1
MAK16,BAZ1A,1,1
MAK16,C12ORF29,1,1
MAK16,CCDC59,1,1
MAK16,CDC42EP2,1,1
MAK16,CLPTM1L,1,1
MAK16,CNOT3,1,1
MAK16,COPS5,1,1
MAK16,CPSF6,1,1
MAK16,CRIM1,1,1
MAK16,DAZAP1,1,1
MAK16,DDX10,1,1
MAK16,DHRS7B,1,1
MAK16,DPY19L2P1,1,1
MAK16,EIF3M,1,1
MAK16,FAM136A,1,1
MAK16,FAM69B,1,1
MAK16,FARSA,1,1
MAK16,FASTKD3,1,1
MAK16,FTSJ1,1,1
MAK16,FTSJ3,1,1
MAK16,GHDC,1,1
MAK16,GLRX2,1,1
MAK16,HS1BP3,1,1
MAK16,IGF2BP1,1,1
MAK16,ILF2,1,1
MAK16,IRAK1,1,1
MAK16,ITM2C,1,1
MAK16,KIAA0319L,1,1
MAK16,KIAA1586,1,1
MAK16,KRT18,1,1
MAK16,LBR,1,1
MAK16,LLPH,1,1
MAK16,MAP4K5,1,1
MAK16,MAPK1IP1L,1,1
MAK16,MRPL39,1,1
MAK16,MRPL50,1,1
MAK16,MYNN,1,1
MAK16,NAP1L1,1,1
MAK16,NASP,1,1
MAK16,NAT10,1,1
MAK16,NEK7,1,1
MAK16,PDE6D,1,1
MAK16,PLAUR,1,1
MAK16,PM20D2,1,1
MAK16,PPCS,1,1
MAK16,PPP2R1B,1,1
MAK16,PSMB5,1,1
MAK16,PSMC3,1,1
MAK16,PSMC5,1,1
MAK16,PSMC6,1,1
MAK16,QSER1,1,1
MAK16,RNF130,1,1
MAK16,SACS,1,1
MAK16,SAMD1,1,1
MAK16,SMN1,1,1
MAK16,SNAPC1,1,1
MAK16,SPIN4,1,1
MAK16,TIMM17A,1,1
MAK16,TIMM8A,1,1
MAK16,TNFRSF12A,1,1
MAK16,TROVE2,1,1
MAK16,UBE2N,1,1
MAK16,UTP23,1,1
MAK16,WDR74,1,1
MAK16,WRN,1,1
MAK16,ZIC2,1,1
MAK16,ZNF215,1,1
MBNL1,AGPAT5,1,1
MBNL1,DYRK2,1,1
MBNL1,EEF1E1,1,1
MBNL1,LRRC58,1,1
MBNL1,MPHOSPH10,1,1
MBNL1,RBMX,1,1
BMI1,AC093616.4,1,1
BMI1,ANKRD33B,1,1
BMI1,ANXA3,1,1
BMI1,ARF4,1,1
BMI1,ARFIP2,1,1
BMI1,BNIP1,1,1
BMI1,C12ORF75,1,1
BMI1,C19ORF47,1,1
BMI1,CDK4,1,1
BMI1,CEP250,1,1
BMI1,CKLF,1,1
BMI1,CKS1B,1,1
BMI1,CTNNAL1,1,1
BMI1,CYB5B,1,1
BMI1,DDX18,1,1
BMI1,DDX39B,1,1
BMI1,DEK,1,1
BMI1,EIF6,1,1
BMI1,ENY2,1,1
BMI1,ERI1,1,1
BMI1,FAM60A,1,1
BMI1,GOLPH3L,1,1
BMI1,GRASP,1,1
BMI1,GRHPR,1,1
BMI1,HARS,1,1
BMI1,HNRNPA1P48,1,1
BMI1,HRAS,1,1
BMI1,IFI44,1,1
BMI1,KIAA1429,1,1
BMI1,KMT5A,1,1
BMI1,KPNA3,1,1
BMI1,KTI12,1,1
BMI1,LARS,1,1
BMI1,LINC01296,1,1
BMI1,LRRC40,1,1
BMI1,MIER1,1,1
BMI1,MMP24-AS1,1,1
BMI1,MOCS3,1,1
BMI1,MRPL33,1,1
BMI1,MRPS10,1,1
BMI1,MRPS14,1,1
BMI1,MRPS26,1,1
BMI1,MYSM1,1,1
BMI1,NAA15,1,1
BMI1,NANP,1,1
BMI1,NDUFA1,1,1
BMI1,NELFE,1,1
BMI1,NPEPPS,1,1
BMI1,NPM3,1,1
BMI1,NTHL1,1,1
BMI1,NUDCD1,1,1
BMI1,NXT1,1,1
BMI1,PCLO,1,1
BMI1,PDF,1,1
BMI1,PDSS1,1,1
BMI1,PHIP,1,1
BMI1,PPM1G,1,1
BMI1,PPP2CA,1,1
BMI1,PUS7L,1,1
BMI1,RARS,1,1
BMI1,RNASEK,1,1
BMI1,RNF113A,1,1
BMI1,RP11-529K1.3,1,1
BMI1,SERBP1,1,1
BMI1,SF3B6,1,1
BMI1,SNRPE,1,1
BMI1,SVIP,1,1
BMI1,TIMM23,1,1
BMI1,TMEM123,1,1
BMI1,TPRKB,1,1
BMI1,TRIP13,1,1
BMI1,TRPM2,1,1
BMI1,TRUB1,1,1
BMI1,TSSC4,1,1
BMI1,TXN,1,1
BMI1,UBA6,1,1
BMI1,UBE2J2,1,1
BMI1,UBE2V2,1,1
BMI1,UCHL5,1,1
BMI1,USP1,1,1
BMI1,USP28,1,1
BMI1,WWC1,1,1
BMI1,XRN2,1,1
BMI1,ZNF281,1,1
BMI1,ZNF473,1,1
BMI1,ZNF655,1,1
BMI1,ZRANB2,1,1
IRAK1,ACACB,1,1
IRAK1,ACTN1,1,1
IRAK1,AHCTF1,1,1
IRAK1,CBFB,1,1
IRAK1,CCDC112,1,1
IRAK1,CCT2,1,1
IRAK1,CLINT1,1,1
IRAK1,CNOT3,1,1
IRAK1,CPSF6,1,1
IRAK1,DIMT1,1,1
IRAK1,DPF1,1,1
IRAK1,DPY19L2P1,1,1
IRAK1,EIF3J,1,1
IRAK1,FAM136A,1,1
IRAK1,FASTKD3,1,1
IRAK1,FBXL4,1,1
IRAK1,GHDC,1,1
IRAK1,IGF2BP1,1,1
IRAK1,KIAA1524,1,1
IRAK1,KLF15,1,1
IRAK1,MEGF8,1,1
IRAK1,MLKL,1,1
IRAK1,NRGN,1,1
IRAK1,PM20D2,1,1
IRAK1,POLR1B,1,1
IRAK1,POLR3E,1,1
IRAK1,PSMC5,1,1
IRAK1,PSME4,1,1
IRAK1,RAD23B,1,1
IRAK1,RELT,1,1
IRAK1,RFWD3,1,1
IRAK1,RNF126,1,1
IRAK1,SLC2A1,1,1
IRAK1,SMAGP,1,1
IRAK1,SNRPF,1,1
IRAK1,TBPL1,1,1
IRAK1,TFB2M,1,1
IRAK1,TIMM8A,1,1
IRAK1,TMEM53,1,1
IRAK1,TMEM69,1,1
IRAK1,TROVE2,1,1
IRAK1,TTC23,1,1
IRAK1,TUBB3,1,1
IRAK1,USP10,1,1
IRAK1,UTP23,1,1
IRAK1,VAT1,1,1
IRAK1,VBP1,1,1
IRAK1,ZIC2,1,1
IRAK1,ZNF215,1,1
IRAK1,ZNF598,1,1
IRAK1,ZNF639,1,1
DHX16,CDK4,1,1
DHX16,CHUK,1,1
DHX16,CRNKL1,1,1
DHX16,ECD,1,1
DHX16,EDRF1,1,1
DHX16,EIF4E2,1,1
DHX16,KPNA3,1,1
DHX16,MED29,1,1
DHX16,MRPS26,1,1
DHX16,NAF1,1,1
DHX16,NR2F2,1,1
DHX16,PLAGL2,1,1
DHX16,PRDX1,1,1
DHX16,RBMXL1,1,1
DHX16,TRPM2,1,1
DHX16,UBL4A,1,1
DHX16,ZNF232,1,1
DHX16,ZNF696,1,1
PAFAH2,C12ORF75,1,1
PAFAH2,C5ORF42,1,1
PAFAH2,DDX18,1,1
PAFAH2,KMT5A,1,1
PAFAH2,NAA15,1,1
PAFAH2,NOLC1,1,1
PAFAH2,NPM3,1,1
PAFAH2,PDSS1,1,1
PAFAH2,PPP2CA,1,1
PAFAH2,PTS,1,1
PAFAH2,RNASEK,1,1
PAFAH2,SMAGP,1,1
PAFAH2,TPRKB,1,1
PAFAH2,WWC1,1,1
TRUB1,ARF4,1,1
TRUB1,CAAP1,1,1
TRUB1,CDK4,1,1
TRUB1,CKS1B,1,1
TRUB1,DDX18,1,1
TRUB1,DEK,1,1
TRUB1,EXOC5,1,1
TRUB1,FAM60A,1,1
TRUB1,GRHPR,1,1
TRUB1,KIAA1429,1,1
TRUB1,KMT5A,1,1
TRUB1,MIER1,1,1
TRUB1,MMP24-AS1,1,1
TRUB1,MRPS10,1,1
TRUB1,MYSM1,1,1
TRUB1,NAA15,1,1
TRUB1,NAGLU,1,1
TRUB1,NANP,1,1
TRUB1,NUDCD1,1,1
TRUB1,NXT1,1,1
TRUB1,PDSS1,1,1
TRUB1,PHIP,1,1
TRUB1,PPP2CA,1,1
TRUB1,PUS7L,1,1
TRUB1,RNF138,1,1
TRUB1,RP11-529K1.3,1,1
TRUB1,RRP36,1,1
TRUB1,SCHIP1,1,1
TRUB1,SVIP,1,1
TRUB1,TPM3,1,1
TRUB1,UBA6,1,1
TRUB1,UBE2J2,1,1
TRUB1,UBE2V2,1,1
TRUB1,UCHL5,1,1
TRUB1,ZNF281,1,1
TRUB1,ZNF473,1,1
TRIM38,IGSF3,1,1
TRIM38,NTHL1,1,1
TRIM38,PLEKHA8,1,1
TFAP4,AKAP1,1,1
TFAP4,ASNSD1,1,1
TFAP4,B4GAT1,1,1
TFAP4,CHERP,1,1
TFAP4,FLOT2,1,1
TFAP4,PAICS,1,1
TFAP4,URB2,1,1
DIMT1,ABCE1,1,1
DIMT1,AHCTF1,1,1
DIMT1,ANP32E,1,1
DIMT1,CBFB,1,1
DIMT1,CCT2,1,1
DIMT1,CPSF6,1,1
DIMT1,DAZAP1,1,1
DIMT1,DDX18,1,1
DIMT1,EIF3J,1,1
DIMT1,ERVK3-1,1,1
DIMT1,FAM136A,1,1
DIMT1,FASTKD3,1,1
DIMT1,GLRX2,1,1
DIMT1,HNRNPU,1,1
DIMT1,HSP90AA1,1,1
DIMT1,KIAA1586,1,1
DIMT1,KIF14,1,1
DIMT1,LARP4,1,1
DIMT1,LBR,1,1
DIMT1,LMNB1,1,1
DIMT1,MEGF8,1,1
DIMT1,MRPL39,1,1
DIMT1,NEK7,1,1
DIMT1,PCGF6,1,1
DIMT1,POLE3,1,1
DIMT1,PSMC6,1,1
DIMT1,PSME4,1,1
DIMT1,PTS,1,1
DIMT1,RAD23B,1,1
DIMT1,RELT,1,1
DIMT1,RFWD3,1,1
DIMT1,RIF1,1,1
DIMT1,RNF126,1,1
DIMT1,SACS,1,1
DIMT1,SMAGP,1,1
DIMT1,SNAPC1,1,1
DIMT1,SRSF3,1,1
DIMT1,SYNCRIP,1,1
DIMT1,TEAD4,1,1
DIMT1,TFB2M,1,1
DIMT1,TIMM8A,1,1
DIMT1,UHRF1BP1L,1,1
DIMT1,UTP23,1,1
DIMT1,VBP1,1,1
DIMT1,ZIC2,1,1
DIMT1,ZNF639,1,1
DIMT1,ZNF695,1,1
UCHL5,ABCE1,1,1
UCHL5,ACTN1,1,1
UCHL5,ANKRD33B,1,1
UCHL5,ANP32E,1,1
UCHL5,ARF4,1,1
UCHL5,ATP6AP1,1,1
UCHL5,BTF3L4,1,1
UCHL5,C19ORF66,1,1
UCHL5,CAAP1,1,1
UCHL5,CDH2,1,1
UCHL5,CDK4,1,1
UCHL5,CKLF,1,1
UCHL5,CKS1B,1,1
UCHL5,CMPK1,1,1
UCHL5,CRLF3,1,1
UCHL5,CSTF2,1,1
UCHL5,CYB5D2,1,1
UCHL5,DCAF13,1,1
UCHL5,DDX18,1,1
UCHL5,DEK,1,1
UCHL5,DHX35,1,1
UCHL5,EIF2B1,1,1
UCHL5,EIF6,1,1
UCHL5,ERI1,1,1
UCHL5,ERVK3-1,1,1
UCHL5,FAM199X,1,1
UCHL5,FAM234A,1,1
UCHL5,FAM60A,1,1
UCHL5,FBXO45,1,1
UCHL5,GALT,1,1
UCHL5,GLRX2,1,1
UCHL5,GMEB2,1,1
UCHL5,GPBP1L1,1,1
UCHL5,HOXB2,1,1
UCHL5,HRAS,1,1
UCHL5,KHDRBS1,1,1
UCHL5,KIAA0101,1,1
UCHL5,KIAA1429,1,1
UCHL5,KIF14,1,1
UCHL5,KLHL8,1,1
UCHL5,KMT5A,1,1
UCHL5,LARP4,1,1
UCHL5,LBR,1,1
UCHL5,LINC01296,1,1
UCHL5,LLPH,1,1
UCHL5,LMNB1,1,1
UCHL5,MEGF8,1,1
UCHL5,MIS18A,1,1
UCHL5,MMP24-AS1,1,1
UCHL5,MRPS10,1,1
UCHL5,MYSM1,1,1
UCHL5,NAA15,1,1
UCHL5,NAGLU,1,1
UCHL5,NANP,1,1
UCHL5,NDUFA1,1,1
UCHL5,NOLC1,1,1
UCHL5,NPM3,1,1
UCHL5,NUDCD1,1,1
UCHL5,NUP107,1,1
UCHL5,PAK1IP1,1,1
UCHL5,PCGF6,1,1
UCHL5,PDRG1,1,1
UCHL5,PDSS1,1,1
UCHL5,PHIP,1,1
UCHL5,PPM1G,1,1
UCHL5,PPP2CA,1,1
UCHL5,PRKCI,1,1
UCHL5,PSMC3,1,1
UCHL5,PSMC5,1,1
UCHL5,PUS7L,1,1
UCHL5,RAD23B,1,1
UCHL5,RARS,1,1
UCHL5,RNASEK,1,1
UCHL5,RNF138,1,1
UCHL5,RP11-529K1.3,1,1
UCHL5,RRP12,1,1
UCHL5,RRP36,1,1
UCHL5,SCHIP1,1,1
UCHL5,SCYL3,1,1
UCHL5,SERBP1,1,1
UCHL5,SKIV2L2,1,1
UCHL5,SNRPE,1,1
UCHL5,SRSF3,1,1
UCHL5,SVIP,1,1
UCHL5,SYNCRIP,1,1
UCHL5,TERF1,1,1
UCHL5,TFB2M,1,1
UCHL5,TIMM17A,1,1
UCHL5,TMEM123,1,1
UCHL5,TPM3,1,1
UCHL5,TPRKB,1,1
UCHL5,TRIP13,1,1
UCHL5,TTC28,1,1
UCHL5,UBE2C,1,1
UCHL5,UBE2J2,1,1
UCHL5,UBE2V2,1,1
UCHL5,UHRF1BP1L,1,1
UCHL5,USP1,1,1
UCHL5,UTP23,1,1
UCHL5,WWC1,1,1
UCHL5,ZNF473,1,1
UCHL5,ZNF655,1,1
UCHL5,ZNF695,1,1
UCHL5,ZW10,1,1
HNRNPL,BUB1B,1,1
HNRNPL,CDCA2,1,1
HNRNPL,CHAF1B,1,1
HNRNPL,DCAF10,1,1
HNRNPL,FANCA,1,1
HNRNPL,HSP90AA1,1,1
HNRNPL,KIAA0101,1,1
HNRNPL,KIAA1524,1,1
HNRNPL,KIF14,1,1
HNRNPL,L2HGDH,1,1
HNRNPL,MRPL9,1,1
HNRNPL,PPP5C,1,1
HNRNPL,PRPS1,1,1
HNRNPL,RAD51AP1,1,1
HNRNPL,RFC3,1,1
HNRNPL,RMI1,1,1
HNRNPL,SNRPF,1,1
HNRNPL,TEAD4,1,1
HNRNPL,TTC4,1,1
HNRNPL,TUBA1C,1,1
HNRNPL,USP10,1,1
HNRNPL,VBP1,1,1
PRDX1,NAF1,1,1
PRDX1,NR2F2,1,1
PRDX1,ZNF232,1,1
AC093616.4,ANXA3,1,1
AC093616.4,ARFIP2,1,1
AC093616.4,ATG12,1,1
AC093616.4,CEP250,1,1
AC093616.4,GADD45A,1,1
AC093616.4,GRASP,1,1
AC093616.4,GRHPR,1,1
AC093616.4,KPNA3,1,1
AC093616.4,LARS,1,1
AC093616.4,LRRC40,1,1
AC093616.4,METTL10,1,1
AC093616.4,MIER1,1,1
AC093616.4,MRPL33,1,1
AC093616.4,MRPS10,1,1
AC093616.4,MRPS14,1,1
AC093616.4,MRPS16,1,1
AC093616.4,MYOF,1,1
AC093616.4,NDUFA1,1,1
AC093616.4,NELFE,1,1
AC093616.4,NXT1,1,1
AC093616.4,PRRG4,1,1
AC093616.4,PUS7L,1,1
AC093616.4,RAB4A,1,1
AC093616.4,RNF113A,1,1
AC093616.4,SF3B6,1,1
AC093616.4,UBA6,1,1
AC093616.4,UBE2J2,1,1
AC093616.4,USP28,1,1
AC093616.4,ZRANB2,1,1
NTHL1,ANKRD33B,1,1
NTHL1,ANXA3,1,1
NTHL1,AP1M1,1,1
NTHL1,ARFIP2,1,1
NTHL1,CDK4,1,1
NTHL1,CKLF,1,1
NTHL1,CNTROB,1,1
NTHL1,CSNK2B,1,1
NTHL1,DDX39B,1,1
NTHL1,EIF6,1,1
NTHL1,FAM60A,1,1
NTHL1,GNA12,1,1
NTHL1,GPAT3,1,1
NTHL1,GRASP,1,1
NTHL1,IGSF3,1,1
NTHL1,LARS,1,1
NTHL1,LINC00493,1,1
NTHL1,LPGAT1,1,1
NTHL1,MOCS3,1,1
NTHL1,MRPS10,1,1
NTHL1,MRPS14,1,1
NTHL1,MRPS26,1,1
NTHL1,MYOF,1,1
NTHL1,NDUFA1,1,1
NTHL1,NELFE,1,1
NTHL1,NPEPPS,1,1
NTHL1,NPM3,1,1
NTHL1,NUDCD1,1,1
NTHL1,NXT1,1,1
NTHL1,PLEKHA8,1,1
NTHL1,RAB4A,1,1
NTHL1,RAB7A,1,1
NTHL1,RNF113A,1,1
NTHL1,RPS21,1,1
NTHL1,SF3B6,1,1
NTHL1,TSSC4,1,1
NTHL1,UBE2J2,1,1
NTHL1,USP28,1,1
NTHL1,ZRANB2,1,1
ELOVL1,ACACB,1,1
ELOVL1,ACTN1,1,1
ELOVL1,CBFB,1,1
ELOVL1,CYP27A1,1,1
ELOVL1,GSKIP,1,1
ELOVL1,MTATP6P1,1,1
ELOVL1,NAGLU,1,1
ELOVL1,POLR1B,1,1
ELOVL1,SCPEP1,1,1
TUBB3,ACSS1,1,1
TUBB3,ACTN1,1,1
TUBB3,ATP6AP1,1,1
TUBB3,BCL2A1,1,1
TUBB3,CCDC112,1,1
TUBB3,CDH2,1,1
TUBB3,CMPK1,1,1
TUBB3,CNOT3,1,1
TUBB3,CSTF2,1,1
TUBB3,DPF1,1,1
TUBB3,EIF2B1,1,1
TUBB3,EIF3G,1,1
TUBB3,EIF6,1,1
TUBB3,FARSA,1,1
TUBB3,FSD1,1,1
TUBB3,GHDC,1,1
TUBB3,GLB1,1,1
TUBB3,IGF2BP1,1,1
TUBB3,ILF2,1,1
TUBB3,LINC01296,1,1
TUBB3,MLKL,1,1
TUBB3,POLR1B,1,1
TUBB3,POLR3E,1,1
TUBB3,PPM1G,1,1
TUBB3,PRKCI,1,1
TUBB3,PSMC5,1,1
TUBB3,PSMD4,1,1
TUBB3,RTP4,1,1
TUBB3,SCPEP1,1,1
TUBB3,SLC39A1,1,1
TUBB3,SMARCD1,1,1
TUBB3,TFB2M,1,1
TUBB3,TIMM17A,1,1
TUBB3,TIMM8A,1,1
TUBB3,TMEM69,1,1
TUBB3,TTC39C,1,1
TUBB3,VMA21,1,1
DPY19L2P1,ANP32E,1,1
DPY19L2P1,C12ORF29,1,1
DPY19L2P1,CCDC112,1,1
DPY19L2P1,CFL2,1,1
DPY19L2P1,CWC27,1,1
DPY19L2P1,DAZAP1,1,1
DPY19L2P1,DHX35,1,1
DPY19L2P1,DPF1,1,1
DPY19L2P1,FAM136A,1,1
DPY19L2P1,FBXL4,1,1
DPY19L2P1,GHDC,1,1
DPY19L2P1,HDAC3,1,1
DPY19L2P1,IGF2BP1,1,1
DPY19L2P1,ILF2,1,1
DPY19L2P1,KIAA0319L,1,1
DPY19L2P1,LBR,1,1
DPY19L2P1,MEGF8,1,1
DPY19L2P1,MYNN,1,1
DPY19L2P1,NASP,1,1
DPY19L2P1,NEK7,1,1
DPY19L2P1,NRGN,1,1
DPY19L2P1,PM20D2,1,1
DPY19L2P1,POLR3E,1,1
DPY19L2P1,PSMC3,1,1
DPY19L2P1,PSMC5,1,1
DPY19L2P1,PSMC6,1,1
DPY19L2P1,RFWD3,1,1
DPY19L2P1,RLIM,1,1
DPY19L2P1,SERINC1,1,1
DPY19L2P1,SNAPC1,1,1
DPY19L2P1,SPIN4,1,1
DPY19L2P1,TBPL1,1,1
DPY19L2P1,TERF1,1,1
DPY19L2P1,TIMM17A,1,1
DPY19L2P1,TIMM8A,1,1
DPY19L2P1,ZIC2,1,1
DPY19L2P1,ZNF215,1,1
DPY19L2P1,ZNF639,1,1
DPY19L2P1,ZNF695,1,1
TERF1,ACTN1,1,1
TERF1,ANP32E,1,1
TERF1,ARF4,1,1
TERF1,CBFB,1,1
TERF1,CCDC112,1,1
TERF1,CMPK1,1,1
TERF1,CPSF6,1,1
TERF1,CSTF2,1,1
TERF1,CWC27,1,1
TERF1,DAZAP1,1,1
TERF1,DDX18,1,1
TERF1,DHRS7B,1,1
TERF1,DHX35,1,1
TERF1,GHDC,1,1
TERF1,GLRX2,1,1
TERF1,GMFB,1,1
TERF1,HNRNPU,1,1
TERF1,HSPA4L,1,1
TERF1,ILF2,1,1
TERF1,KIAA1586,1,1
TERF1,KIF14,1,1
TERF1,LARP4,1,1
TERF1,LBR,1,1
TERF1,LMNB1,1,1
TERF1,MEGF8,1,1
TERF1,MLKL,1,1
TERF1,MYNN,1,1
TERF1,NEK7,1,1
TERF1,NRGN,1,1
TERF1,POLR3E,1,1
TERF1,PSMC3,1,1
TERF1,PSMC5,1,1
TERF1,RAD23B,1,1
TERF1,RFWD3,1,1
TERF1,SERBP1,1,1
TERF1,SOX10,1,1
TERF1,SPIN4,1,1
TERF1,STIP1,1,1
TERF1,SYNCRIP,1,1
TERF1,TBPL1,1,1
TERF1,TFB2M,1,1
TERF1,TIMM17A,1,1
TERF1,TIMM8A,1,1
TERF1,TPM3,1,1
TERF1,TRIP13,1,1
TERF1,UBE2C,1,1
TERF1,UTP23,1,1
TERF1,VMA21,1,1
TERF1,ZIC2,1,1
TERF1,ZNF695,1,1
UBE2V2,ARF4,1,1
UBE2V2,CAAP1,1,1
UBE2V2,CKLF,1,1
UBE2V2,CKS1B,1,1
UBE2V2,GMEB2,1,1
UBE2V2,KHDRBS1,1,1
UBE2V2,KIAA1429,1,1
UBE2V2,PCGF5,1,1
UBE2V2,PHIP,1,1
UBE2V2,PPP2CA,1,1
UBE2V2,RNASEK,1,1
UBE2V2,SCOC,1,1
UBE2V2,SVIP,1,1
UBE2V2,TMEM123,1,1
UBE2V2,TPRKB,1,1
UBE2V2,TTC28,1,1
PCYOX1L,ARFIP2,1,1
PCYOX1L,BCCIP,1,1
PCYOX1L,C19ORF47,1,1
PCYOX1L,CDK4,1,1
PCYOX1L,CRLF3,1,1
PCYOX1L,CWC22,1,1
PCYOX1L,CYB5B,1,1
PCYOX1L,GPATCH11,1,1
PCYOX1L,HRAS,1,1
PCYOX1L,KTI12,1,1
PCYOX1L,LRRC40,1,1
PCYOX1L,MOCS3,1,1
PCYOX1L,MRPL22,1,1
PCYOX1L,MRPS10,1,1
PCYOX1L,MTF2,1,1
PCYOX1L,NANP,1,1
PCYOX1L,NPEPPS,1,1
PCYOX1L,NUDCD1,1,1
PCYOX1L,PDLIM5,1,1
PCYOX1L,POMP,1,1
PCYOX1L,PRELID1,1,1
PCYOX1L,SP3,1,1
PCYOX1L,STAMBPL1,1,1
PCYOX1L,TAF2,1,1
PCYOX1L,TTC1,1,1
PCYOX1L,UBA6,1,1
PCYOX1L,XRN2,1,1
PCYOX1L,ZBTB37,1,1
QSER1,ABCA5,1,1
QSER1,ACACB,1,1
QSER1,ACSL4,1,1
QSER1,AHI1,1,1
QSER1,ANXA1,1,1
QSER1,BTF3L4,1,1
QSER1,C12ORF29,1,1
QSER1,CDC42EP2,1,1
QSER1,CDH2,1,1
QSER1,CFL2,1,1
QSER1,CMPK1,1,1
QSER1,CNOT7,1,1
QSER1,CNPY3,1,1
QSER1,COPS5,1,1
QSER1,CYP27A1,1,1
QSER1,DHRS7B,1,1
QSER1,EIF3M,1,1
QSER1,ERI1,1,1
QSER1,FAM136A,1,1
QSER1,FAM69B,1,1
QSER1,FARSA,1,1
QSER1,FBXO45,1,1
QSER1,FEM1A,1,1
QSER1,FTSJ1,1,1
QSER1,FTSJ3,1,1
QSER1,GART,1,1
QSER1,GLRX2,1,1
QSER1,HS1BP3,1,1
QSER1,ID1,1,1
QSER1,IGF2BP1,1,1
QSER1,ILF2,1,1
QSER1,ITM2C,1,1
QSER1,KIAA0319L,1,1
QSER1,KIAA0586,1,1
QSER1,KIAA1586,1,1
QSER1,KRT18,1,1
QSER1,LBR,1,1
QSER1,LINC01296,1,1
QSER1,LLPH,1,1
QSER1,MAN2A2,1,1
QSER1,MAP4K5,1,1
QSER1,MAPK1IP1L,1,1
QSER1,MCFD2,1,1
QSER1,MRPL39,1,1
QSER1,MYNN,1,1
QSER1,NEK7,1,1
QSER1,NIPAL1,1,1
QSER1,PFDN2,1,1
QSER1,PHLDA2,1,1
QSER1,PIGV,1,1
QSER1,PLAUR,1,1
QSER1,PPP2R1B,1,1
QSER1,PRKCI,1,1
QSER1,PSMC3,1,1
QSER1,PSMC6,1,1
QSER1,PUS7L,1,1
QSER1,RAB4B,1,1
QSER1,RRP12,1,1
QSER1,RRS1,1,1
QSER1,SACS,1,1
QSER1,SERBP1,1,1
QSER1,SMARCD1,1,1
QSER1,SMN1,1,1
QSER1,SOX10,1,1
QSER1,SPIN4,1,1
QSER1,SREK1IP1,1,1
QSER1,TIMM17A,1,1
QSER1,TMA16,1,1
QSER1,TMCO1,1,1
QSER1,TNFRSF12A,1,1
QSER1,TROVE2,1,1
QSER1,UBE2N,1,1
QSER1,UTP23,1,1
QSER1,VEZT,1,1
QSER1,WDR74,1,1
QSER1,WRN,1,1
QSER1,ZPR1,1,1
RPS13,ARFIP2,1,1
RPS13,FAM178B,1,1
RPS13,LINC00493,1,1
RPS13,LRRC40,1,1
RPS13,PKN2,1,1
RPS13,PLEKHG4,1,1
RPS13,PRRG4,1,1
RPS13,RAB7A,1,1
RPS13,RNF113A,1,1
RPS13,RPL37A,1,1
RPS13,SF3B6,1,1
RPS13,TRIM44,1,1
CPT1A,ACACB,1,1
CPT1A,AHI1,1,1
CPT1A,ANKRD33B,1,1
CPT1A,ANXA1,1,1
CPT1A,ARF4,1,1
CPT1A,ATP6AP1,1,1
CPT1A,BCL2A1,1,1
CPT1A,BTF3L4,1,1
CPT1A,CDH2,1,1
CPT1A,CFL2,1,1
CPT1A,CMPK1,1,1
CPT1A,CNPY3,1,1
CPT1A,COPS5,1,1
CPT1A,CSTF2,1,1
CPT1A,CYP27A1,1,1
CPT1A,DHRS7B,1,1
CPT1A,DHX35,1,1
CPT1A,EIF3M,1,1
CPT1A,EIF6,1,1
CPT1A,FAM60A,1,1
CPT1A,FARSA,1,1
CPT1A,FSD1,1,1
CPT1A,FTSJ1,1,1
CPT1A,FTSJ3,1,1
CPT1A,GART,1,1
CPT1A,GHDC,1,1
CPT1A,GNE,1,1
CPT1A,GOLPH3L,1,1
CPT1A,HS1BP3,1,1
CPT1A,IFI44,1,1
CPT1A,KIAA0319L,1,1
CPT1A,KRT18,1,1
CPT1A,LARGE1,1,1
CPT1A,LBR,1,1
CPT1A,LINC01296,1,1
CPT1A,MAP4K5,1,1
CPT1A,MMP24-AS1,1,1
CPT1A,MRPS14,1,1
CPT1A,MYNN,1,1
CPT1A,MYSM1,1,1
CPT1A,NPM3,1,1
CPT1A,PFDN2,1,1
CPT1A,PLAUR,1,1
CPT1A,POLR3E,1,1
CPT1A,PPM1G,1,1
CPT1A,PRKCDBP,1,1
CPT1A,PRKCI,1,1
CPT1A,PSMC3,1,1
CPT1A,PSMC5,1,1
CPT1A,PTPN3,1,1
CPT1A,PUS7L,1,1
CPT1A,RNF13,1,1
CPT1A,RRP12,1,1
CPT1A,SCHIP1,1,1
CPT1A,SCPEP1,1,1
CPT1A,SEPHS2,1,1
CPT1A,SEPT9,1,1
CPT1A,SERBP1,1,1
CPT1A,SLC2A4RG,1,1
CPT1A,SLC39A1,1,1
CPT1A,SMARCD1,1,1
CPT1A,SMN1,1,1
CPT1A,SNRPE,1,1
CPT1A,TIMM17A,1,1
CPT1A,TIMM17B,1,1
CPT1A,TMEM123,1,1
CPT1A,TNFRSF12A,1,1
CPT1A,TTC28,1,1
CPT1A,UBE2C,1,1
CPT1A,VAT1,1,1
CPT1A,VMA21,1,1
CPT1A,WDR74,1,1
C19ORF66,ARF4,1,1
C19ORF66,CYP27A1,1,1
C19ORF66,DHRS7B,1,1
C19ORF66,ERI1,1,1
C19ORF66,GALT,1,1
C19ORF66,GANAB,1,1
C19ORF66,GLRX2,1,1
C19ORF66,KMT5A,1,1
C19ORF66,LBR,1,1
C19ORF66,LINC01296,1,1
C19ORF66,MMP24-AS1,1,1
C19ORF66,PPM1G,1,1
C19ORF66,PPP2CA,1,1
C19ORF66,PRKCDBP,1,1
C19ORF66,PSMC3,1,1
C19ORF66,PUS7L,1,1
C19ORF66,RAB4B,1,1
C19ORF66,SOX10,1,1
C19ORF66,TIMM17A,1,1
C19ORF66,TMCO1,1,1
C19ORF66,TMEM123,1,1
C19ORF66,TPM3,1,1
C19ORF66,TRIB2,1,1
C19ORF66,TRIP13,1,1
C19ORF66,TTC28,1,1
C19ORF66,UBE2C,1,1
CRLF3,ABCE1,1,1
CRLF3,AC009237.8,1,1
CRLF3,ACTN1,1,1
CRLF3,B4GAT1,1,1
CRLF3,CEBPZ,1,1
CRLF3,CHERP,1,1
CRLF3,CWC22,1,1
CRLF3,CYB5D2,1,1
CRLF3,DCAF13,1,1
CRLF3,DDX18,1,1
CRLF3,EIF2B1,1,1
CRLF3,FAM234A,1,1
CRLF3,GINS1,1,1
CRLF3,GMEB2,1,1
CRLF3,GRWD1,1,1
CRLF3,HOXB2,1,1
CRLF3,IPO11,1,1
CRLF3,KHDRBS1,1,1
CRLF3,LARP4,1,1
CRLF3,MB21D1,1,1
CRLF3,MRPL9,1,1
CRLF3,MSH2,1,1
CRLF3,NAGLU,1,1
CRLF3,NOLC1,1,1
CRLF3,NUDCD1,1,1
CRLF3,ORC2,1,1
CRLF3,PDRG1,1,1
CRLF3,PHIP,1,1
CRLF3,POMP,1,1
CRLF3,PPP2CA,1,1
CRLF3,RFC3,1,1
CRLF3,RMI1,1,1
CRLF3,RRP36,1,1
CRLF3,SBNO1,1,1
CRLF3,SCYL3,1,1
CRLF3,SKIV2L2,1,1
CRLF3,SP3,1,1
CRLF3,TAF2,1,1
CRLF3,TMEM205,1,1
CRLF3,TPM3,1,1
CRLF3,TPRKB,1,1
CRLF3,TUBA1C,1,1
CRLF3,UBA2,1,1
CRLF3,WWC1,1,1
CRLF3,XRN2,1,1
CRLF3,ZBTB37,1,1
DDX46,CCAR1,1,1
DDX46,CEP78,1,1
DDX46,KIF11,1,1
DDX46,NUDT15,1,1
DDX46,PPIF,1,1
DDX46,TCF19,1,1
DDX46,USP16,1,1
BAZ1A,C12ORF29,1,1
BAZ1A,CCDC59,1,1
BAZ1A,FAM136A,1,1
BAZ1A,FBRSL1,1,1
BAZ1A,ITM2C,1,1
BAZ1A,KLHL18,1,1
BAZ1A,MRPL39,1,1
BAZ1A,MRPL50,1,1
BAZ1A,NEK7,1,1
BAZ1A,PAXIP1,1,1
BAZ1A,PIGV,1,1
BAZ1A,PPP2R1B,1,1
BAZ1A,PSMC6,1,1
BAZ1A,TET3,1,1
BAZ1A,ZNF215,1,1
PSMC3IP,ABHD5,1,1
PSMC3IP,ADNP2,1,1
PSMC3IP,BNIP1,1,1
PSMC3IP,CDC123,1,1
PSMC3IP,CDCA5,1,1
PSMC3IP,CENPJ,1,1
PSMC3IP,CNOT7,1,1
PSMC3IP,CTNNAL1,1,1
PSMC3IP,DEK,1,1
PSMC3IP,DHX35,1,1
PSMC3IP,DUT,1,1
PSMC3IP,EID2,1,1
PSMC3IP,EIF3M,1,1
PSMC3IP,EIF4E2,1,1
PSMC3IP,ERI1,1,1
PSMC3IP,FBXO45,1,1
PSMC3IP,FTSJ3,1,1
PSMC3IP,GINS3,1,1
PSMC3IP,GTF3C4,1,1
PSMC3IP,HARS,1,1
PSMC3IP,HMGN1,1,1
PSMC3IP,HNRNPC,1,1
PSMC3IP,KPNA3,1,1
PSMC3IP,MAGOH,1,1
PSMC3IP,MCM10,1,1
PSMC3IP,MCM2,1,1
PSMC3IP,MIS18A,1,1
PSMC3IP,MMP24-AS1,1,1
PSMC3IP,MRPL39,1,1
PSMC3IP,NAA20,1,1
PSMC3IP,NAF1,1,1
PSMC3IP,NSMCE4A,1,1
PSMC3IP,NUFIP1,1,1
PSMC3IP,NUP107,1,1
PSMC3IP,PAK1IP1,1,1
PSMC3IP,PNN,1,1
PSMC3IP,POLE3,1,1
PSMC3IP,PPRC1,1,1
PSMC3IP,PSMC3,1,1
PSMC3IP,PSMD2,1,1
PSMC3IP,RAB35,1,1
PSMC3IP,RAD1,1,1
PSMC3IP,RARS,1,1
PSMC3IP,RBMXL1,1,1
PSMC3IP,REXO1,1,1
PSMC3IP,RIOK1,1,1
PSMC3IP,RP11-424C20.2,1,1
PSMC3IP,RRP12,1,1
PSMC3IP,RRS1,1,1
PSMC3IP,SAPCD2,1,1
PSMC3IP,SERBP1,1,1
PSMC3IP,SKA3,1,1
PSMC3IP,SNRPE,1,1
PSMC3IP,SPRYD7,1,1
PSMC3IP,TAF5,1,1
PSMC3IP,TIMM23,1,1
PSMC3IP,TMA16,1,1
PSMC3IP,TRIP13,1,1
PSMC3IP,TSSC4,1,1
PSMC3IP,USP1,1,1
PSMC3IP,VRK1,1,1
PSMC3IP,ZNF281,1,1
PSMC3IP,ZW10,1,1
HOXB2,CKLF,1,1
HOXB2,CRLS1,1,1
HOXB2,CWC22,1,1
HOXB2,CYB5D2,1,1
HOXB2,DCAF13,1,1
HOXB2,DDX18,1,1
HOXB2,EIF2B1,1,1
HOXB2,GFER,1,1
HOXB2,GMEB2,1,1
HOXB2,KTI12,1,1
HOXB2,MB21D1,1,1
HOXB2,MRPL9,1,1
HOXB2,NANP,1,1
HOXB2,NUDCD1,1,1
HOXB2,ORC2,1,1
HOXB2,ORC6,1,1
HOXB2,PDRG1,1,1
HOXB2,PPP2CA,1,1
HOXB2,PRELID1,1,1
HOXB2,RFC3,1,1
HOXB2,RNASEK,1,1
HOXB2,SCYL3,1,1
HOXB2,SKIV2L2,1,1
HOXB2,STAMBPL1,1,1
HOXB2,TAF2,1,1
HOXB2,TPRKB,1,1
HOXB2,TUBA1C,1,1
HOXB2,UBE2J2,1,1
HOXB2,WWC1,1,1
HOXB2,XRN2,1,1
HOXB2,ZNF655,1,1
MOCS3,AC009237.8,1,1
MOCS3,AP1M1,1,1
MOCS3,ARFIP2,1,1
MOCS3,C19ORF47,1,1
MOCS3,C5ORF42,1,1
MOCS3,CDK4,1,1
MOCS3,CKLF,1,1
MOCS3,CWC22,1,1
MOCS3,DNAJC5,1,1
MOCS3,FAM60A,1,1
MOCS3,GPAT3,1,1
MOCS3,GRHPR,1,1
MOCS3,HERPUD2,1,1
MOCS3,HRAS,1,1
MOCS3,KTI12,1,1
MOCS3,LARS,1,1
MOCS3,LRRC40,1,1
MOCS3,MRPS26,1,1
MOCS3,MYOF,1,1
MOCS3,NAGLU,1,1
MOCS3,NANP,1,1
MOCS3,NDUFA1,1,1
MOCS3,NPEPPS,1,1
MOCS3,NUDCD1,1,1
MOCS3,NXT1,1,1
MOCS3,ORC2,1,1
MOCS3,RNF113A,1,1
MOCS3,RP11-529K1.3,1,1
MOCS3,SF3B6,1,1
MOCS3,STAMBPL1,1,1
MOCS3,TTC1,1,1
MOCS3,UBA6,1,1
MOCS3,UBE2J2,1,1
MOCS3,XRN2,1,1
MOCS3,ZBTB37,1,1
MOCS3,ZRANB2,1,1
LRRC40,ANXA3,1,1
LRRC40,AP1M1,1,1
LRRC40,ARFIP2,1,1
LRRC40,ATG12,1,1
LRRC40,BNIP1,1,1
LRRC40,C19ORF47,1,1
LRRC40,C5ORF42,1,1
LRRC40,CDK4,1,1
LRRC40,CEP250,1,1
LRRC40,CHUK,1,1
LRRC40,CKS1B,1,1
LRRC40,CRNKL1,1,1
LRRC40,CTNNAL1,1,1
LRRC40,CYB5B,1,1
LRRC40,DCAF6,1,1
LRRC40,DDX39B,1,1
LRRC40,EIF4E,1,1
LRRC40,ENY2,1,1
LRRC40,ERLIN1,1,1
LRRC40,EXOSC8,1,1
LRRC40,FAM178B,1,1
LRRC40,GPATCH11,1,1
LRRC40,GRASP,1,1
LRRC40,GRHPR,1,1
LRRC40,HARS2,1,1
LRRC40,HMGN1,1,1
LRRC40,HNRNPA1P48,1,1
LRRC40,HRAS,1,1
LRRC40,KPNA3,1,1
LRRC40,KTI12,1,1
LRRC40,MED29,1,1
LRRC40,METTL10,1,1
LRRC40,MIS12,1,1
LRRC40,MRPL33,1,1
LRRC40,MRPS10,1,1
LRRC40,MRPS16,1,1
LRRC40,MRPS26,1,1
LRRC40,MYOF,1,1
LRRC40,NANP,1,1
LRRC40,NDUFAF5,1,1
LRRC40,NPEPPS,1,1
LRRC40,NR2F2,1,1
LRRC40,NRM,1,1
LRRC40,NSMCE4A,1,1
LRRC40,NXT1,1,1
LRRC40,PCLO,1,1
LRRC40,PDLIM5,1,1
LRRC40,PKN2,1,1
LRRC40,PLAGL2,1,1
LRRC40,PRRG4,1,1
LRRC40,RAB4A,1,1
LRRC40,RAB7A,1,1
LRRC40,RABGGTB,1,1
LRRC40,RBMXL1,1,1
LRRC40,RNF113A,1,1
LRRC40,SF3B6,1,1
LRRC40,SKA3,1,1
LRRC40,SPRYD7,1,1
LRRC40,TIFA,1,1
LRRC40,TIMM23,1,1
LRRC40,TRIM44,1,1
LRRC40,TRMT13,1,1
LRRC40,TRPM2,1,1
LRRC40,TSSC4,1,1
LRRC40,TXN,1,1
LRRC40,UBA6,1,1
LRRC40,UBE2J2,1,1
LRRC40,XRN2,1,1
LRRC40,ZNF652,1,1
LRRC40,ZNF696,1,1
LRRC40,ZRANB2,1,1
PRPS1,BUB1B,1,1
PRPS1,CHAF1B,1,1
PRPS1,KIAA1524,1,1
PRPS1,RAD51AP1,1,1
PRPS1,SNRPF,1,1
PRPS1,TEAD4,1,1
PRPS1,USP10,1,1
PRPS1,VBP1,1,1
MRPL1,C4ORF46,1,1
MRPL1,CENPJ,1,1
MRPL1,DCLRE1A,1,1
MRPL1,DNAJC9,1,1
MRPL1,ECD,1,1
MRPL1,EIF4E,1,1
MRPL1,ERLIN1,1,1
MRPL1,EXOSC8,1,1
MRPL1,HMGN1,1,1
MRPL1,KPNA3,1,1
MRPL1,LARP1B,1,1
MRPL1,METTL10,1,1
MRPL1,MIS12,1,1
MRPL1,NAF1,1,1
MRPL1,NR2F2,1,1
MRPL1,NSMCE4A,1,1
MRPL1,RABGGTB,1,1
MRPL1,RBMXL1,1,1
MRPL1,SKA3,1,1
MRPL1,SPRYD7,1,1
MRPL1,SUGT1,1,1
MRPL1,SUPV3L1,1,1
MRPL1,TIMM23,1,1
PAICS,AKAP1,1,1
PAICS,ASNSD1,1,1
PAICS,B4GAT1,1,1
PAICS,CEP78,1,1
PAICS,CHERP,1,1
PAICS,DCAF13,1,1
PAICS,EEF1E1,1,1
PAICS,GINS1,1,1
PAICS,GMNN,1,1
PAICS,HNRNPH1,1,1
PAICS,IPO11,1,1
PAICS,MAD2L1,1,1
PAICS,MRPL9,1,1
PAICS,MSH2,1,1
PAICS,NBN,1,1
PAICS,ORC6,1,1
PAICS,PTBP1,1,1
PAICS,RFC3,1,1
PAICS,SRSF2,1,1
PAICS,STIL,1,1
PAICS,TIPIN,1,1
PAICS,TMEM205,1,1
PAICS,TUBA1C,1,1
PAICS,UBA2,1,1
PAICS,ZBTB2,1,1
CD63,ABCA5,1,1
CD63,C16ORF91,1,1
CD63,CLPTM1L,1,1
CD63,EIF2AK4,1,1
CD63,FAM69B,1,1
CD63,IGF2BP1,1,1
CD63,ISY1,1,1
CD63,KIF3A,1,1
CD63,LARGE1,1,1
CD63,METTL9,1,1
CD63,MICALL1,1,1
CD63,MNAT1,1,1
CD63,PPCS,1,1
CD63,PSMB5,1,1
CD63,PTPRB,1,1
CD63,RIN2,1,1
CD63,RNF130,1,1
CD63,RTP4,1,1
CD63,SAMD1,1,1
CD63,SEPT9,1,1
CD63,SMN1,1,1
CD63,ZNF678,1,1
WWC1,ABCE1,1,1
WWC1,ACTN1,1,1
WWC1,ARF4,1,1
WWC1,BCCIP,1,1
WWC1,C19ORF47,1,1
WWC1,CDK4,1,1
WWC1,CKS1B,1,1
WWC1,CRLS1,1,1
WWC1,CSTF2,1,1
WWC1,CWC22,1,1
WWC1,CYB5B,1,1
WWC1,CYB5D2,1,1
WWC1,DCAF13,1,1
WWC1,DDX18,1,1
WWC1,DDX31,1,1
WWC1,EIF2B1,1,1
WWC1,EIF6,1,1
WWC1,ENY2,1,1
WWC1,ERVK3-1,1,1
WWC1,FAM234A,1,1
WWC1,FAM60A,1,1
WWC1,GFER,1,1
WWC1,GINS1,1,1
WWC1,GLRX2,1,1
WWC1,GMEB2,1,1
WWC1,GRWD1,1,1
WWC1,HRAS,1,1
WWC1,IPO11,1,1
WWC1,KHDRBS1,1,1
WWC1,KIAA0101,1,1
WWC1,KIAA1429,1,1
WWC1,KIF14,1,1
WWC1,KLHL8,1,1
WWC1,KMT5A,1,1
WWC1,KTI12,1,1
WWC1,LARP4,1,1
WWC1,LMNB1,1,1
WWC1,MAD2L1,1,1
WWC1,MEGF8,1,1
WWC1,MIS18A,1,1
WWC1,MRPL22,1,1
WWC1,MRPL9,1,1
WWC1,MYSM1,1,1
WWC1,NAA15,1,1
WWC1,NAGLU,1,1
WWC1,NANP,1,1
WWC1,NOLC1,1,1
WWC1,NPEPPS,1,1
WWC1,NPM3,1,1
WWC1,NUDCD1,1,1
WWC1,NUP107,1,1
WWC1,NXT1,1,1
WWC1,ORC2,1,1
WWC1,ORC6,1,1
WWC1,PAK1IP1,1,1
WWC1,PCGF6,1,1
WWC1,PDRG1,1,1
WWC1,PDSS1,1,1
WWC1,PPM1G,1,1
WWC1,PPP2CA,1,1
WWC1,PRELID1,1,1
WWC1,PRPS2,1,1
WWC1,RARS,1,1
WWC1,RNASEK,1,1
WWC1,RP11-529K1.3,1,1
WWC1,SCYL3,1,1
WWC1,SERBP1,1,1
WWC1,SKIV2L2,1,1
WWC1,SMAGP,1,1
WWC1,STAMBPL1,1,1
WWC1,SVIP,1,1
WWC1,TAF2,1,1
WWC1,TFB2M,1,1
WWC1,TMEM205,1,1
WWC1,TPM3,1,1
WWC1,TPRKB,1,1
WWC1,TRIP13,1,1
WWC1,TUBA1C,1,1
WWC1,UBE2C,1,1
WWC1,UBE2J2,1,1
WWC1,UHRF1BP1L,1,1
WWC1,USP1,1,1
WWC1,XRN2,1,1
WWC1,ZNF473,1,1
WWC1,ZNF655,1,1
WWC1,ZNF695,1,1
WWC1,ZW10,1,1
CD74,CDKN2A,1,1
CD74,HLA-DRA,1,1
RNF130,ITM2C,1,1
RNF130,LARGE1,1,1
RNF130,POLB,1,1
RNF130,PPCS,1,1
RNF130,PSMB5,1,1
RNF130,SMN1,1,1
SRSF3,ABCE1,1,1
SRSF3,BCCIP,1,1
SRSF3,CBFB,1,1
SRSF3,CCNA2,1,1
SRSF3,CEBPZ,1,1
SRSF3,CHEK1,1,1
SRSF3,DDX18,1,1
SRSF3,DEK,1,1
SRSF3,ERVK3-1,1,1
SRSF3,GINS3,1,1
SRSF3,GLRX2,1,1
SRSF3,GRWD1,1,1
SRSF3,GTF3C4,1,1
SRSF3,HNRNPU,1,1
SRSF3,IPO11,1,1
SRSF3,KHDRBS1,1,1
SRSF3,KIAA0101,1,1
SRSF3,KIAA1586,1,1
SRSF3,KIF14,1,1
SRSF3,LARP4,1,1
SRSF3,LBR,1,1
SRSF3,LMNB1,1,1
SRSF3,MSH2,1,1
SRSF3,NAA15,1,1
SRSF3,NOLC1,1,1
SRSF3,PAK1IP1,1,1
SRSF3,PCGF6,1,1
SRSF3,PDRG1,1,1
SRSF3,PDSS1,1,1
SRSF3,POLE3,1,1
SRSF3,PPP2CA,1,1
SRSF3,PRPS2,1,1
SRSF3,PTS,1,1
SRSF3,RAD23B,1,1
SRSF3,RMI1,1,1
SRSF3,RNF126,1,1
SRSF3,RNF138,1,1
SRSF3,RRP1,1,1
SRSF3,RRP36,1,1
SRSF3,SACS,1,1
SRSF3,SMAGP,1,1
SRSF3,SMC2,1,1
SRSF3,SRSF1,1,1
SRSF3,SYNCRIP,1,1
SRSF3,TFB2M,1,1
SRSF3,TIPIN,1,1
SRSF3,TPM3,1,1
SRSF3,TRIP13,1,1
SRSF3,UHRF1BP1L,1,1
SRSF3,USP1,1,1
SRSF3,UTP23,1,1
SRSF3,ZNF695,1,1
SRSF3,ZW10,1,1
NSMCE4A,ABHD5,1,1
NSMCE4A,ANXA3,1,1
NSMCE4A,BNIP1,1,1
NSMCE4A,C12ORF75,1,1
NSMCE4A,C4ORF46,1,1
NSMCE4A,CDC123,1,1
NSMCE4A,CDCA5,1,1
NSMCE4A,CENPJ,1,1
NSMCE4A,CEP250,1,1
NSMCE4A,CTNNAL1,1,1
NSMCE4A,DDX39B,1,1
NSMCE4A,DNAJC9,1,1
NSMCE4A,ECD,1,1
NSMCE4A,ENY2,1,1
NSMCE4A,ERLIN1,1,1
NSMCE4A,EXOSC8,1,1
NSMCE4A,FAM111B,1,1
NSMCE4A,HMGN1,1,1
NSMCE4A,KPNA3,1,1
NSMCE4A,LARP1B,1,1
NSMCE4A,MAGOH,1,1
NSMCE4A,MED29,1,1
NSMCE4A,MIS12,1,1
NSMCE4A,MRPS10,1,1
NSMCE4A,MRPS16,1,1
NSMCE4A,MRPS26,1,1
NSMCE4A,NAA20,1,1
NSMCE4A,NAF1,1,1
NSMCE4A,NDUFC2,1,1
NSMCE4A,NR2F2,1,1
NSMCE4A,PLAGL2,1,1
NSMCE4A,PPRC1,1,1
NSMCE4A,RABGGTB,1,1
NSMCE4A,RAD1,1,1
NSMCE4A,RBMXL1,1,1
NSMCE4A,SAPCD2,1,1
NSMCE4A,SKA3,1,1
NSMCE4A,SPRYD7,1,1
NSMCE4A,SUGT1,1,1
NSMCE4A,SUPV3L1,1,1
NSMCE4A,TIMM23,1,1
NSMCE4A,TRPM2,1,1
NSMCE4A,TSSC4,1,1
NSMCE4A,VRK1,1,1
NSMCE4A,ZNF232,1,1
NSMCE4A,ZNF696,1,1
MB21D1,CWC22,1,1
MB21D1,CYB5D2,1,1
MB21D1,DCAF13,1,1
MB21D1,IPO11,1,1
MB21D1,MRPL9,1,1
MB21D1,MSH2,1,1
MB21D1,ORC2,1,1
MB21D1,PDRG1,1,1
MB21D1,RFC3,1,1
MB21D1,SKIV2L2,1,1
MB21D1,STAMBPL1,1,1
MB21D1,STIL,1,1
MB21D1,TAF2,1,1
MB21D1,TMEM205,1,1
MAD2L1,BCCIP,1,1
MAD2L1,CCNA2,1,1
MAD2L1,CENPE,1,1
MAD2L1,CEP78,1,1
MAD2L1,CKS1B,1,1
MAD2L1,CYB5B,1,1
MAD2L1,DCAF13,1,1
MAD2L1,DDX18,1,1
MAD2L1,GINS1,1,1
MAD2L1,GMNN,1,1
MAD2L1,IPO11,1,1
MAD2L1,KHDRBS1,1,1
MAD2L1,KIAA0101,1,1
MAD2L1,KIF11,1,1
MAD2L1,KIF14,1,1
MAD2L1,MRPL9,1,1
MAD2L1,MSH2,1,1
MAD2L1,MTF2,1,1
MAD2L1,NANP,1,1
MAD2L1,NOLC1,1,1
MAD2L1,ORC2,1,1
MAD2L1,ORC6,1,1
MAD2L1,PDRG1,1,1
MAD2L1,POMP,1,1
MAD2L1,PRELID1,1,1
MAD2L1,PRPS2,1,1
MAD2L1,RFC3,1,1
MAD2L1,SKIV2L2,1,1
MAD2L1,SMC2,1,1
MAD2L1,SP3,1,1
MAD2L1,STIL,1,1
MAD2L1,SVIP,1,1
MAD2L1,TAF2,1,1
MAD2L1,TMEM205,1,1
MAD2L1,TPRKB,1,1
MAD2L1,TUBA1C,1,1
MAD2L1,UBA2,1,1
MAP4K5,ABCA5,1,1
MAP4K5,ACACB,1,1
MAP4K5,ACSL4,1,1
MAP4K5,AHI1,1,1
MAP4K5,ANXA1,1,1
MAP4K5,C12ORF29,1,1
MAP4K5,CDC42EP2,1,1
MAP4K5,CDH2,1,1
MAP4K5,CFL2,1,1
MAP4K5,CMPK1,1,1
MAP4K5,CNOT3,1,1
MAP4K5,CNOT7,1,1
MAP4K5,CNPY3,1,1
MAP4K5,COPS5,1,1
MAP4K5,CRIM1,1,1
MAP4K5,CSTF2,1,1
MAP4K5,CYP27A1,1,1
MAP4K5,DHRS7B,1,1
MAP4K5,DHX35,1,1
MAP4K5,EIF3M,1,1
MAP4K5,FAM136A,1,1
MAP4K5,FAM69B,1,1
MAP4K5,FARSA,1,1
MAP4K5,FBXO45,1,1
MAP4K5,FEM1A,1,1
MAP4K5,FTSJ1,1,1
MAP4K5,FTSJ3,1,1
MAP4K5,GART,1,1
MAP4K5,GHDC,1,1
MAP4K5,GLRX2,1,1
MAP4K5,HS1BP3,1,1
MAP4K5,ID1,1,1
MAP4K5,IGF2BP1,1,1
MAP4K5,ILF2,1,1
MAP4K5,ITM2C,1,1
MAP4K5,KIAA0319L,1,1
MAP4K5,KIAA1586,1,1
MAP4K5,KRT18,1,1
MAP4K5,LBR,1,1
MAP4K5,LINC01296,1,1
MAP4K5,LLPH,1,1
MAP4K5,MAPK1IP1L,1,1
MAP4K5,MRPL39,1,1
MAP4K5,MYNN,1,1
MAP4K5,NEK7,1,1
MAP4K5,NIPAL1,1,1
MAP4K5,PFDN2,1,1
MAP4K5,PHLDA2,1,1
MAP4K5,PLAUR,1,1
MAP4K5,PPCS,1,1
MAP4K5,PPP2R1B,1,1
MAP4K5,PRKCI,1,1
MAP4K5,PSMB5,1,1
MAP4K5,PSMC3,1,1
MAP4K5,PSMC5,1,1
MAP4K5,PSMC6,1,1
MAP4K5,RRP12,1,1
MAP4K5,RRS1,1,1
MAP4K5,SACS,1,1
MAP4K5,SAMD1,1,1
MAP4K5,SEPT9,1,1
MAP4K5,SERBP1,1,1
MAP4K5,SMARCD1,1,1
MAP4K5,SMN1,1,1
MAP4K5,SOX10,1,1
MAP4K5,SPIN4,1,1
MAP4K5,SREK1IP1,1,1
MAP4K5,TIMM17A,1,1
MAP4K5,TMA16,1,1
MAP4K5,TMCO1,1,1
MAP4K5,TNFRSF12A,1,1
MAP4K5,TROVE2,1,1
MAP4K5,TTC39C,1,1
MAP4K5,UBE2N,1,1
MAP4K5,UTP23,1,1
MAP4K5,VEZT,1,1
MAP4K5,VMA21,1,1
MAP4K5,WDR74,1,1
MAP4K5,WRN,1,1
MAP4K5,ZNF215,1,1
MAP4K5,ZPR1,1,1
LARS,AC009237.8,1,1
LARS,ARFIP2,1,1
LARS,CKLF,1,1
LARS,CYB5D2,1,1
LARS,FAM60A,1,1
LARS,GMEB2,1,1
LARS,GPAT3,1,1
LARS,MYOF,1,1
LARS,NAGLU,1,1
LARS,NDUFA1,1,1
LARS,NUDCD1,1,1
LARS,NXT1,1,1
LARS,PHIP,1,1
LARS,RNF113A,1,1
LARS,RP11-529K1.3,1,1
LARS,RPS21,1,1
LARS,SF3B6,1,1
LARS,TTC28,1,1
LARS,UBE2J2,1,1
LARS,XRN2,1,1
LARS,ZBTB37,1,1
LARS,ZNF365,1,1
LARS,ZRANB2,1,1
LARP4,ABCE1,1,1
LARP4,ABCF1,1,1
LARP4,ACTN1,1,1
LARP4,AHCTF1,1,1
LARP4,CBFB,1,1
LARP4,CCT2,1,1
LARP4,CEBPZ,1,1
LARP4,CPSF6,1,1
LARP4,CSTF2,1,1
LARP4,DDX18,1,1
LARP4,DDX31,1,1
LARP4,EIF2B1,1,1
LARP4,EIF3J,1,1
LARP4,ERVK3-1,1,1
LARP4,FAM136A,1,1
LARP4,FAM234A,1,1
LARP4,GLRX2,1,1
LARP4,GRWD1,1,1
LARP4,GTF3C4,1,1
LARP4,HNRNPU,1,1
LARP4,IPO11,1,1
LARP4,KHDRBS1,1,1
LARP4,KIAA0101,1,1
LARP4,KIAA1429,1,1
LARP4,KIAA1586,1,1
LARP4,KIF14,1,1
LARP4,KLHL8,1,1
LARP4,LBR,1,1
LARP4,LLPH,1,1
LARP4,LMNB1,1,1
LARP4,MEGF8,1,1
LARP4,MLKL,1,1
LARP4,NAA15,1,1
LARP4,NCBP1,1,1
LARP4,NOLC1,1,1
LARP4,PAK1IP1,1,1
LARP4,PCGF6,1,1
LARP4,PDRG1,1,1
LARP4,PDSS1,1,1
LARP4,POLE3,1,1
LARP4,POLR1B,1,1
LARP4,PPM1G,1,1
LARP4,PPP2CA,1,1
LARP4,RAD23B,1,1
LARP4,RELT,1,1
LARP4,RFWD3,1,1
LARP4,RMI1,1,1
LARP4,RNF126,1,1
LARP4,RRP36,1,1
LARP4,SKIV2L2,1,1
LARP4,SMAGP,1,1
LARP4,SRSF1,1,1
LARP4,SYNCRIP,1,1
LARP4,TFB2M,1,1
LARP4,TIMM8A,1,1
LARP4,TPM3,1,1
LARP4,TRIP13,1,1
LARP4,TRMT61A,1,1
LARP4,UHRF1BP1L,1,1
LARP4,USP1,1,1
LARP4,UTP23,1,1
LARP4,ZIC2,1,1
LARP4,ZNF473,1,1
LARP4,ZNF598,1,1
LARP4,ZNF695,1,1
LARP4,ZW10,1,1
GATA3,CNOT7,1,1
GATA3,COPS5,1,1
GATA3,CRIM1,1,1
GATA3,EIF3M,1,1
GATA3,KIAA0586,1,1
GATA3,MAPK1IP1L,1,1
GATA3,MYNN,1,1
GATA3,NIPAL1,1,1
GATA3,PSMC6,1,1
GATA3,PTPRB,1,1
GATA3,RIN2,1,1
GATA3,XK,1,1
ZBTB2,B4GAT1,1,1
ZBTB2,CHERP,1,1
ZBTB2,EEF1E1,1,1
ZBTB2,HNRNPH1,1,1
VSIG10L,ATG12,1,1
VSIG10L,DCAF6,1,1
VSIG10L,EIF4E,1,1
VSIG10L,ERLIN1,1,1
VSIG10L,METTL10,1,1
VSIG10L,PRRG4,1,1
VSIG10L,UBA6,1,1
VSIG10L,ZNF652,1,1
DBI,ANXA3,1,1
DBI,ARF1,1,1
DBI,ATG12,1,1
DBI,DCAF6,1,1
DBI,DDX39B,1,1
DBI,ENOX2,1,1
DBI,EXOSC8,1,1
DBI,FAM3A,1,1
DBI,G6PC3,1,1
DBI,KHK,1,1
DBI,MED29,1,1
DBI,MKRN1,1,1
DBI,MRPL33,1,1
DBI,MRPS16,1,1
DBI,MRPS26,1,1
DBI,NELFE,1,1
DBI,NR2F2,1,1
DBI,PLEKHG4,1,1
DBI,RAB4A,1,1
DBI,RAB9A,1,1
DBI,RBMXL1,1,1
DBI,TOB1,1,1
DBI,TRMT13,1,1
DBI,TSSC4,1,1
DBI,USP28,1,1
DBI,ZNF232,1,1
DBI,ZNF696,1,1
BCL2A1,ACSS1,1,1
BCL2A1,AHI1,1,1
BCL2A1,ANKRD33B,1,1
BCL2A1,ANXA1,1,1
BCL2A1,ARF4,1,1
BCL2A1,ATP6AP1,1,1
BCL2A1,BTF3L4,1,1
BCL2A1,CDH2,1,1
BCL2A1,CFL2,1,1
BCL2A1,CMPK1,1,1
BCL2A1,COQ7,1,1
BCL2A1,CSNK2B,1,1
BCL2A1,EIF6,1,1
BCL2A1,FAM60A,1,1
BCL2A1,FSD1,1,1
BCL2A1,GADD45A,1,1
BCL2A1,GOLPH3L,1,1
BCL2A1,GPM6B,1,1
BCL2A1,IFI44,1,1
BCL2A1,IGSF3,1,1
BCL2A1,ITGAE,1,1
BCL2A1,LARGE1,1,1
BCL2A1,LINC01296,1,1
BCL2A1,LPGAT1,1,1
BCL2A1,MYSM1,1,1
BCL2A1,NDUFA1,1,1
BCL2A1,PFDN2,1,1
BCL2A1,PRKCDBP,1,1
BCL2A1,PRKCI,1,1
BCL2A1,PTPN3,1,1
BCL2A1,PUS7L,1,1
BCL2A1,RRP12,1,1
BCL2A1,SCHIP1,1,1
BCL2A1,SCPEP1,1,1
BCL2A1,SEPHS2,1,1
BCL2A1,SEPT9,1,1
BCL2A1,SLC2A4RG,1,1
BCL2A1,SNRPE,1,1
BCL2A1,TIMM17B,1,1
BCL2A1,VMA21,1,1
BCL2A1,ZNF655,1,1
MAPK1IP1L,AHI1,1,1
MAPK1IP1L,C12ORF29,1,1
MAPK1IP1L,CDC42EP2,1,1
MAPK1IP1L,CFL2,1,1
MAPK1IP1L,CNOT7,1,1
MAPK1IP1L,COPS5,1,1
MAPK1IP1L,CRIM1,1,1
MAPK1IP1L,CSTF2,1,1
MAPK1IP1L,DAZAP1,1,1
MAPK1IP1L,DHRS7B,1,1
MAPK1IP1L,DHX35,1,1
MAPK1IP1L,EID2,1,1
MAPK1IP1L,EIF3M,1,1
MAPK1IP1L,ERI1,1,1
MAPK1IP1L,FAM136A,1,1
MAPK1IP1L,FBXO45,1,1
MAPK1IP1L,FEM1A,1,1
MAPK1IP1L,FTSJ1,1,1
MAPK1IP1L,FTSJ3,1,1
MAPK1IP1L,GART,1,1
MAPK1IP1L,GINS3,1,1
MAPK1IP1L,GLRX2,1,1
MAPK1IP1L,GTF3C4,1,1
MAPK1IP1L,ILF2,1,1
MAPK1IP1L,ITM2C,1,1
MAPK1IP1L,KIAA0319L,1,1
MAPK1IP1L,KIAA0586,1,1
MAPK1IP1L,KIAA1586,1,1
MAPK1IP1L,KRT18,1,1
MAPK1IP1L,LBR,1,1
MAPK1IP1L,LLPH,1,1
MAPK1IP1L,MAGOH,1,1
MAPK1IP1L,MCM2,1,1
MAPK1IP1L,MRPL39,1,1
MAPK1IP1L,MYNN,1,1
MAPK1IP1L,NASP,1,1
MAPK1IP1L,NEK7,1,1
MAPK1IP1L,NIPAL1,1,1
MAPK1IP1L,NUFIP1,1,1
MAPK1IP1L,PAK1IP1,1,1
MAPK1IP1L,PCGF6,1,1
MAPK1IP1L,PIGV,1,1
MAPK1IP1L,PLAUR,1,1
MAPK1IP1L,POLR3C,1,1
MAPK1IP1L,PPP2R1B,1,1
MAPK1IP1L,PSMC3,1,1
MAPK1IP1L,PSMC6,1,1
MAPK1IP1L,PSMD2,1,1
MAPK1IP1L,PTPRB,1,1
MAPK1IP1L,RIOK1,1,1
MAPK1IP1L,RRP12,1,1
MAPK1IP1L,RRS1,1,1
MAPK1IP1L,SACS,1,1
MAPK1IP1L,SERBP1,1,1
MAPK1IP1L,SNAPC1,1,1
MAPK1IP1L,SNRPE,1,1
MAPK1IP1L,SPIN4,1,1
MAPK1IP1L,SREK1IP1,1,1
MAPK1IP1L,STIP1,1,1
MAPK1IP1L,TIMM17A,1,1
MAPK1IP1L,TMA16,1,1
MAPK1IP1L,TRIP13,1,1
MAPK1IP1L,UBE2N,1,1
MAPK1IP1L,UTP23,1,1
MAPK1IP1L,VEZT,1,1
MAPK1IP1L,WDR74,1,1
MAPK1IP1L,WRN,1,1
MAPK1IP1L,XK,1,1
MAPK1IP1L,ZIC2,1,1
MAPK1IP1L,ZPR1,1,1
ACSS1,ATP6AP1,1,1
ACSS1,BVES,1,1
ACSS1,CCDC112,1,1
ACSS1,CMPK1,1,1
ACSS1,DPF1,1,1
ACSS1,EIF3G,1,1
ACSS1,FARSA,1,1
ACSS1,FBXL4,1,1
ACSS1,FSD1,1,1
ACSS1,GHDC,1,1
ACSS1,GLB1,1,1
ACSS1,IGF2BP1,1,1
ACSS1,POLR3E,1,1
ACSS1,PRKCI,1,1
ACSS1,PSMC5,1,1
ACSS1,PSMD4,1,1
ACSS1,SCPEP1,1,1
ACSS1,SEPT9,1,1
ACSS1,SMN1,1,1
ACSS1,TMEM69,1,1
ACSS1,TTC39C,1,1
ACSS1,VAT1,1,1
ACSS1,VMA21,1,1
ACSS1,ZHX3,1,1
BTF3L4,AHI1,1,1
BTF3L4,ANKRD33B,1,1
BTF3L4,ANXA1,1,1
BTF3L4,ARF4,1,1
BTF3L4,ATP6AP1,1,1
BTF3L4,CAAP1,1,1
BTF3L4,CDH2,1,1
BTF3L4,CFL2,1,1
BTF3L4,CMPK1,1,1
BTF3L4,CNPY3,1,1
BTF3L4,COPS5,1,1
BTF3L4,CSNK2B,1,1
BTF3L4,CYP27A1,1,1
BTF3L4,DHRS7B,1,1
BTF3L4,DHX35,1,1
BTF3L4,DUSP10,1,1
BTF3L4,EIF3M,1,1
BTF3L4,EIF6,1,1
BTF3L4,ERI1,1,1
BTF3L4,FAM199X,1,1
BTF3L4,FAM60A,1,1
BTF3L4,FARSA,1,1
BTF3L4,FBXO45,1,1
BTF3L4,FSD1,1,1
BTF3L4,FTSJ3,1,1
BTF3L4,GADD45A,1,1
BTF3L4,GART,1,1
BTF3L4,GNE,1,1
BTF3L4,GOLPH3L,1,1
BTF3L4,GPBP1L1,1,1
BTF3L4,KIAA0319L,1,1
BTF3L4,KIAA1429,1,1
BTF3L4,KMT5A,1,1
BTF3L4,KRT18,1,1
BTF3L4,LINC01296,1,1
BTF3L4,LLPH,1,1
BTF3L4,LPGAT1,1,1
BTF3L4,MCFD2,1,1
BTF3L4,MIER1,1,1
BTF3L4,MMP24-AS1,1,1
BTF3L4,MRPS14,1,1
BTF3L4,MYNN,1,1
BTF3L4,MYSM1,1,1
BTF3L4,NDFIP2,1,1
BTF3L4,NDUFA1,1,1
BTF3L4,NELFE,1,1
BTF3L4,NIPAL1,1,1
BTF3L4,NPM3,1,1
BTF3L4,PDF,1,1
BTF3L4,PFDN2,1,1
BTF3L4,PLAUR,1,1
BTF3L4,PPM1G,1,1
BTF3L4,PRKCDBP,1,1
BTF3L4,PRKCI,1,1
BTF3L4,PRPF38A,1,1
BTF3L4,PSMC3,1,1
BTF3L4,PTPN3,1,1
BTF3L4,PUS7L,1,1
BTF3L4,RARS,1,1
BTF3L4,RNF13,1,1
BTF3L4,RP11-529K1.3,1,1
BTF3L4,RPS21,1,1
BTF3L4,RPS26,1,1
BTF3L4,RRP12,1,1
BTF3L4,SCHIP1,1,1
BTF3L4,SCPEP1,1,1
BTF3L4,SEPT9,1,1
BTF3L4,SERBP1,1,1
BTF3L4,SLC2A4RG,1,1
BTF3L4,SLC39A1,1,1
BTF3L4,SMARCD1,1,1
BTF3L4,SMN1,1,1
BTF3L4,SNRPE,1,1
BTF3L4,TIMM17A,1,1
BTF3L4,TIMM17B,1,1
BTF3L4,TMCO1,1,1
BTF3L4,TMEM123,1,1
BTF3L4,TNFRSF12A,1,1
BTF3L4,TSSC4,1,1
BTF3L4,VMA21,1,1
BTF3L4,WDR74,1,1
BTF3L4,ZNF281,1,1
RP11-529K1.3,AC009237.8,1,1
RP11-529K1.3,ACTN1,1,1
RP11-529K1.3,ANKRD33B,1,1
RP11-529K1.3,ARF4,1,1
RP11-529K1.3,ATP6AP1,1,1
RP11-529K1.3,CAV2,1,1
RP11-529K1.3,CDH2,1,1
RP11-529K1.3,CDK4,1,1
RP11-529K1.3,CKLF,1,1
RP11-529K1.3,CKS1B,1,1
RP11-529K1.3,CMPK1,1,1
RP11-529K1.3,CYB5D2,1,1
RP11-529K1.3,DDX18,1,1
RP11-529K1.3,DUSP10,1,1
RP11-529K1.3,EIF2B1,1,1
RP11-529K1.3,EIF6,1,1
RP11-529K1.3,FAF2,1,1
RP11-529K1.3,FAM199X,1,1
RP11-529K1.3,FAM60A,1,1
RP11-529K1.3,FSD1,1,1
RP11-529K1.3,GADD45A,1,1
RP11-529K1.3,GALT,1,1
RP11-529K1.3,GMEB2,1,1
RP11-529K1.3,GOLPH3L,1,1
RP11-529K1.3,GPAT3,1,1
RP11-529K1.3,GPBP1L1,1,1
RP11-529K1.3,GRASP,1,1
RP11-529K1.3,GRHPR,1,1
RP11-529K1.3,KIAA1429,1,1
RP11-529K1.3,KMT5A,1,1
RP11-529K1.3,LINC01296,1,1
RP11-529K1.3,MYOF,1,1
RP11-529K1.3,MYSM1,1,1
RP11-529K1.3,NAA15,1,1
RP11-529K1.3,NAGLU,1,1
RP11-529K1.3,NANP,1,1
RP11-529K1.3,NCBP1,1,1
RP11-529K1.3,NDFIP2,1,1
RP11-529K1.3,NDUFA1,1,1
RP11-529K1.3,NPM3,1,1
RP11-529K1.3,NUDCD1,1,1
RP11-529K1.3,NXT1,1,1
RP11-529K1.3,PDF,1,1
RP11-529K1.3,PHIP,1,1
RP11-529K1.3,PPM1G,1,1
RP11-529K1.3,PPP2CA,1,1
RP11-529K1.3,PRKCDBP,1,1
RP11-529K1.3,PRKCI,1,1
RP11-529K1.3,PUS7L,1,1
RP11-529K1.3,RARS,1,1
RP11-529K1.3,RNASEK,1,1
RP11-529K1.3,RPS21,1,1
RP11-529K1.3,RRP36,1,1
RP11-529K1.3,SCHIP1,1,1
RP11-529K1.3,SCYL3,1,1
RP11-529K1.3,SMARCD1,1,1
RP11-529K1.3,TMCO1,1,1
RP11-529K1.3,TMEM123,1,1
RP11-529K1.3,TPM3,1,1
RP11-529K1.3,TPRKB,1,1
RP11-529K1.3,TTC28,1,1
RP11-529K1.3,UBE2J2,1,1
RP11-529K1.3,XPOT,1,1
RP11-529K1.3,XRN2,1,1
RP11-529K1.3,ZBTB37,1,1
RP11-529K1.3,ZNF473,1,1
RP11-529K1.3,ZNF655,1,1
RP11-529K1.3,ZRANB2,1,1
HRAS,ARFIP2,1,1
HRAS,BCCIP,1,1
HRAS,BNIP1,1,1
HRAS,C12ORF75,1,1
HRAS,C19ORF47,1,1
HRAS,C5ORF42,1,1
HRAS,CDC123,1,1
HRAS,CDK4,1,1
HRAS,CEP250,1,1
HRAS,CKS1B,1,1
HRAS,COQ5,1,1
HRAS,CTNNAL1,1,1
HRAS,CWC22,1,1
HRAS,CYB5B,1,1
HRAS,DDX18,1,1
HRAS,DDX31,1,1
HRAS,DDX39B,1,1
HRAS,DEK,1,1
HRAS,EIF4E,1,1
HRAS,EIF4E2,1,1
HRAS,EIF6,1,1
HRAS,ENY2,1,1
HRAS,GPATCH11,1,1
HRAS,GRHPR,1,1
HRAS,HARS,1,1
HRAS,HERPUD2,1,1
HRAS,HMGN1,1,1
HRAS,HNRNPA1P48,1,1
HRAS,KIAA1429,1,1
HRAS,KIF11,1,1
HRAS,KMT5A,1,1
HRAS,KPNA3,1,1
HRAS,KTI12,1,1
HRAS,MRPL22,1,1
HRAS,MRPS10,1,1
HRAS,MRPS26,1,1
HRAS,MTF2,1,1
HRAS,NAA15,1,1
HRAS,NAA20,1,1
HRAS,NANP,1,1
HRAS,NOLC1,1,1
HRAS,NPEPPS,1,1
HRAS,NPM3,1,1
HRAS,NUDCD1,1,1
HRAS,NUP107,1,1
HRAS,NXT1,1,1
HRAS,ORC2,1,1
HRAS,PCLO,1,1
HRAS,PDRG1,1,1
HRAS,PDSS1,1,1
HRAS,PLAGL2,1,1
HRAS,PPM1G,1,1
HRAS,PPP2CA,1,1
HRAS,PPRC1,1,1
HRAS,PRELID1,1,1
HRAS,RABGGTB,1,1
HRAS,RARS,1,1
HRAS,RBMXL1,1,1
HRAS,RRP36,1,1
HRAS,SAPCD2,1,1
HRAS,SKA3,1,1
HRAS,SPRYD7,1,1
HRAS,STAMBPL1,1,1
HRAS,SUPV3L1,1,1
HRAS,SVIP,1,1
HRAS,TAF2,1,1
HRAS,TIMM23,1,1
HRAS,TRPM2,1,1
HRAS,TSSC4,1,1
HRAS,TXN,1,1
HRAS,UBA6,1,1
HRAS,UBE2J2,1,1
HRAS,USP1,1,1
HRAS,XRN2,1,1
HRAS,ZNF473,1,1
HRAS,ZW10,1,1
EIF2AK4,C12ORF29,1,1
EIF2AK4,C14ORF166,1,1
EIF2AK4,C16ORF91,1,1
EIF2AK4,CLPTM1L,1,1
EIF2AK4,CNPY3,1,1
EIF2AK4,CRIM1,1,1
EIF2AK4,H2AFX,1,1
EIF2AK4,ISY1,1,1
EIF2AK4,JTB,1,1
EIF2AK4,KIAA0319L,1,1
EIF2AK4,KIF3A,1,1
EIF2AK4,MAN2A2,1,1
EIF2AK4,MICALL1,1,1
EIF2AK4,MNAT1,1,1
EIF2AK4,NAP1L1,1,1
EIF2AK4,PDE6D,1,1
EIF2AK4,PM20D2,1,1
EIF2AK4,PSMB5,1,1
EIF2AK4,PTPRB,1,1
EIF2AK4,RIN2,1,1
EIF2AK4,WDR18,1,1
EIF2AK4,WRN,1,1
EIF2AK4,XK,1,1
EIF2AK4,ZNF678,1,1
TEX10,AKAP8,1,1
TEX10,CDC42EP2,1,1
TEX10,CNOT7,1,1
TEX10,FEM1A,1,1
TEX10,GTF3C4,1,1
TEX10,KLHL18,1,1
TEX10,MRPL39,1,1
TEX10,PPP2R1B,1,1
TEX10,RIOK1,1,1
TEX10,RRS1,1,1
TEX10,TGS1,1,1
TEX10,ZPR1,1,1
EEF1E1,AKAP1,1,1
EEF1E1,ASNSD1,1,1
EEF1E1,B4GAT1,1,1
EEF1E1,HNRNPH1,1,1
EEF1E1,LRRC58,1,1
EEF1E1,MPHOSPH10,1,1
EEF1E1,NBN,1,1
EEF1E1,SOWAHC,1,1
EEF1E1,STIL,1,1
EEF1E1,TUBA1C,1,1
EEF1E1,UBA2,1,1
RFWD3,ABCE1,1,1
RFWD3,AHCTF1,1,1
RFWD3,ANP32E,1,1
RFWD3,ATRIP,1,1
RFWD3,BUB1B,1,1
RFWD3,C12ORF29,1,1
RFWD3,CCDC112,1,1
RFWD3,CCT2,1,1
RFWD3,CPSF6,1,1
RFWD3,CSTF2,1,1
RFWD3,DAZAP1,1,1
RFWD3,DHX35,1,1
RFWD3,DPF1,1,1
RFWD3,ERVK3-1,1,1
RFWD3,FAM136A,1,1
RFWD3,FASTKD3,1,1
RFWD3,GHDC,1,1
RFWD3,GLRX2,1,1
RFWD3,HNRNPU,1,1
RFWD3,HSP90AA1,1,1
RFWD3,HSPA4L,1,1
RFWD3,IGF2BP1,1,1
RFWD3,ILF2,1,1
RFWD3,KIAA0101,1,1
RFWD3,KIAA1524,1,1
RFWD3,KIAA1586,1,1
RFWD3,LBR,1,1
RFWD3,LMNB1,1,1
RFWD3,MEGF8,1,1
RFWD3,MRPL39,1,1
RFWD3,MRPL50,1,1
RFWD3,NASP,1,1
RFWD3,NEK7,1,1
RFWD3,NRGN,1,1
RFWD3,PAK1IP1,1,1
RFWD3,PCGF6,1,1
RFWD3,PNN,1,1
RFWD3,POLR3E,1,1
RFWD3,PSMC3,1,1
RFWD3,PSMC5,1,1
RFWD3,PSMC6,1,1
RFWD3,RAD23B,1,1
RFWD3,RELT,1,1
RFWD3,SERBP1,1,1
RFWD3,SNAPC1,1,1
RFWD3,SNRPF,1,1
RFWD3,SPIN4,1,1
RFWD3,SYNCRIP,1,1
RFWD3,TBPL1,1,1
RFWD3,TEAD4,1,1
RFWD3,TFB2M,1,1
RFWD3,TIMM8A,1,1
RFWD3,TRIP13,1,1
RFWD3,UBE2C,1,1
RFWD3,UTP23,1,1
RFWD3,VBP1,1,1
RFWD3,XRCC3,1,1
RFWD3,ZIC2,1,1
RFWD3,ZNF215,1,1
RFWD3,ZNF639,1,1
RFWD3,ZNF695,1,1
TOB1,APOBEC3C,1,1
TOB1,DCAF6,1,1
TOB1,DDX39B,1,1
TOB1,ENOX2,1,1
TOB1,HEATR5A,1,1
TOB1,MKRN1,1,1
TOB1,PLEKHA8,1,1
TOB1,RAB4A,1,1
TOB1,RAB9A,1,1
TOB1,RNF103,1,1
TOB1,RNF113A,1,1
TOB1,USP28,1,1
ZDBF2,ADAM19,1,1
ZDBF2,ARL 15.00,1,1
ZDBF2,SCAMP1,1,1
DAZAP1,ANP32E,1,1
DAZAP1,ATRIP,1,1
DAZAP1,BUB1B,1,1
DAZAP1,C12ORF29,1,1
DAZAP1,CCDC112,1,1
DAZAP1,CFL2,1,1
DAZAP1,CPSF6,1,1
DAZAP1,CSTF2,1,1
DAZAP1,DHRS7B,1,1
DAZAP1,DHX35,1,1
DAZAP1,EID2,1,1
DAZAP1,EIF3M,1,1
DAZAP1,ERI1,1,1
DAZAP1,FAM136A,1,1
DAZAP1,FBXO45,1,1
DAZAP1,FTSJ1,1,1
DAZAP1,FTSJ3,1,1
DAZAP1,GHDC,1,1
DAZAP1,GINS3,1,1
DAZAP1,GLRX2,1,1
DAZAP1,HDAC3,1,1
DAZAP1,HNRNPU,1,1
DAZAP1,HSPA4L,1,1
DAZAP1,IGF2BP1,1,1
DAZAP1,ILF2,1,1
DAZAP1,KIAA0319L,1,1
DAZAP1,KIAA0586,1,1
DAZAP1,KIAA1586,1,1
DAZAP1,LBR,1,1
DAZAP1,LMNB1,1,1
DAZAP1,MCM2,1,1
DAZAP1,MEGF8,1,1
DAZAP1,MIS18A,1,1
DAZAP1,MRPL39,1,1
DAZAP1,MYNN,1,1
DAZAP1,NASP,1,1
DAZAP1,NEK7,1,1
DAZAP1,NRGN,1,1
DAZAP1,PAK1IP1,1,1
DAZAP1,PCGF6,1,1
DAZAP1,POLR3E,1,1
DAZAP1,PPM1G,1,1
DAZAP1,PSMC3,1,1
DAZAP1,PSMC5,1,1
DAZAP1,PSMC6,1,1
DAZAP1,PSMD2,1,1
DAZAP1,RIOK1,1,1
DAZAP1,RLIM,1,1
DAZAP1,SACS,1,1
DAZAP1,SERBP1,1,1
DAZAP1,SNAPC1,1,1
DAZAP1,SPIN4,1,1
DAZAP1,STIP1,1,1
DAZAP1,SYNCRIP,1,1
DAZAP1,TBPL1,1,1
DAZAP1,TFB2M,1,1
DAZAP1,TIMM17A,1,1
DAZAP1,TIMM8A,1,1
DAZAP1,TRIP13,1,1
DAZAP1,UBE2C,1,1
DAZAP1,UTP23,1,1
DAZAP1,XK,1,1
DAZAP1,ZIC2,1,1
DAZAP1,ZNF695,1,1
STAMBPL1,AP1M1,1,1
STAMBPL1,ARFIP2,1,1
STAMBPL1,BCCIP,1,1
STAMBPL1,C19ORF47,1,1
STAMBPL1,C5ORF42,1,1
STAMBPL1,CDK4,1,1
STAMBPL1,CWC22,1,1
STAMBPL1,CYB5B,1,1
STAMBPL1,DCAF13,1,1
STAMBPL1,GPATCH11,1,1
STAMBPL1,HERPUD2,1,1
STAMBPL1,KTI12,1,1
STAMBPL1,MRPL22,1,1
STAMBPL1,MRPS26,1,1
STAMBPL1,MTF2,1,1
STAMBPL1,NANP,1,1
STAMBPL1,NPEPPS,1,1
STAMBPL1,NUDCD1,1,1
STAMBPL1,NXT1,1,1
STAMBPL1,ORC2,1,1
STAMBPL1,PDRG1,1,1
STAMBPL1,PDSS1,1,1
STAMBPL1,PRELID1,1,1
STAMBPL1,TAF2,1,1
STAMBPL1,TTC1,1,1
STAMBPL1,UBE2J2,1,1
STAMBPL1,XRN2,1,1
STAMBPL1,ZBTB37,1,1
METTL9,LARGE1,1,1
METTL9,PPCS,1,1
METTL9,PTPN3,1,1
METTL9,SEPT9,1,1
SAMD1,C16ORF91,1,1
SAMD1,CDC42EP2,1,1
SAMD1,CLPTM1L,1,1
SAMD1,COPS5,1,1
SAMD1,FAM69B,1,1
SAMD1,FARSA,1,1
SAMD1,JTB,1,1
SAMD1,KIAA0319L,1,1
SAMD1,LARGE1,1,1
SAMD1,PDE6D,1,1
SAMD1,PHLDA2,1,1
SAMD1,PLAUR,1,1
SAMD1,POLB,1,1
SAMD1,PPCS,1,1
SAMD1,PSMB5,1,1
SAMD1,SEPT9,1,1
SAMD1,SMN1,1,1
SAMD1,TM7SF3,1,1
SAMD1,TNFRSF12A,1,1
TRMT61A,ABCE1,1,1
TRMT61A,AKAP8,1,1
TRMT61A,CCT2,1,1
TRMT61A,DDX31,1,1
TRMT61A,ERVK3-1,1,1
TRMT61A,GLRX2,1,1
TRMT61A,GRWD1,1,1
TRMT61A,HNRNPU,1,1
TRMT61A,NAA15,1,1
TRMT61A,NOLC1,1,1
TRMT61A,PAK1IP1,1,1
TRMT61A,PTS,1,1
TRMT61A,RELT,1,1
TRMT61A,RNF126,1,1
TRMT61A,RRS1,1,1
TRMT61A,SMAGP,1,1
TRMT61A,SRSF1,1,1
TRMT61A,SYNCRIP,1,1
TRMT61A,TFB2M,1,1
TRMT61A,TGS1,1,1
TRMT61A,UTP23,1,1
UBE2N,AHI1,1,1
UBE2N,C12ORF29,1,1
UBE2N,C16ORF91,1,1
UBE2N,CDC42EP2,1,1
UBE2N,CDH2,1,1
UBE2N,CFL2,1,1
UBE2N,CLPTM1L,1,1
UBE2N,CNOT7,1,1
UBE2N,CNPY3,1,1
UBE2N,COPS5,1,1
UBE2N,CRIM1,1,1
UBE2N,DHRS7B,1,1
UBE2N,EID2,1,1
UBE2N,EIF3M,1,1
UBE2N,ERI1,1,1
UBE2N,FBXO45,1,1
UBE2N,FEM1A,1,1
UBE2N,FTSJ1,1,1
UBE2N,FTSJ3,1,1
UBE2N,GART,1,1
UBE2N,HNRNPC,1,1
UBE2N,HS1BP3,1,1
UBE2N,ILF2,1,1
UBE2N,ISY1,1,1
UBE2N,ITM2C,1,1
UBE2N,KIAA0319L,1,1
UBE2N,KIAA0586,1,1
UBE2N,KIF3A,1,1
UBE2N,KLHL18,1,1
UBE2N,KRT18,1,1
UBE2N,LBR,1,1
UBE2N,MAGOH,1,1
UBE2N,MCM2,1,1
UBE2N,MRPL39,1,1
UBE2N,NAP1L1,1,1
UBE2N,NIPAL1,1,1
UBE2N,PDE6D,1,1
UBE2N,PFDN2,1,1
UBE2N,PLAUR,1,1
UBE2N,PPP2R1B,1,1
UBE2N,PRPF38A,1,1
UBE2N,PSMB5,1,1
UBE2N,PSMC3,1,1
UBE2N,PSMC6,1,1
UBE2N,PSMD2,1,1
UBE2N,PTPRB,1,1
UBE2N,RIN2,1,1
UBE2N,RRP12,1,1
UBE2N,RRS1,1,1
UBE2N,SERBP1,1,1
UBE2N,SMN1,1,1
UBE2N,SNRPE,1,1
UBE2N,SPIN4,1,1
UBE2N,SREK1IP1,1,1
UBE2N,TIMM17A,1,1
UBE2N,TMA16,1,1
UBE2N,TMCO1,1,1
UBE2N,TNFRSF12A,1,1
UBE2N,VEZT,1,1
UBE2N,WDR18,1,1
UBE2N,WDR74,1,1
UBE2N,WRN,1,1
UBE2N,XK,1,1
UBE2N,ZPR1,1,1
GRASP,ALDH18A1,1,1
GRASP,ANKRD33B,1,1
GRASP,ANXA3,1,1
GRASP,ARFIP2,1,1
GRASP,ATG12,1,1
GRASP,CDK4,1,1
GRASP,CEP250,1,1
GRASP,CKS1B,1,1
GRASP,CNTROB,1,1
GRASP,CTNNAL1,1,1
GRASP,FAM60A,1,1
GRASP,GPAT3,1,1
GRASP,HARS2,1,1
GRASP,KMT5A,1,1
GRASP,METTL10,1,1
GRASP,MIER1,1,1
GRASP,MRPL33,1,1
GRASP,MRPS10,1,1
GRASP,MRPS14,1,1
GRASP,MRPS16,1,1
GRASP,MRPS26,1,1
GRASP,MYOF,1,1
GRASP,NDUFA1,1,1
GRASP,NELFE,1,1
GRASP,NPM3,1,1
GRASP,NRM,1,1
GRASP,NXT1,1,1
GRASP,PDF,1,1
GRASP,PRRG4,1,1
GRASP,RAB4A,1,1
GRASP,RAB7A,1,1
GRASP,RNF113A,1,1
GRASP,RPS21,1,1
GRASP,SF3B6,1,1
GRASP,TMEM123,1,1
GRASP,TRIM62,1,1
GRASP,TRMT13,1,1
GRASP,UBA6,1,1
GRASP,UBE2J2,1,1
GRASP,ZBTB37,1,1
GRASP,ZNF281,1,1
GRASP,ZRANB2,1,1
FBRSL1,C12ORF29,1,1
FBRSL1,CLPTM1L,1,1
FBRSL1,KLHL18,1,1
FBRSL1,NAT10,1,1
FBRSL1,NOB1,1,1
FBRSL1,PDE6D,1,1
PSMD2,ABHD5,1,1
PSMD2,ADNP2,1,1
PSMD2,AHI1,1,1
PSMD2,CDC123,1,1
PSMD2,CDCA5,1,1
PSMD2,CFL2,1,1
PSMD2,CNOT7,1,1
PSMD2,CSTF2,1,1
PSMD2,CTNNAL1,1,1
PSMD2,DEK,1,1
PSMD2,DHRS7B,1,1
PSMD2,DHX35,1,1
PSMD2,EID2,1,1
PSMD2,EIF3M,1,1
PSMD2,EIF6,1,1
PSMD2,ERI1,1,1
PSMD2,FBXO45,1,1
PSMD2,FEM1A,1,1
PSMD2,FTSJ1,1,1
PSMD2,FTSJ3,1,1
PSMD2,GART,1,1
PSMD2,GINS3,1,1
PSMD2,GLRX2,1,1
PSMD2,GTF3C4,1,1
PSMD2,HARS,1,1
PSMD2,HDAC3,1,1
PSMD2,ILF2,1,1
PSMD2,KIAA0586,1,1
PSMD2,KIAA1429,1,1
PSMD2,KMT5A,1,1
PSMD2,KRT18,1,1
PSMD2,LBR,1,1
PSMD2,LLPH,1,1
PSMD2,LMNB1,1,1
PSMD2,MAGOH,1,1
PSMD2,MCM10,1,1
PSMD2,MCM2,1,1
PSMD2,MEGF8,1,1
PSMD2,MIS18A,1,1
PSMD2,MMP24-AS1,1,1
PSMD2,MRPL39,1,1
PSMD2,MYNN,1,1
PSMD2,NAA15,1,1
PSMD2,NAA20,1,1
PSMD2,NASP,1,1
PSMD2,NIPAL1,1,1
PSMD2,NUFIP1,1,1
PSMD2,NUP107,1,1
PSMD2,PAK1IP1,1,1
PSMD2,PCGF6,1,1
PSMD2,PDF,1,1
PSMD2,PDSS1,1,1
PSMD2,PFDN2,1,1
PSMD2,PNN,1,1
PSMD2,PPM1G,1,1
PSMD2,PPP2CA,1,1
PSMD2,PPWD1,1,1
PSMD2,PRPF38A,1,1
PSMD2,PSMC3,1,1
PSMD2,PSMC6,1,1
PSMD2,PUS7L,1,1
PSMD2,RAB35,1,1
PSMD2,RAD1,1,1
PSMD2,RARS,1,1
PSMD2,RIOK1,1,1
PSMD2,RP11-424C20.2,1,1
PSMD2,RRP12,1,1
PSMD2,RRS1,1,1
PSMD2,SACS,1,1
PSMD2,SAPCD2,1,1
PSMD2,SERBP1,1,1
PSMD2,SNRPE,1,1
PSMD2,SPIN4,1,1
PSMD2,SREK1IP1,1,1
PSMD2,STIP1,1,1
PSMD2,SYNCRIP,1,1
PSMD2,TAF5,1,1
PSMD2,TFB2M,1,1
PSMD2,TIMM17A,1,1
PSMD2,TIMM23,1,1
PSMD2,TIMM8A,1,1
PSMD2,TMA16,1,1
PSMD2,TRIP13,1,1
PSMD2,TSSC4,1,1
PSMD2,UBE2C,1,1
PSMD2,UHRF1BP1L,1,1
PSMD2,USP1,1,1
PSMD2,UTP23,1,1
PSMD2,VRK1,1,1
PSMD2,WDR74,1,1
PSMD2,WRN,1,1
PSMD2,ZIC2,1,1
PSMD2,ZNF281,1,1
PSMD2,ZNF473,1,1
PSMD2,ZNF695,1,1
PSMD2,ZW10,1,1
IREB2,CLINT1,1,1
RFK,CCDC112,1,1
RFK,CLINT1,1,1
RFK,CWC27,1,1
RFK,GMFB,1,1
RFK,RAD23B,1,1
RFK,ZNF639,1,1
GMEB2,AC009237.8,1,1
GMEB2,ACTN1,1,1
GMEB2,ARF4,1,1
GMEB2,CRLS1,1,1
GMEB2,CYB5D2,1,1
GMEB2,DCAF13,1,1
GMEB2,EIF2B1,1,1
GMEB2,MRPL9,1,1
GMEB2,NAGLU,1,1
GMEB2,NUDCD1,1,1
GMEB2,PHIP,1,1
GMEB2,PPP2CA,1,1
GMEB2,RNASEK,1,1
GMEB2,SCHIP1,1,1
GMEB2,SCOC,1,1
GMEB2,SCYL3,1,1
GMEB2,SKIV2L2,1,1
GMEB2,TPRKB,1,1
GMEB2,TTC28,1,1
GMEB2,UBE2J2,1,1
GMEB2,XPOT,1,1
ILF2,ANP32E,1,1
ILF2,ATRIP,1,1
ILF2,C12ORF29,1,1
ILF2,CDH2,1,1
ILF2,CFL2,1,1
ILF2,CNOT3,1,1
ILF2,CNPY3,1,1
ILF2,COPS5,1,1
ILF2,CRIM1,1,1
ILF2,CSTF2,1,1
ILF2,DHRS7B,1,1
ILF2,DHX35,1,1
ILF2,DPF1,1,1
ILF2,EID2,1,1
ILF2,EIF3M,1,1
ILF2,ERI1,1,1
ILF2,FAM136A,1,1
ILF2,FBXL4,1,1
ILF2,FBXO45,1,1
ILF2,FTSJ1,1,1
ILF2,FTSJ3,1,1
ILF2,GHDC,1,1
ILF2,GINS3,1,1
ILF2,GLRX2,1,1
ILF2,HDAC3,1,1
ILF2,HNRNPU,1,1
ILF2,HS1BP3,1,1
ILF2,IGF2BP1,1,1
ILF2,KIAA0319L,1,1
ILF2,KIAA0586,1,1
ILF2,KIAA1586,1,1
ILF2,KRT18,1,1
ILF2,LBR,1,1
ILF2,LLPH,1,1
ILF2,LMNB1,1,1
ILF2,MCM2,1,1
ILF2,MEGF8,1,1
ILF2,MRPL39,1,1
ILF2,MYNN,1,1
ILF2,NASP,1,1
ILF2,NEK7,1,1
ILF2,NIPAL1,1,1
ILF2,NRGN,1,1
ILF2,NUP107,1,1
ILF2,PAK1IP1,1,1
ILF2,PCGF6,1,1
ILF2,PFDN2,1,1
ILF2,POLR3E,1,1
ILF2,PPCS,1,1
ILF2,PPM1G,1,1
ILF2,PRPF38A,1,1
ILF2,PSMC3,1,1
ILF2,PSMC5,1,1
ILF2,PSMC6,1,1
ILF2,PTPRB,1,1
ILF2,RARS,1,1
ILF2,RIOK1,1,1
ILF2,RLIM,1,1
ILF2,RRP12,1,1
ILF2,RRS1,1,1
ILF2,SACS,1,1
ILF2,SEPT9,1,1
ILF2,SERBP1,1,1
ILF2,SNAPC1,1,1
ILF2,SPIN4,1,1
ILF2,SREK1IP1,1,1
ILF2,STIP1,1,1
ILF2,SYNCRIP,1,1
ILF2,TFB2M,1,1
ILF2,TIMM17A,1,1
ILF2,TIMM8A,1,1
ILF2,TMA16,1,1
ILF2,TRIP13,1,1
ILF2,UBE2C,1,1
ILF2,UTP23,1,1
ILF2,VEZT,1,1
ILF2,WDR74,1,1
ILF2,WRN,1,1
ILF2,XK,1,1
ILF2,ZIC2,1,1
ILF2,ZNF695,1,1
RPS27A,PEAK1,1,1
RPS27A,TRIB2,1,1
USP28,ANXA3,1,1
USP28,C12ORF75,1,1
USP28,C19ORF47,1,1
USP28,CEP250,1,1
USP28,DCAF6,1,1
USP28,DDX39B,1,1
USP28,ENOX2,1,1
USP28,GNA12,1,1
USP28,GRHPR,1,1
USP28,MRPS14,1,1
USP28,MRPS26,1,1
USP28,MYOF,1,1
USP28,MYSM1,1,1
USP28,NDUFA1,1,1
USP28,NELFE,1,1
USP28,NXT1,1,1
USP28,PJA1,1,1
USP28,PLEKHA8,1,1
USP28,RAB4A,1,1
USP28,RAB7A,1,1
USP28,RAB9A,1,1
USP28,RNF113A,1,1
USP28,TSSC4,1,1
TMEM234,COQ5,1,1
TMEM234,GALT,1,1
TMEM234,GTF3C4,1,1
TMEM234,KMT5A,1,1
TMEM234,NAGLU,1,1
TMEM234,RRP36,1,1
TMEM234,SRSF1,1,1
TMEM234,TPM3,1,1
TMEM234,ZDHHC20,1,1
IDH2,BPGM,1,1
IDH2,CDC42EP2,1,1
IDH2,CTSA,1,1
IDH2,EMC2,1,1
IDH2,POLB,1,1
IDH2,TM7SF3,1,1
IDH2,ZPR1,1,1
PPRC1,ADNP2,1,1
PPRC1,BCCIP,1,1
PPRC1,BNIP1,1,1
PPRC1,C12ORF75,1,1
PPRC1,C4ORF46,1,1
PPRC1,CDC123,1,1
PPRC1,CDCA5,1,1
PPRC1,CTNNAL1,1,1
PPRC1,DDX31,1,1
PPRC1,DDX39B,1,1
PPRC1,DEK,1,1
PPRC1,ENY2,1,1
PPRC1,EXOSC8,1,1
PPRC1,FAM111B,1,1
PPRC1,FBXO45,1,1
PPRC1,GTF3C4,1,1
PPRC1,HARS,1,1
PPRC1,HMGN1,1,1
PPRC1,HNRNPA1P48,1,1
PPRC1,KPNA3,1,1
PPRC1,MAGOH,1,1
PPRC1,MCM10,1,1
PPRC1,MMP24-AS1,1,1
PPRC1,NAA15,1,1
PPRC1,NAA20,1,1
PPRC1,NAF1,1,1
PPRC1,NR2F2,1,1
PPRC1,NUFIP1,1,1
PPRC1,NUP107,1,1
PPRC1,PAK1IP1,1,1
PPRC1,PDSS1,1,1
PPRC1,PLAGL2,1,1
PPRC1,RAB35,1,1
PPRC1,RABGGTB,1,1
PPRC1,RAD1,1,1
PPRC1,RARS,1,1
PPRC1,RBMXL1,1,1
PPRC1,RP11-424C20.2,1,1
PPRC1,RRP12,1,1
PPRC1,RRS1,1,1
PPRC1,SAPCD2,1,1
PPRC1,SKA3,1,1
PPRC1,SPRYD7,1,1
PPRC1,SUPV3L1,1,1
PPRC1,TAF5,1,1
PPRC1,TIMM23,1,1
PPRC1,TRPM2,1,1
PPRC1,TSSC4,1,1
PPRC1,USP1,1,1
PPRC1,VRK1,1,1
PPRC1,ZDHHC24,1,1
GINS3,ADNP2,1,1
GINS3,ANP32E,1,1
GINS3,CDC123,1,1
GINS3,CDCA5,1,1
GINS3,CNOT7,1,1
GINS3,CSTF2,1,1
GINS3,DDX18,1,1
GINS3,DEK,1,1
GINS3,DHRS7B,1,1
GINS3,DHX35,1,1
GINS3,DUT,1,1
GINS3,EID2,1,1
GINS3,EIF3M,1,1
GINS3,ERI1,1,1
GINS3,FBXO45,1,1
GINS3,FEM1A,1,1
GINS3,FTSJ3,1,1
GINS3,GART,1,1
GINS3,GLRX2,1,1
GINS3,GTF3C4,1,1
GINS3,HARS,1,1
GINS3,HNRNPC,1,1
GINS3,HNRNPU,1,1
GINS3,KIAA0586,1,1
GINS3,KIAA1586,1,1
GINS3,KRT18,1,1
GINS3,LBR,1,1
GINS3,LLPH,1,1
GINS3,LMNB1,1,1
GINS3,MAGOH,1,1
GINS3,MCM10,1,1
GINS3,MCM2,1,1
GINS3,MEGF8,1,1
GINS3,MIS18A,1,1
GINS3,MMP24-AS1,1,1
GINS3,MRPL39,1,1
GINS3,NAA15,1,1
GINS3,NAA20,1,1
GINS3,NASP,1,1
GINS3,NUFIP1,1,1
GINS3,NUP107,1,1
GINS3,PAK1IP1,1,1
GINS3,PCGF6,1,1
GINS3,PDSS1,1,1
GINS3,PNN,1,1
GINS3,POLE3,1,1
GINS3,POLR3C,1,1
GINS3,PPM1G,1,1
GINS3,PSMC3,1,1
GINS3,PSMC6,1,1
GINS3,PTS,1,1
GINS3,RAB35,1,1
GINS3,RARS,1,1
GINS3,RIOK1,1,1
GINS3,RP11-424C20.2,1,1
GINS3,RRP12,1,1
GINS3,RRS1,1,1
GINS3,SACS,1,1
GINS3,SAPCD2,1,1
GINS3,SERBP1,1,1
GINS3,SNAPC1,1,1
GINS3,SNRPE,1,1
GINS3,SPIN4,1,1
GINS3,SREK1IP1,1,1
GINS3,STIP1,1,1
GINS3,SYNCRIP,1,1
GINS3,TFB2M,1,1
GINS3,TIMM17A,1,1
GINS3,TIMM23,1,1
GINS3,TIMM8A,1,1
GINS3,TMA16,1,1
GINS3,TRIP13,1,1
GINS3,UHRF1BP1L,1,1
GINS3,USP1,1,1
GINS3,UTP23,1,1
GINS3,VRK1,1,1
GINS3,WDR74,1,1
GINS3,ZIC2,1,1
GINS3,ZNF695,1,1
GINS3,ZW10,1,1
DGCR6L,ABCA5,1,1
DGCR6L,MAN2A2,1,1
DGCR6L,MICALL1,1,1
DGCR6L,VEZT,1,1
DGCR6L,ZNF678,1,1
MIS12,ANXA3,1,1
MIS12,ATG12,1,1
MIS12,C4ORF46,1,1
MIS12,CRNKL1,1,1
MIS12,DCAF6,1,1
MIS12,DNAJC9,1,1
MIS12,ERLIN1,1,1
MIS12,EXOSC8,1,1
MIS12,HMGN1,1,1
MIS12,METTL10,1,1
MIS12,MKRN1,1,1
MIS12,MRPS16,1,1
MIS12,NRM,1,1
MIS12,PLEKHG4,1,1
MIS12,PRRG4,1,1
MIS12,RAB4A,1,1
MIS12,RABGGTB,1,1
MIS12,SUGT1,1,1
MIS12,TRMT13,1,1
MIS12,UBA6,1,1
MIS12,ZNF652,1,1
MIS12,ZNF696,1,1
ACACB,ANXA1,1,1
ACACB,ANXA4,1,1
ACACB,CDH2,1,1
ACACB,CMPK1,1,1
ACACB,CNOT3,1,1
ACACB,CYP27A1,1,1
ACACB,DHRS7B,1,1
ACACB,FAM69B,1,1
ACACB,FARSA,1,1
ACACB,FBXL4,1,1
ACACB,GHDC,1,1
ACACB,GSKIP,1,1
ACACB,HS1BP3,1,1
ACACB,IGF2BP1,1,1
ACACB,KIAA0319L,1,1
ACACB,KLF15,1,1
ACACB,MTATP6P1,1,1
ACACB,PHLDA2,1,1
ACACB,PRKCI,1,1
ACACB,PSMC5,1,1
ACACB,SCPEP1,1,1
ACACB,SMARCD1,1,1
ACACB,SMN1,1,1
ACACB,TIMM17A,1,1
ACACB,TMCO1,1,1
ACACB,TNFRSF12A,1,1
ACACB,TROVE2,1,1
ACACB,VAT1,1,1
ACACB,VMA21,1,1
PSMC5,ACTN1,1,1
PSMC5,AHCTF1,1,1
PSMC5,ARF4,1,1
PSMC5,ATP6AP1,1,1
PSMC5,BVES,1,1
PSMC5,CBFB,1,1
PSMC5,CCDC112,1,1
PSMC5,CDH2,1,1
PSMC5,CFL2,1,1
PSMC5,CMPK1,1,1
PSMC5,CNOT3,1,1
PSMC5,CPSF6,1,1
PSMC5,CSTF2,1,1
PSMC5,DHRS7B,1,1
PSMC5,DHX35,1,1
PSMC5,DPF1,1,1
PSMC5,EIF2B1,1,1
PSMC5,EIF3G,1,1
PSMC5,EIF6,1,1
PSMC5,FAM136A,1,1
PSMC5,FARSA,1,1
PSMC5,FBXL4,1,1
PSMC5,FSD1,1,1
PSMC5,FTSJ1,1,1
PSMC5,GHDC,1,1
PSMC5,GLB1,1,1
PSMC5,GLRX2,1,1
PSMC5,HDAC3,1,1
PSMC5,HNRNPU,1,1
PSMC5,HS1BP3,1,1
PSMC5,IGF2BP1,1,1
PSMC5,KIAA0319L,1,1
PSMC5,KLF15,1,1
PSMC5,KRT18,1,1
PSMC5,LBR,1,1
PSMC5,LINC01296,1,1
PSMC5,LLPH,1,1
PSMC5,MEGF8,1,1
PSMC5,MLKL,1,1
PSMC5,MYNN,1,1
PSMC5,NABP2,1,1
PSMC5,NRGN,1,1
PSMC5,PCGF6,1,1
PSMC5,POLR1B,1,1
PSMC5,POLR3E,1,1
PSMC5,PPM1G,1,1
PSMC5,PPP2CA,1,1
PSMC5,PRKCI,1,1
PSMC5,PSMC3,1,1
PSMC5,PSMD4,1,1
PSMC5,PSME4,1,1
PSMC5,RAD23B,1,1
PSMC5,RELT,1,1
PSMC5,RNF126,1,1
PSMC5,SCPEP1,1,1
PSMC5,SEPT9,1,1
PSMC5,SERBP1,1,1
PSMC5,SERINC1,1,1
PSMC5,SLC39A1,1,1
PSMC5,SMAGP,1,1
PSMC5,SMARCD1,1,1
PSMC5,SMN1,1,1
PSMC5,SPIN4,1,1
PSMC5,SYNCRIP,1,1
PSMC5,TBPL1,1,1
PSMC5,TFB2M,1,1
PSMC5,TIMM17A,1,1
PSMC5,TIMM8A,1,1
PSMC5,TMEM69,1,1
PSMC5,TNFRSF12A,1,1
PSMC5,TRIP13,1,1
PSMC5,TROVE2,1,1
PSMC5,TTC39C,1,1
PSMC5,UBE2C,1,1
PSMC5,UTP23,1,1
PSMC5,VAT1,1,1
PSMC5,VMA21,1,1
PSMC5,ZIC2,1,1
PSMC5,ZNF695,1,1
NEK7,AHCTF1,1,1
NEK7,C12ORF29,1,1
NEK7,CCDC59,1,1
NEK7,CPSF6,1,1
NEK7,CWC27,1,1
NEK7,DHRS7B,1,1
NEK7,DHX35,1,1
NEK7,FAM136A,1,1
NEK7,FAM69B,1,1
NEK7,FASTKD3,1,1
NEK7,FTSJ1,1,1
NEK7,GHDC,1,1
NEK7,IGF2BP1,1,1
NEK7,ITM2C,1,1
NEK7,KIAA0319L,1,1
NEK7,KIAA0586,1,1
NEK7,KIAA1586,1,1
NEK7,LBR,1,1
NEK7,MAN2A2,1,1
NEK7,MRPL39,1,1
NEK7,MRPL50,1,1
NEK7,MYNN,1,1
NEK7,NAP1L1,1,1
NEK7,NASP,1,1
NEK7,NRGN,1,1
NEK7,PM20D2,1,1
NEK7,PPP2R1B,1,1
NEK7,PSMB5,1,1
NEK7,PSMC6,1,1
NEK7,RLIM,1,1
NEK7,SNAPC1,1,1
NEK7,SPIN4,1,1
NEK7,TIMM17A,1,1
NEK7,TIMM8A,1,1
NEK7,TROVE2,1,1
NEK7,UTP23,1,1
NEK7,VEZT,1,1
NEK7,WRN,1,1
NEK7,ZIC2,1,1
NEK7,ZNF215,1,1
RPL18,MRPS14,1,1
RPL18,RAB7A,1,1
RPL18,RAB9A,1,1
RPL18,RPS21,1,1
FAM234A,ABCE1,1,1
FAM234A,ABCF1,1,1
FAM234A,ACTN1,1,1
FAM234A,CBWD3,1,1
FAM234A,CEBPZ,1,1
FAM234A,CYB5D2,1,1
FAM234A,DDX18,1,1
FAM234A,EIF2B1,1,1
FAM234A,ERVK3-1,1,1
FAM234A,GRWD1,1,1
FAM234A,IPO11,1,1
FAM234A,KIAA1429,1,1
FAM234A,KLHL8,1,1
FAM234A,NAA15,1,1
FAM234A,PDRG1,1,1
FAM234A,PPP2CA,1,1
FAM234A,RAD23B,1,1
FAM234A,SCYL3,1,1
FAM234A,SKIV2L2,1,1
FAM234A,TFB2M,1,1
FAM234A,UBA2,1,1
FAM234A,UHRF1BP1L,1,1
FAM234A,ZNF473,1,1
CYP27A1,AHI1,1,1
CYP27A1,ANXA1,1,1
CYP27A1,CDH2,1,1
CYP27A1,DHRS7B,1,1
CYP27A1,DUSP10,1,1
CYP27A1,FARSA,1,1
CYP27A1,GART,1,1
CYP27A1,GOLPH3L,1,1
CYP27A1,GSKIP,1,1
CYP27A1,HS1BP3,1,1
CYP27A1,HSPA13,1,1
CYP27A1,KIAA0319L,1,1
CYP27A1,KRT18,1,1
CYP27A1,LINC01296,1,1
CYP27A1,LLPH,1,1
CYP27A1,MCFD2,1,1
CYP27A1,NDFIP2,1,1
CYP27A1,PHLDA2,1,1
CYP27A1,PLAUR,1,1
CYP27A1,PRKCDBP,1,1
CYP27A1,PRKCI,1,1
CYP27A1,RRP12,1,1
CYP27A1,SCPEP1,1,1
CYP27A1,SMARCD1,1,1
CYP27A1,SMN1,1,1
CYP27A1,SOX10,1,1
CYP27A1,SREK1IP1,1,1
CYP27A1,TIMM17A,1,1
CYP27A1,TMCO1,1,1
CYP27A1,TNFRSF12A,1,1
CYP27A1,VMA21,1,1
CYP27A1,ZPR1,1,1
TIPIN,ABCE1,1,1
TIPIN,AKAP1,1,1
TIPIN,ASNSD1,1,1
TIPIN,BZW1P2,1,1
TIPIN,CCT2,1,1
TIPIN,CEBPZ,1,1
TIPIN,FLOT2,1,1
TIPIN,GRWD1,1,1
TIPIN,HSP90AA1,1,1
TIPIN,IPO11,1,1
TIPIN,KIAA0101,1,1
TIPIN,MSH2,1,1
TIPIN,NBN,1,1
TIPIN,PNPT1,1,1
TIPIN,POLE3,1,1
TIPIN,RBM14,1,1
TIPIN,RMI1,1,1
TIPIN,RRP1,1,1
TIPIN,TEAD4,1,1
TIPIN,USP10,1,1
FAM3A,DCAF6,1,1
FAM3A,ENOX2,1,1
FAM3A,GSK3A,1,1
FAM3A,HEATR5A,1,1
FAM3A,MKRN1,1,1
FAM3A,NR2F2,1,1
FAM3A,SUGT1,1,1
TUBB6,CCNA2,1,1
HNRNPC,CNOT7,1,1
HNRNPC,DUT,1,1
HNRNPC,FBXO45,1,1
HNRNPC,KIAA0586,1,1
HNRNPC,MCM2,1,1
HNRNPC,MRPL39,1,1
HNRNPC,PRPF38A,1,1
HNRNPC,PSMC6,1,1
HNRNPC,RIOK1,1,1
HNRNPC,TMA16,1,1
HNRNPC,VRK1,1,1
CASC5,CCNA2,1,1
CASC5,CDCA5,1,1
CASC5,CENPJ,1,1
CASC5,DEK,1,1
CASC5,DUT,1,1
CASC5,KIF11,1,1
CASC5,MIS18A,1,1
CASC5,NAA20,1,1
CASC5,PLK4,1,1
CASC5,RHBDF1,1,1
CASC5,SKA3,1,1
CASC5,VRK1,1,1
CASC5,ZW10,1,1
STIP1,CSTF2,1,1
STIP1,DHX35,1,1
STIP1,EIF3M,1,1
STIP1,EIF4E2,1,1
STIP1,ERI1,1,1
STIP1,FBXO45,1,1
STIP1,FTSJ3,1,1
STIP1,GART,1,1
STIP1,GLRX2,1,1
STIP1,KIAA1429,1,1
STIP1,KRT18,1,1
STIP1,LBR,1,1
STIP1,LLPH,1,1
STIP1,MAGOH,1,1
STIP1,MMP24-AS1,1,1
STIP1,MRPL39,1,1
STIP1,NCBP1,1,1
STIP1,NUFIP1,1,1
STIP1,NUP107,1,1
STIP1,PAK1IP1,1,1
STIP1,PFDN2,1,1
STIP1,POLR3C,1,1
STIP1,PPM1G,1,1
STIP1,PRPF38A,1,1
STIP1,PSMC3,1,1
STIP1,PSMC6,1,1
STIP1,RIOK1,1,1
STIP1,RRP12,1,1
STIP1,RRS1,1,1
STIP1,SAPCD2,1,1
STIP1,SERBP1,1,1
STIP1,SPIN4,1,1
STIP1,TFB2M,1,1
STIP1,TIMM17A,1,1
STIP1,TPM3,1,1
STIP1,TRIP13,1,1
STIP1,UTP23,1,1
STIP1,WDR74,1,1
STIP1,ZNF281,1,1
STIP1,ZNF473,1,1
STIP1,ZNF695,1,1
SLC9A6,ANKRD33B,1,1
SLC9A6,ANXA3,1,1
SLC9A6,ASPHD2,1,1
SLC9A6,CKLF,1,1
SLC9A6,GNA12,1,1
SLC9A6,LPGAT1,1,1
SLC9A6,MRPL33,1,1
SLC9A6,NELFE,1,1
SLC9A6,RPS21,1,1
SLC9A6,TRIM62,1,1
CSNK2B,AHI1,1,1
CSNK2B,ANKRD33B,1,1
CSNK2B,ANXA1,1,1
CSNK2B,ANXA3,1,1
CSNK2B,CDC123,1,1
CSNK2B,CDH2,1,1
CSNK2B,CFL2,1,1
CSNK2B,COPS5,1,1
CSNK2B,CTNNAL1,1,1
CSNK2B,EIF6,1,1
CSNK2B,FAM60A,1,1
CSNK2B,FSD1,1,1
CSNK2B,FTSJ3,1,1
CSNK2B,GART,1,1
CSNK2B,GNE,1,1
CSNK2B,GOLPH3L,1,1
CSNK2B,GRHPR,1,1
CSNK2B,HARS,1,1
CSNK2B,KMT5A,1,1
CSNK2B,KRT18,1,1
CSNK2B,LINC01296,1,1
CSNK2B,LPGAT1,1,1
CSNK2B,MAGOH,1,1
CSNK2B,MRPS14,1,1
CSNK2B,NDUFA1,1,1
CSNK2B,NELFE,1,1
CSNK2B,NPM3,1,1
CSNK2B,PDF,1,1
CSNK2B,PFDN2,1,1
CSNK2B,PLEKHA8,1,1
CSNK2B,PPM1G,1,1
CSNK2B,PRKCDBP,1,1
CSNK2B,PRPF38A,1,1
CSNK2B,PTPN3,1,1
CSNK2B,PUS7L,1,1
CSNK2B,RARS,1,1
CSNK2B,RNF13,1,1
CSNK2B,RPS21,1,1
CSNK2B,RRP12,1,1
CSNK2B,SCPEP1,1,1
CSNK2B,SEPT9,1,1
CSNK2B,SERBP1,1,1
CSNK2B,SLC2A4RG,1,1
CSNK2B,SNRPE,1,1
CSNK2B,TSSC4,1,1
CSNK2B,WDR74,1,1
CSNK2B,ZNF281,1,1
PRPF6,KLF15,1,1
PRPF6,LPIN3,1,1
PRPF6,PRKCI,1,1
TRIB2,FAM222A,1,1
TRIB2,PEAK1,1,1
TRIB2,TTC28,1,1
GAS1,RPS2P5,1,1
HARS2,ANXA3,1,1
HARS2,ATG12,1,1
HARS2,CEP120,1,1
HARS2,CEP250,1,1
HARS2,CRNKL1,1,1
HARS2,CTNNAL1,1,1
HARS2,GNA12,1,1
HARS2,GPAT3,1,1
HARS2,MED29,1,1
HARS2,MRPL33,1,1
HARS2,MRPS14,1,1
HARS2,MRPS16,1,1
HARS2,MRPS26,1,1
HARS2,MYOF,1,1
HARS2,NELFE,1,1
HARS2,PDF,1,1
HARS2,PRRG4,1,1
HARS2,RAB4A,1,1
HARS2,RAB7A,1,1
HARS2,RPS21,1,1
HARS2,TRMT13,1,1
HARS2,UBL4A,1,1
GLRX2,ABCE1,1,1
GLRX2,ACTN1,1,1
GLRX2,AHI1,1,1
GLRX2,ANP32E,1,1
GLRX2,ARF4,1,1
GLRX2,CBFB,1,1
GLRX2,CCT2,1,1
GLRX2,CDH2,1,1
GLRX2,CPSF6,1,1
GLRX2,CSTF2,1,1
GLRX2,DDX18,1,1
GLRX2,DEK,1,1
GLRX2,DHRS7B,1,1
GLRX2,DHX35,1,1
GLRX2,EIF3M,1,1
GLRX2,EIF6,1,1
GLRX2,ERI1,1,1
GLRX2,ERVK3-1,1,1
GLRX2,FAM136A,1,1
GLRX2,FBXO45,1,1
GLRX2,FTSJ3,1,1
GLRX2,GHDC,1,1
GLRX2,GRWD1,1,1
GLRX2,GTF3C4,1,1
GLRX2,HARS,1,1
GLRX2,HNRNPU,1,1
GLRX2,KHDRBS1,1,1
GLRX2,KIAA0101,1,1
GLRX2,KIAA1429,1,1
GLRX2,KIAA1586,1,1
GLRX2,KIF14,1,1
GLRX2,KLHL8,1,1
GLRX2,KMT5A,1,1
GLRX2,KRT18,1,1
GLRX2,LBR,1,1
GLRX2,LINC01296,1,1
GLRX2,LLPH,1,1
GLRX2,LMNB1,1,1
GLRX2,MCM10,1,1
GLRX2,MEGF8,1,1
GLRX2,MIS18A,1,1
GLRX2,MMP24-AS1,1,1
GLRX2,MRPL39,1,1
GLRX2,MYNN,1,1
GLRX2,MYSM1,1,1
GLRX2,NAA15,1,1
GLRX2,NCBP1,1,1
GLRX2,NOLC1,1,1
GLRX2,NUP107,1,1
GLRX2,PAK1IP1,1,1
GLRX2,PCGF6,1,1
GLRX2,PDSS1,1,1
GLRX2,POLE3,1,1
GLRX2,POLR3E,1,1
GLRX2,PPM1G,1,1
GLRX2,PPP2CA,1,1
GLRX2,PSMC3,1,1
GLRX2,PSMC6,1,1
GLRX2,PTS,1,1
GLRX2,PUS7L,1,1
GLRX2,RAD23B,1,1
GLRX2,RARS,1,1
GLRX2,RELT,1,1
GLRX2,RIOK1,1,1
GLRX2,RMI1,1,1
GLRX2,RNASEK,1,1
GLRX2,RNF126,1,1
GLRX2,RNF138,1,1
GLRX2,RRP12,1,1
GLRX2,RRP36,1,1
GLRX2,RRS1,1,1
GLRX2,SACS,1,1
GLRX2,SERBP1,1,1
GLRX2,SMAGP,1,1
GLRX2,SOX10,1,1
GLRX2,SPIN4,1,1
GLRX2,SREK1IP1,1,1
GLRX2,SRSF1,1,1
GLRX2,SYNCRIP,1,1
GLRX2,TFB2M,1,1
GLRX2,TIMM17A,1,1
GLRX2,TIMM8A,1,1
GLRX2,TMCO1,1,1
GLRX2,TPM3,1,1
GLRX2,TPRKB,1,1
GLRX2,TRIP13,1,1
GLRX2,UBE2C,1,1
GLRX2,UHRF1BP1L,1,1
GLRX2,USP1,1,1
GLRX2,UTP23,1,1
GLRX2,ZIC2,1,1
GLRX2,ZNF473,1,1
GLRX2,ZNF695,1,1
GLRX2,ZW10,1,1
RRS1,AHI1,1,1
RRS1,AKAP8,1,1
RRS1,CDC123,1,1
RRS1,CDC42EP2,1,1
RRS1,CNOT7,1,1
RRS1,COPS5,1,1
RRS1,CRIM1,1,1
RRS1,CSTF2,1,1
RRS1,DHRS7B,1,1
RRS1,DHX35,1,1
RRS1,EIF3M,1,1
RRS1,ERI1,1,1
RRS1,ERVK3-1,1,1
RRS1,FAM136A,1,1
RRS1,FBXO45,1,1
RRS1,FEM1A,1,1
RRS1,FTSJ1,1,1
RRS1,FTSJ3,1,1
RRS1,GART,1,1
RRS1,GTF3C4,1,1
RRS1,HARS,1,1
RRS1,HNRNPU,1,1
RRS1,KLHL18,1,1
RRS1,KRT18,1,1
RRS1,LBR,1,1
RRS1,LLPH,1,1
RRS1,MAGOH,1,1
RRS1,MCM10,1,1
RRS1,MCM2,1,1
RRS1,MMP24-AS1,1,1
RRS1,MRPL39,1,1
RRS1,NAA15,1,1
RRS1,NUFIP1,1,1
RRS1,NUP107,1,1
RRS1,PAK1IP1,1,1
RRS1,PCGF6,1,1
RRS1,PFDN2,1,1
RRS1,PNN,1,1
RRS1,POLR3C,1,1
RRS1,PPM1G,1,1
RRS1,PPP2R1B,1,1
RRS1,PPWD1,1,1
RRS1,PSMC3,1,1
RRS1,PSMC6,1,1
RRS1,PTS,1,1
RRS1,RAB35,1,1
RRS1,RARS,1,1
RRS1,REXO1,1,1
RRS1,RIOK1,1,1
RRS1,RP11-424C20.2,1,1
RRS1,RRP12,1,1
RRS1,SACS,1,1
RRS1,SAPCD2,1,1
RRS1,SERBP1,1,1
RRS1,SNRPE,1,1
RRS1,SPIN4,1,1
RRS1,SREK1IP1,1,1
RRS1,SYNCRIP,1,1
RRS1,TFB2M,1,1
RRS1,TGS1,1,1
RRS1,TIMM17A,1,1
RRS1,TMA16,1,1
RRS1,TRIP13,1,1
RRS1,USP1,1,1
RRS1,UTP23,1,1
RRS1,WDR74,1,1
RRS1,ZIC2,1,1
RRS1,ZPR1,1,1
PPCS,C16ORF91,1,1
PPCS,CDC42EP2,1,1
PPCS,CLPTM1L,1,1
PPCS,CNOT3,1,1
PPCS,COPS5,1,1
PPCS,CRIM1,1,1
PPCS,FARSA,1,1
PPCS,FTSJ1,1,1
PPCS,FTSJ3,1,1
PPCS,HS1BP3,1,1
PPCS,IGF2BP1,1,1
PPCS,JTB,1,1
PPCS,KIAA0319L,1,1
PPCS,KIF3A,1,1
PPCS,KRT18,1,1
PPCS,LARGE1,1,1
PPCS,PLAUR,1,1
PPCS,POLB,1,1
PPCS,PSMB5,1,1
PPCS,SEPT9,1,1
PPCS,SMN1,1,1
PPCS,SPIN4,1,1
PPCS,TIMM17A,1,1
PPCS,TNFRSF12A,1,1
PPCS,WDR74,1,1
ARF4,ACTN1,1,1
ARF4,ANKRD33B,1,1
ARF4,ANXA1,1,1
ARF4,ATP6AP1,1,1
ARF4,BVES,1,1
ARF4,CAAP1,1,1
ARF4,CDH2,1,1
ARF4,CFL2,1,1
ARF4,CMPK1,1,1
ARF4,CSTF2,1,1
ARF4,DDX18,1,1
ARF4,DHRS7B,1,1
ARF4,DHX35,1,1
ARF4,EIF2B1,1,1
ARF4,EIF6,1,1
ARF4,ERI1,1,1
ARF4,FAM199X,1,1
ARF4,FAM60A,1,1
ARF4,FSD1,1,1
ARF4,GADD45A,1,1
ARF4,GALT,1,1
ARF4,GHDC,1,1
ARF4,GMFB,1,1
ARF4,GNE,1,1
ARF4,GOLPH3L,1,1
ARF4,GPBP1L1,1,1
ARF4,IFI44,1,1
ARF4,KIAA1429,1,1
ARF4,KLF15,1,1
ARF4,KMT5A,1,1
ARF4,LBR,1,1
ARF4,LINC01296,1,1
ARF4,LLPH,1,1
ARF4,MEGF8,1,1
ARF4,MYNN,1,1
ARF4,MYSM1,1,1
ARF4,NAGLU,1,1
ARF4,NDFIP2,1,1
ARF4,PHIP,1,1
ARF4,POLR3E,1,1
ARF4,PPM1G,1,1
ARF4,PPP2CA,1,1
ARF4,PRKCDBP,1,1
ARF4,PRKCI,1,1
ARF4,PSMC3,1,1
ARF4,PSMD4,1,1
ARF4,PUS7L,1,1
ARF4,RNASEK,1,1
ARF4,SCHIP1,1,1
ARF4,SCOC,1,1
ARF4,SCPEP1,1,1
ARF4,SERBP1,1,1
ARF4,SLC39A1,1,1
ARF4,SNRPE,1,1
ARF4,SOX10,1,1
ARF4,TFB2M,1,1
ARF4,TIMM17A,1,1
ARF4,TIMM17B,1,1
ARF4,TMEM123,1,1
ARF4,TMEM69,1,1
ARF4,TPM3,1,1
ARF4,TPRKB,1,1
ARF4,TRIP13,1,1
ARF4,TTC28,1,1
ARF4,UBE2C,1,1
ARF4,UBE2J2,1,1
ARF4,VMA21,1,1
ARF4,ZNF655,1,1
ARF4,ZNF695,1,1
XK,C12ORF29,1,1
XK,C14ORF166,1,1
XK,CLPTM1L,1,1
XK,COPS5,1,1
XK,CRIM1,1,1
XK,EID2,1,1
XK,EIF3M,1,1
XK,FTSJ1,1,1
XK,ISY1,1,1
XK,JTB,1,1
XK,KIAA0586,1,1
XK,MNAT1,1,1
XK,MRPL39,1,1
XK,NASP,1,1
XK,PSMB5,1,1
XK,PSMC6,1,1
XK,PTPRB,1,1
XK,RIN2,1,1
XK,SNAPC1,1,1
XK,SPIN4,1,1
XK,WDR74,1,1
XK,WRN,1,1
BLOC1S6,PTBP3,1,1
CCDC112,ACTN1,1,1
CCDC112,AHCTF1,1,1
CCDC112,ANP32E,1,1
CCDC112,ATP6AP1,1,1
CCDC112,BVES,1,1
CCDC112,CBFB,1,1
CCDC112,CLINT1,1,1
CCDC112,CMPK1,1,1
CCDC112,CPSF6,1,1
CCDC112,CWC27,1,1
CCDC112,DPF1,1,1
CCDC112,EIF2B1,1,1
CCDC112,FBXL4,1,1
CCDC112,GHDC,1,1
CCDC112,GLB1,1,1
CCDC112,GMFB,1,1
CCDC112,IGF2BP1,1,1
CCDC112,KIAA1524,1,1
CCDC112,KLF15,1,1
CCDC112,L2HGDH,1,1
CCDC112,MEGF8,1,1
CCDC112,MLKL,1,1
CCDC112,NRGN,1,1
CCDC112,POLR3E,1,1
CCDC112,PSMD4,1,1
CCDC112,PSME4,1,1
CCDC112,RAD23B,1,1
CCDC112,RLIM,1,1
CCDC112,SNRPF,1,1
CCDC112,TBPL1,1,1
CCDC112,TIMM8A,1,1
CCDC112,TMEM69,1,1
CCDC112,TROVE2,1,1
CCDC112,TTC39C,1,1
CCDC112,VBP1,1,1
CCDC112,VMA21,1,1
CCDC112,ZIC2,1,1
CCDC112,ZNF695,1,1
MKRN1,DCAF6,1,1
MKRN1,ENOX2,1,1
MKRN1,GSK3A,1,1
MKRN1,HEATR5A,1,1
MKRN1,PLEKHG4,1,1
MKRN1,RAB4A,1,1
MKRN1,RPL13A,1,1
MKRN1,SUGT1,1,1
ATF1,LRRC58,1,1
SCAMP1,ARL 15.00,1,1
GOLPH3L,AHI1,1,1
GOLPH3L,ANKRD33B,1,1
GOLPH3L,ANXA1,1,1
GOLPH3L,ANXA3,1,1
GOLPH3L,CDC123,1,1
GOLPH3L,CDH2,1,1
GOLPH3L,CDK4,1,1
GOLPH3L,DDX39B,1,1
GOLPH3L,DUSP10,1,1
GOLPH3L,EIF6,1,1
GOLPH3L,FAM60A,1,1
GOLPH3L,FBXO45,1,1
GOLPH3L,FSD1,1,1
GOLPH3L,FTSJ3,1,1
GOLPH3L,GADD45A,1,1
GOLPH3L,GART,1,1
GOLPH3L,GPM6B,1,1
GOLPH3L,GRHPR,1,1
GOLPH3L,HARS,1,1
GOLPH3L,KMT5A,1,1
GOLPH3L,KRT18,1,1
GOLPH3L,LINC01296,1,1
GOLPH3L,LLPH,1,1
GOLPH3L,MIER1,1,1
GOLPH3L,MMP24-AS1,1,1
GOLPH3L,MRPS14,1,1
GOLPH3L,MYSM1,1,1
GOLPH3L,NDFIP2,1,1
GOLPH3L,NDUFA1,1,1
GOLPH3L,NPM3,1,1
GOLPH3L,PCTP,1,1
GOLPH3L,PDF,1,1
GOLPH3L,PFDN2,1,1
GOLPH3L,PLAUR,1,1
GOLPH3L,PPM1G,1,1
GOLPH3L,PRKCDBP,1,1
GOLPH3L,PRKCI,1,1
GOLPH3L,PTPN3,1,1
GOLPH3L,PUS7L,1,1
GOLPH3L,RARS,1,1
GOLPH3L,RPS21,1,1
GOLPH3L,RRP12,1,1
GOLPH3L,SCHIP1,1,1
GOLPH3L,SCPEP1,1,1
GOLPH3L,SEPHS2,1,1
GOLPH3L,SERBP1,1,1
GOLPH3L,SLC2A4RG,1,1
GOLPH3L,SMARCD1,1,1
GOLPH3L,SNRPE,1,1
GOLPH3L,SREK1IP1,1,1
GOLPH3L,TIMM17A,1,1
GOLPH3L,TMCO1,1,1
GOLPH3L,TMEM123,1,1
GOLPH3L,TNFRSF12A,1,1
GOLPH3L,TSSC4,1,1
GOLPH3L,UBE2J2,1,1
GOLPH3L,WDR74,1,1
GOLPH3L,ZNF281,1,1
GOLPH3L,ZNF655,1,1
KHDRBS1,ABCE1,1,1
KHDRBS1,BCCIP,1,1
KHDRBS1,CCNA2,1,1
KHDRBS1,CHEK1,1,1
KHDRBS1,CKS1B,1,1
KHDRBS1,DCAF13,1,1
KHDRBS1,DDX18,1,1
KHDRBS1,DEK,1,1
KHDRBS1,GALT,1,1
KHDRBS1,GINS1,1,1
KHDRBS1,IPO11,1,1
KHDRBS1,KIAA0101,1,1
KHDRBS1,KIAA1429,1,1
KHDRBS1,KIF11,1,1
KHDRBS1,KIF14,1,1
KHDRBS1,KLHL8,1,1
KHDRBS1,KMT5A,1,1
KHDRBS1,KTI12,1,1
KHDRBS1,LMNB1,1,1
KHDRBS1,MIS18A,1,1
KHDRBS1,MSH2,1,1
KHDRBS1,NAA15,1,1
KHDRBS1,NANP,1,1
KHDRBS1,NOLC1,1,1
KHDRBS1,NUDCD1,1,1
KHDRBS1,PDRG1,1,1
KHDRBS1,PDSS1,1,1
KHDRBS1,PLK4,1,1
KHDRBS1,POLE3,1,1
KHDRBS1,POMP,1,1
KHDRBS1,PPM1G,1,1
KHDRBS1,PPP2CA,1,1
KHDRBS1,PRPS2,1,1
KHDRBS1,RHBDF1,1,1
KHDRBS1,RMI1,1,1
KHDRBS1,RNASEK,1,1
KHDRBS1,RNF138,1,1
KHDRBS1,RRP36,1,1
KHDRBS1,SCYL3,1,1
KHDRBS1,SKIV2L2,1,1
KHDRBS1,SMC2,1,1
KHDRBS1,SP3,1,1
KHDRBS1,SVIP,1,1
KHDRBS1,SYNCRIP,1,1
KHDRBS1,TAF2,1,1
KHDRBS1,TFB2M,1,1
KHDRBS1,TMEM205,1,1
KHDRBS1,TPM3,1,1
KHDRBS1,TPRKB,1,1
KHDRBS1,TRIP13,1,1
KHDRBS1,UBA2,1,1
KHDRBS1,UHRF1BP1L,1,1
KHDRBS1,USP1,1,1
KHDRBS1,ZNF695,1,1
KHDRBS1,ZW10,1,1
SF3B6,ANXA3,1,1
SF3B6,ARFIP2,1,1
SF3B6,ATG12,1,1
SF3B6,CDK4,1,1
SF3B6,CEP120,1,1
SF3B6,CEP250,1,1
SF3B6,CKLF,1,1
SF3B6,CNTROB,1,1
SF3B6,CYB5B,1,1
SF3B6,FAM178B,1,1
SF3B6,GRHPR,1,1
SF3B6,METTL10,1,1
SF3B6,MIER1,1,1
SF3B6,MRPL33,1,1
SF3B6,MRPS10,1,1
SF3B6,MRPS16,1,1
SF3B6,MRPS26,1,1
SF3B6,MYOF,1,1
SF3B6,NANP,1,1
SF3B6,NDUFA1,1,1
SF3B6,NELFE,1,1
SF3B6,NPEPPS,1,1
SF3B6,NRM,1,1
SF3B6,NXT1,1,1
SF3B6,PCLO,1,1
SF3B6,PKN2,1,1
SF3B6,PRRG4,1,1
SF3B6,RAB4A,1,1
SF3B6,RAB7A,1,1
SF3B6,RABGGTB,1,1
SF3B6,RNF113A,1,1
SF3B6,TRIM44,1,1
SF3B6,TXN,1,1
SF3B6,UBA6,1,1
SF3B6,UBE2J2,1,1
SF3B6,XRN2,1,1
SF3B6,ZBTB37,1,1
SF3B6,ZNF365,1,1
SF3B6,ZRANB2,1,1
NR2F2,ANXA3,1,1
NR2F2,BNIP1,1,1
NR2F2,C4ORF46,1,1
NR2F2,CDC123,1,1
NR2F2,CENPJ,1,1
NR2F2,CEP250,1,1
NR2F2,CHUK,1,1
NR2F2,CTNNAL1,1,1
NR2F2,DCAF6,1,1
NR2F2,DDX39B,1,1
NR2F2,ECD,1,1
NR2F2,EIF4E2,1,1
NR2F2,EXOSC8,1,1
NR2F2,GRHPR,1,1
NR2F2,GSK3A,1,1
NR2F2,HARS,1,1
NR2F2,HMGN1,1,1
NR2F2,KPNA3,1,1
NR2F2,MAGOH,1,1
NR2F2,MED29,1,1
NR2F2,MRPS16,1,1
NR2F2,MRPS26,1,1
NR2F2,NAF1,1,1
NR2F2,NUFIP1,1,1
NR2F2,PDF,1,1
NR2F2,PLAGL2,1,1
NR2F2,RAB4A,1,1
NR2F2,RABGGTB,1,1
NR2F2,RBMXL1,1,1
NR2F2,SAPCD2,1,1
NR2F2,SPRYD7,1,1
NR2F2,SUGT1,1,1
NR2F2,SUPV3L1,1,1
NR2F2,TIMM23,1,1
NR2F2,TRPM2,1,1
NR2F2,TSSC4,1,1
NR2F2,UBA6,1,1
NR2F2,VRK1,1,1
NR2F2,ZNF232,1,1
NR2F2,ZNF696,1,1
UBA2,ABCE1,1,1
UBA2,AKAP1,1,1
UBA2,B4GAT1,1,1
UBA2,CEBPZ,1,1
UBA2,CHERP,1,1
UBA2,DCAF13,1,1
UBA2,DDX18,1,1
UBA2,EIF2B1,1,1
UBA2,GINS1,1,1
UBA2,GRWD1,1,1
UBA2,IPO11,1,1
UBA2,KIAA0101,1,1
UBA2,KIF14,1,1
UBA2,MRPL9,1,1
UBA2,MSH2,1,1
UBA2,NBN,1,1
UBA2,PDRG1,1,1
UBA2,RAD23B,1,1
UBA2,RFC3,1,1
UBA2,RMI1,1,1
UBA2,RNF138,1,1
UBA2,SBNO1,1,1
UBA2,SKIV2L2,1,1
UBA2,SMC2,1,1
UBA2,SP3,1,1
UBA2,STIL,1,1
UBA2,TAF2,1,1
UBA2,TMEM205,1,1
UBA2,TPRKB,1,1
UBA2,TTC4,1,1
UBA2,TUBA1C,1,1
UBA2,VBP1,1,1
KIAA1586,ABCE1,1,1
KIAA1586,ANP32E,1,1
KIAA1586,C12ORF29,1,1
KIAA1586,CBFB,1,1
KIAA1586,CPSF6,1,1
KIAA1586,CSTF2,1,1
KIAA1586,DDX18,1,1
KIAA1586,DHRS7B,1,1
KIAA1586,DHX35,1,1
KIAA1586,ERI1,1,1
KIAA1586,ERVK3-1,1,1
KIAA1586,FAM136A,1,1
KIAA1586,FBXO45,1,1
KIAA1586,GMFB,1,1
KIAA1586,GTF3C4,1,1
KIAA1586,HNRNPU,1,1
KIAA1586,KLHL8,1,1
KIAA1586,LBR,1,1
KIAA1586,LLPH,1,1
KIAA1586,LMNB1,1,1
KIAA1586,MEGF8,1,1
KIAA1586,MRPL39,1,1
KIAA1586,MYNN,1,1
KIAA1586,PAK1IP1,1,1
KIAA1586,PCGF6,1,1
KIAA1586,PPP2R1B,1,1
KIAA1586,PSMC3,1,1
KIAA1586,PSMC6,1,1
KIAA1586,RAB4B,1,1
KIAA1586,RAD23B,1,1
KIAA1586,RELT,1,1
KIAA1586,RIOK1,1,1
KIAA1586,SACS,1,1
KIAA1586,SERBP1,1,1
KIAA1586,SNAPC1,1,1
KIAA1586,SOX10,1,1
KIAA1586,SPIN4,1,1
KIAA1586,SREK1IP1,1,1
KIAA1586,SYNCRIP,1,1
KIAA1586,TFB2M,1,1
KIAA1586,TIMM17A,1,1
KIAA1586,TIMM8A,1,1
KIAA1586,TPM3,1,1
KIAA1586,TRIP13,1,1
KIAA1586,UHRF1BP1L,1,1
KIAA1586,UTP23,1,1
KIAA1586,ZIC2,1,1
KIAA1586,ZNF695,1,1
KIAA1586,ZW10,1,1
SNAPC1,ANP32E,1,1
SNAPC1,ATRIP,1,1
SNAPC1,C12ORF29,1,1
SNAPC1,CCDC59,1,1
SNAPC1,CPSF6,1,1
SNAPC1,DHX35,1,1
SNAPC1,FAM136A,1,1
SNAPC1,FASTKD3,1,1
SNAPC1,FTSJ1,1,1
SNAPC1,GHDC,1,1
SNAPC1,IGF2BP1,1,1
SNAPC1,LBR,1,1
SNAPC1,MEGF8,1,1
SNAPC1,MRPL39,1,1
SNAPC1,MRPL50,1,1
SNAPC1,NASP,1,1
SNAPC1,PCGF6,1,1
SNAPC1,PM20D2,1,1
SNAPC1,PNN,1,1
SNAPC1,PSMC3,1,1
SNAPC1,PSMC6,1,1
SNAPC1,RIOK1,1,1
SNAPC1,SPIN4,1,1
SNAPC1,SYNCRIP,1,1
SNAPC1,TIMM8A,1,1
SNAPC1,UTP23,1,1
SNAPC1,WRN,1,1
SNAPC1,ZIC2,1,1
SNAPC1,ZNF215,1,1
SNAPC1,ZNF695,1,1
RFC3,AKAP1,1,1
RFC3,CDCA2,1,1
RFC3,CHERP,1,1
RFC3,DCAF10,1,1
RFC3,DCAF13,1,1
RFC3,GINS1,1,1
RFC3,GMNN,1,1
RFC3,IPO11,1,1
RFC3,KIAA0101,1,1
RFC3,KIF14,1,1
RFC3,MRPL9,1,1
RFC3,MSH2,1,1
RFC3,NBN,1,1
RFC3,ORC6,1,1
RFC3,PDRG1,1,1
RFC3,PRPS2,1,1
RFC3,RMI1,1,1
RFC3,SKIV2L2,1,1
RFC3,STIL,1,1
RFC3,TAF2,1,1
RFC3,TMEM205,1,1
RFC3,TPRKB,1,1
RFC3,TUBA1C,1,1
RFC3,VBP1,1,1
MRPL9,CHERP,1,1
MRPL9,CYB5D2,1,1
MRPL9,DCAF10,1,1
MRPL9,DCAF13,1,1
MRPL9,DDX18,1,1
MRPL9,EIF2B1,1,1
MRPL9,GINS1,1,1
MRPL9,GRWD1,1,1
MRPL9,IPO11,1,1
MRPL9,KIAA0101,1,1
MRPL9,KIF14,1,1
MRPL9,MSH2,1,1
MRPL9,ORC2,1,1
MRPL9,ORC6,1,1
MRPL9,PDRG1,1,1
MRPL9,PRPS2,1,1
MRPL9,RMI1,1,1
MRPL9,SKIV2L2,1,1
MRPL9,STIL,1,1
MRPL9,TAF2,1,1
MRPL9,TMEM205,1,1
MRPL9,TPRKB,1,1
MRPL9,TUBA1C,1,1
MRPL9,VBP1,1,1
PRKCI,ABCA5,1,1
PRKCI,ACSL4,1,1
PRKCI,ACTN1,1,1
PRKCI,ANXA1,1,1
PRKCI,ATP6AP1,1,1
PRKCI,CAAP1,1,1
PRKCI,CDH2,1,1
PRKCI,CFL2,1,1
PRKCI,CMPK1,1,1
PRKCI,CNPY3,1,1
PRKCI,CSTF2,1,1
PRKCI,CWC27,1,1
PRKCI,DHRS7B,1,1
PRKCI,DUSP10,1,1
PRKCI,EIF6,1,1
PRKCI,ERBB3,1,1
PRKCI,FAM199X,1,1
PRKCI,FAM60A,1,1
PRKCI,FARSA,1,1
PRKCI,FSD1,1,1
PRKCI,GADD45A,1,1
PRKCI,GHDC,1,1
PRKCI,GMFB,1,1
PRKCI,GPBP1L1,1,1
PRKCI,GSKIP,1,1
PRKCI,HS1BP3,1,1
PRKCI,ID1,1,1
PRKCI,IGF2BP1,1,1
PRKCI,KIAA0319L,1,1
PRKCI,KIAA1429,1,1
PRKCI,KLF15,1,1
PRKCI,KRT18,1,1
PRKCI,LBR,1,1
PRKCI,LINC01296,1,1
PRKCI,LLPH,1,1
PRKCI,MCFD2,1,1
PRKCI,MYNN,1,1
PRKCI,NDFIP2,1,1
PRKCI,PFDN2,1,1
PRKCI,PHIP,1,1
PRKCI,PLAUR,1,1
PRKCI,PPM1G,1,1
PRKCI,PPP2CA,1,1
PRKCI,PRKCDBP,1,1
PRKCI,PSMD4,1,1
PRKCI,PUS7L,1,1
PRKCI,RPS26,1,1
PRKCI,SCHIP1,1,1
PRKCI,SCPEP1,1,1
PRKCI,SEPT9,1,1
PRKCI,SERBP1,1,1
PRKCI,SLC2A4RG,1,1
PRKCI,SLC39A1,1,1
PRKCI,SMARCD1,1,1
PRKCI,SMN1,1,1
PRKCI,TIMM17A,1,1
PRKCI,TIMM8A,1,1
PRKCI,TMCO1,1,1
PRKCI,TMEM123,1,1
PRKCI,TMEM69,1,1
PRKCI,TNFRSF12A,1,1
PRKCI,TROVE2,1,1
PRKCI,TTC39C,1,1
PRKCI,VEZT,1,1
PRKCI,VMA21,1,1
PCTP,HARS,1,1
PCTP,NDUFA1,1,1
TIMM17A,ACSL4,1,1
TIMM17A,ACTN1,1,1
TIMM17A,AHI1,1,1
TIMM17A,ANP32E,1,1
TIMM17A,ANXA1,1,1
TIMM17A,ATP6AP1,1,1
TIMM17A,C12ORF29,1,1
TIMM17A,C16ORF91,1,1
TIMM17A,CDH2,1,1
TIMM17A,CFL2,1,1
TIMM17A,CMPK1,1,1
TIMM17A,CNOT3,1,1
TIMM17A,CNPY3,1,1
TIMM17A,COPS5,1,1
TIMM17A,CSTF2,1,1
TIMM17A,CWC27,1,1
TIMM17A,DHRS7B,1,1
TIMM17A,DHX35,1,1
TIMM17A,EID2,1,1
TIMM17A,EIF3M,1,1
TIMM17A,EIF6,1,1
TIMM17A,ERI1,1,1
TIMM17A,FAM136A,1,1
TIMM17A,FAM60A,1,1
TIMM17A,FAM69B,1,1
TIMM17A,FARSA,1,1
TIMM17A,FBXL4,1,1
TIMM17A,FBXO45,1,1
TIMM17A,FSD1,1,1
TIMM17A,FTSJ1,1,1
TIMM17A,FTSJ3,1,1
TIMM17A,GANAB,1,1
TIMM17A,GART,1,1
TIMM17A,GHDC,1,1
TIMM17A,GMFB,1,1
TIMM17A,GNE,1,1
TIMM17A,HS1BP3,1,1
TIMM17A,IGF2BP1,1,1
TIMM17A,KIAA0319L,1,1
TIMM17A,KIAA0586,1,1
TIMM17A,KMT5A,1,1
TIMM17A,KRT18,1,1
TIMM17A,LBR,1,1
TIMM17A,LINC01296,1,1
TIMM17A,LLPH,1,1
TIMM17A,MEGF8,1,1
TIMM17A,MMP24-AS1,1,1
TIMM17A,MRPL39,1,1
TIMM17A,MYNN,1,1
TIMM17A,NIPAL1,1,1
TIMM17A,PAK1IP1,1,1
TIMM17A,PCGF6,1,1
TIMM17A,PFDN2,1,1
TIMM17A,PLAUR,1,1
TIMM17A,POLR3E,1,1
TIMM17A,PPM1G,1,1
TIMM17A,PPP2CA,1,1
TIMM17A,PRKCDBP,1,1
TIMM17A,PRPF38A,1,1
TIMM17A,PSMC3,1,1
TIMM17A,PSMC6,1,1
TIMM17A,PTPRB,1,1
TIMM17A,PUS7L,1,1
TIMM17A,RAB4B,1,1
TIMM17A,RARS,1,1
TIMM17A,RLIM,1,1
TIMM17A,RPS26,1,1
TIMM17A,RRP12,1,1
TIMM17A,SACS,1,1
TIMM17A,SCPEP1,1,1
TIMM17A,SEPT9,1,1
TIMM17A,SERBP1,1,1
TIMM17A,SLC2A4RG,1,1
TIMM17A,SLC39A1,1,1
TIMM17A,SMARCD1,1,1
TIMM17A,SMN1,1,1
TIMM17A,SNRPE,1,1
TIMM17A,SOX10,1,1
TIMM17A,SPIN4,1,1
TIMM17A,SREK1IP1,1,1
TIMM17A,SYNCRIP,1,1
TIMM17A,TFB2M,1,1
TIMM17A,TIMM8A,1,1
TIMM17A,TMA16,1,1
TIMM17A,TMCO1,1,1
TIMM17A,TMEM123,1,1
TIMM17A,TNFRSF12A,1,1
TIMM17A,TPM3,1,1
TIMM17A,TRIP13,1,1
TIMM17A,TROVE2,1,1
TIMM17A,TTC39C,1,1
TIMM17A,UBE2C,1,1
TIMM17A,UTP23,1,1
TIMM17A,VEZT,1,1
TIMM17A,VMA21,1,1
TIMM17A,WDR74,1,1
TIMM17A,WRN,1,1
TIMM17A,ZIC2,1,1
TIMM17A,ZNF281,1,1
TIMM17A,ZNF695,1,1
ADAM19,AC009237.8,1,1
ADAM19,CLIC1,1,1
ADAM19,FSD1,1,1
ADAM19,NDFIP2,1,1
ADAM19,TIMM17B,1,1
MIS18A,ABHD5,1,1
MIS18A,ANP32E,1,1
MIS18A,BNIP1,1,1
MIS18A,CCNA2,1,1
MIS18A,CDCA5,1,1
MIS18A,CENPJ,1,1
MIS18A,CKS1B,1,1
MIS18A,CSTF2,1,1
MIS18A,DDX18,1,1
MIS18A,DEK,1,1
MIS18A,DHX35,1,1
MIS18A,DUT,1,1
MIS18A,ERI1,1,1
MIS18A,FBXO45,1,1
MIS18A,IFI44,1,1
MIS18A,KIAA0101,1,1
MIS18A,KIAA1429,1,1
MIS18A,KIF14,1,1
MIS18A,LBR,1,1
MIS18A,LMNB1,1,1
MIS18A,MAGOH,1,1
MIS18A,MCM10,1,1
MIS18A,MCM2,1,1
MIS18A,MEGF8,1,1
MIS18A,MMP24-AS1,1,1
MIS18A,NAA15,1,1
MIS18A,NUP107,1,1
MIS18A,PAK1IP1,1,1
MIS18A,PCGF6,1,1
MIS18A,PDSS1,1,1
MIS18A,PLK4,1,1
MIS18A,POLE3,1,1
MIS18A,PPM1G,1,1
MIS18A,PSMC3,1,1
MIS18A,RARS,1,1
MIS18A,RP11-424C20.2,1,1
MIS18A,SAPCD2,1,1
MIS18A,SERBP1,1,1
MIS18A,SKA3,1,1
MIS18A,SNRPE,1,1
MIS18A,SVIP,1,1
MIS18A,TIMM8A,1,1
MIS18A,TRIP13,1,1
MIS18A,UBE2C,1,1
MIS18A,UHRF1BP1L,1,1
MIS18A,USP1,1,1
MIS18A,VRK1,1,1
MIS18A,ZIC2,1,1
MIS18A,ZNF281,1,1
MIS18A,ZNF695,1,1
MIS18A,ZW10,1,1
TMA16,AHI1,1,1
TMA16,CDC123,1,1
TMA16,CDC42EP2,1,1
TMA16,CDH2,1,1
TMA16,CFL2,1,1
TMA16,CNOT7,1,1
TMA16,COPS5,1,1
TMA16,CRIM1,1,1
TMA16,CSTF2,1,1
TMA16,DHRS7B,1,1
TMA16,DHX35,1,1
TMA16,EID2,1,1
TMA16,EIF3M,1,1
TMA16,ERI1,1,1
TMA16,FBXO45,1,1
TMA16,FEM1A,1,1
TMA16,FTSJ1,1,1
TMA16,FTSJ3,1,1
TMA16,GART,1,1
TMA16,GTF3C4,1,1
TMA16,HARS,1,1
TMA16,KIAA0319L,1,1
TMA16,KIAA0586,1,1
TMA16,KLHL18,1,1
TMA16,KRT18,1,1
TMA16,LBR,1,1
TMA16,LLPH,1,1
TMA16,MAGOH,1,1
TMA16,MCM10,1,1
TMA16,MCM2,1,1
TMA16,MMP24-AS1,1,1
TMA16,MRPL39,1,1
TMA16,NIPAL1,1,1
TMA16,NUFIP1,1,1
TMA16,NUP107,1,1
TMA16,PAK1IP1,1,1
TMA16,PDF,1,1
TMA16,PFDN2,1,1
TMA16,PLAUR,1,1
TMA16,PPM1G,1,1
TMA16,PPP2R1B,1,1
TMA16,PPWD1,1,1
TMA16,PRPF38A,1,1
TMA16,PSMC3,1,1
TMA16,PSMC6,1,1
TMA16,PTPRB,1,1
TMA16,PUS7L,1,1
TMA16,RARS,1,1
TMA16,RIOK1,1,1
TMA16,RP11-424C20.2,1,1
TMA16,RRP12,1,1
TMA16,SACS,1,1
TMA16,SAPCD2,1,1
TMA16,SERBP1,1,1
TMA16,SNRPE,1,1
TMA16,SPIN4,1,1
TMA16,SREK1IP1,1,1
TMA16,TIMM23,1,1
TMA16,TMCO1,1,1
TMA16,TNFRSF12A,1,1
TMA16,TRIP13,1,1
TMA16,WDR74,1,1
TMA16,WRN,1,1
TMA16,ZNF281,1,1
TMA16,ZPR1,1,1
GRHPR,AHI1,1,1
GRHPR,ANKRD33B,1,1
GRHPR,ANXA3,1,1
GRHPR,C19ORF47,1,1
GRHPR,CDK4,1,1
GRHPR,CEP250,1,1
GRHPR,CTNNAL1,1,1
GRHPR,DDX39B,1,1
GRHPR,EIF4E2,1,1
GRHPR,EIF6,1,1
GRHPR,FAM60A,1,1
GRHPR,GPAT3,1,1
GRHPR,HARS,1,1
GRHPR,KIAA1429,1,1
GRHPR,KMT5A,1,1
GRHPR,KPNA3,1,1
GRHPR,LINC01296,1,1
GRHPR,MED29,1,1
GRHPR,MIER1,1,1
GRHPR,MRPL33,1,1
GRHPR,MRPS10,1,1
GRHPR,MRPS26,1,1
GRHPR,MYOF,1,1
GRHPR,MYSM1,1,1
GRHPR,NANP,1,1
GRHPR,NDUFA1,1,1
GRHPR,NELFE,1,1
GRHPR,NPEPPS,1,1
GRHPR,NUDCD1,1,1
GRHPR,NXT1,1,1
GRHPR,PDF,1,1
GRHPR,PLAGL2,1,1
GRHPR,PPM1G,1,1
GRHPR,PUS7L,1,1
GRHPR,RAB4A,1,1
GRHPR,RARS,1,1
GRHPR,RBMXL1,1,1
GRHPR,SNRPE,1,1
GRHPR,TIMM23,1,1
GRHPR,TRPM2,1,1
GRHPR,TSSC4,1,1
GRHPR,UBA6,1,1
GRHPR,UBE2J2,1,1
GRHPR,UBL4A,1,1
GRHPR,ZNF281,1,1
GRHPR,ZNF473,1,1
GRHPR,ZNF655,1,1
GRHPR,ZNF696,1,1
PTBP3,EXOC5,1,1
MAN2A2,ABCA5,1,1
MAN2A2,ACSL4,1,1
MAN2A2,CLPTM1L,1,1
MAN2A2,F8A3,1,1
MAN2A2,FAM69B,1,1
MAN2A2,IGF2BP1,1,1
MAN2A2,ISY1,1,1
MAN2A2,MICALL1,1,1
MAN2A2,MNAT1,1,1
MAN2A2,PSMB5,1,1
MAN2A2,RLIM,1,1
MAN2A2,RPS26,1,1
MAN2A2,RTP4,1,1
MAN2A2,TROVE2,1,1
MAN2A2,VEZT,1,1
MAN2A2,ZNF678,1,1
TTC39C,ABCA5,1,1
TTC39C,ACSL4,1,1
TTC39C,ANXA1,1,1
TTC39C,ATP6AP1,1,1
TTC39C,CDH2,1,1
TTC39C,CFL2,1,1
TTC39C,CMPK1,1,1
TTC39C,CWC27,1,1
TTC39C,EIF3G,1,1
TTC39C,FAM69B,1,1
TTC39C,FARSA,1,1
TTC39C,FBXL4,1,1
TTC39C,FSD1,1,1
TTC39C,GHDC,1,1
TTC39C,GLB1,1,1
TTC39C,HS1BP3,1,1
TTC39C,ID1,1,1
TTC39C,IGF2BP1,1,1
TTC39C,KIAA0319L,1,1
TTC39C,MYNN,1,1
TTC39C,PLAUR,1,1
TTC39C,PSMD4,1,1
TTC39C,RTP4,1,1
TTC39C,SEPT9,1,1
TTC39C,SMN1,1,1
TTC39C,TMEM69,1,1
TTC39C,TROVE2,1,1
TTC39C,VMA21,1,1
TTC39C,ZHX3,1,1
TTC39C,ZNF678,1,1
ZNF365,CDKN2A,1,1
ZNF365,GADD45A,1,1
ZNF365,GNG4,1,1
ZNF365,GPAT3,1,1
ZNF365,HLA-DRA,1,1
ZNF365,MYOF,1,1
ZNF365,NDUFA1,1,1
ZNF365,NELFE,1,1
ZNF365,RPS21,1,1
MTATP6P1,KLF15,1,1
MTATP6P1,VMA21,1,1
DCLRE1A,C4ORF46,1,1
DCLRE1A,CENPJ,1,1
DCLRE1A,HMGN1,1,1
DCLRE1A,LARP1B,1,1
DCLRE1A,METTL10,1,1
ZW10,ABCE1,1,1
ZW10,ABCF1,1,1
ZW10,CCNA2,1,1
ZW10,CDCA5,1,1
ZW10,CEBPZ,1,1
ZW10,CHEK1,1,1
ZW10,CKS1B,1,1
ZW10,CSTF2,1,1
ZW10,DDX18,1,1
ZW10,DDX31,1,1
ZW10,DEK,1,1
ZW10,EIF4E2,1,1
ZW10,ENY2,1,1
ZW10,ERI1,1,1
ZW10,ERVK3-1,1,1
ZW10,FBXO45,1,1
ZW10,GTF3C4,1,1
ZW10,HARS,1,1
ZW10,HNRNPU,1,1
ZW10,KIAA0101,1,1
ZW10,KIAA1429,1,1
ZW10,KIF11,1,1
ZW10,KIF14,1,1
ZW10,KLHL8,1,1
ZW10,KMT5A,1,1
ZW10,LBR,1,1
ZW10,LMNB1,1,1
ZW10,MAGOH,1,1
ZW10,MCM10,1,1
ZW10,MCM2,1,1
ZW10,MEGF8,1,1
ZW10,NAA15,1,1
ZW10,NAA20,1,1
ZW10,NOLC1,1,1
ZW10,NUP107,1,1
ZW10,PAK1IP1,1,1
ZW10,PCGF6,1,1
ZW10,PDRG1,1,1
ZW10,PDSS1,1,1
ZW10,PLK4,1,1
ZW10,POLE3,1,1
ZW10,PPM1G,1,1
ZW10,PPP2CA,1,1
ZW10,PRPS2,1,1
ZW10,PSMC3,1,1
ZW10,RAB35,1,1
ZW10,RAB4B,1,1
ZW10,RARS,1,1
ZW10,RIOK1,1,1
ZW10,RRP36,1,1
ZW10,SAPCD2,1,1
ZW10,SERBP1,1,1
ZW10,SKA3,1,1
ZW10,SMC2,1,1
ZW10,SRSF1,1,1
ZW10,SYNCRIP,1,1
ZW10,TFB2M,1,1
ZW10,TPM3,1,1
ZW10,TRIP13,1,1
ZW10,UBE2C,1,1
ZW10,UHRF1BP1L,1,1
ZW10,USP1,1,1
ZW10,UTP23,1,1
ZW10,VRK1,1,1
ZW10,ZNF473,1,1
ZW10,ZNF695,1,1
MCFD2,ABCA5,1,1
MCFD2,ANXA1,1,1
MCFD2,C14ORF159,1,1
MCFD2,CDH2,1,1
MCFD2,CLIC1,1,1
MCFD2,ERRFI1,1,1
MCFD2,FAM69B,1,1
MCFD2,FARSA,1,1
MCFD2,FSD1,1,1
MCFD2,GSKIP,1,1
MCFD2,ID1,1,1
MCFD2,PHLDA2,1,1
MCFD2,PLAUR,1,1
MCFD2,PPP1R14BP3,1,1
MCFD2,PRKCDBP,1,1
MCFD2,SEPT9,1,1
MCFD2,SLC2A4RG,1,1
MCFD2,SMARCD1,1,1
MCFD2,SMN1,1,1
MCFD2,TMCO1,1,1
MCFD2,TNFRSF12A,1,1
RAD51AP1,BUB1B,1,1
RAD51AP1,CDCA2,1,1
RAD51AP1,CEP152,1,1
RAD51AP1,CHAF1B,1,1
RAD51AP1,CHEK1,1,1
RAD51AP1,FANCA,1,1
RAD51AP1,HSP90AA1,1,1
RAD51AP1,KIAA1524,1,1
RAD51AP1,KIF14,1,1
RAD51AP1,L2HGDH,1,1
RAD51AP1,MEGF8,1,1
RAD51AP1,PPP5C,1,1
RAD51AP1,RMI1,1,1
RAD51AP1,SNRPF,1,1
RAD51AP1,TEAD4,1,1
RAD51AP1,TUBA1C,1,1
RAD51AP1,USP10,1,1
RAD51AP1,VBP1,1,1
RNF38,C16ORF91,1,1
RNF38,CNPY3,1,1
RNF38,GNE,1,1
RNF38,KIF3A,1,1
RNF38,PTPN3,1,1
RNF38,SEPT9,1,1
RNF38,SERINC1,1,1
RNF38,SLC2A4RG,1,1
RNF38,SMN1,1,1
GOLGA3,GPM6B,1,1
GOLGA3,ITGAE,1,1
NSRP1,GRB2,1,1
NSRP1,TCEAL9,1,1
SYNCRIP,ABCE1,1,1
SYNCRIP,ACTN1,1,1
SYNCRIP,AHCTF1,1,1
SYNCRIP,ANP32E,1,1
SYNCRIP,CBFB,1,1
SYNCRIP,CCT2,1,1
SYNCRIP,CPSF6,1,1
SYNCRIP,CSTF2,1,1
SYNCRIP,DDX18,1,1
SYNCRIP,DHRS7B,1,1
SYNCRIP,DHX35,1,1
SYNCRIP,EIF3J,1,1
SYNCRIP,ERI1,1,1
SYNCRIP,ERVK3-1,1,1
SYNCRIP,FAM136A,1,1
SYNCRIP,FBXO45,1,1
SYNCRIP,GRWD1,1,1
SYNCRIP,GTF3C4,1,1
SYNCRIP,HNRNPU,1,1
SYNCRIP,HSP90AA1,1,1
SYNCRIP,KIAA0101,1,1
SYNCRIP,KIF14,1,1
SYNCRIP,KLHL8,1,1
SYNCRIP,LBR,1,1
SYNCRIP,LLPH,1,1
SYNCRIP,LMNB1,1,1
SYNCRIP,MEGF8,1,1
SYNCRIP,MRPL39,1,1
SYNCRIP,NAA15,1,1
SYNCRIP,NOLC1,1,1
SYNCRIP,NUP107,1,1
SYNCRIP,PAK1IP1,1,1
SYNCRIP,PCGF6,1,1
SYNCRIP,POLE3,1,1
SYNCRIP,PPM1G,1,1
SYNCRIP,PPP2CA,1,1
SYNCRIP,PSMC3,1,1
SYNCRIP,PSMC6,1,1
SYNCRIP,PTS,1,1
SYNCRIP,RAD23B,1,1
SYNCRIP,RELT,1,1
SYNCRIP,RIOK1,1,1
SYNCRIP,RMI1,1,1
SYNCRIP,RNASEK,1,1
SYNCRIP,RNF126,1,1
SYNCRIP,RNF138,1,1
SYNCRIP,RRP12,1,1
SYNCRIP,RRP36,1,1
SYNCRIP,SACS,1,1
SYNCRIP,SERBP1,1,1
SYNCRIP,SMAGP,1,1
SYNCRIP,SOX10,1,1
SYNCRIP,SPIN4,1,1
SYNCRIP,SREK1IP1,1,1
SYNCRIP,SRSF1,1,1
SYNCRIP,TFB2M,1,1
SYNCRIP,TIMM8A,1,1
SYNCRIP,TPM3,1,1
SYNCRIP,TRIP13,1,1
SYNCRIP,UBE2C,1,1
SYNCRIP,UHRF1BP1L,1,1
SYNCRIP,USP1,1,1
SYNCRIP,UTP23,1,1
SYNCRIP,ZIC2,1,1
SYNCRIP,ZNF598,1,1
SYNCRIP,ZNF695,1,1
ACSL4,ABCA5,1,1
ACSL4,ANXA1,1,1
ACSL4,C16ORF91,1,1
ACSL4,CAAP1,1,1
ACSL4,CDH2,1,1
ACSL4,CFL2,1,1
ACSL4,CMPK1,1,1
ACSL4,CNPY3,1,1
ACSL4,CWC27,1,1
ACSL4,DHRS7B,1,1
ACSL4,ERBB3,1,1
ACSL4,FAM199X,1,1
ACSL4,FAM69B,1,1
ACSL4,GANAB,1,1
ACSL4,GHDC,1,1
ACSL4,GMFB,1,1
ACSL4,HS1BP3,1,1
ACSL4,ID1,1,1
ACSL4,IGF2BP1,1,1
ACSL4,ISY1,1,1
ACSL4,KIAA0319L,1,1
ACSL4,KIAA0586,1,1
ACSL4,MICALL1,1,1
ACSL4,MNAT1,1,1
ACSL4,MYNN,1,1
ACSL4,NIPAL1,1,1
ACSL4,PLAUR,1,1
ACSL4,PPP1R14BP3,1,1
ACSL4,PTPRB,1,1
ACSL4,RLIM,1,1
ACSL4,RPS26,1,1
ACSL4,SEPT9,1,1
ACSL4,SLC2A4RG,1,1
ACSL4,SMN1,1,1
ACSL4,TROVE2,1,1
ACSL4,VEZT,1,1
ACSL4,VMA21,1,1
ACSL4,ZNF678,1,1
HS1BP3,ANXA1,1,1
HS1BP3,ANXA4,1,1
HS1BP3,C16ORF91,1,1
HS1BP3,CDC42EP2,1,1
HS1BP3,CDH2,1,1
HS1BP3,CFL2,1,1
HS1BP3,CMPK1,1,1
HS1BP3,CNOT3,1,1
HS1BP3,CNPY3,1,1
HS1BP3,COPS5,1,1
HS1BP3,DHRS7B,1,1
HS1BP3,EIF3M,1,1
HS1BP3,FAM69B,1,1
HS1BP3,FARSA,1,1
HS1BP3,FBXL4,1,1
HS1BP3,FTSJ1,1,1
HS1BP3,FTSJ3,1,1
HS1BP3,GHDC,1,1
HS1BP3,GNE,1,1
HS1BP3,ID1,1,1
HS1BP3,IGF2BP1,1,1
HS1BP3,KIAA0319L,1,1
HS1BP3,KIF3A,1,1
HS1BP3,KRT18,1,1
HS1BP3,LARGE1,1,1
HS1BP3,LBR,1,1
HS1BP3,MYNN,1,1
HS1BP3,NAP1L1,1,1
HS1BP3,NIPAL1,1,1
HS1BP3,PHLDA2,1,1
HS1BP3,PLAUR,1,1
HS1BP3,PPP1R14BP3,1,1
HS1BP3,PRKCDBP,1,1
HS1BP3,PSMB5,1,1
HS1BP3,PSMC3,1,1
HS1BP3,SACS,1,1
HS1BP3,SCPEP1,1,1
HS1BP3,SEPT9,1,1
HS1BP3,SERINC1,1,1
HS1BP3,SLC2A4RG,1,1
HS1BP3,SMN1,1,1
HS1BP3,SPIN4,1,1
HS1BP3,TMCO1,1,1
HS1BP3,TNFRSF12A,1,1
HS1BP3,TROVE2,1,1
HS1BP3,VAT1,1,1
HS1BP3,VMA21,1,1
HS1BP3,WDR18,1,1
HS1BP3,WDR74,1,1
CACTIN,PLEKHA8,1,1
CACTIN,RP11-424C20.2,1,1
LARGE1,ANXA1,1,1
LARGE1,C16ORF91,1,1
LARGE1,CDC42EP2,1,1
LARGE1,CDH2,1,1
LARGE1,CFL2,1,1
LARGE1,COPS5,1,1
LARGE1,FTSJ1,1,1
LARGE1,FTSJ3,1,1
LARGE1,IGF2BP1,1,1
LARGE1,JTB,1,1
LARGE1,KIAA0319L,1,1
LARGE1,KIF3A,1,1
LARGE1,KRT18,1,1
LARGE1,MYNN,1,1
LARGE1,NIPAL1,1,1
LARGE1,PLAUR,1,1
LARGE1,POLB,1,1
LARGE1,PSMB5,1,1
LARGE1,PTPN3,1,1
LARGE1,PTPRB,1,1
LARGE1,SCPEP1,1,1
LARGE1,SEPT9,1,1
LARGE1,SLC2A4RG,1,1
LARGE1,SMN1,1,1
LARGE1,TNFRSF12A,1,1
LARGE1,WDR74,1,1
RMI1,ABCE1,1,1
RMI1,AKAP1,1,1
RMI1,CCNA2,1,1
RMI1,CCT2,1,1
RMI1,CDCA2,1,1
RMI1,CEBPZ,1,1
RMI1,CHEK1,1,1
RMI1,CPSF6,1,1
RMI1,DCAF10,1,1
RMI1,DDX18,1,1
RMI1,GINS1,1,1
RMI1,GRWD1,1,1
RMI1,HSP90AA1,1,1
RMI1,IPO11,1,1
RMI1,KIAA0101,1,1
RMI1,KIF14,1,1
RMI1,KLHL8,1,1
RMI1,L2HGDH,1,1
RMI1,LMNB1,1,1
RMI1,MEGF8,1,1
RMI1,MSH2,1,1
RMI1,NBN,1,1
RMI1,NOLC1,1,1
RMI1,ORC6,1,1
RMI1,PDRG1,1,1
RMI1,PRPS2,1,1
RMI1,RAD23B,1,1
RMI1,RELT,1,1
RMI1,RNF126,1,1
RMI1,SKIV2L2,1,1
RMI1,SMAGP,1,1
RMI1,SMC2,1,1
RMI1,STIL,1,1
RMI1,TFB2M,1,1
RMI1,TMEM205,1,1
RMI1,TTC4,1,1
RMI1,TUBA1C,1,1
RMI1,UHRF1BP1L,1,1
RMI1,USP10,1,1
RMI1,VBP1,1,1
RMI1,ZNF695,1,1
TNFRSF12A,AHI1,1,1
TNFRSF12A,ANXA1,1,1
TNFRSF12A,CDC42EP2,1,1
TNFRSF12A,CDH2,1,1
TNFRSF12A,CFL2,1,1
TNFRSF12A,CNOT3,1,1
TNFRSF12A,COPS5,1,1
TNFRSF12A,CSTF2,1,1
TNFRSF12A,DHRS7B,1,1
TNFRSF12A,EIF3M,1,1
TNFRSF12A,FAM69B,1,1
TNFRSF12A,FARSA,1,1
TNFRSF12A,FBXO45,1,1
TNFRSF12A,FSD1,1,1
TNFRSF12A,FTSJ1,1,1
TNFRSF12A,FTSJ3,1,1
TNFRSF12A,GART,1,1
TNFRSF12A,GSKIP,1,1
TNFRSF12A,IGF2BP1,1,1
TNFRSF12A,ITM2C,1,1
TNFRSF12A,KIAA0319L,1,1
TNFRSF12A,KRT18,1,1
TNFRSF12A,LINC01296,1,1
TNFRSF12A,LLPH,1,1
TNFRSF12A,MRPL39,1,1
TNFRSF12A,PFDN2,1,1
TNFRSF12A,PHLDA2,1,1
TNFRSF12A,PLAUR,1,1
TNFRSF12A,PRKCDBP,1,1
TNFRSF12A,PSMC3,1,1
TNFRSF12A,RRP12,1,1
TNFRSF12A,SCPEP1,1,1
TNFRSF12A,SEPT9,1,1
TNFRSF12A,SLC2A4RG,1,1
TNFRSF12A,SMARCD1,1,1
TNFRSF12A,SMN1,1,1
TNFRSF12A,SPIN4,1,1
TNFRSF12A,SREK1IP1,1,1
TNFRSF12A,TMCO1,1,1
TNFRSF12A,TROVE2,1,1
TNFRSF12A,WDR74,1,1
TNFRSF12A,ZPR1,1,1
PJA1,C12ORF75,1,1
PJA1,DCAF6,1,1
PJA1,DDX39B,1,1
PJA1,ENY2,1,1
PJA1,EXOSC8,1,1
PJA1,HMGN1,1,1
PJA1,MRPS14,1,1
PJA1,MRPS26,1,1
PJA1,NDUFC2,1,1
PJA1,NPM3,1,1
PJA1,NXT1,1,1
PJA1,PLEKHA8,1,1
PJA1,RAB7A,1,1
PJA1,RABGGTB,1,1
PJA1,RNF113A,1,1
SLC39A1,ANXA1,1,1
SLC39A1,ATP6AP1,1,1
SLC39A1,CDH2,1,1
SLC39A1,CSTF2,1,1
SLC39A1,EIF6,1,1
SLC39A1,ERBB3,1,1
SLC39A1,FARSA,1,1
SLC39A1,FSD1,1,1
SLC39A1,GNE,1,1
SLC39A1,GPBP1L1,1,1
SLC39A1,KRT18,1,1
SLC39A1,LINC01296,1,1
SLC39A1,PFDN2,1,1
SLC39A1,PSMD4,1,1
SLC39A1,RPS26,1,1
SLC39A1,SEPT9,1,1
SLC39A1,SLC2A4RG,1,1
SLC39A1,TIMM17B,1,1
SLC39A1,TMEM69,1,1
SLC39A1,TTC28,1,1
SLC39A1,UBE2C,1,1
SLC39A1,VMA21,1,1
EXOC5,CAAP1,1,1
EXOC5,ERI1,1,1
EXOC5,FAM199X,1,1
EXOC5,KIAA1429,1,1
EXOC5,LLPH,1,1
EXOC5,MAP3K7,1,1
EXOC5,MIER1,1,1
EXOC5,PHIP,1,1
EXOC5,PUS7L,1,1
EXOC5,ZNF281,1,1
LPIN3,GANAB,1,1
LPIN3,RAB4B,1,1
KHK,ANXA3,1,1
KHK,ASPHD2,1,1
KHK,CEP250,1,1
KHK,CHUK,1,1
KHK,CRNKL1,1,1
KHK,ENOX2,1,1
KHK,G6PC3,1,1
KHK,MED29,1,1
KHK,MRPS16,1,1
KHK,MRPS26,1,1
KHK,NRM,1,1
KHK,OSER1,1,1
KHK,PLEKHG4,1,1
KHK,RAB4A,1,1
KHK,TIFA,1,1
KHK,ZNF232,1,1
RLIM,ANP32E,1,1
RLIM,CFL2,1,1
RLIM,CNPY3,1,1
RLIM,CWC27,1,1
RLIM,DHRS7B,1,1
RLIM,GHDC,1,1
RLIM,GMFB,1,1
RLIM,IGF2BP1,1,1
RLIM,KIAA0319L,1,1
RLIM,LBR,1,1
RLIM,MEGF8,1,1
RLIM,MYNN,1,1
RLIM,NRGN,1,1
RLIM,PM20D2,1,1
RLIM,SPIN4,1,1
RLIM,TIMM8A,1,1
RLIM,TROVE2,1,1
RLIM,VEZT,1,1
RLIM,ZNF215,1,1
RLIM,ZNF678,1,1
FSD1,ANKRD33B,1,1
FSD1,ANXA1,1,1
FSD1,ATP6AP1,1,1
FSD1,C14ORF159,1,1
FSD1,CDH2,1,1
FSD1,CFL2,1,1
FSD1,CLIC1,1,1
FSD1,CMPK1,1,1
FSD1,DUSP10,1,1
FSD1,EIF3G,1,1
FSD1,EIF6,1,1
FSD1,EMD,1,1
FSD1,ERBB3,1,1
FSD1,FAM199X,1,1
FSD1,FAM60A,1,1
FSD1,FARSA,1,1
FSD1,GADD45A,1,1
FSD1,GNE,1,1
FSD1,GPBP1L1,1,1
FSD1,ITGAE,1,1
FSD1,KRT18,1,1
FSD1,LINC01296,1,1
FSD1,LPGAT1,1,1
FSD1,NDFIP2,1,1
FSD1,NDUFA1,1,1
FSD1,PFDN2,1,1
FSD1,PPM1G,1,1
FSD1,PRKCDBP,1,1
FSD1,PSMD4,1,1
FSD1,PTPN3,1,1
FSD1,PUS7L,1,1
FSD1,RNF13,1,1
FSD1,RPS21,1,1
FSD1,RPS26,1,1
FSD1,SCHIP1,1,1
FSD1,SCPEP1,1,1
FSD1,SEPT9,1,1
FSD1,SLC2A4RG,1,1
FSD1,SMARCD1,1,1
FSD1,SMN1,1,1
FSD1,TIMM17B,1,1
FSD1,TMEM123,1,1
FSD1,TMEM69,1,1
FSD1,VMA21,1,1
TIMM8A,AHCTF1,1,1
TIMM8A,ANP32E,1,1
TIMM8A,ATP6AP1,1,1
TIMM8A,BUB1B,1,1
TIMM8A,C12ORF29,1,1
TIMM8A,CFL2,1,1
TIMM8A,CNPY3,1,1
TIMM8A,CPSF6,1,1
TIMM8A,CSTF2,1,1
TIMM8A,CWC27,1,1
TIMM8A,DDX18,1,1
TIMM8A,DHRS7B,1,1
TIMM8A,DHX35,1,1
TIMM8A,DPF1,1,1
TIMM8A,EIF3M,1,1
TIMM8A,ERI1,1,1
TIMM8A,ERVK3-1,1,1
TIMM8A,FAM136A,1,1
TIMM8A,FBXL4,1,1
TIMM8A,FBXO45,1,1
TIMM8A,FTSJ1,1,1
TIMM8A,FTSJ3,1,1
TIMM8A,GHDC,1,1
TIMM8A,HDAC3,1,1
TIMM8A,HNRNPU,1,1
TIMM8A,IGF2BP1,1,1
TIMM8A,KIAA0319L,1,1
TIMM8A,KIF14,1,1
TIMM8A,KLHL8,1,1
TIMM8A,KRT18,1,1
TIMM8A,LBR,1,1
TIMM8A,LLPH,1,1
TIMM8A,LMNB1,1,1
TIMM8A,MCM2,1,1
TIMM8A,MEGF8,1,1
TIMM8A,MRPL39,1,1
TIMM8A,MYNN,1,1
TIMM8A,NASP,1,1
TIMM8A,NRGN,1,1
TIMM8A,NUP107,1,1
TIMM8A,PAK1IP1,1,1
TIMM8A,PCGF6,1,1
TIMM8A,POLR3E,1,1
TIMM8A,PPM1G,1,1
TIMM8A,PPP2CA,1,1
TIMM8A,PSMC3,1,1
TIMM8A,PSMC6,1,1
TIMM8A,RAD23B,1,1
TIMM8A,RELT,1,1
TIMM8A,RNF126,1,1
TIMM8A,SERBP1,1,1
TIMM8A,SOX10,1,1
TIMM8A,SPIN4,1,1
TIMM8A,TBPL1,1,1
TIMM8A,TFB2M,1,1
TIMM8A,TMEM69,1,1
TIMM8A,TPM3,1,1
TIMM8A,TRIP13,1,1
TIMM8A,UBE2C,1,1
TIMM8A,UHRF1BP1L,1,1
TIMM8A,UTP23,1,1
TIMM8A,WDR74,1,1
TIMM8A,ZIC2,1,1
TIMM8A,ZNF215,1,1
TIMM8A,ZNF695,1,1
XRN2,AP1M1,1,1
XRN2,ARFIP2,1,1
XRN2,BCCIP,1,1
XRN2,C19ORF47,1,1
XRN2,C5ORF42,1,1
XRN2,CDK4,1,1
XRN2,CEP250,1,1
XRN2,CKLF,1,1
XRN2,CKS1B,1,1
XRN2,CWC22,1,1
XRN2,CYB5B,1,1
XRN2,DCAF13,1,1
XRN2,GPATCH11,1,1
XRN2,KTI12,1,1
XRN2,MRPL22,1,1
XRN2,MRPS10,1,1
XRN2,MRPS26,1,1
XRN2,MTF2,1,1
XRN2,MYOF,1,1
XRN2,NANP,1,1
XRN2,NPEPPS,1,1
XRN2,NUDCD1,1,1
XRN2,NXT1,1,1
XRN2,ORC2,1,1
XRN2,PCLO,1,1
XRN2,PDSS1,1,1
XRN2,POMP,1,1
XRN2,PRELID1,1,1
XRN2,TAF2,1,1
XRN2,TTC1,1,1
XRN2,TXN,1,1
XRN2,UBA6,1,1
XRN2,UBE2J2,1,1
XRN2,ZBTB37,1,1
XRN2,ZRANB2,1,1
FANCA,BUB1B,1,1
FANCA,CDCA2,1,1
FANCA,CHAF1B,1,1
FANCA,PPP5C,1,1
EXOSC8,ANXA3,1,1
EXOSC8,ATG12,1,1
EXOSC8,BNIP1,1,1
EXOSC8,C12ORF75,1,1
EXOSC8,C4ORF46,1,1
EXOSC8,CDC123,1,1
EXOSC8,CENPJ,1,1
EXOSC8,CEP250,1,1
EXOSC8,CHUK,1,1
EXOSC8,CTNNAL1,1,1
EXOSC8,DCAF6,1,1
EXOSC8,DDX39B,1,1
EXOSC8,DEK,1,1
EXOSC8,DNAJC9,1,1
EXOSC8,ENY2,1,1
EXOSC8,HMGN1,1,1
EXOSC8,KPNA3,1,1
EXOSC8,MAGOH,1,1
EXOSC8,MED29,1,1
EXOSC8,MRPL33,1,1
EXOSC8,MRPS10,1,1
EXOSC8,MRPS16,1,1
EXOSC8,MRPS26,1,1
EXOSC8,NAF1,1,1
EXOSC8,PLAGL2,1,1
EXOSC8,PRRG4,1,1
EXOSC8,RAB4A,1,1
EXOSC8,RABGGTB,1,1
EXOSC8,RAD1,1,1
EXOSC8,RBMXL1,1,1
EXOSC8,SAPCD2,1,1
EXOSC8,SKA3,1,1
EXOSC8,SPRYD7,1,1
EXOSC8,SUGT1,1,1
EXOSC8,SUPV3L1,1,1
EXOSC8,TIMM23,1,1
EXOSC8,TRPM2,1,1
EXOSC8,TSSC4,1,1
EXOSC8,UBA6,1,1
EXOSC8,VRK1,1,1
EXOSC8,ZNF232,1,1
EXOSC8,ZNF696,1,1
NAP1L1,C12ORF29,1,1
NAP1L1,CLPTM1L,1,1
NAP1L1,DHRS7B,1,1
NAP1L1,H2AFX,1,1
NAP1L1,KIAA0319L,1,1
NAP1L1,KIAA0586,1,1
NAP1L1,PDE6D,1,1
NAP1L1,PM20D2,1,1
NAP1L1,PSMB5,1,1
NAP1L1,RIN2,1,1
NAP1L1,WDR18,1,1
NAP1L1,ZNF215,1,1
FAM199X,ANKRD33B,1,1
FAM199X,ANXA1,1,1
FAM199X,ATP6AP1,1,1
FAM199X,CAAP1,1,1
FAM199X,CDH2,1,1
FAM199X,CFL2,1,1
FAM199X,CMPK1,1,1
FAM199X,ERBB3,1,1
FAM199X,ERI1,1,1
FAM199X,FAM60A,1,1
FAM199X,GADD45A,1,1
FAM199X,GMFB,1,1
FAM199X,KIAA1429,1,1
FAM199X,LINC01296,1,1
FAM199X,MAP3K7,1,1
FAM199X,MIER1,1,1
FAM199X,MYNN,1,1
FAM199X,NIPAL1,1,1
FAM199X,PHIP,1,1
FAM199X,PUS7L,1,1
FAM199X,RPS26,1,1
FAM199X,SCHIP1,1,1
FAM199X,SERBP1,1,1
FAM199X,SNRPE,1,1
FAM199X,TMEM123,1,1
FAM199X,ZNF281,1,1
RNASEK,ABCE1,1,1
RNASEK,ACTN1,1,1
RNASEK,CKS1B,1,1
RNASEK,CRLS1,1,1
RNASEK,CSTF2,1,1
RNASEK,CYB5D2,1,1
RNASEK,DCAF13,1,1
RNASEK,DDX18,1,1
RNASEK,EIF2B1,1,1
RNASEK,EIF6,1,1
RNASEK,FAM60A,1,1
RNASEK,KIAA0101,1,1
RNASEK,KIAA1429,1,1
RNASEK,KIF14,1,1
RNASEK,KMT5A,1,1
RNASEK,LINC01296,1,1
RNASEK,LMNB1,1,1
RNASEK,MEGF8,1,1
RNASEK,MYSM1,1,1
RNASEK,NAA15,1,1
RNASEK,NAGLU,1,1
RNASEK,NANP,1,1
RNASEK,NOLC1,1,1
RNASEK,NPM3,1,1
RNASEK,NUDCD1,1,1
RNASEK,PCGF6,1,1
RNASEK,PDSS1,1,1
RNASEK,PHIP,1,1
RNASEK,PPM1G,1,1
RNASEK,PPP2CA,1,1
RNASEK,PUS7L,1,1
RNASEK,RNF138,1,1
RNASEK,SCYL3,1,1
RNASEK,SKIV2L2,1,1
RNASEK,SMAGP,1,1
RNASEK,SVIP,1,1
RNASEK,TFB2M,1,1
RNASEK,TMEM205,1,1
RNASEK,TPM3,1,1
RNASEK,TPRKB,1,1
RNASEK,TRIP13,1,1
RNASEK,TTC28,1,1
RNASEK,UBE2C,1,1
RNASEK,UBE2J2,1,1
RNASEK,UHRF1BP1L,1,1
RNASEK,USP1,1,1
RNASEK,ZNF473,1,1
RNASEK,ZNF655,1,1
RNASEK,ZNF695,1,1
TIMM17B,ANKRD33B,1,1
TIMM17B,ANXA1,1,1
TIMM17B,ATP6AP1,1,1
TIMM17B,BVES,1,1
TIMM17B,CKLF,1,1
TIMM17B,CRLS1,1,1
TIMM17B,EIF6,1,1
TIMM17B,GNE,1,1
TIMM17B,GPBP1L1,1,1
TIMM17B,IRX5,1,1
TIMM17B,LINC01296,1,1
TIMM17B,LPGAT1,1,1
TIMM17B,MED8,1,1
TIMM17B,PSMD4,1,1
TIMM17B,RNF13,1,1
TIMM17B,RPS21,1,1
TIMM17B,SLC2A4RG,1,1
TIMM17B,TMEM69,1,1
TIMM17B,TTC28,1,1
EMD,C14ORF159,1,1
EMD,C16ORF91,1,1
EMD,EIF3G,1,1
EMD,FARSA,1,1
EMD,GNE,1,1
EMD,SEPT9,1,1
EMD,SERINC1,1,1
EMD,SLC2A4RG,1,1
EMD,TMEM69,1,1
EMD,VMA21,1,1
EMD,ZNF678,1,1
FAM178B,AP1M1,1,1
FAM178B,ARFIP2,1,1
FAM178B,ATG12,1,1
FAM178B,CEP120,1,1
FAM178B,CRNKL1,1,1
FAM178B,CYB5B,1,1
FAM178B,LINC00493,1,1
FAM178B,METTL10,1,1
FAM178B,MRPS10,1,1
FAM178B,MRPS16,1,1
FAM178B,MRPS26,1,1
FAM178B,MYOF,1,1
FAM178B,NDUFAF5,1,1
FAM178B,NRM,1,1
FAM178B,PKN2,1,1
FAM178B,PLEKHG4,1,1
FAM178B,PRRG4,1,1
FAM178B,TIFA,1,1
FAM178B,TRIM44,1,1
FAM178B,UBA6,1,1
FAM178B,ZNF652,1,1
CYB5B,AP1M1,1,1
CYB5B,ARFIP2,1,1
CYB5B,BCCIP,1,1
CYB5B,C19ORF47,1,1
CYB5B,C5ORF42,1,1
CYB5B,CDK4,1,1
CYB5B,CEP250,1,1
CYB5B,CKS1B,1,1
CYB5B,CWC22,1,1
CYB5B,ENY2,1,1
CYB5B,GPATCH11,1,1
CYB5B,KTI12,1,1
CYB5B,METTL10,1,1
CYB5B,MRPL22,1,1
CYB5B,MRPS10,1,1
CYB5B,MRPS26,1,1
CYB5B,MTF2,1,1
CYB5B,NANP,1,1
CYB5B,NPEPPS,1,1
CYB5B,NRM,1,1
CYB5B,NUDCD1,1,1
CYB5B,NXT1,1,1
CYB5B,ORC2,1,1
CYB5B,PCLO,1,1
CYB5B,PDSS1,1,1
CYB5B,PRELID1,1,1
CYB5B,PRRG4,1,1
CYB5B,SKA3,1,1
CYB5B,TAF2,1,1
CYB5B,TRPM2,1,1
CYB5B,TXN,1,1
CYB5B,UBA6,1,1
CYB5B,UBE2J2,1,1
CYB5B,ZBTB37,1,1
CYB5B,ZRANB2,1,1
GRWD1,ABCE1,1,1
GRWD1,ACTN1,1,1
GRWD1,AKAP1,1,1
GRWD1,B4GAT1,1,1
GRWD1,BZW1P2,1,1
GRWD1,CBFB,1,1
GRWD1,CCT2,1,1
GRWD1,CEBPZ,1,1
GRWD1,CHERP,1,1
GRWD1,CPSF6,1,1
GRWD1,DCAF10,1,1
GRWD1,DCAF13,1,1
GRWD1,DDX18,1,1
GRWD1,EIF2B1,1,1
GRWD1,ERVK3-1,1,1
GRWD1,FLOT2,1,1
GRWD1,HNRNPH1,1,1
GRWD1,HNRNPU,1,1
GRWD1,IPO11,1,1
GRWD1,KIF14,1,1
GRWD1,LRRC58,1,1
GRWD1,MSH2,1,1
GRWD1,NAA15,1,1
GRWD1,NBN,1,1
GRWD1,NOLC1,1,1
GRWD1,PDRG1,1,1
GRWD1,POLR1B,1,1
GRWD1,PPP2CA,1,1
GRWD1,RAD23B,1,1
GRWD1,RELT,1,1
GRWD1,RNF126,1,1
GRWD1,RRP1,1,1
GRWD1,RRP36,1,1
GRWD1,SKIV2L2,1,1
GRWD1,SMAGP,1,1
GRWD1,SRSF1,1,1
GRWD1,TFB2M,1,1
GRWD1,TMEM205,1,1
GRWD1,TPM3,1,1
GRWD1,TTC4,1,1
GRWD1,TUBA1C,1,1
GRWD1,UMPS,1,1
GRWD1,USP10,1,1
GRWD1,UTP23,1,1
GRWD1,VBP1,1,1
GRWD1,ZNF598,1,1
ZNF695,ABCE1,1,1
ZNF695,ACTN1,1,1
ZNF695,ANP32E,1,1
ZNF695,BUB1B,1,1
ZNF695,CCNA2,1,1
ZNF695,CDCA5,1,1
ZNF695,CKS1B,1,1
ZNF695,CPSF6,1,1
ZNF695,CSTF2,1,1
ZNF695,DDX18,1,1
ZNF695,DHX35,1,1
ZNF695,DPF1,1,1
ZNF695,EIF2B1,1,1
ZNF695,EIF6,1,1
ZNF695,ERI1,1,1
ZNF695,ERVK3-1,1,1
ZNF695,FBXO45,1,1
ZNF695,GHDC,1,1
ZNF695,HDAC3,1,1
ZNF695,HNRNPU,1,1
ZNF695,HSP90AA1,1,1
ZNF695,HSPA4L,1,1
ZNF695,KIAA0101,1,1
ZNF695,KIAA1429,1,1
ZNF695,KIF14,1,1
ZNF695,KLHL8,1,1
ZNF695,L2HGDH,1,1
ZNF695,LBR,1,1
ZNF695,LMNB1,1,1
ZNF695,MCM2,1,1
ZNF695,MEGF8,1,1
ZNF695,MLKL,1,1
ZNF695,MRPL39,1,1
ZNF695,MYNN,1,1
ZNF695,NAA15,1,1
ZNF695,NASP,1,1
ZNF695,NOLC1,1,1
ZNF695,NRGN,1,1
ZNF695,NUP107,1,1
ZNF695,PAK1IP1,1,1
ZNF695,PCGF6,1,1
ZNF695,PDSS1,1,1
ZNF695,POLE3,1,1
ZNF695,POLR3E,1,1
ZNF695,PPM1G,1,1
ZNF695,PPP2CA,1,1
ZNF695,PRPS2,1,1
ZNF695,PSMC3,1,1
ZNF695,PSMC6,1,1
ZNF695,RAD23B,1,1
ZNF695,RARS,1,1
ZNF695,RELT,1,1
ZNF695,SERBP1,1,1
ZNF695,SPIN4,1,1
ZNF695,SVIP,1,1
ZNF695,TFB2M,1,1
ZNF695,TPM3,1,1
ZNF695,TPRKB,1,1
ZNF695,TRIP13,1,1
ZNF695,UBE2C,1,1
ZNF695,UHRF1BP1L,1,1
ZNF695,USP1,1,1
ZNF695,UTP23,1,1
ZNF695,VBP1,1,1
ZNF695,ZIC2,1,1
ZNF695,ZNF473,1,1
PTPRB,C14ORF166,1,1
PTPRB,C16ORF91,1,1
PTPRB,CFL2,1,1
PTPRB,CLPTM1L,1,1
PTPRB,CNPY3,1,1
PTPRB,COPS5,1,1
PTPRB,CRIM1,1,1
PTPRB,EID2,1,1
PTPRB,EIF3M,1,1
PTPRB,FTSJ1,1,1
PTPRB,FTSJ3,1,1
PTPRB,ISY1,1,1
PTPRB,JTB,1,1
PTPRB,KIAA0319L,1,1
PTPRB,KIAA0586,1,1
PTPRB,KIF3A,1,1
PTPRB,KRT18,1,1
PTPRB,MICALL1,1,1
PTPRB,MNAT1,1,1
PTPRB,MYNN,1,1
PTPRB,NIPAL1,1,1
PTPRB,PLAUR,1,1
PTPRB,PSMB5,1,1
PTPRB,PSMC6,1,1
PTPRB,RIN2,1,1
PTPRB,SEPT9,1,1
PTPRB,SMN1,1,1
PTPRB,VEZT,1,1
PTPRB,WDR18,1,1
PTPRB,WDR74,1,1
PTPRB,WRN,1,1
PEAK1,IFI44,1,1
PEAK1,RPS15,1,1
SVIP,BCCIP,1,1
SVIP,BNIP1,1,1
SVIP,C19ORF47,1,1
SVIP,CDK4,1,1
SVIP,CENPJ,1,1
SVIP,CEP250,1,1
SVIP,CKS1B,1,1
SVIP,DDX18,1,1
SVIP,DEK,1,1
SVIP,ERI1,1,1
SVIP,HNRNPA1P48,1,1
SVIP,KIAA0101,1,1
SVIP,KIAA1429,1,1
SVIP,KMT5A,1,1
SVIP,KPNA3,1,1
SVIP,KTI12,1,1
SVIP,MRPS10,1,1
SVIP,MYSM1,1,1
SVIP,NAA15,1,1
SVIP,NANP,1,1
SVIP,NOLC1,1,1
SVIP,NPEPPS,1,1
SVIP,NUDCD1,1,1
SVIP,NUP107,1,1
SVIP,PCLO,1,1
SVIP,PDRG1,1,1
SVIP,PDSS1,1,1
SVIP,PPM1G,1,1
SVIP,PPP2CA,1,1
SVIP,RARS,1,1
SVIP,SKA3,1,1
SVIP,TAF2,1,1
SVIP,TPRKB,1,1
SVIP,TRIP13,1,1
SVIP,UBE2J2,1,1
SVIP,UHRF1BP1L,1,1
SVIP,USP1,1,1
SVIP,ZNF473,1,1
MCM2,ABHD5,1,1
MCM2,AHI1,1,1
MCM2,ATRIP,1,1
MCM2,CDC123,1,1
MCM2,CDCA5,1,1
MCM2,CNOT7,1,1
MCM2,CSTF2,1,1
MCM2,CTNNAL1,1,1
MCM2,DEK,1,1
MCM2,DHX35,1,1
MCM2,DUT,1,1
MCM2,EID2,1,1
MCM2,EIF3M,1,1
MCM2,ERI1,1,1
MCM2,FBXO45,1,1
MCM2,FTSJ1,1,1
MCM2,FTSJ3,1,1
MCM2,GART,1,1
MCM2,GTF3C4,1,1
MCM2,KIAA0586,1,1
MCM2,KRT18,1,1
MCM2,LBR,1,1
MCM2,LMNB1,1,1
MCM2,MAGOH,1,1
MCM2,MCM10,1,1
MCM2,MMP24-AS1,1,1
MCM2,MRPL39,1,1
MCM2,NAA20,1,1
MCM2,NASP,1,1
MCM2,NUFIP1,1,1
MCM2,NUP107,1,1
MCM2,PAK1IP1,1,1
MCM2,PCGF6,1,1
MCM2,PDF,1,1
MCM2,PFDN2,1,1
MCM2,PNN,1,1
MCM2,PPM1G,1,1
MCM2,PPWD1,1,1
MCM2,PRPF38A,1,1
MCM2,PSMC3,1,1
MCM2,PSMC6,1,1
MCM2,RAD1,1,1
MCM2,RARS,1,1
MCM2,REXO1,1,1
MCM2,RIOK1,1,1
MCM2,RP11-424C20.2,1,1
MCM2,RRP12,1,1
MCM2,SAPCD2,1,1
MCM2,SERBP1,1,1
MCM2,SNRPE,1,1
MCM2,SPIN4,1,1
MCM2,SREK1IP1,1,1
MCM2,TAF5,1,1
MCM2,TIMM23,1,1
MCM2,TRIP13,1,1
MCM2,UBE2C,1,1
MCM2,USP1,1,1
MCM2,VRK1,1,1
MCM2,WDR74,1,1
MCM2,WRN,1,1
MCM2,ZNF281,1,1
PHIP,AC009237.8,1,1
PHIP,ACTN1,1,1
PHIP,ATP6AP1,1,1
PHIP,CAAP1,1,1
PHIP,CDH2,1,1
PHIP,CDK4,1,1
PHIP,CMPK1,1,1
PHIP,CYB5D2,1,1
PHIP,DDX18,1,1
PHIP,DUSP10,1,1
PHIP,EIF6,1,1
PHIP,FAM60A,1,1
PHIP,GADD45A,1,1
PHIP,GALT,1,1
PHIP,KIAA1429,1,1
PHIP,KMT5A,1,1
PHIP,LINC01296,1,1
PHIP,MYSM1,1,1
PHIP,NAGLU,1,1
PHIP,NDFIP2,1,1
PHIP,NDUFA1,1,1
PHIP,NUDCD1,1,1
PHIP,PPP2CA,1,1
PHIP,PUS7L,1,1
PHIP,RRP36,1,1
PHIP,SCHIP1,1,1
PHIP,SCYL3,1,1
PHIP,SMARCD1,1,1
PHIP,TMEM123,1,1
PHIP,TPM3,1,1
PHIP,TTC28,1,1
PHIP,UBE2J2,1,1
PHIP,XPOT,1,1
PHIP,ZNF473,1,1
PTS,ABCE1,1,1
PTS,AKAP8,1,1
PTS,CSTF2,1,1
PTS,ERVK3-1,1,1
PTS,FAM136A,1,1
PTS,GTF3C4,1,1
PTS,HNRNPU,1,1
PTS,LBR,1,1
PTS,LMNB1,1,1
PTS,MRPL39,1,1
PTS,NAA15,1,1
PTS,NOLC1,1,1
PTS,PAK1IP1,1,1
PTS,PCGF6,1,1
PTS,POLE3,1,1
PTS,PSMC3,1,1
PTS,RELT,1,1
PTS,RIOK1,1,1
PTS,RNF126,1,1
PTS,RRP12,1,1
PTS,SACS,1,1
PTS,SMAGP,1,1
PTS,TFB2M,1,1
PTS,TRIP13,1,1
PTS,UTP23,1,1
MNAT1,C14ORF166,1,1
MNAT1,C16ORF91,1,1
MNAT1,CLPTM1L,1,1
MNAT1,CNPY3,1,1
MNAT1,FAM69B,1,1
MNAT1,IGF2BP1,1,1
MNAT1,ISY1,1,1
MNAT1,KIAA0319L,1,1
MNAT1,KIF3A,1,1
MNAT1,MICALL1,1,1
MNAT1,PDE6D,1,1
MNAT1,PSMB5,1,1
MNAT1,RIN2,1,1
MNAT1,SEPT9,1,1
MNAT1,SMN1,1,1
MNAT1,VEZT,1,1
MNAT1,WDR18,1,1
MNAT1,ZNF678,1,1
PHLDA2,ERRFI1,1,1
PHLDA2,FAM69B,1,1
PHLDA2,FARSA,1,1
PHLDA2,KIAA0319L,1,1
PHLDA2,PLAUR,1,1
PHLDA2,SMARCD1,1,1
PHLDA2,SMN1,1,1
PHLDA2,ZPR1,1,1
TMEM53,CBFB,1,1
TMEM53,DDX10,1,1
TMEM53,EIF3J,1,1
TMEM53,LYAR,1,1
TMEM53,POLR1B,1,1
TMEM53,SLC2A1,1,1
TMEM53,TTC23,1,1
TMEM53,ZNF215,1,1
ANXA3,ANKRD33B,1,1
ANXA3,ARFIP2,1,1
ANXA3,ATG12,1,1
ANXA3,CDC123,1,1
ANXA3,CDK4,1,1
ANXA3,CEP120,1,1
ANXA3,CEP250,1,1
ANXA3,CRNKL1,1,1
ANXA3,CTNNAL1,1,1
ANXA3,DCAF6,1,1
ANXA3,DDX39B,1,1
ANXA3,FAM60A,1,1
ANXA3,GART,1,1
ANXA3,GPAT3,1,1
ANXA3,HMGN1,1,1
ANXA3,KPNA3,1,1
ANXA3,MED29,1,1
ANXA3,METTL10,1,1
ANXA3,MIER1,1,1
ANXA3,MRPL33,1,1
ANXA3,MRPS10,1,1
ANXA3,MRPS14,1,1
ANXA3,MRPS16,1,1
ANXA3,MRPS26,1,1
ANXA3,MYOF,1,1
ANXA3,NDUFA1,1,1
ANXA3,NELFE,1,1
ANXA3,NPM3,1,1
ANXA3,NRM,1,1
ANXA3,NXT1,1,1
ANXA3,PDF,1,1
ANXA3,PLAGL2,1,1
ANXA3,PRRG4,1,1
ANXA3,RAB4A,1,1
ANXA3,RAB7A,1,1
ANXA3,RABGGTB,1,1
ANXA3,RBMXL1,1,1
ANXA3,RNF113A,1,1
ANXA3,RPS21,1,1
ANXA3,SNRPE,1,1
ANXA3,TIMM23,1,1
ANXA3,TRMT13,1,1
ANXA3,TRPM2,1,1
ANXA3,TSSC4,1,1
ANXA3,UBA6,1,1
ANXA3,UBE2J2,1,1
ANXA3,UBL4A,1,1
ANXA3,ZNF232,1,1
ANXA3,ZNF281,1,1
ANXA3,ZNF696,1,1
ANXA3,ZRANB2,1,1
ORC2,BCCIP,1,1
ORC2,CDK4,1,1
ORC2,CKLF,1,1
ORC2,CKS1B,1,1
ORC2,CRLS1,1,1
ORC2,CWC22,1,1
ORC2,CYB5D2,1,1
ORC2,DCAF13,1,1
ORC2,DDX18,1,1
ORC2,GFER,1,1
ORC2,KTI12,1,1
ORC2,MRPL22,1,1
ORC2,NANP,1,1
ORC2,NOLC1,1,1
ORC2,NUDCD1,1,1
ORC2,ORC6,1,1
ORC2,PDRG1,1,1
ORC2,PDSS1,1,1
ORC2,PRELID1,1,1
ORC2,SCYL3,1,1
ORC2,SKIV2L2,1,1
ORC2,SLF1,1,1
ORC2,TAF2,1,1
ORC2,TPRKB,1,1
ORC2,UBE2J2,1,1
ORC2,ZBTB37,1,1
ORC2,ZNF473,1,1
NRM,ARFIP2,1,1
NRM,CEP250,1,1
NRM,CRNKL1,1,1
NRM,METTL10,1,1
NRM,MRPL33,1,1
NRM,MRPS10,1,1
NRM,MRPS16,1,1
NRM,MRPS26,1,1
NRM,NDUFAF5,1,1
NRM,PKN2,1,1
NRM,PRRG4,1,1
NRM,RABGGTB,1,1
NRM,TIFA,1,1
NRM,TRPM2,1,1
NRM,TXN,1,1
NRM,UBA6,1,1
ENOX2,ARF1,1,1
ENOX2,DCAF6,1,1
ENOX2,G6PC3,1,1
ENOX2,HEATR5A,1,1
ENOX2,PLEKHG4,1,1
ENOX2,RAB4A,1,1
ENOX2,RAB9A,1,1
ENOX2,RNF113A,1,1
COPS5,AHI1,1,1
COPS5,ANXA1,1,1
COPS5,C16ORF91,1,1
COPS5,CDC42EP2,1,1
COPS5,CDH2,1,1
COPS5,CFL2,1,1
COPS5,CLPTM1L,1,1
COPS5,CNPY3,1,1
COPS5,CRIM1,1,1
COPS5,DHRS7B,1,1
COPS5,EIF3M,1,1
COPS5,FBXO45,1,1
COPS5,FEM1A,1,1
COPS5,FTSJ1,1,1
COPS5,FTSJ3,1,1
COPS5,GART,1,1
COPS5,GNE,1,1
COPS5,ISY1,1,1
COPS5,JTB,1,1
COPS5,KIAA0319L,1,1
COPS5,KIF3A,1,1
COPS5,KRT18,1,1
COPS5,MICALL1,1,1
COPS5,MRPL39,1,1
COPS5,MYNN,1,1
COPS5,NIPAL1,1,1
COPS5,PFDN2,1,1
COPS5,PLAUR,1,1
COPS5,POLB,1,1
COPS5,PRPF38A,1,1
COPS5,PSMB5,1,1
COPS5,PSMC3,1,1
COPS5,PSMC6,1,1
COPS5,RIN2,1,1
COPS5,RRP12,1,1
COPS5,SEPT9,1,1
COPS5,SERBP1,1,1
COPS5,SLC2A4RG,1,1
COPS5,SMN1,1,1
COPS5,SNRPE,1,1
COPS5,SPIN4,1,1
COPS5,WDR18,1,1
COPS5,WDR74,1,1
COPS5,ZPR1,1,1
AC009237.8,ACTN1,1,1
AC009237.8,CRLS1,1,1
AC009237.8,CYB5D2,1,1
AC009237.8,DUSP10,1,1
AC009237.8,EIF2B1,1,1
AC009237.8,IMPA2,1,1
AC009237.8,NAGLU,1,1
AC009237.8,NDFIP2,1,1
AC009237.8,NUDCD1,1,1
AC009237.8,SCYL3,1,1
AC009237.8,TTC28,1,1
AC009237.8,UBE2J2,1,1
AC009237.8,XPOT,1,1
ATG12,CEP120,1,1
ATG12,CEP250,1,1
ATG12,CRNKL1,1,1
ATG12,DCAF6,1,1
ATG12,KPNA3,1,1
ATG12,MED29,1,1
ATG12,METTL10,1,1
ATG12,MIER1,1,1
ATG12,MRPL33,1,1
ATG12,MRPS16,1,1
ATG12,MRPS26,1,1
ATG12,NELFE,1,1
ATG12,PLEKHG4,1,1
ATG12,PRRG4,1,1
ATG12,RAB4A,1,1
ATG12,RABGGTB,1,1
ATG12,TRIM44,1,1
ATG12,TRMT13,1,1
ATG12,UBA6,1,1
ATG12,ZNF652,1,1
ATG12,ZNF696,1,1
C14ORF166,CLPTM1L,1,1
C14ORF166,ISY1,1,1
C14ORF166,RIN2,1,1
C14ORF166,WDR18,1,1
PPIF,CCAR1,1,1
PPIF,NUDT15,1,1
PPIF,TCF19,1,1
PPIF,USP16,1,1
NDUFA1,AHI1,1,1
NDUFA1,ANKRD33B,1,1
NDUFA1,C12ORF75,1,1
NDUFA1,C19ORF47,1,1
NDUFA1,CDH2,1,1
NDUFA1,CDK4,1,1
NDUFA1,CKLF,1,1
NDUFA1,DDX39B,1,1
NDUFA1,EIF6,1,1
NDUFA1,FAM60A,1,1
NDUFA1,GADD45A,1,1
NDUFA1,GART,1,1
NDUFA1,GPAT3,1,1
NDUFA1,HARS,1,1
NDUFA1,IGSF3,1,1
NDUFA1,KIAA1429,1,1
NDUFA1,KMT5A,1,1
NDUFA1,LINC01296,1,1
NDUFA1,MIER1,1,1
NDUFA1,MRPL33,1,1
NDUFA1,MRPS14,1,1
NDUFA1,MRPS26,1,1
NDUFA1,MYOF,1,1
NDUFA1,MYSM1,1,1
NDUFA1,NDFIP2,1,1
NDUFA1,NELFE,1,1
NDUFA1,NPM3,1,1
NDUFA1,NUDCD1,1,1
NDUFA1,NXT1,1,1
NDUFA1,PDF,1,1
NDUFA1,PFDN2,1,1
NDUFA1,PPM1G,1,1
NDUFA1,PPP2CA,1,1
NDUFA1,PRKCDBP,1,1
NDUFA1,PUS7L,1,1
NDUFA1,RAB4A,1,1
NDUFA1,RAB7A,1,1
NDUFA1,RARS,1,1
NDUFA1,RNF113A,1,1
NDUFA1,RPS21,1,1
NDUFA1,RRP12,1,1
NDUFA1,SCPEP1,1,1
NDUFA1,SNRPE,1,1
NDUFA1,TMEM123,1,1
NDUFA1,TSSC4,1,1
NDUFA1,UBA6,1,1
NDUFA1,UBE2J2,1,1
NDUFA1,ZNF281,1,1
NDUFA1,ZNF473,1,1
NDUFA1,ZNF655,1,1
NDUFA1,ZRANB2,1,1
CEP78,BCCIP,1,1
CEP78,GINS1,1,1
CEP78,GMNN,1,1
CEP78,KIF11,1,1
CEP78,MSH2,1,1
CEP78,MTF2,1,1
CEP78,SRSF2,1,1
CEP78,TCF19,1,1
CEP78,USP16,1,1
LPGAT1,ANKRD33B,1,1
LPGAT1,ATP6AP1,1,1
LPGAT1,COQ7,1,1
LPGAT1,EIF6,1,1
LPGAT1,GNE,1,1
LPGAT1,GPM6B,1,1
LPGAT1,IFI44,1,1
LPGAT1,IGSF3,1,1
LPGAT1,ITGAE,1,1
LPGAT1,PFDN2,1,1
LPGAT1,PTPN3,1,1
LPGAT1,RNF13,1,1
LPGAT1,RPS21,1,1
LPGAT1,SCPEP1,1,1
LPGAT1,SEPHS2,1,1
LPGAT1,SEPT9,1,1
LPGAT1,SLC2A4RG,1,1
NIPAL1,AHI1,1,1
NIPAL1,ANXA1,1,1
NIPAL1,CAAP1,1,1
NIPAL1,CDH2,1,1
NIPAL1,CFL2,1,1
NIPAL1,CMPK1,1,1
NIPAL1,CNOT7,1,1
NIPAL1,CNPY3,1,1
NIPAL1,CRIM1,1,1
NIPAL1,DHRS7B,1,1
NIPAL1,DHX35,1,1
NIPAL1,EIF3M,1,1
NIPAL1,ERI1,1,1
NIPAL1,FBXO45,1,1
NIPAL1,FEM1A,1,1
NIPAL1,FTSJ3,1,1
NIPAL1,GART,1,1
NIPAL1,ID1,1,1
NIPAL1,KIAA0319L,1,1
NIPAL1,KIAA0586,1,1
NIPAL1,KRT18,1,1
NIPAL1,LLPH,1,1
NIPAL1,MMP24-AS1,1,1
NIPAL1,MRPL39,1,1
NIPAL1,MYNN,1,1
NIPAL1,PFDN2,1,1
NIPAL1,PLAUR,1,1
NIPAL1,PSMC3,1,1
NIPAL1,PSMC6,1,1
NIPAL1,PUS7L,1,1
NIPAL1,RPS26,1,1
NIPAL1,RRP12,1,1
NIPAL1,SACS,1,1
NIPAL1,SEPT9,1,1
NIPAL1,SERBP1,1,1
NIPAL1,SLC2A4RG,1,1
NIPAL1,SMARCD1,1,1
NIPAL1,SMN1,1,1
NIPAL1,SNRPE,1,1
NIPAL1,SPIN4,1,1
NIPAL1,SREK1IP1,1,1
NIPAL1,TROVE2,1,1
NIPAL1,VEZT,1,1
NIPAL1,WDR74,1,1
NIPAL1,ZNF281,1,1
MCM10,ABHD5,1,1
MCM10,CDC123,1,1
MCM10,CDCA5,1,1
MCM10,CSTF2,1,1
MCM10,DDX31,1,1
MCM10,DEK,1,1
MCM10,DHX35,1,1
MCM10,DUT,1,1
MCM10,EIF4E2,1,1
MCM10,ENY2,1,1
MCM10,ERI1,1,1
MCM10,FBXO45,1,1
MCM10,GTF3C4,1,1
MCM10,HARS,1,1
MCM10,LBR,1,1
MCM10,LMNB1,1,1
MCM10,MAGOH,1,1
MCM10,MMP24-AS1,1,1
MCM10,MRPL39,1,1
MCM10,NAA15,1,1
MCM10,NAA20,1,1
MCM10,NAF1,1,1
MCM10,NOLC1,1,1
MCM10,NUFIP1,1,1
MCM10,NUP107,1,1
MCM10,PAK1IP1,1,1
MCM10,PCGF6,1,1
MCM10,PDSS1,1,1
MCM10,PNN,1,1
MCM10,POLE3,1,1
MCM10,PPM1G,1,1
MCM10,PPWD1,1,1
MCM10,PSMC3,1,1
MCM10,RAB35,1,1
MCM10,RAD1,1,1
MCM10,RARS,1,1
MCM10,REXO1,1,1
MCM10,RIOK1,1,1
MCM10,RP11-424C20.2,1,1
MCM10,RRP12,1,1
MCM10,SAPCD2,1,1
MCM10,SERBP1,1,1
MCM10,SKA3,1,1
MCM10,TAF5,1,1
MCM10,TIMM23,1,1
MCM10,TRIP13,1,1
MCM10,UHRF1BP1L,1,1
MCM10,USP1,1,1
MCM10,VRK1,1,1
KLHL8,ABCE1,1,1
KLHL8,ACTN1,1,1
KLHL8,CSTF2,1,1
KLHL8,DDX18,1,1
KLHL8,ERVK3-1,1,1
KLHL8,HNRNPU,1,1
KLHL8,KIAA0101,1,1
KLHL8,KIAA1429,1,1
KLHL8,KIF14,1,1
KLHL8,LBR,1,1
KLHL8,LLPH,1,1
KLHL8,LMNB1,1,1
KLHL8,MEGF8,1,1
KLHL8,NAA15,1,1
KLHL8,NOLC1,1,1
KLHL8,NUP107,1,1
KLHL8,PCGF6,1,1
KLHL8,PDSS1,1,1
KLHL8,PPM1G,1,1
KLHL8,PPP2CA,1,1
KLHL8,RAB4B,1,1
KLHL8,RAD23B,1,1
KLHL8,RNF126,1,1
KLHL8,SRSF1,1,1
KLHL8,TFB2M,1,1
KLHL8,TPM3,1,1
KLHL8,TRIP13,1,1
KLHL8,UHRF1BP1L,1,1
KLHL8,USP1,1,1
KLHL8,UTP23,1,1
KLHL8,ZIC2,1,1
KLHL8,ZNF473,1,1
CNOT7,C12ORF29,1,1
CNOT7,CDC42EP2,1,1
CNOT7,CRIM1,1,1
CNOT7,DHRS7B,1,1
CNOT7,EIF3M,1,1
CNOT7,ERI1,1,1
CNOT7,FBXO45,1,1
CNOT7,FEM1A,1,1
CNOT7,FTSJ3,1,1
CNOT7,GART,1,1
CNOT7,GTF3C4,1,1
CNOT7,KIAA0586,1,1
CNOT7,LBR,1,1
CNOT7,LLPH,1,1
CNOT7,MAGOH,1,1
CNOT7,MRPL39,1,1
CNOT7,NUFIP1,1,1
CNOT7,PAK1IP1,1,1
CNOT7,POLR3C,1,1
CNOT7,PPP2R1B,1,1
CNOT7,PSMC3,1,1
CNOT7,PSMC6,1,1
CNOT7,RIOK1,1,1
CNOT7,SACS,1,1
CNOT7,SERBP1,1,1
CNOT7,SPIN4,1,1
CNOT7,SREK1IP1,1,1
CNOT7,WDR74,1,1
CNOT7,WRN,1,1
PRPF38A,ABHD5,1,1
PRPF38A,AHI1,1,1
PRPF38A,CDC123,1,1
PRPF38A,CDH2,1,1
PRPF38A,CFL2,1,1
PRPF38A,CNPY3,1,1
PRPF38A,CSTF2,1,1
PRPF38A,CTNNAL1,1,1
PRPF38A,DHX35,1,1
PRPF38A,EID2,1,1
PRPF38A,EIF3M,1,1
PRPF38A,EIF4E2,1,1
PRPF38A,EIF6,1,1
PRPF38A,ERI1,1,1
PRPF38A,FBXO45,1,1
PRPF38A,FTSJ1,1,1
PRPF38A,FTSJ3,1,1
PRPF38A,GART,1,1
PRPF38A,GNE,1,1
PRPF38A,GPBP1L1,1,1
PRPF38A,KIAA0586,1,1
PRPF38A,KRT18,1,1
PRPF38A,LBR,1,1
PRPF38A,LINC01296,1,1
PRPF38A,MAGOH,1,1
PRPF38A,MMP24-AS1,1,1
PRPF38A,MRPL39,1,1
PRPF38A,NUP107,1,1
PRPF38A,PAK1IP1,1,1
PRPF38A,PDF,1,1
PRPF38A,PFDN2,1,1
PRPF38A,PPM1G,1,1
PRPF38A,PSMC3,1,1
PRPF38A,PSMC6,1,1
PRPF38A,PUS7L,1,1
PRPF38A,RAD1,1,1
PRPF38A,RARS,1,1
PRPF38A,RNF13,1,1
PRPF38A,RP11-424C20.2,1,1
PRPF38A,RPS26,1,1
PRPF38A,RRP12,1,1
PRPF38A,SAPCD2,1,1
PRPF38A,SERBP1,1,1
PRPF38A,SLC2A4RG,1,1
PRPF38A,SNRPE,1,1
PRPF38A,SPIN4,1,1
PRPF38A,SREK1IP1,1,1
PRPF38A,TAF5,1,1
PRPF38A,TMCO1,1,1
PRPF38A,TRIP13,1,1
PRPF38A,UBE2C,1,1
PRPF38A,VEZT,1,1
PRPF38A,WDR74,1,1
PRPF38A,ZNF281,1,1
CDKN2A,CEP120,1,1
CDKN2A,GNG4,1,1
CDKN2A,HLA-DRA,1,1
CDKN2A,LINC00493,1,1
GMFB,ACTN1,1,1
GMFB,ANP32E,1,1
GMFB,ARL5A,1,1
GMFB,ATP6AP1,1,1
GMFB,CAAP1,1,1
GMFB,CFL2,1,1
GMFB,CMPK1,1,1
GMFB,CWC27,1,1
GMFB,DHRS7B,1,1
GMFB,GHDC,1,1
GMFB,ID1,1,1
GMFB,KLF15,1,1
GMFB,LBR,1,1
GMFB,MEGF8,1,1
GMFB,MYNN,1,1
GMFB,SCHIP1,1,1
GMFB,SOX10,1,1
GMFB,TMEM69,1,1
GMFB,TROVE2,1,1
GMFB,VMA21,1,1
GMFB,ZNF428,1,1
POMP,BCCIP,1,1
POMP,DCAF13,1,1
POMP,GINS1,1,1
POMP,KTI12,1,1
POMP,MSH2,1,1
POMP,NOLC1,1,1
POMP,NUDCD1,1,1
POMP,PDRG1,1,1
POMP,PRELID1,1,1
POMP,PRPS2,1,1
POMP,SKIV2L2,1,1
POMP,SRSF2,1,1
POMP,TAF2,1,1
POMP,TMEM205,1,1
POMP,ZBTB37,1,1
HDAC3,CSTF2,1,1
HDAC3,DHX35,1,1
HDAC3,DPF1,1,1
HDAC3,EID2,1,1
HDAC3,FBXL4,1,1
HDAC3,LBR,1,1
HDAC3,LMNB1,1,1
HDAC3,MEGF8,1,1
HDAC3,NRGN,1,1
HDAC3,PPM1G,1,1
HDAC3,PSMC3,1,1
HDAC3,SERBP1,1,1
HDAC3,TRIP13,1,1
HDAC3,UBE2C,1,1
HDAC3,ZIC2,1,1
BPGM,CDC42EP2,1,1
BPGM,CTSA,1,1
BPGM,POLB,1,1
BPGM,TM7SF3,1,1
NBN,AKAP1,1,1
NBN,ASNSD1,1,1
NBN,B4GAT1,1,1
NBN,CCT2,1,1
NBN,CDCA2,1,1
NBN,CEBPZ,1,1
NBN,CHERP,1,1
NBN,GINS1,1,1
NBN,HNRNPH1,1,1
NBN,HNRNPM,1,1
NBN,IPO11,1,1
NBN,KIF14,1,1
NBN,LRRC58,1,1
NBN,MPHOSPH10,1,1
NBN,MSH2,1,1
NBN,PNPT1,1,1
NBN,PTBP1,1,1
NBN,SKIV2L2,1,1
NBN,SOWAHC,1,1
NBN,STIL,1,1
NBN,TMEM205,1,1
NBN,TTC4,1,1
NBN,TUBA1C,1,1
NBN,USP10,1,1
COQ5,CDK4,1,1
COQ5,EIF4E,1,1
COQ5,GTF3C4,1,1
COQ5,HARS,1,1
COQ5,HERPUD2,1,1
COQ5,NOLC1,1,1
COQ5,PDSS1,1,1
COQ5,RAB35,1,1
COQ5,RRP36,1,1
MRPS16,C4ORF46,1,1
MRPS16,CEP120,1,1
MRPS16,CEP250,1,1
MRPS16,CHUK,1,1
MRPS16,CRNKL1,1,1
MRPS16,CTNNAL1,1,1
MRPS16,DCAF6,1,1
MRPS16,G6PC3,1,1
MRPS16,HMGN1,1,1
MRPS16,MED29,1,1
MRPS16,METTL10,1,1
MRPS16,MRPL33,1,1
MRPS16,MRPS10,1,1
MRPS16,MRPS26,1,1
MRPS16,NDUFAF5,1,1
MRPS16,PKN2,1,1
MRPS16,PLEKHG4,1,1
MRPS16,PRRG4,1,1
MRPS16,RAB4A,1,1
MRPS16,RABGGTB,1,1
MRPS16,SUGT1,1,1
MRPS16,TIFA,1,1
MRPS16,TRIM44,1,1
MRPS16,TRMT13,1,1
MRPS16,TRPM2,1,1
MRPS16,UBA6,1,1
MRPS16,ZNF232,1,1
MRPS16,ZNF696,1,1
RNF103,AP1M1,1,1
RNF103,NPEPPS,1,1
RNF103,RAB4A,1,1
NASP,ANP32E,1,1
NASP,ATRIP,1,1
NASP,C12ORF29,1,1
NASP,CRIM1,1,1
NASP,DHX35,1,1
NASP,EIF3M,1,1
NASP,FAM136A,1,1
NASP,FASTKD3,1,1
NASP,FTSJ1,1,1
NASP,H2AFX,1,1
NASP,LBR,1,1
NASP,LMNB1,1,1
NASP,MRPL39,1,1
NASP,MRPL50,1,1
NASP,PCGF6,1,1
NASP,PM20D2,1,1
NASP,PNN,1,1
NASP,PSMC3,1,1
NASP,PSMC6,1,1
NASP,RIOK1,1,1
NASP,SPIN4,1,1
NASP,WRN,1,1
NASP,XRCC3,1,1
NASP,ZIC2,1,1
KIAA1429,ACTN1,1,1
KIAA1429,ANKRD33B,1,1
KIAA1429,ATP6AP1,1,1
KIAA1429,BNIP1,1,1
KIAA1429,C19ORF47,1,1
KIAA1429,CDH2,1,1
KIAA1429,CDK4,1,1
KIAA1429,CKS1B,1,1
KIAA1429,CMPK1,1,1
KIAA1429,CSTF2,1,1
KIAA1429,CWC22,1,1
KIAA1429,DDX18,1,1
KIAA1429,DEK,1,1
KIAA1429,DHX35,1,1
KIAA1429,EIF4E2,1,1
KIAA1429,EIF6,1,1
KIAA1429,ERI1,1,1
KIAA1429,FAM60A,1,1
KIAA1429,FBXO45,1,1
KIAA1429,GALT,1,1
KIAA1429,GART,1,1
KIAA1429,GPBP1L1,1,1
KIAA1429,HARS,1,1
KIAA1429,KMT5A,1,1
KIAA1429,KPNA3,1,1
KIAA1429,LBR,1,1
KIAA1429,LINC01296,1,1
KIAA1429,LLPH,1,1
KIAA1429,LMNB1,1,1
KIAA1429,MIER1,1,1
KIAA1429,MMP24-AS1,1,1
KIAA1429,MRPS10,1,1
KIAA1429,MYSM1,1,1
KIAA1429,NAA15,1,1
KIAA1429,NAGLU,1,1
KIAA1429,NANP,1,1
KIAA1429,NOLC1,1,1
KIAA1429,NUDCD1,1,1
KIAA1429,NUP107,1,1
KIAA1429,PAK1IP1,1,1
KIAA1429,PDF,1,1
KIAA1429,PDSS1,1,1
KIAA1429,PFDN2,1,1
KIAA1429,PPM1G,1,1
KIAA1429,PPP2CA,1,1
KIAA1429,PSMC3,1,1
KIAA1429,PUS7L,1,1
KIAA1429,RAB4B,1,1
KIAA1429,RARS,1,1
KIAA1429,RPS26,1,1
KIAA1429,RRP12,1,1
KIAA1429,RRP36,1,1
KIAA1429,SCYL3,1,1
KIAA1429,SERBP1,1,1
KIAA1429,SNRPE,1,1
KIAA1429,TAF2,1,1
KIAA1429,TFB2M,1,1
KIAA1429,TMEM123,1,1
KIAA1429,TPM3,1,1
KIAA1429,TPRKB,1,1
KIAA1429,TRIP13,1,1
KIAA1429,TSSC4,1,1
KIAA1429,TTC28,1,1
KIAA1429,UBE2C,1,1
KIAA1429,UBE2J2,1,1
KIAA1429,UHRF1BP1L,1,1
KIAA1429,USP1,1,1
KIAA1429,ZNF281,1,1
KIAA1429,ZNF473,1,1
KIAA1429,ZNF655,1,1
NAGLU,ACTN1,1,1
NAGLU,CAV2,1,1
NAGLU,CDK4,1,1
NAGLU,CYB5D2,1,1
NAGLU,DCAF13,1,1
NAGLU,DDX18,1,1
NAGLU,DNAJC5,1,1
NAGLU,DUSP10,1,1
NAGLU,EIF2B1,1,1
NAGLU,EIF6,1,1
NAGLU,FAM60A,1,1
NAGLU,GALT,1,1
NAGLU,KMT5A,1,1
NAGLU,LINC01296,1,1
NAGLU,NAA15,1,1
NAGLU,NCBP1,1,1
NAGLU,NDFIP2,1,1
NAGLU,NOLC1,1,1
NAGLU,NUDCD1,1,1
NAGLU,PKNOX1,1,1
NAGLU,PPP2CA,1,1
NAGLU,RRP36,1,1
NAGLU,SCYL3,1,1
NAGLU,SKIV2L2,1,1
NAGLU,SMAGP,1,1
NAGLU,TFB2M,1,1
NAGLU,TPM3,1,1
NAGLU,TPRKB,1,1
NAGLU,TTC28,1,1
NAGLU,UBE2J2,1,1
NAGLU,XPOT,1,1
NAGLU,ZBTB37,1,1
RAB35,ABCF1,1,1
RAB35,AKAP8,1,1
RAB35,CDC123,1,1
RAB35,CDCA5,1,1
RAB35,CSPP1,1,1
RAB35,DDX31,1,1
RAB35,DEK,1,1
RAB35,ERVK3-1,1,1
RAB35,FBXO45,1,1
RAB35,GTF3C4,1,1
RAB35,HARS,1,1
RAB35,HNRNPA1P48,1,1
RAB35,KPNA3,1,1
RAB35,MAGOH,1,1
RAB35,NAA15,1,1
RAB35,NAA20,1,1
RAB35,NOLC1,1,1
RAB35,NUFIP1,1,1
RAB35,NUP107,1,1
RAB35,PAK1IP1,1,1
RAB35,PDSS1,1,1
RAB35,PNN,1,1
RAB35,POLE3,1,1
RAB35,POLR3C,1,1
RAB35,RARS,1,1
RAB35,RBMXL1,1,1
RAB35,RIOK1,1,1
RAB35,RRP12,1,1
RAB35,RRP36,1,1
RAB35,SAPCD2,1,1
RAB35,SPRYD7,1,1
RAB35,SREK1IP1,1,1
RAB35,TGS1,1,1
RAB35,TIMM23,1,1
RAB35,UHRF1BP1L,1,1
RAB35,USP1,1,1
RAB35,ZDHHC24,1,1
RIN2,C16ORF91,1,1
RIN2,CLPTM1L,1,1
RIN2,CNPY3,1,1
RIN2,CRIM1,1,1
RIN2,CTSA,1,1
RIN2,ISY1,1,1
RIN2,JTB,1,1
RIN2,KIAA0319L,1,1
RIN2,KIF3A,1,1
RIN2,MICALL1,1,1
RIN2,PDE6D,1,1
RIN2,PLAUR,1,1
RIN2,PSMB5,1,1
RIN2,SMN1,1,1
RIN2,WDR18,1,1
HERPUD2,BCCIP,1,1
HERPUD2,C5ORF42,1,1
HERPUD2,CDK4,1,1
HERPUD2,DCAF6,1,1
HERPUD2,DDX39B,1,1
HERPUD2,ENY2,1,1
HERPUD2,MRPS26,1,1
HERPUD2,NPEPPS,1,1
HERPUD2,NXT1,1,1
HERPUD2,UBA6,1,1
HERPUD2,ZNF652,1,1
TTC28,ACTN1,1,1
TTC28,ALDH18A1,1,1
TTC28,CKLF,1,1
TTC28,CKS1B,1,1
TTC28,CRLS1,1,1
TTC28,CYB5D2,1,1
TTC28,EIF2B1,1,1
TTC28,EIF6,1,1
TTC28,FAM60A,1,1
TTC28,GALT,1,1
TTC28,GPBP1L1,1,1
TTC28,KLF15,1,1
TTC28,KMT5A,1,1
TTC28,LINC01296,1,1
TTC28,NPM3,1,1
TTC28,NUDCD1,1,1
TTC28,PPP2CA,1,1
TTC28,RPS21,1,1
TTC28,SCOC,1,1
TTC28,SCYL3,1,1
TTC28,TMEM123,1,1
TTC28,TPM3,1,1
TTC28,TPRKB,1,1
TTC28,UBE2C,1,1
TTC28,UBE2J2,1,1
TTC28,VMA21,1,1
TTC28,ZBTB37,1,1
MRPS26,AP1M1,1,1
MRPS26,ARFIP2,1,1
MRPS26,ASPHD2,1,1
MRPS26,BNIP1,1,1
MRPS26,C12ORF75,1,1
MRPS26,C19ORF47,1,1
MRPS26,C5ORF42,1,1
MRPS26,CDC123,1,1
MRPS26,CDK4,1,1
MRPS26,CEP250,1,1
MRPS26,CHUK,1,1
MRPS26,CRNKL1,1,1
MRPS26,CTNNAL1,1,1
MRPS26,DCAF6,1,1
MRPS26,DDX39B,1,1
MRPS26,EDRF1,1,1
MRPS26,ENY2,1,1
MRPS26,GPAT3,1,1
MRPS26,GPATCH11,1,1
MRPS26,HMGN1,1,1
MRPS26,KPNA3,1,1
MRPS26,KTI12,1,1
MRPS26,LINC00493,1,1
MRPS26,MED29,1,1
MRPS26,METTL10,1,1
MRPS26,MRPL22,1,1
MRPS26,MRPL33,1,1
MRPS26,MRPS10,1,1
MRPS26,MYOF,1,1
MRPS26,NANP,1,1
MRPS26,NPEPPS,1,1
MRPS26,NPM3,1,1
MRPS26,NXT1,1,1
MRPS26,PCLO,1,1
MRPS26,PDF,1,1
MRPS26,PDSS1,1,1
MRPS26,PLAGL2,1,1
MRPS26,PRRG4,1,1
MRPS26,RAB4A,1,1
MRPS26,RAB7A,1,1
MRPS26,RABGGTB,1,1
MRPS26,RBMXL1,1,1
MRPS26,RNF113A,1,1
MRPS26,SUPV3L1,1,1
MRPS26,TIMM23,1,1
MRPS26,TRMT13,1,1
MRPS26,TRPM2,1,1
MRPS26,TSSC4,1,1
MRPS26,TXN,1,1
MRPS26,UBA6,1,1
MRPS26,UBE2J2,1,1
MRPS26,UBL4A,1,1
MRPS26,ZNF232,1,1
MRPS26,ZNF696,1,1
MRPS26,ZRANB2,1,1
SOWAHC,DYRK2,1,1
TCF19,BCCIP,1,1
TCF19,CCAR1,1,1
TCF19,DNAJC9,1,1
TCF19,ENY2,1,1
TCF19,FAM111B,1,1
TCF19,GPATCH11,1,1
TCF19,KIF11,1,1
TCF19,MTF2,1,1
TCF19,NUDT15,1,1
TCF19,PLK4,1,1
TCF19,RNPS1,1,1
TCF19,SKA3,1,1
PLEKHA8,C12ORF75,1,1
PLEKHA8,DDX39B,1,1
PLEKHA8,IFI44,1,1
PLEKHA8,MRPS14,1,1
PLEKHA8,NPM3,1,1
PLEKHA8,RAB7A,1,1
PLEKHA8,SEPHS2,1,1
PLEKHA8,TSSC4,1,1
SCHIP1,ACTN1,1,1
SCHIP1,ANXA1,1,1
SCHIP1,ATP6AP1,1,1
SCHIP1,CAAP1,1,1
SCHIP1,CDH2,1,1
SCHIP1,CFL2,1,1
SCHIP1,CMPK1,1,1
SCHIP1,DUSP10,1,1
SCHIP1,FAM60A,1,1
SCHIP1,GADD45A,1,1
SCHIP1,ID1,1,1
SCHIP1,LINC01296,1,1
SCHIP1,MYNN,1,1
SCHIP1,MYSM1,1,1
SCHIP1,NDFIP2,1,1
SCHIP1,PUS7L,1,1
SCHIP1,SCPEP1,1,1
SCHIP1,SMARCD1,1,1
SCHIP1,TMEM123,1,1
SCHIP1,VMA21,1,1
TTC4,ABCE1,1,1
TTC4,AHCTF1,1,1
TTC4,AKAP1,1,1
TTC4,CBFB,1,1
TTC4,CCT2,1,1
TTC4,CEBPZ,1,1
TTC4,CPSF6,1,1
TTC4,DCAF10,1,1
TTC4,EIF2B1,1,1
TTC4,ERVK3-1,1,1
TTC4,FLOT2,1,1
TTC4,IPO11,1,1
TTC4,LRRC58,1,1
TTC4,MPHOSPH10,1,1
TTC4,PNPT1,1,1
TTC4,PSME4,1,1
TTC4,RAD23B,1,1
TTC4,RELT,1,1
TTC4,RNF126,1,1
TTC4,SMAGP,1,1
TTC4,TTC23,1,1
TTC4,TUBA1C,1,1
TTC4,UMPS,1,1
TTC4,USP10,1,1
TTC4,VBP1,1,1
SMC2,CCNA2,1,1
SMC2,CEBPZ,1,1
SMC2,CENPE,1,1
SMC2,CHEK1,1,1
SMC2,GINS1,1,1
SMC2,KIAA0101,1,1
SMC2,KIF11,1,1
SMC2,KIF14,1,1
SMC2,MSH2,1,1
SMC2,PLK4,1,1
SMC2,POLE3,1,1
SMC2,PRPS2,1,1
SMC2,UHRF1BP1L,1,1
XRCC3,ATRIP,1,1
XRCC3,BUB1B,1,1
IMPA2,H2AFJ,1,1
IMPA2,VEPH1,1,1
CKS1B,BCCIP,1,1
CKS1B,BNIP1,1,1
CKS1B,C12ORF75,1,1
CKS1B,C19ORF47,1,1
CKS1B,CCNA2,1,1
CKS1B,CDCA5,1,1
CKS1B,CDK4,1,1
CKS1B,CENPJ,1,1
CKS1B,CEP250,1,1
CKS1B,CKLF,1,1
CKS1B,CTNNAL1,1,1
CKS1B,CWC22,1,1
CKS1B,DDX18,1,1
CKS1B,DEK,1,1
CKS1B,EIF6,1,1
CKS1B,ENY2,1,1
CKS1B,ERI1,1,1
CKS1B,GINS1,1,1
CKS1B,HNRNPA1P48,1,1
CKS1B,KIAA0101,1,1
CKS1B,KIF11,1,1
CKS1B,KMT5A,1,1
CKS1B,KPNA3,1,1
CKS1B,KTI12,1,1
CKS1B,LMNB1,1,1
CKS1B,MMP24-AS1,1,1
CKS1B,MRPL22,1,1
CKS1B,MRPS10,1,1
CKS1B,MYSM1,1,1
CKS1B,NAA15,1,1
CKS1B,NANP,1,1
CKS1B,NOLC1,1,1
CKS1B,NPEPPS,1,1
CKS1B,NPM3,1,1
CKS1B,NUDCD1,1,1
CKS1B,NUP107,1,1
CKS1B,NXT1,1,1
CKS1B,PAK1IP1,1,1
CKS1B,PCLO,1,1
CKS1B,PDRG1,1,1
CKS1B,PDSS1,1,1
CKS1B,PLK4,1,1
CKS1B,PPM1G,1,1
CKS1B,PPP2CA,1,1
CKS1B,PRELID1,1,1
CKS1B,PRPS2,1,1
CKS1B,PUS7L,1,1
CKS1B,RARS,1,1
CKS1B,SERBP1,1,1
CKS1B,SKA3,1,1
CKS1B,TAF2,1,1
CKS1B,TPM3,1,1
CKS1B,TPRKB,1,1
CKS1B,TRIP13,1,1
CKS1B,TRPM2,1,1
CKS1B,TXN,1,1
CKS1B,UBA6,1,1
CKS1B,UBE2C,1,1
CKS1B,UBE2J2,1,1
CKS1B,UHRF1BP1L,1,1
CKS1B,USP1,1,1
CKS1B,ZBTB37,1,1
CKS1B,ZNF473,1,1
PRRG4,ARFIP2,1,1
PRRG4,C19ORF47,1,1
PRRG4,CEP120,1,1
PRRG4,CEP250,1,1
PRRG4,CRNKL1,1,1
PRRG4,CTNNAL1,1,1
PRRG4,DCAF6,1,1
PRRG4,EIF4E,1,1
PRRG4,ERLIN1,1,1
PRRG4,HMGN1,1,1
PRRG4,KPNA3,1,1
PRRG4,MED29,1,1
PRRG4,METTL10,1,1
PRRG4,MRPL33,1,1
PRRG4,MRPS10,1,1
PRRG4,MYOF,1,1
PRRG4,NPEPPS,1,1
PRRG4,NXT1,1,1
PRRG4,PKN2,1,1
PRRG4,PLAGL2,1,1
PRRG4,PLEKHG4,1,1
PRRG4,RAB4A,1,1
PRRG4,RAB7A,1,1
PRRG4,RABGGTB,1,1
PRRG4,TRIM44,1,1
PRRG4,TRMT13,1,1
PRRG4,TRPM2,1,1
PRRG4,UBA6,1,1
PRRG4,ZNF652,1,1
PRRG4,ZNF696,1,1
ARFIP2,AP1M1,1,1
ARFIP2,ASPHD2,1,1
ARFIP2,C19ORF47,1,1
ARFIP2,C5ORF42,1,1
ARFIP2,CEP250,1,1
ARFIP2,CKLF,1,1
ARFIP2,KTI12,1,1
ARFIP2,LINC00493,1,1
ARFIP2,METTL10,1,1
ARFIP2,MRPS10,1,1
ARFIP2,MYOF,1,1
ARFIP2,NANP,1,1
ARFIP2,NPEPPS,1,1
ARFIP2,NXT1,1,1
ARFIP2,PCLO,1,1
ARFIP2,PKN2,1,1
ARFIP2,RAB4A,1,1
ARFIP2,RAB7A,1,1
ARFIP2,RNF113A,1,1
ARFIP2,TRIM44,1,1
ARFIP2,TTC1,1,1
ARFIP2,TXN,1,1
ARFIP2,UBA6,1,1
ARFIP2,UBE2J2,1,1
ARFIP2,ZBTB37,1,1
ARFIP2,ZRANB2,1,1
SNRPE,ABHD5,1,1
SNRPE,ADNP2,1,1
SNRPE,AHI1,1,1
SNRPE,ANKRD33B,1,1
SNRPE,ANXA1,1,1
SNRPE,BNIP1,1,1
SNRPE,C12ORF75,1,1
SNRPE,CDC123,1,1
SNRPE,CDH2,1,1
SNRPE,CDK4,1,1
SNRPE,CFL2,1,1
SNRPE,CSTF2,1,1
SNRPE,CTNNAL1,1,1
SNRPE,DDX39B,1,1
SNRPE,DEK,1,1
SNRPE,DHRS7B,1,1
SNRPE,DHX35,1,1
SNRPE,EID2,1,1
SNRPE,EIF3M,1,1
SNRPE,EIF4E2,1,1
SNRPE,EIF6,1,1
SNRPE,ERI1,1,1
SNRPE,FAM60A,1,1
SNRPE,FBXO45,1,1
SNRPE,FTSJ3,1,1
SNRPE,GADD45A,1,1
SNRPE,GART,1,1
SNRPE,HARS,1,1
SNRPE,HMGN1,1,1
SNRPE,IFI44,1,1
SNRPE,KMT5A,1,1
SNRPE,KPNA3,1,1
SNRPE,KRT18,1,1
SNRPE,LBR,1,1
SNRPE,LINC01296,1,1
SNRPE,LLPH,1,1
SNRPE,MAGOH,1,1
SNRPE,MIER1,1,1
SNRPE,MMP24-AS1,1,1
SNRPE,MRPL33,1,1
SNRPE,MRPS14,1,1
SNRPE,MYNN,1,1
SNRPE,MYSM1,1,1
SNRPE,NAA15,1,1
SNRPE,NPM3,1,1
SNRPE,NUFIP1,1,1
SNRPE,NUP107,1,1
SNRPE,PAK1IP1,1,1
SNRPE,PDF,1,1
SNRPE,PDSS1,1,1
SNRPE,PFDN2,1,1
SNRPE,PPM1G,1,1
SNRPE,PPP2CA,1,1
SNRPE,PRKCDBP,1,1
SNRPE,PSMC3,1,1
SNRPE,PUS7L,1,1
SNRPE,RAD1,1,1
SNRPE,RARS,1,1
SNRPE,RBMXL1,1,1
SNRPE,RNF13,1,1
SNRPE,RRP12,1,1
SNRPE,SACS,1,1
SNRPE,SAPCD2,1,1
SNRPE,SERBP1,1,1
SNRPE,SLC2A4RG,1,1
SNRPE,SMARCD1,1,1
SNRPE,SREK1IP1,1,1
SNRPE,TAF5,1,1
SNRPE,TIMM23,1,1
SNRPE,TMCO1,1,1
SNRPE,TMEM123,1,1
SNRPE,TRIP13,1,1
SNRPE,TSSC4,1,1
SNRPE,USP1,1,1
SNRPE,VRK1,1,1
SNRPE,WDR74,1,1
SNRPE,ZNF281,1,1
SNRPE,ZNF473,1,1
SNRPE,ZNF655,1,1
CRNKL1,CEP120,1,1
CRNKL1,CEP250,1,1
CRNKL1,CHUK,1,1
CRNKL1,ECD,1,1
CRNKL1,MED29,1,1
CRNKL1,METTL10,1,1
CRNKL1,MRPL33,1,1
CRNKL1,NDUFAF5,1,1
CRNKL1,PLAGL2,1,1
CRNKL1,TIFA,1,1
CRNKL1,TRMT13,1,1
CRNKL1,UBL4A,1,1
CRNKL1,ZNF232,1,1
CRNKL1,ZNF696,1,1
SERINC1,BVES,1,1
SERINC1,C16ORF91,1,1
SERINC1,CNPY3,1,1
SERINC1,DPF1,1,1
SERINC1,EIF3G,1,1
SERINC1,FBXL4,1,1
SERINC1,GHDC,1,1
SERINC1,GNE,1,1
SERINC1,IGF2BP1,1,1
SERINC1,KIAA0319L,1,1
SERINC1,KIF3A,1,1
SERINC1,RNF13,1,1
SERINC1,SEPT9,1,1
SERINC1,SMN1,1,1
GNE,ANKRD33B,1,1
GNE,ANXA1,1,1
GNE,C16ORF91,1,1
GNE,CDH2,1,1
GNE,CFL2,1,1
GNE,CMPK1,1,1
GNE,CNPY3,1,1
GNE,EIF3G,1,1
GNE,EIF6,1,1
GNE,FARSA,1,1
GNE,GANAB,1,1
GNE,GART,1,1
GNE,GPBP1L1,1,1
GNE,KIAA0319L,1,1
GNE,KRT18,1,1
GNE,LINC01296,1,1
GNE,NPM3,1,1
GNE,PFDN2,1,1
GNE,PRKCDBP,1,1
GNE,PTPN3,1,1
GNE,RNF13,1,1
GNE,RPS21,1,1
GNE,RPS26,1,1
GNE,SCPEP1,1,1
GNE,SEPT9,1,1
GNE,SLC2A4RG,1,1
GNE,TMEM123,1,1
GNE,TRIM62,1,1
GNE,VMA21,1,1
GNE,WDR74,1,1
PTPN3,ANXA1,1,1
PTPN3,COQ7,1,1
PTPN3,IFI44,1,1
PTPN3,KIF3A,1,1
PTPN3,PFDN2,1,1
PTPN3,PRKCDBP,1,1
PTPN3,RNF13,1,1
PTPN3,SCPEP1,1,1
PTPN3,SEPHS2,1,1
PTPN3,SEPT9,1,1
PTPN3,SLC2A4RG,1,1
PTPN3,SMN1,1,1
PTPN3,WDR74,1,1
CCNA2,CDCA5,1,1
CCNA2,CHEK1,1,1
CCNA2,DDX18,1,1
CCNA2,GINS1,1,1
CCNA2,HSP90AA1,1,1
CCNA2,KIAA0101,1,1
CCNA2,KIF11,1,1
CCNA2,KIF14,1,1
CCNA2,LMNB1,1,1
CCNA2,NOLC1,1,1
CCNA2,ORC6,1,1
CCNA2,PDRG1,1,1
CCNA2,PLK4,1,1
CCNA2,POLE3,1,1
CCNA2,PRPS2,1,1
CCNA2,TRIP13,1,1
CCNA2,UHRF1BP1L,1,1
CCNA2,USP1,1,1
ZNF232,CDC123,1,1
ZNF232,CEP250,1,1
ZNF232,CTNNAL1,1,1
ZNF232,DDX39B,1,1
ZNF232,ECD,1,1
ZNF232,EDRF1,1,1
ZNF232,GSK3A,1,1
ZNF232,MED29,1,1
ZNF232,MRPL33,1,1
ZNF232,PDF,1,1
ZNF232,PLAGL2,1,1
ZNF232,RAB4A,1,1
ZNF232,RAD1,1,1
ZNF232,RBMXL1,1,1
ZNF232,TIMM23,1,1
ZNF232,TRMT13,1,1
ZNF232,TRPM2,1,1
ZNF232,TSSC4,1,1
ZNF232,UBL4A,1,1
ZNF232,ZNF696,1,1
RP11-424C20.2,ABHD5,1,1
RP11-424C20.2,ATRIP,1,1
RP11-424C20.2,CDC123,1,1
RP11-424C20.2,CDCA5,1,1
RP11-424C20.2,CSTF2,1,1
RP11-424C20.2,DDX31,1,1
RP11-424C20.2,DHX35,1,1
RP11-424C20.2,DUT,1,1
RP11-424C20.2,FBXO45,1,1
RP11-424C20.2,FTSJ3,1,1
RP11-424C20.2,LMNB1,1,1
RP11-424C20.2,MAGOH,1,1
RP11-424C20.2,MRPL39,1,1
RP11-424C20.2,NAA20,1,1
RP11-424C20.2,NUFIP1,1,1
RP11-424C20.2,NUP107,1,1
RP11-424C20.2,PAK1IP1,1,1
RP11-424C20.2,PNN,1,1
RP11-424C20.2,PPWD1,1,1
RP11-424C20.2,PSMC3,1,1
RP11-424C20.2,RAD1,1,1
RP11-424C20.2,RARS,1,1
RP11-424C20.2,REXO1,1,1
RP11-424C20.2,RIOK1,1,1
RP11-424C20.2,RRP12,1,1
RP11-424C20.2,SAPCD2,1,1
RP11-424C20.2,SERBP1,1,1
RP11-424C20.2,TAF5,1,1
RP11-424C20.2,TIMM23,1,1
RP11-424C20.2,TRIP13,1,1
RP11-424C20.2,USP1,1,1
RP11-424C20.2,VRK1,1,1
RP11-424C20.2,WDR74,1,1
ITM2C,ATL3,1,1
ITM2C,C12ORF29,1,1
ITM2C,CDC42EP2,1,1
ITM2C,CLPTM1L,1,1
ITM2C,CRIM1,1,1
ITM2C,FAM69B,1,1
ITM2C,FEM1A,1,1
ITM2C,KIAA0319L,1,1
ITM2C,KLHL18,1,1
ITM2C,MRPL39,1,1
ITM2C,PDE6D,1,1
ITM2C,PLAUR,1,1
ITM2C,PM20D2,1,1
ITM2C,POLB,1,1
ITM2C,PPP2R1B,1,1
ITM2C,PSMB5,1,1
ITM2C,PSMC6,1,1
ITM2C,SPIN4,1,1
ITM2C,TET3,1,1
ITM2C,WRN,1,1
ITM2C,ZNF215,1,1
ITM2C,ZPR1,1,1
ZRANB2,CKLF,1,1
ZRANB2,GPAT3,1,1
ZRANB2,IGSF3,1,1
ZRANB2,MRPS10,1,1
ZRANB2,MYOF,1,1
ZRANB2,MYSM1,1,1
ZRANB2,NANP,1,1
ZRANB2,NELFE,1,1
ZRANB2,NPEPPS,1,1
ZRANB2,NUDCD1,1,1
ZRANB2,NXT1,1,1
ZRANB2,RAB4A,1,1
ZRANB2,RAB7A,1,1
ZRANB2,RNF113A,1,1
ZRANB2,UBA6,1,1
ZRANB2,UBE2J2,1,1
ZRANB2,ZBTB37,1,1
VAT1,ANXA4,1,1
VAT1,BVES,1,1
VAT1,CNOT3,1,1
VAT1,DPF1,1,1
VAT1,EIF3G,1,1
VAT1,FARSA,1,1
VAT1,FBXL4,1,1
VAT1,GHDC,1,1
VAT1,GLB1,1,1
VAT1,KIAA0319L,1,1
VAT1,POLR3E,1,1
VAT1,SCPEP1,1,1
VAT1,SMN1,1,1
VAT1,TMEM69,1,1
VAT1,VMA21,1,1
SENP6,COQ7,1,1
TPRKB,ABCE1,1,1
TPRKB,ACTN1,1,1
TPRKB,ATP6AP1,1,1
TPRKB,CKLF,1,1
TPRKB,CRLS1,1,1
TPRKB,CWC22,1,1
TPRKB,CYB5D2,1,1
TPRKB,DCAF13,1,1
TPRKB,DDX18,1,1
TPRKB,EIF2B1,1,1
TPRKB,EIF6,1,1
TPRKB,GINS1,1,1
TPRKB,IPO11,1,1
TPRKB,KIAA0101,1,1
TPRKB,KIF14,1,1
TPRKB,KMT5A,1,1
TPRKB,LMNB1,1,1
TPRKB,MEGF8,1,1
TPRKB,MYSM1,1,1
TPRKB,NAA15,1,1
TPRKB,NANP,1,1
TPRKB,NOLC1,1,1
TPRKB,NUDCD1,1,1
TPRKB,PCGF5,1,1
TPRKB,PDRG1,1,1
TPRKB,PDSS1,1,1
TPRKB,PPM1G,1,1
TPRKB,PPP2CA,1,1
TPRKB,PRELID1,1,1
TPRKB,PRPS2,1,1
TPRKB,RAD23B,1,1
TPRKB,RNF138,1,1
TPRKB,SCYL3,1,1
TPRKB,SKIV2L2,1,1
TPRKB,SMAGP,1,1
TPRKB,TAF2,1,1
TPRKB,TFB2M,1,1
TPRKB,TMEM205,1,1
TPRKB,TPM3,1,1
TPRKB,TRIP13,1,1
TPRKB,TUBA1C,1,1
TPRKB,UBE2C,1,1
TPRKB,UBE2J2,1,1
TPRKB,UHRF1BP1L,1,1
TPRKB,USP1,1,1
TPRKB,VBP1,1,1
TPRKB,ZNF473,1,1
TPRKB,ZNF655,1,1
CDCA2,CHAF1B,1,1
CDCA2,STIL,1,1
CDCA2,TUBA1C,1,1
SUGT1,DCAF6,1,1
SUGT1,DNAJC9,1,1
SUGT1,ERLIN1,1,1
SUGT1,HMGN1,1,1
SUGT1,RABGGTB,1,1
SUGT1,RBMXL1,1,1
SUGT1,SPRYD7,1,1
SUGT1,ZNF696,1,1
NRGN,BUB1B,1,1
NRGN,DPF1,1,1
NRGN,FBXL4,1,1
NRGN,GHDC,1,1
NRGN,IGF2BP1,1,1
NRGN,KIAA1524,1,1
NRGN,LBR,1,1
NRGN,MEGF8,1,1
NRGN,SNRPF,1,1
NRGN,TBPL1,1,1
NRGN,UBE2C,1,1
NRGN,ZNF215,1,1
RARS,ABHD5,1,1
RARS,AHI1,1,1
RARS,ANKRD33B,1,1
RARS,BNIP1,1,1
RARS,C12ORF75,1,1
RARS,C19ORF47,1,1
RARS,CDC123,1,1
RARS,CDCA5,1,1
RARS,CDH2,1,1
RARS,CDK4,1,1
RARS,CEP250,1,1
RARS,CFL2,1,1
RARS,CSTF2,1,1
RARS,CTNNAL1,1,1
RARS,DDX18,1,1
RARS,DDX31,1,1
RARS,DDX39B,1,1
RARS,DEK,1,1
RARS,DHX35,1,1
RARS,EID2,1,1
RARS,EIF3M,1,1
RARS,EIF4E2,1,1
RARS,EIF6,1,1
RARS,ERI1,1,1
RARS,FAM60A,1,1
RARS,FBXO45,1,1
RARS,FTSJ3,1,1
RARS,GART,1,1
RARS,GFER,1,1
RARS,GPBP1L1,1,1
RARS,GTF3C4,1,1
RARS,HARS,1,1
RARS,HMGN1,1,1
RARS,KMT5A,1,1
RARS,KPNA3,1,1
RARS,KRT18,1,1
RARS,LBR,1,1
RARS,LINC01296,1,1
RARS,LLPH,1,1
RARS,LMNB1,1,1
RARS,MAGOH,1,1
RARS,MMP24-AS1,1,1
RARS,MRPL33,1,1
RARS,MRPL39,1,1
RARS,MRPS10,1,1
RARS,MRPS14,1,1
RARS,MYSM1,1,1
RARS,NAA15,1,1
RARS,NAA20,1,1
RARS,NANP,1,1
RARS,NOLC1,1,1
RARS,NPM3,1,1
RARS,NUDCD1,1,1
RARS,NUFIP1,1,1
RARS,NUP107,1,1
RARS,PAK1IP1,1,1
RARS,PCGF6,1,1
RARS,PDF,1,1
RARS,PDSS1,1,1
RARS,PFDN2,1,1
RARS,PPM1G,1,1
RARS,PPP2CA,1,1
RARS,PRKCDBP,1,1
RARS,PSMC3,1,1
RARS,PUS7L,1,1
RARS,RAD1,1,1
RARS,RBMXL1,1,1
RARS,RRP12,1,1
RARS,SAPCD2,1,1
RARS,SERBP1,1,1
RARS,SKA3,1,1
RARS,SREK1IP1,1,1
RARS,TAF5,1,1
RARS,TIMM23,1,1
RARS,TPM3,1,1
RARS,TRIP13,1,1
RARS,TRPM2,1,1
RARS,TSSC4,1,1
RARS,UBE2C,1,1
RARS,UBE2J2,1,1
RARS,UHRF1BP1L,1,1
RARS,USP1,1,1
RARS,VRK1,1,1
RARS,WDR74,1,1
RARS,ZNF281,1,1
RARS,ZNF473,1,1
RARS,ZNF655,1,1
TBPL1,AHCTF1,1,1
TBPL1,BUB1B,1,1
TBPL1,CBFB,1,1
TBPL1,DPF1,1,1
TBPL1,FAM136A,1,1
TBPL1,FASTKD3,1,1
TBPL1,FBXL4,1,1
TBPL1,GHDC,1,1
TBPL1,IGF2BP1,1,1
TBPL1,KIAA1524,1,1
TBPL1,PM20D2,1,1
TBPL1,POLR3E,1,1
TBPL1,SNRPF,1,1
TBPL1,TTC23,1,1
TBPL1,ZNF215,1,1
PSME4,ACTN1,1,1
PSME4,AHCTF1,1,1
PSME4,CBFB,1,1
PSME4,CCT2,1,1
PSME4,CLINT1,1,1
PSME4,CPSF6,1,1
PSME4,EIF2B1,1,1
PSME4,GHDC,1,1
PSME4,KIAA1524,1,1
PSME4,L2HGDH,1,1
PSME4,MEGF8,1,1
PSME4,MLKL,1,1
PSME4,NABP2,1,1
PSME4,POLR1B,1,1
PSME4,RAD23B,1,1
PSME4,RELT,1,1
PSME4,RNF126,1,1
PSME4,SLC2A1,1,1
PSME4,TTC23,1,1
PSME4,USP10,1,1
PSME4,VBP1,1,1
SLF1,CWC22,1,1
SLF1,ORC6,1,1
ASNSD1,AKAP1,1,1
ASNSD1,HNRNPM,1,1
ASNSD1,LRRC58,1,1
ASNSD1,PTBP1,1,1
ASNSD1,RBM14,1,1
SERBP1,ADNP2,1,1
SERBP1,AHI1,1,1
SERBP1,ANKRD33B,1,1
SERBP1,ANP32E,1,1
SERBP1,ATP6AP1,1,1
SERBP1,CDC123,1,1
SERBP1,CDCA5,1,1
SERBP1,CDH2,1,1
SERBP1,CFL2,1,1
SERBP1,CMPK1,1,1
SERBP1,CNPY3,1,1
SERBP1,CSTF2,1,1
SERBP1,DDX18,1,1
SERBP1,DEK,1,1
SERBP1,DHRS7B,1,1
SERBP1,DHX35,1,1
SERBP1,EID2,1,1
SERBP1,EIF3M,1,1
SERBP1,EIF6,1,1
SERBP1,ERI1,1,1
SERBP1,ERVK3-1,1,1
SERBP1,FAM60A,1,1
SERBP1,FBXO45,1,1
SERBP1,FTSJ1,1,1
SERBP1,FTSJ3,1,1
SERBP1,GART,1,1
SERBP1,GHDC,1,1
SERBP1,GTF3C4,1,1
SERBP1,HARS,1,1
SERBP1,HNRNPU,1,1
SERBP1,IFI44,1,1
SERBP1,KIAA0319L,1,1
SERBP1,KIAA0586,1,1
SERBP1,KMT5A,1,1
SERBP1,KRT18,1,1
SERBP1,LBR,1,1
SERBP1,LINC01296,1,1
SERBP1,LLPH,1,1
SERBP1,LMNB1,1,1
SERBP1,MAGOH,1,1
SERBP1,MEGF8,1,1
SERBP1,MMP24-AS1,1,1
SERBP1,MRPL39,1,1
SERBP1,MYNN,1,1
SERBP1,MYSM1,1,1
SERBP1,NAA15,1,1
SERBP1,NPM3,1,1
SERBP1,NUFIP1,1,1
SERBP1,NUP107,1,1
SERBP1,PAK1IP1,1,1
SERBP1,PCGF6,1,1
SERBP1,PDF,1,1
SERBP1,PDSS1,1,1
SERBP1,PFDN2,1,1
SERBP1,PLAUR,1,1
SERBP1,POLR3C,1,1
SERBP1,POLR3E,1,1
SERBP1,PPM1G,1,1
SERBP1,PPP2CA,1,1
SERBP1,PSMC3,1,1
SERBP1,PSMC6,1,1
SERBP1,PUS7L,1,1
SERBP1,RAB4B,1,1
SERBP1,RIOK1,1,1
SERBP1,RNF13,1,1
SERBP1,RPS26,1,1
SERBP1,RRP12,1,1
SERBP1,SACS,1,1
SERBP1,SAPCD2,1,1
SERBP1,SMARCD1,1,1
SERBP1,SOX10,1,1
SERBP1,SPIN4,1,1
SERBP1,SREK1IP1,1,1
SERBP1,TFB2M,1,1
SERBP1,TIMM23,1,1
SERBP1,TMCO1,1,1
SERBP1,TMEM123,1,1
SERBP1,TPM3,1,1
SERBP1,TRIP13,1,1
SERBP1,TSSC4,1,1
SERBP1,UBE2C,1,1
SERBP1,UHRF1BP1L,1,1
SERBP1,USP1,1,1
SERBP1,UTP23,1,1
SERBP1,VEZT,1,1
SERBP1,VRK1,1,1
SERBP1,WDR74,1,1
SERBP1,ZIC2,1,1
SERBP1,ZNF281,1,1
SERBP1,ZNF473,1,1
CEP120,METTL10,1,1
CEP120,MRPL33,1,1
CEP120,TIFA,1,1
CEP120,TRIM44,1,1
CEP120,TRMT13,1,1
CDC123,ABHD5,1,1
CDC123,AHI1,1,1
CDC123,ANKRD33B,1,1
CDC123,BNIP1,1,1
CDC123,C12ORF75,1,1
CDC123,C19ORF47,1,1
CDC123,C4ORF46,1,1
CDC123,CDCA5,1,1
CDC123,CDK4,1,1
CDC123,CENPJ,1,1
CDC123,CEP250,1,1
CDC123,CSTF2,1,1
CDC123,CTNNAL1,1,1
CDC123,DDX31,1,1
CDC123,DDX39B,1,1
CDC123,DEK,1,1
CDC123,EIF3M,1,1
CDC123,EIF4E2,1,1
CDC123,EIF6,1,1
CDC123,ENY2,1,1
CDC123,ERI1,1,1
CDC123,FAM60A,1,1
CDC123,FBXO45,1,1
CDC123,FTSJ3,1,1
CDC123,GART,1,1
CDC123,GTF3C4,1,1
CDC123,HARS,1,1
CDC123,HMGN1,1,1
CDC123,KMT5A,1,1
CDC123,KPNA3,1,1
CDC123,KRT18,1,1
CDC123,MAGOH,1,1
CDC123,MED29,1,1
CDC123,MMP24-AS1,1,1
CDC123,MRPL33,1,1
CDC123,MRPS14,1,1
CDC123,NAA15,1,1
CDC123,NAA20,1,1
CDC123,NAF1,1,1
CDC123,NPM3,1,1
CDC123,NUFIP1,1,1
CDC123,NUP107,1,1
CDC123,PAK1IP1,1,1
CDC123,PDF,1,1
CDC123,PDSS1,1,1
CDC123,PFDN2,1,1
CDC123,PLAGL2,1,1
CDC123,PPM1G,1,1
CDC123,PSMC3,1,1
CDC123,PUS7L,1,1
CDC123,RAD1,1,1
CDC123,RBMXL1,1,1
CDC123,RRP12,1,1
CDC123,SAPCD2,1,1
CDC123,SKA3,1,1
CDC123,SPRYD7,1,1
CDC123,SREK1IP1,1,1
CDC123,SUPV3L1,1,1
CDC123,TAF5,1,1
CDC123,TIMM23,1,1
CDC123,TRIP13,1,1
CDC123,TRPM2,1,1
CDC123,TSSC4,1,1
CDC123,UBL4A,1,1
CDC123,USP1,1,1
CDC123,VRK1,1,1
CDC123,WDR74,1,1
CDC123,ZNF281,1,1
CDC123,ZNF473,1,1
CDC123,ZNF696,1,1
TM7SF3,CDC42EP2,1,1
TM7SF3,CTSA,1,1
TM7SF3,POLB,1,1
BZW1P2,CEBPZ,1,1
BZW1P2,RBM14,1,1
BZW1P2,RRP1,1,1
BZW1P2,SRSF2,1,1
NCBP1,ACTN1,1,1
NCBP1,CDH2,1,1
NCBP1,FARSA,1,1
NCBP1,GALT,1,1
NCBP1,LINC01296,1,1
NCBP1,LLPH,1,1
NCBP1,MLKL,1,1
NCBP1,SMARCD1,1,1
NCBP1,SRSF1,1,1
NCBP1,TFB2M,1,1
NCBP1,TMCO1,1,1
NCBP1,TPM3,1,1
NCBP1,UTP23,1,1
NCBP1,ZNF598,1,1
EIF3M,AHI1,1,1
EIF3M,ANP32E,1,1
EIF3M,C12ORF29,1,1
EIF3M,CDC42EP2,1,1
EIF3M,CDH2,1,1
EIF3M,CFL2,1,1
EIF3M,CNPY3,1,1
EIF3M,CRIM1,1,1
EIF3M,CSTF2,1,1
EIF3M,DHRS7B,1,1
EIF3M,DHX35,1,1
EIF3M,EID2,1,1
EIF3M,ERI1,1,1
EIF3M,FBXO45,1,1
EIF3M,FEM1A,1,1
EIF3M,FTSJ1,1,1
EIF3M,FTSJ3,1,1
EIF3M,GART,1,1
EIF3M,KIAA0319L,1,1
EIF3M,KIAA0586,1,1
EIF3M,KRT18,1,1
EIF3M,LBR,1,1
EIF3M,LLPH,1,1
EIF3M,MAGOH,1,1
EIF3M,MMP24-AS1,1,1
EIF3M,MRPL39,1,1
EIF3M,MYNN,1,1
EIF3M,NUFIP1,1,1
EIF3M,NUP107,1,1
EIF3M,PAK1IP1,1,1
EIF3M,PCGF6,1,1
EIF3M,PDF,1,1
EIF3M,PFDN2,1,1
EIF3M,PLAUR,1,1
EIF3M,PPM1G,1,1
EIF3M,PSMC3,1,1
EIF3M,PSMC6,1,1
EIF3M,PUS7L,1,1
EIF3M,RIOK1,1,1
EIF3M,RRP12,1,1
EIF3M,SACS,1,1
EIF3M,SAPCD2,1,1
EIF3M,SEPT9,1,1
EIF3M,SMN1,1,1
EIF3M,SPIN4,1,1
EIF3M,SREK1IP1,1,1
EIF3M,TMCO1,1,1
EIF3M,TRIP13,1,1
EIF3M,UTP23,1,1
EIF3M,VEZT,1,1
EIF3M,WDR74,1,1
EIF3M,WRN,1,1
EIF3M,ZIC2,1,1
EIF3M,ZNF281,1,1
FBXO45,ABHD5,1,1
FBXO45,ADNP2,1,1
FBXO45,AHI1,1,1
FBXO45,ANKRD33B,1,1
FBXO45,CDCA5,1,1
FBXO45,CDH2,1,1
FBXO45,CFL2,1,1
FBXO45,CRIM1,1,1
FBXO45,CSTF2,1,1
FBXO45,CTNNAL1,1,1
FBXO45,DEK,1,1
FBXO45,DHRS7B,1,1
FBXO45,DHX35,1,1
FBXO45,EID2,1,1
FBXO45,EIF4E2,1,1
FBXO45,EIF6,1,1
FBXO45,ERI1,1,1
FBXO45,FAM60A,1,1
FBXO45,FEM1A,1,1
FBXO45,FTSJ1,1,1
FBXO45,FTSJ3,1,1
FBXO45,GART,1,1
FBXO45,GTF3C4,1,1
FBXO45,HARS,1,1
FBXO45,KIAA0319L,1,1
FBXO45,KIAA0586,1,1
FBXO45,KMT5A,1,1
FBXO45,KPNA3,1,1
FBXO45,KRT18,1,1
FBXO45,LBR,1,1
FBXO45,LINC01296,1,1
FBXO45,LLPH,1,1
FBXO45,LMNB1,1,1
FBXO45,MAGOH,1,1
FBXO45,MMP24-AS1,1,1
FBXO45,MRPL39,1,1
FBXO45,MYNN,1,1
FBXO45,MYSM1,1,1
FBXO45,NAA15,1,1
FBXO45,NAA20,1,1
FBXO45,NPM3,1,1
FBXO45,NUFIP1,1,1
FBXO45,NUP107,1,1
FBXO45,PAK1IP1,1,1
FBXO45,PCGF6,1,1
FBXO45,PDF,1,1
FBXO45,PDSS1,1,1
FBXO45,PFDN2,1,1
FBXO45,PLAUR,1,1
FBXO45,POLR3C,1,1
FBXO45,PPM1G,1,1
FBXO45,PPP2CA,1,1
FBXO45,PPWD1,1,1
FBXO45,PSMC3,1,1
FBXO45,PSMC6,1,1
FBXO45,PUS7L,1,1
FBXO45,RAD1,1,1
FBXO45,RIOK1,1,1
FBXO45,RRP12,1,1
FBXO45,SACS,1,1
FBXO45,SAPCD2,1,1
FBXO45,SMARCD1,1,1
FBXO45,SPIN4,1,1
FBXO45,SREK1IP1,1,1
FBXO45,TAF5,1,1
FBXO45,TFB2M,1,1
FBXO45,TIMM23,1,1
FBXO45,TMCO1,1,1
FBXO45,TRIP13,1,1
FBXO45,TSSC4,1,1
FBXO45,UHRF1BP1L,1,1
FBXO45,USP1,1,1
FBXO45,UTP23,1,1
FBXO45,VRK1,1,1
FBXO45,WDR74,1,1
FBXO45,WRN,1,1
FBXO45,ZIC2,1,1
FBXO45,ZNF281,1,1
FBXO45,ZNF473,1,1
SCPEP1,AHI1,1,1
SCPEP1,ANXA1,1,1
SCPEP1,ATP6AP1,1,1
SCPEP1,CDH2,1,1
SCPEP1,CFL2,1,1
SCPEP1,CMPK1,1,1
SCPEP1,CNOT3,1,1
SCPEP1,EIF6,1,1
SCPEP1,FAM60A,1,1
SCPEP1,FARSA,1,1
SCPEP1,GLB1,1,1
SCPEP1,KIAA0319L,1,1
SCPEP1,KRT18,1,1
SCPEP1,LINC01296,1,1
SCPEP1,MRPS14,1,1
SCPEP1,MYNN,1,1
SCPEP1,MYSM1,1,1
SCPEP1,NDFIP2,1,1
SCPEP1,PFDN2,1,1
SCPEP1,POLR3E,1,1
SCPEP1,PPM1G,1,1
SCPEP1,PPP2CA,1,1
SCPEP1,PRKCDBP,1,1
SCPEP1,PUS7L,1,1
SCPEP1,RRP12,1,1
SCPEP1,SEPHS2,1,1
SCPEP1,SEPT9,1,1
SCPEP1,SLC2A4RG,1,1
SCPEP1,SMARCD1,1,1
SCPEP1,SMN1,1,1
SCPEP1,VMA21,1,1
NAT10,ADAMTS1,1,1
NAT10,C12ORF29,1,1
NAT10,CCDC59,1,1
NAT10,MRPL50,1,1
NAT10,NOB1,1,1
NAT10,PDE6D,1,1
NAT10,PM20D2,1,1
NAT10,ZNF215,1,1
ZDHHC24,CCAR1,1,1
ZDHHC24,RBM25,1,1
ZDHHC24,USP16,1,1
MYNN,ABCA5,1,1
MYNN,ANP32E,1,1
MYNN,ANXA1,1,1
MYNN,ATP6AP1,1,1
MYNN,C16ORF91,1,1
MYNN,CAAP1,1,1
MYNN,CDH2,1,1
MYNN,CFL2,1,1
MYNN,CMPK1,1,1
MYNN,CNPY3,1,1
MYNN,CSTF2,1,1
MYNN,CWC27,1,1
MYNN,DHRS7B,1,1
MYNN,DHX35,1,1
MYNN,ERI1,1,1
MYNN,FAM69B,1,1
MYNN,FBXL4,1,1
MYNN,FTSJ1,1,1
MYNN,FTSJ3,1,1
MYNN,GHDC,1,1
MYNN,ID1,1,1
MYNN,IGF2BP1,1,1
MYNN,KIAA0319L,1,1
MYNN,KIAA0586,1,1
MYNN,KRT18,1,1
MYNN,LBR,1,1
MYNN,LLPH,1,1
MYNN,MEGF8,1,1
MYNN,MRPL39,1,1
MYNN,PFDN2,1,1
MYNN,PLAUR,1,1
MYNN,PPM1G,1,1
MYNN,PSMC3,1,1
MYNN,PSMC6,1,1
MYNN,PUS7L,1,1
MYNN,RPS26,1,1
MYNN,SACS,1,1
MYNN,SEPT9,1,1
MYNN,SLC2A4RG,1,1
MYNN,SMARCD1,1,1
MYNN,SMN1,1,1
MYNN,SPIN4,1,1
MYNN,TMEM69,1,1
MYNN,TRIP13,1,1
MYNN,TROVE2,1,1
MYNN,VEZT,1,1
MYNN,VMA21,1,1
MYNN,WDR74,1,1
MYNN,ZIC2,1,1
MYNN,ZNF678,1,1
FBXL4,ANXA4,1,1
FBXL4,BVES,1,1
FBXL4,CFL2,1,1
FBXL4,DPF1,1,1
FBXL4,EIF3G,1,1
FBXL4,GHDC,1,1
FBXL4,GLB1,1,1
FBXL4,IGF2BP1,1,1
FBXL4,KIAA0319L,1,1
FBXL4,MEGF8,1,1
FBXL4,POLR3E,1,1
FBXL4,PSMD4,1,1
FBXL4,SEPT9,1,1
FBXL4,SMN1,1,1
FBXL4,TMEM69,1,1
FBXL4,UBE2C,1,1
FBXL4,VMA21,1,1
CSTF2,ABCE1,1,1
CSTF2,ACTN1,1,1
CSTF2,AHI1,1,1
CSTF2,ANP32E,1,1
CSTF2,ATP6AP1,1,1
CSTF2,CDCA5,1,1
CSTF2,CDH2,1,1
CSTF2,CDK4,1,1
CSTF2,CFL2,1,1
CSTF2,CPSF6,1,1
CSTF2,DDX18,1,1
CSTF2,DDX31,1,1
CSTF2,DHRS7B,1,1
CSTF2,DHX35,1,1
CSTF2,DPF1,1,1
CSTF2,EID2,1,1
CSTF2,EIF6,1,1
CSTF2,ERI1,1,1
CSTF2,ERVK3-1,1,1
CSTF2,FAM136A,1,1
CSTF2,FAM60A,1,1
CSTF2,FTSJ1,1,1
CSTF2,FTSJ3,1,1
CSTF2,GART,1,1
CSTF2,GHDC,1,1
CSTF2,GPBP1L1,1,1
CSTF2,GTF3C4,1,1
CSTF2,HARS,1,1
CSTF2,HNRNPU,1,1
CSTF2,IGF2BP1,1,1
CSTF2,KIAA0101,1,1
CSTF2,KIAA0319L,1,1
CSTF2,KMT5A,1,1
CSTF2,KRT18,1,1
CSTF2,LBR,1,1
CSTF2,LINC01296,1,1
CSTF2,LLPH,1,1
CSTF2,LMNB1,1,1
CSTF2,MAGOH,1,1
CSTF2,MEGF8,1,1
CSTF2,MMP24-AS1,1,1
CSTF2,MRPL39,1,1
CSTF2,MYSM1,1,1
CSTF2,NAA15,1,1
CSTF2,NOLC1,1,1
CSTF2,NUP107,1,1
CSTF2,PAK1IP1,1,1
CSTF2,PCGF6,1,1
CSTF2,PDF,1,1
CSTF2,PDSS1,1,1
CSTF2,PFDN2,1,1
CSTF2,POLE3,1,1
CSTF2,POLR3E,1,1
CSTF2,PPM1G,1,1
CSTF2,PPP2CA,1,1
CSTF2,PSMC3,1,1
CSTF2,PSMC6,1,1
CSTF2,PUS7L,1,1
CSTF2,RAB4B,1,1
CSTF2,RELT,1,1
CSTF2,RIOK1,1,1
CSTF2,RNF126,1,1
CSTF2,RRP12,1,1
CSTF2,SACS,1,1
CSTF2,SAPCD2,1,1
CSTF2,SMARCD1,1,1
CSTF2,SPIN4,1,1
CSTF2,SREK1IP1,1,1
CSTF2,TAF5,1,1
CSTF2,TFB2M,1,1
CSTF2,TMCO1,1,1
CSTF2,TPM3,1,1
CSTF2,TRIP13,1,1
CSTF2,UBE2C,1,1
CSTF2,UHRF1BP1L,1,1
CSTF2,USP1,1,1
CSTF2,UTP23,1,1
CSTF2,WDR74,1,1
CSTF2,ZIC2,1,1
CSTF2,ZNF281,1,1
CSTF2,ZNF473,1,1
CSTF2,ZNF655,1,1
MPHOSPH10,AKAP1,1,1
MPHOSPH10,CCT2,1,1
MPHOSPH10,DYRK2,1,1
MPHOSPH10,HNRNPM,1,1
MPHOSPH10,LRRC58,1,1
MPHOSPH10,PNPT1,1,1
MPHOSPH10,PTBP1,1,1
MPHOSPH10,RBMX,1,1
MPHOSPH10,UMPS,1,1
MPHOSPH10,URB2,1,1
MPHOSPH10,USP10,1,1
CDK5RAP3,FAF2,1,1
CDK5RAP3,GALT,1,1
CDK5RAP3,ZDHHC20,1,1
CRIM1,C12ORF29,1,1
CRIM1,CDC42EP2,1,1
CRIM1,CLPTM1L,1,1
CRIM1,FEM1A,1,1
CRIM1,FTSJ1,1,1
CRIM1,FTSJ3,1,1
CRIM1,JTB,1,1
CRIM1,KIAA0319L,1,1
CRIM1,KIAA0586,1,1
CRIM1,KRT18,1,1
CRIM1,MRPL39,1,1
CRIM1,PDE6D,1,1
CRIM1,PLAUR,1,1
CRIM1,PSMB5,1,1
CRIM1,PSMC3,1,1
CRIM1,PSMC6,1,1
CRIM1,RIOK1,1,1
CRIM1,SPIN4,1,1
CRIM1,WDR74,1,1
CRIM1,WRN,1,1
MRPL33,ANKRD33B,1,1
MRPL33,CDK4,1,1
MRPL33,CEP250,1,1
MRPL33,CTNNAL1,1,1
MRPL33,DDX39B,1,1
MRPL33,EIF4E2,1,1
MRPL33,FAM60A,1,1
MRPL33,GART,1,1
MRPL33,GPAT3,1,1
MRPL33,HMGN1,1,1
MRPL33,KMT5A,1,1
MRPL33,KPNA3,1,1
MRPL33,MED29,1,1
MRPL33,METTL10,1,1
MRPL33,MIER1,1,1
MRPL33,MRPS10,1,1
MRPL33,MRPS14,1,1
MRPL33,MYOF,1,1
MRPL33,NELFE,1,1
MRPL33,NPM3,1,1
MRPL33,NXT1,1,1
MRPL33,PDF,1,1
MRPL33,PFDN2,1,1
MRPL33,PUS7L,1,1
MRPL33,RAB4A,1,1
MRPL33,RAB7A,1,1
MRPL33,RBMXL1,1,1
MRPL33,RPS21,1,1
MRPL33,TIMM23,1,1
MRPL33,TRMT13,1,1
MRPL33,TRPM2,1,1
MRPL33,TSSC4,1,1
MRPL33,UBA6,1,1
MRPL33,UBE2J2,1,1
MRPL33,UBL4A,1,1
MRPL33,ZNF281,1,1
MRPL33,ZNF696,1,1
ERRFI1,C14ORF159,1,1
ERRFI1,FAM69B,1,1
ERRFI1,ID1,1,1
ERRFI1,PPP1R14BP3,1,1
ERRFI1,SMN1,1,1
UQCRQ,TRIM62,1,1
AGPAT5,CCT2,1,1
AGPAT5,DYRK2,1,1
AGPAT5,HNRNPM,1,1
AGPAT5,LRRC58,1,1
AGPAT5,PNPT1,1,1
AGPAT5,RBMX,1,1
AGPAT5,TTC23,1,1
AGPAT5,UMPS,1,1
AGPAT5,URB2,1,1
ZNF639,AHCTF1,1,1
ZNF639,ARL5A,1,1
ZNF639,CBFB,1,1
ZNF639,CPSF6,1,1
ZNF639,FAM136A,1,1
ZNF639,GHDC,1,1
ZNF639,KIAA1524,1,1
ZNF639,PM20D2,1,1
ZNF639,RELT,1,1
ZNF639,RIF1,1,1
ZNF639,SKIL,1,1
ZNF639,SNRPF,1,1
ZNF639,TTC23,1,1
ZNF639,ZIC2,1,1
ZNF639,ZNF215,1,1
CTNNAL1,ABHD5,1,1
CTNNAL1,AHI1,1,1
CTNNAL1,ANKRD33B,1,1
CTNNAL1,BNIP1,1,1
CTNNAL1,C12ORF75,1,1
CTNNAL1,C19ORF47,1,1
CTNNAL1,C4ORF46,1,1
CTNNAL1,CDCA5,1,1
CTNNAL1,CDK4,1,1
CTNNAL1,CENPJ,1,1
CTNNAL1,CEP250,1,1
CTNNAL1,DDX39B,1,1
CTNNAL1,DEK,1,1
CTNNAL1,EIF4E2,1,1
CTNNAL1,ENY2,1,1
CTNNAL1,ERI1,1,1
CTNNAL1,GART,1,1
CTNNAL1,HARS,1,1
CTNNAL1,HMGN1,1,1
CTNNAL1,HNRNPA1P48,1,1
CTNNAL1,KMT5A,1,1
CTNNAL1,KPNA3,1,1
CTNNAL1,MAGOH,1,1
CTNNAL1,MED29,1,1
CTNNAL1,MIER1,1,1
CTNNAL1,MMP24-AS1,1,1
CTNNAL1,MRPS10,1,1
CTNNAL1,MRPS14,1,1
CTNNAL1,NAA20,1,1
CTNNAL1,NAF1,1,1
CTNNAL1,NPM3,1,1
CTNNAL1,NUP107,1,1
CTNNAL1,PDF,1,1
CTNNAL1,PDSS1,1,1
CTNNAL1,PFDN2,1,1
CTNNAL1,PLAGL2,1,1
CTNNAL1,PUS7L,1,1
CTNNAL1,RABGGTB,1,1
CTNNAL1,RAD1,1,1
CTNNAL1,RBMXL1,1,1
CTNNAL1,SAPCD2,1,1
CTNNAL1,SKA3,1,1
CTNNAL1,SPRYD7,1,1
CTNNAL1,SUPV3L1,1,1
CTNNAL1,TAF5,1,1
CTNNAL1,TIMM23,1,1
CTNNAL1,TRPM2,1,1
CTNNAL1,TSSC4,1,1
CTNNAL1,UBA6,1,1
CTNNAL1,UBL4A,1,1
CTNNAL1,VRK1,1,1
CTNNAL1,ZNF281,1,1
CTNNAL1,ZNF696,1,1
TFB2M,ABCE1,1,1
TFB2M,ACTN1,1,1
TFB2M,AHCTF1,1,1
TFB2M,ANP32E,1,1
TFB2M,CBFB,1,1
TFB2M,CCT2,1,1
TFB2M,CNOT3,1,1
TFB2M,CPSF6,1,1
TFB2M,DDX18,1,1
TFB2M,DHX35,1,1
TFB2M,EIF2B1,1,1
TFB2M,EIF3J,1,1
TFB2M,EIF6,1,1
TFB2M,ERI1,1,1
TFB2M,ERVK3-1,1,1
TFB2M,FAM136A,1,1
TFB2M,GHDC,1,1
TFB2M,GTF3C4,1,1
TFB2M,HNRNPU,1,1
TFB2M,KIAA0101,1,1
TFB2M,KIF14,1,1
TFB2M,KMT5A,1,1
TFB2M,LBR,1,1
TFB2M,LLPH,1,1
TFB2M,LMNB1,1,1
TFB2M,MEGF8,1,1
TFB2M,MLKL,1,1
TFB2M,MRPL39,1,1
TFB2M,NAA15,1,1
TFB2M,NOLC1,1,1
TFB2M,NUDCD1,1,1
TFB2M,NUP107,1,1
TFB2M,PAK1IP1,1,1
TFB2M,PCGF6,1,1
TFB2M,PDSS1,1,1
TFB2M,POLE3,1,1
TFB2M,POLR1B,1,1
TFB2M,POLR3E,1,1
TFB2M,PPM1G,1,1
TFB2M,PPP2CA,1,1
TFB2M,PSMC3,1,1
TFB2M,PSMC6,1,1
TFB2M,RAD23B,1,1
TFB2M,RELT,1,1
TFB2M,RNF126,1,1
TFB2M,RNF138,1,1
TFB2M,RRP12,1,1
TFB2M,RRP36,1,1
TFB2M,SACS,1,1
TFB2M,SMAGP,1,1
TFB2M,SOX10,1,1
TFB2M,SPIN4,1,1
TFB2M,SRSF1,1,1
TFB2M,TPM3,1,1
TFB2M,TRIP13,1,1
TFB2M,UBE2C,1,1
TFB2M,UHRF1BP1L,1,1
TFB2M,USP1,1,1
TFB2M,UTP23,1,1
TFB2M,VBP1,1,1
TFB2M,ZIC2,1,1
TFB2M,ZNF473,1,1
TFB2M,ZNF598,1,1
UMPS,AHCTF1,1,1
UMPS,CCT2,1,1
UMPS,HNRNPM,1,1
UMPS,LRRC58,1,1
UMPS,LYAR,1,1
UMPS,MEMO1,1,1
UMPS,PNPT1,1,1
UMPS,SLC2A1,1,1
UMPS,URB2,1,1
UMPS,USP10,1,1
WDR74,AHI1,1,1
WDR74,ANXA1,1,1
WDR74,C16ORF91,1,1
WDR74,CDC42EP2,1,1
WDR74,CDH2,1,1
WDR74,CFL2,1,1
WDR74,CNPY3,1,1
WDR74,DHRS7B,1,1
WDR74,DHX35,1,1
WDR74,EID2,1,1
WDR74,EIF6,1,1
WDR74,ERI1,1,1
WDR74,FEM1A,1,1
WDR74,FTSJ1,1,1
WDR74,FTSJ3,1,1
WDR74,GART,1,1
WDR74,IGF2BP1,1,1
WDR74,JTB,1,1
WDR74,KIAA0319L,1,1
WDR74,KIAA0586,1,1
WDR74,KIF3A,1,1
WDR74,KRT18,1,1
WDR74,LBR,1,1
WDR74,LINC01296,1,1
WDR74,MAGOH,1,1
WDR74,MMP24-AS1,1,1
WDR74,MRPL39,1,1
WDR74,NUFIP1,1,1
WDR74,NUP107,1,1
WDR74,PAK1IP1,1,1
WDR74,PDF,1,1
WDR74,PFDN2,1,1
WDR74,PLAUR,1,1
WDR74,PPM1G,1,1
WDR74,PRKCDBP,1,1
WDR74,PSMC3,1,1
WDR74,PSMC6,1,1
WDR74,PUS7L,1,1
WDR74,RNF13,1,1
WDR74,RRP12,1,1
WDR74,SAPCD2,1,1
WDR74,SEPT9,1,1
WDR74,SLC2A4RG,1,1
WDR74,SMN1,1,1
WDR74,SPIN4,1,1
WDR74,SREK1IP1,1,1
WDR74,TRIP13,1,1
WDR74,TSSC4,1,1
WDR74,VEZT,1,1
WDR74,WRN,1,1
WDR74,ZNF281,1,1
PSMC3,AHI1,1,1
PSMC3,ANP32E,1,1
PSMC3,C12ORF29,1,1
PSMC3,CDCA5,1,1
PSMC3,CDH2,1,1
PSMC3,CFL2,1,1
PSMC3,CNPY3,1,1
PSMC3,DDX18,1,1
PSMC3,DEK,1,1
PSMC3,DHRS7B,1,1
PSMC3,DHX35,1,1
PSMC3,EID2,1,1
PSMC3,EIF6,1,1
PSMC3,ERI1,1,1
PSMC3,FAM136A,1,1
PSMC3,FAM60A,1,1
PSMC3,FTSJ1,1,1
PSMC3,FTSJ3,1,1
PSMC3,GART,1,1
PSMC3,GHDC,1,1
PSMC3,GTF3C4,1,1
PSMC3,HARS,1,1
PSMC3,HNRNPU,1,1
PSMC3,IFI44,1,1
PSMC3,IGF2BP1,1,1
PSMC3,KIAA0319L,1,1
PSMC3,KIAA0586,1,1
PSMC3,KMT5A,1,1
PSMC3,KRT18,1,1
PSMC3,LBR,1,1
PSMC3,LINC01296,1,1
PSMC3,LLPH,1,1
PSMC3,LMNB1,1,1
PSMC3,MAGOH,1,1
PSMC3,MEGF8,1,1
PSMC3,MMP24-AS1,1,1
PSMC3,MRPL39,1,1
PSMC3,NAA15,1,1
PSMC3,NUFIP1,1,1
PSMC3,NUP107,1,1
PSMC3,PAK1IP1,1,1
PSMC3,PCGF6,1,1
PSMC3,PDF,1,1
PSMC3,PDSS1,1,1
PSMC3,PFDN2,1,1
PSMC3,PLAUR,1,1
PSMC3,POLR3E,1,1
PSMC3,PPM1G,1,1
PSMC3,PPP2CA,1,1
PSMC3,PSMC6,1,1
PSMC3,PUS7L,1,1
PSMC3,RAB4B,1,1
PSMC3,RIOK1,1,1
PSMC3,RRP12,1,1
PSMC3,SACS,1,1
PSMC3,SAPCD2,1,1
PSMC3,SOX10,1,1
PSMC3,SPIN4,1,1
PSMC3,SREK1IP1,1,1
PSMC3,TMCO1,1,1
PSMC3,TPM3,1,1
PSMC3,TRIP13,1,1
PSMC3,TSSC4,1,1
PSMC3,UBE2C,1,1
PSMC3,UHRF1BP1L,1,1
PSMC3,USP1,1,1
PSMC3,UTP23,1,1
PSMC3,VRK1,1,1
PSMC3,WRN,1,1
PSMC3,ZIC2,1,1
PSMC3,ZNF281,1,1
PSMC3,ZNF473,1,1
C12ORF29,ADAMTS1,1,1
C12ORF29,CCDC59,1,1
C12ORF29,CLPTM1L,1,1
C12ORF29,DDX10,1,1
C12ORF29,DHRS7B,1,1
C12ORF29,FAM136A,1,1
C12ORF29,FASTKD3,1,1
C12ORF29,FTSJ1,1,1
C12ORF29,FTSJ3,1,1
C12ORF29,H2AFX,1,1
C12ORF29,IGF2BP1,1,1
C12ORF29,KIAA0319L,1,1
C12ORF29,KIAA0586,1,1
C12ORF29,LBR,1,1
C12ORF29,MRPL39,1,1
C12ORF29,MRPL50,1,1
C12ORF29,NOB1,1,1
C12ORF29,PDE6D,1,1
C12ORF29,PM20D2,1,1
C12ORF29,PPP2R1B,1,1
C12ORF29,PSMB5,1,1
C12ORF29,PSMC6,1,1
C12ORF29,RIOK1,1,1
C12ORF29,SACS,1,1
C12ORF29,SPIN4,1,1
C12ORF29,UTP23,1,1
C12ORF29,WRN,1,1
C12ORF29,ZNF215,1,1
HSP90AA1,CHAF1B,1,1
HSP90AA1,HNRNPU,1,1
HSP90AA1,KIAA0101,1,1
HSP90AA1,KIF14,1,1
HSP90AA1,LMNB1,1,1
HSP90AA1,POLE3,1,1
HSP90AA1,RAD23B,1,1
HSP90AA1,TEAD4,1,1
HSP90AA1,VBP1,1,1
HSP90AA1,ZIC2,1,1
ALDH18A1,NPM3,1,1
CCDC59,ADAMTS1,1,1
CCDC59,CDV3,1,1
CCDC59,DDX10,1,1
CCDC59,FAM136A,1,1
CCDC59,MRPL50,1,1
CCDC59,PM20D2,1,1
CCDC59,RIF1,1,1
CCDC59,TTC27,1,1
CCDC59,ZNF215,1,1
TRMT13,DCAF6,1,1
TRMT13,DDX39B,1,1
TRMT13,MED29,1,1
TRMT13,NXT1,1,1
TRMT13,PLEKHG4,1,1
TRMT13,RAB4A,1,1
TRMT13,RBMXL1,1,1
TRMT13,UBA6,1,1
TRMT13,ZNF652,1,1
TRMT13,ZNF696,1,1
FAF2,CAV2,1,1
FAF2,DNAJC5,1,1
FAF2,DUSP10,1,1
FAF2,GALT,1,1
EIF4E,BCCIP,1,1
EIF4E,C4ORF46,1,1
EIF4E,CCAR1,1,1
EIF4E,DEK,1,1
EIF4E,DNAJC9,1,1
EIF4E,ENY2,1,1
EIF4E,ERLIN1,1,1
EIF4E,HMGN1,1,1
EIF4E,KIF11,1,1
EIF4E,KPNA3,1,1
EIF4E,METTL10,1,1
EIF4E,NXT1,1,1
EIF4E,PDLIM5,1,1
EIF4E,PLK4,1,1
EIF4E,RABGGTB,1,1
EIF4E,SKA3,1,1
EIF4E,SPRYD7,1,1
EIF4E,SUPV3L1,1,1
EIF4E,UBA6,1,1
GHDC,ACTN1,1,1
GHDC,ANP32E,1,1
GHDC,ATP6AP1,1,1
GHDC,BVES,1,1
GHDC,CDH2,1,1
GHDC,CFL2,1,1
GHDC,CMPK1,1,1
GHDC,CNPY3,1,1
GHDC,CPSF6,1,1
GHDC,CWC27,1,1
GHDC,DHRS7B,1,1
GHDC,DHX35,1,1
GHDC,DPF1,1,1
GHDC,FAM136A,1,1
GHDC,FARSA,1,1
GHDC,FTSJ1,1,1
GHDC,GLB1,1,1
GHDC,IGF2BP1,1,1
GHDC,KIAA0319L,1,1
GHDC,KLF15,1,1
GHDC,LBR,1,1
GHDC,MEGF8,1,1
GHDC,PM20D2,1,1
GHDC,POLR3E,1,1
GHDC,PSMC6,1,1
GHDC,PSMD4,1,1
GHDC,SEPT9,1,1
GHDC,SMN1,1,1
GHDC,SOX10,1,1
GHDC,SPIN4,1,1
GHDC,TMEM69,1,1
GHDC,TROVE2,1,1
GHDC,UBE2C,1,1
GHDC,UTP23,1,1
GHDC,VMA21,1,1
GHDC,ZIC2,1,1
GHDC,ZNF215,1,1
LLPH,ACTN1,1,1
LLPH,AHI1,1,1
LLPH,CDH2,1,1
LLPH,CFL2,1,1
LLPH,CMPK1,1,1
LLPH,DDX18,1,1
LLPH,DHRS7B,1,1
LLPH,DHX35,1,1
LLPH,EIF6,1,1
LLPH,ERI1,1,1
LLPH,FAM136A,1,1
LLPH,FAM60A,1,1
LLPH,FTSJ3,1,1
LLPH,GALT,1,1
LLPH,GART,1,1
LLPH,GTF3C4,1,1
LLPH,HARS,1,1
LLPH,HNRNPU,1,1
LLPH,KIAA0319L,1,1
LLPH,KMT5A,1,1
LLPH,KRT18,1,1
LLPH,LBR,1,1
LLPH,LINC01296,1,1
LLPH,MMP24-AS1,1,1
LLPH,MRPL39,1,1
LLPH,NAA15,1,1
LLPH,PAK1IP1,1,1
LLPH,PCGF6,1,1
LLPH,PDF,1,1
LLPH,PFDN2,1,1
LLPH,PIGV,1,1
LLPH,PLAUR,1,1
LLPH,POLR3C,1,1
LLPH,PPM1G,1,1
LLPH,PPP2CA,1,1
LLPH,PSMC6,1,1
LLPH,PUS7L,1,1
LLPH,RAB4B,1,1
LLPH,RPS26,1,1
LLPH,RRP12,1,1
LLPH,RRP36,1,1
LLPH,SACS,1,1
LLPH,SMARCD1,1,1
LLPH,SOX10,1,1
LLPH,SPIN4,1,1
LLPH,SREK1IP1,1,1
LLPH,TMCO1,1,1
LLPH,TMEM123,1,1
LLPH,TPM3,1,1
LLPH,TRIP13,1,1
LLPH,TROVE2,1,1
LLPH,UHRF1BP1L,1,1
LLPH,UTP23,1,1
LLPH,VEZT,1,1
LLPH,ZNF281,1,1
LLPH,ZNF473,1,1
USP16,CCAR1,1,1
USP16,KIF11,1,1
ASPHD2,CEP250,1,1
ASPHD2,LINC00493,1,1
SNRPF,BUB1B,1,1
SNRPF,KIAA1524,1,1
SNRPF,L2HGDH,1,1
SNRPF,MEMO1,1,1
SNRPF,PPP5C,1,1
SNRPF,TTC23,1,1
SNRPF,USP10,1,1
SNRPF,VBP1,1,1
KTI12,AP1M1,1,1
KTI12,BCCIP,1,1
KTI12,C19ORF47,1,1
KTI12,C5ORF42,1,1
KTI12,CDK4,1,1
KTI12,CEP250,1,1
KTI12,CWC22,1,1
KTI12,DCAF13,1,1
KTI12,ENY2,1,1
KTI12,GPATCH11,1,1
KTI12,HNRNPA1P48,1,1
KTI12,KIF11,1,1
KTI12,KMT5A,1,1
KTI12,KPNA3,1,1
KTI12,MRPL22,1,1
KTI12,MRPS10,1,1
KTI12,MTF2,1,1
KTI12,NAA15,1,1
KTI12,NANP,1,1
KTI12,NOLC1,1,1
KTI12,NPEPPS,1,1
KTI12,NUDCD1,1,1
KTI12,NXT1,1,1
KTI12,PCLO,1,1
KTI12,PDRG1,1,1
KTI12,PDSS1,1,1
KTI12,PLAGL2,1,1
KTI12,PPP2CA,1,1
KTI12,PRELID1,1,1
KTI12,SKA3,1,1
KTI12,SUPV3L1,1,1
KTI12,TAF2,1,1
KTI12,TRPM2,1,1
KTI12,TXN,1,1
KTI12,UBA6,1,1
KTI12,UBE2J2,1,1
KTI12,ZBTB37,1,1
ITGAE,GPM6B,1,1
RNF113A,CKLF,1,1
RNF113A,DCAF6,1,1
RNF113A,DDX39B,1,1
RNF113A,GNA12,1,1
RNF113A,GRB2,1,1
RNF113A,IGSF3,1,1
RNF113A,LINC00493,1,1
RNF113A,MRPS14,1,1
RNF113A,MYOF,1,1
RNF113A,NPEPPS,1,1
RNF113A,NXT1,1,1
RNF113A,RAB4A,1,1
RNF113A,RAB7A,1,1
RNF113A,UBA6,1,1
RNF113A,UBE2J2,1,1
G6PC3,ARF1,1,1
G6PC3,PLEKHG4,1,1
G6PC3,RAB4A,1,1
G6PC3,TIFA,1,1
G6PC3,TRIM44,1,1
DHX29,CPSF6,1,1
DHX29,EIF3J,1,1
DHX29,RIF1,1,1
ZNF678,ABCA5,1,1
ZNF678,C16ORF91,1,1
ZNF678,CLPTM1L,1,1
ZNF678,CNPY3,1,1
ZNF678,CWC27,1,1
ZNF678,EIF3G,1,1
ZNF678,FAM69B,1,1
ZNF678,FARSA,1,1
ZNF678,ID1,1,1
ZNF678,IGF2BP1,1,1
ZNF678,ISY1,1,1
ZNF678,KIAA0319L,1,1
ZNF678,KIF3A,1,1
ZNF678,MICALL1,1,1
ZNF678,PLAUR,1,1
ZNF678,PPP1R14BP3,1,1
ZNF678,PSMB5,1,1
ZNF678,SEPT9,1,1
ZNF678,SMN1,1,1
ZNF678,TROVE2,1,1
ZNF678,VEZT,1,1
PAXIP1,CDV3,1,1
PAXIP1,MRPL50,1,1
PAXIP1,RIF1,1,1
NUDCD1,ACTN1,1,1
NUDCD1,BCCIP,1,1
NUDCD1,C19ORF47,1,1
NUDCD1,C5ORF42,1,1
NUDCD1,CAV2,1,1
NUDCD1,CDK4,1,1
NUDCD1,CWC22,1,1
NUDCD1,CYB5D2,1,1
NUDCD1,DCAF13,1,1
NUDCD1,DDX18,1,1
NUDCD1,DDX31,1,1
NUDCD1,EIF2B1,1,1
NUDCD1,EIF6,1,1
NUDCD1,ENY2,1,1
NUDCD1,FAM60A,1,1
NUDCD1,GALT,1,1
NUDCD1,GPBP1L1,1,1
NUDCD1,HARS,1,1
NUDCD1,KMT5A,1,1
NUDCD1,LINC01296,1,1
NUDCD1,MRPL22,1,1
NUDCD1,MRPS10,1,1
NUDCD1,MYOF,1,1
NUDCD1,MYSM1,1,1
NUDCD1,NAA15,1,1
NUDCD1,NANP,1,1
NUDCD1,NOLC1,1,1
NUDCD1,NPEPPS,1,1
NUDCD1,NPM3,1,1
NUDCD1,NXT1,1,1
NUDCD1,PDRG1,1,1
NUDCD1,PDSS1,1,1
NUDCD1,PPM1G,1,1
NUDCD1,PPP2CA,1,1
NUDCD1,PRELID1,1,1
NUDCD1,RRP36,1,1
NUDCD1,SCYL3,1,1
NUDCD1,SKIV2L2,1,1
NUDCD1,TAF2,1,1
NUDCD1,TMEM205,1,1
NUDCD1,TPM3,1,1
NUDCD1,TRIP13,1,1
NUDCD1,UBA6,1,1
NUDCD1,UBE2J2,1,1
NUDCD1,ZBTB37,1,1
NUDCD1,ZNF473,1,1
MED8,CXADR,1,1
MED8,GFM2,1,1
MED8,IRX5,1,1
DUSP10,ANXA1,1,1
DUSP10,CAV2,1,1
DUSP10,CDH2,1,1
DUSP10,CLIC1,1,1
DUSP10,FAM60A,1,1
DUSP10,GADD45A,1,1
DUSP10,GALT,1,1
DUSP10,LINC01296,1,1
DUSP10,MAP3K7,1,1
DUSP10,NDFIP2,1,1
DUSP10,PRKCDBP,1,1
DUSP10,SMARCD1,1,1
DUSP10,TMCO1,1,1
DUSP10,TMEM123,1,1
DUSP10,XPOT,1,1
SP3,B4GAT1,1,1
SP3,DCAF13,1,1
SP3,GINS1,1,1
SP3,IPO11,1,1
SP3,MSH2,1,1
SP3,SKIV2L2,1,1
SP3,TAF2,1,1
SP3,TMEM205,1,1
RNF13,ANKRD33B,1,1
RNF13,ANXA1,1,1
RNF13,CDH2,1,1
RNF13,CFL2,1,1
RNF13,CNPY3,1,1
RNF13,DHX35,1,1
RNF13,IFI44,1,1
RNF13,KRT18,1,1
RNF13,PFDN2,1,1
RNF13,SEPT9,1,1
RNF13,SLC2A4RG,1,1
RNF13,TRIM62,1,1
RRP1,CEBPZ,1,1
RRP1,MSH2,1,1
RRP1,POLE3,1,1
RRP1,RBM14,1,1
RRP1,SRSF2,1,1
TRIM62,ANKRD33B,1,1
TRIM62,MRPS14,1,1
TRIM62,NPM3,1,1
TRIM62,RPS21,1,1
TRIM62,TMEM123,1,1
ZNF281,ADNP2,1,1
ZNF281,AHI1,1,1
ZNF281,ANKRD33B,1,1
ZNF281,BNIP1,1,1
ZNF281,CDH2,1,1
ZNF281,CDK4,1,1
ZNF281,CFL2,1,1
ZNF281,DEK,1,1
ZNF281,DHX35,1,1
ZNF281,EIF4E2,1,1
ZNF281,EIF6,1,1
ZNF281,ERI1,1,1
ZNF281,FAM60A,1,1
ZNF281,FTSJ3,1,1
ZNF281,GART,1,1
ZNF281,HARS,1,1
ZNF281,HMGN1,1,1
ZNF281,KMT5A,1,1
ZNF281,KPNA3,1,1
ZNF281,KRT18,1,1
ZNF281,LINC01296,1,1
ZNF281,MAGOH,1,1
ZNF281,MIER1,1,1
ZNF281,MMP24-AS1,1,1
ZNF281,MRPS10,1,1
ZNF281,MRPS14,1,1
ZNF281,MYSM1,1,1
ZNF281,NPM3,1,1
ZNF281,NUFIP1,1,1
ZNF281,NUP107,1,1
ZNF281,PAK1IP1,1,1
ZNF281,PDF,1,1
ZNF281,PFDN2,1,1
ZNF281,PPM1G,1,1
ZNF281,PRKCDBP,1,1
ZNF281,PUS7L,1,1
ZNF281,RAD1,1,1
ZNF281,RBMXL1,1,1
ZNF281,RPS26,1,1
ZNF281,RRP12,1,1
ZNF281,SAPCD2,1,1
ZNF281,SREK1IP1,1,1
ZNF281,TAF5,1,1
ZNF281,TIMM23,1,1
ZNF281,TMCO1,1,1
ZNF281,TMEM123,1,1
ZNF281,TRIP13,1,1
ZNF281,TSSC4,1,1
ZNF281,VRK1,1,1
ZNF281,ZNF473,1,1
KIAA0319L,ANXA1,1,1
KIAA0319L,C16ORF91,1,1
KIAA0319L,CDC42EP2,1,1
KIAA0319L,CDH2,1,1
KIAA0319L,CFL2,1,1
KIAA0319L,CLPTM1L,1,1
KIAA0319L,CMPK1,1,1
KIAA0319L,CNOT3,1,1
KIAA0319L,CNPY3,1,1
KIAA0319L,DHRS7B,1,1
KIAA0319L,DHX35,1,1
KIAA0319L,FAM136A,1,1
KIAA0319L,FAM69B,1,1
KIAA0319L,FARSA,1,1
KIAA0319L,FTSJ1,1,1
KIAA0319L,FTSJ3,1,1
KIAA0319L,GART,1,1
KIAA0319L,ID1,1,1
KIAA0319L,IGF2BP1,1,1
KIAA0319L,ISY1,1,1
KIAA0319L,KIAA0586,1,1
KIAA0319L,KIF3A,1,1
KIAA0319L,KRT18,1,1
KIAA0319L,LBR,1,1
KIAA0319L,MRPL39,1,1
KIAA0319L,PDE6D,1,1
KIAA0319L,PFDN2,1,1
KIAA0319L,PLAUR,1,1
KIAA0319L,PM20D2,1,1
KIAA0319L,PSMB5,1,1
KIAA0319L,PSMC6,1,1
KIAA0319L,SACS,1,1
KIAA0319L,SEPT9,1,1
KIAA0319L,SLC2A4RG,1,1
KIAA0319L,SMARCD1,1,1
KIAA0319L,SMN1,1,1
KIAA0319L,SPIN4,1,1
KIAA0319L,SREK1IP1,1,1
KIAA0319L,TMCO1,1,1
KIAA0319L,TROVE2,1,1
KIAA0319L,UTP23,1,1
KIAA0319L,VEZT,1,1
KIAA0319L,VMA21,1,1
KIAA0319L,WDR18,1,1
KIAA0319L,WRN,1,1
KIAA0319L,ZNF215,1,1
TAF2,BCCIP,1,1
TAF2,C19ORF47,1,1
TAF2,CDK4,1,1
TAF2,CEBPZ,1,1
TAF2,CWC22,1,1
TAF2,DCAF13,1,1
TAF2,DDX18,1,1
TAF2,GINS1,1,1
TAF2,GPATCH11,1,1
TAF2,HNRNPA1P48,1,1
TAF2,IPO11,1,1
TAF2,KIF11,1,1
TAF2,MRPL22,1,1
TAF2,MSH2,1,1
TAF2,MTF2,1,1
TAF2,NAA15,1,1
TAF2,NANP,1,1
TAF2,NOLC1,1,1
TAF2,NPEPPS,1,1
TAF2,PDRG1,1,1
TAF2,PDSS1,1,1
TAF2,PPP2CA,1,1
TAF2,PRELID1,1,1
TAF2,SCYL3,1,1
TAF2,SKIV2L2,1,1
TAF2,TMEM205,1,1
TAF2,UBE2J2,1,1
TAF2,UHRF1BP1L,1,1
PLAUR,ABCA5,1,1
PLAUR,AHI1,1,1
PLAUR,ANXA1,1,1
PLAUR,C16ORF91,1,1
PLAUR,CDC42EP2,1,1
PLAUR,CDH2,1,1
PLAUR,CFL2,1,1
PLAUR,CLPTM1L,1,1
PLAUR,CNPY3,1,1
PLAUR,DHRS7B,1,1
PLAUR,FAM69B,1,1
PLAUR,FARSA,1,1
PLAUR,FTSJ1,1,1
PLAUR,FTSJ3,1,1
PLAUR,GART,1,1
PLAUR,ID1,1,1
PLAUR,IGF2BP1,1,1
PLAUR,ISY1,1,1
PLAUR,KIAA0586,1,1
PLAUR,KRT18,1,1
PLAUR,LINC01296,1,1
PLAUR,MICALL1,1,1
PLAUR,MRPL39,1,1
PLAUR,PFDN2,1,1
PLAUR,POLB,1,1
PLAUR,PPP1R14BP3,1,1
PLAUR,PRKCDBP,1,1
PLAUR,PSMB5,1,1
PLAUR,PSMC6,1,1
PLAUR,RRP12,1,1
PLAUR,SACS,1,1
PLAUR,SEPT9,1,1
PLAUR,SLC2A4RG,1,1
PLAUR,SMARCD1,1,1
PLAUR,SMN1,1,1
PLAUR,SPIN4,1,1
PLAUR,SREK1IP1,1,1
PLAUR,TMCO1,1,1
PLAUR,TROVE2,1,1
PLAUR,VEZT,1,1
PLAUR,WRN,1,1
PLAUR,ZPR1,1,1
PFDN2,AHI1,1,1
PFDN2,ANKRD33B,1,1
PFDN2,ANXA1,1,1
PFDN2,CDH2,1,1
PFDN2,CDK4,1,1
PFDN2,CFL2,1,1
PFDN2,CNPY3,1,1
PFDN2,DHRS7B,1,1
PFDN2,DHX35,1,1
PFDN2,EID2,1,1
PFDN2,EIF4E2,1,1
PFDN2,EIF6,1,1
PFDN2,ERI1,1,1
PFDN2,FAM60A,1,1
PFDN2,FTSJ1,1,1
PFDN2,FTSJ3,1,1
PFDN2,GART,1,1
PFDN2,GPBP1L1,1,1
PFDN2,HARS,1,1
PFDN2,KMT5A,1,1
PFDN2,KRT18,1,1
PFDN2,LINC01296,1,1
PFDN2,MAGOH,1,1
PFDN2,MIER1,1,1
PFDN2,MMP24-AS1,1,1
PFDN2,MRPS14,1,1
PFDN2,MYSM1,1,1
PFDN2,NPM3,1,1
PFDN2,NUP107,1,1
PFDN2,PAK1IP1,1,1
PFDN2,PDF,1,1
PFDN2,PPM1G,1,1
PFDN2,PRKCDBP,1,1
PFDN2,PUS7L,1,1
PFDN2,RAD1,1,1
PFDN2,RPS21,1,1
PFDN2,RPS26,1,1
PFDN2,RRP12,1,1
PFDN2,SAPCD2,1,1
PFDN2,SEPT9,1,1
PFDN2,SLC2A4RG,1,1
PFDN2,SMARCD1,1,1
PFDN2,SPIN4,1,1
PFDN2,SREK1IP1,1,1
PFDN2,TIMM23,1,1
PFDN2,TMCO1,1,1
PFDN2,TMEM123,1,1
PFDN2,TRIP13,1,1
PFDN2,TSSC4,1,1
PFDN2,VEZT,1,1
PFDN2,ZNF473,1,1
PFDN2,ZNF655,1,1
TIMM23,ABHD5,1,1
TIMM23,ADNP2,1,1
TIMM23,AHI1,1,1
TIMM23,BNIP1,1,1
TIMM23,C12ORF75,1,1
TIMM23,C19ORF47,1,1
TIMM23,C4ORF46,1,1
TIMM23,CDCA5,1,1
TIMM23,CDK4,1,1
TIMM23,CENPJ,1,1
TIMM23,CEP250,1,1
TIMM23,DDX39B,1,1
TIMM23,DEK,1,1
TIMM23,EIF4E2,1,1
TIMM23,ENY2,1,1
TIMM23,ERI1,1,1
TIMM23,GART,1,1
TIMM23,GTF3C4,1,1
TIMM23,HARS,1,1
TIMM23,HMGN1,1,1
TIMM23,HNRNPA1P48,1,1
TIMM23,KMT5A,1,1
TIMM23,KPNA3,1,1
TIMM23,MAGOH,1,1
TIMM23,MED29,1,1
TIMM23,MMP24-AS1,1,1
TIMM23,MRPS10,1,1
TIMM23,NAA20,1,1
TIMM23,NAF1,1,1
TIMM23,NPM3,1,1
TIMM23,NUFIP1,1,1
TIMM23,NUP107,1,1
TIMM23,PAK1IP1,1,1
TIMM23,PDF,1,1
TIMM23,PDSS1,1,1
TIMM23,PLAGL2,1,1
TIMM23,PPM1G,1,1
TIMM23,PUS7L,1,1
TIMM23,RABGGTB,1,1
TIMM23,RAD1,1,1
TIMM23,RBMXL1,1,1
TIMM23,RRP12,1,1
TIMM23,SAPCD2,1,1
TIMM23,SKA3,1,1
TIMM23,SPRYD7,1,1
TIMM23,SUPV3L1,1,1
TIMM23,TAF5,1,1
TIMM23,TRPM2,1,1
TIMM23,TSSC4,1,1
TIMM23,UBA6,1,1
TIMM23,USP1,1,1
TIMM23,VRK1,1,1
TIMM23,ZNF696,1,1
DCAF13,ABCE1,1,1
DCAF13,B4GAT1,1,1
DCAF13,BCCIP,1,1
DCAF13,CHERP,1,1
DCAF13,CWC22,1,1
DCAF13,CYB5D2,1,1
DCAF13,DDX18,1,1
DCAF13,EIF2B1,1,1
DCAF13,GINS1,1,1
DCAF13,HNRNPH1,1,1
DCAF13,IPO11,1,1
DCAF13,KIF14,1,1
DCAF13,MSH2,1,1
DCAF13,NAA15,1,1
DCAF13,NANP,1,1
DCAF13,NOLC1,1,1
DCAF13,NPEPPS,1,1
DCAF13,ORC6,1,1
DCAF13,PDRG1,1,1
DCAF13,PDSS1,1,1
DCAF13,PPP2CA,1,1
DCAF13,PRELID1,1,1
DCAF13,SCYL3,1,1
DCAF13,SKIV2L2,1,1
DCAF13,SMAGP,1,1
DCAF13,STIL,1,1
DCAF13,TMEM205,1,1
DCAF13,TUBA1C,1,1
DCAF13,UBE2J2,1,1
DCAF13,ZBTB37,1,1
ERLIN1,C4ORF46,1,1
ERLIN1,CHUK,1,1
ERLIN1,DNAJC9,1,1
ERLIN1,ENY2,1,1
ERLIN1,FAM111B,1,1
ERLIN1,HMGN1,1,1
ERLIN1,KPNA3,1,1
ERLIN1,METTL10,1,1
ERLIN1,NAF1,1,1
ERLIN1,NDUFC2,1,1
ERLIN1,PLAGL2,1,1
ERLIN1,RABGGTB,1,1
ERLIN1,RNPS1,1,1
ERLIN1,SFXN2,1,1
ERLIN1,SKA3,1,1
ERLIN1,SUPV3L1,1,1
ERLIN1,UBA6,1,1
ERLIN1,ZNF652,1,1
FTSJ1,AHI1,1,1
FTSJ1,C16ORF91,1,1
FTSJ1,CDC42EP2,1,1
FTSJ1,CDH2,1,1
FTSJ1,CFL2,1,1
FTSJ1,CLPTM1L,1,1
FTSJ1,CNOT3,1,1
FTSJ1,CNPY3,1,1
FTSJ1,DHRS7B,1,1
FTSJ1,DHX35,1,1
FTSJ1,FARSA,1,1
FTSJ1,FTSJ3,1,1
FTSJ1,GART,1,1
FTSJ1,IGF2BP1,1,1
FTSJ1,ISY1,1,1
FTSJ1,JTB,1,1
FTSJ1,KIF3A,1,1
FTSJ1,KRT18,1,1
FTSJ1,LBR,1,1
FTSJ1,MRPL39,1,1
FTSJ1,PAK1IP1,1,1
FTSJ1,POLR3E,1,1
FTSJ1,PSMB5,1,1
FTSJ1,PSMC6,1,1
FTSJ1,RRP12,1,1
FTSJ1,SEPT9,1,1
FTSJ1,SLC2A4RG,1,1
FTSJ1,SMN1,1,1
FTSJ1,SPIN4,1,1
FTSJ1,TRIP13,1,1
FTSJ1,UBE2C,1,1
FTSJ1,UTP23,1,1
FTSJ1,WRN,1,1
SSH2,SEPHS2,1,1
ZNF473,ABCF1,1,1
ZNF473,AHI1,1,1
ZNF473,BCCIP,1,1
ZNF473,BNIP1,1,1
ZNF473,C19ORF47,1,1
ZNF473,CDK4,1,1
ZNF473,CWC22,1,1
ZNF473,DDX18,1,1
ZNF473,DDX31,1,1
ZNF473,DDX39B,1,1
ZNF473,DEK,1,1
ZNF473,DHX35,1,1
ZNF473,EIF4E2,1,1
ZNF473,EIF6,1,1
ZNF473,ERI1,1,1
ZNF473,ERVK3-1,1,1
ZNF473,FAM60A,1,1
ZNF473,GART,1,1
ZNF473,GFER,1,1
ZNF473,GTF3C4,1,1
ZNF473,HARS,1,1
ZNF473,KMT5A,1,1
ZNF473,KPNA3,1,1
ZNF473,LINC01296,1,1
ZNF473,LMNB1,1,1
ZNF473,MAGOH,1,1
ZNF473,MMP24-AS1,1,1
ZNF473,MYSM1,1,1
ZNF473,NAA15,1,1
ZNF473,NANP,1,1
ZNF473,NOLC1,1,1
ZNF473,NPEPPS,1,1
ZNF473,NPM3,1,1
ZNF473,NUP107,1,1
ZNF473,NXT1,1,1
ZNF473,PAK1IP1,1,1
ZNF473,PCGF6,1,1
ZNF473,PDF,1,1
ZNF473,PDRG1,1,1
ZNF473,PDSS1,1,1
ZNF473,PPM1G,1,1
ZNF473,PPP2CA,1,1
ZNF473,PUS7L,1,1
ZNF473,RRP12,1,1
ZNF473,RRP36,1,1
ZNF473,SAPCD2,1,1
ZNF473,TPM3,1,1
ZNF473,TRIP13,1,1
ZNF473,TSSC4,1,1
ZNF473,UBE2J2,1,1
ZNF473,UHRF1BP1L,1,1
ZNF473,USP1,1,1
ZNF473,UTP23,1,1
ZNF473,ZNF655,1,1
EIF3J,ABCE1,1,1
EIF3J,AHCTF1,1,1
EIF3J,CBFB,1,1
EIF3J,CCT2,1,1
EIF3J,CPSF6,1,1
EIF3J,ERVK3-1,1,1
EIF3J,FAM136A,1,1
EIF3J,FASTKD3,1,1
EIF3J,HNRNPU,1,1
EIF3J,LYAR,1,1
EIF3J,POLR1B,1,1
EIF3J,RELT,1,1
EIF3J,SLC2A1,1,1
EIF3J,SRSF1,1,1
EIF3J,UTP23,1,1
EIF3J,ZNF598,1,1
RPS26,ABCA5,1,1
RPS26,ANXA1,1,1
RPS26,ATP6AP1,1,1
RPS26,CDH2,1,1
RPS26,CFL2,1,1
RPS26,CMPK1,1,1
RPS26,ERBB3,1,1
RPS26,FAM60A,1,1
RPS26,FARSA,1,1
RPS26,FTSJ3,1,1
RPS26,GANAB,1,1
RPS26,GART,1,1
RPS26,GPBP1L1,1,1
RPS26,KRT18,1,1
RPS26,LINC01296,1,1
RPS26,MAP3K7,1,1
RPS26,PPM1G,1,1
RPS26,PUS7L,1,1
RPS26,RAB4B,1,1
RPS26,RPS2P5,1,1
RPS26,RTP4,1,1
RPS26,SLC2A4RG,1,1
RPS26,SMARCD1,1,1
RPS26,TMCO1,1,1
RPS26,TMEM123,1,1
RPS26,VEZT,1,1
MSH2,ABCE1,1,1
MSH2,AKAP1,1,1
MSH2,B4GAT1,1,1
MSH2,BCCIP,1,1
MSH2,CEBPZ,1,1
MSH2,CENPE,1,1
MSH2,CHERP,1,1
MSH2,CWC22,1,1
MSH2,DDX18,1,1
MSH2,GINS1,1,1
MSH2,GMNN,1,1
MSH2,IPO11,1,1
MSH2,KIAA0101,1,1
MSH2,KIF11,1,1
MSH2,KIF14,1,1
MSH2,MTF2,1,1
MSH2,NOLC1,1,1
MSH2,ORC6,1,1
MSH2,PDRG1,1,1
MSH2,PRELID1,1,1
MSH2,PRPS2,1,1
MSH2,SKIV2L2,1,1
MSH2,SRSF2,1,1
MSH2,STIL,1,1
MSH2,TMEM205,1,1
MSH2,TUBA1C,1,1
TXN,BCCIP,1,1
TXN,C19ORF47,1,1
TXN,C5ORF42,1,1
TXN,CDK4,1,1
TXN,CEP250,1,1
TXN,ENY2,1,1
TXN,GPATCH11,1,1
TXN,KPNA3,1,1
TXN,METTL10,1,1
TXN,MRPS10,1,1
TXN,NANP,1,1
TXN,NPEPPS,1,1
TXN,NXT1,1,1
TXN,PCLO,1,1
TXN,PDSS1,1,1
TXN,PRELID1,1,1
TXN,RABGGTB,1,1
TXN,SKA3,1,1
TXN,TRPM2,1,1
TXN,UBA6,1,1
ACTN1,ABCE1,1,1
ACTN1,ATP6AP1,1,1
ACTN1,CBFB,1,1
ACTN1,CCT2,1,1
ACTN1,CDH2,1,1
ACTN1,CLINT1,1,1
ACTN1,CMPK1,1,1
ACTN1,CPSF6,1,1
ACTN1,CYB5D2,1,1
ACTN1,DDX18,1,1
ACTN1,EIF2B1,1,1
ACTN1,EIF6,1,1
ACTN1,ERVK3-1,1,1
ACTN1,FAM60A,1,1
ACTN1,GALT,1,1
ACTN1,HNRNPU,1,1
ACTN1,KIF14,1,1
ACTN1,KLF15,1,1
ACTN1,KMT5A,1,1
ACTN1,LBR,1,1
ACTN1,LINC01296,1,1
ACTN1,MEGF8,1,1
ACTN1,MLKL,1,1
ACTN1,MYSM1,1,1
ACTN1,NAA15,1,1
ACTN1,NDFIP2,1,1
ACTN1,NOLC1,1,1
ACTN1,PKNOX1,1,1
ACTN1,POLR1B,1,1
ACTN1,POLR3E,1,1
ACTN1,PPM1G,1,1
ACTN1,PPP2CA,1,1
ACTN1,RAD23B,1,1
ACTN1,RELT,1,1
ACTN1,RNF126,1,1
ACTN1,RRP36,1,1
ACTN1,SCYL3,1,1
ACTN1,SKIV2L2,1,1
ACTN1,SMAGP,1,1
ACTN1,SMARCD1,1,1
ACTN1,SOX10,1,1
ACTN1,TMEM69,1,1
ACTN1,TPM3,1,1
ACTN1,TRIP13,1,1
ACTN1,UBE2C,1,1
ACTN1,UTP23,1,1
ACTN1,VBP1,1,1
ACTN1,VMA21,1,1
ACTN1,XPOT,1,1
DDX10,FAM136A,1,1
DDX10,MRPL50,1,1
DDX10,PM20D2,1,1
DDX10,TTC27,1,1
DDX10,ZNF215,1,1
NAA20,ABHD5,1,1
NAA20,C12ORF75,1,1
NAA20,C4ORF46,1,1
NAA20,CDCA5,1,1
NAA20,CENPJ,1,1
NAA20,DEK,1,1
NAA20,DUT,1,1
NAA20,ENY2,1,1
NAA20,FAM111B,1,1
NAA20,GTF3C4,1,1
NAA20,HARS,1,1
NAA20,HMGN1,1,1
NAA20,KPNA3,1,1
NAA20,MAGOH,1,1
NAA20,NAA15,1,1
NAA20,NAF1,1,1
NAA20,NUFIP1,1,1
NAA20,NUP107,1,1
NAA20,PAK1IP1,1,1
NAA20,PDSS1,1,1
NAA20,PLK4,1,1
NAA20,POLE3,1,1
NAA20,RAD1,1,1
NAA20,RBMXL1,1,1
NAA20,SAPCD2,1,1
NAA20,SKA3,1,1
NAA20,SPRYD7,1,1
NAA20,SUPV3L1,1,1
NAA20,TRPM2,1,1
NAA20,USP1,1,1
NAA20,VRK1,1,1
STIL,AKAP1,1,1
STIL,CHERP,1,1
STIL,GINS1,1,1
STIL,GMNN,1,1
STIL,IPO11,1,1
STIL,KIF14,1,1
STIL,ORC6,1,1
STIL,PTBP1,1,1
STIL,SKIV2L2,1,1
STIL,TMEM205,1,1
STIL,TUBA1C,1,1
NOB1,H2AFX,1,1
NOB1,PDE6D,1,1
GPATCH11,AP1M1,1,1
GPATCH11,BCCIP,1,1
GPATCH11,C19ORF47,1,1
GPATCH11,C5ORF42,1,1
GPATCH11,CHUK,1,1
GPATCH11,CWC22,1,1
GPATCH11,DNAJC9,1,1
GPATCH11,ENY2,1,1
GPATCH11,HNRNPA1P48,1,1
GPATCH11,MRPL22,1,1
GPATCH11,MTF2,1,1
GPATCH11,NPEPPS,1,1
GPATCH11,OSER1,1,1
GPATCH11,PCLO,1,1
GPATCH11,PLAGL2,1,1
GPATCH11,PRELID1,1,1
GPATCH11,PSPC1,1,1
GPATCH11,RNPS1,1,1
GPATCH11,TRPM2,1,1
GFER,CWC22,1,1
GFER,DDX31,1,1
GFER,EIF6,1,1
GFER,GPBP1L1,1,1
GFER,PPM1G,1,1
GFER,ZNF655,1,1
C12ORF75,AHI1,1,1
C12ORF75,BNIP1,1,1
C12ORF75,C19ORF47,1,1
C12ORF75,CEP250,1,1
C12ORF75,DDX39B,1,1
C12ORF75,DEK,1,1
C12ORF75,ENY2,1,1
C12ORF75,HARS,1,1
C12ORF75,HMGN1,1,1
C12ORF75,IFI44,1,1
C12ORF75,KMT5A,1,1
C12ORF75,KPNA3,1,1
C12ORF75,MAGOH,1,1
C12ORF75,MMP24-AS1,1,1
C12ORF75,MRPS10,1,1
C12ORF75,MRPS14,1,1
C12ORF75,NPEPPS,1,1
C12ORF75,NPM3,1,1
C12ORF75,NXT1,1,1
C12ORF75,PDF,1,1
C12ORF75,PDSS1,1,1
C12ORF75,PUS7L,1,1
C12ORF75,RAB7A,1,1
C12ORF75,RABGGTB,1,1
C12ORF75,SAPCD2,1,1
C12ORF75,SKA3,1,1
C12ORF75,SUPV3L1,1,1
C12ORF75,TRPM2,1,1
C12ORF75,TSSC4,1,1
C12ORF75,USP1,1,1
RPL13A,PLEKHG4,1,1
RPL13A,RACK1,1,1
RPL13A,RPL31,1,1
RBMX,EML2,1,1
RBMX,HNRNPM,1,1
RBMX,LRRC58,1,1
RBMX,PNPT1,1,1
TMCO1,AHI1,1,1
TMCO1,ANXA1,1,1
TMCO1,CDH2,1,1
TMCO1,CFL2,1,1
TMCO1,CMPK1,1,1
TMCO1,DHRS7B,1,1
TMCO1,EIF6,1,1
TMCO1,ERI1,1,1
TMCO1,FAM60A,1,1
TMCO1,FARSA,1,1
TMCO1,FTSJ3,1,1
TMCO1,GALT,1,1
TMCO1,GANAB,1,1
TMCO1,GART,1,1
TMCO1,GPBP1L1,1,1
TMCO1,GSKIP,1,1
TMCO1,KMT5A,1,1
TMCO1,KRT18,1,1
TMCO1,LBR,1,1
TMCO1,LINC01296,1,1
TMCO1,MAP3K7,1,1
TMCO1,MMP24-AS1,1,1
TMCO1,MRPL39,1,1
TMCO1,PDF,1,1
TMCO1,PPM1G,1,1
TMCO1,PPP2CA,1,1
TMCO1,PRKCDBP,1,1
TMCO1,PUS7L,1,1
TMCO1,RAB4B,1,1
TMCO1,RRP12,1,1
TMCO1,SACS,1,1
TMCO1,SMARCD1,1,1
TMCO1,SOX10,1,1
TMCO1,SREK1IP1,1,1
TMCO1,TMEM123,1,1
TMCO1,TPM3,1,1
TMCO1,TRIP13,1,1
TMCO1,UTP23,1,1
TMCO1,VEZT,1,1
TMCO1,VMA21,1,1
TMCO1,ZPR1,1,1
HEATR5A,APOBEC3C,1,1
HEATR5A,DCAF6,1,1
HEATR5A,GSK3A,1,1
WRN,CDC42EP2,1,1
WRN,CLPTM1L,1,1
WRN,CNPY3,1,1
WRN,DHRS7B,1,1
WRN,DHX35,1,1
WRN,FEM1A,1,1
WRN,FTSJ3,1,1
WRN,KIAA0586,1,1
WRN,KRT18,1,1
WRN,MRPL39,1,1
WRN,PDE6D,1,1
WRN,PNN,1,1
WRN,PPP2R1B,1,1
WRN,PSMB5,1,1
WRN,PSMC6,1,1
WRN,RIOK1,1,1
WRN,SPIN4,1,1
WRN,SREK1IP1,1,1
WRN,VEZT,1,1
KLHL18,CDC42EP2,1,1
KLHL18,FEM1A,1,1
KLHL18,FTSJ3,1,1
KLHL18,MRPL39,1,1
KLHL18,PIGV,1,1
KLHL18,PPP2R1B,1,1
KLHL18,PSMC6,1,1
KLHL18,ZPR1,1,1
NXT1,AP1M1,1,1
NXT1,BCCIP,1,1
NXT1,C19ORF47,1,1
NXT1,C5ORF42,1,1
NXT1,CDK4,1,1
NXT1,CEP250,1,1
NXT1,CWC22,1,1
NXT1,DCAF6,1,1
NXT1,DDX39B,1,1
NXT1,EIF6,1,1
NXT1,ENY2,1,1
NXT1,FAM60A,1,1
NXT1,GPAT3,1,1
NXT1,HARS,1,1
NXT1,KMT5A,1,1
NXT1,KPNA3,1,1
NXT1,METTL10,1,1
NXT1,MRPS10,1,1
NXT1,MRPS14,1,1
NXT1,MYOF,1,1
NXT1,MYSM1,1,1
NXT1,NAA15,1,1
NXT1,NANP,1,1
NXT1,NPEPPS,1,1
NXT1,NPM3,1,1
NXT1,PCLO,1,1
NXT1,PDF,1,1
NXT1,PDSS1,1,1
NXT1,PLAGL2,1,1
NXT1,PRELID1,1,1
NXT1,RAB4A,1,1
NXT1,RAB7A,1,1
NXT1,RABGGTB,1,1
NXT1,TRPM2,1,1
NXT1,TSSC4,1,1
NXT1,UBA6,1,1
NXT1,UBE2J2,1,1
NXT1,ZBTB37,1,1
NXT1,ZNF652,1,1
NXT1,ZNF655,1,1
ZNF655,AHI1,1,1
ZNF655,ANKRD33B,1,1
ZNF655,ATP6AP1,1,1
ZNF655,CDK4,1,1
ZNF655,CKLF,1,1
ZNF655,EIF6,1,1
ZNF655,FAM60A,1,1
ZNF655,GPBP1L1,1,1
ZNF655,HARS,1,1
ZNF655,IFI44,1,1
ZNF655,IGSF3,1,1
ZNF655,KMT5A,1,1
ZNF655,LINC01296,1,1
ZNF655,MRPS14,1,1
ZNF655,MYSM1,1,1
ZNF655,NAA15,1,1
ZNF655,NANP,1,1
ZNF655,NPM3,1,1
ZNF655,PDF,1,1
ZNF655,PPM1G,1,1
ZNF655,PPP2CA,1,1
ZNF655,PUS7L,1,1
ZNF655,RRP12,1,1
ZNF655,TSSC4,1,1
ZNF655,UBE2J2,1,1
RAD1,ABHD5,1,1
RAD1,BNIP1,1,1
RAD1,C4ORF46,1,1
RAD1,CDCA5,1,1
RAD1,DDX31,1,1
RAD1,EID2,1,1
RAD1,EIF4E2,1,1
RAD1,GART,1,1
RAD1,HARS,1,1
RAD1,HMGN1,1,1
RAD1,KPNA3,1,1
RAD1,MAGOH,1,1
RAD1,MED29,1,1
RAD1,MMP24-AS1,1,1
RAD1,NAF1,1,1
RAD1,NUP107,1,1
RAD1,PAK1IP1,1,1
RAD1,PDF,1,1
RAD1,PLAGL2,1,1
RAD1,RBMXL1,1,1
RAD1,RRP12,1,1
RAD1,SAPCD2,1,1
RAD1,TAF5,1,1
RAD1,TRPM2,1,1
RAD1,TSSC4,1,1
RAD1,UBL4A,1,1
RAD1,VRK1,1,1
RAD1,ZNF696,1,1
RRP12,AHI1,1,1
RRP12,CDC42EP2,1,1
RRP12,CDH2,1,1
RRP12,CDK4,1,1
RRP12,DDX18,1,1
RRP12,DDX31,1,1
RRP12,DDX39B,1,1
RRP12,DHRS7B,1,1
RRP12,DHX35,1,1
RRP12,EIF6,1,1
RRP12,ERI1,1,1
RRP12,ERVK3-1,1,1
RRP12,FAM60A,1,1
RRP12,FEM1A,1,1
RRP12,FTSJ3,1,1
RRP12,GART,1,1
RRP12,GTF3C4,1,1
RRP12,HARS,1,1
RRP12,HNRNPU,1,1
RRP12,KMT5A,1,1
RRP12,KPNA3,1,1
RRP12,KRT18,1,1
RRP12,LBR,1,1
RRP12,LINC01296,1,1
RRP12,MAGOH,1,1
RRP12,MMP24-AS1,1,1
RRP12,MRPL39,1,1
RRP12,MRPS14,1,1
RRP12,MYSM1,1,1
RRP12,NAA15,1,1
RRP12,NOLC1,1,1
RRP12,NPM3,1,1
RRP12,NUFIP1,1,1
RRP12,NUP107,1,1
RRP12,PAK1IP1,1,1
RRP12,PCGF6,1,1
RRP12,PDF,1,1
RRP12,PDSS1,1,1
RRP12,POLR3C,1,1
RRP12,PPM1G,1,1
RRP12,PPP2CA,1,1
RRP12,PPWD1,1,1
RRP12,PRKCDBP,1,1
RRP12,PSMC6,1,1
RRP12,PUS7L,1,1
RRP12,RBMXL1,1,1
RRP12,RIOK1,1,1
RRP12,RRP36,1,1
RRP12,SACS,1,1
RRP12,SAPCD2,1,1
RRP12,SMARCD1,1,1
RRP12,SPIN4,1,1
RRP12,SREK1IP1,1,1
RRP12,TAF5,1,1
RRP12,TRIP13,1,1
RRP12,TSSC4,1,1
RRP12,USP1,1,1
RRP12,UTP23,1,1
RRP12,ZPR1,1,1
MAGOH,ABHD5,1,1
MAGOH,ADNP2,1,1
MAGOH,AHI1,1,1
MAGOH,BNIP1,1,1
MAGOH,CDCA5,1,1
MAGOH,CDK4,1,1
MAGOH,CENPJ,1,1
MAGOH,DDX31,1,1
MAGOH,DDX39B,1,1
MAGOH,DEK,1,1
MAGOH,DHX35,1,1
MAGOH,EID2,1,1
MAGOH,EIF4E2,1,1
MAGOH,EIF6,1,1
MAGOH,ERI1,1,1
MAGOH,FEM1A,1,1
MAGOH,FTSJ3,1,1
MAGOH,GART,1,1
MAGOH,GTF3C4,1,1
MAGOH,HARS,1,1
MAGOH,HMGN1,1,1
MAGOH,KMT5A,1,1
MAGOH,KPNA3,1,1
MAGOH,KRT18,1,1
MAGOH,MMP24-AS1,1,1
MAGOH,MRPL39,1,1
MAGOH,NAA15,1,1
MAGOH,NAF1,1,1
MAGOH,NPM3,1,1
MAGOH,NUFIP1,1,1
MAGOH,NUP107,1,1
MAGOH,PAK1IP1,1,1
MAGOH,PDF,1,1
MAGOH,PDSS1,1,1
MAGOH,POLR3C,1,1
MAGOH,PPM1G,1,1
MAGOH,PPWD1,1,1
MAGOH,PUS7L,1,1
MAGOH,RBMXL1,1,1
MAGOH,RIOK1,1,1
MAGOH,SAPCD2,1,1
MAGOH,SKA3,1,1
MAGOH,SPRYD7,1,1
MAGOH,SREK1IP1,1,1
MAGOH,SUPV3L1,1,1
MAGOH,TAF5,1,1
MAGOH,TRIP13,1,1
MAGOH,TRPM2,1,1
MAGOH,TSSC4,1,1
MAGOH,USP1,1,1
MAGOH,VRK1,1,1
NUDT15,CCAR1,1,1
NUDT15,DNAJC9,1,1
NUDT15,FAM111B,1,1
NUDT15,RNPS1,1,1
NUDT15,SFXN2,1,1
PCLO,BCCIP,1,1
PCLO,BNIP1,1,1
PCLO,C19ORF47,1,1
PCLO,C5ORF42,1,1
PCLO,CEP250,1,1
PCLO,DEK,1,1
PCLO,ENY2,1,1
PCLO,HNRNPA1P48,1,1
PCLO,KPNA3,1,1
PCLO,MRPS10,1,1
PCLO,NANP,1,1
PCLO,NPEPPS,1,1
PCLO,PDSS1,1,1
PCLO,RABGGTB,1,1
PCLO,SKA3,1,1
PCLO,SPRYD7,1,1
PCLO,TRPM2,1,1
PCLO,UBA6,1,1
PCLO,UBE2J2,1,1
FAM63A,EML2,1,1
MRPS14,AHI1,1,1
MRPS14,ANKRD33B,1,1
MRPS14,DDX39B,1,1
MRPS14,EIF6,1,1
MRPS14,FAM60A,1,1
MRPS14,GADD45A,1,1
MRPS14,GART,1,1
MRPS14,GNA12,1,1
MRPS14,HARS,1,1
MRPS14,IFI44,1,1
MRPS14,KMT5A,1,1
MRPS14,LINC01296,1,1
MRPS14,MIER1,1,1
MRPS14,MMP24-AS1,1,1
MRPS14,MYOF,1,1
MRPS14,MYSM1,1,1
MRPS14,NELFE,1,1
MRPS14,NPM3,1,1
MRPS14,PDF,1,1
MRPS14,PRKCDBP,1,1
MRPS14,PUS7L,1,1
MRPS14,RAB4A,1,1
MRPS14,RAB7A,1,1
MRPS14,RPS21,1,1
MRPS14,SEPHS2,1,1
MRPS14,TMEM123,1,1
MRPS14,TSSC4,1,1
MRPS14,UBE2J2,1,1
DCAF10,AKAP1,1,1
DCAF10,CCT2,1,1
DCAF10,NABP2,1,1
DCAF10,SMAGP,1,1
DCAF10,TUBA1C,1,1
DCAF10,USP10,1,1
DCAF10,VBP1,1,1
KIF14,ABCE1,1,1
KIF14,ANP32E,1,1
KIF14,BUB1B,1,1
KIF14,CBFB,1,1
KIF14,CCT2,1,1
KIF14,CHEK1,1,1
KIF14,CPSF6,1,1
KIF14,DDX18,1,1
KIF14,EIF2B1,1,1
KIF14,GINS1,1,1
KIF14,IPO11,1,1
KIF14,KIAA0101,1,1
KIF14,L2HGDH,1,1
KIF14,LBR,1,1
KIF14,LMNB1,1,1
KIF14,MEGF8,1,1
KIF14,NAA15,1,1
KIF14,NOLC1,1,1
KIF14,PCGF6,1,1
KIF14,PDRG1,1,1
KIF14,POLE3,1,1
KIF14,PPP2CA,1,1
KIF14,PPP5C,1,1
KIF14,PRPS2,1,1
KIF14,RAD23B,1,1
KIF14,RELT,1,1
KIF14,RNF126,1,1
KIF14,RNF138,1,1
KIF14,SKIV2L2,1,1
KIF14,SMAGP,1,1
KIF14,TMEM205,1,1
KIF14,TPM3,1,1
KIF14,TRIP13,1,1
KIF14,TUBA1C,1,1
KIF14,UBE2C,1,1
KIF14,UHRF1BP1L,1,1
KIF14,USP1,1,1
KIF14,VBP1,1,1
KIF14,ZIC2,1,1
SFXN2,DNAJC9,1,1
SFXN2,FAM111B,1,1
SFXN2,NDUFC2,1,1
SFXN2,RNPS1,1,1
OSER1,CHUK,1,1
OSER1,NDUFAF5,1,1
OSER1,PLAGL2,1,1
OSER1,PSPC1,1,1
OSER1,TRPM2,1,1
MEGF8,ABCE1,1,1
MEGF8,ANP32E,1,1
MEGF8,ATP6AP1,1,1
MEGF8,BUB1B,1,1
MEGF8,BVES,1,1
MEGF8,CBFB,1,1
MEGF8,CFL2,1,1
MEGF8,CMPK1,1,1
MEGF8,CPSF6,1,1
MEGF8,DDX18,1,1
MEGF8,DHRS7B,1,1
MEGF8,DHX35,1,1
MEGF8,DPF1,1,1
MEGF8,EIF2B1,1,1
MEGF8,ERI1,1,1
MEGF8,FAM136A,1,1
MEGF8,HNRNPU,1,1
MEGF8,IGF2BP1,1,1
MEGF8,KIAA0101,1,1
MEGF8,KLF15,1,1
MEGF8,L2HGDH,1,1
MEGF8,LBR,1,1
MEGF8,LMNB1,1,1
MEGF8,MLKL,1,1
MEGF8,MRPL39,1,1
MEGF8,NAA15,1,1
MEGF8,NUP107,1,1
MEGF8,PAK1IP1,1,1
MEGF8,PCGF6,1,1
MEGF8,POLR3E,1,1
MEGF8,PPM1G,1,1
MEGF8,PPP2CA,1,1
MEGF8,PSMC6,1,1
MEGF8,RAB4B,1,1
MEGF8,RAD23B,1,1
MEGF8,RELT,1,1
MEGF8,RNF126,1,1
MEGF8,SACS,1,1
MEGF8,SOX10,1,1
MEGF8,SPIN4,1,1
MEGF8,TMEM69,1,1
MEGF8,TPM3,1,1
MEGF8,TRIP13,1,1
MEGF8,UBE2C,1,1
MEGF8,UHRF1BP1L,1,1
MEGF8,USP1,1,1
MEGF8,UTP23,1,1
MEGF8,VBP1,1,1
MEGF8,ZIC2,1,1
GFM2,CXADR,1,1
DNAJC9,C4ORF46,1,1
DNAJC9,CHUK,1,1
DNAJC9,ECD,1,1
DNAJC9,ENY2,1,1
DNAJC9,FAM111B,1,1
DNAJC9,HMGN1,1,1
DNAJC9,LARP1B,1,1
DNAJC9,NAF1,1,1
DNAJC9,NDUFC2,1,1
DNAJC9,PLAGL2,1,1
DNAJC9,PSPC1,1,1
DNAJC9,RABGGTB,1,1
DNAJC9,RNPS1,1,1
DNAJC9,SKA3,1,1
DNAJC9,SPRYD7,1,1
DNAJC9,SUPV3L1,1,1
DNAJC9,TRPM2,1,1
DNAJC9,ZNF696,1,1
IRX5,CKLF,1,1
GNA12,CKLF,1,1
GNA12,CNTROB,1,1
GNA12,RAB7A,1,1
GNA12,RAB9A,1,1
GNA12,RPS21,1,1
SRSF2,B4GAT1,1,1
SRSF2,BCCIP,1,1
SRSF2,CEBPZ,1,1
SRSF2,CHERP,1,1
SRSF2,HNRNPH1,1,1
SRSF2,IPO11,1,1
SRSF2,PDRG1,1,1
SRSF2,TMEM205,1,1
VMA21,ANXA1,1,1
VMA21,ATP6AP1,1,1
VMA21,BVES,1,1
VMA21,C16ORF91,1,1
VMA21,CDH2,1,1
VMA21,CFL2,1,1
VMA21,CMPK1,1,1
VMA21,CNOT3,1,1
VMA21,CNPY3,1,1
VMA21,DHRS7B,1,1
VMA21,DPF1,1,1
VMA21,EIF3G,1,1
VMA21,FAM60A,1,1
VMA21,FARSA,1,1
VMA21,GLB1,1,1
VMA21,IGF2BP1,1,1
VMA21,KLF15,1,1
VMA21,LINC01296,1,1
VMA21,NDFIP2,1,1
VMA21,POLR3E,1,1
VMA21,PPP1R14BP3,1,1
VMA21,PRKCDBP,1,1
VMA21,PSMD4,1,1
VMA21,SEPT9,1,1
VMA21,SLC2A4RG,1,1
VMA21,SMARCD1,1,1
VMA21,SMN1,1,1
VMA21,TMEM123,1,1
VMA21,TMEM69,1,1
VMA21,TROVE2,1,1
VMA21,UBE2C,1,1
POLE3,ABCE1,1,1
POLE3,ABCF1,1,1
POLE3,CDCA5,1,1
POLE3,CEBPZ,1,1
POLE3,DDX18,1,1
POLE3,DEK,1,1
POLE3,ERVK3-1,1,1
POLE3,GTF3C4,1,1
POLE3,HNRNPU,1,1
POLE3,KIAA0101,1,1
POLE3,LBR,1,1
POLE3,LMNB1,1,1
POLE3,NAA15,1,1
POLE3,NOLC1,1,1
POLE3,NUP107,1,1
POLE3,PAK1IP1,1,1
POLE3,PCGF6,1,1
POLE3,PDRG1,1,1
POLE3,PDSS1,1,1
POLE3,PLK4,1,1
POLE3,PRPS2,1,1
POLE3,RIOK1,1,1
POLE3,SAPCD2,1,1
POLE3,SKA3,1,1
POLE3,SRSF1,1,1
POLE3,TGS1,1,1
POLE3,TPM3,1,1
POLE3,TRIP13,1,1
POLE3,UHRF1BP1L,1,1
POLE3,USP1,1,1
POLE3,UTP23,1,1
FLOT2,HNRNPH1,1,1
FLOT2,RBM14,1,1
TUBA1C,ABCE1,1,1
TUBA1C,AKAP1,1,1
TUBA1C,CCT2,1,1
TUBA1C,CHERP,1,1
TUBA1C,CYB5D2,1,1
TUBA1C,DDX18,1,1
TUBA1C,EIF2B1,1,1
TUBA1C,GINS1,1,1
TUBA1C,HNRNPH1,1,1
TUBA1C,IPO11,1,1
TUBA1C,KIAA0101,1,1
TUBA1C,L2HGDH,1,1
TUBA1C,ORC6,1,1
TUBA1C,PDRG1,1,1
TUBA1C,PPP5C,1,1
TUBA1C,PRPS2,1,1
TUBA1C,RAD23B,1,1
TUBA1C,RNF126,1,1
TUBA1C,SKIV2L2,1,1
TUBA1C,SMAGP,1,1
TUBA1C,TMEM205,1,1
TUBA1C,USP10,1,1
TUBA1C,VBP1,1,1
FASTKD3,AHCTF1,1,1
FASTKD3,CCT2,1,1
FASTKD3,CPSF6,1,1
FASTKD3,FAM136A,1,1
FASTKD3,KIAA1524,1,1
FASTKD3,LYAR,1,1
FASTKD3,MEMO1,1,1
FASTKD3,MRPL50,1,1
FASTKD3,PM20D2,1,1
FASTKD3,RELT,1,1
FASTKD3,SLC2A1,1,1
FASTKD3,TTC27,1,1
FASTKD3,UTP23,1,1
FASTKD3,ZNF215,1,1
RABGGTB,BNIP1,1,1
RABGGTB,C19ORF47,1,1
RABGGTB,C4ORF46,1,1
RABGGTB,C5ORF42,1,1
RABGGTB,CENPJ,1,1
RABGGTB,CEP250,1,1
RABGGTB,CHUK,1,1
RABGGTB,DCAF6,1,1
RABGGTB,DDX39B,1,1
RABGGTB,DEK,1,1
RABGGTB,ENY2,1,1
RABGGTB,HMGN1,1,1
RABGGTB,HNRNPA1P48,1,1
RABGGTB,KPNA3,1,1
RABGGTB,MED29,1,1
RABGGTB,METTL10,1,1
RABGGTB,MRPS10,1,1
RABGGTB,NDUFC2,1,1
RABGGTB,NPEPPS,1,1
RABGGTB,PLAGL2,1,1
RABGGTB,PSPC1,1,1
RABGGTB,RAB4A,1,1
RABGGTB,RBMXL1,1,1
RABGGTB,SKA3,1,1
RABGGTB,SPRYD7,1,1
RABGGTB,SUPV3L1,1,1
RABGGTB,TRPM2,1,1
RABGGTB,TSSC4,1,1
RABGGTB,UBA6,1,1
RABGGTB,ZNF696,1,1
CNOT3,C16ORF91,1,1
CNOT3,CDH2,1,1
CNOT3,FAM136A,1,1
CNOT3,FARSA,1,1
CNOT3,IGF2BP1,1,1
CNOT3,POLR1B,1,1
CNOT3,POLR3E,1,1
CNOT3,UTP23,1,1
CNOT3,ZNF598,1,1
ZBTB37,CAV2,1,1
ZBTB37,CDK4,1,1
ZBTB37,CKLF,1,1
ZBTB37,CWC22,1,1
ZBTB37,CYB5D2,1,1
ZBTB37,GALT,1,1
ZBTB37,KMT5A,1,1
ZBTB37,MRPL22,1,1
ZBTB37,MRPS10,1,1
ZBTB37,MYOF,1,1
ZBTB37,NANP,1,1
ZBTB37,PRELID1,1,1
ZBTB37,SCYL3,1,1
ZBTB37,UBE2J2,1,1
KLF15,BVES,1,1
KLF15,CBFB,1,1
KLF15,CMPK1,1,1
KLF15,EIF2B1,1,1
KLF15,GALT,1,1
KLF15,MLKL,1,1
KLF15,PSMD4,1,1
KLF15,TMEM69,1,1
GANAB,ANXA1,1,1
GANAB,CFL2,1,1
GANAB,CNPY3,1,1
GANAB,SLC2A4RG,1,1
GANAB,TMEM123,1,1
VEZT,ABCA5,1,1
VEZT,CDH2,1,1
VEZT,CFL2,1,1
VEZT,CNPY3,1,1
VEZT,CWC27,1,1
VEZT,DHRS7B,1,1
VEZT,DHX35,1,1
VEZT,EID2,1,1
VEZT,ERBB3,1,1
VEZT,FAM69B,1,1
VEZT,FTSJ3,1,1
VEZT,IGF2BP1,1,1
VEZT,ISY1,1,1
VEZT,KIAA0586,1,1
VEZT,KRT18,1,1
VEZT,MICALL1,1,1
VEZT,MRPL39,1,1
VEZT,PSMC6,1,1
VEZT,RAB4B,1,1
VEZT,SEPT9,1,1
VEZT,SMARCD1,1,1
VEZT,SMN1,1,1
VEZT,SPIN4,1,1
VEZT,TROVE2,1,1
CLPTM1L,C16ORF91,1,1
CLPTM1L,CDC42EP2,1,1
CLPTM1L,CNPY3,1,1
CLPTM1L,FAM69B,1,1
CLPTM1L,IGF2BP1,1,1
CLPTM1L,ISY1,1,1
CLPTM1L,JTB,1,1
CLPTM1L,KIF3A,1,1
CLPTM1L,MICALL1,1,1
CLPTM1L,PDE6D,1,1
CLPTM1L,PM20D2,1,1
CLPTM1L,POLB,1,1
CLPTM1L,PSMB5,1,1
CLPTM1L,SMN1,1,1
CLPTM1L,TET3,1,1
CLPTM1L,WDR18,1,1
PM20D2,ADAMTS1,1,1
PM20D2,FAM136A,1,1
PM20D2,FAM69B,1,1
PM20D2,IGF2BP1,1,1
PM20D2,MRPL50,1,1
PM20D2,PDE6D,1,1
PM20D2,PSMB5,1,1
PM20D2,PSMC6,1,1
PM20D2,SPIN4,1,1
PM20D2,TROVE2,1,1
PM20D2,ZNF215,1,1
GINS1,ABCE1,1,1
GINS1,BCCIP,1,1
GINS1,CENPE,1,1
GINS1,CHEK1,1,1
GINS1,DDX18,1,1
GINS1,GMNN,1,1
GINS1,IPO11,1,1
GINS1,KIAA0101,1,1
GINS1,KIF11,1,1
GINS1,NOLC1,1,1
GINS1,ORC6,1,1
GINS1,PDRG1,1,1
GINS1,PRELID1,1,1
GINS1,PRPS2,1,1
GINS1,SKIV2L2,1,1
GINS1,TMEM205,1,1
GINS1,UHRF1BP1L,1,1
EDRF1,MED29,1,1
EDRF1,PLAGL2,1,1
EDRF1,TRPM2,1,1
FARSA,ANXA1,1,1
FARSA,C16ORF91,1,1
FARSA,CDH2,1,1
FARSA,CMPK1,1,1
FARSA,EIF3G,1,1
FARSA,FAM69B,1,1
FARSA,IGF2BP1,1,1
FARSA,KRT18,1,1
FARSA,LINC01296,1,1
FARSA,POLR1B,1,1
FARSA,POLR3E,1,1
FARSA,PSMD4,1,1
FARSA,SEPT9,1,1
FARSA,SLC2A4RG,1,1
FARSA,SMARCD1,1,1
FARSA,SMN1,1,1
FARSA,TMEM69,1,1
FARSA,TROVE2,1,1
EIF3G,BVES,1,1
EIF3G,C14ORF159,1,1
EIF3G,C16ORF91,1,1
EIF3G,CMPK1,1,1
EIF3G,GLB1,1,1
EIF3G,IGF2BP1,1,1
EIF3G,PSMD4,1,1
EIF3G,SEPT9,1,1
EIF3G,SLC2A4RG,1,1
EIF3G,SMN1,1,1
EIF3G,TMEM69,1,1
CXADR,ARL 15.00,1,1
ARL5A,CWC27,1,1
ARL5A,SKIL,1,1
ARL5A,TROVE2,1,1
SAPCD2,ABHD5,1,1
SAPCD2,AHI1,1,1
SAPCD2,BNIP1,1,1
SAPCD2,C4ORF46,1,1
SAPCD2,CDCA5,1,1
SAPCD2,CDK4,1,1
SAPCD2,DDX31,1,1
SAPCD2,DDX39B,1,1
SAPCD2,DEK,1,1
SAPCD2,DHX35,1,1
SAPCD2,EID2,1,1
SAPCD2,EIF4E2,1,1
SAPCD2,EIF6,1,1
SAPCD2,ENY2,1,1
SAPCD2,ERI1,1,1
SAPCD2,FTSJ3,1,1
SAPCD2,GART,1,1
SAPCD2,GTF3C4,1,1
SAPCD2,HARS,1,1
SAPCD2,HMGN1,1,1
SAPCD2,KMT5A,1,1
SAPCD2,KPNA3,1,1
SAPCD2,KRT18,1,1
SAPCD2,LMNB1,1,1
SAPCD2,MMP24-AS1,1,1
SAPCD2,MRPL39,1,1
SAPCD2,NAA15,1,1
SAPCD2,NAF1,1,1
SAPCD2,NPM3,1,1
SAPCD2,NUFIP1,1,1
SAPCD2,NUP107,1,1
SAPCD2,PAK1IP1,1,1
SAPCD2,PDF,1,1
SAPCD2,PDSS1,1,1
SAPCD2,PLAGL2,1,1
SAPCD2,PPM1G,1,1
SAPCD2,PPWD1,1,1
SAPCD2,RBMXL1,1,1
SAPCD2,RIOK1,1,1
SAPCD2,SKA3,1,1
SAPCD2,SREK1IP1,1,1
SAPCD2,SUPV3L1,1,1
SAPCD2,TAF5,1,1
SAPCD2,TRIP13,1,1
SAPCD2,TRPM2,1,1
SAPCD2,TSSC4,1,1
SAPCD2,USP1,1,1
SAPCD2,VRK1,1,1
ABHD5,C4ORF46,1,1
ABHD5,CDCA5,1,1
ABHD5,DUT,1,1
ABHD5,HMGN1,1,1
ABHD5,NAF1,1,1
ABHD5,NUP107,1,1
ABHD5,PDF,1,1
ABHD5,SKA3,1,1
ABHD5,TAF5,1,1
ABHD5,VRK1,1,1
LINC00493,AP1M1,1,1
LINC00493,CNTROB,1,1
LINC00493,MYOF,1,1
LINC00493,PLEKHG4,1,1
LINC00493,RAB4A,1,1
LINC00493,RAB7A,1,1
LINC00493,RACK1,1,1
LINC00493,RPL37A,1,1
CBFB,ABCE1,1,1
CBFB,AHCTF1,1,1
CBFB,CCT2,1,1
CBFB,CLINT1,1,1
CBFB,CPSF6,1,1
CBFB,DDX18,1,1
CBFB,EIF2B1,1,1
CBFB,ERVK3-1,1,1
CBFB,FAM136A,1,1
CBFB,HNRNPU,1,1
CBFB,KIAA1524,1,1
CBFB,LBR,1,1
CBFB,LRRC58,1,1
CBFB,MLKL,1,1
CBFB,POLR1B,1,1
CBFB,PPP2CA,1,1
CBFB,RAD23B,1,1
CBFB,RELT,1,1
CBFB,RNF126,1,1
CBFB,SMAGP,1,1
CBFB,SOX10,1,1
CBFB,SRSF1,1,1
CBFB,TPM3,1,1
CBFB,TTC23,1,1
CBFB,USP10,1,1
CBFB,UTP23,1,1
CBFB,VBP1,1,1
CBFB,ZNF598,1,1
RBM25,CCAR1,1,1
APOBEC3C,DCAF6,1,1
APOBEC3C,DDX39B,1,1
ZHX3,TMEM69,1,1
CDH2,ABCA5,1,1
CDH2,AHI1,1,1
CDH2,ANKRD33B,1,1
CDH2,ANXA1,1,1
CDH2,ATP6AP1,1,1
CDH2,C16ORF91,1,1
CDH2,CFL2,1,1
CDH2,CMPK1,1,1
CDH2,CNPY3,1,1
CDH2,DHRS7B,1,1
CDH2,DHX35,1,1
CDH2,EIF6,1,1
CDH2,ERI1,1,1
CDH2,FAM60A,1,1
CDH2,FTSJ3,1,1
CDH2,GADD45A,1,1
CDH2,GART,1,1
CDH2,GPBP1L1,1,1
CDH2,GSKIP,1,1
CDH2,IGF2BP1,1,1
CDH2,KMT5A,1,1
CDH2,KRT18,1,1
CDH2,LBR,1,1
CDH2,LINC01296,1,1
CDH2,MMP24-AS1,1,1
CDH2,MYSM1,1,1
CDH2,NDFIP2,1,1
CDH2,PDF,1,1
CDH2,PPM1G,1,1
CDH2,PPP2CA,1,1
CDH2,PRKCDBP,1,1
CDH2,PUS7L,1,1
CDH2,SEPT9,1,1
CDH2,SLC2A4RG,1,1
CDH2,SMARCD1,1,1
CDH2,SMN1,1,1
CDH2,SPIN4,1,1
CDH2,SREK1IP1,1,1
CDH2,TMEM123,1,1
CDH2,TRIP13,1,1
CDH2,TROVE2,1,1
CDH2,UBE2C,1,1
UTP23,ABCE1,1,1
UTP23,AHCTF1,1,1
UTP23,ANP32E,1,1
UTP23,CCT2,1,1
UTP23,CPSF6,1,1
UTP23,DDX18,1,1
UTP23,DHRS7B,1,1
UTP23,DHX35,1,1
UTP23,ERI1,1,1
UTP23,ERVK3-1,1,1
UTP23,FAM136A,1,1
UTP23,FTSJ3,1,1
UTP23,GTF3C4,1,1
UTP23,HNRNPU,1,1
UTP23,KIAA0101,1,1
UTP23,KRT18,1,1
UTP23,LBR,1,1
UTP23,LMNB1,1,1
UTP23,MRPL39,1,1
UTP23,NAA15,1,1
UTP23,NOLC1,1,1
UTP23,NUP107,1,1
UTP23,PAK1IP1,1,1
UTP23,PCGF6,1,1
UTP23,POLR1B,1,1
UTP23,POLR3C,1,1
UTP23,POLR3E,1,1
UTP23,PPM1G,1,1
UTP23,PPP2CA,1,1
UTP23,PPP2R1B,1,1
UTP23,PSMC6,1,1
UTP23,RAB4B,1,1
UTP23,RAD23B,1,1
UTP23,RELT,1,1
UTP23,RIOK1,1,1
UTP23,RNF126,1,1
UTP23,RRP36,1,1
UTP23,SACS,1,1
UTP23,SMAGP,1,1
UTP23,SMARCD1,1,1
UTP23,SOX10,1,1
UTP23,SPIN4,1,1
UTP23,SREK1IP1,1,1
UTP23,SRSF1,1,1
UTP23,TGS1,1,1
UTP23,TPM3,1,1
UTP23,TRIP13,1,1
UTP23,UBE2C,1,1
UTP23,UHRF1BP1L,1,1
UTP23,USP1,1,1
UTP23,ZIC2,1,1
UTP23,ZNF215,1,1
UTP23,ZNF598,1,1
KIAA0586,CFL2,1,1
KIAA0586,CNPY3,1,1
KIAA0586,DHRS7B,1,1
KIAA0586,DHX35,1,1
KIAA0586,EID2,1,1
KIAA0586,ERI1,1,1
KIAA0586,FTSJ3,1,1
KIAA0586,ISY1,1,1
KIAA0586,KRT18,1,1
KIAA0586,LBR,1,1
KIAA0586,MRPL39,1,1
KIAA0586,PSMC6,1,1
KIAA0586,RAB4B,1,1
KIAA0586,SPIN4,1,1
KIAA0586,SREK1IP1,1,1
CDCA5,BNIP1,1,1
CDCA5,CENPJ,1,1
CDCA5,DEK,1,1
CDCA5,DHX35,1,1
CDCA5,DUT,1,1
CDCA5,EID2,1,1
CDCA5,EIF4E2,1,1
CDCA5,ENY2,1,1
CDCA5,ERI1,1,1
CDCA5,GTF3C4,1,1
CDCA5,HMGN1,1,1
CDCA5,KIAA0101,1,1
CDCA5,KPNA3,1,1
CDCA5,LMNB1,1,1
CDCA5,MMP24-AS1,1,1
CDCA5,NAA15,1,1
CDCA5,NAF1,1,1
CDCA5,NUFIP1,1,1
CDCA5,NUP107,1,1
CDCA5,PAK1IP1,1,1
CDCA5,PDSS1,1,1
CDCA5,PLK4,1,1
CDCA5,PPM1G,1,1
CDCA5,RIOK1,1,1
CDCA5,SKA3,1,1
CDCA5,TAF5,1,1
CDCA5,TRIP13,1,1
CDCA5,UHRF1BP1L,1,1
CDCA5,USP1,1,1
CDCA5,VRK1,1,1
DNAJC5,CAV2,1,1
SACS,ABCE1,1,1
SACS,AHI1,1,1
SACS,ANP32E,1,1
SACS,CFL2,1,1
SACS,CPSF6,1,1
SACS,DHRS7B,1,1
SACS,DHX35,1,1
SACS,ERI1,1,1
SACS,ERVK3-1,1,1
SACS,FAM136A,1,1
SACS,FEM1A,1,1
SACS,FTSJ3,1,1
SACS,GTF3C4,1,1
SACS,HNRNPU,1,1
SACS,KRT18,1,1
SACS,LBR,1,1
SACS,LMNB1,1,1
SACS,MMP24-AS1,1,1
SACS,MRPL39,1,1
SACS,NAA15,1,1
SACS,NUFIP1,1,1
SACS,PAK1IP1,1,1
SACS,PCGF6,1,1
SACS,POLR3C,1,1
SACS,PPM1G,1,1
SACS,PPP2CA,1,1
SACS,PPP2R1B,1,1
SACS,PSMC6,1,1
SACS,PUS7L,1,1
SACS,RIOK1,1,1
SACS,SOX10,1,1
SACS,SPIN4,1,1
SACS,SREK1IP1,1,1
SACS,TRIP13,1,1
SACS,USP1,1,1
SACS,ZIC2,1,1
C19ORF47,AP1M1,1,1
C19ORF47,BCCIP,1,1
C19ORF47,BNIP1,1,1
C19ORF47,C5ORF42,1,1
C19ORF47,CDK4,1,1
C19ORF47,CEP250,1,1
C19ORF47,CWC22,1,1
C19ORF47,DDX39B,1,1
C19ORF47,DEK,1,1
C19ORF47,EIF6,1,1
C19ORF47,ENY2,1,1
C19ORF47,HARS,1,1
C19ORF47,HNRNPA1P48,1,1
C19ORF47,KMT5A,1,1
C19ORF47,KPNA3,1,1
C19ORF47,MED29,1,1
C19ORF47,MRPL22,1,1
C19ORF47,MRPS10,1,1
C19ORF47,MTF2,1,1
C19ORF47,MYOF,1,1
C19ORF47,NAA15,1,1
C19ORF47,NANP,1,1
C19ORF47,NPEPPS,1,1
C19ORF47,PDRG1,1,1
C19ORF47,PDSS1,1,1
C19ORF47,PLAGL2,1,1
C19ORF47,PRELID1,1,1
C19ORF47,RBMXL1,1,1
C19ORF47,SKA3,1,1
C19ORF47,SPRYD7,1,1
C19ORF47,SUPV3L1,1,1
C19ORF47,TRPM2,1,1
C19ORF47,TSSC4,1,1
C19ORF47,UBA6,1,1
C19ORF47,UBE2J2,1,1
C19ORF47,ZNF696,1,1
NOLC1,ABCE1,1,1
NOLC1,BCCIP,1,1
NOLC1,CDK4,1,1
NOLC1,CEBPZ,1,1
NOLC1,CWC22,1,1
NOLC1,DDX18,1,1
NOLC1,DDX31,1,1
NOLC1,DEK,1,1
NOLC1,EIF6,1,1
NOLC1,ENY2,1,1
NOLC1,ERVK3-1,1,1
NOLC1,GTF3C4,1,1
NOLC1,HARS,1,1
NOLC1,HNRNPU,1,1
NOLC1,IPO11,1,1
NOLC1,KIAA0101,1,1
NOLC1,KMT5A,1,1
NOLC1,LMNB1,1,1
NOLC1,NAA15,1,1
NOLC1,NANP,1,1
NOLC1,NUP107,1,1
NOLC1,PAK1IP1,1,1
NOLC1,PCGF6,1,1
NOLC1,PDRG1,1,1
NOLC1,PDSS1,1,1
NOLC1,PPM1G,1,1
NOLC1,PPP2CA,1,1
NOLC1,PRELID1,1,1
NOLC1,PRPS2,1,1
NOLC1,RNF126,1,1
NOLC1,RRP36,1,1
NOLC1,SCYL3,1,1
NOLC1,SKA3,1,1
NOLC1,SKIV2L2,1,1
NOLC1,SMAGP,1,1
NOLC1,SRSF1,1,1
NOLC1,TMEM205,1,1
NOLC1,TPM3,1,1
NOLC1,TRIP13,1,1
NOLC1,UHRF1BP1L,1,1
NOLC1,USP1,1,1
KPNA3,ADNP2,1,1
KPNA3,AHI1,1,1
KPNA3,BCCIP,1,1
KPNA3,BNIP1,1,1
KPNA3,C4ORF46,1,1
KPNA3,C5ORF42,1,1
KPNA3,CDK4,1,1
KPNA3,CENPJ,1,1
KPNA3,CEP250,1,1
KPNA3,DDX39B,1,1
KPNA3,DEK,1,1
KPNA3,EIF4E2,1,1
KPNA3,ENY2,1,1
KPNA3,ERI1,1,1
KPNA3,GART,1,1
KPNA3,GTF3C4,1,1
KPNA3,HARS,1,1
KPNA3,HMGN1,1,1
KPNA3,HNRNPA1P48,1,1
KPNA3,KMT5A,1,1
KPNA3,MED29,1,1
KPNA3,METTL10,1,1
KPNA3,MIER1,1,1
KPNA3,MMP24-AS1,1,1
KPNA3,MRPS10,1,1
KPNA3,NAA15,1,1
KPNA3,NAF1,1,1
KPNA3,NANP,1,1
KPNA3,NPEPPS,1,1
KPNA3,NPM3,1,1
KPNA3,NUFIP1,1,1
KPNA3,NUP107,1,1
KPNA3,PAK1IP1,1,1
KPNA3,PDF,1,1
KPNA3,PDSS1,1,1
KPNA3,PLAGL2,1,1
KPNA3,PLK4,1,1
KPNA3,PPM1G,1,1
KPNA3,PUS7L,1,1
KPNA3,RBMXL1,1,1
KPNA3,SKA3,1,1
KPNA3,SPRYD7,1,1
KPNA3,SUPV3L1,1,1
KPNA3,TRPM2,1,1
KPNA3,TSSC4,1,1
KPNA3,UBA6,1,1
KPNA3,UBE2J2,1,1
KPNA3,USP1,1,1
KPNA3,VRK1,1,1
KPNA3,ZNF696,1,1
TMEM123,AHI1,1,1
TMEM123,ANKRD33B,1,1
TMEM123,ANXA1,1,1
TMEM123,CAAP1,1,1
TMEM123,CFL2,1,1
TMEM123,CMPK1,1,1
TMEM123,EIF6,1,1
TMEM123,ERI1,1,1
TMEM123,FAM60A,1,1
TMEM123,GADD45A,1,1
TMEM123,GALT,1,1
TMEM123,GART,1,1
TMEM123,GPBP1L1,1,1
TMEM123,KMT5A,1,1
TMEM123,LINC01296,1,1
TMEM123,MAP3K7,1,1
TMEM123,MIER1,1,1
TMEM123,NDFIP2,1,1
TMEM123,NPM3,1,1
TMEM123,PDF,1,1
TMEM123,PPM1G,1,1
TMEM123,PRKCDBP,1,1
TMEM123,PUS7L,1,1
TMEM123,RPS21,1,1
TMEM123,SLC2A4RG,1,1
TMEM123,UBE2J2,1,1
ABCE1,CCT2,1,1
ABCE1,CEBPZ,1,1
ABCE1,CPSF6,1,1
ABCE1,DDX18,1,1
ABCE1,ERVK3-1,1,1
ABCE1,GTF3C4,1,1
ABCE1,HNRNPU,1,1
ABCE1,IPO11,1,1
ABCE1,KIAA0101,1,1
ABCE1,LBR,1,1
ABCE1,LMNB1,1,1
ABCE1,NAA15,1,1
ABCE1,PAK1IP1,1,1
ABCE1,PCGF6,1,1
ABCE1,PDRG1,1,1
ABCE1,PDSS1,1,1
ABCE1,PPM1G,1,1
ABCE1,PPP2CA,1,1
ABCE1,PRPS2,1,1
ABCE1,RAD23B,1,1
ABCE1,RELT,1,1
ABCE1,RNF126,1,1
ABCE1,RNF138,1,1
ABCE1,RRP36,1,1
ABCE1,SKIV2L2,1,1
ABCE1,SMAGP,1,1
ABCE1,SRSF1,1,1
ABCE1,TMEM205,1,1
ABCE1,TPM3,1,1
ABCE1,TRIP13,1,1
ABCE1,UHRF1BP1L,1,1
ABCE1,USP1,1,1
ABCE1,VBP1,1,1
ABCE1,ZIC2,1,1
MRPL39,ANP32E,1,1
MRPL39,CDC42EP2,1,1
MRPL39,CFL2,1,1
MRPL39,DHRS7B,1,1
MRPL39,DHX35,1,1
MRPL39,EID2,1,1
MRPL39,ERI1,1,1
MRPL39,FAM136A,1,1
MRPL39,FEM1A,1,1
MRPL39,FTSJ3,1,1
MRPL39,GART,1,1
MRPL39,GTF3C4,1,1
MRPL39,HNRNPU,1,1
MRPL39,IGF2BP1,1,1
MRPL39,KRT18,1,1
MRPL39,LBR,1,1
MRPL39,LMNB1,1,1
MRPL39,NUFIP1,1,1
MRPL39,NUP107,1,1
MRPL39,PAK1IP1,1,1
MRPL39,PCGF6,1,1
MRPL39,PNN,1,1
MRPL39,POLR3C,1,1
MRPL39,PPM1G,1,1
MRPL39,PPP2R1B,1,1
MRPL39,PSMC6,1,1
MRPL39,RAB4B,1,1
MRPL39,RIOK1,1,1
MRPL39,SOX10,1,1
MRPL39,SPIN4,1,1
MRPL39,SREK1IP1,1,1
MRPL39,TRIP13,1,1
MRPL39,ZIC2,1,1
MRPL39,ZNF215,1,1
SKA3,BCCIP,1,1
SKA3,BNIP1,1,1
SKA3,C4ORF46,1,1
SKA3,CCAR1,1,1
SKA3,CENPJ,1,1
SKA3,CEP250,1,1
SKA3,DEK,1,1
SKA3,ENY2,1,1
SKA3,FAM111B,1,1
SKA3,HMGN1,1,1
SKA3,HNRNPA1P48,1,1
SKA3,KIF11,1,1
SKA3,MRPS10,1,1
SKA3,NAA15,1,1
SKA3,NAF1,1,1
SKA3,NANP,1,1
SKA3,NDUFC2,1,1
SKA3,NPEPPS,1,1
SKA3,NUP107,1,1
SKA3,PDSS1,1,1
SKA3,PLAGL2,1,1
SKA3,PLK4,1,1
SKA3,RBMXL1,1,1
SKA3,SPRYD7,1,1
SKA3,SUPV3L1,1,1
SKA3,TRPM2,1,1
SKA3,USP1,1,1
SKA3,VRK1,1,1
PAK1IP1,ABCF1,1,1
PAK1IP1,ADNP2,1,1
PAK1IP1,AHI1,1,1
PAK1IP1,ANP32E,1,1
PAK1IP1,DDX18,1,1
PAK1IP1,DDX31,1,1
PAK1IP1,DEK,1,1
PAK1IP1,DHRS7B,1,1
PAK1IP1,DHX35,1,1
PAK1IP1,EID2,1,1
PAK1IP1,EIF4E2,1,1
PAK1IP1,EIF6,1,1
PAK1IP1,ERI1,1,1
PAK1IP1,ERVK3-1,1,1
PAK1IP1,FEM1A,1,1
PAK1IP1,FTSJ3,1,1
PAK1IP1,GART,1,1
PAK1IP1,GTF3C4,1,1
PAK1IP1,HARS,1,1
PAK1IP1,HNRNPU,1,1
PAK1IP1,KIAA0101,1,1
PAK1IP1,KMT5A,1,1
PAK1IP1,KRT18,1,1
PAK1IP1,LBR,1,1
PAK1IP1,LMNB1,1,1
PAK1IP1,MMP24-AS1,1,1
PAK1IP1,NAA15,1,1
PAK1IP1,NUFIP1,1,1
PAK1IP1,NUP107,1,1
PAK1IP1,PCGF6,1,1
PAK1IP1,PDF,1,1
PAK1IP1,PDSS1,1,1
PAK1IP1,PNN,1,1
PAK1IP1,POLR3C,1,1
PAK1IP1,PPM1G,1,1
PAK1IP1,PPP2CA,1,1
PAK1IP1,PSMC6,1,1
PAK1IP1,PUS7L,1,1
PAK1IP1,RIOK1,1,1
PAK1IP1,RRP36,1,1
PAK1IP1,SPIN4,1,1
PAK1IP1,SREK1IP1,1,1
PAK1IP1,TAF5,1,1
PAK1IP1,TGS1,1,1
PAK1IP1,TPM3,1,1
PAK1IP1,TRIP13,1,1
PAK1IP1,TSSC4,1,1
PAK1IP1,UBE2C,1,1
PAK1IP1,UHRF1BP1L,1,1
PAK1IP1,USP1,1,1
PAK1IP1,VRK1,1,1
PAK1IP1,ZIC2,1,1
RPL37A,RACK1,1,1
RPL37A,RPL31,1,1
GLB1,ATP6AP1,1,1
GLB1,BVES,1,1
GLB1,CMPK1,1,1
GLB1,POLR3E,1,1
GLB1,PSMD4,1,1
GLB1,TMEM69,1,1
MEMO1,AHCTF1,1,1
MEMO1,KIAA1524,1,1
MEMO1,LYAR,1,1
MEMO1,PNPT1,1,1
MEMO1,TTC23,1,1
MEMO1,USP10,1,1
ZNF215,AHCTF1,1,1
ZNF215,CPSF6,1,1
ZNF215,DHRS7B,1,1
ZNF215,FAM136A,1,1
ZNF215,FAM69B,1,1
ZNF215,IGF2BP1,1,1
ZNF215,MRPL50,1,1
ZNF215,PSMB5,1,1
ZNF215,PSMC6,1,1
ZNF215,RIF1,1,1
ZNF215,SPIN4,1,1
ZNF215,TROVE2,1,1
MYSM1,AHI1,1,1
MYSM1,ANKRD33B,1,1
MYSM1,ATP6AP1,1,1
MYSM1,CDK4,1,1
MYSM1,DDX18,1,1
MYSM1,DDX39B,1,1
MYSM1,DHX35,1,1
MYSM1,EIF6,1,1
MYSM1,FAM60A,1,1
MYSM1,GART,1,1
MYSM1,HARS,1,1
MYSM1,IFI44,1,1
MYSM1,IGSF3,1,1
MYSM1,KMT5A,1,1
MYSM1,LINC01296,1,1
MYSM1,MMP24-AS1,1,1
MYSM1,NAA15,1,1
MYSM1,NANP,1,1
MYSM1,NPM3,1,1
MYSM1,PDF,1,1
MYSM1,PDSS1,1,1
MYSM1,PPM1G,1,1
MYSM1,PPP2CA,1,1
MYSM1,PRKCDBP,1,1
MYSM1,PUS7L,1,1
MYSM1,SEPHS2,1,1
MYSM1,TRIP13,1,1
MYSM1,TSSC4,1,1
MYSM1,UBE2J2,1,1
MYSM1,USP1,1,1
ANP32E,CFL2,1,1
ANP32E,CWC27,1,1
ANP32E,DDX18,1,1
ANP32E,DHRS7B,1,1
ANP32E,DHX35,1,1
ANP32E,ERI1,1,1
ANP32E,HNRNPU,1,1
ANP32E,HSPA4L,1,1
ANP32E,KIAA0101,1,1
ANP32E,LBR,1,1
ANP32E,LMNB1,1,1
ANP32E,PCGF6,1,1
ANP32E,PSMC6,1,1
ANP32E,RAD23B,1,1
ANP32E,RNF138,1,1
ANP32E,SOX10,1,1
ANP32E,SPIN4,1,1
ANP32E,TRIP13,1,1
ANP32E,UHRF1BP1L,1,1
ANP32E,USP1,1,1
ANP32E,ZIC2,1,1
SBNO1,AKAP1,1,1
SBNO1,B4GAT1,1,1
SBNO1,PKNOX1,1,1
SBNO1,SKIV2L2,1,1
SBNO1,TMEM205,1,1
GTF3C4,ABCF1,1,1
GTF3C4,ADNP2,1,1
GTF3C4,AHI1,1,1
GTF3C4,AKAP8,1,1
GTF3C4,CSPP1,1,1
GTF3C4,DDX18,1,1
GTF3C4,DDX31,1,1
GTF3C4,DEK,1,1
GTF3C4,EIF4E2,1,1
GTF3C4,ERI1,1,1
GTF3C4,ERVK3-1,1,1
GTF3C4,FEM1A,1,1
GTF3C4,FTSJ3,1,1
GTF3C4,GART,1,1
GTF3C4,HARS,1,1
GTF3C4,HNRNPU,1,1
GTF3C4,KMT5A,1,1
GTF3C4,KRT18,1,1
GTF3C4,LBR,1,1
GTF3C4,LMNB1,1,1
GTF3C4,MMP24-AS1,1,1
GTF3C4,NAA15,1,1
GTF3C4,NUFIP1,1,1
GTF3C4,NUP107,1,1
GTF3C4,PCGF6,1,1
GTF3C4,PDSS1,1,1
GTF3C4,POLR3C,1,1
GTF3C4,PPM1G,1,1
GTF3C4,PPP2CA,1,1
GTF3C4,PPP2R1B,1,1
GTF3C4,PSMC6,1,1
GTF3C4,RIOK1,1,1
GTF3C4,RRP36,1,1
GTF3C4,SREK1IP1,1,1
GTF3C4,TAF5,1,1
GTF3C4,TGS1,1,1
GTF3C4,TPM3,1,1
GTF3C4,TRIP13,1,1
GTF3C4,UHRF1BP1L,1,1
GTF3C4,USP1,1,1
CNPY3,ANXA1,1,1
CNPY3,C16ORF91,1,1
CNPY3,CFL2,1,1
CNPY3,DHRS7B,1,1
CNPY3,DHX35,1,1
CNPY3,FTSJ3,1,1
CNPY3,IGF2BP1,1,1
CNPY3,ISY1,1,1
CNPY3,KIF3A,1,1
CNPY3,KRT18,1,1
CNPY3,LBR,1,1
CNPY3,MICALL1,1,1
CNPY3,PSMB5,1,1
CNPY3,SEPT9,1,1
CNPY3,SLC2A4RG,1,1
CNPY3,SMN1,1,1
CNPY3,SPIN4,1,1
CNPY3,TROVE2,1,1
CNPY3,WDR18,1,1
ANXA1,AHI1,1,1
ANXA1,ANKRD33B,1,1
ANXA1,ATP6AP1,1,1
ANXA1,C14ORF159,1,1
ANXA1,C16ORF91,1,1
ANXA1,CAAP1,1,1
ANXA1,CFL2,1,1
ANXA1,CLIC1,1,1
ANXA1,CMPK1,1,1
ANXA1,DHRS7B,1,1
ANXA1,EIF6,1,1
ANXA1,FAM60A,1,1
ANXA1,FTSJ3,1,1
ANXA1,GADD45A,1,1
ANXA1,GART,1,1
ANXA1,ID1,1,1
ANXA1,KRT18,1,1
ANXA1,LINC01296,1,1
ANXA1,NDFIP2,1,1
ANXA1,PPP1R14BP3,1,1
ANXA1,PRKCDBP,1,1
ANXA1,PUS7L,1,1
ANXA1,RPS21,1,1
ANXA1,SEPT9,1,1
ANXA1,SLC2A4RG,1,1
ANXA1,SMARCD1,1,1
ANXA1,SMN1,1,1
LRRC58,AKAP1,1,1
LRRC58,CCT2,1,1
LRRC58,DYRK2,1,1
LRRC58,HNRNPM,1,1
LRRC58,LYAR,1,1
LRRC58,PNPT1,1,1
LRRC58,SMAGP,1,1
LRRC58,TTC23,1,1
LRRC58,URB2,1,1
LRRC58,USP10,1,1
RPL31,RACK1,1,1
SLC2A1,AHCTF1,1,1
SLC2A1,CCT2,1,1
SLC2A1,CLINT1,1,1
SLC2A1,CPSF6,1,1
SLC2A1,FAM136A,1,1
SLC2A1,LYAR,1,1
SLC2A1,POLR1B,1,1
SLC2A1,RELT,1,1
SLC2A1,RNF126,1,1
CSPP1,ABCF1,1,1
CSPP1,HARS,1,1
CSPP1,PIGV,1,1
CSPP1,POLR3C,1,1
UBE2J2,ANKRD33B,1,1
UBE2J2,AP1M1,1,1
UBE2J2,CDK4,1,1
UBE2J2,CEP250,1,1
UBE2J2,CKLF,1,1
UBE2J2,CWC22,1,1
UBE2J2,CYB5D2,1,1
UBE2J2,DDX18,1,1
UBE2J2,EIF6,1,1
UBE2J2,FAM60A,1,1
UBE2J2,GPAT3,1,1
UBE2J2,GPBP1L1,1,1
UBE2J2,HARS,1,1
UBE2J2,IGSF3,1,1
UBE2J2,KMT5A,1,1
UBE2J2,LINC01296,1,1
UBE2J2,MRPL22,1,1
UBE2J2,MRPS10,1,1
UBE2J2,MYOF,1,1
UBE2J2,NAA15,1,1
UBE2J2,NANP,1,1
UBE2J2,NELFE,1,1
UBE2J2,NPEPPS,1,1
UBE2J2,NPM3,1,1
UBE2J2,PDF,1,1
UBE2J2,PDSS1,1,1
UBE2J2,PPM1G,1,1
UBE2J2,PPP2CA,1,1
UBE2J2,PRELID1,1,1
UBE2J2,PUS7L,1,1
UBE2J2,RPS21,1,1
UBE2J2,RRP36,1,1
UBE2J2,SCYL3,1,1
UBE2J2,TSSC4,1,1
UBE2J2,UBA6,1,1
KMT5A,AHI1,1,1
KMT5A,ANKRD33B,1,1
KMT5A,CAV2,1,1
KMT5A,CDK4,1,1
KMT5A,DDX18,1,1
KMT5A,DDX39B,1,1
KMT5A,DEK,1,1
KMT5A,EIF4E2,1,1
KMT5A,EIF6,1,1
KMT5A,ENY2,1,1
KMT5A,ERI1,1,1
KMT5A,FAM60A,1,1
KMT5A,GALT,1,1
KMT5A,GART,1,1
KMT5A,GPBP1L1,1,1
KMT5A,HARS,1,1
KMT5A,KRT18,1,1
KMT5A,LBR,1,1
KMT5A,LINC01296,1,1
KMT5A,MIER1,1,1
KMT5A,MMP24-AS1,1,1
KMT5A,MRPS10,1,1
KMT5A,NAA15,1,1
KMT5A,NANP,1,1
KMT5A,NPEPPS,1,1
KMT5A,NPM3,1,1
KMT5A,NUP107,1,1
KMT5A,PDF,1,1
KMT5A,PDSS1,1,1
KMT5A,PPM1G,1,1
KMT5A,PPP2CA,1,1
KMT5A,PRKCDBP,1,1
KMT5A,PUS7L,1,1
KMT5A,RRP36,1,1
KMT5A,SCYL3,1,1
KMT5A,SMARCD1,1,1
KMT5A,SREK1IP1,1,1
KMT5A,TPM3,1,1
KMT5A,TRIP13,1,1
KMT5A,TSSC4,1,1
KMT5A,UBA6,1,1
KMT5A,UBE2C,1,1
KMT5A,UHRF1BP1L,1,1
KMT5A,USP1,1,1
IFI44,ANKRD33B,1,1
IFI44,CFL2,1,1
IFI44,DHX35,1,1
IFI44,EIF6,1,1
IFI44,PUS7L,1,1
IFI44,SEPHS2,1,1
IFI44,TRIP13,1,1
CHAF1B,BUB1B,1,1
CHAF1B,L2HGDH,1,1
CHAF1B,PPP5C,1,1
CHAF1B,TEAD4,1,1
CHAF1B,USP10,1,1
CHAF1B,VBP1,1,1
CEBPZ,ABCF1,1,1
CEBPZ,B4GAT1,1,1
CEBPZ,CCT2,1,1
CEBPZ,CHERP,1,1
CEBPZ,DDX18,1,1
CEBPZ,ERVK3-1,1,1
CEBPZ,HNRNPU,1,1
CEBPZ,IPO11,1,1
CEBPZ,NAA15,1,1
CEBPZ,PDRG1,1,1
CEBPZ,RRP36,1,1
CEBPZ,SKIV2L2,1,1
CEBPZ,SRSF1,1,1
CEBPZ,TMEM205,1,1
CEBPZ,UHRF1BP1L,1,1
MRPL50,FAM136A,1,1
MRPL50,PSMC6,1,1
MRPL50,RIF1,1,1
MRPL50,SPIN4,1,1
MRPL50,TTC27,1,1
CDV3,RIF1,1,1
RBM3,PTBP1,1,1
COQ7,GRB2,1,1
COQ7,IL6R,1,1
COQ7,SEPHS2,1,1
FAM60A,AHI1,1,1
FAM60A,ANKRD33B,1,1
FAM60A,ATP6AP1,1,1
FAM60A,CDK4,1,1
FAM60A,CFL2,1,1
FAM60A,CKLF,1,1
FAM60A,CMPK1,1,1
FAM60A,DDX18,1,1
FAM60A,EIF6,1,1
FAM60A,ERI1,1,1
FAM60A,GADD45A,1,1
FAM60A,GALT,1,1
FAM60A,GART,1,1
FAM60A,GPAT3,1,1
FAM60A,GPBP1L1,1,1
FAM60A,HARS,1,1
FAM60A,KRT18,1,1
FAM60A,LINC01296,1,1
FAM60A,MIER1,1,1
FAM60A,MMP24-AS1,1,1
FAM60A,NAA15,1,1
FAM60A,NDFIP2,1,1
FAM60A,NELFE,1,1
FAM60A,NPM3,1,1
FAM60A,PDF,1,1
FAM60A,PDSS1,1,1
FAM60A,PPM1G,1,1
FAM60A,PPP2CA,1,1
FAM60A,PRKCDBP,1,1
FAM60A,PUS7L,1,1
FAM60A,RPS21,1,1
FAM60A,RRP36,1,1
FAM60A,SMARCD1,1,1
FAM60A,TPM3,1,1
FAM60A,TRIP13,1,1
FAM60A,TSSC4,1,1
ID1,ABCA5,1,1
ID1,CFL2,1,1
ID1,CMPK1,1,1
ID1,CWC27,1,1
ID1,DHRS7B,1,1
ID1,FAM69B,1,1
ID1,PPP1R14BP3,1,1
ID1,SEPT9,1,1
ID1,SMN1,1,1
ID1,TROVE2,1,1
ID1,ZDHHC21,1,1
RIOK1,AKAP8,1,1
RIOK1,ATRIP,1,1
RIOK1,DHX35,1,1
RIOK1,ERI1,1,1
RIOK1,FEM1A,1,1
RIOK1,FTSJ3,1,1
RIOK1,HNRNPU,1,1
RIOK1,LBR,1,1
RIOK1,LMNB1,1,1
RIOK1,NUFIP1,1,1
RIOK1,NUP107,1,1
RIOK1,PCGF6,1,1
RIOK1,PNN,1,1
RIOK1,POLR3C,1,1
RIOK1,PPP2R1B,1,1
RIOK1,PSMC6,1,1
RIOK1,REXO1,1,1
RIOK1,SPIN4,1,1
RIOK1,SREK1IP1,1,1
RIOK1,TGS1,1,1
RIOK1,TRIP13,1,1
RIOK1,USP1,1,1
RIOK1,VRK1,1,1
RNPS1,MTF2,1,1
ZNF598,CCT2,1,1
ZNF598,ERVK3-1,1,1
ZNF598,FAM136A,1,1
ZNF598,HNRNPU,1,1
ZNF598,MLKL,1,1
ZNF598,POLR1B,1,1
ZNF598,RNF126,1,1
ZNF598,SRSF1,1,1
ZNF598,TPM3,1,1
MRPL22,AP1M1,1,1
MRPL22,BCCIP,1,1
MRPL22,C5ORF42,1,1
MRPL22,CDK4,1,1
MRPL22,CWC22,1,1
MRPL22,MRPS10,1,1
MRPL22,MTF2,1,1
MRPL22,NANP,1,1
MRPL22,NPEPPS,1,1
MRPL22,PDRG1,1,1
MRPL22,PDSS1,1,1
MRPL22,PRELID1,1,1
MRPL22,TRPM2,1,1
H2AFJ,IGSF3,1,1
H2AFJ,VEPH1,1,1
B4GAT1,AKAP1,1,1
B4GAT1,CHERP,1,1
B4GAT1,HNRNPH1,1,1
B4GAT1,IPO11,1,1
B4GAT1,SKIV2L2,1,1
B4GAT1,TMEM205,1,1
DHX35,AHI1,1,1
DHX35,ATP6AP1,1,1
DHX35,CFL2,1,1
DHX35,CMPK1,1,1
DHX35,DDX18,1,1
DHX35,DHRS7B,1,1
DHX35,DPF1,1,1
DHX35,EID2,1,1
DHX35,EIF6,1,1
DHX35,ERI1,1,1
DHX35,FTSJ3,1,1
DHX35,GART,1,1
DHX35,HNRNPU,1,1
DHX35,IGF2BP1,1,1
DHX35,KRT18,1,1
DHX35,LBR,1,1
DHX35,LINC01296,1,1
DHX35,LMNB1,1,1
DHX35,MMP24-AS1,1,1
DHX35,NAA15,1,1
DHX35,NUFIP1,1,1
DHX35,NUP107,1,1
DHX35,PCGF6,1,1
DHX35,POLR3E,1,1
DHX35,PPM1G,1,1
DHX35,PPP2CA,1,1
DHX35,PSMC6,1,1
DHX35,PUS7L,1,1
DHX35,SEPT9,1,1
DHX35,SPIN4,1,1
DHX35,SREK1IP1,1,1
DHX35,TRIP13,1,1
DHX35,UBE2C,1,1
DHX35,UHRF1BP1L,1,1
DHX35,USP1,1,1
DHX35,ZIC2,1,1
ENY2,BCCIP,1,1
ENY2,BNIP1,1,1
ENY2,C4ORF46,1,1
ENY2,C5ORF42,1,1
ENY2,CDK4,1,1
ENY2,CENPJ,1,1
ENY2,CEP250,1,1
ENY2,DDX39B,1,1
ENY2,DEK,1,1
ENY2,FAM111B,1,1
ENY2,HARS,1,1
ENY2,HMGN1,1,1
ENY2,HNRNPA1P48,1,1
ENY2,KIF11,1,1
ENY2,METTL10,1,1
ENY2,MRPS10,1,1
ENY2,MTF2,1,1
ENY2,NAA15,1,1
ENY2,NAF1,1,1
ENY2,NANP,1,1
ENY2,NDUFC2,1,1
ENY2,NPEPPS,1,1
ENY2,NUP107,1,1
ENY2,PDSS1,1,1
ENY2,PLAGL2,1,1
ENY2,PLK4,1,1
ENY2,PRELID1,1,1
ENY2,RBMXL1,1,1
ENY2,SPRYD7,1,1
ENY2,SUPV3L1,1,1
ENY2,TRPM2,1,1
ENY2,UBA6,1,1
ENY2,USP1,1,1
GALT,CAV2,1,1
GALT,DDX18,1,1
GALT,PKNOX1,1,1
GALT,PPP2CA,1,1
GALT,RAB4B,1,1
GALT,RRP36,1,1
GALT,SCYL3,1,1
GALT,SOX10,1,1
GALT,TPM3,1,1
PSPC1,CHUK,1,1
PSPC1,PLAGL2,1,1
PSPC1,SPRYD7,1,1
PSPC1,ZNF696,1,1
SMAGP,CCT2,1,1
SMAGP,CPSF6,1,1
SMAGP,DDX18,1,1
SMAGP,EIF2B1,1,1
SMAGP,ERVK3-1,1,1
SMAGP,HNRNPH1,1,1
SMAGP,HNRNPU,1,1
SMAGP,NAA15,1,1
SMAGP,NABP2,1,1
SMAGP,POLR1B,1,1
SMAGP,PPP2CA,1,1
SMAGP,RAD23B,1,1
SMAGP,RELT,1,1
SMAGP,RNF126,1,1
SMAGP,SKIV2L2,1,1
SMAGP,SRSF1,1,1
SMAGP,VBP1,1,1
EYA3,ZKSCAN5,1,1
FAM69B,ABCA5,1,1
FAM69B,C16ORF91,1,1
FAM69B,DHRS7B,1,1
FAM69B,IGF2BP1,1,1
FAM69B,MICALL1,1,1
FAM69B,PDE6D,1,1
FAM69B,POLB,1,1
FAM69B,PSMB5,1,1
FAM69B,SMARCD1,1,1
FAM69B,SMN1,1,1
FAM69B,TET3,1,1
FAM69B,TROVE2,1,1
PRELID1,AP1M1,1,1
PRELID1,BCCIP,1,1
PRELID1,C5ORF42,1,1
PRELID1,CDK4,1,1
PRELID1,CWC22,1,1
PRELID1,MRPS10,1,1
PRELID1,MTF2,1,1
PRELID1,NANP,1,1
PRELID1,NPEPPS,1,1
PRELID1,ORC6,1,1
PRELID1,PDRG1,1,1
PRELID1,PDSS1,1,1
CKLF,ANKRD33B,1,1
CKLF,CRLS1,1,1
CKLF,EIF6,1,1
CKLF,GPAT3,1,1
CKLF,IGSF3,1,1
CKLF,MRPS10,1,1
CKLF,MYOF,1,1
CKLF,NANP,1,1
CKLF,RPS21,1,1
CEP250,BNIP1,1,1
CEP250,C4ORF46,1,1
CEP250,CDK4,1,1
CEP250,CENPJ,1,1
CEP250,CHUK,1,1
CEP250,DDX39B,1,1
CEP250,DEK,1,1
CEP250,HMGN1,1,1
CEP250,HNRNPA1P48,1,1
CEP250,MED29,1,1
CEP250,METTL10,1,1
CEP250,MRPS10,1,1
CEP250,NANP,1,1
CEP250,NDUFAF5,1,1
CEP250,NELFE,1,1
CEP250,NPEPPS,1,1
CEP250,PDF,1,1
CEP250,PDSS1,1,1
CEP250,PLAGL2,1,1
CEP250,RAB4A,1,1
CEP250,RBMXL1,1,1
CEP250,SPRYD7,1,1
CEP250,SUPV3L1,1,1
CEP250,TRPM2,1,1
CEP250,TSSC4,1,1
CEP250,UBA6,1,1
CEP250,ZNF696,1,1
LARP1B,C4ORF46,1,1
LARP1B,ECD,1,1
LARP1B,FAM111B,1,1
LARP1B,NAF1,1,1
ARF1,PLEKHG4,1,1
GPBP1L1,ANKRD33B,1,1
GPBP1L1,ATP6AP1,1,1
GPBP1L1,CDK4,1,1
GPBP1L1,EIF6,1,1
GPBP1L1,GART,1,1
GPBP1L1,GPAT3,1,1
GPBP1L1,KRT18,1,1
GPBP1L1,LINC01296,1,1
GPBP1L1,NPM3,1,1
GPBP1L1,PDF,1,1
GPBP1L1,PPM1G,1,1
GPBP1L1,PPP2CA,1,1
GPBP1L1,RPS21,1,1
GPBP1L1,SCYL3,1,1
GPBP1L1,SMARCD1,1,1
GPBP1L1,TPM3,1,1
GPBP1L1,UBE2C,1,1
LINC01296,AHI1,1,1
LINC01296,ANKRD33B,1,1
LINC01296,ATP6AP1,1,1
LINC01296,CDK4,1,1
LINC01296,CFL2,1,1
LINC01296,CMPK1,1,1
LINC01296,DHRS7B,1,1
LINC01296,EIF6,1,1
LINC01296,ERI1,1,1
LINC01296,FTSJ3,1,1
LINC01296,GADD45A,1,1
LINC01296,GART,1,1
LINC01296,GPAT3,1,1
LINC01296,HARS,1,1
LINC01296,KRT18,1,1
LINC01296,MMP24-AS1,1,1
LINC01296,NDFIP2,1,1
LINC01296,NPM3,1,1
LINC01296,PDF,1,1
LINC01296,PPM1G,1,1
LINC01296,PPP2CA,1,1
LINC01296,PRKCDBP,1,1
LINC01296,PUS7L,1,1
LINC01296,RPS21,1,1
LINC01296,SEPT9,1,1
LINC01296,SLC2A4RG,1,1
LINC01296,SMARCD1,1,1
LINC01296,SREK1IP1,1,1
LINC01296,TPM3,1,1
LINC01296,TRIP13,1,1
LINC01296,TSSC4,1,1
LINC01296,UBE2C,1,1
MAP3K7,GADD45A,1,1
PUS7L,ADNP2,1,1
PUS7L,AHI1,1,1
PUS7L,ANKRD33B,1,1
PUS7L,ATP6AP1,1,1
PUS7L,CAAP1,1,1
PUS7L,CDK4,1,1
PUS7L,CFL2,1,1
PUS7L,CMPK1,1,1
PUS7L,DEK,1,1
PUS7L,DHRS7B,1,1
PUS7L,EIF6,1,1
PUS7L,ERI1,1,1
PUS7L,FTSJ3,1,1
PUS7L,GADD45A,1,1
PUS7L,GART,1,1
PUS7L,HARS,1,1
PUS7L,KRT18,1,1
PUS7L,LBR,1,1
PUS7L,MIER1,1,1
PUS7L,MMP24-AS1,1,1
PUS7L,NAA15,1,1
PUS7L,NDFIP2,1,1
PUS7L,NPM3,1,1
PUS7L,NUP107,1,1
PUS7L,PDF,1,1
PUS7L,PPM1G,1,1
PUS7L,PPP2CA,1,1
PUS7L,PRKCDBP,1,1
PUS7L,SLC2A4RG,1,1
PUS7L,SMARCD1,1,1
PUS7L,SREK1IP1,1,1
PUS7L,TPM3,1,1
PUS7L,TRIP13,1,1
PUS7L,TSSC4,1,1
PUS7L,USP1,1,1
DUT,NUP107,1,1
DUT,VRK1,1,1
SPIN4,CDC42EP2,1,1
SPIN4,CFL2,1,1
SPIN4,CPSF6,1,1
SPIN4,DHRS7B,1,1
SPIN4,ERI1,1,1
SPIN4,FAM136A,1,1
SPIN4,FEM1A,1,1
SPIN4,FTSJ3,1,1
SPIN4,HNRNPU,1,1
SPIN4,IGF2BP1,1,1
SPIN4,KRT18,1,1
SPIN4,LBR,1,1
SPIN4,PCGF6,1,1
SPIN4,PPM1G,1,1
SPIN4,PPP2R1B,1,1
SPIN4,PSMB5,1,1
SPIN4,PSMC6,1,1
SPIN4,SMN1,1,1
SPIN4,SOX10,1,1
SPIN4,SREK1IP1,1,1
SPIN4,TRIP13,1,1
SPIN4,TROVE2,1,1
SPIN4,ZIC2,1,1
DEK,ADNP2,1,1
DEK,BCCIP,1,1
DEK,BNIP1,1,1
DEK,C4ORF46,1,1
DEK,CDK4,1,1
DEK,CENPJ,1,1
DEK,DDX18,1,1
DEK,EIF4E2,1,1
DEK,ERI1,1,1
DEK,HARS,1,1
DEK,HMGN1,1,1
DEK,HNRNPA1P48,1,1
DEK,KIAA0101,1,1
DEK,KIF11,1,1
DEK,LMNB1,1,1
DEK,MMP24-AS1,1,1
DEK,MRPS10,1,1
DEK,NAA15,1,1
DEK,NANP,1,1
DEK,NUFIP1,1,1
DEK,NUP107,1,1
DEK,PCGF6,1,1
DEK,PDF,1,1
DEK,PDSS1,1,1
DEK,PLK4,1,1
DEK,PPM1G,1,1
DEK,PPP2CA,1,1
DEK,RBMXL1,1,1
DEK,RRP36,1,1
DEK,SPRYD7,1,1
DEK,SUPV3L1,1,1
DEK,TPM3,1,1
DEK,TRIP13,1,1
DEK,TRPM2,1,1
DEK,TSSC4,1,1
DEK,UBA6,1,1
DEK,UHRF1BP1L,1,1
DEK,USP1,1,1
DEK,VRK1,1,1
TTC23,AHCTF1,1,1
TTC23,CCT2,1,1
TTC23,CLINT1,1,1
TTC23,CPSF6,1,1
TTC23,KIAA1524,1,1
TTC23,LYAR,1,1
TTC23,PNPT1,1,1
TTC23,USP10,1,1
TTC23,VBP1,1,1
ATRIP,PNN,1,1
ATRIP,PSMC6,1,1
ATRIP,REXO1,1,1
ISY1,C16ORF91,1,1
ISY1,KIF3A,1,1
ISY1,MICALL1,1,1
ISY1,PDE6D,1,1
ISY1,PSMB5,1,1
ISY1,SEPT9,1,1
ISY1,SLC2A4RG,1,1
ISY1,SMN1,1,1
ISY1,WDR18,1,1
PKN2,METTL10,1,1
PKN2,NDUFAF5,1,1
PKN2,PLEKHG4,1,1
PKN2,TIFA,1,1
PKN2,TRIM44,1,1
PKN2,TTC1,1,1
ORC6,GMNN,1,1
ORC6,PDRG1,1,1
ORC6,PRPS2,1,1
ORC6,SKIV2L2,1,1
RRP36,ABCF1,1,1
RRP36,CDK4,1,1
RRP36,DDX18,1,1
RRP36,ERVK3-1,1,1
RRP36,HARS,1,1
RRP36,HNRNPU,1,1
RRP36,NAA15,1,1
RRP36,PDSS1,1,1
RRP36,PPM1G,1,1
RRP36,PPP2CA,1,1
RRP36,SRSF1,1,1
RRP36,TPM3,1,1
RRP36,UHRF1BP1L,1,1
PLEKHG4,DCAF6,1,1
PLEKHG4,RAB4A,1,1
PLEKHG4,TRIM44,1,1
VBP1,BUB1B,1,1
VBP1,CCT2,1,1
VBP1,CLINT1,1,1
VBP1,CPSF6,1,1
VBP1,EIF2B1,1,1
VBP1,KIAA0101,1,1
VBP1,KIAA1524,1,1
VBP1,L2HGDH,1,1
VBP1,MLKL,1,1
VBP1,POLR3E,1,1
VBP1,PPP5C,1,1
VBP1,RAD23B,1,1
VBP1,RELT,1,1
VBP1,RNF126,1,1
VBP1,SKIV2L2,1,1
VBP1,TEAD4,1,1
VBP1,USP10,1,1
VBP1,ZIC2,1,1
PPP1R14BP3,SEPT9,1,1
PPP1R14BP3,SLC2A4RG,1,1
PPP1R14BP3,SMN1,1,1
C4ORF46,CENPJ,1,1
C4ORF46,ECD,1,1
C4ORF46,EIF4E2,1,1
C4ORF46,FAM111B,1,1
C4ORF46,HMGN1,1,1
C4ORF46,METTL10,1,1
C4ORF46,NAF1,1,1
C4ORF46,PLAGL2,1,1
C4ORF46,RBMXL1,1,1
C4ORF46,SPRYD7,1,1
C4ORF46,SUPV3L1,1,1
C4ORF46,TRPM2,1,1
C4ORF46,VRK1,1,1
C4ORF46,ZNF696,1,1
NPEPPS,AP1M1,1,1
NPEPPS,BCCIP,1,1
NPEPPS,C5ORF42,1,1
NPEPPS,CDK4,1,1
NPEPPS,CWC22,1,1
NPEPPS,DDX39B,1,1
NPEPPS,HNRNPA1P48,1,1
NPEPPS,MRPS10,1,1
NPEPPS,MTF2,1,1
NPEPPS,MYOF,1,1
NPEPPS,NANP,1,1
NPEPPS,PDRG1,1,1
NPEPPS,PDSS1,1,1
NPEPPS,PLAGL2,1,1
NPEPPS,SUPV3L1,1,1
NPEPPS,TRPM2,1,1
NPEPPS,UBA6,1,1
SPRYD7,ADNP2,1,1
SPRYD7,BNIP1,1,1
SPRYD7,CCAR1,1,1
SPRYD7,CENPJ,1,1
SPRYD7,CHUK,1,1
SPRYD7,DDX39B,1,1
SPRYD7,FAM111B,1,1
SPRYD7,HARS,1,1
SPRYD7,HMGN1,1,1
SPRYD7,HNRNPA1P48,1,1
SPRYD7,NAF1,1,1
SPRYD7,NUFIP1,1,1
SPRYD7,PDSS1,1,1
SPRYD7,PLAGL2,1,1
SPRYD7,PLK4,1,1
SPRYD7,RBMXL1,1,1
SPRYD7,SUPV3L1,1,1
SPRYD7,TRPM2,1,1
SPRYD7,TSSC4,1,1
SPRYD7,UBA6,1,1
SPRYD7,VRK1,1,1
SPRYD7,ZNF696,1,1
DDX18,BCCIP,1,1
DDX18,CCT2,1,1
DDX18,CDK4,1,1
DDX18,CPSF6,1,1
DDX18,CWC22,1,1
DDX18,DDX31,1,1
DDX18,EIF2B1,1,1
DDX18,EIF6,1,1
DDX18,ERI1,1,1
DDX18,ERVK3-1,1,1
DDX18,HNRNPU,1,1
DDX18,IPO11,1,1
DDX18,KIAA0101,1,1
DDX18,LBR,1,1
DDX18,LMNB1,1,1
DDX18,MLKL,1,1
DDX18,MMP24-AS1,1,1
DDX18,NAA15,1,1
DDX18,NANP,1,1
DDX18,NUP107,1,1
DDX18,PCGF6,1,1
DDX18,PDRG1,1,1
DDX18,PDSS1,1,1
DDX18,PPM1G,1,1
DDX18,PPP2CA,1,1
DDX18,PRPS2,1,1
DDX18,RAD23B,1,1
DDX18,RELT,1,1
DDX18,RNF126,1,1
DDX18,RNF138,1,1
DDX18,SCYL3,1,1
DDX18,SKIV2L2,1,1
DDX18,SRSF1,1,1
DDX18,TMEM205,1,1
DDX18,TPM3,1,1
DDX18,TRIP13,1,1
DDX18,UBE2C,1,1
DDX18,UHRF1BP1L,1,1
DDX18,USP1,1,1
DDX18,ZIC2,1,1
CENPE,CHEK1,1,1
CENPE,KIF11,1,1
GSKIP,SMARCD1,1,1
FAM136A,AHCTF1,1,1
FAM136A,CCT2,1,1
FAM136A,CPSF6,1,1
FAM136A,ERVK3-1,1,1
FAM136A,HNRNPU,1,1
FAM136A,IGF2BP1,1,1
FAM136A,LBR,1,1
FAM136A,PCGF6,1,1
FAM136A,POLR1B,1,1
FAM136A,PPP2R1B,1,1
FAM136A,PSMC6,1,1
FAM136A,RELT,1,1
FAM136A,RIF1,1,1
FAM136A,RNF126,1,1
FAM136A,TROVE2,1,1
FAM136A,ZIC2,1,1
NPM3,AHI1,1,1
NPM3,ANKRD33B,1,1
NPM3,CDK4,1,1
NPM3,DDX39B,1,1
NPM3,EIF6,1,1
NPM3,GART,1,1
NPM3,GPAT3,1,1
NPM3,HARS,1,1
NPM3,MRPS10,1,1
NPM3,NAA15,1,1
NPM3,NUP107,1,1
NPM3,PDF,1,1
NPM3,PDSS1,1,1
NPM3,PPM1G,1,1
NPM3,PPP2CA,1,1
NPM3,PRKCDBP,1,1
NPM3,RAB7A,1,1
NPM3,RPS21,1,1
NPM3,TRIP13,1,1
NPM3,TRPM2,1,1
NPM3,TSSC4,1,1
NPM3,UBE2C,1,1
F8A3,ABCA5,1,1
RIF1,CPSF6,1,1
RIF1,LYAR,1,1
MTF2,BCCIP,1,1
MTF2,C5ORF42,1,1
MTF2,CWC22,1,1
MTF2,KIF11,1,1
MTF2,NANP,1,1
MTF2,PDRG1,1,1
ERVK3-1,ABCF1,1,1
ERVK3-1,AKAP8,1,1
ERVK3-1,CCT2,1,1
ERVK3-1,CPSF6,1,1
ERVK3-1,DDX31,1,1
ERVK3-1,HNRNPU,1,1
ERVK3-1,IPO11,1,1
ERVK3-1,KIAA0101,1,1
ERVK3-1,LBR,1,1
ERVK3-1,LMNB1,1,1
ERVK3-1,NAA15,1,1
ERVK3-1,PCGF6,1,1
ERVK3-1,PDRG1,1,1
ERVK3-1,PDSS1,1,1
ERVK3-1,POLR1B,1,1
ERVK3-1,POLR3C,1,1
ERVK3-1,POLR3E,1,1
ERVK3-1,PPM1G,1,1
ERVK3-1,PPP2CA,1,1
ERVK3-1,RAD23B,1,1
ERVK3-1,RELT,1,1
ERVK3-1,RNF126,1,1
ERVK3-1,SRSF1,1,1
ERVK3-1,TPM3,1,1
ERVK3-1,TRIP13,1,1
ERVK3-1,UHRF1BP1L,1,1
ERVK3-1,USP1,1,1
ERVK3-1,ZIC2,1,1
RPS2P5,ERBB3,1,1
RPS2P5,RTP4,1,1
NELFE,ANKRD33B,1,1
NELFE,GADD45A,1,1
NELFE,GNG4,1,1
NELFE,MIER1,1,1
NELFE,MRPS10,1,1
NELFE,MYOF,1,1
NELFE,RAB4A,1,1
NELFE,RPS21,1,1
NELFE,TSSC4,1,1
DPF1,BVES,1,1
DPF1,EIF2B1,1,1
DPF1,IGF2BP1,1,1
DPF1,MLKL,1,1
DPF1,NABP2,1,1
DPF1,POLR3E,1,1
DPF1,PSMD4,1,1
DPF1,TMEM69,1,1
DPF1,UBE2C,1,1
DPF1,ZIC2,1,1
DDX31,BCCIP,1,1
DDX31,CDK4,1,1
DDX31,CWC22,1,1
DDX31,EIF4E2,1,1
DDX31,EIF6,1,1
DDX31,HARS,1,1
DDX31,NAA15,1,1
DDX31,NUP107,1,1
DDX31,PDRG1,1,1
DDX31,PDSS1,1,1
DDX31,PPM1G,1,1
DDX31,TAF5,1,1
RPL18A,RACK1,1,1
ANKRD33B,AHI1,1,1
ANKRD33B,ATP6AP1,1,1
ANKRD33B,CDK4,1,1
ANKRD33B,EIF6,1,1
ANKRD33B,ERI1,1,1
ANKRD33B,GADD45A,1,1
ANKRD33B,GART,1,1
ANKRD33B,GPAT3,1,1
ANKRD33B,KRT18,1,1
ANKRD33B,MIER1,1,1
ANKRD33B,MRPS10,1,1
ANKRD33B,PDF,1,1
ANKRD33B,PPM1G,1,1
ANKRD33B,PRKCDBP,1,1
ANKRD33B,RPS21,1,1
ANKRD33B,SLC2A4RG,1,1
ANKRD33B,TSSC4,1,1
PCGF6,CPSF6,1,1
PCGF6,DHRS7B,1,1
PCGF6,ERI1,1,1
PCGF6,HNRNPU,1,1
PCGF6,KIAA0101,1,1
PCGF6,LBR,1,1
PCGF6,LMNB1,1,1
PCGF6,MMP24-AS1,1,1
PCGF6,NAA15,1,1
PCGF6,NUP107,1,1
PCGF6,PDSS1,1,1
PCGF6,PNN,1,1
PCGF6,PPM1G,1,1
PCGF6,PPP2CA,1,1
PCGF6,PSMC6,1,1
PCGF6,RELT,1,1
PCGF6,RNF126,1,1
PCGF6,RNF138,1,1
PCGF6,SREK1IP1,1,1
PCGF6,TRIP13,1,1
PCGF6,UHRF1BP1L,1,1
PCGF6,USP1,1,1
PCGF6,ZIC2,1,1
MYOF,AP1M1,1,1
MYOF,CDK4,1,1
MYOF,GNG4,1,1
MYOF,GPAT3,1,1
MYOF,MRPS10,1,1
MYOF,RAB4A,1,1
MYOF,RAB7A,1,1
MYOF,RPS21,1,1
MYOF,UBA6,1,1
TMEM205,AKAP1,1,1
TMEM205,BCCIP,1,1
TMEM205,CHERP,1,1
TMEM205,CYB5D2,1,1
TMEM205,HNRNPH1,1,1
TMEM205,IPO11,1,1
TMEM205,PDRG1,1,1
TMEM205,PRPS2,1,1
TMEM205,SCYL3,1,1
TMEM205,SKIV2L2,1,1
TMEM205,TPM3,1,1
TTC1,AP1M1,1,1
TTC1,UBA6,1,1
ZNF696,BNIP1,1,1
ZNF696,CDK4,1,1
ZNF696,CHUK,1,1
ZNF696,DCAF6,1,1
ZNF696,DDX39B,1,1
ZNF696,ECD,1,1
ZNF696,EIF4E2,1,1
ZNF696,GSK3A,1,1
ZNF696,HARS,1,1
ZNF696,HMGN1,1,1
ZNF696,MED29,1,1
ZNF696,MRPS10,1,1
ZNF696,PDF,1,1
ZNF696,PLAGL2,1,1
ZNF696,RAB4A,1,1
ZNF696,RBMXL1,1,1
ZNF696,SUPV3L1,1,1
ZNF696,TRPM2,1,1
ZNF696,TSSC4,1,1
ZNF696,UBA6,1,1
ZNF696,UBL4A,1,1
PTBP1,AKAP1,1,1
PTBP1,HNRNPM,1,1
PTBP1,URB2,1,1
TRPM2,BCCIP,1,1
TRPM2,BNIP1,1,1
TRPM2,C5ORF42,1,1
TRPM2,CDK4,1,1
TRPM2,CENPJ,1,1
TRPM2,CHUK,1,1
TRPM2,DDX39B,1,1
TRPM2,EIF4E2,1,1
TRPM2,FAM111B,1,1
TRPM2,HARS,1,1
TRPM2,HMGN1,1,1
TRPM2,HNRNPA1P48,1,1
TRPM2,MED29,1,1
TRPM2,MRPS10,1,1
TRPM2,NAF1,1,1
TRPM2,NANP,1,1
TRPM2,NUP107,1,1
TRPM2,PDF,1,1
TRPM2,PDSS1,1,1
TRPM2,PLAGL2,1,1
TRPM2,RAB4A,1,1
TRPM2,RBMXL1,1,1
TRPM2,SUPV3L1,1,1
TRPM2,TAF5,1,1
TRPM2,TSSC4,1,1
TRPM2,UBA6,1,1
TRPM2,UBL4A,1,1
SREK1IP1,AHI1,1,1
SREK1IP1,CDC42EP2,1,1
SREK1IP1,CFL2,1,1
SREK1IP1,DHRS7B,1,1
SREK1IP1,ERI1,1,1
SREK1IP1,FEM1A,1,1
SREK1IP1,FTSJ3,1,1
SREK1IP1,GART,1,1
SREK1IP1,HARS,1,1
SREK1IP1,KRT18,1,1
SREK1IP1,LBR,1,1
SREK1IP1,MMP24-AS1,1,1
SREK1IP1,NAA15,1,1
SREK1IP1,NUFIP1,1,1
SREK1IP1,NUP107,1,1
SREK1IP1,PDF,1,1
SREK1IP1,POLR3C,1,1
SREK1IP1,PPM1G,1,1
SREK1IP1,PPP2R1B,1,1
SREK1IP1,PPWD1,1,1
SREK1IP1,PSMC6,1,1
SREK1IP1,SMARCD1,1,1
SREK1IP1,SOX10,1,1
SREK1IP1,TRIP13,1,1
SREK1IP1,ZPR1,1,1
CYB5D2,CRLS1,1,1
CYB5D2,EIF2B1,1,1
CYB5D2,MLKL,1,1
CYB5D2,PPP2CA,1,1
CYB5D2,SCYL3,1,1
CYB5D2,SKIV2L2,1,1
CYB5D2,XPOT,1,1
TAF5,BNIP1,1,1
TAF5,EIF4E2,1,1
TAF5,GART,1,1
TAF5,HARS,1,1
TAF5,MMP24-AS1,1,1
TAF5,NAF1,1,1
TAF5,NUP107,1,1
TAF5,PDF,1,1
TAF5,PLAGL2,1,1
TAF5,PPWD1,1,1
TAF5,RBMXL1,1,1
TAF5,VRK1,1,1
POLR1B,AHCTF1,1,1
POLR1B,CCT2,1,1
POLR1B,CLINT1,1,1
POLR1B,CPSF6,1,1
POLR1B,HNRNPU,1,1
POLR1B,MLKL,1,1
POLR1B,NABP2,1,1
POLR1B,POLR3E,1,1
POLR1B,RELT,1,1
POLR1B,RNF126,1,1
POLR1B,ZNF783,1,1
PPM1G,AHI1,1,1
PPM1G,ATP6AP1,1,1
PPM1G,CDK4,1,1
PPM1G,CFL2,1,1
PPM1G,CMPK1,1,1
PPM1G,DHRS7B,1,1
PPM1G,EID2,1,1
PPM1G,EIF4E2,1,1
PPM1G,EIF6,1,1
PPM1G,ERI1,1,1
PPM1G,FTSJ3,1,1
PPM1G,GART,1,1
PPM1G,HARS,1,1
PPM1G,HNRNPU,1,1
PPM1G,KRT18,1,1
PPM1G,LBR,1,1
PPM1G,LMNB1,1,1
PPM1G,MMP24-AS1,1,1
PPM1G,NAA15,1,1
PPM1G,NUFIP1,1,1
PPM1G,NUP107,1,1
PPM1G,PDF,1,1
PPM1G,PDSS1,1,1
PPM1G,POLR3E,1,1
PPM1G,PPP2CA,1,1
PPM1G,PRKCDBP,1,1
PPM1G,PSMC6,1,1
PPM1G,RAB4B,1,1
PPM1G,SMARCD1,1,1
PPM1G,TPM3,1,1
PPM1G,TRIP13,1,1
PPM1G,TSSC4,1,1
PPM1G,UBE2C,1,1
PPM1G,UHRF1BP1L,1,1
PPM1G,USP1,1,1
PPM1G,ZIC2,1,1
CFL2,AHI1,1,1
CFL2,ATP6AP1,1,1
CFL2,C16ORF91,1,1
CFL2,CAAP1,1,1
CFL2,CMPK1,1,1
CFL2,CWC27,1,1
CFL2,DHRS7B,1,1
CFL2,EID2,1,1
CFL2,EIF6,1,1
CFL2,ERBB3,1,1
CFL2,ERI1,1,1
CFL2,FTSJ3,1,1
CFL2,GADD45A,1,1
CFL2,GART,1,1
CFL2,IGF2BP1,1,1
CFL2,KIF3A,1,1
CFL2,KRT18,1,1
CFL2,LBR,1,1
CFL2,MMP24-AS1,1,1
CFL2,PRKCDBP,1,1
CFL2,PSMC6,1,1
CFL2,SEPT9,1,1
CFL2,SLC2A4RG,1,1
CFL2,SMARCD1,1,1
CFL2,SMN1,1,1
CFL2,TRIP13,1,1
CFL2,TROVE2,1,1
CFL2,UBE2C,1,1
NAA15,ABCF1,1,1
NAA15,AHI1,1,1
NAA15,BCCIP,1,1
NAA15,CDK4,1,1
NAA15,CWC22,1,1
NAA15,EIF6,1,1
NAA15,ERI1,1,1
NAA15,HARS,1,1
NAA15,HNRNPU,1,1
NAA15,IPO11,1,1
NAA15,KIAA0101,1,1
NAA15,LBR,1,1
NAA15,LMNB1,1,1
NAA15,MMP24-AS1,1,1
NAA15,NANP,1,1
NAA15,NUP107,1,1
NAA15,PDRG1,1,1
NAA15,PDSS1,1,1
NAA15,PPP2CA,1,1
NAA15,RNF126,1,1
NAA15,RNF138,1,1
NAA15,SKIV2L2,1,1
NAA15,SRSF1,1,1
NAA15,TPM3,1,1
NAA15,TRIP13,1,1
NAA15,TSSC4,1,1
NAA15,UBE2C,1,1
NAA15,UHRF1BP1L,1,1
NAA15,USP1,1,1
NAA15,ZIC2,1,1
DYRK2,HNRNPM,1,1
HARS,AHI1,1,1
HARS,CDK4,1,1
HARS,DDX39B,1,1
HARS,EIF4E2,1,1
HARS,EIF6,1,1
HARS,ERI1,1,1
HARS,FTSJ3,1,1
HARS,GART,1,1
HARS,HMGN1,1,1
HARS,HNRNPA1P48,1,1
HARS,KRT18,1,1
HARS,MMP24-AS1,1,1
HARS,NUFIP1,1,1
HARS,NUP107,1,1
HARS,PDF,1,1
HARS,PDSS1,1,1
HARS,PLAGL2,1,1
HARS,POLR3C,1,1
HARS,PPP2CA,1,1
HARS,PRKCDBP,1,1
HARS,RBMXL1,1,1
HARS,SUPV3L1,1,1
HARS,TRIP13,1,1
HARS,TSSC4,1,1
HARS,UBA6,1,1
HARS,USP1,1,1
PPWD1,CDC42EP2,1,1
PPWD1,REXO1,1,1
ZIC2,AHCTF1,1,1
ZIC2,CPSF6,1,1
ZIC2,DHRS7B,1,1
ZIC2,ERI1,1,1
ZIC2,HNRNPU,1,1
ZIC2,IGF2BP1,1,1
ZIC2,KIAA0101,1,1
ZIC2,LBR,1,1
ZIC2,LMNB1,1,1
ZIC2,NUP107,1,1
ZIC2,POLR3E,1,1
ZIC2,PSMC6,1,1
ZIC2,RAD23B,1,1
ZIC2,RELT,1,1
ZIC2,RNF126,1,1
ZIC2,TEAD4,1,1
ZIC2,TRIP13,1,1
ZIC2,UBE2C,1,1
ZIC2,UHRF1BP1L,1,1
ZIC2,USP1,1,1
KIAA0101,CHEK1,1,1
KIAA0101,HNRNPU,1,1
KIAA0101,IPO11,1,1
KIAA0101,LBR,1,1
KIAA0101,LMNB1,1,1
KIAA0101,NUP107,1,1
KIAA0101,PDRG1,1,1
KIAA0101,PDSS1,1,1
KIAA0101,PPP2CA,1,1
KIAA0101,PRPS2,1,1
KIAA0101,RAD23B,1,1
KIAA0101,RNF138,1,1
KIAA0101,SKIV2L2,1,1
KIAA0101,TPM3,1,1
KIAA0101,TRIP13,1,1
KIAA0101,UBE2C,1,1
KIAA0101,UHRF1BP1L,1,1
KIAA0101,USP1,1,1
SUPV3L1,BCCIP,1,1
SUPV3L1,BNIP1,1,1
SUPV3L1,CENPJ,1,1
SUPV3L1,CHUK,1,1
SUPV3L1,DDX39B,1,1
SUPV3L1,HMGN1,1,1
SUPV3L1,HNRNPA1P48,1,1
SUPV3L1,NAF1,1,1
SUPV3L1,NDUFC2,1,1
SUPV3L1,PDSS1,1,1
SUPV3L1,PLAGL2,1,1
SUPV3L1,RBMXL1,1,1
SUPV3L1,TSSC4,1,1
SUPV3L1,UBA6,1,1
SOX10,CPSF6,1,1
SOX10,DHRS7B,1,1
SOX10,LBR,1,1
SOX10,RAB4B,1,1
SOX10,TPM3,1,1
SOX10,TRIP13,1,1
NDUFAF5,CHUK,1,1
NDUFAF5,METTL10,1,1
NDUFAF5,TIFA,1,1
TTC27,LYAR,1,1
CMPK1,ATP6AP1,1,1
CMPK1,BVES,1,1
CMPK1,CAAP1,1,1
CMPK1,CWC27,1,1
CMPK1,DHRS7B,1,1
CMPK1,EIF6,1,1
CMPK1,GADD45A,1,1
CMPK1,IGF2BP1,1,1
CMPK1,LBR,1,1
CMPK1,NDFIP2,1,1
CMPK1,POLR3E,1,1
CMPK1,PPP2CA,1,1
CMPK1,PSMD4,1,1
CMPK1,SEPT9,1,1
CMPK1,SLC2A4RG,1,1
CMPK1,SMARCD1,1,1
CMPK1,SMN1,1,1
CMPK1,TMEM69,1,1
CMPK1,TROVE2,1,1
JTB,C16ORF91,1,1
JTB,CDC42EP2,1,1
JTB,KIF3A,1,1
JTB,PDE6D,1,1
JTB,PSMB5,1,1
JTB,WDR18,1,1
TPM3,CDK4,1,1
TPM3,CPSF6,1,1
TPM3,EIF2B1,1,1
TPM3,EIF6,1,1
TPM3,ERI1,1,1
TPM3,HNRNPU,1,1
TPM3,LBR,1,1
TPM3,LMNB1,1,1
TPM3,MLKL,1,1
TPM3,MMP24-AS1,1,1
TPM3,NUP107,1,1
TPM3,PDSS1,1,1
TPM3,PPP2CA,1,1
TPM3,PRPS2,1,1
TPM3,RAB4B,1,1
TPM3,RAD23B,1,1
TPM3,RNF126,1,1
TPM3,RNF138,1,1
TPM3,SCYL3,1,1
TPM3,SKIV2L2,1,1
TPM3,SRSF1,1,1
TPM3,TRIP13,1,1
TPM3,UBE2C,1,1
TPM3,UHRF1BP1L,1,1
TPM3,USP1,1,1
RACK1,CNTROB,1,1
FAM111B,CCAR1,1,1
FAM111B,CHUK,1,1
FAM111B,NAF1,1,1
FAM111B,NDUFC2,1,1
FAM111B,PLAGL2,1,1
FAM111B,PLK4,1,1
TEAD4,CCT2,1,1
TEAD4,PPP5C,1,1
TEAD4,USP10,1,1
CPSF6,AHCTF1,1,1
CPSF6,CCT2,1,1
CPSF6,CLINT1,1,1
CPSF6,HNRNPU,1,1
CPSF6,KIAA1524,1,1
CPSF6,LBR,1,1
CPSF6,LMNB1,1,1
CPSF6,LYAR,1,1
CPSF6,RAD23B,1,1
CPSF6,RELT,1,1
CPSF6,RNF126,1,1
CPSF6,SRSF1,1,1
CPSF6,TROVE2,1,1
CPSF6,UHRF1BP1L,1,1
CPSF6,USP10,1,1
IGF2BP1,ABCA5,1,1
IGF2BP1,BVES,1,1
IGF2BP1,C16ORF91,1,1
IGF2BP1,CWC27,1,1
IGF2BP1,DHRS7B,1,1
IGF2BP1,KIF3A,1,1
IGF2BP1,KRT18,1,1
IGF2BP1,LBR,1,1
IGF2BP1,POLR3E,1,1
IGF2BP1,PSMB5,1,1
IGF2BP1,PSMC6,1,1
IGF2BP1,PSMD4,1,1
IGF2BP1,SEPT9,1,1
IGF2BP1,SMN1,1,1
IGF2BP1,TMEM69,1,1
IGF2BP1,TROVE2,1,1
KIF3A,C16ORF91,1,1
KIF3A,MICALL1,1,1
KIF3A,PSMB5,1,1
KIF3A,SEPT9,1,1
KIF3A,SLC2A4RG,1,1
KIF3A,SMN1,1,1
KIF3A,WDR18,1,1
PSMC6,CDC42EP2,1,1
PSMC6,DHRS7B,1,1
PSMC6,EID2,1,1
PSMC6,ERI1,1,1
PSMC6,FEM1A,1,1
PSMC6,FTSJ3,1,1
PSMC6,HNRNPU,1,1
PSMC6,KRT18,1,1
PSMC6,LBR,1,1
PSMC6,LMNB1,1,1
PSMC6,NUP107,1,1
PSMC6,PIGV,1,1
PSMC6,PNN,1,1
PSMC6,POLR3C,1,1
PSMC6,PPP2R1B,1,1
PSMC6,PSMB5,1,1
PSMC6,TRIP13,1,1
ADNP2,CENPJ,1,1
ADNP2,ERI1,1,1
ADNP2,MMP24-AS1,1,1
ADNP2,NUFIP1,1,1
ADNP2,NUP107,1,1
ADNP2,POLR3C,1,1
ADNP2,RBMXL1,1,1
ADNP2,TSSC4,1,1
ADNP2,USP1,1,1
ADNP2,VRK1,1,1
RNF126,AHCTF1,1,1
RNF126,CCT2,1,1
RNF126,HNRNPU,1,1
RNF126,LBR,1,1
RNF126,LMNB1,1,1
RNF126,PPP2CA,1,1
RNF126,RAD23B,1,1
RNF126,RELT,1,1
RNF126,SKIV2L2,1,1
RNF126,SRSF1,1,1
RNF126,UHRF1BP1L,1,1
RNF126,USP10,1,1
ZNF652,DCAF6,1,1
ZNF652,UBA6,1,1
EID2,ERI1,1,1
EID2,FTSJ3,1,1
EID2,KRT18,1,1
EID2,LBR,1,1
EID2,NUP107,1,1
EID2,TRIP13,1,1
EID2,VRK1,1,1
CAAP1,GADD45A,1,1
CAAP1,MIER1,1,1
SMARCD1,ABCA5,1,1
SMARCD1,AHI1,1,1
SMARCD1,DHRS7B,1,1
SMARCD1,EIF6,1,1
SMARCD1,FTSJ3,1,1
SMARCD1,GART,1,1
SMARCD1,KRT18,1,1
SMARCD1,NDFIP2,1,1
SMARCD1,PDF,1,1
SMARCD1,PRKCDBP,1,1
SMARCD1,SLC2A4RG,1,1
SMARCD1,SMN1,1,1
SMARCD1,TROVE2,1,1
SMARCD1,ZPR1,1,1
RNF138,HNRNPU,1,1
RNF138,IPO11,1,1
RNF138,PPP2CA,1,1
RNF138,RAD23B,1,1
RNF138,SKIV2L2,1,1
RNF138,USP1,1,1
RAD23B,CCT2,1,1
RAD23B,CLINT1,1,1
RAD23B,EIF2B1,1,1
RAD23B,HNRNPU,1,1
RAD23B,LBR,1,1
RAD23B,MLKL,1,1
RAD23B,POLR3E,1,1
RAD23B,PPP2CA,1,1
RAD23B,RELT,1,1
RAD23B,SKIV2L2,1,1
RAD23B,ZNF783,1,1
CHEK1,PRPS2,1,1
NDFIP2,ATP6AP1,1,1
NDFIP2,CLIC1,1,1
NDFIP2,GADD45A,1,1
NDFIP2,PRKCDBP,1,1
NDFIP2,XPOT,1,1
CHUK,ECD,1,1
CHUK,MED29,1,1
CHUK,PLAGL2,1,1
CHUK,RBMXL1,1,1
CHUK,TIFA,1,1
VEPH1,IGSF3,1,1
ERI1,AHI1,1,1
ERI1,CENPJ,1,1
ERI1,DHRS7B,1,1
ERI1,EIF4E2,1,1
ERI1,EIF6,1,1
ERI1,FTSJ3,1,1
ERI1,GART,1,1
ERI1,KRT18,1,1
ERI1,LBR,1,1
ERI1,LMNB1,1,1
ERI1,MMP24-AS1,1,1
ERI1,NUFIP1,1,1
ERI1,NUP107,1,1
ERI1,PDF,1,1
ERI1,PDSS1,1,1
ERI1,POLR3C,1,1
ERI1,PPP2CA,1,1
ERI1,RAB4B,1,1
ERI1,TRIP13,1,1
ERI1,TSSC4,1,1
ERI1,UBE2C,1,1
ERI1,UHRF1BP1L,1,1
ERI1,USP1,1,1
ERI1,VRK1,1,1
BNIP1,CDK4,1,1
BNIP1,CENPJ,1,1
BNIP1,EIF4E2,1,1
BNIP1,HMGN1,1,1
BNIP1,HNRNPA1P48,1,1
BNIP1,MMP24-AS1,1,1
BNIP1,MRPS10,1,1
BNIP1,NANP,1,1
BNIP1,NUP107,1,1
BNIP1,PDSS1,1,1
BNIP1,PLAGL2,1,1
BNIP1,RBMXL1,1,1
BNIP1,TSSC4,1,1
BNIP1,USP1,1,1
BNIP1,VRK1,1,1
RAB4A,DCAF6,1,1
RAB4A,DDX39B,1,1
RAB4A,MED29,1,1
RAB4A,RAB7A,1,1
RAB4A,RAB9A,1,1
RAB4A,RBMXL1,1,1
RAB4A,TRIM44,1,1
RAB4A,TSSC4,1,1
RAB4A,UBA6,1,1
SLC2A4RG,AHI1,1,1
SLC2A4RG,C14ORF159,1,1
SLC2A4RG,C16ORF91,1,1
SLC2A4RG,FTSJ3,1,1
SLC2A4RG,GADD45A,1,1
SLC2A4RG,GART,1,1
SLC2A4RG,KRT18,1,1
SLC2A4RG,PRKCDBP,1,1
SLC2A4RG,RPS21,1,1
SLC2A4RG,SEPT9,1,1
SLC2A4RG,SMN1,1,1
CDK4,AHI1,1,1
CDK4,BCCIP,1,1
CDK4,C5ORF42,1,1
CDK4,CAV2,1,1
CDK4,CWC22,1,1
CDK4,DDX39B,1,1
CDK4,EIF4E2,1,1
CDK4,EIF6,1,1
CDK4,GART,1,1
CDK4,GPAT3,1,1
CDK4,HNRNPA1P48,1,1
CDK4,MED29,1,1
CDK4,MMP24-AS1,1,1
CDK4,MRPS10,1,1
CDK4,NANP,1,1
CDK4,NUP107,1,1
CDK4,PDF,1,1
CDK4,PDSS1,1,1
CDK4,PLAGL2,1,1
CDK4,PPP2CA,1,1
CDK4,RBMXL1,1,1
CDK4,SCYL3,1,1
CDK4,TRIP13,1,1
CDK4,TSSC4,1,1
CDK4,UBA6,1,1
CDK4,UBL4A,1,1
CDC42EP2,AHI1,1,1
CDC42EP2,CTSA,1,1
CDC42EP2,FEM1A,1,1
CDC42EP2,FTSJ3,1,1
CDC42EP2,GART,1,1
CDC42EP2,KRT18,1,1
CDC42EP2,PDE6D,1,1
CDC42EP2,POLB,1,1
CDC42EP2,PPP2R1B,1,1
CDC42EP2,PSMB5,1,1
CDC42EP2,WDR18,1,1
CDC42EP2,ZPR1,1,1
RTP4,ABCA5,1,1
HNRNPA1P48,BCCIP,1,1
HNRNPA1P48,CENPJ,1,1
HNRNPA1P48,HMGN1,1,1
HNRNPA1P48,KIF11,1,1
HNRNPA1P48,MRPS10,1,1
HNRNPA1P48,NANP,1,1
HNRNPA1P48,PDSS1,1,1
HNRNPA1P48,PLAGL2,1,1
HNRNPA1P48,PLK4,1,1
HNRNPA1P48,RBMXL1,1,1
HNRNPA1P48,UBA6,1,1
HNRNPA1P48,USP1,1,1
HNRNPA1P48,VRK1,1,1
RAB9A,GRB2,1,1
RAB7A,CNTROB,1,1
RAB7A,DCAF6,1,1
RAB7A,DDX39B,1,1
RAB7A,RPS21,1,1
RAB7A,UBA6,1,1
POLB,CTSA,1,1
POLB,PSMB5,1,1
POLB,ZPR1,1,1
CLINT1,AHCTF1,1,1
CLINT1,CCT2,1,1
CLINT1,KIAA1524,1,1
CLINT1,RELT,1,1
CLINT1,ZNF783,1,1
MRPS10,BCCIP,1,1
MRPS10,C5ORF42,1,1
MRPS10,CENPJ,1,1
MRPS10,CWC22,1,1
MRPS10,EIF4E2,1,1
MRPS10,HMGN1,1,1
MRPS10,MED29,1,1
MRPS10,METTL10,1,1
MRPS10,NANP,1,1
MRPS10,PDSS1,1,1
MRPS10,PLAGL2,1,1
MRPS10,TSSC4,1,1
MRPS10,UBA6,1,1
NANP,BCCIP,1,1
NANP,C5ORF42,1,1
NANP,CWC22,1,1
NANP,EIF6,1,1
NANP,PDRG1,1,1
NANP,PDSS1,1,1
NANP,PPP2CA,1,1
NANP,UBA6,1,1
NANP,USP1,1,1
TMEM185B,PKNOX1,1,1
TMEM185B,XPOT,1,1
RAB4B,DHRS7B,1,1
RAB4B,LBR,1,1
RAB4B,TRIP13,1,1
RAB4B,UHRF1BP1L,1,1
FTSJ3,AHI1,1,1
FTSJ3,DHRS7B,1,1
FTSJ3,EIF6,1,1
FTSJ3,FEM1A,1,1
FTSJ3,GART,1,1
FTSJ3,KRT18,1,1
FTSJ3,LBR,1,1
FTSJ3,MMP24-AS1,1,1
FTSJ3,NUFIP1,1,1
FTSJ3,NUP107,1,1
FTSJ3,PDF,1,1
FTSJ3,POLR3C,1,1
FTSJ3,PPP2R1B,1,1
FTSJ3,PRKCDBP,1,1
FTSJ3,SEPT9,1,1
FTSJ3,SMN1,1,1
FTSJ3,TRIP13,1,1
FTSJ3,TSSC4,1,1
FTSJ3,ZPR1,1,1
AHI1,DDX39B,1,1
AHI1,DHRS7B,1,1
AHI1,EIF6,1,1
AHI1,GART,1,1
AHI1,KRT18,1,1
AHI1,MIER1,1,1
AHI1,MMP24-AS1,1,1
AHI1,NUFIP1,1,1
AHI1,NUP107,1,1
AHI1,PDF,1,1
AHI1,PPP2CA,1,1
AHI1,PRKCDBP,1,1
AHI1,RBMXL1,1,1
AHI1,TRIP13,1,1
AHI1,TSSC4,1,1
GART,DDX39B,1,1
GART,DHRS7B,1,1
GART,EIF4E2,1,1
GART,EIF6,1,1
GART,KRT18,1,1
GART,MIER1,1,1
GART,MMP24-AS1,1,1
GART,NUFIP1,1,1
GART,NUP107,1,1
GART,PDF,1,1
GART,PRKCDBP,1,1
GART,RBMXL1,1,1
GART,TRIP13,1,1
GART,TSSC4,1,1
GART,ZPR1,1,1
TMEM69,ATP6AP1,1,1
TMEM69,BVES,1,1
TMEM69,CWC27,1,1
TMEM69,EIF2B1,1,1
TMEM69,MLKL,1,1
TMEM69,POLR3E,1,1
TMEM69,PSMD4,1,1
PLAGL2,DDX39B,1,1
PLAGL2,ECD,1,1
PLAGL2,EIF4E2,1,1
PLAGL2,HMGN1,1,1
PLAGL2,MED29,1,1
PLAGL2,NAF1,1,1
PLAGL2,PDSS1,1,1
PLAGL2,RBMXL1,1,1
PLAGL2,UBA6,1,1
PLAGL2,UBL4A,1,1
CLIC1,C14ORF159,1,1
SRSF1,CCT2,1,1
SRSF1,HNRNPU,1,1
SRSF1,TGS1,1,1
ZDHHC20,PDLIM5,1,1
ABCF1,HNRNPU,1,1
ABCF1,POLR3C,1,1
ABCF1,TGS1,1,1
ABCF1,UHRF1BP1L,1,1
EIF6,ATP6AP1,1,1
EIF6,DDX39B,1,1
EIF6,GPAT3,1,1
EIF6,KRT18,1,1
EIF6,LBR,1,1
EIF6,MMP24-AS1,1,1
EIF6,NUP107,1,1
EIF6,PDF,1,1
EIF6,PDSS1,1,1
EIF6,PPP2CA,1,1
EIF6,PRKCDBP,1,1
EIF6,RPS21,1,1
EIF6,SCYL3,1,1
EIF6,TRIP13,1,1
EIF6,TSSC4,1,1
EIF6,UBE2C,1,1
EIF6,USP1,1,1
CENPJ,EIF4E2,1,1
CENPJ,HMGN1,1,1
CENPJ,NUP107,1,1
CENPJ,PLK4,1,1
CENPJ,RBMXL1,1,1
CENPJ,USP1,1,1
CENPJ,VRK1,1,1
CRLS1,EIF2B1,1,1
CRLS1,MLKL,1,1
CRLS1,SCYL3,1,1
CNTROB,RPS21,1,1
EIF2B1,ATP6AP1,1,1
EIF2B1,CCT2,1,1
EIF2B1,MLKL,1,1
EIF2B1,NABP2,1,1
EIF2B1,PKNOX1,1,1
EIF2B1,POLR3E,1,1
EIF2B1,PPP2CA,1,1
EIF2B1,PSMD4,1,1
EIF2B1,SCYL3,1,1
EIF2B1,SKIV2L2,1,1
EIF2B1,UBE2C,1,1
EIF2B1,XPOT,1,1
METTL10,HMGN1,1,1
METTL10,PDLIM5,1,1
METTL10,TIFA,1,1
METTL10,TRIM44,1,1
METTL10,UBA6,1,1
AHCTF1,CCT2,1,1
AHCTF1,HNRNPU,1,1
AHCTF1,KIAA1524,1,1
AHCTF1,LYAR,1,1
AHCTF1,RELT,1,1
AHCTF1,USP10,1,1
SMN1,C16ORF91,1,1
SMN1,DHRS7B,1,1
SMN1,KRT18,1,1
SMN1,PSMB5,1,1
SMN1,SEPT9,1,1
SMN1,TROVE2,1,1
AKAP1,CHERP,1,1
AKAP1,IPO11,1,1
AKAP1,URB2,1,1
PSMB5,C16ORF91,1,1
PSMB5,MICALL1,1,1
PSMB5,PDE6D,1,1
PSMB5,SEPT9,1,1
PSMB5,TET3,1,1
PSMB5,WDR18,1,1
FEM1A,KRT18,1,1
FEM1A,NUFIP1,1,1
FEM1A,PIGV,1,1
FEM1A,POLR3C,1,1
FEM1A,PPP2R1B,1,1
FEM1A,ZPR1,1,1
WDR18,C16ORF91,1,1
WDR18,CTSA,1,1
WDR18,PDE6D,1,1
TGS1,AKAP8,1,1
TGS1,HNRNPU,1,1
TGS1,PNN,1,1
TGS1,PPP2R1B,1,1
SKIL,TROVE2,1,1
PRKCDBP,GADD45A,1,1
PRKCDBP,KRT18,1,1
PRKCDBP,MMP24-AS1,1,1
PRKCDBP,PDF,1,1
PRKCDBP,RPS21,1,1
PRKCDBP,SEPT9,1,1
PRKCDBP,TSSC4,1,1
CCAR1,KIF11,1,1
CCAR1,PDLIM5,1,1
CCAR1,PLK4,1,1
NABP2,MLKL,1,1
NABP2,PSMD4,1,1
BUB1B,KIAA1524,1,1
BUB1B,L2HGDH,1,1
BUB1B,PPP5C,1,1
BUB1B,UBE2C,1,1
BUB1B,USP10,1,1
IGSF3,GRB2,1,1
PNPT1,CCT2,1,1
PNPT1,HNRNPM,1,1
PNPT1,KIAA1524,1,1
PNPT1,LYAR,1,1
PNPT1,USP10,1,1
NUP107,EIF4E2,1,1
NUP107,HMGN1,1,1
NUP107,KRT18,1,1
NUP107,LBR,1,1
NUP107,LMNB1,1,1
NUP107,MMP24-AS1,1,1
NUP107,NUFIP1,1,1
NUP107,PDF,1,1
NUP107,PDSS1,1,1
NUP107,PNN,1,1
NUP107,PPP2CA,1,1
NUP107,TRIP13,1,1
NUP107,TSSC4,1,1
NUP107,UBE2C,1,1
NUP107,UHRF1BP1L,1,1
NUP107,USP1,1,1
NUP107,VRK1,1,1
UHRF1BP1L,HNRNPU,1,1
UHRF1BP1L,LBR,1,1
UHRF1BP1L,LMNB1,1,1
UHRF1BP1L,PDRG1,1,1
UHRF1BP1L,PDSS1,1,1
UHRF1BP1L,PPP2CA,1,1
UHRF1BP1L,RELT,1,1
UHRF1BP1L,SKIV2L2,1,1
UHRF1BP1L,TRIP13,1,1
UHRF1BP1L,UBE2C,1,1
UHRF1BP1L,USP1,1,1
PDSS1,BCCIP,1,1
PDSS1,C5ORF42,1,1
PDSS1,CWC22,1,1
PDSS1,DDX39B,1,1
PDSS1,EIF4E2,1,1
PDSS1,KIF11,1,1
PDSS1,LMNB1,1,1
PDSS1,MMP24-AS1,1,1
PDSS1,PDF,1,1
PDSS1,PDRG1,1,1
PDSS1,PLK4,1,1
PDSS1,PPP2CA,1,1
PDSS1,TRIP13,1,1
PDSS1,TSSC4,1,1
PDSS1,UBA6,1,1
PDSS1,USP1,1,1
PDSS1,VRK1,1,1
NAF1,ECD,1,1
NAF1,HMGN1,1,1
NAF1,RBMXL1,1,1
MLKL,CCT2,1,1
MLKL,L2HGDH,1,1
MLKL,PKNOX1,1,1
MLKL,POLR3E,1,1
MLKL,PSMD4,1,1
MLKL,SCYL3,1,1
MLKL,UBE2C,1,1
REXO1,NUFIP1,1,1
REXO1,PNN,1,1
PDRG1,BCCIP,1,1
PDRG1,CHERP,1,1
PDRG1,CWC22,1,1
PDRG1,GMNN,1,1
PDRG1,IPO11,1,1
PDRG1,LMNB1,1,1
PDRG1,PPP2CA,1,1
PDRG1,PRPS2,1,1
PDRG1,SCYL3,1,1
PDRG1,SKIV2L2,1,1
PDRG1,USP1,1,1
LBR,DHRS7B,1,1
LBR,HNRNPU,1,1
LBR,KRT18,1,1
LBR,LMNB1,1,1
LBR,MMP24-AS1,1,1
LBR,POLR3E,1,1
LBR,PPP2CA,1,1
LBR,RELT,1,1
LBR,TRIP13,1,1
LBR,UBE2C,1,1
LBR,USP1,1,1
ZNF783,CCT2,1,1
PSMD4,ATP6AP1,1,1
PSMD4,BVES,1,1
PSMD4,POLR3E,1,1
TRIM44,TIFA,1,1
TRIM44,UBA6,1,1
PPP2CA,ATP6AP1,1,1
PPP2CA,HNRNPU,1,1
PPP2CA,LMNB1,1,1
PPP2CA,MMP24-AS1,1,1
PPP2CA,SCYL3,1,1
PPP2CA,SKIV2L2,1,1
PPP2CA,TRIP13,1,1
PPP2CA,UBE2C,1,1
PPP2CA,USP1,1,1
C5ORF42,AP1M1,1,1
C5ORF42,BCCIP,1,1
C5ORF42,UBA6,1,1
IPO11,CHERP,1,1
IPO11,HNRNPH1,1,1
IPO11,PRPS2,1,1
IPO11,SKIV2L2,1,1
PKNOX1,XPOT,1,1
CTSA,PDE6D,1,1
CTSA,ZPR1,1,1
TIFA,ECD,1,1
RELT,CCT2,1,1
RELT,HNRNPU,1,1
RELT,KIAA1524,1,1
RELT,LMNB1,1,1
RELT,USP10,1,1
RPS21,GADD45A,1,1
RPS21,GNG4,1,1
RPS21,GPAT3,1,1
RPS21,PDF,1,1
MIER1,GADD45A,1,1
MIER1,PDF,1,1
MIER1,TSSC4,1,1
USP10,CCT2,1,1
USP10,KIAA1524,1,1
USP10,L2HGDH,1,1
USP10,PPP5C,1,1
PRPS2,KIF11,1,1
PRPS2,LMNB1,1,1
PRPS2,SKIV2L2,1,1
PRPS2,UBE2C,1,1
URB2,HNRNPM,1,1
UBL4A,EIF4E2,1,1
UBL4A,MED29,1,1
UBL4A,PDF,1,1
UBE2C,KRT18,1,1
UBE2C,LMNB1,1,1
UBE2C,POLR3E,1,1
UBE2C,TRIP13,1,1
SCYL3,CAV2,1,1
SCYL3,CWC22,1,1
SCYL3,SKIV2L2,1,1
SCYL3,XPOT,1,1
POLR3E,ATP6AP1,1,1
POLR3E,BVES,1,1
POLR3E,TRIP13,1,1
PIGV,ABCA5,1,1
PIGV,POLR3C,1,1
CWC27,TROVE2,1,1
MMP24-AS1,DDX39B,1,1
MMP24-AS1,DHRS7B,1,1
MMP24-AS1,KRT18,1,1
MMP24-AS1,NUFIP1,1,1
MMP24-AS1,PDF,1,1
MMP24-AS1,RBMXL1,1,1
MMP24-AS1,TRIP13,1,1
MMP24-AS1,TSSC4,1,1
MMP24-AS1,USP1,1,1
MMP24-AS1,VRK1,1,1
ABCA5,MICALL1,1,1
ABCA5,TROVE2,1,1
HNRNPU,AKAP8,1,1
HNRNPU,CCT2,1,1
HNRNPU,LMNB1,1,1
HNRNPU,POLR3C,1,1
HNRNPU,TRIP13,1,1
HNRNPU,USP1,1,1
NUFIP1,HMGN1,1,1
NUFIP1,KRT18,1,1
NUFIP1,POLR3C,1,1
NUFIP1,RBMXL1,1,1
NUFIP1,TRIP13,1,1
NUFIP1,TSSC4,1,1
NUFIP1,USP1,1,1
NUFIP1,VRK1,1,1
CWC22,BCCIP,1,1
CWC22,SKIV2L2,1,1
LYAR,CCT2,1,1
LYAR,KIAA1524,1,1
MICALL1,C16ORF91,1,1
MICALL1,SEPT9,1,1
ATP6AP1,BVES,1,1
ATP6AP1,ERBB3,1,1
ATP6AP1,SEPT9,1,1
RBMXL1,DCAF6,1,1
RBMXL1,DDX39B,1,1
RBMXL1,ECD,1,1
RBMXL1,EIF4E2,1,1
RBMXL1,HMGN1,1,1
RBMXL1,MED29,1,1
RBMXL1,PDF,1,1
RBMXL1,TSSC4,1,1
RBMXL1,UBA6,1,1
RBMXL1,VRK1,1,1
UBE2SP1,PPP5C,1,1
DDX39B,DCAF6,1,1
DDX39B,HMGN1,1,1
DDX39B,MED29,1,1
DDX39B,PDF,1,1
DDX39B,TSSC4,1,1
DDX39B,UBA6,1,1
KIAA1524,CCT2,1,1
KRT18,DHRS7B,1,1
KRT18,PDF,1,1
KRT18,SEPT9,1,1
KRT18,TRIP13,1,1
KRT18,TSSC4,1,1
KRT18,ZPR1,1,1
PLK4,BCCIP,1,1
PLK4,HMGN1,1,1
PLK4,KIF11,1,1
PLK4,USP1,1,1
PLK4,VRK1,1,1
PPP2R1B,ZPR1,1,1
KIF11,BCCIP,1,1
USP1,BCCIP,1,1
USP1,LMNB1,1,1
USP1,TRIP13,1,1
USP1,TSSC4,1,1
USP1,VRK1,1,1
TSSC4,EIF4E2,1,1
TSSC4,HMGN1,1,1
TSSC4,MED29,1,1
TSSC4,PDF,1,1
TSSC4,TRIP13,1,1
TSSC4,UBA6,1,1
TSSC4,VRK1,1,1
GRB2,SEPHS2,1,1
DCAF6,GSK3A,1,1
DCAF6,MED29,1,1
DCAF6,UBA6,1,1
DHRS7B,TRIP13,1,1
DHRS7B,TROVE2,1,1
NDUFC2,HMGN1,1,1
ECD,EIF4E2,1,1
ECD,MED29,1,1
PPP5C,L2HGDH,1,1
UBA6,BCCIP,1,1
UBA6,HMGN1,1,1
UBA6,MED29,1,1
UBA6,PDLIM5,1,1
HMGN1,EIF4E2,1,1
HMGN1,PDF,1,1
HMGN1,VRK1,1,1
TROVE2,SEPT9,1,1
HNRNPH1,CHERP,1,1
C16ORF91,SEPT9,1,1
TET3,PDE6D,1,1
PDF,EIF4E2,1,1
PDF,GPAT3,1,1
PDF,MED29,1,1
PDF,TRIP13,1,1
VRK1,EIF4E2,1,1
VRK1,TRIP13,1,1
EIF4E2,TRIP13,1,1
TRIP13,LMNB1,1,1
