source,target,weight,correlation
TRAF3IP1,PLEKHB2,1,1
PKMYT1,ALDH1B1,1,1
PKMYT1,ANAPC7,1,1
PKMYT1,AP4B1,1,1
PKMYT1,APITD1,1,1
PKMYT1,ATAD3A,1,1
PKMYT1,ATP5F1,1,1
PKMYT1,AURKA,1,1
PKMYT1,AURKAIP1,1,1
PKMYT1,BACE1,1,1
PKMYT1,BCAS2,1,1
PKMYT1,BMPR1B,1,1
PKMYT1,C5ORF34,1,1
PKMYT1,CENPI,1,1
PKMYT1,CENPM,1,1
PKMYT1,CEP85,1,1
PKMYT1,CLSPN,1,1
PKMYT1,CSDE1,1,1
PKMYT1,CUL1,1,1
PKMYT1,DDX20,1,1
PKMYT1,DLD,1,1
PKMYT1,DRG1,1,1
PKMYT1,FAM81A,1,1
PKMYT1,FTO,1,1
PKMYT1,GET4,1,1
PKMYT1,GNB1L,1,1
PKMYT1,GTSE1,1,1
PKMYT1,GXYLT1,1,1
PKMYT1,HOXD4,1,1
PKMYT1,IDH3A,1,1
PKMYT1,KDM1A,1,1
PKMYT1,KIAA2013,1,1
PKMYT1,KLHDC2,1,1
PKMYT1,LDHAP3,1,1
PKMYT1,LDHAP4,1,1
PKMYT1,LUC7L2,1,1
PKMYT1,MAD2L2,1,1
PKMYT1,MCAT,1,1
PKMYT1,MCM3,1,1
PKMYT1,MCOLN2,1,1
PKMYT1,MLH3,1,1
PKMYT1,MTFP1,1,1
PKMYT1,MTFR2,1,1
PKMYT1,NDUFAF4,1,1
PKMYT1,NELFCD,1,1
PKMYT1,NUP205,1,1
PKMYT1,NUP50,1,1
PKMYT1,ORC5,1,1
PKMYT1,PARK7,1,1
PKMYT1,POLR3G,1,1
PKMYT1,POLR3K,1,1
PKMYT1,PSMA5,1,1
PKMYT1,PTTG1,1,1
PKMYT1,RALY,1,1
PKMYT1,RTCB,1,1
PKMYT1,SNRNP25,1,1
PKMYT1,SRM,1,1
PKMYT1,ST13,1,1
PKMYT1,STK17B,1,1
PKMYT1,STOML2,1,1
PKMYT1,TIMM50,1,1
PKMYT1,TMEM256-PLSCR3,1,1
PKMYT1,TONSL,1,1
PKMYT1,TRABD,1,1
PKMYT1,TRMU,1,1
PKMYT1,TTC7B,1,1
PKMYT1,VDR,1,1
PKMYT1,WARS2,1,1
PKMYT1,WDR77,1,1
TNPO3,ABCD1,1,1
TNPO3,ABHD2,1,1
TNPO3,ACAN,1,1
TNPO3,ACOT7,1,1
TNPO3,ADAMTS17,1,1
TNPO3,AKR7A2,1,1
TNPO3,AL513523.1,1,1
TNPO3,AL513523.2,1,1
TNPO3,ALDH1A1,1,1
TNPO3,AMPH,1,1
TNPO3,ANAPC7,1,1
TNPO3,ANKRD30B,1,1
TNPO3,ANKRD44,1,1
TNPO3,AP4B1,1,1
TNPO3,ARFGEF2,1,1
TNPO3,ARHGEF35,1,1
TNPO3,ARMT1,1,1
TNPO3,ARPC1A,1,1
TNPO3,ASRGL1,1,1
TNPO3,ATAD3B,1,1
TNPO3,ATOX1,1,1
TNPO3,ATP10B,1,1
TNPO3,ATP11A,1,1
TNPO3,ATP5F1,1,1
TNPO3,ATP6V0D2,1,1
TNPO3,ATP6V1C1,1,1
TNPO3,ATP6V1E1,1,1
TNPO3,BACE1,1,1
TNPO3,BAIAP2L1,1,1
TNPO3,BAIAP2L2,1,1
TNPO3,BCL2L13,1,1
TNPO3,BICDL1,1,1
TNPO3,BIRC7,1,1
TNPO3,BLCAP,1,1
TNPO3,BORCS8,1,1
TNPO3,C17ORF51,1,1
TNPO3,C2ORF69,1,1
TNPO3,C3ORF14,1,1
TNPO3,CADM1,1,1
TNPO3,CADPS,1,1
TNPO3,CALD1,1,1
TNPO3,CAPG,1,1
TNPO3,CAPZB,1,1
TNPO3,CARHSP1,1,1
TNPO3,CCDC134,1,1
TNPO3,CCDC141,1,1
TNPO3,CCNA1,1,1
TNPO3,CD109,1,1
TNPO3,CDC42,1,1
TNPO3,CEACAM1,1,1
TNPO3,CHCHD3,1,1
TNPO3,CHN2,1,1
TNPO3,CIB1,1,1
TNPO3,CLDN14,1,1
TNPO3,CPN1,1,1
TNPO3,CPTP,1,1
TNPO3,CRKL,1,1
TNPO3,CSDE1,1,1
TNPO3,CSF2RA,1,1
TNPO3,CUL1,1,1
TNPO3,DAZ1,1,1
TNPO3,DBF4B,1,1
TNPO3,DDRGK1,1,1
TNPO3,DDX55,1,1
TNPO3,DNAJC11,1,1
TNPO3,DNAJC16,1,1
TNPO3,DPY19L2P2,1,1
TNPO3,DPYSL5,1,1
TNPO3,DTNBP1,1,1
TNPO3,DTX3L,1,1
TNPO3,EARS2,1,1
TNPO3,ECE1,1,1
TNPO3,ECHDC1,1,1
TNPO3,EIF5A2,1,1
TNPO3,EMILIN2,1,1
TNPO3,ENHO,1,1
TNPO3,ENPP1,1,1
TNPO3,ENTPD6,1,1
TNPO3,EPHA4,1,1
TNPO3,EPS15L1,1,1
TNPO3,EXOSC10,1,1
TNPO3,EXTL3,1,1
TNPO3,FAM102B,1,1
TNPO3,FAM118A,1,1
TNPO3,FAM126B,1,1
TNPO3,FAM19A3,1,1
TNPO3,FBXO42,1,1
TNPO3,FEZF1,1,1
TNPO3,FN1,1,1
TNPO3,FOXRED2,1,1
TNPO3,FRG2DP,1,1
TNPO3,FRMD4B,1,1
TNPO3,GALE,1,1
TNPO3,GCLM,1,1
TNPO3,GLT8D1,1,1
TNPO3,GNB1L,1,1
TNPO3,GPR157,1,1
TNPO3,GPR55,1,1
TNPO3,GXYLT1,1,1
TNPO3,HENMT1,1,1
TNPO3,HERC2P5,1,1
TNPO3,HERC2P8,1,1
TNPO3,HK2,1,1
TNPO3,HKR1,1,1
TNPO3,HMGXB3,1,1
TNPO3,HNRNPR,1,1
TNPO3,HOOK1,1,1
TNPO3,HSD17B12,1,1
TNPO3,HSPA8P1,1,1
TNPO3,HSPA8P8,1,1
TNPO3,HSPA8P9,1,1
TNPO3,IDH3A,1,1
TNPO3,IMMP2L,1,1
TNPO3,INTS3,1,1
TNPO3,KCTD14,1,1
TNPO3,KIAA2013,1,1
TNPO3,KIF1B,1,1
TNPO3,KLHL21,1,1
TNPO3,L3MBTL2,1,1
TNPO3,LAMA1,1,1
TNPO3,LHX8,1,1
TNPO3,LINS1,1,1
TNPO3,LMF2,1,1
TNPO3,LONRF3,1,1
TNPO3,LPXN,1,1
TNPO3,LRRC47,1,1
TNPO3,LRRC61,1,1
TNPO3,LSR,1,1
TNPO3,LUZP1,1,1
TNPO3,LZIC,1,1
TNPO3,MAD2L2,1,1
TNPO3,MAPK1,1,1
TNPO3,MAPK8IP2,1,1
TNPO3,MCM3,1,1
TNPO3,MCOLN2,1,1
TNPO3,MCTP2,1,1
TNPO3,MED15,1,1
TNPO3,MERTK,1,1
TNPO3,MFF,1,1
TNPO3,MFN2,1,1
TNPO3,MGAM,1,1
TNPO3,MGAM2,1,1
TNPO3,MIIP,1,1
TNPO3,MKRN3,1,1
TNPO3,MLH3,1,1
TNPO3,MLXIP,1,1
TNPO3,MMP8,1,1
TNPO3,MORN1,1,1
TNPO3,MRFAP1,1,1
TNPO3,MRPS11,1,1
TNPO3,MTFP1,1,1
TNPO3,MTOR,1,1
TNPO3,MUL1,1,1
TNPO3,NBPF8,1,1
TNPO3,NEMP1,1,1
TNPO3,NLRP2,1,1
TNPO3,NOL4L,1,1
TNPO3,NOTCH2,1,1
TNPO3,NPPC,1,1
TNPO3,NRROS,1,1
TNPO3,PACSIN2,1,1
TNPO3,PARK7,1,1
TNPO3,PEG10,1,1
TNPO3,PEX10,1,1
TNPO3,PEX14,1,1
TNPO3,PEX26,1,1
TNPO3,PHGDH,1,1
TNPO3,PHTF1,1,1
TNPO3,PIK3R3,1,1
TNPO3,PLA2G6,1,1
TNPO3,PLEKHA7,1,1
TNPO3,PNKD,1,1
TNPO3,PPP4R2,1,1
TNPO3,PQLC2,1,1
TNPO3,PRKG2,1,1
TNPO3,PRMT7,1,1
TNPO3,PRNP,1,1
TNPO3,PYGB,1,1
TNPO3,RAB17,1,1
TNPO3,RAB5A,1,1
TNPO3,RASEF,1,1
TNPO3,RBM19,1,1
TNPO3,RBM47,1,1
TNPO3,RBX1,1,1
TNPO3,RCAN3,1,1
TNPO3,RER1,1,1
TNPO3,RP11-119J18.1,1,1
TNPO3,RP11-159J3.1,1,1
TNPO3,RP11-327P2.7,1,1
TNPO3,RP11-61N20.3,1,1
TNPO3,RPA2,1,1
TNPO3,RPH3A,1,1
TNPO3,RPL11,1,1
TNPO3,RPS6KA5,1,1
TNPO3,RYBP,1,1
TNPO3,SAMM50,1,1
TNPO3,SBF1,1,1
TNPO3,SCIN,1,1
TNPO3,SCML4,1,1
TNPO3,SEC22B,1,1
TNPO3,SERGEF,1,1
TNPO3,SFI1,1,1
TNPO3,SGK3,1,1
TNPO3,SIRPB1,1,1
TNPO3,SKI,1,1
TNPO3,SLAMF7,1,1
TNPO3,SLC17A9,1,1
TNPO3,SLC25A33,1,1
TNPO3,SLC2A11,1,1
TNPO3,SLC37A3,1,1
TNPO3,SLCO2B1,1,1
TNPO3,SNRNP25,1,1
TNPO3,SPRY1,1,1
TNPO3,SRM,1,1
TNPO3,SS18L1,1,1
TNPO3,STAT1,1,1
TNPO3,SYCP2,1,1
TNPO3,TBC1D4,1,1
TNPO3,TCEB3,1,1
TNPO3,TIMM50,1,1
TNPO3,TMC3,1,1
TNPO3,TMEM144,1,1
TNPO3,TMEM201,1,1
TNPO3,TMEM64,1,1
TNPO3,TMF1,1,1
TNPO3,TMX4,1,1
TNPO3,TP73,1,1
TNPO3,TRIB1,1,1
TNPO3,TRMU,1,1
TNPO3,TRPA1,1,1
TNPO3,TTN,1,1
TNPO3,TUB,1,1
TNPO3,TXN2,1,1
TNPO3,UBE2J1,1,1
TNPO3,UBE4B,1,1
TNPO3,UGT2B7,1,1
TNPO3,VAPB,1,1
TNPO3,VAV3,1,1
TNPO3,VCP,1,1
TNPO3,VCX3B,1,1
TNPO3,WDR47,1,1
TNPO3,ZBED6CL,1,1
TNPO3,ZC3H11B,1,1
TNPO3,ZDHHC11B,1,1
TNPO3,ZNF114,1,1
TNPO3,ZNF503,1,1
TNPO3,ZNF689,1,1
TNPO3,ZNF738,1,1
TNPO3,ZYG11A,1,1
FGD4,ABCD4,1,1
FGD4,AK2,1,1
FGD4,ALAS1,1,1
FGD4,ARHGAP28,1,1
FGD4,ARHGEF39,1,1
FGD4,ATOX1,1,1
FGD4,ATP10B,1,1
FGD4,ATP5J2,1,1
FGD4,ATXN7L3B,1,1
FGD4,BAIAP2L2,1,1
FGD4,BCAS3,1,1
FGD4,C1ORF112,1,1
FGD4,CALU,1,1
FGD4,CAPZA2,1,1
FGD4,CARD16,1,1
FGD4,CCDC88A,1,1
FGD4,CD164,1,1
FGD4,CEP41,1,1
FGD4,CHEK2,1,1
FGD4,CHST11,1,1
FGD4,CPN1,1,1
FGD4,CSNK1G2,1,1
FGD4,DDOST,1,1
FGD4,DUSP4,1,1
FGD4,EARS2,1,1
FGD4,EN1,1,1
FGD4,EYA4,1,1
FGD4,FASTKD1,1,1
FGD4,FBXO6,1,1
FGD4,FOXRED2,1,1
FGD4,GDPD1,1,1
FGD4,GFPT1,1,1
FGD4,GJB1,1,1
FGD4,GLB1L2,1,1
FGD4,GSS,1,1
FGD4,HDAC1,1,1
FGD4,HDLBP,1,1
FGD4,HEY1,1,1
FGD4,IGF2R,1,1
FGD4,IGHVII-30-43,1,1
FGD4,INPP5F,1,1
FGD4,ITGAV,1,1
FGD4,KCNAB1,1,1
FGD4,KDELC1,1,1
FGD4,KIAA2013,1,1
FGD4,L3MBTL4,1,1
FGD4,LACTB2,1,1
FGD4,LAMP2,1,1
FGD4,LCP2,1,1
FGD4,LHFP,1,1
FGD4,LRP12,1,1
FGD4,MDFIC,1,1
FGD4,MFN2,1,1
FGD4,MGAT5,1,1
FGD4,MGST2,1,1
FGD4,MKLN1,1,1
FGD4,MLLT4,1,1
FGD4,MMS19,1,1
FGD4,MOV10,1,1
FGD4,MRPS5,1,1
FGD4,MSL3P1,1,1
FGD4,NDUFA5,1,1
FGD4,NEK6,1,1
FGD4,NELFCD,1,1
FGD4,NUDCD3,1,1
FGD4,OTUD3,1,1
FGD4,PACSIN2,1,1
FGD4,PANX2,1,1
FGD4,PARL,1,1
FGD4,PARP9,1,1
FGD4,PDK3,1,1
FGD4,PEG10,1,1
FGD4,PPFIBP1,1,1
FGD4,PPP1R14C,1,1
FGD4,PTPRK,1,1
FGD4,RBM47,1,1
FGD4,RCAN3,1,1
FGD4,RERE,1,1
FGD4,RHOJ,1,1
FGD4,RIPK4,1,1
FGD4,RNF125,1,1
FGD4,RNF43,1,1
FGD4,RP11-153I24.5,1,1
FGD4,SDF4,1,1
FGD4,SDHB,1,1
FGD4,SLC22A23,1,1
FGD4,SLC25A13,1,1
FGD4,SLC35F5,1,1
FGD4,SLC35F6,1,1
FGD4,SLCO5A1,1,1
FGD4,SORL1,1,1
FGD4,ST8SIA1,1,1
FGD4,STRIP2,1,1
FGD4,SYNM,1,1
FGD4,SYPL1,1,1
FGD4,TBCA,1,1
FGD4,TBL1X,1,1
FGD4,TIMM50,1,1
FGD4,TIMP3,1,1
FGD4,TMED9,1,1
FGD4,TMEM242,1,1
FGD4,TNRC6B,1,1
FGD4,TRIM33,1,1
FGD4,TRPV2,1,1
FGD4,TSPAN14,1,1
FGD4,TTF2,1,1
FGD4,TUBB2A,1,1
FGD4,VGF,1,1
FGD4,VPS45,1,1
FGD4,WASL,1,1
FGD4,ZC3H11B,1,1
FGD4,ZMYM1,1,1
FGD4,ZNF561,1,1
FGD4,ZNF697,1,1
FGD4,ZNF738,1,1
FGD4,ZNF839,1,1
BORCS8,ABCD1,1,1
BORCS8,ACAN,1,1
BORCS8,ACOT7,1,1
BORCS8,ADAMTS17,1,1
BORCS8,AKR7A2,1,1
BORCS8,ALDH1A1,1,1
BORCS8,AMPH,1,1
BORCS8,ANAPC5,1,1
BORCS8,ANAPC7,1,1
BORCS8,AP4B1,1,1
BORCS8,ARFGEF2,1,1
BORCS8,ARHGEF39,1,1
BORCS8,ASRGL1,1,1
BORCS8,ATAD3B,1,1
BORCS8,ATOX1,1,1
BORCS8,ATP6V1E1,1,1
BORCS8,BACE1,1,1
BORCS8,BCL2L13,1,1
BORCS8,BICDL1,1,1
BORCS8,BLCAP,1,1
BORCS8,C17ORF51,1,1
BORCS8,CADM1,1,1
BORCS8,CARD16,1,1
BORCS8,CARHSP1,1,1
BORCS8,CCDC134,1,1
BORCS8,CD109,1,1
BORCS8,CGN,1,1
BORCS8,CHN2,1,1
BORCS8,CHST11,1,1
BORCS8,CPN1,1,1
BORCS8,DBF4B,1,1
BORCS8,DNAJC11,1,1
BORCS8,DNAJC16,1,1
BORCS8,DPY19L2P2,1,1
BORCS8,DPYSL5,1,1
BORCS8,DUSP4,1,1
BORCS8,EAPP,1,1
BORCS8,EIF5A2,1,1
BORCS8,ENHO,1,1
BORCS8,ENPP1,1,1
BORCS8,ERGIC3,1,1
BORCS8,EXOSC10,1,1
BORCS8,EXTL3,1,1
BORCS8,FAM118A,1,1
BORCS8,FAM167B,1,1
BORCS8,FAM19A3,1,1
BORCS8,FN1,1,1
BORCS8,FOXRED2,1,1
BORCS8,FRG2DP,1,1
BORCS8,FRMD4B,1,1
BORCS8,GALE,1,1
BORCS8,GNB1L,1,1
BORCS8,GPHN,1,1
BORCS8,GPR157,1,1
BORCS8,GPR55,1,1
BORCS8,HERC2P8,1,1
BORCS8,HMGXB3,1,1
BORCS8,IMMP2L,1,1
BORCS8,JAK2,1,1
BORCS8,KCP,1,1
BORCS8,KDM5A,1,1
BORCS8,KIAA2013,1,1
BORCS8,L3MBTL4,1,1
BORCS8,LAMA1,1,1
BORCS8,LMF2,1,1
BORCS8,LPXN,1,1
BORCS8,MAD2L2,1,1
BORCS8,MAPK8IP2,1,1
BORCS8,MED15,1,1
BORCS8,MESDC1,1,1
BORCS8,MFF,1,1
BORCS8,MFN2,1,1
BORCS8,MGAM2,1,1
BORCS8,MIIP,1,1
BORCS8,MLH3,1,1
BORCS8,MMP8,1,1
BORCS8,MRFAP1,1,1
BORCS8,MSL3P1,1,1
BORCS8,MTOR,1,1
BORCS8,NBPF26,1,1
BORCS8,NBPF8,1,1
BORCS8,NDUFC2-KCTD14,1,1
BORCS8,NOL4L,1,1
BORCS8,NRROS,1,1
BORCS8,PACSIN2,1,1
BORCS8,PARK7,1,1
BORCS8,PEX10,1,1
BORCS8,PEX14,1,1
BORCS8,PHTF1,1,1
BORCS8,PNKD,1,1
BORCS8,POLG,1,1
BORCS8,POMGNT1,1,1
BORCS8,PQLC2,1,1
BORCS8,PRMT7,1,1
BORCS8,QPCTL,1,1
BORCS8,RAB17,1,1
BORCS8,RASEF,1,1
BORCS8,RBM19,1,1
BORCS8,RBM47,1,1
BORCS8,RBX1,1,1
BORCS8,RCAN3,1,1
BORCS8,RCN3,1,1
BORCS8,RP11-61N20.3,1,1
BORCS8,RYBP,1,1
BORCS8,SAMM50,1,1
BORCS8,SCML4,1,1
BORCS8,SFI1,1,1
BORCS8,SGK3,1,1
BORCS8,SLC22A23,1,1
BORCS8,SLC25A33,1,1
BORCS8,SLC2A11,1,1
BORCS8,SNRNP25,1,1
BORCS8,SPRY1,1,1
BORCS8,SRGAP2C,1,1
BORCS8,SRM,1,1
BORCS8,SYCP2,1,1
BORCS8,TBC1D4,1,1
BORCS8,TCEB3,1,1
BORCS8,TESK2,1,1
BORCS8,TMEM201,1,1
BORCS8,TMEM64,1,1
BORCS8,TP73,1,1
BORCS8,TRPA1,1,1
BORCS8,TTN,1,1
BORCS8,TXN2,1,1
BORCS8,UBE2J1,1,1
BORCS8,UGT2B7,1,1
BORCS8,VAV3,1,1
BORCS8,WDR47,1,1
BORCS8,ZC3H11B,1,1
BORCS8,ZNF503,1,1
BORCS8,ZNF738,1,1
BORCS8,ZNF776,1,1
PEG10,ACOT7,1,1
PEG10,ADAMTS17,1,1
PEG10,AK2,1,1
PEG10,AK6,1,1
PEG10,AKR7A2,1,1
PEG10,ALDH1B1,1,1
PEG10,ANAPC7,1,1
PEG10,AP1S3,1,1
PEG10,AP4B1,1,1
PEG10,APITD1,1,1
PEG10,ARHGAP28,1,1
PEG10,ARHGEF39,1,1
PEG10,ARMC10,1,1
PEG10,ARMT1,1,1
PEG10,ATAD3A,1,1
PEG10,ATOX1,1,1
PEG10,ATP10B,1,1
PEG10,ATP5F1,1,1
PEG10,ATXN7L3B,1,1
PEG10,B3GALT6,1,1
PEG10,BACE1,1,1
PEG10,BAIAP2L2,1,1
PEG10,BCAS2,1,1
PEG10,BET1,1,1
PEG10,BLCAP,1,1
PEG10,BMPR1B,1,1
PEG10,C1ORF112,1,1
PEG10,C2ORF69,1,1
PEG10,CADM1,1,1
PEG10,CADPS,1,1
PEG10,CAPZA2,1,1
PEG10,CARD16,1,1
PEG10,CARHSP1,1,1
PEG10,CCDC134,1,1
PEG10,CD109,1,1
PEG10,CD164,1,1
PEG10,CEP41,1,1
PEG10,CGN,1,1
PEG10,CHEK2,1,1
PEG10,CHST11,1,1
PEG10,CLIC4,1,1
PEG10,COG5,1,1
PEG10,COQ10B,1,1
PEG10,CPN1,1,1
PEG10,CSDE1,1,1
PEG10,CSNK1G2,1,1
PEG10,CUL1,1,1
PEG10,CYP7B1,1,1
PEG10,DDOST,1,1
PEG10,DDT,1,1
PEG10,DLD,1,1
PEG10,DNAJC11,1,1
PEG10,DPYSL5,1,1
PEG10,DRG1,1,1
PEG10,EAPP,1,1
PEG10,EARS2,1,1
PEG10,ECE1,1,1
PEG10,EFHD2,1,1
PEG10,EIF5A2,1,1
PEG10,EMC1,1,1
PEG10,EN1,1,1
PEG10,ENHO,1,1
PEG10,ERGIC3,1,1
PEG10,EXTL3,1,1
PEG10,EYA4,1,1
PEG10,FAM118A,1,1
PEG10,FAM19A3,1,1
PEG10,FAM81A,1,1
PEG10,FASTKD1,1,1
PEG10,FIGNL1,1,1
PEG10,FN1,1,1
PEG10,FOXRED2,1,1
PEG10,FRG2DP,1,1
PEG10,FTO,1,1
PEG10,GALE,1,1
PEG10,GJB1,1,1
PEG10,GLS,1,1
PEG10,GNB1L,1,1
PEG10,GPR157,1,1
PEG10,GPR55,1,1
PEG10,GTPBP10,1,1
PEG10,GXYLT1,1,1
PEG10,HDAC1,1,1
PEG10,HEY1,1,1
PEG10,HK2,1,1
PEG10,ID3,1,1
PEG10,IDH3A,1,1
PEG10,IGF2BP3,1,1
PEG10,IGHVII-30-43,1,1
PEG10,IMMP2L,1,1
PEG10,ITGAV,1,1
PEG10,KCNAB1,1,1
PEG10,KDELC1,1,1
PEG10,KIAA2013,1,1
PEG10,KIRREL,1,1
PEG10,KLHDC2,1,1
PEG10,L3MBTL4,1,1
PEG10,LACTB2,1,1
PEG10,LAMP2,1,1
PEG10,LCP2,1,1
PEG10,LPXN,1,1
PEG10,LRP12,1,1
PEG10,LSR,1,1
PEG10,MAD2L2,1,1
PEG10,MAPK8IP2,1,1
PEG10,MCAT,1,1
PEG10,MCM3,1,1
PEG10,MCOLN2,1,1
PEG10,MDFIC,1,1
PEG10,MFN2,1,1
PEG10,MGAM2,1,1
PEG10,MGAT5,1,1
PEG10,MLH3,1,1
PEG10,MLLT4,1,1
PEG10,MRFAP1,1,1
PEG10,MSL3P1,1,1
PEG10,MTFP1,1,1
PEG10,MTMR4,1,1
PEG10,NBPF26,1,1
PEG10,NBPF8,1,1
PEG10,NDUFB3,1,1
PEG10,NELFCD,1,1
PEG10,NOL4L,1,1
PEG10,NOTCH2,1,1
PEG10,NPAS2,1,1
PEG10,NRROS,1,1
PEG10,NSMCE3,1,1
PEG10,NUDCD3,1,1
PEG10,NUP43,1,1
PEG10,NUP50,1,1
PEG10,OR7E38P,1,1
PEG10,ORC5,1,1
PEG10,OTUD3,1,1
PEG10,P3H3,1,1
PEG10,PACSIN2,1,1
PEG10,PARK7,1,1
PEG10,PARL,1,1
PEG10,PARP9,1,1
PEG10,PHTF1,1,1
PEG10,POLR3G,1,1
PEG10,PPFIBP1,1,1
PEG10,PPP1R14C,1,1
PEG10,PPP4R2,1,1
PEG10,PQLC2,1,1
PEG10,PRNP,1,1
PEG10,PSMA5,1,1
PEG10,PSMC2,1,1
PEG10,PTDSS1,1,1
PEG10,PTPRG,1,1
PEG10,PYGB,1,1
PEG10,RASEF,1,1
PEG10,RBM19,1,1
PEG10,RBM28,1,1
PEG10,RBM47,1,1
PEG10,RCAN3,1,1
PEG10,RLBP1,1,1
PEG10,RNF125,1,1
PEG10,RNF19A,1,1
PEG10,RNF207,1,1
PEG10,RPN2,1,1
PEG10,RRP7BP,1,1
PEG10,RTCB,1,1
PEG10,RYBP,1,1
PEG10,SAR1B,1,1
PEG10,SDHB,1,1
PEG10,SEMA4F,1,1
PEG10,SLC16A1,1,1
PEG10,SLC22A23,1,1
PEG10,SLC35F5,1,1
PEG10,SLC35F6,1,1
PEG10,SLC5A6,1,1
PEG10,SLCO5A1,1,1
PEG10,SNRNP25,1,1
PEG10,SRM,1,1
PEG10,STK17B,1,1
PEG10,STRIP2,1,1
PEG10,SYNM,1,1
PEG10,SYPL1,1,1
PEG10,TBC1D4,1,1
PEG10,TBCA,1,1
PEG10,TBL1X,1,1
PEG10,TIMM50,1,1
PEG10,TIMP3,1,1
PEG10,TMED9,1,1
PEG10,TMEM201,1,1
PEG10,TMEM242,1,1
PEG10,TMEM64,1,1
PEG10,TMF1,1,1
PEG10,TMX4,1,1
PEG10,TRABD,1,1
PEG10,TRIB1,1,1
PEG10,TRIM33,1,1
PEG10,TRMU,1,1
PEG10,TRPV4,1,1
PEG10,TTC7B,1,1
PEG10,TTF2,1,1
PEG10,TUBB2A,1,1
PEG10,UBE2J1,1,1
PEG10,UCN2,1,1
PEG10,VCX3A,1,1
PEG10,VGF,1,1
PEG10,VPS45,1,1
PEG10,WDPCP,1,1
PEG10,WDR77,1,1
PEG10,ZC3H11B,1,1
PEG10,ZMYM1,1,1
PEG10,ZNF503,1,1
PEG10,ZNF697,1,1
PEG10,ZNF738,1,1
PEG10,ZNF839,1,1
LAMTOR2,AIM1,1,1
LAMTOR2,ALDH1B1,1,1
LAMTOR2,ASCC2,1,1
LAMTOR2,ATAD3A,1,1
LAMTOR2,AUNIP,1,1
LAMTOR2,AURKA,1,1
LAMTOR2,BCAS2,1,1
LAMTOR2,CAPZA1,1,1
LAMTOR2,CENPM,1,1
LAMTOR2,CLSPN,1,1
LAMTOR2,EIF3D,1,1
LAMTOR2,ERGIC2,1,1
LAMTOR2,FIGNL1,1,1
LAMTOR2,FOXN2,1,1
LAMTOR2,GLS,1,1
LAMTOR2,KLHDC3,1,1
LAMTOR2,LDHA,1,1
LAMTOR2,LDHAP3,1,1
LAMTOR2,LDHAP4,1,1
LAMTOR2,LRRC37A2,1,1
LAMTOR2,LUC7L2,1,1
LAMTOR2,MMS22L,1,1
LAMTOR2,MTFR2,1,1
LAMTOR2,MTPN,1,1
LAMTOR2,NUDC,1,1
LAMTOR2,NUP205,1,1
LAMTOR2,OPA1,1,1
LAMTOR2,ORC5,1,1
LAMTOR2,PDXP,1,1
LAMTOR2,PI4KB,1,1
LAMTOR2,POLR3G,1,1
LAMTOR2,POLR3K,1,1
LAMTOR2,RECQL4,1,1
LAMTOR2,SLC25A17,1,1
LAMTOR2,SLC35E3,1,1
LAMTOR2,SLC5A6,1,1
LAMTOR2,TAF13,1,1
LAMTOR2,TMEM256-PLSCR3,1,1
LAMTOR2,TONSL,1,1
LAMTOR2,TTC7B,1,1
LAMTOR2,VDR,1,1
LAMTOR2,VIPAS39,1,1
LAMTOR2,WDR77,1,1
LAMTOR2,XPC,1,1
PLEKHF1,ABHD12,1,1
PLEKHF1,ABHD2,1,1
PLEKHF1,ACAN,1,1
PLEKHF1,ACOT7,1,1
PLEKHF1,ALDH1A1,1,1
PLEKHF1,AMPH,1,1
PLEKHF1,ANKRD27,1,1
PLEKHF1,ANO4,1,1
PLEKHF1,APOL1,1,1
PLEKHF1,ASRGL1,1,1
PLEKHF1,ATP6V0D2,1,1
PLEKHF1,BICDL1,1,1
PLEKHF1,BIRC7,1,1
PLEKHF1,BMP8B,1,1
PLEKHF1,C2CD2,1,1
PLEKHF1,C3ORF14,1,1
PLEKHF1,CAPG,1,1
PLEKHF1,CCDC141,1,1
PLEKHF1,CCNA1,1,1
PLEKHF1,CCNO,1,1
PLEKHF1,CIB1,1,1
PLEKHF1,CLDN14,1,1
PLEKHF1,COL4A2,1,1
PLEKHF1,COPS8,1,1
PLEKHF1,CPTP,1,1
PLEKHF1,CSF2RA,1,1
PLEKHF1,DAZ1,1,1
PLEKHF1,DFFA,1,1
PLEKHF1,DPY19L2P2,1,1
PLEKHF1,DTX3L,1,1
PLEKHF1,ENTPD6,1,1
PLEKHF1,EPHA4,1,1
PLEKHF1,FAAP20,1,1
PLEKHF1,FEZF1,1,1
PLEKHF1,FRG2DP,1,1
PLEKHF1,GDAP2,1,1
PLEKHF1,GLRX,1,1
PLEKHF1,HERC2P5,1,1
PLEKHF1,HERC2P8,1,1
PLEKHF1,HLA-DRB4,1,1
PLEKHF1,HSPA8P1,1,1
PLEKHF1,ISG20,1,1
PLEKHF1,KIF7,1,1
PLEKHF1,LHX8,1,1
PLEKHF1,LIMK2,1,1
PLEKHF1,LONRF3,1,1
PLEKHF1,LYPLA2,1,1
PLEKHF1,MAFF,1,1
PLEKHF1,MCAM,1,1
PLEKHF1,MCTP2,1,1
PLEKHF1,MERTK,1,1
PLEKHF1,MKRN3,1,1
PLEKHF1,MORN1,1,1
PLEKHF1,MOXD1,1,1
PLEKHF1,MRPS11,1,1
PLEKHF1,NAB1,1,1
PLEKHF1,NLRP2,1,1
PLEKHF1,NT5DC3,1,1
PLEKHF1,NT5E,1,1
PLEKHF1,PGAP2,1,1
PLEKHF1,PIK3R3,1,1
PLEKHF1,PIM3,1,1
PLEKHF1,PLA2G6,1,1
PLEKHF1,POLE4,1,1
PLEKHF1,PPP1R12B,1,1
PLEKHF1,PRKG2,1,1
PLEKHF1,RER1,1,1
PLEKHF1,RP11-159J3.1,1,1
PLEKHF1,RP11-299H22.3,1,1
PLEKHF1,RPH3A,1,1
PLEKHF1,RPL11,1,1
PLEKHF1,RPL22,1,1
PLEKHF1,RTFDC1,1,1
PLEKHF1,SCIN,1,1
PLEKHF1,SCML4,1,1
PLEKHF1,SERGEF,1,1
PLEKHF1,SLAMF7,1,1
PLEKHF1,SLC17A9,1,1
PLEKHF1,SLCO2B1,1,1
PLEKHF1,SLX4IP,1,1
PLEKHF1,SMG9,1,1
PLEKHF1,SPP1,1,1
PLEKHF1,SPRR2D,1,1
PLEKHF1,SQRDL,1,1
PLEKHF1,SS18L1,1,1
PLEKHF1,STK25,1,1
PLEKHF1,TMC3,1,1
PLEKHF1,TMUB1,1,1
PLEKHF1,TP73,1,1
PLEKHF1,TUB,1,1
PLEKHF1,VAPB,1,1
PLEKHF1,VCX3B,1,1
PLEKHF1,ZNF114,1,1
PLEKHF1,ZYG11A,1,1
ISG20,ABHD12,1,1
ISG20,ABHD2,1,1
ISG20,AGA,1,1
ISG20,ANO4,1,1
ISG20,APOBEC3G,1,1
ISG20,ATP6V0D2,1,1
ISG20,BMP8B,1,1
ISG20,C2CD2,1,1
ISG20,CD68,1,1
ISG20,COL4A2,1,1
ISG20,COPS8,1,1
ISG20,DTX3L,1,1
ISG20,ENTPD6,1,1
ISG20,EPHA4,1,1
ISG20,FAAP20,1,1
ISG20,FPGT,1,1
ISG20,FZD4,1,1
ISG20,GDAP2,1,1
ISG20,GLRX,1,1
ISG20,HIBCH,1,1
ISG20,MCTP2,1,1
ISG20,MELTF,1,1
ISG20,MKRN3,1,1
ISG20,MMACHC,1,1
ISG20,MOXD1,1,1
ISG20,MRPS11,1,1
ISG20,NAB1,1,1
ISG20,NT5E,1,1
ISG20,PIK3R3,1,1
ISG20,PRKG2,1,1
ISG20,RALB,1,1
ISG20,RP11-299H22.3,1,1
ISG20,RPL22,1,1
ISG20,RPS27L,1,1
ISG20,RTFDC1,1,1
ISG20,SLC30A7,1,1
ISG20,SLC46A3,1,1
ISG20,SLC4A4,1,1
ISG20,SLX4IP,1,1
ISG20,TMEM161B,1,1
ISG20,WIZ,1,1
ISG20,ZNF114,1,1
ACAP2,ANKRD13D,1,1
ACAP2,CALU,1,1
ACAP2,MKLN1,1,1
ACAP2,MMS19,1,1
ACAP2,TNRC6B,1,1
ACAP2,UQCC2,1,1
FAM192A,C17ORF51,1,1
FAM192A,CDC26,1,1
FAM192A,EAPP,1,1
FAM192A,IGF1R,1,1
FAM192A,KCP,1,1
FAM192A,LAMTOR5,1,1
FAM192A,LMF2,1,1
FAM192A,MARK3,1,1
FAM192A,MESDC2,1,1
FAM192A,METRNL,1,1
FAM192A,PEX10,1,1
FAM192A,PQLC2,1,1
FAM192A,RPAP2,1,1
FAM192A,RRBP1,1,1
FAM192A,SAMHD1,1,1
FAM192A,SQSTM1,1,1
FAM192A,STXBP3,1,1
FAM192A,TCEB3,1,1
FAM192A,TCTN3,1,1
FAM192A,TXLNA,1,1
FAM192A,VCP,1,1
FAM192A,ZNF326,1,1
SLC17A9,ABCD1,1,1
SLC17A9,ABHD12,1,1
SLC17A9,ABHD2,1,1
SLC17A9,ACAN,1,1
SLC17A9,ACOT7,1,1
SLC17A9,ADAMTS17,1,1
SLC17A9,AL513523.1,1,1
SLC17A9,AL513523.2,1,1
SLC17A9,ALDH1A1,1,1
SLC17A9,AMPH,1,1
SLC17A9,ANKRD30B,1,1
SLC17A9,ANKRD44,1,1
SLC17A9,ANO4,1,1
SLC17A9,AP5S1,1,1
SLC17A9,APOL1,1,1
SLC17A9,ARFGEF2,1,1
SLC17A9,ARHGEF34P,1,1
SLC17A9,ARHGEF35,1,1
SLC17A9,ARHGEF5,1,1
SLC17A9,ARMT1,1,1
SLC17A9,ASRGL1,1,1
SLC17A9,ATAD3B,1,1
SLC17A9,ATP11A,1,1
SLC17A9,ATP6V0D2,1,1
SLC17A9,BICDL1,1,1
SLC17A9,BIRC7,1,1
SLC17A9,C3ORF14,1,1
SLC17A9,CAPG,1,1
SLC17A9,CCDC141,1,1
SLC17A9,CCDC36,1,1
SLC17A9,CCNA1,1,1
SLC17A9,CD40,1,1
SLC17A9,CDKN2B,1,1
SLC17A9,CEACAM1,1,1
SLC17A9,CHCHD3,1,1
SLC17A9,CHN2,1,1
SLC17A9,CLDN14,1,1
SLC17A9,COL4A2,1,1
SLC17A9,COPS8,1,1
SLC17A9,CPTP,1,1
SLC17A9,CSF2RA,1,1
SLC17A9,CTSH,1,1
SLC17A9,DAZ1,1,1
SLC17A9,DBF4B,1,1
SLC17A9,DDRGK1,1,1
SLC17A9,DPY19L2P2,1,1
SLC17A9,DTX3L,1,1
SLC17A9,EEFSEC,1,1
SLC17A9,EMILIN2,1,1
SLC17A9,ENPP1,1,1
SLC17A9,ENTPD1,1,1
SLC17A9,ENTPD6,1,1
SLC17A9,EPHA4,1,1
SLC17A9,EXOSC10,1,1
SLC17A9,FAAP20,1,1
SLC17A9,FAM102B,1,1
SLC17A9,FAM118A,1,1
SLC17A9,FAM126B,1,1
SLC17A9,FAM19A3,1,1
SLC17A9,FEZF1,1,1
SLC17A9,FGFR1OP2,1,1
SLC17A9,FN1,1,1
SLC17A9,FRAS1,1,1
SLC17A9,FRG2DP,1,1
SLC17A9,FUCA1,1,1
SLC17A9,FUT4,1,1
SLC17A9,GALE,1,1
SLC17A9,GCLM,1,1
SLC17A9,GDAP2,1,1
SLC17A9,GRAMD4,1,1
SLC17A9,HAS2,1,1
SLC17A9,HENMT1,1,1
SLC17A9,HERC2P5,1,1
SLC17A9,HERC2P8,1,1
SLC17A9,HKR1,1,1
SLC17A9,HOOK1,1,1
SLC17A9,HSPA8P1,1,1
SLC17A9,HSPA8P8,1,1
SLC17A9,HSPA8P9,1,1
SLC17A9,ICMT,1,1
SLC17A9,INTS3,1,1
SLC17A9,IQGAP1,1,1
SLC17A9,KCTD14,1,1
SLC17A9,KLHL21,1,1
SLC17A9,LAMA1,1,1
SLC17A9,LDLRAD3,1,1
SLC17A9,LHX8,1,1
SLC17A9,LIMK2,1,1
SLC17A9,LINS1,1,1
SLC17A9,LMF2,1,1
SLC17A9,LONRF3,1,1
SLC17A9,LRRC61,1,1
SLC17A9,MAFF,1,1
SLC17A9,MCTP2,1,1
SLC17A9,MERTK,1,1
SLC17A9,MFF,1,1
SLC17A9,MGAM2,1,1
SLC17A9,MKRN3,1,1
SLC17A9,MME,1,1
SLC17A9,MMP8,1,1
SLC17A9,MORN1,1,1
SLC17A9,MOXD1,1,1
SLC17A9,MRFAP1,1,1
SLC17A9,MRPS11,1,1
SLC17A9,MYB,1,1
SLC17A9,NBPF8,1,1
SLC17A9,NDUFA10,1,1
SLC17A9,NLRP2,1,1
SLC17A9,NOTCH2,1,1
SLC17A9,NPPC,1,1
SLC17A9,PDE4B,1,1
SLC17A9,PEX14,1,1
SLC17A9,PHGDH,1,1
SLC17A9,PIK3R3,1,1
SLC17A9,PIM3,1,1
SLC17A9,PLA2G6,1,1
SLC17A9,PLEKHA7,1,1
SLC17A9,PNRC2,1,1
SLC17A9,PRKCA,1,1
SLC17A9,PRKG2,1,1
SLC17A9,PTMS,1,1
SLC17A9,RBM19,1,1
SLC17A9,RBX1,1,1
SLC17A9,RER1,1,1
SLC17A9,RGS1,1,1
SLC17A9,RP11-119J18.1,1,1
SLC17A9,RP11-159J3.1,1,1
SLC17A9,RP11-327P2.7,1,1
SLC17A9,RPH3A,1,1
SLC17A9,RPL11,1,1
SLC17A9,RPS27L,1,1
SLC17A9,RPS6KA5,1,1
SLC17A9,RSBN1,1,1
SLC17A9,RTFDC1,1,1
SLC17A9,SAMM50,1,1
SLC17A9,SBF1,1,1
SLC17A9,SCIN,1,1
SLC17A9,SCML4,1,1
SLC17A9,SEC22B,1,1
SLC17A9,SFI1,1,1
SLC17A9,SIRPB1,1,1
SLC17A9,SLAMF7,1,1
SLC17A9,SLC25A33,1,1
SLC17A9,SLC2A11,1,1
SLC17A9,SLC37A3,1,1
SLC17A9,SLC46A3,1,1
SLC17A9,SLCO2B1,1,1
SLC17A9,SPRR2D,1,1
SLC17A9,SQRDL,1,1
SLC17A9,SS18L1,1,1
SLC17A9,STAT1,1,1
SLC17A9,SYCP2,1,1
SLC17A9,TBC1D4,1,1
SLC17A9,TGFBR3,1,1
SLC17A9,TIMM8B,1,1
SLC17A9,TMC3,1,1
SLC17A9,TMEM64,1,1
SLC17A9,TMUB1,1,1
SLC17A9,TP73,1,1
SLC17A9,TPPP,1,1
SLC17A9,TRPA1,1,1
SLC17A9,TUB,1,1
SLC17A9,UBE2J1,1,1
SLC17A9,VAMP3,1,1
SLC17A9,VAPB,1,1
SLC17A9,VAV3,1,1
SLC17A9,VCX3B,1,1
SLC17A9,ZBED6CL,1,1
SLC17A9,ZC3H4,1,1
SLC17A9,ZDHHC11B,1,1
SLC17A9,ZNF114,1,1
SLC17A9,ZNF43,1,1
SLC17A9,ZNF503,1,1
SLC17A9,ZNF689,1,1
SLC17A9,ZYG11A,1,1
FASTKD1,AC012512.1,1,1
FASTKD1,AK2,1,1
FASTKD1,ALDH1B1,1,1
FASTKD1,ALG3,1,1
FASTKD1,APITD1,1,1
FASTKD1,ARHGAP18,1,1
FASTKD1,ARHGAP28,1,1
FASTKD1,ARHGEF39,1,1
FASTKD1,ATAD3A,1,1
FASTKD1,ATOX1,1,1
FASTKD1,ATP10B,1,1
FASTKD1,ATP5F1,1,1
FASTKD1,ATXN7L3B,1,1
FASTKD1,B3GALT6,1,1
FASTKD1,BAIAP2L2,1,1
FASTKD1,BCAS3,1,1
FASTKD1,BET1,1,1
FASTKD1,BMPR1B,1,1
FASTKD1,C1ORF112,1,1
FASTKD1,C5ORF34,1,1
FASTKD1,CADM1,1,1
FASTKD1,CADPS,1,1
FASTKD1,CAPZA2,1,1
FASTKD1,CARD16,1,1
FASTKD1,CASP8,1,1
FASTKD1,CCDC134,1,1
FASTKD1,CD109,1,1
FASTKD1,CD164,1,1
FASTKD1,CEP41,1,1
FASTKD1,CHEK2,1,1
FASTKD1,CHST11,1,1
FASTKD1,CIT,1,1
FASTKD1,CLIC4,1,1
FASTKD1,CMAS,1,1
FASTKD1,COG5,1,1
FASTKD1,CSDE1,1,1
FASTKD1,CSNK1G2,1,1
FASTKD1,CUL1,1,1
FASTKD1,CYP7B1,1,1
FASTKD1,DDOST,1,1
FASTKD1,DDT,1,1
FASTKD1,DLD,1,1
FASTKD1,DNAJC11,1,1
FASTKD1,DPYSL5,1,1
FASTKD1,DRG1,1,1
FASTKD1,EARS2,1,1
FASTKD1,ECE1,1,1
FASTKD1,EFHD2,1,1
FASTKD1,EIF5A2,1,1
FASTKD1,EMC1,1,1
FASTKD1,EN1,1,1
FASTKD1,EXTL3,1,1
FASTKD1,EYA4,1,1
FASTKD1,FAM81A,1,1
FASTKD1,FOXRED2,1,1
FASTKD1,GFPT1,1,1
FASTKD1,GJB1,1,1
FASTKD1,GLB1L2,1,1
FASTKD1,GLDC,1,1
FASTKD1,GNB1L,1,1
FASTKD1,GPR157,1,1
FASTKD1,GPR55,1,1
FASTKD1,GSS,1,1
FASTKD1,GXYLT1,1,1
FASTKD1,HDAC1,1,1
FASTKD1,HEY1,1,1
FASTKD1,HK2,1,1
FASTKD1,ID3,1,1
FASTKD1,IDH3A,1,1
FASTKD1,IGF2BP3,1,1
FASTKD1,IGHVII-30-43,1,1
FASTKD1,IMMP2L,1,1
FASTKD1,ITGAV,1,1
FASTKD1,KCNAB1,1,1
FASTKD1,KDELC1,1,1
FASTKD1,KIAA2013,1,1
FASTKD1,KIRREL,1,1
FASTKD1,KLHDC2,1,1
FASTKD1,KLHDC3,1,1
FASTKD1,L3MBTL4,1,1
FASTKD1,LACTB2,1,1
FASTKD1,LCP2,1,1
FASTKD1,LLGL1,1,1
FASTKD1,LPXN,1,1
FASTKD1,LRP12,1,1
FASTKD1,LSR,1,1
FASTKD1,MAD2L2,1,1
FASTKD1,MAPK8IP2,1,1
FASTKD1,MDFIC,1,1
FASTKD1,MFN2,1,1
FASTKD1,MGAT5,1,1
FASTKD1,MLH3,1,1
FASTKD1,MMS19,1,1
FASTKD1,MSL3P1,1,1
FASTKD1,MTFP1,1,1
FASTKD1,MTMR4,1,1
FASTKD1,NDUFA5,1,1
FASTKD1,NDUFB3,1,1
FASTKD1,NEK6,1,1
FASTKD1,NELFCD,1,1
FASTKD1,NRROS,1,1
FASTKD1,NSMCE3,1,1
FASTKD1,NUDCD3,1,1
FASTKD1,NUP43,1,1
FASTKD1,NUP50,1,1
FASTKD1,ORC5,1,1
FASTKD1,OTUD3,1,1
FASTKD1,P3H3,1,1
FASTKD1,PACSIN2,1,1
FASTKD1,PANX2,1,1
FASTKD1,PARK7,1,1
FASTKD1,PARL,1,1
FASTKD1,PARP9,1,1
FASTKD1,PHTF1,1,1
FASTKD1,POLR3G,1,1
FASTKD1,PPFIBP1,1,1
FASTKD1,PPP1R14C,1,1
FASTKD1,PRKCZ,1,1
FASTKD1,PRNP,1,1
FASTKD1,PSMA5,1,1
FASTKD1,PSMC2,1,1
FASTKD1,PTPRG,1,1
FASTKD1,RASEF,1,1
FASTKD1,RBM47,1,1
FASTKD1,RINT1,1,1
FASTKD1,RLBP1,1,1
FASTKD1,RNF125,1,1
FASTKD1,RNF19A,1,1
FASTKD1,RNF43,1,1
FASTKD1,RP11-153I24.5,1,1
FASTKD1,RPN2,1,1
FASTKD1,RRP7BP,1,1
FASTKD1,RTCB,1,1
FASTKD1,RYBP,1,1
FASTKD1,SAR1B,1,1
FASTKD1,SDHB,1,1
FASTKD1,SEMA4F,1,1
FASTKD1,SLC16A1,1,1
FASTKD1,SLC25A13,1,1
FASTKD1,SLC35F5,1,1
FASTKD1,SLC35F6,1,1
FASTKD1,SLCO5A1,1,1
FASTKD1,SORL1,1,1
FASTKD1,SRM,1,1
FASTKD1,STK17B,1,1
FASTKD1,STRIP2,1,1
FASTKD1,SYNM,1,1
FASTKD1,SYPL1,1,1
FASTKD1,TBCA,1,1
FASTKD1,TBL1X,1,1
FASTKD1,TEAD2,1,1
FASTKD1,TIMM50,1,1
FASTKD1,TIMP3,1,1
FASTKD1,TMED9,1,1
FASTKD1,TMEM242,1,1
FASTKD1,TMF1,1,1
FASTKD1,TRABD,1,1
FASTKD1,TRIM33,1,1
FASTKD1,TRMT2A,1,1
FASTKD1,TRMU,1,1
FASTKD1,TTC7B,1,1
FASTKD1,TTF2,1,1
FASTKD1,TUBB2A,1,1
FASTKD1,UCN2,1,1
FASTKD1,UFD1L,1,1
FASTKD1,VCX3A,1,1
FASTKD1,VGF,1,1
FASTKD1,VPS45,1,1
FASTKD1,WASL,1,1
FASTKD1,WDPCP,1,1
FASTKD1,WDR77,1,1
FASTKD1,ZC3H11B,1,1
FASTKD1,ZMYM1,1,1
FASTKD1,ZNF697,1,1
FASTKD1,ZNF738,1,1
FASTKD1,ZNF839,1,1
UEVLD,AKAP9,1,1
UEVLD,APOBEC3G,1,1
UEVLD,ARHGEF35,1,1
UEVLD,ASB7,1,1
UEVLD,CCDC36,1,1
UEVLD,COMMD9,1,1
UEVLD,DCLRE1C,1,1
UEVLD,ENTPD1,1,1
UEVLD,FAXC,1,1
UEVLD,HEATR5B,1,1
UEVLD,HIBCH,1,1
UEVLD,IQGAP1,1,1
UEVLD,KIF3C,1,1
UEVLD,KMT5B,1,1
UEVLD,NAV2,1,1
UEVLD,OSBPL2,1,1
UEVLD,PHF20,1,1
UEVLD,PLA2G16,1,1
UEVLD,RPS27L,1,1
UEVLD,RSBN1,1,1
UEVLD,TMEM9B,1,1
UEVLD,TPPP,1,1
UEVLD,TTC37,1,1
UEVLD,ZNF525,1,1
FHL3,LRP6,1,1
FHL3,NES,1,1
FHL3,PIM2,1,1
FHL3,SHC1,1,1
FHL3,TBXA2R,1,1
FHL3,TXNL4A,1,1
VPS33A,DCLRE1C,1,1
VPS33A,IQGAP1,1,1
VPS33A,MAP4K3,1,1
VPS33A,PHF20,1,1
VPS33A,TTC37,1,1
PIP4K2C,C20ORF194,1,1
PIP4K2C,CPEB1,1,1
PIP4K2C,MBP,1,1
PIP4K2C,NHEJ1,1,1
PIP4K2C,PER3,1,1
PIP4K2C,PPT2,1,1
PIP4K2C,SPECC1L,1,1
PIP4K2C,SYK,1,1
PIP4K2C,TLN1,1,1
PIP4K2C,TPRG1L,1,1
PIP4K2C,TTC38,1,1
PIP4K2C,VPS50,1,1
ZNF800,AUNIP,1,1
ZNF800,B4GALT6,1,1
ZNF800,CANX,1,1
ZNF800,ERGIC2,1,1
ZNF800,FAM91A1,1,1
ZNF800,FOXN2,1,1
ZNF800,IGF2BP3,1,1
ZNF800,LDHA,1,1
ZNF800,LRRC37A2,1,1
ZNF800,LRWD1,1,1
ZNF800,MMS22L,1,1
ZNF800,MTPN,1,1
ZNF800,NCKAP1,1,1
ZNF800,NUDC,1,1
ZNF800,RHPN2,1,1
ZNF800,SLC25A17,1,1
ZNF800,SLC35E3,1,1
ZNF800,TAF13,1,1
ZNF800,TMEM38B,1,1
SLC25A40,ARHGEF39,1,1
SLC25A40,BCAS3,1,1
SLC25A40,C1ORF112,1,1
SLC25A40,CARD16,1,1
SLC25A40,CCDC134,1,1
SLC25A40,CGN,1,1
SLC25A40,CHEK2,1,1
SLC25A40,CIT,1,1
SLC25A40,COG5,1,1
SLC25A40,COX5B,1,1
SLC25A40,CPN1,1,1
SLC25A40,FBXO6,1,1
SLC25A40,GGH,1,1
SLC25A40,GLB1L2,1,1
SLC25A40,IMMP2L,1,1
SLC25A40,L3MBTL4,1,1
SLC25A40,MGST2,1,1
SLC25A40,MPHOSPH9,1,1
SLC25A40,NBPF26,1,1
SLC25A40,NOL4L,1,1
SLC25A40,PACSIN2,1,1
SLC25A40,PARK7,1,1
SLC25A40,PARP9,1,1
SLC25A40,PDCD6,1,1
SLC25A40,POT1,1,1
SLC25A40,QPCTL,1,1
SLC25A40,RBX1,1,1
SLC25A40,RCN3,1,1
SLC25A40,RHOJ,1,1
SLC25A40,SDHB,1,1
SLC25A40,SEMA4F,1,1
SLC25A40,TBL1X,1,1
SLC25A40,TTF2,1,1
SLC25A40,USP18,1,1
SLC25A40,VPS45,1,1
SLC25A40,ZNF738,1,1
SLC25A40,ZNF776,1,1
DRG1,AK2,1,1
DRG1,ALDH1B1,1,1
DRG1,ALG3,1,1
DRG1,ANAPC7,1,1
DRG1,ARMC10,1,1
DRG1,ASCC2,1,1
DRG1,ATAD3A,1,1
DRG1,ATP10B,1,1
DRG1,ATP5F1,1,1
DRG1,ATP6V0B,1,1
DRG1,AUNIP,1,1
DRG1,B3GALT6,1,1
DRG1,BAIAP2L2,1,1
DRG1,BCAS2,1,1
DRG1,CADPS,1,1
DRG1,CAPZA1,1,1
DRG1,CAPZA2,1,1
DRG1,COQ10B,1,1
DRG1,CPNE8,1,1
DRG1,CSDE1,1,1
DRG1,CUL1,1,1
DRG1,CYP7B1,1,1
DRG1,DGKG,1,1
DRG1,DLD,1,1
DRG1,DNAJC11,1,1
DRG1,ECE1,1,1
DRG1,EFHD2,1,1
DRG1,EIF4A3,1,1
DRG1,EMC1,1,1
DRG1,EN1,1,1
DRG1,ENO1,1,1
DRG1,ETNK1,1,1
DRG1,EXTL3,1,1
DRG1,EYA1,1,1
DRG1,EYA4,1,1
DRG1,FAM81A,1,1
DRG1,FAM91A1,1,1
DRG1,FIGNL1,1,1
DRG1,FOXN2,1,1
DRG1,FOXRED2,1,1
DRG1,GJB1,1,1
DRG1,GLDC,1,1
DRG1,GLS,1,1
DRG1,GNB1L,1,1
DRG1,GSR,1,1
DRG1,GTPBP10,1,1
DRG1,GXYLT1,1,1
DRG1,HDAC1,1,1
DRG1,ID3,1,1
DRG1,IGF2BP3,1,1
DRG1,KIAA2013,1,1
DRG1,KIRREL,1,1
DRG1,LACTB2,1,1
DRG1,LCP2,1,1
DRG1,LDHA,1,1
DRG1,LDHAP3,1,1
DRG1,LDHAP4,1,1
DRG1,LRP12,1,1
DRG1,LRRC37A2,1,1
DRG1,LRWD1,1,1
DRG1,LSR,1,1
DRG1,MCAT,1,1
DRG1,MCOLN2,1,1
DRG1,MFN2,1,1
DRG1,MGAT5,1,1
DRG1,MIOS,1,1
DRG1,MLH3,1,1
DRG1,MMS22L,1,1
DRG1,MTFP1,1,1
DRG1,MTFR2,1,1
DRG1,NCKAP1,1,1
DRG1,NDUFAF4,1,1
DRG1,NELFCD,1,1
DRG1,NRROS,1,1
DRG1,NUDC,1,1
DRG1,NUP205,1,1
DRG1,NUP43,1,1
DRG1,NUP50,1,1
DRG1,ORC5,1,1
DRG1,OTUD3,1,1
DRG1,P3H3,1,1
DRG1,PDXP,1,1
DRG1,PLEKHB2,1,1
DRG1,POLR1A,1,1
DRG1,POLR3G,1,1
DRG1,POLR3K,1,1
DRG1,PRNP,1,1
DRG1,PSMA5,1,1
DRG1,PSMC2,1,1
DRG1,PTDSS1,1,1
DRG1,PTPRG,1,1
DRG1,PYGB,1,1
DRG1,RBM28,1,1
DRG1,RBM47,1,1
DRG1,RCC2,1,1
DRG1,RINT1,1,1
DRG1,RNF125,1,1
DRG1,RRP7BP,1,1
DRG1,RTCB,1,1
DRG1,SAR1B,1,1
DRG1,SHQ1,1,1
DRG1,SLC16A1,1,1
DRG1,SLC25A17,1,1
DRG1,SLC35F6,1,1
DRG1,SLC5A6,1,1
DRG1,SRM,1,1
DRG1,STK17B,1,1
DRG1,SYPL1,1,1
DRG1,TIMM50,1,1
DRG1,TMEM201,1,1
DRG1,TMEM38B,1,1
DRG1,TMF1,1,1
DRG1,TRABD,1,1
DRG1,TRIM33,1,1
DRG1,TRIP12,1,1
DRG1,TRMU,1,1
DRG1,TTC7B,1,1
DRG1,TUBB2A,1,1
DRG1,UCN2,1,1
DRG1,UFD1L,1,1
DRG1,VDR,1,1
DRG1,VGF,1,1
DRG1,WDPCP,1,1
DRG1,WDR77,1,1
DRG1,ZC3H11B,1,1
DRG1,ZNF264,1,1
DRG1,ZNF697,1,1
ENTPD1,AKAP9,1,1
ENTPD1,ANKRD30B,1,1
ENTPD1,AP5S1,1,1
ENTPD1,APOBEC3G,1,1
ENTPD1,ARHGEF34P,1,1
ENTPD1,ARHGEF35,1,1
ENTPD1,ARHGEF5,1,1
ENTPD1,ASB7,1,1
ENTPD1,ASRGL1,1,1
ENTPD1,ATG4B,1,1
ENTPD1,BEX3,1,1
ENTPD1,BIRC7,1,1
ENTPD1,C3ORF14,1,1
ENTPD1,CAPG,1,1
ENTPD1,CCDC36,1,1
ENTPD1,CD40,1,1
ENTPD1,CDKN2B,1,1
ENTPD1,CEACAM1,1,1
ENTPD1,COL4A2,1,1
ENTPD1,COMMD9,1,1
ENTPD1,COPS8,1,1
ENTPD1,CTSH,1,1
ENTPD1,DAZ1,1,1
ENTPD1,DCLRE1C,1,1
ENTPD1,DDRGK1,1,1
ENTPD1,DOCK9,1,1
ENTPD1,EMILIN2,1,1
ENTPD1,ENTPD6,1,1
ENTPD1,FAM102B,1,1
ENTPD1,FAM126B,1,1
ENTPD1,FAM189B,1,1
ENTPD1,FAM217B,1,1
ENTPD1,FGFR1OP2,1,1
ENTPD1,FRAS1,1,1
ENTPD1,FUT4,1,1
ENTPD1,GDAP2,1,1
ENTPD1,GTF2H1,1,1
ENTPD1,HEATR5B,1,1
ENTPD1,HENMT1,1,1
ENTPD1,HIBCH,1,1
ENTPD1,HSPA8P1,1,1
ENTPD1,HSPA8P8,1,1
ENTPD1,HSPA8P9,1,1
ENTPD1,ICMT,1,1
ENTPD1,IQGAP1,1,1
ENTPD1,KCTD14,1,1
ENTPD1,KIN,1,1
ENTPD1,KMT5B,1,1
ENTPD1,LDLRAD3,1,1
ENTPD1,LDOC1,1,1
ENTPD1,LENG9,1,1
ENTPD1,LHX8,1,1
ENTPD1,LINS1,1,1
ENTPD1,LONRF3,1,1
ENTPD1,MCTP2,1,1
ENTPD1,MFGE8,1,1
ENTPD1,MME,1,1
ENTPD1,MYB,1,1
ENTPD1,NAV2,1,1
ENTPD1,NLRP2,1,1
ENTPD1,PHF20,1,1
ENTPD1,PIK3R3,1,1
ENTPD1,PIM3,1,1
ENTPD1,PLA2G6,1,1
ENTPD1,PRKG2,1,1
ENTPD1,RGS1,1,1
ENTPD1,RP11-159J3.1,1,1
ENTPD1,RPS27L,1,1
ENTPD1,RSBN1,1,1
ENTPD1,RTCA,1,1
ENTPD1,SCIN,1,1
ENTPD1,SLC46A3,1,1
ENTPD1,SQRDL,1,1
ENTPD1,SS18L1,1,1
ENTPD1,TIMM8B,1,1
ENTPD1,TMEM9B,1,1
ENTPD1,TPPP,1,1
ENTPD1,TUB,1,1
ENTPD1,ZC3H4,1,1
ENTPD1,ZDHHC11B,1,1
ENTPD1,ZNF43,1,1
ENTPD1,ZNF441,1,1
ENTPD1,ZNF525,1,1
ENTPD1,ZNF585B,1,1
ENTPD1,ZYG11A,1,1
SLCO2B1,ABCD1,1,1
SLCO2B1,ABHD12,1,1
SLCO2B1,ABHD2,1,1
SLCO2B1,ACAN,1,1
SLCO2B1,ACOT7,1,1
SLCO2B1,ADAMTS17,1,1
SLCO2B1,AL513523.1,1,1
SLCO2B1,AL513523.2,1,1
SLCO2B1,ALDH1A1,1,1
SLCO2B1,AMPH,1,1
SLCO2B1,ANKRD27,1,1
SLCO2B1,ANKRD30B,1,1
SLCO2B1,ANO4,1,1
SLCO2B1,AP5S1,1,1
SLCO2B1,APOL1,1,1
SLCO2B1,ARFGEF2,1,1
SLCO2B1,ARHGAP39,1,1
SLCO2B1,ARHGEF35,1,1
SLCO2B1,ASRGL1,1,1
SLCO2B1,ATAD3B,1,1
SLCO2B1,ATP11A,1,1
SLCO2B1,ATP6V0D2,1,1
SLCO2B1,BICDL1,1,1
SLCO2B1,BIRC7,1,1
SLCO2B1,BMP8B,1,1
SLCO2B1,C2CD2,1,1
SLCO2B1,C3ORF14,1,1
SLCO2B1,CADM1,1,1
SLCO2B1,CAPG,1,1
SLCO2B1,CARHSP1,1,1
SLCO2B1,CCDC141,1,1
SLCO2B1,CCNA1,1,1
SLCO2B1,CD36,1,1
SLCO2B1,CEACAM1,1,1
SLCO2B1,CHCHD3,1,1
SLCO2B1,CHN2,1,1
SLCO2B1,CIB1,1,1
SLCO2B1,CLDN14,1,1
SLCO2B1,COL4A2,1,1
SLCO2B1,COPS8,1,1
SLCO2B1,CPTP,1,1
SLCO2B1,DAZ1,1,1
SLCO2B1,DBF4B,1,1
SLCO2B1,DDRGK1,1,1
SLCO2B1,DFFA,1,1
SLCO2B1,DFFB,1,1
SLCO2B1,DPY19L2P2,1,1
SLCO2B1,DTNBP1,1,1
SLCO2B1,DTX3L,1,1
SLCO2B1,EMILIN2,1,1
SLCO2B1,ENHO,1,1
SLCO2B1,ENTPD6,1,1
SLCO2B1,EPHA4,1,1
SLCO2B1,EXOSC10,1,1
SLCO2B1,FAAP20,1,1
SLCO2B1,FAM102B,1,1
SLCO2B1,FAM110A,1,1
SLCO2B1,FAM118A,1,1
SLCO2B1,FAM19A3,1,1
SLCO2B1,FANCI,1,1
SLCO2B1,FBXO42,1,1
SLCO2B1,FEZF1,1,1
SLCO2B1,FN1,1,1
SLCO2B1,GALE,1,1
SLCO2B1,GDAP2,1,1
SLCO2B1,HENMT1,1,1
SLCO2B1,HERC2P8,1,1
SLCO2B1,HMGXB3,1,1
SLCO2B1,HSPA8P1,1,1
SLCO2B1,KCTD14,1,1
SLCO2B1,KIF1B,1,1
SLCO2B1,KIF7,1,1
SLCO2B1,LAMA1,1,1
SLCO2B1,LHX8,1,1
SLCO2B1,LIMK2,1,1
SLCO2B1,LINS1,1,1
SLCO2B1,LONRF3,1,1
SLCO2B1,LRRC47,1,1
SLCO2B1,LRRC61,1,1
SLCO2B1,LYPLA2,1,1
SLCO2B1,MAFF,1,1
SLCO2B1,MCOLN2,1,1
SLCO2B1,MCTP2,1,1
SLCO2B1,MERTK,1,1
SLCO2B1,MGAM2,1,1
SLCO2B1,MKRN3,1,1
SLCO2B1,MMP8,1,1
SLCO2B1,MORN1,1,1
SLCO2B1,MOXD1,1,1
SLCO2B1,MRPS11,1,1
SLCO2B1,NLRP2,1,1
SLCO2B1,NOTCH2,1,1
SLCO2B1,PCSK2,1,1
SLCO2B1,PDE4B,1,1
SLCO2B1,PEX14,1,1
SLCO2B1,PHGDH,1,1
SLCO2B1,PIK3R3,1,1
SLCO2B1,PIM3,1,1
SLCO2B1,PLA2G6,1,1
SLCO2B1,PLEKHA7,1,1
SLCO2B1,POLE4,1,1
SLCO2B1,PPP1R12B,1,1
SLCO2B1,PRKG2,1,1
SLCO2B1,RBX1,1,1
SLCO2B1,RER1,1,1
SLCO2B1,RP11-119J18.1,1,1
SLCO2B1,RP11-159J3.1,1,1
SLCO2B1,RP11-327P2.7,1,1
SLCO2B1,RPH3A,1,1
SLCO2B1,RPL11,1,1
SLCO2B1,RPS6KA5,1,1
SLCO2B1,RTFDC1,1,1
SLCO2B1,SAMM50,1,1
SLCO2B1,SCIN,1,1
SLCO2B1,SCML4,1,1
SLCO2B1,SEC22B,1,1
SLCO2B1,SERGEF,1,1
SLCO2B1,SIRPB1,1,1
SLCO2B1,SLAMF7,1,1
SLCO2B1,SLC25A33,1,1
SLCO2B1,SLC2A11,1,1
SLCO2B1,SLC46A3,1,1
SLCO2B1,SMARCB1,1,1
SLCO2B1,SMG9,1,1
SLCO2B1,SQRDL,1,1
SLCO2B1,SS18L1,1,1
SLCO2B1,STAT1,1,1
SLCO2B1,SYCP2,1,1
SLCO2B1,TBC1D4,1,1
SLCO2B1,TMC3,1,1
SLCO2B1,TMCO4,1,1
SLCO2B1,TMEM144,1,1
SLCO2B1,TP73,1,1
SLCO2B1,TUB,1,1
SLCO2B1,VAPB,1,1
SLCO2B1,VAV3,1,1
SLCO2B1,VCX3B,1,1
SLCO2B1,ZBED6CL,1,1
SLCO2B1,ZDHHC11B,1,1
SLCO2B1,ZNF114,1,1
SLCO2B1,ZNF503,1,1
SLCO2B1,ZNF689,1,1
SLCO2B1,ZYG11A,1,1
GABARAPL2,GLT8D1,1,1
GABARAPL2,HNRNPR,1,1
GABARAPL2,TMEM201,1,1
RCOR1,ALKBH6,1,1
RCOR1,CSNK1G1,1,1
TTC7B,AIM1,1,1
TTC7B,AK6,1,1
TTC7B,ALDH1B1,1,1
TTC7B,ALG3,1,1
TTC7B,APITD1,1,1
TTC7B,ARHGAP18,1,1
TTC7B,ASCC2,1,1
TTC7B,ATAD3A,1,1
TTC7B,ATP10B,1,1
TTC7B,BMPR1B,1,1
TTC7B,C5ORF34,1,1
TTC7B,CENPM,1,1
TTC7B,CSDE1,1,1
TTC7B,CUL1,1,1
TTC7B,DDOST,1,1
TTC7B,DGKG,1,1
TTC7B,DLD,1,1
TTC7B,ECE1,1,1
TTC7B,EFHD2,1,1
TTC7B,EMC1,1,1
TTC7B,EN1,1,1
TTC7B,ENO1,1,1
TTC7B,ETNK1,1,1
TTC7B,EXTL3,1,1
TTC7B,EYA4,1,1
TTC7B,FAM81A,1,1
TTC7B,FOXN2,1,1
TTC7B,FTO,1,1
TTC7B,GET4,1,1
TTC7B,GLDC,1,1
TTC7B,GLS,1,1
TTC7B,GNB1L,1,1
TTC7B,HOXD4,1,1
TTC7B,ID3,1,1
TTC7B,IGF2BP3,1,1
TTC7B,KIAA2013,1,1
TTC7B,KIRREL,1,1
TTC7B,KLHDC2,1,1
TTC7B,KLHDC3,1,1
TTC7B,LCP2,1,1
TTC7B,LLGL1,1,1
TTC7B,MCAT,1,1
TTC7B,MLH3,1,1
TTC7B,MTMR4,1,1
TTC7B,NSMCE3,1,1
TTC7B,NUDC,1,1
TTC7B,NUP43,1,1
TTC7B,NUP50,1,1
TTC7B,ORC5,1,1
TTC7B,PABPC4,1,1
TTC7B,PDXP,1,1
TTC7B,PI4KB,1,1
TTC7B,PKN3,1,1
TTC7B,POLR3G,1,1
TTC7B,POLR3K,1,1
TTC7B,PRNP,1,1
TTC7B,PSMA5,1,1
TTC7B,PTPRG,1,1
TTC7B,RBSN,1,1
TTC7B,RINT1,1,1
TTC7B,RPN2,1,1
TTC7B,RRP7BP,1,1
TTC7B,RTCB,1,1
TTC7B,SEPT8,1,1
TTC7B,SLC16A1,1,1
TTC7B,SLC25A17,1,1
TTC7B,SLC35F6,1,1
TTC7B,SLC5A6,1,1
TTC7B,SNRNP25,1,1
TTC7B,SRM,1,1
TTC7B,STK17B,1,1
TTC7B,SYPL1,1,1
TTC7B,TIMM50,1,1
TTC7B,TMED9,1,1
TTC7B,TONSL,1,1
TTC7B,TRABD,1,1
TTC7B,TRMU,1,1
TTC7B,UBQLN2,1,1
TTC7B,UCN2,1,1
TTC7B,UFD1L,1,1
TTC7B,VDR,1,1
TTC7B,WDR77,1,1
TTC7B,XPC,1,1
TTC7B,ZC3H11B,1,1
TTC7B,ZHX2,1,1
TTC7B,ZNF264,1,1
ZNF701,CROCCP2,1,1
ZNF701,RCCD1,1,1
ZNF701,ZNF426,1,1
AP4B1,ADAMTS17,1,1
AP4B1,ANAPC7,1,1
AP4B1,APITD1,1,1
AP4B1,ATAD3A,1,1
AP4B1,ATAD3B,1,1
AP4B1,ATN1,1,1
AP4B1,ATP5F1,1,1
AP4B1,BACE1,1,1
AP4B1,C1ORF174,1,1
AP4B1,C2ORF69,1,1
AP4B1,CARHSP1,1,1
AP4B1,CCDC134,1,1
AP4B1,CLSPN,1,1
AP4B1,CSDE1,1,1
AP4B1,CUL1,1,1
AP4B1,DDX20,1,1
AP4B1,DDX55,1,1
AP4B1,DNAJC11,1,1
AP4B1,E2F2,1,1
AP4B1,EIF4A3,1,1
AP4B1,EIF5A2,1,1
AP4B1,EXTL3,1,1
AP4B1,FOXRED2,1,1
AP4B1,FTO,1,1
AP4B1,GET4,1,1
AP4B1,GLT8D1,1,1
AP4B1,GNB1L,1,1
AP4B1,GPR55,1,1
AP4B1,GXYLT1,1,1
AP4B1,IDH3A,1,1
AP4B1,KIAA2013,1,1
AP4B1,LPXN,1,1
AP4B1,LSR,1,1
AP4B1,LUC7L2,1,1
AP4B1,MAD2L2,1,1
AP4B1,MARS2,1,1
AP4B1,MCAT,1,1
AP4B1,MCM3,1,1
AP4B1,MCOLN2,1,1
AP4B1,MFN2,1,1
AP4B1,MLH3,1,1
AP4B1,MTERF3,1,1
AP4B1,MTFP1,1,1
AP4B1,NDUFAF4,1,1
AP4B1,NELFCD,1,1
AP4B1,NOL4L,1,1
AP4B1,NUP50,1,1
AP4B1,ORC5,1,1
AP4B1,PARK7,1,1
AP4B1,PHTF1,1,1
AP4B1,POLR3G,1,1
AP4B1,POLR3K,1,1
AP4B1,PPP4R2,1,1
AP4B1,RALY,1,1
AP4B1,RASEF,1,1
AP4B1,RBM19,1,1
AP4B1,RBM28,1,1
AP4B1,RBM47,1,1
AP4B1,RPA2,1,1
AP4B1,RTCB,1,1
AP4B1,RYBP,1,1
AP4B1,SLC25A33,1,1
AP4B1,SNRNP25,1,1
AP4B1,SRM,1,1
AP4B1,STK17B,1,1
AP4B1,TMEM201,1,1
AP4B1,TMEM64,1,1
AP4B1,TRABD,1,1
AP4B1,TRMU,1,1
AP4B1,WARS2,1,1
AP4B1,WDR77,1,1
AP4B1,ZC3H11B,1,1
CCND3,NDUFC2-KCTD14,1,1
CCND3,USP18,1,1
BEX3,ANKLE2,1,1
BEX3,FAM189B,1,1
BEX3,FAM217B,1,1
BEX3,FGFR1OP2,1,1
BEX3,FUT4,1,1
BEX3,GTF2H1,1,1
BEX3,ICMT,1,1
BEX3,IFT43,1,1
BEX3,LDOC1,1,1
BEX3,LENG9,1,1
BEX3,LINS1,1,1
BEX3,LRRK1,1,1
BEX3,MAP2K5,1,1
BEX3,MPDU1,1,1
BEX3,NIPA2,1,1
BEX3,PRPF38B,1,1
BEX3,PTDSS2,1,1
BEX3,RBM39,1,1
BEX3,RTCA,1,1
BEX3,TGFBRAP1,1,1
BEX3,UBE2L3,1,1
BEX3,VANGL1,1,1
BEX3,ZC3H4,1,1
BEX3,ZNF83,1,1
MRPL37,AGFG1,1,1
MRPL37,AP1B1,1,1
MRPL37,ASCC2,1,1
MRPL37,AUNIP,1,1
MRPL37,AURKA,1,1
MRPL37,AURKAIP1,1,1
MRPL37,BCAS2,1,1
MRPL37,C7ORF50,1,1
MRPL37,CENPM,1,1
MRPL37,CETN2,1,1
MRPL37,CHCHD2,1,1
MRPL37,CYC1,1,1
MRPL37,EFHD2,1,1
MRPL37,EIF3D,1,1
MRPL37,ELOVL5,1,1
MRPL37,ENO1,1,1
MRPL37,ERGIC2,1,1
MRPL37,ESPL1,1,1
MRPL37,FAM81A,1,1
MRPL37,FAM91A1,1,1
MRPL37,GET4,1,1
MRPL37,GSR,1,1
MRPL37,GTF3C3,1,1
MRPL37,HSPE1P3,1,1
MRPL37,KDM1A,1,1
MRPL37,LDHAP3,1,1
MRPL37,LDHAP4,1,1
MRPL37,LRP8,1,1
MRPL37,MMS22L,1,1
MRPL37,MRFAP1L1,1,1
MRPL37,MTFR2,1,1
MRPL37,NCKAP1,1,1
MRPL37,NUDC,1,1
MRPL37,NUP205,1,1
MRPL37,OPA1,1,1
MRPL37,PCSK7,1,1
MRPL37,PHF2,1,1
MRPL37,POLR3K,1,1
MRPL37,PSMA5,1,1
MRPL37,RECQL4,1,1
MRPL37,RHPN2,1,1
MRPL37,RINT1,1,1
MRPL37,SLC25A17,1,1
MRPL37,SLC35E3,1,1
MRPL37,SPR,1,1
MRPL37,TBRG1,1,1
MRPL37,TGFBR2,1,1
MRPL37,TONSL,1,1
MRPL37,UFD1L,1,1
MRPL37,UQCR10,1,1
MRPL37,VDR,1,1
MRPL37,ZBTB8OS,1,1
IVD,ASB7,1,1
IVD,SLC46A1,1,1
MROH1,ATL1,1,1
MROH1,CDKN2D,1,1
MROH1,COL4A1,1,1
MROH1,CYP2R1,1,1
MROH1,DUS2,1,1
MROH1,HIGD2A,1,1
MROH1,HIPK2,1,1
MROH1,LRP6,1,1
MROH1,LRRK1,1,1
MROH1,TAF7,1,1
MROH1,TRIM65,1,1
MROH1,ZNF260,1,1
AC012512.1,AIG1,1,1
AC012512.1,AK2,1,1
AC012512.1,ALDH1B1,1,1
AC012512.1,ALG3,1,1
AC012512.1,ARL 3.00,1,1
AC012512.1,ASUN,1,1
AC012512.1,ATG5,1,1
AC012512.1,ATP10B,1,1
AC012512.1,ATXN7L3B,1,1
AC012512.1,B3GALT6,1,1
AC012512.1,CALU,1,1
AC012512.1,CASP8,1,1
AC012512.1,CCDC47,1,1
AC012512.1,CMAS,1,1
AC012512.1,DLD,1,1
AC012512.1,EMC1,1,1
AC012512.1,EN1,1,1
AC012512.1,ENO1,1,1
AC012512.1,EYA1,1,1
AC012512.1,EYA4,1,1
AC012512.1,FZD6,1,1
AC012512.1,GFPT1,1,1
AC012512.1,GJB1,1,1
AC012512.1,GLDC,1,1
AC012512.1,GSS,1,1
AC012512.1,HDAC1,1,1
AC012512.1,HDLBP,1,1
AC012512.1,IGF2BP3,1,1
AC012512.1,IGHVII-30-43,1,1
AC012512.1,KIRREL,1,1
AC012512.1,LACTB2,1,1
AC012512.1,LCP2,1,1
AC012512.1,LRP12,1,1
AC012512.1,MGAT5,1,1
AC012512.1,MIOS,1,1
AC012512.1,MMS19,1,1
AC012512.1,MTMR4,1,1
AC012512.1,NUP43,1,1
AC012512.1,OTUD3,1,1
AC012512.1,PABPC4,1,1
AC012512.1,PANX2,1,1
AC012512.1,PKN3,1,1
AC012512.1,POU3F2,1,1
AC012512.1,PPFIBP1,1,1
AC012512.1,PRKCZ,1,1
AC012512.1,PSMA5,1,1
AC012512.1,PSMB2,1,1
AC012512.1,PSMC2,1,1
AC012512.1,PXDN,1,1
AC012512.1,RAP1A,1,1
AC012512.1,RINT1,1,1
AC012512.1,RNF125,1,1
AC012512.1,RNF207,1,1
AC012512.1,RP11-153I24.5,1,1
AC012512.1,RPN2,1,1
AC012512.1,RRP7BP,1,1
AC012512.1,SAR1B,1,1
AC012512.1,SDF4,1,1
AC012512.1,SFT2D2,1,1
AC012512.1,SLC16A1,1,1
AC012512.1,SLC25A13,1,1
AC012512.1,SLC25A17,1,1
AC012512.1,SLC30A1,1,1
AC012512.1,SLC4A2,1,1
AC012512.1,SLC5A6,1,1
AC012512.1,SLCO5A1,1,1
AC012512.1,SMARCE1,1,1
AC012512.1,SMIM4,1,1
AC012512.1,SORL1,1,1
AC012512.1,ST8SIA1,1,1
AC012512.1,SUCO,1,1
AC012512.1,SYNM,1,1
AC012512.1,SYPL1,1,1
AC012512.1,TBCA,1,1
AC012512.1,TEAD2,1,1
AC012512.1,TIMM50,1,1
AC012512.1,TIMP3,1,1
AC012512.1,TMED9,1,1
AC012512.1,TMEM164,1,1
AC012512.1,TMEM242,1,1
AC012512.1,TMEM38B,1,1
AC012512.1,TRABD,1,1
AC012512.1,TRIM33,1,1
AC012512.1,TRMT2A,1,1
AC012512.1,TUBB2A,1,1
AC012512.1,UCN2,1,1
AC012512.1,UFD1L,1,1
AC012512.1,UQCC2,1,1
AC012512.1,VGF,1,1
AC012512.1,WASL,1,1
AC012512.1,ZMYM1,1,1
AC012512.1,ZNF264,1,1
AC012512.1,ZNF839,1,1
CERS6,COL4A2,1,1
CERS6,MKNK1,1,1
CERS6,NLRP2,1,1
CERS6,RP11-159J3.1,1,1
CERS6,SLC2A11,1,1
CERS6,SS18L1,1,1
CERS6,TMEM246,1,1
CERS6,TUB,1,1
CERS6,UPK3BL,1,1
CERS6,ZYG11A,1,1
ZNF83,ANKLE2,1,1
ZNF83,ATP6V0A2,1,1
ZNF83,C11ORF24,1,1
ZNF83,DCLRE1C,1,1
ZNF83,FGFR1OP2,1,1
ZNF83,LDOC1,1,1
ZNF83,RBM39,1,1
ZNF83,RPS27L,1,1
ZNF83,SLC30A7,1,1
ZNF83,UBE2L3,1,1
POLR3H,DUSP4,1,1
POLR3H,HDAC1,1,1
POLR3H,HK2,1,1
POLR3H,MLX,1,1
POLR3H,NR4A1,1,1
POLR3H,PQLC2,1,1
POLR3H,RPAP2,1,1
POLR3H,SLC4A2,1,1
POLR3H,SQSTM1,1,1
POLR3H,STK11IP,1,1
POLR3H,TCEB3,1,1
POLR3H,ZC3HAV1,1,1
QPCTL,ABCD1,1,1
QPCTL,ABHD12,1,1
QPCTL,ACAN,1,1
QPCTL,ACOT7,1,1
QPCTL,ADAMTS17,1,1
QPCTL,AKR7A2,1,1
QPCTL,ALDH1A1,1,1
QPCTL,AMPH,1,1
QPCTL,ANAPC5,1,1
QPCTL,ARHGEF39,1,1
QPCTL,ARL6IP5,1,1
QPCTL,ATOX1,1,1
QPCTL,ATP11A,1,1
QPCTL,ATP5F1,1,1
QPCTL,ATP6V1E1,1,1
QPCTL,BCAS3,1,1
QPCTL,BCL2L13,1,1
QPCTL,BICDL1,1,1
QPCTL,BLCAP,1,1
QPCTL,CADM1,1,1
QPCTL,CAPZB,1,1
QPCTL,CARD16,1,1
QPCTL,CARHSP1,1,1
QPCTL,CCDC134,1,1
QPCTL,CD109,1,1
QPCTL,CGN,1,1
QPCTL,CHN2,1,1
QPCTL,CHST11,1,1
QPCTL,CIB1,1,1
QPCTL,CIT,1,1
QPCTL,COG5,1,1
QPCTL,COX5B,1,1
QPCTL,CPN1,1,1
QPCTL,DCAF4,1,1
QPCTL,DDOST,1,1
QPCTL,DDT,1,1
QPCTL,DPY19L2P2,1,1
QPCTL,DPYSL5,1,1
QPCTL,ENHO,1,1
QPCTL,ENPP1,1,1
QPCTL,ERGIC3,1,1
QPCTL,EXOSC10,1,1
QPCTL,FAM167B,1,1
QPCTL,FAM19A3,1,1
QPCTL,FBXO6,1,1
QPCTL,FEZF1,1,1
QPCTL,FN1,1,1
QPCTL,FRG2DP,1,1
QPCTL,FRMD4B,1,1
QPCTL,FUCA1,1,1
QPCTL,GALE,1,1
QPCTL,GGH,1,1
QPCTL,GNB2,1,1
QPCTL,GPR157,1,1
QPCTL,GTPBP1,1,1
QPCTL,GYPC,1,1
QPCTL,HERC2P8,1,1
QPCTL,HEY1,1,1
QPCTL,HSD17B12,1,1
QPCTL,IMMP2L,1,1
QPCTL,KCTD14,1,1
QPCTL,L3MBTL4,1,1
QPCTL,LAMA1,1,1
QPCTL,LAMP2,1,1
QPCTL,LPXN,1,1
QPCTL,MAD2L2,1,1
QPCTL,MAPK8IP2,1,1
QPCTL,MED15,1,1
QPCTL,MERTK,1,1
QPCTL,MFF,1,1
QPCTL,MIIP,1,1
QPCTL,MLXIP,1,1
QPCTL,MRFAP1,1,1
QPCTL,MTOR,1,1
QPCTL,NBPF8,1,1
QPCTL,NDUFA10,1,1
QPCTL,NDUFC2-KCTD14,1,1
QPCTL,NOL4L,1,1
QPCTL,OSGEPL1,1,1
QPCTL,PACSIN2,1,1
QPCTL,PARK7,1,1
QPCTL,PARP9,1,1
QPCTL,PDGFD,1,1
QPCTL,PDK3,1,1
QPCTL,PEX14,1,1
QPCTL,PHGDH,1,1
QPCTL,PNKD,1,1
QPCTL,POLG,1,1
QPCTL,POT1,1,1
QPCTL,RAB17,1,1
QPCTL,RBX1,1,1
QPCTL,RCAN3,1,1
QPCTL,RCN3,1,1
QPCTL,RPL11,1,1
QPCTL,RYBP,1,1
QPCTL,SAMM50,1,1
QPCTL,SCML4,1,1
QPCTL,SDHB,1,1
QPCTL,SEC22B,1,1
QPCTL,SEMA4F,1,1
QPCTL,SERGEF,1,1
QPCTL,SFI1,1,1
QPCTL,SGK3,1,1
QPCTL,SLC22A23,1,1
QPCTL,SLC2A11,1,1
QPCTL,SMPD1,1,1
QPCTL,SRGAP2C,1,1
QPCTL,STAT1,1,1
QPCTL,SYCP2,1,1
QPCTL,TESK2,1,1
QPCTL,TMUB1,1,1
QPCTL,TTN,1,1
QPCTL,TXN2,1,1
QPCTL,USP18,1,1
QPCTL,VAV3,1,1
QPCTL,VCX3B,1,1
QPCTL,WDR47,1,1
QPCTL,ZNF503,1,1
QPCTL,ZNF738,1,1
QPCTL,ZNF776,1,1
ENKD1,DDI2,1,1
ENKD1,GLIS2,1,1
ENKD1,IGF2R,1,1
ENKD1,INF2,1,1
ENKD1,KIF16B,1,1
ENKD1,MBOAT1,1,1
ENKD1,METRNL,1,1
ENKD1,RRBP1,1,1
ENKD1,SAMD9,1,1
ENKD1,ST7,1,1
ENKD1,STK10,1,1
ENKD1,STXBP3,1,1
ENKD1,TSNAX,1,1
ENKD1,VCP,1,1
SAR1B,AK2,1,1
SAR1B,ALDH1B1,1,1
SAR1B,ALG3,1,1
SAR1B,ARHGAP28,1,1
SAR1B,ARHGEF39,1,1
SAR1B,ARL 3.00,1,1
SAR1B,ASCC2,1,1
SAR1B,ATAD3A,1,1
SAR1B,ATP10B,1,1
SAR1B,ATXN7L3B,1,1
SAR1B,BAIAP2L2,1,1
SAR1B,BCAS3,1,1
SAR1B,C1ORF112,1,1
SAR1B,C1ORF159,1,1
SAR1B,C5ORF34,1,1
SAR1B,C7ORF50,1,1
SAR1B,CALU,1,1
SAR1B,CAPZA2,1,1
SAR1B,CARD14,1,1
SAR1B,CASP8,1,1
SAR1B,CHEK2,1,1
SAR1B,CMAS,1,1
SAR1B,CSDE1,1,1
SAR1B,CYP7B1,1,1
SAR1B,DDOST,1,1
SAR1B,DGKG,1,1
SAR1B,DLD,1,1
SAR1B,DYNC1I1,1,1
SAR1B,EMC1,1,1
SAR1B,EN1,1,1
SAR1B,ENO1,1,1
SAR1B,EYA4,1,1
SAR1B,FAM81A,1,1
SAR1B,FAM91A1,1,1
SAR1B,FOXRED2,1,1
SAR1B,FZD6,1,1
SAR1B,GFPT1,1,1
SAR1B,GJB1,1,1
SAR1B,GLDC,1,1
SAR1B,GSS,1,1
SAR1B,HDLBP,1,1
SAR1B,HEY1,1,1
SAR1B,IGF2BP3,1,1
SAR1B,IGHVII-30-43,1,1
SAR1B,KCNAB1,1,1
SAR1B,KDELC1,1,1
SAR1B,KIAA2013,1,1
SAR1B,KIRREL,1,1
SAR1B,L3MBTL4,1,1
SAR1B,LACTB2,1,1
SAR1B,LCP2,1,1
SAR1B,LRP12,1,1
SAR1B,MCRIP2,1,1
SAR1B,MGAT5,1,1
SAR1B,MINOS1,1,1
SAR1B,MIOS,1,1
SAR1B,MLH3,1,1
SAR1B,MMS19,1,1
SAR1B,MTMR4,1,1
SAR1B,NCKAP1,1,1
SAR1B,NIPAL3,1,1
SAR1B,NSMCE3,1,1
SAR1B,NUDCD3,1,1
SAR1B,NUP43,1,1
SAR1B,OTUD3,1,1
SAR1B,PANX2,1,1
SAR1B,PHF2,1,1
SAR1B,POU3F2,1,1
SAR1B,PPFIBP1,1,1
SAR1B,PPP1R14C,1,1
SAR1B,PRKCZ,1,1
SAR1B,PSMA5,1,1
SAR1B,PSMB2,1,1
SAR1B,PSMC2,1,1
SAR1B,PXDN,1,1
SAR1B,RAP1A,1,1
SAR1B,RBSN,1,1
SAR1B,RINT1,1,1
SAR1B,RIPK4,1,1
SAR1B,RNF125,1,1
SAR1B,RNF207,1,1
SAR1B,RNF43,1,1
SAR1B,RP11-153I24.5,1,1
SAR1B,RPN2,1,1
SAR1B,RRP7BP,1,1
SAR1B,RTCB,1,1
SAR1B,SDF4,1,1
SAR1B,SDHB,1,1
SAR1B,SH3BP1,1,1
SAR1B,SLC25A13,1,1
SAR1B,SLC25A17,1,1
SAR1B,SLC35F6,1,1
SAR1B,SLC5A6,1,1
SAR1B,SLCO5A1,1,1
SAR1B,SMARCE1,1,1
SAR1B,SMIM4,1,1
SAR1B,SNX17,1,1
SAR1B,SORL1,1,1
SAR1B,ST8SIA1,1,1
SAR1B,STRIP2,1,1
SAR1B,SYNM,1,1
SAR1B,SYPL1,1,1
SAR1B,TBCA,1,1
SAR1B,TEAD2,1,1
SAR1B,TIMM50,1,1
SAR1B,TIMP3,1,1
SAR1B,TLE3,1,1
SAR1B,TMED9,1,1
SAR1B,TMEM242,1,1
SAR1B,TMEM38B,1,1
SAR1B,TNIP2,1,1
SAR1B,TRABD,1,1
SAR1B,TRMT2A,1,1
SAR1B,TTF2,1,1
SAR1B,TUBB2A,1,1
SAR1B,UCN2,1,1
SAR1B,UFD1L,1,1
SAR1B,VCX3A,1,1
SAR1B,VGF,1,1
SAR1B,VPS45,1,1
SAR1B,WDPCP,1,1
SAR1B,ZC3HC1,1,1
SAR1B,ZMYM1,1,1
SAR1B,ZNF264,1,1
SAR1B,ZNF697,1,1
ZNF738,ACOT7,1,1
ZNF738,ADAMTS17,1,1
ZNF738,AK2,1,1
ZNF738,AKR7A2,1,1
ZNF738,ALDH1A1,1,1
ZNF738,AMPH,1,1
ZNF738,APITD1,1,1
ZNF738,ARHGAP28,1,1
ZNF738,ARHGEF39,1,1
ZNF738,ATOX1,1,1
ZNF738,ATP10B,1,1
ZNF738,ATP5F1,1,1
ZNF738,ATP6V1E1,1,1
ZNF738,ATXN7L3B,1,1
ZNF738,BACE1,1,1
ZNF738,BAIAP2L2,1,1
ZNF738,BCAS3,1,1
ZNF738,BCL2L13,1,1
ZNF738,BET1,1,1
ZNF738,BLCAP,1,1
ZNF738,C1ORF112,1,1
ZNF738,CADM1,1,1
ZNF738,CADPS,1,1
ZNF738,CAPZA2,1,1
ZNF738,CARD16,1,1
ZNF738,CARHSP1,1,1
ZNF738,CCDC134,1,1
ZNF738,CCDC88A,1,1
ZNF738,CD109,1,1
ZNF738,CEP41,1,1
ZNF738,CGN,1,1
ZNF738,CHEK2,1,1
ZNF738,CHN2,1,1
ZNF738,CHST11,1,1
ZNF738,COG5,1,1
ZNF738,COX5B,1,1
ZNF738,CPN1,1,1
ZNF738,CSDE1,1,1
ZNF738,CSNK1G2,1,1
ZNF738,CUL1,1,1
ZNF738,CYP7B1,1,1
ZNF738,DDOST,1,1
ZNF738,DDT,1,1
ZNF738,DNAJC11,1,1
ZNF738,DPYSL5,1,1
ZNF738,DUSP4,1,1
ZNF738,EAPP,1,1
ZNF738,EARS2,1,1
ZNF738,ECE1,1,1
ZNF738,EIF5A2,1,1
ZNF738,EN1,1,1
ZNF738,ENHO,1,1
ZNF738,ERGIC3,1,1
ZNF738,EXTL3,1,1
ZNF738,EYA4,1,1
ZNF738,FAM19A3,1,1
ZNF738,FBXO6,1,1
ZNF738,FN1,1,1
ZNF738,FOXRED2,1,1
ZNF738,FRG2DP,1,1
ZNF738,GALE,1,1
ZNF738,GGH,1,1
ZNF738,GLB1L2,1,1
ZNF738,GNB1L,1,1
ZNF738,GPHN,1,1
ZNF738,GPR157,1,1
ZNF738,GPR55,1,1
ZNF738,GSS,1,1
ZNF738,HEY1,1,1
ZNF738,HK2,1,1
ZNF738,HTRA1,1,1
ZNF738,IGHVII-30-43,1,1
ZNF738,IMMP2L,1,1
ZNF738,INPP5F,1,1
ZNF738,ITGAV,1,1
ZNF738,JAK2,1,1
ZNF738,KCNAB1,1,1
ZNF738,KDELC1,1,1
ZNF738,KIAA2013,1,1
ZNF738,L3MBTL4,1,1
ZNF738,LACTB2,1,1
ZNF738,LAMA1,1,1
ZNF738,LAMP2,1,1
ZNF738,LCP2,1,1
ZNF738,LPXN,1,1
ZNF738,LSR,1,1
ZNF738,MAD2L2,1,1
ZNF738,MAPK8IP2,1,1
ZNF738,MDFIC,1,1
ZNF738,MFF,1,1
ZNF738,MFN2,1,1
ZNF738,MGAT5,1,1
ZNF738,MGST2,1,1
ZNF738,MIIP,1,1
ZNF738,MLH3,1,1
ZNF738,MLLT4,1,1
ZNF738,MOV10,1,1
ZNF738,MRFAP1,1,1
ZNF738,MSL3P1,1,1
ZNF738,MTOR,1,1
ZNF738,NBPF26,1,1
ZNF738,NBPF8,1,1
ZNF738,NDUFA5,1,1
ZNF738,NDUFB3,1,1
ZNF738,NOL4L,1,1
ZNF738,NPAS2,1,1
ZNF738,NRROS,1,1
ZNF738,NSMCE3,1,1
ZNF738,NUDCD3,1,1
ZNF738,OR7E38P,1,1
ZNF738,OTUD3,1,1
ZNF738,PACSIN2,1,1
ZNF738,PANX2,1,1
ZNF738,PARK7,1,1
ZNF738,PARP9,1,1
ZNF738,PDGFD,1,1
ZNF738,PHTF1,1,1
ZNF738,PPP1R14C,1,1
ZNF738,PQLC2,1,1
ZNF738,PTPRG,1,1
ZNF738,PTPRK,1,1
ZNF738,RAB17,1,1
ZNF738,RASEF,1,1
ZNF738,RBM47,1,1
ZNF738,RBX1,1,1
ZNF738,RCAN3,1,1
ZNF738,RCN3,1,1
ZNF738,RERE,1,1
ZNF738,RFX7,1,1
ZNF738,RIPK4,1,1
ZNF738,RLBP1,1,1
ZNF738,RNF207,1,1
ZNF738,RNF43,1,1
ZNF738,RP11-61N20.3,1,1
ZNF738,RTCB,1,1
ZNF738,RYBP,1,1
ZNF738,SDF4,1,1
ZNF738,SDHB,1,1
ZNF738,SEMA4F,1,1
ZNF738,SERGEF,1,1
ZNF738,SFI1,1,1
ZNF738,SGK3,1,1
ZNF738,SLC22A23,1,1
ZNF738,SLC35F6,1,1
ZNF738,SPRY1,1,1
ZNF738,SRGAP1,1,1
ZNF738,SRM,1,1
ZNF738,ST8SIA1,1,1
ZNF738,STK17B,1,1
ZNF738,STRIP2,1,1
ZNF738,SYNM,1,1
ZNF738,TBCA,1,1
ZNF738,TBL1X,1,1
ZNF738,TCEB3,1,1
ZNF738,TESK2,1,1
ZNF738,TIMM50,1,1
ZNF738,TIMP3,1,1
ZNF738,TMED9,1,1
ZNF738,TMEM242,1,1
ZNF738,TMEM64,1,1
ZNF738,TMF1,1,1
ZNF738,TRABD,1,1
ZNF738,TRIB1,1,1
ZNF738,TRPV4,1,1
ZNF738,TTF2,1,1
ZNF738,TTN,1,1
ZNF738,TUBB2A,1,1
ZNF738,TXN2,1,1
ZNF738,UBE2J1,1,1
ZNF738,UGT2B7,1,1
ZNF738,USP18,1,1
ZNF738,VAV3,1,1
ZNF738,VCX3A,1,1
ZNF738,VGF,1,1
ZNF738,VPS45,1,1
ZNF738,WDR47,1,1
ZNF738,ZC3H11B,1,1
ZNF738,ZNF503,1,1
ZNF738,ZNF697,1,1
ZNF738,ZNF776,1,1
ZNF738,ZNF839,1,1
HDAC1,AGAP1,1,1
HDAC1,AK2,1,1
HDAC1,ANAPC7,1,1
HDAC1,ATP10B,1,1
HDAC1,B3GALT6,1,1
HDAC1,BAIAP2L2,1,1
HDAC1,BMT2,1,1
HDAC1,CAPZA2,1,1
HDAC1,CD164,1,1
HDAC1,CEP41,1,1
HDAC1,CUL1,1,1
HDAC1,CYP7B1,1,1
HDAC1,DUSP4,1,1
HDAC1,EMC1,1,1
HDAC1,EVL,1,1
HDAC1,FOXRED2,1,1
HDAC1,GJB1,1,1
HDAC1,GLDC,1,1
HDAC1,HK2,1,1
HDAC1,IGF2R,1,1
HDAC1,ISCA2,1,1
HDAC1,KBTBD2,1,1
HDAC1,KIAA2013,1,1
HDAC1,KIRREL,1,1
HDAC1,LACTB2,1,1
HDAC1,LCP2,1,1
HDAC1,LMAN2L,1,1
HDAC1,MDFIC,1,1
HDAC1,MGAT5,1,1
HDAC1,MLH3,1,1
HDAC1,MLX,1,1
HDAC1,MSL3P1,1,1
HDAC1,NELFCD,1,1
HDAC1,NR4A1,1,1
HDAC1,NRROS,1,1
HDAC1,NUDCD3,1,1
HDAC1,OTUD3,1,1
HDAC1,PARL,1,1
HDAC1,PARN,1,1
HDAC1,PPFIBP1,1,1
HDAC1,PQLC2,1,1
HDAC1,PTDSS1,1,1
HDAC1,RAC1,1,1
HDAC1,RBM28,1,1
HDAC1,RCC2,1,1
HDAC1,RERE,1,1
HDAC1,RNF125,1,1
HDAC1,RNF207,1,1
HDAC1,RPAP2,1,1
HDAC1,SFT2D2,1,1
HDAC1,SLC25A13,1,1
HDAC1,SLC30A1,1,1
HDAC1,SLC35F5,1,1
HDAC1,SLC4A2,1,1
HDAC1,STK11IP,1,1
HDAC1,SUCO,1,1
HDAC1,SYPL1,1,1
HDAC1,TCEB3,1,1
HDAC1,TIMM50,1,1
HDAC1,TIMP3,1,1
HDAC1,TMED9,1,1
HDAC1,TMEM164,1,1
HDAC1,TMEM201,1,1
HDAC1,TRIM33,1,1
HDAC1,TTF2,1,1
HDAC1,TUBB2A,1,1
HDAC1,TXLNA,1,1
HDAC1,UCN2,1,1
HDAC1,VGF,1,1
HDAC1,WASL,1,1
HDAC1,ZC3H11B,1,1
HDAC1,ZC3HAV1,1,1
HDAC1,ZNF839,1,1
NRBP1,C9ORF69,1,1
NRBP1,CTAGE5,1,1
NRBP1,DPCD,1,1
NRBP1,HOXC10,1,1
NRBP1,SYNPO,1,1
NRBP1,TCF12,1,1
NRBP1,ZBTB11,1,1
NRIP3,ACADM,1,1
NRIP3,CENPB,1,1
NRIP3,DCLRE1C,1,1
NRIP3,DOCK9,1,1
NRIP3,FOXJ2,1,1
NRIP3,IDH3B,1,1
NRIP3,KXD1,1,1
NRIP3,MELTF,1,1
NRIP3,MMACHC,1,1
NRIP3,MRPL46,1,1
NRIP3,PIGK,1,1
NRIP3,RBFA,1,1
NRIP3,SLC4A4,1,1
NRIP3,STK25,1,1
NRIP3,TSG101,1,1
NRIP3,TTC37,1,1
CHCHD3,ABCD1,1,1
CHCHD3,ABHD12,1,1
CHCHD3,AC013264.1,1,1
CHCHD3,ACAN,1,1
CHCHD3,ACOT7,1,1
CHCHD3,ADAMTS17,1,1
CHCHD3,AKAP9,1,1
CHCHD3,AKR7A2,1,1
CHCHD3,AL513523.1,1,1
CHCHD3,AL513523.2,1,1
CHCHD3,ALDH1A1,1,1
CHCHD3,AMPH,1,1
CHCHD3,ANKRD30B,1,1
CHCHD3,ANKRD44,1,1
CHCHD3,ANO4,1,1
CHCHD3,AP5S1,1,1
CHCHD3,ARFGEF2,1,1
CHCHD3,ARHGAP39,1,1
CHCHD3,ARHGEF34P,1,1
CHCHD3,ARHGEF35,1,1
CHCHD3,ARHGEF5,1,1
CHCHD3,ARMT1,1,1
CHCHD3,ARPC1A,1,1
CHCHD3,ASRGL1,1,1
CHCHD3,ATP11A,1,1
CHCHD3,ATP6V0D2,1,1
CHCHD3,ATP6V1C1,1,1
CHCHD3,ATP6V1E1,1,1
CHCHD3,ATRN,1,1
CHCHD3,BAIAP2L1,1,1
CHCHD3,BAX,1,1
CHCHD3,BICDL1,1,1
CHCHD3,BIRC7,1,1
CHCHD3,BLCAP,1,1
CHCHD3,C17ORF51,1,1
CHCHD3,C3ORF14,1,1
CHCHD3,C7ORF49,1,1
CHCHD3,CA8,1,1
CHCHD3,CALD1,1,1
CHCHD3,CAP1,1,1
CHCHD3,CAPG,1,1
CHCHD3,CAPZB,1,1
CHCHD3,CARHSP1,1,1
CHCHD3,CCDC141,1,1
CHCHD3,CCDC36,1,1
CHCHD3,CCNA1,1,1
CHCHD3,CD109,1,1
CHCHD3,CD36,1,1
CHCHD3,CD40,1,1
CHCHD3,CDC42,1,1
CHCHD3,CDKN2B,1,1
CHCHD3,CEACAM1,1,1
CHCHD3,CHN2,1,1
CHCHD3,CLDN14,1,1
CHCHD3,CPTP,1,1
CHCHD3,CRKL,1,1
CHCHD3,CTSH,1,1
CHCHD3,DAZ1,1,1
CHCHD3,DDRGK1,1,1
CHCHD3,DGCR14,1,1
CHCHD3,DNAJC11,1,1
CHCHD3,DNAJC16,1,1
CHCHD3,DPY19L2P2,1,1
CHCHD3,DTNBP1,1,1
CHCHD3,ECHDC1,1,1
CHCHD3,EMILIN2,1,1
CHCHD3,ENTPD6,1,1
CHCHD3,EPS15L1,1,1
CHCHD3,EXOSC10,1,1
CHCHD3,FAM102B,1,1
CHCHD3,FAM118A,1,1
CHCHD3,FAM126B,1,1
CHCHD3,FAM19A3,1,1
CHCHD3,FBXO42,1,1
CHCHD3,FEZF1,1,1
CHCHD3,FRMD4B,1,1
CHCHD3,FUCA1,1,1
CHCHD3,GCLM,1,1
CHCHD3,GDAP2,1,1
CHCHD3,GRAMD4,1,1
CHCHD3,GTF2H1,1,1
CHCHD3,GUCD1,1,1
CHCHD3,GYPC,1,1
CHCHD3,HAS2,1,1
CHCHD3,HENMT1,1,1
CHCHD3,HERC2P8,1,1
CHCHD3,HIPK1,1,1
CHCHD3,HKR1,1,1
CHCHD3,HMGXB3,1,1
CHCHD3,HMOX1,1,1
CHCHD3,HP1BP3,1,1
CHCHD3,HSD17B12,1,1
CHCHD3,HSPA8P1,1,1
CHCHD3,HSPA8P8,1,1
CHCHD3,HSPA8P9,1,1
CHCHD3,ICMT,1,1
CHCHD3,INTS3,1,1
CHCHD3,IQGAP1,1,1
CHCHD3,KCTD14,1,1
CHCHD3,KIF1B,1,1
CHCHD3,L3MBTL2,1,1
CHCHD3,LAMA1,1,1
CHCHD3,LDLRAD3,1,1
CHCHD3,LHX8,1,1
CHCHD3,LIMK2,1,1
CHCHD3,LINS1,1,1
CHCHD3,LMF2,1,1
CHCHD3,LONRF3,1,1
CHCHD3,LRRC61,1,1
CHCHD3,LSM 8.00,1,1
CHCHD3,LUZP1,1,1
CHCHD3,LZIC,1,1
CHCHD3,MAFF,1,1
CHCHD3,MAPK1,1,1
CHCHD3,MCTP2,1,1
CHCHD3,MED15,1,1
CHCHD3,MERTK,1,1
CHCHD3,MESDC1,1,1
CHCHD3,MFF,1,1
CHCHD3,MGAM2,1,1
CHCHD3,MLXIP,1,1
CHCHD3,MMP8,1,1
CHCHD3,MTOR,1,1
CHCHD3,NAV2,1,1
CHCHD3,NBPF8,1,1
CHCHD3,NDUFA10,1,1
CHCHD3,NDUFC2-KCTD14,1,1
CHCHD3,NLRP2,1,1
CHCHD3,NRROS,1,1
CHCHD3,PCSK2,1,1
CHCHD3,PDE4B,1,1
CHCHD3,PEX10,1,1
CHCHD3,PEX14,1,1
CHCHD3,PEX26,1,1
CHCHD3,PHGDH,1,1
CHCHD3,PIK3R3,1,1
CHCHD3,PIKFYVE,1,1
CHCHD3,PLA2G6,1,1
CHCHD3,PNKD,1,1
CHCHD3,PRKG2,1,1
CHCHD3,PTER,1,1
CHCHD3,RAB11FIP4,1,1
CHCHD3,RAB17,1,1
CHCHD3,RAB5A,1,1
CHCHD3,RBM19,1,1
CHCHD3,RER1,1,1
CHCHD3,RGS1,1,1
CHCHD3,RP11-119J18.1,1,1
CHCHD3,RP11-159J3.1,1,1
CHCHD3,RP11-327P2.7,1,1
CHCHD3,RP11-61N20.3,1,1
CHCHD3,RPH3A,1,1
CHCHD3,RPL11,1,1
CHCHD3,RPS6KA5,1,1
CHCHD3,RSBN1,1,1
CHCHD3,RYBP,1,1
CHCHD3,SAMM50,1,1
CHCHD3,SBF1,1,1
CHCHD3,SCIN,1,1
CHCHD3,SCML4,1,1
CHCHD3,SEC22B,1,1
CHCHD3,SGK3,1,1
CHCHD3,SIRPB1,1,1
CHCHD3,SKI,1,1
CHCHD3,SLC25A33,1,1
CHCHD3,SLC2A11,1,1
CHCHD3,SLC37A3,1,1
CHCHD3,SLC44A3,1,1
CHCHD3,SLC46A3,1,1
CHCHD3,SQRDL,1,1
CHCHD3,SS18L1,1,1
CHCHD3,SYCP2,1,1
CHCHD3,TBC1D4,1,1
CHCHD3,TCEB3,1,1
CHCHD3,TGFBR3,1,1
CHCHD3,TIMM8B,1,1
CHCHD3,TMC3,1,1
CHCHD3,TMCO4,1,1
CHCHD3,TMEM51,1,1
CHCHD3,TP73,1,1
CHCHD3,TPPP,1,1
CHCHD3,TRPA1,1,1
CHCHD3,TUB,1,1
CHCHD3,TXN2,1,1
CHCHD3,UBE2J1,1,1
CHCHD3,UBE4B,1,1
CHCHD3,VAMP3,1,1
CHCHD3,VANGL1,1,1
CHCHD3,VAPB,1,1
CHCHD3,VAV3,1,1
CHCHD3,VCP,1,1
CHCHD3,VCX3B,1,1
CHCHD3,WDR47,1,1
CHCHD3,ZBED6CL,1,1
CHCHD3,ZDHHC11B,1,1
CHCHD3,ZNF114,1,1
CHCHD3,ZNF43,1,1
CHCHD3,ZNF503,1,1
CHCHD3,ZNF689,1,1
CHCHD3,ZYG11A,1,1
ITSN2,BCAS2,1,1
ITSN2,CAPZA1,1,1
ITSN2,COQ10B,1,1
ITSN2,DFFA,1,1
ITSN2,GTPBP10,1,1
ITSN2,GXYLT1,1,1
ITSN2,KDM1A,1,1
ITSN2,LDHAP3,1,1
ITSN2,LDHAP4,1,1
ITSN2,MCAT,1,1
ITSN2,P3H3,1,1
ITSN2,PLEKHB2,1,1
ITSN2,POLR3G,1,1
ITSN2,PPP4R2,1,1
ITSN2,SPR,1,1
ITSN2,SRRD,1,1
ITSN2,ST13,1,1
ITSN2,STK38L,1,1
ITSN2,TMF1,1,1
ITSN2,TRIP12,1,1
ITSN2,UBA3,1,1
ITSN2,VDR,1,1
DDX20,ANAPC7,1,1
DDX20,BACE1,1,1
DDX20,CLSPN,1,1
DDX20,CUL1,1,1
DDX20,DDX55,1,1
DDX20,EIF4A3,1,1
DDX20,FTO,1,1
DDX20,GALNT1,1,1
DDX20,GLT8D1,1,1
DDX20,GXYLT1,1,1
DDX20,HNRNPR,1,1
DDX20,IDH3A,1,1
DDX20,KLHDC2,1,1
DDX20,LUC7L2,1,1
DDX20,MCM3,1,1
DDX20,MTERF3,1,1
DDX20,MTFP1,1,1
DDX20,NDUFAF4,1,1
DDX20,NELFCD,1,1
DDX20,NUP50,1,1
DDX20,ORC5,1,1
DDX20,PTDSS1,1,1
DDX20,RNF123,1,1
DDX20,STK11,1,1
DDX20,TCEA2,1,1
DDX20,TMEM201,1,1
DDX20,TMEM256-PLSCR3,1,1
DDX20,TRMU,1,1
DDX20,WDR77,1,1
ZNF441,ACADM,1,1
ZNF441,APOBEC3G,1,1
ZNF441,ASB7,1,1
ZNF441,DCLRE1C,1,1
ZNF441,HIBCH,1,1
ZNF441,KIN,1,1
ZNF441,MME,1,1
ZNF441,RBFA,1,1
ZNF441,SLC30A7,1,1
ZNF441,SLC4A4,1,1
ZNF441,TMEM9B,1,1
ZNF441,ZNF525,1,1
TMEM256-PLSCR3,ALDH1B1,1,1
TMEM256-PLSCR3,ATAD3A,1,1
TMEM256-PLSCR3,AUNIP,1,1
TMEM256-PLSCR3,CENPM,1,1
TMEM256-PLSCR3,CLSPN,1,1
TMEM256-PLSCR3,EIF4A3,1,1
TMEM256-PLSCR3,FOXN2,1,1
TMEM256-PLSCR3,FTO,1,1
TMEM256-PLSCR3,GALNT1,1,1
TMEM256-PLSCR3,KLHDC2,1,1
TMEM256-PLSCR3,LDHA,1,1
TMEM256-PLSCR3,LUC7L2,1,1
TMEM256-PLSCR3,MMS22L,1,1
TMEM256-PLSCR3,MTERF3,1,1
TMEM256-PLSCR3,MTFR2,1,1
TMEM256-PLSCR3,NDUFAF4,1,1
TMEM256-PLSCR3,ORC5,1,1
TMEM256-PLSCR3,PABPC4,1,1
TMEM256-PLSCR3,PDXP,1,1
TMEM256-PLSCR3,POLR1A,1,1
TMEM256-PLSCR3,POLR3K,1,1
TMEM256-PLSCR3,RNF123,1,1
TMEM256-PLSCR3,SEPT8,1,1
TMEM256-PLSCR3,SLC16A1,1,1
TMEM256-PLSCR3,SLC5A6,1,1
TMEM256-PLSCR3,TCEA2,1,1
TMEM256-PLSCR3,TONSL,1,1
TMEM256-PLSCR3,VIPAS39,1,1
TMEM256-PLSCR3,WDR77,1,1
TMEM256-PLSCR3,YTHDF2,1,1
TMEM256-PLSCR3,ZSWIM4,1,1
INPP5F,AGTRAP,1,1
INPP5F,AKR7A2,1,1
INPP5F,ARHGAP28,1,1
INPP5F,ATP6V1E1,1,1
INPP5F,BCAS3,1,1
INPP5F,BCL2L13,1,1
INPP5F,C1ORF112,1,1
INPP5F,CARD16,1,1
INPP5F,CCDC88A,1,1
INPP5F,CD164,1,1
INPP5F,CEP41,1,1
INPP5F,CHST11,1,1
INPP5F,CINP,1,1
INPP5F,COX5B,1,1
INPP5F,CPN1,1,1
INPP5F,CSNK1G2,1,1
INPP5F,DUSP4,1,1
INPP5F,EAPP,1,1
INPP5F,EARS2,1,1
INPP5F,EIF4G3,1,1
INPP5F,ERGIC3,1,1
INPP5F,FAM167B,1,1
INPP5F,FBXO6,1,1
INPP5F,GDPD1,1,1
INPP5F,GLB1L2,1,1
INPP5F,HTRA1,1,1
INPP5F,IGF1R,1,1
INPP5F,IGF2R,1,1
INPP5F,ITGAV,1,1
INPP5F,IVNS1ABP,1,1
INPP5F,JAK2,1,1
INPP5F,L3MBTL4,1,1
INPP5F,LAMP2,1,1
INPP5F,LAMTOR5,1,1
INPP5F,LHFP,1,1
INPP5F,MBOAT1,1,1
INPP5F,MDFIC,1,1
INPP5F,MGST2,1,1
INPP5F,MOV10,1,1
INPP5F,MSL3P1,1,1
INPP5F,NBPF26,1,1
INPP5F,NUDCD3,1,1
INPP5F,PACSIN2,1,1
INPP5F,PARP9,1,1
INPP5F,PDK3,1,1
INPP5F,PIGO,1,1
INPP5F,PTPRK,1,1
INPP5F,RAB17,1,1
INPP5F,RCAN3,1,1
INPP5F,RERE,1,1
INPP5F,RHOJ,1,1
INPP5F,RRBP1,1,1
INPP5F,SDF4,1,1
INPP5F,SGCE,1,1
INPP5F,SLC22A23,1,1
INPP5F,SLC25A13,1,1
INPP5F,SLC35F5,1,1
INPP5F,SRGAP1,1,1
INPP5F,ST8SIA1,1,1
INPP5F,STRIP2,1,1
INPP5F,STXBP3,1,1
INPP5F,TCEB3,1,1
INPP5F,TESK2,1,1
INPP5F,TRPV2,1,1
INPP5F,TTF2,1,1
INPP5F,TXLNA,1,1
INPP5F,VPS45,1,1
INPP5F,WASL,1,1
INPP5F,ZNF561,1,1
INPP5F,ZNF839,1,1
DDX55,ANAPC7,1,1
DDX55,ATAD3B,1,1
DDX55,BACE1,1,1
DDX55,C1ORF174,1,1
DDX55,CRKL,1,1
DDX55,DNAJC11,1,1
DDX55,ECHDC1,1,1
DDX55,EPS15L1,1,1
DDX55,FAM172A,1,1
DDX55,GCLM,1,1
DDX55,GLT8D1,1,1
DDX55,HNRNPR,1,1
DDX55,IDH3A,1,1
DDX55,KLHL21,1,1
DDX55,MARS2,1,1
DDX55,MCM3,1,1
DDX55,MTERF1,1,1
DDX55,PRMT7,1,1
DDX55,RBM19,1,1
DDX55,RPA2,1,1
DDX55,SLC25A33,1,1
DDX55,STARD7,1,1
DDX55,TMEM201,1,1
DDX55,UBE2E2,1,1
DDX55,ZNHIT3,1,1
CSTB,AC009133.22,1,1
CSTB,AFAP1,1,1
CSTB,ATG4B,1,1
CSTB,ATL1,1,1
CSTB,C15ORF41,1,1
CSTB,C20ORF194,1,1
CSTB,CDK5R1,1,1
CSTB,CHKA,1,1
CSTB,COMMD9,1,1
CSTB,CRTC3,1,1
CSTB,CRY2,1,1
CSTB,CTSZ,1,1
CSTB,DDX60L,1,1
CSTB,EML1,1,1
CSTB,FAM161A,1,1
CSTB,GALNT7,1,1
CSTB,GFOD1,1,1
CSTB,GSTO1,1,1
CSTB,HERC5,1,1
CSTB,HIGD2A,1,1
CSTB,LRBA,1,1
CSTB,LRRK1,1,1
CSTB,MBP,1,1
CSTB,MFGE8,1,1
CSTB,MGME1,1,1
CSTB,MLF 2.00,1,1
CSTB,MVB12B,1,1
CSTB,PARVA,1,1
CSTB,PER3,1,1
CSTB,PIK3CD,1,1
CSTB,PTDSS2,1,1
CSTB,PYCARD,1,1
CSTB,RAB34,1,1
CSTB,RNF145,1,1
CSTB,RUNX3,1,1
CSTB,SCUBE2,1,1
CSTB,SIRPA,1,1
CSTB,SLC25A4,1,1
CSTB,SLC44A3,1,1
CSTB,SLC9A8,1,1
CSTB,SNPH,1,1
CSTB,SOX13,1,1
CSTB,STIM1,1,1
CSTB,STXBP2,1,1
CSTB,TALDO1,1,1
CSTB,TMEM184B,1,1
CSTB,TP73-AS1,1,1
CSTB,TRIM65,1,1
CSTB,TRPS1,1,1
CSTB,VAMP8,1,1
CSTB,ZNF703,1,1
DDHD1,AGAP3,1,1
DDHD1,AGTRAP,1,1
DDHD1,ARPC1A,1,1
DDHD1,ATP6V1F,1,1
DDHD1,ATP7B,1,1
DDHD1,C16ORF87,1,1
DDHD1,CEP131,1,1
DDHD1,CLSTN1,1,1
DDHD1,CTAGE5,1,1
DDHD1,CTNNBIP1,1,1
DDHD1,DET1,1,1
DDHD1,EIF4G3,1,1
DDHD1,EPM2AIP1,1,1
DDHD1,EVA1A,1,1
DDHD1,FAM126A,1,1
DDHD1,FERMT2,1,1
DDHD1,GALNS,1,1
DDHD1,HPS5,1,1
DDHD1,LAMTOR5,1,1
DDHD1,MBOAT1,1,1
DDHD1,MRPL58,1,1
DDHD1,MSI2,1,1
DDHD1,NADK,1,1
DDHD1,NAGA,1,1
DDHD1,NMNAT1,1,1
DDHD1,NT5DC1,1,1
DDHD1,PEX10,1,1
DDHD1,PIGO,1,1
DDHD1,POMGNT1,1,1
DDHD1,PPP1R3D,1,1
DDHD1,PRDM2,1,1
DDHD1,PSEN2,1,1
DDHD1,RHOQ,1,1
DDHD1,RRBP1,1,1
DDHD1,SGCE,1,1
DDHD1,SLC23A2,1,1
DDHD1,SPSB1,1,1
DDHD1,ST7,1,1
DDHD1,STK39,1,1
DDHD1,STXBP3,1,1
DDHD1,TCTN3,1,1
DDHD1,TMEM51,1,1
DDHD1,TRIM14,1,1
DDHD1,UBE4B,1,1
DDHD1,USP48,1,1
DDHD1,ZNF672,1,1
DDHD1,ZNF814,1,1
C2CD2,ABHD12,1,1
C2CD2,ABHD2,1,1
C2CD2,ACAN,1,1
C2CD2,ACOT7,1,1
C2CD2,AGA,1,1
C2CD2,AL513523.1,1,1
C2CD2,AL513523.2,1,1
C2CD2,ALDH1A1,1,1
C2CD2,AMPH,1,1
C2CD2,ANKRD27,1,1
C2CD2,ANKRD30B,1,1
C2CD2,ANO4,1,1
C2CD2,AP1S3,1,1
C2CD2,APOL1,1,1
C2CD2,ARFGEF2,1,1
C2CD2,ASRGL1,1,1
C2CD2,ATAD3B,1,1
C2CD2,ATN1,1,1
C2CD2,ATP6V0D2,1,1
C2CD2,BICDL1,1,1
C2CD2,BIRC7,1,1
C2CD2,BMP8B,1,1
C2CD2,C1ORF174,1,1
C2CD2,C3ORF14,1,1
C2CD2,CAPG,1,1
C2CD2,CCDC141,1,1
C2CD2,CCNA1,1,1
C2CD2,CCNO,1,1
C2CD2,CIB1,1,1
C2CD2,CLDN14,1,1
C2CD2,COL4A2,1,1
C2CD2,COPS8,1,1
C2CD2,CPTP,1,1
C2CD2,CSF2RA,1,1
C2CD2,DAZ1,1,1
C2CD2,DFFA,1,1
C2CD2,DFFB,1,1
C2CD2,DHX33,1,1
C2CD2,DOCK9,1,1
C2CD2,DPY19L2P2,1,1
C2CD2,DTX3L,1,1
C2CD2,EEFSEC,1,1
C2CD2,ENTPD6,1,1
C2CD2,EPHA4,1,1
C2CD2,FAAP20,1,1
C2CD2,FAM19A3,1,1
C2CD2,FANCI,1,1
C2CD2,FEZF1,1,1
C2CD2,GDAP2,1,1
C2CD2,HERC2P5,1,1
C2CD2,HERC2P8,1,1
C2CD2,HSPA8P1,1,1
C2CD2,IDH3B,1,1
C2CD2,KIF7,1,1
C2CD2,LHX8,1,1
C2CD2,LIMK2,1,1
C2CD2,LONRF3,1,1
C2CD2,LRRC47,1,1
C2CD2,LRRC61,1,1
C2CD2,LYPLA2,1,1
C2CD2,MAFF,1,1
C2CD2,MARS2,1,1
C2CD2,MCAM,1,1
C2CD2,MCOLN2,1,1
C2CD2,MCTP1,1,1
C2CD2,MCTP2,1,1
C2CD2,MERTK,1,1
C2CD2,MGAM2,1,1
C2CD2,MKRN3,1,1
C2CD2,MMP8,1,1
C2CD2,MORN1,1,1
C2CD2,MOXD1,1,1
C2CD2,MRPL46,1,1
C2CD2,MRPS11,1,1
C2CD2,MTERF1,1,1
C2CD2,NAB1,1,1
C2CD2,NCAPH2,1,1
C2CD2,NLRP2,1,1
C2CD2,NOTCH2,1,1
C2CD2,NT5DC3,1,1
C2CD2,NT5E,1,1
C2CD2,PCSK2,1,1
C2CD2,PGAP2,1,1
C2CD2,PIK3R3,1,1
C2CD2,PIM3,1,1
C2CD2,PLA2G6,1,1
C2CD2,POLE4,1,1
C2CD2,PPP1R12B,1,1
C2CD2,PPP4R2,1,1
C2CD2,PRKG2,1,1
C2CD2,PTMS,1,1
C2CD2,RALB,1,1
C2CD2,RALY,1,1
C2CD2,RER1,1,1
C2CD2,RP11-119J18.1,1,1
C2CD2,RP11-159J3.1,1,1
C2CD2,RP11-299H22.3,1,1
C2CD2,RP11-327P2.7,1,1
C2CD2,RPH3A,1,1
C2CD2,RPL11,1,1
C2CD2,RPL22,1,1
C2CD2,RPS27L,1,1
C2CD2,RPS6KA5,1,1
C2CD2,RTFDC1,1,1
C2CD2,SCIN,1,1
C2CD2,SCML4,1,1
C2CD2,SERGEF,1,1
C2CD2,SLAMF7,1,1
C2CD2,SLC46A3,1,1
C2CD2,SLX4IP,1,1
C2CD2,SMARCB1,1,1
C2CD2,SMG9,1,1
C2CD2,SPP1,1,1
C2CD2,SQRDL,1,1
C2CD2,SRRD,1,1
C2CD2,SS18L1,1,1
C2CD2,STK25,1,1
C2CD2,SZRD1,1,1
C2CD2,TBC1D4,1,1
C2CD2,TMC3,1,1
C2CD2,TMEM144,1,1
C2CD2,TMEM161B,1,1
C2CD2,TMEM64,1,1
C2CD2,TP73,1,1
C2CD2,TRPV4,1,1
C2CD2,TSN,1,1
C2CD2,TUB,1,1
C2CD2,VAPB,1,1
C2CD2,VAV3,1,1
C2CD2,VCX3B,1,1
C2CD2,WARS2,1,1
C2CD2,ZNF114,1,1
C2CD2,ZNF189,1,1
C2CD2,ZNF585B,1,1
C2CD2,ZNF689,1,1
C2CD2,ZNHIT3,1,1
CTAGE5,ATF7IP,1,1
CTAGE5,ATP6V1F,1,1
CTAGE5,ATP7B,1,1
CTAGE5,C16ORF87,1,1
CTAGE5,CBX5,1,1
CTAGE5,CDC25B,1,1
CTAGE5,CEP131,1,1
CTAGE5,CLSTN1,1,1
CTAGE5,DPCD,1,1
CTAGE5,EVA1A,1,1
CTAGE5,FAM126A,1,1
CTAGE5,GPD1L,1,1
CTAGE5,GRAMD4,1,1
CTAGE5,GUCD1,1,1
CTAGE5,HOXC10,1,1
CTAGE5,KCP,1,1
CTAGE5,LAMTOR5,1,1
CTAGE5,MAP9,1,1
CTAGE5,MC1R,1,1
CTAGE5,MCOLN3,1,1
CTAGE5,MESDC1,1,1
CTAGE5,METRNL,1,1
CTAGE5,MRPL58,1,1
CTAGE5,NADK,1,1
CTAGE5,NMNAT1,1,1
CTAGE5,PEX10,1,1
CTAGE5,PIGO,1,1
CTAGE5,PPP1R3D,1,1
CTAGE5,PRDM2,1,1
CTAGE5,PSEN2,1,1
CTAGE5,SETD3,1,1
CTAGE5,SPECC1,1,1
CTAGE5,SPSB1,1,1
CTAGE5,TCF12,1,1
CTAGE5,TCTN3,1,1
CTAGE5,TMEM184B,1,1
CTAGE5,TRIM14,1,1
CTAGE5,USP48,1,1
CTAGE5,ZNF789,1,1
ZSWIM4,TCEA2,1,1
ZSWIM4,VIPAS39,1,1
DGCR14,ANKRD44,1,1
DGCR14,BAIAP2L1,1,1
DGCR14,C17ORF51,1,1
DGCR14,CDC42,1,1
DGCR14,DTNBP1,1,1
DGCR14,EPS15L1,1,1
DGCR14,HIPK1,1,1
DGCR14,HMOX1,1,1
DGCR14,L3MBTL2,1,1
DGCR14,LUZP1,1,1
DGCR14,LZIC,1,1
DGCR14,MAPK1,1,1
DGCR14,MTOR,1,1
DGCR14,PEX26,1,1
DGCR14,PNKD,1,1
DGCR14,RAB5A,1,1
DGCR14,RUSC2,1,1
DGCR14,SBF1,1,1
DGCR14,SQSTM1,1,1
DGCR14,UBE4B,1,1
KCNAB1,ACOT7,1,1
KCNAB1,ADAMTS17,1,1
KCNAB1,AK2,1,1
KCNAB1,ALDH1B1,1,1
KCNAB1,AP1S3,1,1
KCNAB1,APITD1,1,1
KCNAB1,ARHGAP28,1,1
KCNAB1,ARHGEF39,1,1
KCNAB1,ATOX1,1,1
KCNAB1,ATP10B,1,1
KCNAB1,ATP5F1,1,1
KCNAB1,ATXN7L3B,1,1
KCNAB1,BCAS2,1,1
KCNAB1,BCAS3,1,1
KCNAB1,BET1,1,1
KCNAB1,C2ORF69,1,1
KCNAB1,CADM1,1,1
KCNAB1,CADPS,1,1
KCNAB1,CAPZA2,1,1
KCNAB1,CCDC134,1,1
KCNAB1,CD109,1,1
KCNAB1,CEP41,1,1
KCNAB1,CGN,1,1
KCNAB1,CHEK2,1,1
KCNAB1,CHRNA7,1,1
KCNAB1,CHST11,1,1
KCNAB1,CLIC4,1,1
KCNAB1,COG5,1,1
KCNAB1,COQ10B,1,1
KCNAB1,CSDE1,1,1
KCNAB1,CSNK1G2,1,1
KCNAB1,CYP7B1,1,1
KCNAB1,DDOST,1,1
KCNAB1,DDT,1,1
KCNAB1,DLD,1,1
KCNAB1,DPYSL5,1,1
KCNAB1,DYNC1I1,1,1
KCNAB1,E2F2,1,1
KCNAB1,ECE1,1,1
KCNAB1,EIF5A2,1,1
KCNAB1,EN1,1,1
KCNAB1,ENHO,1,1
KCNAB1,EXTL3,1,1
KCNAB1,EYA4,1,1
KCNAB1,FAM81A,1,1
KCNAB1,FOXRED2,1,1
KCNAB1,GALE,1,1
KCNAB1,GET4,1,1
KCNAB1,GFPT1,1,1
KCNAB1,GPR157,1,1
KCNAB1,GPR55,1,1
KCNAB1,GSS,1,1
KCNAB1,HEY1,1,1
KCNAB1,ID3,1,1
KCNAB1,IGHVII-30-43,1,1
KCNAB1,IMMP2L,1,1
KCNAB1,ITGAV,1,1
KCNAB1,KDELC1,1,1
KCNAB1,KIAA2013,1,1
KCNAB1,L3MBTL4,1,1
KCNAB1,LACTB2,1,1
KCNAB1,LCP2,1,1
KCNAB1,LPXN,1,1
KCNAB1,LRP12,1,1
KCNAB1,LSR,1,1
KCNAB1,MAD2L2,1,1
KCNAB1,MCAT,1,1
KCNAB1,MDFIC,1,1
KCNAB1,METAP1D,1,1
KCNAB1,MFN2,1,1
KCNAB1,MGAT5,1,1
KCNAB1,MLH3,1,1
KCNAB1,MLLT4,1,1
KCNAB1,MRFAP1,1,1
KCNAB1,MSL3P1,1,1
KCNAB1,MTMR4,1,1
KCNAB1,NBPF26,1,1
KCNAB1,NDUFA5,1,1
KCNAB1,NDUFB3,1,1
KCNAB1,NEPRO,1,1
KCNAB1,NIPAL3,1,1
KCNAB1,NPAS2,1,1
KCNAB1,NSMCE3,1,1
KCNAB1,NUDCD3,1,1
KCNAB1,NUP43,1,1
KCNAB1,OR7E38P,1,1
KCNAB1,OTUD3,1,1
KCNAB1,P3H3,1,1
KCNAB1,PACSIN2,1,1
KCNAB1,PANX2,1,1
KCNAB1,PARK7,1,1
KCNAB1,PARP9,1,1
KCNAB1,PHTF1,1,1
KCNAB1,PICK1,1,1
KCNAB1,PLCB4,1,1
KCNAB1,PPP1R14C,1,1
KCNAB1,PSMA5,1,1
KCNAB1,PSMC2,1,1
KCNAB1,PTPRG,1,1
KCNAB1,RASEF,1,1
KCNAB1,RBM47,1,1
KCNAB1,RFX7,1,1
KCNAB1,RLBP1,1,1
KCNAB1,RNF19A,1,1
KCNAB1,RNF43,1,1
KCNAB1,RPN2,1,1
KCNAB1,RRP7BP,1,1
KCNAB1,RTCB,1,1
KCNAB1,RYBP,1,1
KCNAB1,SDHB,1,1
KCNAB1,SEMA4F,1,1
KCNAB1,SLC35F6,1,1
KCNAB1,SLCO5A1,1,1
KCNAB1,SORL1,1,1
KCNAB1,ST13,1,1
KCNAB1,STK17B,1,1
KCNAB1,STRIP2,1,1
KCNAB1,SYNM,1,1
KCNAB1,SYPL1,1,1
KCNAB1,TBCA,1,1
KCNAB1,TIMM50,1,1
KCNAB1,TIMP3,1,1
KCNAB1,TMED9,1,1
KCNAB1,TMEM242,1,1
KCNAB1,TMEM64,1,1
KCNAB1,TMF1,1,1
KCNAB1,TRABD,1,1
KCNAB1,TRMT2A,1,1
KCNAB1,TRMU,1,1
KCNAB1,TRPV4,1,1
KCNAB1,TTF2,1,1
KCNAB1,TUBB2A,1,1
KCNAB1,VCX3A,1,1
KCNAB1,VGF,1,1
KCNAB1,VPS45,1,1
KCNAB1,ZC3H11B,1,1
KCNAB1,ZC3HC1,1,1
KCNAB1,ZMYM1,1,1
KCNAB1,ZNF697,1,1
KCNAB1,ZNF776,1,1
ERGIC2,AGFG1,1,1
ERGIC2,AIM1,1,1
ERGIC2,ALDH1B1,1,1
ERGIC2,ASCC2,1,1
ERGIC2,AUNIP,1,1
ERGIC2,AURKA,1,1
ERGIC2,B4GALT6,1,1
ERGIC2,C7ORF50,1,1
ERGIC2,CENPM,1,1
ERGIC2,CETN2,1,1
ERGIC2,CMAS,1,1
ERGIC2,EFHD2,1,1
ERGIC2,EIF3D,1,1
ERGIC2,ENO1,1,1
ERGIC2,ESPL1,1,1
ERGIC2,EYA1,1,1
ERGIC2,FAM91A1,1,1
ERGIC2,FOXN2,1,1
ERGIC2,IGF2BP3,1,1
ERGIC2,KLHDC3,1,1
ERGIC2,LDHA,1,1
ERGIC2,LDHAP3,1,1
ERGIC2,LRP8,1,1
ERGIC2,LRRC37A2,1,1
ERGIC2,LRWD1,1,1
ERGIC2,MLLT6,1,1
ERGIC2,MMS22L,1,1
ERGIC2,MRFAP1L1,1,1
ERGIC2,MTFR2,1,1
ERGIC2,MTPN,1,1
ERGIC2,NCKAP1,1,1
ERGIC2,NUDC,1,1
ERGIC2,NUP205,1,1
ERGIC2,OPA1,1,1
ERGIC2,PCSK7,1,1
ERGIC2,PDXP,1,1
ERGIC2,PHF2,1,1
ERGIC2,PHPT1,1,1
ERGIC2,POLR3K,1,1
ERGIC2,PSMA5,1,1
ERGIC2,RECQL4,1,1
ERGIC2,RHPN2,1,1
ERGIC2,RINT1,1,1
ERGIC2,SLC25A17,1,1
ERGIC2,SLC35E3,1,1
ERGIC2,SLC5A6,1,1
ERGIC2,TAF13,1,1
ERGIC2,TBRG1,1,1
ERGIC2,TMEM38B,1,1
ERGIC2,TONSL,1,1
ERGIC2,UFD1L,1,1
ERGIC2,XPC,1,1
SNX18,AGAP1,1,1
SNX18,BMT2,1,1
SNX18,CALU,1,1
SNX18,CEP41,1,1
SNX18,MKLN1,1,1
SNX18,MMS19,1,1
SNX18,PLOD2,1,1
SNX18,PPFIBP1,1,1
SNX18,SUCO,1,1
SNX18,TMEM164,1,1
SNX18,TNRC6B,1,1
SNX18,TRIM33,1,1
SNX18,WASL,1,1
PTPRG,AK2,1,1
PTPRG,ALDH1B1,1,1
PTPRG,ALG3,1,1
PTPRG,APITD1,1,1
PTPRG,ARMC10,1,1
PTPRG,ASCC2,1,1
PTPRG,ATP10B,1,1
PTPRG,ATP5F1,1,1
PTPRG,B3GALT6,1,1
PTPRG,BCAS2,1,1
PTPRG,CADPS,1,1
PTPRG,CAPZA2,1,1
PTPRG,CASP8,1,1
PTPRG,CHRNA7,1,1
PTPRG,CLDN12,1,1
PTPRG,CLIC4,1,1
PTPRG,CMAS,1,1
PTPRG,COQ10B,1,1
PTPRG,CSDE1,1,1
PTPRG,DDOST,1,1
PTPRG,DDT,1,1
PTPRG,DGKG,1,1
PTPRG,DLD,1,1
PTPRG,DPYSL5,1,1
PTPRG,ECE1,1,1
PTPRG,EFHD2,1,1
PTPRG,EMC1,1,1
PTPRG,ENO1,1,1
PTPRG,EXTL3,1,1
PTPRG,EYA1,1,1
PTPRG,EYA4,1,1
PTPRG,FAM81A,1,1
PTPRG,FAM86DP,1,1
PTPRG,FIGNL1,1,1
PTPRG,FOXN2,1,1
PTPRG,FZD6,1,1
PTPRG,GJB1,1,1
PTPRG,GPR55,1,1
PTPRG,GTPBP10,1,1
PTPRG,HEY1,1,1
PTPRG,ID3,1,1
PTPRG,IGF2BP3,1,1
PTPRG,IGHVII-30-43,1,1
PTPRG,KIAA2013,1,1
PTPRG,KLHDC3,1,1
PTPRG,LACTB2,1,1
PTPRG,LCP2,1,1
PTPRG,LDHAP4,1,1
PTPRG,LPXN,1,1
PTPRG,LRP12,1,1
PTPRG,LSR,1,1
PTPRG,MCAT,1,1
PTPRG,METAP1D,1,1
PTPRG,MGAT5,1,1
PTPRG,MLH3,1,1
PTPRG,MTMR4,1,1
PTPRG,NCKAP1,1,1
PTPRG,NDUFA5,1,1
PTPRG,NDUFB3,1,1
PTPRG,NPAS2,1,1
PTPRG,NUP43,1,1
PTPRG,NUP50,1,1
PTPRG,OR7E38P,1,1
PTPRG,ORC5,1,1
PTPRG,OTUD3,1,1
PTPRG,P3H3,1,1
PTPRG,PARK7,1,1
PTPRG,PHPT1,1,1
PTPRG,PLCB4,1,1
PTPRG,POLR3G,1,1
PTPRG,PPFIBP1,1,1
PTPRG,PPP1R14C,1,1
PTPRG,PSMA5,1,1
PTPRG,PSMC2,1,1
PTPRG,PYGB,1,1
PTPRG,RASEF,1,1
PTPRG,RBM47,1,1
PTPRG,RLBP1,1,1
PTPRG,RNF125,1,1
PTPRG,RNF19A,1,1
PTPRG,RPN2,1,1
PTPRG,RTCB,1,1
PTPRG,SLC16A1,1,1
PTPRG,SLC25A17,1,1
PTPRG,SLC35F6,1,1
PTPRG,SLC5A6,1,1
PTPRG,SLCO5A1,1,1
PTPRG,SORL1,1,1
PTPRG,SP4,1,1
PTPRG,STK17A,1,1
PTPRG,STK17B,1,1
PTPRG,STRIP2,1,1
PTPRG,SYNM,1,1
PTPRG,SYPL1,1,1
PTPRG,TBCA,1,1
PTPRG,TIMM50,1,1
PTPRG,TMED9,1,1
PTPRG,TMEM38B,1,1
PTPRG,TMF1,1,1
PTPRG,TRABD,1,1
PTPRG,TRAM1,1,1
PTPRG,TRIP12,1,1
PTPRG,TRPV4,1,1
PTPRG,TUBB2A,1,1
PTPRG,UCN2,1,1
PTPRG,UFD1L,1,1
PTPRG,VGF,1,1
PTPRG,WDPCP,1,1
PTPRG,WDR77,1,1
PTPRG,ZC3H11B,1,1
PTPRG,ZNF697,1,1
MCTP2,ABCD1,1,1
MCTP2,ABHD12,1,1
MCTP2,ABHD2,1,1
MCTP2,AC090094.1,1,1
MCTP2,ACAN,1,1
MCTP2,ACOT7,1,1
MCTP2,ADAMTS17,1,1
MCTP2,AKAP9,1,1
MCTP2,AL513523.1,1,1
MCTP2,AL513523.2,1,1
MCTP2,ALDH1A1,1,1
MCTP2,AMPH,1,1
MCTP2,ANKRD27,1,1
MCTP2,ANKRD30B,1,1
MCTP2,ANO4,1,1
MCTP2,AP1S3,1,1
MCTP2,AP5S1,1,1
MCTP2,APOBEC3G,1,1
MCTP2,APOL1,1,1
MCTP2,ARFGEF2,1,1
MCTP2,ARHGEF34P,1,1
MCTP2,ARHGEF35,1,1
MCTP2,ARL6IP5,1,1
MCTP2,ARMT1,1,1
MCTP2,ASRGL1,1,1
MCTP2,ATAD3B,1,1
MCTP2,ATP11A,1,1
MCTP2,ATP6V0D2,1,1
MCTP2,BICDL1,1,1
MCTP2,BIRC7,1,1
MCTP2,BMP8B,1,1
MCTP2,C3ORF14,1,1
MCTP2,CAPG,1,1
MCTP2,CCDC141,1,1
MCTP2,CCNA1,1,1
MCTP2,CDKN2B,1,1
MCTP2,CEACAM1,1,1
MCTP2,CHN2,1,1
MCTP2,CIB1,1,1
MCTP2,CLDN14,1,1
MCTP2,COL4A2,1,1
MCTP2,COPS8,1,1
MCTP2,CPTP,1,1
MCTP2,CSF2RA,1,1
MCTP2,DAZ1,1,1
MCTP2,DDRGK1,1,1
MCTP2,DFFA,1,1
MCTP2,DPY19L2P2,1,1
MCTP2,DTX3L,1,1
MCTP2,E2F2,1,1
MCTP2,EMILIN2,1,1
MCTP2,ENHO,1,1
MCTP2,ENPP1,1,1
MCTP2,ENTPD6,1,1
MCTP2,EPHA4,1,1
MCTP2,EXOSC10,1,1
MCTP2,FAAP20,1,1
MCTP2,FAM102B,1,1
MCTP2,FAM118A,1,1
MCTP2,FAM126B,1,1
MCTP2,FAM19A3,1,1
MCTP2,FANCI,1,1
MCTP2,FEZF1,1,1
MCTP2,FN1,1,1
MCTP2,FPGT,1,1
MCTP2,FRG2DP,1,1
MCTP2,FUCA1,1,1
MCTP2,GALE,1,1
MCTP2,GCLM,1,1
MCTP2,GDAP2,1,1
MCTP2,GPR55,1,1
MCTP2,HENMT1,1,1
MCTP2,HERC2P5,1,1
MCTP2,HERC2P8,1,1
MCTP2,HSPA8P1,1,1
MCTP2,HSPA8P8,1,1
MCTP2,HSPA8P9,1,1
MCTP2,INTS3,1,1
MCTP2,IQGAP1,1,1
MCTP2,KCTD14,1,1
MCTP2,KIF1B,1,1
MCTP2,KIF7,1,1
MCTP2,KIN,1,1
MCTP2,LAMA1,1,1
MCTP2,LDLRAD3,1,1
MCTP2,LHX8,1,1
MCTP2,LIMK2,1,1
MCTP2,LINS1,1,1
MCTP2,LONRF3,1,1
MCTP2,LRRC47,1,1
MCTP2,LRRC61,1,1
MCTP2,LYPLA2,1,1
MCTP2,MAFF,1,1
MCTP2,MCOLN2,1,1
MCTP2,MCTP1,1,1
MCTP2,MERTK,1,1
MCTP2,MFF,1,1
MCTP2,MGAM2,1,1
MCTP2,MKRN3,1,1
MCTP2,MMP8,1,1
MCTP2,MORN1,1,1
MCTP2,MOXD1,1,1
MCTP2,MRFAP1,1,1
MCTP2,MRPS11,1,1
MCTP2,NBPF8,1,1
MCTP2,NDUFA10,1,1
MCTP2,NLRP2,1,1
MCTP2,NOTCH2,1,1
MCTP2,NPPC,1,1
MCTP2,NT5DC3,1,1
MCTP2,PCSK2,1,1
MCTP2,PDE4B,1,1
MCTP2,PEX14,1,1
MCTP2,PEX5,1,1
MCTP2,PHGDH,1,1
MCTP2,PIK3R3,1,1
MCTP2,PIM3,1,1
MCTP2,PLA2G6,1,1
MCTP2,PLEKHA7,1,1
MCTP2,PLXNA2,1,1
MCTP2,POLE4,1,1
MCTP2,PPP1R12B,1,1
MCTP2,PPP4R2,1,1
MCTP2,PRKG2,1,1
MCTP2,PTMS,1,1
MCTP2,RASEF,1,1
MCTP2,RBX1,1,1
MCTP2,RER1,1,1
MCTP2,RP11-119J18.1,1,1
MCTP2,RP11-159J3.1,1,1
MCTP2,RP11-299H22.3,1,1
MCTP2,RP11-327P2.7,1,1
MCTP2,RPH3A,1,1
MCTP2,RPL11,1,1
MCTP2,RPL22,1,1
MCTP2,RPS27L,1,1
MCTP2,RPS6KA5,1,1
MCTP2,RSBN1,1,1
MCTP2,RTFDC1,1,1
MCTP2,SAMM50,1,1
MCTP2,SCIN,1,1
MCTP2,SCML4,1,1
MCTP2,SEC22B,1,1
MCTP2,SERGEF,1,1
MCTP2,SIRPB1,1,1
MCTP2,SLAMF7,1,1
MCTP2,SLC2A11,1,1
MCTP2,SLC37A3,1,1
MCTP2,SLC46A3,1,1
MCTP2,SMG9,1,1
MCTP2,SPP1,1,1
MCTP2,SPRR2D,1,1
MCTP2,SQRDL,1,1
MCTP2,SS18L1,1,1
MCTP2,STAT1,1,1
MCTP2,STK25,1,1
MCTP2,SYCP2,1,1
MCTP2,TBC1D4,1,1
MCTP2,TIMM8B,1,1
MCTP2,TMC3,1,1
MCTP2,TMEM144,1,1
MCTP2,TMEM64,1,1
MCTP2,TMUB1,1,1
MCTP2,TP73,1,1
MCTP2,TPPP,1,1
MCTP2,TRPA1,1,1
MCTP2,TRPV4,1,1
MCTP2,TTN,1,1
MCTP2,TUB,1,1
MCTP2,UBE2J1,1,1
MCTP2,VAPB,1,1
MCTP2,VAV3,1,1
MCTP2,VCX3B,1,1
MCTP2,ZBED6CL,1,1
MCTP2,ZDHHC11B,1,1
MCTP2,ZNF114,1,1
MCTP2,ZNF43,1,1
MCTP2,ZNF503,1,1
MCTP2,ZNF689,1,1
MCTP2,ZYG11A,1,1
MRPS11,ABCD1,1,1
MRPS11,ABHD12,1,1
MRPS11,ABHD2,1,1
MRPS11,ACAN,1,1
MRPS11,ACOT7,1,1
MRPS11,ADAMTS17,1,1
MRPS11,AGA,1,1
MRPS11,AL513523.1,1,1
MRPS11,AL513523.2,1,1
MRPS11,ALDH1A1,1,1
MRPS11,AMPH,1,1
MRPS11,ANKRD27,1,1
MRPS11,ANKRD30B,1,1
MRPS11,ANO4,1,1
MRPS11,AP1S3,1,1
MRPS11,APOL1,1,1
MRPS11,ARFGEF2,1,1
MRPS11,ARHGEF35,1,1
MRPS11,ASRGL1,1,1
MRPS11,ATAD3B,1,1
MRPS11,ATN1,1,1
MRPS11,ATP6V0D2,1,1
MRPS11,BACE1,1,1
MRPS11,BICDL1,1,1
MRPS11,BIRC7,1,1
MRPS11,BMP8B,1,1
MRPS11,C1ORF174,1,1
MRPS11,C3ORF14,1,1
MRPS11,CADM1,1,1
MRPS11,CAPG,1,1
MRPS11,CCDC141,1,1
MRPS11,CCNA1,1,1
MRPS11,CCNO,1,1
MRPS11,CIB1,1,1
MRPS11,CLDN14,1,1
MRPS11,COL4A2,1,1
MRPS11,COPS8,1,1
MRPS11,CPTP,1,1
MRPS11,CRKL,1,1
MRPS11,CSF2RA,1,1
MRPS11,DAZ1,1,1
MRPS11,DBF4B,1,1
MRPS11,DDRGK1,1,1
MRPS11,DFFA,1,1
MRPS11,DFFB,1,1
MRPS11,DOCK9,1,1
MRPS11,DPY19L2P2,1,1
MRPS11,DPYSL5,1,1
MRPS11,DTX3L,1,1
MRPS11,E2F2,1,1
MRPS11,EEFSEC,1,1
MRPS11,EMILIN2,1,1
MRPS11,ENPP1,1,1
MRPS11,ENTPD6,1,1
MRPS11,EPHA4,1,1
MRPS11,EXOSC10,1,1
MRPS11,FAAP20,1,1
MRPS11,FAM118A,1,1
MRPS11,FAM19A3,1,1
MRPS11,FAM217B,1,1
MRPS11,FANCI,1,1
MRPS11,FEZF1,1,1
MRPS11,FRG2DP,1,1
MRPS11,GALE,1,1
MRPS11,GCLM,1,1
MRPS11,GDAP2,1,1
MRPS11,GPR55,1,1
MRPS11,HENMT1,1,1
MRPS11,HERC2P5,1,1
MRPS11,HERC2P8,1,1
MRPS11,HOOK1,1,1
MRPS11,HSPA8P1,1,1
MRPS11,HSPA8P8,1,1
MRPS11,HSPA8P9,1,1
MRPS11,IDH3B,1,1
MRPS11,IQGAP1,1,1
MRPS11,KIF1B,1,1
MRPS11,KIF7,1,1
MRPS11,KLHL21,1,1
MRPS11,LHX8,1,1
MRPS11,LIMK2,1,1
MRPS11,LONRF3,1,1
MRPS11,LRRC47,1,1
MRPS11,LRRC61,1,1
MRPS11,LYPLA2,1,1
MRPS11,MAFF,1,1
MRPS11,MARS2,1,1
MRPS11,MCAT,1,1
MRPS11,MCOLN2,1,1
MRPS11,MCTP1,1,1
MRPS11,MERTK,1,1
MRPS11,MGAM2,1,1
MRPS11,MKRN3,1,1
MRPS11,MMP8,1,1
MRPS11,MORN1,1,1
MRPS11,MOXD1,1,1
MRPS11,MRPL46,1,1
MRPS11,MTERF1,1,1
MRPS11,NCAPH2,1,1
MRPS11,NDUFS1,1,1
MRPS11,NLRP2,1,1
MRPS11,NOTCH2,1,1
MRPS11,NPPC,1,1
MRPS11,NT5DC3,1,1
MRPS11,NT5E,1,1
MRPS11,PCSK2,1,1
MRPS11,PEX14,1,1
MRPS11,PEX5,1,1
MRPS11,PGAP2,1,1
MRPS11,PHGDH,1,1
MRPS11,PIK3R3,1,1
MRPS11,PIM3,1,1
MRPS11,PLA2G6,1,1
MRPS11,PLEKHA7,1,1
MRPS11,POLE4,1,1
MRPS11,POLR2J,1,1
MRPS11,PPP4R2,1,1
MRPS11,PRKG2,1,1
MRPS11,PTMS,1,1
MRPS11,PYGB,1,1
MRPS11,RALB,1,1
MRPS11,RALY,1,1
MRPS11,RASEF,1,1
MRPS11,RBX1,1,1
MRPS11,RER1,1,1
MRPS11,RP11-119J18.1,1,1
MRPS11,RP11-159J3.1,1,1
MRPS11,RP11-299H22.3,1,1
MRPS11,RP11-327P2.7,1,1
MRPS11,RPA2,1,1
MRPS11,RPH3A,1,1
MRPS11,RPL11,1,1
MRPS11,RPL22,1,1
MRPS11,RPS6KA5,1,1
MRPS11,RTFDC1,1,1
MRPS11,SAMM50,1,1
MRPS11,SCIN,1,1
MRPS11,SCML4,1,1
MRPS11,SEC22B,1,1
MRPS11,SERGEF,1,1
MRPS11,SLAMF7,1,1
MRPS11,SLC25A33,1,1
MRPS11,SLC46A3,1,1
MRPS11,SMARCB1,1,1
MRPS11,SMG9,1,1
MRPS11,SNRNP25,1,1
MRPS11,SRRD,1,1
MRPS11,SS18L1,1,1
MRPS11,ST13,1,1
MRPS11,STAT1,1,1
MRPS11,STK25,1,1
MRPS11,STOML2,1,1
MRPS11,SZRD1,1,1
MRPS11,TBC1D4,1,1
MRPS11,TMC3,1,1
MRPS11,TMEM144,1,1
MRPS11,TMEM161B,1,1
MRPS11,TMEM246,1,1
MRPS11,TMEM64,1,1
MRPS11,TMUB1,1,1
MRPS11,TP73,1,1
MRPS11,TRPV4,1,1
MRPS11,TSN,1,1
MRPS11,TUB,1,1
MRPS11,UBA3,1,1
MRPS11,VAPB,1,1
MRPS11,VAV3,1,1
MRPS11,VCX3B,1,1
MRPS11,WARS2,1,1
MRPS11,ZDHHC11B,1,1
MRPS11,ZNF114,1,1
MRPS11,ZNF189,1,1
MRPS11,ZNF585B,1,1
MRPS11,ZNF689,1,1
MRPS11,ZYG11A,1,1
BMT2,AGAP1,1,1
BMT2,B3GALT6,1,1
BMT2,CALU,1,1
BMT2,CD164,1,1
BMT2,CEP41,1,1
BMT2,GJB1,1,1
BMT2,IGF2R,1,1
BMT2,LMAN2L,1,1
BMT2,MDFIC,1,1
BMT2,NEK6,1,1
BMT2,NR4A1,1,1
BMT2,PPFIBP1,1,1
BMT2,RERE,1,1
BMT2,RNF125,1,1
BMT2,SFT2D2,1,1
BMT2,SLC35F5,1,1
BMT2,SLC4A2,1,1
BMT2,SUCO,1,1
BMT2,SYPL1,1,1
BMT2,TMEM164,1,1
BMT2,TNRC6B,1,1
BMT2,TRIM33,1,1
BMT2,UCN2,1,1
BMT2,WASL,1,1
BMT2,ZC3HAV1,1,1
BMT2,ZNF839,1,1
COG1,ZNF525,1,1
TMX4,ACAN,1,1
TMX4,ACOT7,1,1
TMX4,ADAMTS17,1,1
TMX4,AK6,1,1
TMX4,AL513523.1,1,1
TMX4,AL513523.2,1,1
TMX4,ALDH1A1,1,1
TMX4,ANAPC7,1,1
TMX4,ARFGEF2,1,1
TMX4,ARMT1,1,1
TMX4,ATAD3B,1,1
TMX4,ATP10B,1,1
TMX4,BACE1,1,1
TMX4,BAIAP2L2,1,1
TMX4,BICDL1,1,1
TMX4,BLCAP,1,1
TMX4,C2ORF69,1,1
TMX4,CADM1,1,1
TMX4,CADPS,1,1
TMX4,CAPZA2,1,1
TMX4,CARHSP1,1,1
TMX4,CCNA1,1,1
TMX4,CD109,1,1
TMX4,CSDE1,1,1
TMX4,CUL1,1,1
TMX4,DBF4B,1,1
TMX4,DNAJC11,1,1
TMX4,DPYSL5,1,1
TMX4,DTX3L,1,1
TMX4,ECE1,1,1
TMX4,EIF5A2,1,1
TMX4,EXOSC10,1,1
TMX4,EXTL3,1,1
TMX4,FAM118A,1,1
TMX4,FAM19A3,1,1
TMX4,FIGNL1,1,1
TMX4,FN1,1,1
TMX4,FOXRED2,1,1
TMX4,GALE,1,1
TMX4,GLS,1,1
TMX4,GNB1L,1,1
TMX4,GPR55,1,1
TMX4,GXYLT1,1,1
TMX4,HERC2P8,1,1
TMX4,HK2,1,1
TMX4,HNRNPR,1,1
TMX4,ID3,1,1
TMX4,INTS3,1,1
TMX4,ISCA2,1,1
TMX4,KIAA2013,1,1
TMX4,LPXN,1,1
TMX4,LSR,1,1
TMX4,MCM3,1,1
TMX4,MCOLN2,1,1
TMX4,MDFIC,1,1
TMX4,MGAM2,1,1
TMX4,MLH3,1,1
TMX4,MMP8,1,1
TMX4,MTFP1,1,1
TMX4,MUL1,1,1
TMX4,NDUFAF4,1,1
TMX4,NEMP1,1,1
TMX4,NOTCH2,1,1
TMX4,NRROS,1,1
TMX4,NUP50,1,1
TMX4,ORC5,1,1
TMX4,PARK7,1,1
TMX4,PLEKHB2,1,1
TMX4,POLR3G,1,1
TMX4,POPDC3,1,1
TMX4,PPP4R2,1,1
TMX4,PRNP,1,1
TMX4,PYGB,1,1
TMX4,RASEF,1,1
TMX4,RBM19,1,1
TMX4,RBM47,1,1
TMX4,RER1,1,1
TMX4,RNF19A,1,1
TMX4,RP11-61N20.3,1,1
TMX4,RPA2,1,1
TMX4,RYBP,1,1
TMX4,SEPT8,1,1
TMX4,SLC25A33,1,1
TMX4,SNRNP25,1,1
TMX4,SRM,1,1
TMX4,STK17B,1,1
TMX4,TBC1D4,1,1
TMX4,TMEM144,1,1
TMX4,TMEM201,1,1
TMX4,TMEM243,1,1
TMX4,TMEM64,1,1
TMX4,TP73,1,1
TMX4,TRAM1,1,1
TMX4,TRIB1,1,1
TMX4,TRMU,1,1
TMX4,TRPV4,1,1
TMX4,TSPYL4,1,1
TMX4,VAV3,1,1
TMX4,WDR77,1,1
TMX4,ZC3H11B,1,1
GPR180,AGL,1,1
GPR180,ARHGAP23,1,1
GPR180,ARHGEF35,1,1
GPR180,ARHGEF5,1,1
GPR180,CAPZB,1,1
GPR180,CCDC36,1,1
GPR180,CD40,1,1
GPR180,CTSH,1,1
GPR180,EIF5AL1,1,1
GPR180,EMILIN2,1,1
GPR180,ERP29,1,1
GPR180,FAM102B,1,1
GPR180,FAM126B,1,1
GPR180,FUT4,1,1
GPR180,GRAMD4,1,1
GPR180,GSTO1,1,1
GPR180,HAS2,1,1
GPR180,HP1BP3,1,1
GPR180,ICMT,1,1
GPR180,KCTD14,1,1
GPR180,LAMA1,1,1
GPR180,LDLRAD3,1,1
GPR180,LINS1,1,1
GPR180,LSM 4.00,1,1
GPR180,LSM 8.00,1,1
GPR180,MARK3,1,1
GPR180,MYB,1,1
GPR180,PDE4B,1,1
GPR180,PNRC2,1,1
GPR180,PRKCA,1,1
GPR180,RGS1,1,1
GPR180,RSBN1,1,1
GPR180,SGK3,1,1
GPR180,SIRPB1,1,1
GPR180,SLC27A3,1,1
GPR180,SLC37A3,1,1
GPR180,SLC46A3,1,1
GPR180,STAT1,1,1
GPR180,TGFBR1,1,1
GPR180,TGFBR3,1,1
GPR180,TMEM51,1,1
GPR180,TRPA1,1,1
GPR180,VAMP3,1,1
GPR180,ZNF43,1,1
CYP7B1,AK2,1,1
CYP7B1,ANAPC7,1,1
CYP7B1,ARHGAP28,1,1
CYP7B1,ARHGEF39,1,1
CYP7B1,ATP10B,1,1
CYP7B1,ATP5F1,1,1
CYP7B1,ATXN7L3B,1,1
CYP7B1,BAIAP2L2,1,1
CYP7B1,BCAS3,1,1
CYP7B1,BLCAP,1,1
CYP7B1,C1ORF112,1,1
CYP7B1,CADM1,1,1
CYP7B1,CAPZA2,1,1
CYP7B1,CARHSP1,1,1
CYP7B1,CEP41,1,1
CYP7B1,CGN,1,1
CYP7B1,CHEK2,1,1
CYP7B1,CHST11,1,1
CYP7B1,COG5,1,1
CYP7B1,CSDE1,1,1
CYP7B1,DDOST,1,1
CYP7B1,DDT,1,1
CYP7B1,DLD,1,1
CYP7B1,DNAJC11,1,1
CYP7B1,DPYSL5,1,1
CYP7B1,DYNC1I1,1,1
CYP7B1,EARS2,1,1
CYP7B1,ECE1,1,1
CYP7B1,EIF5A2,1,1
CYP7B1,EMC1,1,1
CYP7B1,EN1,1,1
CYP7B1,ERGIC3,1,1
CYP7B1,EYA4,1,1
CYP7B1,FBXO6,1,1
CYP7B1,FOXRED2,1,1
CYP7B1,GFPT1,1,1
CYP7B1,GLDC,1,1
CYP7B1,GNB1L,1,1
CYP7B1,GPR157,1,1
CYP7B1,GSS,1,1
CYP7B1,HEY1,1,1
CYP7B1,ID3,1,1
CYP7B1,IMMP2L,1,1
CYP7B1,ITGAV,1,1
CYP7B1,KDELC1,1,1
CYP7B1,KIAA2013,1,1
CYP7B1,KIRREL,1,1
CYP7B1,L3MBTL4,1,1
CYP7B1,LACTB2,1,1
CYP7B1,LCP2,1,1
CYP7B1,LPXN,1,1
CYP7B1,MAD2L2,1,1
CYP7B1,MAPK8IP2,1,1
CYP7B1,MDFIC,1,1
CYP7B1,MFN2,1,1
CYP7B1,MGAM,1,1
CYP7B1,MGAT5,1,1
CYP7B1,MLH3,1,1
CYP7B1,MLLT4,1,1
CYP7B1,MSL3P1,1,1
CYP7B1,MTMR4,1,1
CYP7B1,NBPF26,1,1
CYP7B1,NIPAL3,1,1
CYP7B1,NRROS,1,1
CYP7B1,NUDCD3,1,1
CYP7B1,NUP43,1,1
CYP7B1,OTUD3,1,1
CYP7B1,PACSIN2,1,1
CYP7B1,PANX2,1,1
CYP7B1,PARK7,1,1
CYP7B1,PEX26,1,1
CYP7B1,PHTF1,1,1
CYP7B1,PPFIBP1,1,1
CYP7B1,PPP1R14C,1,1
CYP7B1,PQLC2,1,1
CYP7B1,PRNP,1,1
CYP7B1,PSMC2,1,1
CYP7B1,PTPRK,1,1
CYP7B1,RBM28,1,1
CYP7B1,RBM47,1,1
CYP7B1,RCAN3,1,1
CYP7B1,RRP7BP,1,1
CYP7B1,RTCB,1,1
CYP7B1,RYBP,1,1
CYP7B1,SDHB,1,1
CYP7B1,SH3BP1,1,1
CYP7B1,SLC22A23,1,1
CYP7B1,SLC25A13,1,1
CYP7B1,SLC35F6,1,1
CYP7B1,SNX17,1,1
CYP7B1,SRM,1,1
CYP7B1,ST8SIA1,1,1
CYP7B1,SYNM,1,1
CYP7B1,SYPL1,1,1
CYP7B1,TIMM50,1,1
CYP7B1,TIMP3,1,1
CYP7B1,TLE3,1,1
CYP7B1,TMED9,1,1
CYP7B1,TMEM242,1,1
CYP7B1,TMF1,1,1
CYP7B1,TRMT2A,1,1
CYP7B1,TRMU,1,1
CYP7B1,TTF2,1,1
CYP7B1,TUBB2A,1,1
CYP7B1,TXLNA,1,1
CYP7B1,UGT2B7,1,1
CYP7B1,VCX3A,1,1
CYP7B1,VPS45,1,1
CYP7B1,ZC3H11B,1,1
CYP7B1,ZC3HC1,1,1
CYP7B1,ZMYM1,1,1
CYP7B1,ZNF697,1,1
COL4A1,ATL1,1,1
COL4A1,CPS1,1,1
COL4A1,CYP2R1,1,1
COL4A1,DBNL,1,1
COL4A1,LRP6,1,1
COL4A1,LRRK1,1,1
COL4A1,RAB34,1,1
COL4A1,RCCD1,1,1
COL4A1,TAF7,1,1
COL4A1,TXNL4A,1,1
COL4A1,ZNF260,1,1
MELTF,ACADM,1,1
MELTF,CD68,1,1
MELTF,FOXJ2,1,1
MELTF,GLRX,1,1
MELTF,HIBCH,1,1
MELTF,KXD1,1,1
MELTF,MMACHC,1,1
MELTF,NT5E,1,1
MELTF,PIGK,1,1
MELTF,SLC30A7,1,1
MELTF,SLC4A4,1,1
MELTF,TSG101,1,1
CYC1,AP1B1,1,1
CYC1,ASCC2,1,1
CYC1,ATP6V1E2,1,1
CYC1,C7ORF50,1,1
CYC1,CETN2,1,1
CYC1,CHCHD2,1,1
CYC1,CMAS,1,1
CYC1,EIF3D,1,1
CYC1,ENO1,1,1
CYC1,METAP1D,1,1
CYC1,MIF,1,1
CYC1,MINOS1,1,1
CYC1,MRFAP1L1,1,1
CYC1,PCSK7,1,1
CYC1,PHF2,1,1
CYC1,PNMA1,1,1
CYC1,PSMA5,1,1
CYC1,RECQL4,1,1
CYC1,RHPN2,1,1
CYC1,SMARCE1,1,1
CYC1,TBRG1,1,1
CYC1,UQCR10,1,1
CYC1,ZNF75A,1,1
NLRP2,ABCD1,1,1
NLRP2,ABHD12,1,1
NLRP2,ABHD2,1,1
NLRP2,ACAN,1,1
NLRP2,ACOT7,1,1
NLRP2,ADAMTS17,1,1
NLRP2,AKAP9,1,1
NLRP2,AL513523.1,1,1
NLRP2,AL513523.2,1,1
NLRP2,ALDH1A1,1,1
NLRP2,AMPH,1,1
NLRP2,ANKRD30B,1,1
NLRP2,ANKRD44,1,1
NLRP2,ANO4,1,1
NLRP2,AP5S1,1,1
NLRP2,APOBEC3G,1,1
NLRP2,APOL1,1,1
NLRP2,ARFGEF2,1,1
NLRP2,ARHGAP39,1,1
NLRP2,ARHGEF34P,1,1
NLRP2,ARHGEF35,1,1
NLRP2,ARHGEF5,1,1
NLRP2,ARMT1,1,1
NLRP2,ASRGL1,1,1
NLRP2,ATAD3B,1,1
NLRP2,ATP11A,1,1
NLRP2,ATP6V0D2,1,1
NLRP2,BAIAP2L1,1,1
NLRP2,BICDL1,1,1
NLRP2,BIRC7,1,1
NLRP2,C3ORF14,1,1
NLRP2,CAPG,1,1
NLRP2,CARHSP1,1,1
NLRP2,CCDC141,1,1
NLRP2,CCDC36,1,1
NLRP2,CCNA1,1,1
NLRP2,CD36,1,1
NLRP2,CD40,1,1
NLRP2,CDKN2B,1,1
NLRP2,CEACAM1,1,1
NLRP2,CHN2,1,1
NLRP2,CIB1,1,1
NLRP2,CLDN14,1,1
NLRP2,COL4A2,1,1
NLRP2,COPS8,1,1
NLRP2,CPTP,1,1
NLRP2,CRKL,1,1
NLRP2,CSF2RA,1,1
NLRP2,DAZ1,1,1
NLRP2,DBF4B,1,1
NLRP2,DDRGK1,1,1
NLRP2,DFFA,1,1
NLRP2,DPY19L2P2,1,1
NLRP2,DTNBP1,1,1
NLRP2,DTX3L,1,1
NLRP2,EMILIN2,1,1
NLRP2,ENHO,1,1
NLRP2,ENPP1,1,1
NLRP2,ENTPD6,1,1
NLRP2,EPHA4,1,1
NLRP2,EXOSC10,1,1
NLRP2,FAAP20,1,1
NLRP2,FAM102B,1,1
NLRP2,FAM118A,1,1
NLRP2,FAM126B,1,1
NLRP2,FAM160A2,1,1
NLRP2,FAM19A3,1,1
NLRP2,FBXO42,1,1
NLRP2,FEZF1,1,1
NLRP2,FGFR1OP2,1,1
NLRP2,FN1,1,1
NLRP2,FRG2DP,1,1
NLRP2,FUCA1,1,1
NLRP2,GALE,1,1
NLRP2,GCLM,1,1
NLRP2,GDAP2,1,1
NLRP2,GRAMD4,1,1
NLRP2,GTF2H1,1,1
NLRP2,HAS2,1,1
NLRP2,HENMT1,1,1
NLRP2,HERC2P5,1,1
NLRP2,HERC2P8,1,1
NLRP2,HKR1,1,1
NLRP2,HMGXB3,1,1
NLRP2,HMOX1,1,1
NLRP2,HOOK1,1,1
NLRP2,HSPA8P1,1,1
NLRP2,HSPA8P8,1,1
NLRP2,HSPA8P9,1,1
NLRP2,ICMT,1,1
NLRP2,INTS3,1,1
NLRP2,IQGAP1,1,1
NLRP2,KCTD14,1,1
NLRP2,KIF1B,1,1
NLRP2,KLHL21,1,1
NLRP2,LAMA1,1,1
NLRP2,LDLRAD3,1,1
NLRP2,LHX8,1,1
NLRP2,LIMK2,1,1
NLRP2,LINS1,1,1
NLRP2,LONRF3,1,1
NLRP2,LRRC47,1,1
NLRP2,LRRC61,1,1
NLRP2,MAFF,1,1
NLRP2,MERTK,1,1
NLRP2,MFF,1,1
NLRP2,MGAM2,1,1
NLRP2,MKNK1,1,1
NLRP2,MKRN3,1,1
NLRP2,MLXIP,1,1
NLRP2,MMP8,1,1
NLRP2,MORN1,1,1
NLRP2,MOXD1,1,1
NLRP2,MRFAP1,1,1
NLRP2,MTOR,1,1
NLRP2,NBPF8,1,1
NLRP2,NDUFA10,1,1
NLRP2,NOTCH2,1,1
NLRP2,NPPC,1,1
NLRP2,PCSK2,1,1
NLRP2,PDE4B,1,1
NLRP2,PEX14,1,1
NLRP2,PHGDH,1,1
NLRP2,PIK3R3,1,1
NLRP2,PIM3,1,1
NLRP2,PLA2G6,1,1
NLRP2,PLEKHA7,1,1
NLRP2,PNKD,1,1
NLRP2,PPP1R12B,1,1
NLRP2,PRKG2,1,1
NLRP2,PTMS,1,1
NLRP2,RASEF,1,1
NLRP2,RBM19,1,1
NLRP2,RBX1,1,1
NLRP2,RER1,1,1
NLRP2,RP11-119J18.1,1,1
NLRP2,RP11-159J3.1,1,1
NLRP2,RP11-327P2.7,1,1
NLRP2,RP11-61N20.3,1,1
NLRP2,RPH3A,1,1
NLRP2,RPL11,1,1
NLRP2,RPS27L,1,1
NLRP2,RPS6KA5,1,1
NLRP2,RSBN1,1,1
NLRP2,RTFDC1,1,1
NLRP2,SAMM50,1,1
NLRP2,SBF1,1,1
NLRP2,SCIN,1,1
NLRP2,SCML4,1,1
NLRP2,SEC22B,1,1
NLRP2,SERGEF,1,1
NLRP2,SIRPB1,1,1
NLRP2,SLAMF7,1,1
NLRP2,SLC25A33,1,1
NLRP2,SLC2A11,1,1
NLRP2,SLC37A3,1,1
NLRP2,SLC46A3,1,1
NLRP2,SMG9,1,1
NLRP2,SQRDL,1,1
NLRP2,SS18L1,1,1
NLRP2,STAT1,1,1
NLRP2,SYCP2,1,1
NLRP2,TBC1D4,1,1
NLRP2,TGFBR3,1,1
NLRP2,TIMM8B,1,1
NLRP2,TMC3,1,1
NLRP2,TMCO4,1,1
NLRP2,TMEM144,1,1
NLRP2,TMEM246,1,1
NLRP2,TMEM64,1,1
NLRP2,TMUB1,1,1
NLRP2,TP73,1,1
NLRP2,TPPP,1,1
NLRP2,TRPA1,1,1
NLRP2,TUB,1,1
NLRP2,UBE2J1,1,1
NLRP2,VAPB,1,1
NLRP2,VAV3,1,1
NLRP2,VCX3B,1,1
NLRP2,ZBED6CL,1,1
NLRP2,ZC3H4,1,1
NLRP2,ZDHHC11B,1,1
NLRP2,ZNF114,1,1
NLRP2,ZNF43,1,1
NLRP2,ZNF503,1,1
NLRP2,ZNF689,1,1
NLRP2,ZNFX1,1,1
NLRP2,ZYG11A,1,1
AGTRAP,AGAP3,1,1
AGTRAP,AKR7A2,1,1
AGTRAP,ANKRD44,1,1
AGTRAP,ARPC1A,1,1
AGTRAP,ATP6V1E1,1,1
AGTRAP,ATP6V1F,1,1
AGTRAP,BCL2L13,1,1
AGTRAP,C16ORF87,1,1
AGTRAP,CAPZB,1,1
AGTRAP,CDC26,1,1
AGTRAP,CEP41,1,1
AGTRAP,CINP,1,1
AGTRAP,COX5B,1,1
AGTRAP,CPN1,1,1
AGTRAP,DCAF4,1,1
AGTRAP,DNAJC16,1,1
AGTRAP,DPF2,1,1
AGTRAP,DUSP4,1,1
AGTRAP,EAPP,1,1
AGTRAP,EIF4G3,1,1
AGTRAP,EPM2AIP1,1,1
AGTRAP,ERGIC3,1,1
AGTRAP,FAM167B,1,1
AGTRAP,FBXO6,1,1
AGTRAP,FERMT2,1,1
AGTRAP,FRMD4B,1,1
AGTRAP,GAB2,1,1
AGTRAP,GYPC,1,1
AGTRAP,HIPK1,1,1
AGTRAP,HPS5,1,1
AGTRAP,HTRA1,1,1
AGTRAP,IGF1R,1,1
AGTRAP,IGF2R,1,1
AGTRAP,IVNS1ABP,1,1
AGTRAP,JAK2,1,1
AGTRAP,KCP,1,1
AGTRAP,LAMP2,1,1
AGTRAP,LAMTOR4,1,1
AGTRAP,LAMTOR5,1,1
AGTRAP,LMF2,1,1
AGTRAP,MARK3,1,1
AGTRAP,MBOAT1,1,1
AGTRAP,MED15,1,1
AGTRAP,MESDC1,1,1
AGTRAP,MFF,1,1
AGTRAP,MGST2,1,1
AGTRAP,MIIP,1,1
AGTRAP,MKRN2,1,1
AGTRAP,MOV10,1,1
AGTRAP,MSL3P1,1,1
AGTRAP,MTOR,1,1
AGTRAP,NADK,1,1
AGTRAP,NBPF26,1,1
AGTRAP,NDUFC2-KCTD14,1,1
AGTRAP,NPC1,1,1
AGTRAP,PEX10,1,1
AGTRAP,PIGO,1,1
AGTRAP,PNKD,1,1
AGTRAP,POLG,1,1
AGTRAP,POMGNT1,1,1
AGTRAP,PTPRK,1,1
AGTRAP,RAB17,1,1
AGTRAP,RCAN3,1,1
AGTRAP,RERE,1,1
AGTRAP,RNF141,1,1
AGTRAP,RPAP2,1,1
AGTRAP,RRBP1,1,1
AGTRAP,SFI1,1,1
AGTRAP,SGCE,1,1
AGTRAP,SGK3,1,1
AGTRAP,SLC22A23,1,1
AGTRAP,SLC23A2,1,1
AGTRAP,SMPD1,1,1
AGTRAP,SNW1,1,1
AGTRAP,SPRY1,1,1
AGTRAP,SQSTM1,1,1
AGTRAP,SRGAP1,1,1
AGTRAP,SRGAP2C,1,1
AGTRAP,STK39,1,1
AGTRAP,STXBP3,1,1
AGTRAP,TCEB3,1,1
AGTRAP,TCTN3,1,1
AGTRAP,TESK2,1,1
AGTRAP,TMEM51,1,1
AGTRAP,TRIM14,1,1
AGTRAP,TRMT12,1,1
AGTRAP,TRPV2,1,1
AGTRAP,TXLNA,1,1
AGTRAP,TXN2,1,1
AGTRAP,UBE4B,1,1
AGTRAP,UGT2B7,1,1
AGTRAP,USP18,1,1
AGTRAP,USP48,1,1
AGTRAP,WDR47,1,1
AGTRAP,ZNF326,1,1
AGTRAP,ZNF814,1,1
PIKFYVE,AC013264.1,1,1
PIKFYVE,ANKRD44,1,1
PIKFYVE,ATP11A,1,1
PIKFYVE,ATP6V1C1,1,1
PIKFYVE,ATP6V1E1,1,1
PIKFYVE,ATRN,1,1
PIKFYVE,CA8,1,1
PIKFYVE,CDC42,1,1
PIKFYVE,DENND1A,1,1
PIKFYVE,DTNBP1,1,1
PIKFYVE,FAM126B,1,1
PIKFYVE,FBXO42,1,1
PIKFYVE,FRMD4B,1,1
PIKFYVE,HIPK1,1,1
PIKFYVE,HSD17B12,1,1
PIKFYVE,KIF1B,1,1
PIKFYVE,LUZP1,1,1
PIKFYVE,LZIC,1,1
PIKFYVE,MAPK1,1,1
PIKFYVE,MLXIP,1,1
PIKFYVE,PTER,1,1
PIKFYVE,RCAN3,1,1
PIKFYVE,RSC1A1,1,1
PIKFYVE,SAMM50,1,1
PIKFYVE,SIRPB1,1,1
PIKFYVE,TMEM51,1,1
PIKFYVE,UBE4B,1,1
GSS,AK2,1,1
GSS,ALAS1,1,1
GSS,ALKBH6,1,1
GSS,ARHGAP28,1,1
GSS,ARHGEF39,1,1
GSS,ATP10B,1,1
GSS,ATXN7L3,1,1
GSS,ATXN7L3B,1,1
GSS,BCAS3,1,1
GSS,C11ORF57,1,1
GSS,C1ORF112,1,1
GSS,C1ORF159,1,1
GSS,C5ORF34,1,1
GSS,CALU,1,1
GSS,CAPRIN2,1,1
GSS,CARD14,1,1
GSS,CARD16,1,1
GSS,CASP8,1,1
GSS,CEP41,1,1
GSS,CHEK2,1,1
GSS,CMAS,1,1
GSS,COG5,1,1
GSS,DDOST,1,1
GSS,DDT,1,1
GSS,DLD,1,1
GSS,DYNC1I1,1,1
GSS,EMC1,1,1
GSS,EN1,1,1
GSS,EYA4,1,1
GSS,FBXO6,1,1
GSS,GDPD1,1,1
GSS,GFPT1,1,1
GSS,GJB1,1,1
GSS,HDLBP,1,1
GSS,HEY1,1,1
GSS,HOXB6,1,1
GSS,IGHVII-30-43,1,1
GSS,ITGAV,1,1
GSS,KDELC1,1,1
GSS,KIAA2013,1,1
GSS,L3MBTL4,1,1
GSS,LACTB2,1,1
GSS,LCP2,1,1
GSS,MCRIP2,1,1
GSS,MGAT5,1,1
GSS,MGST2,1,1
GSS,MIF,1,1
GSS,MINOS1,1,1
GSS,MKLN1,1,1
GSS,MMS19,1,1
GSS,MOV10,1,1
GSS,MRPS5,1,1
GSS,MSL3P1,1,1
GSS,MTMR4,1,1
GSS,MYL12B,1,1
GSS,NDUFA5,1,1
GSS,NSMCE3,1,1
GSS,NUDCD3,1,1
GSS,NUP43,1,1
GSS,OTUD3,1,1
GSS,PANX2,1,1
GSS,PARP9,1,1
GSS,PDCD6,1,1
GSS,PPP1R14C,1,1
GSS,PRKCZ,1,1
GSS,PSMA5,1,1
GSS,PSMB2,1,1
GSS,PXDN,1,1
GSS,RAP1A,1,1
GSS,RIPK4,1,1
GSS,RNF207,1,1
GSS,RNF43,1,1
GSS,RP11-153I24.5,1,1
GSS,RPL39L,1,1
GSS,RPN2,1,1
GSS,RRP7BP,1,1
GSS,SDF4,1,1
GSS,SDHB,1,1
GSS,SLC22A23,1,1
GSS,SLC25A13,1,1
GSS,SLC35F6,1,1
GSS,SLCO5A1,1,1
GSS,SMARCE1,1,1
GSS,SMIM4,1,1
GSS,SNX17,1,1
GSS,SORL1,1,1
GSS,ST8SIA1,1,1
GSS,STRIP2,1,1
GSS,SYNM,1,1
GSS,SYPL1,1,1
GSS,TBCA,1,1
GSS,TBL1X,1,1
GSS,TEAD2,1,1
GSS,TIMM50,1,1
GSS,TIMP3,1,1
GSS,TLE3,1,1
GSS,TMED9,1,1
GSS,TMEM115,1,1
GSS,TMEM242,1,1
GSS,TRABD,1,1
GSS,TRMT2A,1,1
GSS,TSPAN7,1,1
GSS,TTF2,1,1
GSS,TTLL4,1,1
GSS,TUBB2A,1,1
GSS,UFD1L,1,1
GSS,VGF,1,1
GSS,VPS45,1,1
GSS,ZC3HC1,1,1
GSS,ZMYM1,1,1
GSS,ZNF839,1,1
GTPBP1,MPHOSPH9,1,1
C17ORF51,ABCD1,1,1
C17ORF51,AC013264.1,1,1
C17ORF51,AGAP3,1,1
C17ORF51,AKR7A2,1,1
C17ORF51,ANKRD30B,1,1
C17ORF51,ANKRD44,1,1
C17ORF51,ARHGEF34P,1,1
C17ORF51,ARHGEF35,1,1
C17ORF51,ARHGEF5,1,1
C17ORF51,ARMT1,1,1
C17ORF51,ARPC1A,1,1
C17ORF51,ATP11A,1,1
C17ORF51,ATP6V1C1,1,1
C17ORF51,ATP6V1E1,1,1
C17ORF51,ATRN,1,1
C17ORF51,BAIAP2L1,1,1
C17ORF51,BAX,1,1
C17ORF51,BCL2L13,1,1
C17ORF51,BLCAP,1,1
C17ORF51,C7ORF49,1,1
C17ORF51,CA8,1,1
C17ORF51,CALD1,1,1
C17ORF51,CAPZB,1,1
C17ORF51,CBX5,1,1
C17ORF51,CDC25B,1,1
C17ORF51,CDC42,1,1
C17ORF51,CEACAM1,1,1
C17ORF51,CERK,1,1
C17ORF51,CHN2,1,1
C17ORF51,CPN1,1,1
C17ORF51,CTSH,1,1
C17ORF51,DDRGK1,1,1
C17ORF51,DENND1A,1,1
C17ORF51,DNAJC16,1,1
C17ORF51,DPY19L2P2,1,1
C17ORF51,DTNBP1,1,1
C17ORF51,EIF4G3,1,1
C17ORF51,EMILIN2,1,1
C17ORF51,EXOSC10,1,1
C17ORF51,FAM102B,1,1
C17ORF51,FAM118A,1,1
C17ORF51,FAM126B,1,1
C17ORF51,FBXO42,1,1
C17ORF51,FRMD4B,1,1
C17ORF51,FUCA1,1,1
C17ORF51,GRAMD4,1,1
C17ORF51,GUCD1,1,1
C17ORF51,GYPC,1,1
C17ORF51,HAS2,1,1
C17ORF51,HENMT1,1,1
C17ORF51,HIPK1,1,1
C17ORF51,HKR1,1,1
C17ORF51,HMGXB3,1,1
C17ORF51,HMOX1,1,1
C17ORF51,HP1BP3,1,1
C17ORF51,HPS5,1,1
C17ORF51,ICMT,1,1
C17ORF51,IGF1R,1,1
C17ORF51,INF2,1,1
C17ORF51,JAK2,1,1
C17ORF51,KCTD14,1,1
C17ORF51,L3MBTL2,1,1
C17ORF51,LAMA1,1,1
C17ORF51,LAMTOR4,1,1
C17ORF51,LAMTOR5,1,1
C17ORF51,LDLRAD3,1,1
C17ORF51,LINS1,1,1
C17ORF51,LMF2,1,1
C17ORF51,LSM 8.00,1,1
C17ORF51,LUZP1,1,1
C17ORF51,LZIC,1,1
C17ORF51,MAPK1,1,1
C17ORF51,MARK3,1,1
C17ORF51,MED15,1,1
C17ORF51,MESDC1,1,1
C17ORF51,MIIP,1,1
C17ORF51,MLXIP,1,1
C17ORF51,MTOR,1,1
C17ORF51,MUL1,1,1
C17ORF51,NADK,1,1
C17ORF51,NBPF8,1,1
C17ORF51,NDUFC2-KCTD14,1,1
C17ORF51,NMNAT1,1,1
C17ORF51,NPC1,1,1
C17ORF51,PDE4B,1,1
C17ORF51,PEX10,1,1
C17ORF51,PIGO,1,1
C17ORF51,PITHD1,1,1
C17ORF51,PLAG1,1,1
C17ORF51,PNKD,1,1
C17ORF51,POLG,1,1
C17ORF51,POMGNT1,1,1
C17ORF51,PQLC2,1,1
C17ORF51,PRDM2,1,1
C17ORF51,RAB11FIP4,1,1
C17ORF51,RAB17,1,1
C17ORF51,RAB5A,1,1
C17ORF51,RBM19,1,1
C17ORF51,RP11-61N20.3,1,1
C17ORF51,RPAP2,1,1
C17ORF51,RRBP1,1,1
C17ORF51,RUSC2,1,1
C17ORF51,SAMM50,1,1
C17ORF51,SBF1,1,1
C17ORF51,SGCE,1,1
C17ORF51,SGK3,1,1
C17ORF51,SIRPB1,1,1
C17ORF51,SKI,1,1
C17ORF51,SLC23A2,1,1
C17ORF51,SLC25A33,1,1
C17ORF51,SLC2A11,1,1
C17ORF51,SLC37A3,1,1
C17ORF51,SNX8,1,1
C17ORF51,SPRY1,1,1
C17ORF51,SPSB1,1,1
C17ORF51,SQSTM1,1,1
C17ORF51,ST7,1,1
C17ORF51,STK39,1,1
C17ORF51,STXBP3,1,1
C17ORF51,SYCP2,1,1
C17ORF51,TCEB3,1,1
C17ORF51,TESK2,1,1
C17ORF51,TGFBR1,1,1
C17ORF51,TGFBR3,1,1
C17ORF51,TMEM51,1,1
C17ORF51,TRPA1,1,1
C17ORF51,TRPV2,1,1
C17ORF51,TXLNA,1,1
C17ORF51,UBE2J1,1,1
C17ORF51,UBE4B,1,1
C17ORF51,USP48,1,1
C17ORF51,VAMP3,1,1
C17ORF51,VAV3,1,1
C17ORF51,VCP,1,1
C17ORF51,WDR47,1,1
C17ORF51,ZNF43,1,1
C17ORF51,ZNF503,1,1
RERE,AGAP3,1,1
RERE,AKR7A2,1,1
RERE,ARHGAP28,1,1
RERE,ARPC1A,1,1
RERE,ATP6V1E1,1,1
RERE,BCAS3,1,1
RERE,BCL2L13,1,1
RERE,BLCAP,1,1
RERE,CARD16,1,1
RERE,CCDC88A,1,1
RERE,CD164,1,1
RERE,CDC26,1,1
RERE,CEP41,1,1
RERE,CHST11,1,1
RERE,CINP,1,1
RERE,CPN1,1,1
RERE,CUEDC1,1,1
RERE,DNAJC16,1,1
RERE,DUSP4,1,1
RERE,EAPP,1,1
RERE,EARS2,1,1
RERE,EIF4G3,1,1
RERE,EPM2AIP1,1,1
RERE,ERGIC3,1,1
RERE,FAM167B,1,1
RERE,FBXO6,1,1
RERE,FOXRED2,1,1
RERE,FRMD4B,1,1
RERE,GAB2,1,1
RERE,GDPD1,1,1
RERE,GLB1L2,1,1
RERE,HTRA1,1,1
RERE,IGF1R,1,1
RERE,IGF2R,1,1
RERE,JAK2,1,1
RERE,L3MBTL4,1,1
RERE,LAMP2,1,1
RERE,LAMTOR5,1,1
RERE,LHFP,1,1
RERE,LMAN2L,1,1
RERE,MBOAT1,1,1
RERE,MDFIC,1,1
RERE,MGST2,1,1
RERE,MIIP,1,1
RERE,MOV10,1,1
RERE,MSL3P1,1,1
RERE,NBPF26,1,1
RERE,NDUFC2-KCTD14,1,1
RERE,NUDCD3,1,1
RERE,PACSIN2,1,1
RERE,PEX10,1,1
RERE,PIGO,1,1
RERE,POMGNT1,1,1
RERE,PQLC2,1,1
RERE,PTPRK,1,1
RERE,RAB17,1,1
RERE,RCAN3,1,1
RERE,RPAP2,1,1
RERE,RRBP1,1,1
RERE,SDF4,1,1
RERE,SGCE,1,1
RERE,SGK3,1,1
RERE,SH3BP1,1,1
RERE,SLC22A23,1,1
RERE,SLC23A2,1,1
RERE,SLC25A13,1,1
RERE,SLC35F5,1,1
RERE,SNW1,1,1
RERE,SPRY1,1,1
RERE,SQSTM1,1,1
RERE,SRGAP1,1,1
RERE,ST8SIA1,1,1
RERE,STK10,1,1
RERE,STK11IP,1,1
RERE,STXBP3,1,1
RERE,TCEB3,1,1
RERE,TESK2,1,1
RERE,TIMM50,1,1
RERE,TIMP3,1,1
RERE,TRPV2,1,1
RERE,TTF2,1,1
RERE,TXLNA,1,1
RERE,UBE4B,1,1
RERE,UGT2B7,1,1
RERE,VCP,1,1
RERE,WASL,1,1
RERE,WDR47,1,1
RERE,ZNF326,1,1
RERE,ZNF839,1,1
CALU,ABCD4,1,1
CALU,AGAP1,1,1
CALU,AK2,1,1
CALU,ARHGAP28,1,1
CALU,ATG5,1,1
CALU,ATXN7L3B,1,1
CALU,CARD14,1,1
CALU,CASP8,1,1
CALU,CCDC88A,1,1
CALU,CD164,1,1
CALU,EMC1,1,1
CALU,EN1,1,1
CALU,FZD6,1,1
CALU,GDPD1,1,1
CALU,GFPT1,1,1
CALU,GJB1,1,1
CALU,GLDC,1,1
CALU,HDLBP,1,1
CALU,IGHVII-30-43,1,1
CALU,KBTBD2,1,1
CALU,KDELC1,1,1
CALU,KIRREL,1,1
CALU,LCP2,1,1
CALU,MGAT5,1,1
CALU,MKLN1,1,1
CALU,MMS19,1,1
CALU,MRPS5,1,1
CALU,MTMR4,1,1
CALU,NEK6,1,1
CALU,NR4A1,1,1
CALU,OTUD3,1,1
CALU,PANX2,1,1
CALU,PLOD2,1,1
CALU,POU3F2,1,1
CALU,PPFIBP1,1,1
CALU,PRKCZ,1,1
CALU,PSMB2,1,1
CALU,RAP1A,1,1
CALU,RNF125,1,1
CALU,RP11-153I24.5,1,1
CALU,RPN2,1,1
CALU,SDF4,1,1
CALU,SFT2D2,1,1
CALU,SLC25A13,1,1
CALU,SLC4A2,1,1
CALU,SLCO5A1,1,1
CALU,SMIM4,1,1
CALU,SORL1,1,1
CALU,ST8SIA1,1,1
CALU,SUCO,1,1
CALU,SYNM,1,1
CALU,SYPL1,1,1
CALU,TBCA,1,1
CALU,TEAD2,1,1
CALU,TIMP3,1,1
CALU,TMEM164,1,1
CALU,TMEM242,1,1
CALU,TNRC6B,1,1
CALU,TRIM33,1,1
CALU,TRMT2A,1,1
CALU,TUBB2A,1,1
CALU,UCN2,1,1
CALU,UQCC2,1,1
CALU,VGF,1,1
CALU,VPS45,1,1
CALU,WASL,1,1
CALU,ZMYM1,1,1
CALU,ZNF839,1,1
ATP6V0A2,RBM39,1,1
CLTA,ALG1,1,1
CLTA,ATF7IP,1,1
CLTA,CDC25B,1,1
CLTA,CEP131,1,1
CLTA,CKAP4,1,1
CLTA,CLSTN1,1,1
CLTA,EVA1A,1,1
CLTA,FAM20C,1,1
CLTA,METRNL,1,1
CLTA,MRPL58,1,1
CLTA,NBPF1,1,1
CLTA,PSEN2,1,1
CLTA,SLC35B4,1,1
CLTA,ST7,1,1
CLTA,TRAPPC2,1,1
CLTA,WDR91,1,1
CLTA,WTAP,1,1
CLTA,ZNF226,1,1
PRNP,ACOT7,1,1
PRNP,ADAMTS17,1,1
PRNP,ANAPC7,1,1
PRNP,ATAD3A,1,1
PRNP,ATAD3B,1,1
PRNP,ATP10B,1,1
PRNP,ATP5F1,1,1
PRNP,B3GALT6,1,1
PRNP,BAIAP2L2,1,1
PRNP,BCAS2,1,1
PRNP,BLCAP,1,1
PRNP,CADM1,1,1
PRNP,CADPS,1,1
PRNP,CAPZA1,1,1
PRNP,CAPZA2,1,1
PRNP,CARHSP1,1,1
PRNP,CD109,1,1
PRNP,CLIC4,1,1
PRNP,COQ10B,1,1
PRNP,CSDE1,1,1
PRNP,CUL1,1,1
PRNP,DDOST,1,1
PRNP,DGKG,1,1
PRNP,DLD,1,1
PRNP,DNAJC11,1,1
PRNP,DPYSL5,1,1
PRNP,ECE1,1,1
PRNP,EFHD2,1,1
PRNP,EIF5A2,1,1
PRNP,EN1,1,1
PRNP,EXTL3,1,1
PRNP,EYA4,1,1
PRNP,FAM19A3,1,1
PRNP,FAM81A,1,1
PRNP,FIGNL1,1,1
PRNP,FN1,1,1
PRNP,FOXRED2,1,1
PRNP,GALE,1,1
PRNP,GLDC,1,1
PRNP,GLS,1,1
PRNP,GNB1L,1,1
PRNP,GPR157,1,1
PRNP,GPR55,1,1
PRNP,GXYLT1,1,1
PRNP,HERC2P8,1,1
PRNP,HK2,1,1
PRNP,ID3,1,1
PRNP,KIAA2013,1,1
PRNP,KIRREL,1,1
PRNP,LACTB2,1,1
PRNP,LCP2,1,1
PRNP,LDHAP4,1,1
PRNP,LPXN,1,1
PRNP,LRP12,1,1
PRNP,LSR,1,1
PRNP,MAD2L2,1,1
PRNP,MAPK8IP2,1,1
PRNP,MCAT,1,1
PRNP,MCOLN2,1,1
PRNP,MFN2,1,1
PRNP,MGAM2,1,1
PRNP,MLH3,1,1
PRNP,MLLT4,1,1
PRNP,MTFP1,1,1
PRNP,MUL1,1,1
PRNP,NELFCD,1,1
PRNP,NOTCH2,1,1
PRNP,NPAS2,1,1
PRNP,NRROS,1,1
PRNP,NUP50,1,1
PRNP,OR7E38P,1,1
PRNP,ORC5,1,1
PRNP,P3H3,1,1
PRNP,PARK7,1,1
PRNP,PEX26,1,1
PRNP,PLEKHB2,1,1
PRNP,POLR3G,1,1
PRNP,PPFIBP1,1,1
PRNP,PPP4R2,1,1
PRNP,PSMC2,1,1
PRNP,PYGB,1,1
PRNP,RASEF,1,1
PRNP,RBM19,1,1
PRNP,RBM47,1,1
PRNP,RNF19A,1,1
PRNP,RP11-61N20.3,1,1
PRNP,RTCB,1,1
PRNP,RYBP,1,1
PRNP,SDHB,1,1
PRNP,SLC25A33,1,1
PRNP,SLC35F6,1,1
PRNP,SNRNP25,1,1
PRNP,SRM,1,1
PRNP,ST13,1,1
PRNP,STK17A,1,1
PRNP,STK17B,1,1
PRNP,TBC1D4,1,1
PRNP,TIMM50,1,1
PRNP,TMEM144,1,1
PRNP,TMEM201,1,1
PRNP,TMEM64,1,1
PRNP,TMF1,1,1
PRNP,TRIP12,1,1
PRNP,TRMU,1,1
PRNP,TRPV4,1,1
PRNP,UCN2,1,1
PRNP,VCX3A,1,1
PRNP,VDR,1,1
PRNP,WDPCP,1,1
PRNP,WDR77,1,1
PRNP,ZC3H11B,1,1
PRNP,ZNF697,1,1
MC1R,AC009133.22,1,1
MC1R,CEP131,1,1
MC1R,CLSTN1,1,1
MC1R,DET1,1,1
MC1R,EVA1A,1,1
MC1R,GPD1L,1,1
MC1R,LIMD1,1,1
MC1R,MCOLN3,1,1
MC1R,MLF 2.00,1,1
MC1R,MSI2,1,1
MC1R,PRRG1,1,1
MC1R,PYCARD,1,1
MC1R,SCUBE2,1,1
MC1R,SOX13,1,1
MC1R,STIM1,1,1
MC1R,STXBP2,1,1
MC1R,TMEM184B,1,1
MC1R,TP73-AS1,1,1
MMP1,CD36,1,1
GTF3C3,AP1B1,1,1
GTF3C3,ATP6V1E2,1,1
GTF3C3,ELOVL5,1,1
GTF3C3,GET4,1,1
GTF3C3,KDM1A,1,1
GTF3C3,TGFBR2,1,1
GTF3C3,UBA3,1,1
GTF3C3,UQCR10,1,1
GTF3C3,ZBTB8OS,1,1
SLC4A2,CCDC47,1,1
SLC4A2,GJB1,1,1
SLC4A2,HDLBP,1,1
SLC4A2,LMAN2L,1,1
SLC4A2,NCDN,1,1
SLC4A2,NR4A1,1,1
SLC4A2,PARN,1,1
SLC4A2,PPFIBP1,1,1
SLC4A2,RNF125,1,1
SLC4A2,SFT2D2,1,1
SLC4A2,SUCO,1,1
SLC4A2,TRIM33,1,1
SLC4A2,WASL,1,1
SLC4A2,ZC3HAV1,1,1
SLC4A2,ZNF839,1,1
ATG4B,AP5S1,1,1
ATG4B,ARHGAP39,1,1
ATG4B,ARHGEF34P,1,1
ATG4B,ARHGEF5,1,1
ATG4B,CCDC115,1,1
ATG4B,CDK5R1,1,1
ATG4B,CDKN2B,1,1
ATG4B,CEACAM1,1,1
ATG4B,CERK,1,1
ATG4B,COMMD9,1,1
ATG4B,CRY2,1,1
ATG4B,CTD-3214H19.4,1,1
ATG4B,CTSH,1,1
ATG4B,DDRGK1,1,1
ATG4B,EIF5AL1,1,1
ATG4B,EMILIN2,1,1
ATG4B,EML1,1,1
ATG4B,FAM219A,1,1
ATG4B,FKTN,1,1
ATG4B,FUT4,1,1
ATG4B,GPD1L,1,1
ATG4B,GRAMD4,1,1
ATG4B,GTF2H1,1,1
ATG4B,HAS2,1,1
ATG4B,HENMT1,1,1
ATG4B,HP1BP3,1,1
ATG4B,ICMT,1,1
ATG4B,LINS1,1,1
ATG4B,MBP,1,1
ATG4B,MCOLN3,1,1
ATG4B,MFGE8,1,1
ATG4B,NAPB,1,1
ATG4B,NAV2,1,1
ATG4B,NMNAT1,1,1
ATG4B,PDE4B,1,1
ATG4B,PGD,1,1
ATG4B,PITHD1,1,1
ATG4B,PRDM2,1,1
ATG4B,PRKCA,1,1
ATG4B,PTDSS2,1,1
ATG4B,PYCARD,1,1
ATG4B,RAB11FIP4,1,1
ATG4B,RBBP4,1,1
ATG4B,RGS1,1,1
ATG4B,RUNX3,1,1
ATG4B,SBF1,1,1
ATG4B,SIRPA,1,1
ATG4B,SLC27A3,1,1
ATG4B,SLC2A11,1,1
ATG4B,SLC44A3,1,1
ATG4B,SNPH,1,1
ATG4B,SOX13,1,1
ATG4B,SS18L1,1,1
ATG4B,STIM1,1,1
ATG4B,STXBP2,1,1
ATG4B,TALDO1,1,1
ATG4B,TMEM184B,1,1
ATG4B,TMEM9B,1,1
ATG4B,TPRG1L,1,1
ATG4B,TRPA1,1,1
ATG4B,VAMP3,1,1
ATG4B,VANGL1,1,1
ATG4B,ZC3H4,1,1
ATG4B,ZNF43,1,1
MBOAT1,AGAP3,1,1
MBOAT1,ARPC1A,1,1
MBOAT1,ATP6V1C1,1,1
MBOAT1,ATP6V1E1,1,1
MBOAT1,ATP6V1F,1,1
MBOAT1,BCL2L13,1,1
MBOAT1,C16ORF87,1,1
MBOAT1,CCDC88A,1,1
MBOAT1,CDC25B,1,1
MBOAT1,CDC26,1,1
MBOAT1,CTNNBIP1,1,1
MBOAT1,DDI2,1,1
MBOAT1,EAPP,1,1
MBOAT1,EARS2,1,1
MBOAT1,EFCAB2,1,1
MBOAT1,EIF4G3,1,1
MBOAT1,EPM2AIP1,1,1
MBOAT1,FRMD4B,1,1
MBOAT1,GALNS,1,1
MBOAT1,GLB1L2,1,1
MBOAT1,HPS5,1,1
MBOAT1,HTRA1,1,1
MBOAT1,IGF1R,1,1
MBOAT1,IGF2R,1,1
MBOAT1,IL16,1,1
MBOAT1,INF2,1,1
MBOAT1,JAK2,1,1
MBOAT1,KIF16B,1,1
MBOAT1,LAMP2,1,1
MBOAT1,LAMTOR5,1,1
MBOAT1,MAPK1,1,1
MBOAT1,MARK3,1,1
MBOAT1,MESDC1,1,1
MBOAT1,METRNL,1,1
MBOAT1,MTA1,1,1
MBOAT1,NADK,1,1
MBOAT1,NDUFC2-KCTD14,1,1
MBOAT1,NT5DC1,1,1
MBOAT1,PEX10,1,1
MBOAT1,PIGO,1,1
MBOAT1,PLCD3,1,1
MBOAT1,PQLC2,1,1
MBOAT1,PSEN2,1,1
MBOAT1,PTPRK,1,1
MBOAT1,RRBP1,1,1
MBOAT1,SGCE,1,1
MBOAT1,SGK3,1,1
MBOAT1,SLC23A2,1,1
MBOAT1,SLC45A2,1,1
MBOAT1,ST7,1,1
MBOAT1,STK10,1,1
MBOAT1,STXBP3,1,1
MBOAT1,SYNPO,1,1
MBOAT1,TCEB3,1,1
MBOAT1,TCTN3,1,1
MBOAT1,TESK2,1,1
MBOAT1,TMEM51,1,1
MBOAT1,TNKS1BP1,1,1
MBOAT1,TRMT12,1,1
MBOAT1,TRPV2,1,1
MBOAT1,TXLNA,1,1
MBOAT1,UBE4B,1,1
MBOAT1,USP48,1,1
MBOAT1,VCP,1,1
MBOAT1,ZNF326,1,1
MBOAT1,ZNF672,1,1
HDLBP,ABCD4,1,1
HDLBP,AK2,1,1
HDLBP,ALAS1,1,1
HDLBP,ARHGAP28,1,1
HDLBP,ATG5,1,1
HDLBP,ATXN7L3B,1,1
HDLBP,C11ORF57,1,1
HDLBP,C1ORF112,1,1
HDLBP,CARD14,1,1
HDLBP,CCDC88A,1,1
HDLBP,EMC1,1,1
HDLBP,GDPD1,1,1
HDLBP,GFPT1,1,1
HDLBP,GJB1,1,1
HDLBP,IGHVII-30-43,1,1
HDLBP,KDELC1,1,1
HDLBP,LCP2,1,1
HDLBP,MGAT5,1,1
HDLBP,MKLN1,1,1
HDLBP,MMS19,1,1
HDLBP,MRPS5,1,1
HDLBP,NEK6,1,1
HDLBP,OTUD3,1,1
HDLBP,PANX2,1,1
HDLBP,POU3F2,1,1
HDLBP,PPFIBP1,1,1
HDLBP,PRKCZ,1,1
HDLBP,PSMB2,1,1
HDLBP,PXDN,1,1
HDLBP,RNF125,1,1
HDLBP,RP11-153I24.5,1,1
HDLBP,SDF4,1,1
HDLBP,SLC25A13,1,1
HDLBP,SLCO5A1,1,1
HDLBP,SMIM4,1,1
HDLBP,SORL1,1,1
HDLBP,ST8SIA1,1,1
HDLBP,SYNM,1,1
HDLBP,SYPL1,1,1
HDLBP,TBCA,1,1
HDLBP,TEAD2,1,1
HDLBP,TIMP3,1,1
HDLBP,TMEM164,1,1
HDLBP,TMEM242,1,1
HDLBP,TNRC6B,1,1
HDLBP,TRIM33,1,1
HDLBP,TRMT2A,1,1
HDLBP,TUBB2A,1,1
HDLBP,VGF,1,1
HDLBP,VPS45,1,1
HDLBP,WASL,1,1
HDLBP,ZMYM1,1,1
HDLBP,ZNF839,1,1
RALB,ABHD2,1,1
RALB,AGA,1,1
RALB,ANKRD27,1,1
RALB,AP1S3,1,1
RALB,ATN1,1,1
RALB,BMP8B,1,1
RALB,CCNO,1,1
RALB,DFFA,1,1
RALB,DTX3L,1,1
RALB,EPHA4,1,1
RALB,MCTP1,1,1
RALB,MKRN3,1,1
RALB,MMACHC,1,1
RALB,MTERF1,1,1
RALB,NAB1,1,1
RALB,NT5DC3,1,1
RALB,NT5E,1,1
RALB,PGAP2,1,1
RALB,PLCB4,1,1
RALB,POLE4,1,1
RALB,PPP4R2,1,1
RALB,RP11-299H22.3,1,1
RALB,RTFDC1,1,1
RALB,SLC4A4,1,1
RALB,TMEM161B,1,1
RALB,TSN,1,1
LSM 4.00,ABHD12,1,1
LSM 4.00,ARHGAP23,1,1
LSM 4.00,ARHGEF35,1,1
LSM 4.00,ARHGEF5,1,1
LSM 4.00,BTN2A2,1,1
LSM 4.00,CD36,1,1
LSM 4.00,CD40,1,1
LSM 4.00,EIF5AL1,1,1
LSM 4.00,EMILIN2,1,1
LSM 4.00,FAM102B,1,1
LSM 4.00,FRAS1,1,1
LSM 4.00,HENMT1,1,1
LSM 4.00,ICMT,1,1
LSM 4.00,KCTD14,1,1
LSM 4.00,LDLRAD3,1,1
LSM 4.00,LINS1,1,1
LSM 4.00,LONRF3,1,1
LSM 4.00,MAFF,1,1
LSM 4.00,MERTK,1,1
LSM 4.00,MME,1,1
LSM 4.00,MYB,1,1
LSM 4.00,NDUFA10,1,1
LSM 4.00,PDE4B,1,1
LSM 4.00,PHGDH,1,1
LSM 4.00,PNRC2,1,1
LSM 4.00,RGS1,1,1
LSM 4.00,RP11-327P2.7,1,1
LSM 4.00,RPL11,1,1
LSM 4.00,RSBN1,1,1
LSM 4.00,SIRPB1,1,1
LSM 4.00,SLC46A3,1,1
LSM 4.00,STAT1,1,1
LSM 4.00,ZNF43,1,1
STARD7,CAP1,1,1
STARD7,CRKL,1,1
STARD7,ECHDC1,1,1
STARD7,FAM110A,1,1
STARD7,GATAD2A,1,1
STARD7,GCLM,1,1
STARD7,GLT8D1,1,1
STARD7,HNRNPR,1,1
STARD7,RSC1A1,1,1
STARD7,SFMBT1,1,1
STARD7,TFIP11,1,1
STARD7,TGFBRAP1,1,1
RCAN3,ABCD1,1,1
RCAN3,ACOT7,1,1
RCAN3,ADAMTS17,1,1
RCAN3,AKR7A2,1,1
RCAN3,ANKRD44,1,1
RCAN3,ARFGEF2,1,1
RCAN3,ARHGEF39,1,1
RCAN3,ARMT1,1,1
RCAN3,ARPC1A,1,1
RCAN3,ATOX1,1,1
RCAN3,ATP10B,1,1
RCAN3,ATP11A,1,1
RCAN3,ATP5F1,1,1
RCAN3,ATP6V1C1,1,1
RCAN3,ATP6V1E1,1,1
RCAN3,BAIAP2L2,1,1
RCAN3,BCAS3,1,1
RCAN3,BCL2L13,1,1
RCAN3,BLCAP,1,1
RCAN3,C1ORF112,1,1
RCAN3,CADM1,1,1
RCAN3,CALD1,1,1
RCAN3,CAPZA2,1,1
RCAN3,CAPZB,1,1
RCAN3,CARD16,1,1
RCAN3,CARHSP1,1,1
RCAN3,CCDC134,1,1
RCAN3,CCDC88A,1,1
RCAN3,CD109,1,1
RCAN3,CDC42,1,1
RCAN3,CEP41,1,1
RCAN3,CGN,1,1
RCAN3,CHST11,1,1
RCAN3,COG5,1,1
RCAN3,CPN1,1,1
RCAN3,DDOST,1,1
RCAN3,DNAJC11,1,1
RCAN3,DNAJC16,1,1
RCAN3,DPYSL5,1,1
RCAN3,DTNBP1,1,1
RCAN3,DUSP4,1,1
RCAN3,EARS2,1,1
RCAN3,EIF4G3,1,1
RCAN3,EIF5A2,1,1
RCAN3,ENHO,1,1
RCAN3,ERGIC3,1,1
RCAN3,EXOSC10,1,1
RCAN3,FAM167B,1,1
RCAN3,FAM19A3,1,1
RCAN3,FBXO42,1,1
RCAN3,FBXO6,1,1
RCAN3,FN1,1,1
RCAN3,FOXRED2,1,1
RCAN3,FRMD4B,1,1
RCAN3,GAB2,1,1
RCAN3,GALE,1,1
RCAN3,GPR157,1,1
RCAN3,GYPC,1,1
RCAN3,HERC2P8,1,1
RCAN3,HEY1,1,1
RCAN3,HIPK1,1,1
RCAN3,HPS5,1,1
RCAN3,HSD17B12,1,1
RCAN3,IGF2R,1,1
RCAN3,IMMP2L,1,1
RCAN3,ITGAV,1,1
RCAN3,JAK2,1,1
RCAN3,KIAA2013,1,1
RCAN3,KIF1B,1,1
RCAN3,L3MBTL4,1,1
RCAN3,LACTB2,1,1
RCAN3,LAMA1,1,1
RCAN3,LAMP2,1,1
RCAN3,LAMTOR5,1,1
RCAN3,LHFP,1,1
RCAN3,LPXN,1,1
RCAN3,LUZP1,1,1
RCAN3,LZIC,1,1
RCAN3,MAPK1,1,1
RCAN3,MAPK8IP2,1,1
RCAN3,MDFIC,1,1
RCAN3,MED15,1,1
RCAN3,MFF,1,1
RCAN3,MFN2,1,1
RCAN3,MGST2,1,1
RCAN3,MIIP,1,1
RCAN3,MLH3,1,1
RCAN3,MLLT4,1,1
RCAN3,MLXIP,1,1
RCAN3,MOV10,1,1
RCAN3,MRFAP1,1,1
RCAN3,MSL3P1,1,1
RCAN3,MTOR,1,1
RCAN3,MUL1,1,1
RCAN3,NBPF26,1,1
RCAN3,NBPF8,1,1
RCAN3,NDUFC2-KCTD14,1,1
RCAN3,NOL4L,1,1
RCAN3,NRROS,1,1
RCAN3,NUDCD3,1,1
RCAN3,PACSIN2,1,1
RCAN3,PARK7,1,1
RCAN3,PDK3,1,1
RCAN3,PEX10,1,1
RCAN3,PEX26,1,1
RCAN3,PHTF1,1,1
RCAN3,PNKD,1,1
RCAN3,POT1,1,1
RCAN3,PQLC2,1,1
RCAN3,PTPRK,1,1
RCAN3,RAB17,1,1
RCAN3,RBM47,1,1
RCAN3,RP11-61N20.3,1,1
RCAN3,RPAP2,1,1
RCAN3,RRBP1,1,1
RCAN3,RYBP,1,1
RCAN3,SAMM50,1,1
RCAN3,SDHB,1,1
RCAN3,SEMA4F,1,1
RCAN3,SGCE,1,1
RCAN3,SGK3,1,1
RCAN3,SH3BP1,1,1
RCAN3,SLC22A23,1,1
RCAN3,SLC25A33,1,1
RCAN3,SLC35F5,1,1
RCAN3,SMPD1,1,1
RCAN3,SPRY1,1,1
RCAN3,SRGAP2C,1,1
RCAN3,STXBP3,1,1
RCAN3,TBC1D4,1,1
RCAN3,TCEB3,1,1
RCAN3,TESK2,1,1
RCAN3,TIMM50,1,1
RCAN3,TMEM51,1,1
RCAN3,TMF1,1,1
RCAN3,TRPV2,1,1
RCAN3,TTF2,1,1
RCAN3,TUBB2A,1,1
RCAN3,TXLNA,1,1
RCAN3,TXN2,1,1
RCAN3,UBE2J1,1,1
RCAN3,UBE4B,1,1
RCAN3,UGT2B7,1,1
RCAN3,USP32,1,1
RCAN3,VAV3,1,1
RCAN3,VCP,1,1
RCAN3,VCX3A,1,1
RCAN3,WASL,1,1
RCAN3,WDR47,1,1
RCAN3,ZC3H11B,1,1
RCAN3,ZNF503,1,1
RCAN3,ZNF697,1,1
SPR,AGFG1,1,1
SPR,ANKRD27,1,1
SPR,AP1B1,1,1
SPR,AP1S3,1,1
SPR,APITD1,1,1
SPR,ARMC10,1,1
SPR,ASCC2,1,1
SPR,ATAD3A,1,1
SPR,ATP5F1,1,1
SPR,ATP6V0B,1,1
SPR,ATP6V1E2,1,1
SPR,AURKAIP1,1,1
SPR,BCAS2,1,1
SPR,CADM1,1,1
SPR,CADPS,1,1
SPR,CAPZA1,1,1
SPR,CDK5,1,1
SPR,CLDN12,1,1
SPR,CMAS,1,1
SPR,COQ10B,1,1
SPR,CSDE1,1,1
SPR,DDOST,1,1
SPR,DDT,1,1
SPR,DGKG,1,1
SPR,DLD,1,1
SPR,DPYSL5,1,1
SPR,EFHD2,1,1
SPR,EIF3D,1,1
SPR,ELOVL5,1,1
SPR,EYA4,1,1
SPR,FAM81A,1,1
SPR,FAM91A1,1,1
SPR,FIGNL1,1,1
SPR,GET4,1,1
SPR,GLS,1,1
SPR,GNB1L,1,1
SPR,GSR,1,1
SPR,GTPBP10,1,1
SPR,GXYLT1,1,1
SPR,HEY1,1,1
SPR,HOXD4,1,1
SPR,HSPE1P3,1,1
SPR,ID3,1,1
SPR,KDM1A,1,1
SPR,KIAA2013,1,1
SPR,KIF7,1,1
SPR,LDHAP3,1,1
SPR,LDHAP4,1,1
SPR,LRRC37A2,1,1
SPR,LSR,1,1
SPR,LYPLA2,1,1
SPR,MAD2L2,1,1
SPR,MCAT,1,1
SPR,MCOLN2,1,1
SPR,MRFAP1L1,1,1
SPR,MTFP1,1,1
SPR,NCKAP1,1,1
SPR,NDUFB3,1,1
SPR,NIPAL3,1,1
SPR,NPAS2,1,1
SPR,NUP205,1,1
SPR,NUP43,1,1
SPR,NUP50,1,1
SPR,OPA1,1,1
SPR,OR7E38P,1,1
SPR,ORC5,1,1
SPR,P3H3,1,1
SPR,PARK7,1,1
SPR,PITPNM2,1,1
SPR,PLCB4,1,1
SPR,POLR2J,1,1
SPR,POLR3G,1,1
SPR,PPP4R2,1,1
SPR,PSMA5,1,1
SPR,PSMC2,1,1
SPR,PYGB,1,1
SPR,RALY,1,1
SPR,RLBP1,1,1
SPR,RNF19A,1,1
SPR,RTCB,1,1
SPR,SHQ1,1,1
SPR,SLC25A17,1,1
SPR,SLC35F6,1,1
SPR,SRM,1,1
SPR,ST13,1,1
SPR,STK17A,1,1
SPR,STK17B,1,1
SPR,STK38L,1,1
SPR,STOML2,1,1
SPR,TMEM144,1,1
SPR,TMF1,1,1
SPR,TRIP12,1,1
SPR,TRPV4,1,1
SPR,UBA3,1,1
SPR,VDR,1,1
SPR,WARS2,1,1
SPR,WDR77,1,1
SPR,XPC,1,1
SPR,XRCC1,1,1
SPR,ZC3H11B,1,1
SPR,ZNF697,1,1
OTUD3,ABCD4,1,1
OTUD3,AK2,1,1
OTUD3,ALDH1B1,1,1
OTUD3,ANAPC7,1,1
OTUD3,ARHGAP28,1,1
OTUD3,ATAD3A,1,1
OTUD3,ATG5,1,1
OTUD3,ATP10B,1,1
OTUD3,ATXN7L3B,1,1
OTUD3,B3GALT6,1,1
OTUD3,BAIAP2L2,1,1
OTUD3,C1ORF112,1,1
OTUD3,CAPZA2,1,1
OTUD3,CASP8,1,1
OTUD3,CD164,1,1
OTUD3,CEP41,1,1
OTUD3,CHEK2,1,1
OTUD3,CSDE1,1,1
OTUD3,CSNK1G2,1,1
OTUD3,CUL1,1,1
OTUD3,DDOST,1,1
OTUD3,DLD,1,1
OTUD3,DNAJC11,1,1
OTUD3,ECE1,1,1
OTUD3,EIF5A2,1,1
OTUD3,EMC1,1,1
OTUD3,EN1,1,1
OTUD3,EVL,1,1
OTUD3,EXTL3,1,1
OTUD3,EYA4,1,1
OTUD3,FOXRED2,1,1
OTUD3,FZD6,1,1
OTUD3,GFPT1,1,1
OTUD3,GJB1,1,1
OTUD3,GLDC,1,1
OTUD3,HEY1,1,1
OTUD3,HK2,1,1
OTUD3,IGF2BP3,1,1
OTUD3,IGHVII-30-43,1,1
OTUD3,KBTBD2,1,1
OTUD3,KDELC1,1,1
OTUD3,KIAA2013,1,1
OTUD3,KIRREL,1,1
OTUD3,KLHDC2,1,1
OTUD3,L3MBTL4,1,1
OTUD3,LACTB2,1,1
OTUD3,LCP2,1,1
OTUD3,LMAN2L,1,1
OTUD3,LPXN,1,1
OTUD3,LRP12,1,1
OTUD3,MDFIC,1,1
OTUD3,MFN2,1,1
OTUD3,MGAT5,1,1
OTUD3,MLH3,1,1
OTUD3,MMS19,1,1
OTUD3,MSL3P1,1,1
OTUD3,MTMR4,1,1
OTUD3,NBPF26,1,1
OTUD3,NDUFA5,1,1
OTUD3,NEK6,1,1
OTUD3,NELFCD,1,1
OTUD3,NR4A1,1,1
OTUD3,NSMCE3,1,1
OTUD3,NUP43,1,1
OTUD3,PABPC4,1,1
OTUD3,PANX2,1,1
OTUD3,PARL,1,1
OTUD3,PLOD2,1,1
OTUD3,PPFIBP1,1,1
OTUD3,PPP1R14C,1,1
OTUD3,PRKCZ,1,1
OTUD3,PSMA5,1,1
OTUD3,PSMB2,1,1
OTUD3,PSMC2,1,1
OTUD3,PTDSS1,1,1
OTUD3,PTPRK,1,1
OTUD3,PXDN,1,1
OTUD3,RBM28,1,1
OTUD3,RBM47,1,1
OTUD3,RCC2,1,1
OTUD3,RNF125,1,1
OTUD3,RNF207,1,1
OTUD3,RP11-153I24.5,1,1
OTUD3,RPN2,1,1
OTUD3,RRP7BP,1,1
OTUD3,RTCB,1,1
OTUD3,SDF4,1,1
OTUD3,SDHB,1,1
OTUD3,SFT2D2,1,1
OTUD3,SLC16A1,1,1
OTUD3,SLC25A13,1,1
OTUD3,SLC30A1,1,1
OTUD3,SLC35F5,1,1
OTUD3,SLC35F6,1,1
OTUD3,SLC5A6,1,1
OTUD3,SLCO5A1,1,1
OTUD3,SORL1,1,1
OTUD3,ST8SIA1,1,1
OTUD3,STK11IP,1,1
OTUD3,STK17B,1,1
OTUD3,STRIP2,1,1
OTUD3,SUCO,1,1
OTUD3,SYNM,1,1
OTUD3,SYPL1,1,1
OTUD3,TBCA,1,1
OTUD3,TBL1X,1,1
OTUD3,TEAD2,1,1
OTUD3,TIMM50,1,1
OTUD3,TIMP3,1,1
OTUD3,TLE3,1,1
OTUD3,TMED9,1,1
OTUD3,TMEM164,1,1
OTUD3,TMEM242,1,1
OTUD3,TMEM38B,1,1
OTUD3,TRABD,1,1
OTUD3,TRIM33,1,1
OTUD3,TRMT2A,1,1
OTUD3,TRMU,1,1
OTUD3,TTF2,1,1
OTUD3,TUBB2A,1,1
OTUD3,UCN2,1,1
OTUD3,UFD1L,1,1
OTUD3,VGF,1,1
OTUD3,VPS45,1,1
OTUD3,WASL,1,1
OTUD3,WDPCP,1,1
OTUD3,ZC3H11B,1,1
OTUD3,ZC3HAV1,1,1
OTUD3,ZMYM1,1,1
OTUD3,ZNF561,1,1
OTUD3,ZNF697,1,1
OTUD3,ZNF839,1,1
POPDC3,CADM1,1,1
POPDC3,CLIC4,1,1
POPDC3,ECE1,1,1
POPDC3,FN1,1,1
POPDC3,PYGB,1,1
POPDC3,RNF19A,1,1
POPDC3,YIPF4,1,1
BMP2K,ATL1,1,1
BMP2K,C15ORF41,1,1
BMP2K,CDKN2D,1,1
BMP2K,COL4A5,1,1
BMP2K,CPEB1,1,1
BMP2K,CRTC3,1,1
BMP2K,DUS2,1,1
BMP2K,EPB41,1,1
BMP2K,LRBA,1,1
BMP2K,LRRK1,1,1
BMP2K,MFSD9,1,1
BMP2K,PARVA,1,1
BMP2K,PIK3CD,1,1
BMP2K,RAB34,1,1
BMP2K,RNF145,1,1
BMP2K,SHC1,1,1
BMP2K,SLC25A4,1,1
BMP2K,SLC35B1,1,1
BMP2K,TAF7,1,1
BMP2K,TNFRSF10B,1,1
BMP2K,TRIM65,1,1
BMP2K,TRPS1,1,1
BMP2K,ZNF644,1,1
BMP2K,ZNF703,1,1
AL513523.2,ABCD1,1,1
AL513523.2,ABHD12,1,1
AL513523.2,ABHD2,1,1
AL513523.2,ACAN,1,1
AL513523.2,ACOT7,1,1
AL513523.2,ADAMTS17,1,1
AL513523.2,AK6,1,1
AL513523.2,AKR7A2,1,1
AL513523.2,AL513523.1,1,1
AL513523.2,ALDH1A1,1,1
AL513523.2,AMPH,1,1
AL513523.2,ANAPC5,1,1
AL513523.2,ANKRD30B,1,1
AL513523.2,ARFGEF2,1,1
AL513523.2,ARHGEF35,1,1
AL513523.2,ARMT1,1,1
AL513523.2,ASRGL1,1,1
AL513523.2,ATAD3B,1,1
AL513523.2,ATP6V0D2,1,1
AL513523.2,BACE1,1,1
AL513523.2,BICDL1,1,1
AL513523.2,BIRC7,1,1
AL513523.2,BLCAP,1,1
AL513523.2,BMP8B,1,1
AL513523.2,C1ORF174,1,1
AL513523.2,C3ORF14,1,1
AL513523.2,CADM1,1,1
AL513523.2,CAPG,1,1
AL513523.2,CARHSP1,1,1
AL513523.2,CCDC141,1,1
AL513523.2,CCNA1,1,1
AL513523.2,CD109,1,1
AL513523.2,CD36,1,1
AL513523.2,CEACAM1,1,1
AL513523.2,CHN2,1,1
AL513523.2,CIB1,1,1
AL513523.2,CLDN14,1,1
AL513523.2,COL4A2,1,1
AL513523.2,COPS8,1,1
AL513523.2,CPTP,1,1
AL513523.2,CSF2RA,1,1
AL513523.2,DAZ1,1,1
AL513523.2,DBF4B,1,1
AL513523.2,DDRGK1,1,1
AL513523.2,DFFA,1,1
AL513523.2,DNAJC11,1,1
AL513523.2,DPY19L2P2,1,1
AL513523.2,DPYSL5,1,1
AL513523.2,DTX3L,1,1
AL513523.2,ECE1,1,1
AL513523.2,EEFSEC,1,1
AL513523.2,EIF5A2,1,1
AL513523.2,EMILIN2,1,1
AL513523.2,ENHO,1,1
AL513523.2,ENPP1,1,1
AL513523.2,ENTPD6,1,1
AL513523.2,EPHA4,1,1
AL513523.2,EXOSC10,1,1
AL513523.2,FAAP20,1,1
AL513523.2,FAM102B,1,1
AL513523.2,FAM118A,1,1
AL513523.2,FAM19A3,1,1
AL513523.2,FANCI,1,1
AL513523.2,FEZF1,1,1
AL513523.2,FN1,1,1
AL513523.2,FRG2DP,1,1
AL513523.2,GALE,1,1
AL513523.2,GDAP2,1,1
AL513523.2,GNB1L,1,1
AL513523.2,GPHN,1,1
AL513523.2,GPR157,1,1
AL513523.2,GPR55,1,1
AL513523.2,HENMT1,1,1
AL513523.2,HERC2P5,1,1
AL513523.2,HERC2P8,1,1
AL513523.2,HKR1,1,1
AL513523.2,HSD17B11,1,1
AL513523.2,HSPA8P1,1,1
AL513523.2,HSPA8P8,1,1
AL513523.2,HSPA8P9,1,1
AL513523.2,INTS3,1,1
AL513523.2,KCTD14,1,1
AL513523.2,KLHL21,1,1
AL513523.2,LAMA1,1,1
AL513523.2,LHX8,1,1
AL513523.2,LIMK2,1,1
AL513523.2,LINS1,1,1
AL513523.2,LMF2,1,1
AL513523.2,LONRF3,1,1
AL513523.2,LPXN,1,1
AL513523.2,LRRC47,1,1
AL513523.2,LRRC61,1,1
AL513523.2,LSR,1,1
AL513523.2,LYPLA2,1,1
AL513523.2,MAFF,1,1
AL513523.2,MCM3,1,1
AL513523.2,MCOLN2,1,1
AL513523.2,MERTK,1,1
AL513523.2,MFF,1,1
AL513523.2,MGAM2,1,1
AL513523.2,MKRN3,1,1
AL513523.2,MMP8,1,1
AL513523.2,MORN1,1,1
AL513523.2,MOXD1,1,1
AL513523.2,MRFAP1,1,1
AL513523.2,NBPF8,1,1
AL513523.2,NOL4L,1,1
AL513523.2,NOTCH2,1,1
AL513523.2,NPPC,1,1
AL513523.2,NRROS,1,1
AL513523.2,PARK7,1,1
AL513523.2,PCSK2,1,1
AL513523.2,PDE4B,1,1
AL513523.2,PEX14,1,1
AL513523.2,PHGDH,1,1
AL513523.2,PIK3R3,1,1
AL513523.2,PIM3,1,1
AL513523.2,PLA2G6,1,1
AL513523.2,PLEKHA7,1,1
AL513523.2,PPP4R2,1,1
AL513523.2,PRKG2,1,1
AL513523.2,PYGB,1,1
AL513523.2,RASEF,1,1
AL513523.2,RBM19,1,1
AL513523.2,RBX1,1,1
AL513523.2,RER1,1,1
AL513523.2,RP11-119J18.1,1,1
AL513523.2,RP11-327P2.7,1,1
AL513523.2,RP11-61N20.3,1,1
AL513523.2,RPA2,1,1
AL513523.2,RPH3A,1,1
AL513523.2,RPL11,1,1
AL513523.2,RPS6KA5,1,1
AL513523.2,RTFDC1,1,1
AL513523.2,RYBP,1,1
AL513523.2,SAMM50,1,1
AL513523.2,SCIN,1,1
AL513523.2,SCML4,1,1
AL513523.2,SEC22B,1,1
AL513523.2,SERGEF,1,1
AL513523.2,SIRPB1,1,1
AL513523.2,SLAMF7,1,1
AL513523.2,SLC25A33,1,1
AL513523.2,SLC2A11,1,1
AL513523.2,SLC46A3,1,1
AL513523.2,SNRNP25,1,1
AL513523.2,SRM,1,1
AL513523.2,SS18L1,1,1
AL513523.2,STAT1,1,1
AL513523.2,SYCP2,1,1
AL513523.2,TBC1D4,1,1
AL513523.2,TMC3,1,1
AL513523.2,TMEM144,1,1
AL513523.2,TMEM201,1,1
AL513523.2,TMEM64,1,1
AL513523.2,TP73,1,1
AL513523.2,TRIB1,1,1
AL513523.2,TRPA1,1,1
AL513523.2,TRPV4,1,1
AL513523.2,TUB,1,1
AL513523.2,UBE2J1,1,1
AL513523.2,VAPB,1,1
AL513523.2,VAV3,1,1
AL513523.2,VCX3B,1,1
AL513523.2,WARS2,1,1
AL513523.2,ZBED6CL,1,1
AL513523.2,ZDHHC11B,1,1
AL513523.2,ZNF114,1,1
AL513523.2,ZNF43,1,1
AL513523.2,ZNF503,1,1
AL513523.2,ZNF689,1,1
AL513523.2,ZYG11A,1,1
CAPZB,ABCD1,1,1
CAPZB,AC013264.1,1,1
CAPZB,ACOT7,1,1
CAPZB,ADAMTS17,1,1
CAPZB,AKR7A2,1,1
CAPZB,ALDH1A1,1,1
CAPZB,AMPH,1,1
CAPZB,ANKRD30B,1,1
CAPZB,ANKRD44,1,1
CAPZB,ARFGEF2,1,1
CAPZB,ARHGEF35,1,1
CAPZB,ARMT1,1,1
CAPZB,ARPC1A,1,1
CAPZB,ASRGL1,1,1
CAPZB,ATOX1,1,1
CAPZB,ATP11A,1,1
CAPZB,ATP6V1C1,1,1
CAPZB,ATP6V1E1,1,1
CAPZB,BAIAP2L1,1,1
CAPZB,BCL2L13,1,1
CAPZB,BICDL1,1,1
CAPZB,BLCAP,1,1
CAPZB,CA8,1,1
CAPZB,CALD1,1,1
CAPZB,CARD16,1,1
CAPZB,CARHSP1,1,1
CAPZB,CCDC134,1,1
CAPZB,CD109,1,1
CAPZB,CD36,1,1
CAPZB,CD40,1,1
CAPZB,CDC42,1,1
CAPZB,CEACAM1,1,1
CAPZB,CHN2,1,1
CAPZB,COX5B,1,1
CAPZB,CPN1,1,1
CAPZB,DNAJC16,1,1
CAPZB,DPY19L2P2,1,1
CAPZB,DTNBP1,1,1
CAPZB,EARS2,1,1
CAPZB,EIF4G3,1,1
CAPZB,EMILIN2,1,1
CAPZB,ENHO,1,1
CAPZB,ERP29,1,1
CAPZB,EXOSC10,1,1
CAPZB,FAM102B,1,1
CAPZB,FAM126B,1,1
CAPZB,FAM167B,1,1
CAPZB,FBXO42,1,1
CAPZB,FBXO6,1,1
CAPZB,FRMD4B,1,1
CAPZB,FUCA1,1,1
CAPZB,GALE,1,1
CAPZB,GPR157,1,1
CAPZB,GRAMD4,1,1
CAPZB,GYPC,1,1
CAPZB,HAS2,1,1
CAPZB,HPS5,1,1
CAPZB,HSD17B12,1,1
CAPZB,IL16,1,1
CAPZB,IMMP2L,1,1
CAPZB,INF2,1,1
CAPZB,JAK2,1,1
CAPZB,KCTD14,1,1
CAPZB,KIF1B,1,1
CAPZB,LAMA1,1,1
CAPZB,LAMP2,1,1
CAPZB,LAMTOR4,1,1
CAPZB,LAMTOR5,1,1
CAPZB,LDLRAD3,1,1
CAPZB,LMF2,1,1
CAPZB,LONRF3,1,1
CAPZB,LSM 8.00,1,1
CAPZB,LUZP1,1,1
CAPZB,LZIC,1,1
CAPZB,MAPK1,1,1
CAPZB,MARK3,1,1
CAPZB,MED15,1,1
CAPZB,MERTK,1,1
CAPZB,MESDC1,1,1
CAPZB,MFF,1,1
CAPZB,MIIP,1,1
CAPZB,MLXIP,1,1
CAPZB,MMP8,1,1
CAPZB,MTOR,1,1
CAPZB,NADK,1,1
CAPZB,NBPF8,1,1
CAPZB,NDUFA10,1,1
CAPZB,NDUFC2-KCTD14,1,1
CAPZB,NOL4L,1,1
CAPZB,NPC1,1,1
CAPZB,PACSIN2,1,1
CAPZB,PDE4B,1,1
CAPZB,PDK3,1,1
CAPZB,PEX10,1,1
CAPZB,PEX14,1,1
CAPZB,PHGDH,1,1
CAPZB,PIGO,1,1
CAPZB,PNKD,1,1
CAPZB,POLG,1,1
CAPZB,POMGNT1,1,1
CAPZB,POT1,1,1
CAPZB,PTER,1,1
CAPZB,RAB17,1,1
CAPZB,RBX1,1,1
CAPZB,RCN3,1,1
CAPZB,RP11-61N20.3,1,1
CAPZB,RPL11,1,1
CAPZB,RPS6KA5,1,1
CAPZB,RSBN1,1,1
CAPZB,SAMM50,1,1
CAPZB,SBF1,1,1
CAPZB,SCML4,1,1
CAPZB,SEC22B,1,1
CAPZB,SFI1,1,1
CAPZB,SGCE,1,1
CAPZB,SGK3,1,1
CAPZB,SIRPB1,1,1
CAPZB,SLC22A23,1,1
CAPZB,SLC2A11,1,1
CAPZB,SLC37A3,1,1
CAPZB,SMPD1,1,1
CAPZB,SRGAP2C,1,1
CAPZB,STK39,1,1
CAPZB,STXBP3,1,1
CAPZB,SYCP2,1,1
CAPZB,TBC1D4,1,1
CAPZB,TESK2,1,1
CAPZB,TGFBR3,1,1
CAPZB,TIMM8B,1,1
CAPZB,TMCO4,1,1
CAPZB,TMEM51,1,1
CAPZB,TRPA1,1,1
CAPZB,TRPV2,1,1
CAPZB,TXN2,1,1
CAPZB,UBE2J1,1,1
CAPZB,UBE4B,1,1
CAPZB,USP18,1,1
CAPZB,USP48,1,1
CAPZB,VAV3,1,1
CAPZB,WDR47,1,1
CAPZB,ZNF43,1,1
CAPZB,ZNF503,1,1
CKAP4,AC009133.22,1,1
CKAP4,ATP7B,1,1
CKAP4,CDK5R1,1,1
CKAP4,CLSTN1,1,1
CKAP4,CTSZ,1,1
CKAP4,DET1,1,1
CKAP4,EVA1A,1,1
CKAP4,FAM161A,1,1
CKAP4,FAM20C,1,1
CKAP4,GFOD1,1,1
CKAP4,HERC5,1,1
CKAP4,MBP,1,1
CKAP4,MLF 2.00,1,1
CKAP4,MVB12B,1,1
CKAP4,NHEJ1,1,1
CKAP4,NME7,1,1
CKAP4,PRDM2,1,1
CKAP4,PYCARD,1,1
CKAP4,SIRPA,1,1
CKAP4,SNX8,1,1
CKAP4,SOX13,1,1
CKAP4,STXBP2,1,1
CKAP4,SYK,1,1
CKAP4,TP73-AS1,1,1
CKAP4,TPRG1L,1,1
CKAP4,VAMP8,1,1
CKAP4,WDR91,1,1
ADPGK,FTO,1,1
ADPGK,HAUS4,1,1
ADPGK,PDXP,1,1
ADPGK,SEPT8,1,1
CUL1,ADAMTS17,1,1
CUL1,AK2,1,1
CUL1,AK6,1,1
CUL1,AKR7A2,1,1
CUL1,ANAPC7,1,1
CUL1,APITD1,1,1
CUL1,ARMT1,1,1
CUL1,ATAD3A,1,1
CUL1,ATAD3B,1,1
CUL1,ATP10B,1,1
CUL1,ATP5F1,1,1
CUL1,BACE1,1,1
CUL1,BAIAP2L2,1,1
CUL1,BLCAP,1,1
CUL1,BMPR1B,1,1
CUL1,C2ORF69,1,1
CUL1,CADM1,1,1
CUL1,CADPS,1,1
CUL1,CALD1,1,1
CUL1,CAPZA2,1,1
CUL1,CARHSP1,1,1
CUL1,CD109,1,1
CUL1,CSDE1,1,1
CUL1,DBF4B,1,1
CUL1,DDOST,1,1
CUL1,DLD,1,1
CUL1,DNAJC11,1,1
CUL1,DPYSL5,1,1
CUL1,EARS2,1,1
CUL1,ECE1,1,1
CUL1,EIF5A2,1,1
CUL1,EVL,1,1
CUL1,EXTL3,1,1
CUL1,EYA4,1,1
CUL1,FAM118A,1,1
CUL1,FAM19A3,1,1
CUL1,FIGNL1,1,1
CUL1,FN1,1,1
CUL1,FOXRED2,1,1
CUL1,FTO,1,1
CUL1,GALNT1,1,1
CUL1,GLS,1,1
CUL1,GLT8D1,1,1
CUL1,GNB1L,1,1
CUL1,GPR157,1,1
CUL1,GPR55,1,1
CUL1,GXYLT1,1,1
CUL1,HEY1,1,1
CUL1,HK2,1,1
CUL1,HNRNPR,1,1
CUL1,IDH3A,1,1
CUL1,ISCA2,1,1
CUL1,KIAA2013,1,1
CUL1,KLHDC2,1,1
CUL1,LACTB2,1,1
CUL1,LPXN,1,1
CUL1,LSR,1,1
CUL1,MAD2L2,1,1
CUL1,MCM3,1,1
CUL1,MCOLN2,1,1
CUL1,MDFIC,1,1
CUL1,MFN2,1,1
CUL1,MGAM2,1,1
CUL1,MLH3,1,1
CUL1,MTFP1,1,1
CUL1,NDUFAF4,1,1
CUL1,NELFCD,1,1
CUL1,NEMP1,1,1
CUL1,NOL4L,1,1
CUL1,NRROS,1,1
CUL1,NUP50,1,1
CUL1,ORC5,1,1
CUL1,PACSIN2,1,1
CUL1,PARK7,1,1
CUL1,PARL,1,1
CUL1,PHTF1,1,1
CUL1,POLR3G,1,1
CUL1,PPP4R2,1,1
CUL1,PQLC2,1,1
CUL1,PTDSS1,1,1
CUL1,RASEF,1,1
CUL1,RBM19,1,1
CUL1,RBM28,1,1
CUL1,RBM47,1,1
CUL1,RNF123,1,1
CUL1,RP11-61N20.3,1,1
CUL1,RPA2,1,1
CUL1,RRP7BP,1,1
CUL1,RTCB,1,1
CUL1,RYBP,1,1
CUL1,SDHB,1,1
CUL1,SEPT8,1,1
CUL1,SLC16A1,1,1
CUL1,SLC25A33,1,1
CUL1,SLC35F5,1,1
CUL1,SLC35F6,1,1
CUL1,SNRNP25,1,1
CUL1,SRM,1,1
CUL1,STK17B,1,1
CUL1,SYPL1,1,1
CUL1,TBC1D4,1,1
CUL1,TCEB3,1,1
CUL1,TIMM50,1,1
CUL1,TMEM201,1,1
CUL1,TMEM64,1,1
CUL1,TMF1,1,1
CUL1,TRABD,1,1
CUL1,TRIB1,1,1
CUL1,TRMU,1,1
CUL1,TTF2,1,1
CUL1,TUBB2A,1,1
CUL1,UBE2J1,1,1
CUL1,WDR77,1,1
CUL1,ZC3H11B,1,1
CUL1,ZC3HAV1,1,1
CUL1,ZNF503,1,1
CUL1,ZNF697,1,1
CUL1,ZNF839,1,1
PSMB2,ABCD4,1,1
PSMB2,AK2,1,1
PSMB2,ALDH1B1,1,1
PSMB2,ALG3,1,1
PSMB2,ARL 3.00,1,1
PSMB2,ASUN,1,1
PSMB2,ATG5,1,1
PSMB2,ATXN7L3,1,1
PSMB2,ATXN7L3B,1,1
PSMB2,C5ORF34,1,1
PSMB2,CASP8,1,1
PSMB2,CMAS,1,1
PSMB2,DLD,1,1
PSMB2,EMC1,1,1
PSMB2,EN1,1,1
PSMB2,ENO1,1,1
PSMB2,FZD6,1,1
PSMB2,GFPT1,1,1
PSMB2,GJB1,1,1
PSMB2,GLDC,1,1
PSMB2,IGF2BP3,1,1
PSMB2,IGHVII-30-43,1,1
PSMB2,KBTBD2,1,1
PSMB2,KDELC1,1,1
PSMB2,KIRREL,1,1
PSMB2,KPNA6,1,1
PSMB2,LCP2,1,1
PSMB2,MGAT5,1,1
PSMB2,MINOS1,1,1
PSMB2,MKLN1,1,1
PSMB2,MMS19,1,1
PSMB2,MRPS5,1,1
PSMB2,MTMR4,1,1
PSMB2,NUP43,1,1
PSMB2,PABPC4,1,1
PSMB2,PANX2,1,1
PSMB2,POU3F2,1,1
PSMB2,PPFIBP1,1,1
PSMB2,PRKCZ,1,1
PSMB2,PSMA5,1,1
PSMB2,PSMC2,1,1
PSMB2,PXDN,1,1
PSMB2,RAP1A,1,1
PSMB2,RINT1,1,1
PSMB2,RNF125,1,1
PSMB2,RP11-153I24.5,1,1
PSMB2,RPN2,1,1
PSMB2,RRP7BP,1,1
PSMB2,SDF4,1,1
PSMB2,SLC25A13,1,1
PSMB2,SLCO5A1,1,1
PSMB2,SMIM4,1,1
PSMB2,SNX4,1,1
PSMB2,SORL1,1,1
PSMB2,ST8SIA1,1,1
PSMB2,SYNM,1,1
PSMB2,SYPL1,1,1
PSMB2,TBCA,1,1
PSMB2,TEAD2,1,1
PSMB2,TIMP3,1,1
PSMB2,TLE3,1,1
PSMB2,TMEM164,1,1
PSMB2,TMEM242,1,1
PSMB2,TMEM38B,1,1
PSMB2,TRIM33,1,1
PSMB2,TRMT2A,1,1
PSMB2,TUBB2A,1,1
PSMB2,UCN2,1,1
PSMB2,UFD1L,1,1
PSMB2,VGF,1,1
PSMB2,VPS45,1,1
PSMB2,WDR59,1,1
PSMB2,ZMYM1,1,1
SRP14,ARL 3.00,1,1
SRP14,SLC5A6,1,1
SLC27A3,AC013264.1,1,1
SLC27A3,AGL,1,1
SLC27A3,ARHGEF34P,1,1
SLC27A3,ARHGEF35,1,1
SLC27A3,ARHGEF5,1,1
SLC27A3,ATF7IP,1,1
SLC27A3,BAX,1,1
SLC27A3,C7ORF49,1,1
SLC27A3,CASP1,1,1
SLC27A3,CCDC115,1,1
SLC27A3,CCDC36,1,1
SLC27A3,CD40,1,1
SLC27A3,CDC25B,1,1
SLC27A3,CDK5R1,1,1
SLC27A3,CDKN2B,1,1
SLC27A3,CERK,1,1
SLC27A3,CHKA,1,1
SLC27A3,CTSH,1,1
SLC27A3,DDRGK1,1,1
SLC27A3,DDX60L,1,1
SLC27A3,EDA2R,1,1
SLC27A3,EIF5AL1,1,1
SLC27A3,EMILIN2,1,1
SLC27A3,ERP29,1,1
SLC27A3,EVA1A,1,1
SLC27A3,FAM102B,1,1
SLC27A3,FAXC,1,1
SLC27A3,FRAS1,1,1
SLC27A3,FUT4,1,1
SLC27A3,GNB1,1,1
SLC27A3,GRAMD4,1,1
SLC27A3,GSTO1,1,1
SLC27A3,GUCD1,1,1
SLC27A3,HAS2,1,1
SLC27A3,HEATR5B,1,1
SLC27A3,HENMT1,1,1
SLC27A3,HERC5,1,1
SLC27A3,HLA-F,1,1
SLC27A3,HP1BP3,1,1
SLC27A3,ICMT,1,1
SLC27A3,KCTD14,1,1
SLC27A3,LDLRAD3,1,1
SLC27A3,LINS1,1,1
SLC27A3,LNX2,1,1
SLC27A3,LSM 8.00,1,1
SLC27A3,MCOLN3,1,1
SLC27A3,MFGE8,1,1
SLC27A3,MYB,1,1
SLC27A3,NAV2,1,1
SLC27A3,NMNAT1,1,1
SLC27A3,OR2A20P,1,1
SLC27A3,PDE4B,1,1
SLC27A3,PITHD1,1,1
SLC27A3,PNRC2,1,1
SLC27A3,PRDM2,1,1
SLC27A3,PRKCA,1,1
SLC27A3,PRRG1,1,1
SLC27A3,RAB11FIP4,1,1
SLC27A3,RBBP4,1,1
SLC27A3,RGS1,1,1
SLC27A3,RHOQ,1,1
SLC27A3,RNF31,1,1
SLC27A3,RSBN1,1,1
SLC27A3,RUNX3,1,1
SLC27A3,SBF1,1,1
SLC27A3,SIRPA,1,1
SLC27A3,SLC37A3,1,1
SLC27A3,SLC44A3,1,1
SLC27A3,STIM1,1,1
SLC27A3,STXBP2,1,1
SLC27A3,TGFBR1,1,1
SLC27A3,TGFBR3,1,1
SLC27A3,TMEM184B,1,1
SLC27A3,TMEM51,1,1
SLC27A3,TRPA1,1,1
SLC27A3,USP48,1,1
SLC27A3,VAMP3,1,1
SLC27A3,VANGL1,1,1
SLC27A3,ZBED6CL,1,1
SLC27A3,ZNF43,1,1
UBE4B,ABCD1,1,1
UBE4B,AC013264.1,1,1
UBE4B,AGAP3,1,1
UBE4B,AKR7A2,1,1
UBE4B,ANKRD44,1,1
UBE4B,ARMT1,1,1
UBE4B,ARPC1A,1,1
UBE4B,ATP6V1C1,1,1
UBE4B,ATP6V1E1,1,1
UBE4B,ATP6V1F,1,1
UBE4B,ATRN,1,1
UBE4B,BCL2L13,1,1
UBE4B,BLCAP,1,1
UBE4B,C7ORF49,1,1
UBE4B,CA8,1,1
UBE4B,CDC25B,1,1
UBE4B,CDC26,1,1
UBE4B,CDC42,1,1
UBE4B,DDI2,1,1
UBE4B,DENND1A,1,1
UBE4B,DNAJC16,1,1
UBE4B,DTNBP1,1,1
UBE4B,DUSP4,1,1
UBE4B,EARS2,1,1
UBE4B,EIF4G3,1,1
UBE4B,EPM2AIP1,1,1
UBE4B,FAM167B,1,1
UBE4B,FBXO42,1,1
UBE4B,FRMD4B,1,1
UBE4B,GAB2,1,1
UBE4B,GRAMD4,1,1
UBE4B,GYPC,1,1
UBE4B,HAS2,1,1
UBE4B,HIPK1,1,1
UBE4B,HPS5,1,1
UBE4B,IGF1R,1,1
UBE4B,IGF2R,1,1
UBE4B,INF2,1,1
UBE4B,JAK2,1,1
UBE4B,KCP,1,1
UBE4B,KIF16B,1,1
UBE4B,LAMA1,1,1
UBE4B,LAMP2,1,1
UBE4B,LAMTOR4,1,1
UBE4B,LAMTOR5,1,1
UBE4B,LMF2,1,1
UBE4B,LUZP1,1,1
UBE4B,LZIC,1,1
UBE4B,MAPK1,1,1
UBE4B,MARK3,1,1
UBE4B,MED15,1,1
UBE4B,MESDC1,1,1
UBE4B,MIIP,1,1
UBE4B,MLXIP,1,1
UBE4B,MTOR,1,1
UBE4B,MUL1,1,1
UBE4B,NADK,1,1
UBE4B,NDUFC2-KCTD14,1,1
UBE4B,NMNAT1,1,1
UBE4B,NPC1,1,1
UBE4B,PACSIN2,1,1
UBE4B,PEX10,1,1
UBE4B,PEX26,1,1
UBE4B,PIGO,1,1
UBE4B,PLAG1,1,1
UBE4B,PNKD,1,1
UBE4B,POLG,1,1
UBE4B,POMGNT1,1,1
UBE4B,PPP1R3D,1,1
UBE4B,PQLC2,1,1
UBE4B,PTER,1,1
UBE4B,PTPRK,1,1
UBE4B,RAB17,1,1
UBE4B,RAB5A,1,1
UBE4B,RP11-61N20.3,1,1
UBE4B,RPAP2,1,1
UBE4B,RRBP1,1,1
UBE4B,SAMM50,1,1
UBE4B,SBF1,1,1
UBE4B,SGCE,1,1
UBE4B,SGK3,1,1
UBE4B,SKI,1,1
UBE4B,SLC22A23,1,1
UBE4B,SLC23A2,1,1
UBE4B,SLC37A3,1,1
UBE4B,SPRY1,1,1
UBE4B,SPSB1,1,1
UBE4B,SQSTM1,1,1
UBE4B,ST7,1,1
UBE4B,STK10,1,1
UBE4B,STK39,1,1
UBE4B,STXBP3,1,1
UBE4B,TCEB3,1,1
UBE4B,TCTN3,1,1
UBE4B,TESK2,1,1
UBE4B,TGFBR3,1,1
UBE4B,TMEM51,1,1
UBE4B,TRPV2,1,1
UBE4B,TXLNA,1,1
UBE4B,TXN2,1,1
UBE4B,UBE2J1,1,1
UBE4B,UGT2B7,1,1
UBE4B,USP48,1,1
UBE4B,VCP,1,1
UBE4B,WDR47,1,1
UBE4B,ZNF326,1,1
UBE4B,ZNF503,1,1
STK17A,AIM1,1,1
STK17A,AP1S3,1,1
STK17A,ARMC10,1,1
STK17A,ASCC2,1,1
STK17A,ATP6V0B,1,1
STK17A,AURKAIP1,1,1
STK17A,BCAS2,1,1
STK17A,BMP8B,1,1
STK17A,CADPS,1,1
STK17A,CAPZA1,1,1
STK17A,CLDN12,1,1
STK17A,COQ10B,1,1
STK17A,CSDE1,1,1
STK17A,DFFA,1,1
STK17A,DGKG,1,1
STK17A,DPYSL5,1,1
STK17A,ECE1,1,1
STK17A,EFHD2,1,1
STK17A,EIF3D,1,1
STK17A,ELOVL5,1,1
STK17A,FAM81A,1,1
STK17A,FIGNL1,1,1
STK17A,GLS,1,1
STK17A,GPR55,1,1
STK17A,GSR,1,1
STK17A,GTPBP10,1,1
STK17A,GXYLT1,1,1
STK17A,HOXD4,1,1
STK17A,ID3,1,1
STK17A,KDM1A,1,1
STK17A,KIF7,1,1
STK17A,KLHDC3,1,1
STK17A,LDHAP3,1,1
STK17A,LDHAP4,1,1
STK17A,LRRC37A2,1,1
STK17A,LRWD1,1,1
STK17A,LSR,1,1
STK17A,LYPLA2,1,1
STK17A,MCAT,1,1
STK17A,MCOLN2,1,1
STK17A,MRFAP1L1,1,1
STK17A,MTPN,1,1
STK17A,NPAS2,1,1
STK17A,NUP205,1,1
STK17A,NUP50,1,1
STK17A,ORC5,1,1
STK17A,P3H3,1,1
STK17A,PDXP,1,1
STK17A,PITPNM2,1,1
STK17A,PLCB4,1,1
STK17A,POLR3G,1,1
STK17A,PPP4R2,1,1
STK17A,PYGB,1,1
STK17A,RALY,1,1
STK17A,RNF19A,1,1
STK17A,SHQ1,1,1
STK17A,ST13,1,1
STK17A,STK17B,1,1
STK17A,STK38L,1,1
STK17A,STOML2,1,1
STK17A,TAF13,1,1
STK17A,TRAM1,1,1
STK17A,TRIP12,1,1
STK17A,TRPV4,1,1
STK17A,UBA3,1,1
STK17A,VDR,1,1
STK17A,WDR77,1,1
STK17A,XPC,1,1
CDC25B,AC013264.1,1,1
CDC25B,AGAP3,1,1
CDC25B,ARPC1A,1,1
CDC25B,ATF7IP,1,1
CDC25B,ATP6V1C1,1,1
CDC25B,C7ORF49,1,1
CDC25B,CA8,1,1
CDC25B,CBX5,1,1
CDC25B,CDC42,1,1
CDC25B,CEP131,1,1
CDC25B,CERK,1,1
CDC25B,CLSTN1,1,1
CDC25B,DENND1A,1,1
CDC25B,ERP29,1,1
CDC25B,EVA1A,1,1
CDC25B,FAM126A,1,1
CDC25B,FAM20C,1,1
CDC25B,FRMD4B,1,1
CDC25B,GNB1,1,1
CDC25B,GRAMD4,1,1
CDC25B,GUCD1,1,1
CDC25B,HAS2,1,1
CDC25B,HP1BP3,1,1
CDC25B,IL16,1,1
CDC25B,INF2,1,1
CDC25B,KIF24,1,1
CDC25B,LAMTOR5,1,1
CDC25B,LMF2,1,1
CDC25B,LSM 8.00,1,1
CDC25B,LZIC,1,1
CDC25B,MAP9,1,1
CDC25B,MAPK1,1,1
CDC25B,MARK3,1,1
CDC25B,MCOLN3,1,1
CDC25B,MESDC1,1,1
CDC25B,METRNL,1,1
CDC25B,MRPL58,1,1
CDC25B,MTA1,1,1
CDC25B,NADK,1,1
CDC25B,NDUFC2-KCTD14,1,1
CDC25B,NMNAT1,1,1
CDC25B,NT5DC1,1,1
CDC25B,PEX10,1,1
CDC25B,PIGO,1,1
CDC25B,PITHD1,1,1
CDC25B,PLAG1,1,1
CDC25B,PPP1R3D,1,1
CDC25B,PRDM2,1,1
CDC25B,PRKCA,1,1
CDC25B,PSEN2,1,1
CDC25B,PTCD3,1,1
CDC25B,RBBP4,1,1
CDC25B,RRBP1,1,1
CDC25B,SAMHD1,1,1
CDC25B,SBF1,1,1
CDC25B,SGK3,1,1
CDC25B,SKI,1,1
CDC25B,SLC23A2,1,1
CDC25B,SLC35B4,1,1
CDC25B,SLC37A3,1,1
CDC25B,SPECC1,1,1
CDC25B,SPSB1,1,1
CDC25B,ST7,1,1
CDC25B,STXBP3,1,1
CDC25B,TCTN3,1,1
CDC25B,TGFBR1,1,1
CDC25B,TMEM51,1,1
CDC25B,USP48,1,1
CDC25B,VAMP3,1,1
CDC25B,VCP,1,1
PPP4R2,ABHD2,1,1
PPP4R2,ACAN,1,1
PPP4R2,ACOT7,1,1
PPP4R2,ADAMTS17,1,1
PPP4R2,AGA,1,1
PPP4R2,AL513523.1,1,1
PPP4R2,ALDH1A1,1,1
PPP4R2,AMPH,1,1
PPP4R2,ANAPC7,1,1
PPP4R2,ANKRD27,1,1
PPP4R2,AP1S3,1,1
PPP4R2,APITD1,1,1
PPP4R2,ARFGEF2,1,1
PPP4R2,ARMT1,1,1
PPP4R2,ASRGL1,1,1
PPP4R2,ATAD3B,1,1
PPP4R2,ATN1,1,1
PPP4R2,ATP5F1,1,1
PPP4R2,ATP6V0D2,1,1
PPP4R2,AURKAIP1,1,1
PPP4R2,BACE1,1,1
PPP4R2,BCAS2,1,1
PPP4R2,BICDL1,1,1
PPP4R2,BIRC7,1,1
PPP4R2,BMP8B,1,1
PPP4R2,C1ORF174,1,1
PPP4R2,C2ORF69,1,1
PPP4R2,C3ORF14,1,1
PPP4R2,CADM1,1,1
PPP4R2,CADPS,1,1
PPP4R2,CAPZA1,1,1
PPP4R2,CAPZA2,1,1
PPP4R2,CARHSP1,1,1
PPP4R2,CCDC134,1,1
PPP4R2,CCDC141,1,1
PPP4R2,CCNA1,1,1
PPP4R2,CD109,1,1
PPP4R2,CIB1,1,1
PPP4R2,CLSPN,1,1
PPP4R2,COQ10B,1,1
PPP4R2,CRKL,1,1
PPP4R2,CSDE1,1,1
PPP4R2,CSF2RA,1,1
PPP4R2,DAZ1,1,1
PPP4R2,DBF4B,1,1
PPP4R2,DFFA,1,1
PPP4R2,DNAJC11,1,1
PPP4R2,DPYSL5,1,1
PPP4R2,DTX3L,1,1
PPP4R2,E2F2,1,1
PPP4R2,ECE1,1,1
PPP4R2,EFHD2,1,1
PPP4R2,EIF5A2,1,1
PPP4R2,ENHO,1,1
PPP4R2,ENPP1,1,1
PPP4R2,ENTPD6,1,1
PPP4R2,EPHA4,1,1
PPP4R2,EXOSC10,1,1
PPP4R2,EXTL3,1,1
PPP4R2,FAM118A,1,1
PPP4R2,FAM19A3,1,1
PPP4R2,FAM81A,1,1
PPP4R2,FANCI,1,1
PPP4R2,FIGNL1,1,1
PPP4R2,FN1,1,1
PPP4R2,FRG2DP,1,1
PPP4R2,GALE,1,1
PPP4R2,GGH,1,1
PPP4R2,GLS,1,1
PPP4R2,GLT8D1,1,1
PPP4R2,GNB1L,1,1
PPP4R2,GPR55,1,1
PPP4R2,GTPBP10,1,1
PPP4R2,GXYLT1,1,1
PPP4R2,HERC2P5,1,1
PPP4R2,HERC2P8,1,1
PPP4R2,HNRNPR,1,1
PPP4R2,HSPA8P1,1,1
PPP4R2,ID3,1,1
PPP4R2,IDH3A,1,1
PPP4R2,KDM1A,1,1
PPP4R2,KIAA2013,1,1
PPP4R2,KIF1B,1,1
PPP4R2,KIF7,1,1
PPP4R2,LDHAP3,1,1
PPP4R2,LDHAP4,1,1
PPP4R2,LHX8,1,1
PPP4R2,LPXN,1,1
PPP4R2,LRRC47,1,1
PPP4R2,LSR,1,1
PPP4R2,LYPLA2,1,1
PPP4R2,MAD2L2,1,1
PPP4R2,MARS2,1,1
PPP4R2,MCAT,1,1
PPP4R2,MCM3,1,1
PPP4R2,MCOLN2,1,1
PPP4R2,MCTP1,1,1
PPP4R2,MERTK,1,1
PPP4R2,MGAM2,1,1
PPP4R2,MKRN3,1,1
PPP4R2,MLH3,1,1
PPP4R2,MMP8,1,1
PPP4R2,MORN1,1,1
PPP4R2,MOXD1,1,1
PPP4R2,MRFAP1,1,1
PPP4R2,MTERF1,1,1
PPP4R2,MTFP1,1,1
PPP4R2,NCAPH2,1,1
PPP4R2,NDUFS1,1,1
PPP4R2,NOTCH2,1,1
PPP4R2,NPAS2,1,1
PPP4R2,NPPC,1,1
PPP4R2,NRROS,1,1
PPP4R2,NT5DC3,1,1
PPP4R2,NUP50,1,1
PPP4R2,OR7E38P,1,1
PPP4R2,ORC5,1,1
PPP4R2,P3H3,1,1
PPP4R2,PARK7,1,1
PPP4R2,PHTF1,1,1
PPP4R2,PIK3R3,1,1
PPP4R2,PLCB4,1,1
PPP4R2,PLEKHA7,1,1
PPP4R2,PLEKHB2,1,1
PPP4R2,POLE4,1,1
PPP4R2,POLR2J,1,1
PPP4R2,POLR3G,1,1
PPP4R2,PRKG2,1,1
PPP4R2,PYGB,1,1
PPP4R2,RALY,1,1
PPP4R2,RASEF,1,1
PPP4R2,RBM19,1,1
PPP4R2,RBM47,1,1
PPP4R2,RBX1,1,1
PPP4R2,RER1,1,1
PPP4R2,RLBP1,1,1
PPP4R2,RNF19A,1,1
PPP4R2,RPA2,1,1
PPP4R2,RPH3A,1,1
PPP4R2,RPS6KA5,1,1
PPP4R2,RTCB,1,1
PPP4R2,RTFDC1,1,1
PPP4R2,RYBP,1,1
PPP4R2,SCIN,1,1
PPP4R2,SCML4,1,1
PPP4R2,SEC22B,1,1
PPP4R2,SERGEF,1,1
PPP4R2,SHQ1,1,1
PPP4R2,SLAMF7,1,1
PPP4R2,SLC25A33,1,1
PPP4R2,SNRNP25,1,1
PPP4R2,SRM,1,1
PPP4R2,SRRD,1,1
PPP4R2,ST13,1,1
PPP4R2,STK11,1,1
PPP4R2,STK17B,1,1
PPP4R2,STK38L,1,1
PPP4R2,STOML2,1,1
PPP4R2,SZRD1,1,1
PPP4R2,TBC1D4,1,1
PPP4R2,TMC3,1,1
PPP4R2,TMEM144,1,1
PPP4R2,TMEM201,1,1
PPP4R2,TMEM64,1,1
PPP4R2,TMF1,1,1
PPP4R2,TP73,1,1
PPP4R2,TRAM1,1,1
PPP4R2,TRMU,1,1
PPP4R2,TRPV4,1,1
PPP4R2,TSN,1,1
PPP4R2,UBA3,1,1
PPP4R2,UBE2J1,1,1
PPP4R2,VAV3,1,1
PPP4R2,VCX3B,1,1
PPP4R2,VDR,1,1
PPP4R2,WARS2,1,1
PPP4R2,WDR77,1,1
PPP4R2,ZC3H11B,1,1
PPP4R2,ZDHHC11B,1,1
PPP4R2,ZNF114,1,1
PPP4R2,ZNF189,1,1
PPP4R2,ZNF503,1,1
PPP4R2,ZNF689,1,1
PPP4R2,ZNF697,1,1
RNF125,AGAP1,1,1
RNF125,AK2,1,1
RNF125,ALDH1B1,1,1
RNF125,ALG3,1,1
RNF125,ASUN,1,1
RNF125,ATG5,1,1
RNF125,ATP10B,1,1
RNF125,B3GALT6,1,1
RNF125,BAIAP2L2,1,1
RNF125,CAPZA2,1,1
RNF125,CASP8,1,1
RNF125,CCDC47,1,1
RNF125,CD164,1,1
RNF125,CEP41,1,1
RNF125,DLD,1,1
RNF125,EMC1,1,1
RNF125,EN1,1,1
RNF125,ETNK1,1,1
RNF125,EYA1,1,1
RNF125,EYA4,1,1
RNF125,FOXRED2,1,1
RNF125,FZD6,1,1
RNF125,GFPT1,1,1
RNF125,GJB1,1,1
RNF125,GLDC,1,1
RNF125,HK2,1,1
RNF125,IGF2BP3,1,1
RNF125,IGHVII-30-43,1,1
RNF125,KBTBD2,1,1
RNF125,KIAA2013,1,1
RNF125,KIRREL,1,1
RNF125,KLHDC2,1,1
RNF125,LACTB2,1,1
RNF125,LCP2,1,1
RNF125,LMAN2L,1,1
RNF125,LRP12,1,1
RNF125,MDFIC,1,1
RNF125,MGAT5,1,1
RNF125,MIOS,1,1
RNF125,MMS19,1,1
RNF125,MTMR4,1,1
RNF125,NEK6,1,1
RNF125,NR4A1,1,1
RNF125,PABPC4,1,1
RNF125,PARL,1,1
RNF125,PARN,1,1
RNF125,PKN3,1,1
RNF125,PLOD2,1,1
RNF125,POU3F2,1,1
RNF125,PPFIBP1,1,1
RNF125,PRKCZ,1,1
RNF125,PSMC2,1,1
RNF125,RAC1,1,1
RNF125,RCC2,1,1
RNF125,RNF207,1,1
RNF125,RP11-153I24.5,1,1
RNF125,RPN2,1,1
RNF125,RRP7BP,1,1
RNF125,SFT2D2,1,1
RNF125,SLC16A1,1,1
RNF125,SLC25A13,1,1
RNF125,SLC30A1,1,1
RNF125,SLC35F5,1,1
RNF125,SLCO5A1,1,1
RNF125,SORL1,1,1
RNF125,STK17B,1,1
RNF125,SUCO,1,1
RNF125,SYNM,1,1
RNF125,SYPL1,1,1
RNF125,TBCA,1,1
RNF125,TEAD2,1,1
RNF125,TIMM50,1,1
RNF125,TIMP3,1,1
RNF125,TMED9,1,1
RNF125,TMEM164,1,1
RNF125,TMEM242,1,1
RNF125,TMEM38B,1,1
RNF125,TNRC6B,1,1
RNF125,TRABD,1,1
RNF125,TRIM33,1,1
RNF125,TRMT2A,1,1
RNF125,TTF2,1,1
RNF125,TUBB2A,1,1
RNF125,UCN2,1,1
RNF125,UFD1L,1,1
RNF125,VGF,1,1
RNF125,VPS45,1,1
RNF125,WASL,1,1
RNF125,WDPCP,1,1
RNF125,ZC3H11B,1,1
RNF125,ZC3HAV1,1,1
RNF125,ZMYM1,1,1
RNF125,ZNF839,1,1
HSD17B12,ABCD1,1,1
HSD17B12,ABHD2,1,1
HSD17B12,AC013264.1,1,1
HSD17B12,ACAN,1,1
HSD17B12,ACOT7,1,1
HSD17B12,ADAMTS17,1,1
HSD17B12,AKR7A2,1,1
HSD17B12,ALDH1A1,1,1
HSD17B12,AMPH,1,1
HSD17B12,ANKRD30B,1,1
HSD17B12,ANKRD44,1,1
HSD17B12,ARFGEF2,1,1
HSD17B12,ARHGEF35,1,1
HSD17B12,ARMT1,1,1
HSD17B12,ARPC1A,1,1
HSD17B12,ASRGL1,1,1
HSD17B12,ATP11A,1,1
HSD17B12,ATP6V1C1,1,1
HSD17B12,ATP6V1E1,1,1
HSD17B12,BACE1,1,1
HSD17B12,BCL2L13,1,1
HSD17B12,BICDL1,1,1
HSD17B12,BIRC7,1,1
HSD17B12,BLCAP,1,1
HSD17B12,C3ORF14,1,1
HSD17B12,CA8,1,1
HSD17B12,CADM1,1,1
HSD17B12,CALD1,1,1
HSD17B12,CARHSP1,1,1
HSD17B12,CCDC134,1,1
HSD17B12,CCDC36,1,1
HSD17B12,CCNA1,1,1
HSD17B12,CD109,1,1
HSD17B12,CD36,1,1
HSD17B12,CD40,1,1
HSD17B12,CDC42,1,1
HSD17B12,CEACAM1,1,1
HSD17B12,CHN2,1,1
HSD17B12,CPN1,1,1
HSD17B12,CPTP,1,1
HSD17B12,DAZ1,1,1
HSD17B12,DBF4B,1,1
HSD17B12,DNAJC11,1,1
HSD17B12,DPY19L2P2,1,1
HSD17B12,DTNBP1,1,1
HSD17B12,EARS2,1,1
HSD17B12,ECHDC1,1,1
HSD17B12,EIF5A2,1,1
HSD17B12,EMILIN2,1,1
HSD17B12,ENHO,1,1
HSD17B12,EXOSC10,1,1
HSD17B12,FAM102B,1,1
HSD17B12,FAM118A,1,1
HSD17B12,FAM126B,1,1
HSD17B12,FAM19A3,1,1
HSD17B12,FBXO42,1,1
HSD17B12,FRMD4B,1,1
HSD17B12,G3BP2,1,1
HSD17B12,GALE,1,1
HSD17B12,GGH,1,1
HSD17B12,GYPC,1,1
HSD17B12,HAS2,1,1
HSD17B12,HENMT1,1,1
HSD17B12,HERC2P8,1,1
HSD17B12,HSPA8P1,1,1
HSD17B12,HSPA8P8,1,1
HSD17B12,IDH3A,1,1
HSD17B12,INF2,1,1
HSD17B12,KCTD14,1,1
HSD17B12,KIF1B,1,1
HSD17B12,LAMA1,1,1
HSD17B12,LAMP2,1,1
HSD17B12,LDLRAD3,1,1
HSD17B12,LHX8,1,1
HSD17B12,LONRF3,1,1
HSD17B12,LPXN,1,1
HSD17B12,LRRC61,1,1
HSD17B12,LUZP1,1,1
HSD17B12,LZIC,1,1
HSD17B12,MAPK1,1,1
HSD17B12,MCOLN2,1,1
HSD17B12,MERTK,1,1
HSD17B12,MFF,1,1
HSD17B12,MFN2,1,1
HSD17B12,MGAM2,1,1
HSD17B12,MLXIP,1,1
HSD17B12,MMP8,1,1
HSD17B12,MTOR,1,1
HSD17B12,MUL1,1,1
HSD17B12,NBPF8,1,1
HSD17B12,NDUFA10,1,1
HSD17B12,NDUFS1,1,1
HSD17B12,NEMP1,1,1
HSD17B12,NOL4L,1,1
HSD17B12,NRROS,1,1
HSD17B12,PACSIN2,1,1
HSD17B12,PARK7,1,1
HSD17B12,PDK3,1,1
HSD17B12,PHGDH,1,1
HSD17B12,PHTF1,1,1
HSD17B12,PIK3R3,1,1
HSD17B12,PNKD,1,1
HSD17B12,PNRC2,1,1
HSD17B12,POT1,1,1
HSD17B12,PRKG2,1,1
HSD17B12,PTER,1,1
HSD17B12,RAB17,1,1
HSD17B12,RBX1,1,1
HSD17B12,REPS1,1,1
HSD17B12,RER1,1,1
HSD17B12,RP11-119J18.1,1,1
HSD17B12,RP11-327P2.7,1,1
HSD17B12,RP11-61N20.3,1,1
HSD17B12,RPH3A,1,1
HSD17B12,RPS6KA5,1,1
HSD17B12,RSBN1,1,1
HSD17B12,RYBP,1,1
HSD17B12,SAMM50,1,1
HSD17B12,SCIN,1,1
HSD17B12,SCML4,1,1
HSD17B12,SEC22B,1,1
HSD17B12,SGK3,1,1
HSD17B12,SIRPB1,1,1
HSD17B12,SLC25A33,1,1
HSD17B12,SLC37A3,1,1
HSD17B12,SLC46A3,1,1
HSD17B12,TBC1D4,1,1
HSD17B12,TESK2,1,1
HSD17B12,TMC3,1,1
HSD17B12,TMEM51,1,1
HSD17B12,TMEM64,1,1
HSD17B12,TMF1,1,1
HSD17B12,TP73,1,1
HSD17B12,TXN2,1,1
HSD17B12,UBE2J1,1,1
HSD17B12,VAPB,1,1
HSD17B12,VAV3,1,1
HSD17B12,VCX3B,1,1
HSD17B12,WDR47,1,1
HSD17B12,ZBED6CL,1,1
HSD17B12,ZDHHC11B,1,1
HSD17B12,ZNF114,1,1
HSD17B12,ZNF43,1,1
HSD17B12,ZNF503,1,1
HSD17B12,ZNF689,1,1
FAM160A2,ENTPD6,1,1
FAM160A2,GCLM,1,1
FAM160A2,LHX8,1,1
FAM160A2,MKNK1,1,1
FAM160A2,PTMS,1,1
FAM160A2,RP11-159J3.1,1,1
FAM160A2,TMEM246,1,1
FAM160A2,TUB,1,1
FAM160A2,ZDHHC8,1,1
UCN2,AGAP1,1,1
UCN2,AK2,1,1
UCN2,ALDH1B1,1,1
UCN2,ALG3,1,1
UCN2,ARMC10,1,1
UCN2,ASUN,1,1
UCN2,ATAD3A,1,1
UCN2,ATP10B,1,1
UCN2,B3GALT6,1,1
UCN2,BAIAP2L2,1,1
UCN2,CAPZA2,1,1
UCN2,CASP8,1,1
UCN2,CCDC47,1,1
UCN2,CMAS,1,1
UCN2,CSDE1,1,1
UCN2,DGKG,1,1
UCN2,DLD,1,1
UCN2,ECE1,1,1
UCN2,EFHD2,1,1
UCN2,EMC1,1,1
UCN2,EN1,1,1
UCN2,ENO1,1,1
UCN2,ETNK1,1,1
UCN2,EYA1,1,1
UCN2,EYA4,1,1
UCN2,FOXRED2,1,1
UCN2,FZD6,1,1
UCN2,GJB1,1,1
UCN2,GLDC,1,1
UCN2,HK2,1,1
UCN2,IGF2BP3,1,1
UCN2,KBTBD2,1,1
UCN2,KIAA2013,1,1
UCN2,KIRREL,1,1
UCN2,LACTB2,1,1
UCN2,LCP2,1,1
UCN2,LRP12,1,1
UCN2,MGAT5,1,1
UCN2,MIOS,1,1
UCN2,MLH3,1,1
UCN2,MMS19,1,1
UCN2,MTMR4,1,1
UCN2,NCKAP1,1,1
UCN2,NELFCD,1,1
UCN2,NR4A1,1,1
UCN2,NUP50,1,1
UCN2,PABPC4,1,1
UCN2,PARL,1,1
UCN2,PDXP,1,1
UCN2,POU3F2,1,1
UCN2,PPFIBP1,1,1
UCN2,PRKCZ,1,1
UCN2,PSMA5,1,1
UCN2,PSMC2,1,1
UCN2,RCC2,1,1
UCN2,RINT1,1,1
UCN2,RPN2,1,1
UCN2,RTCB,1,1
UCN2,SFT2D2,1,1
UCN2,SLC16A1,1,1
UCN2,SLC25A17,1,1
UCN2,SLC35F6,1,1
UCN2,SLC5A6,1,1
UCN2,SORL1,1,1
UCN2,SYNM,1,1
UCN2,SYPL1,1,1
UCN2,TBCA,1,1
UCN2,TIMM50,1,1
UCN2,TIMP3,1,1
UCN2,TMED9,1,1
UCN2,TMEM38B,1,1
UCN2,TRABD,1,1
UCN2,TRIM33,1,1
UCN2,TRMT2A,1,1
UCN2,TUBB2A,1,1
UCN2,UFD1L,1,1
UCN2,VGF,1,1
UCN2,WDPCP,1,1
UCN2,ZC3H11B,1,1
UCN2,ZC3HAV1,1,1
UCN2,ZNF264,1,1
UCN2,ZNF697,1,1
UCN2,ZNF839,1,1
CPN1,ABCD1,1,1
CPN1,ACAN,1,1
CPN1,ACOT7,1,1
CPN1,ADAMTS17,1,1
CPN1,AKR7A2,1,1
CPN1,ALDH1A1,1,1
CPN1,AMPH,1,1
CPN1,ANKRD30B,1,1
CPN1,ANKRD44,1,1
CPN1,ARFGEF2,1,1
CPN1,ARHGEF39,1,1
CPN1,ARMT1,1,1
CPN1,ARPC1A,1,1
CPN1,ATOX1,1,1
CPN1,ATP10B,1,1
CPN1,ATP11A,1,1
CPN1,ATP5F1,1,1
CPN1,ATP6V1E1,1,1
CPN1,BACE1,1,1
CPN1,BCAS3,1,1
CPN1,BCL2L13,1,1
CPN1,BET1,1,1
CPN1,BICDL1,1,1
CPN1,BLCAP,1,1
CPN1,CADM1,1,1
CPN1,CALD1,1,1
CPN1,CARD16,1,1
CPN1,CARHSP1,1,1
CPN1,CCDC134,1,1
CPN1,CD109,1,1
CPN1,CEP41,1,1
CPN1,CGN,1,1
CPN1,CHN2,1,1
CPN1,CHST11,1,1
CPN1,COG5,1,1
CPN1,COX5B,1,1
CPN1,CSF2RA,1,1
CPN1,DDOST,1,1
CPN1,DDT,1,1
CPN1,DNAJC11,1,1
CPN1,DNAJC16,1,1
CPN1,DPY19L2P2,1,1
CPN1,DPYSL5,1,1
CPN1,DUSP4,1,1
CPN1,EAPP,1,1
CPN1,EARS2,1,1
CPN1,EIF4G3,1,1
CPN1,EIF5A2,1,1
CPN1,ENHO,1,1
CPN1,ENPP1,1,1
CPN1,ERGIC3,1,1
CPN1,EXOSC10,1,1
CPN1,FAM102B,1,1
CPN1,FAM118A,1,1
CPN1,FAM167B,1,1
CPN1,FAM19A3,1,1
CPN1,FBXO6,1,1
CPN1,FN1,1,1
CPN1,FOXRED2,1,1
CPN1,FRG2DP,1,1
CPN1,FRMD4B,1,1
CPN1,FUCA1,1,1
CPN1,GALE,1,1
CPN1,GGH,1,1
CPN1,GPR157,1,1
CPN1,GPR55,1,1
CPN1,GYPC,1,1
CPN1,HERC2P5,1,1
CPN1,HERC2P8,1,1
CPN1,HEY1,1,1
CPN1,HTRA1,1,1
CPN1,IGF1R,1,1
CPN1,IMMP2L,1,1
CPN1,JAK2,1,1
CPN1,KCTD14,1,1
CPN1,KIAA2013,1,1
CPN1,L3MBTL4,1,1
CPN1,LACTB2,1,1
CPN1,LAMA1,1,1
CPN1,LAMP2,1,1
CPN1,LAMTOR4,1,1
CPN1,LAMTOR5,1,1
CPN1,LMF2,1,1
CPN1,LPXN,1,1
CPN1,MAPK1,1,1
CPN1,MAPK8IP2,1,1
CPN1,MDFIC,1,1
CPN1,MED15,1,1
CPN1,MERTK,1,1
CPN1,MFF,1,1
CPN1,MFN2,1,1
CPN1,MGAM2,1,1
CPN1,MGST2,1,1
CPN1,MIIP,1,1
CPN1,MLLT4,1,1
CPN1,MLXIP,1,1
CPN1,MMP8,1,1
CPN1,MOV10,1,1
CPN1,MRFAP1,1,1
CPN1,MSL3P1,1,1
CPN1,MTOR,1,1
CPN1,NBPF26,1,1
CPN1,NBPF8,1,1
CPN1,NDUFC2-KCTD14,1,1
CPN1,NOL4L,1,1
CPN1,NPC1,1,1
CPN1,NRROS,1,1
CPN1,PACSIN2,1,1
CPN1,PARK7,1,1
CPN1,PARP9,1,1
CPN1,PDGFD,1,1
CPN1,PDK3,1,1
CPN1,PHF13,1,1
CPN1,PHGDH,1,1
CPN1,PHTF1,1,1
CPN1,PLA2G6,1,1
CPN1,PLCD3,1,1
CPN1,PNKD,1,1
CPN1,POLG,1,1
CPN1,POT1,1,1
CPN1,PPP1R14C,1,1
CPN1,PQLC2,1,1
CPN1,PTPRK,1,1
CPN1,RAB17,1,1
CPN1,RASEF,1,1
CPN1,RBM47,1,1
CPN1,RBX1,1,1
CPN1,RCN3,1,1
CPN1,REPS1,1,1
CPN1,RP11-61N20.3,1,1
CPN1,RPL11,1,1
CPN1,RYBP,1,1
CPN1,SAMM50,1,1
CPN1,SCML4,1,1
CPN1,SDHB,1,1
CPN1,SEC22B,1,1
CPN1,SEMA4F,1,1
CPN1,SERGEF,1,1
CPN1,SFI1,1,1
CPN1,SGK3,1,1
CPN1,SIRPB1,1,1
CPN1,SLC22A23,1,1
CPN1,SLC25A33,1,1
CPN1,SLC2A11,1,1
CPN1,SLC37A3,1,1
CPN1,SMPD1,1,1
CPN1,SPRY1,1,1
CPN1,STAT1,1,1
CPN1,STK39,1,1
CPN1,STRIP2,1,1
CPN1,STXBP3,1,1
CPN1,SYCP2,1,1
CPN1,TBC1D4,1,1
CPN1,TBL1X,1,1
CPN1,TCEB3,1,1
CPN1,TESK2,1,1
CPN1,TGFBR3,1,1
CPN1,TIMM50,1,1
CPN1,TMEM51,1,1
CPN1,TMEM64,1,1
CPN1,TMF1,1,1
CPN1,TMUB1,1,1
CPN1,TP73,1,1
CPN1,TRIB1,1,1
CPN1,TRPA1,1,1
CPN1,TRPV2,1,1
CPN1,TTF2,1,1
CPN1,TTN,1,1
CPN1,TXN2,1,1
CPN1,UBE2J1,1,1
CPN1,USP18,1,1
CPN1,VAV3,1,1
CPN1,WDR47,1,1
CPN1,ZC3H11B,1,1
CPN1,ZNF503,1,1
CPN1,ZNF697,1,1
CPN1,ZNF776,1,1
PLA2G6,ABCD1,1,1
PLA2G6,ABHD12,1,1
PLA2G6,ABHD2,1,1
PLA2G6,AC090094.1,1,1
PLA2G6,ACAN,1,1
PLA2G6,ACOT7,1,1
PLA2G6,ADAMTS17,1,1
PLA2G6,AKR7A2,1,1
PLA2G6,AL513523.1,1,1
PLA2G6,ALDH1A1,1,1
PLA2G6,AMPH,1,1
PLA2G6,ANKRD30B,1,1
PLA2G6,ANKRD44,1,1
PLA2G6,ANO4,1,1
PLA2G6,APOL1,1,1
PLA2G6,ARFGEF2,1,1
PLA2G6,ARHGEF34P,1,1
PLA2G6,ARHGEF35,1,1
PLA2G6,ARMT1,1,1
PLA2G6,ASRGL1,1,1
PLA2G6,ATP11A,1,1
PLA2G6,ATP6V0D2,1,1
PLA2G6,BAIAP2L1,1,1
PLA2G6,BICDL1,1,1
PLA2G6,BIRC7,1,1
PLA2G6,C3ORF14,1,1
PLA2G6,CAPG,1,1
PLA2G6,CCDC141,1,1
PLA2G6,CCNA1,1,1
PLA2G6,CD109,1,1
PLA2G6,CDKN2B,1,1
PLA2G6,CEACAM1,1,1
PLA2G6,CHN2,1,1
PLA2G6,CIB1,1,1
PLA2G6,CLDN14,1,1
PLA2G6,COL4A2,1,1
PLA2G6,COPS8,1,1
PLA2G6,CPTP,1,1
PLA2G6,CSF2RA,1,1
PLA2G6,CTSH,1,1
PLA2G6,DAZ1,1,1
PLA2G6,DDRGK1,1,1
PLA2G6,DPY19L2P2,1,1
PLA2G6,DTX3L,1,1
PLA2G6,EMILIN2,1,1
PLA2G6,ENHO,1,1
PLA2G6,ENPP1,1,1
PLA2G6,ENTPD6,1,1
PLA2G6,EPHA4,1,1
PLA2G6,EXOSC10,1,1
PLA2G6,FAAP20,1,1
PLA2G6,FAM102B,1,1
PLA2G6,FAM118A,1,1
PLA2G6,FAM126B,1,1
PLA2G6,FAM19A3,1,1
PLA2G6,FEZF1,1,1
PLA2G6,FN1,1,1
PLA2G6,FRAS1,1,1
PLA2G6,FRG2DP,1,1
PLA2G6,FUCA1,1,1
PLA2G6,GALE,1,1
PLA2G6,GCLM,1,1
PLA2G6,GDAP2,1,1
PLA2G6,GPR55,1,1
PLA2G6,GRAMD4,1,1
PLA2G6,HENMT1,1,1
PLA2G6,HERC2P5,1,1
PLA2G6,HERC2P8,1,1
PLA2G6,HSPA8P1,1,1
PLA2G6,HSPA8P8,1,1
PLA2G6,HSPA8P9,1,1
PLA2G6,IQGAP1,1,1
PLA2G6,KCTD14,1,1
PLA2G6,LAMA1,1,1
PLA2G6,LDLRAD3,1,1
PLA2G6,LHX8,1,1
PLA2G6,LIMK2,1,1
PLA2G6,LINS1,1,1
PLA2G6,LONRF3,1,1
PLA2G6,LRRC61,1,1
PLA2G6,MAFF,1,1
PLA2G6,MERTK,1,1
PLA2G6,MFF,1,1
PLA2G6,MGAM2,1,1
PLA2G6,MKRN3,1,1
PLA2G6,MMP8,1,1
PLA2G6,MORN1,1,1
PLA2G6,MOXD1,1,1
PLA2G6,MRFAP1,1,1
PLA2G6,NBPF8,1,1
PLA2G6,NDUFA10,1,1
PLA2G6,NOTCH2,1,1
PLA2G6,NPPC,1,1
PLA2G6,PDE4B,1,1
PLA2G6,PEX14,1,1
PLA2G6,PHGDH,1,1
PLA2G6,PIK3R3,1,1
PLA2G6,PIM3,1,1
PLA2G6,POLG,1,1
PLA2G6,PRKG2,1,1
PLA2G6,RASEF,1,1
PLA2G6,RER1,1,1
PLA2G6,RGS1,1,1
PLA2G6,RP11-119J18.1,1,1
PLA2G6,RP11-159J3.1,1,1
PLA2G6,RP11-327P2.7,1,1
PLA2G6,RP11-61N20.3,1,1
PLA2G6,RPH3A,1,1
PLA2G6,RPL11,1,1
PLA2G6,RPS6KA5,1,1
PLA2G6,RSBN1,1,1
PLA2G6,SAMM50,1,1
PLA2G6,SCIN,1,1
PLA2G6,SCML4,1,1
PLA2G6,SEC22B,1,1
PLA2G6,SERGEF,1,1
PLA2G6,SFI1,1,1
PLA2G6,SIRPB1,1,1
PLA2G6,SLAMF7,1,1
PLA2G6,SLC25A33,1,1
PLA2G6,SLC2A11,1,1
PLA2G6,SLC37A3,1,1
PLA2G6,SLC46A3,1,1
PLA2G6,SMPD1,1,1
PLA2G6,SPP1,1,1
PLA2G6,SPRR2D,1,1
PLA2G6,SQRDL,1,1
PLA2G6,SS18L1,1,1
PLA2G6,STAT1,1,1
PLA2G6,SYCP2,1,1
PLA2G6,TBC1D4,1,1
PLA2G6,TGFBR3,1,1
PLA2G6,TIMM8B,1,1
PLA2G6,TMC3,1,1
PLA2G6,TMEM64,1,1
PLA2G6,TMUB1,1,1
PLA2G6,TP73,1,1
PLA2G6,TPPP,1,1
PLA2G6,TRPA1,1,1
PLA2G6,TTN,1,1
PLA2G6,TUB,1,1
PLA2G6,UBE2J1,1,1
PLA2G6,VAPB,1,1
PLA2G6,VAV3,1,1
PLA2G6,VCX3B,1,1
PLA2G6,ZC3H4,1,1
PLA2G6,ZDHHC11B,1,1
PLA2G6,ZNF114,1,1
PLA2G6,ZNF43,1,1
PLA2G6,ZNF503,1,1
PLA2G6,ZNF689,1,1
PLA2G6,ZYG11A,1,1
ARFGEF2,ABCD1,1,1
ARFGEF2,ABHD12,1,1
ARFGEF2,ABHD2,1,1
ARFGEF2,ACAN,1,1
ARFGEF2,ACOT7,1,1
ARFGEF2,ADAMTS17,1,1
ARFGEF2,AKR7A2,1,1
ARFGEF2,AL513523.1,1,1
ARFGEF2,ALDH1A1,1,1
ARFGEF2,AMPH,1,1
ARFGEF2,ANKRD27,1,1
ARFGEF2,ANKRD30B,1,1
ARFGEF2,ANKRD44,1,1
ARFGEF2,ANO4,1,1
ARFGEF2,AP5S1,1,1
ARFGEF2,ARHGEF35,1,1
ARFGEF2,ARMT1,1,1
ARFGEF2,ASRGL1,1,1
ARFGEF2,ATAD3B,1,1
ARFGEF2,ATN1,1,1
ARFGEF2,ATP11A,1,1
ARFGEF2,ATP6V0D2,1,1
ARFGEF2,ATP6V1E1,1,1
ARFGEF2,BACE1,1,1
ARFGEF2,BAIAP2L1,1,1
ARFGEF2,BICDL1,1,1
ARFGEF2,BIRC7,1,1
ARFGEF2,BLCAP,1,1
ARFGEF2,C3ORF14,1,1
ARFGEF2,CADM1,1,1
ARFGEF2,CALD1,1,1
ARFGEF2,CAPG,1,1
ARFGEF2,CARHSP1,1,1
ARFGEF2,CCDC134,1,1
ARFGEF2,CCDC141,1,1
ARFGEF2,CCDC36,1,1
ARFGEF2,CCNA1,1,1
ARFGEF2,CD109,1,1
ARFGEF2,CD36,1,1
ARFGEF2,CD40,1,1
ARFGEF2,CDC42,1,1
ARFGEF2,CEACAM1,1,1
ARFGEF2,CHN2,1,1
ARFGEF2,CIB1,1,1
ARFGEF2,CLDN14,1,1
ARFGEF2,COL4A2,1,1
ARFGEF2,COPS8,1,1
ARFGEF2,CPTP,1,1
ARFGEF2,CRKL,1,1
ARFGEF2,CSF2RA,1,1
ARFGEF2,DAZ1,1,1
ARFGEF2,DBF4B,1,1
ARFGEF2,DDRGK1,1,1
ARFGEF2,DFFA,1,1
ARFGEF2,DNAJC11,1,1
ARFGEF2,DPY19L2P2,1,1
ARFGEF2,DPYSL5,1,1
ARFGEF2,DTNBP1,1,1
ARFGEF2,DTX3L,1,1
ARFGEF2,E2F2,1,1
ARFGEF2,ECHDC1,1,1
ARFGEF2,EIF5A2,1,1
ARFGEF2,EMILIN2,1,1
ARFGEF2,ENHO,1,1
ARFGEF2,ENPP1,1,1
ARFGEF2,ENTPD6,1,1
ARFGEF2,EPHA4,1,1
ARFGEF2,EPS15L1,1,1
ARFGEF2,EXOSC10,1,1
ARFGEF2,FAAP20,1,1
ARFGEF2,FAM102B,1,1
ARFGEF2,FAM118A,1,1
ARFGEF2,FAM126B,1,1
ARFGEF2,FAM19A3,1,1
ARFGEF2,FANCI,1,1
ARFGEF2,FBXO42,1,1
ARFGEF2,FEZF1,1,1
ARFGEF2,FN1,1,1
ARFGEF2,FRG2DP,1,1
ARFGEF2,FRMD4B,1,1
ARFGEF2,FUCA1,1,1
ARFGEF2,GALE,1,1
ARFGEF2,GCLM,1,1
ARFGEF2,GDAP2,1,1
ARFGEF2,GPR157,1,1
ARFGEF2,GPR55,1,1
ARFGEF2,HAS2,1,1
ARFGEF2,HENMT1,1,1
ARFGEF2,HERC2P5,1,1
ARFGEF2,HERC2P8,1,1
ARFGEF2,HKR1,1,1
ARFGEF2,HMGXB3,1,1
ARFGEF2,HOOK1,1,1
ARFGEF2,HSPA8P1,1,1
ARFGEF2,HSPA8P8,1,1
ARFGEF2,HSPA8P9,1,1
ARFGEF2,IDH3A,1,1
ARFGEF2,INTS3,1,1
ARFGEF2,IQGAP1,1,1
ARFGEF2,KCTD14,1,1
ARFGEF2,KIF1B,1,1
ARFGEF2,KIF7,1,1
ARFGEF2,KLHL21,1,1
ARFGEF2,LAMA1,1,1
ARFGEF2,LHX8,1,1
ARFGEF2,LIMK2,1,1
ARFGEF2,LINS1,1,1
ARFGEF2,LONRF3,1,1
ARFGEF2,LPXN,1,1
ARFGEF2,LRRC47,1,1
ARFGEF2,LRRC61,1,1
ARFGEF2,LSR,1,1
ARFGEF2,LUZP1,1,1
ARFGEF2,LYPLA2,1,1
ARFGEF2,MAD2L2,1,1
ARFGEF2,MAFF,1,1
ARFGEF2,MAPK1,1,1
ARFGEF2,MAPK8IP2,1,1
ARFGEF2,MCM3,1,1
ARFGEF2,MCOLN2,1,1
ARFGEF2,MCTP1,1,1
ARFGEF2,MERTK,1,1
ARFGEF2,MFF,1,1
ARFGEF2,MFN2,1,1
ARFGEF2,MGAM,1,1
ARFGEF2,MGAM2,1,1
ARFGEF2,MKRN3,1,1
ARFGEF2,MLXIP,1,1
ARFGEF2,MMP8,1,1
ARFGEF2,MORN1,1,1
ARFGEF2,MOXD1,1,1
ARFGEF2,MRFAP1,1,1
ARFGEF2,MTFP1,1,1
ARFGEF2,MTOR,1,1
ARFGEF2,MUL1,1,1
ARFGEF2,NBPF8,1,1
ARFGEF2,NDUFA10,1,1
ARFGEF2,NDUFS1,1,1
ARFGEF2,NOL4L,1,1
ARFGEF2,NOTCH2,1,1
ARFGEF2,NPPC,1,1
ARFGEF2,NRROS,1,1
ARFGEF2,PACSIN2,1,1
ARFGEF2,PARK7,1,1
ARFGEF2,PCSK2,1,1
ARFGEF2,PDE4B,1,1
ARFGEF2,PEX14,1,1
ARFGEF2,PEX26,1,1
ARFGEF2,PHGDH,1,1
ARFGEF2,PHTF1,1,1
ARFGEF2,PIK3R3,1,1
ARFGEF2,PIM3,1,1
ARFGEF2,PLEKHA7,1,1
ARFGEF2,PLEKHB2,1,1
ARFGEF2,PNKD,1,1
ARFGEF2,POLE4,1,1
ARFGEF2,PRKG2,1,1
ARFGEF2,PYGB,1,1
ARFGEF2,RAB17,1,1
ARFGEF2,RASEF,1,1
ARFGEF2,RBM19,1,1
ARFGEF2,RBX1,1,1
ARFGEF2,RER1,1,1
ARFGEF2,RP11-119J18.1,1,1
ARFGEF2,RP11-159J3.1,1,1
ARFGEF2,RP11-327P2.7,1,1
ARFGEF2,RP11-61N20.3,1,1
ARFGEF2,RPA2,1,1
ARFGEF2,RPH3A,1,1
ARFGEF2,RPL11,1,1
ARFGEF2,RPS6KA5,1,1
ARFGEF2,RSBN1,1,1
ARFGEF2,RTFDC1,1,1
ARFGEF2,RYBP,1,1
ARFGEF2,SAMM50,1,1
ARFGEF2,SBF1,1,1
ARFGEF2,SCIN,1,1
ARFGEF2,SCML4,1,1
ARFGEF2,SEC22B,1,1
ARFGEF2,SERGEF,1,1
ARFGEF2,SIRPB1,1,1
ARFGEF2,SLAMF7,1,1
ARFGEF2,SLC25A33,1,1
ARFGEF2,SLC2A11,1,1
ARFGEF2,SLC37A3,1,1
ARFGEF2,SLC46A3,1,1
ARFGEF2,SQRDL,1,1
ARFGEF2,SRM,1,1
ARFGEF2,SS18L1,1,1
ARFGEF2,ST13,1,1
ARFGEF2,STAT1,1,1
ARFGEF2,SYCP2,1,1
ARFGEF2,TBC1D4,1,1
ARFGEF2,TMC3,1,1
ARFGEF2,TMCO4,1,1
ARFGEF2,TMEM144,1,1
ARFGEF2,TMEM201,1,1
ARFGEF2,TMEM64,1,1
ARFGEF2,TMF1,1,1
ARFGEF2,TMUB1,1,1
ARFGEF2,TP73,1,1
ARFGEF2,TPPP,1,1
ARFGEF2,TRPA1,1,1
ARFGEF2,TRPV4,1,1
ARFGEF2,TTN,1,1
ARFGEF2,TUB,1,1
ARFGEF2,TXN2,1,1
ARFGEF2,UBE2J1,1,1
ARFGEF2,VAPB,1,1
ARFGEF2,VAV3,1,1
ARFGEF2,VCX3B,1,1
ARFGEF2,WARS2,1,1
ARFGEF2,WDR47,1,1
ARFGEF2,ZBED6CL,1,1
ARFGEF2,ZDHHC11B,1,1
ARFGEF2,ZNF114,1,1
ARFGEF2,ZNF43,1,1
ARFGEF2,ZNF503,1,1
ARFGEF2,ZNF689,1,1
ARFGEF2,ZNFX1,1,1
ARFGEF2,ZYG11A,1,1
BAIAP2L1,ABCD1,1,1
BAIAP2L1,AC013264.1,1,1
BAIAP2L1,AKAP9,1,1
BAIAP2L1,AKR7A2,1,1
BAIAP2L1,ANKRD30B,1,1
BAIAP2L1,ANKRD44,1,1
BAIAP2L1,ARHGEF34P,1,1
BAIAP2L1,ARHGEF35,1,1
BAIAP2L1,ARPC1A,1,1
BAIAP2L1,ASRGL1,1,1
BAIAP2L1,ATP11A,1,1
BAIAP2L1,ATP6V1C1,1,1
BAIAP2L1,ATP6V1E1,1,1
BAIAP2L1,ATRN,1,1
BAIAP2L1,BICDL1,1,1
BAIAP2L1,BIRC7,1,1
BAIAP2L1,CA8,1,1
BAIAP2L1,CAPG,1,1
BAIAP2L1,CCDC36,1,1
BAIAP2L1,CDC42,1,1
BAIAP2L1,CDKN2B,1,1
BAIAP2L1,CEACAM1,1,1
BAIAP2L1,CHN2,1,1
BAIAP2L1,CTSH,1,1
BAIAP2L1,DDRGK1,1,1
BAIAP2L1,DPY19L2P2,1,1
BAIAP2L1,DTNBP1,1,1
BAIAP2L1,EMILIN2,1,1
BAIAP2L1,EXOSC10,1,1
BAIAP2L1,FAM102B,1,1
BAIAP2L1,FAM126B,1,1
BAIAP2L1,FAM219A,1,1
BAIAP2L1,FBXO42,1,1
BAIAP2L1,FRMD4B,1,1
BAIAP2L1,FUCA1,1,1
BAIAP2L1,GCLM,1,1
BAIAP2L1,GRAMD4,1,1
BAIAP2L1,GTF2H1,1,1
BAIAP2L1,GYPC,1,1
BAIAP2L1,HAS2,1,1
BAIAP2L1,HENMT1,1,1
BAIAP2L1,HIPK1,1,1
BAIAP2L1,HMOX1,1,1
BAIAP2L1,HPS5,1,1
BAIAP2L1,HSPA8P1,1,1
BAIAP2L1,HSPA8P9,1,1
BAIAP2L1,KCTD14,1,1
BAIAP2L1,KIF1B,1,1
BAIAP2L1,LAMTOR4,1,1
BAIAP2L1,LDLRAD3,1,1
BAIAP2L1,LINS1,1,1
BAIAP2L1,LONRF3,1,1
BAIAP2L1,LUZP1,1,1
BAIAP2L1,LZIC,1,1
BAIAP2L1,MAPK1,1,1
BAIAP2L1,MED15,1,1
BAIAP2L1,MFF,1,1
BAIAP2L1,MLXIP,1,1
BAIAP2L1,MTOR,1,1
BAIAP2L1,NBPF8,1,1
BAIAP2L1,NDUFA10,1,1
BAIAP2L1,PEX10,1,1
BAIAP2L1,PEX14,1,1
BAIAP2L1,PEX26,1,1
BAIAP2L1,PNKD,1,1
BAIAP2L1,POLG,1,1
BAIAP2L1,RAB11FIP4,1,1
BAIAP2L1,RAB17,1,1
BAIAP2L1,RP11-159J3.1,1,1
BAIAP2L1,RP11-544O24.2,1,1
BAIAP2L1,RPS6KA5,1,1
BAIAP2L1,RSBN1,1,1
BAIAP2L1,RUSC2,1,1
BAIAP2L1,SAMM50,1,1
BAIAP2L1,SBF1,1,1
BAIAP2L1,SCIN,1,1
BAIAP2L1,SLC2A11,1,1
BAIAP2L1,SLC37A3,1,1
BAIAP2L1,SLC44A3,1,1
BAIAP2L1,SMPD1,1,1
BAIAP2L1,SNX8,1,1
BAIAP2L1,SPSB1,1,1
BAIAP2L1,SQRDL,1,1
BAIAP2L1,SRGAP2C,1,1
BAIAP2L1,SS18L1,1,1
BAIAP2L1,SYCP2,1,1
BAIAP2L1,TGFBR3,1,1
BAIAP2L1,TIMM8B,1,1
BAIAP2L1,TMCO4,1,1
BAIAP2L1,TMEM51,1,1
BAIAP2L1,TPPP,1,1
BAIAP2L1,TRPA1,1,1
BAIAP2L1,TUB,1,1
BAIAP2L1,UBE2J1,1,1
BAIAP2L1,VAV3,1,1
BAIAP2L1,WDR47,1,1
BAIAP2L1,ZNF43,1,1
BAIAP2L1,ZNF503,1,1
BAIAP2L1,ZYG11A,1,1
MCOLN2,ABCD1,1,1
MCOLN2,ABHD2,1,1
MCOLN2,ACAN,1,1
MCOLN2,ACOT7,1,1
MCOLN2,ADAMTS17,1,1
MCOLN2,AKR7A2,1,1
MCOLN2,AL513523.1,1,1
MCOLN2,ALDH1A1,1,1
MCOLN2,AMPH,1,1
MCOLN2,ANAPC5,1,1
MCOLN2,ANAPC7,1,1
MCOLN2,ANKRD27,1,1
MCOLN2,ANKRD30B,1,1
MCOLN2,AP1S3,1,1
MCOLN2,APITD1,1,1
MCOLN2,ARMT1,1,1
MCOLN2,ASRGL1,1,1
MCOLN2,ATAD3A,1,1
MCOLN2,ATAD3B,1,1
MCOLN2,ATN1,1,1
MCOLN2,ATOX1,1,1
MCOLN2,ATP10B,1,1
MCOLN2,ATP11A,1,1
MCOLN2,ATP5F1,1,1
MCOLN2,ATP6V0D2,1,1
MCOLN2,AURKAIP1,1,1
MCOLN2,BACE1,1,1
MCOLN2,BAIAP2L2,1,1
MCOLN2,BCAS2,1,1
MCOLN2,BICDL1,1,1
MCOLN2,BLCAP,1,1
MCOLN2,BMP8B,1,1
MCOLN2,C1ORF174,1,1
MCOLN2,C2ORF69,1,1
MCOLN2,C3ORF14,1,1
MCOLN2,CADM1,1,1
MCOLN2,CADPS,1,1
MCOLN2,CAPZA1,1,1
MCOLN2,CAPZA2,1,1
MCOLN2,CARHSP1,1,1
MCOLN2,CCDC134,1,1
MCOLN2,CCDC141,1,1
MCOLN2,CCNA1,1,1
MCOLN2,CD109,1,1
MCOLN2,CHN2,1,1
MCOLN2,CIB1,1,1
MCOLN2,CLDN14,1,1
MCOLN2,COQ10B,1,1
MCOLN2,CPTP,1,1
MCOLN2,CRKL,1,1
MCOLN2,CSDE1,1,1
MCOLN2,CSF2RA,1,1
MCOLN2,DBF4B,1,1
MCOLN2,DDOST,1,1
MCOLN2,DDT,1,1
MCOLN2,DFFA,1,1
MCOLN2,DNAJC11,1,1
MCOLN2,DPY19L2P2,1,1
MCOLN2,DPYSL5,1,1
MCOLN2,DTX3L,1,1
MCOLN2,E2F2,1,1
MCOLN2,ECE1,1,1
MCOLN2,EFHD2,1,1
MCOLN2,EIF5A2,1,1
MCOLN2,ENHO,1,1
MCOLN2,ENPP1,1,1
MCOLN2,ENTPD6,1,1
MCOLN2,EPHA4,1,1
MCOLN2,EPS15L1,1,1
MCOLN2,EXOSC10,1,1
MCOLN2,EXTL3,1,1
MCOLN2,EYA4,1,1
MCOLN2,FAM118A,1,1
MCOLN2,FAM19A3,1,1
MCOLN2,FAM81A,1,1
MCOLN2,FANCI,1,1
MCOLN2,FEZF1,1,1
MCOLN2,FIGNL1,1,1
MCOLN2,FN1,1,1
MCOLN2,FOXRED2,1,1
MCOLN2,FRG2DP,1,1
MCOLN2,GALE,1,1
MCOLN2,GET4,1,1
MCOLN2,GGH,1,1
MCOLN2,GLS,1,1
MCOLN2,GLT8D1,1,1
MCOLN2,GNB1L,1,1
MCOLN2,GPR157,1,1
MCOLN2,GPR55,1,1
MCOLN2,GSR,1,1
MCOLN2,GXYLT1,1,1
MCOLN2,HERC2P5,1,1
MCOLN2,HERC2P8,1,1
MCOLN2,HEY1,1,1
MCOLN2,HSPA8P1,1,1
MCOLN2,ID3,1,1
MCOLN2,IDH3A,1,1
MCOLN2,IMMP2L,1,1
MCOLN2,KDM1A,1,1
MCOLN2,KIAA2013,1,1
MCOLN2,KIF1B,1,1
MCOLN2,KIF7,1,1
MCOLN2,LAMA1,1,1
MCOLN2,LDHAP3,1,1
MCOLN2,LDHAP4,1,1
MCOLN2,LHX8,1,1
MCOLN2,LONRF3,1,1
MCOLN2,LPXN,1,1
MCOLN2,LRRC47,1,1
MCOLN2,LRRC61,1,1
MCOLN2,LSR,1,1
MCOLN2,LYPLA2,1,1
MCOLN2,MAD2L2,1,1
MCOLN2,MAPK8IP2,1,1
MCOLN2,MARS2,1,1
MCOLN2,MCAT,1,1
MCOLN2,MCM3,1,1
MCOLN2,MCTP1,1,1
MCOLN2,MERTK,1,1
MCOLN2,MFF,1,1
MCOLN2,MFN2,1,1
MCOLN2,MGAM,1,1
MCOLN2,MGAM2,1,1
MCOLN2,MKRN3,1,1
MCOLN2,MLH3,1,1
MCOLN2,MMP8,1,1
MCOLN2,MORN1,1,1
MCOLN2,MOXD1,1,1
MCOLN2,MRFAP1,1,1
MCOLN2,MTFP1,1,1
MCOLN2,MUL1,1,1
MCOLN2,NBPF8,1,1
MCOLN2,NCAPH2,1,1
MCOLN2,NDUFS1,1,1
MCOLN2,NELFCD,1,1
MCOLN2,NEMP1,1,1
MCOLN2,NOTCH2,1,1
MCOLN2,NPAS2,1,1
MCOLN2,NPPC,1,1
MCOLN2,NRROS,1,1
MCOLN2,NUP50,1,1
MCOLN2,OR7E38P,1,1
MCOLN2,ORC5,1,1
MCOLN2,P3H3,1,1
MCOLN2,PACSIN2,1,1
MCOLN2,PARK7,1,1
MCOLN2,PEX14,1,1
MCOLN2,PEX26,1,1
MCOLN2,PHGDH,1,1
MCOLN2,PHTF1,1,1
MCOLN2,PIK3R3,1,1
MCOLN2,PLCB4,1,1
MCOLN2,PLEKHA7,1,1
MCOLN2,PLEKHB2,1,1
MCOLN2,POLE4,1,1
MCOLN2,POLR2J,1,1
MCOLN2,POLR3G,1,1
MCOLN2,PRKG2,1,1
MCOLN2,PTTG1,1,1
MCOLN2,PYGB,1,1
MCOLN2,RALY,1,1
MCOLN2,RASEF,1,1
MCOLN2,RBM19,1,1
MCOLN2,RBM47,1,1
MCOLN2,RBX1,1,1
MCOLN2,RER1,1,1
MCOLN2,RLBP1,1,1
MCOLN2,RNF19A,1,1
MCOLN2,RP11-119J18.1,1,1
MCOLN2,RP11-327P2.7,1,1
MCOLN2,RP11-61N20.3,1,1
MCOLN2,RPA2,1,1
MCOLN2,RPH3A,1,1
MCOLN2,RPS6KA5,1,1
MCOLN2,RTCB,1,1
MCOLN2,RTFDC1,1,1
MCOLN2,RYBP,1,1
MCOLN2,SAMM50,1,1
MCOLN2,SCIN,1,1
MCOLN2,SCML4,1,1
MCOLN2,SDHB,1,1
MCOLN2,SEC22B,1,1
MCOLN2,SERGEF,1,1
MCOLN2,SHQ1,1,1
MCOLN2,SLAMF7,1,1
MCOLN2,SLC25A33,1,1
MCOLN2,SNRNP25,1,1
MCOLN2,SRM,1,1
MCOLN2,SRRD,1,1
MCOLN2,ST13,1,1
MCOLN2,STK17B,1,1
MCOLN2,STOML2,1,1
MCOLN2,TBC1D4,1,1
MCOLN2,TIMM50,1,1
MCOLN2,TMC3,1,1
MCOLN2,TMEM144,1,1
MCOLN2,TMEM201,1,1
MCOLN2,TMEM64,1,1
MCOLN2,TMF1,1,1
MCOLN2,TP73,1,1
MCOLN2,TRMU,1,1
MCOLN2,TRPV4,1,1
MCOLN2,TTN,1,1
MCOLN2,UBA3,1,1
MCOLN2,UBE2J1,1,1
MCOLN2,VAV3,1,1
MCOLN2,VCX3A,1,1
MCOLN2,VCX3B,1,1
MCOLN2,VDR,1,1
MCOLN2,WARS2,1,1
MCOLN2,WDR77,1,1
MCOLN2,ZC3H11B,1,1
MCOLN2,ZDHHC11B,1,1
MCOLN2,ZNF114,1,1
MCOLN2,ZNF503,1,1
MCOLN2,ZNF689,1,1
MCOLN2,ZNF697,1,1
MFGE8,ARHGEF5,1,1
MFGE8,CARD8,1,1
MFGE8,CDKN2B,1,1
MFGE8,CPS1,1,1
MFGE8,CRY2,1,1
MFGE8,CTSH,1,1
MFGE8,CYP2R1,1,1
MFGE8,DDX60L,1,1
MFGE8,EIF5AL1,1,1
MFGE8,EML1,1,1
MFGE8,FUT4,1,1
MFGE8,ICMT,1,1
MFGE8,MCOLN3,1,1
MFGE8,NAPB,1,1
MFGE8,PITHD1,1,1
MFGE8,PRKCA,1,1
MFGE8,PTDSS2,1,1
MFGE8,PYCARD,1,1
MFGE8,RAB34,1,1
MFGE8,RGS1,1,1
MFGE8,RUNX3,1,1
MFGE8,SIRPA,1,1
MFGE8,SLC44A3,1,1
MFGE8,SNPH,1,1
MFGE8,SOX13,1,1
MFGE8,STIM1,1,1
MFGE8,STXBP2,1,1
MFGE8,TMEM184B,1,1
MFGE8,TMEM9B,1,1
CTSH,ABCD1,1,1
CTSH,AC013264.1,1,1
CTSH,AKAP9,1,1
CTSH,ANKRD30B,1,1
CTSH,ANKRD44,1,1
CTSH,ARHGEF34P,1,1
CTSH,ARHGEF35,1,1
CTSH,ARHGEF5,1,1
CTSH,ATRN,1,1
CTSH,BAX,1,1
CTSH,BIRC7,1,1
CTSH,CA8,1,1
CTSH,CAPG,1,1
CTSH,CCDC115,1,1
CTSH,CCDC36,1,1
CTSH,CD40,1,1
CTSH,CDK5R1,1,1
CTSH,CDKN2B,1,1
CTSH,CEACAM1,1,1
CTSH,CERK,1,1
CTSH,CHN2,1,1
CTSH,CRY2,1,1
CTSH,DDRGK1,1,1
CTSH,DPY19L2P2,1,1
CTSH,EIF5AL1,1,1
CTSH,EMILIN2,1,1
CTSH,ERP29,1,1
CTSH,EVA1A,1,1
CTSH,FAM102B,1,1
CTSH,FAM126B,1,1
CTSH,FRAS1,1,1
CTSH,FUCA1,1,1
CTSH,FUT4,1,1
CTSH,GRAMD4,1,1
CTSH,GSTO1,1,1
CTSH,GUCD1,1,1
CTSH,GYPC,1,1
CTSH,HAS2,1,1
CTSH,HENMT1,1,1
CTSH,HP1BP3,1,1
CTSH,ICMT,1,1
CTSH,KCTD14,1,1
CTSH,LDLRAD3,1,1
CTSH,LINS1,1,1
CTSH,LONRF3,1,1
CTSH,LSM 8.00,1,1
CTSH,MCOLN3,1,1
CTSH,MME,1,1
CTSH,MYB,1,1
CTSH,NPC1,1,1
CTSH,PDE4B,1,1
CTSH,PITHD1,1,1
CTSH,POLG,1,1
CTSH,PRDM2,1,1
CTSH,PRKCA,1,1
CTSH,RAB11FIP4,1,1
CTSH,RBBP4,1,1
CTSH,RGS1,1,1
CTSH,RHOQ,1,1
CTSH,RMND1,1,1
CTSH,RPL11,1,1
CTSH,RSBN1,1,1
CTSH,RUNX3,1,1
CTSH,SBF1,1,1
CTSH,SIRPA,1,1
CTSH,SIRPB1,1,1
CTSH,SLC2A11,1,1
CTSH,SLC37A3,1,1
CTSH,SLC44A3,1,1
CTSH,SLC46A3,1,1
CTSH,SNX8,1,1
CTSH,SPON2,1,1
CTSH,SQRDL,1,1
CTSH,SS18L1,1,1
CTSH,STXBP2,1,1
CTSH,TGFBR1,1,1
CTSH,TGFBR3,1,1
CTSH,TIMM8B,1,1
CTSH,TMEM184B,1,1
CTSH,TMEM51,1,1
CTSH,TRPA1,1,1
CTSH,USP48,1,1
CTSH,VAMP3,1,1
CTSH,VANGL1,1,1
CTSH,ZC3H4,1,1
CTSH,ZNF43,1,1
CTSH,ZYG11A,1,1
CHKA,ARHGEF5,1,1
CHKA,C15ORF41,1,1
CHKA,CCDC115,1,1
CHKA,CDK5R1,1,1
CHKA,CERK,1,1
CHKA,COMMD9,1,1
CHKA,CRTC3,1,1
CHKA,CTD-3214H19.4,1,1
CHKA,CTSZ,1,1
CHKA,DDX60L,1,1
CHKA,FAM189B,1,1
CHKA,FAXC,1,1
CHKA,GFOD1,1,1
CHKA,GNB1,1,1
CHKA,GSTO1,1,1
CHKA,HLA-F,1,1
CHKA,HP1BP3,1,1
CHKA,ICMT,1,1
CHKA,KIAA1033,1,1
CHKA,MBP,1,1
CHKA,MCOLN3,1,1
CHKA,MGME1,1,1
CHKA,MLF 2.00,1,1
CHKA,NAV2,1,1
CHKA,OAT,1,1
CHKA,OR2A20P,1,1
CHKA,PARVA,1,1
CHKA,PER3,1,1
CHKA,PPT2,1,1
CHKA,PRPF38B,1,1
CHKA,PTDSS2,1,1
CHKA,PYCARD,1,1
CHKA,RAB11FIP4,1,1
CHKA,RAB34,1,1
CHKA,RBBP4,1,1
CHKA,RNF145,1,1
CHKA,RUNX3,1,1
CHKA,SIRPA,1,1
CHKA,SLC44A3,1,1
CHKA,SOX13,1,1
CHKA,STIM1,1,1
CHKA,STXBP2,1,1
CHKA,TRPS1,1,1
CHKA,VAMP3,1,1
CHKA,VAMP8,1,1
CHKA,VANGL1,1,1
CHKA,ZNF703,1,1
SNW1,ALKBH6,1,1
SNW1,C1ORF159,1,1
SNW1,CEP41,1,1
SNW1,CINP,1,1
SNW1,DUSP4,1,1
SNW1,EAPP,1,1
SNW1,ERGIC3,1,1
SNW1,HTRA1,1,1
SNW1,KCP,1,1
SNW1,MOV10,1,1
SNW1,MSL3P1,1,1
SNW1,NBPF26,1,1
SNW1,OAS1,1,1
SNW1,SLC22A23,1,1
SNW1,SRGAP1,1,1
SNW1,TMED9,1,1
SNW1,TOP2B,1,1
SZRD1,ANKRD27,1,1
SZRD1,BMP8B,1,1
SZRD1,C1ORF174,1,1
SZRD1,CCNA1,1,1
SZRD1,CCNO,1,1
SZRD1,CENPB,1,1
SZRD1,COPS8,1,1
SZRD1,DFFA,1,1
SZRD1,DFFB,1,1
SZRD1,DHX33,1,1
SZRD1,DOCK9,1,1
SZRD1,EEFSEC,1,1
SZRD1,EPHA4,1,1
SZRD1,FAM217B,1,1
SZRD1,FANCI,1,1
SZRD1,IDH3B,1,1
SZRD1,KIF7,1,1
SZRD1,LIMK2,1,1
SZRD1,LRRC47,1,1
SZRD1,MAP4K3,1,1
SZRD1,MARS2,1,1
SZRD1,MRPL46,1,1
SZRD1,MTERF1,1,1
SZRD1,NCAPH2,1,1
SZRD1,NT5DC3,1,1
SZRD1,NT5E,1,1
SZRD1,PIM3,1,1
SZRD1,POLE4,1,1
SZRD1,RTFDC1,1,1
SZRD1,SLAMF7,1,1
SZRD1,SMARCB1,1,1
SZRD1,SMG9,1,1
SZRD1,TMEM144,1,1
SZRD1,TMEM161B,1,1
SZRD1,TSN,1,1
SZRD1,ZNF189,1,1
SZRD1,ZNHIT3,1,1
CPNE8,KIRREL,1,1
CPNE8,PSMC2,1,1
CPNE8,TRIM33,1,1
CPNE8,TRRAP,1,1
LRBA,ATL1,1,1
LRBA,CDKN2D,1,1
LRBA,CRTC3,1,1
LRBA,CTSZ,1,1
LRBA,EPB41,1,1
LRBA,MFSD9,1,1
LRBA,PARVA,1,1
LRBA,PIK3CD,1,1
LRBA,RAB34,1,1
LRBA,RNF145,1,1
LRBA,SLC25A4,1,1
LRBA,TARSL2,1,1
LRBA,TRIQK,1,1
LRBA,ZNF703,1,1
DCLRE1C,ACADM,1,1
DCLRE1C,ALKBH3,1,1
DCLRE1C,APOBEC3G,1,1
DCLRE1C,ASB7,1,1
DCLRE1C,COPS8,1,1
DCLRE1C,DHX33,1,1
DCLRE1C,DOCK9,1,1
DCLRE1C,FAM217B,1,1
DCLRE1C,FGFR1OP2,1,1
DCLRE1C,GDAP2,1,1
DCLRE1C,GLTP,1,1
DCLRE1C,HIBCH,1,1
DCLRE1C,IDH3B,1,1
DCLRE1C,IQGAP1,1,1
DCLRE1C,KIN,1,1
DCLRE1C,KMT5B,1,1
DCLRE1C,KXD1,1,1
DCLRE1C,LDOC1,1,1
DCLRE1C,LENG9,1,1
DCLRE1C,LIMK2,1,1
DCLRE1C,MAP4K3,1,1
DCLRE1C,MRPL46,1,1
DCLRE1C,PHF20,1,1
DCLRE1C,PIM3,1,1
DCLRE1C,PPP1R12B,1,1
DCLRE1C,RBFA,1,1
DCLRE1C,RPS27L,1,1
DCLRE1C,RTCA,1,1
DCLRE1C,SLAMF7,1,1
DCLRE1C,SLC46A3,1,1
DCLRE1C,SLC4A4,1,1
DCLRE1C,SS18L1,1,1
DCLRE1C,STK25,1,1
DCLRE1C,TMEM9B,1,1
DCLRE1C,TTC37,1,1
DCLRE1C,UBE2L3,1,1
DCLRE1C,VAPB,1,1
DCLRE1C,ZNF525,1,1
SNX4,ABCD4,1,1
SNX4,ATG5,1,1
SNX4,KBTBD2,1,1
SNX4,MDC 1.00,1,1
SNX4,RAC1,1,1
SNX4,SDR39U1,1,1
SNX4,SLC25A13,1,1
SNX4,TRIM33,1,1
SNX4,WDR59,1,1
STK25,ALKBH3,1,1
STK25,APOBEC3G,1,1
STK25,CENPB,1,1
STK25,COPS8,1,1
STK25,DOCK9,1,1
STK25,EPHA4,1,1
STK25,GDAP2,1,1
STK25,IDH3B,1,1
STK25,LIMK2,1,1
STK25,MCAM,1,1
STK25,MKNK1,1,1
STK25,MRPL46,1,1
STK25,PIK3R3,1,1
STK25,PPP1R12B,1,1
STK25,PTMS,1,1
STK25,RP11-159J3.1,1,1
STK25,RP11-299H22.3,1,1
STK25,RPS27L,1,1
STK25,RTFDC1,1,1
STK25,SLAMF7,1,1
STK25,SLC4A4,1,1
STK25,SMG9,1,1
STK25,SS18L1,1,1
STK25,TMEM246,1,1
STK25,TUB,1,1
STK25,ZNF585B,1,1
CAPZA1,AGFG1,1,1
CAPZA1,AIM1,1,1
CAPZA1,AP1S3,1,1
CAPZA1,APITD1,1,1
CAPZA1,ARMC10,1,1
CAPZA1,ASCC2,1,1
CAPZA1,ATAD3A,1,1
CAPZA1,ATN1,1,1
CAPZA1,ATP6V0B,1,1
CAPZA1,AURKAIP1,1,1
CAPZA1,BCAS2,1,1
CAPZA1,BMP8B,1,1
CAPZA1,C2ORF69,1,1
CAPZA1,CADPS,1,1
CAPZA1,CLDN12,1,1
CAPZA1,CLSPN,1,1
CAPZA1,COQ10B,1,1
CAPZA1,CSDE1,1,1
CAPZA1,DFFA,1,1
CAPZA1,DGKG,1,1
CAPZA1,DPYSL5,1,1
CAPZA1,EFHD2,1,1
CAPZA1,EIF3D,1,1
CAPZA1,ELOVL5,1,1
CAPZA1,FAM81A,1,1
CAPZA1,FAM91A1,1,1
CAPZA1,FIGNL1,1,1
CAPZA1,GLS,1,1
CAPZA1,GSR,1,1
CAPZA1,GTPBP10,1,1
CAPZA1,GXYLT1,1,1
CAPZA1,HOXD4,1,1
CAPZA1,ID3,1,1
CAPZA1,KDM1A,1,1
CAPZA1,KIF7,1,1
CAPZA1,KLHDC3,1,1
CAPZA1,LDHAP3,1,1
CAPZA1,LDHAP4,1,1
CAPZA1,LRRC37A2,1,1
CAPZA1,LRRC47,1,1
CAPZA1,LRWD1,1,1
CAPZA1,LSR,1,1
CAPZA1,MCAT,1,1
CAPZA1,MRFAP1L1,1,1
CAPZA1,MTFP1,1,1
CAPZA1,MTPN,1,1
CAPZA1,NCAPH2,1,1
CAPZA1,NCKAP1,1,1
CAPZA1,NUDC,1,1
CAPZA1,NUP205,1,1
CAPZA1,NUP50,1,1
CAPZA1,OPA1,1,1
CAPZA1,ORC5,1,1
CAPZA1,P3H3,1,1
CAPZA1,PDXP,1,1
CAPZA1,PITPNM2,1,1
CAPZA1,PLCB4,1,1
CAPZA1,PLEKHB2,1,1
CAPZA1,POLR3G,1,1
CAPZA1,POLR3K,1,1
CAPZA1,PYGB,1,1
CAPZA1,RALY,1,1
CAPZA1,RNF19A,1,1
CAPZA1,RTCB,1,1
CAPZA1,SHQ1,1,1
CAPZA1,SRM,1,1
CAPZA1,ST13,1,1
CAPZA1,STK17B,1,1
CAPZA1,STK38L,1,1
CAPZA1,STOML2,1,1
CAPZA1,TAF13,1,1
CAPZA1,TMEM144,1,1
CAPZA1,TRAM1,1,1
CAPZA1,TRIP12,1,1
CAPZA1,TRMU,1,1
CAPZA1,UBA3,1,1
CAPZA1,VDR,1,1
CAPZA1,WARS2,1,1
CAPZA1,WDR77,1,1
CAPZA1,XPC,1,1
HNRNPR,ANAPC7,1,1
HNRNPR,ARMT1,1,1
HNRNPR,BACE1,1,1
HNRNPR,CALD1,1,1
HNRNPR,CRKL,1,1
HNRNPR,DNAJC11,1,1
HNRNPR,ECHDC1,1,1
HNRNPR,EIF5A2,1,1
HNRNPR,EVL,1,1
HNRNPR,G3BP2,1,1
HNRNPR,GALNT1,1,1
HNRNPR,GLT8D1,1,1
HNRNPR,GXYLT1,1,1
HNRNPR,IDH3A,1,1
HNRNPR,ISCA2,1,1
HNRNPR,MCM3,1,1
HNRNPR,NDUFAF4,1,1
HNRNPR,NELFCD,1,1
HNRNPR,NEMP1,1,1
HNRNPR,NRROS,1,1
HNRNPR,PLEKHB2,1,1
HNRNPR,RBM19,1,1
HNRNPR,RNF123,1,1
HNRNPR,RP11-61N20.3,1,1
HNRNPR,RYBP,1,1
HNRNPR,SLC25A33,1,1
HNRNPR,STK11,1,1
HNRNPR,TMEM201,1,1
HNRNPR,UBE2J1,1,1
DBF4B,ABCD1,1,1
DBF4B,ABHD12,1,1
DBF4B,ABHD2,1,1
DBF4B,ACAN,1,1
DBF4B,ACOT7,1,1
DBF4B,ADAMTS17,1,1
DBF4B,AK6,1,1
DBF4B,AKR7A2,1,1
DBF4B,AL513523.1,1,1
DBF4B,ALDH1A1,1,1
DBF4B,AMPH,1,1
DBF4B,ANAPC5,1,1
DBF4B,ARHGEF35,1,1
DBF4B,ARMT1,1,1
DBF4B,ASRGL1,1,1
DBF4B,ATAD3B,1,1
DBF4B,ATN1,1,1
DBF4B,ATP5F1,1,1
DBF4B,BACE1,1,1
DBF4B,BICDL1,1,1
DBF4B,BIRC7,1,1
DBF4B,BLCAP,1,1
DBF4B,C2ORF69,1,1
DBF4B,C3ORF14,1,1
DBF4B,CADM1,1,1
DBF4B,CARHSP1,1,1
DBF4B,CCDC134,1,1
DBF4B,CCNA1,1,1
DBF4B,CD109,1,1
DBF4B,CD36,1,1
DBF4B,CIB1,1,1
DBF4B,CLDN14,1,1
DBF4B,COL4A2,1,1
DBF4B,CPTP,1,1
DBF4B,DAZ1,1,1
DBF4B,DNAJC11,1,1
DBF4B,DPY19L2P2,1,1
DBF4B,DPYSL5,1,1
DBF4B,DTX3L,1,1
DBF4B,E2F2,1,1
DBF4B,EIF5A2,1,1
DBF4B,EMILIN2,1,1
DBF4B,ENHO,1,1
DBF4B,ENPP1,1,1
DBF4B,ENTPD6,1,1
DBF4B,EPHA4,1,1
DBF4B,EXOSC10,1,1
DBF4B,FAAP20,1,1
DBF4B,FAM118A,1,1
DBF4B,FAM19A3,1,1
DBF4B,FANCI,1,1
DBF4B,FEZF1,1,1
DBF4B,FN1,1,1
DBF4B,GALE,1,1
DBF4B,GGH,1,1
DBF4B,GNB1L,1,1
DBF4B,GPR157,1,1
DBF4B,HENMT1,1,1
DBF4B,HERC2P8,1,1
DBF4B,HMGXB3,1,1
DBF4B,HOOK1,1,1
DBF4B,HSPA8P1,1,1
DBF4B,HSPA8P8,1,1
DBF4B,IDH3A,1,1
DBF4B,IMMP2L,1,1
DBF4B,KCTD14,1,1
DBF4B,LAMA1,1,1
DBF4B,LHX8,1,1
DBF4B,LIMK2,1,1
DBF4B,LMF2,1,1
DBF4B,LONRF3,1,1
DBF4B,LPXN,1,1
DBF4B,LRRC47,1,1
DBF4B,LRRC61,1,1
DBF4B,MAD2L2,1,1
DBF4B,MCM3,1,1
DBF4B,MERTK,1,1
DBF4B,MFF,1,1
DBF4B,MFN2,1,1
DBF4B,MGAM,1,1
DBF4B,MGAM2,1,1
DBF4B,MLXIP,1,1
DBF4B,MMP8,1,1
DBF4B,MORN1,1,1
DBF4B,MOXD1,1,1
DBF4B,MRFAP1,1,1
DBF4B,MTFP1,1,1
DBF4B,MTOR,1,1
DBF4B,MUL1,1,1
DBF4B,NDUFS1,1,1
DBF4B,NEMP1,1,1
DBF4B,NOL4L,1,1
DBF4B,NOTCH2,1,1
DBF4B,NRROS,1,1
DBF4B,PACSIN2,1,1
DBF4B,PARK7,1,1
DBF4B,PCSK2,1,1
DBF4B,PDE4B,1,1
DBF4B,PEX14,1,1
DBF4B,PHGDH,1,1
DBF4B,PHTF1,1,1
DBF4B,PIK3R3,1,1
DBF4B,PLEKHA7,1,1
DBF4B,PRKG2,1,1
DBF4B,RALY,1,1
DBF4B,RASEF,1,1
DBF4B,RBM19,1,1
DBF4B,RBX1,1,1
DBF4B,RCN3,1,1
DBF4B,RER1,1,1
DBF4B,RP11-119J18.1,1,1
DBF4B,RP11-327P2.7,1,1
DBF4B,RPA2,1,1
DBF4B,RPH3A,1,1
DBF4B,RPL11,1,1
DBF4B,RPS6KA5,1,1
DBF4B,RTFDC1,1,1
DBF4B,RYBP,1,1
DBF4B,SAMM50,1,1
DBF4B,SCIN,1,1
DBF4B,SCML4,1,1
DBF4B,SEC22B,1,1
DBF4B,SLAMF7,1,1
DBF4B,SLC25A33,1,1
DBF4B,SLC46A3,1,1
DBF4B,SNRNP25,1,1
DBF4B,SRM,1,1
DBF4B,STAT1,1,1
DBF4B,SYCP2,1,1
DBF4B,TBC1D4,1,1
DBF4B,TMC3,1,1
DBF4B,TMEM144,1,1
DBF4B,TMEM201,1,1
DBF4B,TMEM64,1,1
DBF4B,TP73,1,1
DBF4B,TRMU,1,1
DBF4B,UBE2J1,1,1
DBF4B,VAV3,1,1
DBF4B,VCX3B,1,1
DBF4B,WARS2,1,1
DBF4B,ZBED6CL,1,1
DBF4B,ZDHHC11B,1,1
DBF4B,ZNF114,1,1
DBF4B,ZNF503,1,1
DBF4B,ZNF689,1,1
DBF4B,ZNF776,1,1
DBF4B,ZYG11A,1,1
FAM65B,CTSZ,1,1
FAM65B,ERP29,1,1
FAM65B,EVA1A,1,1
FAM65B,FBXO32,1,1
FAM65B,HERC5,1,1
FAM65B,LNX2,1,1
FAM65B,NAGA,1,1
FAM65B,RMND1,1,1
TSPAN14,ATP5J2,1,1
TSPAN14,CCDC88A,1,1
TSPAN14,PDK3,1,1
TSPAN14,SNX2,1,1
SPESP1,H2AFZ,1,1
SPESP1,MME,1,1
SPESP1,RTCA,1,1
SPESP1,ZNF525,1,1
EAPP,AKR7A2,1,1
EAPP,ATP10B,1,1
EAPP,ATP6V1E1,1,1
EAPP,BAIAP2L2,1,1
EAPP,BCL2L13,1,1
EAPP,BLCAP,1,1
EAPP,CARD16,1,1
EAPP,CD109,1,1
EAPP,CD164,1,1
EAPP,CEP41,1,1
EAPP,CINP,1,1
EAPP,DNAJC16,1,1
EAPP,DUSP4,1,1
EAPP,EARS2,1,1
EAPP,EIF4G3,1,1
EAPP,EIF5A2,1,1
EAPP,ERGIC3,1,1
EAPP,FOXRED2,1,1
EAPP,GLB1L2,1,1
EAPP,HK2,1,1
EAPP,HTRA1,1,1
EAPP,IGF1R,1,1
EAPP,IGF2R,1,1
EAPP,JAK2,1,1
EAPP,KCNN2,1,1
EAPP,KCP,1,1
EAPP,KDM5A,1,1
EAPP,LAMA1,1,1
EAPP,LAMP2,1,1
EAPP,LAMTOR5,1,1
EAPP,LMAN2L,1,1
EAPP,LMF2,1,1
EAPP,LPXN,1,1
EAPP,MDFIC,1,1
EAPP,MGST2,1,1
EAPP,MIIP,1,1
EAPP,MLX,1,1
EAPP,MOV10,1,1
EAPP,MSL3P1,1,1
EAPP,NBPF26,1,1
EAPP,NEK6,1,1
EAPP,NOL4L,1,1
EAPP,OAS1,1,1
EAPP,PACSIN2,1,1
EAPP,PARP9,1,1
EAPP,PIGO,1,1
EAPP,PLCD3,1,1
EAPP,PQLC2,1,1
EAPP,PTPRK,1,1
EAPP,RAB17,1,1
EAPP,RHOJ,1,1
EAPP,RPAP2,1,1
EAPP,RRBP1,1,1
EAPP,SAMHD1,1,1
EAPP,SFI1,1,1
EAPP,SGK3,1,1
EAPP,SLC22A23,1,1
EAPP,SLC35F5,1,1
EAPP,SPRY1,1,1
EAPP,SRGAP1,1,1
EAPP,STK39,1,1
EAPP,STXBP3,1,1
EAPP,TCEB3,1,1
EAPP,TCTN3,1,1
EAPP,TESK2,1,1
EAPP,TIMM50,1,1
EAPP,TMED9,1,1
EAPP,TRIB1,1,1
EAPP,TTF2,1,1
EAPP,TXLNA,1,1
EAPP,UGT2B7,1,1
EAPP,USP18,1,1
EAPP,ZNF326,1,1
EAPP,ZNF839,1,1
VPS50,ATP7B,1,1
VPS50,CCDC115,1,1
VPS50,CCDC36,1,1
VPS50,CDK5R1,1,1
VPS50,COMMD9,1,1
VPS50,CTD-3214H19.4,1,1
VPS50,CTSZ,1,1
VPS50,FAM160B1,1,1
VPS50,FAXC,1,1
VPS50,GNB1,1,1
VPS50,HEATR5B,1,1
VPS50,HLA-F,1,1
VPS50,HP1BP3,1,1
VPS50,KIAA1033,1,1
VPS50,MBP,1,1
VPS50,NAV2,1,1
VPS50,OAT,1,1
VPS50,PER3,1,1
VPS50,PPT2,1,1
VPS50,PRDM2,1,1
VPS50,RAB11FIP4,1,1
VPS50,RBBP4,1,1
VPS50,RHOQ,1,1
VPS50,RUNX3,1,1
VPS50,SIRPA,1,1
VPS50,SLC44A3,1,1
VPS50,SNPH,1,1
VPS50,SNX8,1,1
VPS50,TPRG1L,1,1
LAMTOR4,ABCD1,1,1
LAMTOR4,AC013264.1,1,1
LAMTOR4,AGAP3,1,1
LAMTOR4,AKR7A2,1,1
LAMTOR4,ANKRD44,1,1
LAMTOR4,ARPC1A,1,1
LAMTOR4,ATP6V1E1,1,1
LAMTOR4,ATP6V1F,1,1
LAMTOR4,BCL2L13,1,1
LAMTOR4,CA8,1,1
LAMTOR4,DERA,1,1
LAMTOR4,DNAJC16,1,1
LAMTOR4,DTNBP1,1,1
LAMTOR4,EIF4G3,1,1
LAMTOR4,EPM2AIP1,1,1
LAMTOR4,FAM126A,1,1
LAMTOR4,FAM167B,1,1
LAMTOR4,FRMD4B,1,1
LAMTOR4,FUCA1,1,1
LAMTOR4,GAB2,1,1
LAMTOR4,GRAMD4,1,1
LAMTOR4,GYPC,1,1
LAMTOR4,HAS2,1,1
LAMTOR4,HIPK1,1,1
LAMTOR4,HPS5,1,1
LAMTOR4,IGF1R,1,1
LAMTOR4,JAK2,1,1
LAMTOR4,LAMP2,1,1
LAMTOR4,LAMTOR5,1,1
LAMTOR4,LSM 8.00,1,1
LAMTOR4,MAPK1,1,1
LAMTOR4,MED15,1,1
LAMTOR4,MFF,1,1
LAMTOR4,MLXIP,1,1
LAMTOR4,MTOR,1,1
LAMTOR4,NADK,1,1
LAMTOR4,NBPF8,1,1
LAMTOR4,NDUFC2-KCTD14,1,1
LAMTOR4,NMNAT1,1,1
LAMTOR4,NPC1,1,1
LAMTOR4,PEX10,1,1
LAMTOR4,PIGO,1,1
LAMTOR4,PNKD,1,1
LAMTOR4,POLG,1,1
LAMTOR4,POMGNT1,1,1
LAMTOR4,PPP1R3D,1,1
LAMTOR4,RAB17,1,1
LAMTOR4,RMND1,1,1
LAMTOR4,RUSC2,1,1
LAMTOR4,SBF1,1,1
LAMTOR4,SGCE,1,1
LAMTOR4,SGK3,1,1
LAMTOR4,SLC23A2,1,1
LAMTOR4,SLC2A11,1,1
LAMTOR4,SLC37A3,1,1
LAMTOR4,SMPD1,1,1
LAMTOR4,SPSB1,1,1
LAMTOR4,SRGAP2C,1,1
LAMTOR4,STK39,1,1
LAMTOR4,STXBP3,1,1
LAMTOR4,TESK2,1,1
LAMTOR4,TGFBR3,1,1
LAMTOR4,TMEM51,1,1
LAMTOR4,TRMT12,1,1
LAMTOR4,TRPV2,1,1
LAMTOR4,TXN2,1,1
LAMTOR4,USP48,1,1
LAMTOR4,WDR47,1,1
LAMTOR4,ZNF814,1,1
SPEN,DHX33,1,1
SPEN,FAM217B,1,1
SPEN,MTERF1,1,1
SPEN,TTC37,1,1
SPEN,ZNHIT3,1,1
INF2,AC013264.1,1,1
INF2,AKR7A2,1,1
INF2,ANKRD44,1,1
INF2,ARPC1A,1,1
INF2,ATP6V1C1,1,1
INF2,ATP6V1E1,1,1
INF2,CA8,1,1
INF2,CALD1,1,1
INF2,CDC42,1,1
INF2,DDI2,1,1
INF2,DENND1A,1,1
INF2,EIF4G3,1,1
INF2,FRMD4B,1,1
INF2,G3BP2,1,1
INF2,GLIS2,1,1
INF2,GYPC,1,1
INF2,HIPK1,1,1
INF2,HPS5,1,1
INF2,IL16,1,1
INF2,JAK2,1,1
INF2,KIF16B,1,1
INF2,LAMP2,1,1
INF2,LAMTOR5,1,1
INF2,LSM 8.00,1,1
INF2,LUZP1,1,1
INF2,LZIC,1,1
INF2,MAPK1,1,1
INF2,MARK3,1,1
INF2,MED15,1,1
INF2,MESDC1,1,1
INF2,METRNL,1,1
INF2,MLXIP,1,1
INF2,MTA1,1,1
INF2,MTOR,1,1
INF2,NADK,1,1
INF2,NDUFC2-KCTD14,1,1
INF2,NT5DC1,1,1
INF2,PDK3,1,1
INF2,PIGO,1,1
INF2,PNKD,1,1
INF2,PPP1R3D,1,1
INF2,RAB17,1,1
INF2,REPS1,1,1
INF2,RP11-665C16.9,1,1
INF2,RRBP1,1,1
INF2,SGCE,1,1
INF2,SGK3,1,1
INF2,SLC23A2,1,1
INF2,SLC37A3,1,1
INF2,SPECC1,1,1
INF2,ST7,1,1
INF2,STXBP3,1,1
INF2,SYNPO,1,1
INF2,TCEB3,1,1
INF2,TESK2,1,1
INF2,TGFBR3,1,1
INF2,TMEM51,1,1
INF2,TNKS1BP1,1,1
INF2,TRPV2,1,1
INF2,TXLNA,1,1
INF2,UBE2J1,1,1
INF2,USP48,1,1
INF2,VCP,1,1
BACE1,ABHD2,1,1
BACE1,ACAN,1,1
BACE1,ACOT7,1,1
BACE1,ADAMTS17,1,1
BACE1,AKR7A2,1,1
BACE1,AL513523.1,1,1
BACE1,ALDH1A1,1,1
BACE1,AMPH,1,1
BACE1,ANAPC7,1,1
BACE1,ANKRD27,1,1
BACE1,AP1S3,1,1
BACE1,APITD1,1,1
BACE1,ARMT1,1,1
BACE1,ASRGL1,1,1
BACE1,ATAD3B,1,1
BACE1,ATN1,1,1
BACE1,ATOX1,1,1
BACE1,ATP11A,1,1
BACE1,ATP5F1,1,1
BACE1,BCAS2,1,1
BACE1,BICDL1,1,1
BACE1,BLCAP,1,1
BACE1,C1ORF174,1,1
BACE1,C2ORF69,1,1
BACE1,C3ORF14,1,1
BACE1,CADM1,1,1
BACE1,CALD1,1,1
BACE1,CAPZA2,1,1
BACE1,CARHSP1,1,1
BACE1,CCDC134,1,1
BACE1,CCNA1,1,1
BACE1,CD109,1,1
BACE1,CDC7,1,1
BACE1,CENPI,1,1
BACE1,CGN,1,1
BACE1,CHN2,1,1
BACE1,CIB1,1,1
BACE1,CIT,1,1
BACE1,CLSPN,1,1
BACE1,CSDE1,1,1
BACE1,DDT,1,1
BACE1,DNAJC11,1,1
BACE1,DPYSL5,1,1
BACE1,DTX3L,1,1
BACE1,E2F2,1,1
BACE1,EIF5A2,1,1
BACE1,ENHO,1,1
BACE1,ENPP1,1,1
BACE1,EPHA4,1,1
BACE1,EXOSC10,1,1
BACE1,FAM118A,1,1
BACE1,FAM19A3,1,1
BACE1,FANCI,1,1
BACE1,FN1,1,1
BACE1,FRG2DP,1,1
BACE1,GALE,1,1
BACE1,GGH,1,1
BACE1,GLT8D1,1,1
BACE1,GNB1L,1,1
BACE1,GPR157,1,1
BACE1,GPR55,1,1
BACE1,GXYLT1,1,1
BACE1,HERC2P5,1,1
BACE1,HERC2P8,1,1
BACE1,HEY1,1,1
BACE1,HSPA8P1,1,1
BACE1,IDH3A,1,1
BACE1,IMMP2L,1,1
BACE1,KIAA2013,1,1
BACE1,KIF1B,1,1
BACE1,LAMA1,1,1
BACE1,LONRF3,1,1
BACE1,LPXN,1,1
BACE1,LSR,1,1
BACE1,MAD2L2,1,1
BACE1,MAPK8IP2,1,1
BACE1,MARS2,1,1
BACE1,MCAT,1,1
BACE1,MCM3,1,1
BACE1,MCTP1,1,1
BACE1,MERTK,1,1
BACE1,MFF,1,1
BACE1,MFN2,1,1
BACE1,MGAM2,1,1
BACE1,MKRN3,1,1
BACE1,MLH3,1,1
BACE1,MMP8,1,1
BACE1,MPHOSPH9,1,1
BACE1,MTFP1,1,1
BACE1,NBPF8,1,1
BACE1,NDUFS1,1,1
BACE1,NELFCD,1,1
BACE1,NEMP1,1,1
BACE1,NOL4L,1,1
BACE1,NOTCH2,1,1
BACE1,NPPC,1,1
BACE1,NRROS,1,1
BACE1,PACSIN2,1,1
BACE1,PARK7,1,1
BACE1,PDGFD,1,1
BACE1,PHTF1,1,1
BACE1,POLE4,1,1
BACE1,POLR3G,1,1
BACE1,PRKG2,1,1
BACE1,PTTG1,1,1
BACE1,RALY,1,1
BACE1,RASEF,1,1
BACE1,RBM19,1,1
BACE1,RBM47,1,1
BACE1,RBX1,1,1
BACE1,REPS1,1,1
BACE1,RER1,1,1
BACE1,RNF123,1,1
BACE1,RP11-61N20.3,1,1
BACE1,RPA2,1,1
BACE1,RPH3A,1,1
BACE1,RPS6KA5,1,1
BACE1,RTCB,1,1
BACE1,RYBP,1,1
BACE1,SAMM50,1,1
BACE1,SCML4,1,1
BACE1,SDHB,1,1
BACE1,SEC22B,1,1
BACE1,SERGEF,1,1
BACE1,SIRPB1,1,1
BACE1,SLC25A33,1,1
BACE1,SNRNP25,1,1
BACE1,SRM,1,1
BACE1,ST13,1,1
BACE1,STK17B,1,1
BACE1,STOML2,1,1
BACE1,TBC1D4,1,1
BACE1,TIMM50,1,1
BACE1,TMEM144,1,1
BACE1,TMEM201,1,1
BACE1,TMEM64,1,1
BACE1,TMF1,1,1
BACE1,TP73,1,1
BACE1,TRMU,1,1
BACE1,TRPV4,1,1
BACE1,TTF2,1,1
BACE1,TTN,1,1
BACE1,UBE2J1,1,1
BACE1,VAV3,1,1
BACE1,VCX3B,1,1
BACE1,WARS2,1,1
BACE1,WDR77,1,1
BACE1,ZC3H11B,1,1
BACE1,ZDHHC11B,1,1
BACE1,ZNF114,1,1
BACE1,ZNF503,1,1
BACE1,ZNF689,1,1
PTMS,AC090094.1,1,1
PTMS,ACAN,1,1
PTMS,ASRGL1,1,1
PTMS,ATP6V0D2,1,1
PTMS,C1ORF174,1,1
PTMS,C3ORF14,1,1
PTMS,CCDC141,1,1
PTMS,CCNA1,1,1
PTMS,COPS8,1,1
PTMS,DAZ1,1,1
PTMS,DFFA,1,1
PTMS,DHX33,1,1
PTMS,DOCK9,1,1
PTMS,DTX3L,1,1
PTMS,E2F2,1,1
PTMS,ENTPD6,1,1
PTMS,EPHA4,1,1
PTMS,FANCI,1,1
PTMS,GCLM,1,1
PTMS,HSPA8P1,1,1
PTMS,IDH3B,1,1
PTMS,LHX8,1,1
PTMS,LIMK2,1,1
PTMS,LRRC47,1,1
PTMS,MKRN3,1,1
PTMS,MOXD1,1,1
PTMS,MRPL46,1,1
PTMS,MTERF1,1,1
PTMS,NCAPH2,1,1
PTMS,NT5DC3,1,1
PTMS,PGAP2,1,1
PTMS,PIK3R3,1,1
PTMS,PIM3,1,1
PTMS,POLE4,1,1
PTMS,PRKG2,1,1
PTMS,RP11-299H22.3,1,1
PTMS,RPH3A,1,1
PTMS,RTFDC1,1,1
PTMS,SCIN,1,1
PTMS,SLAMF7,1,1
PTMS,SLC4A4,1,1
PTMS,SMG9,1,1
PTMS,SRBD1,1,1
PTMS,TMC3,1,1
PTMS,TMEM246,1,1
PTMS,TP73,1,1
PTMS,TUB,1,1
PTMS,ZNF114,1,1
PTMS,ZNF189,1,1
PTMS,ZNF689,1,1
PTMS,ZNHIT3,1,1
PTMS,ZYG11A,1,1
FIGNL1,AIM1,1,1
FIGNL1,ALDH1B1,1,1
FIGNL1,AP1S3,1,1
FIGNL1,APITD1,1,1
FIGNL1,ARMC10,1,1
FIGNL1,ATAD3A,1,1
FIGNL1,ATN1,1,1
FIGNL1,ATP6V0B,1,1
FIGNL1,BCAS2,1,1
FIGNL1,C2ORF69,1,1
FIGNL1,CADPS,1,1
FIGNL1,CAPZA2,1,1
FIGNL1,CLDN12,1,1
FIGNL1,CLSPN,1,1
FIGNL1,COQ10B,1,1
FIGNL1,CSDE1,1,1
FIGNL1,DLD,1,1
FIGNL1,E2F2,1,1
FIGNL1,EFHD2,1,1
FIGNL1,ELOVL5,1,1
FIGNL1,FAM81A,1,1
FIGNL1,GLS,1,1
FIGNL1,GNB1L,1,1
FIGNL1,GPR55,1,1
FIGNL1,GTPBP10,1,1
FIGNL1,GXYLT1,1,1
FIGNL1,ID3,1,1
FIGNL1,IDH3A,1,1
FIGNL1,KDM1A,1,1
FIGNL1,KLHDC3,1,1
FIGNL1,LDHAP3,1,1
FIGNL1,LDHAP4,1,1
FIGNL1,LRRC37A2,1,1
FIGNL1,LRWD1,1,1
FIGNL1,LSR,1,1
FIGNL1,LUC7L2,1,1
FIGNL1,MARS2,1,1
FIGNL1,MCAT,1,1
FIGNL1,MCM3,1,1
FIGNL1,MCTP1,1,1
FIGNL1,MLH3,1,1
FIGNL1,MTFP1,1,1
FIGNL1,MTPN,1,1
FIGNL1,NDUFAF4,1,1
FIGNL1,NOTCH2,1,1
FIGNL1,NUP205,1,1
FIGNL1,NUP50,1,1
FIGNL1,OPA1,1,1
FIGNL1,ORC5,1,1
FIGNL1,P3H3,1,1
FIGNL1,PDXP,1,1
FIGNL1,PLCB4,1,1
FIGNL1,PLEKHB2,1,1
FIGNL1,POLR3G,1,1
FIGNL1,POLR3K,1,1
FIGNL1,PYGB,1,1
FIGNL1,RALY,1,1
FIGNL1,RASEF,1,1
FIGNL1,RBM47,1,1
FIGNL1,RLBP1,1,1
FIGNL1,RTCB,1,1
FIGNL1,SHQ1,1,1
FIGNL1,SLC16A1,1,1
FIGNL1,SLC5A6,1,1
FIGNL1,SP4,1,1
FIGNL1,SRM,1,1
FIGNL1,ST13,1,1
FIGNL1,STK11,1,1
FIGNL1,STK17B,1,1
FIGNL1,STOML2,1,1
FIGNL1,TMEM144,1,1
FIGNL1,TMEM64,1,1
FIGNL1,TMF1,1,1
FIGNL1,TONSL,1,1
FIGNL1,TRAM1,1,1
FIGNL1,TRIP12,1,1
FIGNL1,TRMU,1,1
FIGNL1,TSN,1,1
FIGNL1,UBA3,1,1
FIGNL1,VDR,1,1
FIGNL1,WARS2,1,1
FIGNL1,WDR77,1,1
FIGNL1,XPC,1,1
FIGNL1,ZC3H11B,1,1
EPHA4,ABCD1,1,1
EPHA4,ABHD12,1,1
EPHA4,ABHD2,1,1
EPHA4,AC090094.1,1,1
EPHA4,ACAN,1,1
EPHA4,ACOT7,1,1
EPHA4,ADAMTS17,1,1
EPHA4,AGA,1,1
EPHA4,AL513523.1,1,1
EPHA4,ALDH1A1,1,1
EPHA4,AMPH,1,1
EPHA4,ANKRD27,1,1
EPHA4,ANKRD30B,1,1
EPHA4,ANO4,1,1
EPHA4,AP1S3,1,1
EPHA4,APOL1,1,1
EPHA4,ARHGEF35,1,1
EPHA4,ARMT1,1,1
EPHA4,ASRGL1,1,1
EPHA4,ATAD3B,1,1
EPHA4,ATN1,1,1
EPHA4,ATP6V0D2,1,1
EPHA4,BICDL1,1,1
EPHA4,BIRC7,1,1
EPHA4,BMP8B,1,1
EPHA4,C1ORF174,1,1
EPHA4,C2ORF69,1,1
EPHA4,C3ORF14,1,1
EPHA4,CAPG,1,1
EPHA4,CCDC141,1,1
EPHA4,CCNA1,1,1
EPHA4,CCNO,1,1
EPHA4,CEACAM1,1,1
EPHA4,CHN2,1,1
EPHA4,CIB1,1,1
EPHA4,CLDN14,1,1
EPHA4,COL4A2,1,1
EPHA4,COPS8,1,1
EPHA4,CPTP,1,1
EPHA4,CRKL,1,1
EPHA4,CSF2RA,1,1
EPHA4,DAZ1,1,1
EPHA4,DDRGK1,1,1
EPHA4,DFFA,1,1
EPHA4,DHX33,1,1
EPHA4,DOCK9,1,1
EPHA4,DPY19L2P2,1,1
EPHA4,DPYSL5,1,1
EPHA4,DTX3L,1,1
EPHA4,E2F2,1,1
EPHA4,EEFSEC,1,1
EPHA4,EMILIN2,1,1
EPHA4,ENPP1,1,1
EPHA4,ENTPD6,1,1
EPHA4,EXOSC10,1,1
EPHA4,FAAP20,1,1
EPHA4,FAM102B,1,1
EPHA4,FAM118A,1,1
EPHA4,FAM126B,1,1
EPHA4,FAM19A3,1,1
EPHA4,FAM217B,1,1
EPHA4,FANCI,1,1
EPHA4,FEZF1,1,1
EPHA4,FN1,1,1
EPHA4,FRG2DP,1,1
EPHA4,GALE,1,1
EPHA4,GCLM,1,1
EPHA4,GDAP2,1,1
EPHA4,GPR55,1,1
EPHA4,HENMT1,1,1
EPHA4,HERC2P5,1,1
EPHA4,HERC2P8,1,1
EPHA4,HKR1,1,1
EPHA4,HOOK1,1,1
EPHA4,HSPA8P1,1,1
EPHA4,HSPA8P8,1,1
EPHA4,HSPA8P9,1,1
EPHA4,IDH3B,1,1
EPHA4,INTS3,1,1
EPHA4,IQGAP1,1,1
EPHA4,KCTD14,1,1
EPHA4,KIF7,1,1
EPHA4,KIN,1,1
EPHA4,KLHL21,1,1
EPHA4,LHX8,1,1
EPHA4,LIMK2,1,1
EPHA4,LINS1,1,1
EPHA4,LONRF3,1,1
EPHA4,LRRC47,1,1
EPHA4,LRRC61,1,1
EPHA4,LYPLA2,1,1
EPHA4,MAFF,1,1
EPHA4,MARS2,1,1
EPHA4,MCTP1,1,1
EPHA4,MERTK,1,1
EPHA4,MGAM2,1,1
EPHA4,MKRN3,1,1
EPHA4,MMP8,1,1
EPHA4,MORN1,1,1
EPHA4,MOXD1,1,1
EPHA4,MRFAP1,1,1
EPHA4,MRPL46,1,1
EPHA4,MTERF1,1,1
EPHA4,NAB1,1,1
EPHA4,NCAPH2,1,1
EPHA4,NOTCH2,1,1
EPHA4,NPPC,1,1
EPHA4,NT5DC3,1,1
EPHA4,NT5E,1,1
EPHA4,PEX14,1,1
EPHA4,PGAP2,1,1
EPHA4,PHGDH,1,1
EPHA4,PIK3R3,1,1
EPHA4,PIM3,1,1
EPHA4,PLCB4,1,1
EPHA4,PLEKHA7,1,1
EPHA4,POLE4,1,1
EPHA4,POLR2J,1,1
EPHA4,PRKG2,1,1
EPHA4,RALY,1,1
EPHA4,RASEF,1,1
EPHA4,RBM19,1,1
EPHA4,RBX1,1,1
EPHA4,RER1,1,1
EPHA4,RP11-119J18.1,1,1
EPHA4,RP11-159J3.1,1,1
EPHA4,RP11-299H22.3,1,1
EPHA4,RP11-327P2.7,1,1
EPHA4,RPA2,1,1
EPHA4,RPH3A,1,1
EPHA4,RPL11,1,1
EPHA4,RPL22,1,1
EPHA4,RPS27L,1,1
EPHA4,RPS6KA5,1,1
EPHA4,RTFDC1,1,1
EPHA4,SAMM50,1,1
EPHA4,SCIN,1,1
EPHA4,SCML4,1,1
EPHA4,SEC22B,1,1
EPHA4,SERGEF,1,1
EPHA4,SIRPB1,1,1
EPHA4,SLAMF7,1,1
EPHA4,SLC25A33,1,1
EPHA4,SLC2A11,1,1
EPHA4,SLC46A3,1,1
EPHA4,SLC4A4,1,1
EPHA4,SMG9,1,1
EPHA4,SPRR2D,1,1
EPHA4,SQRDL,1,1
EPHA4,SS18L1,1,1
EPHA4,STAT1,1,1
EPHA4,TBC1D4,1,1
EPHA4,TMC3,1,1
EPHA4,TMEM144,1,1
EPHA4,TMEM161B,1,1
EPHA4,TMEM246,1,1
EPHA4,TMEM64,1,1
EPHA4,TMUB1,1,1
EPHA4,TP73,1,1
EPHA4,TPPP,1,1
EPHA4,TRPV4,1,1
EPHA4,TSN,1,1
EPHA4,TUB,1,1
EPHA4,VAPB,1,1
EPHA4,VAV3,1,1
EPHA4,VCX3B,1,1
EPHA4,WARS2,1,1
EPHA4,ZDHHC11B,1,1
EPHA4,ZNF114,1,1
EPHA4,ZNF189,1,1
EPHA4,ZNF585B,1,1
EPHA4,ZNF689,1,1
EPHA4,ZNHIT3,1,1
EPHA4,ZYG11A,1,1
LDHA,AGFG1,1,1
LDHA,ALDH1B1,1,1
LDHA,ALG3,1,1
LDHA,ARL 3.00,1,1
LDHA,ARMC10,1,1
LDHA,ASCC2,1,1
LDHA,ASUN,1,1
LDHA,ATAD3A,1,1
LDHA,AUNIP,1,1
LDHA,B4GALT6,1,1
LDHA,CANX,1,1
LDHA,CENPM,1,1
LDHA,DHX37,1,1
LDHA,EFHD2,1,1
LDHA,EIF3D,1,1
LDHA,ENO1,1,1
LDHA,EYA1,1,1
LDHA,FAM91A1,1,1
LDHA,FOXN2,1,1
LDHA,HSPE1P3,1,1
LDHA,IGF2BP3,1,1
LDHA,LRP8,1,1
LDHA,LRRC37A2,1,1
LDHA,LRWD1,1,1
LDHA,MIOS,1,1
LDHA,MLLT6,1,1
LDHA,MMS22L,1,1
LDHA,MTFR2,1,1
LDHA,NCKAP1,1,1
LDHA,NUDC,1,1
LDHA,NUP205,1,1
LDHA,OPA1,1,1
LDHA,ORC5,1,1
LDHA,PDXP,1,1
LDHA,POLR3K,1,1
LDHA,PSMA5,1,1
LDHA,RECQL4,1,1
LDHA,RHPN2,1,1
LDHA,RINT1,1,1
LDHA,SLC16A1,1,1
LDHA,SLC25A17,1,1
LDHA,SLC35E3,1,1
LDHA,SLC5A6,1,1
LDHA,TAF13,1,1
LDHA,TBRG1,1,1
LDHA,TMEM38B,1,1
LDHA,TONSL,1,1
LDHA,UFD1L,1,1
LDHA,ZNF264,1,1
GYPC,ABCD1,1,1
GYPC,AC013264.1,1,1
GYPC,AGL,1,1
GYPC,AKR7A2,1,1
GYPC,ANKRD30B,1,1
GYPC,ANKRD44,1,1
GYPC,ARHGEF34P,1,1
GYPC,ARHGEF35,1,1
GYPC,ARHGEF5,1,1
GYPC,ARPC1A,1,1
GYPC,ATP11A,1,1
GYPC,ATP6V1C1,1,1
GYPC,ATP6V1E1,1,1
GYPC,ATRN,1,1
GYPC,BCL2L13,1,1
GYPC,CA8,1,1
GYPC,CAMTA1,1,1
GYPC,CCDC115,1,1
GYPC,CD40,1,1
GYPC,CDC42,1,1
GYPC,CEACAM1,1,1
GYPC,CHN2,1,1
GYPC,DENND1A,1,1
GYPC,DERA,1,1
GYPC,DNAJC16,1,1
GYPC,DPY19L2P2,1,1
GYPC,DTNBP1,1,1
GYPC,EIF4G3,1,1
GYPC,EMILIN2,1,1
GYPC,ERP29,1,1
GYPC,EVA1A,1,1
GYPC,FAM102B,1,1
GYPC,FAM126A,1,1
GYPC,FAM126B,1,1
GYPC,FAM167B,1,1
GYPC,FBXO42,1,1
GYPC,FRMD4B,1,1
GYPC,FUCA1,1,1
GYPC,GNB1,1,1
GYPC,GRAMD4,1,1
GYPC,GUCD1,1,1
GYPC,HAS2,1,1
GYPC,HIPK1,1,1
GYPC,HP1BP3,1,1
GYPC,HPS5,1,1
GYPC,IL16,1,1
GYPC,JAK2,1,1
GYPC,KCTD14,1,1
GYPC,LAMA1,1,1
GYPC,LDLRAD3,1,1
GYPC,LINS1,1,1
GYPC,LMF2,1,1
GYPC,LONRF3,1,1
GYPC,LSM 8.00,1,1
GYPC,LUZP1,1,1
GYPC,LZIC,1,1
GYPC,MAPK1,1,1
GYPC,MED15,1,1
GYPC,MESDC1,1,1
GYPC,MFF,1,1
GYPC,MLXIP,1,1
GYPC,MRPS33,1,1
GYPC,MTOR,1,1
GYPC,NADK,1,1
GYPC,NBPF8,1,1
GYPC,NDUFA10,1,1
GYPC,NDUFC2-KCTD14,1,1
GYPC,NMNAT1,1,1
GYPC,NPC1,1,1
GYPC,PDE4B,1,1
GYPC,PEX10,1,1
GYPC,PHGDH,1,1
GYPC,PIGO,1,1
GYPC,PNKD,1,1
GYPC,POLG,1,1
GYPC,POMGNT1,1,1
GYPC,PPP1R3D,1,1
GYPC,PRDM2,1,1
GYPC,RAB11FIP4,1,1
GYPC,RAB17,1,1
GYPC,RHOQ,1,1
GYPC,RMND1,1,1
GYPC,RSBN1,1,1
GYPC,SAMM50,1,1
GYPC,SBF1,1,1
GYPC,SGCE,1,1
GYPC,SGK3,1,1
GYPC,SIRPB1,1,1
GYPC,SLC23A2,1,1
GYPC,SLC2A11,1,1
GYPC,SLC37A3,1,1
GYPC,SLC44A3,1,1
GYPC,SMPD1,1,1
GYPC,SNX8,1,1
GYPC,SPSB1,1,1
GYPC,SRGAP2C,1,1
GYPC,STXBP3,1,1
GYPC,TESK2,1,1
GYPC,TGFBR1,1,1
GYPC,TGFBR3,1,1
GYPC,TIMM8B,1,1
GYPC,TMCO4,1,1
GYPC,TMEM51,1,1
GYPC,TRPA1,1,1
GYPC,TRPV2,1,1
GYPC,TXN2,1,1
GYPC,USP48,1,1
GYPC,VAMP3,1,1
GYPC,VAV3,1,1
GYPC,VCP,1,1
GYPC,WDR47,1,1
GYPC,ZNF43,1,1
GYPC,ZNF503,1,1
GYPC,ZNF814,1,1
TGOLN2,CCDC47,1,1
TGOLN2,NCDN,1,1
TGOLN2,SUCO,1,1
TGOLN2,TRRAP,1,1
GFOD1,AC009133.22,1,1
GFOD1,CDK5R1,1,1
GFOD1,CERK,1,1
GFOD1,COMMD9,1,1
GFOD1,CRTC3,1,1
GFOD1,CTSZ,1,1
GFOD1,FAM161A,1,1
GFOD1,FAXC,1,1
GFOD1,GNB1,1,1
GFOD1,GRAMD1A,1,1
GFOD1,GSTO1,1,1
GFOD1,HERC5,1,1
GFOD1,KIAA1033,1,1
GFOD1,MBP,1,1
GFOD1,MCOLN3,1,1
GFOD1,MGME1,1,1
GFOD1,MLF 2.00,1,1
GFOD1,MVB12B,1,1
GFOD1,NHEJ1,1,1
GFOD1,OAT,1,1
GFOD1,PALB2,1,1
GFOD1,PARVA,1,1
GFOD1,PER3,1,1
GFOD1,PPT2,1,1
GFOD1,PRPF38B,1,1
GFOD1,PYCARD,1,1
GFOD1,RAB11FIP4,1,1
GFOD1,RBBP4,1,1
GFOD1,RNF145,1,1
GFOD1,RUNX3,1,1
GFOD1,SIRPA,1,1
GFOD1,SNX8,1,1
GFOD1,SOX13,1,1
GFOD1,SPECC1L,1,1
GFOD1,STIM1,1,1
GFOD1,STXBP2,1,1
GFOD1,TP73-AS1,1,1
GFOD1,TRPS1,1,1
GFOD1,VAMP8,1,1
GFOD1,VANGL1,1,1
GFOD1,ZNF703,1,1
PRPF38B,ARHGEF5,1,1
PRPF38B,BAX,1,1
PRPF38B,FAM20C,1,1
PRPF38B,FAXC,1,1
PRPF38B,FUT4,1,1
PRPF38B,GRAMD1A,1,1
PRPF38B,GTF2H1,1,1
PRPF38B,ICMT,1,1
PRPF38B,L3MBTL2,1,1
PRPF38B,LINS1,1,1
PRPF38B,MAP2K5,1,1
PRPF38B,NME7,1,1
PRPF38B,PALB2,1,1
PRPF38B,PITHD1,1,1
PRPF38B,PRDM2,1,1
PRPF38B,RBBP4,1,1
PRPF38B,TRAPPC2,1,1
PRPF38B,VAMP3,1,1
PRPF38B,VANGL1,1,1
ARRDC3,ASXL2,1,1
ARRDC3,MID1IP1,1,1
ARRDC3,YWHAH,1,1
BTN2A2,ARHGAP23,1,1
BTN2A2,B4GALT1,1,1
BTN2A2,CD36,1,1
BTN2A2,EIF5AL1,1,1
BTN2A2,ERP29,1,1
BTN2A2,KCNN2,1,1
BTN2A2,LAMA1,1,1
BTN2A2,PDE4B,1,1
BTN2A2,PHGDH,1,1
BTN2A2,RGS1,1,1
BTN2A2,STAT1,1,1
BTN2A2,ZNF43,1,1
CSNK1G1,SPTLC1,1,1
DNAJC11,ABCD1,1,1
DNAJC11,ACAN,1,1
DNAJC11,ACOT7,1,1
DNAJC11,ADAMTS17,1,1
DNAJC11,AK6,1,1
DNAJC11,AKR7A2,1,1
DNAJC11,AL513523.1,1,1
DNAJC11,ALDH1A1,1,1
DNAJC11,AMPH,1,1
DNAJC11,ANAPC7,1,1
DNAJC11,ARMT1,1,1
DNAJC11,ASRGL1,1,1
DNAJC11,ATAD3A,1,1
DNAJC11,ATAD3B,1,1
DNAJC11,ATOX1,1,1
DNAJC11,ATP10B,1,1
DNAJC11,ATP5F1,1,1
DNAJC11,ATP6V1E1,1,1
DNAJC11,BAIAP2L2,1,1
DNAJC11,BICDL1,1,1
DNAJC11,BLCAP,1,1
DNAJC11,C2ORF69,1,1
DNAJC11,CADM1,1,1
DNAJC11,CADPS,1,1
DNAJC11,CALD1,1,1
DNAJC11,CAPZA2,1,1
DNAJC11,CARHSP1,1,1
DNAJC11,CCDC134,1,1
DNAJC11,CCNA1,1,1
DNAJC11,CD109,1,1
DNAJC11,CDC42,1,1
DNAJC11,CGN,1,1
DNAJC11,CRKL,1,1
DNAJC11,CSDE1,1,1
DNAJC11,DDOST,1,1
DNAJC11,DNAJC16,1,1
DNAJC11,DPYSL5,1,1
DNAJC11,EARS2,1,1
DNAJC11,ECE1,1,1
DNAJC11,EIF5A2,1,1
DNAJC11,ENHO,1,1
DNAJC11,ENPP1,1,1
DNAJC11,EPS15L1,1,1
DNAJC11,EVL,1,1
DNAJC11,EXOSC10,1,1
DNAJC11,EXTL3,1,1
DNAJC11,FAM118A,1,1
DNAJC11,FAM19A3,1,1
DNAJC11,FN1,1,1
DNAJC11,FOXRED2,1,1
DNAJC11,FRMD4B,1,1
DNAJC11,GALE,1,1
DNAJC11,GLT8D1,1,1
DNAJC11,GNB1L,1,1
DNAJC11,GPR157,1,1
DNAJC11,GPR55,1,1
DNAJC11,GXYLT1,1,1
DNAJC11,HERC2P8,1,1
DNAJC11,HK2,1,1
DNAJC11,ID3,1,1
DNAJC11,IDH3A,1,1
DNAJC11,IMMP2L,1,1
DNAJC11,INTS3,1,1
DNAJC11,KIAA2013,1,1
DNAJC11,L3MBTL4,1,1
DNAJC11,LACTB2,1,1
DNAJC11,LAMA1,1,1
DNAJC11,LMF2,1,1
DNAJC11,LPXN,1,1
DNAJC11,LSR,1,1
DNAJC11,MAD2L2,1,1
DNAJC11,MAPK1,1,1
DNAJC11,MAPK8IP2,1,1
DNAJC11,MCM3,1,1
DNAJC11,MDFIC,1,1
DNAJC11,MFF,1,1
DNAJC11,MFN2,1,1
DNAJC11,MGAM,1,1
DNAJC11,MGAM2,1,1
DNAJC11,MIIP,1,1
DNAJC11,MLH3,1,1
DNAJC11,MLLT4,1,1
DNAJC11,MMP8,1,1
DNAJC11,MRFAP1,1,1
DNAJC11,MTFP1,1,1
DNAJC11,MTOR,1,1
DNAJC11,MUL1,1,1
DNAJC11,NBPF26,1,1
DNAJC11,NBPF8,1,1
DNAJC11,NDUFAF4,1,1
DNAJC11,NELFCD,1,1
DNAJC11,NEMP1,1,1
DNAJC11,NOL4L,1,1
DNAJC11,NOTCH2,1,1
DNAJC11,NRROS,1,1
DNAJC11,NUP50,1,1
DNAJC11,PACSIN2,1,1
DNAJC11,PARK7,1,1
DNAJC11,PEX26,1,1
DNAJC11,PHTF1,1,1
DNAJC11,PLEKHB2,1,1
DNAJC11,POLR3G,1,1
DNAJC11,PQLC2,1,1
DNAJC11,PYGB,1,1
DNAJC11,RASEF,1,1
DNAJC11,RBM19,1,1
DNAJC11,RBM28,1,1
DNAJC11,RBM47,1,1
DNAJC11,RBX1,1,1
DNAJC11,REPS1,1,1
DNAJC11,RER1,1,1
DNAJC11,RP11-61N20.3,1,1
DNAJC11,RPA2,1,1
DNAJC11,RPS6KA5,1,1
DNAJC11,RTCB,1,1
DNAJC11,RYBP,1,1
DNAJC11,SAMM50,1,1
DNAJC11,SCML4,1,1
DNAJC11,SDHB,1,1
DNAJC11,SGK3,1,1
DNAJC11,SLC22A23,1,1
DNAJC11,SLC25A33,1,1
DNAJC11,SNRNP25,1,1
DNAJC11,SPRY1,1,1
DNAJC11,SRM,1,1
DNAJC11,STK17B,1,1
DNAJC11,SYCP2,1,1
DNAJC11,TBC1D4,1,1
DNAJC11,TCEB3,1,1
DNAJC11,TIMM50,1,1
DNAJC11,TMEM144,1,1
DNAJC11,TMEM201,1,1
DNAJC11,TMEM64,1,1
DNAJC11,TMF1,1,1
DNAJC11,TP73,1,1
DNAJC11,TRIB1,1,1
DNAJC11,TRMU,1,1
DNAJC11,TTF2,1,1
DNAJC11,TUBB2A,1,1
DNAJC11,TXLNA,1,1
DNAJC11,UBE2E2,1,1
DNAJC11,UBE2J1,1,1
DNAJC11,UGT2B7,1,1
DNAJC11,VAV3,1,1
DNAJC11,VCX3A,1,1
DNAJC11,WDR47,1,1
DNAJC11,WDR77,1,1
DNAJC11,ZC3H11B,1,1
DNAJC11,ZNF503,1,1
DNAJC11,ZNF689,1,1
DNAJC11,ZNF697,1,1
TMEM9B,AKAP9,1,1
TMEM9B,AP5S1,1,1
TMEM9B,APOBEC3G,1,1
TMEM9B,ARHGEF34P,1,1
TMEM9B,ARHGEF5,1,1
TMEM9B,ASB7,1,1
TMEM9B,CDKN2B,1,1
TMEM9B,CPS1,1,1
TMEM9B,DDRGK1,1,1
TMEM9B,FGFR1OP2,1,1
TMEM9B,FRAS1,1,1
TMEM9B,GLTP,1,1
TMEM9B,HENMT1,1,1
TMEM9B,HIBCH,1,1
TMEM9B,ICMT,1,1
TMEM9B,KMT5B,1,1
TMEM9B,LDOC1,1,1
TMEM9B,LINS1,1,1
TMEM9B,LRRK1,1,1
TMEM9B,MME,1,1
TMEM9B,PHF20,1,1
TMEM9B,PPP1R12B,1,1
TMEM9B,PTDSS2,1,1
TMEM9B,RAB34,1,1
TMEM9B,RCCD1,1,1
TMEM9B,RGS1,1,1
TMEM9B,RPS27L,1,1
TMEM9B,SLC46A3,1,1
TMEM9B,SQRDL,1,1
TMEM9B,SS18L1,1,1
TMEM9B,ZC3H4,1,1
TMEM9B,ZNF525,1,1
KBTBD2,ABCD4,1,1
KBTBD2,AK2,1,1
KBTBD2,EVL,1,1
KBTBD2,GJB1,1,1
KBTBD2,GLDC,1,1
KBTBD2,KIRREL,1,1
KBTBD2,MMS19,1,1
KBTBD2,PARL,1,1
KBTBD2,PARN,1,1
KBTBD2,PLOD2,1,1
KBTBD2,PPFIBP1,1,1
KBTBD2,RAC1,1,1
KBTBD2,RCC2,1,1
KBTBD2,SLC25A13,1,1
KBTBD2,SUCO,1,1
KBTBD2,SYPL1,1,1
KBTBD2,TMEM164,1,1
KBTBD2,TRIM33,1,1
KBTBD2,TRRAP,1,1
KBTBD2,ZC3HAV1,1,1
HEATR5B,AKAP9,1,1
HEATR5B,ARHGEF35,1,1
HEATR5B,ARHGEF5,1,1
HEATR5B,ATRN,1,1
HEATR5B,CAP1,1,1
HEATR5B,CCDC115,1,1
HEATR5B,CCDC36,1,1
HEATR5B,CD40,1,1
HEATR5B,COMMD9,1,1
HEATR5B,DDRGK1,1,1
HEATR5B,EMILIN2,1,1
HEATR5B,FAM126B,1,1
HEATR5B,FAXC,1,1
HEATR5B,GTF2H1,1,1
HEATR5B,HLA-F,1,1
HEATR5B,ICMT,1,1
HEATR5B,IQGAP1,1,1
HEATR5B,KIAA1033,1,1
HEATR5B,KIF3C,1,1
HEATR5B,LINS1,1,1
HEATR5B,NAV2,1,1
HEATR5B,PHF20,1,1
HEATR5B,PPT2,1,1
HEATR5B,RBBP4,1,1
HEATR5B,RSBN1,1,1
HEATR5B,RTCA,1,1
HEATR5B,RUNX3,1,1
HEATR5B,SLC44A3,1,1
HEATR5B,SS18L1,1,1
HEATR5B,TIMM8B,1,1
HEATR5B,TPPP,1,1
HEATR5B,VAMP3,1,1
HEATR5B,VANGL1,1,1
TLE3,AK2,1,1
TLE3,ARHGAP28,1,1
TLE3,ARL 3.00,1,1
TLE3,ATXN7L3B,1,1
TLE3,BCAS3,1,1
TLE3,C11ORF57,1,1
TLE3,DYNC1I1,1,1
TLE3,EN1,1,1
TLE3,KDELC1,1,1
TLE3,L3MBTL4,1,1
TLE3,LCP2,1,1
TLE3,MFN2,1,1
TLE3,MGAT5,1,1
TLE3,MINOS1,1,1
TLE3,MLH3,1,1
TLE3,MYL12B,1,1
TLE3,PANX2,1,1
TLE3,PDCD6,1,1
TLE3,PXDN,1,1
TLE3,RBM28,1,1
TLE3,RNF43,1,1
TLE3,RRP7BP,1,1
TLE3,RTCB,1,1
TLE3,SDHB,1,1
TLE3,SLC25A13,1,1
TLE3,SORL1,1,1
TLE3,ST8SIA1,1,1
TLE3,STK11IP,1,1
TLE3,SYNM,1,1
TLE3,TIMM50,1,1
TLE3,TIMP3,1,1
TLE3,TUBB2A,1,1
TLE3,UFD1L,1,1
TLE3,VPS45,1,1
TLE3,ZC3HC1,1,1
TLE3,ZNF561,1,1
GALNT7,AC009133.22,1,1
GALNT7,AFAP1,1,1
GALNT7,CASC4,1,1
GALNT7,FAM161A,1,1
GALNT7,MLF 2.00,1,1
GALNT7,PPM1K,1,1
GALNT7,PYCARD,1,1
GALNT7,SCML2,1,1
GALNT7,SMIM10L1,1,1
GALNT7,SOX13,1,1
GALNT7,STIM1,1,1
GALNT7,STXBP2,1,1
GALNT7,TAF7,1,1
GALNT7,TBXA2R,1,1
GALNT7,TNFRSF10B,1,1
GALNT7,TP73-AS1,1,1
GALNT7,TRIM65,1,1
GALNT7,TRPS1,1,1
GALNT7,VAMP8,1,1
MICAL3,LYRM2,1,1
MICAL3,SEC11C,1,1
POLR2J3,AC009133.22,1,1
POLR2J3,C20ORF194,1,1
POLR2J3,PPM1K,1,1
POLR2J3,SYK,1,1
POLR2J3,TLN1,1,1
POLR2J3,TTC38,1,1
ENPP1,ABCD1,1,1
ENPP1,ABHD12,1,1
ENPP1,ABHD2,1,1
ENPP1,AC090094.1,1,1
ENPP1,ACAN,1,1
ENPP1,ACOT7,1,1
ENPP1,ADAMTS17,1,1
ENPP1,AK6,1,1
ENPP1,AKR7A2,1,1
ENPP1,AL513523.1,1,1
ENPP1,ALDH1A1,1,1
ENPP1,AMPH,1,1
ENPP1,ANKRD30B,1,1
ENPP1,AP1S3,1,1
ENPP1,APOL1,1,1
ENPP1,ARHGEF35,1,1
ENPP1,ARL6IP5,1,1
ENPP1,ARMT1,1,1
ENPP1,ASRGL1,1,1
ENPP1,ATAD3B,1,1
ENPP1,ATN1,1,1
ENPP1,ATOX1,1,1
ENPP1,ATP11A,1,1
ENPP1,ATP6V0D2,1,1
ENPP1,BCL2L13,1,1
ENPP1,BICDL1,1,1
ENPP1,BIRC7,1,1
ENPP1,BLCAP,1,1
ENPP1,C2ORF69,1,1
ENPP1,C3ORF14,1,1
ENPP1,CADM1,1,1
ENPP1,CADPS,1,1
ENPP1,CAPG,1,1
ENPP1,CARHSP1,1,1
ENPP1,CCDC134,1,1
ENPP1,CCDC141,1,1
ENPP1,CCNA1,1,1
ENPP1,CD109,1,1
ENPP1,CDKN2B,1,1
ENPP1,CEACAM1,1,1
ENPP1,CHN2,1,1
ENPP1,CIB1,1,1
ENPP1,COL4A2,1,1
ENPP1,CPTP,1,1
ENPP1,CSF2RA,1,1
ENPP1,DAZ1,1,1
ENPP1,DDRGK1,1,1
ENPP1,DNAJC16,1,1
ENPP1,DPY19L2P2,1,1
ENPP1,DPYSL5,1,1
ENPP1,DTX3L,1,1
ENPP1,E2F2,1,1
ENPP1,EIF5A2,1,1
ENPP1,EMILIN2,1,1
ENPP1,ENHO,1,1
ENPP1,ENTPD6,1,1
ENPP1,EXOSC10,1,1
ENPP1,FAM102B,1,1
ENPP1,FAM118A,1,1
ENPP1,FAM126B,1,1
ENPP1,FAM19A3,1,1
ENPP1,FN1,1,1
ENPP1,FRG2DP,1,1
ENPP1,FUCA1,1,1
ENPP1,GALE,1,1
ENPP1,GDAP2,1,1
ENPP1,GPHN,1,1
ENPP1,GPR157,1,1
ENPP1,GPR55,1,1
ENPP1,HENMT1,1,1
ENPP1,HERC2P5,1,1
ENPP1,HERC2P8,1,1
ENPP1,HKR1,1,1
ENPP1,HOOK1,1,1
ENPP1,HSPA8P1,1,1
ENPP1,HSPA8P8,1,1
ENPP1,HSPA8P9,1,1
ENPP1,IMMP2L,1,1
ENPP1,INTS3,1,1
ENPP1,KCNN2,1,1
ENPP1,KCTD14,1,1
ENPP1,LAMA1,1,1
ENPP1,LHX8,1,1
ENPP1,LINS1,1,1
ENPP1,LMF2,1,1
ENPP1,LONRF3,1,1
ENPP1,LPXN,1,1
ENPP1,LRRC61,1,1
ENPP1,MERTK,1,1
ENPP1,MFF,1,1
ENPP1,MGAM2,1,1
ENPP1,MIIP,1,1
ENPP1,MKRN3,1,1
ENPP1,MMP8,1,1
ENPP1,MORN1,1,1
ENPP1,MOXD1,1,1
ENPP1,MRFAP1,1,1
ENPP1,MTOR,1,1
ENPP1,NBPF26,1,1
ENPP1,NBPF8,1,1
ENPP1,NOL4L,1,1
ENPP1,NOTCH2,1,1
ENPP1,NPPC,1,1
ENPP1,NRROS,1,1
ENPP1,OR7E38P,1,1
ENPP1,PACSIN2,1,1
ENPP1,PARK7,1,1
ENPP1,PDE4B,1,1
ENPP1,PEX14,1,1
ENPP1,PHGDH,1,1
ENPP1,PHTF1,1,1
ENPP1,PIK3R3,1,1
ENPP1,PLEKHA7,1,1
ENPP1,POLR2J,1,1
ENPP1,PRKG2,1,1
ENPP1,RAB17,1,1
ENPP1,RASEF,1,1
ENPP1,RBM19,1,1
ENPP1,RBM47,1,1
ENPP1,RBX1,1,1
ENPP1,RCN3,1,1
ENPP1,RER1,1,1
ENPP1,RP11-119J18.1,1,1
ENPP1,RP11-159J3.1,1,1
ENPP1,RP11-327P2.7,1,1
ENPP1,RP11-61N20.3,1,1
ENPP1,RPA2,1,1
ENPP1,RPH3A,1,1
ENPP1,RPL11,1,1
ENPP1,RPS6KA5,1,1
ENPP1,RTFDC1,1,1
ENPP1,RYBP,1,1
ENPP1,SAMM50,1,1
ENPP1,SCIN,1,1
ENPP1,SCML4,1,1
ENPP1,SEC22B,1,1
ENPP1,SERGEF,1,1
ENPP1,SFI1,1,1
ENPP1,SGK3,1,1
ENPP1,SIRPB1,1,1
ENPP1,SLAMF7,1,1
ENPP1,SLC25A33,1,1
ENPP1,SLC2A11,1,1
ENPP1,SLC37A3,1,1
ENPP1,SLC46A3,1,1
ENPP1,SNRNP25,1,1
ENPP1,SPRR2D,1,1
ENPP1,SS18L1,1,1
ENPP1,STAT1,1,1
ENPP1,SYCP2,1,1
ENPP1,TBC1D4,1,1
ENPP1,TIMM8B,1,1
ENPP1,TMC3,1,1
ENPP1,TMEM144,1,1
ENPP1,TMEM201,1,1
ENPP1,TMEM64,1,1
ENPP1,TMUB1,1,1
ENPP1,TP73,1,1
ENPP1,TRIB1,1,1
ENPP1,TRPA1,1,1
ENPP1,TRPV4,1,1
ENPP1,TTN,1,1
ENPP1,TUB,1,1
ENPP1,UBE2J1,1,1
ENPP1,VAV3,1,1
ENPP1,VCX3B,1,1
ENPP1,ZC3H11B,1,1
ENPP1,ZDHHC11B,1,1
ENPP1,ZNF114,1,1
ENPP1,ZNF43,1,1
ENPP1,ZNF503,1,1
ENPP1,ZNF689,1,1
ENPP1,ZNF776,1,1
ENPP1,ZYG11A,1,1
RINT1,ABCD4,1,1
RINT1,AGFG1,1,1
RINT1,AIG1,1,1
RINT1,AK2,1,1
RINT1,ALDH1B1,1,1
RINT1,ALG3,1,1
RINT1,ANKRD13D,1,1
RINT1,ARL 3.00,1,1
RINT1,ASCC2,1,1
RINT1,ASUN,1,1
RINT1,ATAD3A,1,1
RINT1,AUNIP,1,1
RINT1,AURKA,1,1
RINT1,C5ORF34,1,1
RINT1,C7ORF50,1,1
RINT1,CAPZA2,1,1
RINT1,CASP8,1,1
RINT1,CENPM,1,1
RINT1,CEP85,1,1
RINT1,CETN2,1,1
RINT1,CMAS,1,1
RINT1,CSDE1,1,1
RINT1,DGKG,1,1
RINT1,DLD,1,1
RINT1,EFHD2,1,1
RINT1,EIF3D,1,1
RINT1,ELOVL5,1,1
RINT1,EMC1,1,1
RINT1,EN1,1,1
RINT1,ENO1,1,1
RINT1,ESPL1,1,1
RINT1,EYA1,1,1
RINT1,EYA4,1,1
RINT1,FAM81A,1,1
RINT1,FAM91A1,1,1
RINT1,FOPNL,1,1
RINT1,FOXN2,1,1
RINT1,FZD6,1,1
RINT1,GET4,1,1
RINT1,GJB1,1,1
RINT1,GLDC,1,1
RINT1,IGF2BP3,1,1
RINT1,KIRREL,1,1
RINT1,KPNA6,1,1
RINT1,LCP2,1,1
RINT1,LRP12,1,1
RINT1,LRRC37A2,1,1
RINT1,LRWD1,1,1
RINT1,MDC 1.00,1,1
RINT1,MGAT5,1,1
RINT1,MLLT6,1,1
RINT1,MMS19,1,1
RINT1,MMS22L,1,1
RINT1,MTFR2,1,1
RINT1,NCKAP1,1,1
RINT1,NIPAL3,1,1
RINT1,NUDC,1,1
RINT1,NUP205,1,1
RINT1,NUP43,1,1
RINT1,OPA1,1,1
RINT1,ORC5,1,1
RINT1,P3H3,1,1
RINT1,PABPC4,1,1
RINT1,PCSK7,1,1
RINT1,PDXP,1,1
RINT1,PHF2,1,1
RINT1,PHPT1,1,1
RINT1,POLR3G,1,1
RINT1,PRKCZ,1,1
RINT1,PSMA5,1,1
RINT1,PSMC2,1,1
RINT1,PXDN,1,1
RINT1,RAP1A,1,1
RINT1,RECQL4,1,1
RINT1,RHPN2,1,1
RINT1,RPN2,1,1
RINT1,RRP7BP,1,1
RINT1,RTCB,1,1
RINT1,SLC16A1,1,1
RINT1,SLC25A17,1,1
RINT1,SLC35E3,1,1
RINT1,SLC5A6,1,1
RINT1,SLCO5A1,1,1
RINT1,SMIM4,1,1
RINT1,SORL1,1,1
RINT1,SYNM,1,1
RINT1,SYPL1,1,1
RINT1,TBCA,1,1
RINT1,TBRG1,1,1
RINT1,TEAD2,1,1
RINT1,TMEM38B,1,1
RINT1,TRIP12,1,1
RINT1,UFD1L,1,1
RINT1,VGF,1,1
RINT1,WDPCP,1,1
RINT1,ZMYM1,1,1
CCDC88A,ALAS1,1,1
CCDC88A,ARHGAP28,1,1
CCDC88A,ATP5J2,1,1
CCDC88A,BCAS3,1,1
CCDC88A,C1ORF112,1,1
CCDC88A,CARD16,1,1
CCDC88A,CD164,1,1
CCDC88A,CEP41,1,1
CCDC88A,COX5B,1,1
CCDC88A,CSNK1G2,1,1
CCDC88A,FBXO6,1,1
CCDC88A,GDPD1,1,1
CCDC88A,GFPT1,1,1
CCDC88A,GLB1L2,1,1
CCDC88A,IGF2R,1,1
CCDC88A,ITGAV,1,1
CCDC88A,KDELC1,1,1
CCDC88A,L3MBTL4,1,1
CCDC88A,LAMP2,1,1
CCDC88A,MDFIC,1,1
CCDC88A,MGST2,1,1
CCDC88A,MKLN1,1,1
CCDC88A,MOV10,1,1
CCDC88A,MRPS5,1,1
CCDC88A,MSL3P1,1,1
CCDC88A,NEK6,1,1
CCDC88A,PACSIN2,1,1
CCDC88A,PARL,1,1
CCDC88A,PARP9,1,1
CCDC88A,PDK3,1,1
CCDC88A,PTPRK,1,1
CCDC88A,RHOJ,1,1
CCDC88A,RIPK4,1,1
CCDC88A,SDF4,1,1
CCDC88A,SDHB,1,1
CCDC88A,SLC25A13,1,1
CCDC88A,SLC35F5,1,1
CCDC88A,ST8SIA1,1,1
CCDC88A,STXBP3,1,1
CCDC88A,TBL1X,1,1
CCDC88A,TESK2,1,1
CCDC88A,TIMP3,1,1
CCDC88A,TNRC6B,1,1
CCDC88A,TRPV2,1,1
CCDC88A,TTF2,1,1
CCDC88A,VPS45,1,1
CCDC88A,WASL,1,1
CCDC88A,ZMYM1,1,1
CCDC88A,ZNF561,1,1
CCDC88A,ZNF839,1,1
BAX,AC013264.1,1,1
BAX,ANKRD30B,1,1
BAX,ANKRD44,1,1
BAX,ARHGEF34P,1,1
BAX,ARHGEF35,1,1
BAX,ARHGEF5,1,1
BAX,ATP6V1C1,1,1
BAX,ATRN,1,1
BAX,C7ORF49,1,1
BAX,CBX5,1,1
BAX,CD40,1,1
BAX,CDC42,1,1
BAX,CDKN2B,1,1
BAX,CEACAM1,1,1
BAX,DDRGK1,1,1
BAX,EMILIN2,1,1
BAX,FAM102B,1,1
BAX,FAM126B,1,1
BAX,FUT4,1,1
BAX,GRAMD1A,1,1
BAX,GRAMD4,1,1
BAX,GUCD1,1,1
BAX,HAS2,1,1
BAX,HENMT1,1,1
BAX,HKR1,1,1
BAX,HP1BP3,1,1
BAX,ICMT,1,1
BAX,IKBKE,1,1
BAX,KCTD14,1,1
BAX,L3MBTL2,1,1
BAX,LDLRAD3,1,1
BAX,LINS1,1,1
BAX,LMF2,1,1
BAX,LUZP1,1,1
BAX,LZIC,1,1
BAX,MAP2K5,1,1
BAX,MAPK1,1,1
BAX,MARK3,1,1
BAX,PDE4B,1,1
BAX,PITHD1,1,1
BAX,PNRC2,1,1
BAX,PRDM2,1,1
BAX,PRKCA,1,1
BAX,PRMT7,1,1
BAX,RAB5A,1,1
BAX,RBBP4,1,1
BAX,RGS1,1,1
BAX,RP11-61N20.3,1,1
BAX,SBF1,1,1
BAX,SGK3,1,1
BAX,SKI,1,1
BAX,SLC37A3,1,1
BAX,TGFBR1,1,1
BAX,TGFBR3,1,1
BAX,TMEM51,1,1
BAX,TRAPPC2,1,1
BAX,TRPA1,1,1
BAX,UBE2J1,1,1
BAX,VAMP3,1,1
BAX,VANGL1,1,1
BAX,VCP,1,1
BAX,ZC3H4,1,1
BAX,ZNF43,1,1
LDHAP3,AGFG1,1,1
LDHAP3,AIM1,1,1
LDHAP3,ALDH1B1,1,1
LDHAP3,AP1B1,1,1
LDHAP3,AP1S3,1,1
LDHAP3,APITD1,1,1
LDHAP3,ASCC2,1,1
LDHAP3,ATAD3A,1,1
LDHAP3,ATP6V0B,1,1
LDHAP3,AUNIP,1,1
LDHAP3,AURKA,1,1
LDHAP3,AURKAIP1,1,1
LDHAP3,BCAS2,1,1
LDHAP3,CENPI,1,1
LDHAP3,CENPM,1,1
LDHAP3,CLDN12,1,1
LDHAP3,CLSPN,1,1
LDHAP3,COQ10B,1,1
LDHAP3,CSDE1,1,1
LDHAP3,DGKG,1,1
LDHAP3,DLD,1,1
LDHAP3,EFHD2,1,1
LDHAP3,EIF3D,1,1
LDHAP3,ELOVL5,1,1
LDHAP3,FAM81A,1,1
LDHAP3,FAM91A1,1,1
LDHAP3,GET4,1,1
LDHAP3,GLS,1,1
LDHAP3,GSR,1,1
LDHAP3,GTPBP10,1,1
LDHAP3,GTSE1,1,1
LDHAP3,GXYLT1,1,1
LDHAP3,HOXD4,1,1
LDHAP3,HSPE1P3,1,1
LDHAP3,ID3,1,1
LDHAP3,KDM1A,1,1
LDHAP3,KLHDC3,1,1
LDHAP3,LDHAP4,1,1
LDHAP3,LRP8,1,1
LDHAP3,LRRC37A2,1,1
LDHAP3,LRWD1,1,1
LDHAP3,LSR,1,1
LDHAP3,MAD2L2,1,1
LDHAP3,MCAT,1,1
LDHAP3,MRFAP1L1,1,1
LDHAP3,MTFP1,1,1
LDHAP3,MTFR2,1,1
LDHAP3,MTPN,1,1
LDHAP3,NCAPH2,1,1
LDHAP3,NCKAP1,1,1
LDHAP3,NUDC,1,1
LDHAP3,NUP205,1,1
LDHAP3,NUP50,1,1
LDHAP3,OPA1,1,1
LDHAP3,ORC5,1,1
LDHAP3,P3H3,1,1
LDHAP3,PITPNM2,1,1
LDHAP3,PLCB4,1,1
LDHAP3,POLR3G,1,1
LDHAP3,POLR3K,1,1
LDHAP3,PSMA5,1,1
LDHAP3,PYGB,1,1
LDHAP3,RALY,1,1
LDHAP3,RTCB,1,1
LDHAP3,SHQ1,1,1
LDHAP3,SLC25A17,1,1
LDHAP3,SLC35E3,1,1
LDHAP3,ST13,1,1
LDHAP3,STK38L,1,1
LDHAP3,STOML2,1,1
LDHAP3,TONSL,1,1
LDHAP3,TRIP12,1,1
LDHAP3,UBA3,1,1
LDHAP3,VDR,1,1
LDHAP3,WARS2,1,1
LDHAP3,WDR77,1,1
LDHAP3,XPC,1,1
RBM47,ACOT7,1,1
RBM47,ADAMTS17,1,1
RBM47,AK2,1,1
RBM47,AKR7A2,1,1
RBM47,ALDH1A1,1,1
RBM47,ALDH1B1,1,1
RBM47,AMPH,1,1
RBM47,ANAPC7,1,1
RBM47,AP1S3,1,1
RBM47,APITD1,1,1
RBM47,ARHGAP28,1,1
RBM47,ARHGEF39,1,1
RBM47,ARMC10,1,1
RBM47,ARMT1,1,1
RBM47,ATAD3A,1,1
RBM47,ATN1,1,1
RBM47,ATOX1,1,1
RBM47,ATP10B,1,1
RBM47,ATP5F1,1,1
RBM47,ATXN7L3B,1,1
RBM47,B3GALT6,1,1
RBM47,BAIAP2L2,1,1
RBM47,BCAS2,1,1
RBM47,BCAS3,1,1
RBM47,BICDL1,1,1
RBM47,BLCAP,1,1
RBM47,C2ORF69,1,1
RBM47,CADM1,1,1
RBM47,CADPS,1,1
RBM47,CAPZA2,1,1
RBM47,CARD16,1,1
RBM47,CARHSP1,1,1
RBM47,CCDC134,1,1
RBM47,CD109,1,1
RBM47,CEP41,1,1
RBM47,CGN,1,1
RBM47,CHEK2,1,1
RBM47,CHRNA7,1,1
RBM47,CHST11,1,1
RBM47,CIB1,1,1
RBM47,CLIC4,1,1
RBM47,COG5,1,1
RBM47,COQ10B,1,1
RBM47,CSDE1,1,1
RBM47,CSF2RA,1,1
RBM47,CSNK1G2,1,1
RBM47,DDOST,1,1
RBM47,DDT,1,1
RBM47,DGKG,1,1
RBM47,DLD,1,1
RBM47,DPYSL5,1,1
RBM47,E2F2,1,1
RBM47,ECE1,1,1
RBM47,EFHD2,1,1
RBM47,EIF5A2,1,1
RBM47,EN1,1,1
RBM47,ENHO,1,1
RBM47,ERGIC3,1,1
RBM47,EXTL3,1,1
RBM47,EYA4,1,1
RBM47,FAM19A3,1,1
RBM47,FAM81A,1,1
RBM47,FN1,1,1
RBM47,FOXRED2,1,1
RBM47,FRG2DP,1,1
RBM47,GALE,1,1
RBM47,GJB1,1,1
RBM47,GNB1L,1,1
RBM47,GPHN,1,1
RBM47,GPR157,1,1
RBM47,GPR55,1,1
RBM47,GTPBP10,1,1
RBM47,GXYLT1,1,1
RBM47,HERC2P5,1,1
RBM47,HERC2P8,1,1
RBM47,HEY1,1,1
RBM47,HK2,1,1
RBM47,ID3,1,1
RBM47,IDH3A,1,1
RBM47,IGHVII-30-43,1,1
RBM47,IMMP2L,1,1
RBM47,ITGAV,1,1
RBM47,KDELC1,1,1
RBM47,KIAA2013,1,1
RBM47,L3MBTL4,1,1
RBM47,LACTB2,1,1
RBM47,LAMP2,1,1
RBM47,LCP2,1,1
RBM47,LPXN,1,1
RBM47,LRP12,1,1
RBM47,LSR,1,1
RBM47,MAD2L2,1,1
RBM47,MAPK8IP2,1,1
RBM47,MCAT,1,1
RBM47,MCM3,1,1
RBM47,MDFIC,1,1
RBM47,MFF,1,1
RBM47,MFN2,1,1
RBM47,MGAM2,1,1
RBM47,MGAT5,1,1
RBM47,MLH3,1,1
RBM47,MLLT4,1,1
RBM47,MORN1,1,1
RBM47,MRFAP1,1,1
RBM47,MSL3P1,1,1
RBM47,MTFP1,1,1
RBM47,MTMR4,1,1
RBM47,NBPF26,1,1
RBM47,NBPF8,1,1
RBM47,NDUFB3,1,1
RBM47,NELFCD,1,1
RBM47,NEPRO,1,1
RBM47,NOL4L,1,1
RBM47,NOTCH2,1,1
RBM47,NPAS2,1,1
RBM47,NRROS,1,1
RBM47,NUDCD3,1,1
RBM47,NUP50,1,1
RBM47,OR7E38P,1,1
RBM47,ORC5,1,1
RBM47,P3H3,1,1
RBM47,PACSIN2,1,1
RBM47,PARK7,1,1
RBM47,PARP9,1,1
RBM47,PEX26,1,1
RBM47,PHF13,1,1
RBM47,PHTF1,1,1
RBM47,PLCB4,1,1
RBM47,POLR3G,1,1
RBM47,PPFIBP1,1,1
RBM47,PPP1R14C,1,1
RBM47,PSMA5,1,1
RBM47,PSMC2,1,1
RBM47,PYGB,1,1
RBM47,RASEF,1,1
RBM47,RLBP1,1,1
RBM47,RNF19A,1,1
RBM47,RNF43,1,1
RBM47,RP11-61N20.3,1,1
RBM47,RPN2,1,1
RBM47,RRP7BP,1,1
RBM47,RTCB,1,1
RBM47,RYBP,1,1
RBM47,SCML4,1,1
RBM47,SDHB,1,1
RBM47,SEMA4F,1,1
RBM47,SERGEF,1,1
RBM47,SLC16A1,1,1
RBM47,SLC22A23,1,1
RBM47,SLC35F6,1,1
RBM47,SLCO5A1,1,1
RBM47,SNRNP25,1,1
RBM47,SRM,1,1
RBM47,ST13,1,1
RBM47,STK17B,1,1
RBM47,STRIP2,1,1
RBM47,SYNM,1,1
RBM47,SYPL1,1,1
RBM47,TBC1D4,1,1
RBM47,TBCA,1,1
RBM47,TIMM50,1,1
RBM47,TIMP3,1,1
RBM47,TMED9,1,1
RBM47,TMEM201,1,1
RBM47,TMEM242,1,1
RBM47,TMEM64,1,1
RBM47,TMF1,1,1
RBM47,TRABD,1,1
RBM47,TRMU,1,1
RBM47,TRPV4,1,1
RBM47,TTF2,1,1
RBM47,TTN,1,1
RBM47,TUBB2A,1,1
RBM47,UBE2J1,1,1
RBM47,VAV3,1,1
RBM47,VCX3A,1,1
RBM47,VGF,1,1
RBM47,VPS45,1,1
RBM47,WDPCP,1,1
RBM47,WDR77,1,1
RBM47,ZC3H11B,1,1
RBM47,ZNF503,1,1
RBM47,ZNF697,1,1
RBM47,ZNF776,1,1
RBM47,ZNF839,1,1
MAP2K5,GRAMD1A,1,1
MAP2K5,HKR1,1,1
MAP2K5,L3MBTL2,1,1
MAP2K5,PRMT7,1,1
MAP2K5,TRAPPC2,1,1
MAP2K5,ZDHHC17,1,1
DENND1A,AC013264.1,1,1
DENND1A,ANKRD44,1,1
DENND1A,ARPC1A,1,1
DENND1A,ATP6V1C1,1,1
DENND1A,ATP6V1E1,1,1
DENND1A,ATP6V1F,1,1
DENND1A,ATRN,1,1
DENND1A,C7ORF49,1,1
DENND1A,CA8,1,1
DENND1A,CCDC115,1,1
DENND1A,CDC42,1,1
DENND1A,DDI2,1,1
DENND1A,FAM126A,1,1
DENND1A,FRMD4B,1,1
DENND1A,GNB1,1,1
DENND1A,GUCD1,1,1
DENND1A,HAS2,1,1
DENND1A,HIPK1,1,1
DENND1A,HP1BP3,1,1
DENND1A,HPS5,1,1
DENND1A,IL16,1,1
DENND1A,KIF16B,1,1
DENND1A,LSM 8.00,1,1
DENND1A,LUZP1,1,1
DENND1A,LZIC,1,1
DENND1A,MAPK1,1,1
DENND1A,MARK3,1,1
DENND1A,MRPS33,1,1
DENND1A,MTA1,1,1
DENND1A,NAGA,1,1
DENND1A,NMNAT1,1,1
DENND1A,NT5DC1,1,1
DENND1A,OAT,1,1
DENND1A,PPP1R3D,1,1
DENND1A,PRDM2,1,1
DENND1A,PTCD3,1,1
DENND1A,PTER,1,1
DENND1A,RAB5A,1,1
DENND1A,RHOQ,1,1
DENND1A,RRBP1,1,1
DENND1A,SGCE,1,1
DENND1A,SLC23A2,1,1
DENND1A,SLC35B4,1,1
DENND1A,SLC37A3,1,1
DENND1A,SNX8,1,1
DENND1A,ST7,1,1
DENND1A,STXBP3,1,1
DENND1A,TGFBR1,1,1
DENND1A,TGFBR3,1,1
DENND1A,TMEM51,1,1
DENND1A,TNFAIP3,1,1
DENND1A,TRPV2,1,1
DENND1A,USP48,1,1
DENND1A,VCP,1,1
DENND1A,ZFYVE16,1,1
EML1,AC009133.22,1,1
EML1,ARHGEF5,1,1
EML1,CARD8,1,1
EML1,CERK,1,1
EML1,CPS1,1,1
EML1,DDX60L,1,1
EML1,EIF5AL1,1,1
EML1,FUT4,1,1
EML1,LRRK1,1,1
EML1,MCOLN3,1,1
EML1,MVB12B,1,1
EML1,NAPB,1,1
EML1,PTDSS2,1,1
EML1,PYCARD,1,1
EML1,RAB34,1,1
EML1,RUNX3,1,1
EML1,SIRPA,1,1
EML1,SLC44A3,1,1
EML1,SNPH,1,1
EML1,SOX13,1,1
EML1,STIM1,1,1
EML1,STXBP2,1,1
EML1,TMEM184B,1,1
EML1,TP73-AS1,1,1
EML1,TRPS1,1,1
EML1,ZNF703,1,1
ZNF561,ABCD4,1,1
ZNF561,ALAS1,1,1
ZNF561,ARHGAP28,1,1
ZNF561,ATP5J2,1,1
ZNF561,ATXN7L3,1,1
ZNF561,BCAS3,1,1
ZNF561,C1ORF112,1,1
ZNF561,CARD16,1,1
ZNF561,CSNK1G2,1,1
ZNF561,GLB1L2,1,1
ZNF561,KDELC1,1,1
ZNF561,L3MBTL4,1,1
ZNF561,MGST2,1,1
ZNF561,MKLN1,1,1
ZNF561,MRPS5,1,1
ZNF561,MSL3P1,1,1
ZNF561,PARL,1,1
ZNF561,PDCD6,1,1
ZNF561,PTPRK,1,1
ZNF561,REPS1,1,1
ZNF561,RHOJ,1,1
ZNF561,SDF4,1,1
ZNF561,SDHB,1,1
ZNF561,SLC25A13,1,1
ZNF561,ST8SIA1,1,1
ZNF561,TBL1X,1,1
ZNF561,TMEM115,1,1
ZNF561,TTF2,1,1
ZNF561,VPS45,1,1
ZNF561,WDR59,1,1
CHST11,ACOT7,1,1
CHST11,ADAMTS17,1,1
CHST11,AK2,1,1
CHST11,AKR7A2,1,1
CHST11,AMPH,1,1
CHST11,ARHGAP28,1,1
CHST11,ARHGEF39,1,1
CHST11,ARL6IP5,1,1
CHST11,ATOX1,1,1
CHST11,ATP10B,1,1
CHST11,ATP5F1,1,1
CHST11,ATP6V1E1,1,1
CHST11,ATXN7L3B,1,1
CHST11,BCAS3,1,1
CHST11,BCL2L13,1,1
CHST11,BLCAP,1,1
CHST11,CADM1,1,1
CHST11,CADPS,1,1
CHST11,CAPZA2,1,1
CHST11,CARD16,1,1
CHST11,CARHSP1,1,1
CHST11,CCDC134,1,1
CHST11,CD109,1,1
CHST11,CEP41,1,1
CHST11,CGN,1,1
CHST11,CHEK2,1,1
CHST11,CHN2,1,1
CHST11,CHRNA7,1,1
CHST11,CLIC4,1,1
CHST11,COG5,1,1
CHST11,COX5B,1,1
CHST11,CSDE1,1,1
CHST11,DDOST,1,1
CHST11,DDT,1,1
CHST11,DPYSL5,1,1
CHST11,DUSP4,1,1
CHST11,ECE1,1,1
CHST11,EIF5A2,1,1
CHST11,EN1,1,1
CHST11,ENHO,1,1
CHST11,ERGIC3,1,1
CHST11,EYA4,1,1
CHST11,FAM167B,1,1
CHST11,FAM19A3,1,1
CHST11,FBXO6,1,1
CHST11,FN1,1,1
CHST11,FOXRED2,1,1
CHST11,FRG2DP,1,1
CHST11,GAB2,1,1
CHST11,GALE,1,1
CHST11,GPR157,1,1
CHST11,GPR55,1,1
CHST11,HEY1,1,1
CHST11,IMMP2L,1,1
CHST11,ITGAV,1,1
CHST11,JAK2,1,1
CHST11,KDELC1,1,1
CHST11,KIAA2013,1,1
CHST11,L3MBTL4,1,1
CHST11,LACTB2,1,1
CHST11,LAMA1,1,1
CHST11,LAMP2,1,1
CHST11,LCP2,1,1
CHST11,LHFP,1,1
CHST11,LPXN,1,1
CHST11,LSR,1,1
CHST11,MAD2L2,1,1
CHST11,MAPK8IP2,1,1
CHST11,MFF,1,1
CHST11,MFN2,1,1
CHST11,MGAT5,1,1
CHST11,MGST2,1,1
CHST11,MIIP,1,1
CHST11,MLH3,1,1
CHST11,MLLT4,1,1
CHST11,MOV10,1,1
CHST11,MRFAP1,1,1
CHST11,MSL3P1,1,1
CHST11,MTOR,1,1
CHST11,NBPF26,1,1
CHST11,NBPF8,1,1
CHST11,NDUFB3,1,1
CHST11,NEPRO,1,1
CHST11,NOL4L,1,1
CHST11,NPAS2,1,1
CHST11,NRROS,1,1
CHST11,NUDCD3,1,1
CHST11,OR7E38P,1,1
CHST11,PACSIN2,1,1
CHST11,PANX2,1,1
CHST11,PARK7,1,1
CHST11,PARP9,1,1
CHST11,PDGFD,1,1
CHST11,PDK3,1,1
CHST11,PEX26,1,1
CHST11,PHTF1,1,1
CHST11,PNKD,1,1
CHST11,PPP1R14C,1,1
CHST11,PTPRK,1,1
CHST11,RAB17,1,1
CHST11,RASEF,1,1
CHST11,RCN3,1,1
CHST11,RIPK4,1,1
CHST11,RLBP1,1,1
CHST11,RNF43,1,1
CHST11,RP11-61N20.3,1,1
CHST11,RYBP,1,1
CHST11,SDHB,1,1
CHST11,SEMA4F,1,1
CHST11,SERGEF,1,1
CHST11,SLC22A23,1,1
CHST11,SLC35F6,1,1
CHST11,SMPD1,1,1
CHST11,SNX17,1,1
CHST11,SPRY1,1,1
CHST11,ST8SIA1,1,1
CHST11,STRIP2,1,1
CHST11,SYNM,1,1
CHST11,TBC1D4,1,1
CHST11,TBCA,1,1
CHST11,TESK2,1,1
CHST11,TIMM50,1,1
CHST11,TMED9,1,1
CHST11,TMEM242,1,1
CHST11,TMF1,1,1
CHST11,TRPV2,1,1
CHST11,TRPV4,1,1
CHST11,TTF2,1,1
CHST11,TTN,1,1
CHST11,TUBB2A,1,1
CHST11,TXN2,1,1
CHST11,UBE2J1,1,1
CHST11,VAV3,1,1
CHST11,VCX3A,1,1
CHST11,VGF,1,1
CHST11,VPS45,1,1
CHST11,WASL,1,1
CHST11,WDR47,1,1
CHST11,ZC3H11B,1,1
CHST11,ZNF503,1,1
CHST11,ZNF697,1,1
CHST11,ZNF776,1,1
CHST11,ZNF839,1,1
KIF24,GUCD1,1,1
KIF24,HAS2,1,1
KIF24,LSM 8.00,1,1
KIF24,MESDC1,1,1
KIF24,ZNF550,1,1
PTPRS,CASC4,1,1
PTPRS,EDA2R,1,1
PTPRS,FAM20C,1,1
SNPH,AC009133.22,1,1
SNPH,ARHGEF5,1,1
SNPH,C20ORF194,1,1
SNPH,CARD8,1,1
SNPH,CCDC115,1,1
SNPH,CDK5R1,1,1
SNPH,CERK,1,1
SNPH,COMMD9,1,1
SNPH,CPEB1,1,1
SNPH,CRTC3,1,1
SNPH,CRY2,1,1
SNPH,CTD-3214H19.4,1,1
SNPH,CTSZ,1,1
SNPH,FAM161A,1,1
SNPH,FAM219A,1,1
SNPH,KIAA1033,1,1
SNPH,LRRK1,1,1
SNPH,MBP,1,1
SNPH,MGME1,1,1
SNPH,MLF 2.00,1,1
SNPH,MVB12B,1,1
SNPH,NAPB,1,1
SNPH,NQO2,1,1
SNPH,PER3,1,1
SNPH,PPM1K,1,1
SNPH,PPT2,1,1
SNPH,PTDSS2,1,1
SNPH,PYCARD,1,1
SNPH,RAB11FIP4,1,1
SNPH,RAB34,1,1
SNPH,RNF145,1,1
SNPH,RUNX3,1,1
SNPH,SCML2,1,1
SNPH,SIRPA,1,1
SNPH,SLC44A3,1,1
SNPH,SLC9A8,1,1
SNPH,SOX13,1,1
SNPH,STIM1,1,1
SNPH,STXBP2,1,1
SNPH,TAF15,1,1
SNPH,TALDO1,1,1
SNPH,TP73-AS1,1,1
SNPH,TPRG1L,1,1
SNPH,VANGL1,1,1
SNPH,ZNF354A,1,1
SNPH,ZNF703,1,1
FUCA1,ABCD1,1,1
FUCA1,ABHD12,1,1
FUCA1,ACAN,1,1
FUCA1,ACOT7,1,1
FUCA1,ADAMTS17,1,1
FUCA1,AKR7A2,1,1
FUCA1,ALDH1A1,1,1
FUCA1,AMPH,1,1
FUCA1,ANKRD30B,1,1
FUCA1,ANKRD44,1,1
FUCA1,APOL1,1,1
FUCA1,ARHGEF34P,1,1
FUCA1,ARHGEF35,1,1
FUCA1,ARMT1,1,1
FUCA1,ARPC1A,1,1
FUCA1,ASRGL1,1,1
FUCA1,ATP11A,1,1
FUCA1,ATP6V0D2,1,1
FUCA1,ATP6V1E1,1,1
FUCA1,BCL2L13,1,1
FUCA1,BICDL1,1,1
FUCA1,BIRC7,1,1
FUCA1,CA8,1,1
FUCA1,CAPG,1,1
FUCA1,CCDC141,1,1
FUCA1,CD109,1,1
FUCA1,CDKN2B,1,1
FUCA1,CEACAM1,1,1
FUCA1,CHN2,1,1
FUCA1,CSF2RA,1,1
FUCA1,DAZ1,1,1
FUCA1,DPY19L2P2,1,1
FUCA1,DTNBP1,1,1
FUCA1,EMILIN2,1,1
FUCA1,ENHO,1,1
FUCA1,FAM102B,1,1
FUCA1,FAM126B,1,1
FUCA1,FAM167B,1,1
FUCA1,FEZF1,1,1
FUCA1,FRAS1,1,1
FUCA1,FRG2DP,1,1
FUCA1,FRMD4B,1,1
FUCA1,GALE,1,1
FUCA1,GRAMD4,1,1
FUCA1,HAS2,1,1
FUCA1,HENMT1,1,1
FUCA1,HERC2P5,1,1
FUCA1,HMOX1,1,1
FUCA1,HSPA8P1,1,1
FUCA1,JAK2,1,1
FUCA1,KCTD14,1,1
FUCA1,KIF1B,1,1
FUCA1,LAMA1,1,1
FUCA1,LDLRAD3,1,1
FUCA1,LINS1,1,1
FUCA1,LONRF3,1,1
FUCA1,LSM 8.00,1,1
FUCA1,MAPK1,1,1
FUCA1,MED15,1,1
FUCA1,MERTK,1,1
FUCA1,MFF,1,1
FUCA1,MLXIP,1,1
FUCA1,MTOR,1,1
FUCA1,NBPF8,1,1
FUCA1,NDUFA10,1,1
FUCA1,NPC1,1,1
FUCA1,PDGFD,1,1
FUCA1,PHGDH,1,1
FUCA1,PIK3R3,1,1
FUCA1,PNKD,1,1
FUCA1,POLG,1,1
FUCA1,PRKG2,1,1
FUCA1,RAB17,1,1
FUCA1,RER1,1,1
FUCA1,RP11-159J3.1,1,1
FUCA1,RP11-61N20.3,1,1
FUCA1,RPH3A,1,1
FUCA1,RPL11,1,1
FUCA1,RPS6KA5,1,1
FUCA1,RSBN1,1,1
FUCA1,SAMM50,1,1
FUCA1,SCIN,1,1
FUCA1,SCML4,1,1
FUCA1,SEC22B,1,1
FUCA1,SERGEF,1,1
FUCA1,SFI1,1,1
FUCA1,SGK3,1,1
FUCA1,SIRPB1,1,1
FUCA1,SLC2A11,1,1
FUCA1,SLC37A3,1,1
FUCA1,SLC46A3,1,1
FUCA1,SMPD1,1,1
FUCA1,SPP1,1,1
FUCA1,SPRR2D,1,1
FUCA1,SQRDL,1,1
FUCA1,SS18L1,1,1
FUCA1,TBC1D4,1,1
FUCA1,TESK2,1,1
FUCA1,TGFBR3,1,1
FUCA1,TIMM8B,1,1
FUCA1,TMEM51,1,1
FUCA1,TMUB1,1,1
FUCA1,TP73,1,1
FUCA1,TRPA1,1,1
FUCA1,TTN,1,1
FUCA1,TXN2,1,1
FUCA1,UBE2J1,1,1
FUCA1,USP48,1,1
FUCA1,VAPB,1,1
FUCA1,VAV3,1,1
FUCA1,VCX3B,1,1
FUCA1,WDR47,1,1
FUCA1,ZNF114,1,1
FUCA1,ZNF43,1,1
FUCA1,ZNF503,1,1
FUCA1,ZYG11A,1,1
DUSP4,AGAP3,1,1
DUSP4,AKR7A2,1,1
DUSP4,ATP10B,1,1
DUSP4,ATP6V1E1,1,1
DUSP4,BAIAP2L2,1,1
DUSP4,BCAS3,1,1
DUSP4,BCL2L13,1,1
DUSP4,BLCAP,1,1
DUSP4,CARD16,1,1
DUSP4,CEP41,1,1
DUSP4,CINP,1,1
DUSP4,DNAJC16,1,1
DUSP4,EARS2,1,1
DUSP4,EIF4G3,1,1
DUSP4,ERGIC3,1,1
DUSP4,FAM167B,1,1
DUSP4,FOXRED2,1,1
DUSP4,FRMD4B,1,1
DUSP4,GAB2,1,1
DUSP4,GPR157,1,1
DUSP4,HK2,1,1
DUSP4,HTRA1,1,1
DUSP4,IGF1R,1,1
DUSP4,IGF2R,1,1
DUSP4,JAK2,1,1
DUSP4,KCP,1,1
DUSP4,KIAA2013,1,1
DUSP4,L3MBTL4,1,1
DUSP4,LACTB2,1,1
DUSP4,LAMP2,1,1
DUSP4,LAMTOR5,1,1
DUSP4,LPXN,1,1
DUSP4,MAPK8IP2,1,1
DUSP4,MFF,1,1
DUSP4,MFN2,1,1
DUSP4,MGST2,1,1
DUSP4,MIIP,1,1
DUSP4,MOV10,1,1
DUSP4,MSL3P1,1,1
DUSP4,NBPF26,1,1
DUSP4,NBPF8,1,1
DUSP4,NDUFC2-KCTD14,1,1
DUSP4,NRROS,1,1
DUSP4,PACSIN2,1,1
DUSP4,PEX10,1,1
DUSP4,PNKD,1,1
DUSP4,POMGNT1,1,1
DUSP4,PQLC2,1,1
DUSP4,PTPRK,1,1
DUSP4,RAB17,1,1
DUSP4,RNF207,1,1
DUSP4,RP11-61N20.3,1,1
DUSP4,RPAP2,1,1
DUSP4,RRBP1,1,1
DUSP4,SGK3,1,1
DUSP4,SH3BP1,1,1
DUSP4,SLC22A23,1,1
DUSP4,SLC23A2,1,1
DUSP4,SLC35F5,1,1
DUSP4,SPRY1,1,1
DUSP4,SQSTM1,1,1
DUSP4,SRGAP1,1,1
DUSP4,STK11IP,1,1
DUSP4,STXBP3,1,1
DUSP4,TCEB3,1,1
DUSP4,TESK2,1,1
DUSP4,TIMM50,1,1
DUSP4,TMED9,1,1
DUSP4,TRPV2,1,1
DUSP4,TTF2,1,1
DUSP4,TXLNA,1,1
DUSP4,UGT2B7,1,1
DUSP4,VCP,1,1
DUSP4,WASL,1,1
DUSP4,WDR47,1,1
DUSP4,ZNF326,1,1
DUSP4,ZNF839,1,1
RNF123,CLSPN,1,1
RNF123,GALNT1,1,1
RNF123,IDH3A,1,1
RNF123,MCM3,1,1
RNF123,MELK,1,1
RNF123,MTERF3,1,1
RNF123,NDUFAF4,1,1
RNF123,NELFCD,1,1
RNF123,PTDSS1,1,1
RNF123,STK11,1,1
RNF123,TCEA2,1,1
LACTB2,ADAMTS17,1,1
LACTB2,AK2,1,1
LACTB2,AKR7A2,1,1
LACTB2,ALDH1B1,1,1
LACTB2,ANAPC7,1,1
LACTB2,APITD1,1,1
LACTB2,ARHGAP28,1,1
LACTB2,ARHGEF39,1,1
LACTB2,ARMC10,1,1
LACTB2,ATAD3A,1,1
LACTB2,ATOX1,1,1
LACTB2,ATP10B,1,1
LACTB2,ATP5F1,1,1
LACTB2,ATXN7L3B,1,1
LACTB2,B3GALT6,1,1
LACTB2,BAIAP2L2,1,1
LACTB2,BCAS3,1,1
LACTB2,C1ORF112,1,1
LACTB2,CADM1,1,1
LACTB2,CADPS,1,1
LACTB2,CAPZA2,1,1
LACTB2,CARD16,1,1
LACTB2,CARHSP1,1,1
LACTB2,CASP8,1,1
LACTB2,CCDC134,1,1
LACTB2,CD109,1,1
LACTB2,CEP41,1,1
LACTB2,CGN,1,1
LACTB2,CHEK2,1,1
LACTB2,CSDE1,1,1
LACTB2,CSNK1G2,1,1
LACTB2,DDOST,1,1
LACTB2,DDT,1,1
LACTB2,DLD,1,1
LACTB2,DPYSL5,1,1
LACTB2,EARS2,1,1
LACTB2,ECE1,1,1
LACTB2,EFHD2,1,1
LACTB2,EIF5A2,1,1
LACTB2,EMC1,1,1
LACTB2,EN1,1,1
LACTB2,EXTL3,1,1
LACTB2,EYA4,1,1
LACTB2,FAM81A,1,1
LACTB2,FOXRED2,1,1
LACTB2,GALE,1,1
LACTB2,GFPT1,1,1
LACTB2,GJB1,1,1
LACTB2,GNB1L,1,1
LACTB2,GPR157,1,1
LACTB2,GPR55,1,1
LACTB2,GXYLT1,1,1
LACTB2,HEY1,1,1
LACTB2,HK2,1,1
LACTB2,ID3,1,1
LACTB2,IDH3A,1,1
LACTB2,IGF2BP3,1,1
LACTB2,IGHVII-30-43,1,1
LACTB2,ITGAV,1,1
LACTB2,KDELC1,1,1
LACTB2,KIAA2013,1,1
LACTB2,KIRREL,1,1
LACTB2,L3MBTL4,1,1
LACTB2,LAMP2,1,1
LACTB2,LCP2,1,1
LACTB2,LPXN,1,1
LACTB2,LRP12,1,1
LACTB2,LSR,1,1
LACTB2,MAD2L2,1,1
LACTB2,MAPK8IP2,1,1
LACTB2,MDFIC,1,1
LACTB2,MFN2,1,1
LACTB2,MGAT5,1,1
LACTB2,MLH3,1,1
LACTB2,MLLT4,1,1
LACTB2,MSL3P1,1,1
LACTB2,MTFP1,1,1
LACTB2,MTMR4,1,1
LACTB2,NBPF26,1,1
LACTB2,NDUFA5,1,1
LACTB2,NELFCD,1,1
LACTB2,NPAS2,1,1
LACTB2,NRROS,1,1
LACTB2,NUDCD3,1,1
LACTB2,NUP43,1,1
LACTB2,NUP50,1,1
LACTB2,ORC5,1,1
LACTB2,P3H3,1,1
LACTB2,PACSIN2,1,1
LACTB2,PANX2,1,1
LACTB2,PARK7,1,1
LACTB2,PARL,1,1
LACTB2,PARP9,1,1
LACTB2,PEX26,1,1
LACTB2,PHTF1,1,1
LACTB2,POLR3G,1,1
LACTB2,PPFIBP1,1,1
LACTB2,PPP1R14C,1,1
LACTB2,PSMA5,1,1
LACTB2,PSMC2,1,1
LACTB2,PTDSS1,1,1
LACTB2,RASEF,1,1
LACTB2,RBM28,1,1
LACTB2,RLBP1,1,1
LACTB2,RNF207,1,1
LACTB2,RNF43,1,1
LACTB2,RP11-153I24.5,1,1
LACTB2,RPN2,1,1
LACTB2,RRP7BP,1,1
LACTB2,RTCB,1,1
LACTB2,RYBP,1,1
LACTB2,SDHB,1,1
LACTB2,SEMA4F,1,1
LACTB2,SLC16A1,1,1
LACTB2,SLC22A23,1,1
LACTB2,SLC25A13,1,1
LACTB2,SLC35F5,1,1
LACTB2,SLC35F6,1,1
LACTB2,SLC5A6,1,1
LACTB2,SLCO5A1,1,1
LACTB2,SORL1,1,1
LACTB2,SRM,1,1
LACTB2,STK17B,1,1
LACTB2,STRIP2,1,1
LACTB2,SYNM,1,1
LACTB2,SYPL1,1,1
LACTB2,TBCA,1,1
LACTB2,TBL1X,1,1
LACTB2,TCEB3,1,1
LACTB2,TIMM50,1,1
LACTB2,TIMP3,1,1
LACTB2,TMED9,1,1
LACTB2,TMEM201,1,1
LACTB2,TMEM242,1,1
LACTB2,TMEM64,1,1
LACTB2,TMF1,1,1
LACTB2,TRABD,1,1
LACTB2,TRIM33,1,1
LACTB2,TRMT2A,1,1
LACTB2,TRMU,1,1
LACTB2,TTF2,1,1
LACTB2,TUBB2A,1,1
LACTB2,UFD1L,1,1
LACTB2,VCX3A,1,1
LACTB2,VGF,1,1
LACTB2,VPS45,1,1
LACTB2,WASL,1,1
LACTB2,WDPCP,1,1
LACTB2,WDR77,1,1
LACTB2,ZC3H11B,1,1
LACTB2,ZC3HAV1,1,1
LACTB2,ZMYM1,1,1
LACTB2,ZNF503,1,1
LACTB2,ZNF697,1,1
LACTB2,ZNF839,1,1
RPSAP53,AK5,1,1
RPSAP53,ATP7B,1,1
RPSAP53,CASP1,1,1
RPSAP53,ERP29,1,1
RPSAP53,EVA1A,1,1
RPSAP53,FBXO32,1,1
RPSAP53,GNB1,1,1
RPSAP53,GSTO1,1,1
RPSAP53,HERC5,1,1
RPSAP53,HP1BP3,1,1
RPSAP53,MCOLN3,1,1
RPSAP53,MRPL58,1,1
RPSAP53,NAGA,1,1
RPSAP53,OAT,1,1
RPSAP53,RBBP4,1,1
RPSAP53,TARSL2,1,1
RPSAP53,TGFBR1,1,1
RPSAP53,TMEM106A,1,1
RPSAP53,TRIQK,1,1
RPSAP53,VAMP8,1,1
RPSAP53,VPS29,1,1
RPSAP53,WDR91,1,1
RPSAP53,ZFYVE16,1,1
NT5E,AGA,1,1
NT5E,BMP8B,1,1
NT5E,CCNO,1,1
NT5E,CD68,1,1
NT5E,DFFA,1,1
NT5E,DTX3L,1,1
NT5E,FAAP20,1,1
NT5E,FPGT,1,1
NT5E,GLRX,1,1
NT5E,KIF7,1,1
NT5E,MMACHC,1,1
NT5E,MOXD1,1,1
NT5E,MRPL46,1,1
NT5E,NAB1,1,1
NT5E,NT5DC3,1,1
NT5E,PGAP2,1,1
NT5E,RP11-299H22.3,1,1
NT5E,RPL22,1,1
NT5E,RTFDC1,1,1
NT5E,SLC30A7,1,1
NT5E,SLC4A4,1,1
NT5E,SLX4IP,1,1
NT5E,SMG9,1,1
NT5E,TMEM161B,1,1
FAXC,AC013264.1,1,1
FAXC,AKAP9,1,1
FAXC,ARHGEF34P,1,1
FAXC,ARHGEF35,1,1
FAXC,ARHGEF5,1,1
FAXC,ATRN,1,1
FAXC,CA8,1,1
FAXC,CAP1,1,1
FAXC,CCDC115,1,1
FAXC,CCDC36,1,1
FAXC,CD40,1,1
FAXC,CEACAM1,1,1
FAXC,COMMD9,1,1
FAXC,CTD-3214H19.4,1,1
FAXC,DDRGK1,1,1
FAXC,EMILIN2,1,1
FAXC,FAM102B,1,1
FAXC,FAM126B,1,1
FAXC,FAM189B,1,1
FAXC,GNB1,1,1
FAXC,GRAMD1A,1,1
FAXC,GSTO1,1,1
FAXC,GTF2H1,1,1
FAXC,GUCD1,1,1
FAXC,HAS2,1,1
FAXC,HENMT1,1,1
FAXC,HLA-F,1,1
FAXC,HP1BP3,1,1
FAXC,ICMT,1,1
FAXC,KIAA1033,1,1
FAXC,LINS1,1,1
FAXC,MBP,1,1
FAXC,NAV2,1,1
FAXC,OAT,1,1
FAXC,PER3,1,1
FAXC,PHF20,1,1
FAXC,PPT2,1,1
FAXC,PRDM2,1,1
FAXC,RAB11FIP4,1,1
FAXC,RBBP4,1,1
FAXC,RHOQ,1,1
FAXC,RNF31,1,1
FAXC,RSBN1,1,1
FAXC,RTCA,1,1
FAXC,RUNX3,1,1
FAXC,SIRPA,1,1
FAXC,SLC44A3,1,1
FAXC,SNX8,1,1
FAXC,TGFBR1,1,1
FAXC,TGFBRAP1,1,1
FAXC,TPPP,1,1
FAXC,VAMP3,1,1
FAXC,VANGL1,1,1
FAXC,ZBED6CL,1,1
FAXC,ZNF43,1,1
ZNF70,GGT7,1,1
ZNF70,POMGNT1,1,1
ZNF70,SRGAP2C,1,1
FOXJ2,C11ORF24,1,1
FOXJ2,CROCCP2,1,1
FOXJ2,MMACHC,1,1
FOXJ2,PIGK,1,1
VGF,AGAP1,1,1
VGF,AIG1,1,1
VGF,AK2,1,1
VGF,ALDH1B1,1,1
VGF,ALG3,1,1
VGF,ARHGAP28,1,1
VGF,ARHGEF39,1,1
VGF,ARL 3.00,1,1
VGF,ARMC10,1,1
VGF,ASUN,1,1
VGF,ATAD3A,1,1
VGF,ATP10B,1,1
VGF,ATXN7L3B,1,1
VGF,B3GALT6,1,1
VGF,BCAS3,1,1
VGF,C5ORF34,1,1
VGF,CAPZA2,1,1
VGF,CASP8,1,1
VGF,CEP41,1,1
VGF,CHEK2,1,1
VGF,CMAS,1,1
VGF,CSDE1,1,1
VGF,DDOST,1,1
VGF,DGKG,1,1
VGF,DLD,1,1
VGF,ECE1,1,1
VGF,EFHD2,1,1
VGF,EMC1,1,1
VGF,EN1,1,1
VGF,ENO1,1,1
VGF,EYA1,1,1
VGF,EYA4,1,1
VGF,FAM81A,1,1
VGF,FOXRED2,1,1
VGF,FZD6,1,1
VGF,GDPD1,1,1
VGF,GFPT1,1,1
VGF,GJB1,1,1
VGF,GLDC,1,1
VGF,HEY1,1,1
VGF,IGF2BP3,1,1
VGF,IGHVII-30-43,1,1
VGF,KDELC1,1,1
VGF,KIAA2013,1,1
VGF,KIRREL,1,1
VGF,LCP2,1,1
VGF,LRP12,1,1
VGF,MCRIP2,1,1
VGF,METAP1D,1,1
VGF,MGAT5,1,1
VGF,MINOS1,1,1
VGF,MIOS,1,1
VGF,MLH3,1,1
VGF,MMS19,1,1
VGF,MTMR4,1,1
VGF,NCKAP1,1,1
VGF,NDUFA5,1,1
VGF,NIPAL3,1,1
VGF,NSMCE3,1,1
VGF,NUP43,1,1
VGF,PANX2,1,1
VGF,PARP9,1,1
VGF,PHPT1,1,1
VGF,PKN3,1,1
VGF,POU3F2,1,1
VGF,PPFIBP1,1,1
VGF,PPP1R14C,1,1
VGF,PRKCZ,1,1
VGF,PSMA5,1,1
VGF,PSMC2,1,1
VGF,PXDN,1,1
VGF,RAP1A,1,1
VGF,RBSN,1,1
VGF,RIPK4,1,1
VGF,RLBP1,1,1
VGF,RNF207,1,1
VGF,RNF43,1,1
VGF,RP11-153I24.5,1,1
VGF,RPN2,1,1
VGF,RRP7BP,1,1
VGF,RTCB,1,1
VGF,SDF4,1,1
VGF,SDHB,1,1
VGF,SLC16A1,1,1
VGF,SLC25A13,1,1
VGF,SLC25A17,1,1
VGF,SLC35F6,1,1
VGF,SLC5A6,1,1
VGF,SLCO5A1,1,1
VGF,SMARCE1,1,1
VGF,SMIM4,1,1
VGF,SNX17,1,1
VGF,SORL1,1,1
VGF,ST8SIA1,1,1
VGF,STK17B,1,1
VGF,STRIP2,1,1
VGF,SYNM,1,1
VGF,SYPL1,1,1
VGF,TBCA,1,1
VGF,TEAD2,1,1
VGF,TIMM50,1,1
VGF,TIMP3,1,1
VGF,TMED9,1,1
VGF,TMEM242,1,1
VGF,TMEM38B,1,1
VGF,TNIP2,1,1
VGF,TRABD,1,1
VGF,TRIM33,1,1
VGF,TRMT2A,1,1
VGF,TTF2,1,1
VGF,TUBB2A,1,1
VGF,UFD1L,1,1
VGF,VPS45,1,1
VGF,WASL,1,1
VGF,WDPCP,1,1
VGF,ZC3H11B,1,1
VGF,ZMYM1,1,1
VGF,ZNF264,1,1
VGF,ZNF697,1,1
VGF,ZNF839,1,1
BCL2L13,ABCD1,1,1
BCL2L13,ACOT7,1,1
BCL2L13,ADAMTS17,1,1
BCL2L13,AKR7A2,1,1
BCL2L13,ALDH1A1,1,1
BCL2L13,ANKRD44,1,1
BCL2L13,ARMT1,1,1
BCL2L13,ARPC1A,1,1
BCL2L13,ATOX1,1,1
BCL2L13,ATP11A,1,1
BCL2L13,ATP6V1C1,1,1
BCL2L13,ATP6V1E1,1,1
BCL2L13,BCAS3,1,1
BCL2L13,BLCAP,1,1
BCL2L13,CADM1,1,1
BCL2L13,CARD16,1,1
BCL2L13,CARHSP1,1,1
BCL2L13,CCDC134,1,1
BCL2L13,CD109,1,1
BCL2L13,CDC42,1,1
BCL2L13,CEP41,1,1
BCL2L13,CGN,1,1
BCL2L13,CHN2,1,1
BCL2L13,CINP,1,1
BCL2L13,COG5,1,1
BCL2L13,COX5B,1,1
BCL2L13,DNAJC16,1,1
BCL2L13,DPY19L2P2,1,1
BCL2L13,DTNBP1,1,1
BCL2L13,EARS2,1,1
BCL2L13,EIF4G3,1,1
BCL2L13,EIF5A2,1,1
BCL2L13,ENHO,1,1
BCL2L13,EPM2AIP1,1,1
BCL2L13,ERGIC3,1,1
BCL2L13,EXOSC10,1,1
BCL2L13,FAM167B,1,1
BCL2L13,FBXO42,1,1
BCL2L13,FBXO6,1,1
BCL2L13,FN1,1,1
BCL2L13,FRMD4B,1,1
BCL2L13,GAB2,1,1
BCL2L13,GALE,1,1
BCL2L13,GPR157,1,1
BCL2L13,GRAMD4,1,1
BCL2L13,HAS2,1,1
BCL2L13,HIPK1,1,1
BCL2L13,HPS5,1,1
BCL2L13,HTRA1,1,1
BCL2L13,IGF1R,1,1
BCL2L13,IGF2R,1,1
BCL2L13,IMMP2L,1,1
BCL2L13,JAK2,1,1
BCL2L13,KCP,1,1
BCL2L13,KCTD14,1,1
BCL2L13,L3MBTL4,1,1
BCL2L13,LAMA1,1,1
BCL2L13,LAMP2,1,1
BCL2L13,LAMTOR5,1,1
BCL2L13,LMF2,1,1
BCL2L13,LPXN,1,1
BCL2L13,LZIC,1,1
BCL2L13,MAPK1,1,1
BCL2L13,MED15,1,1
BCL2L13,MESDC1,1,1
BCL2L13,MFF,1,1
BCL2L13,MFN2,1,1
BCL2L13,MGST2,1,1
BCL2L13,MIIP,1,1
BCL2L13,MLLT4,1,1
BCL2L13,MLXIP,1,1
BCL2L13,MOV10,1,1
BCL2L13,MRFAP1,1,1
BCL2L13,MSL3P1,1,1
BCL2L13,MTOR,1,1
BCL2L13,MUL1,1,1
BCL2L13,NADK,1,1
BCL2L13,NBPF26,1,1
BCL2L13,NBPF8,1,1
BCL2L13,NDUFC2-KCTD14,1,1
BCL2L13,NOL4L,1,1
BCL2L13,NPC1,1,1
BCL2L13,NRROS,1,1
BCL2L13,NUDCD3,1,1
BCL2L13,PACSIN2,1,1
BCL2L13,PARK7,1,1
BCL2L13,PARP9,1,1
BCL2L13,PDK3,1,1
BCL2L13,PEX10,1,1
BCL2L13,PHGDH,1,1
BCL2L13,PHTF1,1,1
BCL2L13,PIGO,1,1
BCL2L13,PNKD,1,1
BCL2L13,POLG,1,1
BCL2L13,POMGNT1,1,1
BCL2L13,POT1,1,1
BCL2L13,PQLC2,1,1
BCL2L13,PTPRK,1,1
BCL2L13,RAB17,1,1
BCL2L13,RCN3,1,1
BCL2L13,RP11-61N20.3,1,1
BCL2L13,RPAP2,1,1
BCL2L13,RRBP1,1,1
BCL2L13,RYBP,1,1
BCL2L13,SAMM50,1,1
BCL2L13,SBF1,1,1
BCL2L13,SEC22B,1,1
BCL2L13,SEMA4F,1,1
BCL2L13,SFI1,1,1
BCL2L13,SGCE,1,1
BCL2L13,SGK3,1,1
BCL2L13,SLC22A23,1,1
BCL2L13,SLC2A11,1,1
BCL2L13,SLC37A3,1,1
BCL2L13,SMPD1,1,1
BCL2L13,SPRY1,1,1
BCL2L13,SRGAP2C,1,1
BCL2L13,STK39,1,1
BCL2L13,STXBP3,1,1
BCL2L13,SYCP2,1,1
BCL2L13,TCEB3,1,1
BCL2L13,TESK2,1,1
BCL2L13,TGFBR3,1,1
BCL2L13,TMEM51,1,1
BCL2L13,TRIB1,1,1
BCL2L13,TRPA1,1,1
BCL2L13,TRPV2,1,1
BCL2L13,TTF2,1,1
BCL2L13,TTN,1,1
BCL2L13,TXLNA,1,1
BCL2L13,TXN2,1,1
BCL2L13,UBE2J1,1,1
BCL2L13,UGT2B7,1,1
BCL2L13,USP18,1,1
BCL2L13,USP48,1,1
BCL2L13,VAV3,1,1
BCL2L13,VCP,1,1
BCL2L13,WDR47,1,1
BCL2L13,ZNF503,1,1
USP18,AKR7A2,1,1
USP18,CARD16,1,1
USP18,COX5B,1,1
USP18,DPF2,1,1
USP18,FBXO6,1,1
USP18,HTRA1,1,1
USP18,IMMP2L,1,1
USP18,KCNN2,1,1
USP18,KCP,1,1
USP18,LAMA1,1,1
USP18,LAMP2,1,1
USP18,LAMTOR5,1,1
USP18,LMF2,1,1
USP18,MFF,1,1
USP18,MGST2,1,1
USP18,MIIP,1,1
USP18,MSL3P1,1,1
USP18,NADK,1,1
USP18,NBPF26,1,1
USP18,NDUFC2-KCTD14,1,1
USP18,NOL4L,1,1
USP18,OAS1,1,1
USP18,PACSIN2,1,1
USP18,PARP9,1,1
USP18,PIGO,1,1
USP18,PLCD3,1,1
USP18,PTPRK,1,1
USP18,RAB17,1,1
USP18,RCN3,1,1
USP18,RHOJ,1,1
USP18,SGK3,1,1
USP18,STXBP3,1,1
USP18,TBL1X,1,1
USP18,TCTN3,1,1
USP18,TESK2,1,1
USP18,TNKS1BP1,1,1
USP18,TRIM14,1,1
USP18,TXN2,1,1
COL15A1,OAS1,1,1
COL15A1,OAS2,1,1
FN3KRP,ALKBH3,1,1
FN3KRP,CRY1,1,1
FN3KRP,DHX33,1,1
FN3KRP,FAM217B,1,1
FN3KRP,IDH3B,1,1
FN3KRP,IQGAP1,1,1
FN3KRP,KIN,1,1
FN3KRP,MRPL46,1,1
FN3KRP,SRBD1,1,1
FN3KRP,TTC37,1,1
FN3KRP,ZNF585B,1,1
NUP205,AGFG1,1,1
NUP205,ALDH1B1,1,1
NUP205,ASCC2,1,1
NUP205,ATAD3A,1,1
NUP205,ATP6V0B,1,1
NUP205,AUNIP,1,1
NUP205,AURKA,1,1
NUP205,BCAS2,1,1
NUP205,CENPI,1,1
NUP205,CENPM,1,1
NUP205,CEP85,1,1
NUP205,CLSPN,1,1
NUP205,COQ10B,1,1
NUP205,CSDE1,1,1
NUP205,DLD,1,1
NUP205,EFHD2,1,1
NUP205,EIF3D,1,1
NUP205,ELOVL5,1,1
NUP205,ESPL1,1,1
NUP205,FAM81A,1,1
NUP205,FAM91A1,1,1
NUP205,FOPNL,1,1
NUP205,FOXN2,1,1
NUP205,GLS,1,1
NUP205,GSR,1,1
NUP205,GTPBP10,1,1
NUP205,GTSE1,1,1
NUP205,GXYLT1,1,1
NUP205,HSPE1P3,1,1
NUP205,KDM1A,1,1
NUP205,KLHDC3,1,1
NUP205,LDHAP4,1,1
NUP205,LRRC37A2,1,1
NUP205,LRWD1,1,1
NUP205,MCAT,1,1
NUP205,MMS22L,1,1
NUP205,MTFR2,1,1
NUP205,MTPN,1,1
NUP205,NCKAP1,1,1
NUP205,NUDC,1,1
NUP205,NUP50,1,1
NUP205,OPA1,1,1
NUP205,ORC5,1,1
NUP205,P3H3,1,1
NUP205,PDXP,1,1
NUP205,PLCB4,1,1
NUP205,POLR1A,1,1
NUP205,POLR3G,1,1
NUP205,POLR3K,1,1
NUP205,PSMC2,1,1
NUP205,RALY,1,1
NUP205,RECQL4,1,1
NUP205,RHPN2,1,1
NUP205,RTCB,1,1
NUP205,SHQ1,1,1
NUP205,SLC25A17,1,1
NUP205,SLC35E3,1,1
NUP205,SLC5A6,1,1
NUP205,SP4,1,1
NUP205,ST13,1,1
NUP205,STK17B,1,1
NUP205,STK38L,1,1
NUP205,STOML2,1,1
NUP205,TONSL,1,1
NUP205,TRIP12,1,1
NUP205,TRMU,1,1
NUP205,VDR,1,1
NUP205,WDR77,1,1
NUP205,XPC,1,1
ZHX2,FTO,1,1
ZHX2,KIAA0232,1,1
ZHX2,LLGL1,1,1
ZHX2,PI4KB,1,1
ZHX2,PKN3,1,1
ZHX2,RBSN,1,1
MAFF,ABHD12,1,1
MAFF,ACAN,1,1
MAFF,AL513523.1,1,1
MAFF,ALDH1A1,1,1
MAFF,AMPH,1,1
MAFF,ANKRD30B,1,1
MAFF,ANO4,1,1
MAFF,AP5S1,1,1
MAFF,APOL1,1,1
MAFF,ARHGAP39,1,1
MAFF,ARHGEF34P,1,1
MAFF,ARHGEF35,1,1
MAFF,ASRGL1,1,1
MAFF,ATP6V0D2,1,1
MAFF,BICDL1,1,1
MAFF,BIRC7,1,1
MAFF,C3ORF14,1,1
MAFF,CAPG,1,1
MAFF,CCDC141,1,1
MAFF,CCNA1,1,1
MAFF,CD36,1,1
MAFF,CDKN2B,1,1
MAFF,CEACAM1,1,1
MAFF,CHN2,1,1
MAFF,CLDN14,1,1
MAFF,COL4A2,1,1
MAFF,COPS8,1,1
MAFF,CPTP,1,1
MAFF,CSF2RA,1,1
MAFF,DAZ1,1,1
MAFF,DDRGK1,1,1
MAFF,DFFB,1,1
MAFF,DPY19L2P2,1,1
MAFF,DTX3L,1,1
MAFF,EMILIN2,1,1
MAFF,ENTPD6,1,1
MAFF,FAAP20,1,1
MAFF,FAM102B,1,1
MAFF,FEZF1,1,1
MAFF,FGFR1OP2,1,1
MAFF,FRAS1,1,1
MAFF,HENMT1,1,1
MAFF,HMGXB3,1,1
MAFF,HSD17B11,1,1
MAFF,HSPA8P1,1,1
MAFF,ICMT,1,1
MAFF,KCTD14,1,1
MAFF,LHX8,1,1
MAFF,LIMK2,1,1
MAFF,LINS1,1,1
MAFF,LONRF3,1,1
MAFF,LRRC61,1,1
MAFF,MERTK,1,1
MAFF,MME,1,1
MAFF,MMP8,1,1
MAFF,MOXD1,1,1
MAFF,PCSK2,1,1
MAFF,PDE4B,1,1
MAFF,PHGDH,1,1
MAFF,PIK3R3,1,1
MAFF,PIM3,1,1
MAFF,PPP1R12B,1,1
MAFF,PRKG2,1,1
MAFF,RER1,1,1
MAFF,RGS1,1,1
MAFF,RP11-119J18.1,1,1
MAFF,RP11-159J3.1,1,1
MAFF,RP11-327P2.7,1,1
MAFF,RPH3A,1,1
MAFF,RPL11,1,1
MAFF,RPL22,1,1
MAFF,RPS27L,1,1
MAFF,RPS6KA5,1,1
MAFF,SCIN,1,1
MAFF,SCML4,1,1
MAFF,SLAMF7,1,1
MAFF,SLC2A11,1,1
MAFF,SLC46A3,1,1
MAFF,SQRDL,1,1
MAFF,SS18L1,1,1
MAFF,STAT1,1,1
MAFF,TMC3,1,1
MAFF,TP73,1,1
MAFF,TRPA1,1,1
MAFF,TUB,1,1
MAFF,VAPB,1,1
MAFF,VAV3,1,1
MAFF,VCX3B,1,1
MAFF,ZBED6CL,1,1
MAFF,ZC3H4,1,1
MAFF,ZNF114,1,1
MAFF,ZNF43,1,1
MAFF,ZNF689,1,1
MAFF,ZYG11A,1,1
NDUFC2-KCTD14,ABCD1,1,1
NDUFC2-KCTD14,AC013264.1,1,1
NDUFC2-KCTD14,AGAP3,1,1
NDUFC2-KCTD14,AKR7A2,1,1
NDUFC2-KCTD14,ANKRD44,1,1
NDUFC2-KCTD14,ARPC1A,1,1
NDUFC2-KCTD14,ATP6V1C1,1,1
NDUFC2-KCTD14,ATP6V1E1,1,1
NDUFC2-KCTD14,BLCAP,1,1
NDUFC2-KCTD14,CA8,1,1
NDUFC2-KCTD14,CALD1,1,1
NDUFC2-KCTD14,CARD16,1,1
NDUFC2-KCTD14,CARHSP1,1,1
NDUFC2-KCTD14,CD109,1,1
NDUFC2-KCTD14,CD36,1,1
NDUFC2-KCTD14,CDC42,1,1
NDUFC2-KCTD14,COX5B,1,1
NDUFC2-KCTD14,DNAJC16,1,1
NDUFC2-KCTD14,DTNBP1,1,1
NDUFC2-KCTD14,EARS2,1,1
NDUFC2-KCTD14,EIF4G3,1,1
NDUFC2-KCTD14,FAM167B,1,1
NDUFC2-KCTD14,FBXO42,1,1
NDUFC2-KCTD14,FRMD4B,1,1
NDUFC2-KCTD14,GAB2,1,1
NDUFC2-KCTD14,GRAMD4,1,1
NDUFC2-KCTD14,GUCD1,1,1
NDUFC2-KCTD14,HAS2,1,1
NDUFC2-KCTD14,HMGXB3,1,1
NDUFC2-KCTD14,HPS5,1,1
NDUFC2-KCTD14,HTRA1,1,1
NDUFC2-KCTD14,IGF1R,1,1
NDUFC2-KCTD14,IL16,1,1
NDUFC2-KCTD14,JAK2,1,1
NDUFC2-KCTD14,KCP,1,1
NDUFC2-KCTD14,KCTD14,1,1
NDUFC2-KCTD14,LAMA1,1,1
NDUFC2-KCTD14,LAMP2,1,1
NDUFC2-KCTD14,LAMTOR5,1,1
NDUFC2-KCTD14,LMF2,1,1
NDUFC2-KCTD14,LSM 8.00,1,1
NDUFC2-KCTD14,LUZP1,1,1
NDUFC2-KCTD14,LZIC,1,1
NDUFC2-KCTD14,MAPK1,1,1
NDUFC2-KCTD14,MARK3,1,1
NDUFC2-KCTD14,MED15,1,1
NDUFC2-KCTD14,MESDC1,1,1
NDUFC2-KCTD14,MFF,1,1
NDUFC2-KCTD14,MIIP,1,1
NDUFC2-KCTD14,MLXIP,1,1
NDUFC2-KCTD14,MTOR,1,1
NDUFC2-KCTD14,NADK,1,1
NDUFC2-KCTD14,NBPF8,1,1
NDUFC2-KCTD14,NOL4L,1,1
NDUFC2-KCTD14,NPC1,1,1
NDUFC2-KCTD14,PACSIN2,1,1
NDUFC2-KCTD14,PDK3,1,1
NDUFC2-KCTD14,PEX10,1,1
NDUFC2-KCTD14,PIGO,1,1
NDUFC2-KCTD14,PNKD,1,1
NDUFC2-KCTD14,POLG,1,1
NDUFC2-KCTD14,POMGNT1,1,1
NDUFC2-KCTD14,PQLC2,1,1
NDUFC2-KCTD14,RAB17,1,1
NDUFC2-KCTD14,REPS1,1,1
NDUFC2-KCTD14,RP11-61N20.3,1,1
NDUFC2-KCTD14,RRBP1,1,1
NDUFC2-KCTD14,SAMM50,1,1
NDUFC2-KCTD14,SBF1,1,1
NDUFC2-KCTD14,SGCE,1,1
NDUFC2-KCTD14,SGK3,1,1
NDUFC2-KCTD14,SLC22A23,1,1
NDUFC2-KCTD14,SLC23A2,1,1
NDUFC2-KCTD14,SLC37A3,1,1
NDUFC2-KCTD14,SMPD1,1,1
NDUFC2-KCTD14,SPRY1,1,1
NDUFC2-KCTD14,SPSB1,1,1
NDUFC2-KCTD14,SRGAP2C,1,1
NDUFC2-KCTD14,STK39,1,1
NDUFC2-KCTD14,STXBP3,1,1
NDUFC2-KCTD14,TCEB3,1,1
NDUFC2-KCTD14,TCTN3,1,1
NDUFC2-KCTD14,TESK2,1,1
NDUFC2-KCTD14,TGFBR3,1,1
NDUFC2-KCTD14,TMEM51,1,1
NDUFC2-KCTD14,TNKS1BP1,1,1
NDUFC2-KCTD14,TRPV2,1,1
NDUFC2-KCTD14,TXN2,1,1
NDUFC2-KCTD14,UBE2J1,1,1
NDUFC2-KCTD14,USP48,1,1
NDUFC2-KCTD14,VAV3,1,1
NDUFC2-KCTD14,VCP,1,1
NDUFC2-KCTD14,WDR47,1,1
NDUFC2-KCTD14,ZNF503,1,1
KDM1A,AGFG1,1,1
KDM1A,AIM1,1,1
KDM1A,ANKRD27,1,1
KDM1A,AP1B1,1,1
KDM1A,AP1S3,1,1
KDM1A,APITD1,1,1
KDM1A,ASCC2,1,1
KDM1A,ATAD3A,1,1
KDM1A,ATN1,1,1
KDM1A,ATP5F1,1,1
KDM1A,ATP6V0B,1,1
KDM1A,AURKA,1,1
KDM1A,AURKAIP1,1,1
KDM1A,BCAS2,1,1
KDM1A,C1ORF174,1,1
KDM1A,C2ORF69,1,1
KDM1A,CCNO,1,1
KDM1A,CENPM,1,1
KDM1A,CLDN12,1,1
KDM1A,CLSPN,1,1
KDM1A,COQ10B,1,1
KDM1A,CSDE1,1,1
KDM1A,DFFA,1,1
KDM1A,DPYSL5,1,1
KDM1A,E2F2,1,1
KDM1A,EFHD2,1,1
KDM1A,EIF3D,1,1
KDM1A,ELOVL5,1,1
KDM1A,FAM81A,1,1
KDM1A,FAM91A1,1,1
KDM1A,FANCI,1,1
KDM1A,GET4,1,1
KDM1A,GSR,1,1
KDM1A,GTPBP10,1,1
KDM1A,GTSE1,1,1
KDM1A,GXYLT1,1,1
KDM1A,HOXD4,1,1
KDM1A,HSPE1P3,1,1
KDM1A,ID3,1,1
KDM1A,KIF7,1,1
KDM1A,KLHDC3,1,1
KDM1A,LDHAP4,1,1
KDM1A,LRRC37A2,1,1
KDM1A,LSR,1,1
KDM1A,MAD2L2,1,1
KDM1A,MCAT,1,1
KDM1A,MRFAP1L1,1,1
KDM1A,MTFP1,1,1
KDM1A,NCAPH2,1,1
KDM1A,NCKAP1,1,1
KDM1A,NT5DC3,1,1
KDM1A,NUP50,1,1
KDM1A,OPA1,1,1
KDM1A,ORC5,1,1
KDM1A,P3H3,1,1
KDM1A,PITPNM2,1,1
KDM1A,PLCB4,1,1
KDM1A,POLE4,1,1
KDM1A,POLR2J,1,1
KDM1A,POLR3G,1,1
KDM1A,POLR3K,1,1
KDM1A,PSMA5,1,1
KDM1A,PYGB,1,1
KDM1A,RALY,1,1
KDM1A,RTCB,1,1
KDM1A,SHQ1,1,1
KDM1A,SNRNP25,1,1
KDM1A,SP4,1,1
KDM1A,ST13,1,1
KDM1A,STK17B,1,1
KDM1A,STK38L,1,1
KDM1A,STOML2,1,1
KDM1A,TGFBR2,1,1
KDM1A,THAP7,1,1
KDM1A,TMEM144,1,1
KDM1A,TONSL,1,1
KDM1A,TRIP12,1,1
KDM1A,TRMU,1,1
KDM1A,TRPV4,1,1
KDM1A,UBA3,1,1
KDM1A,VDR,1,1
KDM1A,WARS2,1,1
KDM1A,WDR77,1,1
KDM1A,XPC,1,1
SDR39U1,ABCD4,1,1
SDR39U1,WDR59,1,1
TYW5,ABHD2,1,1
TYW5,ACOT7,1,1
TYW5,ADAMTS17,1,1
TYW5,AP1S3,1,1
TYW5,ARL6IP5,1,1
TYW5,ATOX1,1,1
TYW5,ATP6V1E2,1,1
TYW5,CHRNA7,1,1
TYW5,CIB1,1,1
TYW5,DDT,1,1
TYW5,DPYSL5,1,1
TYW5,FRG2DP,1,1
TYW5,GALE,1,1
TYW5,HERC2P5,1,1
TYW5,HEY1,1,1
TYW5,LYPLA2,1,1
TYW5,MCAT,1,1
TYW5,MKRN3,1,1
TYW5,MORN1,1,1
TYW5,NDUFB3,1,1
TYW5,NEPRO,1,1
TYW5,NPAS2,1,1
TYW5,OR7E38P,1,1
TYW5,PICK1,1,1
TYW5,PLCB4,1,1
TYW5,POLR2J,1,1
TYW5,RASEF,1,1
TYW5,RLBP1,1,1
TYW5,SEMA4F,1,1
TYW5,SERGEF,1,1
TYW5,SH3BP2,1,1
TYW5,TMF1,1,1
TYW5,TMUB1,1,1
TYW5,TRPV4,1,1
TYW5,UBA3,1,1
TYW5,ZNF697,1,1
CD164,ATP10B,1,1
CD164,BAIAP2L2,1,1
CD164,C1ORF112,1,1
CD164,CEP41,1,1
CD164,EARS2,1,1
CD164,FOXRED2,1,1
CD164,GDPD1,1,1
CD164,GJB1,1,1
CD164,GLB1L2,1,1
CD164,HK2,1,1
CD164,HTRA1,1,1
CD164,IGF2R,1,1
CD164,ITGAV,1,1
CD164,LAMP2,1,1
CD164,LMAN2L,1,1
CD164,MDFIC,1,1
CD164,MOV10,1,1
CD164,MSL3P1,1,1
CD164,NBPF26,1,1
CD164,NEK6,1,1
CD164,NSMCE3,1,1
CD164,PLCD3,1,1
CD164,PLOD2,1,1
CD164,PPFIBP1,1,1
CD164,RHOJ,1,1
CD164,SDF4,1,1
CD164,SFT2D2,1,1
CD164,SLC35F5,1,1
CD164,SYPL1,1,1
CD164,TIMP3,1,1
CD164,TMED9,1,1
CD164,TMEM164,1,1
CD164,TRIM33,1,1
CD164,TTF2,1,1
CD164,TXLNA,1,1
CD164,VPS45,1,1
CD164,WASL,1,1
CD164,ZNF839,1,1
WARS2,ABHD2,1,1
WARS2,ACAN,1,1
WARS2,ACOT7,1,1
WARS2,ADAMTS17,1,1
WARS2,AL513523.1,1,1
WARS2,ALDH1A1,1,1
WARS2,AMPH,1,1
WARS2,ANAPC5,1,1
WARS2,ANKRD27,1,1
WARS2,AP1S3,1,1
WARS2,APITD1,1,1
WARS2,ATAD3B,1,1
WARS2,ATN1,1,1
WARS2,ATP5F1,1,1
WARS2,AURKAIP1,1,1
WARS2,BCAS2,1,1
WARS2,BMP8B,1,1
WARS2,C1ORF174,1,1
WARS2,C2ORF69,1,1
WARS2,C3ORF14,1,1
WARS2,CADM1,1,1
WARS2,CADPS,1,1
WARS2,CCDC134,1,1
WARS2,CCDC18,1,1
WARS2,CCNA1,1,1
WARS2,CCNO,1,1
WARS2,CENPI,1,1
WARS2,CIB1,1,1
WARS2,CLSPN,1,1
WARS2,COQ10B,1,1
WARS2,DDT,1,1
WARS2,DFFA,1,1
WARS2,DPYSL5,1,1
WARS2,DTX3L,1,1
WARS2,E2F2,1,1
WARS2,ENHO,1,1
WARS2,EXOSC10,1,1
WARS2,FAM19A3,1,1
WARS2,FANCI,1,1
WARS2,FN1,1,1
WARS2,GALE,1,1
WARS2,GET4,1,1
WARS2,GGH,1,1
WARS2,GNB1L,1,1
WARS2,GPR55,1,1
WARS2,GTSE1,1,1
WARS2,GXYLT1,1,1
WARS2,HERC2P5,1,1
WARS2,HERC2P8,1,1
WARS2,HMBS,1,1
WARS2,HOXD4,1,1
WARS2,KIF7,1,1
WARS2,LDHAP4,1,1
WARS2,LRRC47,1,1
WARS2,LSR,1,1
WARS2,LYPLA2,1,1
WARS2,MAD2L2,1,1
WARS2,MARS2,1,1
WARS2,MCAT,1,1
WARS2,MCM3,1,1
WARS2,MCTP1,1,1
WARS2,MGAM2,1,1
WARS2,MKRN3,1,1
WARS2,MMP8,1,1
WARS2,MORN1,1,1
WARS2,MTFP1,1,1
WARS2,NCAPH2,1,1
WARS2,NDUFB3,1,1
WARS2,NDUFS1,1,1
WARS2,NOTCH2,1,1
WARS2,NT5DC3,1,1
WARS2,OR7E38P,1,1
WARS2,PARK7,1,1
WARS2,PICK1,1,1
WARS2,PLCB4,1,1
WARS2,POLE4,1,1
WARS2,POLR2J,1,1
WARS2,PTTG1,1,1
WARS2,PYGB,1,1
WARS2,RALY,1,1
WARS2,RASEF,1,1
WARS2,RBX1,1,1
WARS2,RPA2,1,1
WARS2,RTCB,1,1
WARS2,RTFDC1,1,1
WARS2,RYBP,1,1
WARS2,SCML4,1,1
WARS2,SEC22B,1,1
WARS2,SERGEF,1,1
WARS2,SLAMF7,1,1
WARS2,SNRNP25,1,1
WARS2,SRM,1,1
WARS2,ST13,1,1
WARS2,STOML2,1,1
WARS2,TMC3,1,1
WARS2,TMEM144,1,1
WARS2,TMEM64,1,1
WARS2,TP73,1,1
WARS2,TRMU,1,1
WARS2,TRPV4,1,1
WARS2,UBA3,1,1
WARS2,VCX3B,1,1
WARS2,VDR,1,1
WARS2,WDR77,1,1
WARS2,ZNF114,1,1
WARS2,ZNF189,1,1
WARS2,ZNF689,1,1
WARS2,ZNF776,1,1
SIRPB1,ABCD1,1,1
SIRPB1,ABHD12,1,1
SIRPB1,ABHD2,1,1
SIRPB1,ACAN,1,1
SIRPB1,ACOT7,1,1
SIRPB1,ADAMTS17,1,1
SIRPB1,AKAP9,1,1
SIRPB1,AKR7A2,1,1
SIRPB1,AL513523.1,1,1
SIRPB1,ALDH1A1,1,1
SIRPB1,AMPH,1,1
SIRPB1,ANKRD30B,1,1
SIRPB1,ANKRD44,1,1
SIRPB1,ANO4,1,1
SIRPB1,APOL1,1,1
SIRPB1,ARHGEF34P,1,1
SIRPB1,ARHGEF35,1,1
SIRPB1,ARHGEF5,1,1
SIRPB1,ARMT1,1,1
SIRPB1,ASRGL1,1,1
SIRPB1,ATP11A,1,1
SIRPB1,ATP6V0D2,1,1
SIRPB1,ATP6V1C1,1,1
SIRPB1,BICDL1,1,1
SIRPB1,BIRC7,1,1
SIRPB1,C3ORF14,1,1
SIRPB1,CALD1,1,1
SIRPB1,CAP1,1,1
SIRPB1,CAPG,1,1
SIRPB1,CCDC141,1,1
SIRPB1,CCDC36,1,1
SIRPB1,CCNA1,1,1
SIRPB1,CD109,1,1
SIRPB1,CD36,1,1
SIRPB1,CD40,1,1
SIRPB1,CDC42,1,1
SIRPB1,CEACAM1,1,1
SIRPB1,CHN2,1,1
SIRPB1,CLDN14,1,1
SIRPB1,CPTP,1,1
SIRPB1,CSF2RA,1,1
SIRPB1,DAZ1,1,1
SIRPB1,DDRGK1,1,1
SIRPB1,DPY19L2P2,1,1
SIRPB1,DTNBP1,1,1
SIRPB1,DTX3L,1,1
SIRPB1,ECHDC1,1,1
SIRPB1,EEFSEC,1,1
SIRPB1,EMILIN2,1,1
SIRPB1,ENTPD6,1,1
SIRPB1,EXOSC10,1,1
SIRPB1,FAM102B,1,1
SIRPB1,FAM118A,1,1
SIRPB1,FAM126B,1,1
SIRPB1,FAM19A3,1,1
SIRPB1,FEZF1,1,1
SIRPB1,FRAS1,1,1
SIRPB1,FRG2DP,1,1
SIRPB1,FRMD4B,1,1
SIRPB1,G3BP2,1,1
SIRPB1,GALE,1,1
SIRPB1,GDAP2,1,1
SIRPB1,HAS2,1,1
SIRPB1,HENMT1,1,1
SIRPB1,HSPA8P1,1,1
SIRPB1,HSPA8P8,1,1
SIRPB1,HSPA8P9,1,1
SIRPB1,ICMT,1,1
SIRPB1,IQGAP1,1,1
SIRPB1,KCTD14,1,1
SIRPB1,KIF1B,1,1
SIRPB1,LAMA1,1,1
SIRPB1,LDLRAD3,1,1
SIRPB1,LHX8,1,1
SIRPB1,LINS1,1,1
SIRPB1,LONRF3,1,1
SIRPB1,LRRC61,1,1
SIRPB1,LSM 8.00,1,1
SIRPB1,LZIC,1,1
SIRPB1,MAPK1,1,1
SIRPB1,MCTP1,1,1
SIRPB1,MERTK,1,1
SIRPB1,MGAM2,1,1
SIRPB1,MKRN3,1,1
SIRPB1,MLXIP,1,1
SIRPB1,MME,1,1
SIRPB1,MMP8,1,1
SIRPB1,NBPF8,1,1
SIRPB1,NDUFA10,1,1
SIRPB1,NPPC,1,1
SIRPB1,PACSIN2,1,1
SIRPB1,PDE4B,1,1
SIRPB1,PDGFD,1,1
SIRPB1,PEX5,1,1
SIRPB1,PHGDH,1,1
SIRPB1,PIK3R3,1,1
SIRPB1,PNRC2,1,1
SIRPB1,PRKG2,1,1
SIRPB1,RAB17,1,1
SIRPB1,RER1,1,1
SIRPB1,RGS1,1,1
SIRPB1,RNF31,1,1
SIRPB1,RP11-119J18.1,1,1
SIRPB1,RP11-159J3.1,1,1
SIRPB1,RP11-327P2.7,1,1
SIRPB1,RP11-61N20.3,1,1
SIRPB1,RPH3A,1,1
SIRPB1,RPL11,1,1
SIRPB1,RPS6KA5,1,1
SIRPB1,RSBN1,1,1
SIRPB1,SAMM50,1,1
SIRPB1,SCIN,1,1
SIRPB1,SCML4,1,1
SIRPB1,SEC22B,1,1
SIRPB1,SERGEF,1,1
SIRPB1,SFMBT1,1,1
SIRPB1,SGK3,1,1
SIRPB1,SKI,1,1
SIRPB1,SLC2A11,1,1
SIRPB1,SLC37A3,1,1
SIRPB1,SLC46A3,1,1
SIRPB1,SPON2,1,1
SIRPB1,SQRDL,1,1
SIRPB1,SS18L1,1,1
SIRPB1,STAT1,1,1
SIRPB1,TBC1D4,1,1
SIRPB1,TGFBR3,1,1
SIRPB1,TMC3,1,1
SIRPB1,TMEM51,1,1
SIRPB1,TMEM64,1,1
SIRPB1,TP73,1,1
SIRPB1,TPPP,1,1
SIRPB1,TRPA1,1,1
SIRPB1,UBE2J1,1,1
SIRPB1,VAPB,1,1
SIRPB1,VAV3,1,1
SIRPB1,VCX3B,1,1
SIRPB1,WDR47,1,1
SIRPB1,ZDHHC11B,1,1
SIRPB1,ZNF114,1,1
SIRPB1,ZNF43,1,1
SIRPB1,ZNF503,1,1
SIRPB1,ZNF689,1,1
SIRPB1,ZYG11A,1,1
C15ORF41,ATL1,1,1
C15ORF41,COL4A5,1,1
C15ORF41,CRTC3,1,1
C15ORF41,EEF1A1,1,1
C15ORF41,HIGD2A,1,1
C15ORF41,LRRK1,1,1
C15ORF41,MFSD9,1,1
C15ORF41,PARVA,1,1
C15ORF41,PIK3CD,1,1
C15ORF41,RAB34,1,1
C15ORF41,RNF145,1,1
C15ORF41,SHC1,1,1
C15ORF41,TAF7,1,1
C15ORF41,TBXA2R,1,1
C15ORF41,TNFRSF10B,1,1
C15ORF41,TRIM65,1,1
C15ORF41,TRPS1,1,1
C15ORF41,ZNF703,1,1
ZNF264,ALDH1B1,1,1
ZNF264,ALG3,1,1
ZNF264,ARL 3.00,1,1
ZNF264,ASCC2,1,1
ZNF264,ASUN,1,1
ZNF264,ATAD3A,1,1
ZNF264,C7ORF50,1,1
ZNF264,EFHD2,1,1
ZNF264,EMC1,1,1
ZNF264,ENO1,1,1
ZNF264,EYA1,1,1
ZNF264,FOXN2,1,1
ZNF264,HOXD4,1,1
ZNF264,IGF2BP3,1,1
ZNF264,IGHVII-30-43,1,1
ZNF264,KIAA0232,1,1
ZNF264,KIRREL,1,1
ZNF264,LCP2,1,1
ZNF264,LRWD1,1,1
ZNF264,MIOS,1,1
ZNF264,MMS22L,1,1
ZNF264,NUDC,1,1
ZNF264,NUP43,1,1
ZNF264,PDXP,1,1
ZNF264,PHF2,1,1
ZNF264,PKN3,1,1
ZNF264,PSMA5,1,1
ZNF264,RBSN,1,1
ZNF264,RECQL4,1,1
ZNF264,RPN2,1,1
ZNF264,RRP7BP,1,1
ZNF264,SLC16A1,1,1
ZNF264,SLC25A17,1,1
ZNF264,SLC5A6,1,1
ZNF264,TAF13,1,1
ZNF264,TMED9,1,1
ZNF264,TRABD,1,1
ZNF264,TRMT2A,1,1
ZNF264,UFD1L,1,1
TMCO4,AP5S1,1,1
TMCO4,ARHGAP39,1,1
TMCO4,ARHGEF34P,1,1
TMCO4,ATP11A,1,1
TMCO4,CA8,1,1
TMCO4,CD36,1,1
TMCO4,CEACAM1,1,1
TMCO4,CLDN14,1,1
TMCO4,CPTP,1,1
TMCO4,DDRGK1,1,1
TMCO4,DPY19L2P2,1,1
TMCO4,DTNBP1,1,1
TMCO4,FAM102B,1,1
TMCO4,FBXO42,1,1
TMCO4,FEZF1,1,1
TMCO4,HENMT1,1,1
TMCO4,KIF1B,1,1
TMCO4,LIMK2,1,1
TMCO4,LONRF3,1,1
TMCO4,MED15,1,1
TMCO4,MERTK,1,1
TMCO4,MLXIP,1,1
TMCO4,NDUFA10,1,1
TMCO4,PCSK2,1,1
TMCO4,PEX14,1,1
TMCO4,PIK3R3,1,1
TMCO4,PNKD,1,1
TMCO4,PPP1R12B,1,1
TMCO4,RP11-119J18.1,1,1
TMCO4,RP11-159J3.1,1,1
TMCO4,RP11-327P2.7,1,1
TMCO4,RPH3A,1,1
TMCO4,RSBN1,1,1
TMCO4,SAMM50,1,1
TMCO4,SBF1,1,1
TMCO4,SLC2A11,1,1
TMCO4,SMPD1,1,1
TMCO4,SRGAP2C,1,1
TMCO4,SS18L1,1,1
TMCO4,TUB,1,1
TMCO4,TXN2,1,1
TMCO4,VAV3,1,1
TMCO4,VCX3B,1,1
TMCO4,WDR47,1,1
TMCO4,ZNFX1,1,1
SLC22A23,ACOT7,1,1
SLC22A23,AK2,1,1
SLC22A23,AKR7A2,1,1
SLC22A23,ALKBH6,1,1
SLC22A23,ARHGAP28,1,1
SLC22A23,ARHGEF39,1,1
SLC22A23,ATOX1,1,1
SLC22A23,ATP10B,1,1
SLC22A23,ATP5F1,1,1
SLC22A23,ATP6V1E1,1,1
SLC22A23,ATXN7L3B,1,1
SLC22A23,BAIAP2L2,1,1
SLC22A23,BCAS3,1,1
SLC22A23,BLCAP,1,1
SLC22A23,C11ORF57,1,1
SLC22A23,CADM1,1,1
SLC22A23,CARD16,1,1
SLC22A23,CARHSP1,1,1
SLC22A23,CD109,1,1
SLC22A23,CEP41,1,1
SLC22A23,CGN,1,1
SLC22A23,CHEK2,1,1
SLC22A23,COG5,1,1
SLC22A23,COX5B,1,1
SLC22A23,DDOST,1,1
SLC22A23,DDT,1,1
SLC22A23,DNAJC16,1,1
SLC22A23,DPYSL5,1,1
SLC22A23,DYNC1I1,1,1
SLC22A23,EARS2,1,1
SLC22A23,ECE1,1,1
SLC22A23,EIF4G3,1,1
SLC22A23,EIF5A2,1,1
SLC22A23,EN1,1,1
SLC22A23,ENHO,1,1
SLC22A23,ERGIC3,1,1
SLC22A23,EYA4,1,1
SLC22A23,FAM167B,1,1
SLC22A23,FAM19A3,1,1
SLC22A23,FBXO6,1,1
SLC22A23,FN1,1,1
SLC22A23,FOXRED2,1,1
SLC22A23,FRMD4B,1,1
SLC22A23,GAB2,1,1
SLC22A23,GALE,1,1
SLC22A23,GDPD1,1,1
SLC22A23,GPR157,1,1
SLC22A23,HEY1,1,1
SLC22A23,HTRA1,1,1
SLC22A23,IGF1R,1,1
SLC22A23,IGF2R,1,1
SLC22A23,IMMP2L,1,1
SLC22A23,JAK2,1,1
SLC22A23,KDELC1,1,1
SLC22A23,KIAA2013,1,1
SLC22A23,L3MBTL4,1,1
SLC22A23,LAMA1,1,1
SLC22A23,LAMP2,1,1
SLC22A23,LCP2,1,1
SLC22A23,LHFP,1,1
SLC22A23,LPXN,1,1
SLC22A23,MAD2L2,1,1
SLC22A23,MAPK8IP2,1,1
SLC22A23,MED15,1,1
SLC22A23,MFF,1,1
SLC22A23,MFN2,1,1
SLC22A23,MGAT5,1,1
SLC22A23,MGST2,1,1
SLC22A23,MIIP,1,1
SLC22A23,MLH3,1,1
SLC22A23,MLLT4,1,1
SLC22A23,MOV10,1,1
SLC22A23,MRFAP1,1,1
SLC22A23,MSL3P1,1,1
SLC22A23,MTOR,1,1
SLC22A23,NBPF26,1,1
SLC22A23,NBPF8,1,1
SLC22A23,NOL4L,1,1
SLC22A23,NRROS,1,1
SLC22A23,NUDCD3,1,1
SLC22A23,PACSIN2,1,1
SLC22A23,PANX2,1,1
SLC22A23,PARK7,1,1
SLC22A23,PARP9,1,1
SLC22A23,PEX26,1,1
SLC22A23,PNKD,1,1
SLC22A23,PPP1R14C,1,1
SLC22A23,PQLC2,1,1
SLC22A23,PTPRK,1,1
SLC22A23,RAB17,1,1
SLC22A23,RCN3,1,1
SLC22A23,RIPK4,1,1
SLC22A23,RNF207,1,1
SLC22A23,RNF43,1,1
SLC22A23,RP11-61N20.3,1,1
SLC22A23,RYBP,1,1
SLC22A23,SDF4,1,1
SLC22A23,SDHB,1,1
SLC22A23,SEMA4F,1,1
SLC22A23,SH3BP1,1,1
SLC22A23,SLC35F6,1,1
SLC22A23,SMPD1,1,1
SLC22A23,SNX17,1,1
SLC22A23,SPRY1,1,1
SLC22A23,SRGAP1,1,1
SLC22A23,SRGAP2C,1,1
SLC22A23,ST8SIA1,1,1
SLC22A23,STK11IP,1,1
SLC22A23,STRIP2,1,1
SLC22A23,STXBP3,1,1
SLC22A23,SYNM,1,1
SLC22A23,TCEB3,1,1
SLC22A23,TESK2,1,1
SLC22A23,TIMM50,1,1
SLC22A23,TIMP3,1,1
SLC22A23,TMED9,1,1
SLC22A23,TMF1,1,1
SLC22A23,TRPV2,1,1
SLC22A23,TTF2,1,1
SLC22A23,TTN,1,1
SLC22A23,TUBB2A,1,1
SLC22A23,TXN2,1,1
SLC22A23,UGT2B7,1,1
SLC22A23,VAV3,1,1
SLC22A23,VCX3A,1,1
SLC22A23,VPS45,1,1
SLC22A23,WASL,1,1
SLC22A23,WDR47,1,1
SLC22A23,ZC3H11B,1,1
SLC22A23,ZNF503,1,1
SLC22A23,ZNF697,1,1
SLC22A23,ZNF776,1,1
SLC22A23,ZNF839,1,1
ARHGEF34P,ABCD1,1,1
ARHGEF34P,AC013264.1,1,1
ARHGEF34P,AKAP9,1,1
ARHGEF34P,ANKRD30B,1,1
ARHGEF34P,ANKRD44,1,1
ARHGEF34P,ANO4,1,1
ARHGEF34P,AP5S1,1,1
ARHGEF34P,APOBEC3G,1,1
ARHGEF34P,ARHGAP39,1,1
ARHGEF34P,ARHGEF35,1,1
ARHGEF34P,ARHGEF5,1,1
ARHGEF34P,ASRGL1,1,1
ARHGEF34P,ATP11A,1,1
ARHGEF34P,ATP6V0D2,1,1
ARHGEF34P,ATRN,1,1
ARHGEF34P,BIRC7,1,1
ARHGEF34P,CA8,1,1
ARHGEF34P,CAP1,1,1
ARHGEF34P,CAPG,1,1
ARHGEF34P,CCDC115,1,1
ARHGEF34P,CCDC141,1,1
ARHGEF34P,CCDC36,1,1
ARHGEF34P,CD40,1,1
ARHGEF34P,CDKN2B,1,1
ARHGEF34P,CEACAM1,1,1
ARHGEF34P,CHN2,1,1
ARHGEF34P,COMMD9,1,1
ARHGEF34P,DDRGK1,1,1
ARHGEF34P,DPY19L2P2,1,1
ARHGEF34P,DTNBP1,1,1
ARHGEF34P,EIF5AL1,1,1
ARHGEF34P,EMILIN2,1,1
ARHGEF34P,ENTPD6,1,1
ARHGEF34P,FAM102B,1,1
ARHGEF34P,FAM126B,1,1
ARHGEF34P,FAM189B,1,1
ARHGEF34P,FAM219A,1,1
ARHGEF34P,FRAS1,1,1
ARHGEF34P,FUT4,1,1
ARHGEF34P,GNB1,1,1
ARHGEF34P,GRAMD4,1,1
ARHGEF34P,GSTO1,1,1
ARHGEF34P,GTF2H1,1,1
ARHGEF34P,GUCD1,1,1
ARHGEF34P,HAS2,1,1
ARHGEF34P,HENMT1,1,1
ARHGEF34P,HMOX1,1,1
ARHGEF34P,HP1BP3,1,1
ARHGEF34P,ICMT,1,1
ARHGEF34P,IQGAP1,1,1
ARHGEF34P,KCTD14,1,1
ARHGEF34P,KIF3C,1,1
ARHGEF34P,LDLRAD3,1,1
ARHGEF34P,LINS1,1,1
ARHGEF34P,LONRF3,1,1
ARHGEF34P,LSM 8.00,1,1
ARHGEF34P,MERTK,1,1
ARHGEF34P,MLXIP,1,1
ARHGEF34P,MME,1,1
ARHGEF34P,NAV2,1,1
ARHGEF34P,NDUFA10,1,1
ARHGEF34P,PDE4B,1,1
ARHGEF34P,PHF20,1,1
ARHGEF34P,PHGDH,1,1
ARHGEF34P,PIK3R3,1,1
ARHGEF34P,PITHD1,1,1
ARHGEF34P,PPP1R12B,1,1
ARHGEF34P,RAB11FIP4,1,1
ARHGEF34P,RBBP4,1,1
ARHGEF34P,RGS1,1,1
ARHGEF34P,RNF31,1,1
ARHGEF34P,RP11-159J3.1,1,1
ARHGEF34P,RPH3A,1,1
ARHGEF34P,RPL11,1,1
ARHGEF34P,RPS6KA5,1,1
ARHGEF34P,RSBN1,1,1
ARHGEF34P,RUNX3,1,1
ARHGEF34P,SAMM50,1,1
ARHGEF34P,SBF1,1,1
ARHGEF34P,SCIN,1,1
ARHGEF34P,SIRPA,1,1
ARHGEF34P,SLC2A11,1,1
ARHGEF34P,SLC37A3,1,1
ARHGEF34P,SLC44A3,1,1
ARHGEF34P,SLC46A3,1,1
ARHGEF34P,SNX8,1,1
ARHGEF34P,SPON2,1,1
ARHGEF34P,SQRDL,1,1
ARHGEF34P,SS18L1,1,1
ARHGEF34P,TGFBR1,1,1
ARHGEF34P,TGFBR3,1,1
ARHGEF34P,TIMM8B,1,1
ARHGEF34P,TMEM51,1,1
ARHGEF34P,TPPP,1,1
ARHGEF34P,TRPA1,1,1
ARHGEF34P,VAMP3,1,1
ARHGEF34P,VANGL1,1,1
ARHGEF34P,VAPB,1,1
ARHGEF34P,VAV3,1,1
ARHGEF34P,ZC3H4,1,1
ARHGEF34P,ZNF43,1,1
ARHGEF34P,ZYG11A,1,1
PARL,ABCD4,1,1
PARL,AK2,1,1
PARL,ANAPC7,1,1
PARL,ATP10B,1,1
PARL,ATP5F1,1,1
PARL,BAIAP2L2,1,1
PARL,CAPZA2,1,1
PARL,CSDE1,1,1
PARL,CSNK1G2,1,1
PARL,DLD,1,1
PARL,EN1,1,1
PARL,EVL,1,1
PARL,FOXRED2,1,1
PARL,GJB1,1,1
PARL,GLDC,1,1
PARL,INPPL1,1,1
PARL,KDELC1,1,1
PARL,KIAA2013,1,1
PARL,KLHDC2,1,1
PARL,LCP2,1,1
PARL,LRP12,1,1
PARL,MDFIC,1,1
PARL,MFN2,1,1
PARL,MGAT5,1,1
PARL,MLH3,1,1
PARL,MMS19,1,1
PARL,NELFCD,1,1
PARL,NR4A1,1,1
PARL,PPFIBP1,1,1
PARL,PSMC2,1,1
PARL,PTDSS1,1,1
PARL,RBM28,1,1
PARL,RTCB,1,1
PARL,SDHB,1,1
PARL,SLC25A13,1,1
PARL,SLC35F5,1,1
PARL,SYPL1,1,1
PARL,TBCA,1,1
PARL,TBL1X,1,1
PARL,TEAD2,1,1
PARL,TIMM50,1,1
PARL,TIMP3,1,1
PARL,TRIM33,1,1
PARL,TTF2,1,1
PARL,TUBB2A,1,1
PARL,VPS45,1,1
PARL,WASL,1,1
PARL,WDPCP,1,1
PARL,WDR59,1,1
PARL,ZC3HAV1,1,1
PARL,ZMYM1,1,1
PARL,ZNF839,1,1
OAS1,HTRA1,1,1
OAS1,KCNN2,1,1
OAS1,KCP,1,1
OAS1,ZNF789,1,1
MGST2,ADAR,1,1
MGST2,ALKBH6,1,1
MGST2,ARHGAP28,1,1
MGST2,ARHGEF39,1,1
MGST2,ATOX1,1,1
MGST2,ATP6V1E1,1,1
MGST2,ATXN7L3B,1,1
MGST2,BCAS3,1,1
MGST2,BET1,1,1
MGST2,C11ORF57,1,1
MGST2,C1ORF112,1,1
MGST2,CARD14,1,1
MGST2,CARD16,1,1
MGST2,CEP41,1,1
MGST2,CGN,1,1
MGST2,CHEK2,1,1
MGST2,COG5,1,1
MGST2,COX5B,1,1
MGST2,CSNK1G2,1,1
MGST2,DDOST,1,1
MGST2,EIF4G3,1,1
MGST2,ERGIC3,1,1
MGST2,FAM167B,1,1
MGST2,FBXO6,1,1
MGST2,GDPD1,1,1
MGST2,GFPT1,1,1
MGST2,GLB1L2,1,1
MGST2,HEY1,1,1
MGST2,HTRA1,1,1
MGST2,IGHVII-30-43,1,1
MGST2,IMMP2L,1,1
MGST2,ITGAV,1,1
MGST2,JAK2,1,1
MGST2,KDELC1,1,1
MGST2,L3MBTL4,1,1
MGST2,LAMP2,1,1
MGST2,LHFP,1,1
MGST2,LSM 1.00,1,1
MGST2,MGAT5,1,1
MGST2,MOV10,1,1
MGST2,MRPS5,1,1
MGST2,MSL3P1,1,1
MGST2,NBPF26,1,1
MGST2,NSMCE3,1,1
MGST2,NUDCD3,1,1
MGST2,PACSIN2,1,1
MGST2,PANX2,1,1
MGST2,PARP9,1,1
MGST2,POT1,1,1
MGST2,PPP1R14C,1,1
MGST2,PTPRK,1,1
MGST2,RAB17,1,1
MGST2,RIPK4,1,1
MGST2,RNF43,1,1
MGST2,SDF4,1,1
MGST2,SDHB,1,1
MGST2,SEMA4F,1,1
MGST2,SLC25A13,1,1
MGST2,SNX17,1,1
MGST2,SRGAP1,1,1
MGST2,ST8SIA1,1,1
MGST2,STRIP2,1,1
MGST2,SYNM,1,1
MGST2,TBL1X,1,1
MGST2,TESK2,1,1
MGST2,TIMM50,1,1
MGST2,TMED9,1,1
MGST2,TRPV2,1,1
MGST2,TSPAN7,1,1
MGST2,TTF2,1,1
MGST2,TUBB2A,1,1
MGST2,VPS45,1,1
MGST2,WASL,1,1
CSNK1G2,ABCD4,1,1
CSNK1G2,AK2,1,1
CSNK1G2,ARHGAP28,1,1
CSNK1G2,ARHGEF39,1,1
CSNK1G2,ATP10B,1,1
CSNK1G2,ATXN7L3,1,1
CSNK1G2,ATXN7L3B,1,1
CSNK1G2,C1ORF112,1,1
CSNK1G2,CAPZA2,1,1
CSNK1G2,CCDC134,1,1
CSNK1G2,CEP41,1,1
CSNK1G2,CHEK2,1,1
CSNK1G2,EIF5A2,1,1
CSNK1G2,EYA4,1,1
CSNK1G2,FOXRED2,1,1
CSNK1G2,GFPT1,1,1
CSNK1G2,HEY1,1,1
CSNK1G2,ITGAV,1,1
CSNK1G2,KDELC1,1,1
CSNK1G2,MDFIC,1,1
CSNK1G2,MFN2,1,1
CSNK1G2,MLH3,1,1
CSNK1G2,MRPS5,1,1
CSNK1G2,MSL3P1,1,1
CSNK1G2,NBPF26,1,1
CSNK1G2,NDUFA5,1,1
CSNK1G2,PACSIN2,1,1
CSNK1G2,PARP9,1,1
CSNK1G2,PDCD6,1,1
CSNK1G2,PHTF1,1,1
CSNK1G2,PPP1R14C,1,1
CSNK1G2,PTPRK,1,1
CSNK1G2,RHOJ,1,1
CSNK1G2,SDHB,1,1
CSNK1G2,STRIP2,1,1
CSNK1G2,SYPL1,1,1
CSNK1G2,TBCA,1,1
CSNK1G2,TBL1X,1,1
CSNK1G2,TIMM50,1,1
CSNK1G2,TTF2,1,1
CSNK1G2,TUBB2A,1,1
CSNK1G2,VPS45,1,1
CSNK1G2,ZMYM1,1,1
NR4A1,AGAP1,1,1
NR4A1,AK2,1,1
NR4A1,ATP10B,1,1
NR4A1,BAIAP2L2,1,1
NR4A1,EN1,1,1
NR4A1,FOXRED2,1,1
NR4A1,GJB1,1,1
NR4A1,GLDC,1,1
NR4A1,KIRREL,1,1
NR4A1,LCP2,1,1
NR4A1,LMAN2L,1,1
NR4A1,MGAT5,1,1
NR4A1,MMS19,1,1
NR4A1,MTMR4,1,1
NR4A1,NEK6,1,1
NR4A1,PPFIBP1,1,1
NR4A1,SDF4,1,1
NR4A1,SFT2D2,1,1
NR4A1,SLC25A13,1,1
NR4A1,STK11IP,1,1
NR4A1,SYPL1,1,1
NR4A1,TIMM50,1,1
NR4A1,TIMP3,1,1
NR4A1,TMED9,1,1
NR4A1,TRIM33,1,1
NR4A1,WASL,1,1
NR4A1,ZC3HAV1,1,1
NR4A1,ZNF839,1,1
HK2,AK2,1,1
HK2,AK6,1,1
HK2,AKR7A2,1,1
HK2,ANAPC7,1,1
HK2,ATP10B,1,1
HK2,B3GALT6,1,1
HK2,BAIAP2L2,1,1
HK2,BLCAP,1,1
HK2,CADPS,1,1
HK2,CAPZA2,1,1
HK2,CD109,1,1
HK2,CEP41,1,1
HK2,DDOST,1,1
HK2,EARS2,1,1
HK2,ECE1,1,1
HK2,EIF5A2,1,1
HK2,EVL,1,1
HK2,EXTL3,1,1
HK2,FN1,1,1
HK2,FOXRED2,1,1
HK2,FTO,1,1
HK2,GJB1,1,1
HK2,GNB1L,1,1
HK2,GPR157,1,1
HK2,GPR55,1,1
HK2,ISCA2,1,1
HK2,KIAA2013,1,1
HK2,LMAN2L,1,1
HK2,LPXN,1,1
HK2,LSR,1,1
HK2,MDFIC,1,1
HK2,MLH3,1,1
HK2,MLX,1,1
HK2,MSL3P1,1,1
HK2,NBPF26,1,1
HK2,NELFCD,1,1
HK2,NRROS,1,1
HK2,PARK7,1,1
HK2,PPFIBP1,1,1
HK2,PQLC2,1,1
HK2,RBM19,1,1
HK2,RNF207,1,1
HK2,RP11-61N20.3,1,1
HK2,RPAP2,1,1
HK2,RYBP,1,1
HK2,SEPT8,1,1
HK2,SLC35F5,1,1
HK2,SPRY1,1,1
HK2,SRM,1,1
HK2,STK11IP,1,1
HK2,STK17B,1,1
HK2,SYPL1,1,1
HK2,TCEB3,1,1
HK2,TIMM50,1,1
HK2,TMED9,1,1
HK2,TMEM201,1,1
HK2,TRABD,1,1
HK2,TRIB1,1,1
HK2,TRMU,1,1
HK2,TTF2,1,1
HK2,TUBB2A,1,1
HK2,WDR77,1,1
HK2,ZC3H11B,1,1
HK2,ZC3HAV1,1,1
HK2,ZNF697,1,1
HK2,ZNF839,1,1
MTMR4,AK2,1,1
MTMR4,ALG3,1,1
MTMR4,ARHGAP28,1,1
MTMR4,ATP10B,1,1
MTMR4,ATXN7L3B,1,1
MTMR4,B3GALT6,1,1
MTMR4,C11ORF57,1,1
MTMR4,C1ORF159,1,1
MTMR4,CAPZA2,1,1
MTMR4,CASP8,1,1
MTMR4,CMAS,1,1
MTMR4,DDOST,1,1
MTMR4,DGKG,1,1
MTMR4,DLD,1,1
MTMR4,ECE1,1,1
MTMR4,EMC1,1,1
MTMR4,EN1,1,1
MTMR4,EYA4,1,1
MTMR4,FOXRED2,1,1
MTMR4,FZD6,1,1
MTMR4,GFPT1,1,1
MTMR4,GJB1,1,1
MTMR4,GLDC,1,1
MTMR4,HEY1,1,1
MTMR4,IGF2BP3,1,1
MTMR4,IGHVII-30-43,1,1
MTMR4,KDELC1,1,1
MTMR4,KIAA2013,1,1
MTMR4,KIRREL,1,1
MTMR4,L3MBTL4,1,1
MTMR4,LCP2,1,1
MTMR4,LMAN2L,1,1
MTMR4,LRP12,1,1
MTMR4,MGAT5,1,1
MTMR4,MMS19,1,1
MTMR4,NSMCE3,1,1
MTMR4,NUP43,1,1
MTMR4,PANX2,1,1
MTMR4,PLOD2,1,1
MTMR4,PPFIBP1,1,1
MTMR4,PPP1R14C,1,1
MTMR4,PRKCZ,1,1
MTMR4,PSMA5,1,1
MTMR4,PSMC2,1,1
MTMR4,RNF207,1,1
MTMR4,RNF43,1,1
MTMR4,RPN2,1,1
MTMR4,RTCB,1,1
MTMR4,SDF4,1,1
MTMR4,SDHB,1,1
MTMR4,SLC25A13,1,1
MTMR4,SLC35F6,1,1
MTMR4,SLCO5A1,1,1
MTMR4,SORL1,1,1
MTMR4,ST8SIA1,1,1
MTMR4,STK11IP,1,1
MTMR4,SYNM,1,1
MTMR4,SYPL1,1,1
MTMR4,TBCA,1,1
MTMR4,TIMM50,1,1
MTMR4,TIMP3,1,1
MTMR4,TMED9,1,1
MTMR4,TMEM242,1,1
MTMR4,TNIP2,1,1
MTMR4,TRABD,1,1
MTMR4,TRIM33,1,1
MTMR4,TRMT2A,1,1
MTMR4,TTF2,1,1
MTMR4,TUBB2A,1,1
MTMR4,UFD1L,1,1
MTMR4,ZC3H11B,1,1
MTMR4,ZNF697,1,1
MTMR4,ZNF839,1,1
SLCO5A1,AIG1,1,1
SLCO5A1,AK2,1,1
SLCO5A1,ALDH1B1,1,1
SLCO5A1,ALG3,1,1
SLCO5A1,ARHGAP28,1,1
SLCO5A1,ARHGEF39,1,1
SLCO5A1,ARL 3.00,1,1
SLCO5A1,ARMC10,1,1
SLCO5A1,ATP10B,1,1
SLCO5A1,ATXN7L3,1,1
SLCO5A1,ATXN7L3B,1,1
SLCO5A1,B3GALT6,1,1
SLCO5A1,BCAS3,1,1
SLCO5A1,C5ORF34,1,1
SLCO5A1,CAPZA2,1,1
SLCO5A1,CARD14,1,1
SLCO5A1,CASP8,1,1
SLCO5A1,CHEK2,1,1
SLCO5A1,CMAS,1,1
SLCO5A1,DDOST,1,1
SLCO5A1,DLD,1,1
SLCO5A1,DYNC1I1,1,1
SLCO5A1,EMC1,1,1
SLCO5A1,EN1,1,1
SLCO5A1,ENO1,1,1
SLCO5A1,EYA4,1,1
SLCO5A1,FAM81A,1,1
SLCO5A1,FZD6,1,1
SLCO5A1,GFPT1,1,1
SLCO5A1,GJB1,1,1
SLCO5A1,HEY1,1,1
SLCO5A1,IGF2BP3,1,1
SLCO5A1,IGHVII-30-43,1,1
SLCO5A1,ITGAV,1,1
SLCO5A1,KDELC1,1,1
SLCO5A1,KIRREL,1,1
SLCO5A1,LCP2,1,1
SLCO5A1,LRP12,1,1
SLCO5A1,MCRIP2,1,1
SLCO5A1,METAP1D,1,1
SLCO5A1,MGAT5,1,1
SLCO5A1,MIF,1,1
SLCO5A1,MINOS1,1,1
SLCO5A1,MIOS,1,1
SLCO5A1,MMS19,1,1
SLCO5A1,MYL12B,1,1
SLCO5A1,NCKAP1,1,1
SLCO5A1,NDUFA5,1,1
SLCO5A1,NDUFB3,1,1
SLCO5A1,NIPAL3,1,1
SLCO5A1,NSMCE3,1,1
SLCO5A1,NUP43,1,1
SLCO5A1,PANX2,1,1
SLCO5A1,PARP9,1,1
SLCO5A1,PHF2,1,1
SLCO5A1,PHPT1,1,1
SLCO5A1,PKN3,1,1
SLCO5A1,POU3F2,1,1
SLCO5A1,PPFIBP1,1,1
SLCO5A1,PPP1R14C,1,1
SLCO5A1,PRKCZ,1,1
SLCO5A1,PSMA5,1,1
SLCO5A1,PSMC2,1,1
SLCO5A1,PXDN,1,1
SLCO5A1,RAP1A,1,1
SLCO5A1,RBSN,1,1
SLCO5A1,RLBP1,1,1
SLCO5A1,RNF207,1,1
SLCO5A1,RNF43,1,1
SLCO5A1,RP11-153I24.5,1,1
SLCO5A1,RPN2,1,1
SLCO5A1,RRP7BP,1,1
SLCO5A1,SDF4,1,1
SLCO5A1,SDHB,1,1
SLCO5A1,SLC16A1,1,1
SLCO5A1,SLC25A13,1,1
SLCO5A1,SLC35F6,1,1
SLCO5A1,SLC5A6,1,1
SLCO5A1,SMARCE1,1,1
SLCO5A1,SMIM4,1,1
SLCO5A1,SNX17,1,1
SLCO5A1,SORL1,1,1
SLCO5A1,ST8SIA1,1,1
SLCO5A1,STRIP2,1,1
SLCO5A1,SYNM,1,1
SLCO5A1,SYPL1,1,1
SLCO5A1,TBCA,1,1
SLCO5A1,TEAD2,1,1
SLCO5A1,TIMM50,1,1
SLCO5A1,TIMP3,1,1
SLCO5A1,TMED9,1,1
SLCO5A1,TMEM242,1,1
SLCO5A1,TMEM38B,1,1
SLCO5A1,TNIP2,1,1
SLCO5A1,TRABD,1,1
SLCO5A1,TRMT2A,1,1
SLCO5A1,TSPAN7,1,1
SLCO5A1,TTF2,1,1
SLCO5A1,TTLL4,1,1
SLCO5A1,TUBB2A,1,1
SLCO5A1,UFD1L,1,1
SLCO5A1,VPS45,1,1
SLCO5A1,ZMYM1,1,1
SLCO5A1,ZNF697,1,1
KCP,AGAP3,1,1
KCP,ARPC1A,1,1
KCP,ATP6V1E1,1,1
KCP,C16ORF87,1,1
KCP,CEP131,1,1
KCP,DNAJC16,1,1
KCP,EIF4G3,1,1
KCP,FRMD4B,1,1
KCP,GRAMD4,1,1
KCP,HTRA1,1,1
KCP,IGF1R,1,1
KCP,JAK2,1,1
KCP,KCNN2,1,1
KCP,LAMTOR5,1,1
KCP,LMF2,1,1
KCP,MED15,1,1
KCP,MESDC1,1,1
KCP,MIIP,1,1
KCP,MTOR,1,1
KCP,NADK,1,1
KCP,NPC1,1,1
KCP,PEX10,1,1
KCP,PIGO,1,1
KCP,POLG,1,1
KCP,POMGNT1,1,1
KCP,PQLC2,1,1
KCP,RAB17,1,1
KCP,RRBP1,1,1
KCP,SBF1,1,1
KCP,SGCE,1,1
KCP,SGK3,1,1
KCP,SLC23A2,1,1
KCP,SPRY1,1,1
KCP,SRGAP2C,1,1
KCP,STXBP3,1,1
KCP,TCTN3,1,1
KCP,TESK2,1,1
KCP,TRIM14,1,1
KCP,UGT2B7,1,1
KCP,VCP,1,1
KCP,ZNF789,1,1
PCSK2,ABHD12,1,1
PCSK2,ACAN,1,1
PCSK2,AL513523.1,1,1
PCSK2,ALDH1A1,1,1
PCSK2,AMPH,1,1
PCSK2,AP5S1,1,1
PCSK2,ASRGL1,1,1
PCSK2,ATP6V0D2,1,1
PCSK2,C3ORF14,1,1
PCSK2,CAPG,1,1
PCSK2,CCDC141,1,1
PCSK2,CCNA1,1,1
PCSK2,CD36,1,1
PCSK2,CEACAM1,1,1
PCSK2,CIB1,1,1
PCSK2,CLDN14,1,1
PCSK2,COL4A2,1,1
PCSK2,CPTP,1,1
PCSK2,DDRGK1,1,1
PCSK2,DFFB,1,1
PCSK2,DPY19L2P2,1,1
PCSK2,ENTPD6,1,1
PCSK2,EXOSC10,1,1
PCSK2,FAAP20,1,1
PCSK2,FAM19A3,1,1
PCSK2,FBXO42,1,1
PCSK2,FEZF1,1,1
PCSK2,HENMT1,1,1
PCSK2,HERC2P8,1,1
PCSK2,HMGXB3,1,1
PCSK2,HSPA8P1,1,1
PCSK2,LIMK2,1,1
PCSK2,LONRF3,1,1
PCSK2,LRRC61,1,1
PCSK2,MERTK,1,1
PCSK2,MMP8,1,1
PCSK2,PDE4B,1,1
PCSK2,PEX14,1,1
PCSK2,PHGDH,1,1
PCSK2,PIK3R3,1,1
PCSK2,PIM3,1,1
PCSK2,PPP1R12B,1,1
PCSK2,RER1,1,1
PCSK2,RP11-119J18.1,1,1
PCSK2,RP11-159J3.1,1,1
PCSK2,RP11-327P2.7,1,1
PCSK2,RPH3A,1,1
PCSK2,RPL11,1,1
PCSK2,RPS6KA5,1,1
PCSK2,SAMM50,1,1
PCSK2,SCIN,1,1
PCSK2,SCML4,1,1
PCSK2,SERGEF,1,1
PCSK2,SLAMF7,1,1
PCSK2,SLC25A33,1,1
PCSK2,SMARCB1,1,1
PCSK2,SS18L1,1,1
PCSK2,TBC1D4,1,1
PCSK2,TMC3,1,1
PCSK2,TP73,1,1
PCSK2,TUB,1,1
PCSK2,VAPB,1,1
PCSK2,VAV3,1,1
PCSK2,VCX3B,1,1
PCSK2,ZBED6CL,1,1
PCSK2,ZNF114,1,1
PCSK2,ZNF689,1,1
TAF15,CARD8,1,1
TAF15,CCDC115,1,1
TAF15,MRPL51,1,1
TAF15,PPM1K,1,1
TAF15,SCML2,1,1
TAF15,SMIM10L1,1,1
TAF15,TPRG1L,1,1
TAF15,ZNF569,1,1
EEF1A1,ARL 16.00,1,1
EEF1A1,HIGD2A,1,1
EEF1A1,PIK3CD,1,1
EEF1A1,TAF7,1,1
EEF1A1,TNFRSF10B,1,1
EEF1A1,TRPS1,1,1
MIIP,ABCD1,1,1
MIIP,ADAMTS17,1,1
MIIP,AKR7A2,1,1
MIIP,ALDH1A1,1,1
MIIP,ANKRD44,1,1
MIIP,ARHGEF39,1,1
MIIP,ARMT1,1,1
MIIP,ARPC1A,1,1
MIIP,ATOX1,1,1
MIIP,ATP6V1E1,1,1
MIIP,BCAS3,1,1
MIIP,BLCAP,1,1
MIIP,CARD16,1,1
MIIP,CARHSP1,1,1
MIIP,CCDC134,1,1
MIIP,CD109,1,1
MIIP,CGN,1,1
MIIP,COX5B,1,1
MIIP,DNAJC16,1,1
MIIP,DTNBP1,1,1
MIIP,EARS2,1,1
MIIP,EIF4G3,1,1
MIIP,EIF5A2,1,1
MIIP,ENHO,1,1
MIIP,ERGIC3,1,1
MIIP,EXOSC10,1,1
MIIP,FAM118A,1,1
MIIP,FAM167B,1,1
MIIP,FBXO6,1,1
MIIP,FOXRED2,1,1
MIIP,FRMD4B,1,1
MIIP,GALE,1,1
MIIP,GPR157,1,1
MIIP,GRAMD4,1,1
MIIP,HTRA1,1,1
MIIP,IGF1R,1,1
MIIP,IGF2R,1,1
MIIP,IMMP2L,1,1
MIIP,JAK2,1,1
MIIP,KCNN2,1,1
MIIP,L3MBTL4,1,1
MIIP,LAMA1,1,1
MIIP,LAMP2,1,1
MIIP,LAMTOR5,1,1
MIIP,LMF2,1,1
MIIP,LPXN,1,1
MIIP,MAPK1,1,1
MIIP,MARK3,1,1
MIIP,MED15,1,1
MIIP,MESDC1,1,1
MIIP,MFF,1,1
MIIP,MFN2,1,1
MIIP,MLXIP,1,1
MIIP,MRFAP1,1,1
MIIP,MSL3P1,1,1
MIIP,MTOR,1,1
MIIP,MUL1,1,1
MIIP,NADK,1,1
MIIP,NBPF26,1,1
MIIP,NBPF8,1,1
MIIP,NOL4L,1,1
MIIP,PACSIN2,1,1
MIIP,PARK7,1,1
MIIP,PEX10,1,1
MIIP,PEX14,1,1
MIIP,PHTF1,1,1
MIIP,PIGO,1,1
MIIP,PNKD,1,1
MIIP,POLG,1,1
MIIP,POMGNT1,1,1
MIIP,PQLC2,1,1
MIIP,PTPRK,1,1
MIIP,RAB17,1,1
MIIP,RBM19,1,1
MIIP,RBX1,1,1
MIIP,RCN3,1,1
MIIP,RRBP1,1,1
MIIP,RYBP,1,1
MIIP,SAMM50,1,1
MIIP,SBF1,1,1
MIIP,SFI1,1,1
MIIP,SGK3,1,1
MIIP,SLC25A33,1,1
MIIP,SMPD1,1,1
MIIP,SPRY1,1,1
MIIP,SRGAP2C,1,1
MIIP,STXBP3,1,1
MIIP,SYCP2,1,1
MIIP,TCEB3,1,1
MIIP,TCTN3,1,1
MIIP,TESK2,1,1
MIIP,TMEM51,1,1
MIIP,TRPA1,1,1
MIIP,TTF2,1,1
MIIP,TXLNA,1,1
MIIP,TXN2,1,1
MIIP,UGT2B7,1,1
MIIP,VAV3,1,1
MIIP,WDR47,1,1
MIIP,ZNF503,1,1
MIIP,ZNF776,1,1
HIPK1,AC013264.1,1,1
HIPK1,AKR7A2,1,1
HIPK1,ANKRD44,1,1
HIPK1,ARPC1A,1,1
HIPK1,ATP6V1C1,1,1
HIPK1,ATP6V1E1,1,1
HIPK1,ATP6V1F,1,1
HIPK1,ATRN,1,1
HIPK1,CA8,1,1
HIPK1,CBX5,1,1
HIPK1,CDC42,1,1
HIPK1,DNAJC16,1,1
HIPK1,DTNBP1,1,1
HIPK1,EIF4G3,1,1
HIPK1,EPM2AIP1,1,1
HIPK1,FAM126A,1,1
HIPK1,FRMD4B,1,1
HIPK1,GNB1,1,1
HIPK1,GRAMD4,1,1
HIPK1,GUCD1,1,1
HIPK1,HAS2,1,1
HIPK1,HMOX1,1,1
HIPK1,HPS5,1,1
HIPK1,IGF1R,1,1
HIPK1,JAK2,1,1
HIPK1,KIF16B,1,1
HIPK1,LSM 8.00,1,1
HIPK1,LUZP1,1,1
HIPK1,LZIC,1,1
HIPK1,MAPK1,1,1
HIPK1,MARK3,1,1
HIPK1,MED15,1,1
HIPK1,MESDC1,1,1
HIPK1,MTOR,1,1
HIPK1,NADK,1,1
HIPK1,NMNAT1,1,1
HIPK1,NPC1,1,1
HIPK1,PEX10,1,1
HIPK1,PIGO,1,1
HIPK1,PNKD,1,1
HIPK1,POLG,1,1
HIPK1,POMGNT1,1,1
HIPK1,PPP1R3D,1,1
HIPK1,PRDM2,1,1
HIPK1,RAB11FIP4,1,1
HIPK1,RAB5A,1,1
HIPK1,RHOQ,1,1
HIPK1,RRBP1,1,1
HIPK1,RUSC2,1,1
HIPK1,SBF1,1,1
HIPK1,SGCE,1,1
HIPK1,SLC23A2,1,1
HIPK1,SLC37A3,1,1
HIPK1,SNX8,1,1
HIPK1,SPSB1,1,1
HIPK1,SQSTM1,1,1
HIPK1,STXBP3,1,1
HIPK1,TCEB3,1,1
HIPK1,TESK2,1,1
HIPK1,TGFBR3,1,1
HIPK1,TMEM51,1,1
HIPK1,TRPV2,1,1
HIPK1,USP48,1,1
HIPK1,VCP,1,1
HIPK1,WDR47,1,1
LHFP,ARHGAP28,1,1
LHFP,BCAS3,1,1
LHFP,C1ORF112,1,1
LHFP,CEP41,1,1
LHFP,COG5,1,1
LHFP,DDOST,1,1
LHFP,ERGIC3,1,1
LHFP,FBXO6,1,1
LHFP,GDPD1,1,1
LHFP,ITGAV,1,1
LHFP,L3MBTL4,1,1
LHFP,LAMP2,1,1
LHFP,LSM 1.00,1,1
LHFP,MOV10,1,1
LHFP,MSL3P1,1,1
LHFP,NUDCD3,1,1
LHFP,PACSIN2,1,1
LHFP,SARS,1,1
LHFP,SDF4,1,1
LHFP,SDHB,1,1
LHFP,SH3BP1,1,1
LHFP,SLC35F6,1,1
LHFP,SNX17,1,1
LHFP,ST8SIA1,1,1
LHFP,TMEM242,1,1
LHFP,TTF2,1,1
LHFP,WASL,1,1
LHFP,ZNF839,1,1
AP1B1,AGFG1,1,1
AP1B1,APITD1,1,1
AP1B1,ASCC2,1,1
AP1B1,ATP6V1E2,1,1
AP1B1,AURKA,1,1
AP1B1,AURKAIP1,1,1
AP1B1,C7ORF50,1,1
AP1B1,CETN2,1,1
AP1B1,CHCHD2,1,1
AP1B1,CIT,1,1
AP1B1,CMAS,1,1
AP1B1,DDT,1,1
AP1B1,DLD,1,1
AP1B1,EFHD2,1,1
AP1B1,EIF3D,1,1
AP1B1,ELOVL5,1,1
AP1B1,FAM81A,1,1
AP1B1,FAM86DP,1,1
AP1B1,FAM91A1,1,1
AP1B1,GET4,1,1
AP1B1,GSR,1,1
AP1B1,LDHAP4,1,1
AP1B1,LRP8,1,1
AP1B1,MAD2L2,1,1
AP1B1,MCAT,1,1
AP1B1,MIF,1,1
AP1B1,MRFAP1L1,1,1
AP1B1,NDUFB3,1,1
AP1B1,OPA1,1,1
AP1B1,P3H3,1,1
AP1B1,PCSK7,1,1
AP1B1,PHF2,1,1
AP1B1,PHPT1,1,1
AP1B1,PITPNM2,1,1
AP1B1,PNMA1,1,1
AP1B1,PSMA5,1,1
AP1B1,ST13,1,1
AP1B1,STOML2,1,1
AP1B1,TGFBR2,1,1
AP1B1,UBA3,1,1
AP1B1,UQCR10,1,1
AP1B1,ZBTB8OS,1,1
AC007325.4,SETD3,1,1
HMBS,AKT3,1,1
HMBS,ANAPC5,1,1
HMBS,APITD1,1,1
HMBS,AURKAIP1,1,1
HMBS,CIB1,1,1
HMBS,HOXD4,1,1
HMBS,MAD2L2,1,1
HMBS,POLR2J,1,1
HMBS,PTTG1,1,1
HMBS,RBX1,1,1
HMBS,RCN3,1,1
HMBS,RFX7,1,1
HMBS,SNRNP25,1,1
HMBS,STOML2,1,1
HMBS,ZNF776,1,1
STK10,AGAP3,1,1
STK10,ATP6V1F,1,1
STK10,DDI2,1,1
STK10,EIF4G3,1,1
STK10,EPM2AIP1,1,1
STK10,GALNS,1,1
STK10,IGF1R,1,1
STK10,IGF2R,1,1
STK10,KIF16B,1,1
STK10,RPAP2,1,1
STK10,RRBP1,1,1
STK10,SGCE,1,1
STK10,SLC23A2,1,1
STK10,SQSTM1,1,1
STK10,ST7,1,1
STK10,STXBP3,1,1
STK10,TCEB3,1,1
STK10,TRPV2,1,1
STK10,VCP,1,1
STK10,ZNF326,1,1
STK10,ZNF672,1,1
PIGK,ACADM,1,1
PIGK,KXD1,1,1
CTB-50L17.10,PTGES2,1,1
EIF4A3,ATAD3A,1,1
EIF4A3,AUNIP,1,1
EIF4A3,FOPNL,1,1
EIF4A3,MTERF3,1,1
EIF4A3,MTFR2,1,1
EIF4A3,ORC5,1,1
EIF4A3,POLR1A,1,1
EIF4A3,POLR3K,1,1
EIF4A3,RBM28,1,1
EIF4A3,TONSL,1,1
EIF4A3,TRMU,1,1
EIF4A3,VDR,1,1
EIF4A3,VIPAS39,1,1
EIF4A3,WDR77,1,1
SLC2A11,ABCD1,1,1
SLC2A11,ABHD12,1,1
SLC2A11,ABHD2,1,1
SLC2A11,ACAN,1,1
SLC2A11,ACOT7,1,1
SLC2A11,ADAMTS17,1,1
SLC2A11,AKR7A2,1,1
SLC2A11,AL513523.1,1,1
SLC2A11,ALDH1A1,1,1
SLC2A11,AMPH,1,1
SLC2A11,ANKRD30B,1,1
SLC2A11,ANKRD44,1,1
SLC2A11,AP5S1,1,1
SLC2A11,APOL1,1,1
SLC2A11,ARHGAP39,1,1
SLC2A11,ARHGEF35,1,1
SLC2A11,ARHGEF5,1,1
SLC2A11,ARMT1,1,1
SLC2A11,ASRGL1,1,1
SLC2A11,ATP11A,1,1
SLC2A11,ATP6V0D2,1,1
SLC2A11,BICDL1,1,1
SLC2A11,BIRC7,1,1
SLC2A11,C3ORF14,1,1
SLC2A11,CAPG,1,1
SLC2A11,CCDC141,1,1
SLC2A11,CCDC36,1,1
SLC2A11,CCNA1,1,1
SLC2A11,CD40,1,1
SLC2A11,CDKN2B,1,1
SLC2A11,CEACAM1,1,1
SLC2A11,CHN2,1,1
SLC2A11,CLDN14,1,1
SLC2A11,COL4A2,1,1
SLC2A11,CPTP,1,1
SLC2A11,CSF2RA,1,1
SLC2A11,DAZ1,1,1
SLC2A11,DDRGK1,1,1
SLC2A11,DNAJC16,1,1
SLC2A11,DPY19L2P2,1,1
SLC2A11,DTNBP1,1,1
SLC2A11,DTX3L,1,1
SLC2A11,EMILIN2,1,1
SLC2A11,ENHO,1,1
SLC2A11,ENTPD6,1,1
SLC2A11,EXOSC10,1,1
SLC2A11,FAM102B,1,1
SLC2A11,FAM118A,1,1
SLC2A11,FAM126B,1,1
SLC2A11,FAM19A3,1,1
SLC2A11,FBXO42,1,1
SLC2A11,FEZF1,1,1
SLC2A11,FKTN,1,1
SLC2A11,FN1,1,1
SLC2A11,FRG2DP,1,1
SLC2A11,FUT4,1,1
SLC2A11,GALE,1,1
SLC2A11,GCLM,1,1
SLC2A11,GDAP2,1,1
SLC2A11,GRAMD4,1,1
SLC2A11,HAS2,1,1
SLC2A11,HENMT1,1,1
SLC2A11,HERC2P5,1,1
SLC2A11,HERC2P8,1,1
SLC2A11,HMGXB3,1,1
SLC2A11,HMOX1,1,1
SLC2A11,HSPA8P1,1,1
SLC2A11,HSPA8P8,1,1
SLC2A11,HSPA8P9,1,1
SLC2A11,ICMT,1,1
SLC2A11,INTS3,1,1
SLC2A11,KCTD14,1,1
SLC2A11,LAMA1,1,1
SLC2A11,LDLRAD3,1,1
SLC2A11,LHX8,1,1
SLC2A11,LIMK2,1,1
SLC2A11,LINS1,1,1
SLC2A11,LMF2,1,1
SLC2A11,LONRF3,1,1
SLC2A11,LRRC61,1,1
SLC2A11,MED15,1,1
SLC2A11,MERTK,1,1
SLC2A11,MFF,1,1
SLC2A11,MGAM2,1,1
SLC2A11,MKRN3,1,1
SLC2A11,MLXIP,1,1
SLC2A11,MMP8,1,1
SLC2A11,MORN1,1,1
SLC2A11,MOXD1,1,1
SLC2A11,MRFAP1,1,1
SLC2A11,MTOR,1,1
SLC2A11,NBPF8,1,1
SLC2A11,NDUFA10,1,1
SLC2A11,NPC1,1,1
SLC2A11,NPPC,1,1
SLC2A11,PDE4B,1,1
SLC2A11,PEX10,1,1
SLC2A11,PEX14,1,1
SLC2A11,PHGDH,1,1
SLC2A11,PIK3R3,1,1
SLC2A11,PNKD,1,1
SLC2A11,POLG,1,1
SLC2A11,POMGNT1,1,1
SLC2A11,PRKG2,1,1
SLC2A11,RAB17,1,1
SLC2A11,RBM19,1,1
SLC2A11,RBX1,1,1
SLC2A11,RCN3,1,1
SLC2A11,RER1,1,1
SLC2A11,RGS1,1,1
SLC2A11,RP11-119J18.1,1,1
SLC2A11,RP11-159J3.1,1,1
SLC2A11,RP11-327P2.7,1,1
SLC2A11,RP11-61N20.3,1,1
SLC2A11,RPH3A,1,1
SLC2A11,RPL11,1,1
SLC2A11,RPS6KA5,1,1
SLC2A11,RSBN1,1,1
SLC2A11,SAMM50,1,1
SLC2A11,SBF1,1,1
SLC2A11,SCIN,1,1
SLC2A11,SCML4,1,1
SLC2A11,SEC22B,1,1
SLC2A11,SERGEF,1,1
SLC2A11,SFI1,1,1
SLC2A11,SLC25A33,1,1
SLC2A11,SLC37A3,1,1
SLC2A11,SLC46A3,1,1
SLC2A11,SMPD1,1,1
SLC2A11,SQRDL,1,1
SLC2A11,SRGAP2C,1,1
SLC2A11,SS18L1,1,1
SLC2A11,STAT1,1,1
SLC2A11,SYCP2,1,1
SLC2A11,TBC1D4,1,1
SLC2A11,TGFBR3,1,1
SLC2A11,TIMM8B,1,1
SLC2A11,TMC3,1,1
SLC2A11,TMEM51,1,1
SLC2A11,TMUB1,1,1
SLC2A11,TP73,1,1
SLC2A11,TPPP,1,1
SLC2A11,TRPA1,1,1
SLC2A11,TUB,1,1
SLC2A11,UBE2J1,1,1
SLC2A11,VAMP3,1,1
SLC2A11,VAPB,1,1
SLC2A11,VAV3,1,1
SLC2A11,VCX3B,1,1
SLC2A11,WDR47,1,1
SLC2A11,ZBED6CL,1,1
SLC2A11,ZDHHC11B,1,1
SLC2A11,ZNF114,1,1
SLC2A11,ZNF43,1,1
SLC2A11,ZNF503,1,1
SLC2A11,ZNF689,1,1
SLC2A11,ZNFX1,1,1
SLC2A11,ZYG11A,1,1
AURKA,AGFG1,1,1
AURKA,ASCC2,1,1
AURKA,AUNIP,1,1
AURKA,C5ORF34,1,1
AURKA,C7ORF50,1,1
AURKA,CENPI,1,1
AURKA,CENPM,1,1
AURKA,CEP85,1,1
AURKA,CETN2,1,1
AURKA,CHCHD2,1,1
AURKA,EIF3D,1,1
AURKA,ELOVL5,1,1
AURKA,ENO1,1,1
AURKA,ESPL1,1,1
AURKA,FAM81A,1,1
AURKA,FAM91A1,1,1
AURKA,GET4,1,1
AURKA,MMS22L,1,1
AURKA,MTFR2,1,1
AURKA,NCKAP1,1,1
AURKA,NUDC,1,1
AURKA,OPA1,1,1
AURKA,PHF2,1,1
AURKA,POLR3K,1,1
AURKA,PSMA5,1,1
AURKA,RECQL4,1,1
AURKA,SLC25A17,1,1
AURKA,SLC35E3,1,1
AURKA,TBRG1,1,1
AURKA,TONSL,1,1
AURKA,UFD1L,1,1
AURKA,UQCR10,1,1
CDK5RAP2,HAUS4,1,1
FAM126A,AC013264.1,1,1
FAM126A,ARPC1A,1,1
FAM126A,ATF7IP,1,1
FAM126A,ATP6V1F,1,1
FAM126A,ATP7B,1,1
FAM126A,C9ORF69,1,1
FAM126A,CA8,1,1
FAM126A,CAMTA1,1,1
FAM126A,CBX5,1,1
FAM126A,CCDC115,1,1
FAM126A,CDK5R1,1,1
FAM126A,CEP131,1,1
FAM126A,CERK,1,1
FAM126A,CLSTN1,1,1
FAM126A,CREB3,1,1
FAM126A,CTD-3214H19.4,1,1
FAM126A,CTNNBIP1,1,1
FAM126A,DERA,1,1
FAM126A,DET1,1,1
FAM126A,EPM2AIP1,1,1
FAM126A,ERP29,1,1
FAM126A,EVA1A,1,1
FAM126A,FBXO32,1,1
FAM126A,GNB1,1,1
FAM126A,GPD1L,1,1
FAM126A,GUCD1,1,1
FAM126A,HAS2,1,1
FAM126A,HERC5,1,1
FAM126A,HP1BP3,1,1
FAM126A,HPS5,1,1
FAM126A,KIF16B,1,1
FAM126A,LSM 8.00,1,1
FAM126A,MAP9,1,1
FAM126A,MBP,1,1
FAM126A,MCOLN3,1,1
FAM126A,MESDC1,1,1
FAM126A,MRPL58,1,1
FAM126A,MSI2,1,1
FAM126A,MTA1,1,1
FAM126A,NADK,1,1
FAM126A,NAGA,1,1
FAM126A,NMNAT1,1,1
FAM126A,NT5DC1,1,1
FAM126A,PEF1,1,1
FAM126A,PEX10,1,1
FAM126A,PIGO,1,1
FAM126A,PPP1R3D,1,1
FAM126A,PRDM2,1,1
FAM126A,RAB11FIP4,1,1
FAM126A,RHOQ,1,1
FAM126A,RMND1,1,1
FAM126A,RP11-544O24.2,1,1
FAM126A,SBF1,1,1
FAM126A,SIRPA,1,1
FAM126A,SLC44A3,1,1
FAM126A,SNX8,1,1
FAM126A,SPECC1,1,1
FAM126A,SPSB1,1,1
FAM126A,STXBP2,1,1
FAM126A,SYNPO,1,1
FAM126A,TCF12,1,1
FAM126A,TGFBR3,1,1
FAM126A,TMEM51,1,1
FAM126A,TPRG1L,1,1
FAM126A,USP48,1,1
FAM126A,WDR91,1,1
FAM126A,ZNF814,1,1
ZCRB1,TNPO2,1,1
HSPE1P3,AGFG1,1,1
HSPE1P3,ARMC10,1,1
HSPE1P3,AUNIP,1,1
HSPE1P3,BCAS2,1,1
HSPE1P3,CENPM,1,1
HSPE1P3,EFHD2,1,1
HSPE1P3,EIF3D,1,1
HSPE1P3,FAM81A,1,1
HSPE1P3,FAM91A1,1,1
HSPE1P3,FOXN2,1,1
HSPE1P3,GTPBP10,1,1
HSPE1P3,LDHAP4,1,1
HSPE1P3,MMS22L,1,1
HSPE1P3,MTFR2,1,1
HSPE1P3,NCKAP1,1,1
HSPE1P3,OPA1,1,1
HSPE1P3,ORC5,1,1
HSPE1P3,POLR3G,1,1
HSPE1P3,POLR3K,1,1
HSPE1P3,RECQL4,1,1
HSPE1P3,RHPN2,1,1
HSPE1P3,SHQ1,1,1
HSPE1P3,SLC25A17,1,1
HSPE1P3,TONSL,1,1
MDFIC,AK2,1,1
MDFIC,AKR7A2,1,1
MDFIC,ARHGAP18,1,1
MDFIC,ATP10B,1,1
MDFIC,BAIAP2L2,1,1
MDFIC,BET1,1,1
MDFIC,BLCAP,1,1
MDFIC,C1ORF112,1,1
MDFIC,CAPZA2,1,1
MDFIC,CD109,1,1
MDFIC,CEP41,1,1
MDFIC,CHEK2,1,1
MDFIC,CLIC4,1,1
MDFIC,DDOST,1,1
MDFIC,DLD,1,1
MDFIC,EARS2,1,1
MDFIC,ECE1,1,1
MDFIC,EIF5A2,1,1
MDFIC,EN1,1,1
MDFIC,EVL,1,1
MDFIC,EYA4,1,1
MDFIC,FOXRED2,1,1
MDFIC,GJB1,1,1
MDFIC,GLB1L2,1,1
MDFIC,HEY1,1,1
MDFIC,IGF2R,1,1
MDFIC,INPPL1,1,1
MDFIC,ITGAV,1,1
MDFIC,KIAA2013,1,1
MDFIC,L3MBTL4,1,1
MDFIC,LAMP2,1,1
MDFIC,LCP2,1,1
MDFIC,LLGL1,1,1
MDFIC,LMAN2L,1,1
MDFIC,LPXN,1,1
MDFIC,MFN2,1,1
MDFIC,MGAT5,1,1
MDFIC,MLH3,1,1
MDFIC,MSL3P1,1,1
MDFIC,NBPF26,1,1
MDFIC,NEK6,1,1
MDFIC,NELFCD,1,1
MDFIC,NRROS,1,1
MDFIC,NSMCE3,1,1
MDFIC,NUDCD3,1,1
MDFIC,PACSIN2,1,1
MDFIC,PARK7,1,1
MDFIC,PARP9,1,1
MDFIC,PLOD2,1,1
MDFIC,PPFIBP1,1,1
MDFIC,PPP1R14C,1,1
MDFIC,PQLC2,1,1
MDFIC,RHOJ,1,1
MDFIC,RYBP,1,1
MDFIC,SDHB,1,1
MDFIC,SFT2D2,1,1
MDFIC,SLC35F5,1,1
MDFIC,SLC35F6,1,1
MDFIC,STK17B,1,1
MDFIC,SYPL1,1,1
MDFIC,TBL1X,1,1
MDFIC,TIMM50,1,1
MDFIC,TIMP3,1,1
MDFIC,TMED9,1,1
MDFIC,TMEM242,1,1
MDFIC,TRIB1,1,1
MDFIC,TRIM33,1,1
MDFIC,TTF2,1,1
MDFIC,TUBB2A,1,1
MDFIC,TXLNA,1,1
MDFIC,VPS45,1,1
MDFIC,WASL,1,1
MDFIC,WDPCP,1,1
MDFIC,ZC3H11B,1,1
MDFIC,ZC3HAV1,1,1
MDFIC,ZMYM1,1,1
MDFIC,ZNF697,1,1
MDFIC,ZNF839,1,1
TSPAN7,ALKBH6,1,1
TSPAN7,ARHGAP28,1,1
TSPAN7,ARHGEF39,1,1
TSPAN7,ATXN7L3,1,1
TSPAN7,ATXN7L3B,1,1
TSPAN7,BCAS3,1,1
TSPAN7,CARD14,1,1
TSPAN7,CHEK2,1,1
TSPAN7,COG5,1,1
TSPAN7,DYNC1I1,1,1
TSPAN7,GFPT1,1,1
TSPAN7,KDELC1,1,1
TSPAN7,MCRIP2,1,1
TSPAN7,MINOS1,1,1
TSPAN7,PDCD6,1,1
TSPAN7,RNF43,1,1
TSPAN7,RPL39L,1,1
TSPAN7,SORL1,1,1
TSPAN7,ST8SIA1,1,1
TSPAN7,STRIP2,1,1
TSPAN7,SYNM,1,1
TSPAN7,TTLL4,1,1
SLC25A17,AGFG1,1,1
SLC25A17,AIG1,1,1
SLC25A17,AK2,1,1
SLC25A17,ALDH1B1,1,1
SLC25A17,ALG3,1,1
SLC25A17,ARL 3.00,1,1
SLC25A17,ARMC10,1,1
SLC25A17,ASCC2,1,1
SLC25A17,ASUN,1,1
SLC25A17,ATAD3A,1,1
SLC25A17,ATP6V0B,1,1
SLC25A17,AUNIP,1,1
SLC25A17,B4GALT6,1,1
SLC25A17,BCAS2,1,1
SLC25A17,C5ORF34,1,1
SLC25A17,C7ORF50,1,1
SLC25A17,CANX,1,1
SLC25A17,CASP8,1,1
SLC25A17,CENPM,1,1
SLC25A17,CEP85,1,1
SLC25A17,CETN2,1,1
SLC25A17,CMAS,1,1
SLC25A17,CSDE1,1,1
SLC25A17,DGKG,1,1
SLC25A17,DLD,1,1
SLC25A17,EFHD2,1,1
SLC25A17,EIF3D,1,1
SLC25A17,EMC1,1,1
SLC25A17,EN1,1,1
SLC25A17,ENO1,1,1
SLC25A17,ESPL1,1,1
SLC25A17,EYA1,1,1
SLC25A17,EYA4,1,1
SLC25A17,FAM81A,1,1
SLC25A17,FAM91A1,1,1
SLC25A17,FOXN2,1,1
SLC25A17,FZD6,1,1
SLC25A17,GJB1,1,1
SLC25A17,GLDC,1,1
SLC25A17,GSR,1,1
SLC25A17,GTPBP10,1,1
SLC25A17,IGF2BP3,1,1
SLC25A17,KIRREL,1,1
SLC25A17,KLHDC3,1,1
SLC25A17,LCP2,1,1
SLC25A17,LDHAP4,1,1
SLC25A17,LRP12,1,1
SLC25A17,LRP8,1,1
SLC25A17,LRRC37A2,1,1
SLC25A17,LRWD1,1,1
SLC25A17,MIOS,1,1
SLC25A17,MLLT6,1,1
SLC25A17,MMS19,1,1
SLC25A17,MMS22L,1,1
SLC25A17,MRFAP1L1,1,1
SLC25A17,MTFR2,1,1
SLC25A17,NCKAP1,1,1
SLC25A17,NUDC,1,1
SLC25A17,NUP43,1,1
SLC25A17,NUP50,1,1
SLC25A17,OPA1,1,1
SLC25A17,ORC5,1,1
SLC25A17,P3H3,1,1
SLC25A17,PCSK7,1,1
SLC25A17,PDXP,1,1
SLC25A17,PHF2,1,1
SLC25A17,PHPT1,1,1
SLC25A17,PKN3,1,1
SLC25A17,POLR3G,1,1
SLC25A17,POLR3K,1,1
SLC25A17,POU3F2,1,1
SLC25A17,PRKCZ,1,1
SLC25A17,PSMA5,1,1
SLC25A17,PSMC2,1,1
SLC25A17,RAP1A,1,1
SLC25A17,RECQL4,1,1
SLC25A17,RHPN2,1,1
SLC25A17,RPN2,1,1
SLC25A17,RTCB,1,1
SLC25A17,SHQ1,1,1
SLC25A17,SLC16A1,1,1
SLC25A17,SLC35E3,1,1
SLC25A17,SLC5A6,1,1
SLC25A17,SMIM4,1,1
SLC25A17,TAF13,1,1
SLC25A17,TBCA,1,1
SLC25A17,TBRG1,1,1
SLC25A17,TEAD2,1,1
SLC25A17,TMEM38B,1,1
SLC25A17,TRABD,1,1
SLC25A17,TRIP12,1,1
SLC25A17,UFD1L,1,1
SLC25A17,VDR,1,1
SLC25A17,WDPCP,1,1
SLC25A17,WDR77,1,1
SLC25A17,XPC,1,1
EDA2R,CASP1,1,1
EDA2R,DDX60L,1,1
EDA2R,EIF5AL1,1,1
EDA2R,FUT4,1,1
EDA2R,GSTO1,1,1
EDA2R,MME,1,1
EDA2R,MYB,1,1
EDA2R,OR2A20P,1,1
EDA2R,PRKCA,1,1
EDA2R,PRRG1,1,1
EDA2R,RGS1,1,1
EDA2R,TBXA2R,1,1
EDA2R,ZC3H4,1,1
OR7E38P,ABHD2,1,1
OR7E38P,ACAN,1,1
OR7E38P,ACOT7,1,1
OR7E38P,ADAMTS17,1,1
OR7E38P,ALDH1A1,1,1
OR7E38P,AMPH,1,1
OR7E38P,AP1S3,1,1
OR7E38P,APITD1,1,1
OR7E38P,ARHGEF39,1,1
OR7E38P,ARL6IP5,1,1
OR7E38P,ATN1,1,1
OR7E38P,ATOX1,1,1
OR7E38P,ATP10B,1,1
OR7E38P,ATP5F1,1,1
OR7E38P,AURKAIP1,1,1
OR7E38P,BCAS2,1,1
OR7E38P,BICDL1,1,1
OR7E38P,BMP8B,1,1
OR7E38P,C2ORF69,1,1
OR7E38P,CADM1,1,1
OR7E38P,CADPS,1,1
OR7E38P,CARHSP1,1,1
OR7E38P,CCDC134,1,1
OR7E38P,CCNA1,1,1
OR7E38P,CD109,1,1
OR7E38P,CGN,1,1
OR7E38P,CHRNA7,1,1
OR7E38P,CIB1,1,1
OR7E38P,CLIC4,1,1
OR7E38P,COG5,1,1
OR7E38P,COQ10B,1,1
OR7E38P,CSDE1,1,1
OR7E38P,CSF2RA,1,1
OR7E38P,DDOST,1,1
OR7E38P,DDT,1,1
OR7E38P,DFFA,1,1
OR7E38P,DPYSL5,1,1
OR7E38P,DTX3L,1,1
OR7E38P,E2F2,1,1
OR7E38P,ECE1,1,1
OR7E38P,EFHD2,1,1
OR7E38P,EIF5A2,1,1
OR7E38P,ENHO,1,1
OR7E38P,ERGIC3,1,1
OR7E38P,EXOSC10,1,1
OR7E38P,EYA4,1,1
OR7E38P,FAM19A3,1,1
OR7E38P,FN1,1,1
OR7E38P,FRG2DP,1,1
OR7E38P,GALE,1,1
OR7E38P,GNB1L,1,1
OR7E38P,GNB2,1,1
OR7E38P,GPHN,1,1
OR7E38P,GPR157,1,1
OR7E38P,GPR55,1,1
OR7E38P,HERC2P5,1,1
OR7E38P,HERC2P8,1,1
OR7E38P,HEY1,1,1
OR7E38P,HOXD4,1,1
OR7E38P,ID3,1,1
OR7E38P,IMMP2L,1,1
OR7E38P,INIP,1,1
OR7E38P,KIAA2013,1,1
OR7E38P,KIF7,1,1
OR7E38P,L3MBTL4,1,1
OR7E38P,LPXN,1,1
OR7E38P,LSR,1,1
OR7E38P,LYPLA2,1,1
OR7E38P,MAD2L2,1,1
OR7E38P,MAPK8IP2,1,1
OR7E38P,MCAT,1,1
OR7E38P,MFF,1,1
OR7E38P,MFN2,1,1
OR7E38P,MGAM2,1,1
OR7E38P,MKRN3,1,1
OR7E38P,MLH3,1,1
OR7E38P,MLLT4,1,1
OR7E38P,MMP8,1,1
OR7E38P,MORN1,1,1
OR7E38P,MRFAP1,1,1
OR7E38P,MTFP1,1,1
OR7E38P,NBPF8,1,1
OR7E38P,NDUFB3,1,1
OR7E38P,NEPRO,1,1
OR7E38P,NOTCH2,1,1
OR7E38P,NPAS2,1,1
OR7E38P,NPPC,1,1
OR7E38P,NRROS,1,1
OR7E38P,P3H3,1,1
OR7E38P,PARK7,1,1
OR7E38P,PEX14,1,1
OR7E38P,PEX26,1,1
OR7E38P,PHTF1,1,1
OR7E38P,PICK1,1,1
OR7E38P,PLCB4,1,1
OR7E38P,POLR2J,1,1
OR7E38P,PPP1R14C,1,1
OR7E38P,PYGB,1,1
OR7E38P,RASEF,1,1
OR7E38P,RBX1,1,1
OR7E38P,RCN3,1,1
OR7E38P,RFX7,1,1
OR7E38P,RLBP1,1,1
OR7E38P,RNF19A,1,1
OR7E38P,RYBP,1,1
OR7E38P,SCML4,1,1
OR7E38P,SDHB,1,1
OR7E38P,SEC22B,1,1
OR7E38P,SEMA4F,1,1
OR7E38P,SERGEF,1,1
OR7E38P,SLC35F6,1,1
OR7E38P,SNRNP25,1,1
OR7E38P,SRM,1,1
OR7E38P,ST13,1,1
OR7E38P,STOML2,1,1
OR7E38P,STRIP2,1,1
OR7E38P,TBC1D4,1,1
OR7E38P,THAP7,1,1
OR7E38P,TMEM144,1,1
OR7E38P,TMEM64,1,1
OR7E38P,TMF1,1,1
OR7E38P,TMUB1,1,1
OR7E38P,TP73,1,1
OR7E38P,TRPV4,1,1
OR7E38P,TTN,1,1
OR7E38P,UBA3,1,1
OR7E38P,VAV3,1,1
OR7E38P,VCX3A,1,1
OR7E38P,ZC3H11B,1,1
OR7E38P,ZNF697,1,1
OR7E38P,ZNF776,1,1
CALD1,ABCD1,1,1
CALD1,AKR7A2,1,1
CALD1,AMPH,1,1
CALD1,ANKRD30B,1,1
CALD1,ANKRD44,1,1
CALD1,ARMT1,1,1
CALD1,ARPC1A,1,1
CALD1,ATP11A,1,1
CALD1,ATP6V1C1,1,1
CALD1,ATP6V1E1,1,1
CALD1,BLCAP,1,1
CALD1,CARHSP1,1,1
CALD1,CD109,1,1
CALD1,CDC42,1,1
CALD1,CHN2,1,1
CALD1,EARS2,1,1
CALD1,EIF5A2,1,1
CALD1,EXOSC10,1,1
CALD1,FAM102B,1,1
CALD1,FAM126B,1,1
CALD1,FAM19A3,1,1
CALD1,FRMD4B,1,1
CALD1,G3BP2,1,1
CALD1,GGH,1,1
CALD1,GLT8D1,1,1
CALD1,HAS2,1,1
CALD1,IDH3A,1,1
CALD1,JAK2,1,1
CALD1,KCTD14,1,1
CALD1,LAMA1,1,1
CALD1,LAMP2,1,1
CALD1,LDLRAD3,1,1
CALD1,LPXN,1,1
CALD1,LUZP1,1,1
CALD1,LZIC,1,1
CALD1,MAPK1,1,1
CALD1,MARK3,1,1
CALD1,MCM3,1,1
CALD1,MERTK,1,1
CALD1,MESDC1,1,1
CALD1,MFN2,1,1
CALD1,MLXIP,1,1
CALD1,MTOR,1,1
CALD1,NADK,1,1
CALD1,NBPF8,1,1
CALD1,NELFCD,1,1
CALD1,NOL4L,1,1
CALD1,NRROS,1,1
CALD1,PACSIN2,1,1
CALD1,PDGFD,1,1
CALD1,PDK3,1,1
CALD1,PHTF1,1,1
CALD1,PNKD,1,1
CALD1,PQLC2,1,1
CALD1,RAB17,1,1
CALD1,REPS1,1,1
CALD1,RP11-61N20.3,1,1
CALD1,RP11-665C16.9,1,1
CALD1,RYBP,1,1
CALD1,SAMM50,1,1
CALD1,SGK3,1,1
CALD1,SKI,1,1
CALD1,SLC25A33,1,1
CALD1,SLC37A3,1,1
CALD1,SPRY1,1,1
CALD1,STXBP3,1,1
CALD1,TBC1D4,1,1
CALD1,TCEB3,1,1
CALD1,TESK2,1,1
CALD1,TGFBR3,1,1
CALD1,TMEM201,1,1
CALD1,TMEM51,1,1
CALD1,TNKS1BP1,1,1
CALD1,TRPV2,1,1
CALD1,TTF2,1,1
CALD1,TTN,1,1
CALD1,UBE2J1,1,1
CALD1,VAV3,1,1
CALD1,VCP,1,1
CALD1,WDR47,1,1
CALD1,ZNF43,1,1
CALD1,ZNF503,1,1
PDK3,AKR7A2,1,1
PDK3,ATP11A,1,1
PDK3,ATP5J2,1,1
PDK3,ATP6V1E1,1,1
PDK3,CARD16,1,1
PDK3,CD109,1,1
PDK3,COX5B,1,1
PDK3,FRMD4B,1,1
PDK3,GLB1L2,1,1
PDK3,IL16,1,1
PDK3,JAK2,1,1
PDK3,LAMA1,1,1
PDK3,LAMP2,1,1
PDK3,MLXIP,1,1
PDK3,NUDT1,1,1
PDK3,PACSIN2,1,1
PDK3,PDGFD,1,1
PDK3,POT1,1,1
PDK3,RAB17,1,1
PDK3,REPS1,1,1
PDK3,RP11-665C16.9,1,1
PDK3,TESK2,1,1
PDK3,TRPV2,1,1
PDK3,TTF2,1,1
PDK3,TXN2,1,1
PDK3,WDR47,1,1
PDK3,ZNF503,1,1
TNKS1BP1,ARPC1A,1,1
TNKS1BP1,CHMP4A,1,1
TNKS1BP1,IL16,1,1
TNKS1BP1,LAMTOR5,1,1
TNKS1BP1,MARK3,1,1
TNKS1BP1,MED15,1,1
TNKS1BP1,MESDC1,1,1
TNKS1BP1,NADK,1,1
TNKS1BP1,NOL4L,1,1
TNKS1BP1,PIGO,1,1
TNKS1BP1,RAB17,1,1
TNKS1BP1,REPS1,1,1
TNKS1BP1,SGK3,1,1
TNKS1BP1,SPECC1,1,1
TNKS1BP1,STXBP3,1,1
TNKS1BP1,TCF12,1,1
TNKS1BP1,TCTN3,1,1
TNKS1BP1,TESK2,1,1
ABCD4,AK2,1,1
ABCD4,ATG5,1,1
ABCD4,ATP5J2,1,1
ABCD4,C1ORF112,1,1
ABCD4,C5ORF34,1,1
ABCD4,CEP85,1,1
ABCD4,DLD,1,1
ABCD4,GJB1,1,1
ABCD4,KDELC1,1,1
ABCD4,KLHDC2,1,1
ABCD4,MDC 1.00,1,1
ABCD4,MRPS5,1,1
ABCD4,NELFCD,1,1
ABCD4,PABPC4,1,1
ABCD4,PSMC2,1,1
ABCD4,PTDSS1,1,1
ABCD4,PXDN,1,1
ABCD4,RBM28,1,1
ABCD4,SLC25A13,1,1
ABCD4,SYPL1,1,1
ABCD4,TBCA,1,1
ABCD4,TEAD2,1,1
ABCD4,TMEM38B,1,1
ABCD4,TRIM33,1,1
ABCD4,TTF2,1,1
ABCD4,TUBB2A,1,1
ABCD4,VPS45,1,1
ABCD4,WDR59,1,1
ABCD4,ZNF839,1,1
HAS2,ABCD1,1,1
HAS2,AC013264.1,1,1
HAS2,AKR7A2,1,1
HAS2,ANKRD30B,1,1
HAS2,ANKRD44,1,1
HAS2,ARHGEF35,1,1
HAS2,ARHGEF5,1,1
HAS2,ARMT1,1,1
HAS2,ARPC1A,1,1
HAS2,ATP11A,1,1
HAS2,ATP6V1C1,1,1
HAS2,ATP6V1E1,1,1
HAS2,ATRN,1,1
HAS2,BIRC7,1,1
HAS2,BLCAP,1,1
HAS2,C7ORF49,1,1
HAS2,CA8,1,1
HAS2,CBX5,1,1
HAS2,CCDC115,1,1
HAS2,CCDC36,1,1
HAS2,CD36,1,1
HAS2,CD40,1,1
HAS2,CDC42,1,1
HAS2,CDK5R1,1,1
HAS2,CDKN2B,1,1
HAS2,CEACAM1,1,1
HAS2,CERK,1,1
HAS2,CHN2,1,1
HAS2,CLSTN1,1,1
HAS2,CTD-3214H19.4,1,1
HAS2,DDRGK1,1,1
HAS2,DNAJC16,1,1
HAS2,DPY19L2P2,1,1
HAS2,DTNBP1,1,1
HAS2,EIF5AL1,1,1
HAS2,EMILIN2,1,1
HAS2,ERP29,1,1
HAS2,EVA1A,1,1
HAS2,EXOSC10,1,1
HAS2,FAM102B,1,1
HAS2,FAM126B,1,1
HAS2,FBXO42,1,1
HAS2,FRAS1,1,1
HAS2,FRMD4B,1,1
HAS2,FUT4,1,1
HAS2,GNB1,1,1
HAS2,GRAMD4,1,1
HAS2,GSTO1,1,1
HAS2,GUCD1,1,1
HAS2,HENMT1,1,1
HAS2,HMGXB3,1,1
HAS2,HP1BP3,1,1
HAS2,HPS5,1,1
HAS2,ICMT,1,1
HAS2,IL16,1,1
HAS2,KCTD14,1,1
HAS2,LAMA1,1,1
HAS2,LAMTOR5,1,1
HAS2,LDLRAD3,1,1
HAS2,LINS1,1,1
HAS2,LMF2,1,1
HAS2,LONRF3,1,1
HAS2,LSM 8.00,1,1
HAS2,LUZP1,1,1
HAS2,LZIC,1,1
HAS2,MAPK1,1,1
HAS2,MARK3,1,1
HAS2,MCOLN3,1,1
HAS2,MED15,1,1
HAS2,MESDC1,1,1
HAS2,MLXIP,1,1
HAS2,MRPL58,1,1
HAS2,MTOR,1,1
HAS2,NADK,1,1
HAS2,NAV2,1,1
HAS2,NMNAT1,1,1
HAS2,NPC1,1,1
HAS2,NR4A3,1,1
HAS2,PDE4B,1,1
HAS2,PEX10,1,1
HAS2,PHGDH,1,1
HAS2,PIGO,1,1
HAS2,PITHD1,1,1
HAS2,PNKD,1,1
HAS2,PNRC2,1,1
HAS2,POLG,1,1
HAS2,PPP1R3D,1,1
HAS2,PRDM2,1,1
HAS2,PRKCA,1,1
HAS2,PTER,1,1
HAS2,RAB11FIP4,1,1
HAS2,RAB17,1,1
HAS2,RAB5A,1,1
HAS2,RBBP4,1,1
HAS2,RGS1,1,1
HAS2,RHOQ,1,1
HAS2,RNF31,1,1
HAS2,RP11-327P2.7,1,1
HAS2,RP11-61N20.3,1,1
HAS2,RPS6KA5,1,1
HAS2,RRBP1,1,1
HAS2,RSBN1,1,1
HAS2,RUNX3,1,1
HAS2,SAMM50,1,1
HAS2,SBF1,1,1
HAS2,SCIN,1,1
HAS2,SGK3,1,1
HAS2,SIRPA,1,1
HAS2,SKI,1,1
HAS2,SLC23A2,1,1
HAS2,SLC37A3,1,1
HAS2,SLC44A3,1,1
HAS2,SLC46A3,1,1
HAS2,SNX8,1,1
HAS2,SPON2,1,1
HAS2,SPSB1,1,1
HAS2,SS18L1,1,1
HAS2,STAT1,1,1
HAS2,STK39,1,1
HAS2,STXBP3,1,1
HAS2,SYCP2,1,1
HAS2,TESK2,1,1
HAS2,TGFBR1,1,1
HAS2,TGFBR3,1,1
HAS2,TIMM8B,1,1
HAS2,TMEM184B,1,1
HAS2,TMEM51,1,1
HAS2,TPPP,1,1
HAS2,TRPA1,1,1
HAS2,UBE2J1,1,1
HAS2,USP48,1,1
HAS2,VAMP3,1,1
HAS2,VANGL1,1,1
HAS2,VAV3,1,1
HAS2,VCP,1,1
HAS2,WDR47,1,1
HAS2,ZBED6CL,1,1
HAS2,ZNF43,1,1
HAS2,ZNF503,1,1
HAS2,ZYG11A,1,1
PIM2,COMMD4,1,1
PIM2,DBNL,1,1
PIM2,FANCG,1,1
PIM2,LRP6,1,1
POLR3G,AGFG1,1,1
POLR3G,AIM1,1,1
POLR3G,ALDH1B1,1,1
POLR3G,ANAPC7,1,1
POLR3G,AP1S3,1,1
POLR3G,APITD1,1,1
POLR3G,ARMC10,1,1
POLR3G,ASCC2,1,1
POLR3G,ATAD3A,1,1
POLR3G,ATN1,1,1
POLR3G,ATP10B,1,1
POLR3G,ATP5F1,1,1
POLR3G,ATP6V0B,1,1
POLR3G,AUNIP,1,1
POLR3G,AURKAIP1,1,1
POLR3G,BCAS2,1,1
POLR3G,C2ORF69,1,1
POLR3G,CADM1,1,1
POLR3G,CADPS,1,1
POLR3G,CAPZA2,1,1
POLR3G,CENPI,1,1
POLR3G,CLDN12,1,1
POLR3G,CLSPN,1,1
POLR3G,COQ10B,1,1
POLR3G,CSDE1,1,1
POLR3G,DGKG,1,1
POLR3G,DLD,1,1
POLR3G,DPYSL5,1,1
POLR3G,ECE1,1,1
POLR3G,EFHD2,1,1
POLR3G,ELOVL5,1,1
POLR3G,ETNK1,1,1
POLR3G,EXTL3,1,1
POLR3G,EYA4,1,1
POLR3G,FAM81A,1,1
POLR3G,FAM91A1,1,1
POLR3G,FOXN2,1,1
POLR3G,GALNT1,1,1
POLR3G,GET4,1,1
POLR3G,GLS,1,1
POLR3G,GNB1L,1,1
POLR3G,GPR55,1,1
POLR3G,GSR,1,1
POLR3G,GTPBP10,1,1
POLR3G,GXYLT1,1,1
POLR3G,HEY1,1,1
POLR3G,HOXD4,1,1
POLR3G,ID3,1,1
POLR3G,IDH3A,1,1
POLR3G,IGF2BP3,1,1
POLR3G,KIAA2013,1,1
POLR3G,KLHDC3,1,1
POLR3G,LDHAP4,1,1
POLR3G,LRP12,1,1
POLR3G,LRRC37A2,1,1
POLR3G,LRWD1,1,1
POLR3G,LSR,1,1
POLR3G,MAD2L2,1,1
POLR3G,MCAT,1,1
POLR3G,MCM3,1,1
POLR3G,MLH3,1,1
POLR3G,MTFP1,1,1
POLR3G,MTFR2,1,1
POLR3G,MTPN,1,1
POLR3G,NCKAP1,1,1
POLR3G,NDUFAF4,1,1
POLR3G,NOTCH2,1,1
POLR3G,NPAS2,1,1
POLR3G,NUDC,1,1
POLR3G,NUP43,1,1
POLR3G,NUP50,1,1
POLR3G,OPA1,1,1
POLR3G,ORC5,1,1
POLR3G,P3H3,1,1
POLR3G,PARK7,1,1
POLR3G,PDXP,1,1
POLR3G,PLCB4,1,1
POLR3G,PLEKHB2,1,1
POLR3G,POLR1A,1,1
POLR3G,POLR3K,1,1
POLR3G,PSMA5,1,1
POLR3G,PSMC2,1,1
POLR3G,PTDSS1,1,1
POLR3G,PYGB,1,1
POLR3G,RALY,1,1
POLR3G,RASEF,1,1
POLR3G,RBM28,1,1
POLR3G,RLBP1,1,1
POLR3G,RNF19A,1,1
POLR3G,RRP7BP,1,1
POLR3G,RTCB,1,1
POLR3G,RYBP,1,1
POLR3G,SHQ1,1,1
POLR3G,SLC16A1,1,1
POLR3G,SLC5A6,1,1
POLR3G,SNRNP25,1,1
POLR3G,SP4,1,1
POLR3G,SRM,1,1
POLR3G,ST13,1,1
POLR3G,STK11,1,1
POLR3G,STK17B,1,1
POLR3G,STK38L,1,1
POLR3G,STOML2,1,1
POLR3G,TIMM50,1,1
POLR3G,TMEM201,1,1
POLR3G,TMEM38B,1,1
POLR3G,TMEM64,1,1
POLR3G,TMF1,1,1
POLR3G,TONSL,1,1
POLR3G,TRABD,1,1
POLR3G,TRAM1,1,1
POLR3G,TRIP12,1,1
POLR3G,TRMU,1,1
POLR3G,TRPV4,1,1
POLR3G,UBA3,1,1
POLR3G,UFD1L,1,1
POLR3G,VDR,1,1
POLR3G,WDPCP,1,1
POLR3G,WDR77,1,1
POLR3G,XPC,1,1
POLR3G,ZC3H11B,1,1
POLR3G,ZNF697,1,1
FAM133B,NIPA2,1,1
ATP5F1,ACOT7,1,1
ATP5F1,ADAMTS17,1,1
ATP5F1,AK2,1,1
ATP5F1,AKR7A2,1,1
ATP5F1,ALDH1A1,1,1
ATP5F1,ALDH1B1,1,1
ATP5F1,AMPH,1,1
ATP5F1,ANAPC7,1,1
ATP5F1,ANKRD27,1,1
ATP5F1,AP1S3,1,1
ATP5F1,APITD1,1,1
ATP5F1,ARHGEF39,1,1
ATP5F1,ATAD3A,1,1
ATP5F1,ATN1,1,1
ATP5F1,ATOX1,1,1
ATP5F1,ATP10B,1,1
ATP5F1,ATXN7L3B,1,1
ATP5F1,AURKAIP1,1,1
ATP5F1,BAIAP2L2,1,1
ATP5F1,BCAS2,1,1
ATP5F1,BCAS3,1,1
ATP5F1,BLCAP,1,1
ATP5F1,BMPR1B,1,1
ATP5F1,C1ORF112,1,1
ATP5F1,C2ORF69,1,1
ATP5F1,C5ORF34,1,1
ATP5F1,CADM1,1,1
ATP5F1,CADPS,1,1
ATP5F1,CAPZA2,1,1
ATP5F1,CARD16,1,1
ATP5F1,CARHSP1,1,1
ATP5F1,CCDC134,1,1
ATP5F1,CD109,1,1
ATP5F1,CENPI,1,1
ATP5F1,CGN,1,1
ATP5F1,CHEK2,1,1
ATP5F1,CIB1,1,1
ATP5F1,CIT,1,1
ATP5F1,COG5,1,1
ATP5F1,COQ10B,1,1
ATP5F1,CSDE1,1,1
ATP5F1,DDOST,1,1
ATP5F1,DDT,1,1
ATP5F1,DLD,1,1
ATP5F1,DPYSL5,1,1
ATP5F1,E2F2,1,1
ATP5F1,ECE1,1,1
ATP5F1,EFHD2,1,1
ATP5F1,EIF5A2,1,1
ATP5F1,EN1,1,1
ATP5F1,ENHO,1,1
ATP5F1,EXOSC10,1,1
ATP5F1,EXTL3,1,1
ATP5F1,EYA4,1,1
ATP5F1,FAM19A3,1,1
ATP5F1,FAM81A,1,1
ATP5F1,FN1,1,1
ATP5F1,FOXRED2,1,1
ATP5F1,FRG2DP,1,1
ATP5F1,GALE,1,1
ATP5F1,GET4,1,1
ATP5F1,GGH,1,1
ATP5F1,GNB1L,1,1
ATP5F1,GPR157,1,1
ATP5F1,GPR55,1,1
ATP5F1,GSR,1,1
ATP5F1,GXYLT1,1,1
ATP5F1,HERC2P8,1,1
ATP5F1,HEY1,1,1
ATP5F1,HOXD4,1,1
ATP5F1,ID3,1,1
ATP5F1,IDH3A,1,1
ATP5F1,IMMP2L,1,1
ATP5F1,KDELC1,1,1
ATP5F1,KIAA2013,1,1
ATP5F1,L3MBTL4,1,1
ATP5F1,LAMA1,1,1
ATP5F1,LCP2,1,1
ATP5F1,LDHAP4,1,1
ATP5F1,LPXN,1,1
ATP5F1,LSR,1,1
ATP5F1,MAD2L2,1,1
ATP5F1,MAPK8IP2,1,1
ATP5F1,MCAT,1,1
ATP5F1,MCM3,1,1
ATP5F1,MCTP1,1,1
ATP5F1,MFF,1,1
ATP5F1,MFN2,1,1
ATP5F1,MGAM2,1,1
ATP5F1,MLH3,1,1
ATP5F1,MLLT4,1,1
ATP5F1,MMP8,1,1
ATP5F1,MPHOSPH9,1,1
ATP5F1,MRFAP1,1,1
ATP5F1,MTFP1,1,1
ATP5F1,NDUFB3,1,1
ATP5F1,NDUFS1,1,1
ATP5F1,NELFCD,1,1
ATP5F1,NOL4L,1,1
ATP5F1,NOTCH2,1,1
ATP5F1,NPAS2,1,1
ATP5F1,NRROS,1,1
ATP5F1,NUDT1,1,1
ATP5F1,NUP43,1,1
ATP5F1,NUP50,1,1
ATP5F1,ORC5,1,1
ATP5F1,P3H3,1,1
ATP5F1,PACSIN2,1,1
ATP5F1,PANX2,1,1
ATP5F1,PARK7,1,1
ATP5F1,PARP9,1,1
ATP5F1,PHTF1,1,1
ATP5F1,PPP1R14C,1,1
ATP5F1,PSMA5,1,1
ATP5F1,PSMC2,1,1
ATP5F1,PTDSS1,1,1
ATP5F1,PTTG1,1,1
ATP5F1,PYGB,1,1
ATP5F1,RALY,1,1
ATP5F1,RASEF,1,1
ATP5F1,RBM28,1,1
ATP5F1,RBX1,1,1
ATP5F1,REPS1,1,1
ATP5F1,RLBP1,1,1
ATP5F1,RPN2,1,1
ATP5F1,RTCB,1,1
ATP5F1,RYBP,1,1
ATP5F1,SCML4,1,1
ATP5F1,SDHB,1,1
ATP5F1,SEMA4F,1,1
ATP5F1,SERGEF,1,1
ATP5F1,SLC25A33,1,1
ATP5F1,SLC35F6,1,1
ATP5F1,SNRNP25,1,1
ATP5F1,SRM,1,1
ATP5F1,ST13,1,1
ATP5F1,STK17B,1,1
ATP5F1,STOML2,1,1
ATP5F1,STRIP2,1,1
ATP5F1,TBC1D4,1,1
ATP5F1,TBL1X,1,1
ATP5F1,TGFBR2,1,1
ATP5F1,TIMM50,1,1
ATP5F1,TMEM144,1,1
ATP5F1,TMEM201,1,1
ATP5F1,TMEM64,1,1
ATP5F1,TMF1,1,1
ATP5F1,TRABD,1,1
ATP5F1,TRMU,1,1
ATP5F1,TRPV4,1,1
ATP5F1,TTF2,1,1
ATP5F1,TTN,1,1
ATP5F1,TUBB2A,1,1
ATP5F1,UBA3,1,1
ATP5F1,UBE2J1,1,1
ATP5F1,VAV3,1,1
ATP5F1,VCX3A,1,1
ATP5F1,VPS45,1,1
ATP5F1,WDPCP,1,1
ATP5F1,WDR77,1,1
ATP5F1,ZC3H11B,1,1
ATP5F1,ZC3HC1,1,1
ATP5F1,ZNF503,1,1
ATP5F1,ZNF697,1,1
SCIN,ABCD1,1,1
SCIN,ABHD12,1,1
SCIN,ABHD2,1,1
SCIN,ACAN,1,1
SCIN,ACOT7,1,1
SCIN,ADAMTS17,1,1
SCIN,AKAP9,1,1
SCIN,AL513523.1,1,1
SCIN,ALDH1A1,1,1
SCIN,AMPH,1,1
SCIN,ANKRD27,1,1
SCIN,ANKRD30B,1,1
SCIN,ANKRD44,1,1
SCIN,ANO4,1,1
SCIN,AP5S1,1,1
SCIN,APOBEC3G,1,1
SCIN,APOL1,1,1
SCIN,ARHGEF35,1,1
SCIN,ARHGEF5,1,1
SCIN,ARMT1,1,1
SCIN,ASRGL1,1,1
SCIN,ATAD3B,1,1
SCIN,ATP11A,1,1
SCIN,ATP6V0D2,1,1
SCIN,BICDL1,1,1
SCIN,BIRC7,1,1
SCIN,C3ORF14,1,1
SCIN,CAP1,1,1
SCIN,CAPG,1,1
SCIN,CARHSP1,1,1
SCIN,CCDC141,1,1
SCIN,CCDC36,1,1
SCIN,CCNA1,1,1
SCIN,CD109,1,1
SCIN,CD36,1,1
SCIN,CD40,1,1
SCIN,CDC42,1,1
SCIN,CDKN2B,1,1
SCIN,CEACAM1,1,1
SCIN,CHN2,1,1
SCIN,CIB1,1,1
SCIN,CLDN14,1,1
SCIN,COL4A2,1,1
SCIN,COPS8,1,1
SCIN,CPTP,1,1
SCIN,CRKL,1,1
SCIN,CSF2RA,1,1
SCIN,DAZ1,1,1
SCIN,DDRGK1,1,1
SCIN,DFFA,1,1
SCIN,DPY19L2P2,1,1
SCIN,DTNBP1,1,1
SCIN,DTX3L,1,1
SCIN,ECHDC1,1,1
SCIN,EEFSEC,1,1
SCIN,EMILIN2,1,1
SCIN,ENHO,1,1
SCIN,ENTPD6,1,1
SCIN,EXOSC10,1,1
SCIN,FAAP20,1,1
SCIN,FAM102B,1,1
SCIN,FAM118A,1,1
SCIN,FAM126B,1,1
SCIN,FAM19A3,1,1
SCIN,FAM217B,1,1
SCIN,FANCI,1,1
SCIN,FBXO42,1,1
SCIN,FEZF1,1,1
SCIN,FGFR1OP2,1,1
SCIN,FN1,1,1
SCIN,FRAS1,1,1
SCIN,FRG2DP,1,1
SCIN,GALE,1,1
SCIN,GCLM,1,1
SCIN,GDAP2,1,1
SCIN,GRAMD4,1,1
SCIN,HENMT1,1,1
SCIN,HERC2P5,1,1
SCIN,HERC2P8,1,1
SCIN,HKR1,1,1
SCIN,HOOK1,1,1
SCIN,HSPA8P1,1,1
SCIN,HSPA8P8,1,1
SCIN,HSPA8P9,1,1
SCIN,ICMT,1,1
SCIN,INTS3,1,1
SCIN,IQGAP1,1,1
SCIN,KCTD14,1,1
SCIN,KIF1B,1,1
SCIN,KIN,1,1
SCIN,KLHL21,1,1
SCIN,LAMA1,1,1
SCIN,LDLRAD3,1,1
SCIN,LHX8,1,1
SCIN,LIMK2,1,1
SCIN,LINS1,1,1
SCIN,LONRF3,1,1
SCIN,LRRC47,1,1
SCIN,LRRC61,1,1
SCIN,LYPLA2,1,1
SCIN,MERTK,1,1
SCIN,MFF,1,1
SCIN,MGAM2,1,1
SCIN,MKRN3,1,1
SCIN,MLXIP,1,1
SCIN,MMP8,1,1
SCIN,MORN1,1,1
SCIN,MOXD1,1,1
SCIN,MRFAP1,1,1
SCIN,MTOR,1,1
SCIN,NAV2,1,1
SCIN,NBPF8,1,1
SCIN,NDUFA10,1,1
SCIN,NOTCH2,1,1
SCIN,NPPC,1,1
SCIN,PDE4B,1,1
SCIN,PEX14,1,1
SCIN,PHGDH,1,1
SCIN,PIK3R3,1,1
SCIN,PIM3,1,1
SCIN,PLEKHA7,1,1
SCIN,PNRC2,1,1
SCIN,POLE4,1,1
SCIN,PPP1R12B,1,1
SCIN,PRKG2,1,1
SCIN,RASEF,1,1
SCIN,RBM19,1,1
SCIN,RBX1,1,1
SCIN,RER1,1,1
SCIN,RGS1,1,1
SCIN,RP11-119J18.1,1,1
SCIN,RP11-159J3.1,1,1
SCIN,RP11-327P2.7,1,1
SCIN,RP11-61N20.3,1,1
SCIN,RPH3A,1,1
SCIN,RPL11,1,1
SCIN,RPS27L,1,1
SCIN,RPS6KA5,1,1
SCIN,RSBN1,1,1
SCIN,RTFDC1,1,1
SCIN,RYBP,1,1
SCIN,SAMM50,1,1
SCIN,SBF1,1,1
SCIN,SCML4,1,1
SCIN,SEC22B,1,1
SCIN,SERGEF,1,1
SCIN,SLAMF7,1,1
SCIN,SLC25A33,1,1
SCIN,SLC37A3,1,1
SCIN,SLC46A3,1,1
SCIN,SMG9,1,1
SCIN,SQRDL,1,1
SCIN,SS18L1,1,1
SCIN,STAT1,1,1
SCIN,SYCP2,1,1
SCIN,TBC1D4,1,1
SCIN,TIMM8B,1,1
SCIN,TMC3,1,1
SCIN,TMEM144,1,1
SCIN,TMEM64,1,1
SCIN,TMUB1,1,1
SCIN,TP73,1,1
SCIN,TPPP,1,1
SCIN,TRPA1,1,1
SCIN,TUB,1,1
SCIN,UBE2J1,1,1
SCIN,VAMP3,1,1
SCIN,VAPB,1,1
SCIN,VAV3,1,1
SCIN,VCX3B,1,1
SCIN,ZBED6CL,1,1
SCIN,ZC3H4,1,1
SCIN,ZDHHC11B,1,1
SCIN,ZNF114,1,1
SCIN,ZNF43,1,1
SCIN,ZNF503,1,1
SCIN,ZNF689,1,1
SCIN,ZYG11A,1,1
RUNX3,AC009133.22,1,1
RUNX3,AC013264.1,1,1
RUNX3,AP5S1,1,1
RUNX3,ARHGAP39,1,1
RUNX3,ARHGEF5,1,1
RUNX3,ATP7B,1,1
RUNX3,ATRN,1,1
RUNX3,CA8,1,1
RUNX3,CCDC115,1,1
RUNX3,CD40,1,1
RUNX3,CDK5R1,1,1
RUNX3,CDKN2B,1,1
RUNX3,CEACAM1,1,1
RUNX3,CERK,1,1
RUNX3,CLSTN1,1,1
RUNX3,COMMD9,1,1
RUNX3,CRTC3,1,1
RUNX3,CRY2,1,1
RUNX3,CTD-3214H19.4,1,1
RUNX3,CTSZ,1,1
RUNX3,DDRGK1,1,1
RUNX3,EIF5AL1,1,1
RUNX3,EVA1A,1,1
RUNX3,FAM219A,1,1
RUNX3,FRAS1,1,1
RUNX3,FUT4,1,1
RUNX3,GNB1,1,1
RUNX3,GPD1L,1,1
RUNX3,GRAMD4,1,1
RUNX3,GSTO1,1,1
RUNX3,GTF2H1,1,1
RUNX3,GUCD1,1,1
RUNX3,HENMT1,1,1
RUNX3,HERC5,1,1
RUNX3,HLA-F,1,1
RUNX3,HP1BP3,1,1
RUNX3,ICMT,1,1
RUNX3,KIAA1033,1,1
RUNX3,LINS1,1,1
RUNX3,MBP,1,1
RUNX3,MCOLN3,1,1
RUNX3,MLF 2.00,1,1
RUNX3,NAV2,1,1
RUNX3,NMNAT1,1,1
RUNX3,NR4A3,1,1
RUNX3,PDE4B,1,1
RUNX3,PER3,1,1
RUNX3,PITHD1,1,1
RUNX3,PPM1K,1,1
RUNX3,PPT2,1,1
RUNX3,PRDM2,1,1
RUNX3,PRKCA,1,1
RUNX3,PTDSS2,1,1
RUNX3,PYCARD,1,1
RUNX3,RAB11FIP4,1,1
RUNX3,RBBP4,1,1
RUNX3,RGS1,1,1
RUNX3,RHOQ,1,1
RUNX3,RSBN1,1,1
RUNX3,SBF1,1,1
RUNX3,SIRPA,1,1
RUNX3,SLC44A3,1,1
RUNX3,SNX8,1,1
RUNX3,SOX13,1,1
RUNX3,SPSB1,1,1
RUNX3,STIM1,1,1
RUNX3,STXBP2,1,1
RUNX3,TGFBR1,1,1
RUNX3,TLN1,1,1
RUNX3,TMEM184B,1,1
RUNX3,TP73-AS1,1,1
RUNX3,TPRG1L,1,1
RUNX3,VAMP3,1,1
RUNX3,VAMP8,1,1
RUNX3,VANGL1,1,1
RUNX3,ZNF43,1,1
OSGEPL1,ADAR,1,1
OSGEPL1,ALKBH6,1,1
OSGEPL1,ARHGEF39,1,1
OSGEPL1,ARL6IP5,1,1
OSGEPL1,CGN,1,1
OSGEPL1,COG5,1,1
OSGEPL1,DCAF4,1,1
OSGEPL1,ERGIC3,1,1
OSGEPL1,FBXO6,1,1
OSGEPL1,GGT7,1,1
OSGEPL1,IMMP2L,1,1
OSGEPL1,INIP,1,1
OSGEPL1,MFF,1,1
OSGEPL1,MRFAP1,1,1
OSGEPL1,NEPRO,1,1
OSGEPL1,RCN3,1,1
OSGEPL1,SARS,1,1
OSGEPL1,SEMA4F,1,1
OSGEPL1,SMPD1,1,1
OSGEPL1,SRGAP2C,1,1
OSGEPL1,ZNF140,1,1
ST8SIA1,AK2,1,1
ST8SIA1,ALAS1,1,1
ST8SIA1,ALKBH6,1,1
ST8SIA1,ARHGAP28,1,1
ST8SIA1,ARHGEF39,1,1
ST8SIA1,ATP10B,1,1
ST8SIA1,ATXN7L3,1,1
ST8SIA1,ATXN7L3B,1,1
ST8SIA1,BCAS3,1,1
ST8SIA1,C11ORF57,1,1
ST8SIA1,C1ORF112,1,1
ST8SIA1,C1ORF159,1,1
ST8SIA1,CAPRIN2,1,1
ST8SIA1,CARD14,1,1
ST8SIA1,CARD16,1,1
ST8SIA1,CEP41,1,1
ST8SIA1,CHEK2,1,1
ST8SIA1,COG5,1,1
ST8SIA1,DDOST,1,1
ST8SIA1,DYNC1I1,1,1
ST8SIA1,EN1,1,1
ST8SIA1,ERGIC3,1,1
ST8SIA1,EYA4,1,1
ST8SIA1,FBXO6,1,1
ST8SIA1,GDPD1,1,1
ST8SIA1,GFPT1,1,1
ST8SIA1,GJB1,1,1
ST8SIA1,HEY1,1,1
ST8SIA1,IGHVII-30-43,1,1
ST8SIA1,KDELC1,1,1
ST8SIA1,L3MBTL4,1,1
ST8SIA1,LCP2,1,1
ST8SIA1,MCRIP2,1,1
ST8SIA1,MGAT5,1,1
ST8SIA1,MINOS1,1,1
ST8SIA1,MKLN1,1,1
ST8SIA1,MOV10,1,1
ST8SIA1,MRPS5,1,1
ST8SIA1,MSL3P1,1,1
ST8SIA1,MYL12B,1,1
ST8SIA1,NDUFA5,1,1
ST8SIA1,NEK6,1,1
ST8SIA1,NSMCE3,1,1
ST8SIA1,NUDCD3,1,1
ST8SIA1,PANX2,1,1
ST8SIA1,PARP9,1,1
ST8SIA1,PDCD6,1,1
ST8SIA1,PPP1R14C,1,1
ST8SIA1,PRKCZ,1,1
ST8SIA1,PTPRK,1,1
ST8SIA1,PXDN,1,1
ST8SIA1,RIPK4,1,1
ST8SIA1,RNF207,1,1
ST8SIA1,RNF43,1,1
ST8SIA1,RP11-153I24.5,1,1
ST8SIA1,RPL39L,1,1
ST8SIA1,RPN2,1,1
ST8SIA1,SDF4,1,1
ST8SIA1,SDHB,1,1
ST8SIA1,SLC25A13,1,1
ST8SIA1,SLC35F6,1,1
ST8SIA1,SNX17,1,1
ST8SIA1,SORL1,1,1
ST8SIA1,STRIP2,1,1
ST8SIA1,SYNM,1,1
ST8SIA1,SYPL1,1,1
ST8SIA1,TBCA,1,1
ST8SIA1,TBL1X,1,1
ST8SIA1,TIMM50,1,1
ST8SIA1,TIMP3,1,1
ST8SIA1,TMED9,1,1
ST8SIA1,TMEM242,1,1
ST8SIA1,TRMT2A,1,1
ST8SIA1,TTF2,1,1
ST8SIA1,TTLL4,1,1
ST8SIA1,TUBB2A,1,1
ST8SIA1,VPS45,1,1
ST8SIA1,WASL,1,1
ST8SIA1,ZC3HC1,1,1
ST8SIA1,ZMYM1,1,1
ST8SIA1,ZNF839,1,1
ACADM,ASB7,1,1
ACADM,CD68,1,1
ACADM,COPS8,1,1
ACADM,DOCK9,1,1
ACADM,GLTP,1,1
ACADM,H2AFZ,1,1
ACADM,HIBCH,1,1
ACADM,IDH3B,1,1
ACADM,KIN,1,1
ACADM,KXD1,1,1
ACADM,MMACHC,1,1
ACADM,MRPL46,1,1
ACADM,PHF20,1,1
ACADM,RBFA,1,1
ACADM,RPS27L,1,1
ACADM,SLC30A7,1,1
ACADM,SLC4A4,1,1
ACADM,TSG101,1,1
ACADM,TTC37,1,1
ACADM,ZNF525,1,1
ACADM,ZNF585B,1,1
C3ORF14,ABCD1,1,1
C3ORF14,ABHD12,1,1
C3ORF14,ABHD2,1,1
C3ORF14,ACAN,1,1
C3ORF14,ACOT7,1,1
C3ORF14,ADAMTS17,1,1
C3ORF14,AL513523.1,1,1
C3ORF14,ALDH1A1,1,1
C3ORF14,AMPH,1,1
C3ORF14,ANKRD27,1,1
C3ORF14,ANKRD30B,1,1
C3ORF14,ANO4,1,1
C3ORF14,AP1S3,1,1
C3ORF14,AP5S1,1,1
C3ORF14,APOL1,1,1
C3ORF14,ARHGEF35,1,1
C3ORF14,ARMT1,1,1
C3ORF14,ASRGL1,1,1
C3ORF14,ATAD3B,1,1
C3ORF14,ATN1,1,1
C3ORF14,ATP11A,1,1
C3ORF14,ATP6V0D2,1,1
C3ORF14,BICDL1,1,1
C3ORF14,BIRC7,1,1
C3ORF14,BMP8B,1,1
C3ORF14,C1ORF174,1,1
C3ORF14,CADM1,1,1
C3ORF14,CAPG,1,1
C3ORF14,CARHSP1,1,1
C3ORF14,CCDC141,1,1
C3ORF14,CCDC36,1,1
C3ORF14,CCNA1,1,1
C3ORF14,CD109,1,1
C3ORF14,CD36,1,1
C3ORF14,CD40,1,1
C3ORF14,CDKN2B,1,1
C3ORF14,CEACAM1,1,1
C3ORF14,CHN2,1,1
C3ORF14,CIB1,1,1
C3ORF14,CLDN14,1,1
C3ORF14,COL4A2,1,1
C3ORF14,COPS8,1,1
C3ORF14,CPTP,1,1
C3ORF14,CRKL,1,1
C3ORF14,CSF2RA,1,1
C3ORF14,DAZ1,1,1
C3ORF14,DDRGK1,1,1
C3ORF14,DFFA,1,1
C3ORF14,DOCK9,1,1
C3ORF14,DPY19L2P2,1,1
C3ORF14,DPYSL5,1,1
C3ORF14,DTX3L,1,1
C3ORF14,E2F2,1,1
C3ORF14,ECHDC1,1,1
C3ORF14,EEFSEC,1,1
C3ORF14,EMILIN2,1,1
C3ORF14,ENHO,1,1
C3ORF14,ENTPD6,1,1
C3ORF14,EXOSC10,1,1
C3ORF14,FAAP20,1,1
C3ORF14,FAM102B,1,1
C3ORF14,FAM118A,1,1
C3ORF14,FAM126B,1,1
C3ORF14,FAM19A3,1,1
C3ORF14,FAM217B,1,1
C3ORF14,FANCI,1,1
C3ORF14,FEZF1,1,1
C3ORF14,FGFR1OP2,1,1
C3ORF14,FN1,1,1
C3ORF14,FRG2DP,1,1
C3ORF14,GALE,1,1
C3ORF14,GCLM,1,1
C3ORF14,GDAP2,1,1
C3ORF14,GPR55,1,1
C3ORF14,HENMT1,1,1
C3ORF14,HERC2P5,1,1
C3ORF14,HERC2P8,1,1
C3ORF14,HKR1,1,1
C3ORF14,HMGXB3,1,1
C3ORF14,HOOK1,1,1
C3ORF14,HSPA8P1,1,1
C3ORF14,HSPA8P8,1,1
C3ORF14,HSPA8P9,1,1
C3ORF14,ICMT,1,1
C3ORF14,INTS3,1,1
C3ORF14,IQGAP1,1,1
C3ORF14,KCTD14,1,1
C3ORF14,KIF1B,1,1
C3ORF14,KIF7,1,1
C3ORF14,KIN,1,1
C3ORF14,KLHL21,1,1
C3ORF14,LAMA1,1,1
C3ORF14,LDLRAD3,1,1
C3ORF14,LHX8,1,1
C3ORF14,LIMK2,1,1
C3ORF14,LINS1,1,1
C3ORF14,LONRF3,1,1
C3ORF14,LRRC47,1,1
C3ORF14,LRRC61,1,1
C3ORF14,LYPLA2,1,1
C3ORF14,MARS2,1,1
C3ORF14,MCM3,1,1
C3ORF14,MCTP1,1,1
C3ORF14,MERTK,1,1
C3ORF14,MFF,1,1
C3ORF14,MGAM2,1,1
C3ORF14,MKRN3,1,1
C3ORF14,MMP8,1,1
C3ORF14,MORN1,1,1
C3ORF14,MOXD1,1,1
C3ORF14,MRFAP1,1,1
C3ORF14,MTERF1,1,1
C3ORF14,NBPF8,1,1
C3ORF14,NCAPH2,1,1
C3ORF14,NDUFA10,1,1
C3ORF14,NOTCH2,1,1
C3ORF14,NPPC,1,1
C3ORF14,NT5DC3,1,1
C3ORF14,PDE4B,1,1
C3ORF14,PEX14,1,1
C3ORF14,PHGDH,1,1
C3ORF14,PIK3R3,1,1
C3ORF14,PIM3,1,1
C3ORF14,PLEKHA7,1,1
C3ORF14,POLE4,1,1
C3ORF14,PRKG2,1,1
C3ORF14,RASEF,1,1
C3ORF14,RBM19,1,1
C3ORF14,RBX1,1,1
C3ORF14,RER1,1,1
C3ORF14,RGS1,1,1
C3ORF14,RP11-119J18.1,1,1
C3ORF14,RP11-159J3.1,1,1
C3ORF14,RP11-327P2.7,1,1
C3ORF14,RP11-61N20.3,1,1
C3ORF14,RPA2,1,1
C3ORF14,RPH3A,1,1
C3ORF14,RPL11,1,1
C3ORF14,RPL22,1,1
C3ORF14,RPS27L,1,1
C3ORF14,RPS6KA5,1,1
C3ORF14,RTFDC1,1,1
C3ORF14,RYBP,1,1
C3ORF14,SAMM50,1,1
C3ORF14,SCML4,1,1
C3ORF14,SEC22B,1,1
C3ORF14,SERGEF,1,1
C3ORF14,SLAMF7,1,1
C3ORF14,SLC25A33,1,1
C3ORF14,SLC46A3,1,1
C3ORF14,SMG9,1,1
C3ORF14,SNRNP25,1,1
C3ORF14,SPRR2D,1,1
C3ORF14,SQRDL,1,1
C3ORF14,SS18L1,1,1
C3ORF14,STAT1,1,1
C3ORF14,SYCP2,1,1
C3ORF14,TBC1D4,1,1
C3ORF14,TMC3,1,1
C3ORF14,TMEM144,1,1
C3ORF14,TMEM246,1,1
C3ORF14,TMEM64,1,1
C3ORF14,TMUB1,1,1
C3ORF14,TP73,1,1
C3ORF14,TPPP,1,1
C3ORF14,TRPA1,1,1
C3ORF14,TRPV4,1,1
C3ORF14,TUB,1,1
C3ORF14,UBE2J1,1,1
C3ORF14,VAPB,1,1
C3ORF14,VAV3,1,1
C3ORF14,VCX3B,1,1
C3ORF14,ZBED6CL,1,1
C3ORF14,ZC3H4,1,1
C3ORF14,ZDHHC11B,1,1
C3ORF14,ZNF114,1,1
C3ORF14,ZNF189,1,1
C3ORF14,ZNF43,1,1
C3ORF14,ZNF503,1,1
C3ORF14,ZNF585B,1,1
C3ORF14,ZNF689,1,1
C3ORF14,ZNHIT3,1,1
C3ORF14,ZYG11A,1,1
IFITM3,COMMD4,1,1
IFITM3,YWHAH,1,1
FRAS1,ABHD12,1,1
FRAS1,AKAP9,1,1
FRAS1,ANKRD30B,1,1
FRAS1,ANO4,1,1
FRAS1,AP5S1,1,1
FRAS1,ARHGAP23,1,1
FRAS1,ARHGEF35,1,1
FRAS1,ARHGEF5,1,1
FRAS1,ATP6V0D2,1,1
FRAS1,BIRC7,1,1
FRAS1,CAPG,1,1
FRAS1,CCDC141,1,1
FRAS1,CCDC36,1,1
FRAS1,CD40,1,1
FRAS1,CDKN2B,1,1
FRAS1,CEACAM1,1,1
FRAS1,CHN2,1,1
FRAS1,DDRGK1,1,1
FRAS1,DDX60L,1,1
FRAS1,DPY19L2P2,1,1
FRAS1,EIF5AL1,1,1
FRAS1,EMILIN2,1,1
FRAS1,FAM102B,1,1
FRAS1,FAM126B,1,1
FRAS1,FAM189B,1,1
FRAS1,FGFR1OP2,1,1
FRAS1,FUT4,1,1
FRAS1,GSTO1,1,1
FRAS1,GUCD1,1,1
FRAS1,HENMT1,1,1
FRAS1,HP1BP3,1,1
FRAS1,ICMT,1,1
FRAS1,KCTD14,1,1
FRAS1,LDLRAD3,1,1
FRAS1,LINS1,1,1
FRAS1,LONRF3,1,1
FRAS1,MME,1,1
FRAS1,MYB,1,1
FRAS1,NAV2,1,1
FRAS1,PDE4B,1,1
FRAS1,PHF20,1,1
FRAS1,PIM3,1,1
FRAS1,PNRC2,1,1
FRAS1,RBBP4,1,1
FRAS1,RGS1,1,1
FRAS1,RNF31,1,1
FRAS1,RPH3A,1,1
FRAS1,RPL11,1,1
FRAS1,RSBN1,1,1
FRAS1,SIRPA,1,1
FRAS1,SLC37A3,1,1
FRAS1,SLC44A3,1,1
FRAS1,SLC46A3,1,1
FRAS1,SPON2,1,1
FRAS1,SQRDL,1,1
FRAS1,SS18L1,1,1
FRAS1,STAT1,1,1
FRAS1,TGFBR1,1,1
FRAS1,TGFBR3,1,1
FRAS1,TMEM184B,1,1
FRAS1,VAMP3,1,1
FRAS1,VANGL1,1,1
FRAS1,VAPB,1,1
FRAS1,ZC3H4,1,1
FRAS1,ZNF43,1,1
FRAS1,ZNF525,1,1
FRAS1,ZYG11A,1,1
FAM81A,AGFG1,1,1
FAM81A,AK2,1,1
FAM81A,ALDH1B1,1,1
FAM81A,AP1S3,1,1
FAM81A,APITD1,1,1
FAM81A,ARMC10,1,1
FAM81A,ASCC2,1,1
FAM81A,ATAD3A,1,1
FAM81A,ATP10B,1,1
FAM81A,ATP6V1E2,1,1
FAM81A,AURKAIP1,1,1
FAM81A,BCAS2,1,1
FAM81A,BMPR1B,1,1
FAM81A,C2ORF69,1,1
FAM81A,C5ORF34,1,1
FAM81A,CADM1,1,1
FAM81A,CADPS,1,1
FAM81A,CAPZA2,1,1
FAM81A,CENPI,1,1
FAM81A,CENPM,1,1
FAM81A,CETN2,1,1
FAM81A,CHCHD2,1,1
FAM81A,CHEK2,1,1
FAM81A,CLDN12,1,1
FAM81A,CLIC4,1,1
FAM81A,CLSPN,1,1
FAM81A,CMAS,1,1
FAM81A,COQ10B,1,1
FAM81A,CSDE1,1,1
FAM81A,DDOST,1,1
FAM81A,DDT,1,1
FAM81A,DGKG,1,1
FAM81A,DLD,1,1
FAM81A,DPYSL5,1,1
FAM81A,ECE1,1,1
FAM81A,EFHD2,1,1
FAM81A,EIF3D,1,1
FAM81A,ELOVL5,1,1
FAM81A,EMC1,1,1
FAM81A,EN1,1,1
FAM81A,ENO1,1,1
FAM81A,ESPL1,1,1
FAM81A,EYA4,1,1
FAM81A,FAM86DP,1,1
FAM81A,FAM91A1,1,1
FAM81A,GET4,1,1
FAM81A,GLS,1,1
FAM81A,GNB1L,1,1
FAM81A,GPR55,1,1
FAM81A,GSR,1,1
FAM81A,GTPBP10,1,1
FAM81A,GXYLT1,1,1
FAM81A,HEY1,1,1
FAM81A,HOXD4,1,1
FAM81A,ID3,1,1
FAM81A,IGF2BP3,1,1
FAM81A,KIAA2013,1,1
FAM81A,KIRREL,1,1
FAM81A,KLHDC3,1,1
FAM81A,LCP2,1,1
FAM81A,LDHAP4,1,1
FAM81A,LRP12,1,1
FAM81A,LRP8,1,1
FAM81A,LRRC37A2,1,1
FAM81A,LSR,1,1
FAM81A,MAD2L2,1,1
FAM81A,MCAT,1,1
FAM81A,MGAT5,1,1
FAM81A,MLH3,1,1
FAM81A,MLLT6,1,1
FAM81A,MRFAP1L1,1,1
FAM81A,MTFP1,1,1
FAM81A,MTFR2,1,1
FAM81A,NCKAP1,1,1
FAM81A,NDUFB3,1,1
FAM81A,NIPAL3,1,1
FAM81A,NUDC,1,1
FAM81A,NUP43,1,1
FAM81A,NUP50,1,1
FAM81A,OPA1,1,1
FAM81A,ORC5,1,1
FAM81A,P3H3,1,1
FAM81A,PARK7,1,1
FAM81A,PCSK7,1,1
FAM81A,PHF2,1,1
FAM81A,PHPT1,1,1
FAM81A,PITPNM2,1,1
FAM81A,PLCB4,1,1
FAM81A,POLR3K,1,1
FAM81A,PPP1R14C,1,1
FAM81A,PSMA5,1,1
FAM81A,PSMC2,1,1
FAM81A,PYGB,1,1
FAM81A,RALY,1,1
FAM81A,RHPN2,1,1
FAM81A,RLBP1,1,1
FAM81A,RNF19A,1,1
FAM81A,RPN2,1,1
FAM81A,RTCB,1,1
FAM81A,SDHB,1,1
FAM81A,SHQ1,1,1
FAM81A,SLC16A1,1,1
FAM81A,SLC35E3,1,1
FAM81A,SLC35F6,1,1
FAM81A,SLC5A6,1,1
FAM81A,SRM,1,1
FAM81A,ST13,1,1
FAM81A,STK17B,1,1
FAM81A,STK38L,1,1
FAM81A,STOML2,1,1
FAM81A,SYNM,1,1
FAM81A,TBRG1,1,1
FAM81A,TIMM50,1,1
FAM81A,TMEM38B,1,1
FAM81A,TMF1,1,1
FAM81A,TONSL,1,1
FAM81A,TRABD,1,1
FAM81A,TRIP12,1,1
FAM81A,TRMU,1,1
FAM81A,TRPV4,1,1
FAM81A,TTF2,1,1
FAM81A,UBA3,1,1
FAM81A,UFD1L,1,1
FAM81A,VCX3A,1,1
FAM81A,VDR,1,1
FAM81A,WDPCP,1,1
FAM81A,WDR77,1,1
FAM81A,XPC,1,1
FAM81A,ZC3H11B,1,1
FAM81A,ZC3HC1,1,1
FAM81A,ZMYM1,1,1
FAM81A,ZNF697,1,1
TCEB3,ABCD1,1,1
TCEB3,AGAP3,1,1
TCEB3,AKR7A2,1,1
TCEB3,ANAPC7,1,1
TCEB3,ANKRD44,1,1
TCEB3,ARMT1,1,1
TCEB3,ARPC1A,1,1
TCEB3,ATP10B,1,1
TCEB3,ATP6V1C1,1,1
TCEB3,ATP6V1E1,1,1
TCEB3,BAIAP2L2,1,1
TCEB3,BLCAP,1,1
TCEB3,C7ORF49,1,1
TCEB3,CARHSP1,1,1
TCEB3,CD109,1,1
TCEB3,CDC26,1,1
TCEB3,CDC42,1,1
TCEB3,CEP41,1,1
TCEB3,DNAJC16,1,1
TCEB3,EARS2,1,1
TCEB3,EIF4G3,1,1
TCEB3,EIF5A2,1,1
TCEB3,EPS15L1,1,1
TCEB3,EVL,1,1
TCEB3,EXOSC10,1,1
TCEB3,FOXRED2,1,1
TCEB3,FRMD4B,1,1
TCEB3,GPR157,1,1
TCEB3,HTRA1,1,1
TCEB3,IGF1R,1,1
TCEB3,IGF2R,1,1
TCEB3,JAK2,1,1
TCEB3,KIAA2013,1,1
TCEB3,LAMA1,1,1
TCEB3,LAMP2,1,1
TCEB3,LAMTOR5,1,1
TCEB3,LMF2,1,1
TCEB3,LPXN,1,1
TCEB3,LUZP1,1,1
TCEB3,LZIC,1,1
TCEB3,MAPK1,1,1
TCEB3,MARK3,1,1
TCEB3,MED15,1,1
TCEB3,MESDC1,1,1
TCEB3,MFN2,1,1
TCEB3,MLH3,1,1
TCEB3,MLX,1,1
TCEB3,MSL3P1,1,1
TCEB3,MTOR,1,1
TCEB3,MUL1,1,1
TCEB3,NADK,1,1
TCEB3,NBPF26,1,1
TCEB3,NBPF8,1,1
TCEB3,NELFCD,1,1
TCEB3,NOL4L,1,1
TCEB3,NRROS,1,1
TCEB3,PACSIN2,1,1
TCEB3,PEX10,1,1
TCEB3,PEX26,1,1
TCEB3,PHTF1,1,1
TCEB3,PIGO,1,1
TCEB3,PLAG1,1,1
TCEB3,PLCD3,1,1
TCEB3,PNKD,1,1
TCEB3,PQLC2,1,1
TCEB3,PTPRK,1,1
TCEB3,RAB17,1,1
TCEB3,RAB5A,1,1
TCEB3,RBM19,1,1
TCEB3,REPS1,1,1
TCEB3,RP11-61N20.3,1,1
TCEB3,RPAP2,1,1
TCEB3,RRBP1,1,1
TCEB3,RYBP,1,1
TCEB3,SAMM50,1,1
TCEB3,SGCE,1,1
TCEB3,SGK3,1,1
TCEB3,SKI,1,1
TCEB3,SLC23A2,1,1
TCEB3,SLC25A33,1,1
TCEB3,SLC35F5,1,1
TCEB3,SPRY1,1,1
TCEB3,SQSTM1,1,1
TCEB3,ST7,1,1
TCEB3,STK39,1,1
TCEB3,STXBP3,1,1
TCEB3,TBC1D4,1,1
TCEB3,TESK2,1,1
TCEB3,TIMM50,1,1
TCEB3,TMEM201,1,1
TCEB3,TMEM51,1,1
TCEB3,TRIB1,1,1
TCEB3,TRPV2,1,1
TCEB3,TTF2,1,1
TCEB3,TXLNA,1,1
TCEB3,UBE2E2,1,1
TCEB3,UBE2J1,1,1
TCEB3,UGT2B7,1,1
TCEB3,VAV3,1,1
TCEB3,VCP,1,1
TCEB3,WDR47,1,1
TCEB3,ZNF326,1,1
TCEB3,ZNF503,1,1
TCEB3,ZNF839,1,1
UQCR10,ATP6V1E2,1,1
UQCR10,C7ORF50,1,1
UQCR10,CETN2,1,1
UQCR10,CHCHD2,1,1
UQCR10,CMAS,1,1
UQCR10,EIF3D,1,1
UQCR10,ENO1,1,1
UQCR10,GET4,1,1
UQCR10,METAP1D,1,1
UQCR10,MIF,1,1
UQCR10,MINOS1,1,1
UQCR10,MRFAP1L1,1,1
UQCR10,PHF2,1,1
UQCR10,PNMA1,1,1
UQCR10,PSMA5,1,1
UQCR10,TBRG1,1,1
UQCR10,TGFBR2,1,1
UQCR10,ZNF75A,1,1
PPP1R14C,ACOT7,1,1
PPP1R14C,ADAMTS17,1,1
PPP1R14C,AK2,1,1
PPP1R14C,AKR7A2,1,1
PPP1R14C,ALDH1B1,1,1
PPP1R14C,APITD1,1,1
PPP1R14C,ARHGAP28,1,1
PPP1R14C,ARHGEF39,1,1
PPP1R14C,ARMC10,1,1
PPP1R14C,ATOX1,1,1
PPP1R14C,ATP10B,1,1
PPP1R14C,ATXN7L3B,1,1
PPP1R14C,B3GALT6,1,1
PPP1R14C,BCAS3,1,1
PPP1R14C,BET1,1,1
PPP1R14C,CADM1,1,1
PPP1R14C,CADPS,1,1
PPP1R14C,CAPZA2,1,1
PPP1R14C,CARD16,1,1
PPP1R14C,CARHSP1,1,1
PPP1R14C,CCDC134,1,1
PPP1R14C,CD109,1,1
PPP1R14C,CEP41,1,1
PPP1R14C,CGN,1,1
PPP1R14C,CHEK2,1,1
PPP1R14C,CHRNA7,1,1
PPP1R14C,CLIC4,1,1
PPP1R14C,CMAS,1,1
PPP1R14C,COG5,1,1
PPP1R14C,CSDE1,1,1
PPP1R14C,DDOST,1,1
PPP1R14C,DDT,1,1
PPP1R14C,DLD,1,1
PPP1R14C,DPYSL5,1,1
PPP1R14C,DYNC1I1,1,1
PPP1R14C,ECE1,1,1
PPP1R14C,EIF5A2,1,1
PPP1R14C,EN1,1,1
PPP1R14C,ENHO,1,1
PPP1R14C,ERGIC3,1,1
PPP1R14C,EXTL3,1,1
PPP1R14C,EYA4,1,1
PPP1R14C,FAM19A3,1,1
PPP1R14C,FBXO6,1,1
PPP1R14C,FN1,1,1
PPP1R14C,FOXRED2,1,1
PPP1R14C,FRG2DP,1,1
PPP1R14C,GALE,1,1
PPP1R14C,GFPT1,1,1
PPP1R14C,GJB1,1,1
PPP1R14C,GNB1L,1,1
PPP1R14C,GPR157,1,1
PPP1R14C,GPR55,1,1
PPP1R14C,HEY1,1,1
PPP1R14C,ID3,1,1
PPP1R14C,IGHVII-30-43,1,1
PPP1R14C,IMMP2L,1,1
PPP1R14C,ITGAV,1,1
PPP1R14C,KDELC1,1,1
PPP1R14C,KIAA2013,1,1
PPP1R14C,L3MBTL4,1,1
PPP1R14C,LAMP2,1,1
PPP1R14C,LCP2,1,1
PPP1R14C,LPXN,1,1
PPP1R14C,LRP12,1,1
PPP1R14C,LSR,1,1
PPP1R14C,MAD2L2,1,1
PPP1R14C,MAPK8IP2,1,1
PPP1R14C,METAP1D,1,1
PPP1R14C,MFF,1,1
PPP1R14C,MFN2,1,1
PPP1R14C,MGAT5,1,1
PPP1R14C,MLH3,1,1
PPP1R14C,MLLT4,1,1
PPP1R14C,MOV10,1,1
PPP1R14C,MRFAP1,1,1
PPP1R14C,MSL3P1,1,1
PPP1R14C,MTFP1,1,1
PPP1R14C,NBPF26,1,1
PPP1R14C,NBPF8,1,1
PPP1R14C,NDUFA5,1,1
PPP1R14C,NDUFB3,1,1
PPP1R14C,NEPRO,1,1
PPP1R14C,NIPAL3,1,1
PPP1R14C,NOL4L,1,1
PPP1R14C,NPAS2,1,1
PPP1R14C,NRROS,1,1
PPP1R14C,NSMCE3,1,1
PPP1R14C,NUDCD3,1,1
PPP1R14C,NUP43,1,1
PPP1R14C,P3H3,1,1
PPP1R14C,PACSIN2,1,1
PPP1R14C,PANX2,1,1
PPP1R14C,PARK7,1,1
PPP1R14C,PARP9,1,1
PPP1R14C,PHTF1,1,1
PPP1R14C,PRKCZ,1,1
PPP1R14C,PSMA5,1,1
PPP1R14C,PSMC2,1,1
PPP1R14C,RASEF,1,1
PPP1R14C,RFX7,1,1
PPP1R14C,RLBP1,1,1
PPP1R14C,RNF207,1,1
PPP1R14C,RNF43,1,1
PPP1R14C,RP11-153I24.5,1,1
PPP1R14C,RPN2,1,1
PPP1R14C,RRP7BP,1,1
PPP1R14C,RTCB,1,1
PPP1R14C,RYBP,1,1
PPP1R14C,SDHB,1,1
PPP1R14C,SEMA4F,1,1
PPP1R14C,SERGEF,1,1
PPP1R14C,SLC35F6,1,1
PPP1R14C,SNX17,1,1
PPP1R14C,SORL1,1,1
PPP1R14C,SRM,1,1
PPP1R14C,STK17B,1,1
PPP1R14C,STRIP2,1,1
PPP1R14C,SYNM,1,1
PPP1R14C,SYPL1,1,1
PPP1R14C,TBCA,1,1
PPP1R14C,TBL1X,1,1
PPP1R14C,TIMM50,1,1
PPP1R14C,TIMP3,1,1
PPP1R14C,TMED9,1,1
PPP1R14C,TMEM242,1,1
PPP1R14C,TMEM64,1,1
PPP1R14C,TMF1,1,1
PPP1R14C,TRABD,1,1
PPP1R14C,TRMT2A,1,1
PPP1R14C,TRPV4,1,1
PPP1R14C,TTF2,1,1
PPP1R14C,TTN,1,1
PPP1R14C,TUBB2A,1,1
PPP1R14C,VCX3A,1,1
PPP1R14C,VPS45,1,1
PPP1R14C,ZC3H11B,1,1
PPP1R14C,ZC3HC1,1,1
PPP1R14C,ZNF503,1,1
PPP1R14C,ZNF697,1,1
PPP1R14C,ZNF776,1,1
TMEM161B,ABHD2,1,1
TMEM161B,AGA,1,1
TMEM161B,ANKRD27,1,1
TMEM161B,ATN1,1,1
TMEM161B,BMP8B,1,1
TMEM161B,CCDC18,1,1
TMEM161B,CCNO,1,1
TMEM161B,CD68,1,1
TMEM161B,COPS8,1,1
TMEM161B,DFFA,1,1
TMEM161B,DTX3L,1,1
TMEM161B,FANCI,1,1
TMEM161B,GDAP2,1,1
TMEM161B,KIF7,1,1
TMEM161B,MCTP1,1,1
TMEM161B,MKRN3,1,1
TMEM161B,MRPL46,1,1
TMEM161B,NAB1,1,1
TMEM161B,NCAPH2,1,1
TMEM161B,NT5DC3,1,1
TMEM161B,PEX5,1,1
TMEM161B,PGAP2,1,1
TMEM161B,POLE4,1,1
TMEM161B,RP11-299H22.3,1,1
TMEM161B,RPL22,1,1
TMEM161B,RTFDC1,1,1
TMEM161B,SLC4A4,1,1
TMEM161B,SLX4IP,1,1
TMEM161B,TMEM144,1,1
TMEM161B,TSN,1,1
TMEM161B,WIZ,1,1
MIOS,AK2,1,1
MIOS,ALDH1B1,1,1
MIOS,ALG3,1,1
MIOS,ARL 3.00,1,1
MIOS,ASCC2,1,1
MIOS,ASUN,1,1
MIOS,B3GALT6,1,1
MIOS,CASP8,1,1
MIOS,EMC1,1,1
MIOS,ENO1,1,1
MIOS,EYA1,1,1
MIOS,FOXN2,1,1
MIOS,FZD6,1,1
MIOS,GJB1,1,1
MIOS,IGF2BP3,1,1
MIOS,IGHVII-30-43,1,1
MIOS,KIRREL,1,1
MIOS,LRWD1,1,1
MIOS,POU3F2,1,1
MIOS,PRKCZ,1,1
MIOS,PXDN,1,1
MIOS,RBSN,1,1
MIOS,RP11-153I24.5,1,1
MIOS,RRP7BP,1,1
MIOS,SLC16A1,1,1
MIOS,SLC30A1,1,1
MIOS,SLC5A6,1,1
MIOS,TMEM38B,1,1
MIOS,TRABD,1,1
MIOS,TRMT2A,1,1
MIOS,UFD1L,1,1
GPSM2,B4GALT1,1,1
GPSM2,ERP29,1,1
GPSM2,TRIM14,1,1
GPSM2,ZNF706,1,1
ZNF689,ABCD1,1,1
ZNF689,ABHD12,1,1
ZNF689,ABHD2,1,1
ZNF689,ACAN,1,1
ZNF689,ACOT7,1,1
ZNF689,ADAMTS17,1,1
ZNF689,AL513523.1,1,1
ZNF689,ALDH1A1,1,1
ZNF689,AMPH,1,1
ZNF689,ANKRD27,1,1
ZNF689,ANKRD30B,1,1
ZNF689,ANO4,1,1
ZNF689,AP5S1,1,1
ZNF689,ARHGEF35,1,1
ZNF689,ARMT1,1,1
ZNF689,ASRGL1,1,1
ZNF689,ATAD3B,1,1
ZNF689,ATP11A,1,1
ZNF689,ATP6V0D2,1,1
ZNF689,BICDL1,1,1
ZNF689,BIRC7,1,1
ZNF689,CADM1,1,1
ZNF689,CAPG,1,1
ZNF689,CARHSP1,1,1
ZNF689,CCDC141,1,1
ZNF689,CCDC36,1,1
ZNF689,CCNA1,1,1
ZNF689,CD36,1,1
ZNF689,CD40,1,1
ZNF689,CEACAM1,1,1
ZNF689,CHN2,1,1
ZNF689,CIB1,1,1
ZNF689,CLDN14,1,1
ZNF689,COL4A2,1,1
ZNF689,COPS8,1,1
ZNF689,CPTP,1,1
ZNF689,CRKL,1,1
ZNF689,DAZ1,1,1
ZNF689,DDRGK1,1,1
ZNF689,DFFA,1,1
ZNF689,DOCK9,1,1
ZNF689,DPY19L2P2,1,1
ZNF689,DPYSL5,1,1
ZNF689,DTNBP1,1,1
ZNF689,DTX3L,1,1
ZNF689,ECHDC1,1,1
ZNF689,EEFSEC,1,1
ZNF689,EMILIN2,1,1
ZNF689,ENTPD6,1,1
ZNF689,EXOSC10,1,1
ZNF689,FAAP20,1,1
ZNF689,FAM102B,1,1
ZNF689,FAM118A,1,1
ZNF689,FAM126B,1,1
ZNF689,FAM19A3,1,1
ZNF689,FAM217B,1,1
ZNF689,FANCI,1,1
ZNF689,FBXO42,1,1
ZNF689,FEZF1,1,1
ZNF689,FN1,1,1
ZNF689,GALE,1,1
ZNF689,GCLM,1,1
ZNF689,GDAP2,1,1
ZNF689,HENMT1,1,1
ZNF689,HERC2P5,1,1
ZNF689,HERC2P8,1,1
ZNF689,HKR1,1,1
ZNF689,HMGXB3,1,1
ZNF689,HOOK1,1,1
ZNF689,HSPA8P1,1,1
ZNF689,HSPA8P8,1,1
ZNF689,HSPA8P9,1,1
ZNF689,INTS3,1,1
ZNF689,IQGAP1,1,1
ZNF689,KCTD14,1,1
ZNF689,KIF1B,1,1
ZNF689,KIF7,1,1
ZNF689,KLHL21,1,1
ZNF689,LAMA1,1,1
ZNF689,LHX8,1,1
ZNF689,LIMK2,1,1
ZNF689,LINS1,1,1
ZNF689,LONRF3,1,1
ZNF689,LRRC47,1,1
ZNF689,LRRC61,1,1
ZNF689,LYPLA2,1,1
ZNF689,MARS2,1,1
ZNF689,MERTK,1,1
ZNF689,MGAM,1,1
ZNF689,MGAM2,1,1
ZNF689,MKRN3,1,1
ZNF689,MLXIP,1,1
ZNF689,MMP8,1,1
ZNF689,MORN1,1,1
ZNF689,MOXD1,1,1
ZNF689,MRFAP1,1,1
ZNF689,MTOR,1,1
ZNF689,NDUFA10,1,1
ZNF689,NDUFS1,1,1
ZNF689,NOTCH2,1,1
ZNF689,NPPC,1,1
ZNF689,PDE4B,1,1
ZNF689,PEX14,1,1
ZNF689,PHGDH,1,1
ZNF689,PIK3R3,1,1
ZNF689,PIM3,1,1
ZNF689,PLEKHA7,1,1
ZNF689,POLE4,1,1
ZNF689,PRKG2,1,1
ZNF689,RASEF,1,1
ZNF689,RBM19,1,1
ZNF689,RBX1,1,1
ZNF689,RER1,1,1
ZNF689,RP11-119J18.1,1,1
ZNF689,RP11-159J3.1,1,1
ZNF689,RP11-327P2.7,1,1
ZNF689,RPA2,1,1
ZNF689,RPH3A,1,1
ZNF689,RPL11,1,1
ZNF689,RPS27L,1,1
ZNF689,RPS6KA5,1,1
ZNF689,RTFDC1,1,1
ZNF689,RYBP,1,1
ZNF689,SAMM50,1,1
ZNF689,SCML4,1,1
ZNF689,SEC22B,1,1
ZNF689,SLAMF7,1,1
ZNF689,SLC25A33,1,1
ZNF689,SLC46A3,1,1
ZNF689,SMARCB1,1,1
ZNF689,SMG9,1,1
ZNF689,SS18L1,1,1
ZNF689,STAT1,1,1
ZNF689,SYCP2,1,1
ZNF689,TBC1D4,1,1
ZNF689,TMC3,1,1
ZNF689,TMEM144,1,1
ZNF689,TMEM64,1,1
ZNF689,TP73,1,1
ZNF689,TPPP,1,1
ZNF689,TRPA1,1,1
ZNF689,TUB,1,1
ZNF689,UBE2J1,1,1
ZNF689,VAPB,1,1
ZNF689,VAV3,1,1
ZNF689,VCX3B,1,1
ZNF689,ZBED6CL,1,1
ZNF689,ZDHHC11B,1,1
ZNF689,ZNF114,1,1
ZNF689,ZNF503,1,1
ZNF689,ZYG11A,1,1
LDHAP4,AGFG1,1,1
LDHAP4,ALDH1B1,1,1
LDHAP4,ANKRD27,1,1
LDHAP4,AP1S3,1,1
LDHAP4,APITD1,1,1
LDHAP4,ARMC10,1,1
LDHAP4,ASCC2,1,1
LDHAP4,ATAD3A,1,1
LDHAP4,ATN1,1,1
LDHAP4,ATP6V0B,1,1
LDHAP4,AUNIP,1,1
LDHAP4,AURKAIP1,1,1
LDHAP4,BCAS2,1,1
LDHAP4,C2ORF69,1,1
LDHAP4,CADPS,1,1
LDHAP4,CAPZA2,1,1
LDHAP4,CENPI,1,1
LDHAP4,CENPM,1,1
LDHAP4,CLDN12,1,1
LDHAP4,CLSPN,1,1
LDHAP4,COQ10B,1,1
LDHAP4,CSDE1,1,1
LDHAP4,DFFA,1,1
LDHAP4,DGKG,1,1
LDHAP4,DLD,1,1
LDHAP4,DPYSL5,1,1
LDHAP4,E2F2,1,1
LDHAP4,EFHD2,1,1
LDHAP4,EIF3D,1,1
LDHAP4,ELOVL5,1,1
LDHAP4,ENO1,1,1
LDHAP4,EYA4,1,1
LDHAP4,FAM91A1,1,1
LDHAP4,GET4,1,1
LDHAP4,GLS,1,1
LDHAP4,GNB1L,1,1
LDHAP4,GPR55,1,1
LDHAP4,GSR,1,1
LDHAP4,GTPBP10,1,1
LDHAP4,GTSE1,1,1
LDHAP4,GXYLT1,1,1
LDHAP4,HOXD4,1,1
LDHAP4,ID3,1,1
LDHAP4,KIAA2013,1,1
LDHAP4,KIF7,1,1
LDHAP4,KLHDC3,1,1
LDHAP4,LRP8,1,1
LDHAP4,LRRC37A2,1,1
LDHAP4,LRWD1,1,1
LDHAP4,LSR,1,1
LDHAP4,MAD2L2,1,1
LDHAP4,MCAT,1,1
LDHAP4,MLH3,1,1
LDHAP4,MTFP1,1,1
LDHAP4,MTFR2,1,1
LDHAP4,NCAPH2,1,1
LDHAP4,NCKAP1,1,1
LDHAP4,NPAS2,1,1
LDHAP4,NUDC,1,1
LDHAP4,NUP50,1,1
LDHAP4,OPA1,1,1
LDHAP4,ORC5,1,1
LDHAP4,P3H3,1,1
LDHAP4,PARK7,1,1
LDHAP4,PDXP,1,1
LDHAP4,PITPNM2,1,1
LDHAP4,PLCB4,1,1
LDHAP4,PLEKHB2,1,1
LDHAP4,POLE4,1,1
LDHAP4,POLR3K,1,1
LDHAP4,PSMA5,1,1
LDHAP4,PSMC2,1,1
LDHAP4,PYGB,1,1
LDHAP4,RALY,1,1
LDHAP4,RASEF,1,1
LDHAP4,RTCB,1,1
LDHAP4,SHQ1,1,1
LDHAP4,SLC35E3,1,1
LDHAP4,SLC5A6,1,1
LDHAP4,SNRNP25,1,1
LDHAP4,SRM,1,1
LDHAP4,SRRD,1,1
LDHAP4,ST13,1,1
LDHAP4,STK17B,1,1
LDHAP4,STK38L,1,1
LDHAP4,STOML2,1,1
LDHAP4,TMEM144,1,1
LDHAP4,TMF1,1,1
LDHAP4,TONSL,1,1
LDHAP4,TRABD,1,1
LDHAP4,TRIP12,1,1
LDHAP4,TRMU,1,1
LDHAP4,TRPV4,1,1
LDHAP4,UBA3,1,1
LDHAP4,UFD1L,1,1
LDHAP4,VDR,1,1
LDHAP4,WDR77,1,1
LDHAP4,XPC,1,1
LDHAP4,ZC3H11B,1,1
LDHAP4,ZNF697,1,1
DAZ1,ABCD1,1,1
DAZ1,ABHD12,1,1
DAZ1,ABHD2,1,1
DAZ1,AC090094.1,1,1
DAZ1,ACAN,1,1
DAZ1,ACOT7,1,1
DAZ1,ADAMTS17,1,1
DAZ1,AL513523.1,1,1
DAZ1,ALDH1A1,1,1
DAZ1,AMPH,1,1
DAZ1,ANKRD30B,1,1
DAZ1,ANO4,1,1
DAZ1,AP1S3,1,1
DAZ1,ARHGEF35,1,1
DAZ1,ARMT1,1,1
DAZ1,ASRGL1,1,1
DAZ1,ATAD3B,1,1
DAZ1,ATN1,1,1
DAZ1,ATP11A,1,1
DAZ1,ATP6V0D2,1,1
DAZ1,BICDL1,1,1
DAZ1,BIRC7,1,1
DAZ1,CAPG,1,1
DAZ1,CCDC134,1,1
DAZ1,CCDC141,1,1
DAZ1,CCDC36,1,1
DAZ1,CCNA1,1,1
DAZ1,CD40,1,1
DAZ1,CDKN2B,1,1
DAZ1,CEACAM1,1,1
DAZ1,CHN2,1,1
DAZ1,CIB1,1,1
DAZ1,CLDN14,1,1
DAZ1,COL4A2,1,1
DAZ1,COPS8,1,1
DAZ1,CPTP,1,1
DAZ1,CSF2RA,1,1
DAZ1,DDRGK1,1,1
DAZ1,DFFA,1,1
DAZ1,DPY19L2P2,1,1
DAZ1,DTX3L,1,1
DAZ1,E2F2,1,1
DAZ1,EEFSEC,1,1
DAZ1,EMILIN2,1,1
DAZ1,ENTPD6,1,1
DAZ1,EXOSC10,1,1
DAZ1,FAAP20,1,1
DAZ1,FAM102B,1,1
DAZ1,FAM118A,1,1
DAZ1,FAM126B,1,1
DAZ1,FAM19A3,1,1
DAZ1,FAM217B,1,1
DAZ1,FANCI,1,1
DAZ1,FN1,1,1
DAZ1,FRG2DP,1,1
DAZ1,GALE,1,1
DAZ1,GCLM,1,1
DAZ1,GDAP2,1,1
DAZ1,HENMT1,1,1
DAZ1,HERC2P5,1,1
DAZ1,HERC2P8,1,1
DAZ1,HKR1,1,1
DAZ1,HOOK1,1,1
DAZ1,HSPA8P1,1,1
DAZ1,HSPA8P8,1,1
DAZ1,HSPA8P9,1,1
DAZ1,ICMT,1,1
DAZ1,INTS3,1,1
DAZ1,IQGAP1,1,1
DAZ1,KCTD14,1,1
DAZ1,KIF1B,1,1
DAZ1,KIN,1,1
DAZ1,KLHL21,1,1
DAZ1,LAMA1,1,1
DAZ1,LDLRAD3,1,1
DAZ1,LHX8,1,1
DAZ1,LIMK2,1,1
DAZ1,LINS1,1,1
DAZ1,LONRF3,1,1
DAZ1,LRRC47,1,1
DAZ1,LRRC61,1,1
DAZ1,MERTK,1,1
DAZ1,MGAM2,1,1
DAZ1,MKRN3,1,1
DAZ1,MMP8,1,1
DAZ1,MORN1,1,1
DAZ1,MOXD1,1,1
DAZ1,MRFAP1,1,1
DAZ1,NBPF8,1,1
DAZ1,NDUFA10,1,1
DAZ1,NOTCH2,1,1
DAZ1,NPPC,1,1
DAZ1,PDE4B,1,1
DAZ1,PEX14,1,1
DAZ1,PHGDH,1,1
DAZ1,PIK3R3,1,1
DAZ1,PIM3,1,1
DAZ1,PLEKHA7,1,1
DAZ1,PNRC2,1,1
DAZ1,PRKG2,1,1
DAZ1,RASEF,1,1
DAZ1,RBM19,1,1
DAZ1,RBX1,1,1
DAZ1,RER1,1,1
DAZ1,RP11-119J18.1,1,1
DAZ1,RP11-159J3.1,1,1
DAZ1,RP11-327P2.7,1,1
DAZ1,RPH3A,1,1
DAZ1,RPL11,1,1
DAZ1,RPS27L,1,1
DAZ1,RPS6KA5,1,1
DAZ1,RSBN1,1,1
DAZ1,RTFDC1,1,1
DAZ1,SAMM50,1,1
DAZ1,SCML4,1,1
DAZ1,SEC22B,1,1
DAZ1,SFI1,1,1
DAZ1,SLAMF7,1,1
DAZ1,SLC25A33,1,1
DAZ1,SLC37A3,1,1
DAZ1,SLC46A3,1,1
DAZ1,SMG9,1,1
DAZ1,SPRR2D,1,1
DAZ1,SQRDL,1,1
DAZ1,SS18L1,1,1
DAZ1,STAT1,1,1
DAZ1,SYCP2,1,1
DAZ1,TBC1D4,1,1
DAZ1,TIMM8B,1,1
DAZ1,TMC3,1,1
DAZ1,TMEM144,1,1
DAZ1,TMEM64,1,1
DAZ1,TMUB1,1,1
DAZ1,TP73,1,1
DAZ1,TPPP,1,1
DAZ1,TRPA1,1,1
DAZ1,TUB,1,1
DAZ1,UBE2J1,1,1
DAZ1,VAPB,1,1
DAZ1,VAV3,1,1
DAZ1,VCX3B,1,1
DAZ1,ZBED6CL,1,1
DAZ1,ZC3H4,1,1
DAZ1,ZDHHC11B,1,1
DAZ1,ZNF114,1,1
DAZ1,ZNF43,1,1
DAZ1,ZNF503,1,1
DAZ1,ZYG11A,1,1
ATN1,ABHD2,1,1
ATN1,AC090094.1,1,1
ATN1,ACAN,1,1
ATN1,ACOT7,1,1
ATN1,ADAMTS17,1,1
ATN1,AGA,1,1
ATN1,ALDH1A1,1,1
ATN1,AMPH,1,1
ATN1,ANKRD27,1,1
ATN1,AP1S3,1,1
ATN1,APITD1,1,1
ATN1,ASRGL1,1,1
ATN1,ATAD3B,1,1
ATN1,ATP6V0D2,1,1
ATN1,AURKAIP1,1,1
ATN1,BCAS2,1,1
ATN1,BCL2L11,1,1
ATN1,BICDL1,1,1
ATN1,BMP8B,1,1
ATN1,C1ORF174,1,1
ATN1,C2ORF69,1,1
ATN1,CADPS,1,1
ATN1,CCDC134,1,1
ATN1,CCDC18,1,1
ATN1,CCNA1,1,1
ATN1,CCNO,1,1
ATN1,CD109,1,1
ATN1,CHRNA7,1,1
ATN1,CIB1,1,1
ATN1,CLSPN,1,1
ATN1,COQ10B,1,1
ATN1,CSF2RA,1,1
ATN1,DFFA,1,1
ATN1,DPYSL5,1,1
ATN1,DTX3L,1,1
ATN1,E2F2,1,1
ATN1,ENHO,1,1
ATN1,FAM118A,1,1
ATN1,FAM19A3,1,1
ATN1,FANCI,1,1
ATN1,FN1,1,1
ATN1,FRG2DP,1,1
ATN1,GALE,1,1
ATN1,GGH,1,1
ATN1,GPR55,1,1
ATN1,GXYLT1,1,1
ATN1,HERC2P5,1,1
ATN1,HERC2P8,1,1
ATN1,HSPA8P1,1,1
ATN1,KIF7,1,1
ATN1,LHX8,1,1
ATN1,LRRC47,1,1
ATN1,LSR,1,1
ATN1,LYPLA2,1,1
ATN1,MAD2L2,1,1
ATN1,MARS2,1,1
ATN1,MCAT,1,1
ATN1,MCM3,1,1
ATN1,MCTP1,1,1
ATN1,MERTK,1,1
ATN1,MGAM2,1,1
ATN1,MKRN3,1,1
ATN1,MMP8,1,1
ATN1,MORN1,1,1
ATN1,MOXD1,1,1
ATN1,MTFP1,1,1
ATN1,NCAPH2,1,1
ATN1,NDUFS1,1,1
ATN1,NOTCH2,1,1
ATN1,NPAS2,1,1
ATN1,NPPC,1,1
ATN1,NT5DC3,1,1
ATN1,NUP50,1,1
ATN1,PARK7,1,1
ATN1,PGAP2,1,1
ATN1,PHTF1,1,1
ATN1,PLCB4,1,1
ATN1,POLE4,1,1
ATN1,POLR2J,1,1
ATN1,PRKG2,1,1
ATN1,PTTG1,1,1
ATN1,RALY,1,1
ATN1,RASEF,1,1
ATN1,RBX1,1,1
ATN1,RLBP1,1,1
ATN1,RP11-299H22.3,1,1
ATN1,RPA2,1,1
ATN1,RPH3A,1,1
ATN1,RPS6KA5,1,1
ATN1,RTFDC1,1,1
ATN1,RYBP,1,1
ATN1,SCML4,1,1
ATN1,SEC22B,1,1
ATN1,SERGEF,1,1
ATN1,SLAMF7,1,1
ATN1,SNRNP25,1,1
ATN1,SRM,1,1
ATN1,ST13,1,1
ATN1,STK17B,1,1
ATN1,STOML2,1,1
ATN1,TBC1D4,1,1
ATN1,TMEM144,1,1
ATN1,TMEM64,1,1
ATN1,TMF1,1,1
ATN1,TP73,1,1
ATN1,TRMU,1,1
ATN1,TRPV4,1,1
ATN1,TSN,1,1
ATN1,UBA3,1,1
ATN1,WDR77,1,1
ATN1,ZC3H11B,1,1
ATN1,ZDHHC11B,1,1
ATN1,ZNF114,1,1
ATN1,ZNF189,1,1
PHPT1,AGFG1,1,1
PHPT1,AIG1,1,1
PHPT1,ALDH1B1,1,1
PHPT1,ALG3,1,1
PHPT1,ANKRD13D,1,1
PHPT1,ARMC10,1,1
PHPT1,C5ORF34,1,1
PHPT1,C7ORF50,1,1
PHPT1,CASP8,1,1
PHPT1,CETN2,1,1
PHPT1,CHCHD2,1,1
PHPT1,CMAS,1,1
PHPT1,DLD,1,1
PHPT1,ELOVL5,1,1
PHPT1,EMC1,1,1
PHPT1,ENO1,1,1
PHPT1,FAM86DP,1,1
PHPT1,FAM91A1,1,1
PHPT1,FZD6,1,1
PHPT1,GFPT1,1,1
PHPT1,IGF2BP3,1,1
PHPT1,KLHDC3,1,1
PHPT1,LRP12,1,1
PHPT1,METAP1D,1,1
PHPT1,MIF,1,1
PHPT1,MLLT6,1,1
PHPT1,MRFAP1L1,1,1
PHPT1,NCKAP1,1,1
PHPT1,NDUFA5,1,1
PHPT1,NUP43,1,1
PHPT1,OPA1,1,1
PHPT1,PCSK7,1,1
PHPT1,PHF2,1,1
PHPT1,PKN3,1,1
PHPT1,PPP1R2,1,1
PHPT1,PRKCZ,1,1
PHPT1,PSMA5,1,1
PHPT1,RAP1A,1,1
PHPT1,RDX,1,1
PHPT1,RHPN2,1,1
PHPT1,RPN2,1,1
PHPT1,SMARCE1,1,1
PHPT1,TBRG1,1,1
PHPT1,TMEM38B,1,1
PHPT1,UFD1L,1,1
PHPT1,ZMYM1,1,1
ETNK1,ALG3,1,1
ETNK1,B4GALT6,1,1
ETNK1,CANX,1,1
ETNK1,DLD,1,1
ETNK1,EMC1,1,1
ETNK1,EYA1,1,1
ETNK1,FOXN2,1,1
ETNK1,GLS,1,1
ETNK1,HAUS4,1,1
ETNK1,IGF2BP3,1,1
ETNK1,ISCA2,1,1
ETNK1,KIRREL,1,1
ETNK1,LRWD1,1,1
ETNK1,NUP43,1,1
ETNK1,NUP50,1,1
ETNK1,ORC5,1,1
ETNK1,PDXP,1,1
ETNK1,RCC2,1,1
ETNK1,SLC16A1,1,1
ETNK1,SLC30A1,1,1
ETNK1,STK17B,1,1
ETNK1,TMEM38B,1,1
TRPC1,BBS10,1,1
TRPC1,CARS2,1,1
TRPC1,GTF2E2,1,1
TRPC1,IFT43,1,1
TRPC1,UBE2H,1,1
HIGD2A,CDKN2D,1,1
HIGD2A,TAF7,1,1
HIGD2A,TNFRSF10B,1,1
HIGD2A,TRIM65,1,1
HIGD2A,TRPS1,1,1
HIGD2A,ZNF703,1,1
HKR1,ABCD1,1,1
HKR1,ACAN,1,1
HKR1,AL513523.1,1,1
HKR1,ANKRD30B,1,1
HKR1,ARHGEF35,1,1
HKR1,ARMT1,1,1
HKR1,ASRGL1,1,1
HKR1,ATAD3B,1,1
HKR1,BICDL1,1,1
HKR1,BIRC7,1,1
HKR1,CCNA1,1,1
HKR1,CDKN2B,1,1
HKR1,CEACAM1,1,1
HKR1,COL4A2,1,1
HKR1,CPTP,1,1
HKR1,CRKL,1,1
HKR1,DDRGK1,1,1
HKR1,DPY19L2P2,1,1
HKR1,ECHDC1,1,1
HKR1,EMILIN2,1,1
HKR1,ENTPD6,1,1
HKR1,EXOSC10,1,1
HKR1,FAM118A,1,1
HKR1,FAM172A,1,1
HKR1,GCLM,1,1
HKR1,HENMT1,1,1
HKR1,HSPA8P1,1,1
HKR1,HSPA8P8,1,1
HKR1,HSPA8P9,1,1
HKR1,ICMT,1,1
HKR1,INTS3,1,1
HKR1,KLHL21,1,1
HKR1,L3MBTL2,1,1
HKR1,LHX8,1,1
HKR1,LINS1,1,1
HKR1,LONRF3,1,1
HKR1,LRRC61,1,1
HKR1,MGAM2,1,1
HKR1,MMP8,1,1
HKR1,PIK3R3,1,1
HKR1,PRKG2,1,1
HKR1,PRMT7,1,1
HKR1,RBM19,1,1
HKR1,RER1,1,1
HKR1,RP11-327P2.7,1,1
HKR1,RP11-61N20.3,1,1
HKR1,RPS6KA5,1,1
HKR1,SKI,1,1
HKR1,SLC25A33,1,1
HKR1,SLC46A3,1,1
HKR1,SS18L1,1,1
HKR1,STAT1,1,1
HKR1,SYCP2,1,1
HKR1,TMC3,1,1
HKR1,TMEM201,1,1
HKR1,TP73,1,1
HKR1,TRPA1,1,1
HKR1,ZDHHC11B,1,1
HKR1,ZDHHC17,1,1
HKR1,ZNF114,1,1
HKR1,ZYG11A,1,1
XRCC1,ARL6IP5,1,1
XRCC1,CDK5,1,1
XRCC1,GNB2,1,1
XRCC1,RNF19A,1,1
XRCC1,SH3BP2,1,1
GJB1,AGAP1,1,1
GJB1,AIG1,1,1
GJB1,AK2,1,1
GJB1,ALDH1B1,1,1
GJB1,ALG3,1,1
GJB1,ARHGAP28,1,1
GJB1,ARL 3.00,1,1
GJB1,ASUN,1,1
GJB1,ATG5,1,1
GJB1,ATP10B,1,1
GJB1,ATXN7L3B,1,1
GJB1,B3GALT6,1,1
GJB1,BAIAP2L2,1,1
GJB1,C1ORF112,1,1
GJB1,C5ORF34,1,1
GJB1,CAPZA2,1,1
GJB1,CASP8,1,1
GJB1,CCDC47,1,1
GJB1,CEP41,1,1
GJB1,CHEK2,1,1
GJB1,CMAS,1,1
GJB1,DDOST,1,1
GJB1,DLD,1,1
GJB1,EMC1,1,1
GJB1,EN1,1,1
GJB1,ENO1,1,1
GJB1,EYA1,1,1
GJB1,EYA4,1,1
GJB1,FOXRED2,1,1
GJB1,FZD6,1,1
GJB1,GDPD1,1,1
GJB1,GFPT1,1,1
GJB1,GLDC,1,1
GJB1,IGF2BP3,1,1
GJB1,IGHVII-30-43,1,1
GJB1,KDELC1,1,1
GJB1,KIAA2013,1,1
GJB1,KIRREL,1,1
GJB1,KLHDC2,1,1
GJB1,LCP2,1,1
GJB1,LMAN2L,1,1
GJB1,LRP12,1,1
GJB1,MGAT5,1,1
GJB1,MKLN1,1,1
GJB1,MLH3,1,1
GJB1,MMS19,1,1
GJB1,NDUFA5,1,1
GJB1,NEK6,1,1
GJB1,NSMCE3,1,1
GJB1,NUP43,1,1
GJB1,PABPC4,1,1
GJB1,PANX2,1,1
GJB1,PKN3,1,1
GJB1,POU3F2,1,1
GJB1,PPFIBP1,1,1
GJB1,PRKCZ,1,1
GJB1,PSMA5,1,1
GJB1,PSMC2,1,1
GJB1,PXDN,1,1
GJB1,RAP1A,1,1
GJB1,RNF207,1,1
GJB1,RNF43,1,1
GJB1,RP11-153I24.5,1,1
GJB1,RPN2,1,1
GJB1,RRP7BP,1,1
GJB1,SDF4,1,1
GJB1,SDHB,1,1
GJB1,SFT2D2,1,1
GJB1,SLC16A1,1,1
GJB1,SLC25A13,1,1
GJB1,SLC30A1,1,1
GJB1,SLC35F5,1,1
GJB1,SLC35F6,1,1
GJB1,SLC5A6,1,1
GJB1,SMIM4,1,1
GJB1,SORL1,1,1
GJB1,STK17B,1,1
GJB1,SUCO,1,1
GJB1,SYNM,1,1
GJB1,SYPL1,1,1
GJB1,TBCA,1,1
GJB1,TEAD2,1,1
GJB1,TIMM50,1,1
GJB1,TIMP3,1,1
GJB1,TMED9,1,1
GJB1,TMEM164,1,1
GJB1,TMEM242,1,1
GJB1,TMEM38B,1,1
GJB1,TNRC6B,1,1
GJB1,TRABD,1,1
GJB1,TRIM33,1,1
GJB1,TRMT2A,1,1
GJB1,TTF2,1,1
GJB1,TUBB2A,1,1
GJB1,UFD1L,1,1
GJB1,UQCC2,1,1
GJB1,VPS45,1,1
GJB1,WASL,1,1
GJB1,WDPCP,1,1
GJB1,ZC3H11B,1,1
GJB1,ZC3HAV1,1,1
GJB1,ZMYM1,1,1
GJB1,ZNF697,1,1
GJB1,ZNF839,1,1
IKBKE,FAM189B,1,1
IKBKE,MYB,1,1
IKBKE,PNRC2,1,1
IKBKE,ZC3H4,1,1
C15ORF39,DHX37,1,1
C15ORF39,HAUS4,1,1
C15ORF39,UBXN8,1,1
C15ORF39,YTHDF2,1,1
FKTN,CDKN2B,1,1
FKTN,GRAMD4,1,1
FKTN,SRD5A1,1,1
FKTN,TTC21B,1,1
TRIM33,AGAP1,1,1
TRIM33,AK2,1,1
TRIM33,ATG5,1,1
TRIM33,ATP10B,1,1
TRIM33,BAIAP2L2,1,1
TRIM33,CAPZA2,1,1
TRIM33,CASP8,1,1
TRIM33,CCDC47,1,1
TRIM33,DLD,1,1
TRIM33,EMC1,1,1
TRIM33,EVL,1,1
TRIM33,FOXRED2,1,1
TRIM33,FZD6,1,1
TRIM33,GLDC,1,1
TRIM33,IGF2BP3,1,1
TRIM33,KIRREL,1,1
TRIM33,LCP2,1,1
TRIM33,LRP12,1,1
TRIM33,MGAT5,1,1
TRIM33,MKLN1,1,1
TRIM33,MMS19,1,1
TRIM33,NELFCD,1,1
TRIM33,PARN,1,1
TRIM33,PPFIBP1,1,1
TRIM33,PSMC2,1,1
TRIM33,PTDSS1,1,1
TRIM33,RAC1,1,1
TRIM33,RBM28,1,1
TRIM33,RCC2,1,1
TRIM33,SFT2D2,1,1
TRIM33,SLC16A1,1,1
TRIM33,SLC25A13,1,1
TRIM33,SLC30A1,1,1
TRIM33,SLC35F5,1,1
TRIM33,SUCO,1,1
TRIM33,SYPL1,1,1
TRIM33,TBCA,1,1
TRIM33,TIMM50,1,1
TRIM33,TIMP3,1,1
TRIM33,TMEM164,1,1
TRIM33,TMEM38B,1,1
TRIM33,TNRC6B,1,1
TRIM33,TRRAP,1,1
TRIM33,TTF2,1,1
TRIM33,TUBB2A,1,1
TRIM33,UQCC2,1,1
TRIM33,WASL,1,1
TRIM33,WDPCP,1,1
TRIM33,ZC3HAV1,1,1
TRIM33,ZNF839,1,1
SGK3,ABCD1,1,1
SGK3,AC013264.1,1,1
SGK3,ADAMTS17,1,1
SGK3,AGAP3,1,1
SGK3,AKR7A2,1,1
SGK3,ALDH1A1,1,1
SGK3,ANKRD30B,1,1
SGK3,ANKRD44,1,1
SGK3,ARMT1,1,1
SGK3,ARPC1A,1,1
SGK3,ATP11A,1,1
SGK3,ATP6V1C1,1,1
SGK3,ATP6V1E1,1,1
SGK3,BICDL1,1,1
SGK3,BLCAP,1,1
SGK3,C7ORF49,1,1
SGK3,CARD16,1,1
SGK3,CARHSP1,1,1
SGK3,CD109,1,1
SGK3,CDC42,1,1
SGK3,CHN2,1,1
SGK3,DNAJC16,1,1
SGK3,DPY19L2P2,1,1
SGK3,DTNBP1,1,1
SGK3,EARS2,1,1
SGK3,EIF4G3,1,1
SGK3,EIF5A2,1,1
SGK3,EXOSC10,1,1
SGK3,FAM102B,1,1
SGK3,FAM118A,1,1
SGK3,FN1,1,1
SGK3,FRMD4B,1,1
SGK3,G3BP2,1,1
SGK3,GALE,1,1
SGK3,GRAMD4,1,1
SGK3,GUCD1,1,1
SGK3,HTRA1,1,1
SGK3,IGF1R,1,1
SGK3,IGF2R,1,1
SGK3,IL16,1,1
SGK3,JAK2,1,1
SGK3,KCNN2,1,1
SGK3,KCTD14,1,1
SGK3,LAMA1,1,1
SGK3,LAMP2,1,1
SGK3,LAMTOR5,1,1
SGK3,LDLRAD3,1,1
SGK3,LMF2,1,1
SGK3,LPXN,1,1
SGK3,LSM 8.00,1,1
SGK3,LUZP1,1,1
SGK3,LZIC,1,1
SGK3,MAPK1,1,1
SGK3,MARK3,1,1
SGK3,MED15,1,1
SGK3,MESDC1,1,1
SGK3,METRNL,1,1
SGK3,MFF,1,1
SGK3,MLXIP,1,1
SGK3,MMP8,1,1
SGK3,MSL3P1,1,1
SGK3,MTOR,1,1
SGK3,MUL1,1,1
SGK3,NADK,1,1
SGK3,NBPF26,1,1
SGK3,NBPF8,1,1
SGK3,NEMP1,1,1
SGK3,NOL4L,1,1
SGK3,NPC1,1,1
SGK3,NRROS,1,1
SGK3,PACSIN2,1,1
SGK3,PDE4B,1,1
SGK3,PDGFD,1,1
SGK3,PEX10,1,1
SGK3,PHGDH,1,1
SGK3,PIGO,1,1
SGK3,PLCD3,1,1
SGK3,PNKD,1,1
SGK3,PNRC2,1,1
SGK3,POLG,1,1
SGK3,POMGNT1,1,1
SGK3,PQLC2,1,1
SGK3,PTER,1,1
SGK3,RAB17,1,1
SGK3,REPS1,1,1
SGK3,RER1,1,1
SGK3,RP11-61N20.3,1,1
SGK3,RPAP2,1,1
SGK3,RPL11,1,1
SGK3,RRBP1,1,1
SGK3,RYBP,1,1
SGK3,SAMHD1,1,1
SGK3,SAMM50,1,1
SGK3,SBF1,1,1
SGK3,SFI1,1,1
SGK3,SGCE,1,1
SGK3,SKI,1,1
SGK3,SLC23A2,1,1
SGK3,SLC25A33,1,1
SGK3,SLC37A3,1,1
SGK3,SPRY1,1,1
SGK3,STAT1,1,1
SGK3,STK39,1,1
SGK3,STXBP3,1,1
SGK3,SYCP2,1,1
SGK3,TBC1D4,1,1
SGK3,TCTN3,1,1
SGK3,TESK2,1,1
SGK3,TGFBR3,1,1
SGK3,TMEM51,1,1
SGK3,TRIB1,1,1
SGK3,TRPA1,1,1
SGK3,TRPV2,1,1
SGK3,TXLNA,1,1
SGK3,TXN2,1,1
SGK3,UBE2J1,1,1
SGK3,UGT2B7,1,1
SGK3,USP48,1,1
SGK3,VAV3,1,1
SGK3,VCP,1,1
SGK3,WDR47,1,1
SGK3,ZNF43,1,1
SGK3,ZNF503,1,1
RP11-665C16.9,G3BP2,1,1
RP11-665C16.9,NELFCD,1,1
RP11-665C16.9,REPS1,1,1
MINOS1,ARHGAP28,1,1
MINOS1,ARHGEF39,1,1
MINOS1,ATXN7L3,1,1
MINOS1,ATXN7L3B,1,1
MINOS1,BCAS3,1,1
MINOS1,C11ORF57,1,1
MINOS1,C5ORF34,1,1
MINOS1,C7ORF50,1,1
MINOS1,CARD14,1,1
MINOS1,CHCHD2,1,1
MINOS1,CHEK2,1,1
MINOS1,CMAS,1,1
MINOS1,DDOST,1,1
MINOS1,DYNC1I1,1,1
MINOS1,EN1,1,1
MINOS1,ENO1,1,1
MINOS1,GFPT1,1,1
MINOS1,HOXB6,1,1
MINOS1,IGHVII-30-43,1,1
MINOS1,KDELC1,1,1
MINOS1,LCP2,1,1
MINOS1,MCRIP2,1,1
MINOS1,METAP1D,1,1
MINOS1,MGAT5,1,1
MINOS1,MIF,1,1
MINOS1,MRPS5,1,1
MINOS1,MYL12B,1,1
MINOS1,NDUFA5,1,1
MINOS1,NSMCE3,1,1
MINOS1,PANX2,1,1
MINOS1,PDCD6,1,1
MINOS1,PHF2,1,1
MINOS1,PRKCZ,1,1
MINOS1,PSMA5,1,1
MINOS1,PXDN,1,1
MINOS1,RAP1A,1,1
MINOS1,RIPK4,1,1
MINOS1,RNF43,1,1
MINOS1,RP11-153I24.5,1,1
MINOS1,RPL39L,1,1
MINOS1,RPN2,1,1
MINOS1,SDF4,1,1
MINOS1,SLC35F6,1,1
MINOS1,SMARCE1,1,1
MINOS1,SMIM4,1,1
MINOS1,SNX17,1,1
MINOS1,SORL1,1,1
MINOS1,STRIP2,1,1
MINOS1,SYNM,1,1
MINOS1,TEAD2,1,1
MINOS1,TIMP3,1,1
MINOS1,TRMT2A,1,1
MINOS1,TTLL4,1,1
MINOS1,UFD1L,1,1
MINOS1,VPS45,1,1
MINOS1,ZC3HC1,1,1
MINOS1,ZMYM1,1,1
MINOS1,ZNF75A,1,1
TARSL2,AK5,1,1
TARSL2,CRTC3,1,1
TARSL2,CTSZ,1,1
TARSL2,HERC5,1,1
TARSL2,MVB12B,1,1
TARSL2,OAT,1,1
TARSL2,PARVA,1,1
TARSL2,PIK3CD,1,1
TARSL2,TRIQK,1,1
TARSL2,VAMP8,1,1
TARSL2,VPS29,1,1
TARSL2,WDR91,1,1
ERGIC3,ACOT7,1,1
ERGIC3,ADAMTS17,1,1
ERGIC3,AKR7A2,1,1
ERGIC3,ALKBH6,1,1
ERGIC3,ARHGAP28,1,1
ERGIC3,ARHGEF39,1,1
ERGIC3,ATOX1,1,1
ERGIC3,ATP10B,1,1
ERGIC3,ATP6V1E1,1,1
ERGIC3,ATXN7L3B,1,1
ERGIC3,BAIAP2L2,1,1
ERGIC3,BCAS3,1,1
ERGIC3,BLCAP,1,1
ERGIC3,C1ORF159,1,1
ERGIC3,CADM1,1,1
ERGIC3,CARD16,1,1
ERGIC3,CARHSP1,1,1
ERGIC3,CD109,1,1
ERGIC3,CEP41,1,1
ERGIC3,CGN,1,1
ERGIC3,COG5,1,1
ERGIC3,COX5B,1,1
ERGIC3,DDOST,1,1
ERGIC3,DDT,1,1
ERGIC3,DNAJC16,1,1
ERGIC3,DPYSL5,1,1
ERGIC3,EARS2,1,1
ERGIC3,ECE1,1,1
ERGIC3,EIF5A2,1,1
ERGIC3,EN1,1,1
ERGIC3,ENHO,1,1
ERGIC3,EYA4,1,1
ERGIC3,FAM167B,1,1
ERGIC3,FAM19A3,1,1
ERGIC3,FBXO6,1,1
ERGIC3,FN1,1,1
ERGIC3,FOXRED2,1,1
ERGIC3,GALE,1,1
ERGIC3,GDPD1,1,1
ERGIC3,GGT7,1,1
ERGIC3,GPHN,1,1
ERGIC3,GPR157,1,1
ERGIC3,GPR55,1,1
ERGIC3,HERC2P8,1,1
ERGIC3,HEY1,1,1
ERGIC3,HTRA1,1,1
ERGIC3,IMMP2L,1,1
ERGIC3,JAK2,1,1
ERGIC3,KIAA2013,1,1
ERGIC3,L3MBTL4,1,1
ERGIC3,LAMA1,1,1
ERGIC3,LAMP2,1,1
ERGIC3,LCP2,1,1
ERGIC3,LPXN,1,1
ERGIC3,MAPK8IP2,1,1
ERGIC3,MFF,1,1
ERGIC3,MFN2,1,1
ERGIC3,MLLT4,1,1
ERGIC3,MOV10,1,1
ERGIC3,MRFAP1,1,1
ERGIC3,MSL3P1,1,1
ERGIC3,MTOR,1,1
ERGIC3,NBPF26,1,1
ERGIC3,NBPF8,1,1
ERGIC3,NEPRO,1,1
ERGIC3,NOL4L,1,1
ERGIC3,NRROS,1,1
ERGIC3,NUDCD3,1,1
ERGIC3,PACSIN2,1,1
ERGIC3,PARK7,1,1
ERGIC3,PARP9,1,1
ERGIC3,PNKD,1,1
ERGIC3,PQLC2,1,1
ERGIC3,PTPRK,1,1
ERGIC3,RAB17,1,1
ERGIC3,RCN3,1,1
ERGIC3,RIPK4,1,1
ERGIC3,RYBP,1,1
ERGIC3,SDHB,1,1
ERGIC3,SEMA4F,1,1
ERGIC3,SH3BP1,1,1
ERGIC3,SLC35F6,1,1
ERGIC3,SNX17,1,1
ERGIC3,SPRY1,1,1
ERGIC3,SRGAP2C,1,1
ERGIC3,STK11IP,1,1
ERGIC3,STRIP2,1,1
ERGIC3,TESK2,1,1
ERGIC3,TIMM50,1,1
ERGIC3,TIMP3,1,1
ERGIC3,TMED9,1,1
ERGIC3,TTF2,1,1
ERGIC3,TTN,1,1
ERGIC3,TXN2,1,1
ERGIC3,UGT2B7,1,1
ERGIC3,VAV3,1,1
ERGIC3,VCX3A,1,1
ERGIC3,WDR47,1,1
ERGIC3,ZC3H11B,1,1
ERGIC3,ZNF503,1,1
ERGIC3,ZNF697,1,1
ERGIC3,ZNF776,1,1
MMS22L,AGFG1,1,1
MMS22L,ALDH1B1,1,1
MMS22L,ALG3,1,1
MMS22L,ASCC2,1,1
MMS22L,ASUN,1,1
MMS22L,ATAD3A,1,1
MMS22L,AUNIP,1,1
MMS22L,B4GALT6,1,1
MMS22L,CANX,1,1
MMS22L,CENPM,1,1
MMS22L,DHX37,1,1
MMS22L,DLD,1,1
MMS22L,EFHD2,1,1
MMS22L,EIF3D,1,1
MMS22L,ENO1,1,1
MMS22L,EYA1,1,1
MMS22L,FAM91A1,1,1
MMS22L,FOXN2,1,1
MMS22L,IGF2BP3,1,1
MMS22L,LRRC37A2,1,1
MMS22L,LRWD1,1,1
MMS22L,MLLT6,1,1
MMS22L,MTFR2,1,1
MMS22L,NCKAP1,1,1
MMS22L,NUDC,1,1
MMS22L,OPA1,1,1
MMS22L,ORC5,1,1
MMS22L,PDXP,1,1
MMS22L,POLR1A,1,1
MMS22L,POLR3K,1,1
MMS22L,PSMA5,1,1
MMS22L,RECQL4,1,1
MMS22L,RHPN2,1,1
MMS22L,SLC16A1,1,1
MMS22L,SLC35E3,1,1
MMS22L,SLC5A6,1,1
MMS22L,TAF13,1,1
MMS22L,TBRG1,1,1
MMS22L,TMEM38B,1,1
MMS22L,TONSL,1,1
MMS22L,UFD1L,1,1
MMS22L,VDR,1,1
THAP7,ANAPC5,1,1
THAP7,AP1S3,1,1
THAP7,APITD1,1,1
THAP7,AURKAIP1,1,1
THAP7,CGN,1,1
THAP7,DDT,1,1
THAP7,DPYSL5,1,1
THAP7,E2F2,1,1
THAP7,GET4,1,1
THAP7,HEY1,1,1
THAP7,HOXD4,1,1
THAP7,MAD2L2,1,1
THAP7,MCAT,1,1
THAP7,MTFP1,1,1
THAP7,NDUFB3,1,1
THAP7,NEPRO,1,1
THAP7,PARK7,1,1
THAP7,PITPNM2,1,1
THAP7,POLR2J,1,1
THAP7,RALY,1,1
THAP7,RFX7,1,1
THAP7,SNRNP25,1,1
THAP7,ST13,1,1
THAP7,STOML2,1,1
THAP7,UBA3,1,1
COPS8,ABHD12,1,1
COPS8,ABHD2,1,1
COPS8,ACAN,1,1
COPS8,AL513523.1,1,1
COPS8,ALDH1A1,1,1
COPS8,ANKRD27,1,1
COPS8,ANKRD30B,1,1
COPS8,ANO4,1,1
COPS8,AP5S1,1,1
COPS8,ARHGEF35,1,1
COPS8,ASRGL1,1,1
COPS8,ATAD3B,1,1
COPS8,ATP6V0D2,1,1
COPS8,BICDL1,1,1
COPS8,BIRC7,1,1
COPS8,C1ORF174,1,1
COPS8,CAPG,1,1
COPS8,CCDC141,1,1
COPS8,CCNA1,1,1
COPS8,CEACAM1,1,1
COPS8,CENPB,1,1
COPS8,CLDN14,1,1
COPS8,COL4A2,1,1
COPS8,CPTP,1,1
COPS8,DDRGK1,1,1
COPS8,DFFA,1,1
COPS8,DHX33,1,1
COPS8,DOCK9,1,1
COPS8,DPY19L2P2,1,1
COPS8,DTX3L,1,1
COPS8,EEFSEC,1,1
COPS8,EMILIN2,1,1
COPS8,ENTPD6,1,1
COPS8,FAAP20,1,1
COPS8,FAM102B,1,1
COPS8,FAM110A,1,1
COPS8,FAM217B,1,1
COPS8,FANCI,1,1
COPS8,FGFR1OP2,1,1
COPS8,GCLM,1,1
COPS8,GDAP2,1,1
COPS8,GLTP,1,1
COPS8,HENMT1,1,1
COPS8,HIBCH,1,1
COPS8,HOOK1,1,1
COPS8,HSPA8P1,1,1
COPS8,HSPA8P8,1,1
COPS8,HSPA8P9,1,1
COPS8,IDH3B,1,1
COPS8,IQGAP1,1,1
COPS8,KIN,1,1
COPS8,KLHL21,1,1
COPS8,LDOC1,1,1
COPS8,LENG9,1,1
COPS8,LHX8,1,1
COPS8,LIMK2,1,1
COPS8,LINS1,1,1
COPS8,LONRF3,1,1
COPS8,LRRC47,1,1
COPS8,LRRC61,1,1
COPS8,MAP4K3,1,1
COPS8,MARS2,1,1
COPS8,MERTK,1,1
COPS8,MGAM2,1,1
COPS8,MKRN3,1,1
COPS8,MME,1,1
COPS8,MMP8,1,1
COPS8,MOXD1,1,1
COPS8,MRPL46,1,1
COPS8,MTERF1,1,1
COPS8,NCAPH2,1,1
COPS8,NT5DC3,1,1
COPS8,PGAP2,1,1
COPS8,PIK3R3,1,1
COPS8,PIM3,1,1
COPS8,PLEKHA7,1,1
COPS8,POLE4,1,1
COPS8,PPP1R12B,1,1
COPS8,PRKG2,1,1
COPS8,RBFA,1,1
COPS8,RER1,1,1
COPS8,RP11-119J18.1,1,1
COPS8,RP11-159J3.1,1,1
COPS8,RP11-299H22.3,1,1
COPS8,RP11-327P2.7,1,1
COPS8,RPH3A,1,1
COPS8,RPL22,1,1
COPS8,RPS27L,1,1
COPS8,RPS6KA5,1,1
COPS8,RTCA,1,1
COPS8,RTFDC1,1,1
COPS8,SCML4,1,1
COPS8,SLAMF7,1,1
COPS8,SLC46A3,1,1
COPS8,SLC4A4,1,1
COPS8,SMARCB1,1,1
COPS8,SMG9,1,1
COPS8,SS18L1,1,1
COPS8,STAT1,1,1
COPS8,TMC3,1,1
COPS8,TMEM144,1,1
COPS8,TMEM246,1,1
COPS8,TP73,1,1
COPS8,TPPP,1,1
COPS8,TSN,1,1
COPS8,TUB,1,1
COPS8,VAPB,1,1
COPS8,VCX3B,1,1
COPS8,ZBED6CL,1,1
COPS8,ZC3H4,1,1
COPS8,ZDHHC11B,1,1
COPS8,ZNF114,1,1
COPS8,ZNF189,1,1
COPS8,ZNF525,1,1
COPS8,ZNF585B,1,1
COPS8,ZNHIT3,1,1
COPS8,ZYG11A,1,1
PGD,CERK,1,1
PGD,GPD1L,1,1
PGD,MOK,1,1
PGD,PITHD1,1,1
PGD,PYCARD,1,1
PGD,SIRPA,1,1
PGD,SOX13,1,1
PGD,STIM1,1,1
PGD,STXBP2,1,1
PGD,TMEM184B,1,1
RNF31,ARHGEF5,1,1
RNF31,CAP1,1,1
RNF31,CD40,1,1
RNF31,FAM102B,1,1
RNF31,FAM189B,1,1
RNF31,GNB1,1,1
RNF31,GSTO1,1,1
RNF31,HP1BP3,1,1
RNF31,ICMT,1,1
RNF31,KIAA1033,1,1
RNF31,LDLRAD3,1,1
RNF31,LYRM2,1,1
RNF31,NAV2,1,1
RNF31,OAT,1,1
RNF31,PALB2,1,1
RNF31,PNRC2,1,1
RNF31,RBBP4,1,1
RNF31,RSBN1,1,1
RNF31,SPON2,1,1
RNF31,TGFBR1,1,1
RNF31,VAMP3,1,1
RNF31,VANGL1,1,1
RNF31,ZNF43,1,1
ARHGAP28,ADAR,1,1
ARHGAP28,AK2,1,1
ARHGAP28,ALAS1,1,1
ARHGAP28,ALKBH6,1,1
ARHGAP28,ARHGEF39,1,1
ARHGAP28,ATOX1,1,1
ARHGAP28,ATP10B,1,1
ARHGAP28,ATXN7L3,1,1
ARHGAP28,ATXN7L3B,1,1
ARHGAP28,BCAS3,1,1
ARHGAP28,C11ORF57,1,1
ARHGAP28,C1ORF112,1,1
ARHGAP28,C1ORF159,1,1
ARHGAP28,CAPRIN2,1,1
ARHGAP28,CARD14,1,1
ARHGAP28,CARD16,1,1
ARHGAP28,CEP41,1,1
ARHGAP28,CGN,1,1
ARHGAP28,CHEK2,1,1
ARHGAP28,COG5,1,1
ARHGAP28,COX5B,1,1
ARHGAP28,DDOST,1,1
ARHGAP28,DDT,1,1
ARHGAP28,DYNC1I1,1,1
ARHGAP28,EN1,1,1
ARHGAP28,EYA4,1,1
ARHGAP28,FBXO6,1,1
ARHGAP28,FOXRED2,1,1
ARHGAP28,GDPD1,1,1
ARHGAP28,GFPT1,1,1
ARHGAP28,HEY1,1,1
ARHGAP28,IGHVII-30-43,1,1
ARHGAP28,IMMP2L,1,1
ARHGAP28,ITGAV,1,1
ARHGAP28,KDELC1,1,1
ARHGAP28,KIAA2013,1,1
ARHGAP28,L3MBTL4,1,1
ARHGAP28,LAMP2,1,1
ARHGAP28,LCP2,1,1
ARHGAP28,MCRIP2,1,1
ARHGAP28,MGAT5,1,1
ARHGAP28,MKLN1,1,1
ARHGAP28,MLLT4,1,1
ARHGAP28,MOV10,1,1
ARHGAP28,MRPS5,1,1
ARHGAP28,MSL3P1,1,1
ARHGAP28,MYL12B,1,1
ARHGAP28,NBPF26,1,1
ARHGAP28,NDUFA5,1,1
ARHGAP28,NDUFB3,1,1
ARHGAP28,NSMCE3,1,1
ARHGAP28,NUDCD3,1,1
ARHGAP28,PACSIN2,1,1
ARHGAP28,PANX2,1,1
ARHGAP28,PARP9,1,1
ARHGAP28,PDCD6,1,1
ARHGAP28,PRKCZ,1,1
ARHGAP28,PTPRK,1,1
ARHGAP28,PXDN,1,1
ARHGAP28,RIPK4,1,1
ARHGAP28,RNF207,1,1
ARHGAP28,RNF43,1,1
ARHGAP28,RP11-153I24.5,1,1
ARHGAP28,RPL39L,1,1
ARHGAP28,RPN2,1,1
ARHGAP28,RRP7BP,1,1
ARHGAP28,SDF4,1,1
ARHGAP28,SDHB,1,1
ARHGAP28,SEMA4F,1,1
ARHGAP28,SLC25A13,1,1
ARHGAP28,SLC35F6,1,1
ARHGAP28,SNX17,1,1
ARHGAP28,SORL1,1,1
ARHGAP28,SRGAP1,1,1
ARHGAP28,STRIP2,1,1
ARHGAP28,SYNM,1,1
ARHGAP28,SYPL1,1,1
ARHGAP28,TBCA,1,1
ARHGAP28,TBL1X,1,1
ARHGAP28,TIMM50,1,1
ARHGAP28,TIMP3,1,1
ARHGAP28,TMED9,1,1
ARHGAP28,TMEM242,1,1
ARHGAP28,TRMT2A,1,1
ARHGAP28,TTF2,1,1
ARHGAP28,TTLL4,1,1
ARHGAP28,TUBB2A,1,1
ARHGAP28,VPS45,1,1
ARHGAP28,WASL,1,1
ARHGAP28,ZC3HC1,1,1
ARHGAP28,ZMYM1,1,1
ARHGAP28,ZNF697,1,1
ARHGAP28,ZNF839,1,1
COL4A2,ABCD1,1,1
COL4A2,ABHD12,1,1
COL4A2,ABHD2,1,1
COL4A2,ACAN,1,1
COL4A2,ACOT7,1,1
COL4A2,ADAMTS17,1,1
COL4A2,AL513523.1,1,1
COL4A2,ALDH1A1,1,1
COL4A2,AMPH,1,1
COL4A2,ANKRD30B,1,1
COL4A2,ANO4,1,1
COL4A2,AP5S1,1,1
COL4A2,APOL1,1,1
COL4A2,ARHGEF35,1,1
COL4A2,ASRGL1,1,1
COL4A2,ATAD3B,1,1
COL4A2,ATP6V0D2,1,1
COL4A2,BICDL1,1,1
COL4A2,BIRC7,1,1
COL4A2,CAPG,1,1
COL4A2,CCDC141,1,1
COL4A2,CCNA1,1,1
COL4A2,CDKN2B,1,1
COL4A2,CEACAM1,1,1
COL4A2,CHN2,1,1
COL4A2,CIB1,1,1
COL4A2,CLDN14,1,1
COL4A2,CPTP,1,1
COL4A2,CSF2RA,1,1
COL4A2,DDRGK1,1,1
COL4A2,DPY19L2P2,1,1
COL4A2,DTX3L,1,1
COL4A2,EMILIN2,1,1
COL4A2,ENTPD6,1,1
COL4A2,EXOSC10,1,1
COL4A2,FAAP20,1,1
COL4A2,FAM102B,1,1
COL4A2,FAM118A,1,1
COL4A2,FAM126B,1,1
COL4A2,FAM19A3,1,1
COL4A2,FEZF1,1,1
COL4A2,FGFR1OP2,1,1
COL4A2,FN1,1,1
COL4A2,FRG2DP,1,1
COL4A2,GALE,1,1
COL4A2,GDAP2,1,1
COL4A2,GPHN,1,1
COL4A2,HENMT1,1,1
COL4A2,HERC2P5,1,1
COL4A2,HERC2P8,1,1
COL4A2,HOOK1,1,1
COL4A2,HSPA8P1,1,1
COL4A2,HSPA8P8,1,1
COL4A2,HSPA8P9,1,1
COL4A2,INTS3,1,1
COL4A2,KCTD14,1,1
COL4A2,LAMA1,1,1
COL4A2,LHX8,1,1
COL4A2,LIMK2,1,1
COL4A2,LINS1,1,1
COL4A2,LONRF3,1,1
COL4A2,LRRC61,1,1
COL4A2,LYPLA2,1,1
COL4A2,MERTK,1,1
COL4A2,MGAM2,1,1
COL4A2,MKRN3,1,1
COL4A2,MMP8,1,1
COL4A2,MORN1,1,1
COL4A2,MOXD1,1,1
COL4A2,MRFAP1,1,1
COL4A2,NBPF8,1,1
COL4A2,NOTCH2,1,1
COL4A2,NPPC,1,1
COL4A2,PDE4B,1,1
COL4A2,PEX14,1,1
COL4A2,PHGDH,1,1
COL4A2,PIK3R3,1,1
COL4A2,PIM3,1,1
COL4A2,PLEKHA7,1,1
COL4A2,PLXNA2,1,1
COL4A2,PRKG2,1,1
COL4A2,RBX1,1,1
COL4A2,RER1,1,1
COL4A2,RGS1,1,1
COL4A2,RP11-119J18.1,1,1
COL4A2,RP11-159J3.1,1,1
COL4A2,RP11-327P2.7,1,1
COL4A2,RPH3A,1,1
COL4A2,RPL11,1,1
COL4A2,RPL22,1,1
COL4A2,RPS27L,1,1
COL4A2,RPS6KA5,1,1
COL4A2,RTFDC1,1,1
COL4A2,SCML4,1,1
COL4A2,SEC22B,1,1
COL4A2,SERGEF,1,1
COL4A2,SFI1,1,1
COL4A2,SLAMF7,1,1
COL4A2,SLC46A3,1,1
COL4A2,SMG9,1,1
COL4A2,SQRDL,1,1
COL4A2,SS18L1,1,1
COL4A2,STAT1,1,1
COL4A2,SYCP2,1,1
COL4A2,TANGO6,1,1
COL4A2,TIMM8B,1,1
COL4A2,TMC3,1,1
COL4A2,TMEM144,1,1
COL4A2,TMEM64,1,1
COL4A2,TMUB1,1,1
COL4A2,TP73,1,1
COL4A2,TPPP,1,1
COL4A2,TRPA1,1,1
COL4A2,TUB,1,1
COL4A2,VAPB,1,1
COL4A2,VAV3,1,1
COL4A2,VCX3B,1,1
COL4A2,ZBED6CL,1,1
COL4A2,ZDHHC11B,1,1
COL4A2,ZNF114,1,1
COL4A2,ZNF43,1,1
COL4A2,ZYG11A,1,1
SMPD1,ABCD1,1,1
SMPD1,ACOT7,1,1
SMPD1,AKR7A2,1,1
SMPD1,ALDH1A1,1,1
SMPD1,AMPH,1,1
SMPD1,ANKRD30B,1,1
SMPD1,ANKRD44,1,1
SMPD1,ARL6IP5,1,1
SMPD1,ARPC1A,1,1
SMPD1,ATP11A,1,1
SMPD1,ATP6V1E1,1,1
SMPD1,CA8,1,1
SMPD1,CCDC134,1,1
SMPD1,CEACAM1,1,1
SMPD1,CGN,1,1
SMPD1,CHMP4A,1,1
SMPD1,CHN2,1,1
SMPD1,COX5B,1,1
SMPD1,DCAF4,1,1
SMPD1,DPY19L2P2,1,1
SMPD1,DTNBP1,1,1
SMPD1,EIF4G3,1,1
SMPD1,ENHO,1,1
SMPD1,FAM102B,1,1
SMPD1,FAM167B,1,1
SMPD1,FBXO42,1,1
SMPD1,FBXO6,1,1
SMPD1,FRMD4B,1,1
SMPD1,GAB2,1,1
SMPD1,GALE,1,1
SMPD1,GRAMD4,1,1
SMPD1,HPS5,1,1
SMPD1,IMMP2L,1,1
SMPD1,JAK2,1,1
SMPD1,KCTD14,1,1
SMPD1,KIF1B,1,1
SMPD1,LAMA1,1,1
SMPD1,LAMP2,1,1
SMPD1,MAPK1,1,1
SMPD1,MED15,1,1
SMPD1,MFF,1,1
SMPD1,MLXIP,1,1
SMPD1,MRFAP1,1,1
SMPD1,MTOR,1,1
SMPD1,NBPF8,1,1
SMPD1,NDUFA10,1,1
SMPD1,NOL4L,1,1
SMPD1,NPC1,1,1
SMPD1,PACSIN2,1,1
SMPD1,PEX10,1,1
SMPD1,PEX14,1,1
SMPD1,PHGDH,1,1
SMPD1,PNKD,1,1
SMPD1,POLG,1,1
SMPD1,POMGNT1,1,1
SMPD1,POT1,1,1
SMPD1,RAB17,1,1
SMPD1,RCN3,1,1
SMPD1,RNF141,1,1
SMPD1,RPL11,1,1
SMPD1,RSBN1,1,1
SMPD1,SAMM50,1,1
SMPD1,SBF1,1,1
SMPD1,SCML4,1,1
SMPD1,SEC22B,1,1
SMPD1,SEMA4F,1,1
SMPD1,SFI1,1,1
SMPD1,SLC37A3,1,1
SMPD1,SRGAP2C,1,1
SMPD1,SYCP2,1,1
SMPD1,TESK2,1,1
SMPD1,TGFBR3,1,1
SMPD1,TIMM8B,1,1
SMPD1,TMEM51,1,1
SMPD1,TMUB1,1,1
SMPD1,TRPA1,1,1
SMPD1,TRPV2,1,1
SMPD1,TXN2,1,1
SMPD1,USP48,1,1
SMPD1,VAV3,1,1
SMPD1,WDR47,1,1
SMPD1,ZNF503,1,1
VANGL1,AC013264.1,1,1
VANGL1,AKAP9,1,1
VANGL1,AP5S1,1,1
VANGL1,ARHGAP39,1,1
VANGL1,ARHGEF35,1,1
VANGL1,ARHGEF5,1,1
VANGL1,ATRN,1,1
VANGL1,CA8,1,1
VANGL1,CAP1,1,1
VANGL1,CCDC115,1,1
VANGL1,CCDC36,1,1
VANGL1,CD40,1,1
VANGL1,CDK5R1,1,1
VANGL1,CEACAM1,1,1
VANGL1,CERK,1,1
VANGL1,COMMD9,1,1
VANGL1,CTD-3214H19.4,1,1
VANGL1,DDRGK1,1,1
VANGL1,EMILIN2,1,1
VANGL1,FAM102B,1,1
VANGL1,FAM126B,1,1
VANGL1,FAM189B,1,1
VANGL1,FAM219A,1,1
VANGL1,FUT4,1,1
VANGL1,GNB1,1,1
VANGL1,GRAMD1A,1,1
VANGL1,GSTO1,1,1
VANGL1,GTF2H1,1,1
VANGL1,GUCD1,1,1
VANGL1,HENMT1,1,1
VANGL1,HP1BP3,1,1
VANGL1,ICMT,1,1
VANGL1,KIAA1033,1,1
VANGL1,LDLRAD3,1,1
VANGL1,LINS1,1,1
VANGL1,MBP,1,1
VANGL1,MCOLN3,1,1
VANGL1,MGME1,1,1
VANGL1,NAV2,1,1
VANGL1,NME7,1,1
VANGL1,OAT,1,1
VANGL1,PALB2,1,1
VANGL1,PER3,1,1
VANGL1,PHF20,1,1
VANGL1,PITHD1,1,1
VANGL1,PRDM2,1,1
VANGL1,RAB11FIP4,1,1
VANGL1,RBBP4,1,1
VANGL1,RHOQ,1,1
VANGL1,RSBN1,1,1
VANGL1,SIRPA,1,1
VANGL1,SKI,1,1
VANGL1,SLC37A3,1,1
VANGL1,SLC44A3,1,1
VANGL1,SNX8,1,1
VANGL1,SPON2,1,1
VANGL1,TGFBR1,1,1
VANGL1,TGFBR3,1,1
VANGL1,TGFBRAP1,1,1
VANGL1,VAMP3,1,1
VANGL1,ZC3H4,1,1
VANGL1,ZNF43,1,1
VANGL1,ZNF703,1,1
MOXD1,ABCD1,1,1
MOXD1,ABHD12,1,1
MOXD1,ABHD2,1,1
MOXD1,AC090094.1,1,1
MOXD1,ACAN,1,1
MOXD1,ACOT7,1,1
MOXD1,ADAMTS17,1,1
MOXD1,AGA,1,1
MOXD1,AL513523.1,1,1
MOXD1,ALDH1A1,1,1
MOXD1,AMPH,1,1
MOXD1,ANKRD27,1,1
MOXD1,ANKRD30B,1,1
MOXD1,ANO4,1,1
MOXD1,AP1S3,1,1
MOXD1,APOL1,1,1
MOXD1,ARHGEF35,1,1
MOXD1,ARMT1,1,1
MOXD1,ASRGL1,1,1
MOXD1,ATAD3B,1,1
MOXD1,ATP6V0D2,1,1
MOXD1,BICDL1,1,1
MOXD1,BIRC7,1,1
MOXD1,BMP8B,1,1
MOXD1,C1ORF174,1,1
MOXD1,CAPG,1,1
MOXD1,CCDC141,1,1
MOXD1,CCNA1,1,1
MOXD1,CDKN2B,1,1
MOXD1,CEACAM1,1,1
MOXD1,CHN2,1,1
MOXD1,CIB1,1,1
MOXD1,CLDN14,1,1
MOXD1,CPTP,1,1
MOXD1,CSF2RA,1,1
MOXD1,DDRGK1,1,1
MOXD1,DFFA,1,1
MOXD1,DPY19L2P2,1,1
MOXD1,DTX3L,1,1
MOXD1,E2F2,1,1
MOXD1,EMILIN2,1,1
MOXD1,ENTPD6,1,1
MOXD1,EXOSC10,1,1
MOXD1,FAAP20,1,1
MOXD1,FAM102B,1,1
MOXD1,FAM118A,1,1
MOXD1,FAM19A3,1,1
MOXD1,FANCI,1,1
MOXD1,FEZF1,1,1
MOXD1,FN1,1,1
MOXD1,FPGT,1,1
MOXD1,FRG2DP,1,1
MOXD1,GALE,1,1
MOXD1,GDAP2,1,1
MOXD1,GPHN,1,1
MOXD1,GPR55,1,1
MOXD1,HENMT1,1,1
MOXD1,HERC2P5,1,1
MOXD1,HERC2P8,1,1
MOXD1,HOOK1,1,1
MOXD1,HSD17B11,1,1
MOXD1,HSPA8P1,1,1
MOXD1,HSPA8P8,1,1
MOXD1,HSPA8P9,1,1
MOXD1,INTS3,1,1
MOXD1,KCTD14,1,1
MOXD1,KIF7,1,1
MOXD1,KLHL21,1,1
MOXD1,LHX8,1,1
MOXD1,LIMK2,1,1
MOXD1,LINS1,1,1
MOXD1,LONRF3,1,1
MOXD1,LRRC47,1,1
MOXD1,LRRC61,1,1
MOXD1,LYPLA2,1,1
MOXD1,MERTK,1,1
MOXD1,MGAM2,1,1
MOXD1,MKRN3,1,1
MOXD1,MMP8,1,1
MOXD1,MORN1,1,1
MOXD1,MRFAP1,1,1
MOXD1,NAB1,1,1
MOXD1,NBPF8,1,1
MOXD1,NOTCH2,1,1
MOXD1,NPPC,1,1
MOXD1,NT5DC3,1,1
MOXD1,PEX14,1,1
MOXD1,PGAP2,1,1
MOXD1,PHGDH,1,1
MOXD1,PIK3R3,1,1
MOXD1,PIM3,1,1
MOXD1,PLEKHA7,1,1
MOXD1,POLE4,1,1
MOXD1,POLR2J,1,1
MOXD1,PRKG2,1,1
MOXD1,RASEF,1,1
MOXD1,RBX1,1,1
MOXD1,RER1,1,1
MOXD1,RP11-119J18.1,1,1
MOXD1,RP11-159J3.1,1,1
MOXD1,RP11-299H22.3,1,1
MOXD1,RP11-327P2.7,1,1
MOXD1,RPH3A,1,1
MOXD1,RPL11,1,1
MOXD1,RPL22,1,1
MOXD1,RPS27L,1,1
MOXD1,RPS6KA5,1,1
MOXD1,RTFDC1,1,1
MOXD1,SCML4,1,1
MOXD1,SEC22B,1,1
MOXD1,SERGEF,1,1
MOXD1,SLAMF7,1,1
MOXD1,SLC46A3,1,1
MOXD1,SMG9,1,1
MOXD1,SPRR2D,1,1
MOXD1,SQRDL,1,1
MOXD1,SS18L1,1,1
MOXD1,STAT1,1,1
MOXD1,SYCP2,1,1
MOXD1,TBC1D4,1,1
MOXD1,TMC3,1,1
MOXD1,TMEM144,1,1
MOXD1,TMEM246,1,1
MOXD1,TMEM64,1,1
MOXD1,TMUB1,1,1
MOXD1,TP73,1,1
MOXD1,TPPP,1,1
MOXD1,TRPA1,1,1
MOXD1,TRPV4,1,1
MOXD1,TUB,1,1
MOXD1,VAPB,1,1
MOXD1,VAV3,1,1
MOXD1,VCX3B,1,1
MOXD1,ZDHHC11B,1,1
MOXD1,ZNF114,1,1
MOXD1,ZNF189,1,1
MOXD1,ZYG11A,1,1
UGT2B7,ABCD1,1,1
UGT2B7,AKR7A2,1,1
UGT2B7,ARPC1A,1,1
UGT2B7,ATP6V1E1,1,1
UGT2B7,BAIAP2L2,1,1
UGT2B7,BLCAP,1,1
UGT2B7,CARHSP1,1,1
UGT2B7,CDC26,1,1
UGT2B7,CEP41,1,1
UGT2B7,CGN,1,1
UGT2B7,DNAJC16,1,1
UGT2B7,EARS2,1,1
UGT2B7,EIF4G3,1,1
UGT2B7,EIF5A2,1,1
UGT2B7,FBXO6,1,1
UGT2B7,FOXRED2,1,1
UGT2B7,FRMD4B,1,1
UGT2B7,GPR157,1,1
UGT2B7,HTRA1,1,1
UGT2B7,IGF1R,1,1
UGT2B7,IGF2R,1,1
UGT2B7,IMMP2L,1,1
UGT2B7,JAK2,1,1
UGT2B7,KIAA2013,1,1
UGT2B7,L3MBTL4,1,1
UGT2B7,LAMP2,1,1
UGT2B7,LAMTOR5,1,1
UGT2B7,LMF2,1,1
UGT2B7,LPXN,1,1
UGT2B7,MAPK1,1,1
UGT2B7,MED15,1,1
UGT2B7,MFF,1,1
UGT2B7,MFN2,1,1
UGT2B7,MLLT4,1,1
UGT2B7,MRFAP1,1,1
UGT2B7,MSL3P1,1,1
UGT2B7,MTOR,1,1
UGT2B7,MUL1,1,1
UGT2B7,NBPF26,1,1
UGT2B7,NOL4L,1,1
UGT2B7,NRROS,1,1
UGT2B7,NUDCD3,1,1
UGT2B7,PACSIN2,1,1
UGT2B7,PEX10,1,1
UGT2B7,PEX26,1,1
UGT2B7,PIGO,1,1
UGT2B7,PNKD,1,1
UGT2B7,POMGNT1,1,1
UGT2B7,PQLC2,1,1
UGT2B7,PTPRK,1,1
UGT2B7,RAB17,1,1
UGT2B7,RBM19,1,1
UGT2B7,RPAP2,1,1
UGT2B7,RRBP1,1,1
UGT2B7,RYBP,1,1
UGT2B7,SGCE,1,1
UGT2B7,SH3BP1,1,1
UGT2B7,SLC25A33,1,1
UGT2B7,SPRY1,1,1
UGT2B7,SQSTM1,1,1
UGT2B7,SRGAP2C,1,1
UGT2B7,STK11IP,1,1
UGT2B7,STXBP3,1,1
UGT2B7,SYCP2,1,1
UGT2B7,TESK2,1,1
UGT2B7,TIMM50,1,1
UGT2B7,TXLNA,1,1
UGT2B7,VCP,1,1
UGT2B7,WDR47,1,1
UGT2B7,ZNF326,1,1
TSTD1,EIF5AL1,1,1
TSTD1,LIMD1,1,1
TSTD1,OAS2,1,1
TSTD1,PRKCA,1,1
TSTD1,ZNF789,1,1
RER1,ABCD1,1,1
RER1,ABHD12,1,1
RER1,ABHD2,1,1
RER1,ACAN,1,1
RER1,ACOT7,1,1
RER1,ADAMTS17,1,1
RER1,AKR7A2,1,1
RER1,AL513523.1,1,1
RER1,ALDH1A1,1,1
RER1,AMPH,1,1
RER1,ANKRD27,1,1
RER1,ANKRD30B,1,1
RER1,ANO4,1,1
RER1,APOL1,1,1
RER1,ARHGEF35,1,1
RER1,ARMT1,1,1
RER1,ASRGL1,1,1
RER1,ATAD3B,1,1
RER1,ATP11A,1,1
RER1,ATP6V0D2,1,1
RER1,BICDL1,1,1
RER1,BIRC7,1,1
RER1,BLCAP,1,1
RER1,BMP8B,1,1
RER1,CADM1,1,1
RER1,CAPG,1,1
RER1,CARHSP1,1,1
RER1,CCDC141,1,1
RER1,CCNA1,1,1
RER1,CD109,1,1
RER1,CD36,1,1
RER1,CD40,1,1
RER1,CDC42,1,1
RER1,CDKN2B,1,1
RER1,CEACAM1,1,1
RER1,CHN2,1,1
RER1,CIB1,1,1
RER1,CLDN14,1,1
RER1,CPTP,1,1
RER1,CSF2RA,1,1
RER1,DDRGK1,1,1
RER1,DFFA,1,1
RER1,DNAJC16,1,1
RER1,DPY19L2P2,1,1
RER1,DPYSL5,1,1
RER1,DTX3L,1,1
RER1,ECHDC1,1,1
RER1,EEFSEC,1,1
RER1,EMILIN2,1,1
RER1,ENHO,1,1
RER1,ENTPD6,1,1
RER1,EXOSC10,1,1
RER1,FAAP20,1,1
RER1,FAM102B,1,1
RER1,FAM118A,1,1
RER1,FAM126B,1,1
RER1,FAM19A3,1,1
RER1,FANCI,1,1
RER1,FBXO42,1,1
RER1,FEZF1,1,1
RER1,FN1,1,1
RER1,FRG2DP,1,1
RER1,GALE,1,1
RER1,GDAP2,1,1
RER1,GPR157,1,1
RER1,GPR55,1,1
RER1,HENMT1,1,1
RER1,HERC2P5,1,1
RER1,HERC2P8,1,1
RER1,HOOK1,1,1
RER1,HSD17B11,1,1
RER1,HSPA8P1,1,1
RER1,HSPA8P8,1,1
RER1,HSPA8P9,1,1
RER1,INTS3,1,1
RER1,KCTD14,1,1
RER1,KIF1B,1,1
RER1,KLHL21,1,1
RER1,LAMA1,1,1
RER1,LDLRAD3,1,1
RER1,LHX8,1,1
RER1,LIMK2,1,1
RER1,LINS1,1,1
RER1,LMF2,1,1
RER1,LONRF3,1,1
RER1,LPXN,1,1
RER1,LRRC47,1,1
RER1,LRRC61,1,1
RER1,LYPLA2,1,1
RER1,MCM3,1,1
RER1,MCTP1,1,1
RER1,MERTK,1,1
RER1,MFF,1,1
RER1,MGAM2,1,1
RER1,MKRN3,1,1
RER1,MLXIP,1,1
RER1,MMP8,1,1
RER1,MORN1,1,1
RER1,MRFAP1,1,1
RER1,NBPF8,1,1
RER1,NOTCH2,1,1
RER1,NPPC,1,1
RER1,NRROS,1,1
RER1,PARK7,1,1
RER1,PDE4B,1,1
RER1,PEX14,1,1
RER1,PHGDH,1,1
RER1,PIK3R3,1,1
RER1,PIM3,1,1
RER1,PLEKHA7,1,1
RER1,PNRC2,1,1
RER1,PRKG2,1,1
RER1,PYGB,1,1
RER1,RASEF,1,1
RER1,RBM19,1,1
RER1,RBX1,1,1
RER1,RGS1,1,1
RER1,RP11-119J18.1,1,1
RER1,RP11-159J3.1,1,1
RER1,RP11-327P2.7,1,1
RER1,RP11-61N20.3,1,1
RER1,RPA2,1,1
RER1,RPH3A,1,1
RER1,RPL11,1,1
RER1,RPS6KA5,1,1
RER1,RTFDC1,1,1
RER1,RYBP,1,1
RER1,SAMM50,1,1
RER1,SCML4,1,1
RER1,SEC22B,1,1
RER1,SERGEF,1,1
RER1,SLAMF7,1,1
RER1,SLC25A33,1,1
RER1,SLC37A3,1,1
RER1,SLC46A3,1,1
RER1,SQRDL,1,1
RER1,SS18L1,1,1
RER1,STAT1,1,1
RER1,SYCP2,1,1
RER1,TBC1D4,1,1
RER1,TIMM8B,1,1
RER1,TMC3,1,1
RER1,TMEM144,1,1
RER1,TMEM201,1,1
RER1,TMEM64,1,1
RER1,TMUB1,1,1
RER1,TP73,1,1
RER1,TPPP,1,1
RER1,TRPA1,1,1
RER1,TRPV4,1,1
RER1,TTN,1,1
RER1,TUB,1,1
RER1,UBE2J1,1,1
RER1,VAPB,1,1
RER1,VAV3,1,1
RER1,VCX3B,1,1
RER1,YIPF4,1,1
RER1,ZBED6CL,1,1
RER1,ZDHHC11B,1,1
RER1,ZNF114,1,1
RER1,ZNF43,1,1
RER1,ZNF503,1,1
RER1,ZYG11A,1,1
UBQLN2,AK6,1,1
UBQLN2,APITD1,1,1
UBQLN2,ARHGAP18,1,1
UBQLN2,ARHGEF17,1,1
UBQLN2,BMPR1B,1,1
UBQLN2,CADPS,1,1
UBQLN2,CHD8,1,1
UBQLN2,ECE1,1,1
UBQLN2,HOXD4,1,1
UBQLN2,KLHDC3,1,1
UBQLN2,LLGL1,1,1
UBQLN2,PI4KB,1,1
UBQLN2,TSPYL4,1,1
UBQLN2,XPC,1,1
GLB1L2,ATP5J2,1,1
GLB1L2,BCAS3,1,1
GLB1L2,C1ORF112,1,1
GLB1L2,CARD16,1,1
GLB1L2,CEP41,1,1
GLB1L2,CHEK2,1,1
GLB1L2,COX5B,1,1
GLB1L2,EARS2,1,1
GLB1L2,GDPD1,1,1
GLB1L2,INPPL1,1,1
GLB1L2,ITGAV,1,1
GLB1L2,LAMP2,1,1
GLB1L2,MOV10,1,1
GLB1L2,MRPS5,1,1
GLB1L2,MSL3P1,1,1
GLB1L2,NEK6,1,1
GLB1L2,PACSIN2,1,1
GLB1L2,PARP9,1,1
GLB1L2,PLCD3,1,1
GLB1L2,POT1,1,1
GLB1L2,PTPRK,1,1
GLB1L2,REPS1,1,1
GLB1L2,RHOJ,1,1
GLB1L2,RIPK4,1,1
GLB1L2,SDF4,1,1
GLB1L2,SDHB,1,1
GLB1L2,SLC35F5,1,1
GLB1L2,TBL1X,1,1
GLB1L2,TRPV2,1,1
GLB1L2,TTF2,1,1
GLB1L2,VPS45,1,1
GLB1L2,WASL,1,1
GLB1L2,ZMYM1,1,1
GLB1L2,ZNF839,1,1
DHX37,AUNIP,1,1
DHX37,LRWD1,1,1
DHX37,NUDC,1,1
DHX37,PDXP,1,1
DHX37,POLR1A,1,1
DHX37,RCC2,1,1
DHX37,YTHDF2,1,1
NBPF14,H2AFZ,1,1
G3BP2,ATP6V1C1,1,1
G3BP2,CDC42,1,1
G3BP2,DDI2,1,1
G3BP2,ECHDC1,1,1
G3BP2,EVL,1,1
G3BP2,LZIC,1,1
G3BP2,NEMP1,1,1
G3BP2,PTER,1,1
G3BP2,REPS1,1,1
G3BP2,SKI,1,1
G3BP2,UBE2J1,1,1
ZNF140,ARL6IP5,1,1
ZNF140,TIMM8B,1,1
ZNF140,TXN2,1,1
ZNF140,YIPF4,1,1
SYK,AC009133.22,1,1
SYK,ATP7B,1,1
SYK,C20ORF194,1,1
SYK,CDK5R1,1,1
SYK,CPEB1,1,1
SYK,CREB3,1,1
SYK,DET1,1,1
SYK,FAM161A,1,1
SYK,MBP,1,1
SYK,MLF 2.00,1,1
SYK,MVB12B,1,1
SYK,NHEJ1,1,1
SYK,PPM1K,1,1
SYK,PPT2,1,1
SYK,PYCARD,1,1
SYK,SOX13,1,1
SYK,STXBP2,1,1
SYK,TLN1,1,1
SYK,TP73-AS1,1,1
SYK,TPRG1L,1,1
SYK,TTC38,1,1
OPA1,AGFG1,1,1
OPA1,ALDH1B1,1,1
OPA1,APITD1,1,1
OPA1,ASCC2,1,1
OPA1,ATAD3A,1,1
OPA1,AUNIP,1,1
OPA1,BCAS2,1,1
OPA1,C5ORF34,1,1
OPA1,CENPM,1,1
OPA1,CEP85,1,1
OPA1,CETN2,1,1
OPA1,CLSPN,1,1
OPA1,CMAS,1,1
OPA1,COQ10B,1,1
OPA1,CSDE1,1,1
OPA1,DGKG,1,1
OPA1,DLD,1,1
OPA1,EFHD2,1,1
OPA1,EIF3D,1,1
OPA1,ELOVL5,1,1
OPA1,ENO1,1,1
OPA1,ESPL1,1,1
OPA1,FAM91A1,1,1
OPA1,FOXN2,1,1
OPA1,GSR,1,1
OPA1,GTPBP10,1,1
OPA1,IGF2BP3,1,1
OPA1,KLHDC3,1,1
OPA1,LRP12,1,1
OPA1,LRP8,1,1
OPA1,LRRC37A2,1,1
OPA1,MCAT,1,1
OPA1,MLLT6,1,1
OPA1,MTFR2,1,1
OPA1,NCKAP1,1,1
OPA1,NUDC,1,1
OPA1,NUP50,1,1
OPA1,ORC5,1,1
OPA1,P3H3,1,1
OPA1,PCSK7,1,1
OPA1,PHF2,1,1
OPA1,PITPNM2,1,1
OPA1,POLR3K,1,1
OPA1,PPP1R2,1,1
OPA1,PPP1R9B,1,1
OPA1,PSMA5,1,1
OPA1,PSMC2,1,1
OPA1,RECQL4,1,1
OPA1,RHPN2,1,1
OPA1,RPN2,1,1
OPA1,RTCB,1,1
OPA1,SHQ1,1,1
OPA1,SLC35E3,1,1
OPA1,SLC5A6,1,1
OPA1,SP4,1,1
OPA1,ST13,1,1
OPA1,STK17B,1,1
OPA1,STK38L,1,1
OPA1,TBRG1,1,1
OPA1,TMEM38B,1,1
OPA1,TONSL,1,1
OPA1,TRIP12,1,1
OPA1,UFD1L,1,1
OPA1,VDR,1,1
KMT5B,AKAP9,1,1
KMT5B,ASB7,1,1
KMT5B,ATL1,1,1
KMT5B,COMMD4,1,1
KMT5B,COMMD9,1,1
KMT5B,FAM189B,1,1
KMT5B,FGFR1OP2,1,1
KMT5B,KIAA1033,1,1
KMT5B,LRRK1,1,1
KMT5B,MGME1,1,1
KMT5B,PHF20,1,1
KMT5B,PTDSS2,1,1
KMT5B,RAB34,1,1
KMT5B,RNF145,1,1
KMT5B,SLC25A4,1,1
KMT5B,TEAD1,1,1
KMT5B,UBE2L3,1,1
KMT5B,YWHAH,1,1
KMT5B,ZNF525,1,1
KMT5B,ZNF644,1,1
RP11-544O24.2,CA8,1,1
RP11-544O24.2,CBX5,1,1
RP11-544O24.2,FAM20C,1,1
RP11-544O24.2,LSM 8.00,1,1
RP11-544O24.2,MAP9,1,1
RP11-544O24.2,MARK3,1,1
RP11-544O24.2,MESDC1,1,1
RP11-544O24.2,NDUFA10,1,1
RP11-544O24.2,NME7,1,1
RP11-544O24.2,PRDM2,1,1
RP11-544O24.2,SNX8,1,1
RP11-544O24.2,TCF12,1,1
RP11-544O24.2,TGFBR3,1,1
LRP8,AGFG1,1,1
LRP8,ALDH1B1,1,1
LRP8,ARMC10,1,1
LRP8,ASCC2,1,1
LRP8,ATP6V0B,1,1
LRP8,CENPM,1,1
LRP8,CETN2,1,1
LRP8,CMAS,1,1
LRP8,DGKG,1,1
LRP8,EFHD2,1,1
LRP8,EIF3D,1,1
LRP8,ENO1,1,1
LRP8,FAM91A1,1,1
LRP8,FOXN2,1,1
LRP8,GSR,1,1
LRP8,HOXD4,1,1
LRP8,IGF2BP3,1,1
LRP8,KLHDC3,1,1
LRP8,LRRC37A2,1,1
LRP8,MRFAP1L1,1,1
LRP8,NCKAP1,1,1
LRP8,NUDC,1,1
LRP8,PCSK7,1,1
LRP8,PDXP,1,1
LRP8,PITPNM2,1,1
LRP8,PSMA5,1,1
LRP8,RHPN2,1,1
LRP8,SLC35E3,1,1
LRP8,TAF13,1,1
LRP8,TBRG1,1,1
LRP8,UFD1L,1,1
LRP8,XPC,1,1
SEMA4F,ACOT7,1,1
SEMA4F,ADAMTS17,1,1
SEMA4F,AKR7A2,1,1
SEMA4F,ALDH1A1,1,1
SEMA4F,ALKBH6,1,1
SEMA4F,AMPH,1,1
SEMA4F,APITD1,1,1
SEMA4F,ARHGEF39,1,1
SEMA4F,ARL6IP5,1,1
SEMA4F,ATOX1,1,1
SEMA4F,ATP10B,1,1
SEMA4F,ATXN7L3B,1,1
SEMA4F,BCAS3,1,1
SEMA4F,BET1,1,1
SEMA4F,CADM1,1,1
SEMA4F,CADPS,1,1
SEMA4F,CARD16,1,1
SEMA4F,CARHSP1,1,1
SEMA4F,CCDC134,1,1
SEMA4F,CD109,1,1
SEMA4F,CGN,1,1
SEMA4F,CHEK2,1,1
SEMA4F,CHRNA7,1,1
SEMA4F,CIB1,1,1
SEMA4F,CIT,1,1
SEMA4F,CLIC4,1,1
SEMA4F,COG5,1,1
SEMA4F,COX5B,1,1
SEMA4F,DDOST,1,1
SEMA4F,DDT,1,1
SEMA4F,DPYSL5,1,1
SEMA4F,DYNC1I1,1,1
SEMA4F,ECE1,1,1
SEMA4F,EIF5A2,1,1
SEMA4F,ENHO,1,1
SEMA4F,EYA4,1,1
SEMA4F,FAM19A3,1,1
SEMA4F,FBXO6,1,1
SEMA4F,FN1,1,1
SEMA4F,FRG2DP,1,1
SEMA4F,GALE,1,1
SEMA4F,GGH,1,1
SEMA4F,GNB2,1,1
SEMA4F,GPR157,1,1
SEMA4F,GPR55,1,1
SEMA4F,HERC2P5,1,1
SEMA4F,HERC2P8,1,1
SEMA4F,HEY1,1,1
SEMA4F,IMMP2L,1,1
SEMA4F,ITGAV,1,1
SEMA4F,KDELC1,1,1
SEMA4F,KIAA2013,1,1
SEMA4F,L3MBTL4,1,1
SEMA4F,LAMA1,1,1
SEMA4F,LAMP2,1,1
SEMA4F,LCP2,1,1
SEMA4F,LPXN,1,1
SEMA4F,LSR,1,1
SEMA4F,MAD2L2,1,1
SEMA4F,MAPK8IP2,1,1
SEMA4F,MFF,1,1
SEMA4F,MFN2,1,1
SEMA4F,MLH3,1,1
SEMA4F,MLLT4,1,1
SEMA4F,MORN1,1,1
SEMA4F,MOV10,1,1
SEMA4F,MRFAP1,1,1
SEMA4F,MSL3P1,1,1
SEMA4F,NBPF26,1,1
SEMA4F,NBPF8,1,1
SEMA4F,NDUFB3,1,1
SEMA4F,NDUFS1,1,1
SEMA4F,NEPRO,1,1
SEMA4F,NOL4L,1,1
SEMA4F,NPAS2,1,1
SEMA4F,NUDCD3,1,1
SEMA4F,NUDT1,1,1
SEMA4F,P3H3,1,1
SEMA4F,PACSIN2,1,1
SEMA4F,PANX2,1,1
SEMA4F,PARK7,1,1
SEMA4F,PARP9,1,1
SEMA4F,PDGFD,1,1
SEMA4F,PEX14,1,1
SEMA4F,PHTF1,1,1
SEMA4F,PICK1,1,1
SEMA4F,POT1,1,1
SEMA4F,PTTG1,1,1
SEMA4F,RAB17,1,1
SEMA4F,RASEF,1,1
SEMA4F,RBX1,1,1
SEMA4F,RCN3,1,1
SEMA4F,RFX7,1,1
SEMA4F,RLBP1,1,1
SEMA4F,RNF43,1,1
SEMA4F,RYBP,1,1
SEMA4F,SCML4,1,1
SEMA4F,SDHB,1,1
SEMA4F,SEC22B,1,1
SEMA4F,SERGEF,1,1
SEMA4F,SH3BP2,1,1
SEMA4F,SLC35F6,1,1
SEMA4F,SNX17,1,1
SEMA4F,STRIP2,1,1
SEMA4F,SYNM,1,1
SEMA4F,TIMM50,1,1
SEMA4F,TMEM64,1,1
SEMA4F,TMF1,1,1
SEMA4F,TMUB1,1,1
SEMA4F,TRPV4,1,1
SEMA4F,TTF2,1,1
SEMA4F,TTN,1,1
SEMA4F,TXN2,1,1
SEMA4F,VAV3,1,1
SEMA4F,VCX3A,1,1
SEMA4F,WDR47,1,1
SEMA4F,ZC3H11B,1,1
SEMA4F,ZC3HC1,1,1
SEMA4F,ZNF503,1,1
SEMA4F,ZNF697,1,1
SEMA4F,ZNF776,1,1
NPC1,ABCD1,1,1
NPC1,AC013264.1,1,1
NPC1,AGAP3,1,1
NPC1,AKR7A2,1,1
NPC1,ANKRD44,1,1
NPC1,ARPC1A,1,1
NPC1,ATP6V1C1,1,1
NPC1,ATP6V1E1,1,1
NPC1,ATRN,1,1
NPC1,BLCAP,1,1
NPC1,CDKN2B,1,1
NPC1,CEACAM1,1,1
NPC1,CHN2,1,1
NPC1,DNAJC16,1,1
NPC1,DPY19L2P2,1,1
NPC1,EIF4G3,1,1
NPC1,FAM102B,1,1
NPC1,FAM167B,1,1
NPC1,FRMD4B,1,1
NPC1,GRAMD4,1,1
NPC1,GUCD1,1,1
NPC1,HTRA1,1,1
NPC1,IGF1R,1,1
NPC1,JAK2,1,1
NPC1,KCNN2,1,1
NPC1,KCTD14,1,1
NPC1,LAMA1,1,1
NPC1,LAMP2,1,1
NPC1,LAMTOR5,1,1
NPC1,LDLRAD3,1,1
NPC1,LMF2,1,1
NPC1,LZIC,1,1
NPC1,MAPK1,1,1
NPC1,MED15,1,1
NPC1,MFF,1,1
NPC1,MLXIP,1,1
NPC1,MTOR,1,1
NPC1,NADK,1,1
NPC1,NBPF8,1,1
NPC1,NMNAT1,1,1
NPC1,PDE4B,1,1
NPC1,PEX10,1,1
NPC1,PHGDH,1,1
NPC1,PIGO,1,1
NPC1,PITHD1,1,1
NPC1,PNKD,1,1
NPC1,POLG,1,1
NPC1,POMGNT1,1,1
NPC1,RAB17,1,1
NPC1,RP11-61N20.3,1,1
NPC1,RRBP1,1,1
NPC1,SBF1,1,1
NPC1,SETD3,1,1
NPC1,SFI1,1,1
NPC1,SGCE,1,1
NPC1,SKI,1,1
NPC1,SLC23A2,1,1
NPC1,SLC37A3,1,1
NPC1,SPRY1,1,1
NPC1,SPSB1,1,1
NPC1,SQSTM1,1,1
NPC1,SRGAP2C,1,1
NPC1,STK39,1,1
NPC1,STXBP3,1,1
NPC1,SYCP2,1,1
NPC1,TESK2,1,1
NPC1,TGFBR1,1,1
NPC1,TGFBR3,1,1
NPC1,TMEM51,1,1
NPC1,TRIB1,1,1
NPC1,TRPA1,1,1
NPC1,TRPV2,1,1
NPC1,USP48,1,1
NPC1,VAV3,1,1
NPC1,VCP,1,1
NPC1,WDR47,1,1
NPC1,ZNF43,1,1
NPC1,ZNF789,1,1
NPC1,ZNF814,1,1
ST13,ABHD2,1,1
ST13,ACAN,1,1
ST13,ACOT7,1,1
ST13,ADAMTS17,1,1
ST13,AGFG1,1,1
ST13,ANKRD27,1,1
ST13,AP1S3,1,1
ST13,APITD1,1,1
ST13,ATAD3A,1,1
ST13,ATAD3B,1,1
ST13,ATOX1,1,1
ST13,AURKAIP1,1,1
ST13,BCAS2,1,1
ST13,BMP8B,1,1
ST13,C2ORF69,1,1
ST13,CADM1,1,1
ST13,CADPS,1,1
ST13,CAPZA2,1,1
ST13,CARHSP1,1,1
ST13,CCDC134,1,1
ST13,CCNA1,1,1
ST13,CCNO,1,1
ST13,CD109,1,1
ST13,CENPI,1,1
ST13,CIB1,1,1
ST13,CLSPN,1,1
ST13,COQ10B,1,1
ST13,CSDE1,1,1
ST13,DDOST,1,1
ST13,DDT,1,1
ST13,DFFA,1,1
ST13,DLD,1,1
ST13,DPYSL5,1,1
ST13,DTX3L,1,1
ST13,E2F2,1,1
ST13,EFHD2,1,1
ST13,ELOVL5,1,1
ST13,ENHO,1,1
ST13,EXOSC10,1,1
ST13,EYA4,1,1
ST13,FAM19A3,1,1
ST13,FAM91A1,1,1
ST13,FANCI,1,1
ST13,GALE,1,1
ST13,GET4,1,1
ST13,GGH,1,1
ST13,GLS,1,1
ST13,GNB1L,1,1
ST13,GPR157,1,1
ST13,GPR55,1,1
ST13,GSR,1,1
ST13,GTPBP10,1,1
ST13,GTSE1,1,1
ST13,GXYLT1,1,1
ST13,HERC2P8,1,1
ST13,HEY1,1,1
ST13,HOXD4,1,1
ST13,ID3,1,1
ST13,IDH3A,1,1
ST13,KIAA2013,1,1
ST13,KIF1B,1,1
ST13,KIF7,1,1
ST13,LPXN,1,1
ST13,LRRC47,1,1
ST13,LSR,1,1
ST13,LYPLA2,1,1
ST13,MAD2L2,1,1
ST13,MAPK8IP2,1,1
ST13,MARS2,1,1
ST13,MCAT,1,1
ST13,MCM3,1,1
ST13,MCTP1,1,1
ST13,MFN2,1,1
ST13,MGAM,1,1
ST13,MGAM2,1,1
ST13,MLH3,1,1
ST13,MMP8,1,1
ST13,MTFP1,1,1
ST13,NCAPH2,1,1
ST13,NDUFB3,1,1
ST13,NDUFS1,1,1
ST13,NEPRO,1,1
ST13,NOTCH2,1,1
ST13,NPAS2,1,1
ST13,NRROS,1,1
ST13,NT5DC3,1,1
ST13,NUP50,1,1
ST13,ORC5,1,1
ST13,P3H3,1,1
ST13,PARK7,1,1
ST13,PHTF1,1,1
ST13,PITPNM2,1,1
ST13,PLCB4,1,1
ST13,PLEKHB2,1,1
ST13,POLE4,1,1
ST13,POLR2J,1,1
ST13,PSMC2,1,1
ST13,PTTG1,1,1
ST13,PYGB,1,1
ST13,RALY,1,1
ST13,RASEF,1,1
ST13,RBX1,1,1
ST13,RLBP1,1,1
ST13,RNF19A,1,1
ST13,RTCB,1,1
ST13,RTFDC1,1,1
ST13,RYBP,1,1
ST13,SCML4,1,1
ST13,SDHB,1,1
ST13,SERGEF,1,1
ST13,SHQ1,1,1
ST13,SLC35F6,1,1
ST13,SNRNP25,1,1
ST13,SRM,1,1
ST13,SRRD,1,1
ST13,STK17B,1,1
ST13,STK38L,1,1
ST13,STOML2,1,1
ST13,TBC1D4,1,1
ST13,TGFBR2,1,1
ST13,TMEM144,1,1
ST13,TMEM64,1,1
ST13,TMF1,1,1
ST13,TRIP12,1,1
ST13,TRMU,1,1
ST13,TRPV4,1,1
ST13,UBA3,1,1
ST13,VCX3A,1,1
ST13,VDR,1,1
ST13,WDR77,1,1
ST13,XPC,1,1
ST13,ZC3H11B,1,1
ST13,ZNF697,1,1
NMNAT1,AC013264.1,1,1
NMNAT1,ANKRD44,1,1
NMNAT1,ARHGEF5,1,1
NMNAT1,ARPC1A,1,1
NMNAT1,ATF7IP,1,1
NMNAT1,ATP6V1C1,1,1
NMNAT1,ATP6V1F,1,1
NMNAT1,ATP7B,1,1
NMNAT1,ATRN,1,1
NMNAT1,C7ORF49,1,1
NMNAT1,CA8,1,1
NMNAT1,CBX5,1,1
NMNAT1,CCDC115,1,1
NMNAT1,CDK5R1,1,1
NMNAT1,CEP131,1,1
NMNAT1,CERK,1,1
NMNAT1,CLSTN1,1,1
NMNAT1,CREB3,1,1
NMNAT1,CTD-3214H19.4,1,1
NMNAT1,DERA,1,1
NMNAT1,DET1,1,1
NMNAT1,DTNBP1,1,1
NMNAT1,EPM2AIP1,1,1
NMNAT1,EVA1A,1,1
NMNAT1,FERMT2,1,1
NMNAT1,FRMD4B,1,1
NMNAT1,GNB1,1,1
NMNAT1,GPD1L,1,1
NMNAT1,GRAMD4,1,1
NMNAT1,GUCD1,1,1
NMNAT1,HERC5,1,1
NMNAT1,HP1BP3,1,1
NMNAT1,HPS5,1,1
NMNAT1,LSM 8.00,1,1
NMNAT1,LZIC,1,1
NMNAT1,MAP9,1,1
NMNAT1,MAPK1,1,1
NMNAT1,MBP,1,1
NMNAT1,MCOLN3,1,1
NMNAT1,MED15,1,1
NMNAT1,MESDC1,1,1
NMNAT1,MRPL58,1,1
NMNAT1,MSI2,1,1
NMNAT1,NADK,1,1
NMNAT1,NAGA,1,1
NMNAT1,NR4A3,1,1
NMNAT1,PEX10,1,1
NMNAT1,PIGO,1,1
NMNAT1,PITHD1,1,1
NMNAT1,PNKD,1,1
NMNAT1,POMGNT1,1,1
NMNAT1,PPP1R3D,1,1
NMNAT1,PRDM2,1,1
NMNAT1,PYCARD,1,1
NMNAT1,RAB11FIP4,1,1
NMNAT1,RBBP4,1,1
NMNAT1,RHOQ,1,1
NMNAT1,RMND1,1,1
NMNAT1,RRBP1,1,1
NMNAT1,SBF1,1,1
NMNAT1,SETD3,1,1
NMNAT1,SGCE,1,1
NMNAT1,SIRPA,1,1
NMNAT1,SLC37A3,1,1
NMNAT1,SLC44A3,1,1
NMNAT1,SNX8,1,1
NMNAT1,SPECC1,1,1
NMNAT1,SPSB1,1,1
NMNAT1,STIM1,1,1
NMNAT1,STXBP2,1,1
NMNAT1,TCTN3,1,1
NMNAT1,TGFBR1,1,1
NMNAT1,TGFBR3,1,1
NMNAT1,TLN1,1,1
NMNAT1,TMEM184B,1,1
NMNAT1,TMEM51,1,1
NMNAT1,TPRG1L,1,1
NMNAT1,USP48,1,1
NMNAT1,VAMP3,1,1
NMNAT1,VCP,1,1
NMNAT1,ZNF814,1,1
GRAMD1A,AC013264.1,1,1
GRAMD1A,CDK5R1,1,1
GRAMD1A,FAM20C,1,1
GRAMD1A,GNB1,1,1
GRAMD1A,GUCD1,1,1
GRAMD1A,ICMT,1,1
GRAMD1A,KIAA1033,1,1
GRAMD1A,NME7,1,1
GRAMD1A,OAT,1,1
GRAMD1A,PALB2,1,1
GRAMD1A,PITHD1,1,1
GRAMD1A,PRDM2,1,1
GRAMD1A,RBBP4,1,1
GRAMD1A,SIRPA,1,1
GRAMD1A,SKI,1,1
GRAMD1A,SLC35B4,1,1
GRAMD1A,TGFBR1,1,1
GRAMD1A,TRAPPC2,1,1
GRAMD1A,VAMP3,1,1
NDUFA5,AK2,1,1
NDUFA5,ALDH1B1,1,1
NDUFA5,ARHGEF39,1,1
NDUFA5,ATXN7L3,1,1
NDUFA5,ATXN7L3B,1,1
NDUFA5,C5ORF34,1,1
NDUFA5,CAPZA2,1,1
NDUFA5,CASP8,1,1
NDUFA5,CHEK2,1,1
NDUFA5,CMAS,1,1
NDUFA5,DDOST,1,1
NDUFA5,DLD,1,1
NDUFA5,EYA4,1,1
NDUFA5,GFPT1,1,1
NDUFA5,HEY1,1,1
NDUFA5,IGHVII-30-43,1,1
NDUFA5,ITGAV,1,1
NDUFA5,KDELC1,1,1
NDUFA5,LCP2,1,1
NDUFA5,MGAT5,1,1
NDUFA5,MLLT6,1,1
NDUFA5,MRPS5,1,1
NDUFA5,NDUFB3,1,1
NDUFA5,NUP43,1,1
NDUFA5,PANX2,1,1
NDUFA5,PARP9,1,1
NDUFA5,PDCD6,1,1
NDUFA5,PRKCZ,1,1
NDUFA5,PSMA5,1,1
NDUFA5,PSMC2,1,1
NDUFA5,PXDN,1,1
NDUFA5,RAP1A,1,1
NDUFA5,RDX,1,1
NDUFA5,RNF43,1,1
NDUFA5,RP11-153I24.5,1,1
NDUFA5,RPN2,1,1
NDUFA5,SDHB,1,1
NDUFA5,SLC35F6,1,1
NDUFA5,SMIM4,1,1
NDUFA5,SNX2,1,1
NDUFA5,SORL1,1,1
NDUFA5,STRIP2,1,1
NDUFA5,SYNM,1,1
NDUFA5,SYPL1,1,1
NDUFA5,TBCA,1,1
NDUFA5,TBL1X,1,1
NDUFA5,TEAD2,1,1
NDUFA5,TMEM115,1,1
NDUFA5,TTF2,1,1
NDUFA5,TTLL4,1,1
NDUFA5,TUBB2A,1,1
NDUFA5,VPS45,1,1
NDUFA5,ZMYM1,1,1
CAPRIN2,ALKBH6,1,1
CAPRIN2,ATXN7L3B,1,1
CAPRIN2,C11ORF57,1,1
CAPRIN2,CARD14,1,1
CAPRIN2,MKLN1,1,1
CAPRIN2,MYL12B,1,1
CAPRIN2,PANX2,1,1
CAPRIN2,RNF43,1,1
CAPRIN2,SDF4,1,1
CAPRIN2,SORL1,1,1
CAPRIN2,STPG1,1,1
RPL39L,ATXN7L3,1,1
RPL39L,ATXN7L3B,1,1
RPL39L,BCAS3,1,1
RPL39L,C11ORF57,1,1
RPL39L,CARD14,1,1
RPL39L,CHEK2,1,1
RPL39L,DYNC1I1,1,1
RPL39L,GFPT1,1,1
RPL39L,KDELC1,1,1
RPL39L,MRPS5,1,1
RPL39L,PANX2,1,1
RPL39L,PDCD6,1,1
RPL39L,PRKCZ,1,1
RPL39L,PXDN,1,1
RPL39L,RIPK4,1,1
RPL39L,RNF43,1,1
RPL39L,SDF4,1,1
RPL39L,SMIM4,1,1
RPL39L,SORL1,1,1
RPL39L,SYNM,1,1
RPL39L,TMEM115,1,1
RPL39L,TTLL4,1,1
RPL39L,VPS45,1,1
RPL39L,ZMYM1,1,1
IQGAP1,ABHD2,1,1
IQGAP1,ACAN,1,1
IQGAP1,AKAP9,1,1
IQGAP1,ALKBH3,1,1
IQGAP1,ANKRD30B,1,1
IQGAP1,ANO4,1,1
IQGAP1,AP5S1,1,1
IQGAP1,APOBEC3G,1,1
IQGAP1,ARHGEF35,1,1
IQGAP1,ASRGL1,1,1
IQGAP1,ATP11A,1,1
IQGAP1,ATP6V0D2,1,1
IQGAP1,BICDL1,1,1
IQGAP1,BIRC7,1,1
IQGAP1,CAP1,1,1
IQGAP1,CAPG,1,1
IQGAP1,CCDC141,1,1
IQGAP1,CCDC36,1,1
IQGAP1,CCNA1,1,1
IQGAP1,CD40,1,1
IQGAP1,CEACAM1,1,1
IQGAP1,CPTP,1,1
IQGAP1,CRKL,1,1
IQGAP1,DDRGK1,1,1
IQGAP1,DOCK9,1,1
IQGAP1,DPY19L2P2,1,1
IQGAP1,ECHDC1,1,1
IQGAP1,EEFSEC,1,1
IQGAP1,EMILIN2,1,1
IQGAP1,ENTPD6,1,1
IQGAP1,FAM102B,1,1
IQGAP1,FAM126B,1,1
IQGAP1,FAM217B,1,1
IQGAP1,GCLM,1,1
IQGAP1,GDAP2,1,1
IQGAP1,GTF2H1,1,1
IQGAP1,HENMT1,1,1
IQGAP1,HIBCH,1,1
IQGAP1,HSPA8P1,1,1
IQGAP1,HSPA8P8,1,1
IQGAP1,HSPA8P9,1,1
IQGAP1,IDH3B,1,1
IQGAP1,KIF1B,1,1
IQGAP1,KIF3C,1,1
IQGAP1,KIN,1,1
IQGAP1,KLHL21,1,1
IQGAP1,LHX8,1,1
IQGAP1,LIMK2,1,1
IQGAP1,LINS1,1,1
IQGAP1,LONRF3,1,1
IQGAP1,LRRC61,1,1
IQGAP1,MAP4K3,1,1
IQGAP1,MERTK,1,1
IQGAP1,MMP8,1,1
IQGAP1,NDUFA10,1,1
IQGAP1,PEX5,1,1
IQGAP1,PHF20,1,1
IQGAP1,PIK3R3,1,1
IQGAP1,PIM3,1,1
IQGAP1,PPP1R12B,1,1
IQGAP1,PRKG2,1,1
IQGAP1,RP11-159J3.1,1,1
IQGAP1,RP11-327P2.7,1,1
IQGAP1,RPH3A,1,1
IQGAP1,RPS27L,1,1
IQGAP1,RPS6KA5,1,1
IQGAP1,RSBN1,1,1
IQGAP1,RTCA,1,1
IQGAP1,RTFDC1,1,1
IQGAP1,SAMM50,1,1
IQGAP1,SFMBT1,1,1
IQGAP1,SLAMF7,1,1
IQGAP1,SLC46A3,1,1
IQGAP1,SLC4A4,1,1
IQGAP1,SQRDL,1,1
IQGAP1,SRBD1,1,1
IQGAP1,SS18L1,1,1
IQGAP1,TGFBRAP1,1,1
IQGAP1,TMC3,1,1
IQGAP1,TP73,1,1
IQGAP1,TPPP,1,1
IQGAP1,TTC37,1,1
IQGAP1,TUB,1,1
IQGAP1,VAPB,1,1
IQGAP1,ZDHHC11B,1,1
IQGAP1,ZNF114,1,1
IQGAP1,ZNF525,1,1
IQGAP1,ZNF585B,1,1
IQGAP1,ZYG11A,1,1
CCDC134,ABCD1,1,1
CCDC134,ABHD2,1,1
CCDC134,ACAN,1,1
CCDC134,ACOT7,1,1
CCDC134,ADAMTS17,1,1
CCDC134,AKR7A2,1,1
CCDC134,ALDH1A1,1,1
CCDC134,AMPH,1,1
CCDC134,ANKRD30B,1,1
CCDC134,AP1S3,1,1
CCDC134,APITD1,1,1
CCDC134,ARHGEF39,1,1
CCDC134,ARL6IP5,1,1
CCDC134,ARMT1,1,1
CCDC134,ASRGL1,1,1
CCDC134,ATOX1,1,1
CCDC134,ATP10B,1,1
CCDC134,ATP11A,1,1
CCDC134,BET1,1,1
CCDC134,BICDL1,1,1
CCDC134,BIRC7,1,1
CCDC134,BLCAP,1,1
CCDC134,C2ORF69,1,1
CCDC134,CADM1,1,1
CCDC134,CADPS,1,1
CCDC134,CAPZA2,1,1
CCDC134,CARD16,1,1
CCDC134,CARHSP1,1,1
CCDC134,CD109,1,1
CCDC134,CGN,1,1
CCDC134,CHEK2,1,1
CCDC134,CHN2,1,1
CCDC134,CIB1,1,1
CCDC134,CIT,1,1
CCDC134,COG5,1,1
CCDC134,CSDE1,1,1
CCDC134,CSF2RA,1,1
CCDC134,DDOST,1,1
CCDC134,DDT,1,1
CCDC134,DPY19L2P2,1,1
CCDC134,DPYSL5,1,1
CCDC134,DTX3L,1,1
CCDC134,E2F2,1,1
CCDC134,EIF5A2,1,1
CCDC134,ENHO,1,1
CCDC134,EXOSC10,1,1
CCDC134,EYA4,1,1
CCDC134,FAM118A,1,1
CCDC134,FAM19A3,1,1
CCDC134,FANCI,1,1
CCDC134,FN1,1,1
CCDC134,FOXRED2,1,1
CCDC134,FRG2DP,1,1
CCDC134,GALE,1,1
CCDC134,GGH,1,1
CCDC134,GNB1L,1,1
CCDC134,GPR157,1,1
CCDC134,GPR55,1,1
CCDC134,GXYLT1,1,1
CCDC134,HERC2P5,1,1
CCDC134,HERC2P8,1,1
CCDC134,HEY1,1,1
CCDC134,HSPA8P1,1,1
CCDC134,HSPA8P8,1,1
CCDC134,ID3,1,1
CCDC134,IDH3A,1,1
CCDC134,IMMP2L,1,1
CCDC134,ITGAV,1,1
CCDC134,KIAA2013,1,1
CCDC134,KIF1B,1,1
CCDC134,L3MBTL4,1,1
CCDC134,LAMA1,1,1
CCDC134,LAMP2,1,1
CCDC134,LHX8,1,1
CCDC134,LPXN,1,1
CCDC134,LSR,1,1
CCDC134,MAD2L2,1,1
CCDC134,MAPK8IP2,1,1
CCDC134,MCAT,1,1
CCDC134,MCM3,1,1
CCDC134,MCTP1,1,1
CCDC134,MERTK,1,1
CCDC134,MFF,1,1
CCDC134,MFN2,1,1
CCDC134,MGAM2,1,1
CCDC134,MKRN3,1,1
CCDC134,MLH3,1,1
CCDC134,MLLT4,1,1
CCDC134,MMP8,1,1
CCDC134,MORN1,1,1
CCDC134,MPHOSPH9,1,1
CCDC134,MRFAP1,1,1
CCDC134,MTFP1,1,1
CCDC134,MTOR,1,1
CCDC134,NBPF26,1,1
CCDC134,NBPF8,1,1
CCDC134,NDUFA10,1,1
CCDC134,NDUFB3,1,1
CCDC134,NDUFS1,1,1
CCDC134,NEPRO,1,1
CCDC134,NOL4L,1,1
CCDC134,NOTCH2,1,1
CCDC134,NPAS2,1,1
CCDC134,NPPC,1,1
CCDC134,NRROS,1,1
CCDC134,P3H3,1,1
CCDC134,PACSIN2,1,1
CCDC134,PARK7,1,1
CCDC134,PARP9,1,1
CCDC134,PEX14,1,1
CCDC134,PEX26,1,1
CCDC134,PHGDH,1,1
CCDC134,PHTF1,1,1
CCDC134,POLR2J,1,1
CCDC134,PRKG2,1,1
CCDC134,PTTG1,1,1
CCDC134,RAB17,1,1
CCDC134,RALY,1,1
CCDC134,RASEF,1,1
CCDC134,RBX1,1,1
CCDC134,RCN3,1,1
CCDC134,RLBP1,1,1
CCDC134,RPS6KA5,1,1
CCDC134,RTCB,1,1
CCDC134,RYBP,1,1
CCDC134,SAMM50,1,1
CCDC134,SCML4,1,1
CCDC134,SDHB,1,1
CCDC134,SEC22B,1,1
CCDC134,SERGEF,1,1
CCDC134,SFI1,1,1
CCDC134,SLC25A33,1,1
CCDC134,SLC35F6,1,1
CCDC134,SNRNP25,1,1
CCDC134,SRM,1,1
CCDC134,STK17B,1,1
CCDC134,STRIP2,1,1
CCDC134,TBC1D4,1,1
CCDC134,TIMM50,1,1
CCDC134,TMEM144,1,1
CCDC134,TMEM64,1,1
CCDC134,TMF1,1,1
CCDC134,TMUB1,1,1
CCDC134,TP73,1,1
CCDC134,TRMU,1,1
CCDC134,TRPV4,1,1
CCDC134,TTF2,1,1
CCDC134,TTN,1,1
CCDC134,TUBB2A,1,1
CCDC134,UBA3,1,1
CCDC134,UBE2J1,1,1
CCDC134,VAV3,1,1
CCDC134,WDR47,1,1
CCDC134,ZC3H11B,1,1
CCDC134,ZDHHC11B,1,1
CCDC134,ZNF114,1,1
CCDC134,ZNF503,1,1
CCDC134,ZNF697,1,1
CCDC134,ZNF776,1,1
TRIP10,EFCAB2,1,1
TRIP10,PSEN2,1,1
TRIP10,RRBP1,1,1
TRIP10,SAMD9,1,1
TRIP10,SAMHD1,1,1
TRIP10,SLC45A2,1,1
TRIP10,ST7,1,1
TRIP10,TNFAIP3,1,1
TRIP10,ZFYVE16,1,1
TRIP10,ZNF672,1,1
CTNNBIP1,AGAP3,1,1
CTNNBIP1,ATP6V1F,1,1
CTNNBIP1,CEP131,1,1
CTNNBIP1,CLSTN1,1,1
CTNNBIP1,EPM2AIP1,1,1
CTNNBIP1,EVA1A,1,1
CTNNBIP1,GALNS,1,1
CTNNBIP1,MRPL58,1,1
CTNNBIP1,MTA1,1,1
CTNNBIP1,NADK,1,1
CTNNBIP1,NAGA,1,1
CTNNBIP1,NT5DC1,1,1
CTNNBIP1,PIGO,1,1
CTNNBIP1,PPP1R3D,1,1
CTNNBIP1,PSEN2,1,1
CTNNBIP1,RRBP1,1,1
CTNNBIP1,SGCE,1,1
CTNNBIP1,SLC23A2,1,1
CTNNBIP1,ST7,1,1
CTNNBIP1,TRIM14,1,1
CTNNBIP1,USP48,1,1
CTNNBIP1,ZNF672,1,1
CTNNBIP1,ZNF814,1,1
DFFB,CLDN14,1,1
DFFB,CPTP,1,1
DFFB,FAAP20,1,1
DFFB,LIMK2,1,1
DFFB,PIM3,1,1
DFFB,RP11-119J18.1,1,1
DFFB,RP11-327P2.7,1,1
DFFB,SMARCB1,1,1
DFFB,SMG9,1,1
DGKG,AGFG1,1,1
DGKG,AIM1,1,1
DGKG,ALDH1B1,1,1
DGKG,ALG3,1,1
DGKG,ARMC10,1,1
DGKG,ASCC2,1,1
DGKG,ATAD3A,1,1
DGKG,ATP10B,1,1
DGKG,B3GALT6,1,1
DGKG,BCAS2,1,1
DGKG,CADPS,1,1
DGKG,CAPZA2,1,1
DGKG,CASP8,1,1
DGKG,CLDN12,1,1
DGKG,CMAS,1,1
DGKG,COQ10B,1,1
DGKG,CSDE1,1,1
DGKG,DDOST,1,1
DGKG,DLD,1,1
DGKG,DPYSL5,1,1
DGKG,ECE1,1,1
DGKG,EFHD2,1,1
DGKG,EIF3D,1,1
DGKG,EMC1,1,1
DGKG,EN1,1,1
DGKG,ENO1,1,1
DGKG,EYA1,1,1
DGKG,EYA4,1,1
DGKG,FAM86DP,1,1
DGKG,FAM91A1,1,1
DGKG,FOXN2,1,1
DGKG,FZD6,1,1
DGKG,GLDC,1,1
DGKG,GLS,1,1
DGKG,GPR55,1,1
DGKG,GSR,1,1
DGKG,GTPBP10,1,1
DGKG,HOXD4,1,1
DGKG,ID3,1,1
DGKG,IGF2BP3,1,1
DGKG,KIAA2013,1,1
DGKG,KIRREL,1,1
DGKG,KLHDC3,1,1
DGKG,LCP2,1,1
DGKG,LRP12,1,1
DGKG,LRRC37A2,1,1
DGKG,LSR,1,1
DGKG,MCAT,1,1
DGKG,MGAT5,1,1
DGKG,MLH3,1,1
DGKG,MRFAP1L1,1,1
DGKG,NCKAP1,1,1
DGKG,NIPAL3,1,1
DGKG,NPAS2,1,1
DGKG,NUP50,1,1
DGKG,ORC5,1,1
DGKG,P3H3,1,1
DGKG,PDXP,1,1
DGKG,PITPNM2,1,1
DGKG,PPFIBP1,1,1
DGKG,PSMA5,1,1
DGKG,PSMC2,1,1
DGKG,PYGB,1,1
DGKG,RLBP1,1,1
DGKG,RNF19A,1,1
DGKG,RPN2,1,1
DGKG,RTCB,1,1
DGKG,SHQ1,1,1
DGKG,SLC16A1,1,1
DGKG,SLC35E3,1,1
DGKG,SLC35F6,1,1
DGKG,STK17B,1,1
DGKG,TRABD,1,1
DGKG,TRIP12,1,1
DGKG,UFD1L,1,1
DGKG,VCX3A,1,1
DGKG,WDPCP,1,1
DGKG,WDR77,1,1
DGKG,XPC,1,1
DGKG,ZC3H11B,1,1
DGKG,ZNF697,1,1
ERAP1,EVL,1,1
ERAP1,SLC35F5,1,1
ERAP1,TRIB1,1,1
MCAT,ACOT7,1,1
MCAT,ADAMTS17,1,1
MCAT,AGFG1,1,1
MCAT,AIM1,1,1
MCAT,ANKRD27,1,1
MCAT,AP1S3,1,1
MCAT,APITD1,1,1
MCAT,ARMC10,1,1
MCAT,ASCC2,1,1
MCAT,ATAD3A,1,1
MCAT,ATAD3B,1,1
MCAT,ATP10B,1,1
MCAT,ATP6V0B,1,1
MCAT,AURKAIP1,1,1
MCAT,BCAS2,1,1
MCAT,BMP8B,1,1
MCAT,C1ORF174,1,1
MCAT,C2ORF69,1,1
MCAT,CADM1,1,1
MCAT,CADPS,1,1
MCAT,CAPZA2,1,1
MCAT,CCNO,1,1
MCAT,CIB1,1,1
MCAT,CLDN12,1,1
MCAT,CLSPN,1,1
MCAT,COQ10B,1,1
MCAT,CSDE1,1,1
MCAT,DDOST,1,1
MCAT,DDT,1,1
MCAT,DFFA,1,1
MCAT,DLD,1,1
MCAT,DPYSL5,1,1
MCAT,DTX3L,1,1
MCAT,E2F2,1,1
MCAT,ECE1,1,1
MCAT,EFHD2,1,1
MCAT,EIF3D,1,1
MCAT,ELOVL5,1,1
MCAT,EXTL3,1,1
MCAT,EYA4,1,1
MCAT,FAM19A3,1,1
MCAT,FAM91A1,1,1
MCAT,FANCI,1,1
MCAT,GALE,1,1
MCAT,GET4,1,1
MCAT,GLS,1,1
MCAT,GNB1L,1,1
MCAT,GPR55,1,1
MCAT,GSR,1,1
MCAT,GTPBP10,1,1
MCAT,GXYLT1,1,1
MCAT,HERC2P5,1,1
MCAT,HERC2P8,1,1
MCAT,HEY1,1,1
MCAT,HOXD4,1,1
MCAT,ID3,1,1
MCAT,KIAA2013,1,1
MCAT,KIF7,1,1
MCAT,KLHDC3,1,1
MCAT,LRRC37A2,1,1
MCAT,LRRC47,1,1
MCAT,LSR,1,1
MCAT,LYPLA2,1,1
MCAT,MAD2L2,1,1
MCAT,MARS2,1,1
MCAT,MCM3,1,1
MCAT,MCTP1,1,1
MCAT,MGAM2,1,1
MCAT,MKRN3,1,1
MCAT,MLH3,1,1
MCAT,MRFAP1L1,1,1
MCAT,MTFP1,1,1
MCAT,NCAPH2,1,1
MCAT,NDUFB3,1,1
MCAT,NEPRO,1,1
MCAT,NOTCH2,1,1
MCAT,NPAS2,1,1
MCAT,NT5DC3,1,1
MCAT,NUP43,1,1
MCAT,NUP50,1,1
MCAT,ORC5,1,1
MCAT,P3H3,1,1
MCAT,PARK7,1,1
MCAT,PITPNM2,1,1
MCAT,PLCB4,1,1
MCAT,PLEKHB2,1,1
MCAT,POLE4,1,1
MCAT,POLR2J,1,1
MCAT,POLR3K,1,1
MCAT,PSMA5,1,1
MCAT,PSMC2,1,1
MCAT,PYGB,1,1
MCAT,RALY,1,1
MCAT,RASEF,1,1
MCAT,RLBP1,1,1
MCAT,RNF19A,1,1
MCAT,RTCB,1,1
MCAT,RYBP,1,1
MCAT,SHQ1,1,1
MCAT,SLC35F6,1,1
MCAT,SNRNP25,1,1
MCAT,SRM,1,1
MCAT,STK17B,1,1
MCAT,STOML2,1,1
MCAT,TMEM144,1,1
MCAT,TMEM64,1,1
MCAT,TMF1,1,1
MCAT,TONSL,1,1
MCAT,TRABD,1,1
MCAT,TRIP12,1,1
MCAT,TRMU,1,1
MCAT,TRPV4,1,1
MCAT,UBA3,1,1
MCAT,VDR,1,1
MCAT,WDR77,1,1
MCAT,XPC,1,1
MCAT,ZC3H11B,1,1
MCAT,ZNF697,1,1
SP4,ARMC10,1,1
SP4,BCAS2,1,1
SP4,COQ10B,1,1
SP4,ELOVL5,1,1
SP4,FOXN2,1,1
SP4,GTPBP10,1,1
SP4,KLHDC3,1,1
SP4,PLCB4,1,1
SP4,PPP1R2,1,1
SP4,RLBP1,1,1
SP4,SHQ1,1,1
SP4,STK17B,1,1
ARMT1,ABCD1,1,1
ARMT1,ABHD2,1,1
ARMT1,ACAN,1,1
ARMT1,ACOT7,1,1
ARMT1,ADAMTS17,1,1
ARMT1,AKR7A2,1,1
ARMT1,AL513523.1,1,1
ARMT1,ALDH1A1,1,1
ARMT1,AMPH,1,1
ARMT1,ANKRD30B,1,1
ARMT1,ANKRD44,1,1
ARMT1,ARHGEF35,1,1
ARMT1,ARPC1A,1,1
ARMT1,ASRGL1,1,1
ARMT1,ATAD3B,1,1
ARMT1,ATP11A,1,1
ARMT1,ATP6V0D2,1,1
ARMT1,ATP6V1C1,1,1
ARMT1,ATP6V1E1,1,1
ARMT1,BICDL1,1,1
ARMT1,BIRC7,1,1
ARMT1,BLCAP,1,1
ARMT1,C2ORF69,1,1
ARMT1,CADM1,1,1
ARMT1,CARHSP1,1,1
ARMT1,CCDC36,1,1
ARMT1,CCNA1,1,1
ARMT1,CD109,1,1
ARMT1,CDC42,1,1
ARMT1,CEACAM1,1,1
ARMT1,CHN2,1,1
ARMT1,CPTP,1,1
ARMT1,CRKL,1,1
ARMT1,CSF2RA,1,1
ARMT1,DDRGK1,1,1
ARMT1,DNAJC16,1,1
ARMT1,DPY19L2P2,1,1
ARMT1,DPYSL5,1,1
ARMT1,DTNBP1,1,1
ARMT1,DTX3L,1,1
ARMT1,EARS2,1,1
ARMT1,ECHDC1,1,1
ARMT1,EIF5A2,1,1
ARMT1,EMILIN2,1,1
ARMT1,ENHO,1,1
ARMT1,ENTPD6,1,1
ARMT1,EPS15L1,1,1
ARMT1,EXOSC10,1,1
ARMT1,FAM102B,1,1
ARMT1,FAM118A,1,1
ARMT1,FAM126B,1,1
ARMT1,FAM19A3,1,1
ARMT1,FN1,1,1
ARMT1,FRG2DP,1,1
ARMT1,FRMD4B,1,1
ARMT1,GALE,1,1
ARMT1,GCLM,1,1
ARMT1,GDAP2,1,1
ARMT1,GLT8D1,1,1
ARMT1,GPR157,1,1
ARMT1,GPR55,1,1
ARMT1,HENMT1,1,1
ARMT1,HERC2P5,1,1
ARMT1,HERC2P8,1,1
ARMT1,HOOK1,1,1
ARMT1,HSPA8P1,1,1
ARMT1,HSPA8P8,1,1
ARMT1,HSPA8P9,1,1
ARMT1,IDH3A,1,1
ARMT1,INTS3,1,1
ARMT1,KCTD14,1,1
ARMT1,KIF1B,1,1
ARMT1,KLHL21,1,1
ARMT1,LAMA1,1,1
ARMT1,LAMP2,1,1
ARMT1,LDLRAD3,1,1
ARMT1,LHX8,1,1
ARMT1,LINS1,1,1
ARMT1,LMF2,1,1
ARMT1,LONRF3,1,1
ARMT1,LPXN,1,1
ARMT1,LRRC61,1,1
ARMT1,LUZP1,1,1
ARMT1,LZIC,1,1
ARMT1,MAPK1,1,1
ARMT1,MCM3,1,1
ARMT1,MERTK,1,1
ARMT1,MFF,1,1
ARMT1,MFN2,1,1
ARMT1,MGAM2,1,1
ARMT1,MKRN3,1,1
ARMT1,MLXIP,1,1
ARMT1,MMP8,1,1
ARMT1,MORN1,1,1
ARMT1,MRFAP1,1,1
ARMT1,MTOR,1,1
ARMT1,MUL1,1,1
ARMT1,NBPF26,1,1
ARMT1,NBPF8,1,1
ARMT1,NDUFA10,1,1
ARMT1,NEMP1,1,1
ARMT1,NOL4L,1,1
ARMT1,NOTCH2,1,1
ARMT1,NPPC,1,1
ARMT1,NRROS,1,1
ARMT1,PACSIN2,1,1
ARMT1,PARK7,1,1
ARMT1,PEX26,1,1
ARMT1,PHF13,1,1
ARMT1,PHGDH,1,1
ARMT1,PHTF1,1,1
ARMT1,PIK3R3,1,1
ARMT1,PLEKHA7,1,1
ARMT1,PNKD,1,1
ARMT1,PNRC2,1,1
ARMT1,PQLC2,1,1
ARMT1,PRKG2,1,1
ARMT1,PTER,1,1
ARMT1,RAB17,1,1
ARMT1,RASEF,1,1
ARMT1,RBM19,1,1
ARMT1,RP11-327P2.7,1,1
ARMT1,RP11-61N20.3,1,1
ARMT1,RPH3A,1,1
ARMT1,RPL11,1,1
ARMT1,RPS6KA5,1,1
ARMT1,RYBP,1,1
ARMT1,SAMM50,1,1
ARMT1,SCML4,1,1
ARMT1,SEC22B,1,1
ARMT1,SFI1,1,1
ARMT1,SLC25A33,1,1
ARMT1,SLC37A3,1,1
ARMT1,SLC46A3,1,1
ARMT1,STAT1,1,1
ARMT1,STK39,1,1
ARMT1,SYCP2,1,1
ARMT1,TBC1D4,1,1
ARMT1,TESK2,1,1
ARMT1,TGFBR3,1,1
ARMT1,TMC3,1,1
ARMT1,TMEM144,1,1
ARMT1,TMEM201,1,1
ARMT1,TMEM51,1,1
ARMT1,TMEM64,1,1
ARMT1,TMF1,1,1
ARMT1,TP73,1,1
ARMT1,TPPP,1,1
ARMT1,TRIB1,1,1
ARMT1,TRPA1,1,1
ARMT1,UBE2J1,1,1
ARMT1,VAPB,1,1
ARMT1,VAV3,1,1
ARMT1,WDR47,1,1
ARMT1,ZC3H11B,1,1
ARMT1,ZDHHC11B,1,1
ARMT1,ZNF114,1,1
ARMT1,ZNF43,1,1
ARMT1,ZNF503,1,1
ARMT1,ZYG11A,1,1
TMEM243,CADPS,1,1
TMEM243,ECE1,1,1
TMEM243,EXTL3,1,1
TMEM243,GPR55,1,1
TMEM243,LSR,1,1
TMEM243,LYPLA2,1,1
TMEM243,NPAS2,1,1
TMEM243,PYGB,1,1
TMEM243,TRPV4,1,1
TMEM243,TSPYL4,1,1
TMEM164,AK2,1,1
TMEM164,ASUN,1,1
TMEM164,ATG5,1,1
TMEM164,CASP8,1,1
TMEM164,CCDC47,1,1
TMEM164,EMC1,1,1
TMEM164,FZD6,1,1
TMEM164,KIRREL,1,1
TMEM164,LMAN2L,1,1
TMEM164,MMS19,1,1
TMEM164,NEK6,1,1
TMEM164,PLOD2,1,1
TMEM164,POU3F2,1,1
TMEM164,PPFIBP1,1,1
TMEM164,RAC1,1,1
TMEM164,SFT2D2,1,1
TMEM164,SLC30A1,1,1
TMEM164,SUCO,1,1
TMEM164,SYPL1,1,1
TMEM164,TEAD2,1,1
TMEM164,TMEM38B,1,1
TMEM164,TNRC6B,1,1
TMEM164,UQCC2,1,1
TMEM164,WASL,1,1
TMEM164,ZC3HAV1,1,1
TMEM164,ZNF839,1,1
AC090094.1,ABHD12,1,1
AC090094.1,AP1S3,1,1
AC090094.1,BICDL1,1,1
AC090094.1,DTX3L,1,1
AC090094.1,E2F2,1,1
AC090094.1,FRG2DP,1,1
AC090094.1,HERC2P5,1,1
AC090094.1,HSPA8P1,1,1
AC090094.1,LHX8,1,1
AC090094.1,MKRN3,1,1
AC090094.1,MORN1,1,1
AC090094.1,NPPC,1,1
AC090094.1,PGAP2,1,1
AC090094.1,PRKG2,1,1
AC090094.1,RP11-299H22.3,1,1
AC090094.1,SCML4,1,1
AC090094.1,SEC22B,1,1
AC090094.1,TMUB1,1,1
AC090094.1,TP73,1,1
AC090094.1,ZNF114,1,1
AC090094.1,ZYG11A,1,1
GALE,ABCD1,1,1
GALE,ABHD12,1,1
GALE,ABHD2,1,1
GALE,ACAN,1,1
GALE,ACOT7,1,1
GALE,ADAMTS17,1,1
GALE,AKR7A2,1,1
GALE,AL513523.1,1,1
GALE,ALDH1A1,1,1
GALE,AMPH,1,1
GALE,ANKRD27,1,1
GALE,ANKRD30B,1,1
GALE,AP1S3,1,1
GALE,APITD1,1,1
GALE,ARHGEF39,1,1
GALE,ARL6IP5,1,1
GALE,ASRGL1,1,1
GALE,ATAD3B,1,1
GALE,ATOX1,1,1
GALE,ATP10B,1,1
GALE,ATP11A,1,1
GALE,ATP6V0D2,1,1
GALE,ATP6V1E1,1,1
GALE,BICDL1,1,1
GALE,BIRC7,1,1
GALE,BLCAP,1,1
GALE,BMP8B,1,1
GALE,C2ORF69,1,1
GALE,CADM1,1,1
GALE,CADPS,1,1
GALE,CAPG,1,1
GALE,CARD16,1,1
GALE,CARHSP1,1,1
GALE,CCDC141,1,1
GALE,CCNA1,1,1
GALE,CD109,1,1
GALE,CGN,1,1
GALE,CHN2,1,1
GALE,CIB1,1,1
GALE,CLDN14,1,1
GALE,CLIC4,1,1
GALE,COG5,1,1
GALE,CPTP,1,1
GALE,CSDE1,1,1
GALE,CSF2RA,1,1
GALE,DDOST,1,1
GALE,DDT,1,1
GALE,DFFA,1,1
GALE,DNAJC16,1,1
GALE,DPY19L2P2,1,1
GALE,DPYSL5,1,1
GALE,DTX3L,1,1
GALE,E2F2,1,1
GALE,ECE1,1,1
GALE,EIF5A2,1,1
GALE,ENHO,1,1
GALE,ENTPD6,1,1
GALE,EXOSC10,1,1
GALE,EXTL3,1,1
GALE,EYA4,1,1
GALE,FAAP20,1,1
GALE,FAM102B,1,1
GALE,FAM118A,1,1
GALE,FAM19A3,1,1
GALE,FBXO42,1,1
GALE,FEZF1,1,1
GALE,FN1,1,1
GALE,FOXRED2,1,1
GALE,FRG2DP,1,1
GALE,GDAP2,1,1
GALE,GGH,1,1
GALE,GNB1L,1,1
GALE,GNB2,1,1
GALE,GPHN,1,1
GALE,GPR157,1,1
GALE,GPR55,1,1
GALE,HERC2P5,1,1
GALE,HERC2P8,1,1
GALE,HEY1,1,1
GALE,HSPA8P1,1,1
GALE,HSPA8P8,1,1
GALE,HSPA8P9,1,1
GALE,ID3,1,1
GALE,IMMP2L,1,1
GALE,INTS3,1,1
GALE,KCTD14,1,1
GALE,KIAA2013,1,1
GALE,KIF1B,1,1
GALE,KIF7,1,1
GALE,L3MBTL4,1,1
GALE,LAMA1,1,1
GALE,LAMP2,1,1
GALE,LHX8,1,1
GALE,LONRF3,1,1
GALE,LPXN,1,1
GALE,LRRC61,1,1
GALE,LSR,1,1
GALE,LYPLA2,1,1
GALE,MAD2L2,1,1
GALE,MAPK8IP2,1,1
GALE,MCM3,1,1
GALE,MERTK,1,1
GALE,MFF,1,1
GALE,MFN2,1,1
GALE,MGAM2,1,1
GALE,MKRN3,1,1
GALE,MLH3,1,1
GALE,MLLT4,1,1
GALE,MLXIP,1,1
GALE,MMP8,1,1
GALE,MORN1,1,1
GALE,MRFAP1,1,1
GALE,MTFP1,1,1
GALE,MTOR,1,1
GALE,MUL1,1,1
GALE,NBPF26,1,1
GALE,NBPF8,1,1
GALE,NDUFB3,1,1
GALE,NDUFS1,1,1
GALE,NEPRO,1,1
GALE,NOL4L,1,1
GALE,NOTCH2,1,1
GALE,NPAS2,1,1
GALE,NPPC,1,1
GALE,NRROS,1,1
GALE,PACSIN2,1,1
GALE,PARK7,1,1
GALE,PARP9,1,1
GALE,PDGFD,1,1
GALE,PEX14,1,1
GALE,PEX26,1,1
GALE,PHGDH,1,1
GALE,PHTF1,1,1
GALE,PICK1,1,1
GALE,PIK3R3,1,1
GALE,PLEKHA7,1,1
GALE,PNKD,1,1
GALE,POLR2J,1,1
GALE,PRKG2,1,1
GALE,PYGB,1,1
GALE,RAB17,1,1
GALE,RASEF,1,1
GALE,RBM19,1,1
GALE,RBX1,1,1
GALE,RCN3,1,1
GALE,RFX7,1,1
GALE,RLBP1,1,1
GALE,RNF19A,1,1
GALE,RP11-119J18.1,1,1
GALE,RP11-327P2.7,1,1
GALE,RP11-61N20.3,1,1
GALE,RPH3A,1,1
GALE,RPL11,1,1
GALE,RPS6KA5,1,1
GALE,RTFDC1,1,1
GALE,RYBP,1,1
GALE,SAMM50,1,1
GALE,SCML4,1,1
GALE,SDHB,1,1
GALE,SEC22B,1,1
GALE,SERGEF,1,1
GALE,SFI1,1,1
GALE,SLC25A33,1,1
GALE,SLC35F6,1,1
GALE,SNRNP25,1,1
GALE,SRM,1,1
GALE,STAT1,1,1
GALE,SYCP2,1,1
GALE,TBC1D4,1,1
GALE,TIMM50,1,1
GALE,TMC3,1,1
GALE,TMEM144,1,1
GALE,TMEM201,1,1
GALE,TMEM64,1,1
GALE,TMF1,1,1
GALE,TMUB1,1,1
GALE,TP73,1,1
GALE,TRIB1,1,1
GALE,TRPA1,1,1
GALE,TRPV4,1,1
GALE,TTF2,1,1
GALE,TTN,1,1
GALE,TUB,1,1
GALE,TXN2,1,1
GALE,UBA3,1,1
GALE,UBE2J1,1,1
GALE,VAV3,1,1
GALE,VCX3A,1,1
GALE,VCX3B,1,1
GALE,WDR47,1,1
GALE,YIPF4,1,1
GALE,ZC3H11B,1,1
GALE,ZDHHC11B,1,1
GALE,ZNF114,1,1
GALE,ZNF503,1,1
GALE,ZNF697,1,1
GALE,ZNF776,1,1
GALE,ZYG11A,1,1
MCRIP2,ADAR,1,1
MCRIP2,ALKBH6,1,1
MCRIP2,ARHGEF39,1,1
MCRIP2,ATXN7L3B,1,1
MCRIP2,BCAS3,1,1
MCRIP2,C11ORF57,1,1
MCRIP2,C1ORF159,1,1
MCRIP2,CARD14,1,1
MCRIP2,CHEK2,1,1
MCRIP2,DDOST,1,1
MCRIP2,DYNC1I1,1,1
MCRIP2,EN1,1,1
MCRIP2,EYA4,1,1
MCRIP2,IGHVII-30-43,1,1
MCRIP2,KDELC1,1,1
MCRIP2,LCP2,1,1
MCRIP2,METAP1D,1,1
MCRIP2,MGAT5,1,1
MCRIP2,MIF,1,1
MCRIP2,MYL12B,1,1
MCRIP2,NSMCE3,1,1
MCRIP2,PANX2,1,1
MCRIP2,PARP9,1,1
MCRIP2,PRKCZ,1,1
MCRIP2,PSMA5,1,1
MCRIP2,PXDN,1,1
MCRIP2,RIPK4,1,1
MCRIP2,RNF207,1,1
MCRIP2,RNF43,1,1
MCRIP2,RP11-153I24.5,1,1
MCRIP2,RPN2,1,1
MCRIP2,RRP7BP,1,1
MCRIP2,SDF4,1,1
MCRIP2,SLC35F6,1,1
MCRIP2,SMARCE1,1,1
MCRIP2,SNX17,1,1
MCRIP2,SORL1,1,1
MCRIP2,STRIP2,1,1
MCRIP2,SYNM,1,1
MCRIP2,TIMP3,1,1
MCRIP2,TMED9,1,1
MCRIP2,TNIP2,1,1
MCRIP2,TRMT2A,1,1
MCRIP2,TTLL4,1,1
NR4A3,AC013264.1,1,1
NR4A3,ATRN,1,1
NR4A3,C7ORF49,1,1
NR4A3,CA8,1,1
NR4A3,CCDC115,1,1
NR4A3,CDC42,1,1
NR4A3,CERK,1,1
NR4A3,CTD-3214H19.4,1,1
NR4A3,FBXO42,1,1
NR4A3,GNB1,1,1
NR4A3,GUCD1,1,1
NR4A3,HP1BP3,1,1
NR4A3,LUZP1,1,1
NR4A3,MAPK1,1,1
NR4A3,PTCD3,1,1
NR4A3,PTER,1,1
NR4A3,RAB11FIP4,1,1
NR4A3,SBF1,1,1
NR4A3,SKI,1,1
NR4A3,SNX8,1,1
NR4A3,SOGA1,1,1
NR4A3,SPSB1,1,1
NR4A3,VAMP3,1,1
EIF4G3,AGAP3,1,1
EIF4G3,AKR7A2,1,1
EIF4G3,ANKRD44,1,1
EIF4G3,ARPC1A,1,1
EIF4G3,ATP6V1C1,1,1
EIF4G3,ATP6V1E1,1,1
EIF4G3,ATP6V1F,1,1
EIF4G3,CDC26,1,1
EIF4G3,CEP41,1,1
EIF4G3,CINP,1,1
EIF4G3,DNAJC16,1,1
EIF4G3,DPF2,1,1
EIF4G3,EPM2AIP1,1,1
EIF4G3,FAM167B,1,1
EIF4G3,FRMD4B,1,1
EIF4G3,GAB2,1,1
EIF4G3,GALNS,1,1
EIF4G3,HPS5,1,1
EIF4G3,HTRA1,1,1
EIF4G3,IGF1R,1,1
EIF4G3,IGF2R,1,1
EIF4G3,IVNS1ABP,1,1
EIF4G3,JAK2,1,1
EIF4G3,LAMP2,1,1
EIF4G3,LAMTOR5,1,1
EIF4G3,LZIC,1,1
EIF4G3,MAPK1,1,1
EIF4G3,MARK3,1,1
EIF4G3,MED15,1,1
EIF4G3,MESDC1,1,1
EIF4G3,MOV10,1,1
EIF4G3,MSL3P1,1,1
EIF4G3,MTOR,1,1
EIF4G3,NADK,1,1
EIF4G3,NBPF26,1,1
EIF4G3,NT5DC1,1,1
EIF4G3,PACSIN2,1,1
EIF4G3,PEX10,1,1
EIF4G3,PIGO,1,1
EIF4G3,PNKD,1,1
EIF4G3,POLG,1,1
EIF4G3,POMGNT1,1,1
EIF4G3,PPP1R3D,1,1
EIF4G3,PQLC2,1,1
EIF4G3,PTPRK,1,1
EIF4G3,RAB17,1,1
EIF4G3,RNF141,1,1
EIF4G3,RPAP2,1,1
EIF4G3,RRBP1,1,1
EIF4G3,SGCE,1,1
EIF4G3,SLC23A2,1,1
EIF4G3,SPRY1,1,1
EIF4G3,SQSTM1,1,1
EIF4G3,ST7,1,1
EIF4G3,STK39,1,1
EIF4G3,STXBP3,1,1
EIF4G3,SYNPO,1,1
EIF4G3,TCTN3,1,1
EIF4G3,TESK2,1,1
EIF4G3,TGFBR3,1,1
EIF4G3,TMEM51,1,1
EIF4G3,TRIM14,1,1
EIF4G3,TRMT12,1,1
EIF4G3,TRPV2,1,1
EIF4G3,TXLNA,1,1
EIF4G3,USP48,1,1
EIF4G3,VCP,1,1
EIF4G3,WDR47,1,1
EIF4G3,ZNF326,1,1
TNFRSF10B,CDKN2D,1,1
TNFRSF10B,MFSD9,1,1
TNFRSF10B,NES,1,1
TNFRSF10B,PARVA,1,1
TNFRSF10B,SHC1,1,1
TNFRSF10B,TAF7,1,1
TNFRSF10B,TBXA2R,1,1
TNFRSF10B,TRIM65,1,1
TNFRSF10B,TRPS1,1,1
WDPCP,AIG1,1,1
WDPCP,AK2,1,1
WDPCP,ALDH1B1,1,1
WDPCP,ATAD3A,1,1
WDPCP,ATP10B,1,1
WDPCP,BAIAP2L2,1,1
WDPCP,BMPR1B,1,1
WDPCP,C1ORF112,1,1
WDPCP,C5ORF34,1,1
WDPCP,CAPZA2,1,1
WDPCP,CMAS,1,1
WDPCP,CSDE1,1,1
WDPCP,DDOST,1,1
WDPCP,DLD,1,1
WDPCP,ECE1,1,1
WDPCP,EFHD2,1,1
WDPCP,EMC1,1,1
WDPCP,EN1,1,1
WDPCP,EYA4,1,1
WDPCP,FAM91A1,1,1
WDPCP,FOXRED2,1,1
WDPCP,GLDC,1,1
WDPCP,ID3,1,1
WDPCP,IGF2BP3,1,1
WDPCP,KIAA2013,1,1
WDPCP,KIRREL,1,1
WDPCP,KLHDC3,1,1
WDPCP,LCP2,1,1
WDPCP,LRP12,1,1
WDPCP,MGAT5,1,1
WDPCP,MLH3,1,1
WDPCP,MMS19,1,1
WDPCP,NCKAP1,1,1
WDPCP,NELFCD,1,1
WDPCP,NUP43,1,1
WDPCP,P3H3,1,1
WDPCP,PPFIBP1,1,1
WDPCP,PSMA5,1,1
WDPCP,PSMC2,1,1
WDPCP,RPN2,1,1
WDPCP,RTCB,1,1
WDPCP,SDHB,1,1
WDPCP,SLC16A1,1,1
WDPCP,SLC35F6,1,1
WDPCP,STK17B,1,1
WDPCP,SYNM,1,1
WDPCP,SYPL1,1,1
WDPCP,TBCA,1,1
WDPCP,TIMM50,1,1
WDPCP,TIMP3,1,1
WDPCP,TMF1,1,1
WDPCP,TRIP12,1,1
WDPCP,TTF2,1,1
WDPCP,UFD1L,1,1
WDPCP,VCX3A,1,1
WDPCP,VPS45,1,1
WDPCP,ZC3H11B,1,1
WDPCP,ZMYM1,1,1
WDPCP,ZNF697,1,1
ZBED6CL,ABCD1,1,1
ZBED6CL,ABHD12,1,1
ZBED6CL,ACAN,1,1
ZBED6CL,AL513523.1,1,1
ZBED6CL,ALDH1A1,1,1
ZBED6CL,ANKRD30B,1,1
ZBED6CL,AP5S1,1,1
ZBED6CL,ARHGAP39,1,1
ZBED6CL,ARHGEF35,1,1
ZBED6CL,ARHGEF5,1,1
ZBED6CL,ASRGL1,1,1
ZBED6CL,BIRC7,1,1
ZBED6CL,CCDC36,1,1
ZBED6CL,CCNA1,1,1
ZBED6CL,CD36,1,1
ZBED6CL,CD40,1,1
ZBED6CL,CDC42,1,1
ZBED6CL,CDKN2B,1,1
ZBED6CL,CEACAM1,1,1
ZBED6CL,CLDN14,1,1
ZBED6CL,CPTP,1,1
ZBED6CL,DDRGK1,1,1
ZBED6CL,DPY19L2P2,1,1
ZBED6CL,DTNBP1,1,1
ZBED6CL,EIF5AL1,1,1
ZBED6CL,EMILIN2,1,1
ZBED6CL,ENTPD6,1,1
ZBED6CL,EXOSC10,1,1
ZBED6CL,FAM102B,1,1
ZBED6CL,FAM118A,1,1
ZBED6CL,FAM126B,1,1
ZBED6CL,FBXO42,1,1
ZBED6CL,FGFR1OP2,1,1
ZBED6CL,GRAMD4,1,1
ZBED6CL,HENMT1,1,1
ZBED6CL,HLA-F,1,1
ZBED6CL,HOOK1,1,1
ZBED6CL,HSPA8P1,1,1
ZBED6CL,HSPA8P8,1,1
ZBED6CL,HSPA8P9,1,1
ZBED6CL,ICMT,1,1
ZBED6CL,INTS3,1,1
ZBED6CL,KCTD14,1,1
ZBED6CL,KLHL21,1,1
ZBED6CL,LAMA1,1,1
ZBED6CL,LHX8,1,1
ZBED6CL,LIMK2,1,1
ZBED6CL,LINS1,1,1
ZBED6CL,LMF2,1,1
ZBED6CL,LONRF3,1,1
ZBED6CL,LRRC61,1,1
ZBED6CL,MGAM2,1,1
ZBED6CL,MLXIP,1,1
ZBED6CL,MMP8,1,1
ZBED6CL,NAV2,1,1
ZBED6CL,PDE4B,1,1
ZBED6CL,PHGDH,1,1
ZBED6CL,PIK3R3,1,1
ZBED6CL,PLEKHA7,1,1
ZBED6CL,PRKG2,1,1
ZBED6CL,RGS1,1,1
ZBED6CL,RP11-119J18.1,1,1
ZBED6CL,RP11-159J3.1,1,1
ZBED6CL,RP11-327P2.7,1,1
ZBED6CL,RPH3A,1,1
ZBED6CL,RPS6KA5,1,1
ZBED6CL,RSBN1,1,1
ZBED6CL,RTCA,1,1
ZBED6CL,SAMM50,1,1
ZBED6CL,SBF1,1,1
ZBED6CL,SCML4,1,1
ZBED6CL,SLAMF7,1,1
ZBED6CL,SLC25A33,1,1
ZBED6CL,SLC46A3,1,1
ZBED6CL,SS18L1,1,1
ZBED6CL,STAT1,1,1
ZBED6CL,SYCP2,1,1
ZBED6CL,TMC3,1,1
ZBED6CL,TP73,1,1
ZBED6CL,TPPP,1,1
ZBED6CL,TRPA1,1,1
ZBED6CL,TUB,1,1
ZBED6CL,VAMP3,1,1
ZBED6CL,VCX3B,1,1
ZBED6CL,ZDHHC11B,1,1
ZBED6CL,ZNF114,1,1
ZBED6CL,ZNF43,1,1
ZBED6CL,ZYG11A,1,1
PACSIN2,ABCD1,1,1
PACSIN2,ACAN,1,1
PACSIN2,ACOT7,1,1
PACSIN2,ADAMTS17,1,1
PACSIN2,AKR7A2,1,1
PACSIN2,ALDH1A1,1,1
PACSIN2,AMPH,1,1
PACSIN2,ANKRD44,1,1
PACSIN2,ARHGEF39,1,1
PACSIN2,ARL6IP5,1,1
PACSIN2,ARPC1A,1,1
PACSIN2,ATOX1,1,1
PACSIN2,ATP10B,1,1
PACSIN2,ATP11A,1,1
PACSIN2,ATP6V1E1,1,1
PACSIN2,BAIAP2L2,1,1
PACSIN2,BCAS3,1,1
PACSIN2,BET1,1,1
PACSIN2,BICDL1,1,1
PACSIN2,BLCAP,1,1
PACSIN2,C1ORF112,1,1
PACSIN2,CADM1,1,1
PACSIN2,CADPS,1,1
PACSIN2,CAPZA2,1,1
PACSIN2,CARD16,1,1
PACSIN2,CARHSP1,1,1
PACSIN2,CD109,1,1
PACSIN2,CDC42,1,1
PACSIN2,CEP41,1,1
PACSIN2,CGN,1,1
PACSIN2,CHEK2,1,1
PACSIN2,CHN2,1,1
PACSIN2,CIB1,1,1
PACSIN2,CIT,1,1
PACSIN2,CLIC4,1,1
PACSIN2,COG5,1,1
PACSIN2,COX5B,1,1
PACSIN2,DDOST,1,1
PACSIN2,DDT,1,1
PACSIN2,DNAJC16,1,1
PACSIN2,DPYSL5,1,1
PACSIN2,EARS2,1,1
PACSIN2,ECE1,1,1
PACSIN2,EIF5A2,1,1
PACSIN2,ENHO,1,1
PACSIN2,EXOSC10,1,1
PACSIN2,EYA4,1,1
PACSIN2,FAM118A,1,1
PACSIN2,FAM167B,1,1
PACSIN2,FAM19A3,1,1
PACSIN2,FBXO6,1,1
PACSIN2,FN1,1,1
PACSIN2,FOXRED2,1,1
PACSIN2,FRG2DP,1,1
PACSIN2,FRMD4B,1,1
PACSIN2,GGH,1,1
PACSIN2,GNB1L,1,1
PACSIN2,GPR157,1,1
PACSIN2,GPR55,1,1
PACSIN2,HERC2P8,1,1
PACSIN2,HEY1,1,1
PACSIN2,HTRA1,1,1
PACSIN2,IDH3A,1,1
PACSIN2,IMMP2L,1,1
PACSIN2,ITGAV,1,1
PACSIN2,JAK2,1,1
PACSIN2,KCTD14,1,1
PACSIN2,KIAA2013,1,1
PACSIN2,KIF1B,1,1
PACSIN2,L3MBTL4,1,1
PACSIN2,LAMA1,1,1
PACSIN2,LAMP2,1,1
PACSIN2,LAMTOR5,1,1
PACSIN2,LCP2,1,1
PACSIN2,LMF2,1,1
PACSIN2,LPXN,1,1
PACSIN2,LSR,1,1
PACSIN2,MAD2L2,1,1
PACSIN2,MAPK1,1,1
PACSIN2,MAPK8IP2,1,1
PACSIN2,MED15,1,1
PACSIN2,MERTK,1,1
PACSIN2,MFF,1,1
PACSIN2,MFN2,1,1
PACSIN2,MGAM2,1,1
PACSIN2,MLH3,1,1
PACSIN2,MLLT4,1,1
PACSIN2,MLXIP,1,1
PACSIN2,MMP8,1,1
PACSIN2,MOV10,1,1
PACSIN2,MRFAP1,1,1
PACSIN2,MSL3P1,1,1
PACSIN2,MTOR,1,1
PACSIN2,MUL1,1,1
PACSIN2,NBPF26,1,1
PACSIN2,NBPF8,1,1
PACSIN2,NDUFB3,1,1
PACSIN2,NDUFS1,1,1
PACSIN2,NELFCD,1,1
PACSIN2,NOL4L,1,1
PACSIN2,NOTCH2,1,1
PACSIN2,NRROS,1,1
PACSIN2,NUDCD3,1,1
PACSIN2,NUDT1,1,1
PACSIN2,PARK7,1,1
PACSIN2,PARP9,1,1
PACSIN2,PDGFD,1,1
PACSIN2,PEX14,1,1
PACSIN2,PEX26,1,1
PACSIN2,PHGDH,1,1
PACSIN2,PHTF1,1,1
PACSIN2,PNKD,1,1
PACSIN2,POT1,1,1
PACSIN2,PQLC2,1,1
PACSIN2,PTPRK,1,1
PACSIN2,RAB17,1,1
PACSIN2,RASEF,1,1
PACSIN2,RBX1,1,1
PACSIN2,RCN3,1,1
PACSIN2,REPS1,1,1
PACSIN2,RP11-61N20.3,1,1
PACSIN2,RYBP,1,1
PACSIN2,SAMM50,1,1
PACSIN2,SCML4,1,1
PACSIN2,SDHB,1,1
PACSIN2,SEC22B,1,1
PACSIN2,SERGEF,1,1
PACSIN2,SFI1,1,1
PACSIN2,SLC25A33,1,1
PACSIN2,SLC35F5,1,1
PACSIN2,SLC35F6,1,1
PACSIN2,SLC37A3,1,1
PACSIN2,SPRY1,1,1
PACSIN2,SRM,1,1
PACSIN2,STRIP2,1,1
PACSIN2,STXBP3,1,1
PACSIN2,SYCP2,1,1
PACSIN2,TBC1D4,1,1
PACSIN2,TBL1X,1,1
PACSIN2,TESK2,1,1
PACSIN2,TIMM50,1,1
PACSIN2,TMEM201,1,1
PACSIN2,TMEM51,1,1
PACSIN2,TMEM64,1,1
PACSIN2,TMF1,1,1
PACSIN2,TP73,1,1
PACSIN2,TRIB1,1,1
PACSIN2,TRPV2,1,1
PACSIN2,TRPV4,1,1
PACSIN2,TTF2,1,1
PACSIN2,TTN,1,1
PACSIN2,TUBB2A,1,1
PACSIN2,TXLNA,1,1
PACSIN2,TXN2,1,1
PACSIN2,UBE2J1,1,1
PACSIN2,VAV3,1,1
PACSIN2,VCX3A,1,1
PACSIN2,VPS45,1,1
PACSIN2,WDR47,1,1
PACSIN2,ZC3H11B,1,1
PACSIN2,ZNF503,1,1
PACSIN2,ZNF697,1,1
PACSIN2,ZNF776,1,1
PACSIN2,ZNF839,1,1
RP11-299H22.3,ANKRD27,1,1
RP11-299H22.3,C1ORF174,1,1
RP11-299H22.3,CCNO,1,1
RP11-299H22.3,DFFA,1,1
RP11-299H22.3,DOCK9,1,1
RP11-299H22.3,DTX3L,1,1
RP11-299H22.3,FANCI,1,1
RP11-299H22.3,FPGT,1,1
RP11-299H22.3,GDAP2,1,1
RP11-299H22.3,HIBCH,1,1
RP11-299H22.3,KIN,1,1
RP11-299H22.3,MCAM,1,1
RP11-299H22.3,MKRN3,1,1
RP11-299H22.3,MRPL46,1,1
RP11-299H22.3,MTERF1,1,1
RP11-299H22.3,NAB1,1,1
RP11-299H22.3,NCAPH2,1,1
RP11-299H22.3,NT5DC3,1,1
RP11-299H22.3,PGAP2,1,1
RP11-299H22.3,POLE4,1,1
RP11-299H22.3,PRKG2,1,1
RP11-299H22.3,RTFDC1,1,1
RP11-299H22.3,SLAMF7,1,1
RP11-299H22.3,SLC4A4,1,1
RP11-299H22.3,SMG9,1,1
RP11-299H22.3,ZNF189,1,1
RP11-299H22.3,ZNF585B,1,1
ZNFX1,ACOT7,1,1
ZNFX1,ANKRD30B,1,1
ZNFX1,ASRGL1,1,1
ZNFX1,ATP11A,1,1
ZNFX1,CEACAM1,1,1
ZNFX1,DPY19L2P2,1,1
ZNFX1,EXOSC10,1,1
ZNFX1,KIF1B,1,1
ZNFX1,MERTK,1,1
ZNFX1,PIK3R3,1,1
ZNFX1,RP11-159J3.1,1,1
ZNFX1,RPH3A,1,1
ZNFX1,RPS6KA5,1,1
ZNFX1,SAMM50,1,1
ZNFX1,SCML4,1,1
ZNFX1,SS18L1,1,1
ZNFX1,TP73,1,1
ZNFX1,TUB,1,1
ZNFX1,VAV3,1,1
ZNFX1,VCX3B,1,1
ZNFX1,WDR47,1,1
POLR3K,AGFG1,1,1
POLR3K,ALDH1B1,1,1
POLR3K,APITD1,1,1
POLR3K,ASCC2,1,1
POLR3K,ATAD3A,1,1
POLR3K,ATP6V0B,1,1
POLR3K,AUNIP,1,1
POLR3K,AURKAIP1,1,1
POLR3K,BCAS2,1,1
POLR3K,C2ORF69,1,1
POLR3K,CENPI,1,1
POLR3K,CENPM,1,1
POLR3K,CEP85,1,1
POLR3K,CLSPN,1,1
POLR3K,COQ10B,1,1
POLR3K,EFHD2,1,1
POLR3K,EIF3D,1,1
POLR3K,FOXN2,1,1
POLR3K,FTO,1,1
POLR3K,GET4,1,1
POLR3K,GLS,1,1
POLR3K,GSR,1,1
POLR3K,GTPBP10,1,1
POLR3K,GXYLT1,1,1
POLR3K,HOXD4,1,1
POLR3K,LRRC37A2,1,1
POLR3K,LRWD1,1,1
POLR3K,LUC7L2,1,1
POLR3K,MTFP1,1,1
POLR3K,MTFR2,1,1
POLR3K,NUDC,1,1
POLR3K,NUP50,1,1
POLR3K,ORC5,1,1
POLR3K,PDXP,1,1
POLR3K,PLCB4,1,1
POLR3K,POLR1A,1,1
POLR3K,PSMA5,1,1
POLR3K,RALY,1,1
POLR3K,RECQL4,1,1
POLR3K,RTCB,1,1
POLR3K,SHQ1,1,1
POLR3K,SLC16A1,1,1
POLR3K,SLC35E3,1,1
POLR3K,SLC5A6,1,1
POLR3K,SNRNP25,1,1
POLR3K,STK17B,1,1
POLR3K,STOML2,1,1
POLR3K,TONSL,1,1
POLR3K,TRABD,1,1
POLR3K,TRMU,1,1
POLR3K,UFD1L,1,1
POLR3K,VDR,1,1
POLR3K,VIPAS39,1,1
POLR3K,WDR77,1,1
POLR3K,XPC,1,1
CCDC141,ABCD1,1,1
CCDC141,ABHD12,1,1
CCDC141,ABHD2,1,1
CCDC141,ACAN,1,1
CCDC141,ACOT7,1,1
CCDC141,ADAMTS17,1,1
CCDC141,AL513523.1,1,1
CCDC141,ALDH1A1,1,1
CCDC141,AMPH,1,1
CCDC141,ANKRD27,1,1
CCDC141,ANKRD30B,1,1
CCDC141,ANO4,1,1
CCDC141,AP5S1,1,1
CCDC141,APOL1,1,1
CCDC141,ARHGEF35,1,1
CCDC141,ASRGL1,1,1
CCDC141,ATP11A,1,1
CCDC141,ATP6V0D2,1,1
CCDC141,BICDL1,1,1
CCDC141,BIRC7,1,1
CCDC141,BMP8B,1,1
CCDC141,CAPG,1,1
CCDC141,CCNA1,1,1
CCDC141,CD109,1,1
CCDC141,CD36,1,1
CCDC141,CDKN2B,1,1
CCDC141,CEACAM1,1,1
CCDC141,CHN2,1,1
CCDC141,CIB1,1,1
CCDC141,CLDN14,1,1
CCDC141,CPTP,1,1
CCDC141,CSF2RA,1,1
CCDC141,DDRGK1,1,1
CCDC141,DFFA,1,1
CCDC141,DPY19L2P2,1,1
CCDC141,DPYSL5,1,1
CCDC141,DTX3L,1,1
CCDC141,E2F2,1,1
CCDC141,EMILIN2,1,1
CCDC141,ENHO,1,1
CCDC141,ENTPD6,1,1
CCDC141,EXOSC10,1,1
CCDC141,FAAP20,1,1
CCDC141,FAM102B,1,1
CCDC141,FAM118A,1,1
CCDC141,FAM126B,1,1
CCDC141,FAM19A3,1,1
CCDC141,FEZF1,1,1
CCDC141,FN1,1,1
CCDC141,FRG2DP,1,1
CCDC141,GCLM,1,1
CCDC141,GDAP2,1,1
CCDC141,GPR55,1,1
CCDC141,HENMT1,1,1
CCDC141,HERC2P5,1,1
CCDC141,HERC2P8,1,1
CCDC141,HLA-DRB4,1,1
CCDC141,HSPA8P1,1,1
CCDC141,HSPA8P8,1,1
CCDC141,HSPA8P9,1,1
CCDC141,KCTD14,1,1
CCDC141,KIF1B,1,1
CCDC141,LAMA1,1,1
CCDC141,LDLRAD3,1,1
CCDC141,LHX8,1,1
CCDC141,LIMK2,1,1
CCDC141,LINS1,1,1
CCDC141,LONRF3,1,1
CCDC141,LRRC61,1,1
CCDC141,LYPLA2,1,1
CCDC141,MCTP1,1,1
CCDC141,MERTK,1,1
CCDC141,MFF,1,1
CCDC141,MGAM2,1,1
CCDC141,MKRN3,1,1
CCDC141,MMP8,1,1
CCDC141,MORN1,1,1
CCDC141,MRFAP1,1,1
CCDC141,NBPF8,1,1
CCDC141,NDUFA10,1,1
CCDC141,NOTCH2,1,1
CCDC141,NPAS2,1,1
CCDC141,NPPC,1,1
CCDC141,NT5DC3,1,1
CCDC141,PDE4B,1,1
CCDC141,PEX14,1,1
CCDC141,PHGDH,1,1
CCDC141,PIK3R3,1,1
CCDC141,PIM3,1,1
CCDC141,POLE4,1,1
CCDC141,PPP1R12B,1,1
CCDC141,PRKG2,1,1
CCDC141,RASEF,1,1
CCDC141,RBX1,1,1
CCDC141,RP11-119J18.1,1,1
CCDC141,RP11-159J3.1,1,1
CCDC141,RP11-327P2.7,1,1
CCDC141,RP11-61N20.3,1,1
CCDC141,RPH3A,1,1
CCDC141,RPL11,1,1
CCDC141,RPS6KA5,1,1
CCDC141,RTFDC1,1,1
CCDC141,SAMM50,1,1
CCDC141,SCML4,1,1
CCDC141,SEC22B,1,1
CCDC141,SERGEF,1,1
CCDC141,SLAMF7,1,1
CCDC141,SLC25A33,1,1
CCDC141,SLC46A3,1,1
CCDC141,SPP1,1,1
CCDC141,SPRR2D,1,1
CCDC141,SQRDL,1,1
CCDC141,SS18L1,1,1
CCDC141,STAT1,1,1
CCDC141,SYCP2,1,1
CCDC141,TBC1D4,1,1
CCDC141,TMC3,1,1
CCDC141,TMEM144,1,1
CCDC141,TMEM64,1,1
CCDC141,TMUB1,1,1
CCDC141,TP73,1,1
CCDC141,TRPA1,1,1
CCDC141,TRPV4,1,1
CCDC141,TTN,1,1
CCDC141,TUB,1,1
CCDC141,UBE2J1,1,1
CCDC141,VAPB,1,1
CCDC141,VAV3,1,1
CCDC141,VCX3B,1,1
CCDC141,ZDHHC11B,1,1
CCDC141,ZNF114,1,1
CCDC141,ZNF43,1,1
CCDC141,ZNF503,1,1
CCDC141,ZYG11A,1,1
PLAG1,ATP6V1C1,1,1
PLAG1,C7ORF49,1,1
PLAG1,CBX5,1,1
PLAG1,FAM20C,1,1
PLAG1,HOXC10,1,1
PLAG1,L3MBTL2,1,1
PLAG1,LZIC,1,1
PLAG1,MARK3,1,1
PLAG1,MEPCE,1,1
PLAG1,MESDC2,1,1
PLAG1,NME7,1,1
PLAG1,PEX10,1,1
PLAG1,PITHD1,1,1
PLAG1,RAB5A,1,1
PLAG1,SKI,1,1
PLAG1,SLC23A2,1,1
PLAG1,SQSTM1,1,1
PLAG1,ST7,1,1
PLAG1,TRAPPC2,1,1
PLAG1,VCP,1,1
PLAG1,ZNF326,1,1
TSNAX,DDI2,1,1
TSNAX,SAMD9,1,1
E2F2,ABHD2,1,1
E2F2,ACAN,1,1
E2F2,ACOT7,1,1
E2F2,ADAMTS17,1,1
E2F2,ALDH1A1,1,1
E2F2,AMPH,1,1
E2F2,ANKRD27,1,1
E2F2,AP1S3,1,1
E2F2,APITD1,1,1
E2F2,ASRGL1,1,1
E2F2,ATAD3B,1,1
E2F2,ATOX1,1,1
E2F2,ATP6V0D2,1,1
E2F2,AURKAIP1,1,1
E2F2,BCAS2,1,1
E2F2,BCL2L11,1,1
E2F2,BICDL1,1,1
E2F2,C1ORF174,1,1
E2F2,C2ORF69,1,1
E2F2,CADPS,1,1
E2F2,CCNA1,1,1
E2F2,CD109,1,1
E2F2,CGN,1,1
E2F2,CHRNA7,1,1
E2F2,CIB1,1,1
E2F2,CLSPN,1,1
E2F2,COQ10B,1,1
E2F2,CSF2RA,1,1
E2F2,DDT,1,1
E2F2,DFFA,1,1
E2F2,DPYSL5,1,1
E2F2,DTX3L,1,1
E2F2,EIF5A2,1,1
E2F2,ENHO,1,1
E2F2,EXOSC10,1,1
E2F2,FAM118A,1,1
E2F2,FAM19A3,1,1
E2F2,FANCI,1,1
E2F2,FN1,1,1
E2F2,FRG2DP,1,1
E2F2,GET4,1,1
E2F2,GGH,1,1
E2F2,GPR55,1,1
E2F2,GXYLT1,1,1
E2F2,HERC2P5,1,1
E2F2,HERC2P8,1,1
E2F2,HEY1,1,1
E2F2,HSPA8P1,1,1
E2F2,IDH3A,1,1
E2F2,KIF7,1,1
E2F2,LHX8,1,1
E2F2,LPXN,1,1
E2F2,LRRC47,1,1
E2F2,LSR,1,1
E2F2,LYPLA2,1,1
E2F2,MAD2L2,1,1
E2F2,MARS2,1,1
E2F2,MCM3,1,1
E2F2,MCTP1,1,1
E2F2,MERTK,1,1
E2F2,MGAM2,1,1
E2F2,MKRN3,1,1
E2F2,MLH3,1,1
E2F2,MMP8,1,1
E2F2,MORN1,1,1
E2F2,MRFAP1,1,1
E2F2,MTFP1,1,1
E2F2,NCAPH2,1,1
E2F2,NDUFB3,1,1
E2F2,NDUFS1,1,1
E2F2,NOTCH2,1,1
E2F2,NPAS2,1,1
E2F2,NPPC,1,1
E2F2,NT5DC3,1,1
E2F2,PARK7,1,1
E2F2,PGAP2,1,1
E2F2,PHTF1,1,1
E2F2,PIK3R3,1,1
E2F2,PLCB4,1,1
E2F2,POLE4,1,1
E2F2,POLR2J,1,1
E2F2,PRKG2,1,1
E2F2,PTTG1,1,1
E2F2,RALY,1,1
E2F2,RASEF,1,1
E2F2,RBX1,1,1
E2F2,RLBP1,1,1
E2F2,RPA2,1,1
E2F2,RPH3A,1,1
E2F2,RPS6KA5,1,1
E2F2,RTFDC1,1,1
E2F2,RYBP,1,1
E2F2,SCML4,1,1
E2F2,SEC22B,1,1
E2F2,SERGEF,1,1
E2F2,SNRNP25,1,1
E2F2,SRM,1,1
E2F2,STK17B,1,1
E2F2,STOML2,1,1
E2F2,TBC1D4,1,1
E2F2,TMEM144,1,1
E2F2,TMEM64,1,1
E2F2,TMF1,1,1
E2F2,TMUB1,1,1
E2F2,TP73,1,1
E2F2,TRMU,1,1
E2F2,TRPV4,1,1
E2F2,UBA3,1,1
E2F2,VAV3,1,1
E2F2,ZC3H11B,1,1
E2F2,ZDHHC11B,1,1
E2F2,ZNF114,1,1
E2F2,ZNF503,1,1
E2F2,ZNF776,1,1
ATP5J2,ALAS1,1,1
ATP5J2,C1ORF112,1,1
ATP5J2,CARD16,1,1
ATP5J2,INPPL1,1,1
ATP5J2,MRPS5,1,1
ATP5J2,NUDT1,1,1
ATP5J2,REPS1,1,1
ATP5J2,RHOJ,1,1
ATP5J2,RIPK4,1,1
ATP5J2,TBL1X,1,1
ATP5J2,TTF2,1,1
ATP5J2,VPS45,1,1
ATP5J2,WDR59,1,1
ATP5J2,ZNF839,1,1
PEF1,CAMTA1,1,1
PEF1,DERA,1,1
PEF1,MED15,1,1
PEF1,THAP3,1,1
MGAT5,AGAP1,1,1
MGAT5,AK2,1,1
MGAT5,ALDH1B1,1,1
MGAT5,ALG3,1,1
MGAT5,ARHGEF39,1,1
MGAT5,ARL 3.00,1,1
MGAT5,ATP10B,1,1
MGAT5,ATXN7L3B,1,1
MGAT5,B3GALT6,1,1
MGAT5,BAIAP2L2,1,1
MGAT5,BCAS3,1,1
MGAT5,C11ORF57,1,1
MGAT5,C1ORF112,1,1
MGAT5,C5ORF34,1,1
MGAT5,CAPZA2,1,1
MGAT5,CARD14,1,1
MGAT5,CASP8,1,1
MGAT5,CEP41,1,1
MGAT5,CHEK2,1,1
MGAT5,CMAS,1,1
MGAT5,COG5,1,1
MGAT5,CSDE1,1,1
MGAT5,DDOST,1,1
MGAT5,DDT,1,1
MGAT5,DLD,1,1
MGAT5,DYNC1I1,1,1
MGAT5,ECE1,1,1
MGAT5,EMC1,1,1
MGAT5,EN1,1,1
MGAT5,ENO1,1,1
MGAT5,EYA4,1,1
MGAT5,FOXRED2,1,1
MGAT5,FZD6,1,1
MGAT5,GDPD1,1,1
MGAT5,GFPT1,1,1
MGAT5,GLDC,1,1
MGAT5,GPR157,1,1
MGAT5,HEY1,1,1
MGAT5,HOXB6,1,1
MGAT5,IGF2BP3,1,1
MGAT5,IGHVII-30-43,1,1
MGAT5,ITGAV,1,1
MGAT5,KDELC1,1,1
MGAT5,KIAA2013,1,1
MGAT5,KIRREL,1,1
MGAT5,L3MBTL4,1,1
MGAT5,LCP2,1,1
MGAT5,LRP12,1,1
MGAT5,MAPK8IP2,1,1
MGAT5,MFN2,1,1
MGAT5,MKLN1,1,1
MGAT5,MLH3,1,1
MGAT5,MLLT4,1,1
MGAT5,MMS19,1,1
MGAT5,MOV10,1,1
MGAT5,MSL3P1,1,1
MGAT5,NIPAL3,1,1
MGAT5,NSMCE3,1,1
MGAT5,NUDCD3,1,1
MGAT5,NUP43,1,1
MGAT5,P3H3,1,1
MGAT5,PANX2,1,1
MGAT5,PARP9,1,1
MGAT5,PLOD2,1,1
MGAT5,POU3F2,1,1
MGAT5,PPFIBP1,1,1
MGAT5,PRKCZ,1,1
MGAT5,PSMA5,1,1
MGAT5,PSMC2,1,1
MGAT5,PXDN,1,1
MGAT5,RAP1A,1,1
MGAT5,RIPK4,1,1
MGAT5,RLBP1,1,1
MGAT5,RNF207,1,1
MGAT5,RNF43,1,1
MGAT5,RP11-153I24.5,1,1
MGAT5,RPN2,1,1
MGAT5,RRP7BP,1,1
MGAT5,RTCB,1,1
MGAT5,SDF4,1,1
MGAT5,SDHB,1,1
MGAT5,SH3BP1,1,1
MGAT5,SLC25A13,1,1
MGAT5,SLC35F6,1,1
MGAT5,SMARCE1,1,1
MGAT5,SNX17,1,1
MGAT5,SORL1,1,1
MGAT5,STK11IP,1,1
MGAT5,STRIP2,1,1
MGAT5,SYNM,1,1
MGAT5,SYPL1,1,1
MGAT5,TBCA,1,1
MGAT5,TEAD2,1,1
MGAT5,TIMM50,1,1
MGAT5,TIMP3,1,1
MGAT5,TMED9,1,1
MGAT5,TMEM242,1,1
MGAT5,TMF1,1,1
MGAT5,TNIP2,1,1
MGAT5,TNRC6B,1,1
MGAT5,TRABD,1,1
MGAT5,TRMT2A,1,1
MGAT5,TTF2,1,1
MGAT5,TUBB2A,1,1
MGAT5,UFD1L,1,1
MGAT5,VCX3A,1,1
MGAT5,VPS45,1,1
MGAT5,WASL,1,1
MGAT5,ZC3H11B,1,1
MGAT5,ZC3HC1,1,1
MGAT5,ZMYM1,1,1
MGAT5,ZNF697,1,1
MGAT5,ZNF839,1,1
COMMD4,CARS2,1,1
COMMD4,DBNL,1,1
COMMD4,FANCG,1,1
COMMD4,H2AFZ,1,1
COMMD4,LENG9,1,1
COMMD4,LRP6,1,1
COMMD4,LRRK1,1,1
COMMD4,RBFA,1,1
COMMD4,SLC25A4,1,1
COMMD4,TXNL4A,1,1
COMMD4,UBE2L3,1,1
COMMD4,YWHAH,1,1
COMMD4,ZNF426,1,1
CPS1,DDX60L,1,1
CPS1,RCCD1,1,1
FAM126B,ABCD1,1,1
FAM126B,ABHD12,1,1
FAM126B,ABHD2,1,1
FAM126B,AC013264.1,1,1
FAM126B,ACAN,1,1
FAM126B,ACOT7,1,1
FAM126B,ADAMTS17,1,1
FAM126B,AKAP9,1,1
FAM126B,AKR7A2,1,1
FAM126B,ALDH1A1,1,1
FAM126B,AMPH,1,1
FAM126B,ANKRD30B,1,1
FAM126B,ANKRD44,1,1
FAM126B,ANO4,1,1
FAM126B,ARHGEF35,1,1
FAM126B,ARHGEF5,1,1
FAM126B,ASRGL1,1,1
FAM126B,ATP11A,1,1
FAM126B,ATP6V0D2,1,1
FAM126B,ATP6V1C1,1,1
FAM126B,ATRN,1,1
FAM126B,BICDL1,1,1
FAM126B,BIRC7,1,1
FAM126B,CA8,1,1
FAM126B,CAP1,1,1
FAM126B,CAPG,1,1
FAM126B,CCDC36,1,1
FAM126B,CCNA1,1,1
FAM126B,CD40,1,1
FAM126B,CDC42,1,1
FAM126B,CDKN2B,1,1
FAM126B,CEACAM1,1,1
FAM126B,CHN2,1,1
FAM126B,CPTP,1,1
FAM126B,CRKL,1,1
FAM126B,DDRGK1,1,1
FAM126B,DPY19L2P2,1,1
FAM126B,DTNBP1,1,1
FAM126B,DTX3L,1,1
FAM126B,ECHDC1,1,1
FAM126B,EMILIN2,1,1
FAM126B,ENTPD6,1,1
FAM126B,EXOSC10,1,1
FAM126B,FAM102B,1,1
FAM126B,FAM118A,1,1
FAM126B,FAM217B,1,1
FAM126B,FBXO42,1,1
FAM126B,FRMD4B,1,1
FAM126B,FUT4,1,1
FAM126B,GCLM,1,1
FAM126B,GDAP2,1,1
FAM126B,GTF2H1,1,1
FAM126B,GUCD1,1,1
FAM126B,HENMT1,1,1
FAM126B,HOOK1,1,1
FAM126B,HSPA8P1,1,1
FAM126B,HSPA8P8,1,1
FAM126B,HSPA8P9,1,1
FAM126B,ICMT,1,1
FAM126B,KCTD14,1,1
FAM126B,KIF1B,1,1
FAM126B,KIN,1,1
FAM126B,LAMA1,1,1
FAM126B,LDLRAD3,1,1
FAM126B,LHX8,1,1
FAM126B,LIMK2,1,1
FAM126B,LINS1,1,1
FAM126B,LONRF3,1,1
FAM126B,LRRC61,1,1
FAM126B,LSM 8.00,1,1
FAM126B,LUZP1,1,1
FAM126B,LZIC,1,1
FAM126B,MAPK1,1,1
FAM126B,MERTK,1,1
FAM126B,MGAM2,1,1
FAM126B,MLXIP,1,1
FAM126B,MMP8,1,1
FAM126B,MTOR,1,1
FAM126B,NAV2,1,1
FAM126B,NBPF8,1,1
FAM126B,NDUFA10,1,1
FAM126B,NPPC,1,1
FAM126B,PDE4B,1,1
FAM126B,PHF20,1,1
FAM126B,PHGDH,1,1
FAM126B,PIK3R3,1,1
FAM126B,PNKD,1,1
FAM126B,PNRC2,1,1
FAM126B,PRKG2,1,1
FAM126B,RP11-119J18.1,1,1
FAM126B,RP11-159J3.1,1,1
FAM126B,RP11-327P2.7,1,1
FAM126B,RP11-61N20.3,1,1
FAM126B,RPH3A,1,1
FAM126B,RPL11,1,1
FAM126B,RPS6KA5,1,1
FAM126B,RSBN1,1,1
FAM126B,SAMM50,1,1
FAM126B,SBF1,1,1
FAM126B,SCML4,1,1
FAM126B,SEC22B,1,1
FAM126B,SFMBT1,1,1
FAM126B,SLAMF7,1,1
FAM126B,SLC37A3,1,1
FAM126B,SLC46A3,1,1
FAM126B,SQRDL,1,1
FAM126B,SS18L1,1,1
FAM126B,STAT1,1,1
FAM126B,SYCP2,1,1
FAM126B,TBC1D4,1,1
FAM126B,TGFBR3,1,1
FAM126B,TIMM8B,1,1
FAM126B,TMC3,1,1
FAM126B,TMEM51,1,1
FAM126B,TMEM64,1,1
FAM126B,TP73,1,1
FAM126B,TPPP,1,1
FAM126B,TRPA1,1,1
FAM126B,TUB,1,1
FAM126B,UBE2J1,1,1
FAM126B,VAMP3,1,1
FAM126B,VAPB,1,1
FAM126B,VAV3,1,1
FAM126B,VCX3B,1,1
FAM126B,ZDHHC11B,1,1
FAM126B,ZNF114,1,1
FAM126B,ZNF43,1,1
FAM126B,ZNF503,1,1
FAM126B,ZYG11A,1,1
CASP1,AK5,1,1
CASP1,B4GALT1,1,1
CASP1,DDX60L,1,1
CASP1,EIF5AL1,1,1
CASP1,ERP29,1,1
CASP1,EVA1A,1,1
CASP1,GSTO1,1,1
CASP1,HERC5,1,1
CASP1,LNX2,1,1
CASP1,MCOLN3,1,1
CASP1,MLF 2.00,1,1
CASP1,OR2A20P,1,1
CASP1,PRRG1,1,1
CASP1,RBBP4,1,1
CASP1,SCUBE2,1,1
CASP1,SIRPA,1,1
CASP1,SPON2,1,1
CASP1,TGFBR1,1,1
CASP1,TMEM106A,1,1
CASP1,TMEM184B,1,1
CASP1,VAMP8,1,1
CASP1,WDR91,1,1
FBXO42,ABCD1,1,1
FBXO42,AC013264.1,1,1
FBXO42,ACAN,1,1
FBXO42,ACOT7,1,1
FBXO42,AKR7A2,1,1
FBXO42,ALDH1A1,1,1
FBXO42,ANKRD30B,1,1
FBXO42,ANKRD44,1,1
FBXO42,AP5S1,1,1
FBXO42,ARHGAP39,1,1
FBXO42,ARHGEF35,1,1
FBXO42,ARPC1A,1,1
FBXO42,ASRGL1,1,1
FBXO42,ATP11A,1,1
FBXO42,ATP6V1C1,1,1
FBXO42,ATP6V1E1,1,1
FBXO42,ATRN,1,1
FBXO42,BICDL1,1,1
FBXO42,BIRC7,1,1
FBXO42,BLCAP,1,1
FBXO42,CA8,1,1
FBXO42,CADM1,1,1
FBXO42,CARHSP1,1,1
FBXO42,CD36,1,1
FBXO42,CDC42,1,1
FBXO42,CEACAM1,1,1
FBXO42,CHN2,1,1
FBXO42,CLDN14,1,1
FBXO42,CPTP,1,1
FBXO42,DDRGK1,1,1
FBXO42,DNAJC16,1,1
FBXO42,DPY19L2P2,1,1
FBXO42,DTNBP1,1,1
FBXO42,EMILIN2,1,1
FBXO42,ENHO,1,1
FBXO42,ENTPD6,1,1
FBXO42,EXOSC10,1,1
FBXO42,FAM102B,1,1
FBXO42,FAM19A3,1,1
FBXO42,FEZF1,1,1
FBXO42,FRMD4B,1,1
FBXO42,GPR157,1,1
FBXO42,GRAMD4,1,1
FBXO42,HENMT1,1,1
FBXO42,HERC2P8,1,1
FBXO42,HMGXB3,1,1
FBXO42,HSPA8P1,1,1
FBXO42,KCTD14,1,1
FBXO42,KIF1B,1,1
FBXO42,LAMA1,1,1
FBXO42,LINS1,1,1
FBXO42,LONRF3,1,1
FBXO42,LRRC61,1,1
FBXO42,LUZP1,1,1
FBXO42,LZIC,1,1
FBXO42,MAPK1,1,1
FBXO42,MED15,1,1
FBXO42,MERTK,1,1
FBXO42,MFF,1,1
FBXO42,MGAM2,1,1
FBXO42,MLXIP,1,1
FBXO42,MMP8,1,1
FBXO42,MRFAP1,1,1
FBXO42,MTOR,1,1
FBXO42,MUL1,1,1
FBXO42,NBPF8,1,1
FBXO42,NDUFA10,1,1
FBXO42,PDE4B,1,1
FBXO42,PEX10,1,1
FBXO42,PEX14,1,1
FBXO42,PEX26,1,1
FBXO42,PHGDH,1,1
FBXO42,PIK3R3,1,1
FBXO42,PNKD,1,1
FBXO42,RAB17,1,1
FBXO42,RP11-119J18.1,1,1
FBXO42,RP11-159J3.1,1,1
FBXO42,RP11-327P2.7,1,1
FBXO42,RP11-61N20.3,1,1
FBXO42,RPH3A,1,1
FBXO42,RPS6KA5,1,1
FBXO42,SAMM50,1,1
FBXO42,SBF1,1,1
FBXO42,SCML4,1,1
FBXO42,SEC22B,1,1
FBXO42,SLC25A33,1,1
FBXO42,SLC37A3,1,1
FBXO42,SRGAP2C,1,1
FBXO42,SS18L1,1,1
FBXO42,SYCP2,1,1
FBXO42,TBC1D4,1,1
FBXO42,TGFBR3,1,1
FBXO42,TIMM8B,1,1
FBXO42,TMC3,1,1
FBXO42,TMEM51,1,1
FBXO42,TP73,1,1
FBXO42,TPPP,1,1
FBXO42,TRPA1,1,1
FBXO42,TUB,1,1
FBXO42,TXN2,1,1
FBXO42,UBE2J1,1,1
FBXO42,VAMP3,1,1
FBXO42,VAV3,1,1
FBXO42,VCX3B,1,1
FBXO42,WDR47,1,1
FBXO42,ZNF114,1,1
FBXO42,ZNF503,1,1
TBL1X,APITD1,1,1
TBL1X,ARHGEF39,1,1
TBL1X,ATOX1,1,1
TBL1X,ATP10B,1,1
TBL1X,ATXN7L3,1,1
TBL1X,ATXN7L3B,1,1
TBL1X,BCAS3,1,1
TBL1X,BMPR1B,1,1
TBL1X,C1ORF112,1,1
TBL1X,CARD16,1,1
TBL1X,CEP41,1,1
TBL1X,CHEK2,1,1
TBL1X,CIT,1,1
TBL1X,COG5,1,1
TBL1X,DDOST,1,1
TBL1X,EYA4,1,1
TBL1X,GGH,1,1
TBL1X,HEY1,1,1
TBL1X,IGHVII-30-43,1,1
TBL1X,IMMP2L,1,1
TBL1X,INPPL1,1,1
TBL1X,KDELC1,1,1
TBL1X,L3MBTL4,1,1
TBL1X,LCP2,1,1
TBL1X,LLGL1,1,1
TBL1X,MLH3,1,1
TBL1X,MRPS5,1,1
TBL1X,MSL3P1,1,1
TBL1X,NBPF26,1,1
TBL1X,NDUFB3,1,1
TBL1X,NOL4L,1,1
TBL1X,NSMCE3,1,1
TBL1X,PANX2,1,1
TBL1X,PARK7,1,1
TBL1X,PARP9,1,1
TBL1X,PDCD6,1,1
TBL1X,PTPRK,1,1
TBL1X,RHOJ,1,1
TBL1X,RIPK4,1,1
TBL1X,RNF43,1,1
TBL1X,SDF4,1,1
TBL1X,SDHB,1,1
TBL1X,SLC35F6,1,1
TBL1X,STRIP2,1,1
TBL1X,SYNM,1,1
TBL1X,SYPL1,1,1
TBL1X,TBCA,1,1
TBL1X,TEAD2,1,1
TBL1X,TIMM50,1,1
TBL1X,TIMP3,1,1
TBL1X,TMED9,1,1
TBL1X,TTF2,1,1
TBL1X,TUBB2A,1,1
TBL1X,VPS45,1,1
TBL1X,ZMYM1,1,1
TBL1X,ZNF3,1,1
INTS3,ABCD1,1,1
INTS3,ACAN,1,1
INTS3,ACOT7,1,1
INTS3,ADAMTS17,1,1
INTS3,AL513523.1,1,1
INTS3,ALDH1A1,1,1
INTS3,ANKRD30B,1,1
INTS3,ARHGEF35,1,1
INTS3,ASRGL1,1,1
INTS3,ATAD3B,1,1
INTS3,BICDL1,1,1
INTS3,BIRC7,1,1
INTS3,BLCAP,1,1
INTS3,CCNA1,1,1
INTS3,CPTP,1,1
INTS3,DDRGK1,1,1
INTS3,DNAJC16,1,1
INTS3,DPY19L2P2,1,1
INTS3,EIF5A2,1,1
INTS3,EMILIN2,1,1
INTS3,ENTPD6,1,1
INTS3,EXOSC10,1,1
INTS3,FAM118A,1,1
INTS3,FAM19A3,1,1
INTS3,FN1,1,1
INTS3,FRG2DP,1,1
INTS3,GPR55,1,1
INTS3,HENMT1,1,1
INTS3,HERC2P8,1,1
INTS3,HOOK1,1,1
INTS3,HSPA8P1,1,1
INTS3,HSPA8P8,1,1
INTS3,HSPA8P9,1,1
INTS3,KCTD14,1,1
INTS3,KLHL21,1,1
INTS3,LHX8,1,1
INTS3,LMF2,1,1
INTS3,LONRF3,1,1
INTS3,LRRC61,1,1
INTS3,MGAM2,1,1
INTS3,MMP8,1,1
INTS3,MORN1,1,1
INTS3,MRFAP1,1,1
INTS3,MUL1,1,1
INTS3,NBPF8,1,1
INTS3,NOTCH2,1,1
INTS3,NPPC,1,1
INTS3,NRROS,1,1
INTS3,PHGDH,1,1
INTS3,PIK3R3,1,1
INTS3,PLEKHA7,1,1
INTS3,PRKG2,1,1
INTS3,RASEF,1,1
INTS3,RBM19,1,1
INTS3,RP11-159J3.1,1,1
INTS3,RP11-327P2.7,1,1
INTS3,RP11-61N20.3,1,1
INTS3,RPH3A,1,1
INTS3,RPS6KA5,1,1
INTS3,RYBP,1,1
INTS3,SCML4,1,1
INTS3,SFI1,1,1
INTS3,SLC25A33,1,1
INTS3,SYCP2,1,1
INTS3,TMC3,1,1
INTS3,TMEM201,1,1
INTS3,TMEM64,1,1
INTS3,TP73,1,1
INTS3,TRPA1,1,1
INTS3,VAV3,1,1
INTS3,ZDHHC11B,1,1
INTS3,ZNF114,1,1
INTS3,ZYG11A,1,1
FAM172A,CRKL,1,1
FAM172A,DHX33,1,1
FAM172A,ECHDC1,1,1
FAM172A,GCLM,1,1
FAM172A,KLHL21,1,1
FAM172A,MARS2,1,1
FAM172A,MTERF1,1,1
FAM172A,PTGR2,1,1
FAM172A,ZDHHC17,1,1
FAM172A,ZNHIT3,1,1
WDR59,C5ORF34,1,1
WDR59,MRPS5,1,1
WDR59,SMIM4,1,1
WDR59,TEAD2,1,1
WDR59,TMEM115,1,1
WDR59,VPS45,1,1
TRMT2A,AK2,1,1
TRMT2A,ALDH1B1,1,1
TRMT2A,ALG3,1,1
TRMT2A,ARL 3.00,1,1
TRMT2A,ATP10B,1,1
TRMT2A,ATXN7L3B,1,1
TRMT2A,B3GALT6,1,1
TRMT2A,C11ORF57,1,1
TRMT2A,C1ORF159,1,1
TRMT2A,CARD14,1,1
TRMT2A,CASP8,1,1
TRMT2A,CHEK2,1,1
TRMT2A,CMAS,1,1
TRMT2A,DDOST,1,1
TRMT2A,DLD,1,1
TRMT2A,DYNC1I1,1,1
TRMT2A,EMC1,1,1
TRMT2A,EN1,1,1
TRMT2A,ENO1,1,1
TRMT2A,EYA1,1,1
TRMT2A,EYA4,1,1
TRMT2A,FOXRED2,1,1
TRMT2A,FZD6,1,1
TRMT2A,GDPD1,1,1
TRMT2A,GFPT1,1,1
TRMT2A,GLDC,1,1
TRMT2A,HEY1,1,1
TRMT2A,IGF2BP3,1,1
TRMT2A,IGHVII-30-43,1,1
TRMT2A,KDELC1,1,1
TRMT2A,KIAA2013,1,1
TRMT2A,KIRREL,1,1
TRMT2A,LCP2,1,1
TRMT2A,LRP12,1,1
TRMT2A,MMS19,1,1
TRMT2A,MYL12B,1,1
TRMT2A,NIPAL3,1,1
TRMT2A,NSMCE3,1,1
TRMT2A,NUDCD3,1,1
TRMT2A,NUP43,1,1
TRMT2A,PANX2,1,1
TRMT2A,POU3F2,1,1
TRMT2A,PPFIBP1,1,1
TRMT2A,PRKCZ,1,1
TRMT2A,PSMA5,1,1
TRMT2A,PSMC2,1,1
TRMT2A,PXDN,1,1
TRMT2A,RBSN,1,1
TRMT2A,RNF207,1,1
TRMT2A,RNF43,1,1
TRMT2A,RP11-153I24.5,1,1
TRMT2A,RPN2,1,1
TRMT2A,RRP7BP,1,1
TRMT2A,SDF4,1,1
TRMT2A,SDHB,1,1
TRMT2A,SH3BP1,1,1
TRMT2A,SLC25A13,1,1
TRMT2A,SLC35F6,1,1
TRMT2A,SLC5A6,1,1
TRMT2A,SMARCE1,1,1
TRMT2A,SNX17,1,1
TRMT2A,SORL1,1,1
TRMT2A,SYNM,1,1
TRMT2A,SYPL1,1,1
TRMT2A,TBCA,1,1
TRMT2A,TIMM50,1,1
TRMT2A,TIMP3,1,1
TRMT2A,TMED9,1,1
TRMT2A,TMEM242,1,1
TRMT2A,TNIP2,1,1
TRMT2A,TRABD,1,1
TRMT2A,TUBB2A,1,1
TRMT2A,UFD1L,1,1
TRMT2A,ZNF697,1,1
CYP2R1,ATL1,1,1
CYP2R1,HIPK2,1,1
CYP2R1,LRRK1,1,1
CYP2R1,RAB34,1,1
CYP2R1,RCCD1,1,1
CYP2R1,SCML2,1,1
CYP2R1,SLC22A15,1,1
CYP2R1,SLC9A8,1,1
CYP2R1,TAF7,1,1
CYP2R1,TRIM65,1,1
CYP2R1,ZNF260,1,1
CYP2R1,ZNF426,1,1
ATP6V1E2,APITD1,1,1
ATP6V1E2,ATG10,1,1
ATP6V1E2,AURKAIP1,1,1
ATP6V1E2,CHCHD2,1,1
ATP6V1E2,DDT,1,1
ATP6V1E2,ELOVL5,1,1
ATP6V1E2,FAM86DP,1,1
ATP6V1E2,METAP1D,1,1
ATP6V1E2,MIF,1,1
ATP6V1E2,MRFAP1L1,1,1
ATP6V1E2,NDUFB3,1,1
ATP6V1E2,PICK1,1,1
ATP6V1E2,PNMA1,1,1
ATP6V1E2,SH3BP2,1,1
ATP6V1E2,UBA3,1,1
IGF2R,AGAP3,1,1
IGF2R,AKR7A2,1,1
IGF2R,ARPC1A,1,1
IGF2R,ATP6V1C1,1,1
IGF2R,ATP6V1E1,1,1
IGF2R,BAIAP2L2,1,1
IGF2R,BLCAP,1,1
IGF2R,CDC26,1,1
IGF2R,CDC42,1,1
IGF2R,CEP41,1,1
IGF2R,CINP,1,1
IGF2R,CUEDC1,1,1
IGF2R,DNAJC16,1,1
IGF2R,EARS2,1,1
IGF2R,EPM2AIP1,1,1
IGF2R,FOXRED2,1,1
IGF2R,FRMD4B,1,1
IGF2R,HTRA1,1,1
IGF2R,IGF1R,1,1
IGF2R,JAK2,1,1
IGF2R,LAMP2,1,1
IGF2R,LAMTOR5,1,1
IGF2R,LMAN2L,1,1
IGF2R,LZIC,1,1
IGF2R,MAPK1,1,1
IGF2R,MLX,1,1
IGF2R,MSL3P1,1,1
IGF2R,MTOR,1,1
IGF2R,MUL1,1,1
IGF2R,NBPF26,1,1
IGF2R,PEX10,1,1
IGF2R,PIGO,1,1
IGF2R,PQLC2,1,1
IGF2R,PTPRK,1,1
IGF2R,RAB5A,1,1
IGF2R,RPAP2,1,1
IGF2R,RRBP1,1,1
IGF2R,SGCE,1,1
IGF2R,SLC23A2,1,1
IGF2R,SLC35F5,1,1
IGF2R,SPRY1,1,1
IGF2R,SQSTM1,1,1
IGF2R,ST7,1,1
IGF2R,STK39,1,1
IGF2R,STXBP3,1,1
IGF2R,TCTN3,1,1
IGF2R,TESK2,1,1
IGF2R,TRPV2,1,1
IGF2R,TXLNA,1,1
IGF2R,VCP,1,1
IGF2R,WASL,1,1
IGF2R,ZNF326,1,1
IGF2R,ZNF839,1,1
TBXA2R,AFAP1,1,1
TBXA2R,ARL 16.00,1,1
TBXA2R,DDX60L,1,1
TBXA2R,MLF 2.00,1,1
TBXA2R,NES,1,1
TBXA2R,PRRG1,1,1
TBXA2R,SHC1,1,1
TBXA2R,TRIM65,1,1
TBXA2R,TRPS1,1,1
TBXA2R,ZNF703,1,1
PTCD3,AC013264.1,1,1
PTCD3,ATP6V1C1,1,1
PTCD3,CA8,1,1
PTCD3,CDC42,1,1
PTCD3,GNB1,1,1
PTCD3,KIF16B,1,1
PTCD3,LUZP1,1,1
PTCD3,LZIC,1,1
PTCD3,MAPK1,1,1
PTCD3,OAT,1,1
PTCD3,PTER,1,1
RNF141,EPM2AIP1,1,1
RNF141,FAM167B,1,1
RNF141,HPS5,1,1
RNF141,TESK2,1,1
TGFBR2,APITD1,1,1
TGFBR2,AURKAIP1,1,1
TGFBR2,CDC7,1,1
TGFBR2,CENPI,1,1
TGFBR2,CHCHD2,1,1
TGFBR2,CIT,1,1
TGFBR2,GET4,1,1
TGFBR2,GGH,1,1
TGFBR2,MAD2L2,1,1
TGFBR2,MPHOSPH9,1,1
TGFBR2,MRPL38,1,1
TGFBR2,NDUFB3,1,1
TGFBR2,PTTG1,1,1
TGFBR2,RALY,1,1
TGFBR2,TONSL,1,1
TGFBR2,UBA3,1,1
TGFBR2,ZBTB8OS,1,1
NOL4L,ABCD1,1,1
NOL4L,ACAN,1,1
NOL4L,ACOT7,1,1
NOL4L,ADAMTS17,1,1
NOL4L,AK6,1,1
NOL4L,AKR7A2,1,1
NOL4L,AL513523.1,1,1
NOL4L,ALDH1A1,1,1
NOL4L,AMPH,1,1
NOL4L,ANAPC5,1,1
NOL4L,APITD1,1,1
NOL4L,ARHGEF39,1,1
NOL4L,ARPC1A,1,1
NOL4L,ASRGL1,1,1
NOL4L,ATOX1,1,1
NOL4L,ATP10B,1,1
NOL4L,ATP11A,1,1
NOL4L,ATP6V1E1,1,1
NOL4L,BICDL1,1,1
NOL4L,BLCAP,1,1
NOL4L,CADM1,1,1
NOL4L,CARD16,1,1
NOL4L,CARHSP1,1,1
NOL4L,CD109,1,1
NOL4L,CGN,1,1
NOL4L,CHN2,1,1
NOL4L,CIB1,1,1
NOL4L,COG5,1,1
NOL4L,COX5B,1,1
NOL4L,DDOST,1,1
NOL4L,DDT,1,1
NOL4L,DNAJC16,1,1
NOL4L,DPY19L2P2,1,1
NOL4L,DPYSL5,1,1
NOL4L,EARS2,1,1
NOL4L,EIF5A2,1,1
NOL4L,ENHO,1,1
NOL4L,EXOSC10,1,1
NOL4L,EXTL3,1,1
NOL4L,FAM118A,1,1
NOL4L,FAM19A3,1,1
NOL4L,FBXO6,1,1
NOL4L,FN1,1,1
NOL4L,FOXRED2,1,1
NOL4L,FRG2DP,1,1
NOL4L,FRMD4B,1,1
NOL4L,GGH,1,1
NOL4L,GNB1L,1,1
NOL4L,GPHN,1,1
NOL4L,GPR157,1,1
NOL4L,GPR55,1,1
NOL4L,HERC2P8,1,1
NOL4L,HEY1,1,1
NOL4L,HTRA1,1,1
NOL4L,IMMP2L,1,1
NOL4L,KCNN2,1,1
NOL4L,KCTD14,1,1
NOL4L,KIAA2013,1,1
NOL4L,L3MBTL4,1,1
NOL4L,LAMA1,1,1
NOL4L,LAMP2,1,1
NOL4L,LAMTOR5,1,1
NOL4L,LMF2,1,1
NOL4L,LPXN,1,1
NOL4L,MAD2L2,1,1
NOL4L,MAPK8IP2,1,1
NOL4L,MCM3,1,1
NOL4L,MED15,1,1
NOL4L,MERTK,1,1
NOL4L,MESDC1,1,1
NOL4L,MFF,1,1
NOL4L,MFN2,1,1
NOL4L,MGAM2,1,1
NOL4L,MLH3,1,1
NOL4L,MLXIP,1,1
NOL4L,MMP8,1,1
NOL4L,MRFAP1,1,1
NOL4L,MSL3P1,1,1
NOL4L,MTOR,1,1
NOL4L,NBPF26,1,1
NOL4L,NBPF8,1,1
NOL4L,NRROS,1,1
NOL4L,PARK7,1,1
NOL4L,PARP9,1,1
NOL4L,PDGFD,1,1
NOL4L,PEX14,1,1
NOL4L,PHGDH,1,1
NOL4L,PHTF1,1,1
NOL4L,PLCD3,1,1
NOL4L,PNKD,1,1
NOL4L,POLG,1,1
NOL4L,PQLC2,1,1
NOL4L,PTPRK,1,1
NOL4L,RAB17,1,1
NOL4L,RASEF,1,1
NOL4L,RBM19,1,1
NOL4L,RBX1,1,1
NOL4L,RCN3,1,1
NOL4L,REPS1,1,1
NOL4L,RP11-61N20.3,1,1
NOL4L,RPL11,1,1
NOL4L,RPS6KA5,1,1
NOL4L,RYBP,1,1
NOL4L,SAMM50,1,1
NOL4L,SCML4,1,1
NOL4L,SDHB,1,1
NOL4L,SEC22B,1,1
NOL4L,SERGEF,1,1
NOL4L,SFI1,1,1
NOL4L,SLC25A33,1,1
NOL4L,SLC37A3,1,1
NOL4L,SNRNP25,1,1
NOL4L,SPRY1,1,1
NOL4L,SRM,1,1
NOL4L,STAT1,1,1
NOL4L,STRIP2,1,1
NOL4L,STXBP3,1,1
NOL4L,SYCP2,1,1
NOL4L,TBC1D4,1,1
NOL4L,TESK2,1,1
NOL4L,TIMM50,1,1
NOL4L,TMEM201,1,1
NOL4L,TMEM64,1,1
NOL4L,TP73,1,1
NOL4L,TRIB1,1,1
NOL4L,TRPA1,1,1
NOL4L,TTF2,1,1
NOL4L,TTN,1,1
NOL4L,TXN2,1,1
NOL4L,UBE2J1,1,1
NOL4L,VAV3,1,1
NOL4L,WDR47,1,1
NOL4L,ZC3H11B,1,1
NOL4L,ZNF503,1,1
NOL4L,ZNF776,1,1
RIPK4,AK2,1,1
RIPK4,ALAS1,1,1
RIPK4,ARHGEF39,1,1
RIPK4,ATOX1,1,1
RIPK4,ATP10B,1,1
RIPK4,ATXN7L3B,1,1
RIPK4,BCAS3,1,1
RIPK4,C11ORF57,1,1
RIPK4,C1ORF112,1,1
RIPK4,C1ORF159,1,1
RIPK4,CARD16,1,1
RIPK4,CHEK2,1,1
RIPK4,COG5,1,1
RIPK4,COX5B,1,1
RIPK4,DDOST,1,1
RIPK4,DYNC1I1,1,1
RIPK4,EN1,1,1
RIPK4,FBXO6,1,1
RIPK4,GDPD1,1,1
RIPK4,GFPT1,1,1
RIPK4,IGHVII-30-43,1,1
RIPK4,KDELC1,1,1
RIPK4,L3MBTL4,1,1
RIPK4,LCP2,1,1
RIPK4,MAPK8IP2,1,1
RIPK4,MOV10,1,1
RIPK4,NSMCE3,1,1
RIPK4,PANX2,1,1
RIPK4,PARP9,1,1
RIPK4,PDCD6,1,1
RIPK4,PTPRK,1,1
RIPK4,RNF43,1,1
RIPK4,RPN2,1,1
RIPK4,SDF4,1,1
RIPK4,SDHB,1,1
RIPK4,SLC25A13,1,1
RIPK4,SLC35F6,1,1
RIPK4,SNX17,1,1
RIPK4,SORL1,1,1
RIPK4,STRIP2,1,1
RIPK4,SYNM,1,1
RIPK4,TBCA,1,1
RIPK4,TIMM50,1,1
RIPK4,TIMP3,1,1
RIPK4,TMED9,1,1
RIPK4,TMEM242,1,1
RIPK4,TTF2,1,1
RIPK4,VCX3A,1,1
RIPK4,VPS45,1,1
RIPK4,ZMYM1,1,1
FAM217B,ANKLE2,1,1
FAM217B,ANO4,1,1
FAM217B,ARHGEF35,1,1
FAM217B,BIRC7,1,1
FAM217B,CAP1,1,1
FAM217B,CCNA1,1,1
FAM217B,CPTP,1,1
FAM217B,CRKL,1,1
FAM217B,DHX33,1,1
FAM217B,DOCK9,1,1
FAM217B,ECHDC1,1,1
FAM217B,EEFSEC,1,1
FAM217B,EMILIN2,1,1
FAM217B,ENTPD6,1,1
FAM217B,FAM110A,1,1
FAM217B,FANCI,1,1
FAM217B,FGFR1OP2,1,1
FAM217B,GCLM,1,1
FAM217B,GDAP2,1,1
FAM217B,HSPA8P1,1,1
FAM217B,HSPA8P8,1,1
FAM217B,IDH3B,1,1
FAM217B,KIN,1,1
FAM217B,KLHL21,1,1
FAM217B,LENG9,1,1
FAM217B,LHX8,1,1
FAM217B,LIMK2,1,1
FAM217B,LINS1,1,1
FAM217B,LONRF3,1,1
FAM217B,LRRC61,1,1
FAM217B,MAP4K3,1,1
FAM217B,MARS2,1,1
FAM217B,MPDU1,1,1
FAM217B,MRPL46,1,1
FAM217B,MTERF1,1,1
FAM217B,NIPA2,1,1
FAM217B,PIK3R3,1,1
FAM217B,PIM3,1,1
FAM217B,PRKG2,1,1
FAM217B,RBFA,1,1
FAM217B,RBM39,1,1
FAM217B,RPS27L,1,1
FAM217B,RPS6KA5,1,1
FAM217B,RTCA,1,1
FAM217B,RTFDC1,1,1
FAM217B,SFMBT1,1,1
FAM217B,SLAMF7,1,1
FAM217B,SLC46A3,1,1
FAM217B,SLC4A4,1,1
FAM217B,SS18L1,1,1
FAM217B,TSN,1,1
FAM217B,UBE2L3,1,1
FAM217B,VAPB,1,1
FAM217B,ZDHHC11B,1,1
FAM217B,ZNF114,1,1
FAM217B,ZNF525,1,1
FAM217B,ZNF585B,1,1
FAM217B,ZNHIT3,1,1
PCSK7,AGFG1,1,1
PCSK7,AIG1,1,1
PCSK7,ASCC2,1,1
PCSK7,C7ORF50,1,1
PCSK7,CETN2,1,1
PCSK7,CHCHD2,1,1
PCSK7,CMAS,1,1
PCSK7,EIF3D,1,1
PCSK7,ELOVL5,1,1
PCSK7,ENO1,1,1
PCSK7,FAM86DP,1,1
PCSK7,FAM91A1,1,1
PCSK7,METAP1D,1,1
PCSK7,MIF,1,1
PCSK7,MLLT6,1,1
PCSK7,MRFAP1L1,1,1
PCSK7,NCKAP1,1,1
PCSK7,PHF2,1,1
PCSK7,PSMA5,1,1
PCSK7,RAP1A,1,1
PCSK7,RHPN2,1,1
PCSK7,RPN2,1,1
PCSK7,SLC35E3,1,1
PCSK7,SMARCE1,1,1
PCSK7,TBRG1,1,1
PCSK7,ZNF75A,1,1
RUSC2,ANKRD44,1,1
RUSC2,ATP6V1F,1,1
RUSC2,CBX5,1,1
RUSC2,DERA,1,1
RUSC2,DTNBP1,1,1
RUSC2,HMOX1,1,1
RUSC2,HPS5,1,1
RUSC2,MED15,1,1
RUSC2,MESDC1,1,1
RUSC2,PEX10,1,1
RUSC2,PNKD,1,1
RUSC2,POLG,1,1
RUSC2,POMGNT1,1,1
RUSC2,RAB11FIP4,1,1
RUSC2,SBF1,1,1
RUSC2,SNX8,1,1
RUSC2,SPSB1,1,1
RUSC2,TGFBR3,1,1
EPB41,CDKN2D,1,1
EPB41,CRTC3,1,1
EPB41,LRRK1,1,1
EPB41,MFSD9,1,1
EPB41,PARVA,1,1
EPB41,PER3,1,1
EPB41,RAB34,1,1
EPB41,RNF145,1,1
EPB41,SLC25A4,1,1
EPB41,TXNL4A,1,1
EPB41,ZNF644,1,1
KLHL15,EVL,1,1
KLHL15,RAC1,1,1
ATAD3A,AK2,1,1
ATAD3A,ALDH1B1,1,1
ATAD3A,ALG3,1,1
ATAD3A,ANAPC7,1,1
ATAD3A,APITD1,1,1
ATAD3A,ARMC10,1,1
ATAD3A,ASCC2,1,1
ATAD3A,ATP10B,1,1
ATAD3A,ATP6V0B,1,1
ATAD3A,AUNIP,1,1
ATAD3A,AURKAIP1,1,1
ATAD3A,BAIAP2L2,1,1
ATAD3A,BCAS2,1,1
ATAD3A,C5ORF34,1,1
ATAD3A,CAPZA2,1,1
ATAD3A,CENPI,1,1
ATAD3A,CENPM,1,1
ATAD3A,CEP85,1,1
ATAD3A,COQ10B,1,1
ATAD3A,CSDE1,1,1
ATAD3A,DDOST,1,1
ATAD3A,DLD,1,1
ATAD3A,DPYSL5,1,1
ATAD3A,ECE1,1,1
ATAD3A,EFHD2,1,1
ATAD3A,EIF3D,1,1
ATAD3A,EMC1,1,1
ATAD3A,EN1,1,1
ATAD3A,ENO1,1,1
ATAD3A,EXTL3,1,1
ATAD3A,EYA4,1,1
ATAD3A,FAM91A1,1,1
ATAD3A,FOXN2,1,1
ATAD3A,FOXRED2,1,1
ATAD3A,FTO,1,1
ATAD3A,GET4,1,1
ATAD3A,GLDC,1,1
ATAD3A,GLS,1,1
ATAD3A,GNB1L,1,1
ATAD3A,GSR,1,1
ATAD3A,GTPBP10,1,1
ATAD3A,GXYLT1,1,1
ATAD3A,HEY1,1,1
ATAD3A,HOXD4,1,1
ATAD3A,ID3,1,1
ATAD3A,IGF2BP3,1,1
ATAD3A,KIAA2013,1,1
ATAD3A,KIRREL,1,1
ATAD3A,KLHDC2,1,1
ATAD3A,LCP2,1,1
ATAD3A,LRP12,1,1
ATAD3A,LRRC37A2,1,1
ATAD3A,LRWD1,1,1
ATAD3A,LSR,1,1
ATAD3A,MAD2L2,1,1
ATAD3A,MFN2,1,1
ATAD3A,MLH3,1,1
ATAD3A,MTFP1,1,1
ATAD3A,MTFR2,1,1
ATAD3A,NCKAP1,1,1
ATAD3A,NDUFAF4,1,1
ATAD3A,NELFCD,1,1
ATAD3A,NRROS,1,1
ATAD3A,NUDC,1,1
ATAD3A,NUP43,1,1
ATAD3A,NUP50,1,1
ATAD3A,ORC5,1,1
ATAD3A,P3H3,1,1
ATAD3A,PARK7,1,1
ATAD3A,PDXP,1,1
ATAD3A,POLR1A,1,1
ATAD3A,PSMA5,1,1
ATAD3A,PSMC2,1,1
ATAD3A,PTDSS1,1,1
ATAD3A,PYGB,1,1
ATAD3A,RALY,1,1
ATAD3A,RBM28,1,1
ATAD3A,RBSN,1,1
ATAD3A,RCC2,1,1
ATAD3A,RPN2,1,1
ATAD3A,RRP7BP,1,1
ATAD3A,RTCB,1,1
ATAD3A,SDHB,1,1
ATAD3A,SHQ1,1,1
ATAD3A,SLC16A1,1,1
ATAD3A,SLC35F6,1,1
ATAD3A,SLC5A6,1,1
ATAD3A,SNRNP25,1,1
ATAD3A,SRM,1,1
ATAD3A,STK17B,1,1
ATAD3A,STOML2,1,1
ATAD3A,SYPL1,1,1
ATAD3A,TBCA,1,1
ATAD3A,TIMM50,1,1
ATAD3A,TMEM201,1,1
ATAD3A,TMEM38B,1,1
ATAD3A,TMF1,1,1
ATAD3A,TONSL,1,1
ATAD3A,TRABD,1,1
ATAD3A,TRIP12,1,1
ATAD3A,TRMU,1,1
ATAD3A,TTF2,1,1
ATAD3A,TUBB2A,1,1
ATAD3A,UFD1L,1,1
ATAD3A,VCX3A,1,1
ATAD3A,VDR,1,1
ATAD3A,WDR77,1,1
ATAD3A,ZC3H11B,1,1
ATAD3A,ZNF697,1,1
DLD,AGFG1,1,1
DLD,AIG1,1,1
DLD,AK2,1,1
DLD,ALDH1B1,1,1
DLD,ALG3,1,1
DLD,APITD1,1,1
DLD,ARMC10,1,1
DLD,ASCC2,1,1
DLD,ASUN,1,1
DLD,ATP10B,1,1
DLD,ATXN7L3B,1,1
DLD,BAIAP2L2,1,1
DLD,BCAS2,1,1
DLD,BMPR1B,1,1
DLD,C1ORF112,1,1
DLD,C5ORF34,1,1
DLD,CADPS,1,1
DLD,CAPZA2,1,1
DLD,CASP8,1,1
DLD,CENPI,1,1
DLD,CENPM,1,1
DLD,CEP85,1,1
DLD,CHEK2,1,1
DLD,CLDN12,1,1
DLD,CMAS,1,1
DLD,COQ10B,1,1
DLD,CSDE1,1,1
DLD,DDOST,1,1
DLD,DDT,1,1
DLD,DPYSL5,1,1
DLD,ECE1,1,1
DLD,EFHD2,1,1
DLD,ELOVL5,1,1
DLD,EMC1,1,1
DLD,EN1,1,1
DLD,ENO1,1,1
DLD,EYA1,1,1
DLD,EYA4,1,1
DLD,FAM91A1,1,1
DLD,FOXN2,1,1
DLD,FOXRED2,1,1
DLD,FZD6,1,1
DLD,GET4,1,1
DLD,GFPT1,1,1
DLD,GLDC,1,1
DLD,GLS,1,1
DLD,GNB1L,1,1
DLD,GSR,1,1
DLD,GTPBP10,1,1
DLD,GXYLT1,1,1
DLD,HEY1,1,1
DLD,ID3,1,1
DLD,IGF2BP3,1,1
DLD,IGHVII-30-43,1,1
DLD,ITGAV,1,1
DLD,KDELC1,1,1
DLD,KIAA2013,1,1
DLD,KIRREL,1,1
DLD,KLHDC2,1,1
DLD,KLHDC3,1,1
DLD,LCP2,1,1
DLD,LRP12,1,1
DLD,LRRC37A2,1,1
DLD,LSR,1,1
DLD,MAD2L2,1,1
DLD,MFN2,1,1
DLD,MLH3,1,1
DLD,MLLT6,1,1
DLD,MMS19,1,1
DLD,MTFP1,1,1
DLD,MTFR2,1,1
DLD,NCKAP1,1,1
DLD,NDUFB3,1,1
DLD,NELFCD,1,1
DLD,NIPAL3,1,1
DLD,NUP43,1,1
DLD,NUP50,1,1
DLD,ORC5,1,1
DLD,P3H3,1,1
DLD,PABPC4,1,1
DLD,PANX2,1,1
DLD,PARK7,1,1
DLD,PDXP,1,1
DLD,PHF2,1,1
DLD,PKN3,1,1
DLD,PPFIBP1,1,1
DLD,PRKCZ,1,1
DLD,PSMA5,1,1
DLD,PSMC2,1,1
DLD,PTDSS1,1,1
DLD,RAP1A,1,1
DLD,RDX,1,1
DLD,RHPN2,1,1
DLD,RLBP1,1,1
DLD,RNF19A,1,1
DLD,RPN2,1,1
DLD,RRP7BP,1,1
DLD,RTCB,1,1
DLD,SDHB,1,1
DLD,SLC16A1,1,1
DLD,SLC35F6,1,1
DLD,SLC5A6,1,1
DLD,SMIM4,1,1
DLD,SORL1,1,1
DLD,SRM,1,1
DLD,STK17B,1,1
DLD,SYNM,1,1
DLD,SYPL1,1,1
DLD,TBCA,1,1
DLD,TEAD2,1,1
DLD,TIMM50,1,1
DLD,TIMP3,1,1
DLD,TMEM242,1,1
DLD,TMEM38B,1,1
DLD,TMF1,1,1
DLD,TRABD,1,1
DLD,TRIP12,1,1
DLD,TRMU,1,1
DLD,TTF2,1,1
DLD,TUBB2A,1,1
DLD,UFD1L,1,1
DLD,VCX3A,1,1
DLD,VDR,1,1
DLD,VPS45,1,1
DLD,WDR77,1,1
DLD,ZC3H11B,1,1
DLD,ZC3HC1,1,1
DLD,ZMYM1,1,1
DLD,ZNF697,1,1
DLD,ZNF839,1,1
SRD5A1,GRAMD4,1,1
SRD5A1,KCNN2,1,1
SRD5A1,SETD3,1,1
SRD5A1,TRPA1,1,1
SRD5A1,ZNF789,1,1
VAMP8,AC009133.22,1,1
VAMP8,AK5,1,1
VAMP8,ATP7B,1,1
VAMP8,CDK5R1,1,1
VAMP8,CLSTN1,1,1
VAMP8,CRTC3,1,1
VAMP8,CTSZ,1,1
VAMP8,DDX60L,1,1
VAMP8,DET1,1,1
VAMP8,EVA1A,1,1
VAMP8,FAM161A,1,1
VAMP8,GSTO1,1,1
VAMP8,HERC5,1,1
VAMP8,LNX2,1,1
VAMP8,MBP,1,1
VAMP8,MCOLN3,1,1
VAMP8,MLF 2.00,1,1
VAMP8,MSI2,1,1
VAMP8,MVB12B,1,1
VAMP8,OR2A20P,1,1
VAMP8,PARVA,1,1
VAMP8,PIK3CD,1,1
VAMP8,PRRG1,1,1
VAMP8,PYCARD,1,1
VAMP8,RBBP4,1,1
VAMP8,RNF145,1,1
VAMP8,SCUBE2,1,1
VAMP8,SIRPA,1,1
VAMP8,SOX13,1,1
VAMP8,STIM1,1,1
VAMP8,STXBP2,1,1
VAMP8,TMEM184B,1,1
VAMP8,TP73-AS1,1,1
VAMP8,TPRG1L,1,1
VAMP8,TRPS1,1,1
VAMP8,WDR91,1,1
VAMP8,ZNF703,1,1
IL16,AC013264.1,1,1
IL16,AGAP3,1,1
IL16,ARPC1A,1,1
IL16,ATP6V1C1,1,1
IL16,EFCAB2,1,1
IL16,ERP29,1,1
IL16,FBXO32,1,1
IL16,FRMD4B,1,1
IL16,HPS5,1,1
IL16,LAMP2,1,1
IL16,LAMTOR5,1,1
IL16,LRRC16A,1,1
IL16,LSM 8.00,1,1
IL16,MAPK1,1,1
IL16,MARK3,1,1
IL16,MLXIP,1,1
IL16,MTA1,1,1
IL16,NADK,1,1
IL16,NT5DC1,1,1
IL16,PIGO,1,1
IL16,PPP1R3D,1,1
IL16,RAB17,1,1
IL16,RMND1,1,1
IL16,RRBP1,1,1
IL16,SGCE,1,1
IL16,SLC23A2,1,1
IL16,SLC37A3,1,1
IL16,SLC45A2,1,1
IL16,ST7,1,1
IL16,STXBP3,1,1
IL16,TESK2,1,1
IL16,TGFBR3,1,1
IL16,TMEM51,1,1
IL16,TRPV2,1,1
IL16,USP48,1,1
IL16,ZFYVE16,1,1
IL16,ZNF706,1,1
ATOX1,ACAN,1,1
ATOX1,ACOT7,1,1
ATOX1,ADAMTS17,1,1
ATOX1,AKR7A2,1,1
ATOX1,ALDH1A1,1,1
ATOX1,AMPH,1,1
ATOX1,ANAPC5,1,1
ATOX1,AP1S3,1,1
ATOX1,APITD1,1,1
ATOX1,ARHGEF39,1,1
ATOX1,ARL6IP5,1,1
ATOX1,ATP10B,1,1
ATOX1,ATP11A,1,1
ATOX1,ATP6V1E1,1,1
ATOX1,ATXN7L3B,1,1
ATOX1,BAIAP2L2,1,1
ATOX1,BCAS3,1,1
ATOX1,BICDL1,1,1
ATOX1,BLCAP,1,1
ATOX1,CADM1,1,1
ATOX1,CADPS,1,1
ATOX1,CAPZA2,1,1
ATOX1,CARD16,1,1
ATOX1,CARHSP1,1,1
ATOX1,CD109,1,1
ATOX1,CGN,1,1
ATOX1,CHEK2,1,1
ATOX1,CHN2,1,1
ATOX1,CHRNA7,1,1
ATOX1,CIB1,1,1
ATOX1,CIT,1,1
ATOX1,CLIC4,1,1
ATOX1,COG5,1,1
ATOX1,CSDE1,1,1
ATOX1,CSF2RA,1,1
ATOX1,DDOST,1,1
ATOX1,DDT,1,1
ATOX1,DPYSL5,1,1
ATOX1,ECE1,1,1
ATOX1,EIF5A2,1,1
ATOX1,EN1,1,1
ATOX1,ENHO,1,1
ATOX1,EXOSC10,1,1
ATOX1,EXTL3,1,1
ATOX1,EYA4,1,1
ATOX1,FAM19A3,1,1
ATOX1,FBXO6,1,1
ATOX1,FEZF1,1,1
ATOX1,FN1,1,1
ATOX1,FOXRED2,1,1
ATOX1,FRG2DP,1,1
ATOX1,GGH,1,1
ATOX1,GNB1L,1,1
ATOX1,GNB2,1,1
ATOX1,GPR157,1,1
ATOX1,GPR55,1,1
ATOX1,HERC2P5,1,1
ATOX1,HERC2P8,1,1
ATOX1,HEY1,1,1
ATOX1,IMMP2L,1,1
ATOX1,KDELC1,1,1
ATOX1,KIAA2013,1,1
ATOX1,L3MBTL4,1,1
ATOX1,LAMA1,1,1
ATOX1,LAMP2,1,1
ATOX1,LCP2,1,1
ATOX1,LPXN,1,1
ATOX1,LSR,1,1
ATOX1,MAD2L2,1,1
ATOX1,MAPK8IP2,1,1
ATOX1,MCM3,1,1
ATOX1,MERTK,1,1
ATOX1,MFF,1,1
ATOX1,MFN2,1,1
ATOX1,MGAM2,1,1
ATOX1,MLH3,1,1
ATOX1,MLLT4,1,1
ATOX1,MORN1,1,1
ATOX1,MOV10,1,1
ATOX1,MRFAP1,1,1
ATOX1,MSL3P1,1,1
ATOX1,MTFP1,1,1
ATOX1,NBPF26,1,1
ATOX1,NBPF8,1,1
ATOX1,NDUFB3,1,1
ATOX1,NDUFS1,1,1
ATOX1,NEPRO,1,1
ATOX1,NOTCH2,1,1
ATOX1,NPAS2,1,1
ATOX1,NRROS,1,1
ATOX1,NUDCD3,1,1
ATOX1,NUDT1,1,1
ATOX1,P3H3,1,1
ATOX1,PANX2,1,1
ATOX1,PARK7,1,1
ATOX1,PARP9,1,1
ATOX1,PDGFD,1,1
ATOX1,PEX14,1,1
ATOX1,PEX26,1,1
ATOX1,PHGDH,1,1
ATOX1,PHTF1,1,1
ATOX1,PICK1,1,1
ATOX1,POLR2J,1,1
ATOX1,PTTG1,1,1
ATOX1,PYGB,1,1
ATOX1,RAB17,1,1
ATOX1,RASEF,1,1
ATOX1,RBX1,1,1
ATOX1,RCN3,1,1
ATOX1,RFX7,1,1
ATOX1,RLBP1,1,1
ATOX1,RNF43,1,1
ATOX1,RP11-61N20.3,1,1
ATOX1,RPL11,1,1
ATOX1,RTCB,1,1
ATOX1,RYBP,1,1
ATOX1,SAMM50,1,1
ATOX1,SCML4,1,1
ATOX1,SDHB,1,1
ATOX1,SEC22B,1,1
ATOX1,SERGEF,1,1
ATOX1,SLC35F6,1,1
ATOX1,SNRNP25,1,1
ATOX1,SNX17,1,1
ATOX1,SPRY1,1,1
ATOX1,SRM,1,1
ATOX1,STK17B,1,1
ATOX1,STRIP2,1,1
ATOX1,SYNM,1,1
ATOX1,TBC1D4,1,1
ATOX1,TESK2,1,1
ATOX1,TIMM50,1,1
ATOX1,TMED9,1,1
ATOX1,TMEM64,1,1
ATOX1,TMF1,1,1
ATOX1,TMUB1,1,1
ATOX1,TP73,1,1
ATOX1,TRABD,1,1
ATOX1,TRPV4,1,1
ATOX1,TTF2,1,1
ATOX1,TTN,1,1
ATOX1,TUBB2A,1,1
ATOX1,TXN2,1,1
ATOX1,UBE2J1,1,1
ATOX1,VAV3,1,1
ATOX1,VCX3A,1,1
ATOX1,WDR47,1,1
ATOX1,ZC3H11B,1,1
ATOX1,ZC3HC1,1,1
ATOX1,ZNF503,1,1
ATOX1,ZNF697,1,1
ATOX1,ZNF776,1,1
GPR55,ABCD1,1,1
GPR55,ABHD2,1,1
GPR55,ACAN,1,1
GPR55,ACOT7,1,1
GPR55,ADAMTS17,1,1
GPR55,AKR7A2,1,1
GPR55,AL513523.1,1,1
GPR55,ALDH1A1,1,1
GPR55,AMPH,1,1
GPR55,ANAPC7,1,1
GPR55,ANKRD27,1,1
GPR55,ANKRD30B,1,1
GPR55,AP1S3,1,1
GPR55,APITD1,1,1
GPR55,ARL6IP5,1,1
GPR55,ASRGL1,1,1
GPR55,ATAD3B,1,1
GPR55,ATP10B,1,1
GPR55,ATP11A,1,1
GPR55,ATP6V0D2,1,1
GPR55,B3GALT6,1,1
GPR55,BAIAP2L2,1,1
GPR55,BCAS2,1,1
GPR55,BICDL1,1,1
GPR55,BLCAP,1,1
GPR55,BMP8B,1,1
GPR55,C2ORF69,1,1
GPR55,CADM1,1,1
GPR55,CADPS,1,1
GPR55,CAPZA2,1,1
GPR55,CARHSP1,1,1
GPR55,CCNA1,1,1
GPR55,CD109,1,1
GPR55,CGN,1,1
GPR55,CHN2,1,1
GPR55,CHRNA7,1,1
GPR55,CIB1,1,1
GPR55,CLIC4,1,1
GPR55,COQ10B,1,1
GPR55,CSDE1,1,1
GPR55,CSF2RA,1,1
GPR55,DDOST,1,1
GPR55,DDT,1,1
GPR55,DFFA,1,1
GPR55,DPY19L2P2,1,1
GPR55,DPYSL5,1,1
GPR55,DTX3L,1,1
GPR55,ECE1,1,1
GPR55,EFHD2,1,1
GPR55,EIF5A2,1,1
GPR55,ENHO,1,1
GPR55,EXOSC10,1,1
GPR55,EXTL3,1,1
GPR55,EYA4,1,1
GPR55,FAM118A,1,1
GPR55,FAM19A3,1,1
GPR55,FEZF1,1,1
GPR55,FN1,1,1
GPR55,FOXRED2,1,1
GPR55,FRG2DP,1,1
GPR55,GNB1L,1,1
GPR55,GPHN,1,1
GPR55,GPR157,1,1
GPR55,GTPBP10,1,1
GPR55,GXYLT1,1,1
GPR55,HERC2P5,1,1
GPR55,HERC2P8,1,1
GPR55,HEY1,1,1
GPR55,HSPA8P1,1,1
GPR55,ID3,1,1
GPR55,IDH3A,1,1
GPR55,IMMP2L,1,1
GPR55,KIAA2013,1,1
GPR55,KIF1B,1,1
GPR55,KIF7,1,1
GPR55,LAMA1,1,1
GPR55,LHX8,1,1
GPR55,LPXN,1,1
GPR55,LSR,1,1
GPR55,LYPLA2,1,1
GPR55,MAD2L2,1,1
GPR55,MAPK8IP2,1,1
GPR55,MCM3,1,1
GPR55,MCTP1,1,1
GPR55,MERTK,1,1
GPR55,MFF,1,1
GPR55,MFN2,1,1
GPR55,MGAM2,1,1
GPR55,MKRN3,1,1
GPR55,MLH3,1,1
GPR55,MLLT4,1,1
GPR55,MMP8,1,1
GPR55,MORN1,1,1
GPR55,MRFAP1,1,1
GPR55,MTFP1,1,1
GPR55,NBPF8,1,1
GPR55,NEPRO,1,1
GPR55,NOTCH2,1,1
GPR55,NPAS2,1,1
GPR55,NPPC,1,1
GPR55,NRROS,1,1
GPR55,NUP50,1,1
GPR55,ORC5,1,1
GPR55,P3H3,1,1
GPR55,PARK7,1,1
GPR55,PDGFD,1,1
GPR55,PEX26,1,1
GPR55,PHF13,1,1
GPR55,PHGDH,1,1
GPR55,PHTF1,1,1
GPR55,PLCB4,1,1
GPR55,PLEKHB2,1,1
GPR55,POLE4,1,1
GPR55,POLR2J,1,1
GPR55,PRKG2,1,1
GPR55,PYGB,1,1
GPR55,RALY,1,1
GPR55,RASEF,1,1
GPR55,RBM19,1,1
GPR55,RBX1,1,1
GPR55,RLBP1,1,1
GPR55,RNF19A,1,1
GPR55,RP11-61N20.3,1,1
GPR55,RPH3A,1,1
GPR55,RPL11,1,1
GPR55,RPS6KA5,1,1
GPR55,RTCB,1,1
GPR55,RYBP,1,1
GPR55,SAMM50,1,1
GPR55,SCML4,1,1
GPR55,SDHB,1,1
GPR55,SEC22B,1,1
GPR55,SERGEF,1,1
GPR55,SLC25A33,1,1
GPR55,SLC35F6,1,1
GPR55,SNRNP25,1,1
GPR55,SRM,1,1
GPR55,STK17B,1,1
GPR55,STOML2,1,1
GPR55,STRIP2,1,1
GPR55,TBC1D4,1,1
GPR55,TIMM50,1,1
GPR55,TMC3,1,1
GPR55,TMEM144,1,1
GPR55,TMEM201,1,1
GPR55,TMEM64,1,1
GPR55,TMF1,1,1
GPR55,TMUB1,1,1
GPR55,TP73,1,1
GPR55,TRABD,1,1
GPR55,TRIB1,1,1
GPR55,TRMU,1,1
GPR55,TRPV4,1,1
GPR55,TTF2,1,1
GPR55,TTN,1,1
GPR55,UBA3,1,1
GPR55,UBE2J1,1,1
GPR55,VAV3,1,1
GPR55,VCX3A,1,1
GPR55,VCX3B,1,1
GPR55,WDR77,1,1
GPR55,ZC3H11B,1,1
GPR55,ZNF114,1,1
GPR55,ZNF503,1,1
GPR55,ZNF697,1,1
GPR55,ZNF776,1,1
TIMM8B,ABCD1,1,1
TIMM8B,ABHD12,1,1
TIMM8B,ACAN,1,1
TIMM8B,AKAP9,1,1
TIMM8B,ALDH1A1,1,1
TIMM8B,ANKRD30B,1,1
TIMM8B,ANKRD44,1,1
TIMM8B,ARHGEF35,1,1
TIMM8B,ARHGEF5,1,1
TIMM8B,ASRGL1,1,1
TIMM8B,ATP11A,1,1
TIMM8B,ATP6V0D2,1,1
TIMM8B,BICDL1,1,1
TIMM8B,BIRC7,1,1
TIMM8B,CAPG,1,1
TIMM8B,CCDC36,1,1
TIMM8B,CD40,1,1
TIMM8B,CDKN2B,1,1
TIMM8B,CEACAM1,1,1
TIMM8B,CHN2,1,1
TIMM8B,CPTP,1,1
TIMM8B,DDRGK1,1,1
TIMM8B,DPY19L2P2,1,1
TIMM8B,DTNBP1,1,1
TIMM8B,EMILIN2,1,1
TIMM8B,ENTPD6,1,1
TIMM8B,FAM102B,1,1
TIMM8B,GDAP2,1,1
TIMM8B,GRAMD4,1,1
TIMM8B,HENMT1,1,1
TIMM8B,HOOK1,1,1
TIMM8B,HSPA8P1,1,1
TIMM8B,HSPA8P8,1,1
TIMM8B,HSPA8P9,1,1
TIMM8B,ICMT,1,1
TIMM8B,KCTD14,1,1
TIMM8B,LDLRAD3,1,1
TIMM8B,LHX8,1,1
TIMM8B,LINS1,1,1
TIMM8B,LONRF3,1,1
TIMM8B,LRRC61,1,1
TIMM8B,MAGI3,1,1
TIMM8B,MLXIP,1,1
TIMM8B,MMP8,1,1
TIMM8B,NBPF8,1,1
TIMM8B,NDUFA10,1,1
TIMM8B,NPPC,1,1
TIMM8B,PHGDH,1,1
TIMM8B,PIK3R3,1,1
TIMM8B,PNKD,1,1
TIMM8B,POLG,1,1
TIMM8B,PRKG2,1,1
TIMM8B,RP11-159J3.1,1,1
TIMM8B,RPS6KA5,1,1
TIMM8B,RSBN1,1,1
TIMM8B,SAMM50,1,1
TIMM8B,SBF1,1,1
TIMM8B,SCML4,1,1
TIMM8B,SEC22B,1,1
TIMM8B,SLC37A3,1,1
TIMM8B,SLC44A3,1,1
TIMM8B,SLC46A3,1,1
TIMM8B,SQRDL,1,1
TIMM8B,SS18L1,1,1
TIMM8B,SYCP2,1,1
TIMM8B,TGFBR3,1,1
TIMM8B,TMC3,1,1
TIMM8B,TMEM51,1,1
TIMM8B,TMUB1,1,1
TIMM8B,TP73,1,1
TIMM8B,TPPP,1,1
TIMM8B,TRPA1,1,1
TIMM8B,TUB,1,1
TIMM8B,ZDHHC11B,1,1
TIMM8B,ZNF114,1,1
TIMM8B,ZNF43,1,1
TIMM8B,ZYG11A,1,1
PITPNM2,AGFG1,1,1
PITPNM2,ARMC10,1,1
PITPNM2,ASCC2,1,1
PITPNM2,ATP6V0B,1,1
PITPNM2,AURKAIP1,1,1
PITPNM2,BCAS2,1,1
PITPNM2,COQ10B,1,1
PITPNM2,CSDE1,1,1
PITPNM2,EFHD2,1,1
PITPNM2,EIF3D,1,1
PITPNM2,ELOVL5,1,1
PITPNM2,FAM91A1,1,1
PITPNM2,GET4,1,1
PITPNM2,GSR,1,1
PITPNM2,GTPBP10,1,1
PITPNM2,HOXD4,1,1
PITPNM2,LRRC37A2,1,1
PITPNM2,LSR,1,1
PITPNM2,MRFAP1L1,1,1
PITPNM2,NCKAP1,1,1
PITPNM2,NIPAL3,1,1
PITPNM2,P3H3,1,1
PITPNM2,PLCB4,1,1
PITPNM2,PSMA5,1,1
PITPNM2,RALY,1,1
PITPNM2,RHPN2,1,1
PITPNM2,SHQ1,1,1
PITPNM2,STOML2,1,1
PITPNM2,TRIP12,1,1
PITPNM2,UBA3,1,1
PITPNM2,VDR,1,1
ARHGAP23,ABHD12,1,1
ARHGAP23,CD40,1,1
ARHGAP23,EIF5AL1,1,1
ARHGAP23,KCTD14,1,1
ARHGAP23,MAGI3,1,1
ARHGAP23,MME,1,1
ARHGAP23,MYB,1,1
ARHGAP23,PDE4B,1,1
ARHGAP23,RGS1,1,1
ARHGAP23,RSBN1,1,1
ARHGAP23,SLC46A3,1,1
ARHGAP23,STAT1,1,1
ARHGAP23,ZNF43,1,1
CIB1,ABCD1,1,1
CIB1,ABHD12,1,1
CIB1,ABHD2,1,1
CIB1,ACAN,1,1
CIB1,ACOT7,1,1
CIB1,ADAMTS17,1,1
CIB1,AL513523.1,1,1
CIB1,ALDH1A1,1,1
CIB1,AMPH,1,1
CIB1,ANAPC5,1,1
CIB1,ANKRD27,1,1
CIB1,AP1S3,1,1
CIB1,APITD1,1,1
CIB1,ARHGEF39,1,1
CIB1,ARL6IP5,1,1
CIB1,ASRGL1,1,1
CIB1,ATAD3B,1,1
CIB1,ATP6V0D2,1,1
CIB1,AURKAIP1,1,1
CIB1,BICDL1,1,1
CIB1,BIRC7,1,1
CIB1,BMP8B,1,1
CIB1,CADM1,1,1
CIB1,CADPS,1,1
CIB1,CARHSP1,1,1
CIB1,CCNA1,1,1
CIB1,CCNO,1,1
CIB1,CD109,1,1
CIB1,CGN,1,1
CIB1,CHN2,1,1
CIB1,CLDN14,1,1
CIB1,COG5,1,1
CIB1,CPTP,1,1
CIB1,CSF2RA,1,1
CIB1,DDOST,1,1
CIB1,DDT,1,1
CIB1,DFFA,1,1
CIB1,DPY19L2P2,1,1
CIB1,DPYSL5,1,1
CIB1,DTX3L,1,1
CIB1,ECE1,1,1
CIB1,ENHO,1,1
CIB1,ENTPD6,1,1
CIB1,EXOSC10,1,1
CIB1,FAAP20,1,1
CIB1,FAM118A,1,1
CIB1,FAM19A3,1,1
CIB1,FANCI,1,1
CIB1,FEZF1,1,1
CIB1,FN1,1,1
CIB1,FRG2DP,1,1
CIB1,GDAP2,1,1
CIB1,GGH,1,1
CIB1,GNB1L,1,1
CIB1,GNB2,1,1
CIB1,GPHN,1,1
CIB1,GPR157,1,1
CIB1,HERC2P5,1,1
CIB1,HERC2P8,1,1
CIB1,HEY1,1,1
CIB1,HOXD4,1,1
CIB1,HSPA8P1,1,1
CIB1,IMMP2L,1,1
CIB1,KIAA2013,1,1
CIB1,KIF1B,1,1
CIB1,KIF7,1,1
CIB1,LAMA1,1,1
CIB1,LHX8,1,1
CIB1,LIMK2,1,1
CIB1,LONRF3,1,1
CIB1,LPXN,1,1
CIB1,LRRC47,1,1
CIB1,LRRC61,1,1
CIB1,LSR,1,1
CIB1,LYPLA2,1,1
CIB1,MAD2L2,1,1
CIB1,MAPK8IP2,1,1
CIB1,MERTK,1,1
CIB1,MFF,1,1
CIB1,MGAM,1,1
CIB1,MGAM2,1,1
CIB1,MKRN3,1,1
CIB1,MMP8,1,1
CIB1,MORN1,1,1
CIB1,MRFAP1,1,1
CIB1,MTFP1,1,1
CIB1,NBPF8,1,1
CIB1,NDUFB3,1,1
CIB1,NDUFS1,1,1
CIB1,NEPRO,1,1
CIB1,NOTCH2,1,1
CIB1,NPAS2,1,1
CIB1,NPPC,1,1
CIB1,NRROS,1,1
CIB1,NT5DC3,1,1
CIB1,PARK7,1,1
CIB1,PEX14,1,1
CIB1,PHGDH,1,1
CIB1,PICK1,1,1
CIB1,PIK3R3,1,1
CIB1,PLCB4,1,1
CIB1,PLEKHA7,1,1
CIB1,POLE4,1,1
CIB1,POLR2J,1,1
CIB1,PRKG2,1,1
CIB1,PTTG1,1,1
CIB1,PYGB,1,1
CIB1,RALY,1,1
CIB1,RASEF,1,1
CIB1,RBX1,1,1
CIB1,RCN3,1,1
CIB1,RFX7,1,1
CIB1,RNF19A,1,1
CIB1,RP11-119J18.1,1,1
CIB1,RP11-327P2.7,1,1
CIB1,RPH3A,1,1
CIB1,RPL11,1,1
CIB1,RPS6KA5,1,1
CIB1,RTFDC1,1,1
CIB1,RYBP,1,1
CIB1,SAMM50,1,1
CIB1,SCML4,1,1
CIB1,SEC22B,1,1
CIB1,SERGEF,1,1
CIB1,SLAMF7,1,1
CIB1,SLC25A33,1,1
CIB1,SNRNP25,1,1
CIB1,SRM,1,1
CIB1,STAT1,1,1
CIB1,STOML2,1,1
CIB1,SYCP2,1,1
CIB1,TBC1D4,1,1
CIB1,TMC3,1,1
CIB1,TMEM144,1,1
CIB1,TMEM64,1,1
CIB1,TMF1,1,1
CIB1,TMUB1,1,1
CIB1,TP73,1,1
CIB1,TRPV4,1,1
CIB1,TTN,1,1
CIB1,TUB,1,1
CIB1,UBA3,1,1
CIB1,VAV3,1,1
CIB1,VCX3A,1,1
CIB1,VCX3B,1,1
CIB1,ZC3H11B,1,1
CIB1,ZNF114,1,1
CIB1,ZNF503,1,1
CIB1,ZNF697,1,1
CIB1,ZNF776,1,1
AMPH,ABCD1,1,1
AMPH,ABHD12,1,1
AMPH,ABHD2,1,1
AMPH,ACAN,1,1
AMPH,ACOT7,1,1
AMPH,ADAMTS17,1,1
AMPH,AKR7A2,1,1
AMPH,AL513523.1,1,1
AMPH,ALDH1A1,1,1
AMPH,ANAPC5,1,1
AMPH,ANKRD27,1,1
AMPH,ANKRD30B,1,1
AMPH,ANO4,1,1
AMPH,AP1S3,1,1
AMPH,APOL1,1,1
AMPH,ARHGEF35,1,1
AMPH,ARL6IP5,1,1
AMPH,ASRGL1,1,1
AMPH,ATAD3B,1,1
AMPH,ATP11A,1,1
AMPH,ATP6V0D2,1,1
AMPH,BICDL1,1,1
AMPH,BIRC7,1,1
AMPH,BLCAP,1,1
AMPH,BMP8B,1,1
AMPH,CADM1,1,1
AMPH,CADPS,1,1
AMPH,CAPG,1,1
AMPH,CARHSP1,1,1
AMPH,CCNA1,1,1
AMPH,CD109,1,1
AMPH,CDKN2B,1,1
AMPH,CEACAM1,1,1
AMPH,CGN,1,1
AMPH,CHN2,1,1
AMPH,CLDN14,1,1
AMPH,CPTP,1,1
AMPH,CSF2RA,1,1
AMPH,DDRGK1,1,1
AMPH,DDT,1,1
AMPH,DFFA,1,1
AMPH,DPY19L2P2,1,1
AMPH,DPYSL5,1,1
AMPH,DTX3L,1,1
AMPH,EIF5A2,1,1
AMPH,EMILIN2,1,1
AMPH,ENHO,1,1
AMPH,ENTPD6,1,1
AMPH,EXOSC10,1,1
AMPH,FAAP20,1,1
AMPH,FAM102B,1,1
AMPH,FAM118A,1,1
AMPH,FAM19A3,1,1
AMPH,FANCI,1,1
AMPH,FEZF1,1,1
AMPH,FN1,1,1
AMPH,FRG2DP,1,1
AMPH,GDAP2,1,1
AMPH,GGH,1,1
AMPH,GNB1L,1,1
AMPH,GPHN,1,1
AMPH,GPR157,1,1
AMPH,HENMT1,1,1
AMPH,HERC2P5,1,1
AMPH,HERC2P8,1,1
AMPH,HSPA8P1,1,1
AMPH,HSPA8P8,1,1
AMPH,HSPA8P9,1,1
AMPH,IMMP2L,1,1
AMPH,KCTD14,1,1
AMPH,KIF1B,1,1
AMPH,LAMA1,1,1
AMPH,LDLRAD3,1,1
AMPH,LHX8,1,1
AMPH,LIMK2,1,1
AMPH,LINS1,1,1
AMPH,LONRF3,1,1
AMPH,LPXN,1,1
AMPH,LRRC61,1,1
AMPH,LSR,1,1
AMPH,LYPLA2,1,1
AMPH,MAD2L2,1,1
AMPH,MAPK8IP2,1,1
AMPH,MCM3,1,1
AMPH,MCTP1,1,1
AMPH,MERTK,1,1
AMPH,MFF,1,1
AMPH,MGAM2,1,1
AMPH,MKRN3,1,1
AMPH,MLXIP,1,1
AMPH,MMP8,1,1
AMPH,MORN1,1,1
AMPH,MRFAP1,1,1
AMPH,MTFP1,1,1
AMPH,MTOR,1,1
AMPH,NBPF8,1,1
AMPH,NDUFA10,1,1
AMPH,NDUFS1,1,1
AMPH,NEPRO,1,1
AMPH,NOTCH2,1,1
AMPH,NPAS2,1,1
AMPH,NPPC,1,1
AMPH,NRROS,1,1
AMPH,PARK7,1,1
AMPH,PDGFD,1,1
AMPH,PEX14,1,1
AMPH,PHGDH,1,1
AMPH,PHTF1,1,1
AMPH,PIK3R3,1,1
AMPH,PNKD,1,1
AMPH,POLE4,1,1
AMPH,POLR2J,1,1
AMPH,PRKG2,1,1
AMPH,PTTG1,1,1
AMPH,PYGB,1,1
AMPH,RAB17,1,1
AMPH,RASEF,1,1
AMPH,RBM19,1,1
AMPH,RBX1,1,1
AMPH,RCN3,1,1
AMPH,RP11-119J18.1,1,1
AMPH,RP11-159J3.1,1,1
AMPH,RP11-327P2.7,1,1
AMPH,RP11-61N20.3,1,1
AMPH,RPH3A,1,1
AMPH,RPL11,1,1
AMPH,RPS6KA5,1,1
AMPH,RTFDC1,1,1
AMPH,RYBP,1,1
AMPH,SAMM50,1,1
AMPH,SCML4,1,1
AMPH,SEC22B,1,1
AMPH,SERGEF,1,1
AMPH,SFI1,1,1
AMPH,SLAMF7,1,1
AMPH,SLC25A33,1,1
AMPH,SLC37A3,1,1
AMPH,SLC46A3,1,1
AMPH,SNRNP25,1,1
AMPH,SPP1,1,1
AMPH,SPRR2D,1,1
AMPH,SQRDL,1,1
AMPH,SS18L1,1,1
AMPH,STAT1,1,1
AMPH,SYCP2,1,1
AMPH,TBC1D4,1,1
AMPH,TMC3,1,1
AMPH,TMEM144,1,1
AMPH,TMEM201,1,1
AMPH,TMEM64,1,1
AMPH,TMF1,1,1
AMPH,TMUB1,1,1
AMPH,TP73,1,1
AMPH,TRPA1,1,1
AMPH,TRPV4,1,1
AMPH,TTN,1,1
AMPH,TUB,1,1
AMPH,TXN2,1,1
AMPH,UBE2J1,1,1
AMPH,VAPB,1,1
AMPH,VAV3,1,1
AMPH,VCX3B,1,1
AMPH,WDR47,1,1
AMPH,ZC3H11B,1,1
AMPH,ZDHHC11B,1,1
AMPH,ZNF114,1,1
AMPH,ZNF43,1,1
AMPH,ZNF503,1,1
AMPH,ZNF776,1,1
AMPH,ZYG11A,1,1
ZP3,MRI1,1,1
ZP3,PALB2,1,1
ZP3,ZNF644,1,1
SPECC1L,C20ORF194,1,1
SPECC1L,CPEB1,1,1
SPECC1L,CRTC3,1,1
SPECC1L,KIAA1033,1,1
SPECC1L,NHEJ1,1,1
SPECC1L,PARVA,1,1
SPECC1L,PPT2,1,1
SPECC1L,RNF145,1,1
SPECC1L,TTC38,1,1
TALDO1,AFAP1,1,1
TALDO1,ARHGAP39,1,1
TALDO1,COMMD9,1,1
TALDO1,CRY2,1,1
TALDO1,GTF2H1,1,1
TALDO1,LRRK1,1,1
TALDO1,MGME1,1,1
TALDO1,NQO2,1,1
TALDO1,PER3,1,1
TALDO1,PTDSS2,1,1
TALDO1,ZNF703,1,1
FTO,AK6,1,1
FTO,ALDH1B1,1,1
FTO,APITD1,1,1
FTO,EXTL3,1,1
FTO,HOXD4,1,1
FTO,KIAA0232,1,1
FTO,KLHDC2,1,1
FTO,LUC7L2,1,1
FTO,MLH3,1,1
FTO,MTERF3,1,1
FTO,MTFP1,1,1
FTO,NUP50,1,1
FTO,ORC5,1,1
FTO,PDXP,1,1
FTO,PSMA5,1,1
FTO,RBSN,1,1
FTO,RRP7BP,1,1
FTO,RTCB,1,1
FTO,SEPT8,1,1
FTO,SLC16A1,1,1
FTO,SLC5A6,1,1
FTO,SNRNP25,1,1
FTO,SRM,1,1
FTO,STK17B,1,1
FTO,TONSL,1,1
FTO,TRABD,1,1
FTO,TRMU,1,1
FTO,UFD1L,1,1
FTO,VIPAS39,1,1
FTO,WDR77,1,1
LRRK1,ASB7,1,1
LRRK1,ATL1,1,1
LRRK1,COMMD9,1,1
LRRK1,CRTC3,1,1
LRRK1,DBNL,1,1
LRRK1,DDX60L,1,1
LRRK1,LRP6,1,1
LRRK1,MGME1,1,1
LRRK1,PTDSS2,1,1
LRRK1,RAB34,1,1
LRRK1,RNF145,1,1
LRRK1,SLC25A4,1,1
LRRK1,TAF7,1,1
LRRK1,TRIM65,1,1
LRRK1,TXNL4A,1,1
LRRK1,UBE2L3,1,1
LRRK1,YWHAH,1,1
LRRK1,ZNF644,1,1
LRRK1,ZNF703,1,1
TRIM3,CPEB1,1,1
TRIM3,RP11-544M22.13,1,1
CIT,APITD1,1,1
CIT,ARHGAP18,1,1
CIT,ARHGEF39,1,1
CIT,BMPR1B,1,1
CIT,CARD16,1,1
CIT,CD109,1,1
CIT,CENPI,1,1
CIT,CHEK2,1,1
CIT,COG5,1,1
CIT,DDOST,1,1
CIT,DDT,1,1
CIT,GGH,1,1
CIT,HEY1,1,1
CIT,IMMP2L,1,1
CIT,MAD2L2,1,1
CIT,MPHOSPH9,1,1
CIT,NDUFB3,1,1
CIT,NDUFS1,1,1
CIT,NUDT1,1,1
CIT,PARK7,1,1
CIT,PARP9,1,1
CIT,PDGFD,1,1
CIT,POT1,1,1
CIT,PTTG1,1,1
CIT,SDHB,1,1
CIT,SLC35F6,1,1
CIT,TTF2,1,1
ATP6V1E1,ABCD1,1,1
ATP6V1E1,AC013264.1,1,1
ATP6V1E1,ACOT7,1,1
ATP6V1E1,AGAP3,1,1
ATP6V1E1,AKR7A2,1,1
ATP6V1E1,ALDH1A1,1,1
ATP6V1E1,ANKRD44,1,1
ATP6V1E1,ARPC1A,1,1
ATP6V1E1,ATP11A,1,1
ATP6V1E1,ATP6V1C1,1,1
ATP6V1E1,BCAS3,1,1
ATP6V1E1,BLCAP,1,1
ATP6V1E1,CA8,1,1
ATP6V1E1,CADM1,1,1
ATP6V1E1,CARD16,1,1
ATP6V1E1,CARHSP1,1,1
ATP6V1E1,CD109,1,1
ATP6V1E1,CDC42,1,1
ATP6V1E1,CEP41,1,1
ATP6V1E1,CGN,1,1
ATP6V1E1,CHN2,1,1
ATP6V1E1,COX5B,1,1
ATP6V1E1,DNAJC16,1,1
ATP6V1E1,DTNBP1,1,1
ATP6V1E1,EARS2,1,1
ATP6V1E1,EIF5A2,1,1
ATP6V1E1,ENHO,1,1
ATP6V1E1,EPM2AIP1,1,1
ATP6V1E1,EXOSC10,1,1
ATP6V1E1,FAM167B,1,1
ATP6V1E1,FBXO6,1,1
ATP6V1E1,FOXRED2,1,1
ATP6V1E1,FRMD4B,1,1
ATP6V1E1,GAB2,1,1
ATP6V1E1,GPR157,1,1
ATP6V1E1,HPS5,1,1
ATP6V1E1,HTRA1,1,1
ATP6V1E1,IGF1R,1,1
ATP6V1E1,IMMP2L,1,1
ATP6V1E1,JAK2,1,1
ATP6V1E1,KIF1B,1,1
ATP6V1E1,L3MBTL4,1,1
ATP6V1E1,LAMA1,1,1
ATP6V1E1,LAMP2,1,1
ATP6V1E1,LAMTOR5,1,1
ATP6V1E1,LMF2,1,1
ATP6V1E1,LPXN,1,1
ATP6V1E1,LSM 8.00,1,1
ATP6V1E1,LUZP1,1,1
ATP6V1E1,LZIC,1,1
ATP6V1E1,MAPK1,1,1
ATP6V1E1,MAPK8IP2,1,1
ATP6V1E1,MARK3,1,1
ATP6V1E1,MED15,1,1
ATP6V1E1,MESDC1,1,1
ATP6V1E1,MFF,1,1
ATP6V1E1,MFN2,1,1
ATP6V1E1,MLLT4,1,1
ATP6V1E1,MLXIP,1,1
ATP6V1E1,MRFAP1,1,1
ATP6V1E1,MSL3P1,1,1
ATP6V1E1,MTOR,1,1
ATP6V1E1,MUL1,1,1
ATP6V1E1,NADK,1,1
ATP6V1E1,NBPF26,1,1
ATP6V1E1,NBPF8,1,1
ATP6V1E1,NRROS,1,1
ATP6V1E1,NUDCD3,1,1
ATP6V1E1,PEX10,1,1
ATP6V1E1,PEX26,1,1
ATP6V1E1,PHGDH,1,1
ATP6V1E1,PHTF1,1,1
ATP6V1E1,PIGO,1,1
ATP6V1E1,PNKD,1,1
ATP6V1E1,POLG,1,1
ATP6V1E1,POMGNT1,1,1
ATP6V1E1,POT1,1,1
ATP6V1E1,PQLC2,1,1
ATP6V1E1,PTER,1,1
ATP6V1E1,PTPRK,1,1
ATP6V1E1,RAB17,1,1
ATP6V1E1,RAB5A,1,1
ATP6V1E1,REPS1,1,1
ATP6V1E1,RP11-61N20.3,1,1
ATP6V1E1,RPAP2,1,1
ATP6V1E1,RRBP1,1,1
ATP6V1E1,RYBP,1,1
ATP6V1E1,SAMM50,1,1
ATP6V1E1,SBF1,1,1
ATP6V1E1,SDHB,1,1
ATP6V1E1,SGCE,1,1
ATP6V1E1,SLC23A2,1,1
ATP6V1E1,SLC25A33,1,1
ATP6V1E1,SLC37A3,1,1
ATP6V1E1,SPRY1,1,1
ATP6V1E1,SQSTM1,1,1
ATP6V1E1,SRGAP2C,1,1
ATP6V1E1,STK39,1,1
ATP6V1E1,STXBP3,1,1
ATP6V1E1,SYCP2,1,1
ATP6V1E1,TBC1D4,1,1
ATP6V1E1,TESK2,1,1
ATP6V1E1,TGFBR3,1,1
ATP6V1E1,TMEM51,1,1
ATP6V1E1,TRPV2,1,1
ATP6V1E1,TTF2,1,1
ATP6V1E1,TXLNA,1,1
ATP6V1E1,TXN2,1,1
ATP6V1E1,UBE2J1,1,1
ATP6V1E1,USP32,1,1
ATP6V1E1,USP48,1,1
ATP6V1E1,VAV3,1,1
ATP6V1E1,VCP,1,1
ATP6V1E1,WDR47,1,1
ATP6V1E1,ZNF503,1,1
NCDN,CCDC47,1,1
NCDN,SFT2D2,1,1
NCDN,SUCO,1,1
SMIM10L1,MFSD2A,1,1
SMIM10L1,MRPL51,1,1
SMIM10L1,PPM1K,1,1
SMIM10L1,SCML2,1,1
LRRC16A,EFCAB2,1,1
LRRC16A,GLIS2,1,1
LRRC16A,KIF16B,1,1
LRRC16A,MTA1,1,1
LRRC16A,NT5DC1,1,1
LRRC16A,SAMD9,1,1
LRRC16A,SLC45A2,1,1
LRRC16A,TNFAIP3,1,1
LRRC16A,ZFYVE16,1,1
RP11-153I24.5,AIG1,1,1
RP11-153I24.5,AK2,1,1
RP11-153I24.5,ALDH1B1,1,1
RP11-153I24.5,ALG3,1,1
RP11-153I24.5,ARL 3.00,1,1
RP11-153I24.5,ASUN,1,1
RP11-153I24.5,ATXN7L3B,1,1
RP11-153I24.5,CARD14,1,1
RP11-153I24.5,CASP8,1,1
RP11-153I24.5,CHEK2,1,1
RP11-153I24.5,CMAS,1,1
RP11-153I24.5,DDOST,1,1
RP11-153I24.5,EMC1,1,1
RP11-153I24.5,ENO1,1,1
RP11-153I24.5,EYA4,1,1
RP11-153I24.5,FZD6,1,1
RP11-153I24.5,GDPD1,1,1
RP11-153I24.5,GFPT1,1,1
RP11-153I24.5,IGF2BP3,1,1
RP11-153I24.5,IGHVII-30-43,1,1
RP11-153I24.5,KDELC1,1,1
RP11-153I24.5,LCP2,1,1
RP11-153I24.5,LRP12,1,1
RP11-153I24.5,MMS19,1,1
RP11-153I24.5,MRPS5,1,1
RP11-153I24.5,MYL12B,1,1
RP11-153I24.5,NSMCE3,1,1
RP11-153I24.5,PANX2,1,1
RP11-153I24.5,POU3F2,1,1
RP11-153I24.5,PRKCZ,1,1
RP11-153I24.5,PSMA5,1,1
RP11-153I24.5,PSMC2,1,1
RP11-153I24.5,PXDN,1,1
RP11-153I24.5,RAP1A,1,1
RP11-153I24.5,RNF207,1,1
RP11-153I24.5,RNF43,1,1
RP11-153I24.5,RPN2,1,1
RP11-153I24.5,RRP7BP,1,1
RP11-153I24.5,SDF4,1,1
RP11-153I24.5,SLC16A1,1,1
RP11-153I24.5,SLC25A13,1,1
RP11-153I24.5,SLC35F6,1,1
RP11-153I24.5,SLC5A6,1,1
RP11-153I24.5,SMARCE1,1,1
RP11-153I24.5,SMIM4,1,1
RP11-153I24.5,SORL1,1,1
RP11-153I24.5,STRIP2,1,1
RP11-153I24.5,SYNM,1,1
RP11-153I24.5,SYPL1,1,1
RP11-153I24.5,TBCA,1,1
RP11-153I24.5,TEAD2,1,1
RP11-153I24.5,TIMP3,1,1
RP11-153I24.5,TMED9,1,1
RP11-153I24.5,TRABD,1,1
RP11-153I24.5,TTLL4,1,1
RP11-153I24.5,TUBB2A,1,1
RP11-153I24.5,UFD1L,1,1
RP11-153I24.5,VPS45,1,1
ZNF426,CROCCP2,1,1
ZNF426,GLTP,1,1
ZNF426,RCCD1,1,1
ZNF426,ZNF134,1,1
PSMC2,AGFG1,1,1
PSMC2,AK2,1,1
PSMC2,ALDH1B1,1,1
PSMC2,ALG3,1,1
PSMC2,ANAPC7,1,1
PSMC2,APITD1,1,1
PSMC2,ARL 3.00,1,1
PSMC2,ARMC10,1,1
PSMC2,ASCC2,1,1
PSMC2,ATP10B,1,1
PSMC2,ATXN7L3B,1,1
PSMC2,B3GALT6,1,1
PSMC2,BAIAP2L2,1,1
PSMC2,BCAS2,1,1
PSMC2,C5ORF34,1,1
PSMC2,CAPZA2,1,1
PSMC2,CASP8,1,1
PSMC2,CEP85,1,1
PSMC2,CMAS,1,1
PSMC2,COQ10B,1,1
PSMC2,CSDE1,1,1
PSMC2,DDOST,1,1
PSMC2,DDT,1,1
PSMC2,EFHD2,1,1
PSMC2,EMC1,1,1
PSMC2,EN1,1,1
PSMC2,ENO1,1,1
PSMC2,EYA1,1,1
PSMC2,EYA4,1,1
PSMC2,FAM91A1,1,1
PSMC2,FOPNL,1,1
PSMC2,FOXN2,1,1
PSMC2,FOXRED2,1,1
PSMC2,FZD6,1,1
PSMC2,GET4,1,1
PSMC2,GFPT1,1,1
PSMC2,GLDC,1,1
PSMC2,GLS,1,1
PSMC2,GSR,1,1
PSMC2,GTPBP10,1,1
PSMC2,GXYLT1,1,1
PSMC2,HEY1,1,1
PSMC2,HOXB6,1,1
PSMC2,ID3,1,1
PSMC2,IGF2BP3,1,1
PSMC2,IGHVII-30-43,1,1
PSMC2,KDELC1,1,1
PSMC2,KIAA2013,1,1
PSMC2,KIRREL,1,1
PSMC2,KPNA6,1,1
PSMC2,LCP2,1,1
PSMC2,LRP12,1,1
PSMC2,LRRC37A2,1,1
PSMC2,LRWD1,1,1
PSMC2,LSR,1,1
PSMC2,MAD2L2,1,1
PSMC2,MDC 1.00,1,1
PSMC2,MFN2,1,1
PSMC2,MLH3,1,1
PSMC2,MMS19,1,1
PSMC2,MTFP1,1,1
PSMC2,NCKAP1,1,1
PSMC2,NELFCD,1,1
PSMC2,NIPAL3,1,1
PSMC2,NUP43,1,1
PSMC2,NUP50,1,1
PSMC2,ORC5,1,1
PSMC2,P3H3,1,1
PSMC2,PANX2,1,1
PSMC2,PPFIBP1,1,1
PSMC2,PRKCZ,1,1
PSMC2,PSMA5,1,1
PSMC2,PTDSS1,1,1
PSMC2,RAP1A,1,1
PSMC2,RBM28,1,1
PSMC2,RHPN2,1,1
PSMC2,RLBP1,1,1
PSMC2,RPN2,1,1
PSMC2,RRP7BP,1,1
PSMC2,RTCB,1,1
PSMC2,SDHB,1,1
PSMC2,SLC16A1,1,1
PSMC2,SLC25A13,1,1
PSMC2,SLC35F6,1,1
PSMC2,SLC5A6,1,1
PSMC2,SORL1,1,1
PSMC2,SRM,1,1
PSMC2,STK17B,1,1
PSMC2,SYNM,1,1
PSMC2,SYPL1,1,1
PSMC2,TBCA,1,1
PSMC2,TEAD2,1,1
PSMC2,TIMM50,1,1
PSMC2,TIMP3,1,1
PSMC2,TMEM242,1,1
PSMC2,TMEM38B,1,1
PSMC2,TMF1,1,1
PSMC2,TRABD,1,1
PSMC2,TRIP12,1,1
PSMC2,TRMU,1,1
PSMC2,TTF2,1,1
PSMC2,TUBB2A,1,1
PSMC2,UFD1L,1,1
PSMC2,VDR,1,1
PSMC2,VPS45,1,1
PSMC2,WDR77,1,1
PSMC2,ZC3H11B,1,1
PSMC2,ZC3HC1,1,1
PSMC2,ZMYM1,1,1
PSMC2,ZNF697,1,1
PSMC2,ZNF839,1,1
ATP10B,ACOT7,1,1
ATP10B,ADAMTS17,1,1
ATP10B,AK2,1,1
ATP10B,AKR7A2,1,1
ATP10B,ALDH1B1,1,1
ATP10B,ANAPC7,1,1
ATP10B,APITD1,1,1
ATP10B,ARHGEF39,1,1
ATP10B,ATXN7L3B,1,1
ATP10B,B3GALT6,1,1
ATP10B,BAIAP2L2,1,1
ATP10B,BCAS3,1,1
ATP10B,BLCAP,1,1
ATP10B,C1ORF112,1,1
ATP10B,C5ORF34,1,1
ATP10B,CADM1,1,1
ATP10B,CADPS,1,1
ATP10B,CAPZA2,1,1
ATP10B,CARD16,1,1
ATP10B,CARHSP1,1,1
ATP10B,CD109,1,1
ATP10B,CEP41,1,1
ATP10B,CGN,1,1
ATP10B,CHEK2,1,1
ATP10B,CLIC4,1,1
ATP10B,CMAS,1,1
ATP10B,COG5,1,1
ATP10B,CSDE1,1,1
ATP10B,DDOST,1,1
ATP10B,DDT,1,1
ATP10B,DPYSL5,1,1
ATP10B,DYNC1I1,1,1
ATP10B,EARS2,1,1
ATP10B,ECE1,1,1
ATP10B,EFHD2,1,1
ATP10B,EIF5A2,1,1
ATP10B,EMC1,1,1
ATP10B,EN1,1,1
ATP10B,ENHO,1,1
ATP10B,EXTL3,1,1
ATP10B,EYA4,1,1
ATP10B,FAM19A3,1,1
ATP10B,FN1,1,1
ATP10B,FOXRED2,1,1
ATP10B,GFPT1,1,1
ATP10B,GLDC,1,1
ATP10B,GNB1L,1,1
ATP10B,GPR157,1,1
ATP10B,GXYLT1,1,1
ATP10B,HEY1,1,1
ATP10B,ID3,1,1
ATP10B,IDH3A,1,1
ATP10B,IGF2BP3,1,1
ATP10B,IGHVII-30-43,1,1
ATP10B,IMMP2L,1,1
ATP10B,ITGAV,1,1
ATP10B,KDELC1,1,1
ATP10B,KIAA2013,1,1
ATP10B,KIRREL,1,1
ATP10B,L3MBTL4,1,1
ATP10B,LAMP2,1,1
ATP10B,LCP2,1,1
ATP10B,LPXN,1,1
ATP10B,LRP12,1,1
ATP10B,LSR,1,1
ATP10B,MAD2L2,1,1
ATP10B,MAPK8IP2,1,1
ATP10B,MFF,1,1
ATP10B,MFN2,1,1
ATP10B,MLH3,1,1
ATP10B,MLLT4,1,1
ATP10B,MMS19,1,1
ATP10B,MOV10,1,1
ATP10B,MRFAP1,1,1
ATP10B,MSL3P1,1,1
ATP10B,MTFP1,1,1
ATP10B,NBPF26,1,1
ATP10B,NDUFB3,1,1
ATP10B,NELFCD,1,1
ATP10B,NOTCH2,1,1
ATP10B,NPAS2,1,1
ATP10B,NRROS,1,1
ATP10B,NSMCE3,1,1
ATP10B,NUDCD3,1,1
ATP10B,NUP43,1,1
ATP10B,NUP50,1,1
ATP10B,ORC5,1,1
ATP10B,P3H3,1,1
ATP10B,PANX2,1,1
ATP10B,PARK7,1,1
ATP10B,PARP9,1,1
ATP10B,PEX26,1,1
ATP10B,PHTF1,1,1
ATP10B,PPFIBP1,1,1
ATP10B,PQLC2,1,1
ATP10B,PRKCZ,1,1
ATP10B,PSMA5,1,1
ATP10B,PYGB,1,1
ATP10B,RASEF,1,1
ATP10B,RBM28,1,1
ATP10B,RLBP1,1,1
ATP10B,RNF19A,1,1
ATP10B,RNF207,1,1
ATP10B,RNF43,1,1
ATP10B,RPN2,1,1
ATP10B,RRP7BP,1,1
ATP10B,RTCB,1,1
ATP10B,RYBP,1,1
ATP10B,SDF4,1,1
ATP10B,SDHB,1,1
ATP10B,SH3BP1,1,1
ATP10B,SLC16A1,1,1
ATP10B,SLC25A13,1,1
ATP10B,SLC35F5,1,1
ATP10B,SLC35F6,1,1
ATP10B,SNRNP25,1,1
ATP10B,SNX17,1,1
ATP10B,SORL1,1,1
ATP10B,SRM,1,1
ATP10B,STK11IP,1,1
ATP10B,STK17B,1,1
ATP10B,STRIP2,1,1
ATP10B,SYNM,1,1
ATP10B,SYPL1,1,1
ATP10B,TBCA,1,1
ATP10B,TIMM50,1,1
ATP10B,TIMP3,1,1
ATP10B,TMED9,1,1
ATP10B,TMEM201,1,1
ATP10B,TMEM242,1,1
ATP10B,TMEM64,1,1
ATP10B,TMF1,1,1
ATP10B,TRABD,1,1
ATP10B,TRMU,1,1
ATP10B,TRPV4,1,1
ATP10B,TTF2,1,1
ATP10B,TTN,1,1
ATP10B,TUBB2A,1,1
ATP10B,UFD1L,1,1
ATP10B,VCX3A,1,1
ATP10B,VPS45,1,1
ATP10B,WASL,1,1
ATP10B,WDR77,1,1
ATP10B,ZC3H11B,1,1
ATP10B,ZC3HC1,1,1
ATP10B,ZMYM1,1,1
ATP10B,ZNF503,1,1
ATP10B,ZNF697,1,1
ATP10B,ZNF839,1,1
TTLL4,ATXN7L3,1,1
TTLL4,ATXN7L3B,1,1
TTLL4,C11ORF57,1,1
TTLL4,CARD14,1,1
TTLL4,CHEK2,1,1
TTLL4,DYNC1I1,1,1
TTLL4,GFPT1,1,1
TTLL4,HOXB6,1,1
TTLL4,KDELC1,1,1
TTLL4,MIF,1,1
TTLL4,MRPS5,1,1
TTLL4,PANX2,1,1
TTLL4,PDCD6,1,1
TTLL4,PRKCZ,1,1
TTLL4,PXDN,1,1
TTLL4,RAP1A,1,1
TTLL4,RNF43,1,1
TTLL4,RPN2,1,1
TTLL4,SMARCE1,1,1
TTLL4,SMIM4,1,1
TTLL4,SORL1,1,1
TTLL4,SYNM,1,1
TTLL4,TMEM115,1,1
TTLL4,ZNF75A,1,1
TUBB2A,AK2,1,1
TUBB2A,ALDH1B1,1,1
TUBB2A,ANAPC7,1,1
TUBB2A,ARHGEF39,1,1
TUBB2A,ATXN7L3B,1,1
TUBB2A,B3GALT6,1,1
TUBB2A,BAIAP2L2,1,1
TUBB2A,BCAS3,1,1
TUBB2A,C1ORF112,1,1
TUBB2A,C5ORF34,1,1
TUBB2A,CAPZA2,1,1
TUBB2A,CASP8,1,1
TUBB2A,CEP41,1,1
TUBB2A,CGN,1,1
TUBB2A,CHEK2,1,1
TUBB2A,COG5,1,1
TUBB2A,CSDE1,1,1
TUBB2A,DDOST,1,1
TUBB2A,DDT,1,1
TUBB2A,DYNC1I1,1,1
TUBB2A,ECE1,1,1
TUBB2A,EIF5A2,1,1
TUBB2A,EMC1,1,1
TUBB2A,EN1,1,1
TUBB2A,EXTL3,1,1
TUBB2A,EYA4,1,1
TUBB2A,FOXRED2,1,1
TUBB2A,FZD6,1,1
TUBB2A,GFPT1,1,1
TUBB2A,GLDC,1,1
TUBB2A,GPR157,1,1
TUBB2A,HEY1,1,1
TUBB2A,ID3,1,1
TUBB2A,IGF2BP3,1,1
TUBB2A,IGHVII-30-43,1,1
TUBB2A,IMMP2L,1,1
TUBB2A,ITGAV,1,1
TUBB2A,KDELC1,1,1
TUBB2A,KIAA2013,1,1
TUBB2A,KIRREL,1,1
TUBB2A,L3MBTL4,1,1
TUBB2A,LCP2,1,1
TUBB2A,LPXN,1,1
TUBB2A,LRP12,1,1
TUBB2A,MAD2L2,1,1
TUBB2A,MFN2,1,1
TUBB2A,MLH3,1,1
TUBB2A,MLLT4,1,1
TUBB2A,MSL3P1,1,1
TUBB2A,NBPF26,1,1
TUBB2A,NELFCD,1,1
TUBB2A,NIPAL3,1,1
TUBB2A,NRROS,1,1
TUBB2A,NSMCE3,1,1
TUBB2A,NUDCD3,1,1
TUBB2A,NUP43,1,1
TUBB2A,P3H3,1,1
TUBB2A,PANX2,1,1
TUBB2A,PARK7,1,1
TUBB2A,PARP9,1,1
TUBB2A,PHTF1,1,1
TUBB2A,PPFIBP1,1,1
TUBB2A,PRKCZ,1,1
TUBB2A,PSMA5,1,1
TUBB2A,PTPRK,1,1
TUBB2A,RBM28,1,1
TUBB2A,RLBP1,1,1
TUBB2A,RNF207,1,1
TUBB2A,RNF43,1,1
TUBB2A,RPN2,1,1
TUBB2A,RRP7BP,1,1
TUBB2A,RTCB,1,1
TUBB2A,RYBP,1,1
TUBB2A,SDF4,1,1
TUBB2A,SDHB,1,1
TUBB2A,SH3BP1,1,1
TUBB2A,SLC16A1,1,1
TUBB2A,SLC25A13,1,1
TUBB2A,SLC35F5,1,1
TUBB2A,SLC35F6,1,1
TUBB2A,SLC5A6,1,1
TUBB2A,SORL1,1,1
TUBB2A,SRM,1,1
TUBB2A,STK11IP,1,1
TUBB2A,STK17B,1,1
TUBB2A,STRIP2,1,1
TUBB2A,SYNM,1,1
TUBB2A,SYPL1,1,1
TUBB2A,TBCA,1,1
TUBB2A,TIMM50,1,1
TUBB2A,TIMP3,1,1
TUBB2A,TMED9,1,1
TUBB2A,TMEM242,1,1
TUBB2A,TMEM38B,1,1
TUBB2A,TMF1,1,1
TUBB2A,TRABD,1,1
TUBB2A,TRMU,1,1
TUBB2A,TTF2,1,1
TUBB2A,UFD1L,1,1
TUBB2A,VPS45,1,1
TUBB2A,WASL,1,1
TUBB2A,ZC3H11B,1,1
TUBB2A,ZC3HC1,1,1
TUBB2A,ZMYM1,1,1
TUBB2A,ZNF697,1,1
TUBB2A,ZNF839,1,1
B4GALT1,ERP29,1,1
B4GALT1,ZNF706,1,1
NPPC,ABCD1,1,1
NPPC,ABHD12,1,1
NPPC,ABHD2,1,1
NPPC,ACAN,1,1
NPPC,ACOT7,1,1
NPPC,ADAMTS17,1,1
NPPC,AGA,1,1
NPPC,AL513523.1,1,1
NPPC,ALDH1A1,1,1
NPPC,ANKRD30B,1,1
NPPC,ANO4,1,1
NPPC,AP1S3,1,1
NPPC,ARHGEF35,1,1
NPPC,ARL6IP5,1,1
NPPC,ASRGL1,1,1
NPPC,ATAD3B,1,1
NPPC,ATP11A,1,1
NPPC,ATP6V0D2,1,1
NPPC,BICDL1,1,1
NPPC,BIRC7,1,1
NPPC,C2ORF69,1,1
NPPC,CADPS,1,1
NPPC,CAPG,1,1
NPPC,CCNA1,1,1
NPPC,CD109,1,1
NPPC,CEACAM1,1,1
NPPC,CHN2,1,1
NPPC,CPTP,1,1
NPPC,CSF2RA,1,1
NPPC,DFFA,1,1
NPPC,DPY19L2P2,1,1
NPPC,DPYSL5,1,1
NPPC,DTX3L,1,1
NPPC,EIF5A2,1,1
NPPC,EMILIN2,1,1
NPPC,ENHO,1,1
NPPC,ENTPD6,1,1
NPPC,EXOSC10,1,1
NPPC,FAM102B,1,1
NPPC,FAM118A,1,1
NPPC,FAM19A3,1,1
NPPC,FANCI,1,1
NPPC,FN1,1,1
NPPC,FRG2DP,1,1
NPPC,GCLM,1,1
NPPC,GDAP2,1,1
NPPC,HENMT1,1,1
NPPC,HERC2P5,1,1
NPPC,HERC2P8,1,1
NPPC,HOOK1,1,1
NPPC,HSPA8P1,1,1
NPPC,HSPA8P8,1,1
NPPC,HSPA8P9,1,1
NPPC,KCTD14,1,1
NPPC,KIF1B,1,1
NPPC,KLHL21,1,1
NPPC,LAMA1,1,1
NPPC,LHX8,1,1
NPPC,LONRF3,1,1
NPPC,LPXN,1,1
NPPC,LRRC61,1,1
NPPC,LYPLA2,1,1
NPPC,MCTP1,1,1
NPPC,MERTK,1,1
NPPC,MFF,1,1
NPPC,MGAM2,1,1
NPPC,MKRN3,1,1
NPPC,MMP8,1,1
NPPC,MORN1,1,1
NPPC,MRFAP1,1,1
NPPC,NBPF8,1,1
NPPC,NOTCH2,1,1
NPPC,NPAS2,1,1
NPPC,PARK7,1,1
NPPC,PHF13,1,1
NPPC,PHGDH,1,1
NPPC,PHTF1,1,1
NPPC,PIK3R3,1,1
NPPC,PLEKHA7,1,1
NPPC,PRKG2,1,1
NPPC,RASEF,1,1
NPPC,RBM19,1,1
NPPC,RP11-159J3.1,1,1
NPPC,RPH3A,1,1
NPPC,RPL11,1,1
NPPC,RPS6KA5,1,1
NPPC,RTFDC1,1,1
NPPC,RYBP,1,1
NPPC,SAMM50,1,1
NPPC,SCML4,1,1
NPPC,SEC22B,1,1
NPPC,SERGEF,1,1
NPPC,SFI1,1,1
NPPC,SLAMF7,1,1
NPPC,SLC25A33,1,1
NPPC,SLC46A3,1,1
NPPC,SPRR2D,1,1
NPPC,SS18L1,1,1
NPPC,STAT1,1,1
NPPC,SYCP2,1,1
NPPC,TBC1D4,1,1
NPPC,TMC3,1,1
NPPC,TMEM144,1,1
NPPC,TMEM64,1,1
NPPC,TMUB1,1,1
NPPC,TP73,1,1
NPPC,TPPP,1,1
NPPC,TRPA1,1,1
NPPC,TRPV4,1,1
NPPC,TUB,1,1
NPPC,UBE2J1,1,1
NPPC,VAPB,1,1
NPPC,VAV3,1,1
NPPC,ZC3H11B,1,1
NPPC,ZDHHC11B,1,1
NPPC,ZNF114,1,1
NPPC,ZNF503,1,1
NPPC,ZYG11A,1,1
SRRD,ANKRD27,1,1
SRRD,AP1S3,1,1
SRRD,BCAS2,1,1
SRRD,CRKL,1,1
SRRD,DFFA,1,1
SRRD,FANCI,1,1
SRRD,GSR,1,1
SRRD,LRRC47,1,1
SRRD,MARS2,1,1
SRRD,MCTP1,1,1
SRRD,MTFP1,1,1
SRRD,NCAPH2,1,1
SRRD,NT5DC3,1,1
SRRD,POLE4,1,1
SRRD,RALY,1,1
SRRD,STOML2,1,1
SRRD,TBC1D4,1,1
SRRD,TSN,1,1
SRRD,UBA3,1,1
AP1S3,ABHD2,1,1
AP1S3,ACAN,1,1
AP1S3,ACOT7,1,1
AP1S3,ADAMTS17,1,1
AP1S3,AGA,1,1
AP1S3,ALDH1A1,1,1
AP1S3,ANKRD27,1,1
AP1S3,APITD1,1,1
AP1S3,ASRGL1,1,1
AP1S3,ATAD3B,1,1
AP1S3,ATP6V0D2,1,1
AP1S3,AURKAIP1,1,1
AP1S3,BCAS2,1,1
AP1S3,BICDL1,1,1
AP1S3,BMP8B,1,1
AP1S3,C1ORF174,1,1
AP1S3,C2ORF69,1,1
AP1S3,CADM1,1,1
AP1S3,CADPS,1,1
AP1S3,CCNA1,1,1
AP1S3,CCNO,1,1
AP1S3,CD109,1,1
AP1S3,CHRNA7,1,1
AP1S3,COQ10B,1,1
AP1S3,CSDE1,1,1
AP1S3,CSF2RA,1,1
AP1S3,DDT,1,1
AP1S3,DFFA,1,1
AP1S3,DPYSL5,1,1
AP1S3,DTX3L,1,1
AP1S3,ECE1,1,1
AP1S3,EFHD2,1,1
AP1S3,ENHO,1,1
AP1S3,EXTL3,1,1
AP1S3,FAM118A,1,1
AP1S3,FAM19A3,1,1
AP1S3,FANCI,1,1
AP1S3,FN1,1,1
AP1S3,FRG2DP,1,1
AP1S3,GNB1L,1,1
AP1S3,GTPBP10,1,1
AP1S3,GXYLT1,1,1
AP1S3,HERC2P5,1,1
AP1S3,HERC2P8,1,1
AP1S3,HEY1,1,1
AP1S3,HOXD4,1,1
AP1S3,HSPA8P1,1,1
AP1S3,ID3,1,1
AP1S3,KIF7,1,1
AP1S3,LHX8,1,1
AP1S3,LPXN,1,1
AP1S3,LRRC47,1,1
AP1S3,LSR,1,1
AP1S3,LYPLA2,1,1
AP1S3,MAD2L2,1,1
AP1S3,MARS2,1,1
AP1S3,MCM3,1,1
AP1S3,MCTP1,1,1
AP1S3,MGAM2,1,1
AP1S3,MKRN3,1,1
AP1S3,MLH3,1,1
AP1S3,MMP8,1,1
AP1S3,MORN1,1,1
AP1S3,MRFAP1,1,1
AP1S3,MTFP1,1,1
AP1S3,NCAPH2,1,1
AP1S3,NEPRO,1,1
AP1S3,NOTCH2,1,1
AP1S3,NPAS2,1,1
AP1S3,NT5DC3,1,1
AP1S3,NUP50,1,1
AP1S3,P3H3,1,1
AP1S3,PARK7,1,1
AP1S3,PGAP2,1,1
AP1S3,PHTF1,1,1
AP1S3,PLCB4,1,1
AP1S3,POLE4,1,1
AP1S3,POLR2J,1,1
AP1S3,PRKG2,1,1
AP1S3,PYGB,1,1
AP1S3,RALY,1,1
AP1S3,RASEF,1,1
AP1S3,RLBP1,1,1
AP1S3,RNF19A,1,1
AP1S3,RTFDC1,1,1
AP1S3,RYBP,1,1
AP1S3,SCML4,1,1
AP1S3,SEC22B,1,1
AP1S3,SERGEF,1,1
AP1S3,SHQ1,1,1
AP1S3,SLAMF7,1,1
AP1S3,SNRNP25,1,1
AP1S3,SRM,1,1
AP1S3,STK17B,1,1
AP1S3,STOML2,1,1
AP1S3,TBC1D4,1,1
AP1S3,TMEM144,1,1
AP1S3,TMEM201,1,1
AP1S3,TMEM64,1,1
AP1S3,TMF1,1,1
AP1S3,TMUB1,1,1
AP1S3,TP73,1,1
AP1S3,TRMU,1,1
AP1S3,TRPV4,1,1
AP1S3,TSN,1,1
AP1S3,UBA3,1,1
AP1S3,VDR,1,1
AP1S3,WDR77,1,1
AP1S3,ZC3H11B,1,1
AP1S3,ZDHHC11B,1,1
AP1S3,ZNF114,1,1
AP1S3,ZNF189,1,1
AP1S3,ZNF697,1,1
RSBN1,ABCD1,1,1
RSBN1,ABHD12,1,1
RSBN1,AC013264.1,1,1
RSBN1,AKAP9,1,1
RSBN1,ANKRD30B,1,1
RSBN1,ANKRD44,1,1
RSBN1,ANO4,1,1
RSBN1,ARHGEF35,1,1
RSBN1,ARHGEF5,1,1
RSBN1,ASRGL1,1,1
RSBN1,ATP11A,1,1
RSBN1,ATP6V1C1,1,1
RSBN1,BIRC7,1,1
RSBN1,CA8,1,1
RSBN1,CAP1,1,1
RSBN1,CCDC115,1,1
RSBN1,CCDC36,1,1
RSBN1,CD40,1,1
RSBN1,CDC42,1,1
RSBN1,CDKN2B,1,1
RSBN1,CEACAM1,1,1
RSBN1,CHN2,1,1
RSBN1,COMMD9,1,1
RSBN1,CPTP,1,1
RSBN1,DDRGK1,1,1
RSBN1,DPY19L2P2,1,1
RSBN1,DTNBP1,1,1
RSBN1,EIF5AL1,1,1
RSBN1,EMILIN2,1,1
RSBN1,ENTPD6,1,1
RSBN1,ERP29,1,1
RSBN1,FAM102B,1,1
RSBN1,FUT4,1,1
RSBN1,GDAP2,1,1
RSBN1,GNB1,1,1
RSBN1,GRAMD4,1,1
RSBN1,GSTO1,1,1
RSBN1,GUCD1,1,1
RSBN1,HENMT1,1,1
RSBN1,HLA-F,1,1
RSBN1,HP1BP3,1,1
RSBN1,HSPA8P1,1,1
RSBN1,HSPA8P8,1,1
RSBN1,HSPA8P9,1,1
RSBN1,ICMT,1,1
RSBN1,KCTD14,1,1
RSBN1,LAMA1,1,1
RSBN1,LDLRAD3,1,1
RSBN1,LHX8,1,1
RSBN1,LINS1,1,1
RSBN1,LONRF3,1,1
RSBN1,LRRC61,1,1
RSBN1,LSM 8.00,1,1
RSBN1,MAGI3,1,1
RSBN1,MERTK,1,1
RSBN1,MLXIP,1,1
RSBN1,MME,1,1
RSBN1,MYB,1,1
RSBN1,NAV2,1,1
RSBN1,NDUFA10,1,1
RSBN1,PDE4B,1,1
RSBN1,PHF20,1,1
RSBN1,PHGDH,1,1
RSBN1,PIK3R3,1,1
RSBN1,PNRC2,1,1
RSBN1,PRDM2,1,1
RSBN1,PRKG2,1,1
RSBN1,RAB11FIP4,1,1
RSBN1,RBBP4,1,1
RSBN1,RGS1,1,1
RSBN1,RHOQ,1,1
RSBN1,RP11-159J3.1,1,1
RSBN1,RP11-327P2.7,1,1
RSBN1,RPS6KA5,1,1
RSBN1,SAMM50,1,1
RSBN1,SBF1,1,1
RSBN1,SEC22B,1,1
RSBN1,SLC37A3,1,1
RSBN1,SLC44A3,1,1
RSBN1,SLC46A3,1,1
RSBN1,SPON2,1,1
RSBN1,SS18L1,1,1
RSBN1,TGFBR1,1,1
RSBN1,TGFBR3,1,1
RSBN1,TMEM51,1,1
RSBN1,TPPP,1,1
RSBN1,TRPA1,1,1
RSBN1,TUB,1,1
RSBN1,VAMP3,1,1
RSBN1,VAPB,1,1
RSBN1,ZDHHC11B,1,1
RSBN1,ZNF114,1,1
RSBN1,ZNF43,1,1
RSBN1,ZYG11A,1,1
NEMP1,BLCAP,1,1
NEMP1,CD109,1,1
NEMP1,EARS2,1,1
NEMP1,ECHDC1,1,1
NEMP1,EIF5A2,1,1
NEMP1,EVL,1,1
NEMP1,FAM118A,1,1
NEMP1,GXYLT1,1,1
NEMP1,IDH3A,1,1
NEMP1,LAMA1,1,1
NEMP1,MCM3,1,1
NEMP1,MGAM2,1,1
NEMP1,MMP8,1,1
NEMP1,NDUFAF4,1,1
NEMP1,NELFCD,1,1
NEMP1,PNRC2,1,1
NEMP1,RYBP,1,1
NEMP1,SRM,1,1
NEMP1,TMEM201,1,1
NEMP1,TMEM64,1,1
NEMP1,TRIB1,1,1
NEMP1,TRMU,1,1
NEMP1,UBE2J1,1,1
VPS29,FBXO32,1,1
VPS29,OAT,1,1
VPS29,TMEM106A,1,1
VPS29,TRIQK,1,1
VPS29,WDR91,1,1
ANKRD44,ABCD1,1,1
ANKRD44,AC013264.1,1,1
ANKRD44,ACAN,1,1
ANKRD44,ACOT7,1,1
ANKRD44,ADAMTS17,1,1
ANKRD44,AKR7A2,1,1
ANKRD44,ALDH1A1,1,1
ANKRD44,ANKRD30B,1,1
ANKRD44,ARHGEF35,1,1
ANKRD44,ARHGEF5,1,1
ANKRD44,ARPC1A,1,1
ANKRD44,ASRGL1,1,1
ANKRD44,ATP11A,1,1
ANKRD44,ATP6V1C1,1,1
ANKRD44,ATRN,1,1
ANKRD44,BICDL1,1,1
ANKRD44,BIRC7,1,1
ANKRD44,BLCAP,1,1
ANKRD44,C7ORF49,1,1
ANKRD44,CA8,1,1
ANKRD44,CAPG,1,1
ANKRD44,CARHSP1,1,1
ANKRD44,CCDC36,1,1
ANKRD44,CD109,1,1
ANKRD44,CD40,1,1
ANKRD44,CDC42,1,1
ANKRD44,CDKN2B,1,1
ANKRD44,CEACAM1,1,1
ANKRD44,CHN2,1,1
ANKRD44,DDRGK1,1,1
ANKRD44,DNAJC16,1,1
ANKRD44,DPY19L2P2,1,1
ANKRD44,DTNBP1,1,1
ANKRD44,EIF5A2,1,1
ANKRD44,EMILIN2,1,1
ANKRD44,EXOSC10,1,1
ANKRD44,FAM102B,1,1
ANKRD44,FAM118A,1,1
ANKRD44,FAM167B,1,1
ANKRD44,FN1,1,1
ANKRD44,FRMD4B,1,1
ANKRD44,GRAMD4,1,1
ANKRD44,GUCD1,1,1
ANKRD44,HENMT1,1,1
ANKRD44,HMOX1,1,1
ANKRD44,HP1BP3,1,1
ANKRD44,HPS5,1,1
ANKRD44,HSPA8P1,1,1
ANKRD44,HSPA8P8,1,1
ANKRD44,HSPA8P9,1,1
ANKRD44,ICMT,1,1
ANKRD44,IGF1R,1,1
ANKRD44,JAK2,1,1
ANKRD44,KCTD14,1,1
ANKRD44,KIF1B,1,1
ANKRD44,LAMA1,1,1
ANKRD44,LAMP2,1,1
ANKRD44,LAMTOR5,1,1
ANKRD44,LDLRAD3,1,1
ANKRD44,LINS1,1,1
ANKRD44,LMF2,1,1
ANKRD44,LONRF3,1,1
ANKRD44,LSM 8.00,1,1
ANKRD44,LUZP1,1,1
ANKRD44,LZIC,1,1
ANKRD44,MAPK1,1,1
ANKRD44,MARK3,1,1
ANKRD44,MED15,1,1
ANKRD44,MERTK,1,1
ANKRD44,MESDC1,1,1
ANKRD44,MFF,1,1
ANKRD44,MLXIP,1,1
ANKRD44,MMP8,1,1
ANKRD44,MTOR,1,1
ANKRD44,NADK,1,1
ANKRD44,NBPF8,1,1
ANKRD44,NDUFA10,1,1
ANKRD44,PDE4B,1,1
ANKRD44,PEX10,1,1
ANKRD44,PEX26,1,1
ANKRD44,PHGDH,1,1
ANKRD44,PHTF1,1,1
ANKRD44,PIGO,1,1
ANKRD44,PITHD1,1,1
ANKRD44,PNKD,1,1
ANKRD44,POLG,1,1
ANKRD44,POMGNT1,1,1
ANKRD44,PPP1R3D,1,1
ANKRD44,PRDM2,1,1
ANKRD44,PTER,1,1
ANKRD44,RAB11FIP4,1,1
ANKRD44,RAB17,1,1
ANKRD44,RAB5A,1,1
ANKRD44,RP11-159J3.1,1,1
ANKRD44,RP11-61N20.3,1,1
ANKRD44,RPS6KA5,1,1
ANKRD44,RRBP1,1,1
ANKRD44,SAMM50,1,1
ANKRD44,SBF1,1,1
ANKRD44,SCML4,1,1
ANKRD44,SEC22B,1,1
ANKRD44,SFI1,1,1
ANKRD44,SGCE,1,1
ANKRD44,SKI,1,1
ANKRD44,SLC23A2,1,1
ANKRD44,SLC25A33,1,1
ANKRD44,SLC37A3,1,1
ANKRD44,SLC44A3,1,1
ANKRD44,SNX8,1,1
ANKRD44,SPSB1,1,1
ANKRD44,SQSTM1,1,1
ANKRD44,SRGAP2C,1,1
ANKRD44,STK39,1,1
ANKRD44,STXBP3,1,1
ANKRD44,SYCP2,1,1
ANKRD44,TBC1D4,1,1
ANKRD44,TESK2,1,1
ANKRD44,TGFBR1,1,1
ANKRD44,TGFBR3,1,1
ANKRD44,TMEM51,1,1
ANKRD44,TP73,1,1
ANKRD44,TPPP,1,1
ANKRD44,TRPA1,1,1
ANKRD44,TRPV2,1,1
ANKRD44,TXN2,1,1
ANKRD44,UBE2J1,1,1
ANKRD44,USP48,1,1
ANKRD44,VAMP3,1,1
ANKRD44,VAV3,1,1
ANKRD44,VCP,1,1
ANKRD44,WDR47,1,1
ANKRD44,ZNF43,1,1
ANKRD44,ZNF503,1,1
ANKRD44,ZYG11A,1,1
KIAA0232,RBSN,1,1
TRIB1,AK6,1,1
TRIB1,AKR7A2,1,1
TRIB1,AL513523.1,1,1
TRIB1,BLCAP,1,1
TRIB1,CD109,1,1
TRIB1,CINP,1,1
TRIB1,DNAJC16,1,1
TRIB1,EARS2,1,1
TRIB1,ECE1,1,1
TRIB1,EIF5A2,1,1
TRIB1,EXTL3,1,1
TRIB1,FAM118A,1,1
TRIB1,FAM19A3,1,1
TRIB1,FN1,1,1
TRIB1,FRMD4B,1,1
TRIB1,HTRA1,1,1
TRIB1,KCNN2,1,1
TRIB1,LAMA1,1,1
TRIB1,LAMP2,1,1
TRIB1,LAMTOR5,1,1
TRIB1,LMF2,1,1
TRIB1,LPXN,1,1
TRIB1,MUL1,1,1
TRIB1,NBPF26,1,1
TRIB1,NBPF8,1,1
TRIB1,NRROS,1,1
TRIB1,PDGFD,1,1
TRIB1,PLCD3,1,1
TRIB1,PQLC2,1,1
TRIB1,RP11-61N20.3,1,1
TRIB1,RPAP2,1,1
TRIB1,RYBP,1,1
TRIB1,SAMHD1,1,1
TRIB1,SFI1,1,1
TRIB1,SPRY1,1,1
TRIB1,STK39,1,1
TRIB1,STXBP3,1,1
TRIB1,SYCP2,1,1
TRIB1,TMEM201,1,1
TRIB1,UBE2J1,1,1
TRIB1,VAV3,1,1
TRIB1,ZC3H11B,1,1
TRIB1,ZNF503,1,1
HAUS4,ISCA2,1,1
HAUS4,SEPT8,1,1
HAUS4,UBXN8,1,1
EN1,AK2,1,1
EN1,ALDH1B1,1,1
EN1,ALG3,1,1
EN1,ANAPC7,1,1
EN1,APITD1,1,1
EN1,ARHGEF39,1,1
EN1,ATXN7L3B,1,1
EN1,BAIAP2L2,1,1
EN1,BCAS3,1,1
EN1,C11ORF57,1,1
EN1,C1ORF112,1,1
EN1,C1ORF159,1,1
EN1,C5ORF34,1,1
EN1,CADM1,1,1
EN1,CAPZA2,1,1
EN1,CARD16,1,1
EN1,CGN,1,1
EN1,CHEK2,1,1
EN1,CMAS,1,1
EN1,COG5,1,1
EN1,CSDE1,1,1
EN1,DDOST,1,1
EN1,DDT,1,1
EN1,DPYSL5,1,1
EN1,DYNC1I1,1,1
EN1,ECE1,1,1
EN1,EMC1,1,1
EN1,ENO1,1,1
EN1,EYA4,1,1
EN1,FOXRED2,1,1
EN1,GET4,1,1
EN1,GFPT1,1,1
EN1,GLDC,1,1
EN1,GNB1L,1,1
EN1,GPR157,1,1
EN1,HEY1,1,1
EN1,ID3,1,1
EN1,IGF2BP3,1,1
EN1,IGHVII-30-43,1,1
EN1,IMMP2L,1,1
EN1,KDELC1,1,1
EN1,KIAA2013,1,1
EN1,KIRREL,1,1
EN1,L3MBTL4,1,1
EN1,LCP2,1,1
EN1,LPXN,1,1
EN1,LRP12,1,1
EN1,LSR,1,1
EN1,MAD2L2,1,1
EN1,MAPK8IP2,1,1
EN1,MFN2,1,1
EN1,MLH3,1,1
EN1,MMS19,1,1
EN1,NIPAL3,1,1
EN1,NRROS,1,1
EN1,NSMCE3,1,1
EN1,NUDCD3,1,1
EN1,NUP43,1,1
EN1,PANX2,1,1
EN1,PARK7,1,1
EN1,PARP9,1,1
EN1,PPFIBP1,1,1
EN1,PRKCZ,1,1
EN1,PSMA5,1,1
EN1,RNF207,1,1
EN1,RNF43,1,1
EN1,RPN2,1,1
EN1,RRP7BP,1,1
EN1,RTCB,1,1
EN1,RYBP,1,1
EN1,SDF4,1,1
EN1,SDHB,1,1
EN1,SH3BP1,1,1
EN1,SLC25A13,1,1
EN1,SLC35F6,1,1
EN1,SNX17,1,1
EN1,SORL1,1,1
EN1,SRM,1,1
EN1,STRIP2,1,1
EN1,SYNM,1,1
EN1,SYPL1,1,1
EN1,TBCA,1,1
EN1,TIMM50,1,1
EN1,TIMP3,1,1
EN1,TMED9,1,1
EN1,TMEM242,1,1
EN1,TMF1,1,1
EN1,TRABD,1,1
EN1,TRMU,1,1
EN1,TTF2,1,1
EN1,UFD1L,1,1
EN1,VCX3A,1,1
EN1,VPS45,1,1
EN1,ZC3H11B,1,1
EN1,ZC3HC1,1,1
EN1,ZMYM1,1,1
EN1,ZNF697,1,1
EN1,ZNF839,1,1
TPPP,ABCD1,1,1
TPPP,ABHD12,1,1
TPPP,ACAN,1,1
TPPP,AKAP9,1,1
TPPP,ANKRD30B,1,1
TPPP,ANO4,1,1
TPPP,AP5S1,1,1
TPPP,APOBEC3G,1,1
TPPP,ARHGEF35,1,1
TPPP,ARHGEF5,1,1
TPPP,ASRGL1,1,1
TPPP,ATP11A,1,1
TPPP,ATP6V0D2,1,1
TPPP,ATRN,1,1
TPPP,BICDL1,1,1
TPPP,BIRC7,1,1
TPPP,CAP1,1,1
TPPP,CCDC36,1,1
TPPP,CCNA1,1,1
TPPP,CD40,1,1
TPPP,CDKN2B,1,1
TPPP,CEACAM1,1,1
TPPP,CPTP,1,1
TPPP,DDRGK1,1,1
TPPP,DPY19L2P2,1,1
TPPP,DTNBP1,1,1
TPPP,EMILIN2,1,1
TPPP,ENTPD6,1,1
TPPP,EXOSC10,1,1
TPPP,FAM102B,1,1
TPPP,FGFR1OP2,1,1
TPPP,GDAP2,1,1
TPPP,GTF2H1,1,1
TPPP,HENMT1,1,1
TPPP,HLA-F,1,1
TPPP,HOOK1,1,1
TPPP,HSPA8P1,1,1
TPPP,HSPA8P8,1,1
TPPP,HSPA8P9,1,1
TPPP,ICMT,1,1
TPPP,KCTD14,1,1
TPPP,KIF1B,1,1
TPPP,KIF3C,1,1
TPPP,LDLRAD3,1,1
TPPP,LHX8,1,1
TPPP,LIMK2,1,1
TPPP,LINS1,1,1
TPPP,LONRF3,1,1
TPPP,LRRC61,1,1
TPPP,MERTK,1,1
TPPP,MLXIP,1,1
TPPP,MMP8,1,1
TPPP,NAV2,1,1
TPPP,NDUFA10,1,1
TPPP,PDE4B,1,1
TPPP,PHF20,1,1
TPPP,PHGDH,1,1
TPPP,PIK3R3,1,1
TPPP,PLEKHA7,1,1
TPPP,PRKG2,1,1
TPPP,RP11-119J18.1,1,1
TPPP,RP11-159J3.1,1,1
TPPP,RP11-327P2.7,1,1
TPPP,RPH3A,1,1
TPPP,RPS27L,1,1
TPPP,RPS6KA5,1,1
TPPP,RTCA,1,1
TPPP,SAMM50,1,1
TPPP,SBF1,1,1
TPPP,SCML4,1,1
TPPP,SEC22B,1,1
TPPP,SLAMF7,1,1
TPPP,SLC37A3,1,1
TPPP,SLC44A3,1,1
TPPP,SLC46A3,1,1
TPPP,SS18L1,1,1
TPPP,TMC3,1,1
TPPP,TP73,1,1
TPPP,TRPA1,1,1
TPPP,TUB,1,1
TPPP,VAMP3,1,1
TPPP,VAPB,1,1
TPPP,ZDHHC11B,1,1
TPPP,ZNF114,1,1
TPPP,ZNF43,1,1
TPPP,ZNF525,1,1
TPPP,ZYG11A,1,1
TMEM106A,ERP29,1,1
TMEM106A,GSTO1,1,1
TMEM106A,LNX2,1,1
TMEM106A,NEMP2,1,1
TMEM106A,TRIQK,1,1
RMDN3,TSG101,1,1
NEK6,C1ORF112,1,1
NEK6,CEP41,1,1
NEK6,GDPD1,1,1
NEK6,IGHVII-30-43,1,1
NEK6,LLGL1,1,1
NEK6,LMAN2L,1,1
NEK6,MOV10,1,1
NEK6,MSL3P1,1,1
NEK6,NSMCE3,1,1
NEK6,PPFIBP1,1,1
NEK6,RHOJ,1,1
NEK6,SDF4,1,1
NEK6,SFT2D2,1,1
NEK6,SLC35F5,1,1
NEK6,SYPL1,1,1
NEK6,TIMP3,1,1
NEK6,TMED9,1,1
NEK6,VPS45,1,1
NEK6,WASL,1,1
NEK6,ZMYM1,1,1
NEK6,ZNF3,1,1
NEK6,ZNF839,1,1
NDUFA10,ABCD1,1,1
NDUFA10,ABHD12,1,1
NDUFA10,ACAN,1,1
NDUFA10,ACOT7,1,1
NDUFA10,ALDH1A1,1,1
NDUFA10,ANKRD30B,1,1
NDUFA10,ARHGEF35,1,1
NDUFA10,ASRGL1,1,1
NDUFA10,ATP11A,1,1
NDUFA10,ATP6V0D2,1,1
NDUFA10,BICDL1,1,1
NDUFA10,BIRC7,1,1
NDUFA10,C2CD5,1,1
NDUFA10,CA8,1,1
NDUFA10,CAPG,1,1
NDUFA10,CCDC36,1,1
NDUFA10,CD36,1,1
NDUFA10,CD40,1,1
NDUFA10,CEACAM1,1,1
NDUFA10,CHN2,1,1
NDUFA10,DDRGK1,1,1
NDUFA10,DPY19L2P2,1,1
NDUFA10,DTNBP1,1,1
NDUFA10,EMILIN2,1,1
NDUFA10,ENHO,1,1
NDUFA10,EXOSC10,1,1
NDUFA10,FAM102B,1,1
NDUFA10,GDAP2,1,1
NDUFA10,GGH,1,1
NDUFA10,HENMT1,1,1
NDUFA10,HSPA8P1,1,1
NDUFA10,HSPA8P8,1,1
NDUFA10,HSPA8P9,1,1
NDUFA10,KCTD14,1,1
NDUFA10,KIF1B,1,1
NDUFA10,LAMA1,1,1
NDUFA10,LDLRAD3,1,1
NDUFA10,LHX8,1,1
NDUFA10,LIMK2,1,1
NDUFA10,LINS1,1,1
NDUFA10,LONRF3,1,1
NDUFA10,LRRC61,1,1
NDUFA10,LSM 8.00,1,1
NDUFA10,MAGI3,1,1
NDUFA10,MED15,1,1
NDUFA10,MERTK,1,1
NDUFA10,MFF,1,1
NDUFA10,MLXIP,1,1
NDUFA10,MMP8,1,1
NDUFA10,MTOR,1,1
NDUFA10,NDUFS1,1,1
NDUFA10,PEX14,1,1
NDUFA10,PHGDH,1,1
NDUFA10,PIK3R3,1,1
NDUFA10,PNKD,1,1
NDUFA10,PRKG2,1,1
NDUFA10,RAB17,1,1
NDUFA10,RBX1,1,1
NDUFA10,RP11-159J3.1,1,1
NDUFA10,RP11-327P2.7,1,1
NDUFA10,RPH3A,1,1
NDUFA10,RPL11,1,1
NDUFA10,RPS6KA5,1,1
NDUFA10,SAMM50,1,1
NDUFA10,SCML4,1,1
NDUFA10,SEC22B,1,1
NDUFA10,SFMBT1,1,1
NDUFA10,SLC37A3,1,1
NDUFA10,SLC46A3,1,1
NDUFA10,SRBD1,1,1
NDUFA10,SS18L1,1,1
NDUFA10,TBC1D4,1,1
NDUFA10,TGFBR3,1,1
NDUFA10,TMEM51,1,1
NDUFA10,TMUB1,1,1
NDUFA10,TP73,1,1
NDUFA10,TUB,1,1
NDUFA10,TXN2,1,1
NDUFA10,UBE2J1,1,1
NDUFA10,VAPB,1,1
NDUFA10,VAV3,1,1
NDUFA10,VCX3B,1,1
NDUFA10,WDR47,1,1
NDUFA10,ZDHHC11B,1,1
NDUFA10,ZNF114,1,1
NDUFA10,ZNF43,1,1
NDUFA10,ZNF503,1,1
NDUFA10,ZYG11A,1,1
ALDH1A1,ABCD1,1,1
ALDH1A1,ABHD12,1,1
ALDH1A1,ABHD2,1,1
ALDH1A1,ACAN,1,1
ALDH1A1,ACOT7,1,1
ALDH1A1,ADAMTS17,1,1
ALDH1A1,AKR7A2,1,1
ALDH1A1,AL513523.1,1,1
ALDH1A1,ANAPC5,1,1
ALDH1A1,ANKRD27,1,1
ALDH1A1,ANKRD30B,1,1
ALDH1A1,APOL1,1,1
ALDH1A1,ARHGEF35,1,1
ALDH1A1,ARL6IP5,1,1
ALDH1A1,ASRGL1,1,1
ALDH1A1,ATAD3B,1,1
ALDH1A1,ATP11A,1,1
ALDH1A1,ATP6V0D2,1,1
ALDH1A1,BICDL1,1,1
ALDH1A1,BIRC7,1,1
ALDH1A1,BLCAP,1,1
ALDH1A1,C1ORF174,1,1
ALDH1A1,C2ORF69,1,1
ALDH1A1,CADM1,1,1
ALDH1A1,CADPS,1,1
ALDH1A1,CAPG,1,1
ALDH1A1,CARHSP1,1,1
ALDH1A1,CCNA1,1,1
ALDH1A1,CD109,1,1
ALDH1A1,CD36,1,1
ALDH1A1,CDKN2B,1,1
ALDH1A1,CEACAM1,1,1
ALDH1A1,CGN,1,1
ALDH1A1,CHN2,1,1
ALDH1A1,CLDN14,1,1
ALDH1A1,CPTP,1,1
ALDH1A1,CSF2RA,1,1
ALDH1A1,DDRGK1,1,1
ALDH1A1,DFFA,1,1
ALDH1A1,DNAJC16,1,1
ALDH1A1,DPY19L2P2,1,1
ALDH1A1,DPYSL5,1,1
ALDH1A1,DTNBP1,1,1
ALDH1A1,DTX3L,1,1
ALDH1A1,ECE1,1,1
ALDH1A1,EIF5A2,1,1
ALDH1A1,EMILIN2,1,1
ALDH1A1,ENHO,1,1
ALDH1A1,ENTPD6,1,1
ALDH1A1,EXOSC10,1,1
ALDH1A1,FAAP20,1,1
ALDH1A1,FAM102B,1,1
ALDH1A1,FAM118A,1,1
ALDH1A1,FAM19A3,1,1
ALDH1A1,FANCI,1,1
ALDH1A1,FEZF1,1,1
ALDH1A1,FN1,1,1
ALDH1A1,FRG2DP,1,1
ALDH1A1,GCLM,1,1
ALDH1A1,GDAP2,1,1
ALDH1A1,GGH,1,1
ALDH1A1,GNB1L,1,1
ALDH1A1,GPHN,1,1
ALDH1A1,GPR157,1,1
ALDH1A1,GRAMD4,1,1
ALDH1A1,HENMT1,1,1
ALDH1A1,HERC2P5,1,1
ALDH1A1,HERC2P8,1,1
ALDH1A1,HMGXB3,1,1
ALDH1A1,HOOK1,1,1
ALDH1A1,HSPA8P1,1,1
ALDH1A1,HSPA8P8,1,1
ALDH1A1,HSPA8P9,1,1
ALDH1A1,IMMP2L,1,1
ALDH1A1,KCTD14,1,1
ALDH1A1,KIAA2013,1,1
ALDH1A1,KIF1B,1,1
ALDH1A1,KIF7,1,1
ALDH1A1,LAMA1,1,1
ALDH1A1,LHX8,1,1
ALDH1A1,LIMK2,1,1
ALDH1A1,LINS1,1,1
ALDH1A1,LMF2,1,1
ALDH1A1,LONRF3,1,1
ALDH1A1,LPXN,1,1
ALDH1A1,LRRC47,1,1
ALDH1A1,LRRC61,1,1
ALDH1A1,LSR,1,1
ALDH1A1,LYPLA2,1,1
ALDH1A1,MAD2L2,1,1
ALDH1A1,MAPK8IP2,1,1
ALDH1A1,MCM3,1,1
ALDH1A1,MCTP1,1,1
ALDH1A1,MERTK,1,1
ALDH1A1,MFF,1,1
ALDH1A1,MFN2,1,1
ALDH1A1,MGAM,1,1
ALDH1A1,MGAM2,1,1
ALDH1A1,MKRN3,1,1
ALDH1A1,MLXIP,1,1
ALDH1A1,MMP8,1,1
ALDH1A1,MORN1,1,1
ALDH1A1,MRFAP1,1,1
ALDH1A1,MTFP1,1,1
ALDH1A1,MTOR,1,1
ALDH1A1,MUL1,1,1
ALDH1A1,NBPF8,1,1
ALDH1A1,NDUFS1,1,1
ALDH1A1,NEPRO,1,1
ALDH1A1,NOTCH2,1,1
ALDH1A1,NPAS2,1,1
ALDH1A1,NRROS,1,1
ALDH1A1,PARK7,1,1
ALDH1A1,PDE4B,1,1
ALDH1A1,PDGFD,1,1
ALDH1A1,PEX14,1,1
ALDH1A1,PEX26,1,1
ALDH1A1,PHGDH,1,1
ALDH1A1,PHTF1,1,1
ALDH1A1,PIK3R3,1,1
ALDH1A1,PLEKHA7,1,1
ALDH1A1,PNKD,1,1
ALDH1A1,POLE4,1,1
ALDH1A1,POLR2J,1,1
ALDH1A1,PRKG2,1,1
ALDH1A1,PYGB,1,1
ALDH1A1,RAB17,1,1
ALDH1A1,RASEF,1,1
ALDH1A1,RBM19,1,1
ALDH1A1,RBX1,1,1
ALDH1A1,RCN3,1,1
ALDH1A1,RP11-119J18.1,1,1
ALDH1A1,RP11-159J3.1,1,1
ALDH1A1,RP11-327P2.7,1,1
ALDH1A1,RP11-61N20.3,1,1
ALDH1A1,RPA2,1,1
ALDH1A1,RPH3A,1,1
ALDH1A1,RPL11,1,1
ALDH1A1,RPS6KA5,1,1
ALDH1A1,RTFDC1,1,1
ALDH1A1,RYBP,1,1
ALDH1A1,SAMM50,1,1
ALDH1A1,SCML4,1,1
ALDH1A1,SEC22B,1,1
ALDH1A1,SERGEF,1,1
ALDH1A1,SFI1,1,1
ALDH1A1,SLAMF7,1,1
ALDH1A1,SLC25A33,1,1
ALDH1A1,SLC37A3,1,1
ALDH1A1,SLC46A3,1,1
ALDH1A1,SNRNP25,1,1
ALDH1A1,SQRDL,1,1
ALDH1A1,SRM,1,1
ALDH1A1,SS18L1,1,1
ALDH1A1,STAT1,1,1
ALDH1A1,SYCP2,1,1
ALDH1A1,TBC1D4,1,1
ALDH1A1,TMC3,1,1
ALDH1A1,TMEM144,1,1
ALDH1A1,TMEM201,1,1
ALDH1A1,TMEM64,1,1
ALDH1A1,TMF1,1,1
ALDH1A1,TMUB1,1,1
ALDH1A1,TP73,1,1
ALDH1A1,TRPA1,1,1
ALDH1A1,TRPV4,1,1
ALDH1A1,TTN,1,1
ALDH1A1,TUB,1,1
ALDH1A1,TXN2,1,1
ALDH1A1,UBE2J1,1,1
ALDH1A1,VAPB,1,1
ALDH1A1,VAV3,1,1
ALDH1A1,VCX3B,1,1
ALDH1A1,WDR47,1,1
ALDH1A1,ZC3H11B,1,1
ALDH1A1,ZDHHC11B,1,1
ALDH1A1,ZNF114,1,1
ALDH1A1,ZNF43,1,1
ALDH1A1,ZNF503,1,1
ALDH1A1,ZNF776,1,1
ALDH1A1,ZYG11A,1,1
PKN3,AIG1,1,1
PKN3,ALDH1B1,1,1
PKN3,ALG3,1,1
PKN3,ASUN,1,1
PKN3,C7ORF50,1,1
PKN3,CANX,1,1
PKN3,CASP8,1,1
PKN3,CMAS,1,1
PKN3,EMC1,1,1
PKN3,ENO1,1,1
PKN3,EYA1,1,1
PKN3,FZD6,1,1
PKN3,IGF2BP3,1,1
PKN3,NSMCE3,1,1
PKN3,PABPC4,1,1
PKN3,PHF2,1,1
PKN3,POU3F2,1,1
PKN3,PRKCZ,1,1
PKN3,PSMA5,1,1
PKN3,RBSN,1,1
PKN3,RPN2,1,1
PKN3,SMIM4,1,1
PKN3,SYPL1,1,1
PKN3,TEAD2,1,1
PKN3,UFD1L,1,1
PKN3,ZMYM1,1,1
MLX,BAIAP2L2,1,1
MLX,FOXRED2,1,1
MLX,PQLC2,1,1
MLX,RPAP2,1,1
MLX,SLC35F5,1,1
MLX,UBE2E2,1,1
MLX,ZNF839,1,1
PLCD3,AKR7A2,1,1
PLCD3,EARS2,1,1
PLCD3,HTRA1,1,1
PLCD3,INPPL1,1,1
PLCD3,KCNN2,1,1
PLCD3,LAMA1,1,1
PLCD3,LAMP2,1,1
PLCD3,LAMTOR5,1,1
PLCD3,LMF2,1,1
PLCD3,MARK3,1,1
PLCD3,METRNL,1,1
PLCD3,NBPF26,1,1
PLCD3,PQLC2,1,1
PLCD3,RHOJ,1,1
PLCD3,RRBP1,1,1
PLCD3,SAMHD1,1,1
PLCD3,STK39,1,1
PLCD3,STXBP3,1,1
PLCD3,TCTN3,1,1
MARS2,ACAN,1,1
MARS2,ANKRD27,1,1
MARS2,ATAD3B,1,1
MARS2,C1ORF174,1,1
MARS2,C2ORF69,1,1
MARS2,CCNA1,1,1
MARS2,CLSPN,1,1
MARS2,CRKL,1,1
MARS2,DFFA,1,1
MARS2,DHX33,1,1
MARS2,DTX3L,1,1
MARS2,ECHDC1,1,1
MARS2,EEFSEC,1,1
MARS2,FANCI,1,1
MARS2,GCLM,1,1
MARS2,GTSE1,1,1
MARS2,GXYLT1,1,1
MARS2,IDH3A,1,1
MARS2,KIF7,1,1
MARS2,KLHL21,1,1
MARS2,LHX8,1,1
MARS2,LRRC47,1,1
MARS2,MCM3,1,1
MARS2,MCTP1,1,1
MARS2,MGAM2,1,1
MARS2,MKRN3,1,1
MARS2,MMP8,1,1
MARS2,MTERF1,1,1
MARS2,MTFP1,1,1
MARS2,NCAPH2,1,1
MARS2,NOTCH2,1,1
MARS2,NT5DC3,1,1
MARS2,PLEKHB2,1,1
MARS2,POLE4,1,1
MARS2,RALY,1,1
MARS2,RASEF,1,1
MARS2,RPA2,1,1
MARS2,RPS6KA5,1,1
MARS2,RTFDC1,1,1
MARS2,SLAMF7,1,1
MARS2,SNRNP25,1,1
MARS2,STOML2,1,1
MARS2,TMEM144,1,1
MARS2,TMEM64,1,1
MARS2,TP73,1,1
MARS2,TRMU,1,1
MARS2,TSN,1,1
MARS2,VDR,1,1
MARS2,WDR77,1,1
MARS2,ZNF114,1,1
MARS2,ZNHIT3,1,1
PLXNA3,SFMBT1,1,1
FBXO32,CA8,1,1
FBXO32,CAMTA1,1,1
FBXO32,ERP29,1,1
FBXO32,EVA1A,1,1
FBXO32,HERC5,1,1
FBXO32,LSM 8.00,1,1
FBXO32,MAP9,1,1
FBXO32,MRPS33,1,1
FBXO32,MTA1,1,1
FBXO32,NAGA,1,1
FBXO32,NT5DC1,1,1
FBXO32,PPP1R3D,1,1
FBXO32,RMND1,1,1
VAMP3,ABCD1,1,1
VAMP3,AC013264.1,1,1
VAMP3,ANKRD30B,1,1
VAMP3,AP5S1,1,1
VAMP3,ARHGAP39,1,1
VAMP3,ARHGEF35,1,1
VAMP3,ARHGEF5,1,1
VAMP3,ARPC1A,1,1
VAMP3,ATP6V1C1,1,1
VAMP3,ATRN,1,1
VAMP3,BIRC7,1,1
VAMP3,C7ORF49,1,1
VAMP3,CA8,1,1
VAMP3,CBX5,1,1
VAMP3,CCDC115,1,1
VAMP3,CCDC36,1,1
VAMP3,CD40,1,1
VAMP3,CDC42,1,1
VAMP3,CDK5R1,1,1
VAMP3,CDKN2B,1,1
VAMP3,CEACAM1,1,1
VAMP3,CERK,1,1
VAMP3,CLSTN1,1,1
VAMP3,CTD-3214H19.4,1,1
VAMP3,DDRGK1,1,1
VAMP3,DTNBP1,1,1
VAMP3,EIF5AL1,1,1
VAMP3,EMILIN2,1,1
VAMP3,EVA1A,1,1
VAMP3,FAM102B,1,1
VAMP3,FRMD4B,1,1
VAMP3,FUT4,1,1
VAMP3,GNB1,1,1
VAMP3,GRAMD4,1,1
VAMP3,GSTO1,1,1
VAMP3,GTF2H1,1,1
VAMP3,GUCD1,1,1
VAMP3,HENMT1,1,1
VAMP3,HLA-F,1,1
VAMP3,HP1BP3,1,1
VAMP3,ICMT,1,1
VAMP3,KCTD14,1,1
VAMP3,KIAA1033,1,1
VAMP3,LDLRAD3,1,1
VAMP3,LINS1,1,1
VAMP3,LMF2,1,1
VAMP3,LONRF3,1,1
VAMP3,LRRC61,1,1
VAMP3,LSM 8.00,1,1
VAMP3,LUZP1,1,1
VAMP3,LZIC,1,1
VAMP3,MAPK1,1,1
VAMP3,MARK3,1,1
VAMP3,MBP,1,1
VAMP3,MCOLN3,1,1
VAMP3,MESDC1,1,1
VAMP3,MLXIP,1,1
VAMP3,NAV2,1,1
VAMP3,PDE4B,1,1
VAMP3,PEX10,1,1
VAMP3,PITHD1,1,1
VAMP3,PNRC2,1,1
VAMP3,PRDM2,1,1
VAMP3,PRKCA,1,1
VAMP3,PTER,1,1
VAMP3,RAB11FIP4,1,1
VAMP3,RBBP4,1,1
VAMP3,RGS1,1,1
VAMP3,RHOQ,1,1
VAMP3,RP11-327P2.7,1,1
VAMP3,SAMM50,1,1
VAMP3,SBF1,1,1
VAMP3,SIRPA,1,1
VAMP3,SKI,1,1
VAMP3,SLC37A3,1,1
VAMP3,SLC44A3,1,1
VAMP3,SLC46A3,1,1
VAMP3,SNX8,1,1
VAMP3,SPSB1,1,1
VAMP3,SS18L1,1,1
VAMP3,STIM1,1,1
VAMP3,STXBP2,1,1
VAMP3,SYCP2,1,1
VAMP3,TGFBR1,1,1
VAMP3,TGFBR3,1,1
VAMP3,TMEM184B,1,1
VAMP3,TMEM51,1,1
VAMP3,TRPA1,1,1
VAMP3,USP48,1,1
VAMP3,VCP,1,1
VAMP3,ZNF43,1,1
VAMP3,ZYG11A,1,1
TXNL4A,ATL1,1,1
TXNL4A,DBNL,1,1
TXNL4A,LRP6,1,1
TXNL4A,RAB34,1,1
TXNL4A,SLC25A4,1,1
TXNL4A,YWHAH,1,1
TXNL4A,ZNF644,1,1
SMIM4,AIG1,1,1
SMIM4,ALDH1B1,1,1
SMIM4,ALG3,1,1
SMIM4,ANKRD13D,1,1
SMIM4,ASUN,1,1
SMIM4,ATG5,1,1
SMIM4,ATXN7L3,1,1
SMIM4,C5ORF34,1,1
SMIM4,C7ORF50,1,1
SMIM4,CHEK2,1,1
SMIM4,CMAS,1,1
SMIM4,EMC1,1,1
SMIM4,ENO1,1,1
SMIM4,ESPL1,1,1
SMIM4,GFPT1,1,1
SMIM4,LCP2,1,1
SMIM4,MIF,1,1
SMIM4,MLLT6,1,1
SMIM4,MRPS5,1,1
SMIM4,NUP43,1,1
SMIM4,PABPC4,1,1
SMIM4,PANX2,1,1
SMIM4,PHF2,1,1
SMIM4,POU3F2,1,1
SMIM4,PRKCZ,1,1
SMIM4,PSMA5,1,1
SMIM4,PXDN,1,1
SMIM4,RAP1A,1,1
SMIM4,RPN2,1,1
SMIM4,SMARCE1,1,1
SMIM4,SORL1,1,1
SMIM4,SYNM,1,1
SMIM4,TEAD2,1,1
SMIM4,TMEM115,1,1
SMIM4,UFD1L,1,1
SMIM4,VPS45,1,1
SMIM4,ZMYM1,1,1
MAPK8IP2,ACAN,1,1
MAPK8IP2,ACOT7,1,1
MAPK8IP2,ADAMTS17,1,1
MAPK8IP2,AK2,1,1
MAPK8IP2,AKR7A2,1,1
MAPK8IP2,ANAPC5,1,1
MAPK8IP2,ANAPC7,1,1
MAPK8IP2,APITD1,1,1
MAPK8IP2,ARHGEF39,1,1
MAPK8IP2,BAIAP2L2,1,1
MAPK8IP2,BCAS3,1,1
MAPK8IP2,BLCAP,1,1
MAPK8IP2,CADM1,1,1
MAPK8IP2,CADPS,1,1
MAPK8IP2,CARD16,1,1
MAPK8IP2,CARHSP1,1,1
MAPK8IP2,CD109,1,1
MAPK8IP2,CGN,1,1
MAPK8IP2,COG5,1,1
MAPK8IP2,CSDE1,1,1
MAPK8IP2,DDOST,1,1
MAPK8IP2,DDT,1,1
MAPK8IP2,DPYSL5,1,1
MAPK8IP2,ECE1,1,1
MAPK8IP2,EIF5A2,1,1
MAPK8IP2,ENHO,1,1
MAPK8IP2,EXOSC10,1,1
MAPK8IP2,EXTL3,1,1
MAPK8IP2,EYA4,1,1
MAPK8IP2,FAM19A3,1,1
MAPK8IP2,FBXO6,1,1
MAPK8IP2,FEZF1,1,1
MAPK8IP2,FN1,1,1
MAPK8IP2,FOXRED2,1,1
MAPK8IP2,GNB1L,1,1
MAPK8IP2,GNB2,1,1
MAPK8IP2,GPR157,1,1
MAPK8IP2,HERC2P8,1,1
MAPK8IP2,HEY1,1,1
MAPK8IP2,IMMP2L,1,1
MAPK8IP2,KDELC1,1,1
MAPK8IP2,KIAA2013,1,1
MAPK8IP2,L3MBTL4,1,1
MAPK8IP2,LAMA1,1,1
MAPK8IP2,LCP2,1,1
MAPK8IP2,LPXN,1,1
MAPK8IP2,LSR,1,1
MAPK8IP2,MAD2L2,1,1
MAPK8IP2,MERTK,1,1
MAPK8IP2,MFF,1,1
MAPK8IP2,MFN2,1,1
MAPK8IP2,MGAM2,1,1
MAPK8IP2,MLH3,1,1
MAPK8IP2,MLLT4,1,1
MAPK8IP2,MRFAP1,1,1
MAPK8IP2,MTFP1,1,1
MAPK8IP2,MTOR,1,1
MAPK8IP2,NBPF8,1,1
MAPK8IP2,NDUFB3,1,1
MAPK8IP2,NEPRO,1,1
MAPK8IP2,NOTCH2,1,1
MAPK8IP2,NPAS2,1,1
MAPK8IP2,NRROS,1,1
MAPK8IP2,P3H3,1,1
MAPK8IP2,PANX2,1,1
MAPK8IP2,PARK7,1,1
MAPK8IP2,PARP9,1,1
MAPK8IP2,PEX14,1,1
MAPK8IP2,PEX26,1,1
MAPK8IP2,PHTF1,1,1
MAPK8IP2,PTTG1,1,1
MAPK8IP2,PYGB,1,1
MAPK8IP2,RAB17,1,1
MAPK8IP2,RASEF,1,1
MAPK8IP2,RBX1,1,1
MAPK8IP2,RCN3,1,1
MAPK8IP2,RP11-61N20.3,1,1
MAPK8IP2,RTCB,1,1
MAPK8IP2,RYBP,1,1
MAPK8IP2,SAMM50,1,1
MAPK8IP2,SCML4,1,1
MAPK8IP2,SDHB,1,1
MAPK8IP2,SERGEF,1,1
MAPK8IP2,SLC25A33,1,1
MAPK8IP2,SLC35F6,1,1
MAPK8IP2,SNRNP25,1,1
MAPK8IP2,SNX17,1,1
MAPK8IP2,SPRY1,1,1
MAPK8IP2,SRM,1,1
MAPK8IP2,STRIP2,1,1
MAPK8IP2,TBC1D4,1,1
MAPK8IP2,TIMM50,1,1
MAPK8IP2,TMED9,1,1
MAPK8IP2,TMEM201,1,1
MAPK8IP2,TMEM64,1,1
MAPK8IP2,TMF1,1,1
MAPK8IP2,TRABD,1,1
MAPK8IP2,TRPV4,1,1
MAPK8IP2,TTF2,1,1
MAPK8IP2,TTN,1,1
MAPK8IP2,TXN2,1,1
MAPK8IP2,VAV3,1,1
MAPK8IP2,VCX3A,1,1
MAPK8IP2,VCX3B,1,1
MAPK8IP2,WDR47,1,1
MAPK8IP2,ZC3H11B,1,1
MAPK8IP2,ZC3HC1,1,1
MAPK8IP2,ZNF503,1,1
MAPK8IP2,ZNF697,1,1
MAPK8IP2,ZNF776,1,1
PNRC2,ANKRD30B,1,1
PNRC2,ARHGEF35,1,1
PNRC2,ARHGEF5,1,1
PNRC2,BIRC7,1,1
PNRC2,CCDC36,1,1
PNRC2,CD40,1,1
PNRC2,CHN2,1,1
PNRC2,ECHDC1,1,1
PNRC2,EEFSEC,1,1
PNRC2,EMILIN2,1,1
PNRC2,FAM102B,1,1
PNRC2,FAM118A,1,1
PNRC2,FUT4,1,1
PNRC2,HENMT1,1,1
PNRC2,HSPA8P1,1,1
PNRC2,HSPA8P8,1,1
PNRC2,HSPA8P9,1,1
PNRC2,ICMT,1,1
PNRC2,KCTD14,1,1
PNRC2,LAMA1,1,1
PNRC2,LDLRAD3,1,1
PNRC2,LINS1,1,1
PNRC2,LONRF3,1,1
PNRC2,LSM 8.00,1,1
PNRC2,MME,1,1
PNRC2,MYB,1,1
PNRC2,PDE4B,1,1
PNRC2,PRKG2,1,1
PNRC2,RGS1,1,1
PNRC2,RPS6KA5,1,1
PNRC2,RTCA,1,1
PNRC2,SLC37A3,1,1
PNRC2,SLC46A3,1,1
PNRC2,STAT1,1,1
PNRC2,TP53I3,1,1
PNRC2,TRPA1,1,1
PNRC2,UBE2J1,1,1
PNRC2,ZC3H4,1,1
PNRC2,ZDHHC11B,1,1
PNRC2,ZNF43,1,1
PNRC2,ZYG11A,1,1
GALNT1,CLSPN,1,1
GALNT1,GLS,1,1
GALNT1,GXYLT1,1,1
GALNT1,NDUFAF4,1,1
GALNT1,NELFCD,1,1
GALNT1,NUP50,1,1
GALNT1,ORC5,1,1
GALNT1,PTDSS1,1,1
GALNT1,STK11,1,1
SDHB,ACOT7,1,1
SDHB,ADAMTS17,1,1
SDHB,AK2,1,1
SDHB,AKR7A2,1,1
SDHB,ALAS1,1,1
SDHB,ANAPC7,1,1
SDHB,APITD1,1,1
SDHB,ARHGEF39,1,1
SDHB,ATXN7L3B,1,1
SDHB,BAIAP2L2,1,1
SDHB,BCAS3,1,1
SDHB,BLCAP,1,1
SDHB,C1ORF112,1,1
SDHB,C5ORF34,1,1
SDHB,CADM1,1,1
SDHB,CADPS,1,1
SDHB,CAPZA2,1,1
SDHB,CARD16,1,1
SDHB,CARHSP1,1,1
SDHB,CD109,1,1
SDHB,CEP41,1,1
SDHB,CGN,1,1
SDHB,CHEK2,1,1
SDHB,CLIC4,1,1
SDHB,COG5,1,1
SDHB,CSDE1,1,1
SDHB,DDOST,1,1
SDHB,DDT,1,1
SDHB,DPYSL5,1,1
SDHB,DYNC1I1,1,1
SDHB,EARS2,1,1
SDHB,ECE1,1,1
SDHB,EIF5A2,1,1
SDHB,EMC1,1,1
SDHB,ENHO,1,1
SDHB,EYA4,1,1
SDHB,FAM19A3,1,1
SDHB,FBXO6,1,1
SDHB,FOXRED2,1,1
SDHB,GET4,1,1
SDHB,GFPT1,1,1
SDHB,GGH,1,1
SDHB,GNB1L,1,1
SDHB,GPR157,1,1
SDHB,HEY1,1,1
SDHB,ID3,1,1
SDHB,IDH3A,1,1
SDHB,IGHVII-30-43,1,1
SDHB,IMMP2L,1,1
SDHB,ITGAV,1,1
SDHB,KDELC1,1,1
SDHB,KIAA2013,1,1
SDHB,L3MBTL4,1,1
SDHB,LAMP2,1,1
SDHB,LCP2,1,1
SDHB,LPXN,1,1
SDHB,LRP12,1,1
SDHB,LSR,1,1
SDHB,MAD2L2,1,1
SDHB,MFF,1,1
SDHB,MFN2,1,1
SDHB,MLH3,1,1
SDHB,MLLT4,1,1
SDHB,MOV10,1,1
SDHB,MRFAP1,1,1
SDHB,MSL3P1,1,1
SDHB,MTFP1,1,1
SDHB,NBPF26,1,1
SDHB,NDUFB3,1,1
SDHB,NELFCD,1,1
SDHB,NIPAL3,1,1
SDHB,NRROS,1,1
SDHB,NSMCE3,1,1
SDHB,NUDCD3,1,1
SDHB,NUDT1,1,1
SDHB,NUP43,1,1
SDHB,P3H3,1,1
SDHB,PANX2,1,1
SDHB,PARK7,1,1
SDHB,PARP9,1,1
SDHB,PEX26,1,1
SDHB,PHTF1,1,1
SDHB,PPFIBP1,1,1
SDHB,PSMA5,1,1
SDHB,PTPRK,1,1
SDHB,RAB17,1,1
SDHB,RASEF,1,1
SDHB,RBM28,1,1
SDHB,RBX1,1,1
SDHB,RLBP1,1,1
SDHB,RNF43,1,1
SDHB,RPN2,1,1
SDHB,RRP7BP,1,1
SDHB,RTCB,1,1
SDHB,RYBP,1,1
SDHB,SDF4,1,1
SDHB,SH3BP1,1,1
SDHB,SLC25A13,1,1
SDHB,SLC35F6,1,1
SDHB,SNX17,1,1
SDHB,SORL1,1,1
SDHB,SRM,1,1
SDHB,STK17B,1,1
SDHB,STRIP2,1,1
SDHB,SYNM,1,1
SDHB,SYPL1,1,1
SDHB,TBCA,1,1
SDHB,TIMM50,1,1
SDHB,TIMP3,1,1
SDHB,TMED9,1,1
SDHB,TMEM242,1,1
SDHB,TMF1,1,1
SDHB,TRABD,1,1
SDHB,TRMU,1,1
SDHB,TRPV4,1,1
SDHB,TTF2,1,1
SDHB,TTN,1,1
SDHB,TXN2,1,1
SDHB,VCX3A,1,1
SDHB,VPS45,1,1
SDHB,WASL,1,1
SDHB,WDR47,1,1
SDHB,ZC3H11B,1,1
SDHB,ZC3HC1,1,1
SDHB,ZMYM1,1,1
SDHB,ZNF503,1,1
SDHB,ZNF697,1,1
SDHB,ZNF839,1,1
MBP,AC009133.22,1,1
MBP,ARHGEF5,1,1
MBP,ATP7B,1,1
MBP,C20ORF194,1,1
MBP,CCDC115,1,1
MBP,CDK5R1,1,1
MBP,CERK,1,1
MBP,CLSTN1,1,1
MBP,COMMD9,1,1
MBP,CPEB1,1,1
MBP,CREB3,1,1
MBP,CRTC3,1,1
MBP,CRY2,1,1
MBP,CTD-3214H19.4,1,1
MBP,CTSZ,1,1
MBP,DET1,1,1
MBP,EVA1A,1,1
MBP,FAM160B1,1,1
MBP,FAM161A,1,1
MBP,FAM219A,1,1
MBP,GNB1,1,1
MBP,GPD1L,1,1
MBP,GSTO1,1,1
MBP,HERC5,1,1
MBP,HP1BP3,1,1
MBP,ICMT,1,1
MBP,KIAA1033,1,1
MBP,LNX2,1,1
MBP,MCOLN3,1,1
MBP,MGME1,1,1
MBP,MLF 2.00,1,1
MBP,MSI2,1,1
MBP,MVB12B,1,1
MBP,NHEJ1,1,1
MBP,NME7,1,1
MBP,OAT,1,1
MBP,PER3,1,1
MBP,PPM1K,1,1
MBP,PPT2,1,1
MBP,PRDM2,1,1
MBP,PYCARD,1,1
MBP,RAB11FIP4,1,1
MBP,RBBP4,1,1
MBP,RHOQ,1,1
MBP,SIRPA,1,1
MBP,SLC44A3,1,1
MBP,SNX8,1,1
MBP,SOX13,1,1
MBP,STIM1,1,1
MBP,STXBP2,1,1
MBP,TLN1,1,1
MBP,TMEM184B,1,1
MBP,TP73-AS1,1,1
MBP,TPRG1L,1,1
MBP,TRPS1,1,1
MBP,TTC38,1,1
MBP,WDR91,1,1
MBP,ZNF703,1,1
NDUFAF4,ANAPC7,1,1
NDUFAF4,CENPI,1,1
NDUFAF4,CLSPN,1,1
NDUFAF4,EVL,1,1
NDUFAF4,GLS,1,1
NDUFAF4,GLT8D1,1,1
NDUFAF4,GXYLT1,1,1
NDUFAF4,IDH3A,1,1
NDUFAF4,ISCA2,1,1
NDUFAF4,KLHDC2,1,1
NDUFAF4,MCM3,1,1
NDUFAF4,MLH3,1,1
NDUFAF4,MTFR2,1,1
NDUFAF4,NELFCD,1,1
NDUFAF4,NUP50,1,1
NDUFAF4,ORC5,1,1
NDUFAF4,PTDSS1,1,1
NDUFAF4,SEPT8,1,1
NDUFAF4,SRM,1,1
NDUFAF4,STK11,1,1
NDUFAF4,STK17B,1,1
NDUFAF4,TMEM201,1,1
NDUFAF4,TRMU,1,1
NDUFAF4,VDR,1,1
NDUFAF4,WDR77,1,1
NDUFAF4,YTHDF2,1,1
ZNF703,AFAP1,1,1
ZNF703,ATL1,1,1
ZNF703,COMMD9,1,1
ZNF703,CRTC3,1,1
ZNF703,CTSZ,1,1
ZNF703,DDX60L,1,1
ZNF703,FAM161A,1,1
ZNF703,GSTO1,1,1
ZNF703,MGME1,1,1
ZNF703,MLF 2.00,1,1
ZNF703,MVB12B,1,1
ZNF703,PARVA,1,1
ZNF703,PER3,1,1
ZNF703,PTDSS2,1,1
ZNF703,PYCARD,1,1
ZNF703,RAB34,1,1
ZNF703,RNF145,1,1
ZNF703,SIRPA,1,1
ZNF703,SLC25A4,1,1
ZNF703,SOX13,1,1
ZNF703,STXBP2,1,1
ZNF703,TP73-AS1,1,1
ZNF703,TRIM65,1,1
ZNF703,TRPS1,1,1
ZNF703,ZNF644,1,1
HSPA8P1,ABCD1,1,1
HSPA8P1,ABHD12,1,1
HSPA8P1,ABHD2,1,1
HSPA8P1,ACAN,1,1
HSPA8P1,ACOT7,1,1
HSPA8P1,ADAMTS17,1,1
HSPA8P1,AKR7A2,1,1
HSPA8P1,AL513523.1,1,1
HSPA8P1,ANKRD27,1,1
HSPA8P1,ANKRD30B,1,1
HSPA8P1,ANO4,1,1
HSPA8P1,AP5S1,1,1
HSPA8P1,APOL1,1,1
HSPA8P1,ARHGEF35,1,1
HSPA8P1,ARHGEF5,1,1
HSPA8P1,ASRGL1,1,1
HSPA8P1,ATAD3B,1,1
HSPA8P1,ATP11A,1,1
HSPA8P1,ATP6V0D2,1,1
HSPA8P1,BICDL1,1,1
HSPA8P1,BIRC7,1,1
HSPA8P1,C1ORF174,1,1
HSPA8P1,CADM1,1,1
HSPA8P1,CAPG,1,1
HSPA8P1,CARHSP1,1,1
HSPA8P1,CCDC36,1,1
HSPA8P1,CCNA1,1,1
HSPA8P1,CD109,1,1
HSPA8P1,CD40,1,1
HSPA8P1,CDKN2B,1,1
HSPA8P1,CEACAM1,1,1
HSPA8P1,CHN2,1,1
HSPA8P1,CLDN14,1,1
HSPA8P1,CPTP,1,1
HSPA8P1,CRKL,1,1
HSPA8P1,CSF2RA,1,1
HSPA8P1,DDRGK1,1,1
HSPA8P1,DFFA,1,1
HSPA8P1,DPY19L2P2,1,1
HSPA8P1,DPYSL5,1,1
HSPA8P1,DTNBP1,1,1
HSPA8P1,DTX3L,1,1
HSPA8P1,ECHDC1,1,1
HSPA8P1,EEFSEC,1,1
HSPA8P1,EIF5A2,1,1
HSPA8P1,EMILIN2,1,1
HSPA8P1,ENHO,1,1
HSPA8P1,ENTPD6,1,1
HSPA8P1,EXOSC10,1,1
HSPA8P1,FAAP20,1,1
HSPA8P1,FAM102B,1,1
HSPA8P1,FAM118A,1,1
HSPA8P1,FAM19A3,1,1
HSPA8P1,FANCI,1,1
HSPA8P1,FEZF1,1,1
HSPA8P1,FGFR1OP2,1,1
HSPA8P1,FN1,1,1
HSPA8P1,FRG2DP,1,1
HSPA8P1,GCLM,1,1
HSPA8P1,GDAP2,1,1
HSPA8P1,HENMT1,1,1
HSPA8P1,HERC2P5,1,1
HSPA8P1,HERC2P8,1,1
HSPA8P1,HOOK1,1,1
HSPA8P1,HSPA8P8,1,1
HSPA8P1,HSPA8P9,1,1
HSPA8P1,ICMT,1,1
HSPA8P1,KCTD14,1,1
HSPA8P1,KIF1B,1,1
HSPA8P1,KLHL21,1,1
HSPA8P1,LAMA1,1,1
HSPA8P1,LDLRAD3,1,1
HSPA8P1,LHX8,1,1
HSPA8P1,LIMK2,1,1
HSPA8P1,LINS1,1,1
HSPA8P1,LMF2,1,1
HSPA8P1,LONRF3,1,1
HSPA8P1,LPXN,1,1
HSPA8P1,LRRC47,1,1
HSPA8P1,LRRC61,1,1
HSPA8P1,LYPLA2,1,1
HSPA8P1,MCTP1,1,1
HSPA8P1,MERTK,1,1
HSPA8P1,MFF,1,1
HSPA8P1,MGAM2,1,1
HSPA8P1,MKRN3,1,1
HSPA8P1,MLXIP,1,1
HSPA8P1,MMP8,1,1
HSPA8P1,MORN1,1,1
HSPA8P1,MRFAP1,1,1
HSPA8P1,MTOR,1,1
HSPA8P1,NBPF8,1,1
HSPA8P1,NOTCH2,1,1
HSPA8P1,PDE4B,1,1
HSPA8P1,PEX14,1,1
HSPA8P1,PHGDH,1,1
HSPA8P1,PHTF1,1,1
HSPA8P1,PIK3R3,1,1
HSPA8P1,PIM3,1,1
HSPA8P1,PLEKHA7,1,1
HSPA8P1,POLE4,1,1
HSPA8P1,PRKG2,1,1
HSPA8P1,RASEF,1,1
HSPA8P1,RBM19,1,1
HSPA8P1,RBX1,1,1
HSPA8P1,RGS1,1,1
HSPA8P1,RP11-119J18.1,1,1
HSPA8P1,RP11-159J3.1,1,1
HSPA8P1,RP11-327P2.7,1,1
HSPA8P1,RP11-61N20.3,1,1
HSPA8P1,RPA2,1,1
HSPA8P1,RPH3A,1,1
HSPA8P1,RPL11,1,1
HSPA8P1,RPS27L,1,1
HSPA8P1,RPS6KA5,1,1
HSPA8P1,RTFDC1,1,1
HSPA8P1,RYBP,1,1
HSPA8P1,SAMM50,1,1
HSPA8P1,SCML4,1,1
HSPA8P1,SEC22B,1,1
HSPA8P1,SERGEF,1,1
HSPA8P1,SFI1,1,1
HSPA8P1,SLAMF7,1,1
HSPA8P1,SLC25A33,1,1
HSPA8P1,SLC37A3,1,1
HSPA8P1,SLC46A3,1,1
HSPA8P1,SMG9,1,1
HSPA8P1,SPRR2D,1,1
HSPA8P1,SQRDL,1,1
HSPA8P1,SS18L1,1,1
HSPA8P1,STAT1,1,1
HSPA8P1,SYCP2,1,1
HSPA8P1,TBC1D4,1,1
HSPA8P1,TMC3,1,1
HSPA8P1,TMEM144,1,1
HSPA8P1,TMEM64,1,1
HSPA8P1,TMUB1,1,1
HSPA8P1,TP73,1,1
HSPA8P1,TRPA1,1,1
HSPA8P1,TRPV4,1,1
HSPA8P1,TUB,1,1
HSPA8P1,UBE2J1,1,1
HSPA8P1,VAPB,1,1
HSPA8P1,VAV3,1,1
HSPA8P1,VCX3B,1,1
HSPA8P1,ZC3H4,1,1
HSPA8P1,ZDHHC11B,1,1
HSPA8P1,ZNF114,1,1
HSPA8P1,ZNF43,1,1
HSPA8P1,ZNF503,1,1
HSPA8P1,ZYG11A,1,1
ZNF326,AGAP3,1,1
ZNF326,CDC26,1,1
ZNF326,CINP,1,1
ZNF326,DNAJC16,1,1
ZNF326,EARS2,1,1
ZNF326,EPM2AIP1,1,1
ZNF326,GALNS,1,1
ZNF326,HTRA1,1,1
ZNF326,IGF1R,1,1
ZNF326,LAMP2,1,1
ZNF326,LAMTOR5,1,1
ZNF326,MARK3,1,1
ZNF326,MESDC2,1,1
ZNF326,MSL3P1,1,1
ZNF326,NBPF26,1,1
ZNF326,PIGO,1,1
ZNF326,PQLC2,1,1
ZNF326,PTPRK,1,1
ZNF326,RPAP2,1,1
ZNF326,RRBP1,1,1
ZNF326,SQSTM1,1,1
ZNF326,ST7,1,1
ZNF326,STXBP3,1,1
ZNF326,TCTN3,1,1
ZNF326,TXLNA,1,1
ZNF326,VCP,1,1
NES,CDKN2D,1,1
NES,HIPK2,1,1
NES,TAF7,1,1
NES,TRIM65,1,1
NES,VGLL4,1,1
RPAP2,ABTB2,1,1
RPAP2,AGAP3,1,1
RPAP2,AKR7A2,1,1
RPAP2,ARPC1A,1,1
RPAP2,BLCAP,1,1
RPAP2,CDC26,1,1
RPAP2,CDC42,1,1
RPAP2,CEP41,1,1
RPAP2,CINP,1,1
RPAP2,CUEDC1,1,1
RPAP2,DNAJC16,1,1
RPAP2,EARS2,1,1
RPAP2,FOXRED2,1,1
RPAP2,FRMD4B,1,1
RPAP2,IGF1R,1,1
RPAP2,JAK2,1,1
RPAP2,LAMP2,1,1
RPAP2,LAMTOR5,1,1
RPAP2,LUZP1,1,1
RPAP2,LZIC,1,1
RPAP2,MAPK1,1,1
RPAP2,MSL3P1,1,1
RPAP2,MUL1,1,1
RPAP2,NBPF26,1,1
RPAP2,NRROS,1,1
RPAP2,PEX10,1,1
RPAP2,PQLC2,1,1
RPAP2,RAB5A,1,1
RPAP2,RP11-61N20.3,1,1
RPAP2,RRBP1,1,1
RPAP2,SGCE,1,1
RPAP2,SLC23A2,1,1
RPAP2,SLC35F5,1,1
RPAP2,SPRY1,1,1
RPAP2,SQSTM1,1,1
RPAP2,STK11IP,1,1
RPAP2,STK39,1,1
RPAP2,STXBP3,1,1
RPAP2,TESK2,1,1
RPAP2,TRPV2,1,1
RPAP2,TXLNA,1,1
RPAP2,VCP,1,1
ESPL1,ALDH1B1,1,1
ESPL1,AUNIP,1,1
ESPL1,C5ORF34,1,1
ESPL1,C7ORF50,1,1
ESPL1,CENPM,1,1
ESPL1,CEP85,1,1
ESPL1,CETN2,1,1
ESPL1,CHCHD2,1,1
ESPL1,CMAS,1,1
ESPL1,EIF3D,1,1
ESPL1,ENO1,1,1
ESPL1,FAM91A1,1,1
ESPL1,MLLT6,1,1
ESPL1,MTFR2,1,1
ESPL1,NCKAP1,1,1
ESPL1,PHF2,1,1
ESPL1,PPP1R9B,1,1
ESPL1,PSMA5,1,1
ESPL1,RECQL4,1,1
ESPL1,RHPN2,1,1
ESPL1,SLC35E3,1,1
ESPL1,TBRG1,1,1
ESPL1,TONSL,1,1
ESPL1,UFD1L,1,1
ASB7,AKAP9,1,1
ASB7,ALKBH3,1,1
ASB7,APOBEC3G,1,1
ASB7,HIBCH,1,1
ASB7,KIF3C,1,1
ASB7,OSBPL2,1,1
ASB7,PHF20,1,1
ASB7,PPP1R12B,1,1
ASB7,RPS27L,1,1
ASB7,SLC25A4,1,1
ASB7,SOGA3,1,1
ASB7,TTC37,1,1
ASB7,ZNF525,1,1
NOTCH2,ABCD1,1,1
NOTCH2,ABHD12,1,1
NOTCH2,ABHD2,1,1
NOTCH2,ACAN,1,1
NOTCH2,ACOT7,1,1
NOTCH2,ADAMTS17,1,1
NOTCH2,AGA,1,1
NOTCH2,AKR7A2,1,1
NOTCH2,AL513523.1,1,1
NOTCH2,ANKRD27,1,1
NOTCH2,ANKRD30B,1,1
NOTCH2,APITD1,1,1
NOTCH2,ARL6IP5,1,1
NOTCH2,ASRGL1,1,1
NOTCH2,ATAD3B,1,1
NOTCH2,ATP11A,1,1
NOTCH2,ATP6V0D2,1,1
NOTCH2,BCAS2,1,1
NOTCH2,BICDL1,1,1
NOTCH2,BIRC7,1,1
NOTCH2,BLCAP,1,1
NOTCH2,BMP8B,1,1
NOTCH2,C1ORF174,1,1
NOTCH2,C2ORF69,1,1
NOTCH2,CADM1,1,1
NOTCH2,CADPS,1,1
NOTCH2,CARHSP1,1,1
NOTCH2,CCNA1,1,1
NOTCH2,CD109,1,1
NOTCH2,CGN,1,1
NOTCH2,CHN2,1,1
NOTCH2,CLDN14,1,1
NOTCH2,CLIC4,1,1
NOTCH2,COQ10B,1,1
NOTCH2,CPTP,1,1
NOTCH2,CRKL,1,1
NOTCH2,CSDE1,1,1
NOTCH2,CSF2RA,1,1
NOTCH2,DDT,1,1
NOTCH2,DFFA,1,1
NOTCH2,DPY19L2P2,1,1
NOTCH2,DPYSL5,1,1
NOTCH2,DTX3L,1,1
NOTCH2,ECE1,1,1
NOTCH2,EIF5A2,1,1
NOTCH2,ENHO,1,1
NOTCH2,ENTPD6,1,1
NOTCH2,EXOSC10,1,1
NOTCH2,EXTL3,1,1
NOTCH2,FAAP20,1,1
NOTCH2,FAM118A,1,1
NOTCH2,FAM19A3,1,1
NOTCH2,FANCI,1,1
NOTCH2,FEZF1,1,1
NOTCH2,FN1,1,1
NOTCH2,FRG2DP,1,1
NOTCH2,GDAP2,1,1
NOTCH2,GNB1L,1,1
NOTCH2,GPHN,1,1
NOTCH2,GPR157,1,1
NOTCH2,GXYLT1,1,1
NOTCH2,HERC2P5,1,1
NOTCH2,HERC2P8,1,1
NOTCH2,HEY1,1,1
NOTCH2,HOOK1,1,1
NOTCH2,HSPA8P8,1,1
NOTCH2,HSPA8P9,1,1
NOTCH2,ID3,1,1
NOTCH2,IDH3A,1,1
NOTCH2,IMMP2L,1,1
NOTCH2,KIAA2013,1,1
NOTCH2,KIF1B,1,1
NOTCH2,KIF7,1,1
NOTCH2,KLHL21,1,1
NOTCH2,LAMA1,1,1
NOTCH2,LHX8,1,1
NOTCH2,LIMK2,1,1
NOTCH2,LONRF3,1,1
NOTCH2,LPXN,1,1
NOTCH2,LRRC47,1,1
NOTCH2,LRRC61,1,1
NOTCH2,LSR,1,1
NOTCH2,LYPLA2,1,1
NOTCH2,MAD2L2,1,1
NOTCH2,MCM3,1,1
NOTCH2,MCTP1,1,1
NOTCH2,MERTK,1,1
NOTCH2,MFF,1,1
NOTCH2,MFN2,1,1
NOTCH2,MGAM,1,1
NOTCH2,MGAM2,1,1
NOTCH2,MKRN3,1,1
NOTCH2,MLH3,1,1
NOTCH2,MLLT4,1,1
NOTCH2,MMP8,1,1
NOTCH2,MORN1,1,1
NOTCH2,MRFAP1,1,1
NOTCH2,MTFP1,1,1
NOTCH2,MUL1,1,1
NOTCH2,NBPF8,1,1
NOTCH2,NCAPH2,1,1
NOTCH2,NDUFS1,1,1
NOTCH2,NEPRO,1,1
NOTCH2,NPAS2,1,1
NOTCH2,NRROS,1,1
NOTCH2,NT5DC3,1,1
NOTCH2,NUP50,1,1
NOTCH2,P3H3,1,1
NOTCH2,PARK7,1,1
NOTCH2,PEX14,1,1
NOTCH2,PEX26,1,1
NOTCH2,PHGDH,1,1
NOTCH2,PHTF1,1,1
NOTCH2,PIK3R3,1,1
NOTCH2,PLCB4,1,1
NOTCH2,PLEKHA7,1,1
NOTCH2,PLEKHB2,1,1
NOTCH2,POLE4,1,1
NOTCH2,POLR2J,1,1
NOTCH2,PRKG2,1,1
NOTCH2,PYGB,1,1
NOTCH2,RALY,1,1
NOTCH2,RASEF,1,1
NOTCH2,RBM19,1,1
NOTCH2,RBX1,1,1
NOTCH2,RLBP1,1,1
NOTCH2,RNF19A,1,1
NOTCH2,RP11-119J18.1,1,1
NOTCH2,RP11-327P2.7,1,1
NOTCH2,RP11-61N20.3,1,1
NOTCH2,RPH3A,1,1
NOTCH2,RPS6KA5,1,1
NOTCH2,RTFDC1,1,1
NOTCH2,RYBP,1,1
NOTCH2,SAMM50,1,1
NOTCH2,SCML4,1,1
NOTCH2,SEC22B,1,1
NOTCH2,SERGEF,1,1
NOTCH2,SLAMF7,1,1
NOTCH2,SLC25A33,1,1
NOTCH2,SNRNP25,1,1
NOTCH2,SRM,1,1
NOTCH2,STK17B,1,1
NOTCH2,STOML2,1,1
NOTCH2,SYCP2,1,1
NOTCH2,TBC1D4,1,1
NOTCH2,TMC3,1,1
NOTCH2,TMEM144,1,1
NOTCH2,TMEM201,1,1
NOTCH2,TMEM64,1,1
NOTCH2,TMF1,1,1
NOTCH2,TMUB1,1,1
NOTCH2,TP73,1,1
NOTCH2,TRMU,1,1
NOTCH2,TRPV4,1,1
NOTCH2,TTN,1,1
NOTCH2,TUB,1,1
NOTCH2,UBA3,1,1
NOTCH2,UBE2J1,1,1
NOTCH2,VAPB,1,1
NOTCH2,VAV3,1,1
NOTCH2,VCX3A,1,1
NOTCH2,VCX3B,1,1
NOTCH2,WDR77,1,1
NOTCH2,ZC3H11B,1,1
NOTCH2,ZDHHC11B,1,1
NOTCH2,ZNF114,1,1
NOTCH2,ZNF503,1,1
NOTCH2,ZNF697,1,1
NOTCH2,ZNF776,1,1
NOTCH2,ZYG11A,1,1
ZNF550,GUCD1,1,1
ZNF550,LSM 8.00,1,1
ZNF550,MESDC1,1,1
ZNF550,PRDM2,1,1
ZNF550,SNX8,1,1
TIMM9,MFSD2A,1,1
TIMM9,SCML2,1,1
TIMM9,SLC9A8,1,1
TIMM9,VPS33B,1,1
H2AFZ,DBNL,1,1
H2AFZ,FANCG,1,1
H2AFZ,LENG9,1,1
H2AFZ,RBFA,1,1
H2AFZ,UBE2L3,1,1
H2AFZ,ZNF525,1,1
RALY,ACAN,1,1
RALY,ACOT7,1,1
RALY,ADAMTS17,1,1
RALY,ANAPC5,1,1
RALY,ANKRD27,1,1
RALY,APITD1,1,1
RALY,ATAD3B,1,1
RALY,ATP6V0B,1,1
RALY,AURKAIP1,1,1
RALY,BCAS2,1,1
RALY,BMP8B,1,1
RALY,C1ORF174,1,1
RALY,C2ORF69,1,1
RALY,CADM1,1,1
RALY,CADPS,1,1
RALY,CARHSP1,1,1
RALY,CCDC18,1,1
RALY,CCNA1,1,1
RALY,CCNO,1,1
RALY,CENPI,1,1
RALY,CLSPN,1,1
RALY,COQ10B,1,1
RALY,CSDE1,1,1
RALY,DDT,1,1
RALY,DFFA,1,1
RALY,DPYSL5,1,1
RALY,DTX3L,1,1
RALY,EFHD2,1,1
RALY,ENHO,1,1
RALY,FAM19A3,1,1
RALY,FANCI,1,1
RALY,GET4,1,1
RALY,GGH,1,1
RALY,GNB1L,1,1
RALY,GSR,1,1
RALY,GTSE1,1,1
RALY,GXYLT1,1,1
RALY,HERC2P8,1,1
RALY,HOXD4,1,1
RALY,IDH3A,1,1
RALY,KIAA2013,1,1
RALY,KIF7,1,1
RALY,LRRC47,1,1
RALY,LSR,1,1
RALY,LYPLA2,1,1
RALY,MAD2L2,1,1
RALY,MCM3,1,1
RALY,MCTP1,1,1
RALY,MGAM2,1,1
RALY,MTFP1,1,1
RALY,NCAPH2,1,1
RALY,NDUFS1,1,1
RALY,NT5DC3,1,1
RALY,NUP50,1,1
RALY,ORC5,1,1
RALY,P3H3,1,1
RALY,PARK7,1,1
RALY,PLCB4,1,1
RALY,POLE4,1,1
RALY,POLR2J,1,1
RALY,PTTG1,1,1
RALY,PYGB,1,1
RALY,RASEF,1,1
RALY,RBX1,1,1
RALY,RPA2,1,1
RALY,RTCB,1,1
RALY,RTFDC1,1,1
RALY,RYBP,1,1
RALY,SCML4,1,1
RALY,SERGEF,1,1
RALY,SHQ1,1,1
RALY,SNRNP25,1,1
RALY,SRM,1,1
RALY,STK17B,1,1
RALY,STK38L,1,1
RALY,STOML2,1,1
RALY,TBC1D4,1,1
RALY,TMEM144,1,1
RALY,TMEM64,1,1
RALY,TMF1,1,1
RALY,TRMU,1,1
RALY,TRPV4,1,1
RALY,TSN,1,1
RALY,UBA3,1,1
RALY,VDR,1,1
RALY,WDR77,1,1
DHX33,ANKLE2,1,1
DHX33,CENPB,1,1
DHX33,CRKL,1,1
DHX33,DOCK9,1,1
DHX33,ECHDC1,1,1
DHX33,EEFSEC,1,1
DHX33,GCLM,1,1
DHX33,IDH3B,1,1
DHX33,KIN,1,1
DHX33,KLHL21,1,1
DHX33,MPDU1,1,1
DHX33,MRPL46,1,1
DHX33,MTERF1,1,1
DHX33,NIPA2,1,1
DHX33,PIM3,1,1
DHX33,PTGR2,1,1
DHX33,RBFA,1,1
DHX33,RBM39,1,1
DHX33,RTCA,1,1
DHX33,SLAMF7,1,1
DHX33,TSN,1,1
DHX33,ZNF585B,1,1
DHX33,ZNHIT3,1,1
CADM1,ABCD1,1,1
CADM1,ABHD2,1,1
CADM1,ACAN,1,1
CADM1,ACOT7,1,1
CADM1,ADAMTS17,1,1
CADM1,AKR7A2,1,1
CADM1,AL513523.1,1,1
CADM1,ANAPC7,1,1
CADM1,ANKRD27,1,1
CADM1,APITD1,1,1
CADM1,ARHGEF39,1,1
CADM1,ARL6IP5,1,1
CADM1,ASRGL1,1,1
CADM1,ATAD3B,1,1
CADM1,ATP11A,1,1
CADM1,BAIAP2L2,1,1
CADM1,BICDL1,1,1
CADM1,BLCAP,1,1
CADM1,BMP8B,1,1
CADM1,C2ORF69,1,1
CADM1,CADPS,1,1
CADM1,CAPZA2,1,1
CADM1,CARHSP1,1,1
CADM1,CCNA1,1,1
CADM1,CD109,1,1
CADM1,CGN,1,1
CADM1,CHN2,1,1
CADM1,CLIC4,1,1
CADM1,COG5,1,1
CADM1,COQ10B,1,1
CADM1,CPTP,1,1
CADM1,CSDE1,1,1
CADM1,DDOST,1,1
CADM1,DDT,1,1
CADM1,DFFA,1,1
CADM1,DPY19L2P2,1,1
CADM1,DPYSL5,1,1
CADM1,DTX3L,1,1
CADM1,EARS2,1,1
CADM1,ECE1,1,1
CADM1,EIF5A2,1,1
CADM1,ENHO,1,1
CADM1,EXOSC10,1,1
CADM1,EXTL3,1,1
CADM1,EYA4,1,1
CADM1,FAM118A,1,1
CADM1,FAM19A3,1,1
CADM1,FEZF1,1,1
CADM1,FN1,1,1
CADM1,FOXRED2,1,1
CADM1,FRG2DP,1,1
CADM1,GNB1L,1,1
CADM1,GNB2,1,1
CADM1,GPR157,1,1
CADM1,GXYLT1,1,1
CADM1,HERC2P5,1,1
CADM1,HERC2P8,1,1
CADM1,HEY1,1,1
CADM1,ID3,1,1
CADM1,IDH3A,1,1
CADM1,IMMP2L,1,1
CADM1,KIAA2013,1,1
CADM1,KIF1B,1,1
CADM1,KIF7,1,1
CADM1,L3MBTL4,1,1
CADM1,LAMA1,1,1
CADM1,LCP2,1,1
CADM1,LHX8,1,1
CADM1,LPXN,1,1
CADM1,LRRC47,1,1
CADM1,LSR,1,1
CADM1,LYPLA2,1,1
CADM1,MAD2L2,1,1
CADM1,MCM3,1,1
CADM1,MERTK,1,1
CADM1,MFF,1,1
CADM1,MFN2,1,1
CADM1,MGAM,1,1
CADM1,MGAM2,1,1
CADM1,MKRN3,1,1
CADM1,MLH3,1,1
CADM1,MLLT4,1,1
CADM1,MMP8,1,1
CADM1,MORN1,1,1
CADM1,MRFAP1,1,1
CADM1,MTFP1,1,1
CADM1,MTOR,1,1
CADM1,MUL1,1,1
CADM1,NBPF8,1,1
CADM1,NDUFS1,1,1
CADM1,NEPRO,1,1
CADM1,NPAS2,1,1
CADM1,NRROS,1,1
CADM1,NUDCD3,1,1
CADM1,NUP50,1,1
CADM1,P3H3,1,1
CADM1,PARK7,1,1
CADM1,PEX14,1,1
CADM1,PEX26,1,1
CADM1,PHGDH,1,1
CADM1,PHTF1,1,1
CADM1,PLEKHA7,1,1
CADM1,PLEKHB2,1,1
CADM1,POLR2J,1,1
CADM1,PQLC2,1,1
CADM1,PYGB,1,1
CADM1,RASEF,1,1
CADM1,RBM19,1,1
CADM1,RBX1,1,1
CADM1,RCN3,1,1
CADM1,RLBP1,1,1
CADM1,RNF19A,1,1
CADM1,RP11-119J18.1,1,1
CADM1,RP11-61N20.3,1,1
CADM1,RPH3A,1,1
CADM1,RPS6KA5,1,1
CADM1,RTCB,1,1
CADM1,RYBP,1,1
CADM1,SAMM50,1,1
CADM1,SCML4,1,1
CADM1,SEC22B,1,1
CADM1,SERGEF,1,1
CADM1,SH3BP1,1,1
CADM1,SLC25A33,1,1
CADM1,SLC35F6,1,1
CADM1,SNRNP25,1,1
CADM1,SRM,1,1
CADM1,STK17B,1,1
CADM1,STOML2,1,1
CADM1,SYCP2,1,1
CADM1,TBC1D4,1,1
CADM1,TIMM50,1,1
CADM1,TMC3,1,1
CADM1,TMEM144,1,1
CADM1,TMEM201,1,1
CADM1,TMEM64,1,1
CADM1,TMF1,1,1
CADM1,TP73,1,1
CADM1,TRMU,1,1
CADM1,TRPV4,1,1
CADM1,TTF2,1,1
CADM1,TTN,1,1
CADM1,TXN2,1,1
CADM1,UBA3,1,1
CADM1,UBE2J1,1,1
CADM1,VAV3,1,1
CADM1,VCX3A,1,1
CADM1,VCX3B,1,1
CADM1,WDR47,1,1
CADM1,WDR77,1,1
CADM1,ZC3H11B,1,1
CADM1,ZNF114,1,1
CADM1,ZNF503,1,1
CADM1,ZNF697,1,1
CADM1,ZNF776,1,1
ABHD2,ABCD1,1,1
ABHD2,ABHD12,1,1
ABHD2,ACAN,1,1
ABHD2,ACOT7,1,1
ABHD2,ADAMTS17,1,1
ABHD2,AGA,1,1
ABHD2,AL513523.1,1,1
ABHD2,ANKRD27,1,1
ABHD2,ANKRD30B,1,1
ABHD2,ANO4,1,1
ABHD2,APOL1,1,1
ABHD2,ARHGEF35,1,1
ABHD2,ARL6IP5,1,1
ABHD2,ASRGL1,1,1
ABHD2,ATAD3B,1,1
ABHD2,ATP11A,1,1
ABHD2,ATP6V0D2,1,1
ABHD2,BICDL1,1,1
ABHD2,BIRC7,1,1
ABHD2,BMP8B,1,1
ABHD2,C2ORF69,1,1
ABHD2,CADPS,1,1
ABHD2,CAPG,1,1
ABHD2,CARHSP1,1,1
ABHD2,CCNA1,1,1
ABHD2,CCNO,1,1
ABHD2,CD109,1,1
ABHD2,CEACAM1,1,1
ABHD2,CHN2,1,1
ABHD2,CLDN14,1,1
ABHD2,CPTP,1,1
ABHD2,CSF2RA,1,1
ABHD2,DFFA,1,1
ABHD2,DPY19L2P2,1,1
ABHD2,DPYSL5,1,1
ABHD2,DTX3L,1,1
ABHD2,EEFSEC,1,1
ABHD2,EIF5A2,1,1
ABHD2,EMILIN2,1,1
ABHD2,ENHO,1,1
ABHD2,ENTPD6,1,1
ABHD2,EXOSC10,1,1
ABHD2,FAAP20,1,1
ABHD2,FAM102B,1,1
ABHD2,FAM118A,1,1
ABHD2,FAM19A3,1,1
ABHD2,FANCI,1,1
ABHD2,FEZF1,1,1
ABHD2,FN1,1,1
ABHD2,FRG2DP,1,1
ABHD2,GCLM,1,1
ABHD2,GDAP2,1,1
ABHD2,HENMT1,1,1
ABHD2,HERC2P5,1,1
ABHD2,HERC2P8,1,1
ABHD2,HSPA8P8,1,1
ABHD2,HSPA8P9,1,1
ABHD2,KCTD14,1,1
ABHD2,KIF1B,1,1
ABHD2,KIF7,1,1
ABHD2,LAMA1,1,1
ABHD2,LHX8,1,1
ABHD2,LIMK2,1,1
ABHD2,LONRF3,1,1
ABHD2,LPXN,1,1
ABHD2,LRRC47,1,1
ABHD2,LRRC61,1,1
ABHD2,LSR,1,1
ABHD2,LYPLA2,1,1
ABHD2,MAD2L2,1,1
ABHD2,MCM3,1,1
ABHD2,MCTP1,1,1
ABHD2,MERTK,1,1
ABHD2,MFF,1,1
ABHD2,MGAM2,1,1
ABHD2,MKRN3,1,1
ABHD2,MMP8,1,1
ABHD2,MORN1,1,1
ABHD2,MRFAP1,1,1
ABHD2,NAB1,1,1
ABHD2,NBPF8,1,1
ABHD2,NDUFS1,1,1
ABHD2,NPAS2,1,1
ABHD2,NRROS,1,1
ABHD2,NT5DC3,1,1
ABHD2,PARK7,1,1
ABHD2,PEX14,1,1
ABHD2,PEX5,1,1
ABHD2,PHGDH,1,1
ABHD2,PHTF1,1,1
ABHD2,PIK3R3,1,1
ABHD2,PLCB4,1,1
ABHD2,PLEKHA7,1,1
ABHD2,PLEKHB2,1,1
ABHD2,POLE4,1,1
ABHD2,POLR2J,1,1
ABHD2,PRKG2,1,1
ABHD2,PYGB,1,1
ABHD2,RASEF,1,1
ABHD2,RBX1,1,1
ABHD2,RP11-119J18.1,1,1
ABHD2,RP11-159J3.1,1,1
ABHD2,RP11-327P2.7,1,1
ABHD2,RP11-61N20.3,1,1
ABHD2,RPH3A,1,1
ABHD2,RPL11,1,1
ABHD2,RPS6KA5,1,1
ABHD2,RTFDC1,1,1
ABHD2,RYBP,1,1
ABHD2,SAMM50,1,1
ABHD2,SCML4,1,1
ABHD2,SEC22B,1,1
ABHD2,SERGEF,1,1
ABHD2,SLAMF7,1,1
ABHD2,SLC46A3,1,1
ABHD2,SPP1,1,1
ABHD2,SPRR2D,1,1
ABHD2,SS18L1,1,1
ABHD2,STAT1,1,1
ABHD2,TBC1D4,1,1
ABHD2,TMC3,1,1
ABHD2,TMEM144,1,1
ABHD2,TMEM64,1,1
ABHD2,TMF1,1,1
ABHD2,TMUB1,1,1
ABHD2,TP73,1,1
ABHD2,TRPV4,1,1
ABHD2,TTN,1,1
ABHD2,TUB,1,1
ABHD2,UBA3,1,1
ABHD2,UBE2J1,1,1
ABHD2,VAPB,1,1
ABHD2,VAV3,1,1
ABHD2,VCX3B,1,1
ABHD2,YIPF4,1,1
ABHD2,ZC3H11B,1,1
ABHD2,ZDHHC11B,1,1
ABHD2,ZNF114,1,1
ABHD2,ZNF503,1,1
ABHD2,ZYG11A,1,1
LCP2,AK2,1,1
LCP2,ALDH1B1,1,1
LCP2,ALG3,1,1
LCP2,ANAPC7,1,1
LCP2,APITD1,1,1
LCP2,ARHGEF39,1,1
LCP2,ATXN7L3B,1,1
LCP2,B3GALT6,1,1
LCP2,BAIAP2L2,1,1
LCP2,BCAS3,1,1
LCP2,C11ORF57,1,1
LCP2,C1ORF112,1,1
LCP2,C1ORF159,1,1
LCP2,C5ORF34,1,1
LCP2,CAPZA2,1,1
LCP2,CARD16,1,1
LCP2,CASP8,1,1
LCP2,CEP41,1,1
LCP2,CGN,1,1
LCP2,CHEK2,1,1
LCP2,CMAS,1,1
LCP2,COG5,1,1
LCP2,CSDE1,1,1
LCP2,DDOST,1,1
LCP2,DDT,1,1
LCP2,DPYSL5,1,1
LCP2,DYNC1I1,1,1
LCP2,ECE1,1,1
LCP2,EFHD2,1,1
LCP2,EIF5A2,1,1
LCP2,EMC1,1,1
LCP2,ENO1,1,1
LCP2,EYA4,1,1
LCP2,FAM91A1,1,1
LCP2,FOXRED2,1,1
LCP2,FZD6,1,1
LCP2,GET4,1,1
LCP2,GFPT1,1,1
LCP2,GLDC,1,1
LCP2,GNB1L,1,1
LCP2,GPR157,1,1
LCP2,HEY1,1,1
LCP2,HOXB6,1,1
LCP2,ID3,1,1
LCP2,IGF2BP3,1,1
LCP2,IGHVII-30-43,1,1
LCP2,IMMP2L,1,1
LCP2,ITGAV,1,1
LCP2,KDELC1,1,1
LCP2,KIAA2013,1,1
LCP2,KIRREL,1,1
LCP2,L3MBTL4,1,1
LCP2,LPXN,1,1
LCP2,LRP12,1,1
LCP2,LSR,1,1
LCP2,MAD2L2,1,1
LCP2,MFN2,1,1
LCP2,MLH3,1,1
LCP2,MLLT4,1,1
LCP2,MMS19,1,1
LCP2,MSL3P1,1,1
LCP2,NCKAP1,1,1
LCP2,NDUFB3,1,1
LCP2,NELFCD,1,1
LCP2,NIPAL3,1,1
LCP2,NRROS,1,1
LCP2,NSMCE3,1,1
LCP2,NUDCD3,1,1
LCP2,NUP43,1,1
LCP2,P3H3,1,1
LCP2,PANX2,1,1
LCP2,PARK7,1,1
LCP2,PARP9,1,1
LCP2,PPFIBP1,1,1
LCP2,PRKCZ,1,1
LCP2,PSMA5,1,1
LCP2,PXDN,1,1
LCP2,RAP1A,1,1
LCP2,RBM28,1,1
LCP2,RLBP1,1,1
LCP2,RNF207,1,1
LCP2,RNF43,1,1
LCP2,RPN2,1,1
LCP2,RRP7BP,1,1
LCP2,RTCB,1,1
LCP2,RYBP,1,1
LCP2,SDF4,1,1
LCP2,SH3BP1,1,1
LCP2,SLC25A13,1,1
LCP2,SLC35F6,1,1
LCP2,SLC5A6,1,1
LCP2,SMARCE1,1,1
LCP2,SNX17,1,1
LCP2,SORL1,1,1
LCP2,SRM,1,1
LCP2,STK17B,1,1
LCP2,STRIP2,1,1
LCP2,SYNM,1,1
LCP2,SYPL1,1,1
LCP2,TBCA,1,1
LCP2,TEAD2,1,1
LCP2,TIMM50,1,1
LCP2,TIMP3,1,1
LCP2,TMED9,1,1
LCP2,TMEM242,1,1
LCP2,TMF1,1,1
LCP2,TRABD,1,1
LCP2,TRIP12,1,1
LCP2,TRMU,1,1
LCP2,TTF2,1,1
LCP2,UFD1L,1,1
LCP2,VCX3A,1,1
LCP2,VPS45,1,1
LCP2,WASL,1,1
LCP2,ZC3H11B,1,1
LCP2,ZC3HC1,1,1
LCP2,ZMYM1,1,1
LCP2,ZNF697,1,1
LCP2,ZNF839,1,1
MYL12B,ALKBH6,1,1
MYL12B,ATXN7L3B,1,1
MYL12B,C11ORF57,1,1
MYL12B,C1ORF159,1,1
MYL12B,CARD14,1,1
MYL12B,IGHVII-30-43,1,1
MYL12B,NSMCE3,1,1
MYL12B,PANX2,1,1
MYL12B,PRKCZ,1,1
MYL12B,PXDN,1,1
MYL12B,RNF207,1,1
MYL12B,RNF43,1,1
MYL12B,SORL1,1,1
MYL12B,SPTLC1,1,1
MYL12B,SYNM,1,1
MYL12B,TMED9,1,1
MYL12B,TNIP2,1,1
MKLN1,AGAP1,1,1
MKLN1,AK2,1,1
MKLN1,ALAS1,1,1
MKLN1,ATXN7L3B,1,1
MKLN1,BCAS3,1,1
MKLN1,CARD14,1,1
MKLN1,GDPD1,1,1
MKLN1,GFPT1,1,1
MKLN1,KDELC1,1,1
MKLN1,MMS19,1,1
MKLN1,MRPS5,1,1
MKLN1,PANX2,1,1
MKLN1,PPFIBP1,1,1
MKLN1,SDF4,1,1
MKLN1,SLC25A13,1,1
MKLN1,SORL1,1,1
MKLN1,SYNM,1,1
MKLN1,TIMP3,1,1
MKLN1,TNRC6B,1,1
MKLN1,VPS45,1,1
MKLN1,WASL,1,1
MKLN1,ZMYM1,1,1
RECQL4,ALDH1B1,1,1
RECQL4,ALG3,1,1
RECQL4,ASCC2,1,1
RECQL4,AUNIP,1,1
RECQL4,C7ORF50,1,1
RECQL4,CENPM,1,1
RECQL4,CETN2,1,1
RECQL4,CHCHD2,1,1
RECQL4,EIF3D,1,1
RECQL4,ELOVL5,1,1
RECQL4,ENO1,1,1
RECQL4,FOXN2,1,1
RECQL4,MLLT6,1,1
RECQL4,MRFAP1L1,1,1
RECQL4,MTFR2,1,1
RECQL4,NCKAP1,1,1
RECQL4,NUDC,1,1
RECQL4,PHF2,1,1
RECQL4,PSMA5,1,1
RECQL4,RBSN,1,1
RECQL4,RHPN2,1,1
RECQL4,SLC35E3,1,1
RECQL4,SLC5A6,1,1
RECQL4,TAF13,1,1
RECQL4,TBRG1,1,1
RECQL4,TONSL,1,1
RECQL4,UFD1L,1,1
EFHD2,AGFG1,1,1
EFHD2,AIM1,1,1
EFHD2,ALDH1B1,1,1
EFHD2,ALG3,1,1
EFHD2,APITD1,1,1
EFHD2,ARMC10,1,1
EFHD2,ASCC2,1,1
EFHD2,ATP6V0B,1,1
EFHD2,AUNIP,1,1
EFHD2,AURKAIP1,1,1
EFHD2,B3GALT6,1,1
EFHD2,BCAS2,1,1
EFHD2,CADPS,1,1
EFHD2,CAPZA2,1,1
EFHD2,CDK5,1,1
EFHD2,CENPM,1,1
EFHD2,CLDN12,1,1
EFHD2,CMAS,1,1
EFHD2,COQ10B,1,1
EFHD2,CSDE1,1,1
EFHD2,DDOST,1,1
EFHD2,DPYSL5,1,1
EFHD2,ECE1,1,1
EFHD2,EIF3D,1,1
EFHD2,ELOVL5,1,1
EFHD2,EMC1,1,1
EFHD2,ENO1,1,1
EFHD2,EXTL3,1,1
EFHD2,EYA1,1,1
EFHD2,EYA4,1,1
EFHD2,FAM86DP,1,1
EFHD2,FAM91A1,1,1
EFHD2,FOXN2,1,1
EFHD2,GET4,1,1
EFHD2,GLS,1,1
EFHD2,GNB1L,1,1
EFHD2,GSR,1,1
EFHD2,GTPBP10,1,1
EFHD2,GXYLT1,1,1
EFHD2,HEY1,1,1
EFHD2,HOXD4,1,1
EFHD2,ID3,1,1
EFHD2,IGF2BP3,1,1
EFHD2,KIAA2013,1,1
EFHD2,KIRREL,1,1
EFHD2,KLHDC3,1,1
EFHD2,LRP12,1,1
EFHD2,LRRC37A2,1,1
EFHD2,LRWD1,1,1
EFHD2,LSR,1,1
EFHD2,MAD2L2,1,1
EFHD2,MLH3,1,1
EFHD2,MRFAP1L1,1,1
EFHD2,MTFP1,1,1
EFHD2,MTPN,1,1
EFHD2,NCKAP1,1,1
EFHD2,NIPAL3,1,1
EFHD2,NPAS2,1,1
EFHD2,NUDC,1,1
EFHD2,NUP43,1,1
EFHD2,NUP50,1,1
EFHD2,ORC5,1,1
EFHD2,P3H3,1,1
EFHD2,PDXP,1,1
EFHD2,PLCB4,1,1
EFHD2,PSMA5,1,1
EFHD2,PYGB,1,1
EFHD2,RHPN2,1,1
EFHD2,RLBP1,1,1
EFHD2,RNF19A,1,1
EFHD2,RPN2,1,1
EFHD2,RTCB,1,1
EFHD2,SHQ1,1,1
EFHD2,SLC16A1,1,1
EFHD2,SLC35F6,1,1
EFHD2,SLC5A6,1,1
EFHD2,SNRNP25,1,1
EFHD2,SRM,1,1
EFHD2,STK17B,1,1
EFHD2,STOML2,1,1
EFHD2,TAF13,1,1
EFHD2,TIMM50,1,1
EFHD2,TMEM38B,1,1
EFHD2,TMF1,1,1
EFHD2,TONSL,1,1
EFHD2,TRABD,1,1
EFHD2,TRIP12,1,1
EFHD2,TRMU,1,1
EFHD2,TRPV4,1,1
EFHD2,UBA3,1,1
EFHD2,UFD1L,1,1
EFHD2,VDR,1,1
EFHD2,WDR77,1,1
EFHD2,XPC,1,1
EFHD2,ZC3H11B,1,1
EFHD2,ZNF697,1,1
PRMT7,FAM118A,1,1
PRMT7,GLT8D1,1,1
PRMT7,HMGXB3,1,1
PRMT7,KLHL21,1,1
PRMT7,L3MBTL2,1,1
PRMT7,LMF2,1,1
PRMT7,RBM19,1,1
PRMT7,RPA2,1,1
PRMT7,SLC25A33,1,1
PRMT7,SYCP2,1,1
PRMT7,UBE2E2,1,1
TMEM184B,AC009133.22,1,1
TMEM184B,ARHGEF5,1,1
TMEM184B,ATF7IP,1,1
TMEM184B,ATP7B,1,1
TMEM184B,CCDC115,1,1
TMEM184B,CDK5R1,1,1
TMEM184B,CDKN2B,1,1
TMEM184B,CERK,1,1
TMEM184B,CLSTN1,1,1
TMEM184B,CTD-3214H19.4,1,1
TMEM184B,DET1,1,1
TMEM184B,EIF5AL1,1,1
TMEM184B,EVA1A,1,1
TMEM184B,FUT4,1,1
TMEM184B,GNB1,1,1
TMEM184B,GPD1L,1,1
TMEM184B,GRAMD4,1,1
TMEM184B,GSTO1,1,1
TMEM184B,GUCD1,1,1
TMEM184B,HERC5,1,1
TMEM184B,HP1BP3,1,1
TMEM184B,ICMT,1,1
TMEM184B,LSM 8.00,1,1
TMEM184B,MCOLN3,1,1
TMEM184B,MLF 2.00,1,1
TMEM184B,MRPL51,1,1
TMEM184B,MRPL58,1,1
TMEM184B,MSI2,1,1
TMEM184B,NAPB,1,1
TMEM184B,OR2A20P,1,1
TMEM184B,PDE4B,1,1
TMEM184B,PITHD1,1,1
TMEM184B,PRDM2,1,1
TMEM184B,PRKCA,1,1
TMEM184B,PRRG1,1,1
TMEM184B,PYCARD,1,1
TMEM184B,RAB11FIP4,1,1
TMEM184B,RBBP4,1,1
TMEM184B,RGS1,1,1
TMEM184B,RHOQ,1,1
TMEM184B,RMND1,1,1
TMEM184B,SBF1,1,1
TMEM184B,SETD3,1,1
TMEM184B,SIRPA,1,1
TMEM184B,SLC44A3,1,1
TMEM184B,SNX8,1,1
TMEM184B,SOX13,1,1
TMEM184B,SPSB1,1,1
TMEM184B,STIM1,1,1
TMEM184B,STXBP2,1,1
TMEM184B,TGFBR1,1,1
TMEM184B,TGFBR3,1,1
TMEM184B,TP73-AS1,1,1
TMEM184B,TPRG1L,1,1
TMEM184B,USP48,1,1
TMEM184B,WDR91,1,1
TMEM184B,ZNF43,1,1
AUNIP,AGFG1,1,1
AUNIP,ALDH1B1,1,1
AUNIP,ASCC2,1,1
AUNIP,ASUN,1,1
AUNIP,ATP6V0B,1,1
AUNIP,CENPM,1,1
AUNIP,EIF3D,1,1
AUNIP,ENO1,1,1
AUNIP,FAM91A1,1,1
AUNIP,FOXN2,1,1
AUNIP,IGF2BP3,1,1
AUNIP,LRRC37A2,1,1
AUNIP,LRWD1,1,1
AUNIP,MLLT6,1,1
AUNIP,MTFR2,1,1
AUNIP,NCKAP1,1,1
AUNIP,NUDC,1,1
AUNIP,ORC5,1,1
AUNIP,PDXP,1,1
AUNIP,POLR1A,1,1
AUNIP,PSMA5,1,1
AUNIP,RHPN2,1,1
AUNIP,SHQ1,1,1
AUNIP,SLC16A1,1,1
AUNIP,SLC35E3,1,1
AUNIP,SLC5A6,1,1
AUNIP,TAF13,1,1
AUNIP,TBRG1,1,1
AUNIP,TMEM38B,1,1
AUNIP,TONSL,1,1
AUNIP,UFD1L,1,1
AUNIP,VDR,1,1
AUNIP,VIPAS39,1,1
AUNIP,WDR77,1,1
C1ORF174,ACAN,1,1
C1ORF174,ADAMTS17,1,1
C1ORF174,AL513523.1,1,1
C1ORF174,ANKRD27,1,1
C1ORF174,ATAD3B,1,1
C1ORF174,AURKAIP1,1,1
C1ORF174,BICDL1,1,1
C1ORF174,C2ORF69,1,1
C1ORF174,CCNA1,1,1
C1ORF174,DFFA,1,1
C1ORF174,DTX3L,1,1
C1ORF174,FANCI,1,1
C1ORF174,HERC2P5,1,1
C1ORF174,KIF7,1,1
C1ORF174,LRRC47,1,1
C1ORF174,MCM3,1,1
C1ORF174,MCTP1,1,1
C1ORF174,MGAM2,1,1
C1ORF174,MKRN3,1,1
C1ORF174,MTERF1,1,1
C1ORF174,MTFP1,1,1
C1ORF174,NCAPH2,1,1
C1ORF174,NT5DC3,1,1
C1ORF174,PGAP2,1,1
C1ORF174,PLCB4,1,1
C1ORF174,POLE4,1,1
C1ORF174,POLR2J,1,1
C1ORF174,PRKG2,1,1
C1ORF174,RASEF,1,1
C1ORF174,RPA2,1,1
C1ORF174,RTFDC1,1,1
C1ORF174,SCML4,1,1
C1ORF174,SLAMF7,1,1
C1ORF174,SMG9,1,1
C1ORF174,SNRNP25,1,1
C1ORF174,SRM,1,1
C1ORF174,STOML2,1,1
C1ORF174,TMEM144,1,1
C1ORF174,TMEM64,1,1
C1ORF174,TP73,1,1
C1ORF174,TSN,1,1
C1ORF174,ZNF114,1,1
C1ORF174,ZNF189,1,1
PRKCA,AGL,1,1
PRKCA,ARHGEF5,1,1
PRKCA,ATF7IP,1,1
PRKCA,CD40,1,1
PRKCA,CDKN2B,1,1
PRKCA,DDRGK1,1,1
PRKCA,EIF5AL1,1,1
PRKCA,EMILIN2,1,1
PRKCA,FUT4,1,1
PRKCA,GRAMD4,1,1
PRKCA,GUCD1,1,1
PRKCA,HENMT1,1,1
PRKCA,HP1BP3,1,1
PRKCA,ICMT,1,1
PRKCA,KCNN2,1,1
PRKCA,KCTD14,1,1
PRKCA,LINS1,1,1
PRKCA,LMF2,1,1
PRKCA,MARK3,1,1
PRKCA,MCOLN3,1,1
PRKCA,MYB,1,1
PRKCA,PDE4B,1,1
PRKCA,PITHD1,1,1
PRKCA,PRRG1,1,1
PRKCA,RBBP4,1,1
PRKCA,RGS1,1,1
PRKCA,SBF1,1,1
PRKCA,SIRPA,1,1
PRKCA,SLC37A3,1,1
PRKCA,SLC44A3,1,1
PRKCA,STAT1,1,1
PRKCA,SYCP2,1,1
PRKCA,TCP11L1,1,1
PRKCA,TGFBR1,1,1
PRKCA,TRPA1,1,1
PRKCA,ZC3H4,1,1
PRKCA,ZNF43,1,1
PRKCA,ZNF789,1,1
PRKCA,ZYG11A,1,1
RPS27L,AKAP9,1,1
RPS27L,ANO4,1,1
RPS27L,AP5S1,1,1
RPS27L,APOBEC3G,1,1
RPS27L,ARHGEF35,1,1
RPS27L,ASRGL1,1,1
RPS27L,ATP6V0D2,1,1
RPS27L,BIRC7,1,1
RPS27L,CCNA1,1,1
RPS27L,CPTP,1,1
RPS27L,DDRGK1,1,1
RPS27L,DOCK9,1,1
RPS27L,EEFSEC,1,1
RPS27L,EMILIN2,1,1
RPS27L,ENTPD6,1,1
RPS27L,FAAP20,1,1
RPS27L,FGFR1OP2,1,1
RPS27L,GDAP2,1,1
RPS27L,GLTP,1,1
RPS27L,HENMT1,1,1
RPS27L,HIBCH,1,1
RPS27L,HSPA8P9,1,1
RPS27L,IDH3B,1,1
RPS27L,KIF3C,1,1
RPS27L,KIN,1,1
RPS27L,LDOC1,1,1
RPS27L,LHX8,1,1
RPS27L,LIMK2,1,1
RPS27L,LINS1,1,1
RPS27L,LONRF3,1,1
RPS27L,LRRC61,1,1
RPS27L,MMACHC,1,1
RPS27L,MME,1,1
RPS27L,PHF20,1,1
RPS27L,PIK3R3,1,1
RPS27L,PIM3,1,1
RPS27L,PPP1R12B,1,1
RPS27L,PRKG2,1,1
RPS27L,RP11-327P2.7,1,1
RPS27L,RPH3A,1,1
RPS27L,RPL22,1,1
RPS27L,RPS6KA5,1,1
RPS27L,RTCA,1,1
RPS27L,RTFDC1,1,1
RPS27L,SLAMF7,1,1
RPS27L,SLC30A7,1,1
RPS27L,SLC46A3,1,1
RPS27L,SLC4A4,1,1
RPS27L,SMG9,1,1
RPS27L,SQRDL,1,1
RPS27L,SS18L1,1,1
RPS27L,TMC3,1,1
RPS27L,TUB,1,1
RPS27L,VAPB,1,1
RPS27L,ZNF114,1,1
RPS27L,ZNF525,1,1
RPS27L,ZYG11A,1,1
CEBPB,ANO4,1,1
CEBPB,FAAP20,1,1
CEBPB,MERTK,1,1
CEBPB,PHGDH,1,1
CEBPB,SLX4IP,1,1
CEBPB,YIPF4,1,1
STK11,BCAS2,1,1
STK11,C2ORF69,1,1
STK11,CLSPN,1,1
STK11,CRKL,1,1
STK11,GLS,1,1
STK11,GLT8D1,1,1
STK11,GTPBP10,1,1
STK11,GXYLT1,1,1
STK11,IDH3A,1,1
STK11,MCM3,1,1
STK11,MCTP1,1,1
STK11,MTERF1,1,1
STK11,NUP50,1,1
STK11,ORC5,1,1
STK11,PLEKHB2,1,1
STK11,TRAM1,1,1
STK11,TSN,1,1
MMP8,ABCD1,1,1
MMP8,ABHD12,1,1
MMP8,ACAN,1,1
MMP8,ACOT7,1,1
MMP8,ADAMTS17,1,1
MMP8,AKR7A2,1,1
MMP8,AL513523.1,1,1
MMP8,ANKRD27,1,1
MMP8,ANKRD30B,1,1
MMP8,ANO4,1,1
MMP8,ARHGEF35,1,1
MMP8,ARL6IP5,1,1
MMP8,ASRGL1,1,1
MMP8,ATAD3B,1,1
MMP8,ATP11A,1,1
MMP8,ATP6V0D2,1,1
MMP8,BICDL1,1,1
MMP8,BIRC7,1,1
MMP8,BLCAP,1,1
MMP8,C2ORF69,1,1
MMP8,CAPG,1,1
MMP8,CARHSP1,1,1
MMP8,CCDC36,1,1
MMP8,CCNA1,1,1
MMP8,CD109,1,1
MMP8,CD36,1,1
MMP8,CD40,1,1
MMP8,CDC42,1,1
MMP8,CEACAM1,1,1
MMP8,CHN2,1,1
MMP8,CLDN14,1,1
MMP8,CPTP,1,1
MMP8,CRKL,1,1
MMP8,CSF2RA,1,1
MMP8,DDRGK1,1,1
MMP8,DFFA,1,1
MMP8,DNAJC16,1,1
MMP8,DPY19L2P2,1,1
MMP8,DPYSL5,1,1
MMP8,DTNBP1,1,1
MMP8,DTX3L,1,1
MMP8,ECHDC1,1,1
MMP8,EEFSEC,1,1
MMP8,EIF5A2,1,1
MMP8,EMILIN2,1,1
MMP8,ENHO,1,1
MMP8,ENTPD6,1,1
MMP8,EPS15L1,1,1
MMP8,EXOSC10,1,1
MMP8,FAAP20,1,1
MMP8,FAM102B,1,1
MMP8,FAM118A,1,1
MMP8,FAM19A3,1,1
MMP8,FANCI,1,1
MMP8,FEZF1,1,1
MMP8,FN1,1,1
MMP8,FRG2DP,1,1
MMP8,GCLM,1,1
MMP8,GDAP2,1,1
MMP8,GGH,1,1
MMP8,GNB1L,1,1
MMP8,GPR157,1,1
MMP8,HENMT1,1,1
MMP8,HERC2P5,1,1
MMP8,HERC2P8,1,1
MMP8,HOOK1,1,1
MMP8,HSPA8P8,1,1
MMP8,HSPA8P9,1,1
MMP8,IDH3A,1,1
MMP8,IMMP2L,1,1
MMP8,KCTD14,1,1
MMP8,KIF1B,1,1
MMP8,KIF7,1,1
MMP8,KLHL21,1,1
MMP8,LAMA1,1,1
MMP8,LHX8,1,1
MMP8,LIMK2,1,1
MMP8,LINS1,1,1
MMP8,LMF2,1,1
MMP8,LONRF3,1,1
MMP8,LPXN,1,1
MMP8,LRRC47,1,1
MMP8,LRRC61,1,1
MMP8,LSR,1,1
MMP8,LYPLA2,1,1
MMP8,MAD2L2,1,1
MMP8,MCM3,1,1
MMP8,MCTP1,1,1
MMP8,MERTK,1,1
MMP8,MFF,1,1
MMP8,MFN2,1,1
MMP8,MGAM,1,1
MMP8,MGAM2,1,1
MMP8,MKRN3,1,1
MMP8,MLXIP,1,1
MMP8,MORN1,1,1
MMP8,MRFAP1,1,1
MMP8,MTFP1,1,1
MMP8,MTOR,1,1
MMP8,MUL1,1,1
MMP8,NBPF8,1,1
MMP8,NDUFS1,1,1
MMP8,NRROS,1,1
MMP8,PARK7,1,1
MMP8,PDE4B,1,1
MMP8,PEX14,1,1
MMP8,PEX26,1,1
MMP8,PHGDH,1,1
MMP8,PHTF1,1,1
MMP8,PIK3R3,1,1
MMP8,PLEKHA7,1,1
MMP8,POLE4,1,1
MMP8,POLR2J,1,1
MMP8,PRKG2,1,1
MMP8,PYGB,1,1
MMP8,RASEF,1,1
MMP8,RBM19,1,1
MMP8,RBX1,1,1
MMP8,RCN3,1,1
MMP8,RP11-119J18.1,1,1
MMP8,RP11-159J3.1,1,1
MMP8,RP11-327P2.7,1,1
MMP8,RP11-61N20.3,1,1
MMP8,RPA2,1,1
MMP8,RPH3A,1,1
MMP8,RPL11,1,1
MMP8,RPS6KA5,1,1
MMP8,RTFDC1,1,1
MMP8,RYBP,1,1
MMP8,SAMM50,1,1
MMP8,SCML4,1,1
MMP8,SEC22B,1,1
MMP8,SERGEF,1,1
MMP8,SLAMF7,1,1
MMP8,SLC25A33,1,1
MMP8,SLC37A3,1,1
MMP8,SLC46A3,1,1
MMP8,SMG9,1,1
MMP8,SNRNP25,1,1
MMP8,SRM,1,1
MMP8,SS18L1,1,1
MMP8,STAT1,1,1
MMP8,SYCP2,1,1
MMP8,TBC1D4,1,1
MMP8,TMC3,1,1
MMP8,TMEM144,1,1
MMP8,TMEM201,1,1
MMP8,TMEM64,1,1
MMP8,TMF1,1,1
MMP8,TMUB1,1,1
MMP8,TP73,1,1
MMP8,TRPA1,1,1
MMP8,TRPV4,1,1
MMP8,TUB,1,1
MMP8,TXN2,1,1
MMP8,UBE2J1,1,1
MMP8,VAPB,1,1
MMP8,VAV3,1,1
MMP8,VCX3B,1,1
MMP8,WDR47,1,1
MMP8,ZC3H11B,1,1
MMP8,ZDHHC11B,1,1
MMP8,ZNF114,1,1
MMP8,ZNF43,1,1
MMP8,ZNF503,1,1
MMP8,ZYG11A,1,1
SRGAP1,CEP41,1,1
SRGAP1,CINP,1,1
SRGAP1,HTRA1,1,1
SRGAP1,IGF1R,1,1
SRGAP1,MOV10,1,1
SRGAP1,MSL3P1,1,1
SRGAP1,NBPF26,1,1
SRGAP1,PTPRK,1,1
SRGAP1,RNF207,1,1
SRGAP1,SPRY1,1,1
SRGAP1,STRIP2,1,1
CLSPN,BCAS2,1,1
CLSPN,C2ORF69,1,1
CLSPN,CENPI,1,1
CLSPN,CENPM,1,1
CLSPN,CSDE1,1,1
CLSPN,FOPNL,1,1
CLSPN,GLS,1,1
CLSPN,GTPBP10,1,1
CLSPN,GTSE1,1,1
CLSPN,GXYLT1,1,1
CLSPN,IDH3A,1,1
CLSPN,LRRC37A2,1,1
CLSPN,LUC7L2,1,1
CLSPN,MCM3,1,1
CLSPN,MCTP1,1,1
CLSPN,MTFP1,1,1
CLSPN,MTFR2,1,1
CLSPN,NUP50,1,1
CLSPN,ORC5,1,1
CLSPN,RTCB,1,1
CLSPN,SHQ1,1,1
CLSPN,STK17B,1,1
CLSPN,STK38L,1,1
CLSPN,TONSL,1,1
CLSPN,TRMU,1,1
CLSPN,TSN,1,1
CLSPN,VDR,1,1
CLSPN,WDR77,1,1
CERK,AC009133.22,1,1
CERK,AC013264.1,1,1
CERK,ARHGAP39,1,1
CERK,ARHGEF5,1,1
CERK,ATF7IP,1,1
CERK,ATP7B,1,1
CERK,ATRN,1,1
CERK,CBX5,1,1
CERK,CCDC115,1,1
CERK,CDK5R1,1,1
CERK,CLSTN1,1,1
CERK,CREB3,1,1
CERK,CTD-3214H19.4,1,1
CERK,DET1,1,1
CERK,EIF5AL1,1,1
CERK,EVA1A,1,1
CERK,FAM219A,1,1
CERK,GNB1,1,1
CERK,GPD1L,1,1
CERK,GRAMD4,1,1
CERK,GUCD1,1,1
CERK,HERC5,1,1
CERK,HP1BP3,1,1
CERK,ICMT,1,1
CERK,KIAA1033,1,1
CERK,MCOLN3,1,1
CERK,MLF 2.00,1,1
CERK,MRPL58,1,1
CERK,MSI2,1,1
CERK,NME7,1,1
CERK,PEX10,1,1
CERK,PITHD1,1,1
CERK,PPT2,1,1
CERK,PRDM2,1,1
CERK,PYCARD,1,1
CERK,RAB11FIP4,1,1
CERK,RBBP4,1,1
CERK,RHOQ,1,1
CERK,SBF1,1,1
CERK,SIRPA,1,1
CERK,SKI,1,1
CERK,SLC35B4,1,1
CERK,SLC44A3,1,1
CERK,SNX8,1,1
CERK,SOX13,1,1
CERK,SPSB1,1,1
CERK,STIM1,1,1
CERK,STXBP2,1,1
CERK,TGFBR1,1,1
CERK,TLN1,1,1
CERK,TP73-AS1,1,1
CERK,TPRG1L,1,1
TSG101,CD68,1,1
TSG101,FZD4,1,1
TSG101,MSL3,1,1
IFT43,ANKLE2,1,1
IFT43,CARS2,1,1
IFT43,LENG9,1,1
IFT43,MPDU1,1,1
IFT43,NIPA2,1,1
IFT43,RBM39,1,1
IFT43,UBE2H,1,1
ZDHHC17,DDRGK1,1,1
ZDHHC17,ECHDC1,1,1
ZDHHC17,KLHL21,1,1
ZDHHC17,SKI,1,1
CETN2,AGFG1,1,1
CETN2,ASCC2,1,1
CETN2,C7ORF50,1,1
CETN2,CHCHD2,1,1
CETN2,CMAS,1,1
CETN2,EIF3D,1,1
CETN2,ELOVL5,1,1
CETN2,ENO1,1,1
CETN2,FAM91A1,1,1
CETN2,METAP1D,1,1
CETN2,MIF,1,1
CETN2,MRFAP1L1,1,1
CETN2,NCKAP1,1,1
CETN2,NIPAL3,1,1
CETN2,PHF2,1,1
CETN2,PSMA5,1,1
CETN2,RHPN2,1,1
CETN2,RPN2,1,1
CETN2,SMARCE1,1,1
CETN2,TBRG1,1,1
CETN2,UFD1L,1,1
CETN2,ZBTB8OS,1,1
CETN2,ZNF75A,1,1
RAB34,ATL1,1,1
RAB34,CDKN2D,1,1
RAB34,COMMD9,1,1
RAB34,CRTC3,1,1
RAB34,DDX60L,1,1
RAB34,KIAA1033,1,1
RAB34,MGME1,1,1
RAB34,PARVA,1,1
RAB34,PER3,1,1
RAB34,PHF20,1,1
RAB34,PTDSS2,1,1
RAB34,RNF145,1,1
RAB34,SLC25A4,1,1
RAB34,SLC9A8,1,1
RAB34,TAF7,1,1
RAB34,TRIM65,1,1
RAB34,TRPS1,1,1
RAB34,ZNF644,1,1
CENPF,INPPL1,1,1
CENPF,MELK,1,1
INIP,ARL6IP5,1,1
INIP,NEPRO,1,1
INIP,PICK1,1,1
RP11-61N20.3,ABCD1,1,1
RP11-61N20.3,ACAN,1,1
RP11-61N20.3,ACOT7,1,1
RP11-61N20.3,ADAMTS17,1,1
RP11-61N20.3,AKR7A2,1,1
RP11-61N20.3,AL513523.1,1,1
RP11-61N20.3,ANAPC7,1,1
RP11-61N20.3,ANKRD30B,1,1
RP11-61N20.3,ARPC1A,1,1
RP11-61N20.3,ASRGL1,1,1
RP11-61N20.3,ATP11A,1,1
RP11-61N20.3,ATP6V0D2,1,1
RP11-61N20.3,ATP6V1C1,1,1
RP11-61N20.3,BICDL1,1,1
RP11-61N20.3,BIRC7,1,1
RP11-61N20.3,BLCAP,1,1
RP11-61N20.3,CADPS,1,1
RP11-61N20.3,CAPG,1,1
RP11-61N20.3,CARHSP1,1,1
RP11-61N20.3,CCNA1,1,1
RP11-61N20.3,CD109,1,1
RP11-61N20.3,CDC42,1,1
RP11-61N20.3,CEACAM1,1,1
RP11-61N20.3,CHN2,1,1
RP11-61N20.3,CLDN14,1,1
RP11-61N20.3,CPTP,1,1
RP11-61N20.3,CSF2RA,1,1
RP11-61N20.3,DDRGK1,1,1
RP11-61N20.3,DNAJC16,1,1
RP11-61N20.3,DPY19L2P2,1,1
RP11-61N20.3,DPYSL5,1,1
RP11-61N20.3,DTNBP1,1,1
RP11-61N20.3,EARS2,1,1
RP11-61N20.3,ECE1,1,1
RP11-61N20.3,ECHDC1,1,1
RP11-61N20.3,EIF5A2,1,1
RP11-61N20.3,EMILIN2,1,1
RP11-61N20.3,ENHO,1,1
RP11-61N20.3,ENTPD6,1,1
RP11-61N20.3,EPS15L1,1,1
RP11-61N20.3,EXOSC10,1,1
RP11-61N20.3,FAM102B,1,1
RP11-61N20.3,FAM118A,1,1
RP11-61N20.3,FAM19A3,1,1
RP11-61N20.3,FEZF1,1,1
RP11-61N20.3,FN1,1,1
RP11-61N20.3,FOXRED2,1,1
RP11-61N20.3,FRG2DP,1,1
RP11-61N20.3,FRMD4B,1,1
RP11-61N20.3,GLT8D1,1,1
RP11-61N20.3,GPR157,1,1
RP11-61N20.3,HERC2P8,1,1
RP11-61N20.3,HMGXB3,1,1
RP11-61N20.3,IDH3A,1,1
RP11-61N20.3,JAK2,1,1
RP11-61N20.3,KCTD14,1,1
RP11-61N20.3,KIAA2013,1,1
RP11-61N20.3,KIF1B,1,1
RP11-61N20.3,LAMA1,1,1
RP11-61N20.3,LAMP2,1,1
RP11-61N20.3,LDLRAD3,1,1
RP11-61N20.3,LINS1,1,1
RP11-61N20.3,LMF2,1,1
RP11-61N20.3,LONRF3,1,1
RP11-61N20.3,LPXN,1,1
RP11-61N20.3,LSR,1,1
RP11-61N20.3,LUZP1,1,1
RP11-61N20.3,LZIC,1,1
RP11-61N20.3,MAPK1,1,1
RP11-61N20.3,MCM3,1,1
RP11-61N20.3,MERTK,1,1
RP11-61N20.3,MFF,1,1
RP11-61N20.3,MFN2,1,1
RP11-61N20.3,MGAM2,1,1
RP11-61N20.3,MLH3,1,1
RP11-61N20.3,MLLT4,1,1
RP11-61N20.3,MLXIP,1,1
RP11-61N20.3,MORN1,1,1
RP11-61N20.3,MRFAP1,1,1
RP11-61N20.3,MTFP1,1,1
RP11-61N20.3,MTOR,1,1
RP11-61N20.3,MUL1,1,1
RP11-61N20.3,NBPF8,1,1
RP11-61N20.3,NPAS2,1,1
RP11-61N20.3,NRROS,1,1
RP11-61N20.3,PARK7,1,1
RP11-61N20.3,PEX10,1,1
RP11-61N20.3,PEX26,1,1
RP11-61N20.3,PHF13,1,1
RP11-61N20.3,PHGDH,1,1
RP11-61N20.3,PHTF1,1,1
RP11-61N20.3,PIK3R3,1,1
RP11-61N20.3,PNKD,1,1
RP11-61N20.3,PQLC2,1,1
RP11-61N20.3,PRKG2,1,1
RP11-61N20.3,RAB17,1,1
RP11-61N20.3,RAB5A,1,1
RP11-61N20.3,RASEF,1,1
RP11-61N20.3,RBM19,1,1
RP11-61N20.3,REPS1,1,1
RP11-61N20.3,RPH3A,1,1
RP11-61N20.3,RPL11,1,1
RP11-61N20.3,RPS6KA5,1,1
RP11-61N20.3,RYBP,1,1
RP11-61N20.3,SAMM50,1,1
RP11-61N20.3,SBF1,1,1
RP11-61N20.3,SCML4,1,1
RP11-61N20.3,SERGEF,1,1
RP11-61N20.3,SFI1,1,1
RP11-61N20.3,SKI,1,1
RP11-61N20.3,SLC25A33,1,1
RP11-61N20.3,SLC37A3,1,1
RP11-61N20.3,SPRY1,1,1
RP11-61N20.3,SQSTM1,1,1
RP11-61N20.3,SRM,1,1
RP11-61N20.3,STXBP3,1,1
RP11-61N20.3,SYCP2,1,1
RP11-61N20.3,TBC1D4,1,1
RP11-61N20.3,TESK2,1,1
RP11-61N20.3,TGFBR3,1,1
RP11-61N20.3,TMEM201,1,1
RP11-61N20.3,TMEM51,1,1
RP11-61N20.3,TMEM64,1,1
RP11-61N20.3,TMF1,1,1
RP11-61N20.3,TP73,1,1
RP11-61N20.3,TRPA1,1,1
RP11-61N20.3,TTN,1,1
RP11-61N20.3,UBE2J1,1,1
RP11-61N20.3,VAPB,1,1
RP11-61N20.3,VAV3,1,1
RP11-61N20.3,VCP,1,1
RP11-61N20.3,VCX3B,1,1
RP11-61N20.3,WDR47,1,1
RP11-61N20.3,ZC3H11B,1,1
RP11-61N20.3,ZNF114,1,1
RP11-61N20.3,ZNF43,1,1
RP11-61N20.3,ZNF503,1,1
C16ORF87,AGAP3,1,1
C16ORF87,ATP6V1F,1,1
C16ORF87,CEP131,1,1
C16ORF87,EPM2AIP1,1,1
C16ORF87,GALNS,1,1
C16ORF87,IGF1R,1,1
C16ORF87,LAMTOR5,1,1
C16ORF87,NADK,1,1
C16ORF87,PEX10,1,1
C16ORF87,PIGO,1,1
C16ORF87,POMGNT1,1,1
C16ORF87,PSEN2,1,1
C16ORF87,RRBP1,1,1
C16ORF87,SGCE,1,1
C16ORF87,TCTN3,1,1
C16ORF87,TRIM14,1,1
OSBPL2,PHF20,1,1
OSBPL2,PLA2G16,1,1
OSBPL2,SOGA3,1,1
TRAM1,ARMC10,1,1
TRAM1,BCAS2,1,1
TRAM1,CADPS,1,1
TRAM1,CAPZA2,1,1
TRAM1,CLDN12,1,1
TRAM1,CLIC4,1,1
TRAM1,COQ10B,1,1
TRAM1,GLS,1,1
TRAM1,GTPBP10,1,1
TRAM1,GXYLT1,1,1
TRAM1,ID3,1,1
TRAM1,MTPN,1,1
TRAM1,NUP50,1,1
TRAM1,ORC5,1,1
TRAM1,PLEKHB2,1,1
TRAM1,PYGB,1,1
TRAM1,RNF19A,1,1
TRAM1,STK17B,1,1
TRAM1,WDR77,1,1
TRAM1,XPC,1,1
TRAM1,ZC3H11B,1,1
BCL2L11,CHRNA7,1,1
BCL2L11,CSF2RA,1,1
BCL2L11,FRG2DP,1,1
BCL2L11,HERC2P5,1,1
BCL2L11,MKRN3,1,1
BCL2L11,PDGFD,1,1
BCL2L11,RASEF,1,1
BCL2L11,RLBP1,1,1
BCL2L11,STK17B,1,1
KCNN2,GPHN,1,1
KCNN2,GRAMD4,1,1
KCNN2,HTRA1,1,1
KCNN2,KCTD14,1,1
KCNN2,LAMA1,1,1
KCNN2,LAMTOR5,1,1
KCNN2,LMF2,1,1
KCNN2,NBPF8,1,1
KCNN2,PDE4B,1,1
KCNN2,POLG,1,1
KCNN2,POMGNT1,1,1
KCNN2,RCN3,1,1
KCNN2,RGS1,1,1
KCNN2,SETD3,1,1
KCNN2,SFI1,1,1
KCNN2,SLC41A1,1,1
KCNN2,STAT1,1,1
KCNN2,STK39,1,1
KCNN2,SYCP2,1,1
KCNN2,TANGO6,1,1
KCNN2,TRPA1,1,1
KCNN2,ZNF789,1,1
RSC1A1,CAP1,1,1
RSC1A1,CDC42,1,1
RSC1A1,CRKL,1,1
RSC1A1,ECHDC1,1,1
RSC1A1,LUZP1,1,1
UBA3,ACOT7,1,1
UBA3,ADAMTS17,1,1
UBA3,ANKRD27,1,1
UBA3,APITD1,1,1
UBA3,AURKAIP1,1,1
UBA3,BCAS2,1,1
UBA3,BMP8B,1,1
UBA3,C2ORF69,1,1
UBA3,CADPS,1,1
UBA3,CCNO,1,1
UBA3,CHRNA7,1,1
UBA3,COQ10B,1,1
UBA3,CSDE1,1,1
UBA3,DDT,1,1
UBA3,DFFA,1,1
UBA3,DPYSL5,1,1
UBA3,DTX3L,1,1
UBA3,ELOVL5,1,1
UBA3,ENHO,1,1
UBA3,FAM19A3,1,1
UBA3,FANCI,1,1
UBA3,GET4,1,1
UBA3,GSR,1,1
UBA3,GTPBP10,1,1
UBA3,HERC2P5,1,1
UBA3,HERC2P8,1,1
UBA3,HEY1,1,1
UBA3,HOXD4,1,1
UBA3,ID3,1,1
UBA3,KIF7,1,1
UBA3,LRRC47,1,1
UBA3,LSR,1,1
UBA3,LYPLA2,1,1
UBA3,MAD2L2,1,1
UBA3,MCTP1,1,1
UBA3,MGAM2,1,1
UBA3,MKRN3,1,1
UBA3,MORN1,1,1
UBA3,MTFP1,1,1
UBA3,NCAPH2,1,1
UBA3,NDUFB3,1,1
UBA3,NDUFS1,1,1
UBA3,NEPRO,1,1
UBA3,NPAS2,1,1
UBA3,NT5DC3,1,1
UBA3,P3H3,1,1
UBA3,PARK7,1,1
UBA3,PGAP2,1,1
UBA3,PICK1,1,1
UBA3,PLCB4,1,1
UBA3,POLE4,1,1
UBA3,POLR2J,1,1
UBA3,PTTG1,1,1
UBA3,PYGB,1,1
UBA3,RASEF,1,1
UBA3,RLBP1,1,1
UBA3,RNF19A,1,1
UBA3,RTCB,1,1
UBA3,RTFDC1,1,1
UBA3,SCML4,1,1
UBA3,SERGEF,1,1
UBA3,SHQ1,1,1
UBA3,SNRNP25,1,1
UBA3,STK38L,1,1
UBA3,STOML2,1,1
UBA3,TMEM144,1,1
UBA3,TMEM64,1,1
UBA3,TMF1,1,1
UBA3,TRIP12,1,1
UBA3,TRPV4,1,1
UBA3,VDR,1,1
UBA3,ZNF697,1,1
EEFSEC,ACAN,1,1
EEFSEC,AL513523.1,1,1
EEFSEC,ANKRD30B,1,1
EEFSEC,ANO4,1,1
EEFSEC,ARHGEF35,1,1
EEFSEC,ASRGL1,1,1
EEFSEC,ATP6V0D2,1,1
EEFSEC,BIRC7,1,1
EEFSEC,CAP1,1,1
EEFSEC,CCNA1,1,1
EEFSEC,CPTP,1,1
EEFSEC,CRKL,1,1
EEFSEC,DOCK9,1,1
EEFSEC,DTX3L,1,1
EEFSEC,ECHDC1,1,1
EEFSEC,EMILIN2,1,1
EEFSEC,ENTPD6,1,1
EEFSEC,FAM102B,1,1
EEFSEC,FANCI,1,1
EEFSEC,FGFR1OP2,1,1
EEFSEC,GDAP2,1,1
EEFSEC,HENMT1,1,1
EEFSEC,HSD17B11,1,1
EEFSEC,HSPA8P8,1,1
EEFSEC,HSPA8P9,1,1
EEFSEC,KIN,1,1
EEFSEC,KLHL21,1,1
EEFSEC,LHX8,1,1
EEFSEC,LINS1,1,1
EEFSEC,LONRF3,1,1
EEFSEC,LRRC61,1,1
EEFSEC,MME,1,1
EEFSEC,MTERF1,1,1
EEFSEC,NIPA2,1,1
EEFSEC,PIK3R3,1,1
EEFSEC,PIM3,1,1
EEFSEC,PRKG2,1,1
EEFSEC,RPH3A,1,1
EEFSEC,RPS6KA5,1,1
EEFSEC,RTCA,1,1
EEFSEC,RTFDC1,1,1
EEFSEC,SLAMF7,1,1
EEFSEC,SLC46A3,1,1
EEFSEC,SS18L1,1,1
EEFSEC,TP73,1,1
EEFSEC,TSN,1,1
EEFSEC,VAPB,1,1
EEFSEC,ZDHHC11B,1,1
EEFSEC,ZNF114,1,1
EEFSEC,ZNF525,1,1
EEFSEC,ZNHIT3,1,1
RP11-119J18.1,ABCD1,1,1
RP11-119J18.1,ABHD12,1,1
RP11-119J18.1,ACAN,1,1
RP11-119J18.1,ACOT7,1,1
RP11-119J18.1,ADAMTS17,1,1
RP11-119J18.1,AL513523.1,1,1
RP11-119J18.1,ANKRD27,1,1
RP11-119J18.1,ANKRD30B,1,1
RP11-119J18.1,ANO4,1,1
RP11-119J18.1,AP5S1,1,1
RP11-119J18.1,ARHGAP39,1,1
RP11-119J18.1,ARHGEF35,1,1
RP11-119J18.1,ASRGL1,1,1
RP11-119J18.1,ATAD3B,1,1
RP11-119J18.1,ATP11A,1,1
RP11-119J18.1,ATP6V0D2,1,1
RP11-119J18.1,BICDL1,1,1
RP11-119J18.1,BIRC7,1,1
RP11-119J18.1,CAPG,1,1
RP11-119J18.1,CARHSP1,1,1
RP11-119J18.1,CCNA1,1,1
RP11-119J18.1,CD36,1,1
RP11-119J18.1,CEACAM1,1,1
RP11-119J18.1,CHN2,1,1
RP11-119J18.1,CLDN14,1,1
RP11-119J18.1,CPTP,1,1
RP11-119J18.1,DDRGK1,1,1
RP11-119J18.1,DFFA,1,1
RP11-119J18.1,DPY19L2P2,1,1
RP11-119J18.1,DPYSL5,1,1
RP11-119J18.1,DTNBP1,1,1
RP11-119J18.1,DTX3L,1,1
RP11-119J18.1,EMILIN2,1,1
RP11-119J18.1,ENHO,1,1
RP11-119J18.1,ENTPD6,1,1
RP11-119J18.1,EXOSC10,1,1
RP11-119J18.1,FAAP20,1,1
RP11-119J18.1,FAM102B,1,1
RP11-119J18.1,FAM110A,1,1
RP11-119J18.1,FAM118A,1,1
RP11-119J18.1,FAM19A3,1,1
RP11-119J18.1,FANCI,1,1
RP11-119J18.1,FEZF1,1,1
RP11-119J18.1,FN1,1,1
RP11-119J18.1,GDAP2,1,1
RP11-119J18.1,HENMT1,1,1
RP11-119J18.1,HERC2P8,1,1
RP11-119J18.1,HMGXB3,1,1
RP11-119J18.1,HOOK1,1,1
RP11-119J18.1,HSPA8P8,1,1
RP11-119J18.1,KCTD14,1,1
RP11-119J18.1,KIF1B,1,1
RP11-119J18.1,KIF7,1,1
RP11-119J18.1,KLHL21,1,1
RP11-119J18.1,LAMA1,1,1
RP11-119J18.1,LHX8,1,1
RP11-119J18.1,LIMK2,1,1
RP11-119J18.1,LINS1,1,1
RP11-119J18.1,LONRF3,1,1
RP11-119J18.1,LRRC47,1,1
RP11-119J18.1,LRRC61,1,1
RP11-119J18.1,LYPLA2,1,1
RP11-119J18.1,MERTK,1,1
RP11-119J18.1,MGAM,1,1
RP11-119J18.1,MGAM2,1,1
RP11-119J18.1,MKRN3,1,1
RP11-119J18.1,MLXIP,1,1
RP11-119J18.1,MORN1,1,1
RP11-119J18.1,NDUFS1,1,1
RP11-119J18.1,PDE4B,1,1
RP11-119J18.1,PEX14,1,1
RP11-119J18.1,PHGDH,1,1
RP11-119J18.1,PIK3R3,1,1
RP11-119J18.1,PIM3,1,1
RP11-119J18.1,PLEKHA7,1,1
RP11-119J18.1,POLE4,1,1
RP11-119J18.1,PPP1R12B,1,1
RP11-119J18.1,PRKG2,1,1
RP11-119J18.1,RBM19,1,1
RP11-119J18.1,RBX1,1,1
RP11-119J18.1,RP11-159J3.1,1,1
RP11-119J18.1,RP11-327P2.7,1,1
RP11-119J18.1,RPA2,1,1
RP11-119J18.1,RPH3A,1,1
RP11-119J18.1,RPL11,1,1
RP11-119J18.1,RPS6KA5,1,1
RP11-119J18.1,RTFDC1,1,1
RP11-119J18.1,RYBP,1,1
RP11-119J18.1,SAMM50,1,1
RP11-119J18.1,SCML4,1,1
RP11-119J18.1,SEC22B,1,1
RP11-119J18.1,SERGEF,1,1
RP11-119J18.1,SLAMF7,1,1
RP11-119J18.1,SLC25A33,1,1
RP11-119J18.1,SLC46A3,1,1
RP11-119J18.1,SMARCB1,1,1
RP11-119J18.1,SMG9,1,1
RP11-119J18.1,SQRDL,1,1
RP11-119J18.1,SS18L1,1,1
RP11-119J18.1,STAT1,1,1
RP11-119J18.1,SYCP2,1,1
RP11-119J18.1,TBC1D4,1,1
RP11-119J18.1,TMC3,1,1
RP11-119J18.1,TMEM144,1,1
RP11-119J18.1,TMEM64,1,1
RP11-119J18.1,TP73,1,1
RP11-119J18.1,TUB,1,1
RP11-119J18.1,VAPB,1,1
RP11-119J18.1,VAV3,1,1
RP11-119J18.1,VCX3B,1,1
RP11-119J18.1,ZDHHC11B,1,1
RP11-119J18.1,ZNF114,1,1
RP11-119J18.1,ZNF503,1,1
RP11-119J18.1,ZYG11A,1,1
SNX2,ANKRD13D,1,1
SNX2,HOXB6,1,1
SNX2,KDELC1,1,1
SNX2,RDX,1,1
DPYSL5,ABCD1,1,1
DPYSL5,ACAN,1,1
DPYSL5,ACOT7,1,1
DPYSL5,ADAMTS17,1,1
DPYSL5,AKR7A2,1,1
DPYSL5,AL513523.1,1,1
DPYSL5,ANAPC5,1,1
DPYSL5,ANAPC7,1,1
DPYSL5,ANKRD27,1,1
DPYSL5,APITD1,1,1
DPYSL5,ARHGEF39,1,1
DPYSL5,ARL6IP5,1,1
DPYSL5,ASRGL1,1,1
DPYSL5,ATAD3B,1,1
DPYSL5,ATP6V0D2,1,1
DPYSL5,AURKAIP1,1,1
DPYSL5,BAIAP2L2,1,1
DPYSL5,BCAS2,1,1
DPYSL5,BICDL1,1,1
DPYSL5,BLCAP,1,1
DPYSL5,BMP8B,1,1
DPYSL5,C2ORF69,1,1
DPYSL5,CADPS,1,1
DPYSL5,CAPZA2,1,1
DPYSL5,CARHSP1,1,1
DPYSL5,CCNA1,1,1
DPYSL5,CD109,1,1
DPYSL5,CGN,1,1
DPYSL5,CHN2,1,1
DPYSL5,CHRNA7,1,1
DPYSL5,CLIC4,1,1
DPYSL5,COG5,1,1
DPYSL5,COQ10B,1,1
DPYSL5,CSDE1,1,1
DPYSL5,CSF2RA,1,1
DPYSL5,DDOST,1,1
DPYSL5,DDT,1,1
DPYSL5,DFFA,1,1
DPYSL5,DPY19L2P2,1,1
DPYSL5,DTX3L,1,1
DPYSL5,ECE1,1,1
DPYSL5,EIF5A2,1,1
DPYSL5,ENHO,1,1
DPYSL5,EXOSC10,1,1
DPYSL5,EXTL3,1,1
DPYSL5,EYA4,1,1
DPYSL5,FAM118A,1,1
DPYSL5,FAM19A3,1,1
DPYSL5,FANCI,1,1
DPYSL5,FEZF1,1,1
DPYSL5,FN1,1,1
DPYSL5,FOXRED2,1,1
DPYSL5,FRG2DP,1,1
DPYSL5,GET4,1,1
DPYSL5,GGH,1,1
DPYSL5,GNB1L,1,1
DPYSL5,GNB2,1,1
DPYSL5,GPHN,1,1
DPYSL5,GPR157,1,1
DPYSL5,GSR,1,1
DPYSL5,GXYLT1,1,1
DPYSL5,HERC2P5,1,1
DPYSL5,HERC2P8,1,1
DPYSL5,HEY1,1,1
DPYSL5,HOXD4,1,1
DPYSL5,ID3,1,1
DPYSL5,IDH3A,1,1
DPYSL5,IMMP2L,1,1
DPYSL5,KIAA2013,1,1
DPYSL5,KIF1B,1,1
DPYSL5,KIF7,1,1
DPYSL5,L3MBTL4,1,1
DPYSL5,LAMA1,1,1
DPYSL5,LPXN,1,1
DPYSL5,LRRC47,1,1
DPYSL5,LSR,1,1
DPYSL5,LYPLA2,1,1
DPYSL5,MAD2L2,1,1
DPYSL5,MCM3,1,1
DPYSL5,MCTP1,1,1
DPYSL5,MERTK,1,1
DPYSL5,MFF,1,1
DPYSL5,MFN2,1,1
DPYSL5,MGAM,1,1
DPYSL5,MGAM2,1,1
DPYSL5,MKRN3,1,1
DPYSL5,MLH3,1,1
DPYSL5,MLLT4,1,1
DPYSL5,MORN1,1,1
DPYSL5,MRFAP1,1,1
DPYSL5,MTFP1,1,1
DPYSL5,NBPF8,1,1
DPYSL5,NDUFB3,1,1
DPYSL5,NDUFS1,1,1
DPYSL5,NEPRO,1,1
DPYSL5,NPAS2,1,1
DPYSL5,NRROS,1,1
DPYSL5,NUP50,1,1
DPYSL5,P3H3,1,1
DPYSL5,PARK7,1,1
DPYSL5,PARP9,1,1
DPYSL5,PEX14,1,1
DPYSL5,PEX26,1,1
DPYSL5,PHGDH,1,1
DPYSL5,PHTF1,1,1
DPYSL5,PICK1,1,1
DPYSL5,PLCB4,1,1
DPYSL5,PLEKHB2,1,1
DPYSL5,POLE4,1,1
DPYSL5,POLR2J,1,1
DPYSL5,PSMA5,1,1
DPYSL5,PTTG1,1,1
DPYSL5,PYGB,1,1
DPYSL5,RASEF,1,1
DPYSL5,RBM19,1,1
DPYSL5,RBX1,1,1
DPYSL5,RCN3,1,1
DPYSL5,RFX7,1,1
DPYSL5,RLBP1,1,1
DPYSL5,RNF19A,1,1
DPYSL5,RPH3A,1,1
DPYSL5,RPS6KA5,1,1
DPYSL5,RTCB,1,1
DPYSL5,RTFDC1,1,1
DPYSL5,RYBP,1,1
DPYSL5,SAMM50,1,1
DPYSL5,SCML4,1,1
DPYSL5,SEC22B,1,1
DPYSL5,SERGEF,1,1
DPYSL5,SLC25A33,1,1
DPYSL5,SLC35F6,1,1
DPYSL5,SNRNP25,1,1
DPYSL5,SRM,1,1
DPYSL5,STK17B,1,1
DPYSL5,STOML2,1,1
DPYSL5,STRIP2,1,1
DPYSL5,TBC1D4,1,1
DPYSL5,TIMM50,1,1
DPYSL5,TMC3,1,1
DPYSL5,TMEM144,1,1
DPYSL5,TMEM201,1,1
DPYSL5,TMEM64,1,1
DPYSL5,TMF1,1,1
DPYSL5,TMUB1,1,1
DPYSL5,TP73,1,1
DPYSL5,TRABD,1,1
DPYSL5,TRMU,1,1
DPYSL5,TRPV4,1,1
DPYSL5,TTF2,1,1
DPYSL5,TTN,1,1
DPYSL5,UBE2J1,1,1
DPYSL5,VAV3,1,1
DPYSL5,VCX3A,1,1
DPYSL5,VCX3B,1,1
DPYSL5,WDR47,1,1
DPYSL5,WDR77,1,1
DPYSL5,ZC3H11B,1,1
DPYSL5,ZC3HC1,1,1
DPYSL5,ZNF114,1,1
DPYSL5,ZNF503,1,1
DPYSL5,ZNF697,1,1
DPYSL5,ZNF776,1,1
AGFG1,ALDH1B1,1,1
AGFG1,ARMC10,1,1
AGFG1,ASCC2,1,1
AGFG1,BCAS2,1,1
AGFG1,CENPM,1,1
AGFG1,CMAS,1,1
AGFG1,COQ10B,1,1
AGFG1,CSDE1,1,1
AGFG1,EIF3D,1,1
AGFG1,ELOVL5,1,1
AGFG1,ENO1,1,1
AGFG1,FAM91A1,1,1
AGFG1,FOXN2,1,1
AGFG1,GET4,1,1
AGFG1,GSR,1,1
AGFG1,GTPBP10,1,1
AGFG1,IGF2BP3,1,1
AGFG1,LRP12,1,1
AGFG1,LRRC37A2,1,1
AGFG1,LRWD1,1,1
AGFG1,MRFAP1L1,1,1
AGFG1,NCKAP1,1,1
AGFG1,NIPAL3,1,1
AGFG1,NUDC,1,1
AGFG1,P3H3,1,1
AGFG1,PSMA5,1,1
AGFG1,RHPN2,1,1
AGFG1,RTCB,1,1
AGFG1,SHQ1,1,1
AGFG1,SLC35E3,1,1
AGFG1,SLC5A6,1,1
AGFG1,STK38L,1,1
AGFG1,TBRG1,1,1
AGFG1,TMEM38B,1,1
AGFG1,TRIP12,1,1
AGFG1,UFD1L,1,1
AGFG1,VDR,1,1
AGFG1,ZBTB8OS,1,1
LUZP1,ABCD1,1,1
LUZP1,AC013264.1,1,1
LUZP1,AKR7A2,1,1
LUZP1,ANKRD30B,1,1
LUZP1,ARPC1A,1,1
LUZP1,ATP11A,1,1
LUZP1,ATP6V1C1,1,1
LUZP1,ATRN,1,1
LUZP1,BLCAP,1,1
LUZP1,C7ORF49,1,1
LUZP1,CA8,1,1
LUZP1,CDC42,1,1
LUZP1,CEACAM1,1,1
LUZP1,DDI2,1,1
LUZP1,DNAJC16,1,1
LUZP1,DTNBP1,1,1
LUZP1,EXOSC10,1,1
LUZP1,FAM102B,1,1
LUZP1,FRMD4B,1,1
LUZP1,GNB1,1,1
LUZP1,GUCD1,1,1
LUZP1,HP1BP3,1,1
LUZP1,HPS5,1,1
LUZP1,JAK2,1,1
LUZP1,KIF16B,1,1
LUZP1,KIF1B,1,1
LUZP1,LSM 8.00,1,1
LUZP1,LZIC,1,1
LUZP1,MAPK1,1,1
LUZP1,MED15,1,1
LUZP1,MESDC1,1,1
LUZP1,MLXIP,1,1
LUZP1,MTOR,1,1
LUZP1,MUL1,1,1
LUZP1,PEX10,1,1
LUZP1,PEX26,1,1
LUZP1,PNKD,1,1
LUZP1,PQLC2,1,1
LUZP1,PRDM2,1,1
LUZP1,PTER,1,1
LUZP1,RAB11FIP4,1,1
LUZP1,RAB5A,1,1
LUZP1,RRBP1,1,1
LUZP1,SAMM50,1,1
LUZP1,SBF1,1,1
LUZP1,SGCE,1,1
LUZP1,SKI,1,1
LUZP1,SLC25A33,1,1
LUZP1,SLC37A3,1,1
LUZP1,SNX8,1,1
LUZP1,STXBP3,1,1
LUZP1,TESK2,1,1
LUZP1,TGFBR3,1,1
LUZP1,TMEM51,1,1
LUZP1,TRPV2,1,1
LUZP1,UBE2J1,1,1
LUZP1,USP48,1,1
LUZP1,VCP,1,1
LUZP1,WDR47,1,1
LUZP1,ZNF503,1,1
PIGO,AC013264.1,1,1
PIGO,AGAP3,1,1
PIGO,AKR7A2,1,1
PIGO,ARPC1A,1,1
PIGO,ATP6V1C1,1,1
PIGO,ATP6V1F,1,1
PIGO,CAMTA1,1,1
PIGO,CDC26,1,1
PIGO,CEP131,1,1
PIGO,DNAJC16,1,1
PIGO,EPM2AIP1,1,1
PIGO,EVA1A,1,1
PIGO,FRMD4B,1,1
PIGO,GALNS,1,1
PIGO,HPS5,1,1
PIGO,HTRA1,1,1
PIGO,IGF1R,1,1
PIGO,JAK2,1,1
PIGO,KIF16B,1,1
PIGO,LAMP2,1,1
PIGO,LAMTOR5,1,1
PIGO,LMF2,1,1
PIGO,LSM 8.00,1,1
PIGO,LZIC,1,1
PIGO,MAP9,1,1
PIGO,MAPK1,1,1
PIGO,MARK3,1,1
PIGO,MED15,1,1
PIGO,MESDC1,1,1
PIGO,METRNL,1,1
PIGO,MRPL58,1,1
PIGO,MTA1,1,1
PIGO,MTOR,1,1
PIGO,NADK,1,1
PIGO,NT5DC1,1,1
PIGO,PEX10,1,1
PIGO,PNKD,1,1
PIGO,POLG,1,1
PIGO,POMGNT1,1,1
PIGO,PPP1R3D,1,1
PIGO,PSEN2,1,1
PIGO,PTPRK,1,1
PIGO,RAB17,1,1
PIGO,RRBP1,1,1
PIGO,SGCE,1,1
PIGO,SLC23A2,1,1
PIGO,SPECC1,1,1
PIGO,SPSB1,1,1
PIGO,ST7,1,1
PIGO,STK39,1,1
PIGO,STXBP3,1,1
PIGO,SYNPO,1,1
PIGO,TCF12,1,1
PIGO,TCTN3,1,1
PIGO,TESK2,1,1
PIGO,TMEM51,1,1
PIGO,TRIM14,1,1
PIGO,TRMT12,1,1
PIGO,TRPV2,1,1
PIGO,TXLNA,1,1
PIGO,USP48,1,1
PIGO,VCP,1,1
PIGO,ZNF672,1,1
PIGO,ZNF814,1,1
PPP1R3D,AC013264.1,1,1
PPP1R3D,ARPC1A,1,1
PPP1R3D,ATP6V1C1,1,1
PPP1R3D,ATP6V1F,1,1
PPP1R3D,ATP7B,1,1
PPP1R3D,CA8,1,1
PPP1R3D,CAMTA1,1,1
PPP1R3D,CBX5,1,1
PPP1R3D,CCDC115,1,1
PPP1R3D,CDK5R1,1,1
PPP1R3D,CLSTN1,1,1
PPP1R3D,DERA,1,1
PPP1R3D,DET1,1,1
PPP1R3D,EPM2AIP1,1,1
PPP1R3D,ERP29,1,1
PPP1R3D,EVA1A,1,1
PPP1R3D,FRMD4B,1,1
PPP1R3D,GNB1,1,1
PPP1R3D,GUCD1,1,1
PPP1R3D,HERC5,1,1
PPP1R3D,HP1BP3,1,1
PPP1R3D,HPS5,1,1
PPP1R3D,KIF16B,1,1
PPP1R3D,LSM 8.00,1,1
PPP1R3D,LZIC,1,1
PPP1R3D,MAP9,1,1
PPP1R3D,MARK3,1,1
PPP1R3D,MCOLN3,1,1
PPP1R3D,MED15,1,1
PPP1R3D,MESDC1,1,1
PPP1R3D,MRPL58,1,1
PPP1R3D,MRPS33,1,1
PPP1R3D,MSI2,1,1
PPP1R3D,MTA1,1,1
PPP1R3D,NADK,1,1
PPP1R3D,NAGA,1,1
PPP1R3D,NT5DC1,1,1
PPP1R3D,PEX10,1,1
PPP1R3D,PNKD,1,1
PPP1R3D,PRDM2,1,1
PPP1R3D,RAB11FIP4,1,1
PPP1R3D,RHOQ,1,1
PPP1R3D,RMND1,1,1
PPP1R3D,RRBP1,1,1
PPP1R3D,SBF1,1,1
PPP1R3D,SGCE,1,1
PPP1R3D,SIRPA,1,1
PPP1R3D,SLC23A2,1,1
PPP1R3D,SLC37A3,1,1
PPP1R3D,SLC44A3,1,1
PPP1R3D,SNX8,1,1
PPP1R3D,SPECC1,1,1
PPP1R3D,SPSB1,1,1
PPP1R3D,STXBP3,1,1
PPP1R3D,SYNPO,1,1
PPP1R3D,TGFBR1,1,1
PPP1R3D,TGFBR3,1,1
PPP1R3D,TMEM51,1,1
PPP1R3D,USP48,1,1
PPP1R3D,ZNF814,1,1
SLC46A3,ABCD1,1,1
SLC46A3,ABHD12,1,1
SLC46A3,ACAN,1,1
SLC46A3,ACOT7,1,1
SLC46A3,ADAMTS17,1,1
SLC46A3,AKAP9,1,1
SLC46A3,AL513523.1,1,1
SLC46A3,ANKRD30B,1,1
SLC46A3,ANO4,1,1
SLC46A3,AP5S1,1,1
SLC46A3,APOBEC3G,1,1
SLC46A3,APOL1,1,1
SLC46A3,ARHGEF35,1,1
SLC46A3,ARHGEF5,1,1
SLC46A3,ASRGL1,1,1
SLC46A3,ATP11A,1,1
SLC46A3,ATP6V0D2,1,1
SLC46A3,BICDL1,1,1
SLC46A3,BIRC7,1,1
SLC46A3,CAP1,1,1
SLC46A3,CAPG,1,1
SLC46A3,CCDC36,1,1
SLC46A3,CCNA1,1,1
SLC46A3,CD36,1,1
SLC46A3,CD40,1,1
SLC46A3,CDKN2B,1,1
SLC46A3,CEACAM1,1,1
SLC46A3,CHN2,1,1
SLC46A3,CLDN14,1,1
SLC46A3,CPTP,1,1
SLC46A3,CSF2RA,1,1
SLC46A3,DDRGK1,1,1
SLC46A3,DOCK9,1,1
SLC46A3,DPY19L2P2,1,1
SLC46A3,DTX3L,1,1
SLC46A3,ECHDC1,1,1
SLC46A3,EMILIN2,1,1
SLC46A3,ENTPD6,1,1
SLC46A3,EXOSC10,1,1
SLC46A3,FAAP20,1,1
SLC46A3,FAM102B,1,1
SLC46A3,FAM118A,1,1
SLC46A3,FEZF1,1,1
SLC46A3,FGFR1OP2,1,1
SLC46A3,FRG2DP,1,1
SLC46A3,FUT4,1,1
SLC46A3,GCLM,1,1
SLC46A3,GDAP2,1,1
SLC46A3,HENMT1,1,1
SLC46A3,HERC2P8,1,1
SLC46A3,HIBCH,1,1
SLC46A3,HOOK1,1,1
SLC46A3,HSD17B11,1,1
SLC46A3,HSPA8P8,1,1
SLC46A3,HSPA8P9,1,1
SLC46A3,ICMT,1,1
SLC46A3,KCTD14,1,1
SLC46A3,KIN,1,1
SLC46A3,KLHL21,1,1
SLC46A3,LAMA1,1,1
SLC46A3,LDLRAD3,1,1
SLC46A3,LHX8,1,1
SLC46A3,LIMK2,1,1
SLC46A3,LINS1,1,1
SLC46A3,LONRF3,1,1
SLC46A3,LRRC61,1,1
SLC46A3,MERTK,1,1
SLC46A3,MGAM2,1,1
SLC46A3,MKRN3,1,1
SLC46A3,MLXIP,1,1
SLC46A3,MME,1,1
SLC46A3,MORN1,1,1
SLC46A3,MYB,1,1
SLC46A3,NAV2,1,1
SLC46A3,PDE4B,1,1
SLC46A3,PHF20,1,1
SLC46A3,PHGDH,1,1
SLC46A3,PIK3R3,1,1
SLC46A3,PIM3,1,1
SLC46A3,PLEKHA7,1,1
SLC46A3,PRKG2,1,1
SLC46A3,RGS1,1,1
SLC46A3,RP11-159J3.1,1,1
SLC46A3,RP11-327P2.7,1,1
SLC46A3,RPH3A,1,1
SLC46A3,RPL11,1,1
SLC46A3,RPL22,1,1
SLC46A3,RPS6KA5,1,1
SLC46A3,RTCA,1,1
SLC46A3,RTFDC1,1,1
SLC46A3,SAMM50,1,1
SLC46A3,SCML4,1,1
SLC46A3,SEC22B,1,1
SLC46A3,SLAMF7,1,1
SLC46A3,SLC37A3,1,1
SLC46A3,SQRDL,1,1
SLC46A3,SS18L1,1,1
SLC46A3,STAT1,1,1
SLC46A3,SYCP2,1,1
SLC46A3,TBC1D4,1,1
SLC46A3,TMC3,1,1
SLC46A3,TMEM64,1,1
SLC46A3,TP73,1,1
SLC46A3,TRPA1,1,1
SLC46A3,TUB,1,1
SLC46A3,UBE2J1,1,1
SLC46A3,VAPB,1,1
SLC46A3,VAV3,1,1
SLC46A3,VCX3B,1,1
SLC46A3,ZC3H4,1,1
SLC46A3,ZDHHC11B,1,1
SLC46A3,ZNF114,1,1
SLC46A3,ZNF43,1,1
SLC46A3,ZNF525,1,1
SLC46A3,ZYG11A,1,1
TRMT12,AGAP3,1,1
TRMT12,ATP6V1F,1,1
TRMT12,FAM167B,1,1
TRMT12,IGF1R,1,1
TRMT12,IVNS1ABP,1,1
TRMT12,NADK,1,1
TRMT12,POLG,1,1
TRMT12,POMGNT1,1,1
TRMT12,SLC23A2,1,1
TRMT12,SYNPO,1,1
TRMT12,TCTN3,1,1
TRMT12,TESK2,1,1
TRMT12,TRIM14,1,1
FUT4,AFAP1,1,1
FUT4,ANKRD30B,1,1
FUT4,ARHGEF35,1,1
FUT4,ARHGEF5,1,1
FUT4,BIRC7,1,1
FUT4,CCDC36,1,1
FUT4,CD40,1,1
FUT4,CDKN2B,1,1
FUT4,CEACAM1,1,1
FUT4,COMMD9,1,1
FUT4,CRY2,1,1
FUT4,DDRGK1,1,1
FUT4,DDX60L,1,1
FUT4,EIF5AL1,1,1
FUT4,EMILIN2,1,1
FUT4,FAM102B,1,1
FUT4,FGFR1OP2,1,1
FUT4,GRAMD4,1,1
FUT4,GSTO1,1,1
FUT4,GTF2H1,1,1
FUT4,HENMT1,1,1
FUT4,HP1BP3,1,1
FUT4,HSPA8P9,1,1
FUT4,ICMT,1,1
FUT4,KCTD14,1,1
FUT4,LDLRAD3,1,1
FUT4,LINS1,1,1
FUT4,LSM 8.00,1,1
FUT4,MCOLN3,1,1
FUT4,MME,1,1
FUT4,MYB,1,1
FUT4,NAV2,1,1
FUT4,PDE4B,1,1
FUT4,PITHD1,1,1
FUT4,PRDM2,1,1
FUT4,RAB11FIP4,1,1
FUT4,RBBP4,1,1
FUT4,RGS1,1,1
FUT4,SIRPA,1,1
FUT4,SLC37A3,1,1
FUT4,SLC44A3,1,1
FUT4,SQRDL,1,1
FUT4,SS18L1,1,1
FUT4,STXBP2,1,1
FUT4,TGFBR1,1,1
FUT4,TGFBR3,1,1
FUT4,TRPA1,1,1
FUT4,ZC3H4,1,1
FUT4,ZNF43,1,1
FUT4,ZYG11A,1,1
ARHGEF10,CTH,1,1
ARHGEF10,CTSV,1,1
ARHGEF10,TRIQK,1,1
VCX3A,ACOT7,1,1
VCX3A,AK2,1,1
VCX3A,AKR7A2,1,1
VCX3A,ANAPC5,1,1
VCX3A,ANAPC7,1,1
VCX3A,APITD1,1,1
VCX3A,ARHGEF39,1,1
VCX3A,ATXN7L3B,1,1
VCX3A,BAIAP2L2,1,1
VCX3A,BCAS3,1,1
VCX3A,BLCAP,1,1
VCX3A,CADPS,1,1
VCX3A,CAPZA2,1,1
VCX3A,CARD16,1,1
VCX3A,CARHSP1,1,1
VCX3A,CD109,1,1
VCX3A,CGN,1,1
VCX3A,COG5,1,1
VCX3A,CSDE1,1,1
VCX3A,DDOST,1,1
VCX3A,DDT,1,1
VCX3A,DYNC1I1,1,1
VCX3A,ECE1,1,1
VCX3A,EIF5A2,1,1
VCX3A,ENHO,1,1
VCX3A,EXOSC10,1,1
VCX3A,EYA4,1,1
VCX3A,FAM19A3,1,1
VCX3A,FBXO6,1,1
VCX3A,FN1,1,1
VCX3A,FOXRED2,1,1
VCX3A,GET4,1,1
VCX3A,GNB1L,1,1
VCX3A,GNB2,1,1
VCX3A,GPR157,1,1
VCX3A,HERC2P8,1,1
VCX3A,HEY1,1,1
VCX3A,IMMP2L,1,1
VCX3A,KDELC1,1,1
VCX3A,KIAA2013,1,1
VCX3A,L3MBTL4,1,1
VCX3A,LPXN,1,1
VCX3A,LSR,1,1
VCX3A,MAD2L2,1,1
VCX3A,MFF,1,1
VCX3A,MFN2,1,1
VCX3A,MGAM,1,1
VCX3A,MLH3,1,1
VCX3A,MLLT4,1,1
VCX3A,MRFAP1,1,1
VCX3A,MTFP1,1,1
VCX3A,NRROS,1,1
VCX3A,P3H3,1,1
VCX3A,PANX2,1,1
VCX3A,PARK7,1,1
VCX3A,PARP9,1,1
VCX3A,PSMA5,1,1
VCX3A,PYGB,1,1
VCX3A,RASEF,1,1
VCX3A,RBX1,1,1
VCX3A,RCN3,1,1
VCX3A,RNF19A,1,1
VCX3A,RTCB,1,1
VCX3A,RYBP,1,1
VCX3A,SERGEF,1,1
VCX3A,SH3BP1,1,1
VCX3A,SLC25A33,1,1
VCX3A,SLC35F6,1,1
VCX3A,SNRNP25,1,1
VCX3A,SNX17,1,1
VCX3A,SRM,1,1
VCX3A,STRIP2,1,1
VCX3A,SYNM,1,1
VCX3A,TBC1D4,1,1
VCX3A,TIMM50,1,1
VCX3A,TIMP3,1,1
VCX3A,TMED9,1,1
VCX3A,TMEM242,1,1
VCX3A,TMF1,1,1
VCX3A,TRMU,1,1
VCX3A,TRPV4,1,1
VCX3A,TTF2,1,1
VCX3A,TTN,1,1
VCX3A,VAV3,1,1
VCX3A,WDR47,1,1
VCX3A,ZC3H11B,1,1
VCX3A,ZC3HC1,1,1
VCX3A,ZNF697,1,1
VCX3A,ZNF776,1,1
SFMBT1,CAP1,1,1
SFMBT1,CRKL,1,1
SFMBT1,ECHDC1,1,1
SFMBT1,FAM110A,1,1
SFMBT1,TFIP11,1,1
MPHOSPH9,CCDC18,1,1
MPHOSPH9,CDC7,1,1
MPHOSPH9,DDT,1,1
MPHOSPH9,GGH,1,1
MPHOSPH9,NDUFB3,1,1
MPHOSPH9,NDUFS1,1,1
MPHOSPH9,NUDT1,1,1
MPHOSPH9,POT1,1,1
MPHOSPH9,PTTG1,1,1
RASEF,ABCD1,1,1
RASEF,ACAN,1,1
RASEF,ACOT7,1,1
RASEF,ADAMTS17,1,1
RASEF,AGA,1,1
RASEF,AKR7A2,1,1
RASEF,AL513523.1,1,1
RASEF,ANAPC7,1,1
RASEF,ANKRD27,1,1
RASEF,ANKRD30B,1,1
RASEF,APITD1,1,1
RASEF,ARL6IP5,1,1
RASEF,ASRGL1,1,1
RASEF,ATAD3B,1,1
RASEF,ATP11A,1,1
RASEF,ATP6V0D2,1,1
RASEF,AURKAIP1,1,1
RASEF,BCAS2,1,1
RASEF,BICDL1,1,1
RASEF,BIRC7,1,1
RASEF,BLCAP,1,1
RASEF,BMP8B,1,1
RASEF,C2ORF69,1,1
RASEF,CADPS,1,1
RASEF,CAPG,1,1
RASEF,CAPZA2,1,1
RASEF,CARHSP1,1,1
RASEF,CCNA1,1,1
RASEF,CD109,1,1
RASEF,CGN,1,1
RASEF,CHN2,1,1
RASEF,CHRNA7,1,1
RASEF,CLIC4,1,1
RASEF,COQ10B,1,1
RASEF,CSDE1,1,1
RASEF,CSF2RA,1,1
RASEF,DDOST,1,1
RASEF,DDT,1,1
RASEF,DFFA,1,1
RASEF,DPY19L2P2,1,1
RASEF,DTX3L,1,1
RASEF,ECE1,1,1
RASEF,EIF5A2,1,1
RASEF,ENHO,1,1
RASEF,ENTPD6,1,1
RASEF,EXOSC10,1,1
RASEF,EXTL3,1,1
RASEF,EYA4,1,1
RASEF,FAM118A,1,1
RASEF,FAM19A3,1,1
RASEF,FANCI,1,1
RASEF,FEZF1,1,1
RASEF,FN1,1,1
RASEF,FOXRED2,1,1
RASEF,FRG2DP,1,1
RASEF,GNB1L,1,1
RASEF,GPHN,1,1
RASEF,GPR157,1,1
RASEF,GTPBP10,1,1
RASEF,GXYLT1,1,1
RASEF,HERC2P5,1,1
RASEF,HERC2P8,1,1
RASEF,HEY1,1,1
RASEF,HSPA8P8,1,1
RASEF,ID3,1,1
RASEF,IDH3A,1,1
RASEF,IMMP2L,1,1
RASEF,KIAA2013,1,1
RASEF,KIF1B,1,1
RASEF,KIF7,1,1
RASEF,LAMA1,1,1
RASEF,LHX8,1,1
RASEF,LONRF3,1,1
RASEF,LPXN,1,1
RASEF,LRRC47,1,1
RASEF,LSR,1,1
RASEF,LYPLA2,1,1
RASEF,MAD2L2,1,1
RASEF,MCM3,1,1
RASEF,MCTP1,1,1
RASEF,MERTK,1,1
RASEF,MFF,1,1
RASEF,MFN2,1,1
RASEF,MGAM2,1,1
RASEF,MKRN3,1,1
RASEF,MLH3,1,1
RASEF,MLLT4,1,1
RASEF,MORN1,1,1
RASEF,MRFAP1,1,1
RASEF,MTFP1,1,1
RASEF,NBPF8,1,1
RASEF,NDUFB3,1,1
RASEF,NDUFS1,1,1
RASEF,NEPRO,1,1
RASEF,NPAS2,1,1
RASEF,NRROS,1,1
RASEF,NUP50,1,1
RASEF,P3H3,1,1
RASEF,PARK7,1,1
RASEF,PEX14,1,1
RASEF,PEX26,1,1
RASEF,PHF13,1,1
RASEF,PHGDH,1,1
RASEF,PHTF1,1,1
RASEF,PIK3R3,1,1
RASEF,PLCB4,1,1
RASEF,PLEKHB2,1,1
RASEF,POLE4,1,1
RASEF,POLR2J,1,1
RASEF,PRKG2,1,1
RASEF,PYGB,1,1
RASEF,RBM19,1,1
RASEF,RBX1,1,1
RASEF,RCN3,1,1
RASEF,RLBP1,1,1
RASEF,RNF19A,1,1
RASEF,RPH3A,1,1
RASEF,RPL11,1,1
RASEF,RPS6KA5,1,1
RASEF,RTCB,1,1
RASEF,RTFDC1,1,1
RASEF,RYBP,1,1
RASEF,SAMM50,1,1
RASEF,SCML4,1,1
RASEF,SEC22B,1,1
RASEF,SERGEF,1,1
RASEF,SFI1,1,1
RASEF,SLC25A33,1,1
RASEF,SLC35F6,1,1
RASEF,SNRNP25,1,1
RASEF,SPRR2D,1,1
RASEF,SRM,1,1
RASEF,STK17B,1,1
RASEF,STOML2,1,1
RASEF,SYCP2,1,1
RASEF,TBC1D4,1,1
RASEF,TIMM50,1,1
RASEF,TMC3,1,1
RASEF,TMEM144,1,1
RASEF,TMEM201,1,1
RASEF,TMEM64,1,1
RASEF,TMF1,1,1
RASEF,TMUB1,1,1
RASEF,TP73,1,1
RASEF,TRMU,1,1
RASEF,TRPV4,1,1
RASEF,TTN,1,1
RASEF,UBE2J1,1,1
RASEF,VAV3,1,1
RASEF,VCX3B,1,1
RASEF,WDR77,1,1
RASEF,ZC3H11B,1,1
RASEF,ZDHHC11B,1,1
RASEF,ZNF114,1,1
RASEF,ZNF503,1,1
RASEF,ZNF697,1,1
RASEF,ZNF776,1,1
KXD1,DOCK9,1,1
KXD1,IDH3B,1,1
KXD1,MRPL46,1,1
KXD1,RBFA,1,1
KXD1,SLC4A4,1,1
KXD1,ZNF585B,1,1
SCML2,CARD8,1,1
SCML2,MFSD2A,1,1
SCML2,PPM1K,1,1
SCML2,SLC9A8,1,1
SCML2,TAF7,1,1
ANO4,ABCD1,1,1
ANO4,ABHD12,1,1
ANO4,ACAN,1,1
ANO4,ACOT7,1,1
ANO4,AKAP9,1,1
ANO4,ANKRD30B,1,1
ANO4,APOBEC3G,1,1
ANO4,APOL1,1,1
ANO4,ARHGEF35,1,1
ANO4,ASRGL1,1,1
ANO4,ATP11A,1,1
ANO4,ATP6V0D2,1,1
ANO4,BICDL1,1,1
ANO4,BIRC7,1,1
ANO4,BMP8B,1,1
ANO4,CAP1,1,1
ANO4,CAPG,1,1
ANO4,CCNA1,1,1
ANO4,CD40,1,1
ANO4,CEACAM1,1,1
ANO4,CHN2,1,1
ANO4,CLDN14,1,1
ANO4,CPTP,1,1
ANO4,CSF2RA,1,1
ANO4,DDRGK1,1,1
ANO4,DPY19L2P2,1,1
ANO4,DTX3L,1,1
ANO4,ECHDC1,1,1
ANO4,EMILIN2,1,1
ANO4,ENTPD6,1,1
ANO4,FAAP20,1,1
ANO4,FAM102B,1,1
ANO4,FEZF1,1,1
ANO4,GDAP2,1,1
ANO4,HENMT1,1,1
ANO4,HIBCH,1,1
ANO4,HSPA8P8,1,1
ANO4,HSPA8P9,1,1
ANO4,KCTD14,1,1
ANO4,KIF1B,1,1
ANO4,KIF3C,1,1
ANO4,KIN,1,1
ANO4,LDLRAD3,1,1
ANO4,LHX8,1,1
ANO4,LIMK2,1,1
ANO4,LINS1,1,1
ANO4,LONRF3,1,1
ANO4,LRRC61,1,1
ANO4,MERTK,1,1
ANO4,MGAM2,1,1
ANO4,MKRN3,1,1
ANO4,MORN1,1,1
ANO4,PEX5,1,1
ANO4,PHF20,1,1
ANO4,PHGDH,1,1
ANO4,PIK3R3,1,1
ANO4,PIM3,1,1
ANO4,PPP1R12B,1,1
ANO4,PRKG2,1,1
ANO4,RP11-159J3.1,1,1
ANO4,RP11-327P2.7,1,1
ANO4,RPH3A,1,1
ANO4,RPL11,1,1
ANO4,RPS6KA5,1,1
ANO4,RTFDC1,1,1
ANO4,SAMM50,1,1
ANO4,SCML4,1,1
ANO4,SLAMF7,1,1
ANO4,SLX4IP,1,1
ANO4,SQRDL,1,1
ANO4,SS18L1,1,1
ANO4,TBC1D4,1,1
ANO4,TMC3,1,1
ANO4,TP73,1,1
ANO4,TUB,1,1
ANO4,VAPB,1,1
ANO4,VAV3,1,1
ANO4,VCX3B,1,1
ANO4,YIPF4,1,1
ANO4,ZDHHC11B,1,1
ANO4,ZNF114,1,1
ANO4,ZNF525,1,1
ANO4,ZYG11A,1,1
DUS2,ATL1,1,1
DUS2,CPEB1,1,1
DUS2,PARVA,1,1
DUS2,RNF145,1,1
DUS2,SLC35B1,1,1
DUS2,TRIM65,1,1
DUS2,TRPS1,1,1
DUS2,ZNF260,1,1
INPPL1,EVL,1,1
INPPL1,KLHDC2,1,1
INPPL1,LRRC8C,1,1
INPPL1,NELFCD,1,1
INPPL1,REPS1,1,1
INPPL1,RHOJ,1,1
INPPL1,SLC35F5,1,1
INPPL1,TTF2,1,1
INPPL1,VPS45,1,1
PHF20,AKAP9,1,1
PHF20,ALKBH3,1,1
PHF20,AP5S1,1,1
PHF20,APOBEC3G,1,1
PHF20,ARHGEF35,1,1
PHF20,CAP1,1,1
PHF20,CCDC36,1,1
PHF20,CD40,1,1
PHF20,COMMD9,1,1
PHF20,FAM189B,1,1
PHF20,FGFR1OP2,1,1
PHF20,GTF2H1,1,1
PHF20,HIBCH,1,1
PHF20,ICMT,1,1
PHF20,KIF3C,1,1
PHF20,KIN,1,1
PHF20,LINS1,1,1
PHF20,MME,1,1
PHF20,NAV2,1,1
PHF20,PPP1R12B,1,1
PHF20,RTCA,1,1
PHF20,SLC25A4,1,1
PHF20,SS18L1,1,1
PHF20,TTC37,1,1
PHF20,UBE2L3,1,1
PHF20,VAPB,1,1
PHF20,ZNF525,1,1
PPP1R8,FBXW9,1,1
PPP1R8,MEPCE,1,1
NBPF26,ADAMTS17,1,1
NBPF26,AKR7A2,1,1
NBPF26,ARHGEF39,1,1
NBPF26,ATXN7L3B,1,1
NBPF26,BCAS3,1,1
NBPF26,BET1,1,1
NBPF26,BLCAP,1,1
NBPF26,C1ORF112,1,1
NBPF26,CARD16,1,1
NBPF26,CD109,1,1
NBPF26,CEP41,1,1
NBPF26,CGN,1,1
NBPF26,CINP,1,1
NBPF26,COG5,1,1
NBPF26,DDOST,1,1
NBPF26,DNAJC16,1,1
NBPF26,EARS2,1,1
NBPF26,ECE1,1,1
NBPF26,EIF5A2,1,1
NBPF26,FBXO6,1,1
NBPF26,FN1,1,1
NBPF26,FOXRED2,1,1
NBPF26,GPHN,1,1
NBPF26,GPR157,1,1
NBPF26,HEY1,1,1
NBPF26,HTRA1,1,1
NBPF26,IGF1R,1,1
NBPF26,IMMP2L,1,1
NBPF26,ITGAV,1,1
NBPF26,JAK2,1,1
NBPF26,KDM5A,1,1
NBPF26,KIAA2013,1,1
NBPF26,L3MBTL4,1,1
NBPF26,LAMA1,1,1
NBPF26,LAMP2,1,1
NBPF26,LAMTOR5,1,1
NBPF26,LMF2,1,1
NBPF26,LPXN,1,1
NBPF26,MFF,1,1
NBPF26,MFN2,1,1
NBPF26,MLH3,1,1
NBPF26,MLLT4,1,1
NBPF26,MOV10,1,1
NBPF26,MRFAP1,1,1
NBPF26,MSL3P1,1,1
NBPF26,MTOR,1,1
NBPF26,NBPF8,1,1
NBPF26,NRROS,1,1
NBPF26,NSMCE3,1,1
NBPF26,NUDCD3,1,1
NBPF26,PARK7,1,1
NBPF26,PARP9,1,1
NBPF26,PHTF1,1,1
NBPF26,PQLC2,1,1
NBPF26,PTPRK,1,1
NBPF26,RAB17,1,1
NBPF26,RCN3,1,1
NBPF26,RYBP,1,1
NBPF26,SFI1,1,1
NBPF26,SPRY1,1,1
NBPF26,STK11IP,1,1
NBPF26,STK39,1,1
NBPF26,STRIP2,1,1
NBPF26,STXBP3,1,1
NBPF26,SYCP2,1,1
NBPF26,TESK2,1,1
NBPF26,TIMM50,1,1
NBPF26,TIMP3,1,1
NBPF26,TMED9,1,1
NBPF26,TTF2,1,1
NBPF26,TXLNA,1,1
NBPF26,ZC3H11B,1,1
NBPF26,ZNF503,1,1
NBPF26,ZNF776,1,1
ZNF697,ACOT7,1,1
ZNF697,ADAMTS17,1,1
ZNF697,AK2,1,1
ZNF697,AKR7A2,1,1
ZNF697,ALDH1B1,1,1
ZNF697,APITD1,1,1
ZNF697,ARHGEF39,1,1
ZNF697,ARL6IP5,1,1
ZNF697,ARMC10,1,1
ZNF697,ATXN7L3B,1,1
ZNF697,B3GALT6,1,1
ZNF697,BAIAP2L2,1,1
ZNF697,BCAS2,1,1
ZNF697,BCAS3,1,1
ZNF697,C2ORF69,1,1
ZNF697,CADPS,1,1
ZNF697,CAPZA2,1,1
ZNF697,CARD16,1,1
ZNF697,CARHSP1,1,1
ZNF697,CD109,1,1
ZNF697,CEP41,1,1
ZNF697,CGN,1,1
ZNF697,CHEK2,1,1
ZNF697,CHRNA7,1,1
ZNF697,CLIC4,1,1
ZNF697,CMAS,1,1
ZNF697,COG5,1,1
ZNF697,COQ10B,1,1
ZNF697,CSDE1,1,1
ZNF697,DDOST,1,1
ZNF697,DDT,1,1
ZNF697,ECE1,1,1
ZNF697,EIF5A2,1,1
ZNF697,EMC1,1,1
ZNF697,ENHO,1,1
ZNF697,EXTL3,1,1
ZNF697,EYA4,1,1
ZNF697,FAM19A3,1,1
ZNF697,FN1,1,1
ZNF697,FOXRED2,1,1
ZNF697,FRG2DP,1,1
ZNF697,GET4,1,1
ZNF697,GNB1L,1,1
ZNF697,GPR157,1,1
ZNF697,GTPBP10,1,1
ZNF697,GXYLT1,1,1
ZNF697,HERC2P8,1,1
ZNF697,HEY1,1,1
ZNF697,ID3,1,1
ZNF697,IGF2BP3,1,1
ZNF697,IGHVII-30-43,1,1
ZNF697,IMMP2L,1,1
ZNF697,ITGAV,1,1
ZNF697,KDELC1,1,1
ZNF697,KIAA2013,1,1
ZNF697,L3MBTL4,1,1
ZNF697,LPXN,1,1
ZNF697,LRP12,1,1
ZNF697,LSR,1,1
ZNF697,MAD2L2,1,1
ZNF697,MFF,1,1
ZNF697,MFN2,1,1
ZNF697,MGAM2,1,1
ZNF697,MLH3,1,1
ZNF697,MLLT4,1,1
ZNF697,MRFAP1,1,1
ZNF697,MSL3P1,1,1
ZNF697,MTFP1,1,1
ZNF697,NBPF8,1,1
ZNF697,NDUFB3,1,1
ZNF697,NEPRO,1,1
ZNF697,NIPAL3,1,1
ZNF697,NPAS2,1,1
ZNF697,NRROS,1,1
ZNF697,NUDCD3,1,1
ZNF697,NUP43,1,1
ZNF697,NUP50,1,1
ZNF697,P3H3,1,1
ZNF697,PANX2,1,1
ZNF697,PARK7,1,1
ZNF697,PARP9,1,1
ZNF697,PEX26,1,1
ZNF697,PHTF1,1,1
ZNF697,PLCB4,1,1
ZNF697,POLR2J,1,1
ZNF697,PPFIBP1,1,1
ZNF697,PSMA5,1,1
ZNF697,PYGB,1,1
ZNF697,RLBP1,1,1
ZNF697,RNF19A,1,1
ZNF697,RNF43,1,1
ZNF697,RPN2,1,1
ZNF697,RRP7BP,1,1
ZNF697,RTCB,1,1
ZNF697,RYBP,1,1
ZNF697,SERGEF,1,1
ZNF697,SLC16A1,1,1
ZNF697,SLC35F6,1,1
ZNF697,SNRNP25,1,1
ZNF697,SNX17,1,1
ZNF697,SORL1,1,1
ZNF697,SRM,1,1
ZNF697,STK17B,1,1
ZNF697,STOML2,1,1
ZNF697,STRIP2,1,1
ZNF697,SYNM,1,1
ZNF697,SYPL1,1,1
ZNF697,TBC1D4,1,1
ZNF697,TBCA,1,1
ZNF697,TIMM50,1,1
ZNF697,TIMP3,1,1
ZNF697,TMED9,1,1
ZNF697,TMEM201,1,1
ZNF697,TMEM242,1,1
ZNF697,TMEM64,1,1
ZNF697,TMF1,1,1
ZNF697,TRABD,1,1
ZNF697,TRIP12,1,1
ZNF697,TRMU,1,1
ZNF697,TRPV4,1,1
ZNF697,TTF2,1,1
ZNF697,TTN,1,1
ZNF697,UFD1L,1,1
ZNF697,WDR77,1,1
ZNF697,ZC3H11B,1,1
ZNF697,ZC3HC1,1,1
ZNF697,ZNF503,1,1
ZNF672,AGAP3,1,1
ZNF672,ATP6V1F,1,1
ZNF672,CINP,1,1
ZNF672,DPF2,1,1
ZNF672,EPM2AIP1,1,1
ZNF672,GALNS,1,1
ZNF672,METRNL,1,1
ZNF672,MRPL58,1,1
ZNF672,NT5DC1,1,1
ZNF672,PSEN2,1,1
ZNF672,RRBP1,1,1
ZNF672,SGCE,1,1
ZNF672,SLC23A2,1,1
ZNF672,ST7,1,1
ZNF672,STXBP3,1,1
ZNF672,TCTN3,1,1
TOP2B,C1ORF159,1,1
TOP2B,KDM5A,1,1
TOP2B,XPNPEP3,1,1
ERP29,AC013264.1,1,1
ERP29,AGL,1,1
ERP29,ARPC1A,1,1
ERP29,CA8,1,1
ERP29,CAMTA1,1,1
ERP29,CCDC115,1,1
ERP29,CD40,1,1
ERP29,EVA1A,1,1
ERP29,GNB1,1,1
ERP29,GSTO1,1,1
ERP29,GUCD1,1,1
ERP29,HERC5,1,1
ERP29,HP1BP3,1,1
ERP29,LNX2,1,1
ERP29,LSM 8.00,1,1
ERP29,MAP9,1,1
ERP29,MCOLN3,1,1
ERP29,MLXIP,1,1
ERP29,MRPL58,1,1
ERP29,MRPS33,1,1
ERP29,NAGA,1,1
ERP29,NT5DC1,1,1
ERP29,PRDM2,1,1
ERP29,RBBP4,1,1
ERP29,RHOQ,1,1
ERP29,RMND1,1,1
ERP29,SLC37A3,1,1
ERP29,SPECC1,1,1
ERP29,SPON2,1,1
ERP29,TGFBR1,1,1
ERP29,TMEM51,1,1
ERP29,USP48,1,1
ERP29,WDR91,1,1
ERP29,ZFYVE16,1,1
ERP29,ZNF706,1,1
ERP29,ZNF814,1,1
PTGES2,NBPF1,1,1
CD109,ABCD1,1,1
CD109,ACAN,1,1
CD109,ACOT7,1,1
CD109,ADAMTS17,1,1
CD109,AKR7A2,1,1
CD109,AL513523.1,1,1
CD109,ANAPC7,1,1
CD109,ANKRD30B,1,1
CD109,APITD1,1,1
CD109,ARHGEF39,1,1
CD109,ARL6IP5,1,1
CD109,ASRGL1,1,1
CD109,ATAD3B,1,1
CD109,ATP11A,1,1
CD109,ATP6V0D2,1,1
CD109,BAIAP2L2,1,1
CD109,BICDL1,1,1
CD109,BIRC7,1,1
CD109,BLCAP,1,1
CD109,C2ORF69,1,1
CD109,CADPS,1,1
CD109,CAPZA2,1,1
CD109,CARD16,1,1
CD109,CARHSP1,1,1
CD109,CCNA1,1,1
CD109,CDC42,1,1
CD109,CEP41,1,1
CD109,CGN,1,1
CD109,CHN2,1,1
CD109,CLIC4,1,1
CD109,COG5,1,1
CD109,CSDE1,1,1
CD109,CSF2RA,1,1
CD109,DDOST,1,1
CD109,DDT,1,1
CD109,DNAJC16,1,1
CD109,DPY19L2P2,1,1
CD109,DTX3L,1,1
CD109,EARS2,1,1
CD109,ECE1,1,1
CD109,EIF5A2,1,1
CD109,ENHO,1,1
CD109,EXOSC10,1,1
CD109,EXTL3,1,1
CD109,EYA4,1,1
CD109,FAM102B,1,1
CD109,FAM118A,1,1
CD109,FAM19A3,1,1
CD109,FEZF1,1,1
CD109,FN1,1,1
CD109,FOXRED2,1,1
CD109,FRG2DP,1,1
CD109,FRMD4B,1,1
CD109,GGH,1,1
CD109,GNB1L,1,1
CD109,GPHN,1,1
CD109,GPR157,1,1
CD109,GXYLT1,1,1
CD109,HERC2P5,1,1
CD109,HERC2P8,1,1
CD109,HEY1,1,1
CD109,IDH3A,1,1
CD109,IMMP2L,1,1
CD109,JAK2,1,1
CD109,KCTD14,1,1
CD109,KIAA2013,1,1
CD109,KIF1B,1,1
CD109,L3MBTL4,1,1
CD109,LAMA1,1,1
CD109,LAMP2,1,1
CD109,LHX8,1,1
CD109,LMF2,1,1
CD109,LONRF3,1,1
CD109,LPXN,1,1
CD109,LSR,1,1
CD109,MAD2L2,1,1
CD109,MAPK1,1,1
CD109,MCM3,1,1
CD109,MCTP1,1,1
CD109,MERTK,1,1
CD109,MFF,1,1
CD109,MFN2,1,1
CD109,MGAM2,1,1
CD109,MKRN3,1,1
CD109,MLH3,1,1
CD109,MLLT4,1,1
CD109,MLXIP,1,1
CD109,MORN1,1,1
CD109,MRFAP1,1,1
CD109,MSL3P1,1,1
CD109,MTFP1,1,1
CD109,MTOR,1,1
CD109,MUL1,1,1
CD109,NBPF8,1,1
CD109,NDUFB3,1,1
CD109,NDUFS1,1,1
CD109,NELFCD,1,1
CD109,NPAS2,1,1
CD109,NRROS,1,1
CD109,NUDCD3,1,1
CD109,P3H3,1,1
CD109,PARK7,1,1
CD109,PARP9,1,1
CD109,PDGFD,1,1
CD109,PEX14,1,1
CD109,PEX26,1,1
CD109,PHGDH,1,1
CD109,PHTF1,1,1
CD109,PNKD,1,1
CD109,PQLC2,1,1
CD109,PRKG2,1,1
CD109,PYGB,1,1
CD109,RAB17,1,1
CD109,RBM19,1,1
CD109,RBX1,1,1
CD109,RCN3,1,1
CD109,REPS1,1,1
CD109,RLBP1,1,1
CD109,RNF19A,1,1
CD109,RPH3A,1,1
CD109,RPL11,1,1
CD109,RPS6KA5,1,1
CD109,RTCB,1,1
CD109,RYBP,1,1
CD109,SAMM50,1,1
CD109,SCML4,1,1
CD109,SEC22B,1,1
CD109,SERGEF,1,1
CD109,SFI1,1,1
CD109,SLC25A33,1,1
CD109,SLC35F5,1,1
CD109,SLC35F6,1,1
CD109,SNRNP25,1,1
CD109,SPRY1,1,1
CD109,SRM,1,1
CD109,STK17B,1,1
CD109,STRIP2,1,1
CD109,SYCP2,1,1
CD109,TBC1D4,1,1
CD109,TESK2,1,1
CD109,TIMM50,1,1
CD109,TMC3,1,1
CD109,TMEM144,1,1
CD109,TMEM201,1,1
CD109,TMEM64,1,1
CD109,TMF1,1,1
CD109,TMUB1,1,1
CD109,TP73,1,1
CD109,TRMU,1,1
CD109,TRPV4,1,1
CD109,TTF2,1,1
CD109,TTN,1,1
CD109,TXN2,1,1
CD109,UBE2J1,1,1
CD109,VAV3,1,1
CD109,VCX3B,1,1
CD109,WDR47,1,1
CD109,ZC3H11B,1,1
CD109,ZDHHC11B,1,1
CD109,ZNF114,1,1
CD109,ZNF503,1,1
CD109,ZNF776,1,1
POU3F2,AIG1,1,1
POU3F2,AK2,1,1
POU3F2,ALDH1B1,1,1
POU3F2,ALG3,1,1
POU3F2,ARL 3.00,1,1
POU3F2,ASUN,1,1
POU3F2,ATG5,1,1
POU3F2,CASP8,1,1
POU3F2,CMAS,1,1
POU3F2,EMC1,1,1
POU3F2,ENO1,1,1
POU3F2,EYA1,1,1
POU3F2,FOXN2,1,1
POU3F2,FZD6,1,1
POU3F2,IGF2BP3,1,1
POU3F2,IGHVII-30-43,1,1
POU3F2,KIRREL,1,1
POU3F2,LRP12,1,1
POU3F2,MMS19,1,1
POU3F2,PRKCZ,1,1
POU3F2,PXDN,1,1
POU3F2,RAP1A,1,1
POU3F2,RHPN2,1,1
POU3F2,RPN2,1,1
POU3F2,SLC16A1,1,1
POU3F2,SLC5A6,1,1
POU3F2,SMARCE1,1,1
POU3F2,SORL1,1,1
POU3F2,SYNM,1,1
POU3F2,SYPL1,1,1
POU3F2,TBCA,1,1
POU3F2,TEAD2,1,1
POU3F2,TMEM38B,1,1
POU3F2,UFD1L,1,1
POU3F2,UQCC2,1,1
DNAJC16,ABCD1,1,1
DNAJC16,AC013264.1,1,1
DNAJC16,ADAMTS17,1,1
DNAJC16,AKR7A2,1,1
DNAJC16,ANKRD30B,1,1
DNAJC16,ARPC1A,1,1
DNAJC16,ATP6V1C1,1,1
DNAJC16,ATRN,1,1
DNAJC16,BICDL1,1,1
DNAJC16,BLCAP,1,1
DNAJC16,C7ORF49,1,1
DNAJC16,CARHSP1,1,1
DNAJC16,CDC42,1,1
DNAJC16,CINP,1,1
DNAJC16,DPY19L2P2,1,1
DNAJC16,DTNBP1,1,1
DNAJC16,EARS2,1,1
DNAJC16,EIF5A2,1,1
DNAJC16,EXOSC10,1,1
DNAJC16,FAM118A,1,1
DNAJC16,FN1,1,1
DNAJC16,FRMD4B,1,1
DNAJC16,GPR157,1,1
DNAJC16,GRAMD4,1,1
DNAJC16,HTRA1,1,1
DNAJC16,IGF1R,1,1
DNAJC16,JAK2,1,1
DNAJC16,KCTD14,1,1
DNAJC16,LAMA1,1,1
DNAJC16,LAMP2,1,1
DNAJC16,LAMTOR5,1,1
DNAJC16,LMF2,1,1
DNAJC16,LPXN,1,1
DNAJC16,LZIC,1,1
DNAJC16,MAPK1,1,1
DNAJC16,MARK3,1,1
DNAJC16,MED15,1,1
DNAJC16,MESDC1,1,1
DNAJC16,MFF,1,1
DNAJC16,MLXIP,1,1
DNAJC16,MRFAP1,1,1
DNAJC16,MTOR,1,1
DNAJC16,MUL1,1,1
DNAJC16,NADK,1,1
DNAJC16,NBPF8,1,1
DNAJC16,NRROS,1,1
DNAJC16,PEX10,1,1
DNAJC16,PEX26,1,1
DNAJC16,PHGDH,1,1
DNAJC16,PNKD,1,1
DNAJC16,POLG,1,1
DNAJC16,POMGNT1,1,1
DNAJC16,PQLC2,1,1
DNAJC16,RAB17,1,1
DNAJC16,RAB5A,1,1
DNAJC16,RBM19,1,1
DNAJC16,RRBP1,1,1
DNAJC16,RYBP,1,1
DNAJC16,SAMM50,1,1
DNAJC16,SBF1,1,1
DNAJC16,SFI1,1,1
DNAJC16,SGCE,1,1
DNAJC16,SKI,1,1
DNAJC16,SLC23A2,1,1
DNAJC16,SLC25A33,1,1
DNAJC16,SLC37A3,1,1
DNAJC16,SPRY1,1,1
DNAJC16,SQSTM1,1,1
DNAJC16,STK39,1,1
DNAJC16,STXBP3,1,1
DNAJC16,SYCP2,1,1
DNAJC16,TESK2,1,1
DNAJC16,TGFBR3,1,1
DNAJC16,TMEM201,1,1
DNAJC16,TMEM51,1,1
DNAJC16,TRPA1,1,1
DNAJC16,TRPV2,1,1
DNAJC16,TXLNA,1,1
DNAJC16,TXN2,1,1
DNAJC16,UBE2J1,1,1
DNAJC16,USP48,1,1
DNAJC16,VAV3,1,1
DNAJC16,VCP,1,1
DNAJC16,WDR47,1,1
DNAJC16,ZNF503,1,1
TTF2,AK2,1,1
TTF2,AKR7A2,1,1
TTF2,ALAS1,1,1
TTF2,ALDH1B1,1,1
TTF2,ANAPC7,1,1
TTF2,APITD1,1,1
TTF2,ARHGEF39,1,1
TTF2,ATXN7L3B,1,1
TTF2,BAIAP2L2,1,1
TTF2,BCAS3,1,1
TTF2,BLCAP,1,1
TTF2,BMPR1B,1,1
TTF2,C1ORF112,1,1
TTF2,C5ORF34,1,1
TTF2,CAPZA2,1,1
TTF2,CARD16,1,1
TTF2,CARHSP1,1,1
TTF2,CEP41,1,1
TTF2,CGN,1,1
TTF2,CHEK2,1,1
TTF2,COG5,1,1
TTF2,CSDE1,1,1
TTF2,DDOST,1,1
TTF2,DDT,1,1
TTF2,DYNC1I1,1,1
TTF2,EARS2,1,1
TTF2,ECE1,1,1
TTF2,EIF5A2,1,1
TTF2,EMC1,1,1
TTF2,ENHO,1,1
TTF2,EVL,1,1
TTF2,EYA4,1,1
TTF2,FBXO6,1,1
TTF2,FOXRED2,1,1
TTF2,GFPT1,1,1
TTF2,GGH,1,1
TTF2,GLDC,1,1
TTF2,GNB1L,1,1
TTF2,GPR157,1,1
TTF2,HEY1,1,1
TTF2,IDH3A,1,1
TTF2,IGHVII-30-43,1,1
TTF2,IMMP2L,1,1
TTF2,ITGAV,1,1
TTF2,KDELC1,1,1
TTF2,KIAA2013,1,1
TTF2,L3MBTL4,1,1
TTF2,LAMP2,1,1
TTF2,LPXN,1,1
TTF2,LRP12,1,1
TTF2,LSR,1,1
TTF2,MAD2L2,1,1
TTF2,MFF,1,1
TTF2,MFN2,1,1
TTF2,MLH3,1,1
TTF2,MLLT4,1,1
TTF2,MOV10,1,1
TTF2,MRPS5,1,1
TTF2,MSL3P1,1,1
TTF2,MTFP1,1,1
TTF2,NDUFB3,1,1
TTF2,NELFCD,1,1
TTF2,NRROS,1,1
TTF2,NSMCE3,1,1
TTF2,NUDCD3,1,1
TTF2,NUP43,1,1
TTF2,P3H3,1,1
TTF2,PANX2,1,1
TTF2,PARK7,1,1
TTF2,PARP9,1,1
TTF2,PHTF1,1,1
TTF2,PPFIBP1,1,1
TTF2,PQLC2,1,1
TTF2,PSMA5,1,1
TTF2,PTDSS1,1,1
TTF2,PTPRK,1,1
TTF2,RAB17,1,1
TTF2,RBM28,1,1
TTF2,REPS1,1,1
TTF2,RHOJ,1,1
TTF2,RNF43,1,1
TTF2,RPN2,1,1
TTF2,RRP7BP,1,1
TTF2,RTCB,1,1
TTF2,RYBP,1,1
TTF2,SDF4,1,1
TTF2,SH3BP1,1,1
TTF2,SLC25A13,1,1
TTF2,SLC35F5,1,1
TTF2,SLC35F6,1,1
TTF2,SNX17,1,1
TTF2,SORL1,1,1
TTF2,SRM,1,1
TTF2,STK17B,1,1
TTF2,STRIP2,1,1
TTF2,SYNM,1,1
TTF2,SYPL1,1,1
TTF2,TBCA,1,1
TTF2,TIMM50,1,1
TTF2,TIMP3,1,1
TTF2,TMED9,1,1
TTF2,TMEM201,1,1
TTF2,TMEM242,1,1
TTF2,TMF1,1,1
TTF2,TRABD,1,1
TTF2,TRMU,1,1
TTF2,TXLNA,1,1
TTF2,UBE2J1,1,1
TTF2,VPS45,1,1
TTF2,WASL,1,1
TTF2,WDR47,1,1
TTF2,ZC3H11B,1,1
TTF2,ZC3HC1,1,1
TTF2,ZMYM1,1,1
TTF2,ZNF503,1,1
TTF2,ZNF839,1,1
MKRN3,ABCD1,1,1
MKRN3,ABHD12,1,1
MKRN3,ACAN,1,1
MKRN3,ACOT7,1,1
MKRN3,ADAMTS17,1,1
MKRN3,AGA,1,1
MKRN3,AL513523.1,1,1
MKRN3,ANKRD27,1,1
MKRN3,ANKRD30B,1,1
MKRN3,APOL1,1,1
MKRN3,ARHGEF35,1,1
MKRN3,ARL6IP5,1,1
MKRN3,ASRGL1,1,1
MKRN3,ATAD3B,1,1
MKRN3,ATP11A,1,1
MKRN3,ATP6V0D2,1,1
MKRN3,BICDL1,1,1
MKRN3,BIRC7,1,1
MKRN3,BMP8B,1,1
MKRN3,C2ORF69,1,1
MKRN3,CADPS,1,1
MKRN3,CAPG,1,1
MKRN3,CCNA1,1,1
MKRN3,CCNO,1,1
MKRN3,CHN2,1,1
MKRN3,CLDN14,1,1
MKRN3,CPTP,1,1
MKRN3,CSF2RA,1,1
MKRN3,DFFA,1,1
MKRN3,DPY19L2P2,1,1
MKRN3,DTX3L,1,1
MKRN3,EMILIN2,1,1
MKRN3,ENHO,1,1
MKRN3,ENTPD6,1,1
MKRN3,EXOSC10,1,1
MKRN3,FAAP20,1,1
MKRN3,FAM102B,1,1
MKRN3,FAM118A,1,1
MKRN3,FAM19A3,1,1
MKRN3,FANCI,1,1
MKRN3,FEZF1,1,1
MKRN3,FN1,1,1
MKRN3,FRG2DP,1,1
MKRN3,GCLM,1,1
MKRN3,GDAP2,1,1
MKRN3,GPHN,1,1
MKRN3,HENMT1,1,1
MKRN3,HERC2P5,1,1
MKRN3,HERC2P8,1,1
MKRN3,HSPA8P8,1,1
MKRN3,HSPA8P9,1,1
MKRN3,KCTD14,1,1
MKRN3,KIF7,1,1
MKRN3,LAMA1,1,1
MKRN3,LHX8,1,1
MKRN3,LIMK2,1,1
MKRN3,LONRF3,1,1
MKRN3,LPXN,1,1
MKRN3,LRRC47,1,1
MKRN3,LRRC61,1,1
MKRN3,LSR,1,1
MKRN3,LYPLA2,1,1
MKRN3,MCM3,1,1
MKRN3,MCTP1,1,1
MKRN3,MERTK,1,1
MKRN3,MFF,1,1
MKRN3,MGAM2,1,1
MKRN3,MORN1,1,1
MKRN3,MRFAP1,1,1
MKRN3,NAB1,1,1
MKRN3,NBPF8,1,1
MKRN3,NCAPH2,1,1
MKRN3,NEPRO,1,1
MKRN3,NPAS2,1,1
MKRN3,NT5DC3,1,1
MKRN3,PARK7,1,1
MKRN3,PEX14,1,1
MKRN3,PGAP2,1,1
MKRN3,PHGDH,1,1
MKRN3,PHTF1,1,1
MKRN3,PIK3R3,1,1
MKRN3,PIM3,1,1
MKRN3,PLCB4,1,1
MKRN3,PLEKHA7,1,1
MKRN3,POLE4,1,1
MKRN3,POLR2J,1,1
MKRN3,PRKG2,1,1
MKRN3,RBX1,1,1
MKRN3,RP11-159J3.1,1,1
MKRN3,RP11-327P2.7,1,1
MKRN3,RPH3A,1,1
MKRN3,RPL11,1,1
MKRN3,RPS6KA5,1,1
MKRN3,RTFDC1,1,1
MKRN3,RYBP,1,1
MKRN3,SCML4,1,1
MKRN3,SEC22B,1,1
MKRN3,SERGEF,1,1
MKRN3,SFI1,1,1
MKRN3,SLAMF7,1,1
MKRN3,SMG9,1,1
MKRN3,SNRNP25,1,1
MKRN3,SPP1,1,1
MKRN3,SPRR2D,1,1
MKRN3,SQRDL,1,1
MKRN3,SS18L1,1,1
MKRN3,STAT1,1,1
MKRN3,SYCP2,1,1
MKRN3,TBC1D4,1,1
MKRN3,TMC3,1,1
MKRN3,TMEM144,1,1
MKRN3,TMEM64,1,1
MKRN3,TMUB1,1,1
MKRN3,TP73,1,1
MKRN3,TRPV4,1,1
MKRN3,TTN,1,1
MKRN3,TUB,1,1
MKRN3,UBE2J1,1,1
MKRN3,VAPB,1,1
MKRN3,VAV3,1,1
MKRN3,VCX3B,1,1
MKRN3,ZDHHC11B,1,1
MKRN3,ZNF114,1,1
MKRN3,ZNF189,1,1
MKRN3,ZNF503,1,1
MKRN3,ZNF776,1,1
MKRN3,ZYG11A,1,1
FRG2DP,ABCD1,1,1
FRG2DP,ABHD12,1,1
FRG2DP,ACAN,1,1
FRG2DP,ACOT7,1,1
FRG2DP,ADAMTS17,1,1
FRG2DP,AKR7A2,1,1
FRG2DP,AL513523.1,1,1
FRG2DP,ANKRD30B,1,1
FRG2DP,APOL1,1,1
FRG2DP,ARHGEF35,1,1
FRG2DP,ARL6IP5,1,1
FRG2DP,ASRGL1,1,1
FRG2DP,ATP11A,1,1
FRG2DP,ATP6V0D2,1,1
FRG2DP,BICDL1,1,1
FRG2DP,BIRC7,1,1
FRG2DP,C2ORF69,1,1
FRG2DP,CADPS,1,1
FRG2DP,CAPG,1,1
FRG2DP,CARHSP1,1,1
FRG2DP,CCNA1,1,1
FRG2DP,CGN,1,1
FRG2DP,CHN2,1,1
FRG2DP,CHRNA7,1,1
FRG2DP,CSF2RA,1,1
FRG2DP,DDT,1,1
FRG2DP,DPY19L2P2,1,1
FRG2DP,DTX3L,1,1
FRG2DP,ECE1,1,1
FRG2DP,EIF5A2,1,1
FRG2DP,EMILIN2,1,1
FRG2DP,ENHO,1,1
FRG2DP,ENTPD6,1,1
FRG2DP,EXOSC10,1,1
FRG2DP,FAM102B,1,1
FRG2DP,FAM118A,1,1
FRG2DP,FAM19A3,1,1
FRG2DP,FEZF1,1,1
FRG2DP,FN1,1,1
FRG2DP,GDAP2,1,1
FRG2DP,GGH,1,1
FRG2DP,GPHN,1,1
FRG2DP,GPR157,1,1
FRG2DP,HERC2P5,1,1
FRG2DP,HERC2P8,1,1
FRG2DP,HEY1,1,1
FRG2DP,HSPA8P8,1,1
FRG2DP,HSPA8P9,1,1
FRG2DP,KCTD14,1,1
FRG2DP,LAMA1,1,1
FRG2DP,LHX8,1,1
FRG2DP,LONRF3,1,1
FRG2DP,LPXN,1,1
FRG2DP,LSR,1,1
FRG2DP,LYPLA2,1,1
FRG2DP,MAD2L2,1,1
FRG2DP,MCM3,1,1
FRG2DP,MCTP1,1,1
FRG2DP,MERTK,1,1
FRG2DP,MFF,1,1
FRG2DP,MGAM2,1,1
FRG2DP,MORN1,1,1
FRG2DP,MRFAP1,1,1
FRG2DP,NBPF8,1,1
FRG2DP,NEPRO,1,1
FRG2DP,NPAS2,1,1
FRG2DP,NRROS,1,1
FRG2DP,PARK7,1,1
FRG2DP,PDGFD,1,1
FRG2DP,PEX14,1,1
FRG2DP,PHF13,1,1
FRG2DP,PHGDH,1,1
FRG2DP,PHTF1,1,1
FRG2DP,PIK3R3,1,1
FRG2DP,POLR2J,1,1
FRG2DP,PRKG2,1,1
FRG2DP,RAB17,1,1
FRG2DP,RBM19,1,1
FRG2DP,RBX1,1,1
FRG2DP,RCN3,1,1
FRG2DP,RLBP1,1,1
FRG2DP,RPH3A,1,1
FRG2DP,RPL11,1,1
FRG2DP,RPS6KA5,1,1
FRG2DP,RYBP,1,1
FRG2DP,SAMM50,1,1
FRG2DP,SCML4,1,1
FRG2DP,SEC22B,1,1
FRG2DP,SERGEF,1,1
FRG2DP,SFI1,1,1
FRG2DP,SLC25A33,1,1
FRG2DP,SLC37A3,1,1
FRG2DP,SNRNP25,1,1
FRG2DP,SPP1,1,1
FRG2DP,SPRR2D,1,1
FRG2DP,SQRDL,1,1
FRG2DP,STAT1,1,1
FRG2DP,SYCP2,1,1
FRG2DP,TBC1D4,1,1
FRG2DP,TMC3,1,1
FRG2DP,TMEM144,1,1
FRG2DP,TMEM201,1,1
FRG2DP,TMEM64,1,1
FRG2DP,TMF1,1,1
FRG2DP,TMUB1,1,1
FRG2DP,TP73,1,1
FRG2DP,TRPA1,1,1
FRG2DP,TRPV4,1,1
FRG2DP,TTN,1,1
FRG2DP,TUB,1,1
FRG2DP,UBE2J1,1,1
FRG2DP,VAV3,1,1
FRG2DP,VCX3B,1,1
FRG2DP,ZC3H11B,1,1
FRG2DP,ZDHHC11B,1,1
FRG2DP,ZNF114,1,1
FRG2DP,ZNF503,1,1
FRG2DP,ZNF776,1,1
FRG2DP,ZYG11A,1,1
MRPL51,BAK1,1,1
MRPL51,CARD8,1,1
MRPL51,CREB3,1,1
MRPL51,DET1,1,1
MRPL51,MSI2,1,1
MRPL51,NAPB,1,1
MRPL51,PPM1K,1,1
MRPL51,STIM1,1,1
MRPL51,STXBP2,1,1
MRPL51,TLN1,1,1
MRPL51,TPRG1L,1,1
MRPL51,TTC21B,1,1
MARK3,AC013264.1,1,1
MARK3,AGAP3,1,1
MARK3,AGL,1,1
MARK3,AKR7A2,1,1
MARK3,ARPC1A,1,1
MARK3,ATF7IP,1,1
MARK3,ATP6V1C1,1,1
MARK3,ATP6V1F,1,1
MARK3,BLCAP,1,1
MARK3,C7ORF49,1,1
MARK3,CBX5,1,1
MARK3,CDC26,1,1
MARK3,CDC42,1,1
MARK3,CEP131,1,1
MARK3,EVA1A,1,1
MARK3,FAM20C,1,1
MARK3,FRMD4B,1,1
MARK3,GRAMD4,1,1
MARK3,GUCD1,1,1
MARK3,HOXC10,1,1
MARK3,HP1BP3,1,1
MARK3,HPS5,1,1
MARK3,IGF1R,1,1
MARK3,JAK2,1,1
MARK3,L3MBTL2,1,1
MARK3,LAMA1,1,1
MARK3,LAMTOR5,1,1
MARK3,LMF2,1,1
MARK3,LSM 8.00,1,1
MARK3,LZIC,1,1
MARK3,MAP9,1,1
MARK3,MAPK1,1,1
MARK3,MED15,1,1
MARK3,MESDC1,1,1
MARK3,METRNL,1,1
MARK3,MTOR,1,1
MARK3,NADK,1,1
MARK3,NT5DC1,1,1
MARK3,PEX10,1,1
MARK3,PITHD1,1,1
MARK3,PNKD,1,1
MARK3,POLG,1,1
MARK3,PQLC2,1,1
MARK3,PRDM2,1,1
MARK3,PSEN2,1,1
MARK3,RAB17,1,1
MARK3,RAB5A,1,1
MARK3,REPS1,1,1
MARK3,RRBP1,1,1
MARK3,SAMHD1,1,1
MARK3,SBF1,1,1
MARK3,SKI,1,1
MARK3,SLC23A2,1,1
MARK3,SLC37A3,1,1
MARK3,SPECC1,1,1
MARK3,ST7,1,1
MARK3,STXBP3,1,1
MARK3,SYNPO,1,1
MARK3,TCF12,1,1
MARK3,TCTN3,1,1
MARK3,TESK2,1,1
MARK3,TGFBR3,1,1
MARK3,TMEM51,1,1
MARK3,TRPA1,1,1
MARK3,TXLNA,1,1
MARK3,UBE2J1,1,1
MARK3,USP48,1,1
MARK3,VCP,1,1
MARK3,ZNF43,1,1
SYCP2,ABCD1,1,1
SYCP2,ABHD12,1,1
SYCP2,ACAN,1,1
SYCP2,ACOT7,1,1
SYCP2,ADAMTS17,1,1
SYCP2,AKR7A2,1,1
SYCP2,AL513523.1,1,1
SYCP2,ANKRD30B,1,1
SYCP2,ARHGEF35,1,1
SYCP2,ARPC1A,1,1
SYCP2,ASRGL1,1,1
SYCP2,ATAD3B,1,1
SYCP2,ATP11A,1,1
SYCP2,ATP6V0D2,1,1
SYCP2,BICDL1,1,1
SYCP2,BIRC7,1,1
SYCP2,BLCAP,1,1
SYCP2,CAPG,1,1
SYCP2,CARHSP1,1,1
SYCP2,CCNA1,1,1
SYCP2,CDC42,1,1
SYCP2,CDKN2B,1,1
SYCP2,CEACAM1,1,1
SYCP2,CHN2,1,1
SYCP2,CLDN14,1,1
SYCP2,CPTP,1,1
SYCP2,DDRGK1,1,1
SYCP2,DPY19L2P2,1,1
SYCP2,DTNBP1,1,1
SYCP2,EIF5A2,1,1
SYCP2,EMILIN2,1,1
SYCP2,ENHO,1,1
SYCP2,ENTPD6,1,1
SYCP2,EXOSC10,1,1
SYCP2,FAM102B,1,1
SYCP2,FAM118A,1,1
SYCP2,FAM19A3,1,1
SYCP2,FN1,1,1
SYCP2,FRMD4B,1,1
SYCP2,GPHN,1,1
SYCP2,GPR157,1,1
SYCP2,GRAMD4,1,1
SYCP2,HENMT1,1,1
SYCP2,HERC2P8,1,1
SYCP2,HMGXB3,1,1
SYCP2,HOOK1,1,1
SYCP2,HSPA8P8,1,1
SYCP2,HSPA8P9,1,1
SYCP2,IMMP2L,1,1
SYCP2,KCTD14,1,1
SYCP2,LAMA1,1,1
SYCP2,LHX8,1,1
SYCP2,LINS1,1,1
SYCP2,LMF2,1,1
SYCP2,LONRF3,1,1
SYCP2,LPXN,1,1
SYCP2,LRRC61,1,1
SYCP2,MAPK1,1,1
SYCP2,MED15,1,1
SYCP2,MESDC1,1,1
SYCP2,MFF,1,1
SYCP2,MGAM2,1,1
SYCP2,MLXIP,1,1
SYCP2,MORN1,1,1
SYCP2,MRFAP1,1,1
SYCP2,MTOR,1,1
SYCP2,MUL1,1,1
SYCP2,NBPF8,1,1
SYCP2,NRROS,1,1
SYCP2,PARK7,1,1
SYCP2,PDE4B,1,1
SYCP2,PEX10,1,1
SYCP2,PEX14,1,1
SYCP2,PHGDH,1,1
SYCP2,PIK3R3,1,1
SYCP2,PLEKHA7,1,1
SYCP2,PNKD,1,1
SYCP2,POLG,1,1
SYCP2,POMGNT1,1,1
SYCP2,PQLC2,1,1
SYCP2,PRKG2,1,1
SYCP2,RAB17,1,1
SYCP2,RBM19,1,1
SYCP2,RBX1,1,1
SYCP2,RCN3,1,1
SYCP2,RP11-159J3.1,1,1
SYCP2,RP11-327P2.7,1,1
SYCP2,RPH3A,1,1
SYCP2,RPL11,1,1
SYCP2,RPS6KA5,1,1
SYCP2,RYBP,1,1
SYCP2,SAMM50,1,1
SYCP2,SBF1,1,1
SYCP2,SCML4,1,1
SYCP2,SEC22B,1,1
SYCP2,SFI1,1,1
SYCP2,SLC25A33,1,1
SYCP2,SLC37A3,1,1
SYCP2,SPRY1,1,1
SYCP2,SRGAP2C,1,1
SYCP2,SS18L1,1,1
SYCP2,STAT1,1,1
SYCP2,STK39,1,1
SYCP2,TANGO6,1,1
SYCP2,TBC1D4,1,1
SYCP2,TGFBR3,1,1
SYCP2,TMC3,1,1
SYCP2,TMEM201,1,1
SYCP2,TMEM51,1,1
SYCP2,TMEM64,1,1
SYCP2,TMUB1,1,1
SYCP2,TP73,1,1
SYCP2,TRPA1,1,1
SYCP2,TUB,1,1
SYCP2,TXN2,1,1
SYCP2,UBE2J1,1,1
SYCP2,VAV3,1,1
SYCP2,VCX3B,1,1
SYCP2,WDR47,1,1
SYCP2,ZDHHC11B,1,1
SYCP2,ZNF114,1,1
SYCP2,ZNF43,1,1
SYCP2,ZNF503,1,1
SYCP2,ZNF776,1,1
SYCP2,ZNF789,1,1
SYCP2,ZYG11A,1,1
EXTL3,ADAMTS17,1,1
EXTL3,AK6,1,1
EXTL3,ALDH1B1,1,1
EXTL3,ANAPC7,1,1
EXTL3,APITD1,1,1
EXTL3,ATAD3B,1,1
EXTL3,B3GALT6,1,1
EXTL3,BAIAP2L2,1,1
EXTL3,C2ORF69,1,1
EXTL3,CADPS,1,1
EXTL3,CSDE1,1,1
EXTL3,DDOST,1,1
EXTL3,ECE1,1,1
EXTL3,EIF5A2,1,1
EXTL3,EYA4,1,1
EXTL3,FAM118A,1,1
EXTL3,FAM19A3,1,1
EXTL3,FN1,1,1
EXTL3,FOXRED2,1,1
EXTL3,GNB1L,1,1
EXTL3,GPHN,1,1
EXTL3,GPR157,1,1
EXTL3,GXYLT1,1,1
EXTL3,HEY1,1,1
EXTL3,HOXD4,1,1
EXTL3,KDM5A,1,1
EXTL3,KIAA2013,1,1
EXTL3,LPXN,1,1
EXTL3,LSR,1,1
EXTL3,MAD2L2,1,1
EXTL3,MCM3,1,1
EXTL3,MGAM2,1,1
EXTL3,MLH3,1,1
EXTL3,MRFAP1,1,1
EXTL3,MTFP1,1,1
EXTL3,NPAS2,1,1
EXTL3,NRROS,1,1
EXTL3,NUP50,1,1
EXTL3,ORC5,1,1
EXTL3,PARK7,1,1
EXTL3,PYGB,1,1
EXTL3,RBM19,1,1
EXTL3,RBSN,1,1
EXTL3,RFX7,1,1
EXTL3,RLBP1,1,1
EXTL3,RRP7BP,1,1
EXTL3,RTCB,1,1
EXTL3,RYBP,1,1
EXTL3,SEPT8,1,1
EXTL3,SLC16A1,1,1
EXTL3,SLC25A33,1,1
EXTL3,SLC35F6,1,1
EXTL3,SNRNP25,1,1
EXTL3,SRM,1,1
EXTL3,STK17B,1,1
EXTL3,TIMM50,1,1
EXTL3,TMED9,1,1
EXTL3,TMEM201,1,1
EXTL3,TMEM64,1,1
EXTL3,TRABD,1,1
EXTL3,TRMU,1,1
EXTL3,TRPV4,1,1
EXTL3,WDR77,1,1
EXTL3,ZC3H11B,1,1
EXTL3,ZNF776,1,1
ALG3,AIG1,1,1
ALG3,AK2,1,1
ALG3,ALDH1B1,1,1
ALG3,ARL 3.00,1,1
ALG3,ARMC10,1,1
ALG3,ASCC2,1,1
ALG3,ASUN,1,1
ALG3,B3GALT6,1,1
ALG3,C5ORF34,1,1
ALG3,C7ORF50,1,1
ALG3,CANX,1,1
ALG3,CASP8,1,1
ALG3,CMAS,1,1
ALG3,EMC1,1,1
ALG3,ENO1,1,1
ALG3,EYA1,1,1
ALG3,EYA4,1,1
ALG3,FAM86DP,1,1
ALG3,FOXN2,1,1
ALG3,FZD6,1,1
ALG3,GLDC,1,1
ALG3,IGF2BP3,1,1
ALG3,IGHVII-30-43,1,1
ALG3,KIRREL,1,1
ALG3,LRP12,1,1
ALG3,METAP1D,1,1
ALG3,NCKAP1,1,1
ALG3,NUDC,1,1
ALG3,NUP43,1,1
ALG3,PABPC4,1,1
ALG3,PDXP,1,1
ALG3,PHF2,1,1
ALG3,PRKCZ,1,1
ALG3,PSMA5,1,1
ALG3,PXDN,1,1
ALG3,RAP1A,1,1
ALG3,RBSN,1,1
ALG3,RPN2,1,1
ALG3,RRP7BP,1,1
ALG3,SLC16A1,1,1
ALG3,SLC35F6,1,1
ALG3,SLC5A6,1,1
ALG3,SMARCE1,1,1
ALG3,SORL1,1,1
ALG3,SYNM,1,1
ALG3,SYPL1,1,1
ALG3,TBCA,1,1
ALG3,TEAD2,1,1
ALG3,TIMP3,1,1
ALG3,TMED9,1,1
ALG3,TMEM38B,1,1
ALG3,TRABD,1,1
ALG3,UFD1L,1,1
WDR91,AC009133.22,1,1
WDR91,AK5,1,1
WDR91,ATP7B,1,1
WDR91,CCDC115,1,1
WDR91,CDK5R1,1,1
WDR91,CLSTN1,1,1
WDR91,CTSZ,1,1
WDR91,DET1,1,1
WDR91,EVA1A,1,1
WDR91,GNB1,1,1
WDR91,GSTO1,1,1
WDR91,HERC5,1,1
WDR91,HP1BP3,1,1
WDR91,MAP9,1,1
WDR91,MCOLN3,1,1
WDR91,MLF 2.00,1,1
WDR91,MRPL58,1,1
WDR91,MSI2,1,1
WDR91,MVB12B,1,1
WDR91,NAGA,1,1
WDR91,OR2A20P,1,1
WDR91,PRDM2,1,1
WDR91,PRRG1,1,1
WDR91,PYCARD,1,1
WDR91,RBBP4,1,1
WDR91,RHOQ,1,1
WDR91,RMND1,1,1
WDR91,SCUBE2,1,1
WDR91,SIRPA,1,1
WDR91,SOX13,1,1
WDR91,STXBP2,1,1
WDR91,TGFBR1,1,1
WDR91,TP73-AS1,1,1
WDR91,ZNF706,1,1
MELK,CDC7,1,1
MELK,CENPI,1,1
MELK,GTSE1,1,1
STK39,ABCD1,1,1
STK39,AKR7A2,1,1
STK39,ARPC1A,1,1
STK39,ATP6V1C1,1,1
STK39,BLCAP,1,1
STK39,C7ORF49,1,1
STK39,CDC42,1,1
STK39,CINP,1,1
STK39,EARS2,1,1
STK39,FRMD4B,1,1
STK39,GRAMD4,1,1
STK39,HTRA1,1,1
STK39,IGF1R,1,1
STK39,JAK2,1,1
STK39,KCTD14,1,1
STK39,LAMA1,1,1
STK39,LAMP2,1,1
STK39,LAMTOR5,1,1
STK39,LMF2,1,1
STK39,LZIC,1,1
STK39,MAPK1,1,1
STK39,MUL1,1,1
STK39,NADK,1,1
STK39,NBPF8,1,1
STK39,PEX10,1,1
STK39,PHGDH,1,1
STK39,PNKD,1,1
STK39,POLG,1,1
STK39,POMGNT1,1,1
STK39,PQLC2,1,1
STK39,PSEN2,1,1
STK39,RAB17,1,1
STK39,RRBP1,1,1
STK39,SAMHD1,1,1
STK39,SBF1,1,1
STK39,SFI1,1,1
STK39,SGCE,1,1
STK39,SKI,1,1
STK39,SLC37A3,1,1
STK39,SPRY1,1,1
STK39,STXBP3,1,1
STK39,TCTN3,1,1
STK39,TESK2,1,1
STK39,TGFBR3,1,1
STK39,TMEM51,1,1
STK39,TRPA1,1,1
STK39,USP48,1,1
STK39,VCP,1,1
IGHVII-30-43,AK2,1,1
IGHVII-30-43,ALDH1B1,1,1
IGHVII-30-43,ARHGEF39,1,1
IGHVII-30-43,ARL 3.00,1,1
IGHVII-30-43,ATXN7L3B,1,1
IGHVII-30-43,B3GALT6,1,1
IGHVII-30-43,BCAS3,1,1
IGHVII-30-43,C11ORF57,1,1
IGHVII-30-43,C1ORF112,1,1
IGHVII-30-43,C1ORF159,1,1
IGHVII-30-43,CARD14,1,1
IGHVII-30-43,CASP8,1,1
IGHVII-30-43,CEP41,1,1
IGHVII-30-43,CHEK2,1,1
IGHVII-30-43,DDOST,1,1
IGHVII-30-43,EMC1,1,1
IGHVII-30-43,ENO1,1,1
IGHVII-30-43,EYA4,1,1
IGHVII-30-43,FOXRED2,1,1
IGHVII-30-43,FZD6,1,1
IGHVII-30-43,GDPD1,1,1
IGHVII-30-43,GFPT1,1,1
IGHVII-30-43,HEY1,1,1
IGHVII-30-43,IGF2BP3,1,1
IGHVII-30-43,ITGAV,1,1
IGHVII-30-43,KDELC1,1,1
IGHVII-30-43,KIAA2013,1,1
IGHVII-30-43,LRP12,1,1
IGHVII-30-43,METAP1D,1,1
IGHVII-30-43,MLH3,1,1
IGHVII-30-43,MOV10,1,1
IGHVII-30-43,MRPS5,1,1
IGHVII-30-43,MSL3P1,1,1
IGHVII-30-43,NSMCE3,1,1
IGHVII-30-43,NUDCD3,1,1
IGHVII-30-43,NUP43,1,1
IGHVII-30-43,PANX2,1,1
IGHVII-30-43,PARP9,1,1
IGHVII-30-43,PPFIBP1,1,1
IGHVII-30-43,PRKCZ,1,1
IGHVII-30-43,PSMA5,1,1
IGHVII-30-43,PXDN,1,1
IGHVII-30-43,RAP1A,1,1
IGHVII-30-43,RBSN,1,1
IGHVII-30-43,RLBP1,1,1
IGHVII-30-43,RNF207,1,1
IGHVII-30-43,RNF43,1,1
IGHVII-30-43,RPN2,1,1
IGHVII-30-43,RRP7BP,1,1
IGHVII-30-43,SDF4,1,1
IGHVII-30-43,SLC16A1,1,1
IGHVII-30-43,SLC25A13,1,1
IGHVII-30-43,SLC35F6,1,1
IGHVII-30-43,SLC5A6,1,1
IGHVII-30-43,SMARCE1,1,1
IGHVII-30-43,SNX17,1,1
IGHVII-30-43,SORL1,1,1
IGHVII-30-43,STK17B,1,1
IGHVII-30-43,STRIP2,1,1
IGHVII-30-43,SYNM,1,1
IGHVII-30-43,SYPL1,1,1
IGHVII-30-43,TBCA,1,1
IGHVII-30-43,TEAD2,1,1
IGHVII-30-43,TIMM50,1,1
IGHVII-30-43,TIMP3,1,1
IGHVII-30-43,TMED9,1,1
IGHVII-30-43,TMEM242,1,1
IGHVII-30-43,TRABD,1,1
IGHVII-30-43,UFD1L,1,1
IGHVII-30-43,VPS45,1,1
IGHVII-30-43,WASL,1,1
IGHVII-30-43,ZC3H11B,1,1
IGHVII-30-43,ZMYM1,1,1
IGHVII-30-43,ZNF839,1,1
CCNA1,ABCD1,1,1
CCNA1,ABHD12,1,1
CCNA1,ACAN,1,1
CCNA1,ACOT7,1,1
CCNA1,ADAMTS17,1,1
CCNA1,AGA,1,1
CCNA1,AL513523.1,1,1
CCNA1,ANKRD27,1,1
CCNA1,ANKRD30B,1,1
CCNA1,AP5S1,1,1
CCNA1,APOL1,1,1
CCNA1,ARHGEF35,1,1
CCNA1,ASRGL1,1,1
CCNA1,ATAD3B,1,1
CCNA1,ATP11A,1,1
CCNA1,ATP6V0D2,1,1
CCNA1,BICDL1,1,1
CCNA1,BIRC7,1,1
CCNA1,BMP8B,1,1
CCNA1,C2ORF69,1,1
CCNA1,CADPS,1,1
CCNA1,CAPG,1,1
CCNA1,CARHSP1,1,1
CCNA1,CD36,1,1
CCNA1,CEACAM1,1,1
CCNA1,CHN2,1,1
CCNA1,CLDN14,1,1
CCNA1,CPTP,1,1
CCNA1,CRKL,1,1
CCNA1,CSF2RA,1,1
CCNA1,DDRGK1,1,1
CCNA1,DFFA,1,1
CCNA1,DPY19L2P2,1,1
CCNA1,DTX3L,1,1
CCNA1,ECHDC1,1,1
CCNA1,EMILIN2,1,1
CCNA1,ENHO,1,1
CCNA1,ENTPD6,1,1
CCNA1,EXOSC10,1,1
CCNA1,FAAP20,1,1
CCNA1,FAM102B,1,1
CCNA1,FAM118A,1,1
CCNA1,FAM19A3,1,1
CCNA1,FANCI,1,1
CCNA1,FEZF1,1,1
CCNA1,FN1,1,1
CCNA1,GCLM,1,1
CCNA1,GDAP2,1,1
CCNA1,HENMT1,1,1
CCNA1,HERC2P5,1,1
CCNA1,HERC2P8,1,1
CCNA1,HOOK1,1,1
CCNA1,HSPA8P8,1,1
CCNA1,HSPA8P9,1,1
CCNA1,KCTD14,1,1
CCNA1,KIF1B,1,1
CCNA1,KIF7,1,1
CCNA1,KLHL21,1,1
CCNA1,LAMA1,1,1
CCNA1,LHX8,1,1
CCNA1,LIMK2,1,1
CCNA1,LINS1,1,1
CCNA1,LONRF3,1,1
CCNA1,LPXN,1,1
CCNA1,LRRC47,1,1
CCNA1,LRRC61,1,1
CCNA1,LSR,1,1
CCNA1,LYPLA2,1,1
CCNA1,MAD2L2,1,1
CCNA1,MCM3,1,1
CCNA1,MCTP1,1,1
CCNA1,MERTK,1,1
CCNA1,MGAM2,1,1
CCNA1,MORN1,1,1
CCNA1,MRFAP1,1,1
CCNA1,MTERF1,1,1
CCNA1,MTFP1,1,1
CCNA1,NBPF8,1,1
CCNA1,NCAPH2,1,1
CCNA1,NDUFS1,1,1
CCNA1,NPAS2,1,1
CCNA1,NRROS,1,1
CCNA1,NT5DC3,1,1
CCNA1,PARK7,1,1
CCNA1,PEX14,1,1
CCNA1,PHGDH,1,1
CCNA1,PIK3R3,1,1
CCNA1,PIM3,1,1
CCNA1,PLEKHA7,1,1
CCNA1,POLE4,1,1
CCNA1,POLR2J,1,1
CCNA1,PRKG2,1,1
CCNA1,PYGB,1,1
CCNA1,RBM19,1,1
CCNA1,RBX1,1,1
CCNA1,RP11-159J3.1,1,1
CCNA1,RP11-327P2.7,1,1
CCNA1,RPA2,1,1
CCNA1,RPH3A,1,1
CCNA1,RPL11,1,1
CCNA1,RPS6KA5,1,1
CCNA1,RTFDC1,1,1
CCNA1,RYBP,1,1
CCNA1,SAMM50,1,1
CCNA1,SCML4,1,1
CCNA1,SEC22B,1,1
CCNA1,SERGEF,1,1
CCNA1,SLAMF7,1,1
CCNA1,SLC25A33,1,1
CCNA1,SMARCB1,1,1
CCNA1,SMG9,1,1
CCNA1,SNRNP25,1,1
CCNA1,SQRDL,1,1
CCNA1,SRM,1,1
CCNA1,SS18L1,1,1
CCNA1,STAT1,1,1
CCNA1,TBC1D4,1,1
CCNA1,TMC3,1,1
CCNA1,TMEM144,1,1
CCNA1,TMEM201,1,1
CCNA1,TMEM64,1,1
CCNA1,TMUB1,1,1
CCNA1,TP73,1,1
CCNA1,TRPA1,1,1
CCNA1,TRPV4,1,1
CCNA1,TSN,1,1
CCNA1,TTN,1,1
CCNA1,TUB,1,1
CCNA1,UBE2J1,1,1
CCNA1,VAPB,1,1
CCNA1,VAV3,1,1
CCNA1,VCX3B,1,1
CCNA1,ZDHHC11B,1,1
CCNA1,ZNF114,1,1
CCNA1,ZNF189,1,1
CCNA1,ZNF503,1,1
CCNA1,ZNHIT3,1,1
CCNA1,ZYG11A,1,1
ABCD1,ABHD12,1,1
ABCD1,AC013264.1,1,1
ABCD1,ACAN,1,1
ABCD1,ACOT7,1,1
ABCD1,ADAMTS17,1,1
ABCD1,AKR7A2,1,1
ABCD1,AL513523.1,1,1
ABCD1,ANKRD30B,1,1
ABCD1,ARHGEF35,1,1
ABCD1,ARHGEF5,1,1
ABCD1,ARL6IP5,1,1
ABCD1,ARPC1A,1,1
ABCD1,ASRGL1,1,1
ABCD1,ATAD3B,1,1
ABCD1,ATP11A,1,1
ABCD1,ATP6V0D2,1,1
ABCD1,ATP6V1C1,1,1
ABCD1,ATRN,1,1
ABCD1,BICDL1,1,1
ABCD1,BIRC7,1,1
ABCD1,BLCAP,1,1
ABCD1,CAPG,1,1
ABCD1,CARHSP1,1,1
ABCD1,CCDC36,1,1
ABCD1,CD36,1,1
ABCD1,CD40,1,1
ABCD1,CDC42,1,1
ABCD1,CDKN2B,1,1
ABCD1,CEACAM1,1,1
ABCD1,CHN2,1,1
ABCD1,CLDN14,1,1
ABCD1,CPTP,1,1
ABCD1,CSF2RA,1,1
ABCD1,DDRGK1,1,1
ABCD1,DPY19L2P2,1,1
ABCD1,DTNBP1,1,1
ABCD1,DTX3L,1,1
ABCD1,EIF5A2,1,1
ABCD1,EMILIN2,1,1
ABCD1,ENHO,1,1
ABCD1,ENTPD6,1,1
ABCD1,EXOSC10,1,1
ABCD1,FAM102B,1,1
ABCD1,FAM118A,1,1
ABCD1,FAM19A3,1,1
ABCD1,FEZF1,1,1
ABCD1,FN1,1,1
ABCD1,FRMD4B,1,1
ABCD1,GCLM,1,1
ABCD1,GDAP2,1,1
ABCD1,GPR157,1,1
ABCD1,GRAMD4,1,1
ABCD1,HENMT1,1,1
ABCD1,HERC2P5,1,1
ABCD1,HERC2P8,1,1
ABCD1,HMGXB3,1,1
ABCD1,HMOX1,1,1
ABCD1,HOOK1,1,1
ABCD1,HSPA8P8,1,1
ABCD1,HSPA8P9,1,1
ABCD1,ICMT,1,1
ABCD1,IMMP2L,1,1
ABCD1,JAK2,1,1
ABCD1,KCTD14,1,1
ABCD1,KIF1B,1,1
ABCD1,LAMA1,1,1
ABCD1,LAMP2,1,1
ABCD1,LDLRAD3,1,1
ABCD1,LHX8,1,1
ABCD1,LIMK2,1,1
ABCD1,LINS1,1,1
ABCD1,LMF2,1,1
ABCD1,LONRF3,1,1
ABCD1,LPXN,1,1
ABCD1,LRRC61,1,1
ABCD1,LZIC,1,1
ABCD1,MAPK1,1,1
ABCD1,MED15,1,1
ABCD1,MERTK,1,1
ABCD1,MESDC1,1,1
ABCD1,MFF,1,1
ABCD1,MGAM2,1,1
ABCD1,MLXIP,1,1
ABCD1,MORN1,1,1
ABCD1,MRFAP1,1,1
ABCD1,MTOR,1,1
ABCD1,MUL1,1,1
ABCD1,NBPF8,1,1
ABCD1,NRROS,1,1
ABCD1,PARK7,1,1
ABCD1,PDE4B,1,1
ABCD1,PEX10,1,1
ABCD1,PEX14,1,1
ABCD1,PEX26,1,1
ABCD1,PHGDH,1,1
ABCD1,PHTF1,1,1
ABCD1,PIK3R3,1,1
ABCD1,PLEKHA7,1,1
ABCD1,PNKD,1,1
ABCD1,POLG,1,1
ABCD1,POMGNT1,1,1
ABCD1,PQLC2,1,1
ABCD1,PRKG2,1,1
ABCD1,RAB17,1,1
ABCD1,RBM19,1,1
ABCD1,RBX1,1,1
ABCD1,RCN3,1,1
ABCD1,RGS1,1,1
ABCD1,RP11-159J3.1,1,1
ABCD1,RP11-327P2.7,1,1
ABCD1,RPH3A,1,1
ABCD1,RPL11,1,1
ABCD1,RPS6KA5,1,1
ABCD1,RYBP,1,1
ABCD1,SAMM50,1,1
ABCD1,SBF1,1,1
ABCD1,SCML4,1,1
ABCD1,SEC22B,1,1
ABCD1,SERGEF,1,1
ABCD1,SFI1,1,1
ABCD1,SLAMF7,1,1
ABCD1,SLC25A33,1,1
ABCD1,SLC37A3,1,1
ABCD1,SQRDL,1,1
ABCD1,SRGAP2C,1,1
ABCD1,SS18L1,1,1
ABCD1,STAT1,1,1
ABCD1,TBC1D4,1,1
ABCD1,TESK2,1,1
ABCD1,TGFBR3,1,1
ABCD1,TMC3,1,1
ABCD1,TMEM201,1,1
ABCD1,TMEM51,1,1
ABCD1,TMEM64,1,1
ABCD1,TMUB1,1,1
ABCD1,TP73,1,1
ABCD1,TRPA1,1,1
ABCD1,TTN,1,1
ABCD1,TUB,1,1
ABCD1,TXN2,1,1
ABCD1,UBE2J1,1,1
ABCD1,VAPB,1,1
ABCD1,VAV3,1,1
ABCD1,VCX3B,1,1
ABCD1,WDR47,1,1
ABCD1,ZDHHC11B,1,1
ABCD1,ZNF114,1,1
ABCD1,ZNF43,1,1
ABCD1,ZNF503,1,1
ABCD1,ZYG11A,1,1
KIF16B,AC013264.1,1,1
KIF16B,ARPC1A,1,1
KIF16B,ATP6V1C1,1,1
KIF16B,ATP6V1F,1,1
KIF16B,DDI2,1,1
KIF16B,EPM2AIP1,1,1
KIF16B,HPS5,1,1
KIF16B,LZIC,1,1
KIF16B,MTA1,1,1
KIF16B,NT5DC1,1,1
KIF16B,RRBP1,1,1
KIF16B,SGCE,1,1
KIF16B,SLC23A2,1,1
KIF16B,ST7,1,1
KIF16B,TRPV2,1,1
KIF16B,USP48,1,1
KIF16B,VCP,1,1
YWHAH,ANKLE2,1,1
YWHAH,DBNL,1,1
YWHAH,FANCG,1,1
YWHAH,MID1IP1,1,1
YWHAH,RBFA,1,1
YWHAH,SLC25A4,1,1
YWHAH,UBE2L3,1,1
YWHAH,ZNF644,1,1
NQO2,CRY2,1,1
NQO2,RP11-544M22.13,1,1
NQO2,SLC46A1,1,1
NQO2,SLC9A8,1,1
HOOK1,ABHD12,1,1
HOOK1,ACAN,1,1
HOOK1,ANKRD30B,1,1
HOOK1,ARHGEF35,1,1
HOOK1,ASRGL1,1,1
HOOK1,ATAD3B,1,1
HOOK1,BICDL1,1,1
HOOK1,BIRC7,1,1
HOOK1,CCDC36,1,1
HOOK1,CD40,1,1
HOOK1,CEACAM1,1,1
HOOK1,CPTP,1,1
HOOK1,DDRGK1,1,1
HOOK1,DPY19L2P2,1,1
HOOK1,EMILIN2,1,1
HOOK1,ENTPD6,1,1
HOOK1,EXOSC10,1,1
HOOK1,FAM102B,1,1
HOOK1,FAM118A,1,1
HOOK1,GDAP2,1,1
HOOK1,HENMT1,1,1
HOOK1,HERC2P8,1,1
HOOK1,HSPA8P8,1,1
HOOK1,HSPA8P9,1,1
HOOK1,KCTD14,1,1
HOOK1,KLHL21,1,1
HOOK1,LHX8,1,1
HOOK1,LIMK2,1,1
HOOK1,LINS1,1,1
HOOK1,LONRF3,1,1
HOOK1,LRRC61,1,1
HOOK1,MGAM2,1,1
HOOK1,NAV2,1,1
HOOK1,PHGDH,1,1
HOOK1,PIK3R3,1,1
HOOK1,PLEKHA7,1,1
HOOK1,PRKG2,1,1
HOOK1,RP11-327P2.7,1,1
HOOK1,RPS6KA5,1,1
HOOK1,RTCA,1,1
HOOK1,RTFDC1,1,1
HOOK1,SAMM50,1,1
HOOK1,SCML4,1,1
HOOK1,SEC22B,1,1
HOOK1,SLAMF7,1,1
HOOK1,SS18L1,1,1
HOOK1,STAT1,1,1
HOOK1,TMC3,1,1
HOOK1,TMEM64,1,1
HOOK1,TP73,1,1
HOOK1,TRPA1,1,1
HOOK1,TUB,1,1
HOOK1,ZDHHC11B,1,1
HOOK1,ZNF114,1,1
HOOK1,ZYG11A,1,1
RHPN2,ALDH1B1,1,1
RHPN2,ARL 3.00,1,1
RHPN2,ARMC10,1,1
RHPN2,ASCC2,1,1
RHPN2,C7ORF50,1,1
RHPN2,CASP8,1,1
RHPN2,CENPM,1,1
RHPN2,CHCHD2,1,1
RHPN2,CMAS,1,1
RHPN2,EIF3D,1,1
RHPN2,ELOVL5,1,1
RHPN2,EMC1,1,1
RHPN2,ENO1,1,1
RHPN2,FAM91A1,1,1
RHPN2,FOXN2,1,1
RHPN2,FZD6,1,1
RHPN2,GTPBP10,1,1
RHPN2,IGF2BP3,1,1
RHPN2,KLHDC3,1,1
RHPN2,LRP12,1,1
RHPN2,LRRC37A2,1,1
RHPN2,LRWD1,1,1
RHPN2,METAP1D,1,1
RHPN2,MLLT6,1,1
RHPN2,MRFAP1L1,1,1
RHPN2,NCKAP1,1,1
RHPN2,NIPAL3,1,1
RHPN2,NUDC,1,1
RHPN2,PHF2,1,1
RHPN2,PSMA5,1,1
RHPN2,RAP1A,1,1
RHPN2,RPN2,1,1
RHPN2,SLC16A1,1,1
RHPN2,SLC35E3,1,1
RHPN2,SLC5A6,1,1
RHPN2,TBRG1,1,1
RHPN2,TMEM38B,1,1
RHPN2,TRIP12,1,1
RHPN2,UFD1L,1,1
UQCC2,CASP8,1,1
UQCC2,EMC1,1,1
UQCC2,FZD6,1,1
UQCC2,KIRREL,1,1
UQCC2,MMS19,1,1
UQCC2,SUCO,1,1
UQCC2,TNRC6B,1,1
SYNPO,AGAP3,1,1
SYNPO,ATP6V1F,1,1
SYNPO,C9ORF69,1,1
SYNPO,CBX5,1,1
SYNPO,CDC26,1,1
SYNPO,CEP131,1,1
SYNPO,DERA,1,1
SYNPO,EPM2AIP1,1,1
SYNPO,HOXC10,1,1
SYNPO,HPS5,1,1
SYNPO,MAP9,1,1
SYNPO,MESDC1,1,1
SYNPO,METRNL,1,1
SYNPO,MTA1,1,1
SYNPO,NADK,1,1
SYNPO,TCF12,1,1
SYNPO,TCTN3,1,1
SYNPO,USP48,1,1
EPM2AIP1,AGAP3,1,1
EPM2AIP1,ARPC1A,1,1
EPM2AIP1,ATP6V1F,1,1
EPM2AIP1,FRMD4B,1,1
EPM2AIP1,GALNS,1,1
EPM2AIP1,HPS5,1,1
EPM2AIP1,IGF1R,1,1
EPM2AIP1,JAK2,1,1
EPM2AIP1,LAMTOR5,1,1
EPM2AIP1,NADK,1,1
EPM2AIP1,NT5DC1,1,1
EPM2AIP1,PEX10,1,1
EPM2AIP1,POMGNT1,1,1
EPM2AIP1,PSEN2,1,1
EPM2AIP1,RRBP1,1,1
EPM2AIP1,SGCE,1,1
EPM2AIP1,SLC23A2,1,1
EPM2AIP1,SPSB1,1,1
EPM2AIP1,ST7,1,1
EPM2AIP1,STXBP3,1,1
EPM2AIP1,TCTN3,1,1
EPM2AIP1,TESK2,1,1
EPM2AIP1,TMEM51,1,1
EPM2AIP1,TRIM14,1,1
EPM2AIP1,TRPV2,1,1
EPM2AIP1,USP48,1,1
EPM2AIP1,VCP,1,1
EPM2AIP1,ZNF814,1,1
TCF12,AGL,1,1
TCF12,C9ORF69,1,1
TCF12,CBX5,1,1
TCF12,CHMP4A,1,1
TCF12,DERA,1,1
TCF12,MAP9,1,1
TCF12,MED15,1,1
TCF12,MESDC1,1,1
TCF12,MPP1,1,1
TCF12,NADK,1,1
TCF12,SPECC1,1,1
TCF12,SPSB1,1,1
TCF12,TCTN3,1,1
TCF12,USP48,1,1
TCF12,ZBTB11,1,1
ARHGEF5,AC013264.1,1,1
ARHGEF5,AKAP9,1,1
ARHGEF5,ANKRD30B,1,1
ARHGEF5,AP5S1,1,1
ARHGEF5,ARHGAP39,1,1
ARHGEF5,ARHGEF35,1,1
ARHGEF5,ASRGL1,1,1
ARHGEF5,ATRN,1,1
ARHGEF5,BIRC7,1,1
ARHGEF5,CA8,1,1
ARHGEF5,CCDC115,1,1
ARHGEF5,CCDC36,1,1
ARHGEF5,CD40,1,1
ARHGEF5,CDK5R1,1,1
ARHGEF5,CDKN2B,1,1
ARHGEF5,CEACAM1,1,1
ARHGEF5,COMMD9,1,1
ARHGEF5,CRY2,1,1
ARHGEF5,CTD-3214H19.4,1,1
ARHGEF5,DDRGK1,1,1
ARHGEF5,DDX60L,1,1
ARHGEF5,DPY19L2P2,1,1
ARHGEF5,DTNBP1,1,1
ARHGEF5,EIF5AL1,1,1
ARHGEF5,EMILIN2,1,1
ARHGEF5,ENTPD6,1,1
ARHGEF5,FAM102B,1,1
ARHGEF5,FAM189B,1,1
ARHGEF5,FGFR1OP2,1,1
ARHGEF5,GNB1,1,1
ARHGEF5,GRAMD4,1,1
ARHGEF5,GSTO1,1,1
ARHGEF5,GTF2H1,1,1
ARHGEF5,GUCD1,1,1
ARHGEF5,HENMT1,1,1
ARHGEF5,HLA-F,1,1
ARHGEF5,HP1BP3,1,1
ARHGEF5,HSPA8P8,1,1
ARHGEF5,HSPA8P9,1,1
ARHGEF5,ICMT,1,1
ARHGEF5,KCTD14,1,1
ARHGEF5,KIAA1033,1,1
ARHGEF5,LDLRAD3,1,1
ARHGEF5,LINS1,1,1
ARHGEF5,LONRF3,1,1
ARHGEF5,LRRC61,1,1
ARHGEF5,LSM 8.00,1,1
ARHGEF5,MCOLN3,1,1
ARHGEF5,MME,1,1
ARHGEF5,MYB,1,1
ARHGEF5,NAV2,1,1
ARHGEF5,PDE4B,1,1
ARHGEF5,PHGDH,1,1
ARHGEF5,PITHD1,1,1
ARHGEF5,PRDM2,1,1
ARHGEF5,PYCARD,1,1
ARHGEF5,RAB11FIP4,1,1
ARHGEF5,RBBP4,1,1
ARHGEF5,RGS1,1,1
ARHGEF5,RHOQ,1,1
ARHGEF5,RP11-159J3.1,1,1
ARHGEF5,RP11-327P2.7,1,1
ARHGEF5,RPS6KA5,1,1
ARHGEF5,SBF1,1,1
ARHGEF5,SIRPA,1,1
ARHGEF5,SKI,1,1
ARHGEF5,SLC37A3,1,1
ARHGEF5,SLC44A3,1,1
ARHGEF5,SNX8,1,1
ARHGEF5,SPON2,1,1
ARHGEF5,SQRDL,1,1
ARHGEF5,SS18L1,1,1
ARHGEF5,STAT1,1,1
ARHGEF5,STIM1,1,1
ARHGEF5,STXBP2,1,1
ARHGEF5,TGFBR1,1,1
ARHGEF5,TGFBR3,1,1
ARHGEF5,TMEM51,1,1
ARHGEF5,TRPA1,1,1
ARHGEF5,ZC3H4,1,1
ARHGEF5,ZNF43,1,1
ARHGEF5,ZYG11A,1,1
EMC1,AIG1,1,1
EMC1,AK2,1,1
EMC1,ALDH1B1,1,1
EMC1,ARL 3.00,1,1
EMC1,ARMC10,1,1
EMC1,ASCC2,1,1
EMC1,ASUN,1,1
EMC1,ATG5,1,1
EMC1,ATXN7L3B,1,1
EMC1,B3GALT6,1,1
EMC1,BAIAP2L2,1,1
EMC1,C5ORF34,1,1
EMC1,C7ORF50,1,1
EMC1,CANX,1,1
EMC1,CAPZA2,1,1
EMC1,CASP8,1,1
EMC1,CHEK2,1,1
EMC1,CMAS,1,1
EMC1,CSDE1,1,1
EMC1,DDOST,1,1
EMC1,ENO1,1,1
EMC1,EYA1,1,1
EMC1,EYA4,1,1
EMC1,FAM91A1,1,1
EMC1,FOXN2,1,1
EMC1,FOXRED2,1,1
EMC1,FZD6,1,1
EMC1,GFPT1,1,1
EMC1,GLDC,1,1
EMC1,IGF2BP3,1,1
EMC1,KDELC1,1,1
EMC1,KIAA2013,1,1
EMC1,KIRREL,1,1
EMC1,LRP12,1,1
EMC1,MMS19,1,1
EMC1,NCKAP1,1,1
EMC1,NIPAL3,1,1
EMC1,NSMCE3,1,1
EMC1,NUP43,1,1
EMC1,PABPC4,1,1
EMC1,PANX2,1,1
EMC1,PDXP,1,1
EMC1,PHF2,1,1
EMC1,PPFIBP1,1,1
EMC1,PRKCZ,1,1
EMC1,PSMA5,1,1
EMC1,PXDN,1,1
EMC1,RAP1A,1,1
EMC1,RBSN,1,1
EMC1,RCC2,1,1
EMC1,RNF207,1,1
EMC1,RPN2,1,1
EMC1,RRP7BP,1,1
EMC1,RTCB,1,1
EMC1,SFT2D2,1,1
EMC1,SLC16A1,1,1
EMC1,SLC25A13,1,1
EMC1,SLC30A1,1,1
EMC1,SLC35F6,1,1
EMC1,SLC5A6,1,1
EMC1,SMARCE1,1,1
EMC1,SORL1,1,1
EMC1,STK17B,1,1
EMC1,SYNM,1,1
EMC1,SYPL1,1,1
EMC1,TBCA,1,1
EMC1,TEAD2,1,1
EMC1,TIMM50,1,1
EMC1,TIMP3,1,1
EMC1,TMED9,1,1
EMC1,TMEM242,1,1
EMC1,TMEM38B,1,1
EMC1,TRABD,1,1
EMC1,UFD1L,1,1
EMC1,VPS45,1,1
EMC1,ZC3H11B,1,1
EMC1,ZMYM1,1,1
EMC1,ZNF839,1,1
EFCAB2,DDI2,1,1
EFCAB2,NT5DC1,1,1
EFCAB2,SAMD9,1,1
EFCAB2,SGCE,1,1
EFCAB2,SLC45A2,1,1
EFCAB2,ST7,1,1
EFCAB2,TRPV2,1,1
EFCAB2,ZFYVE16,1,1
EMILIN2,ABHD12,1,1
EMILIN2,ACAN,1,1
EMILIN2,ACOT7,1,1
EMILIN2,ADAMTS17,1,1
EMILIN2,AKAP9,1,1
EMILIN2,AL513523.1,1,1
EMILIN2,ANKRD30B,1,1
EMILIN2,AP5S1,1,1
EMILIN2,APOBEC3G,1,1
EMILIN2,ARHGAP39,1,1
EMILIN2,ARHGEF35,1,1
EMILIN2,ASRGL1,1,1
EMILIN2,ATP11A,1,1
EMILIN2,ATP6V0D2,1,1
EMILIN2,ATRN,1,1
EMILIN2,BICDL1,1,1
EMILIN2,BIRC7,1,1
EMILIN2,CAP1,1,1
EMILIN2,CAPG,1,1
EMILIN2,CCDC36,1,1
EMILIN2,CD36,1,1
EMILIN2,CD40,1,1
EMILIN2,CDC42,1,1
EMILIN2,CDKN2B,1,1
EMILIN2,CEACAM1,1,1
EMILIN2,CHN2,1,1
EMILIN2,CLDN14,1,1
EMILIN2,CPTP,1,1
EMILIN2,DDRGK1,1,1
EMILIN2,DPY19L2P2,1,1
EMILIN2,DTNBP1,1,1
EMILIN2,DTX3L,1,1
EMILIN2,ECHDC1,1,1
EMILIN2,EIF5AL1,1,1
EMILIN2,ENTPD6,1,1
EMILIN2,EXOSC10,1,1
EMILIN2,FAAP20,1,1
EMILIN2,FAM102B,1,1
EMILIN2,FAM118A,1,1
EMILIN2,FGFR1OP2,1,1
EMILIN2,GCLM,1,1
EMILIN2,GDAP2,1,1
EMILIN2,GRAMD4,1,1
EMILIN2,GTF2H1,1,1
EMILIN2,HENMT1,1,1
EMILIN2,HERC2P8,1,1
EMILIN2,HP1BP3,1,1
EMILIN2,HSPA8P8,1,1
EMILIN2,HSPA8P9,1,1
EMILIN2,ICMT,1,1
EMILIN2,KCTD14,1,1
EMILIN2,KIF1B,1,1
EMILIN2,KLHL21,1,1
EMILIN2,LAMA1,1,1
EMILIN2,LDLRAD3,1,1
EMILIN2,LHX8,1,1
EMILIN2,LIMK2,1,1
EMILIN2,LINS1,1,1
EMILIN2,LMF2,1,1
EMILIN2,LONRF3,1,1
EMILIN2,LRRC61,1,1
EMILIN2,MERTK,1,1
EMILIN2,MGAM2,1,1
EMILIN2,MLXIP,1,1
EMILIN2,MME,1,1
EMILIN2,MORN1,1,1
EMILIN2,MTOR,1,1
EMILIN2,MYB,1,1
EMILIN2,NAV2,1,1
EMILIN2,NBPF8,1,1
EMILIN2,PDE4B,1,1
EMILIN2,PEX14,1,1
EMILIN2,PHGDH,1,1
EMILIN2,PIK3R3,1,1
EMILIN2,PIM3,1,1
EMILIN2,PLEKHA7,1,1
EMILIN2,PRKG2,1,1
EMILIN2,RGS1,1,1
EMILIN2,RP11-159J3.1,1,1
EMILIN2,RP11-327P2.7,1,1
EMILIN2,RPH3A,1,1
EMILIN2,RPL11,1,1
EMILIN2,RPS6KA5,1,1
EMILIN2,RTCA,1,1
EMILIN2,RTFDC1,1,1
EMILIN2,SAMM50,1,1
EMILIN2,SBF1,1,1
EMILIN2,SCML4,1,1
EMILIN2,SEC22B,1,1
EMILIN2,SLAMF7,1,1
EMILIN2,SLC25A33,1,1
EMILIN2,SLC37A3,1,1
EMILIN2,SLC44A3,1,1
EMILIN2,SQRDL,1,1
EMILIN2,SS18L1,1,1
EMILIN2,STAT1,1,1
EMILIN2,TBC1D4,1,1
EMILIN2,TGFBR3,1,1
EMILIN2,TMC3,1,1
EMILIN2,TMEM51,1,1
EMILIN2,TMEM64,1,1
EMILIN2,TP73,1,1
EMILIN2,TRPA1,1,1
EMILIN2,TUB,1,1
EMILIN2,UBE2J1,1,1
EMILIN2,VAPB,1,1
EMILIN2,VAV3,1,1
EMILIN2,VCX3B,1,1
EMILIN2,ZC3H4,1,1
EMILIN2,ZDHHC11B,1,1
EMILIN2,ZNF114,1,1
EMILIN2,ZNF43,1,1
EMILIN2,ZNF503,1,1
EMILIN2,ZYG11A,1,1
NDUFB3,APITD1,1,1
NDUFB3,ARHGEF39,1,1
NDUFB3,ATXN7L3B,1,1
NDUFB3,AURKAIP1,1,1
NDUFB3,BCAS3,1,1
NDUFB3,BMPR1B,1,1
NDUFB3,CARD16,1,1
NDUFB3,CGN,1,1
NDUFB3,CHEK2,1,1
NDUFB3,CHRNA7,1,1
NDUFB3,COG5,1,1
NDUFB3,DDOST,1,1
NDUFB3,DDT,1,1
NDUFB3,ENHO,1,1
NDUFB3,EYA4,1,1
NDUFB3,GET4,1,1
NDUFB3,GGH,1,1
NDUFB3,HEY1,1,1
NDUFB3,HOXD4,1,1
NDUFB3,IMMP2L,1,1
NDUFB3,KDELC1,1,1
NDUFB3,KIAA2013,1,1
NDUFB3,L3MBTL4,1,1
NDUFB3,LPXN,1,1
NDUFB3,LSR,1,1
NDUFB3,MAD2L2,1,1
NDUFB3,METAP1D,1,1
NDUFB3,MTFP1,1,1
NDUFB3,NEPRO,1,1
NDUFB3,NUDT1,1,1
NDUFB3,NUP43,1,1
NDUFB3,P3H3,1,1
NDUFB3,PANX2,1,1
NDUFB3,PARK7,1,1
NDUFB3,PARP9,1,1
NDUFB3,PICK1,1,1
NDUFB3,PNMA1,1,1
NDUFB3,POLR2J,1,1
NDUFB3,PSMA5,1,1
NDUFB3,PTTG1,1,1
NDUFB3,RFX7,1,1
NDUFB3,RLBP1,1,1
NDUFB3,RNF43,1,1
NDUFB3,RPN2,1,1
NDUFB3,RTCB,1,1
NDUFB3,SH3BP2,1,1
NDUFB3,SLC35F6,1,1
NDUFB3,SNRNP25,1,1
NDUFB3,STK17B,1,1
NDUFB3,STRIP2,1,1
NDUFB3,SYNM,1,1
NDUFB3,TIMM50,1,1
NDUFB3,TMF1,1,1
NDUFB3,TRABD,1,1
NDUFB3,TRPV4,1,1
NDUFB3,ZC3H11B,1,1
NDUFB3,ZC3HC1,1,1
NDUFB3,ZNF776,1,1
GRAMD4,AC013264.1,1,1
GRAMD4,AGL,1,1
GRAMD4,AKR7A2,1,1
GRAMD4,ANKRD30B,1,1
GRAMD4,ARHGEF35,1,1
GRAMD4,ARPC1A,1,1
GRAMD4,ASRGL1,1,1
GRAMD4,ATF7IP,1,1
GRAMD4,ATP6V1C1,1,1
GRAMD4,ATRN,1,1
GRAMD4,BIRC7,1,1
GRAMD4,C7ORF49,1,1
GRAMD4,CBX5,1,1
GRAMD4,CCDC115,1,1
GRAMD4,CCDC36,1,1
GRAMD4,CD40,1,1
GRAMD4,CDC42,1,1
GRAMD4,CDKN2B,1,1
GRAMD4,CEACAM1,1,1
GRAMD4,CEP131,1,1
GRAMD4,CHN2,1,1
GRAMD4,DDRGK1,1,1
GRAMD4,DPY19L2P2,1,1
GRAMD4,DTNBP1,1,1
GRAMD4,EIF5AL1,1,1
GRAMD4,EVA1A,1,1
GRAMD4,FAM102B,1,1
GRAMD4,FRMD4B,1,1
GRAMD4,GPD1L,1,1
GRAMD4,GUCD1,1,1
GRAMD4,HENMT1,1,1
GRAMD4,HMGXB3,1,1
GRAMD4,HP1BP3,1,1
GRAMD4,ICMT,1,1
GRAMD4,KCTD14,1,1
GRAMD4,LAMA1,1,1
GRAMD4,LAMTOR5,1,1
GRAMD4,LDLRAD3,1,1
GRAMD4,LINS1,1,1
GRAMD4,LMF2,1,1
GRAMD4,LONRF3,1,1
GRAMD4,LSM 8.00,1,1
GRAMD4,LZIC,1,1
GRAMD4,MAPK1,1,1
GRAMD4,MCOLN3,1,1
GRAMD4,MED15,1,1
GRAMD4,MESDC1,1,1
GRAMD4,MLXIP,1,1
GRAMD4,MTOR,1,1
GRAMD4,NADK,1,1
GRAMD4,NBPF8,1,1
GRAMD4,PDE4B,1,1
GRAMD4,PEX10,1,1
GRAMD4,PHGDH,1,1
GRAMD4,PITHD1,1,1
GRAMD4,PNKD,1,1
GRAMD4,POLG,1,1
GRAMD4,POMGNT1,1,1
GRAMD4,PRDM2,1,1
GRAMD4,RAB11FIP4,1,1
GRAMD4,RAB17,1,1
GRAMD4,RBBP4,1,1
GRAMD4,RGS1,1,1
GRAMD4,RP11-327P2.7,1,1
GRAMD4,RPL11,1,1
GRAMD4,SAMM50,1,1
GRAMD4,SBF1,1,1
GRAMD4,SETD3,1,1
GRAMD4,SFI1,1,1
GRAMD4,SIRPA,1,1
GRAMD4,SKI,1,1
GRAMD4,SLC37A3,1,1
GRAMD4,SLC44A3,1,1
GRAMD4,SPSB1,1,1
GRAMD4,SRGAP2C,1,1
GRAMD4,SS18L1,1,1
GRAMD4,STAT1,1,1
GRAMD4,TESK2,1,1
GRAMD4,TGFBR1,1,1
GRAMD4,TGFBR3,1,1
GRAMD4,TMEM51,1,1
GRAMD4,TRPA1,1,1
GRAMD4,USP48,1,1
GRAMD4,VAV3,1,1
GRAMD4,VCP,1,1
GRAMD4,ZNF43,1,1
GRAMD4,ZNF789,1,1
GRAMD4,ZYG11A,1,1
PDXP,AIM1,1,1
PDXP,ALDH1B1,1,1
PDXP,ARMC10,1,1
PDXP,ASCC2,1,1
PDXP,ATP6V0B,1,1
PDXP,B4GALT6,1,1
PDXP,CANX,1,1
PDXP,CENPM,1,1
PDXP,ENO1,1,1
PDXP,EYA1,1,1
PDXP,FOXN2,1,1
PDXP,GLS,1,1
PDXP,IGF2BP3,1,1
PDXP,KIRREL,1,1
PDXP,KLHDC2,1,1
PDXP,KLHDC3,1,1
PDXP,LRRC37A2,1,1
PDXP,LRWD1,1,1
PDXP,MTFR2,1,1
PDXP,NCKAP1,1,1
PDXP,NUDC,1,1
PDXP,NUP50,1,1
PDXP,ORC5,1,1
PDXP,POLR1A,1,1
PDXP,PSMA5,1,1
PDXP,RCC2,1,1
PDXP,RTCB,1,1
PDXP,SEPT8,1,1
PDXP,SHQ1,1,1
PDXP,SLC16A1,1,1
PDXP,SLC35E3,1,1
PDXP,SLC5A6,1,1
PDXP,STK17B,1,1
PDXP,TAF13,1,1
PDXP,TMEM38B,1,1
PDXP,TRABD,1,1
PDXP,TRMU,1,1
PDXP,UFD1L,1,1
PDXP,VDR,1,1
PDXP,WDR77,1,1
PDXP,XPC,1,1
LLGL1,ARHGAP18,1,1
LLGL1,BMPR1B,1,1
LLGL1,CHD8,1,1
LLGL1,CHEK2,1,1
LLGL1,NSMCE3,1,1
LLGL1,PARP9,1,1
LLGL1,PI4KB,1,1
LLGL1,RHOJ,1,1
LLGL1,SYPL1,1,1
LLGL1,VPS45,1,1
LLGL1,ZNF3,1,1
RAP1A,AIG1,1,1
RAP1A,ALDH1B1,1,1
RAP1A,ANKRD13D,1,1
RAP1A,ARL 3.00,1,1
RAP1A,ATXN7L3,1,1
RAP1A,ATXN7L3B,1,1
RAP1A,C5ORF34,1,1
RAP1A,C7ORF50,1,1
RAP1A,CASP8,1,1
RAP1A,CHEK2,1,1
RAP1A,CMAS,1,1
RAP1A,ENO1,1,1
RAP1A,FAM91A1,1,1
RAP1A,FZD6,1,1
RAP1A,GFPT1,1,1
RAP1A,IGF2BP3,1,1
RAP1A,KDELC1,1,1
RAP1A,KIRREL,1,1
RAP1A,LRP12,1,1
RAP1A,MLLT6,1,1
RAP1A,MMS19,1,1
RAP1A,NCKAP1,1,1
RAP1A,NUP43,1,1
RAP1A,PHF2,1,1
RAP1A,PRKCZ,1,1
RAP1A,PSMA5,1,1
RAP1A,PXDN,1,1
RAP1A,RDX,1,1
RAP1A,RPN2,1,1
RAP1A,SMARCE1,1,1
RAP1A,SORL1,1,1
RAP1A,SYNM,1,1
RAP1A,SYPL1,1,1
RAP1A,TBCA,1,1
RAP1A,TBRG1,1,1
RAP1A,TEAD2,1,1
RAP1A,TMEM115,1,1
RAP1A,TMEM38B,1,1
RAP1A,UFD1L,1,1
RAP1A,ZMYM1,1,1
MORN1,ABHD12,1,1
MORN1,ACAN,1,1
MORN1,ACOT7,1,1
MORN1,ADAMTS17,1,1
MORN1,AGA,1,1
MORN1,AKR7A2,1,1
MORN1,AL513523.1,1,1
MORN1,ANKRD27,1,1
MORN1,ANKRD30B,1,1
MORN1,APOL1,1,1
MORN1,ARHGEF35,1,1
MORN1,ARL6IP5,1,1
MORN1,ASRGL1,1,1
MORN1,ATAD3B,1,1
MORN1,ATP11A,1,1
MORN1,ATP6V0D2,1,1
MORN1,BICDL1,1,1
MORN1,BIRC7,1,1
MORN1,BMP8B,1,1
MORN1,C2ORF69,1,1
MORN1,CADPS,1,1
MORN1,CAPG,1,1
MORN1,CARHSP1,1,1
MORN1,CEACAM1,1,1
MORN1,CHN2,1,1
MORN1,CLDN14,1,1
MORN1,CLIC4,1,1
MORN1,CPTP,1,1
MORN1,CSF2RA,1,1
MORN1,DDRGK1,1,1
MORN1,DFFA,1,1
MORN1,DPY19L2P2,1,1
MORN1,DTX3L,1,1
MORN1,ECE1,1,1
MORN1,EIF5A2,1,1
MORN1,ENHO,1,1
MORN1,ENTPD6,1,1
MORN1,EXOSC10,1,1
MORN1,FAAP20,1,1
MORN1,FAM102B,1,1
MORN1,FAM118A,1,1
MORN1,FAM19A3,1,1
MORN1,FANCI,1,1
MORN1,FEZF1,1,1
MORN1,FN1,1,1
MORN1,GDAP2,1,1
MORN1,GPHN,1,1
MORN1,GPR157,1,1
MORN1,HENMT1,1,1
MORN1,HERC2P5,1,1
MORN1,HERC2P8,1,1
MORN1,HSPA8P8,1,1
MORN1,HSPA8P9,1,1
MORN1,KCTD14,1,1
MORN1,KIF1B,1,1
MORN1,KIF7,1,1
MORN1,LAMA1,1,1
MORN1,LHX8,1,1
MORN1,LIMK2,1,1
MORN1,LONRF3,1,1
MORN1,LPXN,1,1
MORN1,LRRC47,1,1
MORN1,LRRC61,1,1
MORN1,LSR,1,1
MORN1,LYPLA2,1,1
MORN1,MAD2L2,1,1
MORN1,MCTP1,1,1
MORN1,MERTK,1,1
MORN1,MFF,1,1
MORN1,MGAM2,1,1
MORN1,MRFAP1,1,1
MORN1,NBPF8,1,1
MORN1,NEPRO,1,1
MORN1,NPAS2,1,1
MORN1,NRROS,1,1
MORN1,NT5DC3,1,1
MORN1,PARK7,1,1
MORN1,PEX14,1,1
MORN1,PEX26,1,1
MORN1,PHGDH,1,1
MORN1,PHTF1,1,1
MORN1,PICK1,1,1
MORN1,PIK3R3,1,1
MORN1,PLCB4,1,1
MORN1,PLEKHA7,1,1
MORN1,PLXNA2,1,1
MORN1,POLE4,1,1
MORN1,POLR2J,1,1
MORN1,PRKG2,1,1
MORN1,PYGB,1,1
MORN1,RBM19,1,1
MORN1,RBX1,1,1
MORN1,RCN3,1,1
MORN1,RLBP1,1,1
MORN1,RP11-159J3.1,1,1
MORN1,RP11-327P2.7,1,1
MORN1,RPH3A,1,1
MORN1,RPL11,1,1
MORN1,RPS6KA5,1,1
MORN1,RTFDC1,1,1
MORN1,RYBP,1,1
MORN1,SAMM50,1,1
MORN1,SCML4,1,1
MORN1,SEC22B,1,1
MORN1,SERGEF,1,1
MORN1,SFI1,1,1
MORN1,SLAMF7,1,1
MORN1,SLC25A33,1,1
MORN1,SPRR2D,1,1
MORN1,SQRDL,1,1
MORN1,SS18L1,1,1
MORN1,STAT1,1,1
MORN1,TBC1D4,1,1
MORN1,TMC3,1,1
MORN1,TMEM144,1,1
MORN1,TMEM64,1,1
MORN1,TMF1,1,1
MORN1,TMUB1,1,1
MORN1,TP73,1,1
MORN1,TRPA1,1,1
MORN1,TRPV4,1,1
MORN1,TTN,1,1
MORN1,TUB,1,1
MORN1,UBE2J1,1,1
MORN1,VAPB,1,1
MORN1,VAV3,1,1
MORN1,VCX3B,1,1
MORN1,ZC3H11B,1,1
MORN1,ZDHHC11B,1,1
MORN1,ZNF114,1,1
MORN1,ZNF503,1,1
MORN1,ZNF776,1,1
MORN1,ZYG11A,1,1
SCUBE2,AC009133.22,1,1
SCUBE2,CTSZ,1,1
SCUBE2,FAM161A,1,1
SCUBE2,HERC5,1,1
SCUBE2,MLF 2.00,1,1
SCUBE2,MSI2,1,1
SCUBE2,MVB12B,1,1
SCUBE2,OR2A20P,1,1
SCUBE2,PIK3CD,1,1
SCUBE2,PRRG1,1,1
SCUBE2,PYCARD,1,1
SCUBE2,SOX13,1,1
SCUBE2,STXBP2,1,1
SCUBE2,TP73-AS1,1,1
SCUBE2,TRPS1,1,1
MMS19,AGAP1,1,1
MMS19,AIG1,1,1
MMS19,AK2,1,1
MMS19,ALDH1B1,1,1
MMS19,ANKRD13D,1,1
MMS19,CAPZA2,1,1
MMS19,CASP8,1,1
MMS19,CMAS,1,1
MMS19,EYA1,1,1
MMS19,FZD6,1,1
MMS19,GFPT1,1,1
MMS19,GLDC,1,1
MMS19,IGF2BP3,1,1
MMS19,KDELC1,1,1
MMS19,KIRREL,1,1
MMS19,LRP12,1,1
MMS19,NCKAP1,1,1
MMS19,PANX2,1,1
MMS19,PLOD2,1,1
MMS19,PPFIBP1,1,1
MMS19,PRKCZ,1,1
MMS19,PSMA5,1,1
MMS19,RDX,1,1
MMS19,RPN2,1,1
MMS19,SLC25A13,1,1
MMS19,SORL1,1,1
MMS19,SYNM,1,1
MMS19,SYPL1,1,1
MMS19,TBCA,1,1
MMS19,TEAD2,1,1
MMS19,TIMP3,1,1
MMS19,TMEM242,1,1
MMS19,TMEM38B,1,1
MMS19,TNRC6B,1,1
MMS19,UFD1L,1,1
MMS19,WASL,1,1
MMS19,ZC3HAV1,1,1
MMS19,ZMYM1,1,1
MMS19,ZNF839,1,1
TLN1,AC009133.22,1,1
TLN1,ATP7B,1,1
TLN1,C20ORF194,1,1
TLN1,CARD8,1,1
TLN1,CDK5R1,1,1
TLN1,CPEB1,1,1
TLN1,CREB3,1,1
TLN1,CTD-3214H19.4,1,1
TLN1,DET1,1,1
TLN1,GPD1L,1,1
TLN1,MLF 2.00,1,1
TLN1,NHEJ1,1,1
TLN1,PPM1K,1,1
TLN1,PPT2,1,1
TLN1,PYCARD,1,1
TLN1,RAB11FIP4,1,1
TLN1,SIRPA,1,1
TLN1,SLC44A3,1,1
TLN1,SOX13,1,1
TLN1,STIM1,1,1
TLN1,STXBP2,1,1
TLN1,TP73-AS1,1,1
TLN1,TPRG1L,1,1
TLN1,TTC38,1,1
TLN1,ZNF354A,1,1
TCTN3,AGAP3,1,1
TCTN3,ARPC1A,1,1
TCTN3,ATF7IP,1,1
TCTN3,ATP6V1F,1,1
TCTN3,CBX5,1,1
TCTN3,CDC26,1,1
TCTN3,CEP131,1,1
TCTN3,FRMD4B,1,1
TCTN3,GALNS,1,1
TCTN3,HTRA1,1,1
TCTN3,IGF1R,1,1
TCTN3,JAK2,1,1
TCTN3,LAMTOR5,1,1
TCTN3,LMF2,1,1
TCTN3,MAP9,1,1
TCTN3,MED15,1,1
TCTN3,MESDC1,1,1
TCTN3,MESDC2,1,1
TCTN3,METRNL,1,1
TCTN3,MRPL58,1,1
TCTN3,NADK,1,1
TCTN3,NT5DC1,1,1
TCTN3,PEX10,1,1
TCTN3,POMGNT1,1,1
TCTN3,PQLC2,1,1
TCTN3,PSEN2,1,1
TCTN3,RRBP1,1,1
TCTN3,SAMHD1,1,1
TCTN3,SGCE,1,1
TCTN3,SLC23A2,1,1
TCTN3,SPECC1,1,1
TCTN3,ST7,1,1
TCTN3,STXBP3,1,1
TCTN3,TESK2,1,1
TCTN3,TMEM51,1,1
TCTN3,TRIM14,1,1
TCTN3,USP48,1,1
TCTN3,VCP,1,1
MGME1,AFAP1,1,1
MGME1,COMMD9,1,1
MGME1,CRTC3,1,1
MGME1,CRY2,1,1
MGME1,FAM161A,1,1
MGME1,GTF2H1,1,1
MGME1,PER3,1,1
MGME1,PTDSS2,1,1
MGME1,SLC25A4,1,1
MGME1,ZNF644,1,1
SKI,AC013264.1,1,1
SKI,ARPC1A,1,1
SKI,ATP6V1C1,1,1
SKI,ATRN,1,1
SKI,BLCAP,1,1
SKI,C7ORF49,1,1
SKI,CD40,1,1
SKI,CDC42,1,1
SKI,CEACAM1,1,1
SKI,DDRGK1,1,1
SKI,ECHDC1,1,1
SKI,FAM102B,1,1
SKI,FRMD4B,1,1
SKI,GUCD1,1,1
SKI,HP1BP3,1,1
SKI,ICMT,1,1
SKI,KCTD14,1,1
SKI,L3MBTL2,1,1
SKI,LAMA1,1,1
SKI,LDLRAD3,1,1
SKI,LINS1,1,1
SKI,LMF2,1,1
SKI,LZIC,1,1
SKI,MAPK1,1,1
SKI,PDE4B,1,1
SKI,PEX10,1,1
SKI,PITHD1,1,1
SKI,PQLC2,1,1
SKI,PTER,1,1
SKI,RAB5A,1,1
SKI,RBBP4,1,1
SKI,SAMHD1,1,1
SKI,SAMM50,1,1
SKI,SBF1,1,1
SKI,SLC25A33,1,1
SKI,SLC35B4,1,1
SKI,SLC37A3,1,1
SKI,STXBP3,1,1
SKI,TGFBR1,1,1
SKI,TGFBR3,1,1
SKI,TMEM51,1,1
SKI,UBE2J1,1,1
SKI,USP48,1,1
SKI,VCP,1,1
SKI,ZNF43,1,1
PTDSS1,ABHD17C,1,1
PTDSS1,AK2,1,1
PTDSS1,ANAPC7,1,1
PTDSS1,BAIAP2L2,1,1
PTDSS1,CAPZA2,1,1
PTDSS1,CSDE1,1,1
PTDSS1,EVL,1,1
PTDSS1,FOXRED2,1,1
PTDSS1,GXYLT1,1,1
PTDSS1,IDH3A,1,1
PTDSS1,KIAA2013,1,1
PTDSS1,KLHDC2,1,1
PTDSS1,MTERF3,1,1
PTDSS1,MTFP1,1,1
PTDSS1,NELFCD,1,1
PTDSS1,NUP50,1,1
PTDSS1,ORC5,1,1
PTDSS1,RBM28,1,1
PTDSS1,RCC2,1,1
PTDSS1,RTCB,1,1
PTDSS1,SLC16A1,1,1
PTDSS1,STK17B,1,1
PTDSS1,TIMM50,1,1
PTDSS1,TMEM201,1,1
PTDSS1,TRABD,1,1
PTDSS1,TRMU,1,1
PTDSS1,WDR77,1,1
PTDSS1,ZC3HAV1,1,1
PTDSS1,ZNF839,1,1
CLIC4,ACOT7,1,1
CLIC4,ADAMTS17,1,1
CLIC4,ARL6IP5,1,1
CLIC4,CADPS,1,1
CLIC4,CAPZA2,1,1
CLIC4,COG5,1,1
CLIC4,DDOST,1,1
CLIC4,DDT,1,1
CLIC4,ECE1,1,1
CLIC4,EIF5A2,1,1
CLIC4,EYA4,1,1
CLIC4,FAM19A3,1,1
CLIC4,GPR157,1,1
CLIC4,HEY1,1,1
CLIC4,ID3,1,1
CLIC4,IMMP2L,1,1
CLIC4,ITGAV,1,1
CLIC4,KIAA2013,1,1
CLIC4,LPXN,1,1
CLIC4,LSR,1,1
CLIC4,MAD2L2,1,1
CLIC4,MLLT4,1,1
CLIC4,NPAS2,1,1
CLIC4,NRROS,1,1
CLIC4,NUDCD3,1,1
CLIC4,P3H3,1,1
CLIC4,PARK7,1,1
CLIC4,PYGB,1,1
CLIC4,RLBP1,1,1
CLIC4,RNF19A,1,1
CLIC4,RYBP,1,1
CLIC4,SH3BP2,1,1
CLIC4,SLC35F6,1,1
CLIC4,TMEM64,1,1
CLIC4,TMF1,1,1
CLIC4,TRPV4,1,1
CLIC4,ZC3H11B,1,1
TBC1D4,ABHD12,1,1
TBC1D4,ACAN,1,1
TBC1D4,ACOT7,1,1
TBC1D4,ADAMTS17,1,1
TBC1D4,AKR7A2,1,1
TBC1D4,AL513523.1,1,1
TBC1D4,ANAPC7,1,1
TBC1D4,ANKRD27,1,1
TBC1D4,ANKRD30B,1,1
TBC1D4,APOL1,1,1
TBC1D4,ARHGEF35,1,1
TBC1D4,ASRGL1,1,1
TBC1D4,ATAD3B,1,1
TBC1D4,ATP11A,1,1
TBC1D4,ATP6V0D2,1,1
TBC1D4,BICDL1,1,1
TBC1D4,BIRC7,1,1
TBC1D4,BLCAP,1,1
TBC1D4,C2ORF69,1,1
TBC1D4,CADPS,1,1
TBC1D4,CAPG,1,1
TBC1D4,CARHSP1,1,1
TBC1D4,CD36,1,1
TBC1D4,CDC42,1,1
TBC1D4,CEACAM1,1,1
TBC1D4,CHN2,1,1
TBC1D4,CLDN14,1,1
TBC1D4,CPTP,1,1
TBC1D4,CRKL,1,1
TBC1D4,CSDE1,1,1
TBC1D4,CSF2RA,1,1
TBC1D4,DDRGK1,1,1
TBC1D4,DFFA,1,1
TBC1D4,DPY19L2P2,1,1
TBC1D4,DTNBP1,1,1
TBC1D4,DTX3L,1,1
TBC1D4,ECE1,1,1
TBC1D4,ECHDC1,1,1
TBC1D4,EIF5A2,1,1
TBC1D4,ENHO,1,1
TBC1D4,ENTPD6,1,1
TBC1D4,EPS15L1,1,1
TBC1D4,EXOSC10,1,1
TBC1D4,FAM102B,1,1
TBC1D4,FAM118A,1,1
TBC1D4,FAM19A3,1,1
TBC1D4,FANCI,1,1
TBC1D4,FEZF1,1,1
TBC1D4,FN1,1,1
TBC1D4,FRMD4B,1,1
TBC1D4,GCLM,1,1
TBC1D4,GDAP2,1,1
TBC1D4,GGH,1,1
TBC1D4,GLT8D1,1,1
TBC1D4,GNB1L,1,1
TBC1D4,GPR157,1,1
TBC1D4,GXYLT1,1,1
TBC1D4,HENMT1,1,1
TBC1D4,HERC2P5,1,1
TBC1D4,HERC2P8,1,1
TBC1D4,HMGXB3,1,1
TBC1D4,HSPA8P8,1,1
TBC1D4,IDH3A,1,1
TBC1D4,KCTD14,1,1
TBC1D4,KIAA2013,1,1
TBC1D4,KIF1B,1,1
TBC1D4,LAMA1,1,1
TBC1D4,LHX8,1,1
TBC1D4,LIMK2,1,1
TBC1D4,LONRF3,1,1
TBC1D4,LPXN,1,1
TBC1D4,LRRC47,1,1
TBC1D4,LRRC61,1,1
TBC1D4,LSR,1,1
TBC1D4,LYPLA2,1,1
TBC1D4,MAD2L2,1,1
TBC1D4,MAPK1,1,1
TBC1D4,MCM3,1,1
TBC1D4,MCTP1,1,1
TBC1D4,MERTK,1,1
TBC1D4,MFF,1,1
TBC1D4,MFN2,1,1
TBC1D4,MGAM2,1,1
TBC1D4,MLH3,1,1
TBC1D4,MLLT4,1,1
TBC1D4,MLXIP,1,1
TBC1D4,MRFAP1,1,1
TBC1D4,MTFP1,1,1
TBC1D4,MTOR,1,1
TBC1D4,NBPF8,1,1
TBC1D4,NDUFS1,1,1
TBC1D4,NPAS2,1,1
TBC1D4,NRROS,1,1
TBC1D4,PARK7,1,1
TBC1D4,PEX14,1,1
TBC1D4,PEX26,1,1
TBC1D4,PHGDH,1,1
TBC1D4,PHTF1,1,1
TBC1D4,PIK3R3,1,1
TBC1D4,PLEKHB2,1,1
TBC1D4,PNKD,1,1
TBC1D4,POLE4,1,1
TBC1D4,PRKG2,1,1
TBC1D4,PYGB,1,1
TBC1D4,RAB17,1,1
TBC1D4,RBM19,1,1
TBC1D4,RBX1,1,1
TBC1D4,RP11-159J3.1,1,1
TBC1D4,RP11-327P2.7,1,1
TBC1D4,RPH3A,1,1
TBC1D4,RPL11,1,1
TBC1D4,RPS6KA5,1,1
TBC1D4,RTFDC1,1,1
TBC1D4,RYBP,1,1
TBC1D4,SAMM50,1,1
TBC1D4,SCML4,1,1
TBC1D4,SEC22B,1,1
TBC1D4,SERGEF,1,1
TBC1D4,SLAMF7,1,1
TBC1D4,SLC25A33,1,1
TBC1D4,SNRNP25,1,1
TBC1D4,SPRY1,1,1
TBC1D4,SRM,1,1
TBC1D4,SS18L1,1,1
TBC1D4,TMC3,1,1
TBC1D4,TMEM144,1,1
TBC1D4,TMEM201,1,1
TBC1D4,TMEM64,1,1
TBC1D4,TMF1,1,1
TBC1D4,TMUB1,1,1
TBC1D4,TP73,1,1
TBC1D4,TRPV4,1,1
TBC1D4,TTN,1,1
TBC1D4,TUB,1,1
TBC1D4,TXN2,1,1
TBC1D4,UBE2J1,1,1
TBC1D4,VAPB,1,1
TBC1D4,VAV3,1,1
TBC1D4,VCX3B,1,1
TBC1D4,WDR47,1,1
TBC1D4,ZC3H11B,1,1
TBC1D4,ZDHHC11B,1,1
TBC1D4,ZNF114,1,1
TBC1D4,ZNF503,1,1
TBC1D4,ZYG11A,1,1
SRM,ACAN,1,1
SRM,ACOT7,1,1
SRM,ADAMTS17,1,1
SRM,AK2,1,1
SRM,AK6,1,1
SRM,AKR7A2,1,1
SRM,AL513523.1,1,1
SRM,ANAPC5,1,1
SRM,ANAPC7,1,1
SRM,APITD1,1,1
SRM,ATAD3B,1,1
SRM,ATP6V0B,1,1
SRM,AURKAIP1,1,1
SRM,BAIAP2L2,1,1
SRM,BCAS2,1,1
SRM,BLCAP,1,1
SRM,C2ORF69,1,1
SRM,CADPS,1,1
SRM,CAPZA2,1,1
SRM,CARHSP1,1,1
SRM,CENPI,1,1
SRM,CGN,1,1
SRM,COQ10B,1,1
SRM,CSDE1,1,1
SRM,DDOST,1,1
SRM,DDT,1,1
SRM,EARS2,1,1
SRM,ECE1,1,1
SRM,EIF5A2,1,1
SRM,ENHO,1,1
SRM,EPS15L1,1,1
SRM,EXOSC10,1,1
SRM,EYA4,1,1
SRM,FAM118A,1,1
SRM,FAM19A3,1,1
SRM,FANCI,1,1
SRM,FN1,1,1
SRM,FOXRED2,1,1
SRM,GET4,1,1
SRM,GLS,1,1
SRM,GNB1L,1,1
SRM,GPR157,1,1
SRM,GXYLT1,1,1
SRM,HERC2P8,1,1
SRM,HEY1,1,1
SRM,HOXD4,1,1
SRM,ID3,1,1
SRM,IDH3A,1,1
SRM,IMMP2L,1,1
SRM,KIAA2013,1,1
SRM,LPXN,1,1
SRM,LRRC47,1,1
SRM,LSR,1,1
SRM,MAD2L2,1,1
SRM,MCM3,1,1
SRM,MFN2,1,1
SRM,MGAM,1,1
SRM,MGAM2,1,1
SRM,MLH3,1,1
SRM,MRFAP1,1,1
SRM,MTFP1,1,1
SRM,MUL1,1,1
SRM,NELFCD,1,1
SRM,NPAS2,1,1
SRM,NRROS,1,1
SRM,NUP50,1,1
SRM,ORC5,1,1
SRM,P3H3,1,1
SRM,PARK7,1,1
SRM,PHTF1,1,1
SRM,PLEKHB2,1,1
SRM,POLR2J,1,1
SRM,PQLC2,1,1
SRM,PSMA5,1,1
SRM,PYGB,1,1
SRM,RBM19,1,1
SRM,RBM28,1,1
SRM,RBX1,1,1
SRM,RPA2,1,1
SRM,RRP7BP,1,1
SRM,RTCB,1,1
SRM,RYBP,1,1
SRM,SCML4,1,1
SRM,SLC25A33,1,1
SRM,SLC35F6,1,1
SRM,SNRNP25,1,1
SRM,STK17B,1,1
SRM,STOML2,1,1
SRM,TIMM50,1,1
SRM,TMEM144,1,1
SRM,TMEM201,1,1
SRM,TMEM64,1,1
SRM,TMF1,1,1
SRM,TRABD,1,1
SRM,TRMU,1,1
SRM,TRPV4,1,1
SRM,VAV3,1,1
SRM,VDR,1,1
SRM,WDR77,1,1
SRM,ZC3H11B,1,1
SRM,ZNF503,1,1
SRM,ZNF776,1,1
CENPM,ALDH1B1,1,1
CENPM,ASCC2,1,1
CENPM,BCAS2,1,1
CENPM,BMPR1B,1,1
CENPM,CENPI,1,1
CENPM,CEP85,1,1
CENPM,CHCHD2,1,1
CENPM,EIF3D,1,1
CENPM,ENO1,1,1
CENPM,FOXN2,1,1
CENPM,GET4,1,1
CENPM,HOXD4,1,1
CENPM,KLHDC3,1,1
CENPM,LRRC37A2,1,1
CENPM,LUC7L2,1,1
CENPM,MLLT6,1,1
CENPM,MTFR2,1,1
CENPM,NCKAP1,1,1
CENPM,NUDC,1,1
CENPM,ORC5,1,1
CENPM,PSMA5,1,1
CENPM,RTCB,1,1
CENPM,SHQ1,1,1
CENPM,SLC35E3,1,1
CENPM,SLC5A6,1,1
CENPM,TBRG1,1,1
CENPM,TONSL,1,1
CENPM,UFD1L,1,1
CENPM,VDR,1,1
CENPM,VIPAS39,1,1
CENPM,WDR77,1,1
CENPM,XPC,1,1
PIK3CD,AC009133.22,1,1
PIK3CD,C20ORF194,1,1
PIK3CD,CRTC3,1,1
PIK3CD,CTSZ,1,1
PIK3CD,MFSD9,1,1
PIK3CD,MVB12B,1,1
PIK3CD,PARVA,1,1
PIK3CD,RNF145,1,1
PIK3CD,SOX13,1,1
PIK3CD,TMEM165,1,1
PIK3CD,TP73-AS1,1,1
PIK3CD,TRPS1,1,1
ENHO,ABHD12,1,1
ENHO,ACAN,1,1
ENHO,ACOT7,1,1
ENHO,ADAMTS17,1,1
ENHO,AKR7A2,1,1
ENHO,AL513523.1,1,1
ENHO,ANAPC5,1,1
ENHO,ANKRD30B,1,1
ENHO,APITD1,1,1
ENHO,APOL1,1,1
ENHO,ARHGEF39,1,1
ENHO,ARL6IP5,1,1
ENHO,ASRGL1,1,1
ENHO,ATP11A,1,1
ENHO,ATP6V0D2,1,1
ENHO,BCAS3,1,1
ENHO,BICDL1,1,1
ENHO,BLCAP,1,1
ENHO,CADPS,1,1
ENHO,CAPG,1,1
ENHO,CARD16,1,1
ENHO,CARHSP1,1,1
ENHO,CGN,1,1
ENHO,CHN2,1,1
ENHO,CLDN14,1,1
ENHO,COG5,1,1
ENHO,CSDE1,1,1
ENHO,CSF2RA,1,1
ENHO,DDOST,1,1
ENHO,DDT,1,1
ENHO,DPY19L2P2,1,1
ENHO,DTX3L,1,1
ENHO,ECE1,1,1
ENHO,EIF5A2,1,1
ENHO,EXOSC10,1,1
ENHO,EYA4,1,1
ENHO,FAM118A,1,1
ENHO,FAM167B,1,1
ENHO,FAM19A3,1,1
ENHO,FBXO6,1,1
ENHO,FEZF1,1,1
ENHO,FN1,1,1
ENHO,GGH,1,1
ENHO,GNB1L,1,1
ENHO,GNB2,1,1
ENHO,GPHN,1,1
ENHO,GPR157,1,1
ENHO,HERC2P5,1,1
ENHO,HERC2P8,1,1
ENHO,HEY1,1,1
ENHO,IMMP2L,1,1
ENHO,KIAA2013,1,1
ENHO,KIF1B,1,1
ENHO,L3MBTL4,1,1
ENHO,LAMA1,1,1
ENHO,LONRF3,1,1
ENHO,LPXN,1,1
ENHO,LSR,1,1
ENHO,LYPLA2,1,1
ENHO,MAD2L2,1,1
ENHO,MED15,1,1
ENHO,MERTK,1,1
ENHO,MFF,1,1
ENHO,MFN2,1,1
ENHO,MGAM2,1,1
ENHO,MLH3,1,1
ENHO,MLLT4,1,1
ENHO,MLXIP,1,1
ENHO,MRFAP1,1,1
ENHO,MTFP1,1,1
ENHO,MTOR,1,1
ENHO,NBPF8,1,1
ENHO,NDUFS1,1,1
ENHO,NEPRO,1,1
ENHO,NPAS2,1,1
ENHO,NRROS,1,1
ENHO,PARK7,1,1
ENHO,PARP9,1,1
ENHO,PDGFD,1,1
ENHO,PEX14,1,1
ENHO,PEX26,1,1
ENHO,PHGDH,1,1
ENHO,PHTF1,1,1
ENHO,PICK1,1,1
ENHO,PIK3R3,1,1
ENHO,PNKD,1,1
ENHO,POLR2J,1,1
ENHO,PRKG2,1,1
ENHO,PTTG1,1,1
ENHO,PYGB,1,1
ENHO,RAB17,1,1
ENHO,RBM19,1,1
ENHO,RBX1,1,1
ENHO,RCN3,1,1
ENHO,RFX7,1,1
ENHO,RPH3A,1,1
ENHO,RPL11,1,1
ENHO,RPS6KA5,1,1
ENHO,RTCB,1,1
ENHO,RYBP,1,1
ENHO,SAMM50,1,1
ENHO,SCML4,1,1
ENHO,SEC22B,1,1
ENHO,SERGEF,1,1
ENHO,SFI1,1,1
ENHO,SLC25A33,1,1
ENHO,SLC35F6,1,1
ENHO,SNRNP25,1,1
ENHO,SPRY1,1,1
ENHO,SRGAP2C,1,1
ENHO,STRIP2,1,1
ENHO,TESK2,1,1
ENHO,TIMM50,1,1
ENHO,TMC3,1,1
ENHO,TMEM144,1,1
ENHO,TMEM64,1,1
ENHO,TMF1,1,1
ENHO,TMUB1,1,1
ENHO,TP73,1,1
ENHO,TRPV4,1,1
ENHO,TTN,1,1
ENHO,TUB,1,1
ENHO,TXN2,1,1
ENHO,UBE2J1,1,1
ENHO,VAV3,1,1
ENHO,VCX3B,1,1
ENHO,WDR47,1,1
ENHO,ZC3H11B,1,1
ENHO,ZNF114,1,1
ENHO,ZNF503,1,1
ENHO,ZNF776,1,1
CTSZ,AC009133.22,1,1
CTSZ,ATP7B,1,1
CTSZ,C20ORF194,1,1
CTSZ,CCDC115,1,1
CTSZ,CDK5R1,1,1
CTSZ,CRTC3,1,1
CTSZ,DET1,1,1
CTSZ,FAM161A,1,1
CTSZ,GNB1,1,1
CTSZ,GSTO1,1,1
CTSZ,HERC5,1,1
CTSZ,KIAA1033,1,1
CTSZ,LNX2,1,1
CTSZ,MCOLN3,1,1
CTSZ,MLF 2.00,1,1
CTSZ,MSI2,1,1
CTSZ,MVB12B,1,1
CTSZ,NHEJ1,1,1
CTSZ,OAT,1,1
CTSZ,PARVA,1,1
CTSZ,PER3,1,1
CTSZ,PPM1K,1,1
CTSZ,PPT2,1,1
CTSZ,PYCARD,1,1
CTSZ,RAB11FIP4,1,1
CTSZ,RHOQ,1,1
CTSZ,RNF145,1,1
CTSZ,SIRPA,1,1
CTSZ,SLC44A3,1,1
CTSZ,SNX8,1,1
CTSZ,SOX13,1,1
CTSZ,STXBP2,1,1
CTSZ,TP73-AS1,1,1
CTSZ,TPRG1L,1,1
CTSZ,TRPS1,1,1
HMGXB3,AKR7A2,1,1
HMGXB3,ANAPC5,1,1
HMGXB3,AP5S1,1,1
HMGXB3,ARHGAP39,1,1
HMGXB3,ASRGL1,1,1
HMGXB3,BLCAP,1,1
HMGXB3,CARHSP1,1,1
HMGXB3,CD36,1,1
HMGXB3,CEACAM1,1,1
HMGXB3,CLDN14,1,1
HMGXB3,CPTP,1,1
HMGXB3,DDRGK1,1,1
HMGXB3,DTNBP1,1,1
HMGXB3,EXOSC10,1,1
HMGXB3,FEZF1,1,1
HMGXB3,HENMT1,1,1
HMGXB3,LAMA1,1,1
HMGXB3,LINS1,1,1
HMGXB3,LMF2,1,1
HMGXB3,LONRF3,1,1
HMGXB3,LRRC61,1,1
HMGXB3,MAPK1,1,1
HMGXB3,MED15,1,1
HMGXB3,MESDC1,1,1
HMGXB3,MTOR,1,1
HMGXB3,PDE4B,1,1
HMGXB3,PEX10,1,1
HMGXB3,PEX14,1,1
HMGXB3,RBM19,1,1
HMGXB3,RBX1,1,1
HMGXB3,RP11-327P2.7,1,1
HMGXB3,RPA2,1,1
HMGXB3,RPH3A,1,1
HMGXB3,RPS6KA5,1,1
HMGXB3,SAMM50,1,1
HMGXB3,SBF1,1,1
HMGXB3,SLC25A33,1,1
HMGXB3,SS18L1,1,1
HMGXB3,VAV3,1,1
HMGXB3,VCX3B,1,1
HMGXB3,WDR47,1,1
SLC35F6,AK2,1,1
SLC35F6,ALDH1B1,1,1
SLC35F6,APITD1,1,1
SLC35F6,ARHGAP18,1,1
SLC35F6,ARHGEF39,1,1
SLC35F6,ATXN7L3B,1,1
SLC35F6,BAIAP2L2,1,1
SLC35F6,BCAS3,1,1
SLC35F6,BMPR1B,1,1
SLC35F6,C1ORF112,1,1
SLC35F6,C5ORF34,1,1
SLC35F6,CADPS,1,1
SLC35F6,CAPZA2,1,1
SLC35F6,CARD16,1,1
SLC35F6,CARHSP1,1,1
SLC35F6,CEP41,1,1
SLC35F6,CGN,1,1
SLC35F6,CHEK2,1,1
SLC35F6,CMAS,1,1
SLC35F6,COG5,1,1
SLC35F6,CSDE1,1,1
SLC35F6,DDOST,1,1
SLC35F6,DDT,1,1
SLC35F6,DYNC1I1,1,1
SLC35F6,ECE1,1,1
SLC35F6,EIF5A2,1,1
SLC35F6,ENO1,1,1
SLC35F6,EYA4,1,1
SLC35F6,FBXO6,1,1
SLC35F6,FOXRED2,1,1
SLC35F6,GET4,1,1
SLC35F6,GFPT1,1,1
SLC35F6,GLDC,1,1
SLC35F6,GNB1L,1,1
SLC35F6,GPR157,1,1
SLC35F6,HEY1,1,1
SLC35F6,HOXD4,1,1
SLC35F6,ID3,1,1
SLC35F6,IGF2BP3,1,1
SLC35F6,IMMP2L,1,1
SLC35F6,ITGAV,1,1
SLC35F6,KDELC1,1,1
SLC35F6,KIAA2013,1,1
SLC35F6,KLHDC3,1,1
SLC35F6,L3MBTL4,1,1
SLC35F6,LPXN,1,1
SLC35F6,LRP12,1,1
SLC35F6,LSR,1,1
SLC35F6,MAD2L2,1,1
SLC35F6,MFN2,1,1
SLC35F6,MLH3,1,1
SLC35F6,MOV10,1,1
SLC35F6,MSL3P1,1,1
SLC35F6,MTFP1,1,1
SLC35F6,NIPAL3,1,1
SLC35F6,NRROS,1,1
SLC35F6,NSMCE3,1,1
SLC35F6,NUDCD3,1,1
SLC35F6,NUP43,1,1
SLC35F6,P3H3,1,1
SLC35F6,PANX2,1,1
SLC35F6,PARK7,1,1
SLC35F6,PARP9,1,1
SLC35F6,PPFIBP1,1,1
SLC35F6,PRKCZ,1,1
SLC35F6,PSMA5,1,1
SLC35F6,PYGB,1,1
SLC35F6,RFX7,1,1
SLC35F6,RLBP1,1,1
SLC35F6,RNF19A,1,1
SLC35F6,RNF43,1,1
SLC35F6,RPN2,1,1
SLC35F6,RRP7BP,1,1
SLC35F6,RTCB,1,1
SLC35F6,RYBP,1,1
SLC35F6,SDF4,1,1
SLC35F6,SH3BP1,1,1
SLC35F6,SNRNP25,1,1
SLC35F6,SNX17,1,1
SLC35F6,SORL1,1,1
SLC35F6,STK17B,1,1
SLC35F6,STRIP2,1,1
SLC35F6,SYNM,1,1
SLC35F6,SYPL1,1,1
SLC35F6,TBCA,1,1
SLC35F6,TIMM50,1,1
SLC35F6,TIMP3,1,1
SLC35F6,TMED9,1,1
SLC35F6,TMEM242,1,1
SLC35F6,TMF1,1,1
SLC35F6,TRABD,1,1
SLC35F6,TRMU,1,1
SLC35F6,TRPV4,1,1
SLC35F6,UFD1L,1,1
SLC35F6,VPS45,1,1
SLC35F6,WDR77,1,1
SLC35F6,ZC3H11B,1,1
SLC35F6,ZC3HC1,1,1
SLC35F6,ZMYM1,1,1
SLC35F6,ZNF839,1,1
CRY2,AFAP1,1,1
CRY2,COMMD9,1,1
CRY2,FAM160B1,1,1
CRY2,FAM161A,1,1
CRY2,FAM219A,1,1
CRY2,GTF2H1,1,1
CRY2,NAPB,1,1
CRY2,PER3,1,1
CRY2,PYCARD,1,1
CRY2,RAB11FIP4,1,1
CRY2,SIRPA,1,1
CRY2,SLC44A3,1,1
CRY2,SLC9A8,1,1
CRY2,SOX13,1,1
CRY2,STXBP2,1,1
HOXB6,ALAS1,1,1
HOXB6,ANKRD13D,1,1
HOXB6,CMAS,1,1
HOXB6,DYNC1I1,1,1
HOXB6,GFPT1,1,1
HOXB6,KDELC1,1,1
HOXB6,NIPAL3,1,1
HOXB6,PANX2,1,1
HOXB6,PRKCZ,1,1
HOXB6,RNF43,1,1
HOXB6,RPN2,1,1
HOXB6,SMARCE1,1,1
HOXB6,SNX17,1,1
HOXB6,SORL1,1,1
HOXB6,SYNM,1,1
HOXB6,TMEM242,1,1
HOXB6,ZC3HC1,1,1
HOXB6,ZNF75A,1,1
MFF,ABHD12,1,1
MFF,ACAN,1,1
MFF,ACOT7,1,1
MFF,ADAMTS17,1,1
MFF,AKR7A2,1,1
MFF,AL513523.1,1,1
MFF,ANAPC5,1,1
MFF,ANKRD30B,1,1
MFF,ARHGEF39,1,1
MFF,ARL6IP5,1,1
MFF,ARPC1A,1,1
MFF,ASRGL1,1,1
MFF,ATP11A,1,1
MFF,ATP6V0D2,1,1
MFF,BCAS3,1,1
MFF,BICDL1,1,1
MFF,BIRC7,1,1
MFF,BLCAP,1,1
MFF,CAPG,1,1
MFF,CARD16,1,1
MFF,CARHSP1,1,1
MFF,CEACAM1,1,1
MFF,CGN,1,1
MFF,CHN2,1,1
MFF,COG5,1,1
MFF,COX5B,1,1
MFF,CSF2RA,1,1
MFF,DDOST,1,1
MFF,DDT,1,1
MFF,DPY19L2P2,1,1
MFF,DTNBP1,1,1
MFF,EIF5A2,1,1
MFF,EXOSC10,1,1
MFF,FAM102B,1,1
MFF,FAM118A,1,1
MFF,FAM167B,1,1
MFF,FAM19A3,1,1
MFF,FBXO6,1,1
MFF,FEZF1,1,1
MFF,FN1,1,1
MFF,FRMD4B,1,1
MFF,GGH,1,1
MFF,GGT7,1,1
MFF,GPHN,1,1
MFF,GPR157,1,1
MFF,HERC2P5,1,1
MFF,HERC2P8,1,1
MFF,HEY1,1,1
MFF,HTRA1,1,1
MFF,IMMP2L,1,1
MFF,JAK2,1,1
MFF,KCTD14,1,1
MFF,KIAA2013,1,1
MFF,KIF1B,1,1
MFF,L3MBTL4,1,1
MFF,LAMA1,1,1
MFF,LAMP2,1,1
MFF,LHX8,1,1
MFF,LMF2,1,1
MFF,LONRF3,1,1
MFF,LPXN,1,1
MFF,LSR,1,1
MFF,MAD2L2,1,1
MFF,MAPK1,1,1
MFF,MED15,1,1
MFF,MERTK,1,1
MFF,MFN2,1,1
MFF,MGAM2,1,1
MFF,MLLT4,1,1
MFF,MLXIP,1,1
MFF,MRFAP1,1,1
MFF,MSL3P1,1,1
MFF,MTOR,1,1
MFF,NBPF8,1,1
MFF,NEPRO,1,1
MFF,NRROS,1,1
MFF,PARK7,1,1
MFF,PARP9,1,1
MFF,PDGFD,1,1
MFF,PEX10,1,1
MFF,PEX14,1,1
MFF,PEX26,1,1
MFF,PHGDH,1,1
MFF,PHTF1,1,1
MFF,PIK3R3,1,1
MFF,PNKD,1,1
MFF,POLG,1,1
MFF,POMGNT1,1,1
MFF,PRKG2,1,1
MFF,RAB17,1,1
MFF,RBM19,1,1
MFF,RBX1,1,1
MFF,RCN3,1,1
MFF,RPH3A,1,1
MFF,RPL11,1,1
MFF,RPS6KA5,1,1
MFF,RYBP,1,1
MFF,SAMM50,1,1
MFF,SCML4,1,1
MFF,SEC22B,1,1
MFF,SERGEF,1,1
MFF,SFI1,1,1
MFF,SLC25A33,1,1
MFF,SLC37A3,1,1
MFF,SPRY1,1,1
MFF,SRGAP2C,1,1
MFF,STAT1,1,1
MFF,STRIP2,1,1
MFF,TESK2,1,1
MFF,TGFBR3,1,1
MFF,TMC3,1,1
MFF,TMEM64,1,1
MFF,TMF1,1,1
MFF,TMUB1,1,1
MFF,TP73,1,1
MFF,TRPA1,1,1
MFF,TRPV4,1,1
MFF,TTN,1,1
MFF,TUB,1,1
MFF,TXN2,1,1
MFF,UBE2J1,1,1
MFF,VAV3,1,1
MFF,VCX3B,1,1
MFF,WDR47,1,1
MFF,ZC3H11B,1,1
MFF,ZNF114,1,1
MFF,ZNF503,1,1
MFF,ZNF776,1,1
MFF,ZYG11A,1,1
PARK7,ACAN,1,1
PARK7,ACOT7,1,1
PARK7,ADAMTS17,1,1
PARK7,AK2,1,1
PARK7,AK6,1,1
PARK7,AKR7A2,1,1
PARK7,AL513523.1,1,1
PARK7,ANAPC5,1,1
PARK7,ANAPC7,1,1
PARK7,ANKRD27,1,1
PARK7,APITD1,1,1
PARK7,ARHGAP18,1,1
PARK7,ARHGEF39,1,1
PARK7,ARL6IP5,1,1
PARK7,ASRGL1,1,1
PARK7,ATAD3B,1,1
PARK7,ATP11A,1,1
PARK7,ATXN7L3B,1,1
PARK7,AURKAIP1,1,1
PARK7,BAIAP2L2,1,1
PARK7,BCAS2,1,1
PARK7,BCAS3,1,1
PARK7,BICDL1,1,1
PARK7,BLCAP,1,1
PARK7,BMPR1B,1,1
PARK7,C2ORF69,1,1
PARK7,CADPS,1,1
PARK7,CAPZA2,1,1
PARK7,CARD16,1,1
PARK7,CARHSP1,1,1
PARK7,CENPI,1,1
PARK7,CGN,1,1
PARK7,CHEK2,1,1
PARK7,CHN2,1,1
PARK7,COG5,1,1
PARK7,COQ10B,1,1
PARK7,CSDE1,1,1
PARK7,CSF2RA,1,1
PARK7,DDOST,1,1
PARK7,DDT,1,1
PARK7,DTX3L,1,1
PARK7,EARS2,1,1
PARK7,ECE1,1,1
PARK7,EIF5A2,1,1
PARK7,EXOSC10,1,1
PARK7,EYA4,1,1
PARK7,FAM118A,1,1
PARK7,FAM19A3,1,1
PARK7,FANCI,1,1
PARK7,FEZF1,1,1
PARK7,FN1,1,1
PARK7,FOXRED2,1,1
PARK7,GET4,1,1
PARK7,GGH,1,1
PARK7,GNB1L,1,1
PARK7,GPHN,1,1
PARK7,GPR157,1,1
PARK7,GXYLT1,1,1
PARK7,HERC2P5,1,1
PARK7,HERC2P8,1,1
PARK7,HEY1,1,1
PARK7,HOXD4,1,1
PARK7,ID3,1,1
PARK7,IDH3A,1,1
PARK7,IMMP2L,1,1
PARK7,KDELC1,1,1
PARK7,KIAA2013,1,1
PARK7,KIF1B,1,1
PARK7,L3MBTL4,1,1
PARK7,LAMA1,1,1
PARK7,LAMP2,1,1
PARK7,LPXN,1,1
PARK7,LSR,1,1
PARK7,LYPLA2,1,1
PARK7,MAD2L2,1,1
PARK7,MCM3,1,1
PARK7,MCTP1,1,1
PARK7,MERTK,1,1
PARK7,MFN2,1,1
PARK7,MGAM,1,1
PARK7,MGAM2,1,1
PARK7,MLH3,1,1
PARK7,MLLT4,1,1
PARK7,MRFAP1,1,1
PARK7,MSL3P1,1,1
PARK7,MTFP1,1,1
PARK7,MTOR,1,1
PARK7,NBPF8,1,1
PARK7,NDUFS1,1,1
PARK7,NELFCD,1,1
PARK7,NEPRO,1,1
PARK7,NPAS2,1,1
PARK7,NRROS,1,1
PARK7,NUP50,1,1
PARK7,ORC5,1,1
PARK7,P3H3,1,1
PARK7,PARP9,1,1
PARK7,PDGFD,1,1
PARK7,PEX14,1,1
PARK7,PEX26,1,1
PARK7,PHGDH,1,1
PARK7,PHTF1,1,1
PARK7,PICK1,1,1
PARK7,PLCB4,1,1
PARK7,POLR2J,1,1
PARK7,PQLC2,1,1
PARK7,PSMA5,1,1
PARK7,PTTG1,1,1
PARK7,PYGB,1,1
PARK7,RAB17,1,1
PARK7,RBM19,1,1
PARK7,RBX1,1,1
PARK7,RCN3,1,1
PARK7,RFX7,1,1
PARK7,RLBP1,1,1
PARK7,RNF19A,1,1
PARK7,RPL11,1,1
PARK7,RPS6KA5,1,1
PARK7,RRP7BP,1,1
PARK7,RTCB,1,1
PARK7,RYBP,1,1
PARK7,SAMM50,1,1
PARK7,SCML4,1,1
PARK7,SEC22B,1,1
PARK7,SERGEF,1,1
PARK7,SLC25A33,1,1
PARK7,SNRNP25,1,1
PARK7,STK17B,1,1
PARK7,STOML2,1,1
PARK7,STRIP2,1,1
PARK7,TIMM50,1,1
PARK7,TMED9,1,1
PARK7,TMEM144,1,1
PARK7,TMEM201,1,1
PARK7,TMEM64,1,1
PARK7,TMF1,1,1
PARK7,TMUB1,1,1
PARK7,TP73,1,1
PARK7,TRABD,1,1
PARK7,TRMU,1,1
PARK7,TRPV4,1,1
PARK7,TTN,1,1
PARK7,TXN2,1,1
PARK7,UBE2J1,1,1
PARK7,VAV3,1,1
PARK7,VCX3B,1,1
PARK7,VPS45,1,1
PARK7,WDR47,1,1
PARK7,WDR77,1,1
PARK7,ZC3H11B,1,1
PARK7,ZC3HC1,1,1
PARK7,ZNF114,1,1
PARK7,ZNF503,1,1
PARK7,ZNF776,1,1
ZC3H11B,ACAN,1,1
ZC3H11B,ACOT7,1,1
ZC3H11B,ADAMTS17,1,1
ZC3H11B,AK2,1,1
ZC3H11B,AKR7A2,1,1
ZC3H11B,ALDH1B1,1,1
ZC3H11B,ANAPC7,1,1
ZC3H11B,APITD1,1,1
ZC3H11B,ARHGEF39,1,1
ZC3H11B,ARMC10,1,1
ZC3H11B,ATAD3B,1,1
ZC3H11B,ATXN7L3B,1,1
ZC3H11B,B3GALT6,1,1
ZC3H11B,BAIAP2L2,1,1
ZC3H11B,BCAS2,1,1
ZC3H11B,BICDL1,1,1
ZC3H11B,BLCAP,1,1
ZC3H11B,C2ORF69,1,1
ZC3H11B,CADPS,1,1
ZC3H11B,CAPZA2,1,1
ZC3H11B,CARHSP1,1,1
ZC3H11B,CEP41,1,1
ZC3H11B,CGN,1,1
ZC3H11B,CHEK2,1,1
ZC3H11B,CHRNA7,1,1
ZC3H11B,COG5,1,1
ZC3H11B,COQ10B,1,1
ZC3H11B,CSDE1,1,1
ZC3H11B,DDOST,1,1
ZC3H11B,DDT,1,1
ZC3H11B,EARS2,1,1
ZC3H11B,ECE1,1,1
ZC3H11B,EIF5A2,1,1
ZC3H11B,EXOSC10,1,1
ZC3H11B,EYA4,1,1
ZC3H11B,FAM118A,1,1
ZC3H11B,FAM19A3,1,1
ZC3H11B,FN1,1,1
ZC3H11B,FOXRED2,1,1
ZC3H11B,GLS,1,1
ZC3H11B,GNB1L,1,1
ZC3H11B,GPHN,1,1
ZC3H11B,GPR157,1,1
ZC3H11B,GTPBP10,1,1
ZC3H11B,GXYLT1,1,1
ZC3H11B,HERC2P5,1,1
ZC3H11B,HERC2P8,1,1
ZC3H11B,HEY1,1,1
ZC3H11B,ID3,1,1
ZC3H11B,IDH3A,1,1
ZC3H11B,IGF2BP3,1,1
ZC3H11B,IMMP2L,1,1
ZC3H11B,ITGAV,1,1
ZC3H11B,KDELC1,1,1
ZC3H11B,KIAA2013,1,1
ZC3H11B,L3MBTL4,1,1
ZC3H11B,LPXN,1,1
ZC3H11B,LRP12,1,1
ZC3H11B,LSR,1,1
ZC3H11B,MAD2L2,1,1
ZC3H11B,MCM3,1,1
ZC3H11B,MFN2,1,1
ZC3H11B,MGAM2,1,1
ZC3H11B,MLH3,1,1
ZC3H11B,MLLT4,1,1
ZC3H11B,MRFAP1,1,1
ZC3H11B,MSL3P1,1,1
ZC3H11B,MTFP1,1,1
ZC3H11B,NBPF8,1,1
ZC3H11B,NELFCD,1,1
ZC3H11B,NEPRO,1,1
ZC3H11B,NPAS2,1,1
ZC3H11B,NRROS,1,1
ZC3H11B,NUDCD3,1,1
ZC3H11B,NUP43,1,1
ZC3H11B,NUP50,1,1
ZC3H11B,ORC5,1,1
ZC3H11B,P3H3,1,1
ZC3H11B,PARP9,1,1
ZC3H11B,PEX26,1,1
ZC3H11B,PHTF1,1,1
ZC3H11B,PLCB4,1,1
ZC3H11B,PLEKHB2,1,1
ZC3H11B,PPFIBP1,1,1
ZC3H11B,PQLC2,1,1
ZC3H11B,PSMA5,1,1
ZC3H11B,PYGB,1,1
ZC3H11B,RBM19,1,1
ZC3H11B,RBM28,1,1
ZC3H11B,RLBP1,1,1
ZC3H11B,RNF19A,1,1
ZC3H11B,RRP7BP,1,1
ZC3H11B,RTCB,1,1
ZC3H11B,RYBP,1,1
ZC3H11B,SCML4,1,1
ZC3H11B,SERGEF,1,1
ZC3H11B,SLC16A1,1,1
ZC3H11B,SLC25A33,1,1
ZC3H11B,SNRNP25,1,1
ZC3H11B,STK17B,1,1
ZC3H11B,STRIP2,1,1
ZC3H11B,SYNM,1,1
ZC3H11B,SYPL1,1,1
ZC3H11B,TBCA,1,1
ZC3H11B,TIMM50,1,1
ZC3H11B,TIMP3,1,1
ZC3H11B,TMED9,1,1
ZC3H11B,TMEM144,1,1
ZC3H11B,TMEM201,1,1
ZC3H11B,TMEM242,1,1
ZC3H11B,TMEM64,1,1
ZC3H11B,TMF1,1,1
ZC3H11B,TRABD,1,1
ZC3H11B,TRMU,1,1
ZC3H11B,TRPV4,1,1
ZC3H11B,TTN,1,1
ZC3H11B,UBE2J1,1,1
ZC3H11B,VAV3,1,1
ZC3H11B,WDR77,1,1
ZC3H11B,ZNF503,1,1
ZC3H11B,ZNF776,1,1
ZC3H11B,ZNF839,1,1
KIAA2013,ACOT7,1,1
KIAA2013,ADAMTS17,1,1
KIAA2013,AK2,1,1
KIAA2013,AKR7A2,1,1
KIAA2013,ALDH1B1,1,1
KIAA2013,ANAPC7,1,1
KIAA2013,APITD1,1,1
KIAA2013,ARHGEF39,1,1
KIAA2013,ATAD3B,1,1
KIAA2013,ATXN7L3B,1,1
KIAA2013,B3GALT6,1,1
KIAA2013,BAIAP2L2,1,1
KIAA2013,BCAS3,1,1
KIAA2013,BLCAP,1,1
KIAA2013,C1ORF112,1,1
KIAA2013,C2ORF69,1,1
KIAA2013,C5ORF34,1,1
KIAA2013,CADPS,1,1
KIAA2013,CAPZA2,1,1
KIAA2013,CARD16,1,1
KIAA2013,CARHSP1,1,1
KIAA2013,CEP41,1,1
KIAA2013,CGN,1,1
KIAA2013,CHEK2,1,1
KIAA2013,COG5,1,1
KIAA2013,COQ10B,1,1
KIAA2013,CSDE1,1,1
KIAA2013,DDOST,1,1
KIAA2013,DDT,1,1
KIAA2013,DYNC1I1,1,1
KIAA2013,EARS2,1,1
KIAA2013,ECE1,1,1
KIAA2013,EIF5A2,1,1
KIAA2013,EXOSC10,1,1
KIAA2013,EYA4,1,1
KIAA2013,FAM19A3,1,1
KIAA2013,FN1,1,1
KIAA2013,FOXRED2,1,1
KIAA2013,GET4,1,1
KIAA2013,GLDC,1,1
KIAA2013,GLS,1,1
KIAA2013,GNB1L,1,1
KIAA2013,GPR157,1,1
KIAA2013,GXYLT1,1,1
KIAA2013,HERC2P8,1,1
KIAA2013,HEY1,1,1
KIAA2013,HOXD4,1,1
KIAA2013,ID3,1,1
KIAA2013,IDH3A,1,1
KIAA2013,IMMP2L,1,1
KIAA2013,ITGAV,1,1
KIAA2013,KDELC1,1,1
KIAA2013,KIRREL,1,1
KIAA2013,L3MBTL4,1,1
KIAA2013,LPXN,1,1
KIAA2013,LRP12,1,1
KIAA2013,LSR,1,1
KIAA2013,MAD2L2,1,1
KIAA2013,MCM3,1,1
KIAA2013,MFN2,1,1
KIAA2013,MGAM,1,1
KIAA2013,MGAM2,1,1
KIAA2013,MLH3,1,1
KIAA2013,MLLT4,1,1
KIAA2013,MRFAP1,1,1
KIAA2013,MSL3P1,1,1
KIAA2013,MTFP1,1,1
KIAA2013,MUL1,1,1
KIAA2013,NBPF8,1,1
KIAA2013,NELFCD,1,1
KIAA2013,NPAS2,1,1
KIAA2013,NRROS,1,1
KIAA2013,NUDCD3,1,1
KIAA2013,NUP43,1,1
KIAA2013,NUP50,1,1
KIAA2013,ORC5,1,1
KIAA2013,P3H3,1,1
KIAA2013,PANX2,1,1
KIAA2013,PARP9,1,1
KIAA2013,PEX26,1,1
KIAA2013,PHTF1,1,1
KIAA2013,PPFIBP1,1,1
KIAA2013,PQLC2,1,1
KIAA2013,PSMA5,1,1
KIAA2013,PYGB,1,1
KIAA2013,RBM19,1,1
KIAA2013,RBM28,1,1
KIAA2013,RBX1,1,1
KIAA2013,RFX7,1,1
KIAA2013,RLBP1,1,1
KIAA2013,RNF19A,1,1
KIAA2013,RRP7BP,1,1
KIAA2013,RTCB,1,1
KIAA2013,RYBP,1,1
KIAA2013,SH3BP1,1,1
KIAA2013,SLC25A33,1,1
KIAA2013,SLC35F5,1,1
KIAA2013,SNRNP25,1,1
KIAA2013,SNX17,1,1
KIAA2013,STK17B,1,1
KIAA2013,STRIP2,1,1
KIAA2013,SYNM,1,1
KIAA2013,SYPL1,1,1
KIAA2013,TBCA,1,1
KIAA2013,TIMM50,1,1
KIAA2013,TIMP3,1,1
KIAA2013,TMED9,1,1
KIAA2013,TMEM201,1,1
KIAA2013,TMEM242,1,1
KIAA2013,TMEM64,1,1
KIAA2013,TMF1,1,1
KIAA2013,TRABD,1,1
KIAA2013,TRMU,1,1
KIAA2013,TRPV4,1,1
KIAA2013,TTN,1,1
KIAA2013,UFD1L,1,1
KIAA2013,VAV3,1,1
KIAA2013,VPS45,1,1
KIAA2013,WDR77,1,1
KIAA2013,ZC3HC1,1,1
KIAA2013,ZMYM1,1,1
KIAA2013,ZNF503,1,1
KIAA2013,ZNF776,1,1
KIAA2013,ZNF839,1,1
VPS33B,CDKN2D,1,1
VPS33B,HIPK2,1,1
VPS33B,MFSD2A,1,1
VPS33B,TSPAN4,1,1
SLC4A4,DOCK9,1,1
SLC4A4,FPGT,1,1
SLC4A4,GDAP2,1,1
SLC4A4,HIBCH,1,1
SLC4A4,IDH3B,1,1
SLC4A4,KIN,1,1
SLC4A4,MAP4K3,1,1
SLC4A4,MCAM,1,1
SLC4A4,MMACHC,1,1
SLC4A4,MRPL46,1,1
SLC4A4,NAB1,1,1
SLC4A4,PGAP2,1,1
SLC4A4,RBFA,1,1
SLC4A4,RTFDC1,1,1
SLC4A4,SLAMF7,1,1
SLC4A4,SLC30A7,1,1
SLC4A4,SMG9,1,1
SLC4A4,TTC37,1,1
SLC4A4,ZNF525,1,1
SLC4A4,ZNF585B,1,1
PARN,ABHD17C,1,1
PARN,ATG5,1,1
PARN,CCDC47,1,1
PARN,RAC1,1,1
PARN,RCC2,1,1
PARN,ZC3HAV1,1,1
HERC2P5,ABHD12,1,1
HERC2P5,ACAN,1,1
HERC2P5,ACOT7,1,1
HERC2P5,ADAMTS17,1,1
HERC2P5,AL513523.1,1,1
HERC2P5,ANKRD27,1,1
HERC2P5,ANKRD30B,1,1
HERC2P5,APOL1,1,1
HERC2P5,ARL6IP5,1,1
HERC2P5,ASRGL1,1,1
HERC2P5,ATAD3B,1,1
HERC2P5,ATP11A,1,1
HERC2P5,ATP6V0D2,1,1
HERC2P5,BICDL1,1,1
HERC2P5,BIRC7,1,1
HERC2P5,BMP8B,1,1
HERC2P5,C2ORF69,1,1
HERC2P5,CADPS,1,1
HERC2P5,CAPG,1,1
HERC2P5,CHN2,1,1
HERC2P5,CHRNA7,1,1
HERC2P5,CSF2RA,1,1
HERC2P5,DFFA,1,1
HERC2P5,DPY19L2P2,1,1
HERC2P5,DTX3L,1,1
HERC2P5,EIF5A2,1,1
HERC2P5,ENTPD6,1,1
HERC2P5,EXOSC10,1,1
HERC2P5,FAM118A,1,1
HERC2P5,FAM19A3,1,1
HERC2P5,FANCI,1,1
HERC2P5,FEZF1,1,1
HERC2P5,FN1,1,1
HERC2P5,GCLM,1,1
HERC2P5,GDAP2,1,1
HERC2P5,GPHN,1,1
HERC2P5,GPR157,1,1
HERC2P5,HERC2P8,1,1
HERC2P5,HEY1,1,1
HERC2P5,HSPA8P8,1,1
HERC2P5,HSPA8P9,1,1
HERC2P5,KCTD14,1,1
HERC2P5,KIF7,1,1
HERC2P5,LHX8,1,1
HERC2P5,LONRF3,1,1
HERC2P5,LPXN,1,1
HERC2P5,LSR,1,1
HERC2P5,LYPLA2,1,1
HERC2P5,MAD2L2,1,1
HERC2P5,MCTP1,1,1
HERC2P5,MERTK,1,1
HERC2P5,MGAM2,1,1
HERC2P5,MRFAP1,1,1
HERC2P5,NBPF8,1,1
HERC2P5,NEPRO,1,1
HERC2P5,NPAS2,1,1
HERC2P5,NT5DC3,1,1
HERC2P5,PEX14,1,1
HERC2P5,PGAP2,1,1
HERC2P5,PHF13,1,1
HERC2P5,PHGDH,1,1
HERC2P5,PHTF1,1,1
HERC2P5,PIK3R3,1,1
HERC2P5,PLCB4,1,1
HERC2P5,POLE4,1,1
HERC2P5,POLR2J,1,1
HERC2P5,PRKG2,1,1
HERC2P5,RBX1,1,1
HERC2P5,RCN3,1,1
HERC2P5,RLBP1,1,1
HERC2P5,RP11-159J3.1,1,1
HERC2P5,RPH3A,1,1
HERC2P5,RPL11,1,1
HERC2P5,RPS6KA5,1,1
HERC2P5,RTFDC1,1,1
HERC2P5,RYBP,1,1
HERC2P5,SCML4,1,1
HERC2P5,SEC22B,1,1
HERC2P5,SERGEF,1,1
HERC2P5,SFI1,1,1
HERC2P5,SLAMF7,1,1
HERC2P5,SNRNP25,1,1
HERC2P5,SPP1,1,1
HERC2P5,SPRR2D,1,1
HERC2P5,STAT1,1,1
HERC2P5,TMC3,1,1
HERC2P5,TMEM144,1,1
HERC2P5,TMEM64,1,1
HERC2P5,TMF1,1,1
HERC2P5,TMUB1,1,1
HERC2P5,TP73,1,1
HERC2P5,TRPV4,1,1
HERC2P5,TTN,1,1
HERC2P5,TUB,1,1
HERC2P5,UBE2J1,1,1
HERC2P5,VAV3,1,1
HERC2P5,VCX3B,1,1
HERC2P5,ZDHHC11B,1,1
HERC2P5,ZNF114,1,1
HERC2P5,ZNF503,1,1
HERC2P5,ZNF776,1,1
HERC2P5,ZYG11A,1,1
SETD3,DDX24,1,1
SETD3,FERMT2,1,1
SETD3,POMGNT1,1,1
SETD3,TRIM14,1,1
SETD3,ZNF789,1,1
SETD3,ZNF814,1,1
SLC9A8,ATL1,1,1
SLC9A8,C20ORF194,1,1
SLC9A8,CARD8,1,1
SLC9A8,CPEB1,1,1
SLC9A8,NAPB,1,1
SLC9A8,RP11-544M22.13,1,1
SPRY1,AGAP3,1,1
SPRY1,AKR7A2,1,1
SPRY1,ARPC1A,1,1
SPRY1,BLCAP,1,1
SPRY1,CARD16,1,1
SPRY1,CARHSP1,1,1
SPRY1,CINP,1,1
SPRY1,FAM167B,1,1
SPRY1,FAM19A3,1,1
SPRY1,FN1,1,1
SPRY1,FOXRED2,1,1
SPRY1,FRMD4B,1,1
SPRY1,GPR157,1,1
SPRY1,HTRA1,1,1
SPRY1,IGF1R,1,1
SPRY1,JAK2,1,1
SPRY1,LAMA1,1,1
SPRY1,LAMP2,1,1
SPRY1,LAMTOR5,1,1
SPRY1,LMF2,1,1
SPRY1,LPXN,1,1
SPRY1,MAPK1,1,1
SPRY1,MRFAP1,1,1
SPRY1,MSL3P1,1,1
SPRY1,MTOR,1,1
SPRY1,NADK,1,1
SPRY1,NBPF8,1,1
SPRY1,NRROS,1,1
SPRY1,PEX10,1,1
SPRY1,PNKD,1,1
SPRY1,POLG,1,1
SPRY1,POMGNT1,1,1
SPRY1,PQLC2,1,1
SPRY1,RAB17,1,1
SPRY1,RYBP,1,1
SPRY1,SFI1,1,1
SPRY1,SLC23A2,1,1
SPRY1,SLC25A33,1,1
SPRY1,SQSTM1,1,1
SPRY1,STXBP3,1,1
SPRY1,TESK2,1,1
SPRY1,TMEM201,1,1
SPRY1,TRPV2,1,1
SPRY1,TTN,1,1
SPRY1,TXN2,1,1
SPRY1,UBE2J1,1,1
SPRY1,VAV3,1,1
SPRY1,VCP,1,1
SPRY1,WDR47,1,1
SPRY1,ZNF503,1,1
MOV10,ADAR,1,1
MOV10,ALKBH6,1,1
MOV10,ARHGEF39,1,1
MOV10,ATXN7L3B,1,1
MOV10,BCAS3,1,1
MOV10,BET1,1,1
MOV10,C11ORF57,1,1
MOV10,C1ORF112,1,1
MOV10,CARD16,1,1
MOV10,CEP41,1,1
MOV10,CHEK2,1,1
MOV10,COG5,1,1
MOV10,COX5B,1,1
MOV10,DDOST,1,1
MOV10,FBXO6,1,1
MOV10,GDPD1,1,1
MOV10,GFPT1,1,1
MOV10,HEY1,1,1
MOV10,HTRA1,1,1
MOV10,IMMP2L,1,1
MOV10,ITGAV,1,1
MOV10,JAK2,1,1
MOV10,KDELC1,1,1
MOV10,L3MBTL4,1,1
MOV10,LAMP2,1,1
MOV10,LSM 1.00,1,1
MOV10,MSL3P1,1,1
MOV10,NSMCE3,1,1
MOV10,NUDCD3,1,1
MOV10,PANX2,1,1
MOV10,PARP9,1,1
MOV10,PTPRK,1,1
MOV10,RAB17,1,1
MOV10,RNF207,1,1
MOV10,RNF43,1,1
MOV10,SARS,1,1
MOV10,SDF4,1,1
MOV10,SNX17,1,1
MOV10,SORL1,1,1
MOV10,STRIP2,1,1
MOV10,SYNM,1,1
MOV10,TESK2,1,1
MOV10,TIMM50,1,1
MOV10,TIMP3,1,1
MOV10,TMED9,1,1
MOV10,TMEM242,1,1
MOV10,TRPV2,1,1
MOV10,WASL,1,1
HLA-F,CCDC115,1,1
HLA-F,CCDC36,1,1
HLA-F,CD40,1,1
HLA-F,EIF5AL1,1,1
HLA-F,GSTO1,1,1
HLA-F,HP1BP3,1,1
HLA-F,ICMT,1,1
HLA-F,KIAA1033,1,1
HLA-F,NAV2,1,1
HLA-F,RBBP4,1,1
HLA-F,RTCA,1,1
HLA-F,SLC44A3,1,1
YTHDF2,ISCA2,1,1
YTHDF2,POLR1A,1,1
YTHDF2,RCC2,1,1
YTHDF2,SLC16A1,1,1
YTHDF2,UBXN8,1,1
ANKLE2,CENPB,1,1
ANKLE2,IDH3B,1,1
ANKLE2,LENG9,1,1
ANKLE2,MID1IP1,1,1
ANKLE2,MPDU1,1,1
ANKLE2,NIPA2,1,1
ANKLE2,RBFA,1,1
ANKLE2,RBM39,1,1
ANKLE2,UBE2L3,1,1
TRIP12,ALDH1B1,1,1
TRIP12,ARMC10,1,1
TRIP12,ASCC2,1,1
TRIP12,BCAS2,1,1
TRIP12,CADPS,1,1
TRIP12,CAPZA2,1,1
TRIP12,CLDN12,1,1
TRIP12,CMAS,1,1
TRIP12,COQ10B,1,1
TRIP12,CSDE1,1,1
TRIP12,ELOVL5,1,1
TRIP12,ENO1,1,1
TRIP12,EYA4,1,1
TRIP12,FAM91A1,1,1
TRIP12,FOPNL,1,1
TRIP12,GLS,1,1
TRIP12,GSR,1,1
TRIP12,GTPBP10,1,1
TRIP12,GXYLT1,1,1
TRIP12,ID3,1,1
TRIP12,IGF2BP3,1,1
TRIP12,KIRREL,1,1
TRIP12,LRP12,1,1
TRIP12,LRRC37A2,1,1
TRIP12,LRWD1,1,1
TRIP12,MAD2L2,1,1
TRIP12,NCKAP1,1,1
TRIP12,NIPAL3,1,1
TRIP12,NUP43,1,1
TRIP12,NUP50,1,1
TRIP12,ORC5,1,1
TRIP12,P3H3,1,1
TRIP12,PLEKHB2,1,1
TRIP12,PSMA5,1,1
TRIP12,PYGB,1,1
TRIP12,RNF19A,1,1
TRIP12,RTCB,1,1
TRIP12,SHQ1,1,1
TRIP12,STK38L,1,1
TRIP12,TMEM38B,1,1
TRIP12,TMF1,1,1
TRIP12,TRMU,1,1
TRIP12,UFD1L,1,1
TRIP12,VDR,1,1
SAMD9,SLC45A2,1,1
SAMD9,TNFAIP3,1,1
WLS,VGLL4,1,1
PRRG1,DDX60L,1,1
PRRG1,EIF5AL1,1,1
PRRG1,EVA1A,1,1
PRRG1,GSTO1,1,1
PRRG1,HERC5,1,1
PRRG1,LIMD1,1,1
PRRG1,MCOLN3,1,1
PRRG1,MLF 2.00,1,1
PRRG1,OR2A20P,1,1
PRRG1,RBBP4,1,1
PRRG1,SOX13,1,1
PRRG1,STIM1,1,1
PRRG1,STXBP2,1,1
PRRG1,TP73-AS1,1,1
AL513523.1,ABHD12,1,1
AL513523.1,ACAN,1,1
AL513523.1,ACOT7,1,1
AL513523.1,ADAMTS17,1,1
AL513523.1,AK6,1,1
AL513523.1,AKR7A2,1,1
AL513523.1,ANAPC5,1,1
AL513523.1,ANKRD30B,1,1
AL513523.1,ARHGEF35,1,1
AL513523.1,ASRGL1,1,1
AL513523.1,ATAD3B,1,1
AL513523.1,ATP6V0D2,1,1
AL513523.1,BICDL1,1,1
AL513523.1,BIRC7,1,1
AL513523.1,BLCAP,1,1
AL513523.1,BMP8B,1,1
AL513523.1,CAPG,1,1
AL513523.1,CARHSP1,1,1
AL513523.1,CD36,1,1
AL513523.1,CEACAM1,1,1
AL513523.1,CHN2,1,1
AL513523.1,CLDN14,1,1
AL513523.1,CPTP,1,1
AL513523.1,CSF2RA,1,1
AL513523.1,DDRGK1,1,1
AL513523.1,DFFA,1,1
AL513523.1,DPY19L2P2,1,1
AL513523.1,DTX3L,1,1
AL513523.1,ECE1,1,1
AL513523.1,EIF5A2,1,1
AL513523.1,ENTPD6,1,1
AL513523.1,EXOSC10,1,1
AL513523.1,FAAP20,1,1
AL513523.1,FAM102B,1,1
AL513523.1,FAM118A,1,1
AL513523.1,FAM19A3,1,1
AL513523.1,FANCI,1,1
AL513523.1,FEZF1,1,1
AL513523.1,FN1,1,1
AL513523.1,GDAP2,1,1
AL513523.1,GNB1L,1,1
AL513523.1,GPHN,1,1
AL513523.1,GPR157,1,1
AL513523.1,HENMT1,1,1
AL513523.1,HERC2P8,1,1
AL513523.1,HSD17B11,1,1
AL513523.1,HSPA8P8,1,1
AL513523.1,HSPA8P9,1,1
AL513523.1,KCTD14,1,1
AL513523.1,KLHL21,1,1
AL513523.1,LAMA1,1,1
AL513523.1,LHX8,1,1
AL513523.1,LIMK2,1,1
AL513523.1,LINS1,1,1
AL513523.1,LMF2,1,1
AL513523.1,LONRF3,1,1
AL513523.1,LPXN,1,1
AL513523.1,LRRC47,1,1
AL513523.1,LRRC61,1,1
AL513523.1,LSR,1,1
AL513523.1,LYPLA2,1,1
AL513523.1,MCM3,1,1
AL513523.1,MERTK,1,1
AL513523.1,MGAM2,1,1
AL513523.1,MRFAP1,1,1
AL513523.1,NBPF8,1,1
AL513523.1,NRROS,1,1
AL513523.1,PDE4B,1,1
AL513523.1,PEX14,1,1
AL513523.1,PHGDH,1,1
AL513523.1,PIK3R3,1,1
AL513523.1,PIM3,1,1
AL513523.1,PLEKHA7,1,1
AL513523.1,PRKG2,1,1
AL513523.1,PYGB,1,1
AL513523.1,RBM19,1,1
AL513523.1,RBX1,1,1
AL513523.1,RP11-327P2.7,1,1
AL513523.1,RPA2,1,1
AL513523.1,RPH3A,1,1
AL513523.1,RPL11,1,1
AL513523.1,RPS6KA5,1,1
AL513523.1,RTFDC1,1,1
AL513523.1,RYBP,1,1
AL513523.1,SAMM50,1,1
AL513523.1,SCML4,1,1
AL513523.1,SEC22B,1,1
AL513523.1,SERGEF,1,1
AL513523.1,SLAMF7,1,1
AL513523.1,SLC25A33,1,1
AL513523.1,SNRNP25,1,1
AL513523.1,SS18L1,1,1
AL513523.1,STAT1,1,1
AL513523.1,TMC3,1,1
AL513523.1,TMEM144,1,1
AL513523.1,TMEM201,1,1
AL513523.1,TMEM64,1,1
AL513523.1,TP73,1,1
AL513523.1,TRPA1,1,1
AL513523.1,TRPV4,1,1
AL513523.1,TUB,1,1
AL513523.1,UBE2J1,1,1
AL513523.1,VAPB,1,1
AL513523.1,VAV3,1,1
AL513523.1,VCX3B,1,1
AL513523.1,ZDHHC11B,1,1
AL513523.1,ZNF114,1,1
AL513523.1,ZNF43,1,1
AL513523.1,ZNF503,1,1
AL513523.1,ZYG11A,1,1
MLLT6,AIG1,1,1
MLLT6,ALDH1B1,1,1
MLLT6,ATG5,1,1
MLLT6,C5ORF34,1,1
MLLT6,C7ORF50,1,1
MLLT6,CASP8,1,1
MLLT6,CMAS,1,1
MLLT6,ENO1,1,1
MLLT6,FAM91A1,1,1
MLLT6,FOXN2,1,1
MLLT6,FZD6,1,1
MLLT6,IGF2BP3,1,1
MLLT6,KLHDC3,1,1
MLLT6,NCKAP1,1,1
MLLT6,NUP43,1,1
MLLT6,PABPC4,1,1
MLLT6,PHF2,1,1
MLLT6,PPP1R2,1,1
MLLT6,PSMA5,1,1
MLLT6,RDX,1,1
MLLT6,RPN2,1,1
MLLT6,TBRG1,1,1
MLLT6,TEAD2,1,1
MLLT6,TMEM115,1,1
MLLT6,TMEM38B,1,1
MLLT6,UFD1L,1,1
MLLT6,ZMYM1,1,1
HLA-DRB4,APOL1,1,1
HLA-DRB4,ATP6V0D2,1,1
HLA-DRB4,CAPG,1,1
HLA-DRB4,CSF2RA,1,1
HLA-DRB4,PSCA,1,1
HLA-DRB4,SPP1,1,1
HLA-DRB4,SPRR2D,1,1
HLA-DRB4,SQRDL,1,1
LAMA1,ABHD12,1,1
LAMA1,ACAN,1,1
LAMA1,ACOT7,1,1
LAMA1,ADAMTS17,1,1
LAMA1,AKR7A2,1,1
LAMA1,ANKRD30B,1,1
LAMA1,ARHGEF35,1,1
LAMA1,ARPC1A,1,1
LAMA1,ASRGL1,1,1
LAMA1,ATP11A,1,1
LAMA1,ATP6V0D2,1,1
LAMA1,ATP6V1C1,1,1
LAMA1,BICDL1,1,1
LAMA1,BIRC7,1,1
LAMA1,BLCAP,1,1
LAMA1,C7ORF49,1,1
LAMA1,CAPG,1,1
LAMA1,CARD16,1,1
LAMA1,CARHSP1,1,1
LAMA1,CD36,1,1
LAMA1,CD40,1,1
LAMA1,CDC42,1,1
LAMA1,CEACAM1,1,1
LAMA1,CHN2,1,1
LAMA1,CPTP,1,1
LAMA1,CSF2RA,1,1
LAMA1,DDRGK1,1,1
LAMA1,DPY19L2P2,1,1
LAMA1,DTNBP1,1,1
LAMA1,DTX3L,1,1
LAMA1,EARS2,1,1
LAMA1,EIF5A2,1,1
LAMA1,ENTPD6,1,1
LAMA1,EXOSC10,1,1
LAMA1,FAM102B,1,1
LAMA1,FAM118A,1,1
LAMA1,FAM19A3,1,1
LAMA1,FEZF1,1,1
LAMA1,FN1,1,1
LAMA1,FRMD4B,1,1
LAMA1,GGH,1,1
LAMA1,GPR157,1,1
LAMA1,HENMT1,1,1
LAMA1,HERC2P8,1,1
LAMA1,HSPA8P8,1,1
LAMA1,HSPA8P9,1,1
LAMA1,IMMP2L,1,1
LAMA1,JAK2,1,1
LAMA1,KCTD14,1,1
LAMA1,KIF1B,1,1
LAMA1,LAMP2,1,1
LAMA1,LAMTOR5,1,1
LAMA1,LDLRAD3,1,1
LAMA1,LHX8,1,1
LAMA1,LINS1,1,1
LAMA1,LMF2,1,1
LAMA1,LONRF3,1,1
LAMA1,LPXN,1,1
LAMA1,LRRC61,1,1
LAMA1,LSM 8.00,1,1
LAMA1,LZIC,1,1
LAMA1,MAPK1,1,1
LAMA1,MCM3,1,1
LAMA1,MED15,1,1
LAMA1,MERTK,1,1
LAMA1,MESDC1,1,1
LAMA1,MFN2,1,1
LAMA1,MGAM2,1,1
LAMA1,MLXIP,1,1
LAMA1,MRFAP1,1,1
LAMA1,MTOR,1,1
LAMA1,MUL1,1,1
LAMA1,NADK,1,1
LAMA1,NBPF8,1,1
LAMA1,NRROS,1,1
LAMA1,PDE4B,1,1
LAMA1,PDGFD,1,1
LAMA1,PEX10,1,1
LAMA1,PEX14,1,1
LAMA1,PHGDH,1,1
LAMA1,PHTF1,1,1
LAMA1,PIK3R3,1,1
LAMA1,PNKD,1,1
LAMA1,POLG,1,1
LAMA1,PQLC2,1,1
LAMA1,PRKG2,1,1
LAMA1,RAB17,1,1
LAMA1,RBM19,1,1
LAMA1,RBX1,1,1
LAMA1,RCN3,1,1
LAMA1,REPS1,1,1
LAMA1,RGS1,1,1
LAMA1,RP11-327P2.7,1,1
LAMA1,RPH3A,1,1
LAMA1,RPL11,1,1
LAMA1,RPS6KA5,1,1
LAMA1,RYBP,1,1
LAMA1,SAMM50,1,1
LAMA1,SBF1,1,1
LAMA1,SCML4,1,1
LAMA1,SEC22B,1,1
LAMA1,SERGEF,1,1
LAMA1,SFI1,1,1
LAMA1,SLC25A33,1,1
LAMA1,SLC37A3,1,1
LAMA1,STAT1,1,1
LAMA1,STXBP3,1,1
LAMA1,TESK2,1,1
LAMA1,TGFBR3,1,1
LAMA1,TMC3,1,1
LAMA1,TMEM201,1,1
LAMA1,TMEM51,1,1
LAMA1,TMEM64,1,1
LAMA1,TMUB1,1,1
LAMA1,TP73,1,1
LAMA1,TRPA1,1,1
LAMA1,TTN,1,1
LAMA1,TXN2,1,1
LAMA1,UBE2J1,1,1
LAMA1,USP48,1,1
LAMA1,VAV3,1,1
LAMA1,VCP,1,1
LAMA1,VCX3B,1,1
LAMA1,WDR47,1,1
LAMA1,ZDHHC11B,1,1
LAMA1,ZNF114,1,1
LAMA1,ZNF43,1,1
LAMA1,ZNF503,1,1
LAMA1,ZNF776,1,1
LAMA1,ZYG11A,1,1
COX5B,ADAR,1,1
COX5B,ARHGEF39,1,1
COX5B,BCAS3,1,1
COX5B,CARD16,1,1
COX5B,COG5,1,1
COX5B,DCAF4,1,1
COX5B,FAM167B,1,1
COX5B,FBXO6,1,1
COX5B,HTRA1,1,1
COX5B,IMMP2L,1,1
COX5B,IVNS1ABP,1,1
COX5B,LAMP2,1,1
COX5B,MSL3P1,1,1
COX5B,PARP9,1,1
COX5B,POT1,1,1
COX5B,PTPRK,1,1
COX5B,RAB17,1,1
COX5B,RCN3,1,1
COX5B,TESK2,1,1
COX5B,TRPV2,1,1
COX5B,TXN2,1,1
GNB1,AC013264.1,1,1
GNB1,ARPC1A,1,1
GNB1,ATP6V1C1,1,1
GNB1,ATP7B,1,1
GNB1,ATRN,1,1
GNB1,C7ORF49,1,1
GNB1,CA8,1,1
GNB1,CCDC115,1,1
GNB1,CD40,1,1
GNB1,CDK5R1,1,1
GNB1,CLSTN1,1,1
GNB1,CTD-3214H19.4,1,1
GNB1,DET1,1,1
GNB1,DTNBP1,1,1
GNB1,EVA1A,1,1
GNB1,FAM219A,1,1
GNB1,GSTO1,1,1
GNB1,GUCD1,1,1
GNB1,HERC5,1,1
GNB1,HP1BP3,1,1
GNB1,HPS5,1,1
GNB1,ICMT,1,1
GNB1,KIAA1033,1,1
GNB1,LSM 8.00,1,1
GNB1,LZIC,1,1
GNB1,MCOLN3,1,1
GNB1,MLF 2.00,1,1
GNB1,MRPL58,1,1
GNB1,MSI2,1,1
GNB1,NAGA,1,1
GNB1,NAV2,1,1
GNB1,NHEJ1,1,1
GNB1,NME7,1,1
GNB1,OAT,1,1
GNB1,PER3,1,1
GNB1,PPT2,1,1
GNB1,PRDM2,1,1
GNB1,PYCARD,1,1
GNB1,RAB11FIP4,1,1
GNB1,RBBP4,1,1
GNB1,RHOQ,1,1
GNB1,RMND1,1,1
GNB1,SBF1,1,1
GNB1,SIRPA,1,1
GNB1,SLC35B4,1,1
GNB1,SLC37A3,1,1
GNB1,SLC44A3,1,1
GNB1,SNX8,1,1
GNB1,SPSB1,1,1
GNB1,STXBP2,1,1
GNB1,TGFBR1,1,1
GNB1,TGFBR3,1,1
GNB1,TMEM51,1,1
GNB1,TPRG1L,1,1
GNB1,USP48,1,1
HERC5,AC009133.22,1,1
HERC5,ATP7B,1,1
HERC5,CCDC115,1,1
HERC5,CDK5R1,1,1
HERC5,CLSTN1,1,1
HERC5,CRTC3,1,1
HERC5,DET1,1,1
HERC5,EVA1A,1,1
HERC5,FAM161A,1,1
HERC5,GSTO1,1,1
HERC5,HP1BP3,1,1
HERC5,LNX2,1,1
HERC5,MAP9,1,1
HERC5,MCOLN3,1,1
HERC5,MLF 2.00,1,1
HERC5,MRPL58,1,1
HERC5,MSI2,1,1
HERC5,MVB12B,1,1
HERC5,NAGA,1,1
HERC5,OR2A20P,1,1
HERC5,PPM1K,1,1
HERC5,PRDM2,1,1
HERC5,PYCARD,1,1
HERC5,RAB11FIP4,1,1
HERC5,RBBP4,1,1
HERC5,RHOQ,1,1
HERC5,RMND1,1,1
HERC5,SIRPA,1,1
HERC5,SLC44A3,1,1
HERC5,SNX8,1,1
HERC5,SOX13,1,1
HERC5,STIM1,1,1
HERC5,STXBP2,1,1
HERC5,TGFBR1,1,1
HERC5,TP73-AS1,1,1
HERC5,TPRG1L,1,1
KCTD14,ABHD12,1,1
KCTD14,AC013264.1,1,1
KCTD14,ACAN,1,1
KCTD14,ACOT7,1,1
KCTD14,ADAMTS17,1,1
KCTD14,AKR7A2,1,1
KCTD14,ANKRD30B,1,1
KCTD14,APOL1,1,1
KCTD14,ARHGEF35,1,1
KCTD14,ARPC1A,1,1
KCTD14,ASRGL1,1,1
KCTD14,ATP11A,1,1
KCTD14,ATP6V0D2,1,1
KCTD14,ATP6V1C1,1,1
KCTD14,BICDL1,1,1
KCTD14,BIRC7,1,1
KCTD14,BLCAP,1,1
KCTD14,CAPG,1,1
KCTD14,CCDC36,1,1
KCTD14,CD36,1,1
KCTD14,CD40,1,1
KCTD14,CDC42,1,1
KCTD14,CDKN2B,1,1
KCTD14,CEACAM1,1,1
KCTD14,CHN2,1,1
KCTD14,CLDN14,1,1
KCTD14,CPTP,1,1
KCTD14,CSF2RA,1,1
KCTD14,DDRGK1,1,1
KCTD14,DPY19L2P2,1,1
KCTD14,DTNBP1,1,1
KCTD14,DTX3L,1,1
KCTD14,EIF5AL1,1,1
KCTD14,ENTPD6,1,1
KCTD14,EXOSC10,1,1
KCTD14,FAM102B,1,1
KCTD14,FAM118A,1,1
KCTD14,FAM19A3,1,1
KCTD14,FEZF1,1,1
KCTD14,FN1,1,1
KCTD14,FRMD4B,1,1
KCTD14,GDAP2,1,1
KCTD14,GUCD1,1,1
KCTD14,HENMT1,1,1
KCTD14,HERC2P8,1,1
KCTD14,HSPA8P8,1,1
KCTD14,HSPA8P9,1,1
KCTD14,ICMT,1,1
KCTD14,LDLRAD3,1,1
KCTD14,LHX8,1,1
KCTD14,LINS1,1,1
KCTD14,LMF2,1,1
KCTD14,LONRF3,1,1
KCTD14,LRRC61,1,1
KCTD14,LSM 8.00,1,1
KCTD14,LZIC,1,1
KCTD14,MAPK1,1,1
KCTD14,MERTK,1,1
KCTD14,MGAM2,1,1
KCTD14,MLXIP,1,1
KCTD14,MME,1,1
KCTD14,MTOR,1,1
KCTD14,MYB,1,1
KCTD14,NBPF8,1,1
KCTD14,PDE4B,1,1
KCTD14,PDGFD,1,1
KCTD14,PEX14,1,1
KCTD14,PHGDH,1,1
KCTD14,PIK3R3,1,1
KCTD14,PNKD,1,1
KCTD14,POLG,1,1
KCTD14,PRKG2,1,1
KCTD14,RAB17,1,1
KCTD14,RBX1,1,1
KCTD14,RGS1,1,1
KCTD14,RP11-159J3.1,1,1
KCTD14,RP11-327P2.7,1,1
KCTD14,RPH3A,1,1
KCTD14,RPL11,1,1
KCTD14,RPS6KA5,1,1
KCTD14,SAMM50,1,1
KCTD14,SBF1,1,1
KCTD14,SCML4,1,1
KCTD14,SEC22B,1,1
KCTD14,SFI1,1,1
KCTD14,SLC25A33,1,1
KCTD14,SLC37A3,1,1
KCTD14,SQRDL,1,1
KCTD14,SS18L1,1,1
KCTD14,STAT1,1,1
KCTD14,TGFBR3,1,1
KCTD14,TMC3,1,1
KCTD14,TMEM51,1,1
KCTD14,TMEM64,1,1
KCTD14,TMUB1,1,1
KCTD14,TP73,1,1
KCTD14,TRPA1,1,1
KCTD14,TUB,1,1
KCTD14,TXN2,1,1
KCTD14,UBE2J1,1,1
KCTD14,VAPB,1,1
KCTD14,VAV3,1,1
KCTD14,VCX3B,1,1
KCTD14,WDR47,1,1
KCTD14,ZC3H4,1,1
KCTD14,ZDHHC11B,1,1
KCTD14,ZNF114,1,1
KCTD14,ZNF43,1,1
KCTD14,ZNF503,1,1
KCTD14,ZYG11A,1,1
CRTC3,AC009133.22,1,1
CRTC3,ATL1,1,1
CRTC3,C20ORF194,1,1
CRTC3,CDK5R1,1,1
CRTC3,CDKN2D,1,1
CRTC3,COMMD9,1,1
CRTC3,CPEB1,1,1
CRTC3,DDX60L,1,1
CRTC3,FAM161A,1,1
CRTC3,GSTO1,1,1
CRTC3,KIAA1033,1,1
CRTC3,LNX2,1,1
CRTC3,MFSD9,1,1
CRTC3,MLF 2.00,1,1
CRTC3,MVB12B,1,1
CRTC3,NHEJ1,1,1
CRTC3,PARVA,1,1
CRTC3,PER3,1,1
CRTC3,PPT2,1,1
CRTC3,PYCARD,1,1
CRTC3,RNF145,1,1
CRTC3,SHC1,1,1
CRTC3,SIRPA,1,1
CRTC3,SLC25A4,1,1
CRTC3,SOX13,1,1
CRTC3,STXBP2,1,1
CRTC3,TP73-AS1,1,1
CRTC3,TRPS1,1,1
CRTC3,TTC38,1,1
CRTC3,ZNF644,1,1
FAM91A1,ALDH1B1,1,1
FAM91A1,ARMC10,1,1
FAM91A1,ASCC2,1,1
FAM91A1,B4GALT6,1,1
FAM91A1,BCAS2,1,1
FAM91A1,C5ORF34,1,1
FAM91A1,C7ORF50,1,1
FAM91A1,CAPZA2,1,1
FAM91A1,CASP8,1,1
FAM91A1,CLDN12,1,1
FAM91A1,CMAS,1,1
FAM91A1,COQ10B,1,1
FAM91A1,CSDE1,1,1
FAM91A1,EIF3D,1,1
FAM91A1,ELOVL5,1,1
FAM91A1,ENO1,1,1
FAM91A1,EYA1,1,1
FAM91A1,EYA4,1,1
FAM91A1,FAM86DP,1,1
FAM91A1,FOXN2,1,1
FAM91A1,FZD6,1,1
FAM91A1,GSR,1,1
FAM91A1,GTPBP10,1,1
FAM91A1,ID3,1,1
FAM91A1,IGF2BP3,1,1
FAM91A1,KIRREL,1,1
FAM91A1,KLHDC3,1,1
FAM91A1,KPNA6,1,1
FAM91A1,LRP12,1,1
FAM91A1,LRRC37A2,1,1
FAM91A1,LRWD1,1,1
FAM91A1,MRFAP1L1,1,1
FAM91A1,MTPN,1,1
FAM91A1,NCKAP1,1,1
FAM91A1,NIPAL3,1,1
FAM91A1,NUDC,1,1
FAM91A1,NUP43,1,1
FAM91A1,P3H3,1,1
FAM91A1,PHF2,1,1
FAM91A1,PSMA5,1,1
FAM91A1,RPN2,1,1
FAM91A1,RTCB,1,1
FAM91A1,SHQ1,1,1
FAM91A1,SLC35E3,1,1
FAM91A1,SLC5A6,1,1
FAM91A1,STK38L,1,1
FAM91A1,TBRG1,1,1
FAM91A1,TMEM38B,1,1
FAM91A1,UFD1L,1,1
FAM91A1,VDR,1,1
ZNF43,ABHD12,1,1
ZNF43,AC013264.1,1,1
ZNF43,ACAN,1,1
ZNF43,AGL,1,1
ZNF43,AKAP9,1,1
ZNF43,AKR7A2,1,1
ZNF43,ANKRD30B,1,1
ZNF43,AP5S1,1,1
ZNF43,ARHGEF35,1,1
ZNF43,ARPC1A,1,1
ZNF43,ASRGL1,1,1
ZNF43,ATP11A,1,1
ZNF43,ATP6V0D2,1,1
ZNF43,ATP6V1C1,1,1
ZNF43,ATRN,1,1
ZNF43,BICDL1,1,1
ZNF43,BIRC7,1,1
ZNF43,C7ORF49,1,1
ZNF43,CA8,1,1
ZNF43,CAPG,1,1
ZNF43,CCDC115,1,1
ZNF43,CCDC36,1,1
ZNF43,CD36,1,1
ZNF43,CD40,1,1
ZNF43,CDC42,1,1
ZNF43,CDKN2B,1,1
ZNF43,CEACAM1,1,1
ZNF43,CHN2,1,1
ZNF43,CPTP,1,1
ZNF43,DDRGK1,1,1
ZNF43,DPY19L2P2,1,1
ZNF43,DTNBP1,1,1
ZNF43,EIF5AL1,1,1
ZNF43,ENTPD6,1,1
ZNF43,EXOSC10,1,1
ZNF43,FAM102B,1,1
ZNF43,FAM118A,1,1
ZNF43,FRMD4B,1,1
ZNF43,GSTO1,1,1
ZNF43,GUCD1,1,1
ZNF43,HENMT1,1,1
ZNF43,HP1BP3,1,1
ZNF43,HSPA8P8,1,1
ZNF43,HSPA8P9,1,1
ZNF43,ICMT,1,1
ZNF43,LDLRAD3,1,1
ZNF43,LHX8,1,1
ZNF43,LINS1,1,1
ZNF43,LMF2,1,1
ZNF43,LONRF3,1,1
ZNF43,LRRC61,1,1
ZNF43,LSM 8.00,1,1
ZNF43,LZIC,1,1
ZNF43,MAPK1,1,1
ZNF43,MCOLN3,1,1
ZNF43,MERTK,1,1
ZNF43,MLXIP,1,1
ZNF43,MME,1,1
ZNF43,MYB,1,1
ZNF43,NAV2,1,1
ZNF43,NBPF8,1,1
ZNF43,PDE4B,1,1
ZNF43,PHGDH,1,1
ZNF43,PIK3R3,1,1
ZNF43,PITHD1,1,1
ZNF43,PNKD,1,1
ZNF43,POLG,1,1
ZNF43,PRDM2,1,1
ZNF43,PRKG2,1,1
ZNF43,RAB11FIP4,1,1
ZNF43,RAB17,1,1
ZNF43,RBBP4,1,1
ZNF43,RGS1,1,1
ZNF43,RP11-159J3.1,1,1
ZNF43,RP11-327P2.7,1,1
ZNF43,RPH3A,1,1
ZNF43,RPL11,1,1
ZNF43,RPS6KA5,1,1
ZNF43,SAMM50,1,1
ZNF43,SBF1,1,1
ZNF43,SFI1,1,1
ZNF43,SIRPA,1,1
ZNF43,SLC37A3,1,1
ZNF43,SLC44A3,1,1
ZNF43,SPON2,1,1
ZNF43,SQRDL,1,1
ZNF43,SS18L1,1,1
ZNF43,STAT1,1,1
ZNF43,TGFBR1,1,1
ZNF43,TGFBR3,1,1
ZNF43,TMEM51,1,1
ZNF43,TP73,1,1
ZNF43,TRPA1,1,1
ZNF43,UBE2J1,1,1
ZNF43,USP48,1,1
ZNF43,VAPB,1,1
ZNF43,VAV3,1,1
ZNF43,VCX3B,1,1
ZNF43,ZC3H4,1,1
ZNF43,ZDHHC11B,1,1
ZNF43,ZNF114,1,1
ZNF43,ZNF503,1,1
ZNF43,ZYG11A,1,1
DDX60L,ATL1,1,1
DDX60L,EIF5AL1,1,1
DDX60L,GSTO1,1,1
DDX60L,LNX2,1,1
DDX60L,MLF 2.00,1,1
DDX60L,MVB12B,1,1
DDX60L,OR2A20P,1,1
DDX60L,RNF145,1,1
DDX60L,SLC25A4,1,1
DDX60L,SOX13,1,1
DDX60L,TP73-AS1,1,1
DDX60L,TRPS1,1,1
SPRR2D,ACAN,1,1
SPRR2D,ACOT7,1,1
SPRR2D,ADAMTS17,1,1
SPRR2D,ANKRD30B,1,1
SPRR2D,APOL1,1,1
SPRR2D,ATP6V0D2,1,1
SPRR2D,BICDL1,1,1
SPRR2D,CAPG,1,1
SPRR2D,CHN2,1,1
SPRR2D,CSF2RA,1,1
SPRR2D,DPY19L2P2,1,1
SPRR2D,DTX3L,1,1
SPRR2D,LDLRAD3,1,1
SPRR2D,MCTP1,1,1
SPRR2D,MERTK,1,1
SPRR2D,NBPF8,1,1
SPRR2D,NPAS2,1,1
SPRR2D,PHF13,1,1
SPRR2D,PIK3R3,1,1
SPRR2D,PRKG2,1,1
SPRR2D,PSCA,1,1
SPRR2D,RPH3A,1,1
SPRR2D,RPL11,1,1
SPRR2D,SERGEF,1,1
SPRR2D,SPP1,1,1
SPRR2D,SQRDL,1,1
SPRR2D,TMUB1,1,1
SPRR2D,TP73,1,1
SPRR2D,TTN,1,1
SPRR2D,VAV3,1,1
SPRR2D,ZNF114,1,1
SPRR2D,ZYG11A,1,1
LSM 8.00,AC013264.1,1,1
LSM 8.00,AGL,1,1
LSM 8.00,ARPC1A,1,1
LSM 8.00,ATP11A,1,1
LSM 8.00,ATP6V1C1,1,1
LSM 8.00,C7ORF49,1,1
LSM 8.00,CA8,1,1
LSM 8.00,CBX5,1,1
LSM 8.00,CCDC115,1,1
LSM 8.00,CCDC36,1,1
LSM 8.00,CD40,1,1
LSM 8.00,CDC42,1,1
LSM 8.00,DTNBP1,1,1
LSM 8.00,EIF5AL1,1,1
LSM 8.00,EVA1A,1,1
LSM 8.00,FAM102B,1,1
LSM 8.00,FRMD4B,1,1
LSM 8.00,GSTO1,1,1
LSM 8.00,GUCD1,1,1
LSM 8.00,HP1BP3,1,1
LSM 8.00,HPS5,1,1
LSM 8.00,ICMT,1,1
LSM 8.00,LAMTOR5,1,1
LSM 8.00,LDLRAD3,1,1
LSM 8.00,LINS1,1,1
LSM 8.00,LZIC,1,1
LSM 8.00,MAP9,1,1
LSM 8.00,MAPK1,1,1
LSM 8.00,MCOLN3,1,1
LSM 8.00,MED15,1,1
LSM 8.00,MESDC1,1,1
LSM 8.00,MLXIP,1,1
LSM 8.00,MRPL58,1,1
LSM 8.00,MRPS33,1,1
LSM 8.00,MTA1,1,1
LSM 8.00,NADK,1,1
LSM 8.00,NAGA,1,1
LSM 8.00,NT5DC1,1,1
LSM 8.00,PEX10,1,1
LSM 8.00,PITHD1,1,1
LSM 8.00,PNKD,1,1
LSM 8.00,POLG,1,1
LSM 8.00,PRDM2,1,1
LSM 8.00,RAB11FIP4,1,1
LSM 8.00,RAB17,1,1
LSM 8.00,RBBP4,1,1
LSM 8.00,RHOQ,1,1
LSM 8.00,RMND1,1,1
LSM 8.00,SBF1,1,1
LSM 8.00,SIRPA,1,1
LSM 8.00,SLC37A3,1,1
LSM 8.00,SLC44A3,1,1
LSM 8.00,SNX8,1,1
LSM 8.00,SPECC1,1,1
LSM 8.00,SPON2,1,1
LSM 8.00,SPSB1,1,1
LSM 8.00,STXBP3,1,1
LSM 8.00,TESK2,1,1
LSM 8.00,TGFBR1,1,1
LSM 8.00,TGFBR3,1,1
LSM 8.00,TMEM51,1,1
LSM 8.00,TRPA1,1,1
LSM 8.00,USP48,1,1
LSM 8.00,VCP,1,1
LSM 8.00,ZFYVE16,1,1
LSM 8.00,ZNF814,1,1
HSD17B11,ABHD12,1,1
HSD17B11,CPTP,1,1
HSD17B11,DTX3L,1,1
HSD17B11,ENTPD6,1,1
HSD17B11,FAAP20,1,1
HSD17B11,RPL11,1,1
HSD17B11,RPL22,1,1
HSD17B11,STAT1,1,1
ZNF134,RCCD1,1,1
PALB2,FAM189B,1,1
PALB2,OAT,1,1
MAGEF1,COL4A5,1,1
MAGEF1,PTDSS2,1,1
ANKRD27,ACAN,1,1
ANKRD27,ACOT7,1,1
ANKRD27,ADAMTS17,1,1
ANKRD27,ASRGL1,1,1
ANKRD27,ATAD3B,1,1
ANKRD27,ATP6V0D2,1,1
ANKRD27,AURKAIP1,1,1
ANKRD27,BICDL1,1,1
ANKRD27,BMP8B,1,1
ANKRD27,C2ORF69,1,1
ANKRD27,CCDC18,1,1
ANKRD27,CCNO,1,1
ANKRD27,CLDN14,1,1
ANKRD27,CPTP,1,1
ANKRD27,CSF2RA,1,1
ANKRD27,DFFA,1,1
ANKRD27,DTX3L,1,1
ANKRD27,EXOSC10,1,1
ANKRD27,FAAP20,1,1
ANKRD27,FAM19A3,1,1
ANKRD27,FANCI,1,1
ANKRD27,FEZF1,1,1
ANKRD27,GDAP2,1,1
ANKRD27,HERC2P8,1,1
ANKRD27,KIF7,1,1
ANKRD27,LHX8,1,1
ANKRD27,LIMK2,1,1
ANKRD27,LONRF3,1,1
ANKRD27,LRRC47,1,1
ANKRD27,LSR,1,1
ANKRD27,LYPLA2,1,1
ANKRD27,MAD2L2,1,1
ANKRD27,MCM3,1,1
ANKRD27,MCTP1,1,1
ANKRD27,MERTK,1,1
ANKRD27,MGAM2,1,1
ANKRD27,MTFP1,1,1
ANKRD27,NCAPH2,1,1
ANKRD27,NDUFS1,1,1
ANKRD27,NPAS2,1,1
ANKRD27,NT5DC3,1,1
ANKRD27,PEX5,1,1
ANKRD27,PGAP2,1,1
ANKRD27,PIK3R3,1,1
ANKRD27,PLCB4,1,1
ANKRD27,POLE4,1,1
ANKRD27,POLR2J,1,1
ANKRD27,PRKG2,1,1
ANKRD27,PTTG1,1,1
ANKRD27,PYGB,1,1
ANKRD27,RBX1,1,1
ANKRD27,RPH3A,1,1
ANKRD27,RPS6KA5,1,1
ANKRD27,RTFDC1,1,1
ANKRD27,SCML4,1,1
ANKRD27,SEC22B,1,1
ANKRD27,SERGEF,1,1
ANKRD27,SLAMF7,1,1
ANKRD27,SMG9,1,1
ANKRD27,SNRNP25,1,1
ANKRD27,STOML2,1,1
ANKRD27,TMC3,1,1
ANKRD27,TMEM144,1,1
ANKRD27,TMEM64,1,1
ANKRD27,TMF1,1,1
ANKRD27,TP73,1,1
ANKRD27,TRPV4,1,1
ANKRD27,TSN,1,1
ANKRD27,VAPB,1,1
ANKRD27,VCX3B,1,1
ANKRD27,ZNF114,1,1
ANKRD27,ZNF189,1,1
B4GALT6,ARMC10,1,1
B4GALT6,CANX,1,1
B4GALT6,EYA1,1,1
B4GALT6,FOXN2,1,1
B4GALT6,GLS,1,1
B4GALT6,GTPBP10,1,1
B4GALT6,IGF2BP3,1,1
B4GALT6,LRWD1,1,1
B4GALT6,MTPN,1,1
B4GALT6,NCKAP1,1,1
B4GALT6,TAF13,1,1
B4GALT6,TMEM38B,1,1
ZNF839,AK2,1,1
ZNF839,BAIAP2L2,1,1
ZNF839,C1ORF112,1,1
ZNF839,CAPZA2,1,1
ZNF839,CARD16,1,1
ZNF839,CEP41,1,1
ZNF839,DDOST,1,1
ZNF839,EARS2,1,1
ZNF839,EVL,1,1
ZNF839,EYA4,1,1
ZNF839,FOXRED2,1,1
ZNF839,GDPD1,1,1
ZNF839,GLDC,1,1
ZNF839,KDELC1,1,1
ZNF839,LAMP2,1,1
ZNF839,LMAN2L,1,1
ZNF839,MFN2,1,1
ZNF839,MSL3P1,1,1
ZNF839,NELFCD,1,1
ZNF839,NRROS,1,1
ZNF839,NUDCD3,1,1
ZNF839,PPFIBP1,1,1
ZNF839,PQLC2,1,1
ZNF839,PTPRK,1,1
ZNF839,RHOJ,1,1
ZNF839,SDF4,1,1
ZNF839,SLC25A13,1,1
ZNF839,SLC35F5,1,1
ZNF839,SYNM,1,1
ZNF839,SYPL1,1,1
ZNF839,TBCA,1,1
ZNF839,TIMM50,1,1
ZNF839,TIMP3,1,1
ZNF839,TMED9,1,1
ZNF839,TMEM242,1,1
ZNF839,TRABD,1,1
ZNF839,VPS45,1,1
ZNF839,WASL,1,1
ZNF839,ZC3HAV1,1,1
PRKG2,ABHD12,1,1
PRKG2,ACAN,1,1
PRKG2,ACOT7,1,1
PRKG2,ADAMTS17,1,1
PRKG2,ANKRD30B,1,1
PRKG2,APOL1,1,1
PRKG2,ARHGEF35,1,1
PRKG2,ASRGL1,1,1
PRKG2,ATAD3B,1,1
PRKG2,ATP11A,1,1
PRKG2,ATP6V0D2,1,1
PRKG2,BICDL1,1,1
PRKG2,BIRC7,1,1
PRKG2,BMP8B,1,1
PRKG2,CAPG,1,1
PRKG2,CCDC36,1,1
PRKG2,CD40,1,1
PRKG2,CDKN2B,1,1
PRKG2,CEACAM1,1,1
PRKG2,CHN2,1,1
PRKG2,CLDN14,1,1
PRKG2,CPTP,1,1
PRKG2,CSF2RA,1,1
PRKG2,DDRGK1,1,1
PRKG2,DFFA,1,1
PRKG2,DPY19L2P2,1,1
PRKG2,DTX3L,1,1
PRKG2,ENTPD6,1,1
PRKG2,EXOSC10,1,1
PRKG2,FAAP20,1,1
PRKG2,FAM102B,1,1
PRKG2,FAM118A,1,1
PRKG2,FAM19A3,1,1
PRKG2,FANCI,1,1
PRKG2,FEZF1,1,1
PRKG2,FGFR1OP2,1,1
PRKG2,FN1,1,1
PRKG2,GCLM,1,1
PRKG2,GDAP2,1,1
PRKG2,HENMT1,1,1
PRKG2,HERC2P8,1,1
PRKG2,HSPA8P8,1,1
PRKG2,HSPA8P9,1,1
PRKG2,ICMT,1,1
PRKG2,KIF1B,1,1
PRKG2,KIN,1,1
PRKG2,KLHL21,1,1
PRKG2,LDLRAD3,1,1
PRKG2,LHX8,1,1
PRKG2,LIMK2,1,1
PRKG2,LINS1,1,1
PRKG2,LONRF3,1,1
PRKG2,LRRC47,1,1
PRKG2,LRRC61,1,1
PRKG2,LYPLA2,1,1
PRKG2,MCTP1,1,1
PRKG2,MERTK,1,1
PRKG2,MGAM2,1,1
PRKG2,MRFAP1,1,1
PRKG2,NBPF8,1,1
PRKG2,PDE4B,1,1
PRKG2,PEX14,1,1
PRKG2,PHGDH,1,1
PRKG2,PIK3R3,1,1
PRKG2,PIM3,1,1
PRKG2,PLEKHA7,1,1
PRKG2,POLE4,1,1
PRKG2,RBM19,1,1
PRKG2,RBX1,1,1
PRKG2,RP11-159J3.1,1,1
PRKG2,RP11-327P2.7,1,1
PRKG2,RPH3A,1,1
PRKG2,RPL11,1,1
PRKG2,RPS6KA5,1,1
PRKG2,RTFDC1,1,1
PRKG2,RYBP,1,1
PRKG2,SAMM50,1,1
PRKG2,SCML4,1,1
PRKG2,SEC22B,1,1
PRKG2,SERGEF,1,1
PRKG2,SFI1,1,1
PRKG2,SLAMF7,1,1
PRKG2,SLC25A33,1,1
PRKG2,SLC37A3,1,1
PRKG2,SMG9,1,1
PRKG2,SQRDL,1,1
PRKG2,SS18L1,1,1
PRKG2,STAT1,1,1
PRKG2,TMC3,1,1
PRKG2,TMEM144,1,1
PRKG2,TMEM64,1,1
PRKG2,TMUB1,1,1
PRKG2,TP73,1,1
PRKG2,TRPA1,1,1
PRKG2,TRPV4,1,1
PRKG2,TUB,1,1
PRKG2,UBE2J1,1,1
PRKG2,VAPB,1,1
PRKG2,VAV3,1,1
PRKG2,VCX3B,1,1
PRKG2,ZC3H4,1,1
PRKG2,ZDHHC11B,1,1
PRKG2,ZNF114,1,1
PRKG2,ZNF503,1,1
PRKG2,ZYG11A,1,1
KLHL21,ACAN,1,1
KLHL21,ANKRD30B,1,1
KLHL21,ARHGEF35,1,1
KLHL21,ASRGL1,1,1
KLHL21,ATAD3B,1,1
KLHL21,BICDL1,1,1
KLHL21,BIRC7,1,1
KLHL21,CPTP,1,1
KLHL21,CRKL,1,1
KLHL21,DDRGK1,1,1
KLHL21,DFFA,1,1
KLHL21,ECHDC1,1,1
KLHL21,ENTPD6,1,1
KLHL21,EXOSC10,1,1
KLHL21,FAM118A,1,1
KLHL21,FANCI,1,1
KLHL21,GCLM,1,1
KLHL21,GLT8D1,1,1
KLHL21,HENMT1,1,1
KLHL21,HSPA8P8,1,1
KLHL21,HSPA8P9,1,1
KLHL21,L3MBTL2,1,1
KLHL21,LHX8,1,1
KLHL21,LIMK2,1,1
KLHL21,LINS1,1,1
KLHL21,LONRF3,1,1
KLHL21,LRRC47,1,1
KLHL21,LRRC61,1,1
KLHL21,MGAM2,1,1
KLHL21,MTERF1,1,1
KLHL21,PIK3R3,1,1
KLHL21,PIM3,1,1
KLHL21,PLEKHA7,1,1
KLHL21,RBM19,1,1
KLHL21,RP11-159J3.1,1,1
KLHL21,RP11-327P2.7,1,1
KLHL21,RPA2,1,1
KLHL21,RPH3A,1,1
KLHL21,RPS6KA5,1,1
KLHL21,RTCA,1,1
KLHL21,RTFDC1,1,1
KLHL21,SLAMF7,1,1
KLHL21,SLC25A33,1,1
KLHL21,SMG9,1,1
KLHL21,SS18L1,1,1
KLHL21,TMC3,1,1
KLHL21,TMEM144,1,1
KLHL21,TMEM64,1,1
KLHL21,TP73,1,1
KLHL21,TSN,1,1
KLHL21,TUB,1,1
KLHL21,VAPB,1,1
KLHL21,ZDHHC11B,1,1
KLHL21,ZNF114,1,1
KLHL21,ZNHIT3,1,1
KLHL21,ZYG11A,1,1
TRPV2,AC013264.1,1,1
TRPV2,AGAP3,1,1
TRPV2,AKR7A2,1,1
TRPV2,ARPC1A,1,1
TRPV2,ATP6V1C1,1,1
TRPV2,BLCAP,1,1
TRPV2,CARD16,1,1
TRPV2,CDC42,1,1
TRPV2,CEP41,1,1
TRPV2,EARS2,1,1
TRPV2,FAM167B,1,1
TRPV2,FBXO6,1,1
TRPV2,FRMD4B,1,1
TRPV2,GAB2,1,1
TRPV2,HPS5,1,1
TRPV2,HTRA1,1,1
TRPV2,IGF1R,1,1
TRPV2,JAK2,1,1
TRPV2,LAMP2,1,1
TRPV2,LAMTOR5,1,1
TRPV2,LZIC,1,1
TRPV2,MAPK1,1,1
TRPV2,MED15,1,1
TRPV2,MLXIP,1,1
TRPV2,MSL3P1,1,1
TRPV2,MTOR,1,1
TRPV2,NADK,1,1
TRPV2,NT5DC1,1,1
TRPV2,PEX10,1,1
TRPV2,PNKD,1,1
TRPV2,POLG,1,1
TRPV2,PTPRK,1,1
TRPV2,RAB17,1,1
TRPV2,REPS1,1,1
TRPV2,RRBP1,1,1
TRPV2,SGCE,1,1
TRPV2,SLC23A2,1,1
TRPV2,SLC35F5,1,1
TRPV2,ST7,1,1
TRPV2,STXBP3,1,1
TRPV2,TESK2,1,1
TRPV2,TGFBR3,1,1
TRPV2,TMEM51,1,1
TRPV2,TXLNA,1,1
TRPV2,TXN2,1,1
TRPV2,USP32,1,1
TRPV2,USP48,1,1
TRPV2,VCP,1,1
TRPV2,WASL,1,1
TRPV2,WDR47,1,1
TRPV2,ZNF503,1,1
SEC22B,ABHD12,1,1
SEC22B,ACAN,1,1
SEC22B,ACOT7,1,1
SEC22B,ADAMTS17,1,1
SEC22B,AKR7A2,1,1
SEC22B,ANKRD30B,1,1
SEC22B,ARHGEF35,1,1
SEC22B,ARL6IP5,1,1
SEC22B,ASRGL1,1,1
SEC22B,ATAD3B,1,1
SEC22B,ATP11A,1,1
SEC22B,ATP6V0D2,1,1
SEC22B,BICDL1,1,1
SEC22B,BIRC7,1,1
SEC22B,C2ORF69,1,1
SEC22B,CAPG,1,1
SEC22B,CARHSP1,1,1
SEC22B,CCDC36,1,1
SEC22B,CEACAM1,1,1
SEC22B,CGN,1,1
SEC22B,CHN2,1,1
SEC22B,CLDN14,1,1
SEC22B,COG5,1,1
SEC22B,CPTP,1,1
SEC22B,CSF2RA,1,1
SEC22B,DDT,1,1
SEC22B,DFFA,1,1
SEC22B,DPY19L2P2,1,1
SEC22B,DTNBP1,1,1
SEC22B,DTX3L,1,1
SEC22B,EIF5A2,1,1
SEC22B,ENTPD6,1,1
SEC22B,EXOSC10,1,1
SEC22B,FAAP20,1,1
SEC22B,FAM102B,1,1
SEC22B,FAM118A,1,1
SEC22B,FAM19A3,1,1
SEC22B,FANCI,1,1
SEC22B,FEZF1,1,1
SEC22B,FN1,1,1
SEC22B,GDAP2,1,1
SEC22B,GGH,1,1
SEC22B,GPHN,1,1
SEC22B,GPR157,1,1
SEC22B,HENMT1,1,1
SEC22B,HERC2P8,1,1
SEC22B,HSPA8P8,1,1
SEC22B,HSPA8P9,1,1
SEC22B,IMMP2L,1,1
SEC22B,KIF1B,1,1
SEC22B,KIF7,1,1
SEC22B,LHX8,1,1
SEC22B,LIMK2,1,1
SEC22B,LONRF3,1,1
SEC22B,LPXN,1,1
SEC22B,LRRC61,1,1
SEC22B,LYPLA2,1,1
SEC22B,MAD2L2,1,1
SEC22B,MCTP1,1,1
SEC22B,MERTK,1,1
SEC22B,MGAM2,1,1
SEC22B,MLXIP,1,1
SEC22B,MRFAP1,1,1
SEC22B,MTOR,1,1
SEC22B,NBPF8,1,1
SEC22B,NDUFS1,1,1
SEC22B,NEPRO,1,1
SEC22B,PDGFD,1,1
SEC22B,PEX14,1,1
SEC22B,PEX26,1,1
SEC22B,PEX5,1,1
SEC22B,PHGDH,1,1
SEC22B,PHTF1,1,1
SEC22B,PIK3R3,1,1
SEC22B,PLEKHA7,1,1
SEC22B,PNKD,1,1
SEC22B,POLR2J,1,1
SEC22B,RAB17,1,1
SEC22B,RBX1,1,1
SEC22B,RCN3,1,1
SEC22B,RP11-159J3.1,1,1
SEC22B,RP11-327P2.7,1,1
SEC22B,RPH3A,1,1
SEC22B,RPL11,1,1
SEC22B,RPS6KA5,1,1
SEC22B,RTFDC1,1,1
SEC22B,RYBP,1,1
SEC22B,SAMM50,1,1
SEC22B,SCML4,1,1
SEC22B,SERGEF,1,1
SEC22B,SFI1,1,1
SEC22B,SLAMF7,1,1
SEC22B,SLC25A33,1,1
SEC22B,SLC37A3,1,1
SEC22B,SS18L1,1,1
SEC22B,STAT1,1,1
SEC22B,TMC3,1,1
SEC22B,TMEM144,1,1
SEC22B,TMEM64,1,1
SEC22B,TMF1,1,1
SEC22B,TMUB1,1,1
SEC22B,TP73,1,1
SEC22B,TRPA1,1,1
SEC22B,TRPV4,1,1
SEC22B,TTN,1,1
SEC22B,TUB,1,1
SEC22B,TXN2,1,1
SEC22B,UBE2J1,1,1
SEC22B,VAPB,1,1
SEC22B,VAV3,1,1
SEC22B,VCX3B,1,1
SEC22B,WDR47,1,1
SEC22B,ZDHHC11B,1,1
SEC22B,ZNF114,1,1
SEC22B,ZNF503,1,1
SEC22B,ZNF776,1,1
SEC22B,ZYG11A,1,1
NUDC,AIM1,1,1
NUDC,ALDH1B1,1,1
NUDC,ASCC2,1,1
NUDC,ATP6V0B,1,1
NUDC,EIF3D,1,1
NUDC,ENO1,1,1
NUDC,FOXN2,1,1
NUDC,GTPBP10,1,1
NUDC,IGF2BP3,1,1
NUDC,LRRC37A2,1,1
NUDC,LRWD1,1,1
NUDC,MTFR2,1,1
NUDC,NCKAP1,1,1
NUDC,ORC5,1,1
NUDC,POLR1A,1,1
NUDC,PSMA5,1,1
NUDC,RBSN,1,1
NUDC,SHQ1,1,1
NUDC,SLC16A1,1,1
NUDC,SLC35E3,1,1
NUDC,SLC5A6,1,1
NUDC,TAF13,1,1
NUDC,TBRG1,1,1
NUDC,TMEM38B,1,1
NUDC,TONSL,1,1
NUDC,UFD1L,1,1
NUDC,VDR,1,1
NUDC,WDR77,1,1
MOK,GPD1L,1,1
KIF7,ACAN,1,1
KIF7,ACOT7,1,1
KIF7,ADAMTS17,1,1
KIF7,AGA,1,1
KIF7,ASRGL1,1,1
KIF7,ATAD3B,1,1
KIF7,AURKAIP1,1,1
KIF7,BCAS2,1,1
KIF7,BICDL1,1,1
KIF7,BMP8B,1,1
KIF7,CADPS,1,1
KIF7,CCNO,1,1
KIF7,CLDN14,1,1
KIF7,COQ10B,1,1
KIF7,DFFA,1,1
KIF7,DTX3L,1,1
KIF7,FAAP20,1,1
KIF7,FAM19A3,1,1
KIF7,FANCI,1,1
KIF7,FEZF1,1,1
KIF7,HERC2P8,1,1
KIF7,LHX8,1,1
KIF7,LIMK2,1,1
KIF7,LRRC47,1,1
KIF7,LSR,1,1
KIF7,LYPLA2,1,1
KIF7,MAD2L2,1,1
KIF7,MCTP1,1,1
KIF7,MGAM2,1,1
KIF7,NAB1,1,1
KIF7,NCAPH2,1,1
KIF7,NDUFS1,1,1
KIF7,NEPRO,1,1
KIF7,NPAS2,1,1
KIF7,NT5DC3,1,1
KIF7,PGAP2,1,1
KIF7,PICK1,1,1
KIF7,PIK3R3,1,1
KIF7,PLCB4,1,1
KIF7,PLEKHA7,1,1
KIF7,POLE4,1,1
KIF7,POLR2J,1,1
KIF7,PYGB,1,1
KIF7,RBX1,1,1
KIF7,RNF19A,1,1
KIF7,RPH3A,1,1
KIF7,RPS6KA5,1,1
KIF7,RTFDC1,1,1
KIF7,SCML4,1,1
KIF7,SERGEF,1,1
KIF7,SLAMF7,1,1
KIF7,SMARCB1,1,1
KIF7,SMG9,1,1
KIF7,STOML2,1,1
KIF7,TMC3,1,1
KIF7,TMEM144,1,1
KIF7,TMEM64,1,1
KIF7,TP73,1,1
KIF7,TRPV4,1,1
KIF7,VCX3B,1,1
KIF7,ZNF114,1,1
KIF7,ZNF189,1,1
STK38L,BCAS2,1,1
STK38L,CCDC18,1,1
STK38L,COQ10B,1,1
STK38L,GSR,1,1
STK38L,GTPBP10,1,1
STK38L,GTSE1,1,1
STK38L,GXYLT1,1,1
STK38L,MCTP1,1,1
STK38L,P3H3,1,1
STK38L,PLEKHB2,1,1
STK38L,SHQ1,1,1
STK38L,XPC,1,1
LIMK2,ABHD12,1,1
LIMK2,ACAN,1,1
LIMK2,ACOT7,1,1
LIMK2,ANKRD30B,1,1
LIMK2,AP5S1,1,1
LIMK2,APOBEC3G,1,1
LIMK2,ARHGAP39,1,1
LIMK2,ARHGEF35,1,1
LIMK2,ASRGL1,1,1
LIMK2,ATAD3B,1,1
LIMK2,ATP6V0D2,1,1
LIMK2,BICDL1,1,1
LIMK2,BIRC7,1,1
LIMK2,CAPG,1,1
LIMK2,CD36,1,1
LIMK2,CEACAM1,1,1
LIMK2,CLDN14,1,1
LIMK2,CPTP,1,1
LIMK2,DDRGK1,1,1
LIMK2,DFFA,1,1
LIMK2,DOCK9,1,1
LIMK2,DPY19L2P2,1,1
LIMK2,DTX3L,1,1
LIMK2,ENTPD6,1,1
LIMK2,EXOSC10,1,1
LIMK2,FAAP20,1,1
LIMK2,FAM102B,1,1
LIMK2,FAM110A,1,1
LIMK2,FAM19A3,1,1
LIMK2,FANCI,1,1
LIMK2,FEZF1,1,1
LIMK2,GCLM,1,1
LIMK2,GDAP2,1,1
LIMK2,HENMT1,1,1
LIMK2,HERC2P8,1,1
LIMK2,HSPA8P8,1,1
LIMK2,HSPA8P9,1,1
LIMK2,IDH3B,1,1
LIMK2,LHX8,1,1
LIMK2,LINS1,1,1
LIMK2,LONRF3,1,1
LIMK2,LRRC47,1,1
LIMK2,LRRC61,1,1
LIMK2,MERTK,1,1
LIMK2,MGAM2,1,1
LIMK2,MRPL46,1,1
LIMK2,NCAPH2,1,1
LIMK2,NT5DC3,1,1
LIMK2,PEX14,1,1
LIMK2,PHGDH,1,1
LIMK2,PIK3R3,1,1
LIMK2,PIM3,1,1
LIMK2,PLEKHA7,1,1
LIMK2,POLE4,1,1
LIMK2,PPP1R12B,1,1
LIMK2,RBX1,1,1
LIMK2,RP11-159J3.1,1,1
LIMK2,RP11-327P2.7,1,1
LIMK2,RPH3A,1,1
LIMK2,RPL11,1,1
LIMK2,RPS6KA5,1,1
LIMK2,RTFDC1,1,1
LIMK2,SAMM50,1,1
LIMK2,SCML4,1,1
LIMK2,SLAMF7,1,1
LIMK2,SLC25A33,1,1
LIMK2,SMARCB1,1,1
LIMK2,SMG9,1,1
LIMK2,SQRDL,1,1
LIMK2,SRBD1,1,1
LIMK2,SS18L1,1,1
LIMK2,TMC3,1,1
LIMK2,TMEM144,1,1
LIMK2,TMEM246,1,1
LIMK2,TP73,1,1
LIMK2,TUB,1,1
LIMK2,VAPB,1,1
LIMK2,VAV3,1,1
LIMK2,VCX3B,1,1
LIMK2,ZDHHC11B,1,1
LIMK2,ZNF114,1,1
LIMK2,ZNF585B,1,1
LIMK2,ZYG11A,1,1
NDUFS1,ACAN,1,1
NDUFS1,ACOT7,1,1
NDUFS1,ADAMTS17,1,1
NDUFS1,ASRGL1,1,1
NDUFS1,ATP11A,1,1
NDUFS1,BICDL1,1,1
NDUFS1,C2ORF69,1,1
NDUFS1,CARHSP1,1,1
NDUFS1,CCDC18,1,1
NDUFS1,CGN,1,1
NDUFS1,DDT,1,1
NDUFS1,DTX3L,1,1
NDUFS1,EXOSC10,1,1
NDUFS1,FAM19A3,1,1
NDUFS1,FANCI,1,1
NDUFS1,GDAP2,1,1
NDUFS1,GGH,1,1
NDUFS1,GTSE1,1,1
NDUFS1,HERC2P8,1,1
NDUFS1,IDH3A,1,1
NDUFS1,IMMP2L,1,1
NDUFS1,KIF1B,1,1
NDUFS1,LONRF3,1,1
NDUFS1,LRRC47,1,1
NDUFS1,MAD2L2,1,1
NDUFS1,MCM3,1,1
NDUFS1,MCTP1,1,1
NDUFS1,MERTK,1,1
NDUFS1,MFN2,1,1
NDUFS1,MGAM,1,1
NDUFS1,MGAM2,1,1
NDUFS1,MLXIP,1,1
NDUFS1,MTFP1,1,1
NDUFS1,P3H3,1,1
NDUFS1,PEX14,1,1
NDUFS1,PEX5,1,1
NDUFS1,PHGDH,1,1
NDUFS1,PHTF1,1,1
NDUFS1,PIK3R3,1,1
NDUFS1,PLEKHA7,1,1
NDUFS1,POLE4,1,1
NDUFS1,PTTG1,1,1
NDUFS1,RBX1,1,1
NDUFS1,RPS6KA5,1,1
NDUFS1,RTFDC1,1,1
NDUFS1,RYBP,1,1
NDUFS1,SAMM50,1,1
NDUFS1,SCML4,1,1
NDUFS1,SERGEF,1,1
NDUFS1,TMC3,1,1
NDUFS1,TMEM144,1,1
NDUFS1,TMEM64,1,1
NDUFS1,TMF1,1,1
NDUFS1,TP73,1,1
NDUFS1,TRPV4,1,1
NDUFS1,VAV3,1,1
NDUFS1,VCX3B,1,1
NDUFS1,ZNF114,1,1
NDUFS1,ZNF503,1,1
LSM 1.00,GDPD1,1,1
LSM 1.00,SARS,1,1
PDE4B,ABHD12,1,1
PDE4B,ACAN,1,1
PDE4B,ANKRD30B,1,1
PDE4B,AP5S1,1,1
PDE4B,ARHGEF35,1,1
PDE4B,ARPC1A,1,1
PDE4B,ASRGL1,1,1
PDE4B,ATP11A,1,1
PDE4B,ATP6V0D2,1,1
PDE4B,BICDL1,1,1
PDE4B,BIRC7,1,1
PDE4B,C7ORF49,1,1
PDE4B,CAPG,1,1
PDE4B,CCDC36,1,1
PDE4B,CD36,1,1
PDE4B,CD40,1,1
PDE4B,CDC42,1,1
PDE4B,CDKN2B,1,1
PDE4B,CEACAM1,1,1
PDE4B,CHN2,1,1
PDE4B,CLDN14,1,1
PDE4B,CPTP,1,1
PDE4B,DDRGK1,1,1
PDE4B,DPY19L2P2,1,1
PDE4B,DTNBP1,1,1
PDE4B,EIF5AL1,1,1
PDE4B,ENTPD6,1,1
PDE4B,EXOSC10,1,1
PDE4B,FAM102B,1,1
PDE4B,FAM118A,1,1
PDE4B,FRMD4B,1,1
PDE4B,GUCD1,1,1
PDE4B,HENMT1,1,1
PDE4B,HP1BP3,1,1
PDE4B,HSPA8P8,1,1
PDE4B,HSPA8P9,1,1
PDE4B,ICMT,1,1
PDE4B,LDLRAD3,1,1
PDE4B,LHX8,1,1
PDE4B,LINS1,1,1
PDE4B,LMF2,1,1
PDE4B,LONRF3,1,1
PDE4B,LRRC61,1,1
PDE4B,MAPK1,1,1
PDE4B,MCOLN3,1,1
PDE4B,MERTK,1,1
PDE4B,MLXIP,1,1
PDE4B,MME,1,1
PDE4B,MYB,1,1
PDE4B,NAV2,1,1
PDE4B,PHGDH,1,1
PDE4B,PIK3R3,1,1
PDE4B,RBBP4,1,1
PDE4B,RGS1,1,1
PDE4B,RP11-327P2.7,1,1
PDE4B,RPH3A,1,1
PDE4B,RPL11,1,1
PDE4B,RPS6KA5,1,1
PDE4B,SAMM50,1,1
PDE4B,SBF1,1,1
PDE4B,SLC25A33,1,1
PDE4B,SLC37A3,1,1
PDE4B,SS18L1,1,1
PDE4B,STAT1,1,1
PDE4B,TANGO6,1,1
PDE4B,TGFBR1,1,1
PDE4B,TGFBR3,1,1
PDE4B,TMC3,1,1
PDE4B,TMEM51,1,1
PDE4B,TP73,1,1
PDE4B,TRPA1,1,1
PDE4B,VAV3,1,1
PDE4B,VCX3B,1,1
PDE4B,ZNF114,1,1
PDE4B,ZYG11A,1,1
RAB17,ACOT7,1,1
RAB17,ADAMTS17,1,1
RAB17,AGAP3,1,1
RAB17,AKR7A2,1,1
RAB17,ARPC1A,1,1
RAB17,ATP11A,1,1
RAB17,ATP6V1C1,1,1
RAB17,BCAS3,1,1
RAB17,BICDL1,1,1
RAB17,BLCAP,1,1
RAB17,CARD16,1,1
RAB17,CARHSP1,1,1
RAB17,CDC42,1,1
RAB17,CEP41,1,1
RAB17,CGN,1,1
RAB17,CHN2,1,1
RAB17,COG5,1,1
RAB17,DPY19L2P2,1,1
RAB17,DTNBP1,1,1
RAB17,EARS2,1,1
RAB17,EIF5A2,1,1
RAB17,EXOSC10,1,1
RAB17,FAM102B,1,1
RAB17,FAM167B,1,1
RAB17,FAM19A3,1,1
RAB17,FBXO6,1,1
RAB17,FN1,1,1
RAB17,FRMD4B,1,1
RAB17,GAB2,1,1
RAB17,GPR157,1,1
RAB17,HPS5,1,1
RAB17,HTRA1,1,1
RAB17,IGF1R,1,1
RAB17,IMMP2L,1,1
RAB17,JAK2,1,1
RAB17,L3MBTL4,1,1
RAB17,LAMP2,1,1
RAB17,LAMTOR5,1,1
RAB17,LMF2,1,1
RAB17,LPXN,1,1
RAB17,LZIC,1,1
RAB17,MAPK1,1,1
RAB17,MED15,1,1
RAB17,MERTK,1,1
RAB17,MESDC1,1,1
RAB17,MFN2,1,1
RAB17,MLXIP,1,1
RAB17,MRFAP1,1,1
RAB17,MSL3P1,1,1
RAB17,MTOR,1,1
RAB17,NADK,1,1
RAB17,NBPF8,1,1
RAB17,NRROS,1,1
RAB17,PARP9,1,1
RAB17,PDGFD,1,1
RAB17,PEX10,1,1
RAB17,PEX14,1,1
RAB17,PHGDH,1,1
RAB17,PHTF1,1,1
RAB17,PNKD,1,1
RAB17,POLG,1,1
RAB17,POMGNT1,1,1
RAB17,POT1,1,1
RAB17,PQLC2,1,1
RAB17,PTPRK,1,1
RAB17,RBX1,1,1
RAB17,RCN3,1,1
RAB17,REPS1,1,1
RAB17,RPL11,1,1
RAB17,RRBP1,1,1
RAB17,RYBP,1,1
RAB17,SAMM50,1,1
RAB17,SBF1,1,1
RAB17,SCML4,1,1
RAB17,SERGEF,1,1
RAB17,SFI1,1,1
RAB17,SGCE,1,1
RAB17,SLC23A2,1,1
RAB17,SLC25A33,1,1
RAB17,SLC37A3,1,1
RAB17,SRGAP2C,1,1
RAB17,STXBP3,1,1
RAB17,TESK2,1,1
RAB17,TGFBR3,1,1
RAB17,TMEM51,1,1
RAB17,TRPA1,1,1
RAB17,TTN,1,1
RAB17,TXN2,1,1
RAB17,UBE2J1,1,1
RAB17,USP48,1,1
RAB17,VAV3,1,1
RAB17,VCP,1,1
RAB17,WDR47,1,1
RAB17,ZNF503,1,1
MAD2L2,ACAN,1,1
MAD2L2,ACOT7,1,1
MAD2L2,ADAMTS17,1,1
MAD2L2,AKR7A2,1,1
MAD2L2,ANAPC5,1,1
MAD2L2,ANAPC7,1,1
MAD2L2,APITD1,1,1
MAD2L2,ARHGEF39,1,1
MAD2L2,ATAD3B,1,1
MAD2L2,ATXN7L3B,1,1
MAD2L2,AURKAIP1,1,1
MAD2L2,BAIAP2L2,1,1
MAD2L2,BCAS2,1,1
MAD2L2,BCAS3,1,1
MAD2L2,BICDL1,1,1
MAD2L2,BMPR1B,1,1
MAD2L2,C2ORF69,1,1
MAD2L2,CADPS,1,1
MAD2L2,CAPZA2,1,1
MAD2L2,CARD16,1,1
MAD2L2,CARHSP1,1,1
MAD2L2,CENPI,1,1
MAD2L2,CGN,1,1
MAD2L2,CHEK2,1,1
MAD2L2,COG5,1,1
MAD2L2,COQ10B,1,1
MAD2L2,CSDE1,1,1
MAD2L2,DDOST,1,1
MAD2L2,DDT,1,1
MAD2L2,DTX3L,1,1
MAD2L2,DYNC1I1,1,1
MAD2L2,ECE1,1,1
MAD2L2,EIF5A2,1,1
MAD2L2,EXOSC10,1,1
MAD2L2,EYA4,1,1
MAD2L2,FAM19A3,1,1
MAD2L2,FANCI,1,1
MAD2L2,FEZF1,1,1
MAD2L2,FN1,1,1
MAD2L2,FOXRED2,1,1
MAD2L2,GET4,1,1
MAD2L2,GGH,1,1
MAD2L2,GNB1L,1,1
MAD2L2,GNB2,1,1
MAD2L2,GPR157,1,1
MAD2L2,GSR,1,1
MAD2L2,GXYLT1,1,1
MAD2L2,HERC2P8,1,1
MAD2L2,HEY1,1,1
MAD2L2,HOXD4,1,1
MAD2L2,ID3,1,1
MAD2L2,IDH3A,1,1
MAD2L2,IMMP2L,1,1
MAD2L2,KDELC1,1,1
MAD2L2,KIF1B,1,1
MAD2L2,L3MBTL4,1,1
MAD2L2,LPXN,1,1
MAD2L2,LSR,1,1
MAD2L2,LYPLA2,1,1
MAD2L2,MCM3,1,1
MAD2L2,MFN2,1,1
MAD2L2,MGAM,1,1
MAD2L2,MGAM2,1,1
MAD2L2,MLH3,1,1
MAD2L2,MLLT4,1,1
MAD2L2,MRFAP1,1,1
MAD2L2,MTFP1,1,1
MAD2L2,NEPRO,1,1
MAD2L2,NPAS2,1,1
MAD2L2,NRROS,1,1
MAD2L2,NUP43,1,1
MAD2L2,NUP50,1,1
MAD2L2,P3H3,1,1
MAD2L2,PARP9,1,1
MAD2L2,PEX14,1,1
MAD2L2,PEX26,1,1
MAD2L2,PHTF1,1,1
MAD2L2,PICK1,1,1
MAD2L2,PLCB4,1,1
MAD2L2,POLE4,1,1
MAD2L2,POLR2J,1,1
MAD2L2,PSMA5,1,1
MAD2L2,PTTG1,1,1
MAD2L2,PYGB,1,1
MAD2L2,RBX1,1,1
MAD2L2,RCN3,1,1
MAD2L2,RFX7,1,1
MAD2L2,RLBP1,1,1
MAD2L2,RNF19A,1,1
MAD2L2,RTCB,1,1
MAD2L2,RYBP,1,1
MAD2L2,SCML4,1,1
MAD2L2,SERGEF,1,1
MAD2L2,SLC25A33,1,1
MAD2L2,SNRNP25,1,1
MAD2L2,STK17B,1,1
MAD2L2,STOML2,1,1
MAD2L2,STRIP2,1,1
MAD2L2,TIMM50,1,1
MAD2L2,TMEM144,1,1
MAD2L2,TMEM201,1,1
MAD2L2,TMEM64,1,1
MAD2L2,TMF1,1,1
MAD2L2,TP73,1,1
MAD2L2,TRABD,1,1
MAD2L2,TRMU,1,1
MAD2L2,TRPV4,1,1
MAD2L2,TTN,1,1
MAD2L2,VAV3,1,1
MAD2L2,VCX3B,1,1
MAD2L2,VDR,1,1
MAD2L2,WDR77,1,1
MAD2L2,ZC3HC1,1,1
MAD2L2,ZNF503,1,1
MAD2L2,ZNF776,1,1
CROCCP2,DOCK9,1,1
CROCCP2,FAM122A,1,1
CROCCP2,IDH3B,1,1
CROCCP2,RBFA,1,1
CROCCP2,RCCD1,1,1
CROCCP2,RPL22,1,1
CROCCP2,UPK3BL,1,1
TRPA1,ABHD12,1,1
TRPA1,ACAN,1,1
TRPA1,ACOT7,1,1
TRPA1,ADAMTS17,1,1
TRPA1,AKR7A2,1,1
TRPA1,ANKRD30B,1,1
TRPA1,ARHGEF35,1,1
TRPA1,ARPC1A,1,1
TRPA1,ASRGL1,1,1
TRPA1,ATP11A,1,1
TRPA1,ATP6V0D2,1,1
TRPA1,ATP6V1C1,1,1
TRPA1,BICDL1,1,1
TRPA1,BIRC7,1,1
TRPA1,BLCAP,1,1
TRPA1,C7ORF49,1,1
TRPA1,CAPG,1,1
TRPA1,CCDC36,1,1
TRPA1,CD40,1,1
TRPA1,CDC42,1,1
TRPA1,CDKN2B,1,1
TRPA1,CEACAM1,1,1
TRPA1,CHN2,1,1
TRPA1,CPTP,1,1
TRPA1,DDRGK1,1,1
TRPA1,DPY19L2P2,1,1
TRPA1,DTNBP1,1,1
TRPA1,EIF5AL1,1,1
TRPA1,ENTPD6,1,1
TRPA1,EXOSC10,1,1
TRPA1,FAM102B,1,1
TRPA1,FAM118A,1,1
TRPA1,FN1,1,1
TRPA1,FRMD4B,1,1
TRPA1,GUCD1,1,1
TRPA1,HENMT1,1,1
TRPA1,HERC2P8,1,1
TRPA1,HSPA8P8,1,1
TRPA1,HSPA8P9,1,1
TRPA1,ICMT,1,1
TRPA1,LDLRAD3,1,1
TRPA1,LHX8,1,1
TRPA1,LINS1,1,1
TRPA1,LMF2,1,1
TRPA1,LONRF3,1,1
TRPA1,LRRC61,1,1
TRPA1,MED15,1,1
TRPA1,MESDC1,1,1
TRPA1,MGAM2,1,1
TRPA1,MLXIP,1,1
TRPA1,MRFAP1,1,1
TRPA1,MTOR,1,1
TRPA1,MYB,1,1
TRPA1,NBPF8,1,1
TRPA1,PEX10,1,1
TRPA1,PEX14,1,1
TRPA1,PHGDH,1,1
TRPA1,PIK3R3,1,1
TRPA1,PITHD1,1,1
TRPA1,PNKD,1,1
TRPA1,POLG,1,1
TRPA1,POMGNT1,1,1
TRPA1,RBM19,1,1
TRPA1,RCN3,1,1
TRPA1,RGS1,1,1
TRPA1,RP11-159J3.1,1,1
TRPA1,RP11-327P2.7,1,1
TRPA1,RPH3A,1,1
TRPA1,RPL11,1,1
TRPA1,RPS6KA5,1,1
TRPA1,SAMM50,1,1
TRPA1,SBF1,1,1
TRPA1,SCML4,1,1
TRPA1,SFI1,1,1
TRPA1,SLC25A33,1,1
TRPA1,SLC37A3,1,1
TRPA1,SLC44A3,1,1
TRPA1,SQRDL,1,1
TRPA1,SRGAP2C,1,1
TRPA1,SS18L1,1,1
TRPA1,STAT1,1,1
TRPA1,TANGO6,1,1
TRPA1,TGFBR3,1,1
TRPA1,TMC3,1,1
TRPA1,TMEM51,1,1
TRPA1,TMUB1,1,1
TRPA1,TP73,1,1
TRPA1,TUB,1,1
TRPA1,UBE2J1,1,1
TRPA1,USP48,1,1
TRPA1,VAV3,1,1
TRPA1,ZDHHC11B,1,1
TRPA1,ZNF114,1,1
TRPA1,ZNF503,1,1
TRPA1,ZNF789,1,1
TRPA1,ZYG11A,1,1
FAM160B1,COMMD9,1,1
FAM160B1,CPEB1,1,1
FAM160B1,KIAA1033,1,1
FAM160B1,PPT2,1,1
FAM160B1,SLC44A3,1,1
FAM19A3,ABHD12,1,1
FAM19A3,ACAN,1,1
FAM19A3,ACOT7,1,1
FAM19A3,ADAMTS17,1,1
FAM19A3,AKR7A2,1,1
FAM19A3,ANAPC5,1,1
FAM19A3,ANAPC7,1,1
FAM19A3,ANKRD30B,1,1
FAM19A3,APITD1,1,1
FAM19A3,APOL1,1,1
FAM19A3,ARL6IP5,1,1
FAM19A3,ASRGL1,1,1
FAM19A3,ATAD3B,1,1
FAM19A3,ATP11A,1,1
FAM19A3,ATP6V0D2,1,1
FAM19A3,BAIAP2L2,1,1
FAM19A3,BICDL1,1,1
FAM19A3,BIRC7,1,1
FAM19A3,BLCAP,1,1
FAM19A3,BMP8B,1,1
FAM19A3,C2ORF69,1,1
FAM19A3,CADPS,1,1
FAM19A3,CAPG,1,1
FAM19A3,CARHSP1,1,1
FAM19A3,CEACAM1,1,1
FAM19A3,CGN,1,1
FAM19A3,CHN2,1,1
FAM19A3,CLDN14,1,1
FAM19A3,COQ10B,1,1
FAM19A3,CPTP,1,1
FAM19A3,CSDE1,1,1
FAM19A3,CSF2RA,1,1
FAM19A3,DDOST,1,1
FAM19A3,DDT,1,1
FAM19A3,DFFA,1,1
FAM19A3,DPY19L2P2,1,1
FAM19A3,DTX3L,1,1
FAM19A3,ECE1,1,1
FAM19A3,EIF5A2,1,1
FAM19A3,ENTPD6,1,1
FAM19A3,EXOSC10,1,1
FAM19A3,FAAP20,1,1
FAM19A3,FAM102B,1,1
FAM19A3,FAM118A,1,1
FAM19A3,FANCI,1,1
FAM19A3,FEZF1,1,1
FAM19A3,FN1,1,1
FAM19A3,FOXRED2,1,1
FAM19A3,GNB1L,1,1
FAM19A3,GPHN,1,1
FAM19A3,GPR157,1,1
FAM19A3,GXYLT1,1,1
FAM19A3,HERC2P8,1,1
FAM19A3,HEY1,1,1
FAM19A3,IDH3A,1,1
FAM19A3,IMMP2L,1,1
FAM19A3,KIF1B,1,1
FAM19A3,LHX8,1,1
FAM19A3,LONRF3,1,1
FAM19A3,LPXN,1,1
FAM19A3,LRRC47,1,1
FAM19A3,LRRC61,1,1
FAM19A3,LSR,1,1
FAM19A3,LYPLA2,1,1
FAM19A3,MCM3,1,1
FAM19A3,MCTP1,1,1
FAM19A3,MERTK,1,1
FAM19A3,MFN2,1,1
FAM19A3,MGAM2,1,1
FAM19A3,MLH3,1,1
FAM19A3,MLLT4,1,1
FAM19A3,MRFAP1,1,1
FAM19A3,MTFP1,1,1
FAM19A3,MTOR,1,1
FAM19A3,MUL1,1,1
FAM19A3,NBPF8,1,1
FAM19A3,NEPRO,1,1
FAM19A3,NPAS2,1,1
FAM19A3,NRROS,1,1
FAM19A3,NUP50,1,1
FAM19A3,PDGFD,1,1
FAM19A3,PEX14,1,1
FAM19A3,PEX26,1,1
FAM19A3,PHGDH,1,1
FAM19A3,PHTF1,1,1
FAM19A3,PIK3R3,1,1
FAM19A3,PLCB4,1,1
FAM19A3,PLEKHB2,1,1
FAM19A3,POLE4,1,1
FAM19A3,POLR2J,1,1
FAM19A3,PYGB,1,1
FAM19A3,RBM19,1,1
FAM19A3,RBX1,1,1
FAM19A3,RCN3,1,1
FAM19A3,RLBP1,1,1
FAM19A3,RNF19A,1,1
FAM19A3,RP11-159J3.1,1,1
FAM19A3,RP11-327P2.7,1,1
FAM19A3,RPA2,1,1
FAM19A3,RPH3A,1,1
FAM19A3,RPL11,1,1
FAM19A3,RPS6KA5,1,1
FAM19A3,RTCB,1,1
FAM19A3,RTFDC1,1,1
FAM19A3,RYBP,1,1
FAM19A3,SAMM50,1,1
FAM19A3,SCML4,1,1
FAM19A3,SERGEF,1,1
FAM19A3,SLAMF7,1,1
FAM19A3,SLC25A33,1,1
FAM19A3,SNRNP25,1,1
FAM19A3,STAT1,1,1
FAM19A3,STOML2,1,1
FAM19A3,TIMM50,1,1
FAM19A3,TMC3,1,1
FAM19A3,TMEM144,1,1
FAM19A3,TMEM201,1,1
FAM19A3,TMEM64,1,1
FAM19A3,TMF1,1,1
FAM19A3,TMUB1,1,1
FAM19A3,TP73,1,1
FAM19A3,TRMU,1,1
FAM19A3,TRPV4,1,1
FAM19A3,TTN,1,1
FAM19A3,TUB,1,1
FAM19A3,UBE2J1,1,1
FAM19A3,VAPB,1,1
FAM19A3,VAV3,1,1
FAM19A3,VCX3B,1,1
FAM19A3,WDR47,1,1
FAM19A3,ZDHHC11B,1,1
FAM19A3,ZNF114,1,1
FAM19A3,ZNF503,1,1
FAM19A3,ZNF776,1,1
FAM19A3,ZYG11A,1,1
PTPRK,AKR7A2,1,1
PTPRK,ALAS1,1,1
PTPRK,ARHGEF39,1,1
PTPRK,ATXN7L3B,1,1
PTPRK,BCAS3,1,1
PTPRK,BLCAP,1,1
PTPRK,C11ORF57,1,1
PTPRK,C1ORF112,1,1
PTPRK,CARD16,1,1
PTPRK,CDC26,1,1
PTPRK,CEP41,1,1
PTPRK,CGN,1,1
PTPRK,EARS2,1,1
PTPRK,FAM167B,1,1
PTPRK,FBXO6,1,1
PTPRK,FOXRED2,1,1
PTPRK,GDPD1,1,1
PTPRK,HTRA1,1,1
PTPRK,IGF1R,1,1
PTPRK,JAK2,1,1
PTPRK,KDELC1,1,1
PTPRK,L3MBTL4,1,1
PTPRK,LAMP2,1,1
PTPRK,LAMTOR5,1,1
PTPRK,MED15,1,1
PTPRK,MFN2,1,1
PTPRK,MRPS5,1,1
PTPRK,MSL3P1,1,1
PTPRK,MTOR,1,1
PTPRK,NUDCD3,1,1
PTPRK,PARP9,1,1
PTPRK,PQLC2,1,1
PTPRK,RHOJ,1,1
PTPRK,SDF4,1,1
PTPRK,SLC25A13,1,1
PTPRK,STXBP3,1,1
PTPRK,TESK2,1,1
PTPRK,TIMM50,1,1
PTPRK,TIMP3,1,1
PTPRK,TXLNA,1,1
PTPRK,VPS45,1,1
PTPRK,WASL,1,1
ATRN,AC013264.1,1,1
ATRN,AKAP9,1,1
ATRN,ANKRD30B,1,1
ATRN,ARHGAP39,1,1
ATRN,ARHGEF35,1,1
ATRN,ARPC1A,1,1
ATRN,ATP6V1C1,1,1
ATRN,C7ORF49,1,1
ATRN,CA8,1,1
ATRN,CCDC115,1,1
ATRN,CCDC36,1,1
ATRN,CD40,1,1
ATRN,CDC42,1,1
ATRN,CEACAM1,1,1
ATRN,DDRGK1,1,1
ATRN,DTNBP1,1,1
ATRN,FAM102B,1,1
ATRN,FAM219A,1,1
ATRN,FRMD4B,1,1
ATRN,GTF2H1,1,1
ATRN,GUCD1,1,1
ATRN,HENMT1,1,1
ATRN,HMOX1,1,1
ATRN,HP1BP3,1,1
ATRN,ICMT,1,1
ATRN,KIAA1033,1,1
ATRN,LDLRAD3,1,1
ATRN,LINS1,1,1
ATRN,LZIC,1,1
ATRN,MAPK1,1,1
ATRN,PEX10,1,1
ATRN,PRDM2,1,1
ATRN,RAB11FIP4,1,1
ATRN,RAB5A,1,1
ATRN,RBBP4,1,1
ATRN,RHOQ,1,1
ATRN,RP11-159J3.1,1,1
ATRN,SAMM50,1,1
ATRN,SBF1,1,1
ATRN,SIRPA,1,1
ATRN,SLC35B4,1,1
ATRN,SLC37A3,1,1
ATRN,SLC44A3,1,1
ATRN,SNX8,1,1
ATRN,SPSB1,1,1
ATRN,TGFBR1,1,1
ATRN,TGFBR3,1,1
ATRN,TMEM51,1,1
ATRN,VCP,1,1
TMEM115,ATXN7L3,1,1
TMEM115,CHEK2,1,1
TMEM115,GFPT1,1,1
TMEM115,KDELC1,1,1
TMEM115,MRPS5,1,1
TMEM115,PDCD6,1,1
TMEM115,RDX,1,1
TMEM115,SORL1,1,1
TMEM115,TEAD2,1,1
TMEM115,VPS45,1,1
TMEM115,ZMYM1,1,1
ASUN,AK2,1,1
ASUN,ALDH1B1,1,1
ASUN,ATG5,1,1
ASUN,CANX,1,1
ASUN,CASP8,1,1
ASUN,CCDC47,1,1
ASUN,ENO1,1,1
ASUN,FOXN2,1,1
ASUN,FZD6,1,1
ASUN,IGF2BP3,1,1
ASUN,KIRREL,1,1
ASUN,KLHDC2,1,1
ASUN,NUP43,1,1
ASUN,PABPC4,1,1
ASUN,PXDN,1,1
ASUN,RAC1,1,1
ASUN,RCC2,1,1
ASUN,RPN2,1,1
ASUN,RRP7BP,1,1
ASUN,SLC16A1,1,1
ASUN,SLC30A1,1,1
ASUN,SLC5A6,1,1
ASUN,SYPL1,1,1
ASUN,TBCA,1,1
ASUN,TEAD2,1,1
ASUN,TMEM38B,1,1
ASUN,TRABD,1,1
ASUN,UFD1L,1,1
MTFR2,ALDH1B1,1,1
MTFR2,BCAS2,1,1
MTFR2,C5ORF34,1,1
MTFR2,CENPI,1,1
MTFR2,CEP85,1,1
MTFR2,EIF3D,1,1
MTFR2,ENO1,1,1
MTFR2,GSR,1,1
MTFR2,GTSE1,1,1
MTFR2,KLHDC2,1,1
MTFR2,LRRC37A2,1,1
MTFR2,LUC7L2,1,1
MTFR2,NCKAP1,1,1
MTFR2,NUP50,1,1
MTFR2,ORC5,1,1
MTFR2,POLR1A,1,1
MTFR2,PSMA5,1,1
MTFR2,RTCB,1,1
MTFR2,SHQ1,1,1
MTFR2,SLC35E3,1,1
MTFR2,SLC5A6,1,1
MTFR2,TONSL,1,1
MTFR2,TRMU,1,1
MTFR2,UFD1L,1,1
MTFR2,VDR,1,1
MTFR2,VIPAS39,1,1
MTFR2,WDR77,1,1
TAF7,ATL1,1,1
TAF7,CCZ1B,1,1
TAF7,CDKN2D,1,1
TAF7,HIPK2,1,1
TAF7,LRP6,1,1
TAF7,TRIM65,1,1
TAF7,TRPS1,1,1
TAF7,ZNF260,1,1
CEACAM1,ABHD12,1,1
CEACAM1,AC013264.1,1,1
CEACAM1,ACAN,1,1
CEACAM1,ACOT7,1,1
CEACAM1,ADAMTS17,1,1
CEACAM1,AKAP9,1,1
CEACAM1,AKR7A2,1,1
CEACAM1,ANKRD30B,1,1
CEACAM1,AP5S1,1,1
CEACAM1,APOBEC3G,1,1
CEACAM1,APOL1,1,1
CEACAM1,ARHGAP39,1,1
CEACAM1,ARHGEF35,1,1
CEACAM1,ASRGL1,1,1
CEACAM1,ATP11A,1,1
CEACAM1,ATP6V0D2,1,1
CEACAM1,ATP6V1C1,1,1
CEACAM1,BICDL1,1,1
CEACAM1,BIRC7,1,1
CEACAM1,CA8,1,1
CEACAM1,CAP1,1,1
CEACAM1,CAPG,1,1
CEACAM1,CCDC36,1,1
CEACAM1,CD36,1,1
CEACAM1,CD40,1,1
CEACAM1,CDC42,1,1
CEACAM1,CDKN2B,1,1
CEACAM1,CHN2,1,1
CEACAM1,CLDN14,1,1
CEACAM1,CPTP,1,1
CEACAM1,CSF2RA,1,1
CEACAM1,DDRGK1,1,1
CEACAM1,DPY19L2P2,1,1
CEACAM1,DTNBP1,1,1
CEACAM1,DTX3L,1,1
CEACAM1,ECHDC1,1,1
CEACAM1,ENTPD6,1,1
CEACAM1,EXOSC10,1,1
CEACAM1,FAM102B,1,1
CEACAM1,FAM118A,1,1
CEACAM1,FAM219A,1,1
CEACAM1,FEZF1,1,1
CEACAM1,FGFR1OP2,1,1
CEACAM1,FRMD4B,1,1
CEACAM1,GCLM,1,1
CEACAM1,GDAP2,1,1
CEACAM1,GTF2H1,1,1
CEACAM1,GUCD1,1,1
CEACAM1,HENMT1,1,1
CEACAM1,HERC2P8,1,1
CEACAM1,HMOX1,1,1
CEACAM1,HP1BP3,1,1
CEACAM1,HSPA8P8,1,1
CEACAM1,HSPA8P9,1,1
CEACAM1,ICMT,1,1
CEACAM1,KIF1B,1,1
CEACAM1,KIF3C,1,1
CEACAM1,LDLRAD3,1,1
CEACAM1,LHX8,1,1
CEACAM1,LINS1,1,1
CEACAM1,LMF2,1,1
CEACAM1,LONRF3,1,1
CEACAM1,LRRC61,1,1
CEACAM1,LZIC,1,1
CEACAM1,MAPK1,1,1
CEACAM1,MERTK,1,1
CEACAM1,MGAM2,1,1
CEACAM1,MLXIP,1,1
CEACAM1,MTOR,1,1
CEACAM1,NAV2,1,1
CEACAM1,NBPF8,1,1
CEACAM1,PEX14,1,1
CEACAM1,PHGDH,1,1
CEACAM1,PIK3R3,1,1
CEACAM1,PIM3,1,1
CEACAM1,PNKD,1,1
CEACAM1,PPP1R12B,1,1
CEACAM1,RAB11FIP4,1,1
CEACAM1,RGS1,1,1
CEACAM1,RP11-159J3.1,1,1
CEACAM1,RP11-327P2.7,1,1
CEACAM1,RPH3A,1,1
CEACAM1,RPL11,1,1
CEACAM1,RPS6KA5,1,1
CEACAM1,SAMM50,1,1
CEACAM1,SBF1,1,1
CEACAM1,SCML4,1,1
CEACAM1,SLAMF7,1,1
CEACAM1,SLC25A33,1,1
CEACAM1,SLC37A3,1,1
CEACAM1,SLC44A3,1,1
CEACAM1,SQRDL,1,1
CEACAM1,SS18L1,1,1
CEACAM1,STAT1,1,1
CEACAM1,TGFBR3,1,1
CEACAM1,TMC3,1,1
CEACAM1,TMEM51,1,1
CEACAM1,TP73,1,1
CEACAM1,TUB,1,1
CEACAM1,UBE2J1,1,1
CEACAM1,VAPB,1,1
CEACAM1,VAV3,1,1
CEACAM1,VCX3B,1,1
CEACAM1,WDR47,1,1
CEACAM1,ZC3H4,1,1
CEACAM1,ZDHHC11B,1,1
CEACAM1,ZNF114,1,1
CEACAM1,ZNF503,1,1
CEACAM1,ZYG11A,1,1
HIBCH,APOBEC3G,1,1
HIBCH,CD68,1,1
HIBCH,DOCK9,1,1
HIBCH,FGFR1OP2,1,1
HIBCH,FPGT,1,1
HIBCH,GDAP2,1,1
HIBCH,KIN,1,1
HIBCH,MME,1,1
HIBCH,PIM3,1,1
HIBCH,SLC30A7,1,1
HIBCH,TTC37,1,1
HIBCH,ZNF525,1,1
GPHN,ACAN,1,1
GPHN,ACOT7,1,1
GPHN,ADAMTS17,1,1
GPHN,AK6,1,1
GPHN,ANAPC5,1,1
GPHN,ATAD3B,1,1
GPHN,BICDL1,1,1
GPHN,CADPS,1,1
GPHN,CCNL2,1,1
GPHN,CGN,1,1
GPHN,DPY19L2P2,1,1
GPHN,ECE1,1,1
GPHN,EIF5A2,1,1
GPHN,FAM118A,1,1
GPHN,FN1,1,1
GPHN,GPR157,1,1
GPHN,HERC2P8,1,1
GPHN,IMMP2L,1,1
GPHN,KDM5A,1,1
GPHN,LPXN,1,1
GPHN,MGAM2,1,1
GPHN,MRFAP1,1,1
GPHN,NBPF8,1,1
GPHN,NEPRO,1,1
GPHN,PICK1,1,1
GPHN,POLR2J,1,1
GPHN,RBX1,1,1
GPHN,RCN3,1,1
GPHN,RFX7,1,1
GPHN,RYBP,1,1
GPHN,SCML4,1,1
GPHN,SFI1,1,1
GPHN,STAT1,1,1
GPHN,TRPV4,1,1
GPHN,ZNF776,1,1
C1ORF159,ATXN7L3B,1,1
C1ORF159,C11ORF57,1,1
C1ORF159,FOXRED2,1,1
C1ORF159,LMAN2L,1,1
C1ORF159,NSMCE3,1,1
C1ORF159,PANX2,1,1
C1ORF159,RNF207,1,1
C1ORF159,RRP7BP,1,1
C1ORF159,SDF4,1,1
C1ORF159,STK11IP,1,1
C1ORF159,SYNM,1,1
C1ORF159,TIMM50,1,1
C1ORF159,TIMP3,1,1
C1ORF159,TMED9,1,1
C1ORF159,TMEM242,1,1
CADPS,ACAN,1,1
CADPS,ACOT7,1,1
CADPS,ADAMTS17,1,1
CADPS,APITD1,1,1
CADPS,ARMC10,1,1
CADPS,ATAD3B,1,1
CADPS,B3GALT6,1,1
CADPS,BCAS2,1,1
CADPS,BICDL1,1,1
CADPS,BMP8B,1,1
CADPS,C2ORF69,1,1
CADPS,CAPZA2,1,1
CADPS,CARHSP1,1,1
CADPS,CHRNA7,1,1
CADPS,CLDN12,1,1
CADPS,COQ10B,1,1
CADPS,CSDE1,1,1
CADPS,CSF2RA,1,1
CADPS,DDOST,1,1
CADPS,DDT,1,1
CADPS,DTX3L,1,1
CADPS,ECE1,1,1
CADPS,EIF5A2,1,1
CADPS,EYA4,1,1
CADPS,FAM118A,1,1
CADPS,FN1,1,1
CADPS,FOXRED2,1,1
CADPS,GLS,1,1
CADPS,GNB1L,1,1
CADPS,GPR157,1,1
CADPS,GTPBP10,1,1
CADPS,GXYLT1,1,1
CADPS,HERC2P8,1,1
CADPS,HEY1,1,1
CADPS,HOXD4,1,1
CADPS,ID3,1,1
CADPS,KLHDC3,1,1
CADPS,LPXN,1,1
CADPS,LRP12,1,1
CADPS,LSR,1,1
CADPS,LYPLA2,1,1
CADPS,MCTP1,1,1
CADPS,MFN2,1,1
CADPS,MGAM2,1,1
CADPS,MLH3,1,1
CADPS,MLLT4,1,1
CADPS,MRFAP1,1,1
CADPS,MTFP1,1,1
CADPS,NBPF8,1,1
CADPS,NEPRO,1,1
CADPS,NPAS2,1,1
CADPS,NRROS,1,1
CADPS,NUP50,1,1
CADPS,ORC5,1,1
CADPS,P3H3,1,1
CADPS,PHTF1,1,1
CADPS,PICK1,1,1
CADPS,PLCB4,1,1
CADPS,PLEKHB2,1,1
CADPS,POLR2J,1,1
CADPS,PYGB,1,1
CADPS,RLBP1,1,1
CADPS,RNF19A,1,1
CADPS,RTCB,1,1
CADPS,RYBP,1,1
CADPS,SCML4,1,1
CADPS,SERGEF,1,1
CADPS,SHQ1,1,1
CADPS,SNRNP25,1,1
CADPS,STK17B,1,1
CADPS,STOML2,1,1
CADPS,STRIP2,1,1
CADPS,TIMM50,1,1
CADPS,TMEM144,1,1
CADPS,TMEM201,1,1
CADPS,TMEM64,1,1
CADPS,TMF1,1,1
CADPS,TP73,1,1
CADPS,TRABD,1,1
CADPS,TRMU,1,1
CADPS,TRPV4,1,1
CADPS,TTN,1,1
CADPS,VAV3,1,1
CADPS,WDR77,1,1
CAPG,ABHD12,1,1
CAPG,ACAN,1,1
CAPG,ACOT7,1,1
CAPG,ADAMTS17,1,1
CAPG,ANKRD30B,1,1
CAPG,AP5S1,1,1
CAPG,APOBEC3G,1,1
CAPG,APOL1,1,1
CAPG,ARHGEF35,1,1
CAPG,ASRGL1,1,1
CAPG,ATP11A,1,1
CAPG,ATP6V0D2,1,1
CAPG,BICDL1,1,1
CAPG,BIRC7,1,1
CAPG,CDKN2B,1,1
CAPG,CHN2,1,1
CAPG,CLDN14,1,1
CAPG,CPTP,1,1
CAPG,CSF2RA,1,1
CAPG,DDRGK1,1,1
CAPG,DPY19L2P2,1,1
CAPG,DTX3L,1,1
CAPG,ENTPD6,1,1
CAPG,EXOSC10,1,1
CAPG,FAAP20,1,1
CAPG,FAM102B,1,1
CAPG,FAM118A,1,1
CAPG,FEZF1,1,1
CAPG,FN1,1,1
CAPG,GCLM,1,1
CAPG,GDAP2,1,1
CAPG,HENMT1,1,1
CAPG,HERC2P8,1,1
CAPG,HSPA8P8,1,1
CAPG,HSPA8P9,1,1
CAPG,ICMT,1,1
CAPG,LDLRAD3,1,1
CAPG,LHX8,1,1
CAPG,LINS1,1,1
CAPG,LONRF3,1,1
CAPG,LRRC61,1,1
CAPG,MERTK,1,1
CAPG,MGAM2,1,1
CAPG,MRFAP1,1,1
CAPG,NBPF8,1,1
CAPG,PEX14,1,1
CAPG,PHGDH,1,1
CAPG,PIK3R3,1,1
CAPG,PIM3,1,1
CAPG,PPP1R12B,1,1
CAPG,RGS1,1,1
CAPG,RP11-159J3.1,1,1
CAPG,RP11-327P2.7,1,1
CAPG,RPH3A,1,1
CAPG,RPL11,1,1
CAPG,RPS6KA5,1,1
CAPG,RTFDC1,1,1
CAPG,SAMM50,1,1
CAPG,SCML4,1,1
CAPG,SERGEF,1,1
CAPG,SLAMF7,1,1
CAPG,SLC37A3,1,1
CAPG,SPP1,1,1
CAPG,SQRDL,1,1
CAPG,SS18L1,1,1
CAPG,STAT1,1,1
CAPG,TGFBR3,1,1
CAPG,TMC3,1,1
CAPG,TMEM64,1,1
CAPG,TMUB1,1,1
CAPG,TP73,1,1
CAPG,TTN,1,1
CAPG,TUB,1,1
CAPG,UBE2J1,1,1
CAPG,VAPB,1,1
CAPG,VAV3,1,1
CAPG,VCX3B,1,1
CAPG,ZC3H4,1,1
CAPG,ZDHHC11B,1,1
CAPG,ZNF114,1,1
CAPG,ZNF503,1,1
CAPG,ZYG11A,1,1
TMEM64,ABHD12,1,1
TMEM64,ACAN,1,1
TMEM64,ACOT7,1,1
TMEM64,ADAMTS17,1,1
TMEM64,AKR7A2,1,1
TMEM64,ANAPC7,1,1
TMEM64,ANKRD30B,1,1
TMEM64,APITD1,1,1
TMEM64,ARHGEF35,1,1
TMEM64,ARL6IP5,1,1
TMEM64,ASRGL1,1,1
TMEM64,ATAD3B,1,1
TMEM64,ATP11A,1,1
TMEM64,ATP6V0D2,1,1
TMEM64,BCAS2,1,1
TMEM64,BICDL1,1,1
TMEM64,BIRC7,1,1
TMEM64,BLCAP,1,1
TMEM64,BMP8B,1,1
TMEM64,C2ORF69,1,1
TMEM64,CAPZA2,1,1
TMEM64,CARHSP1,1,1
TMEM64,CGN,1,1
TMEM64,CHN2,1,1
TMEM64,COQ10B,1,1
TMEM64,CPTP,1,1
TMEM64,CRKL,1,1
TMEM64,CSDE1,1,1
TMEM64,CSF2RA,1,1
TMEM64,DDOST,1,1
TMEM64,DDT,1,1
TMEM64,DFFA,1,1
TMEM64,DPY19L2P2,1,1
TMEM64,DTX3L,1,1
TMEM64,ECE1,1,1
TMEM64,EIF5A2,1,1
TMEM64,ENTPD6,1,1
TMEM64,EPS15L1,1,1
TMEM64,EXOSC10,1,1
TMEM64,EYA4,1,1
TMEM64,FAM102B,1,1
TMEM64,FAM118A,1,1
TMEM64,FANCI,1,1
TMEM64,FEZF1,1,1
TMEM64,FN1,1,1
TMEM64,FOXRED2,1,1
TMEM64,GCLM,1,1
TMEM64,GDAP2,1,1
TMEM64,GGH,1,1
TMEM64,GNB1L,1,1
TMEM64,GPR157,1,1
TMEM64,GXYLT1,1,1
TMEM64,HERC2P8,1,1
TMEM64,HEY1,1,1
TMEM64,HSPA8P8,1,1
TMEM64,HSPA8P9,1,1
TMEM64,ID3,1,1
TMEM64,IDH3A,1,1
TMEM64,IMMP2L,1,1
TMEM64,KIF1B,1,1
TMEM64,LHX8,1,1
TMEM64,LONRF3,1,1
TMEM64,LPXN,1,1
TMEM64,LRRC47,1,1
TMEM64,LRRC61,1,1
TMEM64,LSR,1,1
TMEM64,LYPLA2,1,1
TMEM64,MCM3,1,1
TMEM64,MCTP1,1,1
TMEM64,MERTK,1,1
TMEM64,MFN2,1,1
TMEM64,MGAM,1,1
TMEM64,MGAM2,1,1
TMEM64,MLH3,1,1
TMEM64,MLLT4,1,1
TMEM64,MRFAP1,1,1
TMEM64,MTFP1,1,1
TMEM64,MTOR,1,1
TMEM64,NBPF8,1,1
TMEM64,NCAPH2,1,1
TMEM64,NEPRO,1,1
TMEM64,NPAS2,1,1
TMEM64,NRROS,1,1
TMEM64,NUP50,1,1
TMEM64,P3H3,1,1
TMEM64,PEX14,1,1
TMEM64,PEX26,1,1
TMEM64,PHGDH,1,1
TMEM64,PHTF1,1,1
TMEM64,PIK3R3,1,1
TMEM64,PLCB4,1,1
TMEM64,PLEKHA7,1,1
TMEM64,PLEKHB2,1,1
TMEM64,POLE4,1,1
TMEM64,POLR2J,1,1
TMEM64,PTTG1,1,1
TMEM64,PYGB,1,1
TMEM64,RBM19,1,1
TMEM64,RBX1,1,1
TMEM64,RCN3,1,1
TMEM64,RLBP1,1,1
TMEM64,RP11-327P2.7,1,1
TMEM64,RPA2,1,1
TMEM64,RPH3A,1,1
TMEM64,RPL11,1,1
TMEM64,RPS6KA5,1,1
TMEM64,RTCB,1,1
TMEM64,RTFDC1,1,1
TMEM64,RYBP,1,1
TMEM64,SAMM50,1,1
TMEM64,SCML4,1,1
TMEM64,SERGEF,1,1
TMEM64,SFI1,1,1
TMEM64,SLAMF7,1,1
TMEM64,SLC25A33,1,1
TMEM64,SNRNP25,1,1
TMEM64,STAT1,1,1
TMEM64,STK17B,1,1
TMEM64,STOML2,1,1
TMEM64,TMC3,1,1
TMEM64,TMEM144,1,1
TMEM64,TMEM201,1,1
TMEM64,TMF1,1,1
TMEM64,TMUB1,1,1
TMEM64,TP73,1,1
TMEM64,TRMU,1,1
TMEM64,TRPV4,1,1
TMEM64,TTN,1,1
TMEM64,TUB,1,1
TMEM64,UBE2J1,1,1
TMEM64,VAPB,1,1
TMEM64,VAV3,1,1
TMEM64,VCX3B,1,1
TMEM64,WDR77,1,1
TMEM64,ZDHHC11B,1,1
TMEM64,ZNF114,1,1
TMEM64,ZNF503,1,1
TMEM64,ZNF776,1,1
TMEM64,ZYG11A,1,1
VPS45,AK2,1,1
VPS45,ALAS1,1,1
VPS45,ALDH1B1,1,1
VPS45,ARHGEF39,1,1
VPS45,ATG5,1,1
VPS45,ATXN7L3,1,1
VPS45,ATXN7L3B,1,1
VPS45,BAIAP2L2,1,1
VPS45,BCAS3,1,1
VPS45,C11ORF57,1,1
VPS45,C1ORF112,1,1
VPS45,C5ORF34,1,1
VPS45,CAPZA2,1,1
VPS45,CARD16,1,1
VPS45,CEP41,1,1
VPS45,CHEK2,1,1
VPS45,CSDE1,1,1
VPS45,DDOST,1,1
VPS45,DYNC1I1,1,1
VPS45,EYA4,1,1
VPS45,FOXRED2,1,1
VPS45,GFPT1,1,1
VPS45,HEY1,1,1
VPS45,ITGAV,1,1
VPS45,KDELC1,1,1
VPS45,KLHDC2,1,1
VPS45,L3MBTL4,1,1
VPS45,MFN2,1,1
VPS45,MLH3,1,1
VPS45,MRPS5,1,1
VPS45,MSL3P1,1,1
VPS45,NELFCD,1,1
VPS45,NSMCE3,1,1
VPS45,PANX2,1,1
VPS45,PARP9,1,1
VPS45,PDCD6,1,1
VPS45,PPFIBP1,1,1
VPS45,PRKCZ,1,1
VPS45,PSMA5,1,1
VPS45,PXDN,1,1
VPS45,RHOJ,1,1
VPS45,RNF43,1,1
VPS45,RPN2,1,1
VPS45,RRP7BP,1,1
VPS45,RTCB,1,1
VPS45,SDF4,1,1
VPS45,SLC25A13,1,1
VPS45,SORL1,1,1
VPS45,STRIP2,1,1
VPS45,SYNM,1,1
VPS45,SYPL1,1,1
VPS45,TBCA,1,1
VPS45,TEAD2,1,1
VPS45,TIMM50,1,1
VPS45,TIMP3,1,1
VPS45,TMED9,1,1
VPS45,TMEM242,1,1
VPS45,TRABD,1,1
VPS45,WASL,1,1
VPS45,ZMYM1,1,1
VPS45,ZNF3,1,1
TMEM104,ZNF226,1,1
SLC35B4,AC013264.1,1,1
SLC35B4,CDK5R1,1,1
SLC35B4,CLSTN1,1,1
SLC35B4,GUCD1,1,1
SLC35B4,MRPL58,1,1
SLC35B4,PRDM2,1,1
SLC35B4,RBBP4,1,1
SLC35B4,ST7,1,1
SLC35B4,TGFBR1,1,1
SLC35B4,TNFAIP3,1,1
SLC35B4,VCP,1,1
LSR,ACAN,1,1
LSR,ACOT7,1,1
LSR,ADAMTS17,1,1
LSR,ANAPC7,1,1
LSR,APITD1,1,1
LSR,ARMC10,1,1
LSR,ATAD3B,1,1
LSR,ATP6V0B,1,1
LSR,AURKAIP1,1,1
LSR,B3GALT6,1,1
LSR,BAIAP2L2,1,1
LSR,BCAS2,1,1
LSR,BICDL1,1,1
LSR,BMP8B,1,1
LSR,C2ORF69,1,1
LSR,CAPZA2,1,1
LSR,CARHSP1,1,1
LSR,CGN,1,1
LSR,CHRNA7,1,1
LSR,COQ10B,1,1
LSR,CSDE1,1,1
LSR,CSF2RA,1,1
LSR,DDOST,1,1
LSR,DDT,1,1
LSR,DFFA,1,1
LSR,DTX3L,1,1
LSR,ECE1,1,1
LSR,EIF5A2,1,1
LSR,EXOSC10,1,1
LSR,EYA4,1,1
LSR,FEZF1,1,1
LSR,FN1,1,1
LSR,FOXRED2,1,1
LSR,GET4,1,1
LSR,GNB1L,1,1
LSR,GPR157,1,1
LSR,GSR,1,1
LSR,GTPBP10,1,1
LSR,GXYLT1,1,1
LSR,HERC2P8,1,1
LSR,HEY1,1,1
LSR,HOXD4,1,1
LSR,ID3,1,1
LSR,KLHDC3,1,1
LSR,LPXN,1,1
LSR,LRP12,1,1
LSR,LRRC37A2,1,1
LSR,LYPLA2,1,1
LSR,MCM3,1,1
LSR,MCTP1,1,1
LSR,MERTK,1,1
LSR,MFN2,1,1
LSR,MGAM2,1,1
LSR,MLH3,1,1
LSR,MLLT4,1,1
LSR,MRFAP1,1,1
LSR,MTFP1,1,1
LSR,NBPF8,1,1
LSR,NEPRO,1,1
LSR,NPAS2,1,1
LSR,NRROS,1,1
LSR,NUP50,1,1
LSR,ORC5,1,1
LSR,P3H3,1,1
LSR,PEX26,1,1
LSR,PHTF1,1,1
LSR,PLCB4,1,1
LSR,PLEKHB2,1,1
LSR,POLE4,1,1
LSR,POLR2J,1,1
LSR,PSMA5,1,1
LSR,PYGB,1,1
LSR,RBM19,1,1
LSR,RLBP1,1,1
LSR,RNF19A,1,1
LSR,RTCB,1,1
LSR,RYBP,1,1
LSR,SCML4,1,1
LSR,SERGEF,1,1
LSR,SHQ1,1,1
LSR,SLC25A33,1,1
LSR,SNRNP25,1,1
LSR,STK17B,1,1
LSR,STOML2,1,1
LSR,STRIP2,1,1
LSR,TIMM50,1,1
LSR,TMEM144,1,1
LSR,TMEM201,1,1
LSR,TMF1,1,1
LSR,TP73,1,1
LSR,TRABD,1,1
LSR,TRMU,1,1
LSR,TRPV4,1,1
LSR,TTN,1,1
LSR,VAV3,1,1
LSR,VCX3B,1,1
LSR,VDR,1,1
LSR,WDR77,1,1
LSR,ZNF503,1,1
MLH3,ACOT7,1,1
MLH3,ADAMTS17,1,1
MLH3,AK2,1,1
MLH3,AKR7A2,1,1
MLH3,ALDH1B1,1,1
MLH3,ANAPC7,1,1
MLH3,APITD1,1,1
MLH3,ARHGEF39,1,1
MLH3,ATAD3B,1,1
MLH3,ATXN7L3B,1,1
MLH3,B3GALT6,1,1
MLH3,BAIAP2L2,1,1
MLH3,BCAS2,1,1
MLH3,BLCAP,1,1
MLH3,C2ORF69,1,1
MLH3,CAPZA2,1,1
MLH3,CARHSP1,1,1
MLH3,CEP41,1,1
MLH3,CGN,1,1
MLH3,COQ10B,1,1
MLH3,CSDE1,1,1
MLH3,DDOST,1,1
MLH3,DDT,1,1
MLH3,EARS2,1,1
MLH3,ECE1,1,1
MLH3,EIF5A2,1,1
MLH3,EXOSC10,1,1
MLH3,EYA4,1,1
MLH3,FAM118A,1,1
MLH3,FN1,1,1
MLH3,FOXRED2,1,1
MLH3,GNB1L,1,1
MLH3,GPR157,1,1
MLH3,GXYLT1,1,1
MLH3,HERC2P8,1,1
MLH3,HEY1,1,1
MLH3,ID3,1,1
MLH3,IDH3A,1,1
MLH3,IMMP2L,1,1
MLH3,KDELC1,1,1
MLH3,L3MBTL4,1,1
MLH3,LPXN,1,1
MLH3,LRP12,1,1
MLH3,MCM3,1,1
MLH3,MFN2,1,1
MLH3,MGAM2,1,1
MLH3,MLLT4,1,1
MLH3,MRFAP1,1,1
MLH3,MSL3P1,1,1
MLH3,MTFP1,1,1
MLH3,NBPF8,1,1
MLH3,NELFCD,1,1
MLH3,NPAS2,1,1
MLH3,NRROS,1,1
MLH3,NUP50,1,1
MLH3,ORC5,1,1
MLH3,P3H3,1,1
MLH3,PARP9,1,1
MLH3,PEX26,1,1
MLH3,PHTF1,1,1
MLH3,PQLC2,1,1
MLH3,PSMA5,1,1
MLH3,PYGB,1,1
MLH3,RBM19,1,1
MLH3,RBM28,1,1
MLH3,RLBP1,1,1
MLH3,RRP7BP,1,1
MLH3,RTCB,1,1
MLH3,RYBP,1,1
MLH3,SLC16A1,1,1
MLH3,SLC25A33,1,1
MLH3,SNRNP25,1,1
MLH3,STK11IP,1,1
MLH3,STK17B,1,1
MLH3,STRIP2,1,1
MLH3,SYPL1,1,1
MLH3,TBCA,1,1
MLH3,TIMM50,1,1
MLH3,TIMP3,1,1
MLH3,TMED9,1,1
MLH3,TMEM201,1,1
MLH3,TMF1,1,1
MLH3,TRABD,1,1
MLH3,TRMU,1,1
MLH3,TRPV4,1,1
MLH3,TTN,1,1
MLH3,UBE2J1,1,1
MLH3,UFD1L,1,1
MLH3,VDR,1,1
MLH3,WDR77,1,1
MLH3,ZNF503,1,1
DFFA,ACAN,1,1
DFFA,ACOT7,1,1
DFFA,ADAMTS17,1,1
DFFA,AGA,1,1
DFFA,ASRGL1,1,1
DFFA,ATAD3B,1,1
DFFA,ATP6V0D2,1,1
DFFA,AURKAIP1,1,1
DFFA,BCAS2,1,1
DFFA,BICDL1,1,1
DFFA,BIRC7,1,1
DFFA,BMP8B,1,1
DFFA,C2ORF69,1,1
DFFA,CCNO,1,1
DFFA,CLDN14,1,1
DFFA,COQ10B,1,1
DFFA,CPTP,1,1
DFFA,CRKL,1,1
DFFA,CSF2RA,1,1
DFFA,DTX3L,1,1
DFFA,ENTPD6,1,1
DFFA,EXOSC10,1,1
DFFA,FAAP20,1,1
DFFA,FANCI,1,1
DFFA,FEZF1,1,1
DFFA,GDAP2,1,1
DFFA,HERC2P8,1,1
DFFA,LHX8,1,1
DFFA,LONRF3,1,1
DFFA,LRRC47,1,1
DFFA,LRRC61,1,1
DFFA,LYPLA2,1,1
DFFA,MCTP1,1,1
DFFA,MERTK,1,1
DFFA,MGAM2,1,1
DFFA,MRPL46,1,1
DFFA,MTERF1,1,1
DFFA,MTFP1,1,1
DFFA,NAB1,1,1
DFFA,NCAPH2,1,1
DFFA,NPAS2,1,1
DFFA,NT5DC3,1,1
DFFA,PGAP2,1,1
DFFA,PIK3R3,1,1
DFFA,PLCB4,1,1
DFFA,PLEKHA7,1,1
DFFA,PLEKHB2,1,1
DFFA,POLE4,1,1
DFFA,POLR2J,1,1
DFFA,PYGB,1,1
DFFA,RPH3A,1,1
DFFA,RPS6KA5,1,1
DFFA,RTFDC1,1,1
DFFA,SCML4,1,1
DFFA,SERGEF,1,1
DFFA,SLAMF7,1,1
DFFA,SMARCB1,1,1
DFFA,SMG9,1,1
DFFA,STOML2,1,1
DFFA,TMC3,1,1
DFFA,TMEM144,1,1
DFFA,TP73,1,1
DFFA,TRPV4,1,1
DFFA,TSN,1,1
DFFA,TUB,1,1
DFFA,VAPB,1,1
DFFA,VCX3B,1,1
DFFA,ZDHHC11B,1,1
DFFA,ZNF114,1,1
DFFA,ZNF189,1,1
MGAM2,ABHD12,1,1
MGAM2,ACAN,1,1
MGAM2,ACOT7,1,1
MGAM2,ADAMTS17,1,1
MGAM2,AGA,1,1
MGAM2,AKR7A2,1,1
MGAM2,ANKRD30B,1,1
MGAM2,ARHGEF35,1,1
MGAM2,ARL6IP5,1,1
MGAM2,ASRGL1,1,1
MGAM2,ATAD3B,1,1
MGAM2,ATP11A,1,1
MGAM2,ATP6V0D2,1,1
MGAM2,BICDL1,1,1
MGAM2,BIRC7,1,1
MGAM2,BLCAP,1,1
MGAM2,BMP8B,1,1
MGAM2,C2ORF69,1,1
MGAM2,CARHSP1,1,1
MGAM2,CHN2,1,1
MGAM2,CLDN14,1,1
MGAM2,CPTP,1,1
MGAM2,CRKL,1,1
MGAM2,CSDE1,1,1
MGAM2,CSF2RA,1,1
MGAM2,DDRGK1,1,1
MGAM2,DPY19L2P2,1,1
MGAM2,DTX3L,1,1
MGAM2,ECE1,1,1
MGAM2,ECHDC1,1,1
MGAM2,EIF5A2,1,1
MGAM2,ENTPD6,1,1
MGAM2,EPS15L1,1,1
MGAM2,EXOSC10,1,1
MGAM2,FAAP20,1,1
MGAM2,FAM102B,1,1
MGAM2,FAM118A,1,1
MGAM2,FANCI,1,1
MGAM2,FEZF1,1,1
MGAM2,FN1,1,1
MGAM2,GCLM,1,1
MGAM2,GDAP2,1,1
MGAM2,GGH,1,1
MGAM2,GNB1L,1,1
MGAM2,GPR157,1,1
MGAM2,GXYLT1,1,1
MGAM2,HENMT1,1,1
MGAM2,HERC2P8,1,1
MGAM2,HSPA8P8,1,1
MGAM2,HSPA8P9,1,1
MGAM2,IDH3A,1,1
MGAM2,IMMP2L,1,1
MGAM2,KIF1B,1,1
MGAM2,LHX8,1,1
MGAM2,LINS1,1,1
MGAM2,LONRF3,1,1
MGAM2,LPXN,1,1
MGAM2,LRRC47,1,1
MGAM2,LRRC61,1,1
MGAM2,LYPLA2,1,1
MGAM2,MCM3,1,1
MGAM2,MCTP1,1,1
MGAM2,MERTK,1,1
MGAM2,MFN2,1,1
MGAM2,MGAM,1,1
MGAM2,MRFAP1,1,1
MGAM2,MTFP1,1,1
MGAM2,MTOR,1,1
MGAM2,MUL1,1,1
MGAM2,NBPF8,1,1
MGAM2,NCAPH2,1,1
MGAM2,NEPRO,1,1
MGAM2,NPAS2,1,1
MGAM2,NRROS,1,1
MGAM2,PEX14,1,1
MGAM2,PEX26,1,1
MGAM2,PHGDH,1,1
MGAM2,PHTF1,1,1
MGAM2,PIK3R3,1,1
MGAM2,PLCB4,1,1
MGAM2,PLEKHA7,1,1
MGAM2,PLEKHB2,1,1
MGAM2,POLE4,1,1
MGAM2,POLR2J,1,1
MGAM2,PYGB,1,1
MGAM2,RBM19,1,1
MGAM2,RBX1,1,1
MGAM2,RCN3,1,1
MGAM2,RP11-159J3.1,1,1
MGAM2,RP11-327P2.7,1,1
MGAM2,RPA2,1,1
MGAM2,RPH3A,1,1
MGAM2,RPL11,1,1
MGAM2,RPS6KA5,1,1
MGAM2,RTFDC1,1,1
MGAM2,RYBP,1,1
MGAM2,SAMM50,1,1
MGAM2,SCML4,1,1
MGAM2,SERGEF,1,1
MGAM2,SFI1,1,1
MGAM2,SLAMF7,1,1
MGAM2,SLC25A33,1,1
MGAM2,SNRNP25,1,1
MGAM2,SS18L1,1,1
MGAM2,STAT1,1,1
MGAM2,TMC3,1,1
MGAM2,TMEM144,1,1
MGAM2,TMEM201,1,1
MGAM2,TMF1,1,1
MGAM2,TMUB1,1,1
MGAM2,TP73,1,1
MGAM2,TRMU,1,1
MGAM2,TRPV4,1,1
MGAM2,TTN,1,1
MGAM2,TUB,1,1
MGAM2,UBE2J1,1,1
MGAM2,VAPB,1,1
MGAM2,VAV3,1,1
MGAM2,VCX3B,1,1
MGAM2,ZDHHC11B,1,1
MGAM2,ZNF114,1,1
MGAM2,ZNF503,1,1
MGAM2,ZNF776,1,1
MGAM2,ZYG11A,1,1
HP1BP3,AC013264.1,1,1
HP1BP3,AGL,1,1
HP1BP3,ARPC1A,1,1
HP1BP3,ATP6V1C1,1,1
HP1BP3,ATP7B,1,1
HP1BP3,C7ORF49,1,1
HP1BP3,CA8,1,1
HP1BP3,CBX5,1,1
HP1BP3,CCDC115,1,1
HP1BP3,CCDC36,1,1
HP1BP3,CD40,1,1
HP1BP3,CDC42,1,1
HP1BP3,CDK5R1,1,1
HP1BP3,CLSTN1,1,1
HP1BP3,CTD-3214H19.4,1,1
HP1BP3,DDRGK1,1,1
HP1BP3,DET1,1,1
HP1BP3,DTNBP1,1,1
HP1BP3,EIF5AL1,1,1
HP1BP3,EVA1A,1,1
HP1BP3,FAM102B,1,1
HP1BP3,FRMD4B,1,1
HP1BP3,GSTO1,1,1
HP1BP3,GUCD1,1,1
HP1BP3,HPS5,1,1
HP1BP3,ICMT,1,1
HP1BP3,KIAA1033,1,1
HP1BP3,LDLRAD3,1,1
HP1BP3,LINS1,1,1
HP1BP3,LZIC,1,1
HP1BP3,MAP9,1,1
HP1BP3,MAPK1,1,1
HP1BP3,MCOLN3,1,1
HP1BP3,MESDC1,1,1
HP1BP3,MLF 2.00,1,1
HP1BP3,MLXIP,1,1
HP1BP3,MRPL58,1,1
HP1BP3,MSI2,1,1
HP1BP3,NADK,1,1
HP1BP3,NAGA,1,1
HP1BP3,NAV2,1,1
HP1BP3,OAT,1,1
HP1BP3,PEX10,1,1
HP1BP3,PITHD1,1,1
HP1BP3,PRDM2,1,1
HP1BP3,PTER,1,1
HP1BP3,PYCARD,1,1
HP1BP3,RAB11FIP4,1,1
HP1BP3,RBBP4,1,1
HP1BP3,RGS1,1,1
HP1BP3,RHOQ,1,1
HP1BP3,RMND1,1,1
HP1BP3,SBF1,1,1
HP1BP3,SIRPA,1,1
HP1BP3,SLC37A3,1,1
HP1BP3,SLC44A3,1,1
HP1BP3,SNX8,1,1
HP1BP3,SPECC1,1,1
HP1BP3,SPON2,1,1
HP1BP3,SPSB1,1,1
HP1BP3,STIM1,1,1
HP1BP3,STXBP2,1,1
HP1BP3,TGFBR1,1,1
HP1BP3,TGFBR3,1,1
HP1BP3,TMEM51,1,1
HP1BP3,TPRG1L,1,1
HP1BP3,USP48,1,1
CINP,AGAP3,1,1
CINP,CDC26,1,1
CINP,CEP41,1,1
CINP,DPF2,1,1
CINP,HTRA1,1,1
CINP,IGF1R,1,1
CINP,JAK2,1,1
CINP,LAMP2,1,1
CINP,LAMTOR5,1,1
CINP,MSL3P1,1,1
CINP,POMGNT1,1,1
CINP,RRBP1,1,1
CINP,STXBP3,1,1
TIMM50,AK2,1,1
TIMM50,AKR7A2,1,1
TIMM50,ALDH1B1,1,1
TIMM50,ANAPC7,1,1
TIMM50,APITD1,1,1
TIMM50,ARHGEF39,1,1
TIMM50,ATXN7L3B,1,1
TIMM50,B3GALT6,1,1
TIMM50,BAIAP2L2,1,1
TIMM50,BCAS3,1,1
TIMM50,BLCAP,1,1
TIMM50,C1ORF112,1,1
TIMM50,C5ORF34,1,1
TIMM50,CAPZA2,1,1
TIMM50,CARD16,1,1
TIMM50,CARHSP1,1,1
TIMM50,CEP41,1,1
TIMM50,CGN,1,1
TIMM50,CHEK2,1,1
TIMM50,COG5,1,1
TIMM50,CSDE1,1,1
TIMM50,DDOST,1,1
TIMM50,DDT,1,1
TIMM50,DYNC1I1,1,1
TIMM50,EARS2,1,1
TIMM50,ECE1,1,1
TIMM50,EIF5A2,1,1
TIMM50,EYA4,1,1
TIMM50,FBXO6,1,1
TIMM50,FOXRED2,1,1
TIMM50,GET4,1,1
TIMM50,GFPT1,1,1
TIMM50,GLDC,1,1
TIMM50,GNB1L,1,1
TIMM50,GPR157,1,1
TIMM50,GXYLT1,1,1
TIMM50,HEY1,1,1
TIMM50,ID3,1,1
TIMM50,IDH3A,1,1
TIMM50,IGF2BP3,1,1
TIMM50,IMMP2L,1,1
TIMM50,ITGAV,1,1
TIMM50,KDELC1,1,1
TIMM50,KIRREL,1,1
TIMM50,L3MBTL4,1,1
TIMM50,LAMP2,1,1
TIMM50,LPXN,1,1
TIMM50,LRP12,1,1
TIMM50,MFN2,1,1
TIMM50,MLLT4,1,1
TIMM50,MRFAP1,1,1
TIMM50,MSL3P1,1,1
TIMM50,MTFP1,1,1
TIMM50,NELFCD,1,1
TIMM50,NRROS,1,1
TIMM50,NSMCE3,1,1
TIMM50,NUDCD3,1,1
TIMM50,NUP43,1,1
TIMM50,NUP50,1,1
TIMM50,P3H3,1,1
TIMM50,PANX2,1,1
TIMM50,PARP9,1,1
TIMM50,PHTF1,1,1
TIMM50,PPFIBP1,1,1
TIMM50,PQLC2,1,1
TIMM50,PSMA5,1,1
TIMM50,PYGB,1,1
TIMM50,RBM28,1,1
TIMM50,RLBP1,1,1
TIMM50,RNF207,1,1
TIMM50,RNF43,1,1
TIMM50,RPN2,1,1
TIMM50,RRP7BP,1,1
TIMM50,RTCB,1,1
TIMM50,RYBP,1,1
TIMM50,SDF4,1,1
TIMM50,SH3BP1,1,1
TIMM50,SLC25A13,1,1
TIMM50,SLC35F5,1,1
TIMM50,SNRNP25,1,1
TIMM50,SNX17,1,1
TIMM50,SORL1,1,1
TIMM50,STK17B,1,1
TIMM50,STRIP2,1,1
TIMM50,SYNM,1,1
TIMM50,SYPL1,1,1
TIMM50,TBCA,1,1
TIMM50,TIMP3,1,1
TIMM50,TMED9,1,1
TIMM50,TMEM201,1,1
TIMM50,TMEM242,1,1
TIMM50,TMF1,1,1
TIMM50,TRABD,1,1
TIMM50,TRMU,1,1
TIMM50,UFD1L,1,1
TIMM50,WASL,1,1
TIMM50,WDR77,1,1
TIMM50,ZC3HC1,1,1
TIMM50,ZMYM1,1,1
TIMM50,ZNF503,1,1
RRM2B,COL4A5,1,1
THAP3,DCAF4,1,1
THAP3,SRGAP2C,1,1
GSTO1,AK5,1,1
GSTO1,CA8,1,1
GSTO1,CCDC115,1,1
GSTO1,CD40,1,1
GSTO1,CDK5R1,1,1
GSTO1,EIF5AL1,1,1
GSTO1,EVA1A,1,1
GSTO1,FAM102B,1,1
GSTO1,GUCD1,1,1
GSTO1,ICMT,1,1
GSTO1,KIAA1033,1,1
GSTO1,LDLRAD3,1,1
GSTO1,LINS1,1,1
GSTO1,LNX2,1,1
GSTO1,MCOLN3,1,1
GSTO1,MLF 2.00,1,1
GSTO1,MME,1,1
GSTO1,MYB,1,1
GSTO1,NAV2,1,1
GSTO1,OAT,1,1
GSTO1,OR2A20P,1,1
GSTO1,PRDM2,1,1
GSTO1,PYCARD,1,1
GSTO1,RAB11FIP4,1,1
GSTO1,RBBP4,1,1
GSTO1,RGS1,1,1
GSTO1,RHOQ,1,1
GSTO1,RMND1,1,1
GSTO1,SIRPA,1,1
GSTO1,SLC37A3,1,1
GSTO1,SLC44A3,1,1
GSTO1,SNX8,1,1
GSTO1,SPON2,1,1
GSTO1,STXBP2,1,1
GSTO1,TGFBR1,1,1
MSI2,AC009133.22,1,1
MSI2,ATP7B,1,1
MSI2,BAK1,1,1
MSI2,CARD8,1,1
MSI2,CCDC115,1,1
MSI2,CDK5R1,1,1
MSI2,CLSTN1,1,1
MSI2,CREB3,1,1
MSI2,DET1,1,1
MSI2,EVA1A,1,1
MSI2,GPD1L,1,1
MSI2,MCOLN3,1,1
MSI2,MLF 2.00,1,1
MSI2,MRPL58,1,1
MSI2,MVB12B,1,1
MSI2,NAGA,1,1
MSI2,PPM1K,1,1
MSI2,PRDM2,1,1
MSI2,PYCARD,1,1
MSI2,RAB11FIP4,1,1
MSI2,RHOQ,1,1
MSI2,RMND1,1,1
MSI2,SIRPA,1,1
MSI2,SLC44A3,1,1
MSI2,SOX13,1,1
MSI2,STIM1,1,1
MSI2,STXBP2,1,1
MSI2,TGFBR1,1,1
MSI2,TP73-AS1,1,1
MSI2,TPRG1L,1,1
VCX3B,ABHD12,1,1
VCX3B,ACAN,1,1
VCX3B,ACOT7,1,1
VCX3B,ADAMTS17,1,1
VCX3B,ANAPC5,1,1
VCX3B,ANKRD30B,1,1
VCX3B,AP5S1,1,1
VCX3B,APOL1,1,1
VCX3B,ARHGEF35,1,1
VCX3B,ASRGL1,1,1
VCX3B,ATAD3B,1,1
VCX3B,ATP11A,1,1
VCX3B,ATP6V0D2,1,1
VCX3B,BICDL1,1,1
VCX3B,BIRC7,1,1
VCX3B,BMP8B,1,1
VCX3B,CARHSP1,1,1
VCX3B,CD36,1,1
VCX3B,CDKN2B,1,1
VCX3B,CHN2,1,1
VCX3B,CLDN14,1,1
VCX3B,CPTP,1,1
VCX3B,CSF2RA,1,1
VCX3B,DDRGK1,1,1
VCX3B,DPY19L2P2,1,1
VCX3B,DTNBP1,1,1
VCX3B,DTX3L,1,1
VCX3B,ENTPD6,1,1
VCX3B,EXOSC10,1,1
VCX3B,FAAP20,1,1
VCX3B,FAM102B,1,1
VCX3B,FAM118A,1,1
VCX3B,FANCI,1,1
VCX3B,FEZF1,1,1
VCX3B,FN1,1,1
VCX3B,GDAP2,1,1
VCX3B,GPR157,1,1
VCX3B,HENMT1,1,1
VCX3B,HERC2P8,1,1
VCX3B,HSPA8P8,1,1
VCX3B,KIF1B,1,1
VCX3B,LHX8,1,1
VCX3B,LINS1,1,1
VCX3B,LONRF3,1,1
VCX3B,LPXN,1,1
VCX3B,LRRC47,1,1
VCX3B,LRRC61,1,1
VCX3B,LYPLA2,1,1
VCX3B,MERTK,1,1
VCX3B,MLXIP,1,1
VCX3B,MRFAP1,1,1
VCX3B,MTOR,1,1
VCX3B,NBPF8,1,1
VCX3B,NRROS,1,1
VCX3B,NT5DC3,1,1
VCX3B,PEX14,1,1
VCX3B,PHGDH,1,1
VCX3B,PIK3R3,1,1
VCX3B,PIM3,1,1
VCX3B,PLEKHA7,1,1
VCX3B,POLE4,1,1
VCX3B,PPP1R12B,1,1
VCX3B,RBX1,1,1
VCX3B,RP11-159J3.1,1,1
VCX3B,RP11-327P2.7,1,1
VCX3B,RPH3A,1,1
VCX3B,RPL11,1,1
VCX3B,RPS6KA5,1,1
VCX3B,RTFDC1,1,1
VCX3B,RYBP,1,1
VCX3B,SAMM50,1,1
VCX3B,SCML4,1,1
VCX3B,SERGEF,1,1
VCX3B,SLAMF7,1,1
VCX3B,SLC25A33,1,1
VCX3B,SQRDL,1,1
VCX3B,SS18L1,1,1
VCX3B,STAT1,1,1
VCX3B,TMC3,1,1
VCX3B,TMEM144,1,1
VCX3B,TMUB1,1,1
VCX3B,TP73,1,1
VCX3B,TRPV4,1,1
VCX3B,TTN,1,1
VCX3B,TUB,1,1
VCX3B,TXN2,1,1
VCX3B,UBE2J1,1,1
VCX3B,VAPB,1,1
VCX3B,VAV3,1,1
VCX3B,WDR47,1,1
VCX3B,ZDHHC11B,1,1
VCX3B,ZNF114,1,1
VCX3B,ZNF503,1,1
VCX3B,ZYG11A,1,1
SMARCE1,AIG1,1,1
SMARCE1,C7ORF50,1,1
SMARCE1,CARD14,1,1
SMARCE1,CASP8,1,1
SMARCE1,CMAS,1,1
SMARCE1,ENO1,1,1
SMARCE1,FAM86DP,1,1
SMARCE1,FZD6,1,1
SMARCE1,GFPT1,1,1
SMARCE1,METAP1D,1,1
SMARCE1,MIF,1,1
SMARCE1,MRFAP1L1,1,1
SMARCE1,NIPAL3,1,1
SMARCE1,NUP43,1,1
SMARCE1,PANX2,1,1
SMARCE1,PHF2,1,1
SMARCE1,PRKCZ,1,1
SMARCE1,PSMA5,1,1
SMARCE1,RNF43,1,1
SMARCE1,RPN2,1,1
SMARCE1,SNX17,1,1
SMARCE1,SORL1,1,1
SMARCE1,SYNM,1,1
SMARCE1,TNIP2,1,1
SMARCE1,UFD1L,1,1
SMARCE1,ZNF75A,1,1
C5ORF34,AIG1,1,1
C5ORF34,AK2,1,1
C5ORF34,ALDH1B1,1,1
C5ORF34,APITD1,1,1
C5ORF34,ATXN7L3,1,1
C5ORF34,ATXN7L3B,1,1
C5ORF34,BMPR1B,1,1
C5ORF34,C1ORF112,1,1
C5ORF34,C7ORF50,1,1
C5ORF34,CAPZA2,1,1
C5ORF34,CENPI,1,1
C5ORF34,CEP85,1,1
C5ORF34,CHEK2,1,1
C5ORF34,CMAS,1,1
C5ORF34,CSDE1,1,1
C5ORF34,DDOST,1,1
C5ORF34,DYNC1I1,1,1
C5ORF34,ENO1,1,1
C5ORF34,EYA4,1,1
C5ORF34,GET4,1,1
C5ORF34,GFPT1,1,1
C5ORF34,GLDC,1,1
C5ORF34,KDELC1,1,1
C5ORF34,KIRREL,1,1
C5ORF34,KLHDC2,1,1
C5ORF34,MDC 1.00,1,1
C5ORF34,NCKAP1,1,1
C5ORF34,NUP43,1,1
C5ORF34,PABPC4,1,1
C5ORF34,PANX2,1,1
C5ORF34,PHF2,1,1
C5ORF34,PRKCZ,1,1
C5ORF34,PSMA5,1,1
C5ORF34,PXDN,1,1
C5ORF34,RPN2,1,1
C5ORF34,RRP7BP,1,1
C5ORF34,RTCB,1,1
C5ORF34,SLC5A6,1,1
C5ORF34,SORL1,1,1
C5ORF34,SYNM,1,1
C5ORF34,SYPL1,1,1
C5ORF34,TBCA,1,1
C5ORF34,TBRG1,1,1
C5ORF34,TEAD2,1,1
C5ORF34,TIMP3,1,1
C5ORF34,TMEM242,1,1
C5ORF34,TMEM38B,1,1
C5ORF34,TRABD,1,1
C5ORF34,TRMU,1,1
C5ORF34,UFD1L,1,1
C5ORF34,ZC3HC1,1,1
C5ORF34,ZMYM1,1,1
ELOVL5,AIM1,1,1
ELOVL5,ALDH1B1,1,1
ELOVL5,APITD1,1,1
ELOVL5,ASCC2,1,1
ELOVL5,AURKAIP1,1,1
ELOVL5,BCAS2,1,1
ELOVL5,CHCHD2,1,1
ELOVL5,CLDN12,1,1
ELOVL5,COQ10B,1,1
ELOVL5,EIF3D,1,1
ELOVL5,ENO1,1,1
ELOVL5,GTPBP10,1,1
ELOVL5,ID3,1,1
ELOVL5,KLHDC3,1,1
ELOVL5,MRFAP1L1,1,1
ELOVL5,MTPN,1,1
ELOVL5,NCKAP1,1,1
ELOVL5,P3H3,1,1
ELOVL5,PHF2,1,1
ELOVL5,PLCB4,1,1
ELOVL5,PPP1R2,1,1
ELOVL5,PSMA5,1,1
ELOVL5,SHQ1,1,1
ELOVL5,STOML2,1,1
ELOVL5,TONSL,1,1
ELOVL5,VDR,1,1
ELOVL5,XPC,1,1
GGT7,MRFAP1,1,1
GGT7,NEPRO,1,1
GGT7,SRGAP2C,1,1
KIF1B,ACAN,1,1
KIF1B,ACOT7,1,1
KIF1B,ADAMTS17,1,1
KIF1B,AKR7A2,1,1
KIF1B,ANKRD30B,1,1
KIF1B,ARHGEF35,1,1
KIF1B,ARL6IP5,1,1
KIF1B,ASRGL1,1,1
KIF1B,ATP11A,1,1
KIF1B,ATP6V0D2,1,1
KIF1B,BICDL1,1,1
KIF1B,BIRC7,1,1
KIF1B,BLCAP,1,1
KIF1B,CARHSP1,1,1
KIF1B,CDC42,1,1
KIF1B,CHN2,1,1
KIF1B,CLDN14,1,1
KIF1B,CPTP,1,1
KIF1B,DPY19L2P2,1,1
KIF1B,DTNBP1,1,1
KIF1B,DTX3L,1,1
KIF1B,EIF5A2,1,1
KIF1B,ENTPD6,1,1
KIF1B,EXOSC10,1,1
KIF1B,FAM102B,1,1
KIF1B,FEZF1,1,1
KIF1B,FN1,1,1
KIF1B,GDAP2,1,1
KIF1B,GPR157,1,1
KIF1B,HERC2P8,1,1
KIF1B,HSPA8P8,1,1
KIF1B,LHX8,1,1
KIF1B,LONRF3,1,1
KIF1B,LPXN,1,1
KIF1B,LRRC61,1,1
KIF1B,MAPK1,1,1
KIF1B,MERTK,1,1
KIF1B,MFN2,1,1
KIF1B,MLLT4,1,1
KIF1B,MLXIP,1,1
KIF1B,MRFAP1,1,1
KIF1B,MTOR,1,1
KIF1B,NBPF8,1,1
KIF1B,NRROS,1,1
KIF1B,PEX14,1,1
KIF1B,PEX26,1,1
KIF1B,PEX5,1,1
KIF1B,PHGDH,1,1
KIF1B,PHTF1,1,1
KIF1B,PIK3R3,1,1
KIF1B,PLEKHA7,1,1
KIF1B,PLEKHB2,1,1
KIF1B,PNKD,1,1
KIF1B,RBX1,1,1
KIF1B,RP11-159J3.1,1,1
KIF1B,RP11-327P2.7,1,1
KIF1B,RPH3A,1,1
KIF1B,RPS6KA5,1,1
KIF1B,RTFDC1,1,1
KIF1B,RYBP,1,1
KIF1B,SAMM50,1,1
KIF1B,SCML4,1,1
KIF1B,SERGEF,1,1
KIF1B,SLC25A33,1,1
KIF1B,SLC37A3,1,1
KIF1B,TMC3,1,1
KIF1B,TMEM144,1,1
KIF1B,TMF1,1,1
KIF1B,TP73,1,1
KIF1B,TRPV4,1,1
KIF1B,TTN,1,1
KIF1B,TUB,1,1
KIF1B,TXN2,1,1
KIF1B,UBE2J1,1,1
KIF1B,VAPB,1,1
KIF1B,VAV3,1,1
KIF1B,WDR47,1,1
KIF1B,ZDHHC11B,1,1
KIF1B,ZNF114,1,1
KIF1B,ZNF503,1,1
PRKCZ,AIG1,1,1
PRKCZ,AK2,1,1
PRKCZ,ALDH1B1,1,1
PRKCZ,ARL 3.00,1,1
PRKCZ,ATXN7L3,1,1
PRKCZ,ATXN7L3B,1,1
PRKCZ,C7ORF50,1,1
PRKCZ,CARD14,1,1
PRKCZ,CASP8,1,1
PRKCZ,CHEK2,1,1
PRKCZ,CMAS,1,1
PRKCZ,DDOST,1,1
PRKCZ,DYNC1I1,1,1
PRKCZ,ENO1,1,1
PRKCZ,EYA4,1,1
PRKCZ,FZD6,1,1
PRKCZ,GFPT1,1,1
PRKCZ,GLDC,1,1
PRKCZ,IGF2BP3,1,1
PRKCZ,KDELC1,1,1
PRKCZ,KIRREL,1,1
PRKCZ,LRP12,1,1
PRKCZ,METAP1D,1,1
PRKCZ,MIF,1,1
PRKCZ,NIPAL3,1,1
PRKCZ,NSMCE3,1,1
PRKCZ,NUP43,1,1
PRKCZ,PANX2,1,1
PRKCZ,PHF2,1,1
PRKCZ,PPFIBP1,1,1
PRKCZ,PSMA5,1,1
PRKCZ,PXDN,1,1
PRKCZ,RNF207,1,1
PRKCZ,RNF43,1,1
PRKCZ,RPN2,1,1
PRKCZ,RRP7BP,1,1
PRKCZ,SDF4,1,1
PRKCZ,SLC25A13,1,1
PRKCZ,SNX17,1,1
PRKCZ,SORL1,1,1
PRKCZ,SYNM,1,1
PRKCZ,SYPL1,1,1
PRKCZ,TBCA,1,1
PRKCZ,TEAD2,1,1
PRKCZ,TIMP3,1,1
PRKCZ,TMED9,1,1
PRKCZ,TMEM242,1,1
PRKCZ,TMEM38B,1,1
PRKCZ,TNIP2,1,1
PRKCZ,UFD1L,1,1
PRKCZ,ZMYM1,1,1
SGCE,AC013264.1,1,1
SGCE,AGAP3,1,1
SGCE,AKR7A2,1,1
SGCE,ARPC1A,1,1
SGCE,ATP6V1C1,1,1
SGCE,ATP6V1F,1,1
SGCE,BLCAP,1,1
SGCE,CDC42,1,1
SGCE,EARS2,1,1
SGCE,FAM167B,1,1
SGCE,FRMD4B,1,1
SGCE,GALNS,1,1
SGCE,HPS5,1,1
SGCE,HTRA1,1,1
SGCE,IGF1R,1,1
SGCE,JAK2,1,1
SGCE,LAMP2,1,1
SGCE,LAMTOR5,1,1
SGCE,LZIC,1,1
SGCE,MAPK1,1,1
SGCE,MED15,1,1
SGCE,MTA1,1,1
SGCE,MTOR,1,1
SGCE,NADK,1,1
SGCE,NT5DC1,1,1
SGCE,PEX10,1,1
SGCE,PNKD,1,1
SGCE,POMGNT1,1,1
SGCE,PQLC2,1,1
SGCE,PSEN2,1,1
SGCE,RRBP1,1,1
SGCE,SLC23A2,1,1
SGCE,ST7,1,1
SGCE,STXBP3,1,1
SGCE,TESK2,1,1
SGCE,TMEM51,1,1
SGCE,TRIM14,1,1
SGCE,TXLNA,1,1
SGCE,TXN2,1,1
SGCE,USP48,1,1
SGCE,VCP,1,1
SGCE,WDR47,1,1
SGCE,ZNF814,1,1
SYNM,AK2,1,1
SYNM,ALDH1B1,1,1
SYNM,ALKBH6,1,1
SYNM,ARHGEF39,1,1
SYNM,ARL 3.00,1,1
SYNM,ATXN7L3,1,1
SYNM,ATXN7L3B,1,1
SYNM,BCAS3,1,1
SYNM,C11ORF57,1,1
SYNM,C1ORF112,1,1
SYNM,C7ORF50,1,1
SYNM,CAPZA2,1,1
SYNM,CARD14,1,1
SYNM,CARD16,1,1
SYNM,CASP8,1,1
SYNM,CEP41,1,1
SYNM,CHEK2,1,1
SYNM,CMAS,1,1
SYNM,COG5,1,1
SYNM,CSDE1,1,1
SYNM,DDOST,1,1
SYNM,DDT,1,1
SYNM,DYNC1I1,1,1
SYNM,ENO1,1,1
SYNM,EYA4,1,1
SYNM,FOXRED2,1,1
SYNM,FZD6,1,1
SYNM,GDPD1,1,1
SYNM,GFPT1,1,1
SYNM,GLDC,1,1
SYNM,HEY1,1,1
SYNM,IGF2BP3,1,1
SYNM,ITGAV,1,1
SYNM,KDELC1,1,1
SYNM,KIRREL,1,1
SYNM,L3MBTL4,1,1
SYNM,LRP12,1,1
SYNM,METAP1D,1,1
SYNM,MIF,1,1
SYNM,MRPS5,1,1
SYNM,MSL3P1,1,1
SYNM,NIPAL3,1,1
SYNM,NSMCE3,1,1
SYNM,NUDCD3,1,1
SYNM,NUP43,1,1
SYNM,PANX2,1,1
SYNM,PARP9,1,1
SYNM,PDCD6,1,1
SYNM,PHF2,1,1
SYNM,PPFIBP1,1,1
SYNM,PSMA5,1,1
SYNM,PXDN,1,1
SYNM,RNF207,1,1
SYNM,RNF43,1,1
SYNM,RPN2,1,1
SYNM,RRP7BP,1,1
SYNM,RTCB,1,1
SYNM,SDF4,1,1
SYNM,SLC25A13,1,1
SYNM,SNX17,1,1
SYNM,SORL1,1,1
SYNM,STRIP2,1,1
SYNM,SYPL1,1,1
SYNM,TBCA,1,1
SYNM,TEAD2,1,1
SYNM,TIMP3,1,1
SYNM,TMED9,1,1
SYNM,TMEM242,1,1
SYNM,TNIP2,1,1
SYNM,TRABD,1,1
SYNM,UFD1L,1,1
SYNM,WASL,1,1
SYNM,ZC3HC1,1,1
SYNM,ZMYM1,1,1
SPON2,AK5,1,1
SPON2,CD40,1,1
SPON2,FAM102B,1,1
SPON2,ICMT,1,1
SPON2,LDLRAD3,1,1
SPON2,LINS1,1,1
SPON2,MME,1,1
SPON2,RGS1,1,1
SPON2,SIRPA,1,1
SPON2,TGFBR1,1,1
TTN,ACAN,1,1
TTN,ACOT7,1,1
TTN,ADAMTS17,1,1
TTN,AKR7A2,1,1
TTN,APOL1,1,1
TTN,ARL6IP5,1,1
TTN,ASRGL1,1,1
TTN,ATP11A,1,1
TTN,ATP6V0D2,1,1
TTN,BICDL1,1,1
TTN,BLCAP,1,1
TTN,CARD16,1,1
TTN,CARHSP1,1,1
TTN,CGN,1,1
TTN,CHN2,1,1
TTN,CHRNA7,1,1
TTN,CLDN14,1,1
TTN,CSF2RA,1,1
TTN,DDOST,1,1
TTN,DDT,1,1
TTN,DPY19L2P2,1,1
TTN,DTX3L,1,1
TTN,ECE1,1,1
TTN,EIF5A2,1,1
TTN,EXOSC10,1,1
TTN,FAM167B,1,1
TTN,FEZF1,1,1
TTN,FN1,1,1
TTN,GPR157,1,1
TTN,HERC2P8,1,1
TTN,HEY1,1,1
TTN,IMMP2L,1,1
TTN,L3MBTL4,1,1
TTN,LPXN,1,1
TTN,MERTK,1,1
TTN,MLLT4,1,1
TTN,MRFAP1,1,1
TTN,MTFP1,1,1
TTN,NBPF8,1,1
TTN,NEPRO,1,1
TTN,NPAS2,1,1
TTN,NRROS,1,1
TTN,PARP9,1,1
TTN,PDGFD,1,1
TTN,PEX14,1,1
TTN,PHF13,1,1
TTN,PHGDH,1,1
TTN,PHTF1,1,1
TTN,PYGB,1,1
TTN,RBX1,1,1
TTN,RCN3,1,1
TTN,RPH3A,1,1
TTN,RPL11,1,1
TTN,RYBP,1,1
TTN,SAMM50,1,1
TTN,SCML4,1,1
TTN,SERGEF,1,1
TTN,SLC25A33,1,1
TTN,SNRNP25,1,1
TTN,SPP1,1,1
TTN,STRIP2,1,1
TTN,TMF1,1,1
TTN,TMUB1,1,1
TTN,TP73,1,1
TTN,TRPV4,1,1
TTN,TXN2,1,1
TTN,UBE2J1,1,1
TTN,VAV3,1,1
TTN,WDR47,1,1
TTN,ZNF114,1,1
TTN,ZNF503,1,1
TTN,ZNF776,1,1
RAB5A,AC013264.1,1,1
RAB5A,AKR7A2,1,1
RAB5A,ARPC1A,1,1
RAB5A,ATP6V1C1,1,1
RAB5A,BLCAP,1,1
RAB5A,C7ORF49,1,1
RAB5A,CDC42,1,1
RAB5A,DDI2,1,1
RAB5A,EP300,1,1
RAB5A,FRMD4B,1,1
RAB5A,HPS5,1,1
RAB5A,JAK2,1,1
RAB5A,L3MBTL2,1,1
RAB5A,LZIC,1,1
RAB5A,MAPK1,1,1
RAB5A,MTOR,1,1
RAB5A,MUL1,1,1
RAB5A,PEX10,1,1
RAB5A,PEX26,1,1
RAB5A,PQLC2,1,1
RAB5A,RBM19,1,1
RAB5A,RRBP1,1,1
RAB5A,SAMM50,1,1
RAB5A,SBF1,1,1
RAB5A,SLC23A2,1,1
RAB5A,SLC25A33,1,1
RAB5A,SQSTM1,1,1
RAB5A,STXBP3,1,1
RAB5A,TMEM51,1,1
RAB5A,TXLNA,1,1
RAB5A,UBE2E2,1,1
RAB5A,VCP,1,1
ICMT,AC013264.1,1,1
ICMT,AKAP9,1,1
ICMT,ANKRD30B,1,1
ICMT,AP5S1,1,1
ICMT,ARHGAP39,1,1
ICMT,ARHGEF35,1,1
ICMT,ASRGL1,1,1
ICMT,ATP6V1C1,1,1
ICMT,BIRC7,1,1
ICMT,C7ORF49,1,1
ICMT,CA8,1,1
ICMT,CCDC115,1,1
ICMT,CCDC36,1,1
ICMT,CD40,1,1
ICMT,CDK5R1,1,1
ICMT,CDKN2B,1,1
ICMT,COMMD9,1,1
ICMT,CPTP,1,1
ICMT,CTD-3214H19.4,1,1
ICMT,DDRGK1,1,1
ICMT,DPY19L2P2,1,1
ICMT,DTNBP1,1,1
ICMT,EIF5AL1,1,1
ICMT,ENTPD6,1,1
ICMT,FAM102B,1,1
ICMT,FAM189B,1,1
ICMT,FGFR1OP2,1,1
ICMT,GTF2H1,1,1
ICMT,GUCD1,1,1
ICMT,HENMT1,1,1
ICMT,HSPA8P8,1,1
ICMT,HSPA8P9,1,1
ICMT,KIAA1033,1,1
ICMT,L3MBTL2,1,1
ICMT,LDLRAD3,1,1
ICMT,LINS1,1,1
ICMT,LONRF3,1,1
ICMT,LRRC61,1,1
ICMT,MCOLN3,1,1
ICMT,MME,1,1
ICMT,MYB,1,1
ICMT,NAV2,1,1
ICMT,PIK3R3,1,1
ICMT,PITHD1,1,1
ICMT,PRDM2,1,1
ICMT,RAB11FIP4,1,1
ICMT,RBBP4,1,1
ICMT,RGS1,1,1
ICMT,RP11-159J3.1,1,1
ICMT,RP11-327P2.7,1,1
ICMT,RPS6KA5,1,1
ICMT,RTCA,1,1
ICMT,SAMM50,1,1
ICMT,SBF1,1,1
ICMT,SIRPA,1,1
ICMT,SLC37A3,1,1
ICMT,SLC44A3,1,1
ICMT,SNX8,1,1
ICMT,SQRDL,1,1
ICMT,SS18L1,1,1
ICMT,STAT1,1,1
ICMT,STIM1,1,1
ICMT,TGFBR1,1,1
ICMT,TGFBR3,1,1
ICMT,TMEM51,1,1
ICMT,VAPB,1,1
ICMT,ZC3H4,1,1
ICMT,ZYG11A,1,1
TAF13,AIM1,1,1
TAF13,ARMC10,1,1
TAF13,ASCC2,1,1
TAF13,CLDN12,1,1
TAF13,EIF3D,1,1
TAF13,ENO1,1,1
TAF13,EYA1,1,1
TAF13,FOXN2,1,1
TAF13,IGF2BP3,1,1
TAF13,LRWD1,1,1
TAF13,MRFAP1L1,1,1
TAF13,MTPN,1,1
TAF13,NCKAP1,1,1
TAF13,SLC35E3,1,1
TAF13,SLC5A6,1,1
TAF13,XPC,1,1
SOGA3,ALKBH3,1,1
SOGA3,PLA2G16,1,1
FAAP20,ABHD12,1,1
FAAP20,ACAN,1,1
FAAP20,ACOT7,1,1
FAAP20,ADAMTS17,1,1
FAAP20,AGA,1,1
FAAP20,ANKRD30B,1,1
FAAP20,APOL1,1,1
FAAP20,ARHGEF35,1,1
FAAP20,ARL6IP5,1,1
FAAP20,ASRGL1,1,1
FAAP20,ATP6V0D2,1,1
FAAP20,BICDL1,1,1
FAAP20,BIRC7,1,1
FAAP20,BMP8B,1,1
FAAP20,CCNO,1,1
FAAP20,CD36,1,1
FAAP20,CLDN14,1,1
FAAP20,CPTP,1,1
FAAP20,DDRGK1,1,1
FAAP20,DPY19L2P2,1,1
FAAP20,DTX3L,1,1
FAAP20,ENTPD6,1,1
FAAP20,FANCI,1,1
FAAP20,FEZF1,1,1
FAAP20,GDAP2,1,1
FAAP20,GLRX,1,1
FAAP20,HENMT1,1,1
FAAP20,HERC2P8,1,1
FAAP20,LHX8,1,1
FAAP20,LONRF3,1,1
FAAP20,LRRC47,1,1
FAAP20,LRRC61,1,1
FAAP20,LYPLA2,1,1
FAAP20,MERTK,1,1
FAAP20,NT5DC3,1,1
FAAP20,PEX14,1,1
FAAP20,PHGDH,1,1
FAAP20,PIK3R3,1,1
FAAP20,PIM3,1,1
FAAP20,PLEKHA7,1,1
FAAP20,PLXNA2,1,1
FAAP20,POLR2J,1,1
FAAP20,RP11-327P2.7,1,1
FAAP20,RPH3A,1,1
FAAP20,RPL11,1,1
FAAP20,RPL22,1,1
FAAP20,RPS6KA5,1,1
FAAP20,RTFDC1,1,1
FAAP20,SCML4,1,1
FAAP20,SERGEF,1,1
FAAP20,SLAMF7,1,1
FAAP20,SLX4IP,1,1
FAAP20,SMG9,1,1
FAAP20,SS18L1,1,1
FAAP20,STAT1,1,1
FAAP20,TMC3,1,1
FAAP20,TMEM144,1,1
FAAP20,TP73,1,1
FAAP20,TUB,1,1
FAAP20,VAPB,1,1
FAAP20,VAV3,1,1
FAAP20,ZDHHC11B,1,1
FAAP20,ZNF114,1,1
FAAP20,ZNF189,1,1
FAAP20,ZYG11A,1,1
PLXNA2,BMP8B,1,1
PLXNA2,GLRX,1,1
PLXNA2,MCAM,1,1
PLXNA2,TMC3,1,1
SRGAP2C,AKR7A2,1,1
SRGAP2C,CGN,1,1
SRGAP2C,DCAF4,1,1
SRGAP2C,DTNBP1,1,1
SRGAP2C,FAM167B,1,1
SRGAP2C,FBXO6,1,1
SRGAP2C,GPR157,1,1
SRGAP2C,IMMP2L,1,1
SRGAP2C,LMF2,1,1
SRGAP2C,MED15,1,1
SRGAP2C,MLXIP,1,1
SRGAP2C,MRFAP1,1,1
SRGAP2C,MTOR,1,1
SRGAP2C,NBPF8,1,1
SRGAP2C,PEX10,1,1
SRGAP2C,PEX14,1,1
SRGAP2C,PNKD,1,1
SRGAP2C,POLG,1,1
SRGAP2C,POMGNT1,1,1
SRGAP2C,RCN3,1,1
SRGAP2C,SBF1,1,1
SRGAP2C,SLC37A3,1,1
SRGAP2C,TESK2,1,1
SRGAP2C,TXN2,1,1
SRGAP2C,WDR47,1,1
WTAP,FAM20C,1,1
WTAP,FBXW9,1,1
PTGR2,CRKL,1,1
PTGR2,GATAD2A,1,1
PTGR2,MTERF1,1,1
PTGR2,ZNHIT3,1,1
ZNF776,ACAN,1,1
ZNF776,ACOT7,1,1
ZNF776,ADAMTS17,1,1
ZNF776,AK6,1,1
ZNF776,AKR7A2,1,1
ZNF776,ANAPC5,1,1
ZNF776,APITD1,1,1
ZNF776,ARHGEF39,1,1
ZNF776,BICDL1,1,1
ZNF776,CARD16,1,1
ZNF776,CGN,1,1
ZNF776,COG5,1,1
ZNF776,DDOST,1,1
ZNF776,DDT,1,1
ZNF776,ECE1,1,1
ZNF776,EXOSC10,1,1
ZNF776,FAM118A,1,1
ZNF776,FN1,1,1
ZNF776,GNB1L,1,1
ZNF776,GPR157,1,1
ZNF776,HERC2P8,1,1
ZNF776,HEY1,1,1
ZNF776,IMMP2L,1,1
ZNF776,KDM5A,1,1
ZNF776,L3MBTL4,1,1
ZNF776,LPXN,1,1
ZNF776,MRFAP1,1,1
ZNF776,NBPF8,1,1
ZNF776,NEPRO,1,1
ZNF776,PARP9,1,1
ZNF776,PEX14,1,1
ZNF776,PICK1,1,1
ZNF776,POLR2J,1,1
ZNF776,RBX1,1,1
ZNF776,RCN3,1,1
ZNF776,RFX7,1,1
ZNF776,RYBP,1,1
ZNF776,SCML4,1,1
ZNF776,SERGEF,1,1
ZNF776,SFI1,1,1
ZNF776,SNRNP25,1,1
ZNF776,STAT1,1,1
ZNF776,STRIP2,1,1
ZNF776,TMED9,1,1
ZNF776,TMUB1,1,1
ZNF776,TRPV4,1,1
ZNF776,VAV3,1,1
AP5S1,ABHD12,1,1
AP5S1,AKAP9,1,1
AP5S1,ANKRD30B,1,1
AP5S1,APOBEC3G,1,1
AP5S1,ARHGAP39,1,1
AP5S1,ARHGEF35,1,1
AP5S1,ASRGL1,1,1
AP5S1,ATP6V0D2,1,1
AP5S1,BIRC7,1,1
AP5S1,CCDC36,1,1
AP5S1,CD36,1,1
AP5S1,CD40,1,1
AP5S1,CDKN2B,1,1
AP5S1,CLDN14,1,1
AP5S1,COMMD9,1,1
AP5S1,CPTP,1,1
AP5S1,DDRGK1,1,1
AP5S1,DPY19L2P2,1,1
AP5S1,ENTPD6,1,1
AP5S1,FAM102B,1,1
AP5S1,FGFR1OP2,1,1
AP5S1,GLTP,1,1
AP5S1,GTF2H1,1,1
AP5S1,HENMT1,1,1
AP5S1,IDH3B,1,1
AP5S1,LINS1,1,1
AP5S1,LONRF3,1,1
AP5S1,LRRC61,1,1
AP5S1,NAV2,1,1
AP5S1,PIK3R3,1,1
AP5S1,PIM3,1,1
AP5S1,PPP1R12B,1,1
AP5S1,RAB11FIP4,1,1
AP5S1,RGS1,1,1
AP5S1,RP11-159J3.1,1,1
AP5S1,RP11-327P2.7,1,1
AP5S1,RPH3A,1,1
AP5S1,RPS6KA5,1,1
AP5S1,SBF1,1,1
AP5S1,SLAMF7,1,1
AP5S1,SQRDL,1,1
AP5S1,SS18L1,1,1
AP5S1,TMC3,1,1
AP5S1,TUB,1,1
AP5S1,VAPB,1,1
AP5S1,ZC3H4,1,1
AP5S1,ZNF114,1,1
AP5S1,ZYG11A,1,1
ZNF114,ABHD12,1,1
ZNF114,ACAN,1,1
ZNF114,ACOT7,1,1
ZNF114,ADAMTS17,1,1
ZNF114,ANKRD30B,1,1
ZNF114,APOL1,1,1
ZNF114,ARHGEF35,1,1
ZNF114,ASRGL1,1,1
ZNF114,ATAD3B,1,1
ZNF114,ATP11A,1,1
ZNF114,ATP6V0D2,1,1
ZNF114,BICDL1,1,1
ZNF114,BIRC7,1,1
ZNF114,BMP8B,1,1
ZNF114,CARHSP1,1,1
ZNF114,CCDC36,1,1
ZNF114,CD36,1,1
ZNF114,CD40,1,1
ZNF114,CDKN2B,1,1
ZNF114,CHN2,1,1
ZNF114,CLDN14,1,1
ZNF114,CPTP,1,1
ZNF114,CRKL,1,1
ZNF114,CSF2RA,1,1
ZNF114,DDRGK1,1,1
ZNF114,DPY19L2P2,1,1
ZNF114,DTNBP1,1,1
ZNF114,DTX3L,1,1
ZNF114,ECHDC1,1,1
ZNF114,ENTPD6,1,1
ZNF114,EXOSC10,1,1
ZNF114,FAM102B,1,1
ZNF114,FAM118A,1,1
ZNF114,FANCI,1,1
ZNF114,FEZF1,1,1
ZNF114,FN1,1,1
ZNF114,GCLM,1,1
ZNF114,GDAP2,1,1
ZNF114,HENMT1,1,1
ZNF114,HERC2P8,1,1
ZNF114,HSPA8P8,1,1
ZNF114,HSPA8P9,1,1
ZNF114,KIN,1,1
ZNF114,LHX8,1,1
ZNF114,LINS1,1,1
ZNF114,LONRF3,1,1
ZNF114,LPXN,1,1
ZNF114,LRRC47,1,1
ZNF114,LRRC61,1,1
ZNF114,LYPLA2,1,1
ZNF114,MCTP1,1,1
ZNF114,MERTK,1,1
ZNF114,MLXIP,1,1
ZNF114,MRFAP1,1,1
ZNF114,NBPF8,1,1
ZNF114,NCAPH2,1,1
ZNF114,NT5DC3,1,1
ZNF114,PEX14,1,1
ZNF114,PEX5,1,1
ZNF114,PGAP2,1,1
ZNF114,PHGDH,1,1
ZNF114,PHTF1,1,1
ZNF114,PIK3R3,1,1
ZNF114,PIM3,1,1
ZNF114,PLEKHA7,1,1
ZNF114,POLE4,1,1
ZNF114,POLR2J,1,1
ZNF114,RBM19,1,1
ZNF114,RBX1,1,1
ZNF114,RP11-159J3.1,1,1
ZNF114,RP11-327P2.7,1,1
ZNF114,RPA2,1,1
ZNF114,RPH3A,1,1
ZNF114,RPL11,1,1
ZNF114,RPS6KA5,1,1
ZNF114,RTFDC1,1,1
ZNF114,RYBP,1,1
ZNF114,SAMM50,1,1
ZNF114,SCML4,1,1
ZNF114,SERGEF,1,1
ZNF114,SLAMF7,1,1
ZNF114,SLC25A33,1,1
ZNF114,SLC37A3,1,1
ZNF114,SMG9,1,1
ZNF114,SQRDL,1,1
ZNF114,SS18L1,1,1
ZNF114,STAT1,1,1
ZNF114,TMC3,1,1
ZNF114,TMEM144,1,1
ZNF114,TMUB1,1,1
ZNF114,TP73,1,1
ZNF114,TRPV4,1,1
ZNF114,TUB,1,1
ZNF114,UBE2J1,1,1
ZNF114,VAPB,1,1
ZNF114,VAV3,1,1
ZNF114,ZDHHC11B,1,1
ZNF114,ZNF189,1,1
ZNF114,ZNF503,1,1
ZNF114,ZNF585B,1,1
ZNF114,ZYG11A,1,1
MRI1,ARL8B,1,1
MRI1,ZNF644,1,1
TSPAN4,CDKN2D,1,1
TSPAN4,HIPK2,1,1
VDR,AIM1,1,1
VDR,ALDH1B1,1,1
VDR,APITD1,1,1
VDR,ASCC2,1,1
VDR,ATP6V0B,1,1
VDR,AURKAIP1,1,1
VDR,BCAS2,1,1
VDR,C2ORF69,1,1
VDR,CENPI,1,1
VDR,COQ10B,1,1
VDR,CSDE1,1,1
VDR,EIF3D,1,1
VDR,GET4,1,1
VDR,GLS,1,1
VDR,GNB1L,1,1
VDR,GSR,1,1
VDR,GTPBP10,1,1
VDR,GTSE1,1,1
VDR,GXYLT1,1,1
VDR,HOXD4,1,1
VDR,ID3,1,1
VDR,LRRC37A2,1,1
VDR,LRWD1,1,1
VDR,MTFP1,1,1
VDR,NCAPH2,1,1
VDR,NCKAP1,1,1
VDR,NUP50,1,1
VDR,ORC5,1,1
VDR,P3H3,1,1
VDR,PLCB4,1,1
VDR,PLEKHB2,1,1
VDR,POLR1A,1,1
VDR,PSMA5,1,1
VDR,PYGB,1,1
VDR,RTCB,1,1
VDR,SHQ1,1,1
VDR,SLC5A6,1,1
VDR,SNRNP25,1,1
VDR,STK17B,1,1
VDR,STOML2,1,1
VDR,TMEM144,1,1
VDR,TONSL,1,1
VDR,TRMU,1,1
VDR,WDR77,1,1
VDR,XPC,1,1
LRRC61,ABHD12,1,1
LRRC61,ACAN,1,1
LRRC61,ACOT7,1,1
LRRC61,ADAMTS17,1,1
LRRC61,ANKRD30B,1,1
LRRC61,ARHGAP39,1,1
LRRC61,ARHGEF35,1,1
LRRC61,ASRGL1,1,1
LRRC61,ATAD3B,1,1
LRRC61,ATP11A,1,1
LRRC61,ATP6V0D2,1,1
LRRC61,BICDL1,1,1
LRRC61,BIRC7,1,1
LRRC61,CARHSP1,1,1
LRRC61,CCDC36,1,1
LRRC61,CD36,1,1
LRRC61,CD40,1,1
LRRC61,CDC42,1,1
LRRC61,CDKN2B,1,1
LRRC61,CHN2,1,1
LRRC61,CLDN14,1,1
LRRC61,CPTP,1,1
LRRC61,CRKL,1,1
LRRC61,DDRGK1,1,1
LRRC61,DPY19L2P2,1,1
LRRC61,DTNBP1,1,1
LRRC61,DTX3L,1,1
LRRC61,ECHDC1,1,1
LRRC61,ENTPD6,1,1
LRRC61,EXOSC10,1,1
LRRC61,FAM102B,1,1
LRRC61,FAM118A,1,1
LRRC61,FANCI,1,1
LRRC61,FEZF1,1,1
LRRC61,FGFR1OP2,1,1
LRRC61,GCLM,1,1
LRRC61,GDAP2,1,1
LRRC61,HENMT1,1,1
LRRC61,HERC2P8,1,1
LRRC61,HSPA8P8,1,1
LRRC61,HSPA8P9,1,1
LRRC61,LHX8,1,1
LRRC61,LINS1,1,1
LRRC61,LONRF3,1,1
LRRC61,LRRC47,1,1
LRRC61,MERTK,1,1
LRRC61,MGAM,1,1
LRRC61,MLXIP,1,1
LRRC61,MTOR,1,1
LRRC61,NAV2,1,1
LRRC61,PEX14,1,1
LRRC61,PHGDH,1,1
LRRC61,PIK3R3,1,1
LRRC61,PIM3,1,1
LRRC61,PLEKHA7,1,1
LRRC61,RBM19,1,1
LRRC61,RBX1,1,1
LRRC61,RGS1,1,1
LRRC61,RP11-159J3.1,1,1
LRRC61,RP11-327P2.7,1,1
LRRC61,RPA2,1,1
LRRC61,RPH3A,1,1
LRRC61,RPL11,1,1
LRRC61,RPS6KA5,1,1
LRRC61,RTCA,1,1
LRRC61,RTFDC1,1,1
LRRC61,RYBP,1,1
LRRC61,SAMM50,1,1
LRRC61,SBF1,1,1
LRRC61,SCML4,1,1
LRRC61,SLAMF7,1,1
LRRC61,SLC25A33,1,1
LRRC61,SLC37A3,1,1
LRRC61,SMG9,1,1
LRRC61,SS18L1,1,1
LRRC61,STAT1,1,1
LRRC61,TMC3,1,1
LRRC61,TMEM144,1,1
LRRC61,TP73,1,1
LRRC61,TUB,1,1
LRRC61,UBE2J1,1,1
LRRC61,VAPB,1,1
LRRC61,VAV3,1,1
LRRC61,ZDHHC11B,1,1
LRRC61,ZNF503,1,1
LRRC61,ZYG11A,1,1
BLCAP,ACAN,1,1
BLCAP,ACOT7,1,1
BLCAP,ADAMTS17,1,1
BLCAP,AKR7A2,1,1
BLCAP,ANAPC7,1,1
BLCAP,ANKRD30B,1,1
BLCAP,ARPC1A,1,1
BLCAP,ASRGL1,1,1
BLCAP,ATP11A,1,1
BLCAP,ATP6V1C1,1,1
BLCAP,BAIAP2L2,1,1
BLCAP,BICDL1,1,1
BLCAP,C7ORF49,1,1
BLCAP,CARD16,1,1
BLCAP,CARHSP1,1,1
BLCAP,CDC42,1,1
BLCAP,CEP41,1,1
BLCAP,CGN,1,1
BLCAP,CHN2,1,1
BLCAP,DPY19L2P2,1,1
BLCAP,DTNBP1,1,1
BLCAP,EARS2,1,1
BLCAP,ECE1,1,1
BLCAP,EIF5A2,1,1
BLCAP,EXOSC10,1,1
BLCAP,FAM118A,1,1
BLCAP,FN1,1,1
BLCAP,FOXRED2,1,1
BLCAP,FRMD4B,1,1
BLCAP,GNB1L,1,1
BLCAP,GPR157,1,1
BLCAP,HERC2P8,1,1
BLCAP,HTRA1,1,1
BLCAP,IDH3A,1,1
BLCAP,IGF1R,1,1
BLCAP,IMMP2L,1,1
BLCAP,JAK2,1,1
BLCAP,L3MBTL4,1,1
BLCAP,LAMP2,1,1
BLCAP,LAMTOR5,1,1
BLCAP,LMF2,1,1
BLCAP,LPXN,1,1
BLCAP,LZIC,1,1
BLCAP,MAPK1,1,1
BLCAP,MED15,1,1
BLCAP,MESDC1,1,1
BLCAP,MFN2,1,1
BLCAP,MGAM,1,1
BLCAP,MLLT4,1,1
BLCAP,MLXIP,1,1
BLCAP,MRFAP1,1,1
BLCAP,MSL3P1,1,1
BLCAP,MTOR,1,1
BLCAP,MUL1,1,1
BLCAP,NBPF8,1,1
BLCAP,NELFCD,1,1
BLCAP,NRROS,1,1
BLCAP,PEX10,1,1
BLCAP,PEX26,1,1
BLCAP,PHGDH,1,1
BLCAP,PHTF1,1,1
BLCAP,PNKD,1,1
BLCAP,PQLC2,1,1
BLCAP,PTER,1,1
BLCAP,RBM19,1,1
BLCAP,RBX1,1,1
BLCAP,RCN3,1,1
BLCAP,REPS1,1,1
BLCAP,RPS6KA5,1,1
BLCAP,RRBP1,1,1
BLCAP,RYBP,1,1
BLCAP,SAMM50,1,1
BLCAP,SBF1,1,1
BLCAP,SCML4,1,1
BLCAP,SFI1,1,1
BLCAP,SLC25A33,1,1
BLCAP,SLC35F5,1,1
BLCAP,SLC37A3,1,1
BLCAP,SQSTM1,1,1
BLCAP,STXBP3,1,1
BLCAP,TESK2,1,1
BLCAP,TMEM201,1,1
BLCAP,TMEM51,1,1
BLCAP,TMF1,1,1
BLCAP,TP73,1,1
BLCAP,TXLNA,1,1
BLCAP,TXN2,1,1
BLCAP,UBE2J1,1,1
BLCAP,VAV3,1,1
BLCAP,VCP,1,1
BLCAP,WDR47,1,1
BLCAP,ZNF503,1,1
APOBEC3G,AKAP9,1,1
APOBEC3G,ALKBH3,1,1
APOBEC3G,ANKRD30B,1,1
APOBEC3G,ARHGEF35,1,1
APOBEC3G,ATP6V0D2,1,1
APOBEC3G,BIRC7,1,1
APOBEC3G,CDKN2B,1,1
APOBEC3G,COMMD9,1,1
APOBEC3G,DDRGK1,1,1
APOBEC3G,ENTPD6,1,1
APOBEC3G,FGFR1OP2,1,1
APOBEC3G,GDAP2,1,1
APOBEC3G,GTF2H1,1,1
APOBEC3G,HENMT1,1,1
APOBEC3G,KIF3C,1,1
APOBEC3G,KIN,1,1
APOBEC3G,LINS1,1,1
APOBEC3G,LONRF3,1,1
APOBEC3G,MCAM,1,1
APOBEC3G,PIK3R3,1,1
APOBEC3G,PPP1R12B,1,1
APOBEC3G,RP11-159J3.1,1,1
APOBEC3G,RPH3A,1,1
APOBEC3G,SQRDL,1,1
APOBEC3G,SS18L1,1,1
APOBEC3G,TTC37,1,1
APOBEC3G,TUB,1,1
APOBEC3G,VAPB,1,1
APOBEC3G,ZNF525,1,1
APOBEC3G,ZYG11A,1,1
ADAR,ALKBH6,1,1
ADAR,BCAS3,1,1
ADAR,DCAF4,1,1
ADAR,FBXO6,1,1
ADAR,RNF43,1,1
P3H3,AK2,1,1
P3H3,ALDH1B1,1,1
P3H3,APITD1,1,1
P3H3,ARMC10,1,1
P3H3,ASCC2,1,1
P3H3,AURKAIP1,1,1
P3H3,BCAS2,1,1
P3H3,C2ORF69,1,1
P3H3,CAPZA2,1,1
P3H3,CARHSP1,1,1
P3H3,CHRNA7,1,1
P3H3,CLDN12,1,1
P3H3,CMAS,1,1
P3H3,COQ10B,1,1
P3H3,CSDE1,1,1
P3H3,DDOST,1,1
P3H3,DDT,1,1
P3H3,EYA4,1,1
P3H3,GET4,1,1
P3H3,GLS,1,1
P3H3,GSR,1,1
P3H3,GTPBP10,1,1
P3H3,GXYLT1,1,1
P3H3,HEY1,1,1
P3H3,ID3,1,1
P3H3,IGF2BP3,1,1
P3H3,KLHDC3,1,1
P3H3,LRP12,1,1
P3H3,LRRC37A2,1,1
P3H3,MFN2,1,1
P3H3,MLLT4,1,1
P3H3,MTFP1,1,1
P3H3,NCKAP1,1,1
P3H3,NIPAL3,1,1
P3H3,NPAS2,1,1
P3H3,NUP43,1,1
P3H3,NUP50,1,1
P3H3,ORC5,1,1
P3H3,PLCB4,1,1
P3H3,PLEKHB2,1,1
P3H3,PSMA5,1,1
P3H3,PYGB,1,1
P3H3,RLBP1,1,1
P3H3,RNF19A,1,1
P3H3,RTCB,1,1
P3H3,RYBP,1,1
P3H3,SH3BP2,1,1
P3H3,SHQ1,1,1
P3H3,STK17B,1,1
P3H3,STOML2,1,1
P3H3,TMF1,1,1
P3H3,TRMU,1,1
P3H3,TRPV4,1,1
P3H3,UFD1L,1,1
P3H3,WDR77,1,1
P3H3,ZC3HC1,1,1
RYBP,ACAN,1,1
RYBP,ACOT7,1,1
RYBP,ADAMTS17,1,1
RYBP,AK6,1,1
RYBP,AKR7A2,1,1
RYBP,ANAPC7,1,1
RYBP,ANKRD30B,1,1
RYBP,APITD1,1,1
RYBP,ARHGEF39,1,1
RYBP,ASRGL1,1,1
RYBP,ATAD3B,1,1
RYBP,ATP11A,1,1
RYBP,BAIAP2L2,1,1
RYBP,BICDL1,1,1
RYBP,C2ORF69,1,1
RYBP,CAPZA2,1,1
RYBP,CARD16,1,1
RYBP,CARHSP1,1,1
RYBP,CDC42,1,1
RYBP,CGN,1,1
RYBP,CHN2,1,1
RYBP,COG5,1,1
RYBP,CSDE1,1,1
RYBP,DDOST,1,1
RYBP,DDT,1,1
RYBP,DPY19L2P2,1,1
RYBP,DTX3L,1,1
RYBP,EARS2,1,1
RYBP,ECE1,1,1
RYBP,EIF5A2,1,1
RYBP,EPS15L1,1,1
RYBP,EXOSC10,1,1
RYBP,EYA4,1,1
RYBP,FAM118A,1,1
RYBP,FEZF1,1,1
RYBP,FN1,1,1
RYBP,FOXRED2,1,1
RYBP,FRMD4B,1,1
RYBP,GGH,1,1
RYBP,GLT8D1,1,1
RYBP,GNB1L,1,1
RYBP,GPR157,1,1
RYBP,GXYLT1,1,1
RYBP,HERC2P8,1,1
RYBP,HEY1,1,1
RYBP,ID3,1,1
RYBP,IDH3A,1,1
RYBP,IMMP2L,1,1
RYBP,L3MBTL4,1,1
RYBP,LAMP2,1,1
RYBP,LHX8,1,1
RYBP,LMF2,1,1
RYBP,LONRF3,1,1
RYBP,LPXN,1,1
RYBP,LRRC47,1,1
RYBP,MAPK1,1,1
RYBP,MCM3,1,1
RYBP,MERTK,1,1
RYBP,MFN2,1,1
RYBP,MGAM,1,1
RYBP,MLLT4,1,1
RYBP,MRFAP1,1,1
RYBP,MTFP1,1,1
RYBP,MTOR,1,1
RYBP,MUL1,1,1
RYBP,NBPF8,1,1
RYBP,NELFCD,1,1
RYBP,NPAS2,1,1
RYBP,NRROS,1,1
RYBP,NUDCD3,1,1
RYBP,NUP50,1,1
RYBP,PEX14,1,1
RYBP,PEX26,1,1
RYBP,PHGDH,1,1
RYBP,PHTF1,1,1
RYBP,PLEKHA7,1,1
RYBP,PLEKHB2,1,1
RYBP,PQLC2,1,1
RYBP,PYGB,1,1
RYBP,RBM19,1,1
RYBP,RBX1,1,1
RYBP,RCN3,1,1
RYBP,RLBP1,1,1
RYBP,RNF19A,1,1
RYBP,RPH3A,1,1
RYBP,RPS6KA5,1,1
RYBP,RTCB,1,1
RYBP,SAMM50,1,1
RYBP,SCML4,1,1
RYBP,SERGEF,1,1
RYBP,SFI1,1,1
RYBP,SLC25A33,1,1
RYBP,SNRNP25,1,1
RYBP,STK17B,1,1
RYBP,TMC3,1,1
RYBP,TMEM144,1,1
RYBP,TMEM201,1,1
RYBP,TMF1,1,1
RYBP,TP73,1,1
RYBP,TRMU,1,1
RYBP,TRPV4,1,1
RYBP,UBE2J1,1,1
RYBP,VAV3,1,1
RYBP,WDR47,1,1
RYBP,WDR77,1,1
RYBP,ZDHHC11B,1,1
RYBP,ZNF503,1,1
ASCC2,AIM1,1,1
ASCC2,ALDH1B1,1,1
ASCC2,APITD1,1,1
ASCC2,ARL 3.00,1,1
ASCC2,ARMC10,1,1
ASCC2,ATP6V0B,1,1
ASCC2,AURKAIP1,1,1
ASCC2,BCAS2,1,1
ASCC2,C7ORF50,1,1
ASCC2,CASP8,1,1
ASCC2,CHCHD2,1,1
ASCC2,CLDN12,1,1
ASCC2,CMAS,1,1
ASCC2,COQ10B,1,1
ASCC2,CSDE1,1,1
ASCC2,EIF3D,1,1
ASCC2,ENO1,1,1
ASCC2,EYA1,1,1
ASCC2,EYA4,1,1
ASCC2,FAM86DP,1,1
ASCC2,FOXN2,1,1
ASCC2,GET4,1,1
ASCC2,GSR,1,1
ASCC2,GTPBP10,1,1
ASCC2,HOXD4,1,1
ASCC2,ID3,1,1
ASCC2,IGF2BP3,1,1
ASCC2,KLHDC3,1,1
ASCC2,LRRC37A2,1,1
ASCC2,LRWD1,1,1
ASCC2,METAP1D,1,1
ASCC2,MRFAP1L1,1,1
ASCC2,NCKAP1,1,1
ASCC2,NIPAL3,1,1
ASCC2,NUP43,1,1
ASCC2,NUP50,1,1
ASCC2,ORC5,1,1
ASCC2,PHF2,1,1
ASCC2,PSMA5,1,1
ASCC2,RBSN,1,1
ASCC2,RPN2,1,1
ASCC2,RRP7BP,1,1
ASCC2,RTCB,1,1
ASCC2,SHQ1,1,1
ASCC2,SLC16A1,1,1
ASCC2,SLC35E3,1,1
ASCC2,SLC5A6,1,1
ASCC2,STK17B,1,1
ASCC2,TBRG1,1,1
ASCC2,TMEM38B,1,1
ASCC2,TONSL,1,1
ASCC2,TRABD,1,1
ASCC2,UFD1L,1,1
ASCC2,WDR77,1,1
ASCC2,XPC,1,1
SLC30A1,ATG5,1,1
SLC30A1,CANX,1,1
SLC30A1,CCDC47,1,1
SLC30A1,FZD6,1,1
SLC30A1,KIRREL,1,1
SLC30A1,PABPC4,1,1
SLC30A1,RAC1,1,1
SLC30A1,RCC2,1,1
SLC30A1,SFT2D2,1,1
SLC30A1,SLC16A1,1,1
SLC30A1,SUCO,1,1
SLC30A1,SYPL1,1,1
SLC30A1,TMEM38B,1,1
HSPA8P8,ABHD12,1,1
HSPA8P8,ACAN,1,1
HSPA8P8,ACOT7,1,1
HSPA8P8,ADAMTS17,1,1
HSPA8P8,ANKRD30B,1,1
HSPA8P8,ARHGEF35,1,1
HSPA8P8,ASRGL1,1,1
HSPA8P8,ATAD3B,1,1
HSPA8P8,ATP11A,1,1
HSPA8P8,ATP6V0D2,1,1
HSPA8P8,BICDL1,1,1
HSPA8P8,BIRC7,1,1
HSPA8P8,CCDC36,1,1
HSPA8P8,CD40,1,1
HSPA8P8,CDKN2B,1,1
HSPA8P8,CHN2,1,1
HSPA8P8,CPTP,1,1
HSPA8P8,DDRGK1,1,1
HSPA8P8,DPY19L2P2,1,1
HSPA8P8,DTNBP1,1,1
HSPA8P8,DTX3L,1,1
HSPA8P8,ECHDC1,1,1
HSPA8P8,ENTPD6,1,1
HSPA8P8,EXOSC10,1,1
HSPA8P8,FAM102B,1,1
HSPA8P8,FAM118A,1,1
HSPA8P8,FANCI,1,1
HSPA8P8,GCLM,1,1
HSPA8P8,GDAP2,1,1
HSPA8P8,HENMT1,1,1
HSPA8P8,HERC2P8,1,1
HSPA8P8,HSPA8P9,1,1
HSPA8P8,LDLRAD3,1,1
HSPA8P8,LHX8,1,1
HSPA8P8,LINS1,1,1
HSPA8P8,LONRF3,1,1
HSPA8P8,MERTK,1,1
HSPA8P8,NBPF8,1,1
HSPA8P8,PEX14,1,1
HSPA8P8,PHGDH,1,1
HSPA8P8,PHTF1,1,1
HSPA8P8,PIK3R3,1,1
HSPA8P8,PIM3,1,1
HSPA8P8,PLEKHA7,1,1
HSPA8P8,RBM19,1,1
HSPA8P8,RBX1,1,1
HSPA8P8,RP11-159J3.1,1,1
HSPA8P8,RP11-327P2.7,1,1
HSPA8P8,RPH3A,1,1
HSPA8P8,RPL11,1,1
HSPA8P8,RPS6KA5,1,1
HSPA8P8,RTCA,1,1
HSPA8P8,RTFDC1,1,1
HSPA8P8,SAMM50,1,1
HSPA8P8,SCML4,1,1
HSPA8P8,SFI1,1,1
HSPA8P8,SLAMF7,1,1
HSPA8P8,SLC25A33,1,1
HSPA8P8,SLC37A3,1,1
HSPA8P8,SS18L1,1,1
HSPA8P8,STAT1,1,1
HSPA8P8,TMC3,1,1
HSPA8P8,TMEM144,1,1
HSPA8P8,TMUB1,1,1
HSPA8P8,TP73,1,1
HSPA8P8,TUB,1,1
HSPA8P8,UBE2J1,1,1
HSPA8P8,VAPB,1,1
HSPA8P8,VAV3,1,1
HSPA8P8,ZC3H4,1,1
HSPA8P8,ZDHHC11B,1,1
HSPA8P8,ZNF503,1,1
HSPA8P8,ZYG11A,1,1
TP73-AS1,AC009133.22,1,1
TP73-AS1,ATP7B,1,1
TP73-AS1,C20ORF194,1,1
TP73-AS1,CARD8,1,1
TP73-AS1,CDK5R1,1,1
TP73-AS1,CLSTN1,1,1
TP73-AS1,DET1,1,1
TP73-AS1,EVA1A,1,1
TP73-AS1,FAM161A,1,1
TP73-AS1,MCOLN3,1,1
TP73-AS1,MLF 2.00,1,1
TP73-AS1,MVB12B,1,1
TP73-AS1,NHEJ1,1,1
TP73-AS1,PARVA,1,1
TP73-AS1,PPM1K,1,1
TP73-AS1,PPT2,1,1
TP73-AS1,PYCARD,1,1
TP73-AS1,RNF145,1,1
TP73-AS1,SIRPA,1,1
TP73-AS1,SLC44A3,1,1
TP73-AS1,SOX13,1,1
TP73-AS1,STIM1,1,1
TP73-AS1,STXBP2,1,1
TP73-AS1,TPRG1L,1,1
TP73-AS1,TRPS1,1,1
TRRAP,SUCO,1,1
TRRAP,SUPT6H,1,1
MERTK,ABHD12,1,1
MERTK,ACAN,1,1
MERTK,ACOT7,1,1
MERTK,ADAMTS17,1,1
MERTK,AKR7A2,1,1
MERTK,ANKRD30B,1,1
MERTK,APOL1,1,1
MERTK,ARHGEF35,1,1
MERTK,ARL6IP5,1,1
MERTK,ASRGL1,1,1
MERTK,ATP11A,1,1
MERTK,ATP6V0D2,1,1
MERTK,BICDL1,1,1
MERTK,BIRC7,1,1
MERTK,BMP8B,1,1
MERTK,CARHSP1,1,1
MERTK,CD36,1,1
MERTK,CD40,1,1
MERTK,CHN2,1,1
MERTK,CLDN14,1,1
MERTK,CPTP,1,1
MERTK,CSF2RA,1,1
MERTK,DDRGK1,1,1
MERTK,DPY19L2P2,1,1
MERTK,DTNBP1,1,1
MERTK,DTX3L,1,1
MERTK,ENTPD6,1,1
MERTK,EXOSC10,1,1
MERTK,FAM102B,1,1
MERTK,FAM118A,1,1
MERTK,FANCI,1,1
MERTK,FEZF1,1,1
MERTK,FN1,1,1
MERTK,GDAP2,1,1
MERTK,GGH,1,1
MERTK,GPR157,1,1
MERTK,HENMT1,1,1
MERTK,HERC2P8,1,1
MERTK,HSPA8P9,1,1
MERTK,LDLRAD3,1,1
MERTK,LHX8,1,1
MERTK,LINS1,1,1
MERTK,LONRF3,1,1
MERTK,LPXN,1,1
MERTK,LYPLA2,1,1
MERTK,MCM3,1,1
MERTK,MCTP1,1,1
MERTK,MLXIP,1,1
MERTK,MRFAP1,1,1
MERTK,NBPF8,1,1
MERTK,NPAS2,1,1
MERTK,NRROS,1,1
MERTK,PDGFD,1,1
MERTK,PEX14,1,1
MERTK,PEX5,1,1
MERTK,PHGDH,1,1
MERTK,PHTF1,1,1
MERTK,PIK3R3,1,1
MERTK,PIM3,1,1
MERTK,POLE4,1,1
MERTK,PTTG1,1,1
MERTK,RBX1,1,1
MERTK,RP11-159J3.1,1,1
MERTK,RP11-327P2.7,1,1
MERTK,RPH3A,1,1
MERTK,RPL11,1,1
MERTK,RPS6KA5,1,1
MERTK,RTFDC1,1,1
MERTK,SAMM50,1,1
MERTK,SCML4,1,1
MERTK,SERGEF,1,1
MERTK,SLAMF7,1,1
MERTK,SLC25A33,1,1
MERTK,SLC37A3,1,1
MERTK,SPP1,1,1
MERTK,SQRDL,1,1
MERTK,SS18L1,1,1
MERTK,STAT1,1,1
MERTK,TMC3,1,1
MERTK,TMEM144,1,1
MERTK,TMF1,1,1
MERTK,TMUB1,1,1
MERTK,TP73,1,1
MERTK,TRPV4,1,1
MERTK,TUB,1,1
MERTK,TXN2,1,1
MERTK,UBE2J1,1,1
MERTK,VAPB,1,1
MERTK,VAV3,1,1
MERTK,WDR47,1,1
MERTK,ZDHHC11B,1,1
MERTK,ZNF503,1,1
MERTK,ZYG11A,1,1
DERA,ATP6V1F,1,1
DERA,CAMTA1,1,1
DERA,HPS5,1,1
DERA,MED15,1,1
DERA,NADK,1,1
DERA,SPSB1,1,1
DERA,ZNF814,1,1
ZDHHC11B,ABHD12,1,1
ZDHHC11B,ACAN,1,1
ZDHHC11B,ACOT7,1,1
ZDHHC11B,ADAMTS17,1,1
ZDHHC11B,ANKRD30B,1,1
ZDHHC11B,ARHGEF35,1,1
ZDHHC11B,ASRGL1,1,1
ZDHHC11B,ATAD3B,1,1
ZDHHC11B,ATP11A,1,1
ZDHHC11B,ATP6V0D2,1,1
ZDHHC11B,BICDL1,1,1
ZDHHC11B,BIRC7,1,1
ZDHHC11B,C2ORF69,1,1
ZDHHC11B,CCDC36,1,1
ZDHHC11B,CD40,1,1
ZDHHC11B,CHN2,1,1
ZDHHC11B,CPTP,1,1
ZDHHC11B,CRKL,1,1
ZDHHC11B,DDRGK1,1,1
ZDHHC11B,DPY19L2P2,1,1
ZDHHC11B,DTX3L,1,1
ZDHHC11B,ECHDC1,1,1
ZDHHC11B,EIF5A2,1,1
ZDHHC11B,ENTPD6,1,1
ZDHHC11B,EXOSC10,1,1
ZDHHC11B,FAM102B,1,1
ZDHHC11B,FAM118A,1,1
ZDHHC11B,FANCI,1,1
ZDHHC11B,GCLM,1,1
ZDHHC11B,GDAP2,1,1
ZDHHC11B,HENMT1,1,1
ZDHHC11B,HERC2P8,1,1
ZDHHC11B,HSPA8P9,1,1
ZDHHC11B,LHX8,1,1
ZDHHC11B,LINS1,1,1
ZDHHC11B,LONRF3,1,1
ZDHHC11B,LRRC47,1,1
ZDHHC11B,MLXIP,1,1
ZDHHC11B,MRFAP1,1,1
ZDHHC11B,NBPF8,1,1
ZDHHC11B,PEX14,1,1
ZDHHC11B,PHGDH,1,1
ZDHHC11B,PHTF1,1,1
ZDHHC11B,PIK3R3,1,1
ZDHHC11B,PLEKHA7,1,1
ZDHHC11B,RBM19,1,1
ZDHHC11B,RBX1,1,1
ZDHHC11B,RP11-159J3.1,1,1
ZDHHC11B,RP11-327P2.7,1,1
ZDHHC11B,RPH3A,1,1
ZDHHC11B,RPL11,1,1
ZDHHC11B,RPS6KA5,1,1
ZDHHC11B,RTCA,1,1
ZDHHC11B,RTFDC1,1,1
ZDHHC11B,SAMM50,1,1
ZDHHC11B,SCML4,1,1
ZDHHC11B,SLAMF7,1,1
ZDHHC11B,SLC25A33,1,1
ZDHHC11B,SLC37A3,1,1
ZDHHC11B,SS18L1,1,1
ZDHHC11B,STAT1,1,1
ZDHHC11B,TMC3,1,1
ZDHHC11B,TMEM144,1,1
ZDHHC11B,TMUB1,1,1
ZDHHC11B,TP73,1,1
ZDHHC11B,TUB,1,1
ZDHHC11B,UBE2J1,1,1
ZDHHC11B,VAPB,1,1
ZDHHC11B,VAV3,1,1
ZDHHC11B,ZNF503,1,1
ZDHHC11B,ZYG11A,1,1
PDGFD,ACOT7,1,1
PDGFD,ADAMTS17,1,1
PDGFD,AKR7A2,1,1
PDGFD,APOL1,1,1
PDGFD,ATP11A,1,1
PDGFD,BICDL1,1,1
PDGFD,CARD16,1,1
PDGFD,CHN2,1,1
PDGFD,CSF2RA,1,1
PDGFD,FN1,1,1
PDGFD,GGH,1,1
PDGFD,LPXN,1,1
PDGFD,MCTP1,1,1
PDGFD,NBPF8,1,1
PDGFD,PARP9,1,1
PDGFD,PHGDH,1,1
PDGFD,ROPN1,1,1
PDGFD,RPL11,1,1
PDGFD,SERGEF,1,1
PDGFD,STAT1,1,1
PDGFD,UBE2J1,1,1
PDGFD,VAV3,1,1
PDGFD,ZNF503,1,1
NME7,AC013264.1,1,1
NME7,CBX5,1,1
NME7,CDK5R1,1,1
NME7,FAM20C,1,1
NME7,L3MBTL2,1,1
NME7,PITHD1,1,1
NME7,PRDM2,1,1
NME7,RAB11FIP4,1,1
NME7,SIRPA,1,1
NME7,SNX8,1,1
NME7,TRAPPC2,1,1
PARP9,AKR7A2,1,1
PARP9,ALKBH6,1,1
PARP9,APITD1,1,1
PARP9,ARHGAP18,1,1
PARP9,ARHGEF39,1,1
PARP9,ATXN7L3B,1,1
PARP9,BCAS3,1,1
PARP9,BET1,1,1
PARP9,C11ORF57,1,1
PARP9,C1ORF112,1,1
PARP9,CARD16,1,1
PARP9,CEP41,1,1
PARP9,CGN,1,1
PARP9,CHEK2,1,1
PARP9,COG5,1,1
PARP9,DDOST,1,1
PARP9,DDT,1,1
PARP9,DYNC1I1,1,1
PARP9,ECE1,1,1
PARP9,EYA4,1,1
PARP9,FBXO6,1,1
PARP9,FN1,1,1
PARP9,FOXRED2,1,1
PARP9,GDPD1,1,1
PARP9,GFPT1,1,1
PARP9,GPR157,1,1
PARP9,HEY1,1,1
PARP9,HTRA1,1,1
PARP9,IMMP2L,1,1
PARP9,ITGAV,1,1
PARP9,KDELC1,1,1
PARP9,L3MBTL4,1,1
PARP9,LAMP2,1,1
PARP9,LPXN,1,1
PARP9,MLLT4,1,1
PARP9,MRFAP1,1,1
PARP9,MSL3P1,1,1
PARP9,NBPF8,1,1
PARP9,NSMCE3,1,1
PARP9,PANX2,1,1
PARP9,PDCD6,1,1
PARP9,RCN3,1,1
PARP9,RFX7,1,1
PARP9,RLBP1,1,1
PARP9,RNF43,1,1
PARP9,RPN2,1,1
PARP9,SDF4,1,1
PARP9,SNX17,1,1
PARP9,SORL1,1,1
PARP9,STRIP2,1,1
PARP9,TBCA,1,1
PARP9,TIMP3,1,1
PARP9,TMED9,1,1
PARP9,TMEM242,1,1
PARP9,TRABD,1,1
PARP9,ZMYM1,1,1
CLDN12,AIM1,1,1
CLDN12,ARMC10,1,1
CLDN12,BCAS2,1,1
CLDN12,COQ10B,1,1
CLDN12,EYA1,1,1
CLDN12,FAM86DP,1,1
CLDN12,FOXN2,1,1
CLDN12,GLS,1,1
CLDN12,GTPBP10,1,1
CLDN12,ID3,1,1
CLDN12,KLHDC3,1,1
CLDN12,MRFAP1L1,1,1
CLDN12,MTPN,1,1
CLDN12,NCKAP1,1,1
CLDN12,PLCB4,1,1
CLDN12,RLBP1,1,1
CLDN12,RNF19A,1,1
CLDN12,STK17B,1,1
CLDN12,XPC,1,1
SIRPA,AC009133.22,1,1
SIRPA,AC013264.1,1,1
SIRPA,ATF7IP,1,1
SIRPA,ATP7B,1,1
SIRPA,CA8,1,1
SIRPA,CBX5,1,1
SIRPA,CCDC115,1,1
SIRPA,CD40,1,1
SIRPA,CDK5R1,1,1
SIRPA,CLSTN1,1,1
SIRPA,COMMD9,1,1
SIRPA,CREB3,1,1
SIRPA,CTD-3214H19.4,1,1
SIRPA,DET1,1,1
SIRPA,EIF5AL1,1,1
SIRPA,EVA1A,1,1
SIRPA,FAM161A,1,1
SIRPA,FAM219A,1,1
SIRPA,GPD1L,1,1
SIRPA,GUCD1,1,1
SIRPA,KIAA1033,1,1
SIRPA,LDLRAD3,1,1
SIRPA,LINS1,1,1
SIRPA,LNX2,1,1
SIRPA,MAP9,1,1
SIRPA,MCOLN3,1,1
SIRPA,MLF 2.00,1,1
SIRPA,MRPL58,1,1
SIRPA,MVB12B,1,1
SIRPA,NAGA,1,1
SIRPA,NAV2,1,1
SIRPA,NHEJ1,1,1
SIRPA,PER3,1,1
SIRPA,PITHD1,1,1
SIRPA,PPM1K,1,1
SIRPA,PPT2,1,1
SIRPA,PRDM2,1,1
SIRPA,PYCARD,1,1
SIRPA,RAB11FIP4,1,1
SIRPA,RBBP4,1,1
SIRPA,RHOQ,1,1
SIRPA,RMND1,1,1
SIRPA,SBF1,1,1
SIRPA,SLC37A3,1,1
SIRPA,SLC44A3,1,1
SIRPA,SNX8,1,1
SIRPA,SOX13,1,1
SIRPA,SPSB1,1,1
SIRPA,STIM1,1,1
SIRPA,STXBP2,1,1
SIRPA,TGFBR1,1,1
SIRPA,TGFBR3,1,1
SIRPA,TMEM51,1,1
SIRPA,TPRG1L,1,1
SIRPA,USP48,1,1
SFI1,ACAN,1,1
SFI1,ACOT7,1,1
SFI1,ADAMTS17,1,1
SFI1,AKR7A2,1,1
SFI1,ANKRD30B,1,1
SFI1,ASRGL1,1,1
SFI1,BICDL1,1,1
SFI1,BIRC7,1,1
SFI1,CDKN2B,1,1
SFI1,CHN2,1,1
SFI1,CSF2RA,1,1
SFI1,DPY19L2P2,1,1
SFI1,EIF5A2,1,1
SFI1,EXOSC10,1,1
SFI1,FAM118A,1,1
SFI1,FN1,1,1
SFI1,HSPA8P9,1,1
SFI1,LAMP2,1,1
SFI1,LAMTOR5,1,1
SFI1,LMF2,1,1
SFI1,LPXN,1,1
SFI1,MRFAP1,1,1
SFI1,MSL3P1,1,1
SFI1,MTOR,1,1
SFI1,NBPF8,1,1
SFI1,PHGDH,1,1
SFI1,PHTF1,1,1
SFI1,PNKD,1,1
SFI1,POLG,1,1
SFI1,POMGNT1,1,1
SFI1,RCN3,1,1
SFI1,RPL11,1,1
SFI1,SCML4,1,1
SFI1,SLC37A3,1,1
SFI1,SLC41A1,1,1
SFI1,STAT1,1,1
SFI1,TESK2,1,1
SFI1,TGFBR3,1,1
SFI1,TMUB1,1,1
SFI1,TP73,1,1
SFI1,UBE2J1,1,1
SFI1,VAV3,1,1
SFI1,ZNF503,1,1
SFI1,ZNF789,1,1
SFI1,ZYG11A,1,1
TXLNA,AKR7A2,1,1
TXLNA,ANAPC7,1,1
TXLNA,ARPC1A,1,1
TXLNA,ATP6V1C1,1,1
TXLNA,BAIAP2L2,1,1
TXLNA,CDC26,1,1
TXLNA,CDC42,1,1
TXLNA,CEP41,1,1
TXLNA,EARS2,1,1
TXLNA,EIF5A2,1,1
TXLNA,FOXRED2,1,1
TXLNA,FRMD4B,1,1
TXLNA,IGF1R,1,1
TXLNA,JAK2,1,1
TXLNA,LAMP2,1,1
TXLNA,LAMTOR5,1,1
TXLNA,LZIC,1,1
TXLNA,MAPK1,1,1
TXLNA,MFN2,1,1
TXLNA,MSL3P1,1,1
TXLNA,MTOR,1,1
TXLNA,MUL1,1,1
TXLNA,NELFCD,1,1
TXLNA,PEX10,1,1
TXLNA,PQLC2,1,1
TXLNA,RRBP1,1,1
TXLNA,SLC35F5,1,1
TXLNA,SQSTM1,1,1
TXLNA,STXBP3,1,1
TXLNA,TESK2,1,1
TXLNA,VCP,1,1
PSMA5,AIG1,1,1
PSMA5,AK2,1,1
PSMA5,ALDH1B1,1,1
PSMA5,APITD1,1,1
PSMA5,ARHGEF39,1,1
PSMA5,ARL 3.00,1,1
PSMA5,ARMC10,1,1
PSMA5,ATXN7L3B,1,1
PSMA5,AURKAIP1,1,1
PSMA5,BCAS2,1,1
PSMA5,BMPR1B,1,1
PSMA5,C7ORF50,1,1
PSMA5,CAPZA2,1,1
PSMA5,CASP8,1,1
PSMA5,CEP85,1,1
PSMA5,CHCHD2,1,1
PSMA5,CHEK2,1,1
PSMA5,CMAS,1,1
PSMA5,COQ10B,1,1
PSMA5,CSDE1,1,1
PSMA5,DDOST,1,1
PSMA5,DDT,1,1
PSMA5,DYNC1I1,1,1
PSMA5,ECE1,1,1
PSMA5,EIF3D,1,1
PSMA5,ENO1,1,1
PSMA5,EYA1,1,1
PSMA5,EYA4,1,1
PSMA5,FAM86DP,1,1
PSMA5,FOXN2,1,1
PSMA5,FZD6,1,1
PSMA5,GET4,1,1
PSMA5,GFPT1,1,1
PSMA5,GLDC,1,1
PSMA5,GNB1L,1,1
PSMA5,GSR,1,1
PSMA5,HEY1,1,1
PSMA5,HOXD4,1,1
PSMA5,ID3,1,1
PSMA5,IGF2BP3,1,1
PSMA5,KDELC1,1,1
PSMA5,KIRREL,1,1
PSMA5,KLHDC3,1,1
PSMA5,LRP12,1,1
PSMA5,LRRC37A2,1,1
PSMA5,METAP1D,1,1
PSMA5,MIF,1,1
PSMA5,MRFAP1L1,1,1
PSMA5,MTFP1,1,1
PSMA5,NCKAP1,1,1
PSMA5,NIPAL3,1,1
PSMA5,NSMCE3,1,1
PSMA5,NUP43,1,1
PSMA5,NUP50,1,1
PSMA5,ORC5,1,1
PSMA5,PANX2,1,1
PSMA5,PHF2,1,1
PSMA5,PXDN,1,1
PSMA5,RBSN,1,1
PSMA5,RLBP1,1,1
PSMA5,RNF43,1,1
PSMA5,RPN2,1,1
PSMA5,RRP7BP,1,1
PSMA5,RTCB,1,1
PSMA5,SLC16A1,1,1
PSMA5,SLC35E3,1,1
PSMA5,SLC5A6,1,1
PSMA5,SORL1,1,1
PSMA5,STK17B,1,1
PSMA5,STOML2,1,1
PSMA5,STRIP2,1,1
PSMA5,SYPL1,1,1
PSMA5,TBCA,1,1
PSMA5,TBRG1,1,1
PSMA5,TEAD2,1,1
PSMA5,TIMP3,1,1
PSMA5,TMED9,1,1
PSMA5,TMEM242,1,1
PSMA5,TMEM38B,1,1
PSMA5,TMF1,1,1
PSMA5,TONSL,1,1
PSMA5,TRABD,1,1
PSMA5,TRMU,1,1
PSMA5,UFD1L,1,1
PSMA5,WDR77,1,1
PSMA5,ZC3HC1,1,1
PSMA5,ZMYM1,1,1
TGFBR1,AC013264.1,1,1
TGFBR1,ARPC1A,1,1
TGFBR1,ATP6V1C1,1,1
TGFBR1,ATP7B,1,1
TGFBR1,C7ORF49,1,1
TGFBR1,CA8,1,1
TGFBR1,CCDC115,1,1
TGFBR1,CD40,1,1
TGFBR1,CDK5R1,1,1
TGFBR1,CLSTN1,1,1
TGFBR1,EIF5AL1,1,1
TGFBR1,EVA1A,1,1
TGFBR1,FAM102B,1,1
TGFBR1,GUCD1,1,1
TGFBR1,LDLRAD3,1,1
TGFBR1,LINS1,1,1
TGFBR1,MCOLN3,1,1
TGFBR1,MRPL58,1,1
TGFBR1,NAGA,1,1
TGFBR1,OR2A20P,1,1
TGFBR1,PITHD1,1,1
TGFBR1,PRDM2,1,1
TGFBR1,RAB11FIP4,1,1
TGFBR1,RBBP4,1,1
TGFBR1,RGS1,1,1
TGFBR1,RHOQ,1,1
TGFBR1,RMND1,1,1
TGFBR1,SLC37A3,1,1
TGFBR1,SLC44A3,1,1
TGFBR1,SNX8,1,1
TGFBR1,TGFBR3,1,1
TGFBR1,TMEM51,1,1
TGFBR1,USP48,1,1
TGFBR1,ZFYVE16,1,1
SLC5A6,AK2,1,1
SLC5A6,ALDH1B1,1,1
SLC5A6,ARL 3.00,1,1
SLC5A6,ARMC10,1,1
SLC5A6,ATP6V0B,1,1
SLC5A6,B3GALT6,1,1
SLC5A6,CASP8,1,1
SLC5A6,CMAS,1,1
SLC5A6,CSDE1,1,1
SLC5A6,EIF3D,1,1
SLC5A6,ENO1,1,1
SLC5A6,EYA1,1,1
SLC5A6,EYA4,1,1
SLC5A6,FOXN2,1,1
SLC5A6,FZD6,1,1
SLC5A6,GET4,1,1
SLC5A6,GTPBP10,1,1
SLC5A6,IGF2BP3,1,1
SLC5A6,KIRREL,1,1
SLC5A6,KLHDC2,1,1
SLC5A6,LRP12,1,1
SLC5A6,LRRC37A2,1,1
SLC5A6,LRWD1,1,1
SLC5A6,METAP1D,1,1
SLC5A6,NCKAP1,1,1
SLC5A6,NUP43,1,1
SLC5A6,NUP50,1,1
SLC5A6,ORC5,1,1
SLC5A6,PABPC4,1,1
SLC5A6,PXDN,1,1
SLC5A6,RBSN,1,1
SLC5A6,RPN2,1,1
SLC5A6,RRP7BP,1,1
SLC5A6,RTCB,1,1
SLC5A6,SHQ1,1,1
SLC5A6,SLC16A1,1,1
SLC5A6,STK17B,1,1
SLC5A6,SYPL1,1,1
SLC5A6,TBCA,1,1
SLC5A6,TBRG1,1,1
SLC5A6,TEAD2,1,1
SLC5A6,TMEM38B,1,1
SLC5A6,TONSL,1,1
SLC5A6,TRABD,1,1
SLC5A6,TRMU,1,1
SLC5A6,UFD1L,1,1
SLC5A6,WDR77,1,1
TNRC6B,AGAP1,1,1
TNRC6B,GDPD1,1,1
TNRC6B,GFPT1,1,1
TNRC6B,PPFIBP1,1,1
TNRC6B,SDF4,1,1
TNRC6B,SLC25A13,1,1
TNRC6B,SORL1,1,1
TNRC6B,SYPL1,1,1
TNRC6B,WASL,1,1
MCTP1,ACAN,1,1
MCTP1,ACOT7,1,1
MCTP1,ADAMTS17,1,1
MCTP1,APOL1,1,1
MCTP1,ATP6V0D2,1,1
MCTP1,BCAS2,1,1
MCTP1,BICDL1,1,1
MCTP1,BMP8B,1,1
MCTP1,C2ORF69,1,1
MCTP1,CCDC18,1,1
MCTP1,CCNO,1,1
MCTP1,CHN2,1,1
MCTP1,CSF2RA,1,1
MCTP1,DTX3L,1,1
MCTP1,FANCI,1,1
MCTP1,GDAP2,1,1
MCTP1,GGH,1,1
MCTP1,GXYLT1,1,1
MCTP1,MCM3,1,1
MCTP1,MTFP1,1,1
MCTP1,NCAPH2,1,1
MCTP1,NPAS2,1,1
MCTP1,NT5DC3,1,1
MCTP1,PEX5,1,1
MCTP1,PIK3R3,1,1
MCTP1,PLCB4,1,1
MCTP1,POLE4,1,1
MCTP1,PTTG1,1,1
MCTP1,RPH3A,1,1
MCTP1,RPS6KA5,1,1
MCTP1,RTFDC1,1,1
MCTP1,SCML4,1,1
MCTP1,SERGEF,1,1
MCTP1,SPP1,1,1
MCTP1,STOML2,1,1
MCTP1,TMEM144,1,1
MCTP1,TMF1,1,1
MCTP1,TP73,1,1
MCTP1,TRPV4,1,1
MCTP1,TSN,1,1
MCTP1,UBE2J1,1,1
MCTP1,VAPB,1,1
MCTP1,VAV3,1,1
RPL22,ABHD12,1,1
RPL22,ATP6V0D2,1,1
RPL22,CLDN14,1,1
RPL22,DOCK9,1,1
RPL22,DTX3L,1,1
RPL22,FAM122A,1,1
RPL22,IDH3B,1,1
RPL22,MMACHC,1,1
RPL22,PIK3R3,1,1
RPL22,PIM3,1,1
RPL22,RPH3A,1,1
RPL22,RTFDC1,1,1
RPL22,SLAMF7,1,1
RPL22,SLX4IP,1,1
RPL22,SMG9,1,1
RPL22,ZNF189,1,1
TIMP3,AK2,1,1
TIMP3,ALDH1B1,1,1
TIMP3,ARHGEF39,1,1
TIMP3,ATXN7L3B,1,1
TIMP3,BAIAP2L2,1,1
TIMP3,BCAS3,1,1
TIMP3,C11ORF57,1,1
TIMP3,C1ORF112,1,1
TIMP3,CAPZA2,1,1
TIMP3,CARD16,1,1
TIMP3,CEP41,1,1
TIMP3,CHEK2,1,1
TIMP3,COG5,1,1
TIMP3,CSDE1,1,1
TIMP3,DDOST,1,1
TIMP3,DYNC1I1,1,1
TIMP3,ECE1,1,1
TIMP3,EYA4,1,1
TIMP3,FBXO6,1,1
TIMP3,FOXRED2,1,1
TIMP3,GDPD1,1,1
TIMP3,GFPT1,1,1
TIMP3,GLDC,1,1
TIMP3,HEY1,1,1
TIMP3,IMMP2L,1,1
TIMP3,ITGAV,1,1
TIMP3,KDELC1,1,1
TIMP3,KIRREL,1,1
TIMP3,L3MBTL4,1,1
TIMP3,LMAN2L,1,1
TIMP3,LRP12,1,1
TIMP3,MFN2,1,1
TIMP3,MSL3P1,1,1
TIMP3,NSMCE3,1,1
TIMP3,NUDCD3,1,1
TIMP3,NUP43,1,1
TIMP3,PANX2,1,1
TIMP3,PLOD2,1,1
TIMP3,PPFIBP1,1,1
TIMP3,PXDN,1,1
TIMP3,RNF207,1,1
TIMP3,RNF43,1,1
TIMP3,RPN2,1,1
TIMP3,RRP7BP,1,1
TIMP3,RTCB,1,1
TIMP3,SDF4,1,1
TIMP3,SH3BP1,1,1
TIMP3,SLC25A13,1,1
TIMP3,SNX17,1,1
TIMP3,SORL1,1,1
TIMP3,STK11IP,1,1
TIMP3,STRIP2,1,1
TIMP3,SYPL1,1,1
TIMP3,TBCA,1,1
TIMP3,TEAD2,1,1
TIMP3,TMED9,1,1
TIMP3,TMEM242,1,1
TIMP3,TRABD,1,1
TIMP3,UFD1L,1,1
TIMP3,WASL,1,1
TIMP3,ZC3HC1,1,1
TIMP3,ZMYM1,1,1
NBPF1,ALG1,1,1
NBPF1,CLSTN1,1,1
NBPF1,MCOLN3,1,1
FRMD4B,AC013264.1,1,1
FRMD4B,AGAP3,1,1
FRMD4B,AKR7A2,1,1
FRMD4B,ANKRD30B,1,1
FRMD4B,ARPC1A,1,1
FRMD4B,ATP11A,1,1
FRMD4B,ATP6V1C1,1,1
FRMD4B,C7ORF49,1,1
FRMD4B,CA8,1,1
FRMD4B,CARHSP1,1,1
FRMD4B,CD36,1,1
FRMD4B,CDC42,1,1
FRMD4B,CHN2,1,1
FRMD4B,DTNBP1,1,1
FRMD4B,EARS2,1,1
FRMD4B,EIF5A2,1,1
FRMD4B,EXOSC10,1,1
FRMD4B,FAM102B,1,1
FRMD4B,FAM167B,1,1
FRMD4B,GAB2,1,1
FRMD4B,GPR157,1,1
FRMD4B,GUCD1,1,1
FRMD4B,HPS5,1,1
FRMD4B,HTRA1,1,1
FRMD4B,IGF1R,1,1
FRMD4B,JAK2,1,1
FRMD4B,LAMP2,1,1
FRMD4B,LAMTOR5,1,1
FRMD4B,LDLRAD3,1,1
FRMD4B,LMF2,1,1
FRMD4B,LPXN,1,1
FRMD4B,LZIC,1,1
FRMD4B,MAPK1,1,1
FRMD4B,MED15,1,1
FRMD4B,MESDC1,1,1
FRMD4B,MLXIP,1,1
FRMD4B,MTOR,1,1
FRMD4B,MUL1,1,1
FRMD4B,NADK,1,1
FRMD4B,NBPF8,1,1
FRMD4B,NRROS,1,1
FRMD4B,PEX10,1,1
FRMD4B,PHGDH,1,1
FRMD4B,PNKD,1,1
FRMD4B,POLG,1,1
FRMD4B,POMGNT1,1,1
FRMD4B,PQLC2,1,1
FRMD4B,PTER,1,1
FRMD4B,REPS1,1,1
FRMD4B,RRBP1,1,1
FRMD4B,SAMM50,1,1
FRMD4B,SBF1,1,1
FRMD4B,SLC23A2,1,1
FRMD4B,SLC25A33,1,1
FRMD4B,SLC37A3,1,1
FRMD4B,SPSB1,1,1
FRMD4B,SQSTM1,1,1
FRMD4B,ST7,1,1
FRMD4B,STXBP3,1,1
FRMD4B,TESK2,1,1
FRMD4B,TGFBR3,1,1
FRMD4B,TMEM51,1,1
FRMD4B,TXN2,1,1
FRMD4B,UBE2J1,1,1
FRMD4B,USP48,1,1
FRMD4B,VAV3,1,1
FRMD4B,VCP,1,1
FRMD4B,WDR47,1,1
FRMD4B,ZNF503,1,1
FANCI,ACAN,1,1
FANCI,ACOT7,1,1
FANCI,ADAMTS17,1,1
FANCI,AGA,1,1
FANCI,ASRGL1,1,1
FANCI,ATAD3B,1,1
FANCI,ATP6V0D2,1,1
FANCI,AURKAIP1,1,1
FANCI,BCAS2,1,1
FANCI,BICDL1,1,1
FANCI,BIRC7,1,1
FANCI,BMP8B,1,1
FANCI,C2ORF69,1,1
FANCI,CCDC18,1,1
FANCI,CCNO,1,1
FANCI,CLDN14,1,1
FANCI,CPTP,1,1
FANCI,CRKL,1,1
FANCI,DTX3L,1,1
FANCI,ENTPD6,1,1
FANCI,EXOSC10,1,1
FANCI,FAM118A,1,1
FANCI,GDAP2,1,1
FANCI,GGH,1,1
FANCI,GTSE1,1,1
FANCI,GXYLT1,1,1
FANCI,HERC2P8,1,1
FANCI,LHX8,1,1
FANCI,LONRF3,1,1
FANCI,LRRC47,1,1
FANCI,LYPLA2,1,1
FANCI,MCM3,1,1
FANCI,MRPL46,1,1
FANCI,MTERF1,1,1
FANCI,MTFP1,1,1
FANCI,NCAPH2,1,1
FANCI,NT5DC3,1,1
FANCI,PGAP2,1,1
FANCI,PIK3R3,1,1
FANCI,PIM3,1,1
FANCI,PLCB4,1,1
FANCI,PLEKHA7,1,1
FANCI,POLE4,1,1
FANCI,POLR2J,1,1
FANCI,PTTG1,1,1
FANCI,RBX1,1,1
FANCI,RP11-327P2.7,1,1
FANCI,RPA2,1,1
FANCI,RPH3A,1,1
FANCI,RPS6KA5,1,1
FANCI,RTFDC1,1,1
FANCI,SCML4,1,1
FANCI,SLAMF7,1,1
FANCI,SMG9,1,1
FANCI,SNRNP25,1,1
FANCI,STOML2,1,1
FANCI,TMC3,1,1
FANCI,TMEM144,1,1
FANCI,TP73,1,1
FANCI,TRPV4,1,1
FANCI,TSN,1,1
FANCI,ZNF189,1,1
CTH,TRIQK,1,1
POMGNT1,AGAP3,1,1
POMGNT1,AKR7A2,1,1
POMGNT1,ARPC1A,1,1
POMGNT1,ATP6V1F,1,1
POMGNT1,CEP131,1,1
POMGNT1,FAM167B,1,1
POMGNT1,FERMT2,1,1
POMGNT1,HPS5,1,1
POMGNT1,HTRA1,1,1
POMGNT1,IGF1R,1,1
POMGNT1,JAK2,1,1
POMGNT1,LAMP2,1,1
POMGNT1,LAMTOR5,1,1
POMGNT1,LMF2,1,1
POMGNT1,MAPK1,1,1
POMGNT1,MED15,1,1
POMGNT1,MESDC1,1,1
POMGNT1,MKRN2,1,1
POMGNT1,MTOR,1,1
POMGNT1,NADK,1,1
POMGNT1,NBPF8,1,1
POMGNT1,PEX10,1,1
POMGNT1,PNKD,1,1
POMGNT1,POLG,1,1
POMGNT1,RRBP1,1,1
POMGNT1,SBF1,1,1
POMGNT1,SLC23A2,1,1
POMGNT1,SLC37A3,1,1
POMGNT1,SPSB1,1,1
POMGNT1,SQSTM1,1,1
POMGNT1,STXBP3,1,1
POMGNT1,TESK2,1,1
POMGNT1,TGFBR3,1,1
POMGNT1,TMEM51,1,1
POMGNT1,TRIM14,1,1
POMGNT1,TXN2,1,1
POMGNT1,USP48,1,1
POMGNT1,VCP,1,1
POMGNT1,WDR47,1,1
POMGNT1,ZNF789,1,1
POMGNT1,ZNF814,1,1
POLR2J,ACAN,1,1
POLR2J,ACOT7,1,1
POLR2J,ADAMTS17,1,1
POLR2J,AGA,1,1
POLR2J,ANAPC5,1,1
POLR2J,APITD1,1,1
POLR2J,ARL6IP5,1,1
POLR2J,ATAD3B,1,1
POLR2J,AURKAIP1,1,1
POLR2J,BICDL1,1,1
POLR2J,BMP8B,1,1
POLR2J,CCNO,1,1
POLR2J,CDK5,1,1
POLR2J,COQ10B,1,1
POLR2J,DDT,1,1
POLR2J,DTX3L,1,1
POLR2J,ECE1,1,1
POLR2J,GET4,1,1
POLR2J,GNB1L,1,1
POLR2J,GPR157,1,1
POLR2J,HERC2P8,1,1
POLR2J,HEY1,1,1
POLR2J,HOXD4,1,1
POLR2J,LRRC47,1,1
POLR2J,LYPLA2,1,1
POLR2J,MRFAP1,1,1
POLR2J,MTFP1,1,1
POLR2J,NEPRO,1,1
POLR2J,NPAS2,1,1
POLR2J,NT5DC3,1,1
POLR2J,PEX14,1,1
POLR2J,PICK1,1,1
POLR2J,PLCB4,1,1
POLR2J,POLE4,1,1
POLR2J,PYGB,1,1
POLR2J,RBX1,1,1
POLR2J,RFX7,1,1
POLR2J,RLBP1,1,1
POLR2J,RNF19A,1,1
POLR2J,RTFDC1,1,1
POLR2J,SCML4,1,1
POLR2J,SERGEF,1,1
POLR2J,SNRNP25,1,1
POLR2J,STOML2,1,1
POLR2J,TMC3,1,1
POLR2J,TMEM144,1,1
POLR2J,TMF1,1,1
POLR2J,TMUB1,1,1
POLR2J,TP73,1,1
POLR2J,TRPV4,1,1
POLR2J,ZNF189,1,1
SS18L1,ABHD12,1,1
SS18L1,ACAN,1,1
SS18L1,ACOT7,1,1
SS18L1,ADAMTS17,1,1
SS18L1,AKAP9,1,1
SS18L1,ANKRD30B,1,1
SS18L1,APOL1,1,1
SS18L1,ARHGAP39,1,1
SS18L1,ARHGEF35,1,1
SS18L1,ASRGL1,1,1
SS18L1,ATP11A,1,1
SS18L1,ATP6V0D2,1,1
SS18L1,BICDL1,1,1
SS18L1,BIRC7,1,1
SS18L1,CCDC36,1,1
SS18L1,CD36,1,1
SS18L1,CD40,1,1
SS18L1,CDKN2B,1,1
SS18L1,CHN2,1,1
SS18L1,CLDN14,1,1
SS18L1,CPTP,1,1
SS18L1,DDRGK1,1,1
SS18L1,DOCK9,1,1
SS18L1,DPY19L2P2,1,1
SS18L1,DTNBP1,1,1
SS18L1,DTX3L,1,1
SS18L1,ENTPD6,1,1
SS18L1,EXOSC10,1,1
SS18L1,FAM102B,1,1
SS18L1,FAM118A,1,1
SS18L1,FEZF1,1,1
SS18L1,FGFR1OP2,1,1
SS18L1,GCLM,1,1
SS18L1,GDAP2,1,1
SS18L1,GTF2H1,1,1
SS18L1,HENMT1,1,1
SS18L1,HERC2P8,1,1
SS18L1,HSPA8P9,1,1
SS18L1,IDH3B,1,1
SS18L1,KIF3C,1,1
SS18L1,KIN,1,1
SS18L1,LDLRAD3,1,1
SS18L1,LHX8,1,1
SS18L1,LINS1,1,1
SS18L1,LONRF3,1,1
SS18L1,MKNK1,1,1
SS18L1,MME,1,1
SS18L1,NAV2,1,1
SS18L1,PEX14,1,1
SS18L1,PHGDH,1,1
SS18L1,PIK3R3,1,1
SS18L1,PIM3,1,1
SS18L1,PLEKHA7,1,1
SS18L1,PPP1R12B,1,1
SS18L1,RGS1,1,1
SS18L1,RP11-159J3.1,1,1
SS18L1,RP11-327P2.7,1,1
SS18L1,RPH3A,1,1
SS18L1,RPL11,1,1
SS18L1,RPS6KA5,1,1
SS18L1,RTCA,1,1
SS18L1,RTFDC1,1,1
SS18L1,SAMM50,1,1
SS18L1,SBF1,1,1
SS18L1,SCML4,1,1
SS18L1,SLAMF7,1,1
SS18L1,SLC37A3,1,1
SS18L1,SMG9,1,1
SS18L1,SQRDL,1,1
SS18L1,STAT1,1,1
SS18L1,TMC3,1,1
SS18L1,TMUB1,1,1
SS18L1,TP73,1,1
SS18L1,TUB,1,1
SS18L1,VAPB,1,1
SS18L1,VAV3,1,1
SS18L1,ZC3H4,1,1
SS18L1,ZNF525,1,1
SS18L1,ZNF585B,1,1
SS18L1,ZYG11A,1,1
SLC35F5,AK2,1,1
SLC35F5,AKR7A2,1,1
SLC35F5,BAIAP2L2,1,1
SLC35F5,C1ORF112,1,1
SLC35F5,CAPZA2,1,1
SLC35F5,CEP41,1,1
SLC35F5,EARS2,1,1
SLC35F5,EIF5A2,1,1
SLC35F5,EVL,1,1
SLC35F5,FOXRED2,1,1
SLC35F5,ITGAV,1,1
SLC35F5,LAMP2,1,1
SLC35F5,MSL3P1,1,1
SLC35F5,NELFCD,1,1
SLC35F5,NRROS,1,1
SLC35F5,NUDCD3,1,1
SLC35F5,PPFIBP1,1,1
SLC35F5,PQLC2,1,1
SLC35F5,RAC1,1,1
SLC35F5,STXBP3,1,1
SLC35F5,SYPL1,1,1
SLC35F5,WASL,1,1
SLC35F5,ZC3HAV1,1,1
FERMT2,ANKZF1,1,1
FERMT2,MKRN2,1,1
FERMT2,PEX10,1,1
FERMT2,POLG,1,1
PEX14,ABHD12,1,1
PEX14,ACAN,1,1
PEX14,ACOT7,1,1
PEX14,ADAMTS17,1,1
PEX14,AKR7A2,1,1
PEX14,ANAPC5,1,1
PEX14,ANKRD30B,1,1
PEX14,ARHGEF35,1,1
PEX14,ARL6IP5,1,1
PEX14,ASRGL1,1,1
PEX14,ATAD3B,1,1
PEX14,ATP11A,1,1
PEX14,ATP6V0D2,1,1
PEX14,BICDL1,1,1
PEX14,BIRC7,1,1
PEX14,CARHSP1,1,1
PEX14,CD36,1,1
PEX14,CGN,1,1
PEX14,CHN2,1,1
PEX14,CLDN14,1,1
PEX14,CPTP,1,1
PEX14,DPY19L2P2,1,1
PEX14,DTNBP1,1,1
PEX14,DTX3L,1,1
PEX14,ENTPD6,1,1
PEX14,EXOSC10,1,1
PEX14,FAM118A,1,1
PEX14,FEZF1,1,1
PEX14,FN1,1,1
PEX14,GDAP2,1,1
PEX14,GNB2,1,1
PEX14,GPR157,1,1
PEX14,HENMT1,1,1
PEX14,HERC2P8,1,1
PEX14,IMMP2L,1,1
PEX14,LHX8,1,1
PEX14,LONRF3,1,1
PEX14,LPXN,1,1
PEX14,LYPLA2,1,1
PEX14,MED15,1,1
PEX14,MFN2,1,1
PEX14,MGAM,1,1
PEX14,MLXIP,1,1
PEX14,MRFAP1,1,1
PEX14,MTOR,1,1
PEX14,NBPF8,1,1
PEX14,NEPRO,1,1
PEX14,PEX26,1,1
PEX14,PHGDH,1,1
PEX14,PIK3R3,1,1
PEX14,PLEKHA7,1,1
PEX14,PNKD,1,1
PEX14,RBM19,1,1
PEX14,RBX1,1,1
PEX14,RCN3,1,1
PEX14,RP11-159J3.1,1,1
PEX14,RP11-327P2.7,1,1
PEX14,RPH3A,1,1
PEX14,RPL11,1,1
PEX14,RPS6KA5,1,1
PEX14,SAMM50,1,1
PEX14,SCML4,1,1
PEX14,SERGEF,1,1
PEX14,SLAMF7,1,1
PEX14,SLC25A33,1,1
PEX14,TMC3,1,1
PEX14,TMEM144,1,1
PEX14,TMUB1,1,1
PEX14,TP73,1,1
PEX14,TRPV4,1,1
PEX14,TUB,1,1
PEX14,TXN2,1,1
PEX14,VAV3,1,1
PEX14,WDR47,1,1
PEX14,ZNF503,1,1
PEX14,ZYG11A,1,1
MPDU1,CENPB,1,1
MPDU1,LENG9,1,1
MPDU1,MID1IP1,1,1
MPDU1,NIPA2,1,1
MPDU1,RBFA,1,1
MPDU1,RBM39,1,1
MPDU1,UBE2L3,1,1
CDKN2B,ABHD12,1,1
CDKN2B,ACAN,1,1
CDKN2B,ANKRD30B,1,1
CDKN2B,APOL1,1,1
CDKN2B,ARHGAP39,1,1
CDKN2B,ARHGEF35,1,1
CDKN2B,ASRGL1,1,1
CDKN2B,ATP6V0D2,1,1
CDKN2B,BICDL1,1,1
CDKN2B,BIRC7,1,1
CDKN2B,CCDC36,1,1
CDKN2B,CD40,1,1
CDKN2B,CHN2,1,1
CDKN2B,CPTP,1,1
CDKN2B,DDRGK1,1,1
CDKN2B,DPY19L2P2,1,1
CDKN2B,EIF5AL1,1,1
CDKN2B,ENTPD6,1,1
CDKN2B,FAM102B,1,1
CDKN2B,FAM118A,1,1
CDKN2B,FGFR1OP2,1,1
CDKN2B,GUCD1,1,1
CDKN2B,HENMT1,1,1
CDKN2B,HSPA8P9,1,1
CDKN2B,LDLRAD3,1,1
CDKN2B,LHX8,1,1
CDKN2B,LINS1,1,1
CDKN2B,LMF2,1,1
CDKN2B,LONRF3,1,1
CDKN2B,MME,1,1
CDKN2B,MYB,1,1
CDKN2B,NBPF8,1,1
CDKN2B,PHGDH,1,1
CDKN2B,PIK3R3,1,1
CDKN2B,PIM3,1,1
CDKN2B,PITHD1,1,1
CDKN2B,POLG,1,1
CDKN2B,RGS1,1,1
CDKN2B,RP11-159J3.1,1,1
CDKN2B,RP11-327P2.7,1,1
CDKN2B,RPH3A,1,1
CDKN2B,RPL11,1,1
CDKN2B,RPS6KA5,1,1
CDKN2B,SBF1,1,1
CDKN2B,SLC37A3,1,1
CDKN2B,SLC44A3,1,1
CDKN2B,SQRDL,1,1
CDKN2B,STAT1,1,1
CDKN2B,TGFBR3,1,1
CDKN2B,TMC3,1,1
CDKN2B,TP73,1,1
CDKN2B,TUB,1,1
CDKN2B,VAV3,1,1
CDKN2B,ZC3H4,1,1
CDKN2B,ZYG11A,1,1
CENPI,APITD1,1,1
CENPI,BCAS2,1,1
CENPI,BMPR1B,1,1
CENPI,CDC7,1,1
CENPI,CEP85,1,1
CENPI,GGH,1,1
CENPI,GTSE1,1,1
CENPI,GXYLT1,1,1
CENPI,IDH3A,1,1
CENPI,MCM3,1,1
CENPI,MTFP1,1,1
CENPI,ORC5,1,1
CENPI,PTTG1,1,1
CENPI,RTCB,1,1
CENPI,SNRNP25,1,1
CENPI,TRMU,1,1
CENPI,WDR77,1,1
UFD1L,AK2,1,1
UFD1L,ALDH1B1,1,1
UFD1L,APITD1,1,1
UFD1L,ARL 3.00,1,1
UFD1L,ARMC10,1,1
UFD1L,ATXN7L3B,1,1
UFD1L,C7ORF50,1,1
UFD1L,CAPZA2,1,1
UFD1L,CASP8,1,1
UFD1L,CEP85,1,1
UFD1L,CHCHD2,1,1
UFD1L,CMAS,1,1
UFD1L,CSDE1,1,1
UFD1L,DDOST,1,1
UFD1L,EIF3D,1,1
UFD1L,ENO1,1,1
UFD1L,EYA1,1,1
UFD1L,EYA4,1,1
UFD1L,FOXN2,1,1
UFD1L,FZD6,1,1
UFD1L,GET4,1,1
UFD1L,GLDC,1,1
UFD1L,GSR,1,1
UFD1L,HEY1,1,1
UFD1L,HOXD4,1,1
UFD1L,IGF2BP3,1,1
UFD1L,KDELC1,1,1
UFD1L,KIRREL,1,1
UFD1L,KLHDC2,1,1
UFD1L,KLHDC3,1,1
UFD1L,LRP12,1,1
UFD1L,LRRC37A2,1,1
UFD1L,LRWD1,1,1
UFD1L,METAP1D,1,1
UFD1L,MRFAP1L1,1,1
UFD1L,NCKAP1,1,1
UFD1L,NIPAL3,1,1
UFD1L,NUP43,1,1
UFD1L,NUP50,1,1
UFD1L,ORC5,1,1
UFD1L,PABPC4,1,1
UFD1L,PANX2,1,1
UFD1L,PHF2,1,1
UFD1L,PXDN,1,1
UFD1L,RBSN,1,1
UFD1L,RPN2,1,1
UFD1L,RRP7BP,1,1
UFD1L,RTCB,1,1
UFD1L,SLC16A1,1,1
UFD1L,SLC35E3,1,1
UFD1L,SORL1,1,1
UFD1L,STK17B,1,1
UFD1L,SYPL1,1,1
UFD1L,TBCA,1,1
UFD1L,TBRG1,1,1
UFD1L,TEAD2,1,1
UFD1L,TMEM242,1,1
UFD1L,TMEM38B,1,1
UFD1L,TONSL,1,1
UFD1L,TRABD,1,1
UFD1L,TRMU,1,1
UFD1L,WDR77,1,1
EXOSC10,ABHD12,1,1
EXOSC10,ACAN,1,1
EXOSC10,ACOT7,1,1
EXOSC10,ADAMTS17,1,1
EXOSC10,AKR7A2,1,1
EXOSC10,ANAPC5,1,1
EXOSC10,ANAPC7,1,1
EXOSC10,ANKRD30B,1,1
EXOSC10,ARHGEF35,1,1
EXOSC10,ASRGL1,1,1
EXOSC10,ATAD3B,1,1
EXOSC10,ATP11A,1,1
EXOSC10,ATP6V0D2,1,1
EXOSC10,ATP6V1C1,1,1
EXOSC10,BICDL1,1,1
EXOSC10,BIRC7,1,1
EXOSC10,C2ORF69,1,1
EXOSC10,CARHSP1,1,1
EXOSC10,CCDC36,1,1
EXOSC10,CD36,1,1
EXOSC10,CDC42,1,1
EXOSC10,CGN,1,1
EXOSC10,CHN2,1,1
EXOSC10,CLDN14,1,1
EXOSC10,CPTP,1,1
EXOSC10,CRKL,1,1
EXOSC10,CSF2RA,1,1
EXOSC10,DDRGK1,1,1
EXOSC10,DPY19L2P2,1,1
EXOSC10,DTNBP1,1,1
EXOSC10,DTX3L,1,1
EXOSC10,EARS2,1,1
EXOSC10,ECHDC1,1,1
EXOSC10,EIF5A2,1,1
EXOSC10,ENTPD6,1,1
EXOSC10,EPS15L1,1,1
EXOSC10,FAM102B,1,1
EXOSC10,FAM118A,1,1
EXOSC10,FEZF1,1,1
EXOSC10,FN1,1,1
EXOSC10,GCLM,1,1
EXOSC10,GDAP2,1,1
EXOSC10,GGH,1,1
EXOSC10,GLT8D1,1,1
EXOSC10,GNB1L,1,1
EXOSC10,GPR157,1,1
EXOSC10,HENMT1,1,1
EXOSC10,HERC2P8,1,1
EXOSC10,HSPA8P9,1,1
EXOSC10,IDH3A,1,1
EXOSC10,IMMP2L,1,1
EXOSC10,LHX8,1,1
EXOSC10,LINS1,1,1
EXOSC10,LMF2,1,1
EXOSC10,LONRF3,1,1
EXOSC10,LPXN,1,1
EXOSC10,LRRC47,1,1
EXOSC10,LZIC,1,1
EXOSC10,MAPK1,1,1
EXOSC10,MCM3,1,1
EXOSC10,MED15,1,1
EXOSC10,MFN2,1,1
EXOSC10,MGAM,1,1
EXOSC10,MLXIP,1,1
EXOSC10,MRFAP1,1,1
EXOSC10,MTFP1,1,1
EXOSC10,MTOR,1,1
EXOSC10,MUL1,1,1
EXOSC10,NBPF8,1,1
EXOSC10,NRROS,1,1
EXOSC10,PEX26,1,1
EXOSC10,PHGDH,1,1
EXOSC10,PHTF1,1,1
EXOSC10,PIK3R3,1,1
EXOSC10,PLEKHA7,1,1
EXOSC10,PNKD,1,1
EXOSC10,POLE4,1,1
EXOSC10,PQLC2,1,1
EXOSC10,PYGB,1,1
EXOSC10,RBM19,1,1
EXOSC10,RBX1,1,1
EXOSC10,RCN3,1,1
EXOSC10,RP11-159J3.1,1,1
EXOSC10,RP11-327P2.7,1,1
EXOSC10,RPA2,1,1
EXOSC10,RPH3A,1,1
EXOSC10,RPL11,1,1
EXOSC10,RPS6KA5,1,1
EXOSC10,RTFDC1,1,1
EXOSC10,SAMM50,1,1
EXOSC10,SBF1,1,1
EXOSC10,SCML4,1,1
EXOSC10,SERGEF,1,1
EXOSC10,SLAMF7,1,1
EXOSC10,SLC25A33,1,1
EXOSC10,SLC37A3,1,1
EXOSC10,SNRNP25,1,1
EXOSC10,STAT1,1,1
EXOSC10,TMC3,1,1
EXOSC10,TMEM144,1,1
EXOSC10,TMEM201,1,1
EXOSC10,TMF1,1,1
EXOSC10,TMUB1,1,1
EXOSC10,TP73,1,1
EXOSC10,TRPV4,1,1
EXOSC10,TUB,1,1
EXOSC10,TXN2,1,1
EXOSC10,UBE2J1,1,1
EXOSC10,VAPB,1,1
EXOSC10,VAV3,1,1
EXOSC10,WDR47,1,1
EXOSC10,ZNF503,1,1
EXOSC10,ZYG11A,1,1
STXBP3,AC013264.1,1,1
STXBP3,AGAP3,1,1
STXBP3,AKR7A2,1,1
STXBP3,ARPC1A,1,1
STXBP3,ATP6V1C1,1,1
STXBP3,ATP6V1F,1,1
STXBP3,C7ORF49,1,1
STXBP3,CDC26,1,1
STXBP3,CDC42,1,1
STXBP3,CEP41,1,1
STXBP3,DPF2,1,1
STXBP3,EARS2,1,1
STXBP3,FAM167B,1,1
STXBP3,GALNS,1,1
STXBP3,GUCD1,1,1
STXBP3,HPS5,1,1
STXBP3,HTRA1,1,1
STXBP3,IGF1R,1,1
STXBP3,JAK2,1,1
STXBP3,LAMP2,1,1
STXBP3,LAMTOR5,1,1
STXBP3,LMF2,1,1
STXBP3,LZIC,1,1
STXBP3,MAPK1,1,1
STXBP3,MED15,1,1
STXBP3,MESDC1,1,1
STXBP3,METRNL,1,1
STXBP3,MLXIP,1,1
STXBP3,MSL3P1,1,1
STXBP3,MTA1,1,1
STXBP3,MTOR,1,1
STXBP3,NADK,1,1
STXBP3,NT5DC1,1,1
STXBP3,PEX10,1,1
STXBP3,PNKD,1,1
STXBP3,POLG,1,1
STXBP3,PQLC2,1,1
STXBP3,PSEN2,1,1
STXBP3,REPS1,1,1
STXBP3,RRBP1,1,1
STXBP3,SAMHD1,1,1
STXBP3,SLC23A2,1,1
STXBP3,SLC37A3,1,1
STXBP3,SQSTM1,1,1
STXBP3,ST7,1,1
STXBP3,TESK2,1,1
STXBP3,TGFBR3,1,1
STXBP3,TMEM51,1,1
STXBP3,TXN2,1,1
STXBP3,USP48,1,1
STXBP3,VCP,1,1
STXBP3,WDR47,1,1
STXBP3,ZNF503,1,1
FBXW9,MEPCE,1,1
FBXW9,MIF4GD,1,1
FBXW9,RHOT1,1,1
FBXW9,TRAPPC2,1,1
TTC38,AC009133.22,1,1
TTC38,C20ORF194,1,1
TTC38,CPEB1,1,1
TTC38,FAM161A,1,1
TTC38,NHEJ1,1,1
TTC38,PARVA,1,1
TTC38,PER3,1,1
TTC38,PPM1K,1,1
TTC38,PPT2,1,1
TTC38,TRPS1,1,1
PTER,AC013264.1,1,1
PTER,ARPC1A,1,1
PTER,ATP11A,1,1
PTER,ATP6V1C1,1,1
PTER,C7ORF49,1,1
PTER,CA8,1,1
PTER,CDC42,1,1
PTER,DTNBP1,1,1
PTER,EARS2,1,1
PTER,LZIC,1,1
PTER,MAPK1,1,1
PTER,MLXIP,1,1
PTER,MTOR,1,1
PTER,MUL1,1,1
PTER,REL,1,1
PTER,SAMM50,1,1
PTER,TMEM51,1,1
PTER,VCP,1,1
COG5,ACOT7,1,1
COG5,ADAMTS17,1,1
COG5,ALKBH6,1,1
COG5,APITD1,1,1
COG5,ARHGEF39,1,1
COG5,ARL6IP5,1,1
COG5,ATXN7L3B,1,1
COG5,BCAS3,1,1
COG5,BET1,1,1
COG5,C1ORF112,1,1
COG5,CARD16,1,1
COG5,CEP41,1,1
COG5,CGN,1,1
COG5,CHEK2,1,1
COG5,DDOST,1,1
COG5,DDT,1,1
COG5,DYNC1I1,1,1
COG5,EIF5A2,1,1
COG5,EYA4,1,1
COG5,FBXO6,1,1
COG5,GFPT1,1,1
COG5,GGH,1,1
COG5,GPR157,1,1
COG5,HEY1,1,1
COG5,IMMP2L,1,1
COG5,ITGAV,1,1
COG5,KDELC1,1,1
COG5,L3MBTL4,1,1
COG5,LAMP2,1,1
COG5,LPXN,1,1
COG5,MFN2,1,1
COG5,MLLT4,1,1
COG5,MRFAP1,1,1
COG5,MSL3P1,1,1
COG5,NBPF8,1,1
COG5,NEPRO,1,1
COG5,NSMCE3,1,1
COG5,NUDCD3,1,1
COG5,PANX2,1,1
COG5,PHTF1,1,1
COG5,PICK1,1,1
COG5,POT1,1,1
COG5,RBX1,1,1
COG5,RCN3,1,1
COG5,RFX7,1,1
COG5,RLBP1,1,1
COG5,RNF43,1,1
COG5,SNX17,1,1
COG5,STRIP2,1,1
COG5,TMED9,1,1
COG5,TMEM242,1,1
COG5,TMF1,1,1
COG5,TRPV4,1,1
COG5,TXN2,1,1
COG5,ZC3HC1,1,1
COG5,ZMYM1,1,1
ARID3A,GTF2E2,1,1
NSMCE3,AK2,1,1
NSMCE3,ALKBH6,1,1
NSMCE3,ARHGEF39,1,1
NSMCE3,ATXN7L3,1,1
NSMCE3,ATXN7L3B,1,1
NSMCE3,BCAS3,1,1
NSMCE3,C11ORF57,1,1
NSMCE3,C1ORF112,1,1
NSMCE3,CARD16,1,1
NSMCE3,CEP41,1,1
NSMCE3,CHEK2,1,1
NSMCE3,DDOST,1,1
NSMCE3,EYA4,1,1
NSMCE3,GFPT1,1,1
NSMCE3,HEY1,1,1
NSMCE3,KDELC1,1,1
NSMCE3,L3MBTL4,1,1
NSMCE3,MSL3P1,1,1
NSMCE3,PANX2,1,1
NSMCE3,PXDN,1,1
NSMCE3,RBSN,1,1
NSMCE3,RNF207,1,1
NSMCE3,RNF43,1,1
NSMCE3,RPN2,1,1
NSMCE3,RRP7BP,1,1
NSMCE3,SDF4,1,1
NSMCE3,SORL1,1,1
NSMCE3,STRIP2,1,1
NSMCE3,SYPL1,1,1
NSMCE3,TBCA,1,1
NSMCE3,TEAD2,1,1
NSMCE3,TMED9,1,1
NSMCE3,TMEM242,1,1
NSMCE3,TRABD,1,1
NSMCE3,ZMYM1,1,1
NSMCE3,ZNF3,1,1
RDX,AIG1,1,1
RDX,ANKRD13D,1,1
RDX,GFPT1,1,1
RDX,ZMYM1,1,1
RCC2,ATG5,1,1
RCC2,CCDC47,1,1
RCC2,GLDC,1,1
RCC2,KIRREL,1,1
RCC2,KLHDC2,1,1
RCC2,NELFCD,1,1
RCC2,PABPC4,1,1
RCC2,POLR1A,1,1
RCC2,RAC1,1,1
RCC2,SLC16A1,1,1
RCC2,SYPL1,1,1
RCC2,TMEM38B,1,1
RCC2,ZC3HAV1,1,1
TRIQK,LNX2,1,1
ZNF260,TRIM65,1,1
SEC11C,ZFYVE16,1,1
KIF3C,AKAP9,1,1
KIF3C,CAP1,1,1
KIF3C,GDAP2,1,1
KIF3C,GTF2H1,1,1
KIF3C,PPP1R12B,1,1
KIF3C,RP11-159J3.1,1,1
KIF3C,VAPB,1,1
FAM118A,ABHD12,1,1
FAM118A,ACAN,1,1
FAM118A,ACOT7,1,1
FAM118A,ADAMTS17,1,1
FAM118A,AK6,1,1
FAM118A,AKR7A2,1,1
FAM118A,ANKRD30B,1,1
FAM118A,ARHGEF35,1,1
FAM118A,ASRGL1,1,1
FAM118A,ATAD3B,1,1
FAM118A,ATP11A,1,1
FAM118A,ATP6V0D2,1,1
FAM118A,BICDL1,1,1
FAM118A,BIRC7,1,1
FAM118A,C2ORF69,1,1
FAM118A,CARHSP1,1,1
FAM118A,CDC42,1,1
FAM118A,CHN2,1,1
FAM118A,CPTP,1,1
FAM118A,CRKL,1,1
FAM118A,CSF2RA,1,1
FAM118A,DDRGK1,1,1
FAM118A,DPY19L2P2,1,1
FAM118A,DTX3L,1,1
FAM118A,EARS2,1,1
FAM118A,ECE1,1,1
FAM118A,ECHDC1,1,1
FAM118A,EIF5A2,1,1
FAM118A,ENTPD6,1,1
FAM118A,FAM102B,1,1
FAM118A,FN1,1,1
FAM118A,GCLM,1,1
FAM118A,GDAP2,1,1
FAM118A,GLT8D1,1,1
FAM118A,GNB1L,1,1
FAM118A,GPR157,1,1
FAM118A,HENMT1,1,1
FAM118A,HERC2P8,1,1
FAM118A,HSPA8P9,1,1
FAM118A,IDH3A,1,1
FAM118A,LHX8,1,1
FAM118A,LINS1,1,1
FAM118A,LMF2,1,1
FAM118A,LONRF3,1,1
FAM118A,LPXN,1,1
FAM118A,LRRC47,1,1
FAM118A,MCM3,1,1
FAM118A,MRFAP1,1,1
FAM118A,MTOR,1,1
FAM118A,MUL1,1,1
FAM118A,NBPF8,1,1
FAM118A,NRROS,1,1
FAM118A,PEX26,1,1
FAM118A,PHGDH,1,1
FAM118A,PHTF1,1,1
FAM118A,PIK3R3,1,1
FAM118A,PLEKHA7,1,1
FAM118A,PQLC2,1,1
FAM118A,RBM19,1,1
FAM118A,RBX1,1,1
FAM118A,RCN3,1,1
FAM118A,RP11-159J3.1,1,1
FAM118A,RP11-327P2.7,1,1
FAM118A,RPA2,1,1
FAM118A,RPH3A,1,1
FAM118A,RPL11,1,1
FAM118A,RPS6KA5,1,1
FAM118A,SAMM50,1,1
FAM118A,SCML4,1,1
FAM118A,SLAMF7,1,1
FAM118A,SLC25A33,1,1
FAM118A,SLC37A3,1,1
FAM118A,SNRNP25,1,1
FAM118A,STAT1,1,1
FAM118A,TMC3,1,1
FAM118A,TMEM144,1,1
FAM118A,TMEM201,1,1
FAM118A,TMUB1,1,1
FAM118A,TP73,1,1
FAM118A,TRPV4,1,1
FAM118A,TUB,1,1
FAM118A,UBE2J1,1,1
FAM118A,VAV3,1,1
FAM118A,ZNF503,1,1
FAM118A,ZYG11A,1,1
L3MBTL2,ANKRD30B,1,1
L3MBTL2,ATP6V1C1,1,1
L3MBTL2,GCLM,1,1
L3MBTL2,HMOX1,1,1
L3MBTL2,LINS1,1,1
L3MBTL2,PITHD1,1,1
L3MBTL2,RBM19,1,1
L3MBTL2,SBF1,1,1
L3MBTL2,TGFBR3,1,1
CHN2,ABHD12,1,1
CHN2,ACAN,1,1
CHN2,ACOT7,1,1
CHN2,ADAMTS17,1,1
CHN2,AKR7A2,1,1
CHN2,ANKRD30B,1,1
CHN2,APOL1,1,1
CHN2,ARHGEF35,1,1
CHN2,ARL6IP5,1,1
CHN2,ARPC1A,1,1
CHN2,ASRGL1,1,1
CHN2,ATP11A,1,1
CHN2,ATP6V0D2,1,1
CHN2,BICDL1,1,1
CHN2,BIRC7,1,1
CHN2,CARHSP1,1,1
CHN2,CD36,1,1
CHN2,CD40,1,1
CHN2,CLDN14,1,1
CHN2,CPTP,1,1
CHN2,CSF2RA,1,1
CHN2,DDRGK1,1,1
CHN2,DPY19L2P2,1,1
CHN2,DTNBP1,1,1
CHN2,DTX3L,1,1
CHN2,EIF5A2,1,1
CHN2,ENTPD6,1,1
CHN2,FAM102B,1,1
CHN2,FEZF1,1,1
CHN2,FN1,1,1
CHN2,GDAP2,1,1
CHN2,GPR157,1,1
CHN2,HENMT1,1,1
CHN2,HERC2P8,1,1
CHN2,HSPA8P9,1,1
CHN2,JAK2,1,1
CHN2,LDLRAD3,1,1
CHN2,LHX8,1,1
CHN2,LINS1,1,1
CHN2,LMF2,1,1
CHN2,LONRF3,1,1
CHN2,LPXN,1,1
CHN2,MAPK1,1,1
CHN2,MLXIP,1,1
CHN2,MRFAP1,1,1
CHN2,MTOR,1,1
CHN2,NBPF8,1,1
CHN2,NPAS2,1,1
CHN2,NRROS,1,1
CHN2,PHF13,1,1
CHN2,PHGDH,1,1
CHN2,PHTF1,1,1
CHN2,PIK3R3,1,1
CHN2,PNKD,1,1
CHN2,POLG,1,1
CHN2,RBX1,1,1
CHN2,RCN3,1,1
CHN2,RGS1,1,1
CHN2,RP11-159J3.1,1,1
CHN2,RP11-327P2.7,1,1
CHN2,RPH3A,1,1
CHN2,RPL11,1,1
CHN2,RPS6KA5,1,1
CHN2,SAMM50,1,1
CHN2,SCML4,1,1
CHN2,SERGEF,1,1
CHN2,SLC25A33,1,1
CHN2,SLC37A3,1,1
CHN2,SPP1,1,1
CHN2,SQRDL,1,1
CHN2,STAT1,1,1
CHN2,TESK2,1,1
CHN2,TGFBR3,1,1
CHN2,TMC3,1,1
CHN2,TMEM51,1,1
CHN2,TMUB1,1,1
CHN2,TP73,1,1
CHN2,TRPV4,1,1
CHN2,TUB,1,1
CHN2,TXN2,1,1
CHN2,UBE2J1,1,1
CHN2,VAPB,1,1
CHN2,VAV3,1,1
CHN2,WDR47,1,1
CHN2,ZNF503,1,1
CHN2,ZYG11A,1,1
ZDHHC8,MKNK1,1,1
ZDHHC8,TMEM135,1,1
ZDHHC8,TMEM246,1,1
EYA1,AIM1,1,1
EYA1,ALDH1B1,1,1
EYA1,ARMC10,1,1
EYA1,B3GALT6,1,1
EYA1,CANX,1,1
EYA1,CASP8,1,1
EYA1,CMAS,1,1
EYA1,ENO1,1,1
EYA1,FAM86DP,1,1
EYA1,FOXN2,1,1
EYA1,FZD6,1,1
EYA1,GLDC,1,1
EYA1,IGF2BP3,1,1
EYA1,KIRREL,1,1
EYA1,LRP12,1,1
EYA1,LRWD1,1,1
EYA1,MRFAP1L1,1,1
EYA1,NCKAP1,1,1
EYA1,SLC16A1,1,1
EYA1,TMEM38B,1,1
ARL 16.00,TRIM65,1,1
SLC35E3,ALDH1B1,1,1
SLC35E3,EIF3D,1,1
SLC35E3,ENO1,1,1
SLC35E3,FOXN2,1,1
SLC35E3,KLHDC3,1,1
SLC35E3,LRRC37A2,1,1
SLC35E3,NCKAP1,1,1
SLC35E3,TBRG1,1,1
PRDM2,AC013264.1,1,1
PRDM2,ARPC1A,1,1
PRDM2,ATF7IP,1,1
PRDM2,ATP6V1C1,1,1
PRDM2,ATP6V1F,1,1
PRDM2,ATP7B,1,1
PRDM2,C7ORF49,1,1
PRDM2,CA8,1,1
PRDM2,CBX5,1,1
PRDM2,CCDC115,1,1
PRDM2,CCDC36,1,1
PRDM2,CD40,1,1
PRDM2,CDK5R1,1,1
PRDM2,CLSTN1,1,1
PRDM2,CTD-3214H19.4,1,1
PRDM2,DET1,1,1
PRDM2,DPCD,1,1
PRDM2,DTNBP1,1,1
PRDM2,EVA1A,1,1
PRDM2,FAM20C,1,1
PRDM2,GPD1L,1,1
PRDM2,GUCD1,1,1
PRDM2,HPS5,1,1
PRDM2,LZIC,1,1
PRDM2,MAP9,1,1
PRDM2,MCOLN3,1,1
PRDM2,MESDC1,1,1
PRDM2,MLF 2.00,1,1
PRDM2,MRPL58,1,1
PRDM2,MTA1,1,1
PRDM2,NADK,1,1
PRDM2,NAGA,1,1
PRDM2,OAT,1,1
PRDM2,PEX10,1,1
PRDM2,PITHD1,1,1
PRDM2,PYCARD,1,1
PRDM2,RAB11FIP4,1,1
PRDM2,RBBP4,1,1
PRDM2,RHOQ,1,1
PRDM2,RMND1,1,1
PRDM2,SBF1,1,1
PRDM2,SLC37A3,1,1
PRDM2,SLC44A3,1,1
PRDM2,SNX8,1,1
PRDM2,SPECC1,1,1
PRDM2,SPSB1,1,1
PRDM2,STXBP2,1,1
PRDM2,TGFBR3,1,1
PRDM2,TMEM51,1,1
PRDM2,TPRG1L,1,1
PRDM2,USP48,1,1
PRDM2,VCP,1,1
PHF13,CHRNA7,1,1
PHF13,CSF2RA,1,1
PHF13,EIF5A2,1,1
PHF13,FN1,1,1
PHF13,MLLT4,1,1
PHF13,NBPF8,1,1
PHF13,PHTF1,1,1
PHF13,UBE2J1,1,1
PHF13,ZNF503,1,1
BCAS3,AK2,1,1
BCAS3,ALAS1,1,1
BCAS3,ALKBH6,1,1
BCAS3,ARHGEF39,1,1
BCAS3,ATXN7L3B,1,1
BCAS3,C11ORF57,1,1
BCAS3,C1ORF112,1,1
BCAS3,CARD14,1,1
BCAS3,CARD16,1,1
BCAS3,CEP41,1,1
BCAS3,CGN,1,1
BCAS3,CHEK2,1,1
BCAS3,DDOST,1,1
BCAS3,DDT,1,1
BCAS3,DYNC1I1,1,1
BCAS3,EYA4,1,1
BCAS3,FAM167B,1,1
BCAS3,FBXO6,1,1
BCAS3,FOXRED2,1,1
BCAS3,GDPD1,1,1
BCAS3,GFPT1,1,1
BCAS3,GPR157,1,1
BCAS3,HEY1,1,1
BCAS3,IMMP2L,1,1
BCAS3,ITGAV,1,1
BCAS3,KDELC1,1,1
BCAS3,L3MBTL4,1,1
BCAS3,LAMP2,1,1
BCAS3,LPXN,1,1
BCAS3,MFN2,1,1
BCAS3,MLLT4,1,1
BCAS3,MRPS5,1,1
BCAS3,MSL3P1,1,1
BCAS3,NUDCD3,1,1
BCAS3,PANX2,1,1
BCAS3,PDCD6,1,1
BCAS3,RNF43,1,1
BCAS3,SDF4,1,1
BCAS3,SH3BP1,1,1
BCAS3,SLC25A13,1,1
BCAS3,SNX17,1,1
BCAS3,SORL1,1,1
BCAS3,STPG1,1,1
BCAS3,STRIP2,1,1
BCAS3,TESK2,1,1
BCAS3,TMED9,1,1
BCAS3,TMEM242,1,1
BCAS3,WASL,1,1
BCAS3,ZC3HC1,1,1
BCAS3,ZMYM1,1,1
GFPT1,AIG1,1,1
GFPT1,AK2,1,1
GFPT1,ANKRD13D,1,1
GFPT1,ARHGEF39,1,1
GFPT1,ATXN7L3,1,1
GFPT1,ATXN7L3B,1,1
GFPT1,C11ORF57,1,1
GFPT1,C1ORF112,1,1
GFPT1,CAPZA2,1,1
GFPT1,CARD14,1,1
GFPT1,CASP8,1,1
GFPT1,CEP41,1,1
GFPT1,CHEK2,1,1
GFPT1,CMAS,1,1
GFPT1,DDOST,1,1
GFPT1,DYNC1I1,1,1
GFPT1,EYA4,1,1
GFPT1,FZD6,1,1
GFPT1,GDPD1,1,1
GFPT1,HEY1,1,1
GFPT1,ITGAV,1,1
GFPT1,KDELC1,1,1
GFPT1,L3MBTL4,1,1
GFPT1,LRP12,1,1
GFPT1,MRPS5,1,1
GFPT1,NUDCD3,1,1
GFPT1,NUP43,1,1
GFPT1,PANX2,1,1
GFPT1,PDCD6,1,1
GFPT1,PPFIBP1,1,1
GFPT1,PXDN,1,1
GFPT1,RNF43,1,1
GFPT1,RPN2,1,1
GFPT1,SDF4,1,1
GFPT1,SLC25A13,1,1
GFPT1,SNX17,1,1
GFPT1,SORL1,1,1
GFPT1,STRIP2,1,1
GFPT1,SYPL1,1,1
GFPT1,TBCA,1,1
GFPT1,TEAD2,1,1
GFPT1,TMED9,1,1
GFPT1,TMEM242,1,1
GFPT1,WASL,1,1
GFPT1,ZC3HC1,1,1
GFPT1,ZMYM1,1,1
ZMYM1,AIG1,1,1
ZMYM1,AK2,1,1
ZMYM1,ALDH1B1,1,1
ZMYM1,ARHGEF39,1,1
ZMYM1,ATXN7L3,1,1
ZMYM1,ATXN7L3B,1,1
ZMYM1,BAIAP2L2,1,1
ZMYM1,C1ORF112,1,1
ZMYM1,CAPZA2,1,1
ZMYM1,CHEK2,1,1
ZMYM1,CMAS,1,1
ZMYM1,DDOST,1,1
ZMYM1,DYNC1I1,1,1
ZMYM1,EYA4,1,1
ZMYM1,FZD6,1,1
ZMYM1,GLDC,1,1
ZMYM1,HEY1,1,1
ZMYM1,ITGAV,1,1
ZMYM1,KDELC1,1,1
ZMYM1,KIRREL,1,1
ZMYM1,L3MBTL4,1,1
ZMYM1,LRP12,1,1
ZMYM1,MRPS5,1,1
ZMYM1,NUDCD3,1,1
ZMYM1,NUP43,1,1
ZMYM1,PANX2,1,1
ZMYM1,PDCD6,1,1
ZMYM1,PHF2,1,1
ZMYM1,PPFIBP1,1,1
ZMYM1,RNF43,1,1
ZMYM1,RPN2,1,1
ZMYM1,RRP7BP,1,1
ZMYM1,RTCB,1,1
ZMYM1,SDF4,1,1
ZMYM1,SLC25A13,1,1
ZMYM1,SORL1,1,1
ZMYM1,SYPL1,1,1
ZMYM1,TBCA,1,1
ZMYM1,TEAD2,1,1
ZMYM1,TMED9,1,1
ZMYM1,TMEM242,1,1
ZMYM1,ZC3HC1,1,1
ZMYM1,ZNF3,1,1
RAB13,AFAP1,1,1
RAB13,RBM48,1,1
GSR,APITD1,1,1
GSR,ATP6V0B,1,1
GSR,AURKAIP1,1,1
GSR,BCAS2,1,1
GSR,COQ10B,1,1
GSR,CSDE1,1,1
GSR,EIF3D,1,1
GSR,GET4,1,1
GSR,GTPBP10,1,1
GSR,GXYLT1,1,1
GSR,LRRC37A2,1,1
GSR,MRPL38,1,1
GSR,MTFP1,1,1
GSR,NCKAP1,1,1
GSR,NIPAL3,1,1
GSR,NUP50,1,1
GSR,PYGB,1,1
GSR,RTCB,1,1
GSR,SHQ1,1,1
GSR,STOML2,1,1
GSR,TMF1,1,1
GSR,WDR77,1,1
CA8,AC013264.1,1,1
CA8,ARHGEF35,1,1
CA8,ARPC1A,1,1
CA8,ATP11A,1,1
CA8,ATP6V1C1,1,1
CA8,CCDC115,1,1
CA8,CCDC36,1,1
CA8,CD40,1,1
CA8,CDC42,1,1
CA8,DTNBP1,1,1
CA8,FAM102B,1,1
CA8,GUCD1,1,1
CA8,HPS5,1,1
CA8,LDLRAD3,1,1
CA8,LZIC,1,1
CA8,MAPK1,1,1
CA8,MED15,1,1
CA8,MESDC1,1,1
CA8,MLXIP,1,1
CA8,MRPS33,1,1
CA8,MTOR,1,1
CA8,NADK,1,1
CA8,NAV2,1,1
CA8,OAT,1,1
CA8,PNKD,1,1
CA8,RAB11FIP4,1,1
CA8,RBBP4,1,1
CA8,RHOQ,1,1
CA8,SAMM50,1,1
CA8,SBF1,1,1
CA8,SLC37A3,1,1
CA8,SLC44A3,1,1
CA8,SNX8,1,1
CA8,SPSB1,1,1
CA8,TESK2,1,1
CA8,TGFBR3,1,1
CA8,TMEM51,1,1
CA8,USP48,1,1
SPSB1,AC013264.1,1,1
SPSB1,ARPC1A,1,1
SPSB1,ATP6V1F,1,1
SPSB1,ATP7B,1,1
SPSB1,CBX5,1,1
SPSB1,CCDC115,1,1
SPSB1,CDK5R1,1,1
SPSB1,CEP131,1,1
SPSB1,CLSTN1,1,1
SPSB1,CREB3,1,1
SPSB1,CTD-3214H19.4,1,1
SPSB1,DET1,1,1
SPSB1,DTNBP1,1,1
SPSB1,EVA1A,1,1
SPSB1,FAM219A,1,1
SPSB1,GPD1L,1,1
SPSB1,GUCD1,1,1
SPSB1,HPS5,1,1
SPSB1,MAPK1,1,1
SPSB1,MCOLN3,1,1
SPSB1,MED15,1,1
SPSB1,MESDC1,1,1
SPSB1,NADK,1,1
SPSB1,PEX10,1,1
SPSB1,PITHD1,1,1
SPSB1,PNKD,1,1
SPSB1,POLG,1,1
SPSB1,RAB11FIP4,1,1
SPSB1,RHOQ,1,1
SPSB1,SBF1,1,1
SPSB1,SLC23A2,1,1
SPSB1,SLC37A3,1,1
SPSB1,SLC44A3,1,1
SPSB1,SNX8,1,1
SPSB1,TGFBR3,1,1
SPSB1,TMEM51,1,1
SPSB1,TPRG1L,1,1
SPSB1,USP48,1,1
SPSB1,VCP,1,1
SPSB1,ZNF814,1,1
STAT1,ABHD12,1,1
STAT1,ACAN,1,1
STAT1,ACOT7,1,1
STAT1,ADAMTS17,1,1
STAT1,ANKRD30B,1,1
STAT1,APOL1,1,1
STAT1,ARHGEF35,1,1
STAT1,ASRGL1,1,1
STAT1,ATAD3B,1,1
STAT1,ATP11A,1,1
STAT1,ATP6V0D2,1,1
STAT1,BICDL1,1,1
STAT1,BIRC7,1,1
STAT1,CD36,1,1
STAT1,CD40,1,1
STAT1,CLDN14,1,1
STAT1,CPTP,1,1
STAT1,CSF2RA,1,1
STAT1,DDRGK1,1,1
STAT1,DPY19L2P2,1,1
STAT1,DTX3L,1,1
STAT1,EIF5AL1,1,1
STAT1,ENTPD6,1,1
STAT1,FAM102B,1,1
STAT1,FEZF1,1,1
STAT1,FN1,1,1
STAT1,HENMT1,1,1
STAT1,HERC2P8,1,1
STAT1,HSPA8P9,1,1
STAT1,LDLRAD3,1,1
STAT1,LHX8,1,1
STAT1,LINS1,1,1
STAT1,LMF2,1,1
STAT1,LONRF3,1,1
STAT1,MLXIP,1,1
STAT1,MME,1,1
STAT1,MYB,1,1
STAT1,NBPF8,1,1
STAT1,PHGDH,1,1
STAT1,PIK3R3,1,1
STAT1,PIM3,1,1
STAT1,RBX1,1,1
STAT1,RCN3,1,1
STAT1,RGS1,1,1
STAT1,RP11-327P2.7,1,1
STAT1,RPA2,1,1
STAT1,RPH3A,1,1
STAT1,RPL11,1,1
STAT1,RPS6KA5,1,1
STAT1,SAMM50,1,1
STAT1,SCML4,1,1
STAT1,SLAMF7,1,1
STAT1,SLC25A33,1,1
STAT1,SLC37A3,1,1
STAT1,TANGO6,1,1
STAT1,TMC3,1,1
STAT1,TMUB1,1,1
STAT1,TP73,1,1
STAT1,TUB,1,1
STAT1,UBE2J1,1,1
STAT1,VAV3,1,1
STAT1,ZC3H4,1,1
STAT1,ZNF503,1,1
STAT1,ZYG11A,1,1
USP48,AC013264.1,1,1
USP48,AGAP3,1,1
USP48,AGL,1,1
USP48,AKR7A2,1,1
USP48,ARPC1A,1,1
USP48,ATF7IP,1,1
USP48,ATP6V1C1,1,1
USP48,ATP6V1F,1,1
USP48,C7ORF49,1,1
USP48,CBX5,1,1
USP48,CCDC115,1,1
USP48,CDC42,1,1
USP48,CDK5R1,1,1
USP48,CEP131,1,1
USP48,CLSTN1,1,1
USP48,DTNBP1,1,1
USP48,EVA1A,1,1
USP48,GALNS,1,1
USP48,GUCD1,1,1
USP48,HPS5,1,1
USP48,IGF1R,1,1
USP48,JAK2,1,1
USP48,LAMP2,1,1
USP48,LAMTOR5,1,1
USP48,LDLRAD3,1,1
USP48,LMF2,1,1
USP48,LZIC,1,1
USP48,MAP9,1,1
USP48,MAPK1,1,1
USP48,MCOLN3,1,1
USP48,MED15,1,1
USP48,MESDC1,1,1
USP48,METRNL,1,1
USP48,MLXIP,1,1
USP48,MRPL58,1,1
USP48,MTA1,1,1
USP48,MTOR,1,1
USP48,NADK,1,1
USP48,NAGA,1,1
USP48,NT5DC1,1,1
USP48,PEX10,1,1
USP48,PITHD1,1,1
USP48,PNKD,1,1
USP48,POLG,1,1
USP48,PSEN2,1,1
USP48,RAB11FIP4,1,1
USP48,RHOQ,1,1
USP48,RMND1,1,1
USP48,RRBP1,1,1
USP48,SBF1,1,1
USP48,SLC23A2,1,1
USP48,SLC37A3,1,1
USP48,SLC44A3,1,1
USP48,SNX8,1,1
USP48,SPECC1,1,1
USP48,ST7,1,1
USP48,TESK2,1,1
USP48,TGFBR3,1,1
USP48,TMEM51,1,1
USP48,TRIM14,1,1
USP48,VCP,1,1
USP48,ZFYVE16,1,1
USP48,ZNF814,1,1
AK6,ATAD3B,1,1
AK6,ECE1,1,1
AK6,FBXO34,1,1
AK6,FN1,1,1
AK6,GNB1L,1,1
AK6,KDM5A,1,1
AK6,LPXN,1,1
AK6,MCM3,1,1
AK6,RPA2,1,1
AK6,SEPT8,1,1
AK6,SNRNP25,1,1
AK6,TMEM201,1,1
AK6,TRMU,1,1
C11ORF57,ALKBH6,1,1
C11ORF57,ARHGEF39,1,1
C11ORF57,ATXN7L3B,1,1
C11ORF57,CARD14,1,1
C11ORF57,CARD16,1,1
C11ORF57,DYNC1I1,1,1
C11ORF57,FBXO6,1,1
C11ORF57,GDPD1,1,1
C11ORF57,KDELC1,1,1
C11ORF57,L3MBTL4,1,1
C11ORF57,MSL3P1,1,1
C11ORF57,PANX2,1,1
C11ORF57,PDCD6,1,1
C11ORF57,PXDN,1,1
C11ORF57,RNF207,1,1
C11ORF57,RNF43,1,1
C11ORF57,SDF4,1,1
C11ORF57,SLC25A13,1,1
C11ORF57,SNX17,1,1
C11ORF57,SORL1,1,1
C11ORF57,STRIP2,1,1
C11ORF57,TMED9,1,1
C11ORF57,TMEM242,1,1
AK2,AGAP1,1,1
AK2,ALDH1B1,1,1
AK2,ANAPC7,1,1
AK2,ARHGEF39,1,1
AK2,ARL 3.00,1,1
AK2,ATG5,1,1
AK2,ATXN7L3B,1,1
AK2,B3GALT6,1,1
AK2,BAIAP2L2,1,1
AK2,C1ORF112,1,1
AK2,CAPZA2,1,1
AK2,CASP8,1,1
AK2,CEP41,1,1
AK2,CHEK2,1,1
AK2,CMAS,1,1
AK2,CSDE1,1,1
AK2,DDOST,1,1
AK2,ECE1,1,1
AK2,ENO1,1,1
AK2,EYA4,1,1
AK2,FOXRED2,1,1
AK2,FZD6,1,1
AK2,GLDC,1,1
AK2,GNB1L,1,1
AK2,GPR157,1,1
AK2,HEY1,1,1
AK2,IGF2BP3,1,1
AK2,ITGAV,1,1
AK2,KDELC1,1,1
AK2,KIRREL,1,1
AK2,KLHDC2,1,1
AK2,L3MBTL4,1,1
AK2,LPXN,1,1
AK2,LRP12,1,1
AK2,MFN2,1,1
AK2,MLLT4,1,1
AK2,MSL3P1,1,1
AK2,NELFCD,1,1
AK2,NIPAL3,1,1
AK2,NRROS,1,1
AK2,NUDCD3,1,1
AK2,NUP43,1,1
AK2,PANX2,1,1
AK2,PPFIBP1,1,1
AK2,PXDN,1,1
AK2,RBM28,1,1
AK2,RNF207,1,1
AK2,RNF43,1,1
AK2,RPN2,1,1
AK2,RRP7BP,1,1
AK2,RTCB,1,1
AK2,SDF4,1,1
AK2,SH3BP1,1,1
AK2,SLC16A1,1,1
AK2,SLC25A13,1,1
AK2,SNX17,1,1
AK2,SORL1,1,1
AK2,STK17B,1,1
AK2,STRIP2,1,1
AK2,SYPL1,1,1
AK2,TBCA,1,1
AK2,TEAD2,1,1
AK2,TMED9,1,1
AK2,TMEM242,1,1
AK2,TMEM38B,1,1
AK2,TMF1,1,1
AK2,TRABD,1,1
AK2,TRMU,1,1
AK2,WASL,1,1
AK2,WDR77,1,1
AK2,ZC3HAV1,1,1
AK2,ZC3HC1,1,1
C7ORF50,AIG1,1,1
C7ORF50,ALDH1B1,1,1
C7ORF50,ARL 3.00,1,1
C7ORF50,CHCHD2,1,1
C7ORF50,CMAS,1,1
C7ORF50,EIF3D,1,1
C7ORF50,ENO1,1,1
C7ORF50,FAM86DP,1,1
C7ORF50,METAP1D,1,1
C7ORF50,MIF,1,1
C7ORF50,MRFAP1L1,1,1
C7ORF50,NCKAP1,1,1
C7ORF50,PHF2,1,1
C7ORF50,PNMA1,1,1
C7ORF50,PXDN,1,1
C7ORF50,RBSN,1,1
C7ORF50,RPN2,1,1
C7ORF50,TBRG1,1,1
C7ORF50,ZNF75A,1,1
SARS,GDPD1,1,1
SARS,NUDCD3,1,1
SARS,SNX17,1,1
RHOQ,AC013264.1,1,1
RHOQ,ARPC1A,1,1
RHOQ,ATP6V1C1,1,1
RHOQ,ATP7B,1,1
RHOQ,CCDC115,1,1
RHOQ,CDK5R1,1,1
RHOQ,CLSTN1,1,1
RHOQ,CREB3,1,1
RHOQ,CTD-3214H19.4,1,1
RHOQ,DET1,1,1
RHOQ,DTNBP1,1,1
RHOQ,EVA1A,1,1
RHOQ,FAM219A,1,1
RHOQ,GUCD1,1,1
RHOQ,HPS5,1,1
RHOQ,KIAA1033,1,1
RHOQ,LZIC,1,1
RHOQ,MCOLN3,1,1
RHOQ,MLF 2.00,1,1
RHOQ,MRPL58,1,1
RHOQ,MRPS33,1,1
RHOQ,NAGA,1,1
RHOQ,NAV2,1,1
RHOQ,OAT,1,1
RHOQ,PPT2,1,1
RHOQ,PYCARD,1,1
RHOQ,RAB11FIP4,1,1
RHOQ,RBBP4,1,1
RHOQ,RMND1,1,1
RHOQ,SBF1,1,1
RHOQ,SLC37A3,1,1
RHOQ,SLC44A3,1,1
RHOQ,SNX8,1,1
RHOQ,STXBP2,1,1
RHOQ,TGFBR3,1,1
RHOQ,TMEM51,1,1
RHOQ,TPRG1L,1,1
RHOQ,ZNF814,1,1
TMEM68,ARL6IP5,1,1
TMEM68,PEX26,1,1
NAPB,BAK1,1,1
NAPB,CARD8,1,1
NAPB,STXBP2,1,1
NAPB,TTC21B,1,1
USP32,FAM167B,1,1
USP32,FBXO6,1,1
USP32,GAB2,1,1
USP32,HPS5,1,1
USP32,MED15,1,1
USP32,PNKD,1,1
USP32,POT1,1,1
NPAS2,ACAN,1,1
NPAS2,ACOT7,1,1
NPAS2,ADAMTS17,1,1
NPAS2,APITD1,1,1
NPAS2,APOL1,1,1
NPAS2,ARL6IP5,1,1
NPAS2,ARMC10,1,1
NPAS2,ATP6V0D2,1,1
NPAS2,B3GALT6,1,1
NPAS2,BCAS2,1,1
NPAS2,BICDL1,1,1
NPAS2,BMP8B,1,1
NPAS2,C2ORF69,1,1
NPAS2,CAPZA2,1,1
NPAS2,CARHSP1,1,1
NPAS2,CHRNA7,1,1
NPAS2,COQ10B,1,1
NPAS2,CSDE1,1,1
NPAS2,CSF2RA,1,1
NPAS2,DDOST,1,1
NPAS2,DDT,1,1
NPAS2,DTX3L,1,1
NPAS2,ECE1,1,1
NPAS2,EYA4,1,1
NPAS2,FEZF1,1,1
NPAS2,FN1,1,1
NPAS2,GNB1L,1,1
NPAS2,GPR157,1,1
NPAS2,GTPBP10,1,1
NPAS2,GXYLT1,1,1
NPAS2,HERC2P8,1,1
NPAS2,HEY1,1,1
NPAS2,LPXN,1,1
NPAS2,LYPLA2,1,1
NPAS2,MLLT4,1,1
NPAS2,MRFAP1,1,1
NPAS2,MTFP1,1,1
NPAS2,NBPF8,1,1
NPAS2,NEPRO,1,1
NPAS2,NRROS,1,1
NPAS2,NUP50,1,1
NPAS2,PHTF1,1,1
NPAS2,PLCB4,1,1
NPAS2,PYGB,1,1
NPAS2,RLBP1,1,1
NPAS2,RNF19A,1,1
NPAS2,SCML4,1,1
NPAS2,SERGEF,1,1
NPAS2,SHQ1,1,1
NPAS2,SNRNP25,1,1
NPAS2,SPP1,1,1
NPAS2,STK17B,1,1
NPAS2,STOML2,1,1
NPAS2,TMEM144,1,1
NPAS2,TMEM201,1,1
NPAS2,TMF1,1,1
NPAS2,TMUB1,1,1
NPAS2,TP73,1,1
NPAS2,TRPV4,1,1
NPAS2,VAV3,1,1
NPAS2,ZNF503,1,1
TPRG1L,AC009133.22,1,1
TPRG1L,ATP7B,1,1
TPRG1L,C20ORF194,1,1
TPRG1L,CARD8,1,1
TPRG1L,CCDC115,1,1
TPRG1L,CDK5R1,1,1
TPRG1L,CLSTN1,1,1
TPRG1L,CREB3,1,1
TPRG1L,CTD-3214H19.4,1,1
TPRG1L,DET1,1,1
TPRG1L,EVA1A,1,1
TPRG1L,FAM161A,1,1
TPRG1L,FAM219A,1,1
TPRG1L,GPD1L,1,1
TPRG1L,MCOLN3,1,1
TPRG1L,MLF 2.00,1,1
TPRG1L,NHEJ1,1,1
TPRG1L,PER3,1,1
TPRG1L,PPM1K,1,1
TPRG1L,PPT2,1,1
TPRG1L,PYCARD,1,1
TPRG1L,RAB11FIP4,1,1
TPRG1L,RBBP4,1,1
TPRG1L,SLC44A3,1,1
TPRG1L,SNX8,1,1
TPRG1L,SOX13,1,1
TPRG1L,STIM1,1,1
TPRG1L,STXBP2,1,1
AGAP3,ARPC1A,1,1
AGAP3,ATP6V1F,1,1
AGAP3,CDC26,1,1
AGAP3,CEP131,1,1
AGAP3,FAM167B,1,1
AGAP3,GALNS,1,1
AGAP3,HPS5,1,1
AGAP3,HTRA1,1,1
AGAP3,IGF1R,1,1
AGAP3,JAK2,1,1
AGAP3,LAMP2,1,1
AGAP3,LAMTOR5,1,1
AGAP3,MAPK1,1,1
AGAP3,MESDC1,1,1
AGAP3,METRNL,1,1
AGAP3,MRPL58,1,1
AGAP3,NADK,1,1
AGAP3,NT5DC1,1,1
AGAP3,PEX10,1,1
AGAP3,PSEN2,1,1
AGAP3,RRBP1,1,1
AGAP3,SLC23A2,1,1
AGAP3,ST7,1,1
AGAP3,TESK2,1,1
AGAP3,TMEM51,1,1
AGAP3,TRIM14,1,1
AGAP3,VCP,1,1
UBE2E2,ANAPC7,1,1
UBE2E2,GLT8D1,1,1
UBE2E2,PQLC2,1,1
UBE2E2,TMEM201,1,1
SNX17,ALKBH6,1,1
SNX17,ARHGEF39,1,1
SNX17,ATXN7L3B,1,1
SNX17,CARD14,1,1
SNX17,CARD16,1,1
SNX17,CGN,1,1
SNX17,CHEK2,1,1
SNX17,DDOST,1,1
SNX17,DDT,1,1
SNX17,DYNC1I1,1,1
SNX17,EYA4,1,1
SNX17,FBXO6,1,1
SNX17,GDPD1,1,1
SNX17,GPR157,1,1
SNX17,HEY1,1,1
SNX17,IMMP2L,1,1
SNX17,KDELC1,1,1
SNX17,L3MBTL4,1,1
SNX17,NIPAL3,1,1
SNX17,NUDCD3,1,1
SNX17,PANX2,1,1
SNX17,RNF43,1,1
SNX17,SDF4,1,1
SNX17,SH3BP1,1,1
SNX17,SLC25A13,1,1
SNX17,SORL1,1,1
SNX17,STPG1,1,1
SNX17,STRIP2,1,1
SNX17,TMED9,1,1
SNX17,TMEM242,1,1
SNX17,ZC3HC1,1,1
ZC3HAV1,CAPZA2,1,1
ZC3HAV1,CCDC47,1,1
ZC3HAV1,EVL,1,1
ZC3HAV1,GLDC,1,1
ZC3HAV1,ISCA2,1,1
ZC3HAV1,NELFCD,1,1
ZC3HAV1,PPFIBP1,1,1
ZC3HAV1,RAC1,1,1
ZC3HAV1,SFT2D2,1,1
ZC3HAV1,SUCO,1,1
ZC3HAV1,SYPL1,1,1
ZC3HAV1,TBCA,1,1
ZC3HAV1,UBXN8,1,1
ZC3HAV1,WASL,1,1
ACOT7,ABHD12,1,1
ACOT7,ACAN,1,1
ACOT7,ADAMTS17,1,1
ACOT7,AKR7A2,1,1
ACOT7,ANAPC5,1,1
ACOT7,ANKRD30B,1,1
ACOT7,APITD1,1,1
ACOT7,APOL1,1,1
ACOT7,ARHGEF35,1,1
ACOT7,ARL6IP5,1,1
ACOT7,ASRGL1,1,1
ACOT7,ATAD3B,1,1
ACOT7,ATP11A,1,1
ACOT7,ATP6V0D2,1,1
ACOT7,BICDL1,1,1
ACOT7,BIRC7,1,1
ACOT7,BMP8B,1,1
ACOT7,C2ORF69,1,1
ACOT7,CARHSP1,1,1
ACOT7,CGN,1,1
ACOT7,CLDN14,1,1
ACOT7,CPTP,1,1
ACOT7,CSDE1,1,1
ACOT7,CSF2RA,1,1
ACOT7,DDOST,1,1
ACOT7,DDRGK1,1,1
ACOT7,DDT,1,1
ACOT7,DPY19L2P2,1,1
ACOT7,DTNBP1,1,1
ACOT7,DTX3L,1,1
ACOT7,ECE1,1,1
ACOT7,EIF5A2,1,1
ACOT7,ENTPD6,1,1
ACOT7,FAM102B,1,1
ACOT7,FEZF1,1,1
ACOT7,FN1,1,1
ACOT7,GCLM,1,1
ACOT7,GDAP2,1,1
ACOT7,GGH,1,1
ACOT7,GNB1L,1,1
ACOT7,GPR157,1,1
ACOT7,GXYLT1,1,1
ACOT7,HENMT1,1,1
ACOT7,HERC2P8,1,1
ACOT7,HEY1,1,1
ACOT7,HSPA8P9,1,1
ACOT7,IDH3A,1,1
ACOT7,IMMP2L,1,1
ACOT7,L3MBTL4,1,1
ACOT7,LHX8,1,1
ACOT7,LONRF3,1,1
ACOT7,LPXN,1,1
ACOT7,LRRC47,1,1
ACOT7,LYPLA2,1,1
ACOT7,MCM3,1,1
ACOT7,MFN2,1,1
ACOT7,MGAM,1,1
ACOT7,MLLT4,1,1
ACOT7,MLXIP,1,1
ACOT7,MRFAP1,1,1
ACOT7,MTFP1,1,1
ACOT7,MTOR,1,1
ACOT7,MUL1,1,1
ACOT7,NBPF8,1,1
ACOT7,NEPRO,1,1
ACOT7,NRROS,1,1
ACOT7,PEX26,1,1
ACOT7,PHGDH,1,1
ACOT7,PHTF1,1,1
ACOT7,PIK3R3,1,1
ACOT7,PLCB4,1,1
ACOT7,PLEKHA7,1,1
ACOT7,PNKD,1,1
ACOT7,POLE4,1,1
ACOT7,PTTG1,1,1
ACOT7,PYGB,1,1
ACOT7,RBM19,1,1
ACOT7,RBX1,1,1
ACOT7,RCN3,1,1
ACOT7,RLBP1,1,1
ACOT7,RNF19A,1,1
ACOT7,RP11-159J3.1,1,1
ACOT7,RP11-327P2.7,1,1
ACOT7,RPH3A,1,1
ACOT7,RPL11,1,1
ACOT7,RPS6KA5,1,1
ACOT7,RTFDC1,1,1
ACOT7,SAMM50,1,1
ACOT7,SCML4,1,1
ACOT7,SERGEF,1,1
ACOT7,SLAMF7,1,1
ACOT7,SLC25A33,1,1
ACOT7,SNRNP25,1,1
ACOT7,TMC3,1,1
ACOT7,TMEM144,1,1
ACOT7,TMEM201,1,1
ACOT7,TMF1,1,1
ACOT7,TMUB1,1,1
ACOT7,TP73,1,1
ACOT7,TRPV4,1,1
ACOT7,TUB,1,1
ACOT7,TXN2,1,1
ACOT7,UBE2J1,1,1
ACOT7,VAPB,1,1
ACOT7,VAV3,1,1
ACOT7,WDR47,1,1
ACOT7,ZNF503,1,1
ACOT7,ZYG11A,1,1
SMARCB1,CLDN14,1,1
SMARCB1,IDH3B,1,1
SMARCB1,LRRC47,1,1
SMARCB1,NCAPH2,1,1
SMARCB1,POLE4,1,1
SMARCB1,RTFDC1,1,1
SMARCB1,SLAMF7,1,1
SMARCB1,SMG9,1,1
SMARCB1,ZNHIT3,1,1
BMPR1B,ALDH1B1,1,1
BMPR1B,APITD1,1,1
BMPR1B,ARHGAP18,1,1
BMPR1B,ARHGEF17,1,1
BMPR1B,CHEK2,1,1
BMPR1B,DDOST,1,1
BMPR1B,DDT,1,1
BMPR1B,EYA4,1,1
BMPR1B,GGH,1,1
BMPR1B,KLHDC2,1,1
BMPR1B,KLHDC3,1,1
BMPR1B,MCM3,1,1
BMPR1B,MTFP1,1,1
BMPR1B,NUP43,1,1
BMPR1B,ORC5,1,1
BMPR1B,PI4KB,1,1
BMPR1B,RPN2,1,1
BMPR1B,RTCB,1,1
BMPR1B,STK17B,1,1
BMPR1B,TRMU,1,1
BMPR1B,TSPYL4,1,1
KIAA1033,AKAP9,1,1
KIAA1033,CCDC115,1,1
KIAA1033,CDK5R1,1,1
KIAA1033,COMMD9,1,1
KIAA1033,CTD-3214H19.4,1,1
KIAA1033,FAM189B,1,1
KIAA1033,GTF2H1,1,1
KIAA1033,MCOLN3,1,1
KIAA1033,MVB12B,1,1
KIAA1033,NAV2,1,1
KIAA1033,OAT,1,1
KIAA1033,PER3,1,1
KIAA1033,PPT2,1,1
KIAA1033,PYCARD,1,1
KIAA1033,RAB11FIP4,1,1
KIAA1033,RBBP4,1,1
KIAA1033,RNF145,1,1
KIAA1033,SLC44A3,1,1
KIAA1033,SNX8,1,1
KIAA1033,STIM1,1,1
KIAA1033,STXBP2,1,1
ZNF789,EIF5AL1,1,1
ZNF789,LAMTOR5,1,1
ZNF789,LMF2,1,1
ZNF789,PEX10,1,1
ZNF789,PITHD1,1,1
ZNF789,POLG,1,1
ZNF789,TANGO6,1,1
CRKL,ACAN,1,1
CRKL,ANKRD30B,1,1
CRKL,ASRGL1,1,1
CRKL,ATAD3B,1,1
CRKL,BICDL1,1,1
CRKL,CAP1,1,1
CRKL,CPTP,1,1
CRKL,ECHDC1,1,1
CRKL,ENTPD6,1,1
CRKL,EPS15L1,1,1
CRKL,GCLM,1,1
CRKL,GLT8D1,1,1
CRKL,GXYLT1,1,1
CRKL,IDH3A,1,1
CRKL,LHX8,1,1
CRKL,LONRF3,1,1
CRKL,LRRC47,1,1
CRKL,MCM3,1,1
CRKL,MTERF1,1,1
CRKL,PLEKHB2,1,1
CRKL,POLE4,1,1
CRKL,RBM19,1,1
CRKL,RPS6KA5,1,1
CRKL,SAMM50,1,1
CRKL,SLAMF7,1,1
CRKL,SLC25A33,1,1
CRKL,TMEM144,1,1
CRKL,TMEM201,1,1
CRKL,TP73,1,1
CRKL,TSN,1,1
CRKL,UBE2J1,1,1
CRKL,VAPB,1,1
CRKL,ZNHIT3,1,1
CDK5R1,AC009133.22,1,1
CDK5R1,AC013264.1,1,1
CDK5R1,ATF7IP,1,1
CDK5R1,ATP7B,1,1
CDK5R1,CBX5,1,1
CDK5R1,CCDC115,1,1
CDK5R1,CLSTN1,1,1
CDK5R1,CREB3,1,1
CDK5R1,CTD-3214H19.4,1,1
CDK5R1,DET1,1,1
CDK5R1,EVA1A,1,1
CDK5R1,FAM161A,1,1
CDK5R1,FAM20C,1,1
CDK5R1,GPD1L,1,1
CDK5R1,GUCD1,1,1
CDK5R1,MCOLN3,1,1
CDK5R1,MLF 2.00,1,1
CDK5R1,MRPL58,1,1
CDK5R1,MVB12B,1,1
CDK5R1,NAGA,1,1
CDK5R1,NHEJ1,1,1
CDK5R1,OAT,1,1
CDK5R1,PER3,1,1
CDK5R1,PITHD1,1,1
CDK5R1,PPM1K,1,1
CDK5R1,PPT2,1,1
CDK5R1,PYCARD,1,1
CDK5R1,RAB11FIP4,1,1
CDK5R1,RBBP4,1,1
CDK5R1,SLC44A3,1,1
CDK5R1,SNX8,1,1
CDK5R1,SOX13,1,1
CDK5R1,STIM1,1,1
CDK5R1,STXBP2,1,1
CDK5R1,TRAPPC2,1,1
CASC4,AFAP1,1,1
CASC4,MLF 2.00,1,1
CASC4,SARAF,1,1
CASC4,TRPS1,1,1
TGFBR3,AC013264.1,1,1
TGFBR3,AGL,1,1
TGFBR3,AKR7A2,1,1
TGFBR3,ANKRD30B,1,1
TGFBR3,ARHGEF35,1,1
TGFBR3,ARPC1A,1,1
TGFBR3,ATP11A,1,1
TGFBR3,ATP6V1C1,1,1
TGFBR3,BICDL1,1,1
TGFBR3,BIRC7,1,1
TGFBR3,CBX5,1,1
TGFBR3,CCDC115,1,1
TGFBR3,CCDC36,1,1
TGFBR3,CD40,1,1
TGFBR3,CDC42,1,1
TGFBR3,DDRGK1,1,1
TGFBR3,DPY19L2P2,1,1
TGFBR3,DTNBP1,1,1
TGFBR3,EVA1A,1,1
TGFBR3,FAM102B,1,1
TGFBR3,FAM167B,1,1
TGFBR3,GUCD1,1,1
TGFBR3,HENMT1,1,1
TGFBR3,HMOX1,1,1
TGFBR3,HPS5,1,1
TGFBR3,JAK2,1,1
TGFBR3,LAMTOR5,1,1
TGFBR3,LDLRAD3,1,1
TGFBR3,LINS1,1,1
TGFBR3,LMF2,1,1
TGFBR3,LONRF3,1,1
TGFBR3,LZIC,1,1
TGFBR3,MAPK1,1,1
TGFBR3,MED15,1,1
TGFBR3,MESDC1,1,1
TGFBR3,MLXIP,1,1
TGFBR3,MTOR,1,1
TGFBR3,NADK,1,1
TGFBR3,NBPF8,1,1
TGFBR3,PEX10,1,1
TGFBR3,PHGDH,1,1
TGFBR3,PITHD1,1,1
TGFBR3,PNKD,1,1
TGFBR3,POLG,1,1
TGFBR3,RAB11FIP4,1,1
TGFBR3,RMND1,1,1
TGFBR3,RP11-159J3.1,1,1
TGFBR3,RPL11,1,1
TGFBR3,SAMM50,1,1
TGFBR3,SBF1,1,1
TGFBR3,SLC23A2,1,1
TGFBR3,SLC37A3,1,1
TGFBR3,SLC44A3,1,1
TGFBR3,SNX8,1,1
TGFBR3,SQRDL,1,1
TGFBR3,TESK2,1,1
TGFBR3,TMEM51,1,1
TGFBR3,UBE2J1,1,1
TGFBR3,VAV3,1,1
TGFBR3,VCP,1,1
TGFBR3,WDR47,1,1
TGFBR3,ZNF503,1,1
TGFBR3,ZYG11A,1,1
ARMC10,AIM1,1,1
ARMC10,ALDH1B1,1,1
ARMC10,ATP6V0B,1,1
ARMC10,B3GALT6,1,1
ARMC10,BCAS2,1,1
ARMC10,CAPZA2,1,1
ARMC10,CASP8,1,1
ARMC10,CMAS,1,1
ARMC10,COQ10B,1,1
ARMC10,CSDE1,1,1
ARMC10,EIF3D,1,1
ARMC10,ENO1,1,1
ARMC10,EYA4,1,1
ARMC10,FAM86DP,1,1
ARMC10,FOXN2,1,1
ARMC10,FZD6,1,1
ARMC10,GLS,1,1
ARMC10,GTPBP10,1,1
ARMC10,ID3,1,1
ARMC10,IGF2BP3,1,1
ARMC10,KIRREL,1,1
ARMC10,KLHDC3,1,1
ARMC10,LRP12,1,1
ARMC10,LRRC37A2,1,1
ARMC10,LRWD1,1,1
ARMC10,MRFAP1L1,1,1
ARMC10,NCKAP1,1,1
ARMC10,NUP50,1,1
ARMC10,ORC5,1,1
ARMC10,PLCB4,1,1
ARMC10,RLBP1,1,1
ARMC10,RNF19A,1,1
ARMC10,RPN2,1,1
ARMC10,SHQ1,1,1
ARMC10,SLC16A1,1,1
ARMC10,STK17B,1,1
ARMC10,TMEM38B,1,1
ARMC10,TRABD,1,1
ARMC10,WDR77,1,1
ARMC10,XPC,1,1
ST7,ARPC1A,1,1
ST7,ATP6V1C1,1,1
ST7,ATP6V1F,1,1
ST7,DDI2,1,1
ST7,GALNS,1,1
ST7,GLIS2,1,1
ST7,IGF1R,1,1
ST7,LAMTOR5,1,1
ST7,LZIC,1,1
ST7,MESDC2,1,1
ST7,METRNL,1,1
ST7,MRPL58,1,1
ST7,MTA1,1,1
ST7,NADK,1,1
ST7,NT5DC1,1,1
ST7,PSEN2,1,1
ST7,RRBP1,1,1
ST7,SAMHD1,1,1
ST7,SLC23A2,1,1
ST7,TNFAIP3,1,1
ST7,VCP,1,1
ST7,ZFYVE16,1,1
ST7,ZNF226,1,1
AURKAIP1,ANAPC5,1,1
AURKAIP1,APITD1,1,1
AURKAIP1,ATP6V0B,1,1
AURKAIP1,BCAS2,1,1
AURKAIP1,COQ10B,1,1
AURKAIP1,CSDE1,1,1
AURKAIP1,DDT,1,1
AURKAIP1,EIF3D,1,1
AURKAIP1,GET4,1,1
AURKAIP1,GNB1L,1,1
AURKAIP1,HEY1,1,1
AURKAIP1,HOXD4,1,1
AURKAIP1,LYPLA2,1,1
AURKAIP1,MRFAP1L1,1,1
AURKAIP1,MTFP1,1,1
AURKAIP1,NCAPH2,1,1
AURKAIP1,NEPRO,1,1
AURKAIP1,NT5DC3,1,1
AURKAIP1,PICK1,1,1
AURKAIP1,PLCB4,1,1
AURKAIP1,POLE4,1,1
AURKAIP1,PTTG1,1,1
AURKAIP1,PYGB,1,1
AURKAIP1,RFX7,1,1
AURKAIP1,RTCB,1,1
AURKAIP1,SHQ1,1,1
AURKAIP1,SNRNP25,1,1
AURKAIP1,STOML2,1,1
AURKAIP1,TMEM144,1,1
AURKAIP1,TONSL,1,1
AURKAIP1,TRABD,1,1
AURKAIP1,TRMU,1,1
AURKAIP1,TRPV4,1,1
AURKAIP1,WDR77,1,1
AURKAIP1,XPC,1,1
GAPVD1,TRIM14,1,1
GAPVD1,ZBTB11,1,1
SOX13,AC009133.22,1,1
SOX13,ATP7B,1,1
SOX13,C20ORF194,1,1
SOX13,CARD8,1,1
SOX13,DET1,1,1
SOX13,FAM161A,1,1
SOX13,MCOLN3,1,1
SOX13,MLF 2.00,1,1
SOX13,MVB12B,1,1
SOX13,PARVA,1,1
SOX13,PITHD1,1,1
SOX13,PPM1K,1,1
SOX13,PTDSS2,1,1
SOX13,PYCARD,1,1
SOX13,RAB11FIP4,1,1
SOX13,RBBP4,1,1
SOX13,RNF145,1,1
SOX13,SLC44A3,1,1
SOX13,STIM1,1,1
SOX13,STXBP2,1,1
SOX13,TRPS1,1,1
SLC25A4,ATL1,1,1
SLC25A4,COMMD9,1,1
SLC25A4,DBNL,1,1
SLC25A4,FAM189B,1,1
SLC25A4,RNF145,1,1
SLC25A4,ZNF644,1,1
LENG9,DOCK9,1,1
LENG9,FAM189B,1,1
LENG9,FANCG,1,1
LENG9,FGFR1OP2,1,1
LENG9,IDH3B,1,1
LENG9,KIN,1,1
LENG9,MME,1,1
LENG9,NIPA2,1,1
LENG9,PIM3,1,1
LENG9,RBFA,1,1
LENG9,RBM39,1,1
LENG9,RTCA,1,1
LENG9,UBE2L3,1,1
LENG9,ZC3H4,1,1
LENG9,ZNF525,1,1
FOPNL,CEP85,1,1
FOPNL,MDC 1.00,1,1
FOPNL,POLR1A,1,1
FOPNL,TMEM38B,1,1
FEZF1,ABHD12,1,1
FEZF1,ACAN,1,1
FEZF1,ADAMTS17,1,1
FEZF1,ANAPC5,1,1
FEZF1,ANKRD30B,1,1
FEZF1,APOL1,1,1
FEZF1,ASRGL1,1,1
FEZF1,ATAD3B,1,1
FEZF1,ATP11A,1,1
FEZF1,ATP6V0D2,1,1
FEZF1,BICDL1,1,1
FEZF1,BIRC7,1,1
FEZF1,BMP8B,1,1
FEZF1,CARHSP1,1,1
FEZF1,CD36,1,1
FEZF1,CLDN14,1,1
FEZF1,CPTP,1,1
FEZF1,CSF2RA,1,1
FEZF1,DDRGK1,1,1
FEZF1,DPY19L2P2,1,1
FEZF1,DTX3L,1,1
FEZF1,ENTPD6,1,1
FEZF1,FAM102B,1,1
FEZF1,FN1,1,1
FEZF1,GDAP2,1,1
FEZF1,GPR157,1,1
FEZF1,HENMT1,1,1
FEZF1,HERC2P8,1,1
FEZF1,LHX8,1,1
FEZF1,LONRF3,1,1
FEZF1,LPXN,1,1
FEZF1,LYPLA2,1,1
FEZF1,MRFAP1,1,1
FEZF1,MTFP1,1,1
FEZF1,NBPF8,1,1
FEZF1,NRROS,1,1
FEZF1,PHGDH,1,1
FEZF1,PIK3R3,1,1
FEZF1,PIM3,1,1
FEZF1,POLE4,1,1
FEZF1,RBX1,1,1
FEZF1,RP11-159J3.1,1,1
FEZF1,RP11-327P2.7,1,1
FEZF1,RPH3A,1,1
FEZF1,RPL11,1,1
FEZF1,RPS6KA5,1,1
FEZF1,RTFDC1,1,1
FEZF1,SAMM50,1,1
FEZF1,SCML4,1,1
FEZF1,SERGEF,1,1
FEZF1,SLAMF7,1,1
FEZF1,SLC25A33,1,1
FEZF1,SNRNP25,1,1
FEZF1,SPP1,1,1
FEZF1,SQRDL,1,1
FEZF1,TMC3,1,1
FEZF1,TMEM144,1,1
FEZF1,TMUB1,1,1
FEZF1,TP73,1,1
FEZF1,TRPV4,1,1
FEZF1,TUB,1,1
FEZF1,UBE2J1,1,1
FEZF1,VAPB,1,1
FEZF1,VAV3,1,1
FEZF1,WDR47,1,1
FEZF1,ZNF503,1,1
FEZF1,ZYG11A,1,1
CPEB1,C20ORF194,1,1
CPEB1,CARD8,1,1
CPEB1,MVB12B,1,1
CPEB1,PARVA,1,1
CPEB1,PER3,1,1
CPEB1,PPM1K,1,1
CPEB1,PPT2,1,1
CPEB1,RNF145,1,1
LRP12,AGAP1,1,1
LRP12,ALDH1B1,1,1
LRP12,ARL 3.00,1,1
LRP12,ATXN7L3B,1,1
LRP12,B3GALT6,1,1
LRP12,CAPZA2,1,1
LRP12,CASP8,1,1
LRP12,CMAS,1,1
LRP12,COQ10B,1,1
LRP12,CSDE1,1,1
LRP12,DDOST,1,1
LRP12,ECE1,1,1
LRP12,ENO1,1,1
LRP12,EYA4,1,1
LRP12,FOXN2,1,1
LRP12,FZD6,1,1
LRP12,GLDC,1,1
LRP12,GTPBP10,1,1
LRP12,HEY1,1,1
LRP12,ID3,1,1
LRP12,IGF2BP3,1,1
LRP12,KDELC1,1,1
LRP12,KIRREL,1,1
LRP12,LRRC37A2,1,1
LRP12,MLLT4,1,1
LRP12,NCKAP1,1,1
LRP12,NIPAL3,1,1
LRP12,NUDCD3,1,1
LRP12,NUP43,1,1
LRP12,NUP50,1,1
LRP12,PANX2,1,1
LRP12,PPFIBP1,1,1
LRP12,RLBP1,1,1
LRP12,RNF19A,1,1
LRP12,RPN2,1,1
LRP12,RTCB,1,1
LRP12,SLC16A1,1,1
LRP12,SORL1,1,1
LRP12,STK17B,1,1
LRP12,SYPL1,1,1
LRP12,TBCA,1,1
LRP12,TMEM242,1,1
LRP12,TMEM38B,1,1
LRP12,TMF1,1,1
LRP12,TRABD,1,1
DCAF4,FAM167B,1,1
DCAF4,FBXO6,1,1
NELFCD,ANAPC7,1,1
NELFCD,BAIAP2L2,1,1
NELFCD,C1ORF112,1,1
NELFCD,CAPZA2,1,1
NELFCD,CARHSP1,1,1
NELFCD,CSDE1,1,1
NELFCD,EARS2,1,1
NELFCD,EIF5A2,1,1
NELFCD,EVL,1,1
NELFCD,FOXRED2,1,1
NELFCD,GLT8D1,1,1
NELFCD,GNB1L,1,1
NELFCD,GXYLT1,1,1
NELFCD,IDH3A,1,1
NELFCD,ISCA2,1,1
NELFCD,KLHDC2,1,1
NELFCD,LPXN,1,1
NELFCD,MCM3,1,1
NELFCD,MFN2,1,1
NELFCD,MTFP1,1,1
NELFCD,NRROS,1,1
NELFCD,NUP50,1,1
NELFCD,ORC5,1,1
NELFCD,PHTF1,1,1
NELFCD,PPFIBP1,1,1
NELFCD,PQLC2,1,1
NELFCD,RAC1,1,1
NELFCD,RBM28,1,1
NELFCD,REPS1,1,1
NELFCD,RTCB,1,1
NELFCD,STK17B,1,1
NELFCD,SYPL1,1,1
NELFCD,TMEM201,1,1
NELFCD,TMF1,1,1
NELFCD,TRMU,1,1
NELFCD,WDR77,1,1
ECE1,ADAMTS17,1,1
ECE1,AKR7A2,1,1
ECE1,ANAPC7,1,1
ECE1,APITD1,1,1
ECE1,ARHGEF39,1,1
ECE1,ATAD3B,1,1
ECE1,B3GALT6,1,1
ECE1,BAIAP2L2,1,1
ECE1,CAPZA2,1,1
ECE1,CARHSP1,1,1
ECE1,COQ10B,1,1
ECE1,CSDE1,1,1
ECE1,DDOST,1,1
ECE1,DDT,1,1
ECE1,EIF5A2,1,1
ECE1,EYA4,1,1
ECE1,FN1,1,1
ECE1,FOXRED2,1,1
ECE1,GLS,1,1
ECE1,GNB1L,1,1
ECE1,GPR157,1,1
ECE1,GXYLT1,1,1
ECE1,HERC2P8,1,1
ECE1,HEY1,1,1
ECE1,HOXD4,1,1
ECE1,ID3,1,1
ECE1,IMMP2L,1,1
ECE1,L3MBTL4,1,1
ECE1,LPXN,1,1
ECE1,LYPLA2,1,1
ECE1,MFN2,1,1
ECE1,MLLT4,1,1
ECE1,MRFAP1,1,1
ECE1,MTFP1,1,1
ECE1,NBPF8,1,1
ECE1,NRROS,1,1
ECE1,NUP50,1,1
ECE1,ORC5,1,1
ECE1,PHTF1,1,1
ECE1,PPFIBP1,1,1
ECE1,PQLC2,1,1
ECE1,PYGB,1,1
ECE1,RBM19,1,1
ECE1,RFX7,1,1
ECE1,RLBP1,1,1
ECE1,RNF19A,1,1
ECE1,RRP7BP,1,1
ECE1,RTCB,1,1
ECE1,SLC25A33,1,1
ECE1,SNRNP25,1,1
ECE1,STK17B,1,1
ECE1,SYPL1,1,1
ECE1,TMED9,1,1
ECE1,TMEM144,1,1
ECE1,TMEM201,1,1
ECE1,TMF1,1,1
ECE1,TRABD,1,1
ECE1,TRMU,1,1
ECE1,TRPV4,1,1
ECE1,WDR77,1,1
ARL6IP5,ABHD12,1,1
ARL6IP5,ACAN,1,1
ARL6IP5,ADAMTS17,1,1
ARL6IP5,ASRGL1,1,1
ARL6IP5,ATP11A,1,1
ARL6IP5,BICDL1,1,1
ARL6IP5,CGN,1,1
ARL6IP5,DDT,1,1
ARL6IP5,DPY19L2P2,1,1
ARL6IP5,DTX3L,1,1
ARL6IP5,GDAP2,1,1
ARL6IP5,GNB2,1,1
ARL6IP5,GPR157,1,1
ARL6IP5,HERC2P8,1,1
ARL6IP5,HEY1,1,1
ARL6IP5,IMMP2L,1,1
ARL6IP5,LPXN,1,1
ARL6IP5,LYPLA2,1,1
ARL6IP5,MRFAP1,1,1
ARL6IP5,NBPF8,1,1
ARL6IP5,NEPRO,1,1
ARL6IP5,PHGDH,1,1
ARL6IP5,PICK1,1,1
ARL6IP5,RCN3,1,1
ARL6IP5,SCML4,1,1
ARL6IP5,SERGEF,1,1
ARL6IP5,SH3BP2,1,1
ARL6IP5,TMF1,1,1
ARL6IP5,TMUB1,1,1
ARL6IP5,TP73,1,1
ARL6IP5,TRPV4,1,1
ARL6IP5,TXN2,1,1
ARL6IP5,VAV3,1,1
ARL6IP5,YIPF4,1,1
ARL6IP5,ZNF503,1,1
CGN,ADAMTS17,1,1
CGN,AKR7A2,1,1
CGN,ALKBH6,1,1
CGN,ANAPC5,1,1
CGN,APITD1,1,1
CGN,ARHGEF39,1,1
CGN,ATXN7L3B,1,1
CGN,CARD16,1,1
CGN,CARHSP1,1,1
CGN,CHEK2,1,1
CGN,CSDE1,1,1
CGN,DDOST,1,1
CGN,DDT,1,1
CGN,DYNC1I1,1,1
CGN,EIF5A2,1,1
CGN,EYA4,1,1
CGN,FBXO6,1,1
CGN,FN1,1,1
CGN,FOXRED2,1,1
CGN,GET4,1,1
CGN,GGH,1,1
CGN,GNB1L,1,1
CGN,GPR157,1,1
CGN,HERC2P8,1,1
CGN,HEY1,1,1
CGN,IMMP2L,1,1
CGN,ITGAV,1,1
CGN,KDELC1,1,1
CGN,L3MBTL4,1,1
CGN,LAMP2,1,1
CGN,LPXN,1,1
CGN,MFN2,1,1
CGN,MLLT4,1,1
CGN,MRFAP1,1,1
CGN,MSL3P1,1,1
CGN,MTOR,1,1
CGN,NBPF8,1,1
CGN,NEPRO,1,1
CGN,NUDCD3,1,1
CGN,PANX2,1,1
CGN,PEX26,1,1
CGN,PHTF1,1,1
CGN,PICK1,1,1
CGN,PTTG1,1,1
CGN,RBX1,1,1
CGN,RCN3,1,1
CGN,RFX7,1,1
CGN,RNF43,1,1
CGN,RTCB,1,1
CGN,SCML4,1,1
CGN,SERGEF,1,1
CGN,STRIP2,1,1
CGN,TMED9,1,1
CGN,TMF1,1,1
CGN,TMUB1,1,1
CGN,TRPV4,1,1
CGN,TXN2,1,1
CGN,VAV3,1,1
CGN,WDR47,1,1
CGN,ZC3HC1,1,1
CGN,ZNF503,1,1
SLC30A7,C11ORF24,1,1
SLC30A7,KIN,1,1
SLC30A7,MMACHC,1,1
SLC30A7,ZNF525,1,1
LRRC47,ACAN,1,1
LRRC47,ADAMTS17,1,1
LRRC47,AGA,1,1
LRRC47,ASRGL1,1,1
LRRC47,ATAD3B,1,1
LRRC47,BICDL1,1,1
LRRC47,BMP8B,1,1
LRRC47,C2ORF69,1,1
LRRC47,CCNO,1,1
LRRC47,CLDN14,1,1
LRRC47,CPTP,1,1
LRRC47,DTX3L,1,1
LRRC47,ENTPD6,1,1
LRRC47,GDAP2,1,1
LRRC47,GXYLT1,1,1
LRRC47,HERC2P8,1,1
LRRC47,LHX8,1,1
LRRC47,LONRF3,1,1
LRRC47,LYPLA2,1,1
LRRC47,MGAM,1,1
LRRC47,MTERF1,1,1
LRRC47,MTFP1,1,1
LRRC47,NCAPH2,1,1
LRRC47,NT5DC3,1,1
LRRC47,PGAP2,1,1
LRRC47,PIK3R3,1,1
LRRC47,PLEKHA7,1,1
LRRC47,PLEKHB2,1,1
LRRC47,POLE4,1,1
LRRC47,PYGB,1,1
LRRC47,RBM19,1,1
LRRC47,RBX1,1,1
LRRC47,RP11-327P2.7,1,1
LRRC47,RPA2,1,1
LRRC47,RPH3A,1,1
LRRC47,RPS6KA5,1,1
LRRC47,RTFDC1,1,1
LRRC47,SCML4,1,1
LRRC47,SLAMF7,1,1
LRRC47,SLC25A33,1,1
LRRC47,SMG9,1,1
LRRC47,STOML2,1,1
LRRC47,TMC3,1,1
LRRC47,TMEM144,1,1
LRRC47,TP73,1,1
LRRC47,TSN,1,1
LRRC47,TUB,1,1
LRRC47,ZNF189,1,1
LRRC47,ZNHIT3,1,1
ASRGL1,ABHD12,1,1
ASRGL1,ACAN,1,1
ASRGL1,ADAMTS17,1,1
ASRGL1,AKR7A2,1,1
ASRGL1,ANKRD30B,1,1
ASRGL1,APOL1,1,1
ASRGL1,ARHGEF35,1,1
ASRGL1,ATAD3B,1,1
ASRGL1,ATP11A,1,1
ASRGL1,ATP6V0D2,1,1
ASRGL1,BICDL1,1,1
ASRGL1,BIRC7,1,1
ASRGL1,CARHSP1,1,1
ASRGL1,CCDC36,1,1
ASRGL1,CD36,1,1
ASRGL1,CD40,1,1
ASRGL1,CDC42,1,1
ASRGL1,CLDN14,1,1
ASRGL1,CPTP,1,1
ASRGL1,CSF2RA,1,1
ASRGL1,DDRGK1,1,1
ASRGL1,DPY19L2P2,1,1
ASRGL1,DTNBP1,1,1
ASRGL1,DTX3L,1,1
ASRGL1,ECHDC1,1,1
ASRGL1,EIF5A2,1,1
ASRGL1,ENTPD6,1,1
ASRGL1,FAM102B,1,1
ASRGL1,FN1,1,1
ASRGL1,GCLM,1,1
ASRGL1,GDAP2,1,1
ASRGL1,GPR157,1,1
ASRGL1,HENMT1,1,1
ASRGL1,HERC2P8,1,1
ASRGL1,HSPA8P9,1,1
ASRGL1,LDLRAD3,1,1
ASRGL1,LHX8,1,1
ASRGL1,LINS1,1,1
ASRGL1,LMF2,1,1
ASRGL1,LONRF3,1,1
ASRGL1,LPXN,1,1
ASRGL1,LYPLA2,1,1
ASRGL1,MLXIP,1,1
ASRGL1,MRFAP1,1,1
ASRGL1,MTOR,1,1
ASRGL1,NBPF8,1,1
ASRGL1,NRROS,1,1
ASRGL1,PEX26,1,1
ASRGL1,PHGDH,1,1
ASRGL1,PHTF1,1,1
ASRGL1,PIK3R3,1,1
ASRGL1,PIM3,1,1
ASRGL1,PLEKHA7,1,1
ASRGL1,PNKD,1,1
ASRGL1,POLE4,1,1
ASRGL1,RBM19,1,1
ASRGL1,RBX1,1,1
ASRGL1,RCN3,1,1
ASRGL1,RP11-159J3.1,1,1
ASRGL1,RP11-327P2.7,1,1
ASRGL1,RPA2,1,1
ASRGL1,RPH3A,1,1
ASRGL1,RPL11,1,1
ASRGL1,RPS6KA5,1,1
ASRGL1,RTFDC1,1,1
ASRGL1,SAMM50,1,1
ASRGL1,SBF1,1,1
ASRGL1,SCML4,1,1
ASRGL1,SERGEF,1,1
ASRGL1,SLAMF7,1,1
ASRGL1,SLC25A33,1,1
ASRGL1,SLC37A3,1,1
ASRGL1,SMG9,1,1
ASRGL1,SQRDL,1,1
ASRGL1,TMC3,1,1
ASRGL1,TMEM144,1,1
ASRGL1,TMUB1,1,1
ASRGL1,TP73,1,1
ASRGL1,TRPV4,1,1
ASRGL1,TUB,1,1
ASRGL1,UBE2J1,1,1
ASRGL1,VAPB,1,1
ASRGL1,VAV3,1,1
ASRGL1,WDR47,1,1
ASRGL1,ZNF503,1,1
ASRGL1,ZYG11A,1,1
TMEM38B,AIG1,1,1
TMEM38B,ALDH1B1,1,1
TMEM38B,ARL 3.00,1,1
TMEM38B,ATG5,1,1
TMEM38B,CANX,1,1
TMEM38B,CAPZA2,1,1
TMEM38B,CASP8,1,1
TMEM38B,CMAS,1,1
TMEM38B,ENO1,1,1
TMEM38B,FOXN2,1,1
TMEM38B,FZD6,1,1
TMEM38B,GLDC,1,1
TMEM38B,GTPBP10,1,1
TMEM38B,IGF2BP3,1,1
TMEM38B,KIRREL,1,1
TMEM38B,KLHDC2,1,1
TMEM38B,KPNA6,1,1
TMEM38B,LRWD1,1,1
TMEM38B,NCKAP1,1,1
TMEM38B,NUP43,1,1
TMEM38B,ORC5,1,1
TMEM38B,PABPC4,1,1
TMEM38B,RPN2,1,1
TMEM38B,RRP7BP,1,1
TMEM38B,SLC16A1,1,1
TMEM38B,STK17B,1,1
TMEM38B,SYPL1,1,1
TMEM38B,TBCA,1,1
TMEM38B,TEAD2,1,1
ATAD3B,ACAN,1,1
ATAD3B,ADAMTS17,1,1
ATAD3B,ANAPC5,1,1
ATAD3B,ANAPC7,1,1
ATAD3B,ATP6V0D2,1,1
ATAD3B,BICDL1,1,1
ATAD3B,BIRC7,1,1
ATAD3B,C2ORF69,1,1
ATAD3B,CARHSP1,1,1
ATAD3B,CLDN14,1,1
ATAD3B,CPTP,1,1
ATAD3B,DPY19L2P2,1,1
ATAD3B,DTX3L,1,1
ATAD3B,EIF5A2,1,1
ATAD3B,ENTPD6,1,1
ATAD3B,FN1,1,1
ATAD3B,GCLM,1,1
ATAD3B,GLT8D1,1,1
ATAD3B,GNB1L,1,1
ATAD3B,GPR157,1,1
ATAD3B,GXYLT1,1,1
ATAD3B,HENMT1,1,1
ATAD3B,HERC2P8,1,1
ATAD3B,IDH3A,1,1
ATAD3B,LHX8,1,1
ATAD3B,LONRF3,1,1
ATAD3B,LPXN,1,1
ATAD3B,LYPLA2,1,1
ATAD3B,MCM3,1,1
ATAD3B,MGAM,1,1
ATAD3B,MRFAP1,1,1
ATAD3B,MTERF1,1,1
ATAD3B,MTFP1,1,1
ATAD3B,NCAPH2,1,1
ATAD3B,NRROS,1,1
ATAD3B,PIK3R3,1,1
ATAD3B,PLEKHA7,1,1
ATAD3B,POLE4,1,1
ATAD3B,PYGB,1,1
ATAD3B,RBM19,1,1
ATAD3B,RBX1,1,1
ATAD3B,RP11-327P2.7,1,1
ATAD3B,RPA2,1,1
ATAD3B,RPH3A,1,1
ATAD3B,RPS6KA5,1,1
ATAD3B,RTFDC1,1,1
ATAD3B,SAMM50,1,1
ATAD3B,SCML4,1,1
ATAD3B,SLAMF7,1,1
ATAD3B,SLC25A33,1,1
ATAD3B,SMG9,1,1
ATAD3B,SNRNP25,1,1
ATAD3B,STOML2,1,1
ATAD3B,TMC3,1,1
ATAD3B,TMEM144,1,1
ATAD3B,TMEM201,1,1
ATAD3B,TP73,1,1
ATAD3B,TRMU,1,1
ATAD3B,TRPV4,1,1
ATAD3B,TSN,1,1
ATAD3B,TUB,1,1
ATAD3B,VAV3,1,1
ATAD3B,WDR77,1,1
ATAD3B,ZNF189,1,1
ATAD3B,ZYG11A,1,1
ORC5,AIM1,1,1
ORC5,ALDH1B1,1,1
ORC5,ANAPC7,1,1
ORC5,APITD1,1,1
ORC5,ATP6V0B,1,1
ORC5,BCAS2,1,1
ORC5,C2ORF69,1,1
ORC5,CAPZA2,1,1
ORC5,COQ10B,1,1
ORC5,CSDE1,1,1
ORC5,ENO1,1,1
ORC5,EYA4,1,1
ORC5,FOXN2,1,1
ORC5,GET4,1,1
ORC5,GLS,1,1
ORC5,GNB1L,1,1
ORC5,GTPBP10,1,1
ORC5,GXYLT1,1,1
ORC5,HOXD4,1,1
ORC5,ID3,1,1
ORC5,IDH3A,1,1
ORC5,IGF2BP3,1,1
ORC5,KLHDC2,1,1
ORC5,KLHDC3,1,1
ORC5,LRRC37A2,1,1
ORC5,LRWD1,1,1
ORC5,LUC7L2,1,1
ORC5,MCM3,1,1
ORC5,MTFP1,1,1
ORC5,NCKAP1,1,1
ORC5,NUP43,1,1
ORC5,NUP50,1,1
ORC5,POLR1A,1,1
ORC5,PYGB,1,1
ORC5,RRP7BP,1,1
ORC5,RTCB,1,1
ORC5,SEPT8,1,1
ORC5,SHQ1,1,1
ORC5,SLC16A1,1,1
ORC5,SNRNP25,1,1
ORC5,STK17B,1,1
ORC5,STOML2,1,1
ORC5,TMEM201,1,1
ORC5,TONSL,1,1
ORC5,TRABD,1,1
ORC5,TRMU,1,1
ORC5,TSPYL4,1,1
ORC5,WDR77,1,1
ORC5,XPC,1,1
ZNF644,ARL8B,1,1
ZNF644,ATL1,1,1
ZNF644,COMMD9,1,1
ZNF644,RNF145,1,1
CDC7,GGH,1,1
RPN2,AIG1,1,1
RPN2,ALDH1B1,1,1
RPN2,APITD1,1,1
RPN2,ARHGEF39,1,1
RPN2,ARL 3.00,1,1
RPN2,ATXN7L3,1,1
RPN2,ATXN7L3B,1,1
RPN2,CAPZA2,1,1
RPN2,CASP8,1,1
RPN2,CHCHD2,1,1
RPN2,CHEK2,1,1
RPN2,CMAS,1,1
RPN2,DDOST,1,1
RPN2,DDT,1,1
RPN2,ENO1,1,1
RPN2,EYA4,1,1
RPN2,FAM86DP,1,1
RPN2,FZD6,1,1
RPN2,HEY1,1,1
RPN2,IGF2BP3,1,1
RPN2,KDELC1,1,1
RPN2,KIRREL,1,1
RPN2,KLHDC3,1,1
RPN2,METAP1D,1,1
RPN2,MIF,1,1
RPN2,NCKAP1,1,1
RPN2,NIPAL3,1,1
RPN2,NUP43,1,1
RPN2,PANX2,1,1
RPN2,PHF2,1,1
RPN2,PXDN,1,1
RPN2,RBSN,1,1
RPN2,RNF43,1,1
RPN2,RRP7BP,1,1
RPN2,RTCB,1,1
RPN2,SLC16A1,1,1
RPN2,SORL1,1,1
RPN2,STK17B,1,1
RPN2,STRIP2,1,1
RPN2,SYPL1,1,1
RPN2,TBCA,1,1
RPN2,TBRG1,1,1
RPN2,TEAD2,1,1
RPN2,TMED9,1,1
RPN2,TMEM242,1,1
RPN2,TRABD,1,1
SLC44A3,AC013264.1,1,1
SLC44A3,AKAP9,1,1
SLC44A3,ARHGAP39,1,1
SLC44A3,ARHGEF35,1,1
SLC44A3,ATP7B,1,1
SLC44A3,CCDC115,1,1
SLC44A3,CCDC36,1,1
SLC44A3,CD40,1,1
SLC44A3,CLSTN1,1,1
SLC44A3,COMMD9,1,1
SLC44A3,CREB3,1,1
SLC44A3,CTD-3214H19.4,1,1
SLC44A3,DDRGK1,1,1
SLC44A3,DET1,1,1
SLC44A3,DTNBP1,1,1
SLC44A3,EIF5AL1,1,1
SLC44A3,EVA1A,1,1
SLC44A3,FAM219A,1,1
SLC44A3,GPD1L,1,1
SLC44A3,GTF2H1,1,1
SLC44A3,GUCD1,1,1
SLC44A3,HENMT1,1,1
SLC44A3,HMOX1,1,1
SLC44A3,LDLRAD3,1,1
SLC44A3,LINS1,1,1
SLC44A3,MCOLN3,1,1
SLC44A3,MLF 2.00,1,1
SLC44A3,NAV2,1,1
SLC44A3,PER3,1,1
SLC44A3,PITHD1,1,1
SLC44A3,PPM1K,1,1
SLC44A3,PPT2,1,1
SLC44A3,PYCARD,1,1
SLC44A3,RAB11FIP4,1,1
SLC44A3,RBBP4,1,1
SLC44A3,SBF1,1,1
SLC44A3,SLC37A3,1,1
SLC44A3,SNX8,1,1
SLC44A3,STIM1,1,1
SLC44A3,STXBP2,1,1
SLC44A3,TMEM51,1,1
SDF4,ALAS1,1,1
SDF4,ARHGEF39,1,1
SDF4,ATXN7L3,1,1
SDF4,ATXN7L3B,1,1
SDF4,C1ORF112,1,1
SDF4,CARD14,1,1
SDF4,CARD16,1,1
SDF4,CEP41,1,1
SDF4,CHEK2,1,1
SDF4,DDOST,1,1
SDF4,DYNC1I1,1,1
SDF4,FBXO6,1,1
SDF4,FOXRED2,1,1
SDF4,GDPD1,1,1
SDF4,ITGAV,1,1
SDF4,KDELC1,1,1
SDF4,L3MBTL4,1,1
SDF4,LMAN2L,1,1
SDF4,MRPS5,1,1
SDF4,MSL3P1,1,1
SDF4,PANX2,1,1
SDF4,PDCD6,1,1
SDF4,PPFIBP1,1,1
SDF4,PXDN,1,1
SDF4,RNF207,1,1
SDF4,RNF43,1,1
SDF4,SLC25A13,1,1
SDF4,SORL1,1,1
SDF4,STRIP2,1,1
SDF4,SYPL1,1,1
SDF4,TBCA,1,1
SDF4,TMED9,1,1
SDF4,TMEM242,1,1
SDF4,WASL,1,1
NEPRO,ACAN,1,1
NEPRO,ADAMTS17,1,1
NEPRO,ARHGEF39,1,1
NEPRO,BICDL1,1,1
NEPRO,DDOST,1,1
NEPRO,DDT,1,1
NEPRO,EYA4,1,1
NEPRO,GNB2,1,1
NEPRO,GPR157,1,1
NEPRO,HERC2P8,1,1
NEPRO,HEY1,1,1
NEPRO,IMMP2L,1,1
NEPRO,LPXN,1,1
NEPRO,LYPLA2,1,1
NEPRO,MLLT4,1,1
NEPRO,MRFAP1,1,1
NEPRO,NBPF8,1,1
NEPRO,PICK1,1,1
NEPRO,PYGB,1,1
NEPRO,RBX1,1,1
NEPRO,RCN3,1,1
NEPRO,RFX7,1,1
NEPRO,RLBP1,1,1
NEPRO,SCML4,1,1
NEPRO,SERGEF,1,1
NEPRO,TMF1,1,1
NEPRO,TMUB1,1,1
NEPRO,TP73,1,1
NEPRO,TRPV4,1,1
MCOLN3,AC009133.22,1,1
MCOLN3,AC013264.1,1,1
MCOLN3,ALG1,1,1
MCOLN3,ATF7IP,1,1
MCOLN3,ATP7B,1,1
MCOLN3,CBX5,1,1
MCOLN3,CCDC115,1,1
MCOLN3,CD40,1,1
MCOLN3,CEP131,1,1
MCOLN3,CLSTN1,1,1
MCOLN3,CTD-3214H19.4,1,1
MCOLN3,DET1,1,1
MCOLN3,EIF5AL1,1,1
MCOLN3,EVA1A,1,1
MCOLN3,GPD1L,1,1
MCOLN3,GUCD1,1,1
MCOLN3,MAP9,1,1
MCOLN3,MLF 2.00,1,1
MCOLN3,MRPL58,1,1
MCOLN3,NAGA,1,1
MCOLN3,NAV2,1,1
MCOLN3,OR2A20P,1,1
MCOLN3,PITHD1,1,1
MCOLN3,PYCARD,1,1
MCOLN3,RAB11FIP4,1,1
MCOLN3,RBBP4,1,1
MCOLN3,RGS1,1,1
MCOLN3,RMND1,1,1
MCOLN3,SBF1,1,1
MCOLN3,SNX8,1,1
MCOLN3,STIM1,1,1
MCOLN3,STXBP2,1,1
MCOLN3,TMEM51,1,1
CLSTN1,AC009133.22,1,1
CLSTN1,AC013264.1,1,1
CLSTN1,ALG1,1,1
CLSTN1,ATF7IP,1,1
CLSTN1,ATP6V1F,1,1
CLSTN1,ATP7B,1,1
CLSTN1,CBX5,1,1
CLSTN1,CCDC115,1,1
CLSTN1,CEP131,1,1
CLSTN1,CREB3,1,1
CLSTN1,DET1,1,1
CLSTN1,EVA1A,1,1
CLSTN1,GPD1L,1,1
CLSTN1,GUCD1,1,1
CLSTN1,MAP9,1,1
CLSTN1,MLF 2.00,1,1
CLSTN1,MRPL58,1,1
CLSTN1,NADK,1,1
CLSTN1,NAGA,1,1
CLSTN1,PITHD1,1,1
CLSTN1,PSEN2,1,1
CLSTN1,PYCARD,1,1
CLSTN1,RAB11FIP4,1,1
CLSTN1,RBBP4,1,1
CLSTN1,RMND1,1,1
CLSTN1,SNX8,1,1
CLSTN1,STIM1,1,1
CLSTN1,STXBP2,1,1
KLHDC3,AIM1,1,1
KLHDC3,ALDH1B1,1,1
KLHDC3,APITD1,1,1
KLHDC3,ARHGEF17,1,1
KLHDC3,BCAS2,1,1
KLHDC3,CAPZA2,1,1
KLHDC3,CMAS,1,1
KLHDC3,COQ10B,1,1
KLHDC3,CSDE1,1,1
KLHDC3,EIF3D,1,1
KLHDC3,ENO1,1,1
KLHDC3,EYA4,1,1
KLHDC3,FOXN2,1,1
KLHDC3,GTPBP10,1,1
KLHDC3,HOXD4,1,1
KLHDC3,IGF2BP3,1,1
KLHDC3,LRRC37A2,1,1
KLHDC3,METAP1D,1,1
KLHDC3,MRFAP1L1,1,1
KLHDC3,NCKAP1,1,1
KLHDC3,NUP50,1,1
KLHDC3,PHF2,1,1
KLHDC3,PI4KB,1,1
KLHDC3,PLCB4,1,1
KLHDC3,PPP1R2,1,1
KLHDC3,PPP1R9B,1,1
KLHDC3,RLBP1,1,1
KLHDC3,RTCB,1,1
KLHDC3,SLC16A1,1,1
KLHDC3,STK17B,1,1
KLHDC3,STOML2,1,1
KLHDC3,XPC,1,1
LYPLA2,ACAN,1,1
LYPLA2,ADAMTS17,1,1
LYPLA2,AGA,1,1
LYPLA2,ATP6V0D2,1,1
LYPLA2,BICDL1,1,1
LYPLA2,BMP8B,1,1
LYPLA2,CCNO,1,1
LYPLA2,CDK5,1,1
LYPLA2,CLDN14,1,1
LYPLA2,COQ10B,1,1
LYPLA2,CPTP,1,1
LYPLA2,CSF2RA,1,1
LYPLA2,DTX3L,1,1
LYPLA2,ENTPD6,1,1
LYPLA2,GDAP2,1,1
LYPLA2,GNB1L,1,1
LYPLA2,GNB2,1,1
LYPLA2,GPR157,1,1
LYPLA2,HERC2P8,1,1
LYPLA2,LHX8,1,1
LYPLA2,LPXN,1,1
LYPLA2,MRFAP1,1,1
LYPLA2,MTFP1,1,1
LYPLA2,NT5DC3,1,1
LYPLA2,PICK1,1,1
LYPLA2,PIK3R3,1,1
LYPLA2,PLCB4,1,1
LYPLA2,POLE4,1,1
LYPLA2,PYGB,1,1
LYPLA2,RNF19A,1,1
LYPLA2,RPH3A,1,1
LYPLA2,RPS6KA5,1,1
LYPLA2,RTFDC1,1,1
LYPLA2,SCML4,1,1
LYPLA2,SERGEF,1,1
LYPLA2,SLAMF7,1,1
LYPLA2,SMG9,1,1
LYPLA2,SNRNP25,1,1
LYPLA2,STOML2,1,1
LYPLA2,TMC3,1,1
LYPLA2,TMEM144,1,1
LYPLA2,TMF1,1,1
LYPLA2,TMUB1,1,1
LYPLA2,TP73,1,1
LYPLA2,TRPV4,1,1
LYPLA2,VAV3,1,1
HPS5,AC013264.1,1,1
HPS5,AKR7A2,1,1
HPS5,ARPC1A,1,1
HPS5,ATP6V1C1,1,1
HPS5,ATP6V1F,1,1
HPS5,CAMTA1,1,1
HPS5,CBX5,1,1
HPS5,CDC42,1,1
HPS5,DTNBP1,1,1
HPS5,FAM167B,1,1
HPS5,GAB2,1,1
HPS5,GUCD1,1,1
HPS5,IGF1R,1,1
HPS5,JAK2,1,1
HPS5,LAMP2,1,1
HPS5,LAMTOR5,1,1
HPS5,LZIC,1,1
HPS5,MAPK1,1,1
HPS5,MED15,1,1
HPS5,MESDC1,1,1
HPS5,MLXIP,1,1
HPS5,MRPS33,1,1
HPS5,MTA1,1,1
HPS5,MTOR,1,1
HPS5,NADK,1,1
HPS5,NAGA,1,1
HPS5,NT5DC1,1,1
HPS5,PEX10,1,1
HPS5,PNKD,1,1
HPS5,POLG,1,1
HPS5,RAB11FIP4,1,1
HPS5,RRBP1,1,1
HPS5,SBF1,1,1
HPS5,SLC23A2,1,1
HPS5,SLC37A3,1,1
HPS5,SNX8,1,1
HPS5,SPECC1,1,1
HPS5,TESK2,1,1
HPS5,TMEM51,1,1
HPS5,VCP,1,1
HPS5,WDR47,1,1
HPS5,ZNF814,1,1
PHF2,AIG1,1,1
PHF2,ALDH1B1,1,1
PHF2,CASP8,1,1
PHF2,CHCHD2,1,1
PHF2,CMAS,1,1
PHF2,EIF3D,1,1
PHF2,ENO1,1,1
PHF2,FAM86DP,1,1
PHF2,FZD6,1,1
PHF2,METAP1D,1,1
PHF2,MIF,1,1
PHF2,MRFAP1L1,1,1
PHF2,NCKAP1,1,1
PHF2,NUP43,1,1
PHF2,PNMA1,1,1
PHF2,PPP1R9B,1,1
PHF2,RBSN,1,1
PHF2,TBRG1,1,1
LAMP2,AKR7A2,1,1
LAMP2,ARHGEF39,1,1
LAMP2,ARPC1A,1,1
LAMP2,ATP6V1C1,1,1
LAMP2,BET1,1,1
LAMP2,C1ORF112,1,1
LAMP2,CARD16,1,1
LAMP2,CEP41,1,1
LAMP2,DPF2,1,1
LAMP2,EARS2,1,1
LAMP2,EIF5A2,1,1
LAMP2,FAM167B,1,1
LAMP2,FBXO6,1,1
LAMP2,FOXRED2,1,1
LAMP2,GDPD1,1,1
LAMP2,GPR157,1,1
LAMP2,HTRA1,1,1
LAMP2,IGF1R,1,1
LAMP2,IMMP2L,1,1
LAMP2,ITGAV,1,1
LAMP2,JAK2,1,1
LAMP2,L3MBTL4,1,1
LAMP2,LAMTOR5,1,1
LAMP2,LMF2,1,1
LAMP2,LPXN,1,1
LAMP2,LZIC,1,1
LAMP2,MAPK1,1,1
LAMP2,MED15,1,1
LAMP2,MFN2,1,1
LAMP2,MLLT4,1,1
LAMP2,MLXIP,1,1
LAMP2,MSL3P1,1,1
LAMP2,MTOR,1,1
LAMP2,NADK,1,1
LAMP2,NBPF8,1,1
LAMP2,NRROS,1,1
LAMP2,NUDCD3,1,1
LAMP2,PEX10,1,1
LAMP2,PHTF1,1,1
LAMP2,PNKD,1,1
LAMP2,POLG,1,1
LAMP2,POT1,1,1
LAMP2,PQLC2,1,1
LAMP2,RCN3,1,1
LAMP2,REPS1,1,1
LAMP2,RHOJ,1,1
LAMP2,RRBP1,1,1
LAMP2,SLC37A3,1,1
LAMP2,STRIP2,1,1
LAMP2,TESK2,1,1
LAMP2,TMEM51,1,1
LAMP2,TXN2,1,1
LAMP2,UBE2J1,1,1
LAMP2,VCP,1,1
LAMP2,WASL,1,1
LAMP2,WDR47,1,1
LAMP2,ZNF503,1,1
SLC45A2,MTA1,1,1
SLC45A2,NT5DC1,1,1
SLC45A2,SPECC1,1,1
SLC45A2,TNFAIP3,1,1
SLC45A2,ZFYVE16,1,1
ATP6V0B,AIM1,1,1
ATP6V0B,BCAS2,1,1
ATP6V0B,COQ10B,1,1
ATP6V0B,CSDE1,1,1
ATP6V0B,EIF3D,1,1
ATP6V0B,FOXN2,1,1
ATP6V0B,GET4,1,1
ATP6V0B,GLS,1,1
ATP6V0B,GNB1L,1,1
ATP6V0B,GTPBP10,1,1
ATP6V0B,GXYLT1,1,1
ATP6V0B,HOXD4,1,1
ATP6V0B,LRRC37A2,1,1
ATP6V0B,LRWD1,1,1
ATP6V0B,MTFP1,1,1
ATP6V0B,NUP50,1,1
ATP6V0B,PLCB4,1,1
ATP6V0B,PYGB,1,1
ATP6V0B,SHQ1,1,1
ATP6V0B,SNRNP25,1,1
ATP6V0B,STK17B,1,1
ATP6V0B,STOML2,1,1
ATP6V0B,TONSL,1,1
ATP6V0B,TRABD,1,1
ATP6V0B,TRMU,1,1
ATP6V0B,WDR77,1,1
ATP6V0B,XPC,1,1
CHD8,FBXO34,1,1
CHD8,SLC41A1,1,1
ARPC1A,AC013264.1,1,1
ARPC1A,AKR7A2,1,1
ARPC1A,ATP11A,1,1
ARPC1A,ATP6V1C1,1,1
ARPC1A,ATP6V1F,1,1
ARPC1A,C7ORF49,1,1
ARPC1A,CBX5,1,1
ARPC1A,CCDC115,1,1
ARPC1A,CDC42,1,1
ARPC1A,CEP131,1,1
ARPC1A,DTNBP1,1,1
ARPC1A,EARS2,1,1
ARPC1A,EVA1A,1,1
ARPC1A,FAM102B,1,1
ARPC1A,FAM167B,1,1
ARPC1A,GUCD1,1,1
ARPC1A,IGF1R,1,1
ARPC1A,JAK2,1,1
ARPC1A,LAMTOR5,1,1
ARPC1A,LDLRAD3,1,1
ARPC1A,LMF2,1,1
ARPC1A,LZIC,1,1
ARPC1A,MAP9,1,1
ARPC1A,MAPK1,1,1
ARPC1A,MED15,1,1
ARPC1A,MESDC1,1,1
ARPC1A,METRNL,1,1
ARPC1A,MLXIP,1,1
ARPC1A,MRPL58,1,1
ARPC1A,MTA1,1,1
ARPC1A,MTOR,1,1
ARPC1A,MUL1,1,1
ARPC1A,NADK,1,1
ARPC1A,NBPF8,1,1
ARPC1A,NT5DC1,1,1
ARPC1A,PEX10,1,1
ARPC1A,PITHD1,1,1
ARPC1A,PNKD,1,1
ARPC1A,POLG,1,1
ARPC1A,PQLC2,1,1
ARPC1A,PSEN2,1,1
ARPC1A,REPS1,1,1
ARPC1A,RRBP1,1,1
ARPC1A,SAMM50,1,1
ARPC1A,SBF1,1,1
ARPC1A,SLC23A2,1,1
ARPC1A,SLC37A3,1,1
ARPC1A,SNX8,1,1
ARPC1A,SPECC1,1,1
ARPC1A,TESK2,1,1
ARPC1A,TMEM51,1,1
ARPC1A,TXN2,1,1
ARPC1A,UBE2J1,1,1
ARPC1A,VAV3,1,1
ARPC1A,VCP,1,1
ARPC1A,WDR47,1,1
ARPC1A,ZNF503,1,1
ARPC1A,ZNF814,1,1
GLDC,AGAP1,1,1
GLDC,ALDH1B1,1,1
GLDC,BAIAP2L2,1,1
GLDC,CAPZA2,1,1
GLDC,CASP8,1,1
GLDC,CMAS,1,1
GLDC,CSDE1,1,1
GLDC,ENO1,1,1
GLDC,EYA4,1,1
GLDC,FOXRED2,1,1
GLDC,FZD6,1,1
GLDC,IGF2BP3,1,1
GLDC,KIRREL,1,1
GLDC,PABPC4,1,1
GLDC,PANX2,1,1
GLDC,PLOD2,1,1
GLDC,PPFIBP1,1,1
GLDC,RTCB,1,1
GLDC,SFT2D2,1,1
GLDC,SH3BP1,1,1
GLDC,SLC25A13,1,1
GLDC,SORL1,1,1
GLDC,SYPL1,1,1
GLDC,TBCA,1,1
GLDC,TMED9,1,1
GLDC,TMEM242,1,1
RPH3A,ABHD12,1,1
RPH3A,ACAN,1,1
RPH3A,ADAMTS17,1,1
RPH3A,ANKRD30B,1,1
RPH3A,APOL1,1,1
RPH3A,ARHGEF35,1,1
RPH3A,ATP11A,1,1
RPH3A,ATP6V0D2,1,1
RPH3A,BICDL1,1,1
RPH3A,BIRC7,1,1
RPH3A,BMP8B,1,1
RPH3A,CARHSP1,1,1
RPH3A,CD36,1,1
RPH3A,CD40,1,1
RPH3A,CLDN14,1,1
RPH3A,CPTP,1,1
RPH3A,CSF2RA,1,1
RPH3A,DDRGK1,1,1
RPH3A,DPY19L2P2,1,1
RPH3A,DTNBP1,1,1
RPH3A,DTX3L,1,1
RPH3A,ENTPD6,1,1
RPH3A,FAM102B,1,1
RPH3A,FN1,1,1
RPH3A,GCLM,1,1
RPH3A,GDAP2,1,1
RPH3A,HENMT1,1,1
RPH3A,HERC2P8,1,1
RPH3A,HSPA8P9,1,1
RPH3A,LDLRAD3,1,1
RPH3A,LHX8,1,1
RPH3A,LINS1,1,1
RPH3A,LONRF3,1,1
RPH3A,LPXN,1,1
RPH3A,MLXIP,1,1
RPH3A,MRFAP1,1,1
RPH3A,NBPF8,1,1
RPH3A,NT5DC3,1,1
RPH3A,PHGDH,1,1
RPH3A,PIK3R3,1,1
RPH3A,PIM3,1,1
RPH3A,PLEKHA7,1,1
RPH3A,POLE4,1,1
RPH3A,PPP1R12B,1,1
RPH3A,RBM19,1,1
RPH3A,RBX1,1,1
RPH3A,RGS1,1,1
RPH3A,RP11-159J3.1,1,1
RPH3A,RP11-327P2.7,1,1
RPH3A,RPL11,1,1
RPH3A,RPS6KA5,1,1
RPH3A,RTFDC1,1,1
RPH3A,SAMM50,1,1
RPH3A,SCML4,1,1
RPH3A,SERGEF,1,1
RPH3A,SLAMF7,1,1
RPH3A,SLC25A33,1,1
RPH3A,SLC37A3,1,1
RPH3A,SMG9,1,1
RPH3A,SPP1,1,1
RPH3A,SQRDL,1,1
RPH3A,TMC3,1,1
RPH3A,TMEM144,1,1
RPH3A,TMUB1,1,1
RPH3A,TP73,1,1
RPH3A,TRPV4,1,1
RPH3A,TUB,1,1
RPH3A,UBE2J1,1,1
RPH3A,VAPB,1,1
RPH3A,VAV3,1,1
RPH3A,WDR47,1,1
RPH3A,ZNF503,1,1
RPH3A,ZYG11A,1,1
TCEA2,VIPAS39,1,1
MUL1,AKR7A2,1,1
MUL1,ANAPC7,1,1
MUL1,ATP6V1C1,1,1
MUL1,BAIAP2L2,1,1
MUL1,CARHSP1,1,1
MUL1,CDC42,1,1
MUL1,EARS2,1,1
MUL1,EIF5A2,1,1
MUL1,FN1,1,1
MUL1,FOXRED2,1,1
MUL1,GPR157,1,1
MUL1,HERC2P8,1,1
MUL1,LMF2,1,1
MUL1,LPXN,1,1
MUL1,LZIC,1,1
MUL1,MAPK1,1,1
MUL1,MFN2,1,1
MUL1,MGAM,1,1
MUL1,MLXIP,1,1
MUL1,MTOR,1,1
MUL1,NRROS,1,1
MUL1,PEX10,1,1
MUL1,PEX26,1,1
MUL1,PHTF1,1,1
MUL1,PQLC2,1,1
MUL1,RBM19,1,1
MUL1,SAMM50,1,1
MUL1,SLC25A33,1,1
MUL1,TMEM201,1,1
MUL1,TXN2,1,1
MUL1,VAV3,1,1
MUL1,VCP,1,1
MUL1,WDR47,1,1
MUL1,ZNF503,1,1
MEPCE,NSUN4,1,1
MEPCE,TRAPPC2,1,1
MEPCE,ZNF226,1,1
MMACHC,DOCK9,1,1
MMACHC,GLRX,1,1
MMACHC,MRPL46,1,1
MMACHC,NAB1,1,1
CDC26,HOXC10,1,1
CDC26,IGF1R,1,1
CDC26,LAMTOR5,1,1
CDC26,MESDC2,1,1
CDC26,METRNL,1,1
CDC26,PEX10,1,1
CDC26,RRBP1,1,1
CDC26,VCP,1,1
PITHD1,AC013264.1,1,1
PITHD1,ATF7IP,1,1
PITHD1,CBX5,1,1
PITHD1,EIF5AL1,1,1
PITHD1,EVA1A,1,1
PITHD1,FAM20C,1,1
PITHD1,GPD1L,1,1
PITHD1,GUCD1,1,1
PITHD1,LDLRAD3,1,1
PITHD1,LINS1,1,1
PITHD1,LMF2,1,1
PITHD1,MRPL58,1,1
PITHD1,NADK,1,1
PITHD1,PEX10,1,1
PITHD1,POLG,1,1
PITHD1,PYCARD,1,1
PITHD1,RAB11FIP4,1,1
PITHD1,RBBP4,1,1
PITHD1,RGS1,1,1
PITHD1,SBF1,1,1
PITHD1,SLC37A3,1,1
PITHD1,SNX8,1,1
PITHD1,STIM1,1,1
PITHD1,STXBP2,1,1
PITHD1,TMEM51,1,1
ABHD12,ACAN,1,1
ABHD12,ADAMTS17,1,1
ABHD12,ANKRD30B,1,1
ABHD12,APOL1,1,1
ABHD12,ARHGEF35,1,1
ABHD12,ATP11A,1,1
ABHD12,ATP6V0D2,1,1
ABHD12,BICDL1,1,1
ABHD12,BIRC7,1,1
ABHD12,CD36,1,1
ABHD12,CD40,1,1
ABHD12,CLDN14,1,1
ABHD12,CPTP,1,1
ABHD12,CSF2RA,1,1
ABHD12,DDRGK1,1,1
ABHD12,DPY19L2P2,1,1
ABHD12,DTX3L,1,1
ABHD12,ENTPD6,1,1
ABHD12,FAM102B,1,1
ABHD12,FN1,1,1
ABHD12,GDAP2,1,1
ABHD12,HENMT1,1,1
ABHD12,HERC2P8,1,1
ABHD12,HSPA8P9,1,1
ABHD12,LDLRAD3,1,1
ABHD12,LHX8,1,1
ABHD12,LINS1,1,1
ABHD12,LONRF3,1,1
ABHD12,MLXIP,1,1
ABHD12,MME,1,1
ABHD12,MRFAP1,1,1
ABHD12,NBPF8,1,1
ABHD12,PHGDH,1,1
ABHD12,PIK3R3,1,1
ABHD12,PIM3,1,1
ABHD12,PLEKHA7,1,1
ABHD12,RBX1,1,1
ABHD12,RCN3,1,1
ABHD12,RGS1,1,1
ABHD12,RP11-159J3.1,1,1
ABHD12,RP11-327P2.7,1,1
ABHD12,RPL11,1,1
ABHD12,RPS6KA5,1,1
ABHD12,RTFDC1,1,1
ABHD12,SAMM50,1,1
ABHD12,SCML4,1,1
ABHD12,SERGEF,1,1
ABHD12,SLAMF7,1,1
ABHD12,SLC37A3,1,1
ABHD12,SQRDL,1,1
ABHD12,TMC3,1,1
ABHD12,TMEM144,1,1
ABHD12,TMUB1,1,1
ABHD12,TP73,1,1
ABHD12,TUB,1,1
ABHD12,VAPB,1,1
ABHD12,VAV3,1,1
ABHD12,ZNF503,1,1
ABHD12,ZYG11A,1,1
EIF5A2,ACAN,1,1
EIF5A2,ADAMTS17,1,1
EIF5A2,AKR7A2,1,1
EIF5A2,ANAPC7,1,1
EIF5A2,ANKRD30B,1,1
EIF5A2,APITD1,1,1
EIF5A2,ARHGEF39,1,1
EIF5A2,ATP11A,1,1
EIF5A2,BAIAP2L2,1,1
EIF5A2,BICDL1,1,1
EIF5A2,C1ORF112,1,1
EIF5A2,C2ORF69,1,1
EIF5A2,CAPZA2,1,1
EIF5A2,CARHSP1,1,1
EIF5A2,CDC42,1,1
EIF5A2,CEP41,1,1
EIF5A2,CSDE1,1,1
EIF5A2,DDOST,1,1
EIF5A2,DDT,1,1
EIF5A2,DPY19L2P2,1,1
EIF5A2,EARS2,1,1
EIF5A2,EVL,1,1
EIF5A2,EYA4,1,1
EIF5A2,FN1,1,1
EIF5A2,FOXRED2,1,1
EIF5A2,GGH,1,1
EIF5A2,GLT8D1,1,1
EIF5A2,GNB1L,1,1
EIF5A2,GPR157,1,1
EIF5A2,GXYLT1,1,1
EIF5A2,HERC2P8,1,1
EIF5A2,HEY1,1,1
EIF5A2,ID3,1,1
EIF5A2,IDH3A,1,1
EIF5A2,IMMP2L,1,1
EIF5A2,ITGAV,1,1
EIF5A2,L3MBTL4,1,1
EIF5A2,LMF2,1,1
EIF5A2,LPXN,1,1
EIF5A2,LZIC,1,1
EIF5A2,MAPK1,1,1
EIF5A2,MCM3,1,1
EIF5A2,MFN2,1,1
EIF5A2,MGAM,1,1
EIF5A2,MLLT4,1,1
EIF5A2,MRFAP1,1,1
EIF5A2,MSL3P1,1,1
EIF5A2,MTFP1,1,1
EIF5A2,MTOR,1,1
EIF5A2,NBPF8,1,1
EIF5A2,NRROS,1,1
EIF5A2,NUDCD3,1,1
EIF5A2,NUP50,1,1
EIF5A2,PEX26,1,1
EIF5A2,PHGDH,1,1
EIF5A2,PHTF1,1,1
EIF5A2,PLEKHB2,1,1
EIF5A2,PQLC2,1,1
EIF5A2,PYGB,1,1
EIF5A2,RBM19,1,1
EIF5A2,RBX1,1,1
EIF5A2,RCN3,1,1
EIF5A2,RLBP1,1,1
EIF5A2,RPS6KA5,1,1
EIF5A2,RTCB,1,1
EIF5A2,SAMM50,1,1
EIF5A2,SCML4,1,1
EIF5A2,SLC25A33,1,1
EIF5A2,STK17B,1,1
EIF5A2,TESK2,1,1
EIF5A2,TMEM144,1,1
EIF5A2,TMEM201,1,1
EIF5A2,TMF1,1,1
EIF5A2,TP73,1,1
EIF5A2,TRMU,1,1
EIF5A2,TRPV4,1,1
EIF5A2,UBE2J1,1,1
EIF5A2,VAV3,1,1
EIF5A2,WDR47,1,1
EIF5A2,ZNF503,1,1
PLEKHA7,ACAN,1,1
PLEKHA7,ADAMTS17,1,1
PLEKHA7,ANKRD30B,1,1
PLEKHA7,ARHGEF35,1,1
PLEKHA7,BICDL1,1,1
PLEKHA7,BIRC7,1,1
PLEKHA7,CARHSP1,1,1
PLEKHA7,CCDC36,1,1
PLEKHA7,CLDN14,1,1
PLEKHA7,CPTP,1,1
PLEKHA7,DDRGK1,1,1
PLEKHA7,DPY19L2P2,1,1
PLEKHA7,DTX3L,1,1
PLEKHA7,ENTPD6,1,1
PLEKHA7,GCLM,1,1
PLEKHA7,GDAP2,1,1
PLEKHA7,HENMT1,1,1
PLEKHA7,HERC2P8,1,1
PLEKHA7,HSPA8P9,1,1
PLEKHA7,LHX8,1,1
PLEKHA7,LONRF3,1,1
PLEKHA7,MGAM,1,1
PLEKHA7,PHGDH,1,1
PLEKHA7,PIK3R3,1,1
PLEKHA7,RBM19,1,1
PLEKHA7,RBX1,1,1
PLEKHA7,RP11-159J3.1,1,1
PLEKHA7,RP11-327P2.7,1,1
PLEKHA7,RPS6KA5,1,1
PLEKHA7,RTFDC1,1,1
PLEKHA7,SAMM50,1,1
PLEKHA7,SCML4,1,1
PLEKHA7,SLAMF7,1,1
PLEKHA7,SLC25A33,1,1
PLEKHA7,SMG9,1,1
PLEKHA7,TMC3,1,1
PLEKHA7,TMEM144,1,1
PLEKHA7,TP73,1,1
PLEKHA7,TUB,1,1
PLEKHA7,ZYG11A,1,1
TMEM144,ACAN,1,1
TMEM144,ADAMTS17,1,1
TMEM144,AGA,1,1
TMEM144,ANAPC5,1,1
TMEM144,ANKRD30B,1,1
TMEM144,APITD1,1,1
TMEM144,ATP6V0D2,1,1
TMEM144,BCAS2,1,1
TMEM144,BICDL1,1,1
TMEM144,BIRC7,1,1
TMEM144,BMP8B,1,1
TMEM144,C2ORF69,1,1
TMEM144,CARHSP1,1,1
TMEM144,CCDC18,1,1
TMEM144,CCNO,1,1
TMEM144,CLDN14,1,1
TMEM144,COQ10B,1,1
TMEM144,CPTP,1,1
TMEM144,CSDE1,1,1
TMEM144,CSF2RA,1,1
TMEM144,DPY19L2P2,1,1
TMEM144,DTX3L,1,1
TMEM144,ENTPD6,1,1
TMEM144,FN1,1,1
TMEM144,GDAP2,1,1
TMEM144,GGH,1,1
TMEM144,GNB1L,1,1
TMEM144,GPR157,1,1
TMEM144,GTSE1,1,1
TMEM144,GXYLT1,1,1
TMEM144,HERC2P8,1,1
TMEM144,ID3,1,1
TMEM144,IDH3A,1,1
TMEM144,LHX8,1,1
TMEM144,LONRF3,1,1
TMEM144,LPXN,1,1
TMEM144,MCM3,1,1
TMEM144,MGAM,1,1
TMEM144,MRFAP1,1,1
TMEM144,MTFP1,1,1
TMEM144,NCAPH2,1,1
TMEM144,NRROS,1,1
TMEM144,NT5DC3,1,1
TMEM144,PEX5,1,1
TMEM144,PGAP2,1,1
TMEM144,PHGDH,1,1
TMEM144,PHTF1,1,1
TMEM144,PIK3R3,1,1
TMEM144,PLCB4,1,1
TMEM144,PLEKHB2,1,1
TMEM144,POLE4,1,1
TMEM144,PTTG1,1,1
TMEM144,PYGB,1,1
TMEM144,RBM19,1,1
TMEM144,RBX1,1,1
TMEM144,RNF19A,1,1
TMEM144,RP11-327P2.7,1,1
TMEM144,RPA2,1,1
TMEM144,RPS6KA5,1,1
TMEM144,RTFDC1,1,1
TMEM144,SAMM50,1,1
TMEM144,SCML4,1,1
TMEM144,SERGEF,1,1
TMEM144,SLAMF7,1,1
TMEM144,SLC25A33,1,1
TMEM144,SMG9,1,1
TMEM144,SNRNP25,1,1
TMEM144,STOML2,1,1
TMEM144,TMC3,1,1
TMEM144,TMEM201,1,1
TMEM144,TMF1,1,1
TMEM144,TP73,1,1
TMEM144,TRMU,1,1
TMEM144,TRPV4,1,1
TMEM144,TSN,1,1
TMEM144,TUB,1,1
TMEM144,VAPB,1,1
TMEM144,VAV3,1,1
TMEM144,ZNF189,1,1
TMEM144,ZNF503,1,1
FAM219A,AKAP9,1,1
FAM219A,ARHGAP39,1,1
FAM219A,CREB3,1,1
FAM219A,GTF2H1,1,1
FAM219A,HMOX1,1,1
FAM219A,RAB11FIP4,1,1
FAM219A,SBF1,1,1
FAM219A,SNX8,1,1
FAM219A,TTC21B,1,1
FAM219A,ZNF354A,1,1
FAM86DP,CDK5,1,1
FAM86DP,CHCHD2,1,1
FAM86DP,CMAS,1,1
FAM86DP,ENO1,1,1
FAM86DP,METAP1D,1,1
FAM86DP,MIF,1,1
FAM86DP,MRFAP1L1,1,1
FAM86DP,NIPAL3,1,1
FAM86DP,PNMA1,1,1
FAM86DP,RNF19A,1,1
TONSL,ALDH1B1,1,1
TONSL,APITD1,1,1
TONSL,BCAS2,1,1
TONSL,CEP85,1,1
TONSL,EIF3D,1,1
TONSL,ENO1,1,1
TONSL,GET4,1,1
TONSL,GTPBP10,1,1
TONSL,HOXD4,1,1
TONSL,LUC7L2,1,1
TONSL,NUP43,1,1
TONSL,RBSN,1,1
TONSL,RTCB,1,1
TONSL,SHQ1,1,1
TONSL,STK17B,1,1
TONSL,TRABD,1,1
TONSL,TRMU,1,1
TONSL,WDR77,1,1
PIK3R3,ACAN,1,1
PIK3R3,ADAMTS17,1,1
PIK3R3,AKAP9,1,1
PIK3R3,ANKRD30B,1,1
PIK3R3,APOL1,1,1
PIK3R3,ARHGEF35,1,1
PIK3R3,ATP11A,1,1
PIK3R3,ATP6V0D2,1,1
PIK3R3,BICDL1,1,1
PIK3R3,BIRC7,1,1
PIK3R3,BMP8B,1,1
PIK3R3,CARHSP1,1,1
PIK3R3,CCDC36,1,1
PIK3R3,CD36,1,1
PIK3R3,CD40,1,1
PIK3R3,CLDN14,1,1
PIK3R3,CPTP,1,1
PIK3R3,CSF2RA,1,1
PIK3R3,DDRGK1,1,1
PIK3R3,DOCK9,1,1
PIK3R3,DPY19L2P2,1,1
PIK3R3,DTNBP1,1,1
PIK3R3,DTX3L,1,1
PIK3R3,ENTPD6,1,1
PIK3R3,FAM102B,1,1
PIK3R3,FGFR1OP2,1,1
PIK3R3,FN1,1,1
PIK3R3,GCLM,1,1
PIK3R3,GDAP2,1,1
PIK3R3,HENMT1,1,1
PIK3R3,HERC2P8,1,1
PIK3R3,HSPA8P9,1,1
PIK3R3,IDH3B,1,1
PIK3R3,KIN,1,1
PIK3R3,LDLRAD3,1,1
PIK3R3,LHX8,1,1
PIK3R3,LINS1,1,1
PIK3R3,LONRF3,1,1
PIK3R3,MLXIP,1,1
PIK3R3,MRFAP1,1,1
PIK3R3,NBPF8,1,1
PIK3R3,NT5DC3,1,1
PIK3R3,PEX5,1,1
PIK3R3,PHGDH,1,1
PIK3R3,PIM3,1,1
PIK3R3,POLE4,1,1
PIK3R3,PPP1R12B,1,1
PIK3R3,RBX1,1,1
PIK3R3,RGS1,1,1
PIK3R3,RP11-159J3.1,1,1
PIK3R3,RP11-327P2.7,1,1
PIK3R3,RPL11,1,1
PIK3R3,RPS6KA5,1,1
PIK3R3,RTFDC1,1,1
PIK3R3,SAMM50,1,1
PIK3R3,SCML4,1,1
PIK3R3,SERGEF,1,1
PIK3R3,SLAMF7,1,1
PIK3R3,SLC25A33,1,1
PIK3R3,SLC37A3,1,1
PIK3R3,SMG9,1,1
PIK3R3,SQRDL,1,1
PIK3R3,TMC3,1,1
PIK3R3,TMUB1,1,1
PIK3R3,TP73,1,1
PIK3R3,TUB,1,1
PIK3R3,UBE2J1,1,1
PIK3R3,VAPB,1,1
PIK3R3,VAV3,1,1
PIK3R3,ZNF503,1,1
PIK3R3,ZNF585B,1,1
PIK3R3,ZYG11A,1,1
FPGT,AGA,1,1
FPGT,CD68,1,1
FPGT,DTX3L,1,1
FPGT,FZD4,1,1
FPGT,GDAP2,1,1
FPGT,GLRX,1,1
FPGT,NAB1,1,1
FPGT,RTFDC1,1,1
FPGT,SLX4IP,1,1
CHMP4A,AGL,1,1
CHMP4A,TM9SF1,1,1
MRPL58,ATF7IP,1,1
MRPL58,ATP6V1F,1,1
MRPL58,ATP7B,1,1
MRPL58,CEP131,1,1
MRPL58,DET1,1,1
MRPL58,EVA1A,1,1
MRPL58,GALNS,1,1
MRPL58,GUCD1,1,1
MRPL58,MAP9,1,1
MRPL58,METRNL,1,1
MRPL58,MTA1,1,1
MRPL58,NADK,1,1
MRPL58,NAGA,1,1
MRPL58,NT5DC1,1,1
MRPL58,PSEN2,1,1
MRPL58,RBBP4,1,1
MRPL58,RMND1,1,1
MRPL58,RRBP1,1,1
MRPL58,SLC23A2,1,1
MRPL58,ZNF706,1,1
MRPL58,ZNF814,1,1
PDCD6,ARHGEF39,1,1
PDCD6,ATXN7L3,1,1
PDCD6,ATXN7L3B,1,1
PDCD6,CARD14,1,1
PDCD6,CHEK2,1,1
PDCD6,DYNC1I1,1,1
PDCD6,KDELC1,1,1
PDCD6,MRPS5,1,1
PDCD6,PANX2,1,1
PDCD6,PXDN,1,1
PDCD6,RNF43,1,1
PDCD6,SORL1,1,1
PDCD6,STRIP2,1,1
PDCD6,ZC3HC1,1,1
RMND1,ATP7B,1,1
RMND1,EVA1A,1,1
RMND1,MAP9,1,1
RMND1,MRPS33,1,1
RMND1,NADK,1,1
RMND1,NAGA,1,1
RMND1,NT5DC1,1,1
RMND1,TMEM51,1,1
RMND1,ZNF706,1,1
RMND1,ZNF814,1,1
TARBP2,GET4,1,1
FAM189B,CD40,1,1
FAM189B,COMMD9,1,1
FAM189B,FGFR1OP2,1,1
FAM189B,LINS1,1,1
FAM189B,MME,1,1
FAM189B,NAV2,1,1
FAM189B,TGFBRAP1,1,1
FAM189B,UBE2L3,1,1
FAM189B,ZC3H4,1,1
FAM189B,ZNF525,1,1
HIPK2,CDKN2D,1,1
HIPK2,MFSD2A,1,1
MAP4K3,CAP1,1,1
MAP4K3,DOCK9,1,1
MAP4K3,GDAP2,1,1
MAP4K3,MRPL46,1,1
MAP4K3,RTFDC1,1,1
MAP4K3,SLAMF7,1,1
MAP4K3,TSN,1,1
MAP4K3,VAPB,1,1
RLBP1,ADAMTS17,1,1
RLBP1,ALDH1B1,1,1
RLBP1,APITD1,1,1
RLBP1,ARHGEF39,1,1
RLBP1,B3GALT6,1,1
RLBP1,BCAS2,1,1
RLBP1,C2ORF69,1,1
RLBP1,CAPZA2,1,1
RLBP1,CHRNA7,1,1
RLBP1,COQ10B,1,1
RLBP1,CSDE1,1,1
RLBP1,DDOST,1,1
RLBP1,DDT,1,1
RLBP1,EYA4,1,1
RLBP1,GNB1L,1,1
RLBP1,GPR157,1,1
RLBP1,GTPBP10,1,1
RLBP1,GXYLT1,1,1
RLBP1,HEY1,1,1
RLBP1,ID3,1,1
RLBP1,ITGAV,1,1
RLBP1,LPXN,1,1
RLBP1,MLLT4,1,1
RLBP1,MRFAP1,1,1
RLBP1,MTFP1,1,1
RLBP1,NUP43,1,1
RLBP1,NUP50,1,1
RLBP1,PHTF1,1,1
RLBP1,PLCB4,1,1
RLBP1,PYGB,1,1
RLBP1,RNF19A,1,1
RLBP1,RRP7BP,1,1
RLBP1,RTCB,1,1
RLBP1,SLC16A1,1,1
RLBP1,STK17B,1,1
RLBP1,STRIP2,1,1
RLBP1,TMED9,1,1
RLBP1,TMF1,1,1
RLBP1,TRABD,1,1
RLBP1,TRMU,1,1
RLBP1,TRPV4,1,1
RLBP1,WDR77,1,1
MAPK1,AC013264.1,1,1
MAPK1,AKR7A2,1,1
MAPK1,ANKRD30B,1,1
MAPK1,ATP11A,1,1
MAPK1,ATP6V1C1,1,1
MAPK1,C7ORF49,1,1
MAPK1,CARHSP1,1,1
MAPK1,CD36,1,1
MAPK1,CDC42,1,1
MAPK1,DDRGK1,1,1
MAPK1,DPY19L2P2,1,1
MAPK1,DTNBP1,1,1
MAPK1,EARS2,1,1
MAPK1,FAM102B,1,1
MAPK1,FAM167B,1,1
MAPK1,GAB2,1,1
MAPK1,GUCD1,1,1
MAPK1,JAK2,1,1
MAPK1,LAMTOR5,1,1
MAPK1,LDLRAD3,1,1
MAPK1,LMF2,1,1
MAPK1,LONRF3,1,1
MAPK1,LZIC,1,1
MAPK1,MED15,1,1
MAPK1,MESDC1,1,1
MAPK1,MLXIP,1,1
MAPK1,MTOR,1,1
MAPK1,NADK,1,1
MAPK1,NBPF8,1,1
MAPK1,NRROS,1,1
MAPK1,PEX10,1,1
MAPK1,PEX26,1,1
MAPK1,PHGDH,1,1
MAPK1,PNKD,1,1
MAPK1,POLG,1,1
MAPK1,PQLC2,1,1
MAPK1,REPS1,1,1
MAPK1,RRBP1,1,1
MAPK1,SAMM50,1,1
MAPK1,SBF1,1,1
MAPK1,SLC23A2,1,1
MAPK1,SLC25A33,1,1
MAPK1,SLC37A3,1,1
MAPK1,SQSTM1,1,1
MAPK1,TESK2,1,1
MAPK1,TMEM51,1,1
MAPK1,TXN2,1,1
MAPK1,UBE2J1,1,1
MAPK1,VAV3,1,1
MAPK1,VCP,1,1
MAPK1,WDR47,1,1
MAPK1,ZNF503,1,1
ALKBH6,ARHGEF39,1,1
ALKBH6,ATXN7L3B,1,1
ALKBH6,CARD14,1,1
ALKBH6,CHEK2,1,1
ALKBH6,DYNC1I1,1,1
ALKBH6,FBXO6,1,1
ALKBH6,L3MBTL4,1,1
ALKBH6,PANX2,1,1
ALKBH6,RNF43,1,1
ALKBH6,STRIP2,1,1
ALKBH6,TMED9,1,1
GCLM,ACAN,1,1
GCLM,ADAMTS17,1,1
GCLM,ANKRD30B,1,1
GCLM,ARHGEF35,1,1
GCLM,ATP6V0D2,1,1
GCLM,BICDL1,1,1
GCLM,BIRC7,1,1
GCLM,CCDC36,1,1
GCLM,CPTP,1,1
GCLM,DDRGK1,1,1
GCLM,DPY19L2P2,1,1
GCLM,ECHDC1,1,1
GCLM,ENTPD6,1,1
GCLM,FAM102B,1,1
GCLM,GDAP2,1,1
GCLM,GLT8D1,1,1
GCLM,GTF2H1,1,1
GCLM,HENMT1,1,1
GCLM,HMOX1,1,1
GCLM,HSPA8P9,1,1
GCLM,KIN,1,1
GCLM,LHX8,1,1
GCLM,LINS1,1,1
GCLM,LONRF3,1,1
GCLM,MTERF1,1,1
GCLM,PIM3,1,1
GCLM,RBM19,1,1
GCLM,RP11-159J3.1,1,1
GCLM,RP11-327P2.7,1,1
GCLM,RPS6KA5,1,1
GCLM,SAMM50,1,1
GCLM,SCML4,1,1
GCLM,SLAMF7,1,1
GCLM,SLC25A33,1,1
GCLM,SQRDL,1,1
GCLM,SRBD1,1,1
GCLM,TGFBRAP1,1,1
GCLM,TMC3,1,1
GCLM,TP73,1,1
GCLM,TUB,1,1
GCLM,UBE2J1,1,1
GCLM,VAPB,1,1
GCLM,VAV3,1,1
GCLM,ZNHIT3,1,1
GCLM,ZYG11A,1,1
ABTB2,SQSTM1,1,1
LMAN2L,BAIAP2L2,1,1
LMAN2L,CEP41,1,1
LMAN2L,FOXRED2,1,1
LMAN2L,MSL3P1,1,1
LMAN2L,PLOD2,1,1
LMAN2L,PPFIBP1,1,1
LMAN2L,RNF207,1,1
LMAN2L,SFT2D2,1,1
LMAN2L,STK11IP,1,1
LMAN2L,SYPL1,1,1
LMAN2L,TMED9,1,1
DDOST,ADAMTS17,1,1
DDOST,AKR7A2,1,1
DDOST,ALDH1B1,1,1
DDOST,APITD1,1,1
DDOST,ARHGAP18,1,1
DDOST,ARHGEF39,1,1
DDOST,ATXN7L3B,1,1
DDOST,B3GALT6,1,1
DDOST,BAIAP2L2,1,1
DDOST,BET1,1,1
DDOST,C1ORF112,1,1
DDOST,CAPZA2,1,1
DDOST,CARD16,1,1
DDOST,CARHSP1,1,1
DDOST,CEP41,1,1
DDOST,CHEK2,1,1
DDOST,CMAS,1,1
DDOST,CSDE1,1,1
DDOST,DDT,1,1
DDOST,DYNC1I1,1,1
DDOST,ENO1,1,1
DDOST,EYA4,1,1
DDOST,FBXO6,1,1
DDOST,FOXRED2,1,1
DDOST,GET4,1,1
DDOST,GGH,1,1
DDOST,GNB1L,1,1
DDOST,GPR157,1,1
DDOST,HEY1,1,1
DDOST,HOXD4,1,1
DDOST,ID3,1,1
DDOST,IMMP2L,1,1
DDOST,ITGAV,1,1
DDOST,KDELC1,1,1
DDOST,L3MBTL4,1,1
DDOST,LPXN,1,1
DDOST,MFN2,1,1
DDOST,MLLT4,1,1
DDOST,MRFAP1,1,1
DDOST,MSL3P1,1,1
DDOST,MTFP1,1,1
DDOST,NIPAL3,1,1
DDOST,NRROS,1,1
DDOST,NUDCD3,1,1
DDOST,NUP43,1,1
DDOST,PANX2,1,1
DDOST,PHTF1,1,1
DDOST,PPFIBP1,1,1
DDOST,PYGB,1,1
DDOST,RCN3,1,1
DDOST,RFX7,1,1
DDOST,RNF19A,1,1
DDOST,RNF43,1,1
DDOST,RRP7BP,1,1
DDOST,RTCB,1,1
DDOST,SNRNP25,1,1
DDOST,SORL1,1,1
DDOST,STK17B,1,1
DDOST,STRIP2,1,1
DDOST,SYPL1,1,1
DDOST,TBCA,1,1
DDOST,TMED9,1,1
DDOST,TMEM242,1,1
DDOST,TMF1,1,1
DDOST,TRABD,1,1
DDOST,TRMU,1,1
DDOST,TRPV4,1,1
DDOST,WDR77,1,1
DDOST,ZC3HC1,1,1
DDOST,ZNF503,1,1
CCDC36,AC013264.1,1,1
CCDC36,ACAN,1,1
CCDC36,AKAP9,1,1
CCDC36,ANKRD30B,1,1
CCDC36,ARHGEF35,1,1
CCDC36,ATP11A,1,1
CCDC36,ATP6V1C1,1,1
CCDC36,BIRC7,1,1
CCDC36,CAP1,1,1
CCDC36,CCDC115,1,1
CCDC36,CD40,1,1
CCDC36,CDC42,1,1
CCDC36,CPTP,1,1
CCDC36,DDRGK1,1,1
CCDC36,DPY19L2P2,1,1
CCDC36,DTNBP1,1,1
CCDC36,ECHDC1,1,1
CCDC36,ENTPD6,1,1
CCDC36,FAM102B,1,1
CCDC36,GDAP2,1,1
CCDC36,GTF2H1,1,1
CCDC36,HENMT1,1,1
CCDC36,HSPA8P9,1,1
CCDC36,LDLRAD3,1,1
CCDC36,LHX8,1,1
CCDC36,LINS1,1,1
CCDC36,LONRF3,1,1
CCDC36,LZIC,1,1
CCDC36,MLXIP,1,1
CCDC36,NAV2,1,1
CCDC36,PHGDH,1,1
CCDC36,RAB11FIP4,1,1
CCDC36,RBBP4,1,1
CCDC36,RGS1,1,1
CCDC36,RP11-159J3.1,1,1
CCDC36,RP11-327P2.7,1,1
CCDC36,RPS6KA5,1,1
CCDC36,RTCA,1,1
CCDC36,SAMM50,1,1
CCDC36,SBF1,1,1
CCDC36,SLC37A3,1,1
CCDC36,TMC3,1,1
CCDC36,TMEM51,1,1
CCDC36,TP73,1,1
CCDC36,TUB,1,1
CCDC36,VAPB,1,1
CCDC36,ZYG11A,1,1
PIM3,ACAN,1,1
PIM3,ANKRD30B,1,1
PIM3,APOL1,1,1
PIM3,ARHGEF35,1,1
PIM3,ATP6V0D2,1,1
PIM3,BICDL1,1,1
PIM3,BIRC7,1,1
PIM3,CENPB,1,1
PIM3,CLDN14,1,1
PIM3,CPTP,1,1
PIM3,DDRGK1,1,1
PIM3,DOCK9,1,1
PIM3,DPY19L2P2,1,1
PIM3,DTX3L,1,1
PIM3,ENTPD6,1,1
PIM3,FAM102B,1,1
PIM3,FAM110A,1,1
PIM3,FGFR1OP2,1,1
PIM3,GDAP2,1,1
PIM3,GLTP,1,1
PIM3,HENMT1,1,1
PIM3,IDH3B,1,1
PIM3,KIN,1,1
PIM3,LHX8,1,1
PIM3,LINS1,1,1
PIM3,LONRF3,1,1
PIM3,MME,1,1
PIM3,MRPL46,1,1
PIM3,POLE4,1,1
PIM3,PPP1R12B,1,1
PIM3,RBFA,1,1
PIM3,RGS1,1,1
PIM3,RP11-159J3.1,1,1
PIM3,RP11-327P2.7,1,1
PIM3,RPL11,1,1
PIM3,RPS6KA5,1,1
PIM3,RTCA,1,1
PIM3,RTFDC1,1,1
PIM3,SLAMF7,1,1
PIM3,SMG9,1,1
PIM3,SQRDL,1,1
PIM3,TMC3,1,1
PIM3,TP73,1,1
PIM3,TUB,1,1
PIM3,VAPB,1,1
PIM3,ZC3H4,1,1
PIM3,ZNF525,1,1
PIM3,ZNF585B,1,1
PIM3,ZNHIT3,1,1
PIM3,ZYG11A,1,1
LIMD1,OAS2,1,1
LIMD1,OR2A20P,1,1
CARHSP1,ACAN,1,1
CARHSP1,ADAMTS17,1,1
CARHSP1,AKR7A2,1,1
CARHSP1,ANAPC5,1,1
CARHSP1,ANAPC7,1,1
CARHSP1,ANKRD30B,1,1
CARHSP1,APITD1,1,1
CARHSP1,ARHGEF39,1,1
CARHSP1,ATP11A,1,1
CARHSP1,BAIAP2L2,1,1
CARHSP1,BICDL1,1,1
CARHSP1,CAPZA2,1,1
CARHSP1,CARD16,1,1
CARHSP1,CD36,1,1
CARHSP1,CDC42,1,1
CARHSP1,CLDN14,1,1
CARHSP1,CPTP,1,1
CARHSP1,CSDE1,1,1
CARHSP1,DDT,1,1
CARHSP1,DPY19L2P2,1,1
CARHSP1,DTNBP1,1,1
CARHSP1,EARS2,1,1
CARHSP1,EPS15L1,1,1
CARHSP1,EYA4,1,1
CARHSP1,FN1,1,1
CARHSP1,FOXRED2,1,1
CARHSP1,GGH,1,1
CARHSP1,GLT8D1,1,1
CARHSP1,GNB1L,1,1
CARHSP1,GPR157,1,1
CARHSP1,GXYLT1,1,1
CARHSP1,HERC2P8,1,1
CARHSP1,HEY1,1,1
CARHSP1,IDH3A,1,1
CARHSP1,IMMP2L,1,1
CARHSP1,L3MBTL4,1,1
CARHSP1,LONRF3,1,1
CARHSP1,LPXN,1,1
CARHSP1,MCM3,1,1
CARHSP1,MED15,1,1
CARHSP1,MFN2,1,1
CARHSP1,MGAM,1,1
CARHSP1,MLLT4,1,1
CARHSP1,MLXIP,1,1
CARHSP1,MRFAP1,1,1
CARHSP1,MTFP1,1,1
CARHSP1,MTOR,1,1
CARHSP1,NBPF8,1,1
CARHSP1,NRROS,1,1
CARHSP1,PEX26,1,1
CARHSP1,PHGDH,1,1
CARHSP1,PHTF1,1,1
CARHSP1,PLEKHB2,1,1
CARHSP1,PNKD,1,1
CARHSP1,PQLC2,1,1
CARHSP1,PTTG1,1,1
CARHSP1,PYGB,1,1
CARHSP1,RBM19,1,1
CARHSP1,RBX1,1,1
CARHSP1,RCN3,1,1
CARHSP1,REPS1,1,1
CARHSP1,RP11-327P2.7,1,1
CARHSP1,RPS6KA5,1,1
CARHSP1,RTCB,1,1
CARHSP1,SAMM50,1,1
CARHSP1,SCML4,1,1
CARHSP1,SERGEF,1,1
CARHSP1,SLC25A33,1,1
CARHSP1,SNRNP25,1,1
CARHSP1,TMC3,1,1
CARHSP1,TMEM201,1,1
CARHSP1,TMF1,1,1
CARHSP1,TP73,1,1
CARHSP1,TRMU,1,1
CARHSP1,TRPV4,1,1
CARHSP1,TXN2,1,1
CARHSP1,UBE2J1,1,1
CARHSP1,VAV3,1,1
CARHSP1,WDR47,1,1
CARHSP1,ZC3HC1,1,1
CARHSP1,ZNF503,1,1
ZNF3,PABPC4,1,1
ZNF3,SYPL1,1,1
ZNF3,TEAD2,1,1
RGS1,ANKRD30B,1,1
RGS1,ARHGEF35,1,1
RGS1,BIRC7,1,1
RGS1,CD36,1,1
RGS1,CD40,1,1
RGS1,CPTP,1,1
RGS1,DDRGK1,1,1
RGS1,DPY19L2P2,1,1
RGS1,EIF5AL1,1,1
RGS1,ENTPD6,1,1
RGS1,FAM102B,1,1
RGS1,FGFR1OP2,1,1
RGS1,GUCD1,1,1
RGS1,HENMT1,1,1
RGS1,LDLRAD3,1,1
RGS1,LINS1,1,1
RGS1,LMF2,1,1
RGS1,LONRF3,1,1
RGS1,MME,1,1
RGS1,MYB,1,1
RGS1,NAV2,1,1
RGS1,PHGDH,1,1
RGS1,RBBP4,1,1
RGS1,RP11-327P2.7,1,1
RGS1,RPL11,1,1
RGS1,RPS6KA5,1,1
RGS1,SLC37A3,1,1
RGS1,SQRDL,1,1
RGS1,ZC3H4,1,1
RGS1,ZYG11A,1,1
MME,ARHGEF35,1,1
MME,BIRC7,1,1
MME,CD40,1,1
MME,EIF5AL1,1,1
MME,FAM102B,1,1
MME,FGFR1OP2,1,1
MME,HENMT1,1,1
MME,KIN,1,1
MME,LDLRAD3,1,1
MME,LINS1,1,1
MME,LONRF3,1,1
MME,MYB,1,1
MME,RTCA,1,1
MME,ZC3H4,1,1
MME,ZNF525,1,1
LONRF3,ACAN,1,1
LONRF3,ADAMTS17,1,1
LONRF3,AKAP9,1,1
LONRF3,AKR7A2,1,1
LONRF3,ANKRD30B,1,1
LONRF3,APOL1,1,1
LONRF3,ARHGEF35,1,1
LONRF3,ATP11A,1,1
LONRF3,ATP6V0D2,1,1
LONRF3,BICDL1,1,1
LONRF3,BIRC7,1,1
LONRF3,CAP1,1,1
LONRF3,CD36,1,1
LONRF3,CD40,1,1
LONRF3,CDC42,1,1
LONRF3,CLDN14,1,1
LONRF3,CPTP,1,1
LONRF3,CSF2RA,1,1
LONRF3,DDRGK1,1,1
LONRF3,DPY19L2P2,1,1
LONRF3,DTNBP1,1,1
LONRF3,DTX3L,1,1
LONRF3,ECHDC1,1,1
LONRF3,ENTPD6,1,1
LONRF3,FAM102B,1,1
LONRF3,FGFR1OP2,1,1
LONRF3,FN1,1,1
LONRF3,GDAP2,1,1
LONRF3,HENMT1,1,1
LONRF3,HERC2P8,1,1
LONRF3,HSPA8P9,1,1
LONRF3,KIN,1,1
LONRF3,LDLRAD3,1,1
LONRF3,LHX8,1,1
LONRF3,LINS1,1,1
LONRF3,MLXIP,1,1
LONRF3,MTOR,1,1
LONRF3,NAV2,1,1
LONRF3,NBPF8,1,1
LONRF3,PEX5,1,1
LONRF3,PHGDH,1,1
LONRF3,PPP1R12B,1,1
LONRF3,RBM19,1,1
LONRF3,RBX1,1,1
LONRF3,RP11-159J3.1,1,1
LONRF3,RP11-327P2.7,1,1
LONRF3,RPL11,1,1
LONRF3,RPS6KA5,1,1
LONRF3,RTFDC1,1,1
LONRF3,SAMM50,1,1
LONRF3,SBF1,1,1
LONRF3,SCML4,1,1
LONRF3,SERGEF,1,1
LONRF3,SLAMF7,1,1
LONRF3,SLC25A33,1,1
LONRF3,SLC37A3,1,1
LONRF3,SQRDL,1,1
LONRF3,TMC3,1,1
LONRF3,TMUB1,1,1
LONRF3,TP73,1,1
LONRF3,TUB,1,1
LONRF3,UBE2J1,1,1
LONRF3,VAPB,1,1
LONRF3,VAV3,1,1
LONRF3,WDR47,1,1
LONRF3,ZC3H4,1,1
LONRF3,ZNF503,1,1
LONRF3,ZYG11A,1,1
PTDSS2,ARHGAP39,1,1
PTDSS2,COMMD9,1,1
PTDSS2,GTF2H1,1,1
PTDSS2,STIM1,1,1
PTDSS2,TRPS1,1,1
ASXL2,CDC40,1,1
SNX8,AC013264.1,1,1
SNX8,ATP6V1C1,1,1
SNX8,ATP6V1F,1,1
SNX8,ATP7B,1,1
SNX8,CBX5,1,1
SNX8,CCDC115,1,1
SNX8,CREB3,1,1
SNX8,CTD-3214H19.4,1,1
SNX8,DET1,1,1
SNX8,DTNBP1,1,1
SNX8,EVA1A,1,1
SNX8,GPD1L,1,1
SNX8,GTF2H1,1,1
SNX8,GUCD1,1,1
SNX8,HMOX1,1,1
SNX8,MAP9,1,1
SNX8,MLF 2.00,1,1
SNX8,NAGA,1,1
SNX8,NHEJ1,1,1
SNX8,OAT,1,1
SNX8,PER3,1,1
SNX8,PYCARD,1,1
SNX8,RAB11FIP4,1,1
SNX8,RBBP4,1,1
SNX8,SBF1,1,1
SNX8,SLC37A3,1,1
SNX8,STXBP2,1,1
SNX8,TMEM51,1,1
ACAN,ADAMTS17,1,1
ACAN,AKR7A2,1,1
ACAN,ANKRD30B,1,1
ACAN,APOL1,1,1
ACAN,ARHGEF35,1,1
ACAN,ATP11A,1,1
ACAN,ATP6V0D2,1,1
ACAN,BICDL1,1,1
ACAN,BIRC7,1,1
ACAN,BMP8B,1,1
ACAN,C2ORF69,1,1
ACAN,CD36,1,1
ACAN,CLDN14,1,1
ACAN,CPTP,1,1
ACAN,CSF2RA,1,1
ACAN,DDRGK1,1,1
ACAN,DPY19L2P2,1,1
ACAN,DTNBP1,1,1
ACAN,DTX3L,1,1
ACAN,ECHDC1,1,1
ACAN,ENTPD6,1,1
ACAN,FAM102B,1,1
ACAN,FN1,1,1
ACAN,GDAP2,1,1
ACAN,GNB1L,1,1
ACAN,GPR157,1,1
ACAN,HENMT1,1,1
ACAN,HERC2P8,1,1
ACAN,HSPA8P9,1,1
ACAN,LHX8,1,1
ACAN,LINS1,1,1
ACAN,LMF2,1,1
ACAN,LPXN,1,1
ACAN,MCM3,1,1
ACAN,MLXIP,1,1
ACAN,MRFAP1,1,1
ACAN,MTFP1,1,1
ACAN,MTOR,1,1
ACAN,NBPF8,1,1
ACAN,NRROS,1,1
ACAN,NT5DC3,1,1
ACAN,PEX26,1,1
ACAN,PHGDH,1,1
ACAN,PHTF1,1,1
ACAN,POLE4,1,1
ACAN,PYGB,1,1
ACAN,RBM19,1,1
ACAN,RBX1,1,1
ACAN,RCN3,1,1
ACAN,RP11-159J3.1,1,1
ACAN,RP11-327P2.7,1,1
ACAN,RPA2,1,1
ACAN,RPL11,1,1
ACAN,RPS6KA5,1,1
ACAN,RTFDC1,1,1
ACAN,SAMM50,1,1
ACAN,SCML4,1,1
ACAN,SERGEF,1,1
ACAN,SLAMF7,1,1
ACAN,SLC25A33,1,1
ACAN,SLC37A3,1,1
ACAN,SMG9,1,1
ACAN,SNRNP25,1,1
ACAN,SQRDL,1,1
ACAN,TMC3,1,1
ACAN,TMEM201,1,1
ACAN,TMF1,1,1
ACAN,TMUB1,1,1
ACAN,TP73,1,1
ACAN,TRPV4,1,1
ACAN,TUB,1,1
ACAN,UBE2J1,1,1
ACAN,VAPB,1,1
ACAN,VAV3,1,1
ACAN,WDR47,1,1
ACAN,ZNF503,1,1
ACAN,ZYG11A,1,1
AKR7A2,AC013264.1,1,1
AKR7A2,ADAMTS17,1,1
AKR7A2,ANAPC7,1,1
AKR7A2,ANKRD30B,1,1
AKR7A2,ATP11A,1,1
AKR7A2,ATP6V1C1,1,1
AKR7A2,BAIAP2L2,1,1
AKR7A2,BICDL1,1,1
AKR7A2,CARD16,1,1
AKR7A2,CDC42,1,1
AKR7A2,CEP41,1,1
AKR7A2,DPY19L2P2,1,1
AKR7A2,DTNBP1,1,1
AKR7A2,EARS2,1,1
AKR7A2,FAM102B,1,1
AKR7A2,FAM167B,1,1
AKR7A2,FBXO6,1,1
AKR7A2,FN1,1,1
AKR7A2,FOXRED2,1,1
AKR7A2,GAB2,1,1
AKR7A2,GNB1L,1,1
AKR7A2,GPR157,1,1
AKR7A2,HERC2P8,1,1
AKR7A2,HEY1,1,1
AKR7A2,HTRA1,1,1
AKR7A2,IDH3A,1,1
AKR7A2,IGF1R,1,1
AKR7A2,IMMP2L,1,1
AKR7A2,JAK2,1,1
AKR7A2,L3MBTL4,1,1
AKR7A2,LAMTOR5,1,1
AKR7A2,LMF2,1,1
AKR7A2,LPXN,1,1
AKR7A2,LZIC,1,1
AKR7A2,MED15,1,1
AKR7A2,MESDC1,1,1
AKR7A2,MFN2,1,1
AKR7A2,MLLT4,1,1
AKR7A2,MLXIP,1,1
AKR7A2,MRFAP1,1,1
AKR7A2,MSL3P1,1,1
AKR7A2,MTOR,1,1
AKR7A2,NADK,1,1
AKR7A2,NBPF8,1,1
AKR7A2,NRROS,1,1
AKR7A2,PEX10,1,1
AKR7A2,PEX26,1,1
AKR7A2,PHGDH,1,1
AKR7A2,PHTF1,1,1
AKR7A2,PNKD,1,1
AKR7A2,POLG,1,1
AKR7A2,PQLC2,1,1
AKR7A2,RBM19,1,1
AKR7A2,RBX1,1,1
AKR7A2,RCN3,1,1
AKR7A2,REPS1,1,1
AKR7A2,RPL11,1,1
AKR7A2,RPS6KA5,1,1
AKR7A2,RRBP1,1,1
AKR7A2,SAMM50,1,1
AKR7A2,SBF1,1,1
AKR7A2,SCML4,1,1
AKR7A2,SERGEF,1,1
AKR7A2,SLC23A2,1,1
AKR7A2,SLC25A33,1,1
AKR7A2,SLC37A3,1,1
AKR7A2,SQSTM1,1,1
AKR7A2,TESK2,1,1
AKR7A2,TMEM201,1,1
AKR7A2,TMEM51,1,1
AKR7A2,TMF1,1,1
AKR7A2,TP73,1,1
AKR7A2,TXN2,1,1
AKR7A2,UBE2J1,1,1
AKR7A2,VAV3,1,1
AKR7A2,VCP,1,1
AKR7A2,WDR47,1,1
AKR7A2,ZNF503,1,1
RBM39,CARS2,1,1
RBM39,FGFR1OP2,1,1
RBM39,LDOC1,1,1
RBM39,MID1IP1,1,1
RBM39,NIPA2,1,1
RBM39,RBFA,1,1
RBM39,RTCA,1,1
RBM39,UBE2L3,1,1
CCNL2,SLC41A1,1,1
CDC42,AC013264.1,1,1
CDC42,ANKRD30B,1,1
CDC42,ARHGEF35,1,1
CDC42,ATP11A,1,1
CDC42,ATP6V1C1,1,1
CDC42,C7ORF49,1,1
CDC42,CD36,1,1
CDC42,CD40,1,1
CDC42,DDRGK1,1,1
CDC42,DPY19L2P2,1,1
CDC42,DTNBP1,1,1
CDC42,EARS2,1,1
CDC42,ECHDC1,1,1
CDC42,FAM102B,1,1
CDC42,GUCD1,1,1
CDC42,HENMT1,1,1
CDC42,JAK2,1,1
CDC42,LDLRAD3,1,1
CDC42,LINS1,1,1
CDC42,LMF2,1,1
CDC42,LZIC,1,1
CDC42,MED15,1,1
CDC42,MESDC1,1,1
CDC42,MLXIP,1,1
CDC42,MTOR,1,1
CDC42,NRROS,1,1
CDC42,PEX10,1,1
CDC42,PEX26,1,1
CDC42,PHGDH,1,1
CDC42,PNKD,1,1
CDC42,PQLC2,1,1
CDC42,RBM19,1,1
CDC42,RP11-327P2.7,1,1
CDC42,RPS6KA5,1,1
CDC42,RRBP1,1,1
CDC42,SAMM50,1,1
CDC42,SBF1,1,1
CDC42,SLC25A33,1,1
CDC42,SLC37A3,1,1
CDC42,TESK2,1,1
CDC42,TMEM51,1,1
CDC42,UBE2J1,1,1
CDC42,VAV3,1,1
CDC42,VCP,1,1
CDC42,WDR47,1,1
CDC42,ZNF503,1,1
MTA1,AC013264.1,1,1
MTA1,ATP6V1F,1,1
MTA1,CAMTA1,1,1
MTA1,DPCD,1,1
MTA1,EVA1A,1,1
MTA1,GLIS2,1,1
MTA1,MAP9,1,1
MTA1,METRNL,1,1
MTA1,NADK,1,1
MTA1,NAGA,1,1
MTA1,NT5DC1,1,1
MTA1,SPECC1,1,1
MTA1,TMEM51,1,1
MTA1,ZFYVE16,1,1
RNF19A,APITD1,1,1
RNF19A,BCAS2,1,1
RNF19A,BMP8B,1,1
RNF19A,CAPZA2,1,1
RNF19A,CDK5,1,1
RNF19A,COQ10B,1,1
RNF19A,CSDE1,1,1
RNF19A,DDT,1,1
RNF19A,EYA4,1,1
RNF19A,GLS,1,1
RNF19A,GNB1L,1,1
RNF19A,GPR157,1,1
RNF19A,GTPBP10,1,1
RNF19A,GXYLT1,1,1
RNF19A,HEY1,1,1
RNF19A,ID3,1,1
RNF19A,LPXN,1,1
RNF19A,NRROS,1,1
RNF19A,NUP50,1,1
RNF19A,PICK1,1,1
RNF19A,PLCB4,1,1
RNF19A,PLEKHB2,1,1
RNF19A,PYGB,1,1
RNF19A,STK17B,1,1
RNF19A,TMF1,1,1
RNF19A,TRPV4,1,1
RNF19A,XPC,1,1
NAB1,AGA,1,1
NAB1,BMP8B,1,1
NAB1,CCNO,1,1
NAB1,CD68,1,1
NAB1,DTX3L,1,1
NAB1,GDAP2,1,1
NAB1,GLRX,1,1
NAB1,MCAM,1,1
NAB1,NT5DC3,1,1
NAB1,PGAP2,1,1
NAB1,RTFDC1,1,1
NAB1,SLX4IP,1,1
UBXN8,ISCA2,1,1
UBXN8,SEPT8,1,1
UBXN8,SLC16A1,1,1
APOL1,ADAMTS17,1,1
APOL1,ANKRD30B,1,1
APOL1,ATP6V0D2,1,1
APOL1,BICDL1,1,1
APOL1,BIRC7,1,1
APOL1,CLDN14,1,1
APOL1,CSF2RA,1,1
APOL1,DPY19L2P2,1,1
APOL1,DTX3L,1,1
APOL1,ENTPD6,1,1
APOL1,FAM102B,1,1
APOL1,FN1,1,1
APOL1,GDAP2,1,1
APOL1,LDLRAD3,1,1
APOL1,NBPF8,1,1
APOL1,PHGDH,1,1
APOL1,PSCA,1,1
APOL1,RP11-159J3.1,1,1
APOL1,RPL11,1,1
APOL1,SCML4,1,1
APOL1,SERGEF,1,1
APOL1,SPP1,1,1
APOL1,SQRDL,1,1
APOL1,TMUB1,1,1
APOL1,TP73,1,1
APOL1,TUB,1,1
APOL1,VAPB,1,1
APOL1,VAV3,1,1
APOL1,ZNF503,1,1
APOL1,ZYG11A,1,1
MPP1,MAP9,1,1
MPP1,NADK,1,1
MPP1,TRIM14,1,1
WDR47,ADAMTS17,1,1
WDR47,ANKRD30B,1,1
WDR47,ATP11A,1,1
WDR47,ATP6V1C1,1,1
WDR47,BICDL1,1,1
WDR47,CARD16,1,1
WDR47,CD36,1,1
WDR47,DPY19L2P2,1,1
WDR47,DTNBP1,1,1
WDR47,FAM102B,1,1
WDR47,FAM167B,1,1
WDR47,FBXO6,1,1
WDR47,FN1,1,1
WDR47,GAB2,1,1
WDR47,GPR157,1,1
WDR47,HERC2P8,1,1
WDR47,IMMP2L,1,1
WDR47,JAK2,1,1
WDR47,L3MBTL4,1,1
WDR47,LAMTOR5,1,1
WDR47,LMF2,1,1
WDR47,LPXN,1,1
WDR47,LZIC,1,1
WDR47,MED15,1,1
WDR47,MESDC1,1,1
WDR47,MFN2,1,1
WDR47,MLLT4,1,1
WDR47,MLXIP,1,1
WDR47,MRFAP1,1,1
WDR47,MTOR,1,1
WDR47,NADK,1,1
WDR47,NBPF8,1,1
WDR47,NRROS,1,1
WDR47,PEX10,1,1
WDR47,PEX26,1,1
WDR47,PHGDH,1,1
WDR47,PHTF1,1,1
WDR47,PNKD,1,1
WDR47,POLG,1,1
WDR47,PQLC2,1,1
WDR47,RBX1,1,1
WDR47,RCN3,1,1
WDR47,REPS1,1,1
WDR47,RPL11,1,1
WDR47,RPS6KA5,1,1
WDR47,SAMM50,1,1
WDR47,SBF1,1,1
WDR47,SCML4,1,1
WDR47,SERGEF,1,1
WDR47,SLC25A33,1,1
WDR47,SLC37A3,1,1
WDR47,TESK2,1,1
WDR47,TMEM51,1,1
WDR47,TP73,1,1
WDR47,TXN2,1,1
WDR47,UBE2J1,1,1
WDR47,VAV3,1,1
WDR47,VCP,1,1
WDR47,ZNF503,1,1
NCKAP1,ALDH1B1,1,1
NCKAP1,ARL 3.00,1,1
NCKAP1,BCAS2,1,1
NCKAP1,CAPZA2,1,1
NCKAP1,CASP8,1,1
NCKAP1,CMAS,1,1
NCKAP1,COQ10B,1,1
NCKAP1,CSDE1,1,1
NCKAP1,EIF3D,1,1
NCKAP1,ENO1,1,1
NCKAP1,EYA4,1,1
NCKAP1,FOXN2,1,1
NCKAP1,FZD6,1,1
NCKAP1,GTPBP10,1,1
NCKAP1,IGF2BP3,1,1
NCKAP1,KIRREL,1,1
NCKAP1,KPNA6,1,1
NCKAP1,LRRC37A2,1,1
NCKAP1,LRWD1,1,1
NCKAP1,MRFAP1L1,1,1
NCKAP1,MTPN,1,1
NCKAP1,NIPAL3,1,1
NCKAP1,NUP43,1,1
NCKAP1,NUP50,1,1
NCKAP1,RTCB,1,1
NCKAP1,SHQ1,1,1
NCKAP1,SLC16A1,1,1
NCKAP1,TBRG1,1,1
SLC25A33,ADAMTS17,1,1
SLC25A33,ANAPC5,1,1
SLC25A33,ANAPC7,1,1
SLC25A33,ANKRD30B,1,1
SLC25A33,ARHGEF35,1,1
SLC25A33,ATP11A,1,1
SLC25A33,ATP6V0D2,1,1
SLC25A33,ATP6V1C1,1,1
SLC25A33,BAIAP2L2,1,1
SLC25A33,BICDL1,1,1
SLC25A33,BIRC7,1,1
SLC25A33,CD36,1,1
SLC25A33,CLDN14,1,1
SLC25A33,CPTP,1,1
SLC25A33,CSDE1,1,1
SLC25A33,DDRGK1,1,1
SLC25A33,DPY19L2P2,1,1
SLC25A33,DTNBP1,1,1
SLC25A33,DTX3L,1,1
SLC25A33,EARS2,1,1
SLC25A33,ECHDC1,1,1
SLC25A33,ENTPD6,1,1
SLC25A33,EPS15L1,1,1
SLC25A33,FAM102B,1,1
SLC25A33,FN1,1,1
SLC25A33,FOXRED2,1,1
SLC25A33,GLT8D1,1,1
SLC25A33,GNB1L,1,1
SLC25A33,GPR157,1,1
SLC25A33,HENMT1,1,1
SLC25A33,HERC2P8,1,1
SLC25A33,IDH3A,1,1
SLC25A33,LHX8,1,1
SLC25A33,LINS1,1,1
SLC25A33,LMF2,1,1
SLC25A33,LPXN,1,1
SLC25A33,MCM3,1,1
SLC25A33,MFN2,1,1
SLC25A33,MGAM,1,1
SLC25A33,MLXIP,1,1
SLC25A33,MRFAP1,1,1
SLC25A33,MTFP1,1,1
SLC25A33,MTOR,1,1
SLC25A33,NBPF8,1,1
SLC25A33,NRROS,1,1
SLC25A33,PEX26,1,1
SLC25A33,PHGDH,1,1
SLC25A33,PHTF1,1,1
SLC25A33,PNKD,1,1
SLC25A33,PQLC2,1,1
SLC25A33,PYGB,1,1
SLC25A33,RBM19,1,1
SLC25A33,RBX1,1,1
SLC25A33,RP11-159J3.1,1,1
SLC25A33,RP11-327P2.7,1,1
SLC25A33,RPA2,1,1
SLC25A33,RPL11,1,1
SLC25A33,RPS6KA5,1,1
SLC25A33,SAMM50,1,1
SLC25A33,SBF1,1,1
SLC25A33,SCML4,1,1
SLC25A33,SLAMF7,1,1
SLC25A33,SNRNP25,1,1
SLC25A33,TMC3,1,1
SLC25A33,TMEM201,1,1
SLC25A33,TMF1,1,1
SLC25A33,TP73,1,1
SLC25A33,TRMU,1,1
SLC25A33,TUB,1,1
SLC25A33,UBE2J1,1,1
SLC25A33,VAV3,1,1
SLC25A33,ZNF503,1,1
SLC25A33,ZYG11A,1,1
NHEJ1,AC009133.22,1,1
NHEJ1,ATP7B,1,1
NHEJ1,C20ORF194,1,1
NHEJ1,FAM161A,1,1
NHEJ1,MVB12B,1,1
NHEJ1,OAT,1,1
NHEJ1,PER3,1,1
NHEJ1,PPT2,1,1
NHEJ1,PYCARD,1,1
NHEJ1,STXBP2,1,1
ECHDC1,ANKRD30B,1,1
ECHDC1,ARHGEF35,1,1
ECHDC1,ATP11A,1,1
ECHDC1,BIRC7,1,1
ECHDC1,CAP1,1,1
ECHDC1,CD40,1,1
ECHDC1,CPTP,1,1
ECHDC1,DDRGK1,1,1
ECHDC1,ENTPD6,1,1
ECHDC1,EPS15L1,1,1
ECHDC1,FAM102B,1,1
ECHDC1,FAM110A,1,1
ECHDC1,GLT8D1,1,1
ECHDC1,HSPA8P9,1,1
ECHDC1,IDH3A,1,1
ECHDC1,LHX8,1,1
ECHDC1,LINS1,1,1
ECHDC1,MCM3,1,1
ECHDC1,MTERF1,1,1
ECHDC1,PLEKHB2,1,1
ECHDC1,RBM19,1,1
ECHDC1,RP11-327P2.7,1,1
ECHDC1,RPS6KA5,1,1
ECHDC1,RTCA,1,1
ECHDC1,SAMM50,1,1
ECHDC1,TP73,1,1
ECHDC1,UBE2J1,1,1
ECHDC1,VAPB,1,1
ECHDC1,ZNHIT3,1,1
ZNF75A,ANKRD13D,1,1
ZNF75A,CMAS,1,1
ZNF75A,MIF,1,1
ZNF75A,NIPAL3,1,1
RFX7,ANAPC5,1,1
RFX7,APITD1,1,1
RFX7,ARHGEF39,1,1
RFX7,CHEK2,1,1
RFX7,DDT,1,1
RFX7,EYA4,1,1
RFX7,GNB1L,1,1
RFX7,GPR157,1,1
RFX7,HEY1,1,1
RFX7,HOXD4,1,1
RFX7,IMMP2L,1,1
RFX7,KDM5A,1,1
RFX7,MRFAP1,1,1
RFX7,PICK1,1,1
RFX7,RBSN,1,1
RFX7,RCN3,1,1
RFX7,RRP7BP,1,1
RFX7,SNRNP25,1,1
RFX7,STRIP2,1,1
RFX7,TMED9,1,1
RFX7,TRABD,1,1
DYNC1I1,ALAS1,1,1
DYNC1I1,ARHGEF39,1,1
DYNC1I1,ATXN7L3B,1,1
DYNC1I1,C1ORF112,1,1
DYNC1I1,CARD14,1,1
DYNC1I1,CHEK2,1,1
DYNC1I1,DDT,1,1
DYNC1I1,EYA4,1,1
DYNC1I1,FBXO6,1,1
DYNC1I1,HEY1,1,1
DYNC1I1,IMMP2L,1,1
DYNC1I1,ITGAV,1,1
DYNC1I1,KDELC1,1,1
DYNC1I1,L3MBTL4,1,1
DYNC1I1,MFN2,1,1
DYNC1I1,NIPAL3,1,1
DYNC1I1,NUDCD3,1,1
DYNC1I1,PANX2,1,1
DYNC1I1,RNF43,1,1
DYNC1I1,RTCB,1,1
DYNC1I1,SH3BP1,1,1
DYNC1I1,SLC25A13,1,1
DYNC1I1,SORL1,1,1
DYNC1I1,STRIP2,1,1
DYNC1I1,TMED9,1,1
DYNC1I1,TMEM242,1,1
DYNC1I1,ZC3HC1,1,1
ISCA2,ANAPC7,1,1
ISCA2,EVL,1,1
ISCA2,GLS,1,1
ISCA2,NUP50,1,1
ISCA2,SEPT8,1,1
ISCA2,TMEM201,1,1
CHRNA7,APITD1,1,1
CHRNA7,COQ10B,1,1
CHRNA7,CSF2RA,1,1
CHRNA7,DDT,1,1
CHRNA7,EYA4,1,1
CHRNA7,HEY1,1,1
CHRNA7,PLCB4,1,1
CHRNA7,SERGEF,1,1
CHRNA7,STK17B,1,1
CHRNA7,STRIP2,1,1
CHRNA7,TMF1,1,1
CHRNA7,TRPV4,1,1
ALAS1,FBXO6,1,1
ALAS1,KDELC1,1,1
ALAS1,L3MBTL4,1,1
ALAS1,MRPS5,1,1
ALAS1,PANX2,1,1
ALAS1,SLC25A13,1,1
ALAS1,ZC3HC1,1,1
TMEM135,LDOC1,1,1
LAMTOR5,ATP6V1C1,1,1
LAMTOR5,ATP6V1F,1,1
LAMTOR5,C7ORF49,1,1
LAMTOR5,CEP131,1,1
LAMTOR5,DPF2,1,1
LAMTOR5,EARS2,1,1
LAMTOR5,GALNS,1,1
LAMTOR5,GUCD1,1,1
LAMTOR5,HTRA1,1,1
LAMTOR5,IGF1R,1,1
LAMTOR5,JAK2,1,1
LAMTOR5,LMF2,1,1
LAMTOR5,LZIC,1,1
LAMTOR5,MED15,1,1
LAMTOR5,MESDC1,1,1
LAMTOR5,MESDC2,1,1
LAMTOR5,METRNL,1,1
LAMTOR5,MSL3P1,1,1
LAMTOR5,MTOR,1,1
LAMTOR5,NADK,1,1
LAMTOR5,NT5DC1,1,1
LAMTOR5,PEX10,1,1
LAMTOR5,PNKD,1,1
LAMTOR5,POLG,1,1
LAMTOR5,PQLC2,1,1
LAMTOR5,PSEN2,1,1
LAMTOR5,RRBP1,1,1
LAMTOR5,SAMHD1,1,1
LAMTOR5,SBF1,1,1
LAMTOR5,SLC23A2,1,1
LAMTOR5,SLC37A3,1,1
LAMTOR5,TESK2,1,1
LAMTOR5,TMEM51,1,1
LAMTOR5,TRIM14,1,1
LAMTOR5,VCP,1,1
RBSN,ALDH1B1,1,1
RBSN,APITD1,1,1
RBSN,ARL 3.00,1,1
RBSN,ENO1,1,1
RBSN,EYA4,1,1
RBSN,FOXN2,1,1
RBSN,HOXD4,1,1
RBSN,METAP1D,1,1
RBSN,NUP43,1,1
RBSN,PI4KB,1,1
RBSN,PXDN,1,1
RBSN,RRP7BP,1,1
RBSN,SLC16A1,1,1
RBSN,STK17B,1,1
RBSN,TMED9,1,1
RBSN,TRABD,1,1
WASL,AGAP1,1,1
WASL,BAIAP2L2,1,1
WASL,C1ORF112,1,1
WASL,CAPZA2,1,1
WASL,CEP41,1,1
WASL,FOXRED2,1,1
WASL,GDPD1,1,1
WASL,ITGAV,1,1
WASL,KDELC1,1,1
WASL,MSL3P1,1,1
WASL,NUDCD3,1,1
WASL,PPFIBP1,1,1
WASL,RNF207,1,1
WASL,SLC25A13,1,1
WASL,SORL1,1,1
WASL,SYPL1,1,1
WASL,TBCA,1,1
CAP1,AKAP9,1,1
CAP1,ANKRD30B,1,1
CAP1,ARHGEF35,1,1
CAP1,ATP11A,1,1
CAP1,BIRC7,1,1
CAP1,CD40,1,1
CAP1,CPTP,1,1
CAP1,DDRGK1,1,1
CAP1,FAM102B,1,1
CAP1,GDAP2,1,1
CAP1,KIN,1,1
CAP1,LINS1,1,1
CAP1,RPS6KA5,1,1
CAP1,RTCA,1,1
CAP1,TGFBRAP1,1,1
CAP1,VAPB,1,1
CAP1,ZNF525,1,1
FAM102B,AC013264.1,1,1
FAM102B,ADAMTS17,1,1
FAM102B,AKAP9,1,1
FAM102B,ANKRD30B,1,1
FAM102B,ARHGEF35,1,1
FAM102B,ATP11A,1,1
FAM102B,ATP6V0D2,1,1
FAM102B,ATP6V1C1,1,1
FAM102B,BICDL1,1,1
FAM102B,BIRC7,1,1
FAM102B,CD36,1,1
FAM102B,CD40,1,1
FAM102B,CLDN14,1,1
FAM102B,CPTP,1,1
FAM102B,CSF2RA,1,1
FAM102B,DDRGK1,1,1
FAM102B,DPY19L2P2,1,1
FAM102B,DTNBP1,1,1
FAM102B,DTX3L,1,1
FAM102B,EIF5AL1,1,1
FAM102B,ENTPD6,1,1
FAM102B,GDAP2,1,1
FAM102B,GUCD1,1,1
FAM102B,HENMT1,1,1
FAM102B,HSPA8P9,1,1
FAM102B,LDLRAD3,1,1
FAM102B,LHX8,1,1
FAM102B,LINS1,1,1
FAM102B,LMF2,1,1
FAM102B,LZIC,1,1
FAM102B,MLXIP,1,1
FAM102B,MTOR,1,1
FAM102B,MYB,1,1
FAM102B,NAV2,1,1
FAM102B,NBPF8,1,1
FAM102B,PHGDH,1,1
FAM102B,PNKD,1,1
FAM102B,RP11-159J3.1,1,1
FAM102B,RP11-327P2.7,1,1
FAM102B,RPL11,1,1
FAM102B,RPS6KA5,1,1
FAM102B,SAMM50,1,1
FAM102B,SBF1,1,1
FAM102B,SCML4,1,1
FAM102B,SLAMF7,1,1
FAM102B,SLC37A3,1,1
FAM102B,SQRDL,1,1
FAM102B,TMC3,1,1
FAM102B,TMEM51,1,1
FAM102B,TP73,1,1
FAM102B,TUB,1,1
FAM102B,UBE2J1,1,1
FAM102B,VAPB,1,1
FAM102B,VAV3,1,1
FAM102B,ZC3H4,1,1
FAM102B,ZNF503,1,1
FAM102B,ZYG11A,1,1
CENPB,DOCK9,1,1
CENPB,IDH3B,1,1
CENPB,LDOC1,1,1
CENPB,MRPL46,1,1
CENPB,RBFA,1,1
CENPB,ZNHIT3,1,1
REPS1,ATP6V1C1,1,1
REPS1,CARD16,1,1
REPS1,EARS2,1,1
REPS1,GGH,1,1
REPS1,IDH3A,1,1
REPS1,MFN2,1,1
REPS1,SAMM50,1,1
REPS1,TESK2,1,1
REPS1,UBE2J1,1,1
REPS1,ZNF503,1,1
TUB,ADAMTS17,1,1
TUB,AKAP9,1,1
TUB,ANKRD30B,1,1
TUB,ARHGAP39,1,1
TUB,ARHGEF35,1,1
TUB,ATP11A,1,1
TUB,ATP6V0D2,1,1
TUB,BICDL1,1,1
TUB,BIRC7,1,1
TUB,CLDN14,1,1
TUB,CPTP,1,1
TUB,CSF2RA,1,1
TUB,DDRGK1,1,1
TUB,DPY19L2P2,1,1
TUB,DTNBP1,1,1
TUB,DTX3L,1,1
TUB,ENTPD6,1,1
TUB,GDAP2,1,1
TUB,HENMT1,1,1
TUB,HERC2P8,1,1
TUB,HSPA8P9,1,1
TUB,LHX8,1,1
TUB,LINS1,1,1
TUB,MKNK1,1,1
TUB,MRFAP1,1,1
TUB,MTOR,1,1
TUB,NBPF8,1,1
TUB,PHGDH,1,1
TUB,PPP1R12B,1,1
TUB,RBX1,1,1
TUB,RP11-159J3.1,1,1
TUB,RP11-327P2.7,1,1
TUB,RPL11,1,1
TUB,RPS6KA5,1,1
TUB,RTFDC1,1,1
TUB,SAMM50,1,1
TUB,SCML4,1,1
TUB,SERGEF,1,1
TUB,SLAMF7,1,1
TUB,SMG9,1,1
TUB,SQRDL,1,1
TUB,SRBD1,1,1
TUB,TMC3,1,1
TUB,TMEM246,1,1
TUB,TMUB1,1,1
TUB,TP73,1,1
TUB,VAPB,1,1
TUB,VAV3,1,1
TUB,ZNF585B,1,1
TUB,ZYG11A,1,1
GPD1L,AC009133.22,1,1
GPD1L,ATF7IP,1,1
GPD1L,ATP7B,1,1
GPD1L,CBX5,1,1
GPD1L,CEP131,1,1
GPD1L,CREB3,1,1
GPD1L,CTD-3214H19.4,1,1
GPD1L,DET1,1,1
GPD1L,EVA1A,1,1
GPD1L,HOXC10,1,1
GPD1L,PPM1K,1,1
GPD1L,PYCARD,1,1
GPD1L,RAB11FIP4,1,1
GPD1L,SBF1,1,1
GPD1L,STIM1,1,1
GPD1L,STXBP2,1,1
LDLRAD3,AC013264.1,1,1
LDLRAD3,AKAP9,1,1
LDLRAD3,ANKRD30B,1,1
LDLRAD3,ARHGEF35,1,1
LDLRAD3,ATP11A,1,1
LDLRAD3,ATP6V0D2,1,1
LDLRAD3,ATP6V1C1,1,1
LDLRAD3,BICDL1,1,1
LDLRAD3,BIRC7,1,1
LDLRAD3,CD40,1,1
LDLRAD3,DDRGK1,1,1
LDLRAD3,DPY19L2P2,1,1
LDLRAD3,DTNBP1,1,1
LDLRAD3,EIF5AL1,1,1
LDLRAD3,ENTPD6,1,1
LDLRAD3,GUCD1,1,1
LDLRAD3,HENMT1,1,1
LDLRAD3,HSPA8P9,1,1
LDLRAD3,LINS1,1,1
LDLRAD3,LZIC,1,1
LDLRAD3,MLXIP,1,1
LDLRAD3,MYB,1,1
LDLRAD3,NBPF8,1,1
LDLRAD3,PHGDH,1,1
LDLRAD3,PNKD,1,1
LDLRAD3,POLG,1,1
LDLRAD3,RP11-159J3.1,1,1
LDLRAD3,RPL11,1,1
LDLRAD3,RPS6KA5,1,1
LDLRAD3,SAMM50,1,1
LDLRAD3,SBF1,1,1
LDLRAD3,SLC37A3,1,1
LDLRAD3,SQRDL,1,1
LDLRAD3,TMEM51,1,1
LDLRAD3,TP73,1,1
LDLRAD3,UBE2J1,1,1
LDLRAD3,VAPB,1,1
LDLRAD3,VAV3,1,1
LDLRAD3,ZC3H4,1,1
LDLRAD3,ZNF503,1,1
LDLRAD3,ZYG11A,1,1
EIF3D,ALDH1B1,1,1
EIF3D,APITD1,1,1
EIF3D,BCAS2,1,1
EIF3D,CHCHD2,1,1
EIF3D,CMAS,1,1
EIF3D,COQ10B,1,1
EIF3D,ENO1,1,1
EIF3D,FOXN2,1,1
EIF3D,GET4,1,1
EIF3D,GTPBP10,1,1
EIF3D,HOXD4,1,1
EIF3D,LRRC37A2,1,1
EIF3D,METAP1D,1,1
EIF3D,MRFAP1L1,1,1
EIF3D,RTCB,1,1
EIF3D,SHQ1,1,1
EIF3D,STOML2,1,1
EIF3D,TBRG1,1,1
EIF3D,XPC,1,1
MTERF1,MRPL46,1,1
MTERF1,NCAPH2,1,1
MTERF1,POLE4,1,1
MTERF1,RTFDC1,1,1
MTERF1,SLAMF7,1,1
MTERF1,TSN,1,1
MTERF1,ZNHIT3,1,1
NAV2,AC013264.1,1,1
NAV2,AKAP9,1,1
NAV2,ARHGAP39,1,1
NAV2,ARHGEF35,1,1
NAV2,BIRC7,1,1
NAV2,CCDC115,1,1
NAV2,CD40,1,1
NAV2,COMMD9,1,1
NAV2,CTD-3214H19.4,1,1
NAV2,DDRGK1,1,1
NAV2,DTNBP1,1,1
NAV2,EIF5AL1,1,1
NAV2,FGFR1OP2,1,1
NAV2,GTF2H1,1,1
NAV2,GUCD1,1,1
NAV2,HENMT1,1,1
NAV2,LINS1,1,1
NAV2,PER3,1,1
NAV2,RAB11FIP4,1,1
NAV2,RBBP4,1,1
NAV2,RP11-327P2.7,1,1
NAV2,RTCA,1,1
NAV2,SBF1,1,1
DTX3L,ADAMTS17,1,1
DTX3L,AGA,1,1
DTX3L,ANKRD30B,1,1
DTX3L,ARHGEF35,1,1
DTX3L,ATP11A,1,1
DTX3L,ATP6V0D2,1,1
DTX3L,BICDL1,1,1
DTX3L,BIRC7,1,1
DTX3L,BMP8B,1,1
DTX3L,C2ORF69,1,1
DTX3L,CCNO,1,1
DTX3L,CLDN14,1,1
DTX3L,CPTP,1,1
DTX3L,CSF2RA,1,1
DTX3L,DDRGK1,1,1
DTX3L,DPY19L2P2,1,1
DTX3L,ENTPD6,1,1
DTX3L,FN1,1,1
DTX3L,GDAP2,1,1
DTX3L,HENMT1,1,1
DTX3L,HERC2P8,1,1
DTX3L,HSPA8P9,1,1
DTX3L,LHX8,1,1
DTX3L,LPXN,1,1
DTX3L,MCM3,1,1
DTX3L,MRFAP1,1,1
DTX3L,NBPF8,1,1
DTX3L,NCAPH2,1,1
DTX3L,NT5DC3,1,1
DTX3L,PEX5,1,1
DTX3L,PGAP2,1,1
DTX3L,PHGDH,1,1
DTX3L,PLCB4,1,1
DTX3L,POLE4,1,1
DTX3L,PYGB,1,1
DTX3L,RBX1,1,1
DTX3L,RP11-159J3.1,1,1
DTX3L,RP11-327P2.7,1,1
DTX3L,RPL11,1,1
DTX3L,RPS6KA5,1,1
DTX3L,RTFDC1,1,1
DTX3L,SAMM50,1,1
DTX3L,SCML4,1,1
DTX3L,SERGEF,1,1
DTX3L,SLAMF7,1,1
DTX3L,SMG9,1,1
DTX3L,TMC3,1,1
DTX3L,TMUB1,1,1
DTX3L,TP73,1,1
DTX3L,TRPV4,1,1
DTX3L,UBE2J1,1,1
DTX3L,VAPB,1,1
DTX3L,VAV3,1,1
DTX3L,ZNF189,1,1
DTX3L,ZNF503,1,1
DTX3L,ZYG11A,1,1
BMP8B,ADAMTS17,1,1
BMP8B,AGA,1,1
BMP8B,ATP6V0D2,1,1
BMP8B,BICDL1,1,1
BMP8B,CCNO,1,1
BMP8B,CLDN14,1,1
BMP8B,COQ10B,1,1
BMP8B,CPTP,1,1
BMP8B,CSF2RA,1,1
BMP8B,ENTPD6,1,1
BMP8B,GDAP2,1,1
BMP8B,GLRX,1,1
BMP8B,HERC2P8,1,1
BMP8B,NCAPH2,1,1
BMP8B,NT5DC3,1,1
BMP8B,PGAP2,1,1
BMP8B,PLCB4,1,1
BMP8B,POLE4,1,1
BMP8B,PYGB,1,1
BMP8B,RTFDC1,1,1
BMP8B,SCML4,1,1
BMP8B,SERGEF,1,1
BMP8B,SLAMF7,1,1
BMP8B,SMG9,1,1
BMP8B,STOML2,1,1
BMP8B,TMC3,1,1
BMP8B,TP73,1,1
BMP8B,TRPV4,1,1
BMP8B,ZNF189,1,1
MAP9,ATF7IP,1,1
MAP9,ATP6V1F,1,1
MAP9,ATP7B,1,1
MAP9,C9ORF69,1,1
MAP9,CAMTA1,1,1
MAP9,CBX5,1,1
MAP9,CCDC115,1,1
MAP9,CEP131,1,1
MAP9,DPCD,1,1
MAP9,EVA1A,1,1
MAP9,FAM20C,1,1
MAP9,GUCD1,1,1
MAP9,MESDC1,1,1
MAP9,NADK,1,1
MAP9,NAGA,1,1
MAP9,NT5DC1,1,1
MAP9,SPECC1,1,1
MAP9,TMEM51,1,1
MAP9,ZNF706,1,1
MAP9,ZNF814,1,1
AGL,POLG,1,1
AGL,SLC37A3,1,1
AGL,SPECC1,1,1
AGL,TMEM51,1,1
MKNK1,RP11-159J3.1,1,1
MKNK1,SMG9,1,1
MKNK1,TMEM246,1,1
MKNK1,ZYG11A,1,1
HSPA8P9,ADAMTS17,1,1
HSPA8P9,AKAP9,1,1
HSPA8P9,ANKRD30B,1,1
HSPA8P9,ARHGEF35,1,1
HSPA8P9,ATP11A,1,1
HSPA8P9,ATP6V0D2,1,1
HSPA8P9,BICDL1,1,1
HSPA8P9,BIRC7,1,1
HSPA8P9,CD40,1,1
HSPA8P9,CPTP,1,1
HSPA8P9,DDRGK1,1,1
HSPA8P9,DPY19L2P2,1,1
HSPA8P9,DTNBP1,1,1
HSPA8P9,ENTPD6,1,1
HSPA8P9,GDAP2,1,1
HSPA8P9,HENMT1,1,1
HSPA8P9,HERC2P8,1,1
HSPA8P9,LHX8,1,1
HSPA8P9,LINS1,1,1
HSPA8P9,NBPF8,1,1
HSPA8P9,PHGDH,1,1
HSPA8P9,RBM19,1,1
HSPA8P9,RP11-159J3.1,1,1
HSPA8P9,RP11-327P2.7,1,1
HSPA8P9,RPL11,1,1
HSPA8P9,RPS6KA5,1,1
HSPA8P9,RTCA,1,1
HSPA8P9,RTFDC1,1,1
HSPA8P9,SAMM50,1,1
HSPA8P9,SCML4,1,1
HSPA8P9,SLAMF7,1,1
HSPA8P9,SLC37A3,1,1
HSPA8P9,SQRDL,1,1
HSPA8P9,TMC3,1,1
HSPA8P9,TMUB1,1,1
HSPA8P9,TP73,1,1
HSPA8P9,UBE2J1,1,1
HSPA8P9,VAPB,1,1
HSPA8P9,VAV3,1,1
HSPA8P9,ZC3H4,1,1
HSPA8P9,ZYG11A,1,1
CHCHD2,CMAS,1,1
CHCHD2,ENO1,1,1
CHCHD2,HOXD4,1,1
CHCHD2,METAP1D,1,1
CHCHD2,MIF,1,1
CHCHD2,MRFAP1L1,1,1
CHCHD2,PNMA1,1,1
CHCHD2,TBRG1,1,1
HENMT1,ADAMTS17,1,1
HENMT1,AKAP9,1,1
HENMT1,ANKRD30B,1,1
HENMT1,ARHGAP39,1,1
HENMT1,ARHGEF35,1,1
HENMT1,ATP11A,1,1
HENMT1,ATP6V0D2,1,1
HENMT1,BICDL1,1,1
HENMT1,BIRC7,1,1
HENMT1,CD36,1,1
HENMT1,CD40,1,1
HENMT1,CLDN14,1,1
HENMT1,CPTP,1,1
HENMT1,DDRGK1,1,1
HENMT1,DPY19L2P2,1,1
HENMT1,DTNBP1,1,1
HENMT1,EIF5AL1,1,1
HENMT1,ENTPD6,1,1
HENMT1,FGFR1OP2,1,1
HENMT1,GDAP2,1,1
HENMT1,GTF2H1,1,1
HENMT1,GUCD1,1,1
HENMT1,HERC2P8,1,1
HENMT1,LHX8,1,1
HENMT1,LINS1,1,1
HENMT1,LMF2,1,1
HENMT1,MLXIP,1,1
HENMT1,MTOR,1,1
HENMT1,MYB,1,1
HENMT1,NBPF8,1,1
HENMT1,PHGDH,1,1
HENMT1,RBX1,1,1
HENMT1,RP11-159J3.1,1,1
HENMT1,RP11-327P2.7,1,1
HENMT1,RPL11,1,1
HENMT1,RPS6KA5,1,1
HENMT1,RTCA,1,1
HENMT1,RTFDC1,1,1
HENMT1,SAMM50,1,1
HENMT1,SBF1,1,1
HENMT1,SCML4,1,1
HENMT1,SLAMF7,1,1
HENMT1,SLC37A3,1,1
HENMT1,SQRDL,1,1
HENMT1,TMC3,1,1
HENMT1,TMEM51,1,1
HENMT1,TP73,1,1
HENMT1,UBE2J1,1,1
HENMT1,VAPB,1,1
HENMT1,VAV3,1,1
HENMT1,ZC3H4,1,1
HENMT1,ZNF503,1,1
HENMT1,ZYG11A,1,1
KDELC1,ARHGEF39,1,1
KDELC1,ATXN7L3,1,1
KDELC1,ATXN7L3B,1,1
KDELC1,C1ORF112,1,1
KDELC1,CAPZA2,1,1
KDELC1,CARD14,1,1
KDELC1,CARD16,1,1
KDELC1,CEP41,1,1
KDELC1,CHEK2,1,1
KDELC1,CMAS,1,1
KDELC1,CSDE1,1,1
KDELC1,DDT,1,1
KDELC1,EYA4,1,1
KDELC1,FBXO6,1,1
KDELC1,FOXRED2,1,1
KDELC1,GPR157,1,1
KDELC1,HEY1,1,1
KDELC1,IMMP2L,1,1
KDELC1,ITGAV,1,1
KDELC1,L3MBTL4,1,1
KDELC1,MFN2,1,1
KDELC1,MLLT4,1,1
KDELC1,MRPS5,1,1
KDELC1,MSL3P1,1,1
KDELC1,NIPAL3,1,1
KDELC1,NUDCD3,1,1
KDELC1,NUP43,1,1
KDELC1,PANX2,1,1
KDELC1,PXDN,1,1
KDELC1,RNF43,1,1
KDELC1,RTCB,1,1
KDELC1,SLC25A13,1,1
KDELC1,SORL1,1,1
KDELC1,STRIP2,1,1
KDELC1,SYPL1,1,1
KDELC1,TBCA,1,1
KDELC1,TMED9,1,1
KDELC1,TMEM242,1,1
KDELC1,TMF1,1,1
KDELC1,TRABD,1,1
KDELC1,ZC3HC1,1,1
LINS1,AC013264.1,1,1
LINS1,AKAP9,1,1
LINS1,ANKRD30B,1,1
LINS1,ARHGAP39,1,1
LINS1,ARHGEF35,1,1
LINS1,ATP11A,1,1
LINS1,ATP6V0D2,1,1
LINS1,ATP6V1C1,1,1
LINS1,BICDL1,1,1
LINS1,BIRC7,1,1
LINS1,CCDC115,1,1
LINS1,CD36,1,1
LINS1,CD40,1,1
LINS1,CLDN14,1,1
LINS1,CPTP,1,1
LINS1,DDRGK1,1,1
LINS1,DPY19L2P2,1,1
LINS1,DTNBP1,1,1
LINS1,EIF5AL1,1,1
LINS1,ENTPD6,1,1
LINS1,FGFR1OP2,1,1
LINS1,GDAP2,1,1
LINS1,GTF2H1,1,1
LINS1,GUCD1,1,1
LINS1,KIN,1,1
LINS1,LHX8,1,1
LINS1,LMF2,1,1
LINS1,MLXIP,1,1
LINS1,MYB,1,1
LINS1,PHGDH,1,1
LINS1,RAB11FIP4,1,1
LINS1,RBBP4,1,1
LINS1,RP11-159J3.1,1,1
LINS1,RP11-327P2.7,1,1
LINS1,RPL11,1,1
LINS1,RPS6KA5,1,1
LINS1,RTCA,1,1
LINS1,SAMM50,1,1
LINS1,SBF1,1,1
LINS1,SCML4,1,1
LINS1,SLAMF7,1,1
LINS1,SLC37A3,1,1
LINS1,SQRDL,1,1
LINS1,TMC3,1,1
LINS1,TMEM51,1,1
LINS1,TP73,1,1
LINS1,UBE2J1,1,1
LINS1,VAPB,1,1
LINS1,VAV3,1,1
LINS1,ZC3H4,1,1
LINS1,ZYG11A,1,1
DTNBP1,AC013264.1,1,1
DTNBP1,ANKRD30B,1,1
DTNBP1,ARHGAP39,1,1
DTNBP1,ARHGEF35,1,1
DTNBP1,ATP11A,1,1
DTNBP1,ATP6V1C1,1,1
DTNBP1,BICDL1,1,1
DTNBP1,BIRC7,1,1
DTNBP1,CCDC115,1,1
DTNBP1,CD36,1,1
DTNBP1,CD40,1,1
DTNBP1,CPTP,1,1
DTNBP1,DDRGK1,1,1
DTNBP1,DPY19L2P2,1,1
DTNBP1,GUCD1,1,1
DTNBP1,HMOX1,1,1
DTNBP1,LZIC,1,1
DTNBP1,MED15,1,1
DTNBP1,MESDC1,1,1
DTNBP1,MLXIP,1,1
DTNBP1,MTOR,1,1
DTNBP1,NBPF8,1,1
DTNBP1,PEX10,1,1
DTNBP1,PEX26,1,1
DTNBP1,PHGDH,1,1
DTNBP1,PNKD,1,1
DTNBP1,POLG,1,1
DTNBP1,RAB11FIP4,1,1
DTNBP1,RP11-159J3.1,1,1
DTNBP1,RP11-327P2.7,1,1
DTNBP1,RPS6KA5,1,1
DTNBP1,SAMM50,1,1
DTNBP1,SBF1,1,1
DTNBP1,SCML4,1,1
DTNBP1,SLC37A3,1,1
DTNBP1,TESK2,1,1
DTNBP1,TMEM51,1,1
DTNBP1,TP73,1,1
DTNBP1,TXN2,1,1
DTNBP1,UBE2J1,1,1
DTNBP1,VAPB,1,1
DTNBP1,VAV3,1,1
DTNBP1,ZNF503,1,1
DTNBP1,ZYG11A,1,1
CREB3,ATP7B,1,1
CREB3,CTD-3214H19.4,1,1
CREB3,DET1,1,1
CREB3,PPM1K,1,1
CREB3,RAB11FIP4,1,1
CREB3,STXBP2,1,1
IDH3B,DOCK9,1,1
IDH3B,FGFR1OP2,1,1
IDH3B,GLTP,1,1
IDH3B,KIN,1,1
IDH3B,LDOC1,1,1
IDH3B,MRPL46,1,1
IDH3B,PPP1R12B,1,1
IDH3B,RBFA,1,1
IDH3B,RTFDC1,1,1
IDH3B,SLAMF7,1,1
IDH3B,SMG9,1,1
IDH3B,TTC37,1,1
IDH3B,UBE2L3,1,1
IDH3B,ZNF525,1,1
IDH3B,ZNF585B,1,1
BIRC7,ADAMTS17,1,1
BIRC7,AKAP9,1,1
BIRC7,ANKRD30B,1,1
BIRC7,ARHGEF35,1,1
BIRC7,ATP11A,1,1
BIRC7,ATP6V0D2,1,1
BIRC7,BICDL1,1,1
BIRC7,CD36,1,1
BIRC7,CD40,1,1
BIRC7,CLDN14,1,1
BIRC7,CPTP,1,1
BIRC7,CSF2RA,1,1
BIRC7,DDRGK1,1,1
BIRC7,DPY19L2P2,1,1
BIRC7,ENTPD6,1,1
BIRC7,FGFR1OP2,1,1
BIRC7,FN1,1,1
BIRC7,GDAP2,1,1
BIRC7,HERC2P8,1,1
BIRC7,KIN,1,1
BIRC7,LHX8,1,1
BIRC7,MLXIP,1,1
BIRC7,MRFAP1,1,1
BIRC7,MTOR,1,1
BIRC7,MYB,1,1
BIRC7,NBPF8,1,1
BIRC7,PHGDH,1,1
BIRC7,RBM19,1,1
BIRC7,RBX1,1,1
BIRC7,RP11-159J3.1,1,1
BIRC7,RP11-327P2.7,1,1
BIRC7,RPL11,1,1
BIRC7,RPS6KA5,1,1
BIRC7,RTCA,1,1
BIRC7,RTFDC1,1,1
BIRC7,SAMM50,1,1
BIRC7,SCML4,1,1
BIRC7,SERGEF,1,1
BIRC7,SLAMF7,1,1
BIRC7,SLC37A3,1,1
BIRC7,SQRDL,1,1
BIRC7,TMC3,1,1
BIRC7,TMUB1,1,1
BIRC7,TP73,1,1
BIRC7,UBE2J1,1,1
BIRC7,VAPB,1,1
BIRC7,VAV3,1,1
BIRC7,ZC3H4,1,1
BIRC7,ZNF503,1,1
BIRC7,ZNF525,1,1
BIRC7,ZYG11A,1,1
PTTG1,ANAPC5,1,1
PTTG1,APITD1,1,1
PTTG1,CCDC18,1,1
PTTG1,DDT,1,1
PTTG1,GGH,1,1
PTTG1,MCM3,1,1
PTTG1,MTFP1,1,1
PTTG1,POLE4,1,1
PTTG1,RBX1,1,1
PTTG1,RTCB,1,1
PTTG1,SCML4,1,1
PTTG1,SERGEF,1,1
PTTG1,SNRNP25,1,1
PTTG1,STOML2,1,1
PTTG1,TRPV4,1,1
TMC3,ADAMTS17,1,1
TMC3,AGA,1,1
TMC3,ANKRD30B,1,1
TMC3,ARHGEF35,1,1
TMC3,ATP11A,1,1
TMC3,ATP6V0D2,1,1
TMC3,BICDL1,1,1
TMC3,CD36,1,1
TMC3,CLDN14,1,1
TMC3,CPTP,1,1
TMC3,CSF2RA,1,1
TMC3,DDRGK1,1,1
TMC3,DPY19L2P2,1,1
TMC3,ENTPD6,1,1
TMC3,FN1,1,1
TMC3,GDAP2,1,1
TMC3,HERC2P8,1,1
TMC3,LHX8,1,1
TMC3,MGAM,1,1
TMC3,MLXIP,1,1
TMC3,MRFAP1,1,1
TMC3,NBPF8,1,1
TMC3,PHGDH,1,1
TMC3,POLE4,1,1
TMC3,RBM19,1,1
TMC3,RBX1,1,1
TMC3,RP11-159J3.1,1,1
TMC3,RP11-327P2.7,1,1
TMC3,RPA2,1,1
TMC3,RPL11,1,1
TMC3,RPS6KA5,1,1
TMC3,RTFDC1,1,1
TMC3,SAMM50,1,1
TMC3,SCML4,1,1
TMC3,SERGEF,1,1
TMC3,SLAMF7,1,1
TMC3,SMG9,1,1
TMC3,SQRDL,1,1
TMC3,TMUB1,1,1
TMC3,TP73,1,1
TMC3,TRPV4,1,1
TMC3,UBE2J1,1,1
TMC3,VAPB,1,1
TMC3,VAV3,1,1
TMC3,ZNF503,1,1
TMC3,ZYG11A,1,1
C12ORF65,GLRX,1,1
CMAS,AIG1,1,1
CMAS,ALDH1B1,1,1
CMAS,ANKRD13D,1,1
CMAS,ARL 3.00,1,1
CMAS,ATXN7L3B,1,1
CMAS,CASP8,1,1
CMAS,CHEK2,1,1
CMAS,DDT,1,1
CMAS,ENO1,1,1
CMAS,EYA4,1,1
CMAS,FZD6,1,1
CMAS,HEY1,1,1
CMAS,IGF2BP3,1,1
CMAS,KIRREL,1,1
CMAS,METAP1D,1,1
CMAS,MIF,1,1
CMAS,MRFAP1L1,1,1
CMAS,NIPAL3,1,1
CMAS,NUP43,1,1
CMAS,PANX2,1,1
CMAS,PXDN,1,1
CMAS,RNF43,1,1
CMAS,RTCB,1,1
CMAS,SORL1,1,1
CMAS,SYPL1,1,1
CMAS,TBCA,1,1
CMAS,TBRG1,1,1
CMAS,TEAD2,1,1
CMAS,TMEM242,1,1
ATG10,PNMA1,1,1
MRFAP1,ADAMTS17,1,1
MRFAP1,ANAPC5,1,1
MRFAP1,ANKRD30B,1,1
MRFAP1,APITD1,1,1
MRFAP1,ARHGEF39,1,1
MRFAP1,ATP6V0D2,1,1
MRFAP1,BICDL1,1,1
MRFAP1,CARD16,1,1
MRFAP1,CSF2RA,1,1
MRFAP1,DDT,1,1
MRFAP1,DPY19L2P2,1,1
MRFAP1,ENTPD6,1,1
MRFAP1,EYA4,1,1
MRFAP1,FBXO6,1,1
MRFAP1,FN1,1,1
MRFAP1,FOXRED2,1,1
MRFAP1,GNB1L,1,1
MRFAP1,GPR157,1,1
MRFAP1,HERC2P8,1,1
MRFAP1,HEY1,1,1
MRFAP1,IMMP2L,1,1
MRFAP1,L3MBTL4,1,1
MRFAP1,LHX8,1,1
MRFAP1,LPXN,1,1
MRFAP1,MFN2,1,1
MRFAP1,MLLT4,1,1
MRFAP1,MTOR,1,1
MRFAP1,NBPF8,1,1
MRFAP1,NRROS,1,1
MRFAP1,PEX26,1,1
MRFAP1,PHGDH,1,1
MRFAP1,PHTF1,1,1
MRFAP1,PICK1,1,1
MRFAP1,PNKD,1,1
MRFAP1,PYGB,1,1
MRFAP1,RBM19,1,1
MRFAP1,RBX1,1,1
MRFAP1,RCN3,1,1
MRFAP1,RP11-159J3.1,1,1
MRFAP1,RPL11,1,1
MRFAP1,RPS6KA5,1,1
MRFAP1,SAMM50,1,1
MRFAP1,SCML4,1,1
MRFAP1,SERGEF,1,1
MRFAP1,SNRNP25,1,1
MRFAP1,STRIP2,1,1
MRFAP1,TMEM201,1,1
MRFAP1,TMF1,1,1
MRFAP1,TMUB1,1,1
MRFAP1,TP73,1,1
MRFAP1,TRPV4,1,1
MRFAP1,TXN2,1,1
MRFAP1,UBE2J1,1,1
MRFAP1,VAV3,1,1
MRFAP1,ZNF503,1,1
MRFAP1,ZYG11A,1,1
JAK2,ATP6V1C1,1,1
JAK2,CARD16,1,1
JAK2,CEP41,1,1
JAK2,DPF2,1,1
JAK2,FAM167B,1,1
JAK2,FBXO6,1,1
JAK2,GAB2,1,1
JAK2,GPR157,1,1
JAK2,HTRA1,1,1
JAK2,IGF1R,1,1
JAK2,LMF2,1,1
JAK2,LPXN,1,1
JAK2,LZIC,1,1
JAK2,MED15,1,1
JAK2,MESDC1,1,1
JAK2,MLXIP,1,1
JAK2,MSL3P1,1,1
JAK2,MTOR,1,1
JAK2,NADK,1,1
JAK2,NBPF8,1,1
JAK2,NT5DC1,1,1
JAK2,PEX10,1,1
JAK2,PNKD,1,1
JAK2,POLG,1,1
JAK2,PQLC2,1,1
JAK2,RRBP1,1,1
JAK2,SLC23A2,1,1
JAK2,SLC37A3,1,1
JAK2,SQSTM1,1,1
JAK2,TESK2,1,1
JAK2,TMEM51,1,1
JAK2,TXN2,1,1
JAK2,UBE2J1,1,1
JAK2,VAV3,1,1
JAK2,VCP,1,1
JAK2,ZNF503,1,1
FZD4,CD68,1,1
FZD4,GLRX,1,1
FZD4,SLX4IP,1,1
GLS,AIM1,1,1
GLS,ANAPC7,1,1
GLS,BCAS2,1,1
GLS,C2ORF69,1,1
GLS,CAPZA2,1,1
GLS,COQ10B,1,1
GLS,CSDE1,1,1
GLS,GNB1L,1,1
GLS,GTPBP10,1,1
GLS,GXYLT1,1,1
GLS,ID3,1,1
GLS,KIRREL,1,1
GLS,LRWD1,1,1
GLS,MTFP1,1,1
GLS,MTPN,1,1
GLS,NUP50,1,1
GLS,PLEKHB2,1,1
GLS,PYGB,1,1
GLS,RTCB,1,1
GLS,SEPT8,1,1
GLS,SHQ1,1,1
GLS,SLC16A1,1,1
GLS,STK17B,1,1
GLS,TMEM201,1,1
GLS,TRMU,1,1
GLS,WDR77,1,1
GLS,XPC,1,1
MARCH3,ANAPC5,1,1
MARCH3,RBX1,1,1
WIZ,CCNO,1,1
WIZ,CD68,1,1
WIZ,PEX5,1,1
WIZ,SLX4IP,1,1
PPP1R9B,METAP1D,1,1
PPP1R9B,PPP1R2,1,1
PPP1R9B,TBRG1,1,1
SLC16A1,ALDH1B1,1,1
SLC16A1,ARL 3.00,1,1
SLC16A1,ATG5,1,1
SLC16A1,B3GALT6,1,1
SLC16A1,CAPZA2,1,1
SLC16A1,CASP8,1,1
SLC16A1,CSDE1,1,1
SLC16A1,ENO1,1,1
SLC16A1,EYA4,1,1
SLC16A1,FOXN2,1,1
SLC16A1,FZD6,1,1
SLC16A1,GTPBP10,1,1
SLC16A1,IGF2BP3,1,1
SLC16A1,KIRREL,1,1
SLC16A1,KLHDC2,1,1
SLC16A1,LRRC37A2,1,1
SLC16A1,LRWD1,1,1
SLC16A1,NUP43,1,1
SLC16A1,NUP50,1,1
SLC16A1,PABPC4,1,1
SLC16A1,RRP7BP,1,1
SLC16A1,RTCB,1,1
SLC16A1,SHQ1,1,1
SLC16A1,STK17B,1,1
SLC16A1,SYPL1,1,1
SLC16A1,TBCA,1,1
SLC16A1,TEAD2,1,1
SLC16A1,TRABD,1,1
SLC16A1,TRMU,1,1
SLC16A1,WDR77,1,1
LRRC37A2,ALDH1B1,1,1
LRRC37A2,BCAS2,1,1
LRRC37A2,COQ10B,1,1
LRRC37A2,CSDE1,1,1
LRRC37A2,ENO1,1,1
LRRC37A2,FOXN2,1,1
LRRC37A2,GTPBP10,1,1
LRRC37A2,GXYLT1,1,1
LRRC37A2,IGF2BP3,1,1
LRRC37A2,LRWD1,1,1
LRRC37A2,MTFP1,1,1
LRRC37A2,NUP50,1,1
LRRC37A2,POLR1A,1,1
LRRC37A2,RTCB,1,1
LRRC37A2,SHQ1,1,1
LRRC37A2,STOML2,1,1
LRRC37A2,WDR77,1,1
DPF2,HTRA1,1,1
DPF2,NT5DC1,1,1
DPF2,TESK2,1,1
GLT8D1,ANAPC7,1,1
GLT8D1,EPS15L1,1,1
GLT8D1,GXYLT1,1,1
GLT8D1,IDH3A,1,1
GLT8D1,MCM3,1,1
GLT8D1,NRROS,1,1
GLT8D1,PLEKHB2,1,1
GLT8D1,RBM19,1,1
GLT8D1,RBM28,1,1
GLT8D1,TMEM201,1,1
GLT8D1,UBE2J1,1,1
SQRDL,AKAP9,1,1
SQRDL,ANKRD30B,1,1
SQRDL,ARHGEF35,1,1
SQRDL,ATP6V0D2,1,1
SQRDL,BICDL1,1,1
SQRDL,CLDN14,1,1
SQRDL,CPTP,1,1
SQRDL,CSF2RA,1,1
SQRDL,DDRGK1,1,1
SQRDL,DPY19L2P2,1,1
SQRDL,ENTPD6,1,1
SQRDL,FGFR1OP2,1,1
SQRDL,GDAP2,1,1
SQRDL,HMOX1,1,1
SQRDL,LHX8,1,1
SQRDL,PHGDH,1,1
SQRDL,PPP1R12B,1,1
SQRDL,RP11-159J3.1,1,1
SQRDL,RP11-327P2.7,1,1
SQRDL,RPL11,1,1
SQRDL,RPS6KA5,1,1
SQRDL,SCML4,1,1
SQRDL,SERGEF,1,1
SQRDL,SLC37A3,1,1
SQRDL,SPP1,1,1
SQRDL,TMUB1,1,1
SQRDL,TP73,1,1
SQRDL,VAPB,1,1
SQRDL,VAV3,1,1
SQRDL,ZC3H4,1,1
SQRDL,ZYG11A,1,1
SLC25A13,AGAP1,1,1
SLC25A13,ATXN7L3B,1,1
SLC25A13,BAIAP2L2,1,1
SLC25A13,C1ORF112,1,1
SLC25A13,CARD14,1,1
SLC25A13,CEP41,1,1
SLC25A13,CHEK2,1,1
SLC25A13,EYA4,1,1
SLC25A13,FOXRED2,1,1
SLC25A13,GDPD1,1,1
SLC25A13,ITGAV,1,1
SLC25A13,KIRREL,1,1
SLC25A13,L3MBTL4,1,1
SLC25A13,MRPS5,1,1
SLC25A13,MSL3P1,1,1
SLC25A13,NUDCD3,1,1
SLC25A13,PANX2,1,1
SLC25A13,PPFIBP1,1,1
SLC25A13,PXDN,1,1
SLC25A13,RNF207,1,1
SLC25A13,RNF43,1,1
SLC25A13,SH3BP1,1,1
SLC25A13,SORL1,1,1
SLC25A13,SYPL1,1,1
SLC25A13,TBCA,1,1
SLC25A13,TMED9,1,1
SLC25A13,TMEM242,1,1
SLC25A13,ZC3HC1,1,1
MIF4GD,GTF3C6,1,1
RBX1,ADAMTS17,1,1
RBX1,ANAPC5,1,1
RBX1,APITD1,1,1
RBX1,ARHGEF39,1,1
RBX1,ATP11A,1,1
RBX1,ATP6V0D2,1,1
RBX1,BICDL1,1,1
RBX1,C2ORF69,1,1
RBX1,CD36,1,1
RBX1,CLDN14,1,1
RBX1,CPTP,1,1
RBX1,DDT,1,1
RBX1,DPY19L2P2,1,1
RBX1,ENTPD6,1,1
RBX1,FN1,1,1
RBX1,GGH,1,1
RBX1,GNB1L,1,1
RBX1,GPR157,1,1
RBX1,HERC2P8,1,1
RBX1,IMMP2L,1,1
RBX1,L3MBTL4,1,1
RBX1,LHX8,1,1
RBX1,LPXN,1,1
RBX1,MCM3,1,1
RBX1,MFN2,1,1
RBX1,MGAM,1,1
RBX1,MLXIP,1,1
RBX1,MTFP1,1,1
RBX1,MTOR,1,1
RBX1,NBPF8,1,1
RBX1,NRROS,1,1
RBX1,PHGDH,1,1
RBX1,PHTF1,1,1
RBX1,POLE4,1,1
RBX1,RBM19,1,1
RBX1,RCN3,1,1
RBX1,RP11-327P2.7,1,1
RBX1,RPA2,1,1
RBX1,RPL11,1,1
RBX1,RPS6KA5,1,1
RBX1,RTFDC1,1,1
RBX1,SAMM50,1,1
RBX1,SCML4,1,1
RBX1,SERGEF,1,1
RBX1,SLAMF7,1,1
RBX1,SNRNP25,1,1
RBX1,TMUB1,1,1
RBX1,TP73,1,1
RBX1,TRPV4,1,1
RBX1,TXN2,1,1
RBX1,VAV3,1,1
RBX1,ZNF503,1,1
RBX1,ZYG11A,1,1
RBM28,ALDH1B1,1,1
RBM28,ANAPC7,1,1
RBM28,BAIAP2L2,1,1
RBM28,CAPZA2,1,1
RBM28,CSDE1,1,1
RBM28,EYA4,1,1
RBM28,FOXRED2,1,1
RBM28,GXYLT1,1,1
RBM28,IDH3A,1,1
RBM28,MDC 1.00,1,1
RBM28,MFN2,1,1
RBM28,MTFP1,1,1
RBM28,NUP50,1,1
RBM28,RRP7BP,1,1
RBM28,RTCB,1,1
RBM28,TMEM201,1,1
RBM28,TRABD,1,1
RBM28,TRMU,1,1
RBM28,WDR77,1,1
MESDC1,AC013264.1,1,1
MESDC1,ATF7IP,1,1
MESDC1,ATP6V1C1,1,1
MESDC1,ATP6V1F,1,1
MESDC1,C7ORF49,1,1
MESDC1,CBX5,1,1
MESDC1,CEP131,1,1
MESDC1,GUCD1,1,1
MESDC1,IGF1R,1,1
MESDC1,LMF2,1,1
MESDC1,LZIC,1,1
MESDC1,MED15,1,1
MESDC1,METRNL,1,1
MESDC1,MLXIP,1,1
MESDC1,MTOR,1,1
MESDC1,NADK,1,1
MESDC1,PEX10,1,1
MESDC1,PNKD,1,1
MESDC1,POLG,1,1
MESDC1,PQLC2,1,1
MESDC1,RRBP1,1,1
MESDC1,SAMM50,1,1
MESDC1,SBF1,1,1
MESDC1,SLC23A2,1,1
MESDC1,SLC37A3,1,1
MESDC1,SPECC1,1,1
MESDC1,TESK2,1,1
MESDC1,TMEM51,1,1
MESDC1,VCP,1,1
MESDC1,ZNF503,1,1
NIPAL3,ALDH1B1,1,1
NIPAL3,ARL 3.00,1,1
NIPAL3,ATXN7L3B,1,1
NIPAL3,CASP8,1,1
NIPAL3,CSDE1,1,1
NIPAL3,DDT,1,1
NIPAL3,ENO1,1,1
NIPAL3,EYA4,1,1
NIPAL3,HEY1,1,1
NIPAL3,ID3,1,1
NIPAL3,IGF2BP3,1,1
NIPAL3,KIRREL,1,1
NIPAL3,METAP1D,1,1
NIPAL3,MRFAP1L1,1,1
NIPAL3,PANX2,1,1
NIPAL3,RNF43,1,1
NIPAL3,RTCB,1,1
NIPAL3,SORL1,1,1
NIPAL3,TNIP2,1,1
NIPAL3,ZC3HC1,1,1
LHX8,ADAMTS17,1,1
LHX8,AGA,1,1
LHX8,ANKRD30B,1,1
LHX8,ARHGEF35,1,1
LHX8,ATP11A,1,1
LHX8,ATP6V0D2,1,1
LHX8,BICDL1,1,1
LHX8,C2ORF69,1,1
LHX8,CD40,1,1
LHX8,CLDN14,1,1
LHX8,CPTP,1,1
LHX8,CSF2RA,1,1
LHX8,DDRGK1,1,1
LHX8,DPY19L2P2,1,1
LHX8,ENTPD6,1,1
LHX8,FN1,1,1
LHX8,GDAP2,1,1
LHX8,HERC2P8,1,1
LHX8,NBPF8,1,1
LHX8,PHGDH,1,1
LHX8,PHTF1,1,1
LHX8,POLE4,1,1
LHX8,RBM19,1,1
LHX8,RP11-159J3.1,1,1
LHX8,RP11-327P2.7,1,1
LHX8,RPL11,1,1
LHX8,RPS6KA5,1,1
LHX8,RTFDC1,1,1
LHX8,SAMM50,1,1
LHX8,SCML4,1,1
LHX8,SERGEF,1,1
LHX8,SLAMF7,1,1
LHX8,SLC37A3,1,1
LHX8,SMG9,1,1
LHX8,TMUB1,1,1
LHX8,TP73,1,1
LHX8,UBE2J1,1,1
LHX8,VAPB,1,1
LHX8,VAV3,1,1
LHX8,ZNF503,1,1
LHX8,ZYG11A,1,1
TMEM51,AC013264.1,1,1
TMEM51,ANKRD30B,1,1
TMEM51,ARHGEF35,1,1
TMEM51,ATP11A,1,1
TMEM51,ATP6V1C1,1,1
TMEM51,ATP6V1F,1,1
TMEM51,C7ORF49,1,1
TMEM51,CBX5,1,1
TMEM51,CCDC115,1,1
TMEM51,CD40,1,1
TMEM51,DPY19L2P2,1,1
TMEM51,EVA1A,1,1
TMEM51,GUCD1,1,1
TMEM51,IGF1R,1,1
TMEM51,LMF2,1,1
TMEM51,LZIC,1,1
TMEM51,MED15,1,1
TMEM51,MLXIP,1,1
TMEM51,MRPS33,1,1
TMEM51,MTOR,1,1
TMEM51,NADK,1,1
TMEM51,NAGA,1,1
TMEM51,NBPF8,1,1
TMEM51,NT5DC1,1,1
TMEM51,PEX10,1,1
TMEM51,PHGDH,1,1
TMEM51,PNKD,1,1
TMEM51,POLG,1,1
TMEM51,RAB11FIP4,1,1
TMEM51,RBBP4,1,1
TMEM51,RRBP1,1,1
TMEM51,SAMM50,1,1
TMEM51,SBF1,1,1
TMEM51,SLC23A2,1,1
TMEM51,SLC37A3,1,1
TMEM51,SPECC1,1,1
TMEM51,TESK2,1,1
TMEM51,TXN2,1,1
TMEM51,UBE2J1,1,1
TMEM51,VAV3,1,1
TMEM51,VCP,1,1
TMEM51,ZNF503,1,1
TMEM51,ZNF814,1,1
TXN2,ADAMTS17,1,1
TXN2,ATP11A,1,1
TXN2,CARD16,1,1
TXN2,CD36,1,1
TXN2,EARS2,1,1
TXN2,FAM167B,1,1
TXN2,FBXO6,1,1
TXN2,GAB2,1,1
TXN2,GNB2,1,1
TXN2,GPR157,1,1
TXN2,HERC2P8,1,1
TXN2,IMMP2L,1,1
TXN2,L3MBTL4,1,1
TXN2,LMF2,1,1
TXN2,LPXN,1,1
TXN2,MED15,1,1
TXN2,MFN2,1,1
TXN2,MLXIP,1,1
TXN2,MTOR,1,1
TXN2,NADK,1,1
TXN2,NBPF8,1,1
TXN2,NRROS,1,1
TXN2,PEX10,1,1
TXN2,PHGDH,1,1
TXN2,PNKD,1,1
TXN2,POLG,1,1
TXN2,POT1,1,1
TXN2,RCN3,1,1
TXN2,RPL11,1,1
TXN2,SAMM50,1,1
TXN2,SBF1,1,1
TXN2,SCML4,1,1
TXN2,SERGEF,1,1
TXN2,SLC37A3,1,1
TXN2,TESK2,1,1
TXN2,UBE2J1,1,1
TXN2,VAV3,1,1
TXN2,ZNF503,1,1
TMUB1,ADAMTS17,1,1
TMUB1,ANKRD30B,1,1
TMUB1,ATP11A,1,1
TMUB1,ATP6V0D2,1,1
TMUB1,BICDL1,1,1
TMUB1,CSF2RA,1,1
TMUB1,DPY19L2P2,1,1
TMUB1,ENTPD6,1,1
TMUB1,FN1,1,1
TMUB1,GDAP2,1,1
TMUB1,GPR157,1,1
TMUB1,HERC2P8,1,1
TMUB1,NBPF8,1,1
TMUB1,PHGDH,1,1
TMUB1,RCN3,1,1
TMUB1,RP11-159J3.1,1,1
TMUB1,RPL11,1,1
TMUB1,RPS6KA5,1,1
TMUB1,SCML4,1,1
TMUB1,SERGEF,1,1
TMUB1,SPP1,1,1
TMUB1,TP73,1,1
TMUB1,TRPV4,1,1
TMUB1,VAV3,1,1
TMUB1,ZNF503,1,1
TMUB1,ZYG11A,1,1
STIM1,AC009133.22,1,1
STIM1,ATP7B,1,1
STIM1,CARD8,1,1
STIM1,CCDC115,1,1
STIM1,CTD-3214H19.4,1,1
STIM1,DET1,1,1
STIM1,EIF5AL1,1,1
STIM1,MLF 2.00,1,1
STIM1,MVB12B,1,1
STIM1,OR2A20P,1,1
STIM1,PPM1K,1,1
STIM1,PPT2,1,1
STIM1,PYCARD,1,1
STIM1,RAB11FIP4,1,1
STIM1,RBBP4,1,1
STIM1,STXBP2,1,1
STIM1,TRPS1,1,1
CEP41,ARHGEF39,1,1
CEP41,ATXN7L3B,1,1
CEP41,BAIAP2L2,1,1
CEP41,BET1,1,1
CEP41,C1ORF112,1,1
CEP41,CAPZA2,1,1
CEP41,CARD16,1,1
CEP41,CHEK2,1,1
CEP41,CUEDC1,1,1
CEP41,EARS2,1,1
CEP41,EYA4,1,1
CEP41,FBXO6,1,1
CEP41,FOXRED2,1,1
CEP41,GDPD1,1,1
CEP41,GPR157,1,1
CEP41,HEY1,1,1
CEP41,HTRA1,1,1
CEP41,IGF1R,1,1
CEP41,IMMP2L,1,1
CEP41,ITGAV,1,1
CEP41,L3MBTL4,1,1
CEP41,LPXN,1,1
CEP41,MLLT4,1,1
CEP41,MSL3P1,1,1
CEP41,NUDCD3,1,1
CEP41,PPFIBP1,1,1
CEP41,PQLC2,1,1
CEP41,RNF207,1,1
CEP41,RNF43,1,1
CEP41,SH3BP1,1,1
CEP41,STK11IP,1,1
CEP41,STRIP2,1,1
CEP41,SYPL1,1,1
CEP41,TESK2,1,1
CEP41,TMED9,1,1
CEP41,TMEM242,1,1
SPP1,ATP6V0D2,1,1
SPP1,BICDL1,1,1
SPP1,CSF2RA,1,1
SPP1,PSCA,1,1
SPP1,RPL11,1,1
SPP1,SERGEF,1,1
CDK5,GNB2,1,1
RRP7BP,ALDH1B1,1,1
RRP7BP,APITD1,1,1
RRP7BP,ARHGEF39,1,1
RRP7BP,ARL 3.00,1,1
RRP7BP,ATXN7L3B,1,1
RRP7BP,B3GALT6,1,1
RRP7BP,BAIAP2L2,1,1
RRP7BP,C1ORF112,1,1
RRP7BP,CAPZA2,1,1
RRP7BP,CASP8,1,1
RRP7BP,CHEK2,1,1
RRP7BP,CSDE1,1,1
RRP7BP,ENO1,1,1
RRP7BP,EYA4,1,1
RRP7BP,FOXRED2,1,1
RRP7BP,GET4,1,1
RRP7BP,GNB1L,1,1
RRP7BP,HEY1,1,1
RRP7BP,ID3,1,1
RRP7BP,IGF2BP3,1,1
RRP7BP,KIRREL,1,1
RRP7BP,KLHDC2,1,1
RRP7BP,NUP43,1,1
RRP7BP,PXDN,1,1
RRP7BP,RNF207,1,1
RRP7BP,RTCB,1,1
RRP7BP,SORL1,1,1
RRP7BP,STK17B,1,1
RRP7BP,STRIP2,1,1
RRP7BP,SYPL1,1,1
RRP7BP,TBCA,1,1
RRP7BP,TMED9,1,1
RRP7BP,TMEM242,1,1
RRP7BP,TRABD,1,1
RRP7BP,TRMU,1,1
RRP7BP,WDR77,1,1
UBE2L3,GLTP,1,1
UBE2L3,MID1IP1,1,1
UBE2L3,NIPA2,1,1
UBE2L3,RBFA,1,1
UBE2L3,RTCA,1,1
UBE2L3,ZNF525,1,1
POLR1A,LRWD1,1,1
POLR1A,NUP50,1,1
POLR1A,WDR77,1,1
C2ORF69,ADAMTS17,1,1
C2ORF69,APITD1,1,1
C2ORF69,BCAS2,1,1
C2ORF69,BICDL1,1,1
C2ORF69,CAPZA2,1,1
C2ORF69,COQ10B,1,1
C2ORF69,CSDE1,1,1
C2ORF69,GGH,1,1
C2ORF69,GNB1L,1,1
C2ORF69,GTPBP10,1,1
C2ORF69,GXYLT1,1,1
C2ORF69,HERC2P8,1,1
C2ORF69,HEY1,1,1
C2ORF69,ID3,1,1
C2ORF69,IDH3A,1,1
C2ORF69,LPXN,1,1
C2ORF69,LUC7L2,1,1
C2ORF69,MCM3,1,1
C2ORF69,MFN2,1,1
C2ORF69,MTFP1,1,1
C2ORF69,NCAPH2,1,1
C2ORF69,NUP50,1,1
C2ORF69,PHTF1,1,1
C2ORF69,PLCB4,1,1
C2ORF69,PLEKHB2,1,1
C2ORF69,POLE4,1,1
C2ORF69,RBM19,1,1
C2ORF69,RTCB,1,1
C2ORF69,SCML4,1,1
C2ORF69,SHQ1,1,1
C2ORF69,SNRNP25,1,1
C2ORF69,STK17B,1,1
C2ORF69,STOML2,1,1
C2ORF69,TMEM201,1,1
C2ORF69,TMF1,1,1
C2ORF69,TP73,1,1
C2ORF69,TRMU,1,1
C2ORF69,TRPV4,1,1
C2ORF69,TSN,1,1
C2ORF69,UBE2J1,1,1
C2ORF69,WDR77,1,1
SRBD1,C2CD5,1,1
FN1,ADAMTS17,1,1
FN1,ANAPC5,1,1
FN1,ANKRD30B,1,1
FN1,ATP11A,1,1
FN1,ATP6V0D2,1,1
FN1,BICDL1,1,1
FN1,CLDN14,1,1
FN1,CPTP,1,1
FN1,CSF2RA,1,1
FN1,DPY19L2P2,1,1
FN1,ENTPD6,1,1
FN1,GNB1L,1,1
FN1,GPR157,1,1
FN1,HERC2P8,1,1
FN1,HEY1,1,1
FN1,IMMP2L,1,1
FN1,L3MBTL4,1,1
FN1,LMF2,1,1
FN1,LPXN,1,1
FN1,MCM3,1,1
FN1,MFN2,1,1
FN1,MLLT4,1,1
FN1,MTFP1,1,1
FN1,MTOR,1,1
FN1,NBPF8,1,1
FN1,NRROS,1,1
FN1,PHGDH,1,1
FN1,PHTF1,1,1
FN1,PQLC2,1,1
FN1,PYGB,1,1
FN1,RBM19,1,1
FN1,RCN3,1,1
FN1,RP11-327P2.7,1,1
FN1,RPL11,1,1
FN1,RPS6KA5,1,1
FN1,SAMM50,1,1
FN1,SCML4,1,1
FN1,SERGEF,1,1
FN1,SNRNP25,1,1
FN1,TMEM201,1,1
FN1,TMF1,1,1
FN1,TP73,1,1
FN1,TRPV4,1,1
FN1,UBE2J1,1,1
FN1,VAV3,1,1
FN1,ZNF503,1,1
FN1,ZYG11A,1,1
RBFA,DOCK9,1,1
RBFA,FANCG,1,1
RBFA,GLTP,1,1
RBFA,KIN,1,1
RBFA,MRPL46,1,1
RBFA,ZNF525,1,1
RBFA,ZNF585B,1,1
TRMU,ADAMTS17,1,1
TRMU,ALDH1B1,1,1
TRMU,ANAPC7,1,1
TRMU,APITD1,1,1
TRMU,BAIAP2L2,1,1
TRMU,BCAS2,1,1
TRMU,CAPZA2,1,1
TRMU,CEP85,1,1
TRMU,COQ10B,1,1
TRMU,CSDE1,1,1
TRMU,EYA4,1,1
TRMU,FOXRED2,1,1
TRMU,GET4,1,1
TRMU,GNB1L,1,1
TRMU,GPR157,1,1
TRMU,GTPBP10,1,1
TRMU,GXYLT1,1,1
TRMU,HEY1,1,1
TRMU,HOXD4,1,1
TRMU,ID3,1,1
TRMU,IDH3A,1,1
TRMU,KLHDC2,1,1
TRMU,LPXN,1,1
TRMU,LUC7L2,1,1
TRMU,MCM3,1,1
TRMU,MFN2,1,1
TRMU,MTFP1,1,1
TRMU,NRROS,1,1
TRMU,NUP43,1,1
TRMU,NUP50,1,1
TRMU,PHTF1,1,1
TRMU,PLEKHB2,1,1
TRMU,PYGB,1,1
TRMU,RBM19,1,1
TRMU,RPA2,1,1
TRMU,RTCB,1,1
TRMU,SEPT8,1,1
TRMU,SHQ1,1,1
TRMU,SNRNP25,1,1
TRMU,STK17B,1,1
TRMU,STOML2,1,1
TRMU,TMEM201,1,1
TRMU,TMEM242,1,1
TRMU,TMF1,1,1
TRMU,TRABD,1,1
TRMU,WDR77,1,1
SLC35B1,RNF145,1,1
PPT2,ATP7B,1,1
PPT2,C20ORF194,1,1
PPT2,CARD8,1,1
PPT2,CCDC115,1,1
PPT2,COMMD9,1,1
PPT2,CTD-3214H19.4,1,1
PPT2,MVB12B,1,1
PPT2,OAT,1,1
PPT2,PER3,1,1
PPT2,PPM1K,1,1
PPT2,PYCARD,1,1
PPT2,RAB11FIP4,1,1
PPT2,RBBP4,1,1
PPT2,RNF145,1,1
PPT2,STXBP2,1,1
MGAM,BAIAP2L2,1,1
MGAM,GNB1L,1,1
MGAM,GPR157,1,1
MGAM,HERC2P8,1,1
MGAM,IMMP2L,1,1
MGAM,MFN2,1,1
MGAM,NRROS,1,1
MGAM,RBM19,1,1
MGAM,SAMM50,1,1
MGAM,SCML4,1,1
SORL1,ALDH1B1,1,1
SORL1,ARHGEF39,1,1
SORL1,ARL 3.00,1,1
SORL1,ATXN7L3,1,1
SORL1,ATXN7L3B,1,1
SORL1,CARD14,1,1
SORL1,CASP8,1,1
SORL1,CHEK2,1,1
SORL1,ENO1,1,1
SORL1,EYA4,1,1
SORL1,FZD6,1,1
SORL1,GDPD1,1,1
SORL1,HEY1,1,1
SORL1,IGF2BP3,1,1
SORL1,KIRREL,1,1
SORL1,L3MBTL4,1,1
SORL1,METAP1D,1,1
SORL1,MIF,1,1
SORL1,MRPS5,1,1
SORL1,NUP43,1,1
SORL1,PANX2,1,1
SORL1,PPFIBP1,1,1
SORL1,PXDN,1,1
SORL1,RNF207,1,1
SORL1,RNF43,1,1
SORL1,RTCB,1,1
SORL1,STRIP2,1,1
SORL1,SYPL1,1,1
SORL1,TBCA,1,1
SORL1,TEAD2,1,1
SORL1,TMED9,1,1
SORL1,TMEM242,1,1
SORL1,TNIP2,1,1
SORL1,TRABD,1,1
SORL1,ZC3HC1,1,1
B3GALT6,ALDH1B1,1,1
B3GALT6,BAIAP2L2,1,1
B3GALT6,CAPZA2,1,1
B3GALT6,CASP8,1,1
B3GALT6,CSDE1,1,1
B3GALT6,EYA4,1,1
B3GALT6,FOXRED2,1,1
B3GALT6,FZD6,1,1
B3GALT6,HEY1,1,1
B3GALT6,IGF2BP3,1,1
B3GALT6,KIRREL,1,1
B3GALT6,NUP50,1,1
B3GALT6,PPFIBP1,1,1
B3GALT6,RNF207,1,1
B3GALT6,STK17B,1,1
B3GALT6,SYPL1,1,1
B3GALT6,TBCA,1,1
B3GALT6,TMED9,1,1
B3GALT6,TRABD,1,1
BET1,ARHGEF39,1,1
BET1,C1ORF112,1,1
BET1,CHEK2,1,1
BET1,HEY1,1,1
BET1,ITGAV,1,1
BET1,MSL3P1,1,1
BET1,STRIP2,1,1
ZNF569,CARD8,1,1
TTC37,ALKBH3,1,1
TTC37,DOCK9,1,1
TTC37,KIN,1,1
TTC37,MCAM,1,1
TTC37,ZNF525,1,1
ZNF525,AKAP9,1,1
ZNF525,ARHGEF35,1,1
ZNF525,CD40,1,1
ZNF525,DOCK9,1,1
ZNF525,FGFR1OP2,1,1
ZNF525,GDAP2,1,1
ZNF525,KIN,1,1
ZNF525,RTCA,1,1
ZNF525,VAPB,1,1
ZNF525,ZC3H4,1,1
PARVA,AC009133.22,1,1
PARVA,ATL1,1,1
PARVA,C20ORF194,1,1
PARVA,COL4A5,1,1
PARVA,FAM161A,1,1
PARVA,MFSD9,1,1
PARVA,MLF 2.00,1,1
PARVA,MVB12B,1,1
PARVA,PYCARD,1,1
PARVA,RNF145,1,1
PARVA,SHC1,1,1
PARVA,TMEM165,1,1
PARVA,TRPS1,1,1
TTC21B,ZNF354A,1,1
RPS6KA5,ADAMTS17,1,1
RPS6KA5,ANKRD30B,1,1
RPS6KA5,ARHGEF35,1,1
RPS6KA5,ATP11A,1,1
RPS6KA5,ATP6V0D2,1,1
RPS6KA5,BICDL1,1,1
RPS6KA5,CD36,1,1
RPS6KA5,CD40,1,1
RPS6KA5,CLDN14,1,1
RPS6KA5,CPTP,1,1
RPS6KA5,CSF2RA,1,1
RPS6KA5,DDRGK1,1,1
RPS6KA5,DPY19L2P2,1,1
RPS6KA5,ENTPD6,1,1
RPS6KA5,GDAP2,1,1
RPS6KA5,HERC2P8,1,1
RPS6KA5,LMF2,1,1
RPS6KA5,MCM3,1,1
RPS6KA5,MLXIP,1,1
RPS6KA5,MTOR,1,1
RPS6KA5,NBPF8,1,1
RPS6KA5,PEX5,1,1
RPS6KA5,PHGDH,1,1
RPS6KA5,PHTF1,1,1
RPS6KA5,POLE4,1,1
RPS6KA5,RBM19,1,1
RPS6KA5,RP11-159J3.1,1,1
RPS6KA5,RP11-327P2.7,1,1
RPS6KA5,RPA2,1,1
RPS6KA5,RPL11,1,1
RPS6KA5,RTFDC1,1,1
RPS6KA5,SAMM50,1,1
RPS6KA5,SBF1,1,1
RPS6KA5,SCML4,1,1
RPS6KA5,SERGEF,1,1
RPS6KA5,SLAMF7,1,1
RPS6KA5,SLC37A3,1,1
RPS6KA5,SMG9,1,1
RPS6KA5,TP73,1,1
RPS6KA5,UBE2J1,1,1
RPS6KA5,VAPB,1,1
RPS6KA5,VAV3,1,1
RPS6KA5,ZNF503,1,1
RPS6KA5,ZYG11A,1,1
OR2A20P,AK5,1,1
OR2A20P,EIF5AL1,1,1
OR2A20P,RBBP4,1,1
ANKRD30B,ADAMTS17,1,1
ANKRD30B,AKAP9,1,1
ANKRD30B,ARHGEF35,1,1
ANKRD30B,ATP11A,1,1
ANKRD30B,ATP6V0D2,1,1
ANKRD30B,ATP6V1C1,1,1
ANKRD30B,BICDL1,1,1
ANKRD30B,CD40,1,1
ANKRD30B,CLDN14,1,1
ANKRD30B,CPTP,1,1
ANKRD30B,CSF2RA,1,1
ANKRD30B,DDRGK1,1,1
ANKRD30B,DPY19L2P2,1,1
ANKRD30B,ENTPD6,1,1
ANKRD30B,GDAP2,1,1
ANKRD30B,HERC2P8,1,1
ANKRD30B,HMOX1,1,1
ANKRD30B,KIN,1,1
ANKRD30B,LZIC,1,1
ANKRD30B,MLXIP,1,1
ANKRD30B,MTOR,1,1
ANKRD30B,NBPF8,1,1
ANKRD30B,PEX26,1,1
ANKRD30B,PHGDH,1,1
ANKRD30B,PHTF1,1,1
ANKRD30B,PNKD,1,1
ANKRD30B,RBM19,1,1
ANKRD30B,RP11-159J3.1,1,1
ANKRD30B,RP11-327P2.7,1,1
ANKRD30B,RPL11,1,1
ANKRD30B,RTFDC1,1,1
ANKRD30B,SAMM50,1,1
ANKRD30B,SBF1,1,1
ANKRD30B,SCML4,1,1
ANKRD30B,SERGEF,1,1
ANKRD30B,SLAMF7,1,1
ANKRD30B,SLC37A3,1,1
ANKRD30B,TP73,1,1
ANKRD30B,UBE2J1,1,1
ANKRD30B,VAPB,1,1
ANKRD30B,VAV3,1,1
ANKRD30B,ZC3H4,1,1
ANKRD30B,ZNF503,1,1
ANKRD30B,ZYG11A,1,1
CPTP,ADAMTS17,1,1
CPTP,ARHGAP39,1,1
CPTP,ARHGEF35,1,1
CPTP,ATP11A,1,1
CPTP,ATP6V0D2,1,1
CPTP,BICDL1,1,1
CPTP,CD36,1,1
CPTP,CD40,1,1
CPTP,CLDN14,1,1
CPTP,DDRGK1,1,1
CPTP,DPY19L2P2,1,1
CPTP,ENTPD6,1,1
CPTP,GDAP2,1,1
CPTP,HERC2P8,1,1
CPTP,MLXIP,1,1
CPTP,PHGDH,1,1
CPTP,PPP1R12B,1,1
CPTP,RBM19,1,1
CPTP,RP11-159J3.1,1,1
CPTP,RP11-327P2.7,1,1
CPTP,RPA2,1,1
CPTP,RPL11,1,1
CPTP,RTFDC1,1,1
CPTP,SAMM50,1,1
CPTP,SCML4,1,1
CPTP,SERGEF,1,1
CPTP,SLAMF7,1,1
CPTP,SMG9,1,1
CPTP,TP73,1,1
CPTP,UBE2J1,1,1
CPTP,VAPB,1,1
CPTP,VAV3,1,1
CPTP,ZNF503,1,1
CPTP,ZYG11A,1,1
GLIS2,METRNL,1,1
GLIS2,NT5DC1,1,1
GLIS2,ZFYVE16,1,1
FGFR1OP2,AKAP9,1,1
FGFR1OP2,ARHGEF35,1,1
FGFR1OP2,CD40,1,1
FGFR1OP2,DDRGK1,1,1
FGFR1OP2,DOCK9,1,1
FGFR1OP2,ENTPD6,1,1
FGFR1OP2,GLTP,1,1
FGFR1OP2,GTF2H1,1,1
FGFR1OP2,LDOC1,1,1
FGFR1OP2,NIPA2,1,1
FGFR1OP2,RP11-327P2.7,1,1
FGFR1OP2,RTCA,1,1
FGFR1OP2,SLAMF7,1,1
FGFR1OP2,VAPB,1,1
FGFR1OP2,ZC3H4,1,1
FGFR1OP2,ZYG11A,1,1
ID3,ADAMTS17,1,1
ID3,AIM1,1,1
ID3,ALDH1B1,1,1
ID3,APITD1,1,1
ID3,ATXN7L3B,1,1
ID3,BAIAP2L2,1,1
ID3,BCAS2,1,1
ID3,CAPZA2,1,1
ID3,COQ10B,1,1
ID3,CSDE1,1,1
ID3,DDT,1,1
ID3,EYA4,1,1
ID3,FOXRED2,1,1
ID3,GET4,1,1
ID3,GNB1L,1,1
ID3,GPR157,1,1
ID3,GTPBP10,1,1
ID3,GXYLT1,1,1
ID3,HEY1,1,1
ID3,HOXD4,1,1
ID3,IMMP2L,1,1
ID3,KIRREL,1,1
ID3,LPXN,1,1
ID3,MFN2,1,1
ID3,MLLT4,1,1
ID3,NUDCD3,1,1
ID3,NUP43,1,1
ID3,NUP50,1,1
ID3,PHTF1,1,1
ID3,PLCB4,1,1
ID3,PYGB,1,1
ID3,RTCB,1,1
ID3,STK17B,1,1
ID3,TMF1,1,1
ID3,TRPV4,1,1
ID3,WDR77,1,1
GLTP,DOCK9,1,1
GLTP,LDOC1,1,1
GLTP,PPP1R12B,1,1
TRIM65,ATL1,1,1
TRIM65,LRP6,1,1
TRIM65,RNF145,1,1
TRIM65,TRPS1,1,1
ENO1,AIG1,1,1
ENO1,ALDH1B1,1,1
ENO1,APITD1,1,1
ENO1,ARL 3.00,1,1
ENO1,CASP8,1,1
ENO1,CSDE1,1,1
ENO1,EYA4,1,1
ENO1,FOXN2,1,1
ENO1,FZD6,1,1
ENO1,GET4,1,1
ENO1,HOXD4,1,1
ENO1,IGF2BP3,1,1
ENO1,KIRREL,1,1
ENO1,LRWD1,1,1
ENO1,METAP1D,1,1
ENO1,MIF,1,1
ENO1,MRFAP1L1,1,1
ENO1,NUP43,1,1
ENO1,PANX2,1,1
ENO1,PXDN,1,1
ENO1,RTCB,1,1
ENO1,SYPL1,1,1
ENO1,TBCA,1,1
ENO1,TBRG1,1,1
ENO1,TEAD2,1,1
ENO1,TRABD,1,1
SAMHD1,C7ORF49,1,1
SAMHD1,EARS2,1,1
SAMHD1,LMF2,1,1
SAMHD1,MESDC2,1,1
SAMHD1,METRNL,1,1
SAMHD1,PQLC2,1,1
SAMHD1,PSEN2,1,1
SAMHD1,RRBP1,1,1
SAMHD1,VCP,1,1
ZC3HC1,APITD1,1,1
ZC3HC1,ARHGEF39,1,1
ZC3HC1,ATXN7L3B,1,1
ZC3HC1,C1ORF112,1,1
ZC3HC1,CHEK2,1,1
ZC3HC1,CSDE1,1,1
ZC3HC1,DDT,1,1
ZC3HC1,EYA4,1,1
ZC3HC1,FBXO6,1,1
ZC3HC1,FOXRED2,1,1
ZC3HC1,GET4,1,1
ZC3HC1,GPR157,1,1
ZC3HC1,HEY1,1,1
ZC3HC1,IMMP2L,1,1
ZC3HC1,L3MBTL4,1,1
ZC3HC1,MDC 1.00,1,1
ZC3HC1,MFN2,1,1
ZC3HC1,NUDCD3,1,1
ZC3HC1,NUP43,1,1
ZC3HC1,PANX2,1,1
ZC3HC1,RNF43,1,1
ZC3HC1,RTCB,1,1
ZC3HC1,SH3BP1,1,1
ZC3HC1,STRIP2,1,1
ZC3HC1,TMEM242,1,1
ZC3HC1,TMF1,1,1
SEPT8,NUP50,1,1
SEPT8,STK17B,1,1
SEPT8,TMEM201,1,1
SEPT8,WDR77,1,1
TBRG1,ALDH1B1,1,1
TBRG1,METAP1D,1,1
TBRG1,MIF,1,1
TBRG1,MRFAP1L1,1,1
COMMD9,AFAP1,1,1
COMMD9,AKAP9,1,1
COMMD9,ARHGAP39,1,1
COMMD9,CTD-3214H19.4,1,1
COMMD9,GTF2H1,1,1
COMMD9,PER3,1,1
COMMD9,RAB11FIP4,1,1
COMMD9,TGFBRAP1,1,1
CHEK2,ALDH1B1,1,1
CHEK2,APITD1,1,1
CHEK2,ARHGEF39,1,1
CHEK2,ATXN7L3,1,1
CHEK2,ATXN7L3B,1,1
CHEK2,C1ORF112,1,1
CHEK2,CAPZA2,1,1
CHEK2,CARD14,1,1
CHEK2,CARD16,1,1
CHEK2,DDT,1,1
CHEK2,EYA4,1,1
CHEK2,FBXO6,1,1
CHEK2,FOXRED2,1,1
CHEK2,GDPD1,1,1
CHEK2,HEY1,1,1
CHEK2,IMMP2L,1,1
CHEK2,ITGAV,1,1
CHEK2,L3MBTL4,1,1
CHEK2,MRPS5,1,1
CHEK2,MSL3P1,1,1
CHEK2,NUDCD3,1,1
CHEK2,NUP43,1,1
CHEK2,PANX2,1,1
CHEK2,PXDN,1,1
CHEK2,RNF43,1,1
CHEK2,RTCB,1,1
CHEK2,STRIP2,1,1
CHEK2,SYPL1,1,1
CHEK2,TBCA,1,1
CHEK2,TMED9,1,1
CHEK2,TMEM242,1,1
CHEK2,TRABD,1,1
ZBTB11,C9ORF69,1,1
ZBTB11,CEP131,1,1
ZBTB11,TRIM14,1,1
NUP43,ALDH1B1,1,1
NUP43,APITD1,1,1
NUP43,ARHGEF39,1,1
NUP43,ATXN7L3B,1,1
NUP43,C1ORF112,1,1
NUP43,CAPZA2,1,1
NUP43,CASP8,1,1
NUP43,CEP85,1,1
NUP43,CSDE1,1,1
NUP43,DDT,1,1
NUP43,EYA4,1,1
NUP43,FOXRED2,1,1
NUP43,FZD6,1,1
NUP43,GET4,1,1
NUP43,HEY1,1,1
NUP43,IGF2BP3,1,1
NUP43,ITGAV,1,1
NUP43,KIRREL,1,1
NUP43,KLHDC2,1,1
NUP43,PXDN,1,1
NUP43,RTCB,1,1
NUP43,STK17B,1,1
NUP43,SYPL1,1,1
NUP43,TBCA,1,1
NUP43,TEAD2,1,1
NUP43,TMEM242,1,1
NUP43,TMF1,1,1
NUP43,TRABD,1,1
NUP43,WDR77,1,1
PQLC2,ANAPC7,1,1
PQLC2,ATP6V1C1,1,1
PQLC2,BAIAP2L2,1,1
PQLC2,C7ORF49,1,1
PQLC2,EARS2,1,1
PQLC2,FOXRED2,1,1
PQLC2,GNB1L,1,1
PQLC2,GPR157,1,1
PQLC2,HTRA1,1,1
PQLC2,IGF1R,1,1
PQLC2,LMF2,1,1
PQLC2,LPXN,1,1
PQLC2,LZIC,1,1
PQLC2,MED15,1,1
PQLC2,MFN2,1,1
PQLC2,MSL3P1,1,1
PQLC2,MTOR,1,1
PQLC2,NBPF8,1,1
PQLC2,NRROS,1,1
PQLC2,PEX10,1,1
PQLC2,PEX26,1,1
PQLC2,PHTF1,1,1
PQLC2,RBM19,1,1
PQLC2,RRBP1,1,1
PQLC2,SAMM50,1,1
PQLC2,SQSTM1,1,1
PQLC2,TESK2,1,1
PQLC2,TMEM201,1,1
PQLC2,UBE2J1,1,1
PQLC2,VCP,1,1
PQLC2,ZNF503,1,1
BAIAP2L2,ANAPC7,1,1
BAIAP2L2,ATXN7L3B,1,1
BAIAP2L2,C1ORF112,1,1
BAIAP2L2,CAPZA2,1,1
BAIAP2L2,CSDE1,1,1
BAIAP2L2,EARS2,1,1
BAIAP2L2,EVL,1,1
BAIAP2L2,EYA4,1,1
BAIAP2L2,FOXRED2,1,1
BAIAP2L2,GNB1L,1,1
BAIAP2L2,GPR157,1,1
BAIAP2L2,GXYLT1,1,1
BAIAP2L2,HEY1,1,1
BAIAP2L2,IDH3A,1,1
BAIAP2L2,IMMP2L,1,1
BAIAP2L2,KIRREL,1,1
BAIAP2L2,L3MBTL4,1,1
BAIAP2L2,LPXN,1,1
BAIAP2L2,MFN2,1,1
BAIAP2L2,MSL3P1,1,1
BAIAP2L2,MTFP1,1,1
BAIAP2L2,NRROS,1,1
BAIAP2L2,NUDCD3,1,1
BAIAP2L2,PEX26,1,1
BAIAP2L2,PPFIBP1,1,1
BAIAP2L2,PYGB,1,1
BAIAP2L2,RBM19,1,1
BAIAP2L2,RTCB,1,1
BAIAP2L2,SH3BP1,1,1
BAIAP2L2,STK17B,1,1
BAIAP2L2,SYPL1,1,1
BAIAP2L2,TMED9,1,1
BAIAP2L2,TMEM201,1,1
BAIAP2L2,TMEM242,1,1
BAIAP2L2,TMF1,1,1
BAIAP2L2,TRABD,1,1
BAIAP2L2,WDR77,1,1
WDR77,ALDH1B1,1,1
WDR77,ANAPC7,1,1
WDR77,APITD1,1,1
WDR77,BCAS2,1,1
WDR77,CAPZA2,1,1
WDR77,COQ10B,1,1
WDR77,CSDE1,1,1
WDR77,EYA4,1,1
WDR77,FOXN2,1,1
WDR77,FOXRED2,1,1
WDR77,GET4,1,1
WDR77,GNB1L,1,1
WDR77,GTPBP10,1,1
WDR77,GXYLT1,1,1
WDR77,HOXD4,1,1
WDR77,IDH3A,1,1
WDR77,IGF2BP3,1,1
WDR77,KLHDC2,1,1
WDR77,LPXN,1,1
WDR77,LRWD1,1,1
WDR77,LUC7L2,1,1
WDR77,MCM3,1,1
WDR77,MTFP1,1,1
WDR77,NRROS,1,1
WDR77,NUP50,1,1
WDR77,PLCB4,1,1
WDR77,PLEKHB2,1,1
WDR77,PYGB,1,1
WDR77,RTCB,1,1
WDR77,SHQ1,1,1
WDR77,SNRNP25,1,1
WDR77,STK17B,1,1
WDR77,STOML2,1,1
WDR77,TMEM201,1,1
WDR77,TMF1,1,1
WDR77,TRABD,1,1
WDR77,TSPYL4,1,1
WDR77,XPC,1,1
ITGAV,ARHGEF39,1,1
ITGAV,ATXN7L3B,1,1
ITGAV,C1ORF112,1,1
ITGAV,CAPZA2,1,1
ITGAV,DDT,1,1
ITGAV,EARS2,1,1
ITGAV,EYA4,1,1
ITGAV,FOXRED2,1,1
ITGAV,GDPD1,1,1
ITGAV,HEY1,1,1
ITGAV,IMMP2L,1,1
ITGAV,L3MBTL4,1,1
ITGAV,MLLT4,1,1
ITGAV,MSL3P1,1,1
ITGAV,NUDCD3,1,1
ITGAV,PHTF1,1,1
ITGAV,POT1,1,1
ITGAV,PPFIBP1,1,1
ITGAV,STRIP2,1,1
ITGAV,SYPL1,1,1
ITGAV,TMEM242,1,1
ITGAV,TMF1,1,1
ZNF503,ADAMTS17,1,1
ZNF503,ARHGEF35,1,1
ZNF503,ATP11A,1,1
ZNF503,ATP6V0D2,1,1
ZNF503,ATP6V1C1,1,1
ZNF503,BICDL1,1,1
ZNF503,CARD16,1,1
ZNF503,CD36,1,1
ZNF503,CLDN14,1,1
ZNF503,CSF2RA,1,1
ZNF503,DDT,1,1
ZNF503,DPY19L2P2,1,1
ZNF503,EARS2,1,1
ZNF503,ENTPD6,1,1
ZNF503,EPS15L1,1,1
ZNF503,FAM167B,1,1
ZNF503,FOXRED2,1,1
ZNF503,GGH,1,1
ZNF503,GNB1L,1,1
ZNF503,GPR157,1,1
ZNF503,HERC2P8,1,1
ZNF503,HEY1,1,1
ZNF503,IDH3A,1,1
ZNF503,IMMP2L,1,1
ZNF503,L3MBTL4,1,1
ZNF503,LMF2,1,1
ZNF503,LPXN,1,1
ZNF503,LZIC,1,1
ZNF503,MCM3,1,1
ZNF503,MED15,1,1
ZNF503,MFN2,1,1
ZNF503,MLLT4,1,1
ZNF503,MLXIP,1,1
ZNF503,MSL3P1,1,1
ZNF503,MTFP1,1,1
ZNF503,MTOR,1,1
ZNF503,NBPF8,1,1
ZNF503,NRROS,1,1
ZNF503,PEX26,1,1
ZNF503,PHGDH,1,1
ZNF503,PHTF1,1,1
ZNF503,PNKD,1,1
ZNF503,POLG,1,1
ZNF503,RBM19,1,1
ZNF503,RCN3,1,1
ZNF503,RP11-159J3.1,1,1
ZNF503,RP11-327P2.7,1,1
ZNF503,RPL11,1,1
ZNF503,SAMM50,1,1
ZNF503,SCML4,1,1
ZNF503,SERGEF,1,1
ZNF503,SLC37A3,1,1
ZNF503,SNRNP25,1,1
ZNF503,TESK2,1,1
ZNF503,TMEM201,1,1
ZNF503,TMF1,1,1
ZNF503,TP73,1,1
ZNF503,TRPV4,1,1
ZNF503,UBE2J1,1,1
ZNF503,VAPB,1,1
ZNF503,VAV3,1,1
ZNF503,ZYG11A,1,1
FANCG,CARS2,1,1
FANCG,DBNL,1,1
ARHGAP39,ARHGEF35,1,1
ARHGAP39,CTD-3214H19.4,1,1
ARHGAP39,DDRGK1,1,1
ARHGAP39,GTF2H1,1,1
ARHGAP39,HMOX1,1,1
ARHGAP39,PPP1R12B,1,1
ARHGAP39,RAB11FIP4,1,1
ARHGAP39,RP11-159J3.1,1,1
ARHGAP39,RP11-327P2.7,1,1
ARHGAP39,SBF1,1,1
ARHGAP39,TGFBRAP1,1,1
APITD1,ADAMTS17,1,1
APITD1,ALDH1B1,1,1
APITD1,ANAPC5,1,1
APITD1,ARHGAP18,1,1
APITD1,ARHGEF39,1,1
APITD1,ATXN7L3B,1,1
APITD1,BCAS2,1,1
APITD1,CAPZA2,1,1
APITD1,COQ10B,1,1
APITD1,CSDE1,1,1
APITD1,DDT,1,1
APITD1,EYA4,1,1
APITD1,GET4,1,1
APITD1,GGH,1,1
APITD1,GNB1L,1,1
APITD1,GPR157,1,1
APITD1,GTPBP10,1,1
APITD1,GXYLT1,1,1
APITD1,HERC2P8,1,1
APITD1,HEY1,1,1
APITD1,HOXD4,1,1
APITD1,IMMP2L,1,1
APITD1,L3MBTL4,1,1
APITD1,LPXN,1,1
APITD1,MCM3,1,1
APITD1,METAP1D,1,1
APITD1,MFN2,1,1
APITD1,MTFP1,1,1
APITD1,NUP50,1,1
APITD1,PHTF1,1,1
APITD1,PICK1,1,1
APITD1,PLCB4,1,1
APITD1,PYGB,1,1
APITD1,RTCB,1,1
APITD1,SCML4,1,1
APITD1,SERGEF,1,1
APITD1,SNRNP25,1,1
APITD1,STK17B,1,1
APITD1,STOML2,1,1
APITD1,STRIP2,1,1
APITD1,TMF1,1,1
APITD1,TRABD,1,1
APITD1,TRPV4,1,1
APITD1,XPC,1,1
CARS2,DBNL,1,1
CARS2,LRP6,1,1
RPL11,ADAMTS17,1,1
RPL11,ARHGEF35,1,1
RPL11,ATP11A,1,1
RPL11,ATP6V0D2,1,1
RPL11,BICDL1,1,1
RPL11,CD36,1,1
RPL11,CD40,1,1
RPL11,CLDN14,1,1
RPL11,CSF2RA,1,1
RPL11,DDRGK1,1,1
RPL11,DPY19L2P2,1,1
RPL11,ENTPD6,1,1
RPL11,GDAP2,1,1
RPL11,HERC2P8,1,1
RPL11,LMF2,1,1
RPL11,LPXN,1,1
RPL11,MLXIP,1,1
RPL11,NBPF8,1,1
RPL11,PHGDH,1,1
RPL11,RCN3,1,1
RPL11,RP11-159J3.1,1,1
RPL11,RP11-327P2.7,1,1
RPL11,SAMM50,1,1
RPL11,SCML4,1,1
RPL11,SERGEF,1,1
RPL11,SLC37A3,1,1
RPL11,TP73,1,1
RPL11,UBE2J1,1,1
RPL11,VAPB,1,1
RPL11,VAV3,1,1
RPL11,ZYG11A,1,1
IMMP2L,ADAMTS17,1,1
IMMP2L,ANAPC5,1,1
IMMP2L,ARHGEF39,1,1
IMMP2L,ATXN7L3B,1,1
IMMP2L,C1ORF112,1,1
IMMP2L,CARD16,1,1
IMMP2L,DDT,1,1
IMMP2L,EARS2,1,1
IMMP2L,EYA4,1,1
IMMP2L,FBXO6,1,1
IMMP2L,FOXRED2,1,1
IMMP2L,GGH,1,1
IMMP2L,GNB1L,1,1
IMMP2L,GNB2,1,1
IMMP2L,GPR157,1,1
IMMP2L,HERC2P8,1,1
IMMP2L,HEY1,1,1
IMMP2L,L3MBTL4,1,1
IMMP2L,LPXN,1,1
IMMP2L,MFN2,1,1
IMMP2L,MLLT4,1,1
IMMP2L,MSL3P1,1,1
IMMP2L,MTOR,1,1
IMMP2L,NBPF8,1,1
IMMP2L,NRROS,1,1
IMMP2L,NUDCD3,1,1
IMMP2L,PANX2,1,1
IMMP2L,PHGDH,1,1
IMMP2L,PHTF1,1,1
IMMP2L,PICK1,1,1
IMMP2L,POT1,1,1
IMMP2L,RCN3,1,1
IMMP2L,RTCB,1,1
IMMP2L,SCML4,1,1
IMMP2L,SERGEF,1,1
IMMP2L,SH3BP1,1,1
IMMP2L,STRIP2,1,1
IMMP2L,TMED9,1,1
IMMP2L,TMEM242,1,1
IMMP2L,TMF1,1,1
IMMP2L,TRPV4,1,1
IMMP2L,VAV3,1,1
DDT,ADAMTS17,1,1
DDT,ARHGEF39,1,1
DDT,ATXN7L3B,1,1
DDT,CAPZA2,1,1
DDT,CARD16,1,1
DDT,COQ10B,1,1
DDT,CSDE1,1,1
DDT,EYA4,1,1
DDT,FBXO6,1,1
DDT,FOXRED2,1,1
DDT,GET4,1,1
DDT,GGH,1,1
DDT,GNB1L,1,1
DDT,GNB2,1,1
DDT,GPR157,1,1
DDT,HERC2P8,1,1
DDT,HEY1,1,1
DDT,HOXD4,1,1
DDT,L3MBTL4,1,1
DDT,LPXN,1,1
DDT,MFN2,1,1
DDT,MLLT4,1,1
DDT,MTFP1,1,1
DDT,NRROS,1,1
DDT,NUDCD3,1,1
DDT,NUDT1,1,1
DDT,PANX2,1,1
DDT,PHTF1,1,1
DDT,PICK1,1,1
DDT,PYGB,1,1
DDT,RCN3,1,1
DDT,RNF43,1,1
DDT,RTCB,1,1
DDT,SCML4,1,1
DDT,SERGEF,1,1
DDT,SH3BP2,1,1
DDT,SNRNP25,1,1
DDT,STK17B,1,1
DDT,STOML2,1,1
DDT,STRIP2,1,1
DDT,TMEM242,1,1
DDT,TMF1,1,1
DDT,TRABD,1,1
DDT,TRPV4,1,1
FOXRED2,ADAMTS17,1,1
FOXRED2,ANAPC7,1,1
FOXRED2,ARHGEF39,1,1
FOXRED2,ATXN7L3B,1,1
FOXRED2,C1ORF112,1,1
FOXRED2,CAPZA2,1,1
FOXRED2,CARD16,1,1
FOXRED2,CSDE1,1,1
FOXRED2,EARS2,1,1
FOXRED2,EYA4,1,1
FOXRED2,GNB1L,1,1
FOXRED2,GPR157,1,1
FOXRED2,GXYLT1,1,1
FOXRED2,HEY1,1,1
FOXRED2,IDH3A,1,1
FOXRED2,KIRREL,1,1
FOXRED2,L3MBTL4,1,1
FOXRED2,LPXN,1,1
FOXRED2,MFN2,1,1
FOXRED2,MLLT4,1,1
FOXRED2,MSL3P1,1,1
FOXRED2,MTFP1,1,1
FOXRED2,NRROS,1,1
FOXRED2,NUDCD3,1,1
FOXRED2,NUP50,1,1
FOXRED2,PEX26,1,1
FOXRED2,PHTF1,1,1
FOXRED2,PPFIBP1,1,1
FOXRED2,RBM19,1,1
FOXRED2,RNF207,1,1
FOXRED2,RTCB,1,1
FOXRED2,SH3BP1,1,1
FOXRED2,SNRNP25,1,1
FOXRED2,STK11IP,1,1
FOXRED2,STK17B,1,1
FOXRED2,STRIP2,1,1
FOXRED2,SYPL1,1,1
FOXRED2,TBCA,1,1
FOXRED2,TMED9,1,1
FOXRED2,TMEM201,1,1
FOXRED2,TMEM242,1,1
FOXRED2,TMF1,1,1
FOXRED2,TRABD,1,1
LZIC,AC013264.1,1,1
LZIC,ARHGEF35,1,1
LZIC,ATP11A,1,1
LZIC,ATP6V1C1,1,1
LZIC,C7ORF49,1,1
LZIC,DDI2,1,1
LZIC,EARS2,1,1
LZIC,GUCD1,1,1
LZIC,MED15,1,1
LZIC,MLXIP,1,1
LZIC,MTOR,1,1
LZIC,NADK,1,1
LZIC,PEX10,1,1
LZIC,PEX26,1,1
LZIC,PNKD,1,1
LZIC,RRBP1,1,1
LZIC,SAMM50,1,1
LZIC,SBF1,1,1
LZIC,SLC37A3,1,1
LZIC,TESK2,1,1
LZIC,UBE2J1,1,1
LZIC,VCP,1,1
RAC1,ATG5,1,1
RAC1,CCDC47,1,1
RAC1,EVL,1,1
RAC1,KLHDC2,1,1
RAC1,PABPC4,1,1
RAC1,SFT2D2,1,1
RAC1,SYPL1,1,1
GLRX,CD68,1,1
GLRX,HLA-DQB1,1,1
GLRX,SLX4IP,1,1
HTRA1,CARD16,1,1
HTRA1,EARS2,1,1
HTRA1,FAM167B,1,1
HTRA1,FBXO6,1,1
HTRA1,IGF1R,1,1
HTRA1,LMF2,1,1
HTRA1,MSL3P1,1,1
HTRA1,NADK,1,1
HTRA1,PEX10,1,1
HTRA1,POLG,1,1
HTRA1,RRBP1,1,1
HTRA1,TESK2,1,1
HTRA1,TRIM14,1,1
SH3BP2,TMF1,1,1
SH3BP2,TRPV4,1,1
LUC7L2,MCM3,1,1
LUC7L2,MTERF3,1,1
LUC7L2,STK17B,1,1
LUC7L2,VIPAS39,1,1
SARAF,AFAP1,1,1
PNMA1,METAP1D,1,1
PNMA1,MIF,1,1
PNMA1,MRFAP1L1,1,1
ATP11A,AC013264.1,1,1
ATP11A,ADAMTS17,1,1
ATP11A,ARHGEF35,1,1
ATP11A,ATP6V0D2,1,1
ATP11A,ATP6V1C1,1,1
ATP11A,BICDL1,1,1
ATP11A,CD36,1,1
ATP11A,CD40,1,1
ATP11A,CLDN14,1,1
ATP11A,CSF2RA,1,1
ATP11A,DDRGK1,1,1
ATP11A,DPY19L2P2,1,1
ATP11A,ENTPD6,1,1
ATP11A,GDAP2,1,1
ATP11A,GPR157,1,1
ATP11A,HERC2P8,1,1
ATP11A,LPXN,1,1
ATP11A,MLXIP,1,1
ATP11A,MTOR,1,1
ATP11A,NBPF8,1,1
ATP11A,NRROS,1,1
ATP11A,PEX26,1,1
ATP11A,PEX5,1,1
ATP11A,PHGDH,1,1
ATP11A,PHTF1,1,1
ATP11A,PNKD,1,1
ATP11A,RP11-159J3.1,1,1
ATP11A,RP11-327P2.7,1,1
ATP11A,SAMM50,1,1
ATP11A,SCML4,1,1
ATP11A,SERGEF,1,1
ATP11A,SLC37A3,1,1
ATP11A,TESK2,1,1
ATP11A,TMF1,1,1
ATP11A,TP73,1,1
ATP11A,UBE2J1,1,1
ATP11A,VAPB,1,1
ATP11A,VAV3,1,1
ATP11A,YIPF4,1,1
ATP11A,ZYG11A,1,1
MSL3P1,ARHGEF39,1,1
MSL3P1,ATXN7L3B,1,1
MSL3P1,C1ORF112,1,1
MSL3P1,CARD16,1,1
MSL3P1,EARS2,1,1
MSL3P1,EYA4,1,1
MSL3P1,FBXO6,1,1
MSL3P1,GDPD1,1,1
MSL3P1,GPR157,1,1
MSL3P1,HEY1,1,1
MSL3P1,IGF1R,1,1
MSL3P1,L3MBTL4,1,1
MSL3P1,LPXN,1,1
MSL3P1,MFN2,1,1
MSL3P1,MLLT4,1,1
MSL3P1,NBPF8,1,1
MSL3P1,NUDCD3,1,1
MSL3P1,PHTF1,1,1
MSL3P1,RHOJ,1,1
MSL3P1,RNF207,1,1
MSL3P1,RNF43,1,1
MSL3P1,STK11IP,1,1
MSL3P1,STRIP2,1,1
MSL3P1,SYPL1,1,1
MSL3P1,TESK2,1,1
MSL3P1,TMED9,1,1
MSL3P1,TMEM242,1,1
CARD14,ATXN7L3,1,1
CARD14,ATXN7L3B,1,1
CARD14,GDPD1,1,1
CARD14,MRPS5,1,1
CARD14,PANX2,1,1
CARD14,PXDN,1,1
CARD14,RNF43,1,1
CARD14,STPG1,1,1
CARD14,TNIP2,1,1
MCAM,ALKBH3,1,1
MCAM,DOCK9,1,1
MCAM,MRPL46,1,1
MCAM,PPP1R12B,1,1
MCAM,SMG9,1,1
DET1,AC009133.22,1,1
DET1,ATP6V1F,1,1
DET1,ATP7B,1,1
DET1,CCDC115,1,1
DET1,EVA1A,1,1
DET1,MLF 2.00,1,1
DET1,MVB12B,1,1
DET1,NAGA,1,1
DET1,PPM1K,1,1
DET1,PYCARD,1,1
DET1,RAB11FIP4,1,1
DET1,STXBP2,1,1
FAM161A,AC009133.22,1,1
FAM161A,C20ORF194,1,1
FAM161A,LNX2,1,1
FAM161A,MLF 2.00,1,1
FAM161A,MVB12B,1,1
FAM161A,PER3,1,1
FAM161A,PPM1K,1,1
FAM161A,PYCARD,1,1
FAM161A,STXBP2,1,1
FAM161A,TRPS1,1,1
DDI2,AC013264.1,1,1
DDI2,ATP6V1C1,1,1
DDI2,RRBP1,1,1
DDI2,TNFAIP3,1,1
DDI2,VCP,1,1
DDI2,ZFYVE16,1,1
CDKN2D,ATL1,1,1
MLF 2.00,AC009133.22,1,1
MLF 2.00,AFAP1,1,1
MLF 2.00,ATP7B,1,1
MLF 2.00,CARD8,1,1
MLF 2.00,CCDC115,1,1
MLF 2.00,CTD-3214H19.4,1,1
MLF 2.00,EVA1A,1,1
MLF 2.00,LNX2,1,1
MLF 2.00,MVB12B,1,1
MLF 2.00,NAGA,1,1
MLF 2.00,PER3,1,1
MLF 2.00,PPM1K,1,1
MLF 2.00,PYCARD,1,1
MLF 2.00,RAB11FIP4,1,1
MLF 2.00,RBBP4,1,1
MLF 2.00,STXBP2,1,1
MLF 2.00,TRPS1,1,1
METAP1D,ALDH1B1,1,1
METAP1D,CASP8,1,1
METAP1D,EYA4,1,1
METAP1D,HEY1,1,1
METAP1D,HOXD4,1,1
METAP1D,MIF,1,1
METAP1D,MRFAP1L1,1,1
METAP1D,RNF43,1,1
METAP1D,STRIP2,1,1
PABPC4,ALDH1B1,1,1
PABPC4,ATG5,1,1
PABPC4,KLHDC2,1,1
PABPC4,PXDN,1,1
PABPC4,SYPL1,1,1
PABPC4,TBCA,1,1
PABPC4,TEAD2,1,1
FAM110A,RP11-327P2.7,1,1
FAM110A,TFIP11,1,1
AIG1,ANKRD13D,1,1
AIG1,CANX,1,1
AIG1,CASP8,1,1
AIG1,FZD6,1,1
AIG1,TEAD2,1,1
SFT2D2,ATG5,1,1
SFT2D2,CCDC47,1,1
SFT2D2,PLOD2,1,1
SFT2D2,PPFIBP1,1,1
SFT2D2,SUCO,1,1
SFT2D2,SYPL1,1,1
GDAP2,ADAMTS17,1,1
GDAP2,AGA,1,1
GDAP2,AKAP9,1,1
GDAP2,ARHGEF35,1,1
GDAP2,ATP6V0D2,1,1
GDAP2,BICDL1,1,1
GDAP2,CD40,1,1
GDAP2,CD68,1,1
GDAP2,CLDN14,1,1
GDAP2,CSF2RA,1,1
GDAP2,DDRGK1,1,1
GDAP2,DOCK9,1,1
GDAP2,DPY19L2P2,1,1
GDAP2,ENTPD6,1,1
GDAP2,HERC2P8,1,1
GDAP2,KIN,1,1
GDAP2,NT5DC3,1,1
GDAP2,PEX5,1,1
GDAP2,PHGDH,1,1
GDAP2,POLE4,1,1
GDAP2,PPP1R12B,1,1
GDAP2,RP11-159J3.1,1,1
GDAP2,RP11-327P2.7,1,1
GDAP2,RTFDC1,1,1
GDAP2,SAMM50,1,1
GDAP2,SCML4,1,1
GDAP2,SERGEF,1,1
GDAP2,SLAMF7,1,1
GDAP2,SMG9,1,1
GDAP2,TP73,1,1
GDAP2,VAPB,1,1
GDAP2,VAV3,1,1
GDAP2,ZNF585B,1,1
GDAP2,ZYG11A,1,1
GNB2,GPR157,1,1
GNB2,HERC2P8,1,1
GNB2,PICK1,1,1
GNB2,SERGEF,1,1
GNB2,TRPV4,1,1
MLLT4,ADAMTS17,1,1
MLLT4,ARHGEF39,1,1
MLLT4,ATXN7L3B,1,1
MLLT4,CAPZA2,1,1
MLLT4,CSDE1,1,1
MLLT4,CUEDC1,1,1
MLLT4,EYA4,1,1
MLLT4,GPR157,1,1
MLLT4,HERC2P8,1,1
MLLT4,HEY1,1,1
MLLT4,L3MBTL4,1,1
MLLT4,LPXN,1,1
MLLT4,MFN2,1,1
MLLT4,MTOR,1,1
MLLT4,NBPF8,1,1
MLLT4,NRROS,1,1
MLLT4,NUDCD3,1,1
MLLT4,PEX26,1,1
MLLT4,PHTF1,1,1
MLLT4,PYGB,1,1
MLLT4,SH3BP1,1,1
MLLT4,STK11IP,1,1
MLLT4,STRIP2,1,1
MLLT4,TMF1,1,1
MLLT4,TRPV4,1,1
DOCK9,ENTPD6,1,1
DOCK9,FAM122A,1,1
DOCK9,KIN,1,1
DOCK9,LDOC1,1,1
DOCK9,MRPL46,1,1
DOCK9,RTCA,1,1
DOCK9,RTFDC1,1,1
DOCK9,SLAMF7,1,1
DOCK9,SMG9,1,1
DOCK9,ZNF585B,1,1
MCM3,ADAMTS17,1,1
MCM3,ANAPC7,1,1
MCM3,BCAS2,1,1
MCM3,BICDL1,1,1
MCM3,CCDC18,1,1
MCM3,CSDE1,1,1
MCM3,GGH,1,1
MCM3,GNB1L,1,1
MCM3,GTSE1,1,1
MCM3,GXYLT1,1,1
MCM3,IDH3A,1,1
MCM3,LPXN,1,1
MCM3,MFN2,1,1
MCM3,MTFP1,1,1
MCM3,NCAPH2,1,1
MCM3,NRROS,1,1
MCM3,NUP50,1,1
MCM3,PHTF1,1,1
MCM3,POLE4,1,1
MCM3,RBM19,1,1
MCM3,RPA2,1,1
MCM3,RTCB,1,1
MCM3,SAMM50,1,1
MCM3,SCML4,1,1
MCM3,SNRNP25,1,1
MCM3,STK17B,1,1
MCM3,STOML2,1,1
MCM3,TMEM201,1,1
MCM3,TMF1,1,1
MCM3,TP73,1,1
MCM3,TSN,1,1
MCM3,TSPYL4,1,1
MCM3,UBE2J1,1,1
MCM3,VAV3,1,1
AGAP1,PPFIBP1,1,1
HERC2P8,ADAMTS17,1,1
HERC2P8,ANAPC5,1,1
HERC2P8,ARHGEF35,1,1
HERC2P8,ATP6V0D2,1,1
HERC2P8,BICDL1,1,1
HERC2P8,CLDN14,1,1
HERC2P8,CSF2RA,1,1
HERC2P8,DDRGK1,1,1
HERC2P8,DPY19L2P2,1,1
HERC2P8,ENTPD6,1,1
HERC2P8,GNB1L,1,1
HERC2P8,GPR157,1,1
HERC2P8,HEY1,1,1
HERC2P8,LPXN,1,1
HERC2P8,MFN2,1,1
HERC2P8,MTFP1,1,1
HERC2P8,MTOR,1,1
HERC2P8,NBPF8,1,1
HERC2P8,NRROS,1,1
HERC2P8,PEX26,1,1
HERC2P8,PHGDH,1,1
HERC2P8,PHTF1,1,1
HERC2P8,PICK1,1,1
HERC2P8,POLE4,1,1
HERC2P8,PYGB,1,1
HERC2P8,RBM19,1,1
HERC2P8,RCN3,1,1
HERC2P8,RP11-159J3.1,1,1
HERC2P8,RP11-327P2.7,1,1
HERC2P8,RTFDC1,1,1
HERC2P8,SAMM50,1,1
HERC2P8,SCML4,1,1
HERC2P8,SERGEF,1,1
HERC2P8,SLAMF7,1,1
HERC2P8,SNRNP25,1,1
HERC2P8,STOML2,1,1
HERC2P8,TMEM201,1,1
HERC2P8,TMF1,1,1
HERC2P8,TP73,1,1
HERC2P8,TRPV4,1,1
HERC2P8,UBE2J1,1,1
HERC2P8,VAPB,1,1
HERC2P8,VAV3,1,1
HERC2P8,ZYG11A,1,1
C1ORF112,ARHGEF39,1,1
C1ORF112,ATXN7L3B,1,1
C1ORF112,CAPZA2,1,1
C1ORF112,CARD16,1,1
C1ORF112,EARS2,1,1
C1ORF112,EYA4,1,1
C1ORF112,FBXO6,1,1
C1ORF112,GDPD1,1,1
C1ORF112,HEY1,1,1
C1ORF112,L3MBTL4,1,1
C1ORF112,MFN2,1,1
C1ORF112,MRPS5,1,1
C1ORF112,NUDCD3,1,1
C1ORF112,PANX2,1,1
C1ORF112,RHOJ,1,1
C1ORF112,SH3BP1,1,1
C1ORF112,SYPL1,1,1
C1ORF112,TMEM242,1,1
SLC37A3,AC013264.1,1,1
SLC37A3,ARHGEF35,1,1
SLC37A3,ATP6V0D2,1,1
SLC37A3,ATP6V1C1,1,1
SLC37A3,BICDL1,1,1
SLC37A3,C7ORF49,1,1
SLC37A3,CCDC115,1,1
SLC37A3,CD40,1,1
SLC37A3,DDRGK1,1,1
SLC37A3,DPY19L2P2,1,1
SLC37A3,EIF5AL1,1,1
SLC37A3,ENTPD6,1,1
SLC37A3,GUCD1,1,1
SLC37A3,LMF2,1,1
SLC37A3,MED15,1,1
SLC37A3,MLXIP,1,1
SLC37A3,MTOR,1,1
SLC37A3,NADK,1,1
SLC37A3,NBPF8,1,1
SLC37A3,PEX10,1,1
SLC37A3,PHGDH,1,1
SLC37A3,PNKD,1,1
SLC37A3,POLG,1,1
SLC37A3,RAB11FIP4,1,1
SLC37A3,RP11-159J3.1,1,1
SLC37A3,RP11-327P2.7,1,1
SLC37A3,SAMM50,1,1
SLC37A3,SBF1,1,1
SLC37A3,SCML4,1,1
SLC37A3,TESK2,1,1
SLC37A3,TP73,1,1
SLC37A3,UBE2J1,1,1
SLC37A3,VAV3,1,1
SLC37A3,VCP,1,1
SLC37A3,ZYG11A,1,1
MRFAP1L1,AIM1,1,1
MRFAP1L1,COQ10B,1,1
MRFAP1L1,HOXD4,1,1
MRFAP1L1,XPC,1,1
STRIP2,ARHGEF39,1,1
STRIP2,ATXN7L3B,1,1
STRIP2,CAPZA2,1,1
STRIP2,CARD16,1,1
STRIP2,CSDE1,1,1
STRIP2,EYA4,1,1
STRIP2,FBXO6,1,1
STRIP2,GPR157,1,1
STRIP2,HEY1,1,1
STRIP2,L3MBTL4,1,1
STRIP2,LPXN,1,1
STRIP2,MFN2,1,1
STRIP2,PANX2,1,1
STRIP2,RCN3,1,1
STRIP2,RNF207,1,1
STRIP2,RNF43,1,1
STRIP2,RTCB,1,1
STRIP2,STK17B,1,1
STRIP2,TBCA,1,1
STRIP2,TMED9,1,1
STRIP2,TMEM242,1,1
STRIP2,TMF1,1,1
STRIP2,TRABD,1,1
STRIP2,TRPV4,1,1
MTPN,AIM1,1,1
MTPN,COQ10B,1,1
MTPN,FOXN2,1,1
MTPN,GTPBP10,1,1
MTPN,SHQ1,1,1
MTPN,XPC,1,1
SYPL1,ALDH1B1,1,1
SYPL1,ATG5,1,1
SYPL1,ATXN7L3B,1,1
SYPL1,CAPZA2,1,1
SYPL1,CASP8,1,1
SYPL1,CSDE1,1,1
SYPL1,EVL,1,1
SYPL1,EYA4,1,1
SYPL1,FZD6,1,1
SYPL1,HEY1,1,1
SYPL1,IGF2BP3,1,1
SYPL1,KIRREL,1,1
SYPL1,KLHDC2,1,1
SYPL1,PANX2,1,1
SYPL1,PLOD2,1,1
SYPL1,PPFIBP1,1,1
SYPL1,PXDN,1,1
SYPL1,RNF207,1,1
SYPL1,RTCB,1,1
SYPL1,STK17B,1,1
SYPL1,SUCO,1,1
SYPL1,TBCA,1,1
SYPL1,TEAD2,1,1
SYPL1,TMED9,1,1
SYPL1,TMEM242,1,1
SYPL1,TRABD,1,1
MFN2,ADAMTS17,1,1
MFN2,ANAPC7,1,1
MFN2,ARHGEF39,1,1
MFN2,ATXN7L3B,1,1
MFN2,CAPZA2,1,1
MFN2,CARD16,1,1
MFN2,CSDE1,1,1
MFN2,EARS2,1,1
MFN2,EPS15L1,1,1
MFN2,EYA4,1,1
MFN2,FBXO6,1,1
MFN2,GET4,1,1
MFN2,GGH,1,1
MFN2,GNB1L,1,1
MFN2,GPR157,1,1
MFN2,GXYLT1,1,1
MFN2,HEY1,1,1
MFN2,IDH3A,1,1
MFN2,L3MBTL4,1,1
MFN2,LPXN,1,1
MFN2,MTFP1,1,1
MFN2,MTOR,1,1
MFN2,NBPF8,1,1
MFN2,NRROS,1,1
MFN2,NUDCD3,1,1
MFN2,PEX26,1,1
MFN2,PHTF1,1,1
MFN2,PYGB,1,1
MFN2,RBM19,1,1
MFN2,RTCB,1,1
MFN2,SAMM50,1,1
MFN2,SCML4,1,1
MFN2,SH3BP1,1,1
MFN2,SNRNP25,1,1
MFN2,TMEM201,1,1
MFN2,TMEM242,1,1
MFN2,TMF1,1,1
MFN2,TRABD,1,1
MFN2,UBE2J1,1,1
MFN2,VAV3,1,1
MKRN2,DDX24,1,1
VAPB,ADAMTS17,1,1
VAPB,AKAP9,1,1
VAPB,ARHGEF35,1,1
VAPB,ATP6V0D2,1,1
VAPB,BICDL1,1,1
VAPB,CD40,1,1
VAPB,CLDN14,1,1
VAPB,CSF2RA,1,1
VAPB,DDRGK1,1,1
VAPB,DPY19L2P2,1,1
VAPB,ENTPD6,1,1
VAPB,KIN,1,1
VAPB,PEX5,1,1
VAPB,PHGDH,1,1
VAPB,PPP1R12B,1,1
VAPB,RP11-159J3.1,1,1
VAPB,RP11-327P2.7,1,1
VAPB,RTFDC1,1,1
VAPB,SAMM50,1,1
VAPB,SCML4,1,1
VAPB,SLAMF7,1,1
VAPB,TP73,1,1
VAPB,UBE2J1,1,1
VAPB,VAV3,1,1
VAPB,ZYG11A,1,1
IDH3A,ADAMTS17,1,1
IDH3A,ANAPC7,1,1
IDH3A,BCAS2,1,1
IDH3A,CAPZA2,1,1
IDH3A,CSDE1,1,1
IDH3A,EARS2,1,1
IDH3A,EPS15L1,1,1
IDH3A,GGH,1,1
IDH3A,GNB1L,1,1
IDH3A,GXYLT1,1,1
IDH3A,LPXN,1,1
IDH3A,MTFP1,1,1
IDH3A,NRROS,1,1
IDH3A,NUP50,1,1
IDH3A,PEX26,1,1
IDH3A,PHTF1,1,1
IDH3A,PLEKHB2,1,1
IDH3A,RBM19,1,1
IDH3A,RTCB,1,1
IDH3A,SAMM50,1,1
IDH3A,SNRNP25,1,1
IDH3A,STK17B,1,1
IDH3A,TMEM201,1,1
IDH3A,TMF1,1,1
IDH3A,UBE2J1,1,1
NIPA2,RTCA,1,1
COL4A5,MFSD9,1,1
COL4A5,SHC1,1,1
COL4A5,TRPS1,1,1
PLCB4,ADAMTS17,1,1
PLCB4,AGA,1,1
PLCB4,BCAS2,1,1
PLCB4,CCNO,1,1
PLCB4,COQ10B,1,1
PLCB4,CSDE1,1,1
PLCB4,GTPBP10,1,1
PLCB4,GXYLT1,1,1
PLCB4,HOXD4,1,1
PLCB4,MTFP1,1,1
PLCB4,NCAPH2,1,1
PLCB4,NT5DC3,1,1
PLCB4,NUP50,1,1
PLCB4,PGAP2,1,1
PLCB4,POLE4,1,1
PLCB4,PYGB,1,1
PLCB4,SHQ1,1,1
PLCB4,STK17B,1,1
PLCB4,STOML2,1,1
PLCB4,TMF1,1,1
PLCB4,TRPV4,1,1
PLCB4,XPC,1,1
EVL,ANAPC7,1,1
EVL,CAPZA2,1,1
EVL,EARS2,1,1
EVL,PPFIBP1,1,1
ATL1,RNF145,1,1
ATL1,TRPS1,1,1
KPNA6,KIRREL,1,1
PPM1K,AC009133.22,1,1
PPM1K,ATP7B,1,1
PPM1K,C20ORF194,1,1
PPM1K,CARD8,1,1
PPM1K,CTD-3214H19.4,1,1
PPM1K,PER3,1,1
PPM1K,PYCARD,1,1
PPM1K,RAB11FIP4,1,1
PPM1K,STXBP2,1,1
PPM1K,TRPS1,1,1
CARD8,AC009133.22,1,1
CARD8,C20ORF194,1,1
CARD8,MVB12B,1,1
CARD8,PYCARD,1,1
CARD8,STXBP2,1,1
CARD8,TRPS1,1,1
ARHGAP18,ARHGEF17,1,1
ZC3H4,ARHGEF35,1,1
ZC3H4,CD40,1,1
ZC3H4,DDRGK1,1,1
ZC3H4,ENTPD6,1,1
ZC3H4,MYB,1,1
ZC3H4,RTCA,1,1
ZC3H4,ZYG11A,1,1
TGFBRAP1,AKAP9,1,1
TGFBRAP1,GATAD2A,1,1
TGFBRAP1,GTF2H1,1,1
TGFBRAP1,TFIP11,1,1
ZBTB45,ZNHIT3,1,1
MLXIP,AC013264.1,1,1
MLXIP,ADAMTS17,1,1
MLXIP,ARHGEF35,1,1
MLXIP,ATP6V1C1,1,1
MLXIP,BICDL1,1,1
MLXIP,CD36,1,1
MLXIP,CD40,1,1
MLXIP,DDRGK1,1,1
MLXIP,DPY19L2P2,1,1
MLXIP,GUCD1,1,1
MLXIP,LMF2,1,1
MLXIP,MED15,1,1
MLXIP,MTOR,1,1
MLXIP,NADK,1,1
MLXIP,NBPF8,1,1
MLXIP,PEX10,1,1
MLXIP,PHGDH,1,1
MLXIP,PNKD,1,1
MLXIP,POLG,1,1
MLXIP,POT1,1,1
MLXIP,RP11-327P2.7,1,1
MLXIP,SAMM50,1,1
MLXIP,SBF1,1,1
MLXIP,SCML4,1,1
MLXIP,TESK2,1,1
MLXIP,TP73,1,1
MLXIP,UBE2J1,1,1
MLXIP,VAV3,1,1
CEP131,ATF7IP,1,1
CEP131,ATP6V1F,1,1
CEP131,CBX5,1,1
CEP131,EVA1A,1,1
CEP131,GALNS,1,1
CEP131,GUCD1,1,1
CEP131,HOXC10,1,1
CEP131,METRNL,1,1
CEP131,NADK,1,1
CEP131,PEX10,1,1
CEP131,PSEN2,1,1
CEP131,RRBP1,1,1
CEP131,SLC23A2,1,1
CEP131,TRIM14,1,1
CEP131,ZNF706,1,1
ARL8B,TMEM165,1,1
ARL 3.00,ALDH1B1,1,1
ARL 3.00,CASP8,1,1
ARL 3.00,FOXN2,1,1
ARL 3.00,FZD6,1,1
ARL 3.00,IGF2BP3,1,1
ARL 3.00,KIRREL,1,1
ARL 3.00,PXDN,1,1
GTSE1,BCAS2,1,1
GTSE1,CCDC18,1,1
GTSE1,GXYLT1,1,1
GTSE1,MTFP1,1,1
GTSE1,NCAPH2,1,1
RHOJ,CARD16,1,1
RHOJ,EARS2,1,1
RHOJ,MRPS5,1,1
RTCB,ALDH1B1,1,1
RTCB,ANAPC7,1,1
RTCB,ARHGEF39,1,1
RTCB,ATXN7L3B,1,1
RTCB,BCAS2,1,1
RTCB,CAPZA2,1,1
RTCB,CEP85,1,1
RTCB,COQ10B,1,1
RTCB,CSDE1,1,1
RTCB,EYA4,1,1
RTCB,GET4,1,1
RTCB,GNB1L,1,1
RTCB,GPR157,1,1
RTCB,GTPBP10,1,1
RTCB,GXYLT1,1,1
RTCB,HEY1,1,1
RTCB,HOXD4,1,1
RTCB,IGF2BP3,1,1
RTCB,KIRREL,1,1
RTCB,KLHDC2,1,1
RTCB,L3MBTL4,1,1
RTCB,LPXN,1,1
RTCB,MTFP1,1,1
RTCB,NRROS,1,1
RTCB,NUP50,1,1
RTCB,PANX2,1,1
RTCB,PHTF1,1,1
RTCB,PYGB,1,1
RTCB,SHQ1,1,1
RTCB,SNRNP25,1,1
RTCB,STK17B,1,1
RTCB,STOML2,1,1
RTCB,TBCA,1,1
RTCB,TMED9,1,1
RTCB,TMEM201,1,1
RTCB,TMEM242,1,1
RTCB,TMF1,1,1
RTCB,TRABD,1,1
RTCB,TRPV4,1,1
MESDC2,GALNS,1,1
MESDC2,IGF1R,1,1
MESDC2,METRNL,1,1
MESDC2,PSEN2,1,1
MESDC2,RRBP1,1,1
MESDC2,ZNF226,1,1
PPFIBP1,CAPZA2,1,1
PPFIBP1,CASP8,1,1
PPFIBP1,EYA4,1,1
PPFIBP1,FZD6,1,1
PPFIBP1,GDPD1,1,1
PPFIBP1,IGF2BP3,1,1
PPFIBP1,KIRREL,1,1
PPFIBP1,NUDCD3,1,1
PPFIBP1,PLOD2,1,1
PPFIBP1,SH3BP1,1,1
PPFIBP1,SUCO,1,1
PPFIBP1,TBCA,1,1
PPFIBP1,TMED9,1,1
PPFIBP1,TMEM242,1,1
EYA4,ADAMTS17,1,1
EYA4,ALDH1B1,1,1
EYA4,ARHGEF39,1,1
EYA4,ATXN7L3B,1,1
EYA4,BCAS2,1,1
EYA4,CAPZA2,1,1
EYA4,CARD16,1,1
EYA4,CASP8,1,1
EYA4,COQ10B,1,1
EYA4,CSDE1,1,1
EYA4,FZD6,1,1
EYA4,GET4,1,1
EYA4,GNB1L,1,1
EYA4,GPR157,1,1
EYA4,GTPBP10,1,1
EYA4,GXYLT1,1,1
EYA4,HEY1,1,1
EYA4,HOXD4,1,1
EYA4,IGF2BP3,1,1
EYA4,KIRREL,1,1
EYA4,L3MBTL4,1,1
EYA4,LPXN,1,1
EYA4,MTFP1,1,1
EYA4,NRROS,1,1
EYA4,NUDCD3,1,1
EYA4,NUP50,1,1
EYA4,PANX2,1,1
EYA4,PHTF1,1,1
EYA4,PYGB,1,1
EYA4,RNF207,1,1
EYA4,RNF43,1,1
EYA4,SH3BP1,1,1
EYA4,SNRNP25,1,1
EYA4,STK17B,1,1
EYA4,TBCA,1,1
EYA4,TMED9,1,1
EYA4,TMEM242,1,1
EYA4,TMF1,1,1
EYA4,TRABD,1,1
EYA4,TRPV4,1,1
GAB2,FAM167B,1,1
GAB2,MED15,1,1
GAB2,MTOR,1,1
GAB2,PNKD,1,1
GAB2,POLG,1,1
GAB2,TESK2,1,1
DDRGK1,AKAP9,1,1
DDRGK1,ARHGEF35,1,1
DDRGK1,ATP6V0D2,1,1
DDRGK1,BICDL1,1,1
DDRGK1,CD36,1,1
DDRGK1,CD40,1,1
DDRGK1,CLDN14,1,1
DDRGK1,DPY19L2P2,1,1
DDRGK1,EIF5AL1,1,1
DDRGK1,ENTPD6,1,1
DDRGK1,GTF2H1,1,1
DDRGK1,GUCD1,1,1
DDRGK1,LMF2,1,1
DDRGK1,MTOR,1,1
DDRGK1,PHGDH,1,1
DDRGK1,PPP1R12B,1,1
DDRGK1,RAB11FIP4,1,1
DDRGK1,RBM19,1,1
DDRGK1,RP11-159J3.1,1,1
DDRGK1,RP11-327P2.7,1,1
DDRGK1,RTCA,1,1
DDRGK1,SAMM50,1,1
DDRGK1,SBF1,1,1
DDRGK1,SCML4,1,1
DDRGK1,SLAMF7,1,1
DDRGK1,TP73,1,1
DDRGK1,UBE2J1,1,1
DDRGK1,VAV3,1,1
DDRGK1,ZYG11A,1,1
GET4,ALDH1B1,1,1
GET4,ARHGEF39,1,1
GET4,BCAS2,1,1
GET4,CEP85,1,1
GET4,COQ10B,1,1
GET4,CSDE1,1,1
GET4,GNB1L,1,1
GET4,HEY1,1,1
GET4,HOXD4,1,1
GET4,MTFP1,1,1
GET4,SNRNP25,1,1
GET4,STK17B,1,1
GET4,STOML2,1,1
GET4,TMF1,1,1
GET4,TRABD,1,1
OAZ2,PI4KB,1,1
GDPD1,ATXN7L3B,1,1
GDPD1,FBXO6,1,1
GDPD1,NUDCD3,1,1
GDPD1,PANX2,1,1
GDPD1,RNF43,1,1
GDPD1,TMED9,1,1
GDPD1,TMEM242,1,1
CD40,AC013264.1,1,1
CD40,AKAP9,1,1
CD40,ARHGEF35,1,1
CD40,ATP6V1C1,1,1
CD40,CCDC115,1,1
CD40,CD36,1,1
CD40,DPY19L2P2,1,1
CD40,EIF5AL1,1,1
CD40,ENTPD6,1,1
CD40,GTF2H1,1,1
CD40,GUCD1,1,1
CD40,MYB,1,1
CD40,PHGDH,1,1
CD40,RAB11FIP4,1,1
CD40,RBBP4,1,1
CD40,RP11-327P2.7,1,1
CD40,RTCA,1,1
CD40,SAMM50,1,1
CD40,SBF1,1,1
CD40,ZYG11A,1,1
CCDC47,ATG5,1,1
CCDC47,SUCO,1,1
ATP7B,AC009133.22,1,1
ATP7B,ATF7IP,1,1
ATP7B,ATP6V1F,1,1
ATP7B,CCDC115,1,1
ATP7B,CTD-3214H19.4,1,1
ATP7B,EVA1A,1,1
ATP7B,MVB12B,1,1
ATP7B,NAGA,1,1
ATP7B,PYCARD,1,1
ATP7B,RAB11FIP4,1,1
ATP7B,RBBP4,1,1
ATP7B,STXBP2,1,1
TP73,ADAMTS17,1,1
TP73,ARHGEF35,1,1
TP73,ATP6V0D2,1,1
TP73,BICDL1,1,1
TP73,CD36,1,1
TP73,CLDN14,1,1
TP73,CSF2RA,1,1
TP73,DPY19L2P2,1,1
TP73,ENTPD6,1,1
TP73,GPR157,1,1
TP73,LPXN,1,1
TP73,MTFP1,1,1
TP73,MTOR,1,1
TP73,NBPF8,1,1
TP73,NRROS,1,1
TP73,NT5DC3,1,1
TP73,PEX26,1,1
TP73,PHGDH,1,1
TP73,PHTF1,1,1
TP73,POLE4,1,1
TP73,PYGB,1,1
TP73,RBM19,1,1
TP73,RCN3,1,1
TP73,RP11-159J3.1,1,1
TP73,RP11-327P2.7,1,1
TP73,RPA2,1,1
TP73,RTFDC1,1,1
TP73,SAMM50,1,1
TP73,SCML4,1,1
TP73,SERGEF,1,1
TP73,SLAMF7,1,1
TP73,SMG9,1,1
TP73,SNRNP25,1,1
TP73,TMEM201,1,1
TP73,TMF1,1,1
TP73,TRPV4,1,1
TP73,UBE2J1,1,1
TP73,VAV3,1,1
TP73,ZYG11A,1,1
ALKBH3,GTF2H1,1,1
ALKBH3,PPP1R12B,1,1
SAMM50,AC013264.1,1,1
SAMM50,ADAMTS17,1,1
SAMM50,ARHGEF35,1,1
SAMM50,ATP6V0D2,1,1
SAMM50,ATP6V1C1,1,1
SAMM50,BICDL1,1,1
SAMM50,C7ORF49,1,1
SAMM50,CD36,1,1
SAMM50,CLDN14,1,1
SAMM50,DPY19L2P2,1,1
SAMM50,EARS2,1,1
SAMM50,ENTPD6,1,1
SAMM50,EPS15L1,1,1
SAMM50,GGH,1,1
SAMM50,GPR157,1,1
SAMM50,LMF2,1,1
SAMM50,LPXN,1,1
SAMM50,MED15,1,1
SAMM50,MTOR,1,1
SAMM50,NBPF8,1,1
SAMM50,NRROS,1,1
SAMM50,PEX10,1,1
SAMM50,PEX26,1,1
SAMM50,PHGDH,1,1
SAMM50,PHTF1,1,1
SAMM50,PNKD,1,1
SAMM50,RBM19,1,1
SAMM50,RP11-159J3.1,1,1
SAMM50,RP11-327P2.7,1,1
SAMM50,SBF1,1,1
SAMM50,SCML4,1,1
SAMM50,SERGEF,1,1
SAMM50,SLAMF7,1,1
SAMM50,TESK2,1,1
SAMM50,TMEM201,1,1
SAMM50,TMF1,1,1
SAMM50,UBE2J1,1,1
SAMM50,VAV3,1,1
SAMM50,VCP,1,1
SAMM50,ZYG11A,1,1
LRP6,DBNL,1,1
GGH,ADAMTS17,1,1
GGH,ARHGEF39,1,1
GGH,CARD16,1,1
GGH,HEY1,1,1
GGH,LPXN,1,1
GGH,MTFP1,1,1
GGH,NUDT1,1,1
GGH,PHTF1,1,1
GGH,POT1,1,1
GGH,RCN3,1,1
GGH,SCML4,1,1
GGH,SERGEF,1,1
GGH,SNRNP25,1,1
GGH,TMF1,1,1
GGH,UBE2J1,1,1
GGH,VAV3,1,1
BBS10,GTF2E2,1,1
RCN3,ADAMTS17,1,1
RCN3,ANAPC5,1,1
RCN3,ARHGEF39,1,1
RCN3,BICDL1,1,1
RCN3,CARD16,1,1
RCN3,DPY19L2P2,1,1
RCN3,FBXO6,1,1
RCN3,GPR157,1,1
RCN3,HEY1,1,1
RCN3,L3MBTL4,1,1
RCN3,LMF2,1,1
RCN3,LPXN,1,1
RCN3,MED15,1,1
RCN3,MTOR,1,1
RCN3,NBPF8,1,1
RCN3,PHGDH,1,1
RCN3,PICK1,1,1
RCN3,PNKD,1,1
RCN3,SCML4,1,1
RCN3,SERGEF,1,1
RCN3,TESK2,1,1
RCN3,TRPV4,1,1
RCN3,VAV3,1,1
L3MBTL4,ARHGEF39,1,1
L3MBTL4,ATXN7L3B,1,1
L3MBTL4,CAPZA2,1,1
L3MBTL4,CARD16,1,1
L3MBTL4,CSDE1,1,1
L3MBTL4,EARS2,1,1
L3MBTL4,FAM167B,1,1
L3MBTL4,FBXO6,1,1
L3MBTL4,GPR157,1,1
L3MBTL4,HEY1,1,1
L3MBTL4,LPXN,1,1
L3MBTL4,MTOR,1,1
L3MBTL4,NRROS,1,1
L3MBTL4,NUDCD3,1,1
L3MBTL4,PANX2,1,1
L3MBTL4,PHTF1,1,1
L3MBTL4,RNF43,1,1
L3MBTL4,SH3BP1,1,1
L3MBTL4,STK11IP,1,1
L3MBTL4,TESK2,1,1
L3MBTL4,TMED9,1,1
L3MBTL4,TMEM242,1,1
L3MBTL4,TMF1,1,1
HMOX1,AKAP9,1,1
HMOX1,DPY19L2P2,1,1
HMOX1,GTF2H1,1,1
HMOX1,PNKD,1,1
HMOX1,RAB11FIP4,1,1
HMOX1,RP11-159J3.1,1,1
HMOX1,SBF1,1,1
C7ORF49,AC013264.1,1,1
C7ORF49,ATP6V1C1,1,1
C7ORF49,EARS2,1,1
C7ORF49,GUCD1,1,1
C7ORF49,LMF2,1,1
C7ORF49,METRNL,1,1
C7ORF49,MTOR,1,1
C7ORF49,PEX10,1,1
C7ORF49,RBBP4,1,1
C7ORF49,RRBP1,1,1
C7ORF49,SBF1,1,1
C7ORF49,VCP,1,1
TMEM242,ARHGEF39,1,1
TMEM242,ATXN7L3B,1,1
TMEM242,CAPZA2,1,1
TMEM242,HEY1,1,1
TMEM242,KIRREL,1,1
TMEM242,NUDCD3,1,1
TMEM242,PANX2,1,1
TMEM242,PXDN,1,1
TMEM242,RNF43,1,1
TMEM242,TBCA,1,1
TMEM242,TMED9,1,1
TMEM242,TRABD,1,1
RTFDC1,ADAMTS17,1,1
RTFDC1,AGA,1,1
RTFDC1,ARHGEF35,1,1
RTFDC1,ATP6V0D2,1,1
RTFDC1,BICDL1,1,1
RTFDC1,CCNO,1,1
RTFDC1,CLDN14,1,1
RTFDC1,DPY19L2P2,1,1
RTFDC1,ENTPD6,1,1
RTFDC1,MRPL46,1,1
RTFDC1,NCAPH2,1,1
RTFDC1,NT5DC3,1,1
RTFDC1,PEX5,1,1
RTFDC1,PGAP2,1,1
RTFDC1,POLE4,1,1
RTFDC1,RP11-159J3.1,1,1
RTFDC1,RP11-327P2.7,1,1
RTFDC1,SCML4,1,1
RTFDC1,SERGEF,1,1
RTFDC1,SLAMF7,1,1
RTFDC1,SMG9,1,1
RTFDC1,TRPV4,1,1
RTFDC1,TSN,1,1
RTFDC1,ZNF189,1,1
RTFDC1,ZNF585B,1,1
RTFDC1,ZYG11A,1,1
PEX10,AC013264.1,1,1
PEX10,ATP6V1C1,1,1
PEX10,ATP6V1F,1,1
PEX10,CBX5,1,1
PEX10,FAM167B,1,1
PEX10,GUCD1,1,1
PEX10,IGF1R,1,1
PEX10,LMF2,1,1
PEX10,MED15,1,1
PEX10,MTOR,1,1
PEX10,NADK,1,1
PEX10,NBPF8,1,1
PEX10,PNKD,1,1
PEX10,POLG,1,1
PEX10,RRBP1,1,1
PEX10,SBF1,1,1
PEX10,SLC23A2,1,1
PEX10,SQSTM1,1,1
PEX10,TESK2,1,1
PEX10,VCP,1,1
RNF207,ATXN7L3B,1,1
RNF207,RNF43,1,1
RNF207,STK11IP,1,1
RNF207,TBCA,1,1
RNF207,TMED9,1,1
RNF207,TNIP2,1,1
RNF207,TRABD,1,1
ATP6V0D2,ADAMTS17,1,1
ATP6V0D2,ARHGEF35,1,1
ATP6V0D2,BICDL1,1,1
ATP6V0D2,CLDN14,1,1
ATP6V0D2,CSF2RA,1,1
ATP6V0D2,DPY19L2P2,1,1
ATP6V0D2,ENTPD6,1,1
ATP6V0D2,KIN,1,1
ATP6V0D2,NBPF8,1,1
ATP6V0D2,NT5DC3,1,1
ATP6V0D2,PHGDH,1,1
ATP6V0D2,POLE4,1,1
ATP6V0D2,PPP1R12B,1,1
ATP6V0D2,RP11-159J3.1,1,1
ATP6V0D2,RP11-327P2.7,1,1
ATP6V0D2,SCML4,1,1
ATP6V0D2,SERGEF,1,1
ATP6V0D2,SLAMF7,1,1
ATP6V0D2,TRPV4,1,1
ATP6V0D2,UBE2J1,1,1
ATP6V0D2,VAV3,1,1
ATP6V0D2,ZYG11A,1,1
PSEN2,ATP6V1F,1,1
PSEN2,EVA1A,1,1
PSEN2,GALNS,1,1
PSEN2,IGF1R,1,1
PSEN2,METRNL,1,1
PSEN2,NADK,1,1
PSEN2,NT5DC1,1,1
PSEN2,RRBP1,1,1
PSEN2,SLC23A2,1,1
PSEN2,TRIM14,1,1
PSEN2,VCP,1,1
PSEN2,ZFYVE16,1,1
PSEN2,ZNF226,1,1
PSEN2,ZNF706,1,1
TRIM14,ATP6V1F,1,1
TRIM14,CAMTA1,1,1
TRIM14,GALNS,1,1
TRIM14,IVNS1ABP,1,1
TRIM14,NADK,1,1
TRIM14,NT5DC1,1,1
TRIM14,RRBP1,1,1
TRIM14,ZNF814,1,1
ZFYVE16,NAGA,1,1
ZFYVE16,NT5DC1,1,1
ZFYVE16,TNFAIP3,1,1
ZFYVE16,ZNF706,1,1
ZNF814,ATP6V1F,1,1
ZNF814,CAMTA1,1,1
ZNF814,EVA1A,1,1
ZNF814,MRPS33,1,1
ZNF814,NADK,1,1
ZNF814,NAGA,1,1
ZNF814,NT5DC1,1,1
ZNF814,POLG,1,1
SHC1,MFSD9,1,1
SHC1,TRPS1,1,1
IGF2BP3,ALDH1B1,1,1
IGF2BP3,CANX,1,1
IGF2BP3,CAPZA2,1,1
IGF2BP3,CASP8,1,1
IGF2BP3,COQ10B,1,1
IGF2BP3,CSDE1,1,1
IGF2BP3,FOXN2,1,1
IGF2BP3,FZD6,1,1
IGF2BP3,GTPBP10,1,1
IGF2BP3,KIRREL,1,1
IGF2BP3,LRWD1,1,1
IGF2BP3,NUP50,1,1
IGF2BP3,STK17B,1,1
IGF2BP3,TBCA,1,1
IGF2BP3,TRABD,1,1
SH3BP1,ATXN7L3B,1,1
SH3BP1,EARS2,1,1
SH3BP1,GPR157,1,1
SH3BP1,NUDCD3,1,1
SH3BP1,TMED9,1,1
ALG1,NSUN4,1,1
ALG1,RBBP4,1,1
ALG1,TCP11L1,1,1
ATF7IP,CBX5,1,1
ATF7IP,DPCD,1,1
ATF7IP,EIF5AL1,1,1
ATF7IP,EVA1A,1,1
ATF7IP,FAM20C,1,1
ATF7IP,GUCD1,1,1
ATF7IP,NADK,1,1
ATF7IP,RBBP4,1,1
ATF7IP,STXBP2,1,1
ATF7IP,TCP11L1,1,1
RP11-159J3.1,ADAMTS17,1,1
RP11-159J3.1,AKAP9,1,1
RP11-159J3.1,ARHGEF35,1,1
RP11-159J3.1,BICDL1,1,1
RP11-159J3.1,CLDN14,1,1
RP11-159J3.1,CSF2RA,1,1
RP11-159J3.1,DPY19L2P2,1,1
RP11-159J3.1,ENTPD6,1,1
RP11-159J3.1,GTF2H1,1,1
RP11-159J3.1,MTOR,1,1
RP11-159J3.1,NBPF8,1,1
RP11-159J3.1,PHGDH,1,1
RP11-159J3.1,PNKD,1,1
RP11-159J3.1,PPP1R12B,1,1
RP11-159J3.1,RBM19,1,1
RP11-159J3.1,RP11-327P2.7,1,1
RP11-159J3.1,SBF1,1,1
RP11-159J3.1,SCML4,1,1
RP11-159J3.1,SLAMF7,1,1
RP11-159J3.1,VAV3,1,1
RP11-159J3.1,ZYG11A,1,1
CAMTA1,MRPS33,1,1
CAMTA1,NAGA,1,1
CAMTA1,NT5DC1,1,1
KIN,AKAP9,1,1
KIN,ARHGEF35,1,1
KIN,RTCA,1,1
KIN,ZNF585B,1,1
COQ10B,AIM1,1,1
COQ10B,ALDH1B1,1,1
COQ10B,BCAS2,1,1
COQ10B,CAPZA2,1,1
COQ10B,CSDE1,1,1
COQ10B,GNB1L,1,1
COQ10B,GTPBP10,1,1
COQ10B,GXYLT1,1,1
COQ10B,HEY1,1,1
COQ10B,HOXD4,1,1
COQ10B,LRWD1,1,1
COQ10B,MTFP1,1,1
COQ10B,NUP50,1,1
COQ10B,PLEKHB2,1,1
COQ10B,PYGB,1,1
COQ10B,SHQ1,1,1
COQ10B,SNRNP25,1,1
COQ10B,STK17B,1,1
COQ10B,STOML2,1,1
COQ10B,TMF1,1,1
COQ10B,TRPV4,1,1
COQ10B,XPC,1,1
SBF1,AC013264.1,1,1
SBF1,ARHGEF35,1,1
SBF1,ATP6V1C1,1,1
SBF1,CBX5,1,1
SBF1,CCDC115,1,1
SBF1,CTD-3214H19.4,1,1
SBF1,DPY19L2P2,1,1
SBF1,EIF5AL1,1,1
SBF1,GUCD1,1,1
SBF1,LMF2,1,1
SBF1,MED15,1,1
SBF1,MTOR,1,1
SBF1,NADK,1,1
SBF1,PHGDH,1,1
SBF1,PNKD,1,1
SBF1,POLG,1,1
SBF1,RAB11FIP4,1,1
SBF1,RBBP4,1,1
SBF1,RP11-327P2.7,1,1
SBF1,TESK2,1,1
SBF1,VAV3,1,1
SBF1,VCP,1,1
SBF1,ZYG11A,1,1
FZD6,ALDH1B1,1,1
FZD6,ATG5,1,1
FZD6,CANX,1,1
FZD6,CASP8,1,1
FZD6,FOXN2,1,1
FZD6,KIRREL,1,1
FZD6,SUCO,1,1
FZD6,TBCA,1,1
FZD6,TEAD2,1,1
SMG9,ENTPD6,1,1
SMG9,MRPL46,1,1
SMG9,NCAPH2,1,1
SMG9,NT5DC3,1,1
SMG9,PGAP2,1,1
SMG9,POLE4,1,1
SMG9,RP11-327P2.7,1,1
SMG9,SLAMF7,1,1
SMG9,TMEM246,1,1
SMG9,ZNF189,1,1
SMG9,ZNF585B,1,1
SMG9,ZYG11A,1,1
TMEM165,MFSD9,1,1
CBX5,AC013264.1,1,1
CBX5,ATP6V1C1,1,1
CBX5,ATP6V1F,1,1
CBX5,C9ORF69,1,1
CBX5,DPCD,1,1
CBX5,EVA1A,1,1
CBX5,FAM20C,1,1
CBX5,GUCD1,1,1
CBX5,HOXC10,1,1
CBX5,METRNL,1,1
CBX5,NADK,1,1
CBX5,RAB11FIP4,1,1
CBX5,SLC23A2,1,1
CBX5,SPECC1,1,1
CBX5,TRAPPC2,1,1
CBX5,VCP,1,1
PER3,CCDC115,1,1
PER3,CTD-3214H19.4,1,1
PER3,GTF2H1,1,1
PER3,OAT,1,1
PER3,PYCARD,1,1
PER3,RAB11FIP4,1,1
PER3,RNF145,1,1
PER3,STXBP2,1,1
TBCA,ALDH1B1,1,1
TBCA,ATG5,1,1
TBCA,ATXN7L3B,1,1
TBCA,CAPZA2,1,1
TBCA,CASP8,1,1
TBCA,CSDE1,1,1
TBCA,HEY1,1,1
TBCA,KIRREL,1,1
TBCA,KLHDC2,1,1
TBCA,PANX2,1,1
TBCA,PXDN,1,1
TBCA,RNF43,1,1
TBCA,STK17B,1,1
TBCA,TEAD2,1,1
TBCA,TMED9,1,1
TBCA,TRABD,1,1
CEP85,KLHDC2,1,1
CEP85,MDC 1.00,1,1
CEP85,TEAD2,1,1
TEAD2,ALDH1B1,1,1
TEAD2,ATG5,1,1
TEAD2,ATXN7L3,1,1
TEAD2,CASP8,1,1
TEAD2,KLHDC2,1,1
TEAD2,MRPS5,1,1
TEAD2,PXDN,1,1
CCDC115,AC013264.1,1,1
CCDC115,CTD-3214H19.4,1,1
CCDC115,EIF5AL1,1,1
CCDC115,EVA1A,1,1
CCDC115,GUCD1,1,1
CCDC115,NAGA,1,1
CCDC115,OAT,1,1
CCDC115,PYCARD,1,1
CCDC115,RAB11FIP4,1,1
CCDC115,RBBP4,1,1
CCDC115,SPECC1,1,1
CCDC115,STXBP2,1,1
TRPV4,ADAMTS17,1,1
TRPV4,AGA,1,1
TRPV4,ARHGEF39,1,1
TRPV4,BCAS2,1,1
TRPV4,BICDL1,1,1
TRPV4,CAPZA2,1,1
TRPV4,CSDE1,1,1
TRPV4,CSF2RA,1,1
TRPV4,DPY19L2P2,1,1
TRPV4,GNB1L,1,1
TRPV4,GPR157,1,1
TRPV4,GXYLT1,1,1
TRPV4,HEY1,1,1
TRPV4,HOXD4,1,1
TRPV4,LPXN,1,1
TRPV4,MTFP1,1,1
TRPV4,NBPF8,1,1
TRPV4,NRROS,1,1
TRPV4,NT5DC3,1,1
TRPV4,NUP50,1,1
TRPV4,PHGDH,1,1
TRPV4,PHTF1,1,1
TRPV4,PICK1,1,1
TRPV4,POLE4,1,1
TRPV4,PYGB,1,1
TRPV4,SCML4,1,1
TRPV4,SERGEF,1,1
TRPV4,SNRNP25,1,1
TRPV4,STK17B,1,1
TRPV4,STOML2,1,1
TRPV4,TMF1,1,1
TRPV4,VAV3,1,1
SQSTM1,IGF1R,1,1
SQSTM1,RRBP1,1,1
SQSTM1,SLC23A2,1,1
SQSTM1,STK11IP,1,1
SQSTM1,VCP,1,1
PEX26,ADAMTS17,1,1
PEX26,ANAPC7,1,1
PEX26,BICDL1,1,1
PEX26,CAPZA2,1,1
PEX26,CSDE1,1,1
PEX26,EPS15L1,1,1
PEX26,GPR157,1,1
PEX26,LPXN,1,1
PEX26,MTOR,1,1
PEX26,NBPF8,1,1
PEX26,NRROS,1,1
PEX26,NUDCD3,1,1
PEX26,PHTF1,1,1
PEX26,PLEKHB2,1,1
PEX26,PNKD,1,1
PEX26,PYGB,1,1
PEX26,RBM19,1,1
PEX26,SCML4,1,1
PEX26,TMEM201,1,1
PEX26,TMF1,1,1
PEX26,UBE2J1,1,1
PEX26,VAV3,1,1
UPF1,ZNF585B,1,1
PXDN,ALDH1B1,1,1
PXDN,ATXN7L3,1,1
PXDN,ATXN7L3B,1,1
PXDN,MIF,1,1
PXDN,MRPS5,1,1
PXDN,PANX2,1,1
PXDN,RNF43,1,1
PXDN,TRABD,1,1
EPS15L1,ADAMTS17,1,1
EPS15L1,ANAPC7,1,1
EPS15L1,GNB1L,1,1
EPS15L1,LPXN,1,1
EPS15L1,MTFP1,1,1
EPS15L1,NRROS,1,1
EPS15L1,RBM19,1,1
EPS15L1,TMEM201,1,1
EPS15L1,TMF1,1,1
EPS15L1,UBE2J1,1,1
C20ORF194,AC009133.22,1,1
C20ORF194,MVB12B,1,1
C20ORF194,PYCARD,1,1
C20ORF194,RNF145,1,1
C20ORF194,STXBP2,1,1
C20ORF194,TRPS1,1,1
ADAMTS17,ANAPC5,1,1
ADAMTS17,ARHGEF35,1,1
ADAMTS17,BICDL1,1,1
ADAMTS17,CLDN14,1,1
ADAMTS17,CSDE1,1,1
ADAMTS17,CSF2RA,1,1
ADAMTS17,DPY19L2P2,1,1
ADAMTS17,ENTPD6,1,1
ADAMTS17,GNB1L,1,1
ADAMTS17,GPR157,1,1
ADAMTS17,GXYLT1,1,1
ADAMTS17,HEY1,1,1
ADAMTS17,LMF2,1,1
ADAMTS17,LPXN,1,1
ADAMTS17,MTFP1,1,1
ADAMTS17,MTOR,1,1
ADAMTS17,NBPF8,1,1
ADAMTS17,NRROS,1,1
ADAMTS17,PHGDH,1,1
ADAMTS17,PHTF1,1,1
ADAMTS17,PNKD,1,1
ADAMTS17,POLE4,1,1
ADAMTS17,PYGB,1,1
ADAMTS17,RBM19,1,1
ADAMTS17,RP11-327P2.7,1,1
ADAMTS17,SCML4,1,1
ADAMTS17,SERGEF,1,1
ADAMTS17,SLAMF7,1,1
ADAMTS17,SNRNP25,1,1
ADAMTS17,STK17B,1,1
ADAMTS17,TMEM201,1,1
ADAMTS17,TMF1,1,1
ADAMTS17,UBE2J1,1,1
ADAMTS17,VAV3,1,1
ADAMTS17,ZYG11A,1,1
EARS2,ANAPC7,1,1
EARS2,ATP6V1C1,1,1
EARS2,CARD16,1,1
EARS2,GNB1L,1,1
EARS2,GPR157,1,1
EARS2,LMF2,1,1
EARS2,LPXN,1,1
EARS2,MTOR,1,1
EARS2,NBPF8,1,1
EARS2,NRROS,1,1
EARS2,NUDCD3,1,1
EARS2,PHTF1,1,1
EARS2,RBM19,1,1
EARS2,RRBP1,1,1
EARS2,TESK2,1,1
EARS2,TMEM201,1,1
EARS2,UBE2J1,1,1
EARS2,VCP,1,1
NAGA,AC013264.1,1,1
NAGA,ATP6V1F,1,1
NAGA,EVA1A,1,1
NAGA,MRPS33,1,1
NAGA,NT5DC1,1,1
NAGA,SPECC1,1,1
CSDE1,ALDH1B1,1,1
CSDE1,ANAPC7,1,1
CSDE1,ARHGEF39,1,1
CSDE1,ATXN7L3B,1,1
CSDE1,BCAS2,1,1
CSDE1,CAPZA2,1,1
CSDE1,GNB1L,1,1
CSDE1,GPR157,1,1
CSDE1,GTPBP10,1,1
CSDE1,GXYLT1,1,1
CSDE1,HEY1,1,1
CSDE1,HOXD4,1,1
CSDE1,KIRREL,1,1
CSDE1,LPXN,1,1
CSDE1,MTFP1,1,1
CSDE1,NRROS,1,1
CSDE1,NUDCD3,1,1
CSDE1,NUP50,1,1
CSDE1,PHTF1,1,1
CSDE1,PLEKHB2,1,1
CSDE1,PYGB,1,1
CSDE1,RBM19,1,1
CSDE1,SHQ1,1,1
CSDE1,SNRNP25,1,1
CSDE1,STK17B,1,1
CSDE1,STOML2,1,1
CSDE1,TMEM201,1,1
CSDE1,TMF1,1,1
CSDE1,TRABD,1,1
MFSD9,RNF145,1,1
MFSD9,TRPS1,1,1
NUP50,ALDH1B1,1,1
NUP50,ANAPC7,1,1
NUP50,BCAS2,1,1
NUP50,CAPZA2,1,1
NUP50,FOXN2,1,1
NUP50,GNB1L,1,1
NUP50,GTPBP10,1,1
NUP50,GXYLT1,1,1
NUP50,LPXN,1,1
NUP50,LRWD1,1,1
NUP50,MTFP1,1,1
NUP50,NRROS,1,1
NUP50,PLEKHB2,1,1
NUP50,PYGB,1,1
NUP50,SHQ1,1,1
NUP50,SNRNP25,1,1
NUP50,STK17B,1,1
NUP50,STOML2,1,1
NUP50,TMEM201,1,1
NUP50,TMF1,1,1
NUP50,TRABD,1,1
NUP50,XPC,1,1
GTPBP10,AIM1,1,1
GTPBP10,ALDH1B1,1,1
GTPBP10,BCAS2,1,1
GTPBP10,CAPZA2,1,1
GTPBP10,FOXN2,1,1
GTPBP10,GXYLT1,1,1
GTPBP10,LRWD1,1,1
GTPBP10,MTFP1,1,1
GTPBP10,PLEKHB2,1,1
GTPBP10,PYGB,1,1
GTPBP10,SHQ1,1,1
GTPBP10,STK17B,1,1
GTPBP10,STOML2,1,1
GTPBP10,TMF1,1,1
GTPBP10,XPC,1,1
CASP8,ALDH1B1,1,1
CASP8,CANX,1,1
CASP8,FOXN2,1,1
CASP8,KIRREL,1,1
ARHGEF39,ATXN7L3B,1,1
ARHGEF39,CAPZA2,1,1
ARHGEF39,CARD16,1,1
ARHGEF39,FBXO6,1,1
ARHGEF39,GNB1L,1,1
ARHGEF39,GPR157,1,1
ARHGEF39,HEY1,1,1
ARHGEF39,LPXN,1,1
ARHGEF39,NUDCD3,1,1
ARHGEF39,PANX2,1,1
ARHGEF39,PHTF1,1,1
ARHGEF39,PICK1,1,1
ARHGEF39,RNF43,1,1
ARHGEF39,TMED9,1,1
ARHGEF39,TMF1,1,1
ARHGEF39,TRABD,1,1
MTFP1,ANAPC5,1,1
MTFP1,ANAPC7,1,1
MTFP1,BCAS2,1,1
MTFP1,BICDL1,1,1
MTFP1,CAPZA2,1,1
MTFP1,GNB1L,1,1
MTFP1,GPR157,1,1
MTFP1,GXYLT1,1,1
MTFP1,HEY1,1,1
MTFP1,HOXD4,1,1
MTFP1,LPXN,1,1
MTFP1,NCAPH2,1,1
MTFP1,NRROS,1,1
MTFP1,PHTF1,1,1
MTFP1,PLEKHB2,1,1
MTFP1,POLE4,1,1
MTFP1,PYGB,1,1
MTFP1,RBM19,1,1
MTFP1,RPA2,1,1
MTFP1,SCML4,1,1
MTFP1,SERGEF,1,1
MTFP1,SHQ1,1,1
MTFP1,SNRNP25,1,1
MTFP1,STK17B,1,1
MTFP1,STOML2,1,1
MTFP1,TMEM201,1,1
MTFP1,TMF1,1,1
MTFP1,TRABD,1,1
MTFP1,VAV3,1,1
CD36,ARHGEF35,1,1
CD36,CLDN14,1,1
CD36,DPY19L2P2,1,1
CD36,ENTPD6,1,1
CD36,MTOR,1,1
CD36,PHGDH,1,1
CD36,RP11-327P2.7,1,1
CD36,SCML4,1,1
CD36,VAV3,1,1
ZNF226,METRNL,1,1
HOXD4,AIM1,1,1
HOXD4,ALDH1B1,1,1
HOXD4,ANAPC5,1,1
HOXD4,BCAS2,1,1
HOXD4,GNB1L,1,1
HOXD4,HEY1,1,1
HOXD4,SNRNP25,1,1
HOXD4,STK17B,1,1
HOXD4,STOML2,1,1
HOXD4,TRABD,1,1
HOXD4,XPC,1,1
DPY19L2P2,ARHGEF35,1,1
DPY19L2P2,BICDL1,1,1
DPY19L2P2,CLDN14,1,1
DPY19L2P2,CSF2RA,1,1
DPY19L2P2,ENTPD6,1,1
DPY19L2P2,GPR157,1,1
DPY19L2P2,LMF2,1,1
DPY19L2P2,LPXN,1,1
DPY19L2P2,MTOR,1,1
DPY19L2P2,NBPF8,1,1
DPY19L2P2,NRROS,1,1
DPY19L2P2,PHGDH,1,1
DPY19L2P2,PHTF1,1,1
DPY19L2P2,PNKD,1,1
DPY19L2P2,POLG,1,1
DPY19L2P2,RBM19,1,1
DPY19L2P2,RP11-327P2.7,1,1
DPY19L2P2,SCML4,1,1
DPY19L2P2,SERGEF,1,1
DPY19L2P2,SLAMF7,1,1
DPY19L2P2,UBE2J1,1,1
DPY19L2P2,VAV3,1,1
DPY19L2P2,ZYG11A,1,1
MRPS5,ATXN7L3,1,1
MRPS5,ATXN7L3B,1,1
MRPS5,RNF43,1,1
CUEDC1,STK11IP,1,1
HEY1,ALDH1B1,1,1
HEY1,ATXN7L3B,1,1
HEY1,CAPZA2,1,1
HEY1,CARD16,1,1
HEY1,FBXO6,1,1
HEY1,GNB1L,1,1
HEY1,GPR157,1,1
HEY1,LPXN,1,1
HEY1,NBPF8,1,1
HEY1,NRROS,1,1
HEY1,NUDCD3,1,1
HEY1,PANX2,1,1
HEY1,PHTF1,1,1
HEY1,PICK1,1,1
HEY1,PYGB,1,1
HEY1,RNF43,1,1
HEY1,SERGEF,1,1
HEY1,SNRNP25,1,1
HEY1,STK17B,1,1
HEY1,TMED9,1,1
HEY1,TMF1,1,1
HEY1,TRABD,1,1
UBE2J1,ARHGEF35,1,1
UBE2J1,ATP6V1C1,1,1
UBE2J1,BICDL1,1,1
UBE2J1,CSF2RA,1,1
UBE2J1,ENTPD6,1,1
UBE2J1,GPR157,1,1
UBE2J1,LMF2,1,1
UBE2J1,LPXN,1,1
UBE2J1,MTOR,1,1
UBE2J1,NBPF8,1,1
UBE2J1,NRROS,1,1
UBE2J1,PHGDH,1,1
UBE2J1,PHTF1,1,1
UBE2J1,PNKD,1,1
UBE2J1,RBM19,1,1
UBE2J1,SCML4,1,1
UBE2J1,SERGEF,1,1
UBE2J1,TESK2,1,1
UBE2J1,TMEM201,1,1
UBE2J1,TMF1,1,1
UBE2J1,VAV3,1,1
UBE2J1,VCP,1,1
UBE2J1,ZYG11A,1,1
CARD16,ATXN7L3B,1,1
CARD16,FAM167B,1,1
CARD16,FBXO6,1,1
CARD16,GPR157,1,1
CARD16,LPXN,1,1
CARD16,NBPF8,1,1
CARD16,NRROS,1,1
CARD16,NUDT1,1,1
CARD16,PANX2,1,1
CARD16,POT1,1,1
CARD16,RNF43,1,1
CARD16,TESK2,1,1
CARD16,TMED9,1,1
PSCA,CSF2RA,1,1
PYCARD,AC009133.22,1,1
PYCARD,CTD-3214H19.4,1,1
PYCARD,EIF5AL1,1,1
PYCARD,EVA1A,1,1
PYCARD,MVB12B,1,1
PYCARD,RAB11FIP4,1,1
PYCARD,RBBP4,1,1
PYCARD,RNF145,1,1
PYCARD,STXBP2,1,1
PYCARD,TRPS1,1,1
SLX4IP,CD68,1,1
ARHGEF35,AC013264.1,1,1
ARHGEF35,AKAP9,1,1
ARHGEF35,ATP6V1C1,1,1
ARHGEF35,BICDL1,1,1
ARHGEF35,CLDN14,1,1
ARHGEF35,ENTPD6,1,1
ARHGEF35,GTF2H1,1,1
ARHGEF35,LMF2,1,1
ARHGEF35,MTOR,1,1
ARHGEF35,MYB,1,1
ARHGEF35,NBPF8,1,1
ARHGEF35,PHGDH,1,1
ARHGEF35,RP11-327P2.7,1,1
ARHGEF35,RTCA,1,1
ARHGEF35,SCML4,1,1
ARHGEF35,SLAMF7,1,1
ARHGEF35,VAV3,1,1
ARHGEF35,ZYG11A,1,1
BICDL1,CLDN14,1,1
BICDL1,CSF2RA,1,1
BICDL1,ENTPD6,1,1
BICDL1,GNB1L,1,1
BICDL1,GPR157,1,1
BICDL1,LMF2,1,1
BICDL1,LPXN,1,1
BICDL1,MTOR,1,1
BICDL1,NBPF8,1,1
BICDL1,NRROS,1,1
BICDL1,PHGDH,1,1
BICDL1,PHTF1,1,1
BICDL1,PNKD,1,1
BICDL1,POLE4,1,1
BICDL1,PYGB,1,1
BICDL1,RBM19,1,1
BICDL1,RP11-327P2.7,1,1
BICDL1,SCML4,1,1
BICDL1,SERGEF,1,1
BICDL1,SLAMF7,1,1
BICDL1,SNRNP25,1,1
BICDL1,TMEM201,1,1
BICDL1,TMF1,1,1
BICDL1,VAV3,1,1
BICDL1,ZYG11A,1,1
AGA,CCNO,1,1
AGA,NT5DC3,1,1
AGA,PGAP2,1,1
AGA,SLAMF7,1,1
TFIP11,GATAD2A,1,1
TSPYL4,ARHGEF17,1,1
TSPYL4,XPC,1,1
NADK,AC013264.1,1,1
NADK,ATP6V1C1,1,1
NADK,ATP6V1F,1,1
NADK,EVA1A,1,1
NADK,FAM167B,1,1
NADK,GUCD1,1,1
NADK,IGF1R,1,1
NADK,LMF2,1,1
NADK,MED15,1,1
NADK,METRNL,1,1
NADK,MTOR,1,1
NADK,NT5DC1,1,1
NADK,PNKD,1,1
NADK,POLG,1,1
NADK,RRBP1,1,1
NADK,SLC23A2,1,1
NADK,SPECC1,1,1
NADK,TESK2,1,1
NADK,VCP,1,1
TRAPPC2,FAM20C,1,1
TRAPPC2,HOXC10,1,1
CLDN14,CSF2RA,1,1
CLDN14,ENTPD6,1,1
CLDN14,PHGDH,1,1
CLDN14,POLE4,1,1
CLDN14,PPP1R12B,1,1
CLDN14,RP11-327P2.7,1,1
CLDN14,SCML4,1,1
CLDN14,SERGEF,1,1
CLDN14,SLAMF7,1,1
CLDN14,VAV3,1,1
CLDN14,ZYG11A,1,1
CD68,PEX5,1,1
CTD-3214H19.4,GUCD1,1,1
CTD-3214H19.4,RAB11FIP4,1,1
CTD-3214H19.4,RBBP4,1,1
CTD-3214H19.4,STXBP2,1,1
UPK3BL,RCCD1,1,1
METRNL,DPCD,1,1
METRNL,GALNS,1,1
METRNL,HOXC10,1,1
METRNL,NT5DC1,1,1
METRNL,RRBP1,1,1
METRNL,SLC23A2,1,1
METRNL,SPECC1,1,1
METRNL,VCP,1,1
NUDT1,POT1,1,1
STOML2,BCAS2,1,1
STOML2,CCNO,1,1
STOML2,GNB1L,1,1
STOML2,GXYLT1,1,1
STOML2,NCAPH2,1,1
STOML2,NT5DC3,1,1
STOML2,POLE4,1,1
STOML2,PYGB,1,1
STOML2,SERGEF,1,1
STOML2,SHQ1,1,1
STOML2,SNRNP25,1,1
STOML2,STK17B,1,1
STOML2,TMF1,1,1
STOML2,XPC,1,1
STOML2,ZNF189,1,1
PGAP2,CCNO,1,1
PGAP2,MRPL46,1,1
PGAP2,NCAPH2,1,1
PGAP2,NT5DC3,1,1
PGAP2,POLE4,1,1
PGAP2,SLAMF7,1,1
PGAP2,TMEM246,1,1
PGAP2,ZNF189,1,1
RNF43,ATXN7L3,1,1
RNF43,ATXN7L3B,1,1
RNF43,FBXO6,1,1
RNF43,MIF,1,1
RNF43,PANX2,1,1
RNF43,TMED9,1,1
RNF43,TRABD,1,1
CCNO,MRPL46,1,1
CCNO,NCAPH2,1,1
CCNO,NT5DC3,1,1
CCNO,PEX5,1,1
CCNO,POLE4,1,1
CCNO,SLAMF7,1,1
CCNO,ZNF189,1,1
SPECC1,AC013264.1,1,1
SPECC1,ATP6V1C1,1,1
SPECC1,C9ORF69,1,1
SPECC1,DPCD,1,1
SPECC1,EVA1A,1,1
SPECC1,GUCD1,1,1
SPECC1,NT5DC1,1,1
MIF,PANX2,1,1
VCP,AC013264.1,1,1
VCP,ATP6V1C1,1,1
VCP,ATP6V1F,1,1
VCP,GUCD1,1,1
VCP,IGF1R,1,1
VCP,LMF2,1,1
VCP,MED15,1,1
VCP,MTOR,1,1
VCP,PNKD,1,1
VCP,RRBP1,1,1
VCP,SLC23A2,1,1
VCP,TESK2,1,1
LMF2,ATP6V1C1,1,1
LMF2,EIF5AL1,1,1
LMF2,GUCD1,1,1
LMF2,LPXN,1,1
LMF2,MED15,1,1
LMF2,MTOR,1,1
LMF2,NBPF8,1,1
LMF2,PHGDH,1,1
LMF2,PNKD,1,1
LMF2,POLG,1,1
LMF2,RBM19,1,1
LMF2,RP11-327P2.7,1,1
LMF2,RRBP1,1,1
LMF2,TANGO6,1,1
LMF2,TESK2,1,1
LMF2,VAV3,1,1
LMF2,ZYG11A,1,1
PEX5,CCDC18,1,1
NBPF8,CSF2RA,1,1
NBPF8,ENTPD6,1,1
NBPF8,FAM167B,1,1
NBPF8,GPR157,1,1
NBPF8,LPXN,1,1
NBPF8,MED15,1,1
NBPF8,MTOR,1,1
NBPF8,NRROS,1,1
NBPF8,PHGDH,1,1
NBPF8,PHTF1,1,1
NBPF8,PNKD,1,1
NBPF8,POLG,1,1
NBPF8,RBM19,1,1
NBPF8,SCML4,1,1
NBPF8,SERGEF,1,1
NBPF8,TESK2,1,1
NBPF8,TMEM201,1,1
NBPF8,TMF1,1,1
NBPF8,VAV3,1,1
NBPF8,ZYG11A,1,1
TRABD,ALDH1B1,1,1
TRABD,ANAPC7,1,1
TRABD,ATXN7L3B,1,1
TRABD,CAPZA2,1,1
TRABD,GNB1L,1,1
TRABD,GPR157,1,1
TRABD,KIRREL,1,1
TRABD,KLHDC2,1,1
TRABD,LPXN,1,1
TRABD,NRROS,1,1
TRABD,PANX2,1,1
TRABD,SNRNP25,1,1
TRABD,STK17B,1,1
TRABD,TMED9,1,1
TRABD,TMEM201,1,1
TRABD,TMF1,1,1
TMEM201,ANAPC7,1,1
TMEM201,CAPZA2,1,1
TMEM201,GNB1L,1,1
TMEM201,GPR157,1,1
TMEM201,GXYLT1,1,1
TMEM201,LPXN,1,1
TMEM201,NRROS,1,1
TMEM201,PHTF1,1,1
TMEM201,PLEKHB2,1,1
TMEM201,PYGB,1,1
TMEM201,RBM19,1,1
TMEM201,RPA2,1,1
TMEM201,SCML4,1,1
TMEM201,SNRNP25,1,1
TMEM201,STK17B,1,1
TMEM201,TMF1,1,1
TMEM201,VAV3,1,1
MVB12B,AC009133.22,1,1
MVB12B,RNF145,1,1
MVB12B,STXBP2,1,1
MVB12B,TRPS1,1,1
TMED9,ALDH1B1,1,1
TMED9,ATXN7L3B,1,1
TMED9,CAPZA2,1,1
TMED9,GNB1L,1,1
TMED9,GPR157,1,1
TMED9,LPXN,1,1
TMED9,NUDCD3,1,1
TMED9,PANX2,1,1
TMED9,STK11IP,1,1
TMED9,STK17B,1,1
TMED9,TNIP2,1,1
STK17B,ALDH1B1,1,1
STK17B,ANAPC7,1,1
STK17B,BCAS2,1,1
STK17B,CAPZA2,1,1
STK17B,FOXN2,1,1
STK17B,GNB1L,1,1
STK17B,GXYLT1,1,1
STK17B,KLHDC2,1,1
STK17B,LPXN,1,1
STK17B,NRROS,1,1
STK17B,PHTF1,1,1
STK17B,PYGB,1,1
STK17B,SHQ1,1,1
STK17B,SNRNP25,1,1
STK17B,TMF1,1,1
STK17B,XPC,1,1
PNKD,AC013264.1,1,1
PNKD,ATP6V1C1,1,1
PNKD,FAM167B,1,1
PNKD,FBXO6,1,1
PNKD,GPR157,1,1
PNKD,IGF1R,1,1
PNKD,LPXN,1,1
PNKD,MED15,1,1
PNKD,MTOR,1,1
PNKD,PHGDH,1,1
PNKD,POLG,1,1
PNKD,RRBP1,1,1
PNKD,SCML4,1,1
PNKD,SLC23A2,1,1
PNKD,TESK2,1,1
PNKD,VAV3,1,1
FAM167B,FBXO6,1,1
FAM167B,IGF1R,1,1
FAM167B,MED15,1,1
FAM167B,MTOR,1,1
FAM167B,POLG,1,1
FAM167B,SLC23A2,1,1
FAM167B,TESK2,1,1
AIM1,FOXN2,1,1
AIM1,LRWD1,1,1
AIM1,SHQ1,1,1
AIM1,XPC,1,1
RAB11FIP4,AC013264.1,1,1
RAB11FIP4,AKAP9,1,1
RAB11FIP4,EIF5AL1,1,1
RAB11FIP4,EVA1A,1,1
RAB11FIP4,GTF2H1,1,1
RAB11FIP4,GUCD1,1,1
RAB11FIP4,OAT,1,1
RAB11FIP4,RBBP4,1,1
RAB11FIP4,STXBP2,1,1
DPCD,EVA1A,1,1
FOXN2,ALDH1B1,1,1
FOXN2,CANX,1,1
FOXN2,KIRREL,1,1
FOXN2,LRWD1,1,1
FOXN2,SHQ1,1,1
PICK1,SERGEF,1,1
AFAP1,TRPS1,1,1
AC009133.22,STXBP2,1,1
AC009133.22,TRPS1,1,1
ATG5,ALDH1B1,1,1
ATG5,KLHDC2,1,1
RBBP4,AC013264.1,1,1
RBBP4,ATP6V1C1,1,1
RBBP4,EIF5AL1,1,1
RBBP4,EVA1A,1,1
RBBP4,GUCD1,1,1
RBBP4,OAT,1,1
RBBP4,STXBP2,1,1
SLC23A2,AC013264.1,1,1
SLC23A2,ATP6V1C1,1,1
SLC23A2,ATP6V1F,1,1
SLC23A2,GALNS,1,1
SLC23A2,GUCD1,1,1
SLC23A2,IGF1R,1,1
SLC23A2,MED15,1,1
SLC23A2,NT5DC1,1,1
SLC23A2,POLG,1,1
SLC23A2,RRBP1,1,1
SLC23A2,TESK2,1,1
SCML4,ANAPC5,1,1
SCML4,CSF2RA,1,1
SCML4,ENTPD6,1,1
SCML4,GNB1L,1,1
SCML4,GPR157,1,1
SCML4,LPXN,1,1
SCML4,MTOR,1,1
SCML4,NRROS,1,1
SCML4,NT5DC3,1,1
SCML4,PHGDH,1,1
SCML4,PHTF1,1,1
SCML4,POLE4,1,1
SCML4,PYGB,1,1
SCML4,RBM19,1,1
SCML4,RP11-327P2.7,1,1
SCML4,RPA2,1,1
SCML4,SERGEF,1,1
SCML4,SLAMF7,1,1
SCML4,SNRNP25,1,1
SCML4,TMF1,1,1
SCML4,VAV3,1,1
SCML4,ZYG11A,1,1
IGF1R,ATP6V1F,1,1
IGF1R,GALNS,1,1
IGF1R,MED15,1,1
IGF1R,NT5DC1,1,1
IGF1R,POLG,1,1
IGF1R,RRBP1,1,1
IGF1R,TESK2,1,1
ATXN7L3B,ALDH1B1,1,1
ATXN7L3B,ATXN7L3,1,1
ATXN7L3B,CAPZA2,1,1
ATXN7L3B,FBXO6,1,1
ATXN7L3B,GPR157,1,1
ATXN7L3B,NUDCD3,1,1
ATXN7L3B,PANX2,1,1
ATXN7L3B,STPG1,1,1
ATXN7L3B,TMF1,1,1
ATXN7L3B,TNIP2,1,1
SERGEF,ANAPC5,1,1
SERGEF,CSF2RA,1,1
SERGEF,ENTPD6,1,1
SERGEF,GPR157,1,1
SERGEF,LPXN,1,1
SERGEF,NRROS,1,1
SERGEF,NT5DC3,1,1
SERGEF,PHGDH,1,1
SERGEF,POLE4,1,1
SERGEF,PYGB,1,1
SERGEF,SNRNP25,1,1
SERGEF,TMF1,1,1
SERGEF,VAV3,1,1
STXBP2,EIF5AL1,1,1
STXBP2,EVA1A,1,1
STXBP2,TRPS1,1,1
NRROS,ANAPC7,1,1
NRROS,CAPZA2,1,1
NRROS,GNB1L,1,1
NRROS,GPR157,1,1
NRROS,GXYLT1,1,1
NRROS,LPXN,1,1
NRROS,MTOR,1,1
NRROS,NUDCD3,1,1
NRROS,PHGDH,1,1
NRROS,PHTF1,1,1
NRROS,PLEKHB2,1,1
NRROS,PYGB,1,1
NRROS,RBM19,1,1
NRROS,SNRNP25,1,1
NRROS,TMF1,1,1
NRROS,VAV3,1,1
TRPS1,RNF145,1,1
GXYLT1,ANAPC7,1,1
GXYLT1,BCAS2,1,1
GXYLT1,CAPZA2,1,1
GXYLT1,GNB1L,1,1
GXYLT1,LPXN,1,1
GXYLT1,PHTF1,1,1
GXYLT1,PLEKHB2,1,1
GXYLT1,PYGB,1,1
GXYLT1,SHQ1,1,1
GXYLT1,SNRNP25,1,1
GXYLT1,TMF1,1,1
ZNF706,EVA1A,1,1
ZNF706,NT5DC1,1,1
LPXN,ANAPC5,1,1
LPXN,ANAPC7,1,1
LPXN,CAPZA2,1,1
LPXN,CSF2RA,1,1
LPXN,GNB1L,1,1
LPXN,GPR157,1,1
LPXN,MTOR,1,1
LPXN,NUDCD3,1,1
LPXN,PHGDH,1,1
LPXN,PHTF1,1,1
LPXN,PYGB,1,1
LPXN,RBM19,1,1
LPXN,SNRNP25,1,1
LPXN,TESK2,1,1
LPXN,TMF1,1,1
LPXN,VAV3,1,1
ANAPC7,CAPZA2,1,1
ANAPC7,GNB1L,1,1
ANAPC7,GPR157,1,1
ANAPC7,PHTF1,1,1
ANAPC7,PLEKHB2,1,1
ANAPC7,RBM19,1,1
ANAPC7,SNRNP25,1,1
ANAPC7,TMF1,1,1
EIF5AL1,EVA1A,1,1
EIF5AL1,GUCD1,1,1
EIF5AL1,MYB,1,1
FBXO6,GPR157,1,1
FBXO6,MED15,1,1
FBXO6,MTOR,1,1
FBXO6,NUDCD3,1,1
FBXO6,PANX2,1,1
FBXO6,POT1,1,1
FBXO6,TESK2,1,1
YIPF4,PHGDH,1,1
ATP6V1F,AC013264.1,1,1
ATP6V1F,EVA1A,1,1
ATP6V1F,GALNS,1,1
ATP6V1F,HOXC10,1,1
ATP6V1F,NT5DC1,1,1
ATP6V1F,RRBP1,1,1
C9ORF69,HOXC10,1,1
RP11-327P2.7,ENTPD6,1,1
RP11-327P2.7,MTOR,1,1
RP11-327P2.7,PHGDH,1,1
RP11-327P2.7,PPP1R12B,1,1
RP11-327P2.7,RBM19,1,1
RP11-327P2.7,RPA2,1,1
RP11-327P2.7,SLAMF7,1,1
RP11-327P2.7,VAV3,1,1
RP11-327P2.7,ZYG11A,1,1
TESK2,AC013264.1,1,1
TESK2,ATP6V1C1,1,1
TESK2,GPR157,1,1
TESK2,MED15,1,1
TESK2,MTOR,1,1
TESK2,NT5DC1,1,1
TESK2,POLG,1,1
TESK2,POT1,1,1
TESK2,RRBP1,1,1
TESK2,VAV3,1,1
PPP1R2,BCAS2,1,1
PLEKHB2,BCAS2,1,1
PLEKHB2,CAPZA2,1,1
PLEKHB2,PHTF1,1,1
PLEKHB2,PYGB,1,1
PLEKHB2,TMF1,1,1
GUCD1,AC013264.1,1,1
GUCD1,ATP6V1C1,1,1
GUCD1,EVA1A,1,1
GUCD1,MED15,1,1
TMF1,BCAS2,1,1
TMF1,CAPZA2,1,1
TMF1,GNB1L,1,1
TMF1,GPR157,1,1
TMF1,NUDCD3,1,1
TMF1,PHTF1,1,1
TMF1,PYGB,1,1
TMF1,SNRNP25,1,1
TMF1,VAV3,1,1
CCDC18,POLE4,1,1
CCDC18,TSN,1,1
ALDH1B1,BCAS2,1,1
ALDH1B1,CAPZA2,1,1
ALDH1B1,KIRREL,1,1
ALDH1B1,KLHDC2,1,1
ALDH1B1,LRWD1,1,1
ALDH1B1,SHQ1,1,1
MYB,ZYG11A,1,1
NCAPH2,BCAS2,1,1
NCAPH2,MRPL46,1,1
NCAPH2,NT5DC3,1,1
NCAPH2,POLE4,1,1
NCAPH2,RPA2,1,1
NCAPH2,SLAMF7,1,1
NCAPH2,SNRNP25,1,1
NCAPH2,TSN,1,1
NCAPH2,ZNF189,1,1
NCAPH2,ZNHIT3,1,1
PANX2,ATXN7L3,1,1
MTERF3,KLHDC2,1,1
PHGDH,CSF2RA,1,1
PHGDH,ENTPD6,1,1
PHGDH,GPR157,1,1
PHGDH,MTOR,1,1
PHGDH,SLAMF7,1,1
PHGDH,VAV3,1,1
PHGDH,ZYG11A,1,1
GALNS,NT5DC1,1,1
GALNS,RRBP1,1,1
TSN,MRPL46,1,1
TSN,NT5DC3,1,1
TSN,POLE4,1,1
TSN,SLAMF7,1,1
TSN,ZNF189,1,1
TSN,ZNHIT3,1,1
STPG1,NUDCD3,1,1
POLG,MED15,1,1
POLG,MTOR,1,1
POLG,VAV3,1,1
ARHGEF17,PI4KB,1,1
ARHGEF17,XPC,1,1
CSF2RA,ENTPD6,1,1
CSF2RA,POLE4,1,1
CSF2RA,VAV3,1,1
CSF2RA,ZYG11A,1,1
TNPO2,RBM48,1,1
ZNF585B,MRPL46,1,1
ZNF585B,SLAMF7,1,1
ZNF585B,TMEM246,1,1
CAPZA2,BCAS2,1,1
CAPZA2,GNB1L,1,1
CAPZA2,GPR157,1,1
CAPZA2,KIRREL,1,1
CAPZA2,NUDCD3,1,1
CAPZA2,PHTF1,1,1
CAPZA2,PYGB,1,1
POLE4,BCAS2,1,1
POLE4,ENTPD6,1,1
POLE4,MRPL46,1,1
POLE4,NT5DC3,1,1
POLE4,RPA2,1,1
POLE4,SLAMF7,1,1
POLE4,SNRNP25,1,1
POLE4,ZNF189,1,1
POLE4,ZNHIT3,1,1
PPP1R12B,AKAP9,1,1
PYGB,BCAS2,1,1
PYGB,GNB1L,1,1
PYGB,GPR157,1,1
PYGB,SHQ1,1,1
PYGB,SNRNP25,1,1
PYGB,VAV3,1,1
PYGB,XPC,1,1
BCAS2,GNB1L,1,1
BCAS2,LRWD1,1,1
BCAS2,SHQ1,1,1
BCAS2,SNRNP25,1,1
BCAS2,XPC,1,1
AKAP9,GTF2H1,1,1
SUCO,KIRREL,1,1
MRPL46,NT5DC3,1,1
MRPL46,SLAMF7,1,1
MRPL46,ZNF189,1,1
SLAMF7,ENTPD6,1,1
SLAMF7,NT5DC3,1,1
SLAMF7,RPA2,1,1
SLAMF7,TMEM246,1,1
SLAMF7,VAV3,1,1
SLAMF7,ZNF189,1,1
SLAMF7,ZYG11A,1,1
ZYG11A,ENTPD6,1,1
ZYG11A,MTOR,1,1
ZYG11A,RBM19,1,1
ZYG11A,TMEM246,1,1
ZYG11A,VAV3,1,1
PHTF1,GNB1L,1,1
PHTF1,GPR157,1,1
PHTF1,MTOR,1,1
PHTF1,RBM19,1,1
PHTF1,VAV3,1,1
VAV3,ENTPD6,1,1
VAV3,GNB1L,1,1
VAV3,GPR157,1,1
VAV3,MED15,1,1
VAV3,MTOR,1,1
VAV3,RBM19,1,1
VAV3,SNRNP25,1,1
NT5DC1,EVA1A,1,1
NT5DC1,IVNS1ABP,1,1
NT5DC1,RRBP1,1,1
OAT,AC013264.1,1,1
ENTPD6,RBM19,1,1
ENTPD6,RPA2,1,1
ENTPD6,TMEM246,1,1
XPC,SHQ1,1,1
HOXC10,FAM20C,1,1
MED15,AC013264.1,1,1
MED15,ATP6V1C1,1,1
MED15,MTOR,1,1
MED15,RRBP1,1,1
CANX,KIRREL,1,1
CCZ1B,DNAJB4,1,1
ZNF189,NT5DC3,1,1
AC013264.1,ATP6V1C1,1,1
AC013264.1,EVA1A,1,1
AC013264.1,MTOR,1,1
AC013264.1,RRBP1,1,1
GNB1L,ANAPC5,1,1
GNB1L,GPR157,1,1
GNB1L,RBM19,1,1
GNB1L,RPA2,1,1
GNB1L,SNRNP25,1,1
GPR157,ANAPC5,1,1
GPR157,MTOR,1,1
GPR157,NUDCD3,1,1
GPR157,RBM19,1,1
GPR157,SNRNP25,1,1
KIRREL,LRWD1,1,1
RPA2,ANAPC5,1,1
RPA2,RBM19,1,1
RPA2,SNRNP25,1,1
LRWD1,SHQ1,1,1
RRBP1,ATP6V1C1,1,1
SNRNP25,ANAPC5,1,1
SNRNP25,RBM19,1,1
MTOR,ATP6V1C1,1,1
MTOR,RBM19,1,1
