source,target,weight,correlation
ATP6V1B2,AHCYL2,1,1
ATP6V1B2,ANKRD39,1,1
ATP6V1B2,ANXA5,1,1
ATP6V1B2,ARSJ,1,1
ATP6V1B2,ATM,1,1
ATP6V1B2,ATP6V1H,1,1
ATP6V1B2,B4GALNT4,1,1
ATP6V1B2,B4GALT2,1,1
ATP6V1B2,C1ORF226,1,1
ATP6V1B2,CNNM3,1,1
ATP6V1B2,CTXN1,1,1
ATP6V1B2,DSTYK,1,1
ATP6V1B2,E2F5,1,1
ATP6V1B2,ECSIT,1,1
ATP6V1B2,GADD45B,1,1
ATP6V1B2,GLRB,1,1
ATP6V1B2,GNPTAB,1,1
ATP6V1B2,HADHB,1,1
ATP6V1B2,HDAC4,1,1
ATP6V1B2,KLHL26,1,1
ATP6V1B2,LAMP1,1,1
ATP6V1B2,LCTL,1,1
ATP6V1B2,MITF,1,1
ATP6V1B2,NPL,1,1
ATP6V1B2,NTM,1,1
ATP6V1B2,OSTM1,1,1
ATP6V1B2,PDE1C,1,1
ATP6V1B2,PEPD,1,1
ATP6V1B2,PLPP2,1,1
ATP6V1B2,PPP1R16A,1,1
ATP6V1B2,RP11-1035H13.3,1,1
ATP6V1B2,RRAGC,1,1
ATP6V1B2,RRAGD,1,1
ATP6V1B2,SCN2A,1,1
ATP6V1B2,SGTB,1,1
ATP6V1B2,SIRT6,1,1
ATP6V1B2,SLC19A2,1,1
ATP6V1B2,SMPD2,1,1
ATP6V1B2,SNX3,1,1
ATP6V1B2,ST3GAL5,1,1
ATP6V1B2,STRADB,1,1
ATP6V1B2,STXBP5,1,1
ATP6V1B2,TBC1D14,1,1
ATP6V1B2,TFPI,1,1
ATP6V1B2,TMTC1,1,1
ATP6V1B2,TRIM2,1,1
ATP6V1B2,ZEB1,1,1
ATP6V1B2,ZNF704,1,1
TMEM63A,APCDD1,1,1
TMEM63A,BTD,1,1
TMEM63A,CH17-472G23.4,1,1
TMEM63A,CLCN6,1,1
TMEM63A,FBXO17,1,1
TMEM63A,FBXO21,1,1
TMEM63A,GDAP1,1,1
TMEM63A,GIGYF1,1,1
TMEM63A,GNPTG,1,1
TMEM63A,GSTM2,1,1
TMEM63A,HSPA1A,1,1
TMEM63A,KIAA0930,1,1
TMEM63A,KIAA1456,1,1
TMEM63A,LRCH4,1,1
TMEM63A,MFSD12,1,1
TMEM63A,NAGK,1,1
TMEM63A,PARP10,1,1
TMEM63A,PUDP,1,1
TMEM63A,TMEM150A,1,1
TMEM63A,TP53I13,1,1
TMEM63A,TYMP,1,1
TMEM63A,ZFP91,1,1
SLC24A1,AHCYL2,1,1
SLC24A1,AMDHD2,1,1
SLC24A1,ANXA5,1,1
SLC24A1,APBB1,1,1
SLC24A1,ARSJ,1,1
SLC24A1,ATM,1,1
SLC24A1,BRI3,1,1
SLC24A1,CD82,1,1
SLC24A1,COMT,1,1
SLC24A1,CSTF3,1,1
SLC24A1,CYSTM1,1,1
SLC24A1,DCTN3,1,1
SLC24A1,DEPDC5,1,1
SLC24A1,DNAJA2,1,1
SLC24A1,DPYSL3,1,1
SLC24A1,DRAM2,1,1
SLC24A1,EFCAB14,1,1
SLC24A1,EGFR,1,1
SLC24A1,EXOC4,1,1
SLC24A1,FBXO2,1,1
SLC24A1,GBA2,1,1
SLC24A1,GPR137B,1,1
SLC24A1,HPS4,1,1
SLC24A1,IARS,1,1
SLC24A1,KAT14,1,1
SLC24A1,LZTS1,1,1
SLC24A1,MAGEA1,1,1
SLC24A1,METTL21A,1,1
SLC24A1,MLST8,1,1
SLC24A1,MOSPD3,1,1
SLC24A1,MRPL42,1,1
SLC24A1,MRPS22,1,1
SLC24A1,NAA50,1,1
SLC24A1,NPL,1,1
SLC24A1,NTM,1,1
SLC24A1,OSBPL9,1,1
SLC24A1,PARD6G,1,1
SLC24A1,PEPD,1,1
SLC24A1,PEX11A,1,1
SLC24A1,PI4KA,1,1
SLC24A1,PIEZO1,1,1
SLC24A1,PLAGL1,1,1
SLC24A1,PLPP2,1,1
SLC24A1,PODXL,1,1
SLC24A1,RRAGD,1,1
SLC24A1,SH3GL1,1,1
SLC24A1,STRADB,1,1
SLC24A1,SYMPK,1,1
SLC24A1,TECPR1,1,1
SLC24A1,TMBIM1,1,1
SLC24A1,TMCC2,1,1
SLC24A1,TMEM55A,1,1
SLC24A1,TRIM2,1,1
SLC24A1,USP5,1,1
SLC24A1,ZEB1,1,1
SLC24A1,ZNF394,1,1
SLC24A1,ZNF622,1,1
SLC24A1,ZNF704,1,1
SLC3A2,CCDC82,1,1
SLC3A2,CLCN3,1,1
SLC3A2,KIAA1468,1,1
SLC3A2,PHF20L1,1,1
SLC3A2,TMEM192,1,1
SLC3A2,TMEM251,1,1
BEX4,AFF1,1,1
BEX4,CLN3,1,1
BEX4,CLN5,1,1
BEX4,CYBA,1,1
BEX4,DHRS12,1,1
BEX4,EEF1A1P5,1,1
BEX4,EIF4EBP1,1,1
BEX4,GLTSCR1L,1,1
BEX4,GLYR1,1,1
BEX4,KRT10,1,1
BEX4,MAPK12,1,1
BEX4,MLPH,1,1
BEX4,NCAPD2,1,1
BEX4,NRDC,1,1
BEX4,PARP14,1,1
BEX4,PPP2R1A,1,1
BEX4,PRKCE,1,1
BEX4,PTTG1IP,1,1
BEX4,QPRT,1,1
BEX4,RANBP10,1,1
BEX4,RGS12,1,1
BEX4,RGS20,1,1
BEX4,RUFY3,1,1
BEX4,SCAMP2,1,1
BEX4,SPATS2,1,1
BEX4,SREBF2,1,1
BEX4,SSPN,1,1
BEX4,STRAP,1,1
BEX4,TAF8,1,1
BEX4,TBC1D20,1,1
BEX4,TMEM140,1,1
BEX4,TPST1,1,1
BEX4,TRIM21,1,1
BEX4,XKR8,1,1
BEX4,ZNF747,1,1
PIR,AC240274.1,1,1
PIR,ACTR6,1,1
PIR,AMDHD2,1,1
PIR,AP2S1,1,1
PIR,AP3M2,1,1
PIR,ARID1B,1,1
PIR,ARSG,1,1
PIR,ATP6V0C,1,1
PIR,BNC2,1,1
PIR,BRD8,1,1
PIR,CDC37,1,1
PIR,CTDSPL,1,1
PIR,DAPK1,1,1
PIR,FAM134C,1,1
PIR,GDAP1,1,1
PIR,GSTM2,1,1
PIR,HABP4,1,1
PIR,KAZN,1,1
PIR,MAP1LC3B,1,1
PIR,MED23,1,1
PIR,MFAP3L,1,1
PIR,MMP17,1,1
PIR,MRPS22,1,1
PIR,MSC,1,1
PIR,MTHFR,1,1
PIR,MXI1,1,1
PIR,NAGK,1,1
PIR,NAPA,1,1
PIR,NPL,1,1
PIR,PDXDC1,1,1
PIR,PPP1R37,1,1
PIR,PSMD14,1,1
PIR,RAD50,1,1
PIR,RPL26L1,1,1
PIR,SERP1,1,1
PIR,SNAI2,1,1
PIR,STX7,1,1
PIR,SYMPK,1,1
PIR,TBC1D7,1,1
PIR,TCF7L1,1,1
PIR,TCFL5,1,1
PIR,TESK1,1,1
PIR,TMEM140,1,1
PIR,TRAK2,1,1
PIR,TRAPPC11,1,1
PIR,UNC13B,1,1
PIR,USF2,1,1
PIR,WDR44,1,1
PIR,WDR81,1,1
PIR,WIPI1,1,1
PIR,ZNF394,1,1
PIR,ZSCAN12,1,1
RGS20,AFF3,1,1
RGS20,BDH1,1,1
RGS20,C12ORF49,1,1
RGS20,CHURC1,1,1
RGS20,EIF2B2,1,1
RGS20,FAM213B,1,1
RGS20,GATA2,1,1
RGS20,GLTSCR1L,1,1
RGS20,GLYR1,1,1
RGS20,INPP4B,1,1
RGS20,KRT10,1,1
RGS20,LTA4H,1,1
RGS20,MAPK12,1,1
RGS20,MGAT1,1,1
RGS20,PAPSS1,1,1
RGS20,PTTG1IP,1,1
RGS20,RANBP10,1,1
RGS20,TBC1D20,1,1
RGS20,TPST1,1,1
RGS20,TRIM21,1,1
RGS20,UBN1,1,1
RGS20,USP54,1,1
RGS20,ZNF747,1,1
ATP6V1G1,ACP5,1,1
ATP6V1G1,ANXA5,1,1
ATP6V1G1,AP2S1,1,1
ATP6V1G1,ARID1B,1,1
ATP6V1G1,ARMC9,1,1
ATP6V1G1,ASAP2,1,1
ATP6V1G1,ATM,1,1
ATP6V1G1,ATP6V0C,1,1
ATP6V1G1,BCAT2,1,1
ATP6V1G1,BHLHE41,1,1
ATP6V1G1,CDC37,1,1
ATP6V1G1,CLCN3,1,1
ATP6V1G1,CNNM3,1,1
ATP6V1G1,CTDSPL,1,1
ATP6V1G1,CTSB,1,1
ATP6V1G1,CYB561D1,1,1
ATP6V1G1,DAPK1,1,1
ATP6V1G1,DIRC2,1,1
ATP6V1G1,DPYSL3,1,1
ATP6V1G1,DYRK1A,1,1
ATP6V1G1,FAM134C,1,1
ATP6V1G1,GGA2,1,1
ATP6V1G1,HABP4,1,1
ATP6V1G1,HACD4,1,1
ATP6V1G1,HEXA,1,1
ATP6V1G1,HOXC13,1,1
ATP6V1G1,IFNGR1,1,1
ATP6V1G1,ILKAP,1,1
ATP6V1G1,KAZN,1,1
ATP6V1G1,KCTD7,1,1
ATP6V1G1,KIAA1468,1,1
ATP6V1G1,MED23,1,1
ATP6V1G1,MMP17,1,1
ATP6V1G1,MSC,1,1
ATP6V1G1,MTHFR,1,1
ATP6V1G1,MXI1,1,1
ATP6V1G1,NAPA,1,1
ATP6V1G1,NCOA2,1,1
ATP6V1G1,NEK1,1,1
ATP6V1G1,NPL,1,1
ATP6V1G1,NTMT1,1,1
ATP6V1G1,OSBPL9,1,1
ATP6V1G1,OSTM1,1,1
ATP6V1G1,PDXDC1,1,1
ATP6V1G1,PEPD,1,1
ATP6V1G1,PLEKHN1,1,1
ATP6V1G1,POC5,1,1
ATP6V1G1,PPP1R37,1,1
ATP6V1G1,QPCT,1,1
ATP6V1G1,RAB32,1,1
ATP6V1G1,RAD50,1,1
ATP6V1G1,RREB1,1,1
ATP6V1G1,SEMA6A,1,1
ATP6V1G1,SERP1,1,1
ATP6V1G1,SNAI2,1,1
ATP6V1G1,SNAP29,1,1
ATP6V1G1,SSU72,1,1
ATP6V1G1,STRIP1,1,1
ATP6V1G1,STX7,1,1
ATP6V1G1,STXBP5,1,1
ATP6V1G1,SYMPK,1,1
ATP6V1G1,TBC1D14,1,1
ATP6V1G1,TCFL5,1,1
ATP6V1G1,TESK1,1,1
ATP6V1G1,TMCC2,1,1
ATP6V1G1,TMEM192,1,1
ATP6V1G1,TRAK2,1,1
ATP6V1G1,TRAPPC11,1,1
ATP6V1G1,TRIM2,1,1
ATP6V1G1,USF2,1,1
ATP6V1G1,VARS,1,1
ATP6V1G1,WDR44,1,1
ATP6V1G1,WDR81,1,1
ATP6V1G1,WIPI2,1,1
ATP6V1G1,ZBTB24,1,1
ATP6V1G1,ZC3H12C,1,1
ATP6V1G1,ZSCAN12,1,1
NPAT,ATP6V1H,1,1
NPAT,BDH1,1,1
NPAT,BHLHE41,1,1
NPAT,CDK2,1,1
NPAT,CLCN3,1,1
NPAT,CNNM3,1,1
NPAT,CTSB,1,1
NPAT,HACD4,1,1
NPAT,KCNAB2,1,1
NPAT,LAMP1,1,1
NPAT,PCDHGB5,1,1
NPAT,PRKCE,1,1
NPAT,PRKD3,1,1
NPAT,QPCT,1,1
NPAT,RGS10,1,1
NPAT,SLC16A6,1,1
NPAT,SNAI2,1,1
NPAT,SNCA,1,1
NPAT,SNX9,1,1
NPAT,STXBP5,1,1
NPAT,TMEM192,1,1
NPAT,TMEM251,1,1
NPAT,ZADH2,1,1
ITGB1BP1,AFF1,1,1
ITGB1BP1,BDH1,1,1
ITGB1BP1,C10ORF11,1,1
ITGB1BP1,C12ORF10,1,1
ITGB1BP1,CD81,1,1
ITGB1BP1,CLCN2,1,1
ITGB1BP1,CLCN3,1,1
ITGB1BP1,CLN5,1,1
ITGB1BP1,CNST,1,1
ITGB1BP1,DAPK1,1,1
ITGB1BP1,DHRS12,1,1
ITGB1BP1,EEF1A1P11,1,1
ITGB1BP1,EEF1A1P5,1,1
ITGB1BP1,EIF1AY,1,1
ITGB1BP1,EIF4EBP1,1,1
ITGB1BP1,GOLGA7B,1,1
ITGB1BP1,GPR143,1,1
ITGB1BP1,GYG2,1,1
ITGB1BP1,HACD4,1,1
ITGB1BP1,HEXA,1,1
ITGB1BP1,HHAT,1,1
ITGB1BP1,MAPK12,1,1
ITGB1BP1,MFSD14C,1,1
ITGB1BP1,MTHFD2,1,1
ITGB1BP1,NAPA,1,1
ITGB1BP1,PCDHGB5,1,1
ITGB1BP1,PMEL,1,1
ITGB1BP1,PRKCE,1,1
ITGB1BP1,PTPN18,1,1
ITGB1BP1,QPRT,1,1
ITGB1BP1,RAB32,1,1
ITGB1BP1,RGS12,1,1
ITGB1BP1,RPS4Y1,1,1
ITGB1BP1,SEMA3A,1,1
ITGB1BP1,SNAI2,1,1
ITGB1BP1,SNCA,1,1
ITGB1BP1,SSPN,1,1
ITGB1BP1,STX7,1,1
ITGB1BP1,TAF8,1,1
ITGB1BP1,TBC1D20,1,1
ITGB1BP1,TM4SF1,1,1
ITGB1BP1,TMEM192,1,1
ITGB1BP1,TPST1,1,1
ITGB1BP1,TRIM21,1,1
ITGB1BP1,TSHZ1,1,1
ITGB1BP1,TTC30A,1,1
ITGB1BP1,UBL3,1,1
ITGB1BP1,ZSCAN12,1,1
GBE1,ALKBH8,1,1
GBE1,AMMECR1,1,1
GBE1,ARL6IP6,1,1
GBE1,AVPI1,1,1
GBE1,C12ORF4,1,1
GBE1,CLCN6,1,1
GBE1,COL11A1,1,1
GBE1,CRCP,1,1
GBE1,CREBRF,1,1
GBE1,CTSD,1,1
GBE1,DCTN3,1,1
GBE1,DPH5,1,1
GBE1,DPYSL3,1,1
GBE1,DRAM2,1,1
GBE1,EPG5,1,1
GBE1,FAM208A,1,1
GBE1,FOXC1,1,1
GBE1,GBA2,1,1
GBE1,HCCS,1,1
GBE1,HEXA,1,1
GBE1,HPS4,1,1
GBE1,INHBA,1,1
GBE1,LTA4H,1,1
GBE1,MAGEA1,1,1
GBE1,MOSPD3,1,1
GBE1,NAA50,1,1
GBE1,NFXL1,1,1
GBE1,NSMCE1,1,1
GBE1,NUP160,1,1
GBE1,ODC1,1,1
GBE1,ORC4,1,1
GBE1,PAPOLA,1,1
GBE1,PARP14,1,1
GBE1,PODXL,1,1
GBE1,PPP4R1L,1,1
GBE1,PSAP,1,1
GBE1,PSMD14,1,1
GBE1,QPCT,1,1
GBE1,RP3-461F17.3,1,1
GBE1,RPGR,1,1
GBE1,RUVBL1,1,1
GBE1,SEMA6A,1,1
GBE1,SH3GL1,1,1
GBE1,SLIRP,1,1
GBE1,SOCS5,1,1
GBE1,TMEM159,1,1
GBE1,TMEM41A,1,1
GBE1,TPP1,1,1
GBE1,USP15,1,1
GBE1,USP5,1,1
GBE1,ZDHHC23,1,1
GBE1,ZNF529,1,1
GBE1,ZNF586,1,1
MMP17,AC240274.1,1,1
MMP17,ACP5,1,1
MMP17,ACTR6,1,1
MMP17,AMDHD2,1,1
MMP17,AP2S1,1,1
MMP17,ARID1B,1,1
MMP17,ARSG,1,1
MMP17,ATM,1,1
MMP17,ATP6V0C,1,1
MMP17,BRD8,1,1
MMP17,CDC37,1,1
MMP17,CYB561D1,1,1
MMP17,DAPK1,1,1
MMP17,DYRK1A,1,1
MMP17,FAM134C,1,1
MMP17,GDAP1,1,1
MMP17,GSTM2,1,1
MMP17,HABP4,1,1
MMP17,HSD17B14,1,1
MMP17,HSPA1A,1,1
MMP17,KAZN,1,1
MMP17,KIAA0930,1,1
MMP17,LZTS1,1,1
MMP17,MAP1LC3B,1,1
MMP17,MED23,1,1
MMP17,MFAP3L,1,1
MMP17,MRPS22,1,1
MMP17,MTHFR,1,1
MMP17,MXI1,1,1
MMP17,NAGK,1,1
MMP17,NPL,1,1
MMP17,NTMT1,1,1
MMP17,PIK3R1,1,1
MMP17,PLEKHN1,1,1
MMP17,PLPP2,1,1
MMP17,PPP1R37,1,1
MMP17,PSMD14,1,1
MMP17,QPCT,1,1
MMP17,RAD50,1,1
MMP17,SEMA6A,1,1
MMP17,SERP1,1,1
MMP17,SLC15A4,1,1
MMP17,SLC6A8,1,1
MMP17,SYMPK,1,1
MMP17,TBC1D7,1,1
MMP17,TCF7L1,1,1
MMP17,TCFL5,1,1
MMP17,TESK1,1,1
MMP17,TMEM140,1,1
MMP17,TP53I13,1,1
MMP17,TRIM2,1,1
MMP17,USF2,1,1
MMP17,WDR44,1,1
MMP17,WDR81,1,1
MMP17,ZNF394,1,1
SEMA3A,ABLIM1,1,1
SEMA3A,AFF1,1,1
SEMA3A,AK4,1,1
SEMA3A,CLCN2,1,1
SEMA3A,CNST,1,1
SEMA3A,EEF1A1P5,1,1
SEMA3A,EIF4EBP1,1,1
SEMA3A,HEG1,1,1
SEMA3A,MAPK12,1,1
SEMA3A,MGAT1,1,1
SEMA3A,MTHFD2,1,1
SEMA3A,PPIB,1,1
SEMA3A,RANBP10,1,1
SEMA3A,TBC1D20,1,1
SEMA3A,TM4SF1,1,1
SEMA3A,TPST1,1,1
SEMA3A,TRIM21,1,1
SEMA3A,TSHZ1,1,1
SEMA3A,TTC30A,1,1
SEMA3A,TUSC3,1,1
NPIPB4,SH3D21,1,1
LTB4R,GPR137B,1,1
LTB4R,MYLK,1,1
LTB4R,PDGFA,1,1
LTB4R,PRICKLE1,1,1
LTB4R,RBMS3,1,1
LTB4R,SCML1,1,1
LTB4R,SIPA1L1,1,1
LTB4R,TTYH2,1,1
LTB4R,TULP4,1,1
LTB4R,UBN2,1,1
OVOS2,AMDHD2,1,1
OVOS2,CBX7,1,1
OVOS2,CH17-472G23.4,1,1
OVOS2,CROCC,1,1
OVOS2,CRTC1,1,1
OVOS2,CSTF3,1,1
OVOS2,GBA2,1,1
OVOS2,MCC,1,1
OVOS2,MFSD12,1,1
OVOS2,MTMR9LP,1,1
OVOS2,NUCKS1,1,1
OVOS2,OR2A9P,1,1
OVOS2,RP11-599J14.2,1,1
OVOS2,RP11-726G1.1,1,1
OVOS2,SH3D21,1,1
OVOS2,SLC15A4,1,1
OVOS2,TNFRSF14,1,1
AKT2,FBXO44,1,1
AKT2,LPCAT2,1,1
AKT2,NEU1,1,1
AKT2,RBM18,1,1
AKT2,SLC35C2,1,1
MFSD14C,BDH1,1,1
MFSD14C,CLCN2,1,1
MFSD14C,CLCN3,1,1
MFSD14C,CLN5,1,1
MFSD14C,CYBA,1,1
MFSD14C,DHRS12,1,1
MFSD14C,GPR143,1,1
MFSD14C,HHAT,1,1
MFSD14C,IMPACT,1,1
MFSD14C,INPP4B,1,1
MFSD14C,LTA4H,1,1
MFSD14C,MGAT1,1,1
MFSD14C,NRDC,1,1
MFSD14C,PRKCE,1,1
MFSD14C,PTPN18,1,1
MFSD14C,RANBP10,1,1
MFSD14C,TAF8,1,1
MFSD14C,TBC1D20,1,1
MFSD14C,TPST1,1,1
MFSD14C,TRIM21,1,1
MFSD14C,TSHZ1,1,1
MFSD14C,XKR8,1,1
MED23,AC240274.1,1,1
MED23,ACP5,1,1
MED23,ANKRD39,1,1
MED23,AP2S1,1,1
MED23,APCDD1,1,1
MED23,ARID1B,1,1
MED23,ATM,1,1
MED23,ATP6V0C,1,1
MED23,BNC2,1,1
MED23,BRD8,1,1
MED23,CDC37,1,1
MED23,CPEB2,1,1
MED23,CTDSPL,1,1
MED23,CTSB,1,1
MED23,DAPK1,1,1
MED23,DYRK1A,1,1
MED23,EIF1AY,1,1
MED23,FAM134C,1,1
MED23,FAM208A,1,1
MED23,FOXC1,1,1
MED23,GDAP1,1,1
MED23,GPR143,1,1
MED23,GYG2,1,1
MED23,HACD4,1,1
MED23,HEXA,1,1
MED23,IFNGR1,1,1
MED23,IQCB1,1,1
MED23,KAZN,1,1
MED23,KIAA0930,1,1
MED23,LRCH4,1,1
MED23,MAP1LC3B,1,1
MED23,MFAP3L,1,1
MED23,MRPS22,1,1
MED23,MSC,1,1
MED23,MTHFR,1,1
MED23,MXI1,1,1
MED23,NAPA,1,1
MED23,NPL,1,1
MED23,NTMT1,1,1
MED23,OSBPL9,1,1
MED23,PDXDC1,1,1
MED23,PEPD,1,1
MED23,PLEKHN1,1,1
MED23,PLPP2,1,1
MED23,PMEL,1,1
MED23,PPP4R1L,1,1
MED23,PSMD14,1,1
MED23,QPCT,1,1
MED23,QPRT,1,1
MED23,RAD50,1,1
MED23,RPL26L1,1,1
MED23,RREB1,1,1
MED23,RWDD1,1,1
MED23,SEMA6A,1,1
MED23,SERP1,1,1
MED23,SLC35B3,1,1
MED23,SNAI2,1,1
MED23,SNCA,1,1
MED23,SSU72,1,1
MED23,ST5,1,1
MED23,STX7,1,1
MED23,STXBP5,1,1
MED23,SYMPK,1,1
MED23,TBC1D7,1,1
MED23,TCF7L1,1,1
MED23,TCFL5,1,1
MED23,TMEM159,1,1
MED23,TMEM41A,1,1
MED23,TRAPPC11,1,1
MED23,UBL3,1,1
MED23,USF2,1,1
MED23,VARS,1,1
MED23,WDR44,1,1
MED23,WDR81,1,1
MED23,WDR92,1,1
MED23,WIPI1,1,1
MED23,WIPI2,1,1
MED23,ZSCAN12,1,1
DNAJB9,PDE4D,1,1
DNAJB9,SCML1,1,1
DNAJB9,TLE4,1,1
LCTL,ABHD3,1,1
LCTL,ADAM12,1,1
LCTL,ALDH5A1,1,1
LCTL,B4GALNT4,1,1
LCTL,CTXN1,1,1
LCTL,CYTH3,1,1
LCTL,E2F5,1,1
LCTL,ESRP1,1,1
LCTL,GADD45B,1,1
LCTL,GLRB,1,1
LCTL,KCNN4,1,1
LCTL,KRT8,1,1
LCTL,LMBRD2,1,1
LCTL,LMCD1,1,1
LCTL,NCOR2,1,1
LCTL,NTM,1,1
LCTL,PANK4,1,1
LCTL,PDE1C,1,1
LCTL,PPP1R16A,1,1
LCTL,PXYLP1,1,1
LCTL,SCN2A,1,1
LCTL,SLC35C2,1,1
LCTL,SNX3,1,1
LCTL,TFPI,1,1
LCTL,USP11,1,1
LCTL,VASP,1,1
LCTL,ZBTB38,1,1
LCTL,ZEB1,1,1
LCTL,ZNF280B,1,1
LCTL,ZNF385A,1,1
GLRB,ABHD3,1,1
GLRB,ADAM12,1,1
GLRB,ALDH5A1,1,1
GLRB,AP5Z1,1,1
GLRB,B4GALNT4,1,1
GLRB,CPE,1,1
GLRB,CTXN1,1,1
GLRB,CYTH3,1,1
GLRB,E2F5,1,1
GLRB,ECSIT,1,1
GLRB,FAM83H,1,1
GLRB,FBXL12,1,1
GLRB,GADD45B,1,1
GLRB,GNPTAB,1,1
GLRB,KLHL26,1,1
GLRB,LMCD1,1,1
GLRB,NLGN1,1,1
GLRB,NNMT,1,1
GLRB,PCNX2,1,1
GLRB,PDE1C,1,1
GLRB,PEX16,1,1
GLRB,PPFIBP2,1,1
GLRB,RNPEP,1,1
GLRB,RUNX2,1,1
GLRB,SCN1B,1,1
GLRB,SCN2A,1,1
GLRB,SLC35C2,1,1
GLRB,SNX3,1,1
GLRB,TFG,1,1
GLRB,TFPI,1,1
GLRB,USP11,1,1
GLRB,ZBTB38,1,1
GLRB,ZEB1,1,1
GLRB,ZNF280B,1,1
GLRB,ZNF385A,1,1
PIK3R1,ACP5,1,1
PIK3R1,AMDHD2,1,1
PIK3R1,ANXA5,1,1
PIK3R1,AP2S1,1,1
PIK3R1,ATM,1,1
PIK3R1,B4GALNT4,1,1
PIK3R1,BCAT2,1,1
PIK3R1,BRI3,1,1
PIK3R1,C1ORF226,1,1
PIK3R1,DPYSL3,1,1
PIK3R1,DYRK1A,1,1
PIK3R1,ECSIT,1,1
PIK3R1,GADD45B,1,1
PIK3R1,GPR137B,1,1
PIK3R1,KLHL26,1,1
PIK3R1,LZTS1,1,1
PIK3R1,NDUFA12,1,1
PIK3R1,NNMT,1,1
PIK3R1,NPL,1,1
PIK3R1,NTMT1,1,1
PIK3R1,PDE1C,1,1
PIK3R1,PEX16,1,1
PIK3R1,PLEKHN1,1,1
PIK3R1,PLPP2,1,1
PIK3R1,RUNX2,1,1
PIK3R1,SF3A2,1,1
PIK3R1,SSU72,1,1
PIK3R1,ST3GAL5,1,1
PIK3R1,SYMPK,1,1
PIK3R1,SYNJ2,1,1
PIK3R1,TBC1D14,1,1
PIK3R1,TRIM2,1,1
PIK3R1,WDR44,1,1
PIK3R1,ZEB1,1,1
PIK3R1,ZNF280B,1,1
PIK3R1,ZNF704,1,1
XYLB,IARS,1,1
XYLB,KCNN4,1,1
XYLB,NTM,1,1
XYLB,PPP1R9A,1,1
XYLB,PXYLP1,1,1
XYLB,VASP,1,1
XYLB,ZBTB38,1,1
TOP 1.00,ALKBH8,1,1
TOP 1.00,CRCP,1,1
TOP 1.00,DNAJC7,1,1
TOP 1.00,GNG12,1,1
TOP 1.00,NUP160,1,1
TOP 1.00,POLDIP2,1,1
TOP 1.00,R3HDM1,1,1
TOP 1.00,RAVER1,1,1
TOP 1.00,SHROOM2,1,1
HOXB9,GABRA3,1,1
HOXB9,KRT8,1,1
HOXB9,PPP1R9A,1,1
HOXB9,SIRT6,1,1
BHLHE41,ACP5,1,1
BHLHE41,ANKRD39,1,1
BHLHE41,ANXA5,1,1
BHLHE41,AP2S1,1,1
BHLHE41,ATM,1,1
BHLHE41,ATP6V0C,1,1
BHLHE41,ATP6V1H,1,1
BHLHE41,AVPI1,1,1
BHLHE41,BRI3,1,1
BHLHE41,C12ORF10,1,1
BHLHE41,CD81,1,1
BHLHE41,CDC37,1,1
BHLHE41,CDK2,1,1
BHLHE41,CLCN3,1,1
BHLHE41,CNNM3,1,1
BHLHE41,CSTF3,1,1
BHLHE41,CTDSPL,1,1
BHLHE41,CTSB,1,1
BHLHE41,CTSD,1,1
BHLHE41,DAPK1,1,1
BHLHE41,DIRC2,1,1
BHLHE41,DPYSL3,1,1
BHLHE41,EEF1A1P11,1,1
BHLHE41,EFCAB14,1,1
BHLHE41,EIF1AY,1,1
BHLHE41,EPG5,1,1
BHLHE41,FOXC1,1,1
BHLHE41,GPR137B,1,1
BHLHE41,GPR143,1,1
BHLHE41,GYG2,1,1
BHLHE41,HACD4,1,1
BHLHE41,HEXA,1,1
BHLHE41,HPS4,1,1
BHLHE41,IFNGR1,1,1
BHLHE41,INPP4B,1,1
BHLHE41,KCNAB2,1,1
BHLHE41,KIAA1468,1,1
BHLHE41,LAMP1,1,1
BHLHE41,MSC,1,1
BHLHE41,MTHFR,1,1
BHLHE41,NAPA,1,1
BHLHE41,NDOR1,1,1
BHLHE41,NPL,1,1
BHLHE41,ORC4,1,1
BHLHE41,OSBPL9,1,1
BHLHE41,OSTM1,1,1
BHLHE41,PARP14,1,1
BHLHE41,PCDHGB5,1,1
BHLHE41,PEPD,1,1
BHLHE41,PLEKHN1,1,1
BHLHE41,PLPP2,1,1
BHLHE41,PRKCE,1,1
BHLHE41,PRKD3,1,1
BHLHE41,PSAP,1,1
BHLHE41,PTPN18,1,1
BHLHE41,QPCT,1,1
BHLHE41,RGS10,1,1
BHLHE41,RRAGD,1,1
BHLHE41,SEMA6A,1,1
BHLHE41,SH3GL1,1,1
BHLHE41,SLC16A6,1,1
BHLHE41,SLC7A8,1,1
BHLHE41,SMPD2,1,1
BHLHE41,SNAI2,1,1
BHLHE41,SNAP29,1,1
BHLHE41,SNCA,1,1
BHLHE41,SNX9,1,1
BHLHE41,SSU72,1,1
BHLHE41,STX7,1,1
BHLHE41,STXBP5,1,1
BHLHE41,SYMPK,1,1
BHLHE41,TBC1D20,1,1
BHLHE41,TCFL5,1,1
BHLHE41,TMCC2,1,1
BHLHE41,TMEM159,1,1
BHLHE41,TMEM192,1,1
BHLHE41,TMEM41A,1,1
BHLHE41,TPP1,1,1
BHLHE41,TRAPPC11,1,1
BHLHE41,TRIM2,1,1
BHLHE41,TSHZ1,1,1
BHLHE41,TULP4,1,1
BHLHE41,USF2,1,1
BHLHE41,VARS,1,1
BHLHE41,WDR92,1,1
BHLHE41,ZADH2,1,1
BHLHE41,ZC3H12C,1,1
BHLHE41,ZNF704,1,1
BHLHE41,ZSCAN12,1,1
NCOA2,ANXA5,1,1
NCOA2,ARMC9,1,1
NCOA2,ASAP2,1,1
NCOA2,ATP6V1H,1,1
NCOA2,DIRC2,1,1
NCOA2,DSTYK,1,1
NCOA2,FAM210B,1,1
NCOA2,GJA3,1,1
NCOA2,GOLGA4,1,1
NCOA2,HDAC4,1,1
NCOA2,HIVEP2,1,1
NCOA2,PDE8A,1,1
NCOA2,PEPD,1,1
NCOA2,PHF3,1,1
NCOA2,RRAGD,1,1
NCOA2,SGTB,1,1
NCOA2,STRADB,1,1
NCOA2,TBC1D14,1,1
NCOA2,TRIM2,1,1
NCOA2,WDFY1,1,1
NCOA2,WDR44,1,1
NCOA2,ZBTB24,1,1
NCOA2,ZC3H12C,1,1
NCOA2,ZNF516,1,1
NCOA2,ZNF704,1,1
EXOC7,ARSG,1,1
EXOC7,CLN3,1,1
EXOC7,EEF1A1P5,1,1
EXOC7,FOXD3,1,1
EXOC7,FYCO1,1,1
EXOC7,HSD17B14,1,1
EXOC7,MLPH,1,1
EXOC7,MXI1,1,1
EXOC7,NAGK,1,1
EXOC7,NRDC,1,1
EXOC7,PPP1R37,1,1
EXOC7,PTTG1IP,1,1
EXOC7,RUFY3,1,1
EXOC7,STRAP,1,1
EXOC7,TMEM140,1,1
EXOC7,TMEM150A,1,1
EXOC7,UNC13B,1,1
EXOC7,WDR81,1,1
EXOC7,ZFYVE26,1,1
CLCN4,ADCY2,1,1
CLCN4,C9ORF172,1,1
CLCN4,CFI,1,1
CLCN4,EFNA1,1,1
CLCN4,GAMT,1,1
CLCN4,HLA-DRB3,1,1
CLCN4,IFT172,1,1
CLCN4,IL12RB2,1,1
CLCN4,MRC2,1,1
CLCN4,MYLK,1,1
CLCN4,PCDHB14,1,1
CLCN4,PHACTR4,1,1
CLCN4,PRKAA2,1,1
CLCN4,RABEP2,1,1
CLCN4,S100A6,1,1
CLCN4,SEC24D,1,1
CLCN4,SIPA1L1,1,1
CLCN4,SMYD2,1,1
CLCN4,TMBIM6,1,1
CLCN4,TMC7,1,1
CLCN4,TMEM47,1,1
CLCN4,TMEM98,1,1
CLCN4,TRAPPC2L,1,1
CLCN4,TRIM68,1,1
CLCN4,TTYH2,1,1
CLCN4,ZC3H7B,1,1
CLCN4,ZFY,1,1
PRR14L,AHCYL2,1,1
PRR14L,B4GALT2,1,1
PRR14L,FAM83H,1,1
PRR14L,GNPTAB,1,1
PRR14L,GPR161,1,1
PRR14L,HDAC4,1,1
PRR14L,HIVEP2,1,1
PRR14L,HOXB7,1,1
PRR14L,KLHL26,1,1
PRR14L,MOSPD1,1,1
PRR14L,NLGN1,1,1
PRR14L,RASSF3,1,1
PRR14L,RGP1,1,1
PRR14L,RP11-423H2.1,1,1
PRR14L,SPPL3,1,1
PRR14L,SSH1,1,1
PRR14L,TMEM8A,1,1
ZNF704,AHCYL2,1,1
ZNF704,ANXA5,1,1
ZNF704,ARMC9,1,1
ZNF704,ARSJ,1,1
ZNF704,ATM,1,1
ZNF704,ATP6V1H,1,1
ZNF704,B4GALNT4,1,1
ZNF704,B4GALT2,1,1
ZNF704,BRI3,1,1
ZNF704,CBR3,1,1
ZNF704,CDK2,1,1
ZNF704,CHSY3,1,1
ZNF704,CSTF3,1,1
ZNF704,DEPDC5,1,1
ZNF704,DPYD,1,1
ZNF704,DPYSL3,1,1
ZNF704,DSTYK,1,1
ZNF704,E2F5,1,1
ZNF704,ECSIT,1,1
ZNF704,EFCAB14,1,1
ZNF704,EGFR,1,1
ZNF704,EVI5,1,1
ZNF704,FBXO7,1,1
ZNF704,GADD45B,1,1
ZNF704,GGA2,1,1
ZNF704,GJA3,1,1
ZNF704,GNPTAB,1,1
ZNF704,GPR137B,1,1
ZNF704,GPR161,1,1
ZNF704,HADHB,1,1
ZNF704,HDAC4,1,1
ZNF704,HIVEP2,1,1
ZNF704,HPS4,1,1
ZNF704,KAT14,1,1
ZNF704,KLHL26,1,1
ZNF704,LAMP1,1,1
ZNF704,MITF,1,1
ZNF704,MLST8,1,1
ZNF704,NPL,1,1
ZNF704,NTM,1,1
ZNF704,OSBPL9,1,1
ZNF704,OSTM1,1,1
ZNF704,PANK4,1,1
ZNF704,PARD6G,1,1
ZNF704,PDE1C,1,1
ZNF704,PEPD,1,1
ZNF704,PI4KA,1,1
ZNF704,PLAGL1,1,1
ZNF704,PLPP2,1,1
ZNF704,PRDM7,1,1
ZNF704,RASSF3,1,1
ZNF704,RGP1,1,1
ZNF704,RRAGC,1,1
ZNF704,RRAGD,1,1
ZNF704,SGTB,1,1
ZNF704,SLC7A8,1,1
ZNF704,SMPD2,1,1
ZNF704,SNAP29,1,1
ZNF704,SORT1,1,1
ZNF704,STRADB,1,1
ZNF704,STXBP5,1,1
ZNF704,SYMPK,1,1
ZNF704,TBC1D14,1,1
ZNF704,TMBIM1,1,1
ZNF704,TMCC2,1,1
ZNF704,TMEM55A,1,1
ZNF704,TMTC1,1,1
ZNF704,TRIM2,1,1
ZNF704,ZC3H12C,1,1
ZNF704,ZEB1,1,1
ZNF704,ZNF280B,1,1
NCOR2,ABHD3,1,1
NCOR2,ADAM12,1,1
NCOR2,ALDH5A1,1,1
NCOR2,CHSY3,1,1
NCOR2,CTXN1,1,1
NCOR2,CYTH3,1,1
NCOR2,DCAF17,1,1
NCOR2,DEPDC5,1,1
NCOR2,DPYD,1,1
NCOR2,E2F5,1,1
NCOR2,FAM83H,1,1
NCOR2,FBXO7,1,1
NCOR2,FZD8,1,1
NCOR2,HADHB,1,1
NCOR2,HBS1L,1,1
NCOR2,MLST8,1,1
NCOR2,MOSPD1,1,1
NCOR2,NDN,1,1
NCOR2,NEU1,1,1
NCOR2,NKIRAS2,1,1
NCOR2,NTM,1,1
NCOR2,PANK4,1,1
NCOR2,PARVB,1,1
NCOR2,PCNX2,1,1
NCOR2,PDE4DIP,1,1
NCOR2,PNPLA8,1,1
NCOR2,PPFIBP2,1,1
NCOR2,PRCC,1,1
NCOR2,PXYLP1,1,1
NCOR2,ROPN1B,1,1
NCOR2,RP11-705C15.2,1,1
NCOR2,SLC35C2,1,1
NCOR2,SMDT1,1,1
NCOR2,SNX3,1,1
NCOR2,SORT1,1,1
NCOR2,TACC2,1,1
NCOR2,TAF6,1,1
NCOR2,TFG,1,1
NCOR2,TFPI,1,1
NCOR2,ZEB1,1,1
NCOR2,ZNF280B,1,1
NCOR2,ZNF385A,1,1
EIF2B2,C12ORF49,1,1
EIF2B2,CDC16,1,1
EIF2B2,CHURC1,1,1
EIF2B2,CREB5,1,1
EIF2B2,EPG5,1,1
EIF2B2,FAM213B,1,1
EIF2B2,GATA2,1,1
EIF2B2,GLTSCR1L,1,1
EIF2B2,GLYR1,1,1
EIF2B2,HLA-DRB3,1,1
EIF2B2,INPP4B,1,1
EIF2B2,MAPK12,1,1
EIF2B2,MGAT1,1,1
EIF2B2,MRPL36,1,1
EIF2B2,NXPH4,1,1
EIF2B2,PPIB,1,1
EIF2B2,RABEP2,1,1
EIF2B2,SCAMP2,1,1
EIF2B2,SSBP4,1,1
EIF2B2,TMEM98,1,1
EIF2B2,TRIAP1,1,1
EIF2B2,TRIM68,1,1
EIF2B2,USP54,1,1
EIF2B2,ZNF747,1,1
DSTYK,AHCYL2,1,1
DSTYK,ANXA5,1,1
DSTYK,ARMC9,1,1
DSTYK,ATP6V1H,1,1
DSTYK,B4GALT2,1,1
DSTYK,EGFR,1,1
DSTYK,FAM129B,1,1
DSTYK,GJA3,1,1
DSTYK,GNPTAB,1,1
DSTYK,HADHB,1,1
DSTYK,HDAC4,1,1
DSTYK,HIVEP2,1,1
DSTYK,MITF,1,1
DSTYK,NPL,1,1
DSTYK,OSTM1,1,1
DSTYK,PEPD,1,1
DSTYK,PHF3,1,1
DSTYK,RRAGD,1,1
DSTYK,SGTB,1,1
DSTYK,SMPD2,1,1
DSTYK,SPPL3,1,1
DSTYK,STRADB,1,1
DSTYK,STXBP5,1,1
DSTYK,TBC1D14,1,1
DSTYK,TMTC1,1,1
DSTYK,TRIM2,1,1
DSTYK,ZEB1,1,1
RPS10-NUDT3,CDC42BPG,1,1
RPS10-NUDT3,CRTC1,1,1
RPS10-NUDT3,FBXO2,1,1
RPS10-NUDT3,GIGYF2,1,1
RPS10-NUDT3,MCC,1,1
RPS10-NUDT3,MYO9B,1,1
RPS10-NUDT3,OR2A9P,1,1
RPS10-NUDT3,PARD6G,1,1
RPS10-NUDT3,PI4KA,1,1
RPS10-NUDT3,WDFY1,1,1
LRRC28,FBXO7,1,1
LRRC28,LCMT1,1,1
LRRC28,LIPA,1,1
LRRC28,PDE4DIP,1,1
LRRC28,PLAGL1,1,1
LRRC28,PNPLA8,1,1
LRRC28,PRCC,1,1
LRRC28,RANBP6,1,1
LRRC28,RP11-705C15.2,1,1
LRRC28,SMDT1,1,1
LRRC28,TAF6,1,1
PPP1R37,ACTR6,1,1
PPP1R37,AMDHD2,1,1
PPP1R37,AP2S1,1,1
PPP1R37,ARID1B,1,1
PPP1R37,ARMC9,1,1
PPP1R37,ARSG,1,1
PPP1R37,ASAP2,1,1
PPP1R37,ATP6V0C,1,1
PPP1R37,BNC2,1,1
PPP1R37,BRD8,1,1
PPP1R37,CASC3,1,1
PPP1R37,CDC37,1,1
PPP1R37,CLN3,1,1
PPP1R37,DAPK1,1,1
PPP1R37,EEF1A1P5,1,1
PPP1R37,FAM134C,1,1
PPP1R37,FAM208A,1,1
PPP1R37,FBXO2,1,1
PPP1R37,FOXD3,1,1
PPP1R37,FYCO1,1,1
PPP1R37,GGA2,1,1
PPP1R37,GPR143,1,1
PPP1R37,GSTM2,1,1
PPP1R37,GYG2,1,1
PPP1R37,HABP4,1,1
PPP1R37,HEXA,1,1
PPP1R37,HSD17B14,1,1
PPP1R37,ILKAP,1,1
PPP1R37,KAZN,1,1
PPP1R37,KCTD7,1,1
PPP1R37,KIAA1522,1,1
PPP1R37,MFAP3L,1,1
PPP1R37,MLPH,1,1
PPP1R37,MSC,1,1
PPP1R37,MXI1,1,1
PPP1R37,MYO9B,1,1
PPP1R37,NAGK,1,1
PPP1R37,NAPA,1,1
PPP1R37,ORC4,1,1
PPP1R37,OSBPL9,1,1
PPP1R37,PMEL,1,1
PPP1R37,PRKCE,1,1
PPP1R37,QPCT,1,1
PPP1R37,QPRT,1,1
PPP1R37,RAB32,1,1
PPP1R37,RGS12,1,1
PPP1R37,RPL26L1,1,1
PPP1R37,RUFY3,1,1
PPP1R37,SEMA6A,1,1
PPP1R37,SERP1,1,1
PPP1R37,SLC15A4,1,1
PPP1R37,SNAI2,1,1
PPP1R37,SNAP29,1,1
PPP1R37,STRIP1,1,1
PPP1R37,STX7,1,1
PPP1R37,SYMPK,1,1
PPP1R37,TBC1D7,1,1
PPP1R37,TCF7L1,1,1
PPP1R37,TCFL5,1,1
PPP1R37,TESK1,1,1
PPP1R37,TMCC2,1,1
PPP1R37,TMEM140,1,1
PPP1R37,TRAK2,1,1
PPP1R37,UBL3,1,1
PPP1R37,UNC13B,1,1
PPP1R37,USF2,1,1
PPP1R37,WDFY1,1,1
PPP1R37,WDR81,1,1
PPP1R37,ZFYVE26,1,1
PPP1R37,ZNF394,1,1
PPP1R37,ZSCAN12,1,1
RP11-599J14.2,CBX7,1,1
RP11-599J14.2,CRTC1,1,1
RP11-599J14.2,HSD17B14,1,1
RP11-599J14.2,MTMR9LP,1,1
RP11-599J14.2,MYO9B,1,1
RP11-599J14.2,OR2A9P,1,1
RP11-599J14.2,RP11-726G1.1,1,1
RP11-599J14.2,SH3D21,1,1
TSPO,ATP1A1,1,1
TSPO,CNOT2,1,1
TSPO,DCAF17,1,1
TSPO,DPYD,1,1
TSPO,LCMT1,1,1
TSPO,LIPA,1,1
TSPO,NDN,1,1
TSPO,PARVB,1,1
TSPO,PDE4DIP,1,1
TSPO,PPFIBP2,1,1
TSPO,ROPN1B,1,1
TSPO,SMDT1,1,1
TSPO,TACC2,1,1
TSPO,TAF6,1,1
CBWD1,FLAD1,1,1
CBWD1,KLHL26,1,1
CBWD1,SLC19A2,1,1
CBWD1,ST3GAL5,1,1
MGAT1,AFF1,1,1
MGAT1,AFF3,1,1
MGAT1,AVPI1,1,1
MGAT1,BDH1,1,1
MGAT1,C12ORF49,1,1
MGAT1,CDC16,1,1
MGAT1,CHURC1,1,1
MGAT1,CREB5,1,1
MGAT1,CTSD,1,1
MGAT1,EPG5,1,1
MGAT1,FAM134A,1,1
MGAT1,FAM213B,1,1
MGAT1,GATA2,1,1
MGAT1,GLTSCR1L,1,1
MGAT1,IMPACT,1,1
MGAT1,INPP4B,1,1
MGAT1,KCNAB2,1,1
MGAT1,KRT10,1,1
MGAT1,LTA4H,1,1
MGAT1,MAPK12,1,1
MGAT1,MRPL36,1,1
MGAT1,NXPH4,1,1
MGAT1,PAPSS1,1,1
MGAT1,PARP14,1,1
MGAT1,PIN4,1,1
MGAT1,PPIB,1,1
MGAT1,PRKCE,1,1
MGAT1,PTPN18,1,1
MGAT1,PTTG1IP,1,1
MGAT1,RANBP10,1,1
MGAT1,RPAP1,1,1
MGAT1,SLC16A6,1,1
MGAT1,TBC1D20,1,1
MGAT1,TPST1,1,1
MGAT1,TRIM21,1,1
MGAT1,TRIM34,1,1
MGAT1,TSHZ1,1,1
MGAT1,UBN1,1,1
MGAT1,USP54,1,1
MGAT1,ZNF747,1,1
RGS10,ATP6V1H,1,1
RGS10,BDH1,1,1
RGS10,C21ORF91,1,1
RGS10,CDK2,1,1
RGS10,CLCN3,1,1
RGS10,FNBP1L,1,1
RGS10,INPP4B,1,1
RGS10,PCDHGB5,1,1
RGS10,PIN4,1,1
RGS10,R3HCC1L,1,1
RGS10,SLC16A6,1,1
RGS10,SNX9,1,1
RGS10,TMEM251,1,1
RGS10,TRIM34,1,1
RGS10,ZADH2,1,1
PEPD,ACP5,1,1
PEPD,AHCYL2,1,1
PEPD,AMDHD2,1,1
PEPD,ANKRD39,1,1
PEPD,ANXA5,1,1
PEPD,AP2S1,1,1
PEPD,ARMC9,1,1
PEPD,ARSJ,1,1
PEPD,ATM,1,1
PEPD,ATP6V0C,1,1
PEPD,ATP6V1H,1,1
PEPD,BRI3,1,1
PEPD,C1ORF226,1,1
PEPD,CDC37,1,1
PEPD,CDK2,1,1
PEPD,CLCN3,1,1
PEPD,CNNM3,1,1
PEPD,CREBRF,1,1
PEPD,CSTF3,1,1
PEPD,CTDSPL,1,1
PEPD,CTSB,1,1
PEPD,CTSD,1,1
PEPD,DAPK1,1,1
PEPD,DIRC2,1,1
PEPD,DPYSL3,1,1
PEPD,EFCAB14,1,1
PEPD,FAM134C,1,1
PEPD,FBXO2,1,1
PEPD,FOXC1,1,1
PEPD,GGA2,1,1
PEPD,GJA3,1,1
PEPD,GPR137B,1,1
PEPD,HABP4,1,1
PEPD,HACD4,1,1
PEPD,HEXA,1,1
PEPD,HPS4,1,1
PEPD,IARS,1,1
PEPD,IFNGR1,1,1
PEPD,ILKAP,1,1
PEPD,KCNAB2,1,1
PEPD,KCTD7,1,1
PEPD,LAMP1,1,1
PEPD,LZTS1,1,1
PEPD,MSC,1,1
PEPD,MTHFR,1,1
PEPD,NAPA,1,1
PEPD,NPL,1,1
PEPD,NTM,1,1
PEPD,NTMT1,1,1
PEPD,ORC4,1,1
PEPD,OSBPL9,1,1
PEPD,OSTM1,1,1
PEPD,PARD6G,1,1
PEPD,PI4KA,1,1
PEPD,PLEKHN1,1,1
PEPD,PLPP2,1,1
PEPD,QPCT,1,1
PEPD,RAD50,1,1
PEPD,RRAGD,1,1
PEPD,SEMA6A,1,1
PEPD,SH3GL1,1,1
PEPD,SLC16A6,1,1
PEPD,SLC7A8,1,1
PEPD,SMPD2,1,1
PEPD,SNAI2,1,1
PEPD,SNAP29,1,1
PEPD,SNCA,1,1
PEPD,SSU72,1,1
PEPD,STRADB,1,1
PEPD,STX7,1,1
PEPD,STXBP5,1,1
PEPD,SYMPK,1,1
PEPD,TBC1D14,1,1
PEPD,TCFL5,1,1
PEPD,TMBIM1,1,1
PEPD,TMCC2,1,1
PEPD,TMEM159,1,1
PEPD,TMEM192,1,1
PEPD,TMEM41A,1,1
PEPD,TRAK2,1,1
PEPD,TRAPPC11,1,1
PEPD,TRIM2,1,1
PEPD,TULP4,1,1
PEPD,USF2,1,1
PEPD,VARS,1,1
PEPD,WDFY1,1,1
PEPD,WDR44,1,1
PEPD,ZC3H12C,1,1
PEPD,ZNF394,1,1
PEPD,ZSCAN12,1,1
ZNF394,AMDHD2,1,1
ZNF394,ANKRD39,1,1
ZNF394,ANXA5,1,1
ZNF394,AP3M2,1,1
ZNF394,ARMC9,1,1
ZNF394,ARSJ,1,1
ZNF394,ATP6V0C,1,1
ZNF394,BNC2,1,1
ZNF394,BRI3,1,1
ZNF394,CSTF3,1,1
ZNF394,DPYSL3,1,1
ZNF394,FAM208A,1,1
ZNF394,GGA2,1,1
ZNF394,HABP4,1,1
ZNF394,HEXA,1,1
ZNF394,HPS4,1,1
ZNF394,IARS,1,1
ZNF394,KCTD7,1,1
ZNF394,LZTS1,1,1
ZNF394,MOSPD3,1,1
ZNF394,MTHFR,1,1
ZNF394,NAPA,1,1
ZNF394,NPL,1,1
ZNF394,NTM,1,1
ZNF394,ORC4,1,1
ZNF394,OSBPL9,1,1
ZNF394,PARD6G,1,1
ZNF394,PLPP2,1,1
ZNF394,QPCT,1,1
ZNF394,SEMA6A,1,1
ZNF394,SNAP29,1,1
ZNF394,SOCS5,1,1
ZNF394,STX7,1,1
ZNF394,SYMPK,1,1
ZNF394,TBC1D7,1,1
ZNF394,TCFL5,1,1
ZNF394,TMCC2,1,1
ZNF394,TRAK2,1,1
ZNF394,USF2,1,1
ZNF394,WDFY1,1,1
GOLGA4,AP3M2,1,1
GOLGA4,ARMC9,1,1
GOLGA4,DIRC2,1,1
GOLGA4,GJA3,1,1
GOLGA4,PHF3,1,1
GOLGA4,SGTB,1,1
GOLGA4,ZBTB24,1,1
TCF7L1,AC240274.1,1,1
TCF7L1,AP2S1,1,1
TCF7L1,ARID1B,1,1
TCF7L1,ATP6V0C,1,1
TCF7L1,BNC2,1,1
TCF7L1,CDC37,1,1
TCF7L1,DAPK1,1,1
TCF7L1,FAM134C,1,1
TCF7L1,HABP4,1,1
TCF7L1,KAZN,1,1
TCF7L1,LZTS1,1,1
TCF7L1,MAP1LC3B,1,1
TCF7L1,MFAP3L,1,1
TCF7L1,MRPS22,1,1
TCF7L1,MTHFR,1,1
TCF7L1,MXI1,1,1
TCF7L1,NAPA,1,1
TCF7L1,NPL,1,1
TCF7L1,PDXDC1,1,1
TCF7L1,RAD50,1,1
TCF7L1,RREB1,1,1
TCF7L1,SERP1,1,1
TCF7L1,SNAI2,1,1
TCF7L1,SYMPK,1,1
TCF7L1,TBC1D7,1,1
TCF7L1,TCFL5,1,1
TCF7L1,TESK1,1,1
TCF7L1,TP53I13,1,1
TCF7L1,TRAPPC11,1,1
TCF7L1,USF2,1,1
TCF7L1,WDR44,1,1
TCF7L1,WDR81,1,1
TCF7L1,WIPI1,1,1
TCF7L1,WIPI2,1,1
PAPSS1,C12ORF49,1,1
PAPSS1,CDC16,1,1
PAPSS1,GATA2,1,1
PAPSS1,PIN4,1,1
PAPSS1,USP54,1,1
KAT14,ADCY2,1,1
KAT14,AHCYL2,1,1
KAT14,ATM,1,1
KAT14,BRI3,1,1
KAT14,CD82,1,1
KAT14,CHSY3,1,1
KAT14,COMT,1,1
KAT14,CROCC,1,1
KAT14,CSTF3,1,1
KAT14,CTSD,1,1
KAT14,DCTN3,1,1
KAT14,DCTN6,1,1
KAT14,DPYD,1,1
KAT14,DPYSL3,1,1
KAT14,EEF1A1P8,1,1
KAT14,EFCAB14,1,1
KAT14,EGFR,1,1
KAT14,EPG5,1,1
KAT14,ESRP1,1,1
KAT14,EVI5,1,1
KAT14,FAM134A,1,1
KAT14,FBXO2,1,1
KAT14,FOXC1,1,1
KAT14,GBA2,1,1
KAT14,GPR137B,1,1
KAT14,GPR161,1,1
KAT14,HPS4,1,1
KAT14,ID2,1,1
KAT14,IFT172,1,1
KAT14,IL12RB2,1,1
KAT14,KCNAB2,1,1
KAT14,MAGEA1,1,1
KAT14,MED16,1,1
KAT14,MLST8,1,1
KAT14,MRPL42,1,1
KAT14,MYLK,1,1
KAT14,NUCKS1,1,1
KAT14,PDGFA,1,1
KAT14,PEX11A,1,1
KAT14,PI4KA,1,1
KAT14,PLAGL1,1,1
KAT14,PLPP2,1,1
KAT14,PODXL,1,1
KAT14,PRICKLE1,1,1
KAT14,PRKAA2,1,1
KAT14,RBM10,1,1
KAT14,RP11-566K11.2,1,1
KAT14,SCML1,1,1
KAT14,SLC7A8,1,1
KAT14,SLIRP,1,1
KAT14,SNAP29,1,1
KAT14,SORT1,1,1
KAT14,TMBIM1,1,1
KAT14,TMEM98,1,1
KAT14,TNFRSF14,1,1
KAT14,TRAPPC2L,1,1
KAT14,TRIM2,1,1
KAT14,TTYH2,1,1
KAT14,TULP4,1,1
KAT14,UBN2,1,1
KAT14,USP5,1,1
KAT14,ZC3H7B,1,1
KAT14,ZFY,1,1
FAM129B,GNPTAB,1,1
FAM129B,HDAC4,1,1
FAM129B,HIVEP2,1,1
FAM129B,MITF,1,1
FAM129B,SGTB,1,1
FAM129B,SPPL3,1,1
FAM129B,SSH1,1,1
FAM129B,TWIST2,1,1
TM4SF1,AFF1,1,1
TM4SF1,AK4,1,1
TM4SF1,AMMECR1,1,1
TM4SF1,B3GNT5,1,1
TM4SF1,BNC2,1,1
TM4SF1,CLCN2,1,1
TM4SF1,CNST,1,1
TM4SF1,COL11A1,1,1
TM4SF1,DAPK1,1,1
TM4SF1,DHRS12,1,1
TM4SF1,EEF1A1P11,1,1
TM4SF1,EEF1A1P5,1,1
TM4SF1,EIF1AY,1,1
TM4SF1,EIF4EBP1,1,1
TM4SF1,FAM134C,1,1
TM4SF1,FAM208A,1,1
TM4SF1,GPR143,1,1
TM4SF1,GYG2,1,1
TM4SF1,HEXA,1,1
TM4SF1,LRCH4,1,1
TM4SF1,MBOAT2,1,1
TM4SF1,MLPH,1,1
TM4SF1,MTHFD2,1,1
TM4SF1,NAPA,1,1
TM4SF1,ORC4,1,1
TM4SF1,PMEL,1,1
TM4SF1,PSMD14,1,1
TM4SF1,QPRT,1,1
TM4SF1,RGS12,1,1
TM4SF1,RNF217,1,1
TM4SF1,RPS4Y1,1,1
TM4SF1,RUFY3,1,1
TM4SF1,SH3BGRL3,1,1
TM4SF1,SNCA,1,1
TM4SF1,SSPN,1,1
TM4SF1,TAF8,1,1
TM4SF1,TMEM140,1,1
TM4SF1,UBL3,1,1
TM4SF1,UNC13B,1,1
TM4SF1,USP15,1,1
QPCT,ACP5,1,1
QPCT,AMDHD2,1,1
QPCT,AMMECR1,1,1
QPCT,ANKRD39,1,1
QPCT,ANXA5,1,1
QPCT,AP2S1,1,1
QPCT,APCDD1,1,1
QPCT,ARSJ,1,1
QPCT,ATM,1,1
QPCT,ATP6V0C,1,1
QPCT,AVPI1,1,1
QPCT,BICD1,1,1
QPCT,BNC2,1,1
QPCT,BRD8,1,1
QPCT,BRI3,1,1
QPCT,BTD,1,1
QPCT,C12ORF10,1,1
QPCT,C1ORF226,1,1
QPCT,CD81,1,1
QPCT,CDC37,1,1
QPCT,CDK2,1,1
QPCT,CLCN3,1,1
QPCT,CLCN6,1,1
QPCT,CLN3,1,1
QPCT,COL11A1,1,1
QPCT,CREBRF,1,1
QPCT,CSTF3,1,1
QPCT,CTDSPL,1,1
QPCT,CTSB,1,1
QPCT,CTSD,1,1
QPCT,DAPK1,1,1
QPCT,DPYSL3,1,1
QPCT,DYRK1A,1,1
QPCT,EEF1A1P11,1,1
QPCT,EEF1A1P5,1,1
QPCT,EEF1A1P8,1,1
QPCT,EFCAB14,1,1
QPCT,EIF1AY,1,1
QPCT,EIF4EBP1,1,1
QPCT,EPG5,1,1
QPCT,FAM134A,1,1
QPCT,FAM134C,1,1
QPCT,FAM208A,1,1
QPCT,FAM213B,1,1
QPCT,FBXO2,1,1
QPCT,FOXC1,1,1
QPCT,FOXD3,1,1
QPCT,GBA2,1,1
QPCT,GDAP1,1,1
QPCT,GGA2,1,1
QPCT,GPR137B,1,1
QPCT,GPR143,1,1
QPCT,GSTM2,1,1
QPCT,GYG2,1,1
QPCT,HACD4,1,1
QPCT,HEXA,1,1
QPCT,HPS4,1,1
QPCT,IARS,1,1
QPCT,IFNGR1,1,1
QPCT,INPP4B,1,1
QPCT,KCNAB2,1,1
QPCT,KIAA0930,1,1
QPCT,LRCH4,1,1
QPCT,LSM 7.00,1,1
QPCT,MRPS22,1,1
QPCT,MSC,1,1
QPCT,MTHFR,1,1
QPCT,MXI1,1,1
QPCT,NAGK,1,1
QPCT,NAPA,1,1
QPCT,NFXL1,1,1
QPCT,NPL,1,1
QPCT,NTMT1,1,1
QPCT,NUP160,1,1
QPCT,ORC4,1,1
QPCT,OSBPL9,1,1
QPCT,PARP14,1,1
QPCT,PCDHGB5,1,1
QPCT,PLEKHN1,1,1
QPCT,PLPP2,1,1
QPCT,PMEL,1,1
QPCT,PPP4R1L,1,1
QPCT,PRKCE,1,1
QPCT,PSMD14,1,1
QPCT,PTPN18,1,1
QPCT,QPRT,1,1
QPCT,RAB11FIP3,1,1
QPCT,RAD50,1,1
QPCT,RGS12,1,1
QPCT,RP11-566K11.2,1,1
QPCT,RP3-461F17.3,1,1
QPCT,RPL26L1,1,1
QPCT,SEMA6A,1,1
QPCT,SERP1,1,1
QPCT,SH3GL1,1,1
QPCT,SLC16A6,1,1
QPCT,SLC7A8,1,1
QPCT,SLIRP,1,1
QPCT,SNAI2,1,1
QPCT,SNAP29,1,1
QPCT,SNCA,1,1
QPCT,SSPN,1,1
QPCT,SSU72,1,1
QPCT,STX7,1,1
QPCT,STXBP5,1,1
QPCT,SYMPK,1,1
QPCT,TBC1D20,1,1
QPCT,TCFL5,1,1
QPCT,TMCC2,1,1
QPCT,TMEM140,1,1
QPCT,TMEM159,1,1
QPCT,TMEM192,1,1
QPCT,TMEM41A,1,1
QPCT,TPP1,1,1
QPCT,TRAPPC11,1,1
QPCT,TRAPPC2L,1,1
QPCT,TRIM2,1,1
QPCT,TSHZ1,1,1
QPCT,TULP4,1,1
QPCT,UBL3,1,1
QPCT,USF2,1,1
QPCT,VARS,1,1
QPCT,WDR44,1,1
QPCT,WDR81,1,1
QPCT,WDR92,1,1
QPCT,ZDHHC23,1,1
QPCT,ZSCAN12,1,1
SYMPK,ACP5,1,1
SYMPK,AMDHD2,1,1
SYMPK,AMMECR1,1,1
SYMPK,ANKRD39,1,1
SYMPK,ANXA5,1,1
SYMPK,AP2S1,1,1
SYMPK,ARSJ,1,1
SYMPK,ATM,1,1
SYMPK,ATP6V0C,1,1
SYMPK,ATP6V1H,1,1
SYMPK,AVPI1,1,1
SYMPK,BRD8,1,1
SYMPK,BRI3,1,1
SYMPK,C1ORF226,1,1
SYMPK,CD81,1,1
SYMPK,CDC37,1,1
SYMPK,CDK2,1,1
SYMPK,CNNM3,1,1
SYMPK,COL11A1,1,1
SYMPK,CSTF3,1,1
SYMPK,CTDSPL,1,1
SYMPK,CTSB,1,1
SYMPK,CTSD,1,1
SYMPK,DAPK1,1,1
SYMPK,DCTN3,1,1
SYMPK,DPYSL3,1,1
SYMPK,DRAM2,1,1
SYMPK,DYRK1A,1,1
SYMPK,EEF1A1P11,1,1
SYMPK,EFCAB14,1,1
SYMPK,EIF1AY,1,1
SYMPK,EPG5,1,1
SYMPK,FAM134C,1,1
SYMPK,FAM208A,1,1
SYMPK,FOXC1,1,1
SYMPK,GAPDHS,1,1
SYMPK,GBA2,1,1
SYMPK,GDAP1,1,1
SYMPK,GGA2,1,1
SYMPK,GPR137B,1,1
SYMPK,GPR143,1,1
SYMPK,GYG2,1,1
SYMPK,HACD4,1,1
SYMPK,HEXA,1,1
SYMPK,HPS4,1,1
SYMPK,IARS,1,1
SYMPK,IFNGR1,1,1
SYMPK,KCNAB2,1,1
SYMPK,KIAA0930,1,1
SYMPK,LRCH4,1,1
SYMPK,LZTS1,1,1
SYMPK,MRPS22,1,1
SYMPK,MSC,1,1
SYMPK,MTHFR,1,1
SYMPK,MXI1,1,1
SYMPK,NAPA,1,1
SYMPK,NFXL1,1,1
SYMPK,NPL,1,1
SYMPK,NTM,1,1
SYMPK,NTMT1,1,1
SYMPK,NUP160,1,1
SYMPK,ORC4,1,1
SYMPK,OSBPL9,1,1
SYMPK,OSTM1,1,1
SYMPK,PARP14,1,1
SYMPK,PCDHGB5,1,1
SYMPK,PLEKHN1,1,1
SYMPK,PLPP2,1,1
SYMPK,PODXL,1,1
SYMPK,PPP4R1L,1,1
SYMPK,PRKCE,1,1
SYMPK,PSMD14,1,1
SYMPK,PTPN18,1,1
SYMPK,QPRT,1,1
SYMPK,RAD50,1,1
SYMPK,RP11-566K11.2,1,1
SYMPK,RP3-461F17.3,1,1
SYMPK,RRAGD,1,1
SYMPK,RWDD1,1,1
SYMPK,SEMA6A,1,1
SYMPK,SERP1,1,1
SYMPK,SH3GL1,1,1
SYMPK,SIRT6,1,1
SYMPK,SLC16A6,1,1
SYMPK,SLC7A8,1,1
SYMPK,SMPD2,1,1
SYMPK,SNAI2,1,1
SYMPK,SNAP29,1,1
SYMPK,SNCA,1,1
SYMPK,SOCS5,1,1
SYMPK,SSU72,1,1
SYMPK,ST3GAL5,1,1
SYMPK,STX7,1,1
SYMPK,STXBP5,1,1
SYMPK,TCFL5,1,1
SYMPK,TMCC2,1,1
SYMPK,TMEM140,1,1
SYMPK,TMEM159,1,1
SYMPK,TMEM41A,1,1
SYMPK,TPP1,1,1
SYMPK,TRAPPC11,1,1
SYMPK,TRIM2,1,1
SYMPK,TULP4,1,1
SYMPK,USF2,1,1
SYMPK,VARS,1,1
SYMPK,WDR44,1,1
SYMPK,WDR81,1,1
SYMPK,WDR92,1,1
SYMPK,WIPI1,1,1
SYMPK,ZDHHC23,1,1
SYMPK,ZSCAN12,1,1
ARID1B,AP2S1,1,1
ARID1B,AP3M2,1,1
ARID1B,ARMC9,1,1
ARID1B,ASAP2,1,1
ARID1B,ATP6V0C,1,1
ARID1B,CYB561D1,1,1
ARID1B,GGA2,1,1
ARID1B,GJA3,1,1
ARID1B,HABP4,1,1
ARID1B,ILKAP,1,1
ARID1B,KAZN,1,1
ARID1B,KCTD7,1,1
ARID1B,MSC,1,1
ARID1B,NAPA,1,1
ARID1B,NPL,1,1
ARID1B,PDXDC1,1,1
ARID1B,PPFIA1,1,1
ARID1B,RAD50,1,1
ARID1B,RREB1,1,1
ARID1B,SERP1,1,1
ARID1B,SLC6A8,1,1
ARID1B,SNAI2,1,1
ARID1B,STX7,1,1
ARID1B,TBC1D7,1,1
ARID1B,TCFL5,1,1
ARID1B,TESK1,1,1
ARID1B,TRAK2,1,1
ARID1B,TRAPPC11,1,1
ARID1B,TRIM2,1,1
ARID1B,USF2,1,1
ARID1B,WDR44,1,1
ARID1B,WDR81,1,1
ARID1B,WIPI2,1,1
ARID1B,ZBTB24,1,1
ARID1B,ZFYVE26,1,1
ZNF516,HIVEP2,1,1
VARS,AC240274.1,1,1
VARS,ACP5,1,1
VARS,AMDHD2,1,1
VARS,AP2S1,1,1
VARS,APCDD1,1,1
VARS,ARL6IP6,1,1
VARS,ATM,1,1
VARS,ATP6V0C,1,1
VARS,AVPI1,1,1
VARS,BNC2,1,1
VARS,BRD8,1,1
VARS,BTD,1,1
VARS,C12ORF10,1,1
VARS,CD81,1,1
VARS,CDC37,1,1
VARS,CLCN3,1,1
VARS,CLCN6,1,1
VARS,CLN3,1,1
VARS,CLN5,1,1
VARS,CLPP,1,1
VARS,COL11A1,1,1
VARS,CTDSPL,1,1
VARS,CTSB,1,1
VARS,CTSD,1,1
VARS,DAPK1,1,1
VARS,DHRS12,1,1
VARS,DPYSL3,1,1
VARS,DYRK1A,1,1
VARS,EEF1A1P11,1,1
VARS,EEF1A1P5,1,1
VARS,EIF1AY,1,1
VARS,EIF4EBP1,1,1
VARS,EPG5,1,1
VARS,FAM134A,1,1
VARS,FAM134C,1,1
VARS,FAM208A,1,1
VARS,FOXC1,1,1
VARS,FOXD3,1,1
VARS,GDAP1,1,1
VARS,GPR143,1,1
VARS,GSTM2,1,1
VARS,GYG2,1,1
VARS,HACD4,1,1
VARS,HEXA,1,1
VARS,IFNGR1,1,1
VARS,IFT88,1,1
VARS,KCNAB2,1,1
VARS,KIAA0930,1,1
VARS,LRCH4,1,1
VARS,LSM 7.00,1,1
VARS,MAP1LC3B,1,1
VARS,MSC,1,1
VARS,MTHFR,1,1
VARS,MXI1,1,1
VARS,NAGK,1,1
VARS,NAPA,1,1
VARS,NTMT1,1,1
VARS,NUP160,1,1
VARS,ORC4,1,1
VARS,OSBPL9,1,1
VARS,PARP14,1,1
VARS,PCDHGB5,1,1
VARS,PLEKHN1,1,1
VARS,PLPP2,1,1
VARS,PMEL,1,1
VARS,POC5,1,1
VARS,PPP4R1L,1,1
VARS,PRKCE,1,1
VARS,PSMD14,1,1
VARS,PTPN18,1,1
VARS,QPRT,1,1
VARS,RGS12,1,1
VARS,RP3-461F17.3,1,1
VARS,RPL26L1,1,1
VARS,RPS4Y1,1,1
VARS,RUFY3,1,1
VARS,SEMA6A,1,1
VARS,SF3A2,1,1
VARS,SH3GL1,1,1
VARS,SLIRP,1,1
VARS,SNAI2,1,1
VARS,SNCA,1,1
VARS,SSPN,1,1
VARS,SSU72,1,1
VARS,STRAP,1,1
VARS,STX7,1,1
VARS,TBC1D20,1,1
VARS,TCFL5,1,1
VARS,TMEM140,1,1
VARS,TMEM159,1,1
VARS,TMEM41A,1,1
VARS,TPP1,1,1
VARS,TRAPPC11,1,1
VARS,TRIM2,1,1
VARS,TULP4,1,1
VARS,UBL3,1,1
VARS,UNC13B,1,1
VARS,USF2,1,1
VARS,WDR81,1,1
VARS,WDR92,1,1
VARS,ZNF584,1,1
VARS,ZSCAN12,1,1
EFCAB14,ADCY2,1,1
EFCAB14,AFF3,1,1
EFCAB14,AHCYL2,1,1
EFCAB14,ALS2,1,1
EFCAB14,ANXA5,1,1
EFCAB14,ARMC9,1,1
EFCAB14,ARSJ,1,1
EFCAB14,ATP6V1H,1,1
EFCAB14,BRI3,1,1
EFCAB14,C21ORF91,1,1
EFCAB14,CD46,1,1
EFCAB14,CD82,1,1
EFCAB14,CDC42BPG,1,1
EFCAB14,CDK2,1,1
EFCAB14,CREBRF,1,1
EFCAB14,CSTF3,1,1
EFCAB14,CTSD,1,1
EFCAB14,DPYSL3,1,1
EFCAB14,EGFR,1,1
EFCAB14,EPG5,1,1
EFCAB14,EVI5,1,1
EFCAB14,EXOC4,1,1
EFCAB14,FAM134A,1,1
EFCAB14,FBXO2,1,1
EFCAB14,FOXC1,1,1
EFCAB14,GBA2,1,1
EFCAB14,GIGYF2,1,1
EFCAB14,GJA3,1,1
EFCAB14,GPR137B,1,1
EFCAB14,GPR161,1,1
EFCAB14,HDAC4,1,1
EFCAB14,HPS4,1,1
EFCAB14,INPP4B,1,1
EFCAB14,KCNAB2,1,1
EFCAB14,KCTD7,1,1
EFCAB14,MAGEA1,1,1
EFCAB14,MRPL42,1,1
EFCAB14,NEDD4L,1,1
EFCAB14,NTM,1,1
EFCAB14,OSBPL9,1,1
EFCAB14,PARD6G,1,1
EFCAB14,PEX11A,1,1
EFCAB14,PI4KA,1,1
EFCAB14,PIEZO1,1,1
EFCAB14,PLPP2,1,1
EFCAB14,PODXL,1,1
EFCAB14,PRDM7,1,1
EFCAB14,RASSF3,1,1
EFCAB14,RBM10,1,1
EFCAB14,RRAGD,1,1
EFCAB14,SEMA6A,1,1
EFCAB14,SH3GL1,1,1
EFCAB14,SLC16A6,1,1
EFCAB14,SLC7A8,1,1
EFCAB14,SNAP29,1,1
EFCAB14,STRADB,1,1
EFCAB14,STX7,1,1
EFCAB14,TCFL5,1,1
EFCAB14,TMBIM1,1,1
EFCAB14,TMCC2,1,1
EFCAB14,TMEM55A,1,1
EFCAB14,TRAPPC2L,1,1
EFCAB14,TRIM2,1,1
EFCAB14,TRIM34,1,1
EFCAB14,TTYH2,1,1
EFCAB14,TULP4,1,1
EFCAB14,UNC45A,1,1
EFCAB14,USP5,1,1
EFCAB14,WDFY1,1,1
EFCAB14,ZC3H7B,1,1
EFCAB14,ZEB1,1,1
EFCAB14,ZFY,1,1
EFCAB14,ZYX,1,1
GOLPH3,AEBP2,1,1
GOLPH3,CCZ1,1,1
GOLPH3,CMTR1,1,1
GOLPH3,COMT,1,1
GOLPH3,DNAJA2,1,1
GOLPH3,EEA1,1,1
GOLPH3,EEF1A1P9,1,1
GOLPH3,MAGEA1,1,1
GOLPH3,PDE4DIP,1,1
GOLPH3,PODXL,1,1
GOLPH3,TNFRSF14,1,1
GOLPH3,USP5,1,1
GOLPH3,WWP2,1,1
GOLPH3,ZNF614,1,1
GOLPH3,ZNF622,1,1
STRADB,AHCYL2,1,1
STRADB,ANXA5,1,1
STRADB,ARMC9,1,1
STRADB,ARSJ,1,1
STRADB,ATM,1,1
STRADB,ATP6V1H,1,1
STRADB,B4GALT2,1,1
STRADB,BRI3,1,1
STRADB,CBR3,1,1
STRADB,CHSY3,1,1
STRADB,CSTF3,1,1
STRADB,CYSTM1,1,1
STRADB,DEPDC5,1,1
STRADB,DPYSL3,1,1
STRADB,E2F5,1,1
STRADB,EGFR,1,1
STRADB,EVI5,1,1
STRADB,FBXO7,1,1
STRADB,GJA3,1,1
STRADB,GNPTAB,1,1
STRADB,GPR137B,1,1
STRADB,GPR161,1,1
STRADB,HDAC4,1,1
STRADB,HIVEP2,1,1
STRADB,HOXB7,1,1
STRADB,HPS4,1,1
STRADB,LZTS1,1,1
STRADB,MITF,1,1
STRADB,MLST8,1,1
STRADB,NPL,1,1
STRADB,NTM,1,1
STRADB,PANK4,1,1
STRADB,PARD6G,1,1
STRADB,PI4KA,1,1
STRADB,PIEZO1,1,1
STRADB,PRDM7,1,1
STRADB,RASSF3,1,1
STRADB,RGP1,1,1
STRADB,RRAGD,1,1
STRADB,SNAP29,1,1
STRADB,SSH1,1,1
STRADB,TBC1D14,1,1
STRADB,TFG,1,1
STRADB,TMBIM1,1,1
STRADB,TMCC2,1,1
STRADB,TMEM55A,1,1
STRADB,TMTC1,1,1
STRADB,TRIM2,1,1
STRADB,TSEN15,1,1
STRADB,ZEB1,1,1
RPS12,ACP5,1,1
RPS12,APCDD1,1,1
RPS12,AVPI1,1,1
RPS12,BICD1,1,1
RPS12,BTD,1,1
RPS12,C10ORF11,1,1
RPS12,CD81,1,1
RPS12,CLCN6,1,1
RPS12,COL11A1,1,1
RPS12,DPH5,1,1
RPS12,EEF1A1P11,1,1
RPS12,EEF1A1P8,1,1
RPS12,EEF1A1P9,1,1
RPS12,EIF1AY,1,1
RPS12,FAM208A,1,1
RPS12,FOXC1,1,1
RPS12,GNPTG,1,1
RPS12,GYG2,1,1
RPS12,HEXA,1,1
RPS12,IFT88,1,1
RPS12,KIAA0930,1,1
RPS12,KIAA1456,1,1
RPS12,LRCH4,1,1
RPS12,MFSD12,1,1
RPS12,NPIPP1,1,1
RPS12,PARP10,1,1
RPS12,PARP14,1,1
RPS12,PCDHGB5,1,1
RPS12,PPP4R1L,1,1
RPS12,PTPN18,1,1
RPS12,QPRT,1,1
RPS12,RPS4Y1,1,1
RPS12,SNCA,1,1
RPS12,SSPN,1,1
RPS12,TMEM80,1,1
RPS12,TPP1,1,1
RPS12,TYMP,1,1
RPS12,XG,1,1
TYMP,AC240274.1,1,1
TYMP,ACP5,1,1
TYMP,AP2S1,1,1
TYMP,APCDD1,1,1
TYMP,BRD8,1,1
TYMP,BTD,1,1
TYMP,C10ORF11,1,1
TYMP,CD81,1,1
TYMP,CLCN6,1,1
TYMP,CLN5,1,1
TYMP,COL11A1,1,1
TYMP,CPEB2,1,1
TYMP,DAPK1,1,1
TYMP,DPH5,1,1
TYMP,EEF1A1P11,1,1
TYMP,EIF1AY,1,1
TYMP,FAM208A,1,1
TYMP,FBXO21,1,1
TYMP,GDAP1,1,1
TYMP,GNPTG,1,1
TYMP,GSTM2,1,1
TYMP,GYG2,1,1
TYMP,IFT88,1,1
TYMP,KIAA0930,1,1
TYMP,KIAA1456,1,1
TYMP,LONP1,1,1
TYMP,LRCH4,1,1
TYMP,MBOAT2,1,1
TYMP,MFSD12,1,1
TYMP,NAGK,1,1
TYMP,NPIPP1,1,1
TYMP,PARP10,1,1
TYMP,PARP14,1,1
TYMP,PMEL,1,1
TYMP,PPP4R1L,1,1
TYMP,QPRT,1,1
TYMP,RGS12,1,1
TYMP,RPS4Y1,1,1
TYMP,SNCA,1,1
TYMP,SSPN,1,1
TYMP,TMEM140,1,1
TYMP,TMEM80,1,1
TYMP,TPP1,1,1
HSD17B14,AMDHD2,1,1
HSD17B14,ARSG,1,1
HSD17B14,BNC2,1,1
HSD17B14,CLN3,1,1
HSD17B14,CRTC1,1,1
HSD17B14,EEF1A1P5,1,1
HSD17B14,FBXO2,1,1
HSD17B14,FOXD3,1,1
HSD17B14,GBA2,1,1
HSD17B14,GGA2,1,1
HSD17B14,GSTM2,1,1
HSD17B14,HABP4,1,1
HSD17B14,KAZN,1,1
HSD17B14,KCTD7,1,1
HSD17B14,LZTS1,1,1
HSD17B14,MFAP3L,1,1
HSD17B14,MLPH,1,1
HSD17B14,MOSPD3,1,1
HSD17B14,MXI1,1,1
HSD17B14,MYO9B,1,1
HSD17B14,NAGK,1,1
HSD17B14,OR2A9P,1,1
HSD17B14,PTTG1IP,1,1
HSD17B14,RP11-726G1.1,1,1
HSD17B14,RUFY3,1,1
HSD17B14,SH3D21,1,1
HSD17B14,SLC15A4,1,1
HSD17B14,SNAP29,1,1
HSD17B14,TBC1D7,1,1
HSD17B14,TESK1,1,1
HSD17B14,TMCC2,1,1
HSD17B14,TMEM140,1,1
HSD17B14,TRAK2,1,1
HSD17B14,UNC13B,1,1
HSD17B14,WDFY1,1,1
HSD17B14,WDR81,1,1
HSD17B14,ZFYVE26,1,1
FAM213B,AFF1,1,1
FAM213B,AFF3,1,1
FAM213B,AVPI1,1,1
FAM213B,C12ORF4,1,1
FAM213B,C12ORF49,1,1
FAM213B,CD46,1,1
FAM213B,CD82,1,1
FAM213B,CDC42BPG,1,1
FAM213B,CLN3,1,1
FAM213B,COL11A1,1,1
FAM213B,CREB5,1,1
FAM213B,CRTC1,1,1
FAM213B,CSTF3,1,1
FAM213B,CTSD,1,1
FAM213B,DNAJB2,1,1
FAM213B,DPYSL3,1,1
FAM213B,EEF1A1P11,1,1
FAM213B,EEF1A1P5,1,1
FAM213B,EEF1A1P8,1,1
FAM213B,EIF4EBP1,1,1
FAM213B,EPG5,1,1
FAM213B,FAM134A,1,1
FAM213B,FBXO2,1,1
FAM213B,FOXC1,1,1
FAM213B,FOXD3,1,1
FAM213B,GATA2,1,1
FAM213B,GBA2,1,1
FAM213B,GLYR1,1,1
FAM213B,HEXA,1,1
FAM213B,HLA-DRB3,1,1
FAM213B,HPS4,1,1
FAM213B,INPP4B,1,1
FAM213B,KCNAB2,1,1
FAM213B,LSM 7.00,1,1
FAM213B,LTA4H,1,1
FAM213B,MAPK12,1,1
FAM213B,MFSD12,1,1
FAM213B,MTMR9LP,1,1
FAM213B,NXPH4,1,1
FAM213B,ORC4,1,1
FAM213B,OSBPL9,1,1
FAM213B,PARP14,1,1
FAM213B,PCDHB14,1,1
FAM213B,PPIB,1,1
FAM213B,PRKAA2,1,1
FAM213B,PRKCE,1,1
FAM213B,PTTG1IP,1,1
FAM213B,QPRT,1,1
FAM213B,RABEP2,1,1
FAM213B,RPGR,1,1
FAM213B,RUVBL1,1,1
FAM213B,SEMA6A,1,1
FAM213B,SLC16A6,1,1
FAM213B,SNAP29,1,1
FAM213B,TBC1D20,1,1
FAM213B,TMEM98,1,1
FAM213B,TPP1,1,1
FAM213B,TRAPPC2L,1,1
FAM213B,TRIM34,1,1
FAM213B,TSHZ1,1,1
FAM213B,TTYH2,1,1
FAM213B,TULP4,1,1
FAM213B,TUSC3,1,1
FAM213B,UBN1,1,1
FAM213B,UBXN4,1,1
FAM213B,USP54,1,1
FAM213B,ZC3H7B,1,1
FAM213B,ZDHHC23,1,1
FAM213B,ZNF529,1,1
FAM213B,ZNF747,1,1
MOSPD3,ACTR6,1,1
MOSPD3,AMDHD2,1,1
MOSPD3,AMMECR1,1,1
MOSPD3,ARL6IP6,1,1
MOSPD3,CBX7,1,1
MOSPD3,CRCP,1,1
MOSPD3,CREBRF,1,1
MOSPD3,ERO1A,1,1
MOSPD3,EXOC4,1,1
MOSPD3,FBXO2,1,1
MOSPD3,GBA2,1,1
MOSPD3,GNG12,1,1
MOSPD3,MIEN1,1,1
MOSPD3,MRPS22,1,1
MOSPD3,NAA50,1,1
MOSPD3,NUP160,1,1
MOSPD3,ODC1,1,1
MOSPD3,PIGP,1,1
MOSPD3,PSMD14,1,1
MOSPD3,RP3-461F17.3,1,1
MOSPD3,SH3GL1,1,1
MOSPD3,SLC15A4,1,1
MOSPD3,TMBIM1,1,1
MOSPD3,TMCC2,1,1
MOSPD3,TPP1,1,1
EEA1,CCZ1,1,1
EEA1,COMMD2,1,1
EEA1,NARFL,1,1
EEA1,NPIPP1,1,1
EEA1,TMEM147,1,1
EEA1,TNFRSF14,1,1
USP11,ADAM12,1,1
USP11,B4GALNT4,1,1
USP11,CBR3,1,1
USP11,CPE,1,1
USP11,CTXN1,1,1
USP11,E2F5,1,1
USP11,FZD8,1,1
USP11,GADD45B,1,1
USP11,LMBRD2,1,1
USP11,LMCD1,1,1
USP11,NKIRAS2,1,1
USP11,PCNX2,1,1
USP11,PPP1R16A,1,1
USP11,PSD3,1,1
USP11,SCN2A,1,1
USP11,TFPI,1,1
USP11,TSC22D1,1,1
USP11,ZNF385A,1,1
KIAA1468,CCDC82,1,1
KIAA1468,CDK2,1,1
KIAA1468,CLCN3,1,1
KIAA1468,DIRC2,1,1
KIAA1468,FNIP2,1,1
KIAA1468,MSC,1,1
KIAA1468,NEK1,1,1
KIAA1468,PHF20L1,1,1
KIAA1468,R3HCC1L,1,1
KIAA1468,RAB32,1,1
KIAA1468,SLC16A6,1,1
KIAA1468,STX7,1,1
KIAA1468,STXBP5,1,1
KIAA1468,TMEM192,1,1
KIAA1468,TMEM251,1,1
KIAA1468,ZC3H12C,1,1
GNPTG,AC240274.1,1,1
GNPTG,ACP5,1,1
GNPTG,ANAPC16,1,1
GNPTG,AP2S1,1,1
GNPTG,APCDD1,1,1
GNPTG,BRD8,1,1
GNPTG,BTD,1,1
GNPTG,C10ORF11,1,1
GNPTG,CASP4,1,1
GNPTG,CLCN6,1,1
GNPTG,CLN5,1,1
GNPTG,COL11A1,1,1
GNPTG,CPEB2,1,1
GNPTG,CTDSPL,1,1
GNPTG,DAPK1,1,1
GNPTG,DPH5,1,1
GNPTG,EEF1A1P11,1,1
GNPTG,EIF1AY,1,1
GNPTG,FAM134C,1,1
GNPTG,FAM208A,1,1
GNPTG,FBXO21,1,1
GNPTG,GDAP1,1,1
GNPTG,GSTM2,1,1
GNPTG,GYG2,1,1
GNPTG,HEXA,1,1
GNPTG,IFT88,1,1
GNPTG,KIAA0930,1,1
GNPTG,KIAA1456,1,1
GNPTG,LRCH4,1,1
GNPTG,MBOAT2,1,1
GNPTG,MTHFR,1,1
GNPTG,MXI1,1,1
GNPTG,NAGK,1,1
GNPTG,NUP160,1,1
GNPTG,ORC4,1,1
GNPTG,PARP10,1,1
GNPTG,PMEL,1,1
GNPTG,PPP4R1L,1,1
GNPTG,PRMT6,1,1
GNPTG,PSMD14,1,1
GNPTG,PUDP,1,1
GNPTG,QPRT,1,1
GNPTG,RGS12,1,1
GNPTG,RPL26L1,1,1
GNPTG,RPS4Y1,1,1
GNPTG,RWDD1,1,1
GNPTG,SNCA,1,1
GNPTG,SSPN,1,1
GNPTG,ST5,1,1
GNPTG,TMEM140,1,1
GNPTG,TPP1,1,1
GNPTG,ZSCAN12,1,1
GIGYF1,FBXO17,1,1
GIGYF1,GSTM2,1,1
GIGYF1,KIAA1456,1,1
GIGYF1,LONP1,1,1
GIGYF1,MTRNR2L10,1,1
GIGYF1,TUBGCP6,1,1
PHACTR4,C21ORF91,1,1
PHACTR4,CD46,1,1
PHACTR4,FN3K,1,1
PHACTR4,MRC2,1,1
PHACTR4,RNF185,1,1
PHACTR4,SMYD2,1,1
PHACTR4,ZC3H7B,1,1
PHACTR4,ZFY,1,1
ZFY,ADCY2,1,1
ZFY,ALS2,1,1
ZFY,BRI3,1,1
ZFY,C21ORF91,1,1
ZFY,CCDC107,1,1
ZFY,CD82,1,1
ZFY,CDK2,1,1
ZFY,CHSY3,1,1
ZFY,COMT,1,1
ZFY,CROCC,1,1
ZFY,CSTF3,1,1
ZFY,CTSD,1,1
ZFY,DPYD,1,1
ZFY,FN3K,1,1
ZFY,GPR137B,1,1
ZFY,GPR161,1,1
ZFY,HPS4,1,1
ZFY,IFT172,1,1
ZFY,IL12RB2,1,1
ZFY,MAGEA1,1,1
ZFY,MED16,1,1
ZFY,MRPL42,1,1
ZFY,MYLK,1,1
ZFY,PCDHB14,1,1
ZFY,PDGFA,1,1
ZFY,PRDM7,1,1
ZFY,PRICKLE1,1,1
ZFY,PRKAA2,1,1
ZFY,RNF185,1,1
ZFY,RP11-566K11.2,1,1
ZFY,SCML1,1,1
ZFY,SLC7A8,1,1
ZFY,SMYD2,1,1
ZFY,SORT1,1,1
ZFY,TECPR1,1,1
ZFY,TLE4,1,1
ZFY,TMEM47,1,1
ZFY,TMEM55A,1,1
ZFY,TMEM98,1,1
ZFY,TRAPPC2L,1,1
ZFY,TRIM34,1,1
ZFY,TRIM68,1,1
ZFY,TTYH2,1,1
ZFY,TULP4,1,1
ZFY,UNC45A,1,1
ZFY,USP5,1,1
ZFY,ZC3H7B,1,1
SGTB,GNPTAB,1,1
SGTB,HDAC4,1,1
SGTB,HIVEP2,1,1
SGTB,MITF,1,1
SGTB,PHF3,1,1
SGTB,RRAGD,1,1
SGTB,TMTC1,1,1
CFI,S100A6,1,1
CFI,SEC24D,1,1
CFI,SORBS2,1,1
CFI,TMC7,1,1
ZNF586,ALKBH8,1,1
ZNF586,ARL6IP6,1,1
ZNF586,C12ORF4,1,1
ZNF586,CRCP,1,1
ZNF586,CREBRF,1,1
ZNF586,HCCS,1,1
ZNF586,LETM1,1,1
ZNF586,MAGEA1,1,1
ZNF586,NAA50,1,1
ZNF586,NFXL1,1,1
ZNF586,NOP2,1,1
ZNF586,NSMCE1,1,1
ZNF586,NUP160,1,1
ZNF586,ODC1,1,1
ZNF586,PAPOLA,1,1
ZNF586,PSAP,1,1
ZNF586,PSMD14,1,1
ZNF586,RBM10,1,1
ZNF586,RP3-461F17.3,1,1
ZNF586,RPGR,1,1
ZNF586,RUVBL1,1,1
ZNF586,SH3GL1,1,1
ZNF586,SLIRP,1,1
ZNF586,TMEM159,1,1
ZNF586,USP15,1,1
ZNF586,USP5,1,1
RANBP10,AFF1,1,1
RANBP10,AFF3,1,1
RANBP10,C12ORF49,1,1
RANBP10,CHURC1,1,1
RANBP10,CLCN2,1,1
RANBP10,DHRS12,1,1
RANBP10,EEF1A1P5,1,1
RANBP10,FAM134A,1,1
RANBP10,FYCO1,1,1
RANBP10,HHAT,1,1
RANBP10,INPP4B,1,1
RANBP10,KIAA1522,1,1
RANBP10,LSM 7.00,1,1
RANBP10,LTA4H,1,1
RANBP10,MAPK12,1,1
RANBP10,NRDC,1,1
RANBP10,PRKCE,1,1
RANBP10,PTTG1IP,1,1
RANBP10,RAB32,1,1
RANBP10,RUFY3,1,1
RANBP10,TAF8,1,1
RANBP10,TBC1D20,1,1
RANBP10,TPST1,1,1
RANBP10,TRIM21,1,1
RANBP10,TSHZ1,1,1
RANBP10,UBL3,1,1
RANBP10,UNC13B,1,1
RANBP10,USP54,1,1
RANBP10,XKR8,1,1
RANBP10,ZFYVE26,1,1
RANBP10,ZNF747,1,1
DHRS12,AFF1,1,1
DHRS12,ANAPC16,1,1
DHRS12,AVPI1,1,1
DHRS12,BNC2,1,1
DHRS12,BTD,1,1
DHRS12,C10ORF11,1,1
DHRS12,C12ORF10,1,1
DHRS12,CD81,1,1
DHRS12,CLCN2,1,1
DHRS12,CLCN3,1,1
DHRS12,CLN5,1,1
DHRS12,CNST,1,1
DHRS12,CYBA,1,1
DHRS12,DAPK1,1,1
DHRS12,EEF1A1P11,1,1
DHRS12,EEF1A1P5,1,1
DHRS12,EIF1AY,1,1
DHRS12,EIF4EBP1,1,1
DHRS12,FYCO1,1,1
DHRS12,GOLGA7B,1,1
DHRS12,GPR143,1,1
DHRS12,GYG2,1,1
DHRS12,HEXA,1,1
DHRS12,IFT88,1,1
DHRS12,IMPACT,1,1
DHRS12,LRCH4,1,1
DHRS12,LSM 7.00,1,1
DHRS12,LTA4H,1,1
DHRS12,MAPK12,1,1
DHRS12,MTHFD2,1,1
DHRS12,NAPA,1,1
DHRS12,NRDC,1,1
DHRS12,ORC4,1,1
DHRS12,PARP14,1,1
DHRS12,PCDHGB5,1,1
DHRS12,PMEL,1,1
DHRS12,PPP4R1L,1,1
DHRS12,PRKCE,1,1
DHRS12,PTPN18,1,1
DHRS12,QPRT,1,1
DHRS12,RGS12,1,1
DHRS12,RPL26L1,1,1
DHRS12,RPS4Y1,1,1
DHRS12,RUFY3,1,1
DHRS12,SEMA6A,1,1
DHRS12,SNAI2,1,1
DHRS12,SNCA,1,1
DHRS12,SSPN,1,1
DHRS12,STX7,1,1
DHRS12,TAF8,1,1
DHRS12,TBC1D20,1,1
DHRS12,TMEM140,1,1
DHRS12,TMEM192,1,1
DHRS12,TPST1,1,1
DHRS12,TRIM21,1,1
DHRS12,TSHZ1,1,1
DHRS12,UBL3,1,1
DHRS12,WDR81,1,1
DHRS12,XKR8,1,1
DHRS12,ZNF584,1,1
DHRS12,ZNF747,1,1
DHRS12,ZSCAN12,1,1
B4GALNT4,ABHD3,1,1
B4GALNT4,ADAM12,1,1
B4GALNT4,ALDH5A1,1,1
B4GALNT4,AP5Z1,1,1
B4GALNT4,C1ORF226,1,1
B4GALNT4,CBR3,1,1
B4GALNT4,CPE,1,1
B4GALNT4,CTXN1,1,1
B4GALNT4,CYTH3,1,1
B4GALNT4,E2F5,1,1
B4GALNT4,ECSIT,1,1
B4GALNT4,ESRP1,1,1
B4GALNT4,FAM83H,1,1
B4GALNT4,FBXO7,1,1
B4GALNT4,GADD45B,1,1
B4GALNT4,GNPTAB,1,1
B4GALNT4,KLHL26,1,1
B4GALNT4,KRT8,1,1
B4GALNT4,LMCD1,1,1
B4GALNT4,NLGN1,1,1
B4GALNT4,NNMT,1,1
B4GALNT4,PANK4,1,1
B4GALNT4,PDE1C,1,1
B4GALNT4,PEX16,1,1
B4GALNT4,PPFIBP2,1,1
B4GALNT4,PPP1R16A,1,1
B4GALNT4,RNPEP,1,1
B4GALNT4,RUNX2,1,1
B4GALNT4,SCN1B,1,1
B4GALNT4,SCN2A,1,1
B4GALNT4,SLC35C2,1,1
B4GALNT4,SNX3,1,1
B4GALNT4,ST3GAL5,1,1
B4GALNT4,SYNJ2,1,1
B4GALNT4,TFPI,1,1
B4GALNT4,TMTC1,1,1
B4GALNT4,ZBTB38,1,1
B4GALNT4,ZEB1,1,1
B4GALNT4,ZNF280B,1,1
B4GALNT4,ZNF385A,1,1
MITF,AHCYL2,1,1
MITF,ANXA5,1,1
MITF,ATP6V1H,1,1
MITF,B4GALT2,1,1
MITF,CHSY3,1,1
MITF,E2F5,1,1
MITF,EGFR,1,1
MITF,FBXO7,1,1
MITF,GNPTAB,1,1
MITF,HADHB,1,1
MITF,HBS1L,1,1
MITF,HDAC4,1,1
MITF,MLST8,1,1
MITF,MOSPD1,1,1
MITF,RASSF3,1,1
MITF,RRAGD,1,1
MITF,SMPD2,1,1
MITF,SPPL3,1,1
MITF,TFG,1,1
MITF,TMEM55A,1,1
MITF,TMEM8A,1,1
MITF,TMTC1,1,1
MITF,ZEB1,1,1
RP11-726G1.1,ARSG,1,1
RP11-726G1.1,SH3D21,1,1
HHAT,AFF1,1,1
HHAT,AFF3,1,1
HHAT,BNC2,1,1
HHAT,CLCN2,1,1
HHAT,EEF1A1P5,1,1
HHAT,EIF4EBP1,1,1
HHAT,FYCO1,1,1
HHAT,GPR143,1,1
HHAT,KANSL3,1,1
HHAT,KIAA1522,1,1
HHAT,PPM1B,1,1
HHAT,R3HCC1L,1,1
HHAT,RAB32,1,1
HHAT,STX7,1,1
HHAT,TAF8,1,1
HHAT,TMEM192,1,1
HHAT,TRIM21,1,1
HHAT,TSHZ1,1,1
HHAT,UBL3,1,1
HHAT,UNC13B,1,1
PDGFA,ABHD3,1,1
PDGFA,ADCY2,1,1
PDGFA,AHCYL2,1,1
PDGFA,ATM,1,1
PDGFA,BRI3,1,1
PDGFA,CCDC107,1,1
PDGFA,CD82,1,1
PDGFA,COMT,1,1
PDGFA,COX14,1,1
PDGFA,CROCC,1,1
PDGFA,CSTF3,1,1
PDGFA,CTSD,1,1
PDGFA,DPYD,1,1
PDGFA,DPYSL3,1,1
PDGFA,ECSIT,1,1
PDGFA,EEF1A1P9,1,1
PDGFA,ESRP1,1,1
PDGFA,FOXC1,1,1
PDGFA,GBA2,1,1
PDGFA,GPR137B,1,1
PDGFA,HPS4,1,1
PDGFA,ID2,1,1
PDGFA,IER5L,1,1
PDGFA,IFT172,1,1
PDGFA,IL12RB2,1,1
PDGFA,KCNAB2,1,1
PDGFA,LIMCH1,1,1
PDGFA,MAGEA1,1,1
PDGFA,MED16,1,1
PDGFA,MYC,1,1
PDGFA,MYLK,1,1
PDGFA,PCDHB14,1,1
PDGFA,PDE1C,1,1
PDGFA,PLPP2,1,1
PDGFA,PRICKLE1,1,1
PDGFA,PRKAA2,1,1
PDGFA,RP11-566K11.2,1,1
PDGFA,SCML1,1,1
PDGFA,SIPA1L1,1,1
PDGFA,SORT1,1,1
PDGFA,TMEM98,1,1
PDGFA,TNFRSF14,1,1
PDGFA,TRAPPC2L,1,1
PDGFA,TTYH2,1,1
PDGFA,TULP4,1,1
PDGFA,USP5,1,1
COG2,ANKRD39,1,1
COG2,ARMC9,1,1
COG2,ARSJ,1,1
COG2,CYSTM1,1,1
COG2,EXOC4,1,1
COG2,HABP4,1,1
COG2,IARS,1,1
COG2,LZTS1,1,1
COG2,OSBPL9,1,1
COG2,SH3GL1,1,1
COG2,TMCC2,1,1
COG2,WDFY1,1,1
TMBIM1,ADCY2,1,1
TMBIM1,AHCYL2,1,1
TMBIM1,AMDHD2,1,1
TMBIM1,ARL6IP6,1,1
TMBIM1,ATM,1,1
TMBIM1,BRI3,1,1
TMBIM1,CBX7,1,1
TMBIM1,CD82,1,1
TMBIM1,COMT,1,1
TMBIM1,CROCC,1,1
TMBIM1,CSTF3,1,1
TMBIM1,CYSTM1,1,1
TMBIM1,DCTN3,1,1
TMBIM1,DEPDC5,1,1
TMBIM1,DPYD,1,1
TMBIM1,DPYSL3,1,1
TMBIM1,DRAM2,1,1
TMBIM1,EGFR,1,1
TMBIM1,ESRP1,1,1
TMBIM1,FBXO2,1,1
TMBIM1,GBA2,1,1
TMBIM1,GPR137B,1,1
TMBIM1,HPS4,1,1
TMBIM1,IARS,1,1
TMBIM1,KCNAB2,1,1
TMBIM1,LZTS1,1,1
TMBIM1,MAGEA1,1,1
TMBIM1,MCC,1,1
TMBIM1,METTL21A,1,1
TMBIM1,MLST8,1,1
TMBIM1,MRPL42,1,1
TMBIM1,NAA50,1,1
TMBIM1,NCKAP5L,1,1
TMBIM1,NTM,1,1
TMBIM1,NUCKS1,1,1
TMBIM1,OSBPL9,1,1
TMBIM1,PANK4,1,1
TMBIM1,PARD6G,1,1
TMBIM1,PEX11A,1,1
TMBIM1,PI4KA,1,1
TMBIM1,PLAGL1,1,1
TMBIM1,PLPP2,1,1
TMBIM1,PODXL,1,1
TMBIM1,PRICKLE1,1,1
TMBIM1,RASSF3,1,1
TMBIM1,RP11-566K11.2,1,1
TMBIM1,RRAGD,1,1
TMBIM1,SH3GL1,1,1
TMBIM1,SLC15A4,1,1
TMBIM1,SLIRP,1,1
TMBIM1,SNAP29,1,1
TMBIM1,TECPR1,1,1
TMBIM1,TMCC2,1,1
TMBIM1,TMEM55A,1,1
TMBIM1,TRIM2,1,1
TMBIM1,TTYH2,1,1
TMBIM1,TULP4,1,1
TMBIM1,USP5,1,1
TMBIM1,ZEB1,1,1
ZDHHC23,AMMECR1,1,1
ZDHHC23,AVPI1,1,1
ZDHHC23,B3GNT5,1,1
ZDHHC23,BRI3,1,1
ZDHHC23,C12ORF4,1,1
ZDHHC23,CD46,1,1
ZDHHC23,CD82,1,1
ZDHHC23,CNST,1,1
ZDHHC23,COL11A1,1,1
ZDHHC23,CREB5,1,1
ZDHHC23,CSTF3,1,1
ZDHHC23,CTSD,1,1
ZDHHC23,DPYSL3,1,1
ZDHHC23,EEF1A1P8,1,1
ZDHHC23,EIF4EBP1,1,1
ZDHHC23,ELMOD1,1,1
ZDHHC23,EPG5,1,1
ZDHHC23,FAM134A,1,1
ZDHHC23,FAM208A,1,1
ZDHHC23,FOXC1,1,1
ZDHHC23,GBA2,1,1
ZDHHC23,HEG1,1,1
ZDHHC23,HEXA,1,1
ZDHHC23,HIVEP3,1,1
ZDHHC23,HPS4,1,1
ZDHHC23,IARS,1,1
ZDHHC23,INPP4B,1,1
ZDHHC23,KCNAB2,1,1
ZDHHC23,LIMCH1,1,1
ZDHHC23,MAPK12,1,1
ZDHHC23,NFXL1,1,1
ZDHHC23,NXPH4,1,1
ZDHHC23,ORC4,1,1
ZDHHC23,OSBPL9,1,1
ZDHHC23,PCDHB14,1,1
ZDHHC23,PODXL,1,1
ZDHHC23,PPIB,1,1
ZDHHC23,PRKAA2,1,1
ZDHHC23,RP11-566K11.2,1,1
ZDHHC23,RPGR,1,1
ZDHHC23,RUVBL1,1,1
ZDHHC23,SEMA6A,1,1
ZDHHC23,SH3GL1,1,1
ZDHHC23,TBC1D20,1,1
ZDHHC23,TMEM47,1,1
ZDHHC23,TMEM98,1,1
ZDHHC23,TPP1,1,1
ZDHHC23,TRAPPC2L,1,1
ZDHHC23,TRIM34,1,1
ZDHHC23,TSHZ1,1,1
ZDHHC23,TTYH2,1,1
ZDHHC23,TUSC3,1,1
ZDHHC23,UBXN4,1,1
ZDHHC23,ZC3H7B,1,1
ZDHHC23,ZNF622,1,1
RABGEF1,ADCY2,1,1
RABGEF1,CD82,1,1
RABGEF1,FN3K,1,1
RABGEF1,GATA2,1,1
RABGEF1,IFT172,1,1
RABGEF1,PDE4D,1,1
RABGEF1,QSOX1,1,1
RABGEF1,TMEM98,1,1
RABGEF1,USP5,1,1
NDOR1,C21ORF91,1,1
NDOR1,CDK2,1,1
NDOR1,FNBP1L,1,1
NDOR1,RBM10,1,1
NDOR1,SLC16A6,1,1
NDOR1,TRIM34,1,1
EFNA1,CDKN1A,1,1
EFNA1,GAMT,1,1
EFNA1,TFDP2,1,1
EFNA1,TKFC,1,1
COX14,ABHD3,1,1
COX14,CYTH3,1,1
COX14,ECSIT,1,1
COX14,FBXL12,1,1
COX14,MED16,1,1
COX14,NDUFA12,1,1
COX14,PPFIBP2,1,1
COX14,SNX3,1,1
COX14,ZNF280B,1,1
STX7,ACP5,1,1
STX7,AFF1,1,1
STX7,AFF3,1,1
STX7,AMDHD2,1,1
STX7,ANKRD39,1,1
STX7,ANXA5,1,1
STX7,AP2S1,1,1
STX7,ASAP2,1,1
STX7,ATP6V0C,1,1
STX7,BNC2,1,1
STX7,C12ORF10,1,1
STX7,CDC37,1,1
STX7,CDK2,1,1
STX7,CLCN3,1,1
STX7,CLN3,1,1
STX7,COL11A1,1,1
STX7,CREBRF,1,1
STX7,CTDSPL,1,1
STX7,CTSB,1,1
STX7,CTSD,1,1
STX7,DAPK1,1,1
STX7,DIRC2,1,1
STX7,DPYSL3,1,1
STX7,EEF1A1P11,1,1
STX7,EEF1A1P5,1,1
STX7,EIF1AY,1,1
STX7,EIF4EBP1,1,1
STX7,EPG5,1,1
STX7,FAM134A,1,1
STX7,FAM134C,1,1
STX7,FAM208A,1,1
STX7,FBXO2,1,1
STX7,FNIP2,1,1
STX7,FOXC1,1,1
STX7,FOXD3,1,1
STX7,FYCO1,1,1
STX7,GGA2,1,1
STX7,GPR143,1,1
STX7,GYG2,1,1
STX7,HABP4,1,1
STX7,HACD4,1,1
STX7,HEXA,1,1
STX7,ILKAP,1,1
STX7,INPP4B,1,1
STX7,KCNAB2,1,1
STX7,KCTD7,1,1
STX7,KIAA1522,1,1
STX7,LSM 7.00,1,1
STX7,MLPH,1,1
STX7,MSC,1,1
STX7,MTHFR,1,1
STX7,MXI1,1,1
STX7,NAPA,1,1
STX7,NEK1,1,1
STX7,ORC4,1,1
STX7,OSBPL9,1,1
STX7,PARP14,1,1
STX7,PDZD11,1,1
STX7,PMEL,1,1
STX7,PPP4R1L,1,1
STX7,PRKCE,1,1
STX7,PSMD14,1,1
STX7,PTPN18,1,1
STX7,QPRT,1,1
STX7,R3HCC1L,1,1
STX7,RAB32,1,1
STX7,RAD50,1,1
STX7,RGS12,1,1
STX7,RP3-461F17.3,1,1
STX7,RPL26L1,1,1
STX7,RUFY3,1,1
STX7,SEMA6A,1,1
STX7,SERP1,1,1
STX7,SH3GL1,1,1
STX7,SLC16A6,1,1
STX7,SLC7A8,1,1
STX7,SNAI2,1,1
STX7,SNAP29,1,1
STX7,SNCA,1,1
STX7,SSU72,1,1
STX7,STXBP5,1,1
STX7,TAF8,1,1
STX7,TBC1D20,1,1
STX7,TCFL5,1,1
STX7,TMCC2,1,1
STX7,TMEM140,1,1
STX7,TMEM192,1,1
STX7,TMEM41A,1,1
STX7,TPP1,1,1
STX7,TRAK2,1,1
STX7,TRAPPC11,1,1
STX7,TSHZ1,1,1
STX7,UBL3,1,1
STX7,UNC13B,1,1
STX7,USF2,1,1
STX7,WDFY1,1,1
STX7,WDR44,1,1
STX7,WDR81,1,1
STX7,WDR92,1,1
STX7,WIPI1,1,1
STX7,ZC3H12C,1,1
STX7,ZFYVE26,1,1
STX7,ZNF584,1,1
STX7,ZSCAN12,1,1
COQ2,ABCC2,1,1
COQ2,ADAM12,1,1
COQ2,HBS1L,1,1
COQ2,IL12RB2,1,1
COQ2,LAMP1,1,1
COQ2,MSRB3,1,1
COQ2,NDN,1,1
COQ2,NKIRAS2,1,1
COQ2,PLA1A,1,1
COQ2,SLC19A2,1,1
COQ2,SORT1,1,1
SEC61B,RP11-423H2.1,1,1
SEC61B,STXBP6,1,1
DIRC2,ANXA5,1,1
DIRC2,ARMC9,1,1
DIRC2,ASAP2,1,1
DIRC2,CCDC82,1,1
DIRC2,CDK2,1,1
DIRC2,CLCN3,1,1
DIRC2,CTSB,1,1
DIRC2,FAM210B,1,1
DIRC2,FNIP2,1,1
DIRC2,GJA3,1,1
DIRC2,HACD4,1,1
DIRC2,MSC,1,1
DIRC2,NEK1,1,1
DIRC2,OSTM1,1,1
DIRC2,PHF3,1,1
DIRC2,R3HCC1L,1,1
DIRC2,RAB32,1,1
DIRC2,RAD50,1,1
DIRC2,SLC16A6,1,1
DIRC2,SNAI2,1,1
DIRC2,STXBP5,1,1
DIRC2,TMCC2,1,1
DIRC2,TMEM192,1,1
DIRC2,TRAK2,1,1
DIRC2,TRAPPC11,1,1
DIRC2,WIPI2,1,1
DIRC2,ZC3H12C,1,1
ABCC2,DHTKD1,1,1
ABCC2,HBS1L,1,1
ABCC2,IL12RB2,1,1
ABCC2,NDN,1,1
ABCC2,PARVB,1,1
ABCC2,PLA1A,1,1
ABCC2,ROPN1B,1,1
ABCC2,RP11-641D5.1,1,1
ABCC2,SLC19A2,1,1
ABCC2,SORT1,1,1
ABCC2,TBCD,1,1
ABCC2,TLE4,1,1
ABCC2,ZADH2,1,1
PIN4,AVPI1,1,1
PIN4,BDH1,1,1
PIN4,C12ORF4,1,1
PIN4,C12ORF49,1,1
PIN4,CDC16,1,1
PIN4,CTSD,1,1
PIN4,FNBP1L,1,1
PIN4,GATA2,1,1
PIN4,INPP4B,1,1
PIN4,KIAA1161,1,1
PIN4,LTA4H,1,1
PIN4,PSAP,1,1
PIN4,QTRT1,1,1
PIN4,TMEM98,1,1
PIN4,TRIM34,1,1
PIN4,USP54,1,1
ZNF74,MED24,1,1
ZNF74,SEC24D,1,1
ZNF74,TMBIM6,1,1
ZNF74,UBXN4,1,1
UBN2,ADCY2,1,1
UBN2,CD82,1,1
UBN2,COMT,1,1
UBN2,CRTC1,1,1
UBN2,CSTF3,1,1
UBN2,EVI5,1,1
UBN2,GIGYF2,1,1
UBN2,GPR137B,1,1
UBN2,GPR161,1,1
UBN2,MCC,1,1
UBN2,MRPL42,1,1
UBN2,NUCKS1,1,1
UBN2,PRICKLE1,1,1
UBN2,RFT1,1,1
UBN2,RNF26,1,1
UBN2,TULP4,1,1
UBN2,ZC3H7B,1,1
BCAT2,ATM,1,1
BCAT2,ATP9B,1,1
BCAT2,CCDC77,1,1
BCAT2,CYB561D1,1,1
BCAT2,DYRK1A,1,1
BCAT2,ECSIT,1,1
BCAT2,FAM92A1,1,1
BCAT2,HOXC13,1,1
BCAT2,IER5L,1,1
BCAT2,RFT1,1,1
BCAT2,RNF26,1,1
BCAT2,SIPA1L1,1,1
BCAT2,SSU72,1,1
BCAT2,STRIP1,1,1
BCAT2,SYNJ2,1,1
BCAT2,TRIM2,1,1
BCAT2,ZC3H12C,1,1
ZNF385A,ADAM12,1,1
ZNF385A,CPE,1,1
ZNF385A,CTXN1,1,1
ZNF385A,E2F5,1,1
ZNF385A,LMBRD2,1,1
ZNF385A,LMCD1,1,1
ZNF385A,LPCAT2,1,1
ZNF385A,PCNX2,1,1
ZNF385A,PPP1R16A,1,1
ZNF385A,PSD3,1,1
ZNF385A,SCN2A,1,1
ZNF385A,SLC35C2,1,1
ZNF385A,TFPI,1,1
ZNF385A,ZBTB38,1,1
DRAM2,AEBP2,1,1
DRAM2,AHCYL2,1,1
DRAM2,ATP1A1,1,1
DRAM2,B4GALT2,1,1
DRAM2,BRI3,1,1
DRAM2,COMT,1,1
DRAM2,DCTN3,1,1
DRAM2,DNAJA2,1,1
DRAM2,DPYD,1,1
DRAM2,DPYSL3,1,1
DRAM2,EGFR,1,1
DRAM2,ESRP1,1,1
DRAM2,FBXO7,1,1
DRAM2,GAPDHS,1,1
DRAM2,GPR137B,1,1
DRAM2,HPS4,1,1
DRAM2,MAGEA1,1,1
DRAM2,MLST8,1,1
DRAM2,NAA50,1,1
DRAM2,NFXL1,1,1
DRAM2,NTM,1,1
DRAM2,PLAGL1,1,1
DRAM2,PLEKHN1,1,1
DRAM2,PLPP2,1,1
DRAM2,PODXL,1,1
DRAM2,PXYLP1,1,1
DRAM2,RP11-566K11.2,1,1
DRAM2,SH3GL1,1,1
DRAM2,ST3GAL5,1,1
DRAM2,TMEM159,1,1
DRAM2,TMEM41A,1,1
NEK1,CLCN3,1,1
NEK1,CTSB,1,1
NEK1,FNIP2,1,1
NEK1,GPR143,1,1
NEK1,HACD4,1,1
NEK1,MSC,1,1
NEK1,R3HCC1L,1,1
NEK1,RAB32,1,1
NEK1,SNAI2,1,1
NEK1,TMEM192,1,1
NEK1,TRAPPC11,1,1
NEK1,ZSCAN12,1,1
CDK2,AFF3,1,1
CDK2,ANKRD39,1,1
CDK2,ANXA5,1,1
CDK2,ARSJ,1,1
CDK2,ATP6V1H,1,1
CDK2,BRI3,1,1
CDK2,C21ORF91,1,1
CDK2,CCDC82,1,1
CDK2,CD46,1,1
CDK2,CD82,1,1
CDK2,CDC42BPG,1,1
CDK2,CLCN3,1,1
CDK2,CSTF3,1,1
CDK2,CTSB,1,1
CDK2,CTSD,1,1
CDK2,DPYSL3,1,1
CDK2,EPG5,1,1
CDK2,FAM134A,1,1
CDK2,FBXO2,1,1
CDK2,FNBP1L,1,1
CDK2,FOXC1,1,1
CDK2,GGA2,1,1
CDK2,GIGYF2,1,1
CDK2,GJA3,1,1
CDK2,GPR137B,1,1
CDK2,HEXA,1,1
CDK2,HPS4,1,1
CDK2,INPP4B,1,1
CDK2,KCNAB2,1,1
CDK2,LAMP1,1,1
CDK2,MSC,1,1
CDK2,NEDD4L,1,1
CDK2,OSBPL9,1,1
CDK2,OSTM1,1,1
CDK2,PARD6G,1,1
CDK2,PCDHGB5,1,1
CDK2,PRDM7,1,1
CDK2,PRKAA2,1,1
CDK2,RRAGD,1,1
CDK2,SEMA6A,1,1
CDK2,SH3GL1,1,1
CDK2,SLC16A6,1,1
CDK2,SLC7A8,1,1
CDK2,SMPD2,1,1
CDK2,SNAP29,1,1
CDK2,STXBP5,1,1
CDK2,TBC1D20,1,1
CDK2,TCFL5,1,1
CDK2,TMCC2,1,1
CDK2,TMEM192,1,1
CDK2,TMEM251,1,1
CDK2,TRAPPC2L,1,1
CDK2,TRIM34,1,1
CDK2,TTYH2,1,1
CDK2,TULP4,1,1
CDK2,WDFY1,1,1
CDK2,ZADH2,1,1
CDK2,ZC3H12C,1,1
CDK2,ZC3H7B,1,1
ATM,ACP5,1,1
ATM,AHCYL2,1,1
ATM,AMDHD2,1,1
ATM,ANXA5,1,1
ATM,AP2S1,1,1
ATM,ATP6V0C,1,1
ATM,BRI3,1,1
ATM,C1ORF226,1,1
ATM,CDC37,1,1
ATM,CNNM3,1,1
ATM,CSTF3,1,1
ATM,CTDSPL,1,1
ATM,CTSB,1,1
ATM,CYB561D1,1,1
ATM,DAPK1,1,1
ATM,DPYSL3,1,1
ATM,DYRK1A,1,1
ATM,ECSIT,1,1
ATM,FOXC1,1,1
ATM,GBA2,1,1
ATM,GDAP1,1,1
ATM,GGA2,1,1
ATM,GPR137B,1,1
ATM,HEXA,1,1
ATM,HPS4,1,1
ATM,IARS,1,1
ATM,IFNGR1,1,1
ATM,KCNAB2,1,1
ATM,KIAA0930,1,1
ATM,KLHL26,1,1
ATM,LZTS1,1,1
ATM,MTHFR,1,1
ATM,MYC,1,1
ATM,NNMT,1,1
ATM,NPL,1,1
ATM,NTMT1,1,1
ATM,NUCKS1,1,1
ATM,OSBPL9,1,1
ATM,PDE1C,1,1
ATM,PEX16,1,1
ATM,PI4KA,1,1
ATM,PLEKHN1,1,1
ATM,PLPP2,1,1
ATM,RAD50,1,1
ATM,RP11-566K11.2,1,1
ATM,RRAGD,1,1
ATM,SEMA6A,1,1
ATM,SF3A2,1,1
ATM,SH3GL1,1,1
ATM,SLC15A4,1,1
ATM,SLC35B3,1,1
ATM,SLIRP,1,1
ATM,SMPD2,1,1
ATM,SNAI2,1,1
ATM,SNAP29,1,1
ATM,SSU72,1,1
ATM,ST3GAL5,1,1
ATM,STXBP5,1,1
ATM,SYNJ2,1,1
ATM,TBC1D14,1,1
ATM,TCFL5,1,1
ATM,TMCC2,1,1
ATM,TMEM41A,1,1
ATM,TPP1,1,1
ATM,TRIM2,1,1
ATM,TULP4,1,1
ATM,USF2,1,1
ATM,WDR44,1,1
ATM,ZC3H12C,1,1
ATM,ZEB1,1,1
RFT1,FAM92A1,1,1
RFT1,GCLC,1,1
RFT1,RNF26,1,1
RFT1,RRAGC,1,1
RFT1,ZC3H12C,1,1
MED18,VPS52,1,1
POLDIP3,CDC42BPG,1,1
POLDIP3,FN3K,1,1
POLDIP3,GIGYF2,1,1
POLDIP3,RNF185,1,1
SLIRP,ACP5,1,1
SLIRP,AMDHD2,1,1
SLIRP,AP2S1,1,1
SLIRP,ARL6IP6,1,1
SLIRP,CDC37,1,1
SLIRP,CLCN6,1,1
SLIRP,COL11A1,1,1
SLIRP,COMT,1,1
SLIRP,CSTF3,1,1
SLIRP,CTSD,1,1
SLIRP,DPYSL3,1,1
SLIRP,DROSHA,1,1
SLIRP,EPG5,1,1
SLIRP,FAM134A,1,1
SLIRP,FAM134C,1,1
SLIRP,FOXC1,1,1
SLIRP,FOXD3,1,1
SLIRP,GBA2,1,1
SLIRP,GDAP1,1,1
SLIRP,HCCS,1,1
SLIRP,HEXA,1,1
SLIRP,HPS4,1,1
SLIRP,KCNAB2,1,1
SLIRP,MAGEA1,1,1
SLIRP,MRPL42,1,1
SLIRP,MTHFR,1,1
SLIRP,NAA50,1,1
SLIRP,NFXL1,1,1
SLIRP,NTMT1,1,1
SLIRP,NUP160,1,1
SLIRP,ODC1,1,1
SLIRP,PARP14,1,1
SLIRP,PLEKHN1,1,1
SLIRP,PLPP2,1,1
SLIRP,POC5,1,1
SLIRP,PPP4R1L,1,1
SLIRP,PSMD14,1,1
SLIRP,RBM10,1,1
SLIRP,RP3-461F17.3,1,1
SLIRP,SEMA6A,1,1
SLIRP,SF3A2,1,1
SLIRP,SH3GL1,1,1
SLIRP,SLC15A4,1,1
SLIRP,STRAP,1,1
SLIRP,TACC3,1,1
SLIRP,TCFL5,1,1
SLIRP,TMEM159,1,1
SLIRP,TPP1,1,1
SLIRP,TRIM2,1,1
SLIRP,TULP4,1,1
SLIRP,USP5,1,1
BUD31,CRCP,1,1
NEU1,ABHD3,1,1
NEU1,AHCYL2,1,1
NEU1,ALDH5A1,1,1
NEU1,AP5Z1,1,1
NEU1,B4GALT2,1,1
NEU1,CHSY3,1,1
NEU1,DCAF17,1,1
NEU1,DEPDC5,1,1
NEU1,DPYD,1,1
NEU1,E2F5,1,1
NEU1,EGFR,1,1
NEU1,FAM83H,1,1
NEU1,FBXO44,1,1
NEU1,FBXO7,1,1
NEU1,HACE1,1,1
NEU1,LPCAT2,1,1
NEU1,MOSPD1,1,1
NEU1,PANK4,1,1
NEU1,PARVB,1,1
NEU1,PDE4DIP,1,1
NEU1,PNPLA8,1,1
NEU1,PPFIBP2,1,1
NEU1,RBM18,1,1
NEU1,ROPN1B,1,1
NEU1,SLC35C2,1,1
NEU1,SMDT1,1,1
NEU1,SSH1,1,1
NEU1,TACC2,1,1
NEU1,TAF6,1,1
NEU1,TECPR1,1,1
NEU1,TFG,1,1
NEU1,TMEM222,1,1
NEU1,TMEM55A,1,1
NEU1,ZEB1,1,1
NEU1,ZNF280B,1,1
GPR143,ACP5,1,1
GPR143,AFF1,1,1
GPR143,AP2S1,1,1
GPR143,ATP6V0C,1,1
GPR143,AVPI1,1,1
GPR143,BNC2,1,1
GPR143,BRD8,1,1
GPR143,BTD,1,1
GPR143,C10ORF11,1,1
GPR143,C12ORF10,1,1
GPR143,CD81,1,1
GPR143,CDC37,1,1
GPR143,CLCN2,1,1
GPR143,CLCN3,1,1
GPR143,CLN5,1,1
GPR143,COL11A1,1,1
GPR143,CTDSPL,1,1
GPR143,CTSB,1,1
GPR143,DAPK1,1,1
GPR143,EEF1A1P11,1,1
GPR143,EEF1A1P5,1,1
GPR143,EIF1AY,1,1
GPR143,EIF4EBP1,1,1
GPR143,FAM134C,1,1
GPR143,FAM208A,1,1
GPR143,FOXC1,1,1
GPR143,FYCO1,1,1
GPR143,GOLGA7B,1,1
GPR143,GYG2,1,1
GPR143,HACD4,1,1
GPR143,HEXA,1,1
GPR143,IFNGR1,1,1
GPR143,ILKAP,1,1
GPR143,LRCH4,1,1
GPR143,LSM 7.00,1,1
GPR143,LTA4H,1,1
GPR143,MAPK12,1,1
GPR143,MLPH,1,1
GPR143,MSC,1,1
GPR143,MTHFD2,1,1
GPR143,MTHFR,1,1
GPR143,MXI1,1,1
GPR143,NAPA,1,1
GPR143,ORC4,1,1
GPR143,OSBPL9,1,1
GPR143,PARP14,1,1
GPR143,PCDHGB5,1,1
GPR143,PMEL,1,1
GPR143,PPP4R1L,1,1
GPR143,PRKCE,1,1
GPR143,PRKD3,1,1
GPR143,PTPN18,1,1
GPR143,QPRT,1,1
GPR143,RAB32,1,1
GPR143,RGS12,1,1
GPR143,RPL26L1,1,1
GPR143,RPS4Y1,1,1
GPR143,RUFY3,1,1
GPR143,SEMA6A,1,1
GPR143,SERP1,1,1
GPR143,SNAI2,1,1
GPR143,SNCA,1,1
GPR143,SSPN,1,1
GPR143,TAF8,1,1
GPR143,TBC1D20,1,1
GPR143,TCFL5,1,1
GPR143,TMEM140,1,1
GPR143,TMEM192,1,1
GPR143,TPP1,1,1
GPR143,TRAPPC11,1,1
GPR143,TRIM21,1,1
GPR143,TSHZ1,1,1
GPR143,UBL3,1,1
GPR143,UNC13B,1,1
GPR143,USF2,1,1
GPR143,WDR81,1,1
GPR143,WDR92,1,1
GPR143,WIPI1,1,1
GPR143,ZFYVE26,1,1
GPR143,ZNF584,1,1
GPR143,ZSCAN12,1,1
ZSCAN12,AC240274.1,1,1
ZSCAN12,ACP5,1,1
ZSCAN12,AFF1,1,1
ZSCAN12,AP2S1,1,1
ZSCAN12,APCDD1,1,1
ZSCAN12,ARSG,1,1
ZSCAN12,ATP6V0C,1,1
ZSCAN12,BNC2,1,1
ZSCAN12,BRD8,1,1
ZSCAN12,BTD,1,1
ZSCAN12,C10ORF11,1,1
ZSCAN12,C12ORF10,1,1
ZSCAN12,CD81,1,1
ZSCAN12,CDC37,1,1
ZSCAN12,CLCN3,1,1
ZSCAN12,CLN5,1,1
ZSCAN12,COL11A1,1,1
ZSCAN12,CTDSPL,1,1
ZSCAN12,CTSB,1,1
ZSCAN12,DAPK1,1,1
ZSCAN12,DYRK1A,1,1
ZSCAN12,EEF1A1P11,1,1
ZSCAN12,EEF1A1P5,1,1
ZSCAN12,EIF1AY,1,1
ZSCAN12,EIF4EBP1,1,1
ZSCAN12,FAM134C,1,1
ZSCAN12,FAM208A,1,1
ZSCAN12,FOXC1,1,1
ZSCAN12,FOXD3,1,1
ZSCAN12,FYCO1,1,1
ZSCAN12,GDAP1,1,1
ZSCAN12,GOLGA7B,1,1
ZSCAN12,GYG2,1,1
ZSCAN12,HACD4,1,1
ZSCAN12,HEXA,1,1
ZSCAN12,HOXC13,1,1
ZSCAN12,IFNGR1,1,1
ZSCAN12,IFT88,1,1
ZSCAN12,ILKAP,1,1
ZSCAN12,KIAA0930,1,1
ZSCAN12,LRCH4,1,1
ZSCAN12,LSM 7.00,1,1
ZSCAN12,MLPH,1,1
ZSCAN12,MSC,1,1
ZSCAN12,MTHFR,1,1
ZSCAN12,MXI1,1,1
ZSCAN12,NAGK,1,1
ZSCAN12,NAPA,1,1
ZSCAN12,ORC4,1,1
ZSCAN12,OSBPL9,1,1
ZSCAN12,PARP14,1,1
ZSCAN12,PLEKHN1,1,1
ZSCAN12,PMEL,1,1
ZSCAN12,PPP4R1L,1,1
ZSCAN12,PRKCE,1,1
ZSCAN12,PSMD14,1,1
ZSCAN12,PTPN18,1,1
ZSCAN12,QPRT,1,1
ZSCAN12,RAB32,1,1
ZSCAN12,RAD50,1,1
ZSCAN12,RGS12,1,1
ZSCAN12,RPL26L1,1,1
ZSCAN12,RPS4Y1,1,1
ZSCAN12,RUFY3,1,1
ZSCAN12,SEMA6A,1,1
ZSCAN12,SERP1,1,1
ZSCAN12,SNAI2,1,1
ZSCAN12,SNCA,1,1
ZSCAN12,SSPN,1,1
ZSCAN12,SSU72,1,1
ZSCAN12,TAF8,1,1
ZSCAN12,TBC1D20,1,1
ZSCAN12,TCFL5,1,1
ZSCAN12,TMEM140,1,1
ZSCAN12,TMEM192,1,1
ZSCAN12,TMEM41A,1,1
ZSCAN12,TPP1,1,1
ZSCAN12,TRAPPC11,1,1
ZSCAN12,UBL3,1,1
ZSCAN12,UNC13B,1,1
ZSCAN12,USF2,1,1
ZSCAN12,WDR44,1,1
ZSCAN12,WDR81,1,1
ZSCAN12,WDR92,1,1
ZSCAN12,WIPI1,1,1
ZSCAN12,ZFYVE26,1,1
ZSCAN12,ZNF584,1,1
NPL,ACP5,1,1
NPL,ANKRD39,1,1
NPL,ANXA5,1,1
NPL,AP2S1,1,1
NPL,ARMC9,1,1
NPL,ARSJ,1,1
NPL,ATP6V0C,1,1
NPL,BRI3,1,1
NPL,C1ORF226,1,1
NPL,CDC37,1,1
NPL,CNNM3,1,1
NPL,CTDSPL,1,1
NPL,CTSB,1,1
NPL,DPYSL3,1,1
NPL,DYRK1A,1,1
NPL,IFNGR1,1,1
NPL,LZTS1,1,1
NPL,MSC,1,1
NPL,MTHFR,1,1
NPL,NTMT1,1,1
NPL,OSBPL9,1,1
NPL,OSTM1,1,1
NPL,PDE1C,1,1
NPL,PDXDC1,1,1
NPL,PLEKHN1,1,1
NPL,PLPP2,1,1
NPL,RAD50,1,1
NPL,RRAGD,1,1
NPL,SEMA6A,1,1
NPL,SERP1,1,1
NPL,SH3GL1,1,1
NPL,SLC35B3,1,1
NPL,SMPD2,1,1
NPL,SNAI2,1,1
NPL,SSU72,1,1
NPL,STXBP5,1,1
NPL,TBC1D14,1,1
NPL,TCFL5,1,1
NPL,TMCC2,1,1
NPL,TMEM41A,1,1
NPL,TMTC1,1,1
NPL,TRAPPC11,1,1
NPL,TRIM2,1,1
NPL,USF2,1,1
NPL,WDR44,1,1
LAS1L,LETM1,1,1
LAS1L,RP3-461F17.3,1,1
LAS1L,STRAP,1,1
LAS1L,TACC3,1,1
LAS1L,ZNF747,1,1
PSAP,AVPI1,1,1
PSAP,C12ORF4,1,1
PSAP,CTSB,1,1
PSAP,CTSD,1,1
PSAP,HCCS,1,1
PSAP,KIAA1161,1,1
PSAP,LTA4H,1,1
PSAP,PARP14,1,1
PSAP,PCDHGB5,1,1
PSAP,PTPN18,1,1
PSAP,RP3-461F17.3,1,1
PSAP,RPGR,1,1
PSAP,RUVBL1,1,1
PSAP,TMEM159,1,1
PSAP,TSHZ1,1,1
PSAP,WDR92,1,1
WIPI2,ASAP2,1,1
WIPI2,ATP6V0C,1,1
WIPI2,FAM210B,1,1
WIPI2,MSC,1,1
WIPI2,NAPA,1,1
WIPI2,PDXDC1,1,1
WIPI2,RAD50,1,1
WIPI2,RREB1,1,1
WIPI2,SNAI2,1,1
WIPI2,STXBP5,1,1
WIPI2,TRAPPC11,1,1
WIPI2,USF2,1,1
WIPI2,WDR44,1,1
WIPI2,WIPI1,1,1
ZYX,EXOC4,1,1
ZYX,NRP1,1,1
ZYX,TMEM55A,1,1
ZYX,UNC45A,1,1
ZYX,VPS52,1,1
MED24,MFSD12,1,1
MED24,SCAMP2,1,1
MED24,TUSC3,1,1
MED24,UBXN4,1,1
PXMP4,B3GNT5,1,1
PXMP4,SLX4,1,1
PDZD11,ACTR6,1,1
PDZD11,BNC2,1,1
PDZD11,CRCP,1,1
PDZD11,CREBRF,1,1
PDZD11,FAM134C,1,1
PDZD11,FYCO1,1,1
PDZD11,PAPOLA,1,1
PDZD11,PRMT6,1,1
PDZD11,PSMD14,1,1
PDZD11,R3HDM1,1,1
PDZD11,RP3-461F17.3,1,1
PDZD11,RPL26L1,1,1
PDZD11,STRAP,1,1
PDZD11,TAF8,1,1
PDZD11,TRAPPC11,1,1
PDZD11,UNC13B,1,1
PDZD11,USP15,1,1
PDZD11,WDR92,1,1
PARD6G,AFF3,1,1
PARD6G,ANXA5,1,1
PARD6G,ARMC9,1,1
PARD6G,ARSJ,1,1
PARD6G,ATP6V1H,1,1
PARD6G,BRI3,1,1
PARD6G,CD46,1,1
PARD6G,CDC42BPG,1,1
PARD6G,CRTC1,1,1
PARD6G,CSTF3,1,1
PARD6G,DCTN1,1,1
PARD6G,DPYSL3,1,1
PARD6G,EXOC4,1,1
PARD6G,FAM134A,1,1
PARD6G,FBXO2,1,1
PARD6G,GBA2,1,1
PARD6G,GGA2,1,1
PARD6G,GIGYF2,1,1
PARD6G,GJA3,1,1
PARD6G,GRK5,1,1
PARD6G,HABP4,1,1
PARD6G,HPS4,1,1
PARD6G,KCNAB2,1,1
PARD6G,KCTD7,1,1
PARD6G,MCC,1,1
PARD6G,MYO9B,1,1
PARD6G,NEDD4L,1,1
PARD6G,OR2A9P,1,1
PARD6G,OSBPL9,1,1
PARD6G,PI4KA,1,1
PARD6G,PIEZO1,1,1
PARD6G,PRDM7,1,1
PARD6G,RASSF3,1,1
PARD6G,RRAGD,1,1
PARD6G,SLC16A6,1,1
PARD6G,SLC7A8,1,1
PARD6G,SNAP29,1,1
PARD6G,TMCC2,1,1
PARD6G,TRAK2,1,1
PARD6G,WDFY1,1,1
PARD6G,ZC3H7B,1,1
EVI5,ADCY2,1,1
EVI5,AHCYL2,1,1
EVI5,EGFR,1,1
EVI5,GIGYF2,1,1
EVI5,GPR137B,1,1
EVI5,GPR161,1,1
EVI5,HIVEP2,1,1
EVI5,HOXB7,1,1
EVI5,MCC,1,1
EVI5,MED16,1,1
EVI5,PI4KA,1,1
EVI5,PRICKLE1,1,1
EVI5,RASSF3,1,1
EVI5,RBM10,1,1
EVI5,RGP1,1,1
EVI5,RNF26,1,1
EVI5,RP11-423H2.1,1,1
EVI5,SCML1,1,1
EVI5,TULP4,1,1
AFF1,AFF3,1,1
AFF1,BNC2,1,1
AFF1,C12ORF10,1,1
AFF1,CLCN2,1,1
AFF1,CLN3,1,1
AFF1,CLN5,1,1
AFF1,CNST,1,1
AFF1,COL11A1,1,1
AFF1,CTSD,1,1
AFF1,CYBA,1,1
AFF1,DAPK1,1,1
AFF1,EEF1A1P11,1,1
AFF1,EEF1A1P5,1,1
AFF1,EIF1AY,1,1
AFF1,EIF4EBP1,1,1
AFF1,EPG5,1,1
AFF1,FAM134A,1,1
AFF1,FOXD3,1,1
AFF1,FYCO1,1,1
AFF1,GYG2,1,1
AFF1,HEXA,1,1
AFF1,INPP4B,1,1
AFF1,KCNAB2,1,1
AFF1,KIAA1522,1,1
AFF1,LSM 7.00,1,1
AFF1,LTA4H,1,1
AFF1,MAPK12,1,1
AFF1,MLPH,1,1
AFF1,NRDC,1,1
AFF1,NXPH4,1,1
AFF1,ORC4,1,1
AFF1,PARP14,1,1
AFF1,PMEL,1,1
AFF1,PPIB,1,1
AFF1,PRKCE,1,1
AFF1,PTTG1IP,1,1
AFF1,QPRT,1,1
AFF1,RAB32,1,1
AFF1,RGS12,1,1
AFF1,RUFY3,1,1
AFF1,SEMA6A,1,1
AFF1,SSPN,1,1
AFF1,STRAP,1,1
AFF1,TAF8,1,1
AFF1,TBC1D20,1,1
AFF1,TMEM140,1,1
AFF1,TPST1,1,1
AFF1,TRIM21,1,1
AFF1,TSHZ1,1,1
AFF1,UBL3,1,1
AFF1,UNC13B,1,1
AFF1,WDR81,1,1
AFF1,XKR8,1,1
AFF1,ZFYVE26,1,1
AFF1,ZNF584,1,1
AFF1,ZNF747,1,1
TPST1,BDH1,1,1
TPST1,CLCN2,1,1
TPST1,CLN5,1,1
TPST1,CYBA,1,1
TPST1,EEF1A1P11,1,1
TPST1,EEF1A1P5,1,1
TPST1,EIF4EBP1,1,1
TPST1,KRT10,1,1
TPST1,LTA4H,1,1
TPST1,MAPK12,1,1
TPST1,NRDC,1,1
TPST1,PMEL,1,1
TPST1,PPP2R1A,1,1
TPST1,PRKCE,1,1
TPST1,QPRT,1,1
TPST1,RGS12,1,1
TPST1,RUFY3,1,1
TPST1,SSPN,1,1
TPST1,TAF8,1,1
TPST1,TBC1D20,1,1
TPST1,TRIM21,1,1
TPST1,TSHZ1,1,1
TPST1,TTC30A,1,1
TPST1,USP54,1,1
TPST1,XKR8,1,1
TPST1,ZNF747,1,1
FAM134A,AFF3,1,1
FAM134A,AMDHD2,1,1
FAM134A,CD46,1,1
FAM134A,CDC42BPG,1,1
FAM134A,CLN3,1,1
FAM134A,COL11A1,1,1
FAM134A,CREBRF,1,1
FAM134A,CRTC1,1,1
FAM134A,CSTF3,1,1
FAM134A,CTSD,1,1
FAM134A,DNAJB2,1,1
FAM134A,DPYSL3,1,1
FAM134A,EEF1A1P11,1,1
FAM134A,EEF1A1P5,1,1
FAM134A,EIF4EBP1,1,1
FAM134A,EPG5,1,1
FAM134A,FBXO2,1,1
FAM134A,FOXC1,1,1
FAM134A,FOXD3,1,1
FAM134A,GBA2,1,1
FAM134A,GYG2,1,1
FAM134A,HEXA,1,1
FAM134A,HPS4,1,1
FAM134A,INPP4B,1,1
FAM134A,KCNAB2,1,1
FAM134A,KCTD7,1,1
FAM134A,KIAA1522,1,1
FAM134A,LSM 7.00,1,1
FAM134A,LTA4H,1,1
FAM134A,MAPK12,1,1
FAM134A,MTMR9LP,1,1
FAM134A,MYO9B,1,1
FAM134A,NXPH4,1,1
FAM134A,OR2A9P,1,1
FAM134A,ORC4,1,1
FAM134A,OSBPL9,1,1
FAM134A,PARP14,1,1
FAM134A,PPIB,1,1
FAM134A,PRKCE,1,1
FAM134A,PTTG1IP,1,1
FAM134A,QPRT,1,1
FAM134A,RBM10,1,1
FAM134A,RP3-461F17.3,1,1
FAM134A,RPGR,1,1
FAM134A,RUFY3,1,1
FAM134A,RUVBL1,1,1
FAM134A,SEMA6A,1,1
FAM134A,SERAC1,1,1
FAM134A,SLC16A6,1,1
FAM134A,SLC7A8,1,1
FAM134A,SNAP29,1,1
FAM134A,STRAP,1,1
FAM134A,TBC1D20,1,1
FAM134A,TCFL5,1,1
FAM134A,TMCC2,1,1
FAM134A,TMEM140,1,1
FAM134A,TPP1,1,1
FAM134A,TRAPPC2L,1,1
FAM134A,TSHZ1,1,1
FAM134A,TULP4,1,1
FAM134A,TUSC3,1,1
FAM134A,UNC13B,1,1
FAM134A,WDFY1,1,1
FAM134A,ZC3H7B,1,1
FAM134A,ZFYVE26,1,1
FAM134A,ZNF529,1,1
FAM134A,ZNF584,1,1
FAM134A,ZNF747,1,1
PPP2R1A,CYBA,1,1
PPP2R1A,GLTSCR1L,1,1
PPP2R1A,KRT10,1,1
PPP2R1A,NRDC,1,1
PPP2R1A,SPATS2,1,1
PPP2R1A,XKR8,1,1
PPP2R1A,ZNF747,1,1
KLHL26,ABHD3,1,1
KLHL26,AHCYL2,1,1
KLHL26,AP5Z1,1,1
KLHL26,B4GALT2,1,1
KLHL26,C1ORF226,1,1
KLHL26,CTXN1,1,1
KLHL26,CYTH3,1,1
KLHL26,E2F5,1,1
KLHL26,ECSIT,1,1
KLHL26,GADD45B,1,1
KLHL26,GNPTAB,1,1
KLHL26,NLGN1,1,1
KLHL26,NNMT,1,1
KLHL26,PDE1C,1,1
KLHL26,PEX16,1,1
KLHL26,PPFIBP2,1,1
KLHL26,RNPEP,1,1
KLHL26,RUNX2,1,1
KLHL26,SNX3,1,1
KLHL26,ST3GAL5,1,1
KLHL26,TBC1D14,1,1
KLHL26,TMTC1,1,1
KLHL26,TRIM2,1,1
KLHL26,ZEB1,1,1
KLHL26,ZNF280B,1,1
CTSD,ACP5,1,1
CTSD,ADCY2,1,1
CTSD,AFF3,1,1
CTSD,AMDHD2,1,1
CTSD,AMMECR1,1,1
CTSD,AVPI1,1,1
CTSD,BRI3,1,1
CTSD,C12ORF4,1,1
CTSD,CD46,1,1
CTSD,CD81,1,1
CTSD,CD82,1,1
CTSD,CDC42BPG,1,1
CTSD,CLN3,1,1
CTSD,CLPP,1,1
CTSD,COL11A1,1,1
CTSD,COMT,1,1
CTSD,CREB5,1,1
CTSD,CREBRF,1,1
CTSD,CSTF3,1,1
CTSD,DCTN6,1,1
CTSD,DNAJB2,1,1
CTSD,DPYSL3,1,1
CTSD,EEF1A1P11,1,1
CTSD,EEF1A1P5,1,1
CTSD,EEF1A1P8,1,1
CTSD,EIF4EBP1,1,1
CTSD,EPG5,1,1
CTSD,FAM208A,1,1
CTSD,FBXO2,1,1
CTSD,FOXC1,1,1
CTSD,FOXD3,1,1
CTSD,GATA2,1,1
CTSD,GBA2,1,1
CTSD,GPR137B,1,1
CTSD,GYG2,1,1
CTSD,HEXA,1,1
CTSD,HPS4,1,1
CTSD,IFT172,1,1
CTSD,IL12RB2,1,1
CTSD,INPP4B,1,1
CTSD,KCNAB2,1,1
CTSD,LSM 7.00,1,1
CTSD,LTA4H,1,1
CTSD,MAGEA1,1,1
CTSD,MAPK12,1,1
CTSD,MRPL36,1,1
CTSD,MRPL42,1,1
CTSD,NFXL1,1,1
CTSD,NXPH4,1,1
CTSD,ORC4,1,1
CTSD,OSBPL9,1,1
CTSD,PARP14,1,1
CTSD,PCDHB14,1,1
CTSD,PCDHGB5,1,1
CTSD,PLPP2,1,1
CTSD,PODXL,1,1
CTSD,PPIB,1,1
CTSD,PPP4R1L,1,1
CTSD,PRKAA2,1,1
CTSD,PRKCE,1,1
CTSD,PTPN18,1,1
CTSD,PTTG1IP,1,1
CTSD,QPRT,1,1
CTSD,RBM10,1,1
CTSD,RP11-566K11.2,1,1
CTSD,RP3-461F17.3,1,1
CTSD,RPGR,1,1
CTSD,RUVBL1,1,1
CTSD,SEMA6A,1,1
CTSD,SH3GL1,1,1
CTSD,SLC16A6,1,1
CTSD,SLC7A8,1,1
CTSD,SNAP29,1,1
CTSD,SNCA,1,1
CTSD,TBC1D20,1,1
CTSD,TCFL5,1,1
CTSD,TMEM47,1,1
CTSD,TMEM98,1,1
CTSD,TPP1,1,1
CTSD,TRAPPC2L,1,1
CTSD,TRIM34,1,1
CTSD,TSHZ1,1,1
CTSD,TTYH2,1,1
CTSD,TULP4,1,1
CTSD,TUSC3,1,1
CTSD,USP5,1,1
CTSD,USP54,1,1
CTSD,ZC3H7B,1,1
CTSD,ZNF747,1,1
NARFL,COMMD2,1,1
NARFL,METTL21A,1,1
NARFL,TMEM147,1,1
NARFL,ZNF614,1,1
SCN2A,ADAM12,1,1
SCN2A,C1ORF226,1,1
SCN2A,CBR3,1,1
SCN2A,CPE,1,1
SCN2A,CTXN1,1,1
SCN2A,ELMOD1,1,1
SCN2A,GADD45B,1,1
SCN2A,KRT8,1,1
SCN2A,LIMCH1,1,1
SCN2A,LMBRD2,1,1
SCN2A,LMCD1,1,1
SCN2A,NNMT,1,1
SCN2A,PDE1C,1,1
SCN2A,PIGM,1,1
SCN2A,PPP1R16A,1,1
SCN2A,PPP1R9A,1,1
SCN2A,SIRT6,1,1
SCN2A,SYNJ2,1,1
SCN2A,TFPI,1,1
SCN2A,TSC22D1,1,1
SCN2A,VASP,1,1
SCN2A,ZBTB38,1,1
SCN2A,ZEB1,1,1
GGA2,AMDHD2,1,1
GGA2,ANKRD39,1,1
GGA2,ANXA5,1,1
GGA2,ARMC9,1,1
GGA2,ARSJ,1,1
GGA2,ATP6V0C,1,1
GGA2,BRI3,1,1
GGA2,C1ORF226,1,1
GGA2,CSTF3,1,1
GGA2,DPYSL3,1,1
GGA2,FBXO2,1,1
GGA2,FOXC1,1,1
GGA2,GIGYF2,1,1
GGA2,GJA3,1,1
GGA2,HABP4,1,1
GGA2,HPS4,1,1
GGA2,ILKAP,1,1
GGA2,KCNAB2,1,1
GGA2,KCTD7,1,1
GGA2,LZTS1,1,1
GGA2,MSC,1,1
GGA2,MYO9B,1,1
GGA2,NAPA,1,1
GGA2,OR2A9P,1,1
GGA2,OSBPL9,1,1
GGA2,PI4KA,1,1
GGA2,PPFIA1,1,1
GGA2,RRAGD,1,1
GGA2,SEMA6A,1,1
GGA2,SLC16A6,1,1
GGA2,SLC7A8,1,1
GGA2,SNAP29,1,1
GGA2,SSU72,1,1
GGA2,STRIP1,1,1
GGA2,TBC1D14,1,1
GGA2,TCFL5,1,1
GGA2,TESK1,1,1
GGA2,TMCC2,1,1
GGA2,TRAK2,1,1
GGA2,TRAPPC2L,1,1
GGA2,TRIM2,1,1
GGA2,WDFY1,1,1
GGA2,ZBTB24,1,1
GGA2,ZC3H12C,1,1
GGA2,ZFYVE26,1,1
PLPP2,ACP5,1,1
PLPP2,AMDHD2,1,1
PLPP2,ANKRD39,1,1
PLPP2,ANXA5,1,1
PLPP2,AP2S1,1,1
PLPP2,ARSJ,1,1
PLPP2,ATP6V0C,1,1
PLPP2,BRI3,1,1
PLPP2,C1ORF226,1,1
PLPP2,CDC37,1,1
PLPP2,COL11A1,1,1
PLPP2,COMT,1,1
PLPP2,CSTF3,1,1
PLPP2,CTDSPL,1,1
PLPP2,CTSB,1,1
PLPP2,DAPK1,1,1
PLPP2,DCTN3,1,1
PLPP2,DPYSL3,1,1
PLPP2,DYRK1A,1,1
PLPP2,ESRP1,1,1
PLPP2,FAM208A,1,1
PLPP2,FOXC1,1,1
PLPP2,GAPDHS,1,1
PLPP2,GBA2,1,1
PLPP2,GDAP1,1,1
PLPP2,GPR137B,1,1
PLPP2,HEXA,1,1
PLPP2,HPS4,1,1
PLPP2,IARS,1,1
PLPP2,IFNGR1,1,1
PLPP2,KCNAB2,1,1
PLPP2,KIAA0930,1,1
PLPP2,LIMCH1,1,1
PLPP2,LZTS1,1,1
PLPP2,MAGEA1,1,1
PLPP2,MRPS22,1,1
PLPP2,MTHFR,1,1
PLPP2,MYC,1,1
PLPP2,NFXL1,1,1
PLPP2,NTM,1,1
PLPP2,NTMT1,1,1
PLPP2,NUP160,1,1
PLPP2,ORC4,1,1
PLPP2,OSBPL9,1,1
PLPP2,PDE1C,1,1
PLPP2,PLAGL1,1,1
PLPP2,PLEKHN1,1,1
PLPP2,PODXL,1,1
PLPP2,PPP4R1L,1,1
PLPP2,PSMD14,1,1
PLPP2,PXYLP1,1,1
PLPP2,RP11-566K11.2,1,1
PLPP2,RRAGD,1,1
PLPP2,RWDD1,1,1
PLPP2,SEMA6A,1,1
PLPP2,SF3A2,1,1
PLPP2,SH3GL1,1,1
PLPP2,SIRT6,1,1
PLPP2,SLC35B3,1,1
PLPP2,SMPD2,1,1
PLPP2,SNAI2,1,1
PLPP2,SNCA,1,1
PLPP2,SSU72,1,1
PLPP2,ST3GAL5,1,1
PLPP2,STXBP5,1,1
PLPP2,TCFL5,1,1
PLPP2,TMCC2,1,1
PLPP2,TMEM159,1,1
PLPP2,TMEM41A,1,1
PLPP2,TPP1,1,1
PLPP2,TRIM2,1,1
PLPP2,TULP4,1,1
PLPP2,USF2,1,1
PLPP2,WDR44,1,1
PLPP2,ZEB1,1,1
HIVEP3,CD46,1,1
HIVEP3,CREB5,1,1
HIVEP3,HEG1,1,1
HIVEP3,LRRC17,1,1
HIVEP3,NRP1,1,1
GAPDHS,ACP5,1,1
GAPDHS,AEBP2,1,1
GAPDHS,ATP1A1,1,1
GAPDHS,BRI3,1,1
GAPDHS,DCTN3,1,1
GAPDHS,DCTN6,1,1
GAPDHS,EEF1A1P8,1,1
GAPDHS,EEF1A1P9,1,1
GAPDHS,FOXC1,1,1
GAPDHS,HPS4,1,1
GAPDHS,IARS,1,1
GAPDHS,IFNGR1,1,1
GAPDHS,MAGEA1,1,1
GAPDHS,MYC,1,1
GAPDHS,NFXL1,1,1
GAPDHS,NTM,1,1
GAPDHS,PCDHGB5,1,1
GAPDHS,PODXL,1,1
GAPDHS,PXYLP1,1,1
GAPDHS,RP11-566K11.2,1,1
GAPDHS,ST3GAL5,1,1
GAPDHS,TMEM159,1,1
GAPDHS,ZNF622,1,1
SSBP4,GATA2,1,1
SSBP4,NXPH4,1,1
SSBP4,TMEM98,1,1
SSBP4,TRIM68,1,1
TRAK2,AFF3,1,1
TRAK2,AP3M2,1,1
TRAK2,ARMC9,1,1
TRAK2,ASAP2,1,1
TRAK2,ATP6V0C,1,1
TRAK2,BNC2,1,1
TRAK2,CASC3,1,1
TRAK2,CYB561D1,1,1
TRAK2,FBXO2,1,1
TRAK2,FYCO1,1,1
TRAK2,GJA3,1,1
TRAK2,HABP4,1,1
TRAK2,ILKAP,1,1
TRAK2,KCTD7,1,1
TRAK2,MSC,1,1
TRAK2,MXI1,1,1
TRAK2,MYO9B,1,1
TRAK2,NAPA,1,1
TRAK2,OSBPL9,1,1
TRAK2,PHF23,1,1
TRAK2,PPFIA1,1,1
TRAK2,RAB32,1,1
TRAK2,RAD50,1,1
TRAK2,RREB1,1,1
TRAK2,SLC16A6,1,1
TRAK2,SNAI2,1,1
TRAK2,SNAP29,1,1
TRAK2,STRIP1,1,1
TRAK2,TBC1D7,1,1
TRAK2,TCFL5,1,1
TRAK2,TESK1,1,1
TRAK2,TMCC2,1,1
TRAK2,TMEM192,1,1
TRAK2,UNC13B,1,1
TRAK2,USF2,1,1
TRAK2,WDFY1,1,1
TRAK2,WDR44,1,1
TRAK2,WDR81,1,1
TRAK2,ZBTB24,1,1
TRAK2,ZC3H12C,1,1
TRAK2,ZFYVE26,1,1
MCC,CBX7,1,1
MCC,CDC42BPG,1,1
MCC,CROCC,1,1
MCC,CRTC1,1,1
MCC,DNAJB2,1,1
MCC,FBXO2,1,1
MCC,FN3K,1,1
MCC,GBA2,1,1
MCC,GIGYF2,1,1
MCC,GRK5,1,1
MCC,MYO9B,1,1
MCC,OR2A9P,1,1
MCC,OTUD7B,1,1
MCC,PI4KA,1,1
MCC,SLC15A4,1,1
MCC,SNAP29,1,1
MCC,TULP4,1,1
MCC,WDFY1,1,1
MCC,ZC3H7B,1,1
RGP1,AHCYL2,1,1
RGP1,CHSY3,1,1
RGP1,DEPDC5,1,1
RGP1,EGFR,1,1
RGP1,GPR161,1,1
RGP1,HDAC4,1,1
RGP1,HIVEP2,1,1
RGP1,HOXB7,1,1
RGP1,PI4KA,1,1
RGP1,PLAGL1,1,1
RGP1,PNPLA8,1,1
RGP1,PRICKLE1,1,1
RGP1,RASSF3,1,1
RGP1,RP11-423H2.1,1,1
RGP1,SCML1,1,1
RGP1,SSH1,1,1
RGP1,TECPR1,1,1
RGP1,TMEM55A,1,1
RGP1,TMEM8A,1,1
RGP1,TSEN15,1,1
PHF23,HABP4,1,1
PHF23,KCTD7,1,1
PHF23,SNAP29,1,1
PHF23,TMCC2,1,1
PHF23,WDFY1,1,1
MARCH7,INHBA,1,1
CDC42BPG,ADCY2,1,1
CDC42BPG,AFF3,1,1
CDC42BPG,CD46,1,1
CDC42BPG,CD82,1,1
CDC42BPG,CLN3,1,1
CDC42BPG,CRTC1,1,1
CDC42BPG,CSTF3,1,1
CDC42BPG,DNAJB2,1,1
CDC42BPG,EPG5,1,1
CDC42BPG,FBXO2,1,1
CDC42BPG,FN3K,1,1
CDC42BPG,FOXD3,1,1
CDC42BPG,GBA2,1,1
CDC42BPG,GIGYF2,1,1
CDC42BPG,GRK5,1,1
CDC42BPG,HPS4,1,1
CDC42BPG,INPP4B,1,1
CDC42BPG,KCNAB2,1,1
CDC42BPG,KCTD7,1,1
CDC42BPG,MYO9B,1,1
CDC42BPG,NEDD4L,1,1
CDC42BPG,OR2A9P,1,1
CDC42BPG,PPIB,1,1
CDC42BPG,PTTG1IP,1,1
CDC42BPG,RNF185,1,1
CDC42BPG,SERAC1,1,1
CDC42BPG,SLC16A6,1,1
CDC42BPG,SLC7A8,1,1
CDC42BPG,SNAP29,1,1
CDC42BPG,TBC1D20,1,1
CDC42BPG,TMCC2,1,1
CDC42BPG,TRAPPC2L,1,1
CDC42BPG,TRIM34,1,1
CDC42BPG,TULP4,1,1
CDC42BPG,UBN1,1,1
CDC42BPG,WDFY1,1,1
CDC42BPG,ZC3H7B,1,1
NME4,LETM1,1,1
PEX11A,ADCY2,1,1
PEX11A,APBB1,1,1
PEX11A,BRI3,1,1
PEX11A,CBX7,1,1
PEX11A,CD82,1,1
PEX11A,COMT,1,1
PEX11A,CROCC,1,1
PEX11A,CSTF3,1,1
PEX11A,DEPDC5,1,1
PEX11A,DNAJA2,1,1
PEX11A,DPYD,1,1
PEX11A,EGFR,1,1
PEX11A,FBXO2,1,1
PEX11A,FN3K,1,1
PEX11A,GBA2,1,1
PEX11A,GPR137B,1,1
PEX11A,HPS4,1,1
PEX11A,MAGEA1,1,1
PEX11A,METTL21A,1,1
PEX11A,MRPL42,1,1
PEX11A,NAA50,1,1
PEX11A,PODXL,1,1
PEX11A,PRICKLE1,1,1
PEX11A,RBM10,1,1
PEX11A,RNF213,1,1
PEX11A,RUVBL1,1,1
PEX11A,SH3GL1,1,1
PEX11A,TECPR1,1,1
PEX11A,TRIAP1,1,1
PEX11A,TTYH2,1,1
PEX11A,UNC45A,1,1
PEX11A,USP5,1,1
PEX11A,VPS52,1,1
PEX11A,ZNF614,1,1
GSTM2,AC240274.1,1,1
GSTM2,ACP5,1,1
GSTM2,ACTR6,1,1
GSTM2,AMDHD2,1,1
GSTM2,AP2S1,1,1
GSTM2,APCDD1,1,1
GSTM2,ARSG,1,1
GSTM2,BRD8,1,1
GSTM2,BTD,1,1
GSTM2,CH17-472G23.4,1,1
GSTM2,CLCN6,1,1
GSTM2,CLN3,1,1
GSTM2,COL11A1,1,1
GSTM2,DAPK1,1,1
GSTM2,DYRK1A,1,1
GSTM2,FAM134C,1,1
GSTM2,FAM208A,1,1
GSTM2,FOXD3,1,1
GSTM2,GDAP1,1,1
GSTM2,HEXA,1,1
GSTM2,HSPA1A,1,1
GSTM2,KAZN,1,1
GSTM2,KIAA0930,1,1
GSTM2,KIAA1456,1,1
GSTM2,LRCH4,1,1
GSTM2,MFAP3L,1,1
GSTM2,MFSD12,1,1
GSTM2,MLPH,1,1
GSTM2,MRPS22,1,1
GSTM2,MTHFR,1,1
GSTM2,MXI1,1,1
GSTM2,NAGK,1,1
GSTM2,ORC4,1,1
GSTM2,PMEL,1,1
GSTM2,PPP4R1L,1,1
GSTM2,PSMD14,1,1
GSTM2,QPRT,1,1
GSTM2,RGS12,1,1
GSTM2,RPL26L1,1,1
GSTM2,RUFY3,1,1
GSTM2,SEMA6A,1,1
GSTM2,SERP1,1,1
GSTM2,SH3D21,1,1
GSTM2,SLC15A4,1,1
GSTM2,SSPN,1,1
GSTM2,STRAP,1,1
GSTM2,TBC1D7,1,1
GSTM2,TCFL5,1,1
GSTM2,TESK1,1,1
GSTM2,TMEM140,1,1
GSTM2,TMEM150A,1,1
GSTM2,TP53I13,1,1
GSTM2,TPP1,1,1
GSTM2,USF2,1,1
GSTM2,WDR81,1,1
MAP1LC3B,AC240274.1,1,1
MAP1LC3B,ACTR6,1,1
MAP1LC3B,AP2S1,1,1
MAP1LC3B,CDC37,1,1
MAP1LC3B,DAPK1,1,1
MAP1LC3B,FAM134C,1,1
MAP1LC3B,GDAP1,1,1
MAP1LC3B,KAZN,1,1
MAP1LC3B,MTHFR,1,1
MAP1LC3B,MXI1,1,1
MAP1LC3B,NTMT1,1,1
MAP1LC3B,PLEKHN1,1,1
MAP1LC3B,POC5,1,1
MAP1LC3B,PSMD14,1,1
MAP1LC3B,RPL26L1,1,1
MAP1LC3B,SERP1,1,1
MAP1LC3B,TBC1D7,1,1
MAP1LC3B,TMEM150A,1,1
MAP1LC3B,TRAPPC11,1,1
MAP1LC3B,USF2,1,1
MAP1LC3B,USP15,1,1
MAP1LC3B,WDR81,1,1
HLA-C,APBB1,1,1
HLA-C,HSD17B1,1,1
TUBGCP6,CH17-472G23.4,1,1
TUBGCP6,COMMD2,1,1
TUBGCP6,CUL5,1,1
TUBGCP6,FBXO17,1,1
TUBGCP6,MTRNR2L10,1,1
TUBGCP6,RP11-231C14.4,1,1
MTMR9LP,AMDHD2,1,1
MTMR9LP,CH17-472G23.4,1,1
MTMR9LP,CLN3,1,1
MTMR9LP,COL11A1,1,1
MTMR9LP,CRTC1,1,1
MTMR9LP,DNAJB2,1,1
MTMR9LP,EEF1A1P8,1,1
MTMR9LP,EPG5,1,1
MTMR9LP,FOXD3,1,1
MTMR9LP,GBA2,1,1
MTMR9LP,IFT172,1,1
MTMR9LP,MFSD12,1,1
MTMR9LP,NCAPD2,1,1
MTMR9LP,PTTG1IP,1,1
MTMR9LP,SH3D21,1,1
MTMR9LP,TPP1,1,1
SH3D21,AMDHD2,1,1
SH3D21,ARSG,1,1
SH3D21,CH17-472G23.4,1,1
SH3D21,CLN3,1,1
SH3D21,FOXD3,1,1
SH3D21,KIAA1456,1,1
SH3D21,MFAP3L,1,1
SH3D21,MFSD12,1,1
SH3D21,MLPH,1,1
SH3D21,MXI1,1,1
SH3D21,NAGK,1,1
SH3D21,RUFY3,1,1
SH3D21,SLC15A4,1,1
SH3D21,TMEM150A,1,1
SORBS2,TMC7,1,1
DEPDC5,ABHD3,1,1
DEPDC5,ADCY2,1,1
DEPDC5,AHCYL2,1,1
DEPDC5,ALDH5A1,1,1
DEPDC5,B4GALT2,1,1
DEPDC5,BRI3,1,1
DEPDC5,CCDC107,1,1
DEPDC5,CHSY3,1,1
DEPDC5,COMT,1,1
DEPDC5,CROCC,1,1
DEPDC5,DCAF17,1,1
DEPDC5,DPYD,1,1
DEPDC5,E2F5,1,1
DEPDC5,EGFR,1,1
DEPDC5,FAM83H,1,1
DEPDC5,FBXO44,1,1
DEPDC5,FBXO7,1,1
DEPDC5,FZD8,1,1
DEPDC5,GPR137B,1,1
DEPDC5,GPR161,1,1
DEPDC5,HACE1,1,1
DEPDC5,LIPA,1,1
DEPDC5,METTL21A,1,1
DEPDC5,MLST8,1,1
DEPDC5,MOSPD1,1,1
DEPDC5,NCKAP5L,1,1
DEPDC5,PANK4,1,1
DEPDC5,PARVB,1,1
DEPDC5,PDE4DIP,1,1
DEPDC5,PI4KA,1,1
DEPDC5,PLAGL1,1,1
DEPDC5,PLEKHM2,1,1
DEPDC5,PNPLA8,1,1
DEPDC5,PPFIBP2,1,1
DEPDC5,PRICKLE1,1,1
DEPDC5,RASSF3,1,1
DEPDC5,ROPN1B,1,1
DEPDC5,RP11-705C15.2,1,1
DEPDC5,SCML1,1,1
DEPDC5,SLC35C2,1,1
DEPDC5,SMDT1,1,1
DEPDC5,SORT1,1,1
DEPDC5,SSH1,1,1
DEPDC5,TAF6,1,1
DEPDC5,TECPR1,1,1
DEPDC5,TFG,1,1
DEPDC5,TMEM55A,1,1
DEPDC5,TSEN15,1,1
DEPDC5,UNC45A,1,1
DEPDC5,ZEB1,1,1
NNMT,ABHD3,1,1
NNMT,AP5Z1,1,1
NNMT,ATP9B,1,1
NNMT,C1ORF226,1,1
NNMT,CTXN1,1,1
NNMT,CYTH3,1,1
NNMT,ECSIT,1,1
NNMT,GADD45B,1,1
NNMT,NDUFS2,1,1
NNMT,NLGN1,1,1
NNMT,PDE1C,1,1
NNMT,PEX16,1,1
NNMT,RNPEP,1,1
NNMT,RRAGC,1,1
NNMT,RUNX2,1,1
NNMT,SNX3,1,1
NNMT,SYNJ2,1,1
NNMT,TBC1D14,1,1
NNMT,TRIM2,1,1
NNMT,ZNF280B,1,1
ID2,COMT,1,1
ID2,EEF1A1P9,1,1
ID2,IER5L,1,1
ID2,IFT172,1,1
ID2,MYLK,1,1
ID2,RP11-566K11.2,1,1
ID2,SIPA1L1,1,1
ID2,TULP4,1,1
ZC3H7B,ADCY2,1,1
ZC3H7B,BRI3,1,1
ZC3H7B,C21ORF91,1,1
ZC3H7B,CCDC107,1,1
ZC3H7B,CD46,1,1
ZC3H7B,CD82,1,1
ZC3H7B,CLPP,1,1
ZC3H7B,CREB5,1,1
ZC3H7B,CRTC1,1,1
ZC3H7B,CSTF3,1,1
ZC3H7B,DPYSL3,1,1
ZC3H7B,ELMOD1,1,1
ZC3H7B,EPG5,1,1
ZC3H7B,FBXO2,1,1
ZC3H7B,FN3K,1,1
ZC3H7B,FOXC1,1,1
ZC3H7B,GBA2,1,1
ZC3H7B,GPR137B,1,1
ZC3H7B,HLA-DRB3,1,1
ZC3H7B,HPS4,1,1
ZC3H7B,IFT172,1,1
ZC3H7B,INPP4B,1,1
ZC3H7B,KCNAB2,1,1
ZC3H7B,MRPL42,1,1
ZC3H7B,MYLK,1,1
ZC3H7B,NEDD4L,1,1
ZC3H7B,NXPH4,1,1
ZC3H7B,OR2A9P,1,1
ZC3H7B,OSBPL9,1,1
ZC3H7B,PCDHB14,1,1
ZC3H7B,PPIB,1,1
ZC3H7B,PRKAA2,1,1
ZC3H7B,PTTG1IP,1,1
ZC3H7B,RABEP2,1,1
ZC3H7B,RNF185,1,1
ZC3H7B,RP11-566K11.2,1,1
ZC3H7B,SLC16A6,1,1
ZC3H7B,SLC7A8,1,1
ZC3H7B,SNAP29,1,1
ZC3H7B,TBC1D20,1,1
ZC3H7B,TMEM47,1,1
ZC3H7B,TMEM98,1,1
ZC3H7B,TRAPPC2L,1,1
ZC3H7B,TRIM34,1,1
ZC3H7B,TRIM68,1,1
ZC3H7B,TTYH2,1,1
ZC3H7B,TULP4,1,1
ZC3H7B,UBN1,1,1
PPIB,AFF3,1,1
PPIB,AMMECR1,1,1
PPIB,B3GNT5,1,1
PPIB,C9ORF172,1,1
PPIB,CD46,1,1
PPIB,CREB5,1,1
PPIB,EEF1A1P5,1,1
PPIB,EIF4EBP1,1,1
PPIB,EPG5,1,1
PPIB,FOXC1,1,1
PPIB,HEG1,1,1
PPIB,INPP4B,1,1
PPIB,KCNAB2,1,1
PPIB,MAPK12,1,1
PPIB,NXPH4,1,1
PPIB,ORC4,1,1
PPIB,OSBPL9,1,1
PPIB,PCDHB14,1,1
PPIB,PRKAA2,1,1
PPIB,PTTG1IP,1,1
PPIB,SLC16A6,1,1
PPIB,TBC1D20,1,1
PPIB,TMEM47,1,1
PPIB,TRAPPC2L,1,1
PPIB,TRIM34,1,1
PPIB,TRIM68,1,1
PPIB,UBN1,1,1
CD82,ADCY2,1,1
CD82,BRI3,1,1
CD82,C12ORF4,1,1
CD82,CCDC107,1,1
CD82,CD46,1,1
CD82,COMT,1,1
CD82,CROCC,1,1
CD82,CSTF3,1,1
CD82,DCTN6,1,1
CD82,DPYD,1,1
CD82,DPYSL3,1,1
CD82,EEF1A1P8,1,1
CD82,EPG5,1,1
CD82,FBXO2,1,1
CD82,FN3K,1,1
CD82,FOXC1,1,1
CD82,GBA2,1,1
CD82,GPR137B,1,1
CD82,GPR161,1,1
CD82,HPS4,1,1
CD82,IFT172,1,1
CD82,IL12RB2,1,1
CD82,KCNAB2,1,1
CD82,MAGEA1,1,1
CD82,MED16,1,1
CD82,MLST8,1,1
CD82,MRPL42,1,1
CD82,MYLK,1,1
CD82,NUCKS1,1,1
CD82,PCDHB14,1,1
CD82,PI4KA,1,1
CD82,PODXL,1,1
CD82,PRICKLE1,1,1
CD82,PRKAA2,1,1
CD82,RBM10,1,1
CD82,RP11-566K11.2,1,1
CD82,RUVBL1,1,1
CD82,SCML1,1,1
CD82,SH3GL1,1,1
CD82,SLC16A6,1,1
CD82,TECPR1,1,1
CD82,TMEM47,1,1
CD82,TMEM98,1,1
CD82,TNFRSF14,1,1
CD82,TRAPPC2L,1,1
CD82,TRIM34,1,1
CD82,TRIM68,1,1
CD82,TTYH2,1,1
CD82,TULP4,1,1
CD82,USP5,1,1
GAMT,CDKN1A,1,1
GAMT,HLA-DRB3,1,1
GAMT,MYLK,1,1
GAMT,RBMS3,1,1
GAMT,SIPA1L1,1,1
GAMT,SMYD2,1,1
GAMT,TFDP2,1,1
TRIAP1,CREB5,1,1
TRIAP1,FN3K,1,1
TRIAP1,GATA2,1,1
TRIAP1,IFT172,1,1
TRIAP1,RBM10,1,1
TRIAP1,RGS2,1,1
TRIAP1,RPGR,1,1
TRIAP1,RUVBL1,1,1
TRIAP1,TMEM98,1,1
TRIAP1,TRIM34,1,1
TRIAP1,TRIM68,1,1
TRIAP1,USP5,1,1
SLC6A8,CYB561D1,1,1
SLC6A8,KAZN,1,1
SLC6A8,OSGIN1,1,1
SLC6A8,RREB1,1,1
SLC6A8,TESK1,1,1
TTYH2,ADCY2,1,1
TTYH2,AHCYL2,1,1
TTYH2,BRI3,1,1
TTYH2,C12ORF4,1,1
TTYH2,C21ORF91,1,1
TTYH2,CCDC107,1,1
TTYH2,CD46,1,1
TTYH2,CHSY3,1,1
TTYH2,COMT,1,1
TTYH2,CREB5,1,1
TTYH2,CROCC,1,1
TTYH2,CSTF3,1,1
TTYH2,DCTN6,1,1
TTYH2,DPYD,1,1
TTYH2,DPYSL3,1,1
TTYH2,ELMOD1,1,1
TTYH2,EPG5,1,1
TTYH2,FN3K,1,1
TTYH2,FOXC1,1,1
TTYH2,GBA2,1,1
TTYH2,GPR137B,1,1
TTYH2,GPR161,1,1
TTYH2,HPS4,1,1
TTYH2,IFT172,1,1
TTYH2,IL12RB2,1,1
TTYH2,KCNAB2,1,1
TTYH2,LIMCH1,1,1
TTYH2,MAGEA1,1,1
TTYH2,MED16,1,1
TTYH2,MLST8,1,1
TTYH2,MRPL42,1,1
TTYH2,MYLK,1,1
TTYH2,PCDHB14,1,1
TTYH2,PODXL,1,1
TTYH2,PRDM7,1,1
TTYH2,PRICKLE1,1,1
TTYH2,PRKAA2,1,1
TTYH2,RBM10,1,1
TTYH2,RP11-566K11.2,1,1
TTYH2,SCML1,1,1
TTYH2,SLC16A6,1,1
TTYH2,SLC7A8,1,1
TTYH2,SMYD2,1,1
TTYH2,SORT1,1,1
TTYH2,TECPR1,1,1
TTYH2,TLE4,1,1
TTYH2,TMEM47,1,1
TTYH2,TMEM98,1,1
TTYH2,TNFRSF14,1,1
TTYH2,TRAPPC2L,1,1
TTYH2,TRIM34,1,1
TTYH2,TRIM68,1,1
TTYH2,TULP4,1,1
TTYH2,UNC45A,1,1
TTYH2,USP5,1,1
TRAPPC11,ACP5,1,1
TRAPPC11,ANXA5,1,1
TRAPPC11,AP2S1,1,1
TRAPPC11,ATP6V0C,1,1
TRAPPC11,BNC2,1,1
TRAPPC11,CDC37,1,1
TRAPPC11,CLCN3,1,1
TRAPPC11,CREBRF,1,1
TRAPPC11,CTDSPL,1,1
TRAPPC11,CTSB,1,1
TRAPPC11,DAPK1,1,1
TRAPPC11,EIF1AY,1,1
TRAPPC11,FAM134C,1,1
TRAPPC11,GYG2,1,1
TRAPPC11,HACD4,1,1
TRAPPC11,HEXA,1,1
TRAPPC11,IFNGR1,1,1
TRAPPC11,IQCB1,1,1
TRAPPC11,MSC,1,1
TRAPPC11,MTHFR,1,1
TRAPPC11,NAPA,1,1
TRAPPC11,NTMT1,1,1
TRAPPC11,OSBPL9,1,1
TRAPPC11,OSTM1,1,1
TRAPPC11,PDXDC1,1,1
TRAPPC11,PLEKHN1,1,1
TRAPPC11,PRKD3,1,1
TRAPPC11,PSMD14,1,1
TRAPPC11,RAB32,1,1
TRAPPC11,RAD50,1,1
TRAPPC11,RPL26L1,1,1
TRAPPC11,SEMA6A,1,1
TRAPPC11,SERP1,1,1
TRAPPC11,SNAI2,1,1
TRAPPC11,SNCA,1,1
TRAPPC11,STXBP5,1,1
TRAPPC11,TCFL5,1,1
TRAPPC11,TMEM159,1,1
TRAPPC11,TMEM192,1,1
TRAPPC11,TMEM41A,1,1
TRAPPC11,UBL3,1,1
TRAPPC11,USF2,1,1
TRAPPC11,WDR44,1,1
TRAPPC11,WDR81,1,1
TRAPPC11,WDR92,1,1
TRAPPC11,WIPI1,1,1
FAM208A,ACP5,1,1
FAM208A,ACTR6,1,1
FAM208A,AK4,1,1
FAM208A,AMDHD2,1,1
FAM208A,AMMECR1,1,1
FAM208A,AP2S1,1,1
FAM208A,APCDD1,1,1
FAM208A,ARSG,1,1
FAM208A,ATP6V0C,1,1
FAM208A,AVPI1,1,1
FAM208A,BICD1,1,1
FAM208A,BNC2,1,1
FAM208A,BRD8,1,1
FAM208A,BTD,1,1
FAM208A,CD81,1,1
FAM208A,CDC37,1,1
FAM208A,CH17-472G23.4,1,1
FAM208A,CLCN6,1,1
FAM208A,CLN3,1,1
FAM208A,COL11A1,1,1
FAM208A,CSTF3,1,1
FAM208A,CTDSPL,1,1
FAM208A,DAPK1,1,1
FAM208A,DPH5,1,1
FAM208A,DPYSL3,1,1
FAM208A,EEF1A1P11,1,1
FAM208A,EEF1A1P5,1,1
FAM208A,EEF1A1P8,1,1
FAM208A,EIF1AY,1,1
FAM208A,EIF4EBP1,1,1
FAM208A,EPG5,1,1
FAM208A,FAM134C,1,1
FAM208A,FOXC1,1,1
FAM208A,FOXD3,1,1
FAM208A,GBA2,1,1
FAM208A,GDAP1,1,1
FAM208A,GYG2,1,1
FAM208A,HEXA,1,1
FAM208A,HPS4,1,1
FAM208A,IARS,1,1
FAM208A,KCNAB2,1,1
FAM208A,KIAA0930,1,1
FAM208A,KIAA1456,1,1
FAM208A,LRCH4,1,1
FAM208A,MFSD12,1,1
FAM208A,MLPH,1,1
FAM208A,MRPS22,1,1
FAM208A,MTHFD2,1,1
FAM208A,MTHFR,1,1
FAM208A,MXI1,1,1
FAM208A,NAGK,1,1
FAM208A,NAPA,1,1
FAM208A,NPIPP1,1,1
FAM208A,NUCKS1,1,1
FAM208A,NUP160,1,1
FAM208A,ORC4,1,1
FAM208A,OSBPL9,1,1
FAM208A,PAPOLA,1,1
FAM208A,PARP14,1,1
FAM208A,PMEL,1,1
FAM208A,PPP4R1L,1,1
FAM208A,PRKCE,1,1
FAM208A,PSMD14,1,1
FAM208A,PTPN18,1,1
FAM208A,QPRT,1,1
FAM208A,RGS12,1,1
FAM208A,RNF217,1,1
FAM208A,RPL26L1,1,1
FAM208A,RPS4Y1,1,1
FAM208A,RUFY3,1,1
FAM208A,SEMA6A,1,1
FAM208A,SERP1,1,1
FAM208A,SNAI2,1,1
FAM208A,SNCA,1,1
FAM208A,SOCS5,1,1
FAM208A,SSPN,1,1
FAM208A,SSU72,1,1
FAM208A,STRAP,1,1
FAM208A,TBC1D20,1,1
FAM208A,TCFL5,1,1
FAM208A,TMEM140,1,1
FAM208A,TMEM41A,1,1
FAM208A,TPP1,1,1
FAM208A,TUSC3,1,1
FAM208A,UBXN4,1,1
FAM208A,USF2,1,1
FAM208A,WDR81,1,1
RREB1,AC240274.1,1,1
RREB1,AP2S1,1,1
RREB1,ASAP2,1,1
RREB1,ATP6V0C,1,1
RREB1,CTDSPL,1,1
RREB1,CYB561D1,1,1
RREB1,HOXC13,1,1
RREB1,ILKAP,1,1
RREB1,KAZN,1,1
RREB1,MSC,1,1
RREB1,PDXDC1,1,1
RREB1,RAD50,1,1
RREB1,SERP1,1,1
RREB1,SNAI2,1,1
RREB1,SSU72,1,1
RREB1,STRIP1,1,1
RREB1,TESK1,1,1
RREB1,USF2,1,1
RREB1,WDR44,1,1
RREB1,WDR81,1,1
RREB1,ZC3H12C,1,1
HIVEP2,GJA3,1,1
HIVEP2,GNPTAB,1,1
HIVEP2,HDAC4,1,1
HIVEP2,HOXB7,1,1
HIVEP2,PDE8A,1,1
HIVEP2,PHF3,1,1
HIVEP2,RASSF3,1,1
HIVEP2,RRAGD,1,1
HIVEP2,SSH1,1,1
HIVEP2,TBC1D14,1,1
HIVEP2,TMTC1,1,1
HIVEP2,TRIM2,1,1
TMEM41A,ACP5,1,1
TMEM41A,AMDHD2,1,1
TMEM41A,AP2S1,1,1
TMEM41A,ATP6V0C,1,1
TMEM41A,BRI3,1,1
TMEM41A,CDC37,1,1
TMEM41A,CLCN6,1,1
TMEM41A,COL11A1,1,1
TMEM41A,CRCP,1,1
TMEM41A,CTDSPL,1,1
TMEM41A,CTSB,1,1
TMEM41A,DAPK1,1,1
TMEM41A,DPH5,1,1
TMEM41A,DPYSL3,1,1
TMEM41A,FAM134C,1,1
TMEM41A,FOXC1,1,1
TMEM41A,GDAP1,1,1
TMEM41A,GYG2,1,1
TMEM41A,HEXA,1,1
TMEM41A,IARS,1,1
TMEM41A,IFNGR1,1,1
TMEM41A,KIAA0930,1,1
TMEM41A,LRCH4,1,1
TMEM41A,MAGEA1,1,1
TMEM41A,MRPS22,1,1
TMEM41A,MTHFR,1,1
TMEM41A,MXI1,1,1
TMEM41A,NAA50,1,1
TMEM41A,NUP160,1,1
TMEM41A,ORC4,1,1
TMEM41A,OSBPL9,1,1
TMEM41A,PARP14,1,1
TMEM41A,PLEKHN1,1,1
TMEM41A,PPP4R1L,1,1
TMEM41A,PSMD14,1,1
TMEM41A,QPRT,1,1
TMEM41A,RP3-461F17.3,1,1
TMEM41A,RPL26L1,1,1
TMEM41A,SEMA6A,1,1
TMEM41A,SH3GL1,1,1
TMEM41A,SLC35B3,1,1
TMEM41A,SNAI2,1,1
TMEM41A,SNCA,1,1
TMEM41A,SOCS5,1,1
TMEM41A,SSU72,1,1
TMEM41A,ST5,1,1
TMEM41A,TCFL5,1,1
TMEM41A,TMEM159,1,1
TMEM41A,TPP1,1,1
TMEM41A,USF2,1,1
TMEM41A,USP15,1,1
TMEM41A,WDR92,1,1
TMEM41A,WIPI1,1,1
WIPI1,ATP6V0C,1,1
WIPI1,CALM3,1,1
WIPI1,CDC37,1,1
WIPI1,CPEB2,1,1
WIPI1,CTDSPL,1,1
WIPI1,CTSB,1,1
WIPI1,DAPK1,1,1
WIPI1,FAM134C,1,1
WIPI1,HACD4,1,1
WIPI1,IQCB1,1,1
WIPI1,MSC,1,1
WIPI1,MTHFR,1,1
WIPI1,NAPA,1,1
WIPI1,OSTM1,1,1
WIPI1,PDXDC1,1,1
WIPI1,PRKD3,1,1
WIPI1,PSMD14,1,1
WIPI1,RAD50,1,1
WIPI1,SERP1,1,1
WIPI1,SNAI2,1,1
WIPI1,SNCA,1,1
WIPI1,ST5,1,1
WIPI1,STXBP5,1,1
WIPI1,TMEM159,1,1
WIPI1,USF2,1,1
WIPI1,WDR92,1,1
ZEB1,ABHD3,1,1
ZEB1,ADAM12,1,1
ZEB1,AHCYL2,1,1
ZEB1,ALDH5A1,1,1
ZEB1,ANXA5,1,1
ZEB1,AP5Z1,1,1
ZEB1,ARSJ,1,1
ZEB1,ATP6V1H,1,1
ZEB1,B4GALT2,1,1
ZEB1,BRI3,1,1
ZEB1,CBR3,1,1
ZEB1,CCDC107,1,1
ZEB1,CHSY3,1,1
ZEB1,CSTF3,1,1
ZEB1,CTXN1,1,1
ZEB1,CYTH3,1,1
ZEB1,DPYD,1,1
ZEB1,DPYSL3,1,1
ZEB1,E2F5,1,1
ZEB1,ECSIT,1,1
ZEB1,EGFR,1,1
ZEB1,ESRP1,1,1
ZEB1,FAM83H,1,1
ZEB1,FBXO7,1,1
ZEB1,FZD8,1,1
ZEB1,GADD45B,1,1
ZEB1,GNPTAB,1,1
ZEB1,GPR137B,1,1
ZEB1,HADHB,1,1
ZEB1,HBS1L,1,1
ZEB1,HDAC4,1,1
ZEB1,HPS4,1,1
ZEB1,KCNN4,1,1
ZEB1,LIMCH1,1,1
ZEB1,MED16,1,1
ZEB1,MLST8,1,1
ZEB1,NTM,1,1
ZEB1,PANK4,1,1
ZEB1,PDE1C,1,1
ZEB1,PEX16,1,1
ZEB1,PI4KA,1,1
ZEB1,PNPLA8,1,1
ZEB1,PODXL,1,1
ZEB1,PPFIBP2,1,1
ZEB1,PXYLP1,1,1
ZEB1,RASSF3,1,1
ZEB1,ROPN1B,1,1
ZEB1,RRAGC,1,1
ZEB1,RRAGD,1,1
ZEB1,RUNX2,1,1
ZEB1,SLC35C2,1,1
ZEB1,SNX3,1,1
ZEB1,SORT1,1,1
ZEB1,TBC1D14,1,1
ZEB1,TFG,1,1
ZEB1,TFPI,1,1
ZEB1,TMEM55A,1,1
ZEB1,TMTC1,1,1
ZEB1,TRIM2,1,1
ZEB1,ZNF280B,1,1
PSD3,LPP,1,1
PSD3,PCNX2,1,1
PSD3,TFPI,1,1
NTM,ADAM12,1,1
NTM,ANKRD39,1,1
NTM,ANXA5,1,1
NTM,ARSJ,1,1
NTM,ATP6V1H,1,1
NTM,BRI3,1,1
NTM,CBR3,1,1
NTM,CSTF3,1,1
NTM,DCTN3,1,1
NTM,DPYSL3,1,1
NTM,E2F5,1,1
NTM,ELMOD1,1,1
NTM,ESRP1,1,1
NTM,FOXC1,1,1
NTM,FZD8,1,1
NTM,GPR137B,1,1
NTM,HPS4,1,1
NTM,IARS,1,1
NTM,KCNN4,1,1
NTM,LAMP1,1,1
NTM,LIF,1,1
NTM,LIMCH1,1,1
NTM,MLST8,1,1
NTM,NRP1,1,1
NTM,OSBPL9,1,1
NTM,PODXL,1,1
NTM,PRKAA2,1,1
NTM,PXYLP1,1,1
NTM,RRAGD,1,1
NTM,SH3GL1,1,1
NTM,SIRT6,1,1
NTM,SOCS5,1,1
NTM,TRAPPC2L,1,1
NTM,TSC22D1,1,1
NTM,ZBTB38,1,1
GNPTAB,AHCYL2,1,1
GNPTAB,ALDH5A1,1,1
GNPTAB,B4GALT2,1,1
GNPTAB,CTXN1,1,1
GNPTAB,E2F5,1,1
GNPTAB,EGFR,1,1
GNPTAB,FAM83H,1,1
GNPTAB,FBXL12,1,1
GNPTAB,FBXO7,1,1
GNPTAB,GADD45B,1,1
GNPTAB,HADHB,1,1
GNPTAB,HDAC4,1,1
GNPTAB,MOSPD1,1,1
GNPTAB,NLGN1,1,1
GNPTAB,PPFIBP2,1,1
GNPTAB,RASSF3,1,1
GNPTAB,RRAGD,1,1
GNPTAB,RUNX2,1,1
GNPTAB,SNX3,1,1
GNPTAB,SPPL3,1,1
GNPTAB,SSH1,1,1
GNPTAB,TFG,1,1
GNPTAB,TFPI,1,1
GNPTAB,TMEM8A,1,1
GNPTAB,TMTC1,1,1
GNPTAB,ZNF280B,1,1
LMBRD2,ADAM12,1,1
LMBRD2,CPE,1,1
LMBRD2,CTXN1,1,1
LMBRD2,KCNN4,1,1
LMBRD2,LMCD1,1,1
LMBRD2,PALM2-AKAP2,1,1
LMBRD2,PCNX2,1,1
LMBRD2,PIGM,1,1
LMBRD2,PPP1R16A,1,1
LMBRD2,PXYLP1,1,1
LMBRD2,TFPI,1,1
LMBRD2,TSC22D1,1,1
LMBRD2,ZBTB38,1,1
BRI3,ABHD3,1,1
BRI3,ACP5,1,1
BRI3,ADCY2,1,1
BRI3,AHCYL2,1,1
BRI3,AMDHD2,1,1
BRI3,ANKRD39,1,1
BRI3,ANXA5,1,1
BRI3,ARSJ,1,1
BRI3,ATP6V1H,1,1
BRI3,C1ORF226,1,1
BRI3,CBR3,1,1
BRI3,CCDC107,1,1
BRI3,CD46,1,1
BRI3,COMT,1,1
BRI3,CROCC,1,1
BRI3,CSTF3,1,1
BRI3,DCTN3,1,1
BRI3,DPYD,1,1
BRI3,DPYSL3,1,1
BRI3,DYRK1A,1,1
BRI3,E2F5,1,1
BRI3,EEF1A1P8,1,1
BRI3,EGFR,1,1
BRI3,ELMOD1,1,1
BRI3,EPG5,1,1
BRI3,ESRP1,1,1
BRI3,FBXO2,1,1
BRI3,FOXC1,1,1
BRI3,GBA2,1,1
BRI3,GPR137B,1,1
BRI3,HEXA,1,1
BRI3,HPS4,1,1
BRI3,IARS,1,1
BRI3,KCNAB2,1,1
BRI3,LIMCH1,1,1
BRI3,LZTS1,1,1
BRI3,MAGEA1,1,1
BRI3,METTL21A,1,1
BRI3,MLST8,1,1
BRI3,MRPL42,1,1
BRI3,MYLK,1,1
BRI3,NUCKS1,1,1
BRI3,ORC4,1,1
BRI3,OSBPL9,1,1
BRI3,PANK4,1,1
BRI3,PDE1C,1,1
BRI3,PI4KA,1,1
BRI3,PLAGL1,1,1
BRI3,PLEKHN1,1,1
BRI3,PODXL,1,1
BRI3,PRICKLE1,1,1
BRI3,PRKAA2,1,1
BRI3,RASSF3,1,1
BRI3,RP11-566K11.2,1,1
BRI3,RRAGD,1,1
BRI3,SEMA6A,1,1
BRI3,SH3GL1,1,1
BRI3,SLC15A4,1,1
BRI3,SLC16A6,1,1
BRI3,SLC7A8,1,1
BRI3,SNAP29,1,1
BRI3,SSU72,1,1
BRI3,ST3GAL5,1,1
BRI3,TBC1D14,1,1
BRI3,TCFL5,1,1
BRI3,TMCC2,1,1
BRI3,TMEM55A,1,1
BRI3,TPP1,1,1
BRI3,TRAPPC2L,1,1
BRI3,TRIM2,1,1
BRI3,TULP4,1,1
BRI3,USP5,1,1
BRI3,WDFY1,1,1
ARMC9,ANKRD39,1,1
ARMC9,ANXA5,1,1
ARMC9,AP3M2,1,1
ARMC9,ARSJ,1,1
ARMC9,ASAP2,1,1
ARMC9,CYSTM1,1,1
ARMC9,EXOC4,1,1
ARMC9,FBXO2,1,1
ARMC9,GJA3,1,1
ARMC9,HABP4,1,1
ARMC9,KCTD7,1,1
ARMC9,LZTS1,1,1
ARMC9,MSC,1,1
ARMC9,MYO9B,1,1
ARMC9,OSBPL9,1,1
ARMC9,PI4KA,1,1
ARMC9,PIEZO1,1,1
ARMC9,PPFIA1,1,1
ARMC9,RAD50,1,1
ARMC9,RRAGD,1,1
ARMC9,SLC7A8,1,1
ARMC9,SNAP29,1,1
ARMC9,TBC1D14,1,1
ARMC9,TMCC2,1,1
ARMC9,TRIM2,1,1
ARMC9,WDFY1,1,1
ARMC9,WDR44,1,1
ARMC9,ZBTB24,1,1
PIGP,ACTR6,1,1
PIGP,BNC2,1,1
PIGP,CRCP,1,1
PIGP,MRPS22,1,1
PIGP,MXI1,1,1
PIGP,NUP160,1,1
PIGP,PRMT6,1,1
PIGP,PSMD14,1,1
PIGP,RP3-461F17.3,1,1
PIGP,RPL26L1,1,1
PIGP,RUFY3,1,1
PIGP,STRAP,1,1
PIGP,UNC13B,1,1
PIGP,USP15,1,1
RBM10,C12ORF4,1,1
RBM10,COMT,1,1
RBM10,GPR137B,1,1
RBM10,KCNAB2,1,1
RBM10,MAGEA1,1,1
RBM10,MRPL42,1,1
RBM10,RPGR,1,1
RBM10,RUVBL1,1,1
RBM10,TRIM34,1,1
RBM10,TULP4,1,1
RBM10,USP5,1,1
E2F5,ABHD3,1,1
E2F5,ADAM12,1,1
E2F5,AHCYL2,1,1
E2F5,ALDH5A1,1,1
E2F5,B4GALT2,1,1
E2F5,CBR3,1,1
E2F5,CHSY3,1,1
E2F5,CTXN1,1,1
E2F5,CYTH3,1,1
E2F5,DCAF17,1,1
E2F5,DPYD,1,1
E2F5,ESRP1,1,1
E2F5,FAM83H,1,1
E2F5,FBXL12,1,1
E2F5,FBXO7,1,1
E2F5,FZD8,1,1
E2F5,GADD45B,1,1
E2F5,HADHB,1,1
E2F5,HDAC4,1,1
E2F5,KCNN4,1,1
E2F5,MLST8,1,1
E2F5,MOSPD1,1,1
E2F5,PANK4,1,1
E2F5,PDE1C,1,1
E2F5,PPFIBP2,1,1
E2F5,PXYLP1,1,1
E2F5,RASSF3,1,1
E2F5,ROPN1B,1,1
E2F5,RUNX2,1,1
E2F5,SLC35C2,1,1
E2F5,SNX3,1,1
E2F5,SSH1,1,1
E2F5,TAF6,1,1
E2F5,TFG,1,1
E2F5,TFPI,1,1
E2F5,TMEM222,1,1
E2F5,TMTC1,1,1
E2F5,ZBTB38,1,1
E2F5,ZNF280B,1,1
CMTR1,AEBP2,1,1
CMTR1,CCZ1,1,1
CMTR1,FYTTD1,1,1
OSGIN1,SPCS1,1,1
OSGIN1,TESK1,1,1
ZNF280B,ABHD3,1,1
ZNF280B,AHCYL2,1,1
ZNF280B,ALDH5A1,1,1
ZNF280B,AP5Z1,1,1
ZNF280B,ATP1A1,1,1
ZNF280B,B4GALT2,1,1
ZNF280B,CTXN1,1,1
ZNF280B,CYTH3,1,1
ZNF280B,DPYD,1,1
ZNF280B,ECSIT,1,1
ZNF280B,ESRP1,1,1
ZNF280B,FAM83H,1,1
ZNF280B,FBXL12,1,1
ZNF280B,FBXO44,1,1
ZNF280B,FBXO7,1,1
ZNF280B,GADD45B,1,1
ZNF280B,NLGN1,1,1
ZNF280B,PANK4,1,1
ZNF280B,PDE1C,1,1
ZNF280B,PNPLA8,1,1
ZNF280B,PPFIBP2,1,1
ZNF280B,RNPEP,1,1
ZNF280B,RUNX2,1,1
ZNF280B,SLC35C2,1,1
ZNF280B,SNX3,1,1
ZNF280B,SSH1,1,1
ZNF280B,TFG,1,1
ZNF280B,TFPI,1,1
ZNF280B,TMEM222,1,1
ZNF280B,ZDHHC14,1,1
ZBTB24,ASAP2,1,1
ZBTB24,CYB561D1,1,1
ZBTB24,GJA3,1,1
ZBTB24,HABP4,1,1
ZBTB24,PDE8A,1,1
ZBTB24,PHF3,1,1
ZBTB24,PPFIA1,1,1
ZBTB24,TBC1D14,1,1
ZBTB24,WDFY1,1,1
ZBTB24,WDR44,1,1
ABHD3,AHCYL2,1,1
ABHD3,ALDH5A1,1,1
ABHD3,AP5Z1,1,1
ABHD3,CCDC107,1,1
ABHD3,CROCC,1,1
ABHD3,CTXN1,1,1
ABHD3,CYTH3,1,1
ABHD3,DPYD,1,1
ABHD3,ECSIT,1,1
ABHD3,ESRP1,1,1
ABHD3,FAM83H,1,1
ABHD3,FBXL12,1,1
ABHD3,FBXO44,1,1
ABHD3,FBXO7,1,1
ABHD3,GADD45B,1,1
ABHD3,GPR137B,1,1
ABHD3,MED16,1,1
ABHD3,MLST8,1,1
ABHD3,NLGN1,1,1
ABHD3,PANK4,1,1
ABHD3,PARD3,1,1
ABHD3,PDE1C,1,1
ABHD3,PEX16,1,1
ABHD3,PPFIBP2,1,1
ABHD3,RNPEP,1,1
ABHD3,ROPN1B,1,1
ABHD3,RUNX2,1,1
ABHD3,SCML1,1,1
ABHD3,SLC35C2,1,1
ABHD3,SNX3,1,1
ABHD3,ST3GAL5,1,1
ABHD3,TAF6,1,1
ABHD3,TFG,1,1
ABHD3,TFPI,1,1
ABHD3,TMEM222,1,1
RAB11FIP3,ACP5,1,1
RAB11FIP3,ATP6V0C,1,1
RAB11FIP3,BICD1,1,1
RAB11FIP3,C1ORF226,1,1
RAB11FIP3,CD81,1,1
RAB11FIP3,CNNM3,1,1
RAB11FIP3,CTDSPL,1,1
RAB11FIP3,DYRK1A,1,1
RAB11FIP3,EEF1A1P11,1,1
RAB11FIP3,FOXC1,1,1
RAB11FIP3,HOXC13,1,1
RAB11FIP3,IFNGR1,1,1
RAB11FIP3,KIAA0930,1,1
RAB11FIP3,MYC,1,1
RAB11FIP3,SEMA6A,1,1
RAB11FIP3,SIPA1L1,1,1
RAB11FIP3,SNAI2,1,1
RAB11FIP3,SNCA,1,1
RAB11FIP3,SSU72,1,1
RAB11FIP3,SYNJ2,1,1
RAB11FIP3,TBC1D24,1,1
SYNJ2,C1ORF226,1,1
SYNJ2,DYRK1A,1,1
SYNJ2,ECSIT,1,1
SYNJ2,GABRA3,1,1
SYNJ2,GADD45B,1,1
SYNJ2,HOXC13,1,1
SYNJ2,IER5L,1,1
SYNJ2,KRT8,1,1
SYNJ2,PDE1C,1,1
SYNJ2,PPP1R9A,1,1
SYNJ2,SIPA1L1,1,1
SYNJ2,SSU72,1,1
SYNJ2,TBC1D14,1,1
MFSD12,ACP5,1,1
MFSD12,AMDHD2,1,1
MFSD12,APCDD1,1,1
MFSD12,BICD1,1,1
MFSD12,BTD,1,1
MFSD12,CCZ1,1,1
MFSD12,CH17-472G23.4,1,1
MFSD12,CLCN6,1,1
MFSD12,CLN3,1,1
MFSD12,COL11A1,1,1
MFSD12,EEF1A1P8,1,1
MFSD12,EEF1A1P9,1,1
MFSD12,EPG5,1,1
MFSD12,FBXO17,1,1
MFSD12,FOXC1,1,1
MFSD12,FOXD3,1,1
MFSD12,GBA2,1,1
MFSD12,GDAP1,1,1
MFSD12,HEXA,1,1
MFSD12,IFT172,1,1
MFSD12,KIAA1456,1,1
MFSD12,LRCH4,1,1
MFSD12,NAGK,1,1
MFSD12,NPIPP1,1,1
MFSD12,NUCKS1,1,1
MFSD12,ORC4,1,1
MFSD12,PPP4R1L,1,1
MFSD12,QPRT,1,1
MFSD12,RP11-566K11.2,1,1
MFSD12,SCAMP2,1,1
MFSD12,SEMA6A,1,1
MFSD12,TMEM80,1,1
MFSD12,TNFRSF14,1,1
MFSD12,TPP1,1,1
MFSD12,TUSC3,1,1
MFSD12,UBXN4,1,1
R3HCC1L,BDH1,1,1
R3HCC1L,BMPR2,1,1
R3HCC1L,CCDC82,1,1
R3HCC1L,CLCN3,1,1
R3HCC1L,FNIP2,1,1
R3HCC1L,MSC,1,1
R3HCC1L,NARS2,1,1
R3HCC1L,RAB32,1,1
R3HCC1L,SLC16A6,1,1
R3HCC1L,TMEM192,1,1
ZNF529,ARL6IP6,1,1
ZNF529,CSTF3,1,1
ZNF529,DCTN6,1,1
ZNF529,KCNAB2,1,1
ZNF529,MRPL42,1,1
ZNF529,NUCKS1,1,1
ZNF529,PRICKLE1,1,1
ZNF529,RIC8B,1,1
ZNF529,RPGR,1,1
UNC13B,ACTR6,1,1
UNC13B,AFF3,1,1
UNC13B,AP2S1,1,1
UNC13B,ARSG,1,1
UNC13B,BNC2,1,1
UNC13B,CDC37,1,1
UNC13B,CLN3,1,1
UNC13B,CREBRF,1,1
UNC13B,DAPK1,1,1
UNC13B,EEF1A1P5,1,1
UNC13B,EIF4EBP1,1,1
UNC13B,ERO1A,1,1
UNC13B,FAM134C,1,1
UNC13B,FBXO2,1,1
UNC13B,FOXD3,1,1
UNC13B,FYCO1,1,1
UNC13B,GYG2,1,1
UNC13B,HABP4,1,1
UNC13B,HEXA,1,1
UNC13B,KANSL3,1,1
UNC13B,KCTD7,1,1
UNC13B,KIAA1522,1,1
UNC13B,LRCH4,1,1
UNC13B,LSM 7.00,1,1
UNC13B,MLPH,1,1
UNC13B,MXI1,1,1
UNC13B,MYO9B,1,1
UNC13B,NAGK,1,1
UNC13B,NAPA,1,1
UNC13B,ORC4,1,1
UNC13B,OSBPL9,1,1
UNC13B,PMEL,1,1
UNC13B,PRKCE,1,1
UNC13B,PSMD14,1,1
UNC13B,PTTG1IP,1,1
UNC13B,QPRT,1,1
UNC13B,RAB32,1,1
UNC13B,RGS12,1,1
UNC13B,RP3-461F17.3,1,1
UNC13B,RPL26L1,1,1
UNC13B,RUFY3,1,1
UNC13B,SEMA6A,1,1
UNC13B,SSPN,1,1
UNC13B,STRAP,1,1
UNC13B,TAF8,1,1
UNC13B,TBC1D20,1,1
UNC13B,TBC1D7,1,1
UNC13B,TCFL5,1,1
UNC13B,TMCC2,1,1
UNC13B,TMEM140,1,1
UNC13B,TPP1,1,1
UNC13B,UBL3,1,1
UNC13B,USF2,1,1
UNC13B,USP15,1,1
UNC13B,WDR81,1,1
UNC13B,ZFYVE26,1,1
UNC13B,ZNF584,1,1
UNC13B,ZNF747,1,1
EEF1A1P6,ALG14,1,1
EEF1A1P6,CCZ1,1,1
EEF1A1P6,EEF1A1P9,1,1
EEF1A1P6,IFT172,1,1
EEF1A1P6,TMEM80,1,1
PLAGL1,AHCYL2,1,1
PLAGL1,B4GALT2,1,1
PLAGL1,COMT,1,1
PLAGL1,DCTN3,1,1
PLAGL1,DNAJA2,1,1
PLAGL1,DPYD,1,1
PLAGL1,DPYSL3,1,1
PLAGL1,DROSHA,1,1
PLAGL1,EGFR,1,1
PLAGL1,ESRP1,1,1
PLAGL1,FBXO7,1,1
PLAGL1,GPR137B,1,1
PLAGL1,LIPA,1,1
PLAGL1,MAGEA1,1,1
PLAGL1,MED16,1,1
PLAGL1,MLST8,1,1
PLAGL1,MRPL42,1,1
PLAGL1,NAA50,1,1
PLAGL1,PNPLA8,1,1
PLAGL1,PODXL,1,1
PLAGL1,PPFIBP2,1,1
PLAGL1,PRICKLE1,1,1
PLAGL1,RP11-705C15.2,1,1
PLAGL1,SCML1,1,1
PLAGL1,SF3A2,1,1
PLAGL1,ST3GAL5,1,1
PLAGL1,TAF6,1,1
PLAGL1,TECPR1,1,1
PLAGL1,TFG,1,1
PLAGL1,TLE4,1,1
PLAGL1,TMEM55A,1,1
PPFIA1,GCLC,1,1
PPFIA1,GJA3,1,1
PPFIA1,KCTD7,1,1
PPFIA1,PI4KA,1,1
PPFIA1,RRAGC,1,1
PPFIA1,SNAP29,1,1
PPFIA1,TBC1D14,1,1
PPFIA1,TRIM2,1,1
PPFIA1,WDFY1,1,1
PPFIA1,ZC3H12C,1,1
WDR81,AC240274.1,1,1
WDR81,ACP5,1,1
WDR81,ACTR6,1,1
WDR81,AMDHD2,1,1
WDR81,AP2S1,1,1
WDR81,APCDD1,1,1
WDR81,ARSG,1,1
WDR81,ASAP2,1,1
WDR81,ATP6V0C,1,1
WDR81,BNC2,1,1
WDR81,BRD8,1,1
WDR81,BTD,1,1
WDR81,C12ORF10,1,1
WDR81,CDC37,1,1
WDR81,CLCN6,1,1
WDR81,CLN3,1,1
WDR81,CLN5,1,1
WDR81,COL11A1,1,1
WDR81,CTDSPL,1,1
WDR81,CYB561D1,1,1
WDR81,DAPK1,1,1
WDR81,DYRK1A,1,1
WDR81,EEF1A1P11,1,1
WDR81,EEF1A1P5,1,1
WDR81,EIF1AY,1,1
WDR81,EIF4EBP1,1,1
WDR81,FAM134C,1,1
WDR81,FOXC1,1,1
WDR81,FOXD3,1,1
WDR81,FYCO1,1,1
WDR81,GDAP1,1,1
WDR81,GYG2,1,1
WDR81,HABP4,1,1
WDR81,HEXA,1,1
WDR81,HOXC13,1,1
WDR81,ILKAP,1,1
WDR81,KAZN,1,1
WDR81,KIAA0930,1,1
WDR81,LRCH4,1,1
WDR81,LSM 7.00,1,1
WDR81,MFAP3L,1,1
WDR81,MLPH,1,1
WDR81,MSC,1,1
WDR81,MTHFR,1,1
WDR81,MXI1,1,1
WDR81,NAGK,1,1
WDR81,NAPA,1,1
WDR81,ORC4,1,1
WDR81,OSBPL9,1,1
WDR81,PMEL,1,1
WDR81,PPP4R1L,1,1
WDR81,PRKCE,1,1
WDR81,PSMD14,1,1
WDR81,QPRT,1,1
WDR81,RAB32,1,1
WDR81,RGS12,1,1
WDR81,RPL26L1,1,1
WDR81,RPS4Y1,1,1
WDR81,RUFY3,1,1
WDR81,SEMA6A,1,1
WDR81,SERP1,1,1
WDR81,SLC15A4,1,1
WDR81,SNAI2,1,1
WDR81,SNCA,1,1
WDR81,SSPN,1,1
WDR81,SSU72,1,1
WDR81,STRAP,1,1
WDR81,STRIP1,1,1
WDR81,TAF8,1,1
WDR81,TBC1D7,1,1
WDR81,TCFL5,1,1
WDR81,TESK1,1,1
WDR81,TMEM140,1,1
WDR81,TMEM150A,1,1
WDR81,TPP1,1,1
WDR81,UBL3,1,1
WDR81,USF2,1,1
WDR81,ZFYVE26,1,1
WDR81,ZNF584,1,1
SEC24D,BICD1,1,1
SEC24D,HLA-DRB3,1,1
SEC24D,PCDHB14,1,1
SEC24D,PRKAA2,1,1
SEC24D,RPAP1,1,1
SEC24D,SIPA1L1,1,1
SEC24D,SMIM7,1,1
SEC24D,SMYD2,1,1
SEC24D,TMBIM6,1,1
SEC24D,TMC7,1,1
SEC24D,TMEM47,1,1
SEC24D,UBN1,1,1
SEC24D,UBXN4,1,1
LAMP1,ANXA5,1,1
LAMP1,ATP6V1H,1,1
LAMP1,CNNM3,1,1
LAMP1,DHTKD1,1,1
LAMP1,HADHB,1,1
LAMP1,HBS1L,1,1
LAMP1,OSTM1,1,1
LAMP1,PRKD3,1,1
LAMP1,RP11-1035H13.3,1,1
LAMP1,RRAGD,1,1
LAMP1,SLC19A2,1,1
LAMP1,SMPD2,1,1
LAMP1,SNX9,1,1
LAMP1,SORT1,1,1
LAMP1,ST3GAL5,1,1
LAMP1,STXBP5,1,1
LAMP1,TMTC1,1,1
LAMP1,ZADH2,1,1
POC5,ACTR6,1,1
POC5,CYB561D1,1,1
POC5,FAM134C,1,1
POC5,NAV3,1,1
POC5,NTMT1,1,1
POC5,PLEKHN1,1,1
POC5,RPL26L1,1,1
POC5,SF3A2,1,1
POC5,USF2,1,1
POC5,YOD1,1,1
SIPA1L1,BICD1,1,1
SIPA1L1,FAM92A1,1,1
SIPA1L1,FOXC1,1,1
SIPA1L1,GPR137B,1,1
SIPA1L1,IER5L,1,1
SIPA1L1,KCNAB2,1,1
SIPA1L1,MYLK,1,1
SIPA1L1,PCDHB14,1,1
SIPA1L1,PRKAA2,1,1
SIPA1L1,RP11-566K11.2,1,1
SIPA1L1,SMIM7,1,1
SIPA1L1,SMYD2,1,1
SIPA1L1,SSU72,1,1
SIPA1L1,TMBIM6,1,1
SIPA1L1,TRAPPC2L,1,1
SIPA1L1,TULP4,1,1
IQCB1,APOL6,1,1
IQCB1,CPEB2,1,1
IQCB1,CTSB,1,1
IQCB1,HACD4,1,1
IQCB1,PDXDC1,1,1
IQCB1,ST5,1,1
IQCB1,TMEM159,1,1
IQCB1,WDR92,1,1
LONP1,AC240274.1,1,1
LONP1,APCDD1,1,1
LONP1,BRD8,1,1
LONP1,CPEB2,1,1
LONP1,CTDSPL,1,1
LONP1,DYRK1A,1,1
LONP1,GABRA3,1,1
LONP1,HOXC13,1,1
LONP1,KIAA0930,1,1
LONP1,KIAA1456,1,1
LONP1,PPP1R9A,1,1
LONP1,RWDD1,1,1
LONP1,SERP1,1,1
LONP1,THUMPD3,1,1
PDE4D,DROSHA,1,1
PDE4D,LIPA,1,1
PDE4D,MLLT1,1,1
PDE4D,SCML1,1,1
PDE4D,TLE4,1,1
PHF3,GJA3,1,1
PHF3,HDAC4,1,1
PHF3,PDE8A,1,1
PHF3,PHF20L1,1,1
PHF3,RRAGD,1,1
PHF3,TBC1D14,1,1
RRAGC,AHCYL2,1,1
RRAGC,AP5Z1,1,1
RRAGC,ATP6V1H,1,1
RRAGC,CHSY3,1,1
RRAGC,ECSIT,1,1
RRAGC,HDAC4,1,1
RRAGC,PDE1C,1,1
RRAGC,PI4KA,1,1
RRAGC,RASSF3,1,1
RRAGC,RRAGD,1,1
RRAGC,SLC7A8,1,1
RRAGC,TBC1D14,1,1
RRAGC,TRIM2,1,1
RRAGC,ZC3H12C,1,1
HEG1,AK4,1,1
HEG1,AMMECR1,1,1
HEG1,B3GNT5,1,1
HEG1,CLCN2,1,1
HEG1,CNST,1,1
HEG1,CREB5,1,1
HEG1,EIF4EBP1,1,1
HEG1,PARP8,1,1
HEG1,RNF217,1,1
HEG1,TTC30A,1,1
HEG1,TUSC3,1,1
STMN3,AK4,1,1
STMN3,C12ORF10,1,1
STMN3,CNST,1,1
STMN3,FOXC1,1,1
STMN3,GABRA3,1,1
STMN3,LIMCH1,1,1
STMN3,SIRT6,1,1
RGS2,GATA2,1,1
RGS2,INHBA,1,1
RGS2,TMEM98,1,1
RGS2,TRIM68,1,1
TMEM8A,AHCYL2,1,1
TMEM8A,CHSY3,1,1
TMEM8A,EGFR,1,1
TMEM8A,GPR161,1,1
TMEM8A,HADHB,1,1
TMEM8A,HDAC4,1,1
TMEM8A,LIPA,1,1
TMEM8A,MOSPD1,1,1
TMEM8A,PARVB,1,1
TMEM8A,PNPLA8,1,1
TMEM8A,PPFIBP2,1,1
TMEM8A,SCML1,1,1
TMEM8A,SORT1,1,1
TMEM8A,TLE4,1,1
TMEM8A,TMTC1,1,1
TMEM141,GFPT2,1,1
INPP4B,AFF3,1,1
INPP4B,AVPI1,1,1
INPP4B,BDH1,1,1
INPP4B,C12ORF4,1,1
INPP4B,C12ORF49,1,1
INPP4B,CD46,1,1
INPP4B,CDC16,1,1
INPP4B,CHURC1,1,1
INPP4B,CLCN2,1,1
INPP4B,CLCN3,1,1
INPP4B,CREB5,1,1
INPP4B,EEF1A1P11,1,1
INPP4B,EEF1A1P5,1,1
INPP4B,EIF4EBP1,1,1
INPP4B,EPG5,1,1
INPP4B,FBXO2,1,1
INPP4B,FNBP1L,1,1
INPP4B,FOXC1,1,1
INPP4B,GATA2,1,1
INPP4B,GYG2,1,1
INPP4B,HEXA,1,1
INPP4B,KCNAB2,1,1
INPP4B,LSM 7.00,1,1
INPP4B,LTA4H,1,1
INPP4B,MAPK12,1,1
INPP4B,NEDD4L,1,1
INPP4B,NXPH4,1,1
INPP4B,ORC4,1,1
INPP4B,OSBPL9,1,1
INPP4B,PARP14,1,1
INPP4B,PCDHGB5,1,1
INPP4B,PRKCE,1,1
INPP4B,PTPN18,1,1
INPP4B,PTTG1IP,1,1
INPP4B,RNF185,1,1
INPP4B,RPGR,1,1
INPP4B,RUVBL1,1,1
INPP4B,SEMA6A,1,1
INPP4B,SERAC1,1,1
INPP4B,SLC16A6,1,1
INPP4B,SLC7A8,1,1
INPP4B,TBC1D20,1,1
INPP4B,TMEM192,1,1
INPP4B,TMEM98,1,1
INPP4B,TRAPPC2L,1,1
INPP4B,TRIM21,1,1
INPP4B,TRIM34,1,1
INPP4B,TSHZ1,1,1
INPP4B,TULP4,1,1
INPP4B,UBN1,1,1
INPP4B,USP54,1,1
INPP4B,ZNF747,1,1
FAM86C1,PPP1R16A,1,1
TCFL5,AC240274.1,1,1
TCFL5,ACP5,1,1
TCFL5,ACTR6,1,1
TCFL5,AMDHD2,1,1
TCFL5,AMMECR1,1,1
TCFL5,ANKRD39,1,1
TCFL5,ANXA5,1,1
TCFL5,AP2S1,1,1
TCFL5,APCDD1,1,1
TCFL5,ARSG,1,1
TCFL5,ARSJ,1,1
TCFL5,ASAP2,1,1
TCFL5,ATP6V0C,1,1
TCFL5,BNC2,1,1
TCFL5,BRD8,1,1
TCFL5,C1ORF226,1,1
TCFL5,CDC37,1,1
TCFL5,CLCN3,1,1
TCFL5,CLCN6,1,1
TCFL5,CLN3,1,1
TCFL5,COL11A1,1,1
TCFL5,CREBRF,1,1
TCFL5,CSTF3,1,1
TCFL5,CTDSPL,1,1
TCFL5,CTSB,1,1
TCFL5,CYB561D1,1,1
TCFL5,DAPK1,1,1
TCFL5,DPYSL3,1,1
TCFL5,DYRK1A,1,1
TCFL5,EEF1A1P11,1,1
TCFL5,EEF1A1P5,1,1
TCFL5,EIF1AY,1,1
TCFL5,EIF4EBP1,1,1
TCFL5,EPG5,1,1
TCFL5,FAM134C,1,1
TCFL5,FBXO2,1,1
TCFL5,FOXC1,1,1
TCFL5,FOXD3,1,1
TCFL5,GBA2,1,1
TCFL5,GDAP1,1,1
TCFL5,GYG2,1,1
TCFL5,HABP4,1,1
TCFL5,HACD4,1,1
TCFL5,HEXA,1,1
TCFL5,HPS4,1,1
TCFL5,IARS,1,1
TCFL5,IFNGR1,1,1
TCFL5,ILKAP,1,1
TCFL5,KAZN,1,1
TCFL5,KCNAB2,1,1
TCFL5,KCTD7,1,1
TCFL5,KIAA0930,1,1
TCFL5,LRCH4,1,1
TCFL5,LSM 7.00,1,1
TCFL5,LZTS1,1,1
TCFL5,MFAP3L,1,1
TCFL5,MLPH,1,1
TCFL5,MRPS22,1,1
TCFL5,MSC,1,1
TCFL5,MTHFR,1,1
TCFL5,MXI1,1,1
TCFL5,NAGK,1,1
TCFL5,NAPA,1,1
TCFL5,NTMT1,1,1
TCFL5,NUP160,1,1
TCFL5,ORC4,1,1
TCFL5,OSBPL9,1,1
TCFL5,PARP14,1,1
TCFL5,PCDHGB5,1,1
TCFL5,PLEKHN1,1,1
TCFL5,PMEL,1,1
TCFL5,PPP4R1L,1,1
TCFL5,PRKCE,1,1
TCFL5,PSMD14,1,1
TCFL5,PTPN18,1,1
TCFL5,QPRT,1,1
TCFL5,RAB32,1,1
TCFL5,RAD50,1,1
TCFL5,RGS12,1,1
TCFL5,RP3-461F17.3,1,1
TCFL5,RPL26L1,1,1
TCFL5,SEMA6A,1,1
TCFL5,SERP1,1,1
TCFL5,SH3GL1,1,1
TCFL5,SLC15A4,1,1
TCFL5,SLC16A6,1,1
TCFL5,SLC7A8,1,1
TCFL5,SNAI2,1,1
TCFL5,SNAP29,1,1
TCFL5,SNCA,1,1
TCFL5,SSPN,1,1
TCFL5,SSU72,1,1
TCFL5,STRAP,1,1
TCFL5,STXBP5,1,1
TCFL5,TBC1D20,1,1
TCFL5,TBC1D7,1,1
TCFL5,TESK1,1,1
TCFL5,TMCC2,1,1
TCFL5,TMEM140,1,1
TCFL5,TMEM159,1,1
TCFL5,TMEM192,1,1
TCFL5,TPP1,1,1
TCFL5,TRIM2,1,1
TCFL5,TULP4,1,1
TCFL5,UBL3,1,1
TCFL5,USF2,1,1
TCFL5,WDFY1,1,1
TCFL5,WDR44,1,1
TCFL5,WDR92,1,1
TCFL5,ZC3H12C,1,1
TCFL5,ZFYVE26,1,1
TCFL5,ZNF584,1,1
ARSG,AC240274.1,1,1
ARSG,ACTR6,1,1
ARSG,AMDHD2,1,1
ARSG,AP2S1,1,1
ARSG,BNC2,1,1
ARSG,BRD8,1,1
ARSG,CLCN6,1,1
ARSG,CLN3,1,1
ARSG,COL11A1,1,1
ARSG,DAPK1,1,1
ARSG,EEF1A1P5,1,1
ARSG,FAM134C,1,1
ARSG,FOXD3,1,1
ARSG,FYCO1,1,1
ARSG,GDAP1,1,1
ARSG,GYG2,1,1
ARSG,HABP4,1,1
ARSG,HEXA,1,1
ARSG,KAZN,1,1
ARSG,KIAA1456,1,1
ARSG,LRCH4,1,1
ARSG,MFAP3L,1,1
ARSG,MLPH,1,1
ARSG,MXI1,1,1
ARSG,MYO9B,1,1
ARSG,NAGK,1,1
ARSG,ORC4,1,1
ARSG,PMEL,1,1
ARSG,QPRT,1,1
ARSG,RGS12,1,1
ARSG,RPL26L1,1,1
ARSG,RUFY3,1,1
ARSG,SEMA6A,1,1
ARSG,SERP1,1,1
ARSG,SLC15A4,1,1
ARSG,SSPN,1,1
ARSG,STRAP,1,1
ARSG,TBC1D7,1,1
ARSG,TESK1,1,1
ARSG,TMEM140,1,1
ARSG,TMEM150A,1,1
ARSG,TPP1,1,1
ARSG,UBL3,1,1
ARSG,USF2,1,1
ARSG,ZFYVE26,1,1
EIF1AY,ACP5,1,1
EIF1AY,AP2S1,1,1
EIF1AY,APCDD1,1,1
EIF1AY,ATP6V0C,1,1
EIF1AY,AVPI1,1,1
EIF1AY,BNC2,1,1
EIF1AY,BRD8,1,1
EIF1AY,BTD,1,1
EIF1AY,C10ORF11,1,1
EIF1AY,C12ORF10,1,1
EIF1AY,CD81,1,1
EIF1AY,CDC37,1,1
EIF1AY,CLCN2,1,1
EIF1AY,CLCN3,1,1
EIF1AY,CLN5,1,1
EIF1AY,COL11A1,1,1
EIF1AY,CTDSPL,1,1
EIF1AY,CTSB,1,1
EIF1AY,CYBA,1,1
EIF1AY,DAPK1,1,1
EIF1AY,DPH5,1,1
EIF1AY,EEF1A1P11,1,1
EIF1AY,EEF1A1P5,1,1
EIF1AY,EIF4EBP1,1,1
EIF1AY,EPG5,1,1
EIF1AY,FAM134C,1,1
EIF1AY,FOXC1,1,1
EIF1AY,GOLGA7B,1,1
EIF1AY,GYG2,1,1
EIF1AY,HACD4,1,1
EIF1AY,HEXA,1,1
EIF1AY,IFNGR1,1,1
EIF1AY,IFT88,1,1
EIF1AY,KIAA0930,1,1
EIF1AY,LRCH4,1,1
EIF1AY,LSM 7.00,1,1
EIF1AY,MLPH,1,1
EIF1AY,MTHFD2,1,1
EIF1AY,MTHFR,1,1
EIF1AY,MXI1,1,1
EIF1AY,NAPA,1,1
EIF1AY,ORC4,1,1
EIF1AY,PARP14,1,1
EIF1AY,PCDHGB5,1,1
EIF1AY,PMEL,1,1
EIF1AY,PPP4R1L,1,1
EIF1AY,PRKCE,1,1
EIF1AY,PSMD14,1,1
EIF1AY,PTPN18,1,1
EIF1AY,QPRT,1,1
EIF1AY,RAB32,1,1
EIF1AY,RGS12,1,1
EIF1AY,RPL26L1,1,1
EIF1AY,RPS4Y1,1,1
EIF1AY,RUFY3,1,1
EIF1AY,SEMA6A,1,1
EIF1AY,SERP1,1,1
EIF1AY,SNAI2,1,1
EIF1AY,SNCA,1,1
EIF1AY,SSPN,1,1
EIF1AY,SSU72,1,1
EIF1AY,TAF8,1,1
EIF1AY,TBC1D20,1,1
EIF1AY,TMEM140,1,1
EIF1AY,TMEM192,1,1
EIF1AY,TPP1,1,1
EIF1AY,TSHZ1,1,1
EIF1AY,UBL3,1,1
EIF1AY,USF2,1,1
EIF1AY,WDR92,1,1
EIF1AY,ZNF584,1,1
ZBTB38,ADAM12,1,1
ZBTB38,CTXN1,1,1
ZBTB38,KCNN4,1,1
ZBTB38,KRT8,1,1
ZBTB38,LIF,1,1
ZBTB38,PXYLP1,1,1
ZBTB38,SLC35C2,1,1
ZBTB38,TFPI,1,1
ZBTB38,VASP,1,1
SERP1,AC240274.1,1,1
SERP1,ACP5,1,1
SERP1,AMDHD2,1,1
SERP1,AP2S1,1,1
SERP1,ATP6V0C,1,1
SERP1,BNC2,1,1
SERP1,BRD8,1,1
SERP1,CDC37,1,1
SERP1,CPEB2,1,1
SERP1,CTDSPL,1,1
SERP1,CYB561D1,1,1
SERP1,DAPK1,1,1
SERP1,FAM134C,1,1
SERP1,GDAP1,1,1
SERP1,GYG2,1,1
SERP1,HACD4,1,1
SERP1,HEXA,1,1
SERP1,HOXC13,1,1
SERP1,IFNGR1,1,1
SERP1,ILKAP,1,1
SERP1,KAZN,1,1
SERP1,KIAA0930,1,1
SERP1,LRCH4,1,1
SERP1,MFAP3L,1,1
SERP1,MSC,1,1
SERP1,MTHFR,1,1
SERP1,MXI1,1,1
SERP1,NAGK,1,1
SERP1,NAPA,1,1
SERP1,PDXDC1,1,1
SERP1,PLEKHN1,1,1
SERP1,PMEL,1,1
SERP1,PPP4R1L,1,1
SERP1,PSMD14,1,1
SERP1,QPRT,1,1
SERP1,RAD50,1,1
SERP1,RGS12,1,1
SERP1,RPL26L1,1,1
SERP1,RWDD1,1,1
SERP1,SEMA6A,1,1
SERP1,SNAI2,1,1
SERP1,SNCA,1,1
SERP1,SSPN,1,1
SERP1,SSU72,1,1
SERP1,ST5,1,1
SERP1,TBC1D7,1,1
SERP1,TESK1,1,1
SERP1,TMEM140,1,1
SERP1,TP53I13,1,1
SERP1,UBL3,1,1
SERP1,USF2,1,1
SERP1,WDR44,1,1
RNPEP,AP5Z1,1,1
RNPEP,CPE,1,1
RNPEP,CTXN1,1,1
RNPEP,ECSIT,1,1
RNPEP,GADD45B,1,1
RNPEP,NDUFS2,1,1
RNPEP,NLGN1,1,1
RNPEP,PDE1C,1,1
RNPEP,RUNX2,1,1
RNPEP,SCN1B,1,1
RNPEP,SNX3,1,1
WDR44,ACP5,1,1
WDR44,ANKRD39,1,1
WDR44,ANXA5,1,1
WDR44,AP2S1,1,1
WDR44,AP3M2,1,1
WDR44,ASAP2,1,1
WDR44,ATP6V0C,1,1
WDR44,CDC37,1,1
WDR44,CTDSPL,1,1
WDR44,CTSB,1,1
WDR44,CYB561D1,1,1
WDR44,DYRK1A,1,1
WDR44,GJA3,1,1
WDR44,HABP4,1,1
WDR44,ILKAP,1,1
WDR44,LZTS1,1,1
WDR44,MSC,1,1
WDR44,MTHFR,1,1
WDR44,NTMT1,1,1
WDR44,OSBPL9,1,1
WDR44,OSTM1,1,1
WDR44,PDXDC1,1,1
WDR44,PLEKHN1,1,1
WDR44,RAD50,1,1
WDR44,RRAGD,1,1
WDR44,SNAI2,1,1
WDR44,STXBP5,1,1
WDR44,TBC1D14,1,1
WDR44,TMCC2,1,1
WDR44,TRIM2,1,1
WDR44,USF2,1,1
WDR44,ZC3H12C,1,1
RUVBL1,ALKBH8,1,1
RUVBL1,AMMECR1,1,1
RUVBL1,AVPI1,1,1
RUVBL1,C12ORF4,1,1
RUVBL1,CREB5,1,1
RUVBL1,CREBRF,1,1
RUVBL1,DNAJB2,1,1
RUVBL1,EIF4EBP1,1,1
RUVBL1,EPG5,1,1
RUVBL1,GATA2,1,1
RUVBL1,GBA2,1,1
RUVBL1,HCCS,1,1
RUVBL1,INHBA,1,1
RUVBL1,KCNAB2,1,1
RUVBL1,LETM1,1,1
RUVBL1,LTA4H,1,1
RUVBL1,MAGEA1,1,1
RUVBL1,MRPL36,1,1
RUVBL1,NFXL1,1,1
RUVBL1,NSMCE1,1,1
RUVBL1,NUP160,1,1
RUVBL1,NXPH4,1,1
RUVBL1,ODC1,1,1
RUVBL1,ORC4,1,1
RUVBL1,PARP14,1,1
RUVBL1,RP3-461F17.3,1,1
RUVBL1,RPGR,1,1
RUVBL1,SH3GL1,1,1
RUVBL1,STRAP,1,1
RUVBL1,TBC1D20,1,1
RUVBL1,TMEM98,1,1
RUVBL1,TPP1,1,1
RUVBL1,TRIM34,1,1
RUVBL1,TSHZ1,1,1
RUVBL1,USP5,1,1
RUVBL1,ZNF622,1,1
RUVBL1,ZNF747,1,1
PDE1C,AHCYL2,1,1
PDE1C,ANXA5,1,1
PDE1C,AP5Z1,1,1
PDE1C,B4GALT2,1,1
PDE1C,C1ORF226,1,1
PDE1C,CTXN1,1,1
PDE1C,CYTH3,1,1
PDE1C,DYRK1A,1,1
PDE1C,ECSIT,1,1
PDE1C,ESRP1,1,1
PDE1C,GADD45B,1,1
PDE1C,GPR137B,1,1
PDE1C,HPS4,1,1
PDE1C,MYC,1,1
PDE1C,NDUFA12,1,1
PDE1C,PEX16,1,1
PDE1C,PPFIBP2,1,1
PDE1C,RP11-566K11.2,1,1
PDE1C,RUNX2,1,1
PDE1C,SLC35C2,1,1
PDE1C,SNX3,1,1
PDE1C,SSU72,1,1
PDE1C,ST3GAL5,1,1
PDE1C,TBC1D14,1,1
PDE1C,TRIM2,1,1
SMYD4,ANXA5,1,1
SMYD4,ARSJ,1,1
SMYD4,PIEZO1,1,1
SMYD4,RRAGD,1,1
TBC1D24,CNNM3,1,1
LTA4H,AFF3,1,1
LTA4H,AVPI1,1,1
LTA4H,BDH1,1,1
LTA4H,C12ORF4,1,1
LTA4H,C12ORF49,1,1
LTA4H,CDC16,1,1
LTA4H,CLCN2,1,1
LTA4H,CLCN3,1,1
LTA4H,CREBRF,1,1
LTA4H,CYBA,1,1
LTA4H,EEF1A1P11,1,1
LTA4H,EIF4EBP1,1,1
LTA4H,EPG5,1,1
LTA4H,GYG2,1,1
LTA4H,HEXA,1,1
LTA4H,IMPACT,1,1
LTA4H,KCNAB2,1,1
LTA4H,LSM 7.00,1,1
LTA4H,MAPK12,1,1
LTA4H,ORC4,1,1
LTA4H,PARP14,1,1
LTA4H,PCDHGB5,1,1
LTA4H,PRKCE,1,1
LTA4H,PTPN18,1,1
LTA4H,RP3-461F17.3,1,1
LTA4H,RPGR,1,1
LTA4H,SEMA6A,1,1
LTA4H,SLC16A6,1,1
LTA4H,SNCA,1,1
LTA4H,TAF8,1,1
LTA4H,TBC1D20,1,1
LTA4H,TRIM21,1,1
LTA4H,TRIM34,1,1
LTA4H,TSHZ1,1,1
LTA4H,USP54,1,1
LTA4H,WDR92,1,1
LTA4H,ZNF584,1,1
LTA4H,ZNF747,1,1
TJAP1,SMG1P2,1,1
TJAP1,SUCLG2,1,1
ACADSB,ABRACL,1,1
ACADSB,CEP170P1,1,1
ACADSB,TBCD,1,1
AC240274.1,ACP5,1,1
AC240274.1,AP2S1,1,1
AC240274.1,APCDD1,1,1
AC240274.1,ATP6V0C,1,1
AC240274.1,BRD8,1,1
AC240274.1,BTD,1,1
AC240274.1,CPEB2,1,1
AC240274.1,CTDSPL,1,1
AC240274.1,CYB561D1,1,1
AC240274.1,DAPK1,1,1
AC240274.1,DYRK1A,1,1
AC240274.1,FAM134C,1,1
AC240274.1,GDAP1,1,1
AC240274.1,GYG2,1,1
AC240274.1,HOXC13,1,1
AC240274.1,KAZN,1,1
AC240274.1,KIAA0930,1,1
AC240274.1,KIAA1456,1,1
AC240274.1,LRCH4,1,1
AC240274.1,MFAP3L,1,1
AC240274.1,MTHFR,1,1
AC240274.1,MXI1,1,1
AC240274.1,NAGK,1,1
AC240274.1,NAPA,1,1
AC240274.1,PMEL,1,1
AC240274.1,PPP4R1L,1,1
AC240274.1,QPRT,1,1
AC240274.1,RGS12,1,1
AC240274.1,RPL26L1,1,1
AC240274.1,RPS4Y1,1,1
AC240274.1,RWDD1,1,1
AC240274.1,SEMA6A,1,1
AC240274.1,SNAI2,1,1
AC240274.1,SSPN,1,1
AC240274.1,SSU72,1,1
AC240274.1,TBC1D7,1,1
AC240274.1,TESK1,1,1
AC240274.1,TMEM140,1,1
AC240274.1,TMEM150A,1,1
AC240274.1,TP53I13,1,1
AC240274.1,USF2,1,1
STXBP6,NQO1,1,1
DNAJB2,AFF3,1,1
DNAJB2,CLN3,1,1
DNAJB2,CRTC1,1,1
DNAJB2,EPG5,1,1
DNAJB2,FBXO2,1,1
DNAJB2,FOXD3,1,1
DNAJB2,GBA2,1,1
DNAJB2,GLTSCR1L,1,1
DNAJB2,NCAPD2,1,1
DNAJB2,OR2A9P,1,1
DNAJB2,PTTG1IP,1,1
DNAJB2,STRAP,1,1
DNAJB2,TACC3,1,1
DNAJB2,ZNF747,1,1
KCNN4,ADAM12,1,1
KCNN4,ARSJ,1,1
KCNN4,DCTN3,1,1
KCNN4,FZD8,1,1
KCNN4,IARS,1,1
KCNN4,LIF,1,1
KCNN4,LIMCH1,1,1
KCNN4,PODXL,1,1
KCNN4,PXYLP1,1,1
KCNN4,SIRT6,1,1
KCNN4,TSC22D1,1,1
KCNN4,VASP,1,1
ACADVL,GFPT2,1,1
ACADVL,MRC2,1,1
C21ORF91,ADCY2,1,1
C21ORF91,ALS2,1,1
C21ORF91,FN3K,1,1
C21ORF91,FNBP1L,1,1
C21ORF91,NEDD4L,1,1
C21ORF91,PRDM7,1,1
C21ORF91,RNF185,1,1
C21ORF91,SLC16A6,1,1
C21ORF91,TRAPPC2L,1,1
C21ORF91,TRIM34,1,1
C21ORF91,TRIM68,1,1
C21ORF91,ZADH2,1,1
KIAA1522,AFF3,1,1
KIAA1522,BNC2,1,1
KIAA1522,CREBRF,1,1
KIAA1522,EEF1A1P5,1,1
KIAA1522,FYCO1,1,1
KIAA1522,HABP4,1,1
KIAA1522,KANSL3,1,1
KIAA1522,KCTD7,1,1
KIAA1522,MLPH,1,1
KIAA1522,PPM1B,1,1
KIAA1522,PTTG1IP,1,1
KIAA1522,RAB32,1,1
KIAA1522,TAF8,1,1
KIAA1522,TBC1D20,1,1
KIAA1522,ZFYVE26,1,1
DHTKD1,FGF14,1,1
DHTKD1,HADHB,1,1
DHTKD1,HBS1L,1,1
DHTKD1,PLA1A,1,1
DHTKD1,RP11-705C15.2,1,1
DHTKD1,SLC19A2,1,1
DHTKD1,SORT1,1,1
DHTKD1,TBCD,1,1
DHTKD1,ZADH2,1,1
MRPL36,AMMECR1,1,1
MRPL36,AVPI1,1,1
MRPL36,C12ORF4,1,1
MRPL36,EIF4EBP1,1,1
MRPL36,EPG5,1,1
MRPL36,GATA2,1,1
MRPL36,HCCS,1,1
MRPL36,IMPACT,1,1
MRPL36,NFXL1,1,1
MRPL36,NXPH4,1,1
MRPL36,PARP14,1,1
MRPL36,PTPN18,1,1
MRPL36,RP3-461F17.3,1,1
MRPL36,TSHZ1,1,1
MRPL36,ZNF747,1,1
LRRC17,PIAS3,1,1
SORT1,ADCY2,1,1
SORT1,AHCYL2,1,1
SORT1,ATP6V1H,1,1
SORT1,CCDC107,1,1
SORT1,CHSY3,1,1
SORT1,COMT,1,1
SORT1,DPYD,1,1
SORT1,EGFR,1,1
SORT1,FBXO7,1,1
SORT1,FZD8,1,1
SORT1,GPR137B,1,1
SORT1,GPR161,1,1
SORT1,HACE1,1,1
SORT1,HADHB,1,1
SORT1,HBS1L,1,1
SORT1,HDAC4,1,1
SORT1,IL12RB2,1,1
SORT1,LIPA,1,1
SORT1,MED16,1,1
SORT1,MLST8,1,1
SORT1,MOSPD1,1,1
SORT1,MYLK,1,1
SORT1,NDN,1,1
SORT1,NKIRAS2,1,1
SORT1,PARVB,1,1
SORT1,PDE4DIP,1,1
SORT1,PNPLA8,1,1
SORT1,PODXL,1,1
SORT1,PPFIBP2,1,1
SORT1,PRDM7,1,1
SORT1,RASSF3,1,1
SORT1,ROPN1B,1,1
SORT1,RP11-705C15.2,1,1
SORT1,SCML1,1,1
SORT1,SLC19A2,1,1
SORT1,SMDT1,1,1
SORT1,TACC2,1,1
SORT1,TAF6,1,1
SORT1,TBCD,1,1
SORT1,TECPR1,1,1
SORT1,TLE4,1,1
SORT1,TMEM55A,1,1
SORT1,UNC45A,1,1
SORT1,ZADH2,1,1
TAF8,AK4,1,1
TAF8,ANAPC16,1,1
TAF8,BNC2,1,1
TAF8,C10ORF11,1,1
TAF8,CLCN2,1,1
TAF8,CLN5,1,1
TAF8,CYBA,1,1
TAF8,DAPK1,1,1
TAF8,EEF1A1P11,1,1
TAF8,EEF1A1P5,1,1
TAF8,EIF4EBP1,1,1
TAF8,FAM134C,1,1
TAF8,FYCO1,1,1
TAF8,GYG2,1,1
TAF8,HEXA,1,1
TAF8,LRCH4,1,1
TAF8,LSM 7.00,1,1
TAF8,MAPK12,1,1
TAF8,MLPH,1,1
TAF8,MTHFD2,1,1
TAF8,NAPA,1,1
TAF8,NRDC,1,1
TAF8,ORC4,1,1
TAF8,PARP14,1,1
TAF8,PMEL,1,1
TAF8,PRKCE,1,1
TAF8,PTPN18,1,1
TAF8,QPRT,1,1
TAF8,RAB32,1,1
TAF8,RGS12,1,1
TAF8,RPL26L1,1,1
TAF8,RPS4Y1,1,1
TAF8,RUFY3,1,1
TAF8,SNCA,1,1
TAF8,SSPN,1,1
TAF8,STRAP,1,1
TAF8,TBC1D20,1,1
TAF8,TMEM140,1,1
TAF8,TRIM21,1,1
TAF8,TSHZ1,1,1
TAF8,UBL3,1,1
TAF8,USP15,1,1
TAF8,XKR8,1,1
TAF8,ZNF584,1,1
TAF8,ZNF747,1,1
APOL6,AVPI1,1,1
APOL6,C10ORF11,1,1
APOL6,CASP4,1,1
APOL6,CD81,1,1
APOL6,CYP4V2,1,1
APOL6,DPH5,1,1
APOL6,GOLGA7B,1,1
APOL6,PCDHGB5,1,1
APOL6,PTPN18,1,1
APOL6,ST5,1,1
APOL6,TMEM159,1,1
APOL6,WDR92,1,1
APOL6,XG,1,1
MBOAT2,AK4,1,1
MBOAT2,APCDD1,1,1
MBOAT2,BTD,1,1
MBOAT2,CLCN6,1,1
MBOAT2,COL11A1,1,1
MBOAT2,EIF4EBP1,1,1
MBOAT2,GDAP1,1,1
MBOAT2,KIAA1456,1,1
MBOAT2,LRCH4,1,1
MBOAT2,NAGK,1,1
MBOAT2,PRMT6,1,1
MBOAT2,PUDP,1,1
MBOAT2,QPRT,1,1
MBOAT2,R3HDM1,1,1
MBOAT2,RGS12,1,1
MBOAT2,SSPN,1,1
MBOAT2,STRAP,1,1
PRDM7,ADCY2,1,1
PRDM7,ALS2,1,1
PRDM7,ATP6V1H,1,1
PRDM7,CCDC107,1,1
PRDM7,CHSY3,1,1
PRDM7,FNBP1L,1,1
PRDM7,GIGYF2,1,1
PRDM7,GPR137B,1,1
PRDM7,GPR161,1,1
PRDM7,HBS1L,1,1
PRDM7,HDAC4,1,1
PRDM7,NEDD4L,1,1
PRDM7,PIEZO1,1,1
PRDM7,RASSF3,1,1
PRDM7,RRAGD,1,1
PRDM7,SLC16A6,1,1
PRDM7,SLC7A8,1,1
PRDM7,TMEM55A,1,1
PRDM7,TRIM34,1,1
PRDM7,UNC45A,1,1
COL11A1,ACP5,1,1
COL11A1,AMDHD2,1,1
COL11A1,AMMECR1,1,1
COL11A1,AP2S1,1,1
COL11A1,APCDD1,1,1
COL11A1,AVPI1,1,1
COL11A1,BICD1,1,1
COL11A1,BRD8,1,1
COL11A1,BTD,1,1
COL11A1,CD81,1,1
COL11A1,CDC37,1,1
COL11A1,CH17-472G23.4,1,1
COL11A1,CLCN2,1,1
COL11A1,CLCN6,1,1
COL11A1,CLN3,1,1
COL11A1,CLN5,1,1
COL11A1,CLPP,1,1
COL11A1,CSTF3,1,1
COL11A1,DAPK1,1,1
COL11A1,DPH5,1,1
COL11A1,DPYSL3,1,1
COL11A1,DYRK1A,1,1
COL11A1,EEF1A1P11,1,1
COL11A1,EEF1A1P5,1,1
COL11A1,EEF1A1P8,1,1
COL11A1,EIF4EBP1,1,1
COL11A1,EPG5,1,1
COL11A1,FAM134C,1,1
COL11A1,FOXC1,1,1
COL11A1,FOXD3,1,1
COL11A1,GBA2,1,1
COL11A1,GDAP1,1,1
COL11A1,GYG2,1,1
COL11A1,HEXA,1,1
COL11A1,HPS4,1,1
COL11A1,IFT88,1,1
COL11A1,KCNAB2,1,1
COL11A1,KIAA0930,1,1
COL11A1,KIAA1456,1,1
COL11A1,LRCH4,1,1
COL11A1,LSM 7.00,1,1
COL11A1,MAPK12,1,1
COL11A1,MLPH,1,1
COL11A1,MTHFR,1,1
COL11A1,MXI1,1,1
COL11A1,NAGK,1,1
COL11A1,NPIPP1,1,1
COL11A1,NUP160,1,1
COL11A1,NXPH4,1,1
COL11A1,ORC4,1,1
COL11A1,OSBPL9,1,1
COL11A1,PARP14,1,1
COL11A1,PMEL,1,1
COL11A1,PPP4R1L,1,1
COL11A1,PRKCE,1,1
COL11A1,PSMD14,1,1
COL11A1,PTPN18,1,1
COL11A1,QPRT,1,1
COL11A1,RGS12,1,1
COL11A1,RP11-566K11.2,1,1
COL11A1,RP3-461F17.3,1,1
COL11A1,RPL26L1,1,1
COL11A1,RPS4Y1,1,1
COL11A1,RUFY3,1,1
COL11A1,SEMA6A,1,1
COL11A1,SLC15A4,1,1
COL11A1,SNAI2,1,1
COL11A1,SNCA,1,1
COL11A1,SSPN,1,1
COL11A1,SSU72,1,1
COL11A1,STRAP,1,1
COL11A1,TBC1D20,1,1
COL11A1,TMEM140,1,1
COL11A1,TPP1,1,1
COL11A1,TSHZ1,1,1
COL11A1,TULP4,1,1
COL11A1,TUSC3,1,1
COL11A1,UBL3,1,1
COL11A1,UBXN4,1,1
COL11A1,ZNF584,1,1
COL11A1,ZNF747,1,1
LRCH4,ACP5,1,1
LRCH4,ACTR6,1,1
LRCH4,AK4,1,1
LRCH4,AMDHD2,1,1
LRCH4,AMMECR1,1,1
LRCH4,ANAPC16,1,1
LRCH4,AP2S1,1,1
LRCH4,APCDD1,1,1
LRCH4,BNC2,1,1
LRCH4,BRD8,1,1
LRCH4,BTD,1,1
LRCH4,C10ORF11,1,1
LRCH4,CD81,1,1
LRCH4,CDC37,1,1
LRCH4,CLCN2,1,1
LRCH4,CLCN6,1,1
LRCH4,CLN3,1,1
LRCH4,CLN5,1,1
LRCH4,CPEB2,1,1
LRCH4,CTDSPL,1,1
LRCH4,CYBA,1,1
LRCH4,DAPK1,1,1
LRCH4,DPH5,1,1
LRCH4,EEF1A1P11,1,1
LRCH4,EEF1A1P5,1,1
LRCH4,EIF4EBP1,1,1
LRCH4,FAM134C,1,1
LRCH4,FOXC1,1,1
LRCH4,FOXD3,1,1
LRCH4,GDAP1,1,1
LRCH4,GYG2,1,1
LRCH4,HEXA,1,1
LRCH4,KAZN,1,1
LRCH4,KIAA0930,1,1
LRCH4,KIAA1456,1,1
LRCH4,MLPH,1,1
LRCH4,MRPS22,1,1
LRCH4,MTHFD2,1,1
LRCH4,MTHFR,1,1
LRCH4,MXI1,1,1
LRCH4,NAGK,1,1
LRCH4,NAPA,1,1
LRCH4,NUP160,1,1
LRCH4,ORC4,1,1
LRCH4,PAPOLA,1,1
LRCH4,PARP10,1,1
LRCH4,PARP14,1,1
LRCH4,PMEL,1,1
LRCH4,PPP4R1L,1,1
LRCH4,PRKCE,1,1
LRCH4,PRMT6,1,1
LRCH4,PSMD14,1,1
LRCH4,PUDP,1,1
LRCH4,QPRT,1,1
LRCH4,R3HDM1,1,1
LRCH4,RGS12,1,1
LRCH4,RNF217,1,1
LRCH4,RPL26L1,1,1
LRCH4,RPS4Y1,1,1
LRCH4,RUFY3,1,1
LRCH4,SEMA6A,1,1
LRCH4,SNAI2,1,1
LRCH4,SNCA,1,1
LRCH4,SSPN,1,1
LRCH4,ST5,1,1
LRCH4,STRAP,1,1
LRCH4,TMEM140,1,1
LRCH4,TP53I13,1,1
LRCH4,TPP1,1,1
LRCH4,TUSC3,1,1
LRCH4,UBL3,1,1
LRCH4,USF2,1,1
LRCH4,USP15,1,1
RP11-1035H13.3,ATP6V1H,1,1
ZNF747,AMMECR1,1,1
ZNF747,AVPI1,1,1
ZNF747,CLCN2,1,1
ZNF747,CLN3,1,1
ZNF747,CYBA,1,1
ZNF747,EEF1A1P11,1,1
ZNF747,EEF1A1P5,1,1
ZNF747,EIF4EBP1,1,1
ZNF747,EPG5,1,1
ZNF747,FOXD3,1,1
ZNF747,GATA2,1,1
ZNF747,GLTSCR1L,1,1
ZNF747,GYG2,1,1
ZNF747,HCCS,1,1
ZNF747,HEXA,1,1
ZNF747,LETM1,1,1
ZNF747,LSM 7.00,1,1
ZNF747,MAPK12,1,1
ZNF747,MLPH,1,1
ZNF747,NCAPD2,1,1
ZNF747,NRDC,1,1
ZNF747,NXPH4,1,1
ZNF747,ORC4,1,1
ZNF747,PARP14,1,1
ZNF747,PRKCE,1,1
ZNF747,PTTG1IP,1,1
ZNF747,QPRT,1,1
ZNF747,RGS12,1,1
ZNF747,RP3-461F17.3,1,1
ZNF747,RPGR,1,1
ZNF747,RUFY3,1,1
ZNF747,SREBF2,1,1
ZNF747,SSPN,1,1
ZNF747,STRAP,1,1
ZNF747,TBC1D20,1,1
ZNF747,TMEM140,1,1
ZNF747,TPP1,1,1
ZNF747,TRIM21,1,1
ZNF747,TSHZ1,1,1
ZNF747,XKR8,1,1
ZNF747,ZNF584,1,1
TMBIM6,BICD1,1,1
TMBIM6,HLA-DRB3,1,1
TMBIM6,PCDHB14,1,1
TMBIM6,PRKAA2,1,1
TMBIM6,SMYD2,1,1
TMBIM6,UBXN4,1,1
TACC3,ARL6IP6,1,1
TACC3,NCAPD2,1,1
TACC3,STRAP,1,1
RNF213,DNAJA2,1,1
RNF213,HACE1,1,1
RNF213,LCMT1,1,1
RNF213,MAP3K4,1,1
RNF213,PDE4DIP,1,1
RNF213,RANBP6,1,1
RNF213,TECPR1,1,1
RNF213,VPS52,1,1
TFPI,ADAM12,1,1
TFPI,ALDH5A1,1,1
TFPI,CPE,1,1
TFPI,CTXN1,1,1
TFPI,CYTH3,1,1
TFPI,FAM83H,1,1
TFPI,FBXL12,1,1
TFPI,GADD45B,1,1
TFPI,LMCD1,1,1
TFPI,PCNX2,1,1
TFPI,PPFIBP2,1,1
TFPI,PPP1R16A,1,1
TFPI,RUNX2,1,1
TFPI,SCN1B,1,1
TFPI,SLC35C2,1,1
TFPI,SNX3,1,1
TFPI,TFG,1,1
RP11-641D5.1,FGF14,1,1
RP11-641D5.1,HBS1L,1,1
RP11-641D5.1,MSRB3,1,1
RP11-641D5.1,PLA1A,1,1
RP11-641D5.1,SLC19A2,1,1
RP11-641D5.1,TBCD,1,1
CTDSPL,ACP5,1,1
CTDSPL,AP2S1,1,1
CTDSPL,APCDD1,1,1
CTDSPL,ATP6V0C,1,1
CTDSPL,BRD8,1,1
CTDSPL,BTD,1,1
CTDSPL,C12ORF10,1,1
CTDSPL,C1ORF226,1,1
CTDSPL,CD81,1,1
CTDSPL,CDC37,1,1
CTDSPL,CNNM3,1,1
CTDSPL,CPEB2,1,1
CTDSPL,CTSB,1,1
CTDSPL,DAPK1,1,1
CTDSPL,DYRK1A,1,1
CTDSPL,EEF1A1P11,1,1
CTDSPL,FAM134C,1,1
CTDSPL,FOXC1,1,1
CTDSPL,GABRA3,1,1
CTDSPL,GDAP1,1,1
CTDSPL,GYG2,1,1
CTDSPL,HACD4,1,1
CTDSPL,HEXA,1,1
CTDSPL,HOXC13,1,1
CTDSPL,IFNGR1,1,1
CTDSPL,IFT88,1,1
CTDSPL,ILKAP,1,1
CTDSPL,KAZN,1,1
CTDSPL,KIAA0930,1,1
CTDSPL,MSC,1,1
CTDSPL,MTHFR,1,1
CTDSPL,MXI1,1,1
CTDSPL,NAPA,1,1
CTDSPL,NTMT1,1,1
CTDSPL,OSBPL9,1,1
CTDSPL,PDXDC1,1,1
CTDSPL,PLEKHN1,1,1
CTDSPL,PMEL,1,1
CTDSPL,PPP4R1L,1,1
CTDSPL,QPRT,1,1
CTDSPL,RAD50,1,1
CTDSPL,RPL26L1,1,1
CTDSPL,RPS4Y1,1,1
CTDSPL,RWDD1,1,1
CTDSPL,SEMA6A,1,1
CTDSPL,SIRT6,1,1
CTDSPL,SLC35B3,1,1
CTDSPL,SNAI2,1,1
CTDSPL,SNCA,1,1
CTDSPL,SSPN,1,1
CTDSPL,SSU72,1,1
CTDSPL,ST5,1,1
CTDSPL,STXBP5,1,1
CTDSPL,TPP1,1,1
CTDSPL,UBL3,1,1
CTDSPL,USF2,1,1
MAGEA1,ADCY2,1,1
MAGEA1,AHCYL2,1,1
MAGEA1,ARL6IP6,1,1
MAGEA1,C12ORF4,1,1
MAGEA1,COMT,1,1
MAGEA1,CSTF3,1,1
MAGEA1,DCTN3,1,1
MAGEA1,DNAJA2,1,1
MAGEA1,DPYD,1,1
MAGEA1,DPYSL3,1,1
MAGEA1,DROSHA,1,1
MAGEA1,EGFR,1,1
MAGEA1,EPG5,1,1
MAGEA1,GBA2,1,1
MAGEA1,GPR137B,1,1
MAGEA1,HCCS,1,1
MAGEA1,HPS4,1,1
MAGEA1,IL12RB2,1,1
MAGEA1,KCNAB2,1,1
MAGEA1,MED16,1,1
MAGEA1,MRPL42,1,1
MAGEA1,NAA50,1,1
MAGEA1,NFXL1,1,1
MAGEA1,NUP160,1,1
MAGEA1,ODC1,1,1
MAGEA1,PODXL,1,1
MAGEA1,PRICKLE1,1,1
MAGEA1,RP11-566K11.2,1,1
MAGEA1,RP3-461F17.3,1,1
MAGEA1,RPGR,1,1
MAGEA1,SCAF11,1,1
MAGEA1,SCML1,1,1
MAGEA1,SH3GL1,1,1
MAGEA1,TECPR1,1,1
MAGEA1,TMEM159,1,1
MAGEA1,TULP4,1,1
MAGEA1,USP5,1,1
MAGEA1,ZNF614,1,1
MAGEA1,ZNF622,1,1
TMEM101,DNAJC7,1,1
ALKBH8,DNAJC7,1,1
ALKBH8,INHBA,1,1
ALKBH8,NSMCE1,1,1
ALKBH8,ODC1,1,1
ALKBH8,RAVER1,1,1
ALKBH8,RPGR,1,1
TUSC3,AK4,1,1
TUSC3,AMDHD2,1,1
TUSC3,AMMECR1,1,1
TUSC3,BICD1,1,1
TUSC3,CLCN2,1,1
TUSC3,CLN3,1,1
TUSC3,CREB5,1,1
TUSC3,EEF1A1P11,1,1
TUSC3,EEF1A1P5,1,1
TUSC3,EIF4EBP1,1,1
TUSC3,EPG5,1,1
TUSC3,FOXC1,1,1
TUSC3,FOXD3,1,1
TUSC3,HEXA,1,1
TUSC3,KCNAB2,1,1
TUSC3,MAPK12,1,1
TUSC3,ORC4,1,1
TUSC3,QPRT,1,1
TUSC3,RGS12,1,1
TUSC3,RNF217,1,1
TUSC3,SEMA6A,1,1
TUSC3,TBC1D20,1,1
TUSC3,TMEM140,1,1
TUSC3,TTC30A,1,1
TUSC3,UBXN4,1,1
CLPP,EPG5,1,1
CLPP,KCNAB2,1,1
CLPP,NXPH4,1,1
CLPP,PARP14,1,1
CLPP,RNF26,1,1
CLPP,TPP1,1,1
CLPP,TULP4,1,1
CLPP,USP5,1,1
SCML1,ADCY2,1,1
SCML1,AHCYL2,1,1
SCML1,CCDC107,1,1
SCML1,CHSY3,1,1
SCML1,COMT,1,1
SCML1,CROCC,1,1
SCML1,CYTH3,1,1
SCML1,DNAJA2,1,1
SCML1,DPYD,1,1
SCML1,EGFR,1,1
SCML1,FBXO7,1,1
SCML1,GPR137B,1,1
SCML1,GPR161,1,1
SCML1,HACE1,1,1
SCML1,IL12RB2,1,1
SCML1,LCMT1,1,1
SCML1,LIPA,1,1
SCML1,MED16,1,1
SCML1,MLST8,1,1
SCML1,MRPL42,1,1
SCML1,MYLK,1,1
SCML1,NCKAP5L,1,1
SCML1,NDN,1,1
SCML1,PARVB,1,1
SCML1,PDE4DIP,1,1
SCML1,PNPLA8,1,1
SCML1,PPFIBP2,1,1
SCML1,PRICKLE1,1,1
SCML1,ROPN1B,1,1
SCML1,RP11-566K11.2,1,1
SCML1,RP11-705C15.2,1,1
SCML1,TACC2,1,1
SCML1,TAF6,1,1
SCML1,TECPR1,1,1
SCML1,TLE4,1,1
SCML1,TMEM222,1,1
OSTM1,ANKRD39,1,1
OSTM1,ANXA5,1,1
OSTM1,ATP6V0C,1,1
OSTM1,ATP6V1H,1,1
OSTM1,CNNM3,1,1
OSTM1,CTSB,1,1
OSTM1,HACD4,1,1
OSTM1,IFNGR1,1,1
OSTM1,MSC,1,1
OSTM1,PDXDC1,1,1
OSTM1,PRKD3,1,1
OSTM1,RAD50,1,1
OSTM1,RRAGD,1,1
OSTM1,SMPD2,1,1
OSTM1,SNAI2,1,1
OSTM1,SNX9,1,1
OSTM1,STXBP5,1,1
OSTM1,TMEM159,1,1
OSTM1,TMTC1,1,1
OSTM1,ZADH2,1,1
RUNX2,ALDH5A1,1,1
RUNX2,AP5Z1,1,1
RUNX2,CPE,1,1
RUNX2,CTXN1,1,1
RUNX2,CYTH3,1,1
RUNX2,ECSIT,1,1
RUNX2,FAM83H,1,1
RUNX2,FBXL12,1,1
RUNX2,GADD45B,1,1
RUNX2,NDUFS2,1,1
RUNX2,NLGN1,1,1
RUNX2,PEX16,1,1
RUNX2,SCN1B,1,1
RUNX2,SLC35C2,1,1
RUNX2,SNX3,1,1
RUNX2,TMEM222,1,1
SPPL3,HDAC4,1,1
SPPL3,PLEKHM2,1,1
SPPL3,SSH1,1,1
SPPL3,TWIST2,1,1
IARS,ACP5,1,1
IARS,AMDHD2,1,1
IARS,AMMECR1,1,1
IARS,ANKRD39,1,1
IARS,ARSJ,1,1
IARS,CDC37,1,1
IARS,CSTF3,1,1
IARS,DCTN3,1,1
IARS,DPYSL3,1,1
IARS,ELMOD1,1,1
IARS,FOXC1,1,1
IARS,GBA2,1,1
IARS,HEXA,1,1
IARS,HPS4,1,1
IARS,KCNAB2,1,1
IARS,LZTS1,1,1
IARS,MRPS22,1,1
IARS,MTHFR,1,1
IARS,NFXL1,1,1
IARS,NUP160,1,1
IARS,ORC4,1,1
IARS,OSBPL9,1,1
IARS,PODXL,1,1
IARS,PSMD14,1,1
IARS,PXYLP1,1,1
IARS,SEMA6A,1,1
IARS,SH3GL1,1,1
IARS,SIRT6,1,1
IARS,SNCA,1,1
IARS,SOCS5,1,1
IARS,TMCC2,1,1
IARS,TPP1,1,1
IARS,ZNF622,1,1
ERO1A,GNG12,1,1
ERO1A,PAPOLA,1,1
ERO1A,PRMT6,1,1
ERO1A,R3HDM1,1,1
ERO1A,RUFY3,1,1
ERO1A,SREBF2,1,1
ERO1A,STRAP,1,1
ERO1A,USP15,1,1
KIAA1456,AMDHD2,1,1
KIAA1456,AP2S1,1,1
KIAA1456,APCDD1,1,1
KIAA1456,BRD8,1,1
KIAA1456,BTD,1,1
KIAA1456,CH17-472G23.4,1,1
KIAA1456,CLCN6,1,1
KIAA1456,FBXO17,1,1
KIAA1456,FBXO21,1,1
KIAA1456,GDAP1,1,1
KIAA1456,KIAA0930,1,1
KIAA1456,MFAP3L,1,1
KIAA1456,MTRNR2L10,1,1
KIAA1456,MXI1,1,1
KIAA1456,NAGK,1,1
KIAA1456,NPIPP1,1,1
KIAA1456,PARP10,1,1
KIAA1456,PMEL,1,1
KIAA1456,PPP4R1L,1,1
KIAA1456,PUDP,1,1
KIAA1456,QPRT,1,1
KIAA1456,RGS12,1,1
KIAA1456,SSPN,1,1
KIAA1456,TP53I13,1,1
KIAA1456,TPP1,1,1
C12ORF4,AMMECR1,1,1
C12ORF4,AVPI1,1,1
C12ORF4,CREB5,1,1
C12ORF4,DCTN6,1,1
C12ORF4,EEF1A1P8,1,1
C12ORF4,EPG5,1,1
C12ORF4,FOXC1,1,1
C12ORF4,GATA2,1,1
C12ORF4,HCCS,1,1
C12ORF4,HEXA,1,1
C12ORF4,IL12RB2,1,1
C12ORF4,KCNAB2,1,1
C12ORF4,KIAA1161,1,1
C12ORF4,MRPL42,1,1
C12ORF4,NFXL1,1,1
C12ORF4,NUP160,1,1
C12ORF4,NXPH4,1,1
C12ORF4,ODC1,1,1
C12ORF4,ORC4,1,1
C12ORF4,PARP14,1,1
C12ORF4,PCDHGB5,1,1
C12ORF4,PTPN18,1,1
C12ORF4,RP11-566K11.2,1,1
C12ORF4,RP3-461F17.3,1,1
C12ORF4,RPGR,1,1
C12ORF4,TMEM159,1,1
C12ORF4,TMEM98,1,1
C12ORF4,TPP1,1,1
C12ORF4,TRIM34,1,1
C12ORF4,TSHZ1,1,1
C12ORF4,TULP4,1,1
C12ORF4,USP5,1,1
C12ORF4,ZNF622,1,1
DCAF17,ALDH5A1,1,1
DCAF17,CHSY3,1,1
DCAF17,DPYD,1,1
DCAF17,FAM83H,1,1
DCAF17,FBXO44,1,1
DCAF17,FBXO7,1,1
DCAF17,HACE1,1,1
DCAF17,LCMT1,1,1
DCAF17,LIPA,1,1
DCAF17,MOSPD1,1,1
DCAF17,PARVB,1,1
DCAF17,PDE4DIP,1,1
DCAF17,PNPLA8,1,1
DCAF17,PPFIBP2,1,1
DCAF17,RBM18,1,1
DCAF17,ROPN1B,1,1
DCAF17,RP11-705C15.2,1,1
DCAF17,SMDT1,1,1
DCAF17,TACC2,1,1
DCAF17,TAF6,1,1
DCAF17,TFG,1,1
DCAF17,TMEM222,1,1
PCDHB14,ADCY2,1,1
PCDHB14,BICD1,1,1
PCDHB14,C9ORF172,1,1
PCDHB14,CD46,1,1
PCDHB14,CREB5,1,1
PCDHB14,CSTF3,1,1
PCDHB14,ELMOD1,1,1
PCDHB14,EPG5,1,1
PCDHB14,FOXC1,1,1
PCDHB14,GPR137B,1,1
PCDHB14,HLA-DRB3,1,1
PCDHB14,HPS4,1,1
PCDHB14,IFT172,1,1
PCDHB14,IL12RB2,1,1
PCDHB14,KCNAB2,1,1
PCDHB14,LIMCH1,1,1
PCDHB14,MYLK,1,1
PCDHB14,NXPH4,1,1
PCDHB14,PRKAA2,1,1
PCDHB14,RP11-566K11.2,1,1
PCDHB14,S100A6,1,1
PCDHB14,SMYD2,1,1
PCDHB14,TMC7,1,1
PCDHB14,TMEM47,1,1
PCDHB14,TMEM98,1,1
PCDHB14,TRAPPC2L,1,1
PCDHB14,TULP4,1,1
PCDHB14,UBXN4,1,1
TLE4,CHSY3,1,1
TLE4,COMT,1,1
TLE4,DPYD,1,1
TLE4,FBXO7,1,1
TLE4,HACE1,1,1
TLE4,IL12RB2,1,1
TLE4,LCMT1,1,1
TLE4,LIPA,1,1
TLE4,MED16,1,1
TLE4,MRPL42,1,1
TLE4,NDN,1,1
TLE4,PARVB,1,1
TLE4,PDE4DIP,1,1
TLE4,PNPLA8,1,1
TLE4,PPFIBP2,1,1
TLE4,PRICKLE1,1,1
TLE4,ROPN1B,1,1
TLE4,RP11-705C15.2,1,1
TLE4,SMDT1,1,1
TLE4,TACC2,1,1
TLE4,TAF6,1,1
TLE4,TECPR1,1,1
CDC16,BDH1,1,1
CDC16,C12ORF49,1,1
CDC16,CREB5,1,1
CDC16,EPG5,1,1
CDC16,GATA2,1,1
CDC16,HLA-DRB3,1,1
CDC16,NXPH4,1,1
CDC16,RABEP2,1,1
CDC16,RPAP1,1,1
CDC16,SMYD2,1,1
CDC16,TMEM98,1,1
CDC16,TRIM34,1,1
CDC16,USP54,1,1
ESRP1,AHCYL2,1,1
ESRP1,B4GALT2,1,1
ESRP1,COMT,1,1
ESRP1,CTXN1,1,1
ESRP1,CYTH3,1,1
ESRP1,DCTN3,1,1
ESRP1,DPYD,1,1
ESRP1,ECSIT,1,1
ESRP1,HPS4,1,1
ESRP1,PANK4,1,1
ESRP1,PODXL,1,1
ESRP1,PPFIBP2,1,1
ESRP1,PXYLP1,1,1
ESRP1,RP11-566K11.2,1,1
ESRP1,SLC35C2,1,1
ESRP1,SNX3,1,1
ESRP1,ST3GAL5,1,1
ESRP1,TAF6,1,1
ESRP1,TMEM222,1,1
ESRP1,TRIM2,1,1
SIRT6,ANKRD39,1,1
SIRT6,ANXA5,1,1
SIRT6,ARSJ,1,1
SIRT6,ATP6V0C,1,1
SIRT6,C1ORF226,1,1
SIRT6,FOXC1,1,1
SIRT6,GABRA3,1,1
SIRT6,IFNGR1,1,1
SIRT6,KRT8,1,1
SIRT6,LIMCH1,1,1
SIRT6,OSBPL9,1,1
SIRT6,PPP1R9A,1,1
SIRT6,SSU72,1,1
SIRT6,STXBP5,1,1
SIRT6,VASP,1,1
EID1,ALDH5A1,1,1
EID1,AP5Z1,1,1
EID1,FBXO44,1,1
EID1,NLGN1,1,1
EID1,SUCLG2,1,1
EID1,TMEM222,1,1
EID1,ZBTB40,1,1
EID1,ZDHHC14,1,1
NTMT1,ACP5,1,1
NTMT1,AP2S1,1,1
NTMT1,ATP6V0C,1,1
NTMT1,CDC37,1,1
NTMT1,CYB561D1,1,1
NTMT1,DPYSL3,1,1
NTMT1,DYRK1A,1,1
NTMT1,FAM134C,1,1
NTMT1,FOXC1,1,1
NTMT1,GDAP1,1,1
NTMT1,HEXA,1,1
NTMT1,IFNGR1,1,1
NTMT1,MTHFR,1,1
NTMT1,OSBPL9,1,1
NTMT1,PLEKHN1,1,1
NTMT1,PPP4R1L,1,1
NTMT1,PSMD14,1,1
NTMT1,RAD50,1,1
NTMT1,SEMA6A,1,1
NTMT1,SF3A2,1,1
NTMT1,SH3GL1,1,1
NTMT1,SLC15A4,1,1
NTMT1,SLC35B3,1,1
NTMT1,SNAI2,1,1
NTMT1,SSU72,1,1
NTMT1,TMEM159,1,1
NTMT1,TRIM2,1,1
NTMT1,USF2,1,1
NTMT1,ZC3H12C,1,1
BTD,ACP5,1,1
BTD,ANAPC16,1,1
BTD,AP2S1,1,1
BTD,APCDD1,1,1
BTD,AVPI1,1,1
BTD,BRD8,1,1
BTD,C10ORF11,1,1
BTD,CASP4,1,1
BTD,CD81,1,1
BTD,CLCN6,1,1
BTD,CLN5,1,1
BTD,CPEB2,1,1
BTD,CYBA,1,1
BTD,DAPK1,1,1
BTD,DPH5,1,1
BTD,EEF1A1P11,1,1
BTD,EIF4EBP1,1,1
BTD,FAM134C,1,1
BTD,FBXO21,1,1
BTD,GDAP1,1,1
BTD,GYG2,1,1
BTD,HEXA,1,1
BTD,IFT88,1,1
BTD,KIAA0930,1,1
BTD,MXI1,1,1
BTD,NAGK,1,1
BTD,NPIPP1,1,1
BTD,NUP160,1,1
BTD,ORC4,1,1
BTD,PARP10,1,1
BTD,PARP14,1,1
BTD,PMEL,1,1
BTD,PPP4R1L,1,1
BTD,PSMD14,1,1
BTD,PUDP,1,1
BTD,QPRT,1,1
BTD,RGS12,1,1
BTD,RPL26L1,1,1
BTD,RPS4Y1,1,1
BTD,RUFY3,1,1
BTD,RWDD1,1,1
BTD,SEMA6A,1,1
BTD,SNCA,1,1
BTD,SSPN,1,1
BTD,ST5,1,1
BTD,STRAP,1,1
BTD,TMEM140,1,1
BTD,TMEM80,1,1
BTD,TPP1,1,1
BTD,UBL3,1,1
HBS1L,ATP6V1H,1,1
HBS1L,CHSY3,1,1
HBS1L,FBXO7,1,1
HBS1L,FGF14,1,1
HBS1L,FZD8,1,1
HBS1L,HADHB,1,1
HBS1L,HDAC4,1,1
HBS1L,MED16,1,1
HBS1L,MLST8,1,1
HBS1L,MSRB3,1,1
HBS1L,NDN,1,1
HBS1L,NKIRAS2,1,1
HBS1L,PARVB,1,1
HBS1L,PLA1A,1,1
HBS1L,PPFIBP2,1,1
HBS1L,ROPN1B,1,1
HBS1L,RP11-705C15.2,1,1
HBS1L,SLC19A2,1,1
HBS1L,TAF6,1,1
HBS1L,TBCD,1,1
HBS1L,TMTC1,1,1
HBS1L,ZADH2,1,1
DAPK1,ACP5,1,1
DAPK1,AMDHD2,1,1
DAPK1,AP2S1,1,1
DAPK1,APCDD1,1,1
DAPK1,ATP6V0C,1,1
DAPK1,AVPI1,1,1
DAPK1,BICD1,1,1
DAPK1,BNC2,1,1
DAPK1,BRD8,1,1
DAPK1,C10ORF11,1,1
DAPK1,C12ORF10,1,1
DAPK1,CD81,1,1
DAPK1,CDC37,1,1
DAPK1,CLCN3,1,1
DAPK1,CLCN6,1,1
DAPK1,CLN3,1,1
DAPK1,CLN5,1,1
DAPK1,CPEB2,1,1
DAPK1,CTSB,1,1
DAPK1,DPYSL3,1,1
DAPK1,DYRK1A,1,1
DAPK1,EEF1A1P11,1,1
DAPK1,EEF1A1P5,1,1
DAPK1,EIF4EBP1,1,1
DAPK1,EPG5,1,1
DAPK1,FAM134C,1,1
DAPK1,FOXC1,1,1
DAPK1,FOXD3,1,1
DAPK1,FYCO1,1,1
DAPK1,GDAP1,1,1
DAPK1,GOLGA7B,1,1
DAPK1,GYG2,1,1
DAPK1,HACD4,1,1
DAPK1,HEXA,1,1
DAPK1,HOXC13,1,1
DAPK1,IFNGR1,1,1
DAPK1,IFT88,1,1
DAPK1,ILKAP,1,1
DAPK1,KAZN,1,1
DAPK1,KCNAB2,1,1
DAPK1,KIAA0930,1,1
DAPK1,LSM 7.00,1,1
DAPK1,MFAP3L,1,1
DAPK1,MLPH,1,1
DAPK1,MSC,1,1
DAPK1,MTHFD2,1,1
DAPK1,MTHFR,1,1
DAPK1,MXI1,1,1
DAPK1,NAGK,1,1
DAPK1,NAPA,1,1
DAPK1,ORC4,1,1
DAPK1,OSBPL9,1,1
DAPK1,PARP14,1,1
DAPK1,PCDHGB5,1,1
DAPK1,PDXDC1,1,1
DAPK1,PLEKHN1,1,1
DAPK1,PMEL,1,1
DAPK1,PPP4R1L,1,1
DAPK1,PRKCE,1,1
DAPK1,PSMD14,1,1
DAPK1,PTPN18,1,1
DAPK1,QPRT,1,1
DAPK1,RAB32,1,1
DAPK1,RAD50,1,1
DAPK1,RGS12,1,1
DAPK1,RPL26L1,1,1
DAPK1,RPS4Y1,1,1
DAPK1,RUFY3,1,1
DAPK1,RWDD1,1,1
DAPK1,SEMA6A,1,1
DAPK1,SNAI2,1,1
DAPK1,SNCA,1,1
DAPK1,SSPN,1,1
DAPK1,SSU72,1,1
DAPK1,TBC1D20,1,1
DAPK1,TBC1D7,1,1
DAPK1,TMEM140,1,1
DAPK1,TMEM192,1,1
DAPK1,TPP1,1,1
DAPK1,UBL3,1,1
DAPK1,USF2,1,1
DAPK1,ZFYVE26,1,1
DAPK1,ZNF584,1,1
ARL6IP6,ACTR6,1,1
ARL6IP6,AMDHD2,1,1
ARL6IP6,CH17-472G23.4,1,1
ARL6IP6,CLCN6,1,1
ARL6IP6,CLN3,1,1
ARL6IP6,FAM134C,1,1
ARL6IP6,FOXD3,1,1
ARL6IP6,GBA2,1,1
ARL6IP6,GDAP1,1,1
ARL6IP6,MRPL42,1,1
ARL6IP6,MRPS22,1,1
ARL6IP6,MTHFR,1,1
ARL6IP6,NAA50,1,1
ARL6IP6,NUCKS1,1,1
ARL6IP6,NUP160,1,1
ARL6IP6,ODC1,1,1
ARL6IP6,PLEKHN1,1,1
ARL6IP6,PPP4R1L,1,1
ARL6IP6,PSMD14,1,1
ARL6IP6,RP3-461F17.3,1,1
ARL6IP6,SLC15A4,1,1
ARL6IP6,STRAP,1,1
ARL6IP6,TPP1,1,1
C12ORF49,BDH1,1,1
C12ORF49,CHURC1,1,1
C12ORF49,GATA2,1,1
C12ORF49,GLYR1,1,1
C12ORF49,HLA-DRB3,1,1
C12ORF49,KRT10,1,1
C12ORF49,MAPK12,1,1
C12ORF49,PRKCE,1,1
C12ORF49,RPAP1,1,1
C12ORF49,SLC16A6,1,1
C12ORF49,TBC1D20,1,1
C12ORF49,TRIM21,1,1
C12ORF49,TRIM34,1,1
C12ORF49,TSHZ1,1,1
C12ORF49,UBN1,1,1
C12ORF49,USP54,1,1
ZNF551,ZNF614,1,1
FBXO7,AHCYL2,1,1
FBXO7,ALDH5A1,1,1
FBXO7,B4GALT2,1,1
FBXO7,CCDC107,1,1
FBXO7,CHSY3,1,1
FBXO7,COMT,1,1
FBXO7,CTXN1,1,1
FBXO7,CYTH3,1,1
FBXO7,DNAJA2,1,1
FBXO7,DPYD,1,1
FBXO7,EGFR,1,1
FBXO7,FAM83H,1,1
FBXO7,FBXO44,1,1
FBXO7,FZD8,1,1
FBXO7,GPR137B,1,1
FBXO7,HACE1,1,1
FBXO7,HADHB,1,1
FBXO7,HDAC4,1,1
FBXO7,LCMT1,1,1
FBXO7,LIPA,1,1
FBXO7,MED16,1,1
FBXO7,MLST8,1,1
FBXO7,MOSPD1,1,1
FBXO7,NDN,1,1
FBXO7,PANK4,1,1
FBXO7,PARVB,1,1
FBXO7,PDE4DIP,1,1
FBXO7,PNPLA8,1,1
FBXO7,PODXL,1,1
FBXO7,PPFIBP2,1,1
FBXO7,PRCC,1,1
FBXO7,PXYLP1,1,1
FBXO7,RASSF3,1,1
FBXO7,ROPN1B,1,1
FBXO7,RP11-705C15.2,1,1
FBXO7,SLC35C2,1,1
FBXO7,SMDT1,1,1
FBXO7,SNX3,1,1
FBXO7,SSH1,1,1
FBXO7,TACC2,1,1
FBXO7,TAF6,1,1
FBXO7,TECPR1,1,1
FBXO7,TFG,1,1
FBXO7,TMEM222,1,1
FBXO7,TMEM55A,1,1
FBXO7,TMTC1,1,1
DNAJC7,CRCP,1,1
DNAJC7,HCCS,1,1
DNAJC7,NUP160,1,1
DNAJC7,PAIP1,1,1
DNAJC7,POLDIP2,1,1
DNAJC7,R3HDM1,1,1
DNAJC7,SCAF11,1,1
ZC3H12C,ANXA5,1,1
ZC3H12C,ASAP2,1,1
ZC3H12C,ATP6V0C,1,1
ZC3H12C,ATP6V1H,1,1
ZC3H12C,ATP9B,1,1
ZC3H12C,CCDC82,1,1
ZC3H12C,CLCN3,1,1
ZC3H12C,CNNM3,1,1
ZC3H12C,CYB561D1,1,1
ZC3H12C,GJA3,1,1
ZC3H12C,KCNAB2,1,1
ZC3H12C,MSC,1,1
ZC3H12C,OSBPL9,1,1
ZC3H12C,PHF20L1,1,1
ZC3H12C,RRAGD,1,1
ZC3H12C,SLC16A6,1,1
ZC3H12C,SLC7A8,1,1
ZC3H12C,SNAI2,1,1
ZC3H12C,SNAP29,1,1
ZC3H12C,SSU72,1,1
ZC3H12C,STRIP1,1,1
ZC3H12C,STXBP5,1,1
ZC3H12C,TBC1D14,1,1
ZC3H12C,TMEM192,1,1
ZC3H12C,TRIM2,1,1
ZC3H12C,TULP4,1,1
ZC3H12C,WDFY1,1,1
QTRT1,FNBP1L,1,1
RAB32,AFF3,1,1
RAB32,ASAP2,1,1
RAB32,BNC2,1,1
RAB32,C12ORF10,1,1
RAB32,CASC3,1,1
RAB32,CLCN3,1,1
RAB32,EEF1A1P5,1,1
RAB32,FNIP2,1,1
RAB32,FYCO1,1,1
RAB32,GYG2,1,1
RAB32,HABP4,1,1
RAB32,HEXA,1,1
RAB32,ILKAP,1,1
RAB32,KANSL3,1,1
RAB32,KCTD7,1,1
RAB32,LSM 7.00,1,1
RAB32,MLPH,1,1
RAB32,MSC,1,1
RAB32,MXI1,1,1
RAB32,NAPA,1,1
RAB32,OSBPL9,1,1
RAB32,PMEL,1,1
RAB32,PRKCE,1,1
RAB32,QPRT,1,1
RAB32,RGS12,1,1
RAB32,RUFY3,1,1
RAB32,SEMA6A,1,1
RAB32,SLC16A6,1,1
RAB32,SNAI2,1,1
RAB32,TBC1D20,1,1
RAB32,TMEM140,1,1
RAB32,TMEM192,1,1
RAB32,UBL3,1,1
RAB32,USF2,1,1
RAB32,WDFY1,1,1
RAB32,ZFYVE26,1,1
RAB32,ZNF584,1,1
SCN1B,AP5Z1,1,1
SCN1B,CPE,1,1
SCN1B,GADD45B,1,1
SCN1B,NDUFS2,1,1
SCN1B,NLGN1,1,1
SCN1B,ZBTB40,1,1
ST5,ACP5,1,1
ST5,APCDD1,1,1
ST5,CASP4,1,1
ST5,CDC37,1,1
ST5,CLCN6,1,1
ST5,CPEB2,1,1
ST5,DPH5,1,1
ST5,FAM134C,1,1
ST5,GDAP1,1,1
ST5,KIAA0930,1,1
ST5,MRPS22,1,1
ST5,MTHFR,1,1
ST5,NUP160,1,1
ST5,PAPOLA,1,1
ST5,PARP10,1,1
ST5,PLEKHN1,1,1
ST5,PPP4R1L,1,1
ST5,PSMD14,1,1
ST5,RPL26L1,1,1
ST5,RPS4Y1,1,1
ST5,RWDD1,1,1
ST5,SLC35B3,1,1
ST5,SNCA,1,1
ST5,TCEB2,1,1
ST5,TMEM159,1,1
ST5,TP53I13,1,1
ST5,USF2,1,1
FBXO44,ALDH5A1,1,1
FBXO44,DPYD,1,1
FBXO44,FAM83H,1,1
FBXO44,HACE1,1,1
FBXO44,LIPA,1,1
FBXO44,LPCAT2,1,1
FBXO44,MOSPD1,1,1
FBXO44,PANK4,1,1
FBXO44,PARVB,1,1
FBXO44,PDE4DIP,1,1
FBXO44,PNPLA8,1,1
FBXO44,PPFIBP2,1,1
FBXO44,RBM18,1,1
FBXO44,ROPN1B,1,1
FBXO44,SLC35C2,1,1
FBXO44,SMDT1,1,1
FBXO44,TACC2,1,1
FBXO44,TAF6,1,1
FBXO44,TFG,1,1
FBXO44,TMEM222,1,1
FBXO44,ZDHHC14,1,1
CREBRF,AFF3,1,1
CREBRF,AMMECR1,1,1
CREBRF,CDC37,1,1
CREBRF,CRCP,1,1
CREBRF,DPYSL3,1,1
CREBRF,EXOC4,1,1
CREBRF,FBXL7,1,1
CREBRF,HEXA,1,1
CREBRF,KCTD7,1,1
CREBRF,MTHFR,1,1
CREBRF,NAA50,1,1
CREBRF,NFXL1,1,1
CREBRF,NOP2,1,1
CREBRF,NUP160,1,1
CREBRF,ODC1,1,1
CREBRF,ORC4,1,1
CREBRF,OSBPL9,1,1
CREBRF,PSMD14,1,1
CREBRF,RP3-461F17.3,1,1
CREBRF,RPGR,1,1
CREBRF,SERAC1,1,1
CREBRF,SH3GL1,1,1
CREBRF,SLC16A6,1,1
CREBRF,TMCC2,1,1
CREBRF,TMEM159,1,1
CREBRF,TSHZ1,1,1
CREBRF,USP15,1,1
CREBRF,WDR92,1,1
RUFY3,ACTR6,1,1
RUFY3,AMDHD2,1,1
RUFY3,AP2S1,1,1
RUFY3,BNC2,1,1
RUFY3,CLCN6,1,1
RUFY3,CLN3,1,1
RUFY3,CLN5,1,1
RUFY3,CYBA,1,1
RUFY3,EEF1A1P11,1,1
RUFY3,EEF1A1P5,1,1
RUFY3,EIF4EBP1,1,1
RUFY3,FAM134C,1,1
RUFY3,FOXD3,1,1
RUFY3,FYCO1,1,1
RUFY3,GYG2,1,1
RUFY3,HEXA,1,1
RUFY3,LSM 7.00,1,1
RUFY3,MAPK12,1,1
RUFY3,MLPH,1,1
RUFY3,MXI1,1,1
RUFY3,NAGK,1,1
RUFY3,NCAPD2,1,1
RUFY3,NRDC,1,1
RUFY3,ORC4,1,1
RUFY3,PARP14,1,1
RUFY3,PMEL,1,1
RUFY3,PPP4R1L,1,1
RUFY3,PRKCE,1,1
RUFY3,PTTG1IP,1,1
RUFY3,QPRT,1,1
RUFY3,RGS12,1,1
RUFY3,RPL26L1,1,1
RUFY3,SEMA6A,1,1
RUFY3,SSPN,1,1
RUFY3,STRAP,1,1
RUFY3,TBC1D20,1,1
RUFY3,TMEM140,1,1
RUFY3,TMEM150A,1,1
RUFY3,TPP1,1,1
RUFY3,UBL3,1,1
RUFY3,ZFYVE26,1,1
RUFY3,ZNF584,1,1
NRDC,CLN5,1,1
NRDC,CYBA,1,1
NRDC,EEF1A1P5,1,1
NRDC,FYCO1,1,1
NRDC,LSM 7.00,1,1
NRDC,MLPH,1,1
NRDC,NCAPD2,1,1
NRDC,PMEL,1,1
NRDC,PRKCE,1,1
NRDC,RGS12,1,1
NRDC,SSPN,1,1
NRDC,STRAP,1,1
NRDC,XKR8,1,1
FBXO2,AFF3,1,1
FBXO2,AMDHD2,1,1
FBXO2,CD46,1,1
FBXO2,CLN3,1,1
FBXO2,CRTC1,1,1
FBXO2,CSTF3,1,1
FBXO2,DPYSL3,1,1
FBXO2,EPG5,1,1
FBXO2,FOXC1,1,1
FBXO2,FOXD3,1,1
FBXO2,GBA2,1,1
FBXO2,GIGYF2,1,1
FBXO2,GJA3,1,1
FBXO2,GPR137B,1,1
FBXO2,GRK5,1,1
FBXO2,HABP4,1,1
FBXO2,HEXA,1,1
FBXO2,HPS4,1,1
FBXO2,KCNAB2,1,1
FBXO2,KCTD7,1,1
FBXO2,MYO9B,1,1
FBXO2,OR2A9P,1,1
FBXO2,ORC4,1,1
FBXO2,OSBPL9,1,1
FBXO2,PI4KA,1,1
FBXO2,PTTG1IP,1,1
FBXO2,SEMA6A,1,1
FBXO2,SH3GL1,1,1
FBXO2,SLC15A4,1,1
FBXO2,SLC16A6,1,1
FBXO2,SLC7A8,1,1
FBXO2,SNAP29,1,1
FBXO2,TBC1D20,1,1
FBXO2,TMCC2,1,1
FBXO2,TRAPPC2L,1,1
FBXO2,TULP4,1,1
FBXO2,WDFY1,1,1
FBXO2,ZFYVE26,1,1
GATA2,CHURC1,1,1
GATA2,CREB5,1,1
GATA2,EPG5,1,1
GATA2,GLTSCR1L,1,1
GATA2,HLA-DRB3,1,1
GATA2,NXPH4,1,1
GATA2,QSOX1,1,1
GATA2,RABEP2,1,1
GATA2,RPGR,1,1
GATA2,TMEM98,1,1
GATA2,TRIM34,1,1
GATA2,TRIM68,1,1
GATA2,USP54,1,1
GABRA3,ANKRD39,1,1
GABRA3,BICD1,1,1
GABRA3,FOXC1,1,1
GABRA3,HOXC13,1,1
GABRA3,ILKAP,1,1
GABRA3,KRT8,1,1
GABRA3,PPP1R9A,1,1
GABRA3,SSU72,1,1
SNCA,ACP5,1,1
SNCA,AK4,1,1
SNCA,AMMECR1,1,1
SNCA,AP2S1,1,1
SNCA,APCDD1,1,1
SNCA,ATP6V0C,1,1
SNCA,AVPI1,1,1
SNCA,BICD1,1,1
SNCA,BNC2,1,1
SNCA,BRD8,1,1
SNCA,C10ORF11,1,1
SNCA,C12ORF10,1,1
SNCA,CD81,1,1
SNCA,CDC37,1,1
SNCA,CLCN2,1,1
SNCA,CLCN3,1,1
SNCA,CLCN6,1,1
SNCA,CLN5,1,1
SNCA,CNST,1,1
SNCA,CPEB2,1,1
SNCA,CTSB,1,1
SNCA,DPH5,1,1
SNCA,DPYSL3,1,1
SNCA,DYRK1A,1,1
SNCA,EEF1A1P11,1,1
SNCA,EEF1A1P5,1,1
SNCA,EIF4EBP1,1,1
SNCA,EPG5,1,1
SNCA,FAM134C,1,1
SNCA,FOXC1,1,1
SNCA,FOXD3,1,1
SNCA,GDAP1,1,1
SNCA,GOLGA7B,1,1
SNCA,GYG2,1,1
SNCA,HACD4,1,1
SNCA,HEXA,1,1
SNCA,IFNGR1,1,1
SNCA,IFT88,1,1
SNCA,KCNAB2,1,1
SNCA,KIAA0930,1,1
SNCA,LSM 7.00,1,1
SNCA,MSC,1,1
SNCA,MTHFR,1,1
SNCA,MXI1,1,1
SNCA,NAPA,1,1
SNCA,NUP160,1,1
SNCA,ORC4,1,1
SNCA,OSBPL9,1,1
SNCA,PARP14,1,1
SNCA,PCDHGB5,1,1
SNCA,PLEKHN1,1,1
SNCA,PMEL,1,1
SNCA,PPP4R1L,1,1
SNCA,PRKCE,1,1
SNCA,PRKD3,1,1
SNCA,PSMD14,1,1
SNCA,PTPN18,1,1
SNCA,QPRT,1,1
SNCA,RGS12,1,1
SNCA,RNF217,1,1
SNCA,RP3-461F17.3,1,1
SNCA,RPL26L1,1,1
SNCA,RPS4Y1,1,1
SNCA,SEMA6A,1,1
SNCA,SNAI2,1,1
SNCA,SSPN,1,1
SNCA,SSU72,1,1
SNCA,STXBP5,1,1
SNCA,TBC1D20,1,1
SNCA,TMEM140,1,1
SNCA,TMEM159,1,1
SNCA,TMEM192,1,1
SNCA,TPP1,1,1
SNCA,TSHZ1,1,1
SNCA,UBL3,1,1
SNCA,USF2,1,1
SNCA,WDR92,1,1
SNCA,XG,1,1
SNCA,ZNF584,1,1
CD81,ACP5,1,1
CD81,APCDD1,1,1
CD81,AVPI1,1,1
CD81,BICD1,1,1
CD81,C10ORF11,1,1
CD81,CASP4,1,1
CD81,DPH5,1,1
CD81,EEF1A1P11,1,1
CD81,EPG5,1,1
CD81,FOXC1,1,1
CD81,GOLGA7B,1,1
CD81,GYG2,1,1
CD81,HACD4,1,1
CD81,HEXA,1,1
CD81,IFNGR1,1,1
CD81,IFT88,1,1
CD81,KIAA0930,1,1
CD81,KIAA1161,1,1
CD81,ORC4,1,1
CD81,PARP14,1,1
CD81,PCDHGB5,1,1
CD81,PMEL,1,1
CD81,PPP4R1L,1,1
CD81,PRKCE,1,1
CD81,PRKD3,1,1
CD81,PTPN18,1,1
CD81,QPRT,1,1
CD81,RPS4Y1,1,1
CD81,SEMA6A,1,1
CD81,SNAI2,1,1
CD81,SSPN,1,1
CD81,SSU72,1,1
CD81,TMEM159,1,1
CD81,TPP1,1,1
CD81,TSHZ1,1,1
CD81,XG,1,1
CCDC107,ADCY2,1,1
CCDC107,CBR3,1,1
CCDC107,CHSY3,1,1
CCDC107,CROCC,1,1
CCDC107,CSTF3,1,1
CCDC107,DPYD,1,1
CCDC107,FN3K,1,1
CCDC107,GPR137B,1,1
CCDC107,GPR161,1,1
CCDC107,MED16,1,1
CCDC107,MLST8,1,1
CCDC107,MYLK,1,1
CCDC107,PEX16,1,1
CCDC107,PI4KA,1,1
CCDC107,PRKAA2,1,1
CCDC107,RASSF3,1,1
CCDC107,TECPR1,1,1
CCDC107,TRAPPC2L,1,1
CCDC107,TULP4,1,1
RASSF3,AHCYL2,1,1
RASSF3,AP5Z1,1,1
RASSF3,CBR3,1,1
RASSF3,CHSY3,1,1
RASSF3,CSTF3,1,1
RASSF3,DPYD,1,1
RASSF3,EGFR,1,1
RASSF3,FAM83H,1,1
RASSF3,GIGYF2,1,1
RASSF3,GJA3,1,1
RASSF3,GPR137B,1,1
RASSF3,GPR161,1,1
RASSF3,HACE1,1,1
RASSF3,HDAC4,1,1
RASSF3,HOXB7,1,1
RASSF3,MLST8,1,1
RASSF3,PANK4,1,1
RASSF3,PI4KA,1,1
RASSF3,PLEKHM2,1,1
RASSF3,RP11-423H2.1,1,1
RASSF3,RRAGD,1,1
RASSF3,SNAP29,1,1
RASSF3,SSH1,1,1
RASSF3,TBC1D14,1,1
RASSF3,TECPR1,1,1
RASSF3,TMEM55A,1,1
RASSF3,TMTC1,1,1
RASSF3,TSEN15,1,1
DYRK1A,ACP5,1,1
DYRK1A,AMDHD2,1,1
DYRK1A,AP2S1,1,1
DYRK1A,APCDD1,1,1
DYRK1A,ATP6V0C,1,1
DYRK1A,BRD8,1,1
DYRK1A,C1ORF226,1,1
DYRK1A,CDC37,1,1
DYRK1A,CYB561D1,1,1
DYRK1A,DPYSL3,1,1
DYRK1A,ECSIT,1,1
DYRK1A,FOXC1,1,1
DYRK1A,FOXD3,1,1
DYRK1A,GDAP1,1,1
DYRK1A,HEXA,1,1
DYRK1A,HOXC13,1,1
DYRK1A,HSPA1A,1,1
DYRK1A,IFNGR1,1,1
DYRK1A,KAZN,1,1
DYRK1A,KIAA0930,1,1
DYRK1A,LZTS1,1,1
DYRK1A,MFAP3L,1,1
DYRK1A,MTHFR,1,1
DYRK1A,NAGK,1,1
DYRK1A,PLEKHN1,1,1
DYRK1A,PPP4R1L,1,1
DYRK1A,RP11-566K11.2,1,1
DYRK1A,SEMA6A,1,1
DYRK1A,SLC15A4,1,1
DYRK1A,SNAI2,1,1
DYRK1A,SSU72,1,1
DYRK1A,TPP1,1,1
DYRK1A,TRIM2,1,1
DYRK1A,USF2,1,1
BMPR2,BDH1,1,1
BMPR2,CLCN3,1,1
BMPR2,FNIP2,1,1
BMPR2,TMEM192,1,1
LCMT1,DPYD,1,1
LCMT1,HACE1,1,1
LCMT1,LIPA,1,1
LCMT1,PARVB,1,1
LCMT1,PDE4DIP,1,1
LCMT1,PNPLA8,1,1
LCMT1,PRCC,1,1
LCMT1,RANBP6,1,1
LCMT1,ROPN1B,1,1
LCMT1,RP11-705C15.2,1,1
LCMT1,SMDT1,1,1
LCMT1,TACC2,1,1
LCMT1,TAF6,1,1
LCMT1,TECPR1,1,1
TRIM2,ACP5,1,1
TRIM2,AHCYL2,1,1
TRIM2,AMDHD2,1,1
TRIM2,ANXA5,1,1
TRIM2,AP2S1,1,1
TRIM2,ATP6V0C,1,1
TRIM2,B4GALT2,1,1
TRIM2,C1ORF226,1,1
TRIM2,CDC37,1,1
TRIM2,CSTF3,1,1
TRIM2,CYB561D1,1,1
TRIM2,DPYSL3,1,1
TRIM2,ECSIT,1,1
TRIM2,EGFR,1,1
TRIM2,FOXC1,1,1
TRIM2,GBA2,1,1
TRIM2,GJA3,1,1
TRIM2,GPR137B,1,1
TRIM2,HPS4,1,1
TRIM2,IFNGR1,1,1
TRIM2,LZTS1,1,1
TRIM2,MTHFR,1,1
TRIM2,OSBPL9,1,1
TRIM2,PI4KA,1,1
TRIM2,PLEKHN1,1,1
TRIM2,RAD50,1,1
TRIM2,RRAGD,1,1
TRIM2,SEMA6A,1,1
TRIM2,SF3A2,1,1
TRIM2,SLC15A4,1,1
TRIM2,SLC7A8,1,1
TRIM2,SNAP29,1,1
TRIM2,SSU72,1,1
TRIM2,STXBP5,1,1
TRIM2,TBC1D14,1,1
TRIM2,TESK1,1,1
TRIM2,TMCC2,1,1
TRIM2,TULP4,1,1
TRIM2,USF2,1,1
TRIM2,WDFY1,1,1
MLST8,ADAM12,1,1
MLST8,AHCYL2,1,1
MLST8,ALDH5A1,1,1
MLST8,ATP6V1H,1,1
MLST8,CBR3,1,1
MLST8,CHSY3,1,1
MLST8,CSTF3,1,1
MLST8,DPYD,1,1
MLST8,EGFR,1,1
MLST8,FAM83H,1,1
MLST8,FZD8,1,1
MLST8,GPR137B,1,1
MLST8,HADHB,1,1
MLST8,HDAC4,1,1
MLST8,HPS4,1,1
MLST8,LIPA,1,1
MLST8,MYLK,1,1
MLST8,NKIRAS2,1,1
MLST8,PANK4,1,1
MLST8,PARVB,1,1
MLST8,PI4KA,1,1
MLST8,PODXL,1,1
MLST8,PPFIBP2,1,1
MLST8,PXYLP1,1,1
MLST8,ROPN1B,1,1
MLST8,RP11-705C15.2,1,1
MLST8,RRAGD,1,1
MLST8,SMDT1,1,1
MLST8,TAF6,1,1
MLST8,TECPR1,1,1
MLST8,TFG,1,1
MLST8,TMEM55A,1,1
MLST8,TMTC1,1,1
MLST8,UNC45A,1,1
PPFIBP2,AHCYL2,1,1
PPFIBP2,ALDH5A1,1,1
PPFIBP2,ATP1A1,1,1
PPFIBP2,B4GALT2,1,1
PPFIBP2,CHSY3,1,1
PPFIBP2,CTXN1,1,1
PPFIBP2,CYTH3,1,1
PPFIBP2,DPYD,1,1
PPFIBP2,FAM83H,1,1
PPFIBP2,FBXL12,1,1
PPFIBP2,HADHB,1,1
PPFIBP2,LIPA,1,1
PPFIBP2,MED16,1,1
PPFIBP2,MOSPD1,1,1
PPFIBP2,NDN,1,1
PPFIBP2,NLGN1,1,1
PPFIBP2,PARD3,1,1
PPFIBP2,PARVB,1,1
PPFIBP2,PDE4DIP,1,1
PPFIBP2,PEX16,1,1
PPFIBP2,PNPLA8,1,1
PPFIBP2,ROPN1B,1,1
PPFIBP2,RP11-705C15.2,1,1
PPFIBP2,SLC19A2,1,1
PPFIBP2,SLC35C2,1,1
PPFIBP2,SMDT1,1,1
PPFIBP2,SNX3,1,1
PPFIBP2,ST3GAL5,1,1
PPFIBP2,TACC2,1,1
PPFIBP2,TAF6,1,1
PPFIBP2,TFG,1,1
PPFIBP2,TMEM222,1,1
PPFIBP2,TMTC1,1,1
CSTF3,ACP5,1,1
CSTF3,ADCY2,1,1
CSTF3,AHCYL2,1,1
CSTF3,AMDHD2,1,1
CSTF3,ANXA5,1,1
CSTF3,ARSJ,1,1
CSTF3,CD46,1,1
CSTF3,CH17-472G23.4,1,1
CSTF3,CLN3,1,1
CSTF3,COMT,1,1
CSTF3,CROCC,1,1
CSTF3,CRTC1,1,1
CSTF3,DCTN6,1,1
CSTF3,DPYSL3,1,1
CSTF3,EEF1A1P8,1,1
CSTF3,ELMOD1,1,1
CSTF3,EPG5,1,1
CSTF3,FOXC1,1,1
CSTF3,FOXD3,1,1
CSTF3,GBA2,1,1
CSTF3,GIGYF2,1,1
CSTF3,GPR137B,1,1
CSTF3,HEXA,1,1
CSTF3,HPS4,1,1
CSTF3,KCNAB2,1,1
CSTF3,KCTD7,1,1
CSTF3,LZTS1,1,1
CSTF3,MRPL42,1,1
CSTF3,MYLK,1,1
CSTF3,MYO9B,1,1
CSTF3,NUCKS1,1,1
CSTF3,OR2A9P,1,1
CSTF3,ORC4,1,1
CSTF3,OSBPL9,1,1
CSTF3,PI4KA,1,1
CSTF3,PODXL,1,1
CSTF3,PRICKLE1,1,1
CSTF3,PRKAA2,1,1
CSTF3,RP11-566K11.2,1,1
CSTF3,RRAGD,1,1
CSTF3,SEMA6A,1,1
CSTF3,SH3GL1,1,1
CSTF3,SLC15A4,1,1
CSTF3,SLC16A6,1,1
CSTF3,SLC7A8,1,1
CSTF3,SNAP29,1,1
CSTF3,SSU72,1,1
CSTF3,TBC1D20,1,1
CSTF3,TMCC2,1,1
CSTF3,TPP1,1,1
CSTF3,TRAPPC2L,1,1
CSTF3,TULP4,1,1
CSTF3,USP5,1,1
CSTF3,WDFY1,1,1
ELMOD1,ADAM12,1,1
ELMOD1,BICD1,1,1
ELMOD1,CD46,1,1
ELMOD1,FOXC1,1,1
ELMOD1,GPR137B,1,1
ELMOD1,HPS4,1,1
ELMOD1,KCNAB2,1,1
ELMOD1,LIMCH1,1,1
ELMOD1,PRKAA2,1,1
ELMOD1,RP11-566K11.2,1,1
ELMOD1,TMC7,1,1
ELMOD1,TMEM47,1,1
ELMOD1,TRAPPC2L,1,1
ELMOD1,UBXN4,1,1
DPH5,ACP5,1,1
DPH5,ANAPC16,1,1
DPH5,APCDD1,1,1
DPH5,AVPI1,1,1
DPH5,C10ORF11,1,1
DPH5,CASP4,1,1
DPH5,CLCN6,1,1
DPH5,CYBA,1,1
DPH5,EEF1A1P11,1,1
DPH5,GDAP1,1,1
DPH5,GYG2,1,1
DPH5,HEXA,1,1
DPH5,IFT88,1,1
DPH5,KIAA0930,1,1
DPH5,NPIPP1,1,1
DPH5,NUP160,1,1
DPH5,ORC4,1,1
DPH5,PAPOLA,1,1
DPH5,PARP10,1,1
DPH5,PARP14,1,1
DPH5,PCDHGB5,1,1
DPH5,PMEL,1,1
DPH5,PPP4R1L,1,1
DPH5,PSMD14,1,1
DPH5,PTPN18,1,1
DPH5,QPRT,1,1
DPH5,RPS4Y1,1,1
DPH5,SSPN,1,1
DPH5,TMEM80,1,1
DPH5,TPP1,1,1
PALM2-AKAP2,PPP1R16A,1,1
PALM2-AKAP2,TSC22D1,1,1
ORC4,ACP5,1,1
ORC4,AK4,1,1
ORC4,AMDHD2,1,1
ORC4,AMMECR1,1,1
ORC4,AP2S1,1,1
ORC4,APCDD1,1,1
ORC4,AVPI1,1,1
ORC4,B3GNT5,1,1
ORC4,BICD1,1,1
ORC4,BNC2,1,1
ORC4,CDC37,1,1
ORC4,CLCN2,1,1
ORC4,CLCN6,1,1
ORC4,CLN3,1,1
ORC4,CNST,1,1
ORC4,DPYSL3,1,1
ORC4,EEF1A1P11,1,1
ORC4,EEF1A1P5,1,1
ORC4,EEF1A1P8,1,1
ORC4,EIF4EBP1,1,1
ORC4,EPG5,1,1
ORC4,FAM134C,1,1
ORC4,FOXC1,1,1
ORC4,FOXD3,1,1
ORC4,GBA2,1,1
ORC4,GDAP1,1,1
ORC4,GNG12,1,1
ORC4,GYG2,1,1
ORC4,HEXA,1,1
ORC4,HPS4,1,1
ORC4,KCNAB2,1,1
ORC4,KIAA0930,1,1
ORC4,LSM 7.00,1,1
ORC4,MAPK12,1,1
ORC4,MLPH,1,1
ORC4,MRPS22,1,1
ORC4,MTHFD2,1,1
ORC4,MTHFR,1,1
ORC4,MXI1,1,1
ORC4,NAGK,1,1
ORC4,NAPA,1,1
ORC4,NFXL1,1,1
ORC4,NUP160,1,1
ORC4,NXPH4,1,1
ORC4,OSBPL9,1,1
ORC4,PARP14,1,1
ORC4,PCDHGB5,1,1
ORC4,PMEL,1,1
ORC4,PPP4R1L,1,1
ORC4,PRKCE,1,1
ORC4,PSMD14,1,1
ORC4,PTPN18,1,1
ORC4,QPRT,1,1
ORC4,RGS12,1,1
ORC4,RNF217,1,1
ORC4,RP3-461F17.3,1,1
ORC4,RPGR,1,1
ORC4,RPL26L1,1,1
ORC4,RPS4Y1,1,1
ORC4,SEMA6A,1,1
ORC4,SH3GL1,1,1
ORC4,SLC16A6,1,1
ORC4,SNAI2,1,1
ORC4,SSPN,1,1
ORC4,SSU72,1,1
ORC4,STRAP,1,1
ORC4,TBC1D20,1,1
ORC4,TMCC2,1,1
ORC4,TMEM140,1,1
ORC4,TPP1,1,1
ORC4,TSHZ1,1,1
ORC4,UBL3,1,1
ORC4,USF2,1,1
ORC4,USP15,1,1
ORC4,WDR92,1,1
ORC4,ZNF584,1,1
ORC4,ZNF622,1,1
B3GNT5,AK4,1,1
B3GNT5,AMMECR1,1,1
B3GNT5,CLCN2,1,1
B3GNT5,CNST,1,1
B3GNT5,EIF4EBP1,1,1
B3GNT5,GNG12,1,1
B3GNT5,MTHFD2,1,1
B3GNT5,RNF217,1,1
B3GNT5,SAMD4B,1,1
HEXA,ACP5,1,1
HEXA,AFF3,1,1
HEXA,AMDHD2,1,1
HEXA,AMMECR1,1,1
HEXA,ANKRD39,1,1
HEXA,AP2S1,1,1
HEXA,APCDD1,1,1
HEXA,ATP6V0C,1,1
HEXA,AVPI1,1,1
HEXA,BICD1,1,1
HEXA,BNC2,1,1
HEXA,BRD8,1,1
HEXA,C12ORF10,1,1
HEXA,CDC37,1,1
HEXA,CLCN2,1,1
HEXA,CLCN3,1,1
HEXA,CLCN6,1,1
HEXA,CLN3,1,1
HEXA,CLN5,1,1
HEXA,CTSB,1,1
HEXA,DPYSL3,1,1
HEXA,EEF1A1P11,1,1
HEXA,EEF1A1P5,1,1
HEXA,EEF1A1P8,1,1
HEXA,EIF4EBP1,1,1
HEXA,EPG5,1,1
HEXA,FAM134C,1,1
HEXA,FOXC1,1,1
HEXA,FOXD3,1,1
HEXA,GBA2,1,1
HEXA,GDAP1,1,1
HEXA,GYG2,1,1
HEXA,HACD4,1,1
HEXA,HPS4,1,1
HEXA,IFNGR1,1,1
HEXA,KCNAB2,1,1
HEXA,KIAA0930,1,1
HEXA,LSM 7.00,1,1
HEXA,MAPK12,1,1
HEXA,MLPH,1,1
HEXA,MSC,1,1
HEXA,MTHFR,1,1
HEXA,MXI1,1,1
HEXA,NAGK,1,1
HEXA,NAPA,1,1
HEXA,NFXL1,1,1
HEXA,NUP160,1,1
HEXA,OSBPL9,1,1
HEXA,PARP14,1,1
HEXA,PCDHGB5,1,1
HEXA,PLEKHN1,1,1
HEXA,PMEL,1,1
HEXA,PPP4R1L,1,1
HEXA,PRKCE,1,1
HEXA,PSMD14,1,1
HEXA,PTPN18,1,1
HEXA,QPRT,1,1
HEXA,RGS12,1,1
HEXA,RP3-461F17.3,1,1
HEXA,RPL26L1,1,1
HEXA,RPS4Y1,1,1
HEXA,SEMA6A,1,1
HEXA,SH3GL1,1,1
HEXA,SLC16A6,1,1
HEXA,SNAI2,1,1
HEXA,SNAP29,1,1
HEXA,SSPN,1,1
HEXA,SSU72,1,1
HEXA,STRAP,1,1
HEXA,TBC1D20,1,1
HEXA,TMCC2,1,1
HEXA,TMEM140,1,1
HEXA,TMEM159,1,1
HEXA,TMEM192,1,1
HEXA,TPP1,1,1
HEXA,TSHZ1,1,1
HEXA,TULP4,1,1
HEXA,UBL3,1,1
HEXA,USF2,1,1
HEXA,WDR92,1,1
HEXA,ZFYVE26,1,1
HEXA,ZNF584,1,1
BDH1,AVPI1,1,1
BDH1,CLCN2,1,1
BDH1,CLCN3,1,1
BDH1,IMPACT,1,1
BDH1,MAPK12,1,1
BDH1,PCDHGB5,1,1
BDH1,PRKCE,1,1
BDH1,PTPN18,1,1
BDH1,RPAP1,1,1
BDH1,TBC1D20,1,1
BDH1,TMEM192,1,1
BDH1,TRIM21,1,1
BDH1,TSHZ1,1,1
BDH1,USP54,1,1
R3HDM1,AMMECR1,1,1
R3HDM1,CLCN6,1,1
R3HDM1,CRCP,1,1
R3HDM1,GNG12,1,1
R3HDM1,HCCS,1,1
R3HDM1,NUP160,1,1
R3HDM1,PAPOLA,1,1
R3HDM1,POLDIP2,1,1
R3HDM1,PRMT6,1,1
R3HDM1,PSMD14,1,1
R3HDM1,PUDP,1,1
R3HDM1,RP3-461F17.3,1,1
R3HDM1,SREBF2,1,1
R3HDM1,STRAP,1,1
R3HDM1,USP15,1,1
PDE4DIP,DNAJA2,1,1
PDE4DIP,DPYD,1,1
PDE4DIP,HACE1,1,1
PDE4DIP,LIPA,1,1
PDE4DIP,MAP3K4,1,1
PDE4DIP,PARVB,1,1
PDE4DIP,PNPLA8,1,1
PDE4DIP,PRCC,1,1
PDE4DIP,ROPN1B,1,1
PDE4DIP,RP11-705C15.2,1,1
PDE4DIP,SMDT1,1,1
PDE4DIP,TACC2,1,1
PDE4DIP,TAF6,1,1
PDE4DIP,TECPR1,1,1
GPR137B,ACP5,1,1
GPR137B,ADCY2,1,1
GPR137B,AHCYL2,1,1
GPR137B,ANXA5,1,1
GPR137B,ATP6V1H,1,1
GPR137B,CBR3,1,1
GPR137B,CHSY3,1,1
GPR137B,COMT,1,1
GPR137B,CROCC,1,1
GPR137B,DCTN6,1,1
GPR137B,DPYD,1,1
GPR137B,DPYSL3,1,1
GPR137B,EGFR,1,1
GPR137B,EPG5,1,1
GPR137B,FN3K,1,1
GPR137B,FOXC1,1,1
GPR137B,GBA2,1,1
GPR137B,GPR161,1,1
GPR137B,HPS4,1,1
GPR137B,IFT172,1,1
GPR137B,IL12RB2,1,1
GPR137B,KCNAB2,1,1
GPR137B,LIMCH1,1,1
GPR137B,MED16,1,1
GPR137B,MRPL42,1,1
GPR137B,MYLK,1,1
GPR137B,NUCKS1,1,1
GPR137B,OSBPL9,1,1
GPR137B,PEX16,1,1
GPR137B,PI4KA,1,1
GPR137B,PODXL,1,1
GPR137B,PRICKLE1,1,1
GPR137B,PRKAA2,1,1
GPR137B,RP11-566K11.2,1,1
GPR137B,RRAGD,1,1
GPR137B,SEMA6A,1,1
GPR137B,SH3GL1,1,1
GPR137B,SLC16A6,1,1
GPR137B,SLC7A8,1,1
GPR137B,SNAP29,1,1
GPR137B,SSU72,1,1
GPR137B,TECPR1,1,1
GPR137B,TMEM47,1,1
GPR137B,TMEM55A,1,1
GPR137B,TMEM98,1,1
GPR137B,TNFRSF14,1,1
GPR137B,TRAPPC2L,1,1
GPR137B,TULP4,1,1
GPR137B,USP5,1,1
PLEKHN1,ACP5,1,1
PLEKHN1,AMDHD2,1,1
PLEKHN1,ANXA5,1,1
PLEKHN1,AP2S1,1,1
PLEKHN1,ATP6V0C,1,1
PLEKHN1,CDC37,1,1
PLEKHN1,CLCN6,1,1
PLEKHN1,CPEB2,1,1
PLEKHN1,CTSB,1,1
PLEKHN1,CYB561D1,1,1
PLEKHN1,DCTN3,1,1
PLEKHN1,DPYSL3,1,1
PLEKHN1,FAM134C,1,1
PLEKHN1,FOXC1,1,1
PLEKHN1,GDAP1,1,1
PLEKHN1,HPS4,1,1
PLEKHN1,IFNGR1,1,1
PLEKHN1,KIAA0930,1,1
PLEKHN1,LZTS1,1,1
PLEKHN1,MRPS22,1,1
PLEKHN1,MTHFR,1,1
PLEKHN1,MXI1,1,1
PLEKHN1,NAA50,1,1
PLEKHN1,OSBPL9,1,1
PLEKHN1,PPP4R1L,1,1
PLEKHN1,PSMD14,1,1
PLEKHN1,RAD50,1,1
PLEKHN1,RWDD1,1,1
PLEKHN1,SEMA6A,1,1
PLEKHN1,SF3A2,1,1
PLEKHN1,SH3GL1,1,1
PLEKHN1,SLC15A4,1,1
PLEKHN1,SLC35B3,1,1
PLEKHN1,SNAI2,1,1
PLEKHN1,SSU72,1,1
PLEKHN1,STXBP5,1,1
PLEKHN1,TMEM159,1,1
PLEKHN1,TPP1,1,1
PLEKHN1,USF2,1,1
NXPH4,AVPI1,1,1
NXPH4,CNST,1,1
NXPH4,CREB5,1,1
NXPH4,EIF4EBP1,1,1
NXPH4,EPG5,1,1
NXPH4,FOXC1,1,1
NXPH4,HLA-DRB3,1,1
NXPH4,KCNAB2,1,1
NXPH4,MAPK12,1,1
NXPH4,PARP14,1,1
NXPH4,PRKCE,1,1
NXPH4,TBC1D20,1,1
NXPH4,TMEM98,1,1
NXPH4,TRIM34,1,1
NXPH4,TSHZ1,1,1
NXPH4,TULP4,1,1
NXPH4,USP54,1,1
NFXL1,AMMECR1,1,1
NFXL1,AVPI1,1,1
NFXL1,CDC37,1,1
NFXL1,CRCP,1,1
NFXL1,DCTN3,1,1
NFXL1,DPYSL3,1,1
NFXL1,FOXC1,1,1
NFXL1,HCCS,1,1
NFXL1,MTHFR,1,1
NFXL1,NAA50,1,1
NFXL1,NOP2,1,1
NFXL1,NUP160,1,1
NFXL1,ODC1,1,1
NFXL1,OSBPL9,1,1
NFXL1,PARP14,1,1
NFXL1,PODXL,1,1
NFXL1,PPP4R1L,1,1
NFXL1,PSMD14,1,1
NFXL1,RP3-461F17.3,1,1
NFXL1,RPGR,1,1
NFXL1,SH3GL1,1,1
NFXL1,TMEM159,1,1
NFXL1,USP5,1,1
NFXL1,WDR92,1,1
NFXL1,ZNF622,1,1
B4GALT2,AHCYL2,1,1
B4GALT2,CHSY3,1,1
B4GALT2,CYTH3,1,1
B4GALT2,DPYD,1,1
B4GALT2,EGFR,1,1
B4GALT2,FAM83H,1,1
B4GALT2,HADHB,1,1
B4GALT2,HDAC4,1,1
B4GALT2,MOSPD1,1,1
B4GALT2,PANK4,1,1
B4GALT2,PNPLA8,1,1
B4GALT2,ROPN1B,1,1
B4GALT2,RRAGD,1,1
B4GALT2,SNX3,1,1
B4GALT2,SSH1,1,1
B4GALT2,TAF6,1,1
B4GALT2,TFG,1,1
B4GALT2,TMEM55A,1,1
B4GALT2,TMTC1,1,1
HSPA1A,AMDHD2,1,1
HSPA1A,GDAP1,1,1
HSPA1A,KAZN,1,1
HSPA1A,NAGK,1,1
HSPA1A,SLC15A4,1,1
VASP,ADAM12,1,1
VASP,CTXN1,1,1
VASP,KRT8,1,1
VASP,PPP1R9A,1,1
VASP,PXYLP1,1,1
PLEKHM2,CHSY3,1,1
PLEKHM2,FAM83H,1,1
PLEKHM2,HACE1,1,1
PLEKHM2,MOSPD1,1,1
PLEKHM2,SSH1,1,1
PLEKHM2,TFG,1,1
PLEKHM2,TMEM55A,1,1
PLEKHM2,TSEN15,1,1
HCCS,AMMECR1,1,1
HCCS,ANAPC16,1,1
HCCS,AVPI1,1,1
HCCS,CLCN6,1,1
HCCS,CRCP,1,1
HCCS,DROSHA,1,1
HCCS,LETM1,1,1
HCCS,NAA50,1,1
HCCS,NOP2,1,1
HCCS,NUP160,1,1
HCCS,ODC1,1,1
HCCS,PAPOLA,1,1
HCCS,PARP14,1,1
HCCS,PPP4R1L,1,1
HCCS,PSMD14,1,1
HCCS,RP3-461F17.3,1,1
HCCS,RPGR,1,1
HCCS,SCAF11,1,1
HCCS,SREBF2,1,1
HCCS,STRAP,1,1
HCCS,TPP1,1,1
HCCS,USP15,1,1
HCCS,USP5,1,1
HCCS,ZNF622,1,1
SPCS1,HABP4,1,1
TFDP2,CDKN1A,1,1
METTL21A,CBX7,1,1
METTL21A,COMMD2,1,1
METTL21A,CROCC,1,1
METTL21A,CUL5,1,1
METTL21A,DCTN3,1,1
METTL21A,DNAJA2,1,1
METTL21A,GBA2,1,1
METTL21A,PANK4,1,1
METTL21A,PODXL,1,1
METTL21A,TMEM147,1,1
METTL21A,TNFRSF14,1,1
AP2S1,ACP5,1,1
AP2S1,ACTR6,1,1
AP2S1,AMDHD2,1,1
AP2S1,APCDD1,1,1
AP2S1,ATP6V0C,1,1
AP2S1,BNC2,1,1
AP2S1,BRD8,1,1
AP2S1,C12ORF10,1,1
AP2S1,CDC37,1,1
AP2S1,CLCN6,1,1
AP2S1,CLN3,1,1
AP2S1,CPEB2,1,1
AP2S1,CTSB,1,1
AP2S1,CYB561D1,1,1
AP2S1,DPYSL3,1,1
AP2S1,EEF1A1P11,1,1
AP2S1,EEF1A1P5,1,1
AP2S1,EIF4EBP1,1,1
AP2S1,FAM134C,1,1
AP2S1,FOXC1,1,1
AP2S1,FOXD3,1,1
AP2S1,GDAP1,1,1
AP2S1,GYG2,1,1
AP2S1,HACD4,1,1
AP2S1,HOXC13,1,1
AP2S1,IFNGR1,1,1
AP2S1,KAZN,1,1
AP2S1,KIAA0930,1,1
AP2S1,LSM 7.00,1,1
AP2S1,MFAP3L,1,1
AP2S1,MLPH,1,1
AP2S1,MRPS22,1,1
AP2S1,MSC,1,1
AP2S1,MTHFR,1,1
AP2S1,MXI1,1,1
AP2S1,NAGK,1,1
AP2S1,NAPA,1,1
AP2S1,OSBPL9,1,1
AP2S1,PARP14,1,1
AP2S1,PMEL,1,1
AP2S1,PPP4R1L,1,1
AP2S1,PRKCE,1,1
AP2S1,PSMD14,1,1
AP2S1,QPRT,1,1
AP2S1,RAD50,1,1
AP2S1,RGS12,1,1
AP2S1,RPL26L1,1,1
AP2S1,RPS4Y1,1,1
AP2S1,RWDD1,1,1
AP2S1,SEMA6A,1,1
AP2S1,SLC15A4,1,1
AP2S1,SNAI2,1,1
AP2S1,SSPN,1,1
AP2S1,SSU72,1,1
AP2S1,STRAP,1,1
AP2S1,TBC1D7,1,1
AP2S1,TESK1,1,1
AP2S1,TMEM140,1,1
AP2S1,TPP1,1,1
AP2S1,UBL3,1,1
AP2S1,USF2,1,1
PMEL,ACP5,1,1
PMEL,AK4,1,1
PMEL,ANAPC16,1,1
PMEL,APCDD1,1,1
PMEL,AVPI1,1,1
PMEL,BNC2,1,1
PMEL,BRD8,1,1
PMEL,C10ORF11,1,1
PMEL,C12ORF10,1,1
PMEL,CDC37,1,1
PMEL,CLCN2,1,1
PMEL,CLCN6,1,1
PMEL,CLN3,1,1
PMEL,CLN5,1,1
PMEL,CYBA,1,1
PMEL,EEF1A1P11,1,1
PMEL,EEF1A1P5,1,1
PMEL,EIF4EBP1,1,1
PMEL,FAM134C,1,1
PMEL,FOXC1,1,1
PMEL,FOXD3,1,1
PMEL,FYCO1,1,1
PMEL,GDAP1,1,1
PMEL,GOLGA7B,1,1
PMEL,GYG2,1,1
PMEL,HACD4,1,1
PMEL,IFT88,1,1
PMEL,KIAA0930,1,1
PMEL,LSM 7.00,1,1
PMEL,MLPH,1,1
PMEL,MTHFD2,1,1
PMEL,MTHFR,1,1
PMEL,MXI1,1,1
PMEL,NAGK,1,1
PMEL,NAPA,1,1
PMEL,PARP14,1,1
PMEL,PPP4R1L,1,1
PMEL,PRKCE,1,1
PMEL,PSMD14,1,1
PMEL,PTPN18,1,1
PMEL,QPRT,1,1
PMEL,RGS12,1,1
PMEL,RPL26L1,1,1
PMEL,RPS4Y1,1,1
PMEL,SEMA6A,1,1
PMEL,SNAI2,1,1
PMEL,SSPN,1,1
PMEL,STRAP,1,1
PMEL,TBC1D20,1,1
PMEL,TMEM140,1,1
PMEL,TPP1,1,1
PMEL,TSHZ1,1,1
PMEL,UBL3,1,1
PMEL,USF2,1,1
PMEL,ZNF584,1,1
SSU72,ACP5,1,1
SSU72,AMDHD2,1,1
SSU72,ANXA5,1,1
SSU72,APCDD1,1,1
SSU72,ATP6V0C,1,1
SSU72,BICD1,1,1
SSU72,C1ORF226,1,1
SSU72,CDC37,1,1
SSU72,CNNM3,1,1
SSU72,CTSB,1,1
SSU72,CYB561D1,1,1
SSU72,DPYSL3,1,1
SSU72,EEF1A1P11,1,1
SSU72,EEF1A1P8,1,1
SSU72,EPG5,1,1
SSU72,FAM134C,1,1
SSU72,FOXC1,1,1
SSU72,GDAP1,1,1
SSU72,GYG2,1,1
SSU72,HACD4,1,1
SSU72,HOXC13,1,1
SSU72,HPS4,1,1
SSU72,IER5L,1,1
SSU72,IFNGR1,1,1
SSU72,KCNAB2,1,1
SSU72,KIAA0930,1,1
SSU72,MTHFR,1,1
SSU72,MYC,1,1
SSU72,NAPA,1,1
SSU72,OSBPL9,1,1
SSU72,PARP14,1,1
SSU72,PCDHGB5,1,1
SSU72,PPP4R1L,1,1
SSU72,PRKCE,1,1
SSU72,QPRT,1,1
SSU72,RP11-566K11.2,1,1
SSU72,RWDD1,1,1
SSU72,SEMA6A,1,1
SSU72,SNAI2,1,1
SSU72,ST3GAL5,1,1
SSU72,STXBP5,1,1
SSU72,TBC1D14,1,1
SSU72,TPP1,1,1
SSU72,TULP4,1,1
SSU72,USF2,1,1
TRIM68,ADCY2,1,1
TRIM68,CD46,1,1
TRIM68,CREB5,1,1
TRIM68,F2R,1,1
TRIM68,FN3K,1,1
TRIM68,HLA-DRB3,1,1
TRIM68,IFT172,1,1
TRIM68,IL12RB2,1,1
TRIM68,PRKAA2,1,1
TRIM68,RNF185,1,1
TRIM68,S100A6,1,1
TRIM68,SMYD2,1,1
TRIM68,TMEM47,1,1
TRIM68,TMEM98,1,1
TRIM68,TRAPPC2L,1,1
TRIM68,TRIM34,1,1
FOXD3,ACP5,1,1
FOXD3,AMDHD2,1,1
FOXD3,AMMECR1,1,1
FOXD3,APCDD1,1,1
FOXD3,BNC2,1,1
FOXD3,CDC37,1,1
FOXD3,CH17-472G23.4,1,1
FOXD3,CLCN6,1,1
FOXD3,CLN3,1,1
FOXD3,CRTC1,1,1
FOXD3,DPYSL3,1,1
FOXD3,EEF1A1P11,1,1
FOXD3,EEF1A1P5,1,1
FOXD3,EIF4EBP1,1,1
FOXD3,EPG5,1,1
FOXD3,FAM134C,1,1
FOXD3,FOXC1,1,1
FOXD3,GBA2,1,1
FOXD3,GDAP1,1,1
FOXD3,GYG2,1,1
FOXD3,HABP4,1,1
FOXD3,HPS4,1,1
FOXD3,KCNAB2,1,1
FOXD3,KCTD7,1,1
FOXD3,LSM 7.00,1,1
FOXD3,MAPK12,1,1
FOXD3,MLPH,1,1
FOXD3,MTHFR,1,1
FOXD3,MXI1,1,1
FOXD3,MYO9B,1,1
FOXD3,NAGK,1,1
FOXD3,OR2A9P,1,1
FOXD3,OSBPL9,1,1
FOXD3,PARP14,1,1
FOXD3,PPP4R1L,1,1
FOXD3,PRKCE,1,1
FOXD3,PTTG1IP,1,1
FOXD3,QPRT,1,1
FOXD3,RGS12,1,1
FOXD3,RPL26L1,1,1
FOXD3,SEMA6A,1,1
FOXD3,SLC15A4,1,1
FOXD3,SNAP29,1,1
FOXD3,SSPN,1,1
FOXD3,STRAP,1,1
FOXD3,TBC1D20,1,1
FOXD3,TMEM140,1,1
FOXD3,TPP1,1,1
FOXD3,TULP4,1,1
FOXD3,ZFYVE26,1,1
FOXD3,ZNF584,1,1
MRPL42,ADCY2,1,1
MRPL42,CH17-472G23.4,1,1
MRPL42,COMT,1,1
MRPL42,CROCC,1,1
MRPL42,DCTN6,1,1
MRPL42,DPYD,1,1
MRPL42,DPYSL3,1,1
MRPL42,DROSHA,1,1
MRPL42,EGFR,1,1
MRPL42,EPG5,1,1
MRPL42,GBA2,1,1
MRPL42,HPS4,1,1
MRPL42,IFT172,1,1
MRPL42,KCNAB2,1,1
MRPL42,NAA50,1,1
MRPL42,NCKAP5L,1,1
MRPL42,NUCKS1,1,1
MRPL42,PODXL,1,1
MRPL42,PRICKLE1,1,1
MRPL42,RP11-566K11.2,1,1
MRPL42,TMEM98,1,1
MRPL42,TNFRSF14,1,1
MRPL42,TRAPPC2L,1,1
MRPL42,TULP4,1,1
MRPL42,USP5,1,1
SSPN,ACP5,1,1
SSPN,AK4,1,1
SSPN,ANAPC16,1,1
SSPN,APCDD1,1,1
SSPN,AVPI1,1,1
SSPN,BNC2,1,1
SSPN,BRD8,1,1
SSPN,C10ORF11,1,1
SSPN,C12ORF10,1,1
SSPN,CLCN2,1,1
SSPN,CLCN6,1,1
SSPN,CLN3,1,1
SSPN,CLN5,1,1
SSPN,CYBA,1,1
SSPN,EEF1A1P11,1,1
SSPN,EEF1A1P5,1,1
SSPN,EIF4EBP1,1,1
SSPN,FAM134C,1,1
SSPN,GDAP1,1,1
SSPN,GOLGA7B,1,1
SSPN,GYG2,1,1
SSPN,IFT88,1,1
SSPN,KIAA0930,1,1
SSPN,LSM 7.00,1,1
SSPN,MLPH,1,1
SSPN,MTHFD2,1,1
SSPN,MXI1,1,1
SSPN,NAGK,1,1
SSPN,NAPA,1,1
SSPN,PARP14,1,1
SSPN,PPP4R1L,1,1
SSPN,PRKCE,1,1
SSPN,PSMD14,1,1
SSPN,PTPN18,1,1
SSPN,QPRT,1,1
SSPN,RGS12,1,1
SSPN,RPL26L1,1,1
SSPN,RPS4Y1,1,1
SSPN,SEMA6A,1,1
SSPN,SNAI2,1,1
SSPN,STRAP,1,1
SSPN,TMEM140,1,1
SSPN,TPP1,1,1
SSPN,TSHZ1,1,1
SSPN,UBL3,1,1
SSPN,ZNF584,1,1
TSHZ1,AVPI1,1,1
TSHZ1,CLCN2,1,1
TSHZ1,CLCN3,1,1
TSHZ1,CLN5,1,1
TSHZ1,CNST,1,1
TSHZ1,CYBA,1,1
TSHZ1,EEF1A1P11,1,1
TSHZ1,EEF1A1P5,1,1
TSHZ1,EIF4EBP1,1,1
TSHZ1,EPG5,1,1
TSHZ1,FOXC1,1,1
TSHZ1,GYG2,1,1
TSHZ1,IMPACT,1,1
TSHZ1,KCNAB2,1,1
TSHZ1,LSM 7.00,1,1
TSHZ1,MAPK12,1,1
TSHZ1,PARP14,1,1
TSHZ1,PCDHGB5,1,1
TSHZ1,PPP4R1L,1,1
TSHZ1,PRKCE,1,1
TSHZ1,PTPN18,1,1
TSHZ1,QPRT,1,1
TSHZ1,RGS12,1,1
TSHZ1,RNF217,1,1
TSHZ1,RP3-461F17.3,1,1
TSHZ1,RPGR,1,1
TSHZ1,SEMA6A,1,1
TSHZ1,SLC16A6,1,1
TSHZ1,TBC1D20,1,1
TSHZ1,TMEM192,1,1
TSHZ1,TRIM21,1,1
TSHZ1,UBL3,1,1
TSHZ1,USP54,1,1
TSHZ1,WDR92,1,1
TSHZ1,ZNF584,1,1
ASAP2,ATP6V0C,1,1
ASAP2,CYB561D1,1,1
ASAP2,GJA3,1,1
ASAP2,HABP4,1,1
ASAP2,ILKAP,1,1
ASAP2,KCTD7,1,1
ASAP2,MSC,1,1
ASAP2,MYO9B,1,1
ASAP2,NAPA,1,1
ASAP2,RAD50,1,1
ASAP2,SNAP29,1,1
ASAP2,STRIP1,1,1
ASAP2,TESK1,1,1
ASAP2,TMCC2,1,1
ASAP2,USF2,1,1
ASAP2,WDFY1,1,1
ASAP2,ZFYVE26,1,1
LPP,EHBP1L1,1,1
NDUFS2,GADD45B,1,1
DCTN6,COMT,1,1
DCTN6,EEF1A1P8,1,1
DCTN6,IL12RB2,1,1
DCTN6,KCNAB2,1,1
DCTN6,PRKAA2,1,1
DCTN6,RP11-566K11.2,1,1
DCTN6,TMEM98,1,1
DCTN6,TRAPPC2L,1,1
QSOX1,FAM96A,1,1
QSOX1,FN3K,1,1
QSOX1,RABEP2,1,1
QSOX1,RNF185,1,1
QSOX1,UBE2E1,1,1
PARP10,ANAPC16,1,1
PARP10,APCDD1,1,1
PARP10,CASP4,1,1
PARP10,CLCN6,1,1
PARP10,FBXO17,1,1
PARP10,FBXO21,1,1
PARP10,IFT88,1,1
PARP10,KIAA0930,1,1
PARP10,NPIPP1,1,1
PARP10,PPP4R1L,1,1
PARP10,PUDP,1,1
PARP10,RPS4Y1,1,1
PARP10,TMEM80,1,1
SNX3,AHCYL2,1,1
SNX3,ALDH5A1,1,1
SNX3,ATP1A1,1,1
SNX3,CTXN1,1,1
SNX3,CYTH3,1,1
SNX3,DPYD,1,1
SNX3,ECSIT,1,1
SNX3,FAM83H,1,1
SNX3,FBXL12,1,1
SNX3,GADD45B,1,1
SNX3,HADHB,1,1
SNX3,MED16,1,1
SNX3,NDN,1,1
SNX3,NLGN1,1,1
SNX3,PARD3,1,1
SNX3,PEX16,1,1
SNX3,ROPN1B,1,1
SNX3,SLC35C2,1,1
SNX3,ST3GAL5,1,1
SNX3,TAF6,1,1
SNX3,TFG,1,1
SNX3,TMEM222,1,1
SNX3,TMTC1,1,1
TECPR1,ADCY2,1,1
TECPR1,AHCYL2,1,1
TECPR1,APBB1,1,1
TECPR1,CHSY3,1,1
TECPR1,COMT,1,1
TECPR1,CROCC,1,1
TECPR1,DNAJA2,1,1
TECPR1,DPYD,1,1
TECPR1,EGFR,1,1
TECPR1,GPR161,1,1
TECPR1,HACE1,1,1
TECPR1,LIPA,1,1
TECPR1,MED16,1,1
TECPR1,PANK4,1,1
TECPR1,PARVB,1,1
TECPR1,PNPLA8,1,1
TECPR1,PODXL,1,1
TECPR1,PRICKLE1,1,1
TECPR1,ROPN1B,1,1
TECPR1,RP11-705C15.2,1,1
TECPR1,SMDT1,1,1
TECPR1,TACC2,1,1
TECPR1,TAF6,1,1
TECPR1,TFG,1,1
TECPR1,TMEM55A,1,1
TECPR1,UNC45A,1,1
TECPR1,ZNF614,1,1
MLPH,ACTR6,1,1
MLPH,AMDHD2,1,1
MLPH,BNC2,1,1
MLPH,BRD8,1,1
MLPH,CLCN6,1,1
MLPH,CLN3,1,1
MLPH,CLN5,1,1
MLPH,EEF1A1P11,1,1
MLPH,EEF1A1P5,1,1
MLPH,EIF4EBP1,1,1
MLPH,FAM134C,1,1
MLPH,FYCO1,1,1
MLPH,GYG2,1,1
MLPH,HABP4,1,1
MLPH,KAZN,1,1
MLPH,LSM 7.00,1,1
MLPH,MAPK12,1,1
MLPH,MFAP3L,1,1
MLPH,MTHFD2,1,1
MLPH,MXI1,1,1
MLPH,MYO9B,1,1
MLPH,NAGK,1,1
MLPH,PRKCE,1,1
MLPH,PTTG1IP,1,1
MLPH,QPRT,1,1
MLPH,RGS12,1,1
MLPH,RPL26L1,1,1
MLPH,SEMA6A,1,1
MLPH,STRAP,1,1
MLPH,TBC1D20,1,1
MLPH,TBC1D7,1,1
MLPH,TMEM140,1,1
MLPH,TPP1,1,1
MLPH,UBL3,1,1
MLPH,ZFYVE26,1,1
GIGYF2,ALS2,1,1
GIGYF2,CRTC1,1,1
GIGYF2,DCTN1,1,1
GIGYF2,FN3K,1,1
GIGYF2,GCLC,1,1
GIGYF2,GJA3,1,1
GIGYF2,GPR161,1,1
GIGYF2,GRK5,1,1
GIGYF2,HOXB7,1,1
GIGYF2,NEDD4L,1,1
GIGYF2,OR2A9P,1,1
GIGYF2,OTUD7B,1,1
GIGYF2,PI4KA,1,1
GIGYF2,SLC16A6,1,1
GIGYF2,SLC7A8,1,1
GIGYF2,SNAP29,1,1
GIGYF2,TSEN15,1,1
GIGYF2,TULP4,1,1
GIGYF2,WDFY1,1,1
TKFC,GFPT2,1,1
ZBTB40,AP5Z1,1,1
ZBTB40,NLGN1,1,1
ZBTB40,ZDHHC14,1,1
TBC1D20,ACP5,1,1
TBC1D20,AFF3,1,1
TBC1D20,AVPI1,1,1
TBC1D20,BNC2,1,1
TBC1D20,CLCN2,1,1
TBC1D20,CLCN3,1,1
TBC1D20,CLN3,1,1
TBC1D20,CLN5,1,1
TBC1D20,EEF1A1P11,1,1
TBC1D20,EEF1A1P5,1,1
TBC1D20,EIF4EBP1,1,1
TBC1D20,EPG5,1,1
TBC1D20,FOXC1,1,1
TBC1D20,FYCO1,1,1
TBC1D20,GLYR1,1,1
TBC1D20,GYG2,1,1
TBC1D20,KCNAB2,1,1
TBC1D20,KRT10,1,1
TBC1D20,LSM 7.00,1,1
TBC1D20,MAPK12,1,1
TBC1D20,NAPA,1,1
TBC1D20,OSBPL9,1,1
TBC1D20,PARP14,1,1
TBC1D20,PCDHGB5,1,1
TBC1D20,PRKCE,1,1
TBC1D20,PTPN18,1,1
TBC1D20,PTTG1IP,1,1
TBC1D20,QPRT,1,1
TBC1D20,RGS12,1,1
TBC1D20,SEMA6A,1,1
TBC1D20,SLC16A6,1,1
TBC1D20,SNAI2,1,1
TBC1D20,TMEM140,1,1
TBC1D20,TMEM192,1,1
TBC1D20,TPP1,1,1
TBC1D20,TRAPPC2L,1,1
TBC1D20,TRIM21,1,1
TBC1D20,TTC30A,1,1
TBC1D20,TULP4,1,1
TBC1D20,UBL3,1,1
TBC1D20,UBN1,1,1
TBC1D20,USP54,1,1
TBC1D20,ZFYVE26,1,1
TBC1D20,ZNF584,1,1
C10ORF11,ANAPC16,1,1
C10ORF11,APCDD1,1,1
C10ORF11,C12ORF10,1,1
C10ORF11,CASP4,1,1
C10ORF11,CLN5,1,1
C10ORF11,CYBA,1,1
C10ORF11,EEF1A1P11,1,1
C10ORF11,GOLGA7B,1,1
C10ORF11,GYG2,1,1
C10ORF11,IFT88,1,1
C10ORF11,KIAA0930,1,1
C10ORF11,PARP14,1,1
C10ORF11,PPP4R1L,1,1
C10ORF11,PTPN18,1,1
C10ORF11,QPRT,1,1
C10ORF11,RGS12,1,1
C10ORF11,RPL26L1,1,1
C10ORF11,RPS4Y1,1,1
C10ORF11,UBL3,1,1
TRAPPC2L,ADCY2,1,1
TRAPPC2L,BICD1,1,1
TRAPPC2L,CD46,1,1
TRAPPC2L,COMT,1,1
TRAPPC2L,CREB5,1,1
TRAPPC2L,DPYSL3,1,1
TRAPPC2L,EEF1A1P8,1,1
TRAPPC2L,EPG5,1,1
TRAPPC2L,FN3K,1,1
TRAPPC2L,FOXC1,1,1
TRAPPC2L,GBA2,1,1
TRAPPC2L,HLA-DRB3,1,1
TRAPPC2L,HPS4,1,1
TRAPPC2L,IFT172,1,1
TRAPPC2L,IL12RB2,1,1
TRAPPC2L,KCNAB2,1,1
TRAPPC2L,LIMCH1,1,1
TRAPPC2L,MYLK,1,1
TRAPPC2L,NUCKS1,1,1
TRAPPC2L,OSBPL9,1,1
TRAPPC2L,PODXL,1,1
TRAPPC2L,PRKAA2,1,1
TRAPPC2L,RP11-566K11.2,1,1
TRAPPC2L,SEMA6A,1,1
TRAPPC2L,SLC16A6,1,1
TRAPPC2L,SLC7A8,1,1
TRAPPC2L,SMYD2,1,1
TRAPPC2L,SNAP29,1,1
TRAPPC2L,TMC7,1,1
TRAPPC2L,TMEM47,1,1
TRAPPC2L,TMEM98,1,1
TRAPPC2L,TRIM34,1,1
TRAPPC2L,TULP4,1,1
TRAPPC2L,UBXN4,1,1
AP3M2,EXOC4,1,1
AP3M2,GJA3,1,1
AP3M2,HABP4,1,1
AP3M2,KCTD7,1,1
AP3M2,PIEZO1,1,1
AP3M2,RAD50,1,1
AP3M2,TMCC2,1,1
SLC19A2,ATP1A1,1,1
SLC19A2,ATP6V1H,1,1
SLC19A2,FGF14,1,1
SLC19A2,FLAD1,1,1
SLC19A2,HADHB,1,1
SLC19A2,NDN,1,1
SLC19A2,PLA1A,1,1
SLC19A2,SMPD2,1,1
SLC19A2,TMTC1,1,1
SLC19A2,ZADH2,1,1
RP11-958N24.1,CH17-472G23.4,1,1
RP11-958N24.1,CROCC,1,1
RP11-958N24.1,NCKAP5L,1,1
APBB1,VPS52,1,1
AHCYL2,ALDH5A1,1,1
AHCYL2,ANXA5,1,1
AHCYL2,ATP6V1H,1,1
AHCYL2,CHSY3,1,1
AHCYL2,COMT,1,1
AHCYL2,CYTH3,1,1
AHCYL2,DPYD,1,1
AHCYL2,DPYSL3,1,1
AHCYL2,ECSIT,1,1
AHCYL2,EGFR,1,1
AHCYL2,FAM83H,1,1
AHCYL2,GPR161,1,1
AHCYL2,HACE1,1,1
AHCYL2,HADHB,1,1
AHCYL2,HDAC4,1,1
AHCYL2,HPS4,1,1
AHCYL2,LIPA,1,1
AHCYL2,MED16,1,1
AHCYL2,MOSPD1,1,1
AHCYL2,PANK4,1,1
AHCYL2,PARVB,1,1
AHCYL2,PI4KA,1,1
AHCYL2,PNPLA8,1,1
AHCYL2,PRICKLE1,1,1
AHCYL2,ROPN1B,1,1
AHCYL2,RP11-705C15.2,1,1
AHCYL2,RRAGD,1,1
AHCYL2,SLC7A8,1,1
AHCYL2,SSH1,1,1
AHCYL2,TAF6,1,1
AHCYL2,TBC1D14,1,1
AHCYL2,TFG,1,1
AHCYL2,TMEM222,1,1
AHCYL2,TMEM55A,1,1
AHCYL2,TMTC1,1,1
ATP1A1,CYTH3,1,1
ATP1A1,MYC,1,1
ATP1A1,NDN,1,1
ATP1A1,ST3GAL5,1,1
NQO1,SSH1,1,1
NQO1,TSEN15,1,1
ALDH5A1,AP5Z1,1,1
ALDH5A1,CHSY3,1,1
ALDH5A1,CTXN1,1,1
ALDH5A1,CYTH3,1,1
ALDH5A1,DPYD,1,1
ALDH5A1,FAM83H,1,1
ALDH5A1,MOSPD1,1,1
ALDH5A1,PANK4,1,1
ALDH5A1,PARVB,1,1
ALDH5A1,PCNX2,1,1
ALDH5A1,ROPN1B,1,1
ALDH5A1,SLC35C2,1,1
ALDH5A1,SSH1,1,1
ALDH5A1,TAF6,1,1
ALDH5A1,TFG,1,1
ALDH5A1,TMEM222,1,1
PEX16,ATP9B,1,1
PEX16,C1ORF226,1,1
PEX16,CTXN1,1,1
PEX16,CYTH3,1,1
PEX16,ECSIT,1,1
PEX16,GADD45B,1,1
PUDP,CLCN6,1,1
PUDP,FBXO17,1,1
PUDP,GDAP1,1,1
PUDP,MRPS22,1,1
PUDP,NUP160,1,1
PUDP,PRMT6,1,1
PUDP,PSMD14,1,1
PUDP,SCAF11,1,1
PUDP,STRAP,1,1
PUDP,TP53I13,1,1
PUDP,USP15,1,1
KRT10,GLTSCR1L,1,1
KRT10,GLYR1,1,1
KRT10,MAPK12,1,1
KRT10,TRIM21,1,1
KRT10,TTC30A,1,1
KRT10,UBN1,1,1
KRT10,USP54,1,1
KRT10,XKR8,1,1
UBXN4,BICD1,1,1
UBXN4,EEF1A1P8,1,1
UBXN4,EPG5,1,1
UBXN4,FOXC1,1,1
UBXN4,PRKAA2,1,1
UBXN4,TMEM47,1,1
USP5,ADCY2,1,1
USP5,CCZ1,1,1
USP5,CH17-472G23.4,1,1
USP5,COMT,1,1
USP5,CROCC,1,1
USP5,DNAJA2,1,1
USP5,DPYSL3,1,1
USP5,DROSHA,1,1
USP5,EEF1A1P9,1,1
USP5,EPG5,1,1
USP5,GBA2,1,1
USP5,HPS4,1,1
USP5,IFT172,1,1
USP5,IL12RB2,1,1
USP5,NAA50,1,1
USP5,NUP160,1,1
USP5,ODC1,1,1
USP5,PODXL,1,1
USP5,RP11-566K11.2,1,1
USP5,RP3-461F17.3,1,1
USP5,RPGR,1,1
USP5,SCAF11,1,1
USP5,SH3GL1,1,1
USP5,TMEM98,1,1
USP5,TNFRSF14,1,1
USP5,TPP1,1,1
USP5,TULP4,1,1
USP5,ZNF622,1,1
NPIPP1,CCZ1,1,1
NPIPP1,CH17-472G23.4,1,1
NPIPP1,CLCN6,1,1
NPIPP1,EEF1A1P8,1,1
NPIPP1,EEF1A1P9,1,1
NPIPP1,FBXO17,1,1
NPIPP1,MTRNR2L10,1,1
NPIPP1,SOCS5,1,1
NPIPP1,TMEM80,1,1
NPIPP1,TPP1,1,1
CDKN1A,DDB2,1,1
CDKN1A,PACSIN3,1,1
CDKN1A,RBMS3,1,1
HOXC13,ACP5,1,1
HOXC13,ATP6V0C,1,1
HOXC13,BICD1,1,1
HOXC13,C12ORF10,1,1
HOXC13,C1ORF226,1,1
HOXC13,CYB561D1,1,1
HOXC13,GYG2,1,1
HOXC13,IFNGR1,1,1
HOXC13,ILKAP,1,1
HOXC13,KIAA0930,1,1
HOXC13,QPRT,1,1
HOXC13,RWDD1,1,1
HOXC13,SEMA6A,1,1
HOXC13,SNAI2,1,1
NCKAP5L,COMT,1,1
NCKAP5L,CROCC,1,1
NCKAP5L,GBA2,1,1
NCKAP5L,NUCKS1,1,1
NCKAP5L,PANK4,1,1
NCKAP5L,PRICKLE1,1,1
NCKAP5L,TNFRSF14,1,1
SMPD2,ANXA5,1,1
SMPD2,ATP6V0C,1,1
SMPD2,ATP6V1H,1,1
SMPD2,CNNM3,1,1
SMPD2,CTSB,1,1
SMPD2,HADHB,1,1
SMPD2,HDAC4,1,1
SMPD2,RRAGD,1,1
SMPD2,SNX9,1,1
SMPD2,ST3GAL5,1,1
SMPD2,STXBP5,1,1
SMPD2,TBC1D14,1,1
SMPD2,TMEM159,1,1
SMPD2,TMTC1,1,1
SMPD2,ZADH2,1,1
ANXA5,ACP5,1,1
ANXA5,ANKRD39,1,1
ANXA5,ARSJ,1,1
ANXA5,ATP6V0C,1,1
ANXA5,ATP6V1H,1,1
ANXA5,C1ORF226,1,1
ANXA5,CDC37,1,1
ANXA5,CNNM3,1,1
ANXA5,CTSB,1,1
ANXA5,DPYSL3,1,1
ANXA5,EGFR,1,1
ANXA5,FOXC1,1,1
ANXA5,GJA3,1,1
ANXA5,HDAC4,1,1
ANXA5,HPS4,1,1
ANXA5,IFNGR1,1,1
ANXA5,KCNAB2,1,1
ANXA5,LZTS1,1,1
ANXA5,MSC,1,1
ANXA5,MTHFR,1,1
ANXA5,OSBPL9,1,1
ANXA5,PI4KA,1,1
ANXA5,RAD50,1,1
ANXA5,RRAGD,1,1
ANXA5,SEMA6A,1,1
ANXA5,SH3GL1,1,1
ANXA5,SLC16A6,1,1
ANXA5,SLC7A8,1,1
ANXA5,SNAI2,1,1
ANXA5,SNAP29,1,1
ANXA5,STXBP5,1,1
ANXA5,TBC1D14,1,1
ANXA5,TMCC2,1,1
ANXA5,TMTC1,1,1
ANXA5,USF2,1,1
ANXA5,WDFY1,1,1
IFT172,ADCY2,1,1
IFT172,CCZ1,1,1
IFT172,CH17-472G23.4,1,1
IFT172,COMT,1,1
IFT172,CROCC,1,1
IFT172,EEF1A1P8,1,1
IFT172,EEF1A1P9,1,1
IFT172,EPG5,1,1
IFT172,FN3K,1,1
IFT172,GBA2,1,1
IFT172,IL12RB2,1,1
IFT172,PRKAA2,1,1
IFT172,RABEP2,1,1
IFT172,RP11-566K11.2,1,1
IFT172,TMEM98,1,1
IFT172,TNFRSF14,1,1
IFT172,TULP4,1,1
TMEM80,SCAMP2,1,1
HPS4,ACP5,1,1
HPS4,ADCY2,1,1
HPS4,AMDHD2,1,1
HPS4,AMMECR1,1,1
HPS4,ANKRD39,1,1
HPS4,ARSJ,1,1
HPS4,ATP6V1H,1,1
HPS4,CD46,1,1
HPS4,CDC37,1,1
HPS4,CH17-472G23.4,1,1
HPS4,COMT,1,1
HPS4,CROCC,1,1
HPS4,DCTN3,1,1
HPS4,DPYSL3,1,1
HPS4,EEF1A1P8,1,1
HPS4,EPG5,1,1
HPS4,FOXC1,1,1
HPS4,GBA2,1,1
HPS4,KCNAB2,1,1
HPS4,LIMCH1,1,1
HPS4,LZTS1,1,1
HPS4,MTHFR,1,1
HPS4,MYLK,1,1
HPS4,NUCKS1,1,1
HPS4,OSBPL9,1,1
HPS4,PI4KA,1,1
HPS4,PODXL,1,1
HPS4,PRICKLE1,1,1
HPS4,PRKAA2,1,1
HPS4,RP11-566K11.2,1,1
HPS4,RRAGD,1,1
HPS4,SEMA6A,1,1
HPS4,SH3GL1,1,1
HPS4,SLC15A4,1,1
HPS4,SLC16A6,1,1
HPS4,SLC7A8,1,1
HPS4,SNAP29,1,1
HPS4,TMCC2,1,1
HPS4,TMEM47,1,1
HPS4,TPP1,1,1
HPS4,TULP4,1,1
HPS4,WDFY1,1,1
MXI1,ACP5,1,1
MXI1,ACTR6,1,1
MXI1,AMDHD2,1,1
MXI1,APCDD1,1,1
MXI1,ATP6V0C,1,1
MXI1,BNC2,1,1
MXI1,BRD8,1,1
MXI1,CDC37,1,1
MXI1,CLCN6,1,1
MXI1,CLN3,1,1
MXI1,CLN5,1,1
MXI1,EEF1A1P11,1,1
MXI1,EEF1A1P5,1,1
MXI1,FAM134C,1,1
MXI1,FYCO1,1,1
MXI1,GDAP1,1,1
MXI1,GYG2,1,1
MXI1,HABP4,1,1
MXI1,KAZN,1,1
MXI1,KIAA0930,1,1
MXI1,LSM 7.00,1,1
MXI1,MFAP3L,1,1
MXI1,MRPS22,1,1
MXI1,MTHFR,1,1
MXI1,NAGK,1,1
MXI1,NAPA,1,1
MXI1,NUP160,1,1
MXI1,PPP4R1L,1,1
MXI1,PRKCE,1,1
MXI1,PSMD14,1,1
MXI1,QPRT,1,1
MXI1,RGS12,1,1
MXI1,RPL26L1,1,1
MXI1,SEMA6A,1,1
MXI1,SLC15A4,1,1
MXI1,SNAI2,1,1
MXI1,STRAP,1,1
MXI1,TBC1D7,1,1
MXI1,TESK1,1,1
MXI1,TMEM140,1,1
MXI1,TMEM150A,1,1
MXI1,TPP1,1,1
MXI1,UBL3,1,1
MXI1,USF2,1,1
MXI1,USP15,1,1
MXI1,ZFYVE26,1,1
EEF1A1P9,ALG14,1,1
EEF1A1P9,CCZ1,1,1
EEF1A1P9,CH17-472G23.4,1,1
EEF1A1P9,COMT,1,1
EEF1A1P9,EEF1A1P8,1,1
EEF1A1P9,FBXO17,1,1
EEF1A1P9,MYC,1,1
EEF1A1P9,RP11-566K11.2,1,1
EEF1A1P9,TMEM98,1,1
EEF1A1P9,TNFRSF14,1,1
EEF1A1P9,ZNF622,1,1
XKR8,CLN5,1,1
XKR8,CYBA,1,1
XKR8,EEF1A1P5,1,1
XKR8,FYCO1,1,1
XKR8,MAPK12,1,1
XKR8,RGS12,1,1
XKR8,TRIM21,1,1
PXYLP1,ADAM12,1,1
PXYLP1,AEBP2,1,1
PXYLP1,DCTN3,1,1
PXYLP1,FZD8,1,1
PXYLP1,LIF,1,1
PXYLP1,LIMCH1,1,1
PXYLP1,NKIRAS2,1,1
PXYLP1,NRP1,1,1
PXYLP1,PODXL,1,1
SCAF11,CCZ1,1,1
SCAF11,CH17-472G23.4,1,1
SCAF11,CUL5,1,1
SCAF11,DROSHA,1,1
SCAF11,FBXO17,1,1
SCAF11,MTRNR2L10,1,1
SCAF11,NAA50,1,1
SCAF11,NUP160,1,1
SCAF11,ZNF622,1,1
ARSJ,ANKRD39,1,1
ARSJ,ATP6V1H,1,1
ARSJ,CD46,1,1
ARSJ,DPYSL3,1,1
ARSJ,GJA3,1,1
ARSJ,KCTD7,1,1
ARSJ,LIMCH1,1,1
ARSJ,LZTS1,1,1
ARSJ,OSBPL9,1,1
ARSJ,RRAGD,1,1
ARSJ,SH3GL1,1,1
ARSJ,SLC7A8,1,1
ARSJ,SNAP29,1,1
ARSJ,TMCC2,1,1
ARSJ,WDFY1,1,1
RNF26,TULP4,1,1
PRKCE,ACP5,1,1
PRKCE,AFF3,1,1
PRKCE,AVPI1,1,1
PRKCE,BNC2,1,1
PRKCE,C12ORF10,1,1
PRKCE,CDC37,1,1
PRKCE,CLCN2,1,1
PRKCE,CLCN3,1,1
PRKCE,CLN3,1,1
PRKCE,CLN5,1,1
PRKCE,CTSB,1,1
PRKCE,CYBA,1,1
PRKCE,EEF1A1P11,1,1
PRKCE,EEF1A1P5,1,1
PRKCE,EIF4EBP1,1,1
PRKCE,EPG5,1,1
PRKCE,FOXC1,1,1
PRKCE,FYCO1,1,1
PRKCE,GYG2,1,1
PRKCE,HACD4,1,1
PRKCE,KCNAB2,1,1
PRKCE,LSM 7.00,1,1
PRKCE,MAPK12,1,1
PRKCE,MSC,1,1
PRKCE,NAPA,1,1
PRKCE,OSBPL9,1,1
PRKCE,PARP14,1,1
PRKCE,PCDHGB5,1,1
PRKCE,PPP4R1L,1,1
PRKCE,PTPN18,1,1
PRKCE,PTTG1IP,1,1
PRKCE,QPRT,1,1
PRKCE,RGS12,1,1
PRKCE,RPL26L1,1,1
PRKCE,RPS4Y1,1,1
PRKCE,SEMA6A,1,1
PRKCE,SLC16A6,1,1
PRKCE,SNAI2,1,1
PRKCE,STRAP,1,1
PRKCE,TMEM140,1,1
PRKCE,TMEM192,1,1
PRKCE,TPP1,1,1
PRKCE,TRIM21,1,1
PRKCE,TULP4,1,1
PRKCE,UBL3,1,1
PRKCE,USF2,1,1
PRKCE,USP54,1,1
PRKCE,ZFYVE26,1,1
PRKCE,ZNF584,1,1
TTC30A,ABLIM1,1,1
TTC30A,BICD1,1,1
TTC30A,EEF1A1P5,1,1
TTC30A,MAPK12,1,1
TTC30A,MTHFD2,1,1
ANKRD39,ACP5,1,1
ANKRD39,ATP6V0C,1,1
ANKRD39,ATP6V1H,1,1
ANKRD39,CDC37,1,1
ANKRD39,DPYSL3,1,1
ANKRD39,FOXC1,1,1
ANKRD39,ILKAP,1,1
ANKRD39,MSC,1,1
ANKRD39,MTHFR,1,1
ANKRD39,NAPA,1,1
ANKRD39,OSBPL9,1,1
ANKRD39,PPP1R9A,1,1
ANKRD39,RAD50,1,1
ANKRD39,RRAGD,1,1
ANKRD39,SEMA6A,1,1
ANKRD39,SNAI2,1,1
ANKRD39,SNAP29,1,1
ANKRD39,STXBP5,1,1
ANKRD39,TMCC2,1,1
ANKRD39,WDFY1,1,1
NARS2,CALM3,1,1
NARS2,CLCN3,1,1
NARS2,CTSB,1,1
NARS2,GOLGA7B,1,1
NARS2,HACD4,1,1
NARS2,PRKD3,1,1
NARS2,SNX9,1,1
ADAM12,CBR3,1,1
ADAM12,CPE,1,1
ADAM12,CTXN1,1,1
ADAM12,FZD8,1,1
ADAM12,GADD45B,1,1
ADAM12,KRT8,1,1
ADAM12,LIF,1,1
ADAM12,LIMCH1,1,1
ADAM12,LMCD1,1,1
ADAM12,NKIRAS2,1,1
ADAM12,PCNX2,1,1
ADAM12,PIGM,1,1
ADAM12,PPP1R16A,1,1
ADAM12,TSC22D1,1,1
STT3A,ATP9B,1,1
STT3A,PHF20L1,1,1
UBL3,ACP5,1,1
UBL3,AK4,1,1
UBL3,APCDD1,1,1
UBL3,BNC2,1,1
UBL3,BRD8,1,1
UBL3,C12ORF10,1,1
UBL3,CDC37,1,1
UBL3,CLCN2,1,1
UBL3,CLCN3,1,1
UBL3,CLN5,1,1
UBL3,CYBA,1,1
UBL3,EEF1A1P11,1,1
UBL3,EEF1A1P5,1,1
UBL3,EIF4EBP1,1,1
UBL3,FAM134C,1,1
UBL3,FYCO1,1,1
UBL3,GOLGA7B,1,1
UBL3,GYG2,1,1
UBL3,HACD4,1,1
UBL3,ILKAP,1,1
UBL3,LSM 7.00,1,1
UBL3,MAPK12,1,1
UBL3,MSC,1,1
UBL3,MTHFD2,1,1
UBL3,NAPA,1,1
UBL3,PARP14,1,1
UBL3,PPP4R1L,1,1
UBL3,PTPN18,1,1
UBL3,QPRT,1,1
UBL3,RGS12,1,1
UBL3,RPL26L1,1,1
UBL3,RPS4Y1,1,1
UBL3,SEMA6A,1,1
UBL3,SNAI2,1,1
UBL3,STRAP,1,1
UBL3,TMEM140,1,1
UBL3,TMEM192,1,1
UBL3,TRIM21,1,1
UBL3,USF2,1,1
UBL3,ZFYVE26,1,1
UBL3,ZNF584,1,1
MRPS22,ACTR6,1,1
MRPS22,AMDHD2,1,1
MRPS22,AMMECR1,1,1
MRPS22,CDC37,1,1
MRPS22,CLCN6,1,1
MRPS22,CRCP,1,1
MRPS22,FAM134C,1,1
MRPS22,GDAP1,1,1
MRPS22,GNG12,1,1
MRPS22,KAZN,1,1
MRPS22,KIAA0930,1,1
MRPS22,LZTS1,1,1
MRPS22,MFAP3L,1,1
MRPS22,MTHFR,1,1
MRPS22,NAA50,1,1
MRPS22,NAGK,1,1
MRPS22,NUP160,1,1
MRPS22,PPP4R1L,1,1
MRPS22,PRMT6,1,1
MRPS22,PSMD14,1,1
MRPS22,RP3-461F17.3,1,1
MRPS22,SH3GL1,1,1
MRPS22,TBC1D7,1,1
MRPS22,TP53I13,1,1
MRPS22,TPP1,1,1
MRPS22,USF2,1,1
MRPS22,USP15,1,1
CPE,CTXN1,1,1
CPE,GADD45B,1,1
CPE,KRT8,1,1
CPE,LMCD1,1,1
CPE,PCNX2,1,1
SPATS2,CLN5,1,1
SPATS2,CYBA,1,1
SPATS2,SCAMP2,1,1
NUCKS1,ACP5,1,1
NUCKS1,AMDHD2,1,1
NUCKS1,CH17-472G23.4,1,1
NUCKS1,CLN3,1,1
NUCKS1,COMT,1,1
NUCKS1,DPYSL3,1,1
NUCKS1,EEF1A1P8,1,1
NUCKS1,GBA2,1,1
NUCKS1,KCNAB2,1,1
NUCKS1,PRICKLE1,1,1
NUCKS1,RP11-566K11.2,1,1
NUCKS1,SEMA6A,1,1
NUCKS1,SLC15A4,1,1
NUCKS1,TPP1,1,1
NUCKS1,TULP4,1,1
SLC35C2,AP5Z1,1,1
SLC35C2,CTXN1,1,1
SLC35C2,CYTH3,1,1
SLC35C2,DPYD,1,1
SLC35C2,FAM83H,1,1
SLC35C2,FBXL12,1,1
SLC35C2,GADD45B,1,1
SLC35C2,PANK4,1,1
SLC35C2,RBM18,1,1
SLC35C2,SSH1,1,1
SLC35C2,TFG,1,1
SLC35C2,TMEM222,1,1
MOSPD1,CHSY3,1,1
MOSPD1,DPYD,1,1
MOSPD1,FAM83H,1,1
MOSPD1,FBXL12,1,1
MOSPD1,HACE1,1,1
MOSPD1,HADHB,1,1
MOSPD1,HDAC4,1,1
MOSPD1,NLGN1,1,1
MOSPD1,PARVB,1,1
MOSPD1,PNPLA8,1,1
MOSPD1,ROPN1B,1,1
MOSPD1,RP11-705C15.2,1,1
MOSPD1,SMDT1,1,1
MOSPD1,SSH1,1,1
MOSPD1,TACC2,1,1
MOSPD1,TAF6,1,1
MOSPD1,TFG,1,1
MOSPD1,TMEM222,1,1
LMCD1,CBR3,1,1
LMCD1,CTXN1,1,1
LMCD1,GADD45B,1,1
LMCD1,KRT8,1,1
LMCD1,PPP1R16A,1,1
OSBPL9,ACP5,1,1
OSBPL9,AFF3,1,1
OSBPL9,AMDHD2,1,1
OSBPL9,AMMECR1,1,1
OSBPL9,ATP6V0C,1,1
OSBPL9,ATP6V1H,1,1
OSBPL9,BNC2,1,1
OSBPL9,CD46,1,1
OSBPL9,CDC37,1,1
OSBPL9,CLN3,1,1
OSBPL9,CTSB,1,1
OSBPL9,DPYSL3,1,1
OSBPL9,EEF1A1P11,1,1
OSBPL9,EEF1A1P5,1,1
OSBPL9,EIF4EBP1,1,1
OSBPL9,EPG5,1,1
OSBPL9,FAM134C,1,1
OSBPL9,FOXC1,1,1
OSBPL9,GBA2,1,1
OSBPL9,GJA3,1,1
OSBPL9,GYG2,1,1
OSBPL9,HABP4,1,1
OSBPL9,HACD4,1,1
OSBPL9,IFNGR1,1,1
OSBPL9,KCNAB2,1,1
OSBPL9,KCTD7,1,1
OSBPL9,LZTS1,1,1
OSBPL9,MSC,1,1
OSBPL9,MTHFR,1,1
OSBPL9,NAPA,1,1
OSBPL9,PARP14,1,1
OSBPL9,PCDHGB5,1,1
OSBPL9,PODXL,1,1
OSBPL9,PSMD14,1,1
OSBPL9,PTPN18,1,1
OSBPL9,QPRT,1,1
OSBPL9,RAD50,1,1
OSBPL9,RP3-461F17.3,1,1
OSBPL9,RRAGD,1,1
OSBPL9,SEMA6A,1,1
OSBPL9,SH3GL1,1,1
OSBPL9,SLC16A6,1,1
OSBPL9,SLC7A8,1,1
OSBPL9,SNAI2,1,1
OSBPL9,SNAP29,1,1
OSBPL9,STXBP5,1,1
OSBPL9,TMCC2,1,1
OSBPL9,TMEM140,1,1
OSBPL9,TMEM159,1,1
OSBPL9,TMEM192,1,1
OSBPL9,TPP1,1,1
OSBPL9,TULP4,1,1
OSBPL9,USF2,1,1
OSBPL9,WDFY1,1,1
OSBPL9,WDR92,1,1
OSBPL9,ZFYVE26,1,1
SEMA6A,ACP5,1,1
SEMA6A,AFF3,1,1
SEMA6A,AMDHD2,1,1
SEMA6A,AMMECR1,1,1
SEMA6A,APCDD1,1,1
SEMA6A,ATP6V0C,1,1
SEMA6A,AVPI1,1,1
SEMA6A,BICD1,1,1
SEMA6A,BNC2,1,1
SEMA6A,BRD8,1,1
SEMA6A,C12ORF10,1,1
SEMA6A,CDC37,1,1
SEMA6A,CLCN3,1,1
SEMA6A,CLCN6,1,1
SEMA6A,CLN3,1,1
SEMA6A,CLN5,1,1
SEMA6A,CTSB,1,1
SEMA6A,DPYSL3,1,1
SEMA6A,EEF1A1P11,1,1
SEMA6A,EEF1A1P5,1,1
SEMA6A,EEF1A1P8,1,1
SEMA6A,EIF4EBP1,1,1
SEMA6A,EPG5,1,1
SEMA6A,FAM134C,1,1
SEMA6A,FOXC1,1,1
SEMA6A,GBA2,1,1
SEMA6A,GDAP1,1,1
SEMA6A,GYG2,1,1
SEMA6A,HACD4,1,1
SEMA6A,IFNGR1,1,1
SEMA6A,KCNAB2,1,1
SEMA6A,KCTD7,1,1
SEMA6A,KIAA0930,1,1
SEMA6A,LSM 7.00,1,1
SEMA6A,MAPK12,1,1
SEMA6A,MFAP3L,1,1
SEMA6A,MSC,1,1
SEMA6A,MTHFR,1,1
SEMA6A,NAGK,1,1
SEMA6A,NAPA,1,1
SEMA6A,NUP160,1,1
SEMA6A,PARP14,1,1
SEMA6A,PCDHGB5,1,1
SEMA6A,PPP4R1L,1,1
SEMA6A,PSMD14,1,1
SEMA6A,PTPN18,1,1
SEMA6A,QPRT,1,1
SEMA6A,RGS12,1,1
SEMA6A,RP11-566K11.2,1,1
SEMA6A,RP3-461F17.3,1,1
SEMA6A,RPL26L1,1,1
SEMA6A,RPS4Y1,1,1
SEMA6A,SH3GL1,1,1
SEMA6A,SLC15A4,1,1
SEMA6A,SLC16A6,1,1
SEMA6A,SLC7A8,1,1
SEMA6A,SNAI2,1,1
SEMA6A,SNAP29,1,1
SEMA6A,STRAP,1,1
SEMA6A,TMCC2,1,1
SEMA6A,TMEM140,1,1
SEMA6A,TMEM159,1,1
SEMA6A,TMEM192,1,1
SEMA6A,TPP1,1,1
SEMA6A,TULP4,1,1
SEMA6A,USF2,1,1
SEMA6A,ZFYVE26,1,1
SEMA6A,ZNF584,1,1
NADK2,NCAPD2,1,1
MTHFR,ACP5,1,1
MTHFR,ACTR6,1,1
MTHFR,AMDHD2,1,1
MTHFR,AMMECR1,1,1
MTHFR,APCDD1,1,1
MTHFR,ATP6V0C,1,1
MTHFR,BNC2,1,1
MTHFR,BRD8,1,1
MTHFR,CDC37,1,1
MTHFR,CLCN6,1,1
MTHFR,CPEB2,1,1
MTHFR,CTSB,1,1
MTHFR,DCTN3,1,1
MTHFR,DPYSL3,1,1
MTHFR,EEF1A1P11,1,1
MTHFR,FAM134C,1,1
MTHFR,FOXC1,1,1
MTHFR,GDAP1,1,1
MTHFR,GYG2,1,1
MTHFR,HACD4,1,1
MTHFR,IFNGR1,1,1
MTHFR,KAZN,1,1
MTHFR,KIAA0930,1,1
MTHFR,LZTS1,1,1
MTHFR,MFAP3L,1,1
MTHFR,NAA50,1,1
MTHFR,NAGK,1,1
MTHFR,NAPA,1,1
MTHFR,NUP160,1,1
MTHFR,PARP14,1,1
MTHFR,PDXDC1,1,1
MTHFR,PPP4R1L,1,1
MTHFR,PSMD14,1,1
MTHFR,QPRT,1,1
MTHFR,RAD50,1,1
MTHFR,RP3-461F17.3,1,1
MTHFR,RPL26L1,1,1
MTHFR,RWDD1,1,1
MTHFR,SF3A2,1,1
MTHFR,SH3GL1,1,1
MTHFR,SLC35B3,1,1
MTHFR,SNAI2,1,1
MTHFR,TBC1D7,1,1
MTHFR,TMCC2,1,1
MTHFR,TMEM140,1,1
MTHFR,TMEM159,1,1
MTHFR,TP53I13,1,1
MTHFR,TPP1,1,1
MTHFR,USF2,1,1
MTHFR,USP15,1,1
MTHFR,WDR92,1,1
SNX9,CLCN3,1,1
SNX9,CNNM3,1,1
SNX9,CTSB,1,1
SNX9,HACD4,1,1
SNX9,IFNGR1,1,1
SNX9,PCDHGB5,1,1
SNX9,PRKD3,1,1
SNX9,SNAI2,1,1
SNX9,STXBP5,1,1
SNX9,TMEM159,1,1
SNX9,TMEM192,1,1
SNX9,XG,1,1
SNX9,ZADH2,1,1
TMEM192,AFF3,1,1
TMEM192,ATP6V0C,1,1
TMEM192,BNC2,1,1
TMEM192,C12ORF10,1,1
TMEM192,CLCN3,1,1
TMEM192,CTSB,1,1
TMEM192,EEF1A1P11,1,1
TMEM192,EEF1A1P5,1,1
TMEM192,FNIP2,1,1
TMEM192,FYCO1,1,1
TMEM192,GYG2,1,1
TMEM192,HACD4,1,1
TMEM192,ILKAP,1,1
TMEM192,KCNAB2,1,1
TMEM192,LSM 7.00,1,1
TMEM192,MSC,1,1
TMEM192,NAPA,1,1
TMEM192,PCDHGB5,1,1
TMEM192,PRKD3,1,1
TMEM192,PTPN18,1,1
TMEM192,SLC16A6,1,1
TMEM192,SNAI2,1,1
TMEM192,STXBP5,1,1
TMEM192,USF2,1,1
TMEM192,ZFYVE26,1,1
SLC35B3,ACP5,1,1
SLC35B3,CDC37,1,1
SLC35B3,CPEB2,1,1
SLC35B3,GDAP1,1,1
SLC35B3,IFNGR1,1,1
SLC35B3,KIAA0930,1,1
SLC35B3,PPP4R1L,1,1
SLC35B3,RWDD1,1,1
SLC35B3,SF3A2,1,1
SLC35B3,TMEM159,1,1
HDAC4,ATP6V1H,1,1
HDAC4,CHSY3,1,1
HDAC4,EGFR,1,1
HDAC4,GJA3,1,1
HDAC4,HADHB,1,1
HDAC4,HOXB7,1,1
HDAC4,PNPLA8,1,1
HDAC4,RRAGD,1,1
HDAC4,TBC1D14,1,1
HDAC4,TMEM55A,1,1
HDAC4,TMTC1,1,1
MSC,ACP5,1,1
MSC,ATP6V0C,1,1
MSC,BNC2,1,1
MSC,CDC37,1,1
MSC,CLCN3,1,1
MSC,CNNM3,1,1
MSC,CTSB,1,1
MSC,CYB561D1,1,1
MSC,FNIP2,1,1
MSC,GJA3,1,1
MSC,GYG2,1,1
MSC,HABP4,1,1
MSC,HACD4,1,1
MSC,ILKAP,1,1
MSC,KCTD7,1,1
MSC,NAPA,1,1
MSC,PDXDC1,1,1
MSC,RAD50,1,1
MSC,RRAGD,1,1
MSC,SLC16A6,1,1
MSC,SNAI2,1,1
MSC,SNAP29,1,1
MSC,STXBP5,1,1
MSC,TBC1D14,1,1
MSC,TMCC2,1,1
MSC,USF2,1,1
MSC,WDFY1,1,1
MSC,ZFYVE26,1,1
TFG,AP5Z1,1,1
TFG,CHSY3,1,1
TFG,CTXN1,1,1
TFG,CYTH3,1,1
TFG,DPYD,1,1
TFG,EGFR,1,1
TFG,FAM83H,1,1
TFG,FBXL12,1,1
TFG,HACE1,1,1
TFG,HADHB,1,1
TFG,LIPA,1,1
TFG,NLGN1,1,1
TFG,PANK4,1,1
TFG,PARVB,1,1
TFG,PNPLA8,1,1
TFG,ROPN1B,1,1
TFG,RP11-705C15.2,1,1
TFG,SMDT1,1,1
TFG,SSH1,1,1
TFG,TACC2,1,1
TFG,TAF6,1,1
TFG,TMEM222,1,1
TFG,TMTC1,1,1
TFG,ZDHHC14,1,1
TCEB2,CASP4,1,1
SMIM7,RPAP1,1,1
SMIM7,TMC7,1,1
TMCC2,ACP5,1,1
TMCC2,AFF3,1,1
TMCC2,AMDHD2,1,1
TMCC2,ATP6V0C,1,1
TMCC2,ATP6V1H,1,1
TMCC2,BNC2,1,1
TMCC2,CDC37,1,1
TMCC2,DPYSL3,1,1
TMCC2,EXOC4,1,1
TMCC2,FOXC1,1,1
TMCC2,GBA2,1,1
TMCC2,GJA3,1,1
TMCC2,HABP4,1,1
TMCC2,KCNAB2,1,1
TMCC2,KCTD7,1,1
TMCC2,LZTS1,1,1
TMCC2,MYO9B,1,1
TMCC2,NAPA,1,1
TMCC2,PI4KA,1,1
TMCC2,PIEZO1,1,1
TMCC2,RRAGD,1,1
TMCC2,SH3GL1,1,1
TMCC2,SLC16A6,1,1
TMCC2,SLC7A8,1,1
TMCC2,SNAI2,1,1
TMCC2,SNAP29,1,1
TMCC2,TBC1D7,1,1
TMCC2,USF2,1,1
TMCC2,WDFY1,1,1
TMCC2,ZFYVE26,1,1
RANBP6,LIPA,1,1
PRKAA2,ADCY2,1,1
PRKAA2,BICD1,1,1
PRKAA2,CD46,1,1
PRKAA2,CREB5,1,1
PRKAA2,DPYSL3,1,1
PRKAA2,EPG5,1,1
PRKAA2,FOXC1,1,1
PRKAA2,HLA-DRB3,1,1
PRKAA2,IL12RB2,1,1
PRKAA2,KCNAB2,1,1
PRKAA2,LIMCH1,1,1
PRKAA2,MYLK,1,1
PRKAA2,RP11-566K11.2,1,1
PRKAA2,S100A6,1,1
PRKAA2,SLC7A8,1,1
PRKAA2,SMYD2,1,1
PRKAA2,TMC7,1,1
PRKAA2,TMEM47,1,1
PRKAA2,TMEM98,1,1
PRKAA2,TULP4,1,1
NUP160,ACP5,1,1
NUP160,AMDHD2,1,1
NUP160,AMMECR1,1,1
NUP160,AVPI1,1,1
NUP160,CDC37,1,1
NUP160,CLCN6,1,1
NUP160,CRCP,1,1
NUP160,DPYSL3,1,1
NUP160,EIF4EBP1,1,1
NUP160,EPG5,1,1
NUP160,FAM134C,1,1
NUP160,GDAP1,1,1
NUP160,GNG12,1,1
NUP160,NAA50,1,1
NUP160,NOP2,1,1
NUP160,NSMCE1,1,1
NUP160,ODC1,1,1
NUP160,PAPOLA,1,1
NUP160,PARP14,1,1
NUP160,POLDIP2,1,1
NUP160,PPP4R1L,1,1
NUP160,PRMT6,1,1
NUP160,PSMD14,1,1
NUP160,QPRT,1,1
NUP160,RP3-461F17.3,1,1
NUP160,RPGR,1,1
NUP160,SH3GL1,1,1
NUP160,STRAP,1,1
NUP160,TMEM159,1,1
NUP160,TPP1,1,1
NUP160,USP15,1,1
NUP160,WDR92,1,1
NUP160,ZNF622,1,1
FOXC1,ACP5,1,1
FOXC1,AMDHD2,1,1
FOXC1,AMMECR1,1,1
FOXC1,APCDD1,1,1
FOXC1,ATP6V0C,1,1
FOXC1,AVPI1,1,1
FOXC1,BICD1,1,1
FOXC1,C1ORF226,1,1
FOXC1,CDC37,1,1
FOXC1,CH17-472G23.4,1,1
FOXC1,CLCN6,1,1
FOXC1,CLN3,1,1
FOXC1,DCTN3,1,1
FOXC1,DPYSL3,1,1
FOXC1,EEF1A1P11,1,1
FOXC1,EEF1A1P5,1,1
FOXC1,EEF1A1P8,1,1
FOXC1,EIF4EBP1,1,1
FOXC1,EPG5,1,1
FOXC1,FAM134C,1,1
FOXC1,GBA2,1,1
FOXC1,GDAP1,1,1
FOXC1,GYG2,1,1
FOXC1,IFNGR1,1,1
FOXC1,KCNAB2,1,1
FOXC1,KIAA0930,1,1
FOXC1,LIMCH1,1,1
FOXC1,LSM 7.00,1,1
FOXC1,MAPK12,1,1
FOXC1,NAPA,1,1
FOXC1,PARP14,1,1
FOXC1,PCDHGB5,1,1
FOXC1,PODXL,1,1
FOXC1,PPP4R1L,1,1
FOXC1,PTPN18,1,1
FOXC1,QPRT,1,1
FOXC1,RGS12,1,1
FOXC1,RP11-566K11.2,1,1
FOXC1,SH3GL1,1,1
FOXC1,SLC16A6,1,1
FOXC1,SLC7A8,1,1
FOXC1,SNAI2,1,1
FOXC1,SNAP29,1,1
FOXC1,TMEM140,1,1
FOXC1,TMEM47,1,1
FOXC1,TPP1,1,1
FOXC1,TULP4,1,1
FOXC1,USF2,1,1
CTSB,ACP5,1,1
CTSB,ATP6V0C,1,1
CTSB,C12ORF10,1,1
CTSB,CDC37,1,1
CTSB,CLCN3,1,1
CTSB,EEF1A1P11,1,1
CTSB,FAM134C,1,1
CTSB,GYG2,1,1
CTSB,HACD4,1,1
CTSB,IFNGR1,1,1
CTSB,NAPA,1,1
CTSB,PARP14,1,1
CTSB,PCDHGB5,1,1
CTSB,PDXDC1,1,1
CTSB,PPP4R1L,1,1
CTSB,PRKD3,1,1
CTSB,PSMD14,1,1
CTSB,PTPN18,1,1
CTSB,RAD50,1,1
CTSB,RPL26L1,1,1
CTSB,SNAI2,1,1
CTSB,STXBP5,1,1
CTSB,TMEM159,1,1
CTSB,USF2,1,1
CTSB,WDR92,1,1
TP53I13,CLCN6,1,1
TP53I13,CPEB2,1,1
TP53I13,FAM134C,1,1
TP53I13,GDAP1,1,1
TP53I13,KAZN,1,1
TP53I13,KIAA0930,1,1
TP53I13,MFAP3L,1,1
TP53I13,NAGK,1,1
TP53I13,PSMD14,1,1
TP53I13,RWDD1,1,1
TP53I13,TBC1D7,1,1
WDFY1,AFF3,1,1
WDFY1,CRTC1,1,1
WDFY1,DPYSL3,1,1
WDFY1,EXOC4,1,1
WDFY1,GJA3,1,1
WDFY1,GRK5,1,1
WDFY1,HABP4,1,1
WDFY1,KANSL3,1,1
WDFY1,KCNAB2,1,1
WDFY1,KCTD7,1,1
WDFY1,LZTS1,1,1
WDFY1,MYO9B,1,1
WDFY1,NEDD4L,1,1
WDFY1,OR2A9P,1,1
WDFY1,PI4KA,1,1
WDFY1,PIEZO1,1,1
WDFY1,RRAGD,1,1
WDFY1,SH3GL1,1,1
WDFY1,SLC16A6,1,1
WDFY1,SLC7A8,1,1
WDFY1,SNAP29,1,1
WDFY1,ZFYVE26,1,1
MFAP3L,ACTR6,1,1
MFAP3L,AMDHD2,1,1
MFAP3L,BNC2,1,1
MFAP3L,BRD8,1,1
MFAP3L,CDC37,1,1
MFAP3L,CLCN6,1,1
MFAP3L,GDAP1,1,1
MFAP3L,HABP4,1,1
MFAP3L,KAZN,1,1
MFAP3L,KIAA0930,1,1
MFAP3L,LZTS1,1,1
MFAP3L,NAGK,1,1
MFAP3L,RPL26L1,1,1
MFAP3L,SLC15A4,1,1
MFAP3L,TBC1D7,1,1
MFAP3L,TESK1,1,1
MFAP3L,TMEM140,1,1
MFAP3L,TMEM150A,1,1
MFAP3L,TPP1,1,1
MFAP3L,USF2,1,1
TSC22D1,CBR3,1,1
TSC22D1,FZD8,1,1
TSC22D1,LIF,1,1
TSC22D1,LIMCH1,1,1
TSC22D1,PPP1R16A,1,1
SOCS5,AEBP2,1,1
SOCS5,DCTN3,1,1
GCLC,PI4KA,1,1
GCLC,SNAP29,1,1
LIPA,CHSY3,1,1
LIPA,COMT,1,1
LIPA,DNAJA2,1,1
LIPA,DPYD,1,1
LIPA,HACE1,1,1
LIPA,MED16,1,1
LIPA,PARVB,1,1
LIPA,PNPLA8,1,1
LIPA,ROPN1B,1,1
LIPA,RP11-705C15.2,1,1
LIPA,SMDT1,1,1
LIPA,TACC2,1,1
LIPA,TAF6,1,1
LIPA,TMEM222,1,1
AK4,AMMECR1,1,1
AK4,CLCN2,1,1
AK4,CNST,1,1
AK4,EEF1A1P11,1,1
AK4,EEF1A1P5,1,1
AK4,EIF4EBP1,1,1
AK4,GNG12,1,1
AK4,GYG2,1,1
AK4,MTHFD2,1,1
AK4,PTPN18,1,1
AK4,QPRT,1,1
AK4,RGS12,1,1
AK4,RNF217,1,1
AK4,SAMD4B,1,1
AK4,SH3BGRL3,1,1
AK4,TMEM140,1,1
FAM83H,AP5Z1,1,1
FAM83H,CHSY3,1,1
FAM83H,CTXN1,1,1
FAM83H,CYTH3,1,1
FAM83H,DPYD,1,1
FAM83H,FBXL12,1,1
FAM83H,HACE1,1,1
FAM83H,HADHB,1,1
FAM83H,NLGN1,1,1
FAM83H,PANK4,1,1
FAM83H,PARVB,1,1
FAM83H,PNPLA8,1,1
FAM83H,ROPN1B,1,1
FAM83H,SMDT1,1,1
FAM83H,SSH1,1,1
FAM83H,TACC2,1,1
FAM83H,TAF6,1,1
FAM83H,TMEM222,1,1
FAM83H,ZDHHC14,1,1
TSEN15,CHSY3,1,1
TSEN15,GPR161,1,1
TSEN15,HOXB7,1,1
TSEN15,OTUD7B,1,1
TSEN15,PANK4,1,1
TSEN15,PI4KA,1,1
TSEN15,RP11-423H2.1,1,1
TSEN15,SSH1,1,1
TSEN15,TMEM55A,1,1
NEDD4L,AFF3,1,1
NEDD4L,ALS2,1,1
NEDD4L,CCDC82,1,1
NEDD4L,CD46,1,1
NEDD4L,FNBP1L,1,1
NEDD4L,RNF185,1,1
NEDD4L,SERAC1,1,1
NEDD4L,SLC16A6,1,1
NEDD4L,SLC7A8,1,1
NEDD4L,SNAP29,1,1
NEDD4L,TRIM34,1,1
KCTD7,AFF3,1,1
KCTD7,BNC2,1,1
KCTD7,DPYSL3,1,1
KCTD7,EEF1A1P5,1,1
KCTD7,EXOC4,1,1
KCTD7,FYCO1,1,1
KCTD7,GJA3,1,1
KCTD7,GRK5,1,1
KCTD7,HABP4,1,1
KCTD7,KANSL3,1,1
KCTD7,KCNAB2,1,1
KCTD7,MYO9B,1,1
KCTD7,NAPA,1,1
KCTD7,OR2A9P,1,1
KCTD7,PIEZO1,1,1
KCTD7,PTTG1IP,1,1
KCTD7,SLC16A6,1,1
KCTD7,SLC7A8,1,1
KCTD7,SNAP29,1,1
KCTD7,ZFYVE26,1,1
CRTC1,CLN3,1,1
CRTC1,FN3K,1,1
CRTC1,GBA2,1,1
CRTC1,GRK5,1,1
CRTC1,KCNAB2,1,1
CRTC1,MYO9B,1,1
CRTC1,OR2A9P,1,1
CRTC1,PTTG1IP,1,1
CRTC1,SLC15A4,1,1
CRTC1,SNAP29,1,1
CRTC1,TULP4,1,1
SNAP29,AFF3,1,1
SNAP29,AMDHD2,1,1
SNAP29,ATP6V1H,1,1
SNAP29,CD46,1,1
SNAP29,DPYSL3,1,1
SNAP29,GBA2,1,1
SNAP29,GJA3,1,1
SNAP29,GRK5,1,1
SNAP29,HABP4,1,1
SNAP29,KCNAB2,1,1
SNAP29,LZTS1,1,1
SNAP29,MYO9B,1,1
SNAP29,OR2A9P,1,1
SNAP29,PI4KA,1,1
SNAP29,RRAGD,1,1
SNAP29,SLC15A4,1,1
SNAP29,SLC16A6,1,1
SNAP29,SLC7A8,1,1
SNAP29,STRIP1,1,1
SNAP29,TBC1D14,1,1
SNAP29,TULP4,1,1
SNAP29,ZFYVE26,1,1
STXBP5,ACP5,1,1
STXBP5,ATP6V0C,1,1
STXBP5,ATP6V1H,1,1
STXBP5,CDC37,1,1
STXBP5,CLCN3,1,1
STXBP5,CNNM3,1,1
STXBP5,HACD4,1,1
STXBP5,IFNGR1,1,1
STXBP5,ILKAP,1,1
STXBP5,NAPA,1,1
STXBP5,PDXDC1,1,1
STXBP5,PRKD3,1,1
STXBP5,RAD50,1,1
STXBP5,RRAGD,1,1
STXBP5,SNAI2,1,1
STXBP5,TBC1D14,1,1
STXBP5,USF2,1,1
STRAP,ACTR6,1,1
STRAP,AMMECR1,1,1
STRAP,ANAPC16,1,1
STRAP,BNC2,1,1
STRAP,CDC37,1,1
STRAP,CLCN6,1,1
STRAP,CLN3,1,1
STRAP,CRCP,1,1
STRAP,CYBA,1,1
STRAP,EEF1A1P11,1,1
STRAP,EEF1A1P5,1,1
STRAP,EIF4EBP1,1,1
STRAP,EPG5,1,1
STRAP,FAM134C,1,1
STRAP,GDAP1,1,1
STRAP,GNG12,1,1
STRAP,GYG2,1,1
STRAP,LSM 7.00,1,1
STRAP,NAGK,1,1
STRAP,PAPOLA,1,1
STRAP,PARP14,1,1
STRAP,PPP4R1L,1,1
STRAP,PRMT6,1,1
STRAP,PSMD14,1,1
STRAP,QPRT,1,1
STRAP,RGS12,1,1
STRAP,RP3-461F17.3,1,1
STRAP,RPGR,1,1
STRAP,RPL26L1,1,1
STRAP,SREBF2,1,1
STRAP,TMEM140,1,1
STRAP,TPP1,1,1
STRAP,USP15,1,1
STRAP,ZNF584,1,1
LIMCH1,CBR3,1,1
LIMCH1,CD46,1,1
LIMCH1,DPYSL3,1,1
LIMCH1,FZD8,1,1
LIMCH1,LIF,1,1
LIMCH1,MYLK,1,1
LIMCH1,NKIRAS2,1,1
LIMCH1,PODXL,1,1
LIMCH1,RP11-566K11.2,1,1
LIMCH1,TMC7,1,1
LIMCH1,TMEM47,1,1
OTUD7B,ALS2,1,1
OTUD7B,GPR161,1,1
OTUD7B,HOXB7,1,1
OTUD7B,RP11-423H2.1,1,1
CBR3,CTXN1,1,1
CBR3,FZD8,1,1
CBR3,GADD45B,1,1
CBR3,MYLK,1,1
CBR3,NKIRAS2,1,1
CBR3,PI4KA,1,1
CBR3,RRAGD,1,1
SH3GL1,ACP5,1,1
SH3GL1,AMDHD2,1,1
SH3GL1,AMMECR1,1,1
SH3GL1,CDC37,1,1
SH3GL1,CRCP,1,1
SH3GL1,DCTN3,1,1
SH3GL1,DPYSL3,1,1
SH3GL1,EPG5,1,1
SH3GL1,EXOC4,1,1
SH3GL1,GBA2,1,1
SH3GL1,KCNAB2,1,1
SH3GL1,NAA50,1,1
SH3GL1,NOP2,1,1
SH3GL1,ODC1,1,1
SH3GL1,PODXL,1,1
SH3GL1,PSMD14,1,1
SH3GL1,RP3-461F17.3,1,1
SH3GL1,RRAGD,1,1
SH3GL1,SLC16A6,1,1
SH3GL1,TMEM159,1,1
SH3GL1,TPP1,1,1
SH3GL1,TULP4,1,1
SH3GL1,WDR92,1,1
SH3GL1,ZNF622,1,1
HABP4,AFF3,1,1
HABP4,AMDHD2,1,1
HABP4,BNC2,1,1
HABP4,CDC37,1,1
HABP4,EEF1A1P5,1,1
HABP4,EXOC4,1,1
HABP4,FYCO1,1,1
HABP4,GJA3,1,1
HABP4,KANSL3,1,1
HABP4,KAZN,1,1
HABP4,LZTS1,1,1
HABP4,MYO9B,1,1
HABP4,NAPA,1,1
HABP4,OR2A9P,1,1
HABP4,RAD50,1,1
HABP4,TBC1D7,1,1
HABP4,TESK1,1,1
HABP4,TMEM140,1,1
HABP4,USF2,1,1
HABP4,ZFYVE26,1,1
WDR92,AVPI1,1,1
WDR92,CDC37,1,1
WDR92,CLCN3,1,1
WDR92,CRCP,1,1
WDR92,FBXL7,1,1
WDR92,GYG2,1,1
WDR92,HACD4,1,1
WDR92,IMPACT,1,1
WDR92,NOP2,1,1
WDR92,ODC1,1,1
WDR92,PARP14,1,1
WDR92,PCDHGB5,1,1
WDR92,PPP4R1L,1,1
WDR92,PRKD3,1,1
WDR92,PSMD14,1,1
WDR92,PTPN18,1,1
WDR92,RP3-461F17.3,1,1
WDR92,SNAI2,1,1
WDR92,TMEM159,1,1
WDR92,USP15,1,1
WDR92,ZNF584,1,1
PI4KA,ADCY2,1,1
PI4KA,CHSY3,1,1
PI4KA,CROCC,1,1
PI4KA,DPYSL3,1,1
PI4KA,EGFR,1,1
PI4KA,GBA2,1,1
PI4KA,GJA3,1,1
PI4KA,GPR161,1,1
PI4KA,HOXB7,1,1
PI4KA,LZTS1,1,1
PI4KA,OR2A9P,1,1
PI4KA,PANK4,1,1
PI4KA,RRAGD,1,1
PI4KA,SLC7A8,1,1
PI4KA,TBC1D14,1,1
PI4KA,TMEM55A,1,1
PI4KA,TULP4,1,1
TULP4,ACP5,1,1
TULP4,ADCY2,1,1
TULP4,AMDHD2,1,1
TULP4,COMT,1,1
TULP4,CROCC,1,1
TULP4,DPYSL3,1,1
TULP4,EEF1A1P8,1,1
TULP4,EPG5,1,1
TULP4,FN3K,1,1
TULP4,GBA2,1,1
TULP4,GPR161,1,1
TULP4,IL12RB2,1,1
TULP4,KCNAB2,1,1
TULP4,MED16,1,1
TULP4,MYLK,1,1
TULP4,PARP14,1,1
TULP4,PRICKLE1,1,1
TULP4,RP11-566K11.2,1,1
TULP4,SLC16A6,1,1
TULP4,SLC7A8,1,1
TULP4,TMEM98,1,1
TULP4,TPP1,1,1
TULP4,TRIM34,1,1
ABRACL,CCDC82,1,1
ABRACL,TMEM251,1,1
ABRACL,ZADH2,1,1
PRKD3,CLCN3,1,1
PRKD3,CNNM3,1,1
PRKD3,GOLGA7B,1,1
PRKD3,HACD4,1,1
PRKD3,IFNGR1,1,1
PRKD3,PCDHGB5,1,1
PRKD3,PTPN18,1,1
PRKD3,SNAI2,1,1
PRKD3,TMEM159,1,1
PRKD3,XG,1,1
PRKD3,ZADH2,1,1
TBCD,CHSY3,1,1
TBCD,HADHB,1,1
TBCD,NKIRAS2,1,1
TBCD,PARVB,1,1
DNAJA2,COMT,1,1
DNAJA2,CROCC,1,1
DNAJA2,DPYD,1,1
DNAJA2,DROSHA,1,1
DNAJA2,HACE1,1,1
DNAJA2,MED16,1,1
DNAJA2,MLLT1,1,1
DNAJA2,PNPLA8,1,1
DNAJA2,PODXL,1,1
DNAJA2,PRCC,1,1
DNAJA2,ROPN1B,1,1
DNAJA2,RP11-705C15.2,1,1
DNAJA2,TAF6,1,1
INHBA,RPGR,1,1
INHBA,ZNF614,1,1
AVPI1,ACP5,1,1
AVPI1,AMMECR1,1,1
AVPI1,CLCN2,1,1
AVPI1,CYBA,1,1
AVPI1,EEF1A1P11,1,1
AVPI1,EEF1A1P8,1,1
AVPI1,EIF4EBP1,1,1
AVPI1,EPG5,1,1
AVPI1,GYG2,1,1
AVPI1,IFT88,1,1
AVPI1,IMPACT,1,1
AVPI1,KCNAB2,1,1
AVPI1,KIAA1161,1,1
AVPI1,PARP14,1,1
AVPI1,PCDHGB5,1,1
AVPI1,PPP4R1L,1,1
AVPI1,PTPN18,1,1
AVPI1,QPRT,1,1
AVPI1,RP11-566K11.2,1,1
AVPI1,RP3-461F17.3,1,1
AVPI1,RPGR,1,1
AVPI1,TMEM159,1,1
AVPI1,TPP1,1,1
AVPI1,XG,1,1
CHSY3,ALS2,1,1
CHSY3,AP5Z1,1,1
CHSY3,DPYD,1,1
CHSY3,EGFR,1,1
CHSY3,FZD8,1,1
CHSY3,GPR161,1,1
CHSY3,HACE1,1,1
CHSY3,HADHB,1,1
CHSY3,MED16,1,1
CHSY3,MYLK,1,1
CHSY3,PANK4,1,1
CHSY3,PARVB,1,1
CHSY3,PNPLA8,1,1
CHSY3,PRICKLE1,1,1
CHSY3,ROPN1B,1,1
CHSY3,RP11-705C15.2,1,1
CHSY3,SMDT1,1,1
CHSY3,SSH1,1,1
CHSY3,TAF6,1,1
CHSY3,TMEM222,1,1
CHSY3,TMEM55A,1,1
CHSY3,UNC45A,1,1
FZD8,DPYD,1,1
FZD8,NKIRAS2,1,1
FZD8,NRP1,1,1
FZD8,PODXL,1,1
FZD8,TMEM55A,1,1
FZD8,UNC45A,1,1
NSMCE1,CRCP,1,1
NSMCE1,RP3-461F17.3,1,1
NSMCE1,RPGR,1,1
XG,CYP4V2,1,1
XG,GOLGA7B,1,1
XG,IFNGR1,1,1
XG,IFT88,1,1
XG,KIAA1161,1,1
XG,PCDHGB5,1,1
XG,PTPN18,1,1
RP11-705C15.2,DPYD,1,1
RP11-705C15.2,EGFR,1,1
RP11-705C15.2,HACE1,1,1
RP11-705C15.2,MED16,1,1
RP11-705C15.2,NDN,1,1
RP11-705C15.2,PARVB,1,1
RP11-705C15.2,PNPLA8,1,1
RP11-705C15.2,PRCC,1,1
RP11-705C15.2,ROPN1B,1,1
RP11-705C15.2,SMDT1,1,1
RP11-705C15.2,TACC2,1,1
RP11-705C15.2,TAF6,1,1
RP11-705C15.2,TMEM55A,1,1
RP11-705C15.2,UNC45A,1,1
ANAPC16,CLN5,1,1
ANAPC16,CYBA,1,1
ANAPC16,IFT88,1,1
ANAPC16,PARP14,1,1
ANAPC16,PPP4R1L,1,1
ANAPC16,RPS4Y1,1,1
ANAPC16,SREBF2,1,1
NAGK,ACP5,1,1
NAGK,ACTR6,1,1
NAGK,AMDHD2,1,1
NAGK,APCDD1,1,1
NAGK,BNC2,1,1
NAGK,BRD8,1,1
NAGK,CH17-472G23.4,1,1
NAGK,CLCN6,1,1
NAGK,CLN3,1,1
NAGK,EEF1A1P5,1,1
NAGK,FAM134C,1,1
NAGK,GDAP1,1,1
NAGK,GYG2,1,1
NAGK,KAZN,1,1
NAGK,KIAA0930,1,1
NAGK,PPP4R1L,1,1
NAGK,PSMD14,1,1
NAGK,QPRT,1,1
NAGK,RGS12,1,1
NAGK,RPL26L1,1,1
NAGK,SLC15A4,1,1
NAGK,TBC1D7,1,1
NAGK,TESK1,1,1
NAGK,TMEM140,1,1
NAGK,TMEM150A,1,1
NAGK,TPP1,1,1
NAGK,USF2,1,1
NAGK,ZFYVE26,1,1
CCDC82,ATP6V1H,1,1
CCDC82,FNBP1L,1,1
CCDC82,FNIP2,1,1
CCDC82,PHF20L1,1,1
CCDC82,SLC16A6,1,1
CCDC82,SLC7A8,1,1
CCDC82,TMEM251,1,1
CCDC82,ZADH2,1,1
IMPACT,CLCN2,1,1
IMPACT,CNST,1,1
IMPACT,PCDHGB5,1,1
IMPACT,PTPN18,1,1
IMPACT,TRIM21,1,1
MYLK,ADCY2,1,1
MYLK,COMT,1,1
MYLK,IL12RB2,1,1
MYLK,MED16,1,1
MYLK,NKIRAS2,1,1
MYLK,PRICKLE1,1,1
MYLK,RP11-566K11.2,1,1
MYLK,SMYD2,1,1
MYLK,TMEM47,1,1
MYLK,TMEM98,1,1
TMC7,C9ORF172,1,1
TMC7,S100A6,1,1
TMC7,SMYD2,1,1
TMC7,TMEM47,1,1
TRIM34,ADCY2,1,1
TRIM34,AFF3,1,1
TRIM34,CD46,1,1
TRIM34,CREB5,1,1
TRIM34,EPG5,1,1
TRIM34,F2R,1,1
TRIM34,FN3K,1,1
TRIM34,FNBP1L,1,1
TRIM34,KCNAB2,1,1
TRIM34,RNF185,1,1
TRIM34,SERAC1,1,1
TRIM34,SLC16A6,1,1
TRIM34,TMEM98,1,1
TRIM34,USP54,1,1
DCTN1,GJA3,1,1
NDN,CYTH3,1,1
NDN,DPYD,1,1
NDN,IL12RB2,1,1
NDN,MED16,1,1
NDN,NKIRAS2,1,1
NDN,PARD3,1,1
NDN,PARVB,1,1
NDN,PLA1A,1,1
NDN,ROPN1B,1,1
NDN,TACC2,1,1
NDN,TAF6,1,1
SH3BGRL3,MTHFD2,1,1
SH3BGRL3,SAMD4B,1,1
ELP5,RP11-423H2.1,1,1
FBXL12,CYTH3,1,1
FBXL12,ECSIT,1,1
FBXL12,GADD45B,1,1
FBXL12,HADHB,1,1
FBXL12,NLGN1,1,1
FBXL12,SSH1,1,1
FBXL12,TMEM222,1,1
FBXL12,ZDHHC14,1,1
RABEP2,FN3K,1,1
RABEP2,GLYR1,1,1
RABEP2,HLA-DRB3,1,1
RABEP2,PACSIN3,1,1
RABEP2,RNF185,1,1
RABEP2,SMYD2,1,1
RABEP2,TMEM98,1,1
RABEP2,UBE2E1,1,1
RGS12,ACP5,1,1
RGS12,APCDD1,1,1
RGS12,BNC2,1,1
RGS12,BRD8,1,1
RGS12,C12ORF10,1,1
RGS12,CLCN2,1,1
RGS12,CLCN6,1,1
RGS12,CLN3,1,1
RGS12,CLN5,1,1
RGS12,CYBA,1,1
RGS12,EEF1A1P11,1,1
RGS12,EEF1A1P5,1,1
RGS12,EIF4EBP1,1,1
RGS12,EPG5,1,1
RGS12,FAM134C,1,1
RGS12,FYCO1,1,1
RGS12,GDAP1,1,1
RGS12,GYG2,1,1
RGS12,IFT88,1,1
RGS12,KIAA0930,1,1
RGS12,LSM 7.00,1,1
RGS12,MAPK12,1,1
RGS12,MTHFD2,1,1
RGS12,NAPA,1,1
RGS12,PARP14,1,1
RGS12,PPP4R1L,1,1
RGS12,PSMD14,1,1
RGS12,PTPN18,1,1
RGS12,QPRT,1,1
RGS12,RPL26L1,1,1
RGS12,RPS4Y1,1,1
RGS12,SNAI2,1,1
RGS12,TMEM140,1,1
RGS12,TPP1,1,1
RGS12,USF2,1,1
RGS12,ZFYVE26,1,1
RGS12,ZNF584,1,1
RP11-231C14.4,COMMD2,1,1
RP11-231C14.4,CUL5,1,1
RP11-231C14.4,FBXO17,1,1
RP11-231C14.4,MTRNR2L10,1,1
NAA50,CDC37,1,1
NAA50,CRCP,1,1
NAA50,DCTN3,1,1
NAA50,DROSHA,1,1
NAA50,GBA2,1,1
NAA50,NOP2,1,1
NAA50,ODC1,1,1
NAA50,PAPOLA,1,1
NAA50,PSMD14,1,1
NAA50,RP3-461F17.3,1,1
NAA50,RPGR,1,1
NAA50,TMEM159,1,1
NAA50,USP15,1,1
NAA50,ZNF614,1,1
PTTG1IP,AFF3,1,1
PTTG1IP,CHURC1,1,1
PTTG1IP,CLN3,1,1
PTTG1IP,EEF1A1P5,1,1
PTTG1IP,EPG5,1,1
PTTG1IP,FYCO1,1,1
PTTG1IP,GLTSCR1L,1,1
PTTG1IP,GLYR1,1,1
PTTG1IP,GRK5,1,1
PTTG1IP,KANSL3,1,1
PTTG1IP,KCNAB2,1,1
PTTG1IP,MAPK12,1,1
PTTG1IP,MYO9B,1,1
PTTG1IP,NCAPD2,1,1
PTTG1IP,OR2A9P,1,1
PTTG1IP,SLC16A6,1,1
PTTG1IP,UBN1,1,1
PTTG1IP,ZFYVE26,1,1
KIAA1161,PCDHGB5,1,1
PPM1B,AFF3,1,1
PPM1B,KANSL3,1,1
TMEM150A,ACTR6,1,1
TMEM150A,CLCN6,1,1
TMEM150A,KAZN,1,1
TMEM150A,RPL26L1,1,1
TMEM150A,SLC15A4,1,1
ALS2,GPR161,1,1
ALS2,TMEM55A,1,1
ALS2,UNC45A,1,1
CD46,ADCY2,1,1
CD46,CREB5,1,1
CD46,EPG5,1,1
CD46,KCNAB2,1,1
CD46,S100A6,1,1
CD46,SLC16A6,1,1
CD46,SLC7A8,1,1
CD46,TMEM47,1,1
SMDT1,DPYD,1,1
SMDT1,HACE1,1,1
SMDT1,PARVB,1,1
SMDT1,PNPLA8,1,1
SMDT1,ROPN1B,1,1
SMDT1,TACC2,1,1
SMDT1,TAF6,1,1
CHURC1,GLTSCR1L,1,1
CHURC1,GLYR1,1,1
CHURC1,MAPK12,1,1
CHURC1,RNF185,1,1
CHURC1,UBN1,1,1
CHURC1,USP54,1,1
C9ORF172,HLA-DRB3,1,1
C9ORF172,RPAP1,1,1
C9ORF172,S100A6,1,1
C9ORF172,SMYD2,1,1
C9ORF172,TMEM47,1,1
FN3K,ADCY2,1,1
FN3K,GPR161,1,1
FN3K,RNF185,1,1
FN3K,TMEM98,1,1
FN3K,UNC45A,1,1
DPYD,ADCY2,1,1
DPYD,COMT,1,1
DPYD,CROCC,1,1
DPYD,CYTH3,1,1
DPYD,EGFR,1,1
DPYD,GPR161,1,1
DPYD,HACE1,1,1
DPYD,IL12RB2,1,1
DPYD,MED16,1,1
DPYD,PANK4,1,1
DPYD,PARVB,1,1
DPYD,PNPLA8,1,1
DPYD,PODXL,1,1
DPYD,PRICKLE1,1,1
DPYD,ROPN1B,1,1
DPYD,RP11-566K11.2,1,1
DPYD,TACC2,1,1
DPYD,TAF6,1,1
DPYD,TMEM222,1,1
DPYD,TMEM55A,1,1
DPYD,UNC45A,1,1
MTRNR2L10,CH17-472G23.4,1,1
MTRNR2L10,CUL5,1,1
MTRNR2L10,FBXO17,1,1
SCAMP2,GLYR1,1,1
CNNM3,ACP5,1,1
CNNM3,ATP6V0C,1,1
CNNM3,ATP6V1H,1,1
CNNM3,C1ORF226,1,1
CNNM3,HACD4,1,1
CNNM3,IFNGR1,1,1
CNNM3,ILKAP,1,1
CNNM3,SNAI2,1,1
CNNM3,TBC1D14,1,1
CYTH3,CTXN1,1,1
CYTH3,ECSIT,1,1
CYTH3,GADD45B,1,1
CYTH3,HADHB,1,1
CYTH3,MED16,1,1
CYTH3,NLGN1,1,1
CYTH3,PARD3,1,1
CYTH3,PARVB,1,1
CYTH3,PNPLA8,1,1
CYTH3,ROPN1B,1,1
CYTH3,ST3GAL5,1,1
CYTH3,TACC2,1,1
CYTH3,TAF6,1,1
CYTH3,TMEM222,1,1
RPGR,AMMECR1,1,1
RPGR,CRCP,1,1
RPGR,EPG5,1,1
RPGR,KCNAB2,1,1
RPGR,LETM1,1,1
RPGR,ODC1,1,1
RPGR,PARP14,1,1
RPGR,RP3-461F17.3,1,1
RPGR,TPP1,1,1
DROSHA,COMT,1,1
DROSHA,MLLT1,1,1
DROSHA,ODC1,1,1
DROSHA,SF3A2,1,1
LZTS1,AMDHD2,1,1
LZTS1,CYSTM1,1,1
LZTS1,DPYSL3,1,1
LZTS1,GBA2,1,1
LZTS1,GJA3,1,1
LZTS1,KAZN,1,1
LZTS1,SLC15A4,1,1
LZTS1,TBC1D7,1,1
LZTS1,TESK1,1,1
CLCN3,AFF3,1,1
CLCN3,C12ORF10,1,1
CLCN3,EEF1A1P11,1,1
CLCN3,FNIP2,1,1
CLCN3,GYG2,1,1
CLCN3,HACD4,1,1
CLCN3,LSM 7.00,1,1
CLCN3,NAPA,1,1
CLCN3,PARP14,1,1
CLCN3,PCDHGB5,1,1
CLCN3,PTPN18,1,1
CLCN3,SLC16A6,1,1
CLCN3,SNAI2,1,1
CLCN3,USF2,1,1
CLCN3,ZNF584,1,1
CTXN1,ECSIT,1,1
CTXN1,GADD45B,1,1
CTXN1,KRT8,1,1
CTXN1,PCNX2,1,1
CTXN1,PPP1R16A,1,1
CRCP,AMMECR1,1,1
CRCP,GNG12,1,1
CRCP,LETM1,1,1
CRCP,NOP2,1,1
CRCP,ODC1,1,1
CRCP,PAPOLA,1,1
CRCP,POLDIP2,1,1
CRCP,PRMT6,1,1
CRCP,PSMD14,1,1
CRCP,RP3-461F17.3,1,1
CRCP,USP15,1,1
RNF185,SERAC1,1,1
DPYSL3,ACP5,1,1
DPYSL3,ADCY2,1,1
DPYSL3,AMDHD2,1,1
DPYSL3,AMMECR1,1,1
DPYSL3,ATP6V0C,1,1
DPYSL3,ATP6V1H,1,1
DPYSL3,CDC37,1,1
DPYSL3,CH17-472G23.4,1,1
DPYSL3,COMT,1,1
DPYSL3,DCTN3,1,1
DPYSL3,EEF1A1P8,1,1
DPYSL3,EPG5,1,1
DPYSL3,GBA2,1,1
DPYSL3,GDAP1,1,1
DPYSL3,IFNGR1,1,1
DPYSL3,KCNAB2,1,1
DPYSL3,PARP14,1,1
DPYSL3,PODXL,1,1
DPYSL3,PPP4R1L,1,1
DPYSL3,PSMD14,1,1
DPYSL3,RP11-566K11.2,1,1
DPYSL3,RP3-461F17.3,1,1
DPYSL3,RRAGD,1,1
DPYSL3,SF3A2,1,1
DPYSL3,SLC15A4,1,1
DPYSL3,SLC16A6,1,1
DPYSL3,SLC7A8,1,1
DPYSL3,SNAI2,1,1
DPYSL3,TMEM159,1,1
DPYSL3,TPP1,1,1
DPYSL3,USF2,1,1
RPAP1,HLA-DRB3,1,1
RPAP1,SMYD2,1,1
RPAP1,UBN1,1,1
NDUFA12,ECSIT,1,1
CPEB2,ACP5,1,1
CPEB2,APCDD1,1,1
CPEB2,BRD8,1,1
CPEB2,CASP4,1,1
CPEB2,CDC37,1,1
CPEB2,FAM134C,1,1
CPEB2,GDAP1,1,1
CPEB2,IFNGR1,1,1
CPEB2,KIAA0930,1,1
CPEB2,PPP4R1L,1,1
CPEB2,PSMD14,1,1
CPEB2,RPS4Y1,1,1
CPEB2,RWDD1,1,1
CPEB2,USF2,1,1
COMT,ADCY2,1,1
COMT,CCZ1,1,1
COMT,CH17-472G23.4,1,1
COMT,CROCC,1,1
COMT,DCTN3,1,1
COMT,EEF1A1P8,1,1
COMT,GBA2,1,1
COMT,IL12RB2,1,1
COMT,MED16,1,1
COMT,MYC,1,1
COMT,PODXL,1,1
COMT,PRICKLE1,1,1
COMT,RP11-566K11.2,1,1
COMT,TAF6,1,1
COMT,TMEM98,1,1
COMT,TNFRSF14,1,1
PIAS3,NKIRAS2,1,1
PIAS3,S100A6,1,1
PIAS3,TMEM47,1,1
KRT8,C1ORF226,1,1
KRT8,GADD45B,1,1
KRT8,PPP1R9A,1,1
DCTN3,AEBP2,1,1
DCTN3,PODXL,1,1
DCTN3,RP11-566K11.2,1,1
DCTN3,ST3GAL5,1,1
DCTN3,ZNF622,1,1
AFF3,BNC2,1,1
AFF3,EEF1A1P5,1,1
AFF3,EPG5,1,1
AFF3,FYCO1,1,1
AFF3,GRK5,1,1
AFF3,KANSL3,1,1
AFF3,KCNAB2,1,1
AFF3,MAPK12,1,1
AFF3,OR2A9P,1,1
AFF3,RP3-461F17.3,1,1
AFF3,SERAC1,1,1
AFF3,SLC16A6,1,1
AFF3,SLC7A8,1,1
AFF3,ZFYVE26,1,1
MRC2,HLA-DRB3,1,1
MRC2,S100A6,1,1
GLTSCR1L,GLYR1,1,1
GLTSCR1L,MAPK12,1,1
GLTSCR1L,NCAPD2,1,1
GLTSCR1L,USP54,1,1
AEBP2,PODXL,1,1
AEBP2,ZNF614,1,1
CUL5,COMMD2,1,1
CUL5,FBXO17,1,1
C1ORF226,ACP5,1,1
C1ORF226,ATP6V0C,1,1
C1ORF226,CYB561D1,1,1
C1ORF226,ECSIT,1,1
C1ORF226,GADD45B,1,1
C1ORF226,IFNGR1,1,1
C1ORF226,MYC,1,1
C1ORF226,ST3GAL5,1,1
C1ORF226,TBC1D14,1,1
TMEM159,ACP5,1,1
TMEM159,CDC37,1,1
TMEM159,FAM134C,1,1
TMEM159,FBXL7,1,1
TMEM159,HACD4,1,1
TMEM159,IFNGR1,1,1
TMEM159,ODC1,1,1
TMEM159,PARP14,1,1
TMEM159,PCDHGB5,1,1
TMEM159,PPP4R1L,1,1
TMEM159,PSMD14,1,1
TMEM159,PTPN18,1,1
TMEM159,RP3-461F17.3,1,1
TMEM159,SF3A2,1,1
TMEM159,SNAI2,1,1
TMEM159,USF2,1,1
SNAI2,ACP5,1,1
SNAI2,AMDHD2,1,1
SNAI2,ATP6V0C,1,1
SNAI2,BNC2,1,1
SNAI2,BRD8,1,1
SNAI2,C12ORF10,1,1
SNAI2,CDC37,1,1
SNAI2,CYB561D1,1,1
SNAI2,EEF1A1P11,1,1
SNAI2,EEF1A1P5,1,1
SNAI2,FAM134C,1,1
SNAI2,GDAP1,1,1
SNAI2,GOLGA7B,1,1
SNAI2,GYG2,1,1
SNAI2,HACD4,1,1
SNAI2,IFNGR1,1,1
SNAI2,ILKAP,1,1
SNAI2,KCNAB2,1,1
SNAI2,KIAA0930,1,1
SNAI2,LSM 7.00,1,1
SNAI2,NAPA,1,1
SNAI2,PARP14,1,1
SNAI2,PCDHGB5,1,1
SNAI2,PDXDC1,1,1
SNAI2,PPP4R1L,1,1
SNAI2,PSMD14,1,1
SNAI2,PTPN18,1,1
SNAI2,QPRT,1,1
SNAI2,RAD50,1,1
SNAI2,RPL26L1,1,1
SNAI2,RPS4Y1,1,1
SNAI2,RWDD1,1,1
SNAI2,SLC16A6,1,1
SNAI2,TMEM140,1,1
SNAI2,TPP1,1,1
SNAI2,USF2,1,1
SNAI2,ZNF584,1,1
EPG5,ACP5,1,1
EPG5,ADCY2,1,1
EPG5,AMDHD2,1,1
EPG5,AMMECR1,1,1
EPG5,BICD1,1,1
EPG5,CH17-472G23.4,1,1
EPG5,CLCN2,1,1
EPG5,CLCN6,1,1
EPG5,CLN3,1,1
EPG5,CREB5,1,1
EPG5,EEF1A1P11,1,1
EPG5,EEF1A1P5,1,1
EPG5,EEF1A1P8,1,1
EPG5,EIF4EBP1,1,1
EPG5,GBA2,1,1
EPG5,GYG2,1,1
EPG5,KCNAB2,1,1
EPG5,LSM 7.00,1,1
EPG5,MAPK12,1,1
EPG5,PARP14,1,1
EPG5,PCDHGB5,1,1
EPG5,PPP4R1L,1,1
EPG5,PTPN18,1,1
EPG5,QPRT,1,1
EPG5,RP11-566K11.2,1,1
EPG5,RP3-461F17.3,1,1
EPG5,SLC16A6,1,1
EPG5,SLC7A8,1,1
EPG5,TMEM98,1,1
EPG5,TPP1,1,1
EPG5,USP54,1,1
USP54,HLA-DRB3,1,1
USP54,MAPK12,1,1
USP54,TRIM21,1,1
USP54,UBN1,1,1
RAVER1,NOP2,1,1
RAVER1,ODC1,1,1
PACSIN3,DDB2,1,1
PACSIN3,FAM96A,1,1
PACSIN3,UBE2E1,1,1
TMEM140,ACP5,1,1
TMEM140,ACTR6,1,1
TMEM140,AMDHD2,1,1
TMEM140,AMMECR1,1,1
TMEM140,APCDD1,1,1
TMEM140,BNC2,1,1
TMEM140,BRD8,1,1
TMEM140,CDC37,1,1
TMEM140,CLCN2,1,1
TMEM140,CLCN6,1,1
TMEM140,CLN3,1,1
TMEM140,CLN5,1,1
TMEM140,EEF1A1P11,1,1
TMEM140,EEF1A1P5,1,1
TMEM140,EIF4EBP1,1,1
TMEM140,FAM134C,1,1
TMEM140,FYCO1,1,1
TMEM140,GDAP1,1,1
TMEM140,GYG2,1,1
TMEM140,KAZN,1,1
TMEM140,KCNAB2,1,1
TMEM140,KIAA0930,1,1
TMEM140,LSM 7.00,1,1
TMEM140,MAPK12,1,1
TMEM140,MTHFD2,1,1
TMEM140,NAPA,1,1
TMEM140,PARP14,1,1
TMEM140,PPP4R1L,1,1
TMEM140,PSMD14,1,1
TMEM140,QPRT,1,1
TMEM140,RPL26L1,1,1
TMEM140,RPS4Y1,1,1
TMEM140,TBC1D7,1,1
TMEM140,TPP1,1,1
TMEM140,USF2,1,1
TMEM140,USP15,1,1
TMEM140,ZFYVE26,1,1
TMEM140,ZNF584,1,1
EEF1A1P8,ACP5,1,1
EEF1A1P8,AMDHD2,1,1
EEF1A1P8,BICD1,1,1
EEF1A1P8,CH17-472G23.4,1,1
EEF1A1P8,CLCN6,1,1
EEF1A1P8,CLN3,1,1
EEF1A1P8,EEF1A1P11,1,1
EEF1A1P8,GBA2,1,1
EEF1A1P8,KCNAB2,1,1
EEF1A1P8,MYC,1,1
EEF1A1P8,PARP14,1,1
EEF1A1P8,PPP4R1L,1,1
EEF1A1P8,QPRT,1,1
EEF1A1P8,RP11-566K11.2,1,1
EEF1A1P8,TNFRSF14,1,1
EEF1A1P8,TPP1,1,1
ZNF584,CDC37,1,1
ZNF584,CLCN2,1,1
ZNF584,CLN5,1,1
ZNF584,EEF1A1P11,1,1
ZNF584,GYG2,1,1
ZNF584,LSM 7.00,1,1
ZNF584,MAPK12,1,1
ZNF584,PARP14,1,1
ZNF584,PPP4R1L,1,1
ZNF584,QPRT,1,1
ZNF584,RP3-461F17.3,1,1
ECSIT,AP5Z1,1,1
ECSIT,ATP9B,1,1
ECSIT,GADD45B,1,1
ECSIT,NLGN1,1,1
ECSIT,TBC1D14,1,1
TAF6,EGFR,1,1
TAF6,HACE1,1,1
TAF6,IL12RB2,1,1
TAF6,MED16,1,1
TAF6,PANK4,1,1
TAF6,PARVB,1,1
TAF6,PNPLA8,1,1
TAF6,ROPN1B,1,1
TAF6,TACC2,1,1
TAF6,TMEM222,1,1
TAF6,TMEM55A,1,1
USP15,ACTR6,1,1
USP15,AMMECR1,1,1
USP15,CDC37,1,1
USP15,CLCN6,1,1
USP15,FAM134C,1,1
USP15,GDAP1,1,1
USP15,GNG12,1,1
USP15,NOP2,1,1
USP15,ODC1,1,1
USP15,PAPOLA,1,1
USP15,PPP4R1L,1,1
USP15,PRMT6,1,1
USP15,PSMD14,1,1
USP15,RP3-461F17.3,1,1
USP15,RPL26L1,1,1
GPR161,ADCY2,1,1
GPR161,EGFR,1,1
GPR161,HACE1,1,1
GPR161,HOXB7,1,1
GPR161,MED16,1,1
GPR161,PNPLA8,1,1
GPR161,PRICKLE1,1,1
GPR161,RP11-423H2.1,1,1
GPR161,TMEM55A,1,1
NOP2,FBXL7,1,1
NOP2,ODC1,1,1
NOP2,PSMD14,1,1
NOP2,RP3-461F17.3,1,1
AP5Z1,GADD45B,1,1
AP5Z1,NLGN1,1,1
AP5Z1,PANK4,1,1
AP5Z1,TMEM222,1,1
AP5Z1,ZDHHC14,1,1
ODC1,LETM1,1,1
ODC1,PSMD14,1,1
ODC1,RP3-461F17.3,1,1
RP11-566K11.2,ACP5,1,1
RP11-566K11.2,ADCY2,1,1
RP11-566K11.2,CCZ1,1,1
RP11-566K11.2,CH17-472G23.4,1,1
RP11-566K11.2,CROCC,1,1
RP11-566K11.2,GBA2,1,1
RP11-566K11.2,IL12RB2,1,1
RP11-566K11.2,KCNAB2,1,1
RP11-566K11.2,MED16,1,1
RP11-566K11.2,MYC,1,1
RP11-566K11.2,PODXL,1,1
RP11-566K11.2,PRICKLE1,1,1
RP11-566K11.2,ST3GAL5,1,1
RP11-566K11.2,TMEM47,1,1
RP11-566K11.2,TMEM98,1,1
RP11-566K11.2,TNFRSF14,1,1
RP11-566K11.2,TPP1,1,1
MSRB3,NKIRAS2,1,1
MSRB3,PLA1A,1,1
CH17-472G23.4,AMDHD2,1,1
CH17-472G23.4,CCZ1,1,1
CH17-472G23.4,CLCN6,1,1
CH17-472G23.4,CLN3,1,1
CH17-472G23.4,CROCC,1,1
CH17-472G23.4,FBXO17,1,1
CH17-472G23.4,GBA2,1,1
CH17-472G23.4,GDAP1,1,1
CH17-472G23.4,SLC15A4,1,1
CH17-472G23.4,TNFRSF14,1,1
CH17-472G23.4,TPP1,1,1
TMEM251,ATP6V1H,1,1
TMEM251,FNBP1L,1,1
TMEM251,PHF20L1,1,1
TMEM251,ZADH2,1,1
CNST,AMMECR1,1,1
CNST,CLCN2,1,1
CNST,EEF1A1P11,1,1
CNST,EIF4EBP1,1,1
CNST,GYG2,1,1
CNST,MAPK12,1,1
CNST,MTHFD2,1,1
CNST,PTPN18,1,1
CNST,QPRT,1,1
KANSL3,FYCO1,1,1
KANSL3,ZFYVE26,1,1
TNFRSF14,ADCY2,1,1
TNFRSF14,CCZ1,1,1
TNFRSF14,CROCC,1,1
TNFRSF14,GBA2,1,1
IL12RB2,ADCY2,1,1
IL12RB2,MED16,1,1
IL12RB2,NKIRAS2,1,1
IL12RB2,ROPN1B,1,1
IL12RB2,SMYD2,1,1
IL12RB2,TMEM47,1,1
IL12RB2,TMEM98,1,1
POLDIP2,GNG12,1,1
LPCAT2,PANK4,1,1
LPCAT2,RBM18,1,1
PSMD14,ACP5,1,1
PSMD14,ACTR6,1,1
PSMD14,AMDHD2,1,1
PSMD14,AMMECR1,1,1
PSMD14,BNC2,1,1
PSMD14,CDC37,1,1
PSMD14,CLCN6,1,1
PSMD14,FAM134C,1,1
PSMD14,GDAP1,1,1
PSMD14,GNG12,1,1
PSMD14,GYG2,1,1
PSMD14,KIAA0930,1,1
PSMD14,PAPOLA,1,1
PSMD14,PARP14,1,1
PSMD14,PPP4R1L,1,1
PSMD14,PRMT6,1,1
PSMD14,QPRT,1,1
PSMD14,RP3-461F17.3,1,1
PSMD14,RPL26L1,1,1
PSMD14,TBC1D7,1,1
PSMD14,TPP1,1,1
PSMD14,USF2,1,1
ADCY2,CROCC,1,1
ADCY2,GBA2,1,1
ADCY2,KCNAB2,1,1
ADCY2,MED16,1,1
ADCY2,PODXL,1,1
ADCY2,PRICKLE1,1,1
ADCY2,TMEM47,1,1
ADCY2,TMEM98,1,1
ADCY2,UNC45A,1,1
PAPOLA,CLCN6,1,1
PAPOLA,FAM134C,1,1
PAPOLA,GNG12,1,1
PAPOLA,PAIP1,1,1
PAPOLA,PPP4R1L,1,1
PAPOLA,PRMT6,1,1
PAPOLA,RP3-461F17.3,1,1
LETM1,RP3-461F17.3,1,1
NAPA,ACP5,1,1
NAPA,ATP6V0C,1,1
NAPA,BNC2,1,1
NAPA,BRD8,1,1
NAPA,C12ORF10,1,1
NAPA,CDC37,1,1
NAPA,EEF1A1P11,1,1
NAPA,EEF1A1P5,1,1
NAPA,FAM134C,1,1
NAPA,FYCO1,1,1
NAPA,GYG2,1,1
NAPA,HACD4,1,1
NAPA,IFNGR1,1,1
NAPA,ILKAP,1,1
NAPA,KAZN,1,1
NAPA,KCNAB2,1,1
NAPA,PDXDC1,1,1
NAPA,PTPN18,1,1
NAPA,QPRT,1,1
NAPA,RAD50,1,1
NAPA,RPL26L1,1,1
NAPA,TBC1D7,1,1
NAPA,USF2,1,1
NAPA,ZFYVE26,1,1
AMMECR1,AMDHD2,1,1
AMMECR1,CLCN2,1,1
AMMECR1,CLCN6,1,1
AMMECR1,CLN3,1,1
AMMECR1,EIF4EBP1,1,1
AMMECR1,GNG12,1,1
AMMECR1,KCNAB2,1,1
AMMECR1,PARP14,1,1
AMMECR1,PODXL,1,1
AMMECR1,PPP4R1L,1,1
AMMECR1,QPRT,1,1
AMMECR1,RP3-461F17.3,1,1
AMMECR1,TPP1,1,1
AMMECR1,ZNF622,1,1
PCDHGB5,ACP5,1,1
PCDHGB5,EEF1A1P11,1,1
PCDHGB5,GYG2,1,1
PCDHGB5,HACD4,1,1
PCDHGB5,IFNGR1,1,1
PCDHGB5,KCNAB2,1,1
PCDHGB5,PARP14,1,1
PCDHGB5,PPP4R1L,1,1
PCDHGB5,PTPN18,1,1
PCDHGB5,QPRT,1,1
PCDHGB5,SLC16A6,1,1
PCDHGB5,ZADH2,1,1
BNC2,ACTR6,1,1
BNC2,AMDHD2,1,1
BNC2,ATP6V0C,1,1
BNC2,BRD8,1,1
BNC2,C12ORF10,1,1
BNC2,CDC37,1,1
BNC2,CLN3,1,1
BNC2,EEF1A1P11,1,1
BNC2,EEF1A1P5,1,1
BNC2,EIF4EBP1,1,1
BNC2,FAM134C,1,1
BNC2,FYCO1,1,1
BNC2,GYG2,1,1
BNC2,ILKAP,1,1
BNC2,KAZN,1,1
BNC2,LSM 7.00,1,1
BNC2,MTHFD2,1,1
BNC2,PPP4R1L,1,1
BNC2,QPRT,1,1
BNC2,RPL26L1,1,1
BNC2,TBC1D7,1,1
BNC2,TPP1,1,1
BNC2,USF2,1,1
BNC2,ZFYVE26,1,1
ZADH2,ATP6V1H,1,1
ZADH2,FNBP1L,1,1
ZADH2,SLC16A6,1,1
ZADH2,SLC7A8,1,1
SERAC1,SLC16A6,1,1
TMEM55A,EGFR,1,1
TMEM55A,HACE1,1,1
TMEM55A,PANK4,1,1
TMEM55A,PNPLA8,1,1
TMEM55A,PODXL,1,1
TMEM55A,RRAGD,1,1
TMEM55A,UNC45A,1,1
BICD1,ACP5,1,1
BICD1,APCDD1,1,1
BICD1,EEF1A1P11,1,1
BICD1,GYG2,1,1
BICD1,KIAA0930,1,1
BICD1,QPRT,1,1
CBX7,GBA2,1,1
CBX7,OR2A9P,1,1
SSH1,EGFR,1,1
SSH1,HOXB7,1,1
SSH1,NLGN1,1,1
SSH1,PANK4,1,1
SSH1,RP11-423H2.1,1,1
CYB561D1,ATP6V0C,1,1
CYB561D1,KAZN,1,1
CYB561D1,RAD50,1,1
CYB561D1,STRIP1,1,1
CYB561D1,TBC1D14,1,1
CYB561D1,TESK1,1,1
CYB561D1,USF2,1,1
TMEM98,CREB5,1,1
TMEM98,HLA-DRB3,1,1
TMEM98,KCNAB2,1,1
TMEM98,SMYD2,1,1
TMEM98,TMEM47,1,1
RAD50,ATP6V0C,1,1
RAD50,CDC37,1,1
RAD50,FAM134C,1,1
RAD50,HACD4,1,1
RAD50,IFNGR1,1,1
RAD50,ILKAP,1,1
RAD50,PDXDC1,1,1
RAD50,TBC1D7,1,1
RAD50,USF2,1,1
CLN5,APCDD1,1,1
CLN5,C12ORF10,1,1
CLN5,CLCN2,1,1
CLN5,CYBA,1,1
CLN5,EEF1A1P11,1,1
CLN5,EEF1A1P5,1,1
CLN5,EIF4EBP1,1,1
CLN5,GOLGA7B,1,1
CLN5,GYG2,1,1
CLN5,IFT88,1,1
CLN5,LSM 7.00,1,1
CLN5,MAPK12,1,1
CLN5,PARP14,1,1
CLN5,PPP4R1L,1,1
CLN5,QPRT,1,1
CLN5,RPL26L1,1,1
CLN5,RPS4Y1,1,1
CLN5,TRIM21,1,1
GDAP1,ACP5,1,1
GDAP1,ACTR6,1,1
GDAP1,AMDHD2,1,1
GDAP1,APCDD1,1,1
GDAP1,ATP6V0C,1,1
GDAP1,BRD8,1,1
GDAP1,CDC37,1,1
GDAP1,CLCN6,1,1
GDAP1,EEF1A1P11,1,1
GDAP1,FAM134C,1,1
GDAP1,FBXO21,1,1
GDAP1,GYG2,1,1
GDAP1,IFNGR1,1,1
GDAP1,KAZN,1,1
GDAP1,KIAA0930,1,1
GDAP1,PARP14,1,1
GDAP1,PPP4R1L,1,1
GDAP1,PRMT6,1,1
GDAP1,QPRT,1,1
GDAP1,RPL26L1,1,1
GDAP1,RPS4Y1,1,1
GDAP1,RWDD1,1,1
GDAP1,SLC15A4,1,1
GDAP1,TBC1D7,1,1
GDAP1,TPP1,1,1
GDAP1,USF2,1,1
TRIM21,CLCN2,1,1
TRIM21,CYBA,1,1
TRIM21,EEF1A1P11,1,1
TRIM21,EIF4EBP1,1,1
TRIM21,GYG2,1,1
TRIM21,MAPK12,1,1
TRIM21,PARP14,1,1
TRIM21,PTPN18,1,1
UNC45A,PODXL,1,1
UNC45A,VPS52,1,1
UNC45A,ZNF614,1,1
KAZN,ACTR6,1,1
KAZN,AMDHD2,1,1
KAZN,ATP6V0C,1,1
KAZN,BRD8,1,1
KAZN,FAM134C,1,1
KAZN,KIAA0930,1,1
KAZN,QPRT,1,1
KAZN,RPL26L1,1,1
KAZN,SLC15A4,1,1
KAZN,TBC1D7,1,1
KAZN,TESK1,1,1
KAZN,USF2,1,1
EEF1A1P5,AMDHD2,1,1
EEF1A1P5,C12ORF10,1,1
EEF1A1P5,CASC3,1,1
EEF1A1P5,CLCN2,1,1
EEF1A1P5,CLN3,1,1
EEF1A1P5,EEF1A1P11,1,1
EEF1A1P5,EIF4EBP1,1,1
EEF1A1P5,FYCO1,1,1
EEF1A1P5,GLYR1,1,1
EEF1A1P5,GYG2,1,1
EEF1A1P5,KCNAB2,1,1
EEF1A1P5,LSM 7.00,1,1
EEF1A1P5,MAPK12,1,1
EEF1A1P5,MTHFD2,1,1
EEF1A1P5,PARP14,1,1
EEF1A1P5,QPRT,1,1
EEF1A1P5,RPL26L1,1,1
EEF1A1P5,SLC16A6,1,1
EEF1A1P5,TPP1,1,1
EEF1A1P5,ZFYVE26,1,1
HLA-DRB3,CREB5,1,1
HLA-DRB3,GLYR1,1,1
HLA-DRB3,S100A6,1,1
HLA-DRB3,SMYD2,1,1
HLA-DRB3,TMEM47,1,1
HLA-DRB3,UBE2E1,1,1
HLA-DRB3,UBN1,1,1
ACP5,AMDHD2,1,1
ACP5,APCDD1,1,1
ACP5,ATP6V0C,1,1
ACP5,BRD8,1,1
ACP5,C12ORF10,1,1
ACP5,CDC37,1,1
ACP5,CLCN6,1,1
ACP5,CLN3,1,1
ACP5,EEF1A1P11,1,1
ACP5,FAM134C,1,1
ACP5,GBA2,1,1
ACP5,GYG2,1,1
ACP5,HACD4,1,1
ACP5,IFNGR1,1,1
ACP5,IFT88,1,1
ACP5,KCNAB2,1,1
ACP5,KIAA0930,1,1
ACP5,LSM 7.00,1,1
ACP5,MYC,1,1
ACP5,PARP14,1,1
ACP5,PPP4R1L,1,1
ACP5,PTPN18,1,1
ACP5,QPRT,1,1
ACP5,RPL26L1,1,1
ACP5,RPS4Y1,1,1
ACP5,RWDD1,1,1
ACP5,SF3A2,1,1
ACP5,SLC16A6,1,1
ACP5,ST3GAL5,1,1
ACP5,TPP1,1,1
ACP5,USF2,1,1
RRAGD,ATP6V1H,1,1
RRAGD,EGFR,1,1
RRAGD,GJA3,1,1
RRAGD,PIEZO1,1,1
RRAGD,SLC16A6,1,1
RRAGD,SLC7A8,1,1
RRAGD,TBC1D14,1,1
RRAGD,TMTC1,1,1
EEF1A1P11,APCDD1,1,1
EEF1A1P11,ATP6V0C,1,1
EEF1A1P11,BRD8,1,1
EEF1A1P11,C12ORF10,1,1
EEF1A1P11,CDC37,1,1
EEF1A1P11,CLCN2,1,1
EEF1A1P11,CLCN6,1,1
EEF1A1P11,CLN3,1,1
EEF1A1P11,CYBA,1,1
EEF1A1P11,EIF4EBP1,1,1
EEF1A1P11,FAM134C,1,1
EEF1A1P11,GOLGA7B,1,1
EEF1A1P11,GYG2,1,1
EEF1A1P11,HACD4,1,1
EEF1A1P11,IFNGR1,1,1
EEF1A1P11,IFT88,1,1
EEF1A1P11,KCNAB2,1,1
EEF1A1P11,KIAA0930,1,1
EEF1A1P11,LSM 7.00,1,1
EEF1A1P11,MAPK12,1,1
EEF1A1P11,MTHFD2,1,1
EEF1A1P11,PARP14,1,1
EEF1A1P11,PPP4R1L,1,1
EEF1A1P11,PTPN18,1,1
EEF1A1P11,QPRT,1,1
EEF1A1P11,RNF217,1,1
EEF1A1P11,RPL26L1,1,1
EEF1A1P11,RPS4Y1,1,1
EEF1A1P11,TPP1,1,1
EEF1A1P11,USF2,1,1
ACTR6,AMDHD2,1,1
ACTR6,CLCN6,1,1
ACTR6,CLN3,1,1
ACTR6,FAM134C,1,1
ACTR6,PPP4R1L,1,1
ACTR6,RPL26L1,1,1
ACTR6,SLC15A4,1,1
ACTR6,TBC1D7,1,1
ACTR6,TPP1,1,1
ACTR6,USF2,1,1
GRK5,MYO9B,1,1
GRK5,OR2A9P,1,1
PODXL,CCZ1,1,1
PODXL,EGFR,1,1
PODXL,GBA2,1,1
PODXL,ZNF614,1,1
PODXL,ZNF622,1,1
PARP14,APCDD1,1,1
PARP14,CDC37,1,1
PARP14,CLCN2,1,1
PARP14,CLCN6,1,1
PARP14,CLN3,1,1
PARP14,CYBA,1,1
PARP14,EIF4EBP1,1,1
PARP14,FAM134C,1,1
PARP14,GYG2,1,1
PARP14,IFT88,1,1
PARP14,KCNAB2,1,1
PARP14,LSM 7.00,1,1
PARP14,MAPK12,1,1
PARP14,PPP4R1L,1,1
PARP14,PTPN18,1,1
PARP14,QPRT,1,1
PARP14,RP3-461F17.3,1,1
PARP14,RPL26L1,1,1
PARP14,RPS4Y1,1,1
PARP14,TPP1,1,1
TPP1,AMDHD2,1,1
TPP1,APCDD1,1,1
TPP1,CDC37,1,1
TPP1,CLCN6,1,1
TPP1,CLN3,1,1
TPP1,EIF4EBP1,1,1
TPP1,FAM134C,1,1
TPP1,GBA2,1,1
TPP1,GYG2,1,1
TPP1,IFT88,1,1
TPP1,KCNAB2,1,1
TPP1,KIAA0930,1,1
TPP1,LSM 7.00,1,1
TPP1,PPP4R1L,1,1
TPP1,PTPN18,1,1
TPP1,QPRT,1,1
TPP1,RP3-461F17.3,1,1
TPP1,RPL26L1,1,1
TPP1,SLC15A4,1,1
TPP1,USF2,1,1
USF2,AMDHD2,1,1
USF2,ATP6V0C,1,1
USF2,BRD8,1,1
USF2,CDC37,1,1
USF2,FAM134C,1,1
USF2,GYG2,1,1
USF2,HACD4,1,1
USF2,IFNGR1,1,1
USF2,ILKAP,1,1
USF2,KIAA0930,1,1
USF2,LSM 7.00,1,1
USF2,PDXDC1,1,1
USF2,PPP4R1L,1,1
USF2,QPRT,1,1
USF2,RPL26L1,1,1
USF2,RWDD1,1,1
USF2,TBC1D7,1,1
USF2,TESK1,1,1
ATP6V1H,GJA3,1,1
ATP6V1H,HADHB,1,1
ATP6V1H,KCNAB2,1,1
ATP6V1H,SLC16A6,1,1
ATP6V1H,SLC7A8,1,1
ATP6V1H,TBC1D14,1,1
ATP6V1H,TMTC1,1,1
PARVB,HACE1,1,1
PARVB,HADHB,1,1
PARVB,MED16,1,1
PARVB,PNPLA8,1,1
PARVB,ROPN1B,1,1
PARVB,TACC2,1,1
PARVB,TMEM222,1,1
CDC37,AMDHD2,1,1
CDC37,ATP6V0C,1,1
CDC37,BRD8,1,1
CDC37,CLCN6,1,1
CDC37,FAM134C,1,1
CDC37,GYG2,1,1
CDC37,HACD4,1,1
CDC37,IFNGR1,1,1
CDC37,KCNAB2,1,1
CDC37,KIAA0930,1,1
CDC37,LSM 7.00,1,1
CDC37,PDXDC1,1,1
CDC37,PPP4R1L,1,1
CDC37,PTPN18,1,1
CDC37,QPRT,1,1
CDC37,RP3-461F17.3,1,1
CDC37,RPL26L1,1,1
CDC37,SF3A2,1,1
CDC37,TBC1D7,1,1
CASC3,ILKAP,1,1
CASC3,STRIP1,1,1
CASC3,ZFYVE26,1,1
IFNGR1,APCDD1,1,1
IFNGR1,ATP6V0C,1,1
IFNGR1,FAM134C,1,1
IFNGR1,GYG2,1,1
IFNGR1,HACD4,1,1
IFNGR1,IFT88,1,1
IFNGR1,KIAA0930,1,1
IFNGR1,MYC,1,1
IFNGR1,PDXDC1,1,1
IFNGR1,PPP4R1L,1,1
IFNGR1,QPRT,1,1
IFNGR1,RWDD1,1,1
IFNGR1,SF3A2,1,1
IFNGR1,ST3GAL5,1,1
GYG2,APCDD1,1,1
GYG2,ATP6V0C,1,1
GYG2,BRD8,1,1
GYG2,C12ORF10,1,1
GYG2,CLCN2,1,1
GYG2,CLCN6,1,1
GYG2,CLN3,1,1
GYG2,CYBA,1,1
GYG2,EIF4EBP1,1,1
GYG2,FAM134C,1,1
GYG2,FYCO1,1,1
GYG2,GOLGA7B,1,1
GYG2,HACD4,1,1
GYG2,IFT88,1,1
GYG2,KCNAB2,1,1
GYG2,KIAA0930,1,1
GYG2,LSM 7.00,1,1
GYG2,MAPK12,1,1
GYG2,MTHFD2,1,1
GYG2,PPP4R1L,1,1
GYG2,PTPN18,1,1
GYG2,QPRT,1,1
GYG2,RPL26L1,1,1
GYG2,RPS4Y1,1,1
GYG2,ZFYVE26,1,1
TBC1D7,AMDHD2,1,1
TBC1D7,ATP6V0C,1,1
TBC1D7,BRD8,1,1
TBC1D7,FAM134C,1,1
TBC1D7,SLC15A4,1,1
TBC1D7,TESK1,1,1
TBC1D7,ZFYVE26,1,1
PTPN18,C12ORF10,1,1
PTPN18,CLCN2,1,1
PTPN18,EIF4EBP1,1,1
PTPN18,GOLGA7B,1,1
PTPN18,HACD4,1,1
PTPN18,PPP4R1L,1,1
PTPN18,QPRT,1,1
PTPN18,RNF217,1,1
PTPN18,RP3-461F17.3,1,1
PTPN18,RPS4Y1,1,1
NCAPD2,CLN3,1,1
PDE8A,GJA3,1,1
C12ORF10,EIF4EBP1,1,1
C12ORF10,GOLGA7B,1,1
C12ORF10,HACD4,1,1
C12ORF10,ILKAP,1,1
C12ORF10,LSM 7.00,1,1
C12ORF10,QPRT,1,1
C12ORF10,RPS4Y1,1,1
SREBF2,CYBA,1,1
AMDHD2,ATP6V0C,1,1
AMDHD2,BRD8,1,1
AMDHD2,CLCN6,1,1
AMDHD2,CLN3,1,1
AMDHD2,FAM134C,1,1
AMDHD2,GBA2,1,1
AMDHD2,KCNAB2,1,1
AMDHD2,KIAA0930,1,1
AMDHD2,MYO9B,1,1
AMDHD2,PPP4R1L,1,1
AMDHD2,QPRT,1,1
AMDHD2,SLC15A4,1,1
AMDHD2,TESK1,1,1
QPRT,APCDD1,1,1
QPRT,ATP6V0C,1,1
QPRT,BRD8,1,1
QPRT,CLCN2,1,1
QPRT,CLCN6,1,1
QPRT,CLN3,1,1
QPRT,CYBA,1,1
QPRT,EIF4EBP1,1,1
QPRT,FAM134C,1,1
QPRT,FYCO1,1,1
QPRT,IFT88,1,1
QPRT,KCNAB2,1,1
QPRT,KIAA0930,1,1
QPRT,LSM 7.00,1,1
QPRT,MAPK12,1,1
QPRT,MTHFD2,1,1
QPRT,PPP4R1L,1,1
QPRT,RPL26L1,1,1
QPRT,RPS4Y1,1,1
QPRT,ZFYVE26,1,1
TBC1D14,ATP6V0C,1,1
TBC1D14,GADD45B,1,1
TBC1D14,GJA3,1,1
TBC1D14,TMTC1,1,1
PRICKLE1,CROCC,1,1
PRICKLE1,GBA2,1,1
PRICKLE1,MED16,1,1
FYCO1,CLN3,1,1
FYCO1,EIF4EBP1,1,1
FYCO1,LSM 7.00,1,1
FYCO1,MAPK12,1,1
FYCO1,ZFYVE26,1,1
CASP4,GOLGA7B,1,1
CASP4,IFT88,1,1
CASP4,KIAA0930,1,1
CASP4,PPP4R1L,1,1
CASP4,RPS4Y1,1,1
CASP4,RWDD1,1,1
CREB5,F2R,1,1
CREB5,KCNAB2,1,1
CREB5,MAPK12,1,1
CREB5,SMYD2,1,1
CREB5,TMEM47,1,1
S100A6,SMYD2,1,1
S100A6,TMEM47,1,1
CROCC,CCZ1,1,1
CROCC,GBA2,1,1
CROCC,HACE1,1,1
CROCC,MED16,1,1
CROCC,PANK4,1,1
APCDD1,BRD8,1,1
APCDD1,CLCN6,1,1
APCDD1,EIF4EBP1,1,1
APCDD1,FAM134C,1,1
APCDD1,FBXO21,1,1
APCDD1,IFT88,1,1
APCDD1,KIAA0930,1,1
APCDD1,PPP4R1L,1,1
APCDD1,RPL26L1,1,1
APCDD1,RPS4Y1,1,1
APCDD1,RWDD1,1,1
RPS4Y1,BRD8,1,1
RPS4Y1,CLCN2,1,1
RPS4Y1,CLCN6,1,1
RPS4Y1,CYBA,1,1
RPS4Y1,EIF4EBP1,1,1
RPS4Y1,FAM134C,1,1
RPS4Y1,GOLGA7B,1,1
RPS4Y1,IFT88,1,1
RPS4Y1,KIAA0930,1,1
RPS4Y1,MTHFD2,1,1
RPS4Y1,PPP4R1L,1,1
RPS4Y1,RPL26L1,1,1
TACC2,HACE1,1,1
TACC2,MED16,1,1
TACC2,PARD3,1,1
TACC2,PNPLA8,1,1
TACC2,ROPN1B,1,1
TACC2,TMEM222,1,1
MTHFD2,CLCN2,1,1
MTHFD2,EIF4EBP1,1,1
TMEM222,HACE1,1,1
TMEM222,NLGN1,1,1
TMEM222,PANK4,1,1
TMEM222,ROPN1B,1,1
TMEM222,ZDHHC14,1,1
TMTC1,EGFR,1,1
TMTC1,HADHB,1,1
TMEM47,KCNAB2,1,1
TMEM47,SMYD2,1,1
GADD45B,NLGN1,1,1
GNG12,PRMT6,1,1
EGFR,HADHB,1,1
EGFR,PANK4,1,1
EGFR,PNPLA8,1,1
FBXO17,CCZ1,1,1
FBXO17,CLCN6,1,1
NKIRAS2,PPP1R16A,1,1
NKIRAS2,ROPN1B,1,1
ZNF622,CCZ1,1,1
ZNF622,RP3-461F17.3,1,1
GLYR1,CLN3,1,1
GLYR1,MAPK12,1,1
GLYR1,UBN1,1,1
MYO9B,CLN3,1,1
MYO9B,GBA2,1,1
MYO9B,OR2A9P,1,1
MYO9B,SLC15A4,1,1
MYO9B,STRIP1,1,1
MYO9B,TESK1,1,1
MYO9B,ZFYVE26,1,1
EIF4EBP1,BRD8,1,1
EIF4EBP1,CLCN2,1,1
EIF4EBP1,CLCN6,1,1
EIF4EBP1,CLN3,1,1
EIF4EBP1,CYBA,1,1
EIF4EBP1,KCNAB2,1,1
EIF4EBP1,LSM 7.00,1,1
EIF4EBP1,MAPK12,1,1
EIF4EBP1,PPP4R1L,1,1
EIF4EBP1,RNF217,1,1
EIF4EBP1,RP3-461F17.3,1,1
HOXB7,RP11-423H2.1,1,1
PARD3,PCNX2,1,1
FAM134C,ATP6V0C,1,1
FAM134C,BRD8,1,1
FAM134C,CLCN6,1,1
FAM134C,HACD4,1,1
FAM134C,KIAA0930,1,1
FAM134C,PPP4R1L,1,1
FAM134C,PRMT6,1,1
FAM134C,RP3-461F17.3,1,1
FAM134C,RPL26L1,1,1
GBA2,CLN3,1,1
GBA2,KCNAB2,1,1
GBA2,OR2A9P,1,1
GBA2,SLC15A4,1,1
PIEZO1,EXOC4,1,1
PIEZO1,GJA3,1,1
PNPLA8,HACE1,1,1
PNPLA8,HADHB,1,1
PNPLA8,MED16,1,1
PNPLA8,ROPN1B,1,1
PANK4,HACE1,1,1
KIAA0930,ATP6V0C,1,1
KIAA0930,BRD8,1,1
KIAA0930,CLCN6,1,1
KIAA0930,IFT88,1,1
KIAA0930,PPP4R1L,1,1
KIAA0930,RPL26L1,1,1
KIAA0930,RWDD1,1,1
ZFYVE26,CLN3,1,1
ZFYVE26,ILKAP,1,1
ZFYVE26,LSM 7.00,1,1
ZFYVE26,STRIP1,1,1
ST3GAL5,MYC,1,1
ST3GAL5,SF3A2,1,1
HACE1,MED16,1,1
HACE1,ROPN1B,1,1
HACE1,RP11-423H2.1,1,1
OR2A9P,CLN3,1,1
OR2A9P,SLC15A4,1,1
DDB2,FAM96A,1,1
DDB2,NIT2,1,1
GOLGA7B,HACD4,1,1
GOLGA7B,IFT88,1,1
EXOC4,GJA3,1,1
IFT88,PPP4R1L,1,1
SLC7A8,GJA3,1,1
SLC7A8,KCNAB2,1,1
SLC7A8,SLC16A6,1,1
PDXDC1,ATP6V0C,1,1
PDXDC1,HACD4,1,1
PDXDC1,RWDD1,1,1
NLGN1,ZDHHC14,1,1
SLC15A4,CLCN6,1,1
SLC15A4,CLN3,1,1
SLC15A4,STRIP1,1,1
SLC15A4,TESK1,1,1
GJA3,SLC16A6,1,1
UBN1,MAPK12,1,1
CALM3,HACD4,1,1
RP3-461F17.3,KCNAB2,1,1
RP3-461F17.3,PPP4R1L,1,1
PRMT6,CLCN6,1,1
PRMT6,PAIP1,1,1
PRMT6,PPP4R1L,1,1
PRMT6,RPL26L1,1,1
CLCN6,BRD8,1,1
CLCN6,CLN3,1,1
CLCN6,FBXO21,1,1
CLCN6,PPP4R1L,1,1
CLCN6,RPL26L1,1,1
LSM 7.00,CLN3,1,1
LSM 7.00,KCNAB2,1,1
LSM 7.00,MAPK12,1,1
LSM 7.00,PPP4R1L,1,1
LSM 7.00,RPL26L1,1,1
BRD8,PPP4R1L,1,1
BRD8,RPL26L1,1,1
BRD8,RWDD1,1,1
KCNAB2,CLN3,1,1
KCNAB2,MAPK12,1,1
KCNAB2,PPP4R1L,1,1
KCNAB2,SLC16A6,1,1
FAM96A,NIT2,1,1
FNBP1L,SLC16A6,1,1
RPL26L1,ATP6V0C,1,1
RPL26L1,CLN3,1,1
RPL26L1,PPP4R1L,1,1
CLCN2,CYBA,1,1
CLCN2,MAPK12,1,1
CLCN2,RNF217,1,1
PPP4R1L,CLN3,1,1
PPP4R1L,CYBA,1,1
PPP4R1L,RWDD1,1,1
HACD4,ATP6V0C,1,1
HACD4,ILKAP,1,1
HADHB,ROPN1B,1,1
PRCC,ROPN1B,1,1
ROPN1B,MED16,1,1
CLN3,MAPK12,1,1
ATP6V0C,ILKAP,1,1
ATP6V0C,RWDD1,1,1
ATP6V0C,TESK1,1,1
FAM214B,TESK1,1,1
VPS52,ZNF614,1,1
STRIP1,TESK1,1,1
